========================================
Job ID       : 55336729
Array Task   : 4 / 16
Node         : uri-cpu074
Start        : Thu Apr  9 05:22:31 AM UTC 2026
Python       : /home/skandagatla_umass_edu/.conda/envs/698ds/bin/python
========================================
Selected features (7): ['Vocal Register', 'Vocal Timbre Thin to Full', 'Vocal Breathiness', 'Vocal Smoothness', 'Vocal Grittiness', 'Vocal Nasality', 'Vocal Accompaniment']
Seed annotations loaded: 5200 tracks (will be skipped in full generation)
Node 4/16
Total unique tracks to generate: 47805
Shard [11952:14940] - 2988 tracks
0/2988 done
Failed for Bat For Lashes - Siren Song: Error code: 429 - {'error': {'message': 'Too Many Requests', 'type': 'too_many_requests', 'param': None, 'code': 'too_many_requests'}}
Failed for Thursday - War All The Time: Error code: 429 - {'error': {'message': 'Too Many Requests', 'type': 'too_many_requests', 'param': None, 'code': 'too_many_requests'}}
Failed for Cassius - Feeling For You: Error code: 429 - {'error': {'message': 'Too Many Requests', 'type': 'too_many_requests', 'param': None, 'code': 'too_many_requests'}}
Failed for Weezer - This Is Such A Pity: Error code: 429 - {'error': {'message': 'Too Many Requests', 'type': 'too_many_requests', 'param': None, 'code': 'too_many_requests'}}
Failed for The Killers - A Crippling Blow: Error code: 429 - {'error': {'message': 'Too Many Requests', 'type': 'too_many_requests', 'param': None, 'code': 'too_many_requests'}}
Failed for Porcupine Tree - Glass Arm Shattering: Error code: 429 - {'error': {'message': 'Too Many Requests', 'type': 'too_many_requests', 'param': None, 'code': 'too_many_requests'}}
Failed for Elbow - My Very Best: Error code: 429 - {'error': {'message': 'Too Many Requests', 'type': 'too_many_requests', 'param': None, 'code': 'too_many_requests'}}
Failed for Casiotone For The Painfully Alone - Scattered Pearls: Error code: 429 - {'error': {'message': 'Too Many Requests', 'type': 'too_many_requests', 'param': None, 'code': 'too_many_requests'}}
Failed for Stars - The Vanishing: Error code: 429 - {'error': {'message': 'Too Many Requests', 'type': 'too_many_requests', 'param': None, 'code': 'too_many_requests'}}
Failed for Orchestral Manoeuvres In The Dark - Bunker Soldiers: Error code: 429 - {'error': {'message': 'Too Many Requests', 'type': 'too_many_requests', 'param': None, 'code': 'too_many_requests'}}
Failed for Felix Da Housecat - Madame Hollywood: Error code: 429 - {'error': {'message': 'Too Many Requests', 'type': 'too_many_requests', 'param': None, 'code': 'too_many_requests'}}
Failed for The Pipettes - Sex: Error code: 429 - {'error': {'message': 'Too Many Requests', 'type': 'too_many_requests', 'param': None, 'code': 'too_many_requests'}}
Failed for Lil Wayne - Lollipop: Error code: 429 - {'error': {'message': 'Too Many Requests', 'type': 'too_many_requests', 'param': None, 'code': 'too_many_requests'}}
Failed for Pink Floyd - Julia Dream: Error code: 429 - {'error': {'message': 'Too Many Requests', 'type': 'too_many_requests', 'param': None, 'code': 'too_many_requests'}}
Failed for Bad Religion - American Jesus: Error code: 429 - {'error': {'message': 'Too Many Requests', 'type': 'too_many_requests', 'param': None, 'code': 'too_many_requests'}}
Failed for Lucky Soul - Lips Are Unhappy: Error code: 429 - {'error': {'message': 'Too Many Requests', 'type': 'too_many_requests', 'param': None, 'code': 'too_many_requests'}}
Failed for Sébastien Tellier - Divine: Error code: 429 - {'error': {'message': 'Too Many Requests', 'type': 'too_many_requests', 'param': None, 'code': 'too_many_requests'}}
Failed for Rilo Kiley - Wires And Waves: Error code: 429 - {'error': {'message': 'Too Many Requests', 'type': 'too_many_requests', 'param': None, 'code': 'too_many_requests'}}
Failed for Rilo Kiley - The Angels Hung Around: Error code: 429 - {'error': {'message': 'Too Many Requests', 'type': 'too_many_requests', 'param': None, 'code': 'too_many_requests'}}
Failed for Twisted Sister - We'Re Not Gonna Take It: Error code: 429 - {'error': {'message': 'Too Many Requests', 'type': 'too_many_requests', 'param': None, 'code': 'too_many_requests'}}
Failed for Conjure One - Pandora: Error code: 429 - {'error': {'message': 'Too Many Requests', 'type': 'too_many_requests', 'param': None, 'code': 'too_many_requests'}}
Failed for Silverchair - Miss You Love: Error code: 429 - {'error': {'message': 'Too Many Requests', 'type': 'too_many_requests', 'param': None, 'code': 'too_many_requests'}}
Failed for Emilie Autumn - Shalott: Error code: 429 - {'error': {'message': 'Too Many Requests', 'type': 'too_many_requests', 'param': None, 'code': 'too_many_requests'}}
Failed for Katatonia - Clean Today: Error code: 429 - {'error': {'message': 'Too Many Requests', 'type': 'too_many_requests', 'param': None, 'code': 'too_many_requests'}}
Failed for The 69 Eyes - Wasting The Dawn: Error code: 429 - {'error': {'message': 'Too Many Requests', 'type': 'too_many_requests', 'param': None, 'code': 'too_many_requests'}}
Failed for Arch Enemy - Carry The Cross: Error code: 429 - {'error': {'message': 'Too Many Requests', 'type': 'too_many_requests', 'param': None, 'code': 'too_many_requests'}}
Failed for Pixies - Trompe Le Monde: Error code: 429 - {'error': {'message': 'Too Many Requests', 'type': 'too_many_requests', 'param': None, 'code': 'too_many_requests'}}
Failed for The Who - Boris The Spider: Error code: 429 - {'error': {'message': 'Too Many Requests', 'type': 'too_many_requests', 'param': None, 'code': 'too_many_requests'}}
Failed for Bang Gang - Something Wrong: Error code: 429 - {'error': {'message': 'Too Many Requests', 'type': 'too_many_requests', 'param': None, 'code': 'too_many_requests'}}
Failed for Clark - Frau Wav: Error code: 429 - {'error': {'message': 'Too Many Requests', 'type': 'too_many_requests', 'param': None, 'code': 'too_many_requests'}}
Failed for Dead Kennedys - Stealing People'S Mail: Error code: 429 - {'error': {'message': 'Too Many Requests', 'type': 'too_many_requests', 'param': None, 'code': 'too_many_requests'}}
Failed for Fall Out Boy - Get Busy Living Or Get Busy Dying (Do Your Part To Save The Scene And Stop Going To Shows): Error code: 429 - {'error': {'message': 'Too Many Requests', 'type': 'too_many_requests', 'param': None, 'code': 'too_many_requests'}}
Failed for Metric - Twilight Galaxy: Error code: 429 - {'error': {'message': 'Too Many Requests', 'type': 'too_many_requests', 'param': None, 'code': 'too_many_requests'}}
Failed for Backyard Babies - Say When: Error code: 429 - {'error': {'message': 'Too Many Requests', 'type': 'too_many_requests', 'param': None, 'code': 'too_many_requests'}}
Failed for Thursday - This Song Brought To You By A Falling Bomb: Error code: 429 - {'error': {'message': 'Too Many Requests', 'type': 'too_many_requests', 'param': None, 'code': 'too_many_requests'}}
Failed for Elliott Smith - Because: Error code: 429 - {'error': {'message': 'Too Many Requests', 'type': 'too_many_requests', 'param': None, 'code': 'too_many_requests'}}
Failed for The Fiery Furnaces - Blueberry Boat: Error code: 429 - {'error': {'message': 'Too Many Requests', 'type': 'too_many_requests', 'param': None, 'code': 'too_many_requests'}}
Failed for Dark Tranquillity - Final Resistance: Error code: 429 - {'error': {'message': 'Too Many Requests', 'type': 'too_many_requests', 'param': None, 'code': 'too_many_requests'}}
Failed for Metric - Gold Guns Girls: Error code: 429 - {'error': {'message': 'Too Many Requests', 'type': 'too_many_requests', 'param': None, 'code': 'too_many_requests'}}
Failed for Penguin Cafe Orchestra - Music For A Found Harmonium: Error code: 429 - {'error': {'message': 'Too Many Requests', 'type': 'too_many_requests', 'param': None, 'code': 'too_many_requests'}}
Failed for Jack Johnson - Mediocre Bad Guys: Error code: 429 - {'error': {'message': 'Too Many Requests', 'type': 'too_many_requests', 'param': None, 'code': 'too_many_requests'}}
Failed for Holy Fuck - Safari: Error code: 429 - {'error': {'message': 'Too Many Requests', 'type': 'too_many_requests', 'param': None, 'code': 'too_many_requests'}}
Failed for The Mountain Goats - The Best Ever Death Metal Band In Denton: Error code: 429 - {'error': {'message': 'Too Many Requests', 'type': 'too_many_requests', 'param': None, 'code': 'too_many_requests'}}
Failed for Animal Collective - College: Error code: 429 - {'error': {'message': 'Too Many Requests', 'type': 'too_many_requests', 'param': None, 'code': 'too_many_requests'}}
Failed for The Knife - Hannah'S Conscious: Error code: 429 - {'error': {'message': 'Too Many Requests', 'type': 'too_many_requests', 'param': None, 'code': 'too_many_requests'}}
Failed for Sons And Daughters - Taste The Last Girl: Error code: 429 - {'error': {'message': 'Too Many Requests', 'type': 'too_many_requests', 'param': None, 'code': 'too_many_requests'}}
Failed for The Academy Is... - Down And Out: Error code: 429 - {'error': {'message': 'Too Many Requests', 'type': 'too_many_requests', 'param': None, 'code': 'too_many_requests'}}
Failed for Frente! - Bizarre Love Triangle: Error code: 429 - {'error': {'message': 'Too Many Requests', 'type': 'too_many_requests', 'param': None, 'code': 'too_many_requests'}}
Failed for David Bowie - Absolute Beginners: Error code: 429 - {'error': {'message': 'Too Many Requests', 'type': 'too_many_requests', 'param': None, 'code': 'too_many_requests'}}
Failed for Within Temptation - What Have You Done (Feat. Keith Caputo): Error code: 429 - {'error': {'message': 'Too Many Requests', 'type': 'too_many_requests', 'param': None, 'code': 'too_many_requests'}}
Failed for Madonna - Drowned World/Substitute For Love: Error code: 429 - {'error': {'message': 'Too Many Requests', 'type': 'too_many_requests', 'param': None, 'code': 'too_many_requests'}}
Failed for Within Temptation - The Truth Beneath The Rose: Error code: 429 - {'error': {'message': 'Too Many Requests', 'type': 'too_many_requests', 'param': None, 'code': 'too_many_requests'}}
Failed for The Hold Steady - Massive Nights: Error code: 429 - {'error': {'message': 'Too Many Requests', 'type': 'too_many_requests', 'param': None, 'code': 'too_many_requests'}}
Failed for Apocalyptica - Life Burns!: Error code: 429 - {'error': {'message': 'Too Many Requests', 'type': 'too_many_requests', 'param': None, 'code': 'too_many_requests'}}
Failed for Paradise Lost - Praise Lamented Shade: Error code: 429 - {'error': {'message': 'Too Many Requests', 'type': 'too_many_requests', 'param': None, 'code': 'too_many_requests'}}
Failed for Bombay Bicycle Club - The Hill: Error code: 429 - {'error': {'message': 'Too Many Requests', 'type': 'too_many_requests', 'param': None, 'code': 'too_many_requests'}}
Failed for Clinic - The Second Line: Error code: 429 - {'error': {'message': 'Too Many Requests', 'type': 'too_many_requests', 'param': None, 'code': 'too_many_requests'}}
Failed for Ambulance Ltd - Stay Tuned: Error code: 429 - {'error': {'message': 'Too Many Requests', 'type': 'too_many_requests', 'param': None, 'code': 'too_many_requests'}}
Failed for Poisonblack - Exciter: Error code: 429 - {'error': {'message': 'Too Many Requests', 'type': 'too_many_requests', 'param': None, 'code': 'too_many_requests'}}
Failed for The Breeders - Do You Love Me Now?: Error code: 429 - {'error': {'message': 'Too Many Requests', 'type': 'too_many_requests', 'param': None, 'code': 'too_many_requests'}}
Failed for Cut Copy - Eternity One Night Only: Error code: 429 - {'error': {'message': 'Too Many Requests', 'type': 'too_many_requests', 'param': None, 'code': 'too_many_requests'}}
Failed for Razorlight - Don'T Go Back To Dalston: Error code: 429 - {'error': {'message': 'Too Many Requests', 'type': 'too_many_requests', 'param': None, 'code': 'too_many_requests'}}
Failed for Stereolab - Cybele'S Reverie: Error code: 429 - {'error': {'message': 'Too Many Requests', 'type': 'too_many_requests', 'param': None, 'code': 'too_many_requests'}}
Failed for Morcheeba - People Carrier: Error code: 429 - {'error': {'message': 'Too Many Requests', 'type': 'too_many_requests', 'param': None, 'code': 'too_many_requests'}}
Failed for Idlewild - When I Argue I See Shapes: Error code: 429 - {'error': {'message': 'Too Many Requests', 'type': 'too_many_requests', 'param': None, 'code': 'too_many_requests'}}
Failed for Sneaker Pimps - Roll On: Error code: 429 - {'error': {'message': 'Too Many Requests', 'type': 'too_many_requests', 'param': None, 'code': 'too_many_requests'}}
Failed for Calvin Harris - Colours: Error code: 429 - {'error': {'message': 'Too Many Requests', 'type': 'too_many_requests', 'param': None, 'code': 'too_many_requests'}}
Failed for Wilco - Nothing'Severgonnastandinmyway(Again): Error code: 429 - {'error': {'message': 'Too Many Requests', 'type': 'too_many_requests', 'param': None, 'code': 'too_many_requests'}}
Failed for Poets Of The Fall - Sorry Go 'Round: Error code: 429 - {'error': {'message': 'Too Many Requests', 'type': 'too_many_requests', 'param': None, 'code': 'too_many_requests'}}
Failed for Ben Folds - Carrying Cathy: Error code: 429 - {'error': {'message': 'Too Many Requests', 'type': 'too_many_requests', 'param': None, 'code': 'too_many_requests'}}
Failed for Sugababes - Denial: Error code: 429 - {'error': {'message': 'Too Many Requests', 'type': 'too_many_requests', 'param': None, 'code': 'too_many_requests'}}
Failed for Lifehouse - Blind: Error code: 429 - {'error': {'message': 'Too Many Requests', 'type': 'too_many_requests', 'param': None, 'code': 'too_many_requests'}}
Failed for The Velvet Underground - I Found A Reason: Error code: 429 - {'error': {'message': 'Too Many Requests', 'type': 'too_many_requests', 'param': None, 'code': 'too_many_requests'}}
Failed for Martha And The Muffins - Echo Beach: Error code: 429 - {'error': {'message': 'Too Many Requests', 'type': 'too_many_requests', 'param': None, 'code': 'too_many_requests'}}
Failed for The Prodigy - Full Throttle: Error code: 429 - {'error': {'message': 'Too Many Requests', 'type': 'too_many_requests', 'param': None, 'code': 'too_many_requests'}}
Failed for Rancid - Ruby Soho: Error code: 429 - {'error': {'message': 'Too Many Requests', 'type': 'too_many_requests', 'param': None, 'code': 'too_many_requests'}}
Failed for Devendra Banhart - A Ribbon: Error code: 429 - {'error': {'message': 'Too Many Requests', 'type': 'too_many_requests', 'param': None, 'code': 'too_many_requests'}}
Failed for The Smashing Pumpkins - Shame: Error code: 429 - {'error': {'message': 'Too Many Requests', 'type': 'too_many_requests', 'param': None, 'code': 'too_many_requests'}}
Failed for Poets Of The Fall - Fire: Error code: 429 - {'error': {'message': 'Too Many Requests', 'type': 'too_many_requests', 'param': None, 'code': 'too_many_requests'}}
Failed for U2 - Who'S Gonna Ride Your Wild Horses: Error code: 429 - {'error': {'message': 'Too Many Requests', 'type': 'too_many_requests', 'param': None, 'code': 'too_many_requests'}}
Failed for M83 - Let Men Burn Stars: Error code: 429 - {'error': {'message': 'Too Many Requests', 'type': 'too_many_requests', 'param': None, 'code': 'too_many_requests'}}
100/2988 done
Failed for Billie Holiday - Strange Fruit: Error code: 429 - {'error': {'message': 'Too Many Requests', 'type': 'too_many_requests', 'param': None, 'code': 'too_many_requests'}}
Failed for Alkaline Trio - Blue In The Face: Error code: 429 - {'error': {'message': 'Too Many Requests', 'type': 'too_many_requests', 'param': None, 'code': 'too_many_requests'}}
Failed for Beach House - Lovelier Girl: Error code: 429 - {'error': {'message': 'Too Many Requests', 'type': 'too_many_requests', 'param': None, 'code': 'too_many_requests'}}
Failed for Dredg - Planting Seeds: Error code: 429 - {'error': {'message': 'Too Many Requests', 'type': 'too_many_requests', 'param': None, 'code': 'too_many_requests'}}
Failed for Slowdive - Rutti: Error code: 429 - {'error': {'message': 'Too Many Requests', 'type': 'too_many_requests', 'param': None, 'code': 'too_many_requests'}}
Failed for Étienne Daho - Epaule Tatoo: Error code: 429 - {'error': {'message': 'Too Many Requests', 'type': 'too_many_requests', 'param': None, 'code': 'too_many_requests'}}
Failed for Good Charlotte - Dance Floor Anthem: Error code: 429 - {'error': {'message': 'Too Many Requests', 'type': 'too_many_requests', 'param': None, 'code': 'too_many_requests'}}
Failed for The Cure - From The Edge Of The Deep Green Sea: Error code: 429 - {'error': {'message': 'Too Many Requests', 'type': 'too_many_requests', 'param': None, 'code': 'too_many_requests'}}
Failed for Ladytron - Kletva: Error code: 429 - {'error': {'message': 'Too Many Requests', 'type': 'too_many_requests', 'param': None, 'code': 'too_many_requests'}}
Failed for Ladytron - Cska Sofia: Error code: 429 - {'error': {'message': 'Too Many Requests', 'type': 'too_many_requests', 'param': None, 'code': 'too_many_requests'}}
Failed for Moby - Fireworks: Error code: 429 - {'error': {'message': 'Too Many Requests', 'type': 'too_many_requests', 'param': None, 'code': 'too_many_requests'}}
Failed for Willie Nelson - He Was A Friend Of Mine: Error code: 429 - {'error': {'message': 'Too Many Requests', 'type': 'too_many_requests', 'param': None, 'code': 'too_many_requests'}}
Failed for Al Green - How Can You Mend A Broken Heart: Error code: 429 - {'error': {'message': 'Too Many Requests', 'type': 'too_many_requests', 'param': None, 'code': 'too_many_requests'}}
Failed for New York Dolls - Personality Crisis: Error code: 429 - {'error': {'message': 'Too Many Requests', 'type': 'too_many_requests', 'param': None, 'code': 'too_many_requests'}}
Failed for My Bloody Valentine - No More Sorry: Error code: 429 - {'error': {'message': 'Too Many Requests', 'type': 'too_many_requests', 'param': None, 'code': 'too_many_requests'}}
Failed for The Gathering - A Noise Severe: Error code: 429 - {'error': {'message': 'Too Many Requests', 'type': 'too_many_requests', 'param': None, 'code': 'too_many_requests'}}
Failed for Finntroll - Slaget Vid Blodsälv: Error code: 429 - {'error': {'message': 'Too Many Requests', 'type': 'too_many_requests', 'param': None, 'code': 'too_many_requests'}}
Failed for Guns N' Roses - Raw Power: Error code: 429 - {'error': {'message': 'Too Many Requests', 'type': 'too_many_requests', 'param': None, 'code': 'too_many_requests'}}
Failed for Alan Braxe & Fred Falke - Rubicon: Error code: 429 - {'error': {'message': 'Too Many Requests', 'type': 'too_many_requests', 'param': None, 'code': 'too_many_requests'}}
Failed for Jamie T - Operation: Error code: 429 - {'error': {'message': 'Too Many Requests', 'type': 'too_many_requests', 'param': None, 'code': 'too_many_requests'}}
Failed for Guns N' Roses - Locomotive: Error code: 429 - {'error': {'message': 'Too Many Requests', 'type': 'too_many_requests', 'param': None, 'code': 'too_many_requests'}}
Failed for Thievery Corporation - The Richest Man In Babylon: Error code: 429 - {'error': {'message': 'Too Many Requests', 'type': 'too_many_requests', 'param': None, 'code': 'too_many_requests'}}
Failed for Thievery Corporation - Treasures: Error code: 429 - {'error': {'message': 'Too Many Requests', 'type': 'too_many_requests', 'param': None, 'code': 'too_many_requests'}}
Failed for Gotan Project - Mi Confesión: Error code: 429 - {'error': {'message': 'Too Many Requests', 'type': 'too_many_requests', 'param': None, 'code': 'too_many_requests'}}
Failed for Minor Threat - Bottled Violence: Error code: 429 - {'error': {'message': 'Too Many Requests', 'type': 'too_many_requests', 'param': None, 'code': 'too_many_requests'}}
Failed for Those Dancing Days - Hitten: Error code: 429 - {'error': {'message': 'Too Many Requests', 'type': 'too_many_requests', 'param': None, 'code': 'too_many_requests'}}
Failed for Elvis Costello - Pump It Up: Error code: 429 - {'error': {'message': 'Too Many Requests', 'type': 'too_many_requests', 'param': None, 'code': 'too_many_requests'}}
Failed for Mando Diao - The Wildfire: Error code: 429 - {'error': {'message': 'Too Many Requests', 'type': 'too_many_requests', 'param': None, 'code': 'too_many_requests'}}
Failed for The Whitest Boy Alive - Courage: Error code: 429 - {'error': {'message': 'Too Many Requests', 'type': 'too_many_requests', 'param': None, 'code': 'too_many_requests'}}
Failed for Britney Spears - Let Me Be: Error code: 429 - {'error': {'message': 'Too Many Requests', 'type': 'too_many_requests', 'param': None, 'code': 'too_many_requests'}}
Failed for Jim Sturgess - Girl: Error code: 429 - {'error': {'message': 'Too Many Requests', 'type': 'too_many_requests', 'param': None, 'code': 'too_many_requests'}}
Failed for Digitalism - Echoes: Error code: 429 - {'error': {'message': 'Too Many Requests', 'type': 'too_many_requests', 'param': None, 'code': 'too_many_requests'}}
Failed for Digitalism - Home Zone: Error code: 429 - {'error': {'message': 'Too Many Requests', 'type': 'too_many_requests', 'param': None, 'code': 'too_many_requests'}}
Failed for Ensiferum - Mourning Heart (Interlude): Error code: 429 - {'error': {'message': 'Too Many Requests', 'type': 'too_many_requests', 'param': None, 'code': 'too_many_requests'}}
Failed for Ensiferum - Tears: Error code: 429 - {'error': {'message': 'Too Many Requests', 'type': 'too_many_requests', 'param': None, 'code': 'too_many_requests'}}
Failed for Charlotte Gainsbourg - Jamais: Error code: 429 - {'error': {'message': 'Too Many Requests', 'type': 'too_many_requests', 'param': None, 'code': 'too_many_requests'}}
Failed for Devendra Banhart - The Beatles: Error code: 429 - {'error': {'message': 'Too Many Requests', 'type': 'too_many_requests', 'param': None, 'code': 'too_many_requests'}}
Failed for Ramones - 53Rd And 3Rd: Error code: 429 - {'error': {'message': 'Too Many Requests', 'type': 'too_many_requests', 'param': None, 'code': 'too_many_requests'}}
Failed for Arctic Monkeys - Choo Choo: Error code: 429 - {'error': {'message': 'Too Many Requests', 'type': 'too_many_requests', 'param': None, 'code': 'too_many_requests'}}
Failed for The Prodigy - Memphis Bells: Error code: 429 - {'error': {'message': 'Too Many Requests', 'type': 'too_many_requests', 'param': None, 'code': 'too_many_requests'}}
Failed for Lily Allen - Nan You'Re A Window Shopper: Error code: 429 - {'error': {'message': 'Too Many Requests', 'type': 'too_many_requests', 'param': None, 'code': 'too_many_requests'}}
Failed for Iron Maiden - Ghost Of The Navigator: Error code: 429 - {'error': {'message': 'Too Many Requests', 'type': 'too_many_requests', 'param': None, 'code': 'too_many_requests'}}
Failed for Augustana - Sunday Best: Error code: 429 - {'error': {'message': 'Too Many Requests', 'type': 'too_many_requests', 'param': None, 'code': 'too_many_requests'}}
Failed for David Guetta - Love Is Gone (Radio Mix): Error code: 429 - {'error': {'message': 'Too Many Requests', 'type': 'too_many_requests', 'param': None, 'code': 'too_many_requests'}}
Failed for Ac/Dc - Touch Too Much: Error code: 429 - {'error': {'message': 'Too Many Requests', 'type': 'too_many_requests', 'param': None, 'code': 'too_many_requests'}}
Failed for Mazzy Star - So Tonight That I Might See: Error code: 429 - {'error': {'message': 'Too Many Requests', 'type': 'too_many_requests', 'param': None, 'code': 'too_many_requests'}}
Failed for Katie Melua - Just Like Heaven: Error code: 429 - {'error': {'message': 'Too Many Requests', 'type': 'too_many_requests', 'param': None, 'code': 'too_many_requests'}}
Failed for Rage Against The Machine - In My Eyes: Error code: 429 - {'error': {'message': 'Too Many Requests', 'type': 'too_many_requests', 'param': None, 'code': 'too_many_requests'}}
Failed for Rage Against The Machine - I'M Housin': Error code: 429 - {'error': {'message': 'Too Many Requests', 'type': 'too_many_requests', 'param': None, 'code': 'too_many_requests'}}
Failed for Suicide - Cheree: Error code: 429 - {'error': {'message': 'Too Many Requests', 'type': 'too_many_requests', 'param': None, 'code': 'too_many_requests'}}
Failed for Katie Melua - Piece By Piece: Error code: 429 - {'error': {'message': 'Too Many Requests', 'type': 'too_many_requests', 'param': None, 'code': 'too_many_requests'}}
Failed for Skinny Puppy - Assimilate: Error code: 429 - {'error': {'message': 'Too Many Requests', 'type': 'too_many_requests', 'param': None, 'code': 'too_many_requests'}}
Failed for Skid Row - Get The Fuck Out: Error code: 429 - {'error': {'message': 'Too Many Requests', 'type': 'too_many_requests', 'param': None, 'code': 'too_many_requests'}}
Failed for Moby - Temptation: Error code: 429 - {'error': {'message': 'Too Many Requests', 'type': 'too_many_requests', 'param': None, 'code': 'too_many_requests'}}
Failed for Duran Duran - Secret Oktober: Error code: 429 - {'error': {'message': 'Too Many Requests', 'type': 'too_many_requests', 'param': None, 'code': 'too_many_requests'}}
Failed for Delays - Long Time Coming: Error code: 429 - {'error': {'message': 'Too Many Requests', 'type': 'too_many_requests', 'param': None, 'code': 'too_many_requests'}}
Failed for Maroon 5 - If I Never See Your Face Again (Feat. Rihanna): Error code: 429 - {'error': {'message': 'Too Many Requests', 'type': 'too_many_requests', 'param': None, 'code': 'too_many_requests'}}
Failed for Nick Lachey - What'S Left Of Me: Error code: 429 - {'error': {'message': 'Too Many Requests', 'type': 'too_many_requests', 'param': None, 'code': 'too_many_requests'}}
Failed for Korn - Somebody Someone: Error code: 429 - {'error': {'message': 'Too Many Requests', 'type': 'too_many_requests', 'param': None, 'code': 'too_many_requests'}}
Failed for In Flames - Our Infinite Struggle: Error code: 429 - {'error': {'message': 'Too Many Requests', 'type': 'too_many_requests', 'param': None, 'code': 'too_many_requests'}}
Failed for Augustana - Lonely People: Error code: 429 - {'error': {'message': 'Too Many Requests', 'type': 'too_many_requests', 'param': None, 'code': 'too_many_requests'}}
Failed for The Cure - Siamese Twins: Error code: 429 - {'error': {'message': 'Too Many Requests', 'type': 'too_many_requests', 'param': None, 'code': 'too_many_requests'}}
Failed for Rammstein - Eifersucht: Error code: 429 - {'error': {'message': 'Too Many Requests', 'type': 'too_many_requests', 'param': None, 'code': 'too_many_requests'}}
Failed for Can - Vitamin C: Error code: 429 - {'error': {'message': 'Too Many Requests', 'type': 'too_many_requests', 'param': None, 'code': 'too_many_requests'}}
Failed for Air - Casanova 70: Error code: 429 - {'error': {'message': 'Too Many Requests', 'type': 'too_many_requests', 'param': None, 'code': 'too_many_requests'}}
Failed for Rachael Yamagata - I'Ll Find A Way: Error code: 429 - {'error': {'message': 'Too Many Requests', 'type': 'too_many_requests', 'param': None, 'code': 'too_many_requests'}}
Failed for Rush - Something For Nothing: Error code: 429 - {'error': {'message': 'Too Many Requests', 'type': 'too_many_requests', 'param': None, 'code': 'too_many_requests'}}
Failed for The Who - Overture: Error code: 429 - {'error': {'message': 'Too Many Requests', 'type': 'too_many_requests', 'param': None, 'code': 'too_many_requests'}}
Failed for Velvet Revolver - Let It Roll: Error code: 429 - {'error': {'message': 'Too Many Requests', 'type': 'too_many_requests', 'param': None, 'code': 'too_many_requests'}}
Failed for Neutral Milk Hotel - Marching Theme: Error code: 429 - {'error': {'message': 'Too Many Requests', 'type': 'too_many_requests', 'param': None, 'code': 'too_many_requests'}}
Failed for Bloodhound Gang - Foxtrot Uniform Charlie Kilo: Error code: 429 - {'error': {'message': 'Too Many Requests', 'type': 'too_many_requests', 'param': None, 'code': 'too_many_requests'}}
Failed for Architecture In Helsinki - Rendezvous: Potrero Hill: Error code: 429 - {'error': {'message': 'Too Many Requests', 'type': 'too_many_requests', 'param': None, 'code': 'too_many_requests'}}
Failed for Mamonas Assassinas - Pelados Em Santos: Error code: 429 - {'error': {'message': 'Too Many Requests', 'type': 'too_many_requests', 'param': None, 'code': 'too_many_requests'}}
Failed for Bloodhound Gang - Mope: Error code: 429 - {'error': {'message': 'Too Many Requests', 'type': 'too_many_requests', 'param': None, 'code': 'too_many_requests'}}
Failed for Amorphis - Enigma: Error code: 429 - {'error': {'message': 'Too Many Requests', 'type': 'too_many_requests', 'param': None, 'code': 'too_many_requests'}}
Failed for The Brian Jonestown Massacre - Anenome: Error code: 429 - {'error': {'message': 'Too Many Requests', 'type': 'too_many_requests', 'param': None, 'code': 'too_many_requests'}}
Failed for The Futureheads - Back To The Sea: Error code: 429 - {'error': {'message': 'Too Many Requests', 'type': 'too_many_requests', 'param': None, 'code': 'too_many_requests'}}
Failed for Taking Back Sunday - Cute Without The 'E' (Cut From The Team): Error code: 429 - {'error': {'message': 'Too Many Requests', 'type': 'too_many_requests', 'param': None, 'code': 'too_many_requests'}}
Failed for The Futureheads - He Knows: Error code: 429 - {'error': {'message': 'Too Many Requests', 'type': 'too_many_requests', 'param': None, 'code': 'too_many_requests'}}
Failed for Modest Mouse - Custom Concern: Error code: 429 - {'error': {'message': 'Too Many Requests', 'type': 'too_many_requests', 'param': None, 'code': 'too_many_requests'}}
Failed for I Love You But I'Ve Chosen Darkness - Last Ride Together: Error code: 429 - {'error': {'message': 'Too Many Requests', 'type': 'too_many_requests', 'param': None, 'code': 'too_many_requests'}}
Failed for Manic Street Preachers - Kevin Carter: Error code: 429 - {'error': {'message': 'Too Many Requests', 'type': 'too_many_requests', 'param': None, 'code': 'too_many_requests'}}
Failed for Múm - Will The Summer Make Good For All Of Our Sins?: Error code: 429 - {'error': {'message': 'Too Many Requests', 'type': 'too_many_requests', 'param': None, 'code': 'too_many_requests'}}
Failed for The Police - The Bed'S Too Big Without You: Error code: 429 - {'error': {'message': 'Too Many Requests', 'type': 'too_many_requests', 'param': None, 'code': 'too_many_requests'}}
Failed for Manic Street Preachers - Tsunami: Error code: 429 - {'error': {'message': 'Too Many Requests', 'type': 'too_many_requests', 'param': None, 'code': 'too_many_requests'}}
Failed for Aphex Twin - Gwely Mernans: Error code: 429 - {'error': {'message': 'Too Many Requests', 'type': 'too_many_requests', 'param': None, 'code': 'too_many_requests'}}
Failed for Death Cab For Cutie - Fake Frowns: Error code: 429 - {'error': {'message': 'Too Many Requests', 'type': 'too_many_requests', 'param': None, 'code': 'too_many_requests'}}
Failed for Ben Folds - Not The Same: Error code: 429 - {'error': {'message': 'Too Many Requests', 'type': 'too_many_requests', 'param': None, 'code': 'too_many_requests'}}
Failed for Elbow - Red: Error code: 429 - {'error': {'message': 'Too Many Requests', 'type': 'too_many_requests', 'param': None, 'code': 'too_many_requests'}}
Failed for Elbow - Not A Job: Error code: 429 - {'error': {'message': 'Too Many Requests', 'type': 'too_many_requests', 'param': None, 'code': 'too_many_requests'}}
Failed for Broadcast - Bit 35: Error code: 429 - {'error': {'message': 'Too Many Requests', 'type': 'too_many_requests', 'param': None, 'code': 'too_many_requests'}}
Failed for Kevin Shields - Goodbye: Error code: 429 - {'error': {'message': 'Too Many Requests', 'type': 'too_many_requests', 'param': None, 'code': 'too_many_requests'}}
Failed for Björk - Harm Of Will: Error code: 429 - {'error': {'message': 'Too Many Requests', 'type': 'too_many_requests', 'param': None, 'code': 'too_many_requests'}}
Failed for Sex Pistols - Submission: Error code: 429 - {'error': {'message': 'Too Many Requests', 'type': 'too_many_requests', 'param': None, 'code': 'too_many_requests'}}
Failed for Dark Tranquillity - Focus Shift: Error code: 429 - {'error': {'message': 'Too Many Requests', 'type': 'too_many_requests', 'param': None, 'code': 'too_many_requests'}}
200/2988 done
Failed for Stam1Na - Koe Murha!: Error code: 429 - {'error': {'message': 'Too Many Requests', 'type': 'too_many_requests', 'param': None, 'code': 'too_many_requests'}}
Failed for Minus The Bear - Hooray: Error code: 429 - {'error': {'message': 'Too Many Requests', 'type': 'too_many_requests', 'param': None, 'code': 'too_many_requests'}}
Failed for Caribou - Drumheller: Error code: 429 - {'error': {'message': 'Too Many Requests', 'type': 'too_many_requests', 'param': None, 'code': 'too_many_requests'}}
Failed for God Module - Foreseen: Error code: 429 - {'error': {'message': 'Too Many Requests', 'type': 'too_many_requests', 'param': None, 'code': 'too_many_requests'}}
Failed for Death Cab For Cutie - All Is Full Of Love: Error code: 429 - {'error': {'message': 'Too Many Requests', 'type': 'too_many_requests', 'param': None, 'code': 'too_many_requests'}}
Failed for Elastica - Waking Up: Error code: 429 - {'error': {'message': 'Too Many Requests', 'type': 'too_many_requests', 'param': None, 'code': 'too_many_requests'}}
Failed for Christina Aguilera - Slow Down Baby: Error code: 429 - {'error': {'message': 'Too Many Requests', 'type': 'too_many_requests', 'param': None, 'code': 'too_many_requests'}}
Failed for The Dø - On My Shoulders: Error code: 429 - {'error': {'message': 'Too Many Requests', 'type': 'too_many_requests', 'param': None, 'code': 'too_many_requests'}}
Failed for Death - Crystal Mountain: Error code: 429 - {'error': {'message': 'Too Many Requests', 'type': 'too_many_requests', 'param': None, 'code': 'too_many_requests'}}
Failed for Clark - Roulette Thrift Run: Error code: 429 - {'error': {'message': 'Too Many Requests', 'type': 'too_many_requests', 'param': None, 'code': 'too_many_requests'}}
Failed for Phoenix - Honeymoon: Error code: 429 - {'error': {'message': 'Too Many Requests', 'type': 'too_many_requests', 'param': None, 'code': 'too_many_requests'}}
Failed for Queensrÿche - Speak: Error code: 429 - {'error': {'message': 'Too Many Requests', 'type': 'too_many_requests', 'param': None, 'code': 'too_many_requests'}}
Failed for The Waterboys - The Whole Of The Moon: Error code: 429 - {'error': {'message': 'Too Many Requests', 'type': 'too_many_requests', 'param': None, 'code': 'too_many_requests'}}
Failed for Iggy Pop - China Girl: Error code: 429 - {'error': {'message': 'Too Many Requests', 'type': 'too_many_requests', 'param': None, 'code': 'too_many_requests'}}
Failed for Blonde Redhead - For The Damaged: Error code: 429 - {'error': {'message': 'Too Many Requests', 'type': 'too_many_requests', 'param': None, 'code': 'too_many_requests'}}
Failed for Apocalyptica - Kaamos: Error code: 429 - {'error': {'message': 'Too Many Requests', 'type': 'too_many_requests', 'param': None, 'code': 'too_many_requests'}}
Failed for Tilly And The Wall - You And I Misbehaving: Error code: 429 - {'error': {'message': 'Too Many Requests', 'type': 'too_many_requests', 'param': None, 'code': 'too_many_requests'}}
Failed for The Hives - Hey Little World: Error code: 429 - {'error': {'message': 'Too Many Requests', 'type': 'too_many_requests', 'param': None, 'code': 'too_many_requests'}}
Failed for The Gathering - Nighttime Birds: Error code: 429 - {'error': {'message': 'Too Many Requests', 'type': 'too_many_requests', 'param': None, 'code': 'too_many_requests'}}
Failed for Beatsteaks - I Don'T Care As Long As You Sing: Error code: 429 - {'error': {'message': 'Too Many Requests', 'type': 'too_many_requests', 'param': None, 'code': 'too_many_requests'}}
Failed for The Cranberries - No Need To Argue: Error code: 429 - {'error': {'message': 'Too Many Requests', 'type': 'too_many_requests', 'param': None, 'code': 'too_many_requests'}}
Failed for R.E.M. - Houston: Error code: 429 - {'error': {'message': 'Too Many Requests', 'type': 'too_many_requests', 'param': None, 'code': 'too_many_requests'}}
Failed for Red Hot Chili Peppers - Sir Psycho Sexy: Error code: 429 - {'error': {'message': 'Too Many Requests', 'type': 'too_many_requests', 'param': None, 'code': 'too_many_requests'}}
Failed for Yeah Yeah Yeahs - Yeah! New York: Error code: 429 - {'error': {'message': 'Too Many Requests', 'type': 'too_many_requests', 'param': None, 'code': 'too_many_requests'}}
Failed for Red House Painters - Michael: Error code: 429 - {'error': {'message': 'Too Many Requests', 'type': 'too_many_requests', 'param': None, 'code': 'too_many_requests'}}
Failed for Oasis - Sunday Morning Call: Error code: 429 - {'error': {'message': 'Too Many Requests', 'type': 'too_many_requests', 'param': None, 'code': 'too_many_requests'}}
Failed for Joan As Police Woman - I Defy: Error code: 429 - {'error': {'message': 'Too Many Requests', 'type': 'too_many_requests', 'param': None, 'code': 'too_many_requests'}}
Failed for Opeth - The Baying Of The Hounds: Error code: 429 - {'error': {'message': 'Too Many Requests', 'type': 'too_many_requests', 'param': None, 'code': 'too_many_requests'}}
Failed for Killswitch Engage - World Ablaze: Error code: 429 - {'error': {'message': 'Too Many Requests', 'type': 'too_many_requests', 'param': None, 'code': 'too_many_requests'}}
Failed for Death Cab For Cutie - Sleep Spent: Error code: 429 - {'error': {'message': 'Too Many Requests', 'type': 'too_many_requests', 'param': None, 'code': 'too_many_requests'}}
Failed for Real Life - Openhearted: Error code: 429 - {'error': {'message': 'Too Many Requests', 'type': 'too_many_requests', 'param': None, 'code': 'too_many_requests'}}
Failed for Nine Inch Nails - Adrift And At Peace: Error code: 429 - {'error': {'message': 'Too Many Requests', 'type': 'too_many_requests', 'param': None, 'code': 'too_many_requests'}}
Failed for Adam Green - Crackhouse Blues: Error code: 429 - {'error': {'message': 'Too Many Requests', 'type': 'too_many_requests', 'param': None, 'code': 'too_many_requests'}}
Failed for Télépopmusik - Yesterday Was A Lie: Error code: 429 - {'error': {'message': 'Too Many Requests', 'type': 'too_many_requests', 'param': None, 'code': 'too_many_requests'}}
Failed for Elbow - An Imagined Affair: Error code: 429 - {'error': {'message': 'Too Many Requests', 'type': 'too_many_requests', 'param': None, 'code': 'too_many_requests'}}
Failed for Razorlight - Wire To Wire: Error code: 429 - {'error': {'message': 'Too Many Requests', 'type': 'too_many_requests', 'param': None, 'code': 'too_many_requests'}}
Failed for Gnarls Barkley - Storm Coming: Error code: 429 - {'error': {'message': 'Too Many Requests', 'type': 'too_many_requests', 'param': None, 'code': 'too_many_requests'}}
Failed for My Morning Jacket - Into The Woods: Error code: 429 - {'error': {'message': 'Too Many Requests', 'type': 'too_many_requests', 'param': None, 'code': 'too_many_requests'}}
Failed for Alice Cooper - Brutal Planet: Error code: 429 - {'error': {'message': 'Too Many Requests', 'type': 'too_many_requests', 'param': None, 'code': 'too_many_requests'}}
Failed for Britney Spears - Touch Of My Hand: Error code: 429 - {'error': {'message': 'Too Many Requests', 'type': 'too_many_requests', 'param': None, 'code': 'too_many_requests'}}
Failed for Elbow - The Everthere: Error code: 429 - {'error': {'message': 'Too Many Requests', 'type': 'too_many_requests', 'param': None, 'code': 'too_many_requests'}}
Failed for The Rolling Stones - Sway: Error code: 429 - {'error': {'message': 'Too Many Requests', 'type': 'too_many_requests', 'param': None, 'code': 'too_many_requests'}}
Failed for U2 - Fez - Being Born: Error code: 429 - {'error': {'message': 'Too Many Requests', 'type': 'too_many_requests', 'param': None, 'code': 'too_many_requests'}}
Failed for Starsailor - Alcoholic: Error code: 429 - {'error': {'message': 'Too Many Requests', 'type': 'too_many_requests', 'param': None, 'code': 'too_many_requests'}}
Failed for Razorlight - Rock N Roll Lies: Error code: 429 - {'error': {'message': 'Too Many Requests', 'type': 'too_many_requests', 'param': None, 'code': 'too_many_requests'}}
Failed for Conor Oberst - Lenders In The Temple: Error code: 429 - {'error': {'message': 'Too Many Requests', 'type': 'too_many_requests', 'param': None, 'code': 'too_many_requests'}}
Failed for The Pogues - A Pair Of Brown Eyes: Error code: 429 - {'error': {'message': 'Too Many Requests', 'type': 'too_many_requests', 'param': None, 'code': 'too_many_requests'}}
Failed for The Gathering - The May Song: Error code: 429 - {'error': {'message': 'Too Many Requests', 'type': 'too_many_requests', 'param': None, 'code': 'too_many_requests'}}
Failed for Vampire Weekend - Exit Music (For A Film): Error code: 429 - {'error': {'message': 'Too Many Requests', 'type': 'too_many_requests', 'param': None, 'code': 'too_many_requests'}}
Failed for Vampire Weekend - Boston: Error code: 429 - {'error': {'message': 'Too Many Requests', 'type': 'too_many_requests', 'param': None, 'code': 'too_many_requests'}}
Failed for Misfits - Scream!: Error code: 429 - {'error': {'message': 'Too Many Requests', 'type': 'too_many_requests', 'param': None, 'code': 'too_many_requests'}}
Failed for Weezer - Smile: Error code: 429 - {'error': {'message': 'Too Many Requests', 'type': 'too_many_requests', 'param': None, 'code': 'too_many_requests'}}
Failed for Antony And The Johnsons - The Crying Light: Error code: 429 - {'error': {'message': 'Too Many Requests', 'type': 'too_many_requests', 'param': None, 'code': 'too_many_requests'}}
Failed for Final Fantasy - Many Lives → 49 Mp: Error code: 429 - {'error': {'message': 'Too Many Requests', 'type': 'too_many_requests', 'param': None, 'code': 'too_many_requests'}}
Failed for The Beatles - Please Mister Postman: Error code: 429 - {'error': {'message': 'Too Many Requests', 'type': 'too_many_requests', 'param': None, 'code': 'too_many_requests'}}
Failed for Pavement - Date With Ikea: Error code: 429 - {'error': {'message': 'Too Many Requests', 'type': 'too_many_requests', 'param': None, 'code': 'too_many_requests'}}
Failed for Depeche Mode - One Caress: Error code: 429 - {'error': {'message': 'Too Many Requests', 'type': 'too_many_requests', 'param': None, 'code': 'too_many_requests'}}
Failed for Final Fantasy - Library: Error code: 429 - {'error': {'message': 'Too Many Requests', 'type': 'too_many_requests', 'param': None, 'code': 'too_many_requests'}}
Failed for Soda Stereo - Estoy Azulado: Error code: 429 - {'error': {'message': 'Too Many Requests', 'type': 'too_many_requests', 'param': None, 'code': 'too_many_requests'}}
Failed for Mclusky - To Hell With Good Intentions: Error code: 429 - {'error': {'message': 'Too Many Requests', 'type': 'too_many_requests', 'param': None, 'code': 'too_many_requests'}}
Failed for Elton John - Step Into Christmas: Error code: 429 - {'error': {'message': 'Too Many Requests', 'type': 'too_many_requests', 'param': None, 'code': 'too_many_requests'}}
Failed for Bad Brains - Banned In D.C.: Error code: 429 - {'error': {'message': 'Too Many Requests', 'type': 'too_many_requests', 'param': None, 'code': 'too_many_requests'}}
Failed for Eisley - Memories: Error code: 429 - {'error': {'message': 'Too Many Requests', 'type': 'too_many_requests', 'param': None, 'code': 'too_many_requests'}}
Failed for Evermore - Light Surrounding You: Error code: 429 - {'error': {'message': 'Too Many Requests', 'type': 'too_many_requests', 'param': None, 'code': 'too_many_requests'}}
Failed for My Chemical Romance - Romance: Error code: 429 - {'error': {'message': 'Too Many Requests', 'type': 'too_many_requests', 'param': None, 'code': 'too_many_requests'}}
Failed for Panzer Ag - Battlefield: Error code: 429 - {'error': {'message': 'Too Many Requests', 'type': 'too_many_requests', 'param': None, 'code': 'too_many_requests'}}
Failed for Cky - Escape From Hellview: Error code: 429 - {'error': {'message': 'Too Many Requests', 'type': 'too_many_requests', 'param': None, 'code': 'too_many_requests'}}
Failed for Scorpions - Dust In The Wind: Error code: 429 - {'error': {'message': 'Too Many Requests', 'type': 'too_many_requests', 'param': None, 'code': 'too_many_requests'}}
Failed for Hocico - Fed Up: Error code: 429 - {'error': {'message': 'Too Many Requests', 'type': 'too_many_requests', 'param': None, 'code': 'too_many_requests'}}
Failed for Eluveitie - Inis Mona: Error code: 429 - {'error': {'message': 'Too Many Requests', 'type': 'too_many_requests', 'param': None, 'code': 'too_many_requests'}}
Failed for Zongamin - Bongo Song: Error code: 429 - {'error': {'message': 'Too Many Requests', 'type': 'too_many_requests', 'param': None, 'code': 'too_many_requests'}}
Failed for The Presets - Kicking And Screaming: Error code: 429 - {'error': {'message': 'Too Many Requests', 'type': 'too_many_requests', 'param': None, 'code': 'too_many_requests'}}
Failed for Exodus - Piranha: Error code: 429 - {'error': {'message': 'Too Many Requests', 'type': 'too_many_requests', 'param': None, 'code': 'too_many_requests'}}
Failed for Queen - The Miracle: Error code: 429 - {'error': {'message': 'Too Many Requests', 'type': 'too_many_requests', 'param': None, 'code': 'too_many_requests'}}
Failed for Pinback - Walters: Error code: 429 - {'error': {'message': 'Too Many Requests', 'type': 'too_many_requests', 'param': None, 'code': 'too_many_requests'}}
Failed for :Wumpscut: - Evoke: Error code: 429 - {'error': {'message': 'Too Many Requests', 'type': 'too_many_requests', 'param': None, 'code': 'too_many_requests'}}
Failed for The Presidents Of The United States Of America - Kitty: Error code: 429 - {'error': {'message': 'Too Many Requests', 'type': 'too_many_requests', 'param': None, 'code': 'too_many_requests'}}
Failed for My Chemical Romance - Our Lady Of Sorrows: Error code: 429 - {'error': {'message': 'Too Many Requests', 'type': 'too_many_requests', 'param': None, 'code': 'too_many_requests'}}
Failed for System Of A Down - Mind: Error code: 429 - {'error': {'message': 'Too Many Requests', 'type': 'too_many_requests', 'param': None, 'code': 'too_many_requests'}}
Failed for Iced Earth - Melancholy (Holy Martyr): Error code: 429 - {'error': {'message': 'Too Many Requests', 'type': 'too_many_requests', 'param': None, 'code': 'too_many_requests'}}
Failed for Giant Drag - Pretty Little Neighbor: Error code: 429 - {'error': {'message': 'Too Many Requests', 'type': 'too_many_requests', 'param': None, 'code': 'too_many_requests'}}
Failed for Carl Orff - O Fortuna: Error code: 429 - {'error': {'message': 'Too Many Requests', 'type': 'too_many_requests', 'param': None, 'code': 'too_many_requests'}}
Failed for Regina Spektor - Oedipus: Error code: 429 - {'error': {'message': 'Too Many Requests', 'type': 'too_many_requests', 'param': None, 'code': 'too_many_requests'}}
Failed for 3 Doors Down - Landing In London: Error code: 429 - {'error': {'message': 'Too Many Requests', 'type': 'too_many_requests', 'param': None, 'code': 'too_many_requests'}}
Failed for Beastie Boys - Paul Revere: Error code: 429 - {'error': {'message': 'Too Many Requests', 'type': 'too_many_requests', 'param': None, 'code': 'too_many_requests'}}
Failed for Pavement - Trigger Cut/Wounded-Kite At :17: Error code: 429 - {'error': {'message': 'Too Many Requests', 'type': 'too_many_requests', 'param': None, 'code': 'too_many_requests'}}
Failed for My Chemical Romance - Cemetery Drive: Error code: 429 - {'error': {'message': 'Too Many Requests', 'type': 'too_many_requests', 'param': None, 'code': 'too_many_requests'}}
Failed for Black Mountain - Evil Ways: Error code: 429 - {'error': {'message': 'Too Many Requests', 'type': 'too_many_requests', 'param': None, 'code': 'too_many_requests'}}
Failed for The Jimi Hendrix Experience - I Don'T Live Today: Error code: 429 - {'error': {'message': 'Too Many Requests', 'type': 'too_many_requests', 'param': None, 'code': 'too_many_requests'}}
Failed for A New Funky Generation - The Messenger: Error code: 429 - {'error': {'message': 'Too Many Requests', 'type': 'too_many_requests', 'param': None, 'code': 'too_many_requests'}}
Failed for Fischerspooner - Turn On: Error code: 429 - {'error': {'message': 'Too Many Requests', 'type': 'too_many_requests', 'param': None, 'code': 'too_many_requests'}}
Failed for The Beta Band - Inner Meet Me: Error code: 429 - {'error': {'message': 'Too Many Requests', 'type': 'too_many_requests', 'param': None, 'code': 'too_many_requests'}}
Failed for Molley Sandén - Det Finaste Någon Kan Få: Error code: 429 - {'error': {'message': 'Too Many Requests', 'type': 'too_many_requests', 'param': None, 'code': 'too_many_requests'}}
Failed for The Beta Band - She'S The One: Error code: 429 - {'error': {'message': 'Too Many Requests', 'type': 'too_many_requests', 'param': None, 'code': 'too_many_requests'}}
Failed for Soilwork - Silent Bullet: Error code: 429 - {'error': {'message': 'Too Many Requests', 'type': 'too_many_requests', 'param': None, 'code': 'too_many_requests'}}
Failed for Say Anything - The Writhing South: Error code: 429 - {'error': {'message': 'Too Many Requests', 'type': 'too_many_requests', 'param': None, 'code': 'too_many_requests'}}
Failed for The Kills - Black Rooster: Error code: 429 - {'error': {'message': 'Too Many Requests', 'type': 'too_many_requests', 'param': None, 'code': 'too_many_requests'}}
Failed for The Sounds - Mine For Life: Error code: 429 - {'error': {'message': 'Too Many Requests', 'type': 'too_many_requests', 'param': None, 'code': 'too_many_requests'}}
300/2988 done
Failed for Scissor Sisters - Lights: Error code: 429 - {'error': {'message': 'Too Many Requests', 'type': 'too_many_requests', 'param': None, 'code': 'too_many_requests'}}
Failed for The Used - All That I'Ve Got: Error code: 429 - {'error': {'message': 'Too Many Requests', 'type': 'too_many_requests', 'param': None, 'code': 'too_many_requests'}}
Failed for Corinne Bailey Rae - Choux Pastry Heart: Error code: 429 - {'error': {'message': 'Too Many Requests', 'type': 'too_many_requests', 'param': None, 'code': 'too_many_requests'}}
Failed for My Brightest Diamond - We Were Sparkling: Error code: 429 - {'error': {'message': 'Too Many Requests', 'type': 'too_many_requests', 'param': None, 'code': 'too_many_requests'}}
Failed for The Rolling Stones - Let It Bleed: Error code: 429 - {'error': {'message': 'Too Many Requests', 'type': 'too_many_requests', 'param': None, 'code': 'too_many_requests'}}
Failed for Tilly And The Wall - Reckless: Error code: 429 - {'error': {'message': 'Too Many Requests', 'type': 'too_many_requests', 'param': None, 'code': 'too_many_requests'}}
Failed for The Vines - Don'T Listen To The Radio: Error code: 429 - {'error': {'message': 'Too Many Requests', 'type': 'too_many_requests', 'param': None, 'code': 'too_many_requests'}}
Failed for The Coral - Spanish Main: Error code: 429 - {'error': {'message': 'Too Many Requests', 'type': 'too_many_requests', 'param': None, 'code': 'too_many_requests'}}
Failed for Doves - Lost Souls: Error code: 429 - {'error': {'message': 'Too Many Requests', 'type': 'too_many_requests', 'param': None, 'code': 'too_many_requests'}}
Failed for Megadeth - Holy Wars... The Punishment Due: Error code: 429 - {'error': {'message': 'Too Many Requests', 'type': 'too_many_requests', 'param': None, 'code': 'too_many_requests'}}
Failed for Tapes 'N Tapes - Buckle: Error code: 429 - {'error': {'message': 'Too Many Requests', 'type': 'too_many_requests', 'param': None, 'code': 'too_many_requests'}}
Failed for The Flaming Lips - The Yeah Yeah Yeah Song: Error code: 429 - {'error': {'message': 'Too Many Requests', 'type': 'too_many_requests', 'param': None, 'code': 'too_many_requests'}}
Failed for The Kills - Hand: Error code: 429 - {'error': {'message': 'Too Many Requests', 'type': 'too_many_requests', 'param': None, 'code': 'too_many_requests'}}
Failed for Foo Fighters - End Over End: Error code: 429 - {'error': {'message': 'Too Many Requests', 'type': 'too_many_requests', 'param': None, 'code': 'too_many_requests'}}
Failed for Son Volt - Circadian Rhythm: Error code: 429 - {'error': {'message': 'Too Many Requests', 'type': 'too_many_requests', 'param': None, 'code': 'too_many_requests'}}
Failed for Mogwai - Thank You Space Expert: Error code: 429 - {'error': {'message': 'Too Many Requests', 'type': 'too_many_requests', 'param': None, 'code': 'too_many_requests'}}
Failed for Jamiroquai - Too Young To Die: Error code: 429 - {'error': {'message': 'Too Many Requests', 'type': 'too_many_requests', 'param': None, 'code': 'too_many_requests'}}
Failed for Neko Case - Blacklisted: Error code: 429 - {'error': {'message': 'Too Many Requests', 'type': 'too_many_requests', 'param': None, 'code': 'too_many_requests'}}
Failed for Hard-Fi - I Shall Overcome: Error code: 429 - {'error': {'message': 'Too Many Requests', 'type': 'too_many_requests', 'param': None, 'code': 'too_many_requests'}}
Failed for Esthero - Melancholy Melody: Error code: 429 - {'error': {'message': 'Too Many Requests', 'type': 'too_many_requests', 'param': None, 'code': 'too_many_requests'}}
Failed for Sia - Soon We'Ll Be Found: Error code: 429 - {'error': {'message': 'Too Many Requests', 'type': 'too_many_requests', 'param': None, 'code': 'too_many_requests'}}
Failed for Sia - Moon: Error code: 429 - {'error': {'message': 'Too Many Requests', 'type': 'too_many_requests', 'param': None, 'code': 'too_many_requests'}}
Failed for Pj Harvey - The Dancer: Error code: 429 - {'error': {'message': 'Too Many Requests', 'type': 'too_many_requests', 'param': None, 'code': 'too_many_requests'}}
Failed for The Kills - Superstition: Error code: 429 - {'error': {'message': 'Too Many Requests', 'type': 'too_many_requests', 'param': None, 'code': 'too_many_requests'}}
Failed for Foo Fighters - Miracle: Error code: 429 - {'error': {'message': 'Too Many Requests', 'type': 'too_many_requests', 'param': None, 'code': 'too_many_requests'}}
Failed for Blur - Crazy Beat: Error code: 429 - {'error': {'message': 'Too Many Requests', 'type': 'too_many_requests', 'param': None, 'code': 'too_many_requests'}}
Failed for Anthrax - Caught In A Mosh: Error code: 429 - {'error': {'message': 'Too Many Requests', 'type': 'too_many_requests', 'param': None, 'code': 'too_many_requests'}}
Failed for Strapping Young Lad - Far Beyond Metal: Error code: 429 - {'error': {'message': 'Too Many Requests', 'type': 'too_many_requests', 'param': None, 'code': 'too_many_requests'}}
Failed for The Format - Tie The Rope: Error code: 429 - {'error': {'message': 'Too Many Requests', 'type': 'too_many_requests', 'param': None, 'code': 'too_many_requests'}}
Failed for Dead Can Dance - Saltarello: Error code: 429 - {'error': {'message': 'Too Many Requests', 'type': 'too_many_requests', 'param': None, 'code': 'too_many_requests'}}
Failed for Eluvium - Prelude For Time Feelers: Error code: 429 - {'error': {'message': 'Too Many Requests', 'type': 'too_many_requests', 'param': None, 'code': 'too_many_requests'}}
Failed for Pj Harvey - Who The Fuck?: Error code: 429 - {'error': {'message': 'Too Many Requests', 'type': 'too_many_requests', 'param': None, 'code': 'too_many_requests'}}
Failed for Guns N' Roses - Street Of Dreams: Error code: 429 - {'error': {'message': 'Too Many Requests', 'type': 'too_many_requests', 'param': None, 'code': 'too_many_requests'}}
Failed for Amy Winehouse - (There Is) No Greater Love: Error code: 429 - {'error': {'message': 'Too Many Requests', 'type': 'too_many_requests', 'param': None, 'code': 'too_many_requests'}}
Failed for Muse - Recess: Error code: 429 - {'error': {'message': 'Too Many Requests', 'type': 'too_many_requests', 'param': None, 'code': 'too_many_requests'}}
Failed for Of Montreal - Eros' Entropic Tundra: Error code: 429 - {'error': {'message': 'Too Many Requests', 'type': 'too_many_requests', 'param': None, 'code': 'too_many_requests'}}
Failed for Ben Harper - Burn One Down: Error code: 429 - {'error': {'message': 'Too Many Requests', 'type': 'too_many_requests', 'param': None, 'code': 'too_many_requests'}}
Failed for Queen - Princes Of The Universe: Error code: 429 - {'error': {'message': 'Too Many Requests', 'type': 'too_many_requests', 'param': None, 'code': 'too_many_requests'}}
Failed for Counting Crows - Holiday In Spain: Error code: 429 - {'error': {'message': 'Too Many Requests', 'type': 'too_many_requests', 'param': None, 'code': 'too_many_requests'}}
Failed for Coheed And Cambria - Wake Up: Error code: 429 - {'error': {'message': 'Too Many Requests', 'type': 'too_many_requests', 'param': None, 'code': 'too_many_requests'}}
Failed for Cab Calloway - Minnie The Moocher: Error code: 429 - {'error': {'message': 'Too Many Requests', 'type': 'too_many_requests', 'param': None, 'code': 'too_many_requests'}}
Failed for Black Box - Ride On Time: Error code: 429 - {'error': {'message': 'Too Many Requests', 'type': 'too_many_requests', 'param': None, 'code': 'too_many_requests'}}
Failed for Tokyo Police Club - Sixties Remake: Error code: 429 - {'error': {'message': 'Too Many Requests', 'type': 'too_many_requests', 'param': None, 'code': 'too_many_requests'}}
Failed for Sonic Youth - Sleepin' Around: Error code: 429 - {'error': {'message': 'Too Many Requests', 'type': 'too_many_requests', 'param': None, 'code': 'too_many_requests'}}
Failed for Biffy Clyro - Who'S Got A Match?: Error code: 429 - {'error': {'message': 'Too Many Requests', 'type': 'too_many_requests', 'param': None, 'code': 'too_many_requests'}}
Failed for Japan - Quiet Life: Error code: 429 - {'error': {'message': 'Too Many Requests', 'type': 'too_many_requests', 'param': None, 'code': 'too_many_requests'}}
Failed for Buena Vista Social Club - El Carretero: Error code: 429 - {'error': {'message': 'Too Many Requests', 'type': 'too_many_requests', 'param': None, 'code': 'too_many_requests'}}
Failed for Sonic Youth - Stereo Sanctity: Error code: 429 - {'error': {'message': 'Too Many Requests', 'type': 'too_many_requests', 'param': None, 'code': 'too_many_requests'}}
Failed for The Raveonettes - Black Satin: Error code: 429 - {'error': {'message': 'Too Many Requests', 'type': 'too_many_requests', 'param': None, 'code': 'too_many_requests'}}
Failed for Turbonegro - Zillion Dollar Sadist: Error code: 429 - {'error': {'message': 'Too Many Requests', 'type': 'too_many_requests', 'param': None, 'code': 'too_many_requests'}}
Failed for The Normal - Warm Leatherette: Error code: 429 - {'error': {'message': 'Too Many Requests', 'type': 'too_many_requests', 'param': None, 'code': 'too_many_requests'}}
Failed for Céline Dion - My Heart Will Go On: Error code: 429 - {'error': {'message': 'Too Many Requests', 'type': 'too_many_requests', 'param': None, 'code': 'too_many_requests'}}
Failed for The Books - The Lemon Of Pink: Error code: 429 - {'error': {'message': 'Too Many Requests', 'type': 'too_many_requests', 'param': None, 'code': 'too_many_requests'}}
Failed for Sade - Every Word: Error code: 429 - {'error': {'message': 'Too Many Requests', 'type': 'too_many_requests', 'param': None, 'code': 'too_many_requests'}}
Failed for Deerhoof - Whither The Invisible Birds?: Error code: 429 - {'error': {'message': 'Too Many Requests', 'type': 'too_many_requests', 'param': None, 'code': 'too_many_requests'}}
Failed for The Kingsmen - Louie Louie: Error code: 429 - {'error': {'message': 'Too Many Requests', 'type': 'too_many_requests', 'param': None, 'code': 'too_many_requests'}}
Failed for A-Ha - Celice: Error code: 429 - {'error': {'message': 'Too Many Requests', 'type': 'too_many_requests', 'param': None, 'code': 'too_many_requests'}}
Failed for Modjo - Chillin': Error code: 429 - {'error': {'message': 'Too Many Requests', 'type': 'too_many_requests', 'param': None, 'code': 'too_many_requests'}}
Failed for Deerhunter - Dot Gain: Error code: 429 - {'error': {'message': 'Too Many Requests', 'type': 'too_many_requests', 'param': None, 'code': 'too_many_requests'}}
Failed for Vanilla Ninja - Birds Of Peace: Error code: 429 - {'error': {'message': 'Too Many Requests', 'type': 'too_many_requests', 'param': None, 'code': 'too_many_requests'}}
Failed for Pj Harvey - The Darker Days Of Me & Him: Error code: 429 - {'error': {'message': 'Too Many Requests', 'type': 'too_many_requests', 'param': None, 'code': 'too_many_requests'}}
Failed for The Afghan Whigs - My Curse: Error code: 429 - {'error': {'message': 'Too Many Requests', 'type': 'too_many_requests', 'param': None, 'code': 'too_many_requests'}}
Failed for Fountain Of Tears - Corruption: Error code: 429 - {'error': {'message': 'Too Many Requests', 'type': 'too_many_requests', 'param': None, 'code': 'too_many_requests'}}
Failed for Thievery Corporation - Exilio (Exile): Error code: 429 - {'error': {'message': 'Too Many Requests', 'type': 'too_many_requests', 'param': None, 'code': 'too_many_requests'}}
Failed for Joni Mitchell - Big Yellow Taxi: Error code: 429 - {'error': {'message': 'Too Many Requests', 'type': 'too_many_requests', 'param': None, 'code': 'too_many_requests'}}
Failed for Dave Matthews - Baby: Error code: 429 - {'error': {'message': 'Too Many Requests', 'type': 'too_many_requests', 'param': None, 'code': 'too_many_requests'}}
Failed for Metallica - Loverman: Error code: 429 - {'error': {'message': 'Too Many Requests', 'type': 'too_many_requests', 'param': None, 'code': 'too_many_requests'}}
Failed for The Rakes - Little Superstitions: Error code: 429 - {'error': {'message': 'Too Many Requests', 'type': 'too_many_requests', 'param': None, 'code': 'too_many_requests'}}
Failed for Against Me! - I Still Love You Julie: Error code: 429 - {'error': {'message': 'Too Many Requests', 'type': 'too_many_requests', 'param': None, 'code': 'too_many_requests'}}
Failed for Within Temptation - It'S The Fear: Error code: 429 - {'error': {'message': 'Too Many Requests', 'type': 'too_many_requests', 'param': None, 'code': 'too_many_requests'}}
Failed for The Rifles - She'S The Only One: Error code: 429 - {'error': {'message': 'Too Many Requests', 'type': 'too_many_requests', 'param': None, 'code': 'too_many_requests'}}
Failed for We Are Scientists - Let'S See It: Error code: 429 - {'error': {'message': 'Too Many Requests', 'type': 'too_many_requests', 'param': None, 'code': 'too_many_requests'}}
Failed for Tiësto - Ten Seconds Before Sunrise: Error code: 429 - {'error': {'message': 'Too Many Requests', 'type': 'too_many_requests', 'param': None, 'code': 'too_many_requests'}}
Failed for The Hold Steady - Sequestered In Memphis: Error code: 429 - {'error': {'message': 'Too Many Requests', 'type': 'too_many_requests', 'param': None, 'code': 'too_many_requests'}}
Failed for Okkervil River - A Hand To Take Hold Of The Scene: Error code: 429 - {'error': {'message': 'Too Many Requests', 'type': 'too_many_requests', 'param': None, 'code': 'too_many_requests'}}
Failed for Culture Beat - Mr. Vain: Error code: 429 - {'error': {'message': 'Too Many Requests', 'type': 'too_many_requests', 'param': None, 'code': 'too_many_requests'}}
Failed for Carol Woods & Timothy T. Mitchum - Let It Be: Error code: 429 - {'error': {'message': 'Too Many Requests', 'type': 'too_many_requests', 'param': None, 'code': 'too_many_requests'}}
Failed for Bush - Mouth: Error code: 429 - {'error': {'message': 'Too Many Requests', 'type': 'too_many_requests', 'param': None, 'code': 'too_many_requests'}}
Failed for Children Of Bodom - You'Re Better Off Dead: Error code: 429 - {'error': {'message': 'Too Many Requests', 'type': 'too_many_requests', 'param': None, 'code': 'too_many_requests'}}
Failed for The Chemical Brothers - Life Is Sweet (Feat. Tim Burgess): Error code: 429 - {'error': {'message': 'Too Many Requests', 'type': 'too_many_requests', 'param': None, 'code': 'too_many_requests'}}
Failed for Rufus Wainwright - Shadows: Error code: 429 - {'error': {'message': 'Too Many Requests', 'type': 'too_many_requests', 'param': None, 'code': 'too_many_requests'}}
Failed for Bush - Greedy Fly: Error code: 429 - {'error': {'message': 'Too Many Requests', 'type': 'too_many_requests', 'param': None, 'code': 'too_many_requests'}}
Failed for Guster - Amsterdam: Error code: 429 - {'error': {'message': 'Too Many Requests', 'type': 'too_many_requests', 'param': None, 'code': 'too_many_requests'}}
Failed for Robbie Williams - No Regrets: Error code: 429 - {'error': {'message': 'Too Many Requests', 'type': 'too_many_requests', 'param': None, 'code': 'too_many_requests'}}
Failed for The Chemical Brothers - Galaxy Bounce: Error code: 429 - {'error': {'message': 'Too Many Requests', 'type': 'too_many_requests', 'param': None, 'code': 'too_many_requests'}}
Failed for The Chemical Brothers - Believe: Error code: 429 - {'error': {'message': 'Too Many Requests', 'type': 'too_many_requests', 'param': None, 'code': 'too_many_requests'}}
Failed for Mando Diao - Chi Ga: Error code: 429 - {'error': {'message': 'Too Many Requests', 'type': 'too_many_requests', 'param': None, 'code': 'too_many_requests'}}
Failed for Mae - Embers And Envelopes: Error code: 429 - {'error': {'message': 'Too Many Requests', 'type': 'too_many_requests', 'param': None, 'code': 'too_many_requests'}}
Failed for The Adicts - Viva La Revolution: Error code: 429 - {'error': {'message': 'Too Many Requests', 'type': 'too_many_requests', 'param': None, 'code': 'too_many_requests'}}
Failed for Pink Floyd - One Of The Few: Error code: 429 - {'error': {'message': 'Too Many Requests', 'type': 'too_many_requests', 'param': None, 'code': 'too_many_requests'}}
Failed for Britney Spears - Cinderella: Error code: 429 - {'error': {'message': 'Too Many Requests', 'type': 'too_many_requests', 'param': None, 'code': 'too_many_requests'}}
Failed for Riverside - Second Life Syndrome: Error code: 429 - {'error': {'message': 'Too Many Requests', 'type': 'too_many_requests', 'param': None, 'code': 'too_many_requests'}}
Failed for Rilo Kiley - Three Hopeful Thoughts: Error code: 429 - {'error': {'message': 'Too Many Requests', 'type': 'too_many_requests', 'param': None, 'code': 'too_many_requests'}}
Failed for Velvet Revolver - Mary Mary: Error code: 429 - {'error': {'message': 'Too Many Requests', 'type': 'too_many_requests', 'param': None, 'code': 'too_many_requests'}}
Failed for Aaa Den-O Form - Climax Jump: Error code: 429 - {'error': {'message': 'Too Many Requests', 'type': 'too_many_requests', 'param': None, 'code': 'too_many_requests'}}
Failed for Deftones - Around The Fur: Error code: 429 - {'error': {'message': 'Too Many Requests', 'type': 'too_many_requests', 'param': None, 'code': 'too_many_requests'}}
Failed for Buzzcocks - Ever Fallen In Love: Error code: 429 - {'error': {'message': 'Too Many Requests', 'type': 'too_many_requests', 'param': None, 'code': 'too_many_requests'}}
Failed for Ac/Dc - Shake Your Foundations: Error code: 429 - {'error': {'message': 'Too Many Requests', 'type': 'too_many_requests', 'param': None, 'code': 'too_many_requests'}}
Failed for Slayer - Cult: Error code: 429 - {'error': {'message': 'Too Many Requests', 'type': 'too_many_requests', 'param': None, 'code': 'too_many_requests'}}
400/2988 done
Failed for Department Of Eagles - Around The Bay: Error code: 429 - {'error': {'message': 'Too Many Requests', 'type': 'too_many_requests', 'param': None, 'code': 'too_many_requests'}}
Failed for Spiritualized - Medication: Error code: 429 - {'error': {'message': 'Too Many Requests', 'type': 'too_many_requests', 'param': None, 'code': 'too_many_requests'}}
Failed for Sublime - Don'T Push: Error code: 429 - {'error': {'message': 'Too Many Requests', 'type': 'too_many_requests', 'param': None, 'code': 'too_many_requests'}}
Failed for Black Rebel Motorcycle Club - Screaming Gun: Error code: 429 - {'error': {'message': 'Too Many Requests', 'type': 'too_many_requests', 'param': None, 'code': 'too_many_requests'}}
Failed for Dir En Grey - Conceived Sorrow: Error code: 429 - {'error': {'message': 'Too Many Requests', 'type': 'too_many_requests', 'param': None, 'code': 'too_many_requests'}}
Failed for Lacuna Coil - Self Deception: Error code: 429 - {'error': {'message': 'Too Many Requests', 'type': 'too_many_requests', 'param': None, 'code': 'too_many_requests'}}
Failed for Dimmu Borgir - Blood Hunger Doctrine: Error code: 429 - {'error': {'message': 'Too Many Requests', 'type': 'too_many_requests', 'param': None, 'code': 'too_many_requests'}}
Failed for Die Apokalyptischen Reiter - Friede Sei Mit Dir: Error code: 429 - {'error': {'message': 'Too Many Requests', 'type': 'too_many_requests', 'param': None, 'code': 'too_many_requests'}}
Failed for Katatonia - Wealth: Error code: 429 - {'error': {'message': 'Too Many Requests', 'type': 'too_many_requests', 'param': None, 'code': 'too_many_requests'}}
Failed for Lacuna Coil - My Wings: Error code: 429 - {'error': {'message': 'Too Many Requests', 'type': 'too_many_requests', 'param': None, 'code': 'too_many_requests'}}
Failed for Machinae Supremacy - Rogue World Asylum: Error code: 429 - {'error': {'message': 'Too Many Requests', 'type': 'too_many_requests', 'param': None, 'code': 'too_many_requests'}}
Failed for Skunk Anansie - Secretly: Error code: 429 - {'error': {'message': 'Too Many Requests', 'type': 'too_many_requests', 'param': None, 'code': 'too_many_requests'}}
Failed for David Bowie - Let'S Spend The Night Together: Error code: 429 - {'error': {'message': 'Too Many Requests', 'type': 'too_many_requests', 'param': None, 'code': 'too_many_requests'}}
Failed for Arctic Monkeys - Despair In The Departure Lounge: Error code: 429 - {'error': {'message': 'Too Many Requests', 'type': 'too_many_requests', 'param': None, 'code': 'too_many_requests'}}
Failed for Miles Davis - Flamenco Sketches: Error code: 429 - {'error': {'message': 'Too Many Requests', 'type': 'too_many_requests', 'param': None, 'code': 'too_many_requests'}}
Failed for Kyuss - Hurricane: Error code: 429 - {'error': {'message': 'Too Many Requests', 'type': 'too_many_requests', 'param': None, 'code': 'too_many_requests'}}
Failed for Gaelle - Give It Back: Error code: 429 - {'error': {'message': 'Too Many Requests', 'type': 'too_many_requests', 'param': None, 'code': 'too_many_requests'}}
Failed for Sparks - This Town Ain'T Big Enough For Both Of Us: Error code: 429 - {'error': {'message': 'Too Many Requests', 'type': 'too_many_requests', 'param': None, 'code': 'too_many_requests'}}
Failed for Creedence Clearwater Revisited - Have You Ever Seen The Rain?: Error code: 429 - {'error': {'message': 'Too Many Requests', 'type': 'too_many_requests', 'param': None, 'code': 'too_many_requests'}}
Failed for Fujiya & Miyagi - In One Ear And Out The Other: Error code: 429 - {'error': {'message': 'Too Many Requests', 'type': 'too_many_requests', 'param': None, 'code': 'too_many_requests'}}
Failed for Funeral For A Friend - Rookie Of The Year: Error code: 429 - {'error': {'message': 'Too Many Requests', 'type': 'too_many_requests', 'param': None, 'code': 'too_many_requests'}}
Failed for The Cardigans - For What It'S Worth: Error code: 429 - {'error': {'message': 'Too Many Requests', 'type': 'too_many_requests', 'param': None, 'code': 'too_many_requests'}}
Failed for Crowded House - Weather With You: Error code: 429 - {'error': {'message': 'Too Many Requests', 'type': 'too_many_requests', 'param': None, 'code': 'too_many_requests'}}
Failed for Roxette - Crash! Boom! Bang!: Error code: 429 - {'error': {'message': 'Too Many Requests', 'type': 'too_many_requests', 'param': None, 'code': 'too_many_requests'}}
Failed for Iamx - Naked But Safe: Error code: 429 - {'error': {'message': 'Too Many Requests', 'type': 'too_many_requests', 'param': None, 'code': 'too_many_requests'}}
Failed for Gang Of Four - Glass: Error code: 429 - {'error': {'message': 'Too Many Requests', 'type': 'too_many_requests', 'param': None, 'code': 'too_many_requests'}}
Failed for The National - Slipping Husband: Error code: 429 - {'error': {'message': 'Too Many Requests', 'type': 'too_many_requests', 'param': None, 'code': 'too_many_requests'}}
Failed for New Order - Confusion: Error code: 429 - {'error': {'message': 'Too Many Requests', 'type': 'too_many_requests', 'param': None, 'code': 'too_many_requests'}}
Failed for The National - Murder Me Rachael: Error code: 429 - {'error': {'message': 'Too Many Requests', 'type': 'too_many_requests', 'param': None, 'code': 'too_many_requests'}}
Failed for Al Green - I'M Still In Love With You: Error code: 429 - {'error': {'message': 'Too Many Requests', 'type': 'too_many_requests', 'param': None, 'code': 'too_many_requests'}}
Failed for Backyard Babies - Cockblocker Blues: Error code: 429 - {'error': {'message': 'Too Many Requests', 'type': 'too_many_requests', 'param': None, 'code': 'too_many_requests'}}
Failed for Phoenix - Victim Of The Crime: Error code: 429 - {'error': {'message': 'Too Many Requests', 'type': 'too_many_requests', 'param': None, 'code': 'too_many_requests'}}
Failed for Broken Social Scene - Her Disappearing Theme: Error code: 429 - {'error': {'message': 'Too Many Requests', 'type': 'too_many_requests', 'param': None, 'code': 'too_many_requests'}}
Failed for Smog - Say Valley Maker: Error code: 429 - {'error': {'message': 'Too Many Requests', 'type': 'too_many_requests', 'param': None, 'code': 'too_many_requests'}}
Failed for Tegan And Sara - And Darling: Error code: 429 - {'error': {'message': 'Too Many Requests', 'type': 'too_many_requests', 'param': None, 'code': 'too_many_requests'}}
Failed for Bob Dylan - One Of Us Must Know (Sooner Or Later): Error code: 429 - {'error': {'message': 'Too Many Requests', 'type': 'too_many_requests', 'param': None, 'code': 'too_many_requests'}}
Failed for Ambulance Ltd - Sugar Pill: Error code: 429 - {'error': {'message': 'Too Many Requests', 'type': 'too_many_requests', 'param': None, 'code': 'too_many_requests'}}
Failed for Fatboy Slim - Going Out Of My Head: Error code: 429 - {'error': {'message': 'Too Many Requests', 'type': 'too_many_requests', 'param': None, 'code': 'too_many_requests'}}
Failed for Bing Crosby - White Christmas: Error code: 429 - {'error': {'message': 'Too Many Requests', 'type': 'too_many_requests', 'param': None, 'code': 'too_many_requests'}}
Failed for Dj Shadow - Mongrel...: Error code: 429 - {'error': {'message': 'Too Many Requests', 'type': 'too_many_requests', 'param': None, 'code': 'too_many_requests'}}
Failed for Travis - 3 Times And You Lose: Error code: 429 - {'error': {'message': 'Too Many Requests', 'type': 'too_many_requests', 'param': None, 'code': 'too_many_requests'}}
Failed for Minus The Bear - Get Me Naked 2: Electric Boogaloo: Error code: 429 - {'error': {'message': 'Too Many Requests', 'type': 'too_many_requests', 'param': None, 'code': 'too_many_requests'}}
Failed for Goldfrapp - Beautiful: Error code: 429 - {'error': {'message': 'Too Many Requests', 'type': 'too_many_requests', 'param': None, 'code': 'too_many_requests'}}
Failed for Enigma - T.N.T. For The Brain: Error code: 429 - {'error': {'message': 'Too Many Requests', 'type': 'too_many_requests', 'param': None, 'code': 'too_many_requests'}}
Failed for Sun Kil Moon - Glenn Tipton: Error code: 429 - {'error': {'message': 'Too Many Requests', 'type': 'too_many_requests', 'param': None, 'code': 'too_many_requests'}}
Failed for Him - Passion'S Killing Floor: Error code: 429 - {'error': {'message': 'Too Many Requests', 'type': 'too_many_requests', 'param': None, 'code': 'too_many_requests'}}
Failed for The Duke Spirit - You Were Born Inside My Heart: Error code: 429 - {'error': {'message': 'Too Many Requests', 'type': 'too_many_requests', 'param': None, 'code': 'too_many_requests'}}
Failed for Poets Of The Fall - Gravity: Error code: 429 - {'error': {'message': 'Too Many Requests', 'type': 'too_many_requests', 'param': None, 'code': 'too_many_requests'}}
Failed for Cansei De Ser Sexy - Let'S Reggae All Night: Error code: 429 - {'error': {'message': 'Too Many Requests', 'type': 'too_many_requests', 'param': None, 'code': 'too_many_requests'}}
Failed for Grateful Dead - Ripple: Error code: 429 - {'error': {'message': 'Too Many Requests', 'type': 'too_many_requests', 'param': None, 'code': 'too_many_requests'}}
Failed for Jet - Shine On: Error code: 429 - {'error': {'message': 'Too Many Requests', 'type': 'too_many_requests', 'param': None, 'code': 'too_many_requests'}}
Failed for Live - The Dolphin'S Cry: Error code: 429 - {'error': {'message': 'Too Many Requests', 'type': 'too_many_requests', 'param': None, 'code': 'too_many_requests'}}
Failed for The Thrills - Santa Cruz (You'Re Not That Far): Error code: 429 - {'error': {'message': 'Too Many Requests', 'type': 'too_many_requests', 'param': None, 'code': 'too_many_requests'}}
Failed for The Feeling - Kettle'S On: Error code: 429 - {'error': {'message': 'Too Many Requests', 'type': 'too_many_requests', 'param': None, 'code': 'too_many_requests'}}
Failed for Him - Death Is In Love With Us: Error code: 429 - {'error': {'message': 'Too Many Requests', 'type': 'too_many_requests', 'param': None, 'code': 'too_many_requests'}}
Failed for David Guetta - The World Is Mine: Error code: 429 - {'error': {'message': 'Too Many Requests', 'type': 'too_many_requests', 'param': None, 'code': 'too_many_requests'}}
Failed for Grandaddy - Yeah Is What We Had: Error code: 429 - {'error': {'message': 'Too Many Requests', 'type': 'too_many_requests', 'param': None, 'code': 'too_many_requests'}}
Failed for Grandaddy - Lost On Yer Merry Way: Error code: 429 - {'error': {'message': 'Too Many Requests', 'type': 'too_many_requests', 'param': None, 'code': 'too_many_requests'}}
Failed for Cats On Fire - Higher Grounds: Error code: 429 - {'error': {'message': 'Too Many Requests', 'type': 'too_many_requests', 'param': None, 'code': 'too_many_requests'}}
Failed for Sufjan Stevens - The Vivian Girls Are Visited In The Night By Saint Dargarius And His Squadron Of Benevolent Butterflies: Error code: 429 - {'error': {'message': 'Too Many Requests', 'type': 'too_many_requests', 'param': None, 'code': 'too_many_requests'}}
Failed for Rage Against The Machine - Kick Out The Jams: Error code: 429 - {'error': {'message': 'Too Many Requests', 'type': 'too_many_requests', 'param': None, 'code': 'too_many_requests'}}
Failed for Manic Street Preachers - Archives Of Pain: Error code: 429 - {'error': {'message': 'Too Many Requests', 'type': 'too_many_requests', 'param': None, 'code': 'too_many_requests'}}
Failed for The Dresden Dolls - Me & The Minibar: Error code: 429 - {'error': {'message': 'Too Many Requests', 'type': 'too_many_requests', 'param': None, 'code': 'too_many_requests'}}
Failed for Beach House - Heart And Lungs: Error code: 429 - {'error': {'message': 'Too Many Requests', 'type': 'too_many_requests', 'param': None, 'code': 'too_many_requests'}}
Failed for Nick Cave & The Bad Seeds - The Ship Song: Error code: 429 - {'error': {'message': 'Too Many Requests', 'type': 'too_many_requests', 'param': None, 'code': 'too_many_requests'}}
Failed for Beach House - Holy Dances: Error code: 429 - {'error': {'message': 'Too Many Requests', 'type': 'too_many_requests', 'param': None, 'code': 'too_many_requests'}}
Failed for The Hives - Supply And Demand: Error code: 429 - {'error': {'message': 'Too Many Requests', 'type': 'too_many_requests', 'param': None, 'code': 'too_many_requests'}}
Failed for The Sounds - Hit Me: Error code: 429 - {'error': {'message': 'Too Many Requests', 'type': 'too_many_requests', 'param': None, 'code': 'too_many_requests'}}
Failed for Snow Patrol - Disaster Button: Error code: 429 - {'error': {'message': 'Too Many Requests', 'type': 'too_many_requests', 'param': None, 'code': 'too_many_requests'}}
Failed for Spice Girls - Viva Forever: Error code: 429 - {'error': {'message': 'Too Many Requests', 'type': 'too_many_requests', 'param': None, 'code': 'too_many_requests'}}
Failed for Snow Patrol - Downhill From Here: Error code: 429 - {'error': {'message': 'Too Many Requests', 'type': 'too_many_requests', 'param': None, 'code': 'too_many_requests'}}
Failed for The Raconteurs - Attention: Error code: 429 - {'error': {'message': 'Too Many Requests', 'type': 'too_many_requests', 'param': None, 'code': 'too_many_requests'}}
Failed for Iamx - Skin Vision: Error code: 429 - {'error': {'message': 'Too Many Requests', 'type': 'too_many_requests', 'param': None, 'code': 'too_many_requests'}}
Failed for Demons & Wizards - Crimson King: Error code: 429 - {'error': {'message': 'Too Many Requests', 'type': 'too_many_requests', 'param': None, 'code': 'too_many_requests'}}
Failed for The Faint - Your Retro Career Melted: Error code: 429 - {'error': {'message': 'Too Many Requests', 'type': 'too_many_requests', 'param': None, 'code': 'too_many_requests'}}
Failed for The Faint - Total Job: Error code: 429 - {'error': {'message': 'Too Many Requests', 'type': 'too_many_requests', 'param': None, 'code': 'too_many_requests'}}
Failed for Infernal - From Paris To Berlin: Error code: 429 - {'error': {'message': 'Too Many Requests', 'type': 'too_many_requests', 'param': None, 'code': 'too_many_requests'}}
Failed for Arctic Monkeys - Bet You Look Good On The Dancefloor: Error code: 429 - {'error': {'message': 'Too Many Requests', 'type': 'too_many_requests', 'param': None, 'code': 'too_many_requests'}}
Failed for Bonobo - Nothing Owed: Error code: 429 - {'error': {'message': 'Too Many Requests', 'type': 'too_many_requests', 'param': None, 'code': 'too_many_requests'}}
Failed for Air - Redhead Girl: Error code: 429 - {'error': {'message': 'Too Many Requests', 'type': 'too_many_requests', 'param': None, 'code': 'too_many_requests'}}
Failed for Big L - Put It On: Error code: 429 - {'error': {'message': 'Too Many Requests', 'type': 'too_many_requests', 'param': None, 'code': 'too_many_requests'}}
Failed for W.A.S.P. - L.O.V.E. Machine: Error code: 429 - {'error': {'message': 'Too Many Requests', 'type': 'too_many_requests', 'param': None, 'code': 'too_many_requests'}}
Failed for Anathema - Pressure: Error code: 429 - {'error': {'message': 'Too Many Requests', 'type': 'too_many_requests', 'param': None, 'code': 'too_many_requests'}}
Failed for Disturbed - Pain Redefined: Error code: 429 - {'error': {'message': 'Too Many Requests', 'type': 'too_many_requests', 'param': None, 'code': 'too_many_requests'}}
Failed for Carcass - Carnal Forge: Error code: 429 - {'error': {'message': 'Too Many Requests', 'type': 'too_many_requests', 'param': None, 'code': 'too_many_requests'}}
Failed for Sublime - Garden Grove: Error code: 429 - {'error': {'message': 'Too Many Requests', 'type': 'too_many_requests', 'param': None, 'code': 'too_many_requests'}}
Failed for Higurashi No Naku Koro Ni - Eiko Shimamiya - Higurashi Opening: Error code: 429 - {'error': {'message': 'Too Many Requests', 'type': 'too_many_requests', 'param': None, 'code': 'too_many_requests'}}
Failed for Green Day - She: Error code: 429 - {'error': {'message': 'Too Many Requests', 'type': 'too_many_requests', 'param': None, 'code': 'too_many_requests'}}
Failed for Pink Floyd - Wearing The Inside Out: Error code: 429 - {'error': {'message': 'Too Many Requests', 'type': 'too_many_requests', 'param': None, 'code': 'too_many_requests'}}
Failed for Radiohead - A Reminder: Error code: 429 - {'error': {'message': 'Too Many Requests', 'type': 'too_many_requests', 'param': None, 'code': 'too_many_requests'}}
Failed for Matthew Dear - Fleece On Brain: Error code: 429 - {'error': {'message': 'Too Many Requests', 'type': 'too_many_requests', 'param': None, 'code': 'too_many_requests'}}
Failed for At The Drive-In - Cosmonaut: Error code: 429 - {'error': {'message': 'Too Many Requests', 'type': 'too_many_requests', 'param': None, 'code': 'too_many_requests'}}
Failed for Against Me! - Those Anarcho Punks Are Mysterious...: Error code: 429 - {'error': {'message': 'Too Many Requests', 'type': 'too_many_requests', 'param': None, 'code': 'too_many_requests'}}
Failed for Ok Go - Oh Lately It'S So Quiet: Error code: 429 - {'error': {'message': 'Too Many Requests', 'type': 'too_many_requests', 'param': None, 'code': 'too_many_requests'}}
Failed for Seeed - Ding: Error code: 429 - {'error': {'message': 'Too Many Requests', 'type': 'too_many_requests', 'param': None, 'code': 'too_many_requests'}}
500/2988 done
Failed for Ok Go - No Sign Of Life: Error code: 429 - {'error': {'message': 'Too Many Requests', 'type': 'too_many_requests', 'param': None, 'code': 'too_many_requests'}}
Failed for Metallica - The House Jack Built: Error code: 429 - {'error': {'message': 'Too Many Requests', 'type': 'too_many_requests', 'param': None, 'code': 'too_many_requests'}}
Failed for Faust - Krautrock: Error code: 429 - {'error': {'message': 'Too Many Requests', 'type': 'too_many_requests', 'param': None, 'code': 'too_many_requests'}}
Failed for Snow Patrol - Warmer Climate: Error code: 429 - {'error': {'message': 'Too Many Requests', 'type': 'too_many_requests', 'param': None, 'code': 'too_many_requests'}}
Failed for The Sisters Of Mercy - First And Last And Always: Error code: 429 - {'error': {'message': 'Too Many Requests', 'type': 'too_many_requests', 'param': None, 'code': 'too_many_requests'}}
Failed for Andrew Bird - Opposite Day: Error code: 429 - {'error': {'message': 'Too Many Requests', 'type': 'too_many_requests', 'param': None, 'code': 'too_many_requests'}}
Failed for Cocteau Twins - Violaine: Error code: 429 - {'error': {'message': 'Too Many Requests', 'type': 'too_many_requests', 'param': None, 'code': 'too_many_requests'}}
Failed for Black Sabbath - Sabbra Cadabra: Error code: 429 - {'error': {'message': 'Too Many Requests', 'type': 'too_many_requests', 'param': None, 'code': 'too_many_requests'}}
Failed for The Black Keys - Grown So Ugly: Error code: 429 - {'error': {'message': 'Too Many Requests', 'type': 'too_many_requests', 'param': None, 'code': 'too_many_requests'}}
Failed for The Blood Brothers - Peacock Skeleton With Crooked Feathers: Error code: 429 - {'error': {'message': 'Too Many Requests', 'type': 'too_many_requests', 'param': None, 'code': 'too_many_requests'}}
Failed for Boards Of Canada - Alpha And Omega: Error code: 429 - {'error': {'message': 'Too Many Requests', 'type': 'too_many_requests', 'param': None, 'code': 'too_many_requests'}}
Failed for Jimmy Eat World - Disintegration: Error code: 429 - {'error': {'message': 'Too Many Requests', 'type': 'too_many_requests', 'param': None, 'code': 'too_many_requests'}}
Failed for Blink-182 - Going Away To College: Error code: 429 - {'error': {'message': 'Too Many Requests', 'type': 'too_many_requests', 'param': None, 'code': 'too_many_requests'}}
Failed for Joni Mitchell - Carey: Error code: 429 - {'error': {'message': 'Too Many Requests', 'type': 'too_many_requests', 'param': None, 'code': 'too_many_requests'}}
Failed for The Black Eyed Peas - Let'S Get It Started: Error code: 429 - {'error': {'message': 'Too Many Requests', 'type': 'too_many_requests', 'param': None, 'code': 'too_many_requests'}}
Failed for Def Leppard - Bringin' On The Heartbreak: Error code: 429 - {'error': {'message': 'Too Many Requests', 'type': 'too_many_requests', 'param': None, 'code': 'too_many_requests'}}
Failed for Neko Case - Train From Kansas City: Error code: 429 - {'error': {'message': 'Too Many Requests', 'type': 'too_many_requests', 'param': None, 'code': 'too_many_requests'}}
Failed for Tokyo Police Club - La Ferrassie: Error code: 429 - {'error': {'message': 'Too Many Requests', 'type': 'too_many_requests', 'param': None, 'code': 'too_many_requests'}}
Failed for Craig Armstrong - Laura'S Theme: Error code: 429 - {'error': {'message': 'Too Many Requests', 'type': 'too_many_requests', 'param': None, 'code': 'too_many_requests'}}
Failed for Future Prophecies - Dreadlock: Error code: 429 - {'error': {'message': 'Too Many Requests', 'type': 'too_many_requests', 'param': None, 'code': 'too_many_requests'}}
Failed for Department Of Eagles - Phantom Other: Error code: 429 - {'error': {'message': 'Too Many Requests', 'type': 'too_many_requests', 'param': None, 'code': 'too_many_requests'}}
Failed for Fujiya & Miyagi - Sucker Punch: Error code: 429 - {'error': {'message': 'Too Many Requests', 'type': 'too_many_requests', 'param': None, 'code': 'too_many_requests'}}
Failed for Jay-Z - D'Evils: Error code: 429 - {'error': {'message': 'Too Many Requests', 'type': 'too_many_requests', 'param': None, 'code': 'too_many_requests'}}
Failed for Broken Social Scene - It'S All Gonna Break: Error code: 429 - {'error': {'message': 'Too Many Requests', 'type': 'too_many_requests', 'param': None, 'code': 'too_many_requests'}}
Failed for Korn - Thoughtless: Error code: 429 - {'error': {'message': 'Too Many Requests', 'type': 'too_many_requests', 'param': None, 'code': 'too_many_requests'}}
Failed for The Cinematics - Break: Error code: 429 - {'error': {'message': 'Too Many Requests', 'type': 'too_many_requests', 'param': None, 'code': 'too_many_requests'}}
Failed for Covenant - We Stand Alone: Error code: 429 - {'error': {'message': 'Too Many Requests', 'type': 'too_many_requests', 'param': None, 'code': 'too_many_requests'}}
Failed for Dream Theater - I Walk Beside You: Error code: 429 - {'error': {'message': 'Too Many Requests', 'type': 'too_many_requests', 'param': None, 'code': 'too_many_requests'}}
Failed for Buzzcocks - Lipstick: Error code: 429 - {'error': {'message': 'Too Many Requests', 'type': 'too_many_requests', 'param': None, 'code': 'too_many_requests'}}
Failed for Elefant - Bokkie: Error code: 429 - {'error': {'message': 'Too Many Requests', 'type': 'too_many_requests', 'param': None, 'code': 'too_many_requests'}}
Failed for Yo La Tengo - Shadows: Error code: 429 - {'error': {'message': 'Too Many Requests', 'type': 'too_many_requests', 'param': None, 'code': 'too_many_requests'}}
Failed for Yo La Tengo - Let'S Save Tony Orlando'S House: Error code: 429 - {'error': {'message': 'Too Many Requests', 'type': 'too_many_requests', 'param': None, 'code': 'too_many_requests'}}
Failed for John Lennon - Oh My Love: Error code: 429 - {'error': {'message': 'Too Many Requests', 'type': 'too_many_requests', 'param': None, 'code': 'too_many_requests'}}
Failed for The 69 Eyes - Wings And Hearts: Error code: 429 - {'error': {'message': 'Too Many Requests', 'type': 'too_many_requests', 'param': None, 'code': 'too_many_requests'}}
Failed for Bon Jovi - Keep The Faith: Error code: 429 - {'error': {'message': 'Too Many Requests', 'type': 'too_many_requests', 'param': None, 'code': 'too_many_requests'}}
Failed for Imogen Heap - Getting Scared: Error code: 429 - {'error': {'message': 'Too Many Requests', 'type': 'too_many_requests', 'param': None, 'code': 'too_many_requests'}}
Failed for Disturbed - Violence Fetish: Error code: 429 - {'error': {'message': 'Too Many Requests', 'type': 'too_many_requests', 'param': None, 'code': 'too_many_requests'}}
Failed for The Goo Goo Dolls - Here Is Gone: Error code: 429 - {'error': {'message': 'Too Many Requests', 'type': 'too_many_requests', 'param': None, 'code': 'too_many_requests'}}
Failed for Emily Haines & The Soft Skeleton - Winning: Error code: 429 - {'error': {'message': 'Too Many Requests', 'type': 'too_many_requests', 'param': None, 'code': 'too_many_requests'}}
Failed for Jens Lekman - A Sweet Summer'S Night On Hammer Hill: Error code: 429 - {'error': {'message': 'Too Many Requests', 'type': 'too_many_requests', 'param': None, 'code': 'too_many_requests'}}
Failed for Yann Tiersen - La Valse D'Amélie (Piano Version): Error code: 429 - {'error': {'message': 'Too Many Requests', 'type': 'too_many_requests', 'param': None, 'code': 'too_many_requests'}}
Failed for Kate Bush - A Coral Room: Error code: 429 - {'error': {'message': 'Too Many Requests', 'type': 'too_many_requests', 'param': None, 'code': 'too_many_requests'}}
Failed for British Sea Power - Be Gone: Error code: 429 - {'error': {'message': 'Too Many Requests', 'type': 'too_many_requests', 'param': None, 'code': 'too_many_requests'}}
Failed for The Darkness - Holding My Own: Error code: 429 - {'error': {'message': 'Too Many Requests', 'type': 'too_many_requests', 'param': None, 'code': 'too_many_requests'}}
Failed for Leftfield - Song Of Life: Error code: 429 - {'error': {'message': 'Too Many Requests', 'type': 'too_many_requests', 'param': None, 'code': 'too_many_requests'}}
Failed for Morrissey - Billy Budd: Error code: 429 - {'error': {'message': 'Too Many Requests', 'type': 'too_many_requests', 'param': None, 'code': 'too_many_requests'}}
Failed for Morrissey - All The Lazy Dykes: Error code: 429 - {'error': {'message': 'Too Many Requests', 'type': 'too_many_requests', 'param': None, 'code': 'too_many_requests'}}
Failed for Hot Hot Heat - Pickin' It Up: Error code: 429 - {'error': {'message': 'Too Many Requests', 'type': 'too_many_requests', 'param': None, 'code': 'too_many_requests'}}
Failed for Sentenced - Brief Is The Light: Error code: 429 - {'error': {'message': 'Too Many Requests', 'type': 'too_many_requests', 'param': None, 'code': 'too_many_requests'}}
Failed for Semisonic - Singing In My Sleep: Error code: 429 - {'error': {'message': 'Too Many Requests', 'type': 'too_many_requests', 'param': None, 'code': 'too_many_requests'}}
Failed for Coheed And Cambria - Apollo I: The Writing Writer: Error code: 429 - {'error': {'message': 'Too Many Requests', 'type': 'too_many_requests', 'param': None, 'code': 'too_many_requests'}}
Failed for The Cinematic Orchestra - Dawn: Error code: 429 - {'error': {'message': 'Too Many Requests', 'type': 'too_many_requests', 'param': None, 'code': 'too_many_requests'}}
Failed for John Lennon - Instant Karma: Error code: 429 - {'error': {'message': 'Too Many Requests', 'type': 'too_many_requests', 'param': None, 'code': 'too_many_requests'}}
Failed for Beyoncé - Naughty Girl: Error code: 429 - {'error': {'message': 'Too Many Requests', 'type': 'too_many_requests', 'param': None, 'code': 'too_many_requests'}}
Failed for The Shins - When You Notice The Stripes: Error code: 429 - {'error': {'message': 'Too Many Requests', 'type': 'too_many_requests', 'param': None, 'code': 'too_many_requests'}}
Failed for Killswitch Engage - Declaration: Error code: 429 - {'error': {'message': 'Too Many Requests', 'type': 'too_many_requests', 'param': None, 'code': 'too_many_requests'}}
Failed for Bauhaus - St. Vitus Dance: Error code: 429 - {'error': {'message': 'Too Many Requests', 'type': 'too_many_requests', 'param': None, 'code': 'too_many_requests'}}
Failed for Koop - Let'S Elope: Error code: 429 - {'error': {'message': 'Too Many Requests', 'type': 'too_many_requests', 'param': None, 'code': 'too_many_requests'}}
Failed for The Futureheads - Trying Not To Think About Time: Error code: 429 - {'error': {'message': 'Too Many Requests', 'type': 'too_many_requests', 'param': None, 'code': 'too_many_requests'}}
Failed for Pedro The Lion - Bad Diary Days: Error code: 429 - {'error': {'message': 'Too Many Requests', 'type': 'too_many_requests', 'param': None, 'code': 'too_many_requests'}}
Failed for T.S. Monk - 'Round Midnight: Error code: 429 - {'error': {'message': 'Too Many Requests', 'type': 'too_many_requests', 'param': None, 'code': 'too_many_requests'}}
Failed for The Beatles - I'M Happy Just To Dance With You: Error code: 429 - {'error': {'message': 'Too Many Requests', 'type': 'too_many_requests', 'param': None, 'code': 'too_many_requests'}}
Failed for Jimmy Eat World - Here It Goes: Error code: 429 - {'error': {'message': 'Too Many Requests', 'type': 'too_many_requests', 'param': None, 'code': 'too_many_requests'}}
Failed for The Stranglers - Peaches: Error code: 429 - {'error': {'message': 'Too Many Requests', 'type': 'too_many_requests', 'param': None, 'code': 'too_many_requests'}}
Failed for Stone Temple Pilots - Sex Type Thing: Error code: 429 - {'error': {'message': 'Too Many Requests', 'type': 'too_many_requests', 'param': None, 'code': 'too_many_requests'}}
Failed for Story One - Rescue Us: Error code: 429 - {'error': {'message': 'Too Many Requests', 'type': 'too_many_requests', 'param': None, 'code': 'too_many_requests'}}
Failed for Afi - Halloween: Error code: 429 - {'error': {'message': 'Too Many Requests', 'type': 'too_many_requests', 'param': None, 'code': 'too_many_requests'}}
Failed for Biffy Clyro - 57: Error code: 429 - {'error': {'message': 'Too Many Requests', 'type': 'too_many_requests', 'param': None, 'code': 'too_many_requests'}}
Failed for Live - Run To The Water: Error code: 429 - {'error': {'message': 'Too Many Requests', 'type': 'too_many_requests', 'param': None, 'code': 'too_many_requests'}}
Failed for Jamie T - Brand New Bass Guitar: Error code: 429 - {'error': {'message': 'Too Many Requests', 'type': 'too_many_requests', 'param': None, 'code': 'too_many_requests'}}
Failed for Sonic Syndicate - Soulstone Splinter: Error code: 429 - {'error': {'message': 'Too Many Requests', 'type': 'too_many_requests', 'param': None, 'code': 'too_many_requests'}}
Failed for Olspur - The Renaissance: Error code: 429 - {'error': {'message': 'Too Many Requests', 'type': 'too_many_requests', 'param': None, 'code': 'too_many_requests'}}
Failed for Something Corporate - Down: Error code: 429 - {'error': {'message': 'Too Many Requests', 'type': 'too_many_requests', 'param': None, 'code': 'too_many_requests'}}
Failed for Deep Purple - Never Before: Error code: 429 - {'error': {'message': 'Too Many Requests', 'type': 'too_many_requests', 'param': None, 'code': 'too_many_requests'}}
Failed for Sonic Youth - Shoot: Error code: 429 - {'error': {'message': 'Too Many Requests', 'type': 'too_many_requests', 'param': None, 'code': 'too_many_requests'}}
Failed for Eagles Of Death Metal - I Only Want You: Error code: 429 - {'error': {'message': 'Too Many Requests', 'type': 'too_many_requests', 'param': None, 'code': 'too_many_requests'}}
Failed for Death - Empty Words: Error code: 429 - {'error': {'message': 'Too Many Requests', 'type': 'too_many_requests', 'param': None, 'code': 'too_many_requests'}}
Failed for Maná - Como Un Perro Enloquecido: Error code: 429 - {'error': {'message': 'Too Many Requests', 'type': 'too_many_requests', 'param': None, 'code': 'too_many_requests'}}
Failed for The Duke Spirit - Red Weather: Error code: 429 - {'error': {'message': 'Too Many Requests', 'type': 'too_many_requests', 'param': None, 'code': 'too_many_requests'}}
Failed for Apocalyptica - Struggle: Error code: 429 - {'error': {'message': 'Too Many Requests', 'type': 'too_many_requests', 'param': None, 'code': 'too_many_requests'}}
Failed for Panda Bear - Bros: Error code: 429 - {'error': {'message': 'Too Many Requests', 'type': 'too_many_requests', 'param': None, 'code': 'too_many_requests'}}
Failed for Johnny Cash - Guess Things Happen That Way: Error code: 429 - {'error': {'message': 'Too Many Requests', 'type': 'too_many_requests', 'param': None, 'code': 'too_many_requests'}}
Failed for U2 - The Ground Beneath Her Feet: Error code: 429 - {'error': {'message': 'Too Many Requests', 'type': 'too_many_requests', 'param': None, 'code': 'too_many_requests'}}
Failed for Rooney - Daisy Duke: Error code: 429 - {'error': {'message': 'Too Many Requests', 'type': 'too_many_requests', 'param': None, 'code': 'too_many_requests'}}
Failed for Blur - Sing: Error code: 429 - {'error': {'message': 'Too Many Requests', 'type': 'too_many_requests', 'param': None, 'code': 'too_many_requests'}}
Failed for The Duke Spirit - Lion Rip: Error code: 429 - {'error': {'message': 'Too Many Requests', 'type': 'too_many_requests', 'param': None, 'code': 'too_many_requests'}}
Failed for Wilco - Pieholden Suite: Error code: 429 - {'error': {'message': 'Too Many Requests', 'type': 'too_many_requests', 'param': None, 'code': 'too_many_requests'}}
Failed for Wilco - My Darling: Error code: 429 - {'error': {'message': 'Too Many Requests', 'type': 'too_many_requests', 'param': None, 'code': 'too_many_requests'}}
Failed for 65Daysofstatic - When We Were Younger & Better: Error code: 429 - {'error': {'message': 'Too Many Requests', 'type': 'too_many_requests', 'param': None, 'code': 'too_many_requests'}}
Failed for Sentenced - Where Waters Fall Frozen: Error code: 429 - {'error': {'message': 'Too Many Requests', 'type': 'too_many_requests', 'param': None, 'code': 'too_many_requests'}}
Failed for Meshuggah - Future Breed Machine: Error code: 429 - {'error': {'message': 'Too Many Requests', 'type': 'too_many_requests', 'param': None, 'code': 'too_many_requests'}}
Failed for Queen - Good Old Fashioned Lover Boy: Error code: 429 - {'error': {'message': 'Too Many Requests', 'type': 'too_many_requests', 'param': None, 'code': 'too_many_requests'}}
Failed for 1200 Micrograms - The Creation: Error code: 429 - {'error': {'message': 'Too Many Requests', 'type': 'too_many_requests', 'param': None, 'code': 'too_many_requests'}}
Failed for Richard Hell & The Voidoids - Love Comes In Spurts: Error code: 429 - {'error': {'message': 'Too Many Requests', 'type': 'too_many_requests', 'param': None, 'code': 'too_many_requests'}}
Failed for Smog - The Well: Error code: 429 - {'error': {'message': 'Too Many Requests', 'type': 'too_many_requests', 'param': None, 'code': 'too_many_requests'}}
Failed for Spoon - Believing Is Art: Error code: 429 - {'error': {'message': 'Too Many Requests', 'type': 'too_many_requests', 'param': None, 'code': 'too_many_requests'}}
Failed for Smog - Rock Bottom Riser: Error code: 429 - {'error': {'message': 'Too Many Requests', 'type': 'too_many_requests', 'param': None, 'code': 'too_many_requests'}}
Failed for Sia - The Church Of What'S Happening Now: Error code: 429 - {'error': {'message': 'Too Many Requests', 'type': 'too_many_requests', 'param': None, 'code': 'too_many_requests'}}
Failed for Beastie Boys - Sabrosa: Error code: 429 - {'error': {'message': 'Too Many Requests', 'type': 'too_many_requests', 'param': None, 'code': 'too_many_requests'}}
600/2988 done
Failed for Pj Harvey - No Girl So Sweet: Error code: 429 - {'error': {'message': 'Too Many Requests', 'type': 'too_many_requests', 'param': None, 'code': 'too_many_requests'}}
Failed for M.I.A. - Paper Planes (Dfa Remix): Error code: 429 - {'error': {'message': 'Too Many Requests', 'type': 'too_many_requests', 'param': None, 'code': 'too_many_requests'}}
Failed for Dave Matthews Band - Satellite: Error code: 429 - {'error': {'message': 'Too Many Requests', 'type': 'too_many_requests', 'param': None, 'code': 'too_many_requests'}}
Failed for M83 - Farewell / Goodbye: Error code: 429 - {'error': {'message': 'Too Many Requests', 'type': 'too_many_requests', 'param': None, 'code': 'too_many_requests'}}
Failed for Ultravox - All Stood Still: Error code: 429 - {'error': {'message': 'Too Many Requests', 'type': 'too_many_requests', 'param': None, 'code': 'too_many_requests'}}
Failed for Andrew W.K. - She Is Beautiful: Error code: 429 - {'error': {'message': 'Too Many Requests', 'type': 'too_many_requests', 'param': None, 'code': 'too_many_requests'}}
Failed for Pj Harvey - Highway '61 Revisited: Error code: 429 - {'error': {'message': 'Too Many Requests', 'type': 'too_many_requests', 'param': None, 'code': 'too_many_requests'}}
Failed for Pj Harvey - Missed: Error code: 429 - {'error': {'message': 'Too Many Requests', 'type': 'too_many_requests', 'param': None, 'code': 'too_many_requests'}}
Failed for Vnv Nation - Legion: Error code: 429 - {'error': {'message': 'Too Many Requests', 'type': 'too_many_requests', 'param': None, 'code': 'too_many_requests'}}
Failed for Mando Diao - Added Family: Error code: 429 - {'error': {'message': 'Too Many Requests', 'type': 'too_many_requests', 'param': None, 'code': 'too_many_requests'}}
Failed for Ramones - Do You Remember Rock 'N' Roll Radio?: Error code: 429 - {'error': {'message': 'Too Many Requests', 'type': 'too_many_requests', 'param': None, 'code': 'too_many_requests'}}
Failed for The Cure - Just Say Yes: Error code: 429 - {'error': {'message': 'Too Many Requests', 'type': 'too_many_requests', 'param': None, 'code': 'too_many_requests'}}
Failed for Tori Amos - Northern Lad: Error code: 429 - {'error': {'message': 'Too Many Requests', 'type': 'too_many_requests', 'param': None, 'code': 'too_many_requests'}}
Failed for Britney Spears - Born To Make You Happy: Error code: 429 - {'error': {'message': 'Too Many Requests', 'type': 'too_many_requests', 'param': None, 'code': 'too_many_requests'}}
Failed for The Faint - Birth: Error code: 429 - {'error': {'message': 'Too Many Requests', 'type': 'too_many_requests', 'param': None, 'code': 'too_many_requests'}}
Failed for Pearl Jam - Breath: Error code: 429 - {'error': {'message': 'Too Many Requests', 'type': 'too_many_requests', 'param': None, 'code': 'too_many_requests'}}
Failed for Adam Green - We'Re Not Supposed To Be Lovers: Error code: 429 - {'error': {'message': 'Too Many Requests', 'type': 'too_many_requests', 'param': None, 'code': 'too_many_requests'}}
Failed for George Michael - Careless Whisper: Error code: 429 - {'error': {'message': 'Too Many Requests', 'type': 'too_many_requests', 'param': None, 'code': 'too_many_requests'}}
Failed for Madonna - Incredible: Error code: 429 - {'error': {'message': 'Too Many Requests', 'type': 'too_many_requests', 'param': None, 'code': 'too_many_requests'}}
Failed for Bel Canto - Disappear Club 5: Error code: 429 - {'error': {'message': 'Too Many Requests', 'type': 'too_many_requests', 'param': None, 'code': 'too_many_requests'}}
Failed for Public Image Ltd. - Public Image: Error code: 429 - {'error': {'message': 'Too Many Requests', 'type': 'too_many_requests', 'param': None, 'code': 'too_many_requests'}}
Failed for Björk - Sonnets / Unrealities Xi: Error code: 429 - {'error': {'message': 'Too Many Requests', 'type': 'too_many_requests', 'param': None, 'code': 'too_many_requests'}}
Failed for Thursday - Paris In Flames: Error code: 429 - {'error': {'message': 'Too Many Requests', 'type': 'too_many_requests', 'param': None, 'code': 'too_many_requests'}}
Failed for Nada Surf - Do It Again: Error code: 429 - {'error': {'message': 'Too Many Requests', 'type': 'too_many_requests', 'param': None, 'code': 'too_many_requests'}}
Failed for Nada Surf - Concrete Bed: Error code: 429 - {'error': {'message': 'Too Many Requests', 'type': 'too_many_requests', 'param': None, 'code': 'too_many_requests'}}
Failed for James Blunt - Same Mistake: Error code: 429 - {'error': {'message': 'Too Many Requests', 'type': 'too_many_requests', 'param': None, 'code': 'too_many_requests'}}
Failed for Fightstar - Mono: Error code: 429 - {'error': {'message': 'Too Many Requests', 'type': 'too_many_requests', 'param': None, 'code': 'too_many_requests'}}
Failed for Fischerspooner - Natural Disaster: Error code: 429 - {'error': {'message': 'Too Many Requests', 'type': 'too_many_requests', 'param': None, 'code': 'too_many_requests'}}
Failed for Tom Petty And The Heartbreakers - Free Fallin': Error code: 429 - {'error': {'message': 'Too Many Requests', 'type': 'too_many_requests', 'param': None, 'code': 'too_many_requests'}}
Failed for Beck - Cold Brains: Error code: 429 - {'error': {'message': 'Too Many Requests', 'type': 'too_many_requests', 'param': None, 'code': 'too_many_requests'}}
Failed for Mokoma - Ärräpää: Error code: 429 - {'error': {'message': 'Too Many Requests', 'type': 'too_many_requests', 'param': None, 'code': 'too_many_requests'}}
Failed for Lou Reed - New York Telephone Conversation: Error code: 429 - {'error': {'message': 'Too Many Requests', 'type': 'too_many_requests', 'param': None, 'code': 'too_many_requests'}}
Failed for Saves The Day - At Your Funeral: Error code: 429 - {'error': {'message': 'Too Many Requests', 'type': 'too_many_requests', 'param': None, 'code': 'too_many_requests'}}
Failed for Saves The Day - Firefly: Error code: 429 - {'error': {'message': 'Too Many Requests', 'type': 'too_many_requests', 'param': None, 'code': 'too_many_requests'}}
Failed for The Jesus And Mary Chain - Sidewalking: Error code: 429 - {'error': {'message': 'Too Many Requests', 'type': 'too_many_requests', 'param': None, 'code': 'too_many_requests'}}
Failed for Regina Spektor - Prisoners: Error code: 429 - {'error': {'message': 'Too Many Requests', 'type': 'too_many_requests', 'param': None, 'code': 'too_many_requests'}}
Failed for Dead Meadow - Heaven: Error code: 429 - {'error': {'message': 'Too Many Requests', 'type': 'too_many_requests', 'param': None, 'code': 'too_many_requests'}}
Failed for U2 - White As Snow: Error code: 429 - {'error': {'message': 'Too Many Requests', 'type': 'too_many_requests', 'param': None, 'code': 'too_many_requests'}}
Failed for The Pigeon Detectives - You Know I Love You: Error code: 429 - {'error': {'message': 'Too Many Requests', 'type': 'too_many_requests', 'param': None, 'code': 'too_many_requests'}}
Failed for Hooverphonic - Battersea: Error code: 429 - {'error': {'message': 'Too Many Requests', 'type': 'too_many_requests', 'param': None, 'code': 'too_many_requests'}}
Failed for Giant Drag - High Friends In Places: Error code: 429 - {'error': {'message': 'Too Many Requests', 'type': 'too_many_requests', 'param': None, 'code': 'too_many_requests'}}
Failed for Pavement - Stop Breathin': Error code: 429 - {'error': {'message': 'Too Many Requests', 'type': 'too_many_requests', 'param': None, 'code': 'too_many_requests'}}
Failed for Guns N' Roses - Shotgun Blues: Error code: 429 - {'error': {'message': 'Too Many Requests', 'type': 'too_many_requests', 'param': None, 'code': 'too_many_requests'}}
Failed for The Mary Onettes - Lost: Error code: 429 - {'error': {'message': 'Too Many Requests', 'type': 'too_many_requests', 'param': None, 'code': 'too_many_requests'}}
Failed for Of Montreal - Chrissy Kiss The Corpse: Error code: 429 - {'error': {'message': 'Too Many Requests', 'type': 'too_many_requests', 'param': None, 'code': 'too_many_requests'}}
Failed for Final Fantasy - If I Were A Carp: Error code: 429 - {'error': {'message': 'Too Many Requests', 'type': 'too_many_requests', 'param': None, 'code': 'too_many_requests'}}
Failed for Death From Above 1979 - Dead Womb: Error code: 429 - {'error': {'message': 'Too Many Requests', 'type': 'too_many_requests', 'param': None, 'code': 'too_many_requests'}}
Failed for Antony And The Johnsons - Her Eyes Are Underneath The Ground: Error code: 429 - {'error': {'message': 'Too Many Requests', 'type': 'too_many_requests', 'param': None, 'code': 'too_many_requests'}}
Failed for Death From Above 1979 - If We Don'T Make It We'Ll Fake It: Error code: 429 - {'error': {'message': 'Too Many Requests', 'type': 'too_many_requests', 'param': None, 'code': 'too_many_requests'}}
Failed for Devendra Banhart - Bad Girl: Error code: 429 - {'error': {'message': 'Too Many Requests', 'type': 'too_many_requests', 'param': None, 'code': 'too_many_requests'}}
Failed for Brendan Benson - Alternative To Love: Error code: 429 - {'error': {'message': 'Too Many Requests', 'type': 'too_many_requests', 'param': None, 'code': 'too_many_requests'}}
Failed for R.E.M. - Accelerate: Error code: 429 - {'error': {'message': 'Too Many Requests', 'type': 'too_many_requests', 'param': None, 'code': 'too_many_requests'}}
Failed for Kanye West - Roses: Error code: 429 - {'error': {'message': 'Too Many Requests', 'type': 'too_many_requests', 'param': None, 'code': 'too_many_requests'}}
Failed for Ratatat - Spanish Armada: Error code: 429 - {'error': {'message': 'Too Many Requests', 'type': 'too_many_requests', 'param': None, 'code': 'too_many_requests'}}
Failed for Motörhead - Love Me Like A Reptile: Error code: 429 - {'error': {'message': 'Too Many Requests', 'type': 'too_many_requests', 'param': None, 'code': 'too_many_requests'}}
Failed for Yellowcard - Empty Apartment: Error code: 429 - {'error': {'message': 'Too Many Requests', 'type': 'too_many_requests', 'param': None, 'code': 'too_many_requests'}}
Failed for Goldfrapp - Horse Tears: Error code: 429 - {'error': {'message': 'Too Many Requests', 'type': 'too_many_requests', 'param': None, 'code': 'too_many_requests'}}
Failed for Mando Diao - Long Before Rock'N'Roll: Error code: 429 - {'error': {'message': 'Too Many Requests', 'type': 'too_many_requests', 'param': None, 'code': 'too_many_requests'}}
Failed for Vitalic - Wooo: Error code: 429 - {'error': {'message': 'Too Many Requests', 'type': 'too_many_requests', 'param': None, 'code': 'too_many_requests'}}
Failed for Goldfrapp - Felt Mountain: Error code: 429 - {'error': {'message': 'Too Many Requests', 'type': 'too_many_requests', 'param': None, 'code': 'too_many_requests'}}
Failed for Tori Amos - Siren: Error code: 429 - {'error': {'message': 'Too Many Requests', 'type': 'too_many_requests', 'param': None, 'code': 'too_many_requests'}}
Failed for The Who - Christmas: Error code: 429 - {'error': {'message': 'Too Many Requests', 'type': 'too_many_requests', 'param': None, 'code': 'too_many_requests'}}
Failed for After Forever - Estranged (A Timeless Spell): Error code: 429 - {'error': {'message': 'Too Many Requests', 'type': 'too_many_requests', 'param': None, 'code': 'too_many_requests'}}
Failed for Venetian Snares - Szerencsétlen: Error code: 429 - {'error': {'message': 'Too Many Requests', 'type': 'too_many_requests', 'param': None, 'code': 'too_many_requests'}}
Failed for Friendly Fires - White Diamonds: Error code: 429 - {'error': {'message': 'Too Many Requests', 'type': 'too_many_requests', 'param': None, 'code': 'too_many_requests'}}
Failed for Juli - Perfekte Welle: Error code: 429 - {'error': {'message': 'Too Many Requests', 'type': 'too_many_requests', 'param': None, 'code': 'too_many_requests'}}
Failed for Herbert - Something Isn'T Right: Error code: 429 - {'error': {'message': 'Too Many Requests', 'type': 'too_many_requests', 'param': None, 'code': 'too_many_requests'}}
Failed for Ville Valo & Nathalia Avelon - Summer Wine: Error code: 429 - {'error': {'message': 'Too Many Requests', 'type': 'too_many_requests', 'param': None, 'code': 'too_many_requests'}}
Failed for Regina Spektor - Lacrimosa: Error code: 429 - {'error': {'message': 'Too Many Requests', 'type': 'too_many_requests', 'param': None, 'code': 'too_many_requests'}}
Failed for Yo La Tengo - Daphnia: Error code: 429 - {'error': {'message': 'Too Many Requests', 'type': 'too_many_requests', 'param': None, 'code': 'too_many_requests'}}
Failed for Mastodon - March Of The Fire Ants: Error code: 429 - {'error': {'message': 'Too Many Requests', 'type': 'too_many_requests', 'param': None, 'code': 'too_many_requests'}}
Failed for Clark - Vengeance Drools: Error code: 429 - {'error': {'message': 'Too Many Requests', 'type': 'too_many_requests', 'param': None, 'code': 'too_many_requests'}}
Failed for Nightwish - 7 Days To The Wolves: Error code: 429 - {'error': {'message': 'Too Many Requests', 'type': 'too_many_requests', 'param': None, 'code': 'too_many_requests'}}
Failed for The Early November - I Want To Hear You Sad: Error code: 429 - {'error': {'message': 'Too Many Requests', 'type': 'too_many_requests', 'param': None, 'code': 'too_many_requests'}}
Failed for The Coral - Simon Diamond: Error code: 429 - {'error': {'message': 'Too Many Requests', 'type': 'too_many_requests', 'param': None, 'code': 'too_many_requests'}}
Failed for Ben Folds Five - Song For The Dumped: Error code: 429 - {'error': {'message': 'Too Many Requests', 'type': 'too_many_requests', 'param': None, 'code': 'too_many_requests'}}
Failed for Glass Candy - Beatific: Error code: 429 - {'error': {'message': 'Too Many Requests', 'type': 'too_many_requests', 'param': None, 'code': 'too_many_requests'}}
Failed for The Rolling Stones - It'S All Over Now: Error code: 429 - {'error': {'message': 'Too Many Requests', 'type': 'too_many_requests', 'param': None, 'code': 'too_many_requests'}}
Failed for Turbonegro - Are You Ready (For Some Darkness): Error code: 429 - {'error': {'message': 'Too Many Requests', 'type': 'too_many_requests', 'param': None, 'code': 'too_many_requests'}}
Failed for Amy Winehouse - October Song: Error code: 429 - {'error': {'message': 'Too Many Requests', 'type': 'too_many_requests', 'param': None, 'code': 'too_many_requests'}}
Failed for Nightmares On Wax - Nights Interlude: Error code: 429 - {'error': {'message': 'Too Many Requests', 'type': 'too_many_requests', 'param': None, 'code': 'too_many_requests'}}
Failed for The Smashing Pumpkins - Bleeding The Orchid: Error code: 429 - {'error': {'message': 'Too Many Requests', 'type': 'too_many_requests', 'param': None, 'code': 'too_many_requests'}}
Failed for Guided By Voices - Buzzards And Dreadful Crows: Error code: 429 - {'error': {'message': 'Too Many Requests', 'type': 'too_many_requests', 'param': None, 'code': 'too_many_requests'}}
Failed for 65Daysofstatic - The Big Afraid: Error code: 429 - {'error': {'message': 'Too Many Requests', 'type': 'too_many_requests', 'param': None, 'code': 'too_many_requests'}}
Failed for God Is An Astronaut - Infinite Horizons: Error code: 429 - {'error': {'message': 'Too Many Requests', 'type': 'too_many_requests', 'param': None, 'code': 'too_many_requests'}}
Failed for Mesh - It Scares Me: Error code: 429 - {'error': {'message': 'Too Many Requests', 'type': 'too_many_requests', 'param': None, 'code': 'too_many_requests'}}
Failed for Anton Maiden - 22 Acacia Avenue: Error code: 429 - {'error': {'message': 'Too Many Requests', 'type': 'too_many_requests', 'param': None, 'code': 'too_many_requests'}}
Failed for Ryan Adams - Desire: Error code: 429 - {'error': {'message': 'Too Many Requests', 'type': 'too_many_requests', 'param': None, 'code': 'too_many_requests'}}
Failed for Scar Symmetry - Slaves To The Subliminal: Error code: 429 - {'error': {'message': 'Too Many Requests', 'type': 'too_many_requests', 'param': None, 'code': 'too_many_requests'}}
Failed for Deftones - Pink Maggit: Error code: 429 - {'error': {'message': 'Too Many Requests', 'type': 'too_many_requests', 'param': None, 'code': 'too_many_requests'}}
Failed for Metallica - Am I Evil?: Error code: 429 - {'error': {'message': 'Too Many Requests', 'type': 'too_many_requests', 'param': None, 'code': 'too_many_requests'}}
Failed for Paradise Lost - Accept The Pain: Error code: 429 - {'error': {'message': 'Too Many Requests', 'type': 'too_many_requests', 'param': None, 'code': 'too_many_requests'}}
Failed for Shout Out Louds - You Are Dreaming: Error code: 429 - {'error': {'message': 'Too Many Requests', 'type': 'too_many_requests', 'param': None, 'code': 'too_many_requests'}}
Failed for Dashboard Confessional - Dusk And Summer: Error code: 429 - {'error': {'message': 'Too Many Requests', 'type': 'too_many_requests', 'param': None, 'code': 'too_many_requests'}}
Failed for Bat For Lashes - Peace Of Mind: Error code: 429 - {'error': {'message': 'Too Many Requests', 'type': 'too_many_requests', 'param': None, 'code': 'too_many_requests'}}
Failed for Fischerspooner - The Best Revenge: Error code: 429 - {'error': {'message': 'Too Many Requests', 'type': 'too_many_requests', 'param': None, 'code': 'too_many_requests'}}
700/2988 done
Failed for Sonic Youth - Pattern Recognition: Error code: 429 - {'error': {'message': 'Too Many Requests', 'type': 'too_many_requests', 'param': None, 'code': 'too_many_requests'}}
Failed for Alkaline Trio - This Could Be Love: Error code: 429 - {'error': {'message': 'Too Many Requests', 'type': 'too_many_requests', 'param': None, 'code': 'too_many_requests'}}
Failed for Chris Cornell - Can'T Change Me: Error code: 429 - {'error': {'message': 'Too Many Requests', 'type': 'too_many_requests', 'param': None, 'code': 'too_many_requests'}}
Failed for Refused - Liberation Frequency: Error code: 429 - {'error': {'message': 'Too Many Requests', 'type': 'too_many_requests', 'param': None, 'code': 'too_many_requests'}}
Failed for Dark Tranquillity - Inside The Particle Storm: Error code: 429 - {'error': {'message': 'Too Many Requests', 'type': 'too_many_requests', 'param': None, 'code': 'too_many_requests'}}
Failed for Elliott Smith - Going Nowhere: Error code: 429 - {'error': {'message': 'Too Many Requests', 'type': 'too_many_requests', 'param': None, 'code': 'too_many_requests'}}
Failed for Queen - These Are The Days Of Our Lives: Error code: 429 - {'error': {'message': 'Too Many Requests', 'type': 'too_many_requests', 'param': None, 'code': 'too_many_requests'}}
Failed for Fair To Midland - The Walls Of Jericho: Error code: 429 - {'error': {'message': 'Too Many Requests', 'type': 'too_many_requests', 'param': None, 'code': 'too_many_requests'}}
Failed for My Morning Jacket - Lay Low: Error code: 429 - {'error': {'message': 'Too Many Requests', 'type': 'too_many_requests', 'param': None, 'code': 'too_many_requests'}}
Failed for Kreator - People Of The Lie: Error code: 429 - {'error': {'message': 'Too Many Requests', 'type': 'too_many_requests', 'param': None, 'code': 'too_many_requests'}}
Failed for Doves - Last Broadcast: Error code: 429 - {'error': {'message': 'Too Many Requests', 'type': 'too_many_requests', 'param': None, 'code': 'too_many_requests'}}
Failed for Jack Johnson - Cocoon: Error code: 429 - {'error': {'message': 'Too Many Requests', 'type': 'too_many_requests', 'param': None, 'code': 'too_many_requests'}}
Failed for The White Stripes - The Big Three Killed My Baby: Error code: 429 - {'error': {'message': 'Too Many Requests', 'type': 'too_many_requests', 'param': None, 'code': 'too_many_requests'}}
Failed for The Verve - A New Decade: Error code: 429 - {'error': {'message': 'Too Many Requests', 'type': 'too_many_requests', 'param': None, 'code': 'too_many_requests'}}
Failed for Blackmore'S Night - Under A Violet Moon: Error code: 429 - {'error': {'message': 'Too Many Requests', 'type': 'too_many_requests', 'param': None, 'code': 'too_many_requests'}}
Failed for Dark Tranquillity - The New Build: Error code: 429 - {'error': {'message': 'Too Many Requests', 'type': 'too_many_requests', 'param': None, 'code': 'too_many_requests'}}
Failed for Starsailor - Lullaby: Error code: 429 - {'error': {'message': 'Too Many Requests', 'type': 'too_many_requests', 'param': None, 'code': 'too_many_requests'}}
Failed for 1200 Micrograms - Hashish: Error code: 429 - {'error': {'message': 'Too Many Requests', 'type': 'too_many_requests', 'param': None, 'code': 'too_many_requests'}}
Failed for System Of A Down - Cubert: Error code: 429 - {'error': {'message': 'Too Many Requests', 'type': 'too_many_requests', 'param': None, 'code': 'too_many_requests'}}
Failed for Evanescence - You: Error code: 429 - {'error': {'message': 'Too Many Requests', 'type': 'too_many_requests', 'param': None, 'code': 'too_many_requests'}}
Failed for Bob Dylan - Buckets Of Rain: Error code: 429 - {'error': {'message': 'Too Many Requests', 'type': 'too_many_requests', 'param': None, 'code': 'too_many_requests'}}
Failed for Bright Eyes - Arienette: Error code: 429 - {'error': {'message': 'Too Many Requests', 'type': 'too_many_requests', 'param': None, 'code': 'too_many_requests'}}
Failed for Arab Strap - (If There'S) No Hope For Us: Error code: 429 - {'error': {'message': 'Too Many Requests', 'type': 'too_many_requests', 'param': None, 'code': 'too_many_requests'}}
Failed for Cold War Kids - Rubidoux: Error code: 429 - {'error': {'message': 'Too Many Requests', 'type': 'too_many_requests', 'param': None, 'code': 'too_many_requests'}}
Failed for Syd Barrett - Terrapin: Error code: 429 - {'error': {'message': 'Too Many Requests', 'type': 'too_many_requests', 'param': None, 'code': 'too_many_requests'}}
Failed for Pj Harvey - The River: Error code: 429 - {'error': {'message': 'Too Many Requests', 'type': 'too_many_requests', 'param': None, 'code': 'too_many_requests'}}
Failed for Unkle - Price You Pay: Error code: 429 - {'error': {'message': 'Too Many Requests', 'type': 'too_many_requests', 'param': None, 'code': 'too_many_requests'}}
Failed for Syd Barrett - Dark Globe: Error code: 429 - {'error': {'message': 'Too Many Requests', 'type': 'too_many_requests', 'param': None, 'code': 'too_many_requests'}}
Failed for Eurythmics - Who'S That Girl?: Error code: 429 - {'error': {'message': 'Too Many Requests', 'type': 'too_many_requests', 'param': None, 'code': 'too_many_requests'}}
Failed for Kent - Den Döda Vinkeln: Error code: 429 - {'error': {'message': 'Too Many Requests', 'type': 'too_many_requests', 'param': None, 'code': 'too_many_requests'}}
Failed for J Dilla - Nothing Like This: Error code: 429 - {'error': {'message': 'Too Many Requests', 'type': 'too_many_requests', 'param': None, 'code': 'too_many_requests'}}
Failed for M.I.A. - Mango Pickle Down River (Feat. The Wilcannia Mob): Error code: 429 - {'error': {'message': 'Too Many Requests', 'type': 'too_many_requests', 'param': None, 'code': 'too_many_requests'}}
Failed for Red Sparowes - Our Happiest Days Slowly Began To Turn Into Dust.: Error code: 429 - {'error': {'message': 'Too Many Requests', 'type': 'too_many_requests', 'param': None, 'code': 'too_many_requests'}}
Failed for Britney Spears - Showdown: Error code: 429 - {'error': {'message': 'Too Many Requests', 'type': 'too_many_requests', 'param': None, 'code': 'too_many_requests'}}
Failed for Lamb - Bonfire: Error code: 429 - {'error': {'message': 'Too Many Requests', 'type': 'too_many_requests', 'param': None, 'code': 'too_many_requests'}}
Failed for Type O Negative - Wolf Moon (Including Zoanthropic Paranoia): Error code: 429 - {'error': {'message': 'Too Many Requests', 'type': 'too_many_requests', 'param': None, 'code': 'too_many_requests'}}
Failed for Antony And The Johnsons - Daylight And The Sun: Error code: 429 - {'error': {'message': 'Too Many Requests', 'type': 'too_many_requests', 'param': None, 'code': 'too_many_requests'}}
Failed for Cursive - Art Is Hard: Error code: 429 - {'error': {'message': 'Too Many Requests', 'type': 'too_many_requests', 'param': None, 'code': 'too_many_requests'}}
Failed for The New Pornographers - Mystery Hours: Error code: 429 - {'error': {'message': 'Too Many Requests', 'type': 'too_many_requests', 'param': None, 'code': 'too_many_requests'}}
Failed for Manowar - Call To Arms: Error code: 429 - {'error': {'message': 'Too Many Requests', 'type': 'too_many_requests', 'param': None, 'code': 'too_many_requests'}}
Failed for Clor - Good Stuff: Error code: 429 - {'error': {'message': 'Too Many Requests', 'type': 'too_many_requests', 'param': None, 'code': 'too_many_requests'}}
Failed for The Red Jumpsuit Apparatus - False Pretense: Error code: 429 - {'error': {'message': 'Too Many Requests', 'type': 'too_many_requests', 'param': None, 'code': 'too_many_requests'}}
Failed for Soda Stereo - Primavera 0: Error code: 429 - {'error': {'message': 'Too Many Requests', 'type': 'too_many_requests', 'param': None, 'code': 'too_many_requests'}}
Failed for The Wombats - Kill The Director: Error code: 429 - {'error': {'message': 'Too Many Requests', 'type': 'too_many_requests', 'param': None, 'code': 'too_many_requests'}}
Failed for ...And You Will Know Us By The Trail Of Dead - Days Of Being Wild: Error code: 429 - {'error': {'message': 'Too Many Requests', 'type': 'too_many_requests', 'param': None, 'code': 'too_many_requests'}}
Failed for My Dying Bride - I Cannot Be Loved: Error code: 429 - {'error': {'message': 'Too Many Requests', 'type': 'too_many_requests', 'param': None, 'code': 'too_many_requests'}}
Failed for Nine Inch Nails - A Violet Fluid: Error code: 429 - {'error': {'message': 'Too Many Requests', 'type': 'too_many_requests', 'param': None, 'code': 'too_many_requests'}}
Failed for Queens Of The Stone Age - Lightning Song: Error code: 429 - {'error': {'message': 'Too Many Requests', 'type': 'too_many_requests', 'param': None, 'code': 'too_many_requests'}}
Failed for Nevermore - My Acid Words: Error code: 429 - {'error': {'message': 'Too Many Requests', 'type': 'too_many_requests', 'param': None, 'code': 'too_many_requests'}}
Failed for The All-American Rejects - Swing Swing: Error code: 429 - {'error': {'message': 'Too Many Requests', 'type': 'too_many_requests', 'param': None, 'code': 'too_many_requests'}}
Failed for The All-American Rejects - The Last Song: Error code: 429 - {'error': {'message': 'Too Many Requests', 'type': 'too_many_requests', 'param': None, 'code': 'too_many_requests'}}
Failed for Razorlight - In The City: Error code: 429 - {'error': {'message': 'Too Many Requests', 'type': 'too_many_requests', 'param': None, 'code': 'too_many_requests'}}
Failed for Kristen Barry - Ordinary Life: Error code: 429 - {'error': {'message': 'Too Many Requests', 'type': 'too_many_requests', 'param': None, 'code': 'too_many_requests'}}
Failed for Behemoth - Conquer All: Error code: 429 - {'error': {'message': 'Too Many Requests', 'type': 'too_many_requests', 'param': None, 'code': 'too_many_requests'}}
Failed for The Streets - Never Went To Church: Error code: 429 - {'error': {'message': 'Too Many Requests', 'type': 'too_many_requests', 'param': None, 'code': 'too_many_requests'}}
Failed for Ayreon - Day Seven: Hope: Error code: 429 - {'error': {'message': 'Too Many Requests', 'type': 'too_many_requests', 'param': None, 'code': 'too_many_requests'}}
Failed for Late Of The Pier - Vw: Error code: 429 - {'error': {'message': 'Too Many Requests', 'type': 'too_many_requests', 'param': None, 'code': 'too_many_requests'}}
Failed for Elliott Smith - No Name #4: Error code: 429 - {'error': {'message': 'Too Many Requests', 'type': 'too_many_requests', 'param': None, 'code': 'too_many_requests'}}
Failed for Dead Kennedys - Police Truck: Error code: 429 - {'error': {'message': 'Too Many Requests', 'type': 'too_many_requests', 'param': None, 'code': 'too_many_requests'}}
Failed for Red Hot Chili Peppers - Animal Bar: Error code: 429 - {'error': {'message': 'Too Many Requests', 'type': 'too_many_requests', 'param': None, 'code': 'too_many_requests'}}
Failed for Joh N Legend - Used To Love U: Error code: 429 - {'error': {'message': 'Too Many Requests', 'type': 'too_many_requests', 'param': None, 'code': 'too_many_requests'}}
Failed for Red Hot Chili Peppers - Storm In A Teacup: Error code: 429 - {'error': {'message': 'Too Many Requests', 'type': 'too_many_requests', 'param': None, 'code': 'too_many_requests'}}
Failed for Gnarls Barkley - Who Cares?: Error code: 429 - {'error': {'message': 'Too Many Requests', 'type': 'too_many_requests', 'param': None, 'code': 'too_many_requests'}}
Failed for Tegan And Sara - I Can'T Take It: Error code: 429 - {'error': {'message': 'Too Many Requests', 'type': 'too_many_requests', 'param': None, 'code': 'too_many_requests'}}
Failed for Kitchens Of Distinction - Prize (Demo): Error code: 429 - {'error': {'message': 'Too Many Requests', 'type': 'too_many_requests', 'param': None, 'code': 'too_many_requests'}}
Failed for Aereogramme - Nightmares: Error code: 429 - {'error': {'message': 'Too Many Requests', 'type': 'too_many_requests', 'param': None, 'code': 'too_many_requests'}}
Failed for Aereogramme - Exits: Error code: 429 - {'error': {'message': 'Too Many Requests', 'type': 'too_many_requests', 'param': None, 'code': 'too_many_requests'}}
Failed for Modest Mouse - Beach Side Property: Error code: 429 - {'error': {'message': 'Too Many Requests', 'type': 'too_many_requests', 'param': None, 'code': 'too_many_requests'}}
Failed for Red House Painters - Summer Dress: Error code: 429 - {'error': {'message': 'Too Many Requests', 'type': 'too_many_requests', 'param': None, 'code': 'too_many_requests'}}
Failed for I Am Kloot - Proof: Error code: 429 - {'error': {'message': 'Too Many Requests', 'type': 'too_many_requests', 'param': None, 'code': 'too_many_requests'}}
Failed for Enigma - Boum-Boum: Error code: 429 - {'error': {'message': 'Too Many Requests', 'type': 'too_many_requests', 'param': None, 'code': 'too_many_requests'}}
Failed for Enigma - Voyageur: Error code: 429 - {'error': {'message': 'Too Many Requests', 'type': 'too_many_requests', 'param': None, 'code': 'too_many_requests'}}
Failed for Skindred - Nobody: Error code: 429 - {'error': {'message': 'Too Many Requests', 'type': 'too_many_requests', 'param': None, 'code': 'too_many_requests'}}
Failed for Siouxsie And The Banshees - Kiss Them For Me: Error code: 429 - {'error': {'message': 'Too Many Requests', 'type': 'too_many_requests', 'param': None, 'code': 'too_many_requests'}}
Failed for Alter Bridge - Open Your Eyes: Error code: 429 - {'error': {'message': 'Too Many Requests', 'type': 'too_many_requests', 'param': None, 'code': 'too_many_requests'}}
Failed for The Who - It'S A Boy: Error code: 429 - {'error': {'message': 'Too Many Requests', 'type': 'too_many_requests', 'param': None, 'code': 'too_many_requests'}}
Failed for Ensiferum - Abandoned: Error code: 429 - {'error': {'message': 'Too Many Requests', 'type': 'too_many_requests', 'param': None, 'code': 'too_many_requests'}}
Failed for Rage Against The Machine - How I Could Just Kill A Man: Error code: 429 - {'error': {'message': 'Too Many Requests', 'type': 'too_many_requests', 'param': None, 'code': 'too_many_requests'}}
Failed for Radiohead - Scatterbrain. (As Dead As Leaves.): Error code: 429 - {'error': {'message': 'Too Many Requests', 'type': 'too_many_requests', 'param': None, 'code': 'too_many_requests'}}
Failed for Saosin - Come Close: Error code: 429 - {'error': {'message': 'Too Many Requests', 'type': 'too_many_requests', 'param': None, 'code': 'too_many_requests'}}
Failed for Green Carnation - Sweet Leaf: Error code: 429 - {'error': {'message': 'Too Many Requests', 'type': 'too_many_requests', 'param': None, 'code': 'too_many_requests'}}
Failed for Skinny Puppy - Inquisition: Error code: 429 - {'error': {'message': 'Too Many Requests', 'type': 'too_many_requests', 'param': None, 'code': 'too_many_requests'}}
Failed for Katharine Mcphee - Over It: Error code: 429 - {'error': {'message': 'Too Many Requests', 'type': 'too_many_requests', 'param': None, 'code': 'too_many_requests'}}
Failed for The Who - Love Ain'T For Keeping: Error code: 429 - {'error': {'message': 'Too Many Requests', 'type': 'too_many_requests', 'param': None, 'code': 'too_many_requests'}}
Failed for The Kills - Murdermile: Error code: 429 - {'error': {'message': 'Too Many Requests', 'type': 'too_many_requests', 'param': None, 'code': 'too_many_requests'}}
Failed for Happy Mondays - 24 Hour Party People: Error code: 429 - {'error': {'message': 'Too Many Requests', 'type': 'too_many_requests', 'param': None, 'code': 'too_many_requests'}}
Failed for Jane'S Addiction - Jane Says: Error code: 429 - {'error': {'message': 'Too Many Requests', 'type': 'too_many_requests', 'param': None, 'code': 'too_many_requests'}}
Failed for Sarah Brightman - Deliver Me: Error code: 429 - {'error': {'message': 'Too Many Requests', 'type': 'too_many_requests', 'param': None, 'code': 'too_many_requests'}}
Failed for Neil Young - Harvest Moon: Error code: 429 - {'error': {'message': 'Too Many Requests', 'type': 'too_many_requests', 'param': None, 'code': 'too_many_requests'}}
Failed for Sonic Syndicate - Blue Eyed Fiend: Error code: 429 - {'error': {'message': 'Too Many Requests', 'type': 'too_many_requests', 'param': None, 'code': 'too_many_requests'}}
Failed for Belle And Sebastian - Dog On Wheels: Error code: 429 - {'error': {'message': 'Too Many Requests', 'type': 'too_many_requests', 'param': None, 'code': 'too_many_requests'}}
Failed for Hypocrisy - Fearless: Error code: 429 - {'error': {'message': 'Too Many Requests', 'type': 'too_many_requests', 'param': None, 'code': 'too_many_requests'}}
Failed for The Black Angels - Doves: Error code: 429 - {'error': {'message': 'Too Many Requests', 'type': 'too_many_requests', 'param': None, 'code': 'too_many_requests'}}
Failed for Foo Fighters - Virginia Moon: Error code: 429 - {'error': {'message': 'Too Many Requests', 'type': 'too_many_requests', 'param': None, 'code': 'too_many_requests'}}
Failed for A Flock Of Seagulls - I Ran (So Far Away): Error code: 429 - {'error': {'message': 'Too Many Requests', 'type': 'too_many_requests', 'param': None, 'code': 'too_many_requests'}}
Failed for Radiohead - Lozenge Of Love: Error code: 429 - {'error': {'message': 'Too Many Requests', 'type': 'too_many_requests', 'param': None, 'code': 'too_many_requests'}}
Failed for Machinae Supremacy - Truth Of Tomorrow: Error code: 429 - {'error': {'message': 'Too Many Requests', 'type': 'too_many_requests', 'param': None, 'code': 'too_many_requests'}}
Failed for Anberlin - Never Take Friendship Personal: Error code: 429 - {'error': {'message': 'Too Many Requests', 'type': 'too_many_requests', 'param': None, 'code': 'too_many_requests'}}
800/2988 done
Failed for Mogwai - It Would Have Happened Anyway: Error code: 429 - {'error': {'message': 'Too Many Requests', 'type': 'too_many_requests', 'param': None, 'code': 'too_many_requests'}}
Failed for Mogwai - Danphe And The Brain: Error code: 429 - {'error': {'message': 'Too Many Requests', 'type': 'too_many_requests', 'param': None, 'code': 'too_many_requests'}}
Failed for Wilco - Say You Miss Me: Error code: 429 - {'error': {'message': 'Too Many Requests', 'type': 'too_many_requests', 'param': None, 'code': 'too_many_requests'}}
Failed for Foo Fighters - Gimme Stitches: Error code: 429 - {'error': {'message': 'Too Many Requests', 'type': 'too_many_requests', 'param': None, 'code': 'too_many_requests'}}
Failed for The Charlatans - Oh! Vanity: Error code: 429 - {'error': {'message': 'Too Many Requests', 'type': 'too_many_requests', 'param': None, 'code': 'too_many_requests'}}
Failed for Altered Images - Happy Birthday: Error code: 429 - {'error': {'message': 'Too Many Requests', 'type': 'too_many_requests', 'param': None, 'code': 'too_many_requests'}}
Failed for The Goo Goo Dolls - Stay With You: Error code: 429 - {'error': {'message': 'Too Many Requests', 'type': 'too_many_requests', 'param': None, 'code': 'too_many_requests'}}
Failed for Skunk Anansie - Hedonism: Error code: 429 - {'error': {'message': 'Too Many Requests', 'type': 'too_many_requests', 'param': None, 'code': 'too_many_requests'}}
Failed for Green Olive Tree - [Untitled Track]: Error code: 429 - {'error': {'message': 'Too Many Requests', 'type': 'too_many_requests', 'param': None, 'code': 'too_many_requests'}}
Failed for Texas - When We Are Together: Error code: 429 - {'error': {'message': 'Too Many Requests', 'type': 'too_many_requests', 'param': None, 'code': 'too_many_requests'}}
Failed for Within Temptation - Never Ending Story: Error code: 429 - {'error': {'message': 'Too Many Requests', 'type': 'too_many_requests', 'param': None, 'code': 'too_many_requests'}}
Failed for Suburban Kids With Biblical Names - Funeral Face: Error code: 429 - {'error': {'message': 'Too Many Requests', 'type': 'too_many_requests', 'param': None, 'code': 'too_many_requests'}}
Failed for Black Flag - Thirsty And Miserable: Error code: 429 - {'error': {'message': 'Too Many Requests', 'type': 'too_many_requests', 'param': None, 'code': 'too_many_requests'}}
Failed for Gang Of Four - Paralysed: Error code: 429 - {'error': {'message': 'Too Many Requests', 'type': 'too_many_requests', 'param': None, 'code': 'too_many_requests'}}
Failed for Just Jack - Glory Days: Error code: 429 - {'error': {'message': 'Too Many Requests', 'type': 'too_many_requests', 'param': None, 'code': 'too_many_requests'}}
Failed for U2 - Breathe: Error code: 429 - {'error': {'message': 'Too Many Requests', 'type': 'too_many_requests', 'param': None, 'code': 'too_many_requests'}}
Failed for Dangerdoom - Vats Of Urine: Error code: 429 - {'error': {'message': 'Too Many Requests', 'type': 'too_many_requests', 'param': None, 'code': 'too_many_requests'}}
Failed for Manic Street Preachers - 4St 7Lb: Error code: 429 - {'error': {'message': 'Too Many Requests', 'type': 'too_many_requests', 'param': None, 'code': 'too_many_requests'}}
Failed for Philip Glass - Koyaanisqatsi: Error code: 429 - {'error': {'message': 'Too Many Requests', 'type': 'too_many_requests', 'param': None, 'code': 'too_many_requests'}}
Failed for T.A.T.U. - 30 Minutes: Error code: 429 - {'error': {'message': 'Too Many Requests', 'type': 'too_many_requests', 'param': None, 'code': 'too_many_requests'}}
Failed for Elbow - Asleep In The Back: Error code: 429 - {'error': {'message': 'Too Many Requests', 'type': 'too_many_requests', 'param': None, 'code': 'too_many_requests'}}
Failed for Elastica - Line Up: Error code: 429 - {'error': {'message': 'Too Many Requests', 'type': 'too_many_requests', 'param': None, 'code': 'too_many_requests'}}
Failed for The White Stripes - Catch Hell Blues: Error code: 429 - {'error': {'message': 'Too Many Requests', 'type': 'too_many_requests', 'param': None, 'code': 'too_many_requests'}}
Failed for Robert Plant & Alison Krauss - Please Read The Letter: Error code: 429 - {'error': {'message': 'Too Many Requests', 'type': 'too_many_requests', 'param': None, 'code': 'too_many_requests'}}
Failed for Isis - So Did We: Error code: 429 - {'error': {'message': 'Too Many Requests', 'type': 'too_many_requests', 'param': None, 'code': 'too_many_requests'}}
Failed for Between The Buried And Me - Backwards Marathon: Error code: 429 - {'error': {'message': 'Too Many Requests', 'type': 'too_many_requests', 'param': None, 'code': 'too_many_requests'}}
Failed for Iron Maiden - Judas Be My Guide: Error code: 429 - {'error': {'message': 'Too Many Requests', 'type': 'too_many_requests', 'param': None, 'code': 'too_many_requests'}}
Failed for British Sea Power - Lights Out For Darker Skies: Error code: 429 - {'error': {'message': 'Too Many Requests', 'type': 'too_many_requests', 'param': None, 'code': 'too_many_requests'}}
Failed for Tv On The Radio - Bomb Yourself: Error code: 429 - {'error': {'message': 'Too Many Requests', 'type': 'too_many_requests', 'param': None, 'code': 'too_many_requests'}}
Failed for Aphex Twin - 54 Cymru Beats: Error code: 429 - {'error': {'message': 'Too Many Requests', 'type': 'too_many_requests', 'param': None, 'code': 'too_many_requests'}}
Failed for Moonsorrow - Raunioilla: Error code: 429 - {'error': {'message': 'Too Many Requests', 'type': 'too_many_requests', 'param': None, 'code': 'too_many_requests'}}
Failed for A Tribe Called Quest - Bonita Applebum: Error code: 429 - {'error': {'message': 'Too Many Requests', 'type': 'too_many_requests', 'param': None, 'code': 'too_many_requests'}}
Failed for Misfits - American Psycho: Error code: 429 - {'error': {'message': 'Too Many Requests', 'type': 'too_many_requests', 'param': None, 'code': 'too_many_requests'}}
Failed for Yes - Leave It (Single Remix): Error code: 429 - {'error': {'message': 'Too Many Requests', 'type': 'too_many_requests', 'param': None, 'code': 'too_many_requests'}}
Failed for Misfits - Descending Angel: Error code: 429 - {'error': {'message': 'Too Many Requests', 'type': 'too_many_requests', 'param': None, 'code': 'too_many_requests'}}
Failed for Atlas Sound - Winter Vacation: Error code: 429 - {'error': {'message': 'Too Many Requests', 'type': 'too_many_requests', 'param': None, 'code': 'too_many_requests'}}
Failed for My Bloody Valentine - Slow: Error code: 429 - {'error': {'message': 'Too Many Requests', 'type': 'too_many_requests', 'param': None, 'code': 'too_many_requests'}}
Failed for Eluvium - Indoor Swimming At The Space Station: Error code: 429 - {'error': {'message': 'Too Many Requests', 'type': 'too_many_requests', 'param': None, 'code': 'too_many_requests'}}
Failed for The Rolling Stones - Sweet Virginia: Error code: 429 - {'error': {'message': 'Too Many Requests', 'type': 'too_many_requests', 'param': None, 'code': 'too_many_requests'}}
Failed for Mirah - Special Death: Error code: 429 - {'error': {'message': 'Too Many Requests', 'type': 'too_many_requests', 'param': None, 'code': 'too_many_requests'}}
Failed for Slipknot - Dead Memories: Error code: 429 - {'error': {'message': 'Too Many Requests', 'type': 'too_many_requests', 'param': None, 'code': 'too_many_requests'}}
Failed for Jefferson Airplane - Today: Error code: 429 - {'error': {'message': 'Too Many Requests', 'type': 'too_many_requests', 'param': None, 'code': 'too_many_requests'}}
Failed for The Cribs - Major'S Titling Victory: Error code: 429 - {'error': {'message': 'Too Many Requests', 'type': 'too_many_requests', 'param': None, 'code': 'too_many_requests'}}
Failed for The Cribs - Another Number: Error code: 429 - {'error': {'message': 'Too Many Requests', 'type': 'too_many_requests', 'param': None, 'code': 'too_many_requests'}}
Failed for Red Hot Chili Peppers - We Believe: Error code: 429 - {'error': {'message': 'Too Many Requests', 'type': 'too_many_requests', 'param': None, 'code': 'too_many_requests'}}
Failed for The Cranberries - Dreaming My Dreams: Error code: 429 - {'error': {'message': 'Too Many Requests', 'type': 'too_many_requests', 'param': None, 'code': 'too_many_requests'}}
Failed for Red House Painters - Uncle Joe [Demo]: Error code: 429 - {'error': {'message': 'Too Many Requests', 'type': 'too_many_requests', 'param': None, 'code': 'too_many_requests'}}
Failed for Metronomy - Heartbreaker: Error code: 429 - {'error': {'message': 'Too Many Requests', 'type': 'too_many_requests', 'param': None, 'code': 'too_many_requests'}}
Failed for Red Hot Chili Peppers - Purple Stain: Error code: 429 - {'error': {'message': 'Too Many Requests', 'type': 'too_many_requests', 'param': None, 'code': 'too_many_requests'}}
Failed for Darkthrone - Soulside Journey: Error code: 429 - {'error': {'message': 'Too Many Requests', 'type': 'too_many_requests', 'param': None, 'code': 'too_many_requests'}}
Failed for Tegan And Sara - More For Me: Error code: 429 - {'error': {'message': 'Too Many Requests', 'type': 'too_many_requests', 'param': None, 'code': 'too_many_requests'}}
Failed for The Streets - Sharp Darts: Error code: 429 - {'error': {'message': 'Too Many Requests', 'type': 'too_many_requests', 'param': None, 'code': 'too_many_requests'}}
Failed for Nevermore - The River Dragon Has Come: Error code: 429 - {'error': {'message': 'Too Many Requests', 'type': 'too_many_requests', 'param': None, 'code': 'too_many_requests'}}
Failed for Type O Negative - Black No. 1 (Little Miss Scare-All): Error code: 429 - {'error': {'message': 'Too Many Requests', 'type': 'too_many_requests', 'param': None, 'code': 'too_many_requests'}}
Failed for Amorphis - Goddess (Of The Sad Man): Error code: 429 - {'error': {'message': 'Too Many Requests', 'type': 'too_many_requests', 'param': None, 'code': 'too_many_requests'}}
Failed for Eels - I Like Birds: Error code: 429 - {'error': {'message': 'Too Many Requests', 'type': 'too_many_requests', 'param': None, 'code': 'too_many_requests'}}
Failed for Belle And Sebastian - There'S Too Much Love: Error code: 429 - {'error': {'message': 'Too Many Requests', 'type': 'too_many_requests', 'param': None, 'code': 'too_many_requests'}}
Failed for Aereogramme - Trenches: Error code: 429 - {'error': {'message': 'Too Many Requests', 'type': 'too_many_requests', 'param': None, 'code': 'too_many_requests'}}
Failed for Deftones - Root: Error code: 429 - {'error': {'message': 'Too Many Requests', 'type': 'too_many_requests', 'param': None, 'code': 'too_many_requests'}}
Failed for Soulwax - E Talking: Error code: 429 - {'error': {'message': 'Too Many Requests', 'type': 'too_many_requests', 'param': None, 'code': 'too_many_requests'}}
Failed for Massive Attack - (Exchange): Error code: 429 - {'error': {'message': 'Too Many Requests', 'type': 'too_many_requests', 'param': None, 'code': 'too_many_requests'}}
Failed for Placebo - Burger Queen: Error code: 429 - {'error': {'message': 'Too Many Requests', 'type': 'too_many_requests', 'param': None, 'code': 'too_many_requests'}}
Failed for Aly & Aj - Potential Breakup Song: Error code: 429 - {'error': {'message': 'Too Many Requests', 'type': 'too_many_requests', 'param': None, 'code': 'too_many_requests'}}
Failed for Antony And The Johnsons - Blue Angel: Error code: 429 - {'error': {'message': 'Too Many Requests', 'type': 'too_many_requests', 'param': None, 'code': 'too_many_requests'}}
Failed for Kent - Du Är Ånga: Error code: 429 - {'error': {'message': 'Too Many Requests', 'type': 'too_many_requests', 'param': None, 'code': 'too_many_requests'}}
Failed for Aqualung - Extra Ordinary Thing: Error code: 429 - {'error': {'message': 'Too Many Requests', 'type': 'too_many_requests', 'param': None, 'code': 'too_many_requests'}}
Failed for Motörhead - (We Are) The Road Crew: Error code: 429 - {'error': {'message': 'Too Many Requests', 'type': 'too_many_requests', 'param': None, 'code': 'too_many_requests'}}
Failed for The Jimi Hendrix Experience - Manic Depression: Error code: 429 - {'error': {'message': 'Too Many Requests', 'type': 'too_many_requests', 'param': None, 'code': 'too_many_requests'}}
Failed for Athlete - Trading Air: Error code: 429 - {'error': {'message': 'Too Many Requests', 'type': 'too_many_requests', 'param': None, 'code': 'too_many_requests'}}
Failed for Pavement - Carrot Rope: Error code: 429 - {'error': {'message': 'Too Many Requests', 'type': 'too_many_requests', 'param': None, 'code': 'too_many_requests'}}
Failed for Amanda Palmer - Astronaut: A Short History Of Nearly Nothing: Error code: 429 - {'error': {'message': 'Too Many Requests', 'type': 'too_many_requests', 'param': None, 'code': 'too_many_requests'}}
Failed for Caribou - Yeti: Error code: 429 - {'error': {'message': 'Too Many Requests', 'type': 'too_many_requests', 'param': None, 'code': 'too_many_requests'}}
Failed for Stereophonics - Handbags And Gladrags: Error code: 429 - {'error': {'message': 'Too Many Requests', 'type': 'too_many_requests', 'param': None, 'code': 'too_many_requests'}}
Failed for The La'S - I Can'T Sleep: Error code: 429 - {'error': {'message': 'Too Many Requests', 'type': 'too_many_requests', 'param': None, 'code': 'too_many_requests'}}
Failed for Amorphis - Black River: Error code: 429 - {'error': {'message': 'Too Many Requests', 'type': 'too_many_requests', 'param': None, 'code': 'too_many_requests'}}
Failed for The New Pornographers - July Jones: Error code: 429 - {'error': {'message': 'Too Many Requests', 'type': 'too_many_requests', 'param': None, 'code': 'too_many_requests'}}
Failed for X-Ray Spex - Oh Bondage Up Yours!: Error code: 429 - {'error': {'message': 'Too Many Requests', 'type': 'too_many_requests', 'param': None, 'code': 'too_many_requests'}}
Failed for 30 Seconds To Mars - Welcome To The Universe: Error code: 429 - {'error': {'message': 'Too Many Requests', 'type': 'too_many_requests', 'param': None, 'code': 'too_many_requests'}}
Failed for Bullet For My Valentine - 4 Words (To Choke Upon): Error code: 429 - {'error': {'message': 'Too Many Requests', 'type': 'too_many_requests', 'param': None, 'code': 'too_many_requests'}}
Failed for Linkin Park - In Pieces: Error code: 429 - {'error': {'message': 'Too Many Requests', 'type': 'too_many_requests', 'param': None, 'code': 'too_many_requests'}}
Failed for The Beatles - Things We Said Today: Error code: 429 - {'error': {'message': 'Too Many Requests', 'type': 'too_many_requests', 'param': None, 'code': 'too_many_requests'}}
Failed for Taking Back Sunday - You Know How I Do: Error code: 429 - {'error': {'message': 'Too Many Requests', 'type': 'too_many_requests', 'param': None, 'code': 'too_many_requests'}}
Failed for The Futureheads - Fallout: Error code: 429 - {'error': {'message': 'Too Many Requests', 'type': 'too_many_requests', 'param': None, 'code': 'too_many_requests'}}
Failed for Scissor Sisters - Filthy / Gorgeus: Error code: 429 - {'error': {'message': 'Too Many Requests', 'type': 'too_many_requests', 'param': None, 'code': 'too_many_requests'}}
Failed for Adam And The Ants - Antmusic: Error code: 429 - {'error': {'message': 'Too Many Requests', 'type': 'too_many_requests', 'param': None, 'code': 'too_many_requests'}}
Failed for Built To Spill - Carry The Zero: Error code: 429 - {'error': {'message': 'Too Many Requests', 'type': 'too_many_requests', 'param': None, 'code': 'too_many_requests'}}
Failed for Rufus Wainwright - Memphis Skyline: Error code: 429 - {'error': {'message': 'Too Many Requests', 'type': 'too_many_requests', 'param': None, 'code': 'too_many_requests'}}
Failed for Cursive - Some Red Handed Sleight Of Hand: Error code: 429 - {'error': {'message': 'Too Many Requests', 'type': 'too_many_requests', 'param': None, 'code': 'too_many_requests'}}
Failed for The Raveonettes - That Great Love Sound: Error code: 429 - {'error': {'message': 'Too Many Requests', 'type': 'too_many_requests', 'param': None, 'code': 'too_many_requests'}}
Failed for The Brian Jonestown Massacre - It Girl: Error code: 429 - {'error': {'message': 'Too Many Requests', 'type': 'too_many_requests', 'param': None, 'code': 'too_many_requests'}}
Failed for Sonic Youth - Plastic Sun: Error code: 429 - {'error': {'message': 'Too Many Requests', 'type': 'too_many_requests', 'param': None, 'code': 'too_many_requests'}}
Failed for Death In Vegas - Scorpio Rising: Error code: 429 - {'error': {'message': 'Too Many Requests', 'type': 'too_many_requests', 'param': None, 'code': 'too_many_requests'}}
Failed for Assemblage 23 - Awake (Imperative Reaction Mix): Error code: 429 - {'error': {'message': 'Too Many Requests', 'type': 'too_many_requests', 'param': None, 'code': 'too_many_requests'}}
Failed for The Raveonettes - Twilight: Error code: 429 - {'error': {'message': 'Too Many Requests', 'type': 'too_many_requests', 'param': None, 'code': 'too_many_requests'}}
Failed for Ryan Adams - Sylvia Plath: Error code: 429 - {'error': {'message': 'Too Many Requests', 'type': 'too_many_requests', 'param': None, 'code': 'too_many_requests'}}
Failed for Fischerspooner - Get Confused: Error code: 429 - {'error': {'message': 'Too Many Requests', 'type': 'too_many_requests', 'param': None, 'code': 'too_many_requests'}}
Failed for Moloko - Indigo: Error code: 429 - {'error': {'message': 'Too Many Requests', 'type': 'too_many_requests', 'param': None, 'code': 'too_many_requests'}}
900/2988 done
Failed for Love Is All - Turn The Tv Off: Error code: 429 - {'error': {'message': 'Too Many Requests', 'type': 'too_many_requests', 'param': None, 'code': 'too_many_requests'}}
Failed for Fair To Midland - Vice/Versa: Error code: 429 - {'error': {'message': 'Too Many Requests', 'type': 'too_many_requests', 'param': None, 'code': 'too_many_requests'}}
Failed for Dark Tranquillity - Empty Me: Error code: 429 - {'error': {'message': 'Too Many Requests', 'type': 'too_many_requests', 'param': None, 'code': 'too_many_requests'}}
Failed for Elliott Smith - Happiness / The Gondola Man: Error code: 429 - {'error': {'message': 'Too Many Requests', 'type': 'too_many_requests', 'param': None, 'code': 'too_many_requests'}}
Failed for Queen - Too Much Love Will Kill You: Error code: 429 - {'error': {'message': 'Too Many Requests', 'type': 'too_many_requests', 'param': None, 'code': 'too_many_requests'}}
Failed for Metric - Collect Call: Error code: 429 - {'error': {'message': 'Too Many Requests', 'type': 'too_many_requests', 'param': None, 'code': 'too_many_requests'}}
Failed for Slipknot - The Heretic Anthem: Error code: 429 - {'error': {'message': 'Too Many Requests', 'type': 'too_many_requests', 'param': None, 'code': 'too_many_requests'}}
Failed for Girls Aloud - The Show: Error code: 429 - {'error': {'message': 'Too Many Requests', 'type': 'too_many_requests', 'param': None, 'code': 'too_many_requests'}}
Failed for Ben Folds - You Don'T Know Me (Feat. Regina Spektor): Error code: 429 - {'error': {'message': 'Too Many Requests', 'type': 'too_many_requests', 'param': None, 'code': 'too_many_requests'}}
Failed for The Verve - A Northern Soul: Error code: 429 - {'error': {'message': 'Too Many Requests', 'type': 'too_many_requests', 'param': None, 'code': 'too_many_requests'}}
Failed for St. Germain - Latin Note: Error code: 429 - {'error': {'message': 'Too Many Requests', 'type': 'too_many_requests', 'param': None, 'code': 'too_many_requests'}}
Failed for Pinback - Barnes: Error code: 429 - {'error': {'message': 'Too Many Requests', 'type': 'too_many_requests', 'param': None, 'code': 'too_many_requests'}}
Failed for Incubus - Privilege: Error code: 429 - {'error': {'message': 'Too Many Requests', 'type': 'too_many_requests', 'param': None, 'code': 'too_many_requests'}}
Failed for Holy Fuck - Milkshake: Error code: 429 - {'error': {'message': 'Too Many Requests', 'type': 'too_many_requests', 'param': None, 'code': 'too_many_requests'}}
Failed for Pink Floyd - A Saucerful Of Secrets: Error code: 429 - {'error': {'message': 'Too Many Requests', 'type': 'too_many_requests', 'param': None, 'code': 'too_many_requests'}}
Failed for Kanye West - Addiction: Error code: 429 - {'error': {'message': 'Too Many Requests', 'type': 'too_many_requests', 'param': None, 'code': 'too_many_requests'}}
Failed for My Brightest Diamond - Inside A Boy: Error code: 429 - {'error': {'message': 'Too Many Requests', 'type': 'too_many_requests', 'param': None, 'code': 'too_many_requests'}}
Failed for Kanye West - Heard 'Em Say (Feat. Adam Levine Of Maroon 5): Error code: 429 - {'error': {'message': 'Too Many Requests', 'type': 'too_many_requests', 'param': None, 'code': 'too_many_requests'}}
Failed for Kanye West - See You In My Nightmares: Error code: 429 - {'error': {'message': 'Too Many Requests', 'type': 'too_many_requests', 'param': None, 'code': 'too_many_requests'}}
Failed for Atmosphere - Painting: Error code: 429 - {'error': {'message': 'Too Many Requests', 'type': 'too_many_requests', 'param': None, 'code': 'too_many_requests'}}
Failed for Atmosphere - Your Glasshouse: Error code: 429 - {'error': {'message': 'Too Many Requests', 'type': 'too_many_requests', 'param': None, 'code': 'too_many_requests'}}
Failed for Fair To Midland - Tall Tales Taste Like Sour Grapes: Error code: 429 - {'error': {'message': 'Too Many Requests', 'type': 'too_many_requests', 'param': None, 'code': 'too_many_requests'}}
Failed for Yelle - Amour Du Sol: Error code: 429 - {'error': {'message': 'Too Many Requests', 'type': 'too_many_requests', 'param': None, 'code': 'too_many_requests'}}
Failed for Ratatat - Cherry: Error code: 429 - {'error': {'message': 'Too Many Requests', 'type': 'too_many_requests', 'param': None, 'code': 'too_many_requests'}}
Failed for M83 - Slight Night Shiver: Error code: 429 - {'error': {'message': 'Too Many Requests', 'type': 'too_many_requests', 'param': None, 'code': 'too_many_requests'}}
Failed for Shout Out Louds - Go Sadness: Error code: 429 - {'error': {'message': 'Too Many Requests', 'type': 'too_many_requests', 'param': None, 'code': 'too_many_requests'}}
Failed for Esthero - Gone (Feat. Cee-Lo Green): Error code: 429 - {'error': {'message': 'Too Many Requests', 'type': 'too_many_requests', 'param': None, 'code': 'too_many_requests'}}
Failed for Minus The Bear - I'M Totally Not Down With Rob'S Alien: Error code: 429 - {'error': {'message': 'Too Many Requests', 'type': 'too_many_requests', 'param': None, 'code': 'too_many_requests'}}
Failed for Dashboard Confessional - The Sharp Hint Of New Tears: Error code: 429 - {'error': {'message': 'Too Many Requests', 'type': 'too_many_requests', 'param': None, 'code': 'too_many_requests'}}
Failed for Dj Shadow - Giving Up The Ghost: Error code: 429 - {'error': {'message': 'Too Many Requests', 'type': 'too_many_requests', 'param': None, 'code': 'too_many_requests'}}
Failed for The Supremes - Baby Love: Error code: 429 - {'error': {'message': 'Too Many Requests', 'type': 'too_many_requests', 'param': None, 'code': 'too_many_requests'}}
Failed for Paradise Lost - Unreachable: Error code: 429 - {'error': {'message': 'Too Many Requests', 'type': 'too_many_requests', 'param': None, 'code': 'too_many_requests'}}
Failed for Mute Math - Typical: Error code: 429 - {'error': {'message': 'Too Many Requests', 'type': 'too_many_requests', 'param': None, 'code': 'too_many_requests'}}
Failed for Chevelle - Don'T Fake This: Error code: 429 - {'error': {'message': 'Too Many Requests', 'type': 'too_many_requests', 'param': None, 'code': 'too_many_requests'}}
Failed for Datarock - Ugly Primadonna: Error code: 429 - {'error': {'message': 'Too Many Requests', 'type': 'too_many_requests', 'param': None, 'code': 'too_many_requests'}}
Failed for Sleater-Kinney - All Hands On The Bad One: Error code: 429 - {'error': {'message': 'Too Many Requests', 'type': 'too_many_requests', 'param': None, 'code': 'too_many_requests'}}
Failed for Gojira - Vacuity: Error code: 429 - {'error': {'message': 'Too Many Requests', 'type': 'too_many_requests', 'param': None, 'code': 'too_many_requests'}}
Failed for Herbert - The Movers And The Shakers: Error code: 429 - {'error': {'message': 'Too Many Requests', 'type': 'too_many_requests', 'param': None, 'code': 'too_many_requests'}}
Failed for Dark Funeral - Goddess Of Sodomy: Error code: 429 - {'error': {'message': 'Too Many Requests', 'type': 'too_many_requests', 'param': None, 'code': 'too_many_requests'}}
Failed for Moby - I'M Not Worried At All: Error code: 429 - {'error': {'message': 'Too Many Requests', 'type': 'too_many_requests', 'param': None, 'code': 'too_many_requests'}}
Failed for Marilyn Manson - Mister Superstar: Error code: 429 - {'error': {'message': 'Too Many Requests', 'type': 'too_many_requests', 'param': None, 'code': 'too_many_requests'}}
Failed for New Order - Jetstream: Error code: 429 - {'error': {'message': 'Too Many Requests', 'type': 'too_many_requests', 'param': None, 'code': 'too_many_requests'}}
Failed for Johnny Cash - Like The 309: Error code: 429 - {'error': {'message': 'Too Many Requests', 'type': 'too_many_requests', 'param': None, 'code': 'too_many_requests'}}
Failed for Amorphis - My Kantele (Acoustic Reprise): Error code: 429 - {'error': {'message': 'Too Many Requests', 'type': 'too_many_requests', 'param': None, 'code': 'too_many_requests'}}
Failed for Porcupine Tree - Way Out Of Here: Error code: 429 - {'error': {'message': 'Too Many Requests', 'type': 'too_many_requests', 'param': None, 'code': 'too_many_requests'}}
Failed for Russian Circles - Carpe: Error code: 429 - {'error': {'message': 'Too Many Requests', 'type': 'too_many_requests', 'param': None, 'code': 'too_many_requests'}}
Failed for Insomnium - Mortal Share: Error code: 429 - {'error': {'message': 'Too Many Requests', 'type': 'too_many_requests', 'param': None, 'code': 'too_many_requests'}}
Failed for Paradise Lost - Erased: Error code: 429 - {'error': {'message': 'Too Many Requests', 'type': 'too_many_requests', 'param': None, 'code': 'too_many_requests'}}
Failed for The Crystal Method - Busy Child: Error code: 429 - {'error': {'message': 'Too Many Requests', 'type': 'too_many_requests', 'param': None, 'code': 'too_many_requests'}}
Failed for Godsmack - Keep Away: Error code: 429 - {'error': {'message': 'Too Many Requests', 'type': 'too_many_requests', 'param': None, 'code': 'too_many_requests'}}
Failed for 50 Cent - Ayo Technology: Error code: 429 - {'error': {'message': 'Too Many Requests', 'type': 'too_many_requests', 'param': None, 'code': 'too_many_requests'}}
Failed for Lamb - Stronger: Error code: 429 - {'error': {'message': 'Too Many Requests', 'type': 'too_many_requests', 'param': None, 'code': 'too_many_requests'}}
Failed for The Decemberists - Shiny: Error code: 429 - {'error': {'message': 'Too Many Requests', 'type': 'too_many_requests', 'param': None, 'code': 'too_many_requests'}}
Failed for José González - Cycling Trivialities: Error code: 429 - {'error': {'message': 'Too Many Requests', 'type': 'too_many_requests', 'param': None, 'code': 'too_many_requests'}}
Failed for Abba - One Of Us: Error code: 429 - {'error': {'message': 'Too Many Requests', 'type': 'too_many_requests', 'param': None, 'code': 'too_many_requests'}}
Failed for The Notorious B.I.G. - Ready To Die: Error code: 429 - {'error': {'message': 'Too Many Requests', 'type': 'too_many_requests', 'param': None, 'code': 'too_many_requests'}}
Failed for Louie - Trees: Error code: 429 - {'error': {'message': 'Too Many Requests', 'type': 'too_many_requests', 'param': None, 'code': 'too_many_requests'}}
Failed for Steve Miller Band - Fly Like An Eagle: Error code: 429 - {'error': {'message': 'Too Many Requests', 'type': 'too_many_requests', 'param': None, 'code': 'too_many_requests'}}
Failed for Good Shoes - We Are Not The Same: Error code: 429 - {'error': {'message': 'Too Many Requests', 'type': 'too_many_requests', 'param': None, 'code': 'too_many_requests'}}
Failed for The Dillinger Escape Plan - Panasonic Youth: Error code: 429 - {'error': {'message': 'Too Many Requests', 'type': 'too_many_requests', 'param': None, 'code': 'too_many_requests'}}
Failed for Caribou - Subotnick: Error code: 429 - {'error': {'message': 'Too Many Requests', 'type': 'too_many_requests', 'param': None, 'code': 'too_many_requests'}}
Failed for Zeigeist - Wrecked Metal: Error code: 429 - {'error': {'message': 'Too Many Requests', 'type': 'too_many_requests', 'param': None, 'code': 'too_many_requests'}}
Failed for Hank Williams Iii - Country Heroes: Error code: 429 - {'error': {'message': 'Too Many Requests', 'type': 'too_many_requests', 'param': None, 'code': 'too_many_requests'}}
Failed for The Jesus And Mary Chain - Sowing Seeds: Error code: 429 - {'error': {'message': 'Too Many Requests', 'type': 'too_many_requests', 'param': None, 'code': 'too_many_requests'}}
Failed for Nelly Furtado - Powerless (Say What You Want): Error code: 429 - {'error': {'message': 'Too Many Requests', 'type': 'too_many_requests', 'param': None, 'code': 'too_many_requests'}}
Failed for 30 Seconds To Mars - Beautiful Lie: Error code: 429 - {'error': {'message': 'Too Many Requests', 'type': 'too_many_requests', 'param': None, 'code': 'too_many_requests'}}
Failed for Matchbox Twenty - Could I Be You: Error code: 429 - {'error': {'message': 'Too Many Requests', 'type': 'too_many_requests', 'param': None, 'code': 'too_many_requests'}}
Failed for Mokoma - Valapatto: Error code: 429 - {'error': {'message': 'Too Many Requests', 'type': 'too_many_requests', 'param': None, 'code': 'too_many_requests'}}
Failed for Children Of Bodom - Knuckleduster: Error code: 429 - {'error': {'message': 'Too Many Requests', 'type': 'too_many_requests', 'param': None, 'code': 'too_many_requests'}}
Failed for Ellen Allien - Sehnsucht: Error code: 429 - {'error': {'message': 'Too Many Requests', 'type': 'too_many_requests', 'param': None, 'code': 'too_many_requests'}}
Failed for Ellen Allien & Apparat - Bubbles: Error code: 429 - {'error': {'message': 'Too Many Requests', 'type': 'too_many_requests', 'param': None, 'code': 'too_many_requests'}}
Failed for Hooverphonic - Eden: Error code: 429 - {'error': {'message': 'Too Many Requests', 'type': 'too_many_requests', 'param': None, 'code': 'too_many_requests'}}
Failed for Dead Kennedys - Your Emotions: Error code: 429 - {'error': {'message': 'Too Many Requests', 'type': 'too_many_requests', 'param': None, 'code': 'too_many_requests'}}
Failed for Turbonegro - Prince Of The Rodeo: Error code: 429 - {'error': {'message': 'Too Many Requests', 'type': 'too_many_requests', 'param': None, 'code': 'too_many_requests'}}
Failed for Ellen Allien - Alles Sehen: Error code: 429 - {'error': {'message': 'Too Many Requests', 'type': 'too_many_requests', 'param': None, 'code': 'too_many_requests'}}
Failed for Adam Green - Over The Sunrise: Error code: 429 - {'error': {'message': 'Too Many Requests', 'type': 'too_many_requests', 'param': None, 'code': 'too_many_requests'}}
Failed for Judas Priest - Rapid Fire: Error code: 429 - {'error': {'message': 'Too Many Requests', 'type': 'too_many_requests', 'param': None, 'code': 'too_many_requests'}}
Failed for Judas Priest - Screaming For Vengeance: Error code: 429 - {'error': {'message': 'Too Many Requests', 'type': 'too_many_requests', 'param': None, 'code': 'too_many_requests'}}
Failed for Scissor Sisters - Ooh: Error code: 429 - {'error': {'message': 'Too Many Requests', 'type': 'too_many_requests', 'param': None, 'code': 'too_many_requests'}}
Failed for Counting Crows - A Long December: Error code: 429 - {'error': {'message': 'Too Many Requests', 'type': 'too_many_requests', 'param': None, 'code': 'too_many_requests'}}
Failed for Mylo - Ottos Journey: Error code: 429 - {'error': {'message': 'Too Many Requests', 'type': 'too_many_requests', 'param': None, 'code': 'too_many_requests'}}
Failed for Yo La Tengo - Emulsified: Error code: 429 - {'error': {'message': 'Too Many Requests', 'type': 'too_many_requests', 'param': None, 'code': 'too_many_requests'}}
Failed for Seu Jorge - Starman: Error code: 429 - {'error': {'message': 'Too Many Requests', 'type': 'too_many_requests', 'param': None, 'code': 'too_many_requests'}}
Failed for The Jesus And Mary Chain - You Trip Me Up (John Peel Session): Error code: 429 - {'error': {'message': 'Too Many Requests', 'type': 'too_many_requests', 'param': None, 'code': 'too_many_requests'}}
Failed for Pixies - The Sad Punk: Error code: 429 - {'error': {'message': 'Too Many Requests', 'type': 'too_many_requests', 'param': None, 'code': 'too_many_requests'}}
Failed for The Faint - Let The Poison Spill From Your Throat: Error code: 429 - {'error': {'message': 'Too Many Requests', 'type': 'too_many_requests', 'param': None, 'code': 'too_many_requests'}}
Failed for Mercury Rev - Holes: Error code: 429 - {'error': {'message': 'Too Many Requests', 'type': 'too_many_requests', 'param': None, 'code': 'too_many_requests'}}
Failed for R.E.M. - Sing For The Submarine: Error code: 429 - {'error': {'message': 'Too Many Requests', 'type': 'too_many_requests', 'param': None, 'code': 'too_many_requests'}}
Failed for Mf Doom - Hoe Cakes: Error code: 429 - {'error': {'message': 'Too Many Requests', 'type': 'too_many_requests', 'param': None, 'code': 'too_many_requests'}}
Failed for Missy Elliott - Lose Control: Error code: 429 - {'error': {'message': 'Too Many Requests', 'type': 'too_many_requests', 'param': None, 'code': 'too_many_requests'}}
Failed for Goose - Bring It On: Error code: 429 - {'error': {'message': 'Too Many Requests', 'type': 'too_many_requests', 'param': None, 'code': 'too_many_requests'}}
Failed for Anna Nalick - Consider This: Error code: 429 - {'error': {'message': 'Too Many Requests', 'type': 'too_many_requests', 'param': None, 'code': 'too_many_requests'}}
Failed for Anastacia - I'M Outta Love: Error code: 429 - {'error': {'message': 'Too Many Requests', 'type': 'too_many_requests', 'param': None, 'code': 'too_many_requests'}}
Failed for Missy Elliott - Work It: Error code: 429 - {'error': {'message': 'Too Many Requests', 'type': 'too_many_requests', 'param': None, 'code': 'too_many_requests'}}
Failed for M. Ward - Post-War: Error code: 429 - {'error': {'message': 'Too Many Requests', 'type': 'too_many_requests', 'param': None, 'code': 'too_many_requests'}}
Failed for Poets Of The Fall - Late Goodbye: Error code: 429 - {'error': {'message': 'Too Many Requests', 'type': 'too_many_requests', 'param': None, 'code': 'too_many_requests'}}
Failed for Counting Crows - Raining In Baltimore: Error code: 429 - {'error': {'message': 'Too Many Requests', 'type': 'too_many_requests', 'param': None, 'code': 'too_many_requests'}}
Failed for Avril Lavigne - I Can Do Better: Error code: 429 - {'error': {'message': 'Too Many Requests', 'type': 'too_many_requests', 'param': None, 'code': 'too_many_requests'}}
1000/2988 done
Failed for Stone Temple Pilots - Wicked Garden: Error code: 429 - {'error': {'message': 'Too Many Requests', 'type': 'too_many_requests', 'param': None, 'code': 'too_many_requests'}}
Failed for Bel Canto - Foolish Ship: Error code: 429 - {'error': {'message': 'Too Many Requests', 'type': 'too_many_requests', 'param': None, 'code': 'too_many_requests'}}
Failed for Rosalia De Souza - Maria Moita: Error code: 429 - {'error': {'message': 'Too Many Requests', 'type': 'too_many_requests', 'param': None, 'code': 'too_many_requests'}}
Failed for Pantera - Good Friends And A Bottle Of Pills: Error code: 429 - {'error': {'message': 'Too Many Requests', 'type': 'too_many_requests', 'param': None, 'code': 'too_many_requests'}}
Failed for Hot Hot Heat - Island Of The Honest Man: Error code: 429 - {'error': {'message': 'Too Many Requests', 'type': 'too_many_requests', 'param': None, 'code': 'too_many_requests'}}
Failed for Cocteau Twins - Rilkean Heart: Error code: 429 - {'error': {'message': 'Too Many Requests', 'type': 'too_many_requests', 'param': None, 'code': 'too_many_requests'}}
Failed for Moonsorrow - Kylän Päässä: Error code: 429 - {'error': {'message': 'Too Many Requests', 'type': 'too_many_requests', 'param': None, 'code': 'too_many_requests'}}
Failed for Bauhaus - Slice Of Life: Error code: 429 - {'error': {'message': 'Too Many Requests', 'type': 'too_many_requests', 'param': None, 'code': 'too_many_requests'}}
Failed for Stevie Wonder - I Believe (When I Fall In Love It Will Be Forever): Error code: 429 - {'error': {'message': 'Too Many Requests', 'type': 'too_many_requests', 'param': None, 'code': 'too_many_requests'}}
Failed for Rancid - Maxwell Murder: Error code: 429 - {'error': {'message': 'Too Many Requests', 'type': 'too_many_requests', 'param': None, 'code': 'too_many_requests'}}
Failed for Led Zeppelin - Travelling Riverside Blues: Error code: 429 - {'error': {'message': 'Too Many Requests', 'type': 'too_many_requests', 'param': None, 'code': 'too_many_requests'}}
Failed for Combichrist - What The F**K Is Wrong With You?: Error code: 429 - {'error': {'message': 'Too Many Requests', 'type': 'too_many_requests', 'param': None, 'code': 'too_many_requests'}}
Failed for Health - Triceratops: Error code: 429 - {'error': {'message': 'Too Many Requests', 'type': 'too_many_requests', 'param': None, 'code': 'too_many_requests'}}
Failed for Third Eye Blind - Losing A Whole Year: Error code: 429 - {'error': {'message': 'Too Many Requests', 'type': 'too_many_requests', 'param': None, 'code': 'too_many_requests'}}
Failed for Brendan Benson - Spit It Out: Error code: 429 - {'error': {'message': 'Too Many Requests', 'type': 'too_many_requests', 'param': None, 'code': 'too_many_requests'}}
Failed for Jimmy Eat World - Feeling Lucky: Error code: 429 - {'error': {'message': 'Too Many Requests', 'type': 'too_many_requests', 'param': None, 'code': 'too_many_requests'}}
Failed for Thomas Newman - Any Other Name: Error code: 429 - {'error': {'message': 'Too Many Requests', 'type': 'too_many_requests', 'param': None, 'code': 'too_many_requests'}}
Failed for Aimee Mann - Driving Sideways: Error code: 429 - {'error': {'message': 'Too Many Requests', 'type': 'too_many_requests', 'param': None, 'code': 'too_many_requests'}}
Failed for Emilíana Torrini - Snow: Error code: 429 - {'error': {'message': 'Too Many Requests', 'type': 'too_many_requests', 'param': None, 'code': 'too_many_requests'}}
Failed for Story Of The Year - Sidewalks: Error code: 429 - {'error': {'message': 'Too Many Requests', 'type': 'too_many_requests', 'param': None, 'code': 'too_many_requests'}}
Failed for Jason Mraz - I'Ll Do Anything: Error code: 429 - {'error': {'message': 'Too Many Requests', 'type': 'too_many_requests', 'param': None, 'code': 'too_many_requests'}}
Failed for Avril Lavigne - The Best Damn Thing: Error code: 429 - {'error': {'message': 'Too Many Requests', 'type': 'too_many_requests', 'param': None, 'code': 'too_many_requests'}}
Failed for Manu Chao - Por El Suelo: Error code: 429 - {'error': {'message': 'Too Many Requests', 'type': 'too_many_requests', 'param': None, 'code': 'too_many_requests'}}
Failed for Sonic Syndicate - Lament Of Innocence: Error code: 429 - {'error': {'message': 'Too Many Requests', 'type': 'too_many_requests', 'param': None, 'code': 'too_many_requests'}}
Failed for Hypocrisy - Warpath: Error code: 429 - {'error': {'message': 'Too Many Requests', 'type': 'too_many_requests', 'param': None, 'code': 'too_many_requests'}}
Failed for The Format - Give It Up: Error code: 429 - {'error': {'message': 'Too Many Requests', 'type': 'too_many_requests', 'param': None, 'code': 'too_many_requests'}}
Failed for The Ordinary Boys - Boys Will Be Boys: Error code: 429 - {'error': {'message': 'Too Many Requests', 'type': 'too_many_requests', 'param': None, 'code': 'too_many_requests'}}
Failed for Kt Tunstall - Hold On: Error code: 429 - {'error': {'message': 'Too Many Requests', 'type': 'too_many_requests', 'param': None, 'code': 'too_many_requests'}}
Failed for Mazzy Star - Be My Angel: Error code: 429 - {'error': {'message': 'Too Many Requests', 'type': 'too_many_requests', 'param': None, 'code': 'too_many_requests'}}
Failed for Korpiklaani - Journey Man: Error code: 429 - {'error': {'message': 'Too Many Requests', 'type': 'too_many_requests', 'param': None, 'code': 'too_many_requests'}}
Failed for Xtc - Senses Working Overtime: Error code: 429 - {'error': {'message': 'Too Many Requests', 'type': 'too_many_requests', 'param': None, 'code': 'too_many_requests'}}
Failed for Dream Theater - Erotomania: Error code: 429 - {'error': {'message': 'Too Many Requests', 'type': 'too_many_requests', 'param': None, 'code': 'too_many_requests'}}
Failed for Parov Stelar - Kisskiss: Error code: 429 - {'error': {'message': 'Too Many Requests', 'type': 'too_many_requests', 'param': None, 'code': 'too_many_requests'}}
Failed for Jason Mraz - The Remedy (I Won'T Worry): Error code: 429 - {'error': {'message': 'Too Many Requests', 'type': 'too_many_requests', 'param': None, 'code': 'too_many_requests'}}
Failed for Muse - The Gallery: Error code: 429 - {'error': {'message': 'Too Many Requests', 'type': 'too_many_requests', 'param': None, 'code': 'too_many_requests'}}
Failed for Pj Harvey - Is This Desire?: Error code: 429 - {'error': {'message': 'Too Many Requests', 'type': 'too_many_requests', 'param': None, 'code': 'too_many_requests'}}
Failed for Sneaker Pimps - Small Town Witch: Error code: 429 - {'error': {'message': 'Too Many Requests', 'type': 'too_many_requests', 'param': None, 'code': 'too_many_requests'}}
Failed for Pj Harvey - Electric Light: Error code: 429 - {'error': {'message': 'Too Many Requests', 'type': 'too_many_requests', 'param': None, 'code': 'too_many_requests'}}
Failed for Pink Floyd - Is There Anybody Out There: Error code: 429 - {'error': {'message': 'Too Many Requests', 'type': 'too_many_requests', 'param': None, 'code': 'too_many_requests'}}
Failed for Gentleman - Superior: Error code: 429 - {'error': {'message': 'Too Many Requests', 'type': 'too_many_requests', 'param': None, 'code': 'too_many_requests'}}
Failed for Sia - You Have Been Loved: Error code: 429 - {'error': {'message': 'Too Many Requests', 'type': 'too_many_requests', 'param': None, 'code': 'too_many_requests'}}
Failed for Municipal Waste - Unleash The Bastards: Error code: 429 - {'error': {'message': 'Too Many Requests', 'type': 'too_many_requests', 'param': None, 'code': 'too_many_requests'}}
Failed for Kosheen - Hide U: Error code: 429 - {'error': {'message': 'Too Many Requests', 'type': 'too_many_requests', 'param': None, 'code': 'too_many_requests'}}
Failed for Menomena - Rotten Hell: Error code: 429 - {'error': {'message': 'Too Many Requests', 'type': 'too_many_requests', 'param': None, 'code': 'too_many_requests'}}
Failed for Wilco - I'M A Wheel: Error code: 429 - {'error': {'message': 'Too Many Requests', 'type': 'too_many_requests', 'param': None, 'code': 'too_many_requests'}}
Failed for Bloc Party - Skeleton: Error code: 429 - {'error': {'message': 'Too Many Requests', 'type': 'too_many_requests', 'param': None, 'code': 'too_many_requests'}}
Failed for The 88 - How Good It Can Be: Error code: 429 - {'error': {'message': 'Too Many Requests', 'type': 'too_many_requests', 'param': None, 'code': 'too_many_requests'}}
Failed for Tenacious D - The Road: Error code: 429 - {'error': {'message': 'Too Many Requests', 'type': 'too_many_requests', 'param': None, 'code': 'too_many_requests'}}
Failed for Tool - No Quarter: Error code: 429 - {'error': {'message': 'Too Many Requests', 'type': 'too_many_requests', 'param': None, 'code': 'too_many_requests'}}
Failed for Ministry - Psalm 69: Error code: 429 - {'error': {'message': 'Too Many Requests', 'type': 'too_many_requests', 'param': None, 'code': 'too_many_requests'}}
Failed for Travis - Quicksand: Error code: 429 - {'error': {'message': 'Too Many Requests', 'type': 'too_many_requests', 'param': None, 'code': 'too_many_requests'}}
Failed for Jimmy Cliff - The Harder They Come: Error code: 429 - {'error': {'message': 'Too Many Requests', 'type': 'too_many_requests', 'param': None, 'code': 'too_many_requests'}}
Failed for Yann Tiersen - Les Jours Tristes: Error code: 429 - {'error': {'message': 'Too Many Requests', 'type': 'too_many_requests', 'param': None, 'code': 'too_many_requests'}}
Failed for Black Sabbath - Orchid: Error code: 429 - {'error': {'message': 'Too Many Requests', 'type': 'too_many_requests', 'param': None, 'code': 'too_many_requests'}}
Failed for Rammstein - Feuer Frei: Error code: 429 - {'error': {'message': 'Too Many Requests', 'type': 'too_many_requests', 'param': None, 'code': 'too_many_requests'}}
Failed for The Darkness - Seemed Like A Good Idea At The Time: Error code: 429 - {'error': {'message': 'Too Many Requests', 'type': 'too_many_requests', 'param': None, 'code': 'too_many_requests'}}
Failed for R.E.M. - Until The Day Is Done: Error code: 429 - {'error': {'message': 'Too Many Requests', 'type': 'too_many_requests', 'param': None, 'code': 'too_many_requests'}}
Failed for Tristania - Opus Relinque: Error code: 429 - {'error': {'message': 'Too Many Requests', 'type': 'too_many_requests', 'param': None, 'code': 'too_many_requests'}}
Failed for Cradle Of Filth - Lord Abortion: Error code: 429 - {'error': {'message': 'Too Many Requests', 'type': 'too_many_requests', 'param': None, 'code': 'too_many_requests'}}
Failed for R.E.M. - Talk About The Passion: Error code: 429 - {'error': {'message': 'Too Many Requests', 'type': 'too_many_requests', 'param': None, 'code': 'too_many_requests'}}
Failed for Poison - Cry Tough: Error code: 429 - {'error': {'message': 'Too Many Requests', 'type': 'too_many_requests', 'param': None, 'code': 'too_many_requests'}}
Failed for Sneaker Pimps - Bloodsport: Error code: 429 - {'error': {'message': 'Too Many Requests', 'type': 'too_many_requests', 'param': None, 'code': 'too_many_requests'}}
Failed for Poison - Look What The Cat Dragged In: Error code: 429 - {'error': {'message': 'Too Many Requests', 'type': 'too_many_requests', 'param': None, 'code': 'too_many_requests'}}
Failed for Cat Power - I Believe In You: Error code: 429 - {'error': {'message': 'Too Many Requests', 'type': 'too_many_requests', 'param': None, 'code': 'too_many_requests'}}
Failed for Kill Hannah - Race The Dream: Error code: 429 - {'error': {'message': 'Too Many Requests', 'type': 'too_many_requests', 'param': None, 'code': 'too_many_requests'}}
Failed for Isaac Hayes - Run Fay Run: Error code: 429 - {'error': {'message': 'Too Many Requests', 'type': 'too_many_requests', 'param': None, 'code': 'too_many_requests'}}
Failed for Kate Bush - Bertie: Error code: 429 - {'error': {'message': 'Too Many Requests', 'type': 'too_many_requests', 'param': None, 'code': 'too_many_requests'}}
Failed for Alanis Morissette - I Was Hoping: Error code: 429 - {'error': {'message': 'Too Many Requests', 'type': 'too_many_requests', 'param': None, 'code': 'too_many_requests'}}
Failed for The Smashing Pumpkins - I Am One: Error code: 429 - {'error': {'message': 'Too Many Requests', 'type': 'too_many_requests', 'param': None, 'code': 'too_many_requests'}}
Failed for Death Cab For Cutie - Song For Kelly Huckaby: Error code: 429 - {'error': {'message': 'Too Many Requests', 'type': 'too_many_requests', 'param': None, 'code': 'too_many_requests'}}
Failed for Paolo Nutini - Autumn: Error code: 429 - {'error': {'message': 'Too Many Requests', 'type': 'too_many_requests', 'param': None, 'code': 'too_many_requests'}}
Failed for Soda Stereo - Canción Animal: Error code: 429 - {'error': {'message': 'Too Many Requests', 'type': 'too_many_requests', 'param': None, 'code': 'too_many_requests'}}
Failed for Death Cab For Cutie - Line Of Best Fit: Error code: 429 - {'error': {'message': 'Too Many Requests', 'type': 'too_many_requests', 'param': None, 'code': 'too_many_requests'}}
Failed for Liars - Be Quiet Mt. Heart Attack!: Error code: 429 - {'error': {'message': 'Too Many Requests', 'type': 'too_many_requests', 'param': None, 'code': 'too_many_requests'}}
Failed for Kill Hannah - Scream: Error code: 429 - {'error': {'message': 'Too Many Requests', 'type': 'too_many_requests', 'param': None, 'code': 'too_many_requests'}}
Failed for Daft Punk - Rock'N Roll: Error code: 429 - {'error': {'message': 'Too Many Requests', 'type': 'too_many_requests', 'param': None, 'code': 'too_many_requests'}}
Failed for Billy Joel - It'S Still Rock And Roll To Me: Error code: 429 - {'error': {'message': 'Too Many Requests', 'type': 'too_many_requests', 'param': None, 'code': 'too_many_requests'}}
Failed for Buena Vista Social Club - Pueblo Nuevo: Error code: 429 - {'error': {'message': 'Too Many Requests', 'type': 'too_many_requests', 'param': None, 'code': 'too_many_requests'}}
Failed for Riverside - Reality Dream Iii: Error code: 429 - {'error': {'message': 'Too Many Requests', 'type': 'too_many_requests', 'param': None, 'code': 'too_many_requests'}}
Failed for The Black Keys - Hurt Like Mine: Error code: 429 - {'error': {'message': 'Too Many Requests', 'type': 'too_many_requests', 'param': None, 'code': 'too_many_requests'}}
Failed for Theatre Of Tragedy - ...A Distance There Is...: Error code: 429 - {'error': {'message': 'Too Many Requests', 'type': 'too_many_requests', 'param': None, 'code': 'too_many_requests'}}
Failed for The Chemical Brothers - The Golden Path: Error code: 429 - {'error': {'message': 'Too Many Requests', 'type': 'too_many_requests', 'param': None, 'code': 'too_many_requests'}}
Failed for Jimmy Eat World - Last Christmas: Error code: 429 - {'error': {'message': 'Too Many Requests', 'type': 'too_many_requests', 'param': None, 'code': 'too_many_requests'}}
Failed for Carcass - Embodiment: Error code: 429 - {'error': {'message': 'Too Many Requests', 'type': 'too_many_requests', 'param': None, 'code': 'too_many_requests'}}
Failed for Funeral For A Friend - Into Oblivion (Reunion): Error code: 429 - {'error': {'message': 'Too Many Requests', 'type': 'too_many_requests', 'param': None, 'code': 'too_many_requests'}}
Failed for The Black Keys - I Got Mine: Error code: 429 - {'error': {'message': 'Too Many Requests', 'type': 'too_many_requests', 'param': None, 'code': 'too_many_requests'}}
Failed for Neko Case - People Got A Lotta Nerve: Error code: 429 - {'error': {'message': 'Too Many Requests', 'type': 'too_many_requests', 'param': None, 'code': 'too_many_requests'}}
Failed for Fleetwood Mac - Albatross: Error code: 429 - {'error': {'message': 'Too Many Requests', 'type': 'too_many_requests', 'param': None, 'code': 'too_many_requests'}}
Failed for Blonde Redhead - Equus: Error code: 429 - {'error': {'message': 'Too Many Requests', 'type': 'too_many_requests', 'param': None, 'code': 'too_many_requests'}}
Failed for Korn - Trash: Error code: 429 - {'error': {'message': 'Too Many Requests', 'type': 'too_many_requests', 'param': None, 'code': 'too_many_requests'}}
Failed for Poisonblack - Raivotar: Error code: 429 - {'error': {'message': 'Too Many Requests', 'type': 'too_many_requests', 'param': None, 'code': 'too_many_requests'}}
Failed for M. Ward - Vincent O'Brien: Error code: 429 - {'error': {'message': 'Too Many Requests', 'type': 'too_many_requests', 'param': None, 'code': 'too_many_requests'}}
Failed for Mazzy Star - Wasted: Error code: 429 - {'error': {'message': 'Too Many Requests', 'type': 'too_many_requests', 'param': None, 'code': 'too_many_requests'}}
Failed for Seeed - What You Deserve Is What You Get: Error code: 429 - {'error': {'message': 'Too Many Requests', 'type': 'too_many_requests', 'param': None, 'code': 'too_many_requests'}}
Failed for Department Of Eagles - In Ear Park: Error code: 429 - {'error': {'message': 'Too Many Requests', 'type': 'too_many_requests', 'param': None, 'code': 'too_many_requests'}}
Failed for Black Mountain - Queens Will Play: Error code: 429 - {'error': {'message': 'Too Many Requests', 'type': 'too_many_requests', 'param': None, 'code': 'too_many_requests'}}
Failed for Bonobo - Walk In The Sky (Feat. Bajka): Error code: 429 - {'error': {'message': 'Too Many Requests', 'type': 'too_many_requests', 'param': None, 'code': 'too_many_requests'}}
Failed for Justice Vs. Simian - We Are Your Friends (Original Mix): Error code: 429 - {'error': {'message': 'Too Many Requests', 'type': 'too_many_requests', 'param': None, 'code': 'too_many_requests'}}
1100/2988 done
Failed for Måns Zelmerlöw - Cara Mia: Error code: 429 - {'error': {'message': 'Too Many Requests', 'type': 'too_many_requests', 'param': None, 'code': 'too_many_requests'}}
Failed for Billie Holiday - God Bless The Child: Error code: 429 - {'error': {'message': 'Too Many Requests', 'type': 'too_many_requests', 'param': None, 'code': 'too_many_requests'}}
Failed for A-Ha - The Living Daylights: Error code: 429 - {'error': {'message': 'Too Many Requests', 'type': 'too_many_requests', 'param': None, 'code': 'too_many_requests'}}
Failed for Guster - Ramona: Error code: 429 - {'error': {'message': 'Too Many Requests', 'type': 'too_many_requests', 'param': None, 'code': 'too_many_requests'}}
Failed for Great Lake Swimmers - Bodies And Minds: Error code: 429 - {'error': {'message': 'Too Many Requests', 'type': 'too_many_requests', 'param': None, 'code': 'too_many_requests'}}
Failed for In Flames - I'M The Highway: Error code: 429 - {'error': {'message': 'Too Many Requests', 'type': 'too_many_requests', 'param': None, 'code': 'too_many_requests'}}
Failed for In Flames - Disconnected: Error code: 429 - {'error': {'message': 'Too Many Requests', 'type': 'too_many_requests', 'param': None, 'code': 'too_many_requests'}}
Failed for Martha Wainwright - Far Away: Error code: 429 - {'error': {'message': 'Too Many Requests', 'type': 'too_many_requests', 'param': None, 'code': 'too_many_requests'}}
Failed for Lacuna Coil - Humane: Error code: 429 - {'error': {'message': 'Too Many Requests', 'type': 'too_many_requests', 'param': None, 'code': 'too_many_requests'}}
Failed for In Flames - Another Day In Quicksand: Error code: 429 - {'error': {'message': 'Too Many Requests', 'type': 'too_many_requests', 'param': None, 'code': 'too_many_requests'}}
Failed for Norah Jones - Wish I Could: Error code: 429 - {'error': {'message': 'Too Many Requests', 'type': 'too_many_requests', 'param': None, 'code': 'too_many_requests'}}
Failed for The Offspring - Bad Habit: Error code: 429 - {'error': {'message': 'Too Many Requests', 'type': 'too_many_requests', 'param': None, 'code': 'too_many_requests'}}
Failed for Beach House - Childhood: Error code: 429 - {'error': {'message': 'Too Many Requests', 'type': 'too_many_requests', 'param': None, 'code': 'too_many_requests'}}
Failed for Robert Miles - Children (Dream Version): Error code: 429 - {'error': {'message': 'Too Many Requests', 'type': 'too_many_requests', 'param': None, 'code': 'too_many_requests'}}
Failed for Marillion - Lavender: Error code: 429 - {'error': {'message': 'Too Many Requests', 'type': 'too_many_requests', 'param': None, 'code': 'too_many_requests'}}
Failed for Gang Starr - Full Clip: Error code: 429 - {'error': {'message': 'Too Many Requests', 'type': 'too_many_requests', 'param': None, 'code': 'too_many_requests'}}
Failed for Melvins - Night Goat: Error code: 429 - {'error': {'message': 'Too Many Requests', 'type': 'too_many_requests', 'param': None, 'code': 'too_many_requests'}}
Failed for Cansei De Ser Sexy - Move: Error code: 429 - {'error': {'message': 'Too Many Requests', 'type': 'too_many_requests', 'param': None, 'code': 'too_many_requests'}}
Failed for Yann Tiersen - Summer 78: Error code: 429 - {'error': {'message': 'Too Many Requests', 'type': 'too_many_requests', 'param': None, 'code': 'too_many_requests'}}
Failed for Brand New - Sowing Season (Yeah): Error code: 429 - {'error': {'message': 'Too Many Requests', 'type': 'too_many_requests', 'param': None, 'code': 'too_many_requests'}}
Failed for Skunk Anansie - Weak: Error code: 429 - {'error': {'message': 'Too Many Requests', 'type': 'too_many_requests', 'param': None, 'code': 'too_many_requests'}}
Failed for Kate Bush - Prologue: Error code: 429 - {'error': {'message': 'Too Many Requests', 'type': 'too_many_requests', 'param': None, 'code': 'too_many_requests'}}
Failed for Ok Go - A Good Idea At The Time: Error code: 429 - {'error': {'message': 'Too Many Requests', 'type': 'too_many_requests', 'param': None, 'code': 'too_many_requests'}}
Failed for Gwen Stefani - Orange County Girl: Error code: 429 - {'error': {'message': 'Too Many Requests', 'type': 'too_many_requests', 'param': None, 'code': 'too_many_requests'}}
Failed for Paramore - Conspiracy: Error code: 429 - {'error': {'message': 'Too Many Requests', 'type': 'too_many_requests', 'param': None, 'code': 'too_many_requests'}}
Failed for Cream - Swlabr: Error code: 429 - {'error': {'message': 'Too Many Requests', 'type': 'too_many_requests', 'param': None, 'code': 'too_many_requests'}}
Failed for Cassius - The Sound Of Violence: Error code: 429 - {'error': {'message': 'Too Many Requests', 'type': 'too_many_requests', 'param': None, 'code': 'too_many_requests'}}
Failed for Alice In Chains - Sickman: Error code: 429 - {'error': {'message': 'Too Many Requests', 'type': 'too_many_requests', 'param': None, 'code': 'too_many_requests'}}
Failed for Supergrass - Mansize Rooster: Error code: 429 - {'error': {'message': 'Too Many Requests', 'type': 'too_many_requests', 'param': None, 'code': 'too_many_requests'}}
Failed for Kyuss - Caterpillar March: Error code: 429 - {'error': {'message': 'Too Many Requests', 'type': 'too_many_requests', 'param': None, 'code': 'too_many_requests'}}
Failed for Michael Andrews - Gretchen Ross: Error code: 429 - {'error': {'message': 'Too Many Requests', 'type': 'too_many_requests', 'param': None, 'code': 'too_many_requests'}}
Failed for Disturbed - Fear: Error code: 429 - {'error': {'message': 'Too Many Requests', 'type': 'too_many_requests', 'param': None, 'code': 'too_many_requests'}}
Failed for Yann Tiersen - Monochrome: Error code: 429 - {'error': {'message': 'Too Many Requests', 'type': 'too_many_requests', 'param': None, 'code': 'too_many_requests'}}
Failed for The Feeling - Helicopter: Error code: 429 - {'error': {'message': 'Too Many Requests', 'type': 'too_many_requests', 'param': None, 'code': 'too_many_requests'}}
Failed for The Cure - So What: Error code: 429 - {'error': {'message': 'Too Many Requests', 'type': 'too_many_requests', 'param': None, 'code': 'too_many_requests'}}
Failed for Badly Drawn Boy - The Shining: Error code: 429 - {'error': {'message': 'Too Many Requests', 'type': 'too_many_requests', 'param': None, 'code': 'too_many_requests'}}
Failed for Ace Of Base - Don'T Turn Around: Error code: 429 - {'error': {'message': 'Too Many Requests', 'type': 'too_many_requests', 'param': None, 'code': 'too_many_requests'}}
Failed for The 69 Eyes - Don'T Turn Your Back On Fear: Error code: 429 - {'error': {'message': 'Too Many Requests', 'type': 'too_many_requests', 'param': None, 'code': 'too_many_requests'}}
Failed for Miles Davis - Freddie Freeloader: Error code: 429 - {'error': {'message': 'Too Many Requests', 'type': 'too_many_requests', 'param': None, 'code': 'too_many_requests'}}
Failed for The Who - Getting In Tune: Error code: 429 - {'error': {'message': 'Too Many Requests', 'type': 'too_many_requests', 'param': None, 'code': 'too_many_requests'}}
Failed for Mstrkrft - Bodywork: Error code: 429 - {'error': {'message': 'Too Many Requests', 'type': 'too_many_requests', 'param': None, 'code': 'too_many_requests'}}
Failed for Lacuna Coil - Senzafine: Error code: 429 - {'error': {'message': 'Too Many Requests', 'type': 'too_many_requests', 'param': None, 'code': 'too_many_requests'}}
Failed for Neko Case - At Last: Error code: 429 - {'error': {'message': 'Too Many Requests', 'type': 'too_many_requests', 'param': None, 'code': 'too_many_requests'}}
Failed for Mogwai - Summer: Error code: 429 - {'error': {'message': 'Too Many Requests', 'type': 'too_many_requests', 'param': None, 'code': 'too_many_requests'}}
Failed for Big Star - September Gurls: Error code: 429 - {'error': {'message': 'Too Many Requests', 'type': 'too_many_requests', 'param': None, 'code': 'too_many_requests'}}
Failed for The Gutter Twins - Idle Hands: Error code: 429 - {'error': {'message': 'Too Many Requests', 'type': 'too_many_requests', 'param': None, 'code': 'too_many_requests'}}
Failed for Him - Razorblade Kiss: Error code: 429 - {'error': {'message': 'Too Many Requests', 'type': 'too_many_requests', 'param': None, 'code': 'too_many_requests'}}
Failed for Timbaland - One And Only (Feat. Fall Out Boy): Error code: 429 - {'error': {'message': 'Too Many Requests', 'type': 'too_many_requests', 'param': None, 'code': 'too_many_requests'}}
Failed for The Prodigy - Intro: Error code: 429 - {'error': {'message': 'Too Many Requests', 'type': 'too_many_requests', 'param': None, 'code': 'too_many_requests'}}
Failed for Him - The Face Of God: Error code: 429 - {'error': {'message': 'Too Many Requests', 'type': 'too_many_requests', 'param': None, 'code': 'too_many_requests'}}
Failed for Mgmt - Electric Feel (Justice Remix): Error code: 429 - {'error': {'message': 'Too Many Requests', 'type': 'too_many_requests', 'param': None, 'code': 'too_many_requests'}}
Failed for Green Day - Longview: Error code: 429 - {'error': {'message': 'Too Many Requests', 'type': 'too_many_requests', 'param': None, 'code': 'too_many_requests'}}
Failed for Sunset Rubdown - Setting Vs. Rising: Error code: 429 - {'error': {'message': 'Too Many Requests', 'type': 'too_many_requests', 'param': None, 'code': 'too_many_requests'}}
Failed for Mohammed Rafi - Jaan Pehechaan Ho: Error code: 429 - {'error': {'message': 'Too Many Requests', 'type': 'too_many_requests', 'param': None, 'code': 'too_many_requests'}}
Failed for Mogwai - Superheroes Of Bmx: Error code: 429 - {'error': {'message': 'Too Many Requests', 'type': 'too_many_requests', 'param': None, 'code': 'too_many_requests'}}
Failed for Leonard Cohen - Bird On The Wire: Error code: 429 - {'error': {'message': 'Too Many Requests', 'type': 'too_many_requests', 'param': None, 'code': 'too_many_requests'}}
Failed for Boards Of Canada - Tears From The Compound Eye: Error code: 429 - {'error': {'message': 'Too Many Requests', 'type': 'too_many_requests', 'param': None, 'code': 'too_many_requests'}}
Failed for Mogwai - 2 Rights Make 1 Wrong: Error code: 429 - {'error': {'message': 'Too Many Requests', 'type': 'too_many_requests', 'param': None, 'code': 'too_many_requests'}}
Failed for The Birthday Massacre - Video Kid: Error code: 429 - {'error': {'message': 'Too Many Requests', 'type': 'too_many_requests', 'param': None, 'code': 'too_many_requests'}}
Failed for Flying Lotus - Breathe . Something/Stellar Star: Error code: 429 - {'error': {'message': 'Too Many Requests', 'type': 'too_many_requests', 'param': None, 'code': 'too_many_requests'}}
Failed for Kate Bush - This Woman'S Work: Error code: 429 - {'error': {'message': 'Too Many Requests', 'type': 'too_many_requests', 'param': None, 'code': 'too_many_requests'}}
Failed for Arcturus - Alone: Error code: 429 - {'error': {'message': 'Too Many Requests', 'type': 'too_many_requests', 'param': None, 'code': 'too_many_requests'}}
Failed for Foo Fighters - Another Round: Error code: 429 - {'error': {'message': 'Too Many Requests', 'type': 'too_many_requests', 'param': None, 'code': 'too_many_requests'}}
Failed for Sugababes - Overload: Error code: 429 - {'error': {'message': 'Too Many Requests', 'type': 'too_many_requests', 'param': None, 'code': 'too_many_requests'}}
Failed for Metallica - Low Man'S Lyric: Error code: 429 - {'error': {'message': 'Too Many Requests', 'type': 'too_many_requests', 'param': None, 'code': 'too_many_requests'}}
Failed for Armand Van Helden - I Want Your Soul: Error code: 429 - {'error': {'message': 'Too Many Requests', 'type': 'too_many_requests', 'param': None, 'code': 'too_many_requests'}}
Failed for Tori Amos - Enjoy The Silence: Error code: 429 - {'error': {'message': 'Too Many Requests', 'type': 'too_many_requests', 'param': None, 'code': 'too_many_requests'}}
Failed for Skinny Puppy - First Aid: Error code: 429 - {'error': {'message': 'Too Many Requests', 'type': 'too_many_requests', 'param': None, 'code': 'too_many_requests'}}
Failed for Keane - Walnut Tree: Error code: 429 - {'error': {'message': 'Too Many Requests', 'type': 'too_many_requests', 'param': None, 'code': 'too_many_requests'}}
Failed for Volbeat - I Only Wanna Be With You: Error code: 429 - {'error': {'message': 'Too Many Requests', 'type': 'too_many_requests', 'param': None, 'code': 'too_many_requests'}}
Failed for Rage Against The Machine - Wind Below: Error code: 429 - {'error': {'message': 'Too Many Requests', 'type': 'too_many_requests', 'param': None, 'code': 'too_many_requests'}}
Failed for The Cure - The Blood: Error code: 429 - {'error': {'message': 'Too Many Requests', 'type': 'too_many_requests', 'param': None, 'code': 'too_many_requests'}}
Failed for Flo Rida Ft. T-Pain - Low: Error code: 429 - {'error': {'message': 'Too Many Requests', 'type': 'too_many_requests', 'param': None, 'code': 'too_many_requests'}}
Failed for The Doors - I Can'T See Your Face In My Mind: Error code: 429 - {'error': {'message': 'Too Many Requests', 'type': 'too_many_requests', 'param': None, 'code': 'too_many_requests'}}
Failed for Daft Punk - Digital Love (Boris Dlugosch Remix): Error code: 429 - {'error': {'message': 'Too Many Requests', 'type': 'too_many_requests', 'param': None, 'code': 'too_many_requests'}}
Failed for Joshua Radin - Winter: Error code: 429 - {'error': {'message': 'Too Many Requests', 'type': 'too_many_requests', 'param': None, 'code': 'too_many_requests'}}
Failed for The Kills - Fuck The People: Error code: 429 - {'error': {'message': 'Too Many Requests', 'type': 'too_many_requests', 'param': None, 'code': 'too_many_requests'}}
Failed for The Kills - Hitched: Error code: 429 - {'error': {'message': 'Too Many Requests', 'type': 'too_many_requests', 'param': None, 'code': 'too_many_requests'}}
Failed for Basement Jaxx - Hush Boy: Error code: 429 - {'error': {'message': 'Too Many Requests', 'type': 'too_many_requests', 'param': None, 'code': 'too_many_requests'}}
Failed for Primal Scream - Kill All Hippies: Error code: 429 - {'error': {'message': 'Too Many Requests', 'type': 'too_many_requests', 'param': None, 'code': 'too_many_requests'}}
Failed for Underworld - Born Slippy (Nuxx): Error code: 429 - {'error': {'message': 'Too Many Requests', 'type': 'too_many_requests', 'param': None, 'code': 'too_many_requests'}}
Failed for Whitesnake - Too Many Tears: Error code: 429 - {'error': {'message': 'Too Many Requests', 'type': 'too_many_requests', 'param': None, 'code': 'too_many_requests'}}
Failed for Andrew Bird - Lull: Error code: 429 - {'error': {'message': 'Too Many Requests', 'type': 'too_many_requests', 'param': None, 'code': 'too_many_requests'}}
Failed for Lamb Of God - The Faded Line: Error code: 429 - {'error': {'message': 'Too Many Requests', 'type': 'too_many_requests', 'param': None, 'code': 'too_many_requests'}}
Failed for Carcass - This Mortal Coil: Error code: 429 - {'error': {'message': 'Too Many Requests', 'type': 'too_many_requests', 'param': None, 'code': 'too_many_requests'}}
Failed for Travis - The Last Laugh Of The Laughter: Error code: 429 - {'error': {'message': 'Too Many Requests', 'type': 'too_many_requests', 'param': None, 'code': 'too_many_requests'}}
Failed for Four Tet - Everything Is Alright: Error code: 429 - {'error': {'message': 'Too Many Requests', 'type': 'too_many_requests', 'param': None, 'code': 'too_many_requests'}}
Failed for The Black Keys - Your Touch: Error code: 429 - {'error': {'message': 'Too Many Requests', 'type': 'too_many_requests', 'param': None, 'code': 'too_many_requests'}}
Failed for Silver Jews - Random Rules: Error code: 429 - {'error': {'message': 'Too Many Requests', 'type': 'too_many_requests', 'param': None, 'code': 'too_many_requests'}}
Failed for Imogen Heap - Come Here Boy: Error code: 429 - {'error': {'message': 'Too Many Requests', 'type': 'too_many_requests', 'param': None, 'code': 'too_many_requests'}}
Failed for Ramones - California Sun: Error code: 429 - {'error': {'message': 'Too Many Requests', 'type': 'too_many_requests', 'param': None, 'code': 'too_many_requests'}}
Failed for Vnv Nation - Interceptor: Error code: 429 - {'error': {'message': 'Too Many Requests', 'type': 'too_many_requests', 'param': None, 'code': 'too_many_requests'}}
Failed for Ra Ra Riot - Can You Tell: Error code: 429 - {'error': {'message': 'Too Many Requests', 'type': 'too_many_requests', 'param': None, 'code': 'too_many_requests'}}
Failed for Stone Temple Pilots - Big Empty: Error code: 429 - {'error': {'message': 'Too Many Requests', 'type': 'too_many_requests', 'param': None, 'code': 'too_many_requests'}}
Failed for White Rose Movement - London'S Mine: Error code: 429 - {'error': {'message': 'Too Many Requests', 'type': 'too_many_requests', 'param': None, 'code': 'too_many_requests'}}
Failed for The Who - Pure And Easy: Error code: 429 - {'error': {'message': 'Too Many Requests', 'type': 'too_many_requests', 'param': None, 'code': 'too_many_requests'}}
Failed for Buzzcocks - Autonomy: Error code: 429 - {'error': {'message': 'Too Many Requests', 'type': 'too_many_requests', 'param': None, 'code': 'too_many_requests'}}
1200/2988 done
Failed for Fatima Meets Kuriaki - Skyline: Error code: 429 - {'error': {'message': 'Too Many Requests', 'type': 'too_many_requests', 'param': None, 'code': 'too_many_requests'}}
Failed for Electric Light Orchestra Part Ii - Telephone Line: Error code: 429 - {'error': {'message': 'Too Many Requests', 'type': 'too_many_requests', 'param': None, 'code': 'too_many_requests'}}
Failed for John Lennon - Power To The People: Error code: 429 - {'error': {'message': 'Too Many Requests', 'type': 'too_many_requests', 'param': None, 'code': 'too_many_requests'}}
Failed for Blockhead - Insomniac Olympics: Error code: 429 - {'error': {'message': 'Too Many Requests', 'type': 'too_many_requests', 'param': None, 'code': 'too_many_requests'}}
Failed for Turisas - As Torches Rise: Error code: 429 - {'error': {'message': 'Too Many Requests', 'type': 'too_many_requests', 'param': None, 'code': 'too_many_requests'}}
Failed for Feist - La Sirena: Error code: 429 - {'error': {'message': 'Too Many Requests', 'type': 'too_many_requests', 'param': None, 'code': 'too_many_requests'}}
Failed for John Mayer - Neon: Error code: 429 - {'error': {'message': 'Too Many Requests', 'type': 'too_many_requests', 'param': None, 'code': 'too_many_requests'}}
Failed for We Are Scientists - Altered Beast: Error code: 429 - {'error': {'message': 'Too Many Requests', 'type': 'too_many_requests', 'param': None, 'code': 'too_many_requests'}}
Failed for The Charlatans - Bad Days: Error code: 429 - {'error': {'message': 'Too Many Requests', 'type': 'too_many_requests', 'param': None, 'code': 'too_many_requests'}}
Failed for Nick Cave & The Bad Seeds - (Are You) The One That I'Ve Been Waiting For?: Error code: 429 - {'error': {'message': 'Too Many Requests', 'type': 'too_many_requests', 'param': None, 'code': 'too_many_requests'}}
Failed for Cradle Of Filth - Cthulhu Dawn: Error code: 429 - {'error': {'message': 'Too Many Requests', 'type': 'too_many_requests', 'param': None, 'code': 'too_many_requests'}}
Failed for Ron Geesin - Commuter: Error code: 429 - {'error': {'message': 'Too Many Requests', 'type': 'too_many_requests', 'param': None, 'code': 'too_many_requests'}}
Failed for Riverside - Out Of Myself: Error code: 429 - {'error': {'message': 'Too Many Requests', 'type': 'too_many_requests', 'param': None, 'code': 'too_many_requests'}}
Failed for Okkervil River - Savannah Smiles: Error code: 429 - {'error': {'message': 'Too Many Requests', 'type': 'too_many_requests', 'param': None, 'code': 'too_many_requests'}}
Failed for The National - City Middle: Error code: 429 - {'error': {'message': 'Too Many Requests', 'type': 'too_many_requests', 'param': None, 'code': 'too_many_requests'}}
Failed for Elbow - Great Expectations: Error code: 429 - {'error': {'message': 'Too Many Requests', 'type': 'too_many_requests', 'param': None, 'code': 'too_many_requests'}}
Failed for Pantera - Revolution Is My Name: Error code: 429 - {'error': {'message': 'Too Many Requests', 'type': 'too_many_requests', 'param': None, 'code': 'too_many_requests'}}
Failed for Snow Patrol - One Hundred Things You Should Have Done In Bed: Error code: 429 - {'error': {'message': 'Too Many Requests', 'type': 'too_many_requests', 'param': None, 'code': 'too_many_requests'}}
Failed for Wilco - Outtasite (Outta Mind): Error code: 429 - {'error': {'message': 'Too Many Requests', 'type': 'too_many_requests', 'param': None, 'code': 'too_many_requests'}}
Failed for Múm - The Land Between Solar Systems: Error code: 429 - {'error': {'message': 'Too Many Requests', 'type': 'too_many_requests', 'param': None, 'code': 'too_many_requests'}}
Failed for Black Sabbath - Fluff: Error code: 429 - {'error': {'message': 'Too Many Requests', 'type': 'too_many_requests', 'param': None, 'code': 'too_many_requests'}}
Failed for Metallica - The Ecstasy Of Gold: Error code: 429 - {'error': {'message': 'Too Many Requests', 'type': 'too_many_requests', 'param': None, 'code': 'too_many_requests'}}
Failed for Blonde Redhead - This Is Not: Error code: 429 - {'error': {'message': 'Too Many Requests', 'type': 'too_many_requests', 'param': None, 'code': 'too_many_requests'}}
Failed for Metallica - Some Kind Of Monster: Error code: 429 - {'error': {'message': 'Too Many Requests', 'type': 'too_many_requests', 'param': None, 'code': 'too_many_requests'}}
Failed for Broken Social Scene - Major Label Debut (Fast): Error code: 429 - {'error': {'message': 'Too Many Requests', 'type': 'too_many_requests', 'param': None, 'code': 'too_many_requests'}}
Failed for Korn - Politics: Error code: 429 - {'error': {'message': 'Too Many Requests', 'type': 'too_many_requests', 'param': None, 'code': 'too_many_requests'}}
Failed for Within Temptation - Never-Ending Story: Error code: 429 - {'error': {'message': 'Too Many Requests', 'type': 'too_many_requests', 'param': None, 'code': 'too_many_requests'}}
Failed for Robyn - Be Mine!: Error code: 429 - {'error': {'message': 'Too Many Requests', 'type': 'too_many_requests', 'param': None, 'code': 'too_many_requests'}}
Failed for Puscifer - Momma Sed: Error code: 429 - {'error': {'message': 'Too Many Requests', 'type': 'too_many_requests', 'param': None, 'code': 'too_many_requests'}}
Failed for Infected Mushroom - Artillery: Error code: 429 - {'error': {'message': 'Too Many Requests', 'type': 'too_many_requests', 'param': None, 'code': 'too_many_requests'}}
Failed for Coheed And Cambria - Once Upon Your Dead Body: Error code: 429 - {'error': {'message': 'Too Many Requests', 'type': 'too_many_requests', 'param': None, 'code': 'too_many_requests'}}
Failed for Queen - Good Old-Fashioned Lover Boy: Error code: 429 - {'error': {'message': 'Too Many Requests', 'type': 'too_many_requests', 'param': None, 'code': 'too_many_requests'}}
Failed for Yo La Tengo - Lewis: Error code: 429 - {'error': {'message': 'Too Many Requests', 'type': 'too_many_requests', 'param': None, 'code': 'too_many_requests'}}
Failed for The Weakerthans - Plea From A Cat Named Virtue: Error code: 429 - {'error': {'message': 'Too Many Requests', 'type': 'too_many_requests', 'param': None, 'code': 'too_many_requests'}}
Failed for Maxïmo Park - A Fortnight'S Time: Error code: 429 - {'error': {'message': 'Too Many Requests', 'type': 'too_many_requests', 'param': None, 'code': 'too_many_requests'}}
Failed for Brad Mehldau - Blame It On My Youth: Error code: 429 - {'error': {'message': 'Too Many Requests', 'type': 'too_many_requests', 'param': None, 'code': 'too_many_requests'}}
Failed for The Hives - Diabolic Scheme: Error code: 429 - {'error': {'message': 'Too Many Requests', 'type': 'too_many_requests', 'param': None, 'code': 'too_many_requests'}}
Failed for I'M From Barcelona - Chicken Pox: Error code: 429 - {'error': {'message': 'Too Many Requests', 'type': 'too_many_requests', 'param': None, 'code': 'too_many_requests'}}
Failed for Deltron 3030 - Mastermind: Error code: 429 - {'error': {'message': 'Too Many Requests', 'type': 'too_many_requests', 'param': None, 'code': 'too_many_requests'}}
Failed for Spandau Ballet - To Cut A Long Story Short: Error code: 429 - {'error': {'message': 'Too Many Requests', 'type': 'too_many_requests', 'param': None, 'code': 'too_many_requests'}}
Failed for The Futureheads - Yes/No: Error code: 429 - {'error': {'message': 'Too Many Requests', 'type': 'too_many_requests', 'param': None, 'code': 'too_many_requests'}}
Failed for The Game - Hate It Or Love It (Feat. 50 Cent): Error code: 429 - {'error': {'message': 'Too Many Requests', 'type': 'too_many_requests', 'param': None, 'code': 'too_many_requests'}}
Failed for New Order - Turn My Way: Error code: 429 - {'error': {'message': 'Too Many Requests', 'type': 'too_many_requests', 'param': None, 'code': 'too_many_requests'}}
Failed for Ben Folds - Bastard: Error code: 429 - {'error': {'message': 'Too Many Requests', 'type': 'too_many_requests', 'param': None, 'code': 'too_many_requests'}}
Failed for Boys Noize - Shine Shine: Error code: 429 - {'error': {'message': 'Too Many Requests', 'type': 'too_many_requests', 'param': None, 'code': 'too_many_requests'}}
Failed for Riverside - Volte-Face: Error code: 429 - {'error': {'message': 'Too Many Requests', 'type': 'too_many_requests', 'param': None, 'code': 'too_many_requests'}}
Failed for The Cinematic Orchestra - All That You Give: Error code: 429 - {'error': {'message': 'Too Many Requests', 'type': 'too_many_requests', 'param': None, 'code': 'too_many_requests'}}
Failed for Christian Death - The Drowning: Error code: 429 - {'error': {'message': 'Too Many Requests', 'type': 'too_many_requests', 'param': None, 'code': 'too_many_requests'}}
Failed for Billy Talent - Covered In Cowardice: Error code: 429 - {'error': {'message': 'Too Many Requests', 'type': 'too_many_requests', 'param': None, 'code': 'too_many_requests'}}
Failed for As I Lay Dying - The Darkest Nights: Error code: 429 - {'error': {'message': 'Too Many Requests', 'type': 'too_many_requests', 'param': None, 'code': 'too_many_requests'}}
Failed for The Mountain Goats - Jenny: Error code: 429 - {'error': {'message': 'Too Many Requests', 'type': 'too_many_requests', 'param': None, 'code': 'too_many_requests'}}
Failed for Casiotone For The Painfully Alone - New Year'S Kiss: Error code: 429 - {'error': {'message': 'Too Many Requests', 'type': 'too_many_requests', 'param': None, 'code': 'too_many_requests'}}
Failed for Garbage - Right Between The Eyes: Error code: 429 - {'error': {'message': 'Too Many Requests', 'type': 'too_many_requests', 'param': None, 'code': 'too_many_requests'}}
Failed for Against Me! - Joy: Error code: 429 - {'error': {'message': 'Too Many Requests', 'type': 'too_many_requests', 'param': None, 'code': 'too_many_requests'}}
Failed for Turbonegro - Welcome To The Garbage Dump: Error code: 429 - {'error': {'message': 'Too Many Requests', 'type': 'too_many_requests', 'param': None, 'code': 'too_many_requests'}}
Failed for Metric - I.O.U.: Error code: 429 - {'error': {'message': 'Too Many Requests', 'type': 'too_many_requests', 'param': None, 'code': 'too_many_requests'}}
Failed for John Lennon - Give Peace A Chance: Error code: 429 - {'error': {'message': 'Too Many Requests', 'type': 'too_many_requests', 'param': None, 'code': 'too_many_requests'}}
Failed for Adele - Daydreamer: Error code: 429 - {'error': {'message': 'Too Many Requests', 'type': 'too_many_requests', 'param': None, 'code': 'too_many_requests'}}
Failed for The Connells - 74-75: Error code: 429 - {'error': {'message': 'Too Many Requests', 'type': 'too_many_requests', 'param': None, 'code': 'too_many_requests'}}
Failed for 3 Doors Down - Behind Those Eyes: Error code: 429 - {'error': {'message': 'Too Many Requests', 'type': 'too_many_requests', 'param': None, 'code': 'too_many_requests'}}
Failed for Jeff Buckley - Forget Her: Error code: 429 - {'error': {'message': 'Too Many Requests', 'type': 'too_many_requests', 'param': None, 'code': 'too_many_requests'}}
Failed for Backyard Babies - Nomadic: Error code: 429 - {'error': {'message': 'Too Many Requests', 'type': 'too_many_requests', 'param': None, 'code': 'too_many_requests'}}
Failed for Broadcast - Lunch Hour Pops: Error code: 429 - {'error': {'message': 'Too Many Requests', 'type': 'too_many_requests', 'param': None, 'code': 'too_many_requests'}}
Failed for Doves - Sky Starts Falling: Error code: 429 - {'error': {'message': 'Too Many Requests', 'type': 'too_many_requests', 'param': None, 'code': 'too_many_requests'}}
Failed for Doves - Walk In Fire: Error code: 429 - {'error': {'message': 'Too Many Requests', 'type': 'too_many_requests', 'param': None, 'code': 'too_many_requests'}}
Failed for Amorphis - The White Swan: Error code: 429 - {'error': {'message': 'Too Many Requests', 'type': 'too_many_requests', 'param': None, 'code': 'too_many_requests'}}
Failed for Frédéric Chopin - Op 9 Nr. 1 In B-Moll: Error code: 429 - {'error': {'message': 'Too Many Requests', 'type': 'too_many_requests', 'param': None, 'code': 'too_many_requests'}}
Failed for Hot Hot Heat - Dirty Mouth: Error code: 429 - {'error': {'message': 'Too Many Requests', 'type': 'too_many_requests', 'param': None, 'code': 'too_many_requests'}}
Failed for James Morrison - Wonderful World: Error code: 429 - {'error': {'message': 'Too Many Requests', 'type': 'too_many_requests', 'param': None, 'code': 'too_many_requests'}}
Failed for Soda Stereo - El Rito: Error code: 429 - {'error': {'message': 'Too Many Requests', 'type': 'too_many_requests', 'param': None, 'code': 'too_many_requests'}}
Failed for Zeigeist - Bunny: Error code: 429 - {'error': {'message': 'Too Many Requests', 'type': 'too_many_requests', 'param': None, 'code': 'too_many_requests'}}
Failed for Moonspell - Luna: Error code: 429 - {'error': {'message': 'Too Many Requests', 'type': 'too_many_requests', 'param': None, 'code': 'too_many_requests'}}
Failed for King Crimson - The Court Of The Crimson King: Error code: 429 - {'error': {'message': 'Too Many Requests', 'type': 'too_many_requests', 'param': None, 'code': 'too_many_requests'}}
Failed for Sepultura - Slave New World: Error code: 429 - {'error': {'message': 'Too Many Requests', 'type': 'too_many_requests', 'param': None, 'code': 'too_many_requests'}}
Failed for The B-52'S - Funplex: Error code: 429 - {'error': {'message': 'Too Many Requests', 'type': 'too_many_requests', 'param': None, 'code': 'too_many_requests'}}
Failed for Manic Street Preachers - Ifwhiteamericatoldthetruthforonedayit'Sworldwouldfallapart: Error code: 429 - {'error': {'message': 'Too Many Requests', 'type': 'too_many_requests', 'param': None, 'code': 'too_many_requests'}}
Failed for Art Of Noise - Moments In Love: Error code: 429 - {'error': {'message': 'Too Many Requests', 'type': 'too_many_requests', 'param': None, 'code': 'too_many_requests'}}
Failed for Richard Ashcroft - Keys To The World: Error code: 429 - {'error': {'message': 'Too Many Requests', 'type': 'too_many_requests', 'param': None, 'code': 'too_many_requests'}}
Failed for Of Montreal - City Bird: Error code: 429 - {'error': {'message': 'Too Many Requests', 'type': 'too_many_requests', 'param': None, 'code': 'too_many_requests'}}
Failed for Phoenix - Second To None: Error code: 429 - {'error': {'message': 'Too Many Requests', 'type': 'too_many_requests', 'param': None, 'code': 'too_many_requests'}}
Failed for Beastie Boys - Girls: Error code: 429 - {'error': {'message': 'Too Many Requests', 'type': 'too_many_requests', 'param': None, 'code': 'too_many_requests'}}
Failed for Backyard Babies - Be Myself And I: Error code: 429 - {'error': {'message': 'Too Many Requests', 'type': 'too_many_requests', 'param': None, 'code': 'too_many_requests'}}
Failed for The Clash - Revolution Rock: Error code: 429 - {'error': {'message': 'Too Many Requests', 'type': 'too_many_requests', 'param': None, 'code': 'too_many_requests'}}
Failed for Backyard Babies - Abandon: Error code: 429 - {'error': {'message': 'Too Many Requests', 'type': 'too_many_requests', 'param': None, 'code': 'too_many_requests'}}
Failed for Brian Eno - Needles In The Camel'S Eye: Error code: 429 - {'error': {'message': 'Too Many Requests', 'type': 'too_many_requests', 'param': None, 'code': 'too_many_requests'}}
Failed for Mägo De Oz - El Lago: Error code: 429 - {'error': {'message': 'Too Many Requests', 'type': 'too_many_requests', 'param': None, 'code': 'too_many_requests'}}
Failed for Ted Leo And The Pharmacists - Bleeding Powers: Error code: 429 - {'error': {'message': 'Too Many Requests', 'type': 'too_many_requests', 'param': None, 'code': 'too_many_requests'}}
Failed for Mando Diao - Ringing Bells: Error code: 429 - {'error': {'message': 'Too Many Requests', 'type': 'too_many_requests', 'param': None, 'code': 'too_many_requests'}}
Failed for Britney Spears - What It'S Like To Be Me: Error code: 429 - {'error': {'message': 'Too Many Requests', 'type': 'too_many_requests', 'param': None, 'code': 'too_many_requests'}}
Failed for Clap Your Hands Say Yeah - Underwater (You And Me): Error code: 429 - {'error': {'message': 'Too Many Requests', 'type': 'too_many_requests', 'param': None, 'code': 'too_many_requests'}}
Failed for Clark - Springtime Epigram: Error code: 429 - {'error': {'message': 'Too Many Requests', 'type': 'too_many_requests', 'param': None, 'code': 'too_many_requests'}}
Failed for Lamb - Trans Fatty Acid: Error code: 429 - {'error': {'message': 'Too Many Requests', 'type': 'too_many_requests', 'param': None, 'code': 'too_many_requests'}}
Failed for 3 Doors Down - Going Down In Flames: Error code: 429 - {'error': {'message': 'Too Many Requests', 'type': 'too_many_requests', 'param': None, 'code': 'too_many_requests'}}
Failed for Coralie Clément - L'Ombre Et La Lumiere: Error code: 429 - {'error': {'message': 'Too Many Requests', 'type': 'too_many_requests', 'param': None, 'code': 'too_many_requests'}}
1300/2988 done
Failed for Kettcar - Nacht: Error code: 429 - {'error': {'message': 'Too Many Requests', 'type': 'too_many_requests', 'param': None, 'code': 'too_many_requests'}}
Failed for Guns N' Roses - Don'T Cry (Alternate Lyrics): Error code: 429 - {'error': {'message': 'Too Many Requests', 'type': 'too_many_requests', 'param': None, 'code': 'too_many_requests'}}
Failed for Beyoncé - Get Me Bodied: Error code: 429 - {'error': {'message': 'Too Many Requests', 'type': 'too_many_requests', 'param': None, 'code': 'too_many_requests'}}
Failed for Regina Spektor - Pavlov'S Daughter: Error code: 429 - {'error': {'message': 'Too Many Requests', 'type': 'too_many_requests', 'param': None, 'code': 'too_many_requests'}}
Failed for Faith No More - Ricochet: Error code: 429 - {'error': {'message': 'Too Many Requests', 'type': 'too_many_requests', 'param': None, 'code': 'too_many_requests'}}
Failed for Faith No More - War Pigs: Error code: 429 - {'error': {'message': 'Too Many Requests', 'type': 'too_many_requests', 'param': None, 'code': 'too_many_requests'}}
Failed for Clark - Night Knuckles: Error code: 429 - {'error': {'message': 'Too Many Requests', 'type': 'too_many_requests', 'param': None, 'code': 'too_many_requests'}}
Failed for Nas - Halftime: Error code: 429 - {'error': {'message': 'Too Many Requests', 'type': 'too_many_requests', 'param': None, 'code': 'too_many_requests'}}
Failed for Leonard Cohen - Take This Waltz: Error code: 429 - {'error': {'message': 'Too Many Requests', 'type': 'too_many_requests', 'param': None, 'code': 'too_many_requests'}}
Failed for Tv On The Radio - The Wrong Way: Error code: 429 - {'error': {'message': 'Too Many Requests', 'type': 'too_many_requests', 'param': None, 'code': 'too_many_requests'}}
Failed for Delays - Valentine: Error code: 429 - {'error': {'message': 'Too Many Requests', 'type': 'too_many_requests', 'param': None, 'code': 'too_many_requests'}}
Failed for Soundgarden - Let Me Drown: Error code: 429 - {'error': {'message': 'Too Many Requests', 'type': 'too_many_requests', 'param': None, 'code': 'too_many_requests'}}
Failed for Friendly Fires - Strobe: Error code: 429 - {'error': {'message': 'Too Many Requests', 'type': 'too_many_requests', 'param': None, 'code': 'too_many_requests'}}
Failed for Koop - I See A Different You: Error code: 429 - {'error': {'message': 'Too Many Requests', 'type': 'too_many_requests', 'param': None, 'code': 'too_many_requests'}}
Failed for The Coral - Goodbye: Error code: 429 - {'error': {'message': 'Too Many Requests', 'type': 'too_many_requests', 'param': None, 'code': 'too_many_requests'}}
Failed for Turbonegro - Hell Toupée: Error code: 429 - {'error': {'message': 'Too Many Requests', 'type': 'too_many_requests', 'param': None, 'code': 'too_many_requests'}}
Failed for Death From Above 1979 - Losing Friends: Error code: 429 - {'error': {'message': 'Too Many Requests', 'type': 'too_many_requests', 'param': None, 'code': 'too_many_requests'}}
Failed for Lamb - Lullaby: Error code: 429 - {'error': {'message': 'Too Many Requests', 'type': 'too_many_requests', 'param': None, 'code': 'too_many_requests'}}
Failed for Type O Negative - Red Water (Christmas Mourning): Error code: 429 - {'error': {'message': 'Too Many Requests', 'type': 'too_many_requests', 'param': None, 'code': 'too_many_requests'}}
Failed for Death From Above 1979 - You'Re Lovely (But You'Ve Got Problems): Error code: 429 - {'error': {'message': 'Too Many Requests', 'type': 'too_many_requests', 'param': None, 'code': 'too_many_requests'}}
Failed for Final Fantasy - Song Song Song: Error code: 429 - {'error': {'message': 'Too Many Requests', 'type': 'too_many_requests', 'param': None, 'code': 'too_many_requests'}}
Failed for Final Fantasy - I'M Afraid Of Japan: Error code: 429 - {'error': {'message': 'Too Many Requests', 'type': 'too_many_requests', 'param': None, 'code': 'too_many_requests'}}
Failed for Warrel Dane - The Day The Rats Went To War: Error code: 429 - {'error': {'message': 'Too Many Requests', 'type': 'too_many_requests', 'param': None, 'code': 'too_many_requests'}}
Failed for Amorphis - Better Unborn: Error code: 429 - {'error': {'message': 'Too Many Requests', 'type': 'too_many_requests', 'param': None, 'code': 'too_many_requests'}}
Failed for Nine Black Alps - Not Everyone: Error code: 429 - {'error': {'message': 'Too Many Requests', 'type': 'too_many_requests', 'param': None, 'code': 'too_many_requests'}}
Failed for Marilyn Manson - This Is Halloween: Error code: 429 - {'error': {'message': 'Too Many Requests', 'type': 'too_many_requests', 'param': None, 'code': 'too_many_requests'}}
Failed for Explosions In The Sky - Your Hand In Mine (With Strings): Error code: 429 - {'error': {'message': 'Too Many Requests', 'type': 'too_many_requests', 'param': None, 'code': 'too_many_requests'}}
Failed for Kamelot - Abandoned: Error code: 429 - {'error': {'message': 'Too Many Requests', 'type': 'too_many_requests', 'param': None, 'code': 'too_many_requests'}}
Failed for Cat Stevens - Moonshadow: Error code: 429 - {'error': {'message': 'Too Many Requests', 'type': 'too_many_requests', 'param': None, 'code': 'too_many_requests'}}
Failed for Metric - Stadium Love: Error code: 429 - {'error': {'message': 'Too Many Requests', 'type': 'too_many_requests', 'param': None, 'code': 'too_many_requests'}}
Failed for Children Of Bodom - Chokehold (Cocked 'N' Loaded): Error code: 429 - {'error': {'message': 'Too Many Requests', 'type': 'too_many_requests', 'param': None, 'code': 'too_many_requests'}}
Failed for 30 Seconds To Mars - I'Ll Attack: Error code: 429 - {'error': {'message': 'Too Many Requests', 'type': 'too_many_requests', 'param': None, 'code': 'too_many_requests'}}
Failed for Judas Priest - Grinder: Error code: 429 - {'error': {'message': 'Too Many Requests', 'type': 'too_many_requests', 'param': None, 'code': 'too_many_requests'}}
Failed for Eisley - My Lovely: Error code: 429 - {'error': {'message': 'Too Many Requests', 'type': 'too_many_requests', 'param': None, 'code': 'too_many_requests'}}
Failed for Judas Priest - Hell Patrol: Error code: 429 - {'error': {'message': 'Too Many Requests', 'type': 'too_many_requests', 'param': None, 'code': 'too_many_requests'}}
Failed for The New Pornographers - It'S Only Divine Right: Error code: 429 - {'error': {'message': 'Too Many Requests', 'type': 'too_many_requests', 'param': None, 'code': 'too_many_requests'}}
Failed for Rufus Wainwright - Rules And Regulations: Error code: 429 - {'error': {'message': 'Too Many Requests', 'type': 'too_many_requests', 'param': None, 'code': 'too_many_requests'}}
Failed for Rufus Wainwright - Not Ready To Love: Error code: 429 - {'error': {'message': 'Too Many Requests', 'type': 'too_many_requests', 'param': None, 'code': 'too_many_requests'}}
Failed for Shakira - Lo Imprescindible: Error code: 429 - {'error': {'message': 'Too Many Requests', 'type': 'too_many_requests', 'param': None, 'code': 'too_many_requests'}}
Failed for The Stills - Of Montreal: Error code: 429 - {'error': {'message': 'Too Many Requests', 'type': 'too_many_requests', 'param': None, 'code': 'too_many_requests'}}
Failed for Kaizers Orchestra - Resistansen: Error code: 429 - {'error': {'message': 'Too Many Requests', 'type': 'too_many_requests', 'param': None, 'code': 'too_many_requests'}}
Failed for Blondie - X Offender: Error code: 429 - {'error': {'message': 'Too Many Requests', 'type': 'too_many_requests', 'param': None, 'code': 'too_many_requests'}}
Failed for Britney Spears - Shadow: Error code: 429 - {'error': {'message': 'Too Many Requests', 'type': 'too_many_requests', 'param': None, 'code': 'too_many_requests'}}
Failed for Dark Tranquillity - Therein: Error code: 429 - {'error': {'message': 'Too Many Requests', 'type': 'too_many_requests', 'param': None, 'code': 'too_many_requests'}}
Failed for Blondie - Pretty Baby: Error code: 429 - {'error': {'message': 'Too Many Requests', 'type': 'too_many_requests', 'param': None, 'code': 'too_many_requests'}}
Failed for Girl Talk - Overtime: Error code: 429 - {'error': {'message': 'Too Many Requests', 'type': 'too_many_requests', 'param': None, 'code': 'too_many_requests'}}
Failed for 鈴村健一 - Primal Innocence ～Bridge Version: Error code: 429 - {'error': {'message': 'Too Many Requests', 'type': 'too_many_requests', 'param': None, 'code': 'too_many_requests'}}
Failed for Infadels - Girl That Speaks No Words: Error code: 429 - {'error': {'message': 'Too Many Requests', 'type': 'too_many_requests', 'param': None, 'code': 'too_many_requests'}}
Failed for Misfits - The Forbidden Zone: Error code: 429 - {'error': {'message': 'Too Many Requests', 'type': 'too_many_requests', 'param': None, 'code': 'too_many_requests'}}
Failed for System Of A Down - Darts: Error code: 429 - {'error': {'message': 'Too Many Requests', 'type': 'too_many_requests', 'param': None, 'code': 'too_many_requests'}}
Failed for Nightwish - Wanderlust: Error code: 429 - {'error': {'message': 'Too Many Requests', 'type': 'too_many_requests', 'param': None, 'code': 'too_many_requests'}}
Failed for Eluvium - An Accidental Memory: Error code: 429 - {'error': {'message': 'Too Many Requests', 'type': 'too_many_requests', 'param': None, 'code': 'too_many_requests'}}
Failed for System Of A Down - P.L.U.C.K.: Error code: 429 - {'error': {'message': 'Too Many Requests', 'type': 'too_many_requests', 'param': None, 'code': 'too_many_requests'}}
Failed for The Enemy - Had Enough: Error code: 429 - {'error': {'message': 'Too Many Requests', 'type': 'too_many_requests', 'param': None, 'code': 'too_many_requests'}}
Failed for Hole - Awful: Error code: 429 - {'error': {'message': 'Too Many Requests', 'type': 'too_many_requests', 'param': None, 'code': 'too_many_requests'}}
Failed for Pinback - Devil You Know: Error code: 429 - {'error': {'message': 'Too Many Requests', 'type': 'too_many_requests', 'param': None, 'code': 'too_many_requests'}}
Failed for Stars - Your Ex-Lover Is Dead (Final Fantasy Remix): Error code: 429 - {'error': {'message': 'Too Many Requests', 'type': 'too_many_requests', 'param': None, 'code': 'too_many_requests'}}
Failed for Dead Disco - Automatic: Error code: 429 - {'error': {'message': 'Too Many Requests', 'type': 'too_many_requests', 'param': None, 'code': 'too_many_requests'}}
Failed for Three Drives - Greece 2000: Error code: 429 - {'error': {'message': 'Too Many Requests', 'type': 'too_many_requests', 'param': None, 'code': 'too_many_requests'}}
Failed for Guided By Voices - The Goldheart Mountaintop Queen Directory: Error code: 429 - {'error': {'message': 'Too Many Requests', 'type': 'too_many_requests', 'param': None, 'code': 'too_many_requests'}}
Failed for Fiona Apple - Please Please Please: Error code: 429 - {'error': {'message': 'Too Many Requests', 'type': 'too_many_requests', 'param': None, 'code': 'too_many_requests'}}
Failed for Benny Benassi - Satisfaction: Error code: 429 - {'error': {'message': 'Too Many Requests', 'type': 'too_many_requests', 'param': None, 'code': 'too_many_requests'}}
Failed for Rush - La Villa Strangiato: Error code: 429 - {'error': {'message': 'Too Many Requests', 'type': 'too_many_requests', 'param': None, 'code': 'too_many_requests'}}
Failed for The Raveonettes - Blush: Error code: 429 - {'error': {'message': 'Too Many Requests', 'type': 'too_many_requests', 'param': None, 'code': 'too_many_requests'}}
Failed for Sound Team - Your Eyes Are Liars: Error code: 429 - {'error': {'message': 'Too Many Requests', 'type': 'too_many_requests', 'param': None, 'code': 'too_many_requests'}}
Failed for The All-American Rejects - Straitjacket Feeling: Error code: 429 - {'error': {'message': 'Too Many Requests', 'type': 'too_many_requests', 'param': None, 'code': 'too_many_requests'}}
Failed for Black Sabbath - Children Of The Sea: Error code: 429 - {'error': {'message': 'Too Many Requests', 'type': 'too_many_requests', 'param': None, 'code': 'too_many_requests'}}
Failed for Deathstars - The Last Ammunition: Error code: 429 - {'error': {'message': 'Too Many Requests', 'type': 'too_many_requests', 'param': None, 'code': 'too_many_requests'}}
Failed for Eels - Guest List: Error code: 429 - {'error': {'message': 'Too Many Requests', 'type': 'too_many_requests', 'param': None, 'code': 'too_many_requests'}}
Failed for Thursday - A Hole In The World: Error code: 429 - {'error': {'message': 'Too Many Requests', 'type': 'too_many_requests', 'param': None, 'code': 'too_many_requests'}}
Failed for Damian Marley - Welcome To Jamrock: Error code: 429 - {'error': {'message': 'Too Many Requests', 'type': 'too_many_requests', 'param': None, 'code': 'too_many_requests'}}
Failed for She Wants Revenge - Us: Error code: 429 - {'error': {'message': 'Too Many Requests', 'type': 'too_many_requests', 'param': None, 'code': 'too_many_requests'}}
Failed for She & Him - I Was Made For You: Error code: 429 - {'error': {'message': 'Too Many Requests', 'type': 'too_many_requests', 'param': None, 'code': 'too_many_requests'}}
Failed for The Mamas & The Papas - Dream A Little Dream Of Me: Error code: 429 - {'error': {'message': 'Too Many Requests', 'type': 'too_many_requests', 'param': None, 'code': 'too_many_requests'}}
Failed for Oasis - Going Nowhere: Error code: 429 - {'error': {'message': 'Too Many Requests', 'type': 'too_many_requests', 'param': None, 'code': 'too_many_requests'}}
Failed for Oasis - D'You Know What I Mean?: Error code: 429 - {'error': {'message': 'Too Many Requests', 'type': 'too_many_requests', 'param': None, 'code': 'too_many_requests'}}
Failed for Nina Simone - Here Comes The Sun: Error code: 429 - {'error': {'message': 'Too Many Requests', 'type': 'too_many_requests', 'param': None, 'code': 'too_many_requests'}}
Failed for Sonic Youth - Star Power: Error code: 429 - {'error': {'message': 'Too Many Requests', 'type': 'too_many_requests', 'param': None, 'code': 'too_many_requests'}}
Failed for The New Pornographers - The Body Says No: Error code: 429 - {'error': {'message': 'Too Many Requests', 'type': 'too_many_requests', 'param': None, 'code': 'too_many_requests'}}
Failed for The Cranberries - Hollywood: Error code: 429 - {'error': {'message': 'Too Many Requests', 'type': 'too_many_requests', 'param': None, 'code': 'too_many_requests'}}
Failed for Pj Harvey - We Float: Error code: 429 - {'error': {'message': 'Too Many Requests', 'type': 'too_many_requests', 'param': None, 'code': 'too_many_requests'}}
Failed for Shpongle - Behind Closed Eyelids: Error code: 429 - {'error': {'message': 'Too Many Requests', 'type': 'too_many_requests', 'param': None, 'code': 'too_many_requests'}}
Failed for Black Sabbath - Tomorrow'S Dream: Error code: 429 - {'error': {'message': 'Too Many Requests', 'type': 'too_many_requests', 'param': None, 'code': 'too_many_requests'}}
Failed for Stereophonics - Traffic: Error code: 429 - {'error': {'message': 'Too Many Requests', 'type': 'too_many_requests', 'param': None, 'code': 'too_many_requests'}}
Failed for Marilyn Manson - Sweet Dreams: Error code: 429 - {'error': {'message': 'Too Many Requests', 'type': 'too_many_requests', 'param': None, 'code': 'too_many_requests'}}
Failed for Alicia Keys - You Don'T Know My Name: Error code: 429 - {'error': {'message': 'Too Many Requests', 'type': 'too_many_requests', 'param': None, 'code': 'too_many_requests'}}
Failed for Cold - No One: Error code: 429 - {'error': {'message': 'Too Many Requests', 'type': 'too_many_requests', 'param': None, 'code': 'too_many_requests'}}
Failed for The Raveonettes - Hallucinations: Error code: 429 - {'error': {'message': 'Too Many Requests', 'type': 'too_many_requests', 'param': None, 'code': 'too_many_requests'}}
Failed for The Kills - At The Back Of The Shell: Error code: 429 - {'error': {'message': 'Too Many Requests', 'type': 'too_many_requests', 'param': None, 'code': 'too_many_requests'}}
Failed for Queensrÿche - Revolution Calling: Error code: 429 - {'error': {'message': 'Too Many Requests', 'type': 'too_many_requests', 'param': None, 'code': 'too_many_requests'}}
Failed for Abc - Date Stamp: Error code: 429 - {'error': {'message': 'Too Many Requests', 'type': 'too_many_requests', 'param': None, 'code': 'too_many_requests'}}
Failed for Madonna - 4 Minutes (Feat. Justin Timberlake & Timbaland): Error code: 429 - {'error': {'message': 'Too Many Requests', 'type': 'too_many_requests', 'param': None, 'code': 'too_many_requests'}}
Failed for Alexandre Desplat - The Engagement: Error code: 429 - {'error': {'message': 'Too Many Requests', 'type': 'too_many_requests', 'param': None, 'code': 'too_many_requests'}}
Failed for Motörhead - Dancing On Your Grave: Error code: 429 - {'error': {'message': 'Too Many Requests', 'type': 'too_many_requests', 'param': None, 'code': 'too_many_requests'}}
1400/2988 done
Failed for Syd Barrett - Effervescing Elephant: Error code: 429 - {'error': {'message': 'Too Many Requests', 'type': 'too_many_requests', 'param': None, 'code': 'too_many_requests'}}
Failed for The Whitest Boy Alive - Gravity: Error code: 429 - {'error': {'message': 'Too Many Requests', 'type': 'too_many_requests', 'param': None, 'code': 'too_many_requests'}}
Failed for Syd Barrett - No Good Trying: Error code: 429 - {'error': {'message': 'Too Many Requests', 'type': 'too_many_requests', 'param': None, 'code': 'too_many_requests'}}
Failed for The Whitest Boy Alive - Intentions: Error code: 429 - {'error': {'message': 'Too Many Requests', 'type': 'too_many_requests', 'param': None, 'code': 'too_many_requests'}}
Failed for Shirley Horn - Here'S To Life: Error code: 429 - {'error': {'message': 'Too Many Requests', 'type': 'too_many_requests', 'param': None, 'code': 'too_many_requests'}}
Failed for Unkle - Unkle (Main Title Theme): Error code: 429 - {'error': {'message': 'Too Many Requests', 'type': 'too_many_requests', 'param': None, 'code': 'too_many_requests'}}
Failed for Nine Inch Nails - 23 Ghosts Iii: Error code: 429 - {'error': {'message': 'Too Many Requests', 'type': 'too_many_requests', 'param': None, 'code': 'too_many_requests'}}
Failed for The Rolling Stones - Sister Morphine: Error code: 429 - {'error': {'message': 'Too Many Requests', 'type': 'too_many_requests', 'param': None, 'code': 'too_many_requests'}}
Failed for Queens Of The Stone Age - I Think I Lost My Headache: Error code: 429 - {'error': {'message': 'Too Many Requests', 'type': 'too_many_requests', 'param': None, 'code': 'too_many_requests'}}
Failed for Depeche Mode - The Sun & The Rainfall: Error code: 429 - {'error': {'message': 'Too Many Requests', 'type': 'too_many_requests', 'param': None, 'code': 'too_many_requests'}}
Failed for My Bloody Valentine - You Never Should: Error code: 429 - {'error': {'message': 'Too Many Requests', 'type': 'too_many_requests', 'param': None, 'code': 'too_many_requests'}}
Failed for Pinback - Blue Harvest: Error code: 429 - {'error': {'message': 'Too Many Requests', 'type': 'too_many_requests', 'param': None, 'code': 'too_many_requests'}}
Failed for Slint - Washer: Error code: 429 - {'error': {'message': 'Too Many Requests', 'type': 'too_many_requests', 'param': None, 'code': 'too_many_requests'}}
Failed for Amon Tobin - Rosies: Error code: 429 - {'error': {'message': 'Too Many Requests', 'type': 'too_many_requests', 'param': None, 'code': 'too_many_requests'}}
Failed for Amon Tobin - Horsefish: Error code: 429 - {'error': {'message': 'Too Many Requests', 'type': 'too_many_requests', 'param': None, 'code': 'too_many_requests'}}
Failed for Amon Tobin - Foley Room: Error code: 429 - {'error': {'message': 'Too Many Requests', 'type': 'too_many_requests', 'param': None, 'code': 'too_many_requests'}}
Failed for Tool - 4 Degrees: Error code: 429 - {'error': {'message': 'Too Many Requests', 'type': 'too_many_requests', 'param': None, 'code': 'too_many_requests'}}
Failed for Pj Harvey - Joe: Error code: 429 - {'error': {'message': 'Too Many Requests', 'type': 'too_many_requests', 'param': None, 'code': 'too_many_requests'}}
Failed for The Who - Amazing Journey: Error code: 429 - {'error': {'message': 'Too Many Requests', 'type': 'too_many_requests', 'param': None, 'code': 'too_many_requests'}}
Failed for The Smashing Pumpkins - Lily (My One And Only): Error code: 429 - {'error': {'message': 'Too Many Requests', 'type': 'too_many_requests', 'param': None, 'code': 'too_many_requests'}}
Failed for Eagles - I Can'T Tell You Why: Error code: 429 - {'error': {'message': 'Too Many Requests', 'type': 'too_many_requests', 'param': None, 'code': 'too_many_requests'}}
Failed for Modest Mouse - Breakthrough: Error code: 429 - {'error': {'message': 'Too Many Requests', 'type': 'too_many_requests', 'param': None, 'code': 'too_many_requests'}}
Failed for Goose - Low Mode: Error code: 429 - {'error': {'message': 'Too Many Requests', 'type': 'too_many_requests', 'param': None, 'code': 'too_many_requests'}}
Failed for The Beta Band - Easy: Error code: 429 - {'error': {'message': 'Too Many Requests', 'type': 'too_many_requests', 'param': None, 'code': 'too_many_requests'}}
Failed for José González - Down The Hillside: Error code: 429 - {'error': {'message': 'Too Many Requests', 'type': 'too_many_requests', 'param': None, 'code': 'too_many_requests'}}
Failed for Róisín Murphy - Sow Into You: Error code: 429 - {'error': {'message': 'Too Many Requests', 'type': 'too_many_requests', 'param': None, 'code': 'too_many_requests'}}
Failed for Say Anything - Belt: Error code: 429 - {'error': {'message': 'Too Many Requests', 'type': 'too_many_requests', 'param': None, 'code': 'too_many_requests'}}
Failed for Scar Symmetry - Reborn: Error code: 429 - {'error': {'message': 'Too Many Requests', 'type': 'too_many_requests', 'param': None, 'code': 'too_many_requests'}}
Failed for Róisín Murphy - Dear Diary: Error code: 429 - {'error': {'message': 'Too Many Requests', 'type': 'too_many_requests', 'param': None, 'code': 'too_many_requests'}}
Failed for Iio - Is It Love: Error code: 429 - {'error': {'message': 'Too Many Requests', 'type': 'too_many_requests', 'param': None, 'code': 'too_many_requests'}}
Failed for Vivian Girls - Tell The World: Error code: 429 - {'error': {'message': 'Too Many Requests', 'type': 'too_many_requests', 'param': None, 'code': 'too_many_requests'}}
Failed for Paul Oakenfold - Zoo York: Error code: 429 - {'error': {'message': 'Too Many Requests', 'type': 'too_many_requests', 'param': None, 'code': 'too_many_requests'}}
Failed for Deus - Nothing Really Ends: Error code: 429 - {'error': {'message': 'Too Many Requests', 'type': 'too_many_requests', 'param': None, 'code': 'too_many_requests'}}
Failed for Caribou - Sandy: Error code: 429 - {'error': {'message': 'Too Many Requests', 'type': 'too_many_requests', 'param': None, 'code': 'too_many_requests'}}
Failed for The Cure - Cold: Error code: 429 - {'error': {'message': 'Too Many Requests', 'type': 'too_many_requests', 'param': None, 'code': 'too_many_requests'}}
Failed for The Dead Milkmen - Big Lizard: Error code: 429 - {'error': {'message': 'Too Many Requests', 'type': 'too_many_requests', 'param': None, 'code': 'too_many_requests'}}
Failed for Bonnie 'Prince' Billy - Another Day Full Of Dread: Error code: 429 - {'error': {'message': 'Too Many Requests', 'type': 'too_many_requests', 'param': None, 'code': 'too_many_requests'}}
Failed for Goldfrapp - Oompa Radar: Error code: 429 - {'error': {'message': 'Too Many Requests', 'type': 'too_many_requests', 'param': None, 'code': 'too_many_requests'}}
Failed for Gojira - Unicorn: Error code: 429 - {'error': {'message': 'Too Many Requests', 'type': 'too_many_requests', 'param': None, 'code': 'too_many_requests'}}
Failed for Nine Inch Nails - The Way Out Is Through: Error code: 429 - {'error': {'message': 'Too Many Requests', 'type': 'too_many_requests', 'param': None, 'code': 'too_many_requests'}}
Failed for Television - Guiding Light: Error code: 429 - {'error': {'message': 'Too Many Requests', 'type': 'too_many_requests', 'param': None, 'code': 'too_many_requests'}}
Failed for Cave In - Lost In The Air: Error code: 429 - {'error': {'message': 'Too Many Requests', 'type': 'too_many_requests', 'param': None, 'code': 'too_many_requests'}}
Failed for Armor For Sleep - The Truth About Heaven: Error code: 429 - {'error': {'message': 'Too Many Requests', 'type': 'too_many_requests', 'param': None, 'code': 'too_many_requests'}}
Failed for Mogwai - Christmas Steps: Error code: 429 - {'error': {'message': 'Too Many Requests', 'type': 'too_many_requests', 'param': None, 'code': 'too_many_requests'}}
Failed for Mute Math - Chaos: Error code: 429 - {'error': {'message': 'Too Many Requests', 'type': 'too_many_requests', 'param': None, 'code': 'too_many_requests'}}
Failed for Sonic Youth - (I Got A) Catholic Block: Error code: 429 - {'error': {'message': 'Too Many Requests', 'type': 'too_many_requests', 'param': None, 'code': 'too_many_requests'}}
Failed for Beulah - A Good Man Is Easy To Kill: Error code: 429 - {'error': {'message': 'Too Many Requests', 'type': 'too_many_requests', 'param': None, 'code': 'too_many_requests'}}
Failed for Kelly Clarkson - Where Is Your Heart: Error code: 429 - {'error': {'message': 'Too Many Requests', 'type': 'too_many_requests', 'param': None, 'code': 'too_many_requests'}}
Failed for Camper Van Beethoven - Take The Skinheads Bowling: Error code: 429 - {'error': {'message': 'Too Many Requests', 'type': 'too_many_requests', 'param': None, 'code': 'too_many_requests'}}
Failed for Armand Van Helden - I Want Your Soul (Radio Edit): Error code: 429 - {'error': {'message': 'Too Many Requests', 'type': 'too_many_requests', 'param': None, 'code': 'too_many_requests'}}
Failed for British Sea Power - Please Stand Up: Error code: 429 - {'error': {'message': 'Too Many Requests', 'type': 'too_many_requests', 'param': None, 'code': 'too_many_requests'}}
Failed for Matthew Dear - Pom Pom: Error code: 429 - {'error': {'message': 'Too Many Requests', 'type': 'too_many_requests', 'param': None, 'code': 'too_many_requests'}}
Failed for Tokio Hotel - Monsoon: Error code: 429 - {'error': {'message': 'Too Many Requests', 'type': 'too_many_requests', 'param': None, 'code': 'too_many_requests'}}
Failed for Someone Still Loves You Boris Yeltsin - Oregon Girl: Error code: 429 - {'error': {'message': 'Too Many Requests', 'type': 'too_many_requests', 'param': None, 'code': 'too_many_requests'}}
Failed for Peter Bjorn And John - It Beats Me Every Time: Error code: 429 - {'error': {'message': 'Too Many Requests', 'type': 'too_many_requests', 'param': None, 'code': 'too_many_requests'}}
Failed for Chris Lake - Only One: Error code: 429 - {'error': {'message': 'Too Many Requests', 'type': 'too_many_requests', 'param': None, 'code': 'too_many_requests'}}
Failed for Lovage - Sex (I'M A): Error code: 429 - {'error': {'message': 'Too Many Requests', 'type': 'too_many_requests', 'param': None, 'code': 'too_many_requests'}}
Failed for Manu Chao - Luna Y Sol: Error code: 429 - {'error': {'message': 'Too Many Requests', 'type': 'too_many_requests', 'param': None, 'code': 'too_many_requests'}}
Failed for Manu Chao - Politik Kills: Error code: 429 - {'error': {'message': 'Too Many Requests', 'type': 'too_many_requests', 'param': None, 'code': 'too_many_requests'}}
Failed for Modjo - Lady: Error code: 429 - {'error': {'message': 'Too Many Requests', 'type': 'too_many_requests', 'param': None, 'code': 'too_many_requests'}}
Failed for Slayer - Jihad: Error code: 429 - {'error': {'message': 'Too Many Requests', 'type': 'too_many_requests', 'param': None, 'code': 'too_many_requests'}}
Failed for Emilie Autumn - Let The Record Show: Error code: 429 - {'error': {'message': 'Too Many Requests', 'type': 'too_many_requests', 'param': None, 'code': 'too_many_requests'}}
Failed for Ulver - Hallways Of Always: Error code: 429 - {'error': {'message': 'Too Many Requests', 'type': 'too_many_requests', 'param': None, 'code': 'too_many_requests'}}
Failed for Devendra Banhart - Some People Ride The Wave: Error code: 429 - {'error': {'message': 'Too Many Requests', 'type': 'too_many_requests', 'param': None, 'code': 'too_many_requests'}}
Failed for Booka Shade - Pong Pang: Error code: 429 - {'error': {'message': 'Too Many Requests', 'type': 'too_many_requests', 'param': None, 'code': 'too_many_requests'}}
Failed for Vnv Nation - Electronaut: Error code: 429 - {'error': {'message': 'Too Many Requests', 'type': 'too_many_requests', 'param': None, 'code': 'too_many_requests'}}
Failed for The Blood Brothers - My First Kiss At The Public Execution: Error code: 429 - {'error': {'message': 'Too Many Requests', 'type': 'too_many_requests', 'param': None, 'code': 'too_many_requests'}}
Failed for Aimee Mann - Build That Wall: Error code: 429 - {'error': {'message': 'Too Many Requests', 'type': 'too_many_requests', 'param': None, 'code': 'too_many_requests'}}
Failed for Amon Tobin - Back From Space: Error code: 429 - {'error': {'message': 'Too Many Requests', 'type': 'too_many_requests', 'param': None, 'code': 'too_many_requests'}}
Failed for Andrew W.K. - It'S Time To Party: Error code: 429 - {'error': {'message': 'Too Many Requests', 'type': 'too_many_requests', 'param': None, 'code': 'too_many_requests'}}
Failed for Joan As Police Woman - Flushed Chest: Error code: 429 - {'error': {'message': 'Too Many Requests', 'type': 'too_many_requests', 'param': None, 'code': 'too_many_requests'}}
Failed for Yann Tiersen - La Crise: Error code: 429 - {'error': {'message': 'Too Many Requests', 'type': 'too_many_requests', 'param': None, 'code': 'too_many_requests'}}
Failed for M83 - Farewell Goodbye: Error code: 429 - {'error': {'message': 'Too Many Requests', 'type': 'too_many_requests', 'param': None, 'code': 'too_many_requests'}}
Failed for Devendra Banhart - Noah: Error code: 429 - {'error': {'message': 'Too Many Requests', 'type': 'too_many_requests', 'param': None, 'code': 'too_many_requests'}}
Failed for Grinderman - No Pussy Blues: Error code: 429 - {'error': {'message': 'Too Many Requests', 'type': 'too_many_requests', 'param': None, 'code': 'too_many_requests'}}
Failed for Pet Shop Boys - Being Boring: Error code: 429 - {'error': {'message': 'Too Many Requests', 'type': 'too_many_requests', 'param': None, 'code': 'too_many_requests'}}
Failed for Sonic Syndicate - All About Us: Error code: 429 - {'error': {'message': 'Too Many Requests', 'type': 'too_many_requests', 'param': None, 'code': 'too_many_requests'}}
Failed for Deerhoof - Cast Off Crown: Error code: 429 - {'error': {'message': 'Too Many Requests', 'type': 'too_many_requests', 'param': None, 'code': 'too_many_requests'}}
Failed for Vanilla Sky - Umbrella: Error code: 429 - {'error': {'message': 'Too Many Requests', 'type': 'too_many_requests', 'param': None, 'code': 'too_many_requests'}}
Failed for Melanie C - Here It Comes Again: Error code: 429 - {'error': {'message': 'Too Many Requests', 'type': 'too_many_requests', 'param': None, 'code': 'too_many_requests'}}
Failed for Cansei De Ser Sexy - Jager Yoga: Error code: 429 - {'error': {'message': 'Too Many Requests', 'type': 'too_many_requests', 'param': None, 'code': 'too_many_requests'}}
Failed for Black Rebel Motorcycle Club - Evol: Error code: 429 - {'error': {'message': 'Too Many Requests', 'type': 'too_many_requests', 'param': None, 'code': 'too_many_requests'}}
Failed for Lacuna Coil - Falling: Error code: 429 - {'error': {'message': 'Too Many Requests', 'type': 'too_many_requests', 'param': None, 'code': 'too_many_requests'}}
Failed for Echo & The Bunnymen - People Are Strange: Error code: 429 - {'error': {'message': 'Too Many Requests', 'type': 'too_many_requests', 'param': None, 'code': 'too_many_requests'}}
Failed for Primal Scream - Slip Inside This House: Error code: 429 - {'error': {'message': 'Too Many Requests', 'type': 'too_many_requests', 'param': None, 'code': 'too_many_requests'}}
Failed for The Rakes - When Tom Cruise Cries: Error code: 429 - {'error': {'message': 'Too Many Requests', 'type': 'too_many_requests', 'param': None, 'code': 'too_many_requests'}}
Failed for Prince - I Would Die 4 U: Error code: 429 - {'error': {'message': 'Too Many Requests', 'type': 'too_many_requests', 'param': None, 'code': 'too_many_requests'}}
Failed for Foals - Astronauts 'N All: Error code: 429 - {'error': {'message': 'Too Many Requests', 'type': 'too_many_requests', 'param': None, 'code': 'too_many_requests'}}
Failed for Hard-Fi - Can'T Get Along (Without You): Error code: 429 - {'error': {'message': 'Too Many Requests', 'type': 'too_many_requests', 'param': None, 'code': 'too_many_requests'}}
Failed for The Doors - Horse Latitudes: Error code: 429 - {'error': {'message': 'Too Many Requests', 'type': 'too_many_requests', 'param': None, 'code': 'too_many_requests'}}
Failed for Les Savy Fav - Comes & Goes: Error code: 429 - {'error': {'message': 'Too Many Requests', 'type': 'too_many_requests', 'param': None, 'code': 'too_many_requests'}}
Failed for Meat Loaf - Rock And Roll Dreams Come Through: Error code: 429 - {'error': {'message': 'Too Many Requests', 'type': 'too_many_requests', 'param': None, 'code': 'too_many_requests'}}
Failed for Simple Plan - Untitled: Error code: 429 - {'error': {'message': 'Too Many Requests', 'type': 'too_many_requests', 'param': None, 'code': 'too_many_requests'}}
Failed for Enya - Amarantine: Error code: 429 - {'error': {'message': 'Too Many Requests', 'type': 'too_many_requests', 'param': None, 'code': 'too_many_requests'}}
Failed for The Smashing Pumpkins - That'S The Way (My Love Is): Error code: 429 - {'error': {'message': 'Too Many Requests', 'type': 'too_many_requests', 'param': None, 'code': 'too_many_requests'}}
Failed for The Who - I'M A Boy: Error code: 429 - {'error': {'message': 'Too Many Requests', 'type': 'too_many_requests', 'param': None, 'code': 'too_many_requests'}}
Failed for David Bowie - Moss Garden: Error code: 429 - {'error': {'message': 'Too Many Requests', 'type': 'too_many_requests', 'param': None, 'code': 'too_many_requests'}}
1500/2988 done
Failed for Auf Der Maur - Overpower Thee: Error code: 429 - {'error': {'message': 'Too Many Requests', 'type': 'too_many_requests', 'param': None, 'code': 'too_many_requests'}}
Failed for Lifehouse - Trying: Error code: 429 - {'error': {'message': 'Too Many Requests', 'type': 'too_many_requests', 'param': None, 'code': 'too_many_requests'}}
Failed for Bonobo - Recurring: Error code: 429 - {'error': {'message': 'Too Many Requests', 'type': 'too_many_requests', 'param': None, 'code': 'too_many_requests'}}
Failed for Patti Smith - Redondo Beach: Error code: 429 - {'error': {'message': 'Too Many Requests', 'type': 'too_many_requests', 'param': None, 'code': 'too_many_requests'}}
Failed for Bonobo - Scuba: Error code: 429 - {'error': {'message': 'Too Many Requests', 'type': 'too_many_requests', 'param': None, 'code': 'too_many_requests'}}
Failed for The Cure - The Funeral Party: Error code: 429 - {'error': {'message': 'Too Many Requests', 'type': 'too_many_requests', 'param': None, 'code': 'too_many_requests'}}
Failed for Grandaddy - Saddest Vacant Lot In All The World: Error code: 429 - {'error': {'message': 'Too Many Requests', 'type': 'too_many_requests', 'param': None, 'code': 'too_many_requests'}}
Failed for Snow Patrol - Engines: Error code: 429 - {'error': {'message': 'Too Many Requests', 'type': 'too_many_requests', 'param': None, 'code': 'too_many_requests'}}
Failed for Alexisonfire - Side Walk When She Walks: Error code: 429 - {'error': {'message': 'Too Many Requests', 'type': 'too_many_requests', 'param': None, 'code': 'too_many_requests'}}
Failed for Death Cab For Cutie - No Joy In Mudville: Error code: 429 - {'error': {'message': 'Too Many Requests', 'type': 'too_many_requests', 'param': None, 'code': 'too_many_requests'}}
Failed for Garbage - Dumb: Error code: 429 - {'error': {'message': 'Too Many Requests', 'type': 'too_many_requests', 'param': None, 'code': 'too_many_requests'}}
Failed for Dream Theater - The Answer Lies Within: Error code: 429 - {'error': {'message': 'Too Many Requests', 'type': 'too_many_requests', 'param': None, 'code': 'too_many_requests'}}
Failed for The Charlatans - One To Another: Error code: 429 - {'error': {'message': 'Too Many Requests', 'type': 'too_many_requests', 'param': None, 'code': 'too_many_requests'}}
Failed for The Knife - I Just Had To Die: Error code: 429 - {'error': {'message': 'Too Many Requests', 'type': 'too_many_requests', 'param': None, 'code': 'too_many_requests'}}
Failed for Killswitch Engage - Inhale: Error code: 429 - {'error': {'message': 'Too Many Requests', 'type': 'too_many_requests', 'param': None, 'code': 'too_many_requests'}}
Failed for はっぴいえんど - Kaze Wo Atsumete: Error code: 429 - {'error': {'message': 'Too Many Requests', 'type': 'too_many_requests', 'param': None, 'code': 'too_many_requests'}}
Failed for Michael Nyman - The Heart Asks Pleasure First: Error code: 429 - {'error': {'message': 'Too Many Requests', 'type': 'too_many_requests', 'param': None, 'code': 'too_many_requests'}}
Failed for Robert Plant - If I Were A Carpenter: Error code: 429 - {'error': {'message': 'Too Many Requests', 'type': 'too_many_requests', 'param': None, 'code': 'too_many_requests'}}
Failed for Manic Street Preachers - The Everlasting: Error code: 429 - {'error': {'message': 'Too Many Requests', 'type': 'too_many_requests', 'param': None, 'code': 'too_many_requests'}}
Failed for The Knife - Copenhagen: Error code: 429 - {'error': {'message': 'Too Many Requests', 'type': 'too_many_requests', 'param': None, 'code': 'too_many_requests'}}
Failed for Death - Voice Of The Soul: Error code: 429 - {'error': {'message': 'Too Many Requests', 'type': 'too_many_requests', 'param': None, 'code': 'too_many_requests'}}
Failed for Alanis Morissette - Not The Doctor: Error code: 429 - {'error': {'message': 'Too Many Requests', 'type': 'too_many_requests', 'param': None, 'code': 'too_many_requests'}}
Failed for Popular Computer - Darling: Error code: 429 - {'error': {'message': 'Too Many Requests', 'type': 'too_many_requests', 'param': None, 'code': 'too_many_requests'}}
Failed for The Black Crowes - Twice As Hard: Error code: 429 - {'error': {'message': 'Too Many Requests', 'type': 'too_many_requests', 'param': None, 'code': 'too_many_requests'}}
Failed for Radiohead - Meeting In The Aisle: Error code: 429 - {'error': {'message': 'Too Many Requests', 'type': 'too_many_requests', 'param': None, 'code': 'too_many_requests'}}
Failed for Midnight Juggernauts - Intro: Error code: 429 - {'error': {'message': 'Too Many Requests', 'type': 'too_many_requests', 'param': None, 'code': 'too_many_requests'}}
Failed for Bedouin Soundclash - Gyasi Went Home: Error code: 429 - {'error': {'message': 'Too Many Requests', 'type': 'too_many_requests', 'param': None, 'code': 'too_many_requests'}}
Failed for In Flames - Man Made God: Error code: 429 - {'error': {'message': 'Too Many Requests', 'type': 'too_many_requests', 'param': None, 'code': 'too_many_requests'}}
Failed for Midnight Juggernauts - Scorpius: Error code: 429 - {'error': {'message': 'Too Many Requests', 'type': 'too_many_requests', 'param': None, 'code': 'too_many_requests'}}
Failed for Jet - Kings Horses: Error code: 429 - {'error': {'message': 'Too Many Requests', 'type': 'too_many_requests', 'param': None, 'code': 'too_many_requests'}}
Failed for Him - Your Sweet Six Six Six: Error code: 429 - {'error': {'message': 'Too Many Requests', 'type': 'too_many_requests', 'param': None, 'code': 'too_many_requests'}}
Failed for Dido - My Life: Error code: 429 - {'error': {'message': 'Too Many Requests', 'type': 'too_many_requests', 'param': None, 'code': 'too_many_requests'}}
Failed for Black Rebel Motorcycle Club - Us Government (Alternate Version): Error code: 429 - {'error': {'message': 'Too Many Requests', 'type': 'too_many_requests', 'param': None, 'code': 'too_many_requests'}}
Failed for Katrina And The Waves - Love Shine A Light (Xenomania Club Edit): Error code: 429 - {'error': {'message': 'Too Many Requests', 'type': 'too_many_requests', 'param': None, 'code': 'too_many_requests'}}
Failed for Mike Oldfield - Moonlight Shadow: Error code: 429 - {'error': {'message': 'Too Many Requests', 'type': 'too_many_requests', 'param': None, 'code': 'too_many_requests'}}
Failed for Husky Rescue - Sweet Little Kitten: Error code: 429 - {'error': {'message': 'Too Many Requests', 'type': 'too_many_requests', 'param': None, 'code': 'too_many_requests'}}
Failed for Talking Heads - Memories Can'T Wait: Error code: 429 - {'error': {'message': 'Too Many Requests', 'type': 'too_many_requests', 'param': None, 'code': 'too_many_requests'}}
Failed for The Birthday Massacre - Kill The Lights: Error code: 429 - {'error': {'message': 'Too Many Requests', 'type': 'too_many_requests', 'param': None, 'code': 'too_many_requests'}}
Failed for Autechre - Kalpol Introl: Error code: 429 - {'error': {'message': 'Too Many Requests', 'type': 'too_many_requests', 'param': None, 'code': 'too_many_requests'}}
Failed for L'Arc~En~Ciel - Daybreak'S Bell: Error code: 429 - {'error': {'message': 'Too Many Requests', 'type': 'too_many_requests', 'param': None, 'code': 'too_many_requests'}}
Failed for Ac/Dc - Walk All Over You: Error code: 429 - {'error': {'message': 'Too Many Requests', 'type': 'too_many_requests', 'param': None, 'code': 'too_many_requests'}}
Failed for Sugababes - Red Dress: Error code: 429 - {'error': {'message': 'Too Many Requests', 'type': 'too_many_requests', 'param': None, 'code': 'too_many_requests'}}
Failed for In Flames - Dial 595-Escape: Error code: 429 - {'error': {'message': 'Too Many Requests', 'type': 'too_many_requests', 'param': None, 'code': 'too_many_requests'}}
Failed for Dimmu Borgir - Allegiance: Error code: 429 - {'error': {'message': 'Too Many Requests', 'type': 'too_many_requests', 'param': None, 'code': 'too_many_requests'}}
Failed for In Flames - F(R)Iend: Error code: 429 - {'error': {'message': 'Too Many Requests', 'type': 'too_many_requests', 'param': None, 'code': 'too_many_requests'}}
Failed for Mogwai - Punk Rock: Error code: 429 - {'error': {'message': 'Too Many Requests', 'type': 'too_many_requests', 'param': None, 'code': 'too_many_requests'}}
Failed for The Dandy Warhols - Heavenly: Error code: 429 - {'error': {'message': 'Too Many Requests', 'type': 'too_many_requests', 'param': None, 'code': 'too_many_requests'}}
Failed for Tricky - Black Steel: Error code: 429 - {'error': {'message': 'Too Many Requests', 'type': 'too_many_requests', 'param': None, 'code': 'too_many_requests'}}
Failed for Sarah Mclachlan - Sweet Surrender: Error code: 429 - {'error': {'message': 'Too Many Requests', 'type': 'too_many_requests', 'param': None, 'code': 'too_many_requests'}}
Failed for The Dandy Warhols - Big Indian: Error code: 429 - {'error': {'message': 'Too Many Requests', 'type': 'too_many_requests', 'param': None, 'code': 'too_many_requests'}}
Failed for The Offspring - Hammerhead: Error code: 429 - {'error': {'message': 'Too Many Requests', 'type': 'too_many_requests', 'param': None, 'code': 'too_many_requests'}}
Failed for Joni Mitchell - This Flight Tonight: Error code: 429 - {'error': {'message': 'Too Many Requests', 'type': 'too_many_requests', 'param': None, 'code': 'too_many_requests'}}
Failed for Rage Against The Machine - The Ghost Of Tom Joad: Error code: 429 - {'error': {'message': 'Too Many Requests', 'type': 'too_many_requests', 'param': None, 'code': 'too_many_requests'}}
Failed for Xiu Xiu - Boy Soprano: Error code: 429 - {'error': {'message': 'Too Many Requests', 'type': 'too_many_requests', 'param': None, 'code': 'too_many_requests'}}
Failed for Collective Soul - The World I Know: Error code: 429 - {'error': {'message': 'Too Many Requests', 'type': 'too_many_requests', 'param': None, 'code': 'too_many_requests'}}
Failed for Enter Shikari - Mothership: Error code: 429 - {'error': {'message': 'Too Many Requests', 'type': 'too_many_requests', 'param': None, 'code': 'too_many_requests'}}
Failed for In Flames - Dead Alone: Error code: 429 - {'error': {'message': 'Too Many Requests', 'type': 'too_many_requests', 'param': None, 'code': 'too_many_requests'}}
Failed for In Flames - Dark Signs: Error code: 429 - {'error': {'message': 'Too Many Requests', 'type': 'too_many_requests', 'param': None, 'code': 'too_many_requests'}}
Failed for Doves - Where We'Re Calling From: Error code: 429 - {'error': {'message': 'Too Many Requests', 'type': 'too_many_requests', 'param': None, 'code': 'too_many_requests'}}
Failed for Bonnie 'Prince' Billy - Wolf Among Wolves: Error code: 429 - {'error': {'message': 'Too Many Requests', 'type': 'too_many_requests', 'param': None, 'code': 'too_many_requests'}}
Failed for Acceptance - This Conversation Is Over: Error code: 429 - {'error': {'message': 'Too Many Requests', 'type': 'too_many_requests', 'param': None, 'code': 'too_many_requests'}}
Failed for Cake - It'S Coming Down: Error code: 429 - {'error': {'message': 'Too Many Requests', 'type': 'too_many_requests', 'param': None, 'code': 'too_many_requests'}}
Failed for Simon & Garfunkel - The 59Th Street Bridge Song (Feelin' Groovy): Error code: 429 - {'error': {'message': 'Too Many Requests', 'type': 'too_many_requests', 'param': None, 'code': 'too_many_requests'}}
Failed for Refused - The Refused Party Program: Error code: 429 - {'error': {'message': 'Too Many Requests', 'type': 'too_many_requests', 'param': None, 'code': 'too_many_requests'}}
Failed for Kate Bush - Prelude: Error code: 429 - {'error': {'message': 'Too Many Requests', 'type': 'too_many_requests', 'param': None, 'code': 'too_many_requests'}}
Failed for Songs: Ohia - Farewell Transmission: Error code: 429 - {'error': {'message': 'Too Many Requests', 'type': 'too_many_requests', 'param': None, 'code': 'too_many_requests'}}
Failed for Tori Amos - Horses: Error code: 429 - {'error': {'message': 'Too Many Requests', 'type': 'too_many_requests', 'param': None, 'code': 'too_many_requests'}}
Failed for Black Sabbath - Laguna Sunrise: Error code: 429 - {'error': {'message': 'Too Many Requests', 'type': 'too_many_requests', 'param': None, 'code': 'too_many_requests'}}
Failed for The Velvet Underground - Foggy Notion: Error code: 429 - {'error': {'message': 'Too Many Requests', 'type': 'too_many_requests', 'param': None, 'code': 'too_many_requests'}}
Failed for Red Hot Chili Peppers - Tear: Error code: 429 - {'error': {'message': 'Too Many Requests', 'type': 'too_many_requests', 'param': None, 'code': 'too_many_requests'}}
Failed for The Jimi Hendrix Experience - The Wind Cries Mary: Error code: 429 - {'error': {'message': 'Too Many Requests', 'type': 'too_many_requests', 'param': None, 'code': 'too_many_requests'}}
Failed for Shakira - No (Feat. Gustavo Cerati): Error code: 429 - {'error': {'message': 'Too Many Requests', 'type': 'too_many_requests', 'param': None, 'code': 'too_many_requests'}}
Failed for Shakira - Pure Intuition: Error code: 429 - {'error': {'message': 'Too Many Requests', 'type': 'too_many_requests', 'param': None, 'code': 'too_many_requests'}}
Failed for Incubus - Quicksand: Error code: 429 - {'error': {'message': 'Too Many Requests', 'type': 'too_many_requests', 'param': None, 'code': 'too_many_requests'}}
Failed for Glass Candy - Candy Castle: Error code: 429 - {'error': {'message': 'Too Many Requests', 'type': 'too_many_requests', 'param': None, 'code': 'too_many_requests'}}
Failed for Cat Power - Sweedeedee: Error code: 429 - {'error': {'message': 'Too Many Requests', 'type': 'too_many_requests', 'param': None, 'code': 'too_many_requests'}}
Failed for Shapeshifters - Lola'S Theme: Error code: 429 - {'error': {'message': 'Too Many Requests', 'type': 'too_many_requests', 'param': None, 'code': 'too_many_requests'}}
Failed for Amy Winehouse - You Sent Me Flying: Error code: 429 - {'error': {'message': 'Too Many Requests', 'type': 'too_many_requests', 'param': None, 'code': 'too_many_requests'}}
Failed for Icehouse - Mr. Big: Error code: 429 - {'error': {'message': 'Too Many Requests', 'type': 'too_many_requests', 'param': None, 'code': 'too_many_requests'}}
Failed for My Morning Jacket - I Will Sing You Songs: Error code: 429 - {'error': {'message': 'Too Many Requests', 'type': 'too_many_requests', 'param': None, 'code': 'too_many_requests'}}
Failed for Fair To Midland - Kyla Cries Cologne: Error code: 429 - {'error': {'message': 'Too Many Requests', 'type': 'too_many_requests', 'param': None, 'code': 'too_many_requests'}}
Failed for Santana - Just Feel Better (Feat. Steven Tyler): Error code: 429 - {'error': {'message': 'Too Many Requests', 'type': 'too_many_requests', 'param': None, 'code': 'too_many_requests'}}
Failed for D-51 - Brand New World: Error code: 429 - {'error': {'message': 'Too Many Requests', 'type': 'too_many_requests', 'param': None, 'code': 'too_many_requests'}}
Failed for Santana - Maria Maria: Error code: 429 - {'error': {'message': 'Too Many Requests', 'type': 'too_many_requests', 'param': None, 'code': 'too_many_requests'}}
Failed for Yo La Tengo - Cherry Chapstick: Error code: 429 - {'error': {'message': 'Too Many Requests', 'type': 'too_many_requests', 'param': None, 'code': 'too_many_requests'}}
Failed for Sondre Lerche - Phantom Punch: Error code: 429 - {'error': {'message': 'Too Many Requests', 'type': 'too_many_requests', 'param': None, 'code': 'too_many_requests'}}
Failed for Nellie Mckay - The Dog Song: Error code: 429 - {'error': {'message': 'Too Many Requests', 'type': 'too_many_requests', 'param': None, 'code': 'too_many_requests'}}
Failed for The Blood Brothers - Set Fire To The Face On Fire: Error code: 429 - {'error': {'message': 'Too Many Requests', 'type': 'too_many_requests', 'param': None, 'code': 'too_many_requests'}}
Failed for Scar Symmetry - Abstracted: Error code: 429 - {'error': {'message': 'Too Many Requests', 'type': 'too_many_requests', 'param': None, 'code': 'too_many_requests'}}
Failed for The Dodos - Red And Purple: Error code: 429 - {'error': {'message': 'Too Many Requests', 'type': 'too_many_requests', 'param': None, 'code': 'too_many_requests'}}
Failed for Joy Division - Shadow Play: Error code: 429 - {'error': {'message': 'Too Many Requests', 'type': 'too_many_requests', 'param': None, 'code': 'too_many_requests'}}
Failed for Neil Young - There'S A World: Error code: 429 - {'error': {'message': 'Too Many Requests', 'type': 'too_many_requests', 'param': None, 'code': 'too_many_requests'}}
Failed for Katatonia - Nightmares By The Sea: Error code: 429 - {'error': {'message': 'Too Many Requests', 'type': 'too_many_requests', 'param': None, 'code': 'too_many_requests'}}
Failed for Vanilla Ninja - Cool Vibes: Error code: 429 - {'error': {'message': 'Too Many Requests', 'type': 'too_many_requests', 'param': None, 'code': 'too_many_requests'}}
Failed for Clutch - Cypress Grove: Error code: 429 - {'error': {'message': 'Too Many Requests', 'type': 'too_many_requests', 'param': None, 'code': 'too_many_requests'}}
Failed for Skinny Puppy - Politikil: Error code: 429 - {'error': {'message': 'Too Many Requests', 'type': 'too_many_requests', 'param': None, 'code': 'too_many_requests'}}
1600/2988 done
Failed for These New Puritans - Numerology (A.K.A. Numbers): Error code: 429 - {'error': {'message': 'Too Many Requests', 'type': 'too_many_requests', 'param': None, 'code': 'too_many_requests'}}
Failed for Guided By Voices - Echos Myron: Error code: 429 - {'error': {'message': 'Too Many Requests', 'type': 'too_many_requests', 'param': None, 'code': 'too_many_requests'}}
Failed for Chapterhouse - Breather: Error code: 429 - {'error': {'message': 'Too Many Requests', 'type': 'too_many_requests', 'param': None, 'code': 'too_many_requests'}}
Failed for Misfits - Tv Casualty: Error code: 429 - {'error': {'message': 'Too Many Requests', 'type': 'too_many_requests', 'param': None, 'code': 'too_many_requests'}}
Failed for The Cranberries - Daffodil Lament: Error code: 429 - {'error': {'message': 'Too Many Requests', 'type': 'too_many_requests', 'param': None, 'code': 'too_many_requests'}}
Failed for A Tribe Called Quest - Check The Rhime: Error code: 429 - {'error': {'message': 'Too Many Requests', 'type': 'too_many_requests', 'param': None, 'code': 'too_many_requests'}}
Failed for Charlie Feathers - That Certain Female: Error code: 429 - {'error': {'message': 'Too Many Requests', 'type': 'too_many_requests', 'param': None, 'code': 'too_many_requests'}}
Failed for Art Brut - Post Soothing Out: Error code: 429 - {'error': {'message': 'Too Many Requests', 'type': 'too_many_requests', 'param': None, 'code': 'too_many_requests'}}
Failed for Art Brut - People In Love: Error code: 429 - {'error': {'message': 'Too Many Requests', 'type': 'too_many_requests', 'param': None, 'code': 'too_many_requests'}}
Failed for 雅-Miyavi- - Itoshii Hito (Beta De Suman.): Error code: 429 - {'error': {'message': 'Too Many Requests', 'type': 'too_many_requests', 'param': None, 'code': 'too_many_requests'}}
Failed for Gin Blossoms - Follow You Down: Error code: 429 - {'error': {'message': 'Too Many Requests', 'type': 'too_many_requests', 'param': None, 'code': 'too_many_requests'}}
Failed for The Cooper Temple Clause - The Same Mistakes: Error code: 429 - {'error': {'message': 'Too Many Requests', 'type': 'too_many_requests', 'param': None, 'code': 'too_many_requests'}}
Failed for Incubus - Idiot Box: Error code: 429 - {'error': {'message': 'Too Many Requests', 'type': 'too_many_requests', 'param': None, 'code': 'too_many_requests'}}
Failed for Nightmares On Wax - You Wish: Error code: 429 - {'error': {'message': 'Too Many Requests', 'type': 'too_many_requests', 'param': None, 'code': 'too_many_requests'}}
Failed for Jeff Buckley - New Year'S Prayer: Error code: 429 - {'error': {'message': 'Too Many Requests', 'type': 'too_many_requests', 'param': None, 'code': 'too_many_requests'}}
Failed for Marilyn Manson - Just A Car Crash Away: Error code: 429 - {'error': {'message': 'Too Many Requests', 'type': 'too_many_requests', 'param': None, 'code': 'too_many_requests'}}
Failed for Oasis - [Untitled]: Error code: 429 - {'error': {'message': 'Too Many Requests', 'type': 'too_many_requests', 'param': None, 'code': 'too_many_requests'}}
Failed for The Smashing Pumpkins - The Tale Of Dusty And Pistol Pete: Error code: 429 - {'error': {'message': 'Too Many Requests', 'type': 'too_many_requests', 'param': None, 'code': 'too_many_requests'}}
Failed for Belle And Sebastian - String Bean Jean: Error code: 429 - {'error': {'message': 'Too Many Requests', 'type': 'too_many_requests', 'param': None, 'code': 'too_many_requests'}}
Failed for Air - Suicide Underground: Error code: 429 - {'error': {'message': 'Too Many Requests', 'type': 'too_many_requests', 'param': None, 'code': 'too_many_requests'}}
Failed for Gotan Project - Criminal: Error code: 429 - {'error': {'message': 'Too Many Requests', 'type': 'too_many_requests', 'param': None, 'code': 'too_many_requests'}}
Failed for Disturbed - Want: Error code: 429 - {'error': {'message': 'Too Many Requests', 'type': 'too_many_requests', 'param': None, 'code': 'too_many_requests'}}
Failed for Vast - Flames: Error code: 429 - {'error': {'message': 'Too Many Requests', 'type': 'too_many_requests', 'param': None, 'code': 'too_many_requests'}}
Failed for The Organ - Steven Smith: Error code: 429 - {'error': {'message': 'Too Many Requests', 'type': 'too_many_requests', 'param': None, 'code': 'too_many_requests'}}
Failed for Clark - Dew On The Mouth: Error code: 429 - {'error': {'message': 'Too Many Requests', 'type': 'too_many_requests', 'param': None, 'code': 'too_many_requests'}}
Failed for Pavement - Loretta'S Scars: Error code: 429 - {'error': {'message': 'Too Many Requests', 'type': 'too_many_requests', 'param': None, 'code': 'too_many_requests'}}
Failed for Pavement - Heaven Is A Truck: Error code: 429 - {'error': {'message': 'Too Many Requests', 'type': 'too_many_requests', 'param': None, 'code': 'too_many_requests'}}
Failed for Of Montreal - Don'T Ask Me To Explain: Error code: 429 - {'error': {'message': 'Too Many Requests', 'type': 'too_many_requests', 'param': None, 'code': 'too_many_requests'}}
Failed for Kid Loco - Alone Again So: Error code: 429 - {'error': {'message': 'Too Many Requests', 'type': 'too_many_requests', 'param': None, 'code': 'too_many_requests'}}
Failed for Depeche Mode - Love In Itself: Error code: 429 - {'error': {'message': 'Too Many Requests', 'type': 'too_many_requests', 'param': None, 'code': 'too_many_requests'}}
Failed for Herbert - Birds Of A Feather: Error code: 429 - {'error': {'message': 'Too Many Requests', 'type': 'too_many_requests', 'param': None, 'code': 'too_many_requests'}}
Failed for Cake - Long Line Of Cars: Error code: 429 - {'error': {'message': 'Too Many Requests', 'type': 'too_many_requests', 'param': None, 'code': 'too_many_requests'}}
Failed for Metric - Front Row: Error code: 429 - {'error': {'message': 'Too Many Requests', 'type': 'too_many_requests', 'param': None, 'code': 'too_many_requests'}}
Failed for Faithless - Reverence: Error code: 429 - {'error': {'message': 'Too Many Requests', 'type': 'too_many_requests', 'param': None, 'code': 'too_many_requests'}}
Failed for Faithless - Salva Mea: Error code: 429 - {'error': {'message': 'Too Many Requests', 'type': 'too_many_requests', 'param': None, 'code': 'too_many_requests'}}
Failed for Kaiser Chiefs - You Want History: Error code: 429 - {'error': {'message': 'Too Many Requests', 'type': 'too_many_requests', 'param': None, 'code': 'too_many_requests'}}
Failed for Seu Jorge - Rebel Rebel: Error code: 429 - {'error': {'message': 'Too Many Requests', 'type': 'too_many_requests', 'param': None, 'code': 'too_many_requests'}}
Failed for Reverend And The Makers - Heavyweight Champion Of The World: Error code: 429 - {'error': {'message': 'Too Many Requests', 'type': 'too_many_requests', 'param': None, 'code': 'too_many_requests'}}
Failed for Holy Fuck - The Pulse: Error code: 429 - {'error': {'message': 'Too Many Requests', 'type': 'too_many_requests', 'param': None, 'code': 'too_many_requests'}}
Failed for Get Cape. Wear Cape. Fly - War Of The Worlds: Error code: 429 - {'error': {'message': 'Too Many Requests', 'type': 'too_many_requests', 'param': None, 'code': 'too_many_requests'}}
Failed for The Rifles - Robin Hood: Error code: 429 - {'error': {'message': 'Too Many Requests', 'type': 'too_many_requests', 'param': None, 'code': 'too_many_requests'}}
Failed for Ozzy Osbourne - I Don'T Know: Error code: 429 - {'error': {'message': 'Too Many Requests', 'type': 'too_many_requests', 'param': None, 'code': 'too_many_requests'}}
Failed for Peaches - I Don'T Give A Fuck: Error code: 429 - {'error': {'message': 'Too Many Requests', 'type': 'too_many_requests', 'param': None, 'code': 'too_many_requests'}}
Failed for Tori Amos - Wednesday: Error code: 429 - {'error': {'message': 'Too Many Requests', 'type': 'too_many_requests', 'param': None, 'code': 'too_many_requests'}}
Failed for She Wants Revenge - Disconnect: Error code: 429 - {'error': {'message': 'Too Many Requests', 'type': 'too_many_requests', 'param': None, 'code': 'too_many_requests'}}
Failed for The Enemy - Away From Here: Error code: 429 - {'error': {'message': 'Too Many Requests', 'type': 'too_many_requests', 'param': None, 'code': 'too_many_requests'}}
Failed for Holy Fuck - Choppers: Error code: 429 - {'error': {'message': 'Too Many Requests', 'type': 'too_many_requests', 'param': None, 'code': 'too_many_requests'}}
Failed for Oasis - The Hindu Times: Error code: 429 - {'error': {'message': 'Too Many Requests', 'type': 'too_many_requests', 'param': None, 'code': 'too_many_requests'}}
Failed for My Dying Bride - And I Walk With Them: Error code: 429 - {'error': {'message': 'Too Many Requests', 'type': 'too_many_requests', 'param': None, 'code': 'too_many_requests'}}
Failed for The Magic Numbers - Love'S A Game: Error code: 429 - {'error': {'message': 'Too Many Requests', 'type': 'too_many_requests', 'param': None, 'code': 'too_many_requests'}}
Failed for Calvin Harris - This Is The Industry: Error code: 429 - {'error': {'message': 'Too Many Requests', 'type': 'too_many_requests', 'param': None, 'code': 'too_many_requests'}}
Failed for The Crystal Method - Trip Like I Do: Error code: 429 - {'error': {'message': 'Too Many Requests', 'type': 'too_many_requests', 'param': None, 'code': 'too_many_requests'}}
Failed for Yes - I'Ve Seen All Good People: Error code: 429 - {'error': {'message': 'Too Many Requests', 'type': 'too_many_requests', 'param': None, 'code': 'too_many_requests'}}
Failed for Idlewild - El Capitan: Error code: 429 - {'error': {'message': 'Too Many Requests', 'type': 'too_many_requests', 'param': None, 'code': 'too_many_requests'}}
Failed for The Avalanches - Extra Kings: Error code: 429 - {'error': {'message': 'Too Many Requests', 'type': 'too_many_requests', 'param': None, 'code': 'too_many_requests'}}
Failed for Carla Bruni - Le Plus Beau Du Quartier: Error code: 429 - {'error': {'message': 'Too Many Requests', 'type': 'too_many_requests', 'param': None, 'code': 'too_many_requests'}}
Failed for Ted Leo And The Pharmacists - Criminal Piece: Error code: 429 - {'error': {'message': 'Too Many Requests', 'type': 'too_many_requests', 'param': None, 'code': 'too_many_requests'}}
Failed for Cartel - Settle Down: Error code: 429 - {'error': {'message': 'Too Many Requests', 'type': 'too_many_requests', 'param': None, 'code': 'too_many_requests'}}
Failed for Hurt - Na Dysku C I D: Error code: 429 - {'error': {'message': 'Too Many Requests', 'type': 'too_many_requests', 'param': None, 'code': 'too_many_requests'}}
Failed for Sonic Syndicate - Psychic Suicide: Error code: 429 - {'error': {'message': 'Too Many Requests', 'type': 'too_many_requests', 'param': None, 'code': 'too_many_requests'}}
Failed for Deftones - Nosebleed: Error code: 429 - {'error': {'message': 'Too Many Requests', 'type': 'too_many_requests', 'param': None, 'code': 'too_many_requests'}}
Failed for Deftones - One Weak: Error code: 429 - {'error': {'message': 'Too Many Requests', 'type': 'too_many_requests', 'param': None, 'code': 'too_many_requests'}}
Failed for Paradise Lost - Never For The Damned: Error code: 429 - {'error': {'message': 'Too Many Requests', 'type': 'too_many_requests', 'param': None, 'code': 'too_many_requests'}}
Failed for Sade - Flow: Error code: 429 - {'error': {'message': 'Too Many Requests', 'type': 'too_many_requests', 'param': None, 'code': 'too_many_requests'}}
Failed for Pet Shop Boys - Go West: Error code: 429 - {'error': {'message': 'Too Many Requests', 'type': 'too_many_requests', 'param': None, 'code': 'too_many_requests'}}
Failed for Daft Punk - Face To Face (Cosmo Vitelli Remix): Error code: 429 - {'error': {'message': 'Too Many Requests', 'type': 'too_many_requests', 'param': None, 'code': 'too_many_requests'}}
Failed for Disturbed - Conflict: Error code: 429 - {'error': {'message': 'Too Many Requests', 'type': 'too_many_requests', 'param': None, 'code': 'too_many_requests'}}
Failed for Ride - Polar Bear: Error code: 429 - {'error': {'message': 'Too Many Requests', 'type': 'too_many_requests', 'param': None, 'code': 'too_many_requests'}}
Failed for Within Temptation - Deceiver Of Fools: Error code: 429 - {'error': {'message': 'Too Many Requests', 'type': 'too_many_requests', 'param': None, 'code': 'too_many_requests'}}
Failed for Danny Elfman - Jack'S Lament: Error code: 429 - {'error': {'message': 'Too Many Requests', 'type': 'too_many_requests', 'param': None, 'code': 'too_many_requests'}}
Failed for Turbonegro - We'Re Gonna Drop The Atom Bomb: Error code: 429 - {'error': {'message': 'Too Many Requests', 'type': 'too_many_requests', 'param': None, 'code': 'too_many_requests'}}
Failed for Apocalyptica - Master Of Puppets: Error code: 429 - {'error': {'message': 'Too Many Requests', 'type': 'too_many_requests', 'param': None, 'code': 'too_many_requests'}}
Failed for Vhs Or Beta - Night On Fire: Error code: 429 - {'error': {'message': 'Too Many Requests', 'type': 'too_many_requests', 'param': None, 'code': 'too_many_requests'}}
Failed for The Innocence Mission - The Lakes Of Canada: Error code: 429 - {'error': {'message': 'Too Many Requests', 'type': 'too_many_requests', 'param': None, 'code': 'too_many_requests'}}
Failed for Morphine - Candy: Error code: 429 - {'error': {'message': 'Too Many Requests', 'type': 'too_many_requests', 'param': None, 'code': 'too_many_requests'}}
Failed for Nicola Conte - Arabesque: Error code: 429 - {'error': {'message': 'Too Many Requests', 'type': 'too_many_requests', 'param': None, 'code': 'too_many_requests'}}
Failed for Bloodbath - Eaten: Error code: 429 - {'error': {'message': 'Too Many Requests', 'type': 'too_many_requests', 'param': None, 'code': 'too_many_requests'}}
Failed for The Duke Spirit - Drinking You In: Error code: 429 - {'error': {'message': 'Too Many Requests', 'type': 'too_many_requests', 'param': None, 'code': 'too_many_requests'}}
Failed for Blackfield - Hello: Error code: 429 - {'error': {'message': 'Too Many Requests', 'type': 'too_many_requests', 'param': None, 'code': 'too_many_requests'}}
Failed for Nouvelle Vague - Waves: Error code: 429 - {'error': {'message': 'Too Many Requests', 'type': 'too_many_requests', 'param': None, 'code': 'too_many_requests'}}
Failed for Yann Tiersen - Lara'S Castle: Error code: 429 - {'error': {'message': 'Too Many Requests', 'type': 'too_many_requests', 'param': None, 'code': 'too_many_requests'}}
Failed for Air - Le Soleil Est Près De Moi: Error code: 429 - {'error': {'message': 'Too Many Requests', 'type': 'too_many_requests', 'param': None, 'code': 'too_many_requests'}}
Failed for Yann Tiersen - La Rupture: Error code: 429 - {'error': {'message': 'Too Many Requests', 'type': 'too_many_requests', 'param': None, 'code': 'too_many_requests'}}
Failed for Gotan Project - Arrabal: Error code: 429 - {'error': {'message': 'Too Many Requests', 'type': 'too_many_requests', 'param': None, 'code': 'too_many_requests'}}
Failed for Black Sabbath - Hole In The Sky: Error code: 429 - {'error': {'message': 'Too Many Requests', 'type': 'too_many_requests', 'param': None, 'code': 'too_many_requests'}}
Failed for Andrew Bird - Yawny At The Apocalypse: Error code: 429 - {'error': {'message': 'Too Many Requests', 'type': 'too_many_requests', 'param': None, 'code': 'too_many_requests'}}
Failed for Eagles Of Death Metal - Solid Gold: Error code: 429 - {'error': {'message': 'Too Many Requests', 'type': 'too_many_requests', 'param': None, 'code': 'too_many_requests'}}
Failed for Magazine - A Song From Under The Floorboards: Error code: 429 - {'error': {'message': 'Too Many Requests', 'type': 'too_many_requests', 'param': None, 'code': 'too_many_requests'}}
Failed for The Boy Least Likely To - Hugging My Grudge: Error code: 429 - {'error': {'message': 'Too Many Requests', 'type': 'too_many_requests', 'param': None, 'code': 'too_many_requests'}}
Failed for Jimmy Eat World - Chase This Light: Error code: 429 - {'error': {'message': 'Too Many Requests', 'type': 'too_many_requests', 'param': None, 'code': 'too_many_requests'}}
Failed for Neon Neon - Raquel: Error code: 429 - {'error': {'message': 'Too Many Requests', 'type': 'too_many_requests', 'param': None, 'code': 'too_many_requests'}}
Failed for Nelly Furtado - One-Trick Pony: Error code: 429 - {'error': {'message': 'Too Many Requests', 'type': 'too_many_requests', 'param': None, 'code': 'too_many_requests'}}
Failed for Emilie Autumn - Dead Is The New Alive: Error code: 429 - {'error': {'message': 'Too Many Requests', 'type': 'too_many_requests', 'param': None, 'code': 'too_many_requests'}}
Failed for Black Star - Astronomy (8Th Light): Error code: 429 - {'error': {'message': 'Too Many Requests', 'type': 'too_many_requests', 'param': None, 'code': 'too_many_requests'}}
Failed for Tori Amos - Yo George: Error code: 429 - {'error': {'message': 'Too Many Requests', 'type': 'too_many_requests', 'param': None, 'code': 'too_many_requests'}}
1700/2988 done
Failed for Alien Sex Fiend - I Walk The Line: Error code: 429 - {'error': {'message': 'Too Many Requests', 'type': 'too_many_requests', 'param': None, 'code': 'too_many_requests'}}
Failed for Pink Floyd - A Pillow Of Winds: Error code: 429 - {'error': {'message': 'Too Many Requests', 'type': 'too_many_requests', 'param': None, 'code': 'too_many_requests'}}
Failed for Letters To Cleo - I Want You To Want Me: Error code: 429 - {'error': {'message': 'Too Many Requests', 'type': 'too_many_requests', 'param': None, 'code': 'too_many_requests'}}
Failed for Nine Inch Nails - 28 Ghosts Iv: Error code: 429 - {'error': {'message': 'Too Many Requests', 'type': 'too_many_requests', 'param': None, 'code': 'too_many_requests'}}
Failed for Bob Dylan - Things Have Changed: Error code: 429 - {'error': {'message': 'Too Many Requests', 'type': 'too_many_requests', 'param': None, 'code': 'too_many_requests'}}
Failed for The Rifles - When I'M Alone: Error code: 429 - {'error': {'message': 'Too Many Requests', 'type': 'too_many_requests', 'param': None, 'code': 'too_many_requests'}}
Failed for Marilyn Manson - I Want To Disappear: Error code: 429 - {'error': {'message': 'Too Many Requests', 'type': 'too_many_requests', 'param': None, 'code': 'too_many_requests'}}
Failed for Buzzcocks - Noise Annoys: Error code: 429 - {'error': {'message': 'Too Many Requests', 'type': 'too_many_requests', 'param': None, 'code': 'too_many_requests'}}
Failed for Dragonforce - Operation Ground And Pound: Error code: 429 - {'error': {'message': 'Too Many Requests', 'type': 'too_many_requests', 'param': None, 'code': 'too_many_requests'}}
Failed for The Weakerthans - Reconstruction Site: Error code: 429 - {'error': {'message': 'Too Many Requests', 'type': 'too_many_requests', 'param': None, 'code': 'too_many_requests'}}
Failed for Deftones - Lotion: Error code: 429 - {'error': {'message': 'Too Many Requests', 'type': 'too_many_requests', 'param': None, 'code': 'too_many_requests'}}
Failed for Joy Division - The Kill: Error code: 429 - {'error': {'message': 'Too Many Requests', 'type': 'too_many_requests', 'param': None, 'code': 'too_many_requests'}}
Failed for Howling Bells - Broken Bones: Error code: 429 - {'error': {'message': 'Too Many Requests', 'type': 'too_many_requests', 'param': None, 'code': 'too_many_requests'}}
Failed for Metallica - Stone Cold Crazy: Error code: 429 - {'error': {'message': 'Too Many Requests', 'type': 'too_many_requests', 'param': None, 'code': 'too_many_requests'}}
Failed for Van Halen - Runaround: Error code: 429 - {'error': {'message': 'Too Many Requests', 'type': 'too_many_requests', 'param': None, 'code': 'too_many_requests'}}
Failed for Van Halen - Unchained: Error code: 429 - {'error': {'message': 'Too Many Requests', 'type': 'too_many_requests', 'param': None, 'code': 'too_many_requests'}}
Failed for Ash - Shining Light: Error code: 429 - {'error': {'message': 'Too Many Requests', 'type': 'too_many_requests', 'param': None, 'code': 'too_many_requests'}}
Failed for Judas Priest - All Guns Blazing: Error code: 429 - {'error': {'message': 'Too Many Requests', 'type': 'too_many_requests', 'param': None, 'code': 'too_many_requests'}}
Failed for Fischerspooner - Ersatz: Error code: 429 - {'error': {'message': 'Too Many Requests', 'type': 'too_many_requests', 'param': None, 'code': 'too_many_requests'}}
Failed for Sonic Youth - The Empty Page: Error code: 429 - {'error': {'message': 'Too Many Requests', 'type': 'too_many_requests', 'param': None, 'code': 'too_many_requests'}}
Failed for Saves The Day - See You: Error code: 429 - {'error': {'message': 'Too Many Requests', 'type': 'too_many_requests', 'param': None, 'code': 'too_many_requests'}}
Failed for Whitesnake - Victim Of Love: Error code: 429 - {'error': {'message': 'Too Many Requests', 'type': 'too_many_requests', 'param': None, 'code': 'too_many_requests'}}
Failed for Black Mountain - Angels: Error code: 429 - {'error': {'message': 'Too Many Requests', 'type': 'too_many_requests', 'param': None, 'code': 'too_many_requests'}}
Failed for Loreena Mckennitt - Skellig: Error code: 429 - {'error': {'message': 'Too Many Requests', 'type': 'too_many_requests', 'param': None, 'code': 'too_many_requests'}}
Failed for The Knife - Reindeer: Error code: 429 - {'error': {'message': 'Too Many Requests', 'type': 'too_many_requests', 'param': None, 'code': 'too_many_requests'}}
Failed for Avril Lavigne - Forgotten: Error code: 429 - {'error': {'message': 'Too Many Requests', 'type': 'too_many_requests', 'param': None, 'code': 'too_many_requests'}}
Failed for Death - Scavenger Of Human Sorrow: Error code: 429 - {'error': {'message': 'Too Many Requests', 'type': 'too_many_requests', 'param': None, 'code': 'too_many_requests'}}
Failed for Gary Numan - Films: Error code: 429 - {'error': {'message': 'Too Many Requests', 'type': 'too_many_requests', 'param': None, 'code': 'too_many_requests'}}
Failed for Justin Timberlake - Chop Me Up (Feat. Timbaland & Three 6 Mafia): Error code: 429 - {'error': {'message': 'Too Many Requests', 'type': 'too_many_requests', 'param': None, 'code': 'too_many_requests'}}
Failed for Thieves Like Us - Drugs In My Body: Error code: 429 - {'error': {'message': 'Too Many Requests', 'type': 'too_many_requests', 'param': None, 'code': 'too_many_requests'}}
Failed for Blink-182 - Dammit: Error code: 429 - {'error': {'message': 'Too Many Requests', 'type': 'too_many_requests', 'param': None, 'code': 'too_many_requests'}}
Failed for The Chords - Sh-Boom: Error code: 429 - {'error': {'message': 'Too Many Requests', 'type': 'too_many_requests', 'param': None, 'code': 'too_many_requests'}}
Failed for Agalloch - This White Mountain On Which You Will Die: Error code: 429 - {'error': {'message': 'Too Many Requests', 'type': 'too_many_requests', 'param': None, 'code': 'too_many_requests'}}
Failed for Peaches - Slippery Dick: Error code: 429 - {'error': {'message': 'Too Many Requests', 'type': 'too_many_requests', 'param': None, 'code': 'too_many_requests'}}
Failed for Riverside - I Believe: Error code: 429 - {'error': {'message': 'Too Many Requests', 'type': 'too_many_requests', 'param': None, 'code': 'too_many_requests'}}
Failed for Kanye West - Graduation Day: Error code: 429 - {'error': {'message': 'Too Many Requests', 'type': 'too_many_requests', 'param': None, 'code': 'too_many_requests'}}
Failed for Destiny'S Child - Bootylicious: Error code: 429 - {'error': {'message': 'Too Many Requests', 'type': 'too_many_requests', 'param': None, 'code': 'too_many_requests'}}
Failed for Mirah - Apples In The Trees: Error code: 429 - {'error': {'message': 'Too Many Requests', 'type': 'too_many_requests', 'param': None, 'code': 'too_many_requests'}}
Failed for Placebo - Black Eyed: Error code: 429 - {'error': {'message': 'Too Many Requests', 'type': 'too_many_requests', 'param': None, 'code': 'too_many_requests'}}
Failed for Alex Gaudino - Destination Calabria (Radio Edit): Error code: 429 - {'error': {'message': 'Too Many Requests', 'type': 'too_many_requests', 'param': None, 'code': 'too_many_requests'}}
Failed for Pinback - Seville: Error code: 429 - {'error': {'message': 'Too Many Requests', 'type': 'too_many_requests', 'param': None, 'code': 'too_many_requests'}}
Failed for Eurythmics - Thorn In My Side: Error code: 429 - {'error': {'message': 'Too Many Requests', 'type': 'too_many_requests', 'param': None, 'code': 'too_many_requests'}}
Failed for The Jam - David Watts: Error code: 429 - {'error': {'message': 'Too Many Requests', 'type': 'too_many_requests', 'param': None, 'code': 'too_many_requests'}}
Failed for Dream Theater - Overture 1928: Error code: 429 - {'error': {'message': 'Too Many Requests', 'type': 'too_many_requests', 'param': None, 'code': 'too_many_requests'}}
Failed for Tegan And Sara - Underwater: Error code: 429 - {'error': {'message': 'Too Many Requests', 'type': 'too_many_requests', 'param': None, 'code': 'too_many_requests'}}
Failed for Morcheeba - Fear And Love: Error code: 429 - {'error': {'message': 'Too Many Requests', 'type': 'too_many_requests', 'param': None, 'code': 'too_many_requests'}}
Failed for Inxs - Original Sin: Error code: 429 - {'error': {'message': 'Too Many Requests', 'type': 'too_many_requests', 'param': None, 'code': 'too_many_requests'}}
Failed for Metric - Blindness: Error code: 429 - {'error': {'message': 'Too Many Requests', 'type': 'too_many_requests', 'param': None, 'code': 'too_many_requests'}}
Failed for Cold War Kids - Pregnant: Error code: 429 - {'error': {'message': 'Too Many Requests', 'type': 'too_many_requests', 'param': None, 'code': 'too_many_requests'}}
Failed for Groove Armada - Purple Haze: Error code: 429 - {'error': {'message': 'Too Many Requests', 'type': 'too_many_requests', 'param': None, 'code': 'too_many_requests'}}
Failed for The Album Leaf - Twenty Two Fourteen: Error code: 429 - {'error': {'message': 'Too Many Requests', 'type': 'too_many_requests', 'param': None, 'code': 'too_many_requests'}}
Failed for 梶芽衣子 - The Flower Of Carnage: Error code: 429 - {'error': {'message': 'Too Many Requests', 'type': 'too_many_requests', 'param': None, 'code': 'too_many_requests'}}
Failed for 65Daysofstatic - Climbing On Roofs (Desperate Edit): Error code: 429 - {'error': {'message': 'Too Many Requests', 'type': 'too_many_requests', 'param': None, 'code': 'too_many_requests'}}
Failed for Incubus - Pardon Me (Acoustic): Error code: 429 - {'error': {'message': 'Too Many Requests', 'type': 'too_many_requests', 'param': None, 'code': 'too_many_requests'}}
Failed for Pink Floyd - Pow R. Toc H.: Error code: 429 - {'error': {'message': 'Too Many Requests', 'type': 'too_many_requests', 'param': None, 'code': 'too_many_requests'}}
Failed for 65Daysofstatic - Don'T Go Down To Sorrow: Error code: 429 - {'error': {'message': 'Too Many Requests', 'type': 'too_many_requests', 'param': None, 'code': 'too_many_requests'}}
Failed for Pink Floyd - San Tropez: Error code: 429 - {'error': {'message': 'Too Many Requests', 'type': 'too_many_requests', 'param': None, 'code': 'too_many_requests'}}
Failed for Madeleine Peyroux - Between The Bars: Error code: 429 - {'error': {'message': 'Too Many Requests', 'type': 'too_many_requests', 'param': None, 'code': 'too_many_requests'}}
Failed for Kasabian - U Boat: Error code: 429 - {'error': {'message': 'Too Many Requests', 'type': 'too_many_requests', 'param': None, 'code': 'too_many_requests'}}
Failed for Wire - Reuters: Error code: 429 - {'error': {'message': 'Too Many Requests', 'type': 'too_many_requests', 'param': None, 'code': 'too_many_requests'}}
Failed for Silverchair - Anthem For The Year 2000: Error code: 429 - {'error': {'message': 'Too Many Requests', 'type': 'too_many_requests', 'param': None, 'code': 'too_many_requests'}}
Failed for Paradise Lost - Fallen Children: Error code: 429 - {'error': {'message': 'Too Many Requests', 'type': 'too_many_requests', 'param': None, 'code': 'too_many_requests'}}
Failed for The Prodigy - Their Law: Error code: 429 - {'error': {'message': 'Too Many Requests', 'type': 'too_many_requests', 'param': None, 'code': 'too_many_requests'}}
Failed for Pink Floyd - Poles Apart: Error code: 429 - {'error': {'message': 'Too Many Requests', 'type': 'too_many_requests', 'param': None, 'code': 'too_many_requests'}}
Failed for Emilie Autumn - The Art Of Suicide: Error code: 429 - {'error': {'message': 'Too Many Requests', 'type': 'too_many_requests', 'param': None, 'code': 'too_many_requests'}}
Failed for Jimmy Eat World - Night Drive: Error code: 429 - {'error': {'message': 'Too Many Requests', 'type': 'too_many_requests', 'param': None, 'code': 'too_many_requests'}}
Failed for Stone Sour - Made Of Scars: Error code: 429 - {'error': {'message': 'Too Many Requests', 'type': 'too_many_requests', 'param': None, 'code': 'too_many_requests'}}
Failed for Gorillaz - M1 A1: Error code: 429 - {'error': {'message': 'Too Many Requests', 'type': 'too_many_requests', 'param': None, 'code': 'too_many_requests'}}
Failed for This Will Destroy You - A Three-Legged Workhorse: Error code: 429 - {'error': {'message': 'Too Many Requests', 'type': 'too_many_requests', 'param': None, 'code': 'too_many_requests'}}
Failed for Jens Lekman - Maple Leaves: Error code: 429 - {'error': {'message': 'Too Many Requests', 'type': 'too_many_requests', 'param': None, 'code': 'too_many_requests'}}
Failed for Yeah Yeah Yeahs - Sealings: Error code: 429 - {'error': {'message': 'Too Many Requests', 'type': 'too_many_requests', 'param': None, 'code': 'too_many_requests'}}
Failed for Aereogramme - Finding A Light: Error code: 429 - {'error': {'message': 'Too Many Requests', 'type': 'too_many_requests', 'param': None, 'code': 'too_many_requests'}}
Failed for Nevermore - Narcosynthesis: Error code: 429 - {'error': {'message': 'Too Many Requests', 'type': 'too_many_requests', 'param': None, 'code': 'too_many_requests'}}
Failed for Taking Back Sunday - The Union: Error code: 429 - {'error': {'message': 'Too Many Requests', 'type': 'too_many_requests', 'param': None, 'code': 'too_many_requests'}}
Failed for In Flames - The Chosen Pessimist: Error code: 429 - {'error': {'message': 'Too Many Requests', 'type': 'too_many_requests', 'param': None, 'code': 'too_many_requests'}}
Failed for Chris Vrenna - Taking Tea In Dreamland: Error code: 429 - {'error': {'message': 'Too Many Requests', 'type': 'too_many_requests', 'param': None, 'code': 'too_many_requests'}}
Failed for Aereogramme - You'Re Always Welcome: Error code: 429 - {'error': {'message': 'Too Many Requests', 'type': 'too_many_requests', 'param': None, 'code': 'too_many_requests'}}
Failed for Lostprophets - Shinobi Vs. Dragon Ninja: Error code: 429 - {'error': {'message': 'Too Many Requests', 'type': 'too_many_requests', 'param': None, 'code': 'too_many_requests'}}
Failed for After Forever - Emphasis: Error code: 429 - {'error': {'message': 'Too Many Requests', 'type': 'too_many_requests', 'param': None, 'code': 'too_many_requests'}}
Failed for Built To Spill - Traces: Error code: 429 - {'error': {'message': 'Too Many Requests', 'type': 'too_many_requests', 'param': None, 'code': 'too_many_requests'}}
Failed for Rufus Wainwright - Waiting For A Dream: Error code: 429 - {'error': {'message': 'Too Many Requests', 'type': 'too_many_requests', 'param': None, 'code': 'too_many_requests'}}
Failed for Peter Bjorn And John - Roll The Credits: Error code: 429 - {'error': {'message': 'Too Many Requests', 'type': 'too_many_requests', 'param': None, 'code': 'too_many_requests'}}
Failed for Brendan Benson - Metarie: Error code: 429 - {'error': {'message': 'Too Many Requests', 'type': 'too_many_requests', 'param': None, 'code': 'too_many_requests'}}
Failed for Black Sabbath - After Forever: Error code: 429 - {'error': {'message': 'Too Many Requests', 'type': 'too_many_requests', 'param': None, 'code': 'too_many_requests'}}
Failed for Bel Canto - Dreaming Girl: Error code: 429 - {'error': {'message': 'Too Many Requests', 'type': 'too_many_requests', 'param': None, 'code': 'too_many_requests'}}
Failed for New Found Glory - Hit Or Miss: Error code: 429 - {'error': {'message': 'Too Many Requests', 'type': 'too_many_requests', 'param': None, 'code': 'too_many_requests'}}
Failed for The New Pornographers - The New Face Of Zero And One: Error code: 429 - {'error': {'message': 'Too Many Requests', 'type': 'too_many_requests', 'param': None, 'code': 'too_many_requests'}}
Failed for The Breeders - Invisible Man: Error code: 429 - {'error': {'message': 'Too Many Requests', 'type': 'too_many_requests', 'param': None, 'code': 'too_many_requests'}}
Failed for The Raveonettes - Here Comes Mary: Error code: 429 - {'error': {'message': 'Too Many Requests', 'type': 'too_many_requests', 'param': None, 'code': 'too_many_requests'}}
Failed for Vnv Nation - Illusion: Error code: 429 - {'error': {'message': 'Too Many Requests', 'type': 'too_many_requests', 'param': None, 'code': 'too_many_requests'}}
Failed for Vnv Nation - Testament: Error code: 429 - {'error': {'message': 'Too Many Requests', 'type': 'too_many_requests', 'param': None, 'code': 'too_many_requests'}}
Failed for Coldplay - Bigger Stronger: Error code: 429 - {'error': {'message': 'Too Many Requests', 'type': 'too_many_requests', 'param': None, 'code': 'too_many_requests'}}
Failed for Gogol Bordello - Zina-Marina: Error code: 429 - {'error': {'message': 'Too Many Requests', 'type': 'too_many_requests', 'param': None, 'code': 'too_many_requests'}}
Failed for Secret Garden - Nocturne: Error code: 429 - {'error': {'message': 'Too Many Requests', 'type': 'too_many_requests', 'param': None, 'code': 'too_many_requests'}}
Failed for Gogol Bordello - Underdog World Strike: Error code: 429 - {'error': {'message': 'Too Many Requests', 'type': 'too_many_requests', 'param': None, 'code': 'too_many_requests'}}
Failed for Megadeth - Take No Prisoners: Error code: 429 - {'error': {'message': 'Too Many Requests', 'type': 'too_many_requests', 'param': None, 'code': 'too_many_requests'}}
Failed for Camera Obscura - Number One Son: Error code: 429 - {'error': {'message': 'Too Many Requests', 'type': 'too_many_requests', 'param': None, 'code': 'too_many_requests'}}
Failed for Black Lips - Navajo: Error code: 429 - {'error': {'message': 'Too Many Requests', 'type': 'too_many_requests', 'param': None, 'code': 'too_many_requests'}}
Failed for Agalloch - Not Unlike The Waves: Error code: 429 - {'error': {'message': 'Too Many Requests', 'type': 'too_many_requests', 'param': None, 'code': 'too_many_requests'}}
1800/2988 done
Failed for Goldfrapp - Human: Error code: 429 - {'error': {'message': 'Too Many Requests', 'type': 'too_many_requests', 'param': None, 'code': 'too_many_requests'}}
Failed for Against Me! - We Laugh At Danger (And Break All The Rules): Error code: 429 - {'error': {'message': 'Too Many Requests', 'type': 'too_many_requests', 'param': None, 'code': 'too_many_requests'}}
Failed for Mariah Carey - Touch My Body (Seamus Haji Radio Edit): Error code: 429 - {'error': {'message': 'Too Many Requests', 'type': 'too_many_requests', 'param': None, 'code': 'too_many_requests'}}
Failed for Animal Collective - Mouth Wooed Her: Error code: 429 - {'error': {'message': 'Too Many Requests', 'type': 'too_many_requests', 'param': None, 'code': 'too_many_requests'}}
Failed for The Unicorns - Les Os: Error code: 429 - {'error': {'message': 'Too Many Requests', 'type': 'too_many_requests', 'param': None, 'code': 'too_many_requests'}}
Failed for Idlewild - The Space Between All Things: Error code: 429 - {'error': {'message': 'Too Many Requests', 'type': 'too_many_requests', 'param': None, 'code': 'too_many_requests'}}
Failed for Dashboard Confessional - Living In Your Letters: Error code: 429 - {'error': {'message': 'Too Many Requests', 'type': 'too_many_requests', 'param': None, 'code': 'too_many_requests'}}
Failed for Tenacious D - Break In-City (Storm The Gate!): Error code: 429 - {'error': {'message': 'Too Many Requests', 'type': 'too_many_requests', 'param': None, 'code': 'too_many_requests'}}
Failed for Yann Tiersen - Good Bye Lenin: Error code: 429 - {'error': {'message': 'Too Many Requests', 'type': 'too_many_requests', 'param': None, 'code': 'too_many_requests'}}
Failed for Agalloch - A Celebration For The Death Of Man...: Error code: 429 - {'error': {'message': 'Too Many Requests', 'type': 'too_many_requests', 'param': None, 'code': 'too_many_requests'}}
Failed for This Will Destroy You - Leather Wings: Error code: 429 - {'error': {'message': 'Too Many Requests', 'type': 'too_many_requests', 'param': None, 'code': 'too_many_requests'}}
Failed for R.E.M. - It'S The End Of The World As We Know It (And I Feel Fine): Error code: 429 - {'error': {'message': 'Too Many Requests', 'type': 'too_many_requests', 'param': None, 'code': 'too_many_requests'}}
Failed for Iron Butterfly - In-A-Gadda-Da-Vida: Error code: 429 - {'error': {'message': 'Too Many Requests', 'type': 'too_many_requests', 'param': None, 'code': 'too_many_requests'}}
Failed for Kelly Clarkson - The Trouble With Love Is: Error code: 429 - {'error': {'message': 'Too Many Requests', 'type': 'too_many_requests', 'param': None, 'code': 'too_many_requests'}}
Failed for The Cure - Object: Error code: 429 - {'error': {'message': 'Too Many Requests', 'type': 'too_many_requests', 'param': None, 'code': 'too_many_requests'}}
Failed for The Hives - You Got It All... Wrong: Error code: 429 - {'error': {'message': 'Too Many Requests', 'type': 'too_many_requests', 'param': None, 'code': 'too_many_requests'}}
Failed for Mercury Rev - Goddess On A Hiway: Error code: 429 - {'error': {'message': 'Too Many Requests', 'type': 'too_many_requests', 'param': None, 'code': 'too_many_requests'}}
Failed for Finch - Letters To You: Error code: 429 - {'error': {'message': 'Too Many Requests', 'type': 'too_many_requests', 'param': None, 'code': 'too_many_requests'}}
Failed for Grizzly Bear - Alligator: Error code: 429 - {'error': {'message': 'Too Many Requests', 'type': 'too_many_requests', 'param': None, 'code': 'too_many_requests'}}
Failed for Taking Back Sunday - Number Five With A Bullet: Error code: 429 - {'error': {'message': 'Too Many Requests', 'type': 'too_many_requests', 'param': None, 'code': 'too_many_requests'}}
Failed for Gogol Bordello - Forces Of Victory: Error code: 429 - {'error': {'message': 'Too Many Requests', 'type': 'too_many_requests', 'param': None, 'code': 'too_many_requests'}}
Failed for Britney Spears - My Baby: Error code: 429 - {'error': {'message': 'Too Many Requests', 'type': 'too_many_requests', 'param': None, 'code': 'too_many_requests'}}
Failed for Blind Guardian - Mordred'S Song: Error code: 429 - {'error': {'message': 'Too Many Requests', 'type': 'too_many_requests', 'param': None, 'code': 'too_many_requests'}}
Failed for Bon Jovi - Blaze Of Glory: Error code: 429 - {'error': {'message': 'Too Many Requests', 'type': 'too_many_requests', 'param': None, 'code': 'too_many_requests'}}
Failed for Dream Theater - Home: Error code: 429 - {'error': {'message': 'Too Many Requests', 'type': 'too_many_requests', 'param': None, 'code': 'too_many_requests'}}
Failed for Kill Hannah - Black Poison Blood: Error code: 429 - {'error': {'message': 'Too Many Requests', 'type': 'too_many_requests', 'param': None, 'code': 'too_many_requests'}}
Failed for Eluvium - Seeing You Off The Edges: Error code: 429 - {'error': {'message': 'Too Many Requests', 'type': 'too_many_requests', 'param': None, 'code': 'too_many_requests'}}
Failed for Moby - At Least We Tried: Error code: 429 - {'error': {'message': 'Too Many Requests', 'type': 'too_many_requests', 'param': None, 'code': 'too_many_requests'}}
Failed for The Summer Obsession - Do You Remember: Error code: 429 - {'error': {'message': 'Too Many Requests', 'type': 'too_many_requests', 'param': None, 'code': 'too_many_requests'}}
Failed for Pj Harvey - Plants And Rags: Error code: 429 - {'error': {'message': 'Too Many Requests', 'type': 'too_many_requests', 'param': None, 'code': 'too_many_requests'}}
Failed for Os Mutantes - Panis Et Circenses: Error code: 429 - {'error': {'message': 'Too Many Requests', 'type': 'too_many_requests', 'param': None, 'code': 'too_many_requests'}}
Failed for Robyn - Crash And Burn Girl: Error code: 429 - {'error': {'message': 'Too Many Requests', 'type': 'too_many_requests', 'param': None, 'code': 'too_many_requests'}}
Failed for Blonde Redhead - In Particular: Error code: 429 - {'error': {'message': 'Too Many Requests', 'type': 'too_many_requests', 'param': None, 'code': 'too_many_requests'}}
Failed for Mötley Crüe - Face Down In The Dirt: Error code: 429 - {'error': {'message': 'Too Many Requests', 'type': 'too_many_requests', 'param': None, 'code': 'too_many_requests'}}
Failed for The Beatles - P.S. I Love You: Error code: 429 - {'error': {'message': 'Too Many Requests', 'type': 'too_many_requests', 'param': None, 'code': 'too_many_requests'}}
Failed for Blur - On The Way To The Club: Error code: 429 - {'error': {'message': 'Too Many Requests', 'type': 'too_many_requests', 'param': None, 'code': 'too_many_requests'}}
Failed for Beth Gibbons & Rustin Man - Drake: Error code: 429 - {'error': {'message': 'Too Many Requests', 'type': 'too_many_requests', 'param': None, 'code': 'too_many_requests'}}
Failed for New Young Pony Club - Ice Cream (Comets Remix): Error code: 429 - {'error': {'message': 'Too Many Requests', 'type': 'too_many_requests', 'param': None, 'code': 'too_many_requests'}}
Failed for Origa - Inner Universe: Error code: 429 - {'error': {'message': 'Too Many Requests', 'type': 'too_many_requests', 'param': None, 'code': 'too_many_requests'}}
Failed for Pulp - F.E.E.L.I.N.G.C.A.L.L.E.D.L.O.V.E: Error code: 429 - {'error': {'message': 'Too Many Requests', 'type': 'too_many_requests', 'param': None, 'code': 'too_many_requests'}}
Failed for Creedence Clearwater Revisited - Hey Tonight: Error code: 429 - {'error': {'message': 'Too Many Requests', 'type': 'too_many_requests', 'param': None, 'code': 'too_many_requests'}}
Failed for Johnny Cash - I See A Darkness: Error code: 429 - {'error': {'message': 'Too Many Requests', 'type': 'too_many_requests', 'param': None, 'code': 'too_many_requests'}}
Failed for Hadouken! - Crank It Up: Error code: 429 - {'error': {'message': 'Too Many Requests', 'type': 'too_many_requests', 'param': None, 'code': 'too_many_requests'}}
Failed for Funeral For A Friend - Hospitality: Error code: 429 - {'error': {'message': 'Too Many Requests', 'type': 'too_many_requests', 'param': None, 'code': 'too_many_requests'}}
Failed for Pedro The Lion - The Longest Winter: Error code: 429 - {'error': {'message': 'Too Many Requests', 'type': 'too_many_requests', 'param': None, 'code': 'too_many_requests'}}
Failed for I'M From Barcelona - Ola Kala: Error code: 429 - {'error': {'message': 'Too Many Requests', 'type': 'too_many_requests', 'param': None, 'code': 'too_many_requests'}}
Failed for Roxy Music - Same Old Scene: Error code: 429 - {'error': {'message': 'Too Many Requests', 'type': 'too_many_requests', 'param': None, 'code': 'too_many_requests'}}
Failed for Pulp - Bad Cover Version: Error code: 429 - {'error': {'message': 'Too Many Requests', 'type': 'too_many_requests', 'param': None, 'code': 'too_many_requests'}}
Failed for Philip Glass - Morning Passages: Error code: 429 - {'error': {'message': 'Too Many Requests', 'type': 'too_many_requests', 'param': None, 'code': 'too_many_requests'}}
Failed for Snow Patrol - We Can Run Away Now They'Re All Dead And Gone: Error code: 429 - {'error': {'message': 'Too Many Requests', 'type': 'too_many_requests', 'param': None, 'code': 'too_many_requests'}}
Failed for Elbow - Newborn: Error code: 429 - {'error': {'message': 'Too Many Requests', 'type': 'too_many_requests', 'param': None, 'code': 'too_many_requests'}}
Failed for T.A.T.U. - Gomenasai: Error code: 429 - {'error': {'message': 'Too Many Requests', 'type': 'too_many_requests', 'param': None, 'code': 'too_many_requests'}}
Failed for Rob Zombie - Foxy Foxy: Error code: 429 - {'error': {'message': 'Too Many Requests', 'type': 'too_many_requests', 'param': None, 'code': 'too_many_requests'}}
Failed for Beach House - All The Years: Error code: 429 - {'error': {'message': 'Too Many Requests', 'type': 'too_many_requests', 'param': None, 'code': 'too_many_requests'}}
Failed for The Verve - Velvet Morning: Error code: 429 - {'error': {'message': 'Too Many Requests', 'type': 'too_many_requests', 'param': None, 'code': 'too_many_requests'}}
Failed for Killswitch Engage - This Fire Burns: Error code: 429 - {'error': {'message': 'Too Many Requests', 'type': 'too_many_requests', 'param': None, 'code': 'too_many_requests'}}
Failed for Múm - Moon Pulls: Error code: 429 - {'error': {'message': 'Too Many Requests', 'type': 'too_many_requests', 'param': None, 'code': 'too_many_requests'}}
Failed for Mötley Crüe - You'Re All I Need: Error code: 429 - {'error': {'message': 'Too Many Requests', 'type': 'too_many_requests', 'param': None, 'code': 'too_many_requests'}}
Failed for Burial - Raver: Error code: 429 - {'error': {'message': 'Too Many Requests', 'type': 'too_many_requests', 'param': None, 'code': 'too_many_requests'}}
Failed for Brian Eno - 1/2: Error code: 429 - {'error': {'message': 'Too Many Requests', 'type': 'too_many_requests', 'param': None, 'code': 'too_many_requests'}}
Failed for Lynyrd Skynyrd - That Smell: Error code: 429 - {'error': {'message': 'Too Many Requests', 'type': 'too_many_requests', 'param': None, 'code': 'too_many_requests'}}
Failed for U2 - Exit: Error code: 429 - {'error': {'message': 'Too Many Requests', 'type': 'too_many_requests', 'param': None, 'code': 'too_many_requests'}}
Failed for Death - Zero Tolerance: Error code: 429 - {'error': {'message': 'Too Many Requests', 'type': 'too_many_requests', 'param': None, 'code': 'too_many_requests'}}
Failed for Slayer - Eyes Of The Insane: Error code: 429 - {'error': {'message': 'Too Many Requests', 'type': 'too_many_requests', 'param': None, 'code': 'too_many_requests'}}
Failed for Ratatat - Bruleé: Error code: 429 - {'error': {'message': 'Too Many Requests', 'type': 'too_many_requests', 'param': None, 'code': 'too_many_requests'}}
Failed for Gomez - Girlshapedlovedrug: Error code: 429 - {'error': {'message': 'Too Many Requests', 'type': 'too_many_requests', 'param': None, 'code': 'too_many_requests'}}
Failed for Muse - Glorious: Error code: 429 - {'error': {'message': 'Too Many Requests', 'type': 'too_many_requests', 'param': None, 'code': 'too_many_requests'}}
Failed for They Might Be Giants - Don'T Let'S Start: Error code: 429 - {'error': {'message': 'Too Many Requests', 'type': 'too_many_requests', 'param': None, 'code': 'too_many_requests'}}
Failed for Shudder To Think - Hot One: Error code: 429 - {'error': {'message': 'Too Many Requests', 'type': 'too_many_requests', 'param': None, 'code': 'too_many_requests'}}
Failed for Björk - My Juvenile: Error code: 429 - {'error': {'message': 'Too Many Requests', 'type': 'too_many_requests', 'param': None, 'code': 'too_many_requests'}}
Failed for Rocky Votolato - Portland Is Leaving: Error code: 429 - {'error': {'message': 'Too Many Requests', 'type': 'too_many_requests', 'param': None, 'code': 'too_many_requests'}}
Failed for A Place To Bury Strangers - To Fix The Gash In Your Head: Error code: 429 - {'error': {'message': 'Too Many Requests', 'type': 'too_many_requests', 'param': None, 'code': 'too_many_requests'}}
Failed for R.E.M. - Ignoreland: Error code: 429 - {'error': {'message': 'Too Many Requests', 'type': 'too_many_requests', 'param': None, 'code': 'too_many_requests'}}
Failed for Moby - The Sky Is Broken: Error code: 429 - {'error': {'message': 'Too Many Requests', 'type': 'too_many_requests', 'param': None, 'code': 'too_many_requests'}}
Failed for Gomez - Hamoa Beach: Error code: 429 - {'error': {'message': 'Too Many Requests', 'type': 'too_many_requests', 'param': None, 'code': 'too_many_requests'}}
Failed for Manic Street Preachers - Rendition: Error code: 429 - {'error': {'message': 'Too Many Requests', 'type': 'too_many_requests', 'param': None, 'code': 'too_many_requests'}}
Failed for T.M.Revolution - Zips: Error code: 429 - {'error': {'message': 'Too Many Requests', 'type': 'too_many_requests', 'param': None, 'code': 'too_many_requests'}}
Failed for Barenaked Ladies - If I Had $1000000: Error code: 429 - {'error': {'message': 'Too Many Requests', 'type': 'too_many_requests', 'param': None, 'code': 'too_many_requests'}}
Failed for The Beatles - Norwegian Wood: Error code: 429 - {'error': {'message': 'Too Many Requests', 'type': 'too_many_requests', 'param': None, 'code': 'too_many_requests'}}
Failed for Fugees - Fu-Gee-La: Error code: 429 - {'error': {'message': 'Too Many Requests', 'type': 'too_many_requests', 'param': None, 'code': 'too_many_requests'}}
Failed for Fujiya & Miyagi - Cylinders: Error code: 429 - {'error': {'message': 'Too Many Requests', 'type': 'too_many_requests', 'param': None, 'code': 'too_many_requests'}}
Failed for The Who - 1921: Error code: 429 - {'error': {'message': 'Too Many Requests', 'type': 'too_many_requests', 'param': None, 'code': 'too_many_requests'}}
Failed for Three Days Grace - Get Out Alive: Error code: 429 - {'error': {'message': 'Too Many Requests', 'type': 'too_many_requests', 'param': None, 'code': 'too_many_requests'}}
Failed for Kanye West - The New Workout Plan: Error code: 429 - {'error': {'message': 'Too Many Requests', 'type': 'too_many_requests', 'param': None, 'code': 'too_many_requests'}}
Failed for Willie Nelson - On The Road Again: Error code: 429 - {'error': {'message': 'Too Many Requests', 'type': 'too_many_requests', 'param': None, 'code': 'too_many_requests'}}
Failed for Bright Eyes - Clairaudients (Kill Or Be Killed): Error code: 429 - {'error': {'message': 'Too Many Requests', 'type': 'too_many_requests', 'param': None, 'code': 'too_many_requests'}}
Failed for Mando Diao - P.U.S.A: Error code: 429 - {'error': {'message': 'Too Many Requests', 'type': 'too_many_requests', 'param': None, 'code': 'too_many_requests'}}
Failed for This Will Destroy You - Villa Del Refugio: Error code: 429 - {'error': {'message': 'Too Many Requests', 'type': 'too_many_requests', 'param': None, 'code': 'too_many_requests'}}
Failed for Devendra Banhart - Dogs They Make Up The Dark: Error code: 429 - {'error': {'message': 'Too Many Requests', 'type': 'too_many_requests', 'param': None, 'code': 'too_many_requests'}}
Failed for Tori Amos - Ribbons Undone: Error code: 429 - {'error': {'message': 'Too Many Requests', 'type': 'too_many_requests', 'param': None, 'code': 'too_many_requests'}}
Failed for The Cardigans - Starter: Error code: 429 - {'error': {'message': 'Too Many Requests', 'type': 'too_many_requests', 'param': None, 'code': 'too_many_requests'}}
Failed for Rooney - That Girl Has Love: Error code: 429 - {'error': {'message': 'Too Many Requests', 'type': 'too_many_requests', 'param': None, 'code': 'too_many_requests'}}
Failed for Porcupine Tree - Last Chance To Evacuate Planet Earth Before It Is Recycled: Error code: 429 - {'error': {'message': 'Too Many Requests', 'type': 'too_many_requests', 'param': None, 'code': 'too_many_requests'}}
Failed for N.W.A - Express Yourself: Error code: 429 - {'error': {'message': 'Too Many Requests', 'type': 'too_many_requests', 'param': None, 'code': 'too_many_requests'}}
Failed for To/Die/For - Hollow Heart: Error code: 429 - {'error': {'message': 'Too Many Requests', 'type': 'too_many_requests', 'param': None, 'code': 'too_many_requests'}}
Failed for Killswitch Engage - And Embers Rise: Error code: 429 - {'error': {'message': 'Too Many Requests', 'type': 'too_many_requests', 'param': None, 'code': 'too_many_requests'}}
Failed for White Lies - A Place To Hide: Error code: 429 - {'error': {'message': 'Too Many Requests', 'type': 'too_many_requests', 'param': None, 'code': 'too_many_requests'}}
1900/2988 done
Failed for Sia - Sweet Potato: Error code: 429 - {'error': {'message': 'Too Many Requests', 'type': 'too_many_requests', 'param': None, 'code': 'too_many_requests'}}
Failed for Goose - Girl: Error code: 429 - {'error': {'message': 'Too Many Requests', 'type': 'too_many_requests', 'param': None, 'code': 'too_many_requests'}}
Failed for Mates Of State - Think Long: Error code: 429 - {'error': {'message': 'Too Many Requests', 'type': 'too_many_requests', 'param': None, 'code': 'too_many_requests'}}
Failed for Les Savy Fav - Raging In The Plague Age: Error code: 429 - {'error': {'message': 'Too Many Requests', 'type': 'too_many_requests', 'param': None, 'code': 'too_many_requests'}}
Failed for The Black Angels - Empire: Error code: 429 - {'error': {'message': 'Too Many Requests', 'type': 'too_many_requests', 'param': None, 'code': 'too_many_requests'}}
Failed for Anberlin - (Début): Error code: 429 - {'error': {'message': 'Too Many Requests', 'type': 'too_many_requests', 'param': None, 'code': 'too_many_requests'}}
Failed for The 69 Eyes - Heaven/Hell: Error code: 429 - {'error': {'message': 'Too Many Requests', 'type': 'too_many_requests', 'param': None, 'code': 'too_many_requests'}}
Failed for Έλενα Παπαρίζου - An Eihes Erthei Pio Noris: Error code: 429 - {'error': {'message': 'Too Many Requests', 'type': 'too_many_requests', 'param': None, 'code': 'too_many_requests'}}
Failed for Kate Bush - Suspended In Gaffa: Error code: 429 - {'error': {'message': 'Too Many Requests', 'type': 'too_many_requests', 'param': None, 'code': 'too_many_requests'}}
Failed for Dark Tranquillity - Mind Matters: Error code: 429 - {'error': {'message': 'Too Many Requests', 'type': 'too_many_requests', 'param': None, 'code': 'too_many_requests'}}
Failed for Kyuss - Gardenia: Error code: 429 - {'error': {'message': 'Too Many Requests', 'type': 'too_many_requests', 'param': None, 'code': 'too_many_requests'}}
Failed for Ub40 - Red Red Wine: Error code: 429 - {'error': {'message': 'Too Many Requests', 'type': 'too_many_requests', 'param': None, 'code': 'too_many_requests'}}
Failed for The Weepies - Gotta Have You: Error code: 429 - {'error': {'message': 'Too Many Requests', 'type': 'too_many_requests', 'param': None, 'code': 'too_many_requests'}}
Failed for Leonard Cohen - Avalanche: Error code: 429 - {'error': {'message': 'Too Many Requests', 'type': 'too_many_requests', 'param': None, 'code': 'too_many_requests'}}
Failed for Husky Rescue - Sunset Drive: Error code: 429 - {'error': {'message': 'Too Many Requests', 'type': 'too_many_requests', 'param': None, 'code': 'too_many_requests'}}
Failed for The Rakes - Trouble: Error code: 429 - {'error': {'message': 'Too Many Requests', 'type': 'too_many_requests', 'param': None, 'code': 'too_many_requests'}}
Failed for Anberlin - Alexithymia: Error code: 429 - {'error': {'message': 'Too Many Requests', 'type': 'too_many_requests', 'param': None, 'code': 'too_many_requests'}}
Failed for !!! - Feel Good Hit Of The Fall: Error code: 429 - {'error': {'message': 'Too Many Requests', 'type': 'too_many_requests', 'param': None, 'code': 'too_many_requests'}}
Failed for Kyuss - El Rodeo: Error code: 429 - {'error': {'message': 'Too Many Requests', 'type': 'too_many_requests', 'param': None, 'code': 'too_many_requests'}}
Failed for Jimi Hendrix - Highway Chile: Error code: 429 - {'error': {'message': 'Too Many Requests', 'type': 'too_many_requests', 'param': None, 'code': 'too_many_requests'}}
Failed for Thievery Corporation - Ambicion Eterna (Feat. Verny Varela): Error code: 429 - {'error': {'message': 'Too Many Requests', 'type': 'too_many_requests', 'param': None, 'code': 'too_many_requests'}}
Failed for Machinae Supremacy - Need For Steve: Error code: 429 - {'error': {'message': 'Too Many Requests', 'type': 'too_many_requests', 'param': None, 'code': 'too_many_requests'}}
Failed for Machinae Supremacy - Killer Instinct: Error code: 429 - {'error': {'message': 'Too Many Requests', 'type': 'too_many_requests', 'param': None, 'code': 'too_many_requests'}}
Failed for Grateful Dead - Candyman: Error code: 429 - {'error': {'message': 'Too Many Requests', 'type': 'too_many_requests', 'param': None, 'code': 'too_many_requests'}}
Failed for Bonnie 'Prince' Billy - The Way: Error code: 429 - {'error': {'message': 'Too Many Requests', 'type': 'too_many_requests', 'param': None, 'code': 'too_many_requests'}}
Failed for Suede - Starcrazy: Error code: 429 - {'error': {'message': 'Too Many Requests', 'type': 'too_many_requests', 'param': None, 'code': 'too_many_requests'}}
Failed for Lou Reed - Wagon Wheel: Error code: 429 - {'error': {'message': 'Too Many Requests', 'type': 'too_many_requests', 'param': None, 'code': 'too_many_requests'}}
Failed for Norah Jones - Sinkin' Soon: Error code: 429 - {'error': {'message': 'Too Many Requests', 'type': 'too_many_requests', 'param': None, 'code': 'too_many_requests'}}
Failed for Suede - Pantomime Horse: Error code: 429 - {'error': {'message': 'Too Many Requests', 'type': 'too_many_requests', 'param': None, 'code': 'too_many_requests'}}
Failed for Machinae Supremacy - Through The Looking Glass: Error code: 429 - {'error': {'message': 'Too Many Requests', 'type': 'too_many_requests', 'param': None, 'code': 'too_many_requests'}}
Failed for Jimi Hendrix - I Don'T Live Today: Error code: 429 - {'error': {'message': 'Too Many Requests', 'type': 'too_many_requests', 'param': None, 'code': 'too_many_requests'}}
Failed for Accept - Balls To The Wall: Error code: 429 - {'error': {'message': 'Too Many Requests', 'type': 'too_many_requests', 'param': None, 'code': 'too_many_requests'}}
Failed for Katie Melua - I Cried For You: Error code: 429 - {'error': {'message': 'Too Many Requests', 'type': 'too_many_requests', 'param': None, 'code': 'too_many_requests'}}
Failed for The Who - I'M Free: Error code: 429 - {'error': {'message': 'Too Many Requests', 'type': 'too_many_requests', 'param': None, 'code': 'too_many_requests'}}
Failed for Iron Maiden - Moonchild: Error code: 429 - {'error': {'message': 'Too Many Requests', 'type': 'too_many_requests', 'param': None, 'code': 'too_many_requests'}}
Failed for Cake - Stickshifts And Safetybelts: Error code: 429 - {'error': {'message': 'Too Many Requests', 'type': 'too_many_requests', 'param': None, 'code': 'too_many_requests'}}
Failed for Amanda Palmer - Blake Says: Error code: 429 - {'error': {'message': 'Too Many Requests', 'type': 'too_many_requests', 'param': None, 'code': 'too_many_requests'}}
Failed for Red Hot Chili Peppers - Death Of A Martian: Error code: 429 - {'error': {'message': 'Too Many Requests', 'type': 'too_many_requests', 'param': None, 'code': 'too_many_requests'}}
Failed for Madness - House Of Fun: Error code: 429 - {'error': {'message': 'Too Many Requests', 'type': 'too_many_requests', 'param': None, 'code': 'too_many_requests'}}
Failed for M83 - 0078H: Error code: 429 - {'error': {'message': 'Too Many Requests', 'type': 'too_many_requests', 'param': None, 'code': 'too_many_requests'}}
Failed for British Sea Power - Oh Larsen B: Error code: 429 - {'error': {'message': 'Too Many Requests', 'type': 'too_many_requests', 'param': None, 'code': 'too_many_requests'}}
Failed for Clap Your Hands Say Yeah - Love Song No. 7: Error code: 429 - {'error': {'message': 'Too Many Requests', 'type': 'too_many_requests', 'param': None, 'code': 'too_many_requests'}}
Failed for Test Icicles - Circle Square Triangle: Error code: 429 - {'error': {'message': 'Too Many Requests', 'type': 'too_many_requests', 'param': None, 'code': 'too_many_requests'}}
Failed for Ulver - Porn Piece Or The Scars Of Cold Kisses: Error code: 429 - {'error': {'message': 'Too Many Requests', 'type': 'too_many_requests', 'param': None, 'code': 'too_many_requests'}}
Failed for Testament - Disciples Of The Watch: Error code: 429 - {'error': {'message': 'Too Many Requests', 'type': 'too_many_requests', 'param': None, 'code': 'too_many_requests'}}
Failed for Skinny Puppy - Convulsion: Error code: 429 - {'error': {'message': 'Too Many Requests', 'type': 'too_many_requests', 'param': None, 'code': 'too_many_requests'}}
Failed for The Goo Goo Dolls - Without You Here: Error code: 429 - {'error': {'message': 'Too Many Requests', 'type': 'too_many_requests', 'param': None, 'code': 'too_many_requests'}}
Failed for Darkthrone - Neptune Towers: Error code: 429 - {'error': {'message': 'Too Many Requests', 'type': 'too_many_requests', 'param': None, 'code': 'too_many_requests'}}
Failed for Explosions In The Sky - Our Last Days As Children: Error code: 429 - {'error': {'message': 'Too Many Requests', 'type': 'too_many_requests', 'param': None, 'code': 'too_many_requests'}}
Failed for Incubus - Made For Tv Movie: Error code: 429 - {'error': {'message': 'Too Many Requests', 'type': 'too_many_requests', 'param': None, 'code': 'too_many_requests'}}
Failed for Nightwish - Forever Yours: Error code: 429 - {'error': {'message': 'Too Many Requests', 'type': 'too_many_requests', 'param': None, 'code': 'too_many_requests'}}
Failed for The Magnetic Fields - The Book Of Love: Error code: 429 - {'error': {'message': 'Too Many Requests', 'type': 'too_many_requests', 'param': None, 'code': 'too_many_requests'}}
Failed for The Coral - Who'S Gonna Find Me: Error code: 429 - {'error': {'message': 'Too Many Requests', 'type': 'too_many_requests', 'param': None, 'code': 'too_many_requests'}}
Failed for Elliott Smith - New Disaster: Error code: 429 - {'error': {'message': 'Too Many Requests', 'type': 'too_many_requests', 'param': None, 'code': 'too_many_requests'}}
Failed for Constantines - Young Lions: Error code: 429 - {'error': {'message': 'Too Many Requests', 'type': 'too_many_requests', 'param': None, 'code': 'too_many_requests'}}
Failed for Marilyn Manson - Doll-Dagga Buzz-Buzz Ziggety-Zag: Error code: 429 - {'error': {'message': 'Too Many Requests', 'type': 'too_many_requests', 'param': None, 'code': 'too_many_requests'}}
Failed for Slipknot - Eyeless: Error code: 429 - {'error': {'message': 'Too Many Requests', 'type': 'too_many_requests', 'param': None, 'code': 'too_many_requests'}}
Failed for Queen - The Invisible Man: Error code: 429 - {'error': {'message': 'Too Many Requests', 'type': 'too_many_requests', 'param': None, 'code': 'too_many_requests'}}
Failed for Explosions In The Sky - Day Two: Error code: 429 - {'error': {'message': 'Too Many Requests', 'type': 'too_many_requests', 'param': None, 'code': 'too_many_requests'}}
Failed for Marilyn Manson - Deformography: Error code: 429 - {'error': {'message': 'Too Many Requests', 'type': 'too_many_requests', 'param': None, 'code': 'too_many_requests'}}
Failed for The Prodigy - Wake Up Call: Error code: 429 - {'error': {'message': 'Too Many Requests', 'type': 'too_many_requests', 'param': None, 'code': 'too_many_requests'}}
Failed for Dark Tranquillity - The Treason Wall: Error code: 429 - {'error': {'message': 'Too Many Requests', 'type': 'too_many_requests', 'param': None, 'code': 'too_many_requests'}}
Failed for Slayer - Black Magic: Error code: 429 - {'error': {'message': 'Too Many Requests', 'type': 'too_many_requests', 'param': None, 'code': 'too_many_requests'}}
Failed for Slayer - Flesh Storm: Error code: 429 - {'error': {'message': 'Too Many Requests', 'type': 'too_many_requests', 'param': None, 'code': 'too_many_requests'}}
Failed for The Smashing Pumpkins - Starz: Error code: 429 - {'error': {'message': 'Too Many Requests', 'type': 'too_many_requests', 'param': None, 'code': 'too_many_requests'}}
Failed for Mewithoutyou - Bullet To Binary: Error code: 429 - {'error': {'message': 'Too Many Requests', 'type': 'too_many_requests', 'param': None, 'code': 'too_many_requests'}}
Failed for Rogue Wave - Eyes: Error code: 429 - {'error': {'message': 'Too Many Requests', 'type': 'too_many_requests', 'param': None, 'code': 'too_many_requests'}}
Failed for Spank Rock - Bump: Error code: 429 - {'error': {'message': 'Too Many Requests', 'type': 'too_many_requests', 'param': None, 'code': 'too_many_requests'}}
Failed for The Departure - All Mapped Out: Error code: 429 - {'error': {'message': 'Too Many Requests', 'type': 'too_many_requests', 'param': None, 'code': 'too_many_requests'}}
Failed for Be Your Own Pet - Fuuuuuun: Error code: 429 - {'error': {'message': 'Too Many Requests', 'type': 'too_many_requests', 'param': None, 'code': 'too_many_requests'}}
Failed for The Beatles - Maggie Mae: Error code: 429 - {'error': {'message': 'Too Many Requests', 'type': 'too_many_requests', 'param': None, 'code': 'too_many_requests'}}
Failed for Madness - My Girl: Error code: 429 - {'error': {'message': 'Too Many Requests', 'type': 'too_many_requests', 'param': None, 'code': 'too_many_requests'}}
Failed for The Cure - Kyoto Song: Error code: 429 - {'error': {'message': 'Too Many Requests', 'type': 'too_many_requests', 'param': None, 'code': 'too_many_requests'}}
Failed for Metallica - The Outlaw Torn: Error code: 429 - {'error': {'message': 'Too Many Requests', 'type': 'too_many_requests', 'param': None, 'code': 'too_many_requests'}}
Failed for Brand New - Jesus Christ: Error code: 429 - {'error': {'message': 'Too Many Requests', 'type': 'too_many_requests', 'param': None, 'code': 'too_many_requests'}}
Failed for Deus - Hotellounge (Be The Death Of Me): Error code: 429 - {'error': {'message': 'Too Many Requests', 'type': 'too_many_requests', 'param': None, 'code': 'too_many_requests'}}
Failed for Moby - 18: Error code: 429 - {'error': {'message': 'Too Many Requests', 'type': 'too_many_requests', 'param': None, 'code': 'too_many_requests'}}
Failed for Gonzales - Gogol: Error code: 429 - {'error': {'message': 'Too Many Requests', 'type': 'too_many_requests', 'param': None, 'code': 'too_many_requests'}}
Failed for Sparklehorse - Don'T Take My Sunshine Away: Error code: 429 - {'error': {'message': 'Too Many Requests', 'type': 'too_many_requests', 'param': None, 'code': 'too_many_requests'}}
Failed for Ac/Dc - It'S A Long Way To The Top: Error code: 429 - {'error': {'message': 'Too Many Requests', 'type': 'too_many_requests', 'param': None, 'code': 'too_many_requests'}}
Failed for A Place To Bury Strangers - Missing You: Error code: 429 - {'error': {'message': 'Too Many Requests', 'type': 'too_many_requests', 'param': None, 'code': 'too_many_requests'}}
Failed for Alicia Keys - Like You'Ll Never See Me Again: Error code: 429 - {'error': {'message': 'Too Many Requests', 'type': 'too_many_requests', 'param': None, 'code': 'too_many_requests'}}
Failed for The Pogues - If I Should Fall From Grace With God: Error code: 429 - {'error': {'message': 'Too Many Requests', 'type': 'too_many_requests', 'param': None, 'code': 'too_many_requests'}}
Failed for Madonna - Hung Up (Radio Version): Error code: 429 - {'error': {'message': 'Too Many Requests', 'type': 'too_many_requests', 'param': None, 'code': 'too_many_requests'}}
Failed for Crossover - I Know Your Face: Error code: 429 - {'error': {'message': 'Too Many Requests', 'type': 'too_many_requests', 'param': None, 'code': 'too_many_requests'}}
Failed for Johnny Cash - Hey Porter: Error code: 429 - {'error': {'message': 'Too Many Requests', 'type': 'too_many_requests', 'param': None, 'code': 'too_many_requests'}}
Failed for Jimi Hendrix - Burning Of The Midnight Lamp: Error code: 429 - {'error': {'message': 'Too Many Requests', 'type': 'too_many_requests', 'param': None, 'code': 'too_many_requests'}}
Failed for El Perro Del Mar - God Knows (You Gotta Give To Get): Error code: 429 - {'error': {'message': 'Too Many Requests', 'type': 'too_many_requests', 'param': None, 'code': 'too_many_requests'}}
Failed for New Order - Vanishing Point: Error code: 429 - {'error': {'message': 'Too Many Requests', 'type': 'too_many_requests', 'param': None, 'code': 'too_many_requests'}}
Failed for Aphex Twin - Acrid Avid Jam Shred: Error code: 429 - {'error': {'message': 'Too Many Requests', 'type': 'too_many_requests', 'param': None, 'code': 'too_many_requests'}}
Failed for Junior Boys - Caught In A Wave: Error code: 429 - {'error': {'message': 'Too Many Requests', 'type': 'too_many_requests', 'param': None, 'code': 'too_many_requests'}}
Failed for Babyshambles - Loyalty Song: Error code: 429 - {'error': {'message': 'Too Many Requests', 'type': 'too_many_requests', 'param': None, 'code': 'too_many_requests'}}
Failed for The Used - Yesterday'S Feelings: Error code: 429 - {'error': {'message': 'Too Many Requests', 'type': 'too_many_requests', 'param': None, 'code': 'too_many_requests'}}
Failed for Sparks - The Number One Song In Heaven: Error code: 429 - {'error': {'message': 'Too Many Requests', 'type': 'too_many_requests', 'param': None, 'code': 'too_many_requests'}}
Failed for Zeigeist - Dawn/Night: Error code: 429 - {'error': {'message': 'Too Many Requests', 'type': 'too_many_requests', 'param': None, 'code': 'too_many_requests'}}
2000/2988 done
Failed for Backstreet Boys - Helpless When She Smiles: Error code: 429 - {'error': {'message': 'Too Many Requests', 'type': 'too_many_requests', 'param': None, 'code': 'too_many_requests'}}
Failed for Blind Guardian - Bright Eyes: Error code: 429 - {'error': {'message': 'Too Many Requests', 'type': 'too_many_requests', 'param': None, 'code': 'too_many_requests'}}
Failed for Television - Prove It: Error code: 429 - {'error': {'message': 'Too Many Requests', 'type': 'too_many_requests', 'param': None, 'code': 'too_many_requests'}}
Failed for Carly Simon - You'Re So Vain: Error code: 429 - {'error': {'message': 'Too Many Requests', 'type': 'too_many_requests', 'param': None, 'code': 'too_many_requests'}}
Failed for Johnny Cash - I Got Stripes: Error code: 429 - {'error': {'message': 'Too Many Requests', 'type': 'too_many_requests', 'param': None, 'code': 'too_many_requests'}}
Failed for Anna Nalick - In My Head: Error code: 429 - {'error': {'message': 'Too Many Requests', 'type': 'too_many_requests', 'param': None, 'code': 'too_many_requests'}}
Failed for Crystal Castles - Mother Knows Best: Error code: 429 - {'error': {'message': 'Too Many Requests', 'type': 'too_many_requests', 'param': None, 'code': 'too_many_requests'}}
Failed for Yonderboi - Pabadam: Error code: 429 - {'error': {'message': 'Too Many Requests', 'type': 'too_many_requests', 'param': None, 'code': 'too_many_requests'}}
Failed for Bullet For My Valentine - Hit The Floor: Error code: 429 - {'error': {'message': 'Too Many Requests', 'type': 'too_many_requests', 'param': None, 'code': 'too_many_requests'}}
Failed for The Kinks - The Village Green Preservation Society: Error code: 429 - {'error': {'message': 'Too Many Requests', 'type': 'too_many_requests', 'param': None, 'code': 'too_many_requests'}}
Failed for Infected Mushroom - Vicious Delicious: Error code: 429 - {'error': {'message': 'Too Many Requests', 'type': 'too_many_requests', 'param': None, 'code': 'too_many_requests'}}
Failed for Garbage - Can'T Cry These Tears: Error code: 429 - {'error': {'message': 'Too Many Requests', 'type': 'too_many_requests', 'param': None, 'code': 'too_many_requests'}}
Failed for Feindflug - Truppenschau: Error code: 429 - {'error': {'message': 'Too Many Requests', 'type': 'too_many_requests', 'param': None, 'code': 'too_many_requests'}}
Failed for The Dresden Dolls - Slide: Error code: 429 - {'error': {'message': 'Too Many Requests', 'type': 'too_many_requests', 'param': None, 'code': 'too_many_requests'}}
Failed for Isis - In Fiction: Error code: 429 - {'error': {'message': 'Too Many Requests', 'type': 'too_many_requests', 'param': None, 'code': 'too_many_requests'}}
Failed for Roxy Music - Jealous Guy: Error code: 429 - {'error': {'message': 'Too Many Requests', 'type': 'too_many_requests', 'param': None, 'code': 'too_many_requests'}}
Failed for Tool - Flood: Error code: 429 - {'error': {'message': 'Too Many Requests', 'type': 'too_many_requests', 'param': None, 'code': 'too_many_requests'}}
Failed for The Goo Goo Dolls - Bullet Proof: Error code: 429 - {'error': {'message': 'Too Many Requests', 'type': 'too_many_requests', 'param': None, 'code': 'too_many_requests'}}
Failed for The Gathering - Alone: Error code: 429 - {'error': {'message': 'Too Many Requests', 'type': 'too_many_requests', 'param': None, 'code': 'too_many_requests'}}
Failed for Burial - Night Bus: Error code: 429 - {'error': {'message': 'Too Many Requests', 'type': 'too_many_requests', 'param': None, 'code': 'too_many_requests'}}
Failed for Iamx - S.H.E.: Error code: 429 - {'error': {'message': 'Too Many Requests', 'type': 'too_many_requests', 'param': None, 'code': 'too_many_requests'}}
Failed for T.A.T.U. - Friend Or Foe: Error code: 429 - {'error': {'message': 'Too Many Requests', 'type': 'too_many_requests', 'param': None, 'code': 'too_many_requests'}}
Failed for Against Me! - Problems: Error code: 429 - {'error': {'message': 'Too Many Requests', 'type': 'too_many_requests', 'param': None, 'code': 'too_many_requests'}}
Failed for John Mayer - My Stupid Mouth: Error code: 429 - {'error': {'message': 'Too Many Requests', 'type': 'too_many_requests', 'param': None, 'code': 'too_many_requests'}}
Failed for Sigur Rós - All Alright: Error code: 429 - {'error': {'message': 'Too Many Requests', 'type': 'too_many_requests', 'param': None, 'code': 'too_many_requests'}}
Failed for The Verve - Blue: Error code: 429 - {'error': {'message': 'Too Many Requests', 'type': 'too_many_requests', 'param': None, 'code': 'too_many_requests'}}
Failed for Stone Sour - Zzyzx Rd.: Error code: 429 - {'error': {'message': 'Too Many Requests', 'type': 'too_many_requests', 'param': None, 'code': 'too_many_requests'}}
Failed for Story Of The Year - Until The Day I Die: Error code: 429 - {'error': {'message': 'Too Many Requests', 'type': 'too_many_requests', 'param': None, 'code': 'too_many_requests'}}
Failed for Bloodhound Gang - Uhn Tiss Uhn Tiss Uhn Tiss: Error code: 429 - {'error': {'message': 'Too Many Requests', 'type': 'too_many_requests', 'param': None, 'code': 'too_many_requests'}}
Failed for Lucybell - Mataz: Error code: 429 - {'error': {'message': 'Too Many Requests', 'type': 'too_many_requests', 'param': None, 'code': 'too_many_requests'}}
Failed for Bob Sinclar - Rock This Party: Error code: 429 - {'error': {'message': 'Too Many Requests', 'type': 'too_many_requests', 'param': None, 'code': 'too_many_requests'}}
Failed for The Smashing Pumpkins - Farewell And Goodnight: Error code: 429 - {'error': {'message': 'Too Many Requests', 'type': 'too_many_requests', 'param': None, 'code': 'too_many_requests'}}
Failed for Final Fantasy - Please Please Please: Error code: 429 - {'error': {'message': 'Too Many Requests', 'type': 'too_many_requests', 'param': None, 'code': 'too_many_requests'}}
Failed for White Lies - Fifty On Our Foreheads: Error code: 429 - {'error': {'message': 'Too Many Requests', 'type': 'too_many_requests', 'param': None, 'code': 'too_many_requests'}}
Failed for Moby - Slipping Away: Error code: 429 - {'error': {'message': 'Too Many Requests', 'type': 'too_many_requests', 'param': None, 'code': 'too_many_requests'}}
Failed for Taking Back Sunday - Cute Without The 'E': Error code: 429 - {'error': {'message': 'Too Many Requests', 'type': 'too_many_requests', 'param': None, 'code': 'too_many_requests'}}
Failed for Brand New - [Untitled]: Error code: 429 - {'error': {'message': 'Too Many Requests', 'type': 'too_many_requests', 'param': None, 'code': 'too_many_requests'}}
Failed for Antony And The Johnsons - Rapture: Error code: 429 - {'error': {'message': 'Too Many Requests', 'type': 'too_many_requests', 'param': None, 'code': 'too_many_requests'}}
Failed for Alexisonfire - Accidents: Error code: 429 - {'error': {'message': 'Too Many Requests', 'type': 'too_many_requests', 'param': None, 'code': 'too_many_requests'}}
Failed for Aimee Mann - Goodbye Caroline: Error code: 429 - {'error': {'message': 'Too Many Requests', 'type': 'too_many_requests', 'param': None, 'code': 'too_many_requests'}}
Failed for Ambulance Ltd - Swim: Error code: 429 - {'error': {'message': 'Too Many Requests', 'type': 'too_many_requests', 'param': None, 'code': 'too_many_requests'}}
Failed for Esthero - Thank Heaven For You: Error code: 429 - {'error': {'message': 'Too Many Requests', 'type': 'too_many_requests', 'param': None, 'code': 'too_many_requests'}}
Failed for Datarock - Maybelline: Error code: 429 - {'error': {'message': 'Too Many Requests', 'type': 'too_many_requests', 'param': None, 'code': 'too_many_requests'}}
Failed for Gogol Bordello - Illumination: Error code: 429 - {'error': {'message': 'Too Many Requests', 'type': 'too_many_requests', 'param': None, 'code': 'too_many_requests'}}
Failed for Opeth - Wreath: Error code: 429 - {'error': {'message': 'Too Many Requests', 'type': 'too_many_requests', 'param': None, 'code': 'too_many_requests'}}
Failed for Dashboard Confessional - The Swiss Army Romance: Error code: 429 - {'error': {'message': 'Too Many Requests', 'type': 'too_many_requests', 'param': None, 'code': 'too_many_requests'}}
Failed for Nas - Memory Lane (Sittin' In Da Park): Error code: 429 - {'error': {'message': 'Too Many Requests', 'type': 'too_many_requests', 'param': None, 'code': 'too_many_requests'}}
Failed for Télépopmusik - Close: Error code: 429 - {'error': {'message': 'Too Many Requests', 'type': 'too_many_requests', 'param': None, 'code': 'too_many_requests'}}
Failed for Devendra Banhart - See Saw: Error code: 429 - {'error': {'message': 'Too Many Requests', 'type': 'too_many_requests', 'param': None, 'code': 'too_many_requests'}}
Failed for The Hives - T.H.E.H.I.V.E.S.: Error code: 429 - {'error': {'message': 'Too Many Requests', 'type': 'too_many_requests', 'param': None, 'code': 'too_many_requests'}}
Failed for Manfred Mann'S Earth Band - Blinded By The Light: Error code: 429 - {'error': {'message': 'Too Many Requests', 'type': 'too_many_requests', 'param': None, 'code': 'too_many_requests'}}
Failed for Mastodon - Shadows That Move: Error code: 429 - {'error': {'message': 'Too Many Requests', 'type': 'too_many_requests', 'param': None, 'code': 'too_many_requests'}}
Failed for Ayreon - Day Four: Mystery: Error code: 429 - {'error': {'message': 'Too Many Requests', 'type': 'too_many_requests', 'param': None, 'code': 'too_many_requests'}}
Failed for Yellowcard - The Takedown: Error code: 429 - {'error': {'message': 'Too Many Requests', 'type': 'too_many_requests', 'param': None, 'code': 'too_many_requests'}}
Failed for Dream Theater - About To Crash: Error code: 429 - {'error': {'message': 'Too Many Requests', 'type': 'too_many_requests', 'param': None, 'code': 'too_many_requests'}}
Failed for Static-X - Cold: Error code: 429 - {'error': {'message': 'Too Many Requests', 'type': 'too_many_requests', 'param': None, 'code': 'too_many_requests'}}
Failed for Death Cab For Cutie - Two Cars: Error code: 429 - {'error': {'message': 'Too Many Requests', 'type': 'too_many_requests', 'param': None, 'code': 'too_many_requests'}}
Failed for The Horrors - Draw Japan: Error code: 429 - {'error': {'message': 'Too Many Requests', 'type': 'too_many_requests', 'param': None, 'code': 'too_many_requests'}}
Failed for The Format - Oceans: Error code: 429 - {'error': {'message': 'Too Many Requests', 'type': 'too_many_requests', 'param': None, 'code': 'too_many_requests'}}
Failed for The Hoosiers - Goodbye Mr A: Error code: 429 - {'error': {'message': 'Too Many Requests', 'type': 'too_many_requests', 'param': None, 'code': 'too_many_requests'}}
Failed for Rush - Workin' Them Angels: Error code: 429 - {'error': {'message': 'Too Many Requests', 'type': 'too_many_requests', 'param': None, 'code': 'too_many_requests'}}
Failed for Modeselektor - Godspeed: Error code: 429 - {'error': {'message': 'Too Many Requests', 'type': 'too_many_requests', 'param': None, 'code': 'too_many_requests'}}
Failed for Tristania - Heretique: Error code: 429 - {'error': {'message': 'Too Many Requests', 'type': 'too_many_requests', 'param': None, 'code': 'too_many_requests'}}
Failed for Neutral Milk Hotel - Fool: Error code: 429 - {'error': {'message': 'Too Many Requests', 'type': 'too_many_requests', 'param': None, 'code': 'too_many_requests'}}
Failed for Van Halen - Jamie'S Cryin': Error code: 429 - {'error': {'message': 'Too Many Requests', 'type': 'too_many_requests', 'param': None, 'code': 'too_many_requests'}}
Failed for Abba - Thank You For The Music: Error code: 429 - {'error': {'message': 'Too Many Requests', 'type': 'too_many_requests', 'param': None, 'code': 'too_many_requests'}}
Failed for Eels - Last Stop: This Town: Error code: 429 - {'error': {'message': 'Too Many Requests', 'type': 'too_many_requests', 'param': None, 'code': 'too_many_requests'}}
Failed for Panzer Ag - Introduction Of The Damned: Error code: 429 - {'error': {'message': 'Too Many Requests', 'type': 'too_many_requests', 'param': None, 'code': 'too_many_requests'}}
Failed for Moderat - A New Error: Error code: 429 - {'error': {'message': 'Too Many Requests', 'type': 'too_many_requests', 'param': None, 'code': 'too_many_requests'}}
Failed for Moby - My Weakness: Error code: 429 - {'error': {'message': 'Too Many Requests', 'type': 'too_many_requests', 'param': None, 'code': 'too_many_requests'}}
Failed for Tom Waits - Alice: Error code: 429 - {'error': {'message': 'Too Many Requests', 'type': 'too_many_requests', 'param': None, 'code': 'too_many_requests'}}
Failed for Mana - Bendita Tu Luz: Error code: 429 - {'error': {'message': 'Too Many Requests', 'type': 'too_many_requests', 'param': None, 'code': 'too_many_requests'}}
Failed for The Veronicas - 4Ever: Error code: 429 - {'error': {'message': 'Too Many Requests', 'type': 'too_many_requests', 'param': None, 'code': 'too_many_requests'}}
Failed for Brazilian Girls - Corner Store: Error code: 429 - {'error': {'message': 'Too Many Requests', 'type': 'too_many_requests', 'param': None, 'code': 'too_many_requests'}}
Failed for Yello - Oh Yeah: Error code: 429 - {'error': {'message': 'Too Many Requests', 'type': 'too_many_requests', 'param': None, 'code': 'too_many_requests'}}
Failed for Black Sabbath - Symptom Of The Universe: Error code: 429 - {'error': {'message': 'Too Many Requests', 'type': 'too_many_requests', 'param': None, 'code': 'too_many_requests'}}
Failed for The Doors - We Could Be So Good Together: Error code: 429 - {'error': {'message': 'Too Many Requests', 'type': 'too_many_requests', 'param': None, 'code': 'too_many_requests'}}
Failed for Gossip - Coal To Diamonds: Error code: 429 - {'error': {'message': 'Too Many Requests', 'type': 'too_many_requests', 'param': None, 'code': 'too_many_requests'}}
Failed for Velvet Revolver - Illegal I Song: Error code: 429 - {'error': {'message': 'Too Many Requests', 'type': 'too_many_requests', 'param': None, 'code': 'too_many_requests'}}
Failed for Eurythmics - I Saved The World Today: Error code: 429 - {'error': {'message': 'Too Many Requests', 'type': 'too_many_requests', 'param': None, 'code': 'too_many_requests'}}
Failed for Tori Amos - Past The Mission: Error code: 429 - {'error': {'message': 'Too Many Requests', 'type': 'too_many_requests', 'param': None, 'code': 'too_many_requests'}}
Failed for De-Phazz - Jazz Music: Error code: 429 - {'error': {'message': 'Too Many Requests', 'type': 'too_many_requests', 'param': None, 'code': 'too_many_requests'}}
Failed for The Sounds - Night After Night (Alternative Version): Error code: 429 - {'error': {'message': 'Too Many Requests', 'type': 'too_many_requests', 'param': None, 'code': 'too_many_requests'}}
Failed for We Are Scientists - Dinosaurs: Error code: 429 - {'error': {'message': 'Too Many Requests', 'type': 'too_many_requests', 'param': None, 'code': 'too_many_requests'}}
Failed for 3 Doors Down - Running Out Of Days: Error code: 429 - {'error': {'message': 'Too Many Requests', 'type': 'too_many_requests', 'param': None, 'code': 'too_many_requests'}}
Failed for Placebo - Broken Promise: Error code: 429 - {'error': {'message': 'Too Many Requests', 'type': 'too_many_requests', 'param': None, 'code': 'too_many_requests'}}
Failed for Gogol Bordello - Dub The Frequencies Of Love: Error code: 429 - {'error': {'message': 'Too Many Requests', 'type': 'too_many_requests', 'param': None, 'code': 'too_many_requests'}}
Failed for Death - Sacred Serenity: Error code: 429 - {'error': {'message': 'Too Many Requests', 'type': 'too_many_requests', 'param': None, 'code': 'too_many_requests'}}
Failed for Apocalyptica - Grace: Error code: 429 - {'error': {'message': 'Too Many Requests', 'type': 'too_many_requests', 'param': None, 'code': 'too_many_requests'}}
Failed for Infected Mushroom - Forgive Me: Error code: 429 - {'error': {'message': 'Too Many Requests', 'type': 'too_many_requests', 'param': None, 'code': 'too_many_requests'}}
Failed for John Frusciante - The Past Recedes: Error code: 429 - {'error': {'message': 'Too Many Requests', 'type': 'too_many_requests', 'param': None, 'code': 'too_many_requests'}}
Failed for Pavement - Type Slowly: Error code: 429 - {'error': {'message': 'Too Many Requests', 'type': 'too_many_requests', 'param': None, 'code': 'too_many_requests'}}
Failed for Backyard Babies - Look At You: Error code: 429 - {'error': {'message': 'Too Many Requests', 'type': 'too_many_requests', 'param': None, 'code': 'too_many_requests'}}
Failed for U2 - So Cruel: Error code: 429 - {'error': {'message': 'Too Many Requests', 'type': 'too_many_requests', 'param': None, 'code': 'too_many_requests'}}
Failed for Spiritualized - Yeah Yeah: Error code: 429 - {'error': {'message': 'Too Many Requests', 'type': 'too_many_requests', 'param': None, 'code': 'too_many_requests'}}
Failed for Kill Hannah - Love You To Death: Error code: 429 - {'error': {'message': 'Too Many Requests', 'type': 'too_many_requests', 'param': None, 'code': 'too_many_requests'}}
2100/2988 done
Failed for Kill Hannah - Songs That Saved My Life: Error code: 429 - {'error': {'message': 'Too Many Requests', 'type': 'too_many_requests', 'param': None, 'code': 'too_many_requests'}}
Failed for The Beach Boys - Surfin' Usa: Error code: 429 - {'error': {'message': 'Too Many Requests', 'type': 'too_many_requests', 'param': None, 'code': 'too_many_requests'}}
Failed for The Mountain Goats - Color In Your Cheeks: Error code: 429 - {'error': {'message': 'Too Many Requests', 'type': 'too_many_requests', 'param': None, 'code': 'too_many_requests'}}
Failed for Craig David - Rise And Fall (Feat. Sting): Error code: 429 - {'error': {'message': 'Too Many Requests', 'type': 'too_many_requests', 'param': None, 'code': 'too_many_requests'}}
Failed for The Yardbirds - For Your Love: Error code: 429 - {'error': {'message': 'Too Many Requests', 'type': 'too_many_requests', 'param': None, 'code': 'too_many_requests'}}
Failed for Cradle Of Filth - Her Ghost In The Fog: Error code: 429 - {'error': {'message': 'Too Many Requests', 'type': 'too_many_requests', 'param': None, 'code': 'too_many_requests'}}
Failed for Mc5 - Kick Out The Jams: Error code: 429 - {'error': {'message': 'Too Many Requests', 'type': 'too_many_requests', 'param': None, 'code': 'too_many_requests'}}
Failed for Bright Eyes - Devil In The Details: Error code: 429 - {'error': {'message': 'Too Many Requests', 'type': 'too_many_requests', 'param': None, 'code': 'too_many_requests'}}
Failed for Kent - Sundance Kid: Error code: 429 - {'error': {'message': 'Too Many Requests', 'type': 'too_many_requests', 'param': None, 'code': 'too_many_requests'}}
Failed for Eluvium - Genius And The Thieves: Error code: 429 - {'error': {'message': 'Too Many Requests', 'type': 'too_many_requests', 'param': None, 'code': 'too_many_requests'}}
Failed for Atlas Sound - River Card: Error code: 429 - {'error': {'message': 'Too Many Requests', 'type': 'too_many_requests', 'param': None, 'code': 'too_many_requests'}}
Failed for Kent - Du Var Min Armé: Error code: 429 - {'error': {'message': 'Too Many Requests', 'type': 'too_many_requests', 'param': None, 'code': 'too_many_requests'}}
Failed for Aly & Aj - Like Whoa: Error code: 429 - {'error': {'message': 'Too Many Requests', 'type': 'too_many_requests', 'param': None, 'code': 'too_many_requests'}}
Failed for Pink Floyd - Lost For Words: Error code: 429 - {'error': {'message': 'Too Many Requests', 'type': 'too_many_requests', 'param': None, 'code': 'too_many_requests'}}
Failed for Iron Maiden - From Here To Eternity: Error code: 429 - {'error': {'message': 'Too Many Requests', 'type': 'too_many_requests', 'param': None, 'code': 'too_many_requests'}}
Failed for Nevermore - We Disintegrate: Error code: 429 - {'error': {'message': 'Too Many Requests', 'type': 'too_many_requests', 'param': None, 'code': 'too_many_requests'}}
Failed for Trivium - Dying In Your Arms: Error code: 429 - {'error': {'message': 'Too Many Requests', 'type': 'too_many_requests', 'param': None, 'code': 'too_many_requests'}}
Failed for Coldplay - Careful Where You Stand: Error code: 429 - {'error': {'message': 'Too Many Requests', 'type': 'too_many_requests', 'param': None, 'code': 'too_many_requests'}}
Failed for Uverworld - D-Tecnolife (Tvサイズ): Error code: 429 - {'error': {'message': 'Too Many Requests', 'type': 'too_many_requests', 'param': None, 'code': 'too_many_requests'}}
Failed for Aphex Twin - Yellow Calx: Error code: 429 - {'error': {'message': 'Too Many Requests', 'type': 'too_many_requests', 'param': None, 'code': 'too_many_requests'}}
Failed for My Bloody Valentine - Off Your Face: Error code: 429 - {'error': {'message': 'Too Many Requests', 'type': 'too_many_requests', 'param': None, 'code': 'too_many_requests'}}
Failed for Feeder - Seven Days In The Sun: Error code: 429 - {'error': {'message': 'Too Many Requests', 'type': 'too_many_requests', 'param': None, 'code': 'too_many_requests'}}
Failed for Evanescence - Away From Me: Error code: 429 - {'error': {'message': 'Too Many Requests', 'type': 'too_many_requests', 'param': None, 'code': 'too_many_requests'}}
Failed for Rise Against - The Good Left Undone: Error code: 429 - {'error': {'message': 'Too Many Requests', 'type': 'too_many_requests', 'param': None, 'code': 'too_many_requests'}}
Failed for Evanescence - Before The Dawn: Error code: 429 - {'error': {'message': 'Too Many Requests', 'type': 'too_many_requests', 'param': None, 'code': 'too_many_requests'}}
Failed for John Legend - Alright: Error code: 429 - {'error': {'message': 'Too Many Requests', 'type': 'too_many_requests', 'param': None, 'code': 'too_many_requests'}}
Failed for Thievery Corporation - The Heart'S A Lonely Hunter (Feat. David Byrne): Error code: 429 - {'error': {'message': 'Too Many Requests', 'type': 'too_many_requests', 'param': None, 'code': 'too_many_requests'}}
Failed for Le Sport - Tell No One About Tonight: Error code: 429 - {'error': {'message': 'Too Many Requests', 'type': 'too_many_requests', 'param': None, 'code': 'too_many_requests'}}
Failed for Tom Vek - If I Had Changed My Mind: Error code: 429 - {'error': {'message': 'Too Many Requests', 'type': 'too_many_requests', 'param': None, 'code': 'too_many_requests'}}
Failed for Fiona Apple - Red Red Red: Error code: 429 - {'error': {'message': 'Too Many Requests', 'type': 'too_many_requests', 'param': None, 'code': 'too_many_requests'}}
Failed for Bruce Springsteen - Magic: Error code: 429 - {'error': {'message': 'Too Many Requests', 'type': 'too_many_requests', 'param': None, 'code': 'too_many_requests'}}
Failed for Bat For Lashes - Pearl'S Dream: Error code: 429 - {'error': {'message': 'Too Many Requests', 'type': 'too_many_requests', 'param': None, 'code': 'too_many_requests'}}
Failed for Oh No Oh My - Walk In The Park: Error code: 429 - {'error': {'message': 'Too Many Requests', 'type': 'too_many_requests', 'param': None, 'code': 'too_many_requests'}}
Failed for Maria Taylor - Clean Getaway: Error code: 429 - {'error': {'message': 'Too Many Requests', 'type': 'too_many_requests', 'param': None, 'code': 'too_many_requests'}}
Failed for Queen - Great King Rat: Error code: 429 - {'error': {'message': 'Too Many Requests', 'type': 'too_many_requests', 'param': None, 'code': 'too_many_requests'}}
Failed for T. Rex - Mambo Sun: Error code: 429 - {'error': {'message': 'Too Many Requests', 'type': 'too_many_requests', 'param': None, 'code': 'too_many_requests'}}
Failed for Nelly Furtado - Somebody To Love: Error code: 429 - {'error': {'message': 'Too Many Requests', 'type': 'too_many_requests', 'param': None, 'code': 'too_many_requests'}}
Failed for Judas Priest - United: Error code: 429 - {'error': {'message': 'Too Many Requests', 'type': 'too_many_requests', 'param': None, 'code': 'too_many_requests'}}
Failed for Venetian Snares - Hajnal: Error code: 429 - {'error': {'message': 'Too Many Requests', 'type': 'too_many_requests', 'param': None, 'code': 'too_many_requests'}}
Failed for The Raveonettes - Red Tan: Error code: 429 - {'error': {'message': 'Too Many Requests', 'type': 'too_many_requests', 'param': None, 'code': 'too_many_requests'}}
Failed for Aerosmith - Fly Away From Here: Error code: 429 - {'error': {'message': 'Too Many Requests', 'type': 'too_many_requests', 'param': None, 'code': 'too_many_requests'}}
Failed for Run-D.M.C. - It'S Tricky: Error code: 429 - {'error': {'message': 'Too Many Requests', 'type': 'too_many_requests', 'param': None, 'code': 'too_many_requests'}}
Failed for Craig Armstrong - Leaving Paris: Error code: 429 - {'error': {'message': 'Too Many Requests', 'type': 'too_many_requests', 'param': None, 'code': 'too_many_requests'}}
Failed for Brian Eno - Here Come The Warm Jets: Error code: 429 - {'error': {'message': 'Too Many Requests', 'type': 'too_many_requests', 'param': None, 'code': 'too_many_requests'}}
Failed for John Legend - She Don'T Have To Know: Error code: 429 - {'error': {'message': 'Too Many Requests', 'type': 'too_many_requests', 'param': None, 'code': 'too_many_requests'}}
Failed for Jimmy Eat World - Gotta Be Somebody'S Blues: Error code: 429 - {'error': {'message': 'Too Many Requests', 'type': 'too_many_requests', 'param': None, 'code': 'too_many_requests'}}
Failed for Fleet Foxes - Sun Giant: Error code: 429 - {'error': {'message': 'Too Many Requests', 'type': 'too_many_requests', 'param': None, 'code': 'too_many_requests'}}
Failed for Buzzcocks - Fast Cars: Error code: 429 - {'error': {'message': 'Too Many Requests', 'type': 'too_many_requests', 'param': None, 'code': 'too_many_requests'}}
Failed for Pink Floyd - Speak To Me / Breathe / On The Run: Error code: 429 - {'error': {'message': 'Too Many Requests', 'type': 'too_many_requests', 'param': None, 'code': 'too_many_requests'}}
Failed for A Perfect Circle - Freedom Of Choice: Error code: 429 - {'error': {'message': 'Too Many Requests', 'type': 'too_many_requests', 'param': None, 'code': 'too_many_requests'}}
Failed for Sentenced - A Long Way To Nowhere: Error code: 429 - {'error': {'message': 'Too Many Requests', 'type': 'too_many_requests', 'param': None, 'code': 'too_many_requests'}}
Failed for Depeche Mode - Dressed In Black: Error code: 429 - {'error': {'message': 'Too Many Requests', 'type': 'too_many_requests', 'param': None, 'code': 'too_many_requests'}}
Failed for Atb - Hold You: Error code: 429 - {'error': {'message': 'Too Many Requests', 'type': 'too_many_requests', 'param': None, 'code': 'too_many_requests'}}
Failed for Wolfmother - Vagabond: Error code: 429 - {'error': {'message': 'Too Many Requests', 'type': 'too_many_requests', 'param': None, 'code': 'too_many_requests'}}
Failed for British Sea Power - Apologies To Insect Life: Error code: 429 - {'error': {'message': 'Too Many Requests', 'type': 'too_many_requests', 'param': None, 'code': 'too_many_requests'}}
Failed for Rise Against - Chamber The Cartridge: Error code: 429 - {'error': {'message': 'Too Many Requests', 'type': 'too_many_requests', 'param': None, 'code': 'too_many_requests'}}
Failed for Ott - Splitting An Atom: Error code: 429 - {'error': {'message': 'Too Many Requests', 'type': 'too_many_requests', 'param': None, 'code': 'too_many_requests'}}
Failed for A Perfect Circle - People Are People: Error code: 429 - {'error': {'message': 'Too Many Requests', 'type': 'too_many_requests', 'param': None, 'code': 'too_many_requests'}}
Failed for Silversun Pickups - ...All The Go Inbetweens: Error code: 429 - {'error': {'message': 'Too Many Requests', 'type': 'too_many_requests', 'param': None, 'code': 'too_many_requests'}}
Failed for Fleet Foxes - English House: Error code: 429 - {'error': {'message': 'Too Many Requests', 'type': 'too_many_requests', 'param': None, 'code': 'too_many_requests'}}
Failed for Erasure - Oh L'Amour: Error code: 429 - {'error': {'message': 'Too Many Requests', 'type': 'too_many_requests', 'param': None, 'code': 'too_many_requests'}}
Failed for Eagles Of Death Metal - Speaking In Tongues: Error code: 429 - {'error': {'message': 'Too Many Requests', 'type': 'too_many_requests', 'param': None, 'code': 'too_many_requests'}}
Failed for Håkan Hellström - Känn Ingen Sorg För Mig Göteborg: Error code: 429 - {'error': {'message': 'Too Many Requests', 'type': 'too_many_requests', 'param': None, 'code': 'too_many_requests'}}
Failed for Deftones - 7 Words: Error code: 429 - {'error': {'message': 'Too Many Requests', 'type': 'too_many_requests', 'param': None, 'code': 'too_many_requests'}}
Failed for Phoenix - Love For Granted: Error code: 429 - {'error': {'message': 'Too Many Requests', 'type': 'too_many_requests', 'param': None, 'code': 'too_many_requests'}}
Failed for Talvin Singh - Traveller (Kid Loco'S Once Upon A Time In The East Mix): Error code: 429 - {'error': {'message': 'Too Many Requests', 'type': 'too_many_requests', 'param': None, 'code': 'too_many_requests'}}
Failed for Bitter:Sweet - Bittersweet Faith: Error code: 429 - {'error': {'message': 'Too Many Requests', 'type': 'too_many_requests', 'param': None, 'code': 'too_many_requests'}}
Failed for Róisín Murphy - Sinking Feeling: Error code: 429 - {'error': {'message': 'Too Many Requests', 'type': 'too_many_requests', 'param': None, 'code': 'too_many_requests'}}
Failed for Nouvelle Vague - Let Me Go: Error code: 429 - {'error': {'message': 'Too Many Requests', 'type': 'too_many_requests', 'param': None, 'code': 'too_many_requests'}}
Failed for Emilíana Torrini - Summerbreeze: Error code: 429 - {'error': {'message': 'Too Many Requests', 'type': 'too_many_requests', 'param': None, 'code': 'too_many_requests'}}
Failed for Leaves' Eyes - Into Your Light: Error code: 429 - {'error': {'message': 'Too Many Requests', 'type': 'too_many_requests', 'param': None, 'code': 'too_many_requests'}}
Failed for The Beach Boys - I Just Wasn'T Made For These Times: Error code: 429 - {'error': {'message': 'Too Many Requests', 'type': 'too_many_requests', 'param': None, 'code': 'too_many_requests'}}
Failed for The Cribs - The New Fellas: Error code: 429 - {'error': {'message': 'Too Many Requests', 'type': 'too_many_requests', 'param': None, 'code': 'too_many_requests'}}
Failed for The Cribs - Women'S Needs: Error code: 429 - {'error': {'message': 'Too Many Requests', 'type': 'too_many_requests', 'param': None, 'code': 'too_many_requests'}}
Failed for Little Boots - Stuck On Repeat: Error code: 429 - {'error': {'message': 'Too Many Requests', 'type': 'too_many_requests', 'param': None, 'code': 'too_many_requests'}}
Failed for Nine Inch Nails - 14 Ghosts Ii: Error code: 429 - {'error': {'message': 'Too Many Requests', 'type': 'too_many_requests', 'param': None, 'code': 'too_many_requests'}}
Failed for Nine Inch Nails - 16 Ghosts Ii: Error code: 429 - {'error': {'message': 'Too Many Requests', 'type': 'too_many_requests', 'param': None, 'code': 'too_many_requests'}}
Failed for Ladytron - Versus: Error code: 429 - {'error': {'message': 'Too Many Requests', 'type': 'too_many_requests', 'param': None, 'code': 'too_many_requests'}}
Failed for Nelly Furtado - The Grass Is Green: Error code: 429 - {'error': {'message': 'Too Many Requests', 'type': 'too_many_requests', 'param': None, 'code': 'too_many_requests'}}
Failed for Franz Ferdinand - Shopping For Blood: Error code: 429 - {'error': {'message': 'Too Many Requests', 'type': 'too_many_requests', 'param': None, 'code': 'too_many_requests'}}
Failed for Cocorosie - Lyla: Error code: 429 - {'error': {'message': 'Too Many Requests', 'type': 'too_many_requests', 'param': None, 'code': 'too_many_requests'}}
Failed for Vast - Three Doors: Error code: 429 - {'error': {'message': 'Too Many Requests', 'type': 'too_many_requests', 'param': None, 'code': 'too_many_requests'}}
Failed for Guns N' Roses - Used To Love Her: Error code: 429 - {'error': {'message': 'Too Many Requests', 'type': 'too_many_requests', 'param': None, 'code': 'too_many_requests'}}
Failed for Nena - 99 Red Balloons: Error code: 429 - {'error': {'message': 'Too Many Requests', 'type': 'too_many_requests', 'param': None, 'code': 'too_many_requests'}}
Failed for Flogging Molly - Devil'S Dance Floor: Error code: 429 - {'error': {'message': 'Too Many Requests', 'type': 'too_many_requests', 'param': None, 'code': 'too_many_requests'}}
Failed for Röyksopp - It'S What I Want: Error code: 429 - {'error': {'message': 'Too Many Requests', 'type': 'too_many_requests', 'param': None, 'code': 'too_many_requests'}}
Failed for The Radio Dept. - It'S Been Eight Years: Error code: 429 - {'error': {'message': 'Too Many Requests', 'type': 'too_many_requests', 'param': None, 'code': 'too_many_requests'}}
Failed for Soilwork - Sick Heart River: Error code: 429 - {'error': {'message': 'Too Many Requests', 'type': 'too_many_requests', 'param': None, 'code': 'too_many_requests'}}
Failed for Humate - 3.2 Bedrock (Ambient Mix): Error code: 429 - {'error': {'message': 'Too Many Requests', 'type': 'too_many_requests', 'param': None, 'code': 'too_many_requests'}}
Failed for Anton Maiden - Seventh Son Of A Seventh Son: Error code: 429 - {'error': {'message': 'Too Many Requests', 'type': 'too_many_requests', 'param': None, 'code': 'too_many_requests'}}
Failed for Sons And Daughters - Split Lips: Error code: 429 - {'error': {'message': 'Too Many Requests', 'type': 'too_many_requests', 'param': None, 'code': 'too_many_requests'}}
Failed for Pet Shop Boys - Did You See Me Coming?: Error code: 429 - {'error': {'message': 'Too Many Requests', 'type': 'too_many_requests', 'param': None, 'code': 'too_many_requests'}}
Failed for Boys Noize - & Down: Error code: 429 - {'error': {'message': 'Too Many Requests', 'type': 'too_many_requests', 'param': None, 'code': 'too_many_requests'}}
Failed for Boys Like Girls - Five Minutes To Midnight: Error code: 429 - {'error': {'message': 'Too Many Requests', 'type': 'too_many_requests', 'param': None, 'code': 'too_many_requests'}}
Failed for Helloween - A Tale That Wasn'T Right: Error code: 429 - {'error': {'message': 'Too Many Requests', 'type': 'too_many_requests', 'param': None, 'code': 'too_many_requests'}}
Failed for Wizzard - I Wish It Could Be Christmas Everyday: Error code: 429 - {'error': {'message': 'Too Many Requests', 'type': 'too_many_requests', 'param': None, 'code': 'too_many_requests'}}
Failed for Daft Punk - Musique: Error code: 429 - {'error': {'message': 'Too Many Requests', 'type': 'too_many_requests', 'param': None, 'code': 'too_many_requests'}}
2200/2988 done
Failed for Flogging Molly - Rebels Of The Sacred Heart: Error code: 429 - {'error': {'message': 'Too Many Requests', 'type': 'too_many_requests', 'param': None, 'code': 'too_many_requests'}}
Failed for Scar Symmetry - Retaliator: Error code: 429 - {'error': {'message': 'Too Many Requests', 'type': 'too_many_requests', 'param': None, 'code': 'too_many_requests'}}
Failed for The Clash - Armagideon Time: Error code: 429 - {'error': {'message': 'Too Many Requests', 'type': 'too_many_requests', 'param': None, 'code': 'too_many_requests'}}
Failed for Rihanna - Push Up On Me: Error code: 429 - {'error': {'message': 'Too Many Requests', 'type': 'too_many_requests', 'param': None, 'code': 'too_many_requests'}}
Failed for Kaiser Chiefs - Good Days Bad Days: Error code: 429 - {'error': {'message': 'Too Many Requests', 'type': 'too_many_requests', 'param': None, 'code': 'too_many_requests'}}
Failed for Manic Street Preachers - From Despair To Where: Error code: 429 - {'error': {'message': 'Too Many Requests', 'type': 'too_many_requests', 'param': None, 'code': 'too_many_requests'}}
Failed for Adam Green - Novotel: Error code: 429 - {'error': {'message': 'Too Many Requests', 'type': 'too_many_requests', 'param': None, 'code': 'too_many_requests'}}
Failed for Hellogoodbye - Touchdown Turnaround (Don'T Give Up On Me): Error code: 429 - {'error': {'message': 'Too Many Requests', 'type': 'too_many_requests', 'param': None, 'code': 'too_many_requests'}}
Failed for Adam Green - Who'S Your Boyfriend: Error code: 429 - {'error': {'message': 'Too Many Requests', 'type': 'too_many_requests', 'param': None, 'code': 'too_many_requests'}}
Failed for Nightwish - Angels Fall First: Error code: 429 - {'error': {'message': 'Too Many Requests', 'type': 'too_many_requests', 'param': None, 'code': 'too_many_requests'}}
Failed for Poets Of The Fall - Maybe Tomorrow Is A Better Day: Error code: 429 - {'error': {'message': 'Too Many Requests', 'type': 'too_many_requests', 'param': None, 'code': 'too_many_requests'}}
Failed for Faith No More - Malpractice: Error code: 429 - {'error': {'message': 'Too Many Requests', 'type': 'too_many_requests', 'param': None, 'code': 'too_many_requests'}}
Failed for Refused - Worms Of The Senses / Faculties Of The Skull: Error code: 429 - {'error': {'message': 'Too Many Requests', 'type': 'too_many_requests', 'param': None, 'code': 'too_many_requests'}}
Failed for The Postal Service - Suddenly Everything Has Changed: Error code: 429 - {'error': {'message': 'Too Many Requests', 'type': 'too_many_requests', 'param': None, 'code': 'too_many_requests'}}
Failed for Lightning Bolt - Hello Morning: Error code: 429 - {'error': {'message': 'Too Many Requests', 'type': 'too_many_requests', 'param': None, 'code': 'too_many_requests'}}
Failed for The Black Keys - Oceans And Streams: Error code: 429 - {'error': {'message': 'Too Many Requests', 'type': 'too_many_requests', 'param': None, 'code': 'too_many_requests'}}
Failed for Louis Xiv - Pledge Of Allegiance: Error code: 429 - {'error': {'message': 'Too Many Requests', 'type': 'too_many_requests', 'param': None, 'code': 'too_many_requests'}}
Failed for The Fiery Furnaces - South Is Only A Home: Error code: 429 - {'error': {'message': 'Too Many Requests', 'type': 'too_many_requests', 'param': None, 'code': 'too_many_requests'}}
Failed for Lightning Bolt - Assassins: Error code: 429 - {'error': {'message': 'Too Many Requests', 'type': 'too_many_requests', 'param': None, 'code': 'too_many_requests'}}
Failed for Counting Crows - Time And Time Again: Error code: 429 - {'error': {'message': 'Too Many Requests', 'type': 'too_many_requests', 'param': None, 'code': 'too_many_requests'}}
Failed for Boys Noize - Vergiftet (Original Mix): Error code: 429 - {'error': {'message': 'Too Many Requests', 'type': 'too_many_requests', 'param': None, 'code': 'too_many_requests'}}
Failed for Faith No More - Surprise! You'Re Dead!: Error code: 429 - {'error': {'message': 'Too Many Requests', 'type': 'too_many_requests', 'param': None, 'code': 'too_many_requests'}}
Failed for Hevein - Last Drop Of Innocence: Error code: 429 - {'error': {'message': 'Too Many Requests', 'type': 'too_many_requests', 'param': None, 'code': 'too_many_requests'}}
Failed for Depeche Mode - Lillian: Error code: 429 - {'error': {'message': 'Too Many Requests', 'type': 'too_many_requests', 'param': None, 'code': 'too_many_requests'}}
Failed for The Magnetic Fields - Come Back From San Francisco: Error code: 429 - {'error': {'message': 'Too Many Requests', 'type': 'too_many_requests', 'param': None, 'code': 'too_many_requests'}}
Failed for Doves - One Of These Days: Error code: 429 - {'error': {'message': 'Too Many Requests', 'type': 'too_many_requests', 'param': None, 'code': 'too_many_requests'}}
Failed for Regina Spektor - Back Of A Truck: Error code: 429 - {'error': {'message': 'Too Many Requests', 'type': 'too_many_requests', 'param': None, 'code': 'too_many_requests'}}
Failed for Everclear - Santa Monica: Error code: 429 - {'error': {'message': 'Too Many Requests', 'type': 'too_many_requests', 'param': None, 'code': 'too_many_requests'}}
Failed for The Allman Brothers Band - Midnight Rider: Error code: 429 - {'error': {'message': 'Too Many Requests', 'type': 'too_many_requests', 'param': None, 'code': 'too_many_requests'}}
Failed for Nine Inch Nails - 17 Ghosts Ii: Error code: 429 - {'error': {'message': 'Too Many Requests', 'type': 'too_many_requests', 'param': None, 'code': 'too_many_requests'}}
Failed for The Field - A Paw In My Face: Error code: 429 - {'error': {'message': 'Too Many Requests', 'type': 'too_many_requests', 'param': None, 'code': 'too_many_requests'}}
Failed for Conor Oberst - Get-Well-Cards: Error code: 429 - {'error': {'message': 'Too Many Requests', 'type': 'too_many_requests', 'param': None, 'code': 'too_many_requests'}}
Failed for The Gathering - Waking Hour: Error code: 429 - {'error': {'message': 'Too Many Requests', 'type': 'too_many_requests', 'param': None, 'code': 'too_many_requests'}}
Failed for My Dying Bride - For My Fallen Angel: Error code: 429 - {'error': {'message': 'Too Many Requests', 'type': 'too_many_requests', 'param': None, 'code': 'too_many_requests'}}
Failed for Smokey Robinson & The Miracles - The Tracks Of My Tears: Error code: 429 - {'error': {'message': 'Too Many Requests', 'type': 'too_many_requests', 'param': None, 'code': 'too_many_requests'}}
Failed for Little Boots - Meddle: Error code: 429 - {'error': {'message': 'Too Many Requests', 'type': 'too_many_requests', 'param': None, 'code': 'too_many_requests'}}
Failed for Coheed And Cambria - The Crowing: Error code: 429 - {'error': {'message': 'Too Many Requests', 'type': 'too_many_requests', 'param': None, 'code': 'too_many_requests'}}
Failed for Guano Apes - No Speech: Error code: 429 - {'error': {'message': 'Too Many Requests', 'type': 'too_many_requests', 'param': None, 'code': 'too_many_requests'}}
Failed for Guided By Voices - Smothered In Hugs: Error code: 429 - {'error': {'message': 'Too Many Requests', 'type': 'too_many_requests', 'param': None, 'code': 'too_many_requests'}}
Failed for Amadou & Mariam - Sénégal Fast Food: Error code: 429 - {'error': {'message': 'Too Many Requests', 'type': 'too_many_requests', 'param': None, 'code': 'too_many_requests'}}
Failed for Black Label Society - In This River: Error code: 429 - {'error': {'message': 'Too Many Requests', 'type': 'too_many_requests', 'param': None, 'code': 'too_many_requests'}}
Failed for The White Stripes - Suzy Lee: Error code: 429 - {'error': {'message': 'Too Many Requests', 'type': 'too_many_requests', 'param': None, 'code': 'too_many_requests'}}
Failed for Marilyn Manson - King Kill 33°: Error code: 429 - {'error': {'message': 'Too Many Requests', 'type': 'too_many_requests', 'param': None, 'code': 'too_many_requests'}}
Failed for Depeche Mode - Pimpf: Error code: 429 - {'error': {'message': 'Too Many Requests', 'type': 'too_many_requests', 'param': None, 'code': 'too_many_requests'}}
Failed for Misfits - American Nightmare: Error code: 429 - {'error': {'message': 'Too Many Requests', 'type': 'too_many_requests', 'param': None, 'code': 'too_many_requests'}}
Failed for Black Light Burns - I Have A Need: Error code: 429 - {'error': {'message': 'Too Many Requests', 'type': 'too_many_requests', 'param': None, 'code': 'too_many_requests'}}
Failed for A Tribe Called Quest - Youthful Expression: Error code: 429 - {'error': {'message': 'Too Many Requests', 'type': 'too_many_requests', 'param': None, 'code': 'too_many_requests'}}
Failed for Marilyn Manson - The Reflecting God: Error code: 429 - {'error': {'message': 'Too Many Requests', 'type': 'too_many_requests', 'param': None, 'code': 'too_many_requests'}}
Failed for The Velvet Underground - I Can'T Stand It: Error code: 429 - {'error': {'message': 'Too Many Requests', 'type': 'too_many_requests', 'param': None, 'code': 'too_many_requests'}}
Failed for Kylie Minogue - Fever: Error code: 429 - {'error': {'message': 'Too Many Requests', 'type': 'too_many_requests', 'param': None, 'code': 'too_many_requests'}}
Failed for Bonobo - Change Down: Error code: 429 - {'error': {'message': 'Too Many Requests', 'type': 'too_many_requests', 'param': None, 'code': 'too_many_requests'}}
Failed for Bonobo - D Song: Error code: 429 - {'error': {'message': 'Too Many Requests', 'type': 'too_many_requests', 'param': None, 'code': 'too_many_requests'}}
Failed for John Frusciante - A Name: Error code: 429 - {'error': {'message': 'Too Many Requests', 'type': 'too_many_requests', 'param': None, 'code': 'too_many_requests'}}
Failed for Herbert - Moving Like A Train: Error code: 429 - {'error': {'message': 'Too Many Requests', 'type': 'too_many_requests', 'param': None, 'code': 'too_many_requests'}}
Failed for Panda Bear - Search For Delicious: Error code: 429 - {'error': {'message': 'Too Many Requests', 'type': 'too_many_requests', 'param': None, 'code': 'too_many_requests'}}
Failed for Disturbed - Droppin' Plates: Error code: 429 - {'error': {'message': 'Too Many Requests', 'type': 'too_many_requests', 'param': None, 'code': 'too_many_requests'}}
Failed for The Melodians - Rivers Of Babylon: Error code: 429 - {'error': {'message': 'Too Many Requests', 'type': 'too_many_requests', 'param': None, 'code': 'too_many_requests'}}
Failed for Mindless Self Indulgence - You'Ll Rebel To Anything (As Long As It'S Not Challenging): Error code: 429 - {'error': {'message': 'Too Many Requests', 'type': 'too_many_requests', 'param': None, 'code': 'too_many_requests'}}
Failed for Ministry - Bad Blood: Error code: 429 - {'error': {'message': 'Too Many Requests', 'type': 'too_many_requests', 'param': None, 'code': 'too_many_requests'}}
Failed for Yeah Yeah Yeahs - Gold Lion (Diplo Remix): Error code: 429 - {'error': {'message': 'Too Many Requests', 'type': 'too_many_requests', 'param': None, 'code': 'too_many_requests'}}
Failed for Rachael Yamagata - Paper Doll: Error code: 429 - {'error': {'message': 'Too Many Requests', 'type': 'too_many_requests', 'param': None, 'code': 'too_many_requests'}}
Failed for Nouvelle Vague - Psyche: Error code: 429 - {'error': {'message': 'Too Many Requests', 'type': 'too_many_requests', 'param': None, 'code': 'too_many_requests'}}
Failed for Ac/Dc - Rocker: Error code: 429 - {'error': {'message': 'Too Many Requests', 'type': 'too_many_requests', 'param': None, 'code': 'too_many_requests'}}
Failed for Katatonia - I Am Nothing: Error code: 429 - {'error': {'message': 'Too Many Requests', 'type': 'too_many_requests', 'param': None, 'code': 'too_many_requests'}}
Failed for Patti Smith - Kimberly: Error code: 429 - {'error': {'message': 'Too Many Requests', 'type': 'too_many_requests', 'param': None, 'code': 'too_many_requests'}}
Failed for Kate Bush - Army Dreamers: Error code: 429 - {'error': {'message': 'Too Many Requests', 'type': 'too_many_requests', 'param': None, 'code': 'too_many_requests'}}
Failed for Silversun Pickups - Creation Lake: Error code: 429 - {'error': {'message': 'Too Many Requests', 'type': 'too_many_requests', 'param': None, 'code': 'too_many_requests'}}
Failed for Deerhunter - Red Ink: Error code: 429 - {'error': {'message': 'Too Many Requests', 'type': 'too_many_requests', 'param': None, 'code': 'too_many_requests'}}
Failed for Brazilian Girls - Pussy: Error code: 429 - {'error': {'message': 'Too Many Requests', 'type': 'too_many_requests', 'param': None, 'code': 'too_many_requests'}}
Failed for Saves The Day - Freakish: Error code: 429 - {'error': {'message': 'Too Many Requests', 'type': 'too_many_requests', 'param': None, 'code': 'too_many_requests'}}
Failed for Kotiteollisuus - Kuolemajärvi: Error code: 429 - {'error': {'message': 'Too Many Requests', 'type': 'too_many_requests', 'param': None, 'code': 'too_many_requests'}}
Failed for Doves - Melody Calls: Error code: 429 - {'error': {'message': 'Too Many Requests', 'type': 'too_many_requests', 'param': None, 'code': 'too_many_requests'}}
Failed for Pavement - Old To Begin: Error code: 429 - {'error': {'message': 'Too Many Requests', 'type': 'too_many_requests', 'param': None, 'code': 'too_many_requests'}}
Failed for Pavement - Silence Kit: Error code: 429 - {'error': {'message': 'Too Many Requests', 'type': 'too_many_requests', 'param': None, 'code': 'too_many_requests'}}
Failed for Doves - N.Y.: Error code: 429 - {'error': {'message': 'Too Many Requests', 'type': 'too_many_requests', 'param': None, 'code': 'too_many_requests'}}
Failed for Depeche Mode - Get Right With Me: Error code: 429 - {'error': {'message': 'Too Many Requests', 'type': 'too_many_requests', 'param': None, 'code': 'too_many_requests'}}
Failed for Faithless - Drifting Away: Error code: 429 - {'error': {'message': 'Too Many Requests', 'type': 'too_many_requests', 'param': None, 'code': 'too_many_requests'}}
Failed for Nellie Mckay - Sari: Error code: 429 - {'error': {'message': 'Too Many Requests', 'type': 'too_many_requests', 'param': None, 'code': 'too_many_requests'}}
Failed for Faith No More - Underwater Love: Error code: 429 - {'error': {'message': 'Too Many Requests', 'type': 'too_many_requests', 'param': None, 'code': 'too_many_requests'}}
Failed for Tokyo Police Club - The Harrowing Adventures Of...: Error code: 429 - {'error': {'message': 'Too Many Requests', 'type': 'too_many_requests', 'param': None, 'code': 'too_many_requests'}}
Failed for Britney Spears - Trouble: Error code: 429 - {'error': {'message': 'Too Many Requests', 'type': 'too_many_requests', 'param': None, 'code': 'too_many_requests'}}
Failed for Nightmares On Wax - Flip Ya Lid: Error code: 429 - {'error': {'message': 'Too Many Requests', 'type': 'too_many_requests', 'param': None, 'code': 'too_many_requests'}}
Failed for U2 - Wake Up Dead Man: Error code: 429 - {'error': {'message': 'Too Many Requests', 'type': 'too_many_requests', 'param': None, 'code': 'too_many_requests'}}
Failed for Pavement - Conduit For Sale!: Error code: 429 - {'error': {'message': 'Too Many Requests', 'type': 'too_many_requests', 'param': None, 'code': 'too_many_requests'}}
Failed for Jack Johnson - Fall Line: Error code: 429 - {'error': {'message': 'Too Many Requests', 'type': 'too_many_requests', 'param': None, 'code': 'too_many_requests'}}
Failed for Eddie Vedder - Guaranteed: Error code: 429 - {'error': {'message': 'Too Many Requests', 'type': 'too_many_requests', 'param': None, 'code': 'too_many_requests'}}
Failed for Deee-Lite - Groove Is In The Heart: Error code: 429 - {'error': {'message': 'Too Many Requests', 'type': 'too_many_requests', 'param': None, 'code': 'too_many_requests'}}
Failed for Paradise Lost - Laws Of Cause: Error code: 429 - {'error': {'message': 'Too Many Requests', 'type': 'too_many_requests', 'param': None, 'code': 'too_many_requests'}}
Failed for Talking Heads - Found A Job: Error code: 429 - {'error': {'message': 'Too Many Requests', 'type': 'too_many_requests', 'param': None, 'code': 'too_many_requests'}}
Failed for Mokoma - Säästä Sanasi: Error code: 429 - {'error': {'message': 'Too Many Requests', 'type': 'too_many_requests', 'param': None, 'code': 'too_many_requests'}}
Failed for Leonard Cohen - Chelsea Hotel No. 2: Error code: 429 - {'error': {'message': 'Too Many Requests', 'type': 'too_many_requests', 'param': None, 'code': 'too_many_requests'}}
Failed for Jamie T - Ike & Tina: Error code: 429 - {'error': {'message': 'Too Many Requests', 'type': 'too_many_requests', 'param': None, 'code': 'too_many_requests'}}
Failed for Sonic Syndicate - Crowned In Despair: Error code: 429 - {'error': {'message': 'Too Many Requests', 'type': 'too_many_requests', 'param': None, 'code': 'too_many_requests'}}
Failed for The Rapture - First Gear: Error code: 429 - {'error': {'message': 'Too Many Requests', 'type': 'too_many_requests', 'param': None, 'code': 'too_many_requests'}}
Failed for Gnarls Barkley - Charity Case: Error code: 429 - {'error': {'message': 'Too Many Requests', 'type': 'too_many_requests', 'param': None, 'code': 'too_many_requests'}}
Failed for Foo Fighters - Have It All: Error code: 429 - {'error': {'message': 'Too Many Requests', 'type': 'too_many_requests', 'param': None, 'code': 'too_many_requests'}}
Failed for Foo Fighters - Everlong (Acoustic): Error code: 429 - {'error': {'message': 'Too Many Requests', 'type': 'too_many_requests', 'param': None, 'code': 'too_many_requests'}}
2300/2988 done
Failed for Vashti Bunyan - Diamond Day: Error code: 429 - {'error': {'message': 'Too Many Requests', 'type': 'too_many_requests', 'param': None, 'code': 'too_many_requests'}}
Failed for Ween - Blue Balloon: Error code: 429 - {'error': {'message': 'Too Many Requests', 'type': 'too_many_requests', 'param': None, 'code': 'too_many_requests'}}
Failed for Buddy Holly - Peggy Sue: Error code: 429 - {'error': {'message': 'Too Many Requests', 'type': 'too_many_requests', 'param': None, 'code': 'too_many_requests'}}
Failed for Sun Kil Moon - Tiny Cities Made Of Ashes: Error code: 429 - {'error': {'message': 'Too Many Requests', 'type': 'too_many_requests', 'param': None, 'code': 'too_many_requests'}}
Failed for Empire Of The Sun - Country: Error code: 429 - {'error': {'message': 'Too Many Requests', 'type': 'too_many_requests', 'param': None, 'code': 'too_many_requests'}}
Failed for Grateful Dead - Till The Morning Comes: Error code: 429 - {'error': {'message': 'Too Many Requests', 'type': 'too_many_requests', 'param': None, 'code': 'too_many_requests'}}
Failed for Volbeat - The Garden'S Tale: Error code: 429 - {'error': {'message': 'Too Many Requests', 'type': 'too_many_requests', 'param': None, 'code': 'too_many_requests'}}
Failed for Timbaland - Throw It On Me (Feat. The Hives): Error code: 429 - {'error': {'message': 'Too Many Requests', 'type': 'too_many_requests', 'param': None, 'code': 'too_many_requests'}}
Failed for Kyotojazz Massive - Eclipse: Error code: 429 - {'error': {'message': 'Too Many Requests', 'type': 'too_many_requests', 'param': None, 'code': 'too_many_requests'}}
Failed for Noisettes - Scratch Your Name: Error code: 429 - {'error': {'message': 'Too Many Requests', 'type': 'too_many_requests', 'param': None, 'code': 'too_many_requests'}}
Failed for Iron Maiden - Strange World: Error code: 429 - {'error': {'message': 'Too Many Requests', 'type': 'too_many_requests', 'param': None, 'code': 'too_many_requests'}}
Failed for Bedouin Soundclash - Living In Jungles: Error code: 429 - {'error': {'message': 'Too Many Requests', 'type': 'too_many_requests', 'param': None, 'code': 'too_many_requests'}}
Failed for Aesop Rock - Night Light: Error code: 429 - {'error': {'message': 'Too Many Requests', 'type': 'too_many_requests', 'param': None, 'code': 'too_many_requests'}}
Failed for Yann Tiersen - Summer 78 (Instrumental): Error code: 429 - {'error': {'message': 'Too Many Requests', 'type': 'too_many_requests', 'param': None, 'code': 'too_many_requests'}}
Failed for Jet - Get What You Need: Error code: 429 - {'error': {'message': 'Too Many Requests', 'type': 'too_many_requests', 'param': None, 'code': 'too_many_requests'}}
Failed for Deerhoof - Matchbook Seeks Maniac: Error code: 429 - {'error': {'message': 'Too Many Requests', 'type': 'too_many_requests', 'param': None, 'code': 'too_many_requests'}}
Failed for Lemon Jelly - Closer: Error code: 429 - {'error': {'message': 'Too Many Requests', 'type': 'too_many_requests', 'param': None, 'code': 'too_many_requests'}}
Failed for Ensiferum - Lost In Despair: Error code: 429 - {'error': {'message': 'Too Many Requests', 'type': 'too_many_requests', 'param': None, 'code': 'too_many_requests'}}
Failed for A Fine Frenzy - Whisper: Error code: 429 - {'error': {'message': 'Too Many Requests', 'type': 'too_many_requests', 'param': None, 'code': 'too_many_requests'}}
Failed for Sufjan Stevens - The Transfiguration: Error code: 429 - {'error': {'message': 'Too Many Requests', 'type': 'too_many_requests', 'param': None, 'code': 'too_many_requests'}}
Failed for Disco Inferno - Interference: Error code: 429 - {'error': {'message': 'Too Many Requests', 'type': 'too_many_requests', 'param': None, 'code': 'too_many_requests'}}
Failed for Ensiferum - Battle Song: Error code: 429 - {'error': {'message': 'Too Many Requests', 'type': 'too_many_requests', 'param': None, 'code': 'too_many_requests'}}
Failed for Rage Against The Machine - Pistol Grip Pump: Error code: 429 - {'error': {'message': 'Too Many Requests', 'type': 'too_many_requests', 'param': None, 'code': 'too_many_requests'}}
Failed for Timbaland - Oh Timbaland: Error code: 429 - {'error': {'message': 'Too Many Requests', 'type': 'too_many_requests', 'param': None, 'code': 'too_many_requests'}}
Failed for Kreator - Tormentor: Error code: 429 - {'error': {'message': 'Too Many Requests', 'type': 'too_many_requests', 'param': None, 'code': 'too_many_requests'}}
Failed for Red Hot Chili Peppers - The Greeting Song: Error code: 429 - {'error': {'message': 'Too Many Requests', 'type': 'too_many_requests', 'param': None, 'code': 'too_many_requests'}}
Failed for The Magnetic Fields - The One You Really Love: Error code: 429 - {'error': {'message': 'Too Many Requests', 'type': 'too_many_requests', 'param': None, 'code': 'too_many_requests'}}
Failed for These New Puritans - Swords Of Truth: Error code: 429 - {'error': {'message': 'Too Many Requests', 'type': 'too_many_requests', 'param': None, 'code': 'too_many_requests'}}
Failed for Mates Of State - Fluke: Error code: 429 - {'error': {'message': 'Too Many Requests', 'type': 'too_many_requests', 'param': None, 'code': 'too_many_requests'}}
Failed for Boards Of Canada - Twoism: Error code: 429 - {'error': {'message': 'Too Many Requests', 'type': 'too_many_requests', 'param': None, 'code': 'too_many_requests'}}
Failed for Adam Green - Before My Bedtime: Error code: 429 - {'error': {'message': 'Too Many Requests', 'type': 'too_many_requests', 'param': None, 'code': 'too_many_requests'}}
Failed for David Bowie - My Death: Error code: 429 - {'error': {'message': 'Too Many Requests', 'type': 'too_many_requests', 'param': None, 'code': 'too_many_requests'}}
Failed for Shakira - Illegal (Feat. Carlos Santana): Error code: 429 - {'error': {'message': 'Too Many Requests', 'type': 'too_many_requests', 'param': None, 'code': 'too_many_requests'}}
Failed for Hans Zimmer - Now We Are Free: Error code: 429 - {'error': {'message': 'Too Many Requests', 'type': 'too_many_requests', 'param': None, 'code': 'too_many_requests'}}
Failed for Belle And Sebastian - Beyond The Sunrise: Error code: 429 - {'error': {'message': 'Too Many Requests', 'type': 'too_many_requests', 'param': None, 'code': 'too_many_requests'}}
Failed for Flight Of The Conchords - If You'Re Into It: Error code: 429 - {'error': {'message': 'Too Many Requests', 'type': 'too_many_requests', 'param': None, 'code': 'too_many_requests'}}
Failed for Flight Of The Conchords - Business Time: Error code: 429 - {'error': {'message': 'Too Many Requests', 'type': 'too_many_requests', 'param': None, 'code': 'too_many_requests'}}
Failed for Belle And Sebastian - Family Tree: Error code: 429 - {'error': {'message': 'Too Many Requests', 'type': 'too_many_requests', 'param': None, 'code': 'too_many_requests'}}
Failed for The Black Angels - Mission District: Error code: 429 - {'error': {'message': 'Too Many Requests', 'type': 'too_many_requests', 'param': None, 'code': 'too_many_requests'}}
Failed for W.A.S.P. - I Wanna Be Somebody: Error code: 429 - {'error': {'message': 'Too Many Requests', 'type': 'too_many_requests', 'param': None, 'code': 'too_many_requests'}}
Failed for Mogwai - Year 2000 Non-Compliant Cardia: Error code: 429 - {'error': {'message': 'Too Many Requests', 'type': 'too_many_requests', 'param': None, 'code': 'too_many_requests'}}
Failed for Bright Eyes - The Movement Of A Hand: Error code: 429 - {'error': {'message': 'Too Many Requests', 'type': 'too_many_requests', 'param': None, 'code': 'too_many_requests'}}
Failed for Klaus Badelt - He'S A Pirate: Error code: 429 - {'error': {'message': 'Too Many Requests', 'type': 'too_many_requests', 'param': None, 'code': 'too_many_requests'}}
Failed for Talking Heads - Thank You For Sending Me An Angel: Error code: 429 - {'error': {'message': 'Too Many Requests', 'type': 'too_many_requests', 'param': None, 'code': 'too_many_requests'}}
Failed for Mogwai - Summer (Priority Version): Error code: 429 - {'error': {'message': 'Too Many Requests', 'type': 'too_many_requests', 'param': None, 'code': 'too_many_requests'}}
Failed for Fonzerelli - Moonlight Party: Error code: 429 - {'error': {'message': 'Too Many Requests', 'type': 'too_many_requests', 'param': None, 'code': 'too_many_requests'}}
Failed for The Prodigy - Jericho: Error code: 429 - {'error': {'message': 'Too Many Requests', 'type': 'too_many_requests', 'param': None, 'code': 'too_many_requests'}}
Failed for Lupe Fiasco - Daydreamin' (Feat. Jill Scott): Error code: 429 - {'error': {'message': 'Too Many Requests', 'type': 'too_many_requests', 'param': None, 'code': 'too_many_requests'}}
Failed for The White Stripes - When I Hear My Name: Error code: 429 - {'error': {'message': 'Too Many Requests', 'type': 'too_many_requests', 'param': None, 'code': 'too_many_requests'}}
Failed for Pink Martini - La Soledad: Error code: 429 - {'error': {'message': 'Too Many Requests', 'type': 'too_many_requests', 'param': None, 'code': 'too_many_requests'}}
Failed for Kate Nash - Shit Song: Error code: 429 - {'error': {'message': 'Too Many Requests', 'type': 'too_many_requests', 'param': None, 'code': 'too_many_requests'}}
Failed for In Flames - Sleepless Again: Error code: 429 - {'error': {'message': 'Too Many Requests', 'type': 'too_many_requests', 'param': None, 'code': 'too_many_requests'}}
Failed for Sufjan Stevens - Decatur: Error code: 429 - {'error': {'message': 'Too Many Requests', 'type': 'too_many_requests', 'param': None, 'code': 'too_many_requests'}}
Failed for Alice In Chains - Grind: Error code: 429 - {'error': {'message': 'Too Many Requests', 'type': 'too_many_requests', 'param': None, 'code': 'too_many_requests'}}
Failed for The Darkness - Girlfriend: Error code: 429 - {'error': {'message': 'Too Many Requests', 'type': 'too_many_requests', 'param': None, 'code': 'too_many_requests'}}
Failed for Sondre Lerche - Track You Down: Error code: 429 - {'error': {'message': 'Too Many Requests', 'type': 'too_many_requests', 'param': None, 'code': 'too_many_requests'}}
Failed for Something Corporate - Me And The Moon: Error code: 429 - {'error': {'message': 'Too Many Requests', 'type': 'too_many_requests', 'param': None, 'code': 'too_many_requests'}}
Failed for Sonata Arctica - Victoria'S Secret: Error code: 429 - {'error': {'message': 'Too Many Requests', 'type': 'too_many_requests', 'param': None, 'code': 'too_many_requests'}}
Failed for Sondre Lerche - Love You: Error code: 429 - {'error': {'message': 'Too Many Requests', 'type': 'too_many_requests', 'param': None, 'code': 'too_many_requests'}}
Failed for Fair To Midland - A Seafarer'S Knot: Error code: 429 - {'error': {'message': 'Too Many Requests', 'type': 'too_many_requests', 'param': None, 'code': 'too_many_requests'}}
Failed for Patrick Wolf - Eulogy: Error code: 429 - {'error': {'message': 'Too Many Requests', 'type': 'too_many_requests', 'param': None, 'code': 'too_many_requests'}}
Failed for Asian Dub Foundation - Flyover: Error code: 429 - {'error': {'message': 'Too Many Requests', 'type': 'too_many_requests', 'param': None, 'code': 'too_many_requests'}}
Failed for Amanda Palmer - Leeds United: Error code: 429 - {'error': {'message': 'Too Many Requests', 'type': 'too_many_requests', 'param': None, 'code': 'too_many_requests'}}
Failed for Pet Shop Boys - Rent: Error code: 429 - {'error': {'message': 'Too Many Requests', 'type': 'too_many_requests', 'param': None, 'code': 'too_many_requests'}}
Failed for Chemistry - Almost In Love (Instrumental): Error code: 429 - {'error': {'message': 'Too Many Requests', 'type': 'too_many_requests', 'param': None, 'code': 'too_many_requests'}}
Failed for Maroon 5 - Better That We Break: Error code: 429 - {'error': {'message': 'Too Many Requests', 'type': 'too_many_requests', 'param': None, 'code': 'too_many_requests'}}
Failed for David Bowie - This Is Not America: Error code: 429 - {'error': {'message': 'Too Many Requests', 'type': 'too_many_requests', 'param': None, 'code': 'too_many_requests'}}
Failed for Siouxsie And The Banshees - Red Light: Error code: 429 - {'error': {'message': 'Too Many Requests', 'type': 'too_many_requests', 'param': None, 'code': 'too_many_requests'}}
Failed for Siouxsie And The Banshees - Love In A Void: Error code: 429 - {'error': {'message': 'Too Many Requests', 'type': 'too_many_requests', 'param': None, 'code': 'too_many_requests'}}
Failed for Testament - Into The Pit: Error code: 429 - {'error': {'message': 'Too Many Requests', 'type': 'too_many_requests', 'param': None, 'code': 'too_many_requests'}}
Failed for Siouxsie And The Banshees - Halloween: Error code: 429 - {'error': {'message': 'Too Many Requests', 'type': 'too_many_requests', 'param': None, 'code': 'too_many_requests'}}
Failed for The Cure - The Kiss: Error code: 429 - {'error': {'message': 'Too Many Requests', 'type': 'too_many_requests', 'param': None, 'code': 'too_many_requests'}}
Failed for Supergrass - Seen The Light: Error code: 429 - {'error': {'message': 'Too Many Requests', 'type': 'too_many_requests', 'param': None, 'code': 'too_many_requests'}}
Failed for Kate Nash - Nicest Thing: Error code: 429 - {'error': {'message': 'Too Many Requests', 'type': 'too_many_requests', 'param': None, 'code': 'too_many_requests'}}
Failed for Kyuss - Freedom Run: Error code: 429 - {'error': {'message': 'Too Many Requests', 'type': 'too_many_requests', 'param': None, 'code': 'too_many_requests'}}
Failed for Skid Row - In A Darkened Room: Error code: 429 - {'error': {'message': 'Too Many Requests', 'type': 'too_many_requests', 'param': None, 'code': 'too_many_requests'}}
Failed for Katie Melua - Blues In The Night: Error code: 429 - {'error': {'message': 'Too Many Requests', 'type': 'too_many_requests', 'param': None, 'code': 'too_many_requests'}}
Failed for The Frames - People Get Ready: Error code: 429 - {'error': {'message': 'Too Many Requests', 'type': 'too_many_requests', 'param': None, 'code': 'too_many_requests'}}
Failed for Sixpence None The Richer - Don'T Dream It'S Over: Error code: 429 - {'error': {'message': 'Too Many Requests', 'type': 'too_many_requests', 'param': None, 'code': 'too_many_requests'}}
Failed for Anthrax - Metal Thrashing Mad: Error code: 429 - {'error': {'message': 'Too Many Requests', 'type': 'too_many_requests', 'param': None, 'code': 'too_many_requests'}}
Failed for The Black Eyed Peas - Bebot: Error code: 429 - {'error': {'message': 'Too Many Requests', 'type': 'too_many_requests', 'param': None, 'code': 'too_many_requests'}}
Failed for 鈴村健一 - Blader~ダスクモンのテーマ~: Error code: 429 - {'error': {'message': 'Too Many Requests', 'type': 'too_many_requests', 'param': None, 'code': 'too_many_requests'}}
Failed for Da Buzz - Without Breaking: Error code: 429 - {'error': {'message': 'Too Many Requests', 'type': 'too_many_requests', 'param': None, 'code': 'too_many_requests'}}
Failed for Art Brut - St Pauli: Error code: 429 - {'error': {'message': 'Too Many Requests', 'type': 'too_many_requests', 'param': None, 'code': 'too_many_requests'}}
Failed for Slipknot - The Nameless: Error code: 429 - {'error': {'message': 'Too Many Requests', 'type': 'too_many_requests', 'param': None, 'code': 'too_many_requests'}}
Failed for Shania Twain - That Don'T Impress Me Much: Error code: 429 - {'error': {'message': 'Too Many Requests', 'type': 'too_many_requests', 'param': None, 'code': 'too_many_requests'}}
Failed for Dead Kennedys - Funland At The Beach: Error code: 429 - {'error': {'message': 'Too Many Requests', 'type': 'too_many_requests', 'param': None, 'code': 'too_many_requests'}}
Failed for Reel Big Fish - Beer: Error code: 429 - {'error': {'message': 'Too Many Requests', 'type': 'too_many_requests', 'param': None, 'code': 'too_many_requests'}}
Failed for Clap Your Hands Say Yeah - Some Loud Thunder: Error code: 429 - {'error': {'message': 'Too Many Requests', 'type': 'too_many_requests', 'param': None, 'code': 'too_many_requests'}}
Failed for Guillemots - Little Bear: Error code: 429 - {'error': {'message': 'Too Many Requests', 'type': 'too_many_requests', 'param': None, 'code': 'too_many_requests'}}
Failed for Loreena Mckennitt - The Mummers' Dance: Error code: 429 - {'error': {'message': 'Too Many Requests', 'type': 'too_many_requests', 'param': None, 'code': 'too_many_requests'}}
Failed for ...And You Will Know Us By The Trail Of Dead - All White: Error code: 429 - {'error': {'message': 'Too Many Requests', 'type': 'too_many_requests', 'param': None, 'code': 'too_many_requests'}}
Failed for Fountain Of Tears - Forever Lost: Error code: 429 - {'error': {'message': 'Too Many Requests', 'type': 'too_many_requests', 'param': None, 'code': 'too_many_requests'}}
Failed for Four Tet - And Then Patterns: Error code: 429 - {'error': {'message': 'Too Many Requests', 'type': 'too_many_requests', 'param': None, 'code': 'too_many_requests'}}
Failed for Mokoma - Mieli Sydäntä Syyttää: Error code: 429 - {'error': {'message': 'Too Many Requests', 'type': 'too_many_requests', 'param': None, 'code': 'too_many_requests'}}
Failed for The Lively Ones - Surf Rider: Error code: 429 - {'error': {'message': 'Too Many Requests', 'type': 'too_many_requests', 'param': None, 'code': 'too_many_requests'}}
Failed for Meat Loaf - Life Is A Lemon And I Want My Money Back: Error code: 429 - {'error': {'message': 'Too Many Requests', 'type': 'too_many_requests', 'param': None, 'code': 'too_many_requests'}}
2400/2988 done
Failed for Pink Floyd - When The Tigers Broke Free: Error code: 429 - {'error': {'message': 'Too Many Requests', 'type': 'too_many_requests', 'param': None, 'code': 'too_many_requests'}}
Failed for Jamiroquai - Emergency On Planet Earth: Error code: 429 - {'error': {'message': 'Too Many Requests', 'type': 'too_many_requests', 'param': None, 'code': 'too_many_requests'}}
Failed for Biffy Clyro - Folding Stars: Error code: 429 - {'error': {'message': 'Too Many Requests', 'type': 'too_many_requests', 'param': None, 'code': 'too_many_requests'}}
Failed for Foo Fighters - Tired Of You: Error code: 429 - {'error': {'message': 'Too Many Requests', 'type': 'too_many_requests', 'param': None, 'code': 'too_many_requests'}}
Failed for The Doors - Hyacinth House: Error code: 429 - {'error': {'message': 'Too Many Requests', 'type': 'too_many_requests', 'param': None, 'code': 'too_many_requests'}}
Failed for Nellie Mckay - Ding Dong: Error code: 429 - {'error': {'message': 'Too Many Requests', 'type': 'too_many_requests', 'param': None, 'code': 'too_many_requests'}}
Failed for Emilíana Torrini - Honeymoon Child: Error code: 429 - {'error': {'message': 'Too Many Requests', 'type': 'too_many_requests', 'param': None, 'code': 'too_many_requests'}}
Failed for Iron Maiden - Man On The Edge: Error code: 429 - {'error': {'message': 'Too Many Requests', 'type': 'too_many_requests', 'param': None, 'code': 'too_many_requests'}}
Failed for Ulver - Lost In Moments: Error code: 429 - {'error': {'message': 'Too Many Requests', 'type': 'too_many_requests', 'param': None, 'code': 'too_many_requests'}}
Failed for David Bowie - Jean Genie: Error code: 429 - {'error': {'message': 'Too Many Requests', 'type': 'too_many_requests', 'param': None, 'code': 'too_many_requests'}}
Failed for In Flames - Pallar Anders Visa: Error code: 429 - {'error': {'message': 'Too Many Requests', 'type': 'too_many_requests', 'param': None, 'code': 'too_many_requests'}}
Failed for Alice In Chains - Junkhead: Error code: 429 - {'error': {'message': 'Too Many Requests', 'type': 'too_many_requests', 'param': None, 'code': 'too_many_requests'}}
Failed for Songs: Ohia - Lioness: Error code: 429 - {'error': {'message': 'Too Many Requests', 'type': 'too_many_requests', 'param': None, 'code': 'too_many_requests'}}
Failed for Daft Punk - Superheroes / Human After All / Rock'N Roll: Error code: 429 - {'error': {'message': 'Too Many Requests', 'type': 'too_many_requests', 'param': None, 'code': 'too_many_requests'}}
Failed for Manu Chao - Mama Call: Error code: 429 - {'error': {'message': 'Too Many Requests', 'type': 'too_many_requests', 'param': None, 'code': 'too_many_requests'}}
Failed for Deerhunter - Focus Group: Error code: 429 - {'error': {'message': 'Too Many Requests', 'type': 'too_many_requests', 'param': None, 'code': 'too_many_requests'}}
Failed for Manu Chao - Tristeza Maleza: Error code: 429 - {'error': {'message': 'Too Many Requests', 'type': 'too_many_requests', 'param': None, 'code': 'too_many_requests'}}
Failed for Nelly Furtado - ...On The Radio (Remember The Days): Error code: 429 - {'error': {'message': 'Too Many Requests', 'type': 'too_many_requests', 'param': None, 'code': 'too_many_requests'}}
Failed for Vast - Pretty When You Cry: Error code: 429 - {'error': {'message': 'Too Many Requests', 'type': 'too_many_requests', 'param': None, 'code': 'too_many_requests'}}
Failed for David Bowie - Fill Your Heart: Error code: 429 - {'error': {'message': 'Too Many Requests', 'type': 'too_many_requests', 'param': None, 'code': 'too_many_requests'}}
Failed for Backyard Babies - The Clash: Error code: 429 - {'error': {'message': 'Too Many Requests', 'type': 'too_many_requests', 'param': None, 'code': 'too_many_requests'}}
Failed for The Ark - It Takes A Fool To Remain Sane: Error code: 429 - {'error': {'message': 'Too Many Requests', 'type': 'too_many_requests', 'param': None, 'code': 'too_many_requests'}}
Failed for The Smashing Pumpkins - X.Y.U.: Error code: 429 - {'error': {'message': 'Too Many Requests', 'type': 'too_many_requests', 'param': None, 'code': 'too_many_requests'}}
Failed for Black Label Society - Funeral Bell: Error code: 429 - {'error': {'message': 'Too Many Requests', 'type': 'too_many_requests', 'param': None, 'code': 'too_many_requests'}}
Failed for Akon - Don'T Matter: Error code: 429 - {'error': {'message': 'Too Many Requests', 'type': 'too_many_requests', 'param': None, 'code': 'too_many_requests'}}
Failed for Dr. Dre - The Watcher: Error code: 429 - {'error': {'message': 'Too Many Requests', 'type': 'too_many_requests', 'param': None, 'code': 'too_many_requests'}}
Failed for Atb - Marrakech: Error code: 429 - {'error': {'message': 'Too Many Requests', 'type': 'too_many_requests', 'param': None, 'code': 'too_many_requests'}}
Failed for Pavement - We Are Underused: Error code: 429 - {'error': {'message': 'Too Many Requests', 'type': 'too_many_requests', 'param': None, 'code': 'too_many_requests'}}
Failed for Cat Power - Rockets: Error code: 429 - {'error': {'message': 'Too Many Requests', 'type': 'too_many_requests', 'param': None, 'code': 'too_many_requests'}}
Failed for Spoon - Take The Fifth: Error code: 429 - {'error': {'message': 'Too Many Requests', 'type': 'too_many_requests', 'param': None, 'code': 'too_many_requests'}}
Failed for Meshuggah - Imprint Of The Un-Saved: Error code: 429 - {'error': {'message': 'Too Many Requests', 'type': 'too_many_requests', 'param': None, 'code': 'too_many_requests'}}
Failed for Broadcast - America'S Boy: Error code: 429 - {'error': {'message': 'Too Many Requests', 'type': 'too_many_requests', 'param': None, 'code': 'too_many_requests'}}
Failed for Le Tigre - Slideshow At Free University: Error code: 429 - {'error': {'message': 'Too Many Requests', 'type': 'too_many_requests', 'param': None, 'code': 'too_many_requests'}}
Failed for Hoobastank - Born To Lead: Error code: 429 - {'error': {'message': 'Too Many Requests', 'type': 'too_many_requests', 'param': None, 'code': 'too_many_requests'}}
Failed for Rihanna - Hate That I Love You (Feat. Ne-Yo): Error code: 429 - {'error': {'message': 'Too Many Requests', 'type': 'too_many_requests', 'param': None, 'code': 'too_many_requests'}}
Failed for My Dying Bride - One Of Beauty'S Daughters: Error code: 429 - {'error': {'message': 'Too Many Requests', 'type': 'too_many_requests', 'param': None, 'code': 'too_many_requests'}}
Failed for Britney Spears - Me Against The Music (Feat. Madonna): Error code: 429 - {'error': {'message': 'Too Many Requests', 'type': 'too_many_requests', 'param': None, 'code': 'too_many_requests'}}
Failed for Britney Spears - Me Against The Music (Justice Remix): Error code: 429 - {'error': {'message': 'Too Many Requests', 'type': 'too_many_requests', 'param': None, 'code': 'too_many_requests'}}
Failed for Tegan And Sara - Superstar: Error code: 429 - {'error': {'message': 'Too Many Requests', 'type': 'too_many_requests', 'param': None, 'code': 'too_many_requests'}}
Failed for The Gathering - You Learn About It: Error code: 429 - {'error': {'message': 'Too Many Requests', 'type': 'too_many_requests', 'param': None, 'code': 'too_many_requests'}}
Failed for Thåström - Ingenting Gör Mig: Error code: 429 - {'error': {'message': 'Too Many Requests', 'type': 'too_many_requests', 'param': None, 'code': 'too_many_requests'}}
Failed for Joe Satriani - Surfing With The Alien: Error code: 429 - {'error': {'message': 'Too Many Requests', 'type': 'too_many_requests', 'param': None, 'code': 'too_many_requests'}}
Failed for Guns N' Roses - Mama Kin: Error code: 429 - {'error': {'message': 'Too Many Requests', 'type': 'too_many_requests', 'param': None, 'code': 'too_many_requests'}}
Failed for Yo La Tengo - Big Day Coming: Error code: 429 - {'error': {'message': 'Too Many Requests', 'type': 'too_many_requests', 'param': None, 'code': 'too_many_requests'}}
Failed for Art Brut - Blame It On The Trains: Error code: 429 - {'error': {'message': 'Too Many Requests', 'type': 'too_many_requests', 'param': None, 'code': 'too_many_requests'}}
Failed for The Magic Numbers - Wheels On Fire: Error code: 429 - {'error': {'message': 'Too Many Requests', 'type': 'too_many_requests', 'param': None, 'code': 'too_many_requests'}}
Failed for Reo Speedwagon - Keep On Loving You: Error code: 429 - {'error': {'message': 'Too Many Requests', 'type': 'too_many_requests', 'param': None, 'code': 'too_many_requests'}}
Failed for The Cranberries - Time Is Ticking Out: Error code: 429 - {'error': {'message': 'Too Many Requests', 'type': 'too_many_requests', 'param': None, 'code': 'too_many_requests'}}
Failed for Chromatics - Hands In The Dark: Error code: 429 - {'error': {'message': 'Too Many Requests', 'type': 'too_many_requests', 'param': None, 'code': 'too_many_requests'}}
Failed for Apocalyptica - Faraway: Error code: 429 - {'error': {'message': 'Too Many Requests', 'type': 'too_many_requests', 'param': None, 'code': 'too_many_requests'}}
Failed for Fantômas - Spider Baby: Error code: 429 - {'error': {'message': 'Too Many Requests', 'type': 'too_many_requests', 'param': None, 'code': 'too_many_requests'}}
Failed for Panda Bear - Good Girl / Carrots: Error code: 429 - {'error': {'message': 'Too Many Requests', 'type': 'too_many_requests', 'param': None, 'code': 'too_many_requests'}}
Failed for Warrel Dane - When We Pray: Error code: 429 - {'error': {'message': 'Too Many Requests', 'type': 'too_many_requests', 'param': None, 'code': 'too_many_requests'}}
Failed for Rjd2 - Exotic Talk: Error code: 429 - {'error': {'message': 'Too Many Requests', 'type': 'too_many_requests', 'param': None, 'code': 'too_many_requests'}}
Failed for Sentenced - Lower The Flags: Error code: 429 - {'error': {'message': 'Too Many Requests', 'type': 'too_many_requests', 'param': None, 'code': 'too_many_requests'}}
Failed for Kill Hannah - Crazy Angel: Error code: 429 - {'error': {'message': 'Too Many Requests', 'type': 'too_many_requests', 'param': None, 'code': 'too_many_requests'}}
Failed for The White Stripes - I'M Lonely (But I Ain'T That Lonely Yet): Error code: 429 - {'error': {'message': 'Too Many Requests', 'type': 'too_many_requests', 'param': None, 'code': 'too_many_requests'}}
Failed for A-Ha - Stay On These Roads: Error code: 429 - {'error': {'message': 'Too Many Requests', 'type': 'too_many_requests', 'param': None, 'code': 'too_many_requests'}}
Failed for Pink Floyd - Alan'S Psychedelic Breakfast: Error code: 429 - {'error': {'message': 'Too Many Requests', 'type': 'too_many_requests', 'param': None, 'code': 'too_many_requests'}}
Failed for Razorlight - Get It And Go: Error code: 429 - {'error': {'message': 'Too Many Requests', 'type': 'too_many_requests', 'param': None, 'code': 'too_many_requests'}}
Failed for John Legend - So High: Error code: 429 - {'error': {'message': 'Too Many Requests', 'type': 'too_many_requests', 'param': None, 'code': 'too_many_requests'}}
Failed for The Cult - Lil' Devil: Error code: 429 - {'error': {'message': 'Too Many Requests', 'type': 'too_many_requests', 'param': None, 'code': 'too_many_requests'}}
Failed for Black Star - B Boys Will B Boys: Error code: 429 - {'error': {'message': 'Too Many Requests', 'type': 'too_many_requests', 'param': None, 'code': 'too_many_requests'}}
Failed for Laura Marling - Crawled Out Of The Sea (Interlude): Error code: 429 - {'error': {'message': 'Too Many Requests', 'type': 'too_many_requests', 'param': None, 'code': 'too_many_requests'}}
Failed for Sepultura - Attitude: Error code: 429 - {'error': {'message': 'Too Many Requests', 'type': 'too_many_requests', 'param': None, 'code': 'too_many_requests'}}
Failed for September - Until I Die: Error code: 429 - {'error': {'message': 'Too Many Requests', 'type': 'too_many_requests', 'param': None, 'code': 'too_many_requests'}}
Failed for Coheed And Cambria - Keeping The Blade: Error code: 429 - {'error': {'message': 'Too Many Requests', 'type': 'too_many_requests', 'param': None, 'code': 'too_many_requests'}}
Failed for Hole - Dying: Error code: 429 - {'error': {'message': 'Too Many Requests', 'type': 'too_many_requests', 'param': None, 'code': 'too_many_requests'}}
Failed for Pinback - How We Breathe: Error code: 429 - {'error': {'message': 'Too Many Requests', 'type': 'too_many_requests', 'param': None, 'code': 'too_many_requests'}}
Failed for The Magic Numbers - Take A Chance: Error code: 429 - {'error': {'message': 'Too Many Requests', 'type': 'too_many_requests', 'param': None, 'code': 'too_many_requests'}}
Failed for Warrel Dane - Messenger: Error code: 429 - {'error': {'message': 'Too Many Requests', 'type': 'too_many_requests', 'param': None, 'code': 'too_many_requests'}}
Failed for Lenny Kravitz - Can'T Get You Off My Mind: Error code: 429 - {'error': {'message': 'Too Many Requests', 'type': 'too_many_requests', 'param': None, 'code': 'too_many_requests'}}
Failed for Le Tigre - Bang! Bang!: Error code: 429 - {'error': {'message': 'Too Many Requests', 'type': 'too_many_requests', 'param': None, 'code': 'too_many_requests'}}
Failed for Gogol Bordello - My Strange Uncles From Abroad: Error code: 429 - {'error': {'message': 'Too Many Requests', 'type': 'too_many_requests', 'param': None, 'code': 'too_many_requests'}}
Failed for Coheed And Cambria - Ten Speed (Of God'S Blood & Burial): Error code: 429 - {'error': {'message': 'Too Many Requests', 'type': 'too_many_requests', 'param': None, 'code': 'too_many_requests'}}
Failed for Genesis - That'S All: Error code: 429 - {'error': {'message': 'Too Many Requests', 'type': 'too_many_requests', 'param': None, 'code': 'too_many_requests'}}
Failed for Broadcast - Ominous Cloud: Error code: 429 - {'error': {'message': 'Too Many Requests', 'type': 'too_many_requests', 'param': None, 'code': 'too_many_requests'}}
Failed for Technotronic - Pump Up The Jam: Error code: 429 - {'error': {'message': 'Too Many Requests', 'type': 'too_many_requests', 'param': None, 'code': 'too_many_requests'}}
Failed for Wilco - I Got You (At The End Of The Century): Error code: 429 - {'error': {'message': 'Too Many Requests', 'type': 'too_many_requests', 'param': None, 'code': 'too_many_requests'}}
Failed for Morrissey - Hold On To Your Friends: Error code: 429 - {'error': {'message': 'Too Many Requests', 'type': 'too_many_requests', 'param': None, 'code': 'too_many_requests'}}
Failed for Amy Macdonald - The Road To Home: Error code: 429 - {'error': {'message': 'Too Many Requests', 'type': 'too_many_requests', 'param': None, 'code': 'too_many_requests'}}
Failed for The Avalanches - Tonight May Have To Last Me All My Life: Error code: 429 - {'error': {'message': 'Too Many Requests', 'type': 'too_many_requests', 'param': None, 'code': 'too_many_requests'}}
Failed for Apocalyptica - In Memoriam: Error code: 429 - {'error': {'message': 'Too Many Requests', 'type': 'too_many_requests', 'param': None, 'code': 'too_many_requests'}}
Failed for Ambulance Ltd - Michigan: Error code: 429 - {'error': {'message': 'Too Many Requests', 'type': 'too_many_requests', 'param': None, 'code': 'too_many_requests'}}
Failed for Rise Against - Worth Dying For: Error code: 429 - {'error': {'message': 'Too Many Requests', 'type': 'too_many_requests', 'param': None, 'code': 'too_many_requests'}}
Failed for Éric Serra - Ballad For Mathilda: Error code: 429 - {'error': {'message': 'Too Many Requests', 'type': 'too_many_requests', 'param': None, 'code': 'too_many_requests'}}
Failed for The Decemberists - The Island: Error code: 429 - {'error': {'message': 'Too Many Requests', 'type': 'too_many_requests', 'param': None, 'code': 'too_many_requests'}}
Failed for Descendents - I'M The One: Error code: 429 - {'error': {'message': 'Too Many Requests', 'type': 'too_many_requests', 'param': None, 'code': 'too_many_requests'}}
Failed for Rjd2 - The Proxy: Error code: 429 - {'error': {'message': 'Too Many Requests', 'type': 'too_many_requests', 'param': None, 'code': 'too_many_requests'}}
Failed for Ray Lamontagne - Can I Stay: Error code: 429 - {'error': {'message': 'Too Many Requests', 'type': 'too_many_requests', 'param': None, 'code': 'too_many_requests'}}
Failed for Children Of Bodom - We'Re Not Gonna Fall: Error code: 429 - {'error': {'message': 'Too Many Requests', 'type': 'too_many_requests', 'param': None, 'code': 'too_many_requests'}}
Failed for Justin Timberlake - Damn Girl (Feat. Will.I.Am): Error code: 429 - {'error': {'message': 'Too Many Requests', 'type': 'too_many_requests', 'param': None, 'code': 'too_many_requests'}}
Failed for The Specials - Do The Dog: Error code: 429 - {'error': {'message': 'Too Many Requests', 'type': 'too_many_requests', 'param': None, 'code': 'too_many_requests'}}
Failed for Blink-182 - Online Songs: Error code: 429 - {'error': {'message': 'Too Many Requests', 'type': 'too_many_requests', 'param': None, 'code': 'too_many_requests'}}
Failed for Spiritualized - Sitting On Fire: Error code: 429 - {'error': {'message': 'Too Many Requests', 'type': 'too_many_requests', 'param': None, 'code': 'too_many_requests'}}
Failed for Kill Hannah - Statues Without Eyes: Error code: 429 - {'error': {'message': 'Too Many Requests', 'type': 'too_many_requests', 'param': None, 'code': 'too_many_requests'}}
Failed for Matt Pokora - Catch Me If You Can: Error code: 429 - {'error': {'message': 'Too Many Requests', 'type': 'too_many_requests', 'param': None, 'code': 'too_many_requests'}}
Failed for Elton John - I'M Still Standing: Error code: 429 - {'error': {'message': 'Too Many Requests', 'type': 'too_many_requests', 'param': None, 'code': 'too_many_requests'}}
2500/2988 done
Failed for Inxs - Elegantly Wasted: Error code: 429 - {'error': {'message': 'Too Many Requests', 'type': 'too_many_requests', 'param': None, 'code': 'too_many_requests'}}
Failed for Arab Strap - Dream Sequence: Error code: 429 - {'error': {'message': 'Too Many Requests', 'type': 'too_many_requests', 'param': None, 'code': 'too_many_requests'}}
Failed for Kanye West - Flashing Lights (Feat. Dwele): Error code: 429 - {'error': {'message': 'Too Many Requests', 'type': 'too_many_requests', 'param': None, 'code': 'too_many_requests'}}
Failed for Stereophonics - Devil: Error code: 429 - {'error': {'message': 'Too Many Requests', 'type': 'too_many_requests', 'param': None, 'code': 'too_many_requests'}}
Failed for Stereophonics - Local Boy In The Photograph: Error code: 429 - {'error': {'message': 'Too Many Requests', 'type': 'too_many_requests', 'param': None, 'code': 'too_many_requests'}}
Failed for Blackbud - Heartbeat: Error code: 429 - {'error': {'message': 'Too Many Requests', 'type': 'too_many_requests', 'param': None, 'code': 'too_many_requests'}}
Failed for Axwell - I Found U (Radio Edit): Error code: 429 - {'error': {'message': 'Too Many Requests', 'type': 'too_many_requests', 'param': None, 'code': 'too_many_requests'}}
Failed for 3Oh!3 - Don'T Trust Me: Error code: 429 - {'error': {'message': 'Too Many Requests', 'type': 'too_many_requests', 'param': None, 'code': 'too_many_requests'}}
Failed for Korpiklaani - Cottages And Saunas: Error code: 429 - {'error': {'message': 'Too Many Requests', 'type': 'too_many_requests', 'param': None, 'code': 'too_many_requests'}}
Failed for Department Of Eagles - Waves Of Rye: Error code: 429 - {'error': {'message': 'Too Many Requests', 'type': 'too_many_requests', 'param': None, 'code': 'too_many_requests'}}
Failed for Rilo Kiley - We'Ll Never Sleep (God Knows We'Ll Try): Error code: 429 - {'error': {'message': 'Too Many Requests', 'type': 'too_many_requests', 'param': None, 'code': 'too_many_requests'}}
Failed for Depeche Mode - The Sweetest Condition: Error code: 429 - {'error': {'message': 'Too Many Requests', 'type': 'too_many_requests', 'param': None, 'code': 'too_many_requests'}}
Failed for Depeche Mode - Sometimes: Error code: 429 - {'error': {'message': 'Too Many Requests', 'type': 'too_many_requests', 'param': None, 'code': 'too_many_requests'}}
Failed for My Brightest Diamond - Gone Away: Error code: 429 - {'error': {'message': 'Too Many Requests', 'type': 'too_many_requests', 'param': None, 'code': 'too_many_requests'}}
Failed for Mötley Crüe - Down At The Whisky: Error code: 429 - {'error': {'message': 'Too Many Requests', 'type': 'too_many_requests', 'param': None, 'code': 'too_many_requests'}}
Failed for Dream Theater - Just Let Me Breathe: Error code: 429 - {'error': {'message': 'Too Many Requests', 'type': 'too_many_requests', 'param': None, 'code': 'too_many_requests'}}
Failed for Justice - New Jack: Error code: 429 - {'error': {'message': 'Too Many Requests', 'type': 'too_many_requests', 'param': None, 'code': 'too_many_requests'}}
Failed for At The Gates - Nausea: Error code: 429 - {'error': {'message': 'Too Many Requests', 'type': 'too_many_requests', 'param': None, 'code': 'too_many_requests'}}
Failed for Senses Fail - Buried A Lie: Error code: 429 - {'error': {'message': 'Too Many Requests', 'type': 'too_many_requests', 'param': None, 'code': 'too_many_requests'}}
Failed for Yellowcard - Miles Apart: Error code: 429 - {'error': {'message': 'Too Many Requests', 'type': 'too_many_requests', 'param': None, 'code': 'too_many_requests'}}
Failed for Joe Satriani - A Cool New Way: Error code: 429 - {'error': {'message': 'Too Many Requests', 'type': 'too_many_requests', 'param': None, 'code': 'too_many_requests'}}
Failed for Just Jack - Disco Friends: Error code: 429 - {'error': {'message': 'Too Many Requests', 'type': 'too_many_requests', 'param': None, 'code': 'too_many_requests'}}
Failed for Death - Misanthrope: Error code: 429 - {'error': {'message': 'Too Many Requests', 'type': 'too_many_requests', 'param': None, 'code': 'too_many_requests'}}
Failed for Morcheeba - Over And Over: Error code: 429 - {'error': {'message': 'Too Many Requests', 'type': 'too_many_requests', 'param': None, 'code': 'too_many_requests'}}
Failed for Poisonblack - In Lust: Error code: 429 - {'error': {'message': 'Too Many Requests', 'type': 'too_many_requests', 'param': None, 'code': 'too_many_requests'}}
Failed for Electric Light Orchestra Part Ii - Strange Magic: Error code: 429 - {'error': {'message': 'Too Many Requests', 'type': 'too_many_requests', 'param': None, 'code': 'too_many_requests'}}
Failed for Morphine - Buena: Error code: 429 - {'error': {'message': 'Too Many Requests', 'type': 'too_many_requests', 'param': None, 'code': 'too_many_requests'}}
Failed for Aphex Twin - Wax The Nip: Error code: 429 - {'error': {'message': 'Too Many Requests', 'type': 'too_many_requests', 'param': None, 'code': 'too_many_requests'}}
Failed for Yann Tiersen - Coma: Error code: 429 - {'error': {'message': 'Too Many Requests', 'type': 'too_many_requests', 'param': None, 'code': 'too_many_requests'}}
Failed for Dream Theater - Take Away My Pain: Error code: 429 - {'error': {'message': 'Too Many Requests', 'type': 'too_many_requests', 'param': None, 'code': 'too_many_requests'}}
Failed for Dream Theater - These Walls: Error code: 429 - {'error': {'message': 'Too Many Requests', 'type': 'too_many_requests', 'param': None, 'code': 'too_many_requests'}}
Failed for Boards Of Canada - June 9Th: Error code: 429 - {'error': {'message': 'Too Many Requests', 'type': 'too_many_requests', 'param': None, 'code': 'too_many_requests'}}
Failed for The Beatles - Chains: Error code: 429 - {'error': {'message': 'Too Many Requests', 'type': 'too_many_requests', 'param': None, 'code': 'too_many_requests'}}
Failed for Tom Waits - Martha: Error code: 429 - {'error': {'message': 'Too Many Requests', 'type': 'too_many_requests', 'param': None, 'code': 'too_many_requests'}}
Failed for Barenaked Ladies - Call And Answer: Error code: 429 - {'error': {'message': 'Too Many Requests', 'type': 'too_many_requests', 'param': None, 'code': 'too_many_requests'}}
Failed for Feeder - Comfort In Sound: Error code: 429 - {'error': {'message': 'Too Many Requests', 'type': 'too_many_requests', 'param': None, 'code': 'too_many_requests'}}
Failed for Three Days Grace - Let It Die: Error code: 429 - {'error': {'message': 'Too Many Requests', 'type': 'too_many_requests', 'param': None, 'code': 'too_many_requests'}}
Failed for Marilyn Manson - The Red Carpet Grave: Error code: 429 - {'error': {'message': 'Too Many Requests', 'type': 'too_many_requests', 'param': None, 'code': 'too_many_requests'}}
Failed for Nine Inch Nails - The Persistence Of Loss: Error code: 429 - {'error': {'message': 'Too Many Requests', 'type': 'too_many_requests', 'param': None, 'code': 'too_many_requests'}}
Failed for Led Zeppelin - Down By The Seaside: Error code: 429 - {'error': {'message': 'Too Many Requests', 'type': 'too_many_requests', 'param': None, 'code': 'too_many_requests'}}
Failed for Iko - Numbers: Error code: 429 - {'error': {'message': 'Too Many Requests', 'type': 'too_many_requests', 'param': None, 'code': 'too_many_requests'}}
Failed for Groove Armada - Little By Little: Error code: 429 - {'error': {'message': 'Too Many Requests', 'type': 'too_many_requests', 'param': None, 'code': 'too_many_requests'}}
Failed for Yelle - Les Femmes: Error code: 429 - {'error': {'message': 'Too Many Requests', 'type': 'too_many_requests', 'param': None, 'code': 'too_many_requests'}}
Failed for At The Drive-In - Non-Zero Possibility: Error code: 429 - {'error': {'message': 'Too Many Requests', 'type': 'too_many_requests', 'param': None, 'code': 'too_many_requests'}}
Failed for Coldplay - 'Til Kingdom Come: Error code: 429 - {'error': {'message': 'Too Many Requests', 'type': 'too_many_requests', 'param': None, 'code': 'too_many_requests'}}
Failed for Aphex Twin - The Waxen Pith: Error code: 429 - {'error': {'message': 'Too Many Requests', 'type': 'too_many_requests', 'param': None, 'code': 'too_many_requests'}}
Failed for Pantera - Shedding Skin: Error code: 429 - {'error': {'message': 'Too Many Requests', 'type': 'too_many_requests', 'param': None, 'code': 'too_many_requests'}}
Failed for Gang Of Four - I Love A Man In A Uniform (Yeah Yeah Yeahs Remix): Error code: 429 - {'error': {'message': 'Too Many Requests', 'type': 'too_many_requests', 'param': None, 'code': 'too_many_requests'}}
Failed for Robert Plant - 29 Palms: Error code: 429 - {'error': {'message': 'Too Many Requests', 'type': 'too_many_requests', 'param': None, 'code': 'too_many_requests'}}
Failed for Pearl Jam - Release: Error code: 429 - {'error': {'message': 'Too Many Requests', 'type': 'too_many_requests', 'param': None, 'code': 'too_many_requests'}}
Failed for Nick Drake - Black Eyed Dog: Error code: 429 - {'error': {'message': 'Too Many Requests', 'type': 'too_many_requests', 'param': None, 'code': 'too_many_requests'}}
Failed for Tiësto - Traffic: Error code: 429 - {'error': {'message': 'Too Many Requests', 'type': 'too_many_requests', 'param': None, 'code': 'too_many_requests'}}
Failed for The Mountain Goats - Sax Rohmer #1: Error code: 429 - {'error': {'message': 'Too Many Requests', 'type': 'too_many_requests', 'param': None, 'code': 'too_many_requests'}}
Failed for The Chemical Brothers - Asleep From Day: Error code: 429 - {'error': {'message': 'Too Many Requests', 'type': 'too_many_requests', 'param': None, 'code': 'too_many_requests'}}
Failed for Garbage - Tell Me Where It Hurts: Error code: 429 - {'error': {'message': 'Too Many Requests', 'type': 'too_many_requests', 'param': None, 'code': 'too_many_requests'}}
Failed for The Chemical Brothers - Elektrobank: Error code: 429 - {'error': {'message': 'Too Many Requests', 'type': 'too_many_requests', 'param': None, 'code': 'too_many_requests'}}
Failed for At The Drive-In - Schaffino: Error code: 429 - {'error': {'message': 'Too Many Requests', 'type': 'too_many_requests', 'param': None, 'code': 'too_many_requests'}}
Failed for Nick Cave & The Bad Seeds - Jesus Of The Moon: Error code: 429 - {'error': {'message': 'Too Many Requests', 'type': 'too_many_requests', 'param': None, 'code': 'too_many_requests'}}
Failed for Slayer - The Antichrist: Error code: 429 - {'error': {'message': 'Too Many Requests', 'type': 'too_many_requests', 'param': None, 'code': 'too_many_requests'}}
Failed for Shpongle - When Shall I Be Free?: Error code: 429 - {'error': {'message': 'Too Many Requests', 'type': 'too_many_requests', 'param': None, 'code': 'too_many_requests'}}
Failed for The Sounds - Don'T Want To Hurt You: Error code: 429 - {'error': {'message': 'Too Many Requests', 'type': 'too_many_requests', 'param': None, 'code': 'too_many_requests'}}
Failed for Bob Marley & The Wailers - One Love / People Get Ready: Error code: 429 - {'error': {'message': 'Too Many Requests', 'type': 'too_many_requests', 'param': None, 'code': 'too_many_requests'}}
Failed for The Sugarhill Gang - Rapper'S Delight: Error code: 429 - {'error': {'message': 'Too Many Requests', 'type': 'too_many_requests', 'param': None, 'code': 'too_many_requests'}}
Failed for Agalloch - Haunting Birds: Error code: 429 - {'error': {'message': 'Too Many Requests', 'type': 'too_many_requests', 'param': None, 'code': 'too_many_requests'}}
Failed for Gwen Stefani - Harajuku Girls: Error code: 429 - {'error': {'message': 'Too Many Requests', 'type': 'too_many_requests', 'param': None, 'code': 'too_many_requests'}}
Failed for Garbage - Untouchable: Error code: 429 - {'error': {'message': 'Too Many Requests', 'type': 'too_many_requests', 'param': None, 'code': 'too_many_requests'}}
Failed for Bright Eyes - Drunk Kid Catholic: Error code: 429 - {'error': {'message': 'Too Many Requests', 'type': 'too_many_requests', 'param': None, 'code': 'too_many_requests'}}
Failed for Gogol Bordello - Harem In Tuscany (Taranta): Error code: 429 - {'error': {'message': 'Too Many Requests', 'type': 'too_many_requests', 'param': None, 'code': 'too_many_requests'}}
Failed for Shivaree - I Close My Eyes: Error code: 429 - {'error': {'message': 'Too Many Requests', 'type': 'too_many_requests', 'param': None, 'code': 'too_many_requests'}}
Failed for Britney Spears - I'Ve Just Begun (Having My Fun): Error code: 429 - {'error': {'message': 'Too Many Requests', 'type': 'too_many_requests', 'param': None, 'code': 'too_many_requests'}}
Failed for Eternal Tears Of Sorrow - The River Flows Frozen: Error code: 429 - {'error': {'message': 'Too Many Requests', 'type': 'too_many_requests', 'param': None, 'code': 'too_many_requests'}}
Failed for Citizen Cope - Let The Drummer Kick: Error code: 429 - {'error': {'message': 'Too Many Requests', 'type': 'too_many_requests', 'param': None, 'code': 'too_many_requests'}}
Failed for Shpongle - Botanical Dimensions: Error code: 429 - {'error': {'message': 'Too Many Requests', 'type': 'too_many_requests', 'param': None, 'code': 'too_many_requests'}}
Failed for Cocteau Twins - Persephone: Error code: 429 - {'error': {'message': 'Too Many Requests', 'type': 'too_many_requests', 'param': None, 'code': 'too_many_requests'}}
Failed for Arab Strap - Stink: Error code: 429 - {'error': {'message': 'Too Many Requests', 'type': 'too_many_requests', 'param': None, 'code': 'too_many_requests'}}
Failed for Alanis Morissette - So Pure: Error code: 429 - {'error': {'message': 'Too Many Requests', 'type': 'too_many_requests', 'param': None, 'code': 'too_many_requests'}}
Failed for Electrelane - Gone Under Sea: Error code: 429 - {'error': {'message': 'Too Many Requests', 'type': 'too_many_requests', 'param': None, 'code': 'too_many_requests'}}
Failed for The Gathering - Broken Glass: Error code: 429 - {'error': {'message': 'Too Many Requests', 'type': 'too_many_requests', 'param': None, 'code': 'too_many_requests'}}
Failed for Paramore - Franklin: Error code: 429 - {'error': {'message': 'Too Many Requests', 'type': 'too_many_requests', 'param': None, 'code': 'too_many_requests'}}
Failed for Good Shoes - Morden: Error code: 429 - {'error': {'message': 'Too Many Requests', 'type': 'too_many_requests', 'param': None, 'code': 'too_many_requests'}}
Failed for The Whitest Boy Alive - Timebomb: Error code: 429 - {'error': {'message': 'Too Many Requests', 'type': 'too_many_requests', 'param': None, 'code': 'too_many_requests'}}
Failed for Esthero - Beautiful Lie: Error code: 429 - {'error': {'message': 'Too Many Requests', 'type': 'too_many_requests', 'param': None, 'code': 'too_many_requests'}}
Failed for Esthero - Bad Boy Clyde: Error code: 429 - {'error': {'message': 'Too Many Requests', 'type': 'too_many_requests', 'param': None, 'code': 'too_many_requests'}}
Failed for Lady Gaga - Just Dance (Feat. Colby O'Donis) (Main Mix): Error code: 429 - {'error': {'message': 'Too Many Requests', 'type': 'too_many_requests', 'param': None, 'code': 'too_many_requests'}}
Failed for The Jam - The Eton Rifles: Error code: 429 - {'error': {'message': 'Too Many Requests', 'type': 'too_many_requests', 'param': None, 'code': 'too_many_requests'}}
Failed for Moby - Hotel Intro: Error code: 429 - {'error': {'message': 'Too Many Requests', 'type': 'too_many_requests', 'param': None, 'code': 'too_many_requests'}}
Failed for The Charlatans - Can'T Even Be Bothered: Error code: 429 - {'error': {'message': 'Too Many Requests', 'type': 'too_many_requests', 'param': None, 'code': 'too_many_requests'}}
Failed for Dj Shadow - Lost And Found: Error code: 429 - {'error': {'message': 'Too Many Requests', 'type': 'too_many_requests', 'param': None, 'code': 'too_many_requests'}}
Failed for Iron & Wine - Beneath The Balcony: Error code: 429 - {'error': {'message': 'Too Many Requests', 'type': 'too_many_requests', 'param': None, 'code': 'too_many_requests'}}
Failed for Stereophonics - Rewind: Error code: 429 - {'error': {'message': 'Too Many Requests', 'type': 'too_many_requests', 'param': None, 'code': 'too_many_requests'}}
Failed for We Are Scientists - Tonight: Error code: 429 - {'error': {'message': 'Too Many Requests', 'type': 'too_many_requests', 'param': None, 'code': 'too_many_requests'}}
Failed for Armor For Sleep - My Town: Error code: 429 - {'error': {'message': 'Too Many Requests', 'type': 'too_many_requests', 'param': None, 'code': 'too_many_requests'}}
Failed for Dj Shadow - Un Autre Introduction: Error code: 429 - {'error': {'message': 'Too Many Requests', 'type': 'too_many_requests', 'param': None, 'code': 'too_many_requests'}}
Failed for Stina Nordenstam - Parliament Square (The Knife Remix): Error code: 429 - {'error': {'message': 'Too Many Requests', 'type': 'too_many_requests', 'param': None, 'code': 'too_many_requests'}}
Failed for The Album Leaf - Another Day: Error code: 429 - {'error': {'message': 'Too Many Requests', 'type': 'too_many_requests', 'param': None, 'code': 'too_many_requests'}}
Failed for Korn - Souvenir: Error code: 429 - {'error': {'message': 'Too Many Requests', 'type': 'too_many_requests', 'param': None, 'code': 'too_many_requests'}}
Failed for Blind Guardian - The Curse Of Feanor: Error code: 429 - {'error': {'message': 'Too Many Requests', 'type': 'too_many_requests', 'param': None, 'code': 'too_many_requests'}}
Failed for Delta Goodrem - Innocent Eyes: Error code: 429 - {'error': {'message': 'Too Many Requests', 'type': 'too_many_requests', 'param': None, 'code': 'too_many_requests'}}
2600/2988 done
Failed for Citizen Cope - Son'S Gonna Rise: Error code: 429 - {'error': {'message': 'Too Many Requests', 'type': 'too_many_requests', 'param': None, 'code': 'too_many_requests'}}
Failed for Shpongle - The Stamen Of The Shamen: Error code: 429 - {'error': {'message': 'Too Many Requests', 'type': 'too_many_requests', 'param': None, 'code': 'too_many_requests'}}
Failed for Paul Oakenfold - Ready Steady Go: Error code: 429 - {'error': {'message': 'Too Many Requests', 'type': 'too_many_requests', 'param': None, 'code': 'too_many_requests'}}
Failed for Boris - Pink: Error code: 429 - {'error': {'message': 'Too Many Requests', 'type': 'too_many_requests', 'param': None, 'code': 'too_many_requests'}}
Failed for Shpongle - ...But Nothing Is Lost: Error code: 429 - {'error': {'message': 'Too Many Requests', 'type': 'too_many_requests', 'param': None, 'code': 'too_many_requests'}}
Failed for Vampire Weekend - One: Error code: 429 - {'error': {'message': 'Too Many Requests', 'type': 'too_many_requests', 'param': None, 'code': 'too_many_requests'}}
Failed for Madonna - Hung Up (Radio Edit): Error code: 429 - {'error': {'message': 'Too Many Requests', 'type': 'too_many_requests', 'param': None, 'code': 'too_many_requests'}}
Failed for Love Is All - Used Goods: Error code: 429 - {'error': {'message': 'Too Many Requests', 'type': 'too_many_requests', 'param': None, 'code': 'too_many_requests'}}
Failed for Scorpions - Is There Anybody There?: Error code: 429 - {'error': {'message': 'Too Many Requests', 'type': 'too_many_requests', 'param': None, 'code': 'too_many_requests'}}
Failed for Soda Stereo - Danza Rota: Error code: 429 - {'error': {'message': 'Too Many Requests', 'type': 'too_many_requests', 'param': None, 'code': 'too_many_requests'}}
Failed for Sparklehorse - Shade And Honey: Error code: 429 - {'error': {'message': 'Too Many Requests', 'type': 'too_many_requests', 'param': None, 'code': 'too_many_requests'}}
Failed for Babyshambles - The Blinding: Error code: 429 - {'error': {'message': 'Too Many Requests', 'type': 'too_many_requests', 'param': None, 'code': 'too_many_requests'}}
Failed for Casiotone For The Painfully Alone - Bobby Malone Moves Home: Error code: 429 - {'error': {'message': 'Too Many Requests', 'type': 'too_many_requests', 'param': None, 'code': 'too_many_requests'}}
Failed for Junior Boys - Fm: Error code: 429 - {'error': {'message': 'Too Many Requests', 'type': 'too_many_requests', 'param': None, 'code': 'too_many_requests'}}
Failed for Elbow - Any Day Now: Error code: 429 - {'error': {'message': 'Too Many Requests', 'type': 'too_many_requests', 'param': None, 'code': 'too_many_requests'}}
Failed for The Cardigans - Live And Learn: Error code: 429 - {'error': {'message': 'Too Many Requests', 'type': 'too_many_requests', 'param': None, 'code': 'too_many_requests'}}
Failed for Clint Mansell - Summer: Coney Island Dreaming: Error code: 429 - {'error': {'message': 'Too Many Requests', 'type': 'too_many_requests', 'param': None, 'code': 'too_many_requests'}}
Failed for Funeral For A Friend - Red Is The New Black: Error code: 429 - {'error': {'message': 'Too Many Requests', 'type': 'too_many_requests', 'param': None, 'code': 'too_many_requests'}}
Failed for Amel Larrieux - Weary: Error code: 429 - {'error': {'message': 'Too Many Requests', 'type': 'too_many_requests', 'param': None, 'code': 'too_many_requests'}}
Failed for New Young Pony Club - Descend: Error code: 429 - {'error': {'message': 'Too Many Requests', 'type': 'too_many_requests', 'param': None, 'code': 'too_many_requests'}}
Failed for Bel Canto - Night Lady: Error code: 429 - {'error': {'message': 'Too Many Requests', 'type': 'too_many_requests', 'param': None, 'code': 'too_many_requests'}}
Failed for White Lies - E.S.T.: Error code: 429 - {'error': {'message': 'Too Many Requests', 'type': 'too_many_requests', 'param': None, 'code': 'too_many_requests'}}
Failed for I:Cube - Adore: Error code: 429 - {'error': {'message': 'Too Many Requests', 'type': 'too_many_requests', 'param': None, 'code': 'too_many_requests'}}
Failed for Combichrist - Today I Woke To The Rain Of Blood: Error code: 429 - {'error': {'message': 'Too Many Requests', 'type': 'too_many_requests', 'param': None, 'code': 'too_many_requests'}}
Failed for High And Mighty Color - Pride: Error code: 429 - {'error': {'message': 'Too Many Requests', 'type': 'too_many_requests', 'param': None, 'code': 'too_many_requests'}}
Failed for Yeasayer - Wait For The Summer: Error code: 429 - {'error': {'message': 'Too Many Requests', 'type': 'too_many_requests', 'param': None, 'code': 'too_many_requests'}}
Failed for Nirvana - Mr. Moustache: Error code: 429 - {'error': {'message': 'Too Many Requests', 'type': 'too_many_requests', 'param': None, 'code': 'too_many_requests'}}
Failed for Paul Simon - Diamonds On The Soles Of Her Shoes: Error code: 429 - {'error': {'message': 'Too Many Requests', 'type': 'too_many_requests', 'param': None, 'code': 'too_many_requests'}}
Failed for Rooney - I'M A Terrible Person: Error code: 429 - {'error': {'message': 'Too Many Requests', 'type': 'too_many_requests', 'param': None, 'code': 'too_many_requests'}}
Failed for Dave Matthews Band - Too Much: Error code: 429 - {'error': {'message': 'Too Many Requests', 'type': 'too_many_requests', 'param': None, 'code': 'too_many_requests'}}
Failed for Mewithoutyou - The Ghost: Error code: 429 - {'error': {'message': 'Too Many Requests', 'type': 'too_many_requests', 'param': None, 'code': 'too_many_requests'}}
Failed for Errors - Mr Milk: Error code: 429 - {'error': {'message': 'Too Many Requests', 'type': 'too_many_requests', 'param': None, 'code': 'too_many_requests'}}
Failed for R.E.M. - Near Wild Heaven: Error code: 429 - {'error': {'message': 'Too Many Requests', 'type': 'too_many_requests', 'param': None, 'code': 'too_many_requests'}}
Failed for Massive Attack - Better Things: Error code: 429 - {'error': {'message': 'Too Many Requests', 'type': 'too_many_requests', 'param': None, 'code': 'too_many_requests'}}
Failed for Ultravox - Hiroshima Mon Amour: Error code: 429 - {'error': {'message': 'Too Many Requests', 'type': 'too_many_requests', 'param': None, 'code': 'too_many_requests'}}
Failed for Slayer - Catalyst: Error code: 429 - {'error': {'message': 'Too Many Requests', 'type': 'too_many_requests', 'param': None, 'code': 'too_many_requests'}}
Failed for Roxette - One Wish: Error code: 429 - {'error': {'message': 'Too Many Requests', 'type': 'too_many_requests', 'param': None, 'code': 'too_many_requests'}}
Failed for Anna Nalick - Wreck Of The Day ('06 Version): Error code: 429 - {'error': {'message': 'Too Many Requests', 'type': 'too_many_requests', 'param': None, 'code': 'too_many_requests'}}
Failed for Anna Nalick - Bleed: Error code: 429 - {'error': {'message': 'Too Many Requests', 'type': 'too_many_requests', 'param': None, 'code': 'too_many_requests'}}
Failed for Roxette - Fading Like A Flower: Error code: 429 - {'error': {'message': 'Too Many Requests', 'type': 'too_many_requests', 'param': None, 'code': 'too_many_requests'}}
Failed for Deftones - Lucky You: Error code: 429 - {'error': {'message': 'Too Many Requests', 'type': 'too_many_requests', 'param': None, 'code': 'too_many_requests'}}
Failed for Dan Deacon - The Crystal Cat: Error code: 429 - {'error': {'message': 'Too Many Requests', 'type': 'too_many_requests', 'param': None, 'code': 'too_many_requests'}}
Failed for The House Of Love - Christine: Error code: 429 - {'error': {'message': 'Too Many Requests', 'type': 'too_many_requests', 'param': None, 'code': 'too_many_requests'}}
Failed for Frozen Silence - Childhood: Error code: 429 - {'error': {'message': 'Too Many Requests', 'type': 'too_many_requests', 'param': None, 'code': 'too_many_requests'}}
Failed for Friendly Fires - Lovesick: Error code: 429 - {'error': {'message': 'Too Many Requests', 'type': 'too_many_requests', 'param': None, 'code': 'too_many_requests'}}
Failed for The New Pornographers - Entering White Cecilia: Error code: 429 - {'error': {'message': 'Too Many Requests', 'type': 'too_many_requests', 'param': None, 'code': 'too_many_requests'}}
Failed for Frédéric Chopin - Op 9 Nr. 2 In Es-Dur: Error code: 429 - {'error': {'message': 'Too Many Requests', 'type': 'too_many_requests', 'param': None, 'code': 'too_many_requests'}}
Failed for The Cardigans - And Then You Kissed Me: Error code: 429 - {'error': {'message': 'Too Many Requests', 'type': 'too_many_requests', 'param': None, 'code': 'too_many_requests'}}
Failed for Jason Mraz - Too Much Food: Error code: 429 - {'error': {'message': 'Too Many Requests', 'type': 'too_many_requests', 'param': None, 'code': 'too_many_requests'}}
Failed for In Flames - Worlds Within The Margin: Error code: 429 - {'error': {'message': 'Too Many Requests', 'type': 'too_many_requests', 'param': None, 'code': 'too_many_requests'}}
Failed for Bob Dylan - Maggie'S Farm: Error code: 429 - {'error': {'message': 'Too Many Requests', 'type': 'too_many_requests', 'param': None, 'code': 'too_many_requests'}}
Failed for Jason Mraz - Lucky (Feat. Colbie Caillat): Error code: 429 - {'error': {'message': 'Too Many Requests', 'type': 'too_many_requests', 'param': None, 'code': 'too_many_requests'}}
Failed for The Adverts - One Chord Wonders: Error code: 429 - {'error': {'message': 'Too Many Requests', 'type': 'too_many_requests', 'param': None, 'code': 'too_many_requests'}}
Failed for P!Nk - Runaway: Error code: 429 - {'error': {'message': 'Too Many Requests', 'type': 'too_many_requests', 'param': None, 'code': 'too_many_requests'}}
Failed for The Cardigans - Erase-Rewind: Error code: 429 - {'error': {'message': 'Too Many Requests', 'type': 'too_many_requests', 'param': None, 'code': 'too_many_requests'}}
Failed for Tori Amos - Me And A Gun: Error code: 429 - {'error': {'message': 'Too Many Requests', 'type': 'too_many_requests', 'param': None, 'code': 'too_many_requests'}}
Failed for Frightened Rabbit - The Modern Leper: Error code: 429 - {'error': {'message': 'Too Many Requests', 'type': 'too_many_requests', 'param': None, 'code': 'too_many_requests'}}
Failed for Tactical Sekt - Xfixiation: Error code: 429 - {'error': {'message': 'Too Many Requests', 'type': 'too_many_requests', 'param': None, 'code': 'too_many_requests'}}
Failed for Junior Jack - Stupidisco: Error code: 429 - {'error': {'message': 'Too Many Requests', 'type': 'too_many_requests', 'param': None, 'code': 'too_many_requests'}}
Failed for Alizée - Moi... Lolita: Error code: 429 - {'error': {'message': 'Too Many Requests', 'type': 'too_many_requests', 'param': None, 'code': 'too_many_requests'}}
Failed for Deltron 3030 - Positive Contact: Error code: 429 - {'error': {'message': 'Too Many Requests', 'type': 'too_many_requests', 'param': None, 'code': 'too_many_requests'}}
Failed for Scott Matthews - Elusive: Error code: 429 - {'error': {'message': 'Too Many Requests', 'type': 'too_many_requests', 'param': None, 'code': 'too_many_requests'}}
Failed for Pink Floyd - Jugband Blues: Error code: 429 - {'error': {'message': 'Too Many Requests', 'type': 'too_many_requests', 'param': None, 'code': 'too_many_requests'}}
Failed for The Cure - Maybe Someday: Error code: 429 - {'error': {'message': 'Too Many Requests', 'type': 'too_many_requests', 'param': None, 'code': 'too_many_requests'}}
Failed for I'M From Barcelona - Barcelona Loves You: Error code: 429 - {'error': {'message': 'Too Many Requests', 'type': 'too_many_requests', 'param': None, 'code': 'too_many_requests'}}
Failed for Stevie Nicks - Edge Of Seventeen: Error code: 429 - {'error': {'message': 'Too Many Requests', 'type': 'too_many_requests', 'param': None, 'code': 'too_many_requests'}}
Failed for Madonna - Give It To Me: Error code: 429 - {'error': {'message': 'Too Many Requests', 'type': 'too_many_requests', 'param': None, 'code': 'too_many_requests'}}
Failed for Soilwork - As The Sleeper Awakes: Error code: 429 - {'error': {'message': 'Too Many Requests', 'type': 'too_many_requests', 'param': None, 'code': 'too_many_requests'}}
Failed for Ryan Adams - How Do You Keep Love Alive: Error code: 429 - {'error': {'message': 'Too Many Requests', 'type': 'too_many_requests', 'param': None, 'code': 'too_many_requests'}}
Failed for Velvet Revolver - Big Machine: Error code: 429 - {'error': {'message': 'Too Many Requests', 'type': 'too_many_requests', 'param': None, 'code': 'too_many_requests'}}
Failed for Rush - The Twilight Zone: Error code: 429 - {'error': {'message': 'Too Many Requests', 'type': 'too_many_requests', 'param': None, 'code': 'too_many_requests'}}
Failed for Meshuggah - The Paradoxical Spiral: Error code: 429 - {'error': {'message': 'Too Many Requests', 'type': 'too_many_requests', 'param': None, 'code': 'too_many_requests'}}
Failed for Thursday - Cross Out The Eyes: Error code: 429 - {'error': {'message': 'Too Many Requests', 'type': 'too_many_requests', 'param': None, 'code': 'too_many_requests'}}
Failed for The Used - Buried Myself Alive: Error code: 429 - {'error': {'message': 'Too Many Requests', 'type': 'too_many_requests', 'param': None, 'code': 'too_many_requests'}}
Failed for Moderat - Rusty Nails: Error code: 429 - {'error': {'message': 'Too Many Requests', 'type': 'too_many_requests', 'param': None, 'code': 'too_many_requests'}}
Failed for Built To Spill - Strange: Error code: 429 - {'error': {'message': 'Too Many Requests', 'type': 'too_many_requests', 'param': None, 'code': 'too_many_requests'}}
Failed for Finntroll - Eliytres: Error code: 429 - {'error': {'message': 'Too Many Requests', 'type': 'too_many_requests', 'param': None, 'code': 'too_many_requests'}}
Failed for The New Pornographers - Chump Change: Error code: 429 - {'error': {'message': 'Too Many Requests', 'type': 'too_many_requests', 'param': None, 'code': 'too_many_requests'}}
Failed for Judas Priest - Freewheel Burning: Error code: 429 - {'error': {'message': 'Too Many Requests', 'type': 'too_many_requests', 'param': None, 'code': 'too_many_requests'}}
Failed for Amorphis - Shatters Within: Error code: 429 - {'error': {'message': 'Too Many Requests', 'type': 'too_many_requests', 'param': None, 'code': 'too_many_requests'}}
Failed for Tool - You Lied (Live): Error code: 429 - {'error': {'message': 'Too Many Requests', 'type': 'too_many_requests', 'param': None, 'code': 'too_many_requests'}}
Failed for Rush - Armor And Sword: Error code: 429 - {'error': {'message': 'Too Many Requests', 'type': 'too_many_requests', 'param': None, 'code': 'too_many_requests'}}
Failed for Silver Jews - Smith & Jones Forever: Error code: 429 - {'error': {'message': 'Too Many Requests', 'type': 'too_many_requests', 'param': None, 'code': 'too_many_requests'}}
Failed for Built To Spill - Twin Falls: Error code: 429 - {'error': {'message': 'Too Many Requests', 'type': 'too_many_requests', 'param': None, 'code': 'too_many_requests'}}
Failed for Gossip - Keeping You Alive: Error code: 429 - {'error': {'message': 'Too Many Requests', 'type': 'too_many_requests', 'param': None, 'code': 'too_many_requests'}}
Failed for Brazilian Girls - All We Have: Error code: 429 - {'error': {'message': 'Too Many Requests', 'type': 'too_many_requests', 'param': None, 'code': 'too_many_requests'}}
Failed for Russian Circles - Death Rides A Horse: Error code: 429 - {'error': {'message': 'Too Many Requests', 'type': 'too_many_requests', 'param': None, 'code': 'too_many_requests'}}
Failed for Spacemen 3 - Ode To Street Hassle: Error code: 429 - {'error': {'message': 'Too Many Requests', 'type': 'too_many_requests', 'param': None, 'code': 'too_many_requests'}}
Failed for The Young Knives - Mystic Energy: Error code: 429 - {'error': {'message': 'Too Many Requests', 'type': 'too_many_requests', 'param': None, 'code': 'too_many_requests'}}
Failed for Au Revoir Simone - Where You Go: Error code: 429 - {'error': {'message': 'Too Many Requests', 'type': 'too_many_requests', 'param': None, 'code': 'too_many_requests'}}
Failed for Vnv Nation - Holding On: Error code: 429 - {'error': {'message': 'Too Many Requests', 'type': 'too_many_requests', 'param': None, 'code': 'too_many_requests'}}
Failed for Alexisonfire - Control: Error code: 429 - {'error': {'message': 'Too Many Requests', 'type': 'too_many_requests', 'param': None, 'code': 'too_many_requests'}}
Failed for The Raveonettes - Uncertain Times: Error code: 429 - {'error': {'message': 'Too Many Requests', 'type': 'too_many_requests', 'param': None, 'code': 'too_many_requests'}}
Failed for Bertine Zetlitz - Apples And Diamonds: Error code: 429 - {'error': {'message': 'Too Many Requests', 'type': 'too_many_requests', 'param': None, 'code': 'too_many_requests'}}
Failed for Murcof - Recuerdos: Error code: 429 - {'error': {'message': 'Too Many Requests', 'type': 'too_many_requests', 'param': None, 'code': 'too_many_requests'}}
Failed for Tenacious D - Friendship: Error code: 429 - {'error': {'message': 'Too Many Requests', 'type': 'too_many_requests', 'param': None, 'code': 'too_many_requests'}}
Failed for The Hold Steady - Citrus: Error code: 429 - {'error': {'message': 'Too Many Requests', 'type': 'too_many_requests', 'param': None, 'code': 'too_many_requests'}}
2700/2988 done
Failed for Sade - The Sweetest Gift: Error code: 429 - {'error': {'message': 'Too Many Requests', 'type': 'too_many_requests', 'param': None, 'code': 'too_many_requests'}}
Failed for Vast - Turquoise: Error code: 429 - {'error': {'message': 'Too Many Requests', 'type': 'too_many_requests', 'param': None, 'code': 'too_many_requests'}}
Failed for Nelly Furtado - What I Wanted: Error code: 429 - {'error': {'message': 'Too Many Requests', 'type': 'too_many_requests', 'param': None, 'code': 'too_many_requests'}}
Failed for Joss Stone - Don'T Cha Wanna Ride: Error code: 429 - {'error': {'message': 'Too Many Requests', 'type': 'too_many_requests', 'param': None, 'code': 'too_many_requests'}}
Failed for Moloko - Pure Pleasure Seeker: Error code: 429 - {'error': {'message': 'Too Many Requests', 'type': 'too_many_requests', 'param': None, 'code': 'too_many_requests'}}
Failed for Joy Division - 24 Hours: Error code: 429 - {'error': {'message': 'Too Many Requests', 'type': 'too_many_requests', 'param': None, 'code': 'too_many_requests'}}
Failed for Papa Roach - Between Angels And Insects: Error code: 429 - {'error': {'message': 'Too Many Requests', 'type': 'too_many_requests', 'param': None, 'code': 'too_many_requests'}}
Failed for Eels - Mr. E'S Beautiful Blues: Error code: 429 - {'error': {'message': 'Too Many Requests', 'type': 'too_many_requests', 'param': None, 'code': 'too_many_requests'}}
Failed for The Beatles - Within You Without You / Tomorrow Never Knows: Error code: 429 - {'error': {'message': 'Too Many Requests', 'type': 'too_many_requests', 'param': None, 'code': 'too_many_requests'}}
Failed for Sofie - Anikse Tin Porta: Error code: 429 - {'error': {'message': 'Too Many Requests', 'type': 'too_many_requests', 'param': None, 'code': 'too_many_requests'}}
Failed for Anton Maiden - Futureal: Error code: 429 - {'error': {'message': 'Too Many Requests', 'type': 'too_many_requests', 'param': None, 'code': 'too_many_requests'}}
Failed for Whitesnake - Walking In The Shadow Of The Blues: Error code: 429 - {'error': {'message': 'Too Many Requests', 'type': 'too_many_requests', 'param': None, 'code': 'too_many_requests'}}
Failed for Tristania - World Of Glass: Error code: 429 - {'error': {'message': 'Too Many Requests', 'type': 'too_many_requests', 'param': None, 'code': 'too_many_requests'}}
Failed for The Jesus And Mary Chain - Halfway To Crazy: Error code: 429 - {'error': {'message': 'Too Many Requests', 'type': 'too_many_requests', 'param': None, 'code': 'too_many_requests'}}
Failed for José González - In Our Nature: Error code: 429 - {'error': {'message': 'Too Many Requests', 'type': 'too_many_requests', 'param': None, 'code': 'too_many_requests'}}
Failed for Fleet Foxes - Drops In The River: Error code: 429 - {'error': {'message': 'Too Many Requests', 'type': 'too_many_requests', 'param': None, 'code': 'too_many_requests'}}
Failed for Black Star - Yo Yeah: Error code: 429 - {'error': {'message': 'Too Many Requests', 'type': 'too_many_requests', 'param': None, 'code': 'too_many_requests'}}
Failed for Hypocrisy - Slave To The Parasites: Error code: 429 - {'error': {'message': 'Too Many Requests', 'type': 'too_many_requests', 'param': None, 'code': 'too_many_requests'}}
Failed for The Smashing Pumpkins - Blank Page: Error code: 429 - {'error': {'message': 'Too Many Requests', 'type': 'too_many_requests', 'param': None, 'code': 'too_many_requests'}}
Failed for Pendulum - Streamline: Error code: 429 - {'error': {'message': 'Too Many Requests', 'type': 'too_many_requests', 'param': None, 'code': 'too_many_requests'}}
Failed for Joy Division - From Safety To Where: Error code: 429 - {'error': {'message': 'Too Many Requests', 'type': 'too_many_requests', 'param': None, 'code': 'too_many_requests'}}
Failed for The Long Blondes - Nostalgia: Error code: 429 - {'error': {'message': 'Too Many Requests', 'type': 'too_many_requests', 'param': None, 'code': 'too_many_requests'}}
Failed for Nevermore - Final Product: Error code: 429 - {'error': {'message': 'Too Many Requests', 'type': 'too_many_requests', 'param': None, 'code': 'too_many_requests'}}
Failed for Annie - Helpless Fool For Love: Error code: 429 - {'error': {'message': 'Too Many Requests', 'type': 'too_many_requests', 'param': None, 'code': 'too_many_requests'}}
Failed for Ramones - Glad To See You Go: Error code: 429 - {'error': {'message': 'Too Many Requests', 'type': 'too_many_requests', 'param': None, 'code': 'too_many_requests'}}
Failed for This Will Destroy You - Burial On The Presidio Banks: Error code: 429 - {'error': {'message': 'Too Many Requests', 'type': 'too_many_requests', 'param': None, 'code': 'too_many_requests'}}
Failed for Deerhoof - Twin Killers: Error code: 429 - {'error': {'message': 'Too Many Requests', 'type': 'too_many_requests', 'param': None, 'code': 'too_many_requests'}}
Failed for Sade - Somebody Already Broke My Heart: Error code: 429 - {'error': {'message': 'Too Many Requests', 'type': 'too_many_requests', 'param': None, 'code': 'too_many_requests'}}
Failed for Janet Jackson - Together Again: Error code: 429 - {'error': {'message': 'Too Many Requests', 'type': 'too_many_requests', 'param': None, 'code': 'too_many_requests'}}
Failed for Talking Heads - Cities: Error code: 429 - {'error': {'message': 'Too Many Requests', 'type': 'too_many_requests', 'param': None, 'code': 'too_many_requests'}}
Failed for Joni Mitchell - My Old Man: Error code: 429 - {'error': {'message': 'Too Many Requests', 'type': 'too_many_requests', 'param': None, 'code': 'too_many_requests'}}
Failed for Sonic Syndicate - Double Agent 616: Error code: 429 - {'error': {'message': 'Too Many Requests', 'type': 'too_many_requests', 'param': None, 'code': 'too_many_requests'}}
Failed for Jamie Lidell - Another Day: Error code: 429 - {'error': {'message': 'Too Many Requests', 'type': 'too_many_requests', 'param': None, 'code': 'too_many_requests'}}
Failed for Flogging Molly - Salty Dog: Error code: 429 - {'error': {'message': 'Too Many Requests', 'type': 'too_many_requests', 'param': None, 'code': 'too_many_requests'}}
Failed for Flying Lotus - Brainfeeder: Error code: 429 - {'error': {'message': 'Too Many Requests', 'type': 'too_many_requests', 'param': None, 'code': 'too_many_requests'}}
Failed for Four Tet - First Thing: Error code: 429 - {'error': {'message': 'Too Many Requests', 'type': 'too_many_requests', 'param': None, 'code': 'too_many_requests'}}
Failed for Say Hi To Your Mom - Let'S Talk About Spaceships: Error code: 429 - {'error': {'message': 'Too Many Requests', 'type': 'too_many_requests', 'param': None, 'code': 'too_many_requests'}}
Failed for Sade - Cherish The Day: Error code: 429 - {'error': {'message': 'Too Many Requests', 'type': 'too_many_requests', 'param': None, 'code': 'too_many_requests'}}
Failed for Afi - Ever And A Day: Error code: 429 - {'error': {'message': 'Too Many Requests', 'type': 'too_many_requests', 'param': None, 'code': 'too_many_requests'}}
Failed for Hank Williams Iii - Things You Do To Me: Error code: 429 - {'error': {'message': 'Too Many Requests', 'type': 'too_many_requests', 'param': None, 'code': 'too_many_requests'}}
Failed for Nouvelle Vague - Escape Myself: Error code: 429 - {'error': {'message': 'Too Many Requests', 'type': 'too_many_requests', 'param': None, 'code': 'too_many_requests'}}
Failed for Yeah Yeah Yeahs - Isis: Error code: 429 - {'error': {'message': 'Too Many Requests', 'type': 'too_many_requests', 'param': None, 'code': 'too_many_requests'}}
Failed for Air - Surfin On A Rock: Error code: 429 - {'error': {'message': 'Too Many Requests', 'type': 'too_many_requests', 'param': None, 'code': 'too_many_requests'}}
Failed for Diablo - Lovedivided: Error code: 429 - {'error': {'message': 'Too Many Requests', 'type': 'too_many_requests', 'param': None, 'code': 'too_many_requests'}}
Failed for W.A.S.P. - Wild Child: Error code: 429 - {'error': {'message': 'Too Many Requests', 'type': 'too_many_requests', 'param': None, 'code': 'too_many_requests'}}
Failed for Black Rebel Motorcycle Club - Going Under: Error code: 429 - {'error': {'message': 'Too Many Requests', 'type': 'too_many_requests', 'param': None, 'code': 'too_many_requests'}}
Failed for The Smashing Pumpkins - Where Boys Fear To Tread: Error code: 429 - {'error': {'message': 'Too Many Requests', 'type': 'too_many_requests', 'param': None, 'code': 'too_many_requests'}}
Failed for Boney M. - Daddy Cool: Error code: 429 - {'error': {'message': 'Too Many Requests', 'type': 'too_many_requests', 'param': None, 'code': 'too_many_requests'}}
Failed for Afi - Strength Through Wounding: Error code: 429 - {'error': {'message': 'Too Many Requests', 'type': 'too_many_requests', 'param': None, 'code': 'too_many_requests'}}
Failed for The Notorious B.I.G. - Warning: Error code: 429 - {'error': {'message': 'Too Many Requests', 'type': 'too_many_requests', 'param': None, 'code': 'too_many_requests'}}
Failed for Emilíana Torrini - Baby Blue: Error code: 429 - {'error': {'message': 'Too Many Requests', 'type': 'too_many_requests', 'param': None, 'code': 'too_many_requests'}}
Failed for The Boy Least Likely To - Warm Panda Cola: Error code: 429 - {'error': {'message': 'Too Many Requests', 'type': 'too_many_requests', 'param': None, 'code': 'too_many_requests'}}
Failed for Can - Oh Yeah: Error code: 429 - {'error': {'message': 'Too Many Requests', 'type': 'too_many_requests', 'param': None, 'code': 'too_many_requests'}}
Failed for The Cure - Three Imaginary Boys: Error code: 429 - {'error': {'message': 'Too Many Requests', 'type': 'too_many_requests', 'param': None, 'code': 'too_many_requests'}}
Failed for The Cure - Why Can'T I Be You: Error code: 429 - {'error': {'message': 'Too Many Requests', 'type': 'too_many_requests', 'param': None, 'code': 'too_many_requests'}}
Failed for Bonobo - Wayward Bob: Error code: 429 - {'error': {'message': 'Too Many Requests', 'type': 'too_many_requests', 'param': None, 'code': 'too_many_requests'}}
Failed for Kylie Minogue - Stars: Error code: 429 - {'error': {'message': 'Too Many Requests', 'type': 'too_many_requests', 'param': None, 'code': 'too_many_requests'}}
Failed for Norah Jones - Not My Friend: Error code: 429 - {'error': {'message': 'Too Many Requests', 'type': 'too_many_requests', 'param': None, 'code': 'too_many_requests'}}
Failed for Jewel - You Were Meant For Me: Error code: 429 - {'error': {'message': 'Too Many Requests', 'type': 'too_many_requests', 'param': None, 'code': 'too_many_requests'}}
Failed for Green Day - Having A Blast: Error code: 429 - {'error': {'message': 'Too Many Requests', 'type': 'too_many_requests', 'param': None, 'code': 'too_many_requests'}}
Failed for Sun Kil Moon - Lily And Parrots: Error code: 429 - {'error': {'message': 'Too Many Requests', 'type': 'too_many_requests', 'param': None, 'code': 'too_many_requests'}}
Failed for The Tornadoes - Bustin' Surfboards: Error code: 429 - {'error': {'message': 'Too Many Requests', 'type': 'too_many_requests', 'param': None, 'code': 'too_many_requests'}}
Failed for Air Traffic - Shooting Star: Error code: 429 - {'error': {'message': 'Too Many Requests', 'type': 'too_many_requests', 'param': None, 'code': 'too_many_requests'}}
Failed for Lo-Fi-Fnk - City: Error code: 429 - {'error': {'message': 'Too Many Requests', 'type': 'too_many_requests', 'param': None, 'code': 'too_many_requests'}}
Failed for The Jesus And Mary Chain - Almost Gold: Error code: 429 - {'error': {'message': 'Too Many Requests', 'type': 'too_many_requests', 'param': None, 'code': 'too_many_requests'}}
Failed for Supergrass - Bad Blood: Error code: 429 - {'error': {'message': 'Too Many Requests', 'type': 'too_many_requests', 'param': None, 'code': 'too_many_requests'}}
Failed for Radiohead - Fog (Again) (Live): Error code: 429 - {'error': {'message': 'Too Many Requests', 'type': 'too_many_requests', 'param': None, 'code': 'too_many_requests'}}
Failed for Lmc Vs. U2 - Take Me To The Clouds Above: Error code: 429 - {'error': {'message': 'Too Many Requests', 'type': 'too_many_requests', 'param': None, 'code': 'too_many_requests'}}
Failed for Kyuss - Demon Cleaner: Error code: 429 - {'error': {'message': 'Too Many Requests', 'type': 'too_many_requests', 'param': None, 'code': 'too_many_requests'}}
Failed for Tori Amos - Carbon: Error code: 429 - {'error': {'message': 'Too Many Requests', 'type': 'too_many_requests', 'param': None, 'code': 'too_many_requests'}}
Failed for Sublime - Same In The End: Error code: 429 - {'error': {'message': 'Too Many Requests', 'type': 'too_many_requests', 'param': None, 'code': 'too_many_requests'}}
Failed for Lo-Fi-Fnk - Adore: Error code: 429 - {'error': {'message': 'Too Many Requests', 'type': 'too_many_requests', 'param': None, 'code': 'too_many_requests'}}
Failed for Dimmu Borgir - The Conspiracy Unfolds: Error code: 429 - {'error': {'message': 'Too Many Requests', 'type': 'too_many_requests', 'param': None, 'code': 'too_many_requests'}}
Failed for Neil Young - Alabama: Error code: 429 - {'error': {'message': 'Too Many Requests', 'type': 'too_many_requests', 'param': None, 'code': 'too_many_requests'}}
Failed for The Libertines - Road To Ruin: Error code: 429 - {'error': {'message': 'Too Many Requests', 'type': 'too_many_requests', 'param': None, 'code': 'too_many_requests'}}
Failed for Michael Nyman - The Promise: Error code: 429 - {'error': {'message': 'Too Many Requests', 'type': 'too_many_requests', 'param': None, 'code': 'too_many_requests'}}
Failed for The Black Angels - 18 Years: Error code: 429 - {'error': {'message': 'Too Many Requests', 'type': 'too_many_requests', 'param': None, 'code': 'too_many_requests'}}
Failed for Mastodon - Welcoming War: Error code: 429 - {'error': {'message': 'Too Many Requests', 'type': 'too_many_requests', 'param': None, 'code': 'too_many_requests'}}
Failed for Sarah Mclachlan - Possession: Error code: 429 - {'error': {'message': 'Too Many Requests', 'type': 'too_many_requests', 'param': None, 'code': 'too_many_requests'}}
Failed for Sarah Mclachlan - I Will Remember You: Error code: 429 - {'error': {'message': 'Too Many Requests', 'type': 'too_many_requests', 'param': None, 'code': 'too_many_requests'}}
Failed for Ween - My Own Bare Hands: Error code: 429 - {'error': {'message': 'Too Many Requests', 'type': 'too_many_requests', 'param': None, 'code': 'too_many_requests'}}
Failed for Ween - Object: Error code: 429 - {'error': {'message': 'Too Many Requests', 'type': 'too_many_requests', 'param': None, 'code': 'too_many_requests'}}
Failed for Nightwish - Deep Silent Complete: Error code: 429 - {'error': {'message': 'Too Many Requests', 'type': 'too_many_requests', 'param': None, 'code': 'too_many_requests'}}
Failed for Amanda Palmer - Ampersand: Error code: 429 - {'error': {'message': 'Too Many Requests', 'type': 'too_many_requests', 'param': None, 'code': 'too_many_requests'}}
Failed for Buddy Holly - That'Ll Be The Day: Error code: 429 - {'error': {'message': 'Too Many Requests', 'type': 'too_many_requests', 'param': None, 'code': 'too_many_requests'}}
Failed for Kraftwerk - Tour De France: Error code: 429 - {'error': {'message': 'Too Many Requests', 'type': 'too_many_requests', 'param': None, 'code': 'too_many_requests'}}
Failed for Counting Crows - Ghost Train: Error code: 429 - {'error': {'message': 'Too Many Requests', 'type': 'too_many_requests', 'param': None, 'code': 'too_many_requests'}}
Failed for Beastie Boys - Root Down: Error code: 429 - {'error': {'message': 'Too Many Requests', 'type': 'too_many_requests', 'param': None, 'code': 'too_many_requests'}}
Failed for Reverend And The Makers - He Said He Loved Me: Error code: 429 - {'error': {'message': 'Too Many Requests', 'type': 'too_many_requests', 'param': None, 'code': 'too_many_requests'}}
Failed for Dark Funeral - The Arrival Of Satan'S Empire: Error code: 429 - {'error': {'message': 'Too Many Requests', 'type': 'too_many_requests', 'param': None, 'code': 'too_many_requests'}}
Failed for Faith No More - Digging The Grave: Error code: 429 - {'error': {'message': 'Too Many Requests', 'type': 'too_many_requests', 'param': None, 'code': 'too_many_requests'}}
Failed for The Streets - The Hardest Way To Make An Easy Living: Error code: 429 - {'error': {'message': 'Too Many Requests', 'type': 'too_many_requests', 'param': None, 'code': 'too_many_requests'}}
Failed for Nine Inch Nails - 11 Ghosts Ii: Error code: 429 - {'error': {'message': 'Too Many Requests', 'type': 'too_many_requests', 'param': None, 'code': 'too_many_requests'}}
Failed for Nightmares On Wax - The Sweetest: Error code: 429 - {'error': {'message': 'Too Many Requests', 'type': 'too_many_requests', 'param': None, 'code': 'too_many_requests'}}
Failed for The Pussycat Dolls - Don'T Cha: Error code: 429 - {'error': {'message': 'Too Many Requests', 'type': 'too_many_requests', 'param': None, 'code': 'too_many_requests'}}
Failed for Brian Eno - St. Elmo'S Fire: Error code: 429 - {'error': {'message': 'Too Many Requests', 'type': 'too_many_requests', 'param': None, 'code': 'too_many_requests'}}
Failed for The Presets - A New Sky: Error code: 429 - {'error': {'message': 'Too Many Requests', 'type': 'too_many_requests', 'param': None, 'code': 'too_many_requests'}}
2800/2988 done
Failed for Turbonegro - I Got Erection: Error code: 429 - {'error': {'message': 'Too Many Requests', 'type': 'too_many_requests', 'param': None, 'code': 'too_many_requests'}}
Failed for Shakira - Octavo Día: Error code: 429 - {'error': {'message': 'Too Many Requests', 'type': 'too_many_requests', 'param': None, 'code': 'too_many_requests'}}
Failed for Nightwish - Nymphomaniac Fantasia: Error code: 429 - {'error': {'message': 'Too Many Requests', 'type': 'too_many_requests', 'param': None, 'code': 'too_many_requests'}}
Failed for Ben Folds - You To Thank: Error code: 429 - {'error': {'message': 'Too Many Requests', 'type': 'too_many_requests', 'param': None, 'code': 'too_many_requests'}}
Failed for Misfits - Dust To Dust: Error code: 429 - {'error': {'message': 'Too Many Requests', 'type': 'too_many_requests', 'param': None, 'code': 'too_many_requests'}}
Failed for Madness - Night Boat To Cairo: Error code: 429 - {'error': {'message': 'Too Many Requests', 'type': 'too_many_requests', 'param': None, 'code': 'too_many_requests'}}
Failed for Guided By Voices - Gold Star For Robot Boy: Error code: 429 - {'error': {'message': 'Too Many Requests', 'type': 'too_many_requests', 'param': None, 'code': 'too_many_requests'}}
Failed for Misfits - 20 Eyes: Error code: 429 - {'error': {'message': 'Too Many Requests', 'type': 'too_many_requests', 'param': None, 'code': 'too_many_requests'}}
Failed for Elliott Smith - Riot Coming: Error code: 429 - {'error': {'message': 'Too Many Requests', 'type': 'too_many_requests', 'param': None, 'code': 'too_many_requests'}}
Failed for Kent - Romeo Återvänder Ensam: Error code: 429 - {'error': {'message': 'Too Many Requests', 'type': 'too_many_requests', 'param': None, 'code': 'too_many_requests'}}
Failed for Matt & Kim - Yea Yeah: Error code: 429 - {'error': {'message': 'Too Many Requests', 'type': 'too_many_requests', 'param': None, 'code': 'too_many_requests'}}
Failed for Atlas Sound - Quarantined: Error code: 429 - {'error': {'message': 'Too Many Requests', 'type': 'too_many_requests', 'param': None, 'code': 'too_many_requests'}}
Failed for Boards Of Canada - The Beach At Redpoint: Error code: 429 - {'error': {'message': 'Too Many Requests', 'type': 'too_many_requests', 'param': None, 'code': 'too_many_requests'}}
Failed for Calexico - Bisbee Blue: Error code: 429 - {'error': {'message': 'Too Many Requests', 'type': 'too_many_requests', 'param': None, 'code': 'too_many_requests'}}
Failed for Madness - One Step Beyond: Error code: 429 - {'error': {'message': 'Too Many Requests', 'type': 'too_many_requests', 'param': None, 'code': 'too_many_requests'}}
Failed for Children Of Bodom - Deadnight Warrior: Error code: 429 - {'error': {'message': 'Too Many Requests', 'type': 'too_many_requests', 'param': None, 'code': 'too_many_requests'}}
Failed for Feeder - Pushing The Senses: Error code: 429 - {'error': {'message': 'Too Many Requests', 'type': 'too_many_requests', 'param': None, 'code': 'too_many_requests'}}
Failed for In Flames - Delight And Angers: Error code: 429 - {'error': {'message': 'Too Many Requests', 'type': 'too_many_requests', 'param': None, 'code': 'too_many_requests'}}
Failed for Jurassic 5 - What'S Golden: Error code: 429 - {'error': {'message': 'Too Many Requests', 'type': 'too_many_requests', 'param': None, 'code': 'too_many_requests'}}
Failed for God Module - The Source: Error code: 429 - {'error': {'message': 'Too Many Requests', 'type': 'too_many_requests', 'param': None, 'code': 'too_many_requests'}}
Failed for Spoon - The Fitted Shirt: Error code: 429 - {'error': {'message': 'Too Many Requests', 'type': 'too_many_requests', 'param': None, 'code': 'too_many_requests'}}
Failed for Within Temptation - Forgiven: Error code: 429 - {'error': {'message': 'Too Many Requests', 'type': 'too_many_requests', 'param': None, 'code': 'too_many_requests'}}
Failed for The Blood Brothers - Ambulance Vs. Ambulance: Error code: 429 - {'error': {'message': 'Too Many Requests', 'type': 'too_many_requests', 'param': None, 'code': 'too_many_requests'}}
Failed for Hank Williams Iii - Low Down: Error code: 429 - {'error': {'message': 'Too Many Requests', 'type': 'too_many_requests', 'param': None, 'code': 'too_many_requests'}}
Failed for The Blood Brothers - Trash Flavored Trash: Error code: 429 - {'error': {'message': 'Too Many Requests', 'type': 'too_many_requests', 'param': None, 'code': 'too_many_requests'}}
Failed for The Blood Brothers - Usa Nails: Error code: 429 - {'error': {'message': 'Too Many Requests', 'type': 'too_many_requests', 'param': None, 'code': 'too_many_requests'}}
Failed for David Bowie - Joe The Lion: Error code: 429 - {'error': {'message': 'Too Many Requests', 'type': 'too_many_requests', 'param': None, 'code': 'too_many_requests'}}
Failed for Kate Bush - Wow: Error code: 429 - {'error': {'message': 'Too Many Requests', 'type': 'too_many_requests', 'param': None, 'code': 'too_many_requests'}}
Failed for The Magic Numbers - Don'T Give Up The Fight: Error code: 429 - {'error': {'message': 'Too Many Requests', 'type': 'too_many_requests', 'param': None, 'code': 'too_many_requests'}}
Failed for Four Tet - Chia: Error code: 429 - {'error': {'message': 'Too Many Requests', 'type': 'too_many_requests', 'param': None, 'code': 'too_many_requests'}}
Failed for God Is An Astronaut - Dust And Echoes: Error code: 429 - {'error': {'message': 'Too Many Requests', 'type': 'too_many_requests', 'param': None, 'code': 'too_many_requests'}}
Failed for Kraftwerk - Radioactivity: Error code: 429 - {'error': {'message': 'Too Many Requests', 'type': 'too_many_requests', 'param': None, 'code': 'too_many_requests'}}
Failed for Clouddead - Pop Song: Error code: 429 - {'error': {'message': 'Too Many Requests', 'type': 'too_many_requests', 'param': None, 'code': 'too_many_requests'}}
Failed for Four Tet - Slow Jam: Error code: 429 - {'error': {'message': 'Too Many Requests', 'type': 'too_many_requests', 'param': None, 'code': 'too_many_requests'}}
Failed for Mamonas Assassinas - Jumento Celestino: Error code: 429 - {'error': {'message': 'Too Many Requests', 'type': 'too_many_requests', 'param': None, 'code': 'too_many_requests'}}
Failed for Jethro Tull - Cross-Eyed Mary: Error code: 429 - {'error': {'message': 'Too Many Requests', 'type': 'too_many_requests', 'param': None, 'code': 'too_many_requests'}}
Failed for Moonspell - Rapaces: Error code: 429 - {'error': {'message': 'Too Many Requests', 'type': 'too_many_requests', 'param': None, 'code': 'too_many_requests'}}
Failed for The Morning After Girls - Run For Our Lives: Error code: 429 - {'error': {'message': 'Too Many Requests', 'type': 'too_many_requests', 'param': None, 'code': 'too_many_requests'}}
Failed for The Beat - Mirror In The Bathroom: Error code: 429 - {'error': {'message': 'Too Many Requests', 'type': 'too_many_requests', 'param': None, 'code': 'too_many_requests'}}
Failed for Robbie Williams - Strong: Error code: 429 - {'error': {'message': 'Too Many Requests', 'type': 'too_many_requests', 'param': None, 'code': 'too_many_requests'}}
Failed for Type O Negative - September Sun: Error code: 429 - {'error': {'message': 'Too Many Requests', 'type': 'too_many_requests', 'param': None, 'code': 'too_many_requests'}}
Failed for Type O Negative - Nettie: Error code: 429 - {'error': {'message': 'Too Many Requests', 'type': 'too_many_requests', 'param': None, 'code': 'too_many_requests'}}
Failed for John Mayer - In Repair: Error code: 429 - {'error': {'message': 'Too Many Requests', 'type': 'too_many_requests', 'param': None, 'code': 'too_many_requests'}}
Failed for The Chemical Brothers - All Rights Reversed: Error code: 429 - {'error': {'message': 'Too Many Requests', 'type': 'too_many_requests', 'param': None, 'code': 'too_many_requests'}}
Failed for Conor Oberst - Sausalito: Error code: 429 - {'error': {'message': 'Too Many Requests', 'type': 'too_many_requests', 'param': None, 'code': 'too_many_requests'}}
Failed for Depeche Mode - Easy Tiger: Error code: 429 - {'error': {'message': 'Too Many Requests', 'type': 'too_many_requests', 'param': None, 'code': 'too_many_requests'}}
Failed for Conor Oberst - Danny Callahan: Error code: 429 - {'error': {'message': 'Too Many Requests', 'type': 'too_many_requests', 'param': None, 'code': 'too_many_requests'}}
Failed for Blood Red Shoes - I Wish I Was Someone Better: Error code: 429 - {'error': {'message': 'Too Many Requests', 'type': 'too_many_requests', 'param': None, 'code': 'too_many_requests'}}
Failed for Between The Buried And Me - The Primer: Error code: 429 - {'error': {'message': 'Too Many Requests', 'type': 'too_many_requests', 'param': None, 'code': 'too_many_requests'}}
Failed for Kraftwerk - Vitamin: Error code: 429 - {'error': {'message': 'Too Many Requests', 'type': 'too_many_requests', 'param': None, 'code': 'too_many_requests'}}
Failed for A Tribe Called Quest - Rhythm (Devoted To The Art Of Moving Butts): Error code: 429 - {'error': {'message': 'Too Many Requests', 'type': 'too_many_requests', 'param': None, 'code': 'too_many_requests'}}
Failed for Jem - Maybe I'M Amazed: Error code: 429 - {'error': {'message': 'Too Many Requests', 'type': 'too_many_requests', 'param': None, 'code': 'too_many_requests'}}
Failed for Samim - Heater: Error code: 429 - {'error': {'message': 'Too Many Requests', 'type': 'too_many_requests', 'param': None, 'code': 'too_many_requests'}}
Failed for Woven Hand - Ain'T No Sunshine: Error code: 429 - {'error': {'message': 'Too Many Requests', 'type': 'too_many_requests', 'param': None, 'code': 'too_many_requests'}}
Failed for Enya - Less Than A Pearl: Error code: 429 - {'error': {'message': 'Too Many Requests', 'type': 'too_many_requests', 'param': None, 'code': 'too_many_requests'}}
Failed for Sabaton - Panzer Battalion: Error code: 429 - {'error': {'message': 'Too Many Requests', 'type': 'too_many_requests', 'param': None, 'code': 'too_many_requests'}}
Failed for Kreator - Enemy Of God: Error code: 429 - {'error': {'message': 'Too Many Requests', 'type': 'too_many_requests', 'param': None, 'code': 'too_many_requests'}}
Failed for Dire Straits - On Every Street: Error code: 429 - {'error': {'message': 'Too Many Requests', 'type': 'too_many_requests', 'param': None, 'code': 'too_many_requests'}}
Failed for Tricky - Suffocated Love: Error code: 429 - {'error': {'message': 'Too Many Requests', 'type': 'too_many_requests', 'param': None, 'code': 'too_many_requests'}}
Failed for Alice In Chains - Don'T Follow: Error code: 429 - {'error': {'message': 'Too Many Requests', 'type': 'too_many_requests', 'param': None, 'code': 'too_many_requests'}}
Failed for Jethro Tull - Cheap Day Return: Error code: 429 - {'error': {'message': 'Too Many Requests', 'type': 'too_many_requests', 'param': None, 'code': 'too_many_requests'}}
Failed for Elbow - Don'T Mix Your Drinks: Error code: 429 - {'error': {'message': 'Too Many Requests', 'type': 'too_many_requests', 'param': None, 'code': 'too_many_requests'}}
Failed for Elbow - Fugitive Motel: Error code: 429 - {'error': {'message': 'Too Many Requests', 'type': 'too_many_requests', 'param': None, 'code': 'too_many_requests'}}
Failed for Against Me! - Holy Shit!: Error code: 429 - {'error': {'message': 'Too Many Requests', 'type': 'too_many_requests', 'param': None, 'code': 'too_many_requests'}}
Failed for Abc - Poison Arrow: Error code: 429 - {'error': {'message': 'Too Many Requests', 'type': 'too_many_requests', 'param': None, 'code': 'too_many_requests'}}
Failed for Soilwork - Bastard Chain: Error code: 429 - {'error': {'message': 'Too Many Requests', 'type': 'too_many_requests', 'param': None, 'code': 'too_many_requests'}}
Failed for The White Stripes - Astro: Error code: 429 - {'error': {'message': 'Too Many Requests', 'type': 'too_many_requests', 'param': None, 'code': 'too_many_requests'}}
Failed for Michael Jackson - Just Good Friends: Error code: 429 - {'error': {'message': 'Too Many Requests', 'type': 'too_many_requests', 'param': None, 'code': 'too_many_requests'}}
Failed for Eels - Your Lucky Day In Hell: Error code: 429 - {'error': {'message': 'Too Many Requests', 'type': 'too_many_requests', 'param': None, 'code': 'too_many_requests'}}
Failed for Wilco - What'S The World Got In Store: Error code: 429 - {'error': {'message': 'Too Many Requests', 'type': 'too_many_requests', 'param': None, 'code': 'too_many_requests'}}
Failed for James Blunt - Carry You Home: Error code: 429 - {'error': {'message': 'Too Many Requests', 'type': 'too_many_requests', 'param': None, 'code': 'too_many_requests'}}
Failed for Soilwork - Downfall 24: Error code: 429 - {'error': {'message': 'Too Many Requests', 'type': 'too_many_requests', 'param': None, 'code': 'too_many_requests'}}
Failed for Dragonforce - Revolution Deathsquad: Error code: 429 - {'error': {'message': 'Too Many Requests', 'type': 'too_many_requests', 'param': None, 'code': 'too_many_requests'}}
Failed for Arctic Monkeys - Stickin' To The Floor: Error code: 429 - {'error': {'message': 'Too Many Requests', 'type': 'too_many_requests', 'param': None, 'code': 'too_many_requests'}}
Failed for Black Flag - Wasted: Error code: 429 - {'error': {'message': 'Too Many Requests', 'type': 'too_many_requests', 'param': None, 'code': 'too_many_requests'}}
Failed for Britney Spears - And Then We Kiss (Junkie Xl Remix): Error code: 429 - {'error': {'message': 'Too Many Requests', 'type': 'too_many_requests', 'param': None, 'code': 'too_many_requests'}}
Failed for Bowery Electric - Lushlife: Error code: 429 - {'error': {'message': 'Too Many Requests', 'type': 'too_many_requests', 'param': None, 'code': 'too_many_requests'}}
Failed for Eri Nobuchika - Kodou: Error code: 429 - {'error': {'message': 'Too Many Requests', 'type': 'too_many_requests', 'param': None, 'code': 'too_many_requests'}}
Failed for The Black Eyed Peas - Dum Diddly: Error code: 429 - {'error': {'message': 'Too Many Requests', 'type': 'too_many_requests', 'param': None, 'code': 'too_many_requests'}}
Failed for Archie Bronson Outfit - Kink: Error code: 429 - {'error': {'message': 'Too Many Requests', 'type': 'too_many_requests', 'param': None, 'code': 'too_many_requests'}}
Failed for The Cure - Alt.End: Error code: 429 - {'error': {'message': 'Too Many Requests', 'type': 'too_many_requests', 'param': None, 'code': 'too_many_requests'}}
Failed for Katatonia - Don'T Tell A Soul: Error code: 429 - {'error': {'message': 'Too Many Requests', 'type': 'too_many_requests', 'param': None, 'code': 'too_many_requests'}}
Failed for The Cure - At Night: Error code: 429 - {'error': {'message': 'Too Many Requests', 'type': 'too_many_requests', 'param': None, 'code': 'too_many_requests'}}
Failed for Beatsteaks - Hand In Hand: Error code: 429 - {'error': {'message': 'Too Many Requests', 'type': 'too_many_requests', 'param': None, 'code': 'too_many_requests'}}
Failed for Ian Dury And The Blockheads - Hit Me With Your Rhythm Stick: Error code: 429 - {'error': {'message': 'Too Many Requests', 'type': 'too_many_requests', 'param': None, 'code': 'too_many_requests'}}
Failed for Muddy Waters - Mannish Boy: Error code: 429 - {'error': {'message': 'Too Many Requests', 'type': 'too_many_requests', 'param': None, 'code': 'too_many_requests'}}
Failed for Dire Straits - Twisting By The Pool: Error code: 429 - {'error': {'message': 'Too Many Requests', 'type': 'too_many_requests', 'param': None, 'code': 'too_many_requests'}}
Failed for Billy Talent - Burn The Evidence: Error code: 429 - {'error': {'message': 'Too Many Requests', 'type': 'too_many_requests', 'param': None, 'code': 'too_many_requests'}}
Failed for Fatboy Slim - Gangster Trippin: Error code: 429 - {'error': {'message': 'Too Many Requests', 'type': 'too_many_requests', 'param': None, 'code': 'too_many_requests'}}
Failed for Justin Timberlake - Last Night: Error code: 429 - {'error': {'message': 'Too Many Requests', 'type': 'too_many_requests', 'param': None, 'code': 'too_many_requests'}}
Failed for Tricky Means - 8Th Commandment: Error code: 429 - {'error': {'message': 'Too Many Requests', 'type': 'too_many_requests', 'param': None, 'code': 'too_many_requests'}}
Failed for Diary Of Dreams - Nekrolog 43: Error code: 429 - {'error': {'message': 'Too Many Requests', 'type': 'too_many_requests', 'param': None, 'code': 'too_many_requests'}}
Failed for Apocalyptica - I Don'T Care: Error code: 429 - {'error': {'message': 'Too Many Requests', 'type': 'too_many_requests', 'param': None, 'code': 'too_many_requests'}}
Failed for The Script - The Man Who Can'T Be Moved: Error code: 429 - {'error': {'message': 'Too Many Requests', 'type': 'too_many_requests', 'param': None, 'code': 'too_many_requests'}}
Failed for Weezer - Peace: Error code: 429 - {'error': {'message': 'Too Many Requests', 'type': 'too_many_requests', 'param': None, 'code': 'too_many_requests'}}
Failed for Casiotone For The Painfully Alone - I Love Creedence: Error code: 429 - {'error': {'message': 'Too Many Requests', 'type': 'too_many_requests', 'param': None, 'code': 'too_many_requests'}}
Failed for Patrick Wolf - The Railwayhouse: Error code: 429 - {'error': {'message': 'Too Many Requests', 'type': 'too_many_requests', 'param': None, 'code': 'too_many_requests'}}
2900/2988 done
Failed for Poisonblack - Love Controlled Despair: Error code: 429 - {'error': {'message': 'Too Many Requests', 'type': 'too_many_requests', 'param': None, 'code': 'too_many_requests'}}
Failed for Tori Amos - Amber Waves: Error code: 429 - {'error': {'message': 'Too Many Requests', 'type': 'too_many_requests', 'param': None, 'code': 'too_many_requests'}}
Failed for Sigur Rós - Untitled #4: Error code: 429 - {'error': {'message': 'Too Many Requests', 'type': 'too_many_requests', 'param': None, 'code': 'too_many_requests'}}
Failed for Afi - Of Greetings And Goodbyes: Error code: 429 - {'error': {'message': 'Too Many Requests', 'type': 'too_many_requests', 'param': None, 'code': 'too_many_requests'}}
Failed for Warrel Dane - Lucretia My Reflection: Error code: 429 - {'error': {'message': 'Too Many Requests', 'type': 'too_many_requests', 'param': None, 'code': 'too_many_requests'}}
Failed for Underworld - Sola Sistim: Error code: 429 - {'error': {'message': 'Too Many Requests', 'type': 'too_many_requests', 'param': None, 'code': 'too_many_requests'}}
Failed for Incubus - Summer Romance (Anti-Gravity Love Song): Error code: 429 - {'error': {'message': 'Too Many Requests', 'type': 'too_many_requests', 'param': None, 'code': 'too_many_requests'}}
Failed for Sigur Rós - Takk: Error code: 429 - {'error': {'message': 'Too Many Requests', 'type': 'too_many_requests', 'param': None, 'code': 'too_many_requests'}}
Failed for Mamonas Assassinas - Uma Arlinda Mulher: Error code: 429 - {'error': {'message': 'Too Many Requests', 'type': 'too_many_requests', 'param': None, 'code': 'too_many_requests'}}
Failed for Clutch - Profits Of Doom: Error code: 429 - {'error': {'message': 'Too Many Requests', 'type': 'too_many_requests', 'param': None, 'code': 'too_many_requests'}}
Failed for Metallica - Helpless: Error code: 429 - {'error': {'message': 'Too Many Requests', 'type': 'too_many_requests', 'param': None, 'code': 'too_many_requests'}}
Failed for Ayria - Beta Complex: Error code: 429 - {'error': {'message': 'Too Many Requests', 'type': 'too_many_requests', 'param': None, 'code': 'too_many_requests'}}
Failed for Ben Harper - Strawberry Fields Forever: Error code: 429 - {'error': {'message': 'Too Many Requests', 'type': 'too_many_requests', 'param': None, 'code': 'too_many_requests'}}
Failed for Nine Inch Nails - 27 Ghosts Iii: Error code: 429 - {'error': {'message': 'Too Many Requests', 'type': 'too_many_requests', 'param': None, 'code': 'too_many_requests'}}
Failed for Helios - For Years And Years: Error code: 429 - {'error': {'message': 'Too Many Requests', 'type': 'too_many_requests', 'param': None, 'code': 'too_many_requests'}}
Failed for Jim Sturgess - Revolution: Error code: 429 - {'error': {'message': 'Too Many Requests', 'type': 'too_many_requests', 'param': None, 'code': 'too_many_requests'}}
Failed for The Lightning Seeds - Pure: Error code: 429 - {'error': {'message': 'Too Many Requests', 'type': 'too_many_requests', 'param': None, 'code': 'too_many_requests'}}
Failed for Grandaddy - E. Knievel Interlude (The Perils Of Keeping It Real): Error code: 429 - {'error': {'message': 'Too Many Requests', 'type': 'too_many_requests', 'param': None, 'code': 'too_many_requests'}}
Failed for Apocalyptica - Harvester Of Sorrow: Error code: 429 - {'error': {'message': 'Too Many Requests', 'type': 'too_many_requests', 'param': None, 'code': 'too_many_requests'}}
Failed for Black Rebel Motorcycle Club - Vision: Error code: 429 - {'error': {'message': 'Too Many Requests', 'type': 'too_many_requests', 'param': None, 'code': 'too_many_requests'}}
Failed for Billy Talent - Sympathy: Error code: 429 - {'error': {'message': 'Too Many Requests', 'type': 'too_many_requests', 'param': None, 'code': 'too_many_requests'}}
Failed for Jawbreaker - Save Your Generation: Error code: 429 - {'error': {'message': 'Too Many Requests', 'type': 'too_many_requests', 'param': None, 'code': 'too_many_requests'}}
Failed for Abba - The Name Of The Game: Error code: 429 - {'error': {'message': 'Too Many Requests', 'type': 'too_many_requests', 'param': None, 'code': 'too_many_requests'}}
Failed for Bear Mccreary - Passacaglia: Error code: 429 - {'error': {'message': 'Too Many Requests', 'type': 'too_many_requests', 'param': None, 'code': 'too_many_requests'}}
Failed for Eels - Flyswatter: Error code: 429 - {'error': {'message': 'Too Many Requests', 'type': 'too_many_requests', 'param': None, 'code': 'too_many_requests'}}
Failed for Incubus - Diamonds And Coal: Error code: 429 - {'error': {'message': 'Too Many Requests', 'type': 'too_many_requests', 'param': None, 'code': 'too_many_requests'}}
Failed for Blaqk Audio - Bitter For Sweet: Error code: 429 - {'error': {'message': 'Too Many Requests', 'type': 'too_many_requests', 'param': None, 'code': 'too_many_requests'}}
Failed for Waking Ashland - Rumors: Error code: 429 - {'error': {'message': 'Too Many Requests', 'type': 'too_many_requests', 'param': None, 'code': 'too_many_requests'}}
Failed for The Rolling Stones - Live With Me: Error code: 429 - {'error': {'message': 'Too Many Requests', 'type': 'too_many_requests', 'param': None, 'code': 'too_many_requests'}}
Failed for Velvet - Déjà Vu: Error code: 429 - {'error': {'message': 'Too Many Requests', 'type': 'too_many_requests', 'param': None, 'code': 'too_many_requests'}}
Failed for M83 - *: Error code: 429 - {'error': {'message': 'Too Many Requests', 'type': 'too_many_requests', 'param': None, 'code': 'too_many_requests'}}
Failed for Maná - Perdido En Un Barco: Error code: 429 - {'error': {'message': 'Too Many Requests', 'type': 'too_many_requests', 'param': None, 'code': 'too_many_requests'}}
Failed for Bright Eyes - Time Code: Error code: 429 - {'error': {'message': 'Too Many Requests', 'type': 'too_many_requests', 'param': None, 'code': 'too_many_requests'}}
Failed for Nina Simone - Sinnerman: Error code: 429 - {'error': {'message': 'Too Many Requests', 'type': 'too_many_requests', 'param': None, 'code': 'too_many_requests'}}
Failed for These New Puritans - En Papier: Error code: 429 - {'error': {'message': 'Too Many Requests', 'type': 'too_many_requests', 'param': None, 'code': 'too_many_requests'}}
Failed for Spiritualized - You Lie You Cheat: Error code: 429 - {'error': {'message': 'Too Many Requests', 'type': 'too_many_requests', 'param': None, 'code': 'too_many_requests'}}
Failed for Spiritualized - No God Only Religion: Error code: 429 - {'error': {'message': 'Too Many Requests', 'type': 'too_many_requests', 'param': None, 'code': 'too_many_requests'}}
Failed for The Magnetic Fields - California Girls: Error code: 429 - {'error': {'message': 'Too Many Requests', 'type': 'too_many_requests', 'param': None, 'code': 'too_many_requests'}}
Failed for Metronomy - The End Of You Too: Error code: 429 - {'error': {'message': 'Too Many Requests', 'type': 'too_many_requests', 'param': None, 'code': 'too_many_requests'}}
Failed for At The Drive-In - Napoleon Solo: Error code: 429 - {'error': {'message': 'Too Many Requests', 'type': 'too_many_requests', 'param': None, 'code': 'too_many_requests'}}
Failed for Britney Spears - Don'T Let Me Be The Last To Know: Error code: 429 - {'error': {'message': 'Too Many Requests', 'type': 'too_many_requests', 'param': None, 'code': 'too_many_requests'}}
Failed for The Magnetic Fields - How Fucking Romantic: Error code: 429 - {'error': {'message': 'Too Many Requests', 'type': 'too_many_requests', 'param': None, 'code': 'too_many_requests'}}
Failed for Oasis - Gas Panic!: Error code: 429 - {'error': {'message': 'Too Many Requests', 'type': 'too_many_requests', 'param': None, 'code': 'too_many_requests'}}
Failed for Amon Tobin - Nova: Error code: 429 - {'error': {'message': 'Too Many Requests', 'type': 'too_many_requests', 'param': None, 'code': 'too_many_requests'}}
Failed for Cute Is What We Aim For - The Curse Of Curves: Error code: 429 - {'error': {'message': 'Too Many Requests', 'type': 'too_many_requests', 'param': None, 'code': 'too_many_requests'}}
Failed for The Rolling Stones - Monkey Man: Error code: 429 - {'error': {'message': 'Too Many Requests', 'type': 'too_many_requests', 'param': None, 'code': 'too_many_requests'}}
Failed for Franz Ferdinand - Love And Destroy: Error code: 429 - {'error': {'message': 'Too Many Requests', 'type': 'too_many_requests', 'param': None, 'code': 'too_many_requests'}}
Failed for At The Drive-In - Quarantined: Error code: 429 - {'error': {'message': 'Too Many Requests', 'type': 'too_many_requests', 'param': None, 'code': 'too_many_requests'}}
Failed for Dream Theater - Fatal Tragedy: Error code: 429 - {'error': {'message': 'Too Many Requests', 'type': 'too_many_requests', 'param': None, 'code': 'too_many_requests'}}
Failed for Porcupine Tree - This Is No Rehearsal: Error code: 429 - {'error': {'message': 'Too Many Requests', 'type': 'too_many_requests', 'param': None, 'code': 'too_many_requests'}}
Failed for Pink Martini - Let'S Never Stop Falling In Love: Error code: 429 - {'error': {'message': 'Too Many Requests', 'type': 'too_many_requests', 'param': None, 'code': 'too_many_requests'}}
Failed for T.A.T.U. - How Soon Is Now: Error code: 429 - {'error': {'message': 'Too Many Requests', 'type': 'too_many_requests', 'param': None, 'code': 'too_many_requests'}}
Failed for Sepultura - Propaganda: Error code: 429 - {'error': {'message': 'Too Many Requests', 'type': 'too_many_requests', 'param': None, 'code': 'too_many_requests'}}
Failed for Scorpions - Rhythm Of Love: Error code: 429 - {'error': {'message': 'Too Many Requests', 'type': 'too_many_requests', 'param': None, 'code': 'too_many_requests'}}
Failed for Sepultura - Desperate Cry: Error code: 429 - {'error': {'message': 'Too Many Requests', 'type': 'too_many_requests', 'param': None, 'code': 'too_many_requests'}}
Failed for The Duke Spirit - Lovetones: Error code: 429 - {'error': {'message': 'Too Many Requests', 'type': 'too_many_requests', 'param': None, 'code': 'too_many_requests'}}
Failed for Bruce Dickinson - Navigate The Seas Of The Sun: Error code: 429 - {'error': {'message': 'Too Many Requests', 'type': 'too_many_requests', 'param': None, 'code': 'too_many_requests'}}
Failed for Sublime - Seed: Error code: 429 - {'error': {'message': 'Too Many Requests', 'type': 'too_many_requests', 'param': None, 'code': 'too_many_requests'}}
Failed for The Human League - The Sound Of The Crowd: Error code: 429 - {'error': {'message': 'Too Many Requests', 'type': 'too_many_requests', 'param': None, 'code': 'too_many_requests'}}
Failed for Lynyrd Skynyrd - Tuesday'S Gone: Error code: 429 - {'error': {'message': 'Too Many Requests', 'type': 'too_many_requests', 'param': None, 'code': 'too_many_requests'}}
Failed for We Are Scientists - Spoken For: Error code: 429 - {'error': {'message': 'Too Many Requests', 'type': 'too_many_requests', 'param': None, 'code': 'too_many_requests'}}
Failed for John Travolta & Olivia Newton-John - You'Re The One That I Want: Error code: 429 - {'error': {'message': 'Too Many Requests', 'type': 'too_many_requests', 'param': None, 'code': 'too_many_requests'}}
Failed for 鈴村健一 - 折れた翼で　～Ｗｉｔｈ　Ｂｒｏｋｅｎ　Ｗｉｎｇｓ～: Error code: 429 - {'error': {'message': 'Too Many Requests', 'type': 'too_many_requests', 'param': None, 'code': 'too_many_requests'}}
Failed for Nick Cave & The Bad Seeds - Tupelo: Error code: 429 - {'error': {'message': 'Too Many Requests', 'type': 'too_many_requests', 'param': None, 'code': 'too_many_requests'}}
Failed for Gang Of Four - Anthrax: Error code: 429 - {'error': {'message': 'Too Many Requests', 'type': 'too_many_requests', 'param': None, 'code': 'too_many_requests'}}
Failed for 3 Doors Down - The Road I'M On: Error code: 429 - {'error': {'message': 'Too Many Requests', 'type': 'too_many_requests', 'param': None, 'code': 'too_many_requests'}}
Failed for Beirut - Carousels: Error code: 429 - {'error': {'message': 'Too Many Requests', 'type': 'too_many_requests', 'param': None, 'code': 'too_many_requests'}}
Failed for Killswitch Engage - Hope Is...: Error code: 429 - {'error': {'message': 'Too Many Requests', 'type': 'too_many_requests', 'param': None, 'code': 'too_many_requests'}}
Failed for Anberlin - A Whisper & A Clamor: Error code: 429 - {'error': {'message': 'Too Many Requests', 'type': 'too_many_requests', 'param': None, 'code': 'too_many_requests'}}
Failed for Jack'S Mannequin - Miss Delaney: Error code: 429 - {'error': {'message': 'Too Many Requests', 'type': 'too_many_requests', 'param': None, 'code': 'too_many_requests'}}
Failed for No Doubt - Trapped In A Box: Error code: 429 - {'error': {'message': 'Too Many Requests', 'type': 'too_many_requests', 'param': None, 'code': 'too_many_requests'}}
Failed for Dispatch - Railway: Error code: 429 - {'error': {'message': 'Too Many Requests', 'type': 'too_many_requests', 'param': None, 'code': 'too_many_requests'}}
Failed for Mystery Jets - Young Love (Feat. Laura Marling): Error code: 429 - {'error': {'message': 'Too Many Requests', 'type': 'too_many_requests', 'param': None, 'code': 'too_many_requests'}}
Failed for John Legend - P.D.A. (We Just Don'T Care): Error code: 429 - {'error': {'message': 'Too Many Requests', 'type': 'too_many_requests', 'param': None, 'code': 'too_many_requests'}}
Failed for John Legend - Prelude: Error code: 429 - {'error': {'message': 'Too Many Requests', 'type': 'too_many_requests', 'param': None, 'code': 'too_many_requests'}}
Failed for Rilo Kiley - Hail To Whatever You Found In The Sunlight That Surrounds You: Error code: 429 - {'error': {'message': 'Too Many Requests', 'type': 'too_many_requests', 'param': None, 'code': 'too_many_requests'}}
Failed for Morcheeba - Slowdown: Error code: 429 - {'error': {'message': 'Too Many Requests', 'type': 'too_many_requests', 'param': None, 'code': 'too_many_requests'}}
Failed for The White Stripes - I Want To Be The Boy: Error code: 429 - {'error': {'message': 'Too Many Requests', 'type': 'too_many_requests', 'param': None, 'code': 'too_many_requests'}}
Failed for Ani Difranco - 32 Flavors: Error code: 429 - {'error': {'message': 'Too Many Requests', 'type': 'too_many_requests', 'param': None, 'code': 'too_many_requests'}}
Failed for Rise Against - Bricks: Error code: 429 - {'error': {'message': 'Too Many Requests', 'type': 'too_many_requests', 'param': None, 'code': 'too_many_requests'}}
Failed for David Guetta - Distortion: Error code: 429 - {'error': {'message': 'Too Many Requests', 'type': 'too_many_requests', 'param': None, 'code': 'too_many_requests'}}
Failed for Paradise Lost - Close Your Eyes: Error code: 429 - {'error': {'message': 'Too Many Requests', 'type': 'too_many_requests', 'param': None, 'code': 'too_many_requests'}}
Failed for Soko - I'Ll Kill Her: Error code: 429 - {'error': {'message': 'Too Many Requests', 'type': 'too_many_requests', 'param': None, 'code': 'too_many_requests'}}
Saved 2988 tracks to /work/pi_dagarwal_umass_edu/project_7/srikar/E4SRec/metadata/vocal/output/vocal_annotations_shard_4.csv
========================================
End          : Thu Apr  9 06:03:13 AM UTC 2026
========================================
