========================================
Job ID       : 55336732
Array Task   : 7 / 16
Node         : uri-cpu074
Start        : Thu Apr  9 05:22:31 AM UTC 2026
Python       : /home/skandagatla_umass_edu/.conda/envs/698ds/bin/python
========================================
Selected features (7): ['Vocal Register', 'Vocal Timbre Thin to Full', 'Vocal Breathiness', 'Vocal Smoothness', 'Vocal Grittiness', 'Vocal Nasality', 'Vocal Accompaniment']
Seed annotations loaded: 5200 tracks (will be skipped in full generation)
Node 7/16
Total unique tracks to generate: 47805
Shard [20916:23904] - 2988 tracks
0/2988 done
Failed for Travis - She'S So Strange: Error code: 429 - {'error': {'message': 'Too Many Requests', 'type': 'too_many_requests', 'param': None, 'code': 'too_many_requests'}}
Failed for Londonbeat - I'Ve Been Thinking About You: Error code: 429 - {'error': {'message': 'Too Many Requests', 'type': 'too_many_requests', 'param': None, 'code': 'too_many_requests'}}
Failed for Chromeo - Rage!: Error code: 429 - {'error': {'message': 'Too Many Requests', 'type': 'too_many_requests', 'param': None, 'code': 'too_many_requests'}}
Failed for The Brunettes - Loopy Loopy Love: Error code: 429 - {'error': {'message': 'Too Many Requests', 'type': 'too_many_requests', 'param': None, 'code': 'too_many_requests'}}
Failed for Coldplay - Yellow (Acoustic Version): Error code: 429 - {'error': {'message': 'Too Many Requests', 'type': 'too_many_requests', 'param': None, 'code': 'too_many_requests'}}
Failed for Black Sabbath - Behind The Wall Of Sleep: Error code: 429 - {'error': {'message': 'Too Many Requests', 'type': 'too_many_requests', 'param': None, 'code': 'too_many_requests'}}
Failed for The Isley Brothers - That Lady: Error code: 429 - {'error': {'message': 'Too Many Requests', 'type': 'too_many_requests', 'param': None, 'code': 'too_many_requests'}}
Failed for Ra Ra Riot - Too Too Too Fast: Error code: 429 - {'error': {'message': 'Too Many Requests', 'type': 'too_many_requests', 'param': None, 'code': 'too_many_requests'}}
Failed for Flight Of The Conchords - Robots: Error code: 429 - {'error': {'message': 'Too Many Requests', 'type': 'too_many_requests', 'param': None, 'code': 'too_many_requests'}}
Failed for Flight Of The Conchords - Inner City Pressure: Error code: 429 - {'error': {'message': 'Too Many Requests', 'type': 'too_many_requests', 'param': None, 'code': 'too_many_requests'}}
Failed for Brand New - Magazines: Error code: 429 - {'error': {'message': 'Too Many Requests', 'type': 'too_many_requests', 'param': None, 'code': 'too_many_requests'}}
Failed for Pantera - 10'S: Error code: 429 - {'error': {'message': 'Too Many Requests', 'type': 'too_many_requests', 'param': None, 'code': 'too_many_requests'}}
Failed for Mastodon - Crusher Destroyer: Error code: 429 - {'error': {'message': 'Too Many Requests', 'type': 'too_many_requests', 'param': None, 'code': 'too_many_requests'}}
Failed for Guru Josh Project - Infinity 2008 (Klaas Remix): Error code: 429 - {'error': {'message': 'Too Many Requests', 'type': 'too_many_requests', 'param': None, 'code': 'too_many_requests'}}
Failed for The Runaways - Cherry Bomb: Error code: 429 - {'error': {'message': 'Too Many Requests', 'type': 'too_many_requests', 'param': None, 'code': 'too_many_requests'}}
Failed for John Farnham - You'Re The Voice: Error code: 429 - {'error': {'message': 'Too Many Requests', 'type': 'too_many_requests', 'param': None, 'code': 'too_many_requests'}}
Failed for Late Of The Pier - The Enemy Are The Future: Error code: 429 - {'error': {'message': 'Too Many Requests', 'type': 'too_many_requests', 'param': None, 'code': 'too_many_requests'}}
Failed for Sloan - The Other Man: Error code: 429 - {'error': {'message': 'Too Many Requests', 'type': 'too_many_requests', 'param': None, 'code': 'too_many_requests'}}
Failed for Dead Or Alive - You Spin Me Round: Error code: 429 - {'error': {'message': 'Too Many Requests', 'type': 'too_many_requests', 'param': None, 'code': 'too_many_requests'}}
Failed for Joe Satriani - The Meaning Of Love: Error code: 429 - {'error': {'message': 'Too Many Requests', 'type': 'too_many_requests', 'param': None, 'code': 'too_many_requests'}}
Failed for Badly Drawn Boy - The Further I Slide: Error code: 429 - {'error': {'message': 'Too Many Requests', 'type': 'too_many_requests', 'param': None, 'code': 'too_many_requests'}}
Failed for The Virgins - Rich Girls: Error code: 429 - {'error': {'message': 'Too Many Requests', 'type': 'too_many_requests', 'param': None, 'code': 'too_many_requests'}}
Failed for Sister Sledge - We Are Family: Error code: 429 - {'error': {'message': 'Too Many Requests', 'type': 'too_many_requests', 'param': None, 'code': 'too_many_requests'}}
Failed for Beatsteaks - Monster: Error code: 429 - {'error': {'message': 'Too Many Requests', 'type': 'too_many_requests', 'param': None, 'code': 'too_many_requests'}}
Failed for Tiamat - Light In Extension: Error code: 429 - {'error': {'message': 'Too Many Requests', 'type': 'too_many_requests', 'param': None, 'code': 'too_many_requests'}}
Failed for Deerhoof - Chatterboxes: Error code: 429 - {'error': {'message': 'Too Many Requests', 'type': 'too_many_requests', 'param': None, 'code': 'too_many_requests'}}
Failed for Christina Aguilera - Understand: Error code: 429 - {'error': {'message': 'Too Many Requests', 'type': 'too_many_requests', 'param': None, 'code': 'too_many_requests'}}
Failed for Backyard Babies - Star War: Error code: 429 - {'error': {'message': 'Too Many Requests', 'type': 'too_many_requests', 'param': None, 'code': 'too_many_requests'}}
Failed for Depeche Mode - Tora! Tora! Tora!: Error code: 429 - {'error': {'message': 'Too Many Requests', 'type': 'too_many_requests', 'param': None, 'code': 'too_many_requests'}}
Failed for David Bowie - Station To Station: Error code: 429 - {'error': {'message': 'Too Many Requests', 'type': 'too_many_requests', 'param': None, 'code': 'too_many_requests'}}
Failed for The Coral - Wildfire: Error code: 429 - {'error': {'message': 'Too Many Requests', 'type': 'too_many_requests', 'param': None, 'code': 'too_many_requests'}}
Failed for Refused - Protest Song '68: Error code: 429 - {'error': {'message': 'Too Many Requests', 'type': 'too_many_requests', 'param': None, 'code': 'too_many_requests'}}
Failed for Ensiferum - Treacherous Gods: Error code: 429 - {'error': {'message': 'Too Many Requests', 'type': 'too_many_requests', 'param': None, 'code': 'too_many_requests'}}
Failed for Clutch - The Regulator: Error code: 429 - {'error': {'message': 'Too Many Requests', 'type': 'too_many_requests', 'param': None, 'code': 'too_many_requests'}}
Failed for Lucinda Williams - Right In Time: Error code: 429 - {'error': {'message': 'Too Many Requests', 'type': 'too_many_requests', 'param': None, 'code': 'too_many_requests'}}
Failed for Rank 1 - Airwave (Rank 1 Vs. Dutch Force Mix): Error code: 429 - {'error': {'message': 'Too Many Requests', 'type': 'too_many_requests', 'param': None, 'code': 'too_many_requests'}}
Failed for Behemoth - The Nephilim Rising: Error code: 429 - {'error': {'message': 'Too Many Requests', 'type': 'too_many_requests', 'param': None, 'code': 'too_many_requests'}}
Failed for Sons And Daughters - Hunt: Error code: 429 - {'error': {'message': 'Too Many Requests', 'type': 'too_many_requests', 'param': None, 'code': 'too_many_requests'}}
Failed for The Knife - We Share Our Mothers Health (Trentemøller Remix): Error code: 429 - {'error': {'message': 'Too Many Requests', 'type': 'too_many_requests', 'param': None, 'code': 'too_many_requests'}}
Failed for 65Daysofstatic - Wax Futures: Error code: 429 - {'error': {'message': 'Too Many Requests', 'type': 'too_many_requests', 'param': None, 'code': 'too_many_requests'}}
Failed for Queen - Let Me Live: Error code: 429 - {'error': {'message': 'Too Many Requests', 'type': 'too_many_requests', 'param': None, 'code': 'too_many_requests'}}
Failed for Atmosphere - The Skinny: Error code: 429 - {'error': {'message': 'Too Many Requests', 'type': 'too_many_requests', 'param': None, 'code': 'too_many_requests'}}
Failed for Queen - Liar: Error code: 429 - {'error': {'message': 'Too Many Requests', 'type': 'too_many_requests', 'param': None, 'code': 'too_many_requests'}}
Failed for Megadeth - This Was My Life: Error code: 429 - {'error': {'message': 'Too Many Requests', 'type': 'too_many_requests', 'param': None, 'code': 'too_many_requests'}}
Failed for Joss Stone - Music (Feat. Lauryn Hill): Error code: 429 - {'error': {'message': 'Too Many Requests', 'type': 'too_many_requests', 'param': None, 'code': 'too_many_requests'}}
Failed for The Organ - There Is Nothing I Can Do: Error code: 429 - {'error': {'message': 'Too Many Requests', 'type': 'too_many_requests', 'param': None, 'code': 'too_many_requests'}}
Failed for Jimmy Eat World - Just Tonight...: Error code: 429 - {'error': {'message': 'Too Many Requests', 'type': 'too_many_requests', 'param': None, 'code': 'too_many_requests'}}
Failed for Lovage - To Catch A Thief: Error code: 429 - {'error': {'message': 'Too Many Requests', 'type': 'too_many_requests', 'param': None, 'code': 'too_many_requests'}}
Failed for Tiamat - Love In Chains: Error code: 429 - {'error': {'message': 'Too Many Requests', 'type': 'too_many_requests', 'param': None, 'code': 'too_many_requests'}}
Failed for Leftöver Crack - Rock The 40 Oz.: Error code: 429 - {'error': {'message': 'Too Many Requests', 'type': 'too_many_requests', 'param': None, 'code': 'too_many_requests'}}
Failed for Ane Brun - This Voice: Error code: 429 - {'error': {'message': 'Too Many Requests', 'type': 'too_many_requests', 'param': None, 'code': 'too_many_requests'}}
Failed for Rogue Wave - Lake Michigan: Error code: 429 - {'error': {'message': 'Too Many Requests', 'type': 'too_many_requests', 'param': None, 'code': 'too_many_requests'}}
Failed for Belle And Sebastian - Legal Man: Error code: 429 - {'error': {'message': 'Too Many Requests', 'type': 'too_many_requests', 'param': None, 'code': 'too_many_requests'}}
Failed for Creed - What'S This Life For: Error code: 429 - {'error': {'message': 'Too Many Requests', 'type': 'too_many_requests', 'param': None, 'code': 'too_many_requests'}}
Failed for Melanie C - Northern Star: Error code: 429 - {'error': {'message': 'Too Many Requests', 'type': 'too_many_requests', 'param': None, 'code': 'too_many_requests'}}
Failed for Thievery Corporation - Doors Of Perception (Feat. Gunjan): Error code: 429 - {'error': {'message': 'Too Many Requests', 'type': 'too_many_requests', 'param': None, 'code': 'too_many_requests'}}
Failed for Cat Stevens - The First Cut Is The Deepest: Error code: 429 - {'error': {'message': 'Too Many Requests', 'type': 'too_many_requests', 'param': None, 'code': 'too_many_requests'}}
Failed for Tristania - Lost: Error code: 429 - {'error': {'message': 'Too Many Requests', 'type': 'too_many_requests', 'param': None, 'code': 'too_many_requests'}}
Failed for Elvenking - Under The Tree Of Us'Dum: Error code: 429 - {'error': {'message': 'Too Many Requests', 'type': 'too_many_requests', 'param': None, 'code': 'too_many_requests'}}
Failed for Gary Numan - Are Friends Electric: Error code: 429 - {'error': {'message': 'Too Many Requests', 'type': 'too_many_requests', 'param': None, 'code': 'too_many_requests'}}
Failed for Rjd2 - 2 More Dead: Error code: 429 - {'error': {'message': 'Too Many Requests', 'type': 'too_many_requests', 'param': None, 'code': 'too_many_requests'}}
Failed for The Chameleons - Nostalgia: Error code: 429 - {'error': {'message': 'Too Many Requests', 'type': 'too_many_requests', 'param': None, 'code': 'too_many_requests'}}
Failed for Funkerman - Speed Up: Error code: 429 - {'error': {'message': 'Too Many Requests', 'type': 'too_many_requests', 'param': None, 'code': 'too_many_requests'}}
Failed for Funeral For A Friend - Walk Away: Error code: 429 - {'error': {'message': 'Too Many Requests', 'type': 'too_many_requests', 'param': None, 'code': 'too_many_requests'}}
Failed for The Chameleons - Second Skin: Error code: 429 - {'error': {'message': 'Too Many Requests', 'type': 'too_many_requests', 'param': None, 'code': 'too_many_requests'}}
Failed for The Notwist - Alphabet: Error code: 429 - {'error': {'message': 'Too Many Requests', 'type': 'too_many_requests', 'param': None, 'code': 'too_many_requests'}}
Failed for Kent - Before It All Ends: Error code: 429 - {'error': {'message': 'Too Many Requests', 'type': 'too_many_requests', 'param': None, 'code': 'too_many_requests'}}
Failed for Ac/Dc - Danger: Error code: 429 - {'error': {'message': 'Too Many Requests', 'type': 'too_many_requests', 'param': None, 'code': 'too_many_requests'}}
Failed for Kent - Elefanter: Error code: 429 - {'error': {'message': 'Too Many Requests', 'type': 'too_many_requests', 'param': None, 'code': 'too_many_requests'}}
Failed for Guano Apes - Rain: Error code: 429 - {'error': {'message': 'Too Many Requests', 'type': 'too_many_requests', 'param': None, 'code': 'too_many_requests'}}
Failed for The Crystal Method - Cherry Twist: Error code: 429 - {'error': {'message': 'Too Many Requests', 'type': 'too_many_requests', 'param': None, 'code': 'too_many_requests'}}
Failed for Slowdive - Waves: Error code: 429 - {'error': {'message': 'Too Many Requests', 'type': 'too_many_requests', 'param': None, 'code': 'too_many_requests'}}
Failed for Thrice - The Earth Will Shake: Error code: 429 - {'error': {'message': 'Too Many Requests', 'type': 'too_many_requests', 'param': None, 'code': 'too_many_requests'}}
Failed for The Fiery Furnaces - Up In The North: Error code: 429 - {'error': {'message': 'Too Many Requests', 'type': 'too_many_requests', 'param': None, 'code': 'too_many_requests'}}
Failed for Ulrich Schnauss - Blumenthal: Error code: 429 - {'error': {'message': 'Too Many Requests', 'type': 'too_many_requests', 'param': None, 'code': 'too_many_requests'}}
Failed for Hooverphonic - 2Wicky: Error code: 429 - {'error': {'message': 'Too Many Requests', 'type': 'too_many_requests', 'param': None, 'code': 'too_many_requests'}}
Failed for Sloan - Someone That I Can Be True With: Error code: 429 - {'error': {'message': 'Too Many Requests', 'type': 'too_many_requests', 'param': None, 'code': 'too_many_requests'}}
Failed for Pulp - Dishes: Error code: 429 - {'error': {'message': 'Too Many Requests', 'type': 'too_many_requests', 'param': None, 'code': 'too_many_requests'}}
Failed for Morrissey - Mama Lay Softly On The Riverbed: Error code: 429 - {'error': {'message': 'Too Many Requests', 'type': 'too_many_requests', 'param': None, 'code': 'too_many_requests'}}
Failed for Morrissey - It'S Not Your Birthday Anymore: Error code: 429 - {'error': {'message': 'Too Many Requests', 'type': 'too_many_requests', 'param': None, 'code': 'too_many_requests'}}
Failed for Kamelot - Center Of The Universe: Error code: 429 - {'error': {'message': 'Too Many Requests', 'type': 'too_many_requests', 'param': None, 'code': 'too_many_requests'}}
Failed for Thievery Corporation - The State Of The Union: Error code: 429 - {'error': {'message': 'Too Many Requests', 'type': 'too_many_requests', 'param': None, 'code': 'too_many_requests'}}
Failed for My Brightest Diamond - The Robin'S Jar: Error code: 429 - {'error': {'message': 'Too Many Requests', 'type': 'too_many_requests', 'param': None, 'code': 'too_many_requests'}}
Failed for The All-American Rejects - Why Worry: Error code: 429 - {'error': {'message': 'Too Many Requests', 'type': 'too_many_requests', 'param': None, 'code': 'too_many_requests'}}
Failed for J Dilla - Stop: Error code: 429 - {'error': {'message': 'Too Many Requests', 'type': 'too_many_requests', 'param': None, 'code': 'too_many_requests'}}
Failed for No Doubt - Making Out: Error code: 429 - {'error': {'message': 'Too Many Requests', 'type': 'too_many_requests', 'param': None, 'code': 'too_many_requests'}}
Failed for No Doubt - Hey You: Error code: 429 - {'error': {'message': 'Too Many Requests', 'type': 'too_many_requests', 'param': None, 'code': 'too_many_requests'}}
Failed for Andrew Bird - Fitz And The Dizzyspells: Error code: 429 - {'error': {'message': 'Too Many Requests', 'type': 'too_many_requests', 'param': None, 'code': 'too_many_requests'}}
Failed for Stars Of The Lid - Even If You'Re Never Awake (Deuxième): Error code: 429 - {'error': {'message': 'Too Many Requests', 'type': 'too_many_requests', 'param': None, 'code': 'too_many_requests'}}
Failed for The Jimi Hendrix Experience - Third Stone From The Sun: Error code: 429 - {'error': {'message': 'Too Many Requests', 'type': 'too_many_requests', 'param': None, 'code': 'too_many_requests'}}
100/2988 done
Failed for Mirah - Million Miles: Error code: 429 - {'error': {'message': 'Too Many Requests', 'type': 'too_many_requests', 'param': None, 'code': 'too_many_requests'}}
Failed for Tristania - Dementia: Error code: 429 - {'error': {'message': 'Too Many Requests', 'type': 'too_many_requests', 'param': None, 'code': 'too_many_requests'}}
Failed for Travis - U16 Girls: Error code: 429 - {'error': {'message': 'Too Many Requests', 'type': 'too_many_requests', 'param': None, 'code': 'too_many_requests'}}
Failed for Darkthrone - The Serpents Harvest: Error code: 429 - {'error': {'message': 'Too Many Requests', 'type': 'too_many_requests', 'param': None, 'code': 'too_many_requests'}}
Failed for Enigma - Shadows In Silence: Error code: 429 - {'error': {'message': 'Too Many Requests', 'type': 'too_many_requests', 'param': None, 'code': 'too_many_requests'}}
Failed for My Dying Bride - The Cry Of Mankind: Error code: 429 - {'error': {'message': 'Too Many Requests', 'type': 'too_many_requests', 'param': None, 'code': 'too_many_requests'}}
Failed for Stars Of The Lid - Even (Out) +: Error code: 429 - {'error': {'message': 'Too Many Requests', 'type': 'too_many_requests', 'param': None, 'code': 'too_many_requests'}}
Failed for The Jesus And Mary Chain - Gimme Hell: Error code: 429 - {'error': {'message': 'Too Many Requests', 'type': 'too_many_requests', 'param': None, 'code': 'too_many_requests'}}
Failed for Ben Harper - She'S Only Happy In The Sun: Error code: 429 - {'error': {'message': 'Too Many Requests', 'type': 'too_many_requests', 'param': None, 'code': 'too_many_requests'}}
Failed for The Jesus And Mary Chain - Cherry Came Too: Error code: 429 - {'error': {'message': 'Too Many Requests', 'type': 'too_many_requests', 'param': None, 'code': 'too_many_requests'}}
Failed for The Slits - Shoplifting: Error code: 429 - {'error': {'message': 'Too Many Requests', 'type': 'too_many_requests', 'param': None, 'code': 'too_many_requests'}}
Failed for Ben Harper - The Drugs Don'T Work: Error code: 429 - {'error': {'message': 'Too Many Requests', 'type': 'too_many_requests', 'param': None, 'code': 'too_many_requests'}}
Failed for Iron Maiden - Another Life: Error code: 429 - {'error': {'message': 'Too Many Requests', 'type': 'too_many_requests', 'param': None, 'code': 'too_many_requests'}}
Failed for Matchbox Twenty - Damn: Error code: 429 - {'error': {'message': 'Too Many Requests', 'type': 'too_many_requests', 'param': None, 'code': 'too_many_requests'}}
Failed for Stars - In Our Bedroom After The War: Error code: 429 - {'error': {'message': 'Too Many Requests', 'type': 'too_many_requests', 'param': None, 'code': 'too_many_requests'}}
Failed for Mirah - The Light: Error code: 429 - {'error': {'message': 'Too Many Requests', 'type': 'too_many_requests', 'param': None, 'code': 'too_many_requests'}}
Failed for Sons And Daughters - Monsters: Error code: 429 - {'error': {'message': 'Too Many Requests', 'type': 'too_many_requests', 'param': None, 'code': 'too_many_requests'}}
Failed for The Frames - Dream Awake: Error code: 429 - {'error': {'message': 'Too Many Requests', 'type': 'too_many_requests', 'param': None, 'code': 'too_many_requests'}}
Failed for E-Funk Feat. Donica Thorton - Shout: Error code: 429 - {'error': {'message': 'Too Many Requests', 'type': 'too_many_requests', 'param': None, 'code': 'too_many_requests'}}
Failed for Craig Armstrong - Sea Song: Error code: 429 - {'error': {'message': 'Too Many Requests', 'type': 'too_many_requests', 'param': None, 'code': 'too_many_requests'}}
Failed for Kaki King - Life Being What It Is: Error code: 429 - {'error': {'message': 'Too Many Requests', 'type': 'too_many_requests', 'param': None, 'code': 'too_many_requests'}}
Failed for Soilwork - Final Fatal Force: Error code: 429 - {'error': {'message': 'Too Many Requests', 'type': 'too_many_requests', 'param': None, 'code': 'too_many_requests'}}
Failed for Darkthrone - Slottet I Det Fjerne: Error code: 429 - {'error': {'message': 'Too Many Requests', 'type': 'too_many_requests', 'param': None, 'code': 'too_many_requests'}}
Failed for The Used - A Box Full Of Sharp Objects: Error code: 429 - {'error': {'message': 'Too Many Requests', 'type': 'too_many_requests', 'param': None, 'code': 'too_many_requests'}}
Failed for The Kooks - One Last Time: Error code: 429 - {'error': {'message': 'Too Many Requests', 'type': 'too_many_requests', 'param': None, 'code': 'too_many_requests'}}
Failed for Echo & The Bunnymen - Do It Clean: Error code: 429 - {'error': {'message': 'Too Many Requests', 'type': 'too_many_requests', 'param': None, 'code': 'too_many_requests'}}
Failed for Joy Division - Twenty-Four Hours: Error code: 429 - {'error': {'message': 'Too Many Requests', 'type': 'too_many_requests', 'param': None, 'code': 'too_many_requests'}}
Failed for Regina Spektor - Reading Time With Pickle: Error code: 429 - {'error': {'message': 'Too Many Requests', 'type': 'too_many_requests', 'param': None, 'code': 'too_many_requests'}}
Failed for Mgmt - Kids (Soulwax Remix): Error code: 429 - {'error': {'message': 'Too Many Requests', 'type': 'too_many_requests', 'param': None, 'code': 'too_many_requests'}}
Failed for Pink Floyd - Two Suns In The Sunset: Error code: 429 - {'error': {'message': 'Too Many Requests', 'type': 'too_many_requests', 'param': None, 'code': 'too_many_requests'}}
Failed for Japan - Ghosts: Error code: 429 - {'error': {'message': 'Too Many Requests', 'type': 'too_many_requests', 'param': None, 'code': 'too_many_requests'}}
Failed for Accept - Metal Heart: Error code: 429 - {'error': {'message': 'Too Many Requests', 'type': 'too_many_requests', 'param': None, 'code': 'too_many_requests'}}
Failed for Bright Eyes - The City Has Sex: Error code: 429 - {'error': {'message': 'Too Many Requests', 'type': 'too_many_requests', 'param': None, 'code': 'too_many_requests'}}
Failed for Neneh Cherry - Buffalo Stance: Error code: 429 - {'error': {'message': 'Too Many Requests', 'type': 'too_many_requests', 'param': None, 'code': 'too_many_requests'}}
Failed for Rainbow - Gates Of Babylon: Error code: 429 - {'error': {'message': 'Too Many Requests', 'type': 'too_many_requests', 'param': None, 'code': 'too_many_requests'}}
Failed for The Streets - What Is He Thinking?: Error code: 429 - {'error': {'message': 'Too Many Requests', 'type': 'too_many_requests', 'param': None, 'code': 'too_many_requests'}}
Failed for Gramme - Like You: Error code: 429 - {'error': {'message': 'Too Many Requests', 'type': 'too_many_requests', 'param': None, 'code': 'too_many_requests'}}
Failed for A Silver Mt. Zion - God Bless Our Dead Marines: Error code: 429 - {'error': {'message': 'Too Many Requests', 'type': 'too_many_requests', 'param': None, 'code': 'too_many_requests'}}
Failed for Pedro The Lion - Pedro The Lion - Track 07: Error code: 429 - {'error': {'message': 'Too Many Requests', 'type': 'too_many_requests', 'param': None, 'code': 'too_many_requests'}}
Failed for Dungen - Festival: Error code: 429 - {'error': {'message': 'Too Many Requests', 'type': 'too_many_requests', 'param': None, 'code': 'too_many_requests'}}
Failed for Beth Orton - Central Reservation (Original Version): Error code: 429 - {'error': {'message': 'Too Many Requests', 'type': 'too_many_requests', 'param': None, 'code': 'too_many_requests'}}
Failed for Spacemen 3 - May The Circle Be Unbroken: Error code: 429 - {'error': {'message': 'Too Many Requests', 'type': 'too_many_requests', 'param': None, 'code': 'too_many_requests'}}
Failed for Delerium - Euphoria (Firefly): Error code: 429 - {'error': {'message': 'Too Many Requests', 'type': 'too_many_requests', 'param': None, 'code': 'too_many_requests'}}
Failed for Róisín Murphy - Through Time: Error code: 429 - {'error': {'message': 'Too Many Requests', 'type': 'too_many_requests', 'param': None, 'code': 'too_many_requests'}}
Failed for The Beatles - You'Re Going To Lose That Girl: Error code: 429 - {'error': {'message': 'Too Many Requests', 'type': 'too_many_requests', 'param': None, 'code': 'too_many_requests'}}
Failed for Children Of Bodom - She Is Beautiful: Error code: 429 - {'error': {'message': 'Too Many Requests', 'type': 'too_many_requests', 'param': None, 'code': 'too_many_requests'}}
Failed for The Streets - Hotel Expressionism: Error code: 429 - {'error': {'message': 'Too Many Requests', 'type': 'too_many_requests', 'param': None, 'code': 'too_many_requests'}}
Failed for Cream - We'Re Going Wrong: Error code: 429 - {'error': {'message': 'Too Many Requests', 'type': 'too_many_requests', 'param': None, 'code': 'too_many_requests'}}
Failed for Marilyn Manson - Lamb Of God: Error code: 429 - {'error': {'message': 'Too Many Requests', 'type': 'too_many_requests', 'param': None, 'code': 'too_many_requests'}}
Failed for Beck - Soul Suckin Jerk: Error code: 429 - {'error': {'message': 'Too Many Requests', 'type': 'too_many_requests', 'param': None, 'code': 'too_many_requests'}}
Failed for Kid Loco - A Grand Love Theme: Error code: 429 - {'error': {'message': 'Too Many Requests', 'type': 'too_many_requests', 'param': None, 'code': 'too_many_requests'}}
Failed for Kamelot - Love You To Death: Error code: 429 - {'error': {'message': 'Too Many Requests', 'type': 'too_many_requests', 'param': None, 'code': 'too_many_requests'}}
Failed for Metric - Siamese Cities: Error code: 429 - {'error': {'message': 'Too Many Requests', 'type': 'too_many_requests', 'param': None, 'code': 'too_many_requests'}}
Failed for Kid Loco - Sister Curare: Error code: 429 - {'error': {'message': 'Too Many Requests', 'type': 'too_many_requests', 'param': None, 'code': 'too_many_requests'}}
Failed for Kid Loco - She Woolf Daydreaming: Error code: 429 - {'error': {'message': 'Too Many Requests', 'type': 'too_many_requests', 'param': None, 'code': 'too_many_requests'}}
Failed for Metronomy - Back On The Motorway: Error code: 429 - {'error': {'message': 'Too Many Requests', 'type': 'too_many_requests', 'param': None, 'code': 'too_many_requests'}}
Failed for My Morning Jacket - Lowdown: Error code: 429 - {'error': {'message': 'Too Many Requests', 'type': 'too_many_requests', 'param': None, 'code': 'too_many_requests'}}
Failed for Fair To Midland - Say When: Error code: 429 - {'error': {'message': 'Too Many Requests', 'type': 'too_many_requests', 'param': None, 'code': 'too_many_requests'}}
Failed for Kamelot - Anthem: Error code: 429 - {'error': {'message': 'Too Many Requests', 'type': 'too_many_requests', 'param': None, 'code': 'too_many_requests'}}
Failed for My Morning Jacket - Highly Suspicious: Error code: 429 - {'error': {'message': 'Too Many Requests', 'type': 'too_many_requests', 'param': None, 'code': 'too_many_requests'}}
Failed for Lighthouse Family - High: Error code: 429 - {'error': {'message': 'Too Many Requests', 'type': 'too_many_requests', 'param': None, 'code': 'too_many_requests'}}
Failed for Air France - Maundy Thursday: Error code: 429 - {'error': {'message': 'Too Many Requests', 'type': 'too_many_requests', 'param': None, 'code': 'too_many_requests'}}
Failed for Kaizers Orchestra - Ompa Til Du Dør: Error code: 429 - {'error': {'message': 'Too Many Requests', 'type': 'too_many_requests', 'param': None, 'code': 'too_many_requests'}}
Failed for Mates Of State - An Experiment: Error code: 429 - {'error': {'message': 'Too Many Requests', 'type': 'too_many_requests', 'param': None, 'code': 'too_many_requests'}}
Failed for J Dilla - Time: The Donut Of The Heart: Error code: 429 - {'error': {'message': 'Too Many Requests', 'type': 'too_many_requests', 'param': None, 'code': 'too_many_requests'}}
Failed for The Cure - The Holy Hour: Error code: 429 - {'error': {'message': 'Too Many Requests', 'type': 'too_many_requests', 'param': None, 'code': 'too_many_requests'}}
Failed for Bad Brains - Sacred Love: Error code: 429 - {'error': {'message': 'Too Many Requests', 'type': 'too_many_requests', 'param': None, 'code': 'too_many_requests'}}
Failed for Sleater-Kinney - Sympathy: Error code: 429 - {'error': {'message': 'Too Many Requests', 'type': 'too_many_requests', 'param': None, 'code': 'too_many_requests'}}
Failed for Bright Eyes - Black Comedy: Error code: 429 - {'error': {'message': 'Too Many Requests', 'type': 'too_many_requests', 'param': None, 'code': 'too_many_requests'}}
Failed for Dead Can Dance - Song Of Sophia: Error code: 429 - {'error': {'message': 'Too Many Requests', 'type': 'too_many_requests', 'param': None, 'code': 'too_many_requests'}}
Failed for Dr. Alban - It'S My Life: Error code: 429 - {'error': {'message': 'Too Many Requests', 'type': 'too_many_requests', 'param': None, 'code': 'too_many_requests'}}
Failed for Communiqué - Perfect Weapon: Error code: 429 - {'error': {'message': 'Too Many Requests', 'type': 'too_many_requests', 'param': None, 'code': 'too_many_requests'}}
Failed for Peaches - I U She: Error code: 429 - {'error': {'message': 'Too Many Requests', 'type': 'too_many_requests', 'param': None, 'code': 'too_many_requests'}}
Failed for The Cooper Temple Clause - All I See Is You: Error code: 429 - {'error': {'message': 'Too Many Requests', 'type': 'too_many_requests', 'param': None, 'code': 'too_many_requests'}}
Failed for Richard Ashcroft - Why Not Nothing?: Error code: 429 - {'error': {'message': 'Too Many Requests', 'type': 'too_many_requests', 'param': None, 'code': 'too_many_requests'}}
Failed for Tiger Lou - The Loyal: Error code: 429 - {'error': {'message': 'Too Many Requests', 'type': 'too_many_requests', 'param': None, 'code': 'too_many_requests'}}
Failed for Depeche Mode - To Have And To Hold: Error code: 429 - {'error': {'message': 'Too Many Requests', 'type': 'too_many_requests', 'param': None, 'code': 'too_many_requests'}}
Failed for The Music - Strength In Numbers: Error code: 429 - {'error': {'message': 'Too Many Requests', 'type': 'too_many_requests', 'param': None, 'code': 'too_many_requests'}}
Failed for Animal Collective - Whaddit I Done: Error code: 429 - {'error': {'message': 'Too Many Requests', 'type': 'too_many_requests', 'param': None, 'code': 'too_many_requests'}}
Failed for Gang Of Four - 5.45: Error code: 429 - {'error': {'message': 'Too Many Requests', 'type': 'too_many_requests', 'param': None, 'code': 'too_many_requests'}}
Failed for Gwen Stefani - Wonderful Life: Error code: 429 - {'error': {'message': 'Too Many Requests', 'type': 'too_many_requests', 'param': None, 'code': 'too_many_requests'}}
Failed for The New Pornographers - Execution Day: Error code: 429 - {'error': {'message': 'Too Many Requests', 'type': 'too_many_requests', 'param': None, 'code': 'too_many_requests'}}
Failed for The Bronx - Small Stone: Error code: 429 - {'error': {'message': 'Too Many Requests', 'type': 'too_many_requests', 'param': None, 'code': 'too_many_requests'}}
Failed for Marillion - Pseudo Silk Kimono: Error code: 429 - {'error': {'message': 'Too Many Requests', 'type': 'too_many_requests', 'param': None, 'code': 'too_many_requests'}}
Failed for T'Pau - China In Your Hand: Error code: 429 - {'error': {'message': 'Too Many Requests', 'type': 'too_many_requests', 'param': None, 'code': 'too_many_requests'}}
Failed for Emperor - Ye Entrancemperium: Error code: 429 - {'error': {'message': 'Too Many Requests', 'type': 'too_many_requests', 'param': None, 'code': 'too_many_requests'}}
Failed for The Music - Float: Error code: 429 - {'error': {'message': 'Too Many Requests', 'type': 'too_many_requests', 'param': None, 'code': 'too_many_requests'}}
Failed for Gwen Stefani - Yummy: Error code: 429 - {'error': {'message': 'Too Many Requests', 'type': 'too_many_requests', 'param': None, 'code': 'too_many_requests'}}
Failed for Gang Starr - Above The Clouds: Error code: 429 - {'error': {'message': 'Too Many Requests', 'type': 'too_many_requests', 'param': None, 'code': 'too_many_requests'}}
Failed for Ok Go - Don'T Ask Me: Error code: 429 - {'error': {'message': 'Too Many Requests', 'type': 'too_many_requests', 'param': None, 'code': 'too_many_requests'}}
Failed for Max Richter - Autumn Music 1: Error code: 429 - {'error': {'message': 'Too Many Requests', 'type': 'too_many_requests', 'param': None, 'code': 'too_many_requests'}}
Failed for Beirut - My Wife: Error code: 429 - {'error': {'message': 'Too Many Requests', 'type': 'too_many_requests', 'param': None, 'code': 'too_many_requests'}}
Failed for Big Brother & The Holding Company - Piece Of My Heart: Error code: 429 - {'error': {'message': 'Too Many Requests', 'type': 'too_many_requests', 'param': None, 'code': 'too_many_requests'}}
Failed for Vivian Girls - Wild Eyes: Error code: 429 - {'error': {'message': 'Too Many Requests', 'type': 'too_many_requests', 'param': None, 'code': 'too_many_requests'}}
Failed for Caribou - Sundialing: Error code: 429 - {'error': {'message': 'Too Many Requests', 'type': 'too_many_requests', 'param': None, 'code': 'too_many_requests'}}
Failed for Thievery Corporation - Resolution: Error code: 429 - {'error': {'message': 'Too Many Requests', 'type': 'too_many_requests', 'param': None, 'code': 'too_many_requests'}}
Failed for Ryan Adams - So Alive: Error code: 429 - {'error': {'message': 'Too Many Requests', 'type': 'too_many_requests', 'param': None, 'code': 'too_many_requests'}}
Failed for Nelly Furtado - Maneater (Radio Version): Error code: 429 - {'error': {'message': 'Too Many Requests', 'type': 'too_many_requests', 'param': None, 'code': 'too_many_requests'}}
200/2988 done
Failed for Alkaline Trio - Armageddon: Error code: 429 - {'error': {'message': 'Too Many Requests', 'type': 'too_many_requests', 'param': None, 'code': 'too_many_requests'}}
Failed for The Horrors - Thunderclaps: Error code: 429 - {'error': {'message': 'Too Many Requests', 'type': 'too_many_requests', 'param': None, 'code': 'too_many_requests'}}
Failed for Whitesnake - Hungry For Love: Error code: 429 - {'error': {'message': 'Too Many Requests', 'type': 'too_many_requests', 'param': None, 'code': 'too_many_requests'}}
Failed for Skinny Puppy - I'Mmortal: Error code: 429 - {'error': {'message': 'Too Many Requests', 'type': 'too_many_requests', 'param': None, 'code': 'too_many_requests'}}
Failed for Duffy - Rain On Your Parade: Error code: 429 - {'error': {'message': 'Too Many Requests', 'type': 'too_many_requests', 'param': None, 'code': 'too_many_requests'}}
Failed for Chapterhouse - Falling Down: Error code: 429 - {'error': {'message': 'Too Many Requests', 'type': 'too_many_requests', 'param': None, 'code': 'too_many_requests'}}
Failed for Vivian Girls - Going Insane: Error code: 429 - {'error': {'message': 'Too Many Requests', 'type': 'too_many_requests', 'param': None, 'code': 'too_many_requests'}}
Failed for Gonzales - Manifesto: Error code: 429 - {'error': {'message': 'Too Many Requests', 'type': 'too_many_requests', 'param': None, 'code': 'too_many_requests'}}
Failed for Beth Orton - Conceived: Error code: 429 - {'error': {'message': 'Too Many Requests', 'type': 'too_many_requests', 'param': None, 'code': 'too_many_requests'}}
Failed for Richard Ashcroft - You On My Mind In My Sleep: Error code: 429 - {'error': {'message': 'Too Many Requests', 'type': 'too_many_requests', 'param': None, 'code': 'too_many_requests'}}
Failed for Herman'S Hermits - No Milk Today: Error code: 429 - {'error': {'message': 'Too Many Requests', 'type': 'too_many_requests', 'param': None, 'code': 'too_many_requests'}}
Failed for Jack Johnson - Enemy: Error code: 429 - {'error': {'message': 'Too Many Requests', 'type': 'too_many_requests', 'param': None, 'code': 'too_many_requests'}}
Failed for Clap Your Hands Say Yeah - Five Easy Pieces: Error code: 429 - {'error': {'message': 'Too Many Requests', 'type': 'too_many_requests', 'param': None, 'code': 'too_many_requests'}}
Failed for Rasputina - If Your Kisses Can'T Hold The Man You Love: Error code: 429 - {'error': {'message': 'Too Many Requests', 'type': 'too_many_requests', 'param': None, 'code': 'too_many_requests'}}
Failed for Dispatch - Open Up: Error code: 429 - {'error': {'message': 'Too Many Requests', 'type': 'too_many_requests', 'param': None, 'code': 'too_many_requests'}}
Failed for Depeche Mode - Stories Of Old: Error code: 429 - {'error': {'message': 'Too Many Requests', 'type': 'too_many_requests', 'param': None, 'code': 'too_many_requests'}}
Failed for Judas Priest - Come And Get It: Error code: 429 - {'error': {'message': 'Too Many Requests', 'type': 'too_many_requests', 'param': None, 'code': 'too_many_requests'}}
Failed for Para One - Midnight Swim (Surkin Drowning Mix): Error code: 429 - {'error': {'message': 'Too Many Requests', 'type': 'too_many_requests', 'param': None, 'code': 'too_many_requests'}}
Failed for Deftones - Lhabia: Error code: 429 - {'error': {'message': 'Too Many Requests', 'type': 'too_many_requests', 'param': None, 'code': 'too_many_requests'}}
Failed for David Gray - The One I Love: Error code: 429 - {'error': {'message': 'Too Many Requests', 'type': 'too_many_requests', 'param': None, 'code': 'too_many_requests'}}
Failed for The Pierces - Secret: Error code: 429 - {'error': {'message': 'Too Many Requests', 'type': 'too_many_requests', 'param': None, 'code': 'too_many_requests'}}
Failed for Deerhunter - Vox Celeste: Error code: 429 - {'error': {'message': 'Too Many Requests', 'type': 'too_many_requests', 'param': None, 'code': 'too_many_requests'}}
Failed for Biosphere - Kobresia: Error code: 429 - {'error': {'message': 'Too Many Requests', 'type': 'too_many_requests', 'param': None, 'code': 'too_many_requests'}}
Failed for John Frusciante - Ramparts: Error code: 429 - {'error': {'message': 'Too Many Requests', 'type': 'too_many_requests', 'param': None, 'code': 'too_many_requests'}}
Failed for Deerhunter - Twilight At Carbon Lake: Error code: 429 - {'error': {'message': 'Too Many Requests', 'type': 'too_many_requests', 'param': None, 'code': 'too_many_requests'}}
Failed for Chemistry - 約束の場所 (Less Vocal): Error code: 429 - {'error': {'message': 'Too Many Requests', 'type': 'too_many_requests', 'param': None, 'code': 'too_many_requests'}}
Failed for Blind Guardian - A Past And Future Secret: Error code: 429 - {'error': {'message': 'Too Many Requests', 'type': 'too_many_requests', 'param': None, 'code': 'too_many_requests'}}
Failed for The Flaming Lips - The Sound Of Failure / It'S Dark... Is It Always This Dark??: Error code: 429 - {'error': {'message': 'Too Many Requests', 'type': 'too_many_requests', 'param': None, 'code': 'too_many_requests'}}
Failed for The Human League - Being Boiled: Error code: 429 - {'error': {'message': 'Too Many Requests', 'type': 'too_many_requests', 'param': None, 'code': 'too_many_requests'}}
Failed for Hawkwind - Wind Of Change: Error code: 429 - {'error': {'message': 'Too Many Requests', 'type': 'too_many_requests', 'param': None, 'code': 'too_many_requests'}}
Failed for Cocteau Twins - Fotzepolitic: Error code: 429 - {'error': {'message': 'Too Many Requests', 'type': 'too_many_requests', 'param': None, 'code': 'too_many_requests'}}
Failed for David E. Sugar - To Yourself: Error code: 429 - {'error': {'message': 'Too Many Requests', 'type': 'too_many_requests', 'param': None, 'code': 'too_many_requests'}}
Failed for Icon & The Black Roses - Black Roses: Error code: 429 - {'error': {'message': 'Too Many Requests', 'type': 'too_many_requests', 'param': None, 'code': 'too_many_requests'}}
Failed for Built To Spill - Fling: Error code: 429 - {'error': {'message': 'Too Many Requests', 'type': 'too_many_requests', 'param': None, 'code': 'too_many_requests'}}
Failed for Incubus - I Wish You Were Here: Error code: 429 - {'error': {'message': 'Too Many Requests', 'type': 'too_many_requests', 'param': None, 'code': 'too_many_requests'}}
Failed for The Streets - The Irony Of It All: Error code: 429 - {'error': {'message': 'Too Many Requests', 'type': 'too_many_requests', 'param': None, 'code': 'too_many_requests'}}
Failed for Icon & The Black Roses - Endless: Error code: 429 - {'error': {'message': 'Too Many Requests', 'type': 'too_many_requests', 'param': None, 'code': 'too_many_requests'}}
Failed for Ciara - Get Up (Feat. Chamillionaire): Error code: 429 - {'error': {'message': 'Too Many Requests', 'type': 'too_many_requests', 'param': None, 'code': 'too_many_requests'}}
Failed for Engenheiros Do Hawaii - ? Até Quando Você Vai Ficar ?: Error code: 429 - {'error': {'message': 'Too Many Requests', 'type': 'too_many_requests', 'param': None, 'code': 'too_many_requests'}}
Failed for Morrissey - Black Cloud: Error code: 429 - {'error': {'message': 'Too Many Requests', 'type': 'too_many_requests', 'param': None, 'code': 'too_many_requests'}}
Failed for Nick Cave & The Bad Seeds - Do You Love Me? Part 2: Error code: 429 - {'error': {'message': 'Too Many Requests', 'type': 'too_many_requests', 'param': None, 'code': 'too_many_requests'}}
Failed for Phoenix - Holdin' On Together: Error code: 429 - {'error': {'message': 'Too Many Requests', 'type': 'too_many_requests', 'param': None, 'code': 'too_many_requests'}}
Failed for Electric Six - I Invented The Night: Error code: 429 - {'error': {'message': 'Too Many Requests', 'type': 'too_many_requests', 'param': None, 'code': 'too_many_requests'}}
Failed for Eels - Theme From Blinking Lights: Error code: 429 - {'error': {'message': 'Too Many Requests', 'type': 'too_many_requests', 'param': None, 'code': 'too_many_requests'}}
Failed for Billie Holiday - What A Little Moonlight Can Do: Error code: 429 - {'error': {'message': 'Too Many Requests', 'type': 'too_many_requests', 'param': None, 'code': 'too_many_requests'}}
Failed for Incubus - Glass: Error code: 429 - {'error': {'message': 'Too Many Requests', 'type': 'too_many_requests', 'param': None, 'code': 'too_many_requests'}}
Failed for Beth Gibbons & Rustin Man - Resolve: Error code: 429 - {'error': {'message': 'Too Many Requests', 'type': 'too_many_requests', 'param': None, 'code': 'too_many_requests'}}
Failed for The National - 90-Mile Water Wall: Error code: 429 - {'error': {'message': 'Too Many Requests', 'type': 'too_many_requests', 'param': None, 'code': 'too_many_requests'}}
Failed for Okkervil River - Starry Stairs: Error code: 429 - {'error': {'message': 'Too Many Requests', 'type': 'too_many_requests', 'param': None, 'code': 'too_many_requests'}}
Failed for Judas Priest - I'M A Rocker: Error code: 429 - {'error': {'message': 'Too Many Requests', 'type': 'too_many_requests', 'param': None, 'code': 'too_many_requests'}}
Failed for Built To Spill - Center Of The Universe: Error code: 429 - {'error': {'message': 'Too Many Requests', 'type': 'too_many_requests', 'param': None, 'code': 'too_many_requests'}}
Failed for The Innocence Mission - When Mac Was Swimming: Error code: 429 - {'error': {'message': 'Too Many Requests', 'type': 'too_many_requests', 'param': None, 'code': 'too_many_requests'}}
Failed for Ray Charles - I Got A Woman: Error code: 429 - {'error': {'message': 'Too Many Requests', 'type': 'too_many_requests', 'param': None, 'code': 'too_many_requests'}}
Failed for Panic At The Disco - Northern Downpour: Error code: 429 - {'error': {'message': 'Too Many Requests', 'type': 'too_many_requests', 'param': None, 'code': 'too_many_requests'}}
Failed for St - I'Ll Meet You There: Error code: 429 - {'error': {'message': 'Too Many Requests', 'type': 'too_many_requests', 'param': None, 'code': 'too_many_requests'}}
Failed for Gogol Bordello - American Wedding: Error code: 429 - {'error': {'message': 'Too Many Requests', 'type': 'too_many_requests', 'param': None, 'code': 'too_many_requests'}}
Failed for Down - Stone The Crow: Error code: 429 - {'error': {'message': 'Too Many Requests', 'type': 'too_many_requests', 'param': None, 'code': 'too_many_requests'}}
Failed for Weezer - Dreamin': Error code: 429 - {'error': {'message': 'Too Many Requests', 'type': 'too_many_requests', 'param': None, 'code': 'too_many_requests'}}
Failed for Weezer - Automatic: Error code: 429 - {'error': {'message': 'Too Many Requests', 'type': 'too_many_requests', 'param': None, 'code': 'too_many_requests'}}
Failed for Deftones - Hexagram: Error code: 429 - {'error': {'message': 'Too Many Requests', 'type': 'too_many_requests', 'param': None, 'code': 'too_many_requests'}}
Failed for Pink Floyd - Corporal Clegg: Error code: 429 - {'error': {'message': 'Too Many Requests', 'type': 'too_many_requests', 'param': None, 'code': 'too_many_requests'}}
Failed for Emperor - I Am The Black Wizards: Error code: 429 - {'error': {'message': 'Too Many Requests', 'type': 'too_many_requests', 'param': None, 'code': 'too_many_requests'}}
Failed for Sex Pistols - My Way: Error code: 429 - {'error': {'message': 'Too Many Requests', 'type': 'too_many_requests', 'param': None, 'code': 'too_many_requests'}}
Failed for Deftones - Headup: Error code: 429 - {'error': {'message': 'Too Many Requests', 'type': 'too_many_requests', 'param': None, 'code': 'too_many_requests'}}
Failed for Ac/Dc - Wheels: Error code: 429 - {'error': {'message': 'Too Many Requests', 'type': 'too_many_requests', 'param': None, 'code': 'too_many_requests'}}
Failed for Afi - The Lost Souls: Error code: 429 - {'error': {'message': 'Too Many Requests', 'type': 'too_many_requests', 'param': None, 'code': 'too_many_requests'}}
Failed for The Submarines - Peace And Hate: Error code: 429 - {'error': {'message': 'Too Many Requests', 'type': 'too_many_requests', 'param': None, 'code': 'too_many_requests'}}
Failed for Tom Vek - On The Road: Error code: 429 - {'error': {'message': 'Too Many Requests', 'type': 'too_many_requests', 'param': None, 'code': 'too_many_requests'}}
Failed for Bruce Springsteen - Devils And Dust: Error code: 429 - {'error': {'message': 'Too Many Requests', 'type': 'too_many_requests', 'param': None, 'code': 'too_many_requests'}}
Failed for Remy Zero - Prophecy: Error code: 429 - {'error': {'message': 'Too Many Requests', 'type': 'too_many_requests', 'param': None, 'code': 'too_many_requests'}}
Failed for Jack Johnson - We'Re Going To Be Friends: Error code: 429 - {'error': {'message': 'Too Many Requests', 'type': 'too_many_requests', 'param': None, 'code': 'too_many_requests'}}
Failed for The Postal Service - The District Sleeps Tonight: Error code: 429 - {'error': {'message': 'Too Many Requests', 'type': 'too_many_requests', 'param': None, 'code': 'too_many_requests'}}
Failed for Judas Priest - Jawbreaker: Error code: 429 - {'error': {'message': 'Too Many Requests', 'type': 'too_many_requests', 'param': None, 'code': 'too_many_requests'}}
Failed for Diablo - Symbol Of Eternity: Error code: 429 - {'error': {'message': 'Too Many Requests', 'type': 'too_many_requests', 'param': None, 'code': 'too_many_requests'}}
Failed for Manowar - Blow Your Speakers: Error code: 429 - {'error': {'message': 'Too Many Requests', 'type': 'too_many_requests', 'param': None, 'code': 'too_many_requests'}}
Failed for The Appleseed Cast - Losing Touching Searching: Error code: 429 - {'error': {'message': 'Too Many Requests', 'type': 'too_many_requests', 'param': None, 'code': 'too_many_requests'}}
Failed for Pleasant Grove - Nothing This Beautiful: Error code: 429 - {'error': {'message': 'Too Many Requests', 'type': 'too_many_requests', 'param': None, 'code': 'too_many_requests'}}
Failed for John Frusciante - Fallout: Error code: 429 - {'error': {'message': 'Too Many Requests', 'type': 'too_many_requests', 'param': None, 'code': 'too_many_requests'}}
Failed for Margot & The Nuclear So And So'S - Vampires In Blue Dresses: Error code: 429 - {'error': {'message': 'Too Many Requests', 'type': 'too_many_requests', 'param': None, 'code': 'too_many_requests'}}
Failed for Brendan Benson - Cold Hands Warm Heart: Error code: 429 - {'error': {'message': 'Too Many Requests', 'type': 'too_many_requests', 'param': None, 'code': 'too_many_requests'}}
Failed for Skinny Puppy - Love In Vein: Error code: 429 - {'error': {'message': 'Too Many Requests', 'type': 'too_many_requests', 'param': None, 'code': 'too_many_requests'}}
Failed for John Lennon - Mother: Error code: 429 - {'error': {'message': 'Too Many Requests', 'type': 'too_many_requests', 'param': None, 'code': 'too_many_requests'}}
Failed for Rjd2 - Ring Finger: Error code: 429 - {'error': {'message': 'Too Many Requests', 'type': 'too_many_requests', 'param': None, 'code': 'too_many_requests'}}
Failed for Agalloch - Our Fortress Is Burning... Ii: Bloodbirds: Error code: 429 - {'error': {'message': 'Too Many Requests', 'type': 'too_many_requests', 'param': None, 'code': 'too_many_requests'}}
Failed for Apoptygma Berzerk - Cambodia: Error code: 429 - {'error': {'message': 'Too Many Requests', 'type': 'too_many_requests', 'param': None, 'code': 'too_many_requests'}}
Failed for Michael Bublé - Save The Last Dance For Me: Error code: 429 - {'error': {'message': 'Too Many Requests', 'type': 'too_many_requests', 'param': None, 'code': 'too_many_requests'}}
Failed for Herbie Hancock - Watermelon Man: Error code: 429 - {'error': {'message': 'Too Many Requests', 'type': 'too_many_requests', 'param': None, 'code': 'too_many_requests'}}
Failed for Dissection - Starless Aeon: Error code: 429 - {'error': {'message': 'Too Many Requests', 'type': 'too_many_requests', 'param': None, 'code': 'too_many_requests'}}
Failed for Yelle - Mon Meilleur Ami: Error code: 429 - {'error': {'message': 'Too Many Requests', 'type': 'too_many_requests', 'param': None, 'code': 'too_many_requests'}}
Failed for Rush - Working Man: Error code: 429 - {'error': {'message': 'Too Many Requests', 'type': 'too_many_requests', 'param': None, 'code': 'too_many_requests'}}
Failed for Atlas Sound - After Class: Error code: 429 - {'error': {'message': 'Too Many Requests', 'type': 'too_many_requests', 'param': None, 'code': 'too_many_requests'}}
Failed for Disco Ensemble - We Might Fall Apart: Error code: 429 - {'error': {'message': 'Too Many Requests', 'type': 'too_many_requests', 'param': None, 'code': 'too_many_requests'}}
Failed for Skinny Puppy - Ugli: Error code: 429 - {'error': {'message': 'Too Many Requests', 'type': 'too_many_requests', 'param': None, 'code': 'too_many_requests'}}
Failed for Mariah Carey - It'S Like That: Error code: 429 - {'error': {'message': 'Too Many Requests', 'type': 'too_many_requests', 'param': None, 'code': 'too_many_requests'}}
Failed for Nick Cave & The Bad Seeds - O'Malley'S Bar: Error code: 429 - {'error': {'message': 'Too Many Requests', 'type': 'too_many_requests', 'param': None, 'code': 'too_many_requests'}}
Failed for Beth Orton - Touch Me With Your Love: Error code: 429 - {'error': {'message': 'Too Many Requests', 'type': 'too_many_requests', 'param': None, 'code': 'too_many_requests'}}
Failed for Supersuckers - Barricade: Error code: 429 - {'error': {'message': 'Too Many Requests', 'type': 'too_many_requests', 'param': None, 'code': 'too_many_requests'}}
Failed for Diana Krall - The Look Of Love: Error code: 429 - {'error': {'message': 'Too Many Requests', 'type': 'too_many_requests', 'param': None, 'code': 'too_many_requests'}}
300/2988 done
Failed for Jimi Hendrix - May This Be Love: Error code: 429 - {'error': {'message': 'Too Many Requests', 'type': 'too_many_requests', 'param': None, 'code': 'too_many_requests'}}
Failed for Dispatch - Here We Go: Error code: 429 - {'error': {'message': 'Too Many Requests', 'type': 'too_many_requests', 'param': None, 'code': 'too_many_requests'}}
Failed for The Hives - Puppet On A String: Error code: 429 - {'error': {'message': 'Too Many Requests', 'type': 'too_many_requests', 'param': None, 'code': 'too_many_requests'}}
Failed for Faith No More - Caralho Voador: Error code: 429 - {'error': {'message': 'Too Many Requests', 'type': 'too_many_requests', 'param': None, 'code': 'too_many_requests'}}
Failed for Dishwalla - Angels Or Devils: Error code: 429 - {'error': {'message': 'Too Many Requests', 'type': 'too_many_requests', 'param': None, 'code': 'too_many_requests'}}
Failed for Within Temptation - Jillian: Error code: 429 - {'error': {'message': 'Too Many Requests', 'type': 'too_many_requests', 'param': None, 'code': 'too_many_requests'}}
Failed for Brian Eno - Driving Me Backwards: Error code: 429 - {'error': {'message': 'Too Many Requests', 'type': 'too_many_requests', 'param': None, 'code': 'too_many_requests'}}
Failed for Robots In Disguise - We'Re In The Music Biz: Error code: 429 - {'error': {'message': 'Too Many Requests', 'type': 'too_many_requests', 'param': None, 'code': 'too_many_requests'}}
Failed for Phoenix - (You Can'T Blame It On) Anybody: Error code: 429 - {'error': {'message': 'Too Many Requests', 'type': 'too_many_requests', 'param': None, 'code': 'too_many_requests'}}
Failed for The Chemical Brothers - It Doesn'T Matter: Error code: 429 - {'error': {'message': 'Too Many Requests', 'type': 'too_many_requests', 'param': None, 'code': 'too_many_requests'}}
Failed for Phil Collins - You Can'T Hurry Love: Error code: 429 - {'error': {'message': 'Too Many Requests', 'type': 'too_many_requests', 'param': None, 'code': 'too_many_requests'}}
Failed for Korn - Justin: Error code: 429 - {'error': {'message': 'Too Many Requests', 'type': 'too_many_requests', 'param': None, 'code': 'too_many_requests'}}
Failed for Tiësto - He'S A Pirate: Error code: 429 - {'error': {'message': 'Too Many Requests', 'type': 'too_many_requests', 'param': None, 'code': 'too_many_requests'}}
Failed for Misfits - Violent World: Error code: 429 - {'error': {'message': 'Too Many Requests', 'type': 'too_many_requests', 'param': None, 'code': 'too_many_requests'}}
Failed for Akcent - Kylie: Error code: 429 - {'error': {'message': 'Too Many Requests', 'type': 'too_many_requests', 'param': None, 'code': 'too_many_requests'}}
Failed for Weezer - Keep Fishin': Error code: 429 - {'error': {'message': 'Too Many Requests', 'type': 'too_many_requests', 'param': None, 'code': 'too_many_requests'}}
Failed for Judas Priest - Subterfuge: Error code: 429 - {'error': {'message': 'Too Many Requests', 'type': 'too_many_requests', 'param': None, 'code': 'too_many_requests'}}
Failed for Poets Of The Fall - Desire: Error code: 429 - {'error': {'message': 'Too Many Requests', 'type': 'too_many_requests', 'param': None, 'code': 'too_many_requests'}}
Failed for Poets Of The Fall - Delicious: Error code: 429 - {'error': {'message': 'Too Many Requests', 'type': 'too_many_requests', 'param': None, 'code': 'too_many_requests'}}
Failed for Amon Tobin - Yasawas: Error code: 429 - {'error': {'message': 'Too Many Requests', 'type': 'too_many_requests', 'param': None, 'code': 'too_many_requests'}}
Failed for Meat Loaf - Everything Louder Than Everything Else: Error code: 429 - {'error': {'message': 'Too Many Requests', 'type': 'too_many_requests', 'param': None, 'code': 'too_many_requests'}}
Failed for Finch - What It Is To Burn: Error code: 429 - {'error': {'message': 'Too Many Requests', 'type': 'too_many_requests', 'param': None, 'code': 'too_many_requests'}}
Failed for Russian Circles - Micah: Error code: 429 - {'error': {'message': 'Too Many Requests', 'type': 'too_many_requests', 'param': None, 'code': 'too_many_requests'}}
Failed for Phil Collins - You'Ll Be In My Heart: Error code: 429 - {'error': {'message': 'Too Many Requests', 'type': 'too_many_requests', 'param': None, 'code': 'too_many_requests'}}
Failed for The Moldy Peaches - Nothing Came Out: Error code: 429 - {'error': {'message': 'Too Many Requests', 'type': 'too_many_requests', 'param': None, 'code': 'too_many_requests'}}
Failed for The Moldy Peaches - Downloading Porn With Davo: Error code: 429 - {'error': {'message': 'Too Many Requests', 'type': 'too_many_requests', 'param': None, 'code': 'too_many_requests'}}
Failed for The Rapture - Heaven: Error code: 429 - {'error': {'message': 'Too Many Requests', 'type': 'too_many_requests', 'param': None, 'code': 'too_many_requests'}}
Failed for The Mighty Diamonds - Dreadlocks Time Dub: Error code: 429 - {'error': {'message': 'Too Many Requests', 'type': 'too_many_requests', 'param': None, 'code': 'too_many_requests'}}
Failed for L'Arc~En~Ciel - Driver'S High: Error code: 429 - {'error': {'message': 'Too Many Requests', 'type': 'too_many_requests', 'param': None, 'code': 'too_many_requests'}}
Failed for Kaiser Chiefs - Spanish Metal: Error code: 429 - {'error': {'message': 'Too Many Requests', 'type': 'too_many_requests', 'param': None, 'code': 'too_many_requests'}}
Failed for Norther - Blackhearted: Error code: 429 - {'error': {'message': 'Too Many Requests', 'type': 'too_many_requests', 'param': None, 'code': 'too_many_requests'}}
Failed for Miles Davis - Godchild: Error code: 429 - {'error': {'message': 'Too Many Requests', 'type': 'too_many_requests', 'param': None, 'code': 'too_many_requests'}}
Failed for Nevermore - Bittersweet Feast: Error code: 429 - {'error': {'message': 'Too Many Requests', 'type': 'too_many_requests', 'param': None, 'code': 'too_many_requests'}}
Failed for Madvillain - Do Not Fire!: Error code: 429 - {'error': {'message': 'Too Many Requests', 'type': 'too_many_requests', 'param': None, 'code': 'too_many_requests'}}
Failed for Tunng - It'S Because... We'Ve Got Hair: Error code: 429 - {'error': {'message': 'Too Many Requests', 'type': 'too_many_requests', 'param': None, 'code': 'too_many_requests'}}
Failed for Hello Saferide - Nothing Like You (When You'Re Gone): Error code: 429 - {'error': {'message': 'Too Many Requests', 'type': 'too_many_requests', 'param': None, 'code': 'too_many_requests'}}
Failed for Suede - Picnic By The Motorway: Error code: 429 - {'error': {'message': 'Too Many Requests', 'type': 'too_many_requests', 'param': None, 'code': 'too_many_requests'}}
Failed for Biosphere - Chukhung: Error code: 429 - {'error': {'message': 'Too Many Requests', 'type': 'too_many_requests', 'param': None, 'code': 'too_many_requests'}}
Failed for Fanny Lú - Tu No Eres Para Mi: Error code: 429 - {'error': {'message': 'Too Many Requests', 'type': 'too_many_requests', 'param': None, 'code': 'too_many_requests'}}
Failed for Eminem - Say Goodbye Hollywood: Error code: 429 - {'error': {'message': 'Too Many Requests', 'type': 'too_many_requests', 'param': None, 'code': 'too_many_requests'}}
Failed for Boston - Smokin': Error code: 429 - {'error': {'message': 'Too Many Requests', 'type': 'too_many_requests', 'param': None, 'code': 'too_many_requests'}}
Failed for Oi Va Voi - Refugee: Error code: 429 - {'error': {'message': 'Too Many Requests', 'type': 'too_many_requests', 'param': None, 'code': 'too_many_requests'}}
Failed for Madonna - I Deserve It: Error code: 429 - {'error': {'message': 'Too Many Requests', 'type': 'too_many_requests', 'param': None, 'code': 'too_many_requests'}}
Failed for Rush - Circumstances: Error code: 429 - {'error': {'message': 'Too Many Requests', 'type': 'too_many_requests', 'param': None, 'code': 'too_many_requests'}}
Failed for Emilie Autumn - I Know Where You Sleep: Error code: 429 - {'error': {'message': 'Too Many Requests', 'type': 'too_many_requests', 'param': None, 'code': 'too_many_requests'}}
Failed for Fall Out Boy - The Pros And Cons Of Breathing: Error code: 429 - {'error': {'message': 'Too Many Requests', 'type': 'too_many_requests', 'param': None, 'code': 'too_many_requests'}}
Failed for Broadcast - I Found The End: Error code: 429 - {'error': {'message': 'Too Many Requests', 'type': 'too_many_requests', 'param': None, 'code': 'too_many_requests'}}
Failed for Kaiser Chiefs - I Heard It Through The Grapevine: Error code: 429 - {'error': {'message': 'Too Many Requests', 'type': 'too_many_requests', 'param': None, 'code': 'too_many_requests'}}
Failed for Head Automatica - Brooklyn Is Burning: Error code: 429 - {'error': {'message': 'Too Many Requests', 'type': 'too_many_requests', 'param': None, 'code': 'too_many_requests'}}
Failed for Pnau - Embrace: Error code: 429 - {'error': {'message': 'Too Many Requests', 'type': 'too_many_requests', 'param': None, 'code': 'too_many_requests'}}
Failed for Serj Tankian - Elect The Dead: Error code: 429 - {'error': {'message': 'Too Many Requests', 'type': 'too_many_requests', 'param': None, 'code': 'too_many_requests'}}
Failed for Final Fantasy - Do You Love?: Error code: 429 - {'error': {'message': 'Too Many Requests', 'type': 'too_many_requests', 'param': None, 'code': 'too_many_requests'}}
Failed for Beck - Beautiful Way: Error code: 429 - {'error': {'message': 'Too Many Requests', 'type': 'too_many_requests', 'param': None, 'code': 'too_many_requests'}}
Failed for Moby - Alice: Error code: 429 - {'error': {'message': 'Too Many Requests', 'type': 'too_many_requests', 'param': None, 'code': 'too_many_requests'}}
Failed for At The Drive-In - Paid Vacation Time: Error code: 429 - {'error': {'message': 'Too Many Requests', 'type': 'too_many_requests', 'param': None, 'code': 'too_many_requests'}}
Failed for Therion - Birth Of Venus Illegitima: Error code: 429 - {'error': {'message': 'Too Many Requests', 'type': 'too_many_requests', 'param': None, 'code': 'too_many_requests'}}
Failed for The Rapture - Open Up Your Heart: Error code: 429 - {'error': {'message': 'Too Many Requests', 'type': 'too_many_requests', 'param': None, 'code': 'too_many_requests'}}
Failed for Nada Surf - Weightless: Error code: 429 - {'error': {'message': 'Too Many Requests', 'type': 'too_many_requests', 'param': None, 'code': 'too_many_requests'}}
Failed for Nada Surf - The Way You Wear Your Head: Error code: 429 - {'error': {'message': 'Too Many Requests', 'type': 'too_many_requests', 'param': None, 'code': 'too_many_requests'}}
Failed for The Doors - You Make Me Real: Error code: 429 - {'error': {'message': 'Too Many Requests', 'type': 'too_many_requests', 'param': None, 'code': 'too_many_requests'}}
Failed for My Teenage Stride - To Live And Die In The Airport Lounge: Error code: 429 - {'error': {'message': 'Too Many Requests', 'type': 'too_many_requests', 'param': None, 'code': 'too_many_requests'}}
Failed for Morphine - A Head With Wings: Error code: 429 - {'error': {'message': 'Too Many Requests', 'type': 'too_many_requests', 'param': None, 'code': 'too_many_requests'}}
Failed for Glenn Miller - In The Mood: Error code: 429 - {'error': {'message': 'Too Many Requests', 'type': 'too_many_requests', 'param': None, 'code': 'too_many_requests'}}
Failed for Sepultura - Nomad: Error code: 429 - {'error': {'message': 'Too Many Requests', 'type': 'too_many_requests', 'param': None, 'code': 'too_many_requests'}}
Failed for Bruce Dickinson - Believil: Error code: 429 - {'error': {'message': 'Too Many Requests', 'type': 'too_many_requests', 'param': None, 'code': 'too_many_requests'}}
Failed for Apocalyptica - Welcome Home (Sanitarium): Error code: 429 - {'error': {'message': 'Too Many Requests', 'type': 'too_many_requests', 'param': None, 'code': 'too_many_requests'}}
Failed for Fantômas - Cape Fear: Error code: 429 - {'error': {'message': 'Too Many Requests', 'type': 'too_many_requests', 'param': None, 'code': 'too_many_requests'}}
Failed for Bedouin Soundclash - Rude Boy Don'T Cry: Error code: 429 - {'error': {'message': 'Too Many Requests', 'type': 'too_many_requests', 'param': None, 'code': 'too_many_requests'}}
Failed for The Beatles - Revolution 9: Error code: 429 - {'error': {'message': 'Too Many Requests', 'type': 'too_many_requests', 'param': None, 'code': 'too_many_requests'}}
Failed for Lil Wayne - Dr. Carter: Error code: 429 - {'error': {'message': 'Too Many Requests', 'type': 'too_many_requests', 'param': None, 'code': 'too_many_requests'}}
Failed for Constantines - Million Star Hotel: Error code: 429 - {'error': {'message': 'Too Many Requests', 'type': 'too_many_requests', 'param': None, 'code': 'too_many_requests'}}
Failed for Constantines - New King: Error code: 429 - {'error': {'message': 'Too Many Requests', 'type': 'too_many_requests', 'param': None, 'code': 'too_many_requests'}}
Failed for Matchbox Twenty - Bed Of Lies: Error code: 429 - {'error': {'message': 'Too Many Requests', 'type': 'too_many_requests', 'param': None, 'code': 'too_many_requests'}}
Failed for Oasis - Put Yer Money Where Yer Mouth Is: Error code: 429 - {'error': {'message': 'Too Many Requests', 'type': 'too_many_requests', 'param': None, 'code': 'too_many_requests'}}
Failed for The Pussycat Dolls - Sway: Error code: 429 - {'error': {'message': 'Too Many Requests', 'type': 'too_many_requests', 'param': None, 'code': 'too_many_requests'}}
Failed for Constantines - Good Nurse: Error code: 429 - {'error': {'message': 'Too Many Requests', 'type': 'too_many_requests', 'param': None, 'code': 'too_many_requests'}}
Failed for Violent Femmes - Color Me Once: Error code: 429 - {'error': {'message': 'Too Many Requests', 'type': 'too_many_requests', 'param': None, 'code': 'too_many_requests'}}
Failed for Mount Sims - No Yellow Lines: Error code: 429 - {'error': {'message': 'Too Many Requests', 'type': 'too_many_requests', 'param': None, 'code': 'too_many_requests'}}
Failed for Bad Religion - Modern Man: Error code: 429 - {'error': {'message': 'Too Many Requests', 'type': 'too_many_requests', 'param': None, 'code': 'too_many_requests'}}
Failed for Magazine - Parade: Error code: 429 - {'error': {'message': 'Too Many Requests', 'type': 'too_many_requests', 'param': None, 'code': 'too_many_requests'}}
Failed for Yellowcard - Down On My Head: Error code: 429 - {'error': {'message': 'Too Many Requests', 'type': 'too_many_requests', 'param': None, 'code': 'too_many_requests'}}
Failed for Thrice - Music Box: Error code: 429 - {'error': {'message': 'Too Many Requests', 'type': 'too_many_requests', 'param': None, 'code': 'too_many_requests'}}
Failed for St. Vincent - Your Lips Are Red: Error code: 429 - {'error': {'message': 'Too Many Requests', 'type': 'too_many_requests', 'param': None, 'code': 'too_many_requests'}}
Failed for The Moldy Peaches - Steak For Chicken: Error code: 429 - {'error': {'message': 'Too Many Requests', 'type': 'too_many_requests', 'param': None, 'code': 'too_many_requests'}}
Failed for Mägo De Oz - El Pacto: Error code: 429 - {'error': {'message': 'Too Many Requests', 'type': 'too_many_requests', 'param': None, 'code': 'too_many_requests'}}
Failed for Cut Copy - Going Nowhere (Whitey Remix): Error code: 429 - {'error': {'message': 'Too Many Requests', 'type': 'too_many_requests', 'param': None, 'code': 'too_many_requests'}}
Failed for Marlena Shaw - California Soul: Error code: 429 - {'error': {'message': 'Too Many Requests', 'type': 'too_many_requests', 'param': None, 'code': 'too_many_requests'}}
Failed for Ben Folds - Sentimental Guy: Error code: 429 - {'error': {'message': 'Too Many Requests', 'type': 'too_many_requests', 'param': None, 'code': 'too_many_requests'}}
Failed for Blue Öyster Cult - Astronomy: Error code: 429 - {'error': {'message': 'Too Many Requests', 'type': 'too_many_requests', 'param': None, 'code': 'too_many_requests'}}
Failed for Mystery Jets - First To Know: Error code: 429 - {'error': {'message': 'Too Many Requests', 'type': 'too_many_requests', 'param': None, 'code': 'too_many_requests'}}
Failed for Ben Folds - Fired: Error code: 429 - {'error': {'message': 'Too Many Requests', 'type': 'too_many_requests', 'param': None, 'code': 'too_many_requests'}}
Failed for Tori Amos - Hoochie Woman: Error code: 429 - {'error': {'message': 'Too Many Requests', 'type': 'too_many_requests', 'param': None, 'code': 'too_many_requests'}}
Failed for The Gathering - Rollercoaster: Error code: 429 - {'error': {'message': 'Too Many Requests', 'type': 'too_many_requests', 'param': None, 'code': 'too_many_requests'}}
Failed for Iamx - I Like Pretending: Error code: 429 - {'error': {'message': 'Too Many Requests', 'type': 'too_many_requests', 'param': None, 'code': 'too_many_requests'}}
Failed for Red Hot Chili Peppers - They'Re Red Hot: Error code: 429 - {'error': {'message': 'Too Many Requests', 'type': 'too_many_requests', 'param': None, 'code': 'too_many_requests'}}
Failed for Pearl Jam - Red Mosquito: Error code: 429 - {'error': {'message': 'Too Many Requests', 'type': 'too_many_requests', 'param': None, 'code': 'too_many_requests'}}
Failed for Nina Simone - I Loves You Porgy: Error code: 429 - {'error': {'message': 'Too Many Requests', 'type': 'too_many_requests', 'param': None, 'code': 'too_many_requests'}}
400/2988 done
Failed for Viikate - Kuolleen Miehen Kupletti: Error code: 429 - {'error': {'message': 'Too Many Requests', 'type': 'too_many_requests', 'param': None, 'code': 'too_many_requests'}}
Failed for Ghinzu - The Dragster-Wave: Error code: 429 - {'error': {'message': 'Too Many Requests', 'type': 'too_many_requests', 'param': None, 'code': 'too_many_requests'}}
Failed for Viikate - Köysistä Parhain: Error code: 429 - {'error': {'message': 'Too Many Requests', 'type': 'too_many_requests', 'param': None, 'code': 'too_many_requests'}}
Failed for Modest Mouse - Summer: Error code: 429 - {'error': {'message': 'Too Many Requests', 'type': 'too_many_requests', 'param': None, 'code': 'too_many_requests'}}
Failed for Liars - Drum And The Uncomfortable Can: Error code: 429 - {'error': {'message': 'Too Many Requests', 'type': 'too_many_requests', 'param': None, 'code': 'too_many_requests'}}
Failed for Morcheeba - Slow Down: Error code: 429 - {'error': {'message': 'Too Many Requests', 'type': 'too_many_requests', 'param': None, 'code': 'too_many_requests'}}
Failed for U2 - Gloria: Error code: 429 - {'error': {'message': 'Too Many Requests', 'type': 'too_many_requests', 'param': None, 'code': 'too_many_requests'}}
Failed for Black Flag - White Minority: Error code: 429 - {'error': {'message': 'Too Many Requests', 'type': 'too_many_requests', 'param': None, 'code': 'too_many_requests'}}
Failed for At The Drive-In - Rascuache: Error code: 429 - {'error': {'message': 'Too Many Requests', 'type': 'too_many_requests', 'param': None, 'code': 'too_many_requests'}}
Failed for Oasis - Fade In-Out: Error code: 429 - {'error': {'message': 'Too Many Requests', 'type': 'too_many_requests', 'param': None, 'code': 'too_many_requests'}}
Failed for Snow Patrol - An Olive Grove Facing The Sea: Error code: 429 - {'error': {'message': 'Too Many Requests', 'type': 'too_many_requests', 'param': None, 'code': 'too_many_requests'}}
Failed for Death - Suicide Machine: Error code: 429 - {'error': {'message': 'Too Many Requests', 'type': 'too_many_requests', 'param': None, 'code': 'too_many_requests'}}
Failed for The New Pornographers - Miss Teen Wordpower: Error code: 429 - {'error': {'message': 'Too Many Requests', 'type': 'too_many_requests', 'param': None, 'code': 'too_many_requests'}}
Failed for Ac/Dc - House Of Jazz: Error code: 429 - {'error': {'message': 'Too Many Requests', 'type': 'too_many_requests', 'param': None, 'code': 'too_many_requests'}}
Failed for Ac/Dc - Inject The Venom: Error code: 429 - {'error': {'message': 'Too Many Requests', 'type': 'too_many_requests', 'param': None, 'code': 'too_many_requests'}}
Failed for Motörhead - The Chase Is Better Than The Catch: Error code: 429 - {'error': {'message': 'Too Many Requests', 'type': 'too_many_requests', 'param': None, 'code': 'too_many_requests'}}
Failed for Venetian Snares - Galamb Egyedül: Error code: 429 - {'error': {'message': 'Too Many Requests', 'type': 'too_many_requests', 'param': None, 'code': 'too_many_requests'}}
Failed for Slayer - Stain Of Mind: Error code: 429 - {'error': {'message': 'Too Many Requests', 'type': 'too_many_requests', 'param': None, 'code': 'too_many_requests'}}
Failed for Rufus Wainwright - 11:11: Error code: 429 - {'error': {'message': 'Too Many Requests', 'type': 'too_many_requests', 'param': None, 'code': 'too_many_requests'}}
Failed for Guided By Voices - The Best Of Jill Hives: Error code: 429 - {'error': {'message': 'Too Many Requests', 'type': 'too_many_requests', 'param': None, 'code': 'too_many_requests'}}
Failed for Super Junior - K.R.Y. - Han Sarammaneul: Error code: 429 - {'error': {'message': 'Too Many Requests', 'type': 'too_many_requests', 'param': None, 'code': 'too_many_requests'}}
Failed for Black Rebel Motorcycle Club - The Weight Is More: Error code: 429 - {'error': {'message': 'Too Many Requests', 'type': 'too_many_requests', 'param': None, 'code': 'too_many_requests'}}
Failed for Bruce Dickinson - Kill Devil Hill: Error code: 429 - {'error': {'message': 'Too Many Requests', 'type': 'too_many_requests', 'param': None, 'code': 'too_many_requests'}}
Failed for Of Montreal - Climb The Ladder: Error code: 429 - {'error': {'message': 'Too Many Requests', 'type': 'too_many_requests', 'param': None, 'code': 'too_many_requests'}}
Failed for The Breeders - Bang On: Error code: 429 - {'error': {'message': 'Too Many Requests', 'type': 'too_many_requests', 'param': None, 'code': 'too_many_requests'}}
Failed for The Sugarcubes - Blue Eyed Pop: Error code: 429 - {'error': {'message': 'Too Many Requests', 'type': 'too_many_requests', 'param': None, 'code': 'too_many_requests'}}
Failed for Clinic - Come Into Our Room: Error code: 429 - {'error': {'message': 'Too Many Requests', 'type': 'too_many_requests', 'param': None, 'code': 'too_many_requests'}}
Failed for Sleater-Kinney - Combat Rock: Error code: 429 - {'error': {'message': 'Too Many Requests', 'type': 'too_many_requests', 'param': None, 'code': 'too_many_requests'}}
Failed for Rush - Faithless: Error code: 429 - {'error': {'message': 'Too Many Requests', 'type': 'too_many_requests', 'param': None, 'code': 'too_many_requests'}}
Failed for Manic Street Preachers - Mausoleum: Error code: 429 - {'error': {'message': 'Too Many Requests', 'type': 'too_many_requests', 'param': None, 'code': 'too_many_requests'}}
Failed for Green Day - Chump: Error code: 429 - {'error': {'message': 'Too Many Requests', 'type': 'too_many_requests', 'param': None, 'code': 'too_many_requests'}}
Failed for Dire Straits - Heavy Fuel: Error code: 429 - {'error': {'message': 'Too Many Requests', 'type': 'too_many_requests', 'param': None, 'code': 'too_many_requests'}}
Failed for Dire Straits - Down To The Waterline: Error code: 429 - {'error': {'message': 'Too Many Requests', 'type': 'too_many_requests', 'param': None, 'code': 'too_many_requests'}}
Failed for Norah Jones - Be My Somebody: Error code: 429 - {'error': {'message': 'Too Many Requests', 'type': 'too_many_requests', 'param': None, 'code': 'too_many_requests'}}
Failed for Radiohead - Mk 2: Error code: 429 - {'error': {'message': 'Too Many Requests', 'type': 'too_many_requests', 'param': None, 'code': 'too_many_requests'}}
Failed for Radiohead - Palo Alto: Error code: 429 - {'error': {'message': 'Too Many Requests', 'type': 'too_many_requests', 'param': None, 'code': 'too_many_requests'}}
Failed for Coldplay - Brothers And Sisters: Error code: 429 - {'error': {'message': 'Too Many Requests', 'type': 'too_many_requests', 'param': None, 'code': 'too_many_requests'}}
Failed for Kelly Clarkson - Behind These Hazel Eyes (Hardbounce Remix): Error code: 429 - {'error': {'message': 'Too Many Requests', 'type': 'too_many_requests', 'param': None, 'code': 'too_many_requests'}}
Failed for Lush - Sweetness And Light: Error code: 429 - {'error': {'message': 'Too Many Requests', 'type': 'too_many_requests', 'param': None, 'code': 'too_many_requests'}}
Failed for Ac/Dc - Sink The Pink: Error code: 429 - {'error': {'message': 'Too Many Requests', 'type': 'too_many_requests', 'param': None, 'code': 'too_many_requests'}}
Failed for Amorphis - Drowned Maid: Error code: 429 - {'error': {'message': 'Too Many Requests', 'type': 'too_many_requests', 'param': None, 'code': 'too_many_requests'}}
Failed for Iron Maiden - Childhood'S End: Error code: 429 - {'error': {'message': 'Too Many Requests', 'type': 'too_many_requests', 'param': None, 'code': 'too_many_requests'}}
Failed for Black Star - K.O.S. (Determination): Error code: 429 - {'error': {'message': 'Too Many Requests', 'type': 'too_many_requests', 'param': None, 'code': 'too_many_requests'}}
Failed for Sculptured - Washing My Hands Of It: Error code: 429 - {'error': {'message': 'Too Many Requests', 'type': 'too_many_requests', 'param': None, 'code': 'too_many_requests'}}
Failed for Metallica - The Wait: Error code: 429 - {'error': {'message': 'Too Many Requests', 'type': 'too_many_requests', 'param': None, 'code': 'too_many_requests'}}
Failed for Morcheeba - Bullet Proof: Error code: 429 - {'error': {'message': 'Too Many Requests', 'type': 'too_many_requests', 'param': None, 'code': 'too_many_requests'}}
Failed for Stabbing Westward - What Do I Have To Do?: Error code: 429 - {'error': {'message': 'Too Many Requests', 'type': 'too_many_requests', 'param': None, 'code': 'too_many_requests'}}
Failed for Ash - Starcrossed: Error code: 429 - {'error': {'message': 'Too Many Requests', 'type': 'too_many_requests', 'param': None, 'code': 'too_many_requests'}}
Failed for Matthew Good - Weapon: Error code: 429 - {'error': {'message': 'Too Many Requests', 'type': 'too_many_requests', 'param': None, 'code': 'too_many_requests'}}
Failed for Marit Larsen - Under The Surface: Error code: 429 - {'error': {'message': 'Too Many Requests', 'type': 'too_many_requests', 'param': None, 'code': 'too_many_requests'}}
Failed for Ghinzu - Do You Read Me: Error code: 429 - {'error': {'message': 'Too Many Requests', 'type': 'too_many_requests', 'param': None, 'code': 'too_many_requests'}}
Failed for Pink Floyd - Free Four: Error code: 429 - {'error': {'message': 'Too Many Requests', 'type': 'too_many_requests', 'param': None, 'code': 'too_many_requests'}}
Failed for The Libertines - Skag & Bone Man: Error code: 429 - {'error': {'message': 'Too Many Requests', 'type': 'too_many_requests', 'param': None, 'code': 'too_many_requests'}}
Failed for Rhapsody Of Fire - Power Of The Dragonflame: Error code: 429 - {'error': {'message': 'Too Many Requests', 'type': 'too_many_requests', 'param': None, 'code': 'too_many_requests'}}
Failed for Sentenced - The River: Error code: 429 - {'error': {'message': 'Too Many Requests', 'type': 'too_many_requests', 'param': None, 'code': 'too_many_requests'}}
Failed for Billy Talent - Perfect World: Error code: 429 - {'error': {'message': 'Too Many Requests', 'type': 'too_many_requests', 'param': None, 'code': 'too_many_requests'}}
Failed for Fields - Charming The Flames: Error code: 429 - {'error': {'message': 'Too Many Requests', 'type': 'too_many_requests', 'param': None, 'code': 'too_many_requests'}}
Failed for Sentenced - Crumbling Down (Give Up Hope): Error code: 429 - {'error': {'message': 'Too Many Requests', 'type': 'too_many_requests', 'param': None, 'code': 'too_many_requests'}}
Failed for Mötley Crüe - In The Beginning: Error code: 429 - {'error': {'message': 'Too Many Requests', 'type': 'too_many_requests', 'param': None, 'code': 'too_many_requests'}}
Failed for Mötley Crüe - Mutherfucker Of The Year: Error code: 429 - {'error': {'message': 'Too Many Requests', 'type': 'too_many_requests', 'param': None, 'code': 'too_many_requests'}}
Failed for Sentenced - Fragile: Error code: 429 - {'error': {'message': 'Too Many Requests', 'type': 'too_many_requests', 'param': None, 'code': 'too_many_requests'}}
Failed for Green Day - Brain Stew: Error code: 429 - {'error': {'message': 'Too Many Requests', 'type': 'too_many_requests', 'param': None, 'code': 'too_many_requests'}}
Failed for John Frusciante - Ascension: Error code: 429 - {'error': {'message': 'Too Many Requests', 'type': 'too_many_requests', 'param': None, 'code': 'too_many_requests'}}
Failed for Iron & Wine - Communion Cups And Someone'S Coat: Error code: 429 - {'error': {'message': 'Too Many Requests', 'type': 'too_many_requests', 'param': None, 'code': 'too_many_requests'}}
Failed for Suicide - Rocket Usa: Error code: 429 - {'error': {'message': 'Too Many Requests', 'type': 'too_many_requests', 'param': None, 'code': 'too_many_requests'}}
Failed for Machinae Supremacy - Rise: Error code: 429 - {'error': {'message': 'Too Many Requests', 'type': 'too_many_requests', 'param': None, 'code': 'too_many_requests'}}
Failed for Sugarplum Fairy - Last Chance: Error code: 429 - {'error': {'message': 'Too Many Requests', 'type': 'too_many_requests', 'param': None, 'code': 'too_many_requests'}}
Failed for The Beatles - Dig It: Error code: 429 - {'error': {'message': 'Too Many Requests', 'type': 'too_many_requests', 'param': None, 'code': 'too_many_requests'}}
Failed for Radiohead - No Suprises: Error code: 429 - {'error': {'message': 'Too Many Requests', 'type': 'too_many_requests', 'param': None, 'code': 'too_many_requests'}}
Failed for The Dandy Warhols - Green: Error code: 429 - {'error': {'message': 'Too Many Requests', 'type': 'too_many_requests', 'param': None, 'code': 'too_many_requests'}}
Failed for Radiohead - Myxamatosis: Error code: 429 - {'error': {'message': 'Too Many Requests', 'type': 'too_many_requests', 'param': None, 'code': 'too_many_requests'}}
Failed for Pavement - Serpentine Pad: Error code: 429 - {'error': {'message': 'Too Many Requests', 'type': 'too_many_requests', 'param': None, 'code': 'too_many_requests'}}
Failed for Viva Voce - Alive With Pleasure: Error code: 429 - {'error': {'message': 'Too Many Requests', 'type': 'too_many_requests', 'param': None, 'code': 'too_many_requests'}}
Failed for Poisonblack - Soul In Flames: Error code: 429 - {'error': {'message': 'Too Many Requests', 'type': 'too_many_requests', 'param': None, 'code': 'too_many_requests'}}
Failed for Gojira - World To Come: Error code: 429 - {'error': {'message': 'Too Many Requests', 'type': 'too_many_requests', 'param': None, 'code': 'too_many_requests'}}
Failed for Sonic Youth - New Hampshire: Error code: 429 - {'error': {'message': 'Too Many Requests', 'type': 'too_many_requests', 'param': None, 'code': 'too_many_requests'}}
Failed for Pain - Shut Your Mouth: Error code: 429 - {'error': {'message': 'Too Many Requests', 'type': 'too_many_requests', 'param': None, 'code': 'too_many_requests'}}
Failed for Dinosaur Jr. - The Wagon: Error code: 429 - {'error': {'message': 'Too Many Requests', 'type': 'too_many_requests', 'param': None, 'code': 'too_many_requests'}}
Failed for Múm - Slow Bicycle: Error code: 429 - {'error': {'message': 'Too Many Requests', 'type': 'too_many_requests', 'param': None, 'code': 'too_many_requests'}}
Failed for Tricky - Evolution Revolution Love: Error code: 429 - {'error': {'message': 'Too Many Requests', 'type': 'too_many_requests', 'param': None, 'code': 'too_many_requests'}}
Failed for Secret Machines - Lightning Blue Eyes: Error code: 429 - {'error': {'message': 'Too Many Requests', 'type': 'too_many_requests', 'param': None, 'code': 'too_many_requests'}}
Failed for The Beatles - Everybody'S Trying To Be My Baby: Error code: 429 - {'error': {'message': 'Too Many Requests', 'type': 'too_many_requests', 'param': None, 'code': 'too_many_requests'}}
Failed for Morcheeba - Never An Easy Way: Error code: 429 - {'error': {'message': 'Too Many Requests', 'type': 'too_many_requests', 'param': None, 'code': 'too_many_requests'}}
Failed for Uverworld - Gekidou: Error code: 429 - {'error': {'message': 'Too Many Requests', 'type': 'too_many_requests', 'param': None, 'code': 'too_many_requests'}}
Failed for Orchestral Manoeuvres In The Dark - Tesla Girls: Error code: 429 - {'error': {'message': 'Too Many Requests', 'type': 'too_many_requests', 'param': None, 'code': 'too_many_requests'}}
Failed for Lemon Jelly - Experiment Number Six: Error code: 429 - {'error': {'message': 'Too Many Requests', 'type': 'too_many_requests', 'param': None, 'code': 'too_many_requests'}}
Failed for Live - Sparkle: Error code: 429 - {'error': {'message': 'Too Many Requests', 'type': 'too_many_requests', 'param': None, 'code': 'too_many_requests'}}
Failed for Lacrimosa - Halt Mich: Error code: 429 - {'error': {'message': 'Too Many Requests', 'type': 'too_many_requests', 'param': None, 'code': 'too_many_requests'}}
Failed for Bonnie 'Prince' Billy - You Want That Picture: Error code: 429 - {'error': {'message': 'Too Many Requests', 'type': 'too_many_requests', 'param': None, 'code': 'too_many_requests'}}
Failed for Kat Deluna - Run The Show (Feat. Busta Rhymes): Error code: 429 - {'error': {'message': 'Too Many Requests', 'type': 'too_many_requests', 'param': None, 'code': 'too_many_requests'}}
Failed for Underworld - Rez: Error code: 429 - {'error': {'message': 'Too Many Requests', 'type': 'too_many_requests', 'param': None, 'code': 'too_many_requests'}}
Failed for Murcof - Mapa: Error code: 429 - {'error': {'message': 'Too Many Requests', 'type': 'too_many_requests', 'param': None, 'code': 'too_many_requests'}}
Failed for Rise Against - Survive: Error code: 429 - {'error': {'message': 'Too Many Requests', 'type': 'too_many_requests', 'param': None, 'code': 'too_many_requests'}}
Failed for Rise Against - Paper Wings: Error code: 429 - {'error': {'message': 'Too Many Requests', 'type': 'too_many_requests', 'param': None, 'code': 'too_many_requests'}}
Failed for Mokoma - Täyttä Ymmärrystä Vailla: Error code: 429 - {'error': {'message': 'Too Many Requests', 'type': 'too_many_requests', 'param': None, 'code': 'too_many_requests'}}
Failed for The Academy Is... - We'Ve Got A Big Mess On Our Hands: Error code: 429 - {'error': {'message': 'Too Many Requests', 'type': 'too_many_requests', 'param': None, 'code': 'too_many_requests'}}
Failed for Minus The Bear - I Lost All My Money At The Cock Fights: Error code: 429 - {'error': {'message': 'Too Many Requests', 'type': 'too_many_requests', 'param': None, 'code': 'too_many_requests'}}
Failed for Slipknot - All Hope Is Gone: Error code: 429 - {'error': {'message': 'Too Many Requests', 'type': 'too_many_requests', 'param': None, 'code': 'too_many_requests'}}
Failed for Within Temptation - Gatekeeper: Error code: 429 - {'error': {'message': 'Too Many Requests', 'type': 'too_many_requests', 'param': None, 'code': 'too_many_requests'}}
500/2988 done
Failed for Madonna - You'Ll See: Error code: 429 - {'error': {'message': 'Too Many Requests', 'type': 'too_many_requests', 'param': None, 'code': 'too_many_requests'}}
Failed for Silverstein - My Heroine: Error code: 429 - {'error': {'message': 'Too Many Requests', 'type': 'too_many_requests', 'param': None, 'code': 'too_many_requests'}}
Failed for Moonsorrow - Tyven: Error code: 429 - {'error': {'message': 'Too Many Requests', 'type': 'too_many_requests', 'param': None, 'code': 'too_many_requests'}}
Failed for Clutch - Mice And Gods: Error code: 429 - {'error': {'message': 'Too Many Requests', 'type': 'too_many_requests', 'param': None, 'code': 'too_many_requests'}}
Failed for Belle And Sebastian - (I Believe In) Travellin' Light: Error code: 429 - {'error': {'message': 'Too Many Requests', 'type': 'too_many_requests', 'param': None, 'code': 'too_many_requests'}}
Failed for Billy Corgan - Mina Loy (M.O.H.): Error code: 429 - {'error': {'message': 'Too Many Requests', 'type': 'too_many_requests', 'param': None, 'code': 'too_many_requests'}}
Failed for Eagles Of Death Metal - So Easy: Error code: 429 - {'error': {'message': 'Too Many Requests', 'type': 'too_many_requests', 'param': None, 'code': 'too_many_requests'}}
Failed for Sonic Youth - Scooter + Jinx: Error code: 429 - {'error': {'message': 'Too Many Requests', 'type': 'too_many_requests', 'param': None, 'code': 'too_many_requests'}}
Failed for Chemistry - Move On (Album Version): Error code: 429 - {'error': {'message': 'Too Many Requests', 'type': 'too_many_requests', 'param': None, 'code': 'too_many_requests'}}
Failed for Midlake - Balloon Maker: Error code: 429 - {'error': {'message': 'Too Many Requests', 'type': 'too_many_requests', 'param': None, 'code': 'too_many_requests'}}
Failed for Bauhaus - Too Much 21St Century: Error code: 429 - {'error': {'message': 'Too Many Requests', 'type': 'too_many_requests', 'param': None, 'code': 'too_many_requests'}}
Failed for Blondie - 11:59: Error code: 429 - {'error': {'message': 'Too Many Requests', 'type': 'too_many_requests', 'param': None, 'code': 'too_many_requests'}}
Failed for The Twilight Singers - Last Temptation: Error code: 429 - {'error': {'message': 'Too Many Requests', 'type': 'too_many_requests', 'param': None, 'code': 'too_many_requests'}}
Failed for Xploding Plastix - More Powah To Yah: Error code: 429 - {'error': {'message': 'Too Many Requests', 'type': 'too_many_requests', 'param': None, 'code': 'too_many_requests'}}
Failed for Brian Eno - Becalmed: Error code: 429 - {'error': {'message': 'Too Many Requests', 'type': 'too_many_requests', 'param': None, 'code': 'too_many_requests'}}
Failed for Dimmu Borgir - The Fundamental Alienation: Error code: 429 - {'error': {'message': 'Too Many Requests', 'type': 'too_many_requests', 'param': None, 'code': 'too_many_requests'}}
Failed for Machine Head - Wolves: Error code: 429 - {'error': {'message': 'Too Many Requests', 'type': 'too_many_requests', 'param': None, 'code': 'too_many_requests'}}
Failed for Melanie C - Go!: Error code: 429 - {'error': {'message': 'Too Many Requests', 'type': 'too_many_requests', 'param': None, 'code': 'too_many_requests'}}
Failed for Melanie C - Independence Day: Error code: 429 - {'error': {'message': 'Too Many Requests', 'type': 'too_many_requests', 'param': None, 'code': 'too_many_requests'}}
Failed for Cansei De Ser Sexy - Believe Achieve: Error code: 429 - {'error': {'message': 'Too Many Requests', 'type': 'too_many_requests', 'param': None, 'code': 'too_many_requests'}}
Failed for Machinae Supremacy - Multiball: Error code: 429 - {'error': {'message': 'Too Many Requests', 'type': 'too_many_requests', 'param': None, 'code': 'too_many_requests'}}
Failed for The Clash - Somebody Got Murdered: Error code: 429 - {'error': {'message': 'Too Many Requests', 'type': 'too_many_requests', 'param': None, 'code': 'too_many_requests'}}
Failed for Beastie Boys - The Gala Event: Error code: 429 - {'error': {'message': 'Too Many Requests', 'type': 'too_many_requests', 'param': None, 'code': 'too_many_requests'}}
Failed for The Stooges - Dirt: Error code: 429 - {'error': {'message': 'Too Many Requests', 'type': 'too_many_requests', 'param': None, 'code': 'too_many_requests'}}
Failed for Bonnie 'Prince' Billy - (Keep Eye On) Other'S Gain: Error code: 429 - {'error': {'message': 'Too Many Requests', 'type': 'too_many_requests', 'param': None, 'code': 'too_many_requests'}}
Failed for The Walkmen - In The New Year: Error code: 429 - {'error': {'message': 'Too Many Requests', 'type': 'too_many_requests', 'param': None, 'code': 'too_many_requests'}}
Failed for The Verve - Drive You Home: Error code: 429 - {'error': {'message': 'Too Many Requests', 'type': 'too_many_requests', 'param': None, 'code': 'too_many_requests'}}
Failed for The Lemonheads - Rudderless: Error code: 429 - {'error': {'message': 'Too Many Requests', 'type': 'too_many_requests', 'param': None, 'code': 'too_many_requests'}}
Failed for Machinae Supremacy - Throttle And Mask: Error code: 429 - {'error': {'message': 'Too Many Requests', 'type': 'too_many_requests', 'param': None, 'code': 'too_many_requests'}}
Failed for Chemistry - Believin': Error code: 429 - {'error': {'message': 'Too Many Requests', 'type': 'too_many_requests', 'param': None, 'code': 'too_many_requests'}}
Failed for Sun Kil Moon - Duk Koo Kim: Error code: 429 - {'error': {'message': 'Too Many Requests', 'type': 'too_many_requests', 'param': None, 'code': 'too_many_requests'}}
Failed for Tricky - Aftermath: Error code: 429 - {'error': {'message': 'Too Many Requests', 'type': 'too_many_requests', 'param': None, 'code': 'too_many_requests'}}
Failed for Sun Kil Moon - Space Travel Is Boring: Error code: 429 - {'error': {'message': 'Too Many Requests', 'type': 'too_many_requests', 'param': None, 'code': 'too_many_requests'}}
Failed for Tom Waits - Lonely: Error code: 429 - {'error': {'message': 'Too Many Requests', 'type': 'too_many_requests', 'param': None, 'code': 'too_many_requests'}}
Failed for N-Trance - Set You Free: Error code: 429 - {'error': {'message': 'Too Many Requests', 'type': 'too_many_requests', 'param': None, 'code': 'too_many_requests'}}
Failed for The Fratellis - Look Out Sunshine!: Error code: 429 - {'error': {'message': 'Too Many Requests', 'type': 'too_many_requests', 'param': None, 'code': 'too_many_requests'}}
Failed for Junior M.A.F.I.A. - Player'S Anthem: Error code: 429 - {'error': {'message': 'Too Many Requests', 'type': 'too_many_requests', 'param': None, 'code': 'too_many_requests'}}
Failed for Cat Power - King Rides By: Error code: 429 - {'error': {'message': 'Too Many Requests', 'type': 'too_many_requests', 'param': None, 'code': 'too_many_requests'}}
Failed for Clinic - T.K.: Error code: 429 - {'error': {'message': 'Too Many Requests', 'type': 'too_many_requests', 'param': None, 'code': 'too_many_requests'}}
Failed for Meg & Dia - Monster: Error code: 429 - {'error': {'message': 'Too Many Requests', 'type': 'too_many_requests', 'param': None, 'code': 'too_many_requests'}}
Failed for Mazzy Star - She Hangs Brightly: Error code: 429 - {'error': {'message': 'Too Many Requests', 'type': 'too_many_requests', 'param': None, 'code': 'too_many_requests'}}
Failed for Mclusky - What We'Ve Learned: Error code: 429 - {'error': {'message': 'Too Many Requests', 'type': 'too_many_requests', 'param': None, 'code': 'too_many_requests'}}
Failed for ...And You Will Know Us By The Trail Of Dead - To Russia My Homeland: Error code: 429 - {'error': {'message': 'Too Many Requests', 'type': 'too_many_requests', 'param': None, 'code': 'too_many_requests'}}
Failed for T.A.T.U. - Stars: Error code: 429 - {'error': {'message': 'Too Many Requests', 'type': 'too_many_requests', 'param': None, 'code': 'too_many_requests'}}
Failed for Demons & Wizards - Love'S Tragedy Asunder: Error code: 429 - {'error': {'message': 'Too Many Requests', 'type': 'too_many_requests', 'param': None, 'code': 'too_many_requests'}}
Failed for Mclusky - She Will Only Bring You Happiness: Error code: 429 - {'error': {'message': 'Too Many Requests', 'type': 'too_many_requests', 'param': None, 'code': 'too_many_requests'}}
Failed for Dream Theater - Panic Attack: Error code: 429 - {'error': {'message': 'Too Many Requests', 'type': 'too_many_requests', 'param': None, 'code': 'too_many_requests'}}
Failed for Low - California: Error code: 429 - {'error': {'message': 'Too Many Requests', 'type': 'too_many_requests', 'param': None, 'code': 'too_many_requests'}}
Failed for Dir En Grey - Agitated Screams Of Maggots: Error code: 429 - {'error': {'message': 'Too Many Requests', 'type': 'too_many_requests', 'param': None, 'code': 'too_many_requests'}}
Failed for L'Âme Immortelle - Fallen Angel: Error code: 429 - {'error': {'message': 'Too Many Requests', 'type': 'too_many_requests', 'param': None, 'code': 'too_many_requests'}}
Failed for Fennesz - Rivers Of Sand: Error code: 429 - {'error': {'message': 'Too Many Requests', 'type': 'too_many_requests', 'param': None, 'code': 'too_many_requests'}}
Failed for Poisonblack - All Else Is Hollow: Error code: 429 - {'error': {'message': 'Too Many Requests', 'type': 'too_many_requests', 'param': None, 'code': 'too_many_requests'}}
Failed for Sculptured - Taking My Body Apart: Error code: 429 - {'error': {'message': 'Too Many Requests', 'type': 'too_many_requests', 'param': None, 'code': 'too_many_requests'}}
Failed for Casiotone For The Painfully Alone - Don'T They Have Payphones Wherever You Were Last Night: Error code: 429 - {'error': {'message': 'Too Many Requests', 'type': 'too_many_requests', 'param': None, 'code': 'too_many_requests'}}
Failed for Panda Bear - Ponytail: Error code: 429 - {'error': {'message': 'Too Many Requests', 'type': 'too_many_requests', 'param': None, 'code': 'too_many_requests'}}
Failed for Fatboy Slim - Punk To Funk: Error code: 429 - {'error': {'message': 'Too Many Requests', 'type': 'too_many_requests', 'param': None, 'code': 'too_many_requests'}}
Failed for Celldweller - Switchback: Error code: 429 - {'error': {'message': 'Too Many Requests', 'type': 'too_many_requests', 'param': None, 'code': 'too_many_requests'}}
Failed for Poni Hoax - Budapest: Error code: 429 - {'error': {'message': 'Too Many Requests', 'type': 'too_many_requests', 'param': None, 'code': 'too_many_requests'}}
Failed for The Gutter Twins - I Was In Love With You: Error code: 429 - {'error': {'message': 'Too Many Requests', 'type': 'too_many_requests', 'param': None, 'code': 'too_many_requests'}}
Failed for The Grates - Trampoline: Error code: 429 - {'error': {'message': 'Too Many Requests', 'type': 'too_many_requests', 'param': None, 'code': 'too_many_requests'}}
Failed for Gigi D'Agostino - L'Amour Toujours: Error code: 429 - {'error': {'message': 'Too Many Requests', 'type': 'too_many_requests', 'param': None, 'code': 'too_many_requests'}}
Failed for Chris Cornell - No Such Thing: Error code: 429 - {'error': {'message': 'Too Many Requests', 'type': 'too_many_requests', 'param': None, 'code': 'too_many_requests'}}
Failed for Of Montreal - Baby: Error code: 429 - {'error': {'message': 'Too Many Requests', 'type': 'too_many_requests', 'param': None, 'code': 'too_many_requests'}}
Failed for Viikate - Unen Nukkuja: Error code: 429 - {'error': {'message': 'Too Many Requests', 'type': 'too_many_requests', 'param': None, 'code': 'too_many_requests'}}
Failed for The Prodigy - The Way It Is: Error code: 429 - {'error': {'message': 'Too Many Requests', 'type': 'too_many_requests', 'param': None, 'code': 'too_many_requests'}}
Failed for Bright Eyes - Padraic My Prince: Error code: 429 - {'error': {'message': 'Too Many Requests', 'type': 'too_many_requests', 'param': None, 'code': 'too_many_requests'}}
Failed for Kelly Clarkson - Never Again (Jason Nevins Radio Mix): Error code: 429 - {'error': {'message': 'Too Many Requests', 'type': 'too_many_requests', 'param': None, 'code': 'too_many_requests'}}
Failed for Beck - Bottle Of Blues: Error code: 429 - {'error': {'message': 'Too Many Requests', 'type': 'too_many_requests', 'param': None, 'code': 'too_many_requests'}}
Failed for Children Of Bodom - Banned From Heaven: Error code: 429 - {'error': {'message': 'Too Many Requests', 'type': 'too_many_requests', 'param': None, 'code': 'too_many_requests'}}
Failed for Emilíana Torrini - Thinking Out Loud: Error code: 429 - {'error': {'message': 'Too Many Requests', 'type': 'too_many_requests', 'param': None, 'code': 'too_many_requests'}}
Failed for Cut Chemist - The Lift: Error code: 429 - {'error': {'message': 'Too Many Requests', 'type': 'too_many_requests', 'param': None, 'code': 'too_many_requests'}}
Failed for Nevermore - Medicated Nation: Error code: 429 - {'error': {'message': 'Too Many Requests', 'type': 'too_many_requests', 'param': None, 'code': 'too_many_requests'}}
Failed for Rush - Natural Science: Error code: 429 - {'error': {'message': 'Too Many Requests', 'type': 'too_many_requests', 'param': None, 'code': 'too_many_requests'}}
Failed for Rufus Wainwright - Foolish Love: Error code: 429 - {'error': {'message': 'Too Many Requests', 'type': 'too_many_requests', 'param': None, 'code': 'too_many_requests'}}
Failed for Joanna Newsom - Clam Crab Cockle Cowrie: Error code: 429 - {'error': {'message': 'Too Many Requests', 'type': 'too_many_requests', 'param': None, 'code': 'too_many_requests'}}
Failed for Rush - Dreamline: Error code: 429 - {'error': {'message': 'Too Many Requests', 'type': 'too_many_requests', 'param': None, 'code': 'too_many_requests'}}
Failed for Ida Corr Vs. Fedde Le Grand - Let Me Think About It (Radio Edit): Error code: 429 - {'error': {'message': 'Too Many Requests', 'type': 'too_many_requests', 'param': None, 'code': 'too_many_requests'}}
Failed for Idlewild - As If I Hadn'T Slept: Error code: 429 - {'error': {'message': 'Too Many Requests', 'type': 'too_many_requests', 'param': None, 'code': 'too_many_requests'}}
Failed for Paul Weller - Wild Wood: Error code: 429 - {'error': {'message': 'Too Many Requests', 'type': 'too_many_requests', 'param': None, 'code': 'too_many_requests'}}
Failed for Guillemots - Redwings: Error code: 429 - {'error': {'message': 'Too Many Requests', 'type': 'too_many_requests', 'param': None, 'code': 'too_many_requests'}}
Failed for Guillemots - We'Re Here: Error code: 429 - {'error': {'message': 'Too Many Requests', 'type': 'too_many_requests', 'param': None, 'code': 'too_many_requests'}}
Failed for Matt Pond Pa - Champagne Supernova: Error code: 429 - {'error': {'message': 'Too Many Requests', 'type': 'too_many_requests', 'param': None, 'code': 'too_many_requests'}}
Failed for Guillemots - Blue Would Still Be Blue: Error code: 429 - {'error': {'message': 'Too Many Requests', 'type': 'too_many_requests', 'param': None, 'code': 'too_many_requests'}}
Failed for Cursive - Bloody Murderer: Error code: 429 - {'error': {'message': 'Too Many Requests', 'type': 'too_many_requests', 'param': None, 'code': 'too_many_requests'}}
Failed for Ac/Dc - Riff Raff: Error code: 429 - {'error': {'message': 'Too Many Requests', 'type': 'too_many_requests', 'param': None, 'code': 'too_many_requests'}}
Failed for Iron Maiden - Dream Of Mirrors: Error code: 429 - {'error': {'message': 'Too Many Requests', 'type': 'too_many_requests', 'param': None, 'code': 'too_many_requests'}}
Failed for Battlelore - The War Of Wrath: Error code: 429 - {'error': {'message': 'Too Many Requests', 'type': 'too_many_requests', 'param': None, 'code': 'too_many_requests'}}
Failed for Elvis Presley - (You'Re The) Devil In Disguise: Error code: 429 - {'error': {'message': 'Too Many Requests', 'type': 'too_many_requests', 'param': None, 'code': 'too_many_requests'}}
Failed for Groove Armada - Inside My Mind (Blue Skies): Error code: 429 - {'error': {'message': 'Too Many Requests', 'type': 'too_many_requests', 'param': None, 'code': 'too_many_requests'}}
Failed for Groove Armada - Superstylin: Error code: 429 - {'error': {'message': 'Too Many Requests', 'type': 'too_many_requests', 'param': None, 'code': 'too_many_requests'}}
Failed for Leaves' Eyes - Ocean'S Way: Error code: 429 - {'error': {'message': 'Too Many Requests', 'type': 'too_many_requests', 'param': None, 'code': 'too_many_requests'}}
Failed for Gary Numan - Me! I Disconnect From You: Error code: 429 - {'error': {'message': 'Too Many Requests', 'type': 'too_many_requests', 'param': None, 'code': 'too_many_requests'}}
Failed for Tunng - Red And Green: Error code: 429 - {'error': {'message': 'Too Many Requests', 'type': 'too_many_requests', 'param': None, 'code': 'too_many_requests'}}
Failed for Depeche Mode - Nodisco: Error code: 429 - {'error': {'message': 'Too Many Requests', 'type': 'too_many_requests', 'param': None, 'code': 'too_many_requests'}}
Failed for Nickel Creek - This Side: Error code: 429 - {'error': {'message': 'Too Many Requests', 'type': 'too_many_requests', 'param': None, 'code': 'too_many_requests'}}
Failed for Agalloch - Our Fortress Is Burning... Iii: The Grain: Error code: 429 - {'error': {'message': 'Too Many Requests', 'type': 'too_many_requests', 'param': None, 'code': 'too_many_requests'}}
Failed for Soda Stereo - Sobredosis De Tv: Error code: 429 - {'error': {'message': 'Too Many Requests', 'type': 'too_many_requests', 'param': None, 'code': 'too_many_requests'}}
Failed for The Morning After Girls - Lazy Greys: Error code: 429 - {'error': {'message': 'Too Many Requests', 'type': 'too_many_requests', 'param': None, 'code': 'too_many_requests'}}
Failed for 鈴村健一・藤田圭宣 - 僕らのLove Style: Error code: 429 - {'error': {'message': 'Too Many Requests', 'type': 'too_many_requests', 'param': None, 'code': 'too_many_requests'}}
600/2988 done
Failed for Oingo Boingo - Little Girls: Error code: 429 - {'error': {'message': 'Too Many Requests', 'type': 'too_many_requests', 'param': None, 'code': 'too_many_requests'}}
Failed for Skinny Puppy - Tin Omen: Error code: 429 - {'error': {'message': 'Too Many Requests', 'type': 'too_many_requests', 'param': None, 'code': 'too_many_requests'}}
Failed for Billie Holiday - Blue Moon: Error code: 429 - {'error': {'message': 'Too Many Requests', 'type': 'too_many_requests', 'param': None, 'code': 'too_many_requests'}}
Failed for Testament - True Believer: Error code: 429 - {'error': {'message': 'Too Many Requests', 'type': 'too_many_requests', 'param': None, 'code': 'too_many_requests'}}
Failed for Quantic - Time Is The Enemy: Error code: 429 - {'error': {'message': 'Too Many Requests', 'type': 'too_many_requests', 'param': None, 'code': 'too_many_requests'}}
Failed for Guster - What You Wish For: Error code: 429 - {'error': {'message': 'Too Many Requests', 'type': 'too_many_requests', 'param': None, 'code': 'too_many_requests'}}
Failed for Amon Tobin - Triple Science: Error code: 429 - {'error': {'message': 'Too Many Requests', 'type': 'too_many_requests', 'param': None, 'code': 'too_many_requests'}}
Failed for Rush - Spirit Of Radio: Error code: 429 - {'error': {'message': 'Too Many Requests', 'type': 'too_many_requests', 'param': None, 'code': 'too_many_requests'}}
Failed for Brendan Benson - Cold Hands (Warm Heart): Error code: 429 - {'error': {'message': 'Too Many Requests', 'type': 'too_many_requests', 'param': None, 'code': 'too_many_requests'}}
Failed for Eminem - Drug Ballad: Error code: 429 - {'error': {'message': 'Too Many Requests', 'type': 'too_many_requests', 'param': None, 'code': 'too_many_requests'}}
Failed for John Lennon - Oh Yoko: Error code: 429 - {'error': {'message': 'Too Many Requests', 'type': 'too_many_requests', 'param': None, 'code': 'too_many_requests'}}
Failed for Testament - Alone In The Dark: Error code: 429 - {'error': {'message': 'Too Many Requests', 'type': 'too_many_requests', 'param': None, 'code': 'too_many_requests'}}
Failed for Bow Wow Wow - Aphrodisiac: Error code: 429 - {'error': {'message': 'Too Many Requests', 'type': 'too_many_requests', 'param': None, 'code': 'too_many_requests'}}
Failed for *Nsync - I Want You Back: Error code: 429 - {'error': {'message': 'Too Many Requests', 'type': 'too_many_requests', 'param': None, 'code': 'too_many_requests'}}
Failed for The Rolling Stones - I Got The Blues: Error code: 429 - {'error': {'message': 'Too Many Requests', 'type': 'too_many_requests', 'param': None, 'code': 'too_many_requests'}}
Failed for The Rolling Stones - Heart Of Stone: Error code: 429 - {'error': {'message': 'Too Many Requests', 'type': 'too_many_requests', 'param': None, 'code': 'too_many_requests'}}
Failed for Sparks - Beat The Clock: Error code: 429 - {'error': {'message': 'Too Many Requests', 'type': 'too_many_requests', 'param': None, 'code': 'too_many_requests'}}
Failed for Kreator - Dystopia: Error code: 429 - {'error': {'message': 'Too Many Requests', 'type': 'too_many_requests', 'param': None, 'code': 'too_many_requests'}}
Failed for Bad Religion - Infected: Error code: 429 - {'error': {'message': 'Too Many Requests', 'type': 'too_many_requests', 'param': None, 'code': 'too_many_requests'}}
Failed for The Bravery - Hot Pursuit: Error code: 429 - {'error': {'message': 'Too Many Requests', 'type': 'too_many_requests', 'param': None, 'code': 'too_many_requests'}}
Failed for Tori Amos - Liquid Diamonds: Error code: 429 - {'error': {'message': 'Too Many Requests', 'type': 'too_many_requests', 'param': None, 'code': 'too_many_requests'}}
Failed for The Stone Roses - Begging You: Error code: 429 - {'error': {'message': 'Too Many Requests', 'type': 'too_many_requests', 'param': None, 'code': 'too_many_requests'}}
Failed for Lamb Of God - One Gun: Error code: 429 - {'error': {'message': 'Too Many Requests', 'type': 'too_many_requests', 'param': None, 'code': 'too_many_requests'}}
Failed for Mr. Bungle - Vanity Fair: Error code: 429 - {'error': {'message': 'Too Many Requests', 'type': 'too_many_requests', 'param': None, 'code': 'too_many_requests'}}
Failed for Iron & Wine And Calexico - Prison On Route 41: Error code: 429 - {'error': {'message': 'Too Many Requests', 'type': 'too_many_requests', 'param': None, 'code': 'too_many_requests'}}
Failed for Hird - Getting Closer: Error code: 429 - {'error': {'message': 'Too Many Requests', 'type': 'too_many_requests', 'param': None, 'code': 'too_many_requests'}}
Failed for The Gathering - The Mirror Waters (2003): Error code: 429 - {'error': {'message': 'Too Many Requests', 'type': 'too_many_requests', 'param': None, 'code': 'too_many_requests'}}
Failed for Psapp - Velvet Pony: Error code: 429 - {'error': {'message': 'Too Many Requests', 'type': 'too_many_requests', 'param': None, 'code': 'too_many_requests'}}
Failed for Misfits - Children In Heat: Error code: 429 - {'error': {'message': 'Too Many Requests', 'type': 'too_many_requests', 'param': None, 'code': 'too_many_requests'}}
Failed for Efterklang - Prey And Predator: Error code: 429 - {'error': {'message': 'Too Many Requests', 'type': 'too_many_requests', 'param': None, 'code': 'too_many_requests'}}
Failed for Halou - Honeythief: Error code: 429 - {'error': {'message': 'Too Many Requests', 'type': 'too_many_requests', 'param': None, 'code': 'too_many_requests'}}
Failed for Insomnium - The Gale: Error code: 429 - {'error': {'message': 'Too Many Requests', 'type': 'too_many_requests', 'param': None, 'code': 'too_many_requests'}}
Failed for Death From Above 1979 - Romantic Rights (Marczech Makuziak Remix): Error code: 429 - {'error': {'message': 'Too Many Requests', 'type': 'too_many_requests', 'param': None, 'code': 'too_many_requests'}}
Failed for The Shins - Baby Boomerang: Error code: 429 - {'error': {'message': 'Too Many Requests', 'type': 'too_many_requests', 'param': None, 'code': 'too_many_requests'}}
Failed for Ala Boratyn - Angel: Error code: 429 - {'error': {'message': 'Too Many Requests', 'type': 'too_many_requests', 'param': None, 'code': 'too_many_requests'}}
Failed for Television - Torn Curtain: Error code: 429 - {'error': {'message': 'Too Many Requests', 'type': 'too_many_requests', 'param': None, 'code': 'too_many_requests'}}
Failed for Carrie Underwood - Before He Cheats: Error code: 429 - {'error': {'message': 'Too Many Requests', 'type': 'too_many_requests', 'param': None, 'code': 'too_many_requests'}}
Failed for Whitney Houston - I Wanna Dance With Somebody: Error code: 429 - {'error': {'message': 'Too Many Requests', 'type': 'too_many_requests', 'param': None, 'code': 'too_many_requests'}}
Failed for David Gray - We'Re Not Right: Error code: 429 - {'error': {'message': 'Too Many Requests', 'type': 'too_many_requests', 'param': None, 'code': 'too_many_requests'}}
Failed for The Rolling Stones - Shine A Light: Error code: 429 - {'error': {'message': 'Too Many Requests', 'type': 'too_many_requests', 'param': None, 'code': 'too_many_requests'}}
Failed for Built To Spill - Distopian Dream Girl: Error code: 429 - {'error': {'message': 'Too Many Requests', 'type': 'too_many_requests', 'param': None, 'code': 'too_many_requests'}}
Failed for Misfits - Devilock: Error code: 429 - {'error': {'message': 'Too Many Requests', 'type': 'too_many_requests', 'param': None, 'code': 'too_many_requests'}}
Failed for Gustavo Santaolalla - The Wings: Error code: 429 - {'error': {'message': 'Too Many Requests', 'type': 'too_many_requests', 'param': None, 'code': 'too_many_requests'}}
Failed for Guster - Center Of Attention: Error code: 429 - {'error': {'message': 'Too Many Requests', 'type': 'too_many_requests', 'param': None, 'code': 'too_many_requests'}}
Failed for Gwen Stefani - Fluorescent: Error code: 429 - {'error': {'message': 'Too Many Requests', 'type': 'too_many_requests', 'param': None, 'code': 'too_many_requests'}}
Failed for Chromeo - 100%: Error code: 429 - {'error': {'message': 'Too Many Requests', 'type': 'too_many_requests', 'param': None, 'code': 'too_many_requests'}}
Failed for Frightened Rabbit - Be Less Rude: Error code: 429 - {'error': {'message': 'Too Many Requests', 'type': 'too_many_requests', 'param': None, 'code': 'too_many_requests'}}
Failed for Venetian Snares - Második Galamb: Error code: 429 - {'error': {'message': 'Too Many Requests', 'type': 'too_many_requests', 'param': None, 'code': 'too_many_requests'}}
Failed for Ruch - Sin Señal: Error code: 429 - {'error': {'message': 'Too Many Requests', 'type': 'too_many_requests', 'param': None, 'code': 'too_many_requests'}}
Failed for Old 97'S - Victoria: Error code: 429 - {'error': {'message': 'Too Many Requests', 'type': 'too_many_requests', 'param': None, 'code': 'too_many_requests'}}
Failed for Lostprophets - I Don'T Know: Error code: 429 - {'error': {'message': 'Too Many Requests', 'type': 'too_many_requests', 'param': None, 'code': 'too_many_requests'}}
Failed for Maria Taylor - Leap Year: Error code: 429 - {'error': {'message': 'Too Many Requests', 'type': 'too_many_requests', 'param': None, 'code': 'too_many_requests'}}
Failed for Lostprophets - Hello Again: Error code: 429 - {'error': {'message': 'Too Many Requests', 'type': 'too_many_requests', 'param': None, 'code': 'too_many_requests'}}
Failed for Maria Peszek - Moje Miasto: Error code: 429 - {'error': {'message': 'Too Many Requests', 'type': 'too_many_requests', 'param': None, 'code': 'too_many_requests'}}
Failed for Joanna Newsom - The Fray: Error code: 429 - {'error': {'message': 'Too Many Requests', 'type': 'too_many_requests', 'param': None, 'code': 'too_many_requests'}}
Failed for Cocorosie - Girl And The Geese: Error code: 429 - {'error': {'message': 'Too Many Requests', 'type': 'too_many_requests', 'param': None, 'code': 'too_many_requests'}}
Failed for Mewithoutyou - The Soviet: Error code: 429 - {'error': {'message': 'Too Many Requests', 'type': 'too_many_requests', 'param': None, 'code': 'too_many_requests'}}
Failed for Yann Tiersen - Comptine D'Un Autre Été : L'Après Midi: Error code: 429 - {'error': {'message': 'Too Many Requests', 'type': 'too_many_requests', 'param': None, 'code': 'too_many_requests'}}
Failed for Mf Doom - Beef Rapp: Error code: 429 - {'error': {'message': 'Too Many Requests', 'type': 'too_many_requests', 'param': None, 'code': 'too_many_requests'}}
Failed for Pink Floyd - The Gunners Dream: Error code: 429 - {'error': {'message': 'Too Many Requests', 'type': 'too_many_requests', 'param': None, 'code': 'too_many_requests'}}
Failed for Pedro The Lion - The Longer I Lay Here: Error code: 429 - {'error': {'message': 'Too Many Requests', 'type': 'too_many_requests', 'param': None, 'code': 'too_many_requests'}}
Failed for Tactical Sekt - Syncope: Error code: 429 - {'error': {'message': 'Too Many Requests', 'type': 'too_many_requests', 'param': None, 'code': 'too_many_requests'}}
Failed for Mgmt - Boogie Down: Error code: 429 - {'error': {'message': 'Too Many Requests', 'type': 'too_many_requests', 'param': None, 'code': 'too_many_requests'}}
Failed for Ayọ - Help Is Coming: Error code: 429 - {'error': {'message': 'Too Many Requests', 'type': 'too_many_requests', 'param': None, 'code': 'too_many_requests'}}
Failed for Roxy Music - Oh Yeah: Error code: 429 - {'error': {'message': 'Too Many Requests', 'type': 'too_many_requests', 'param': None, 'code': 'too_many_requests'}}
Failed for Dr. Dog - My Old Ways: Error code: 429 - {'error': {'message': 'Too Many Requests', 'type': 'too_many_requests', 'param': None, 'code': 'too_many_requests'}}
Failed for Brightblack Morning Light - Friend Of Time: Error code: 429 - {'error': {'message': 'Too Many Requests', 'type': 'too_many_requests', 'param': None, 'code': 'too_many_requests'}}
Failed for Bright Eyes - You Will. You? Will. You? Will. You? Will: Error code: 429 - {'error': {'message': 'Too Many Requests', 'type': 'too_many_requests', 'param': None, 'code': 'too_many_requests'}}
Failed for Stars - Better Be Heaven: Error code: 429 - {'error': {'message': 'Too Many Requests', 'type': 'too_many_requests', 'param': None, 'code': 'too_many_requests'}}
Failed for The Detroit Cobras - Mean Man: Error code: 429 - {'error': {'message': 'Too Many Requests', 'type': 'too_many_requests', 'param': None, 'code': 'too_many_requests'}}
Failed for Moby - I Like It: Error code: 429 - {'error': {'message': 'Too Many Requests', 'type': 'too_many_requests', 'param': None, 'code': 'too_many_requests'}}
Failed for Cute Is What We Aim For - There'S A Class For This: Error code: 429 - {'error': {'message': 'Too Many Requests', 'type': 'too_many_requests', 'param': None, 'code': 'too_many_requests'}}
Failed for Paradise Lost - Year Of Summer: Error code: 429 - {'error': {'message': 'Too Many Requests', 'type': 'too_many_requests', 'param': None, 'code': 'too_many_requests'}}
Failed for The Gathering - Fatigue: Error code: 429 - {'error': {'message': 'Too Many Requests', 'type': 'too_many_requests', 'param': None, 'code': 'too_many_requests'}}
Failed for Ulrich Schnauss - Monday - Paracetamol: Error code: 429 - {'error': {'message': 'Too Many Requests', 'type': 'too_many_requests', 'param': None, 'code': 'too_many_requests'}}
Failed for Cold - Confession: Error code: 429 - {'error': {'message': 'Too Many Requests', 'type': 'too_many_requests', 'param': None, 'code': 'too_many_requests'}}
Failed for Telefon Tel Aviv - Bubble And Spike: Error code: 429 - {'error': {'message': 'Too Many Requests', 'type': 'too_many_requests', 'param': None, 'code': 'too_many_requests'}}
Failed for Whitesnake - Gambler: Error code: 429 - {'error': {'message': 'Too Many Requests', 'type': 'too_many_requests', 'param': None, 'code': 'too_many_requests'}}
Failed for Bad Religion - Turn On The Light: Error code: 429 - {'error': {'message': 'Too Many Requests', 'type': 'too_many_requests', 'param': None, 'code': 'too_many_requests'}}
Failed for Empire Of The Sun - Swordfish Hotkiss Night: Error code: 429 - {'error': {'message': 'Too Many Requests', 'type': 'too_many_requests', 'param': None, 'code': 'too_many_requests'}}
Failed for Tori Amos - Dragon: Error code: 429 - {'error': {'message': 'Too Many Requests', 'type': 'too_many_requests', 'param': None, 'code': 'too_many_requests'}}
Failed for David Gray - Say Hello Wave Goodbye: Error code: 429 - {'error': {'message': 'Too Many Requests', 'type': 'too_many_requests', 'param': None, 'code': 'too_many_requests'}}
Failed for Badly Drawn Boy - Dead Duck: Error code: 429 - {'error': {'message': 'Too Many Requests', 'type': 'too_many_requests', 'param': None, 'code': 'too_many_requests'}}
Failed for Nelly Furtado - No Hay Igual (Feat. Calle 13): Error code: 429 - {'error': {'message': 'Too Many Requests', 'type': 'too_many_requests', 'param': None, 'code': 'too_many_requests'}}
Failed for Cmx - Kauneus Pettää: Error code: 429 - {'error': {'message': 'Too Many Requests', 'type': 'too_many_requests', 'param': None, 'code': 'too_many_requests'}}
Failed for Beck - Diamond Dogs: Error code: 429 - {'error': {'message': 'Too Many Requests', 'type': 'too_many_requests', 'param': None, 'code': 'too_many_requests'}}
Failed for Annwn - Madre Deus: Error code: 429 - {'error': {'message': 'Too Many Requests', 'type': 'too_many_requests', 'param': None, 'code': 'too_many_requests'}}
Failed for Good Charlotte - Beautiful Place: Error code: 429 - {'error': {'message': 'Too Many Requests', 'type': 'too_many_requests', 'param': None, 'code': 'too_many_requests'}}
Failed for Annwn - La Rosa Enflorece: Error code: 429 - {'error': {'message': 'Too Many Requests', 'type': 'too_many_requests', 'param': None, 'code': 'too_many_requests'}}
Failed for Gonzales - Bermuda Triangle: Error code: 429 - {'error': {'message': 'Too Many Requests', 'type': 'too_many_requests', 'param': None, 'code': 'too_many_requests'}}
Failed for Afi - Clove Smoke Catharsis: Error code: 429 - {'error': {'message': 'Too Many Requests', 'type': 'too_many_requests', 'param': None, 'code': 'too_many_requests'}}
Failed for Ac/Dc - Decibel: Error code: 429 - {'error': {'message': 'Too Many Requests', 'type': 'too_many_requests', 'param': None, 'code': 'too_many_requests'}}
Failed for Amon Tobin - Proper Hoodidge: Error code: 429 - {'error': {'message': 'Too Many Requests', 'type': 'too_many_requests', 'param': None, 'code': 'too_many_requests'}}
Failed for Ben Kweller - Make It Up: Error code: 429 - {'error': {'message': 'Too Many Requests', 'type': 'too_many_requests', 'param': None, 'code': 'too_many_requests'}}
Failed for Megadeth - Sleepwalker: Error code: 429 - {'error': {'message': 'Too Many Requests', 'type': 'too_many_requests', 'param': None, 'code': 'too_many_requests'}}
700/2988 done
Failed for Ben Kweller - Lizzy: Error code: 429 - {'error': {'message': 'Too Many Requests', 'type': 'too_many_requests', 'param': None, 'code': 'too_many_requests'}}
Failed for The Church - Reptile: Error code: 429 - {'error': {'message': 'Too Many Requests', 'type': 'too_many_requests', 'param': None, 'code': 'too_many_requests'}}
Failed for Riverside - 02 Panic Room: Error code: 429 - {'error': {'message': 'Too Many Requests', 'type': 'too_many_requests', 'param': None, 'code': 'too_many_requests'}}
Failed for Siouxsie And The Banshees - The Passenger: Error code: 429 - {'error': {'message': 'Too Many Requests', 'type': 'too_many_requests', 'param': None, 'code': 'too_many_requests'}}
Failed for Eluvium - After Nature: Error code: 429 - {'error': {'message': 'Too Many Requests', 'type': 'too_many_requests', 'param': None, 'code': 'too_many_requests'}}
Failed for The New Pornographers - Adventures In Solitude: Error code: 429 - {'error': {'message': 'Too Many Requests', 'type': 'too_many_requests', 'param': None, 'code': 'too_many_requests'}}
Failed for Bikini Kill - Strawberry Julius: Error code: 429 - {'error': {'message': 'Too Many Requests', 'type': 'too_many_requests', 'param': None, 'code': 'too_many_requests'}}
Failed for Calvin Harris - I'M Not Alone: Error code: 429 - {'error': {'message': 'Too Many Requests', 'type': 'too_many_requests', 'param': None, 'code': 'too_many_requests'}}
Failed for Calvin Harris - Traffic Cops: Error code: 429 - {'error': {'message': 'Too Many Requests', 'type': 'too_many_requests', 'param': None, 'code': 'too_many_requests'}}
Failed for The Crystal Method - She'S My Pusher: Error code: 429 - {'error': {'message': 'Too Many Requests', 'type': 'too_many_requests', 'param': None, 'code': 'too_many_requests'}}
Failed for The Jam - English Rose: Error code: 429 - {'error': {'message': 'Too Many Requests', 'type': 'too_many_requests', 'param': None, 'code': 'too_many_requests'}}
Failed for Bad Brains - Don'T Need It: Error code: 429 - {'error': {'message': 'Too Many Requests', 'type': 'too_many_requests', 'param': None, 'code': 'too_many_requests'}}
Failed for Stars - One More Night (Your Ex-Lover Remains Dead): Error code: 429 - {'error': {'message': 'Too Many Requests', 'type': 'too_many_requests', 'param': None, 'code': 'too_many_requests'}}
Failed for Mirah - Light The Match: Error code: 429 - {'error': {'message': 'Too Many Requests', 'type': 'too_many_requests', 'param': None, 'code': 'too_many_requests'}}
Failed for The Rolling Stones - Streets Of Love: Error code: 429 - {'error': {'message': 'Too Many Requests', 'type': 'too_many_requests', 'param': None, 'code': 'too_many_requests'}}
Failed for Starsailor - Love Is Here: Error code: 429 - {'error': {'message': 'Too Many Requests', 'type': 'too_many_requests', 'param': None, 'code': 'too_many_requests'}}
Failed for Ben Harper & The Innocent Criminals - Fight Outta You: Error code: 429 - {'error': {'message': 'Too Many Requests', 'type': 'too_many_requests', 'param': None, 'code': 'too_many_requests'}}
Failed for Badly Drawn Boy - Bewilder: Error code: 429 - {'error': {'message': 'Too Many Requests', 'type': 'too_many_requests', 'param': None, 'code': 'too_many_requests'}}
Failed for Joe Satriani - Mind Storm: Error code: 429 - {'error': {'message': 'Too Many Requests', 'type': 'too_many_requests', 'param': None, 'code': 'too_many_requests'}}
Failed for Nickelback - Hero: Error code: 429 - {'error': {'message': 'Too Many Requests', 'type': 'too_many_requests', 'param': None, 'code': 'too_many_requests'}}
Failed for Hank Williams Iii - Cecil Brown: Error code: 429 - {'error': {'message': 'Too Many Requests', 'type': 'too_many_requests', 'param': None, 'code': 'too_many_requests'}}
Failed for Soilwork - Wings Of Domain: Error code: 429 - {'error': {'message': 'Too Many Requests', 'type': 'too_many_requests', 'param': None, 'code': 'too_many_requests'}}
Failed for Coralie Clément - La Mer Opale: Error code: 429 - {'error': {'message': 'Too Many Requests', 'type': 'too_many_requests', 'param': None, 'code': 'too_many_requests'}}
Failed for Cynic - Veil Of Maya: Error code: 429 - {'error': {'message': 'Too Many Requests', 'type': 'too_many_requests', 'param': None, 'code': 'too_many_requests'}}
Failed for Kate Bush - The Painter'S Link: Error code: 429 - {'error': {'message': 'Too Many Requests', 'type': 'too_many_requests', 'param': None, 'code': 'too_many_requests'}}
Failed for Enya - Flora'S Secret: Error code: 429 - {'error': {'message': 'Too Many Requests', 'type': 'too_many_requests', 'param': None, 'code': 'too_many_requests'}}
Failed for Röyksopp - Teppefall: Error code: 429 - {'error': {'message': 'Too Many Requests', 'type': 'too_many_requests', 'param': None, 'code': 'too_many_requests'}}
Failed for S Club 7 - Don'T Stop Movin': Error code: 429 - {'error': {'message': 'Too Many Requests', 'type': 'too_many_requests', 'param': None, 'code': 'too_many_requests'}}
Failed for Enya - A Moment Lost: Error code: 429 - {'error': {'message': 'Too Many Requests', 'type': 'too_many_requests', 'param': None, 'code': 'too_many_requests'}}
Failed for Entwine - Still Remains: Error code: 429 - {'error': {'message': 'Too Many Requests', 'type': 'too_many_requests', 'param': None, 'code': 'too_many_requests'}}
Failed for Arcturus - Painting My Horror: Error code: 429 - {'error': {'message': 'Too Many Requests', 'type': 'too_many_requests', 'param': None, 'code': 'too_many_requests'}}
Failed for Iron Maiden - Genghis Khan: Error code: 429 - {'error': {'message': 'Too Many Requests', 'type': 'too_many_requests', 'param': None, 'code': 'too_many_requests'}}
Failed for Iron Maiden - The Fallen Angel: Error code: 429 - {'error': {'message': 'Too Many Requests', 'type': 'too_many_requests', 'param': None, 'code': 'too_many_requests'}}
Failed for Idlewild - If It Takes You Home: Error code: 429 - {'error': {'message': 'Too Many Requests', 'type': 'too_many_requests', 'param': None, 'code': 'too_many_requests'}}
Failed for Amon Tobin - Straight Psyche: Error code: 429 - {'error': {'message': 'Too Many Requests', 'type': 'too_many_requests', 'param': None, 'code': 'too_many_requests'}}
Failed for Annwn - Herr Mannelig: Error code: 429 - {'error': {'message': 'Too Many Requests', 'type': 'too_many_requests', 'param': None, 'code': 'too_many_requests'}}
Failed for Glen Hansard - Leave: Error code: 429 - {'error': {'message': 'Too Many Requests', 'type': 'too_many_requests', 'param': None, 'code': 'too_many_requests'}}
Failed for :Wumpscut: - Perdition: Error code: 429 - {'error': {'message': 'Too Many Requests', 'type': 'too_many_requests', 'param': None, 'code': 'too_many_requests'}}
Failed for The Venus In Furs - Tumbling Down: Error code: 429 - {'error': {'message': 'Too Many Requests', 'type': 'too_many_requests', 'param': None, 'code': 'too_many_requests'}}
Failed for A. R. Rahman - Jai Ho: Error code: 429 - {'error': {'message': 'Too Many Requests', 'type': 'too_many_requests', 'param': None, 'code': 'too_many_requests'}}
Failed for State Radio - People To People: Error code: 429 - {'error': {'message': 'Too Many Requests', 'type': 'too_many_requests', 'param': None, 'code': 'too_many_requests'}}
Failed for High School Musical Cast - We'Re All In This Together: Error code: 429 - {'error': {'message': 'Too Many Requests', 'type': 'too_many_requests', 'param': None, 'code': 'too_many_requests'}}
Failed for Depeche Mode - Uselink: Error code: 429 - {'error': {'message': 'Too Many Requests', 'type': 'too_many_requests', 'param': None, 'code': 'too_many_requests'}}
Failed for Arcturus - Master Of Disguise: Error code: 429 - {'error': {'message': 'Too Many Requests', 'type': 'too_many_requests', 'param': None, 'code': 'too_many_requests'}}
Failed for Syd Barrett - No Man'S Land: Error code: 429 - {'error': {'message': 'Too Many Requests', 'type': 'too_many_requests', 'param': None, 'code': 'too_many_requests'}}
Failed for Acceptance - In Too Far: Error code: 429 - {'error': {'message': 'Too Many Requests', 'type': 'too_many_requests', 'param': None, 'code': 'too_many_requests'}}
Failed for Leona Lewis - Take A Bow: Error code: 429 - {'error': {'message': 'Too Many Requests', 'type': 'too_many_requests', 'param': None, 'code': 'too_many_requests'}}
Failed for Girls Aloud - Can'T Speak French: Error code: 429 - {'error': {'message': 'Too Many Requests', 'type': 'too_many_requests', 'param': None, 'code': 'too_many_requests'}}
Failed for Soviet - Candy Girl: Error code: 429 - {'error': {'message': 'Too Many Requests', 'type': 'too_many_requests', 'param': None, 'code': 'too_many_requests'}}
Failed for Dead Can Dance - Summoning Of The Muse: Error code: 429 - {'error': {'message': 'Too Many Requests', 'type': 'too_many_requests', 'param': None, 'code': 'too_many_requests'}}
Failed for Lusine - Drip (Apparat Remix): Error code: 429 - {'error': {'message': 'Too Many Requests', 'type': 'too_many_requests', 'param': None, 'code': 'too_many_requests'}}
Failed for Craig Armstrong - Let It Be Love: Error code: 429 - {'error': {'message': 'Too Many Requests', 'type': 'too_many_requests', 'param': None, 'code': 'too_many_requests'}}
Failed for Black Lips - Not A Problem: Error code: 429 - {'error': {'message': 'Too Many Requests', 'type': 'too_many_requests', 'param': None, 'code': 'too_many_requests'}}
Failed for Syd Barrett - Baby Lemonade: Error code: 429 - {'error': {'message': 'Too Many Requests', 'type': 'too_many_requests', 'param': None, 'code': 'too_many_requests'}}
Failed for Roy Orbison - Only The Lonely: Error code: 429 - {'error': {'message': 'Too Many Requests', 'type': 'too_many_requests', 'param': None, 'code': 'too_many_requests'}}
Failed for Stephen Malkmus - The Hook: Error code: 429 - {'error': {'message': 'Too Many Requests', 'type': 'too_many_requests', 'param': None, 'code': 'too_many_requests'}}
Failed for Nirvana - Molly'S Lips: Error code: 429 - {'error': {'message': 'Too Many Requests', 'type': 'too_many_requests', 'param': None, 'code': 'too_many_requests'}}
Failed for Stephen Malkmus - Troubbble: Error code: 429 - {'error': {'message': 'Too Many Requests', 'type': 'too_many_requests', 'param': None, 'code': 'too_many_requests'}}
Failed for Camera Obscura - Let Me Go Home: Error code: 429 - {'error': {'message': 'Too Many Requests', 'type': 'too_many_requests', 'param': None, 'code': 'too_many_requests'}}
Failed for Bullet For My Valentine - Suffocating Under Words Of Sorrow (What Can I Do): Error code: 429 - {'error': {'message': 'Too Many Requests', 'type': 'too_many_requests', 'param': None, 'code': 'too_many_requests'}}
Failed for Gustavo Santaolalla - Can Light Be Found In The Darkness?: Error code: 429 - {'error': {'message': 'Too Many Requests', 'type': 'too_many_requests', 'param': None, 'code': 'too_many_requests'}}
Failed for Johnny Cash - Love'S Been Good To Me: Error code: 429 - {'error': {'message': 'Too Many Requests', 'type': 'too_many_requests', 'param': None, 'code': 'too_many_requests'}}
Failed for Why? - By Torpedo Or Crohn'S: Error code: 429 - {'error': {'message': 'Too Many Requests', 'type': 'too_many_requests', 'param': None, 'code': 'too_many_requests'}}
Failed for Tori Amos - Your Cloud: Error code: 429 - {'error': {'message': 'Too Many Requests', 'type': 'too_many_requests', 'param': None, 'code': 'too_many_requests'}}
Failed for Johnny Cash - I'Ve Been Everywhere: Error code: 429 - {'error': {'message': 'Too Many Requests', 'type': 'too_many_requests', 'param': None, 'code': 'too_many_requests'}}
Failed for 1000 Homo Djs - Supernaut: Error code: 429 - {'error': {'message': 'Too Many Requests', 'type': 'too_many_requests', 'param': None, 'code': 'too_many_requests'}}
Failed for Eels - Cancer For The Cure: Error code: 429 - {'error': {'message': 'Too Many Requests', 'type': 'too_many_requests', 'param': None, 'code': 'too_many_requests'}}
Failed for Him - Don'T Close Your Heart: Error code: 429 - {'error': {'message': 'Too Many Requests', 'type': 'too_many_requests', 'param': None, 'code': 'too_many_requests'}}
Failed for Red Hot Chili Peppers - Warm Tape: Error code: 429 - {'error': {'message': 'Too Many Requests', 'type': 'too_many_requests', 'param': None, 'code': 'too_many_requests'}}
Failed for Red House Painters - Mistress: Error code: 429 - {'error': {'message': 'Too Many Requests', 'type': 'too_many_requests', 'param': None, 'code': 'too_many_requests'}}
Failed for Dead Can Dance - Ullyses: Error code: 429 - {'error': {'message': 'Too Many Requests', 'type': 'too_many_requests', 'param': None, 'code': 'too_many_requests'}}
Failed for Dead Can Dance - Wilderness: Error code: 429 - {'error': {'message': 'Too Many Requests', 'type': 'too_many_requests', 'param': None, 'code': 'too_many_requests'}}
Failed for Atb - Long Way Home: Error code: 429 - {'error': {'message': 'Too Many Requests', 'type': 'too_many_requests', 'param': None, 'code': 'too_many_requests'}}
Failed for Dead Can Dance - Yulunga (Spirit Dance): Error code: 429 - {'error': {'message': 'Too Many Requests', 'type': 'too_many_requests', 'param': None, 'code': 'too_many_requests'}}
Failed for Afi - A Story At Three: Error code: 429 - {'error': {'message': 'Too Many Requests', 'type': 'too_many_requests', 'param': None, 'code': 'too_many_requests'}}
Failed for Jens Lekman - You Are The Light (By Which I Travel Into This And That): Error code: 429 - {'error': {'message': 'Too Many Requests', 'type': 'too_many_requests', 'param': None, 'code': 'too_many_requests'}}
Failed for Jens Lekman - At The Dept. Of Forgotten Songs: Error code: 429 - {'error': {'message': 'Too Many Requests', 'type': 'too_many_requests', 'param': None, 'code': 'too_many_requests'}}
Failed for The Blow - The Big U: Error code: 429 - {'error': {'message': 'Too Many Requests', 'type': 'too_many_requests', 'param': None, 'code': 'too_many_requests'}}
Failed for Underoath - Everyone Looks So Good From Here: Error code: 429 - {'error': {'message': 'Too Many Requests', 'type': 'too_many_requests', 'param': None, 'code': 'too_many_requests'}}
Failed for Rancid - The 11Th Hour: Error code: 429 - {'error': {'message': 'Too Many Requests', 'type': 'too_many_requests', 'param': None, 'code': 'too_many_requests'}}
Failed for Thursday - Counting 5-4-3-2-1: Error code: 429 - {'error': {'message': 'Too Many Requests', 'type': 'too_many_requests', 'param': None, 'code': 'too_many_requests'}}
Failed for Mokoma - Sinä Riität: Error code: 429 - {'error': {'message': 'Too Many Requests', 'type': 'too_many_requests', 'param': None, 'code': 'too_many_requests'}}
Failed for The Notwist - On Planet Off: Error code: 429 - {'error': {'message': 'Too Many Requests', 'type': 'too_many_requests', 'param': None, 'code': 'too_many_requests'}}
Failed for Buena Vista Social Club - Orgullecida: Error code: 429 - {'error': {'message': 'Too Many Requests', 'type': 'too_many_requests', 'param': None, 'code': 'too_many_requests'}}
Failed for Architecture In Helsinki - It'5: Error code: 429 - {'error': {'message': 'Too Many Requests', 'type': 'too_many_requests', 'param': None, 'code': 'too_many_requests'}}
Failed for Alien Ant Farm - Wish: Error code: 429 - {'error': {'message': 'Too Many Requests', 'type': 'too_many_requests', 'param': None, 'code': 'too_many_requests'}}
Failed for Bloodhound Gang - Fire Water Burn: Error code: 429 - {'error': {'message': 'Too Many Requests', 'type': 'too_many_requests', 'param': None, 'code': 'too_many_requests'}}
Failed for Bloodbath - Cancer Of The Soul: Error code: 429 - {'error': {'message': 'Too Many Requests', 'type': 'too_many_requests', 'param': None, 'code': 'too_many_requests'}}
Failed for The Dodos - Winter: Error code: 429 - {'error': {'message': 'Too Many Requests', 'type': 'too_many_requests', 'param': None, 'code': 'too_many_requests'}}
Failed for Babyshambles - Á Rebours: Error code: 429 - {'error': {'message': 'Too Many Requests', 'type': 'too_many_requests', 'param': None, 'code': 'too_many_requests'}}
Failed for High Contrast - Kiss Kiss Bang Bang: Error code: 429 - {'error': {'message': 'Too Many Requests', 'type': 'too_many_requests', 'param': None, 'code': 'too_many_requests'}}
Failed for El Perro Del Mar - Party: Error code: 429 - {'error': {'message': 'Too Many Requests', 'type': 'too_many_requests', 'param': None, 'code': 'too_many_requests'}}
Failed for The 69 Eyes - Truck On: Error code: 429 - {'error': {'message': 'Too Many Requests', 'type': 'too_many_requests', 'param': None, 'code': 'too_many_requests'}}
Failed for Isis - Over Root And Thorn: Error code: 429 - {'error': {'message': 'Too Many Requests', 'type': 'too_many_requests', 'param': None, 'code': 'too_many_requests'}}
Failed for Foxy Shazam - The French Passion Of Animality Opera: Error code: 429 - {'error': {'message': 'Too Many Requests', 'type': 'too_many_requests', 'param': None, 'code': 'too_many_requests'}}
Failed for The Black Keys - No Trust: Error code: 429 - {'error': {'message': 'Too Many Requests', 'type': 'too_many_requests', 'param': None, 'code': 'too_many_requests'}}
Failed for Malajube - Pâte Filo: Error code: 429 - {'error': {'message': 'Too Many Requests', 'type': 'too_many_requests', 'param': None, 'code': 'too_many_requests'}}
Failed for Mary J. Blige - One (Feat. U2): Error code: 429 - {'error': {'message': 'Too Many Requests', 'type': 'too_many_requests', 'param': None, 'code': 'too_many_requests'}}
Failed for Kraftwerk - Abzug: Error code: 429 - {'error': {'message': 'Too Many Requests', 'type': 'too_many_requests', 'param': None, 'code': 'too_many_requests'}}
800/2988 done
Failed for Depeche Mode - If You Want: Error code: 429 - {'error': {'message': 'Too Many Requests', 'type': 'too_many_requests', 'param': None, 'code': 'too_many_requests'}}
Failed for Depeche Mode - I Am You: Error code: 429 - {'error': {'message': 'Too Many Requests', 'type': 'too_many_requests', 'param': None, 'code': 'too_many_requests'}}
Failed for Kraftwerk - Kometenmelodie 2: Error code: 429 - {'error': {'message': 'Too Many Requests', 'type': 'too_many_requests', 'param': None, 'code': 'too_many_requests'}}
Failed for Miss Kittin & The Hacker - Stock Exchange: Error code: 429 - {'error': {'message': 'Too Many Requests', 'type': 'too_many_requests', 'param': None, 'code': 'too_many_requests'}}
Failed for Turbonegro - Hot And Filthy: Error code: 429 - {'error': {'message': 'Too Many Requests', 'type': 'too_many_requests', 'param': None, 'code': 'too_many_requests'}}
Failed for Violator - Thrash Maniacs: Error code: 429 - {'error': {'message': 'Too Many Requests', 'type': 'too_many_requests', 'param': None, 'code': 'too_many_requests'}}
Failed for Moonspell - Darkness And Hope: Error code: 429 - {'error': {'message': 'Too Many Requests', 'type': 'too_many_requests', 'param': None, 'code': 'too_many_requests'}}
Failed for Simple Minds - Alive And Kicking: Error code: 429 - {'error': {'message': 'Too Many Requests', 'type': 'too_many_requests', 'param': None, 'code': 'too_many_requests'}}
Failed for Amon Tobin - Marine Machines: Error code: 429 - {'error': {'message': 'Too Many Requests', 'type': 'too_many_requests', 'param': None, 'code': 'too_many_requests'}}
Failed for Andrew W.K. - Don'T Stop Living In The Red: Error code: 429 - {'error': {'message': 'Too Many Requests', 'type': 'too_many_requests', 'param': None, 'code': 'too_many_requests'}}
Failed for The Vines - Anysound: Error code: 429 - {'error': {'message': 'Too Many Requests', 'type': 'too_many_requests', 'param': None, 'code': 'too_many_requests'}}
Failed for Erasure - Chains Of Love: Error code: 429 - {'error': {'message': 'Too Many Requests', 'type': 'too_many_requests', 'param': None, 'code': 'too_many_requests'}}
Failed for Oasis - Roll It Over: Error code: 429 - {'error': {'message': 'Too Many Requests', 'type': 'too_many_requests', 'param': None, 'code': 'too_many_requests'}}
Failed for Swod - Fugitif 1: Error code: 429 - {'error': {'message': 'Too Many Requests', 'type': 'too_many_requests', 'param': None, 'code': 'too_many_requests'}}
Failed for Mokoma - Tulkki: Error code: 429 - {'error': {'message': 'Too Many Requests', 'type': 'too_many_requests', 'param': None, 'code': 'too_many_requests'}}
Failed for Blur - Mellow Song: Error code: 429 - {'error': {'message': 'Too Many Requests', 'type': 'too_many_requests', 'param': None, 'code': 'too_many_requests'}}
Failed for People In Planes - If You Talk Too Much (My Head Will Explode): Error code: 429 - {'error': {'message': 'Too Many Requests', 'type': 'too_many_requests', 'param': None, 'code': 'too_many_requests'}}
Failed for I Am Kloot - Over My Shoulder: Error code: 429 - {'error': {'message': 'Too Many Requests', 'type': 'too_many_requests', 'param': None, 'code': 'too_many_requests'}}
Failed for Covenant - The Men: Error code: 429 - {'error': {'message': 'Too Many Requests', 'type': 'too_many_requests', 'param': None, 'code': 'too_many_requests'}}
Failed for The Radio Dept. - Gibraltar: Error code: 429 - {'error': {'message': 'Too Many Requests', 'type': 'too_many_requests', 'param': None, 'code': 'too_many_requests'}}
Failed for The Cinematic Orchestra - Reel Life (Evolution Ii): Error code: 429 - {'error': {'message': 'Too Many Requests', 'type': 'too_many_requests', 'param': None, 'code': 'too_many_requests'}}
Failed for Mokoma - Veriveljet: Error code: 429 - {'error': {'message': 'Too Many Requests', 'type': 'too_many_requests', 'param': None, 'code': 'too_many_requests'}}
Failed for Le Tigre - Keep On Livin': Error code: 429 - {'error': {'message': 'Too Many Requests', 'type': 'too_many_requests', 'param': None, 'code': 'too_many_requests'}}
Failed for Mokoma - Takatalvi: Error code: 429 - {'error': {'message': 'Too Many Requests', 'type': 'too_many_requests', 'param': None, 'code': 'too_many_requests'}}
Failed for Black Tambourine - By Tomorrow: Error code: 429 - {'error': {'message': 'Too Many Requests', 'type': 'too_many_requests', 'param': None, 'code': 'too_many_requests'}}
Failed for Bauhaus - Hair Of The Dog: Error code: 429 - {'error': {'message': 'Too Many Requests', 'type': 'too_many_requests', 'param': None, 'code': 'too_many_requests'}}
Failed for Travis - Chinese Blues: Error code: 429 - {'error': {'message': 'Too Many Requests', 'type': 'too_many_requests', 'param': None, 'code': 'too_many_requests'}}
Failed for The Rosebuds - Silence By The Lakeside: Error code: 429 - {'error': {'message': 'Too Many Requests', 'type': 'too_many_requests', 'param': None, 'code': 'too_many_requests'}}
Failed for Underworld - Mmm Skyscraper I Love You: Error code: 429 - {'error': {'message': 'Too Many Requests', 'type': 'too_many_requests', 'param': None, 'code': 'too_many_requests'}}
Failed for Little Richard - Long Tall Sally: Error code: 429 - {'error': {'message': 'Too Many Requests', 'type': 'too_many_requests', 'param': None, 'code': 'too_many_requests'}}
Failed for Babyshambles - Pentonville: Error code: 429 - {'error': {'message': 'Too Many Requests', 'type': 'too_many_requests', 'param': None, 'code': 'too_many_requests'}}
Failed for Maserati - The World Outside: Error code: 429 - {'error': {'message': 'Too Many Requests', 'type': 'too_many_requests', 'param': None, 'code': 'too_many_requests'}}
Failed for Amon Tobin - Chomp Samba: Error code: 429 - {'error': {'message': 'Too Many Requests', 'type': 'too_many_requests', 'param': None, 'code': 'too_many_requests'}}
Failed for Hot Chip - One One One: Error code: 429 - {'error': {'message': 'Too Many Requests', 'type': 'too_many_requests', 'param': None, 'code': 'too_many_requests'}}
Failed for Wolf Parade - Soldier'S Grin: Error code: 429 - {'error': {'message': 'Too Many Requests', 'type': 'too_many_requests', 'param': None, 'code': 'too_many_requests'}}
Failed for Hank Williams Iii - Smoke & Wine: Error code: 429 - {'error': {'message': 'Too Many Requests', 'type': 'too_many_requests', 'param': None, 'code': 'too_many_requests'}}
Failed for Blondie - I'M Gonna Love You Too: Error code: 429 - {'error': {'message': 'Too Many Requests', 'type': 'too_many_requests', 'param': None, 'code': 'too_many_requests'}}
Failed for Within Temptation - Enter: Error code: 429 - {'error': {'message': 'Too Many Requests', 'type': 'too_many_requests', 'param': None, 'code': 'too_many_requests'}}
Failed for Le Tigre - Fake French: Error code: 429 - {'error': {'message': 'Too Many Requests', 'type': 'too_many_requests', 'param': None, 'code': 'too_many_requests'}}
Failed for Franco Battiato - Il Vuoto: Error code: 429 - {'error': {'message': 'Too Many Requests', 'type': 'too_many_requests', 'param': None, 'code': 'too_many_requests'}}
Failed for Devendra Banhart - Inaniel: Error code: 429 - {'error': {'message': 'Too Many Requests', 'type': 'too_many_requests', 'param': None, 'code': 'too_many_requests'}}
Failed for Paradise Lost - Beneath Black Skies: Error code: 429 - {'error': {'message': 'Too Many Requests', 'type': 'too_many_requests', 'param': None, 'code': 'too_many_requests'}}
Failed for Rilo Kiley - Bulletproof: Error code: 429 - {'error': {'message': 'Too Many Requests', 'type': 'too_many_requests', 'param': None, 'code': 'too_many_requests'}}
Failed for Nellie Mckay - I Wanna Get Married: Error code: 429 - {'error': {'message': 'Too Many Requests', 'type': 'too_many_requests', 'param': None, 'code': 'too_many_requests'}}
Failed for Neko Case - Pretty Girls: Error code: 429 - {'error': {'message': 'Too Many Requests', 'type': 'too_many_requests', 'param': None, 'code': 'too_many_requests'}}
Failed for Municipal Waste - Accelerated Vision: Error code: 429 - {'error': {'message': 'Too Many Requests', 'type': 'too_many_requests', 'param': None, 'code': 'too_many_requests'}}
Failed for Jonathan Larson - Life Support: Error code: 429 - {'error': {'message': 'Too Many Requests', 'type': 'too_many_requests', 'param': None, 'code': 'too_many_requests'}}
Failed for Metallica - Free Speech For The Dumb: Error code: 429 - {'error': {'message': 'Too Many Requests', 'type': 'too_many_requests', 'param': None, 'code': 'too_many_requests'}}
Failed for Amon Amarth - Bloodshed: Error code: 429 - {'error': {'message': 'Too Many Requests', 'type': 'too_many_requests', 'param': None, 'code': 'too_many_requests'}}
Failed for Minus The Bear - Pony Up!: Error code: 429 - {'error': {'message': 'Too Many Requests', 'type': 'too_many_requests', 'param': None, 'code': 'too_many_requests'}}
Failed for Belle And Sebastian - I Know Where The Summer Goes: Error code: 429 - {'error': {'message': 'Too Many Requests', 'type': 'too_many_requests', 'param': None, 'code': 'too_many_requests'}}
Failed for Amon Amarth - Across The Rainbow Bridge: Error code: 429 - {'error': {'message': 'Too Many Requests', 'type': 'too_many_requests', 'param': None, 'code': 'too_many_requests'}}
Failed for Wings - Mull Of Kintyre: Error code: 429 - {'error': {'message': 'Too Many Requests', 'type': 'too_many_requests', 'param': None, 'code': 'too_many_requests'}}
Failed for David Bowie - All The Young Dudes: Error code: 429 - {'error': {'message': 'Too Many Requests', 'type': 'too_many_requests', 'param': None, 'code': 'too_many_requests'}}
Failed for 雅-Miyavi- - Kimi Ni Negai Wo: Error code: 429 - {'error': {'message': 'Too Many Requests', 'type': 'too_many_requests', 'param': None, 'code': 'too_many_requests'}}
Failed for Live - All Over You: Error code: 429 - {'error': {'message': 'Too Many Requests', 'type': 'too_many_requests', 'param': None, 'code': 'too_many_requests'}}
Failed for Ben Kweller - Walk On Me: Error code: 429 - {'error': {'message': 'Too Many Requests', 'type': 'too_many_requests', 'param': None, 'code': 'too_many_requests'}}
Failed for Godsmack - Whatever: Error code: 429 - {'error': {'message': 'Too Many Requests', 'type': 'too_many_requests', 'param': None, 'code': 'too_many_requests'}}
Failed for Ray Lamontagne - Till The Sun Turns Black: Error code: 429 - {'error': {'message': 'Too Many Requests', 'type': 'too_many_requests', 'param': None, 'code': 'too_many_requests'}}
Failed for Andy Mckee - Drifting: Error code: 429 - {'error': {'message': 'Too Many Requests', 'type': 'too_many_requests', 'param': None, 'code': 'too_many_requests'}}
Failed for Gui Boratto - Beautiful Life: Error code: 429 - {'error': {'message': 'Too Many Requests', 'type': 'too_many_requests', 'param': None, 'code': 'too_many_requests'}}
Failed for Sigur Rós - Sigur 4 (Untitled): Error code: 429 - {'error': {'message': 'Too Many Requests', 'type': 'too_many_requests', 'param': None, 'code': 'too_many_requests'}}
Failed for Ian Van Dahl - Just A Girl (Radio Edit): Error code: 429 - {'error': {'message': 'Too Many Requests', 'type': 'too_many_requests', 'param': None, 'code': 'too_many_requests'}}
Failed for Basement Jaxx - On The Train: Error code: 429 - {'error': {'message': 'Too Many Requests', 'type': 'too_many_requests', 'param': None, 'code': 'too_many_requests'}}
Failed for Billie Holiday - They Can'T Take That Away From Me: Error code: 429 - {'error': {'message': 'Too Many Requests', 'type': 'too_many_requests', 'param': None, 'code': 'too_many_requests'}}
Failed for Elton John - Can You Feel The Love Tonight: Error code: 429 - {'error': {'message': 'Too Many Requests', 'type': 'too_many_requests', 'param': None, 'code': 'too_many_requests'}}
Failed for Elton John - I Want Love: Error code: 429 - {'error': {'message': 'Too Many Requests', 'type': 'too_many_requests', 'param': None, 'code': 'too_many_requests'}}
Failed for Bauhaus - Endless Summer Of The Damned: Error code: 429 - {'error': {'message': 'Too Many Requests', 'type': 'too_many_requests', 'param': None, 'code': 'too_many_requests'}}
Failed for Bauhaus - Of Lillies And Remains: Error code: 429 - {'error': {'message': 'Too Many Requests', 'type': 'too_many_requests', 'param': None, 'code': 'too_many_requests'}}
Failed for The Source - You Got The Love: Error code: 429 - {'error': {'message': 'Too Many Requests', 'type': 'too_many_requests', 'param': None, 'code': 'too_many_requests'}}
Failed for Spoon - Utilitarian: Error code: 429 - {'error': {'message': 'Too Many Requests', 'type': 'too_many_requests', 'param': None, 'code': 'too_many_requests'}}
Failed for Murcof - Maiz: Error code: 429 - {'error': {'message': 'Too Many Requests', 'type': 'too_many_requests', 'param': None, 'code': 'too_many_requests'}}
Failed for Aimee Mann - One: Error code: 429 - {'error': {'message': 'Too Many Requests', 'type': 'too_many_requests', 'param': None, 'code': 'too_many_requests'}}
Failed for The Black Keys - Countdown: Error code: 429 - {'error': {'message': 'Too Many Requests', 'type': 'too_many_requests', 'param': None, 'code': 'too_many_requests'}}
Failed for David Bowie - Alabama Song: Error code: 429 - {'error': {'message': 'Too Many Requests', 'type': 'too_many_requests', 'param': None, 'code': 'too_many_requests'}}
Failed for Jonas Brothers - That'S Just The Way We Roll: Error code: 429 - {'error': {'message': 'Too Many Requests', 'type': 'too_many_requests', 'param': None, 'code': 'too_many_requests'}}
Failed for Forgotten Boys - All You See: Error code: 429 - {'error': {'message': 'Too Many Requests', 'type': 'too_many_requests', 'param': None, 'code': 'too_many_requests'}}
Failed for Forgotten Boys - So So: Error code: 429 - {'error': {'message': 'Too Many Requests', 'type': 'too_many_requests', 'param': None, 'code': 'too_many_requests'}}
Failed for Rilo Kiley - Don'T Deconstruct: Error code: 429 - {'error': {'message': 'Too Many Requests', 'type': 'too_many_requests', 'param': None, 'code': 'too_many_requests'}}
Failed for Dj Shadow - In/Flux: Error code: 429 - {'error': {'message': 'Too Many Requests', 'type': 'too_many_requests', 'param': None, 'code': 'too_many_requests'}}
Failed for Yo La Tengo - Season Of The Shark: Error code: 429 - {'error': {'message': 'Too Many Requests', 'type': 'too_many_requests', 'param': None, 'code': 'too_many_requests'}}
Failed for Muse - Agitated: Error code: 429 - {'error': {'message': 'Too Many Requests', 'type': 'too_many_requests', 'param': None, 'code': 'too_many_requests'}}
Failed for Alkaline Trio - Fall Victim: Error code: 429 - {'error': {'message': 'Too Many Requests', 'type': 'too_many_requests', 'param': None, 'code': 'too_many_requests'}}
Failed for Leonel Nunes - Porque Não Tem Talo O Nabo: Error code: 429 - {'error': {'message': 'Too Many Requests', 'type': 'too_many_requests', 'param': None, 'code': 'too_many_requests'}}
Failed for Acidman - Kisetsu No Akari: Error code: 429 - {'error': {'message': 'Too Many Requests', 'type': 'too_many_requests', 'param': None, 'code': 'too_many_requests'}}
Failed for The Used - Listening: Error code: 429 - {'error': {'message': 'Too Many Requests', 'type': 'too_many_requests', 'param': None, 'code': 'too_many_requests'}}
Failed for Lady Sovereign - Tango: Error code: 429 - {'error': {'message': 'Too Many Requests', 'type': 'too_many_requests', 'param': None, 'code': 'too_many_requests'}}
Failed for A Place To Bury Strangers - Another Step Away: Error code: 429 - {'error': {'message': 'Too Many Requests', 'type': 'too_many_requests', 'param': None, 'code': 'too_many_requests'}}
Failed for Minus The Bear - El Torrente: Error code: 429 - {'error': {'message': 'Too Many Requests', 'type': 'too_many_requests', 'param': None, 'code': 'too_many_requests'}}
Failed for Devendra Banhart - Queen Bee: Error code: 429 - {'error': {'message': 'Too Many Requests', 'type': 'too_many_requests', 'param': None, 'code': 'too_many_requests'}}
Failed for Marilyn Manson - Wormboy: Error code: 429 - {'error': {'message': 'Too Many Requests', 'type': 'too_many_requests', 'param': None, 'code': 'too_many_requests'}}
Failed for Rilo Kiley - Plane Crash In C: Error code: 429 - {'error': {'message': 'Too Many Requests', 'type': 'too_many_requests', 'param': None, 'code': 'too_many_requests'}}
Failed for A Place To Bury Strangers - She Dies: Error code: 429 - {'error': {'message': 'Too Many Requests', 'type': 'too_many_requests', 'param': None, 'code': 'too_many_requests'}}
Failed for Pulp - Have You Seen Her Lately?: Error code: 429 - {'error': {'message': 'Too Many Requests', 'type': 'too_many_requests', 'param': None, 'code': 'too_many_requests'}}
Failed for Rosemary - Suburban Kings: Error code: 429 - {'error': {'message': 'Too Many Requests', 'type': 'too_many_requests', 'param': None, 'code': 'too_many_requests'}}
Failed for Andy Mckee - Heather'S Song: Error code: 429 - {'error': {'message': 'Too Many Requests', 'type': 'too_many_requests', 'param': None, 'code': 'too_many_requests'}}
Failed for The Cribs - The Light Went Out: Error code: 429 - {'error': {'message': 'Too Many Requests', 'type': 'too_many_requests', 'param': None, 'code': 'too_many_requests'}}
Failed for The Cribs - Be Safe: Error code: 429 - {'error': {'message': 'Too Many Requests', 'type': 'too_many_requests', 'param': None, 'code': 'too_many_requests'}}
Failed for Conor Oberst - Valle Místico (Ruben'S Song): Error code: 429 - {'error': {'message': 'Too Many Requests', 'type': 'too_many_requests', 'param': None, 'code': 'too_many_requests'}}
900/2988 done
Failed for Bon Jovi - I'Ll Be There For You: Error code: 429 - {'error': {'message': 'Too Many Requests', 'type': 'too_many_requests', 'param': None, 'code': 'too_many_requests'}}
Failed for The Cooper Temple Clause - Waiting Game: Error code: 429 - {'error': {'message': 'Too Many Requests', 'type': 'too_many_requests', 'param': None, 'code': 'too_many_requests'}}
Failed for Corinne Bailey Rae - Seasons Change: Error code: 429 - {'error': {'message': 'Too Many Requests', 'type': 'too_many_requests', 'param': None, 'code': 'too_many_requests'}}
Failed for Refused - Refused Are Fuckin Dead: Error code: 429 - {'error': {'message': 'Too Many Requests', 'type': 'too_many_requests', 'param': None, 'code': 'too_many_requests'}}
Failed for Aesthetic Perfection - Living The Wasted Life: Error code: 429 - {'error': {'message': 'Too Many Requests', 'type': 'too_many_requests', 'param': None, 'code': 'too_many_requests'}}
Failed for Joni Mitchell - The Last Time I Saw Richard: Error code: 429 - {'error': {'message': 'Too Many Requests', 'type': 'too_many_requests', 'param': None, 'code': 'too_many_requests'}}
Failed for Santigold - Shove It (Feat. Spank Rock): Error code: 429 - {'error': {'message': 'Too Many Requests', 'type': 'too_many_requests', 'param': None, 'code': 'too_many_requests'}}
Failed for Arch Enemy - Ravenous: Error code: 429 - {'error': {'message': 'Too Many Requests', 'type': 'too_many_requests', 'param': None, 'code': 'too_many_requests'}}
Failed for Britney Spears - Can'T Make You Love Me: Error code: 429 - {'error': {'message': 'Too Many Requests', 'type': 'too_many_requests', 'param': None, 'code': 'too_many_requests'}}
Failed for Vnv Nation - Firstlight: Error code: 429 - {'error': {'message': 'Too Many Requests', 'type': 'too_many_requests', 'param': None, 'code': 'too_many_requests'}}
Failed for Between The Buried And Me - Prequel To The Sequel: Error code: 429 - {'error': {'message': 'Too Many Requests', 'type': 'too_many_requests', 'param': None, 'code': 'too_many_requests'}}
Failed for Britney Spears - Early Mornin': Error code: 429 - {'error': {'message': 'Too Many Requests', 'type': 'too_many_requests', 'param': None, 'code': 'too_many_requests'}}
Failed for Mewithoutyou - Torches Together: Error code: 429 - {'error': {'message': 'Too Many Requests', 'type': 'too_many_requests', 'param': None, 'code': 'too_many_requests'}}
Failed for Mokoma - Hiljaisuuden Julistaja: Error code: 429 - {'error': {'message': 'Too Many Requests', 'type': 'too_many_requests', 'param': None, 'code': 'too_many_requests'}}
Failed for Agathodaimon - Serpent'S Embrace: Error code: 429 - {'error': {'message': 'Too Many Requests', 'type': 'too_many_requests', 'param': None, 'code': 'too_many_requests'}}
Failed for Neko Case - Rated X: Error code: 429 - {'error': {'message': 'Too Many Requests', 'type': 'too_many_requests', 'param': None, 'code': 'too_many_requests'}}
Failed for The Offspring - Feelings: Error code: 429 - {'error': {'message': 'Too Many Requests', 'type': 'too_many_requests', 'param': None, 'code': 'too_many_requests'}}
Failed for Lucky Soul - Struck Dumb: Error code: 429 - {'error': {'message': 'Too Many Requests', 'type': 'too_many_requests', 'param': None, 'code': 'too_many_requests'}}
Failed for Devendra Banhart - Water May Walk: Error code: 429 - {'error': {'message': 'Too Many Requests', 'type': 'too_many_requests', 'param': None, 'code': 'too_many_requests'}}
Failed for Metronomy - Side 2: Error code: 429 - {'error': {'message': 'Too Many Requests', 'type': 'too_many_requests', 'param': None, 'code': 'too_many_requests'}}
Failed for Michael Jackson - The Girl Is Mine (Feat. Paul Mccartney): Error code: 429 - {'error': {'message': 'Too Many Requests', 'type': 'too_many_requests', 'param': None, 'code': 'too_many_requests'}}
Failed for Vnv Nation - Forsaken: Error code: 429 - {'error': {'message': 'Too Many Requests', 'type': 'too_many_requests', 'param': None, 'code': 'too_many_requests'}}
Failed for Lady Gaga - Starstruck: Error code: 429 - {'error': {'message': 'Too Many Requests', 'type': 'too_many_requests', 'param': None, 'code': 'too_many_requests'}}
Failed for Black Sabbath - Lady Evil: Error code: 429 - {'error': {'message': 'Too Many Requests', 'type': 'too_many_requests', 'param': None, 'code': 'too_many_requests'}}
Failed for Elliott Smith - Almost Over: Error code: 429 - {'error': {'message': 'Too Many Requests', 'type': 'too_many_requests', 'param': None, 'code': 'too_many_requests'}}
Failed for Lamb - Soft Mistake: Error code: 429 - {'error': {'message': 'Too Many Requests', 'type': 'too_many_requests', 'param': None, 'code': 'too_many_requests'}}
Failed for The Decemberists - The Wanting Comes In Waves/Repaid: Error code: 429 - {'error': {'message': 'Too Many Requests', 'type': 'too_many_requests', 'param': None, 'code': 'too_many_requests'}}
Failed for Ania Dąbrowska - Tego Chciałam: Error code: 429 - {'error': {'message': 'Too Many Requests', 'type': 'too_many_requests', 'param': None, 'code': 'too_many_requests'}}
Failed for Against Me! - Pretty Girls (The Mover): Error code: 429 - {'error': {'message': 'Too Many Requests', 'type': 'too_many_requests', 'param': None, 'code': 'too_many_requests'}}
Failed for Pearl Jam - Thumbing My Way: Error code: 429 - {'error': {'message': 'Too Many Requests', 'type': 'too_many_requests', 'param': None, 'code': 'too_many_requests'}}
Failed for Peeping Tom - Five Seconds (Feat. Odd Nosdam): Error code: 429 - {'error': {'message': 'Too Many Requests', 'type': 'too_many_requests', 'param': None, 'code': 'too_many_requests'}}
Failed for Boards Of Canada - Skimming Stones: Error code: 429 - {'error': {'message': 'Too Many Requests', 'type': 'too_many_requests', 'param': None, 'code': 'too_many_requests'}}
Failed for Megadeth - Poison Was The Cure: Error code: 429 - {'error': {'message': 'Too Many Requests', 'type': 'too_many_requests', 'param': None, 'code': 'too_many_requests'}}
Failed for Metronomy - You Could Easily Have Me: Error code: 429 - {'error': {'message': 'Too Many Requests', 'type': 'too_many_requests', 'param': None, 'code': 'too_many_requests'}}
Failed for Woven Hand - My Russia: Error code: 429 - {'error': {'message': 'Too Many Requests', 'type': 'too_many_requests', 'param': None, 'code': 'too_many_requests'}}
Failed for Sigur Rós - Í Gær: Error code: 429 - {'error': {'message': 'Too Many Requests', 'type': 'too_many_requests', 'param': None, 'code': 'too_many_requests'}}
Failed for Islands - Creeper: Error code: 429 - {'error': {'message': 'Too Many Requests', 'type': 'too_many_requests', 'param': None, 'code': 'too_many_requests'}}
Failed for The Faint - In Concert: Error code: 429 - {'error': {'message': 'Too Many Requests', 'type': 'too_many_requests', 'param': None, 'code': 'too_many_requests'}}
Failed for The Black Angels - Call To Arms: Error code: 429 - {'error': {'message': 'Too Many Requests', 'type': 'too_many_requests', 'param': None, 'code': 'too_many_requests'}}
Failed for The Streets - Empty Cans: Error code: 429 - {'error': {'message': 'Too Many Requests', 'type': 'too_many_requests', 'param': None, 'code': 'too_many_requests'}}
Failed for Jamiroquai - Hot Tequila Brown: Error code: 429 - {'error': {'message': 'Too Many Requests', 'type': 'too_many_requests', 'param': None, 'code': 'too_many_requests'}}
Failed for Happy Mondays - Bob'S Yer Uncle: Error code: 429 - {'error': {'message': 'Too Many Requests', 'type': 'too_many_requests', 'param': None, 'code': 'too_many_requests'}}
Failed for Josh Ritter - Good Man: Error code: 429 - {'error': {'message': 'Too Many Requests', 'type': 'too_many_requests', 'param': None, 'code': 'too_many_requests'}}
Failed for The Jimi Hendrix Experience - Can You See Me: Error code: 429 - {'error': {'message': 'Too Many Requests', 'type': 'too_many_requests', 'param': None, 'code': 'too_many_requests'}}
Failed for Amon Amarth - An Ancient Sign Of Coming Storm: Error code: 429 - {'error': {'message': 'Too Many Requests', 'type': 'too_many_requests', 'param': None, 'code': 'too_many_requests'}}
Failed for Lady Sovereign - Public Warning: Error code: 429 - {'error': {'message': 'Too Many Requests', 'type': 'too_many_requests', 'param': None, 'code': 'too_many_requests'}}
Failed for Between The Buried And Me - White Walls: Error code: 429 - {'error': {'message': 'Too Many Requests', 'type': 'too_many_requests', 'param': None, 'code': 'too_many_requests'}}
Failed for Ween - Shamemaker: Error code: 429 - {'error': {'message': 'Too Many Requests', 'type': 'too_many_requests', 'param': None, 'code': 'too_many_requests'}}
Failed for Dave Gahan - Deeper And Deeper: Error code: 429 - {'error': {'message': 'Too Many Requests', 'type': 'too_many_requests', 'param': None, 'code': 'too_many_requests'}}
Failed for The Go! Team - Fake Id: Error code: 429 - {'error': {'message': 'Too Many Requests', 'type': 'too_many_requests', 'param': None, 'code': 'too_many_requests'}}
Failed for Yann Tiersen - La Valse D'Amélie (Orchestra Version): Error code: 429 - {'error': {'message': 'Too Many Requests', 'type': 'too_many_requests', 'param': None, 'code': 'too_many_requests'}}
Failed for The Aislers Set - Catherine Says: Error code: 429 - {'error': {'message': 'Too Many Requests', 'type': 'too_many_requests', 'param': None, 'code': 'too_many_requests'}}
Failed for Madonna - Skin: Error code: 429 - {'error': {'message': 'Too Many Requests', 'type': 'too_many_requests', 'param': None, 'code': 'too_many_requests'}}
Failed for Neil Young - I Believe In You: Error code: 429 - {'error': {'message': 'Too Many Requests', 'type': 'too_many_requests', 'param': None, 'code': 'too_many_requests'}}
Failed for Primus - Jerry Was A Race Car Driver: Error code: 429 - {'error': {'message': 'Too Many Requests', 'type': 'too_many_requests', 'param': None, 'code': 'too_many_requests'}}
Failed for Rooney - If It Were Up To Me: Error code: 429 - {'error': {'message': 'Too Many Requests', 'type': 'too_many_requests', 'param': None, 'code': 'too_many_requests'}}
Failed for Metallica - Breadfan: Error code: 429 - {'error': {'message': 'Too Many Requests', 'type': 'too_many_requests', 'param': None, 'code': 'too_many_requests'}}
Failed for Metallica - Carpe Diem Baby: Error code: 429 - {'error': {'message': 'Too Many Requests', 'type': 'too_many_requests', 'param': None, 'code': 'too_many_requests'}}
Failed for Bob Dylan - To Ramona: Error code: 429 - {'error': {'message': 'Too Many Requests', 'type': 'too_many_requests', 'param': None, 'code': 'too_many_requests'}}
Failed for Björk - Isobel (Deodato Mix): Error code: 429 - {'error': {'message': 'Too Many Requests', 'type': 'too_many_requests', 'param': None, 'code': 'too_many_requests'}}
Failed for Johnny Cash - Country Trash: Error code: 429 - {'error': {'message': 'Too Many Requests', 'type': 'too_many_requests', 'param': None, 'code': 'too_many_requests'}}
Failed for Brian Eno & David Byrne - The Jezebel Spirit: Error code: 429 - {'error': {'message': 'Too Many Requests', 'type': 'too_many_requests', 'param': None, 'code': 'too_many_requests'}}
Failed for Foo Fighters - Disenchanted Lullaby: Error code: 429 - {'error': {'message': 'Too Many Requests', 'type': 'too_many_requests', 'param': None, 'code': 'too_many_requests'}}
Failed for Neko Case - Stinging Velvet: Error code: 429 - {'error': {'message': 'Too Many Requests', 'type': 'too_many_requests', 'param': None, 'code': 'too_many_requests'}}
Failed for Yann Tiersen - La Terrasse: Error code: 429 - {'error': {'message': 'Too Many Requests', 'type': 'too_many_requests', 'param': None, 'code': 'too_many_requests'}}
Failed for R.E.M. - Texarkana: Error code: 429 - {'error': {'message': 'Too Many Requests', 'type': 'too_many_requests', 'param': None, 'code': 'too_many_requests'}}
Failed for Erykah Badu - Me: Error code: 429 - {'error': {'message': 'Too Many Requests', 'type': 'too_many_requests', 'param': None, 'code': 'too_many_requests'}}
Failed for Erykah Badu - Sometimes (Mix #9): Error code: 429 - {'error': {'message': 'Too Many Requests', 'type': 'too_many_requests', 'param': None, 'code': 'too_many_requests'}}
Failed for Zwan - Heartsong: Error code: 429 - {'error': {'message': 'Too Many Requests', 'type': 'too_many_requests', 'param': None, 'code': 'too_many_requests'}}
Failed for Astrud Gilberto - Light My Fire: Error code: 429 - {'error': {'message': 'Too Many Requests', 'type': 'too_many_requests', 'param': None, 'code': 'too_many_requests'}}
Failed for Hardcore Superstar - Blood On Me: Error code: 429 - {'error': {'message': 'Too Many Requests', 'type': 'too_many_requests', 'param': None, 'code': 'too_many_requests'}}
Failed for The Goo Goo Dolls - Amigone: Error code: 429 - {'error': {'message': 'Too Many Requests', 'type': 'too_many_requests', 'param': None, 'code': 'too_many_requests'}}
Failed for Flogging Molly - Death Valley Queen: Error code: 429 - {'error': {'message': 'Too Many Requests', 'type': 'too_many_requests', 'param': None, 'code': 'too_many_requests'}}
Failed for Flogging Molly - Seven Deadly Sins: Error code: 429 - {'error': {'message': 'Too Many Requests', 'type': 'too_many_requests', 'param': None, 'code': 'too_many_requests'}}
Failed for Thievery Corporation - Illumination: Error code: 429 - {'error': {'message': 'Too Many Requests', 'type': 'too_many_requests', 'param': None, 'code': 'too_many_requests'}}
Failed for Shpongle - Monster Hit: Error code: 429 - {'error': {'message': 'Too Many Requests', 'type': 'too_many_requests', 'param': None, 'code': 'too_many_requests'}}
Failed for Story Of The Year - Take Me Back: Error code: 429 - {'error': {'message': 'Too Many Requests', 'type': 'too_many_requests', 'param': None, 'code': 'too_many_requests'}}
Failed for The Fiery Furnaces - Mason City: Error code: 429 - {'error': {'message': 'Too Many Requests', 'type': 'too_many_requests', 'param': None, 'code': 'too_many_requests'}}
Failed for The Pussycat Dolls - Hot Stuff (I Want You Back): Error code: 429 - {'error': {'message': 'Too Many Requests', 'type': 'too_many_requests', 'param': None, 'code': 'too_many_requests'}}
Failed for The Fiery Furnaces - Birdie Brain: Error code: 429 - {'error': {'message': 'Too Many Requests', 'type': 'too_many_requests', 'param': None, 'code': 'too_many_requests'}}
Failed for Björk - Cvalda: Error code: 429 - {'error': {'message': 'Too Many Requests', 'type': 'too_many_requests', 'param': None, 'code': 'too_many_requests'}}
Failed for 1200 Micrograms - Dmt: Error code: 429 - {'error': {'message': 'Too Many Requests', 'type': 'too_many_requests', 'param': None, 'code': 'too_many_requests'}}
Failed for Ramones - Blitzkreig Bob: Error code: 429 - {'error': {'message': 'Too Many Requests', 'type': 'too_many_requests', 'param': None, 'code': 'too_many_requests'}}
Failed for Sarah Brightman - Time To Say Goodbye: Error code: 429 - {'error': {'message': 'Too Many Requests', 'type': 'too_many_requests', 'param': None, 'code': 'too_many_requests'}}
Failed for Blind Guardian - Straight Through The Mirror: Error code: 429 - {'error': {'message': 'Too Many Requests', 'type': 'too_many_requests', 'param': None, 'code': 'too_many_requests'}}
Failed for Bob Dylan - Someday Baby: Error code: 429 - {'error': {'message': 'Too Many Requests', 'type': 'too_many_requests', 'param': None, 'code': 'too_many_requests'}}
Failed for The Replacements - Here Comes A Regular: Error code: 429 - {'error': {'message': 'Too Many Requests', 'type': 'too_many_requests', 'param': None, 'code': 'too_many_requests'}}
Failed for Turbonegro - Turbonegro Must Be Destroyed: Error code: 429 - {'error': {'message': 'Too Many Requests', 'type': 'too_many_requests', 'param': None, 'code': 'too_many_requests'}}
Failed for Dragonforce - Storming The Burning Fields: Error code: 429 - {'error': {'message': 'Too Many Requests', 'type': 'too_many_requests', 'param': None, 'code': 'too_many_requests'}}
Failed for Dragonforce - Trail Of Broken Hearts: Error code: 429 - {'error': {'message': 'Too Many Requests', 'type': 'too_many_requests', 'param': None, 'code': 'too_many_requests'}}
Failed for Pidżama Porno - Egzystencjalny Paw: Error code: 429 - {'error': {'message': 'Too Many Requests', 'type': 'too_many_requests', 'param': None, 'code': 'too_many_requests'}}
Failed for Draconian - The Cry Of Silence: Error code: 429 - {'error': {'message': 'Too Many Requests', 'type': 'too_many_requests', 'param': None, 'code': 'too_many_requests'}}
Failed for Turbonegro - You Must Bleed/All Night Long: Error code: 429 - {'error': {'message': 'Too Many Requests', 'type': 'too_many_requests', 'param': None, 'code': 'too_many_requests'}}
Failed for The Zutons - Someone Watching Over Me: Error code: 429 - {'error': {'message': 'Too Many Requests', 'type': 'too_many_requests', 'param': None, 'code': 'too_many_requests'}}
Failed for Dave Armstrong & Redroche - Love Has Gone (Full Vocal Radio Edit): Error code: 429 - {'error': {'message': 'Too Many Requests', 'type': 'too_many_requests', 'param': None, 'code': 'too_many_requests'}}
Failed for Queen - Lazing On A Sunday Afternoon: Error code: 429 - {'error': {'message': 'Too Many Requests', 'type': 'too_many_requests', 'param': None, 'code': 'too_many_requests'}}
Failed for Vnv Nation - Secluded Spaces: Error code: 429 - {'error': {'message': 'Too Many Requests', 'type': 'too_many_requests', 'param': None, 'code': 'too_many_requests'}}
Failed for Jimmy Eat World - Just Watch The Fireworks: Error code: 429 - {'error': {'message': 'Too Many Requests', 'type': 'too_many_requests', 'param': None, 'code': 'too_many_requests'}}
Failed for Pete & The Pirates - Come On Feet: Error code: 429 - {'error': {'message': 'Too Many Requests', 'type': 'too_many_requests', 'param': None, 'code': 'too_many_requests'}}
1000/2988 done
Failed for Akon - Smack That (Feat. Eminem): Error code: 429 - {'error': {'message': 'Too Many Requests', 'type': 'too_many_requests', 'param': None, 'code': 'too_many_requests'}}
Failed for Dzihan & Kamien - Stiff Jazz: Error code: 429 - {'error': {'message': 'Too Many Requests', 'type': 'too_many_requests', 'param': None, 'code': 'too_many_requests'}}
Failed for Strapping Young Lad - You Suck: Error code: 429 - {'error': {'message': 'Too Many Requests', 'type': 'too_many_requests', 'param': None, 'code': 'too_many_requests'}}
Failed for Flo Rida - Elevator (Feat. Timbaland): Error code: 429 - {'error': {'message': 'Too Many Requests', 'type': 'too_many_requests', 'param': None, 'code': 'too_many_requests'}}
Failed for Primal Scream - Damaged: Error code: 429 - {'error': {'message': 'Too Many Requests', 'type': 'too_many_requests', 'param': None, 'code': 'too_many_requests'}}
Failed for The Album Leaf - Twentytwofourteen: Error code: 429 - {'error': {'message': 'Too Many Requests', 'type': 'too_many_requests', 'param': None, 'code': 'too_many_requests'}}
Failed for Bon Iver - Wisconsin: Error code: 429 - {'error': {'message': 'Too Many Requests', 'type': 'too_many_requests', 'param': None, 'code': 'too_many_requests'}}
Failed for Dashboard Confessional - The Places You Have Come To Fear The Most: Error code: 429 - {'error': {'message': 'Too Many Requests', 'type': 'too_many_requests', 'param': None, 'code': 'too_many_requests'}}
Failed for Matisyahu - Time Of Your Song: Error code: 429 - {'error': {'message': 'Too Many Requests', 'type': 'too_many_requests', 'param': None, 'code': 'too_many_requests'}}
Failed for Dashboard Confessional - The Secret'S In The Telling: Error code: 429 - {'error': {'message': 'Too Many Requests', 'type': 'too_many_requests', 'param': None, 'code': 'too_many_requests'}}
Failed for Nick Drake - Been Smoking Too Long: Error code: 429 - {'error': {'message': 'Too Many Requests', 'type': 'too_many_requests', 'param': None, 'code': 'too_many_requests'}}
Failed for Nick Cave & The Bad Seeds - Watching Alice: Error code: 429 - {'error': {'message': 'Too Many Requests', 'type': 'too_many_requests', 'param': None, 'code': 'too_many_requests'}}
Failed for Dropkick Murphys - Sunshine Highway: Error code: 429 - {'error': {'message': 'Too Many Requests', 'type': 'too_many_requests', 'param': None, 'code': 'too_many_requests'}}
Failed for Ministry - Tv Ii: Error code: 429 - {'error': {'message': 'Too Many Requests', 'type': 'too_many_requests', 'param': None, 'code': 'too_many_requests'}}
Failed for Stratovarius - Speed Of Light: Error code: 429 - {'error': {'message': 'Too Many Requests', 'type': 'too_many_requests', 'param': None, 'code': 'too_many_requests'}}
Failed for The Stone Roses - Here It Comes: Error code: 429 - {'error': {'message': 'Too Many Requests', 'type': 'too_many_requests', 'param': None, 'code': 'too_many_requests'}}
Failed for Dizzee Rascal - I Luv U: Error code: 429 - {'error': {'message': 'Too Many Requests', 'type': 'too_many_requests', 'param': None, 'code': 'too_many_requests'}}
Failed for Rihanna - Break It Off (Feat. Sean Paul): Error code: 429 - {'error': {'message': 'Too Many Requests', 'type': 'too_many_requests', 'param': None, 'code': 'too_many_requests'}}
Failed for Bel Canto - Birds Of Passage: Error code: 429 - {'error': {'message': 'Too Many Requests', 'type': 'too_many_requests', 'param': None, 'code': 'too_many_requests'}}
Failed for The Cardigans - Overload: Error code: 429 - {'error': {'message': 'Too Many Requests', 'type': 'too_many_requests', 'param': None, 'code': 'too_many_requests'}}
Failed for Slow Motion Reign - Space: Error code: 429 - {'error': {'message': 'Too Many Requests', 'type': 'too_many_requests', 'param': None, 'code': 'too_many_requests'}}
Failed for Sloan - I'Ve Gotta Try: Error code: 429 - {'error': {'message': 'Too Many Requests', 'type': 'too_many_requests', 'param': None, 'code': 'too_many_requests'}}
Failed for Sébastien Tellier - Roche: Error code: 429 - {'error': {'message': 'Too Many Requests', 'type': 'too_many_requests', 'param': None, 'code': 'too_many_requests'}}
Failed for Melanie C - You Will See: Error code: 429 - {'error': {'message': 'Too Many Requests', 'type': 'too_many_requests', 'param': None, 'code': 'too_many_requests'}}
Failed for Blaqk Audio - Snuff On Digital: Error code: 429 - {'error': {'message': 'Too Many Requests', 'type': 'too_many_requests', 'param': None, 'code': 'too_many_requests'}}
Failed for Hurt - Rapture: Error code: 429 - {'error': {'message': 'Too Many Requests', 'type': 'too_many_requests', 'param': None, 'code': 'too_many_requests'}}
Failed for Hurt - Falls Apart: Error code: 429 - {'error': {'message': 'Too Many Requests', 'type': 'too_many_requests', 'param': None, 'code': 'too_many_requests'}}
Failed for The God Machine - Boy By The Roadside: Error code: 429 - {'error': {'message': 'Too Many Requests', 'type': 'too_many_requests', 'param': None, 'code': 'too_many_requests'}}
Failed for Sonata Arctica - Ain'T Your Fairytale: Error code: 429 - {'error': {'message': 'Too Many Requests', 'type': 'too_many_requests', 'param': None, 'code': 'too_many_requests'}}
Failed for Shout Out Louds - There'S Nothing: Error code: 429 - {'error': {'message': 'Too Many Requests', 'type': 'too_many_requests', 'param': None, 'code': 'too_many_requests'}}
Failed for Josh Ritter - Wolves: Error code: 429 - {'error': {'message': 'Too Many Requests', 'type': 'too_many_requests', 'param': None, 'code': 'too_many_requests'}}
Failed for Shout Out Louds - Suit Yourself: Error code: 429 - {'error': {'message': 'Too Many Requests', 'type': 'too_many_requests', 'param': None, 'code': 'too_many_requests'}}
Failed for Amiina - Sexfaldur: Error code: 429 - {'error': {'message': 'Too Many Requests', 'type': 'too_many_requests', 'param': None, 'code': 'too_many_requests'}}
Failed for Biffy Clyro - A Whole Child Ago: Error code: 429 - {'error': {'message': 'Too Many Requests', 'type': 'too_many_requests', 'param': None, 'code': 'too_many_requests'}}
Failed for Catatonia - Dead From The Waist Down: Error code: 429 - {'error': {'message': 'Too Many Requests', 'type': 'too_many_requests', 'param': None, 'code': 'too_many_requests'}}
Failed for Lovage - Pit Stop (Take Me Home): Error code: 429 - {'error': {'message': 'Too Many Requests', 'type': 'too_many_requests', 'param': None, 'code': 'too_many_requests'}}
Failed for Meshuggah - Mind'S Mirrors: Error code: 429 - {'error': {'message': 'Too Many Requests', 'type': 'too_many_requests', 'param': None, 'code': 'too_many_requests'}}
Failed for Maná - Chaman: Error code: 429 - {'error': {'message': 'Too Many Requests', 'type': 'too_many_requests', 'param': None, 'code': 'too_many_requests'}}
Failed for Ride - Twisterella: Error code: 429 - {'error': {'message': 'Too Many Requests', 'type': 'too_many_requests', 'param': None, 'code': 'too_many_requests'}}
Failed for Paradise Lost - Pray Nightfall: Error code: 429 - {'error': {'message': 'Too Many Requests', 'type': 'too_many_requests', 'param': None, 'code': 'too_many_requests'}}
Failed for Ra Ra Riot - Suspended In Gaffa: Error code: 429 - {'error': {'message': 'Too Many Requests', 'type': 'too_many_requests', 'param': None, 'code': 'too_many_requests'}}
Failed for The Smashing Pumpkins - Tristessa: Error code: 429 - {'error': {'message': 'Too Many Requests', 'type': 'too_many_requests', 'param': None, 'code': 'too_many_requests'}}
Failed for R.E.M. - Tongue: Error code: 429 - {'error': {'message': 'Too Many Requests', 'type': 'too_many_requests', 'param': None, 'code': 'too_many_requests'}}
Failed for The Jimi Hendrix Experience - Little Wing: Error code: 429 - {'error': {'message': 'Too Many Requests', 'type': 'too_many_requests', 'param': None, 'code': 'too_many_requests'}}
Failed for The Jimi Hendrix Experience - Highway Chile: Error code: 429 - {'error': {'message': 'Too Many Requests', 'type': 'too_many_requests', 'param': None, 'code': 'too_many_requests'}}
Failed for Joe Satriani - Theme For A Strange World: Error code: 429 - {'error': {'message': 'Too Many Requests', 'type': 'too_many_requests', 'param': None, 'code': 'too_many_requests'}}
Failed for Susumu Yokota - Wani Natte: Error code: 429 - {'error': {'message': 'Too Many Requests', 'type': 'too_many_requests', 'param': None, 'code': 'too_many_requests'}}
Failed for Joe Satriani - It'S So Good: Error code: 429 - {'error': {'message': 'Too Many Requests', 'type': 'too_many_requests', 'param': None, 'code': 'too_many_requests'}}
Failed for Ronan Keating - When You Say Nothing At All: Error code: 429 - {'error': {'message': 'Too Many Requests', 'type': 'too_many_requests', 'param': None, 'code': 'too_many_requests'}}
Failed for Fun Boy Three - Our Lips Are Sealed: Error code: 429 - {'error': {'message': 'Too Many Requests', 'type': 'too_many_requests', 'param': None, 'code': 'too_many_requests'}}
Failed for Cocteau Twins - Ups: Error code: 429 - {'error': {'message': 'Too Many Requests', 'type': 'too_many_requests', 'param': None, 'code': 'too_many_requests'}}
Failed for Nine Inch Nails - Deep: Error code: 429 - {'error': {'message': 'Too Many Requests', 'type': 'too_many_requests', 'param': None, 'code': 'too_many_requests'}}
Failed for Hadouken! - Liquid Lives (Noisia Remix): Error code: 429 - {'error': {'message': 'Too Many Requests', 'type': 'too_many_requests', 'param': None, 'code': 'too_many_requests'}}
Failed for Ride - Here And Now: Error code: 429 - {'error': {'message': 'Too Many Requests', 'type': 'too_many_requests', 'param': None, 'code': 'too_many_requests'}}
Failed for Placebo - Battle For The Sun: Error code: 429 - {'error': {'message': 'Too Many Requests', 'type': 'too_many_requests', 'param': None, 'code': 'too_many_requests'}}
Failed for Jawbreaker - I Love You So Much It'S Killing Us Both: Error code: 429 - {'error': {'message': 'Too Many Requests', 'type': 'too_many_requests', 'param': None, 'code': 'too_many_requests'}}
Failed for Javine - Touch My Fire: Error code: 429 - {'error': {'message': 'Too Many Requests', 'type': 'too_many_requests', 'param': None, 'code': 'too_many_requests'}}
Failed for Pantera - Regular People (Conceit): Error code: 429 - {'error': {'message': 'Too Many Requests', 'type': 'too_many_requests', 'param': None, 'code': 'too_many_requests'}}
Failed for Moonspell - Everything Invaded: Error code: 429 - {'error': {'message': 'Too Many Requests', 'type': 'too_many_requests', 'param': None, 'code': 'too_many_requests'}}
Failed for Megadeth - Use The Man: Error code: 429 - {'error': {'message': 'Too Many Requests', 'type': 'too_many_requests', 'param': None, 'code': 'too_many_requests'}}
Failed for Nine Inch Nails - 35 Ghosts Iv: Error code: 429 - {'error': {'message': 'Too Many Requests', 'type': 'too_many_requests', 'param': None, 'code': 'too_many_requests'}}
Failed for The Essex Green - Mrs. Bean: Error code: 429 - {'error': {'message': 'Too Many Requests', 'type': 'too_many_requests', 'param': None, 'code': 'too_many_requests'}}
Failed for Razorlight - Who Needs Love: Error code: 429 - {'error': {'message': 'Too Many Requests', 'type': 'too_many_requests', 'param': None, 'code': 'too_many_requests'}}
Failed for Ministry - Hero: Error code: 429 - {'error': {'message': 'Too Many Requests', 'type': 'too_many_requests', 'param': None, 'code': 'too_many_requests'}}
Failed for Ben Folds Five - Fair: Error code: 429 - {'error': {'message': 'Too Many Requests', 'type': 'too_many_requests', 'param': None, 'code': 'too_many_requests'}}
Failed for Imogen Heap - Angry Angel: Error code: 429 - {'error': {'message': 'Too Many Requests', 'type': 'too_many_requests', 'param': None, 'code': 'too_many_requests'}}
Failed for Britney Spears - Over To You Now: Error code: 429 - {'error': {'message': 'Too Many Requests', 'type': 'too_many_requests', 'param': None, 'code': 'too_many_requests'}}
Failed for The Presidents Of The United States Of America - Dune Buggy: Error code: 429 - {'error': {'message': 'Too Many Requests', 'type': 'too_many_requests', 'param': None, 'code': 'too_many_requests'}}
Failed for The Presidents Of The United States Of America - Kick Out The Jams: Error code: 429 - {'error': {'message': 'Too Many Requests', 'type': 'too_many_requests', 'param': None, 'code': 'too_many_requests'}}
Failed for Immortal Technique - The Prophecy: Error code: 429 - {'error': {'message': 'Too Many Requests', 'type': 'too_many_requests', 'param': None, 'code': 'too_many_requests'}}
Failed for Hooverphonic - Autoharp: Error code: 429 - {'error': {'message': 'Too Many Requests', 'type': 'too_many_requests', 'param': None, 'code': 'too_many_requests'}}
Failed for Hooverphonic - Renaissance Affair: Error code: 429 - {'error': {'message': 'Too Many Requests', 'type': 'too_many_requests', 'param': None, 'code': 'too_many_requests'}}
Failed for Hooverphonic - Out Of Tune: Error code: 429 - {'error': {'message': 'Too Many Requests', 'type': 'too_many_requests', 'param': None, 'code': 'too_many_requests'}}
Failed for The Reindeer Section - Grand Parade: Error code: 429 - {'error': {'message': 'Too Many Requests', 'type': 'too_many_requests', 'param': None, 'code': 'too_many_requests'}}
Failed for Brakes - I Can'T Stand To Stand Beside You: Error code: 429 - {'error': {'message': 'Too Many Requests', 'type': 'too_many_requests', 'param': None, 'code': 'too_many_requests'}}
Failed for Beatsteaks - Hello Joe: Error code: 429 - {'error': {'message': 'Too Many Requests', 'type': 'too_many_requests', 'param': None, 'code': 'too_many_requests'}}
Failed for The Beta Band - I Know: Error code: 429 - {'error': {'message': 'Too Many Requests', 'type': 'too_many_requests', 'param': None, 'code': 'too_many_requests'}}
Failed for The Beta Band - Wonderful: Error code: 429 - {'error': {'message': 'Too Many Requests', 'type': 'too_many_requests', 'param': None, 'code': 'too_many_requests'}}
Failed for Sondre Lerche - The Tape: Error code: 429 - {'error': {'message': 'Too Many Requests', 'type': 'too_many_requests', 'param': None, 'code': 'too_many_requests'}}
Failed for The Organ - I Am Not Surprised: Error code: 429 - {'error': {'message': 'Too Many Requests', 'type': 'too_many_requests', 'param': None, 'code': 'too_many_requests'}}
Failed for Bel Canto - Continuum: Error code: 429 - {'error': {'message': 'Too Many Requests', 'type': 'too_many_requests', 'param': None, 'code': 'too_many_requests'}}
Failed for The Chameleons - In Shreds: Error code: 429 - {'error': {'message': 'Too Many Requests', 'type': 'too_many_requests', 'param': None, 'code': 'too_many_requests'}}
Failed for Émilie Simon - Le Vieil Amant: Error code: 429 - {'error': {'message': 'Too Many Requests', 'type': 'too_many_requests', 'param': None, 'code': 'too_many_requests'}}
Failed for Kid Koala - Fender Bender: Error code: 429 - {'error': {'message': 'Too Many Requests', 'type': 'too_many_requests', 'param': None, 'code': 'too_many_requests'}}
Failed for The Fiery Furnaces - Smelling Cigarettes: Error code: 429 - {'error': {'message': 'Too Many Requests', 'type': 'too_many_requests', 'param': None, 'code': 'too_many_requests'}}
Failed for The Fiery Furnaces - Paw Paw Tree: Error code: 429 - {'error': {'message': 'Too Many Requests', 'type': 'too_many_requests', 'param': None, 'code': 'too_many_requests'}}
Failed for 50 Cent - U Not Like Me: Error code: 429 - {'error': {'message': 'Too Many Requests', 'type': 'too_many_requests', 'param': None, 'code': 'too_many_requests'}}
Failed for Cascada - Miracle: Error code: 429 - {'error': {'message': 'Too Many Requests', 'type': 'too_many_requests', 'param': None, 'code': 'too_many_requests'}}
Failed for Gentle Giant - Raconteur Troubadour: Error code: 429 - {'error': {'message': 'Too Many Requests', 'type': 'too_many_requests', 'param': None, 'code': 'too_many_requests'}}
Failed for 1200 Micrograms - Garden Of Eden: Error code: 429 - {'error': {'message': 'Too Many Requests', 'type': 'too_many_requests', 'param': None, 'code': 'too_many_requests'}}
Failed for The All-American Rejects - Happy Endings: Error code: 429 - {'error': {'message': 'Too Many Requests', 'type': 'too_many_requests', 'param': None, 'code': 'too_many_requests'}}
Failed for Aqua - My Oh My: Error code: 429 - {'error': {'message': 'Too Many Requests', 'type': 'too_many_requests', 'param': None, 'code': 'too_many_requests'}}
Failed for The Aliens - Only Waiting: Error code: 429 - {'error': {'message': 'Too Many Requests', 'type': 'too_many_requests', 'param': None, 'code': 'too_many_requests'}}
Failed for Husky Rescue - My World: Error code: 429 - {'error': {'message': 'Too Many Requests', 'type': 'too_many_requests', 'param': None, 'code': 'too_many_requests'}}
Failed for Shearwater - On The Death Of The Waters: Error code: 429 - {'error': {'message': 'Too Many Requests', 'type': 'too_many_requests', 'param': None, 'code': 'too_many_requests'}}
Failed for Cat Stevens - Where Do The Children Play?: Error code: 429 - {'error': {'message': 'Too Many Requests', 'type': 'too_many_requests', 'param': None, 'code': 'too_many_requests'}}
Failed for Ne-Yo - Because Of You (Sunfreakz Remix): Error code: 429 - {'error': {'message': 'Too Many Requests', 'type': 'too_many_requests', 'param': None, 'code': 'too_many_requests'}}
1100/2988 done
Failed for Sussie 4 - Fly: Error code: 429 - {'error': {'message': 'Too Many Requests', 'type': 'too_many_requests', 'param': None, 'code': 'too_many_requests'}}
Failed for Kylie Minogue - More More More: Error code: 429 - {'error': {'message': 'Too Many Requests', 'type': 'too_many_requests', 'param': None, 'code': 'too_many_requests'}}
Failed for Madeleine Peyroux - No More: Error code: 429 - {'error': {'message': 'Too Many Requests', 'type': 'too_many_requests', 'param': None, 'code': 'too_many_requests'}}
Failed for The Everly Brothers - Bye Bye Love: Error code: 429 - {'error': {'message': 'Too Many Requests', 'type': 'too_many_requests', 'param': None, 'code': 'too_many_requests'}}
Failed for Rammstein - Das Modell: Error code: 429 - {'error': {'message': 'Too Many Requests', 'type': 'too_many_requests', 'param': None, 'code': 'too_many_requests'}}
Failed for Sherwood - Song In My Head: Error code: 429 - {'error': {'message': 'Too Many Requests', 'type': 'too_many_requests', 'param': None, 'code': 'too_many_requests'}}
Failed for E Nomine - Nebelpfade: Error code: 429 - {'error': {'message': 'Too Many Requests', 'type': 'too_many_requests', 'param': None, 'code': 'too_many_requests'}}
Failed for Pet Shop Boys - More Than A Dream: Error code: 429 - {'error': {'message': 'Too Many Requests', 'type': 'too_many_requests', 'param': None, 'code': 'too_many_requests'}}
Failed for Mastodon - Joseph Merrick: Error code: 429 - {'error': {'message': 'Too Many Requests', 'type': 'too_many_requests', 'param': None, 'code': 'too_many_requests'}}
Failed for Black Box Recorder - The Facts Of Life: Error code: 429 - {'error': {'message': 'Too Many Requests', 'type': 'too_many_requests', 'param': None, 'code': 'too_many_requests'}}
Failed for E Nomine - Vater Unser: Error code: 429 - {'error': {'message': 'Too Many Requests', 'type': 'too_many_requests', 'param': None, 'code': 'too_many_requests'}}
Failed for Chris Garneau - Saturday: Error code: 429 - {'error': {'message': 'Too Many Requests', 'type': 'too_many_requests', 'param': None, 'code': 'too_many_requests'}}
Failed for Pearl Jam - Evenflow: Error code: 429 - {'error': {'message': 'Too Many Requests', 'type': 'too_many_requests', 'param': None, 'code': 'too_many_requests'}}
Failed for Ane Brun - Where Friend Rhymes With End: Error code: 429 - {'error': {'message': 'Too Many Requests', 'type': 'too_many_requests', 'param': None, 'code': 'too_many_requests'}}
Failed for Morrissey - I Don'T Mind If You Forget Me: Error code: 429 - {'error': {'message': 'Too Many Requests', 'type': 'too_many_requests', 'param': None, 'code': 'too_many_requests'}}
Failed for Johnny Cash - A Boy Named Sue (Live): Error code: 429 - {'error': {'message': 'Too Many Requests', 'type': 'too_many_requests', 'param': None, 'code': 'too_many_requests'}}
Failed for Dream Theater - 6:00: Error code: 429 - {'error': {'message': 'Too Many Requests', 'type': 'too_many_requests', 'param': None, 'code': 'too_many_requests'}}
Failed for Wintersun - Winter Madness: Error code: 429 - {'error': {'message': 'Too Many Requests', 'type': 'too_many_requests', 'param': None, 'code': 'too_many_requests'}}
Failed for M. Ward - Paul'S Song: Error code: 429 - {'error': {'message': 'Too Many Requests', 'type': 'too_many_requests', 'param': None, 'code': 'too_many_requests'}}
Failed for This Mortal Coil - Kangaroo: Error code: 429 - {'error': {'message': 'Too Many Requests', 'type': 'too_many_requests', 'param': None, 'code': 'too_many_requests'}}
Failed for My Darling You! - Please Don'T Talk To Me I Fall In Love So Easily: Error code: 429 - {'error': {'message': 'Too Many Requests', 'type': 'too_many_requests', 'param': None, 'code': 'too_many_requests'}}
Failed for The Lemonheads - Confetti: Error code: 429 - {'error': {'message': 'Too Many Requests', 'type': 'too_many_requests', 'param': None, 'code': 'too_many_requests'}}
Failed for Imogen Heap - Rake It In: Error code: 429 - {'error': {'message': 'Too Many Requests', 'type': 'too_many_requests', 'param': None, 'code': 'too_many_requests'}}
Failed for Paul Mccartney - Mr. Bellamy: Error code: 429 - {'error': {'message': 'Too Many Requests', 'type': 'too_many_requests', 'param': None, 'code': 'too_many_requests'}}
Failed for Wintersun - Battle Against Time: Error code: 429 - {'error': {'message': 'Too Many Requests', 'type': 'too_many_requests', 'param': None, 'code': 'too_many_requests'}}
Failed for Leftfield - Phat Planet: Error code: 429 - {'error': {'message': 'Too Many Requests', 'type': 'too_many_requests', 'param': None, 'code': 'too_many_requests'}}
Failed for Queens Of The Stone Age - You Think I Ain'T Worth A Dollar But I Feel Like A Millionaire: Error code: 429 - {'error': {'message': 'Too Many Requests', 'type': 'too_many_requests', 'param': None, 'code': 'too_many_requests'}}
Failed for 3 Doors Down - Duck And Run: Error code: 429 - {'error': {'message': 'Too Many Requests', 'type': 'too_many_requests', 'param': None, 'code': 'too_many_requests'}}
Failed for Repo! The Genetic Opera - Zydrate Anatomy: Error code: 429 - {'error': {'message': 'Too Many Requests', 'type': 'too_many_requests', 'param': None, 'code': 'too_many_requests'}}
Failed for Counting Crows - A Murder Of One: Error code: 429 - {'error': {'message': 'Too Many Requests', 'type': 'too_many_requests', 'param': None, 'code': 'too_many_requests'}}
Failed for Songs: Ohia - Coxcomb Red: Error code: 429 - {'error': {'message': 'Too Many Requests', 'type': 'too_many_requests', 'param': None, 'code': 'too_many_requests'}}
Failed for Darkthrone - Ravnajuv: Error code: 429 - {'error': {'message': 'Too Many Requests', 'type': 'too_many_requests', 'param': None, 'code': 'too_many_requests'}}
Failed for Darkthrone - Majestic Desolate Eye: Error code: 429 - {'error': {'message': 'Too Many Requests', 'type': 'too_many_requests', 'param': None, 'code': 'too_many_requests'}}
Failed for Children Of Bodom - Silent Scream: Error code: 429 - {'error': {'message': 'Too Many Requests', 'type': 'too_many_requests', 'param': None, 'code': 'too_many_requests'}}
Failed for Darkthrone - Iconoclasm Sweeps Cappadocia: Error code: 429 - {'error': {'message': 'Too Many Requests', 'type': 'too_many_requests', 'param': None, 'code': 'too_many_requests'}}
Failed for Yves Larock - Rise Up (Radio Edit): Error code: 429 - {'error': {'message': 'Too Many Requests', 'type': 'too_many_requests', 'param': None, 'code': 'too_many_requests'}}
Failed for Hooverphonic - Inhaler: Error code: 429 - {'error': {'message': 'Too Many Requests', 'type': 'too_many_requests', 'param': None, 'code': 'too_many_requests'}}
Failed for Yes - Starship Trooper: Error code: 429 - {'error': {'message': 'Too Many Requests', 'type': 'too_many_requests', 'param': None, 'code': 'too_many_requests'}}
Failed for Hawthorne Heights - Pens And Needles: Error code: 429 - {'error': {'message': 'Too Many Requests', 'type': 'too_many_requests', 'param': None, 'code': 'too_many_requests'}}
Failed for Hawthorne Heights - Breathing In Sequence: Error code: 429 - {'error': {'message': 'Too Many Requests', 'type': 'too_many_requests', 'param': None, 'code': 'too_many_requests'}}
Failed for Smog - Let Me See The Colts: Error code: 429 - {'error': {'message': 'Too Many Requests', 'type': 'too_many_requests', 'param': None, 'code': 'too_many_requests'}}
Failed for Pretty Girls Make Graves - The Nocturnal House: Error code: 429 - {'error': {'message': 'Too Many Requests', 'type': 'too_many_requests', 'param': None, 'code': 'too_many_requests'}}
Failed for Manu Chao - Besoin De La Lune: Error code: 429 - {'error': {'message': 'Too Many Requests', 'type': 'too_many_requests', 'param': None, 'code': 'too_many_requests'}}
Failed for Richard Ashcroft - Science Of Silence: Error code: 429 - {'error': {'message': 'Too Many Requests', 'type': 'too_many_requests', 'param': None, 'code': 'too_many_requests'}}
Failed for Christina Aguilera - Makes Me Wanna Pray: Error code: 429 - {'error': {'message': 'Too Many Requests', 'type': 'too_many_requests', 'param': None, 'code': 'too_many_requests'}}
Failed for Disturbed - Intoxication: Error code: 429 - {'error': {'message': 'Too Many Requests', 'type': 'too_many_requests', 'param': None, 'code': 'too_many_requests'}}
Failed for Scar Symmetry - Hybrid Cult: Error code: 429 - {'error': {'message': 'Too Many Requests', 'type': 'too_many_requests', 'param': None, 'code': 'too_many_requests'}}
Failed for Rome - Das Unbedingte: Error code: 429 - {'error': {'message': 'Too Many Requests', 'type': 'too_many_requests', 'param': None, 'code': 'too_many_requests'}}
Failed for Yonderboi - Fairy Of The Lake: Error code: 429 - {'error': {'message': 'Too Many Requests', 'type': 'too_many_requests', 'param': None, 'code': 'too_many_requests'}}
Failed for Everlast - White Trash Beautiful: Error code: 429 - {'error': {'message': 'Too Many Requests', 'type': 'too_many_requests', 'param': None, 'code': 'too_many_requests'}}
Failed for Immortal - Damned In Black: Error code: 429 - {'error': {'message': 'Too Many Requests', 'type': 'too_many_requests', 'param': None, 'code': 'too_many_requests'}}
Failed for The Allman Brothers Band - Blue Sky: Error code: 429 - {'error': {'message': 'Too Many Requests', 'type': 'too_many_requests', 'param': None, 'code': 'too_many_requests'}}
Failed for The Isley Brothers - Summer Breeze: Error code: 429 - {'error': {'message': 'Too Many Requests', 'type': 'too_many_requests', 'param': None, 'code': 'too_many_requests'}}
Failed for M-Flo♥Bennie K - Taste Your Stuff (Happy Drive): Error code: 429 - {'error': {'message': 'Too Many Requests', 'type': 'too_many_requests', 'param': None, 'code': 'too_many_requests'}}
Failed for Kylie Minogue - Nu-Di-Ty: Error code: 429 - {'error': {'message': 'Too Many Requests', 'type': 'too_many_requests', 'param': None, 'code': 'too_many_requests'}}
Failed for The Cool Kids - A Little Bit Cooler: Error code: 429 - {'error': {'message': 'Too Many Requests', 'type': 'too_many_requests', 'param': None, 'code': 'too_many_requests'}}
Failed for Explosions In The Sky - From West Texas: Error code: 429 - {'error': {'message': 'Too Many Requests', 'type': 'too_many_requests', 'param': None, 'code': 'too_many_requests'}}
Failed for Kyle Jennings - Down The River: Error code: 429 - {'error': {'message': 'Too Many Requests', 'type': 'too_many_requests', 'param': None, 'code': 'too_many_requests'}}
Failed for Bonobo - Terrapin (Sonorous Mix): Error code: 429 - {'error': {'message': 'Too Many Requests', 'type': 'too_many_requests', 'param': None, 'code': 'too_many_requests'}}
Failed for John Frusciante - Scratches: Error code: 429 - {'error': {'message': 'Too Many Requests', 'type': 'too_many_requests', 'param': None, 'code': 'too_many_requests'}}
Failed for Kaki King - Jessica: Error code: 429 - {'error': {'message': 'Too Many Requests', 'type': 'too_many_requests', 'param': None, 'code': 'too_many_requests'}}
Failed for Richard Ashcroft - C'Mon People (We'Re Making It Now): Error code: 429 - {'error': {'message': 'Too Many Requests', 'type': 'too_many_requests', 'param': None, 'code': 'too_many_requests'}}
Failed for Dark Tranquillity - Punish My Heaven: Error code: 429 - {'error': {'message': 'Too Many Requests', 'type': 'too_many_requests', 'param': None, 'code': 'too_many_requests'}}
Failed for Dark Tranquillity - Damage Done: Error code: 429 - {'error': {'message': 'Too Many Requests', 'type': 'too_many_requests', 'param': None, 'code': 'too_many_requests'}}
Failed for Placebo - Slackerbitch: Error code: 429 - {'error': {'message': 'Too Many Requests', 'type': 'too_many_requests', 'param': None, 'code': 'too_many_requests'}}
Failed for Judas Priest - Angel: Error code: 429 - {'error': {'message': 'Too Many Requests', 'type': 'too_many_requests', 'param': None, 'code': 'too_many_requests'}}
Failed for The Pigeon Detectives - Caught In Your Trap: Error code: 429 - {'error': {'message': 'Too Many Requests', 'type': 'too_many_requests', 'param': None, 'code': 'too_many_requests'}}
Failed for The Presets - Aeons: Error code: 429 - {'error': {'message': 'Too Many Requests', 'type': 'too_many_requests', 'param': None, 'code': 'too_many_requests'}}
Failed for Outkast - B.O.B.: Error code: 429 - {'error': {'message': 'Too Many Requests', 'type': 'too_many_requests', 'param': None, 'code': 'too_many_requests'}}
Failed for Finntroll - Kyrkovisan: Error code: 429 - {'error': {'message': 'Too Many Requests', 'type': 'too_many_requests', 'param': None, 'code': 'too_many_requests'}}
Failed for Outkast - Rosa Parks: Error code: 429 - {'error': {'message': 'Too Many Requests', 'type': 'too_many_requests', 'param': None, 'code': 'too_many_requests'}}
Failed for Blackmore'S Night - Wish You Were Here: Error code: 429 - {'error': {'message': 'Too Many Requests', 'type': 'too_many_requests', 'param': None, 'code': 'too_many_requests'}}
Failed for Matchbox Twenty - Cold: Error code: 429 - {'error': {'message': 'Too Many Requests', 'type': 'too_many_requests', 'param': None, 'code': 'too_many_requests'}}
Failed for Faith No More - Star A.D.: Error code: 429 - {'error': {'message': 'Too Many Requests', 'type': 'too_many_requests', 'param': None, 'code': 'too_many_requests'}}
Failed for Tracy Chapman - Telling Stories: Error code: 429 - {'error': {'message': 'Too Many Requests', 'type': 'too_many_requests', 'param': None, 'code': 'too_many_requests'}}
Failed for Turisas - One More: Error code: 429 - {'error': {'message': 'Too Many Requests', 'type': 'too_many_requests', 'param': None, 'code': 'too_many_requests'}}
Failed for Joe Strummer & The Mescaleros - Mondo Bongo: Error code: 429 - {'error': {'message': 'Too Many Requests', 'type': 'too_many_requests', 'param': None, 'code': 'too_many_requests'}}
Failed for Nine Inch Nails - 21 Ghosts Iii: Error code: 429 - {'error': {'message': 'Too Many Requests', 'type': 'too_many_requests', 'param': None, 'code': 'too_many_requests'}}
Failed for Ok Go - C-C-C-Cinnamon Lips: Error code: 429 - {'error': {'message': 'Too Many Requests', 'type': 'too_many_requests', 'param': None, 'code': 'too_many_requests'}}
Failed for Grandaddy - Everything Beautiful Is Far Away: Error code: 429 - {'error': {'message': 'Too Many Requests', 'type': 'too_many_requests', 'param': None, 'code': 'too_many_requests'}}
Failed for The Postal Service - We Will Become Silhouettes (Matthew Dear'S Not Scared Mix): Error code: 429 - {'error': {'message': 'Too Many Requests', 'type': 'too_many_requests', 'param': None, 'code': 'too_many_requests'}}
Failed for Los Bunkers - Me Muelen A Palos: Error code: 429 - {'error': {'message': 'Too Many Requests', 'type': 'too_many_requests', 'param': None, 'code': 'too_many_requests'}}
Failed for Patti Smith - Break It Up: Error code: 429 - {'error': {'message': 'Too Many Requests', 'type': 'too_many_requests', 'param': None, 'code': 'too_many_requests'}}
Failed for Supreme Beings Of Leisure - Under The Gun: Error code: 429 - {'error': {'message': 'Too Many Requests', 'type': 'too_many_requests', 'param': None, 'code': 'too_many_requests'}}
Failed for Rachel'S - Moscow Is In The Telephone: Error code: 429 - {'error': {'message': 'Too Many Requests', 'type': 'too_many_requests', 'param': None, 'code': 'too_many_requests'}}
Failed for Cascada - What Hurts The Most (Radio Edit): Error code: 429 - {'error': {'message': 'Too Many Requests', 'type': 'too_many_requests', 'param': None, 'code': 'too_many_requests'}}
Failed for Opeth - Face Of Melinda: Error code: 429 - {'error': {'message': 'Too Many Requests', 'type': 'too_many_requests', 'param': None, 'code': 'too_many_requests'}}
Failed for Opeth - Demon Of The Fall (Live At The Roundhouse): Error code: 429 - {'error': {'message': 'Too Many Requests', 'type': 'too_many_requests', 'param': None, 'code': 'too_many_requests'}}
Failed for In Flames - Scorn: Error code: 429 - {'error': {'message': 'Too Many Requests', 'type': 'too_many_requests', 'param': None, 'code': 'too_many_requests'}}
Failed for Blade Loki - No Pasaran: Error code: 429 - {'error': {'message': 'Too Many Requests', 'type': 'too_many_requests', 'param': None, 'code': 'too_many_requests'}}
Failed for In Flames - Morphing Into Primal: Error code: 429 - {'error': {'message': 'Too Many Requests', 'type': 'too_many_requests', 'param': None, 'code': 'too_many_requests'}}
Failed for Chemistry - アシタヘカエル: Error code: 429 - {'error': {'message': 'Too Many Requests', 'type': 'too_many_requests', 'param': None, 'code': 'too_many_requests'}}
Failed for Set Your Goals - Mutiny!: Error code: 429 - {'error': {'message': 'Too Many Requests', 'type': 'too_many_requests', 'param': None, 'code': 'too_many_requests'}}
Failed for Dark Funeral - The Secrets Of The Black Arts: Error code: 429 - {'error': {'message': 'Too Many Requests', 'type': 'too_many_requests', 'param': None, 'code': 'too_many_requests'}}
Failed for Manu Chao - Bixo: Error code: 429 - {'error': {'message': 'Too Many Requests', 'type': 'too_many_requests', 'param': None, 'code': 'too_many_requests'}}
Failed for Assemblage 23 - Cocoon: Error code: 429 - {'error': {'message': 'Too Many Requests', 'type': 'too_many_requests', 'param': None, 'code': 'too_many_requests'}}
1200/2988 done
Failed for Morrissey - Boxers: Error code: 429 - {'error': {'message': 'Too Many Requests', 'type': 'too_many_requests', 'param': None, 'code': 'too_many_requests'}}
Failed for Morphine - The Saddest Song: Error code: 429 - {'error': {'message': 'Too Many Requests', 'type': 'too_many_requests', 'param': None, 'code': 'too_many_requests'}}
Failed for Ben Folds Five - Smoke: Error code: 429 - {'error': {'message': 'Too Many Requests', 'type': 'too_many_requests', 'param': None, 'code': 'too_many_requests'}}
Failed for Herbert - Movie Star: Error code: 429 - {'error': {'message': 'Too Many Requests', 'type': 'too_many_requests', 'param': None, 'code': 'too_many_requests'}}
Failed for Leftfield - Afrika Shox: Error code: 429 - {'error': {'message': 'Too Many Requests', 'type': 'too_many_requests', 'param': None, 'code': 'too_many_requests'}}
Failed for The Egg - Walking Away (Tocadisco Remix): Error code: 429 - {'error': {'message': 'Too Many Requests', 'type': 'too_many_requests', 'param': None, 'code': 'too_many_requests'}}
Failed for The Eighties Matchbox B-Line Disaster - Celebrate Your Mother: Error code: 429 - {'error': {'message': 'Too Many Requests', 'type': 'too_many_requests', 'param': None, 'code': 'too_many_requests'}}
Failed for Nick Cave & The Bad Seeds - Straight To You: Error code: 429 - {'error': {'message': 'Too Many Requests', 'type': 'too_many_requests', 'param': None, 'code': 'too_many_requests'}}
Failed for Puscifer - Drunk With Power: Error code: 429 - {'error': {'message': 'Too Many Requests', 'type': 'too_many_requests', 'param': None, 'code': 'too_many_requests'}}
Failed for Amos Lee - Arms Of A Woman: Error code: 429 - {'error': {'message': 'Too Many Requests', 'type': 'too_many_requests', 'param': None, 'code': 'too_many_requests'}}
Failed for Xploding Plastix - Happy Jizz Girls: Error code: 429 - {'error': {'message': 'Too Many Requests', 'type': 'too_many_requests', 'param': None, 'code': 'too_many_requests'}}
Failed for Electric Six - I'M The Bomb: Error code: 429 - {'error': {'message': 'Too Many Requests', 'type': 'too_many_requests', 'param': None, 'code': 'too_many_requests'}}
Failed for Electric Six - Naked Pictures (Of Your Mother): Error code: 429 - {'error': {'message': 'Too Many Requests', 'type': 'too_many_requests', 'param': None, 'code': 'too_many_requests'}}
Failed for Morrissey - Certain People I Know: Error code: 429 - {'error': {'message': 'Too Many Requests', 'type': 'too_many_requests', 'param': None, 'code': 'too_many_requests'}}
Failed for Stéphane Pompougnac - Closer To Julie: Error code: 429 - {'error': {'message': 'Too Many Requests', 'type': 'too_many_requests', 'param': None, 'code': 'too_many_requests'}}
Failed for Van Halen - It'S About Time: Error code: 429 - {'error': {'message': 'Too Many Requests', 'type': 'too_many_requests', 'param': None, 'code': 'too_many_requests'}}
Failed for Klaxons - Electrickery: Error code: 429 - {'error': {'message': 'Too Many Requests', 'type': 'too_many_requests', 'param': None, 'code': 'too_many_requests'}}
Failed for Alexandre Desplat - Prologue: Error code: 429 - {'error': {'message': 'Too Many Requests', 'type': 'too_many_requests', 'param': None, 'code': 'too_many_requests'}}
Failed for Broadcast - Arc Of A Journey: Error code: 429 - {'error': {'message': 'Too Many Requests', 'type': 'too_many_requests', 'param': None, 'code': 'too_many_requests'}}
Failed for K.D. Lang - Constant Craving: Error code: 429 - {'error': {'message': 'Too Many Requests', 'type': 'too_many_requests', 'param': None, 'code': 'too_many_requests'}}
Failed for Hypocrisy - Dead Sky Dawning: Error code: 429 - {'error': {'message': 'Too Many Requests', 'type': 'too_many_requests', 'param': None, 'code': 'too_many_requests'}}
Failed for Mylo - Musclecar Reform Reprise: Error code: 429 - {'error': {'message': 'Too Many Requests', 'type': 'too_many_requests', 'param': None, 'code': 'too_many_requests'}}
Failed for Fall Out Boy - Homesick At Space Camp: Error code: 429 - {'error': {'message': 'Too Many Requests', 'type': 'too_many_requests', 'param': None, 'code': 'too_many_requests'}}
Failed for Nas - One Love: Error code: 429 - {'error': {'message': 'Too Many Requests', 'type': 'too_many_requests', 'param': None, 'code': 'too_many_requests'}}
Failed for The Walkmen - Thinking Of A Dream I Had: Error code: 429 - {'error': {'message': 'Too Many Requests', 'type': 'too_many_requests', 'param': None, 'code': 'too_many_requests'}}
Failed for The Stooges - Fun House: Error code: 429 - {'error': {'message': 'Too Many Requests', 'type': 'too_many_requests', 'param': None, 'code': 'too_many_requests'}}
Failed for Death - Painkiller: Error code: 429 - {'error': {'message': 'Too Many Requests', 'type': 'too_many_requests', 'param': None, 'code': 'too_many_requests'}}
Failed for Hello Saferide - I Don'T Sleep Well: Error code: 429 - {'error': {'message': 'Too Many Requests', 'type': 'too_many_requests', 'param': None, 'code': 'too_many_requests'}}
Failed for Judas Priest - You Don'T Have To Be Old To Be Wise: Error code: 429 - {'error': {'message': 'Too Many Requests', 'type': 'too_many_requests', 'param': None, 'code': 'too_many_requests'}}
Failed for The Lightning Seeds - Lucky You: Error code: 429 - {'error': {'message': 'Too Many Requests', 'type': 'too_many_requests', 'param': None, 'code': 'too_many_requests'}}
Failed for Alanis Morissette - Eight Easy Steps: Error code: 429 - {'error': {'message': 'Too Many Requests', 'type': 'too_many_requests', 'param': None, 'code': 'too_many_requests'}}
Failed for Antony And The Johnsons - I Fell In Love With A Dead Boy: Error code: 429 - {'error': {'message': 'Too Many Requests', 'type': 'too_many_requests', 'param': None, 'code': 'too_many_requests'}}
Failed for Helloween - I Want Out: Error code: 429 - {'error': {'message': 'Too Many Requests', 'type': 'too_many_requests', 'param': None, 'code': 'too_many_requests'}}
Failed for Final Fantasy - This Is The Dream Of Win And Regine: Error code: 429 - {'error': {'message': 'Too Many Requests', 'type': 'too_many_requests', 'param': None, 'code': 'too_many_requests'}}
Failed for Kmfdm - Juke Joint Jezebel: Error code: 429 - {'error': {'message': 'Too Many Requests', 'type': 'too_many_requests', 'param': None, 'code': 'too_many_requests'}}
Failed for A-Ha - Velvet: Error code: 429 - {'error': {'message': 'Too Many Requests', 'type': 'too_many_requests', 'param': None, 'code': 'too_many_requests'}}
Failed for Modest Mouse - Make Everyone Happy / Mechanical Birds: Error code: 429 - {'error': {'message': 'Too Many Requests', 'type': 'too_many_requests', 'param': None, 'code': 'too_many_requests'}}
Failed for Vertical Horizon - Forever: Error code: 429 - {'error': {'message': 'Too Many Requests', 'type': 'too_many_requests', 'param': None, 'code': 'too_many_requests'}}
Failed for Dream Theater - Forsaken: Error code: 429 - {'error': {'message': 'Too Many Requests', 'type': 'too_many_requests', 'param': None, 'code': 'too_many_requests'}}
Failed for Rock Kills Kid - Hideaway: Error code: 429 - {'error': {'message': 'Too Many Requests', 'type': 'too_many_requests', 'param': None, 'code': 'too_many_requests'}}
Failed for Pearl Jam - Love Boat Captain: Error code: 429 - {'error': {'message': 'Too Many Requests', 'type': 'too_many_requests', 'param': None, 'code': 'too_many_requests'}}
Failed for Electric Six - Getting Into The Jam: Error code: 429 - {'error': {'message': 'Too Many Requests', 'type': 'too_many_requests', 'param': None, 'code': 'too_many_requests'}}
Failed for M-Flo - DopemanH (Maboroshi Remix): Error code: 429 - {'error': {'message': 'Too Many Requests', 'type': 'too_many_requests', 'param': None, 'code': 'too_many_requests'}}
Failed for X-Ray Spex - Warrior In Woolworths: Error code: 429 - {'error': {'message': 'Too Many Requests', 'type': 'too_many_requests', 'param': None, 'code': 'too_many_requests'}}
Failed for The Pillows - Subhuman: Error code: 429 - {'error': {'message': 'Too Many Requests', 'type': 'too_many_requests', 'param': None, 'code': 'too_many_requests'}}
Failed for Miles Davis - Rocker: Error code: 429 - {'error': {'message': 'Too Many Requests', 'type': 'too_many_requests', 'param': None, 'code': 'too_many_requests'}}
Failed for The Young Knives - In The Pink: Error code: 429 - {'error': {'message': 'Too Many Requests', 'type': 'too_many_requests', 'param': None, 'code': 'too_many_requests'}}
Failed for Bonnie 'Prince' Billy - Even If Love: Error code: 429 - {'error': {'message': 'Too Many Requests', 'type': 'too_many_requests', 'param': None, 'code': 'too_many_requests'}}
Failed for Jim Noir - My Patch: Error code: 429 - {'error': {'message': 'Too Many Requests', 'type': 'too_many_requests', 'param': None, 'code': 'too_many_requests'}}
Failed for Cannibal Corpse - I Cum Blood: Error code: 429 - {'error': {'message': 'Too Many Requests', 'type': 'too_many_requests', 'param': None, 'code': 'too_many_requests'}}
Failed for Damon Albarn - Closet Romantic: Error code: 429 - {'error': {'message': 'Too Many Requests', 'type': 'too_many_requests', 'param': None, 'code': 'too_many_requests'}}
Failed for Weezer - Slob: Error code: 429 - {'error': {'message': 'Too Many Requests', 'type': 'too_many_requests', 'param': None, 'code': 'too_many_requests'}}
Failed for Orbital - Halcyon And On And On: Error code: 429 - {'error': {'message': 'Too Many Requests', 'type': 'too_many_requests', 'param': None, 'code': 'too_many_requests'}}
Failed for Dan Deacon - Wham City: Error code: 429 - {'error': {'message': 'Too Many Requests', 'type': 'too_many_requests', 'param': None, 'code': 'too_many_requests'}}
Failed for Aaliyah - We Need A Resolution: Error code: 429 - {'error': {'message': 'Too Many Requests', 'type': 'too_many_requests', 'param': None, 'code': 'too_many_requests'}}
Failed for Ghostface Killah - Poisonous Darts: Error code: 429 - {'error': {'message': 'Too Many Requests', 'type': 'too_many_requests', 'param': None, 'code': 'too_many_requests'}}
Failed for Bonnie 'Prince' Billy - For Every Field There'S A Mole: Error code: 429 - {'error': {'message': 'Too Many Requests', 'type': 'too_many_requests', 'param': None, 'code': 'too_many_requests'}}
Failed for Richard Ashcroft - Brave New World: Error code: 429 - {'error': {'message': 'Too Many Requests', 'type': 'too_many_requests', 'param': None, 'code': 'too_many_requests'}}
Failed for Guns N' Roses - Sweet Child Of Mine: Error code: 429 - {'error': {'message': 'Too Many Requests', 'type': 'too_many_requests', 'param': None, 'code': 'too_many_requests'}}
Failed for Nancy Sinatra & Lee Hazlewood - You'Ve Lost That Lovin' Feelin': Error code: 429 - {'error': {'message': 'Too Many Requests', 'type': 'too_many_requests', 'param': None, 'code': 'too_many_requests'}}
Failed for Fightstar - Floods: Error code: 429 - {'error': {'message': 'Too Many Requests', 'type': 'too_many_requests', 'param': None, 'code': 'too_many_requests'}}
Failed for Fightstar - Hazy Eyes: Error code: 429 - {'error': {'message': 'Too Many Requests', 'type': 'too_many_requests', 'param': None, 'code': 'too_many_requests'}}
Failed for The Duke Spirit - So Good To Hear: Error code: 429 - {'error': {'message': 'Too Many Requests', 'type': 'too_many_requests', 'param': None, 'code': 'too_many_requests'}}
Failed for Mansun - Fall Out: Error code: 429 - {'error': {'message': 'Too Many Requests', 'type': 'too_many_requests', 'param': None, 'code': 'too_many_requests'}}
Failed for Death - Perennial Quest: Error code: 429 - {'error': {'message': 'Too Many Requests', 'type': 'too_many_requests', 'param': None, 'code': 'too_many_requests'}}
Failed for Red Hot Chili Peppers - Road Trippin: Error code: 429 - {'error': {'message': 'Too Many Requests', 'type': 'too_many_requests', 'param': None, 'code': 'too_many_requests'}}
Failed for Electric Light Orchestra Part Ii - Showdown: Error code: 429 - {'error': {'message': 'Too Many Requests', 'type': 'too_many_requests', 'param': None, 'code': 'too_many_requests'}}
Failed for Mastodon - Oblivion: Error code: 429 - {'error': {'message': 'Too Many Requests', 'type': 'too_many_requests', 'param': None, 'code': 'too_many_requests'}}
Failed for Matthew Dear - Give Me More: Error code: 429 - {'error': {'message': 'Too Many Requests', 'type': 'too_many_requests', 'param': None, 'code': 'too_many_requests'}}
Failed for Mastodon - Thank You For This: Error code: 429 - {'error': {'message': 'Too Many Requests', 'type': 'too_many_requests', 'param': None, 'code': 'too_many_requests'}}
Failed for Constantines - Hotline Operator: Error code: 429 - {'error': {'message': 'Too Many Requests', 'type': 'too_many_requests', 'param': None, 'code': 'too_many_requests'}}
Failed for Max Richter - Horizon Variations: Error code: 429 - {'error': {'message': 'Too Many Requests', 'type': 'too_many_requests', 'param': None, 'code': 'too_many_requests'}}
Failed for Voxtrot - Long Haul: Error code: 429 - {'error': {'message': 'Too Many Requests', 'type': 'too_many_requests', 'param': None, 'code': 'too_many_requests'}}
Failed for The Avalanches - Summer Crane: Error code: 429 - {'error': {'message': 'Too Many Requests', 'type': 'too_many_requests', 'param': None, 'code': 'too_many_requests'}}
Failed for Broadcast - Ddl: Error code: 429 - {'error': {'message': 'Too Many Requests', 'type': 'too_many_requests', 'param': None, 'code': 'too_many_requests'}}
Failed for Sepultura - Troops Of Doom: Error code: 429 - {'error': {'message': 'Too Many Requests', 'type': 'too_many_requests', 'param': None, 'code': 'too_many_requests'}}
Failed for Jack White & Alicia Keys - Another Way To Die: Error code: 429 - {'error': {'message': 'Too Many Requests', 'type': 'too_many_requests', 'param': None, 'code': 'too_many_requests'}}
Failed for Sepultura - Kaiowas: Error code: 429 - {'error': {'message': 'Too Many Requests', 'type': 'too_many_requests', 'param': None, 'code': 'too_many_requests'}}
Failed for Scouting For Girls - She'S So Lovely: Error code: 429 - {'error': {'message': 'Too Many Requests', 'type': 'too_many_requests', 'param': None, 'code': 'too_many_requests'}}
Failed for Mägo De Oz - Requiem: Error code: 429 - {'error': {'message': 'Too Many Requests', 'type': 'too_many_requests', 'param': None, 'code': 'too_many_requests'}}
Failed for Helios - Sons Of Light And Darkness: Error code: 429 - {'error': {'message': 'Too Many Requests', 'type': 'too_many_requests', 'param': None, 'code': 'too_many_requests'}}
Failed for The B-52'S - 52 Girls: Error code: 429 - {'error': {'message': 'Too Many Requests', 'type': 'too_many_requests', 'param': None, 'code': 'too_many_requests'}}
Failed for Patrick Wolf - Running Up That Hill: Error code: 429 - {'error': {'message': 'Too Many Requests', 'type': 'too_many_requests', 'param': None, 'code': 'too_many_requests'}}
Failed for שירי מימון - The Silence That Remains (Israel): Error code: 429 - {'error': {'message': 'Too Many Requests', 'type': 'too_many_requests', 'param': None, 'code': 'too_many_requests'}}
Failed for Dan Deacon - Snake Mistakes: Error code: 429 - {'error': {'message': 'Too Many Requests', 'type': 'too_many_requests', 'param': None, 'code': 'too_many_requests'}}
Failed for Antônio Carlos Jobim - The Girl From Ipanema: Error code: 429 - {'error': {'message': 'Too Many Requests', 'type': 'too_many_requests', 'param': None, 'code': 'too_many_requests'}}
Failed for Chemistry - Now Or Never: Error code: 429 - {'error': {'message': 'Too Many Requests', 'type': 'too_many_requests', 'param': None, 'code': 'too_many_requests'}}
Failed for Sentenced - No More Beating As One: Error code: 429 - {'error': {'message': 'Too Many Requests', 'type': 'too_many_requests', 'param': None, 'code': 'too_many_requests'}}
Failed for Utada - Tippy Toe: Error code: 429 - {'error': {'message': 'Too Many Requests', 'type': 'too_many_requests', 'param': None, 'code': 'too_many_requests'}}
Failed for Utada - Let Me Give You My Love: Error code: 429 - {'error': {'message': 'Too Many Requests', 'type': 'too_many_requests', 'param': None, 'code': 'too_many_requests'}}
Failed for Fatboy Slim - Brimful Of Asha (Cornershop Fbs Remix): Error code: 429 - {'error': {'message': 'Too Many Requests', 'type': 'too_many_requests', 'param': None, 'code': 'too_many_requests'}}
Failed for The Libertines - The Delaney: Error code: 429 - {'error': {'message': 'Too Many Requests', 'type': 'too_many_requests', 'param': None, 'code': 'too_many_requests'}}
Failed for Cansei De Ser Sexy - I Fly: Error code: 429 - {'error': {'message': 'Too Many Requests', 'type': 'too_many_requests', 'param': None, 'code': 'too_many_requests'}}
Failed for Billy Talent - Lies: Error code: 429 - {'error': {'message': 'Too Many Requests', 'type': 'too_many_requests', 'param': None, 'code': 'too_many_requests'}}
Failed for Electrelane - Take The Bit Between Your Teeth: Error code: 429 - {'error': {'message': 'Too Many Requests', 'type': 'too_many_requests', 'param': None, 'code': 'too_many_requests'}}
Failed for Electrelane - This Deed: Error code: 429 - {'error': {'message': 'Too Many Requests', 'type': 'too_many_requests', 'param': None, 'code': 'too_many_requests'}}
1300/2988 done
Failed for Os Mutantes - O Relógio: Error code: 429 - {'error': {'message': 'Too Many Requests', 'type': 'too_many_requests', 'param': None, 'code': 'too_many_requests'}}
Failed for Metallica - Sabbra Cadabra: Error code: 429 - {'error': {'message': 'Too Many Requests', 'type': 'too_many_requests', 'param': None, 'code': 'too_many_requests'}}
Failed for Sentenced - Mourn: Error code: 429 - {'error': {'message': 'Too Many Requests', 'type': 'too_many_requests', 'param': None, 'code': 'too_many_requests'}}
Failed for Daniel Johnston - Walking The Cow: Error code: 429 - {'error': {'message': 'Too Many Requests', 'type': 'too_many_requests', 'param': None, 'code': 'too_many_requests'}}
Failed for ...And You Will Know Us By The Trail Of Dead - The Best: Error code: 429 - {'error': {'message': 'Too Many Requests', 'type': 'too_many_requests', 'param': None, 'code': 'too_many_requests'}}
Failed for Nikki Clan - No Me Digas Que No: Error code: 429 - {'error': {'message': 'Too Many Requests', 'type': 'too_many_requests', 'param': None, 'code': 'too_many_requests'}}
Failed for Constantines - Love In Fear: Error code: 429 - {'error': {'message': 'Too Many Requests', 'type': 'too_many_requests', 'param': None, 'code': 'too_many_requests'}}
Failed for The Magnetic Fields - Three-Way: Error code: 429 - {'error': {'message': 'Too Many Requests', 'type': 'too_many_requests', 'param': None, 'code': 'too_many_requests'}}
Failed for The Magnetic Fields - Too Drunk To Dream: Error code: 429 - {'error': {'message': 'Too Many Requests', 'type': 'too_many_requests', 'param': None, 'code': 'too_many_requests'}}
Failed for The Magnetic Fields - When My Boy Walks Down The Street: Error code: 429 - {'error': {'message': 'Too Many Requests', 'type': 'too_many_requests', 'param': None, 'code': 'too_many_requests'}}
Failed for U2 - Hawkmoon 269: Error code: 429 - {'error': {'message': 'Too Many Requests', 'type': 'too_many_requests', 'param': None, 'code': 'too_many_requests'}}
Failed for The Tough Alliance - Neo Violence: Error code: 429 - {'error': {'message': 'Too Many Requests', 'type': 'too_many_requests', 'param': None, 'code': 'too_many_requests'}}
Failed for Ghosts - Stay The Night: Error code: 429 - {'error': {'message': 'Too Many Requests', 'type': 'too_many_requests', 'param': None, 'code': 'too_many_requests'}}
Failed for T.A.T.U. - Dangerous And Moving: Error code: 429 - {'error': {'message': 'Too Many Requests', 'type': 'too_many_requests', 'param': None, 'code': 'too_many_requests'}}
Failed for Lacuna Coil - Falling Again: Error code: 429 - {'error': {'message': 'Too Many Requests', 'type': 'too_many_requests', 'param': None, 'code': 'too_many_requests'}}
Failed for Bloc Party - Helicopter (Whitey Version): Error code: 429 - {'error': {'message': 'Too Many Requests', 'type': 'too_many_requests', 'param': None, 'code': 'too_many_requests'}}
Failed for And One - You Don'T Love Me Anymore: Error code: 429 - {'error': {'message': 'Too Many Requests', 'type': 'too_many_requests', 'param': None, 'code': 'too_many_requests'}}
Failed for Green Carnation - Maybe?: Error code: 429 - {'error': {'message': 'Too Many Requests', 'type': 'too_many_requests', 'param': None, 'code': 'too_many_requests'}}
Failed for Orchestral Manoeuvres In The Dark - Maid Of Orleans: Error code: 429 - {'error': {'message': 'Too Many Requests', 'type': 'too_many_requests', 'param': None, 'code': 'too_many_requests'}}
Failed for Cat Power - Enough: Error code: 429 - {'error': {'message': 'Too Many Requests', 'type': 'too_many_requests', 'param': None, 'code': 'too_many_requests'}}
Failed for Team Sleep - Natalie Portman: Error code: 429 - {'error': {'message': 'Too Many Requests', 'type': 'too_many_requests', 'param': None, 'code': 'too_many_requests'}}
Failed for At The Drive-In - Ebroglio: Error code: 429 - {'error': {'message': 'Too Many Requests', 'type': 'too_many_requests', 'param': None, 'code': 'too_many_requests'}}
Failed for These New Puritans - Doppelgänger: Error code: 429 - {'error': {'message': 'Too Many Requests', 'type': 'too_many_requests', 'param': None, 'code': 'too_many_requests'}}
Failed for Machine Head - Halo: Error code: 429 - {'error': {'message': 'Too Many Requests', 'type': 'too_many_requests', 'param': None, 'code': 'too_many_requests'}}
Failed for In Flames - Artifacts Of The Black Rain: Error code: 429 - {'error': {'message': 'Too Many Requests', 'type': 'too_many_requests', 'param': None, 'code': 'too_many_requests'}}
Failed for Dinosaur Jr. - Raisans: Error code: 429 - {'error': {'message': 'Too Many Requests', 'type': 'too_many_requests', 'param': None, 'code': 'too_many_requests'}}
Failed for Aphex Twin - Logan Rock Witch: Error code: 429 - {'error': {'message': 'Too Many Requests', 'type': 'too_many_requests', 'param': None, 'code': 'too_many_requests'}}
Failed for Sebadoh - Skull: Error code: 429 - {'error': {'message': 'Too Many Requests', 'type': 'too_many_requests', 'param': None, 'code': 'too_many_requests'}}
Failed for Trentemøller - Always Something Better: Error code: 429 - {'error': {'message': 'Too Many Requests', 'type': 'too_many_requests', 'param': None, 'code': 'too_many_requests'}}
Failed for Fear Factory - Slave Labor: Error code: 429 - {'error': {'message': 'Too Many Requests', 'type': 'too_many_requests', 'param': None, 'code': 'too_many_requests'}}
Failed for Aphex Twin - Btoum-Roumada: Error code: 429 - {'error': {'message': 'Too Many Requests', 'type': 'too_many_requests', 'param': None, 'code': 'too_many_requests'}}
Failed for Aphex Twin - Mookid: Error code: 429 - {'error': {'message': 'Too Many Requests', 'type': 'too_many_requests', 'param': None, 'code': 'too_many_requests'}}
Failed for Cat Power - Good Clean Fun: Error code: 429 - {'error': {'message': 'Too Many Requests', 'type': 'too_many_requests', 'param': None, 'code': 'too_many_requests'}}
Failed for Múm - Schoolsong Misfortune: Error code: 429 - {'error': {'message': 'Too Many Requests', 'type': 'too_many_requests', 'param': None, 'code': 'too_many_requests'}}
Failed for Orchestral Manoeuvres In The Dark - Waiting For The Man: Error code: 429 - {'error': {'message': 'Too Many Requests', 'type': 'too_many_requests', 'param': None, 'code': 'too_many_requests'}}
Failed for Autechre - Montreal: Error code: 429 - {'error': {'message': 'Too Many Requests', 'type': 'too_many_requests', 'param': None, 'code': 'too_many_requests'}}
Failed for Cass Elliot - Make Your Own Kind Of Music: Error code: 429 - {'error': {'message': 'Too Many Requests', 'type': 'too_many_requests', 'param': None, 'code': 'too_many_requests'}}
Failed for Dangerous Muse - Break Up: Error code: 429 - {'error': {'message': 'Too Many Requests', 'type': 'too_many_requests', 'param': None, 'code': 'too_many_requests'}}
Failed for Dangerous Muse - Give Me Danger: Error code: 429 - {'error': {'message': 'Too Many Requests', 'type': 'too_many_requests', 'param': None, 'code': 'too_many_requests'}}
Failed for The Beatles - Honey Don'T: Error code: 429 - {'error': {'message': 'Too Many Requests', 'type': 'too_many_requests', 'param': None, 'code': 'too_many_requests'}}
Failed for Fedo Mora & Camurri - After The Rain: Error code: 429 - {'error': {'message': 'Too Many Requests', 'type': 'too_many_requests', 'param': None, 'code': 'too_many_requests'}}
Failed for Amorphis - Crimson Wave: Error code: 429 - {'error': {'message': 'Too Many Requests', 'type': 'too_many_requests', 'param': None, 'code': 'too_many_requests'}}
Failed for Bel Canto - The Dinosaur-Slipper-Man: Error code: 429 - {'error': {'message': 'Too Many Requests', 'type': 'too_many_requests', 'param': None, 'code': 'too_many_requests'}}
Failed for Freeland - We Want Your Soul: Error code: 429 - {'error': {'message': 'Too Many Requests', 'type': 'too_many_requests', 'param': None, 'code': 'too_many_requests'}}
Failed for Iron Maiden - Flash Of The Blade: Error code: 429 - {'error': {'message': 'Too Many Requests', 'type': 'too_many_requests', 'param': None, 'code': 'too_many_requests'}}
Failed for Amorphis - Forever More: Error code: 429 - {'error': {'message': 'Too Many Requests', 'type': 'too_many_requests', 'param': None, 'code': 'too_many_requests'}}
Failed for Amorphis - Far From The Sun: Error code: 429 - {'error': {'message': 'Too Many Requests', 'type': 'too_many_requests', 'param': None, 'code': 'too_many_requests'}}
Failed for Pink Floyd - One Slip: Error code: 429 - {'error': {'message': 'Too Many Requests', 'type': 'too_many_requests', 'param': None, 'code': 'too_many_requests'}}
Failed for Nightwish - Two For Tragedy: Error code: 429 - {'error': {'message': 'Too Many Requests', 'type': 'too_many_requests', 'param': None, 'code': 'too_many_requests'}}
Failed for Misfits - Spinal Remains: Error code: 429 - {'error': {'message': 'Too Many Requests', 'type': 'too_many_requests', 'param': None, 'code': 'too_many_requests'}}
Failed for Freeland - Mind Killer: Error code: 429 - {'error': {'message': 'Too Many Requests', 'type': 'too_many_requests', 'param': None, 'code': 'too_many_requests'}}
Failed for Curtis Mayfield - Pusherman: Error code: 429 - {'error': {'message': 'Too Many Requests', 'type': 'too_many_requests', 'param': None, 'code': 'too_many_requests'}}
Failed for Slayer - Bitter Peace: Error code: 429 - {'error': {'message': 'Too Many Requests', 'type': 'too_many_requests', 'param': None, 'code': 'too_many_requests'}}
Failed for The Brian Jonestown Massacre - All Around You (Intro): Error code: 429 - {'error': {'message': 'Too Many Requests', 'type': 'too_many_requests', 'param': None, 'code': 'too_many_requests'}}
Failed for Within Temptation - Candles: Error code: 429 - {'error': {'message': 'Too Many Requests', 'type': 'too_many_requests', 'param': None, 'code': 'too_many_requests'}}
Failed for Bel Canto - Paradise: Error code: 429 - {'error': {'message': 'Too Many Requests', 'type': 'too_many_requests', 'param': None, 'code': 'too_many_requests'}}
Failed for Bel Canto - Oyster: Error code: 429 - {'error': {'message': 'Too Many Requests', 'type': 'too_many_requests', 'param': None, 'code': 'too_many_requests'}}
Failed for Slagsmålsklubben - Övningsköra: Error code: 429 - {'error': {'message': 'Too Many Requests', 'type': 'too_many_requests', 'param': None, 'code': 'too_many_requests'}}
Failed for Tenacious D - City Hall: Error code: 429 - {'error': {'message': 'Too Many Requests', 'type': 'too_many_requests', 'param': None, 'code': 'too_many_requests'}}
Failed for Rufus Wainwright - Everybody Knows: Error code: 429 - {'error': {'message': 'Too Many Requests', 'type': 'too_many_requests', 'param': None, 'code': 'too_many_requests'}}
Failed for Ali Project - Yuukyou Seishunka: Error code: 429 - {'error': {'message': 'Too Many Requests', 'type': 'too_many_requests', 'param': None, 'code': 'too_many_requests'}}
Failed for Mr. Bungle - Slowly Growing Deaf: Error code: 429 - {'error': {'message': 'Too Many Requests', 'type': 'too_many_requests', 'param': None, 'code': 'too_many_requests'}}
Failed for St. Germain - Land Of...: Error code: 429 - {'error': {'message': 'Too Many Requests', 'type': 'too_many_requests', 'param': None, 'code': 'too_many_requests'}}
Failed for Depeche Mode - Miles Away/The Truth Is: Error code: 429 - {'error': {'message': 'Too Many Requests', 'type': 'too_many_requests', 'param': None, 'code': 'too_many_requests'}}
Failed for Cassius - Rock Number One: Error code: 429 - {'error': {'message': 'Too Many Requests', 'type': 'too_many_requests', 'param': None, 'code': 'too_many_requests'}}
Failed for Mae - Soundtrack For Our Movie: Error code: 429 - {'error': {'message': 'Too Many Requests', 'type': 'too_many_requests', 'param': None, 'code': 'too_many_requests'}}
Failed for Broken Social Scene - Time = Cause: Error code: 429 - {'error': {'message': 'Too Many Requests', 'type': 'too_many_requests', 'param': None, 'code': 'too_many_requests'}}
Failed for And One - Life To Lose: Error code: 429 - {'error': {'message': 'Too Many Requests', 'type': 'too_many_requests', 'param': None, 'code': 'too_many_requests'}}
Failed for Michael Nyman - The Scent Of Love: Error code: 429 - {'error': {'message': 'Too Many Requests', 'type': 'too_many_requests', 'param': None, 'code': 'too_many_requests'}}
Failed for Live - Sun: Error code: 429 - {'error': {'message': 'Too Many Requests', 'type': 'too_many_requests', 'param': None, 'code': 'too_many_requests'}}
Failed for Lacuna Coil - To Live Is To Hide: Error code: 429 - {'error': {'message': 'Too Many Requests', 'type': 'too_many_requests', 'param': None, 'code': 'too_many_requests'}}
Failed for This Will Destroy You - They Move On Tracks Of Never-Ending Light: Error code: 429 - {'error': {'message': 'Too Many Requests', 'type': 'too_many_requests', 'param': None, 'code': 'too_many_requests'}}
Failed for Tenacious D - Drive-Thru: Error code: 429 - {'error': {'message': 'Too Many Requests', 'type': 'too_many_requests', 'param': None, 'code': 'too_many_requests'}}
Failed for Sum 41 - Mr. Amsterdam: Error code: 429 - {'error': {'message': 'Too Many Requests', 'type': 'too_many_requests', 'param': None, 'code': 'too_many_requests'}}
Failed for The Sounds - Riot: Error code: 429 - {'error': {'message': 'Too Many Requests', 'type': 'too_many_requests', 'param': None, 'code': 'too_many_requests'}}
Failed for Great Lake Swimmers - Song For The Angels: Error code: 429 - {'error': {'message': 'Too Many Requests', 'type': 'too_many_requests', 'param': None, 'code': 'too_many_requests'}}
Failed for Manic Street Preachers - The Girl Who Wanted To Be God: Error code: 429 - {'error': {'message': 'Too Many Requests', 'type': 'too_many_requests', 'param': None, 'code': 'too_many_requests'}}
Failed for Zero 7 - Waiting To Die: Error code: 429 - {'error': {'message': 'Too Many Requests', 'type': 'too_many_requests', 'param': None, 'code': 'too_many_requests'}}
Failed for Heaven 17 - Let Me Go: Error code: 429 - {'error': {'message': 'Too Many Requests', 'type': 'too_many_requests', 'param': None, 'code': 'too_many_requests'}}
Failed for Sun Kil Moon - Jesus Christ Was An Only Child: Error code: 429 - {'error': {'message': 'Too Many Requests', 'type': 'too_many_requests', 'param': None, 'code': 'too_many_requests'}}
Failed for Sun Kil Moon - Exit Does Not Exist: Error code: 429 - {'error': {'message': 'Too Many Requests', 'type': 'too_many_requests', 'param': None, 'code': 'too_many_requests'}}
Failed for Lacuna Coil - The Prophet Said: Error code: 429 - {'error': {'message': 'Too Many Requests', 'type': 'too_many_requests', 'param': None, 'code': 'too_many_requests'}}
Failed for Sun Kil Moon - Grey Ice Water: Error code: 429 - {'error': {'message': 'Too Many Requests', 'type': 'too_many_requests', 'param': None, 'code': 'too_many_requests'}}
Failed for The Specials - Nite Klub: Error code: 429 - {'error': {'message': 'Too Many Requests', 'type': 'too_many_requests', 'param': None, 'code': 'too_many_requests'}}
Failed for Sonic Youth - Purr: Error code: 429 - {'error': {'message': 'Too Many Requests', 'type': 'too_many_requests', 'param': None, 'code': 'too_many_requests'}}
Failed for Sugarcult - Pretty Girl (The Way): Error code: 429 - {'error': {'message': 'Too Many Requests', 'type': 'too_many_requests', 'param': None, 'code': 'too_many_requests'}}
Failed for Just Jack - I Talk Too Much: Error code: 429 - {'error': {'message': 'Too Many Requests', 'type': 'too_many_requests', 'param': None, 'code': 'too_many_requests'}}
Failed for N.W.A - Fuck Tha Police: Error code: 429 - {'error': {'message': 'Too Many Requests', 'type': 'too_many_requests', 'param': None, 'code': 'too_many_requests'}}
Failed for The Wrens - This Boy Is Exhausted: Error code: 429 - {'error': {'message': 'Too Many Requests', 'type': 'too_many_requests', 'param': None, 'code': 'too_many_requests'}}
Failed for The Killers - Forget About What I Said: Error code: 429 - {'error': {'message': 'Too Many Requests', 'type': 'too_many_requests', 'param': None, 'code': 'too_many_requests'}}
Failed for The Wrens - She Sends Kisses: Error code: 429 - {'error': {'message': 'Too Many Requests', 'type': 'too_many_requests', 'param': None, 'code': 'too_many_requests'}}
1400/2988 done
Failed for Nightmares On Wax - Deepdown: Error code: 429 - {'error': {'message': 'Too Many Requests', 'type': 'too_many_requests', 'param': None, 'code': 'too_many_requests'}}
Failed for Dido - Look No Further: Error code: 429 - {'error': {'message': 'Too Many Requests', 'type': 'too_many_requests', 'param': None, 'code': 'too_many_requests'}}
Failed for Autechre - Io: Error code: 429 - {'error': {'message': 'Too Many Requests', 'type': 'too_many_requests', 'param': None, 'code': 'too_many_requests'}}
Failed for Dir En Grey - Cage: Error code: 429 - {'error': {'message': 'Too Many Requests', 'type': 'too_many_requests', 'param': None, 'code': 'too_many_requests'}}
Failed for Justin Timberlake - Chop Me Up: Error code: 429 - {'error': {'message': 'Too Many Requests', 'type': 'too_many_requests', 'param': None, 'code': 'too_many_requests'}}
Failed for Apocalyptica - Creeping Death: Error code: 429 - {'error': {'message': 'Too Many Requests', 'type': 'too_many_requests', 'param': None, 'code': 'too_many_requests'}}
Failed for Apocalyptica - Cortége: Error code: 429 - {'error': {'message': 'Too Many Requests', 'type': 'too_many_requests', 'param': None, 'code': 'too_many_requests'}}
Failed for Mägo De Oz - Noche Toledana: Error code: 429 - {'error': {'message': 'Too Many Requests', 'type': 'too_many_requests', 'param': None, 'code': 'too_many_requests'}}
Failed for Lauryn Hill - Can'T Take My Eyes Off Of You: Error code: 429 - {'error': {'message': 'Too Many Requests', 'type': 'too_many_requests', 'param': None, 'code': 'too_many_requests'}}
Failed for The Beach Boys - Surfin' U.S.A.: Error code: 429 - {'error': {'message': 'Too Many Requests', 'type': 'too_many_requests', 'param': None, 'code': 'too_many_requests'}}
Failed for The Dandy Warhols - Ride: Error code: 429 - {'error': {'message': 'Too Many Requests', 'type': 'too_many_requests', 'param': None, 'code': 'too_many_requests'}}
Failed for Metallica - Purify: Error code: 429 - {'error': {'message': 'Too Many Requests', 'type': 'too_many_requests', 'param': None, 'code': 'too_many_requests'}}
Failed for Alanis Morissette - Versions Of Violence: Error code: 429 - {'error': {'message': 'Too Many Requests', 'type': 'too_many_requests', 'param': None, 'code': 'too_many_requests'}}
Failed for Anberlin - The Runaways: Error code: 429 - {'error': {'message': 'Too Many Requests', 'type': 'too_many_requests', 'param': None, 'code': 'too_many_requests'}}
Failed for Metallica - The Unnamed Feeling: Error code: 429 - {'error': {'message': 'Too Many Requests', 'type': 'too_many_requests', 'param': None, 'code': 'too_many_requests'}}
Failed for Jacques Brel - Ne Me Quitte Pas: Error code: 429 - {'error': {'message': 'Too Many Requests', 'type': 'too_many_requests', 'param': None, 'code': 'too_many_requests'}}
Failed for Timbaland - Miscommunication (Feat. Keri Hilson & Sebastian): Error code: 429 - {'error': {'message': 'Too Many Requests', 'type': 'too_many_requests', 'param': None, 'code': 'too_many_requests'}}
Failed for Ferry Corsten - Rock Your Body Rock: Error code: 429 - {'error': {'message': 'Too Many Requests', 'type': 'too_many_requests', 'param': None, 'code': 'too_many_requests'}}
Failed for Jethro Tull - My God: Error code: 429 - {'error': {'message': 'Too Many Requests', 'type': 'too_many_requests', 'param': None, 'code': 'too_many_requests'}}
Failed for Sneaker Pimps - 6 Underground (Nellee Hooper Edit): Error code: 429 - {'error': {'message': 'Too Many Requests', 'type': 'too_many_requests', 'param': None, 'code': 'too_many_requests'}}
Failed for Christina Aguilera - Can'T Hold Us Down: Error code: 429 - {'error': {'message': 'Too Many Requests', 'type': 'too_many_requests', 'param': None, 'code': 'too_many_requests'}}
Failed for U2 - Mofo: Error code: 429 - {'error': {'message': 'Too Many Requests', 'type': 'too_many_requests', 'param': None, 'code': 'too_many_requests'}}
Failed for Christina Aguilera - Back In The Day: Error code: 429 - {'error': {'message': 'Too Many Requests', 'type': 'too_many_requests', 'param': None, 'code': 'too_many_requests'}}
Failed for Thurston Moore - The Shape Is In A Trance: Error code: 429 - {'error': {'message': 'Too Many Requests', 'type': 'too_many_requests', 'param': None, 'code': 'too_many_requests'}}
Failed for Wilco - Cars Can'T Escape: Error code: 429 - {'error': {'message': 'Too Many Requests', 'type': 'too_many_requests', 'param': None, 'code': 'too_many_requests'}}
Failed for Backyard Babies - I Love To Roll: Error code: 429 - {'error': {'message': 'Too Many Requests', 'type': 'too_many_requests', 'param': None, 'code': 'too_many_requests'}}
Failed for Los Bunkers - Llueve Sobre La Ciudad: Error code: 429 - {'error': {'message': 'Too Many Requests', 'type': 'too_many_requests', 'param': None, 'code': 'too_many_requests'}}
Failed for Marillion - Hooks In You: Error code: 429 - {'error': {'message': 'Too Many Requests', 'type': 'too_many_requests', 'param': None, 'code': 'too_many_requests'}}
Failed for Animal Collective - Prospect Hummer: Error code: 429 - {'error': {'message': 'Too Many Requests', 'type': 'too_many_requests', 'param': None, 'code': 'too_many_requests'}}
Failed for The Streets - Stay Positive: Error code: 429 - {'error': {'message': 'Too Many Requests', 'type': 'too_many_requests', 'param': None, 'code': 'too_many_requests'}}
Failed for Yes - Siberian Khatru: Error code: 429 - {'error': {'message': 'Too Many Requests', 'type': 'too_many_requests', 'param': None, 'code': 'too_many_requests'}}
Failed for Pearl Jam - Sleight Of Hand: Error code: 429 - {'error': {'message': 'Too Many Requests', 'type': 'too_many_requests', 'param': None, 'code': 'too_many_requests'}}
Failed for Nine Inch Nails - 32 Ghosts Iv: Error code: 429 - {'error': {'message': 'Too Many Requests', 'type': 'too_many_requests', 'param': None, 'code': 'too_many_requests'}}
Failed for At The Gates - Need: Error code: 429 - {'error': {'message': 'Too Many Requests', 'type': 'too_many_requests', 'param': None, 'code': 'too_many_requests'}}
Failed for Morphine - Thursday: Error code: 429 - {'error': {'message': 'Too Many Requests', 'type': 'too_many_requests', 'param': None, 'code': 'too_many_requests'}}
Failed for Gza/Genius - Living In The World Today: Error code: 429 - {'error': {'message': 'Too Many Requests', 'type': 'too_many_requests', 'param': None, 'code': 'too_many_requests'}}
Failed for Robyn - Robotboy: Error code: 429 - {'error': {'message': 'Too Many Requests', 'type': 'too_many_requests', 'param': None, 'code': 'too_many_requests'}}
Failed for Lene Marlin - Sitting Down Here: Error code: 429 - {'error': {'message': 'Too Many Requests', 'type': 'too_many_requests', 'param': None, 'code': 'too_many_requests'}}
Failed for Melanie C - Something'S Gonna Happen: Error code: 429 - {'error': {'message': 'Too Many Requests', 'type': 'too_many_requests', 'param': None, 'code': 'too_many_requests'}}
Failed for The Hives - Square One Here I Come: Error code: 429 - {'error': {'message': 'Too Many Requests', 'type': 'too_many_requests', 'param': None, 'code': 'too_many_requests'}}
Failed for We Are Scientists - That'S What Counts: Error code: 429 - {'error': {'message': 'Too Many Requests', 'type': 'too_many_requests', 'param': None, 'code': 'too_many_requests'}}
Failed for 3 Doors Down - The Real Life: Error code: 429 - {'error': {'message': 'Too Many Requests', 'type': 'too_many_requests', 'param': None, 'code': 'too_many_requests'}}
Failed for Morphine - All Wrong: Error code: 429 - {'error': {'message': 'Too Many Requests', 'type': 'too_many_requests', 'param': None, 'code': 'too_many_requests'}}
Failed for Electric President - Insomnia: Error code: 429 - {'error': {'message': 'Too Many Requests', 'type': 'too_many_requests', 'param': None, 'code': 'too_many_requests'}}
Failed for Electric Light Orchestra Part Ii - Hold On Tight: Error code: 429 - {'error': {'message': 'Too Many Requests', 'type': 'too_many_requests', 'param': None, 'code': 'too_many_requests'}}
Failed for Electric Light Orchestra Part Ii - Can'T Get It Out Of My Head: Error code: 429 - {'error': {'message': 'Too Many Requests', 'type': 'too_many_requests', 'param': None, 'code': 'too_many_requests'}}
Failed for Morcheeba - Moog Island: Error code: 429 - {'error': {'message': 'Too Many Requests', 'type': 'too_many_requests', 'param': None, 'code': 'too_many_requests'}}
Failed for Death - Flesh And The Power It Holds: Error code: 429 - {'error': {'message': 'Too Many Requests', 'type': 'too_many_requests', 'param': None, 'code': 'too_many_requests'}}
Failed for Robots In Disguise - Mirror Mirror: Error code: 429 - {'error': {'message': 'Too Many Requests', 'type': 'too_many_requests', 'param': None, 'code': 'too_many_requests'}}
Failed for Phoenix - Definitive Breaks: Error code: 429 - {'error': {'message': 'Too Many Requests', 'type': 'too_many_requests', 'param': None, 'code': 'too_many_requests'}}
Failed for The Music - Cessation: Error code: 429 - {'error': {'message': 'Too Many Requests', 'type': 'too_many_requests', 'param': None, 'code': 'too_many_requests'}}
Failed for The Music - Drugs: Error code: 429 - {'error': {'message': 'Too Many Requests', 'type': 'too_many_requests', 'param': None, 'code': 'too_many_requests'}}
Failed for U2 - Acrobat: Error code: 429 - {'error': {'message': 'Too Many Requests', 'type': 'too_many_requests', 'param': None, 'code': 'too_many_requests'}}
Failed for A-Ha - Lifelines: Error code: 429 - {'error': {'message': 'Too Many Requests', 'type': 'too_many_requests', 'param': None, 'code': 'too_many_requests'}}
Failed for Veruca Salt - Seether: Error code: 429 - {'error': {'message': 'Too Many Requests', 'type': 'too_many_requests', 'param': None, 'code': 'too_many_requests'}}
Failed for Ellen Allien - Secret: Error code: 429 - {'error': {'message': 'Too Many Requests', 'type': 'too_many_requests', 'param': None, 'code': 'too_many_requests'}}
Failed for Ellen Allien - Ghost Train: Error code: 429 - {'error': {'message': 'Too Many Requests', 'type': 'too_many_requests', 'param': None, 'code': 'too_many_requests'}}
Failed for Fujiya & Miyagi - Uh: Error code: 429 - {'error': {'message': 'Too Many Requests', 'type': 'too_many_requests', 'param': None, 'code': 'too_many_requests'}}
Failed for Brian Eno - Sombre Reptiles: Error code: 429 - {'error': {'message': 'Too Many Requests', 'type': 'too_many_requests', 'param': None, 'code': 'too_many_requests'}}
Failed for Morrissey - Our Frank: Error code: 429 - {'error': {'message': 'Too Many Requests', 'type': 'too_many_requests', 'param': None, 'code': 'too_many_requests'}}
Failed for Morrissey - One Day Goodbye Will Be Farewell: Error code: 429 - {'error': {'message': 'Too Many Requests', 'type': 'too_many_requests', 'param': None, 'code': 'too_many_requests'}}
Failed for Ane Brun - Rubber & Soul: Error code: 429 - {'error': {'message': 'Too Many Requests', 'type': 'too_many_requests', 'param': None, 'code': 'too_many_requests'}}
Failed for Crime In Stereo - Compass And Square: Error code: 429 - {'error': {'message': 'Too Many Requests', 'type': 'too_many_requests', 'param': None, 'code': 'too_many_requests'}}
Failed for Madonna - Nobody Knows Me: Error code: 429 - {'error': {'message': 'Too Many Requests', 'type': 'too_many_requests', 'param': None, 'code': 'too_many_requests'}}
Failed for The Mountain Goats - Palmcorder Yajna: Error code: 429 - {'error': {'message': 'Too Many Requests', 'type': 'too_many_requests', 'param': None, 'code': 'too_many_requests'}}
Failed for The Rembrandts - I'Ll Be There For You: Error code: 429 - {'error': {'message': 'Too Many Requests', 'type': 'too_many_requests', 'param': None, 'code': 'too_many_requests'}}
Failed for The Charlatans - You Cross My Path: Error code: 429 - {'error': {'message': 'Too Many Requests', 'type': 'too_many_requests', 'param': None, 'code': 'too_many_requests'}}
Failed for Go-Go'S - We Got The Beat: Error code: 429 - {'error': {'message': 'Too Many Requests', 'type': 'too_many_requests', 'param': None, 'code': 'too_many_requests'}}
Failed for Reagan Youth - New Aryans: Error code: 429 - {'error': {'message': 'Too Many Requests', 'type': 'too_many_requests', 'param': None, 'code': 'too_many_requests'}}
Failed for Small Faces - Happiness Stan: Error code: 429 - {'error': {'message': 'Too Many Requests', 'type': 'too_many_requests', 'param': None, 'code': 'too_many_requests'}}
Failed for Slumber - Conflict: Error code: 429 - {'error': {'message': 'Too Many Requests', 'type': 'too_many_requests', 'param': None, 'code': 'too_many_requests'}}
Failed for Teenagersintokyo - Death Rides A Horse: Error code: 429 - {'error': {'message': 'Too Many Requests', 'type': 'too_many_requests', 'param': None, 'code': 'too_many_requests'}}
Failed for Hooverphonic - Out Of Sight: Error code: 429 - {'error': {'message': 'Too Many Requests', 'type': 'too_many_requests', 'param': None, 'code': 'too_many_requests'}}
Failed for Korn - Reclaim My Place: Error code: 429 - {'error': {'message': 'Too Many Requests', 'type': 'too_many_requests', 'param': None, 'code': 'too_many_requests'}}
Failed for Brian Eno - The True Wheel: Error code: 429 - {'error': {'message': 'Too Many Requests', 'type': 'too_many_requests', 'param': None, 'code': 'too_many_requests'}}
Failed for G-Spot Radio Version - N-R-G: Error code: 429 - {'error': {'message': 'Too Many Requests', 'type': 'too_many_requests', 'param': None, 'code': 'too_many_requests'}}
Failed for Funker Vogt - Under Deck (Beborn Beton Remix): Error code: 429 - {'error': {'message': 'Too Many Requests', 'type': 'too_many_requests', 'param': None, 'code': 'too_many_requests'}}
Failed for Red Hot Chili Peppers - Havana Affair: Error code: 429 - {'error': {'message': 'Too Many Requests', 'type': 'too_many_requests', 'param': None, 'code': 'too_many_requests'}}
Failed for Creed - What If: Error code: 429 - {'error': {'message': 'Too Many Requests', 'type': 'too_many_requests', 'param': None, 'code': 'too_many_requests'}}
Failed for Bent - Magic Love: Error code: 429 - {'error': {'message': 'Too Many Requests', 'type': 'too_many_requests', 'param': None, 'code': 'too_many_requests'}}
Failed for Marilyn Manson - In The Shadow Of The Valley Of Death: Error code: 429 - {'error': {'message': 'Too Many Requests', 'type': 'too_many_requests', 'param': None, 'code': 'too_many_requests'}}
Failed for The Cranberries - Never Grow Old: Error code: 429 - {'error': {'message': 'Too Many Requests', 'type': 'too_many_requests', 'param': None, 'code': 'too_many_requests'}}
Failed for Elastica - Blue: Error code: 429 - {'error': {'message': 'Too Many Requests', 'type': 'too_many_requests', 'param': None, 'code': 'too_many_requests'}}
Failed for Elastica - S.O.F.T.: Error code: 429 - {'error': {'message': 'Too Many Requests', 'type': 'too_many_requests', 'param': None, 'code': 'too_many_requests'}}
Failed for The Delgados - I Fought The Angels: Error code: 429 - {'error': {'message': 'Too Many Requests', 'type': 'too_many_requests', 'param': None, 'code': 'too_many_requests'}}
Failed for Kettcar - Ich Danke Der Academy: Error code: 429 - {'error': {'message': 'Too Many Requests', 'type': 'too_many_requests', 'param': None, 'code': 'too_many_requests'}}
Failed for Jarvis Cocker - Big Julie: Error code: 429 - {'error': {'message': 'Too Many Requests', 'type': 'too_many_requests', 'param': None, 'code': 'too_many_requests'}}
Failed for The Psychedelic Furs - Dumb Waiters: Error code: 429 - {'error': {'message': 'Too Many Requests', 'type': 'too_many_requests', 'param': None, 'code': 'too_many_requests'}}
Failed for Slipknot - Vendetta: Error code: 429 - {'error': {'message': 'Too Many Requests', 'type': 'too_many_requests', 'param': None, 'code': 'too_many_requests'}}
Failed for 鈴村健一 - Value: Error code: 429 - {'error': {'message': 'Too Many Requests', 'type': 'too_many_requests', 'param': None, 'code': 'too_many_requests'}}
Failed for Fugazi - Give Me The Cure: Error code: 429 - {'error': {'message': 'Too Many Requests', 'type': 'too_many_requests', 'param': None, 'code': 'too_many_requests'}}
Failed for Brian Eno & David Byrne - One Fine Day: Error code: 429 - {'error': {'message': 'Too Many Requests', 'type': 'too_many_requests', 'param': None, 'code': 'too_many_requests'}}
Failed for Brian Eno & David Byrne - Wanted For Life: Error code: 429 - {'error': {'message': 'Too Many Requests', 'type': 'too_many_requests', 'param': None, 'code': 'too_many_requests'}}
Failed for The Game - Church For Thugs: Error code: 429 - {'error': {'message': 'Too Many Requests', 'type': 'too_many_requests', 'param': None, 'code': 'too_many_requests'}}
Failed for Why? - Gemini (Birthday Song): Error code: 429 - {'error': {'message': 'Too Many Requests', 'type': 'too_many_requests', 'param': None, 'code': 'too_many_requests'}}
Failed for Philip Glass - Opening: Error code: 429 - {'error': {'message': 'Too Many Requests', 'type': 'too_many_requests', 'param': None, 'code': 'too_many_requests'}}
1500/2988 done
Failed for Spoon - Metal Detektor: Error code: 429 - {'error': {'message': 'Too Many Requests', 'type': 'too_many_requests', 'param': None, 'code': 'too_many_requests'}}
Failed for Pidżama Porno - Bułgarskie Centrum Hujozy: Error code: 429 - {'error': {'message': 'Too Many Requests', 'type': 'too_many_requests', 'param': None, 'code': 'too_many_requests'}}
Failed for Dragonforce - Cry For Eternity: Error code: 429 - {'error': {'message': 'Too Many Requests', 'type': 'too_many_requests', 'param': None, 'code': 'too_many_requests'}}
Failed for Peaches - You Love It: Error code: 429 - {'error': {'message': 'Too Many Requests', 'type': 'too_many_requests', 'param': None, 'code': 'too_many_requests'}}
Failed for Dragonforce - The Flame Of Youth: Error code: 429 - {'error': {'message': 'Too Many Requests', 'type': 'too_many_requests', 'param': None, 'code': 'too_many_requests'}}
Failed for Korpiklaani - Wooden Pints: Error code: 429 - {'error': {'message': 'Too Many Requests', 'type': 'too_many_requests', 'param': None, 'code': 'too_many_requests'}}
Failed for Mors Principium Est - The Animal Within: Error code: 429 - {'error': {'message': 'Too Many Requests', 'type': 'too_many_requests', 'param': None, 'code': 'too_many_requests'}}
Failed for Cro-Mags - Hard Times: Error code: 429 - {'error': {'message': 'Too Many Requests', 'type': 'too_many_requests', 'param': None, 'code': 'too_many_requests'}}
Failed for Bel Canto - Blank Sheets: Error code: 429 - {'error': {'message': 'Too Many Requests', 'type': 'too_many_requests', 'param': None, 'code': 'too_many_requests'}}
Failed for Cro-Mags - Show You No Mercy: Error code: 429 - {'error': {'message': 'Too Many Requests', 'type': 'too_many_requests', 'param': None, 'code': 'too_many_requests'}}
Failed for Pure Reason Revolution - Apprentice Of The Universe: Error code: 429 - {'error': {'message': 'Too Many Requests', 'type': 'too_many_requests', 'param': None, 'code': 'too_many_requests'}}
Failed for Pulp - Weeds: Error code: 429 - {'error': {'message': 'Too Many Requests', 'type': 'too_many_requests', 'param': None, 'code': 'too_many_requests'}}
Failed for Morrissey - Such A Little Thing Makes Such A Big Difference: Error code: 429 - {'error': {'message': 'Too Many Requests', 'type': 'too_many_requests', 'param': None, 'code': 'too_many_requests'}}
Failed for Why? - Sanddollars: Error code: 429 - {'error': {'message': 'Too Many Requests', 'type': 'too_many_requests', 'param': None, 'code': 'too_many_requests'}}
Failed for Social Distortion - Story Of My Life: Error code: 429 - {'error': {'message': 'Too Many Requests', 'type': 'too_many_requests', 'param': None, 'code': 'too_many_requests'}}
Failed for King Crimson - Matte Kudasai: Error code: 429 - {'error': {'message': 'Too Many Requests', 'type': 'too_many_requests', 'param': None, 'code': 'too_many_requests'}}
Failed for Kim Sozzi - Feel Your Love (Original Extended): Error code: 429 - {'error': {'message': 'Too Many Requests', 'type': 'too_many_requests', 'param': None, 'code': 'too_many_requests'}}
Failed for Amy Winehouse - Will You Still Love Me Tomorrow: Error code: 429 - {'error': {'message': 'Too Many Requests', 'type': 'too_many_requests', 'param': None, 'code': 'too_many_requests'}}
Failed for Guillemots - Kriss Kross: Error code: 429 - {'error': {'message': 'Too Many Requests', 'type': 'too_many_requests', 'param': None, 'code': 'too_many_requests'}}
Failed for Depeche Mode - Freestate: Error code: 429 - {'error': {'message': 'Too Many Requests', 'type': 'too_many_requests', 'param': None, 'code': 'too_many_requests'}}
Failed for Kraftwerk - Dentaku: Error code: 429 - {'error': {'message': 'Too Many Requests', 'type': 'too_many_requests', 'param': None, 'code': 'too_many_requests'}}
Failed for Kraftwerk - Aero Dynamik: Error code: 429 - {'error': {'message': 'Too Many Requests', 'type': 'too_many_requests', 'param': None, 'code': 'too_many_requests'}}
Failed for The Decemberists - A Bower Scene: Error code: 429 - {'error': {'message': 'Too Many Requests', 'type': 'too_many_requests', 'param': None, 'code': 'too_many_requests'}}
Failed for The Hives - Inspection Wise 1999: Error code: 429 - {'error': {'message': 'Too Many Requests', 'type': 'too_many_requests', 'param': None, 'code': 'too_many_requests'}}
Failed for Indochine - Stef Ii: Error code: 429 - {'error': {'message': 'Too Many Requests', 'type': 'too_many_requests', 'param': None, 'code': 'too_many_requests'}}
Failed for Björk - Big Time Sensuality (The Fluke Minimix): Error code: 429 - {'error': {'message': 'Too Many Requests', 'type': 'too_many_requests', 'param': None, 'code': 'too_many_requests'}}
Failed for Anna Nalick - Breathe: Error code: 429 - {'error': {'message': 'Too Many Requests', 'type': 'too_many_requests', 'param': None, 'code': 'too_many_requests'}}
Failed for The Flaming Lips - It Overtakes Me/The Stars Are So Big... I Am So Small... Do I Stand A Chance?: Error code: 429 - {'error': {'message': 'Too Many Requests', 'type': 'too_many_requests', 'param': None, 'code': 'too_many_requests'}}
Failed for Death Cab For Cutie - Tv Trays: Error code: 429 - {'error': {'message': 'Too Many Requests', 'type': 'too_many_requests', 'param': None, 'code': 'too_many_requests'}}
Failed for Razor - Evil Invaders: Error code: 429 - {'error': {'message': 'Too Many Requests', 'type': 'too_many_requests', 'param': None, 'code': 'too_many_requests'}}
Failed for Aberdeen City - Another Seven Years: Error code: 429 - {'error': {'message': 'Too Many Requests', 'type': 'too_many_requests', 'param': None, 'code': 'too_many_requests'}}
Failed for Jason Mraz - O. Lover: Error code: 429 - {'error': {'message': 'Too Many Requests', 'type': 'too_many_requests', 'param': None, 'code': 'too_many_requests'}}
Failed for +44 - 155: Error code: 429 - {'error': {'message': 'Too Many Requests', 'type': 'too_many_requests', 'param': None, 'code': 'too_many_requests'}}
Failed for M. Ward - I'Ll Be Yr Bird: Error code: 429 - {'error': {'message': 'Too Many Requests', 'type': 'too_many_requests', 'param': None, 'code': 'too_many_requests'}}
Failed for Bob Marley - Mellow Mood: Error code: 429 - {'error': {'message': 'Too Many Requests', 'type': 'too_many_requests', 'param': None, 'code': 'too_many_requests'}}
Failed for Elliott Smith - Placeholder: Error code: 429 - {'error': {'message': 'Too Many Requests', 'type': 'too_many_requests', 'param': None, 'code': 'too_many_requests'}}
Failed for M. Ward - Hi-Fi: Error code: 429 - {'error': {'message': 'Too Many Requests', 'type': 'too_many_requests', 'param': None, 'code': 'too_many_requests'}}
Failed for Ac/Dc - Bad Boy Boogie: Error code: 429 - {'error': {'message': 'Too Many Requests', 'type': 'too_many_requests', 'param': None, 'code': 'too_many_requests'}}
Failed for Ugly Kid Joe - Cats In The Cradle: Error code: 429 - {'error': {'message': 'Too Many Requests', 'type': 'too_many_requests', 'param': None, 'code': 'too_many_requests'}}
Failed for Spın̈Al Tap - Big Bottom: Error code: 429 - {'error': {'message': 'Too Many Requests', 'type': 'too_many_requests', 'param': None, 'code': 'too_many_requests'}}
Failed for The Cribs - It Was Only Love: Error code: 429 - {'error': {'message': 'Too Many Requests', 'type': 'too_many_requests', 'param': None, 'code': 'too_many_requests'}}
Failed for Depeche Mode - Everything Counts (Live): Error code: 429 - {'error': {'message': 'Too Many Requests', 'type': 'too_many_requests', 'param': None, 'code': 'too_many_requests'}}
Failed for Joe Satriani - Redshift Riders: Error code: 429 - {'error': {'message': 'Too Many Requests', 'type': 'too_many_requests', 'param': None, 'code': 'too_many_requests'}}
Failed for 65Daysofstatic - Primer: Error code: 429 - {'error': {'message': 'Too Many Requests', 'type': 'too_many_requests', 'param': None, 'code': 'too_many_requests'}}
Failed for Leaves' Eyes - Lovelorn: Error code: 429 - {'error': {'message': 'Too Many Requests', 'type': 'too_many_requests', 'param': None, 'code': 'too_many_requests'}}
Failed for Eluvium - The Well-Meaning Professor: Error code: 429 - {'error': {'message': 'Too Many Requests', 'type': 'too_many_requests', 'param': None, 'code': 'too_many_requests'}}
Failed for The Cribs - The Wrong Way To Be: Error code: 429 - {'error': {'message': 'Too Many Requests', 'type': 'too_many_requests', 'param': None, 'code': 'too_many_requests'}}
Failed for Tori Amos - The Wrong Band: Error code: 429 - {'error': {'message': 'Too Many Requests', 'type': 'too_many_requests', 'param': None, 'code': 'too_many_requests'}}
Failed for The Jackson 5 - The Love You Save: Error code: 429 - {'error': {'message': 'Too Many Requests', 'type': 'too_many_requests', 'param': None, 'code': 'too_many_requests'}}
Failed for Alphaville - Dance With Me: Error code: 429 - {'error': {'message': 'Too Many Requests', 'type': 'too_many_requests', 'param': None, 'code': 'too_many_requests'}}
Failed for Inxs - Don'T Change: Error code: 429 - {'error': {'message': 'Too Many Requests', 'type': 'too_many_requests', 'param': None, 'code': 'too_many_requests'}}
Failed for Pale Saints - Throwing Back The Apple: Error code: 429 - {'error': {'message': 'Too Many Requests', 'type': 'too_many_requests', 'param': None, 'code': 'too_many_requests'}}
Failed for Alex Gaudino - Destination Unknown: Error code: 429 - {'error': {'message': 'Too Many Requests', 'type': 'too_many_requests', 'param': None, 'code': 'too_many_requests'}}
Failed for Pearl Jam - Smile: Error code: 429 - {'error': {'message': 'Too Many Requests', 'type': 'too_many_requests', 'param': None, 'code': 'too_many_requests'}}
Failed for Queensrÿche - The Needle Lies: Error code: 429 - {'error': {'message': 'Too Many Requests', 'type': 'too_many_requests', 'param': None, 'code': 'too_many_requests'}}
Failed for Pantera - Cat Scratch Fever: Error code: 429 - {'error': {'message': 'Too Many Requests', 'type': 'too_many_requests', 'param': None, 'code': 'too_many_requests'}}
Failed for Black Flag - Forever Time: Error code: 429 - {'error': {'message': 'Too Many Requests', 'type': 'too_many_requests', 'param': None, 'code': 'too_many_requests'}}
Failed for The Chemical Brothers - Denmark: Error code: 429 - {'error': {'message': 'Too Many Requests', 'type': 'too_many_requests', 'param': None, 'code': 'too_many_requests'}}
Failed for Pantera - 13 Steps To Nowhere: Error code: 429 - {'error': {'message': 'Too Many Requests', 'type': 'too_many_requests', 'param': None, 'code': 'too_many_requests'}}
Failed for Mclusky - No New Wave No Fun: Error code: 429 - {'error': {'message': 'Too Many Requests', 'type': 'too_many_requests', 'param': None, 'code': 'too_many_requests'}}
Failed for After Forever - Silence From Afar: Error code: 429 - {'error': {'message': 'Too Many Requests', 'type': 'too_many_requests', 'param': None, 'code': 'too_many_requests'}}
Failed for Mclusky - Day Of The Deadringers: Error code: 429 - {'error': {'message': 'Too Many Requests', 'type': 'too_many_requests', 'param': None, 'code': 'too_many_requests'}}
Failed for Pinback - This Red Book: Error code: 429 - {'error': {'message': 'Too Many Requests', 'type': 'too_many_requests', 'param': None, 'code': 'too_many_requests'}}
Failed for Johnny Cash - It Ain'T Me Babe: Error code: 429 - {'error': {'message': 'Too Many Requests', 'type': 'too_many_requests', 'param': None, 'code': 'too_many_requests'}}
Failed for Johnny Cash - I'M So Lonesome I Could Cry: Error code: 429 - {'error': {'message': 'Too Many Requests', 'type': 'too_many_requests', 'param': None, 'code': 'too_many_requests'}}
Failed for Amorphis - The Night Is Over: Error code: 429 - {'error': {'message': 'Too Many Requests', 'type': 'too_many_requests', 'param': None, 'code': 'too_many_requests'}}
Failed for Johnny Cash - If You Could Read My Mind: Error code: 429 - {'error': {'message': 'Too Many Requests', 'type': 'too_many_requests', 'param': None, 'code': 'too_many_requests'}}
Failed for Kraftwerk - Trans-Europe Express: Error code: 429 - {'error': {'message': 'Too Many Requests', 'type': 'too_many_requests', 'param': None, 'code': 'too_many_requests'}}
Failed for Kraftwerk - Kometenmelodie 1: Error code: 429 - {'error': {'message': 'Too Many Requests', 'type': 'too_many_requests', 'param': None, 'code': 'too_many_requests'}}
Failed for Kraftwerk - Tour De France Étape 1: Error code: 429 - {'error': {'message': 'Too Many Requests', 'type': 'too_many_requests', 'param': None, 'code': 'too_many_requests'}}
Failed for Pavement - Hit The Plane Down: Error code: 429 - {'error': {'message': 'Too Many Requests', 'type': 'too_many_requests', 'param': None, 'code': 'too_many_requests'}}
Failed for Kent - Elvis: Error code: 429 - {'error': {'message': 'Too Many Requests', 'type': 'too_many_requests', 'param': None, 'code': 'too_many_requests'}}
Failed for Elliott Smith - The Enemy Is You: Error code: 429 - {'error': {'message': 'Too Many Requests', 'type': 'too_many_requests', 'param': None, 'code': 'too_many_requests'}}
Failed for Blur - Jubilee: Error code: 429 - {'error': {'message': 'Too Many Requests', 'type': 'too_many_requests', 'param': None, 'code': 'too_many_requests'}}
Failed for Bauhaus - In Fear Of Fear: Error code: 429 - {'error': {'message': 'Too Many Requests', 'type': 'too_many_requests', 'param': None, 'code': 'too_many_requests'}}
Failed for Cocteau Twins - Pandora: Error code: 429 - {'error': {'message': 'Too Many Requests', 'type': 'too_many_requests', 'param': None, 'code': 'too_many_requests'}}
Failed for Front 242 - Im Rhythmus Bleiben: Error code: 429 - {'error': {'message': 'Too Many Requests', 'type': 'too_many_requests', 'param': None, 'code': 'too_many_requests'}}
Failed for Armor For Sleep - Dream To Make Believe: Error code: 429 - {'error': {'message': 'Too Many Requests', 'type': 'too_many_requests', 'param': None, 'code': 'too_many_requests'}}
Failed for Sleater-Kinney - I Wanna Be Your Joey Ramone: Error code: 429 - {'error': {'message': 'Too Many Requests', 'type': 'too_many_requests', 'param': None, 'code': 'too_many_requests'}}
Failed for Johnny Cash - So Doggone Lonesome: Error code: 429 - {'error': {'message': 'Too Many Requests', 'type': 'too_many_requests', 'param': None, 'code': 'too_many_requests'}}
Failed for Bright Eyes - I Watched You Taking Off: Error code: 429 - {'error': {'message': 'Too Many Requests', 'type': 'too_many_requests', 'param': None, 'code': 'too_many_requests'}}
Failed for Tori Amos - She'S Your Cocaine: Error code: 429 - {'error': {'message': 'Too Many Requests', 'type': 'too_many_requests', 'param': None, 'code': 'too_many_requests'}}
Failed for Elvis Presley - Too Much: Error code: 429 - {'error': {'message': 'Too Many Requests', 'type': 'too_many_requests', 'param': None, 'code': 'too_many_requests'}}
Failed for Ac/Dc - If You Want Blood (You'Ve Got It): Error code: 429 - {'error': {'message': 'Too Many Requests', 'type': 'too_many_requests', 'param': None, 'code': 'too_many_requests'}}
Failed for Robbie Williams - Beyond The Sea: Error code: 429 - {'error': {'message': 'Too Many Requests', 'type': 'too_many_requests', 'param': None, 'code': 'too_many_requests'}}
Failed for Tiësto - Break My Fall: Error code: 429 - {'error': {'message': 'Too Many Requests', 'type': 'too_many_requests', 'param': None, 'code': 'too_many_requests'}}
Failed for Montefiori Cocktail - Gipsy Woman: Error code: 429 - {'error': {'message': 'Too Many Requests', 'type': 'too_many_requests', 'param': None, 'code': 'too_many_requests'}}
Failed for Rob Zombie - Dragula (Hot Rod Herman Remix): Error code: 429 - {'error': {'message': 'Too Many Requests', 'type': 'too_many_requests', 'param': None, 'code': 'too_many_requests'}}
Failed for Sparks - La Dolce Vita: Error code: 429 - {'error': {'message': 'Too Many Requests', 'type': 'too_many_requests', 'param': None, 'code': 'too_many_requests'}}
Failed for Sparks - Here In Heaven: Error code: 429 - {'error': {'message': 'Too Many Requests', 'type': 'too_many_requests', 'param': None, 'code': 'too_many_requests'}}
Failed for The Rolling Stones - Good Times: Error code: 429 - {'error': {'message': 'Too Many Requests', 'type': 'too_many_requests', 'param': None, 'code': 'too_many_requests'}}
Failed for Blake Lewis - How Many Words: Error code: 429 - {'error': {'message': 'Too Many Requests', 'type': 'too_many_requests', 'param': None, 'code': 'too_many_requests'}}
Failed for Pain Of Salvation - Of Two Beginnings: Error code: 429 - {'error': {'message': 'Too Many Requests', 'type': 'too_many_requests', 'param': None, 'code': 'too_many_requests'}}
Failed for Jarvis Cocker - From A To I: Error code: 429 - {'error': {'message': 'Too Many Requests', 'type': 'too_many_requests', 'param': None, 'code': 'too_many_requests'}}
Failed for Pink Floyd - Crying Song: Error code: 429 - {'error': {'message': 'Too Many Requests', 'type': 'too_many_requests', 'param': None, 'code': 'too_many_requests'}}
Failed for Ultra Naté - Automatic (Discode Mix): Error code: 429 - {'error': {'message': 'Too Many Requests', 'type': 'too_many_requests', 'param': None, 'code': 'too_many_requests'}}
Failed for Frightened Rabbit - Head Rolls Off: Error code: 429 - {'error': {'message': 'Too Many Requests', 'type': 'too_many_requests', 'param': None, 'code': 'too_many_requests'}}
1600/2988 done
Failed for All That Remains - Not Alone: Error code: 429 - {'error': {'message': 'Too Many Requests', 'type': 'too_many_requests', 'param': None, 'code': 'too_many_requests'}}
Failed for Gym Class Heroes - The Queen And I: Error code: 429 - {'error': {'message': 'Too Many Requests', 'type': 'too_many_requests', 'param': None, 'code': 'too_many_requests'}}
Failed for Queensrÿche - Operation: Mindcrime: Error code: 429 - {'error': {'message': 'Too Many Requests', 'type': 'too_many_requests', 'param': None, 'code': 'too_many_requests'}}
Failed for The Gathering - Kevin'S Telescope: Error code: 429 - {'error': {'message': 'Too Many Requests', 'type': 'too_many_requests', 'param': None, 'code': 'too_many_requests'}}
Failed for The Crystal Method - Comin' Back: Error code: 429 - {'error': {'message': 'Too Many Requests', 'type': 'too_many_requests', 'param': None, 'code': 'too_many_requests'}}
Failed for Joe Satriani - Made Of Tears: Error code: 429 - {'error': {'message': 'Too Many Requests', 'type': 'too_many_requests', 'param': None, 'code': 'too_many_requests'}}
Failed for Eluvium - Requiem On Frankfort Ave.: Error code: 429 - {'error': {'message': 'Too Many Requests', 'type': 'too_many_requests', 'param': None, 'code': 'too_many_requests'}}
Failed for Cake - Short Skirt/Long Jacket: Error code: 429 - {'error': {'message': 'Too Many Requests', 'type': 'too_many_requests', 'param': None, 'code': 'too_many_requests'}}
Failed for Yann Tiersen - Bagatelle: Error code: 429 - {'error': {'message': 'Too Many Requests', 'type': 'too_many_requests', 'param': None, 'code': 'too_many_requests'}}
Failed for Ulrich Schnauss - Molfsee: Error code: 429 - {'error': {'message': 'Too Many Requests', 'type': 'too_many_requests', 'param': None, 'code': 'too_many_requests'}}
Failed for Nightwish - Tutankhamen: Error code: 429 - {'error': {'message': 'Too Many Requests', 'type': 'too_many_requests', 'param': None, 'code': 'too_many_requests'}}
Failed for Guillemots - Made Up Lovesong #43: Error code: 429 - {'error': {'message': 'Too Many Requests', 'type': 'too_many_requests', 'param': None, 'code': 'too_many_requests'}}
Failed for Rob Zombie - Blitzkrieg Bop: Error code: 429 - {'error': {'message': 'Too Many Requests', 'type': 'too_many_requests', 'param': None, 'code': 'too_many_requests'}}
Failed for Rob Thomas - Problem Girl: Error code: 429 - {'error': {'message': 'Too Many Requests', 'type': 'too_many_requests', 'param': None, 'code': 'too_many_requests'}}
Failed for Yellowcard - Five Becomes Four: Error code: 429 - {'error': {'message': 'Too Many Requests', 'type': 'too_many_requests', 'param': None, 'code': 'too_many_requests'}}
Failed for Halifax - Broken Glass Syndrome: Error code: 429 - {'error': {'message': 'Too Many Requests', 'type': 'too_many_requests', 'param': None, 'code': 'too_many_requests'}}
Failed for Ac/Dc - Stormy May Day: Error code: 429 - {'error': {'message': 'Too Many Requests', 'type': 'too_many_requests', 'param': None, 'code': 'too_many_requests'}}
Failed for Kelly Rowland - Can'T Nobody: Error code: 429 - {'error': {'message': 'Too Many Requests', 'type': 'too_many_requests', 'param': None, 'code': 'too_many_requests'}}
Failed for Mae - The Ocean: Error code: 429 - {'error': {'message': 'Too Many Requests', 'type': 'too_many_requests', 'param': None, 'code': 'too_many_requests'}}
Failed for Alphaville - The Jet Set: Error code: 429 - {'error': {'message': 'Too Many Requests', 'type': 'too_many_requests', 'param': None, 'code': 'too_many_requests'}}
Failed for Johnny Foreigner - Hennings Favourite: Error code: 429 - {'error': {'message': 'Too Many Requests', 'type': 'too_many_requests', 'param': None, 'code': 'too_many_requests'}}
Failed for Johnny Cash & June Carter - Jackson: Error code: 429 - {'error': {'message': 'Too Many Requests', 'type': 'too_many_requests', 'param': None, 'code': 'too_many_requests'}}
Failed for Calexico - Lucky Dime: Error code: 429 - {'error': {'message': 'Too Many Requests', 'type': 'too_many_requests', 'param': None, 'code': 'too_many_requests'}}
Failed for Sparklehorse - Apple Bed: Error code: 429 - {'error': {'message': 'Too Many Requests', 'type': 'too_many_requests', 'param': None, 'code': 'too_many_requests'}}
Failed for This Will Destroy You - The Mighty Rio Grande: Error code: 429 - {'error': {'message': 'Too Many Requests', 'type': 'too_many_requests', 'param': None, 'code': 'too_many_requests'}}
Failed for Ultravox - New Europeans: Error code: 429 - {'error': {'message': 'Too Many Requests', 'type': 'too_many_requests', 'param': None, 'code': 'too_many_requests'}}
Failed for Freestylers - In Love With You: Error code: 429 - {'error': {'message': 'Too Many Requests', 'type': 'too_many_requests', 'param': None, 'code': 'too_many_requests'}}
Failed for Bel Canto - Rush: Error code: 429 - {'error': {'message': 'Too Many Requests', 'type': 'too_many_requests', 'param': None, 'code': 'too_many_requests'}}
Failed for Slayer - Expendable Youth: Error code: 429 - {'error': {'message': 'Too Many Requests', 'type': 'too_many_requests', 'param': None, 'code': 'too_many_requests'}}
Failed for Embrace - Wish 'Em All Away: Error code: 429 - {'error': {'message': 'Too Many Requests', 'type': 'too_many_requests', 'param': None, 'code': 'too_many_requests'}}
Failed for The Prodigy - The Heat (The Energy): Error code: 429 - {'error': {'message': 'Too Many Requests', 'type': 'too_many_requests', 'param': None, 'code': 'too_many_requests'}}
Failed for Lush - De-Luxe: Error code: 429 - {'error': {'message': 'Too Many Requests', 'type': 'too_many_requests', 'param': None, 'code': 'too_many_requests'}}
Failed for Venetian Snares - Hiszékeny: Error code: 429 - {'error': {'message': 'Too Many Requests', 'type': 'too_many_requests', 'param': None, 'code': 'too_many_requests'}}
Failed for Anna Ternheim - My Secret: Error code: 429 - {'error': {'message': 'Too Many Requests', 'type': 'too_many_requests', 'param': None, 'code': 'too_many_requests'}}
Failed for Ruki Na Odeyalo - Hills And: Error code: 429 - {'error': {'message': 'Too Many Requests', 'type': 'too_many_requests', 'param': None, 'code': 'too_many_requests'}}
Failed for Yellowcard - Sure Thing Falling: Error code: 429 - {'error': {'message': 'Too Many Requests', 'type': 'too_many_requests', 'param': None, 'code': 'too_many_requests'}}
Failed for Depeche Mode - Lie To Me: Error code: 429 - {'error': {'message': 'Too Many Requests', 'type': 'too_many_requests', 'param': None, 'code': 'too_many_requests'}}
Failed for De La Soul - Intro: Error code: 429 - {'error': {'message': 'Too Many Requests', 'type': 'too_many_requests', 'param': None, 'code': 'too_many_requests'}}
Failed for Tenacious D - Car Chase City: Error code: 429 - {'error': {'message': 'Too Many Requests', 'type': 'too_many_requests', 'param': None, 'code': 'too_many_requests'}}
Failed for Velvet Revolver - You Got No Right: Error code: 429 - {'error': {'message': 'Too Many Requests', 'type': 'too_many_requests', 'param': None, 'code': 'too_many_requests'}}
Failed for Russian Circles - New Macabre: Error code: 429 - {'error': {'message': 'Too Many Requests', 'type': 'too_many_requests', 'param': None, 'code': 'too_many_requests'}}
Failed for Chuck Berry - Maybellene: Error code: 429 - {'error': {'message': 'Too Many Requests', 'type': 'too_many_requests', 'param': None, 'code': 'too_many_requests'}}
Failed for Atlas Sound - Bite Marks: Error code: 429 - {'error': {'message': 'Too Many Requests', 'type': 'too_many_requests', 'param': None, 'code': 'too_many_requests'}}
Failed for Stabbing Westward - Haunting Me: Error code: 429 - {'error': {'message': 'Too Many Requests', 'type': 'too_many_requests', 'param': None, 'code': 'too_many_requests'}}
Failed for David Guetta - Tomorow Can Wait (Radio Edit): Error code: 429 - {'error': {'message': 'Too Many Requests', 'type': 'too_many_requests', 'param': None, 'code': 'too_many_requests'}}
Failed for Skinny Puppy - Vx Gas Attack: Error code: 429 - {'error': {'message': 'Too Many Requests', 'type': 'too_many_requests', 'param': None, 'code': 'too_many_requests'}}
Failed for Jay-Z - Dirt Off Your Shoulder: Error code: 429 - {'error': {'message': 'Too Many Requests', 'type': 'too_many_requests', 'param': None, 'code': 'too_many_requests'}}
Failed for Michael Bublé - Lost: Error code: 429 - {'error': {'message': 'Too Many Requests', 'type': 'too_many_requests', 'param': None, 'code': 'too_many_requests'}}
Failed for Therapy? - Diane: Error code: 429 - {'error': {'message': 'Too Many Requests', 'type': 'too_many_requests', 'param': None, 'code': 'too_many_requests'}}
Failed for Wednesday 13 - Bad Things: Error code: 429 - {'error': {'message': 'Too Many Requests', 'type': 'too_many_requests', 'param': None, 'code': 'too_many_requests'}}
Failed for Hot Snakes - Suicide Invoice: Error code: 429 - {'error': {'message': 'Too Many Requests', 'type': 'too_many_requests', 'param': None, 'code': 'too_many_requests'}}
Failed for Madness - Shut Up: Error code: 429 - {'error': {'message': 'Too Many Requests', 'type': 'too_many_requests', 'param': None, 'code': 'too_many_requests'}}
Failed for Johnossi - Glory Days To Come: Error code: 429 - {'error': {'message': 'Too Many Requests', 'type': 'too_many_requests', 'param': None, 'code': 'too_many_requests'}}
Failed for Yellow Generation - Tobira No Mukou He: Error code: 429 - {'error': {'message': 'Too Many Requests', 'type': 'too_many_requests', 'param': None, 'code': 'too_many_requests'}}
Failed for Black Label Society - Suicide Messiah: Error code: 429 - {'error': {'message': 'Too Many Requests', 'type': 'too_many_requests', 'param': None, 'code': 'too_many_requests'}}
Failed for The Rolling Stones - Parachute Woman: Error code: 429 - {'error': {'message': 'Too Many Requests', 'type': 'too_many_requests', 'param': None, 'code': 'too_many_requests'}}
Failed for Black Sabbath - The Mob Rules: Error code: 429 - {'error': {'message': 'Too Many Requests', 'type': 'too_many_requests', 'param': None, 'code': 'too_many_requests'}}
Failed for Ulver - The Future Sound Of Music: Error code: 429 - {'error': {'message': 'Too Many Requests', 'type': 'too_many_requests', 'param': None, 'code': 'too_many_requests'}}
Failed for Testament - D.N.R. (Do Not Resuscitate): Error code: 429 - {'error': {'message': 'Too Many Requests', 'type': 'too_many_requests', 'param': None, 'code': 'too_many_requests'}}
Failed for Cocteau Twins - Bluebeard: Error code: 429 - {'error': {'message': 'Too Many Requests', 'type': 'too_many_requests', 'param': None, 'code': 'too_many_requests'}}
Failed for Beck - 1000Bpm: Error code: 429 - {'error': {'message': 'Too Many Requests', 'type': 'too_many_requests', 'param': None, 'code': 'too_many_requests'}}
Failed for Rush - Between The Wheels: Error code: 429 - {'error': {'message': 'Too Many Requests', 'type': 'too_many_requests', 'param': None, 'code': 'too_many_requests'}}
Failed for Annie - Greatest Hit: Error code: 429 - {'error': {'message': 'Too Many Requests', 'type': 'too_many_requests', 'param': None, 'code': 'too_many_requests'}}
Failed for Madvillain - Shadows Of Tomorrow (Feat. Lord Quas): Error code: 429 - {'error': {'message': 'Too Many Requests', 'type': 'too_many_requests', 'param': None, 'code': 'too_many_requests'}}
Failed for Emilíana Torrini - Next Time Around: Error code: 429 - {'error': {'message': 'Too Many Requests', 'type': 'too_many_requests', 'param': None, 'code': 'too_many_requests'}}
Failed for Emilíana Torrini - Tuna Fish: Error code: 429 - {'error': {'message': 'Too Many Requests', 'type': 'too_many_requests', 'param': None, 'code': 'too_many_requests'}}
Failed for The Dead Milkmen - Dean'S Dream: Error code: 429 - {'error': {'message': 'Too Many Requests', 'type': 'too_many_requests', 'param': None, 'code': 'too_many_requests'}}
Failed for Death In Vegas - Aisha: Error code: 429 - {'error': {'message': 'Too Many Requests', 'type': 'too_many_requests', 'param': None, 'code': 'too_many_requests'}}
Failed for Efterklang - Foetus: Error code: 429 - {'error': {'message': 'Too Many Requests', 'type': 'too_many_requests', 'param': None, 'code': 'too_many_requests'}}
Failed for Marilyn Manson - The Bright Young Things: Error code: 429 - {'error': {'message': 'Too Many Requests', 'type': 'too_many_requests', 'param': None, 'code': 'too_many_requests'}}
Failed for Efterklang - Swarming: Error code: 429 - {'error': {'message': 'Too Many Requests', 'type': 'too_many_requests', 'param': None, 'code': 'too_many_requests'}}
Failed for Duels - Potential Futures: Error code: 429 - {'error': {'message': 'Too Many Requests', 'type': 'too_many_requests', 'param': None, 'code': 'too_many_requests'}}
Failed for The Hours - Ali In The Jungle: Error code: 429 - {'error': {'message': 'Too Many Requests', 'type': 'too_many_requests', 'param': None, 'code': 'too_many_requests'}}
Failed for Coldplay - Lost: Error code: 429 - {'error': {'message': 'Too Many Requests', 'type': 'too_many_requests', 'param': None, 'code': 'too_many_requests'}}
Failed for Dope Stars Inc. - Lost: Error code: 429 - {'error': {'message': 'Too Many Requests', 'type': 'too_many_requests', 'param': None, 'code': 'too_many_requests'}}
Failed for David Gilmour - The Blue: Error code: 429 - {'error': {'message': 'Too Many Requests', 'type': 'too_many_requests', 'param': None, 'code': 'too_many_requests'}}
Failed for David Gilmour - Castellorizon: Error code: 429 - {'error': {'message': 'Too Many Requests', 'type': 'too_many_requests', 'param': None, 'code': 'too_many_requests'}}
Failed for Death From Above 1979 - Romantic Rights (Dahlback Remix): Error code: 429 - {'error': {'message': 'Too Many Requests', 'type': 'too_many_requests', 'param': None, 'code': 'too_many_requests'}}
Failed for Skalpel - 1958: Error code: 429 - {'error': {'message': 'Too Many Requests', 'type': 'too_many_requests', 'param': None, 'code': 'too_many_requests'}}
Failed for Lamb Of God - Vigil: Error code: 429 - {'error': {'message': 'Too Many Requests', 'type': 'too_many_requests', 'param': None, 'code': 'too_many_requests'}}
Failed for Chikinki - Ether Radio: Error code: 429 - {'error': {'message': 'Too Many Requests', 'type': 'too_many_requests', 'param': None, 'code': 'too_many_requests'}}
Failed for Bad Religion - Sorrow: Error code: 429 - {'error': {'message': 'Too Many Requests', 'type': 'too_many_requests', 'param': None, 'code': 'too_many_requests'}}
Failed for Skinny Puppy - Rash Reflection: Error code: 429 - {'error': {'message': 'Too Many Requests', 'type': 'too_many_requests', 'param': None, 'code': 'too_many_requests'}}
Failed for Afi - Wester: Error code: 429 - {'error': {'message': 'Too Many Requests', 'type': 'too_many_requests', 'param': None, 'code': 'too_many_requests'}}
Failed for Keane - Love Is The End: Error code: 429 - {'error': {'message': 'Too Many Requests', 'type': 'too_many_requests', 'param': None, 'code': 'too_many_requests'}}
Failed for Skid Row - Big Guns: Error code: 429 - {'error': {'message': 'Too Many Requests', 'type': 'too_many_requests', 'param': None, 'code': 'too_many_requests'}}
Failed for Bel Canto - Without You: Error code: 429 - {'error': {'message': 'Too Many Requests', 'type': 'too_many_requests', 'param': None, 'code': 'too_many_requests'}}
Failed for David Gilmour - Take A Breath: Error code: 429 - {'error': {'message': 'Too Many Requests', 'type': 'too_many_requests', 'param': None, 'code': 'too_many_requests'}}
Failed for Belanova - Por Ti: Error code: 429 - {'error': {'message': 'Too Many Requests', 'type': 'too_many_requests', 'param': None, 'code': 'too_many_requests'}}
Failed for Belanova - Niño: Error code: 429 - {'error': {'message': 'Too Many Requests', 'type': 'too_many_requests', 'param': None, 'code': 'too_many_requests'}}
Failed for Hallucinogen - Demention: Error code: 429 - {'error': {'message': 'Too Many Requests', 'type': 'too_many_requests', 'param': None, 'code': 'too_many_requests'}}
Failed for Bel Canto - White-Out Conditions: Error code: 429 - {'error': {'message': 'Too Many Requests', 'type': 'too_many_requests', 'param': None, 'code': 'too_many_requests'}}
Failed for The Gathering - Sand And Mercury: Error code: 429 - {'error': {'message': 'Too Many Requests', 'type': 'too_many_requests', 'param': None, 'code': 'too_many_requests'}}
Failed for Soilwork - Centro De Predominio: Error code: 429 - {'error': {'message': 'Too Many Requests', 'type': 'too_many_requests', 'param': None, 'code': 'too_many_requests'}}
Failed for The Hives - The Hives - Introduce The Metric System In Time: Error code: 429 - {'error': {'message': 'Too Many Requests', 'type': 'too_many_requests', 'param': None, 'code': 'too_many_requests'}}
Failed for Riverside - Through The Other Side: Error code: 429 - {'error': {'message': 'Too Many Requests', 'type': 'too_many_requests', 'param': None, 'code': 'too_many_requests'}}
1700/2988 done
Failed for Eels - That'S Not Really Funny: Error code: 429 - {'error': {'message': 'Too Many Requests', 'type': 'too_many_requests', 'param': None, 'code': 'too_many_requests'}}
Failed for Siouxsie And The Banshees - Helter Skelter: Error code: 429 - {'error': {'message': 'Too Many Requests', 'type': 'too_many_requests', 'param': None, 'code': 'too_many_requests'}}
Failed for Him - Dead Lovers' Lane: Error code: 429 - {'error': {'message': 'Too Many Requests', 'type': 'too_many_requests', 'param': None, 'code': 'too_many_requests'}}
Failed for Iron Maiden - Sun And Steel: Error code: 429 - {'error': {'message': 'Too Many Requests', 'type': 'too_many_requests', 'param': None, 'code': 'too_many_requests'}}
Failed for Ensiferum - Eternal Wait: Error code: 429 - {'error': {'message': 'Too Many Requests', 'type': 'too_many_requests', 'param': None, 'code': 'too_many_requests'}}
Failed for Enigma - From East To West: Error code: 429 - {'error': {'message': 'Too Many Requests', 'type': 'too_many_requests', 'param': None, 'code': 'too_many_requests'}}
Failed for Mirah - Promise To Me: Error code: 429 - {'error': {'message': 'Too Many Requests', 'type': 'too_many_requests', 'param': None, 'code': 'too_many_requests'}}
Failed for Enigma - The Child In Us: Error code: 429 - {'error': {'message': 'Too Many Requests', 'type': 'too_many_requests', 'param': None, 'code': 'too_many_requests'}}
Failed for Enigma - The Eyes Of Truth: Error code: 429 - {'error': {'message': 'Too Many Requests', 'type': 'too_many_requests', 'param': None, 'code': 'too_many_requests'}}
Failed for The Boy Least Likely To - God Takes Care Of The Little Things: Error code: 429 - {'error': {'message': 'Too Many Requests', 'type': 'too_many_requests', 'param': None, 'code': 'too_many_requests'}}
Failed for Enigma - Look Of Today: Error code: 429 - {'error': {'message': 'Too Many Requests', 'type': 'too_many_requests', 'param': None, 'code': 'too_many_requests'}}
Failed for 1990S - You'Re Supposed To Be My Friend: Error code: 429 - {'error': {'message': 'Too Many Requests', 'type': 'too_many_requests', 'param': None, 'code': 'too_many_requests'}}
Failed for The Books - That Right Ain'T Shit: Error code: 429 - {'error': {'message': 'Too Many Requests', 'type': 'too_many_requests', 'param': None, 'code': 'too_many_requests'}}
Failed for Rza - Ode To Oren Ishii: Error code: 429 - {'error': {'message': 'Too Many Requests', 'type': 'too_many_requests', 'param': None, 'code': 'too_many_requests'}}
Failed for Jolie Holland - Mexican Blue: Error code: 429 - {'error': {'message': 'Too Many Requests', 'type': 'too_many_requests', 'param': None, 'code': 'too_many_requests'}}
Failed for Mucc - Sugao: Error code: 429 - {'error': {'message': 'Too Many Requests', 'type': 'too_many_requests', 'param': None, 'code': 'too_many_requests'}}
Failed for Mirah - Sweepstakes Prize: Error code: 429 - {'error': {'message': 'Too Many Requests', 'type': 'too_many_requests', 'param': None, 'code': 'too_many_requests'}}
Failed for Starsailor - In The Crossfire: Error code: 429 - {'error': {'message': 'Too Many Requests', 'type': 'too_many_requests', 'param': None, 'code': 'too_many_requests'}}
Failed for Atmosphere - History: Error code: 429 - {'error': {'message': 'Too Many Requests', 'type': 'too_many_requests', 'param': None, 'code': 'too_many_requests'}}
Failed for Atmosphere - Modern Man'S Hustle: Error code: 429 - {'error': {'message': 'Too Many Requests', 'type': 'too_many_requests', 'param': None, 'code': 'too_many_requests'}}
Failed for Afi - No Poetic Device: Error code: 429 - {'error': {'message': 'Too Many Requests', 'type': 'too_many_requests', 'param': None, 'code': 'too_many_requests'}}
Failed for System F - Spread Your Wings: Error code: 429 - {'error': {'message': 'Too Many Requests', 'type': 'too_many_requests', 'param': None, 'code': 'too_many_requests'}}
Failed for Blur - Chemical World: Error code: 429 - {'error': {'message': 'Too Many Requests', 'type': 'too_many_requests', 'param': None, 'code': 'too_many_requests'}}
Failed for Pink Martini - Brazil: Error code: 429 - {'error': {'message': 'Too Many Requests', 'type': 'too_many_requests', 'param': None, 'code': 'too_many_requests'}}
Failed for Enigma - Incognito: Error code: 429 - {'error': {'message': 'Too Many Requests', 'type': 'too_many_requests', 'param': None, 'code': 'too_many_requests'}}
Failed for Uncle Tupelo - New Madrid: Error code: 429 - {'error': {'message': 'Too Many Requests', 'type': 'too_many_requests', 'param': None, 'code': 'too_many_requests'}}
Failed for Nerina Pallot - Everybody'S Gone To War: Error code: 429 - {'error': {'message': 'Too Many Requests', 'type': 'too_many_requests', 'param': None, 'code': 'too_many_requests'}}
Failed for The Gathering - These Good People: Error code: 429 - {'error': {'message': 'Too Many Requests', 'type': 'too_many_requests', 'param': None, 'code': 'too_many_requests'}}
Failed for Neu! - Hallogallo: Error code: 429 - {'error': {'message': 'Too Many Requests', 'type': 'too_many_requests', 'param': None, 'code': 'too_many_requests'}}
Failed for Enter Shikari - Labyrinth: Error code: 429 - {'error': {'message': 'Too Many Requests', 'type': 'too_many_requests', 'param': None, 'code': 'too_many_requests'}}
Failed for Handsome Boy Modeling School - Modeling Sucks: Error code: 429 - {'error': {'message': 'Too Many Requests', 'type': 'too_many_requests', 'param': None, 'code': 'too_many_requests'}}
Failed for Aesthetic Perfection - The Siren: Error code: 429 - {'error': {'message': 'Too Many Requests', 'type': 'too_many_requests', 'param': None, 'code': 'too_many_requests'}}
Failed for Vivian Girls - No: Error code: 429 - {'error': {'message': 'Too Many Requests', 'type': 'too_many_requests', 'param': None, 'code': 'too_many_requests'}}
Failed for Good Charlotte - Where Would We Be Now: Error code: 429 - {'error': {'message': 'Too Many Requests', 'type': 'too_many_requests', 'param': None, 'code': 'too_many_requests'}}
Failed for Good Charlotte - Predictable: Error code: 429 - {'error': {'message': 'Too Many Requests', 'type': 'too_many_requests', 'param': None, 'code': 'too_many_requests'}}
Failed for Mokoma - Punainen Kukko: Error code: 429 - {'error': {'message': 'Too Many Requests', 'type': 'too_many_requests', 'param': None, 'code': 'too_many_requests'}}
Failed for Cradle Of Filth - Coffin Fodder: Error code: 429 - {'error': {'message': 'Too Many Requests', 'type': 'too_many_requests', 'param': None, 'code': 'too_many_requests'}}
Failed for The Cinematic Orchestra - All Things: Error code: 429 - {'error': {'message': 'Too Many Requests', 'type': 'too_many_requests', 'param': None, 'code': 'too_many_requests'}}
Failed for Cradle Of Filth - Nemesis: Error code: 429 - {'error': {'message': 'Too Many Requests', 'type': 'too_many_requests', 'param': None, 'code': 'too_many_requests'}}
Failed for Cradle Of Filth - No Time To Cry: Error code: 429 - {'error': {'message': 'Too Many Requests', 'type': 'too_many_requests', 'param': None, 'code': 'too_many_requests'}}
Failed for Mokoma - Silmäterä: Error code: 429 - {'error': {'message': 'Too Many Requests', 'type': 'too_many_requests', 'param': None, 'code': 'too_many_requests'}}
Failed for Eels - Grace Kelly Blues: Error code: 429 - {'error': {'message': 'Too Many Requests', 'type': 'too_many_requests', 'param': None, 'code': 'too_many_requests'}}
Failed for Glass Candy - Life After Sundown: Error code: 429 - {'error': {'message': 'Too Many Requests', 'type': 'too_many_requests', 'param': None, 'code': 'too_many_requests'}}
Failed for Good Shoes - Nazanin: Error code: 429 - {'error': {'message': 'Too Many Requests', 'type': 'too_many_requests', 'param': None, 'code': 'too_many_requests'}}
Failed for Good Charlotte - Break Apart Her Heart: Error code: 429 - {'error': {'message': 'Too Many Requests', 'type': 'too_many_requests', 'param': None, 'code': 'too_many_requests'}}
Failed for Gomez - Silence: Error code: 429 - {'error': {'message': 'Too Many Requests', 'type': 'too_many_requests', 'param': None, 'code': 'too_many_requests'}}
Failed for Lotus Plaza - Sunday Night In Atlanta: Error code: 429 - {'error': {'message': 'Too Many Requests', 'type': 'too_many_requests', 'param': None, 'code': 'too_many_requests'}}
Failed for Beck - Dead Melodies: Error code: 429 - {'error': {'message': 'Too Many Requests', 'type': 'too_many_requests', 'param': None, 'code': 'too_many_requests'}}
Failed for The Distillers - Dismantle Me: Error code: 429 - {'error': {'message': 'Too Many Requests', 'type': 'too_many_requests', 'param': None, 'code': 'too_many_requests'}}
Failed for The Jesus And Mary Chain - Happy Place (John Peel Session): Error code: 429 - {'error': {'message': 'Too Many Requests', 'type': 'too_many_requests', 'param': None, 'code': 'too_many_requests'}}
Failed for David Bowie - Strangers When We Meet: Error code: 429 - {'error': {'message': 'Too Many Requests', 'type': 'too_many_requests', 'param': None, 'code': 'too_many_requests'}}
Failed for Ciara - Make It Last Forever: Error code: 429 - {'error': {'message': 'Too Many Requests', 'type': 'too_many_requests', 'param': None, 'code': 'too_many_requests'}}
Failed for Bettye Lavette - Down To Zero: Error code: 429 - {'error': {'message': 'Too Many Requests', 'type': 'too_many_requests', 'param': None, 'code': 'too_many_requests'}}
Failed for Enrique Iglesias - Do You Know (The Ping Pong Song) (Ralphi Rosario And Craig Cjs Radio Edit): Error code: 429 - {'error': {'message': 'Too Many Requests', 'type': 'too_many_requests', 'param': None, 'code': 'too_many_requests'}}
Failed for Cibo Matto - Spoon: Error code: 429 - {'error': {'message': 'Too Many Requests', 'type': 'too_many_requests', 'param': None, 'code': 'too_many_requests'}}
Failed for Iron Maiden - New Frontier: Error code: 429 - {'error': {'message': 'Too Many Requests', 'type': 'too_many_requests', 'param': None, 'code': 'too_many_requests'}}
Failed for The Get Up Kids - Overdue: Error code: 429 - {'error': {'message': 'Too Many Requests', 'type': 'too_many_requests', 'param': None, 'code': 'too_many_requests'}}
Failed for Badly Drawn Boy - Rachel'S Flat: Error code: 429 - {'error': {'message': 'Too Many Requests', 'type': 'too_many_requests', 'param': None, 'code': 'too_many_requests'}}
Failed for Howard Shore - The Treason Of Isengard: Error code: 429 - {'error': {'message': 'Too Many Requests', 'type': 'too_many_requests', 'param': None, 'code': 'too_many_requests'}}
Failed for All Saints - Rock Steady (Mstrkrft Edition): Error code: 429 - {'error': {'message': 'Too Many Requests', 'type': 'too_many_requests', 'param': None, 'code': 'too_many_requests'}}
Failed for Peter Gabriel - Red Rain: Error code: 429 - {'error': {'message': 'Too Many Requests', 'type': 'too_many_requests', 'param': None, 'code': 'too_many_requests'}}
Failed for Kiss - Heaven'S On Fire: Error code: 429 - {'error': {'message': 'Too Many Requests', 'type': 'too_many_requests', 'param': None, 'code': 'too_many_requests'}}
Failed for Chris Vrenna - Time To Die: Error code: 429 - {'error': {'message': 'Too Many Requests', 'type': 'too_many_requests', 'param': None, 'code': 'too_many_requests'}}
Failed for Sade - Jezebel: Error code: 429 - {'error': {'message': 'Too Many Requests', 'type': 'too_many_requests', 'param': None, 'code': 'too_many_requests'}}
Failed for Dntel - (This Is) The Dream Of Evan And Chan: Error code: 429 - {'error': {'message': 'Too Many Requests', 'type': 'too_many_requests', 'param': None, 'code': 'too_many_requests'}}
Failed for Amon Tobin - Kokubo Sosho Stealth: Error code: 429 - {'error': {'message': 'Too Many Requests', 'type': 'too_many_requests', 'param': None, 'code': 'too_many_requests'}}
Failed for Nelly Furtado - Legend: Error code: 429 - {'error': {'message': 'Too Many Requests', 'type': 'too_many_requests', 'param': None, 'code': 'too_many_requests'}}
Failed for Cypress Hill - Hits From The Bong: Error code: 429 - {'error': {'message': 'Too Many Requests', 'type': 'too_many_requests', 'param': None, 'code': 'too_many_requests'}}
Failed for The Books - An Animated Description Of Mr. Maps.: Error code: 429 - {'error': {'message': 'Too Many Requests', 'type': 'too_many_requests', 'param': None, 'code': 'too_many_requests'}}
Failed for Soilwork - Like The Average Stalker: Error code: 429 - {'error': {'message': 'Too Many Requests', 'type': 'too_many_requests', 'param': None, 'code': 'too_many_requests'}}
Failed for Tindersticks - Another Night In: Error code: 429 - {'error': {'message': 'Too Many Requests', 'type': 'too_many_requests', 'param': None, 'code': 'too_many_requests'}}
Failed for Soilwork - Grand Failure Anthem: Error code: 429 - {'error': {'message': 'Too Many Requests', 'type': 'too_many_requests', 'param': None, 'code': 'too_many_requests'}}
Failed for Soilwork - Sadistic Lullabye: Error code: 429 - {'error': {'message': 'Too Many Requests', 'type': 'too_many_requests', 'param': None, 'code': 'too_many_requests'}}
Failed for State Radio - Camilo: Error code: 429 - {'error': {'message': 'Too Many Requests', 'type': 'too_many_requests', 'param': None, 'code': 'too_many_requests'}}
Failed for Goodbooks - The Illness: Error code: 429 - {'error': {'message': 'Too Many Requests', 'type': 'too_many_requests', 'param': None, 'code': 'too_many_requests'}}
Failed for Good Shoes - May Lannoye: Error code: 429 - {'error': {'message': 'Too Many Requests', 'type': 'too_many_requests', 'param': None, 'code': 'too_many_requests'}}
Failed for Desaparecidos - Greater Omaha: Error code: 429 - {'error': {'message': 'Too Many Requests', 'type': 'too_many_requests', 'param': None, 'code': 'too_many_requests'}}
Failed for Desaparecidos - Hole In One: Error code: 429 - {'error': {'message': 'Too Many Requests', 'type': 'too_many_requests', 'param': None, 'code': 'too_many_requests'}}
Failed for Jens Lekman - Sky Phenomenon: Error code: 429 - {'error': {'message': 'Too Many Requests', 'type': 'too_many_requests', 'param': None, 'code': 'too_many_requests'}}
Failed for Simply Red - Sunrise: Error code: 429 - {'error': {'message': 'Too Many Requests', 'type': 'too_many_requests', 'param': None, 'code': 'too_many_requests'}}
Failed for Jenny Owen Youngs - P.S.: Error code: 429 - {'error': {'message': 'Too Many Requests', 'type': 'too_many_requests', 'param': None, 'code': 'too_many_requests'}}
Failed for Him - Love In Cold Blood: Error code: 429 - {'error': {'message': 'Too Many Requests', 'type': 'too_many_requests', 'param': None, 'code': 'too_many_requests'}}
Failed for Basshunter - Dota: Error code: 429 - {'error': {'message': 'Too Many Requests', 'type': 'too_many_requests', 'param': None, 'code': 'too_many_requests'}}
Failed for Enya - Someone Said Goodbye: Error code: 429 - {'error': {'message': 'Too Many Requests', 'type': 'too_many_requests', 'param': None, 'code': 'too_many_requests'}}
Failed for Arcturus - La Masquerade Infernale: Error code: 429 - {'error': {'message': 'Too Many Requests', 'type': 'too_many_requests', 'param': None, 'code': 'too_many_requests'}}
Failed for Static-X - I'M With Stupid: Error code: 429 - {'error': {'message': 'Too Many Requests', 'type': 'too_many_requests', 'param': None, 'code': 'too_many_requests'}}
Failed for Dolores O'Riordan - When We Were Young: Error code: 429 - {'error': {'message': 'Too Many Requests', 'type': 'too_many_requests', 'param': None, 'code': 'too_many_requests'}}
Failed for Don Johnson Big Band - Busy Relaxin': Error code: 429 - {'error': {'message': 'Too Many Requests', 'type': 'too_many_requests', 'param': None, 'code': 'too_many_requests'}}
Failed for Status Quo - Pictures Of Matchstick Men: Error code: 429 - {'error': {'message': 'Too Many Requests', 'type': 'too_many_requests', 'param': None, 'code': 'too_many_requests'}}
Failed for Joan As Police Woman - Feed The Light: Error code: 429 - {'error': {'message': 'Too Many Requests', 'type': 'too_many_requests', 'param': None, 'code': 'too_many_requests'}}
Failed for Erasure - Blue Savannah: Error code: 429 - {'error': {'message': 'Too Many Requests', 'type': 'too_many_requests', 'param': None, 'code': 'too_many_requests'}}
Failed for Aimee Mann - Calling It Quits: Error code: 429 - {'error': {'message': 'Too Many Requests', 'type': 'too_many_requests', 'param': None, 'code': 'too_many_requests'}}
Failed for Destroyer - Painter In Your Pocket: Error code: 429 - {'error': {'message': 'Too Many Requests', 'type': 'too_many_requests', 'param': None, 'code': 'too_many_requests'}}
Failed for Mark Ronson - Oh My God: Error code: 429 - {'error': {'message': 'Too Many Requests', 'type': 'too_many_requests', 'param': None, 'code': 'too_many_requests'}}
Failed for Joakim - I Wish You Were Gone: Error code: 429 - {'error': {'message': 'Too Many Requests', 'type': 'too_many_requests', 'param': None, 'code': 'too_many_requests'}}
Failed for Beck - Lazy Flies: Error code: 429 - {'error': {'message': 'Too Many Requests', 'type': 'too_many_requests', 'param': None, 'code': 'too_many_requests'}}
Failed for Soilwork - Skin After Skin: Error code: 429 - {'error': {'message': 'Too Many Requests', 'type': 'too_many_requests', 'param': None, 'code': 'too_many_requests'}}
Failed for Guns N' Bombs - Nothing Is Getting Us Anywhere: Error code: 429 - {'error': {'message': 'Too Many Requests', 'type': 'too_many_requests', 'param': None, 'code': 'too_many_requests'}}
Failed for Behemoth - Demigod: Error code: 429 - {'error': {'message': 'Too Many Requests', 'type': 'too_many_requests', 'param': None, 'code': 'too_many_requests'}}
1800/2988 done
Failed for Girls Aloud - Life Got Cold: Error code: 429 - {'error': {'message': 'Too Many Requests', 'type': 'too_many_requests', 'param': None, 'code': 'too_many_requests'}}
Failed for Archive - Goodbye: Error code: 429 - {'error': {'message': 'Too Many Requests', 'type': 'too_many_requests', 'param': None, 'code': 'too_many_requests'}}
Failed for Afi - Catch A Hot One: Error code: 429 - {'error': {'message': 'Too Many Requests', 'type': 'too_many_requests', 'param': None, 'code': 'too_many_requests'}}
Failed for Iron Maiden - The Loneliness Of The Long Distance Runner: Error code: 429 - {'error': {'message': 'Too Many Requests', 'type': 'too_many_requests', 'param': None, 'code': 'too_many_requests'}}
Failed for Malajube - La Monogamie: Error code: 429 - {'error': {'message': 'Too Many Requests', 'type': 'too_many_requests', 'param': None, 'code': 'too_many_requests'}}
Failed for The Blood Brothers - Six Nightmares At The Pinball Masquerade: Error code: 429 - {'error': {'message': 'Too Many Requests', 'type': 'too_many_requests', 'param': None, 'code': 'too_many_requests'}}
Failed for Janet Jackson - Rock With U: Error code: 429 - {'error': {'message': 'Too Many Requests', 'type': 'too_many_requests', 'param': None, 'code': 'too_many_requests'}}
Failed for Janis Joplin - Try (Just A Little Bit Harder): Error code: 429 - {'error': {'message': 'Too Many Requests', 'type': 'too_many_requests', 'param': None, 'code': 'too_many_requests'}}
Failed for Kate Havnevik - Grace: Error code: 429 - {'error': {'message': 'Too Many Requests', 'type': 'too_many_requests', 'param': None, 'code': 'too_many_requests'}}
Failed for Kate Nash - Foundations (Metronomy Remix): Error code: 429 - {'error': {'message': 'Too Many Requests', 'type': 'too_many_requests', 'param': None, 'code': 'too_many_requests'}}
Failed for Black Lips - Lock And Key: Error code: 429 - {'error': {'message': 'Too Many Requests', 'type': 'too_many_requests', 'param': None, 'code': 'too_many_requests'}}
Failed for Decoration - I Just Froze: Error code: 429 - {'error': {'message': 'Too Many Requests', 'type': 'too_many_requests', 'param': None, 'code': 'too_many_requests'}}
Failed for A Silver Mt. Zion - Sit In The Middle Of Three Galloping Dogs: Error code: 429 - {'error': {'message': 'Too Many Requests', 'type': 'too_many_requests', 'param': None, 'code': 'too_many_requests'}}
Failed for Boris - Blackout: Error code: 429 - {'error': {'message': 'Too Many Requests', 'type': 'too_many_requests', 'param': None, 'code': 'too_many_requests'}}
Failed for Swod - Attends: Error code: 429 - {'error': {'message': 'Too Many Requests', 'type': 'too_many_requests', 'param': None, 'code': 'too_many_requests'}}
Failed for Stephen Fretwell - Emily: Error code: 429 - {'error': {'message': 'Too Many Requests', 'type': 'too_many_requests', 'param': None, 'code': 'too_many_requests'}}
Failed for Stephen Malkmus - Pencil Rot: Error code: 429 - {'error': {'message': 'Too Many Requests', 'type': 'too_many_requests', 'param': None, 'code': 'too_many_requests'}}
Failed for Stephen Malkmus - Discretion Grove: Error code: 429 - {'error': {'message': 'Too Many Requests', 'type': 'too_many_requests', 'param': None, 'code': 'too_many_requests'}}
Failed for Circa Survive - Holding Someone'S Hair Back: Error code: 429 - {'error': {'message': 'Too Many Requests', 'type': 'too_many_requests', 'param': None, 'code': 'too_many_requests'}}
Failed for David Bowie - Look Back In Anger: Error code: 429 - {'error': {'message': 'Too Many Requests', 'type': 'too_many_requests', 'param': None, 'code': 'too_many_requests'}}
Failed for Aimee Mann - Dear John: Error code: 429 - {'error': {'message': 'Too Many Requests', 'type': 'too_many_requests', 'param': None, 'code': 'too_many_requests'}}
Failed for Basshunter - Patrik Och Lillen - Vifta Med Händerna: Error code: 429 - {'error': {'message': 'Too Many Requests', 'type': 'too_many_requests', 'param': None, 'code': 'too_many_requests'}}
Failed for The Velvet Underground - Chelsea Girls: Error code: 429 - {'error': {'message': 'Too Many Requests', 'type': 'too_many_requests', 'param': None, 'code': 'too_many_requests'}}
Failed for Silverchair - Slave: Error code: 429 - {'error': {'message': 'Too Many Requests', 'type': 'too_many_requests', 'param': None, 'code': 'too_many_requests'}}
Failed for Basement Jaxx - Run 4 Cover: Error code: 429 - {'error': {'message': 'Too Many Requests', 'type': 'too_many_requests', 'param': None, 'code': 'too_many_requests'}}
Failed for Forgotten Boys - R'N'R Band: Error code: 429 - {'error': {'message': 'Too Many Requests', 'type': 'too_many_requests', 'param': None, 'code': 'too_many_requests'}}
Failed for Forgotten Boys - I Wanna Live Until I Die: Error code: 429 - {'error': {'message': 'Too Many Requests', 'type': 'too_many_requests', 'param': None, 'code': 'too_many_requests'}}
Failed for D'Nash - I Love You Mi Vida (Spain): Error code: 429 - {'error': {'message': 'Too Many Requests', 'type': 'too_many_requests', 'param': None, 'code': 'too_many_requests'}}
Failed for Deus - The Architect: Error code: 429 - {'error': {'message': 'Too Many Requests', 'type': 'too_many_requests', 'param': None, 'code': 'too_many_requests'}}
Failed for Papa Roach - Sometimes: Error code: 429 - {'error': {'message': 'Too Many Requests', 'type': 'too_many_requests', 'param': None, 'code': 'too_many_requests'}}
Failed for Rise Against - Like The Angel: Error code: 429 - {'error': {'message': 'Too Many Requests', 'type': 'too_many_requests', 'param': None, 'code': 'too_many_requests'}}
Failed for Moby - Love Should: Error code: 429 - {'error': {'message': 'Too Many Requests', 'type': 'too_many_requests', 'param': None, 'code': 'too_many_requests'}}
Failed for Mokoma - Uni Saa Tulla: Error code: 429 - {'error': {'message': 'Too Many Requests', 'type': 'too_many_requests', 'param': None, 'code': 'too_many_requests'}}
Failed for Iggy Pop - Baby: Error code: 429 - {'error': {'message': 'Too Many Requests', 'type': 'too_many_requests', 'param': None, 'code': 'too_many_requests'}}
Failed for Underworld - Beautiful Burnout: Error code: 429 - {'error': {'message': 'Too Many Requests', 'type': 'too_many_requests', 'param': None, 'code': 'too_many_requests'}}
Failed for R.E.M. - I Took Your Name: Error code: 429 - {'error': {'message': 'Too Many Requests', 'type': 'too_many_requests', 'param': None, 'code': 'too_many_requests'}}
Failed for Municipal Waste - Guilty Of Being Tight: Error code: 429 - {'error': {'message': 'Too Many Requests', 'type': 'too_many_requests', 'param': None, 'code': 'too_many_requests'}}
Failed for Neko Case - Tightly: Error code: 429 - {'error': {'message': 'Too Many Requests', 'type': 'too_many_requests', 'param': None, 'code': 'too_many_requests'}}
Failed for Hank Williams Iii - One Horse Town: Error code: 429 - {'error': {'message': 'Too Many Requests', 'type': 'too_many_requests', 'param': None, 'code': 'too_many_requests'}}
Failed for Devendra Banhart - I Do Dig A Certain Girl: Error code: 429 - {'error': {'message': 'Too Many Requests', 'type': 'too_many_requests', 'param': None, 'code': 'too_many_requests'}}
Failed for Hank Williams Iii - Lovin' & Huggin': Error code: 429 - {'error': {'message': 'Too Many Requests', 'type': 'too_many_requests', 'param': None, 'code': 'too_many_requests'}}
Failed for Combichrist - Turmoil: Error code: 429 - {'error': {'message': 'Too Many Requests', 'type': 'too_many_requests', 'param': None, 'code': 'too_many_requests'}}
Failed for Coldplay - Postcards From Far Away: Error code: 429 - {'error': {'message': 'Too Many Requests', 'type': 'too_many_requests', 'param': None, 'code': 'too_many_requests'}}
Failed for Iggy Pop - Tonight: Error code: 429 - {'error': {'message': 'Too Many Requests', 'type': 'too_many_requests', 'param': None, 'code': 'too_many_requests'}}
Failed for Sam Sparro - Cottonmouth: Error code: 429 - {'error': {'message': 'Too Many Requests', 'type': 'too_many_requests', 'param': None, 'code': 'too_many_requests'}}
Failed for Vast - Be With Me: Error code: 429 - {'error': {'message': 'Too Many Requests', 'type': 'too_many_requests', 'param': None, 'code': 'too_many_requests'}}
Failed for Dethklok - Awaken: Error code: 429 - {'error': {'message': 'Too Many Requests', 'type': 'too_many_requests', 'param': None, 'code': 'too_many_requests'}}
Failed for The Black Keys - Goodbye Babylon: Error code: 429 - {'error': {'message': 'Too Many Requests', 'type': 'too_many_requests', 'param': None, 'code': 'too_many_requests'}}
Failed for Soulwax - E Talking (Tiga'S Disco Drama Remix): Error code: 429 - {'error': {'message': 'Too Many Requests', 'type': 'too_many_requests', 'param': None, 'code': 'too_many_requests'}}
Failed for The 69 Eyes - Star Of Fate: Error code: 429 - {'error': {'message': 'Too Many Requests', 'type': 'too_many_requests', 'param': None, 'code': 'too_many_requests'}}
Failed for Taking Back Sunday - The Blue Channel: Error code: 429 - {'error': {'message': 'Too Many Requests', 'type': 'too_many_requests', 'param': None, 'code': 'too_many_requests'}}
Failed for Pelican - Sirius: Error code: 429 - {'error': {'message': 'Too Many Requests', 'type': 'too_many_requests', 'param': None, 'code': 'too_many_requests'}}
Failed for Minus The Bear - Burying Luck: Error code: 429 - {'error': {'message': 'Too Many Requests', 'type': 'too_many_requests', 'param': None, 'code': 'too_many_requests'}}
Failed for A Place To Bury Strangers - Breathe: Error code: 429 - {'error': {'message': 'Too Many Requests', 'type': 'too_many_requests', 'param': None, 'code': 'too_many_requests'}}
Failed for Pati Yang - 19:53 North West: Error code: 429 - {'error': {'message': 'Too Many Requests', 'type': 'too_many_requests', 'param': None, 'code': 'too_many_requests'}}
Failed for Kasabian - Empire (Single Edit): Error code: 429 - {'error': {'message': 'Too Many Requests', 'type': 'too_many_requests', 'param': None, 'code': 'too_many_requests'}}
Failed for Amon Amarth - Valhall Awaits Me: Error code: 429 - {'error': {'message': 'Too Many Requests', 'type': 'too_many_requests', 'param': None, 'code': 'too_many_requests'}}
Failed for The Waitresses - Christmas Wrapping: Error code: 429 - {'error': {'message': 'Too Many Requests', 'type': 'too_many_requests', 'param': None, 'code': 'too_many_requests'}}
Failed for Air - All I Need (Feat. Beth Hirsch): Error code: 429 - {'error': {'message': 'Too Many Requests', 'type': 'too_many_requests', 'param': None, 'code': 'too_many_requests'}}
Failed for Cake - Race Car Ya-Yas: Error code: 429 - {'error': {'message': 'Too Many Requests', 'type': 'too_many_requests', 'param': None, 'code': 'too_many_requests'}}
Failed for Cake - Open Book: Error code: 429 - {'error': {'message': 'Too Many Requests', 'type': 'too_many_requests', 'param': None, 'code': 'too_many_requests'}}
Failed for The Future Sound Of London - Her Face Forms In Summertime: Error code: 429 - {'error': {'message': 'Too Many Requests', 'type': 'too_many_requests', 'param': None, 'code': 'too_many_requests'}}
Failed for Jeff Buckley - Vancouver: Error code: 429 - {'error': {'message': 'Too Many Requests', 'type': 'too_many_requests', 'param': None, 'code': 'too_many_requests'}}
Failed for Passion Pit - I'Ve Got Your Number: Error code: 429 - {'error': {'message': 'Too Many Requests', 'type': 'too_many_requests', 'param': None, 'code': 'too_many_requests'}}
Failed for Chevelle - Point #1: Error code: 429 - {'error': {'message': 'Too Many Requests', 'type': 'too_many_requests', 'param': None, 'code': 'too_many_requests'}}
Failed for Belle And Sebastian - A Century Of Fakers: Error code: 429 - {'error': {'message': 'Too Many Requests', 'type': 'too_many_requests', 'param': None, 'code': 'too_many_requests'}}
Failed for The Who - Tattoo: Error code: 429 - {'error': {'message': 'Too Many Requests', 'type': 'too_many_requests', 'param': None, 'code': 'too_many_requests'}}
Failed for Nellie Mckay - There You Are In Me: Error code: 429 - {'error': {'message': 'Too Many Requests', 'type': 'too_many_requests', 'param': None, 'code': 'too_many_requests'}}
Failed for Lao Che - Bóg Zapłać: Error code: 429 - {'error': {'message': 'Too Many Requests', 'type': 'too_many_requests', 'param': None, 'code': 'too_many_requests'}}
Failed for Lcd Soundsystem - New York I Love You: Error code: 429 - {'error': {'message': 'Too Many Requests', 'type': 'too_many_requests', 'param': None, 'code': 'too_many_requests'}}
Failed for Eric Clapton - Knockin' On Heaven'S Door: Error code: 429 - {'error': {'message': 'Too Many Requests', 'type': 'too_many_requests', 'param': None, 'code': 'too_many_requests'}}
Failed for Lcd Soundsystem - Tired: Error code: 429 - {'error': {'message': 'Too Many Requests', 'type': 'too_many_requests', 'param': None, 'code': 'too_many_requests'}}
Failed for Live - Feel The Quiet River Rage: Error code: 429 - {'error': {'message': 'Too Many Requests', 'type': 'too_many_requests', 'param': None, 'code': 'too_many_requests'}}
Failed for David Bowie - After All: Error code: 429 - {'error': {'message': 'Too Many Requests', 'type': 'too_many_requests', 'param': None, 'code': 'too_many_requests'}}
Failed for The Faint - Dust: Error code: 429 - {'error': {'message': 'Too Many Requests', 'type': 'too_many_requests', 'param': None, 'code': 'too_many_requests'}}
Failed for Ramones - Listen To My Heart: Error code: 429 - {'error': {'message': 'Too Many Requests', 'type': 'too_many_requests', 'param': None, 'code': 'too_many_requests'}}
Failed for Aimee Mann - Nothing Is Good Enough: Error code: 429 - {'error': {'message': 'Too Many Requests', 'type': 'too_many_requests', 'param': None, 'code': 'too_many_requests'}}
Failed for Marilyn Manson - Burning Flag: Error code: 429 - {'error': {'message': 'Too Many Requests', 'type': 'too_many_requests', 'param': None, 'code': 'too_many_requests'}}
Failed for Dave Matthews Band - Rapunzel: Error code: 429 - {'error': {'message': 'Too Many Requests', 'type': 'too_many_requests', 'param': None, 'code': 'too_many_requests'}}
Failed for Pixies - Motorway To Roswell: Error code: 429 - {'error': {'message': 'Too Many Requests', 'type': 'too_many_requests', 'param': None, 'code': 'too_many_requests'}}
Failed for Erykah Badu - Rimshot (Intro): Error code: 429 - {'error': {'message': 'Too Many Requests', 'type': 'too_many_requests', 'param': None, 'code': 'too_many_requests'}}
Failed for Sara Bareilles - Vegas: Error code: 429 - {'error': {'message': 'Too Many Requests', 'type': 'too_many_requests', 'param': None, 'code': 'too_many_requests'}}
Failed for Erykah Badu - Amerykahn Promise: Error code: 429 - {'error': {'message': 'Too Many Requests', 'type': 'too_many_requests', 'param': None, 'code': 'too_many_requests'}}
Failed for Dave Matthews Band - So Much To Say: Error code: 429 - {'error': {'message': 'Too Many Requests', 'type': 'too_many_requests', 'param': None, 'code': 'too_many_requests'}}
Failed for Loreena Mckennitt - Samain Night: Error code: 429 - {'error': {'message': 'Too Many Requests', 'type': 'too_many_requests', 'param': None, 'code': 'too_many_requests'}}
Failed for Genesis - Duchess: Error code: 429 - {'error': {'message': 'Too Many Requests', 'type': 'too_many_requests', 'param': None, 'code': 'too_many_requests'}}
Failed for Nicole - Veneno: Error code: 429 - {'error': {'message': 'Too Many Requests', 'type': 'too_many_requests', 'param': None, 'code': 'too_many_requests'}}
Failed for Ed Harcourt - Let Love Not Weigh Me Down: Error code: 429 - {'error': {'message': 'Too Many Requests', 'type': 'too_many_requests', 'param': None, 'code': 'too_many_requests'}}
Failed for The Twang - Wide Awake: Error code: 429 - {'error': {'message': 'Too Many Requests', 'type': 'too_many_requests', 'param': None, 'code': 'too_many_requests'}}
Failed for Blink-182 - Everytime I Look For You: Error code: 429 - {'error': {'message': 'Too Many Requests', 'type': 'too_many_requests', 'param': None, 'code': 'too_many_requests'}}
Failed for Blink-182 - Josie: Error code: 429 - {'error': {'message': 'Too Many Requests', 'type': 'too_many_requests', 'param': None, 'code': 'too_many_requests'}}
Failed for Vnv Nation - Entropy: Error code: 429 - {'error': {'message': 'Too Many Requests', 'type': 'too_many_requests', 'param': None, 'code': 'too_many_requests'}}
Failed for Gorillaz - Highway (Under Construction): Error code: 429 - {'error': {'message': 'Too Many Requests', 'type': 'too_many_requests', 'param': None, 'code': 'too_many_requests'}}
Failed for Arch Enemy - I Will Live Again: Error code: 429 - {'error': {'message': 'Too Many Requests', 'type': 'too_many_requests', 'param': None, 'code': 'too_many_requests'}}
Failed for Ramones - I Wanna Be Well: Error code: 429 - {'error': {'message': 'Too Many Requests', 'type': 'too_many_requests', 'param': None, 'code': 'too_many_requests'}}
1900/2988 done
Failed for Devendra Banhart - This Beard Is For Siobhan: Error code: 429 - {'error': {'message': 'Too Many Requests', 'type': 'too_many_requests', 'param': None, 'code': 'too_many_requests'}}
Failed for Travis - Dear Diary: Error code: 429 - {'error': {'message': 'Too Many Requests', 'type': 'too_many_requests', 'param': None, 'code': 'too_many_requests'}}
Failed for The Used - Find A Way: Error code: 429 - {'error': {'message': 'Too Many Requests', 'type': 'too_many_requests', 'param': None, 'code': 'too_many_requests'}}
Failed for Maps - Elouise: Error code: 429 - {'error': {'message': 'Too Many Requests', 'type': 'too_many_requests', 'param': None, 'code': 'too_many_requests'}}
Failed for Metronomy - Nights Intro: Error code: 429 - {'error': {'message': 'Too Many Requests', 'type': 'too_many_requests', 'param': None, 'code': 'too_many_requests'}}
Failed for Muscles - One Inch Badge Pin: Error code: 429 - {'error': {'message': 'Too Many Requests', 'type': 'too_many_requests', 'param': None, 'code': 'too_many_requests'}}
Failed for Muse - Ashamed: Error code: 429 - {'error': {'message': 'Too Many Requests', 'type': 'too_many_requests', 'param': None, 'code': 'too_many_requests'}}
Failed for The Offspring - Can'T Repeat: Error code: 429 - {'error': {'message': 'Too Many Requests', 'type': 'too_many_requests', 'param': None, 'code': 'too_many_requests'}}
Failed for Errors - Crew Cut: Error code: 429 - {'error': {'message': 'Too Many Requests', 'type': 'too_many_requests', 'param': None, 'code': 'too_many_requests'}}
Failed for Gossip - Eyes Open: Error code: 429 - {'error': {'message': 'Too Many Requests', 'type': 'too_many_requests', 'param': None, 'code': 'too_many_requests'}}
Failed for Daughtry - Crashed: Error code: 429 - {'error': {'message': 'Too Many Requests', 'type': 'too_many_requests', 'param': None, 'code': 'too_many_requests'}}
Failed for The Birthday Massacre - Science: Error code: 429 - {'error': {'message': 'Too Many Requests', 'type': 'too_many_requests', 'param': None, 'code': 'too_many_requests'}}
Failed for Daedelus - Fair Weather Friends: Error code: 429 - {'error': {'message': 'Too Many Requests', 'type': 'too_many_requests', 'param': None, 'code': 'too_many_requests'}}
Failed for Vanessa Hudgens - Say Ok: Error code: 429 - {'error': {'message': 'Too Many Requests', 'type': 'too_many_requests', 'param': None, 'code': 'too_many_requests'}}
Failed for The Zutons - Oh Stacey (Look What You'Ve Done!): Error code: 429 - {'error': {'message': 'Too Many Requests', 'type': 'too_many_requests', 'param': None, 'code': 'too_many_requests'}}
Failed for Zwan - El Sol: Error code: 429 - {'error': {'message': 'Too Many Requests', 'type': 'too_many_requests', 'param': None, 'code': 'too_many_requests'}}
Failed for Penguin Cafe Orchestra - Perpetuum Mobile: Error code: 429 - {'error': {'message': 'Too Many Requests', 'type': 'too_many_requests', 'param': None, 'code': 'too_many_requests'}}
Failed for Modest Mouse - Dirty Fingernails: Error code: 429 - {'error': {'message': 'Too Many Requests', 'type': 'too_many_requests', 'param': None, 'code': 'too_many_requests'}}
Failed for Marilyn Manson - Godeatgod: Error code: 429 - {'error': {'message': 'Too Many Requests', 'type': 'too_many_requests', 'param': None, 'code': 'too_many_requests'}}
Failed for Deftones - Rickets: Error code: 429 - {'error': {'message': 'Too Many Requests', 'type': 'too_many_requests', 'param': None, 'code': 'too_many_requests'}}
Failed for John Legend - Slow Dance: Error code: 429 - {'error': {'message': 'Too Many Requests', 'type': 'too_many_requests', 'param': None, 'code': 'too_many_requests'}}
Failed for Of Montreal - St. Exquisite'S Confessions: Error code: 429 - {'error': {'message': 'Too Many Requests', 'type': 'too_many_requests', 'param': None, 'code': 'too_many_requests'}}
Failed for Pet Shop Boys - Vulnerable: Error code: 429 - {'error': {'message': 'Too Many Requests', 'type': 'too_many_requests', 'param': None, 'code': 'too_many_requests'}}
Failed for Of Montreal - Du Og Meg: Error code: 429 - {'error': {'message': 'Too Many Requests', 'type': 'too_many_requests', 'param': None, 'code': 'too_many_requests'}}
Failed for Shuggie Otis - Strawberry Letter 23: Error code: 429 - {'error': {'message': 'Too Many Requests', 'type': 'too_many_requests', 'param': None, 'code': 'too_many_requests'}}
Failed for No Age - Miner: Error code: 429 - {'error': {'message': 'Too Many Requests', 'type': 'too_many_requests', 'param': None, 'code': 'too_many_requests'}}
Failed for Anathema - Destiny Is Dead: Error code: 429 - {'error': {'message': 'Too Many Requests', 'type': 'too_many_requests', 'param': None, 'code': 'too_many_requests'}}
Failed for Sara Bareilles - Morningside: Error code: 429 - {'error': {'message': 'Too Many Requests', 'type': 'too_many_requests', 'param': None, 'code': 'too_many_requests'}}
Failed for Isobel Campbell & Mark Lanegan - Ballad Of The Broken Seas: Error code: 429 - {'error': {'message': 'Too Many Requests', 'type': 'too_many_requests', 'param': None, 'code': 'too_many_requests'}}
Failed for Between The Buried And Me - Informal Gluttony: Error code: 429 - {'error': {'message': 'Too Many Requests', 'type': 'too_many_requests', 'param': None, 'code': 'too_many_requests'}}
Failed for The Birthday Massacre - Violet: Error code: 429 - {'error': {'message': 'Too Many Requests', 'type': 'too_many_requests', 'param': None, 'code': 'too_many_requests'}}
Failed for Yann Tiersen - Le Matin: Error code: 429 - {'error': {'message': 'Too Many Requests', 'type': 'too_many_requests', 'param': None, 'code': 'too_many_requests'}}
Failed for Guns N' Roses - Buick Makane (Big Dumb Sex): Error code: 429 - {'error': {'message': 'Too Many Requests', 'type': 'too_many_requests', 'param': None, 'code': 'too_many_requests'}}
Failed for Nouvelle Vague - Marianne: Error code: 429 - {'error': {'message': 'Too Many Requests', 'type': 'too_many_requests', 'param': None, 'code': 'too_many_requests'}}
Failed for Paul Mccartney - Vanilla Sky: Error code: 429 - {'error': {'message': 'Too Many Requests', 'type': 'too_many_requests', 'param': None, 'code': 'too_many_requests'}}
Failed for Joseph Arthur - Echo Park: Error code: 429 - {'error': {'message': 'Too Many Requests', 'type': 'too_many_requests', 'param': None, 'code': 'too_many_requests'}}
Failed for Da Buzz - Alive (Radio Edit): Error code: 429 - {'error': {'message': 'Too Many Requests', 'type': 'too_many_requests', 'param': None, 'code': 'too_many_requests'}}
Failed for Prince - I Could Never Take The Place Of Your Man: Error code: 429 - {'error': {'message': 'Too Many Requests', 'type': 'too_many_requests', 'param': None, 'code': 'too_many_requests'}}
Failed for Dave Matthews Band - Angel: Error code: 429 - {'error': {'message': 'Too Many Requests', 'type': 'too_many_requests', 'param': None, 'code': 'too_many_requests'}}
Failed for The Hold Steady - Navy Sheets: Error code: 429 - {'error': {'message': 'Too Many Requests', 'type': 'too_many_requests', 'param': None, 'code': 'too_many_requests'}}
Failed for Strapping Young Lad - We Ride: Error code: 429 - {'error': {'message': 'Too Many Requests', 'type': 'too_many_requests', 'param': None, 'code': 'too_many_requests'}}
Failed for Strapping Young Lad - Aftermath: Error code: 429 - {'error': {'message': 'Too Many Requests', 'type': 'too_many_requests', 'param': None, 'code': 'too_many_requests'}}
Failed for The Warlocks - Come Save Us: Error code: 429 - {'error': {'message': 'Too Many Requests', 'type': 'too_many_requests', 'param': None, 'code': 'too_many_requests'}}
Failed for Kt Tunstall - If Only: Error code: 429 - {'error': {'message': 'Too Many Requests', 'type': 'too_many_requests', 'param': None, 'code': 'too_many_requests'}}
Failed for Eurythmics - Missionary Man: Error code: 429 - {'error': {'message': 'Too Many Requests', 'type': 'too_many_requests', 'param': None, 'code': 'too_many_requests'}}
Failed for The Sisters Of Mercy - Possession: Error code: 429 - {'error': {'message': 'Too Many Requests', 'type': 'too_many_requests', 'param': None, 'code': 'too_many_requests'}}
Failed for The Album Leaf - The Light: Error code: 429 - {'error': {'message': 'Too Many Requests', 'type': 'too_many_requests', 'param': None, 'code': 'too_many_requests'}}
Failed for Neil Young - Comes A Time: Error code: 429 - {'error': {'message': 'Too Many Requests', 'type': 'too_many_requests', 'param': None, 'code': 'too_many_requests'}}
Failed for Shout Out Louds - Shut Your Eyes: Error code: 429 - {'error': {'message': 'Too Many Requests', 'type': 'too_many_requests', 'param': None, 'code': 'too_many_requests'}}
Failed for Flight Of The Conchords - Bowie: Error code: 429 - {'error': {'message': 'Too Many Requests', 'type': 'too_many_requests', 'param': None, 'code': 'too_many_requests'}}
Failed for Queen - Nevermore: Error code: 429 - {'error': {'message': 'Too Many Requests', 'type': 'too_many_requests', 'param': None, 'code': 'too_many_requests'}}
Failed for Unkle - Back And Forth: Error code: 429 - {'error': {'message': 'Too Many Requests', 'type': 'too_many_requests', 'param': None, 'code': 'too_many_requests'}}
Failed for Towers Of London - Air Guitar: Error code: 429 - {'error': {'message': 'Too Many Requests', 'type': 'too_many_requests', 'param': None, 'code': 'too_many_requests'}}
Failed for Within Temptation - What Have You Done (Rock Mix): Error code: 429 - {'error': {'message': 'Too Many Requests', 'type': 'too_many_requests', 'param': None, 'code': 'too_many_requests'}}
Failed for The Velvet Underground - Sweet Jane (Full Length Version): Error code: 429 - {'error': {'message': 'Too Many Requests', 'type': 'too_many_requests', 'param': None, 'code': 'too_many_requests'}}
Failed for Carcass - Doctrinal Expletives: Error code: 429 - {'error': {'message': 'Too Many Requests', 'type': 'too_many_requests', 'param': None, 'code': 'too_many_requests'}}
Failed for Devin Townsend - Bad Devil: Error code: 429 - {'error': {'message': 'Too Many Requests', 'type': 'too_many_requests', 'param': None, 'code': 'too_many_requests'}}
Failed for Swallow The Sun - Deadly Nightshade: Error code: 429 - {'error': {'message': 'Too Many Requests', 'type': 'too_many_requests', 'param': None, 'code': 'too_many_requests'}}
Failed for Tiamat - Cold Seed: Error code: 429 - {'error': {'message': 'Too Many Requests', 'type': 'too_many_requests', 'param': None, 'code': 'too_many_requests'}}
Failed for Cloud Cult - Chemicals Collide: Error code: 429 - {'error': {'message': 'Too Many Requests', 'type': 'too_many_requests', 'param': None, 'code': 'too_many_requests'}}
Failed for Daedelus - Sundown: Error code: 429 - {'error': {'message': 'Too Many Requests', 'type': 'too_many_requests', 'param': None, 'code': 'too_many_requests'}}
Failed for Pj Harvey - One Time Too Many: Error code: 429 - {'error': {'message': 'Too Many Requests', 'type': 'too_many_requests', 'param': None, 'code': 'too_many_requests'}}
Failed for Wreckless Eric - Whole Wide World: Error code: 429 - {'error': {'message': 'Too Many Requests', 'type': 'too_many_requests', 'param': None, 'code': 'too_many_requests'}}
Failed for Eternal Tears Of Sorrow - Blood Of Hatred: Error code: 429 - {'error': {'message': 'Too Many Requests', 'type': 'too_many_requests', 'param': None, 'code': 'too_many_requests'}}
Failed for Avril Lavigne - Together: Error code: 429 - {'error': {'message': 'Too Many Requests', 'type': 'too_many_requests', 'param': None, 'code': 'too_many_requests'}}
Failed for Devendra Banhart - So Long Old Bean: Error code: 429 - {'error': {'message': 'Too Many Requests', 'type': 'too_many_requests', 'param': None, 'code': 'too_many_requests'}}
Failed for Vnv Nation - Liebestod: Error code: 429 - {'error': {'message': 'Too Many Requests', 'type': 'too_many_requests', 'param': None, 'code': 'too_many_requests'}}
Failed for The Go! Team - Titanic Vandalism: Error code: 429 - {'error': {'message': 'Too Many Requests', 'type': 'too_many_requests', 'param': None, 'code': 'too_many_requests'}}
Failed for Le Tigre - Les And Ray: Error code: 429 - {'error': {'message': 'Too Many Requests', 'type': 'too_many_requests', 'param': None, 'code': 'too_many_requests'}}
Failed for The Long Winters - Pushover: Error code: 429 - {'error': {'message': 'Too Many Requests', 'type': 'too_many_requests', 'param': None, 'code': 'too_many_requests'}}
Failed for Andrew Bird - Tenuousness: Error code: 429 - {'error': {'message': 'Too Many Requests', 'type': 'too_many_requests', 'param': None, 'code': 'too_many_requests'}}
Failed for Hypocrisy - Elastic Inverted Visions: Error code: 429 - {'error': {'message': 'Too Many Requests', 'type': 'too_many_requests', 'param': None, 'code': 'too_many_requests'}}
Failed for Carcass - Cross My Heart: Error code: 429 - {'error': {'message': 'Too Many Requests', 'type': 'too_many_requests', 'param': None, 'code': 'too_many_requests'}}
Failed for Leftfield - Storm 3000: Error code: 429 - {'error': {'message': 'Too Many Requests', 'type': 'too_many_requests', 'param': None, 'code': 'too_many_requests'}}
Failed for Amiina - Kolapot: Error code: 429 - {'error': {'message': 'Too Many Requests', 'type': 'too_many_requests', 'param': None, 'code': 'too_many_requests'}}
Failed for Manu Chao - Trapped By Love: Error code: 429 - {'error': {'message': 'Too Many Requests', 'type': 'too_many_requests', 'param': None, 'code': 'too_many_requests'}}
Failed for Aerosmith - Toys In The Attic: Error code: 429 - {'error': {'message': 'Too Many Requests', 'type': 'too_many_requests', 'param': None, 'code': 'too_many_requests'}}
Failed for My Bloody Valentine - You Made Me Realise: Error code: 429 - {'error': {'message': 'Too Many Requests', 'type': 'too_many_requests', 'param': None, 'code': 'too_many_requests'}}
Failed for Jamiroquai - Everyday: Error code: 429 - {'error': {'message': 'Too Many Requests', 'type': 'too_many_requests', 'param': None, 'code': 'too_many_requests'}}
Failed for Beverley Craven - Promise Me: Error code: 429 - {'error': {'message': 'Too Many Requests', 'type': 'too_many_requests', 'param': None, 'code': 'too_many_requests'}}
Failed for Booka Shade - Wasting Time: Error code: 429 - {'error': {'message': 'Too Many Requests', 'type': 'too_many_requests', 'param': None, 'code': 'too_many_requests'}}
Failed for The Warlocks - Gypsy Nightmare: Error code: 429 - {'error': {'message': 'Too Many Requests', 'type': 'too_many_requests', 'param': None, 'code': 'too_many_requests'}}
Failed for Leona Naess - Christmas: Error code: 429 - {'error': {'message': 'Too Many Requests', 'type': 'too_many_requests', 'param': None, 'code': 'too_many_requests'}}
Failed for Rammstein - Weisses Fleisch: Error code: 429 - {'error': {'message': 'Too Many Requests', 'type': 'too_many_requests', 'param': None, 'code': 'too_many_requests'}}
Failed for Sons And Daughters - Johnny Cash: Error code: 429 - {'error': {'message': 'Too Many Requests', 'type': 'too_many_requests', 'param': None, 'code': 'too_many_requests'}}
Failed for Gentle Giant - Knots: Error code: 429 - {'error': {'message': 'Too Many Requests', 'type': 'too_many_requests', 'param': None, 'code': 'too_many_requests'}}
Failed for Saul Williams - Grippo: Error code: 429 - {'error': {'message': 'Too Many Requests', 'type': 'too_many_requests', 'param': None, 'code': 'too_many_requests'}}
Failed for Dizzee Rascal - Sirens: Error code: 429 - {'error': {'message': 'Too Many Requests', 'type': 'too_many_requests', 'param': None, 'code': 'too_many_requests'}}
Failed for Satyricon - Delirium: Error code: 429 - {'error': {'message': 'Too Many Requests', 'type': 'too_many_requests', 'param': None, 'code': 'too_many_requests'}}
Failed for Kanye West - Gone (Feat. Consequence & Cam'Ron): Error code: 429 - {'error': {'message': 'Too Many Requests', 'type': 'too_many_requests', 'param': None, 'code': 'too_many_requests'}}
Failed for Jamiroquai - Drifting Along: Error code: 429 - {'error': {'message': 'Too Many Requests', 'type': 'too_many_requests', 'param': None, 'code': 'too_many_requests'}}
Failed for Kanye West - School Spirit: Error code: 429 - {'error': {'message': 'Too Many Requests', 'type': 'too_many_requests', 'param': None, 'code': 'too_many_requests'}}
Failed for Dashboard Confessional - The Good Fight: Error code: 429 - {'error': {'message': 'Too Many Requests', 'type': 'too_many_requests', 'param': None, 'code': 'too_many_requests'}}
Failed for Bon Iver - Woods: Error code: 429 - {'error': {'message': 'Too Many Requests', 'type': 'too_many_requests', 'param': None, 'code': 'too_many_requests'}}
Failed for Dashboard Confessional - So Impossible: Error code: 429 - {'error': {'message': 'Too Many Requests', 'type': 'too_many_requests', 'param': None, 'code': 'too_many_requests'}}
Failed for Coldplay - Trouble (Acoustic): Error code: 429 - {'error': {'message': 'Too Many Requests', 'type': 'too_many_requests', 'param': None, 'code': 'too_many_requests'}}
2000/2988 done
Failed for Belle And Sebastian - Jonathan David: Error code: 429 - {'error': {'message': 'Too Many Requests', 'type': 'too_many_requests', 'param': None, 'code': 'too_many_requests'}}
Failed for Primal Scream - Exterminator: Error code: 429 - {'error': {'message': 'Too Many Requests', 'type': 'too_many_requests', 'param': None, 'code': 'too_many_requests'}}
Failed for P!Nk - Fingers: Error code: 429 - {'error': {'message': 'Too Many Requests', 'type': 'too_many_requests', 'param': None, 'code': 'too_many_requests'}}
Failed for Placebo - Swallow: Error code: 429 - {'error': {'message': 'Too Many Requests', 'type': 'too_many_requests', 'param': None, 'code': 'too_many_requests'}}
Failed for The Bird And The Bee - I Hate Camera: Error code: 429 - {'error': {'message': 'Too Many Requests', 'type': 'too_many_requests', 'param': None, 'code': 'too_many_requests'}}
Failed for Van Morrison - Ballerina: Error code: 429 - {'error': {'message': 'Too Many Requests', 'type': 'too_many_requests', 'param': None, 'code': 'too_many_requests'}}
Failed for The American Analog Set - Punk As Fuck: Error code: 429 - {'error': {'message': 'Too Many Requests', 'type': 'too_many_requests', 'param': None, 'code': 'too_many_requests'}}
Failed for Darren Hayes - So Beautiful: Error code: 429 - {'error': {'message': 'Too Many Requests', 'type': 'too_many_requests', 'param': None, 'code': 'too_many_requests'}}
Failed for My Chemical Romance - Early Sunsets Over Monroeville: Error code: 429 - {'error': {'message': 'Too Many Requests', 'type': 'too_many_requests', 'param': None, 'code': 'too_many_requests'}}
Failed for Iliketrains - Twenty Five Sins: Error code: 429 - {'error': {'message': 'Too Many Requests', 'type': 'too_many_requests', 'param': None, 'code': 'too_many_requests'}}
Failed for Deerhoof - Running Thoughts: Error code: 429 - {'error': {'message': 'Too Many Requests', 'type': 'too_many_requests', 'param': None, 'code': 'too_many_requests'}}
Failed for Diablo - Queen Of Entity: Error code: 429 - {'error': {'message': 'Too Many Requests', 'type': 'too_many_requests', 'param': None, 'code': 'too_many_requests'}}
Failed for Sonata Arctica - Sing In Silence: Error code: 429 - {'error': {'message': 'Too Many Requests', 'type': 'too_many_requests', 'param': None, 'code': 'too_many_requests'}}
Failed for Chris Garneau - Not Nice: Error code: 429 - {'error': {'message': 'Too Many Requests', 'type': 'too_many_requests', 'param': None, 'code': 'too_many_requests'}}
Failed for The Rakes - Down With Moonlight: Error code: 429 - {'error': {'message': 'Too Many Requests', 'type': 'too_many_requests', 'param': None, 'code': 'too_many_requests'}}
Failed for Chris Garneau - So Far: Error code: 429 - {'error': {'message': 'Too Many Requests', 'type': 'too_many_requests', 'param': None, 'code': 'too_many_requests'}}
Failed for Placebo - Holocaust: Error code: 429 - {'error': {'message': 'Too Many Requests', 'type': 'too_many_requests', 'param': None, 'code': 'too_many_requests'}}
Failed for Mindless Self Indulgence - Tornado: Error code: 429 - {'error': {'message': 'Too Many Requests', 'type': 'too_many_requests', 'param': None, 'code': 'too_many_requests'}}
Failed for The Lawrence Arms - The Devil'S Takin' Names: Error code: 429 - {'error': {'message': 'Too Many Requests', 'type': 'too_many_requests', 'param': None, 'code': 'too_many_requests'}}
Failed for Black Mountain - Tyrants: Error code: 429 - {'error': {'message': 'Too Many Requests', 'type': 'too_many_requests', 'param': None, 'code': 'too_many_requests'}}
Failed for Mando Diao - I Don'T Care What The People Say: Error code: 429 - {'error': {'message': 'Too Many Requests', 'type': 'too_many_requests', 'param': None, 'code': 'too_many_requests'}}
Failed for Dashboard Confessional - Currents: Error code: 429 - {'error': {'message': 'Too Many Requests', 'type': 'too_many_requests', 'param': None, 'code': 'too_many_requests'}}
Failed for Echo & The Bunnymen - Stormy Weather: Error code: 429 - {'error': {'message': 'Too Many Requests', 'type': 'too_many_requests', 'param': None, 'code': 'too_many_requests'}}
Failed for The Beta Band - Dr. Baker: Error code: 429 - {'error': {'message': 'Too Many Requests', 'type': 'too_many_requests', 'param': None, 'code': 'too_many_requests'}}
Failed for Scar Symmetry - Detach From The Outcome: Error code: 429 - {'error': {'message': 'Too Many Requests', 'type': 'too_many_requests', 'param': None, 'code': 'too_many_requests'}}
Failed for Coheed And Cambria - The Velourium Camper I: Faint Of Hearts: Error code: 429 - {'error': {'message': 'Too Many Requests', 'type': 'too_many_requests', 'param': None, 'code': 'too_many_requests'}}
Failed for Dashboard Confessional - Age Six Racer: Error code: 429 - {'error': {'message': 'Too Many Requests', 'type': 'too_many_requests', 'param': None, 'code': 'too_many_requests'}}
Failed for Tiga - Down In It: Error code: 429 - {'error': {'message': 'Too Many Requests', 'type': 'too_many_requests', 'param': None, 'code': 'too_many_requests'}}
Failed for José González - Fold: Error code: 429 - {'error': {'message': 'Too Many Requests', 'type': 'too_many_requests', 'param': None, 'code': 'too_many_requests'}}
Failed for Jamie Lidell - Wait For Me: Error code: 429 - {'error': {'message': 'Too Many Requests', 'type': 'too_many_requests', 'param': None, 'code': 'too_many_requests'}}
Failed for Mando Diao - One Blood: Error code: 429 - {'error': {'message': 'Too Many Requests', 'type': 'too_many_requests', 'param': None, 'code': 'too_many_requests'}}
Failed for The Cure - Sinking: Error code: 429 - {'error': {'message': 'Too Many Requests', 'type': 'too_many_requests', 'param': None, 'code': 'too_many_requests'}}
Failed for London After Midnight - Kiss: Error code: 429 - {'error': {'message': 'Too Many Requests', 'type': 'too_many_requests', 'param': None, 'code': 'too_many_requests'}}
Failed for Rachel Stevens - Negotiate With Love: Error code: 429 - {'error': {'message': 'Too Many Requests', 'type': 'too_many_requests', 'param': None, 'code': 'too_many_requests'}}
Failed for Augie March - One Crowded Hour: Error code: 429 - {'error': {'message': 'Too Many Requests', 'type': 'too_many_requests', 'param': None, 'code': 'too_many_requests'}}
Failed for Rachel Stevens - So Good: Error code: 429 - {'error': {'message': 'Too Many Requests', 'type': 'too_many_requests', 'param': None, 'code': 'too_many_requests'}}
Failed for Anathema - Wings Of God: Error code: 429 - {'error': {'message': 'Too Many Requests', 'type': 'too_many_requests', 'param': None, 'code': 'too_many_requests'}}
Failed for Coleman Hawkins - Michelle: Error code: 429 - {'error': {'message': 'Too Many Requests', 'type': 'too_many_requests', 'param': None, 'code': 'too_many_requests'}}
Failed for Bruce Springsteen - My City Of Ruins: Error code: 429 - {'error': {'message': 'Too Many Requests', 'type': 'too_many_requests', 'param': None, 'code': 'too_many_requests'}}
Failed for Bruce Springsteen - Nebraska: Error code: 429 - {'error': {'message': 'Too Many Requests', 'type': 'too_many_requests', 'param': None, 'code': 'too_many_requests'}}
Failed for Deerhoof - Look Away: Error code: 429 - {'error': {'message': 'Too Many Requests', 'type': 'too_many_requests', 'param': None, 'code': 'too_many_requests'}}
Failed for Richard Ashcroft - Why Do Lovers?: Error code: 429 - {'error': {'message': 'Too Many Requests', 'type': 'too_many_requests', 'param': None, 'code': 'too_many_requests'}}
Failed for Beastie Boys - Jimmy James: Error code: 429 - {'error': {'message': 'Too Many Requests', 'type': 'too_many_requests', 'param': None, 'code': 'too_many_requests'}}
Failed for Richard Hell & The Voidoids - New Pleasure: Error code: 429 - {'error': {'message': 'Too Many Requests', 'type': 'too_many_requests', 'param': None, 'code': 'too_many_requests'}}
Failed for Antonio Pinto - Requiem: Error code: 429 - {'error': {'message': 'Too Many Requests', 'type': 'too_many_requests', 'param': None, 'code': 'too_many_requests'}}
Failed for Metallica - Stone Dead Forever: Error code: 429 - {'error': {'message': 'Too Many Requests', 'type': 'too_many_requests', 'param': None, 'code': 'too_many_requests'}}
Failed for The Cure - Speak My Language: Error code: 429 - {'error': {'message': 'Too Many Requests', 'type': 'too_many_requests', 'param': None, 'code': 'too_many_requests'}}
Failed for The American Analog Set - Hard To Find: Error code: 429 - {'error': {'message': 'Too Many Requests', 'type': 'too_many_requests', 'param': None, 'code': 'too_many_requests'}}
Failed for Rage Against The Machine - Maggie'S Farm: Error code: 429 - {'error': {'message': 'Too Many Requests', 'type': 'too_many_requests', 'param': None, 'code': 'too_many_requests'}}
Failed for Fischerspooner - Fucker: Error code: 429 - {'error': {'message': 'Too Many Requests', 'type': 'too_many_requests', 'param': None, 'code': 'too_many_requests'}}
Failed for Rachel'S - Even/Odd: Error code: 429 - {'error': {'message': 'Too Many Requests', 'type': 'too_many_requests', 'param': None, 'code': 'too_many_requests'}}
Failed for The Kooks - Tick Of Time: Error code: 429 - {'error': {'message': 'Too Many Requests', 'type': 'too_many_requests', 'param': None, 'code': 'too_many_requests'}}
Failed for Darkthrone - Under A Funeral Moon: Error code: 429 - {'error': {'message': 'Too Many Requests', 'type': 'too_many_requests', 'param': None, 'code': 'too_many_requests'}}
Failed for Regina Spektor - The Call: Error code: 429 - {'error': {'message': 'Too Many Requests', 'type': 'too_many_requests', 'param': None, 'code': 'too_many_requests'}}
Failed for Rammstein - Alter Mann: Error code: 429 - {'error': {'message': 'Too Many Requests', 'type': 'too_many_requests', 'param': None, 'code': 'too_many_requests'}}
Failed for Linkin Park - P5Hng Me A*Wy: Error code: 429 - {'error': {'message': 'Too Many Requests', 'type': 'too_many_requests', 'param': None, 'code': 'too_many_requests'}}
Failed for Kylie Minogue - Magnetic Electric [Bonus Track]: Error code: 429 - {'error': {'message': 'Too Many Requests', 'type': 'too_many_requests', 'param': None, 'code': 'too_many_requests'}}
Failed for 30 Seconds To Mars - Buddha For Mary: Error code: 429 - {'error': {'message': 'Too Many Requests', 'type': 'too_many_requests', 'param': None, 'code': 'too_many_requests'}}
Failed for Tift Merritt - Stray Paper: Error code: 429 - {'error': {'message': 'Too Many Requests', 'type': 'too_many_requests', 'param': None, 'code': 'too_many_requests'}}
Failed for The Style Council - Shout To The Top: Error code: 429 - {'error': {'message': 'Too Many Requests', 'type': 'too_many_requests', 'param': None, 'code': 'too_many_requests'}}
Failed for Fink - Pretty Little Thing: Error code: 429 - {'error': {'message': 'Too Many Requests', 'type': 'too_many_requests', 'param': None, 'code': 'too_many_requests'}}
Failed for Judas Priest - Before The Dawn: Error code: 429 - {'error': {'message': 'Too Many Requests', 'type': 'too_many_requests', 'param': None, 'code': 'too_many_requests'}}
Failed for Faith No More - Edge Of The World: Error code: 429 - {'error': {'message': 'Too Many Requests', 'type': 'too_many_requests', 'param': None, 'code': 'too_many_requests'}}
Failed for Dissection - Black Dragon: Error code: 429 - {'error': {'message': 'Too Many Requests', 'type': 'too_many_requests', 'param': None, 'code': 'too_many_requests'}}
Failed for Diana Krall - Devil May Care: Error code: 429 - {'error': {'message': 'Too Many Requests', 'type': 'too_many_requests', 'param': None, 'code': 'too_many_requests'}}
Failed for Jimi Hendrix - Are You Experienced: Error code: 429 - {'error': {'message': 'Too Many Requests', 'type': 'too_many_requests', 'param': None, 'code': 'too_many_requests'}}
Failed for The Pigeon Detectives - Don'T Know How To Say Goodbye: Error code: 429 - {'error': {'message': 'Too Many Requests', 'type': 'too_many_requests', 'param': None, 'code': 'too_many_requests'}}
Failed for Portishead - Theme From To Kill A Dead Man: Error code: 429 - {'error': {'message': 'Too Many Requests', 'type': 'too_many_requests', 'param': None, 'code': 'too_many_requests'}}
Failed for Dark Tranquillity - Hours Passed In Exile: Error code: 429 - {'error': {'message': 'Too Many Requests', 'type': 'too_many_requests', 'param': None, 'code': 'too_many_requests'}}
Failed for Blind Guardian - Another Stranger Me: Error code: 429 - {'error': {'message': 'Too Many Requests', 'type': 'too_many_requests', 'param': None, 'code': 'too_many_requests'}}
Failed for Blind Guardian - Blood Tears: Error code: 429 - {'error': {'message': 'Too Many Requests', 'type': 'too_many_requests', 'param': None, 'code': 'too_many_requests'}}
Failed for Beth Orton - Worms: Error code: 429 - {'error': {'message': 'Too Many Requests', 'type': 'too_many_requests', 'param': None, 'code': 'too_many_requests'}}
Failed for Richard Ashcroft - On A Beach: Error code: 429 - {'error': {'message': 'Too Many Requests', 'type': 'too_many_requests', 'param': None, 'code': 'too_many_requests'}}
Failed for Jimi Hendrix - Can You See Me: Error code: 429 - {'error': {'message': 'Too Many Requests', 'type': 'too_many_requests', 'param': None, 'code': 'too_many_requests'}}
Failed for Biosphere - Poa Alpina: Error code: 429 - {'error': {'message': 'Too Many Requests', 'type': 'too_many_requests', 'param': None, 'code': 'too_many_requests'}}
Failed for Deftones - Back To School (Live): Error code: 429 - {'error': {'message': 'Too Many Requests', 'type': 'too_many_requests', 'param': None, 'code': 'too_many_requests'}}
Failed for Norther - Omen: Error code: 429 - {'error': {'message': 'Too Many Requests', 'type': 'too_many_requests', 'param': None, 'code': 'too_many_requests'}}
Failed for Supersuckers - Hungover Together: Error code: 429 - {'error': {'message': 'Too Many Requests', 'type': 'too_many_requests', 'param': None, 'code': 'too_many_requests'}}
Failed for Chemistry - 空の奇跡: Error code: 429 - {'error': {'message': 'Too Many Requests', 'type': 'too_many_requests', 'param': None, 'code': 'too_many_requests'}}
Failed for The Spinto Band - Mountains: Error code: 429 - {'error': {'message': 'Too Many Requests', 'type': 'too_many_requests', 'param': None, 'code': 'too_many_requests'}}
Failed for Norther - Throwing My Life Away: Error code: 429 - {'error': {'message': 'Too Many Requests', 'type': 'too_many_requests', 'param': None, 'code': 'too_many_requests'}}
Failed for Bruce Springsteen - Old Dan Tucker: Error code: 429 - {'error': {'message': 'Too Many Requests', 'type': 'too_many_requests', 'param': None, 'code': 'too_many_requests'}}
Failed for Shakira - The Day And The Time (Feat. Gustavo Cerati): Error code: 429 - {'error': {'message': 'Too Many Requests', 'type': 'too_many_requests', 'param': None, 'code': 'too_many_requests'}}
Failed for The Stills - Fevered: Error code: 429 - {'error': {'message': 'Too Many Requests', 'type': 'too_many_requests', 'param': None, 'code': 'too_many_requests'}}
Failed for Leftfield - Melt: Error code: 429 - {'error': {'message': 'Too Many Requests', 'type': 'too_many_requests', 'param': None, 'code': 'too_many_requests'}}
Failed for Big Star - Thirteen: Error code: 429 - {'error': {'message': 'Too Many Requests', 'type': 'too_many_requests', 'param': None, 'code': 'too_many_requests'}}
Failed for Fiona Apple - Waltz: Error code: 429 - {'error': {'message': 'Too Many Requests', 'type': 'too_many_requests', 'param': None, 'code': 'too_many_requests'}}
Failed for Metro Area - Miura: Error code: 429 - {'error': {'message': 'Too Many Requests', 'type': 'too_many_requests', 'param': None, 'code': 'too_many_requests'}}
Failed for Bob Marley & The Wailers - Satisfy My Soul: Error code: 429 - {'error': {'message': 'Too Many Requests', 'type': 'too_many_requests', 'param': None, 'code': 'too_many_requests'}}
Failed for The Moldy Peaches - What Went Wrong: Error code: 429 - {'error': {'message': 'Too Many Requests', 'type': 'too_many_requests', 'param': None, 'code': 'too_many_requests'}}
Failed for Adam Green - Nat King Cole: Error code: 429 - {'error': {'message': 'Too Many Requests', 'type': 'too_many_requests', 'param': None, 'code': 'too_many_requests'}}
Failed for Adam Green - Teddy Boys: Error code: 429 - {'error': {'message': 'Too Many Requests', 'type': 'too_many_requests', 'param': None, 'code': 'too_many_requests'}}
2100/2988 done
Failed for Adam Green - Losing On A Tuesday: Error code: 429 - {'error': {'message': 'Too Many Requests', 'type': 'too_many_requests', 'param': None, 'code': 'too_many_requests'}}
Failed for Myslovitz - Chciałbym Umrzeć Z Miłości: Error code: 429 - {'error': {'message': 'Too Many Requests', 'type': 'too_many_requests', 'param': None, 'code': 'too_many_requests'}}
Failed for Portishead - Airbus Reconstruction: Error code: 429 - {'error': {'message': 'Too Many Requests', 'type': 'too_many_requests', 'param': None, 'code': 'too_many_requests'}}
Failed for Manic Street Preachers - Elvis Impersonator: Blackpool Pier: Error code: 429 - {'error': {'message': 'Too Many Requests', 'type': 'too_many_requests', 'param': None, 'code': 'too_many_requests'}}
Failed for Fall Out Boy - Grenade Jumper: Error code: 429 - {'error': {'message': 'Too Many Requests', 'type': 'too_many_requests', 'param': None, 'code': 'too_many_requests'}}
Failed for 30 Seconds To Mars - Hunter: Error code: 429 - {'error': {'message': 'Too Many Requests', 'type': 'too_many_requests', 'param': None, 'code': 'too_many_requests'}}
Failed for Opeth - Porcelain Heart: Error code: 429 - {'error': {'message': 'Too Many Requests', 'type': 'too_many_requests', 'param': None, 'code': 'too_many_requests'}}
Failed for Bob Dylan - Sara: Error code: 429 - {'error': {'message': 'Too Many Requests', 'type': 'too_many_requests', 'param': None, 'code': 'too_many_requests'}}
Failed for Jamie Cullum - I Get A Kick Out Of You: Error code: 429 - {'error': {'message': 'Too Many Requests', 'type': 'too_many_requests', 'param': None, 'code': 'too_many_requests'}}
Failed for Assemblage 23 - Let Me Be Your Armor: Error code: 429 - {'error': {'message': 'Too Many Requests', 'type': 'too_many_requests', 'param': None, 'code': 'too_many_requests'}}
Failed for Faithless - Bluegrass: Error code: 429 - {'error': {'message': 'Too Many Requests', 'type': 'too_many_requests', 'param': None, 'code': 'too_many_requests'}}
Failed for Wire - Practice Makes Perfect: Error code: 429 - {'error': {'message': 'Too Many Requests', 'type': 'too_many_requests', 'param': None, 'code': 'too_many_requests'}}
Failed for Wire - Marooned: Error code: 429 - {'error': {'message': 'Too Many Requests', 'type': 'too_many_requests', 'param': None, 'code': 'too_many_requests'}}
Failed for Angra - Bleeding Heart: Error code: 429 - {'error': {'message': 'Too Many Requests', 'type': 'too_many_requests', 'param': None, 'code': 'too_many_requests'}}
Failed for Her Space Holiday - Something To Do With My Hands: Error code: 429 - {'error': {'message': 'Too Many Requests', 'type': 'too_many_requests', 'param': None, 'code': 'too_many_requests'}}
Failed for John Frusciante - Lever Pulled: Error code: 429 - {'error': {'message': 'Too Many Requests', 'type': 'too_many_requests', 'param': None, 'code': 'too_many_requests'}}
Failed for Wire - Men 2Nd: Error code: 429 - {'error': {'message': 'Too Many Requests', 'type': 'too_many_requests', 'param': None, 'code': 'too_many_requests'}}
Failed for Tiffany - I Think We'Re Alone Now: Error code: 429 - {'error': {'message': 'Too Many Requests', 'type': 'too_many_requests', 'param': None, 'code': 'too_many_requests'}}
Failed for James S. Taylor - Fire And Rain: Error code: 429 - {'error': {'message': 'Too Many Requests', 'type': 'too_many_requests', 'param': None, 'code': 'too_many_requests'}}
Failed for Judas Priest - Take On The World: Error code: 429 - {'error': {'message': 'Too Many Requests', 'type': 'too_many_requests', 'param': None, 'code': 'too_many_requests'}}
Failed for Hello Saferide - 2006: Error code: 429 - {'error': {'message': 'Too Many Requests', 'type': 'too_many_requests', 'param': None, 'code': 'too_many_requests'}}
Failed for Dark Funeral - Angel Flesh Impaled: Error code: 429 - {'error': {'message': 'Too Many Requests', 'type': 'too_many_requests', 'param': None, 'code': 'too_many_requests'}}
Failed for Casiotone For The Painfully Alone - Cold White Christmas: Error code: 429 - {'error': {'message': 'Too Many Requests', 'type': 'too_many_requests', 'param': None, 'code': 'too_many_requests'}}
Failed for Judas Priest - Hard As Iron: Error code: 429 - {'error': {'message': 'Too Many Requests', 'type': 'too_many_requests', 'param': None, 'code': 'too_many_requests'}}
Failed for Ben Folds - Trusted: Error code: 429 - {'error': {'message': 'Too Many Requests', 'type': 'too_many_requests', 'param': None, 'code': 'too_many_requests'}}
Failed for Manu Chao - La Despedida: Error code: 429 - {'error': {'message': 'Too Many Requests', 'type': 'too_many_requests', 'param': None, 'code': 'too_many_requests'}}
Failed for Beyoncé - Freakum Dress: Error code: 429 - {'error': {'message': 'Too Many Requests', 'type': 'too_many_requests', 'param': None, 'code': 'too_many_requests'}}
Failed for Beyoncé - Diva: Error code: 429 - {'error': {'message': 'Too Many Requests', 'type': 'too_many_requests', 'param': None, 'code': 'too_many_requests'}}
Failed for Jack Johnson - Same Girl: Error code: 429 - {'error': {'message': 'Too Many Requests', 'type': 'too_many_requests', 'param': None, 'code': 'too_many_requests'}}
Failed for Beastie Boys - She'S Crafty: Error code: 429 - {'error': {'message': 'Too Many Requests', 'type': 'too_many_requests', 'param': None, 'code': 'too_many_requests'}}
Failed for Bob Dylan - Not Dark Yet: Error code: 429 - {'error': {'message': 'Too Many Requests', 'type': 'too_many_requests', 'param': None, 'code': 'too_many_requests'}}
Failed for Farben Lehre - Judasz: Error code: 429 - {'error': {'message': 'Too Many Requests', 'type': 'too_many_requests', 'param': None, 'code': 'too_many_requests'}}
Failed for Weezer - Take Control: Error code: 429 - {'error': {'message': 'Too Many Requests', 'type': 'too_many_requests', 'param': None, 'code': 'too_many_requests'}}
Failed for Fatboy Slim - Don'T Let The Man Get You Down: Error code: 429 - {'error': {'message': 'Too Many Requests', 'type': 'too_many_requests', 'param': None, 'code': 'too_many_requests'}}
Failed for The Libertines - Mayday: Error code: 429 - {'error': {'message': 'Too Many Requests', 'type': 'too_many_requests', 'param': None, 'code': 'too_many_requests'}}
Failed for September - Satellites (Us Mix): Error code: 429 - {'error': {'message': 'Too Many Requests', 'type': 'too_many_requests', 'param': None, 'code': 'too_many_requests'}}
Failed for The Be Good Tanyas - In Spite Of All The Damage: Error code: 429 - {'error': {'message': 'Too Many Requests', 'type': 'too_many_requests', 'param': None, 'code': 'too_many_requests'}}
Failed for Dir En Grey - The Pledge: Error code: 429 - {'error': {'message': 'Too Many Requests', 'type': 'too_many_requests', 'param': None, 'code': 'too_many_requests'}}
Failed for Miles Davis - Boplicity: Error code: 429 - {'error': {'message': 'Too Many Requests', 'type': 'too_many_requests', 'param': None, 'code': 'too_many_requests'}}
Failed for L.P. - Wasted: Error code: 429 - {'error': {'message': 'Too Many Requests', 'type': 'too_many_requests', 'param': None, 'code': 'too_many_requests'}}
Failed for Field Music - A House Is Not A Home: Error code: 429 - {'error': {'message': 'Too Many Requests', 'type': 'too_many_requests', 'param': None, 'code': 'too_many_requests'}}
Failed for Blind Guardian - Carry The Blessed Home: Error code: 429 - {'error': {'message': 'Too Many Requests', 'type': 'too_many_requests', 'param': None, 'code': 'too_many_requests'}}
Failed for Bruce Dickinson - The Tower: Error code: 429 - {'error': {'message': 'Too Many Requests', 'type': 'too_many_requests', 'param': None, 'code': 'too_many_requests'}}
Failed for Babasónicos - El Colmo: Error code: 429 - {'error': {'message': 'Too Many Requests', 'type': 'too_many_requests', 'param': None, 'code': 'too_many_requests'}}
Failed for Get Cape. Wear Cape. Fly - Get Cape. Wear Cape. Fly: Error code: 429 - {'error': {'message': 'Too Many Requests', 'type': 'too_many_requests', 'param': None, 'code': 'too_many_requests'}}
Failed for Mystery Jets - Umbrellahead: Error code: 429 - {'error': {'message': 'Too Many Requests', 'type': 'too_many_requests', 'param': None, 'code': 'too_many_requests'}}
Failed for The Automatic - Steve Mcqueen: Error code: 429 - {'error': {'message': 'Too Many Requests', 'type': 'too_many_requests', 'param': None, 'code': 'too_many_requests'}}
Failed for Sepultura - Orgasmatron: Error code: 429 - {'error': {'message': 'Too Many Requests', 'type': 'too_many_requests', 'param': None, 'code': 'too_many_requests'}}
Failed for Broadcast - Winter Now: Error code: 429 - {'error': {'message': 'Too Many Requests', 'type': 'too_many_requests', 'param': None, 'code': 'too_many_requests'}}
Failed for The Avalanches - Tonight: Error code: 429 - {'error': {'message': 'Too Many Requests', 'type': 'too_many_requests', 'param': None, 'code': 'too_many_requests'}}
Failed for Danny Elfman - Opening: Error code: 429 - {'error': {'message': 'Too Many Requests', 'type': 'too_many_requests', 'param': None, 'code': 'too_many_requests'}}
Failed for The Stone Roses - Tell Me: Error code: 429 - {'error': {'message': 'Too Many Requests', 'type': 'too_many_requests', 'param': None, 'code': 'too_many_requests'}}
Failed for Helloween - Halloween: Error code: 429 - {'error': {'message': 'Too Many Requests', 'type': 'too_many_requests', 'param': None, 'code': 'too_many_requests'}}
Failed for Antony And The Johnsons - You Are My Sister (Radio Edit): Error code: 429 - {'error': {'message': 'Too Many Requests', 'type': 'too_many_requests', 'param': None, 'code': 'too_many_requests'}}
Failed for Filter - The Missing: Error code: 429 - {'error': {'message': 'Too Many Requests', 'type': 'too_many_requests', 'param': None, 'code': 'too_many_requests'}}
Failed for Mägo De Oz - El Atrapasueños: Error code: 429 - {'error': {'message': 'Too Many Requests', 'type': 'too_many_requests', 'param': None, 'code': 'too_many_requests'}}
Failed for Grandaddy - Collective Dreamwish Of Upperclass Elegance: Error code: 429 - {'error': {'message': 'Too Many Requests', 'type': 'too_many_requests', 'param': None, 'code': 'too_many_requests'}}
Failed for Grandaddy - Go Progress Chrome: Error code: 429 - {'error': {'message': 'Too Many Requests', 'type': 'too_many_requests', 'param': None, 'code': 'too_many_requests'}}
Failed for Grandaddy - Nonphenomenal Lineage: Error code: 429 - {'error': {'message': 'Too Many Requests', 'type': 'too_many_requests', 'param': None, 'code': 'too_many_requests'}}
Failed for Voxtrot - Ghost: Error code: 429 - {'error': {'message': 'Too Many Requests', 'type': 'too_many_requests', 'param': None, 'code': 'too_many_requests'}}
Failed for Bob Dylan - Talkin' World War Iii Blues: Error code: 429 - {'error': {'message': 'Too Many Requests', 'type': 'too_many_requests', 'param': None, 'code': 'too_many_requests'}}
Failed for Dinosaur Jr. - The Lung: Error code: 429 - {'error': {'message': 'Too Many Requests', 'type': 'too_many_requests', 'param': None, 'code': 'too_many_requests'}}
Failed for The Marvelettes - Too Many Fish In The Sea: Error code: 429 - {'error': {'message': 'Too Many Requests', 'type': 'too_many_requests', 'param': None, 'code': 'too_many_requests'}}
Failed for The Clash - Sean Flynn: Error code: 429 - {'error': {'message': 'Too Many Requests', 'type': 'too_many_requests', 'param': None, 'code': 'too_many_requests'}}
Failed for And One - Kein Anfang: Error code: 429 - {'error': {'message': 'Too Many Requests', 'type': 'too_many_requests', 'param': None, 'code': 'too_many_requests'}}
Failed for Aphex Twin - Lornaderek: Error code: 429 - {'error': {'message': 'Too Many Requests', 'type': 'too_many_requests', 'param': None, 'code': 'too_many_requests'}}
Failed for Aphex Twin - Meltphace 6: Error code: 429 - {'error': {'message': 'Too Many Requests', 'type': 'too_many_requests', 'param': None, 'code': 'too_many_requests'}}
Failed for In Flames - Dead End (Feat Lisa Miskovsky): Error code: 429 - {'error': {'message': 'Too Many Requests', 'type': 'too_many_requests', 'param': None, 'code': 'too_many_requests'}}
Failed for Matchbox Twenty - If You'Re Gone (Live): Error code: 429 - {'error': {'message': 'Too Many Requests', 'type': 'too_many_requests', 'param': None, 'code': 'too_many_requests'}}
Failed for Sean Lennon - Wait For Me: Error code: 429 - {'error': {'message': 'Too Many Requests', 'type': 'too_many_requests', 'param': None, 'code': 'too_many_requests'}}
Failed for 植松伸夫 - Those Who Fight (Ffvii Ac Version): Error code: 429 - {'error': {'message': 'Too Many Requests', 'type': 'too_many_requests', 'param': None, 'code': 'too_many_requests'}}
Failed for Aphex Twin - Bucephalus Bouncing Ball: Error code: 429 - {'error': {'message': 'Too Many Requests', 'type': 'too_many_requests', 'param': None, 'code': 'too_many_requests'}}
Failed for Mates Of State - Sound It Off: Error code: 429 - {'error': {'message': 'Too Many Requests', 'type': 'too_many_requests', 'param': None, 'code': 'too_many_requests'}}
Failed for Amel Larrieux - We Can Be New: Error code: 429 - {'error': {'message': 'Too Many Requests', 'type': 'too_many_requests', 'param': None, 'code': 'too_many_requests'}}
Failed for Barenaked Ladies - It'S All Been Done: Error code: 429 - {'error': {'message': 'Too Many Requests', 'type': 'too_many_requests', 'param': None, 'code': 'too_many_requests'}}
Failed for The Police - Don'T Stand So Close To Me '86: Error code: 429 - {'error': {'message': 'Too Many Requests', 'type': 'too_many_requests', 'param': None, 'code': 'too_many_requests'}}
Failed for Broken Social Scene - Weddings: Error code: 429 - {'error': {'message': 'Too Many Requests', 'type': 'too_many_requests', 'param': None, 'code': 'too_many_requests'}}
Failed for Fear Factory - Linchpin: Error code: 429 - {'error': {'message': 'Too Many Requests', 'type': 'too_many_requests', 'param': None, 'code': 'too_many_requests'}}
Failed for Poison - Play Dirty: Error code: 429 - {'error': {'message': 'Too Many Requests', 'type': 'too_many_requests', 'param': None, 'code': 'too_many_requests'}}
Failed for Midnight Juggernauts - So Many Frequencies: Error code: 429 - {'error': {'message': 'Too Many Requests', 'type': 'too_many_requests', 'param': None, 'code': 'too_many_requests'}}
Failed for Melvins - Civilized Worm: Error code: 429 - {'error': {'message': 'Too Many Requests', 'type': 'too_many_requests', 'param': None, 'code': 'too_many_requests'}}
Failed for The Beatles - I Don'T Want To Spoil The Party: Error code: 429 - {'error': {'message': 'Too Many Requests', 'type': 'too_many_requests', 'param': None, 'code': 'too_many_requests'}}
Failed for Clint Mansell - Fall: Marion Barfs: Error code: 429 - {'error': {'message': 'Too Many Requests', 'type': 'too_many_requests', 'param': None, 'code': 'too_many_requests'}}
Failed for Metric - Down: Error code: 429 - {'error': {'message': 'Too Many Requests', 'type': 'too_many_requests', 'param': None, 'code': 'too_many_requests'}}
Failed for Jet - Get Me Outta Here: Error code: 429 - {'error': {'message': 'Too Many Requests', 'type': 'too_many_requests', 'param': None, 'code': 'too_many_requests'}}
Failed for Sunny Day Real Estate - In Circles: Error code: 429 - {'error': {'message': 'Too Many Requests', 'type': 'too_many_requests', 'param': None, 'code': 'too_many_requests'}}
Failed for Caliban - I Will Never Let You Down: Error code: 429 - {'error': {'message': 'Too Many Requests', 'type': 'too_many_requests', 'param': None, 'code': 'too_many_requests'}}
Failed for ...And You Will Know Us By The Trail Of Dead - Stand In Silence: Error code: 429 - {'error': {'message': 'Too Many Requests', 'type': 'too_many_requests', 'param': None, 'code': 'too_many_requests'}}
Failed for Violent Femmes - To The Kill: Error code: 429 - {'error': {'message': 'Too Many Requests', 'type': 'too_many_requests', 'param': None, 'code': 'too_many_requests'}}
Failed for Oasis - She Is Love: Error code: 429 - {'error': {'message': 'Too Many Requests', 'type': 'too_many_requests', 'param': None, 'code': 'too_many_requests'}}
Failed for Galaxie 500 - Tugboat: Error code: 429 - {'error': {'message': 'Too Many Requests', 'type': 'too_many_requests', 'param': None, 'code': 'too_many_requests'}}
Failed for Liam Finn - Second Chance: Error code: 429 - {'error': {'message': 'Too Many Requests', 'type': 'too_many_requests', 'param': None, 'code': 'too_many_requests'}}
2200/2988 done
Failed for Thin Lizzy - Whiskey In The Jar: Error code: 429 - {'error': {'message': 'Too Many Requests', 'type': 'too_many_requests', 'param': None, 'code': 'too_many_requests'}}
Failed for Okkervil River - On Tour With Zykos: Error code: 429 - {'error': {'message': 'Too Many Requests', 'type': 'too_many_requests', 'param': None, 'code': 'too_many_requests'}}
Failed for The Knife - Afraid Of You: Error code: 429 - {'error': {'message': 'Too Many Requests', 'type': 'too_many_requests', 'param': None, 'code': 'too_many_requests'}}
Failed for Death - To Forgive Is To Suffer: Error code: 429 - {'error': {'message': 'Too Many Requests', 'type': 'too_many_requests', 'param': None, 'code': 'too_many_requests'}}
Failed for Kill Hannah - Under The Milky Way: Error code: 429 - {'error': {'message': 'Too Many Requests', 'type': 'too_many_requests', 'param': None, 'code': 'too_many_requests'}}
Failed for Within Temptation - Somewhere: Error code: 429 - {'error': {'message': 'Too Many Requests', 'type': 'too_many_requests', 'param': None, 'code': 'too_many_requests'}}
Failed for Benoît Pioulard - Moth Wings: Error code: 429 - {'error': {'message': 'Too Many Requests', 'type': 'too_many_requests', 'param': None, 'code': 'too_many_requests'}}
Failed for At The Drive-In - 198D: Error code: 429 - {'error': {'message': 'Too Many Requests', 'type': 'too_many_requests', 'param': None, 'code': 'too_many_requests'}}
Failed for Calexico - Two Silver Trees: Error code: 429 - {'error': {'message': 'Too Many Requests', 'type': 'too_many_requests', 'param': None, 'code': 'too_many_requests'}}
Failed for Demons & Wizards - Dorian: Error code: 429 - {'error': {'message': 'Too Many Requests', 'type': 'too_many_requests', 'param': None, 'code': 'too_many_requests'}}
Failed for Dream Theater - Misunderstood: Error code: 429 - {'error': {'message': 'Too Many Requests', 'type': 'too_many_requests', 'param': None, 'code': 'too_many_requests'}}
Failed for Dream Theater - War Inside My Head: Error code: 429 - {'error': {'message': 'Too Many Requests', 'type': 'too_many_requests', 'param': None, 'code': 'too_many_requests'}}
Failed for Dream Theater - Through My Words: Error code: 429 - {'error': {'message': 'Too Many Requests', 'type': 'too_many_requests', 'param': None, 'code': 'too_many_requests'}}
Failed for Wire - Being Sucked In Again: Error code: 429 - {'error': {'message': 'Too Many Requests', 'type': 'too_many_requests', 'param': None, 'code': 'too_many_requests'}}
Failed for The Verve - Make It Till Monday: Error code: 429 - {'error': {'message': 'Too Many Requests', 'type': 'too_many_requests', 'param': None, 'code': 'too_many_requests'}}
Failed for Wire - Brazil: Error code: 429 - {'error': {'message': 'Too Many Requests', 'type': 'too_many_requests', 'param': None, 'code': 'too_many_requests'}}
Failed for The Flaming Lips - Brainville: Error code: 429 - {'error': {'message': 'Too Many Requests', 'type': 'too_many_requests', 'param': None, 'code': 'too_many_requests'}}
Failed for Elbow - Presuming Ed (Rest Easy): Error code: 429 - {'error': {'message': 'Too Many Requests', 'type': 'too_many_requests', 'param': None, 'code': 'too_many_requests'}}
Failed for Death Cab For Cutie - Christmas (Baby Please Come Home): Error code: 429 - {'error': {'message': 'Too Many Requests', 'type': 'too_many_requests', 'param': None, 'code': 'too_many_requests'}}
Failed for Björk - Mouth'S Cradle: Error code: 429 - {'error': {'message': 'Too Many Requests', 'type': 'too_many_requests', 'param': None, 'code': 'too_many_requests'}}
Failed for Death - Together As One: Error code: 429 - {'error': {'message': 'Too Many Requests', 'type': 'too_many_requests', 'param': None, 'code': 'too_many_requests'}}
Failed for Lo-Fi-Fnk - System (Feat. Maiden): Error code: 429 - {'error': {'message': 'Too Many Requests', 'type': 'too_many_requests', 'param': None, 'code': 'too_many_requests'}}
Failed for The Walkmen - Louisiana: Error code: 429 - {'error': {'message': 'Too Many Requests', 'type': 'too_many_requests', 'param': None, 'code': 'too_many_requests'}}
Failed for In Flames - Black & White: Error code: 429 - {'error': {'message': 'Too Many Requests', 'type': 'too_many_requests', 'param': None, 'code': 'too_many_requests'}}
Failed for Lacuna Coil - What I See: Error code: 429 - {'error': {'message': 'Too Many Requests', 'type': 'too_many_requests', 'param': None, 'code': 'too_many_requests'}}
Failed for Aphex Twin - Cock/Ver10: Error code: 429 - {'error': {'message': 'Too Many Requests', 'type': 'too_many_requests', 'param': None, 'code': 'too_many_requests'}}
Failed for Machinae Supremacy - Masquerade: Error code: 429 - {'error': {'message': 'Too Many Requests', 'type': 'too_many_requests', 'param': None, 'code': 'too_many_requests'}}
Failed for Jaga Jazzist - For All You Happy People: Error code: 429 - {'error': {'message': 'Too Many Requests', 'type': 'too_many_requests', 'param': None, 'code': 'too_many_requests'}}
Failed for In Flames - Condemned: Error code: 429 - {'error': {'message': 'Too Many Requests', 'type': 'too_many_requests', 'param': None, 'code': 'too_many_requests'}}
Failed for Machine Head - Clenching The Fists Of Dissent: Error code: 429 - {'error': {'message': 'Too Many Requests', 'type': 'too_many_requests', 'param': None, 'code': 'too_many_requests'}}
Failed for Autechre - The Plc: Error code: 429 - {'error': {'message': 'Too Many Requests', 'type': 'too_many_requests', 'param': None, 'code': 'too_many_requests'}}
Failed for Secret Machines - All At Once (It'S Not Important): Error code: 429 - {'error': {'message': 'Too Many Requests', 'type': 'too_many_requests', 'param': None, 'code': 'too_many_requests'}}
Failed for Origa - Rise: Error code: 429 - {'error': {'message': 'Too Many Requests', 'type': 'too_many_requests', 'param': None, 'code': 'too_many_requests'}}
Failed for Feist - Mushaboom (Postal Service Mix): Error code: 429 - {'error': {'message': 'Too Many Requests', 'type': 'too_many_requests', 'param': None, 'code': 'too_many_requests'}}
Failed for Fear Factory - Replica: Error code: 429 - {'error': {'message': 'Too Many Requests', 'type': 'too_many_requests', 'param': None, 'code': 'too_many_requests'}}
Failed for Sufjan Stevens - The Predatory Wasp Of The Palisades Is Out To Get Us: Error code: 429 - {'error': {'message': 'Too Many Requests', 'type': 'too_many_requests', 'param': None, 'code': 'too_many_requests'}}
Failed for Melody.& Yamamoto Ryohei - Miss You: Error code: 429 - {'error': {'message': 'Too Many Requests', 'type': 'too_many_requests', 'param': None, 'code': 'too_many_requests'}}
Failed for Bonnie 'Prince' Billy - Today I Was An Evil One: Error code: 429 - {'error': {'message': 'Too Many Requests', 'type': 'too_many_requests', 'param': None, 'code': 'too_many_requests'}}
Failed for Jaga Jazzist - All I Know Is Tonight: Error code: 429 - {'error': {'message': 'Too Many Requests', 'type': 'too_many_requests', 'param': None, 'code': 'too_many_requests'}}
Failed for The Shadows - Apache: Error code: 429 - {'error': {'message': 'Too Many Requests', 'type': 'too_many_requests', 'param': None, 'code': 'too_many_requests'}}
Failed for Graveworm - Losing My Religion: Error code: 429 - {'error': {'message': 'Too Many Requests', 'type': 'too_many_requests', 'param': None, 'code': 'too_many_requests'}}
Failed for Bonnie 'Prince' Billy - Nomadic Revery (All Around): Error code: 429 - {'error': {'message': 'Too Many Requests', 'type': 'too_many_requests', 'param': None, 'code': 'too_many_requests'}}
Failed for Of Montreal - Gallery Piece: Error code: 429 - {'error': {'message': 'Too Many Requests', 'type': 'too_many_requests', 'param': None, 'code': 'too_many_requests'}}
Failed for Townes Van Zandt - Pancho And Lefty: Error code: 429 - {'error': {'message': 'Too Many Requests', 'type': 'too_many_requests', 'param': None, 'code': 'too_many_requests'}}
Failed for 3 Doors Down - Life Of My Own: Error code: 429 - {'error': {'message': 'Too Many Requests', 'type': 'too_many_requests', 'param': None, 'code': 'too_many_requests'}}
Failed for Liquid Tension Experiment - Paradigm Shift: Error code: 429 - {'error': {'message': 'Too Many Requests', 'type': 'too_many_requests', 'param': None, 'code': 'too_many_requests'}}
Failed for The Mission - Butterfly On A Wheel: Error code: 429 - {'error': {'message': 'Too Many Requests', 'type': 'too_many_requests', 'param': None, 'code': 'too_many_requests'}}
Failed for Pere Ubu - Nonalignment Pact: Error code: 429 - {'error': {'message': 'Too Many Requests', 'type': 'too_many_requests', 'param': None, 'code': 'too_many_requests'}}
Failed for Modwheelmood - Going Nowhere: Error code: 429 - {'error': {'message': 'Too Many Requests', 'type': 'too_many_requests', 'param': None, 'code': 'too_many_requests'}}
Failed for Ghinzu - 'Til You Faint: Error code: 429 - {'error': {'message': 'Too Many Requests', 'type': 'too_many_requests', 'param': None, 'code': 'too_many_requests'}}
Failed for Beastie Boys - The Rat Cage: Error code: 429 - {'error': {'message': 'Too Many Requests', 'type': 'too_many_requests', 'param': None, 'code': 'too_many_requests'}}
Failed for Counting Crows - American Girls: Error code: 429 - {'error': {'message': 'Too Many Requests', 'type': 'too_many_requests', 'param': None, 'code': 'too_many_requests'}}
Failed for Café Del Mar - Easter Song: Error code: 429 - {'error': {'message': 'Too Many Requests', 'type': 'too_many_requests', 'param': None, 'code': 'too_many_requests'}}
Failed for Pere Ubu - Laughing: Error code: 429 - {'error': {'message': 'Too Many Requests', 'type': 'too_many_requests', 'param': None, 'code': 'too_many_requests'}}
Failed for John Foxx - Plaza: Error code: 429 - {'error': {'message': 'Too Many Requests', 'type': 'too_many_requests', 'param': None, 'code': 'too_many_requests'}}
Failed for Get Cape. Wear Cape. Fly - Once More With Feeling: Error code: 429 - {'error': {'message': 'Too Many Requests', 'type': 'too_many_requests', 'param': None, 'code': 'too_many_requests'}}
Failed for Hypocrisy - Scrutinized: Error code: 429 - {'error': {'message': 'Too Many Requests', 'type': 'too_many_requests', 'param': None, 'code': 'too_many_requests'}}
Failed for I Am Kloot - Avenue Of Hope: Error code: 429 - {'error': {'message': 'Too Many Requests', 'type': 'too_many_requests', 'param': None, 'code': 'too_many_requests'}}
Failed for Danger Mouse - 99 Problems: Error code: 429 - {'error': {'message': 'Too Many Requests', 'type': 'too_many_requests', 'param': None, 'code': 'too_many_requests'}}
Failed for Just Jack - Hold On: Error code: 429 - {'error': {'message': 'Too Many Requests', 'type': 'too_many_requests', 'param': None, 'code': 'too_many_requests'}}
Failed for Metallica - Sweet Amber: Error code: 429 - {'error': {'message': 'Too Many Requests', 'type': 'too_many_requests', 'param': None, 'code': 'too_many_requests'}}
Failed for Cliff Martinez - Don'T Blow It: Error code: 429 - {'error': {'message': 'Too Many Requests', 'type': 'too_many_requests', 'param': None, 'code': 'too_many_requests'}}
Failed for N.E.R.D. - Provider: Error code: 429 - {'error': {'message': 'Too Many Requests', 'type': 'too_many_requests', 'param': None, 'code': 'too_many_requests'}}
Failed for Manitoba - Jacknuggeted: Error code: 429 - {'error': {'message': 'Too Many Requests', 'type': 'too_many_requests', 'param': None, 'code': 'too_many_requests'}}
Failed for Seether - Fade Away: Error code: 429 - {'error': {'message': 'Too Many Requests', 'type': 'too_many_requests', 'param': None, 'code': 'too_many_requests'}}
Failed for Poisonblack - Hollow Be My Name: Error code: 429 - {'error': {'message': 'Too Many Requests', 'type': 'too_many_requests', 'param': None, 'code': 'too_many_requests'}}
Failed for Fennesz - Endless Summer: Error code: 429 - {'error': {'message': 'Too Many Requests', 'type': 'too_many_requests', 'param': None, 'code': 'too_many_requests'}}
Failed for Dana Fuchs & Martin Luther Mccoy - Oh! Darling: Error code: 429 - {'error': {'message': 'Too Many Requests', 'type': 'too_many_requests', 'param': None, 'code': 'too_many_requests'}}
Failed for Felix Da Housecat - Control Freaq: Error code: 429 - {'error': {'message': 'Too Many Requests', 'type': 'too_many_requests', 'param': None, 'code': 'too_many_requests'}}
Failed for Dir En Grey - Jesus Christ R'N R: Error code: 429 - {'error': {'message': 'Too Many Requests', 'type': 'too_many_requests', 'param': None, 'code': 'too_many_requests'}}
Failed for Autechre - Eutow: Error code: 429 - {'error': {'message': 'Too Many Requests', 'type': 'too_many_requests', 'param': None, 'code': 'too_many_requests'}}
Failed for Sufjan Stevens - Inaugural Pop Music For Jane Margaret Byrne: Error code: 429 - {'error': {'message': 'Too Many Requests', 'type': 'too_many_requests', 'param': None, 'code': 'too_many_requests'}}
Failed for Trentemøller - Evil Dub: Error code: 429 - {'error': {'message': 'Too Many Requests', 'type': 'too_many_requests', 'param': None, 'code': 'too_many_requests'}}
Failed for Beth Orton - Concrete Sky: Error code: 429 - {'error': {'message': 'Too Many Requests', 'type': 'too_many_requests', 'param': None, 'code': 'too_many_requests'}}
Failed for Fatboy Slim - Song For Lindy: Error code: 429 - {'error': {'message': 'Too Many Requests', 'type': 'too_many_requests', 'param': None, 'code': 'too_many_requests'}}
Failed for Viikate - Ajakaa!: Error code: 429 - {'error': {'message': 'Too Many Requests', 'type': 'too_many_requests', 'param': None, 'code': 'too_many_requests'}}
Failed for Deftones - Fireal: Error code: 429 - {'error': {'message': 'Too Many Requests', 'type': 'too_many_requests', 'param': None, 'code': 'too_many_requests'}}
Failed for Klimt 1918 - That Girl: Error code: 429 - {'error': {'message': 'Too Many Requests', 'type': 'too_many_requests', 'param': None, 'code': 'too_many_requests'}}
Failed for The Honorary Title - Snow Day: Error code: 429 - {'error': {'message': 'Too Many Requests', 'type': 'too_many_requests', 'param': None, 'code': 'too_many_requests'}}
Failed for Kleerup - Tower Of Trellick: Error code: 429 - {'error': {'message': 'Too Many Requests', 'type': 'too_many_requests', 'param': None, 'code': 'too_many_requests'}}
Failed for M-Flo♥Emyli & Yoshika - Loop In My Heart (Home Grown Remix): Error code: 429 - {'error': {'message': 'Too Many Requests', 'type': 'too_many_requests', 'param': None, 'code': 'too_many_requests'}}
Failed for Kmfdm - Wwiii: Error code: 429 - {'error': {'message': 'Too Many Requests', 'type': 'too_many_requests', 'param': None, 'code': 'too_many_requests'}}
Failed for The Honorary Title - Stay Away: Error code: 429 - {'error': {'message': 'Too Many Requests', 'type': 'too_many_requests', 'param': None, 'code': 'too_many_requests'}}
Failed for Blackmore'S Night - Be Mine Tonight: Error code: 429 - {'error': {'message': 'Too Many Requests', 'type': 'too_many_requests', 'param': None, 'code': 'too_many_requests'}}
Failed for M-Flo♥Sowelu - So Exclusive (Clazziquai Project Remix): Error code: 429 - {'error': {'message': 'Too Many Requests', 'type': 'too_many_requests', 'param': None, 'code': 'too_many_requests'}}
Failed for The Rapture - Love Is All: Error code: 429 - {'error': {'message': 'Too Many Requests', 'type': 'too_many_requests', 'param': None, 'code': 'too_many_requests'}}
Failed for Mogwai - Dial: Revenge: Error code: 429 - {'error': {'message': 'Too Many Requests', 'type': 'too_many_requests', 'param': None, 'code': 'too_many_requests'}}
Failed for Black Rebel Motorcycle Club - Loaded Gun: Error code: 429 - {'error': {'message': 'Too Many Requests', 'type': 'too_many_requests', 'param': None, 'code': 'too_many_requests'}}
Failed for Black Rebel Motorcycle Club - Last Chance For Love: Error code: 429 - {'error': {'message': 'Too Many Requests', 'type': 'too_many_requests', 'param': None, 'code': 'too_many_requests'}}
Failed for Super Furry Animals - Liberty Belle: Error code: 429 - {'error': {'message': 'Too Many Requests', 'type': 'too_many_requests', 'param': None, 'code': 'too_many_requests'}}
Failed for Junior Boys - Birthday: Error code: 429 - {'error': {'message': 'Too Many Requests', 'type': 'too_many_requests', 'param': None, 'code': 'too_many_requests'}}
Failed for Bon Iver - Babys: Error code: 429 - {'error': {'message': 'Too Many Requests', 'type': 'too_many_requests', 'param': None, 'code': 'too_many_requests'}}
Failed for Black Star - Intro: Error code: 429 - {'error': {'message': 'Too Many Requests', 'type': 'too_many_requests', 'param': None, 'code': 'too_many_requests'}}
Failed for Scsi-9 - The Line Of Nine: Error code: 429 - {'error': {'message': 'Too Many Requests', 'type': 'too_many_requests', 'param': None, 'code': 'too_many_requests'}}
Failed for The Dandy Warhols - Smoke It: Error code: 429 - {'error': {'message': 'Too Many Requests', 'type': 'too_many_requests', 'param': None, 'code': 'too_many_requests'}}
Failed for Alice Cooper - Generation Landslide: Error code: 429 - {'error': {'message': 'Too Many Requests', 'type': 'too_many_requests', 'param': None, 'code': 'too_many_requests'}}
Failed for Sentenced - For The Love I Bear: Error code: 429 - {'error': {'message': 'Too Many Requests', 'type': 'too_many_requests', 'param': None, 'code': 'too_many_requests'}}
2300/2988 done
Failed for Meshuggah - Re-Inanimate: Error code: 429 - {'error': {'message': 'Too Many Requests', 'type': 'too_many_requests', 'param': None, 'code': 'too_many_requests'}}
Failed for Utada - Animato: Error code: 429 - {'error': {'message': 'Too Many Requests', 'type': 'too_many_requests', 'param': None, 'code': 'too_many_requests'}}
Failed for Sentenced - Dead Leaves: Error code: 429 - {'error': {'message': 'Too Many Requests', 'type': 'too_many_requests', 'param': None, 'code': 'too_many_requests'}}
Failed for Sondre Lerche - After All: Error code: 429 - {'error': {'message': 'Too Many Requests', 'type': 'too_many_requests', 'param': None, 'code': 'too_many_requests'}}
Failed for Beastie Boys - Get It Together: Error code: 429 - {'error': {'message': 'Too Many Requests', 'type': 'too_many_requests', 'param': None, 'code': 'too_many_requests'}}
Failed for Talking Heads - Electric Guitar: Error code: 429 - {'error': {'message': 'Too Many Requests', 'type': 'too_many_requests', 'param': None, 'code': 'too_many_requests'}}
Failed for The Weepies - Nobody Knows Me At All: Error code: 429 - {'error': {'message': 'Too Many Requests', 'type': 'too_many_requests', 'param': None, 'code': 'too_many_requests'}}
Failed for The Weepies - Can'T Go Back Now: Error code: 429 - {'error': {'message': 'Too Many Requests', 'type': 'too_many_requests', 'param': None, 'code': 'too_many_requests'}}
Failed for Sondre Lerche - Modern Nature: Error code: 429 - {'error': {'message': 'Too Many Requests', 'type': 'too_many_requests', 'param': None, 'code': 'too_many_requests'}}
Failed for Giant Drag - My Dick Sux: Error code: 429 - {'error': {'message': 'Too Many Requests', 'type': 'too_many_requests', 'param': None, 'code': 'too_many_requests'}}
Failed for The Frames - Song For Someone: Error code: 429 - {'error': {'message': 'Too Many Requests', 'type': 'too_many_requests', 'param': None, 'code': 'too_many_requests'}}
Failed for B.J. Thomas - Raindrops Keep Falling On My Head: Error code: 429 - {'error': {'message': 'Too Many Requests', 'type': 'too_many_requests', 'param': None, 'code': 'too_many_requests'}}
Failed for Beastie Boys - Johnny Ryall: Error code: 429 - {'error': {'message': 'Too Many Requests', 'type': 'too_many_requests', 'param': None, 'code': 'too_many_requests'}}
Failed for Jump - Cathedrals: Error code: 429 - {'error': {'message': 'Too Many Requests', 'type': 'too_many_requests', 'param': None, 'code': 'too_many_requests'}}
Failed for Fantômas - Der Golem: Error code: 429 - {'error': {'message': 'Too Many Requests', 'type': 'too_many_requests', 'param': None, 'code': 'too_many_requests'}}
Failed for Remember Remember - Imagining Things (Ii): Error code: 429 - {'error': {'message': 'Too Many Requests', 'type': 'too_many_requests', 'param': None, 'code': 'too_many_requests'}}
Failed for Poison - (Flesh & Blood) Sacrifice: Error code: 429 - {'error': {'message': 'Too Many Requests', 'type': 'too_many_requests', 'param': None, 'code': 'too_many_requests'}}
Failed for Daniel Powter - Jimmy Gets High: Error code: 429 - {'error': {'message': 'Too Many Requests', 'type': 'too_many_requests', 'param': None, 'code': 'too_many_requests'}}
Failed for Bruce Dickinson - Born In '58: Error code: 429 - {'error': {'message': 'Too Many Requests', 'type': 'too_many_requests', 'param': None, 'code': 'too_many_requests'}}
Failed for Julieta Venegas - Eres Para Mi: Error code: 429 - {'error': {'message': 'Too Many Requests', 'type': 'too_many_requests', 'param': None, 'code': 'too_many_requests'}}
Failed for The Velvet Underground - Ocean: Error code: 429 - {'error': {'message': 'Too Many Requests', 'type': 'too_many_requests', 'param': None, 'code': 'too_many_requests'}}
Failed for Jethro Tull - Up To Me: Error code: 429 - {'error': {'message': 'Too Many Requests', 'type': 'too_many_requests', 'param': None, 'code': 'too_many_requests'}}
Failed for The Sugarcubes - Delicious Demon: Error code: 429 - {'error': {'message': 'Too Many Requests', 'type': 'too_many_requests', 'param': None, 'code': 'too_many_requests'}}
Failed for Apocalyptica - Heat: Error code: 429 - {'error': {'message': 'Too Many Requests', 'type': 'too_many_requests', 'param': None, 'code': 'too_many_requests'}}
Failed for Fightstar - Lost Like Tears In Rain: Error code: 429 - {'error': {'message': 'Too Many Requests', 'type': 'too_many_requests', 'param': None, 'code': 'too_many_requests'}}
Failed for Super Junior - 거울 (Mirror): Error code: 429 - {'error': {'message': 'Too Many Requests', 'type': 'too_many_requests', 'param': None, 'code': 'too_many_requests'}}
Failed for Super Furry Animals - The Man Don'T Give A Fuck: Error code: 429 - {'error': {'message': 'Too Many Requests', 'type': 'too_many_requests', 'param': None, 'code': 'too_many_requests'}}
Failed for Pete Yorn - Ever Fallen In Love: Error code: 429 - {'error': {'message': 'Too Many Requests', 'type': 'too_many_requests', 'param': None, 'code': 'too_many_requests'}}
Failed for The Decemberists - The Abduction Of Margaret: Error code: 429 - {'error': {'message': 'Too Many Requests', 'type': 'too_many_requests', 'param': None, 'code': 'too_many_requests'}}
Failed for Pete & The Pirates - Knots: Error code: 429 - {'error': {'message': 'Too Many Requests', 'type': 'too_many_requests', 'param': None, 'code': 'too_many_requests'}}
Failed for Jazzanova - Another New Day: Error code: 429 - {'error': {'message': 'Too Many Requests', 'type': 'too_many_requests', 'param': None, 'code': 'too_many_requests'}}
Failed for Vicarious Bliss - Theme From Vicarious Bliss (Justice Remix): Error code: 429 - {'error': {'message': 'Too Many Requests', 'type': 'too_many_requests', 'param': None, 'code': 'too_many_requests'}}
Failed for The Clash - City Of The Dead: Error code: 429 - {'error': {'message': 'Too Many Requests', 'type': 'too_many_requests', 'param': None, 'code': 'too_many_requests'}}
Failed for Genesis - Guide Vocal: Error code: 429 - {'error': {'message': 'Too Many Requests', 'type': 'too_many_requests', 'param': None, 'code': 'too_many_requests'}}
Failed for Meshuggah - Beneath: Error code: 429 - {'error': {'message': 'Too Many Requests', 'type': 'too_many_requests', 'param': None, 'code': 'too_many_requests'}}
Failed for The Mars Volta - Vicarious Atonement: Error code: 429 - {'error': {'message': 'Too Many Requests', 'type': 'too_many_requests', 'param': None, 'code': 'too_many_requests'}}
Failed for Alexi Murdoch - All My Days: Error code: 429 - {'error': {'message': 'Too Many Requests', 'type': 'too_many_requests', 'param': None, 'code': 'too_many_requests'}}
Failed for The Mars Volta - Viscera Eyes: Error code: 429 - {'error': {'message': 'Too Many Requests', 'type': 'too_many_requests', 'param': None, 'code': 'too_many_requests'}}
Failed for Håkan Hellström - Hurricane Gilbert: Error code: 429 - {'error': {'message': 'Too Many Requests', 'type': 'too_many_requests', 'param': None, 'code': 'too_many_requests'}}
Failed for Håkan Hellström - Ramlar: Error code: 429 - {'error': {'message': 'Too Many Requests', 'type': 'too_many_requests', 'param': None, 'code': 'too_many_requests'}}
Failed for Pet Shop Boys - Minimal: Error code: 429 - {'error': {'message': 'Too Many Requests', 'type': 'too_many_requests', 'param': None, 'code': 'too_many_requests'}}
Failed for The Wreckers - The Good Kind: Error code: 429 - {'error': {'message': 'Too Many Requests', 'type': 'too_many_requests', 'param': None, 'code': 'too_many_requests'}}
Failed for The Wrens - Happy: Error code: 429 - {'error': {'message': 'Too Many Requests', 'type': 'too_many_requests', 'param': None, 'code': 'too_many_requests'}}
Failed for Tom Zé - Cademar: Error code: 429 - {'error': {'message': 'Too Many Requests', 'type': 'too_many_requests', 'param': None, 'code': 'too_many_requests'}}
Failed for Danny Elfman - Wonka'S Welcome Song: Error code: 429 - {'error': {'message': 'Too Many Requests', 'type': 'too_many_requests', 'param': None, 'code': 'too_many_requests'}}
Failed for Apocalyptica - Sad But True: Error code: 429 - {'error': {'message': 'Too Many Requests', 'type': 'too_many_requests', 'param': None, 'code': 'too_many_requests'}}
Failed for Jack'S Mannequin - Lonely For Her: Error code: 429 - {'error': {'message': 'Too Many Requests', 'type': 'too_many_requests', 'param': None, 'code': 'too_many_requests'}}
Failed for Tom Waits - Town With No Cheer: Error code: 429 - {'error': {'message': 'Too Many Requests', 'type': 'too_many_requests', 'param': None, 'code': 'too_many_requests'}}
Failed for Grateful Dead - Attics Of My Life: Error code: 429 - {'error': {'message': 'Too Many Requests', 'type': 'too_many_requests', 'param': None, 'code': 'too_many_requests'}}
Failed for Jimi Hendrix - Izabella: Error code: 429 - {'error': {'message': 'Too Many Requests', 'type': 'too_many_requests', 'param': None, 'code': 'too_many_requests'}}
Failed for Cat Power - Salty Dog: Error code: 429 - {'error': {'message': 'Too Many Requests', 'type': 'too_many_requests', 'param': None, 'code': 'too_many_requests'}}
Failed for Dirty Projectors + David Byrne - Knotty Pine: Error code: 429 - {'error': {'message': 'Too Many Requests', 'type': 'too_many_requests', 'param': None, 'code': 'too_many_requests'}}
Failed for Mystery Jets - The Boy Who Ran Away: Error code: 429 - {'error': {'message': 'Too Many Requests', 'type': 'too_many_requests', 'param': None, 'code': 'too_many_requests'}}
Failed for Suede - Can'T Get Enough: Error code: 429 - {'error': {'message': 'Too Many Requests', 'type': 'too_many_requests', 'param': None, 'code': 'too_many_requests'}}
Failed for Lo-Fi-Fnk - Boylife: Error code: 429 - {'error': {'message': 'Too Many Requests', 'type': 'too_many_requests', 'param': None, 'code': 'too_many_requests'}}
Failed for Something Corporate - Cavanaugh Park: Error code: 429 - {'error': {'message': 'Too Many Requests', 'type': 'too_many_requests', 'param': None, 'code': 'too_many_requests'}}
Failed for Blonde Redhead - Ballad Of Lemons: Error code: 429 - {'error': {'message': 'Too Many Requests', 'type': 'too_many_requests', 'param': None, 'code': 'too_many_requests'}}
Failed for Something Corporate - Fall: Error code: 429 - {'error': {'message': 'Too Many Requests', 'type': 'too_many_requests', 'param': None, 'code': 'too_many_requests'}}
Failed for Blonde Redhead - Distilled: Error code: 429 - {'error': {'message': 'Too Many Requests', 'type': 'too_many_requests', 'param': None, 'code': 'too_many_requests'}}
Failed for Ladytron - Laughing Cavalier: Error code: 429 - {'error': {'message': 'Too Many Requests', 'type': 'too_many_requests', 'param': None, 'code': 'too_many_requests'}}
Failed for Something Corporate - Break Myself: Error code: 429 - {'error': {'message': 'Too Many Requests', 'type': 'too_many_requests', 'param': None, 'code': 'too_many_requests'}}
Failed for Regina Spektor - I Want To Sing: Error code: 429 - {'error': {'message': 'Too Many Requests', 'type': 'too_many_requests', 'param': None, 'code': 'too_many_requests'}}
Failed for Marilyn Manson - Spade: Error code: 429 - {'error': {'message': 'Too Many Requests', 'type': 'too_many_requests', 'param': None, 'code': 'too_many_requests'}}
Failed for Jeff Buckley - Nightmares By The Sea: Error code: 429 - {'error': {'message': 'Too Many Requests', 'type': 'too_many_requests', 'param': None, 'code': 'too_many_requests'}}
Failed for Sound Team - Born To Please: Error code: 429 - {'error': {'message': 'Too Many Requests', 'type': 'too_many_requests', 'param': None, 'code': 'too_many_requests'}}
Failed for Black Flag - I'Ve Had It: Error code: 429 - {'error': {'message': 'Too Many Requests', 'type': 'too_many_requests', 'param': None, 'code': 'too_many_requests'}}
Failed for Toy - Rabbit Pushing Mower: Error code: 429 - {'error': {'message': 'Too Many Requests', 'type': 'too_many_requests', 'param': None, 'code': 'too_many_requests'}}
Failed for Regina Spektor - * * *: Error code: 429 - {'error': {'message': 'Too Many Requests', 'type': 'too_many_requests', 'param': None, 'code': 'too_many_requests'}}
Failed for Head Automatica - At The Speed Of A Yellow Bullet: Error code: 429 - {'error': {'message': 'Too Many Requests', 'type': 'too_many_requests', 'param': None, 'code': 'too_many_requests'}}
Failed for Juliette And The Licks - You'Re Speaking My Language: Error code: 429 - {'error': {'message': 'Too Many Requests', 'type': 'too_many_requests', 'param': None, 'code': 'too_many_requests'}}
Failed for The Doors - Wintertime Love: Error code: 429 - {'error': {'message': 'Too Many Requests', 'type': 'too_many_requests', 'param': None, 'code': 'too_many_requests'}}
Failed for Biosphere - Hyperborea: Error code: 429 - {'error': {'message': 'Too Many Requests', 'type': 'too_many_requests', 'param': None, 'code': 'too_many_requests'}}
Failed for Blind Guardian - The Maiden And The Minstrel Knight: Error code: 429 - {'error': {'message': 'Too Many Requests', 'type': 'too_many_requests', 'param': None, 'code': 'too_many_requests'}}
Failed for Judas Priest - Love Bites: Error code: 429 - {'error': {'message': 'Too Many Requests', 'type': 'too_many_requests', 'param': None, 'code': 'too_many_requests'}}
Failed for James Brown - It'S A Man'S Man'S Man'S World: Error code: 429 - {'error': {'message': 'Too Many Requests', 'type': 'too_many_requests', 'param': None, 'code': 'too_many_requests'}}
Failed for Judas Priest - The Sentinel: Error code: 429 - {'error': {'message': 'Too Many Requests', 'type': 'too_many_requests', 'param': None, 'code': 'too_many_requests'}}
Failed for Grandaddy - Laughing Stock: Error code: 429 - {'error': {'message': 'Too Many Requests', 'type': 'too_many_requests', 'param': None, 'code': 'too_many_requests'}}
Failed for Anberlin - Autobahn: Error code: 429 - {'error': {'message': 'Too Many Requests', 'type': 'too_many_requests', 'param': None, 'code': 'too_many_requests'}}
Failed for Jet - Come Around Again: Error code: 429 - {'error': {'message': 'Too Many Requests', 'type': 'too_many_requests', 'param': None, 'code': 'too_many_requests'}}
Failed for Kylie Minogue - Where The Wild Roses Grow: Error code: 429 - {'error': {'message': 'Too Many Requests', 'type': 'too_many_requests', 'param': None, 'code': 'too_many_requests'}}
Failed for Moby - Look Back In: Error code: 429 - {'error': {'message': 'Too Many Requests', 'type': 'too_many_requests', 'param': None, 'code': 'too_many_requests'}}
Failed for Grandaddy - For The Dishwasher: Error code: 429 - {'error': {'message': 'Too Many Requests', 'type': 'too_many_requests', 'param': None, 'code': 'too_many_requests'}}
Failed for Modern Life Is War - I'M Not Ready: Error code: 429 - {'error': {'message': 'Too Many Requests', 'type': 'too_many_requests', 'param': None, 'code': 'too_many_requests'}}
Failed for Moderat - Porc # 2: Error code: 429 - {'error': {'message': 'Too Many Requests', 'type': 'too_many_requests', 'param': None, 'code': 'too_many_requests'}}
Failed for Covenant - Ritual Noise: Error code: 429 - {'error': {'message': 'Too Many Requests', 'type': 'too_many_requests', 'param': None, 'code': 'too_many_requests'}}
Failed for Moby - Sweet Apocalypse: Error code: 429 - {'error': {'message': 'Too Many Requests', 'type': 'too_many_requests', 'param': None, 'code': 'too_many_requests'}}
Failed for The Cinematic Orchestra - The Magician: Error code: 429 - {'error': {'message': 'Too Many Requests', 'type': 'too_many_requests', 'param': None, 'code': 'too_many_requests'}}
Failed for Deep Dish - Sacramento: Error code: 429 - {'error': {'message': 'Too Many Requests', 'type': 'too_many_requests', 'param': None, 'code': 'too_many_requests'}}
Failed for John Lennon - Oh Yoko!: Error code: 429 - {'error': {'message': 'Too Many Requests', 'type': 'too_many_requests', 'param': None, 'code': 'too_many_requests'}}
Failed for Genesis - Hold On My Heart: Error code: 429 - {'error': {'message': 'Too Many Requests', 'type': 'too_many_requests', 'param': None, 'code': 'too_many_requests'}}
Failed for Mokoma - Kolmannen Asteen Kuulustelu: Error code: 429 - {'error': {'message': 'Too Many Requests', 'type': 'too_many_requests', 'param': None, 'code': 'too_many_requests'}}
Failed for Pendulum - Tarantula: Error code: 429 - {'error': {'message': 'Too Many Requests', 'type': 'too_many_requests', 'param': None, 'code': 'too_many_requests'}}
Failed for The Future Sound Of London - Dead Cities: Error code: 429 - {'error': {'message': 'Too Many Requests', 'type': 'too_many_requests', 'param': None, 'code': 'too_many_requests'}}
Failed for Dark Funeral - Diabolis Interium: Error code: 429 - {'error': {'message': 'Too Many Requests', 'type': 'too_many_requests', 'param': None, 'code': 'too_many_requests'}}
Failed for Dark Funeral - Feed On The Mortals: Error code: 429 - {'error': {'message': 'Too Many Requests', 'type': 'too_many_requests', 'param': None, 'code': 'too_many_requests'}}
Failed for Dark Funeral - Final Ritual: Error code: 429 - {'error': {'message': 'Too Many Requests', 'type': 'too_many_requests', 'param': None, 'code': 'too_many_requests'}}
2400/2988 done
Failed for Mylo - Muscle Car (Reform Reprise): Error code: 429 - {'error': {'message': 'Too Many Requests', 'type': 'too_many_requests', 'param': None, 'code': 'too_many_requests'}}
Failed for Manic Street Preachers - I Live To Fall Asleep: Error code: 429 - {'error': {'message': 'Too Many Requests', 'type': 'too_many_requests', 'param': None, 'code': 'too_many_requests'}}
Failed for Faithless - Love Lives On My Street: Error code: 429 - {'error': {'message': 'Too Many Requests', 'type': 'too_many_requests', 'param': None, 'code': 'too_many_requests'}}
Failed for The Pigeon Detectives - I Can'T Control Myself: Error code: 429 - {'error': {'message': 'Too Many Requests', 'type': 'too_many_requests', 'param': None, 'code': 'too_many_requests'}}
Failed for Opeth - April Ethereal: Error code: 429 - {'error': {'message': 'Too Many Requests', 'type': 'too_many_requests', 'param': None, 'code': 'too_many_requests'}}
Failed for Faithless - Bombs: Error code: 429 - {'error': {'message': 'Too Many Requests', 'type': 'too_many_requests', 'param': None, 'code': 'too_many_requests'}}
Failed for Faith No More - Ugly In The Morning: Error code: 429 - {'error': {'message': 'Too Many Requests', 'type': 'too_many_requests', 'param': None, 'code': 'too_many_requests'}}
Failed for Dapunksportif - Kids Don'T Wanna Know: Error code: 429 - {'error': {'message': 'Too Many Requests', 'type': 'too_many_requests', 'param': None, 'code': 'too_many_requests'}}
Failed for Helmet - Unsung: Error code: 429 - {'error': {'message': 'Too Many Requests', 'type': 'too_many_requests', 'param': None, 'code': 'too_many_requests'}}
Failed for The Early November - Hair: Error code: 429 - {'error': {'message': 'Too Many Requests', 'type': 'too_many_requests', 'param': None, 'code': 'too_many_requests'}}
Failed for Avenged Sevenfold - Walk (Pantera Cover): Error code: 429 - {'error': {'message': 'Too Many Requests', 'type': 'too_many_requests', 'param': None, 'code': 'too_many_requests'}}
Failed for Beyoncé - Disappear: Error code: 429 - {'error': {'message': 'Too Many Requests', 'type': 'too_many_requests', 'param': None, 'code': 'too_many_requests'}}
Failed for Suburban Kids With Biblical Names - Rent A Wreck: Error code: 429 - {'error': {'message': 'Too Many Requests', 'type': 'too_many_requests', 'param': None, 'code': 'too_many_requests'}}
Failed for Chemistry - Your Name Never Gone: Error code: 429 - {'error': {'message': 'Too Many Requests', 'type': 'too_many_requests', 'param': None, 'code': 'too_many_requests'}}
Failed for Faithless - Sweep: Error code: 429 - {'error': {'message': 'Too Many Requests', 'type': 'too_many_requests', 'param': None, 'code': 'too_many_requests'}}
Failed for Alice In Chains - Put You Down: Error code: 429 - {'error': {'message': 'Too Many Requests', 'type': 'too_many_requests', 'param': None, 'code': 'too_many_requests'}}
Failed for Set Fire To Flames - This Thing Between Us Is A Rickety Bridge Of Impossible Crossing / Bonfires For Nobody...: Error code: 429 - {'error': {'message': 'Too Many Requests', 'type': 'too_many_requests', 'param': None, 'code': 'too_many_requests'}}
Failed for Soilwork - Generation Speedkill: Error code: 429 - {'error': {'message': 'Too Many Requests', 'type': 'too_many_requests', 'param': None, 'code': 'too_many_requests'}}
Failed for Soilwork - Shadowchild: Error code: 429 - {'error': {'message': 'Too Many Requests', 'type': 'too_many_requests', 'param': None, 'code': 'too_many_requests'}}
Failed for Soilwork - In A Close Encounter: Error code: 429 - {'error': {'message': 'Too Many Requests', 'type': 'too_many_requests', 'param': None, 'code': 'too_many_requests'}}
Failed for Ashley Tisdale - We'Ll Be Together: Error code: 429 - {'error': {'message': 'Too Many Requests', 'type': 'too_many_requests', 'param': None, 'code': 'too_many_requests'}}
Failed for Decoration - Only A Plague Can Stop Us Now: Error code: 429 - {'error': {'message': 'Too Many Requests', 'type': 'too_many_requests', 'param': None, 'code': 'too_many_requests'}}
Failed for Soilwork - The Analyst: Error code: 429 - {'error': {'message': 'Too Many Requests', 'type': 'too_many_requests', 'param': None, 'code': 'too_many_requests'}}
Failed for The Decemberists - The Hazards Of Love 2 (Wager All): Error code: 429 - {'error': {'message': 'Too Many Requests', 'type': 'too_many_requests', 'param': None, 'code': 'too_many_requests'}}
Failed for Peter Bjorn And John - Nothing To Worry About: Error code: 429 - {'error': {'message': 'Too Many Requests', 'type': 'too_many_requests', 'param': None, 'code': 'too_many_requests'}}
Failed for Yo La Tengo - Saturday: Error code: 429 - {'error': {'message': 'Too Many Requests', 'type': 'too_many_requests', 'param': None, 'code': 'too_many_requests'}}
Failed for Of Montreal - Wicked Wisdom: Error code: 429 - {'error': {'message': 'Too Many Requests', 'type': 'too_many_requests', 'param': None, 'code': 'too_many_requests'}}
Failed for John Coltrane - Blue Train: Error code: 429 - {'error': {'message': 'Too Many Requests', 'type': 'too_many_requests', 'param': None, 'code': 'too_many_requests'}}
Failed for The Knife - Three Boys: Error code: 429 - {'error': {'message': 'Too Many Requests', 'type': 'too_many_requests', 'param': None, 'code': 'too_many_requests'}}
Failed for Nightwish - Fantasmic: Error code: 429 - {'error': {'message': 'Too Many Requests', 'type': 'too_many_requests', 'param': None, 'code': 'too_many_requests'}}
Failed for Yeti - Never Lose Your Sense Of Wonder: Error code: 429 - {'error': {'message': 'Too Many Requests', 'type': 'too_many_requests', 'param': None, 'code': 'too_many_requests'}}
Failed for Soundgarden - Drawing Flies: Error code: 429 - {'error': {'message': 'Too Many Requests', 'type': 'too_many_requests', 'param': None, 'code': 'too_many_requests'}}
Failed for John Lennon - Whatever Gets You Thru The Night: Error code: 429 - {'error': {'message': 'Too Many Requests', 'type': 'too_many_requests', 'param': None, 'code': 'too_many_requests'}}
Failed for Cake - You Part The Waters: Error code: 429 - {'error': {'message': 'Too Many Requests', 'type': 'too_many_requests', 'param': None, 'code': 'too_many_requests'}}
Failed for Nico - Afraid: Error code: 429 - {'error': {'message': 'Too Many Requests', 'type': 'too_many_requests', 'param': None, 'code': 'too_many_requests'}}
Failed for The Upsetters - Return Of Django: Error code: 429 - {'error': {'message': 'Too Many Requests', 'type': 'too_many_requests', 'param': None, 'code': 'too_many_requests'}}
Failed for Dark Funeral - King Antichrist: Error code: 429 - {'error': {'message': 'Too Many Requests', 'type': 'too_many_requests', 'param': None, 'code': 'too_many_requests'}}
Failed for The Killers - Sam'S Town (Abbey Road Version): Error code: 429 - {'error': {'message': 'Too Many Requests', 'type': 'too_many_requests', 'param': None, 'code': 'too_many_requests'}}
Failed for Judas Priest - Fever: Error code: 429 - {'error': {'message': 'Too Many Requests', 'type': 'too_many_requests', 'param': None, 'code': 'too_many_requests'}}
Failed for The Cure - The Final Sound: Error code: 429 - {'error': {'message': 'Too Many Requests', 'type': 'too_many_requests', 'param': None, 'code': 'too_many_requests'}}
Failed for The Vines - Gross Out: Error code: 429 - {'error': {'message': 'Too Many Requests', 'type': 'too_many_requests', 'param': None, 'code': 'too_many_requests'}}
Failed for Jimi Hendrix - Freedom: Error code: 429 - {'error': {'message': 'Too Many Requests', 'type': 'too_many_requests', 'param': None, 'code': 'too_many_requests'}}
Failed for The Vines - Homesick: Error code: 429 - {'error': {'message': 'Too Many Requests', 'type': 'too_many_requests', 'param': None, 'code': 'too_many_requests'}}
Failed for Amerie - Rolling Down My Face: Error code: 429 - {'error': {'message': 'Too Many Requests', 'type': 'too_many_requests', 'param': None, 'code': 'too_many_requests'}}
Failed for Bruce Springsteen - Downbound Train: Error code: 429 - {'error': {'message': 'Too Many Requests', 'type': 'too_many_requests', 'param': None, 'code': 'too_many_requests'}}
Failed for Diablo - Shadow World: Error code: 429 - {'error': {'message': 'Too Many Requests', 'type': 'too_many_requests', 'param': None, 'code': 'too_many_requests'}}
Failed for Chemistry - 遠影 (Feat. John Legend): Error code: 429 - {'error': {'message': 'Too Many Requests', 'type': 'too_many_requests', 'param': None, 'code': 'too_many_requests'}}
Failed for Supersuckers - Non-Addictive Marijuana: Error code: 429 - {'error': {'message': 'Too Many Requests', 'type': 'too_many_requests', 'param': None, 'code': 'too_many_requests'}}
Failed for Yann Tiersen - Quimper 94: Error code: 429 - {'error': {'message': 'Too Many Requests', 'type': 'too_many_requests', 'param': None, 'code': 'too_many_requests'}}
Failed for The Lemonheads - Rockin Stroll: Error code: 429 - {'error': {'message': 'Too Many Requests', 'type': 'too_many_requests', 'param': None, 'code': 'too_many_requests'}}
Failed for Green Day - Homecoming: Error code: 429 - {'error': {'message': 'Too Many Requests', 'type': 'too_many_requests', 'param': None, 'code': 'too_many_requests'}}
Failed for Craig Armstrong - Glasgow Love Theme: Error code: 429 - {'error': {'message': 'Too Many Requests', 'type': 'too_many_requests', 'param': None, 'code': 'too_many_requests'}}
Failed for Craig Armstrong - Miracle: Error code: 429 - {'error': {'message': 'Too Many Requests', 'type': 'too_many_requests', 'param': None, 'code': 'too_many_requests'}}
Failed for Mokoma - Turvaa Selusta: Error code: 429 - {'error': {'message': 'Too Many Requests', 'type': 'too_many_requests', 'param': None, 'code': 'too_many_requests'}}
Failed for Rjd2 - Final Frontier (Remix): Error code: 429 - {'error': {'message': 'Too Many Requests', 'type': 'too_many_requests', 'param': None, 'code': 'too_many_requests'}}
Failed for Give Up The Ghost - Young Hearts Be Free Tonight: Error code: 429 - {'error': {'message': 'Too Many Requests', 'type': 'too_many_requests', 'param': None, 'code': 'too_many_requests'}}
Failed for Rjd2 - Have Mercy: Error code: 429 - {'error': {'message': 'Too Many Requests', 'type': 'too_many_requests', 'param': None, 'code': 'too_many_requests'}}
Failed for Copeland - You Have My Attention: Error code: 429 - {'error': {'message': 'Too Many Requests', 'type': 'too_many_requests', 'param': None, 'code': 'too_many_requests'}}
Failed for Ashlee Simpson - Autobiography: Error code: 429 - {'error': {'message': 'Too Many Requests', 'type': 'too_many_requests', 'param': None, 'code': 'too_many_requests'}}
Failed for The Coral - Something Inside Of Me: Error code: 429 - {'error': {'message': 'Too Many Requests', 'type': 'too_many_requests', 'param': None, 'code': 'too_many_requests'}}
Failed for Ashlee Simpson - Invisible: Error code: 429 - {'error': {'message': 'Too Many Requests', 'type': 'too_many_requests', 'param': None, 'code': 'too_many_requests'}}
Failed for Ladytron - Deep Blue: Error code: 429 - {'error': {'message': 'Too Many Requests', 'type': 'too_many_requests', 'param': None, 'code': 'too_many_requests'}}
Failed for Glass Candy - Rolling Down The Hills: Error code: 429 - {'error': {'message': 'Too Many Requests', 'type': 'too_many_requests', 'param': None, 'code': 'too_many_requests'}}
Failed for Reel People - Amazing (Feat. Tony Momrelle & Imaani): Error code: 429 - {'error': {'message': 'Too Many Requests', 'type': 'too_many_requests', 'param': None, 'code': 'too_many_requests'}}
Failed for Placebo - Without You I'M Nothing (Feat. David Bowie): Error code: 429 - {'error': {'message': 'Too Many Requests', 'type': 'too_many_requests', 'param': None, 'code': 'too_many_requests'}}
Failed for Matchbox Twenty - You'Re So Real: Error code: 429 - {'error': {'message': 'Too Many Requests', 'type': 'too_many_requests', 'param': None, 'code': 'too_many_requests'}}
Failed for Weezer - Burndt Jamb: Error code: 429 - {'error': {'message': 'Too Many Requests', 'type': 'too_many_requests', 'param': None, 'code': 'too_many_requests'}}
Failed for Finntroll - Slagbröder: Error code: 429 - {'error': {'message': 'Too Many Requests', 'type': 'too_many_requests', 'param': None, 'code': 'too_many_requests'}}
Failed for Bruce Springsteen - Long Walk Home: Error code: 429 - {'error': {'message': 'Too Many Requests', 'type': 'too_many_requests', 'param': None, 'code': 'too_many_requests'}}
Failed for Diablo - Damien: Error code: 429 - {'error': {'message': 'Too Many Requests', 'type': 'too_many_requests', 'param': None, 'code': 'too_many_requests'}}
Failed for Mazarin - Another One Goes By: Error code: 429 - {'error': {'message': 'Too Many Requests', 'type': 'too_many_requests', 'param': None, 'code': 'too_many_requests'}}
Failed for Alice In Chains - Whale & Wasp: Error code: 429 - {'error': {'message': 'Too Many Requests', 'type': 'too_many_requests', 'param': None, 'code': 'too_many_requests'}}
Failed for J Dilla - Mash: Error code: 429 - {'error': {'message': 'Too Many Requests', 'type': 'too_many_requests', 'param': None, 'code': 'too_many_requests'}}
Failed for Shakira - Sombra De Ti: Error code: 429 - {'error': {'message': 'Too Many Requests', 'type': 'too_many_requests', 'param': None, 'code': 'too_many_requests'}}
Failed for The Lonely Island - Boombox (Feat. Julian Casablancas): Error code: 429 - {'error': {'message': 'Too Many Requests', 'type': 'too_many_requests', 'param': None, 'code': 'too_many_requests'}}
Failed for The Apple Scruffs - E: Error code: 429 - {'error': {'message': 'Too Many Requests', 'type': 'too_many_requests', 'param': None, 'code': 'too_many_requests'}}
Failed for Placebo - Slave To The Wage (Radio Edit): Error code: 429 - {'error': {'message': 'Too Many Requests', 'type': 'too_many_requests', 'param': None, 'code': 'too_many_requests'}}
Failed for Diablo - Trail Of Kings: Error code: 429 - {'error': {'message': 'Too Many Requests', 'type': 'too_many_requests', 'param': None, 'code': 'too_many_requests'}}
Failed for Kylie Minogue - I Feel For You: Error code: 429 - {'error': {'message': 'Too Many Requests', 'type': 'too_many_requests', 'param': None, 'code': 'too_many_requests'}}
Failed for Supreme Beings Of Leisure - Never The Same: Error code: 429 - {'error': {'message': 'Too Many Requests', 'type': 'too_many_requests', 'param': None, 'code': 'too_many_requests'}}
Failed for Jay Reatard - Oh It'S Such A Shame: Error code: 429 - {'error': {'message': 'Too Many Requests', 'type': 'too_many_requests', 'param': None, 'code': 'too_many_requests'}}
Failed for Therapy? - Knives: Error code: 429 - {'error': {'message': 'Too Many Requests', 'type': 'too_many_requests', 'param': None, 'code': 'too_many_requests'}}
Failed for Black Sabbath - Am I Going Insane (Radio): Error code: 429 - {'error': {'message': 'Too Many Requests', 'type': 'too_many_requests', 'param': None, 'code': 'too_many_requests'}}
Failed for The Shins - My Seventh Rib: Error code: 429 - {'error': {'message': 'Too Many Requests', 'type': 'too_many_requests', 'param': None, 'code': 'too_many_requests'}}
Failed for Kiss - Black Diamond: Error code: 429 - {'error': {'message': 'Too Many Requests', 'type': 'too_many_requests', 'param': None, 'code': 'too_many_requests'}}
Failed for Howard Shore - Hope And Memory: Error code: 429 - {'error': {'message': 'Too Many Requests', 'type': 'too_many_requests', 'param': None, 'code': 'too_many_requests'}}
Failed for Lamb - Sweetheart: Error code: 429 - {'error': {'message': 'Too Many Requests', 'type': 'too_many_requests', 'param': None, 'code': 'too_many_requests'}}
Failed for Death From Above 1979 - Do It! (Live): Error code: 429 - {'error': {'message': 'Too Many Requests', 'type': 'too_many_requests', 'param': None, 'code': 'too_many_requests'}}
Failed for The Housemartins - Happy Hour: Error code: 429 - {'error': {'message': 'Too Many Requests', 'type': 'too_many_requests', 'param': None, 'code': 'too_many_requests'}}
Failed for Eels - The Medication Is Wearing Off: Error code: 429 - {'error': {'message': 'Too Many Requests', 'type': 'too_many_requests', 'param': None, 'code': 'too_many_requests'}}
Failed for Eels - Suicide Life: Error code: 429 - {'error': {'message': 'Too Many Requests', 'type': 'too_many_requests', 'param': None, 'code': 'too_many_requests'}}
Failed for Tada Hirano - Hare Hare Yukai: Error code: 429 - {'error': {'message': 'Too Many Requests', 'type': 'too_many_requests', 'param': None, 'code': 'too_many_requests'}}
Failed for Paradise Lost - Two Worlds: Error code: 429 - {'error': {'message': 'Too Many Requests', 'type': 'too_many_requests', 'param': None, 'code': 'too_many_requests'}}
Failed for Darkthrone - Black Victory Of Death: Error code: 429 - {'error': {'message': 'Too Many Requests', 'type': 'too_many_requests', 'param': None, 'code': 'too_many_requests'}}
Failed for Alexisonfire - Keep It On Wax: Error code: 429 - {'error': {'message': 'Too Many Requests', 'type': 'too_many_requests', 'param': None, 'code': 'too_many_requests'}}
Failed for Darkthrone - Blasphemer: Error code: 429 - {'error': {'message': 'Too Many Requests', 'type': 'too_many_requests', 'param': None, 'code': 'too_many_requests'}}
Failed for Darkthrone - Grave With A View: Error code: 429 - {'error': {'message': 'Too Many Requests', 'type': 'too_many_requests', 'param': None, 'code': 'too_many_requests'}}
Failed for Apparat - Steinholz: Error code: 429 - {'error': {'message': 'Too Many Requests', 'type': 'too_many_requests', 'param': None, 'code': 'too_many_requests'}}
2500/2988 done
Failed for Hawkwind - Space Is Deep: Error code: 429 - {'error': {'message': 'Too Many Requests', 'type': 'too_many_requests', 'param': None, 'code': 'too_many_requests'}}
Failed for Hawthorne Heights - I Am On Your Side: Error code: 429 - {'error': {'message': 'Too Many Requests', 'type': 'too_many_requests', 'param': None, 'code': 'too_many_requests'}}
Failed for Judas Priest - Blood Red Skies: Error code: 429 - {'error': {'message': 'Too Many Requests', 'type': 'too_many_requests', 'param': None, 'code': 'too_many_requests'}}
Failed for Metric - Soft Rock Star (Jimmy Vs. Joe Mix): Error code: 429 - {'error': {'message': 'Too Many Requests', 'type': 'too_many_requests', 'param': None, 'code': 'too_many_requests'}}
Failed for Last Alliance - Shissou (Tv Size): Error code: 429 - {'error': {'message': 'Too Many Requests', 'type': 'too_many_requests', 'param': None, 'code': 'too_many_requests'}}
Failed for Last Alliance - 疾走: Error code: 429 - {'error': {'message': 'Too Many Requests', 'type': 'too_many_requests', 'param': None, 'code': 'too_many_requests'}}
Failed for Rainbow - Stargazer: Error code: 429 - {'error': {'message': 'Too Many Requests', 'type': 'too_many_requests', 'param': None, 'code': 'too_many_requests'}}
Failed for Rainbow - Catch The Rainbow: Error code: 429 - {'error': {'message': 'Too Many Requests', 'type': 'too_many_requests', 'param': None, 'code': 'too_many_requests'}}
Failed for The Mountain Goats - Lion'S Teeth: Error code: 429 - {'error': {'message': 'Too Many Requests', 'type': 'too_many_requests', 'param': None, 'code': 'too_many_requests'}}
Failed for Quasimoto - Microphone Mathematics: Error code: 429 - {'error': {'message': 'Too Many Requests', 'type': 'too_many_requests', 'param': None, 'code': 'too_many_requests'}}
Failed for Guster - Either Way: Error code: 429 - {'error': {'message': 'Too Many Requests', 'type': 'too_many_requests', 'param': None, 'code': 'too_many_requests'}}
Failed for Nickelback - Next Contestant: Error code: 429 - {'error': {'message': 'Too Many Requests', 'type': 'too_many_requests', 'param': None, 'code': 'too_many_requests'}}
Failed for Tiësto - Elements Of Life: Error code: 429 - {'error': {'message': 'Too Many Requests', 'type': 'too_many_requests', 'param': None, 'code': 'too_many_requests'}}
Failed for Einstürzende Neubauten - Sand: Error code: 429 - {'error': {'message': 'Too Many Requests', 'type': 'too_many_requests', 'param': None, 'code': 'too_many_requests'}}
Failed for Dubtribe Sound System - Do It Now: Error code: 429 - {'error': {'message': 'Too Many Requests', 'type': 'too_many_requests', 'param': None, 'code': 'too_many_requests'}}
Failed for Queens Of The Stone Age - I Was A Teenage Hand Model: Error code: 429 - {'error': {'message': 'Too Many Requests', 'type': 'too_many_requests', 'param': None, 'code': 'too_many_requests'}}
Failed for Queens Of The Stone Age - Everybody'S Gonna Be Happy: Error code: 429 - {'error': {'message': 'Too Many Requests', 'type': 'too_many_requests', 'param': None, 'code': 'too_many_requests'}}
Failed for Akurat - Do Prostego Człowieka: Error code: 429 - {'error': {'message': 'Too Many Requests', 'type': 'too_many_requests', 'param': None, 'code': 'too_many_requests'}}
Failed for The Mountain Goats - Dinu Lipatti'S Bones: Error code: 429 - {'error': {'message': 'Too Many Requests', 'type': 'too_many_requests', 'param': None, 'code': 'too_many_requests'}}
Failed for Darkwell - Blackheart: Error code: 429 - {'error': {'message': 'Too Many Requests', 'type': 'too_many_requests', 'param': None, 'code': 'too_many_requests'}}
Failed for Diablo - C22: Error code: 429 - {'error': {'message': 'Too Many Requests', 'type': 'too_many_requests', 'param': None, 'code': 'too_many_requests'}}
Failed for Travis - Tied To The 90'S: Error code: 429 - {'error': {'message': 'Too Many Requests', 'type': 'too_many_requests', 'param': None, 'code': 'too_many_requests'}}
Failed for Extreme - Decadence Dance: Error code: 429 - {'error': {'message': 'Too Many Requests', 'type': 'too_many_requests', 'param': None, 'code': 'too_many_requests'}}
Failed for Darkthrone - The Watchtower: Error code: 429 - {'error': {'message': 'Too Many Requests', 'type': 'too_many_requests', 'param': None, 'code': 'too_many_requests'}}
Failed for The Presets - Hill Stuck: Error code: 429 - {'error': {'message': 'Too Many Requests', 'type': 'too_many_requests', 'param': None, 'code': 'too_many_requests'}}
Failed for Rammstein - Herzeleid: Error code: 429 - {'error': {'message': 'Too Many Requests', 'type': 'too_many_requests', 'param': None, 'code': 'too_many_requests'}}
Failed for Grabba Grabba Tape - Bué Da Fixe: Error code: 429 - {'error': {'message': 'Too Many Requests', 'type': 'too_many_requests', 'param': None, 'code': 'too_many_requests'}}
Failed for The Long Blondes - Big Infatuation: Error code: 429 - {'error': {'message': 'Too Many Requests', 'type': 'too_many_requests', 'param': None, 'code': 'too_many_requests'}}
Failed for Mindless Self Indulgence - Bring The Pain: Error code: 429 - {'error': {'message': 'Too Many Requests', 'type': 'too_many_requests', 'param': None, 'code': 'too_many_requests'}}
Failed for Sussie 4 - Waiting For The Ride (Tonight): Error code: 429 - {'error': {'message': 'Too Many Requests', 'type': 'too_many_requests', 'param': None, 'code': 'too_many_requests'}}
Failed for She & Him - Got Me: Error code: 429 - {'error': {'message': 'Too Many Requests', 'type': 'too_many_requests', 'param': None, 'code': 'too_many_requests'}}
Failed for Madeleine Peyroux - Blue Alert: Error code: 429 - {'error': {'message': 'Too Many Requests', 'type': 'too_many_requests', 'param': None, 'code': 'too_many_requests'}}
Failed for Joy Division - Love Will Tear Us Apart (Permanent Mix): Error code: 429 - {'error': {'message': 'Too Many Requests', 'type': 'too_many_requests', 'param': None, 'code': 'too_many_requests'}}
Failed for Bloc Party - Storm And Stress: Error code: 429 - {'error': {'message': 'Too Many Requests', 'type': 'too_many_requests', 'param': None, 'code': 'too_many_requests'}}
Failed for Ozzy Osbourne - My Little Man: Error code: 429 - {'error': {'message': 'Too Many Requests', 'type': 'too_many_requests', 'param': None, 'code': 'too_many_requests'}}
Failed for Tomte - Ich Sang Die Ganze Zeit Von Dir: Error code: 429 - {'error': {'message': 'Too Many Requests', 'type': 'too_many_requests', 'param': None, 'code': 'too_many_requests'}}
Failed for Ozzy Osbourne - Flying High Again: Error code: 429 - {'error': {'message': 'Too Many Requests', 'type': 'too_many_requests', 'param': None, 'code': 'too_many_requests'}}
Failed for Catamenia - My Blood Stained Path: Error code: 429 - {'error': {'message': 'Too Many Requests', 'type': 'too_many_requests', 'param': None, 'code': 'too_many_requests'}}
Failed for Imogen Heap - Shine: Error code: 429 - {'error': {'message': 'Too Many Requests', 'type': 'too_many_requests', 'param': None, 'code': 'too_many_requests'}}
Failed for Mindless Self Indulgence - Revenge: Error code: 429 - {'error': {'message': 'Too Many Requests', 'type': 'too_many_requests', 'param': None, 'code': 'too_many_requests'}}
Failed for The Jimi Hendrix Experience - Voodoo Chile: Error code: 429 - {'error': {'message': 'Too Many Requests', 'type': 'too_many_requests', 'param': None, 'code': 'too_many_requests'}}
Failed for Kamelot - This Pain: Error code: 429 - {'error': {'message': 'Too Many Requests', 'type': 'too_many_requests', 'param': None, 'code': 'too_many_requests'}}
Failed for Bonobo - The Sicilian: Error code: 429 - {'error': {'message': 'Too Many Requests', 'type': 'too_many_requests', 'param': None, 'code': 'too_many_requests'}}
Failed for Paul Kantner - Nothing'S Gonna Stop Us Now: Error code: 429 - {'error': {'message': 'Too Many Requests', 'type': 'too_many_requests', 'param': None, 'code': 'too_many_requests'}}
Failed for Ben Folds Five - Jackson Cannery: Error code: 429 - {'error': {'message': 'Too Many Requests', 'type': 'too_many_requests', 'param': None, 'code': 'too_many_requests'}}
Failed for Amadou & Mariam - Camions Sauvages: Error code: 429 - {'error': {'message': 'Too Many Requests', 'type': 'too_many_requests', 'param': None, 'code': 'too_many_requests'}}
Failed for Tom Petty And The Heartbreakers - I Won'T Back Down: Error code: 429 - {'error': {'message': 'Too Many Requests', 'type': 'too_many_requests', 'param': None, 'code': 'too_many_requests'}}
Failed for The Presidents Of The United States Of America - Feather Pluckn: Error code: 429 - {'error': {'message': 'Too Many Requests', 'type': 'too_many_requests', 'param': None, 'code': 'too_many_requests'}}
Failed for Wilco - The Lonely 1: Error code: 429 - {'error': {'message': 'Too Many Requests', 'type': 'too_many_requests', 'param': None, 'code': 'too_many_requests'}}
Failed for Against Me! - Unprotected Sex With Multiple Partners: Error code: 429 - {'error': {'message': 'Too Many Requests', 'type': 'too_many_requests', 'param': None, 'code': 'too_many_requests'}}
Failed for Philip Glass - The Poet Acts: Error code: 429 - {'error': {'message': 'Too Many Requests', 'type': 'too_many_requests', 'param': None, 'code': 'too_many_requests'}}
Failed for Elastica - Smile: Error code: 429 - {'error': {'message': 'Too Many Requests', 'type': 'too_many_requests', 'param': None, 'code': 'too_many_requests'}}
Failed for Soda Stereo - En Camino: Error code: 429 - {'error': {'message': 'Too Many Requests', 'type': 'too_many_requests', 'param': None, 'code': 'too_many_requests'}}
Failed for Soda Stereo - Disco Eterno: Error code: 429 - {'error': {'message': 'Too Many Requests', 'type': 'too_many_requests', 'param': None, 'code': 'too_many_requests'}}
Failed for Socratic - I Am The Doctor: Error code: 429 - {'error': {'message': 'Too Many Requests', 'type': 'too_many_requests', 'param': None, 'code': 'too_many_requests'}}
Failed for Red House Painters - San Geronimo: Error code: 429 - {'error': {'message': 'Too Many Requests', 'type': 'too_many_requests', 'param': None, 'code': 'too_many_requests'}}
Failed for Glen Hansard - Fallen From The Sky: Error code: 429 - {'error': {'message': 'Too Many Requests', 'type': 'too_many_requests', 'param': None, 'code': 'too_many_requests'}}
Failed for Korn - All In The Family: Error code: 429 - {'error': {'message': 'Too Many Requests', 'type': 'too_many_requests', 'param': None, 'code': 'too_many_requests'}}
Failed for Kim Sozzi - Break Up (Cascada Radio Mix): Error code: 429 - {'error': {'message': 'Too Many Requests', 'type': 'too_many_requests', 'param': None, 'code': 'too_many_requests'}}
Failed for Elastica - Hold Me Now: Error code: 429 - {'error': {'message': 'Too Many Requests', 'type': 'too_many_requests', 'param': None, 'code': 'too_many_requests'}}
Failed for Against Me! - Violence: Error code: 429 - {'error': {'message': 'Too Many Requests', 'type': 'too_many_requests', 'param': None, 'code': 'too_many_requests'}}
Failed for Benoît Pioulard - Palimend: Error code: 429 - {'error': {'message': 'Too Many Requests', 'type': 'too_many_requests', 'param': None, 'code': 'too_many_requests'}}
Failed for Sparklehorse - Return To Me: Error code: 429 - {'error': {'message': 'Too Many Requests', 'type': 'too_many_requests', 'param': None, 'code': 'too_many_requests'}}
Failed for Dashboard Confessional - A Plain Morning: Error code: 429 - {'error': {'message': 'Too Many Requests', 'type': 'too_many_requests', 'param': None, 'code': 'too_many_requests'}}
Failed for Say Anything - Yellow Cat (Slash) Red Cat: Error code: 429 - {'error': {'message': 'Too Many Requests', 'type': 'too_many_requests', 'param': None, 'code': 'too_many_requests'}}
Failed for Saves The Day - Morning In The Moonlight: Error code: 429 - {'error': {'message': 'Too Many Requests', 'type': 'too_many_requests', 'param': None, 'code': 'too_many_requests'}}
Failed for Van Morrison - Into The Mystic: Error code: 429 - {'error': {'message': 'Too Many Requests', 'type': 'too_many_requests', 'param': None, 'code': 'too_many_requests'}}
Failed for Jamiroquai - Loveblind: Error code: 429 - {'error': {'message': 'Too Many Requests', 'type': 'too_many_requests', 'param': None, 'code': 'too_many_requests'}}
Failed for Van Morrison - Someone Like You: Error code: 429 - {'error': {'message': 'Too Many Requests', 'type': 'too_many_requests', 'param': None, 'code': 'too_many_requests'}}
Failed for The Paddingtons - Tommy'S Disease: Error code: 429 - {'error': {'message': 'Too Many Requests', 'type': 'too_many_requests', 'param': None, 'code': 'too_many_requests'}}
Failed for Jamie Cullum - But For Now: Error code: 429 - {'error': {'message': 'Too Many Requests', 'type': 'too_many_requests', 'param': None, 'code': 'too_many_requests'}}
Failed for Jamiroquai - Little L (Album Version): Error code: 429 - {'error': {'message': 'Too Many Requests', 'type': 'too_many_requests', 'param': None, 'code': 'too_many_requests'}}
Failed for Yeah Yeah Yeahs - Graveyard: Error code: 429 - {'error': {'message': 'Too Many Requests', 'type': 'too_many_requests', 'param': None, 'code': 'too_many_requests'}}
Failed for Rammstein - Laichzeit: Error code: 429 - {'error': {'message': 'Too Many Requests', 'type': 'too_many_requests', 'param': None, 'code': 'too_many_requests'}}
Failed for Anathema - Sentient: Error code: 429 - {'error': {'message': 'Too Many Requests', 'type': 'too_many_requests', 'param': None, 'code': 'too_many_requests'}}
Failed for Mark Mothersbaugh - Ping Island / Lightning Strike Rescue Op: Error code: 429 - {'error': {'message': 'Too Many Requests', 'type': 'too_many_requests', 'param': None, 'code': 'too_many_requests'}}
Failed for Rachael Yamagata - Under My Skin: Error code: 429 - {'error': {'message': 'Too Many Requests', 'type': 'too_many_requests', 'param': None, 'code': 'too_many_requests'}}
Failed for Yann Tiersen - Le Jour D'Avant: Error code: 429 - {'error': {'message': 'Too Many Requests', 'type': 'too_many_requests', 'param': None, 'code': 'too_many_requests'}}
Failed for Carcass - Corporal Jigsore Quandary: Error code: 429 - {'error': {'message': 'Too Many Requests', 'type': 'too_many_requests', 'param': None, 'code': 'too_many_requests'}}
Failed for No Doubt - Detective: Error code: 429 - {'error': {'message': 'Too Many Requests', 'type': 'too_many_requests', 'param': None, 'code': 'too_many_requests'}}
Failed for Beck - Peaches & Cream: Error code: 429 - {'error': {'message': 'Too Many Requests', 'type': 'too_many_requests', 'param': None, 'code': 'too_many_requests'}}
Failed for Melvins - The Hawk: Error code: 429 - {'error': {'message': 'Too Many Requests', 'type': 'too_many_requests', 'param': None, 'code': 'too_many_requests'}}
Failed for The Mountain Goats - Tallahassee: Error code: 429 - {'error': {'message': 'Too Many Requests', 'type': 'too_many_requests', 'param': None, 'code': 'too_many_requests'}}
Failed for The Charlatans - Then: Error code: 429 - {'error': {'message': 'Too Many Requests', 'type': 'too_many_requests', 'param': None, 'code': 'too_many_requests'}}
Failed for Animal Collective - Hey Light: Error code: 429 - {'error': {'message': 'Too Many Requests', 'type': 'too_many_requests', 'param': None, 'code': 'too_many_requests'}}
Failed for 2 Unlimited - No Limit: Error code: 429 - {'error': {'message': 'Too Many Requests', 'type': 'too_many_requests', 'param': None, 'code': 'too_many_requests'}}
Failed for Los Enanitos Verdes - Lamento Boliviano: Error code: 429 - {'error': {'message': 'Too Many Requests', 'type': 'too_many_requests', 'param': None, 'code': 'too_many_requests'}}
Failed for Yo La Tengo - Today Is The Day: Error code: 429 - {'error': {'message': 'Too Many Requests', 'type': 'too_many_requests', 'param': None, 'code': 'too_many_requests'}}
Failed for The Mountain Goats - Wild Sage: Error code: 429 - {'error': {'message': 'Too Many Requests', 'type': 'too_many_requests', 'param': None, 'code': 'too_many_requests'}}
Failed for The Music - Bleed From Within: Error code: 429 - {'error': {'message': 'Too Many Requests', 'type': 'too_many_requests', 'param': None, 'code': 'too_many_requests'}}
Failed for Azure Ray - How Will You Survive: Error code: 429 - {'error': {'message': 'Too Many Requests', 'type': 'too_many_requests', 'param': None, 'code': 'too_many_requests'}}
Failed for Azzido Da Bass - Dooms Night: Error code: 429 - {'error': {'message': 'Too Many Requests', 'type': 'too_many_requests', 'param': None, 'code': 'too_many_requests'}}
Failed for Brand New - Failure By Design: Error code: 429 - {'error': {'message': 'Too Many Requests', 'type': 'too_many_requests', 'param': None, 'code': 'too_many_requests'}}
Failed for Peeping Tom - Sucker (Feat. Norah Jones): Error code: 429 - {'error': {'message': 'Too Many Requests', 'type': 'too_many_requests', 'param': None, 'code': 'too_many_requests'}}
Failed for The Game - Higher: Error code: 429 - {'error': {'message': 'Too Many Requests', 'type': 'too_many_requests', 'param': None, 'code': 'too_many_requests'}}
Failed for Against Me! - Scream It Until You'Re Coughing Up Blood: Error code: 429 - {'error': {'message': 'Too Many Requests', 'type': 'too_many_requests', 'param': None, 'code': 'too_many_requests'}}
Failed for Sparklehorse - Some Sweet Day: Error code: 429 - {'error': {'message': 'Too Many Requests', 'type': 'too_many_requests', 'param': None, 'code': 'too_many_requests'}}
2600/2988 done
Failed for Amida - Class Of 2000: Error code: 429 - {'error': {'message': 'Too Many Requests', 'type': 'too_many_requests', 'param': None, 'code': 'too_many_requests'}}
Failed for Limp Bizkit - Hold On: Error code: 429 - {'error': {'message': 'Too Many Requests', 'type': 'too_many_requests', 'param': None, 'code': 'too_many_requests'}}
Failed for Limp Bizkit - I'M Broke: Error code: 429 - {'error': {'message': 'Too Many Requests', 'type': 'too_many_requests', 'param': None, 'code': 'too_many_requests'}}
Failed for Matisyahu - Got No Water: Error code: 429 - {'error': {'message': 'Too Many Requests', 'type': 'too_many_requests', 'param': None, 'code': 'too_many_requests'}}
Failed for Nouvelle Vague - Heart Of Glass (Blondie): Error code: 429 - {'error': {'message': 'Too Many Requests', 'type': 'too_many_requests', 'param': None, 'code': 'too_many_requests'}}
Failed for Nouvelle Vague - Blue Monday (New Order): Error code: 429 - {'error': {'message': 'Too Many Requests', 'type': 'too_many_requests', 'param': None, 'code': 'too_many_requests'}}
Failed for The Lawrence Arms - Cut It Up: Error code: 429 - {'error': {'message': 'Too Many Requests', 'type': 'too_many_requests', 'param': None, 'code': 'too_many_requests'}}
Failed for Joss Stone - Snakes And Ladders: Error code: 429 - {'error': {'message': 'Too Many Requests', 'type': 'too_many_requests', 'param': None, 'code': 'too_many_requests'}}
Failed for Dashboard Confessional - Reason To Believe: Error code: 429 - {'error': {'message': 'Too Many Requests', 'type': 'too_many_requests', 'param': None, 'code': 'too_many_requests'}}
Failed for My Bloody Valentine - Never Say Goodbye: Error code: 429 - {'error': {'message': 'Too Many Requests', 'type': 'too_many_requests', 'param': None, 'code': 'too_many_requests'}}
Failed for My Brightest Diamond - Ice & The Storm: Error code: 429 - {'error': {'message': 'Too Many Requests', 'type': 'too_many_requests', 'param': None, 'code': 'too_many_requests'}}
Failed for Catamenia - Perintö Pohjolan: Error code: 429 - {'error': {'message': 'Too Many Requests', 'type': 'too_many_requests', 'param': None, 'code': 'too_many_requests'}}
Failed for Aqualung - Strange And Beautiful: Error code: 429 - {'error': {'message': 'Too Many Requests', 'type': 'too_many_requests', 'param': None, 'code': 'too_many_requests'}}
Failed for Trivium - And Sadness Will Sear: Error code: 429 - {'error': {'message': 'Too Many Requests', 'type': 'too_many_requests', 'param': None, 'code': 'too_many_requests'}}
Failed for A Perfect Circle - Gimme Gimme Gimme: Error code: 429 - {'error': {'message': 'Too Many Requests', 'type': 'too_many_requests', 'param': None, 'code': 'too_many_requests'}}
Failed for Booka Shade - Take A Ride: Error code: 429 - {'error': {'message': 'Too Many Requests', 'type': 'too_many_requests', 'param': None, 'code': 'too_many_requests'}}
Failed for Okkervil River - Blue Tulip: Error code: 429 - {'error': {'message': 'Too Many Requests', 'type': 'too_many_requests', 'param': None, 'code': 'too_many_requests'}}
Failed for Tristania - Simbelmynë: Error code: 429 - {'error': {'message': 'Too Many Requests', 'type': 'too_many_requests', 'param': None, 'code': 'too_many_requests'}}
Failed for Snow Patrol - Finish Line: Error code: 429 - {'error': {'message': 'Too Many Requests', 'type': 'too_many_requests', 'param': None, 'code': 'too_many_requests'}}
Failed for Robert Plant & Alison Krauss - Trampled Rose: Error code: 429 - {'error': {'message': 'Too Many Requests', 'type': 'too_many_requests', 'param': None, 'code': 'too_many_requests'}}
Failed for Elbow - Scattered Black And Whites: Error code: 429 - {'error': {'message': 'Too Many Requests', 'type': 'too_many_requests', 'param': None, 'code': 'too_many_requests'}}
Failed for The Fixx - One Thing Leads To Another: Error code: 429 - {'error': {'message': 'Too Many Requests', 'type': 'too_many_requests', 'param': None, 'code': 'too_many_requests'}}
Failed for ...And You Will Know Us By The Trail Of Dead - Ode To Isis: Error code: 429 - {'error': {'message': 'Too Many Requests', 'type': 'too_many_requests', 'param': None, 'code': 'too_many_requests'}}
Failed for Constantines - Time Can Be Overcome: Error code: 429 - {'error': {'message': 'Too Many Requests', 'type': 'too_many_requests', 'param': None, 'code': 'too_many_requests'}}
Failed for Bob Dylan - Nettie Moore: Error code: 429 - {'error': {'message': 'Too Many Requests', 'type': 'too_many_requests', 'param': None, 'code': 'too_many_requests'}}
Failed for The Music - Getaway: Error code: 429 - {'error': {'message': 'Too Many Requests', 'type': 'too_many_requests', 'param': None, 'code': 'too_many_requests'}}
Failed for Nick Cave & The Bad Seeds - Sweetheart Come: Error code: 429 - {'error': {'message': 'Too Many Requests', 'type': 'too_many_requests', 'param': None, 'code': 'too_many_requests'}}
Failed for Nick Cave & The Bad Seeds - Sunday'S Slave: Error code: 429 - {'error': {'message': 'Too Many Requests', 'type': 'too_many_requests', 'param': None, 'code': 'too_many_requests'}}
Failed for Nick Cave & The Bad Seeds - Stranger Than Kindness: Error code: 429 - {'error': {'message': 'Too Many Requests', 'type': 'too_many_requests', 'param': None, 'code': 'too_many_requests'}}
Failed for P!Nk - Feel Good Time: Error code: 429 - {'error': {'message': 'Too Many Requests', 'type': 'too_many_requests', 'param': None, 'code': 'too_many_requests'}}
Failed for The Dave Brubeck Quartet - Kathy'S Waltz: Error code: 429 - {'error': {'message': 'Too Many Requests', 'type': 'too_many_requests', 'param': None, 'code': 'too_many_requests'}}
Failed for Ra Ra Riot - Winter '05: Error code: 429 - {'error': {'message': 'Too Many Requests', 'type': 'too_many_requests', 'param': None, 'code': 'too_many_requests'}}
Failed for Coldplay - What If?: Error code: 429 - {'error': {'message': 'Too Many Requests', 'type': 'too_many_requests', 'param': None, 'code': 'too_many_requests'}}
Failed for Saul Williams - Talk To Strangers: Error code: 429 - {'error': {'message': 'Too Many Requests', 'type': 'too_many_requests', 'param': None, 'code': 'too_many_requests'}}
Failed for Van She - Sex City: Error code: 429 - {'error': {'message': 'Too Many Requests', 'type': 'too_many_requests', 'param': None, 'code': 'too_many_requests'}}
Failed for The Russian Futurists - It'S Actually Going To Happen: Error code: 429 - {'error': {'message': 'Too Many Requests', 'type': 'too_many_requests', 'param': None, 'code': 'too_many_requests'}}
Failed for The Smashing Pumpkins - We Only Come Out At Night: Error code: 429 - {'error': {'message': 'Too Many Requests', 'type': 'too_many_requests', 'param': None, 'code': 'too_many_requests'}}
Failed for The Warlocks - Shake The Dope Out: Error code: 429 - {'error': {'message': 'Too Many Requests', 'type': 'too_many_requests', 'param': None, 'code': 'too_many_requests'}}
Failed for The Rubettes - Sugar Baby Love: Error code: 429 - {'error': {'message': 'Too Many Requests', 'type': 'too_many_requests', 'param': None, 'code': 'too_many_requests'}}
Failed for Kt Tunstall - Little Favours: Error code: 429 - {'error': {'message': 'Too Many Requests', 'type': 'too_many_requests', 'param': None, 'code': 'too_many_requests'}}
Failed for Dizzee Rascal - Jus' A Rascal: Error code: 429 - {'error': {'message': 'Too Many Requests', 'type': 'too_many_requests', 'param': None, 'code': 'too_many_requests'}}
Failed for The Album Leaf - Moss Mountain Town: Error code: 429 - {'error': {'message': 'Too Many Requests', 'type': 'too_many_requests', 'param': None, 'code': 'too_many_requests'}}
Failed for Black Sabbath - Walk Away: Error code: 429 - {'error': {'message': 'Too Many Requests', 'type': 'too_many_requests', 'param': None, 'code': 'too_many_requests'}}
Failed for Liars - Let'S Not Wrestle Mt. Heart Attack: Error code: 429 - {'error': {'message': 'Too Many Requests', 'type': 'too_many_requests', 'param': None, 'code': 'too_many_requests'}}
Failed for The Russian Futurists - Our Pen'S Out Of Ink: Error code: 429 - {'error': {'message': 'Too Many Requests', 'type': 'too_many_requests', 'param': None, 'code': 'too_many_requests'}}
Failed for Strapping Young Lad - Skeksis: Error code: 429 - {'error': {'message': 'Too Many Requests', 'type': 'too_many_requests', 'param': None, 'code': 'too_many_requests'}}
Failed for Better Than Ezra - A Lifetime: Error code: 429 - {'error': {'message': 'Too Many Requests', 'type': 'too_many_requests', 'param': None, 'code': 'too_many_requests'}}
Failed for Morcheeba - Charango (Feat. Pace Won): Error code: 429 - {'error': {'message': 'Too Many Requests', 'type': 'too_many_requests', 'param': None, 'code': 'too_many_requests'}}
Failed for Abney Park - The Wrong Side: Error code: 429 - {'error': {'message': 'Too Many Requests', 'type': 'too_many_requests', 'param': None, 'code': 'too_many_requests'}}
Failed for The Hush Sound - Lighthouse: Error code: 429 - {'error': {'message': 'Too Many Requests', 'type': 'too_many_requests', 'param': None, 'code': 'too_many_requests'}}
Failed for The Hush Sound - City Traffic Puzzle: Error code: 429 - {'error': {'message': 'Too Many Requests', 'type': 'too_many_requests', 'param': None, 'code': 'too_many_requests'}}
Failed for Spiritualized - Electric Mainline: Error code: 429 - {'error': {'message': 'Too Many Requests', 'type': 'too_many_requests', 'param': None, 'code': 'too_many_requests'}}
Failed for At The Drive-In - Catacombs: Error code: 429 - {'error': {'message': 'Too Many Requests', 'type': 'too_many_requests', 'param': None, 'code': 'too_many_requests'}}
Failed for At The Drive-In - Hulahoop Wounds: Error code: 429 - {'error': {'message': 'Too Many Requests', 'type': 'too_many_requests', 'param': None, 'code': 'too_many_requests'}}
Failed for Nick Cave & The Bad Seeds - Idiot Prayer: Error code: 429 - {'error': {'message': 'Too Many Requests', 'type': 'too_many_requests', 'param': None, 'code': 'too_many_requests'}}
Failed for Azure Ray - Across The Ocean: Error code: 429 - {'error': {'message': 'Too Many Requests', 'type': 'too_many_requests', 'param': None, 'code': 'too_many_requests'}}
Failed for Nick Cave & The Bad Seeds - Mercy: Error code: 429 - {'error': {'message': 'Too Many Requests', 'type': 'too_many_requests', 'param': None, 'code': 'too_many_requests'}}
Failed for Nick Cave & The Bad Seeds - Jangling Jack: Error code: 429 - {'error': {'message': 'Too Many Requests', 'type': 'too_many_requests', 'param': None, 'code': 'too_many_requests'}}
Failed for Liars - A Visit From Drum: Error code: 429 - {'error': {'message': 'Too Many Requests', 'type': 'too_many_requests', 'param': None, 'code': 'too_many_requests'}}
Failed for Mclusky - Collagen Rock: Error code: 429 - {'error': {'message': 'Too Many Requests', 'type': 'too_many_requests', 'param': None, 'code': 'too_many_requests'}}
Failed for Demons & Wizards - Down Where I Am: Error code: 429 - {'error': {'message': 'Too Many Requests', 'type': 'too_many_requests', 'param': None, 'code': 'too_many_requests'}}
Failed for Amadou & Mariam - Artistiya: Error code: 429 - {'error': {'message': 'Too Many Requests', 'type': 'too_many_requests', 'param': None, 'code': 'too_many_requests'}}
Failed for Matisyahu - Close My Eyes: Error code: 429 - {'error': {'message': 'Too Many Requests', 'type': 'too_many_requests', 'param': None, 'code': 'too_many_requests'}}
Failed for The Sisters Of Mercy - Vision Thing: Error code: 429 - {'error': {'message': 'Too Many Requests', 'type': 'too_many_requests', 'param': None, 'code': 'too_many_requests'}}
Failed for Eternal Tears Of Sorrow - Aurora Borealis: Error code: 429 - {'error': {'message': 'Too Many Requests', 'type': 'too_many_requests', 'param': None, 'code': 'too_many_requests'}}
Failed for The Presidents Of The United States Of America - Stranger: Error code: 429 - {'error': {'message': 'Too Many Requests', 'type': 'too_many_requests', 'param': None, 'code': 'too_many_requests'}}
Failed for The Zutons - Don'T Ever Think (Too Much): Error code: 429 - {'error': {'message': 'Too Many Requests', 'type': 'too_many_requests', 'param': None, 'code': 'too_many_requests'}}
Failed for Tiamat - Do You Dream Of Me?: Error code: 429 - {'error': {'message': 'Too Many Requests', 'type': 'too_many_requests', 'param': None, 'code': 'too_many_requests'}}
Failed for Kanye West - Wake Up Mr. West (Instrumental): Error code: 429 - {'error': {'message': 'Too Many Requests', 'type': 'too_many_requests', 'param': None, 'code': 'too_many_requests'}}
Failed for Nouvelle Vague - The Guns Of Brixton: Error code: 429 - {'error': {'message': 'Too Many Requests', 'type': 'too_many_requests', 'param': None, 'code': 'too_many_requests'}}
Failed for Novembers Doom - Twilight Innocence: Error code: 429 - {'error': {'message': 'Too Many Requests', 'type': 'too_many_requests', 'param': None, 'code': 'too_many_requests'}}
Failed for In Flames - Superhero Of The Computer Rage: Error code: 429 - {'error': {'message': 'Too Many Requests', 'type': 'too_many_requests', 'param': None, 'code': 'too_many_requests'}}
Failed for Isobel Campbell & Mark Lanegan - It'S Hard To Kill A Bad Thing: Error code: 429 - {'error': {'message': 'Too Many Requests', 'type': 'too_many_requests', 'param': None, 'code': 'too_many_requests'}}
Failed for Bananarama - Look On The Floor (Hypnotic Tango): Error code: 429 - {'error': {'message': 'Too Many Requests', 'type': 'too_many_requests', 'param': None, 'code': 'too_many_requests'}}
Failed for Avril Lavigne - How Does It Feel: Error code: 429 - {'error': {'message': 'Too Many Requests', 'type': 'too_many_requests', 'param': None, 'code': 'too_many_requests'}}
Failed for Belle And Sebastian - Fiction: Error code: 429 - {'error': {'message': 'Too Many Requests', 'type': 'too_many_requests', 'param': None, 'code': 'too_many_requests'}}
Failed for In Flames - Your Bedtime Story Is Scaring Everyone: Error code: 429 - {'error': {'message': 'Too Many Requests', 'type': 'too_many_requests', 'param': None, 'code': 'too_many_requests'}}
Failed for Hard-Fi - Television: Error code: 429 - {'error': {'message': 'Too Many Requests', 'type': 'too_many_requests', 'param': None, 'code': 'too_many_requests'}}
Failed for Flunk - Blind My Mind: Error code: 429 - {'error': {'message': 'Too Many Requests', 'type': 'too_many_requests', 'param': None, 'code': 'too_many_requests'}}
Failed for Cream - Dance The Night Away: Error code: 429 - {'error': {'message': 'Too Many Requests', 'type': 'too_many_requests', 'param': None, 'code': 'too_many_requests'}}
Failed for Creed - Don'T Stop Dancing: Error code: 429 - {'error': {'message': 'Too Many Requests', 'type': 'too_many_requests', 'param': None, 'code': 'too_many_requests'}}
Failed for Rocky Votolato - She Was Only In It For The Rain: Error code: 429 - {'error': {'message': 'Too Many Requests', 'type': 'too_many_requests', 'param': None, 'code': 'too_many_requests'}}
Failed for Pearl Jam - Low Light: Error code: 429 - {'error': {'message': 'Too Many Requests', 'type': 'too_many_requests', 'param': None, 'code': 'too_many_requests'}}
Failed for The Smiths - Jeane: Error code: 429 - {'error': {'message': 'Too Many Requests', 'type': 'too_many_requests', 'param': None, 'code': 'too_many_requests'}}
Failed for Meat Loaf - Lost Boys And Golden Girls: Error code: 429 - {'error': {'message': 'Too Many Requests', 'type': 'too_many_requests', 'param': None, 'code': 'too_many_requests'}}
Failed for Cream - World Of Pain: Error code: 429 - {'error': {'message': 'Too Many Requests', 'type': 'too_many_requests', 'param': None, 'code': 'too_many_requests'}}
Failed for Korn - Liar: Error code: 429 - {'error': {'message': 'Too Many Requests', 'type': 'too_many_requests', 'param': None, 'code': 'too_many_requests'}}
Failed for Brian Eno - Golden Hours: Error code: 429 - {'error': {'message': 'Too Many Requests', 'type': 'too_many_requests', 'param': None, 'code': 'too_many_requests'}}
Failed for The Pussycat Dolls - Whatcha Think About That (Feat. Missy Elliott): Error code: 429 - {'error': {'message': 'Too Many Requests', 'type': 'too_many_requests', 'param': None, 'code': 'too_many_requests'}}
Failed for Death - Pull The Plug: Error code: 429 - {'error': {'message': 'Too Many Requests', 'type': 'too_many_requests', 'param': None, 'code': 'too_many_requests'}}
Failed for The Wildhearts - Suckerpunch: Error code: 429 - {'error': {'message': 'Too Many Requests', 'type': 'too_many_requests', 'param': None, 'code': 'too_many_requests'}}
Failed for The Wildhearts - News Of The World: Error code: 429 - {'error': {'message': 'Too Many Requests', 'type': 'too_many_requests', 'param': None, 'code': 'too_many_requests'}}
Failed for My Bloody Valentine - Glider: Error code: 429 - {'error': {'message': 'Too Many Requests', 'type': 'too_many_requests', 'param': None, 'code': 'too_many_requests'}}
Failed for Eternal Tears Of Sorrow - Aeon: Error code: 429 - {'error': {'message': 'Too Many Requests', 'type': 'too_many_requests', 'param': None, 'code': 'too_many_requests'}}
Failed for Music Go Music - Warm In The Shadows: Error code: 429 - {'error': {'message': 'Too Many Requests', 'type': 'too_many_requests', 'param': None, 'code': 'too_many_requests'}}
Failed for Britney Spears - Got Me High: Error code: 429 - {'error': {'message': 'Too Many Requests', 'type': 'too_many_requests', 'param': None, 'code': 'too_many_requests'}}
Failed for Esthero - Flipher Overture: Error code: 429 - {'error': {'message': 'Too Many Requests', 'type': 'too_many_requests', 'param': None, 'code': 'too_many_requests'}}
2700/2988 done
Failed for Esthero - I Drive Alone: Error code: 429 - {'error': {'message': 'Too Many Requests', 'type': 'too_many_requests', 'param': None, 'code': 'too_many_requests'}}
Failed for 12 Stones - Photograph: Error code: 429 - {'error': {'message': 'Too Many Requests', 'type': 'too_many_requests', 'param': None, 'code': 'too_many_requests'}}
Failed for 1200 Micrograms - Acid For Nothing: Error code: 429 - {'error': {'message': 'Too Many Requests', 'type': 'too_many_requests', 'param': None, 'code': 'too_many_requests'}}
Failed for Stone Sour - Your God: Error code: 429 - {'error': {'message': 'Too Many Requests', 'type': 'too_many_requests', 'param': None, 'code': 'too_many_requests'}}
Failed for Union Of Knives - I Decline: Error code: 429 - {'error': {'message': 'Too Many Requests', 'type': 'too_many_requests', 'param': None, 'code': 'too_many_requests'}}
Failed for The Sunshine Underground - Dead Scene: Error code: 429 - {'error': {'message': 'Too Many Requests', 'type': 'too_many_requests', 'param': None, 'code': 'too_many_requests'}}
Failed for Ted Leo And The Pharmacists - The Sons Of Cain: Error code: 429 - {'error': {'message': 'Too Many Requests', 'type': 'too_many_requests', 'param': None, 'code': 'too_many_requests'}}
Failed for Story Of The Year - Dive Right In: Error code: 429 - {'error': {'message': 'Too Many Requests', 'type': 'too_many_requests', 'param': None, 'code': 'too_many_requests'}}
Failed for Ozric Tentacles - Strangeitude: Error code: 429 - {'error': {'message': 'Too Many Requests', 'type': 'too_many_requests', 'param': None, 'code': 'too_many_requests'}}
Failed for U2 - Please: Error code: 429 - {'error': {'message': 'Too Many Requests', 'type': 'too_many_requests', 'param': None, 'code': 'too_many_requests'}}
Failed for Smog - I'M New Here: Error code: 429 - {'error': {'message': 'Too Many Requests', 'type': 'too_many_requests', 'param': None, 'code': 'too_many_requests'}}
Failed for Thurston Moore - Honest James: Error code: 429 - {'error': {'message': 'Too Many Requests', 'type': 'too_many_requests', 'param': None, 'code': 'too_many_requests'}}
Failed for Snoop Dogg - Drop It Like It'S Hot: Error code: 429 - {'error': {'message': 'Too Many Requests', 'type': 'too_many_requests', 'param': None, 'code': 'too_many_requests'}}
Failed for Kidneythieves - Before I'M Dead: Error code: 429 - {'error': {'message': 'Too Many Requests', 'type': 'too_many_requests', 'param': None, 'code': 'too_many_requests'}}
Failed for Morphine - You Look Like Rain: Error code: 429 - {'error': {'message': 'Too Many Requests', 'type': 'too_many_requests', 'param': None, 'code': 'too_many_requests'}}
Failed for Electrocute - I Need A Freak: Error code: 429 - {'error': {'message': 'Too Many Requests', 'type': 'too_many_requests', 'param': None, 'code': 'too_many_requests'}}
Failed for Jason Mraz - The Remedy: Error code: 429 - {'error': {'message': 'Too Many Requests', 'type': 'too_many_requests', 'param': None, 'code': 'too_many_requests'}}
Failed for U2 - Love Is Blindness: Error code: 429 - {'error': {'message': 'Too Many Requests', 'type': 'too_many_requests', 'param': None, 'code': 'too_many_requests'}}
Failed for Marilyn Manson - The Death Song: Error code: 429 - {'error': {'message': 'Too Many Requests', 'type': 'too_many_requests', 'param': None, 'code': 'too_many_requests'}}
Failed for Nina Simone - Work Song: Error code: 429 - {'error': {'message': 'Too Many Requests', 'type': 'too_many_requests', 'param': None, 'code': 'too_many_requests'}}
Failed for Yes - Yours Is No Disgrace: Error code: 429 - {'error': {'message': 'Too Many Requests', 'type': 'too_many_requests', 'param': None, 'code': 'too_many_requests'}}
Failed for Nina Simone - Mississippi Goddam: Error code: 429 - {'error': {'message': 'Too Many Requests', 'type': 'too_many_requests', 'param': None, 'code': 'too_many_requests'}}
Failed for Loquat - Swingset Chain: Error code: 429 - {'error': {'message': 'Too Many Requests', 'type': 'too_many_requests', 'param': None, 'code': 'too_many_requests'}}
Failed for Daedelus - At My Heels: Error code: 429 - {'error': {'message': 'Too Many Requests', 'type': 'too_many_requests', 'param': None, 'code': 'too_many_requests'}}
Failed for The Hives - Love In Plaster: Error code: 429 - {'error': {'message': 'Too Many Requests', 'type': 'too_many_requests', 'param': None, 'code': 'too_many_requests'}}
Failed for Alcazar - Stay The Night: Error code: 429 - {'error': {'message': 'Too Many Requests', 'type': 'too_many_requests', 'param': None, 'code': 'too_many_requests'}}
Failed for Jamisonparker - Best Mistake: Error code: 429 - {'error': {'message': 'Too Many Requests', 'type': 'too_many_requests', 'param': None, 'code': 'too_many_requests'}}
Failed for Jan Jelinek - Tendency: Error code: 429 - {'error': {'message': 'Too Many Requests', 'type': 'too_many_requests', 'param': None, 'code': 'too_many_requests'}}
Failed for Primal Scream - Suicide Sally & Johnny Guitar: Error code: 429 - {'error': {'message': 'Too Many Requests', 'type': 'too_many_requests', 'param': None, 'code': 'too_many_requests'}}
Failed for Espen Lind - Yum Yum Gimme Some (Original Single Edit): Error code: 429 - {'error': {'message': 'Too Many Requests', 'type': 'too_many_requests', 'param': None, 'code': 'too_many_requests'}}
Failed for Isobel Campbell & Mark Lanegan - Honey Child What Can I Do?: Error code: 429 - {'error': {'message': 'Too Many Requests', 'type': 'too_many_requests', 'param': None, 'code': 'too_many_requests'}}
Failed for The Airborne Toxic Event - This Is Nowhere: Error code: 429 - {'error': {'message': 'Too Many Requests', 'type': 'too_many_requests', 'param': None, 'code': 'too_many_requests'}}
Failed for The Airborne Toxic Event - Happiness Is Overrated: Error code: 429 - {'error': {'message': 'Too Many Requests', 'type': 'too_many_requests', 'param': None, 'code': 'too_many_requests'}}
Failed for The Airborne Toxic Event - Papillon: Error code: 429 - {'error': {'message': 'Too Many Requests', 'type': 'too_many_requests', 'param': None, 'code': 'too_many_requests'}}
Failed for Da Buzz - Take All My Love (Dance Remix): Error code: 429 - {'error': {'message': 'Too Many Requests', 'type': 'too_many_requests', 'param': None, 'code': 'too_many_requests'}}
Failed for Sia - Pictures: Error code: 429 - {'error': {'message': 'Too Many Requests', 'type': 'too_many_requests', 'param': None, 'code': 'too_many_requests'}}
Failed for Neko Case - The Next Time You Say Forever: Error code: 429 - {'error': {'message': 'Too Many Requests', 'type': 'too_many_requests', 'param': None, 'code': 'too_many_requests'}}
Failed for Tom Jones - Baby It'S Cold Outside: Error code: 429 - {'error': {'message': 'Too Many Requests', 'type': 'too_many_requests', 'param': None, 'code': 'too_many_requests'}}
Failed for Alicia Keys - Girlfriend: Error code: 429 - {'error': {'message': 'Too Many Requests', 'type': 'too_many_requests', 'param': None, 'code': 'too_many_requests'}}
Failed for Liars - It Fit When I Was A Kid: Error code: 429 - {'error': {'message': 'Too Many Requests', 'type': 'too_many_requests', 'param': None, 'code': 'too_many_requests'}}
Failed for Blink-182 - Roller Coaster: Error code: 429 - {'error': {'message': 'Too Many Requests', 'type': 'too_many_requests', 'param': None, 'code': 'too_many_requests'}}
Failed for Elio E Le Storie Tese - Servi Della Gleba: Error code: 429 - {'error': {'message': 'Too Many Requests', 'type': 'too_many_requests', 'param': None, 'code': 'too_many_requests'}}
Failed for The Kissaway Trail - Bleeding Hearts: Error code: 429 - {'error': {'message': 'Too Many Requests', 'type': 'too_many_requests', 'param': None, 'code': 'too_many_requests'}}
Failed for U2 - Promenade: Error code: 429 - {'error': {'message': 'Too Many Requests', 'type': 'too_many_requests', 'param': None, 'code': 'too_many_requests'}}
Failed for Bent - Beautiful Otherness: Error code: 429 - {'error': {'message': 'Too Many Requests', 'type': 'too_many_requests', 'param': None, 'code': 'too_many_requests'}}
Failed for Rodrigo Y Gabriela - Diablo Rojo: Error code: 429 - {'error': {'message': 'Too Many Requests', 'type': 'too_many_requests', 'param': None, 'code': 'too_many_requests'}}
Failed for Queens Of The Stone Age - Song For The Deaf: Error code: 429 - {'error': {'message': 'Too Many Requests', 'type': 'too_many_requests', 'param': None, 'code': 'too_many_requests'}}
Failed for M.A.N.D.Y. Vs. Booka Shade - Body Language: Error code: 429 - {'error': {'message': 'Too Many Requests', 'type': 'too_many_requests', 'param': None, 'code': 'too_many_requests'}}
Failed for Blink-182 - Stockholm Syndrome: Error code: 429 - {'error': {'message': 'Too Many Requests', 'type': 'too_many_requests', 'param': None, 'code': 'too_many_requests'}}
Failed for U2 - Mothers Of The Disappeared: Error code: 429 - {'error': {'message': 'Too Many Requests', 'type': 'too_many_requests', 'param': None, 'code': 'too_many_requests'}}
Failed for Morrissey - How Soon Is Now?: Error code: 429 - {'error': {'message': 'Too Many Requests', 'type': 'too_many_requests', 'param': None, 'code': 'too_many_requests'}}
Failed for Turisas - To Holmgard And Beyond: Error code: 429 - {'error': {'message': 'Too Many Requests', 'type': 'too_many_requests', 'param': None, 'code': 'too_many_requests'}}
Failed for Britney Spears - Don'T Go Knockin' On My Door: Error code: 429 - {'error': {'message': 'Too Many Requests', 'type': 'too_many_requests', 'param': None, 'code': 'too_many_requests'}}
Failed for Dave Matthews - Gravedigger: Error code: 429 - {'error': {'message': 'Too Many Requests', 'type': 'too_many_requests', 'param': None, 'code': 'too_many_requests'}}
Failed for Aesop Rock - Fumes: Error code: 429 - {'error': {'message': 'Too Many Requests', 'type': 'too_many_requests', 'param': None, 'code': 'too_many_requests'}}
Failed for Ramones - Oh Oh I Love Her So: Error code: 429 - {'error': {'message': 'Too Many Requests', 'type': 'too_many_requests', 'param': None, 'code': 'too_many_requests'}}
Failed for Au Revoir Simone - Night Majestic: Error code: 429 - {'error': {'message': 'Too Many Requests', 'type': 'too_many_requests', 'param': None, 'code': 'too_many_requests'}}
Failed for Tool - Disgustipated: Error code: 429 - {'error': {'message': 'Too Many Requests', 'type': 'too_many_requests', 'param': None, 'code': 'too_many_requests'}}
Failed for Blind Guardian - Time Stands Still (At The Iron Hill): Error code: 429 - {'error': {'message': 'Too Many Requests', 'type': 'too_many_requests', 'param': None, 'code': 'too_many_requests'}}
Failed for Dj Lee - X-Perience: Error code: 429 - {'error': {'message': 'Too Many Requests', 'type': 'too_many_requests', 'param': None, 'code': 'too_many_requests'}}
Failed for Ramones - I'M Against It: Error code: 429 - {'error': {'message': 'Too Many Requests', 'type': 'too_many_requests', 'param': None, 'code': 'too_many_requests'}}
Failed for Megadeth - Gears Of War: Error code: 429 - {'error': {'message': 'Too Many Requests', 'type': 'too_many_requests', 'param': None, 'code': 'too_many_requests'}}
Failed for Andrew Lloyd Webber - Overture: Error code: 429 - {'error': {'message': 'Too Many Requests', 'type': 'too_many_requests', 'param': None, 'code': 'too_many_requests'}}
Failed for The Used - Hard To Say: Error code: 429 - {'error': {'message': 'Too Many Requests', 'type': 'too_many_requests', 'param': None, 'code': 'too_many_requests'}}
Failed for Vnv Nation - Fragments: Error code: 429 - {'error': {'message': 'Too Many Requests', 'type': 'too_many_requests', 'param': None, 'code': 'too_many_requests'}}
Failed for Neil Young & Pearl Jam - I'M The Ocean: Error code: 429 - {'error': {'message': 'Too Many Requests', 'type': 'too_many_requests', 'param': None, 'code': 'too_many_requests'}}
Failed for The Zutons - Tired Of Hanging Around: Error code: 429 - {'error': {'message': 'Too Many Requests', 'type': 'too_many_requests', 'param': None, 'code': 'too_many_requests'}}
Failed for Holy Ghost! - Hold On: Error code: 429 - {'error': {'message': 'Too Many Requests', 'type': 'too_many_requests', 'param': None, 'code': 'too_many_requests'}}
Failed for Hollywood Undead - My Black Dahlia: Error code: 429 - {'error': {'message': 'Too Many Requests', 'type': 'too_many_requests', 'param': None, 'code': 'too_many_requests'}}
Failed for Alison Krauss - That Kind Of Love: Error code: 429 - {'error': {'message': 'Too Many Requests', 'type': 'too_many_requests', 'param': None, 'code': 'too_many_requests'}}
Failed for Alison Krauss - Stay: Error code: 429 - {'error': {'message': 'Too Many Requests', 'type': 'too_many_requests', 'param': None, 'code': 'too_many_requests'}}
Failed for The Fiery Furnaces - Spaniolated: Error code: 429 - {'error': {'message': 'Too Many Requests', 'type': 'too_many_requests', 'param': None, 'code': 'too_many_requests'}}
Failed for Morphine - In Spite Of Me: Error code: 429 - {'error': {'message': 'Too Many Requests', 'type': 'too_many_requests', 'param': None, 'code': 'too_many_requests'}}
Failed for Émilie Simon - To The Dancers In The Rain: Error code: 429 - {'error': {'message': 'Too Many Requests', 'type': 'too_many_requests', 'param': None, 'code': 'too_many_requests'}}
Failed for Hooverphonic - Lung: Error code: 429 - {'error': {'message': 'Too Many Requests', 'type': 'too_many_requests', 'param': None, 'code': 'too_many_requests'}}
Failed for New York Dolls - Pills: Error code: 429 - {'error': {'message': 'Too Many Requests', 'type': 'too_many_requests', 'param': None, 'code': 'too_many_requests'}}
Failed for Teenage Fanclub - Don'T Look Back: Error code: 429 - {'error': {'message': 'Too Many Requests', 'type': 'too_many_requests', 'param': None, 'code': 'too_many_requests'}}
Failed for Backyard Babies - Drool: Error code: 429 - {'error': {'message': 'Too Many Requests', 'type': 'too_many_requests', 'param': None, 'code': 'too_many_requests'}}
Failed for New York Dolls - Bad Girl: Error code: 429 - {'error': {'message': 'Too Many Requests', 'type': 'too_many_requests', 'param': None, 'code': 'too_many_requests'}}
Failed for Backyard Babies - Made Me Madman: Error code: 429 - {'error': {'message': 'Too Many Requests', 'type': 'too_many_requests', 'param': None, 'code': 'too_many_requests'}}
Failed for Teenage Fanclub - Sparky'S Dream: Error code: 429 - {'error': {'message': 'Too Many Requests', 'type': 'too_many_requests', 'param': None, 'code': 'too_many_requests'}}
Failed for The Used - Light With A Sharpened Edge: Error code: 429 - {'error': {'message': 'Too Many Requests', 'type': 'too_many_requests', 'param': None, 'code': 'too_many_requests'}}
Failed for Buddy Holly - Maybe Baby: Error code: 429 - {'error': {'message': 'Too Many Requests', 'type': 'too_many_requests', 'param': None, 'code': 'too_many_requests'}}
Failed for The Veronicas - This Love: Error code: 429 - {'error': {'message': 'Too Many Requests', 'type': 'too_many_requests', 'param': None, 'code': 'too_many_requests'}}
Failed for Mew - Beautiful Balloon: Error code: 429 - {'error': {'message': 'Too Many Requests', 'type': 'too_many_requests', 'param': None, 'code': 'too_many_requests'}}
Failed for Marilyn Manson - Vodevil: Error code: 429 - {'error': {'message': 'Too Many Requests', 'type': 'too_many_requests', 'param': None, 'code': 'too_many_requests'}}
Failed for Devendra Banhart - Samba Vexillographica: Error code: 429 - {'error': {'message': 'Too Many Requests', 'type': 'too_many_requests', 'param': None, 'code': 'too_many_requests'}}
Failed for Minus The Bear - Fine + 2 Pts: Error code: 429 - {'error': {'message': 'Too Many Requests', 'type': 'too_many_requests', 'param': None, 'code': 'too_many_requests'}}
Failed for Kt Tunstall - Funnyman: Error code: 429 - {'error': {'message': 'Too Many Requests', 'type': 'too_many_requests', 'param': None, 'code': 'too_many_requests'}}
Failed for Woven Hand - Cripplegate (Standing On Glass): Error code: 429 - {'error': {'message': 'Too Many Requests', 'type': 'too_many_requests', 'param': None, 'code': 'too_many_requests'}}
Failed for A Place To Bury Strangers - Ocean: Error code: 429 - {'error': {'message': 'Too Many Requests', 'type': 'too_many_requests', 'param': None, 'code': 'too_many_requests'}}
Failed for The Temptations - I Can'T Get Next To You: Error code: 429 - {'error': {'message': 'Too Many Requests', 'type': 'too_many_requests', 'param': None, 'code': 'too_many_requests'}}
Failed for The Jesus And Mary Chain - Who Do You Love: Error code: 429 - {'error': {'message': 'Too Many Requests', 'type': 'too_many_requests', 'param': None, 'code': 'too_many_requests'}}
Failed for The Teenagers - Feeling Better: Error code: 429 - {'error': {'message': 'Too Many Requests', 'type': 'too_many_requests', 'param': None, 'code': 'too_many_requests'}}
Failed for Blue Boy - Remember Me: Error code: 429 - {'error': {'message': 'Too Many Requests', 'type': 'too_many_requests', 'param': None, 'code': 'too_many_requests'}}
Failed for Fugazi - Cashout: Error code: 429 - {'error': {'message': 'Too Many Requests', 'type': 'too_many_requests', 'param': None, 'code': 'too_many_requests'}}
Failed for Beirut - The Long Island Sound: Error code: 429 - {'error': {'message': 'Too Many Requests', 'type': 'too_many_requests', 'param': None, 'code': 'too_many_requests'}}
2800/2988 done
Failed for The Cardigans - Junk Of The Hearts: Error code: 429 - {'error': {'message': 'Too Many Requests', 'type': 'too_many_requests', 'param': None, 'code': 'too_many_requests'}}
Failed for Crippled Black Phoenix - You Take The Devil Out Of Me: Error code: 429 - {'error': {'message': 'Too Many Requests', 'type': 'too_many_requests', 'param': None, 'code': 'too_many_requests'}}
Failed for Lenny Kravitz - Calling All Angels: Error code: 429 - {'error': {'message': 'Too Many Requests', 'type': 'too_many_requests', 'param': None, 'code': 'too_many_requests'}}
Failed for Rooney - Stay Away: Error code: 429 - {'error': {'message': 'Too Many Requests', 'type': 'too_many_requests', 'param': None, 'code': 'too_many_requests'}}
Failed for Ellen Allien - Come: Error code: 429 - {'error': {'message': 'Too Many Requests', 'type': 'too_many_requests', 'param': None, 'code': 'too_many_requests'}}
Failed for Crime In Stereo - Sudan: Error code: 429 - {'error': {'message': 'Too Many Requests', 'type': 'too_many_requests', 'param': None, 'code': 'too_many_requests'}}
Failed for Crime In Stereo - Abre Los Ojos: Error code: 429 - {'error': {'message': 'Too Many Requests', 'type': 'too_many_requests', 'param': None, 'code': 'too_many_requests'}}
Failed for Crime In Stereo - What A Strange Turn Of Events: Error code: 429 - {'error': {'message': 'Too Many Requests', 'type': 'too_many_requests', 'param': None, 'code': 'too_many_requests'}}
Failed for Pearl Jam - Of The Girl: Error code: 429 - {'error': {'message': 'Too Many Requests', 'type': 'too_many_requests', 'param': None, 'code': 'too_many_requests'}}
Failed for Nine Inch Nails - 29 Ghosts Iv: Error code: 429 - {'error': {'message': 'Too Many Requests', 'type': 'too_many_requests', 'param': None, 'code': 'too_many_requests'}}
Failed for Hanoi Rocks - Strange Boys Play Weird Openings: Error code: 429 - {'error': {'message': 'Too Many Requests', 'type': 'too_many_requests', 'param': None, 'code': 'too_many_requests'}}
Failed for The Adicts - England: Error code: 429 - {'error': {'message': 'Too Many Requests', 'type': 'too_many_requests', 'param': None, 'code': 'too_many_requests'}}
Failed for Man Man - Feathers: Error code: 429 - {'error': {'message': 'Too Many Requests', 'type': 'too_many_requests', 'param': None, 'code': 'too_many_requests'}}
Failed for Sigur Rós - Syndir Guðs (Opinberun Frelsarans): Error code: 429 - {'error': {'message': 'Too Many Requests', 'type': 'too_many_requests', 'param': None, 'code': 'too_many_requests'}}
Failed for Jimmy Eat World - Table For Glasses: Error code: 429 - {'error': {'message': 'Too Many Requests', 'type': 'too_many_requests', 'param': None, 'code': 'too_many_requests'}}
Failed for Hanson - Mmmbop: Error code: 429 - {'error': {'message': 'Too Many Requests', 'type': 'too_many_requests', 'param': None, 'code': 'too_many_requests'}}
Failed for Hanne Hukkelberg - Searching: Error code: 429 - {'error': {'message': 'Too Many Requests', 'type': 'too_many_requests', 'param': None, 'code': 'too_many_requests'}}
Failed for Hanoi Rocks - Until I Get You: Error code: 429 - {'error': {'message': 'Too Many Requests', 'type': 'too_many_requests', 'param': None, 'code': 'too_many_requests'}}
Failed for The Lords Of The New Church - Russian Roulette: Error code: 429 - {'error': {'message': 'Too Many Requests', 'type': 'too_many_requests', 'param': None, 'code': 'too_many_requests'}}
Failed for Kruder & Dorfmeister - Original Bedroom Rockers: Error code: 429 - {'error': {'message': 'Too Many Requests', 'type': 'too_many_requests', 'param': None, 'code': 'too_many_requests'}}
Failed for Eri Nobuchika - Voice (Album Mix): Error code: 429 - {'error': {'message': 'Too Many Requests', 'type': 'too_many_requests', 'param': None, 'code': 'too_many_requests'}}
Failed for Metallica - Last Caress / Green Hell: Error code: 429 - {'error': {'message': 'Too Many Requests', 'type': 'too_many_requests', 'param': None, 'code': 'too_many_requests'}}
Failed for Johnny Cash - Before My Time: Error code: 429 - {'error': {'message': 'Too Many Requests', 'type': 'too_many_requests', 'param': None, 'code': 'too_many_requests'}}
Failed for Basement Jaxx - Good Luck (Feat. Lisa Kekaula): Error code: 429 - {'error': {'message': 'Too Many Requests', 'type': 'too_many_requests', 'param': None, 'code': 'too_many_requests'}}
Failed for 鈴村健一 - Hitotsu: Error code: 429 - {'error': {'message': 'Too Many Requests', 'type': 'too_many_requests', 'param': None, 'code': 'too_many_requests'}}
Failed for Brian Eno & David Byrne - Poor Boy: Error code: 429 - {'error': {'message': 'Too Many Requests', 'type': 'too_many_requests', 'param': None, 'code': 'too_many_requests'}}
Failed for The Decemberists - An Interlude: Error code: 429 - {'error': {'message': 'Too Many Requests', 'type': 'too_many_requests', 'param': None, 'code': 'too_many_requests'}}
Failed for Morrissey - Sing Your Life: Error code: 429 - {'error': {'message': 'Too Many Requests', 'type': 'too_many_requests', 'param': None, 'code': 'too_many_requests'}}
Failed for Why? - Rubber Traits: Error code: 429 - {'error': {'message': 'Too Many Requests', 'type': 'too_many_requests', 'param': None, 'code': 'too_many_requests'}}
Failed for New Order - State Of The Nation: Error code: 429 - {'error': {'message': 'Too Many Requests', 'type': 'too_many_requests', 'param': None, 'code': 'too_many_requests'}}
Failed for Johnny Cash - I Came To Believe: Error code: 429 - {'error': {'message': 'Too Many Requests', 'type': 'too_many_requests', 'param': None, 'code': 'too_many_requests'}}
Failed for Dragon Ash - Way U Move: Error code: 429 - {'error': {'message': 'Too Many Requests', 'type': 'too_many_requests', 'param': None, 'code': 'too_many_requests'}}
Failed for The Fiery Furnaces - Bitter Tea: Error code: 429 - {'error': {'message': 'Too Many Requests', 'type': 'too_many_requests', 'param': None, 'code': 'too_many_requests'}}
Failed for Home Made 家族 - Thank You!!: Error code: 429 - {'error': {'message': 'Too Many Requests', 'type': 'too_many_requests', 'param': None, 'code': 'too_many_requests'}}
Failed for The Fiery Furnaces - My Dog Was Lost But Now He'S Found: Error code: 429 - {'error': {'message': 'Too Many Requests', 'type': 'too_many_requests', 'param': None, 'code': 'too_many_requests'}}
Failed for Dread Zeppelin - Hot Dog: Error code: 429 - {'error': {'message': 'Too Many Requests', 'type': 'too_many_requests', 'param': None, 'code': 'too_many_requests'}}
Failed for Hole - Rock Star: Error code: 429 - {'error': {'message': 'Too Many Requests', 'type': 'too_many_requests', 'param': None, 'code': 'too_many_requests'}}
Failed for Korpiklaani - Under The Sun: Error code: 429 - {'error': {'message': 'Too Many Requests', 'type': 'too_many_requests', 'param': None, 'code': 'too_many_requests'}}
Failed for The Research - C'Mon Chameleon: Error code: 429 - {'error': {'message': 'Too Many Requests', 'type': 'too_many_requests', 'param': None, 'code': 'too_many_requests'}}
Failed for The Weakerthans - Uncorrected Proofs: Error code: 429 - {'error': {'message': 'Too Many Requests', 'type': 'too_many_requests', 'param': None, 'code': 'too_many_requests'}}
Failed for Draconian - Silent Winter: Error code: 429 - {'error': {'message': 'Too Many Requests', 'type': 'too_many_requests', 'param': None, 'code': 'too_many_requests'}}
Failed for Britney Spears - (I Got That) Boom Boom: Error code: 429 - {'error': {'message': 'Too Many Requests', 'type': 'too_many_requests', 'param': None, 'code': 'too_many_requests'}}
Failed for The Faint - Symptom Finger: Error code: 429 - {'error': {'message': 'Too Many Requests', 'type': 'too_many_requests', 'param': None, 'code': 'too_many_requests'}}
Failed for The Faint - Paranoiattack: Error code: 429 - {'error': {'message': 'Too Many Requests', 'type': 'too_many_requests', 'param': None, 'code': 'too_many_requests'}}
Failed for White Rose Movement - Kick: Error code: 429 - {'error': {'message': 'Too Many Requests', 'type': 'too_many_requests', 'param': None, 'code': 'too_many_requests'}}
Failed for Underworld - Dirty Epic: Error code: 429 - {'error': {'message': 'Too Many Requests', 'type': 'too_many_requests', 'param': None, 'code': 'too_many_requests'}}
Failed for Eri Nobuchika - Kutsu Wo Nara Sou: Error code: 429 - {'error': {'message': 'Too Many Requests', 'type': 'too_many_requests', 'param': None, 'code': 'too_many_requests'}}
Failed for Live - Face And Ghost (The Children'S Song): Error code: 429 - {'error': {'message': 'Too Many Requests', 'type': 'too_many_requests', 'param': None, 'code': 'too_many_requests'}}
Failed for Murcof - Rostro: Error code: 429 - {'error': {'message': 'Too Many Requests', 'type': 'too_many_requests', 'param': None, 'code': 'too_many_requests'}}
Failed for Little Man Tate - House Party At Boothy'S: Error code: 429 - {'error': {'message': 'Too Many Requests', 'type': 'too_many_requests', 'param': None, 'code': 'too_many_requests'}}
Failed for Silverchair - Steam Will Rise: Error code: 429 - {'error': {'message': 'Too Many Requests', 'type': 'too_many_requests', 'param': None, 'code': 'too_many_requests'}}
Failed for Madonna - Sorry (Radio Edit): Error code: 429 - {'error': {'message': 'Too Many Requests', 'type': 'too_many_requests', 'param': None, 'code': 'too_many_requests'}}
Failed for Devendra Banhart - Hows About Tellin A Story: Error code: 429 - {'error': {'message': 'Too Many Requests', 'type': 'too_many_requests', 'param': None, 'code': 'too_many_requests'}}
Failed for Aimee Mann - Momentum: Error code: 429 - {'error': {'message': 'Too Many Requests', 'type': 'too_many_requests', 'param': None, 'code': 'too_many_requests'}}
Failed for :Wumpscut: - Flangegod: Error code: 429 - {'error': {'message': 'Too Many Requests', 'type': 'too_many_requests', 'param': None, 'code': 'too_many_requests'}}
Failed for Jason Mraz - No Stopping Us: Error code: 429 - {'error': {'message': 'Too Many Requests', 'type': 'too_many_requests', 'param': None, 'code': 'too_many_requests'}}
Failed for Third Eye Blind - 10 Days Late: Error code: 429 - {'error': {'message': 'Too Many Requests', 'type': 'too_many_requests', 'param': None, 'code': 'too_many_requests'}}
Failed for Slipknot - Snuff: Error code: 429 - {'error': {'message': 'Too Many Requests', 'type': 'too_many_requests', 'param': None, 'code': 'too_many_requests'}}
Failed for Uffie - Hot Chick (Feadz Edit) (Fabriclive 33): Error code: 429 - {'error': {'message': 'Too Many Requests', 'type': 'too_many_requests', 'param': None, 'code': 'too_many_requests'}}
Failed for Kettcar - Balkon Gegenüber: Error code: 429 - {'error': {'message': 'Too Many Requests', 'type': 'too_many_requests', 'param': None, 'code': 'too_many_requests'}}
Failed for The Verve - Stormy Clouds: Error code: 429 - {'error': {'message': 'Too Many Requests', 'type': 'too_many_requests', 'param': None, 'code': 'too_many_requests'}}
Failed for Kotoko - Face Of Fact: Error code: 429 - {'error': {'message': 'Too Many Requests', 'type': 'too_many_requests', 'param': None, 'code': 'too_many_requests'}}
Failed for Lamb Of God - Forgotten (Lost Angels): Error code: 429 - {'error': {'message': 'Too Many Requests', 'type': 'too_many_requests', 'param': None, 'code': 'too_many_requests'}}
Failed for Ugly Casanova - Diamonds On The Face Of Evil: Error code: 429 - {'error': {'message': 'Too Many Requests', 'type': 'too_many_requests', 'param': None, 'code': 'too_many_requests'}}
Failed for Caribou - Niobe: Error code: 429 - {'error': {'message': 'Too Many Requests', 'type': 'too_many_requests', 'param': None, 'code': 'too_many_requests'}}
Failed for The La'S - Feelin': Error code: 429 - {'error': {'message': 'Too Many Requests', 'type': 'too_many_requests', 'param': None, 'code': 'too_many_requests'}}
Failed for Razorlight - Hostage Of Love: Error code: 429 - {'error': {'message': 'Too Many Requests', 'type': 'too_many_requests', 'param': None, 'code': 'too_many_requests'}}
Failed for The Black Keys - Black Door: Error code: 429 - {'error': {'message': 'Too Many Requests', 'type': 'too_many_requests', 'param': None, 'code': 'too_many_requests'}}
Failed for Paco De Lucía - Entre Dos Aguas: Error code: 429 - {'error': {'message': 'Too Many Requests', 'type': 'too_many_requests', 'param': None, 'code': 'too_many_requests'}}
Failed for God Lives Underwater - All Wrong: Error code: 429 - {'error': {'message': 'Too Many Requests', 'type': 'too_many_requests', 'param': None, 'code': 'too_many_requests'}}
Failed for Silversun Pickups - Catch And Release: Error code: 429 - {'error': {'message': 'Too Many Requests', 'type': 'too_many_requests', 'param': None, 'code': 'too_many_requests'}}
Failed for Fort Minor - Kenji: Error code: 429 - {'error': {'message': 'Too Many Requests', 'type': 'too_many_requests', 'param': None, 'code': 'too_many_requests'}}
Failed for Fort Minor - Petrified: Error code: 429 - {'error': {'message': 'Too Many Requests', 'type': 'too_many_requests', 'param': None, 'code': 'too_many_requests'}}
Failed for Nellie Mckay - Change The World: Error code: 429 - {'error': {'message': 'Too Many Requests', 'type': 'too_many_requests', 'param': None, 'code': 'too_many_requests'}}
Failed for Underworld - Crocodile: Error code: 429 - {'error': {'message': 'Too Many Requests', 'type': 'too_many_requests', 'param': None, 'code': 'too_many_requests'}}
Failed for David Bowie - Big Brother: Error code: 429 - {'error': {'message': 'Too Many Requests', 'type': 'too_many_requests', 'param': None, 'code': 'too_many_requests'}}
Failed for Kate Bush - Aerial Tal: Error code: 429 - {'error': {'message': 'Too Many Requests', 'type': 'too_many_requests', 'param': None, 'code': 'too_many_requests'}}
Failed for Kate Bush - Breathing: Error code: 429 - {'error': {'message': 'Too Many Requests', 'type': 'too_many_requests', 'param': None, 'code': 'too_many_requests'}}
Failed for Clutch - Spleen Merchant: Error code: 429 - {'error': {'message': 'Too Many Requests', 'type': 'too_many_requests', 'param': None, 'code': 'too_many_requests'}}
Failed for Devendra Banhart - Chinese Children: Error code: 429 - {'error': {'message': 'Too Many Requests', 'type': 'too_many_requests', 'param': None, 'code': 'too_many_requests'}}
Failed for Mclusky - Alan Is A Cowboy Killer: Error code: 429 - {'error': {'message': 'Too Many Requests', 'type': 'too_many_requests', 'param': None, 'code': 'too_many_requests'}}
Failed for Devendra Banhart - Korean Dogwood: Error code: 429 - {'error': {'message': 'Too Many Requests', 'type': 'too_many_requests', 'param': None, 'code': 'too_many_requests'}}
Failed for Bob Marley - Iron Lion Zion: Error code: 429 - {'error': {'message': 'Too Many Requests', 'type': 'too_many_requests', 'param': None, 'code': 'too_many_requests'}}
Failed for Devendra Banhart - Insect Eyes: Error code: 429 - {'error': {'message': 'Too Many Requests', 'type': 'too_many_requests', 'param': None, 'code': 'too_many_requests'}}
Failed for Draconian - The Amaranth: Error code: 429 - {'error': {'message': 'Too Many Requests', 'type': 'too_many_requests', 'param': None, 'code': 'too_many_requests'}}
Failed for The Soundtrack Of Our Lives - Sister Surround: Error code: 429 - {'error': {'message': 'Too Many Requests', 'type': 'too_many_requests', 'param': None, 'code': 'too_many_requests'}}
Failed for Motion City Soundtrack - Make Out Kids: Error code: 429 - {'error': {'message': 'Too Many Requests', 'type': 'too_many_requests', 'param': None, 'code': 'too_many_requests'}}
Failed for The Field - The Little Heart Beats So Fast: Error code: 429 - {'error': {'message': 'Too Many Requests', 'type': 'too_many_requests', 'param': None, 'code': 'too_many_requests'}}
Failed for Razorlight - Dalston: Error code: 429 - {'error': {'message': 'Too Many Requests', 'type': 'too_many_requests', 'param': None, 'code': 'too_many_requests'}}
Failed for Rotting Christ - Nemecic: Error code: 429 - {'error': {'message': 'Too Many Requests', 'type': 'too_many_requests', 'param': None, 'code': 'too_many_requests'}}
Failed for Godsmack - Faceless: Error code: 429 - {'error': {'message': 'Too Many Requests', 'type': 'too_many_requests', 'param': None, 'code': 'too_many_requests'}}
Failed for Jason Collett - Out Of Time: Error code: 429 - {'error': {'message': 'Too Many Requests', 'type': 'too_many_requests', 'param': None, 'code': 'too_many_requests'}}
Failed for Bebe - Malo: Error code: 429 - {'error': {'message': 'Too Many Requests', 'type': 'too_many_requests', 'param': None, 'code': 'too_many_requests'}}
Failed for The National - It Never Happened: Error code: 429 - {'error': {'message': 'Too Many Requests', 'type': 'too_many_requests', 'param': None, 'code': 'too_many_requests'}}
2900/2988 done
Failed for Bauhaus - Third Uncle: Error code: 429 - {'error': {'message': 'Too Many Requests', 'type': 'too_many_requests', 'param': None, 'code': 'too_many_requests'}}
Failed for Dethklok - Go Forth And Die: Error code: 429 - {'error': {'message': 'Too Many Requests', 'type': 'too_many_requests', 'param': None, 'code': 'too_many_requests'}}
Failed for Basement Jaxx - Zoomalude: Error code: 429 - {'error': {'message': 'Too Many Requests', 'type': 'too_many_requests', 'param': None, 'code': 'too_many_requests'}}
Failed for Dethklok - Go Into The Water: Error code: 429 - {'error': {'message': 'Too Many Requests', 'type': 'too_many_requests', 'param': None, 'code': 'too_many_requests'}}
Failed for Bloodhound Gang - Bad Touch: Error code: 429 - {'error': {'message': 'Too Many Requests', 'type': 'too_many_requests', 'param': None, 'code': 'too_many_requests'}}
Failed for David Bowie - Future Legend: Error code: 429 - {'error': {'message': 'Too Many Requests', 'type': 'too_many_requests', 'param': None, 'code': 'too_many_requests'}}
Failed for Deux - Sometimes: Error code: 429 - {'error': {'message': 'Too Many Requests', 'type': 'too_many_requests', 'param': None, 'code': 'too_many_requests'}}
Failed for Silversun Pickups - Draining: Error code: 429 - {'error': {'message': 'Too Many Requests', 'type': 'too_many_requests', 'param': None, 'code': 'too_many_requests'}}
Failed for Bloodbath - The Soulcollector: Error code: 429 - {'error': {'message': 'Too Many Requests', 'type': 'too_many_requests', 'param': None, 'code': 'too_many_requests'}}
Failed for Bloodbath - Bathe In Blood: Error code: 429 - {'error': {'message': 'Too Many Requests', 'type': 'too_many_requests', 'param': None, 'code': 'too_many_requests'}}
Failed for Francisca Valenzuela - Dulce: Error code: 429 - {'error': {'message': 'Too Many Requests', 'type': 'too_many_requests', 'param': None, 'code': 'too_many_requests'}}
Failed for Sam Sparro - Recycle It!: Error code: 429 - {'error': {'message': 'Too Many Requests', 'type': 'too_many_requests', 'param': None, 'code': 'too_many_requests'}}
Failed for Destroyer - Looters' Follies: Error code: 429 - {'error': {'message': 'Too Many Requests', 'type': 'too_many_requests', 'param': None, 'code': 'too_many_requests'}}
Failed for This Providence - A Wolf In Sheep'S Clothing: Error code: 429 - {'error': {'message': 'Too Many Requests', 'type': 'too_many_requests', 'param': None, 'code': 'too_many_requests'}}
Failed for Alicia Keys - Stolen Moments: Error code: 429 - {'error': {'message': 'Too Many Requests', 'type': 'too_many_requests', 'param': None, 'code': 'too_many_requests'}}
Failed for Sweet - Little Willy: Error code: 429 - {'error': {'message': 'Too Many Requests', 'type': 'too_many_requests', 'param': None, 'code': 'too_many_requests'}}
Failed for Stereolab - Lo Boob Oscillator: Error code: 429 - {'error': {'message': 'Too Many Requests', 'type': 'too_many_requests', 'param': None, 'code': 'too_many_requests'}}
Failed for Live - Meltdown: Error code: 429 - {'error': {'message': 'Too Many Requests', 'type': 'too_many_requests', 'param': None, 'code': 'too_many_requests'}}
Failed for The Byrds - Eight Miles High: Error code: 429 - {'error': {'message': 'Too Many Requests', 'type': 'too_many_requests', 'param': None, 'code': 'too_many_requests'}}
Failed for Slipknot - Gently: Error code: 429 - {'error': {'message': 'Too Many Requests', 'type': 'too_many_requests', 'param': None, 'code': 'too_many_requests'}}
Failed for Slipknot - Danger - Keep Away: Error code: 429 - {'error': {'message': 'Too Many Requests', 'type': 'too_many_requests', 'param': None, 'code': 'too_many_requests'}}
Failed for Bel Canto - Nornagest: Error code: 429 - {'error': {'message': 'Too Many Requests', 'type': 'too_many_requests', 'param': None, 'code': 'too_many_requests'}}
Failed for Bel Canto - Look 3: Error code: 429 - {'error': {'message': 'Too Many Requests', 'type': 'too_many_requests', 'param': None, 'code': 'too_many_requests'}}
Failed for Rouge Rouge - L'Amour: Error code: 429 - {'error': {'message': 'Too Many Requests', 'type': 'too_many_requests', 'param': None, 'code': 'too_many_requests'}}
Failed for Roxette - How Do You Do: Error code: 429 - {'error': {'message': 'Too Many Requests', 'type': 'too_many_requests', 'param': None, 'code': 'too_many_requests'}}
Failed for Kent - Vy Från Ett Luftslott: Error code: 429 - {'error': {'message': 'Too Many Requests', 'type': 'too_many_requests', 'param': None, 'code': 'too_many_requests'}}
Failed for The Twilight Singers - Esta Noche: Error code: 429 - {'error': {'message': 'Too Many Requests', 'type': 'too_many_requests', 'param': None, 'code': 'too_many_requests'}}
Failed for Walls Of Jericho - I Know Hollywood And You Ain'T It: Error code: 429 - {'error': {'message': 'Too Many Requests', 'type': 'too_many_requests', 'param': None, 'code': 'too_many_requests'}}
Failed for Before The Dawn - Morning Sun: Error code: 429 - {'error': {'message': 'Too Many Requests', 'type': 'too_many_requests', 'param': None, 'code': 'too_many_requests'}}
Failed for M. Ward - Involuntary: Error code: 429 - {'error': {'message': 'Too Many Requests', 'type': 'too_many_requests', 'param': None, 'code': 'too_many_requests'}}
Failed for M. Ward - Let'S Dance: Error code: 429 - {'error': {'message': 'Too Many Requests', 'type': 'too_many_requests', 'param': None, 'code': 'too_many_requests'}}
Failed for Cats On Fire - Draw In The Reins: Error code: 429 - {'error': {'message': 'Too Many Requests', 'type': 'too_many_requests', 'param': None, 'code': 'too_many_requests'}}
Failed for Madonna - Amazing: Error code: 429 - {'error': {'message': 'Too Many Requests', 'type': 'too_many_requests', 'param': None, 'code': 'too_many_requests'}}
Failed for Frank Black - Los Angeles: Error code: 429 - {'error': {'message': 'Too Many Requests', 'type': 'too_many_requests', 'param': None, 'code': 'too_many_requests'}}
Failed for The Black Keys - Thickfreakness: Error code: 429 - {'error': {'message': 'Too Many Requests', 'type': 'too_many_requests', 'param': None, 'code': 'too_many_requests'}}
Failed for The Black Keys - Till I Get My Way: Error code: 429 - {'error': {'message': 'Too Many Requests', 'type': 'too_many_requests', 'param': None, 'code': 'too_many_requests'}}
Failed for Saint Etienne - You'Re In A Bad Way: Error code: 429 - {'error': {'message': 'Too Many Requests', 'type': 'too_many_requests', 'param': None, 'code': 'too_many_requests'}}
Failed for Sage Francis - Gunz Yo: Error code: 429 - {'error': {'message': 'Too Many Requests', 'type': 'too_many_requests', 'param': None, 'code': 'too_many_requests'}}
Failed for The Black Keys - Just A Little Heat: Error code: 429 - {'error': {'message': 'Too Many Requests', 'type': 'too_many_requests', 'param': None, 'code': 'too_many_requests'}}
Failed for Theatre Of Tragedy - And When He Falleth: Error code: 429 - {'error': {'message': 'Too Many Requests', 'type': 'too_many_requests', 'param': None, 'code': 'too_many_requests'}}
Failed for Simon & Garfunkel - Keep The Customer Satisfied: Error code: 429 - {'error': {'message': 'Too Many Requests', 'type': 'too_many_requests', 'param': None, 'code': 'too_many_requests'}}
Failed for British Sea Power - North Hanging Rock: Error code: 429 - {'error': {'message': 'Too Many Requests', 'type': 'too_many_requests', 'param': None, 'code': 'too_many_requests'}}
Failed for Clutch - Burning Beard: Error code: 429 - {'error': {'message': 'Too Many Requests', 'type': 'too_many_requests', 'param': None, 'code': 'too_many_requests'}}
Failed for Silversun Pickups - The Fuzz: Error code: 429 - {'error': {'message': 'Too Many Requests', 'type': 'too_many_requests', 'param': None, 'code': 'too_many_requests'}}
Failed for White Rose Movement - Testcard Girl: Error code: 429 - {'error': {'message': 'Too Many Requests', 'type': 'too_many_requests', 'param': None, 'code': 'too_many_requests'}}
Failed for Destroyer - Priest'S Knees: Error code: 429 - {'error': {'message': 'Too Many Requests', 'type': 'too_many_requests', 'param': None, 'code': 'too_many_requests'}}
Failed for Rancid - Listed M.I.A.: Error code: 429 - {'error': {'message': 'Too Many Requests', 'type': 'too_many_requests', 'param': None, 'code': 'too_many_requests'}}
Failed for Ce Ce Peniston - Finally: Error code: 429 - {'error': {'message': 'Too Many Requests', 'type': 'too_many_requests', 'param': None, 'code': 'too_many_requests'}}
Failed for Era - Ameno (Remix): Error code: 429 - {'error': {'message': 'Too Many Requests', 'type': 'too_many_requests', 'param': None, 'code': 'too_many_requests'}}
Failed for Goran Bregović - Kalasnjikov: Error code: 429 - {'error': {'message': 'Too Many Requests', 'type': 'too_many_requests', 'param': None, 'code': 'too_many_requests'}}
Failed for Eluveitie - Gray Sublime Archon: Error code: 429 - {'error': {'message': 'Too Many Requests', 'type': 'too_many_requests', 'param': None, 'code': 'too_many_requests'}}
Failed for Blur - Mr. Robinson'S Quango: Error code: 429 - {'error': {'message': 'Too Many Requests', 'type': 'too_many_requests', 'param': None, 'code': 'too_many_requests'}}
Failed for Tegan And Sara - This Is Everything: Error code: 429 - {'error': {'message': 'Too Many Requests', 'type': 'too_many_requests', 'param': None, 'code': 'too_many_requests'}}
Failed for Hocico - Twisted Lines (Boiling Turmoil Remix By Solitary Experiments): Error code: 429 - {'error': {'message': 'Too Many Requests', 'type': 'too_many_requests', 'param': None, 'code': 'too_many_requests'}}
Failed for Amorphis - Veil Of Sin: Error code: 429 - {'error': {'message': 'Too Many Requests', 'type': 'too_many_requests', 'param': None, 'code': 'too_many_requests'}}
Failed for Amorphis - Tuonela: Error code: 429 - {'error': {'message': 'Too Many Requests', 'type': 'too_many_requests', 'param': None, 'code': 'too_many_requests'}}
Failed for Blur - Moroccan Peoples Revolutionary Bowls Club: Error code: 429 - {'error': {'message': 'Too Many Requests', 'type': 'too_many_requests', 'param': None, 'code': 'too_many_requests'}}
Failed for The Blow - Come On Petunia: Error code: 429 - {'error': {'message': 'Too Many Requests', 'type': 'too_many_requests', 'param': None, 'code': 'too_many_requests'}}
Failed for After Forever - The Evil That Men Do: Error code: 429 - {'error': {'message': 'Too Many Requests', 'type': 'too_many_requests', 'param': None, 'code': 'too_many_requests'}}
Failed for Kotiteollisuus - Rakastaa/Ei Rakasta: Error code: 429 - {'error': {'message': 'Too Many Requests', 'type': 'too_many_requests', 'param': None, 'code': 'too_many_requests'}}
Failed for Sade - Slave Song: Error code: 429 - {'error': {'message': 'Too Many Requests', 'type': 'too_many_requests', 'param': None, 'code': 'too_many_requests'}}
Failed for Toktok Vs. Soffy O. - Missy Queen'S Gonna Die: Error code: 429 - {'error': {'message': 'Too Many Requests', 'type': 'too_many_requests', 'param': None, 'code': 'too_many_requests'}}
Failed for Do Make Say Think - Ontario Plates: Error code: 429 - {'error': {'message': 'Too Many Requests', 'type': 'too_many_requests', 'param': None, 'code': 'too_many_requests'}}
Failed for Epica - Solitary Ground: Error code: 429 - {'error': {'message': 'Too Many Requests', 'type': 'too_many_requests', 'param': None, 'code': 'too_many_requests'}}
Failed for Minutemen - Viet Nam: Error code: 429 - {'error': {'message': 'Too Many Requests', 'type': 'too_many_requests', 'param': None, 'code': 'too_many_requests'}}
Failed for Stephen Sondheim - The Worst Pies In London: Error code: 429 - {'error': {'message': 'Too Many Requests', 'type': 'too_many_requests', 'param': None, 'code': 'too_many_requests'}}
Failed for The 69 Eyes - Only You Can Save Me: Error code: 429 - {'error': {'message': 'Too Many Requests', 'type': 'too_many_requests', 'param': None, 'code': 'too_many_requests'}}
Failed for Mumm-Ra - She'S Got You High: Error code: 429 - {'error': {'message': 'Too Many Requests', 'type': 'too_many_requests', 'param': None, 'code': 'too_many_requests'}}
Failed for Kate Bush - Get Out Of My House: Error code: 429 - {'error': {'message': 'Too Many Requests', 'type': 'too_many_requests', 'param': None, 'code': 'too_many_requests'}}
Failed for The Kinks - Dandy: Error code: 429 - {'error': {'message': 'Too Many Requests', 'type': 'too_many_requests', 'param': None, 'code': 'too_many_requests'}}
Failed for Underoath - You'Re Ever So Inviting: Error code: 429 - {'error': {'message': 'Too Many Requests', 'type': 'too_many_requests', 'param': None, 'code': 'too_many_requests'}}
Failed for Descendents - I'M Not A Loser: Error code: 429 - {'error': {'message': 'Too Many Requests', 'type': 'too_many_requests', 'param': None, 'code': 'too_many_requests'}}
Failed for The 69 Eyes - Pitchblack: Error code: 429 - {'error': {'message': 'Too Many Requests', 'type': 'too_many_requests', 'param': None, 'code': 'too_many_requests'}}
Failed for Mirah - Nobody Has To Stay: Error code: 429 - {'error': {'message': 'Too Many Requests', 'type': 'too_many_requests', 'param': None, 'code': 'too_many_requests'}}
Failed for David Bowie - Nature Boy: Error code: 429 - {'error': {'message': 'Too Many Requests', 'type': 'too_many_requests', 'param': None, 'code': 'too_many_requests'}}
Failed for Stephen Malkmus - Pink India: Error code: 429 - {'error': {'message': 'Too Many Requests', 'type': 'too_many_requests', 'param': None, 'code': 'too_many_requests'}}
Failed for Stellastarr* - My Coco: Error code: 429 - {'error': {'message': 'Too Many Requests', 'type': 'too_many_requests', 'param': None, 'code': 'too_many_requests'}}
Failed for Elvis Costello - She: Error code: 429 - {'error': {'message': 'Too Many Requests', 'type': 'too_many_requests', 'param': None, 'code': 'too_many_requests'}}
Failed for Dead Can Dance - Fortune Presents Gifts Not According To The Book: Error code: 429 - {'error': {'message': 'Too Many Requests', 'type': 'too_many_requests', 'param': None, 'code': 'too_many_requests'}}
Failed for Sleater-Kinney - Stay Where You Are: Error code: 429 - {'error': {'message': 'Too Many Requests', 'type': 'too_many_requests', 'param': None, 'code': 'too_many_requests'}}
Failed for Dr. Dre - Forgot About Dre (Feat. Eminem): Error code: 429 - {'error': {'message': 'Too Many Requests', 'type': 'too_many_requests', 'param': None, 'code': 'too_many_requests'}}
Failed for Cave In - In The Stream Of Commerce: Error code: 429 - {'error': {'message': 'Too Many Requests', 'type': 'too_many_requests', 'param': None, 'code': 'too_many_requests'}}
Failed for Pain Of Salvation - Chapter Ii: Dryad Of The Woods: Error code: 429 - {'error': {'message': 'Too Many Requests', 'type': 'too_many_requests', 'param': None, 'code': 'too_many_requests'}}
Failed for Alestorm - Captain Morgan'S Revenge: Error code: 429 - {'error': {'message': 'Too Many Requests', 'type': 'too_many_requests', 'param': None, 'code': 'too_many_requests'}}
Saved 2988 tracks to /work/pi_dagarwal_umass_edu/project_7/srikar/E4SRec/metadata/vocal/output/vocal_annotations_shard_7.csv
========================================
End          : Thu Apr  9 06:03:05 AM UTC 2026
========================================
