artist_name,track_name,Vocal Register,Vocal Timbre Thin to Full,Vocal Breathiness,Vocal Smoothness,Vocal Grittiness,Vocal Nasality,Vocal Accompaniment
Robbie Williams,Me And My Monkey,0.6,0.8,0.4,0.6,0.6,0.4,0.4
Michael Jackson,Keep The Faith,0.8,0.8,0.4,0.8,0.2,0.2,1.0
Chris Vrenna,Village Of The Doomed,0.4,0.6,0.8,0.4,0.6,0.2,0.2
Michael Jackson,Come Together,0.6,0.8,0.4,0.8,0.6,0.4,0.4
Ania Dąbrowska,Nie Mogę Cię Zapomnieć,0.6,0.8,0.6,0.8,0.2,0.4,0.4
Lali Puna,Harrison Reverse,0.6,0.4,0.8,0.6,0.2,0.4,0.6
Faithless,Baseball Cap,0.4,0.6,0.6,0.8,0.2,0.4,0.6
Peter Bjorn And John,Start Making Sense,0.6,0.6,0.4,0.6,0.4,0.4,0.8
Chrisette Michele,Good Girl,0.8,0.8,0.4,1.0,0.2,0.4,0.6
Michael Jackson,Dangerous,,,,,,,
Of Montreal,Jacques Lamure,,,,,,,
Peter Luts & Dominico,What A Feeling (Radio Edit),,,,,,,
Darkthrone,To Walk The Infernal Fields,,,,,,,
Peter Doherty,A Little Death Around The Eyes,,,,,,,
Darkthrone,The Pagan Winter,,,,,,,
Kotiteollisuus,Pohjanmaan Kautta,,,,,,,
Darkthrone,The Dance Of Eternal Shadows,,,,,,,
A Tribe Called Quest,Verses From The Abstract,,,,,,,
St. Vincent,We Put A Pearl In The Ground,,,,,,,
Kraftwerk,Prologue,,,,,,,
Boy Kill Boy,Ivy Parker,,,,,,,
The Coffinshakers,Pale Man In Black,,,,,,,
Kreator,Storm Of The Beast,,,,,,,
Miss Kittin,3Eme Sexe,,,,,,,
Boy Kill Boy,Killer,,,,,,,
Ghostface Killah,Wildflower,,,,,,,
A Tribe Called Quest,Description Of A Fool,,,,,,,
Kreator,Endless Pain,,,,,,,
A Tribe Called Quest,Jazz (We'Ve Got),,,,,,,
The Clash,The Prisoner,,,,,,,
Black Light Burns,4 Walls,,,,,,,
Why?,The Hoofs,,,,,,,
Hollywood Undead,No. 5,,,,,,,
Skinny Puppy,Empte,,,,,,,
Bad Religion,Walk Away,,,,,,,
Jet,Lazy Gun,,,,,,,
Noisettes,The Count Of Monte Christo,,,,,,,
Xtc,King For A Day,,,,,,,
Pierrot,Neo Grotesque,,,,,,,
Jay-Z,Jigga That Nigga,,,,,,,
Hot Snakes,Hi-Lites,,,,,,,
Of Montreal,I Can'T Stop Your Memory,,,,,,,
Emma Bunton,Free Me (Dr. Octavo Seduction Remix),,,,,,,
Garden Of Eden,Vampires Of Eden,,,,,,,
The Chemical Brothers,Believe (Feat Kele Okereke),,,,,,,
Vetiver,Without A Song,,,,,,,
Descendents,Cameage,,,,,,,
Of Montreal,Sleeping In The Beetle Bug,,,,,,,
Carla Bruni,Le Ciel Dans Une Chambre,,,,,,,
Rob Zombie,Sawdust In The Blood,,,,,,,
Michael Jackson,The Lady In My Life,,,,,,,
Atlas Sound,Ativan,,,,,,,
Michael Nyman,A Wild And Distant Shore,,,,,,,
A Fine Frenzy,Ashes And Wine,,,,,,,
Tiësto,Magik Journey,,,,,,,
Robbie Williams,Lazy Days,,,,,,,
Ghostland Observatory,Sad Sad City,,,,,,,
Jet,Rollover Dj,0.6,0.6,0.2,0.4,0.8,0.4,0.4
Viikate,Padat,,,,,,,
Atlas Sound,A Ghost Story,,,,,,,
Counting Crows,Angels Of The Silences,,,,,,,
Misfits,Dead Kings Rise (Demo),,,,,,,
Beastie Boys,Posse In Effect,,,,,,,
Bonnie 'Prince' Billy,Song For The New Breed,,,,,,,
Atjazz,Touch The Sun,,,,,,,
Misfits,Fiend Club,,,,,,,
Norther,Drowning,,,,,,,
The Chemical Brothers,The Pills Won'T Help You Now (Feat. Midlake),,,,,,,
Midlake,Kingfish Pies,,,,,,,
Rjd2,Someday,,,,,,,
Oceanlab,Beautiful Together (Signum Remix),,,,,,,
Rob Zombie,Death Of It All,,,,,,,
Rob Thomas,I Am An Illusion,,,,,,,
Skold,Neverland,,,,,,,
Oceansize,I Am The Morning,,,,,,,
Christina Aguilera,Save Me From Myself,,,,,,,
Hoobastank,Without A Fight,,,,,,,
Christina Aguilera,Hurt (Deeper-Mindset Mixshow),,,,,,,
Hoobastank,Finally Awake,,,,,,,
Jesu,Transfigure,,,,,,,
The Lawrence Arms,Beyond The Embarrassing Style,,,,,,,
Christina Aguilera,Still Dirrty,,,,,,,
Norah Jones,Toes,,,,,,,
U2,Drowning Man,,,,,,,
Kristine W,Stronger (Junior Vasquez Radio),,,,,,,
Ben Moody Feat. Anastacia,Everything Burns,,,,,,,
Miranda!,Prisionero,,,,,,,
The Fiery Furnaces,Tropical Iceland,,,,,,,
Nouvelle Vague,Just Can'T Get Enough (Depeche Mode),,,,,,,
Minutemen,D'S Car Jam / Anxious Mo-Fo,,,,,,,
Mike Doughty,Looking At The World From The Bottom Of A Well,,,,,,,
Electric Light Orchestra,Love Is Like Oxygen,,,,,,,
Snow Patrol,Chasing Cars (Edit),,,,,,,
Death,Zombie Ritual,,,,,,,
Cradle Of Filth,The Forest Whispers My Name,,,,,,,
Miho Hatori,Barracuda,,,,,,,
Gary Numan,We Are Glass,,,,,,,
Bonnie Raitt,I Sho Do,,,,,,,
Dark Tranquillity,Cathode Ray Sunshine,,,,,,,
Starsailor,Talk Her Down,,,,,,,
The Rosebuds,My Punishment For Fighting,,,,,,,
A Fine Frenzy,The Minnow & The Trout,,,,,,,
Minor Threat,Cashing In,,,,,,,
Static-X,Push It,,,,,,,
Static-X,The Only,,,,,,,
Cradle Of Filth,Gabrielle,,,,,,,
Tindersticks,Tiny Tears,,,,,,,
Stabbing Westward,Goodbye,,,,,,,
Philip Glass,Dead Things,,,,,,,
Dope Stars Inc.,Self Destructive Corp.,,,,,,,
Hooverphonic,This Strange Effect,,,,,,,
Philip Glass,I'M Going To Make A Cake,,,,,,,
Rick Astley,Together Forever,,,,,,,
Atmosphere,A Song About A Friend,,,,,,,
Ayreon,Day Twelve: Trauma,0.8,0.8,0.4,0.6,0.6,0.2,1.0
Dope Stars Inc.,Multiplatform Paradise,,,,,,,
The Lawrence Arms,Recovering The Opposable Thumb,,,,,,,
Christina Aguilera,Cruz,,,,,,,
Captain Sensible,Wot,,,,,,,
Hot Club De Paris,Clockwork Toy,0.6,0.4,0.2,0.6,0.4,0.6,0.4
L'Âme Immortelle,Will You?,,,,,,,
Bear Vs. Shark,Bloodgiver,,,,,,,
The Walkmen,On The Water,,,,,,,
Bear Vs. Shark,Out Loud Hey Hey,,,,,,,
Severed Heads,Dead Eyes Opened (Extended Mix),,,,,,,
Static-X,I Am,,,,,,,
Faith No More,I'M Easy,,,,,,,
Faith No More,Just A Man,,,,,,,
Milburn,Lipstick Lickin',,,,,,,
Jenny Owen Youngs,From Here,0.6,0.6,0.6,0.8,0.2,0.4,0.4
Black Rebel Motorcycle Club,Down Here,,,,,,,
Thievery Corporation,Shaolin Satellite,,,,,,,
Bono,Lucy In The Sky With Diamonds,,,,,,,
Howard Shore,Flight To The Ford,,,,,,,
Carcass,Childs Play,,,,,,,
Jenny Lewis,See Fernando,,,,,,,
Carcass,Firm Hand,,,,,,,
Nouvelle Vague,Dancing With Myself (Billy Idol),,,,,,,
Jens Lekman,The Wrong Hands,,,,,,,
Shakira,Fool,,,,,,,
Atmosphere,The Keys To Life Vs. 15 Minutes Of Fame,,,,,,,
Shakin' Stevens,Merry Christmas Everyone,,,,,,,
The Rosebuds,Warm Where You Lay,,,,,,,
Minor Threat,No Reason,,,,,,,
Booka Shade,Hallelujah Usa,,,,,,,
The Apples In Stereo,Mellotron 1,,,,,,,
A Perfect Circle,The Hollow (Take 2),,,,,,,
Rihanna,Good Girl Gone Bad,,,,,,,
Genesis,Keep It Dark,,,,,,,
Bonobo,Super 8,,,,,,,
Kult,Dziewczyna Bez Zęba Na Przedzie,,,,,,,
Kult,Grzesznik,,,,,,,
Kudai,Déjame Gritar,,,,,,,
Rie Fu,Life Is Like A Boat,,,,,,,
The Clash,1977,,,,,,,
Rihanna,Kisses Don'T Lie,,,,,,,
Kult,Gdy Nie Ma Dzieci,,,,,,,
Rilo Kiley,Glendora,,,,,,,
Kult,Arahja,,,,,,,
Atmosphere,Me,,,,,,,
David Guetta,Love Is Gone (Fred Rister & Joachim Garraud Remix),,,,,,,
Donna Summer,Stamp Your Feet (Jason Nevins Radio Edit),,,,,,,
Booka Shade,The Birds And The Beats / At The Window,,,,,,,
Atmosphere,Cats Van Bags,,,,,,,
Skinny Puppy,Shore Lined Poison,,,,,,,
David Guetta,Do Something Love,,,,,,,
Big Face,I Wanna Be A Style Crusader (Data Remix),,,,,,,
Caribou,Desiree,,,,,,,
The Last Shadow Puppets,Meeting Place,,,,,,,
The Last Shadow Puppets,The Time Has Come Again,,,,,,,
Novika,California Dreaming,,,,,,,
Philip Glass,The Kiss,,,,,,,
Oasis,Be Here Now,,,,,,,
Yann Tiersen,Kala,,,,,,,
David Gray,Hospital Food,,,,,,,
Bonobo,Days To Come,,,,,,,
Nuspirit Helsinki,String Interlude,,,,,,,
Akira,Piece Of Heaven (Alex K Remix),,,,,,,
The La'S,Liberty Ship,,,,,,,
Jefferson Airplane,She Has Funny Cars,,,,,,,
The Cinematic Orchestra,Theme De Yoyo,,,,,,,
Rise Against,Blood To Bleed,,,,,,,
The Cinematic Orchestra,Oregon,,,,,,,
Rise Against,The First Drop,,,,,,,
Bonobo,Between The Lines,,,,,,,
Telefon Tel Aviv,At The Edge Of The World You Will Still Float,,,,,,,
Madeleine Peyroux,Lonesome Road,,,,,,,
Barenaked Ladies,What A Good Boy,,,,,,,
Sunn O))),It Took The Night To Believe,,,,,,,
The Beatles,Mean Mr Mustard,,,,,,,
Teitur,Sleeping With The Lights On,,,,,,,
Machinae Supremacy,Elite,,,,,,,
Blink-182,Violence,,,,,,,
Alexisonfire,Polaroids Of Polar Bears,,,,,,,
黒夢,Nite&Day-New Take-,,,,,,,
Madness,The Prince,,,,,,,
Yppah,Again With The Subtitles,,,,,,,
Aesop Rock,9-5Ers Anthem,,,,,,,
M. Ward,Four Hours In Washington,,,,,,,
Sum 41,We'Re All To Blame,,,,,,,
Lupe Fiasco,Streets On Fire,,,,,,,
Sunn O))),Sin Nanna,,,,,,,
Tom Waits,Chocolate Jesus,,,,,,,
M-Flo,Let Go (Reggae Disco Rockers Remix),,,,,,,
Scsi-9,Elegia,,,,,,,
Valeria,Girl I Told Ya,,,,,,,
Ferry Corsten,Galaxia,,,,,,,
...And You Will Know Us By The Trail Of Dead,The Lost City Of Refuge,,,,,,,
Seabear,Cat Piano,,,,,,,
Parts & Labor,Fractured Skies,,,,,,,
Paramore,My Hero,,,,,,,
Ini Kamoze,Here Comes The Hotstepper,,,,,,,
The Hives,The Hives - Declare Guerre Nucleaire,,,,,,,
M-Flo,To Your Beat (Gagle Re-Treatment Remix),,,,,,,
Infantwo,Modern Robot Chorus,,,,,,,
Paris Combo,Je Suis Sourde,,,,,,,
Paradise Lost,Your Own Reality,,,,,,,
Beth Orton,Mount Washington,,,,,,,
Scouting For Girls,James Bond,,,,,,,
Lynyrd Skynyrd,Down South Jukin',0.4,0.8,0.2,0.6,0.8,0.4,0.4
Van Halen,(Oh) Pretty Woman,,,,,,,
Screamin' Jay Hawkins,I Put A Spell On You,,,,,,,
Fennesz,The Point Of It All,,,,,,,
Madonna,Mother And Father,,,,,,,
Fennesz,City Of Light,,,,,,,
...And You Will Know Us By The Trail Of Dead,Mistakes & Regrets,,,,,,,
Sleater-Kinney,Far Away,,,,,,,
The Haunted,The Prosecution,,,,,,,
In Flames,Starforsaken,,,,,,,
Scorpions,Bad Boys Running Wild,0.8,0.8,0.2,0.4,0.8,0.2,0.4
The Hold Steady,The Swish,,,,,,,
Wire,The Commercial,,,,,,,
Beth Orton,Whenever,,,,,,,
Joss Stone,Sleep Like A Child,,,,,,,
Aesop Rock,Bent Life,,,,,,,
Sonic Youth,Karen Revisited,,,,,,,
Scorpions,Tease Me Please Me,,,,,,,
Damien Rice,Volcano (Instrumental),,,,,,,
Blindside,Pitiful,,,,,,,
Damien Rice,Woman Like A Man (Live Unplugged),,,,,,,
Neko Case,Fever,0.6,0.8,0.6,0.8,0.4,0.2,0.4
Negative,Lost Soul,,,,,,,
The Ordinary Boys,Life Will Be The Death Of Me,,,,,,,
Neko Case,I Missed The Point,,,,,,,
Hank Williams Iii,I Wish I Knew,,,,,,,
Hank Williams Iii,The Grand Ole Opry (Ain'T So Grand),,,,,,,
Hank Williams Iii,Cocaine Blues,,,,,,,
The Thrills,Deckchairs And Cigarettes,,,,,,,
Cmx,Kultanaamio,,,,,,,
Scissor Sisters,Monkey Baby,,,,,,,
The Thrills,Say It Ain'T So,,,,,,,
Wolf Parade,An Animal In Your Care,,,,,,,
Panzer Ag,Chemical Breed,,,,,,,
Wolf Eyes,Stabbed In The Face,,,,,,,
Hanne Hukkelberg,Cast Anchor,,,,,,,
Apparat,Schallstrom,,,,,,,
Ayreon,Comatose,,,,,,,
Shakira,La Tortura,,,,,,,
Shakira,Hey You,,,,,,,
Jenny Owen Youngs,Lightning Rod,,,,,,,
Yann Tiersen,La Veillée,,,,,,,
Wilco,Box Full Of Letters,,,,,,,
Kumm,Different Parties,,,,,,,
Carcass,Generation Hexed,,,,,,,
The Russian Futurists,It'S Not Really Cold When It Snows,,,,,,,
The Russian Futurists,Precious Metals,,,,,,,
Ricky Martin,She Bangs,,,,,,,
Kula Shaker,Tattva,,,,,,,
A Perfect Circle,Passive (Radio Edit),,,,,,,
Fahrenheit,Inimaginable,,,,,,,
Fahrenheit,Vuelvo A Vivir,,,,,,,
Jennifer Lopez,I'M Real,,,,,,,
Emperor,The Wanderer,,,,,,,
Philip Glass,Something She Has To Do,,,,,,,
Yann Tiersen,L'Homme Aux Bras Ballants,,,,,,,
Thursday,The Other Side Of The Crash / Over And Out (Of Control),,,,,,,
Genesis,Lilywhite Lilith,,,,,,,
Rie Fu,I Wanna Go To A Place..,,,,,,,
Rihanna,Don'T Stop The Music (Jody Den Broeder Remix),,,,,,,
Rilo Kiley,Teenage Love Song,,,,,,,
L7,Monster,,,,,,,
Nuclear Assault,Sin,,,,,,,
Kyuss,Capsized,,,,,,,
L'Arc~En~Ciel,The Fourth Avenue Cafe,,,,,,,
L'Arc~En~Ciel,Heaven'S Drive,,,,,,,
Hot Chip,Over And Over (Solid Groove Remix),,,,,,,
Jenny Lewis,Carpetbaggers,,,,,,,
The Flaming Lips,Be My Head,,,,,,,
The Lawrence Arms,Lose Your Illusion 1,,,,,,,
Angus And Julia Stone,The Beast,,,,,,,
Atlas Sound,Children'S Hospital (Screaming In The Face Of Death #2),,,,,,,
Boozoo Bajou,Night Over Manaus,,,,,,,
Atlas Sound,Let The Blind Lead Those Who Can See But Cannot Feel,,,,,,,
Dope Stars Inc.,10.000 Watts,,,,,,,
Riverside,Reality Dream,,,,,,,
Bang Gang,It'S Allright,,,,,,,
Mindless Self Indulgence,Futures,,,,,,,
Cradle Of Filth,A Gothic Romance,,,,,,,
The Walkmen,No Christmas While I'M Talking,,,,,,,
Bonobo,Magicman,,,,,,,
Howard Shore,Cirith Ungol,,,,,,,
Christina Aguilera,Candyman (Offer Nissim Club Mix),,,,,,,
Christina Aguilera,Dirrty (Feat. Redman),,,,,,,
Oasis,Helter Skelter,,,,,,,
Hot Chip,Sexual Chocolate,,,,,,,
Milburn,Showroom,,,,,,,
Gavin Degraw,More Than Anyone,,,,,,,
The Script,Talk You Down,,,,,,,
Cradle Of Filth,At The Gates Of Midian,,,,,,,
Faith No More,Collision,,,,,,,
Phoenix,Embuscade,,,,,,,
Noumena,The End Of The Century,,,,,,,
Wilco,Less Than You Think,,,,,,,
Hooverphonic,Someone,,,,,,,
Hot Hot Heat,Save Us S.O.S.,,,,,,,
The Flaming Lips,Pilot Can At The Queer Of God,,,,,,,
Ayreon,Waking Dreams,,,,,,,
Oasis,Headshrinker,,,,,,,
Akira Yamaoka,Alex Theme,,,,,,,
Depeche Mode,Shout,,,,,,,
Explosions In The Sky,Lonely Train,,,,,,,
Apple Scruffs,(Smokin')The Fairy Tale Of Blood And Bile,,,,,,,
A Silver Mt. Zion,Horses In The Sky,,,,,,,
Проверочная Линейка,Освободите Сцену,,,,,,,
Boris,Nothing Special,,,,,,,
Death,Lack Of Comprehension,,,,,,,
Electrelane,The Valleys,,,,,,,
Electric Six,Vibrator,,,,,,,
Jeff Buckley,Yard Of Blonde Girls,,,,,,,
Electric Six,Synthesizer,,,,,,,
Staygold,Never Sleep Alone,,,,,,,
As Blood Runs Black,Hester Prynne,,,,,,,
Hot Chip,My Piano,,,,,,,
Cradle Of Filth,Sleepless,,,,,,,
La Quinta Estación,Me Muero,,,,,,,
Status Quo,Down Down,,,,,,,
George Harrison,Apple Scruffs,,,,,,,
A Fine Frenzy,Near To You,,,,,,,
La Roux,In For The Kill,,,,,,,
La Oreja De Van Gogh,Jueves,,,,,,,
Richard O'Brien,Sweet Transvestite,,,,,,,
Richard Ashcroft,Check The Meaning,,,,,,,
Richard Ashcroft,World Keeps Turning,,,,,,,
A Smile And A Ribbon,A Nice Walk In The Park,,,,,,,
Stabbing Westward,Throw,,,,,,,
Stam1Na,Edessäni,,,,,,,
Riverside,The Curtain Falls,,,,,,,
Riverside,Ultimate Trip,,,,,,,
Midge Ure,If I Was,,,,,,,
Lacuna Coil,A Current Obsession,,,,,,,
Noumena,Prey Of The Tempter,,,,,,,
Midlake,I Guess I'Ll Take Care,,,,,,,
Rjd2,Through The Walls,,,,,,,
Noumena,Slain Memories,,,,,,,
Misfits,Death Comes Ripping,,,,,,,
Oceansize,Unravel,,,,,,,
Rob Dougan,Instrumental,,,,,,,
Rob Dougan,Will You Follow Me?,,,,,,,
Rob Dougan,I'M Not Driving Anymore,,,,,,,
Bonnie 'Prince' Billy,Ohio River Boat Song,,,,,,,
Bonnie 'Prince' Billy,Mrs William,,,,,,,
Gary Numan,I Die: You Die,,,,,,,
The Chemical Brothers,Surrender,,,,,,,
Thievery Corporation,The Time We Lost Our Way (Feat. Loulou),,,,,,,
Oceansize,No Tomorrow,,,,,,,
Oceansize,Amputee,,,,,,,
Jedi Mind Tricks,When All Light Dies,,,,,,,
Umbrellas,The City Lights,,,,,,,
Jeff Buckley,Corpus Christi Carol (Cut),,,,,,,
Oasis,Where Did It All Go Wrong?,,,,,,,
Christina Aguilera,Loving Me 4 Me,0.8,0.8,0.8,1.0,0.2,0.2,0.6
Oceansize,Music For A Nurse,,,,,,,
Bachman-Turner Overdrive,You Ain'T Seen Nothing Yet,,,,,,,
Miriam Makeba,Pata Pata,,,,,,,
Backstreet Boys,As Long As You Love Me,,,,,,,
Christina Aguilera,Lady Marmalade,,,,,,,
Christina Aguilera,Make Over,,,,,,,
Christina Aguilera,Without You,,,,,,,
Tears For Fears,I Believe,,,,,,,
The Walkmen,Everyone Who Pretended To Like Me Is Gone,,,,,,,
Ani Difranco,Superhero,,,,,,,
The Knife,We Share Our Mothers Health,,,,,,,
David Guetta,Never Take Away My Freedom,,,,,,,
Robbie Williams,Bongo Bong And Je Ne T'Aime Plus,,,,,,,
Noisettes,Bridge To Canada,,,,,,,
Christine Guldbrandsen,Alvedansen (Norway),,,,,,,
Syd Barrett,Two Of A Kind,,,,,,,
Lady Gaga,Poker Face (Jody Den Broeder Remix),,,,,,,
Ben Macklin,Feel Together (Vocal Dub) (Feat. Tiger Lilly),,,,,,,
Black Rebel Motorcycle Club,U.S. Government,,,,,,,
Derrick Morgan,Blazing Fire,,,,,,,
Garbage,Sleep,,,,,,,
Rob Zombie,17 Year Locust,,,,,,,
Rob Zombie,Meet The Creeper,,,,,,,
Laibach,Tanz Mit Laibach,,,,,,,
Atlas Sound,Blue Moon,,,,,,,
Lake Of Tears,So Fell Autumn Rain,,,,,,,
Pierce Brosnan And Meryl Streep,Sos,,,,,,,
The Lemonheads,The Turnpike Down,,,,,,,
Norther,Betrayed,,,,,,,
Stephanie,Friends,,,,,,,
Misfits,Cough/Cool,,,,,,,
Misfits,Crawling Eye,,,,,,,
Beastie Boys,Shambala,,,,,,,
Viikate,Karmiini Juhlasali,,,,,,,
Geri Halliwell,It'S Raining Men,,,,,,,
Rhapsody Of Fire,Lamento Eroico,,,,,,,
Viikate,Otteita Syksystä,,,,,,,
Ghost Of The Robot,Angel,,,,,,,
Atheist,Mother Man,,,,,,,
Exodus,Strike Of The Beast,,,,,,,
The Contours,Do You Love Me,,,,,,,
Darkwell,The Beginning,,,,,,,
Darkwell,Suspiria,,,,,,,
The Cool Kids,Mikey Rocks,,,,,,,
Extreme,Politicalamity,,,,,,,
The Cooper Temple Clause,Connect,,,,,,,
Beastie Boys,Tough Guy,,,,,,,
Kreator,When Death Takes Its Dominion,,,,,,,
Black Label Society,We Live No More,,,,,,,
Boston,Don'T Look Back,,,,,,,
Kreator,Dying Race Apocalypse,,,,,,,
St. Vincent,Human Racing,,,,,,,
St. Germain,Sentimental Mood,,,,,,,
The Cool Kids,Bassment Party,,,,,,,
Ghostface Killah,Winter Warz,,,,,,,
The Rolling Stones,Let Me Down Slow,,,,,,,
A Tribe Called Quest,Clap Your Hands,,,,,,,
Kreator,One Evil Comes - A Million Follow,,,,,,,
Gigi D'Agostino,La Passion,,,,,,,
Gigi D'Agostino,I'Ll Fly With You,,,,,,,
Skinny Puppy,Hardset Head,,,,,,,
Repo! The Genetic Opera,21St Century Cure,0.6,0.6,0.2,0.4,0.8,0.4,0.4
The Coffinshakers,Black Sunday,,,,,,,
Skinny Puppy,Far Too Frail,,,,,,,
Black Light Burns,Coward,,,,,,,
Tori Amos,Don'T Make Me Come To Vegas,,,,,,,
Black Label Society,Say What You Will,,,,,,,
A Tribe Called Quest,Show Business,,,,,,,
Miss Kittin,Dub About Me,,,,,,,
Box Car Racer,The End With You,,,,,,,
Miss Kittin,Play Me A Tape,,,,,,,
The Cooper Temple Clause,Music Box,,,,,,,
Mission Of Burma,This Is Not A Photograph,,,,,,,
Kotiteollisuus,Tämän Taivaan Alla,,,,,,,
Kraftwerk,The Man Machine,,,,,,,
The Coral,She Sings The Mourning,,,,,,,
Regina Spektor,Lulliby,,,,,,,
El Ten Eleven,My Only Swerving,,,,,,,
The Shins,Mild Child,,,,,,,
Faith No More,Midnight Cowboy,,,,,,,
Do Make Say Think,It'S Gonna Rain,,,,,,,
Dark Funeral,Thy Legions Come,,,,,,,
Desmond Dekker,007 (Shanty Town),,,,,,,
The Apples In Stereo,Winter Must Be Cold,,,,,,,
Boy Omega,We Might Not Be Real,,,,,,,
Boys Like Girls,On Top Of The World,,,,,,,
Peter Doherty,1939 Returning,,,,,,,
Chris Vrenna,Flying On The Wings Of Steam,,,,,,,
:Wumpscut:,Troops Under Fire,,,,,,,
Robbie Williams,Sexed Up,,,,,,,
The Shape Shifters,Back To Basics,,,,,,,
Ania,Trudno Mi Się Przyznać,,,,,,,
A-Ha,Birthright,,,,,,,
Veruca Salt,With David Bowie,,,,,,,
Michael Jackson,Scream,,,,,,,
Boyz Ii Men,End Of The Road,,,,,,,
Black Label Society,Blackened Waters,,,,,,,
Boys Noize,Arcade Robot,,,,,,,
Death,In Human Form,,,,,,,
Chris Rea,On The Beach,,,,,,,
Emma Bunton,Let Your Baby Show You How To Move,,,,,,,
Thursday,Into The Blinding Light,,,,,,,
Jay-Z,U Don'T Know,,,,,,,
Death,Individual Thought Patterns,,,,,,,
Tears For Fears,Suffer The Children,,,,,,,
Dean Martin,Let It Snow! Let It Snow! Let It Snow!,,,,,,,
Ohgr,Jako,,,,,,,
U2,Mlk,,,,,,,
Lamya,Black Mona Lisa,,,,,,,
The Fiery Furnaces,My Egyptian Grammar,,,,,,,
Tiësto,Ur,,,,,,,
Land Of Talk,All My Friends,,,,,,,
Black Sabbath,Dirty Women,,,,,,,
Sneaker Pimps,Blue Movie,,,,,,,
The Shins,Weird Divide (Original),,,,,,,
Lamb,Small,,,,,,,
Holly Golightly,Walk A Mile,,,,,,,
Piglet,Anthropology Anthology,,,,,,,
Dntel,The Distance (Metronomy Remix),,,,,,,
Dar Williams,February,,,,,,,
Cream,Outside Woman Blues,,,,,,,
The Chemical Brothers,Battle Scars,,,,,,,
The Charlatans,How High,,,,,,,
El Ten Eleven,Sorry About Your Irony,,,,,,,
Animal Collective,It'S You,,,,,,,
Cannibal Corpse,Make Them Suffer,,,,,,,
Canned Heat,Going Up The Country,,,,,,,
Jethro Tull,Slipstream,,,,,,,
The Field,Sun & Ice,,,,,,,
Stereophonics,Deadhead,,,,,,,
The Field Mice,Sensitive,,,,,,,
Snow Patrol,Make Love To Me Forever,,,,,,,
Hole,Reasons To Be Beautiful,,,,,,,
:Wumpscut:,Concrete Rage,,,,,,,
Stereophonics,Lolita,,,,,,,
Swervedriver,Duel,,,,,,,
Serge Gainsbourg,Ford Mustang,,,,,,,
Jimi Hendrix,Who Knows,,,,,,,
Akurat,Łyżeczka,,,,,,,
Chris Garneau,We Don'T Try,,,,,,,
Ok Go,What To Do,,,,,,,
Air Traffic,No More Running Away,,,,,,,
The Frames,Trying,,,,,,,
Nofx,The Quass,,,,,,,
Sweet Coffee,Keep On Running (Sterac Electronics Remix),,,,,,,
Arvo Pärt,Für Alina,,,,,,,
Michael Andrews,F***,,,,,,,
Ben Kweller,I Don'T Know Why,,,,,,,
Ben Kweller,Nothing Happening,,,,,,,
Chromeo,Destination: Overdrive,,,,,,,
Skalpel,Test Drive,,,,,,,
Hocico,Un Alma Y El Vacio,,,,,,,
Ben Kweller,Thirteen,,,,,,,
Ben Kweller,Magic,,,,,,,
Chris Lake & Emma Hewitt,Carry Me Away,,,,,,,
Doves,Compulsion,,,,,,,
Doves,House Of Mirrors,,,,,,,
St. Germain,Easy To Remember,,,,,,,
Girls Aloud,I'Ll Stand By You,,,,,,,
The Research,Lonely Hearts Still Beat The Same,,,,,,,
The Coral,Secret Kiss,,,,,,,
Girls Aloud,The Loving Kind,,,,,,,
Ben Lee,Ache For You,,,,,,,
Black Flag,Nothing Left Inside,,,,,,,
The Red Jumpsuit Apparatus,Seventeen Ain'T So Sweet,,,,,,,
Korn,10 Or A 2-Way,,,,,,,
Moby,Into The Blue,,,,,,,
Black Flag,No More,,,,,,,
Brandi Carlile,What Can I Say,,,,,,,
Modeselektor,Sucker Pin,,,,,,,
The Raveonettes,Untamed Girls,,,,,,,
Tina Dickow,Room With A View,,,,,,,
Constantines,Lizaveta,,,,,,,
Violent Femmes,Gimme The Car,,,,,,,
Ayọ,Life Is Real,,,,,,,
Red Hot Chili Peppers,Taste The Pain,,,,,,,
The Wedding Present,Dalliance,0.4,0.4,0.2,0.4,0.6,0.4,0.2
The Wedding Present,Everyone Thinks He Looks Daft,,,,,,,
Red Sparowes,Mechanical Sounds Cascaded Through The City Walls And Everyone Reveled In Their Ignorance.,,,,,,,
Constantines,St. You,,,,,,,
Korn,It'S Gonna Go Away,,,,,,,
The Weakerthans,Watermark,,,,,,,
Gisela,Casanova,,,,,,,
Glasvegas,Ice Cream Van,,,,,,,
Dr. Dog,The Old Days,,,,,,,
Red House Painters,Song For A Blue Guitar,,,,,,,
Candie Payne,I Wish I Could Have Loved You More,,,,,,,
Korn,I'M Done,,,,,,,
Korpiklaani,Let'S Drink,,,,,,,
Korn,Evolution,,,,,,,
The Reindeer Section,I'Ll Be Here When You Wake,,,,,,,
The Replacements,Alex Chilton,,,,,,,
Modest Mouse,Exit Does Not Exist,,,,,,,
Korpiklaani,Kirki,,,,,,,
Sheena Easton,For Your Eyes Only,,,,,,,
Everything But The Girl,Corcovado,,,,,,,
Exodus,Deliver Us To Evil,,,,,,,
Sharon Jones And The Dap-Kings,Nobody'S Baby,,,,,,,
Shayne Ward,No Promises,,,,,,,
The American Analog Set,Cool Kids Keep,,,,,,,
Stereophonics,More Life In A Tramps Vest,,,,,,,
Mew,Coffee Break,,,,,,,
Atb,Sun Goes Down,,,,,,,
Ok Go,A Million Ways (Album Version),,,,,,,
Jawbreaker,Fireman,,,,,,,
Xploding Plastix,Tintinnamputation,,,,,,,
Okkervil River,Lady Liberty,,,,,,,
Will Smith,Men In Black,,,,,,,
Okkervil River,Okkervil River Song,,,,,,,
Robots In Disguise,Mirror,,,,,,,
Mew,Panda,,,,,,,
Mew,Shespider,,,,,,,
Cream,Sitting On Top Of The World,0.4,0.8,0.2,0.4,0.8,0.2,0.4
Galaxie 500,Don'T Let Our Youth Go To Waste,,,,,,,
The Sisters Of Mercy,Something Fast,,,,,,,
Deus,Favourite Game,,,,,,,
Black Sabbath,Trashed,,,,,,,
The Sisters Of Mercy,Nine While Nine,,,,,,,
Mf Doom,Fig Leaf Bi-Carbonate,,,,,,,
Mf Doom,Poo-Putt Platter,,,,,,,
Robyn,Should Have Known,,,,,,,
Mf Doom,Potholderz (Feat. Count Bass D),,,,,,,
Gaelle,Falling,,,,,,,
Black Sabbath,Supertzar,,,,,,,
Soda Stereo,Pasos,,,,,,,
Metronomy,Black Eye / Burnt Thumb,,,,,,,
Skalpel,Hiperbole,,,,,,,
The Rapture,Out Of The Races And Onto The Tracks,,,,,,,
Modest Mouse,You'Re The Good Things,,,,,,,
Ane Brun,The Fight Song,,,,,,,
Kmfdm,Flesh,,,,,,,
Brazilian Girls,Never Met A German,,,,,,,
Stereophonics,Pass The Buck,,,,,,,
Stereophonics,Pedalpusher,,,,,,,
Steve Angello,Teasing Mister Charlie,,,,,,,
Rome,A Burden Of Flowers,,,,,,,
Rod Stewart,Lady Luck,,,,,,,
Roger Waters,Who Needs Information,,,,,,,
Funki Porcini,Purrfect,,,,,,,
The Sisters Of Mercy,Under The Gun,,,,,,,
The Longcut,Transition,,,,,,,
Jimmy Eat World,Be Sensible,,,,,,,
Jimmy Eat World,12.23.95,,,,,,,
Testament,First Strike Is Deadly,,,,,,,
Eminem,Curtains Up,,,,,,,
Test Icicles,What'S Your Damage?,,,,,,,
Sweeney Todd,The Worst Pies In London,,,,,,,
Dr. Dog,Keep A Friend,,,,,,,
Sweet,Blockbuster,,,,,,,
Moby,Southside (Feat. Gwen Stefani),,,,,,,
Evil'S Toy,I Want To Believe,,,,,,,
The Long Blondes,Darts,,,,,,,
Can,One More Night,,,,,,,
Air,You Make It Easy (Feat. Beth Hirsch),,,,,,,
Noah And The Whale,2 Atoms In A Molecule,,,,,,,
Jimi Hendrix,Remember,,,,,,,
Fugazi,Target,,,,,,,
Fugazi,Sweet And Low,,,,,,,
The Chameleons,Don'T Fall,,,,,,,
Metallica,Die Die My Darling,,,,,,,
Meshuggah,Transfixion,,,,,,,
Ted Leo And The Pharmacists,The Gold Finch And The Red Oak Tree,,,,,,,
Fun Lovin' Criminals,King Of New York,,,,,,,
Funeral For A Friend,The Great Wide Open,,,,,,,
Laura Veirs,Black Gold Blues,,,,,,,
Laurel Music,Dreams And Lies,,,,,,,
Laura Veirs,Rapture,,,,,,,
Al Green,Let'S Get Married,,,,,,,
Jason Mraz,Make It Mine,,,,,,,
Test Icicles,Sharks,,,,,,,
Hushpuppies,You'Re Gonna Say Yeah,,,,,,,
Pink Floyd,Wot'S... Uh The Deal,,,,,,,
Crippled Black Phoenix,Long Cold Summer,,,,,,,
Camille,Au Port,,,,,,,
Chris Cornell,Billie Jean,,,,,,,
The Kinks,Sitting By The Riverside,,,,,,,
The Audition,You'Ve Made Us Conscious,,,,,,,
Bomb The Music Industry!,(Shut) Up The Punx!!!,,,,,,,
The Sleepy Jackson,God Lead Your Soul,,,,,,,
Modest Mouse,Sleepwalkin',,,,,,,
The Avalanches,Little Journey,,,,,,,
Gnarls Barkley,She Knows,,,,,,,
Ane Brun,So You Did It Again,,,,,,,
Ane Brun,Wooden Body,,,,,,,
Conjure One,Premonition (Reprise),,,,,,,
The Cribs,Baby Don'T Sweat,,,,,,,
Gnarls Barkley,Open Book,,,,,,,
Aimee Mann,King Of The Jailhouse,,,,,,,
Bebel Gilberto,Close Your Eyes,,,,,,,
The Crystal Method,Jaded,,,,,,,
Έλενα Παπαρίζου,Mambo (English Version),,,,,,,
Klaus Badelt,Moonlight Serenade,,,,,,,
Sofia Talvik,Ghosts,,,,,,,
Sofa Surfers,Sofa Rockers,,,,,,,
Ben Harper,Steal My Kisses,,,,,,,
Hilary Duff,Beat Of My Heart,,,,,,,
Klimt 1918,Naif Watercolour,,,,,,,
Everything But The Girl,Rollercoaster,,,,,,,
Dr. Hook,Sylvia'S Mother,,,,,,,
Conjure One,Face The Music,,,,,,,
The Whip,Divebomb,,,,,,,
The Cribs,What About Me,,,,,,,
Andy Mckee,Shanghai,,,,,,,
Godspeed You! Black Emperor,Blaise Bailey Finnegan Iii,,,,,,,
Chuck Berry,Sweet Little Sixteen,,,,,,,
Pink Floyd,The Scarecrow,,,,,,,
Pink Military,Did You See Her,,,,,,,
Him,Venus (In Our Blood),,,,,,,
The Weepies,Citywide Rodeo,,,,,,,
Einstürzende Neubauten,Total Eclipse Of The Sun,0.4,0.6,0.6,0.6,0.4,0.4,0.6
The Feeling,Rose,,,,,,,
Mojave 3,In Love With A View,,,,,,,
Ted Leo And The Pharmacists,Dead Voices,,,,,,,
Ted Leo And The Pharmacists,Colleen,,,,,,,
The Fratellis,The Gutterati?,,,,,,,
The Fratellis,Acid Jazz Singer,,,,,,,
Tortoise,Swung From The Gutters,,,,,,,
Ted Leo And The Pharmacists,The Crane Takes Flight,,,,,,,
Pere Ubu,Humor Me,,,,,,,
Joe Purdy,I Love The Rain The Most,,,,,,,
Pere Ubu,Real World,,,,,,,
Gogol Bordello,Copycat,,,,,,,
Gogol Bordello,Super Taranta!,,,,,,,
Evanescence,Surrender,,,,,,,
Szymon Wydra & Carpe Diem,Pozwól Mi Lepszym Być,,,,,,,
Spoon,Chloroform,,,,,,,
Dragonette,True Believer,,,,,,,
Mokoma,Vainottu,,,,,,,
Deutsch Amerikanische Freundschaft,Der Mussolini,,,,,,,
The Slickers,Johnny Too Bad,,,,,,,
Fugazi,Margin Walker,,,,,,,
The Cast,Auld Lang Syne,,,,,,,
Bikini Kill,Suck My Left One,,,,,,,
Metallica,Outlaw Torn,,,,,,,
The Magic Numbers,Let Somebody In,,,,,,,
Bikini Kill,Sugar,,,,,,,
The Cardigans,Please Sister,,,,,,,
Fugazi,Brendan #1,,,,,,,
Fugazi,Sieve-Fisted Find,,,,,,,
Fujiya & Miyagi,Sore Thumb,,,,,,,
Anja Garbarek,Can I Keep Him?,,,,,,,
The Smashing Pumpkins,I Of The Mourning,,,,,,,
Devendra Banhart,Dragonflys,,,,,,,
Le Tigre,Dyke March 2001,,,,,,,
Steve Reich,Pulses,0.0,0.0,0.0,0.0,0.0,0.0,0.0
Aiden,Die Romantic,,,,,,,
Elin Sigvardsson,Where To Start,,,,,,,
Metallica,- Human,,,,,,,
Olspur,Are You Ready For This Mon?,,,,,,,
Japan,Methods Of Dance,,,,,,,
Third Eye Blind,God Of Wine,,,,,,,
Kiss,C'Mon And Love Me,,,,,,,
Kings Of Convenience,Manhattan Skyline,,,,,,,
Ratatat,Gipsy Threat,,,,,,,
Björk,Verandi,,,,,,,
Common,Real People,,,,,,,
Common,Love Is...,,,,,,,
I Am Kloot,Astray,,,,,,,
Kiss,I Wanna Rock And Roll All Night,,,,,,,
Mokoma,Poltetun Maan Taktiikkaa,,,,,,,
King Creosote,Just After 11 She Left,0.6,0.6,0.8,0.8,0.4,0.4,0.4
Alkaline Trio,Hell Yes,,,,,,,
Pelican,Autumn Into Summer,,,,,,,
King Crimson,Heartbeat,,,,,,,
King Crimson,Elephant Talk,,,,,,,
To/Die/For,In The Heat Of The Night,,,,,,,
Timo Maas,First Day (Feat. Brian Molko),,,,,,,
Crossover,Dark Blue,,,,,,,
The Smashing Pumpkins,Marquis In Spades,,,,,,,
Leftfield,Dusted,,,,,,,
I Am Kloot,Hong Kong Lullaby,,,,,,,
Black Tambourine,We Can'T Be Friends,,,,,,,
I Am Kloot,A Strange Arrangement Of Colour,,,,,,,
I Am Kloot,An Ordinary Girl,,,,,,,
Draconian,Reversio Ad Secessum,,,,,,,
Mono,The Flames Beyond The Cold Mountain,,,,,,,
Monty Python,Money Song,,,,,,,
Le Tigre,Très Bien,,,,,,,
Rotting Christ,Helios Hyperion,,,,,,,
The Smashing Pumpkins,Raindrops + Sunshowers,,,,,,,
Le Tigre,Much Finer,,,,,,,
Bauhaus,Rosegarden Funeral Of Sores,,,,,,,
Eels,My Descent Into Madness,,,,,,,
Ennio Morricone,A Silhouette Of Doom,,,,,,,
Morcheeba,Let It Go,,,,,,,
Morbid Angel,Suffocation,,,,,,,
Brian Eno,Drift,,,,,,,
Le Tigre,Fyr,0.6,0.4,0.2,0.6,0.4,0.6,0.8
Moonspell,Once It Was Ours!,,,,,,,
Leftfield,Inspection (Check One),,,,,,,
Dreadful Shadows,Twist In My Sobriety,,,,,,,
Leftöver Crack,Feed The Children (Books Of Lies),,,,,,,
Depeche Mode,And Then...,,,,,,,
The Magnetic Fields,Either You Don'T Love Me Or I Don'T Love You,,,,,,,
The Magnetic Fields,Boa Constrictor,,,,,,,
The Magnetic Fields,I Don'T Really Love You Anymore,,,,,,,
Enigma,Smell Of Desire,,,,,,,
Rotting Christ,Χάος Γένετο (The Sign Of Prime Creation),,,,,,,
Roxette,Fireworks,,,,,,,
The Back Horn,Wana,,,,,,,
The Babys,Shounen Knife,,,,,,,
Danny Elfman,Sally'S Song,,,,,,,
Tom Waits,Watch Her Disappear,,,,,,,
Joe Walsh,Life'S Been Good,,,,,,,
Nina Simone,Little Girl Blue,,,,,,,
Leftöver Crack,Born To Die,,,,,,,
The Magic Numbers,You Never Had It,,,,,,,
Ben Harper,Never Leave Lonely Alone,,,,,,,
Leela James,Music,,,,,,,
Mercury Rev,The Funny Bird,,,,,,,
Crystal Castles,Black Fag (No Version),,,,,,,
Led Zeppelin,I'M Gonna Crawl,,,,,,,
Megadeth,Rust In Peace... Polaris,,,,,,,
The View,Wasted Little Dj'S,,,,,,,
Lene Lovich,Say When,,,,,,,
Melanie C,Never Be The Same Again (Single Edit),,,,,,,
Deniece Williams,Let'S Hear It For The Boy,,,,,,,
Dream Theater,Finally Free,,,,,,,
One Day As A Lion,If You Fear Dying,,,,,,,
One Day As A Lion,Last Letter,,,,,,,
Db Boulebard,Point Of View,,,,,,,
Peeping Tom,Celebrity Death Match (Feat. Kid Koala),,,,,,,
Stevie Ray Vaughan,Mary Had A Little Lamb,,,,,,,
The Bronx,History'S Stranglers,,,,,,,
The Bronx,Heart Attack American,,,,,,,
Crystal Castles,Trash Hologram,,,,,,,
The Bug,Freak Freak,,,,,,,
Roxy Music,Editions Of You,,,,,,,
Front 242,Lovely Day,,,,,,,
Front 242,Welcome To Paradise,,,,,,,
Smash Mouth,Satellite,,,,,,,
The Kills,Monkey 23,,,,,,,
Bauhaus,Kick In The Eye 2,,,,,,,
Moonspell,Can'T Bee,,,,,,,
Jamiroquai,Soul Education,,,,,,,
Moonspell,Sanguine,,,,,,,
Melvins,Joan Of Arc,0.4,0.8,0.2,0.4,0.8,0.4,0.6
Dream Theater,Losing Time / Grand Finale,,,,,,,
The Raconteurs,Carolina Drama,,,,,,,
Melvins,Lizzy,,,,,,,
Bent,Private Road,,,,,,,
50 Cent,If I Can'T,,,,,,,
Benoît Pioulard,Ext. Leslie Park,,,,,,,
Benoît Pioulard,La Guerre De Sept Ans,,,,,,,
Toni Braxton,Trippin' (That'S The Way Love Works),,,,,,,
Brian Eno,The Secret Place,,,,,,,
Morrissey,Redondo Beach,,,,,,,
Émilie Simon,Opium,,,,,,,
Abra Moore,Family Affair,,,,,,,
The Bronx,False Alarm,,,,,,,
Leonel Nunes,Vida Fixe,,,,,,,
Medeski Martin And Wood,Last Chance To Dance Trance (Perhaps),,,,,,,
The Game,Da Shit (Produced By Dj Khalil),,,,,,,
Bad Religion,Let Them Eat War,,,,,,,
Pearl Jam,Sometimes,,,,,,,
Chocolate Puma,A Star Is Born,,,,,,,
I Wish Every Day Could Be Like Christmas,Brook Benton,,,,,,,
Pixies,Winterlong,0.6,0.6,0.6,0.6,0.4,0.6,0.6
High And Mighty Color,G∞Ver,,,,,,,
Nile,User-Maat-Re,,,,,,,
Pixies,Havalina,,,,,,,
High And Mighty Color,Pride (Tv Size),,,,,,,
The Smiths,Wonderful Woman,,,,,,,
Fantômas,The Devil Rides Out (Remix),,,,,,,
Goose,3T4,,,,,,,
Fantômas,Night Of The Hunter (Remix),,,,,,,
Goodbooks,Beautiful To Watch,,,,,,,
Morcheeba,Small Town,,,,,,,
Morning Runner,Have A Good Time,,,,,,,
Alva Noto + Ryuichi Sakamoto,Morning,,,,,,,
Alva Noto + Ryuichi Sakamoto,Iano,,,,,,,
Efterklang,Tortuous Tracks,,,,,,,
Soil,Cross My Heart,,,,,,,
Leonard Cohen,Closing Time,,,,,,,
The Briefs,Getting Hit On At The Bank,,,,,,,
Megadeth,Never Walk Alone... A Call To Arms,,,,,,,
The View,Street Lights,,,,,,,
Citizen Cope,My Way Home,,,,,,,
Cake,Sad Songs And Waltzes,,,,,,,
City And Colour,Confessions,,,,,,,
Megadeth,Anarchy In The U.K.,,,,,,,
Keyshia Cole,Let It Go (Feat. Missy Elliot & Lil' Kim),,,,,,,
Trivium,This World Can'T Tear Us Apart,,,,,,,
Stone Temple Pilots,Down,,,,,,,
Stone Temple Pilots,Still Remains,,,,,,,
Devics,Song For A Sleeping Girl,,,,,,,
Anna Ternheim,Bring Down Like I,,,,,,,
Megadeth,Dread And The Fugitive Mind,,,,,,,
The Brian Jonestown Massacre,Super-Sonic,,,,,,,
Hey,List,,,,,,,
City And Colour,Forgive Me,,,,,,,
Nightwish,Phantom Of The Opera,,,,,,,
Nightwish,Sacrament Of Wilderness (Live),,,,,,,
Willy Mason,We Can Be Strong,,,,,,,
The Killers,Who Let You Go,,,,,,,
Jamie Lidell,Hurricane,,,,,,,
Dashboard Confessional,Heaven Here,,,,,,,
Avril Lavigne,Unwanted,,,,,,,
Unkle,Invasion,,,,,,,
The Mars Volta,Cassandra Gemini I,,,,,,,
Cake,Is This Love?,,,,,,,
Therion,Wine Of Aluqah,,,,,,,
The Mamas & The Papas,Creeque Alley,,,,,,,
Alison Krauss,Ghost In This House,,,,,,,
Hey,A Ty?,,,,,,,
The Gathering,Broken Glass (Piano Version),,,,,,,
Aly & Aj,Like It Or Leave It,,,,,,,
Willy Mason,All You Can Do,,,,,,,
Emilie Autumn,Always Look On The Bright Side Of Life,,,,,,,
Tenacious D,Kyle Took A Bullet For Me,,,,,,,
Dream Theater,Overture,,,,,,,
Dream Theater,Perfect Strangers,,,,,,,
T.A.T.U.,Cosmos (Outer Space),,,,,,,
The Brian Jonestown Massacre,B.S.A.,,,,,,,
Lianne Hall,Trouble,,,,,,,
Running Wild,Under Jolly Roger,,,,,,,
Ruiner,Adhering To Superstition,,,,,,,
Cursive,Flag And Family,,,,,,,
The Brian Jonestown Massacre,Jennifer,,,,,,,
Liekki,Veit Omasi Lentoon,,,,,,,
Andrew Lloyd Webber,Gethsemane (I Only Want To Say),,,,,,,
Strapping Young Lad,Velvet Kevorkian,,,,,,,
Andrew Lloyd Webber,Hosanna,,,,,,,
Émilie Simon,Never Fall In Love,,,,,,,
At The Drive-In,For Now..We Toast,,,,,,,
Alanis Morissette,Citizen Of The Planet,,,,,,,
At The Drive-In,Heliotrope,,,,,,,
Casiotone For The Painfully Alone,Love Connection,,,,,,,
The Killers,Andy You'Re A Star,,,,,,,
The Psychedelic Furs,Until She Comes,,,,,,,
Ramones,My Brain Is Hanging Upside Down (Bonzo Goes To Bitburg),,,,,,,
Gorillaz,12D3,,,,,,,
Morrissey,You Were Good In Your Time,,,,,,,
Comando Nuclear,Vingança Metal,,,,,,,
Andrew Lloyd Webber,Everything'S Alright,,,,,,,
Blackfield,This Killer,,,,,,,
Ramones,I Don'T Wanna Walk Around With You,,,,,,,
Blackfield,End Of The World,,,,,,,
Children Of Bodom,Lobodomy,,,,,,,
Pearl Jam,Ghost,,,,,,,
Alisha'S Attic,Pretender Got My Heart,,,,,,,
Children Of Bodom,Roadkill Morning,,,,,,,
Pavement,You Are A Light,,,,,,,
Alanis Morissette,Baba,,,,,,,
The Breeders,S.O.S.,,,,,,,
The Band,To Kingdom Come,,,,,,,
Mazzy Star,Disappear,,,,,,,
Mazzy Star,Happy,0.4,0.6,0.8,0.8,0.2,0.2,0.4
Liars,Drum Gets A Glimpse,,,,,,,
Utada,The Workout,,,,,,,
Clan Of Xymox,Louise,,,,,,,
Liars,The Wrong Coat For You Mt. Heart Attack,,,,,,,
Liars,Houseclouds,,,,,,,
Cake,Nugget,,,,,,,
The 69 Eyes,Barbarella,,,,,,,
Tiamat,For Her Pleasure,,,,,,,
Sirenia,In Sumerian Haze,,,,,,,
Sentenced,Keep My Grave Open,0.4,0.8,0.2,0.4,0.8,0.2,0.0
Story One,Count To 3,,,,,,,
Story Of The Year,We Don'T Care Anymore,,,,,,,
Shout Out Louds,Time Left For Love,,,,,,,
The Psychedelic Furs,Mr. Jones,,,,,,,
Gotan Project,Vuelvo Al Sur,,,,,,,
Spiritualized,Harmony 2,,,,,,,
Brian Mcfadden,Almost Here,,,,,,,
Unkle,Eye For An Eye,,,,,,,
Shivaree,Gone Too Far,,,,,,,
Unkle,Glow,,,,,,,
Devo,Snowball,,,,,,,
Travis,Quite Free,,,,,,,
Lightning Bolt,Crown Of Storms,,,,,,,
Ac/Dc,Ballbreaker,,,,,,,
John Frusciante,Interstate Sex,,,,,,,
Ben Folds Five,Mess,,,,,,,
Motion City Soundtrack,Capital H,,,,,,,
Motion City Soundtrack,Indoor Living,0.6,0.6,0.4,0.6,0.4,0.6,0.6
Rush,Digital Man,0.6,0.6,0.2,0.8,0.2,0.4,0.2
The Bravery,Rites Of Spring,,,,,,,
Rush,Marathon,,,,,,,
Lightning Bolt,Wonderful Rainbow,,,,,,,
Lightspeed Champion,All To Shit,,,,,,,
Rush,Red Sector A,,,,,,,
Graham Coxon,Hopeless Friend,,,,,,,
The Breeders,Hag,,,,,,,
Ralph Myerz And The Jack Herren Band,Think Twice,,,,,,,
Dream Theater,The Mirror,,,,,,,
Tarja Turunen,Lost Northern Star,,,,,,,
Nightmare Of You,Heaven Runs On Oil,,,,,,,
Tara Z,Imagine If (Front Radio Edit),,,,,,,
The Mighty Boosh,Freak,,,,,,,
Cachorro Grande,Você Não Sabe O Que Perdeu,,,,,,,
Shocking Blue,Venus,,,,,,,
Tanya Donelly,Darkside,,,,,,,
Ensiferum,Victory Song,,,,,,,
Europe,Dreamer,,,,,,,
Graham Coxon,Are You Ready?,,,,,,,
Ben Folds Five,Cigarette,0.4,0.6,0.4,0.6,0.2,0.4,0.4
Raised Fist,Breaking Me Up,,,,,,,
Beck,Ramshackle,,,,,,,
Andrew Bird,Don'T Be Scared,,,,,,,
Helloween,Sole Survivor,,,,,,,
Nicole Atkins,Maybe Tonight,,,,,,,
Herbie Hancock,Jane'S Theme,,,,,,,
John Legend,Another Again,,,,,,,
The Monkees,Last Train To Clarksville,,,,,,,
Therapy?,Nowhere,,,,,,,
Orgy,Fiction (Dreams In Digital),,,,,,,
Alanis Morissette,Sympathetic Character,,,,,,,
Alanis Morissette,Straitjacket,,,,,,,
The Damned,In Dulce Decorum,,,,,,,
Pavement,Stop Breathin,,,,,,,
Pavement,5 - 4 = Unity,,,,,,,
Iced Earth,Jack,,,,,,,
Children Of Bodom,In The Shadows,,,,,,,
Rush,Red Tide,,,,,,,
宇多田ヒカル,Movin' On Without You,,,,,,,
The Starting Line,I Could Be Wrong,,,,,,,
Avril Lavigne,Everything Back But You,,,,,,,
Children Of Bodom,Don'T Stop At The Top,,,,,,,
Bob Dylan,Most Of The Time,,,,,,,
Lil Wayne,Mrs. Officer (Feat. Bobby Valentino),,,,,,,
Blackmore'S Night,Locked Within The Crystal Ball,,,,,,,
Cassius,This Song,,,,,,,
Rainbow,I Surrender,,,,,,,
Rainbow,Can'T Let You Go,,,,,,,
Grandaddy,Kim You Bore Me To Death,,,,,,,
Kettcar,Tränengas Im High-End-Leben,,,,,,,
Grandaddy,Why Took Your Advice,,,,,,,
John Frusciante,Look On,,,,,,,
Dredg,Brushstroke: Walk In The Park,,,,,,,
Spiritualized,All Of My Tears,,,,,,,
Helltrain,Route 666,,,,,,,
The Alan Parsons Project,The Tell-Tale Heart,,,,,,,
Daughtry,Gone,,,,,,,
Daughters Of Gaia,Daughters Of Gaia,,,,,,,
T.I.,On Top Of The World (Feat. Ludacris & B.O.B.),,,,,,,
Daughters Of Gaia,Born Of Water,,,,,,,
Shpongle,Once Upon The Sea Of Blissful Awareness,,,,,,,
Devotchka,Transliterator,,,,,,,
Straylight Run,Now It'S Done,,,,,,,
Triumph,Fight The Good Fight,,,,,,,
Rush,Turn The Page,,,,,,,
Strapping Young Lad,Oh My Fucking God,,,,,,,
Ornatos Violeta,Capitão Romance,,,,,,,
Kent,Owc,,,,,,,
Alien Sex Fiend,Boneshaker Baby,,,,,,,
Icon & The Black Roses,Black Cage,,,,,,,
The Protomen,The Will Of One,,,,,,,
Idlewild,Future Works,,,,,,,
Thrice,Deadbolt,,,,,,,
Fatboy Slim,Because We Can,,,,,,,
Senses Fail,Tie Her Down,,,,,,,
Aphrodite,Heat Haze,,,,,,,
The Damned,Fan Club,,,,,,,
Voxtrot,Easy,,,,,,,
The Whitest Boy Alive,Golden Cage (Fred Falke Remix),,,,,,,
Radiohead,Paperbag Writer,,,,,,,
Kent,Duett,,,,,,,
The Prodigy,You Will Be Under My Wheels,,,,,,,
Gravity Kills,Crashing,,,,,,,
Radiohead,Last Flowers To The Hospital,,,,,,,
Enter Shikari,Anything Can Happen In The Next Half Hour,,,,,,,
Colleen,Everyone Alive Wants Answers,,,,,,,
Bitter:Sweet,Salty Air,,,,,,,
Demons & Wizards,Terror Train,,,,,,,
Great Lake Swimmers,Let'S Trade Skins,,,,,,,
Demons & Wizards,Seize The Day,,,,,,,
Bedouin Soundclash,Shadow Of A Man,,,,,,,
Demons & Wizards,Wicked Witch,,,,,,,
Annwn,Ay Linda Amiga,,,,,,,
Frank Zappa,Willie The Pimp,,,,,,,
The Juan Maclean,Give Me Every Little Thing,0.6,0.6,0.4,0.8,0.2,0.2,0.8
Otis Redding,My Girl,,,,,,,
Velvet,In & Out Of Love,,,,,,,
Sloan,The Lines You Amend,,,,,,,
U2,Ultraviolet (Light My Way),,,,,,,
Ella Fitzgerald & Louis Armstrong,Can Anyone Explain?,,,,,,,
U2,Van Diemen'S Land,,,,,,,
Badly Drawn Boy,This Song,,,,,,,
Dead Meadow,Greensky Greenlake,,,,,,,
Limp Bizkit,Nobody Like You,,,,,,,
Limp Bizkit,Just Like This,,,,,,,
Róisín Murphy,Ramalama (Bang Bang),,,,,,,
The Boxer Rebellion,All You Do Is Talk,,,,,,,
Motörhead,Damage Case,,,,,,,
The Dandy Warhols,Best Friend,,,,,,,
Yo La Tengo,Song For Mahila,,,,,,,
John Lennon,Cold Turkey,,,,,,,
Something Corporate,I Won'T Make You,,,,,,,
Yo La Tengo,Pablo And Andrea,,,,,,,
Soko,The Dandy Cowboys,,,,,,,
Talulah Gosh,Talulah Gosh,,,,,,,
Ott,Escape From Tulse Hell,,,,,,,
Bad Religion,Anesthesia,,,,,,,
Slayer,Death'S Head,,,,,,,
Embrace,Someday,,,,,,,
Green Day,Coming Clean,,,,,,,
Green Day,Poprocks & Coke,,,,,,,
T.Love,Jest Super,,,,,,,
The Aislers Set,Attraction Action Reaction,,,,,,,
Jack Johnson & Ben Harper,High Tide Or Low Tide,,,,,,,
Armchair Cynics,Bang,,,,,,,
Embrace,Nature'S Law,,,,,,,
Bad Religion,21St Century (Digital Boy),,,,,,,
The Georgia Satellites,Don'T Pass Me By,,,,,,,
De La Soul,Cool Breeze On The Rocks,,,,,,,
The Georgia Satellites,Down And Down,,,,,,,
Czesław Śpiewa,Wesoły Kapelusz,,,,,,,
Czesław Śpiewa,Ucieczka Z Wesołego Miasteczka,,,,,,,
Travis,Slide Show,,,,,,,
Matchbox Twenty,The Difference,,,,,,,
Cynic,Sentiment,,,,,,,
Matchbox Twenty,Angry,,,,,,,
Cat Power,Still In Love,,,,,,,
Ac/Dc,Evil Walks,,,,,,,
Jack'S Mannequin,Swim,,,,,,,
Green Day,Nice Guys Finish Last,,,,,,,
Ac/Dc,Flick Of The Switch,,,,,,,
W.A.S.P.,Blind In Texas,,,,,,,
Ac/Dc,Hail Caesar,,,,,,,
Tristania,Hatred Grows,,,,,,,
Tristania,Sanguine Sky,,,,,,,
Strike Anywhere,Hollywood Cemetery,,,,,,,
Ra Ra Riot,St. Peter'S Day Festival,,,,,,,
R.E.M.,The One I Love (Live),,,,,,,
Spice Girls,Holler,,,,,,,
Spiha,Altamont,,,,,,,
Coldplay,X And Y,,,,,,,
Drop The Lime,Butterscotch,,,,,,,
Demetri Martin,Other Jokes,,,,,,,
Spin Doctors,Little Miss Can'T Be Wrong,,,,,,,
The Veronicas,Revenge Is Sweeter (Than You Ever Were),,,,,,,
Sage Francis,Escape Artist,,,,,,,
Mastodon,Ol'E Nessie,,,,,,,
川井憲次,Main Theme,0.0,0.0,0.0,0.0,0.0,0.0,0.0
Mastodon,Call Of The Mastodon,,,,,,,
Masta Ace,Do It Man (Feat. Big Noyd),,,,,,,
Mastodon,Crack The Skye,,,,,,,
Matchbox Twenty,Rest Stop,,,,,,,
Hella,Biblical Violence,,,,,,,
Bush,40 Miles From The Sun,,,,,,,
John Mayer,83,,,,,,,
Armin Van Buuren,Never Say Never (Feat. Jacqueline Govaert),,,,,,,
De-Phazz,Better Now,,,,,,,
Matanza,O Último Bar,,,,,,,
Green Day,Maria,,,,,,,
Matanza,Todo Ódio Da Vingança De Jack Buffalo Head,,,,,,,
Matanza,Maldito Hippie Sujo,,,,,,,
Bright Eyes,Lime Tree,,,,,,,
Estelle,Wait A Minute (Just A Touch),,,,,,,
Estelle,American Boy (Soulseekerz Radio Remix),,,,,,,
Kelly Clarkson,Since You'Ve Been Gone,,,,,,,
Poe,Hey Pretty,,,,,,,
Butterfly Boucher,Life Is Short,,,,,,,
The Most Serene Republic,The Men Who Live Upstairs,,,,,,,
Poets Of The Fall,Stay,,,,,,,
R.E.M.,I Wanted To Be Wrong,,,,,,,
Katy Perry,One Of The Boys,,,,,,,
Katy Perry,I Kissed A Girl (Rock Mix),,,,,,,
Grizzly Bear,Cheerleader,,,,,,,
Live,Iris,,,,,,,
The Who,Fortune Teller,,,,,,,
Wu-Tang Clan,Get Them Out Ya Way Pa,,,,,,,
Outwork,Elektro,,,,,,,
Wu-Tang Clan,Older Gods,,,,,,,
Chicane,Don'T Give Up,,,,,,,
Chicane,Overture,,,,,,,
The Get Up Kids,Holiday,,,,,,,
Paul Van Dyk,Together We Will Conquer,,,,,,,
Blake Lewis,Break Anotha,,,,,,,
Saint Etienne,He'S On The Phone,,,,,,,
Sage Francis,Different,,,,,,,
Sade,Never As Good As The First Time,,,,,,,
Tristan Prettyman,Madly,,,,,,,
Auf Der Maur,I Need I Want I Will,,,,,,,
Diablo,Blackheart,,,,,,,
Spear Of Destiny,Never Take Me Alive,,,,,,,
Sads,Sherry,,,,,,,
Nickel Creek,Sabra Girl,,,,,,,
John Mayer,St. Patrick'S Day,,,,,,,
Ed Harcourt,This One'S For You,,,,,,,
Something Corporate,Space Partial,,,,,,,
Poison,Valley Of Lost Souls,,,,,,,
Poison,Rock And Roll All Night,,,,,,,
Poisonblack,Illusion/Delusion,,,,,,,
Nick Cave & The Bad Seeds,Sugar Sugar Sugar,,,,,,,
Polysics,My Sharona,,,,,,,
Belphegor,The Goatchrist,,,,,,,
Clinic,C.Q.,,,,,,,
Nick Cave & The Bad Seeds,Nature Boy,,,,,,,
Grizzly Bear,He Hit Me,,,,,,,
Ace Of Base,Wheel Of Fortune,,,,,,,
Esbjörn Svensson Trio,Tide Of Trepidation,,,,,,,
The Stooges,We Will Fall,,,,,,,
Martin L. Gore,In A Manner Of Speaking,,,,,,,
2Pac,California Love,,,,,,,
Logh,My Teacher'S Bed,,,,,,,
Studio B,I See Girls (Crazy) (Radio Edit),,,,,,,
植松伸夫,Beyond The Wasteland,,,,,,,
Little Dragon,No Love,,,,,,,
Yoko Ono,Walking On Thin Ice,0.8,0.4,0.6,0.4,0.6,0.6,0.4
Longview,I Would,,,,,,,
Seeed,Psychedelic Kingdom,,,,,,,
Mark Ronson,Diversion,,,,,,,
Seeed,Schwinger,,,,,,,
The Velvet Underground,One Of These Days,,,,,,,
Tom Waits,Lowside Of The Road,,,,,,,
See-Saw,Kimi Wa Boku Ni Niteiru,,,,,,,
The Music,Human,,,,,,,
Billie Holiday,I'Ll Be Seeing You,,,,,,,
Clint Mansell,Fall: Ghosts-Falling,,,,,,,
Sam Sparro,Pocket,,,,,,,
Samael,Moongate,,,,,,,
27,The Cause,,,,,,,
Marilyn Manson & The Spooky Kids,My Monkey,,,,,,,
Looptroop,21 Grams,,,,,,,
Coldcut,Timber,,,,,,,
Katatonia,Last Resort,,,,,,,
Billie Holiday,Solitude,,,,,,,
The National,Beautiful Head,,,,,,,
Cold War Kids,Something Is Not Right With Me,,,,,,,
Clint Mansell,Overture,,,,,,,
Yoshimoto,Du What U Du (Trentemøller Remix),,,,,,,
Weezer,The Greatest Man That Ever Lived (Variations On A Shaker Hymn),,,,,,,
Sloan,Live On,,,,,,,
Elliott Smith,All Cleaned Out,,,,,,,
P!Nk,Eventually,,,,,,,
Ub40,One In Ten,,,,,,,
Supergrass,When I Needed You,,,,,,,
Augustana,I Still Ain'T Over You,,,,,,,
Groove Armada,Song 4 Mutya (Out Of Control),,,,,,,
Before The Dawn,Eternal,,,,,,,
Chet Baker,The Thrill Is Gone,,,,,,,
Alicia Keys,Fallin,,,,,,,
Chet Baker,But Not For Me,,,,,,,
Sloan,Fading Into Obscurity,,,,,,,
Paul Oakenfold,Time Of Your Life,,,,,,,
Sloan,Can'T You Figure It Out?,,,,,,,
U2,Zooropa,,,,,,,
The Jimi Hendrix Experience,House Burning Down,,,,,,,
Arcana,Angel Of Sorrow,,,,,,,
Eskobar,As The World Turns,,,,,,,
Bishop Allen,The Monitor,,,,,,,
Kavinsky,Transistor,,,,,,,
Bright Eyes,Theme From Piñata,,,,,,,
Waking The Cadaver,Chased Through The Woods By A Rapist,,,,,,,
Mujuice,Reforgets,,,,,,,
The Who,Summertime Blues,,,,,,,
The Pretenders,Message Of Love,,,,,,,
Enya,Aldebaran,,,,,,,
Tactical Sekt,Devil'S Work,,,,,,,
Tactical Sekt,Damage Limitation (Limited Suffering Remix By Dj Rexx Arkana),,,,,,,
Dungen,Ta Det Lugnt,,,,,,,
Zwan,Baby Let'S Rock,,,,,,,
Tori Amos,New Age,,,,,,,
Kanye West,Skit #2,,,,,,,
The Glove,A Blues In Drag,,,,,,,
Kanye West,Young Folks,,,,,,,
Ozzy Osbourne,Gets Me Through,,,,,,,
Bad Religion,A Walk,,,,,,,
Afterhours,Voglio Una Pelle Splendida,,,,,,,
Johnny Cash,Dark As The Dungeon,,,,,,,
Johnny Cash,Busted,,,,,,,
Johnny Cash,Desperado,,,,,,,
Blur,Trailerpark,,,,,,,
Four Tet,You Could Ruin My Day,,,,,,,
Blaqk Audio,Where Would You Like Them Left?,,,,,,,
Tom Baxter,A Night Like This,,,,,,,
Blur,Slow Down,,,,,,,
Lordi,Hard Rock Hallelujah (Finland),,,,,,,
Ikara Colt,At The Lodge,,,,,,,
Marilyn Manson,Coma Black,,,,,,,
New Young Pony Club,Gotta Get Into You,,,,,,,
Entwine,Snow White Suicide,,,,,,,
Marilyn Manson,Target Audience (Narcissus Narcosis),,,,,,,
The Streets,Has It Come To This,,,,,,,
The Veils,The Leavers Dance,,,,,,,
Weird Al Yankovic,Canadian Idiot,,,,,,,
Sandi Thom,I Wish I Was A Punk Rocker (With Flowers In My Hair),,,,,,,
The Black Heart Procession,The Replacement,,,,,,,
Aphex Twin,Mt Saint Michel + Saint Michaels Mount,,,,,,,
Supergrass,Rebel In You,,,,,,,
Supergrass,Strange Ones,,,,,,,
Supergrass,Going Out,,,,,,,
Zoot Woman,Information First,,,,,,,
R.E.M.,9-9,,,,,,,
Queensrÿche,The Chase,,,,,,,
New Order,Run Wild,,,,,,,
Fear Factory,Invisible Wounds (Dark Bodies),,,,,,,
Santana,Africa Bamba,,,,,,,
Los Hermanos,O Vento,,,,,,,
Secret Machines,Faded Lines,,,,,,,
Secret Machines,Flying,,,,,,,
Sebadoh,Not A Friend,,,,,,,
Soundgarden,Searching With My Good Eye Closed,,,,,,,
Immortal,Sons Of Northern Darkness,,,,,,,
Kamelot,Nothing Ever Dies,,,,,,,
Soundhack,B1,,,,,,,
Paul Mccartney,Band On The Run,,,,,,,
Paul Mccartney,Jenny Wren,,,,,,,
Walls Of Jericho,A Trigger Full Of Promises,,,,,,,
Marillion,Incommunicado,,,,,,,
The Dears,Hate Then Love,,,,,,,
Quincy Jones,Soul Bossa Nova,,,,,,,
Duman,Aman Aman,,,,,,,
Gruff Rhys,Beacon In The Darkness,,,,,,,
Quim Barreiros,De Língua,,,,,,,
Delbo,Saldo,,,,,,,
Quim Barreiros,Os Bichos Da Fazenda,,,,,,,
Paul Oakenfold,Hold Your Hand,,,,,,,
Paul Oakenfold,Hypnotised,,,,,,,
Dave Matthews Band,Mother Father,,,,,,,
My Dying Bride,The Wreckage Of My Flesh,,,,,,,
My Dying Bride,Symphonaire Infernus Et Spera Empyrium,,,,,,,
The Presets,Bad Up Your Betterness,,,,,,,
Forgotten Boys,Cumm On,,,,,,,
Built To Spill,Temporarily Blind,,,,,,,
Talking Heads,Sax And Violins,,,,,,,
P!Nk,One Foot Wrong,,,,,,,
Islands,Kids Don'T Know Shit,,,,,,,
P!Nk,There You Go,,,,,,,
Ozzy Osbourne,Suicide Solution,,,,,,,
Catherine Wheel,I Want To Touch You,,,,,,,
Isobel Campbell & Mark Lanegan,Revolver,,,,,,,
Iliketrains,The Accident,,,,,,,
Santana,Put Your Lights On,,,,,,,
Foo Fighters,Skin And Bones,,,,,,,
Basement Jaxx,Intro (Reprise),,,,,,,
Vanilla Ninja,Dangerzone (Long Version),,,,,,,
The Black Eyed Peas,Labor Day (It'S A Holiday),,,,,,,
Forgotten Boys,You See Bad Luck,,,,,,,
Maria Taylor,Nature Song,,,,,,,
Forgotten Boys,Babylon,,,,,,,
The National,So Far Around The Bend,,,,,,,
Port O'Brien,I Woke Up Today,,,,,,,
Porcupine Tree,Radioactive Toy,,,,,,,
Clor,Gifted,,,,,,,
Porcupine Tree,Signify,0.4,0.6,0.2,0.6,0.4,0.2,0.2
Asian Dub Foundation,Fortress Europe,,,,,,,
Blur,Miss America,,,,,,,
Supergrass,Fin,,,,,,,
Vanessa Hudgens,Let'S Dance,,,,,,,
Aphex Twin,Come To Daddy (Little Lord Faulteroy Mix),,,,,,,
Aphex Twin,Hedphelym,,,,,,,
Lovage,Lifeboat,,,,,,,
Isis,Celestial (The Tower),,,,,,,
Trio Odemira,Margarida,,,,,,,
Trio Odemira,Baila Morena,,,,,,,
Trio,Da Da Da,,,,,,,
The Jesus And Mary Chain,Head,,,,,,,
Lou Reed,Goodnight Ladies,,,,,,,
Maná,Te Llevaré Al Cielo,,,,,,,
Louis Armstrong,La Vie En Rose,,,,,,,
Dictaphone,Disconnected,,,,,,,
Dire Straits,Telegraph Road,,,,,,,
Superego,Get Inside,,,,,,,
Uverworld,Ｕｎｋｎｏｗｎ　Ｏｒｃｈｅｓｔｒａ（Ａｌｂｕｍ　Ｖｅｒ．）,,,,,,,
Dead Kennedys,Moon Over Marin,,,,,,,
P. Diddy,Tell Me (Feat. Christina Aguilera),,,,,,,
Elliott Smith,Waltz No. 1,,,,,,,
The Birthday Massacre,Walking With Strangers,,,,,,,
Mariah Carey,Bringin' On The Heartbreak (Deep Influence Anthem),,,,,,,
The Black Crowes,A Conspiracy,,,,,,,
Sara Bareilles,Love On The Rocks,,,,,,,
Marco Borsato,Rood,,,,,,,
Built To Spill,The Weather,,,,,,,
Built To Spill,The Source,,,,,,,
After Forever,Equally Destructive,,,,,,,
Arctic Monkeys,Knock A Door Run,,,,,,,
After Forever,Imperfect Tenses,,,,,,,
Sarah Mclachlan,River,,,,,,,
Paavoharju,Valo Tihkuu Kaiken Läpi,,,,,,,
Alice In Chains,Over Now (Unplugged),,,,,,,
Blind Guardian,Ashes To Ashes,,,,,,,
Blind Guardian,Battle Of Sudden Flame,,,,,,,
Love Affair,Everlasting Love,,,,,,,
Flogging Molly,Cruel Mistress,,,,,,,
Blues Traveler,The Mountains Win Again,,,,,,,
Suede,She'S In Fashion,,,,,,,
Mansun,Inverse Midas,,,,,,,
Slayer,The Final Command,,,,,,,
Tori Amos,Smokey Joe,,,,,,,
Iron Maiden,The Thin Line Between Love And Hate,,,,,,,
Bertine Zetlitz,Getting Out,,,,,,,
Love,The Good Humor Man He Sees Everything Like This,,,,,,,
Manu Chao,Mentira,,,,,,,
石井妥師,The World Without Logos,,,,,,,
Daft Punk,Crescendolls (Laidback Luke Remix),,,,,,,
Myslovitz,Sound Of Solitude,,,,,,,
Queen,Tear It Up,,,,,,,
Behemoth,Rome 64 C.E.,,,,,,,
Deftones,Rivière,,,,,,,
Soulwax,I Love Techno,,,,,,,
My Morning Jacket,Look At You,,,,,,,
Britney Spears,She'Ll Never Be Me,,,,,,,
The Postal Service,The District Sleeps Alone Tonight (Dj Downfall Persistent Beat Mix),,,,,,,
The Jesus And Mary Chain,Hit,,,,,,,
Iron Maiden,Twilight Zone,,,,,,,
Iliketrains,The Voice Of Reason,,,,,,,
Enya,Tempus Vernum,,,,,,,
Johnny Cash,Rose Of My Heart,,,,,,,
Epica,The Obsessive Devotion,,,,,,,
Soulwax,Another Excuse,,,,,,,
Iliketrains,We Go Hunting,,,,,,,
Gym Class Heroes,Cookie Jar,,,,,,,
Gym Class Heroes,6Th Period: Viva La White Girl,,,,,,,
Adolescents,Amoeba,,,,,,,
Gym Class Heroes,Cupid'S Chokehold (Feat. Patrick Stump),,,,,,,
Quasi,The Curse Of Having It All,,,,,,,
Pure Reason Revolution,The Bright Ambassadors Of Morning,,,,,,,
Mötley Crüe,Dancing On Glass,,,,,,,
Beirut,Napoleon On The Bellerophon,,,,,,,
Amerie,Crazy Wonderful,,,,,,,
Hawkwind,Lost Johnny,,,,,,,
Hauschka,Rode Null,,,,,,,
Deerhoof,Come See The Duck,,,,,,,
Belle And Sebastian,The Loneliness Of A Middle Distance Runner,,,,,,,
Mötley Crüe,Nona,,,,,,,
Mötley Crüe,Merry-Go-Round,,,,,,,
Quasimoto,Bad Character,,,,,,,
Adeste Fideles (O Come All Ye Faithfull),Bing Crosby,,,,,,,
Billie The Vision & The Dancers,Nobel Square,,,,,,,
Built To Spill,Sidewalk,,,,,,,
Built To Spill,Randy Described Eternity,,,,,,,
Johnny Foreigner,Eyes Wide Terrified,,,,,,,
New Found Glory,All Downhill From Here,,,,,,,
New Found Glory,Sonny,,,,,,,
Hawkwind,Goat Willow,,,,,,,
Queen,It'S A Beautiful Day,,,,,,,
The Decemberists,The Hazards Of Love 1 (The Prettiest Whistles Won'T Wrestle The Thistles Undone),,,,,,,
Suede,The Power,,,,,,,
Gusgus,Why?,,,,,,,
Amy Diamond,It Can Only Get Better,,,,,,,
Guster,Dear Valentine,,,,,,,
Guster,The New Underground,,,,,,,
Juvelen,Watch Your Step (Revlon Remix),,,,,,,
Armin Van Buuren,Shivers,,,,,,,
Hatebreed,Doomsayer,,,,,,,
Silvio Rodríguez,Ojalá,,,,,,,
Johnossi,There'S A Lot Of Things To Do Before You Die,,,,,,,
Silvio Rodríguez,Te Amaré,,,,,,,
Jojo,Leave (Get Out),,,,,,,
Sigur Rós,Hvalir Í Útrýmingarhættu,,,,,,,
Tom Petty,You Wreck Me,,,,,,,
Neu!,Hero,,,,,,,
Sash!,Adelante,,,,,,,
Daft Punk,Human After All (Sebastian Remix),,,,,,,
Sash!,Ecuador,,,,,,,
Flowers From The Man Who Shot Your Cousin,Lay Down Your Arms,,,,,,,
Tori Amos,Smells Like Teen Spirit,,,,,,,
Cave In,Anchor,,,,,,,
Iron Maiden,Gates Of Tomorrow,,,,,,,
Super Furry Animals,It'S Not The End Of The World?,,,,,,,
Two-Mix,White Reflection,,,,,,,
Dido,Northern Skies,,,,,,,
Blues Traveler,Crash Burn,,,,,,,
Mansun,Anti Everything,,,,,,,
Mano Negra,Mano Negra,,,,,,,
Low,Everybody'S Song,,,,,,,
Satyricon,A New Enemy,,,,,,,
The Wrens,Ex-Girl Collection,,,,,,,
Justin Timberlake,(Oh No) What You Got,,,,,,,
Puscifer,Trekka,,,,,,,
Gza/Genius,Gold,,,,,,,
Puscifer,Sour Grapes,,,,,,,
Echo Image,Like A Child,,,,,,,
Sonata Arctica,Paid In Full,,,,,,,
Sonata Arctica,The Power Of One,0.8,0.8,0.2,0.6,0.4,0.4,0.6
Sigue Sigue Sputnik,Love Missile F1-11,,,,,,,
The Police,Darkness,,,,,,,
Soulfly,Back To The Primitive,,,,,,,
E Nomine,Mitternacht,,,,,,,
E Nomine,Das Omen Im Kreis Des Bösen,,,,,,,
The Departure,Be My Enemy,,,,,,,
Cocteau Twins,The Thinner The Air,,,,,,,
Billy Talent,Cut The Curtains,,,,,,,
Manic Street Preachers,Glasnost,,,,,,,
13 & God,Afterclap,,,,,,,
Manic Street Preachers,1985,,,,,,,
Saul Williams,Break,,,,,,,
Fleetwood Mac,I Don'T Want To Know,,,,,,,
Tricky,The Love Cats,,,,,,,
Blind Guardian,The Script For My Requiem,,,,,,,
Arovane,Passage To Nagoya,,,,,,,
Arovane,Lilies,,,,,,,
Arovane,Tokyo Ghost Stories,,,,,,,
The Unicorns,The Unicorns: 2014 (Demo Version),,,,,,,
Manic Street Preachers,Sleepflower,,,,,,,
Blue Öyster Cult,This Ain'T The Summer Of Love,,,,,,,
Manic Street Preachers,Enola/Alone,,,,,,,
Saul Williams,Niggytardust,,,,,,,
Sigur Rós,Njósnavélin,,,,,,,
Bel Canto,Agassiz,,,,,,,
N.E.R.D.,Sooner Or Later,,,,,,,
Inxs,Mediate,,,,,,,
Sophie Milman,My Heart Belongs To Daddy,,,,,,,
Inxs,Disappear,,,,,,,
Tori Amos,Wampum Prayer,,,,,,,
Sleeping At Last,Careful Hands,,,,,,,
Chemistry,Still In My Heart,,,,,,,
Bertoli & Mannoia,Pescatore,,,,,,,
Pale Saints,Ordeal,,,,,,,
Wir Sind Helden,Die Zeit Heilt Alle Wunder,,,,,,,
Cave In,Requiem,,,,,,,
Arovane,Windy Wish Trees,,,,,,,
Judith Holofernes,Außer Dir,,,,,,,
Judas Priest,The Ripper,,,,,,,
Feel,W Ciemną Noc,,,,,,,
Saves The Day,Where Are You,,,,,,,
Feist,Gatekeeper (One Room One Hour Mix),,,,,,,
Aphex Twin,Beetles,,,,,,,
Saves The Day,All I'M Losing Is Me,,,,,,,
1200 Micrograms,Renaissance Superman,,,,,,,
Mœnia,Sufre Conmigo,,,,,,,
Sebadoh,Dreams,,,,,,,
N.E.R.D.,You Know What,,,,,,,
Mando Diao,Lauren'S Cathedral,,,,,,,
Cocteau Twins,Beatrix,,,,,,,
The Platters,The Great Pretender,,,,,,,
Hall & Oates,Private Eyes,,,,,,,
Dire Straits,Love Over Gold (Live),,,,,,,
Avantasia,Farewell,,,,,,,
Dido,Grafton Street,,,,,,,
Billy Talent,Living In The Shadows,,,,,,,
Amorphis,Weeper On The Shore,,,,,,,
Bel Canto,Kloeberdanz,,,,,,,
The Pogues,Boys From The County Hell,,,,,,,
Hakimakli,Dilly Dally,,,,,,,
Hadouken!,Liquid Lives (H! Re-Rub),,,,,,,
Hail Social,Heaven (Stabwounds Remix),,,,,,,
Eric Clapton,One Day,,,,,,,
N.W.A,I Ain'T Tha 1,,,,,,,
Judy Torres,Faithfully (Valentin'S Dance Edit),,,,,,,
The Academy Is...,Lax To O'Hare,,,,,,,
Arch Enemy,Instinct,,,,,,,
The Young Knives,Weekends And Bleak Days,,,,,,,
Natalia Barbu,Over,,,,,,,
Judas Priest,Worth Fighting For,,,,,,,
Judas Priest,Steeler,,,,,,,
Ween,Piss Up A Rope,,,,,,,
The 69 Eyes,Only Fools Don'T Fall Once More,,,,,,,
Primal Scream,The 99Th Floor,,,,,,,
The 69 Eyes,Tang,,,,,,,
Toots & The Maytals,Monkey Man,,,,,,,
The 69 Eyes,Voodoo Queen,,,,,,,
Equilibrium,Heimdalls Ruf,,,,,,,
Nas,Hip Hop Is Dead,,,,,,,
Silver Jews,Federal Dust,,,,,,,
Julie Christmas,The Platters,,,,,,,
Theatre Of Tragedy,Aoede,,,,,,,
Afi,The Last Kiss,,,,,,,
Belle And Sebastian,Fuck This Shit,,,,,,,
Primal Scream,Keep Your Dreams,,,,,,,
Primal Scream,Mbv Arkestra (If They Move Kill 'Em),,,,,,,
Nemesis,Number One In Heaven,,,,,,,
Halou,Morsecode,,,,,,,
Hallucinogen,Horrorgram,0.0,0.0,0.0,0.0,0.0,0.0,0.0
Nas,N.Y. State Of Mind,,,,,,,
Psapp,Tricycle,,,,,,,
Hall & Oates,She'S Gone,,,,,,,
Hallucinogen,Dark Magus,,,,,,,
The Notorious B.I.G.,Ten Crack Commandments,,,,,,,
Hard-Fi,Help Me Please,,,,,,,
Hallucinogen,Snarling (Remix),,,,,,,
Billy Bragg & Wilco,Ingrid Bergman,,,,,,,
Nellie Mckay,The Big One,,,,,,,
Aerosmith,Girls Of Summer,,,,,,,
Hammerfall,Remember Yesterday,,,,,,,
The Tea Party,Temptation,,,,,,,
Blue Man Group,Piano Smasher,,,,,,,
Aerosmith,Deuces Are Wild,,,,,,,
Blue Man Group,Pvc Iv,,,,,,,
Saves The Day,The End,,,,,,,
Blind Melon,Tones Of Home,,,,,,,
The Jam,Away From The Numbers,,,,,,,
The Besnard Lakes,Disaster,,,,,,,
Blu Cantrell,Risk It All,,,,,,,
Panic At The Disco,Pas De Cheval,,,,,,,
Blind Melon,I Wonder,,,,,,,
Lucybell,Divina Guía,,,,,,,
Blue Foundation,Embers,,,,,,,
Blind Guardian,Traveler In Time,,,,,,,
Blue Man Group,Above,,,,,,,
Man Man,Engwish Bwudd,,,,,,,
Architecture In Helsinki,The Cemetary,,,,,,,
Nelly Furtado,Build You Up,,,,,,,
Jona Lewie,Stop The Cavalry,,,,,,,
Primus,Tommy The Cat,,,,,,,
Charta 77,Mitt Kors,,,,,,,
Celebration,Evergreen,,,,,,,
Thom Yorke,Skip Divided (Modeselektor Remix),,,,,,,
Townes Van Zandt,Waiting Around To Die,,,,,,,
The Zombies,Hung Up On A Dream,,,,,,,
Billy Joel,Movin' Out (Anthony'S Song),,,,,,,
Promoe,Long Distance Runner,,,,,,,
Promoe,These Walls Don'T Lie,,,,,,,
Bruce Springsteen,You'Ll Be Comin' Down,,,,,,,
Aromabar,Winter Pagent,,,,,,,
Teitur,Josephine,,,,,,,
The Grates,Rock Boys,,,,,,,
Panic! At The Disco,Boys Will Be Boys,,,,,,,
Panic At The Disco,Do You Know What I'M Seeing?,,,,,,,
The Hush Sound,Where We Went Wrong,,,,,,,
Charon,Sister Misery,,,,,,,
Finntroll,Rök,,,,,,,
Finntroll,Vindfärd / Människopesten,,,,,,,
Finntroll,Ur Djupet,,,,,,,
Damian Marley,There For You,,,,,,,
10Cc,Rubber Bullets,0.6,0.8,0.4,0.8,0.2,0.4,1.0
Elvis Costello,Accidents Will Happen,,,,,,,
Elvis Costello,(I Don'T Want To Go To) Chelsea,,,,,,,
The Zombies,Beechwood Park,,,,,,,
Scars On Broadway,Funny,,,,,,,
Coconut Records,Nighttiming,,,,,,,
Bruce Springsteen,Ramrod,,,,,,,
Hank Williams Iii,If The Shoe Fits,,,,,,,
Dir En Grey,Embryo,,,,,,,
Dir En Grey,Itoshisa Ha Fuhai Nitsuki,,,,,,,
The Tears,Refugees,,,,,,,
Finntroll,Nedgång,,,,,,,
Sufjan Stevens,Silent Night,,,,,,,
Tricky,Christiansands,,,,,,,
Dio,The Last In Line,,,,,,,
Autechre,Tankakern,,,,,,,
Van Halen,Everybody Wants Some!!,,,,,,,
Sufjan Stevens,The Pick-Up,,,,,,,
Antony And The Johnsons,Mysteries Of Love,,,,,,,
The Thermals,Test Pattern,,,,,,,
Seal,Love'S Divine,,,,,,,
Autechre,Clipper,,,,,,,
Dir En Grey,Obscure,,,,,,,
Trentemøller,Like Two Strangers,,,,,,,
Dir En Grey,Grief,,,,,,,
Beth Orton,Shopping Trolley,,,,,,,
The Honorary Title,Stuck At Sea,,,,,,,
The Honorary Title,Petals,,,,,,,
Malajube,Montréal -40°C,,,,,,,
Luna,Chinatown,,,,,,,
Luis Bacalov,Summertime Killer,,,,,,,
Bloodhound Gang,Mama'S Boy,,,,,,,
Aphex Twin,Actium,,,,,,,
Scissor Sisters,Get It Get It,,,,,,,
Bloodbath,Trail Of Insects,0.2,1.0,0.0,0.2,1.0,0.2,0.0
Fejd,Huldran,,,,,,,
Babasónicos,Putita,,,,,,,
The Dillinger Escape Plan,43% Burnt,,,,,,,
The Devin Townsend Band,Let It Roll,,,,,,,
Aesthetic Perfection,Coward,,,,,,,
Ebba Grön,Die Mauer,,,,,,,
Alice Cooper,Hell Is Living Without You,,,,,,,
Elvis Presley,(Marie'S The Name) His Latest Flame,,,,,,,
Thomas Newman,Mr. Smarty-Man,,,,,,,
Fictionjunction Yuuka,Silly-Go-Round,,,,,,,
Dimmu Borgir,Sympozium,,,,,,,
Infected Mushroom,Blink,,,,,,,
M-Flo,Starstruck`The Return Of The Luvbytes,,,,,,,
Within Temptation,Blooded,,,,,,,
The Tough Alliance,Something Special,,,,,,,
Suicide,Keep Your Dreams,,,,,,,
Fergie,Velvet,,,,,,,
The Divine Comedy,The Light Of Day,,,,,,,
Hanne Hukkelberg,Conversion,,,,,,,
Hanoi Rocks,Mental Beat,,,,,,,
Field Mob,Smilin (Feat. Ludacris),,,,,,,
Blonde Redhead,Melody Of Certain Three,,,,,,,
Indochine,7000 Danses,,,,,,,
Telefon Tel Aviv,When It Happens It Moves All By Itself,,,,,,,
M-Flo,Prism,,,,,,,
The Divine Comedy,Becoming More Like Alfie,,,,,,,
Billy Corgan,The Cameraeye,,,,,,,
Billy Corgan,Walking Shade,,,,,,,
Hank Williams Iii,On My Own,,,,,,,
Amon Tobin,Bitter & Twisted,,,,,,,
Cloud Cult,When Water Comes To Life,,,,,,,
Aesop Rock,Gun For The Whole Family,,,,,,,
The Honorary Title,Cats In Heat,,,,,,,
The Hellacopters,On The Line,,,,,,,
The Divine Comedy,Songs Of Love,,,,,,,
Josh Kelley,Almost Honest,,,,,,,
Hank Williams Iii,Wild & Free,,,,,,,
Clutch,Small Upsetters,,,,,,,
The Distillers,Seneca Falls,,,,,,,
Sonic Youth,Hits Of Sunshine (For Allen Ginsberg),,,,,,,
The Distillers,The Young Crazed Peeling,,,,,,,
Bonobo,Scuba (Amon Tobin Remix),,,,,,,
Стефан Вълдобрев,Фойерверк,,,,,,,
Black Mountain,Modern Music,,,,,,,
Kyuss,Gloria Lewis,,,,,,,
Milosh,You Make Me Feel,,,,,,,
Rilo Kiley,The Frug,,,,,,,
Rinaldi Sings,On A Magic Carpet Ride,,,,,,,
Infected Mushroom,Illuminaughty,,,,,,,
Kylie Minogue,Give It To Me,,,,,,,
Paramore,Circle,,,,,,,
M. Ward,You Still Believe In Me,,,,,,,
Sleater-Kinney,Turn It On,,,,,,,
Ulrich Schnauss,Suddenly The Trees Are Giving Way,,,,,,,
Mad'House,Like A Prayer,,,,,,,
高梨康治/刃-Yaiba-,電光石火,,,,,,,
Machinae Supremacy,Machinae Prime,,,,,,,
Blockhead,Serenade,,,,,,,
The Offspring,Living In Chaos,,,,,,,
高橋瞳,僕たちの行方,,,,,,,
Dimmu Borgir,Tormentor Of Christian Souls,,,,,,,
M. Ward,Fool Says,,,,,,,
Infected Mushroom,Psycho,,,,,,,
Screaming Trees,Nearly Lost You,,,,,,,
Sugababes,I Bet You Look Good On The Dancefloor,,,,,,,
Autechre,Simmm,,,,,,,
Dinosaur Jr.,Out There,,,,,,,
Mae,Giving It Away,,,,,,,
Madvillain,Strange Ways,,,,,,,
豊口めぐみ,Please,,,,,,,
Mae,Skyline Drive,,,,,,,
...And You Will Know Us By The Trail Of Dead,And The Rest Will Follow,,,,,,,
Sugarcult,Bouncing Off The Walls,,,,,,,
Scott Walker,If You Go Away,,,,,,,
Madonna,Die Another Day (Radio Edit),,,,,,,
Suicide,Che,,,,,,,
Dan Deacon,Pink Batman,,,,,,,
Fennesz & Sakamoto,Cendre,,,,,,,
Fennesz & Sakamoto,Haru,,,,,,,
Fennesz & Sakamoto,Kuni,,,,,,,
Madeleine Peyroux,La Vie En Rose,,,,,,,
Madeleine Peyroux,Careless Love,,,,,,,
Alexisonfire,Pulmonary Archery,,,,,,,
Sunn O))),Cursed Realms (Of The Winterdemons),,,,,,,
Ulrich Schnauss,Nobody'S Home,,,,,,,
Sunn O))),Orthodox Caveman,,,,,,,
Dead Can Dance,I Am Stretched On Your Grave,,,,,,,
Alexisonfire,That Girl Possessed,,,,,,,
Dead Can Dance,Nierika,,,,,,,
Infected Mushroom,The Gathering,,,,,,,
Mae,Someone Else'S Arms,,,,,,,
Dinosaur Jr.,I Got Lost,,,,,,,
Madvillain,Figaro,,,,,,,
Dinosaur Jr.,Tarpit,,,,,,,
Luz Divina,Sorry (Radio Edit),,,,,,,
Sunfreakz Feat. Andrea Britton,Counting Down The Days (Axwell Remix),,,,,,,
...And You Will Know Us By The Trail Of Dead,Segue: In The Realms Of The Unreal,,,,,,,
...And You Will Know Us By The Trail Of Dead,Summer 91,,,,,,,
Lyfe Jennings,Let'S Stay Together,,,,,,,
鈴村健一,Moving,,,,,,,
Scooter,Posse,,,,,,,
Field Music,If Only The Moon Were Up,,,,,,,
Tom Waits,Diamonds On My Windshield,,,,,,,
Antti Tuisku,Ensimmäinen Kerta,,,,,,,
Field Music,It'S Not The Only Way To Feel Happy,,,,,,,
鈴村健一,Sexy Boy,,,,,,,
Bestial War,Satã Chama Você,,,,,,,
Incubus,Hilikus,,,,,,,
Wire,Single K.O.,,,,,,,
The Haunted,Nothing Right,0.6,0.8,0.0,0.2,1.0,0.2,0.4
The Twilight Singers,The Killer,,,,,,,
Blondie,Die Young Stay Pretty,,,,,,,
The Hold Steady,Your Little Hoodrat Friend,,,,,,,
In Flames,Stand Ablaze,,,,,,,
Within Temptation,The Other Half (Of Me),,,,,,,
Sunny Day Real Estate,Seven,,,,,,,
Maia Hirasawa,And I Found This Boy,,,,,,,
Mai Yamane With Seatbelts,The Real Folk Blues,,,,,,,
Chairlift,Planet Health,,,,,,,
The Hood Internet,Girls Just Wanna Fix Up (Dizzee Rascal Vs. Cyndi Lauper),,,,,,,
The Hellacopters,Carry Me Home,,,,,,,
Hank Williams Iii,Six Pack Of Beer,,,,,,,
Pat Benatar,Here'S My Heart,,,,,,,
Neko Case,The Tigers Have Spoken,,,,,,,
Nathan Fake,Superpositions,,,,,,,
The Devin Townsend Band,Babysong,,,,,,,
The Dillinger Escape Plan,Sunshine The Werewolf,,,,,,,
Belinda,Ni Freud Ni Tu Mamá,,,,,,,
Hank Williams,Lost Highway,,,,,,,
Billy Joel,The Stranger,,,,,,,
Neko Case And Her Boyfriends,Set Out Running,,,,,,,
Deerhoof,Wrong Time Capsule,,,,,,,
Billy Corgan,Dia,,,,,,,
Prince,When You Were Mine,,,,,,,
Deerhoof,Rrrrrrright,,,,,,,
Neko Case,Soulful Shade Of Blue,,,,,,,
Youth Group,Someone Else'S Dream,,,,,,,
Aesthetic Perfection,Schadenfreude,,,,,,,
Hank Williams Iii,87 Southbound,,,,,,,
Bt,Remember,,,,,,,
Josh Ritter,Thin Blue Flame,,,,,,,
Buck-Tick,Long Distance Call,,,,,,,
Bubba Sparxxx,Deliverance,,,,,,,
Jordan & Baker,Explode,,,,,,,
Neko Case,I'M An Animal,,,,,,,
Billy Bragg & Wilco,She Came Along To Me,,,,,,,
Joss Stone,Jet Lag,,,,,,,
Silverchair,Dearest Helpless,,,,,,,
Eri Nobuchika,I Hear The Music In My Soul (Album Mix),,,,,,,
Silverchair,The Greatest View,,,,,,,
Amon Tobin,Mighty Micro People,,,,,,,
Underworld,Moaner,,,,,,,
Silverchair,Black Tangled Heart,,,,,,,
Silverchair,Tuna In The Brine,,,,,,,
Judas Priest,Rock Forever,,,,,,,
Bruce Springsteen,Born To Run (Acoustic),,,,,,,
Judas Priest,Devil'S Child,,,,,,,
Bruce Springsteen,Gypsy Biker,,,,,,,
The Academy Is...,Pour Yourself A Drink (Basement Demo),,,,,,,
Sigur Rós,Ti Ki,0.6,0.8,0.8,1.0,0.0,0.2,0.4
Sigur Rós,[Álafoss],,,,,,,
Erik Mongrain,Fates,,,,,,,
Afi,A Winter'S Tale,,,,,,,
Nelly Furtado,All Good Things,,,,,,,
Buffalo Tom,I'M Allowed,,,,,,,
Primus,Wynona'S Big Brown Beaver,,,,,,,
Erasure,Take A Chance On Me,,,,,,,
Erasure,Sunday Girl,,,,,,,
Natalie Portman'S Shaved Head,Beard Lust,,,,,,,
David Bowie,Because You'Re Young,,,,,,,
Billy Mack,Christmas Is All Around,,,,,,,
Joy Division,Sister Ray,,,,,,,
Aesthetic Perfection,The Great Depression,,,,,,,
Bruce Springsteen,Johnny 99,,,,,,,
Youth Group,Baby Body,,,,,,,
Afi,...But Home Is Nowhere (Demo),,,,,,,
Sonic Youth,Secret Girl,,,,,,,
Eagles Of Death Metal,Stacks O' Money,,,,,,,
Talib Kweli,Shock Body,,,,,,,
Eagles Of Death Metal,The Ballad Of Queen Bee And Baby Duck,,,,,,,
N.W.A,If It Ain'T Ruff,0.4,0.6,0.2,0.6,0.4,0.4,0.0
Bruce Springsteen,Long Time Comin',,,,,,,
Assemblage 23,Infinite,,,,,,,
Natasha St-Pier,Tu Trouveras,,,,,,,
Halou,Separation,,,,,,,
Juanes,Fotografía,,,,,,,
Psapp,Chapter,,,,,,,
Halou,Alaska,,,,,,,
Psapp,Needle And Thread,,,,,,,
N.W.A,Gangsta Gangsta,,,,,,,
Brother Ali,Take Me Home,,,,,,,
Nada Surf,Blizzard Of '77,,,,,,,
Jon Brion,Knock Yourself Out,,,,,,,
Neon Neon,Steel Your Girl,,,,,,,
Neon Neon,Dream Cars,,,,,,,
Neurosis,Burn,,,,,,,
Nada Surf,Treading Water,,,,,,,
Nas,Still Dreaming,,,,,,,
Hallucinogen,Trancespotter,,,,,,,
Simon & Garfunkel,April Come She Will,,,,,,,
Zebrahead,Falling Apart,,,,,,,
Archive,Numb,,,,,,,
Simon & Garfunkel,Old Friends,,,,,,,
David Bowie,I'M Deranged (Edit),,,,,,,
Primal Scream,Sometimes I Feel So Lonely,,,,,,,
Primal Scream,Suicide Bomb,,,,,,,
Belanova,Baila Mi Corazon,,,,,,,
Theatre Of Tragedy,Automatic Lover,,,,,,,
The Nightwatchman,Let Freedom Ring,,,,,,,
Cocteau Twins,Cico Buff,,,,,,,
E.S. Posthumus,Ebla,,,,,,,
Sonic Youth,The Burning Spear,,,,,,,
E.S. Posthumus,Pompeii,,,,,,,
Assemblage 23,Document,,,,,,,
Assemblage 23,Complacent,,,,,,,
Erasure,Breath Of Life,,,,,,,
Adema,Giving In,,,,,,,
The Wrens,Thirteen Grand,,,,,,,
Pulp,The Night That Minnie Timperley Died,,,,,,,
Gåte,Fredlysning,,,,,,,
Pulp,Sorted For E'S And Whizz,,,,,,,
The Decemberists,Won'T Want For Love (Margaret In The Taiga),,,,,,,
Gym Class Heroes,New Friend Request,,,,,,,
Pulp,Tv Movie,,,,,,,
Qed,Islands (Valentin Radio Mix),,,,,,,
The Adicts,Love Sucks,,,,,,,
Neu!,Super 16,,,,,,,
Pretty Girls Make Graves,The Teeth Collector,,,,,,,
Primal Scream,I Love To Hurt (You Love To Be Hurt),,,,,,,
Belle And Sebastian,Take Your Carriage Clock And Shove It,,,,,,,
Pretty Girls Make Graves,Mr. Club,,,,,,,
Sonata Arctica,Wildfire,,,,,,,
Juno Reactor,Hotaka,,,,,,,
Juno Reactor,God Is God,,,,,,,
Juno Reactor,Feel The Universe,,,,,,,
Erlend Øye,The Talk (Feat. Björn Torske),,,,,,,
Sigur Rós,E-Bow,,,,,,,
Public Enemy,Terminator X To The Edge Of Panic,,,,,,,
Public Enemy,Mind Terrorist,,,,,,,
Erlend Øye,Prego Amore (Feat. Jolly Music),,,,,,,
Sigur Rós,Njosnavelin (Nothing Song),,,,,,,
Hadouken!,Tuning In,,,,,,,
Pull Tiger Tail,Animator,,,,,,,
Public Image Ltd.,Seattle,,,,,,,
Code 64,Guardian,,,,,,,
Mägo De Oz,El Templo Del Adiós,,,,,,,
Billy Talent,Prisoners Of Today,,,,,,,
Cocteau Twins,Treasure Hiding,,,,,,,
Biosphere,The Things I Tell You,,,,,,,
Broken Social Scene,Da Da Da Da,,,,,,,
Mägo De Oz,Maritormes,,,,,,,
Amy Winehouse,Cupid (Deluxe Version),,,,,,,
The Postal Service,Grow Old With Me,,,,,,,
Coheed And Cambria,The Reaping,,,,,,,
Queen,Spread Your Wings,,,,,,,
Billie The Vision & The Dancers,One More Full Length Record,,,,,,,
Soundgarden,Half,,,,,,,
Mägo De Oz,Judas,,,,,,,
Mägo De Oz,La Leyenda De La Mancha,,,,,,,
Quasimoto,Goodmorning Sunshine,,,,,,,
Quasimoto,Welcome To Violence,,,,,,,
Gustavo Cerati,Caravana,,,,,,,
Mägo De Oz,Domingo De Gramos,,,,,,,
Hawthorne Heights,Language Lessons,,,,,,,
Hawthorne Heights,Dissolve And Decay,,,,,,,
Prefuse 73,Bad Memory Interlude One,,,,,,,
Nevermore,Seed Awakening,,,,,,,
Young Marble Giants,Eating Noddemix,,,,,,,
Prefuse 73,Dubs That Don'T Match,,,,,,,
Haujobb,Penetration (Fuck The Floor),,,,,,,
Nevermore,The Psalm Of Lydia,,,,,,,
Mötley Crüe,Bitter Pill,,,,,,,
Justice,D.A.N.C.E (Extended),,,,,,,
Sondre Lerche,To Be Surprised,0.8,0.6,0.4,0.8,0.2,0.4,0.4
Mötley Crüe,Knock 'Em Dead Kid,,,,,,,
Echo & The Bunnymen,Over The Wall,,,,,,,
Sondre Lerche,Stupid Memory,,,,,,,
Postgirobygget,En Solskinnsdag,,,,,,,
Arcana,Our God Weeps,,,,,,,
Portishead,Revenge Of The Number,,,,,,,
Dave Matthews Band,Say Goodbye,,,,,,,
Kaki King,So Much For So Little,,,,,,,
Bullet For My Valentine,Her Voice Resides,,,,,,,
My Morning Jacket,At Dawn,,,,,,,
Sonata Arctica,Die With Your Boots On,,,,,,,
Two-Mix,Rhythm Emotion,,,,,,,
Kamelot,Interlude I: Dei Gratia,,,,,,,
After Forever,My Pledge Of Allegiance #1: The Sealed Fate,,,,,,,
Talking Heads,Swamp,,,,,,,
Talking Heads,Happy Day,,,,,,,
Kamelot,Interlude I: Opiate Soul,,,,,,,
Kamelot,Interlude Ii: Un Assassinio Molto Silenzioso,,,,,,,
Erykah Badu,Didn'T Cha Know,,,,,,,
Erykah Badu,Master Teacher,,,,,,,
Erykah Badu,No Love,,,,,,,
Underoath,Moving For The Sake Of Motion,,,,,,,
Enya,On My Way Home,,,,,,,
Johnny Cash,Memories Are Made Of This,,,,,,,
Underoath,Casting Such A Thin Shadow,,,,,,,
Johnny Cash,Rowboat,,,,,,,
New Order,Chosen Time,,,,,,,
After Forever,Forever,,,,,,,
Queen,Sweet Lady,,,,,,,
Guns N' Roses,I Used To Love Her,,,,,,,
The Pop Group,She Is Beyond Good And Evil,,,,,,,
Kaiser Chiefs,Another Number,,,,,,,
Soulwax,Dance 2 Slow,,,,,,,
Deine Lakaien,Love Me To The End,,,,,,,
New Found Glory,On My Mind,,,,,,,
Portishead,Lot More,,,,,,,
Kamelot,Nights Of Arabia,,,,,,,
The Dears,There Goes My Outfit,0.6,0.6,0.4,0.8,0.2,0.4,0.6
Kamelot,Moonlight,,,,,,,
Gruff Rhys,Candylion,,,,,,,
Britney Spears,Brave New Girl,,,,,,,
Quim Barreiros,Eco Na Voz,,,,,,,
Duke Special,Freewheel,,,,,,,
Queensrÿche,One Foot In Hell,,,,,,,
Spacemen 3,Call The Doctor,,,,,,,
Duran Duran,Friends Of Mine,,,,,,,
Take That,Relight My Fire,,,,,,,
Soundgarden,Somewhere,,,,,,,
Take That,The Garden,,,,,,,
My Dying Bride,Under Your Wings And Into Your Arms,,,,,,,
My Dying Bride,Your River,,,,,,,
Afterhours,Strategie,,,,,,,
Guided By Voices,My Kind Of Soldier,,,,,,,
Head Automatica,Lying Through Your Teeth,0.6,0.8,0.2,0.6,0.6,0.4,0.6
Britney Spears,Overprotected (The Darkchild Remix),,,,,,,
Queensrÿche,Hostage,,,,,,,
Queensrÿche,The Hands,,,,,,,
Queensrÿche,Re-Arrange You,,,,,,,
Colbie Caillat,Tailor Made,,,,,,,
Deepest Blue,Is It A Sin,,,,,,,
Head Automatica,Scandalous,,,,,,,
My Dying Bride,Black God,,,,,,,
Health,Crimewave,,,,,,,
Clor,Garden Of Love,,,,,,,
New Order,Love Less,,,,,,,
Porn Sword Tobacco,Tools For Trains,,,,,,,
British Sea Power,Blackout,,,,,,,
Tim Deluxe,It Just Won'T Do,,,,,,,
The Prodigy,No Man Army,,,,,,,
Katie Melua,Blame It On The Moon,,,,,,,
Tv On The Radio,Dirty Whirlwind,,,,,,,
The Aggrovators,Rock My Boat Dub,,,,,,,
Esg,My Love For You,,,,,,,
The Prodigy,Ruff In The Jungle Bizness,,,,,,,
Escape The Fate,There'S No Sympathy For The Dead,,,,,,,
Sparta,Air,,,,,,,
Deltron 3030,Memory Loss,,,,,,,
T.M.Revolution,Invoke-インヴォーク-(Tv Size),,,,,,,
Coldcut,Mr Nichols,,,,,,,
Groove Armada,Drifted,,,,,,,
Clipse,We Got It For Cheap (Intro),,,,,,,
Groove Theory,Hey U,,,,,,,
The 69 Eyes,In My Name,,,,,,,
Groove Armada,Save My Soul,,,,,,,
The 69 Eyes,Grey,,,,,,,
Johnette Napolitano & Danny Lohner,The Scientist,,,,,,,
John Williams,Duel Of The Fates,,,,,,,
Burial,Spaceape (Feat. Spaceape),,,,,,,
Nick Cave & The Bad Seeds,Brompton Oratory,,,,,,,
Nick Cave & The Bad Seeds,Avalanche,,,,,,,
Tada Hirano,Motteke! Sailor Fuku,,,,,,,
Kaoma,Lambada,,,,,,,
My Brightest Diamond,From The Top Of The World,,,,,,,
Karen Ramirez,Looking For Love,,,,,,,
Musetta,Dark Star,,,,,,,
My Bloody Valentine,The Things I Miss,,,,,,,
Billie Holiday,The Very Thought Of You,,,,,,,
Arcturus,The Throne Of Tragedy,,,,,,,
Keane,Wolf At The Door,,,,,,,
Ms. Dynamite,Dy-Na-Mi-Tee,,,,,,,
R.E.M.,Let Me In,,,,,,,
Anastacia,Pieces Of A Dream,,,,,,,
R.E.M.,I'M Gonna Dj,,,,,,,
Accept,Fast As A Shark,,,,,,,
Katy Perry,Self Inflicted,,,,,,,
The Dead 60S,Loaded Gun,,,,,,,
Weird Al Yankovic,Pancreas,,,,,,,
Arcturus,Ad Absurdum,,,,,,,
Billie Holiday,Lover Man,,,,,,,
Against Me!,8 Full Hours Of Sleep,,,,,,,
British Sea Power,A Lovely Day Tomorrow,,,,,,,
Nick Cave & The Bad Seeds,West Country Girl,,,,,,,
Nick Cave & The Bad Seeds,There Is A Kingdom,,,,,,,
Tierra Santa,El Caballo De Troya,,,,,,,
Mr. Bungle,Desert Search For Techno Allah,,,,,,,
Nick Cave & The Bad Seeds,Lime Tree Arbour,,,,,,,
Client,Radio,,,,,,,
Cliff Martinez,Wear Your Seat Belt,,,,,,,
Kate Bush,Them Heavy People,,,,,,,
Dave Matthews Band,Grace Is Gone,,,,,,,
Polarkreis 18,Allein Allein,,,,,,,
Pony Up,Speed Of Light,,,,,,,
Weird Al Yankovic,Do I Creep You Out,,,,,,,
The Prodigy,Everybody In The Place (155 And Rising),,,,,,,
Cliff Martinez,Death Shall Have No Dominion,,,,,,,
Kate Bush,Watching You Without Me,,,,,,,
Kate Bush,Feel It,,,,,,,
Mujuice,Фейерверк,,,,,,,
Katatonia,Quiet World,,,,,,,
Mr. Bungle,The Air-Conditioned Nightmare,,,,,,,
R.E.M.,Star 69,,,,,,,
Anathema,Suicide Veil,,,,,,,
The Who,Odorono,,,,,,,
Ac/Dc,Soul Stripper,,,,,,,
Grendel,Dirty,,,,,,,
The Dandy Warhols,Wasp In The Lotus,,,,,,,
Ac/Dc,The Furor,,,,,,,
Heidi Marie Vestrheim,Pants,0.8,0.6,0.4,0.8,0.2,0.4,0.6
Mr. Bungle,Carry Stress In The Jaw,,,,,,,
Talking Heads,The Lady Don'T Mind,,,,,,,
Dropkick Murphys,The Dirty Glass,,,,,,,
Drive-By Truckers,Gravity'S Gone,,,,,,,
The Mountain Goats,Jeff Davis County Blues,,,,,,,
Drive-By Truckers,3 Dimes Down,,,,,,,
Against Me!,Cavalier Eternal,,,,,,,
The Mountain Goats,New Monster Avenue,,,,,,,
Ben Folds,Adelaide,,,,,,,
Coldplay,The Escapist,0.6,0.6,0.8,0.8,0.2,0.4,0.4
Client,Price Of Love,,,,,,,
The Duke Spirit,A Message To A Pretty,,,,,,,
Eddie Cochran,C'Mon Everybody,,,,,,,
Talking Heads,Slippery People (Live),,,,,,,
Wagon Christ,Piano Playa Hata,,,,,,,
R.E.M.,It'S The End Of The World As We Know It,,,,,,,
Son Volt,Adrenaline And Heresy,,,,,,,
Son Volt,Beacon Soul,,,,,,,
The Mountain Goats,Song For Lonely Giants,,,,,,,
Mucc,Shiki No Uta,,,,,,,
The Duke Spirit,Nine & Scramble,,,,,,,
The Duke Spirit,007,,,,,,,
The Aislers Set,Mission Bells,,,,,,,
T.M.Revolution,Black Or White? Version 3,,,,,,,
Radiohead,Arpeggi,,,,,,,
Green Day,Stuck With Me,,,,,,,
The Aislers Set,Emotional Levy,,,,,,,
Motörhead,Die You Bastard,,,,,,,
Demons & Wizards,The Gunslinger,,,,,,,
T.M.Revolution,Heart Of Sword ～夜明け前～,,,,,,,
Bright Eyes,N'En Parlons Plus,0.6,0.4,0.6,0.6,0.4,0.6,0.6
Agalloch,Odal,,,,,,,
Bright Eyes,I Will Be Grateful For This Day,,,,,,,
Esthero,Everyday Is A Holiday (With You) (Feat. Sean Lennon),,,,,,,
Kelly Clarkson,Don'T Waste Your Time,,,,,,,
Bright Eyes,Puella Quam Amo Est Pulchra,,,,,,,
Baltimora,Tarzan Boy,,,,,,,
Helloween,A Little Time,,,,,,,
Hello Saferide,Highschool Stalker,,,,,,,
Hella,Been A Long Time Cousin,,,,,,,
The Mountain Goats,Cubs In Five,,,,,,,
Against Me!,Wagon Wheel,0.6,0.6,0.4,0.6,0.8,0.4,0.2
John Mayer,City Love,,,,,,,
Busta Rhymes,We Made It (Feat. Linkin Park),,,,,,,
The Mountain Goats,Magpie,,,,,,,
Busy P,To Protect And Entertain (Feat. Murs),,,,,,,
The Mountain Goats,International Small Arms Traffic Blues,,,,,,,
Nickelback,Flat On The Floor,,,,,,,
The Dø,The Bridge Is Broken,,,,,,,
The Early November,Every Night'S Another Story,,,,,,,
Plants And Animals,Bye Bye Bye,,,,,,,
Plants And Animals,Faerie Dance,,,,,,,
The Duskfall,Going Down Screaming,,,,,,,
Spiritualized,Born Never Asked,,,,,,,
Azure Ray,Rest Your Eyes,,,,,,,
Demi Lovato,Trainwreck,,,,,,,
Azure Ray,Raining In Athens,,,,,,,
Arcade Fire,Born On A Train,,,,,,,
Colleen,Carry-Cot,,,,,,,
Daughters Of Gaia,Standing In My Power,,,,,,,
The Damned,Wait For The Blackout,,,,,,,
Soko,Take My Heart,,,,,,,
Pleasant Grove,Demonic,,,,,,,
Someone Still Loves You Boris Yeltsin,Anna Lee,,,,,,,
Deep Forest,Sweet Lullaby (Ambient Mix),,,,,,,
Therapy?,Die Laughing,,,,,,,
Ac/Dc,Can'T Stand Still,,,,,,,
Bright Eyes,Hungry For A Holiday,,,,,,,
The Whitest Kids U' Know,Let'S Wake Up The Neighbors,,,,,,,
Kelly Rowland,Work (Freemasons Radio Edit),,,,,,,
Bright Eyes,Little Drummer Boy,,,,,,,
The Morning After Girls,Introduction,,,,,,,
Siobhan Donaghy,Don'T Give It Up,,,,,,,
Enter Shikari,Today Won'T Go Down In History,,,,,,,
Entombed,Out Of Hand,,,,,,,
David Bowie,Teenage Wildlife,,,,,,,
Entwine,Bleeding For The Cure,,,,,,,
Ac/Dc,Playing With Girls,0.6,0.8,0.2,0.2,1.0,0.4,0.4
Ac/Dc,Hell Or High Water,,,,,,,
The Dandy Warhols,Now You Love Me,,,,,,,
Motörhead,God Save The Queen,,,,,,,
Great Northern,Our Bleeding Hearts,,,,,,,
The Dandy Warhols,Cool As Kim Deal,,,,,,,
And One,Not The Only One,,,,,,,
The Dandy Warhols,Hard On For Jesus,,,,,,,
Absurd Minds,Doors,,,,,,,
Ketil Bjørnstad,Prelude 13,,,,,,,
John Frusciante,Wind Up Space,,,,,,,
Mother Love Bone,Chloe Dancer/Crown Of Thorns,,,,,,,
Keren Ann,Jardin D'Hiver,,,,,,,
Motion City Soundtrack,Modern Chemistry,,,,,,,
Grandaddy,Am180,,,,,,,
Pnau,Baby,0.6,0.4,0.8,0.6,0.2,0.4,0.8
Rage Against The Machine,Street Fighting Man,,,,,,,
Westlife,When You'Re Looking Like That,,,,,,,
Clark,Dirty Pixie,,,,,,,
Nicola Conte,Bossa Per Due (Thievery Corporation Mix),,,,,,,
John Frusciante,Emptiness,,,,,,,
The Minders,Don'T You Stop,,,,,,,
Nicole Atkins,The Way It Is,,,,,,,
Motorcycle,As The Rush Comes (Radio Edit),,,,,,,
Collie Buddz,Come Around (Lutin Remix),,,,,,,
The Cure,Underneath The Stars,,,,,,,
Graveworm,I - The Machine,,,,,,,
Grateful Dead,Casey Jones,,,,,,,
John Legend,It Don'T Have To Change,,,,,,,
Ben Folds,Time,,,,,,,
Yo La Tengo,Nothing But You And Me,,,,,,,
Spiritualized,Any Way That You Want Me,,,,,,,
Dredg,Whoa Is Me,,,,,,,
Demons & Wizards,Blood On My Hands,,,,,,,
Demons & Wizards,Heaven Denies,,,,,,,
Bright Eyes,A Poetic Retelling Of An Unfortunate Seduction,,,,,,,
Bright Eyes,A New Arrangement,,,,,,,
Ac/Dc,Back In Business,,,,,,,
Kent,Sverige,0.6,0.6,0.4,0.8,0.4,0.2,0.6
Mors Principium Est,The Unborn,,,,,,,
Grabba Grabba Tape,Almighty Bigot,,,,,,,
Keyshia Cole,Didn'T I Tell You (Feat. Too $Hort),,,,,,,
Mortal Decay,Butcher Knife Phlebotomy,,,,,,,
Coma,Leszek Żukowski,,,,,,,
Graham Coxon,People Of The Earth,,,,,,,
Raised Fist,Get This Right!,,,,,,,
Graham Coxon,All Over Me,,,,,,,
The Melodians,It Comes And Goes,,,,,,,
Nightmares On Wax,Bless My Soul,,,,,,,
Soilwork,Possessing The Angels,0.6,0.8,0.2,0.4,1.0,0.2,0.4
Nightingale,Remorse And Regret,,,,,,,
Nightmare Of You,My Name Is Trouble,,,,,,,
Soilwork,Millionflame,,,,,,,
Dendemann,Das Erste Mal,,,,,,,
T.A.T.U.,Sacrifice,,,,,,,
Hevein,Iota,,,,,,,
Nigel Kennedy & The Kroke Band,Lullaby For Kamila,,,,,,,
Hercules And Love Affair,Blind (Frankie Knuckles Remix),0.6,0.8,0.6,0.8,0.4,0.4,0.8
Ben Folds Five,Narcolepsy,,,,,,,
Placebo,Jackie,,,,,,,
Amanda Palmer,The Point Of It All,,,,,,,
Plaid,Squance,,,,,,,
Grand Archives,Sleepdriving,,,,,,,
Rainbow,Rainbow Eyes,,,,,,,
Amanda Palmer,Guitar Hero [Feat. East Bay Ray],,,,,,,
Volbeat,Soulweeper #2,,,,,,,
Grand National,Drink To Moving On,,,,,,,
Grand Funk Railroad,We'Re An American Band,,,,,,,
Grand Funk Railroad,Some Kind Of Wonderful,,,,,,,
Shout Out Louds,Ill Wills,,,,,,,
Ramones,Do You Wanna Dance?,,,,,,,
Motion City Soundtrack,Hold Me Down,,,,,,,
Vnv Nation,Honour,,,,,,,
The White Stripes,One More Cup Of Coffee,,,,,,,
Dream Theater,Vacant,,,,,,,
Morrissey,The Boy Racer,,,,,,,
Morrissey,The Never Played Symphonies,,,,,,,
Clan Of Xymox,Theme I,,,,,,,
David Bowie,Up The Hill Backwards,,,,,,,
Type O Negative,Bloody Kisses,,,,,,,
Type O Negative,Blood & Fire,,,,,,,
The Mars Volta,Day Of The Baphomets,,,,,,,
The Psychedelic Furs,She Is Mine,,,,,,,
Eurythmics,Sisters Are Doin' It For Themselves,,,,,,,
Sirenia,Meridian,,,,,,,
Cajun Dance Party,Amylase,,,,,,,
Toni Braxton,Unbreak My Heart,,,,,,,
Uncut,Day Breaks Red Light,,,,,,,
Siouxsie And The Banshees,Rhapsody,,,,,,,
Badly Drawn Boy,Nothing'S Gonna Change Your Mind,,,,,,,
Siouxsie Sioux,About To Happen,,,,,,,
Enon,Sold!,,,,,,,
Badly Drawn Boy,All Possibilities,,,,,,,
Shocking Pinks,Second Hand Girl,,,,,,,
Etta Jones,I'D Rather Go Blind,,,,,,,
Dashboard Confessional,The Brilliant Dance,,,,,,,
Gotye,Hearts A Mess,,,,,,,
Kettcar,Anders Als Gedacht,,,,,,,
Editors,You Are Fading,,,,,,,
Therion,O Fortuna,,,,,,,
Nightwish,Amaranth (Instrumental),,,,,,,
Shitdisco,Another,,,,,,,
Dashboard Confessional,Thick As Thieves,,,,,,,
Shitdisco,Fear Of The Future,,,,,,,
Morrissey,Pregnant For The Last Time,,,,,,,
Above & Beyond,World On Fire,,,,,,,
Morrissey,My Love Life,,,,,,,
Khoiba,Ohio,,,,,,,
Khoiba,Sonic Parts,,,,,,,
Hey,Zazdrość,,,,,,,
Cake,When You Sleep,,,,,,,
Eva Cassidy,I Know You By Heart,,,,,,,
Calexico,Close Behind,,,,,,,
Aquarian Dream,Love And Tears,,,,,,,
Unkle,Twilight,,,,,,,
Shirley Bassey,Moonraker,,,,,,,
Deborah Cox,Just Be Good To Me,,,,,,,
Cake,Pretty Pink Ribbon,,,,,,,
Nightwish,Eva (Instrumental),,,,,,,
Citizen Cope,Penitentiary,,,,,,,
Pj Harvey,That Was My Veil,,,,,,,
Cky,Sink Into The Underground,,,,,,,
Pj Harvey,The Mess We'Re In,,,,,,,
Wheat,Don'T I Hold You,,,,,,,
Morrissey,The Lazy Sunbathers,,,,,,,
City And Colour,Sam Malone,,,,,,,
Gorillaz,Ghost Train,,,,,,,
The Cure,Out Of This World,,,,,,,
Combichrist,Deathbed,,,,,,,
Mors Principium Est,The Lust Called Knowledge,,,,,,,
Brian Eno & David Byrne,Regiment,,,,,,,
Brian Eno,Weightless,,,,,,,
Mors Principium Est,Cleansing Rain,,,,,,,
Dream Theater,Honor Thy Father,,,,,,,
Dream Theater,Lifting Shadows Off A Dream,,,,,,,
Tracy Chapman,The Promise,,,,,,,
Kid Loco,She'S My Lover (A Song For R.),,,,,,,
T. Rex,Ballrooms Of Mars,,,,,,,
Above & Beyond,Can'T Sleep,,,,,,,
Morphine,Mary Won'T You Call My Name?,,,,,,,
Randy Crawford,Street Life,,,,,,,
Kimya Dawson,Lullaby For The Taken,,,,,,,
Andrew W.K.,Take It Off,,,,,,,
Rancid,Red Hot Moon,0.6,0.8,0.2,0.4,0.8,0.4,0.6
Rancid,Poison,,,,,,,
Rancid,New Dress,,,,,,,
T. Rex,Solid Gold Easy Action,,,,,,,
Kill Hannah,Outro,,,,,,,
Alva Noto + Ryuichi Sakamoto,Uoon Ii,,,,,,,
T. Rex,New York City,,,,,,,
Alva Noto + Ryuichi Sakamoto,Berlin,,,,,,,
Alva Noto + Ryuichi Sakamoto,Avaol,,,,,,,
Efterklang,Chapter 6,,,,,,,
Morbid Angel,Chapel Of Ghouls,,,,,,,
The Pussycat Dolls,Takin' Over The World,,,,,,,
Nina Hagen,African Reggae,,,,,,,
Nina Simone,Don'T Smoke In Bed,,,,,,,
Combichrist,Spit (Happy Pig Whore Mom),,,,,,,
Nik Kershaw,The Riddle,,,,,,,
Therion,Vanaheim,,,,,,,
Nik Kershaw,Wouldn'T It Be Good,,,,,,,
Pixies,Build High,,,,,,,
Nile,Ramses Bringer Of War,,,,,,,
The Faint,Cars Pass In Cold Blood,,,,,,,
Björk,Who Is It (Vitalic Mix),,,,,,,
Goldfinger,Spokesman,,,,,,,
Kings Of Convenience,The Build Up,,,,,,,
Vive La Fête,Jaloux,,,,,,,
Dragonland,Majesty Of The Mithrill Mountains,,,,,,,
King Creosote,Home In A Sentence,,,,,,,
Spoon,Chicago At Night,,,,,,,
Death In Vegas,So You Say You Lost Your Baby,,,,,,,
These New Puritans,Mkk3,,,,,,,
Enigma,Age Of Loneliness,,,,,,,
The Magnetic Fields,If There'S Such A Thing As Love,,,,,,,
Agonoize,The True Church Of God,,,,,,,
Joe Strummer & The Mescaleros,Coma Girl,,,,,,,
Yes,Mood For A Day,,,,,,,
Mokoma,Sudet Ihmisten Vaatteissa,,,,,,,
Morcheeba,Gained The World (Feat. Manda),,,,,,,
Killing Joke,Darkness Before Dawn,,,,,,,
Killing The Dream,Before You Fall Asleep,,,,,,,
Depeche Mode,But Not Tonight,,,,,,,
Morcheeba,Get Along (Feat. Pace Won),,,,,,,
Abney Park,Breathe,,,,,,,
Eels,To Lick Your Boots,,,,,,,
Eels,The Good Old Days,,,,,,,
Good Charlotte,Good Morning Revival,,,,,,,
Good Shoes,Ice Age,,,,,,,
The Cure,It'S Not You,,,,,,,
Gomez,These 3 Sins,,,,,,,
Spiritualized,She Kissed Me (It Felt Like A Hit),,,,,,,
Spiritualized,These Blues,,,,,,,
Rasputina,Transylvanian Concubine,,,,,,,
At The Drive-In,Ticklish,,,,,,,
The Weepies,Suicide Blonde,,,,,,,
Mokoma,Mene Ja Tiedä,,,,,,,
Mokoma,Perspektiivi,,,,,,,
Breaking Benjamin,Away,,,,,,,
The Whigs,Right Hand On My Heart,,,,,,,
Kitchens Of Distinction,Skin,,,,,,,
Cibo Matto,Beef Jerky,,,,,,,
Kling Klang,Heavydale,,,,,,,
Everclear,Normal Like You,,,,,,,
Alterkicks,Do Everything I Taught You,,,,,,,
Ash,Meltdown,,,,,,,
Ash,Sometimes,,,,,,,
Klaus Badelt,The Medallion Calls,,,,,,,
God Lives Underwater,Tricked,,,,,,,
Godsmack,Spiral,,,,,,,
The Crüxshadows,Winter Born (This Sacrifice),,,,,,,
Joe Satriani,Rubina,,,,,,,
Nine Inch Nails,Burn,,,,,,,
Joe Satriani,Crystal Planet,,,,,,,
Yellowcard,Twentythree,,,,,,,
Joe Lean & The Jing Jang Jong,Lucio Starts Fires,,,,,,,
Camel,Echoes,,,,,,,
Him,Love You Like I Do,,,,,,,
Ciccone Youth,Into The Groovey,,,,,,,
Atb,9Pm (Till I Come),,,,,,,
Spoon,Metal School,,,,,,,
Sébastien Tellier,Elle,,,,,,,
Tragedy,Conflicting Ideas,,,,,,,
Aqua,Doctor Jones,,,,,,,
Evanescence,Anything For You,,,,,,,
Vision Divine,Out Of A Distant Night (Voices),,,,,,,
Ray Lamontagne,Forever My Friend,,,,,,,
Kmfdm,Light,,,,,,,
Reagan Youth,Go Nowhere,,,,,,,
The Cribs,Shoot The Poets,,,,,,,
Gnarls Barkley,Surprise,,,,,,,
Violins,Manobrista De Homens,,,,,,,
God Is An Astronaut,Crystal Canyon,,,,,,,
Him,The Heartless,,,,,,,
Black Devil Disco Club,On Just Foot,,,,,,,
The Raveonettes,Ode To L.A.,,,,,,,
Nirvana,Beeswax,,,,,,,
Aimee Mann,I Can'T Get My Head Around It,,,,,,,
Snowden,Anti-Anti (Treasure Fingers Remix),,,,,,,
Camouflage,Thief,,,,,,,
The Lords Of The New Church,Dance With Me,,,,,,,
Modest Mouse,Karma'S Payment,,,,,,,
Social Distortion,Let It Be Me,,,,,,,
Mojave 3,Puzzles Like You,,,,,,,
Mojave 3,Love Songs On The Radio,,,,,,,
Sodom,Bombenhagel,,,,,,,
Einstürzende Neubauten,Silence Is Sexy,,,,,,,
Chuck Berry,Rock And Roll Music,,,,,,,
The Fall Of Troy,We Better Learn To Hotwire A Uterus,,,,,,,
Pink Martini,Andalucía,,,,,,,
Alter Bridge,Ties That Bind,,,,,,,
Conjure One,Damascus,,,,,,,
Shelby Lynne,I Cry Everyday,,,,,,,
God Lives Underwater,No More Love,,,,,,,
The Raincoats,In Love,,,,,,,
Tomte,Was Den Himmel Erhellt,,,,,,,
Klaxons,No Diggity,,,,,,,
The Weepies,Little Bird,,,,,,,
Everyday Sunday,Find Me Tonight,,,,,,,
Black Flag,I Don'T Care,,,,,,,
A1,Caught In The Middle,,,,,,,
Moby,Hymn,,,,,,,
Мои Ракеты Вверх,Anymore,,,,,,,
Constantines,Draw Us Lines,,,,,,,
Violent Femmes,Black Girls,,,,,,,
Consul The Educated Monkey,Can I Scream,,,,,,,
The Long Blondes,Fulwood Babylon,,,,,,,
Yeah Yeah Yeahs,Diamond Sea,,,,,,,
Ayọ,Without You,,,,,,,
Jimi Hendrix,Sunshine Of Your Love,,,,,,,
Shayne Ward,If That'S Ok With You,,,,,,,
Exodus,Metal Command,,,,,,,
Darren Hayes,Step Into The Light (Moto Blanco Radio Edit),,,,,,,
Red Hot Chili Peppers,Fight Like A Brave,0.6,0.6,0.2,0.4,0.8,0.4,0.4
Skalpel,Long Distance Call,,,,,,,
Whitey,Non Stop,,,,,,,
No Age,Neck Escaper,,,,,,,
Pink Floyd,Round And Around,,,,,,,
Aimee Mann,The Fall Of The World'S Own Optimist,,,,,,,
Can,Paperhouse,,,,,,,
Jimmy Eat World,Seventeen,,,,,,,
Kmfdm,Brute,,,,,,,
Jimmy Eat World,Just Tonight,,,,,,,
Modest Mouse,The Fruit That Ate Itself,,,,,,,
Soda Stereo,Claroscuro,,,,,,,
The Rapture,Sister Saviour,,,,,,,
Brazilian Girls,Last Call,,,,,,,
Modest Mouse,Tundra/Desert,,,,,,,
Télépopmusik,Hollywood On My Toothpaste,,,,,,,
Social Distortion,Don'T Drag Me Down,,,,,,,
Girls Aloud,Long Hot Summer,,,,,,,
Vincent Gallo,Honey Bunny,,,,,,,
Copeland,Sleep,,,,,,,
Girls Aloud,Wild Horses,,,,,,,
Ayọ,Only You,,,,,,,
Ayọ,How Many Times?,,,,,,,
Doves,Spellbound,,,,,,,
Doves,The Greatest Denier,,,,,,,
Ben Kweller,Wasted And Ready,,,,,,,
Whomadewho,Satisfaction,,,,,,,
Hole,Jennifer'S Body,,,,,,,
Ben Kweller,No Reason,,,,,,,
Pink Floyd,Childhood'S End,,,,,,,
Ben Kweller,On My Way,,,,,,,
The Replacements,Black Diamond,,,,,,,
Koop,Modal Mile,,,,,,,
Tindersticks,Bathtime,,,,,,,
Copeland,Love Is A Fast Song,,,,,,,
Black Flag,Life Of Pain,,,,,,,
Big Star,The Ballad Of El Goodo,,,,,,,
The London Oratory School Schola,Twilight And Shadow,,,,,,,
No Doubt,Underneath It All (Feat. Lady Saw),,,,,,,
Nofx,The Brews,,,,,,,
As I Lay Dying,An Ocean Between Us,,,,,,,
Violator,Let The Violation Begin,,,,,,,
Violator,The Plague Never Dies,,,,,,,
Atb,Renegade,,,,,,,
Moby,Hyenas,,,,,,,
The Weakerthans,Time'S Arrow,,,,,,,
The Replacements,Tommy Gets His Tonsils Out,,,,,,,
The Replacements,Can'T Hardly Wait,,,,,,,
The Riverboat Gamblers,True Crime,,,,,,,
Give Up The Ghost,Since Always,,,,,,,
Korpiklaani,Native Land,,,,,,,
A Tribe Called Quest,Public Enemy,,,,,,,
Extreme,Peacemaker Die,,,,,,,
The Cooper Temple Clause,House Of Cards,,,,,,,
Darkthrone,Unholy Black Metal,,,,,,,
Unwritten Law,Save Me,,,,,,,
Reggie Buie Trio,That'S All,,,,,,,
Remember Remember,The Dancing,,,,,,,
The Coral,Badman,,,,,,,
Regina Spektor,Uh-Merica,,,,,,,
Remember Remember,Genie (For Amaya),,,,,,,
The Fiery Furnaces,Don'T Dance Her Down,,,,,,,
A-Ha,Analogue,,,,,,,
Thåström,Fanfanfan (Kl 03.00 På Natten),,,,,,,
Holly Golightly,Tell Me Now So I Know,,,,,,,
Boy Kill Boy,Showdown,,,,,,,
Chromatics,Killing Spree,,,,,,,
El Perro Del Mar,It'S All Good,,,,,,,
Tosca,Suzuki,,,,,,,
Chromatics,Healer,,,,,,,
El Guincho,Palmitos Park,,,,,,,
St. Germain,Dub Experience Ii,,,,,,,
Doves,Reprise,,,,,,,
St. Germain,Dub Experience,,,,,,,
Whitney Houston,I'M Your Baby Tonight,,,,,,,
The Fiery Furnaces,Duffer St. George,,,,,,,
The Fiery Furnaces,Navy Nurse,,,,,,,
Hole,She Walks On Me,,,,,,,
Pinback,B,,,,,,,
Jet,Hold On,,,,,,,
Depeche Mode,Pleasure Little Treasure,,,,,,,
Stam1Na,Koirapoika,,,,,,,
Staind,Open Your Eyes,,,,,,,
Beastie Boys,The Update,,,,,,,
Rhapsody Of Fire,The March Of The Swordmaster,,,,,,,
Tindersticks,Rented Rooms,,,,,,,
David Ford,What Would You Have Me Do?,,,,,,,
Pidżama Porno,Ezoteryczny Poznań,,,,,,,
Tori Amos,Doughnut Song,,,,,,,
Holy Fuck,Tonebank Jungle,,,,,,,
Pidżama Porno,Nie Wszystko Co Pozytywne Jest Legalne,0.6,0.8,0.2,0.4,0.8,0.4,0.6
Jets To Brazil,Starry Configurations,,,,,,,
Jet,Shiny Magazine,,,,,,,
Black Label Society,Too Tough To Die,,,,,,,
Yann Tiersen,The Deutsch Mark Is Coming,,,,,,,
Renato Rascel,Ein Swei March,,,,,,,
Beastie Boys,Triple Trouble,,,,,,,
The Cloud Room,Beautiful Mess,,,,,,,
The Rolling Stones,It'S Only Rock 'N Roll,,,,,,,
Big Star,In The Street,,,,,,,
The Libertines,Music When The Lights Go Out (Demo),,,,,,,
Cannibal Corpse,The Discipline Of Revenge,,,,,,,
The American Analog Set,The Green Green Grass,,,,,,,
Boy George,The Crying Game,,,,,,,
Ayria,Disease,,,,,,,
Doves,10:03,,,,,,,
Miss Kittin,Solidasarockstar,,,,,,,
Athlete,The Outsiders,,,,,,,
Ayria,My Revenge On The World,,,,,,,
Kraftwerk,Radioland,,,,,,,
Ricardo Arjona,Pinguinos En La Cama,,,,,,,
Stacie Orrico,(There'S Gotta Be) More To Life,,,,,,,
Doug Burr,In The Garden,,,,,,,
The Rosebuds,The Lovers' Rights,,,,,,,
Stabbing Westward,The Thing I Hate,,,,,,,
Booty Luv,Some Kinda Rush (Radio Edit),,,,,,,
George Michael & Queen & Lisa Stansfield,A Different Corner,,,,,,,
Miranda Lambert,Dry Town,,,,,,,
Georgie Fame,Yeh Yeh,,,,,,,
Miranda!,Perfecta (Con Julieta Venegas),,,,,,,
Shakira,Suerte,,,,,,,
Extreme,Warheads,,,,,,,
Darkthrone,In The Shadow Of The Horns,,,,,,,
Get Cape. Wear Cape. Fly,The Chronicles Of A Bohemian Teenager: Part One,,,,,,,
Darkthrone,Paragon Belial,,,,,,,
Get Cape. Wear Cape. Fly,The Lighthousekeeper,,,,,,,
The 4-Skins,Jack The Lad,,,,,,,
Electrelane,Between The Wolf And The Dog,,,,,,,
Tosca,Honey,,,,,,,
Snow Patrol,Get Balsamic Vinegar... Quick You Fool,,,,,,,
Nouvelle Vague,Don'T Go (Yazoo),,,,,,,
Black Lips,Starting Over,,,,,,,
The Rolling Stones,Undercover Of The Night,,,,,,,
Minutemen,#1 Hit Song,,,,,,,
The Clash,Junco Partner,,,,,,,
Beastie Boys,The Move,,,,,,,
Beastie Boys,Shadrach,,,,,,,
Misfits,Great Balls Of Fire,,,,,,,
Beastie Boys,Slow Ride,,,,,,,
Dark Tranquillity,The Dividing Line,0.4,0.8,0.0,0.2,1.0,0.2,0.2
Jesu,Old Year,,,,,,,
The Lemonheads,My Drug Buddy,,,,,,,
The Lemonheads,No Backbone,,,,,,,
Ricky Martin & Christina Aguilera,Nobody Wants To Be Lonely,,,,,,,
Ricky Martin,It'S Alright,,,,,,,
Minmi,Shiki No Uta,,,,,,,
The Ruby Suns,Tane Mahuta,,,,,,,
Minmi,Who'S Theme,,,,,,,
Mindless Self Indulgence,Pussy All Night,,,,,,,
The Rosewood Thieves,Los Angeles,,,,,,,
Ajda Pekkan,Üç Kalp,,,,,,,
Jenny Lewis With The Watson Twins,It Wasn'T Me,,,,,,,
Shaggy,Hey Sexy Lady,,,,,,,
Symphony X,The Sacrifice,,,,,,,
Shake My Hand,Indie Disco,,,,,,,
Fad Gadget,Lady Shave,,,,,,,
Black Lips,Short Fuse,,,,,,,
Star Music,Licor Milagroso (Levanta O Pau),,,,,,,
Dark Tranquillity,Indifferent Suns,,,,,,,
Shakira,Costume Makes The Clown,,,,,,,
The Lawrence Arms,Requiem Revisited,,,,,,,
Wilco,Shouldn'T Be Ashamed,,,,,,,
Nouvelle Vague,Dance With Me (Lords Of The New Church),,,,,,,
Philip Glass,For Your Own Benefit,,,,,,,
Yann Tiersen,Les Bras De Mer,,,,,,,
Jeremy Enigk,Abegail Anne,,,,,,,
Counting Crows,Hard Candy,,,,,,,
The Clash,Inoculated City,,,,,,,
The Clash,Ivan Meets G.I. Joe,,,,,,,
Counting Crows,Another Horsedreamer'S Blues,,,,,,,
Richard Hell & The Voidoids,Who Says?,,,,,,,
Counting Crows,Mrs. Potter'S Lullaby,,,,,,,
Gemini Five,Flesh For Fantasy,,,,,,,
Stan Getz & João Gilberto,The Girl From Ipanema,,,,,,,
Richard Hell & The Voidoids,Down At The Rock And Roll Club,,,,,,,
Kylie Minogue,Fragile,,,,,,,
Miles Davis,Flamenco Sketches (Alternate Take),0.0,0.0,0.0,0.0,0.0,0.0,0.0
Mindless Self Indulgence,Dicks Are For My Friends,,,,,,,
Mindless Self Indulgence,Get It Up,0.6,0.4,0.2,0.2,0.8,0.4,0.6
Black Mountain,Night Walks,,,,,,,
Kvety Nikotínu,Kura,,,,,,,
Bear Vs. Shark,Entrance Of The Elected,,,,,,,
Yann Tiersen,Déjà Loin,,,,,,,
Jennifer Lopez,Let'S Get Loud,,,,,,,
Miles Davis,Two Bass Hit,,,,,,,
Kyuss,Supa Scoopa And Mighty Scoop,,,,,,,
Kyoto Jazz Massive,Stargazer,,,,,,,
Rise Against,To Them These Streets Belong,,,,,,,
Rinaldi Sings,Melody,,,,,,,
Rilo Kiley,Small Figures In A Vast Expanse,,,,,,,
Genesis,Heathaze,,,,,,,
Stars,The Very Thing,,,,,,,
David Guetta,Love Is Gone (Fred Riester & Joachim Garraud Radio Edit Remix),,,,,,,
Skinny Puppy,Reclamation,,,,,,,
Kury,Szatan,0.4,0.6,0.4,0.6,0.8,0.6,0.2
Emperor,The Acclamation Of Bonds,,,,,,,
Philip Glass,The Hours,,,,,,,
Mineral,Slower,,,,,,,
Nuspirit Helsinki,Trying,,,,,,,
Mineral,Gloria,,,,,,,
Kumm,Hi Fi Poetry,,,,,,,
Mindless Self Indulgence,London Bridge,,,,,,,
Kult,Komu Bije Dzwon,,,,,,,
Dark Tranquillity,My Negation,0.4,0.8,0.2,0.4,1.0,0.2,0.6
The Cinematics,Race To The City,,,,,,,
Beastie Boys,Bobo On The Corner,,,,,,,
Apoptygma Berzerk,Until The End Of The World,,,,,,,
Sex Pistols,Friggin' In The Riggin',,,,,,,
Cradle Of Filth,Malice Through The Looking Glass,0.8,0.4,0.2,0.2,1.0,0.4,0.6
Dark Tranquillity,Haven,,,,,,,
Dark Tranquillity,Lethe,,,,,,,
Apostle Of Hustle,The Naked & Alone,,,,,,,
Don Johnson Big Band,Don Johnson Big Band,,,,,,,
U2,Elvis Presley And America,,,,,,,
Midlake,Mopper'S Medley,,,,,,,
Jedi Mind Tricks,Rise Of The Machines (Feat. Ras Kass),,,,,,,
Death,Nothing Is Everything,,,,,,,
Snow Patrol,Chasing Cars (Diffusion Radio Edit),,,,,,,
Death,Overactive Imagination,,,,,,,
Mika,Ring Ring,,,,,,,
Mike Doughty,I Hear The Bells,,,,,,,
Milburn,Storm In A Teacup,,,,,,,
Milburn,Well Well Well,,,,,,,
Oasis,Hung In A Bad Place,0.6,0.8,0.4,0.4,0.8,0.6,0.6
The Kovenant,The Memory Remains,,,,,,,
Oasis,Force Of Nature,,,,,,,
Ritchie Valens,La Bamba,,,,,,,
The Cinematic Orchestra,Drunken Tune,,,,,,,
Benassi Bros.,Make Me Feel,,,,,,,
U2,Lemon,,,,,,,
Riverside,I Believe (Live),,,,,,,
Riverside,Acronym Love,,,,,,,
Cradle Of Filth,Hallowed Be Thy Name,,,,,,,
Riverside,Embryonic,,,,,,,
Stephen Malkmus,Loud Cloud Crowd,,,,,,,
Bang Gang,There Was A Whisper,,,,,,,
Milburn,What You Could'Ve Won,,,,,,,
Ani Difranco,Untouchable Face,,,,,,,
コタニキンヤ,Spicy Marmalade,,,,,,,
Michael Jackson,This Time Around,0.8,1.0,0.6,0.8,0.4,0.4,0.8
Tiësto,Forever Today,,,,,,,
Syd Barrett,Feel,,,,,,,
Syd Barrett,If It'S In You,,,,,,,
Stellastarr*,Somewhere Across Forever,,,,,,,
Of Montreal,How Lester Lost His Wife,,,,,,,
Eminem,White America,,,,,,,
Of Montreal,Spoonful Of Sugar,,,,,,,
Jazzanova,No Use,,,,,,,
Jazzanova,Glow And Glare,,,,,,,
Michael Jackson,Baby Be Mine,,,,,,,
Jay-Z,Song Cry,,,,,,,
The Chemical Brothers,The Sunshine Underground,,,,,,,
Rjd2,True Confessions,,,,,,,
Rjd2,One Day,,,,,,,
Lacuna Coil,Wave Of Anguish,,,,,,,
Jedi Mind Tricks,The Worst,,,,,,,
Oceansize,New Pin,,,,,,,
The Kooks,Higher Ground,,,,,,,
Oceansize,The Charm Offensive,,,,,,,
State Radio,Man In The Hall,,,,,,,
Michelle Williams,We Break The Dawn (Karmatronic Radio Edit),,,,,,,
Lacuna Coil,Closer,,,,,,,
Static-X,Love Dump,,,,,,,
Michoacan,2 Bullets,,,,,,,
Black Sabbath,Falling Off The Edge Of The World,,,,,,,
Black Sabbath,Evil Woman,,,,,,,
Riverside,Schizophrenic Prayer,,,,,,,
Rjd2,To All Of You,,,,,,,
The Charlatans,You'Re So Pretty - We'Re So Pretty,,,,,,,
Thin Lizzy,Dancing In The Moonlight,0.6,0.8,0.4,0.8,0.6,0.4,0.6
Crass,Punk Is Dead,,,,,,,
Gang Gang Dance,Princes,,,,,,,
Gang Of Four,I Love A Man In Uniform,,,,,,,
Galaxie 500,Tell Me,,,,,,,
Cream,Spoonful,,,,,,,
Sneaker Pimps,How Do,,,,,,,
The Knife,Marble House (Ptr Remix),,,,,,,
Elefant,Sunlight Makes Me Paranoid,,,,,,,
:Wumpscut:,Schwarzer Tod,,,,,,,
Electronic,Get The Message,,,,,,,
Lamb Of God,Confessional,,,,,,,
Lamb Of God,Blood Junkie,,,,,,,
Ania Dąbrowska,Zima '81,,,,,,,
Michael Andrews,Slipping Away,,,,,,,
Lali Puna,The Failure Of The Leading Sign Industry,,,,,,,
Howard Shore,Minas Morgul,,,,,,,
Lali Puna,Call 1-800-Fear,,,,,,,
Jay-Z,Dead Presidents,,,,,,,
Do Make Say Think,Horns Of A Rabbit,,,,,,,
Jay-Z,The Ruler'S Back,,,,,,,
Switchfoot,Only Hope,,,,,,,
Oingo Boingo,Dead Man'S Party,,,,,,,
Stephen Sondheim,Green Finch And Linnet Bird,,,,,,,
Michael Nyman,Here To There,,,,,,,
Apoptygma Berzerk,In This Together,,,,,,,
Seu Jorge,Ziggy Stardust,,,,,,,
The Apples In Stereo,Sunndal Song,,,,,,,
Gaelle,Parkway,,,,,,,
Creed,Are You Ready?,,,,,,,
Be Your Own Pet,Love Your Shotgun,,,,,,,
The Sisters Of Mercy,Floorshow,,,,,,,
Rocky Votolato,Every Red Cent,,,,,,,
Larrikin Love,Forever Untitled,,,,,,,
The Appleseed Cast,Fight Song,,,,,,,
Mf Doom,Kon Karne,,,,,,,
Okkervil River,Listening To Otis Redding At Home During Christmas,,,,,,,
Hurt,Ważne Jest,,,,,,,
Robots In Disguise,I Don'T Have A God,,,,,,,
Thunderbirds Are Now!,This World Is Made Of Paper,,,,,,,
Hurt,Jesteś Mały,,,,,,,
The Frames,A Caution To The Birds,,,,,,,
Chris Isaak,Baby Did A Bad Bad Thing,,,,,,,
Deus,Right As Rain,,,,,,,
Stereophonics,A Minute Longer,,,,,,,
Lamb Of God,Remorse Is For The Dead,,,,,,,
Stephen Sondheim,Opening Title,,,,,,,
The Frames,When Your Mind'S Made Up,,,,,,,
The Knife,Like A Pen (Demo Version),,,,,,,
The Frames,The Cost,,,,,,,
Jawbreaker,Jet Black,,,,,,,
Dmx,Where The Hood At?,,,,,,,
Lamb Of God,Letter To The Unborn,,,,,,,
Stephen Sondheim,Pirelli'S Miracle Elixir,,,,,,,
Land Of Talk,Some Are Lakes,,,,,,,
Mgmt,Destrokk,,,,,,,
The Ark,This Piece Of Poetry Is Meant To Do Harm,,,,,,,
Stereophonics,Doorman,,,,,,,
Danzig,Twist Of Cain,,,,,,,
Laura Veirs,Rialto,,,,,,,
Lauryn Hill,Superstar,,,,,,,
The Ark,Clamour For Glamour,,,,,,,
Metallica,…And Justice For All,,,,,,,
Metallica,The Prince,,,,,,,
Method Man,Judgement Day,,,,,,,
Fall Out Boy,What'S This?,,,,,,,
Pet Shop Boys,Building A Wall,,,,,,,
Third Eye Blind,Anything,,,,,,,
Old 97'S,King Of All The World,,,,,,,
Serena-Maneesh,Candlelighted,,,,,,,
Carly Comando,Everyday,,,,,,,
Okkervil River,Maine Island Lovers,,,,,,,
Carola,Invincible (Sweden),,,,,,,
Familjen,Nu Händer Det Igen,,,,,,,
Black Stone Cherry,Rain Wizard,,,,,,,
Deus,Bad Timing,,,,,,,
Husky Rescue,Mean Street,,,,,,,
Mia.,Down River,,,,,,,
Black Sabbath,Under The Sun,,,,,,,
Sweet,Action,,,,,,,
Stereophonics,Nothing Compares 2 U,,,,,,,
Skunk Anansie,All I Want,,,,,,,
Eminem,Hailie'S Song,,,,,,,
Deus,What We Talk About (When We Talk About Love),,,,,,,
Black Sabbath,Wishing Well,0.6,0.8,0.2,0.6,0.8,0.4,0.6
Rogue Wave,10:1,,,,,,,
Deus,If You Don'T Get What You Want,,,,,,,
Rocky Votolato,Uppers Aren'T Necessary,,,,,,,
Lauryn Hill,To Zion,,,,,,,
Fugazi,Merchandise,,,,,,,
Rollins Band,Liar,,,,,,,
Le Tigre,Deceptacon (Dfa Remix),,,,,,,
Funeral For A Friend,Out Of Reach,,,,,,,
The Smashing Pumpkins,...Said Sadly,,,,,,,
Devendra Banhart,Autumn'S Child,,,,,,,
Devendra Banhart,Bluebird,,,,,,,
Metallica,Mercyful Fate,,,,,,,
The Cars,Heartbeat City,,,,,,,
Smoke City,Jamie Pan,,,,,,,
The Cars,Hello Again,,,,,,,
Metallica,Dirty Window,,,,,,,
Roni Size,Heroes (Kruder'S Long Loose Bossa),,,,,,,
Funeral For A Friend,Storytelling,,,,,,,
Fugees,The Beast,,,,,,,
Fugees,Family Business,,,,,,,
Fugazi,Two Beats Off,,,,,,,
Chris Cornell,Safe And Sound,,,,,,,
The Fratellis,Tell Me A Lie,,,,,,,
Chris De Burgh,The Lady In Red,,,,,,,
Hypocrisy,Turn The Page,,,,,,,
Pet Shop Boys,King Of Rome,,,,,,,
Elf Power,Come Lie Down With Me (And Sing My Song),,,,,,,
Backyard Babies,Blitzkrieg Loveshock,,,,,,,
Bomb The Music Industry!,Stuff That I Like,,,,,,,
Creedence Clearwater Revival,Good Golly Miss Molly,,,,,,,
The Skids,Into The Valley,,,,,,,
Carpark North,Berlin,0.6,0.8,0.6,0.8,0.4,0.2,0.4
Chris Cornell,Arms Around Your Love,,,,,,,
Dannii Minogue & The Soul Seekerz,Perfection (Dancing Djs Remix),,,,,,,
Led Zeppelin,Black Country Woman,,,,,,,
Metricks,Memoire Des Temps Perdu,,,,,,,
Chris Cornell,Sweet Euphoria,,,,,,,
Hypocrisy,Let The Knife Do The Talking,,,,,,,
Mellowdrone,Beautiful Day,,,,,,,
Bodies Without Organs,Temple Of Love (Soundfactory Radio Mix),,,,,,,
Danny Elfman,Introduction (Titles),,,,,,,
Melvins,The Mechanical Bride,,,,,,,
Roxette,Almost Unreal,,,,,,,
Janis Joplin,A Woman Left Lonely,,,,,,,
The Kinks,David Watts,,,,,,,
Led Zeppelin,Bonzo'S Montreux,,,,,,,
Om,Kapila'S Theme,,,,,,,
Led Zeppelin,Ozone Baby,,,,,,,
Frozen Silence,Loneliness,,,,,,,
Led Zeppelin,The Girl I Love She Got Long Black Wavy Hair,,,,,,,
The Future Sound Of London,Antique Toy,,,,,,,
I Am Kloot,I Believe,,,,,,,
Xiu Xiu,Pink City,,,,,,,
I Am Kloot,Gods And Monsters,,,,,,,
The Future Sound Of London,Everyone In The World Is Doing Something Without Me,,,,,,,
I Am Kloot,No Direction Home,,,,,,,
William Shatner,I Can'T Get Behind That (Feat. Henry Rollins),,,,,,,
Olivia Inspi' Reira (Trapnest),Wish,,,,,,,
Room 5,Make Luv,,,,,,,
Fujiya & Miyagi,Pickpocket,,,,,,,
The Cardigans,Love Fool,,,,,,,
Dj Shadow,You Made It (Feat. Chris James),,,,,,,
Devendra Banhart,I Love That Man,,,,,,,
Dj Shadow,Transmission 2,,,,,,,
Bauhaus,Honeymoon Croon,,,,,,,
Lcd Soundsystem,Yeah (Pretentious Version),,,,,,,
Front 242,Don'T Crash,0.4,0.6,0.2,0.4,0.6,0.2,0.4
Front 242,Happiness,,,,,,,
Black Tie Dynasty,Tender,,,,,,,
Leftöver Crack,Homeo-Apathy,,,,,,,
The Bronx,I Got Chills,,,,,,,
From First To Last,Emily,,,,,,,
Dj Sammy,Heaven,,,,,,,
Backyard Babies,Hold 'Em Down,,,,,,,
Awful Sparks,Note To Self,,,,,,,
Sting,A Thousand Years,,,,,,,
Devendra Banhart,My Dearest Friend,,,,,,,
Melanie C,Warrior,,,,,,,
Roxette,The Big L.,,,,,,,
Front 242,U-Men,,,,,,,
Emilíana Torrini,Gollum'S Song,,,,,,,
Tenhi,Kuulut Kesiin,,,,,,,
Tenhi,Salain,,,,,,,
Pedro The Lion,Keep Swinging,,,,,,,
Oomph!,Augen Auf,,,,,,,
Mercury Rev,Pick Up If You'Re There,,,,,,,
Pedro The Lion,When They Really Get To Know You They Will Run,,,,,,,
Jane'S Addiction,Stop!,,,,,,,
Jan Johansson,Visa Från Utanmyra,,,,,,,
The Smashing Pumpkins,The End Is The Beginning Is The End,,,,,,,
Mercenary,My World Is Ending,,,,,,,
The Smashing Pumpkins,This Time,,,,,,,
Mercury Rev,I Collect Coins,,,,,,,
Biffy Clyro,Joy.Discovery.Invention,,,,,,,
The Kinks,Animal Farm,,,,,,,
Les Savy Fav,No Sleeves,,,,,,,
Battlelore,Trollshaws,,,,,,,
Leonard Cohen,Bird On A Wire,,,,,,,
Toadies,Tyler,,,,,,,
The View,Claudia,,,,,,,
The Brian Jonestown Massacre,We Are The Niggers Of The World,,,,,,,
Run-D.M.C.,My Adidas,,,,,,,
Megadeth,Back In The Day,,,,,,,
Bob Sinclar,Tennessee,,,,,,,
Jamie Lidell,Game For Fools,,,,,,,
Medeski Martin And Wood,Strance Of The Spirit Red Gator,,,,,,,
The Sounds,Hurt You,,,,,,,
Barbara Morgenstern,Polar,,,,,,,
The Bronx,Rape Zombie,,,,,,,
Apocalyptica,M.B.,,,,,,,
Benoît Pioulard,Ash Into The Sky,,,,,,,
The Gaslight Anthem,Miles Davis & The Cool,,,,,,,
Chiodos,There'S No Penguins In Alaska,,,,,,,
Jamie Lidell,All I Wanna Do,,,,,,,
Chiodos,One Day Women Will All Become Monsters,,,,,,,
Tori Amos,I I E E E,,,,,,,
Tori Amos,I Can'T See New York,,,,,,,
Stevie Ray Vaughan And Double Trouble,Love Struck Baby,,,,,,,
Travis,Coming Around,,,,,,,
Megadeth,United Abominations,,,,,,,
Travis,Get Up,,,,,,,
Small Faces,Ogdens' Nut Gone Flake,,,,,,,
Travis,More Than Us,,,,,,,
Me First And The Gimme Gimmes,Tainted Love,,,,,,,
Oomph!,Sex Hat Keine Macht,,,,,,,
The Game,Shout Outs (Produced By Just Blaze),,,,,,,
Jamiroquai,Half The Man,,,,,,,
増田俊郎,Need To Be Strong,,,,,,,
Cursive,Retreat!,,,,,,,
Ruki Na Odeyalo,Soya,,,,,,,
The Brian Jonestown Massacre,Just For Today,,,,,,,
Opeth,Madrigal,,,,,,,
The Brian Jonestown Massacre,Let Me Stand Next To Your Flower,,,,,,,
The Brian Jonestown Massacre,Golden Frost,,,,,,,
Bad Religion,Blenderhead,,,,,,,
Tenacious D,History Of Tenacious D,,,,,,,
Alison Krauss,Forget About It,,,,,,,
Slayer,Behind The Crooked Cross,,,,,,,
Pearl Jam,Lukin,,,,,,,
Pearl Jam,Pilate,,,,,,,
Swallow The Sun,Through Her Silvery Body,,,,,,,
Travis,How Many Hearts,,,,,,,
Megadeth,A Tout Le Monde (Set Me Free),,,,,,,
Devendra Banhart,There Was Sun,,,,,,,
Jamie Lidell,When I Come Back Around,,,,,,,
Thirteen Senses,History,,,,,,,
Operation Ivy,Knowledge,,,,,,,
Thirteen Senses,Lead Us,0.6,0.8,0.6,0.8,0.2,0.4,0.6
Sting,Send Your Love,,,,,,,
X-Ray Spex,I Can'T Do Anything,,,,,,,
Stone,Get Stoned,,,,,,,
Bob Marley & The Wailers,Positive Vibration,,,,,,,
Stone Sour,Orchids,,,,,,,
Stone Sour,Cardiff,,,,,,,
Devendra Banhart,When The Sun Shone On Vetiver,,,,,,,
The Be Good Tanyas,Broken Telephone,,,,,,,
Devics,Red Morning,0.6,0.6,0.8,0.8,0.2,0.2,0.4
Tom Waits,The Piano Has Been Drinking,,,,,,,
The Ballet,Corduroy,,,,,,,
The Ballet,In My Head,0.6,0.6,0.4,0.6,0.2,0.4,0.6
The Band,Across The Great Divide,,,,,,,
Story One,Coming Up,,,,,,,
Story One,Saving Grace,,,,,,,
Rush,Emotion Detector,,,,,,,
Pearl Jam,Evacuation,,,,,,,
Ian Carey,Keep On Rising (Radio Mix),,,,,,,
Emilie Autumn,Thank God I'M Pretty,,,,,,,
Lifehouse,Better Luck Next Time,,,,,,,
Liars,It'S All Blooming Now Mt. Heart Attack,,,,,,,
The Verve,Mover,,,,,,,
The Band,Tears Of Rage,,,,,,,
The Sounds,Tony The Beat (Push It),,,,,,,
Apocalyptica,Inquisition Symphony,0.0,0.0,0.0,0.0,0.0,0.0,0.0
Alan Stivell,Brian Boru,,,,,,,
James Morrison,Undiscovered,,,,,,,
Opeth,White Cluster,,,,,,,
James Brown,Living In America,,,,,,,
Jamelia,Something About You,,,,,,,
Pearl Jam,Crazy Mary,,,,,,,
Ian Van Dahl,Try [Original Radio Edit] [Www.Hardbeats.Tk],,,,,,,
Bob Marley,Duppy Conqueror,,,,,,,
The Brian Jonestown Massacre,Ballad Of Jim Jones,,,,,,,
Ruoska,Pure Minua,,,,,,,
Mecano,Ya Viene El Sol,,,,,,,
Bob Marley & The Wailers,Burnin' And Lootin',,,,,,,
Ruoska,Alasin,,,,,,,
Meat Loaf,Dead Ringer For Love,,,,,,,
Blackalicious,Chemical Calisthentics,,,,,,,
The Bravery,This Is Not The End,,,,,,,
Annie Lennox,Into The West,,,,,,,
Franz Ferdinand,Words So Leisured,,,,,,,
Tristania,The Shining Path,,,,,,,
Tristania,The Modern End,,,,,,,
Tristania,Sirene,,,,,,,
Cut Off Your Hands,You And I,,,,,,,
Cassius,15 Again,0.6,0.6,0.6,0.8,0.2,0.4,0.8
Blackmore'S Night,Mid Winter'S Night,,,,,,,
Bob Dylan,Love Minus Zero/No Limit,,,,,,,
Max Richter,Fragment,,,,,,,
Lily Allen,Naive (Kooks Cover),,,,,,,
Lil Wayne,Tie My Hands (Feat. Robin Thicke),,,,,,,
Alanis Morissette,In Praise Of The Vulnerable Man,,,,,,,
Annie,Loco,,,,,,,
Deadbeat,N'Importe Quoi,,,,,,,
Freak Kitchen,Speak When Spoken To,,,,,,,
U2,The Wanderer,,,,,,,
Paul Westerberg,Dyslexic Heart,,,,,,,
Benzos,Pere,,,,,,,
Pavement,Motion Suggests,,,,,,,
Windy & Carl,Balance (Trembling),0.6,0.4,1.0,0.8,0.0,0.2,0.2
The Breeders,German Studies,,,,,,,
Alanis Morissette,Narcissus,,,,,,,
Bob Dylan,The Man In Me,,,,,,,
Annie,Heartbeat (Mstrkrft Remix),,,,,,,
宇多田ヒカル,Colors,,,,,,,
4 Non Blondes,Old Mr. Heffer,,,,,,,
Lindsay Lohan,Over,,,,,,,
4 Strings,Into The Night,,,,,,,
Lifehouse,Everybody Is Someone,,,,,,,
Elizabeth Fraser,At Last I Am Free,,,,,,,
Annwn,El Rey De Francia,,,,,,,
Róisín Murphy,Off On It,,,,,,,
Matt Costa,Cold December,,,,,,,
Ryan Adams,This Is It,,,,,,,
Annuals,Carry Around,,,,,,,
The Stills,Helicopters,,,,,,,
Icon & The Black Roses,Who Do You Hurt Now,,,,,,,
Jaco Pastorius,Donna Lee,,,,,,,
Matt & Kim,Grand,,,,,,,
Otep,Battle Ready,0.6,0.6,0.2,0.2,1.0,0.4,0.4
Beyoncé,Sweet Dreams,,,,,,,
Os Mutantes,A Minha Menina (My Girl),,,,,,,
Other Men,Other People,,,,,,,
X,Sex And Dying In High Society,,,,,,,
Cat Power,Peking Saint,,,,,,,
Velvet,The Queen,,,,,,,
Jakarta,One Desire,,,,,,,
Idlewild,Let Me Sleep (Next To The Mirror),,,,,,,
The Georgia Satellites,All Over But The Cryin',,,,,,,
Barbara Morgenstern,Juist,,,,,,,
The Gathering,Third Chance,,,,,,,
Paula Cole,Feelin' Love,,,,,,,
Pavement,5-4=Unity,,,,,,,
Devotchka,Along The Way,,,,,,,
Suzanne Vega,Small Blue Thing,,,,,,,
Devotchka,Charlotte Mittnacht (The Fabulous Destiny Of...),,,,,,,
Ryan Adams,Off Broadway,,,,,,,
Bob Dylan,Cold Irons Bound,,,,,,,
The Beach Boys,Little Saint Nick,,,,,,,
Tristania,Midwintertears,,,,,,,
Fatboy Slim,Fucking In Heaven,,,,,,,
Matchbox Twenty,Push (Live),,,,,,,
Matchbox Twenty,Leave,,,,,,,
Mates Of State,Abercrombie,,,,,,,
311,Beautiful Disaster,,,,,,,
Little Jackie,The World Should Revolve Around Me,,,,,,,
The Books,Take Time,,,,,,,
梁靜茹,半个月亮,,,,,,,
