artist_name,track_name,Vocal Register,Vocal Timbre Thin to Full,Vocal Breathiness,Vocal Smoothness,Vocal Grittiness,Vocal Nasality,Vocal Accompaniment
Radiohead,All I Need,0.6,0.6,0.8,0.8,0.4,0.4,0.2
Boy Division,Love Will Tear Us Apart,0.4,0.4,0.2,0.4,0.8,0.6,0.6
Muse,Supermassive Black Hole,0.6,0.8,0.8,0.6,0.4,0.2,0.4
Radiohead,Karma Police,0.6,0.6,0.8,0.8,0.4,0.4,0.4
Muse,Starlight,0.6,0.8,0.4,0.8,0.2,0.2,0.6
Death Cab For Cutie,I Will Follow You Into The Dark,0.6,0.6,0.8,0.8,0.2,0.2,0.0
Arcade Fire,Neighborhood #1 (Tunnels),0.6,0.8,0.6,0.8,0.4,0.2,0.6
The Postal Service,Such Great Heights,0.6,0.4,0.8,1.0,0.0,0.4,0.6
Muse,Time Is Running Out,,,,,,,
Coldplay,The Scientist,,,,,,,
Massive Attack,Teardrop,,,,,,,
Radiohead,Paranoid Android,,,,,,,
Radiohead,Bodysnatchers,,,,,,,
Radiohead,15 Step,,,,,,,
Arctic Monkeys,I Bet You Look Good On The Dancefloor,,,,,,,
Bloc Party,Banquet,,,,,,,
Arcade Fire,Rebellion (Lies),,,,,,,
Radiohead,Jigsaw Falling Into Place,,,,,,,
Muse,Map Of The Problematique,,,,,,,
Radiohead,Reckoner,,,,,,,
Radiohead,House Of Cards,,,,,,,
Radiohead,Weird Fishes/Arpeggi,,,,,,,
Interpol,Evil,,,,,,,
Mgmt,Time To Pretend,0.6,0.4,0.2,0.8,0.2,0.4,0.8
Mgmt,Kids,,,,,,,
Radiohead,Fake Plastic Trees,,,,,,,
Arcade Fire,Une Année Sans Lumière,,,,,,,
Arcade Fire,No Cars Go,,,,,,,
The Killers,Smile Like You Mean It,,,,,,,
The Postal Service,Nothing Better,,,,,,,
Muse,Hysteria,,,,,,,
Arcade Fire,Wake Up,,,,,,,
Arcade Fire,Neighborhood #3 (Power Out),,,,,,,
Radiohead,Faust Arp,,,,,,,
The Killers,All These Things That I'Ve Done,,,,,,,
Depeche Mode,Enjoy The Silence,,,,,,,
Mgmt,Electric Feel,,,,,,,
Klaxons,Golden Skans,,,,,,,
Interpol,Obstacle 1,,,,,,,
Radiohead,No Surprises,,,,,,,
Jeff Buckley,Hallelujah,,,,,,,
Radiohead,Exit Music (For A Film),,,,,,,
Pink Floyd,Wish You Were Here,,,,,,,
Joy Division,She'S Lost Control,,,,,,,
The Shins,New Slang,,,,,,,
Interpol,Slow Hands,,,,,,,
Radiohead,Videotape,,,,,,,
Death Cab For Cutie,Crooked Teeth,,,,,,,
The Postal Service,The District Sleeps Alone Tonight,,,,,,,
Arcade Fire,Crown Of Love,,,,,,,
Air,All I Need,,,,,,,
Imogen Heap,Hide And Seek,,,,,,,
Death Cab For Cutie,Summer Skin,,,,,,,
Arcade Fire,Keep The Car Running,,,,,,,
Coldplay,Don'T Panic,,,,,,,
Arctic Monkeys,Mardy Bum,,,,,,,
The Smiths,This Charming Man,,,,,,,
Air,Sexy Boy,,,,,,,
Zero 7,In The Waiting Line,,,,,,,
Arcade Fire,Intervention,,,,,,,
Arctic Monkeys,Fake Tales Of San Francisco,,,,,,,
The Postal Service,Sleeping In,,,,,,,
Death Cab For Cutie,Your Heart Is An Empty Room,,,,,,,
José González,Heartbeats,,,,,,,
Arcade Fire,Neighborhood #2 (Laika),,,,,,,
Massive Attack,Angel,,,,,,,
Bloc Party,Helicopter,,,,,,,
Amy Winehouse,You Know I'M No Good,,,,,,,
Blur,Song 2,,,,,,,
The Knife,Heartbeats,,,,,,,
Johnny Cash,Hurt,,,,,,,
Feist,Mushaboom,,,,,,,
The Killers,Jenny Was A Friend Of Mine,,,,,,,
Muse,Stockholm Syndrome,,,,,,,
Death Cab For Cutie,Someday You Will Be Loved,,,,,,,
Death Cab For Cutie,Marching Bands Of Manhattan,,,,,,,
Death Cab For Cutie,Different Names For The Same Thing,,,,,,,
Bloc Party,Like Eating Glass,,,,,,,
Dread Zeppelin,Stairway To Heaven,,,,,,,
Radiohead,Let Down,,,,,,,
Bloc Party,This Modern Love,,,,,,,
Coldplay,In My Place,,,,,,,
Pixies,Where Is My Mind?,,,,,,,
The Shins,Caring Is Creepy,,,,,,,
Arcade Fire,Black Mirror,,,,,,,
Damien Rice,The Blower'S Daughter,,,,,,,
The Postal Service,Clark Gable,,,,,,,
Ladytron,Destroy Everything You Touch,,,,,,,
Death Cab For Cutie,What Sarah Said,,,,,,,
U2,With Or Without You,,,,,,,
Amy Winehouse,Tears Dry On Their Own,,,,,,,
The Strokes,Last Nite,,,,,,,
Kaiser Chiefs,I Predict A Riot,,,,,,,
Interpol,Pda,,,,,,,
Arcade Fire,Neighborhood #4 (7 Kettles),,,,,,,
Death Cab For Cutie,Title And Registration,,,,,,,
The Postal Service,Brand New Colony,,,,,,,
The Cure,Boys Don'T Cry,,,,,,,
Tool,Vicarious,,,,,,,
Arctic Monkeys,Dancing Shoes,,,,,,,
Hot Chip,Over And Over,,,,,,,
The Kooks,Naïve,,,,,,,
Amy Winehouse,Back To Black,,,,,,,
Peter Bjorn And John,Young Folks,,,,,,,
Muse,Sing For Absolution,,,,,,,
Arctic Monkeys,The View From The Afternoon,,,,,,,
Coldplay,Trouble,,,,,,,
Arctic Monkeys,Fluorescent Adolescent,,,,,,,
Regina Spektor,Samson,,,,,,,
Damien Rice,Cannonball,,,,,,,
Radiohead,Airbag,,,,,,,
Pink Floyd,Comfortably Numb,,,,,,,
Klaxons,Atlantis To Interzone,,,,,,,
Joy Division,Transmission,,,,,,,
The Smiths,There Is A Light That Never Goes Out,,,,,,,
Klaxons,Gravity'S Rainbow,,,,,,,
Air,Kelly Watch The Stars,,,,,,,
Muse,Knights Of Cydonia,,,,,,,
The Killers,On Top,,,,,,,
The Goo Goo Dolls,Iris,,,,,,,
Portishead,Roads,,,,,,,
The Postal Service,Recycled Air,,,,,,,
Tool,The Pot,,,,,,,
Radiohead,Lucky,,,,,,,
Interpol,Narc,,,,,,,
Radiohead,Street Spirit (Fade Out),,,,,,,
The Shins,Australia,,,,,,,
Death Cab For Cutie,Brothers On A Hotel Bed,0.6,0.4,0.8,1.0,0.0,0.2,0.2
The Kooks,She Moves In Her Own Way,,,,,,,
The Clash,London Calling,,,,,,,
Kaiser Chiefs,Everyday I Love You Less And Less,,,,,,,
Elliott Smith,Between The Bars,,,,,,,
Neutral Milk Hotel,In The Aeroplane Over The Sea,,,,,,,
Muse,Butterflies And Hurricanes,,,,,,,
Air,Cherry Blossom Girl,,,,,,,
Sigur Rós,Sæglópur,,,,,,,
Sufjan Stevens,Chicago,,,,,,,
Arcade Fire,Neon Bible,,,,,,,
Air,La Femme D'Argent,,,,,,,
Portishead,Sour Times,,,,,,,
Radiohead,Everything In Its Right Place,,,,,,,
Bloc Party,Blue Light,,,,,,,
Interpol,C'Mere,,,,,,,
Snow Patrol,Run,,,,,,,
Frou Frou,Let Go,,,,,,,
Joy Division,Disorder,,,,,,,
Death Cab For Cutie,Transatlanticism,,,,,,,
Sigur Rós,Svefn-G-Englar,,,,,,,
Led Zeppelin Jam,Immigrant Song,,,,,,,
The Strokes,Reptilia,,,,,,,
Muse,Invincible,,,,,,,
Sigur Rós,Hoppípolla,,,,,,,
Gary Jules,Mad World,0.6,0.6,0.8,1.0,0.0,0.2,0.2
Evanescence,My Immortal,,,,,,,
Hot Chip,Ready For The Floor,,,,,,,
Editors,Munich,,,,,,,
Black Rebel Motorcycle Club,Spread Your Love,,,,,,,
Mika,Grace Kelly,,,,,,,
Muse,Take A Bow,,,,,,,
Death Cab For Cutie,A Lack Of Color,,,,,,,
Bloc Party,Positive Tension,,,,,,,
Radiohead,Subterranean Homesick Alien,,,,,,,
Placebo,Every You Every Me,,,,,,,
Pink Floyd,The Great Gig In The Sky,,,,,,,
The Postal Service,This Place Is A Prison,,,,,,,
Arcade Fire,Haiti,,,,,,,
Pink Floyd,Time,,,,,,,
Radiohead,Idioteque,,,,,,,
Sufjan Stevens,Casimir Pulaski Day,,,,,,,
Röyksopp,Eple,,,,,,,
Arctic Monkeys,Still Take You Home,,,,,,,
The Smiths,Bigmouth Strikes Again,,,,,,,
Black Rebel Motorcycle Club,Love Burns,,,,,,,
The Killers,Bones,,,,,,,
Muse,Plug In Baby,,,,,,,
Radiohead,Just,,,,,,,
Arcade Fire,Ocean Of Noise,,,,,,,
Radiohead,My Iron Lung,,,,,,,
The Smiths,How Soon Is Now?,0.4,0.4,0.6,0.4,0.2,0.6,0.4
Pink Floyd,Us And Them,,,,,,,
Damien Rice,9 Crimes,,,,,,,
Coldplay,God Put A Smile Upon Your Face,,,,,,,
Daft Punk,Aerodynamic,,,,,,,
A Perfect Circle,3 Libras,,,,,,,
Arcade Fire,Black Wave/Bad Vibrations,,,,,,,
The Kooks,Ooh La,,,,,,,
David Bowie,Ziggy Stardust,,,,,,,
Radiohead,The Bends,,,,,,,
Interpol,Untitled,,,,,,,
Lily Allen,Ldn,,,,,,,
Arctic Monkeys,Brianstorm,,,,,,,
Gorillaz,Dare,,,,,,,
Pixies,Debaser,,,,,,,
The Knife,Pass This On,,,,,,,
Black Rebel Motorcycle Club,Ain'T No Easy Way,,,,,,,
Radiohead,Climbing Up The Walls,,,,,,,
The Knife,Silent Shout,,,,,,,
Broken Social Scene,Cause = Time,,,,,,,
Arctic Monkeys,A Certain Romance,,,,,,,
Interpol,Nyc,,,,,,,
Muse,Apocalypse Please,,,,,,,
Coldplay,Warning Sign,,,,,,,
Muse,Bliss,,,,,,,
Coldplay,Green Eyes,,,,,,,
Feist,My Moon My Man,,,,,,,
Arctic Monkeys,Riot Van,,,,,,,
Maxïmo Park,Apply Some Pressure,,,,,,,
Radiohead,Electioneering,,,,,,,
Portishead,Mysterons,0.6,0.6,0.8,0.8,0.2,0.4,0.4
Air,Run,,,,,,,
Arcade Fire,The Well And The Lighthouse,,,,,,,
Klaxons,It'S Not Over Yet,,,,,,,
Pearl Jam,Black,,,,,,,
Coldplay,A Rush Of Blood To The Head,,,,,,,
Muse,Feeling Good,,,,,,,
Sigur Rós,Gong,,,,,,,
Broken Social Scene,Anthems For A Seventeen Year-Old Girl,,,,,,,
The Postal Service,Natural Anthem,,,,,,,
Arctic Monkeys,When The Sun Goes Down,,,,,,,
30 Seconds To Mars,The Kill,,,,,,,
Muse,Falling Away With You,,,,,,,
Franz Ferdinand,Jacqueline,,,,,,,
John Lennon,Imagine,,,,,,,
The Smiths,Hand In Glove,,,,,,,
Nirvana,Heart-Shaped Box,,,,,,,
Bloc Party,She'S Hearing Voices,,,,,,,
Arctic Monkeys,Teddy Picker,,,,,,,
Air,Talisman,,,,,,,
Iron & Wine,Such Great Heights,,,,,,,
Muse,Exo-Politics,,,,,,,
Damien Rice,Volcano,,,,,,,
Franz Ferdinand,The Dark Of The Matinée,,,,,,,
The Beatles,Come Together,,,,,,,
Death Cab For Cutie,The Sound Of Settling,,,,,,,
Moby,Porcelain,,,,,,,
The Strokes,Someday,,,,,,,
The Ting Tings,That'S Not My Name,,,,,,,
Interpol,Take You On A Cruise,,,,,,,
Justice,D.A.N.C.E.,,,,,,,
Interpol,Not Even Jail,,,,,,,
Amy Winehouse,Love Is A Losing Game,,,,,,,
Klaxons,Totem On The Timeline,,,,,,,
Goldfrapp,Ooh La La,,,,,,,
Regina Spektor,On The Radio,,,,,,,
Sia,Breathe Me,,,,,,,
Sigur Rós,Glósóli,,,,,,,
Interpol,Say Hello To The Angels,,,,,,,
Echo & The Bunnymen,The Killing Moon,,,,,,,
Air,Alone In Kyoto,,,,,,,
Pink Floyd,Brain Damage,,,,,,,
The Shins,Kissing The Lipless,,,,,,,
Portishead,Glory Box,,,,,,,
The Cure,A Forest,,,,,,,
Pixies,Monkey Gone To Heaven,,,,,,,
Cat Power,The Greatest,,,,,,,
Bright Eyes,First Day Of My Life,,,,,,,
Afi,Miss Murder,,,,,,,
Pixies,Here Comes Your Man,,,,,,,
Gorillaz,Feel Good Inc.,,,,,,,
Feist,I Feel It All,,,,,,,
Beirut,Postcards From Italy,0.6,0.6,0.6,0.8,0.2,0.4,0.4
No Doubt,Don'T Speak,,,,,,,
The Strokes,You Only Live Once,,,,,,,
The Smiths,What Difference Does It Make?,,,,,,,
Franz Ferdinand,Michael,,,,,,,
The Beatles,While My Guitar Gently Weeps,,,,,,,
Interpol,No I In Threesome,,,,,,,
Kaiser Chiefs,Ruby,,,,,,,
Black Sabbath,Paranoid,,,,,,,
The Cranberries,Zombie,,,,,,,
Coldplay,Politik,,,,,,,
Interpol,Obstacle 2,,,,,,,
Band Of Horses,The Funeral,,,,,,,
Mgmt,Weekend Wars,,,,,,,
Interpol,Next Exit,0.4,0.6,0.6,0.8,0.2,0.4,0.4
Death Cab For Cutie,Tiny Vessels,,,,,,,
Massive Attack,Inertia Creeps,,,,,,,
The Smashing Pumpkins,Zero,,,,,,,
Klaxons,Magick,,,,,,,
Placebo,Infra-Red,,,,,,,
The Killers,Midnight Show,,,,,,,
Death Cab For Cutie,Passenger Seat,,,,,,,
The Shins,Pink Bullets,,,,,,,
The Doors,People Are Strange,,,,,,,
Portishead,Wandering Star,,,,,,,
Oasis,Live Forever,,,,,,,
Muse,Blackout,,,,,,,
Black Rebel Motorcycle Club,Shuffle Your Feet,,,,,,,
Panic At The Disco,Lying Is The Most Fun A Girl Can Have Without Taking Her Clothes Off,,,,,,,
Air,Ce Matin-Là,,,,,,,
Antony And The Johnsons,Hope There'S Someone,0.8,0.8,0.6,1.0,0.2,0.4,0.4
The Cure,Friday I'M In Love,,,,,,,
Damien Rice,Delicate,,,,,,,
Amy Winehouse,Wake Up Alone,,,,,,,
Muse,Soldier'S Poem,,,,,,,
A-Ha,Take On Me,,,,,,,
Elliott Smith,Angeles,,,,,,,
Air,You Make It Easy,,,,,,,
The Beatles,Here Comes The Sun,,,,,,,
Air,Playground Love,,,,,,,
Röyksopp,So Easy,,,,,,,
Björk,All Is Full Of Love,,,,,,,
Yeah Yeah Yeahs,Way Out,,,,,,,
Fleet Foxes,White Winter Hymnal,,,,,,,
The Jesus And Mary Chain,Just Like Honey,,,,,,,
Daft Punk,Digital Love,,,,,,,
Arcade Fire,My Body Is A Cage,,,,,,,
Franz Ferdinand,Auf Achse,,,,,,,
Pixies,Hey,,,,,,,
Sigur Rós,Starálfur,,,,,,,
Daft Punk,Something About Us,,,,,,,
Tool,Jambi,,,,,,,
Black Rebel Motorcycle Club,Berlin,,,,,,,
Radiohead,Black Star,,,,,,,
Pulp,Common People,,,,,,,
Kasabian,Club Foot,,,,,,,
Jack Johnson,Better Together,,,,,,,
Röyksopp,Remind Me,,,,,,,
The Smashing Pumpkins,Disarm,,,,,,,
Metric,Combat Baby,,,,,,,
Jeff Buckley,Last Goodbye,,,,,,,
Snow Patrol,You'Re All I Have,,,,,,,
The Killers,Believe Me Natalie,,,,,,,
Oasis,Don'T Look Back In Anger,,,,,,,
Interpol,Pioneer To The Falls,,,,,,,
Air,Remember,,,,,,,
Lady Gaga,Just Dance,,,,,,,
Stars,Your Ex-Lover Is Dead,,,,,,,
Ladytron,Seventeen,,,,,,,
Nirvana,About A Girl,,,,,,,
Radiohead,Planet Telex,,,,,,,
The Beatles,Lucy In The Sky With Diamonds,,,,,,,
Nine Inch Nails,Hurt,,,,,,,
Kaiser Chiefs,Modern Way,,,,,,,
Ac/Dc,Back In Black,,,,,,,
Queen,Don'T Stop Me Now,,,,,,,
Porcupine Tree,Blackest Eyes,,,,,,,
Yeah Yeah Yeahs,Date With The Night,,,,,,,
Queen,Another One Bites The Dust,,,,,,,
Death Cab For Cutie,Lightness,,,,,,,
The Rolling Stones,Paint It Black,,,,,,,
Muse,City Of Delusion,,,,,,,
Elliott Smith,Needle In The Hay,0.4,0.4,0.8,0.6,0.2,0.4,0.0
Boards Of Canada,Dayvan Cowboy,,,,,,,
Muse,Assassin,,,,,,,
Arctic Monkeys,Red Light Indicates Doors Are Secured,,,,,,,
Portishead,Strangers,,,,,,,
Franz Ferdinand,The Fallen,,,,,,,
Interpol,Stella Was A Diver And She Was Always Down,,,,,,,
Amy Winehouse,Just Friends,,,,,,,
Yeah Yeah Yeahs,Y Control,,,,,,,
Mgmt,The Youth,,,,,,,
The Cure,Pictures Of You,,,,,,,
Franz Ferdinand,This Fire,,,,,,,
Interpol,Public Pervert,,,,,,,
Snow Patrol,Chocolate,,,,,,,
The Kooks,Sofa Song,,,,,,,
Muse,New Born,,,,,,,
Coldplay,Shiver,,,,,,,
Kaiser Chiefs,Oh My God,,,,,,,
Foo Fighters,Everlong,,,,,,,
Ratatat,Wildcat,,,,,,,
The Shins,Sleeping Lessons,,,,,,,
Placebo,The Bitter End,,,,,,,
Keane,Everybody'S Changing,,,,,,,
Evanescence,Bring Me To Life,,,,,,,
Vampire Weekend,A-Punk,,,,,,,
Arcade Fire,Windowsill,,,,,,,
Modest Mouse,The World At Large,,,,,,,
Sigur Rós,Mílanó,,,,,,,
Feist,One Evening,0.8,0.6,0.8,0.8,0.2,0.4,0.4
Arctic Monkeys,From The Ritz To The Rubble,,,,,,,
Death Cab For Cutie,The New Year,,,,,,,
Tool,Parabola,,,,,,,
Röyksopp,What Else Is There,,,,,,,
Jeff Buckley,Grace,,,,,,,
Vampire Weekend,Oxford Comma,,,,,,,
The Smiths,The Boy With The Thorn In His Side,,,,,,,
Tv On The Radio,Wolf Like Me,,,,,,,
Interpol,Roland,,,,,,,
Pixies,Wave Of Mutilation,,,,,,,
Bloc Party,Hunting For Witches,,,,,,,
The Who,Baba O'Riley,,,,,,,
Placebo,Post Blue,,,,,,,
Metallica,Enter Sandman,,,,,,,
Pink Floyd,On The Run,,,,,,,
Radiohead,Pyramid Song,,,,,,,
David Bowie,Life On Mars?,,,,,,,
Radiohead,I Might Be Wrong,,,,,,,
Placebo,Pure Morning,,,,,,,
Broken Social Scene,Lover'S Spit,,,,,,,
Led Zeppelin Jam,Black Dog,,,,,,,
Broken Social Scene,Stars And Sons,,,,,,,
Beirut,Nantes,,,,,,,
Kaiser Chiefs,Na Na Na Na Naa,,,,,,,
Coldplay,Square One,,,,,,,
Yeah Yeah Yeahs,Cheated Hearts,,,,,,,
Broken Social Scene,7/4 (Shoreline),,,,,,,
Madonna,Jump,,,,,,,
Nirvana,Rape Me,,,,,,,
Coldplay,The Hardest Part,,,,,,,
Interpol,The Heinrich Maneuver,,,,,,,
The Strokes,Heart In A Cage,,,,,,,
Placebo,Because I Want You,,,,,,,
Radiohead,How To Disappear Completely,,,,,,,
José González,Crosses,,,,,,,
Rage Against The Machine,Killing In The Name,,,,,,,
Panic At The Disco,I Write Sins Not Tragedies,,,,,,,
Portishead,It Could Be Sweet,,,,,,,
Black Rebel Motorcycle Club,Howl,,,,,,,
Muse,The Small Print,,,,,,,
Interpol,Hands Away,0.6,0.6,0.8,0.8,0.2,0.4,0.4
Röyksopp,Only This Moment,,,,,,,
Björk,Jóga,,,,,,,
Lez Zeppelin,Whole Lotta Love,,,,,,,
The Decemberists,We Both Go Down Together,,,,,,,
New Order,Blue Monday,,,,,,,
Portishead,Numb,,,,,,,
Interpol,Leif Erikson,,,,,,,
Joy Division,New Dawn Fades,,,,,,,
The White Stripes,Fell In Love With A Girl,,,,,,,
The Fratellis,Chelsea Dagger,,,,,,,
The Killers,Sam'S Town,,,,,,,
Franz Ferdinand,Darts Of Pleasure,,,,,,,
David Bowie,Suffragette City,,,,,,,
Queens Of The Stone Age,Go With The Flow,,,,,,,
Soundgarden,Black Hole Sun,,,,,,,
Porcupine Tree,Trains,,,,,,,
Feist,Inside And Out,,,,,,,
Nick Drake,Pink Moon,,,,,,,
The Dandy Warhols,Bohemian Like You,,,,,,,
Black Rebel Motorcycle Club,Weapon Of Choice,,,,,,,
Interpol,Rest My Chemistry,,,,,,,
Motörhead,Ace Of Spades,,,,,,,
Kings Of Leon,On Call,,,,,,,
Muse,Endlessly,,,,,,,
Sigur Rós,Olsen Olsen,,,,,,,
Sigur Rós,Intro,,,,,,,
Air,Venus,,,,,,,
The Kooks,Seaside,,,,,,,
Interpol,The New,,,,,,,
Radiohead,The National Anthem,0.4,0.6,0.4,0.4,0.6,0.6,0.6
Joy Division,Isolation,,,,,,,
The Velvet Underground,Sunday Morning,,,,,,,
Björk,Army Of Me,,,,,,,
Jimi Hendrix,All Along The Watchtower,,,,,,,
Radiohead,Knives Out,,,,,,,
Coldplay,Lost!,,,,,,,
Sigur Rós,Heysátan,,,,,,,
Franz Ferdinand,Walk Away,,,,,,,
Weezer,Say It Ain'T So,,,,,,,
Johnny Cash,I Walk The Line,,,,,,,
Joy Division,Atmosphere,,,,,,,
Damien Rice,Cold Water,,,,,,,
Coldplay,Daylight,,,,,,,
Interpol,Length Of Love,,,,,,,
Cansei De Ser Sexy,Alala,,,,,,,
Regina Spektor,Better,,,,,,,
Bloc Party,The Prayer,,,,,,,
Imogen Heap,Goodnight And Go,,,,,,,
Nine Inch Nails,Wish,,,,,,,
Franz Ferdinand,Ulysses,,,,,,,
The Beatles,Sgt. Pepper'S Lonely Hearts Club Band,0.6,0.8,0.2,0.8,0.4,0.4,0.8
Arctic Monkeys,Perhaps Vampires Is A Bit Strong But...,,,,,,,
The Strokes,12:51,,,,,,,
David Bowie,Heroes,,,,,,,
Kings Of Leon,The Bucket,,,,,,,
Muse,Muscle Museum,,,,,,,
The Knife,Marble House,,,,,,,
The Stone Roses,I Wanna Be Adored,,,,,,,
Massive Attack,Risingson,,,,,,,
Massive Attack,Unfinished Sympathy,0.8,0.8,0.6,0.8,0.2,0.2,0.6
Röyksopp,Sparks,,,,,,,
Beirut,A Sunday Smile,,,,,,,
The Ting Tings,Great Dj,,,,,,,
Snow Patrol,Open Your Eyes,,,,,,,
Mogwai,Hunted By A Freak,,,,,,,
The Velvet Underground,I'M Waiting For The Man,,,,,,,
The National,Slow Show,,,,,,,
David Bowie,Rebel Rebel,,,,,,,
Amy Winehouse,Some Unholy War,,,,,,,
Weezer,Buddy Holly,,,,,,,
Bloc Party,So Here We Are,,,,,,,
Black Rebel Motorcycle Club,Weight Of The World,,,,,,,
Placebo,Space Monkey,,,,,,,
Placebo,Follow The Cops Back Home,,,,,,,
The Shins,Saint Simon,,,,,,,
Daft Punk,Crescendolls,,,,,,,
The Knife,Neverland,,,,,,,
The Strokes,Is This It,,,,,,,
Arctic Monkeys,Balaclava,,,,,,,
Modest Mouse,Ocean Breathes Salty,,,,,,,
The Shins,Turn On Me,,,,,,,
Tool,Rosetta Stoned,,,,,,,
Yeah Yeah Yeahs,Dudley,0.6,0.4,0.8,0.6,0.4,0.6,0.4
Nirvana,In Bloom,,,,,,,
Clap Your Hands Say Yeah,Over And Over Again (Lost And Found),,,,,,,
Radiohead,Bones,,,,,,,
Joy Division,Shadowplay,,,,,,,
Feist,Gatekeeper,,,,,,,
The Libertines,Can'T Stand Me Now,,,,,,,
Pink Floyd,Hey You,,,,,,,
Mgmt,The Handshake,,,,,,,
Daft Punk,Technologic,,,,,,,
Pink Floyd,Any Colour You Like,,,,,,,
The Shins,So Says I,,,,,,,
Plain White T'S,Hey There Delilah,,,,,,,
The Smiths,Heaven Knows I'M Miserable Now,,,,,,,
Amy Winehouse,He Can Only Hold Her,0.8,0.8,0.4,0.8,0.4,0.2,0.6
The Strokes,Barely Legal,,,,,,,
The Killers,Mr Brightside,,,,,,,
Röyksopp,Poor Leno,,,,,,,
The Beatles,I Want To Hold Your Hand,,,,,,,
Sigur Rós,Gobbledigook,,,,,,,
Editors,Blood,,,,,,,
Mgmt,4Th Dimensional Transition,,,,,,,
Radiohead,There There,,,,,,,
Placebo,Special K,,,,,,,
Muse,Thoughts Of A Dying Atheist,,,,,,,
Pixies,Gigantic,,,,,,,
Joy Division,Insight,,,,,,,
Justice,Genesis,,,,,,,
Justin Timberlake,Sexyback,,,,,,,
A Perfect Circle,The Noose,,,,,,,
Pearl Jam,Alive,,,,,,,
Portishead,Nylon Smile,,,,,,,
The Kooks,Eddie'S Gun,,,,,,,
Ac/Dc,You Shook Me All Night Long,,,,,,,
Patrick Wolf,The Magic Position,,,,,,,
Björk,Pagan Poetry,,,,,,,
Black Rebel Motorcycle Club,Red Eyes And Tears,,,,,,,
Yeah Yeah Yeahs,Phenomena,,,,,,,
Klaxons,Isle Of Her,,,,,,,
Klaxons,Two Receivers,,,,,,,
New Young Pony Club,Ice Cream,0.8,0.6,0.8,0.6,0.2,0.4,0.6
Metric,Monster Hospital,,,,,,,
Joy Division,Dead Souls,,,,,,,
Rhianna,Don'T Stop The Music,0.8,0.8,0.4,0.8,0.2,0.2,0.6
The Smiths,Still Ill,,,,,,,
Arctic Monkeys,D Is For Dangerous,,,,,,,
Cut Copy,Lights And Music,,,,,,,
Lez Zeppelin,Rock And Roll,,,,,,,
The National,Brainy,,,,,,,
Death Cab For Cutie,Expo '86,,,,,,,
Muse,Sunburn,0.8,0.8,0.4,0.6,0.6,0.2,0.4
The White Stripes,My Doorbell,,,,,,,
Air,Le Voyage De Pénélope,,,,,,,
Pantera,Cowboys From Hell,,,,,,,
The National,Mistaken For Strangers,,,,,,,
Death From Above 1979,Romantic Rights,,,,,,,
Radiohead,Fitter Happier,,,,,,,
Nirvana,Dumb,,,,,,,
My Chemical Romance,Helena,,,,,,,
The Smiths,I Know It'S Over,,,,,,,
The Beach Boys,Wouldn'T It Be Nice,,,,,,,
Evanescence,Call Me When You'Re Sober,,,,,,,
Metric,Poster Of A Girl,,,,,,,
Animal Collective,Grass,,,,,,,
U2,I Still Haven'T Found What I'M Looking For,,,,,,,
Arcade Fire,(Antichrist Television Blues),,,,,,,
The Velvet Underground,Heroin,,,,,,,
Air,Mike Mills,,,,,,,
The Killers,For Reasons Unknown,,,,,,,
Massive Attack,Dissolved Girl,,,,,,,
The Smashing Pumpkins,Today,0.6,0.6,0.4,0.6,0.8,0.6,0.6
The Kooks,You Don'T Love Me,,,,,,,
Muse,Interlude,,,,,,,
Death Cab For Cutie,We Looked Like Giants,,,,,,,
Imogen Heap,Headlock,,,,,,,
The Shins,Young Pilgrims,,,,,,,
Feist,So Sorry,,,,,,,
Dido,Here With Me,,,,,,,
Muse,Hoodoo,,,,,,,
The Shins,Spilt Needles,,,,,,,
Black Rebel Motorcycle Club,Rifles,,,,,,,
The National,Fake Empire,,,,,,,
Nirvana,Polly,,,,,,,
Kings Of Leon,King Of The Rodeo,,,,,,,
Nine Inch Nails,Discipline,,,,,,,
Interpol,Mammoth,,,,,,,
Editors,All Sparks,,,,,,,
Afi,Love Like Winter,,,,,,,
Pixies,Tame,,,,,,,
Joy Division,Day Of The Lords,,,,,,,
The Cardigans,Lovefool,,,,,,,
Lou Reed,Perfect Day,,,,,,,
Gnarls Barkley,Gone Daddy Gone,,,,,,,
Björk,Human Behaviour,,,,,,,
Thom Yorke,Black Swan,,,,,,,
U2,Sunday Bloody Sunday,,,,,,,
Britney Spears,Toy Soldier,,,,,,,
Franz Ferdinand,Cheating On You,,,,,,,
The Strokes,Hard To Explain,,,,,,,
Björk,Bachelorette,,,,,,,
Oasis,Champagne Supernova,,,,,,,
Tool,Lost Keys (Blame Hofmann),,,,,,,
Crystal Castles,Untrust Us,,,,,,,
Placebo,Drag,,,,,,,
Neutral Milk Hotel,Two-Headed Boy,,,,,,,
Sigur Rós,Hoppipolla,,,,,,,
Coldplay,White Shadows,,,,,,,
Cansei De Ser Sexy,Let'S Make Love And Listen To Death From Above,,,,,,,
Gorillaz,Dirty Harry,,,,,,,
The Dresden Dolls,Coin-Operated Boy,,,,,,,
Mgmt,Pieces Of What,,,,,,,
Kings Of Convenience,I'D Rather Dance With You,,,,,,,
Snow Patrol,Shut Your Eyes,,,,,,,
The Knife,The Captain,,,,,,,
My Bloody Valentine,Only Shallow,,,,,,,
Coldplay,Cemeteries Of London,,,,,,,
Nirvana,The Man Who Sold The World,,,,,,,
Arctic Monkeys,You Probably Couldn'T See For The Lights But You Were Staring Straight At Me,,,,,,,
The Dandy Warhols,We Used To Be Friends,,,,,,,
Belle And Sebastian,Another Sunny Day,,,,,,,
Nouvelle Vague,In A Manner Of Speaking,,,,,,,
The Cure,Love Song,,,,,,,
Yeah Yeah Yeahs,Honeybear,,,,,,,
Yeah Yeah Yeahs,Rich,,,,,,,
Tool,Right In Two,,,,,,,
The Kooks,See The World,,,,,,,
Interpol,Pace Is The Trick,,,,,,,
Pulp,Disco 2000,,,,,,,
Air,Alpha Beta Gaga,,,,,,,
Tool,Lipan Conjuring,,,,,,,
David Bowie,The Man Who Sold The World,0.6,0.8,0.4,0.8,0.4,0.2,0.4
Cansei De Ser Sexy,Music Is My Hot Hot Sex,,,,,,,
Jack Johnson,Banana Pancakes,,,,,,,
Coldplay,What If,,,,,,,
Feist,Secret Heart,,,,,,,
Thievery Corporation,Lebanese Blonde,,,,,,,
Franz Ferdinand,Tell Her Tonight,,,,,,,
Pearl Jam,Jeremy,,,,,,,
Franz Ferdinand,Come On Home,,,,,,,
Interpol,A Time To Be So Small,,,,,,,
Franz Ferdinand,Eleanor Put Your Boots On,,,,,,,
Yann Tiersen,La Noyée,,,,,,,
Nine Inch Nails,Survivalism,,,,,,,
The Beatles,Because,,,,,,,
Nine Inch Nails,1 Ghosts I,,,,,,,
Pink Floyd,Eclipse,,,,,,,
The Shins,Sea Legs,,,,,,,
Mew,Special,,,,,,,
The White Stripes,The Denial Twist,,,,,,,
The Smiths,Cemetry Gates,,,,,,,
Yeah Yeah Yeahs,Pin,,,,,,,
The Smiths,Panic,,,,,,,
David Bowie,Ashes To Ashes,,,,,,,
Spoon,I Turn My Camera On,,,,,,,
The Rolling Stones,Sympathy For The Devil,,,,,,,
James Blunt,You'Re Beautiful,,,,,,,
Sigur Rós,Takk...,,,,,,,
Anton Maiden,Run To The Hills,,,,,,,
Tool,Sober,,,,,,,
Weezer,Island In The Sun,,,,,,,
Crystal Castles,Alice Practice,,,,,,,
The Beatles,Get Back,,,,,,,
Placebo,Blind,,,,,,,
Radiohead,Optimistic,,,,,,,
Metric,Dead Disco,,,,,,,
Nelly Furtado,All Good Things (Come To An End),,,,,,,
Kasabian,Processed Beats,,,,,,,
Portishead,The Rip,,,,,,,
Daft Punk,High Life,,,,,,,
Sufjan Stevens,To Be Alone With You,,,,,,,
Cut Copy,Hearts On Fire,,,,,,,
Black Rebel Motorcycle Club,All You Do Is Talk,,,,,,,
Stereophonics,Dakota,,,,,,,
Justice,Dvno,,,,,,,
Modest Mouse,Bukowski,,,,,,,
Depeche Mode,Just Can'T Get Enough,,,,,,,
Mogwai,Auto Rock,,,,,,,
My Bloody Valentine,Sometimes,,,,,,,
Nirvana,Drain You,,,,,,,
Led Zeppelin,Dazed And Confused,0.6,0.8,0.4,0.4,0.8,0.4,0.2
The Shins,Red Rabbits,,,,,,,
Muse,Citizen Erased,,,,,,,
Modest Mouse,Bury Me With It,,,,,,,
Mgmt,Future Reflections,,,,,,,
Tv On The Radio,Staring At The Sun,,,,,,,
Wolf Parade,You Are A Runner And I Am My Father'S Son,,,,,,,
Snow Patrol,Hands Open,0.6,0.8,0.4,0.6,0.4,0.2,0.6
Bloc Party,Pioneers,,,,,,,
Kaiser Chiefs,Born To Be A Dancer,,,,,,,
Sigur Rós,Sé Lest,,,,,,,
Broken Social Scene,Swimmers,,,,,,,
Franz Ferdinand,This Boy,,,,,,,
Snow Patrol,How To Be Dead,,,,,,,
Jimi Hendrix,Purple Haze,,,,,,,
Britney Spears,Hot As Ice,,,,,,,
Massive Attack,Butterfly Caught,,,,,,,
Norah Jones,Don'T Know Why,,,,,,,
Múm,Green Grass Of Tunnel,,,,,,,
Evanescence,Going Under,,,,,,,
Crystal Castles,Courtship Dating,,,,,,,
Bon Iver,Skinny Love,,,,,,,
The Killers,Bling (Confession Of A King),,,,,,,
Depeche Mode,Suffer Well,,,,,,,
Lez Zeppelin,Communication Breakdown,,,,,,,
Maxïmo Park,Graffiti,,,,,,,
Mika,Love Today,,,,,,,
The Shins,Pam Berry,,,,,,,
Wolfmother,Woman,,,,,,,
The Decemberists,The Crane Wife 3,0.6,0.6,0.4,0.6,0.2,0.4,0.6
Crystal Castles,Magic Spells,,,,,,,
Linkin Park,What I'Ve Done,,,,,,,
Arctic Monkeys,Do Me A Favour,,,,,,,
Ac/Dc,Highway To Hell,,,,,,,
The Knife,Like A Pen,,,,,,,
Spoon,The Way We Get By,,,,,,,
Editors,Bullets,,,,,,,
Lily Allen,Everything'S Just Wonderful,,,,,,,
The Go! Team,Ladyflash,,,,,,,
Gorillaz,Last Living Souls,,,,,,,
My Bloody Valentine,When You Sleep,,,,,,,
The Verve,Sonnet,,,,,,,
Daft Punk,Da Funk,,,,,,,
The Strokes,Soma,,,,,,,
The Decemberists,The Engine Driver,,,,,,,
Björk,Hunter,,,,,,,
Iggy Pop,Lust For Life,,,,,,,
Clap Your Hands Say Yeah,The Skin Of My Yellow Country Teeth,,,,,,,
Metric,The Police And The Private,,,,,,,
Afi,Prelude 12/21,,,,,,,
The Smashing Pumpkins,Cherub Rock,,,,,,,
The Beatles,Back In The U.S.S.R.,,,,,,,
The Verve,The Drugs Don'T Work,,,,,,,
The Velvet Underground,Femme Fatale,,,,,,,
Kasabian,Reason Is Treason,,,,,,,
Placebo,Special Needs,,,,,,,
The Doors,Riders On The Storm,,,,,,,
Black Rebel Motorcycle Club,Fault Line,,,,,,,
The Go! Team,Huddle Formation,,,,,,,
Coldplay,A Message,,,,,,,
Daft Punk,Voyager,,,,,,,
Portishead,Machine Gun,,,,,,,
Klaxons,Forgotten Works,,,,,,,
Nick Cave & The Bad Seeds,Where The Wild Roses Grow,,,,,,,
The Smiths,Girlfriend In A Coma,,,,,,,
We Are Scientists,The Great Escape,,,,,,,
Pixies,Bone Machine,,,,,,,
Nick Drake,One Of These Things First,,,,,,,
Damien Rice,Amie,,,,,,,
Regina Spektor,Us,,,,,,,
Mogwai,Glasgow Mega-Snake,,,,,,,
The Coral,Dreaming Of You,,,,,,,
Asobi Seksu,Thursday,,,,,,,
Travis,Sing,,,,,,,
Moby,Natural Blues,,,,,,,
The Killers,Everything Will Be Alright,,,,,,,
Placebo,This Picture,,,,,,,
Weezer,Hash Pipe,,,,,,,
Gnarls Barkley,Smiley Faces,,,,,,,
Massive Attack,Mezzanine,,,,,,,
The Shins,Mine'S Not A High Horse,,,,,,,
Panic At The Disco,The Only Difference Between Martyrdom And Suicide Is Press Coverage,,,,,,,
Mogwai,Friend Of The Night,,,,,,,
Nine Inch Nails,Capital G,,,,,,,
Shiny Toy Guns,Le Disko,,,,,,,
Metallica,Fade To Black,,,,,,,
Portishead,All Mine,,,,,,,
Metric,Succexy,,,,,,,
The Knife,Na Na Na,,,,,,,
The Stone Roses,She Bangs The Drums,,,,,,,
Ramones,Blitzkrieg Bop,,,,,,,
Tool,Parabol,,,,,,,
Ac/Dc,Thunderstruck,,,,,,,
Björk,Venus As A Boy,,,,,,,
Belle And Sebastian,Funny Little Frog,,,,,,,
Jimi Hendrix,Hey Joe,,,,,,,
Zero 7,Destiny,,,,,,,
Daft Punk,Nightvision,,,,,,,
Röyksopp,Beautiful Day Without You,,,,,,,
Cat Power,Metal Heart,,,,,,,
In Flames,Only For The Weak,,,,,,,
The Verve,Bittersweet Symphony,,,,,,,
Kasabian,Empire,,,,,,,
Broken Social Scene,Kc Accidental,,,,,,,
Panic At The Disco,But It'S Better If You Do,,,,,,,
Kings Of Leon,Closer,,,,,,,
Sufjan Stevens,Jacksonville,,,,,,,
Incubus,Anna Molly,0.8,0.8,0.4,0.6,0.4,0.2,0.6
Patrick Wolf,Wind In The Wires,,,,,,,
The Beatles,A Hard Day'S Night,0.6,0.8,0.2,0.8,0.2,0.4,0.6
The National,Squalor Victoria,,,,,,,
Tegan And Sara,Walking With A Ghost,,,,,,,
Nine Inch Nails,Sin,,,,,,,
Britney Spears,Get Naked (I Got A Plan),,,,,,,
Nine Inch Nails,Head Like A Hole,,,,,,,
The Knife,From Off To On,,,,,,,
Placebo,You Don'T Care About Us,,,,,,,
The Velvet Underground,Venus In Furs,,,,,,,
Silversun Pickups,Well Thought Out Twinkles,0.6,0.6,0.4,0.6,0.8,0.4,0.6
Lily Allen,Knock 'Em Out,,,,,,,
Massive Attack,Man Next Door,,,,,,,
The Shins,Girl Sailor,,,,,,,
Yeah Yeah Yeahs,Tick,,,,,,,
Tool,The Grudge,,,,,,,
Tool,H.,,,,,,,
Yeah Yeah Yeahs,Fancy,,,,,,,
Placebo,Pierrot The Clown,,,,,,,
Keane,This Is The Last Time,0.8,0.8,0.4,1.0,0.0,0.2,0.6
Portishead,It'S A Fire,,,,,,,
Led Zeppelin,Babe I'M Gonna Leave You,,,,,,,
Portishead,Pedestal,,,,,,,
The Killers,Change Your Mind,,,,,,,
Coldplay,Life In Technicolor,,,,,,,
Crystal Castles,Air War,,,,,,,
Lcd Soundsystem,Daft Punk Is Playing At My House,,,,,,,
Ok Go,Here It Goes Again,,,,,,,
Coldplay,42,,,,,,,
The Raconteurs,Steady As She Goes,,,,,,,
Goldfrapp,Strict Machine,,,,,,,
Radiohead,The Tourist,,,,,,,
Radiohead,Kid A,,,,,,,
Jack Johnson,Good People,,,,,,,
Bright Eyes,Lover I Don'T Have To Love,,,,,,,
Portishead,Biscuit,,,,,,,
Metallica,For Whom The Bell Tolls,,,,,,,
Regina Spektor,Hotel Song,,,,,,,
Snow Patrol,Make This Go On Forever,,,,,,,
Depeche Mode,It'S No Good,,,,,,,
Feist,The Limit To Your Love,,,,,,,
The Decemberists,Here I Dreamt I Was An Architect,,,,,,,
Feist,Let It Die,,,,,,,
Coldplay,Sparks,,,,,,,
Britney Spears,Freakshow,,,,,,,
Stars,Ageless Beauty,,,,,,,
Rilo Kiley,Portions For Foxes,,,,,,,
Massive Attack,Black Milk,,,,,,,
Keane,Bedshaped,,,,,,,
The Beatles,Glass Onion,,,,,,,
P!Nk,Who Knew,,,,,,,
Silversun Pickups,Lazy Eye,,,,,,,
Broken Social Scene,Looks Just Like The Sun,,,,,,,
Bloc Party,Song For Clay (Disappear Here),,,,,,,
Radiohead,Morning Bell,,,,,,,
Coldplay,A Whisper,,,,,,,
Sigur Rós,Með Blóðnasir,,,,,,,
Kings Of Leon,Four Kicks,,,,,,,
Kings Of Leon,Charmer,,,,,,,
Sex Pistols,God Save The Queen,,,,,,,
Wilco,I Am Trying To Break Your Heart,,,,,,,
Daft Punk,Face To Face,,,,,,,
The White Stripes,The Hardest Button To Button,0.6,0.4,0.2,0.4,0.8,0.4,0.0
The Beatles,Can'T Buy Me Love,,,,,,,
A Perfect Circle,Blue,,,,,,,
Daft Punk,Robot Rock,,,,,,,
Rihanna,Umbrella (Feat. Jay-Z),,,,,,,
Elliott Smith,Speed Trials,,,,,,,
Oasis,Morning Glory,,,,,,,
Oasis,Some Might Say,,,,,,,
The Shins,Black Wave,,,,,,,
Interpol,All Fired Up,,,,,,,
Architecture In Helsinki,Do The Whirlwind,,,,,,,
Joy Division,Candidate,,,,,,,
Madonna,Get Together,,,,,,,
Antony And The Johnsons,My Lady Story,,,,,,,
Air,Universal Traveler,,,,,,,
Black Rebel Motorcycle Club,Promise,,,,,,,
Interpol,Wrecking Ball,,,,,,,
Sigur Rós,Inní Mér Syngur Vitleysingur,,,,,,,
Télépopmusik,Breathe,0.6,0.4,1.0,1.0,0.0,0.2,0.4
The Knife,Forest Families,,,,,,,
Thom Yorke,The Eraser,,,,,,,
The Shins,Fighting In A Sack,,,,,,,
Wolf Parade,Grounds For Divorce,,,,,,,
Bloc Party,I Still Remember,,,,,,,
Pink Floyd,The Happiest Days Of Our Lives,,,,,,,
Boards Of Canada,Roygbiv,,,,,,,
Belle And Sebastian,The Blues Are Still Blue,,,,,,,
The Cure,Lovesong,,,,,,,
A Perfect Circle,Judith,,,,,,,
Death Cab For Cutie,Stable Song,,,,,,,
Tool,Stinkfist,,,,,,,
Sigur Rós,Andvari,,,,,,,
The Knife,We Share Our Mothers' Health,,,,,,,
The Shins,Girl Inform Me,,,,,,,
The Beatles,Michelle,,,,,,,
Blonde Redhead,23,,,,,,,
Snow Patrol,Spitting Games,,,,,,,
Vampire Weekend,Cape Cod Kwassa Kwassa,,,,,,,
Metric,Too Little Too Late,,,,,,,
Band Of Horses,The Great Salt Lake,,,,,,,
Cat Power,He War,,,,,,,
Antony And The Johnsons,For Today I Am A Boy,,,,,,,
Iron & Wine,Naked As We Came,,,,,,,
Mylo,In My Arms,,,,,,,
Cat Power,I Don'T Blame You,,,,,,,
Daft Punk,Superheroes,,,,,,,
Elliott Smith,Say Yes,,,,,,,
Elliott Smith,Alameda,,,,,,,
Madonna,Forbidden Love,,,,,,,
Coldplay,Amsterdam,,,,,,,
Maxïmo Park,Postcard Of A Painting,,,,,,,
Iggy Pop,The Passenger,,,,,,,
Lamb,Gabriel,,,,,,,
Muse,Micro Cuts,,,,,,,
Nirvana,All Apologies,,,,,,,
The Beatles,I'M Only Sleeping,,,,,,,
Franz Ferdinand,Well That Was Easy,,,,,,,
Simian Mobile Disco,I Believe,,,,,,,
Röyksopp,Triumphant,,,,,,,
The Smiths,Ask,,,,,,,
The Beatles,Happiness Is A Warm Gun,,,,,,,
Babyshambles,Fuck Forever,0.4,0.6,0.4,0.4,0.8,0.6,0.4
Blur,Parklife,,,,,,,
Depeche Mode,Walking In My Shoes,,,,,,,
Britney Spears,Heaven On Earth,0.8,0.6,1.0,0.8,0.0,0.4,0.6
The Velvet Underground,There She Goes Again,,,,,,,
Feist,Leisure Suite,,,,,,,
The Beatles,Helter Skelter,,,,,,,
Coldplay,Strawberry Swing,,,,,,,
Lez Zeppelin,Since I'Ve Been Loving You,,,,,,,
The National,Apartment Story,,,,,,,
Joy Division,Digital,,,,,,,
The Velvet Underground,I'Ll Be Your Mirror,,,,,,,
Kings Of Convenience,Misread,,,,,,,
System Of A Down,Toxicity,,,,,,,
The White Stripes,I Just Don'T Know What To Do With Myself,,,,,,,
Razorlight,Golden Touch,,,,,,,
Cansei De Ser Sexy,Meeting Paris Hilton,,,,,,,
Dirty Pretty Things,Bang Bang You'Re Dead,,,,,,,
Tegan And Sara,I Know I Know I Know,,,,,,,
Patrick Wolf,The Libertine,,,,,,,
The Beatles,And Your Bird Can Sing,,,,,,,
Anton Maiden,The Number Of The Beast,,,,,,,
Tears For Fears,Mad World,,,,,,,
The Shins,Know Your Onion!,,,,,,,
Queen,We Will Rock You,,,,,,,
Audioslave,Gasoline,,,,,,,
Gorillaz,Every Planet We Reach Is Dead,,,,,,,
Depeche Mode,Stripped,,,,,,,
Nine Inch Nails,Terrible Lie,,,,,,,
M.I.A.,Jimmy,,,,,,,
Aqualung,Brighter Than Sunshine,,,,,,,
Kings Of Leon,Fans,,,,,,,
Feist,When I Was A Young Girl,,,,,,,
The Verve,Lucky Man,,,,,,,
Belle And Sebastian,If She Wants Me,0.6,0.6,0.6,0.8,0.2,0.4,0.6
Feist,The Park,,,,,,,
Talking Heads,Once In A Lifetime,,,,,,,
Cold War Kids,Hang Me Up To Dry,,,,,,,
Jeff Buckley,So Real,,,,,,,
Nirvana,Pennyroyal Tea,,,,,,,
Boards Of Canada,Chromakey Dreamcoat,,,,,,,
Pink Floyd,Have A Cigar,,,,,,,
Band Of Horses,The First Song,,,,,,,
Kt Tunstall,Suddenly I See,,,,,,,
Modest Mouse,The View,,,,,,,
Elliott Smith,Ballad Of Big Nothing,,,,,,,
Broken Social Scene,Capture The Flag,,,,,,,
Snow Patrol,It'S Beginning To Get To Me,,,,,,,
Placebo,Meds (Feat. Vv Of The Kills),,,,,,,
The Prodigy,Breathe,,,,,,,
Kings Of Leon,Milk,,,,,,,
Kings Of Leon,Mcfearless,,,,,,,
Arcade Fire,In The Backseat,,,,,,,
Alice In Chains,Them Bones,,,,,,,
Elliott Smith,Pictures Of Me,,,,,,,
Coldplay,Parachutes,,,,,,,
Kings Of Leon,Red Morning Light,,,,,,,
Placebo,English Summer Rain,0.6,0.6,0.4,0.6,0.2,0.4,0.6
Bright Eyes,Lua,,,,,,,
Muse,Unintended,,,,,,,
The New Pornographers,Twin Cinema,,,,,,,
Ratatat,Seventeen Years,,,,,,,
Bob Dylan,Blowin' In The Wind,,,,,,,
Yeah Yeah Yeahs,Turn Into,,,,,,,
Franz Ferdinand,Evil And A Heathen,,,,,,,
Queen,Crazy Little Thing Called Love,,,,,,,
Placebo,Song To Say Goodbye,,,,,,,
Justice,Let There Be Light,,,,,,,
New Order,Ceremony,,,,,,,
Arcade Fire,In The Back Seat,,,,,,,
The Futureheads,Hounds Of Love,,,,,,,
Clap Your Hands Say Yeah,Is This Love?,,,,,,,
Depeche Mode,Wrong,,,,,,,
Röyksopp,In Space,,,,,,,
Oasis,Roll With It,,,,,,,
Wolf Parade,Modern World,,,,,,,
The National,Start A War,,,,,,,
Snow Patrol,You Could Be Happy,,,,,,,
Fleet Foxes,Ragged Wood,,,,,,,
Coldplay,Spies,,,,,,,
Muse,Space Dementia,,,,,,,
Nirvana,Breed,,,,,,,
Morrissey,You Have Killed Me,,,,,,,
The Killers,Glamorous Indie Rock And Roll,,,,,,,
The Doors,Strange Days,,,,,,,
The Dresden Dolls,Girl Anachronism,,,,,,,
Sonic Youth,Incinerate,,,,,,,
Feist,Past In Present,,,,,,,
Creedence Clearwater Revisited,Fortunate Son,,,,,,,
In Flames,Take This Life,,,,,,,
Coldplay,Swallowed In The Sea,,,,,,,
The White Stripes,Black Math,,,,,,,
The Shins,The Celibate Life,,,,,,,
The Killers,Enterlude,,,,,,,
Arctic Monkeys,This House Is A Circus,,,,,,,
The Shins,Weird Divide,,,,,,,
Lez Zeppelin,Kashmir,,,,,,,
A Perfect Circle,Orestes,,,,,,,
Elliott Smith,Twilight,,,,,,,
Pixies,Gouge Away,,,,,,,
Pink Floyd,High Hopes,,,,,,,
Placebo,Without You I'M Nothing,,,,,,,
Black Rebel Motorcycle Club,Devil'S Waitin',,,,,,,
Patrick Wolf,Bluebells,,,,,,,
Thom Yorke,Harrowdown Hill,,,,,,,
Beirut,Mount Wroclai (Idle Days),,,,,,,
Elliott Smith,Son Of Sam,,,,,,,
Oasis,Supersonic,,,,,,,
Sigur Rós,Flugufrelsarinn,,,,,,,
Bright Eyes,We Are Nowhere And It'S Now,,,,,,,
Franz Ferdinand,You'Re The Reason I'M Leaving,,,,,,,
Lily Allen,Friday Night,,,,,,,
The National,Green Gloves,,,,,,,
Scissor Sisters,Laura,,,,,,,
Kings Of Leon,Taper Jean Girl,,,,,,,
Moby,Extreme Ways,0.6,0.6,0.8,0.6,0.4,0.4,0.4
Duffy,Warwick Avenue,,,,,,,
Bon Iver,Flume,,,,,,,
Elliott Smith,Rose Parade,,,,,,,
The Beatles,Blackbird,0.6,0.6,0.8,1.0,0.0,0.2,0.0
The Strokes,Trying Your Luck,,,,,,,
Metric,Hustle Rose,,,,,,,
Elliott Smith,Somebody That I Used To Know,,,,,,,
Cut Copy,Feel The Love,,,,,,,
Beirut,Cliquot,,,,,,,
Arctic Monkeys,Only Ones Who Know,,,,,,,
Band Of Horses,Wicked Gil,,,,,,,
Death From Above 1979,Blood On Our Hands,,,,,,,
Depeche Mode,A Pain That I'M Used To,,,,,,,
The Smiths,Pretty Girls Make Graves,,,,,,,
U2,Sometimes You Can'T Make It On Your Own,,,,,,,
Belle And Sebastian,White Collar Boy,,,,,,,
Gorillaz,O Green World,,,,,,,
Portishead,Silence,,,,,,,
Vampire Weekend,Mansard Roof,,,,,,,
Moby,Lift Me Up,,,,,,,
System Of A Down,Chop Suey,,,,,,,
Queens Of The Stone Age,Feel Good Hit Of The Summer,,,,,,,
Wolf Parade,Shine A Light,,,,,,,
Feist,The Water,,,,,,,
Tool,The Patient,,,,,,,
Tool,Lateralus,,,,,,,
Lily Allen,Alfie,,,,,,,
The Beatles,With A Little Help From My Friends,,,,,,,
Yeah Yeah Yeahs,Black Tongue,,,,,,,
Maxïmo Park,Going Missing,,,,,,,
Mogwai,Travel Is Dangerous,,,,,,,
The Smiths,Some Girls Are Bigger Than Others,,,,,,,
Neutral Milk Hotel,Communist Daughter,,,,,,,
Broken Social Scene,Pacific Theme,,,,,,,
Kings Of Leon,Ragoo,,,,,,,
The Knife,One Hit,,,,,,,
Beirut,Scenic World,0.6,0.6,0.4,0.8,0.2,0.4,0.4
Coldplay,Low,,,,,,,
Radiohead,Bullet Proof..I Wish I Was,,,,,,,
Radiohead,Treefingers,,,,,,,
Yeah Yeah Yeahs,Man,,,,,,,
Editors,An End Has A Start,,,,,,,
The Knife,Girls' Night Out,,,,,,,
The Dresden Dolls,Half Jack,,,,,,,
The Stone Roses,Waterfall,,,,,,,
Björk,Big Time Sensuality,,,,,,,
Imogen Heap,Daylight Robbery,,,,,,,
Pink Floyd,Mother,,,,,,,
The Flaming Lips,Do You Realize??,,,,,,,
Damien Rice,Older Chests,,,,,,,
Radiohead,In Limbo,,,,,,,
Franz Ferdinand,No You Girls,,,,,,,
Blur,Beetlebum,,,,,,,
Moby,Why Does My Heart Feel So Bad?,,,,,,,
Massive Attack,Exchange,,,,,,,
The Beach Boys,Good Vibrations,,,,,,,
Justice,Phantom,,,,,,,
The Strokes,The Modern Age,,,,,,,
Metallica,Battery,,,,,,,
Battles,Atlas,,,,,,,
Placebo,36 Degrees,,,,,,,
Jeff Buckley,Mojo Pin,,,,,,,
The Stone Roses,Made Of Stone,,,,,,,
Joy Division,Passover,0.4,0.4,0.6,0.4,0.6,0.4,0.2
In Flames,Come Clarity,,,,,,,
Foals,Balloons,,,,,,,
Wolf Parade,I'Ll Believe In Anything,,,,,,,
Death Cab For Cutie,Death Of An Interior Decorator,,,,,,,
Metallica,Whiskey In The Jar,0.6,0.8,0.2,0.4,0.8,0.2,0.6
Explosions In The Sky,First Breath After Coma,,,,,,,
Placebo,Slave To The Wage,,,,,,,
Lily Allen,Littlest Things,,,,,,,
Slayer,Raining Blood,,,,,,,
The Beatles,Taxman,,,,,,,
The New Pornographers,Use It,0.6,0.6,0.4,0.8,0.4,0.4,0.8
Death From Above 1979,Black History Month,,,,,,,
Clap Your Hands Say Yeah,Let The Cool Goddess Rust Away,,,,,,,
Tegan And Sara,Back In Your Head,,,,,,,
Mika,Lollipop,,,,,,,
Siouxsie And The Banshees,Hong Kong Garden,,,,,,,
Nine Inch Nails,We'Re In This Together,,,,,,,
Tool,Intension,,,,,,,
Portishead,Hunter,,,,,,,
Patrick Wolf,Teignmouth,,,,,,,
Thom Yorke,Analyse,,,,,,,
Feist,Brandy Alexander,,,,,,,
Red Hot Chili Peppers,Can'T Stop,,,,,,,
Maxïmo Park,I Want You To Stay,,,,,,,
Marilyn Manson,The Beautiful People,,,,,,,
Dread Zeppelin,Good Times Bad Times,,,,,,,
The Beatles,In My Life,,,,,,,
M.I.A.,Boyz,,,,,,,
Patrick Wolf,Overture,,,,,,,
Jem,They,,,,,,,
Frou Frou,Breathe In,,,,,,,
Bright Eyes,At The Bottom Of Everything,,,,,,,
Modest Mouse,Fire It Up,,,,,,,
R.E.M.,Nightswimming,,,,,,,
Air,Once Upon A Time,,,,,,,
Slipknot,Duality,,,,,,,
Kasabian,Shoot The Runner,,,,,,,
Joanna Newsom,The Book Of Right-On,,,,,,,
Björk,Hidden Place,,,,,,,
Slayer,Angel Of Death,,,,,,,
Black Rebel Motorcycle Club,Still Suspicion Holds You Tight,,,,,,,
Tool,Forty Six & 2,,,,,,,
Explosions In The Sky,The Only Moment We Were Alone,,,,,,,
Beirut,La Banlieue,,,,,,,
Ac/Dc,Hells Bells,,,,,,,
Kt Tunstall,Other Side Of The World,,,,,,,
The Rolling Stones,Gimme Shelter,,,,,,,
Dread Zeppelin,Heartbreaker,,,,,,,
Animal Collective,My Girls,,,,,,,
Sigur Rós,Untitled 4,,,,,,,
Violent Femmes,Blister In The Sun,,,,,,,
Joy Division,No Love Lost,,,,,,,
Gorillaz,Kids With Guns,,,,,,,
Cansei De Ser Sexy,Art Bitch,,,,,,,
Fleet Foxes,Tiger Mountain Peasant Song,,,,,,,
Boards Of Canada,Wildlife Analysis,,,,,,,
Imogen Heap,Just For Now,,,,,,,
Bloc Party,Price Of Gas,,,,,,,
Imogen Heap,The Walk,,,,,,,
Onerepublic,Stop And Stare,,,,,,,
Gary Numan,Cars,,,,,,,
A Perfect Circle,Imagine,,,,,,,
Placebo,Teenage Angst,,,,,,,
Nine Inch Nails,The Perfect Drug,,,,,,,
Boards Of Canada,'84 Pontiac Dream,,,,,,,
The Strokes,Under Control,0.6,0.6,0.4,0.8,0.4,0.6,0.4
Pixies,Broken Face,,,,,,,
Cat Power,Lived In Bars,,,,,,,
The Fratellis,Henrietta,,,,,,,
Editors,Smokers Outside The Hospital Doors,,,,,,,
Yeah Yeah Yeahs,The Sweets,,,,,,,
Radiohead,You And Whose Army?,,,,,,,
A Perfect Circle,The Hollow,,,,,,,
Wolf Parade,Fancy Claps,,,,,,,
The Kinks,Lola,,,,,,,
Cat Power,Living Proof,,,,,,,
Antony And The Johnsons,Fistful Of Love,,,,,,,
Marilyn Manson,Tainted Love,,,,,,,
Editors,Lights,,,,,,,
Wolf Parade,Dear Sons And Daughters Of Hungry Ghosts,,,,,,,
Of Montreal,Disconnect The Dots,,,,,,,
The Smiths,Reel Around The Fountain,,,,,,,
Rufus Wainwright,Hallelujah,,,,,,,
Nine Inch Nails,The Frail,,,,,,,
Architecture In Helsinki,Scissor Paper Rock,,,,,,,
Kate Nash,Foundations,,,,,,,
Black Sabbath,Iron Man,,,,,,,
Modest Mouse,We'Ve Got Everything,,,,,,,
Lily Allen,Not Big,,,,,,,
The Shins,One By One All Day,,,,,,,
Cansei De Ser Sexy,Alcohol,,,,,,,
Panic At The Disco,Camisado,,,,,,,
Coldplay,High Speed,,,,,,,
Lcd Soundsystem,All My Friends,,,,,,,
Placebo,Nancy Boy,,,,,,,
A Perfect Circle,Magdalena,,,,,,,
Tegan And Sara,The Con,,,,,,,
Band Of Horses,Our Swords,,,,,,,
Razorlight,America,,,,,,,
The Beatles,For No One,,,,,,,
Nelly Furtado,Promiscuous (Feat. Timbaland),,,,,,,
Johnny Cash,Folsom Prison Blues,0.4,0.8,0.2,0.6,0.6,0.4,0.2
Black Kids,I'M Not Gonna Teach Your Boyfriend How To Dance With You,,,,,,,
Foals,Olympic Airways,,,,,,,
Animal Collective,Leaf House,,,,,,,
Feist,Lonely Lonely,,,,,,,
The Kooks,Always Where I Need To Be,,,,,,,
U2,Pride (In The Name Of Love),,,,,,,
Architecture In Helsinki,Heart It Races,,,,,,,
Beck,Gamma Ray,,,,,,,
Portishead,We Carry On,,,,,,,
Kings Of Leon,Soft,,,,,,,
The Fratellis,Whistle For The Choir,,,,,,,
Modest Mouse,Satin In A Coffin,,,,,,,
The Shins,Turn A Square,,,,,,,
Boards Of Canada,Peacock Tail,,,,,,,
Evanescence,Lithium,,,,,,,
Travis,Side,,,,,,,
Ladytron,Sugar,,,,,,,
Pink Floyd,Goodbye Blue Sky,,,,,,,
Yann Tiersen,J'Y Suis Jamais Allé,,,,,,,
New Order,Age Of Consent,,,,,,,
Band Of Horses,Part One,,,,,,,
Phoenix,If I Ever Feel Better,,,,,,,
Elliott Smith,Pitseleh,,,,,,,
Band Of Horses,Weed Party,,,,,,,
Lcd Soundsystem,Tribulations,,,,,,,
Yeah Yeah Yeahs,Warrior,,,,,,,
Garbage,I Think I'M Paranoid,,,,,,,
Guns N' Roses,Don'T Cry,,,,,,,
Black Rebel Motorcycle Club,Six Barrel Shotgun,,,,,,,
The Doors,Break On Through (To The Other Side),,,,,,,
The Clash,The Guns Of Brixton,,,,,,,
The National,Guest Room,,,,,,,
The Beatles,Oh! Darling,,,,,,,
Depeche Mode,John The Revelator,,,,,,,
Kings Of Leon,Molly'S Chambers,,,,,,,
The Beatles,Across The Universe,,,,,,,
Christina Aguilera,Ain'T No Other Man,,,,,,,
Foals,Cassius,,,,,,,
Fleet Foxes,He Doesn'T Know Why,,,,,,,
Keane,Crystal Ball,,,,,,,
Nine Inch Nails,Piggy,,,,,,,
Keane,Nothing In My Way,,,,,,,
Queens Of The Stone Age,Burn The Witch,,,,,,,
The Smiths,That Joke Isn'T Funny Anymore,,,,,,,
Iron & Wine,Boy With A Coin,,,,,,,
Metric,Wet Blanket,,,,,,,
Stereophonics,Maybe Tomorrow,,,,,,,
Pearl Jam,Even Flow,,,,,,,
Broken Social Scene,Late Nineties Bedroom Rock For The Missionaries,,,,,,,
Pavement,Cut Your Hair,,,,,,,
Broken Social Scene,Shampoo Suicide,,,,,,,
Audioslave,What You Are,,,,,,,
Justin Timberlake,My Love,,,,,,,
The Verve,Love Is Noise,,,,,,,
My Chemical Romance,I'M Not Okay (I Promise),,,,,,,
The Goo Goo Dolls,Slide,0.6,0.8,0.4,0.8,0.2,0.4,0.8
We Are Scientists,This Scene Is Dead,,,,,,,
Kaiser Chiefs,Saturday Night,,,,,,,
Joanna Newsom,Bridges And Balloons,,,,,,,
Modest Mouse,Dance Hall,,,,,,,
Yeah Yeah Yeahs,Mysteries,,,,,,,
The Cure,Why Can'T I Be You?,,,,,,,
Radiohead,Sulk,,,,,,,
Arctic Monkeys,The Bad Thing,,,,,,,
Radiohead,You,,,,,,,
Röyksopp,Circuit Breaker,,,,,,,
Mogwai,Acid Food,,,,,,,
Wilco,Heavy Metal Drummer,,,,,,,
Jet,Look What You'Ve Done,,,,,,,
Muse,Hyper Music,,,,,,,
Regina Spektor,Field Below,,,,,,,
Belle And Sebastian,Expectations,,,,,,,
The Dresden Dolls,Missed Me,,,,,,,
Band Of Horses,No One'S Gonna Love You,,,,,,,
Coldplay,Death And All His Friends,,,,,,,
Beirut,Forks And Knives (La Fête),,,,,,,
The Beatles,Octopus'S Garden,,,,,,,
Ladytron,International Dateline,,,,,,,
Bon Iver,Lump Sum,,,,,,,
Jack Johnson,Never Know,,,,,,,
Digitalism,Pogo,,,,,,,
Oasis,The Importance Of Being Idle,,,,,,,
Rammstein,Du Hast,,,,,,,
The Flaming Lips,Fight Test,,,,,,,
The Beatles,A Day In The Life,,,,,,,
A Perfect Circle,Pet,,,,,,,
Kings Of Leon,Knocked Up,,,,,,,
Britney Spears,Ooh Ooh Baby,,,,,,,
Norah Jones,Come Away With Me,,,,,,,
Keane,Spiralling,,,,,,,
Black Rebel Motorcycle Club,Stop,,,,,,,
Patrick Wolf,Augustine,,,,,,,
Rage Against The Machine,Bulls On Parade,,,,,,,
Jeff Buckley,Lilac Wine,,,,,,,
The Prodigy,Firestarter,,,,,,,
Nine Inch Nails,Something I Can Never Have,,,,,,,
The Killers,This River Is Wild,,,,,,,
The Clash,Lost In The Supermarket,,,,,,,
Beyoncé,Irreplaceable,,,,,,,
Beirut,Brandenburg,,,,,,,
Fiona Apple,Sleep To Dream,,,,,,,
Black Rebel Motorcycle Club,666 Conducer,,,,,,,
Kanye West,Can'T Tell Me Nothing,,,,,,,
Keane,A Bad Dream,,,,,,,
Antony And The Johnsons,Man Is The Baby,,,,,,,
Nine Inch Nails,The Beginning Of The End,,,,,,,
Queen,Fat Bottomed Girls,,,,,,,
Neko Case,Star Witness,,,,,,,
Elliott Smith,Sweet Adeline,,,,,,,
Dashboard Confessional,Hands Down,,,,,,,
Radiohead,2+2= 5,,,,,,,
Portishead,Only You,,,,,,,
Kylie Minogue,In My Arms,,,,,,,
Keane,Bend And Break,,,,,,,
System Of A Down,Chop Suey!,,,,,,,
System Of A Down,Cigaro,,,,,,,
Damien Rice,Cheers Darlin',,,,,,,
Depeche Mode,A Question Of Time,,,,,,,
Blur,Coffee & Tv,,,,,,,
The Doors,The Crystal Ship,,,,,,,
Queens Of The Stone Age,In My Head,,,,,,,
Evanescence,Taking Over Me,,,,,,,
Oasis,She'S Electric,,,,,,,
Junior Boys,In The Morning,,,,,,,
Afi,Girl'S Not Grey,,,,,,,
Dread Zeppelin,Going To California,,,,,,,
Sigur Rós,Glosoli,,,,,,,
The Cure,The Lovecats,,,,,,,
Pixies,Dig For Fire,,,,,,,
Joy Division,Wilderness,,,,,,,
The Shins,Girl On The Wing,,,,,,,
Múm,We Have A Map Of The Piano,,,,,,,
Sufjan Stevens,The Dress Looks Nice On You,,,,,,,
The Strokes,Automatic Stop,,,,,,,
The Clash,Rudie Can'T Fail,,,,,,,
The Doors,Break On Through,,,,,,,
Cocorosie,By Your Side,,,,,,,
Black Rebel Motorcycle Club,Awake,,,,,,,
Depeche Mode,Everything Counts,,,,,,,
Editors,Fall,,,,,,,
Blondie,Call Me,0.8,0.8,0.2,0.6,0.6,0.4,0.4
Portishead,Plastic,,,,,,,
Cansei De Ser Sexy,Off The Hook,,,,,,,
Anton Maiden,The Trooper,,,,,,,
Bloc Party,Luno,,,,,,,
The Stranglers,Golden Brown,,,,,,,
Nelly Furtado,Promiscuous,,,,,,,
Bloc Party,Waiting For The 7.18,,,,,,,
Black Rebel Motorcycle Club,White Palms,,,,,,,
Belle And Sebastian,Like Dylan In The Movies,,,,,,,
Black Rebel Motorcycle Club,Not What You Wanted,,,,,,,
Bloc Party,Uniform,,,,,,,
Band Of Horses,I Go To The Barn Because I Like The,,,,,,,
The Cure,Fascination Street,,,,,,,
Clap Your Hands Say Yeah,Sunshine And Clouds (And Everything Proud),,,,,,,
Lady Gaga,Lovegame,,,,,,,
The Shins,Those To Come,,,,,,,
Scissor Sisters,Take Your Mama,,,,,,,
Ratatat,Lex,,,,,,,
Cut Copy,Future,,,,,,,
Metric,Handshakes,,,,,,,
Imogen Heap,Have You Got It In You?,,,,,,,
Fergie,Big Girls Don'T Cry,,,,,,,
Blur,Out Of Time,,,,,,,
Zz Top,Sharp Dressed Man,,,,,,,
Radiohead,Packt Like Sardines In A Crushd Tin Box,,,,,,,
The Beatles,I Want You (She'S So Heavy),,,,,,,
Jimi Hendrix,Fire,,,,,,,
Band Of Horses,Is There A Ghost,,,,,,,
Wilco,I'M The Man Who Loves You,,,,,,,
Him,Wicked Game,,,,,,,
The Libertines,Time For Heroes,,,,,,,
Boards Of Canada,Music Is Math,,,,,,,
The Darkness,I Believe In A Thing Called Love,,,,,,,
Britney Spears,I'M A Slave 4 U,,,,,,,
Modest Mouse,Missed The Boat,0.6,0.6,0.6,0.6,0.4,0.4,0.8
Modest Mouse,Florida,,,,,,,
Le Tigre,Deceptacon,,,,,,,
The Cardigans,My Favourite Game,,,,,,,
Cut Copy,Out There On The Ice,,,,,,,
Black Rebel Motorcycle Club,As Sure As The Sun,,,,,,,
Daft Punk,Veridis Quo,,,,,,,
Nine Inch Nails,The Fragile,,,,,,,
Bat For Lashes,Horse And I,,,,,,,
Oasis,Cast No Shadow,,,,,,,
Black Rebel Motorcycle Club,Need Some Air,,,,,,,
Beirut,Rhineland (Heartland),,,,,,,
Tool,Eulogy,,,,,,,
Joy Division,A Means To An End,,,,,,,
Pantera,Walk,,,,,,,
Afi,Summer Shudder,,,,,,,
Silversun Pickups,Three Seed,,,,,,,
Iron & Wine,Love And Some Verses,,,,,,,
Black Rebel Motorcycle Club,Took Out A Loan,,,,,,,
Paramore,Crushcrushcrush,,,,,,,
The Futureheads,Decent Days And Nights,,,,,,,
The Raconteurs,Broken Boy Soldier,,,,,,,
Cocorosie,Beautiful Boyz,,,,,,,
Patrick Wolf,To The Lighthouse,,,,,,,
Vampire Weekend,Campus,,,,,,,
Kings Of Leon,Black Thumbnail,,,,,,,
Belle And Sebastian,The Stars Of Track And Field,,,,,,,
Joy Division,Interzone,,,,,,,
Goldfrapp,Ride A White Horse,,,,,,,
Elliott Smith,Baby Britain,,,,,,,
Metallica,Fuel,,,,,,,
The Fray,All At Once,,,,,,,
Al Green,Let'S Stay Together,,,,,,,
Radiohead,Go To Sleep,,,,,,,
Rjd2,Ghostwriter,,,,,,,
Bright Eyes,Road To Joy,,,,,,,
Daft Punk,Short Circuit,,,,,,,
Damien Rice,I Remember,,,,,,,
Panic At The Disco,London Beckoned Songs About Money Written By Machines,,,,,,,
U2,New Year'S Day,,,,,,,
Massive Attack,Protection,,,,,,,
The Decemberists,Summersong,,,,,,,
Mew,The Zookeeper'S Boy,,,,,,,
Dread Zeppelin,When The Levee Breaks,,,,,,,
Audioslave,Shadow On The Sun,,,,,,,
The Go! Team,Panther Dash,,,,,,,
The Smiths,Vicar In A Tutu,,,,,,,
Pink Floyd,Astronomy Domine,,,,,,,
Radiohead,Where I End And You Begin,,,,,,,
Placebo,Running Up That Hill,,,,,,,
Art Brut,Formed A Band,,,,,,,
Evanescence,Hello,,,,,,,
Joanna Newsom,Sprout And The Bean,,,,,,,
David Bowie,Oh! You Pretty Things,,,,,,,
Yeah Yeah Yeahs,Cold Light,,,,,,,
Whitesnake,Here I Go Again,,,,,,,
Aphex Twin,Avril 14Th,,,,,,,
Oasis,Acquiesce,,,,,,,
Nouvelle Vague,Too Drunk To Fuck,,,,,,,
Sonic Youth,Teen Age Riot,,,,,,,
Imogen Heap,Loose Ends,,,,,,,
Amy Winehouse,Me & Mr Jones,,,,,,,
The Killers,Uncle Jonny,,,,,,,
Queen,The Show Must Go On,,,,,,,
Massive Attack,Karmacoma,,,,,,,
Morrissey,Everyday Is Like Sunday,0.6,0.6,0.8,0.8,0.2,0.4,0.4
The Beatles,Tomorrow Never Knows,,,,,,,
Beirut,Guyamas Sonora,,,,,,,
Tool,Ticks & Leeches,,,,,,,
The Knife,Listen Now,,,,,,,
Muse,Showbiz,,,,,,,
Fleet Foxes,Quiet Houses,,,,,,,
Röyksopp,What Else Is There?,,,,,,,
Elliott Smith,No Name No. 5,,,,,,,
Goldfrapp,Utopia,,,,,,,
Air,Space Maker,,,,,,,
Pixies,Dead,,,,,,,
U2,Elevation,,,,,,,
Bob Marley & The Wailers,Three Little Birds,,,,,,,
Bon Iver,The Wolves (Act I And Ii),,,,,,,
Outkast,Hey Ya!,,,,,,,
Radiohead,Like Spinning Plates,,,,,,,
Crystal Castles,Crimewave (Crystal Castles Vs. Health),,,,,,,
Tori Amos,A Sorta Fairytale,,,,,,,
Morrissey,Suedehead,,,,,,,
We Are Scientists,Inaction,,,,,,,
Broken Social Scene,Fire Eye'D Boy,,,,,,,
Coldplay,X&Y,,,,,,,
Weezer,My Name Is Jonas,,,,,,,
Air,New Star In The Sky,,,,,,,
Regina Spektor,That Time,,,,,,,
The Go! Team,The Power Is On,,,,,,,
Elbow,Grounds For Divorce,,,,,,,
Boards Of Canada,Into The Rainbow Vein,,,,,,,
Tool,Disposition,,,,,,,
Electric Light Orchestra Part Ii,Mr. Blue Sky,,,,,,,
The Knife,You Take My Breath Away,,,,,,,
Natalia Barbu,Fight,,,,,,,
In Flames,The Quiet Place,,,,,,,
Yo La Tengo,Stockholm Syndrome,,,,,,,
Beck,Nausea,,,,,,,
The Stooges,Search And Destroy,,,,,,,
Nine Inch Nails,The Wretched,,,,,,,
Weezer,The World Has Turned And Left Me Here,,,,,,,
Cut Copy,Unforgettable Season,,,,,,,
Beck,Think I'M In Love,,,,,,,
Beirut,The Penalty,,,,,,,
Muse,Ruled By Secrecy,,,,,,,
30 Seconds To Mars,A Beautiful Lie,,,,,,,
Thom Yorke,Skip Divided,0.6,0.4,0.8,0.6,0.2,0.4,0.0
The Go! Team,Feelgood By Numbers,,,,,,,
My Bloody Valentine,To Here Knows When,,,,,,,
Boards Of Canada,A Moment Of Clarity,,,,,,,
My Bloody Valentine,Soon,,,,,,,
Wilco,Radio Cure,,,,,,,
Travis,Writing To Reach You,,,,,,,
Thom Yorke,The Clock,,,,,,,
Spoon,You Got Yr. Cherry Bomb,,,,,,,
Bob Dylan,The Times They Are A-Changin',,,,,,,
The Smiths,Shoplifters Of The World Unite,,,,,,,
Hard-Fi,Cash Machine,,,,,,,
Kaiser Chiefs,You Can Have It All,,,,,,,
Neutral Milk Hotel,Oh Comely,,,,,,,
Portishead,Over,,,,,,,
The Smiths,You'Ve Got Everything Now,,,,,,,
Babyshambles,Delivery,,,,,,,
Antony And The Johnsons,You Are My Sister,,,,,,,
Queens Of The Stone Age,Medication,,,,,,,
Blur,The Universal,,,,,,,
Moby,In This World,,,,,,,
Red Hot Chili Peppers,Around The World,,,,,,,
Black Rebel Motorcycle Club,Restless Sinner,,,,,,,
Broken Social Scene,Our Faces Split The Coast In Half,,,,,,,
Porcupine Tree,The Sound Of Muzak,,,,,,,
Jamiroquai,Virtual Insanity,,,,,,,
Justice,Newjack,,,,,,,
Katatonia,My Twin,,,,,,,
The Doors,Touch Me,,,,,,,
Burial,Archangel,,,,,,,
Snow Patrol,Set The Fire To The Third Bar,,,,,,,
The New Pornographers,The Bleeding Heart Show,,,,,,,
Björk,Possibly Maybe,,,,,,,
Lcd Soundsystem,Someone Great,,,,,,,
Coldplay,We Never Change,,,,,,,
M.I.A.,Bucky Done Gun,,,,,,,
Green Day,Basket Case,,,,,,,
Cut Copy,We Fight For Diamonds,,,,,,,
Editors,Fingers In The Factories,,,,,,,
Mylo,Drop The Pressure,,,,,,,
The Raconteurs,Hands,,,,,,,
Nine Inch Nails,All The Love In The World,,,,,,,
Midlake,Roscoe,,,,,,,
The Mars Volta,Inertiatic Esp,,,,,,,
Sufjan Stevens,The Man Of Metropolis Steals Our Hearts,,,,,,,
Spoon,The Two Sides Of Monsieur Valentine,,,,,,,
Of Montreal,Gronlandic Edit,,,,,,,
Portishead,Cowboys,,,,,,,
The Killers,My List,,,,,,,
Led Zeppelin,Tangerine,,,,,,,
Nick Drake,Things Behind The Sun,,,,,,,
Evanescence,Tourniquet,,,,,,,
Spoon,Don'T You Evah,,,,,,,
Simon & Garfunkel,The Only Living Boy In New York,,,,,,,
Black Rebel Motorcycle Club,Lien On Your Dreams,,,,,,,
Justice,Valentine,,,,,,,
Modest Mouse,This Devil'S Workday,,,,,,,
The National,Secret Meeting,,,,,,,
Tenacious D,Tribute,,,,,,,
Iron & Wine,Sunset Soon Forgotten,,,,,,,
The Smiths,These Things Take Time,0.6,0.4,0.4,0.6,0.4,0.8,0.2
Travis,Love Will Come Through,,,,,,,
Bright Eyes,Four Winds,,,,,,,
Placebo,Taste In Men,,,,,,,
Placebo,Bruise Pristine,0.6,0.8,0.4,0.6,0.8,0.4,0.4
Remy Zero,Fair,,,,,,,
The Rakes,22 Grand Job,,,,,,,
Weezer,Only In Dreams,,,,,,,
Soilwork,Stabbing The Drama,,,,,,,
Interpol,Who Do You Think,,,,,,,
Nouvelle Vague,Love Will Tear Us Apart,,,,,,,
The Beatles,Good Day Sunshine,,,,,,,
Modest Mouse,Parting Of The Sensory,,,,,,,
Modest Mouse,Education,,,,,,,
Justice,Waters Of Nazareth,,,,,,,
Wilco,Impossible Germany,,,,,,,
Silversun Pickups,Checkered Floor,,,,,,,
Marilyn Manson,This Is The New Shit,,,,,,,
Justin Timberlake,My Love (Feat. T.I.),,,,,,,
Franz Ferdinand,I'M Your Villain,,,,,,,
Tori Amos,Cornflake Girl,0.8,0.8,0.6,0.8,0.2,0.4,0.6
Inxs,Never Tear Us Apart,,,,,,,
Radiohead,Talk Show Host,,,,,,,
Moby,We Are All Made Of Stars,,,,,,,
Crystal Castles,Vanished,,,,,,,
Queens Of The Stone Age,Everybody Knows That You Are Insane,,,,,,,
The White Stripes,Conquest,,,,,,,
The Strokes,What Ever Happened?,,,,,,,
Art Brut,Emily Kane,0.6,0.4,0.2,0.4,0.6,0.4,0.2
Wilco,Ashes Of American Flags,,,,,,,
The Smiths,Stop Me If You Think You'Ve Heard This One Before,,,,,,,
Coldplay,Yes,,,,,,,
The Doors,Roadhouse Blues,,,,,,,
Duffy,Stepping Stone,,,,,,,
Blondie,Hanging On The Telephone,,,,,,,
Amy Macdonald,This Is The Life,0.6,0.8,0.2,0.8,0.4,0.4,0.6
Oasis,Hello,0.6,0.8,0.2,0.4,0.6,0.8,0.6
Beirut,Elephant Gun,,,,,,,
The Smiths,How Soon Is Now,,,,,,,
Maroon,Won'T Go Home Without You,,,,,,,
Modest Mouse,3Rd Planet,,,,,,,
The Velvet Underground,All Tomorrow'S Parties,,,,,,,
Death Cab For Cutie,Cath...,,,,,,,
Kings Of Leon,My Party,,,,,,,
Massive Attack,Safe From Harm,,,,,,,
Tv On The Radio,I Was A Lover,,,,,,,
Clap Your Hands Say Yeah,Details Of The War,,,,,,,
The Kooks,I Want You,,,,,,,
Pj Harvey,The Devil,,,,,,,
Neutral Milk Hotel,Ghost,,,,,,,
Joy Division,Atrocity Exhibition,,,,,,,
David Bowie,Let'S Dance,,,,,,,
Joy Division,Warsaw,,,,,,,
Metric,Calculation Theme,,,,,,,
Air,Napalm Love,,,,,,,
Gang Of Four,Damaged Goods,,,,,,,
The Mars Volta,Roulette Dares (The Haunt Of),,,,,,,
Bon Iver,Blindsided,,,,,,,
Nine Inch Nails,Sunspots,,,,,,,
Broken Social Scene,Ibi Dreams Of Pavement (A Better Day),,,,,,,
The Libertines,Music When The Lights Go Out,,,,,,,
Metric,Love Is A Place,,,,,,,
Keane,We Might As Well Be Strangers,,,,,,,
Fischerspooner,Never Win,,,,,,,
Wolf Parade,We Built Another World,,,,,,,
The Beatles,Girl,,,,,,,
Boards Of Canada,Satellite Anthem Icarus,,,,,,,
Nick Drake,Place To Be,,,,,,,
Daft Punk,Human After All,,,,,,,
Nine Inch Nails,My Violent Heart,,,,,,,
The Clash,Clampdown,,,,,,,
My Bloody Valentine,Blown A Wish,,,,,,,
Clap Your Hands Say Yeah,Clap Your Hands!,0.6,0.4,0.2,0.2,0.6,0.8,0.4
Razorlight,In The Morning,,,,,,,
Within Temptation,Ice Queen,,,,,,,
M83,Don'T Save Us From The Flames,,,,,,,
Emily Haines & The Soft Skeleton,Doctor Blind,,,,,,,
Duffy,Rockferry,0.6,0.8,0.4,0.6,0.6,0.4,0.4
Clap Your Hands Say Yeah,Heavy Metal,,,,,,,
Beirut,Un Dernier Verre (Pour La Route),,,,,,,
Gorillaz,El Manana,,,,,,,
Yeah Yeah Yeahs,Zero,,,,,,,
Belle And Sebastian,Judy And The Dream Of Horses,,,,,,,
Bon Iver,For Emma,,,,,,,
Silversun Pickups,Rusted Wheel,,,,,,,
The Kills,Cheap And Cheerful,,,,,,,
Pulp,Babies,,,,,,,
My Bloody Valentine,I Only Said,,,,,,,
Björk,Earth Intruders,,,,,,,
The Pipettes,Pull Shapes,,,,,,,
Morrissey,First Of The Gang To Die,,,,,,,
Scissor Sisters,I Don'T Feel Like Dancin',,,,,,,
Lcd Soundsystem,North American Scum,,,,,,,
Madonna,Future Lovers,,,,,,,
The Velvet Underground,Pale Blue Eyes,,,,,,,
Röyksopp,Follow My Ruin,,,,,,,
Pendulum,Propane Nightmares,,,,,,,
Taking Back Sunday,Makedamnsure,,,,,,,
The Go! Team,Junior Kickstart,,,,,,,
The Chemical Brothers,Hey Boy Hey Girl,,,,,,,
Radiohead,Dollars And Cents,,,,,,,
Rilo Kiley,Silver Lining,,,,,,,
Nine Inch Nails,Just Like You Imagined,,,,,,,
Bloc Party,On,,,,,,,
Interpol,The Scale,,,,,,,
Bloc Party,Sunday,,,,,,,
Sublime,Santeria,,,,,,,
Bloc Party,Plans,,,,,,,
Alanis Morissette,Head Over Feet,,,,,,,
My Bloody Valentine,Loomer,,,,,,,
The Strokes,Razorblade,,,,,,,
Portishead,Deep Water,,,,,,,
Simian Mobile Disco,Hustler,,,,,,,
The Fratellis,Creepin Up The Backstairs,,,,,,,
Cut Copy,Far Away,,,,,,,
Red Hot Chili Peppers,Hump De Bump,,,,,,,
Bon Iver,Re: Stacks,,,,,,,
Metric,Glass Ceiling,,,,,,,
Abba,Dancing Queen,,,,,,,
Ratatat,Falcon Jab,,,,,,,
In Flames,Cloud Connected,,,,,,,
Frou Frou,Must Be Dreaming,,,,,,,
Belle And Sebastian,Seeing Other People,,,,,,,
Kings Of Leon,Pistol Of Fire,,,,,,,
Dredg,Bug Eyes,,,,,,,
A Perfect Circle,Sleeping Beauty,,,,,,,
Gorillaz,Tomorrow Comes Today,,,,,,,
Him,The Funeral Of Hearts,,,,,,,
Franz Ferdinand,What You Meant,,,,,,,
Death From Above 1979,Turn It Out,,,,,,,
Neko Case,That Teenage Feeling,,,,,,,
Red Hot Chili Peppers,Charlie,,,,,,,
Porcupine Tree,Lazarus,,,,,,,
Fool'S Garden,Lemon Tree,,,,,,,
The Undertones,Teenage Kicks,,,,,,,
Vampire Weekend,Walcott,,,,,,,
Maxïmo Park,Signal And Sign,,,,,,,
Death Cab For Cutie,Grapevine Fires,,,,,,,
Evanescence,Everybody'S Fool,,,,,,,
Deep Purple,Highway Star,,,,,,,
Broken Social Scene,Hotel,,,,,,,
Panic At The Disco,Time To Dance,,,,,,,
Elliott Smith,Bled White,,,,,,,
Jackson And His Computer Band,Rock On,,,,,,,
Jeff Buckley,Eternal Life,,,,,,,
Creedence Clearwater Revisited,Bad Moon Rising,,,,,,,
Massive Attack,Group Four,,,,,,,
Dj Shadow,Organ Donor,,,,,,,
Slipknot,Before I Forget,,,,,,,
Lykke Li,Little Bit,,,,,,,
Air,Surfing On A Rocket,,,,,,,
Clap Your Hands Say Yeah,In This Home On Ice,,,,,,,
Blondie,Atomic,,,,,,,
Wolf Parade,It'S A Curse,,,,,,,
Kt Tunstall,Black Horse And The Cherry Tree,,,,,,,
Red Hot Chili Peppers,Parallel Universe,,,,,,,
Vampire Weekend,Bryn,,,,,,,
Placebo,Black-Eyed,,,,,,,
Arcade Fire,Neighborhood #2 (Laïka),,,,,,,
Death From Above 1979,Little Girl,,,,,,,
Depeche Mode,People Are People,,,,,,,
Björk,It'S Oh So Quiet,,,,,,,
Digitalism,Zdarlight,,,,,,,
Pink Floyd,The Thin Ice,,,,,,,
The Who,Won'T Get Fooled Again,,,,,,,
Portishead,Magic Doors,,,,,,,
Architecture In Helsinki,Imaginary Ordinary,,,,,,,
Metric,Iou,,,,,,,
Joy Division,Colony,,,,,,,
Gossip,Standing In The Way Of Control,0.6,1.0,0.2,0.4,0.8,0.4,0.4
Tokyo Police Club,Nature Of The Experiment,,,,,,,
Franz Ferdinand,Lucid Dreams,,,,,,,
The National,Racing Like A Pro,,,,,,,
Wilco,Kamera,,,,,,,
Bob Dylan,Mr. Tambourine Man,,,,,,,
Gorillaz,Intro,,,,,,,
Coldplay,Twisted Logic,,,,,,,
Röyksopp,Someone Like Me,,,,,,,
The Knife,One For You,,,,,,,
Róisín Murphy,Overpowered,,,,,,,
The Knife,Is It Medicine,,,,,,,
Metric,Patriarch On A Vespa,,,,,,,
Silversun Pickups,Little Lover'S So Polite,,,,,,,
The Subways,Rock & Roll Queen,,,,,,,
Gorillaz,All Alone,,,,,,,
M.I.A.,Bamboo Banga,,,,,,,
Jeff Buckley,Dream Brother,,,,,,,
System Of A Down,Question!,,,,,,,
Spiritualized,Ladies And Gentlemen We Are Floating In Space,,,,,,,
The Cure,Plainsong,,,,,,,
The Strokes,The End Has No End,,,,,,,
The Boy Least Likely To,Be Gentle With Me,,,,,,,
The Strokes,On The Other Side,,,,,,,
Iron Maiden,2 Minutes To Midnight,,,,,,,
Nine Inch Nails,Lights In The Sky,,,,,,,
Black Sabbath,War Pigs,,,,,,,
Kings Of Leon,Manhattan,,,,,,,
Goldfrapp,Fly Me Away,,,,,,,
System Of A Down,Revenga,,,,,,,
Portishead,Half Day Closing,0.6,0.8,1.0,0.8,0.2,0.2,0.4
The Go! Team,Get It Together,,,,,,,
Nelly Furtado,No Hay Igual,,,,,,,
Muse,Screenager,,,,,,,
David Bowie,Five Years,,,,,,,
Maxïmo Park,Limassol,,,,,,,
U2,The Unforgettable Fire,,,,,,,
Elliott Smith,Cupid'S Trick,,,,,,,
Sigur Rós,Ágætis Byrjun,,,,,,,
Pixies,La La Love You,,,,,,,
Elliott Smith,Everything Means Nothing To Me,,,,,,,
Pixies,I Bleed,,,,,,,
Kings Of Leon,Revelry,,,,,,,
Nine Inch Nails,Love Is Not Enough,,,,,,,
The Whitest Boy Alive,Burning,,,,,,,
Stars,Elevator Love Letter,,,,,,,
The Fratellis,For The Girl,,,,,,,
Editors,Camera,,,,,,,
Metric,Empty,,,,,,,
Pixies,Break My Body,,,,,,,
The Clash,White Riot,,,,,,,
Kate Bush,Wuthering Heights,,,,,,,
A Perfect Circle,The Nurse Who Loved Me,,,,,,,
Pearl Jam,Once,,,,,,,
The White Stripes,You Don'T Know What Love Is (You Just Do As You'Re Told),,,,,,,
Architecture In Helsinki,The Owls Go,,,,,,,
In Flames,Metaphor,,,,,,,
The Decemberists,Yankee Bayonet (I Will Be Home Then),,,,,,,
Jimi Hendrix,Little Wing,,,,,,,
Animal Collective,Summertime Clothes,,,,,,,
Kings Of Leon,Crawl,,,,,,,
Blue Öyster Cult,(Don'T Fear) The Reaper,,,,,,,
Kings Of Leon,True Love Way,,,,,,,
Justin Timberlake,Futuresex/Lovesound,,,,,,,
Mogwai,We'Re No Here,,,,,,,
Scissor Sisters,Comfortably Numb,,,,,,,
Aerosmith,I Don'T Want To Miss A Thing,,,,,,,
Massive Attack,What Your Soul Sings,,,,,,,
Queen,You'Re My Best Friend,,,,,,,
Yo La Tengo,Autumn Sweater,,,,,,,
Nine Inch Nails,Right Where It Belongs,,,,,,,
Fleet Foxes,Heard Them Stirring,0.6,0.8,0.6,0.8,0.2,0.4,1.0
The Kills,U.R.A. Fever,,,,,,,
Bob Marley & The Wailers,Buffalo Soldier,,,,,,,
The Clash,Spanish Bombs,,,,,,,
Bat For Lashes,Trophy,,,,,,,
Mando Diao,Sheepdog,,,,,,,
Oasis,Lyla,,,,,,,
The Clash,Brand New Cadillac,,,,,,,
Ladytron,Playgirl,,,,,,,
Red Hot Chili Peppers,Road Trippin',,,,,,,
Britney Spears,Kill The Lights,0.8,0.6,0.8,0.8,0.2,0.4,0.8
Cut Copy,Midnight Runner,,,,,,,
The Clash,Hateful,,,,,,,
The Libertines,What Katie Did,,,,,,,
Nine Inch Nails,The Good Soldier,,,,,,,
Blur,There'S No Other Way,,,,,,,
Broken Social Scene,Almost Crimes (Radio Kills Remix),,,,,,,
Pixies,Caribou,,,,,,,
Foo Fighters,My Hero,,,,,,,
Black Rebel Motorcycle Club,Too Real,,,,,,,
Modest Mouse,Gravity Rides Everything,,,,,,,
Blur,End Of A Century,,,,,,,
Tegan And Sara,You Wouldn'T Like Me,,,,,,,
Onerepublic,Apologize,,,,,,,
Bat For Lashes,What'S A Girl To Do?,,,,,,,
Kiss,Detroit Rock City,0.6,0.8,0.0,0.6,0.8,0.4,0.8
Camera Obscura,Let'S Get Out Of This Country,,,,,,,
Phoenix,Too Young,,,,,,,
Queens Of The Stone Age,Tangled Up In Plaid,,,,,,,
Nine Inch Nails,Heresy,,,,,,,
Disturbed,Down With The Sickness,,,,,,,
Iamx,President,,,,,,,
Mogwai,Kids Will Be Skeletons,,,,,,,
Pink Floyd,Young Lust,,,,,,,
Pink Floyd,Shine On You Crazy Diamond,,,,,,,
Patrick Wolf,The Gypsy King,,,,,,,
Belle And Sebastian,If You'Re Feeling Sinister,,,,,,,
The White Stripes,Dead Leaves And The Dirty Ground,,,,,,,
The Doors,L.A. Woman,,,,,,,
Belle And Sebastian,Dear Catastrophe Waitress,,,,,,,
Black Rebel Motorcycle Club,Gospel Song,,,,,,,
Air,Another Day,,,,,,,
Simple Minds,Don'T You (Forget About Me),,,,,,,
Grandaddy,The Crystal Lake,,,,,,,
Queen,Bicycle Race,,,,,,,
New Order,Crystal,,,,,,,
The Killers,Losing Touch,,,,,,,
Clap Your Hands Say Yeah,Blue Turning Gray,,,,,,,
The Strokes,Meet Me In The Bathroom,,,,,,,
Explosions In The Sky,Your Hand In Mine,,,,,,,
Madonna,I Love New York,,,,,,,
Sigur Rós,Ný Batterí,,,,,,,
Nick Drake,Which Will,,,,,,,
The Rakes,Retreat,,,,,,,
Cat Power,Good Woman,,,,,,,
Nancy Sinatra,Bang Bang (My Baby Shot Me Down),,,,,,,
Jack Johnson,No Other Way,,,,,,,
Broken Social Scene,Windsurfing Nation,,,,,,,
The Smiths,Never Had No One Ever,,,,,,,
The Spinto Band,Oh Mandy,,,,,,,
Kaiser Chiefs,What Did I Ever Give You?,,,,,,,
Kasabian,Cutt Off,,,,,,,
The Smiths,Sheila Take A Bow,,,,,,,
Fujiya & Miyagi,Collarbone,0.6,0.4,0.6,0.8,0.2,0.4,0.4
In Flames,Trigger,,,,,,,
Animal Collective,Did You See The Words,,,,,,,
Dread Zeppelin,Misty Mountain Hop,,,,,,,
Modest Mouse,Fly Trapped In A Jar,,,,,,,
Broken Social Scene,Major Label Debut,,,,,,,
Depeche Mode,Halo,,,,,,,
Portishead,Humming,,,,,,,
The Futureheads,Meantime,,,,,,,
Ramones,I Wanna Be Sedated,,,,,,,
The Beatles,Drive My Car,,,,,,,
Radiohead,Thinking About You,,,,,,,
Boards Of Canada,Turquoise Hexagon Sun,,,,,,,
David Bowie,Moonage Daydream,,,,,,,
Belle And Sebastian,Sukie In The Graveyard,,,,,,,
Guns N' Roses,Civil War,,,,,,,
The Smashing Pumpkins,Eye,,,,,,,
The Killers,This Is Your Life,0.6,0.6,0.4,0.6,0.8,0.4,0.6
Nine Inch Nails,Letting You,,,,,,,
Tegan And Sara,Where Does The Good Go,,,,,,,
Spoon,The Underdog,,,,,,,
Mindless Self Indulgence,Shut Me Up,,,,,,,
Cold War Kids,We Used To Vacation,,,,,,,
Cocorosie,Terrible Angels,,,,,,,
New Young Pony Club,Get Lucky,,,,,,,
Elliott Smith,Punch And Judy,,,,,,,
Guillemots,Trains To Brazil,,,,,,,
Muse,Megalomania,,,,,,,
My Bloody Valentine,Touched,,,,,,,
Tool,Hooker With A Penis,,,,,,,
Keane,Your Eyes Open,,,,,,,
The Beatles,Maxwell'S Silver Hammer,,,,,,,
Björk,Isobel,,,,,,,
The Libertines,Don'T Look Back Into The Sun,,,,,,,
Depeche Mode,Behind The Wheel,,,,,,,
Pink Floyd,Welcome To The Machine,,,,,,,
Gwen Stefani,The Sweet Escape,,,,,,,
Nine Inch Nails,God Given,,,,,,,
Mogwai,Killing All The Flies,,,,,,,
!!!,Heart Of Hearts,,,,,,,
Rammstein,Keine Lust,,,,,,,
Rage Against The Machine,Wake Up,,,,,,,
Franz Ferdinand,Send Him Away,,,,,,,
Vampire Weekend,M79,0.6,0.6,0.4,0.8,0.2,0.6,0.6
Pixies,Mr. Grieves,0.6,0.6,0.4,0.4,0.8,0.6,0.4
Cansei De Ser Sexy,Patins,,,,,,,
Beastie Boys,Sabotage,,,,,,,
Bon Iver,Creature Fear,,,,,,,
David Bowie,Sound And Vision,,,,,,,
Aqualung,Strange And Beautiful (I'Ll Put A Spell On You),,,,,,,
Pearl Jam,Oceans,,,,,,,
Explosions In The Sky,Six Days At The Bottom Of The Ocean,,,,,,,
I'M From Barcelona,We'Re From Barcelona,,,,,,,
Pixies,Crackity Jones,,,,,,,
Beck,Lost Cause,0.4,0.6,0.8,0.6,0.2,0.4,0.2
Sonic Youth,Reena,,,,,,,
Keane,Leaving So Soon?,,,,,,,
The Fray,She Is,,,,,,,
Bloc Party,Kreuzberg,,,,,,,
Belle And Sebastian,The Fox In The Snow,,,,,,,
Wilco,War On War,,,,,,,
M83,Run Into Flowers,,,,,,,
Franz Ferdinand,Turn It On,,,,,,,
Modest Mouse,Black Cadillacs,,,,,,,
Franz Ferdinand,Outsiders,0.6,0.6,0.4,0.6,0.4,0.4,0.6
Modest Mouse,Little Motel,,,,,,,
Metric,The List,,,,,,,
Hot Chip,Boy From School,,,,,,,
Peter Bjorn And John,Amsterdam,,,,,,,
Cat Power,Free,,,,,,,
Dread Zeppelin,Celebration Day,,,,,,,
Deftones,Change (In The House Of Flies),,,,,,,
The Beatles,She'S Leaving Home,,,,,,,
Nightwish,Amaranth,,,,,,,
Deftones,Digital Bath,,,,,,,
Broken Social Scene,Finish Your Collapse And Stay For Breakfast,,,,,,,
Hot Hot Heat,Goodnight Goodnight,,,,,,,
The Beatles,Dear Prudence,,,,,,,
The Clash,Jimmy Jazz,,,,,,,
Linkin Park,Papercut,,,,,,,
Pendulum,Slam,,,,,,,
Ratatat,Loud Pipes,,,,,,,
Gorillaz,Don'T Get Lost In Heaven,,,,,,,
Matchbox Twenty,Unwell,,,,,,,
Anton Maiden,The Evil That Men Do,,,,,,,
Patrick Wolf,Accident & Emergency,,,,,,,
The Velvet Underground,Run Run Run,,,,,,,
The Shins,The Past And Pending,,,,,,,
Tegan And Sara,Hop A Plane,,,,,,,
Sugababes,Push The Button,,,,,,,
U2,City Of Blinding Lights,,,,,,,
Disturbed,Land Of Confusion,,,,,,,
The White Stripes,Hotel Yorba,,,,,,,
Alanis Morissette,You Oughta Know,,,,,,,
The Killers,Under The Gun,,,,,,,
The Magic Numbers,Forever Lost,,,,,,,
The Moldy Peaches,Anyone Else But You,,,,,,,
Wilco,You Are My Face,0.6,0.6,0.4,0.6,0.4,0.2,0.8
Antony And The Johnsons,What Can I Do?,,,,,,,
Rage Against The Machine,Sleep Now In The Fire,,,,,,,
Chemistry,キミがいる,,,,,,,
Goldfrapp,Lovely 2 C U,,,,,,,
Ratatat,Nostrand,,,,,,,
Animal Collective,The Purple Bottle,,,,,,,
Queens Of The Stone Age,The Lost Art Of Keeping A Secret,,,,,,,
Yeah Yeah Yeahs,No No No,,,,,,,
Sigur Rós,Við Spilum Endalaust,,,,,,,
The Goo Goo Dolls,Black Balloon,,,,,,,
Afi,Kill Caustic,,,,,,,
Patrick Wolf,Bloodbeat,,,,,,,
Portishead,Small,,,,,,,
Belle And Sebastian,Me And The Major,,,,,,,
Kings Of Convenience,Toxic Girl,,,,,,,
Stars,Set Yourself On Fire,,,,,,,
Röyksopp,Alpha Male,,,,,,,
Boards Of Canada,Oscar See Through Red Eye,,,,,,,
Belle And Sebastian,The Boy With The Arab Strap,,,,,,,
Fiona Apple,Paper Bag,,,,,,,
Beirut,Cherbourg,,,,,,,
Nine Inch Nails,2 Ghosts I,,,,,,,
The Kills,Last Day Of Magic,,,,,,,
Tool,Eon Blue Apocalypse,,,,,,,
Evanescence,Sweet Sacrifice,,,,,,,
Fatboy Slim,Weapon Of Choice,,,,,,,
Architecture In Helsinki,Wishbone,,,,,,,
Gnarls Barkley,St. Elsewhere,,,,,,,
Morrissey,Let Me Kiss You,,,,,,,
The Beatles,Norwegian Wood (This Bird Has Flown),,,,,,,
Cat Power,Cross Bones Style,,,,,,,
The Beatles,You Never Give Me Your Money,,,,,,,
Maroon 5,Must Get Out,,,,,,,
New Order,Temptation,,,,,,,
Death Cab For Cutie,Photobooth,,,,,,,
Jason Mraz,I'M Yours,,,,,,,
Nick Drake,Road,,,,,,,
Sigur Rós,Avalon,,,,,,,
Tegan And Sara,Knife Going In,,,,,,,
Black Rebel Motorcycle Club,In Like The Rose,,,,,,,
Fleet Foxes,Sun It Rises,,,,,,,
Damien Rice,Eskimo,,,,,,,
Rage Against The Machine,Know Your Enemy,,,,,,,
Kaiser Chiefs,Time Honoured Tradition,,,,,,,
Sigur Rós,Svo Hljótt,,,,,,,
Goldfrapp,A&E,,,,,,,
Death Cab For Cutie,No Sunlight,,,,,,,
Imogen Heap,Clear The Area,,,,,,,
The Stooges,I Wanna Be Your Dog,,,,,,,
Air,Biological,,,,,,,
The Knife,The Cop,,,,,,,
Sonic Youth,Superstar,,,,,,,
30 Seconds To Mars,Attack,,,,,,,
Tori Amos,Crucify,,,,,,,
Burial,[Untitled],,,,,,,
Jimmy Eat World,Hear You Me,,,,,,,
Coldplay,Lovers In Japan / Reign Of Love,,,,,,,
Coldplay,Everything'S Not Lost,,,,,,,
The Prodigy,Spitfire,,,,,,,
Midnight Juggernauts,Shadows,,,,,,,
Tool,Jimmy,,,,,,,
Band Of Horses,Monsters,,,,,,,
Muse,Fillip,,,,,,,
José González,Lovestain,,,,,,,
Red Hot Chili Peppers,Stadium Arcadium,,,,,,,
The Fray,Fall Away,,,,,,,
Justice,Stress,,,,,,,
Shiny Toy Guns,You Are The One,,,,,,,
Röyksopp,A Higher Place,,,,,,,
Pearl Jam,Do The Evolution,,,,,,,
Nine Inch Nails,The Great Below,,,,,,,
Fleet Foxes,Your Protector,,,,,,,
The Mars Volta,Televators,,,,,,,
Beirut,The Bunker,,,,,,,
The Walkmen,The Rat,,,,,,,
Nine Inch Nails,Gave Up,,,,,,,
Boards Of Canada,Telephasic Workshop,,,,,,,
Jackson And His Computer Band,Utopia,,,,,,,
System Of A Down,Prison Song,,,,,,,
The Decemberists,The Sporting Life,,,,,,,
Battles,Ddiamondd,,,,,,,
Hard-Fi,Hard To Beat,,,,,,,
Tori Amos,Winter,0.8,0.8,0.6,1.0,0.0,0.2,0.4
Beirut,Bratislava,,,,,,,
The Shins,Pressed In A Book,,,,,,,
Red Hot Chili Peppers,Slow Cheetah,,,,,,,
Gogol Bordello,Start Wearing Purple,,,,,,,
Maxïmo Park,The Coast Is Always Changing,,,,,,,
The Hives,Tick Tick Boom,,,,,,,
Madonna,Miles Away,,,,,,,
The Velvet Underground,Rock And Roll,,,,,,,
The Smiths,This Night Has Opened My Eyes,,,,,,,
Wolf Parade,Same Ghost Every Night,,,,,,,
Elliott Smith,Waltz #2 (Xo),0.6,0.6,0.6,0.8,0.2,0.4,0.4
Boards Of Canada,An Eagle In Your Mind,,,,,,,
Pixies,Something Against You,,,,,,,
Mika,Big Girl (You Are Beautiful),,,,,,,
Afi,Affliction,,,,,,,
Tegan And Sara,Take Me Anywhere,,,,,,,
Timbaland,Apologize (Feat. One Republic),,,,,,,
System Of A Down,Deer Dance,,,,,,,
Afi,Silver And Cold,,,,,,,
Pixies,Velouria,,,,,,,
Placebo,Meds,,,,,,,
Placebo,Sleeping With Ghosts,,,,,,,
Modest Mouse,March Into The Sea,,,,,,,
Girl Talk,Too Deep,,,,,,,
Metric,Ending Start,,,,,,,
The Dresden Dolls,Good Day,,,,,,,
Queens Of The Stone Age,Make It Wit Chu,,,,,,,
The Boomtown Rats,I Don'T Like Mondays,,,,,,,
The Killers,All The Pretty Faces,,,,,,,
Thom Yorke,And It Rained All Night,,,,,,,
Wilco,Pot Kettle Black,,,,,,,
System Of A Down,Old School Hollywood,,,,,,,
Garbage,Queer,,,,,,,
Marilyn Manson,Rock Is Dead,,,,,,,
The Fray,Heaven Forbid,,,,,,,
Evanescence,Imaginary,,,,,,,
Kasabian,Running Battle,,,,,,,
Interpol,Specialist,,,,,,,
Imogen Heap,I Am In Love With You,,,,,,,
The Raconteurs,Level,0.6,0.8,0.2,0.6,0.8,0.4,0.6
Erasure,A Little Respect,,,,,,,
M83,We Own The Sky,,,,,,,
Nirvana,Sliver,,,,,,,
Nouvelle Vague,Dance With Me,,,,,,,
Pixies,Vamos,,,,,,,
Nouvelle Vague,I Melt With You,,,,,,,
The Long Blondes,Giddy Stratospheres,,,,,,,
Barry Louis Polisar,All I Want Is You,0.4,0.6,0.2,0.6,0.4,0.8,0.0
Lily Allen,Shame For You,,,,,,,
Pink Floyd,Speak To Me / Breathe,,,,,,,
Joy Division,Heart And Soul,,,,,,,
Mylo,Paris Four Hundred,,,,,,,
The Long Blondes,Lust In The Movies,,,,,,,
Rush,Yyz,,,,,,,
Cansei De Ser Sexy,Fuckoff Is Not The Only Thing You Have To Show,,,,,,,
The Kills,Sour Cherry,,,,,,,
Boards Of Canada,Ready Lets Go,,,,,,,
Belle And Sebastian,Act Of The Apostle,,,,,,,
Nine Inch Nails,The Warning,0.6,0.6,0.6,0.4,0.8,0.4,0.2
Bonobo,Intro,,,,,,,
The Killers,Exitlude,,,,,,,
Black Rebel Motorcycle Club,We'Re All In Love,,,,,,,
A Perfect Circle,Passive,,,,,,,
Tenacious D,Wonderboy,0.6,0.6,0.2,0.6,0.4,0.2,0.8
Boards Of Canada,Beware The Friendly Stranger,,,,,,,
Gorillaz,White Light,,,,,,,
Nine Inch Nails,The Becoming,,,,,,,
Timbaland,The Way I Are (Feat. Keri Hilson & D.O.E.),,,,,,,
Green Day,When I Come Around,,,,,,,
Madonna,Let It Will Be,,,,,,,
Oasis,Rock 'N' Roll Star,,,,,,,
The National,All The Wine,,,,,,,
Nouvelle Vague,This Is Not A Love Song,,,,,,,
The Strokes,You Talk Way Too Much,,,,,,,
Kasabian,Me Plus One,,,,,,,
Modest Mouse,The Good Times Are Killing Me,,,,,,,
Patrick Wolf,Magpie,,,,,,,
Girl Talk,Smash Your Head,,,,,,,
The Smiths,Half A Person,,,,,,,
Nine Inch Nails,Somewhat Damaged,,,,,,,
My Chemical Romance,I Don'T Love You,,,,,,,
Modest Mouse,A Different City,,,,,,,
Alanis Morissette,You Learn,,,,,,,
Dread Zeppelin,D'Yer Mak'Er,,,,,,,
Editors,The Racing Rats,,,,,,,
Kanye West,Good Morning,0.4,0.8,0.4,0.8,0.2,0.4,0.6
Metric,Live It Out,,,,,,,
Nine Inch Nails,3 Ghosts I,,,,,,,
Elliott Smith,Independence Day,,,,,,,
Stereophonics,Have A Nice Day,,,,,,,
Alice In Chains,Rooster,,,,,,,
Black Rebel Motorcycle Club,Mercy,,,,,,,
A Perfect Circle,The Package,,,,,,,
Belle And Sebastian,The State I Am In,,,,,,,
Counting Crows,Colorblind,,,,,,,
Death Cab For Cutie,A Movie Script Ending,,,,,,,
The Strokes,Take It Or Leave It,,,,,,,
The Long Blondes,Once And Never Again,,,,,,,
Chemistry,Wings Of Words (Instrumental),,,,,,,
Rammstein,Ich Will,,,,,,,
Pendulum,The Other Side,,,,,,,
Architecture In Helsinki,Souvenirs,,,,,,,
The White Stripes,There'S No Home For You Here,,,,,,,
Death From Above 1979,Going Steady,,,,,,,
Fiona Apple,Shadowboxer,,,,,,,
Gang Of Four,Natural'S Not In It,,,,,,,
Bauhaus,She'S In Parties,,,,,,,
José González,Deadweight On Velveteen,,,,,,,
Cut Copy,So Haunted,,,,,,,
Rammstein,Rosenrot,,,,,,,
Avril Lavigne,When You'Re Gone,,,,,,,
We Are Scientists,It'S A Hit,,,,,,,
Dusty Springfield,Son Of A Preacher Man,,,,,,,
The Shins,A Comet Appears,,,,,,,
Duffy,Delayed Devotion,,,,,,,
System Of A Down,Needles,,,,,,,
Cake,I Will Survive,,,,,,,
Nine Inch Nails,4 Ghosts I,,,,,,,
Bauhaus,Bela Lugosi'S Dead,,,,,,,
Franz Ferdinand,Can'T Stop Feeling,,,,,,,
The Strokes,New York City Cops,0.6,0.4,0.4,0.4,0.8,0.6,0.2
My Chemical Romance,Dead!,,,,,,,
The Decemberists,On The Bus Mall,,,,,,,
Mogwai,I Know You Are But What Am I?,,,,,,,
Frou Frou,It'S Good To Be In Love,,,,,,,
Oasis,Hey Now!,,,,,,,
Pink Floyd,One Of These Days,0.0,0.4,0.6,0.4,0.6,0.2,1.0
Annie,Chewing Gum,,,,,,,
The Libertines,Last Post On The Bugle,,,,,,,
Pink Floyd,Empty Spaces,,,,,,,
Pixies,Nimrod'S Son,,,,,,,
Broken Social Scene,Pitter Patter Goes My Heart,,,,,,,
Animal Collective,Who Could Win A Rabbit,,,,,,,
My Bloody Valentine,Come In Alone,,,,,,,
The Velvet Underground,After Hours,,,,,,,
The Beatles,Getting Better,,,,,,,
Feist,Tout Doucement,,,,,,,
Emily Haines & The Soft Skeleton,Our Hell,,,,,,,
Sigur Rós,Góðan Daginn,,,,,,,
Of Montreal,Suffer For Fashion,,,,,,,
Kings Of Leon,Razz,,,,,,,
Blonde Redhead,Spring And By Summer Fall,,,,,,,
Art Brut,My Little Brother,,,,,,,
Johnny Cash,Personal Jesus,,,,,,,
Iron & Wine,Carousel,,,,,,,
Travis,Flowers In The Window,,,,,,,
System Of A Down,Lonely Day,,,,,,,
Mika,Billy Brown,,,,,,,
Mika,My Interpretation,1.0,0.8,0.6,0.8,0.2,0.4,0.6
The Beatles,I'M So Tired,,,,,,,
The Smiths,Girl Afraid,0.6,0.6,0.4,0.8,0.2,0.4,0.2
Athlete,Wires,,,,,,,
Beirut,The Canals Of Our City,,,,,,,
Metallica,Welcome Home (Sanitarium),,,,,,,
The Last Shadow Puppets,The Age Of The Understatement,,,,,,,
Belle And Sebastian,I'M A Cuckoo,,,,,,,
The Feeling,Sewn,,,,,,,
The Hives,Walk Idiot Walk,,,,,,,
Crystal Castles,Good Time,,,,,,,
Alice In Chains,Man In The Box,,,,,,,
The Smiths,Miserable Lie,,,,,,,
Air,Clouds Up,,,,,,,
Acceptance,So Contagious,,,,,,,
Band Of Horses,The General Specific,,,,,,,
Weezer,In The Garage,,,,,,,
Boards Of Canada,Sunshine Recorder,,,,,,,
P!Nk,So What,,,,,,,
Wolfmother,Dimension,,,,,,,
Kings Of Leon,I Want You,,,,,,,
Foals,Electric Bloom,,,,,,,
Lily Allen,Take What You Take,,,,,,,
Crystal Castles,Xxzxcuzx Me,,,,,,,
Iron & Wine,Each Coming Night,,,,,,,
Garbage,When I Grow Up,,,,,,,
The Beatles,She Said She Said,,,,,,,
Nouvelle Vague,Making Plans For Nigel,,,,,,,
Air,Mer Du Japon,,,,,,,
Antony And The Johnsons,Spiralling,,,,,,,
Fleet Foxes,Meadowlarks,,,,,,,
Fleet Foxes,Blue Ridge Mountains,,,,,,,
Iamx,Spit It Out,,,,,,,
The Shins,Your Algebra,,,,,,,
Afi,The Interview,,,,,,,
Cocteau Twins,Cherry-Coloured Funk,,,,,,,
Shiny Toy Guns,Don'T Cry Out,,,,,,,
Leonard Cohen,Suzanne,,,,,,,
Kings Of Convenience,I Don'T Know What I Can Save You From,,,,,,,
Tenacious D,Fuck Her Gently,,,,,,,
Joy Division,I Remember Nothing,,,,,,,
The White Stripes,Little Cream Soda,,,,,,,
Neko Case,A Widow'S Toast,,,,,,,
Spoon,Don'T Make Me A Target,,,,,,,
Santogold,L.E.S. Artistes,,,,,,,
Dread Zeppelin,Ramble On,,,,,,,
The Beatles,Love You To,,,,,,,
Mew,Apocalypso,,,,,,,
Manic Street Preachers,Your Love Alone Is Not Enough,,,,,,,
The Cure,Let'S Go To Bed,,,,,,,
Antony And The Johnsons,Bird Gerhl,0.8,0.8,1.0,0.8,0.0,0.2,0.0
Silversun Pickups,Future Foe Scenarios,,,,,,,
Metallica,Seek & Destroy,,,,,,,
Queen,Seven Seas Of Rhye,,,,,,,
Radiohead,Motion Picture Soundtrack,,,,,,,
Death From Above 1979,Cold War,,,,,,,
Groove Armada,At The River,,,,,,,
Patrick Wolf,The Bluebell,,,,,,,
Rammstein,Sonne,,,,,,,
John Lennon,Jealous Guy,,,,,,,
Mogwai,Team Handed,,,,,,,
Iron & Wine,Radio War,,,,,,,
Kanye West,Champion,,,,,,,
Daft Punk,Revolution 909,,,,,,,
Rilo Kiley,Does He Love You?,,,,,,,
The Clash,Train In Vain,,,,,,,
Fischerspooner,Emerge,,,,,,,
Thom Yorke,Atoms For Peace,,,,,,,
The Decemberists,The Infanta,,,,,,,
Duffy,Serious,,,,,,,
Sonic Youth,Jams Run Free,,,,,,,
Sufjan Stevens,Romulus,,,,,,,
Avril Lavigne,I'M With You,,,,,,,
Pixies,River Euphrates,,,,,,,
Ladytron,Blue Jeans,,,,,,,
Garbage,Androgyny,,,,,,,
At The Drive-In,One Armed Scissor,,,,,,,
Depeche Mode,A Question Of Lust,,,,,,,
The Clash,I Fought The Law,,,,,,,
The Prodigy,Omen,,,,,,,
The Who,I Can'T Explain,,,,,,,
The Beatles,From Me To You,,,,,,,
Dire Straits,Brothers In Arms,,,,,,,
Cassius,Toop Toop,,,,,,,
Nine Inch Nails,Echoplex,,,,,,,
The Smiths,Last Night I Dreamt That Somebody Loved Me,,,,,,,
The White Stripes,We'Re Going To Be Friends,,,,,,,
Elliott Smith,Waltz #1,,,,,,,
Evanescence,Haunted,,,,,,,
Groove Armada,My Friend,,,,,,,
Pulp,Mis-Shapes,,,,,,,
Snow Patrol,Whatever'S Left,,,,,,,
The Raconteurs,Intimate Secretary,,,,,,,
Martha Wainwright,Bloody Mother Fucking Asshole,,,,,,,
Chemistry,Wings Of Words,,,,,,,
Tool,Reflection,,,,,,,
Yo La Tengo,Sugarcube,,,,,,,
Moloko,The Time Is Now,,,,,,,
Zero 7,Somersault,,,,,,,
Tegan And Sara,Burn Your Life Down,,,,,,,
Cat Power,Speak For Me,,,,,,,
Blondie,Sunday Girl,,,,,,,
Massive Attack,Live With Me,,,,,,,
Clap Your Hands Say Yeah,Upon This Tidal Wave Of Young Blood,,,,,,,
The Beatles,Fixing A Hole,,,,,,,
Sigur Rós,Festival,0.8,0.6,0.8,0.8,0.2,0.2,0.6
Matchbox Twenty,Bright Lights,,,,,,,
Katatonia,Leaders,,,,,,,
Afi,Kiss And Control,,,,,,,
The New Pornographers,The Jessica Numbers,,,,,,,
Elliott Smith,Let'S Get Lost,,,,,,,
Evanescence,My Last Breath,,,,,,,
Tool,Mantra,,,,,,,
Múm,Sleep/Swim,,,,,,,
Nirvana,Territorial Pissings,,,,,,,
Tegan And Sara,Are You Ten Years Ago,,,,,,,
Death Cab For Cutie,Bixby Canyon Bridge,,,,,,,
Nico,These Days,,,,,,,
Rage Against The Machine,Take The Power Back,,,,,,,
Ratatat,Shempi,0.0,0.0,0.0,0.0,0.0,0.0,0.0
Arctic Monkeys,Old Yellow Bricks,,,,,,,
The Cult,She Sells Sanctuary,,,,,,,
Anna Nalick,Breathe (2 Am),,,,,,,
Architecture In Helsinki,Maybe You Can Owe Me,,,,,,,
Maxïmo Park,Our Velocity,0.6,0.6,0.2,0.4,0.6,0.4,0.2
Dj Shadow,Building Steam With A Grain Of Salt,,,,,,,
Nine Inch Nails,Head Down,,,,,,,
System Of A Down,Atwa,,,,,,,
Britney Spears,Unusual You,,,,,,,
Doves,Black And White Town,,,,,,,
Black Rebel Motorcycle Club,Sympathetic Noose,,,,,,,
James Blunt,Wisemen,,,,,,,
P!Nk,Stupid Girls,,,,,,,
Iron & Wine,Lion'S Mane,,,,,,,
Placebo,Commercial For Levi,,,,,,,
Franz Ferdinand,Twilight Omens,,,,,,,
The Rolling Stones,You Can'T Always Get What You Want,,,,,,,
Foo Fighters,Doa,,,,,,,
The Decemberists,The Mariner'S Revenge Song,,,,,,,
Bob Dylan,All Along The Watchtower,,,,,,,
Alanis Morissette,Hand In My Pocket,,,,,,,
Audioslave,Revelations,,,,,,,
Kaiser Chiefs,The Angry Mob,,,,,,,
Thom Yorke,Cymbal Rush,,,,,,,
Regina Spektor,Edit,,,,,,,
Damien Rice,Rootless Tree,,,,,,,
José González,Stay In The Shade,,,,,,,
The Libertines,Arbeit Macht Frei,,,,,,,
Elliott Smith,Everything Reminds Me Of Her,,,,,,,
Zero 7,Give It Away,,,,,,,
Lily Allen,Friend Of Mine,,,,,,,
Jimmy Eat World,Work,,,,,,,
Radiohead,2 + 2 = 5 (The Lukewarm.),,,,,,,
Black Rebel Motorcycle Club,Cold Wind,,,,,,,
Nirvana,Lounge Act,,,,,,,
Tegan And Sara,Speak Slow,,,,,,,
Silversun Pickups,Melatonin,,,,,,,
Digitalism,Idealistic,,,,,,,
Björk,Play Dead,,,,,,,
Regina Spektor,Poor Little Rich Boy,,,,,,,
Air,Left Bank,,,,,,,
Girl Talk,Once Again,,,,,,,
Head Automatica,Beating Heart Baby,,,,,,,
Queen,A Kind Of Magic,,,,,,,
Bright Eyes,Poison Oak,,,,,,,
Snow Patrol,Gleaming Auction,,,,,,,
Kings Of Convenience,Cayman Islands,,,,,,,
Mogwai,Folk Death 95,,,,,,,
Metallica,The Thing That Should Not Be,,,,,,,
Red Hot Chili Peppers,Desecration Smile,,,,,,,
Keane,She Has No Time,,,,,,,
Animal Collective,Peacebone,,,,,,,
Röyksopp,49 Percent,,,,,,,
Amorphis,House Of Sleep,,,,,,,
Phoenix,Long Distance Call,,,,,,,
The Offspring,The Kids Aren'T Alright,,,,,,,
Hooverphonic,Mad About You,,,,,,,
Sufjan Stevens,The Seer'S Tower,,,,,,,
Mazzy Star,Into Dust,,,,,,,
Feist,Sea Lion Woman,,,,,,,
Nightwish,Wish I Had An Angel,,,,,,,
The Kills,Tape Song,,,,,,,
Girl Talk,Shut The Club Down,,,,,,,
The Killers,Where The White Boys Dance,,,,,,,
The Gathering,Saturnine,,,,,,,
Modest Mouse,Paper Thin Walls,,,,,,,
The Smiths,Shakespeare'S Sister,,,,,,,
The Killers,I Can'T Stay,,,,,,,
Cat Power,Could We,,,,,,,
Joy Division,Leaders Of Men,,,,,,,
Cocorosie,Good Friday,,,,,,,
Rage Against The Machine,Bullet In The Head,,,,,,,
Kimya Dawson,Loose Lips,,,,,,,
Snow Patrol,Wow,,,,,,,
Anton Maiden,Hallowed Be Thy Name,,,,,,,
Beck,Qué Onda Guero,,,,,,,
The Fray,Hundred,,,,,,,
Beck,Cellphone'S Dead,,,,,,,
Sufjan Stevens,They Are Night Zombies!! They Are Neighbors!! They Have Come Back From The Dead!! Ahhhh!,,,,,,,
Bat For Lashes,Prescilla,,,,,,,
Nouvelle Vague,The Killing Moon,,,,,,,
My Bloody Valentine,What You Want,,,,,,,
The Killers,A Dustland Fairytale,,,,,,,
Adam Green,Jessica,,,,,,,
Dire Straits,Romeo And Juliet,,,,,,,
Dirty Pretty Things,Deadwood,,,,,,,
Pj Harvey,This Is Love,,,,,,,
Röyksopp,She'S So,,,,,,,
Jack Johnson,Crying Shame,,,,,,,
Tv On The Radio,Province,,,,,,,
Modest Mouse,Perfect Disguise,,,,,,,
The Ting Tings,Fruit Machine,,,,,,,
Bloc Party,Compliments,,,,,,,
Keane,Can'T Stop Now,,,,,,,
The Ting Tings,Be The One,,,,,,,
Blonde Redhead,Publisher,,,,,,,
Crystal Castles,1991,,,,,,,
Pearl Jam,Better Man,,,,,,,
Britney Spears,Mannequin,,,,,,,
Röyksopp,Happy Up Here,,,,,,,
Cat Power,Sea Of Love,,,,,,,
Pink Floyd,In The Flesh,,,,,,,
M83,Teen Angst,,,,,,,
Broken Social Scene,Handjobs For The Holidays,,,,,,,
Elliott Smith,Tomorrow Tomorrow,,,,,,,
Radiohead,There There. (The Boney King Of Nowhere.),,,,,,,
Blonde Redhead,Sw,,,,,,,
The 69 Eyes,Lost Boys,,,,,,,
New Young Pony Club,Hiding On The Staircase,,,,,,,
Foals,Heavy Water,,,,,,,
The Subways,Oh Yeah,,,,,,,
Nine Inch Nails,6 Ghosts I,,,,,,,
Incubus,Stellar,,,,,,,
Ryan Adams,Wonderwall,,,,,,,
Wilco,Poor Places,,,,,,,
Rage Against The Machine,Testify,,,,,,,
Lcd Soundsystem,Get Innocuous!,0.4,0.6,0.4,0.6,0.4,0.4,0.8
Radiohead,(Nice Dream),,,,,,,
Islands,Rough Gem,,,,,,,
Battles,Tonto,,,,,,,
Wilco,Either Way,,,,,,,
Oasis,Falling Down,,,,,,,
System Of A Down,Radio/Video,,,,,,,
The Smiths,Handsome Devil,,,,,,,
Cocorosie,Noah'S Ark,,,,,,,
The Go! Team,Bottle Rocket,,,,,,,
The Dresden Dolls,My Alcoholic Friends,,,,,,,
Elliott Smith,A Fond Farewell,,,,,,,
Nick Drake,River Man,,,,,,,
The Prodigy,Invaders Must Die,,,,,,,
Zero 7,I Have Seen,,,,,,,
Zz Top,Legs,,,,,,,
The Kinks,Waterloo Sunset,,,,,,,
Röyksopp,The Girl And The Robot,,,,,,,
Guns N' Roses,Knockin' On Heaven'S Door,,,,,,,
Modest Mouse,Dark Center Of The Universe,,,,,,,
Jack Johnson,Breakdown,,,,,,,
Guns N' Roses,My Michelle,,,,,,,
Spoon,I Summon You,,,,,,,
Jamiroquai,Love Foolosophy,,,,,,,
System Of A Down,Violent Pornography,,,,,,,
Sufjan Stevens,Come On! Feel The Illinoise!!,,,,,,,
Dread Zeppelin,What Is And What Should Never Be,,,,,,,
Depeche Mode,Master And Servant,,,,,,,
Marilyn Manson,Tourniquet,0.6,0.6,0.4,0.2,0.8,0.4,0.4
Porcupine Tree,Shallow,,,,,,,
Black Kids,Hurricane Jane,,,,,,,
The Gathering,My Electricity,,,,,,,
Band Of Horses,St. Augustine,,,,,,,
Girl Talk,Hold Up,,,,,,,
New Young Pony Club,The Bomb,,,,,,,
Beck,Hell Yes,,,,,,,
Of Montreal,Heimdalsgate Like A Promethean Curse,,,,,,,
Tegan And Sara,Nineteen,,,,,,,
The New Pornographers,The Bones Of An Idol,,,,,,,
The Knife,You Make Me Like Charity,,,,,,,
Madonna,How High,,,,,,,
The White Stripes,Bone Broke,,,,,,,
Cold War Kids,Hospital Beds,,,,,,,
The New Pornographers,Sing Me Spanish Techno,,,,,,,
Mylo,Muscle Cars,,,,,,,
Elliott Smith,King'S Crossing,,,,,,,
Lou Reed,Satellite Of Love,,,,,,,
Kanye West,Good Life (Feat. T-Pain),,,,,,,
Boards Of Canada,The Color Of The Fire,,,,,,,
The Stone Roses,Fools Gold,,,,,,,
Moby,Honey,,,,,,,
Steps Pistols,Holidays In The Sun,,,,,,,
Kasabian,Test Transmission,,,,,,,
Portishead,Undenied,,,,,,,
Jamiroquai,Seven Days In Sunny June,,,,,,,
José González,All You Deliver,,,,,,,
José González,Hints,,,,,,,
Black Rebel Motorcycle Club,Head Up High,,,,,,,
Opeth,In My Time Of Need,,,,,,,
Scorpions,Still Loving You,,,,,,,
Rage Against The Machine,Calm Like A Bomb,,,,,,,
Jem,24,,,,,,,
Him,Buried Alive By Love,,,,,,,
In Flames,Reflect The Storm,,,,,,,
Ramones,Beat On The Brat,,,,,,,
Marilyn Manson,The Dope Show,,,,,,,
Rihanna,Umbrella,,,,,,,
Nouvelle Vague,Guns Of Brixton,,,,,,,
Placebo,The Crawl,,,,,,,
Belle And Sebastian,Song For Sunshine,,,,,,,
Dashboard Confessional,Again I Go Unnoticed,,,,,,,
Grizzly Bear,Knife,,,,,,,
The Go! Team,Air Raid Gtr,,,,,,,
Faith No More,Midlife Crisis,,,,,,,
Iggy Pop,Nightclubbing,,,,,,,
The Dandy Warhols,Get Off,,,,,,,
Brian Eno,Fullness Of Wind,,,,,,,
30 Seconds To Mars,The Fantasy,,,,,,,
Architecture In Helsinki,Like A Call,,,,,,,
Kimya Dawson,Tire Swing,,,,,,,
The Shins,Gone For Good,,,,,,,
The Dandy Warhols,Sleep,,,,,,,
Morrissey,The Youngest Was The Most Loved,,,,,,,
Timbaland,Give It To Me (Feat. Nelly Furtado & Justin Timberlake),,,,,,,
Tv On The Radio,Halfway Home,,,,,,,
Elliott Smith,Amity,,,,,,,
Iron & Wine,House By The Sea,,,,,,,
The Decemberists,From My Own True Love (Lost At Sea),,,,,,,
Boards Of Canada,Sherbet Head,,,,,,,
Santogold,You'Ll Find A Way,,,,,,,
A Perfect Circle,A Stranger,,,,,,,
Killswitch Engage,The End Of Heartache,,,,,,,
Zero 7,Simple Things,,,,,,,
Norah Jones,Turn Me On,,,,,,,
Primal Scream,Country Girl,,,,,,,
Bon Iver,Team,,,,,,,
Queens Of The Stone Age,First It Giveth,,,,,,,
Cocorosie,Rainbowarriors,,,,,,,
Iron & Wine,Bird Stealing Bread,,,,,,,
Wilco,Sky Blue Sky,,,,,,,
The Smiths,The Queen Is Dead,,,,,,,
Deftones,Hole In The Earth,,,,,,,
Editors,Someone Says,,,,,,,
The Duke Spirit,Cuts Across The Land,,,,,,,
Editors,The Weight Of The World,,,,,,,
The Prodigy,Warrior'S Dance,,,,,,,
Aesop Rock,Daylight,,,,,,,
System Of A Down,This Cocaine Makes Me Feel Like I'M On This Song,,,,,,,
The Raconteurs,Store Bought Bones,,,,,,,
New Young Pony Club,The Get Go,,,,,,,
Neko Case,Margaret Vs. Pauline,,,,,,,
Yann Tiersen,À Quai,,,,,,,
Ratatat,Mirando,,,,,,,
Madonna,Isaac,,,,,,,
The Libertines,Narcissist,,,,,,,
Nina Simone,Feeling Good,,,,,,,
Queen,Under Pressure,,,,,,,
Muse,Uno,,,,,,,
Manu Chao,Bongo Bong,,,,,,,
The Smashing Pumpkins,Mayonaise,,,,,,,
The Decemberists,When The War Came,,,,,,,
Wolfmother,Colossal,,,,,,,
Air,Mayfair Song,,,,,,,
The Smiths,Sweet And Tender Hooligan,,,,,,,
Zero 7,Red Dust,,,,,,,
Interpol,The Lighthouse,,,,,,,
Nine Inch Nails,Vessel,,,,,,,
Kanye West,Flashing Lights,0.6,0.6,0.4,0.6,0.2,0.4,0.6
Anton Maiden,Can I Play With Madness,,,,,,,
Nouvelle Vogue,Just Can'T Get Enough,,,,,,,
Fiona Apple,Love Ridden,,,,,,,
The Who,I Can See For Miles,,,,,,,
Burial,Endorphin,,,,,,,
Hercules And Love Affair,Blind,,,,,,,
Manic Street Preachers,Motorcycle Emptiness,,,,,,,
Metallica,All Nightmare Long,0.6,0.8,0.2,0.2,0.8,0.4,0.4
Stars,The Big Fight,,,,,,,
Jack Johnson,Do You Remember,,,,,,,
Duffy,I'M Scared,,,,,,,
Modest Mouse,Wild Packs Of Family Dogs,,,,,,,
Incubus,Nice To Know You,,,,,,,
Cocorosie,Werewolf,,,,,,,
Radiohead,Hunting Bears,,,,,,,
Duffy,Hanging On Too Long,,,,,,,
Secret Machines,Nowhere Again,,,,,,,
Audioslave,Exploder,,,,,,,
Annie,Heartbeat,,,,,,,
Nine Inch Nails,9 Ghosts I,,,,,,,
Nine Inch Nails,5 Ghosts I,,,,,,,
Katatonia,Soil'S Song,,,,,,,
The Strokes,Electricityscape,,,,,,,
Franz Ferdinand,Bite Hard,,,,,,,
Franz Ferdinand,What She Came For,,,,,,,
Foals,Big Big Love (Fig. 2),,,,,,,
Sufjan Stevens,All The Trees Of The Field Will Clap Their Hands,,,,,,,
My Chemical Romance,The Sharpest Lives,,,,,,,
Feist,Intuition,,,,,,,
Dredg,Ode To The Sun,,,,,,,
Feist,Now At Last,,,,,,,
Frou Frou,Psychobabble,,,,,,,
Bloc Party,Where Is Home?,,,,,,,
Belle And Sebastian,We Are The Sleepyheads,,,,,,,
Neko Case,John Saw That Number,,,,,,,
Kanye West,Gold Digger (Feat. Jamie Foxx),,,,,,,
Broken Social Scene,Love And Mathematics,,,,,,,
Bloc Party,Mercury,,,,,,,
Bloc Party,Flux,,,,,,,
Guns N' Roses,It'S So Easy,,,,,,,
Modest Mouse,Tiny Cities Made Of Ashes,,,,,,,
Depeche Mode,Shake The Disease,,,,,,,
Iron & Wine,White Tooth Man,,,,,,,
Abba,Take A Chance On Me,,,,,,,
The Smiths,Rusholme Ruffians,,,,,,,
Moby,South Side,,,,,,,
Red Hot Chili Peppers,Suck My Kiss,,,,,,,
Kate Nash,Pumpkin Soup,,,,,,,
Franz Ferdinand,Live Alone,,,,,,,
The Smashing Pumpkins,Tarantula,,,,,,,
The Doors,Soul Kitchen,,,,,,,
Nouvelle Vague,Ever Fallen In Love,,,,,,,
Bright Eyes,Another Travelin' Song,,,,,,,
Ramones,Judy Is A Punk,,,,,,,
The Velvet Underground,The Black Angel'S Death Song,,,,,,,
Rage Against The Machine,Bombtrack,,,,,,,
The Cure,Killing An Arab,,,,,,,
Dead Kennedys,Kill The Poor,,,,,,,
Jimi Hendrix,Foxy Lady,,,,,,,
Elliott Smith,Clementine,,,,,,,
The Dresden Dolls,Gravity,,,,,,,
Mogwai,Emergency Trap,,,,,,,
The Libertines,Up The Bracket,0.6,0.6,0.2,0.4,0.8,0.4,0.4
Incubus,Pardon Me,,,,,,,
Camera Obscura,Tears For Affairs,,,,,,,
Boards Of Canada,1969,,,,,,,
Soundgarden,Fell On Black Days,,,,,,,
Travis,Closer,,,,,,,
The Mars Volta,Son Et Lumiere,,,,,,,
José González,Slow Moves,,,,,,,
The Bravery,Fearless,,,,,,,
Röyksopp,40 Years Back / Come,0.6,0.4,0.8,0.8,0.2,0.2,0.6
The Dresden Dolls,Bad Habit,,,,,,,
Feeder,Buck Rogers,,,,,,,
The Goo Goo Dolls,Name,,,,,,,
Echo & The Bunnymen,The Cutter,,,,,,,
Jimi Hendrix,Crosstown Traffic,,,,,,,
Regina Spektor,20 Years Of Snow,,,,,,,
Babyshambles,Killamangiro,,,,,,,
Fiona Apple,Fast As You Can,,,,,,,
Iron & Wine,Cinder And Smoke,0.4,0.6,0.8,0.8,0.2,0.4,0.2
The White Stripes,300 M.P.H. Torrential Outpour Blues,,,,,,,
Red Hot Chili Peppers,Wet Sand,,,,,,,
System Of A Down,Bounce,,,,,,,
Maxïmo Park,Kiss You Better,,,,,,,
The Smiths,I Started Something I Couldn'T Finish,,,,,,,
Emily Haines & The Soft Skeleton,Crowd Surf Off A Cliff,,,,,,,
The Flaming Lips,One More Robot / Sympathy 3000-21,,,,,,,
Pantera,Fucking Hostile,,,,,,,
We Are Scientists,Lousy Reputation,,,,,,,
Bob Dylan,Knockin' On Heaven'S Door,,,,,,,
The Libertines,Death On The Stairs,,,,,,,
Kanye West,I Wonder,,,,,,,
Frou Frou,Hear Me Out,,,,,,,
Pixies,Cactus,,,,,,,
Fiona Apple,Never Is A Promise,,,,,,,
Lily Allen,Not Fair,,,,,,,
Regina Spektor,Apres Moi,,,,,,,
Soilwork,Nerve,,,,,,,
The White Stripes,Forever For Her (Is Over For Me),,,,,,,
Burial,Etched Headplate,,,,,,,
Blonde Redhead,The Dress,,,,,,,
Kings Of Leon,Wasted Time,,,,,,,
Keane,The Lovers Are Losing,,,,,,,
Snow Patrol,Headlights On Dark Roads,,,,,,,
Metallica,Of Wolf And Man,,,,,,,
Van Halen,Ain'T Talkin' 'Bout Love,,,,,,,
Black Rebel Motorcycle Club,Salvation,,,,,,,
The Killers,Joy Ride,,,,,,,
The Smiths,Please Please Please Let Me Get What I Want,,,,,,,
The Decemberists,The Crane Wife 1 & 2,,,,,,,
Digitalism,I Want I Want,,,,,,,
Jack Johnson,Situations,,,,,,,
Jack Johnson,If I Could,,,,,,,
Incubus,Aqueous Transmission,,,,,,,
System Of A Down,Lost In Hollywood,,,,,,,
Of Montreal,Wraith Pinned To The Mist And Other Games,,,,,,,
Lcd Soundsystem,Time To Get Away,,,,,,,
Björk,Crying,,,,,,,
Hot Chip,One Pure Thought,,,,,,,
Led Zeppelin,Friends,,,,,,,
The Flaming Lips,In The Morning Of The Magicians,,,,,,,
Iron & Wine,Fever Dream,,,,,,,
Zero 7,Home,,,,,,,
Kings Of Leon,17,,,,,,,
Rammstein,Amerika,,,,,,,
Blonde Redhead,Elephant Woman,,,,,,,
Animal Collective,Fireworks,,,,,,,
Snow Patrol,Somewhere A Clock Is Ticking,,,,,,,
The National,Lit Up,,,,,,,
Rammstein,Mein Herz Brennt,,,,,,,
Burial,Ghost Hardware,,,,,,,
Soilwork,Distortion Sleep,,,,,,,
Colin Hay,I Just Don'T Think I'Ll Ever Get Over You,,,,,,,
The Pogues,Fairytale Of New York,,,,,,,
Regina Spektor,Carbon Monoxide,,,,,,,
Oasis,Stand By Me,,,,,,,
Björk,Unravel,,,,,,,
Neko Case,Maybe Sparrow,,,,,,,
Alice In Chains,Down In A Hole,,,,,,,
Beck,Modern Guilt,,,,,,,
Burial,Near Dark,,,,,,,
The Dresden Dolls,Dirty Business,,,,,,,
Black Rebel Motorcycle Club,Whatever Happened To My Rock 'N' Roll (Punk Song),,,,,,,
M83,Kim & Jessie,,,,,,,
Rufus Wainwright,Cigarettes And Chocolate Milk,,,,,,,
Mylo,Valley Of The Dolls,,,,,,,
Depeche Mode,Blasphemous Rumours,,,,,,,
The Strokes,I Can'T Win,,,,,,,
Roxy Music,More Than This,,,,,,,
Frou Frou,Shh,,,,,,,
Röyksopp,Röyksopp'S Night Out,,,,,,,
The Kills,The Good Ones,,,,,,,
Jamiroquai,Cosmic Girl,,,,,,,
Onerepublic,Say (All I Need),,,,,,,
Nine Inch Nails,Corona Radiata,,,,,,,
Jack'S Mannequin,The Mixed Tape,,,,,,,
Brand New,The Quiet Things That No One Ever Knows,,,,,,,
The Postal Service,Against All Odds,,,,,,,
Metric,On A Slow Night,,,,,,,
Aretha Franklin,Respect,,,,,,,
Metallica,That Was Just Your Life,,,,,,,
Nelly Furtado,Try,,,,,,,
The Unicorns,I Was Born (A Unicorn),,,,,,,
Faithless,Mass Destruction,,,,,,,
Björk,Hyperballad,,,,,,,
The Beatles,The Long And Winding Road,,,,,,,
Ramones,Sheena Is A Punk Rocker,,,,,,,
Joy Division,Twenty Four Hours,,,,,,,
The Beatles,Don'T Let Me Down,,,,,,,
Zero 7,Warm Sound,,,,,,,
Led Zeppelin,That'S The Way,,,,,,,
Elliott Smith,Junk Bond Trader,,,,,,,
U2,Stuck In A Moment You Can'T Get Out Of,,,,,,,
Elliott Smith,Southern Belle,,,,,,,
Blonde Redhead,Top Ranking,,,,,,,
The Turtles,Happy Together,,,,,,,
Nine Inch Nails,Mr. Self Destruct,,,,,,,
The Beatles,Lovely Rita,,,,,,,
Yann Tiersen,Pas Si Simple,,,,,,,
Tenacious D,Classico,,,,,,,
Johnny Cash,The Man Comes Around,,,,,,,
Queens Of The Stone Age,Gonna Leave You,,,,,,,
Tapes 'N Tapes,Insistor,,,,,,,
The Decemberists,The Island: Come And See / The Landlord'S Daughter / You'Ll Not Feel The Drowning,,,,,,,
Boards Of Canada,Kaini Industries,,,,,,,
Metric,Grow Up And Blow Away,,,,,,,
Roxy Music,Virginia Plain,,,,,,,
Battles,Race : In,,,,,,,
Death Cab For Cutie,Long Division,,,,,,,
Vast,Touched,,,,,,,
Radiohead,Anyone Can Play Guitar,,,,,,,
Rammstein,Mein Teil,,,,,,,
Animal Collective,In The Flowers,,,,,,,
Anathema,Are You There?,,,,,,,
U2,Until The End Of The World,,,,,,,
Silversun Pickups,Dream At Tempo 119,,,,,,,
Porcupine Tree,Lips Of Ashes,,,,,,,
Mando Diao,You Can'T Steal My Love,,,,,,,
Interpol,Heinrich Maneuver,,,,,,,
The Sounds,Tony The Beat,,,,,,,
Explosions In The Sky,Memorial,,,,,,,
Jem,Come On Closer,,,,,,,
Blonde Redhead,Silently,,,,,,,
Him,The Sacrament,,,,,,,
Death Cab For Cutie,You Can Do Better Than Me,,,,,,,
Belle And Sebastian,Sleep The Clock Around,0.6,0.6,0.8,1.0,0.2,0.4,0.8
Nada Surf,Always Love,,,,,,,
Yeah Yeah Yeahs,Heads Will Roll,,,,,,,
The Strokes,When It Started,,,,,,,
Fiona Apple,Get Gone,,,,,,,
Boards Of Canada,Dandelion,,,,,,,
Phantom Planet,California,,,,,,,
Morcheeba,The Sea,,,,,,,
We Are Scientists,Can'T Lose,,,,,,,
Within Temptation,Angels,,,,,,,
Tv On The Radio,Playhouses,,,,,,,
Boards Of Canada,Ataronchronon,,,,,,,
System Of A Down,Spiders,,,,,,,
Lady Sovereign,Love Me Or Hate Me,,,,,,,
Led Zeppelin,All My Love,,,,,,,
System Of A Down,Jet Pilot,,,,,,,
Ladytron,High Rise,,,,,,,
Spoon,The Ghost Of You Lingers,,,,,,,
Metallica,Blackened,,,,,,,
Cake,The Distance,,,,,,,
Oasis,Cigarettes & Alcohol,,,,,,,
Afi,The Missing Frame,,,,,,,
Goldfrapp,You Never Know,,,,,,,
Kings Of Convenience,Homesick,,,,,,,
Electric Six,Danger! High Voltage,,,,,,,
Black Sabbath,Children Of The Grave,,,,,,,
Nirvana,On A Plain,,,,,,,
Kings Of Leon,Joe'S Head,,,,,,,
Katatonia,Criminals,,,,,,,
Queen,Who Wants To Live Forever,,,,,,,
Metric,Soft Rock Star,,,,,,,
The Chemical Brothers,Galvanize,,,,,,,
Sonic Youth,Kool Thing,,,,,,,
Santogold,Say Aha,,,,,,,
Modest Mouse,Doin' The Cockroach,,,,,,,
In Flames,Pinball Map,,,,,,,
In Flames,Leeches,,,,,,,
The Killers,The World We Live In,,,,,,,
Placebo,I Know,,,,,,,
Placebo,Bulletproof Cupid,,,,,,,
My Chemical Romance,This Is How I Disappear,,,,,,,
Cold War Kids,Tell Me In The Morning,,,,,,,
Goldfrapp,Happiness,,,,,,,
Nine Inch Nails,Hyperpower!,,,,,,,
Band Of Horses,Ode To Lrc,,,,,,,
Massive Attack,Future Proof,,,,,,,
Tool,Ænema,,,,,,,
Muse,Cave,,,,,,,
The Hives,Main Offender,,,,,,,
Björk,One Day,,,,,,,
Elliott Smith,Stupidity Tries,,,,,,,
Jackson And His Computer Band,Arpeggio,,,,,,,
Dj Shadow,What Does Your Soul Look Like? (Part 4),,,,,,,
Black Rebel Motorcycle Club,Am I Only,,,,,,,
Radiohead,Pulk/Pull Revolving Doors,,,,,,,
Iron & Wine,On Your Wings,,,,,,,
Sonic Youth,Do You Believe In Rapture?,,,,,,,
A Perfect Circle,Rose,,,,,,,
Queens Of The Stone Age,Monsters In The Parasol,,,,,,,
Queens Of The Stone Age,This Lullaby,,,,,,,
Blur,To The End,,,,,,,
Nine Inch Nails,You Know What You Are?,,,,,,,
Rilo Kiley,Breakin' Up,,,,,,,
Garbage,Supervixen,,,,,,,
Opeth,Harvest,,,,,,,
!!!,Myth Takes,,,,,,,
Maxïmo Park,The Night I Lost My Head,,,,,,,
Mastodon,Blood And Thunder,0.4,0.8,0.2,0.2,1.0,0.2,0.4
Cut Copy,Going Nowhere,,,,,,,
Guns N' Roses,You'Re Crazy,,,,,,,
Battles,Leyendecker,,,,,,,
The Raconteurs,Together,,,,,,,
Crystal Castles,Crimewave,,,,,,,
Weezer,Surf Wax America,,,,,,,
Death From Above 1979,Pull Out,,,,,,,
Sigur Rós,Ára Bátur,,,,,,,
Hot Chip,And I Was A Boy From School,,,,,,,
Jimi Hendrix,The Wind Cries Mary,,,,,,,
The Libertines,Boys In The Band,,,,,,,
Hot Chip,Colours,,,,,,,
Gorillaz,19-2000,,,,,,,
Jack Johnson,Staple It Together,,,,,,,
Queens Of The Stone Age,3'S & 7'S,,,,,,,
Tegan And Sara,I Was Married,,,,,,,
Andrew Bird,Fake Palindromes,,,,,,,
Björk,Come To Me,,,,,,,
Gnarls Barkley,Just A Thought,,,,,,,
Tool,Prison Sex,,,,,,,
Sigur Rós,Staralfur,,,,,,,
Kings Of Leon,The Runner,,,,,,,
Foo Fighters,Monkey Wrench,,,,,,,
The Magic Numbers,Love Me Like You,,,,,,,
The Cranberries,Ode To My Family,,,,,,,
Be Your Own Pet,Adventure,,,,,,,
Gabriella Cilmi,Sweet About Me,,,,,,,
Rilo Kiley,It'S A Hit,,,,,,,
The Beatles,Within You Without You,,,,,,,
Joanna Newsom,Inflammatory Writ,,,,,,,
Duffy,Syrup & Honey,,,,,,,
The Police,Don'T Stand So Close To Me,0.6,0.6,0.4,0.8,0.2,0.4,0.6
Emily Haines & The Soft Skeleton,The Lottery,0.6,0.6,0.8,0.8,0.2,0.4,0.4
Britney Spears,Out From Under,,,,,,,
Paramore,Pressure,,,,,,,
New Young Pony Club,Jerk Me,,,,,,,
Spoon,My Mathematical Mind,,,,,,,
Dj Shadow,Mutual Slump,,,,,,,
Ladytron,Beauty*2,,,,,,,
Beck,Where It'S At,,,,,,,
Franz Ferdinand,40',,,,,,,
Beck,Sexx Laws,,,,,,,
Nine Inch Nails,7 Ghosts I,,,,,,,
Zero 7,Distractions,,,,,,,
Architecture In Helsinki,Tiny Paintings,0.8,0.4,0.6,0.8,0.2,0.4,0.8
System Of A Down,Sad Statue,,,,,,,
Sonic Youth,Sugar Kane,,,,,,,
Manu Chao,Me Gustas Tu,,,,,,,
Sigur Rós,Með Suð Í Eyrum,,,,,,,
Billy Talent,Red Flag,,,,,,,
Nick Drake,Northern Sky,,,,,,,
Porcupine Tree,Wedding Nails,,,,,,,
Animal Collective,Also Frightened,,,,,,,
Gorillaz,November Has Come,,,,,,,
Tegan And Sara,Downtown,0.8,0.6,0.4,0.8,0.2,0.4,0.6
The Cure,10:15 Saturday Night,,,,,,,
The Beatles,I'Ve Just Seen A Face,,,,,,,
Jens Lekman,The Opposite Of Hallelujah,,,,,,,
No Doubt,Hey Baby,,,,,,,
Korn,Freak On A Leash,,,,,,,
Depeche Mode,Damaged People,,,,,,,
The Wallflowers,One Headlight,,,,,,,
Nine Inch Nails,8 Ghosts I,,,,,,,
Siouxsie And The Banshees,Christine,,,,,,,
Belle And Sebastian,Asleep On A Sunbeam,,,,,,,
Björk,Immature,,,,,,,
Björk,It'S Not Up To You,,,,,,,
Patrick Wolf,Tristan,,,,,,,
The New Pornographers,Falling Through Your Clothes,,,,,,,
The Ting Tings,Keep Your Head,,,,,,,
Sleater-Kinney,Jumpers,,,,,,,
Incubus,Love Hurts,,,,,,,
Led Zeppelin,The Battle Of Evermore,,,,,,,
The 69 Eyes,Angel On My Shoulder,,,,,,,
Slipknot,Wait And Bleed,,,,,,,
Afi,The Killing Lights,,,,,,,
Semisonic,Secret Smile,,,,,,,
Neko Case,Fox Confessor Brings The Flood,0.6,0.8,0.4,0.6,0.2,0.2,0.4
Shiny Toy Guns,Rainy Monday,,,,,,,
Sia,Don'T Bring Me Down,,,,,,,
No Doubt,It'S My Life,,,,,,,
The Clash,I'M So Bored With The U.S.A.,,,,,,,
Zero 7,Polaris,,,,,,,
Soilwork,Rejection Role,,,,,,,
Porcupine Tree,Open Car,,,,,,,
Air,Photograph,,,,,,,
Amorphis,Alone,,,,,,,
Goldfrapp,Black Cherry,,,,,,,
4 Non Blondes,What'S Up,,,,,,,
The Strokes,Vision Of Division,,,,,,,
Queens Of The Stone Age,I'M Designer,,,,,,,
Pj Harvey,Dear Darkness,,,,,,,
Prince,Kiss,,,,,,,
Nine Inch Nails,The Four Of Us Are Dying,,,,,,,
The Libertines,The Man Who Would Be King,,,,,,,
Joanna Newsom,Sadie,,,,,,,
Placebo,Protect Me From What I Want,,,,,,,
Cut Copy,Saturdays,,,,,,,
Blur,Country House,,,,,,,
The Strokes,Between Love & Hate,,,,,,,
Pj Harvey,Good Fortune,,,,,,,
Blonde Redhead,Dr. Strangeluv,,,,,,,
The Stone Roses,Elephant Stone,,,,,,,
Deftones,My Own Summer (Shove It),,,,,,,
Antony And The Johnsons,Cripple And The Starfish,,,,,,,
Depeche Mode,Nothing'S Impossible,,,,,,,
The Killers,Indie Rock & Roll,,,,,,,
!!!,All My Heroes Are Weirdos,,,,,,,
!!!,Must Be The Moon,,,,,,,
Electric Six,Gay Bar,,,,,,,
The Beatles,Martha My Dear,,,,,,,
We Are Scientists,Textbook,,,,,,,
The Smiths,I Want The One I Can'T Have,,,,,,,
Dj Shadow,Midnight In A Perfect World,,,,,,,
Oasis,Turn Up The Sun,,,,,,,
Guns N' Roses,Mr. Brownstone,,,,,,,
System Of A Down,Sugar,,,,,,,
Razorlight,Before I Fall To Pieces,,,,,,,
The Beatles,Sun King,,,,,,,
Sex Pistols,Pretty Vacant,,,,,,,
The Chemical Brothers,Block Rockin' Beats,,,,,,,
Girl Talk,That'S My D.J.,,,,,,,
Goldfrapp,Lovely Head,,,,,,,
The Killers,Why Do I Keep Counting?,,,,,,,
Him,Killing Loneliness,,,,,,,
Björk,Violently Happy,,,,,,,
Snow Patrol,Set The Fire To The Third Bar (Feat. Martha Wainwright),,,,,,,
Peter Bjorn And John,Objects Of My Affection,,,,,,,
Tenacious D,Explosivo,,,,,,,
Bright Eyes,Old Soul Song (For The New World Order),,,,,,,
Creedence Clearwater Revisited,Proud Mary,,,,,,,
Kylie Minogue,In Your Eyes,,,,,,,
The Dresden Dolls,Backstabber,,,,,,,
Andrew Bird,Heretics,,,,,,,
Architecture In Helsinki,One Heavy February,,,,,,,
The Bravery,Unconditional,,,,,,,
Unkle,Rabbit In Your Headlights,,,,,,,
The Cure,The Walk,,,,,,,
The Smiths,Asleep,,,,,,,
Franz Ferdinand,Fade Together,,,,,,,
Crystal Castles,Love And Caring,,,,,,,
Foo Fighters,No Way Back,,,,,,,
Buzzcocks,Orgasm Addict,,,,,,,
Animal Collective,Daily Routine,,,,,,,
Broken Social Scene,Guilty Cubicles,,,,,,,
Justin Timberlake,Summer Love/Set The Mood (Prelude),,,,,,,
Animal Collective,Bluish,,,,,,,
Weezer,El Scorcho,,,,,,,
The Killers,Neon Tiger,,,,,,,
Kelis,Trick Me,,,,,,,
Opeth,Windowpane,,,,,,,
Mylo,Sunworshipper,,,,,,,
Red Hot Chili Peppers,She'S Only 18,,,,,,,
Dread Zeppelin,Your Time Is Gonna Come,,,,,,,
Animal Collective,Lion In A Coma,,,,,,,
Jamiroquai,Canned Heat,,,,,,,
Amy Winehouse,Addicted,,,,,,,
Pulp,Something Changed,,,,,,,
Kings Of Leon,California Waiting,,,,,,,
Wolfmother,White Unicorn,,,,,,,
Giant Drag,This Isn'T It,,,,,,,
Boards Of Canada,Sixtyten,,,,,,,
The Pussycat Dolls,Buttons,,,,,,,
Afi,Death Of Seasons,,,,,,,
We Are Scientists,Cash Cow,,,,,,,
Paolo Nutini,New Shoes,0.6,0.8,0.4,0.8,0.4,0.2,0.4
Patrick Wolf,This Weather,,,,,,,
Gustavo Cerati,La Excepción,,,,,,,
Kill Hannah,Lips Like Morphine,,,,,,,
The Smiths,The Headmaster Ritual,,,,,,,
Pantera,Cemetery Gates,,,,,,,
Zero 7,Throw It All Away,,,,,,,
Peaches,Fuck The Pain Away,,,,,,,
The Rakes,Strasbourg,,,,,,,
The Smiths,A Rush And A Push And The Land Is Ours,,,,,,,
Zero 7,Out Of Town,,,,,,,
Hot Hot Heat,Middle Of Nowhere,,,,,,,
Underworld,Born Slippy,,,,,,,
Nouvelle Vague,Dancing With Myself,,,,,,,
Beck,Orphans,,,,,,,
Gorillaz,Fire Coming Out Of The Monkey'S Head,,,,,,,
Burial,In Mcdonalds,,,,,,,
Joy Division,Decades,,,,,,,
Ladytron,Evil,,,,,,,
The Futureheads,Le Garage,,,,,,,
The Smashing Pumpkins,Muzzle,,,,,,,
Soilwork,Overload,,,,,,,
Datarock,Fa-Fa-Fa,,,,,,,
