artist_name,track_name,Vocal Register,Vocal Timbre Thin to Full,Vocal Breathiness,Vocal Smoothness,Vocal Grittiness,Vocal Nasality,Vocal Accompaniment
Oceansize,You Wish,0.6,0.6,0.6,0.8,0.2,0.4,0.6
Oasis,Let'S All Make Believe,0.6,0.8,0.4,0.6,0.6,0.4,0.6
Oasis,Champange Supernova,0.6,0.6,0.4,0.8,0.4,0.6,0.8
The Kissaway Trail,Smother + Evil = Hurt,0.6,0.6,0.6,0.6,0.4,0.4,0.8
Akufen,Skidoos,0.0,0.0,0.0,0.0,0.0,0.0,0.0
Big Brother & The Holding Company,Summertime,0.8,1.0,0.4,0.4,1.0,0.4,0.2
The Kinks,Where Have All The Good Times Gone,0.4,0.6,0.2,0.4,0.6,0.8,0.4
Akufen,Wet Floors,0.2,0.4,0.8,0.8,0.2,0.4,0.6
Oasis,The Girl In The Dirty Shirt,0.6,0.8,0.4,0.6,0.6,0.4,0.6
The Knife,The Captain(Silent Shout Tour),0.6,0.4,0.6,0.8,0.2,0.4,0.8
Destroyer,Foam Hands,,,,,,,
The Knife,Jens'S Sneaking,,,,,,,
Stereolab,Metronomic Underground,,,,,,,
Mgmt,Love Always Remains,,,,,,,
The Sisters Of Mercy,Body Electric,,,,,,,
Barbara Morgenstern,The Operator,0.6,0.6,0.8,0.8,0.2,0.4,0.4
ポルノグラフィティ,Melissa,0.6,0.8,0.4,0.8,0.2,0.4,0.6
Stereophonics,Bank Holiday Monday,,,,,,,
Jedi Mind Tricks,Saviorself (Feat. Killah Priest),,,,,,,
Jedi Mind Tricks,Uncommon Valor: A Vietnam Story (Feat. R.A. The Rugged Man),,,,,,,
Sepultura,Beneath The Remains,,,,,,,
Sepultura,Intro,,,,,,,
Mew,Web,,,,,,,
Black Sabbath,Spiral Architect,,,,,,,
Backyard Babies,Idiots,,,,,,,
The Sisters Of Mercy,More,,,,,,,
Mewithoutyou,I Never Said That I Was Brave,,,,,,,
Free The Robots,Jazzhole,,,,,,,
Free On Stage Feat. Sound Players,Like In Heaven (Original Mix),,,,,,,
Rush,Bastille Day,,,,,,,
Cursive,Opening The Hymnal / Babies,,,,,,,
Sepultura,Murder,,,,,,,
Frightened Rabbit,The Twist,,,,,,,
Teddy Geiger,These Walls,0.6,0.6,0.4,0.8,0.2,0.4,0.6
Apocalyptica,Refuse/Resist,,,,,,,
Olive,You'Re Not Alone,,,,,,,
Olivia Ruiz,Les Vieux Amoureux,,,,,,,
Anna Ternheim,I Say No,,,,,,,
Jason Mraz,Did You Get My Message?,,,,,,,
Ted Leo And The Pharmacists,Walking To Do,,,,,,,
Le Tigre,Mediocrity Rules,,,,,,,
Le Tigre,Sixteen,,,,,,,
Hatebreed,Destroy Everything,,,,,,,
Battlelore,Chazad-Dum Pt.2,,,,,,,
Janet Jackson,Someone To Call My Lover,,,,,,,
Prefuse 73,The Wrong Side Of Reflection,,,,,,,
Pretty Girls Make Graves,Blue Lights,,,,,,,
Primal Scream,Beautiful Future,,,,,,,
One Day As A Lion,Wild International,,,,,,,
Biffy Clyro,Mountains,,,,,,,
Biffy Clyro,Now I'M Everyone,,,,,,,
Meshuggah,Neurotica,0.4,0.8,0.0,0.2,1.0,0.2,0.0
Methods Of Mayhem,Get Naked,,,,,,,
Black Tambourine,Pack You Up,,,,,,,
Dj Shadow,Transmission 1,,,,,,,
Laurent Wolf,Wash My World,,,,,,,
Dj Shadow,This Time (I'M Gonna Try It My Way),,,,,,,
Metallica,Too Late Too Late,,,,,,,
Lene Lovich,Lucky Number,,,,,,,
Metallica,53Rd & 3Rd,,,,,,,
Melvins,Honey Bucket,,,,,,,
The View,Wasted Little Djs,,,,,,,
Lenny Kravitz,If You Can'T Say No,,,,,,,
Stevie Ray Vaughan And Double Trouble,Pride And Joy,,,,,,,
Devendra Banhart,Tonada Yanomaminista,,,,,,,
Small Faces,Long Agos And Worlds Apart,,,,,,,
Metallica,Prince Charming,,,,,,,
Stevie Ray Vaughan And Double Trouble,Mary Had A Little Lamb,,,,,,,
Jamiroquai,Talulah,,,,,,,
Cascada,Ready For Love,,,,,,,
Biffy Clyro,As Dust Dances,,,,,,,
The Vines,Mary Jane,,,,,,,
Portishead & Moloko,Fun For Me,,,,,,,
Big Black,Bad Penny,,,,,,,
The Vines,Winning Days,,,,,,,
Jason Mraz,Song For A Friend,,,,,,,
Jason Mraz,Clockwatching,,,,,,,
Smokey Robinson & The Miracles,Tears Of A Clown,,,,,,,
X-Ray Spex,I Am A Cliche,,,,,,,
James Murphy & Pat Mahoney,I Need You Tonight,,,,,,,
X-Ray Spex,Genetic Engineering,,,,,,,
Freeland,Physical World,,,,,,,
Freeland,L.I.F.E.,,,,,,,
September,Can'T Get Over (Radio Edit),,,,,,,
Apocalyptica,From Out Of Nowhere,,,,,,,
Led Zeppelin,Night Flight,,,,,,,
65Daysofstatic,Massive Star At The End Of Its Burning Cycle,,,,,,,
Leaves' Eyes,Return To Life,,,,,,,
Freak Kitchen,The Rights To You,,,,,,,
The Breeders,Mad Lucas,,,,,,,
Rush,Resist (Live),,,,,,,
Rush,Scars,,,,,,,
Rush,Roll The Bones,,,,,,,
Cut Chemist,Metrorail Thru Space,,,,,,,
Alanis Morissette,Wake Up,,,,,,,
Beyoncé & Shakira,Beautiful Liar,,,,,,,
Annie,Helpless Fool For Love (Patrick Wolf Remix),,,,,,,
Orchestral Manoeuvres In The Dark,Telegraph,,,,,,,
The Juliana Hatfield Three,My Sister,,,,,,,
Orchestral Manoeuvres In The Dark,Radio Waves,,,,,,,
Beyoncé Knowles Featuring Jay-Z,Deja Vu (Offer Nissim Mix),,,,,,,
Alanis Morissette,21 Things I Want In A Lover,0.8,0.8,0.6,0.6,0.6,0.4,0.4
Trivium,Unrepentant,,,,,,,
Melanie C,Don'T Need This,0.6,0.8,0.4,0.8,0.4,0.2,0.6
David Bowie,Little Wonder,,,,,,,
Enya,Silver Inches,,,,,,,
Hawkwind,The Awakening,,,,,,,
Weezer,Freak Me Out,,,,,,,
Sway,Hype Boys,,,,,,,
Weezer,Cold Dark World,,,,,,,
Simple Minds,I Travel,,,,,,,
Epica,The Divine Conspiracy,,,,,,,
Lenny Kravitz,Always On The Run,,,,,,,
Bob Sinclar,Love Generation (Radio Edit),,,,,,,
The Sonics,Have Love Will Travel,,,,,,,
Megadeth,Holy Wars,,,,,,,
Cat Stevens,Where Do The Children Play,,,,,,,
Lesley Gore,It'S My Party,,,,,,,
Megadeth,Angry Again,,,,,,,
Cat Stevens,Sad Lisa,,,,,,,
Ozric Tentacles,Bizarre Bazaar,,,,,,,
Teenagersintokyo,Very Vampyr,,,,,,,
The Specials,Gangsters,,,,,,,
Porcupine Tree,Baby Dream In Cellophane,,,,,,,
Mdfmk,Torpedoes,,,,,,,
Stone Temple Pilots,Trippin' On A Hole In A Paper Heart,,,,,,,
Story Of The Year,Stereo,,,,,,,
Heaven 17,(We Don'T Need This) Fascist Groove Thang,,,,,,,
Megadeth,High Speed Dirt,,,,,,,
Cliff Martinez,Will She Come Back,,,,,,,
Clinic,Pet Eunuch,,,,,,,
Clinic,Dj Shangri-La,,,,,,,
Clinic,The Return Of Evil Bill,,,,,,,
Out Hud,How Long,,,,,,,
Slowdive,Miranda,,,,,,,
Out Of Office,Hands Up (Vocal Mix),,,,,,,
Weezer,The Angel And The One,,,,,,,
Slowdive,Slowdive,,,,,,,
Weezer,The Sister Song,,,,,,,
The Dresden Dolls,Christopher Lydon,,,,,,,
Clor,Stuck In A Tight Spot,,,,,,,
Velvet,Mi Amore,,,,,,,
Health,Glitter Pills,,,,,,,
Entwine,Frozen By The Sun,,,,,,,
Velvet,Fix Me,,,,,,,
Ryan Adams,The Sun Also Sets,,,,,,,
Freak Kitchen,Chest Pain Waltz,,,,,,,
Semisonic,Dnd,0.6,0.8,0.4,0.8,0.4,0.4,0.6
Ryan Adams,Amy,,,,,,,
Meat Puppets,Lake Of Fire,,,,,,,
The Books,There Is No There,,,,,,,
Cypress Hill,(Rock) Superstar,,,,,,,
Meat Loaf,I'D Lie For You (And That'S The Truth),,,,,,,
Annihilator,Wicked Mystic,,,,,,,
The Books,A Little Longing Goes Away,,,,,,,
The Books,Bonanza,,,,,,,
Alanis Morissette,Utopia,,,,,,,
The Boomtown Rats,Rat Trap,,,,,,,
Fatboy Slim,I See You Baby (Groove Armada Fbs Remix),,,,,,,
Jackson And His Computer Band,Fast Life,,,,,,,
Beulah,Cruel Minor Change,,,,,,,
Beulah,Burned By The Sun,,,,,,,
Cat Power,Paths Of Victory,,,,,,,
Róisín Murphy,Leaving The City,,,,,,,
Backyard Babies,You Tell Me You Love Me You Lie,,,,,,,
Woven Hand,Winter Shaker,,,,,,,
U2,Your Blue Room,,,,,,,
The John Butler Trio,Ocean,,,,,,,
Sting With Eric Clapton,It'S Probably Me,,,,,,,
Sloan,Set In Motion,,,,,,,
Otis Redding,I'Ve Been Loving You Too Long,,,,,,,
Teenagersintokyo,Robocat,,,,,,,
Sloan,Something'S Wrong,,,,,,,
Frank Sinatra,The Girl From Ipanema,0.6,0.8,0.4,1.0,0.2,0.4,0.2
Lifehouse,We'Ll Never Know,,,,,,,
Sabaton,Attero Dominatus,,,,,,,
The Specials,It'S Up To You,,,,,,,
Mazzy Star,I'Ve Been Let Down,,,,,,,
Mazzy Star,Look On Down From The Bridge,,,,,,,
Bob Dylan,Workingman'S Blues #2,,,,,,,
Isis,Grinning Mouths,,,,,,,
Lifehouse,Come Back Down,,,,,,,
Isis,Carry,,,,,,,
Iron & Wine,The Sea And The Rhythm,,,,,,,
Dani,Te Doy Mi Voz (Spain),,,,,,,
Frank Sinatra,Young At Heart,,,,,,,
Frank Sinatra,The Best Is Yet To Come,,,,,,,
Seether,Fine Again,,,,,,,
Fatboy Slim,Ya Mama,,,,,,,
Tori Amos,1000 Oceans,,,,,,,
David Bowie,Sweet Thing (Reprise),,,,,,,
Plain White T'S,A Lonely September,,,,,,,
Herbert,Just Once,,,,,,,
The Jesus And Mary Chain,Everything'S Alright When You'Re Down,,,,,,,
Helloween,Twilight Of The Gods,,,,,,,
The Jam,The Modern World,,,,,,,
Bettye Lavette,Little Sparrow,,,,,,,
Catamenia,The Heart Of Darkness,,,,,,,
Strapping Young Lad,Two Weeks,,,,,,,
J Dilla,People,,,,,,,
Catamenia,The Crystal Stream,,,,,,,
Poets Of The Fall,Overboard,,,,,,,
Plastic Bertrand,Ca Plane Pour Moi,,,,,,,
Poison,Can'T You See,,,,,,,
Sinéad O'Connor,I Am Stretched On Your Grave,,,,,,,
Max Richter,Sunlight,,,,,,,
Matt Pond Pa,The Butcher,,,,,,,
Dixie Chicks,Bitter End,,,,,,,
Matt Pond Pa,Closest (Look Out),,,,,,,
Tristania,Pale Enchantress,,,,,,,
Cave In,Jupiter,,,,,,,
Matt Nathanson,Car Crash,,,,,,,
The Jam,Mr. Clean,,,,,,,
山根ミチル,Bad Situation,,,,,,,
Limp Bizkit,It'Ll Be Ok,,,,,,,
Alestorm,Over The Seas,,,,,,,
Inxs,What You Need,,,,,,,
Dead Can Dance,The Song Of The Sibyl,,,,,,,
Iron & Wine And Calexico,Dead Man'S Will,0.6,0.6,0.8,0.8,0.2,0.4,0.8
Iron & Wine And Calexico,History Of Lovers,,,,,,,
P!Nk,Most Girls,,,,,,,
Between The Buried And Me,Sun Of Nothing,,,,,,,
The Veronicas,Everything I'M Not,,,,,,,
Slipknot,Only One,,,,,,,
Beulah,Hey Brother,,,,,,,
The Invisibles,London Zoo,,,,,,,
Panic At The Disco,She'S A Handsome Woman,,,,,,,
Panic At The Disco,That Green Gentleman (Things Have Changed),,,,,,,
Strapping Young Lad,Antiproduct,,,,,,,
Dixie Chicks,Everybody Knows,,,,,,,
Slick Rick,Children'S Story,,,,,,,
Röyksopp,Only This Moment (Radio Edit),,,,,,,
Max Richter,Vladimir'S Blues,,,,,,,
The Beatles,All Together Now,0.6,0.6,0.2,0.6,0.2,0.4,0.8
Lil Wayne,Got Money (Feat. T-Pain),,,,,,,
Slipknot,Gehenna,,,,,,,
Strapping Young Lad,Detox,,,,,,,
Four Tet,No More Mosquitoes,,,,,,,
Saint Etienne,Stars Above Us,,,,,,,
Frank Black,Headache,,,,,,,
Papa Roach,Broken Home,,,,,,,
The Black Keys,Strange Desire,,,,,,,
Franco Battiato,Un'Altra Vita,,,,,,,
Ingrid Michaelson,Keep Breathing,,,,,,,
The Black Keys,Midnight In Her Eyes,,,,,,,
Four Tet,Untangle,,,,,,,
Sleater-Kinney,You'Re No Rock 'N' Roll Fun,,,,,,,
Basement Jaxx,Romeo (Acoustic Mix),,,,,,,
D'Sound,Green Eyes,,,,,,,
Tokyo Police Club,The Baskervilles,,,,,,,
Hevein,As Far As The Eye Can See,,,,,,,
Tori Amos,'97 Bonnie & Clyde,,,,,,,
Cky,Close Yet Far,,,,,,,
The Enemy,You'Re Not Alone,,,,,,,
Salt-N-Pepa,Let'S Talk About Sex,,,,,,,
Paradise Lost,Angel Tears,,,,,,,
Papa Roach,Dead Cell,,,,,,,
Paradise Lost,No Celebration,,,,,,,
Beth Orton,Live As You Dream,,,,,,,
Bob Dylan,Beyond The Horizon,,,,,,,
Vast,Winter In My Heart,,,,,,,
Basshunter,Now You'Re Gone (Radio Edit),,,,,,,
Pain Of Salvation,People Passing By,,,,,,,
Iron Maiden,Gangland,,,,,,,
Céline Dion,The Power Of Love,,,,,,,
Placebo,Nancy Boy (Sex Mix),,,,,,,
Hevein,Breakout The Hammers,,,,,,,
Within Temptation,What Have You Done,,,,,,,
The Stranglers,Duchess,,,,,,,
The Streets,Can'T Con An Honest John,,,,,,,
3 Doors Down,Live For Today,,,,,,,
3 Doors Down,Here Without You (Acoustic),,,,,,,
Mark Ronson,God Put A Smile Upon Your Face (Feat. The Daptone Horns),,,,,,,
3 Doors Down,Father'S Son,,,,,,,
Telefon Tel Aviv,Fahrenheit Far Away,,,,,,,
3 Doors Down,It'S Not My Time,,,,,,,
Infected Mushroom,I Wish,,,,,,,
India.Arie,Ready For Love,,,,,,,
Sleater-Kinney,The Size Of Our Love,,,,,,,
Dead Can Dance,Music For Vampires,,,,,,,
Within Temptation,The Promise,,,,,,,
Dead Can Dance,As The Bell Rings The Maypole Spins,,,,,,,
Ingrid Michaelson,The Hat,,,,,,,
The Innocence Mission,Going Away,,,,,,,
The Hush Sound,Momentum,,,,,,,
Insomnium,At The Gates Of Sleep,,,,,,,
Tori Amos,Sweet Sangria,,,,,,,
Ulrich Schnauss,Blumenwiese Neben Autobahn,,,,,,,
Incubus,Stellar (Acoustic),,,,,,,
Chapterhouse,Mesmerise,,,,,,,
Limp Bizkit,No Sex,,,,,,,
Charlie,Spacer Woman,,,,,,,
Seeed,Respectness,,,,,,,
Lindsey De Paul,Sugar Me,,,,,,,
311,Down,,,,,,,
Tori Amos,Time,,,,,,,
Bad Brains,Fearless Vampire Killers,,,,,,,
Insomnium,The Day It All Came Down,,,,,,,
Pantera,Hard Ride,,,,,,,
Sleater-Kinney,Banned From The End Of The World,,,,,,,
Wire,The Other Window,,,,,,,
Wire,Start To Move,,,,,,,
The Haunted,The Flood,,,,,,,
Bertine Zetlitz,Abigail,,,,,,,
Sleater-Kinney,Call The Doctor,,,,,,,
Alice In Chains,Sunshine,,,,,,,
Live,The Dolphins Cry,0.6,0.8,0.6,0.8,0.6,0.4,0.4
Patti Smith,Land,,,,,,,
In Flames,Cloud Connected (Club Connected Remix),,,,,,,
In Flames,Dead Eternity,,,,,,,
Patrick Watson,The Great Escape,,,,,,,
Army Of Lovers,Crucified,,,,,,,
Dead Boys,Ain'T Nothin' To Do,,,,,,,
Marvin Gaye,What'S Happening Brother,,,,,,,
The Haunted,Who Will Decide,,,,,,,
Sleater-Kinney,Little Babies,,,,,,,
Alva Noto + Ryuichi Sakamoto,Logic Moon,,,,,,,
City And Colour,Sometimes (I Wish),,,,,,,
Tiamat,Brighter Than The Sun,,,,,,,
David Bowie,Within You,,,,,,,
Him,I Love You (Prelude To Tragedy),,,,,,,
Ennio Morricone,A Fistful Of Dollars,,,,,,,
Boards Of Canada,Nova Scotia Robots,,,,,,,
Diablo,In Flesh,,,,,,,
Dispatch,Flying Horses,,,,,,,
Supertramp,Ain'T Nobody But Me,,,,,,,
Travis,Walking In The Sun,,,,,,,
Tristania,Deadlocked,,,,,,,
The Stone Roses,What The World Is Waiting For,,,,,,,
Martha Wainwright,G.P.T.,,,,,,,
Lollobrigida Feat Una Bitcharka Na Travi,Lollobrigida Incorporated,,,,,,,
Fear Factory,Bite The Hand That Bleeds,0.6,0.8,0.2,0.4,1.0,0.2,0.4
Mark Lanegan,Methamphetamine Blues,,,,,,,
Maroon 5,Back At Your Door,,,,,,,
Alter Ego,Rocker (Dub Mix),,,,,,,
Diana King,Shy Guy,,,,,,,
Him,Please Don'T Let It Go,,,,,,,
2Pac,Dear Mama,,,,,,,
Aphex Twin,Iz-Us,,,,,,,
Fort Minor,Get Me Gone,,,,,,,
The Black Heart Procession,Tropics Of Love,,,,,,,
The Black Ghosts,Face (The Teenagers Remix),,,,,,,
Martha And The Vandellas,Jimmy Mack,,,,,,,
Aphex Twin,Kesson Daslef,,,,,,,
Ll Cool J,Control Myself,,,,,,,
Chemistry,You Go Your Way,,,,,,,
The Black Crowes,My Morning Song,,,,,,,
Chemistry,Solid Dream,,,,,,,
Saosin,3Rd Measurement In C,,,,,,,
Forgotten Boys,Watching Over You,,,,,,,
Forgotten Boys,Bla Bla Bla,,,,,,,
Patrick Wolf,X,0.6,0.6,0.4,0.6,0.2,0.4,0.6
Basement Jaxx,Broken Dreams,,,,,,,
Basement Jaxx,Intro,,,,,,,
The Goo Goo Dolls,Lazy Eye,,,,,,,
Bad Company,Bad Company,,,,,,,
Iliketrains,We All Fall Down,,,,,,,
Imogen Heap,Useless,,,,,,,
Patrick Wolf,Vulture,,,,,,,
Sublime,Scarlet Begonias,,,,,,,
Alice In Chains,God Smack,,,,,,,
The Goo Goo Dolls,We'Ll Be Here (When You'Re Gone),,,,,,,
Los Hermanos,Retrato Pra Iaiá,,,,,,,
Blur,Jets,,,,,,,
Mariah Carey,Say Somethin' (Morales Edit),,,,,,,
Anthrax,Antisocial,,,,,,,
Avenged Sevenfold,Sidewinder,,,,,,,
Trio Odemira,No Reino Do Amor,,,,,,,
Foo Fighters,Halo,,,,,,,
Marilyn Manson,User Friendly,,,,,,,
Louis Xiv,God Killed The Queen,,,,,,,
河辺千恵子,Sakura Kiss (Tv Size),,,,,,,
22-20S,Devil In Me,,,,,,,
The Streets,Such A Twat,,,,,,,
Marilyn Manson,Minute Of Decay,,,,,,,
Sublime,We'Re Only Gonna Die For Our Arrogance,,,,,,,
Pinback,Soaked,,,,,,,
Hocico,Twisted Lines,,,,,,,
Paul Van Dyk,Forbidden Fruit,,,,,,,
Iggy Pop,Mass Production,,,,,,,
Paul Van Dyk Feat. Rea Garvey,Let Go,,,,,,,
Paul Van Dyk,Nothing But You,,,,,,,
Iggy Pop,I'M Bored,,,,,,,
Skid Row,Riot Act,,,,,,,
Ben Harper,When It'S Good,,,,,,,
Pink Floyd,03 - Time,,,,,,,
Ben Kweller,I Need You Back,,,,,,,
Alphabeat,Boyfriend,,,,,,,
Engenheiros Do Hawaii,3X4,,,,,,,
Lou Reed,This Magic Moment,,,,,,,
Anthrax,Panic,,,,,,,
Tom Waits,Jersey Girl,,,,,,,
Mariah Carey,Don'T Forget About Us,,,,,,,
Super Furry Animals,Zoom!,,,,,,,
Suede,The Chemistry Between Us,,,,,,,
Lotus Plaza,What Grows?,,,,,,,
Lovage,Anger Management,,,,,,,
Sarah Mclachlan,Full Of Grace,,,,,,,
Flogging Molly,If I Ever Leave This World Alive,,,,,,,
Sarah Mclachlan,Do What You Have To Do,,,,,,,
The Bird And The Bee,My Fair Lady,,,,,,,
Flo Rida,Right Round (Feat. Kesha),,,,,,,
Flogging Molly,Another Bag Of Bricks,,,,,,,
The Fiery Furnaces,Teach Me Sweetheart,0.6,0.4,0.6,0.6,0.2,0.4,0.6
Sebadoh,Not Too Amused,,,,,,,
Feeder,Insomnia,,,,,,,
Pierrot,Agitator,,,,,,,
Pavement,Major Leagues,,,,,,,
Thao,Bag Of Hammers,,,,,,,
Christina Aguilera,El Beso Del Final,,,,,,,
Christina Aguilera,Welcome,,,,,,,
Dir En Grey,The Fatal Believer,,,,,,,
Slayer,Here Comes The Pain,,,,,,,
Slayer,Live Undead,,,,,,,
Iko,Prom Song,,,,,,,
The Fiery Furnaces,Clear Signal From Cairo,,,,,,,
The Fiery Furnaces,Benton Harbor Blues,,,,,,,
The Fiery Furnaces,Inca Rag/Name Game,,,,,,,
菅野よう子,Tank!,,,,,,,
Thåström,Kärlek Är För Dom,,,,,,,
The Field,Silent,,,,,,,
Lullacry,Better Days,,,,,,,
Dir En Grey,Drain Away,,,,,,,
Sufjan Stevens,Chicago (Multiple Personality Disorder Version),,,,,,,
Love Is All,Untitled,0.6,0.4,0.2,0.2,0.6,0.4,0.4
The Sugarcubes,Sick For Toys,,,,,,,
Manu Chao,El Dorado 1997,,,,,,,
Emily Haines & The Soft Skeleton,Rowboat,,,,,,,
Tori Amos,Little Amsterdam,,,,,,,
Blind Guardian,Barbara Ann,,,,,,,
Peaches,Rock The Shocker,,,,,,,
Tricky,Makes Me Wanna Die,,,,,,,
Mandalay,Beautiful,,,,,,,
The Undertones,My Perfect Cousin,,,,,,,
Lucybell,Cuando Respiro En Tu Boca,,,,,,,
Pearl Jam,Rats,,,,,,,
The Game,Ol' English (Produced By Hi Tek),,,,,,,
Lucybell,A Perderse,,,,,,,
Pearl Jam,Indifference,,,,,,,
Tenacious D,Karate Schnitzel,,,,,,,
Tenacious D,Exploding Brains,,,,,,,
De La Soul,Ghetto Thang,0.4,0.6,0.2,0.6,0.2,0.4,0.6
Iamx,White Suburb Impressionism,,,,,,,
Pavement,Summer Babe,,,,,,,
Chikinki,Assassinator 13,,,,,,,
The Gathering,Debris,,,,,,,
Icon & The Black Roses,Remember,,,,,,,
Idlewild,Everything (As It Moves),,,,,,,
Pearl Jam,Present Tense,,,,,,,
Alien Ant Farm,Glow,,,,,,,
Autechre,Paralel Suns,,,,,,,
Icon & The Black Roses,Dreams And Silver Tears,,,,,,,
Scar Symmetry,The Path Of Least Resistance,,,,,,,
The Beautiful Mistake,My Reminder,,,,,,,
The Beatles,Every Little Thing,,,,,,,
Feeder,Turn,,,,,,,
Scar Symmetry,Orchestrate The Infinite,,,,,,,
Fleetwood Mac,Oh Daddy,,,,,,,
William Shatner,It Hasn'T Happened Yet,,,,,,,
Hot Chip,Whistle For Will,,,,,,,
Alkaline Trio,The Poison,,,,,,,
I Am Kloot,The Same Deep Water As Me,,,,,,,
Blood Red Shoes,Adhd,,,,,,,
Mae,Runaway,,,,,,,
The Thermals,Here'S Your Future,,,,,,,
Christina Aguilera,Can'T Hold Us Down (Feat. Lil' Kim),,,,,,,
Phoenix,Congratulations,,,,,,,
Wilco,Kingpin,,,,,,,
Thurston Moore,Silver&Gt;Blue,,,,,,,
Skinny Puppy,Candle,,,,,,,
Skinny Puppy,Scrapyard,,,,,,,
Philip Glass,Mad Rush,,,,,,,
The Subways,Alright,,,,,,,
David Guetta,Winner Of The Game (Feat. Jd Davis),,,,,,,
Manu Chao,A Cosa,,,,,,,
Manic Street Preachers,Suicide Is Painless,,,,,,,
Blind Guardian,The Quest For Tanelorn,,,,,,,
Tori Amos,Little Earthquakes,,,,,,,
Blind Guardian,Theatre Of Pain,,,,,,,
Fennesz & Sakamoto,Oto,,,,,,,
Peaches,Aa Xxx,,,,,,,
Madeleine Peyroux,I'Ll Look Around,,,,,,,
The Tough Alliance,Take No Heroes,,,,,,,
M.I.A.,Dash The Curry Skit,,,,,,,
M83,At The Party,,,,,,,
+44,Little Death,,,,,,,
Madness,Michael Caine,,,,,,,
*Nsync,Girlfriend,,,,,,,
Thursday,At This Velocity,,,,,,,
Chris Vrenna,Falling Down The Rabbit Hole,,,,,,,
Hot Snakes,Xox,,,,,,,
Dimmu Borgir,Entrance,0.6,0.8,0.2,0.4,0.8,0.4,0.6
Eminem,When I'M Gone,,,,,,,
Howard Shore,Twilight And Shadow,,,,,,,
Dillinger,Cocaine In My Brain,,,,,,,
Peter Murphy,I'Ll Fall With Your Knife,,,,,,,
Die Fantastischen Vier,Hoffnung,,,,,,,
Sugababes,Back When,,,,,,,
Sufjan Stevens,To The Workers Of The Rockford River Valley Region,,,,,,,
Hot Hot Heat,Elevator,,,,,,,
Phil Collins,Easy Lover,,,,,,,
Thursday,Concealer,,,,,,,
...And You Will Know Us By The Trail Of Dead,Life,,,,,,,
...And You Will Know Us By The Trail Of Dead,Gold Heart Mountain Top Queen Directory,,,,,,,
Bloodbath,Brave New Hell,,,,,,,
Bloodhound Gang,Magna Cum Nada,,,,,,,
Bloodhound Gang,Ralph Wiggum,,,,,,,
Malajube,Montreal -40C,,,,,,,
Sunny Day Real Estate,Song About An Angel,,,,,,,
Godsmack,Hollow,,,,,,,
Mahogany,Supervitesse (Robin Guthrie Mix),,,,,,,
God'S Bow,My Fault,,,,,,,
The Cribs,You'Re Gonna Lose Us,,,,,,,
Ane Brun,A Temporary Dive,,,,,,,
Kanye West,Good Life,,,,,,,
Kanye West,Never Let You Down,,,,,,,
Spacemen 3,Walkin' With Jesus,,,,,,,
Shelby Lynne,Dream Some,,,,,,,
Rebel Meets Rebel,Nothin' To Lose,,,,,,,
Conjure One,Years,,,,,,,
The Allman Brothers Band,Statesboro Blues,,,,,,,
Conor Oberst,I Don'T Want To Die (In The Hospital),,,,,,,
Shearwater,The Hunter'S Star,,,,,,,
Everclear,Learning How To Smile,,,,,,,
M. Ward,Sweethearts On Parade,,,,,,,
Blink-182,Story Of A Lonely Guy,,,,,,,
M. Ward,Duet For Guitars #3,,,,,,,
Madonna,Candy Perfume Girl,,,,,,,
Blockhead,Expiration Date,,,,,,,
Blink-182,Obvious,,,,,,,
Reagan Youth,No Class,,,,,,,
Machinae Supremacy,Oki Kuma'S Adventure,,,,,,,
M83,Sitting,,,,,,,
Scsi-9,Eclair De Lune,,,,,,,
Ferry Corsten,Possession,,,,,,,
Scott Matthew,Lithium Flower,,,,,,,
Dan Deacon,Okie Dokie,,,,,,,
Dimmu Borgir,Hybrid Stigmata - The Apostasy,,,,,,,
Fields,Brittlesticks,,,,,,,
Bloc Party,Luno (Bloc Party Vs. Death From Above 1979),,,,,,,
Madness,Wings Of A Dove,,,,,,,
Sugarcult,Daddy'S Little Defect,,,,,,,
+44,Lillian,,,,,,,
Blockhead,Jet Son,,,,,,,
Lupe Fiasco,Sunshine,,,,,,,
Scar Symmetry,Seeds Of Rebellion,,,,,,,
Autechre,Piezo,,,,,,,
Tricky,Hell Is Round The Corner,,,,,,,
Dana Fuchs And Jim Sturgess,All You Need Is Love,,,,,,,
Saves The Day,Cars & Calories,,,,,,,
Dios (Malos),Starting Five,,,,,,,
Van She,Kelly (Alan Braxe And Fred Falke Remix),,,,,,,
Say Anything,Admit It!!!,,,,,,,
Fleetwood Mac,Black Magic Woman,,,,,,,
The Besnard Lakes,And You Lied To Me,,,,,,,
The Beta Band,B + A,,,,,,,
The Beta Band,Dogs Got A Bone,,,,,,,
Blue Foundation,History,,,,,,,
The Sword,Freya,,,,,,,
Lucky Soul,Baby I'M Broke,,,,,,,
Mando Diao,Kingdom & Glory,,,,,,,
Blind Guardian,Welcome To Dying,,,,,,,
Savage Garden,Break Me Shake Me,,,,,,,
Lucinda Williams,Car Wheels On A Gravel Road,,,,,,,
Blues Traveler,Stand,,,,,,,
Manu Chao,Minha Galera,,,,,,,
Love,Old Man,,,,,,,
The Teenagers,We Are The Teenagers,,,,,,,
Wilco,Someone Else'S Song,,,,,,,
Trentemøller,Snowflake,,,,,,,
Sufjan Stevens,Demetrius,,,,,,,
Blue Foundation,02.17 Am,,,,,,,
Wilco,Someday Soon,,,,,,,
Thursday,Steps Ascending,,,,,,,
Christina Aguilera,Falsas Esperanzas,,,,,,,
Peaches,Do Ya,,,,,,,
Peaches,Cum Undun,,,,,,,
Peaches,Talk To Me,,,,,,,
Pearl Jam,Blood,,,,,,,
Emperor,Cosmic Keys To My Creations And Times,,,,,,,
Hot Club De Paris,Shipwreck,,,,,,,
The Flaming Lips,Race For The Prize (Remix),,,,,,,
Emperor,The Loss And Curse Of Reverence,,,,,,,
Skinny Puppy,Death,,,,,,,
David Guetta,Love Don'T Let Me Go (House Remix),,,,,,,
Emma Bunton,Breathing,,,,,,,
David Guetta,You'Re Not Alone (Feat. Tara Mcdonald),,,,,,,
The Funky Lowlives,Time To Let You Go,,,,,,,
I Love You But I'Ve Chosen Darkness,-,,,,,,,
Alkaline Trio,Mr. Chainsaw,,,,,,,
Pelican,Far From Fields,,,,,,,
The Funky Lowlives,Sail Into The Sun,,,,,,,
Håkan Hellström,En Midsommarnattsdröm,,,,,,,
Alkaline Trio,We'Ve Had Enough,,,,,,,
Alkaline Trio,Take Lots With Alcohol,,,,,,,
The Game,My Life (Feat. Lil' Wayne),,,,,,,
Benjamin Diamond,Let'S Get High (Alan Braxe Remix),,,,,,,
Peeping Tom,How U Feelin? (Feat. Doseone),,,,,,,
Pedro The Lion,Big Trucks,,,,,,,
Peeping Tom,Kill The Dj (Feat. Massive Attack),,,,,,,
Days Of The New,Solitude,,,,,,,
Peeping Tom,Getaway (Feat. Kool Keith),,,,,,,
Emilíana Torrini,Fingertips,,,,,,,
David Draiman,Forsaken,,,,,,,
Tori Amos,Code Red,,,,,,,
The Fiery Furnaces,Evergreen,,,,,,,
David Gilmour,Then I Close My Eyes,,,,,,,
Paul Mccartney & Wings,Jet,,,,,,,
Why?,Fall Saddles,0.6,0.4,0.6,0.6,0.4,0.8,0.6
Alif Tree,Belle,,,,,,,
Iio,At The End,,,,,,,
Windir,Todeswalzer,,,,,,,
Iced Earth,Wolf,,,,,,,
Christina Aguilera,I Got Trouble,,,,,,,
Christina Aguilera,On Our Way,,,,,,,
Phosphorescent,I Am A Full Grown Man (I Will Lay In The Grass All Day),,,,,,,
Hooverphonic,One,,,,,,,
The Fiery Furnaces,Worry Worry,,,,,,,
Slayer,Black Serenade,,,,,,,
Slayer,Cast Down,,,,,,,
Slayer,Darkness Of Christ,,,,,,,
Chicks On Speed,We Don'T Play Guitars,,,,,,,
Bad Religion,Against The Grain,,,,,,,
Windy & Carl,Lighthouse (Alt Version),,,,,,,
Thrice,Atlantic,,,,,,,
Ida Maria,I Like You So Much Better When You'Re Naked,,,,,,,
Emilie Autumn,How Strange,,,,,,,
Slagsmålsklubben,Erd Ist Froh,,,,,,,
Ultravox,The Thin Wall,,,,,,,
Children Of Bodom,The Nail,,,,,,,
The Get Up Kids,I'Ll Catch You,,,,,,,
Iamx,Think Of England,,,,,,,
Chicane,Low Sun,,,,,,,
Chemistry,Nothing (Takagi Masakatsu Remix),,,,,,,
Bertrand Burgalat,Ma Rencontre,,,,,,,
Dead Boys,I Need Lunch,,,,,,,
Immortal Technique,The 4Th Branch,,,,,,,
Chemistry,Your World,,,,,,,
Iliketrains,The Deception,0.4,0.6,0.4,0.6,0.4,0.2,0.6
Immortal Technique,Industrial Revolution,,,,,,,
Pink Floyd,Paintbox,,,,,,,
Immortal,One By One,,,,,,,
The 4-Skins,One Law For Them,,,,,,,
Pink Floyd,Signs Of Life,,,,,,,
Pink Martini,Aspettami,,,,,,,
Pink Martini,Lilly,,,,,,,
The Fall,New Face In Hell,,,,,,,
Ben Harper,Waiting For You,,,,,,,
Hilary Duff,Gypsy Woman,,,,,,,
Tori Amos,Programmable Soda,,,,,,,
Television Personalities,Jackanory Stories,,,,,,,
De-Phazz,Death By Chocolate,,,,,,,
Iggy Pop,Fall In Love With Me,,,,,,,
Idlewild,Too Long Awake,,,,,,,
Badly Drawn Boy,Camping Next To Water,,,,,,,
Pinback,Hurley,,,,,,,
Hocico,Spirals Of Time,,,,,,,
Chevelle,The Clincher,,,,,,,
Chevelle,An Evening With El Diablo,,,,,,,
Iggy Pop,Real Wild Child,,,,,,,
Armin Van Buuren,Going Wrong,,,,,,,
Slayer,Ghosts Of War,,,,,,,
Temple Of The Dog,Pushin Forward Back,,,,,,,
Temple Of The Dog,Say Hello 2 Heaven,0.8,1.0,0.4,0.6,0.8,0.2,0.4
De La Soul,Transmitting Live From Mars,,,,,,,
The Hold Steady,Magazines,,,,,,,
Pj Harvey & Thom Yorke,This Mess We'Re In,,,,,,,
Sleater-Kinney,Start Together,,,,,,,
Teitur,Rough Around The Edges,,,,,,,
Infected Mushroom,Dancing With Kadafi,,,,,,,
Indochine,Alice & June,,,,,,,
Infadels,Topboy,,,,,,,
Circle Takes The Square,Same Shade As Concrete,,,,,,,
The Hellacopters,Down On Freestreet,,,,,,,
Ben Harper,By My Side,0.6,0.8,0.6,0.8,0.2,0.4,0.4
The Faint,Sex Is Personal,,,,,,,
Circle Jerks,Beverly Hills,,,,,,,
Circle Takes The Square,In The Nervous Light,,,,,,,
Pixies,Velvety Instrumental Version,,,,,,,
Alva Noto + Ryuichi Sakamoto,Moon,,,,,,,
Whiskeytown,Drank Like A River,,,,,,,
Sleater-Kinney,#1 Must Have,,,,,,,
Chemistry,Move On,,,,,,,
The Haunted,No Compromise,,,,,,,
Circa Survive,The Difference Between Medicine And Poison Is In The Dose,,,,,,,
Circa Survive,Stop The Fuckin' Car,,,,,,,
Circa Survive,Living Together,,,,,,,
High Contrast,If We Ever,,,,,,,
Alice Russell,Someday,,,,,,,
The Faint,Take Me To The Hospital,,,,,,,
Immortal,Tyrants,,,,,,,
Iliketrains,Death Of An Idealist,,,,,,,
Cherry Ghost,People Help The People,,,,,,,
In Flames,Wayfaerer,,,,,,,
Hevein,Beg To Differ,,,,,,,
The Haunted,Sweet Relief,,,,,,,
Heróis Do Mar,Fado,,,,,,,
Whale,Hobo Humpin' Slobo Babe,,,,,,,
Clannad,World Of Difference,,,,,,,
Herman Düne,With A Tankful Of Gas,,,,,,,
Dead Can Dance,The Writing On My Father'S Hand,,,,,,,
Sleeping At Last,Quicksand,,,,,,,
Arovane,Pink Lilies,,,,,,,
Cky,Flesh Into Gear,0.4,0.6,0.2,0.4,0.8,0.2,0.6
Siouxsie And The Banshees,Playground Twist,,,,,,,
Siouxsie And The Banshees,Jigsaw Feeling,,,,,,,
Tiamat,Gaia,,,,,,,
Clannad,Theme From Harry'S Game,,,,,,,
The Engine Room,A Perfect Lie (Theme Song) (Gabriel & Dresden Remix),,,,,,,
Ben Folds Five,Missing The War,,,,,,,
The Horrors,Gil Sleeping,,,,,,,
The Human League,All I Ever Wanted,,,,,,,
Beth Orton,Sugar Boy,,,,,,,
Papa Roach,Blanket Of Fear,,,,,,,
Papa Roach,Done With You,,,,,,,
Papa Roach,Stop Looking,,,,,,,
The Holloways,Dancefloor,,,,,,,
Incubus,Pendulous Threads,,,,,,,
Placebo,Allergic,,,,,,,
Wisin Y Yandel,Pam Pam,,,,,,,
The Hush Sound,Sweet Tangerine,,,,,,,
Eluvium,Under The Water It Glowed,,,,,,,
Interference,Gold,,,,,,,
Wolf Parade,Bang Your Drum,,,,,,,
Pantera,Throes Of Rejection,,,,,,,
Wolf Parade,Language City,,,,,,,
Poison,Just What I Needed,,,,,,,
Poison,Let Me Go To The Show,,,,,,,
Poison,#1 Bad Boy,,,,,,,
Poison,Something To Believe In,,,,,,,
Poison,What I Like About You,,,,,,,
Tiamat,To Have And Have Not,,,,,,,
Beyoncé,Check On It,,,,,,,
The Jimi Hendrix Experience,Stone Free,,,,,,,
Sloan,Ana Lucia,,,,,,,
Ensiferum,Little Dreamer (Väinämöinen Part Ii),,,,,,,
Plumb,Cut (Bronleewe & Bose Mix),,,,,,,
Plumb,In My Arms (Bimbo Jones Radio Edit),,,,,,,
Her Space Holiday,Sleepy California,,,,,,,
The Early November,All We Ever Needed,,,,,,,
The Duke Spirit,X,,,,,,,
Isis,Holy Tears,,,,,,,
Poison,Blame It On You,,,,,,,
Isis,Maritime,,,,,,,
Cats On Fire,Born Again Christian,,,,,,,
Ugly Casanova,Smoke Like Ribbons,,,,,,,
Cats On Fire,If You Must Tell Him,,,,,,,
Iron Maiden,Back In The Village,,,,,,,
Planet Asia Ft. Ghostface,Coast 2 Coast,,,,,,,
Arovane,Ten Hours,0.0,0.0,0.0,0.0,0.0,0.0,0.0
Plain White T'S,Our Time Now,,,,,,,
The Jam,Pretty Green,,,,,,,
Woven Hand,Elktooth,,,,,,,
The Jacksons,Blame It On The Boogie,,,,,,,
Woven Hand,Down In Yon Forest,,,,,,,
The Jam,It'S Too Bad,,,,,,,
Elliott Smith,How To Take A Fall,,,,,,,
Ugly Casanova,Beesting,,,,,,,
Heaven 17,Crushed By The Wheels Of Industry,,,,,,,
James Morrison,Please Don'T Stop The Rain,,,,,,,
Alanis Morissette,Excuses,,,,,,,
Casiotone For The Painfully Alone,Holly Hobby (Version),,,,,,,
Slowdive,Morningrise,,,,,,,
Small Faces,Afterglow (Of Your Love),,,,,,,
Alanis Morissette,So Unsexy,,,,,,,
Cliff Martinez,Can I Sit Next To You,,,,,,,
Orchestral Manoeuvres In The Dark,She'S Leaving,,,,,,,
Clinic,Mr. Moonlight,,,,,,,
Poisonblack,Pain Becomes Me,,,,,,,
Clint Mansell,Dr. Pill,,,,,,,
Arcturus,Hibernation Sickness Complete,,,,,,,
Cat Power,Satisfaction,,,,,,,
Arcturus,Star-Crossed,,,,,,,
Arcturus,Ad Astra,,,,,,,
U2,Wild Honey,,,,,,,
Amel Larrieux,All I Got,,,,,,,
Sloan,Will I Belong?,,,,,,,
Dead Meadow,Such Hawks Such Hounds,,,,,,,
Dead Poetic,New Medicines,,,,,,,
The Johnston Brothers,Hernando'S Hideaway,,,,,,,
Jacek Kaczmarski,Postmodernizm,,,,,,,
Sloan,Blackout,,,,,,,
Ub40,Can'T Help Falling In Love,,,,,,,
Wu-Tang Clan,Rushing Elephants,,,,,,,
Ozzy Osbourne,I Don'T Wanna Stop,0.6,0.8,0.2,0.4,0.8,0.6,0.4
The Jimi Hendrix Experience,Red House,,,,,,,
Between The Trees,Darlin',,,,,,,
Beulah,Emma Blowgun'S Last Stand,,,,,,,
X,Nausea,,,,,,,
The Jimi Hendrix Experience,Ain'T No Telling,,,,,,,
Smash Mouth,I'M A Believer,,,,,,,
U2,Seconds,,,,,,,
Elio E Le Storie Tese,Heavy Samba,,,,,,,
X-Ray Spex,Let'S Submerge,,,,,,,
Opeth,Coil,,,,,,,
Opeth,Karma,,,,,,,
X-Ray Spex,I Live Off You,,,,,,,
One Of Us,Faith And Fanatics,,,,,,,
Jarade De Palo,Bonito,,,,,,,
Pretty Girls Make Graves,Pyrite Pedestal,,,,,,,
Jan Jelinek,Universal Band Silhouette,0.0,0.0,0.0,0.0,0.0,0.0,0.0
Jamiroquai,Stop Don'T Panic,,,,,,,
Jane'S Addiction,Classic Girl,,,,,,,
Jamiroquai,Supersonic,,,,,,,
Hawthorne Heights,Silver Bullet,,,,,,,
The Kills,No Wow (Mstrkrft Remix),,,,,,,
The 69 Eyes,Motor City Resurrection,,,,,,,
Belle And Sebastian,Put The Book Back On The Shelf,,,,,,,
The Doors,Tell All The People,,,,,,,
Hawthorne Heights,Dead In The Water,,,,,,,
Hawkwind,Aerospace Age Inferno,,,,,,,
Oren Lavie,Her Morning Elegance,,,,,,,
Powerman 5000,Bombshell,,,,,,,
Jaffa,Sneakin',,,,,,,
Alanis Morissette,Torch,,,,,,,
Cat Power,Half Of You,,,,,,,
Alanis Morissette,This Grudge,,,,,,,
Os Mutantes,Le Premier Bonheur Du Jour,,,,,,,
Underoath,Returning Empty Handed,,,,,,,
Weezer,American Gigolo,,,,,,,
Electric Six,I Buy The Drugs,,,,,,,
Electronic,Reality,,,,,,,
U2,Miss Sarajevo,,,,,,,
Death,A Moment Of Clarity,,,,,,,
The Knife,Like A Pen (Thomas Schumacher Dub),,,,,,,
Okkervil River,The War Criminal Rises And Speaks,,,,,,,
The Knife,Like A Pen (Heartthrob Dub),,,,,,,
The Klf,Pulling Out Of Ricardo And The Dusk Is Falling Fast,,,,,,,
Undertheigloo,Silence In Space,,,,,,,
Archive,Headspace,,,,,,,
Ween,Mutilated Lips,,,,,,,
The Doors,Hello I Love You,,,,,,,
Thin Lizzy,Emerald,,,,,,,
Akufen,Even White Horizons,,,,,,,
The Doors,My Wild Love,,,,,,,
Ohgr,Pepper,,,,,,,
Elefant,Now That I Miss Her,,,,,,,
Prefuse 73,One Word Extinguisher,,,,,,,
Primal Scream,Hell'S Comin' Down,,,,,,,
Amiina,Lúpína,,,,,,,
Silvio Rodríguez,Y Nada Más,,,,,,,
Equilibrium,Die Prophezeiung,,,,,,,
Simon & Garfunkel,Scarborough Fair / Canticle,,,,,,,
Simian,Never Be Alone,,,,,,,
Old 97'S,No Baby I,,,,,,,
The Kinks,Party Line,,,,,,,
Ted Leo And The Pharmacists,Dial Up,,,,,,,
Third Eye Blind,Good For You,,,,,,,
Olspur,Stop Acting All Cool Like Kanye West,,,,,,,
Japan,.....Rhodesia,,,,,,,
Nosowska,Era Retuszera,,,,,,,
Jarabe De Palo,Agua,,,,,,,
Norther,Mirror Of Madness,,,,,,,
Jarabe De Palo,Depende,,,,,,,
Jesse & Joy,Ya No Quiero,,,,,,,
The Lemonheads,If I Could Talk I'D Tell You,,,,,,,
Norther,Frozen Angel,,,,,,,
Tosca,Heidi Bruehl,,,,,,,
The Divine Comedy,To Die A Virgin,0.6,0.8,0.2,0.8,0.2,0.4,0.8
Electrelane,Cut And Run,,,,,,,
Electrelane,Enter Laughing,,,,,,,
Tiga,Good As Gold / Flexible Skulls (Interlude),,,,,,,
Prince & The Revolution,When Doves Cry,,,,,,,
Tiga,Hot In Herre,,,,,,,
Club 8,Whatever You Want,,,,,,,
Hank Williams Iii,Me & My Friends,,,,,,,
The Divine Comedy,Everybody Knows (Except You),,,,,,,
Ocean Colour Scene,Hundred Mile High City,,,,,,,
Of Montreal,In Dreams I Dance With You,,,,,,,
Jeanette,Porque Te Vas,,,,,,,
Of Montreal,Everything Disappears When You Come Around,,,,,,,
Silversun Pickups,Sort Of,0.6,0.6,0.8,0.6,0.4,0.4,0.6
Thievery Corporation,Wires And Watchtowers (Feat. Sista Pat),,,,,,,
Silverchair,Tomorrow,,,,,,,
The Kinks,Village Green,,,,,,,
Primus,John The Fisherman,,,,,,,
Electric Light Orchestra,So Serious,,,,,,,
U2,Grace,,,,,,,
U2,If You Wear That Velvet Dress,,,,,,,
Oceansize,Rinsed,,,,,,,
Jedi Mind Tricks,Serenity In Murder,,,,,,,
Oceansize,One Day All This Could Be Yours,,,,,,,
Amon Tobin,Rhino Jockey,,,,,,,
Thievery Corporation,The Glass Bead Game,,,,,,,
Camp Rock,We Rock,,,,,,,
Aimee Mann,Video,,,,,,,
Aimee Mann & Michael Penn,Two Of Us,,,,,,,
Jimmy Eat World,Ten,0.6,0.6,0.4,0.6,0.6,0.4,0.4
The Longcut,A Last Act Of Desperate Men,,,,,,,
No Age,Sleeper Hold,,,,,,,
The Long Blondes,Nostalgia (Glass Candy Remix),,,,,,,
Amon Tobin,Creatures,,,,,,,
Amon Tobin,Bridge,,,,,,,
The Distillers,Die On A Rope,,,,,,,
Eri Nobuchika,Inner Glow,,,,,,,
The Dirtbombs,Chains Of Love,,,,,,,
Cock Robin,Hunting Down A Killer,,,,,,,
Handsome Furs,Can Not Get Started,,,,,,,
Hank Williams Iii,5 Shots Of Whiskey,,,,,,,
Airbourne,Runnin' Wild,,,,,,,
Elbow,Buttons And Zips,,,,,,,
El Ten Eleven,Lorge,,,,,,,
Cannibal Ox,Iron Galaxy,,,,,,,
Jewell,Intuition,,,,,,,
Jethro Tull,Mother Goose,,,,,,,
Norah Jones,Creepin' In,,,,,,,
As I Lay Dying,Confined,,,,,,,
Captain & Tennille,Love Will Keep Us Together,,,,,,,
Clutch,One Eye Dollar,,,,,,,
Carcass,R**K The Vote,,,,,,,
Carcass,Room 101,,,,,,,
Akeboshi,Wind,,,,,,,
Noir Désir,Le Grand Incendie,,,,,,,
Noah And The Whale,Jocasta,,,,,,,
Eisley,Laughing City,,,,,,,
Nofx,Don'T Call Me White,,,,,,,
Aimee Mann,I Was Thinking I Could Clean Up For Christmas,,,,,,,
Joaquin Phoenix,Cocaine Blues,,,,,,,
The Lucksmiths,Sunlight In A Jar,,,,,,,
The Lucksmiths,A Hiccup In Your Happiness,,,,,,,
Nirvana,Mexican Seafood,,,,,,,
Nirvana,Turnaround,,,,,,,
Aimee Mann,Going Through The Motions,,,,,,,
Hallucinogen,Alpha Centauri,,,,,,,
Psapp,Rear Moth,,,,,,,
Amorphis,Alone (Edit),0.6,0.8,0.2,0.8,0.4,0.4,0.4
Hadouken!,Girls,,,,,,,
Cocteau Twins,Oomingmak,,,,,,,
Cocteau Twins,Lazy Calm,0.8,0.6,1.0,0.8,0.0,0.2,0.8
Yellowcard,Martin Sheen Or Jfk,,,,,,,
Camel,Your Love Is Stranger Than Mine,,,,,,,
Halou,Tubefed,,,,,,,
Air France,No Way Down,,,,,,,
Hammerfall,Glory To The Brave,,,,,,,
Belinda,Bella Traición,,,,,,,
Unearth,Giles,,,,,,,
Eric Clapton,Running On Faith,,,,,,,
Arch Enemy,Symphony Of Destruction,,,,,,,
Belanova,Rosa Pastel,,,,,,,
Yeah Yeah Yeahs,Let Me Know (Demo),,,,,,,
No Doubt,Don'T Let Me Down,,,,,,,
Yeah Yeah Yeahs,10 X 10,,,,,,,
Jimmy Eat World,Dizzy,,,,,,,
Jimi Hendrix,Power Of Soul,,,,,,,
The Little Ones,Cha Cha Cha,,,,,,,
The Lonely Island,Shrooms (Interlude),,,,,,,
Gustavo Cerati,Karaoke,,,,,,,
No Doubt,The Climb,,,,,,,
Gusgus,David,,,,,,,
Gustavo Cerati,Paseo Inmoral,,,,,,,
Queen,I Was Born To Love You,,,,,,,
Guns N' Roses,Reckless Life,,,,,,,
Coheed And Cambria,The Running Free,,,,,,,
Puscifer,Dozo,,,,,,,
The Mars Volta,Ilyena,,,,,,,
Gza/Genius,Shadowboxin',,,,,,,
Beirut,Fountains And Tramways,,,,,,,
Bill Haley & His Comets,Rock Around The Clock,,,,,,,
Guy Clark,New Cut Road,,,,,,,
Gwen Stefani,Breakin' Up,,,,,,,
Quasimoto,Real Eyes,,,,,,,
Bikini Kill,Rah! Rah! Replica,,,,,,,
Yes,And You And I,,,,,,,
Joe Purdy,The City,,,,,,,
The Maccabees,Mary,,,,,,,
Arch Enemy,Skeleton Dance,,,,,,,
Pulp,Wickerman,,,,,,,
Amorphis,The Castaway,,,,,,,
Therion,The Wild Hunt,,,,,,,
Nina Simone,Ain'T Got No - I Got Life,,,,,,,
Jingle Bells,Rosemary Clooney,,,,,,,
Soft Cell,Memorabilia,,,,,,,
Babylon Zoo,Spaceman,,,,,,,
Death From Above 1979,Black History Month (Sammy Danger Remix),,,,,,,
Eels,The Other Shoe,,,,,,,
Groove Armada,The Things That We Could Share,,,,,,,
Joe Satriani,Echo,,,,,,,
The Dead Milkmen,Surfin' Cow,,,,,,,
Groove Armada,I See You Baby,,,,,,,
Groove Armada,Lovebox,,,,,,,
John Maus,Rights For Gays,,,,,,,
The Most Serene Republic,Present Of Future End,,,,,,,
The Morning After Girls,Shadows Evolve,,,,,,,
John Lennon,I Don'T Want To Be A Soldier,,,,,,,
Guided By Voices,Dusted,,,,,,,
Erykah Badu,Drama,,,,,,,
Queens Of The Stone Age,Millionaire,,,,,,,
Dave Matthews Band,Lover Lay Down,,,,,,,
Cold,End Of The World,,,,,,,
Queensrÿche,Signs Say Go,,,,,,,
Queensrÿche,Suite Sister Mary,,,,,,,
Toto,I'Ll Be Over You,0.6,0.8,0.6,1.0,0.2,0.4,0.8
Wall Of Voodoo,Back In Flesh,,,,,,,
Nightingale,The Journey'S End,,,,,,,
The Microphones,I'Ll Not Contain You,,,,,,,
John Frusciante,666,,,,,,,
Eels,Christmas Is Going To The Dogs,,,,,,,
Tilly And The Wall,Rainbows In The Dark,,,,,,,
Coheed And Cambria,The Light & The Glass,,,,,,,
Type O Negative,Black No. 1,,,,,,,
Therion,Raven Of Dispersion,,,,,,,
Agonoize,999,,,,,,,
The Mars Volta,Asilos Magdalena,,,,,,,
Calexico,Service And Repair,,,,,,,
John Mayer,Victoria,0.6,0.8,0.6,0.8,0.4,0.4,0.6
The Mighty Boosh,Cricket,,,,,,,
Against Me!,Animal,,,,,,,
The Microphones,(Something),,,,,,,
Cake,Opera Singer,,,,,,,
Nickel Creek,The Fox,,,,,,,
The Mountain Goats,If You See Light,0.4,0.4,0.6,0.6,0.4,0.6,0.0
Against Me!,Justin,,,,,,,
Nickel Creek,Ode To A Butterfly,,,,,,,
Bush,A Tendency To Start Fires,,,,,,,
Tycho,Dictaphone'S Lament,0.0,0.0,0.0,0.0,0.0,0.0,0.0
Coldplay,Lovers In Japan (Acoustic Version),0.6,0.6,0.8,0.8,0.2,0.2,0.4
The Mountain Goats,Game Shows Touch Our Lives,,,,,,,
Rachel'S,Packet Switching,,,,,,,
Grinderman,Grinderman,,,,,,,
Rachael Yamagata,Jesus Was A Crossmaker,,,,,,,
Yo La Tengo,Tiny Birds,,,,,,,
Coldplay,Moses,,,,,,,
Talking Heads,Tentative Decisions,,,,,,,
Escape The Fate,Situations,,,,,,,
Dave Gahan,Use You,,,,,,,
Dave Gahan,Dirty Sticky Floors,,,,,,,
Grizzly Bear,Showcase,,,,,,,
Grizzly Bear,Deep Blue Sea,,,,,,,
Grizzly Bear,Shift (Alternate Version),,,,,,,
John Legend,Let'S Get Lifted Again,,,,,,,
John Legend,Maxine'S Interlude,,,,,,,
John Frusciante,The World'S Edge,,,,,,,
The Mission,Tower Of Strength,,,,,,,
John Frusciante,What I Saw,0.6,0.6,0.8,0.6,0.4,0.4,0.2
The Mighty Boosh,Ape Of Death,,,,,,,
Groove Armada,Hasta Luego Mr. Fab (Interlude),,,,,,,
John Frusciante,I'M Around,,,,,,,
The Airborne Toxic Event,Something New,,,,,,,
Anberlin,Inevitable,,,,,,,
Bedouin Soundclash,Music My Rock,,,,,,,
And One,Don'T Need The Drugs,,,,,,,
Green Carnation,9-29-045,,,,,,,
The Offspring,Da Hui,,,,,,,
And One,Wet Spot,,,,,,,
Nekropsi,Crying Game,,,,,,,
Nevermore,Sell My Heart For Stones,,,,,,,
Nevermore,Dreaming Neon Black,,,,,,,
Built To Spill,In Your Mind,,,,,,,
New Order,Close Range,,,,,,,
Young Divas,Happening All Over Again,,,,,,,
Rachel Stevens,Sweet Dreams My L.A. Ex,,,,,,,
Nick Cave & The Bad Seeds,New Morning,,,,,,,
Estelle,American Boy (Radio Edit),,,,,,,
Nick Drake,Hanging On A Star,,,,,,,
The Alan Parsons Project,Don'T Answer Me,,,,,,,
Burial,Forgive,,,,,,,
Nick Cave & The Bad Seeds,Slowly Goes The Night,,,,,,,
The Nightwatchman,The Road I Must Travel,0.4,0.6,0.2,0.4,0.8,0.4,0.2
Neu!,Isi,,,,,,,
Afi,Weathered Tome,,,,,,,
Built To Spill,Bad Light,,,,,,,
Bullet For My Valentine,Hearts Burst Into Fire,,,,,,,
After Forever,Ex Cathedra (Ouverture),,,,,,,
New Order,Way Of Life,,,,,,,
Johnny Cash,Jackson (Feat. June Carter),,,,,,,
Bullet For My Valentine,Scream Aim Fire,,,,,,,
Sonata Arctica,Land Of The Free,,,,,,,
New York Dolls,Subway Train,,,,,,,
Buckethead,Datura,,,,,,,
Beck,Sweet Sunshine,,,,,,,
Josie And The Pussycats,3 Small Words,,,,,,,
The Offspring,Walla Walla,0.6,0.6,0.0,0.2,0.8,0.4,0.4
Asobi Seksu,Familiar Light,,,,,,,
Easy Star All-Stars,Step It Pon The Rastaman Scene (Feat. Ranking Joe),,,,,,,
Deerhunter,Vox Humana,,,,,,,
Josh Groban,Oceano,,,,,,,
Voxtrot,Four Long Days,,,,,,,
The Cure,To Wish Impossible Things,,,,,,,
Grandaddy,50%,,,,,,,
Beck,We Live Again,,,,,,,
Rainbow,Ariel,,,,,,,
Grandaddy,Away Birdies With Special Sounds,,,,,,,
Rage Against The Machine,Year Of Tha Boomerang,,,,,,,
The Cure,Shiver And Shake,,,,,,,
Afi,Now The World,,,,,,,
Afi,Perfect Fit,,,,,,,
Jonas Brothers,Sorry,,,,,,,
And One,Sternradio,,,,,,,
And One,Traumfrau,,,,,,,
Shpongle,My Head Feels Like A Frisbee,,,,,,,
Daughtry,Breakdown,,,,,,,
Grateful Dead,Uncle John'S Band,,,,,,,
Asian Kung-Fu Generation,Rewrite,,,,,,,
Deerhoof,Spirit Ditties Of No Tone,,,,,,,
Songs: Ohia,The Black Crow,,,,,,,
Youth Group,Start Today Tomorrow,,,,,,,
Aesthetic Perfection,I Belong To You,,,,,,,
Jonathan Larson,Rent,,,,,,,
Billy Bragg & Wilco,Hoodoo Voodoo,,,,,,,
Buena Vista Social Club,Murmullo,,,,,,,
Gossip,Dark Lines,,,,,,,
Gorillaz,Feel Good Inc. (Feat. De La Soul),,,,,,,
Bruce Springsteen,Human Touch,,,,,,,
Judas Priest,Love You To Death,,,,,,,
The Zombies,Brief Candles,,,,,,,
Bruno Coulais,Les Choristes,,,,,,,
Billy Joel,She'S Got A Way,,,,,,,
Andrew Bird,I,,,,,,,
Comando Nuclear,Caçada Mortal Aos Falsos,,,,,,,
Comando Nuclear,Comando Nuclear,,,,,,,
Shocking Pinks,This Aching Deal,,,,,,,
Dashboard Confessional,So Beautiful,,,,,,,
Gotan Project,Época,,,,,,,
Sonic Youth,Paper Cup Exit,,,,,,,
Gossip,Yr Mangled Heart,,,,,,,
Josh Ritter,To The Dogs Or Whoever,,,,,,,
Dashboard Confessional,The Shade Of Poison Trees,,,,,,,
Buckethead,Angel Monster,0.0,0.0,0.0,0.0,0.0,0.0,0.0
Buckethead,Hills Of Eternity,,,,,,,
Buckethead,Kansas Storm,,,,,,,
Coma,Spadam,,,,,,,
The Cure,Screw,,,,,,,
Aesop Rock,Basic Cable,,,,,,,
Neil Young,The Painter,,,,,,,
Aesop Rock,Big Bang,,,,,,,
Aesop Rock,Bring Back Pluto,,,,,,,
The Zutons,Moons And Horror Shows,,,,,,,
Aesthetic Perfection,Pale (Beta Edit),,,,,,,
Eagles Of Death Metal,Already Died,,,,,,,
The Pains Of Being Pure At Heart,Doing All The Things That Wouldn'T Make Your Parents Proud,,,,,,,
Rasputina,Secret Message,,,,,,,
Gomez,Get Miles,0.2,0.8,0.4,0.4,0.8,0.6,0.4
Myslovitz,Good Day My Angel,,,,,,,
Broadcast,Message From Home,,,,,,,
Sound Team,Back In Town,,,,,,,
Goldfrapp,Yes Sir,,,,,,,
Mylo,Destroy Rock And Roll,,,,,,,
Deftones,When Girls Telephone Boys,,,,,,,
Shiny Toy Guns,Ghost Town,,,,,,,
Unkle,What Are You To Me?,,,,,,,
Dashboard Confessional,These Bones,,,,,,,
Gorefest,For The Masses,,,,,,,
Rancid,Warsaw,,,,,,,
Julieta Venegas,Limón Y Sal,,,,,,,
Combichrist,The Kill V2,,,,,,,
Vive La Fête,Noir Désir,,,,,,,
Nancy Sinatra & Lee Hazlewood,Leather & Lace,,,,,,,
Rancid,You Don'T Care Nothin',,,,,,,
Vnv Nation,As It Fades,,,,,,,
Nas,Get Down,,,,,,,
Gorillaz,Dare (Dfa Remix),,,,,,,
Andrew Lloyd Webber,Pilate'S Dream,,,,,,,
Beck,Its All In Your Mind,,,,,,,
Dwight Yoakam,Blame The Vain,0.6,0.8,0.4,0.6,0.4,0.8,0.4
Jurassic 5,Quality Control,,,,,,,
Vnv Nation,Carry You,,,,,,,
Sons And Daughters,The Bell,,,,,,,
Dym,The Invilid,,,,,,,
E-40,Tell Me When To Go,,,,,,,
The Platters,Only You,,,,,,,
Britney Spears,Let Go,,,,,,,
Nada Surf,Fruit Fly,,,,,,,
Duran Duran,What Happens Tomorrow,,,,,,,
Soundgarden,Nothing To Say,,,,,,,
Astral Projection,Nilaya,,,,,,,
Sophie Milman,Something In The Air Between Us,,,,,,,
Biosphere,Times When I Know You'Ll Be Sad,,,,,,,
Delays,Bedroom Scene,,,,,,,
Kaki King,Playing With Pink Noise,,,,,,,
Gogol Bordello,Strange Uncles From Abroad,,,,,,,
Gogol Bordello,Madagascar-Roumania (Tu Jésty Fáta),,,,,,,
God Lives Underwater,Vapors,,,,,,,
Ray Lamontagne,How Come,,,,,,,
The Crüxshadows,Monsters,,,,,,,
Gogol Bordello,Through The Roof 'N' Underground,,,,,,,
My Chemical Romance,Desolation Row,,,,,,,
Goldfrapp,Ooh La La (Benny Benassi Remix),,,,,,,
Múm,I Was Her Horse,,,,,,,
Britney Spears,One Kiss From You,,,,,,,
Shinedown,Fly From The Inside,,,,,,,
Duran Duran,Sound Of Thunder,,,,,,,
The Aliens,Setting Sun,,,,,,,
Soulwax,Teachers,,,,,,,
Taking Back Sunday,Slowdance On The Inside,,,,,,,
Shiny Toy Guns,I Promise You Walls,,,,,,,
Even As We Speak,Falling Down The Stairs,,,,,,,
Mägo De Oz,Kelpie,,,,,,,
Myslovitz,Długość Dźwięku Samotności,,,,,,,
Mägo De Oz,Dama Negra,,,,,,,
Justin Timberlake,My Love [Feat T.I & Timbaland],,,,,,,
Zero 7 Featuring Jose Gonzalez,Futures (Metronomy Remix),,,,,,,
Kate Bush,Rubberband Girl,,,,,,,
Municipal Waste,Intro / Deathripper,,,,,,,
Sparklehorse,King Of Nails,,,,,,,
Sparklehorse,Ghost In The Sky,,,,,,,
Murcof,Camino,,,,,,,
Britney Spears,Baby One More Time,,,,,,,
Kashmir,Ophelia,,,,,,,
Murcof,Muim,,,,,,,
Visage,Moon Over Moscow,,,,,,,
Shearwater,South Col,,,,,,,
Apulanta,Vasten Mun Kasvojani,,,,,,,
Gnarls Barkley,Would Be Killer,,,,,,,
The Cribs,Ancient History,,,,,,,
Everything But The Girl,Mirrorball,,,,,,,
Goblin,Suspiria,,,,,,,
Karen Overtone,Your Loving Arms,,,,,,,
Tracy Chapman,Across The Lines,,,,,,,
Tactical Sekt,4 Steps To Dysfunction,0.4,0.2,0.0,0.2,1.0,0.0,0.4
My Bloody Valentine,I Can See It (But I Can'T Feel It),,,,,,,
The Who,Young Man Blues,,,,,,,
Visage,Visage,,,,,,,
Kanye West,Bring Me Down (Feat. Brandy),,,,,,,
My Brightest Diamond,Magic Rabbit,,,,,,,
Kaizers Orchestra,Knekker Deg Til Sist,,,,,,,
Kaizers Orchestra,Kontroll På Kontinentet,0.6,0.6,0.2,0.4,0.8,0.4,0.6
Kaizers Orchestra,Bøn Fra Helvete,,,,,,,
Muse,Exo-Polotics,,,,,,,
Muscles,Lauren From Glebe,,,,,,,
Take That,Greatest Day,,,,,,,
Tactical Sekt,Chosen One,,,,,,,
Contemporary Noise Quintet,Million Faces,,,,,,,
Vinylshakerz,One Night In Bangkok,,,,,,,
Tactical Sekt,Xfixiation (Myer Burns The Dancefloor Remix By Haujobb),,,,,,,
Cool Joke,Undo,,,,,,,
Copeland,No One Really Wins,,,,,,,
The Coral,In The Rain,,,,,,,
Mos Def,Got,,,,,,,
Mos Def,Ms. Fat Booty,,,,,,,
Dream Theater,The Great Debate,,,,,,,
Motörhead,Rock It,,,,,,,
Motörhead,Jailbait,,,,,,,
Ac/Dc,She'S Got Balls,,,,,,,
Motörhead,Marching Off To War,,,,,,,
Shaznay Lewis,Never Felt Like This Before,,,,,,,
Red House Painters,Brown Eyes [Demo],,,,,,,
Red House Painters,Shadows,,,,,,,
The Prodigy,You'Ll Be Under My Wheels,,,,,,,
Kent,En Himmelsk Drog,,,,,,,
Ac/Dc,C.O.D.,,,,,,,
Azure Ray,Safe And Sound,,,,,,,
Motörhead,Dance,,,,,,,
Demi Lovato,Two Worlds Collide,,,,,,,
Ac/Dc,First Blood,,,,,,,
Demons & Wizards,Beneath These Waves,,,,,,,
The Prodigy,Stand Up,,,,,,,
T.I.,Slide Show (Feat. John Legend),,,,,,,
Ac/Dc,Show Business,,,,,,,
Keane,Allemande,,,,,,,
Mucc,Wine Red No Kokoro,,,,,,,
Katie Melua,My Aphrodisiac Is You,,,,,,,
Bishop Allen,Click Click Click Click,,,,,,,
Beastie Boys,Time For Livin',,,,,,,
Kate Bush,Nocturn,,,,,,,
The Clientele,(I Can'T Seem To) Make You Mine,,,,,,,
The Clash,The Call Up,,,,,,,
Rhapsody Of Fire,Epicus Furor,,,,,,,
King Crimson,Starless,,,,,,,
King Crimson,Book Of Saturday,,,,,,,
Moonsorrow,Köyliönjärven Jäällä (Pakanavedet Ii),,,,,,,
Turisas,Among Ancestors,,,,,,,
Mors Principium Est,Life In Black,,,,,,,
Shankar Jaikishan,Title Music From Merchant Ivory'S Film Bombay Talkie,,,,,,,
Explosions In The Sky,Day Eight,,,,,,,
Darkwell,Fate Prisoner,,,,,,,
Giant Drag,Everythings Worse,,,,,,,
Morrissey,We'Ll Let You Know,,,,,,,
Darkwell,Ladies' Choice,,,,,,,
The Cloud Room,Sunlight Reprise,,,,,,,
Dream Theater,Goodnight Kiss,,,,,,,
Tracy Chapman,You'Re The One,,,,,,,
Tracy Chapman,Wedding Song,,,,,,,
Spiritualized,Lay Back In The Sun,,,,,,,
Émilie Simon,Swimming,,,,,,,
Spiritualized,Let It Flow,,,,,,,
Kid Cudi Vs. Crookers,Day 'N' Nite (Radio Edit),,,,,,,
Azure Ray,The Drinks We Drank Last Night,,,,,,,
The Pussycat Dolls,Bottle Pop (Feat. Snoop Dogg),,,,,,,
Dream Theater,You Not Me,,,,,,,
Dendemann,Check Mal Die Rhetorik Ab,,,,,,,
Motion City Soundtrack,Cambridge,,,,,,,
Mos Def,Hip Hop,,,,,,,
Moto Boy,Young Love,,,,,,,
The Prodigy,Your Love,,,,,,,
Dragonforce,Soldiers Of The Wasteland,,,,,,,
Dragonette,Take It Like A Man,,,,,,,
T. Rex,Life'S A Gas,,,,,,,
Draconian,Akherousia,,,,,,,
Kiss,Hard Luck Woman,,,,,,,
Kinnie Starr,Alright,,,,,,,
Moloko,Familiar Feelings,,,,,,,
Kiss,Christine Sixteen,,,,,,,
Darkthrone,Blackwinged,,,,,,,
Mono,The Kidnapper Bell,,,,,,,
Beastie Boys,Looking Down The Barrel Of A Gun,,,,,,,
George Michael,Kissing A Fool,,,,,,,
Get Cape. Wear Cape. Fly,Call Me Ishmael,,,,,,,
Counting Crows,Recovering The Satellites,,,,,,,
Breaking Benjamin,Breakdown,,,,,,,
Breaking Benjamin,So Cold (Acoustic),,,,,,,
Morcheeba,Women Lose Weight (Feat. Slick Rick),,,,,,,
Beastie Boys,Right Right Now Now,,,,,,,
Killing Joke,Tabazan,,,,,,,
Morcheeba,Enjoy The Ride (Feat. Judy Tzuke),,,,,,,
Richard Ashcroft,Cry Til The Morning,,,,,,,
Shakira,Ojos Así,,,,,,,
Darkthrone,Gather For Attack On The Pearly Gates,,,,,,,
Darkthrone,Graveyard Slut,,,,,,,
Sérgio Mendes & Brasil '66,Mais Que Nada,,,,,,,
Turin Brakes,Underdog (Save Me),,,,,,,
Depeche Mode,Any Second Now (Voices),,,,,,,
Moonspell,Memento Mori,,,,,,,
Killing The Dream,10 1/2,,,,,,,
Moonspell,In Memoriam,,,,,,,
Morcheeba,Big Calm,,,,,,,
Brian Eno,Another Green World,,,,,,,
Dr. Dog,Ain'T It Strange,,,,,,,
Dr. Dog,Worst Trip,,,,,,,
Ayọ,And It'S Supposed To Be Love,,,,,,,
A. R. Rahman & M.I.A.,O... Saya,,,,,,,
Atb,Stars Come Out,,,,,,,
Black Flag,Damaged I,,,,,,,
Koop,Drum Rhythm A (Music For Ballet Exercises),,,,,,,
Kmfdm,Mysterious Ways,,,,,,,
Covenant,Pulse,,,,,,,
Rihanna,Say It,,,,,,,
Tiromancino,L'Autostrada,,,,,,,
The Cinematics,Chase,,,,,,,
The Cinematic Orchestra,Odessa,,,,,,,
Black Flag,Drinking And Driving,,,,,,,
The Red Jumpsuit Apparatus,In Fate'S Hands,,,,,,,
Klaxons,Atlantis To Interzone (Germlin Remix),,,,,,,
The Raincoats,Fairytale In The Supermarket,,,,,,,
The Weepies,Painting By Chagall,,,,,,,
Beastie Boys,Finger Lickin' Good,,,,,,,
Fahrenheit,Nuevos Tiempos,,,,,,,
Ride,Drive Blind,,,,,,,
Dark Tranquillity,The Enemy,,,,,,,
Gentle Giant,The Boys In The Band,,,,,,,
Moonsorrow,Hiidenpelto / Häpeän Hiljaiset Vedet,,,,,,,
Mogwai,Christmas Song,,,,,,,
Spın̈Al Tap,Stonehenge,,,,,,,
Turbonegro,Intro,,,,,,,
Moonsorrow,Jotunheim,,,,,,,
Klimt 1918,Snow Of '85,,,,,,,
Depeche Mode,Ice Machine,,,,,,,
Doves,Ambition,,,,,,,
The Rolling Stones,Factory Girl,,,,,,,
Tunng,Tale From Black,,,,,,,
Athlete,Westside,,,,,,,
Tunng,The Wind Up Bird,,,,,,,
Doug Burr,Should'Ve Known,,,,,,,
Athlete,Airport Disco,,,,,,,
Athlete,Shake Those Windows,,,,,,,
Riverside,Rainbow Box,,,,,,,
Riverside,Parasomnia,,,,,,,
Faith No More,King For A Day,,,,,,,
Rites Of Spring,For Want Of,,,,,,,
Ani Difranco,Little Plastic Castle,,,,,,,
Cradle Of Filth,Temptation,,,,,,,
Rjd2,Bonus Beat,,,,,,,
Rob Zombie,Demon Speeding,,,,,,,
Black Flag,Three Nights,,,,,,,
Korn,Predictable,,,,,,,
Korn,Open Up,,,,,,,
Bear Vs. Shark,Baraga Embankment,,,,,,,
Bear Vs. Shark,Buses/No Buses,,,,,,,
Bear Vs. Shark,The Great Dinosaurs With Fifties Section,,,,,,,
Bear Vs. Shark,Seven Stop Hold Restart,,,,,,,
Riverside,Ok,,,,,,,
The Raveonettes,Heartbreak Stroll,,,,,,,
Korpiklaani,Midsummer Night,,,,,,,
Depeche Mode,Monument,,,,,,,
Kmfdm,Beast,,,,,,,
Depeche Mode,New Dress,,,,,,,
Depeche Mode,Macrovision,,,,,,,
The Replacements,We'Re Comin' Out,,,,,,,
The Replacements,Sixteen Blue,,,,,,,
Kreator,Total Death,,,,,,,
Misfits,Horror Business,,,,,,,
Black Label Society,The Blessed Hellride,,,,,,,
A Tribe Called Quest,Ham 'N' Eggs,,,,,,,
Misfits,Queen Wasp,,,,,,,
The Rolling Stones,Don'T Stop,,,,,,,
Box Car Racer,There Is,,,,,,,
The Rosebuds,Night Of The Furies,,,,,,,
Animal Alpha,Bundy,,,,,,,
Gang Starr,Moment Of Truth,,,,,,,
The Rolling Stones,Sweet Black Angel,,,,,,,
Misfits,Crimson Ghost,0.4,0.6,0.2,0.2,0.8,0.6,0.4
Ayreon,Temple Of The Cat,,,,,,,
Born Ruffians,In A Mirror,,,,,,,
Mirwais,Miss You,,,,,,,
Rob Zombie,Scum Of The Earth,,,,,,,
Dark Tranquillity,Auctioned,,,,,,,
The Aquabats!,Fashion Zombies,,,,,,,
Robbie Williams,Sin Sin Sin,,,,,,,
Dark Funeral,Thus I Have Spoken,,,,,,,
Robbie Williams,She'S Madonna,,,,,,,
Robbie Williams & Nicole Kidman,Something Stupid,,,,,,,
Miss Kittin,Neukölln 2,,,,,,,
The Chemical Brothers,Alive Alone,,,,,,,
Boy Kill Boy,Six Minutes,,,,,,,
Missy Elliott,Gossip Folks,,,,,,,
The Weakerthans,A New Name For Everything,,,,,,,
Kotiteollisuus,Kuningas Mammona,,,,,,,
Korpiklaani,Spirit Of The Forest,,,,,,,
The Chemical Brothers,Music: Response,,,,,,,
Donna Summer,Power Of Love (Offer Nissim Remix),,,,,,,
Ani Difranco,Talk To Me Now,,,,,,,
Depeche Mode,Told You So,,,,,,,
State Radio,Right Me Up,,,,,,,
Symphony X,The Walls Of Babylon,,,,,,,
Black Mountain,Bright Lights,,,,,,,
Black Mountain,Druganaut,,,,,,,
Kt Tunstall,Hopeless,,,,,,,
Gaelle,Moonsglow,,,,,,,
Vertical Horizon,Best I Ever Had,,,,,,,
The Russian Futurists,Still Life,,,,,,,
Cream,Sweet Wine,,,,,,,
Be Your Own Pet,The Kelly Affair,,,,,,,
Kult,Brooklyńska Rada Żydów,,,,,,,
Ministry,The Land Of Rape And Honey,,,,,,,
Ministry,Roadhouse Blues,,,,,,,
Atmosphere,Apple,,,,,,,
Minutemen,Cohesion,,,,,,,
Gang Gang Dance,Bebey,,,,,,,
Gang Starr,Battle,,,,,,,
Crazy Town,Revolving Door,,,,,,,
Urma,Perfect Spot,,,,,,,
Fall Out Boy,The Patron Saint Of Liars And Fakes,,,,,,,
Dario Marianelli,Dawn,,,,,,,
Dapunksportif,Friends (Come And Go),,,,,,,
The Warlocks,Thursday'S Radiation,,,,,,,
Minor Threat,In My Eyes,,,,,,,
The Warlocks,We Need Starpower,,,,,,,
The Warlocks,The Dope Feels Good,,,,,,,
Minus The Bear,When We Escape,,,,,,,
The Roots,Don'T Feel Right,,,,,,,
The Rolling Stones,You Gotta Move,,,,,,,
Black Lips,It Feels Alright,,,,,,,
The Cardigans,Been It,,,,,,,
To/Die/For,Live In You,,,,,,,
Ladytron,Abercrombie,,,,,,,
Lacuna Coil,To The Edge,,,,,,,
Stephen Malkmus,Post-Paint Boy,,,,,,,
Boney M.,Rasputin,,,,,,,
Lacuna Coil,Stately Lover,,,,,,,
The Searchers,Needles And Pins,,,,,,,
Mindless Self Indulgence,Diabolical,,,,,,,
The Automatic,By My Side,0.6,0.6,0.4,0.6,0.6,0.4,0.4
Black Mountain,No Satisfaction,,,,,,,
The B-52'S,Dance This Mess Around,,,,,,,
Bonobo,The Shark,,,,,,,
Fugazi,Greed,,,,,,,
Rooney,I Should'Ve Been After You,,,,,,,
Funeral For A Friend,The Diary,,,,,,,
Ké,Strange World (Junior'S Sound Factory Edit Music),,,,,,,
The Script,Before The Worst,,,,,,,
L'Arc~En~Ciel,Blurry Eyes,,,,,,,
Kyoto Jazz Massive,Between The Lights,,,,,,,
The Wallflowers,Heroes,,,,,,,
Kyuss,Phototropic,,,,,,,
Bonobo,Nightlite,,,,,,,
Mindless Self Indulgence,Cocaine And Toupees,,,,,,,
The Rumble Strips,Alarm Clock,,,,,,,
Boomkat,Wasting My Time,,,,,,,
The Rosebuds,Wildcat,,,,,,,
Miho Hatori,Night Light,,,,,,,
Static-X,Love Dump (Demo),,,,,,,
Bonnie Tyler,Holding Out For A Hero,,,,,,,
The Walkmen,My Old Man,,,,,,,
The Walkmen,New Year'S Eve,,,,,,,
Mia.,Mango Pickle Down River,0.4,0.6,0.4,0.4,0.6,0.6,0.8
Stereophonics,Girl,,,,,,,
Stereolab,Percolator,,,,,,,
The Sisters Of Mercy,Alice,,,,,,,
Sweet,Hell Raiser,,,,,,,
Black Sabbath,Megalomania,,,,,,,
Michael Andrews,Carpathian Ridge,,,,,,,
The Sisters Of Mercy,1959,,,,,,,
Crowded House,Locked Out,,,,,,,
Tom Waits,Virginia Avenue,,,,,,,
Roxette,I Don'T Want To Get Hurt,,,,,,,
Bauhaus,Burning From The Inside,,,,,,,
Roxette,Real Sugar,,,,,,,
Front 242,Operating Tracks,,,,,,,
Lamya,Judas Kiss (Brutus Diss),,,,,,,
Boney M.,Sunny,,,,,,,
Lali Puna,Micronomic,,,,,,,
Ladytron,Ladybird,,,,,,,
Crossfade,So Far Away,,,,,,,
Rotting Christ,Enuma Elish,,,,,,,
Rotting Christ,Gaia Tellus,,,,,,,
Fuel,Bittersweet,,,,,,,
Lamb Of God,Ruin,,,,,,,
Rotting Christ,Rege Diabolicus,,,,,,,
Lamb,Darkness,,,,,,,
Descendents,Talking,,,,,,,
Descendents,Sick-O-Me,,,,,,,
Do Make Say Think,Fredericia,,,,,,,
Do Make Say Think,Auberge Le Mouton Noir,,,,,,,
Lali Puna,B-Movie,,,,,,,
Stephen Sondheim,My Friends,,,,,,,
Cursive,Driftwood: A Fairy Tale,,,,,,,
Battlelore,Forked Height,,,,,,,
Meshuggah,In Death - Is Death,0.2,0.8,0.0,0.2,1.0,0.4,0.0
Le Tigre,Get Off The Internet,,,,,,,
The Bronx,Dirty Leaves,0.6,0.8,0.2,0.4,1.0,0.4,0.4
Black Tambourine,I Was Wrong,,,,,,,
Bodyrockers,I Like The Way You Move,,,,,,,
Bodyrox And Luciana,What Planet You On? (Radio Edit),0.8,0.6,0.4,0.4,0.6,0.6,0.4
Devendra Banhart,Little Boys,,,,,,,
The Bronx,Gun Without Bullets,,,,,,,
Fantômas,The Omen (Ave Satani),,,,,,,
Sepultura,Lookaway,,,,,,,
Ruki Na Odeyalo,Acab,,,,,,,
Rufus Wainwright,Sanssouci,,,,,,,
The Brian Jonestown Massacre,Monster,,,,,,,
Stereophonics,Maybe,,,,,,,
Cursive,Butcher The Song,,,,,,,
Deus,Theme From Turnpike,0.6,0.6,0.4,0.6,0.4,0.2,0.4
Lasgo,All Night Long (Radio Edit),,,,,,,
Metronomy,On Dancefloors,,,,,,,
Bon Jovi,One Wild Night,,,,,,,
Lars Winnerbäck,Om Du Lämnade Mig Nu,,,,,,,
Black Sabbath,Who Are You,,,,,,,
Mf Doom,Rapp Snitch Knishes (Feat. Mr. Fantastik),,,,,,,
The Sins Of Thy Beloved,My Love,,,,,,,
The Skatalites,Guns Of Navarone,,,,,,,
ユンナ,Houki Boshi (Tv Size),,,,,,,
Michael Andrews,The Tangent Universe,,,,,,,
Metro Station,Kelsey,,,,,,,
メリー,Japanese Modernist,,,,,,,
Deus,Jigsaw You,,,,,,,
Stone Sour,Inhale,,,,,,,
Stereophonics,Stone,,,,,,,
Avril Lavigne,One Of Those Girls,,,,,,,
Megadeth,Dawn Patrol,,,,,,,
Mediæval Bæbes,Undrentide,,,,,,,
Avril Lavigne,Runaway,,,,,,,
Mediæval Bæbes,Averil,,,,,,,
Megadeth,My Last Words,,,,,,,
Bob Marley & The Wailers,So Much Trouble In The World,,,,,,,
Cut Copy,Drop The Bomb,0.6,0.4,0.8,0.8,0.2,0.4,0.6
Cut Chemist,Motivational Speaker,,,,,,,
Battlelore,Starlight Kingdom,,,,,,,
Fredo Viola,The Sad Song,,,,,,,
Daniel Powter,Next Plane Home,,,,,,,
Rush,Driven,,,,,,,
Rush,Middletown Dreams,,,,,,,
Cut Copy,Hearts On Fire (Joakim Remix),,,,,,,
Melanie C,Never Say Never,,,,,,,
Leftöver Crack,Burn Them Prisons,0.6,0.6,0.2,0.2,1.0,0.4,0.4
Melvins,Hooch,,,,,,,
Leftöver Crack,Gang Control,,,,,,,
Mercury Rev,The Happy End (The Drunk Room),,,,,,,
The Vines,Factory,,,,,,,
Apocalyptica,Epilogue (Relief),,,,,,,
Devendra Banhart,Luna De Margarita,,,,,,,
Meshuggah,New Millennium Cyanide Christ,,,,,,,
Metallica,It'S Electric,,,,,,,
The Smashing Pumpkins,Age Of Innocence,,,,,,,
The Slits,I Heard It Through The Grapevine,,,,,,,
Devendra Banhart,Sawkill River,,,,,,,
Lightning Bolt,Longstockings,,,,,,,
Travis,New Amsterdam,,,,,,,
Lightning Bolt,Dead Cowboy,,,,,,,
Travis,Happy,,,,,,,
Stevie Wonder,Uptight (Everything'S Alright),,,,,,,
Blackmore'S Night,All Because Of You,,,,,,,
Bob Dylan,The Lonesome Death Of Hattie Carroll,,,,,,,
Bob Dylan,She Belongs To Me,,,,,,,
Bob Dylan,You Ain'T Goin' Nowhere,,,,,,,
The Stands,Outside Your Door,,,,,,,
Aphrodite,Calcutta,,,,,,,
Daniel Johnston,The Lennon Song,,,,,,,
Annihilator,Crystal Ann,,,,,,,
Röyksopp,Go With The Flow,,,,,,,
Annuals,Confessor,,,,,,,
Max Graham Vs. Yes,Owner Of A Lonely Heart,0.6,0.8,0.4,0.8,0.2,0.4,0.6
Annwn,Faili Faili Oro,,,,,,,
Max Richter,Arboretum,,,,,,,
Story Of The Year,Our Time Is Now,,,,,,,
The Specials,Concrete Jungle,,,,,,,
Devildriver,Digging Up The Corpses,,,,,,,
Les Savy Fav,One Way Window,,,,,,,
Bob Marley,Jammin',,,,,,,
Devildriver,Hold Back The Day,,,,,,,
Devildriver,I Could Care Less,,,,,,,
Less Than Jake,Bad Scene And A Basement Show,,,,,,,
Megadeth,Mechanix,,,,,,,
The View,The Don,,,,,,,
Megadeth,Prince Of Darkness,,,,,,,
The View,Skag Trendy,,,,,,,
Lifehouse,Sky Is Falling,,,,,,,
Mazzy Star,I'M Sailin',,,,,,,
Bob Marley,African Herbsman,,,,,,,
The Specials,Doesn'T Make It Alright,,,,,,,
Dexys Midnight Runners,Geno,,,,,,,
Blackmore'S Night,Fires At Midnight,,,,,,,
Devotchka,The Enemy Guns,,,,,,,
Lily Allen,The Fear (Wideboys Prime Time Radio Edit),,,,,,,
Max Richter,Song,,,,,,,
Matthew Dear,Elementary Lover,,,,,,,
Max Richter,Harmonium,,,,,,,
Vast,Free,,,,,,,
Vast,I Don'T Have Anything,,,,,,,
Vast,Somewhere Else To Be,,,,,,,
Matisyahu,Aish Tamid,,,,,,,
Matt Costa,Mr. Pitiful,,,,,,,
Limp Bizkit,Show Me What You Got,,,,,,,
Straylight Run,The Perfect Ending,,,,,,,
Trivium,Ascendancy,,,,,,,
Uverworld,Chance!,,,,,,,
Seeed,Grosshirn,,,,,,,
Fatima Meets Kuriaki,Covenant,,,,,,,
Fatboy Slim,The Weekend Starts Here,,,,,,,
The Beach Boys,Sloop John B.,,,,,,,
Daniel Diamond,Champu,,,,,,,
大谷幸,Swift Horse,,,,,,,
Lifehouse,Walking Away,,,,,,,
4 Strings,Take Me Away (Into The Night),,,,,,,
The Verve,She'S A Superstar,,,,,,,
The Books,All Bad Ends All,,,,,,,
Frank Sinatra,The Way You Look Tonight,,,,,,,
Cypress Hill,Lick A Shot,,,,,,,
Diablo,In Sorrow We Trust,,,,,,,
Mary J. Blige,What Love Is,,,,,,,
Diablo,Together As Lost,,,,,,,
Supersuckers,Pretty Fucked Up,,,,,,,
The Velvet Underground,That'S The Story Of My Life,0.6,0.4,0.6,0.6,0.4,0.2,0.4
Massive Attack,Black Melt,,,,,,,
The Velvet Underground,The Gift,,,,,,,
Lordi,Blood Red Sandman,,,,,,,
Sam Sparro,Hot Mess,,,,,,,
Francisca Valenzuela,Peces,,,,,,,
Samantha James,Rise,,,,,,,
The Black Keys,Give Your Heart Away,,,,,,,
Tom Baxter,Tell Her Today,,,,,,,
Forgotten Boys,Musketeer,,,,,,,
Boards Of Canada,Farewell Fire,,,,,,,
Live,Dance With You,,,,,,,
Matt Nathanson,Laid,,,,,,,
Blackmore'S Night,Way To Mandalay,,,,,,,
Saliva,Click Click Boom,,,,,,,
The Blood Brothers,Beautiful Horses,,,,,,,
Matisyahu,Jerusalem,,,,,,,
Dangerdoom,Bada Bing,,,,,,,
Tom Waits,Ol' 55,,,,,,,
Franco Battiato,Di Passaggio,,,,,,,
Max Richter,Organum,,,,,,,
Matanza,Bota Com Buraco De Bala,,,,,,,
Boards Of Canada,Skyliner,,,,,,,
Strike Anywhere,Detonation,,,,,,,
Strike Anywhere,Sunset On 32Nd,,,,,,,
Strike Anywhere,Prisoner Echoes,,,,,,,
Strike Anywhere,Timebomb Generation,,,,,,,
The Veronicas,When It All Falls Apart,0.8,0.6,0.6,0.8,0.4,0.4,0.6
Marianne Faithfull,Working Class Hero,,,,,,,
Los Bunkers,Deudas,,,,,,,
Marius Nedelcu Feat. Giulia,Rain,0.8,0.8,0.6,0.8,0.2,0.4,0.6
Blur,Oily Water,,,,,,,
Los Bunkers,Los Premios,,,,,,,
Lordi,My Heaven Is Your Hell,,,,,,,
For My Pain...,Queen Misery,,,,,,,
22-20S,Why Don'T You Do It For Me?,,,,,,,
Los Bunkers,La Exiliada Del Sur,,,,,,,
Sara Bareilles,Fairytale,,,,,,,
Santogold,You'Ll Find A Way (Switch & Sinden Remix),,,,,,,
Anthrax,I'M Eighteen,,,,,,,
Avenged Sevenfold,Unholy Confessions,,,,,,,
Maria Taylor,Light House,,,,,,,
Diana Ross & The Supremes,Stop! In The Name Of Love,,,,,,,
Martin Solveig,Rejection,,,,,,,
Sebastian,Dog,,,,,,,
The Black Heart Procession,Tangled,,,,,,,
Martijn Ten Velden,I Wish You Would (12 Mix),,,,,,,
Aphex Twin,Mt Saint Michel Mix + St Michaels Mount,,,,,,,
The Black Ghosts,Anyway You Choose To Give It,,,,,,,
Mark Ronson,Apply Some Pressure,,,,,,,
The Black Eyed Peas,The Apl Song,,,,,,,
Dissection,Reinkaos,,,,,,,
Dispatch,Elias,0.6,0.6,0.4,0.6,0.4,0.4,0.8
Sublime,Burritos,,,,,,,
Mark Lanegan,Hit The City,,,,,,,
Logh,In Cold Blood,,,,,,,
Lo-Fi-Fnk,Change Channel,,,,,,,
Martin L. Gore,Compulsion,,,,,,,
Mando Diao,Sheepdog (Live),,,,,,,
Flight Of The Conchords,Ladies Of The World,,,,,,,
The Sunshine Underground,Borders,,,,,,,
Super Furry Animals,Juxtapozed With U,,,,,,,
The Sundays,Can'T Be Sure,,,,,,,
Manic Street Preachers,Prologue To History,,,,,,,
Mano Negra,King Kong Five,,,,,,,
Flying Lotus,Hello,,,,,,,
Aphex Twin,Gwarek2,,,,,,,
Flying Lotus,Robertaflack (Feat. Dolly),,,,,,,
Sarah Brightman,Who Wants To Live Forever,,,,,,,
Sarah Mclachlan,Blackbird,,,,,,,
Sarah Vaughan,Whatever Lola Wants (Gotan Project Remix),,,,,,,
Flunk,Spring To Kingdom Come,,,,,,,
Flight Of The Conchords,Boom,,,,,,,
Vangelis,Blush Response,,,,,,,
Los Prisioneros,Tren Al Sur,,,,,,,
Saosin,Lost Symphonies,,,,,,,
Margot & The Nuclear So And So'S,Dress Me Like A Clown,0.6,0.6,0.6,0.4,0.4,0.6,0.4
Feindflug,Feindbild,,,,,,,
Manu Chao,Malegria,,,,,,,
Feindflug,Glaubenskrieg,,,,,,,
Maná,Fe,,,,,,,
Love,Always See Your Face,,,,,,,
Lovage,Lies And Alibis,,,,,,,
Louie,One Big Repeat,,,,,,,
Suede,By The Sea,0.6,0.8,0.4,0.8,0.4,0.4,0.6
Louise Attaque,Du Nord Au Sud,0.6,0.6,0.4,0.4,0.6,0.8,0.4
Super Junior,사랑이 떠나다 (She'S Gone),,,,,,,
Van Halen,Ice Cream Man,,,,,,,
Van Halen,House Of Pain,,,,,,,
Scissor Sisters,Better Luck Next Time (Demo),,,,,,,
Scissor Sisters,Everybody Wants The Same Thing,,,,,,,
Van Halen,Dancing In The Street,,,,,,,
Filter,The Only Way (Is The Wrong Way),,,,,,,
Machinae Supremacy,Anthem Apocalyptica,,,,,,,
Sum 41,With Me,,,,,,,
Lupe Fiasco,The Coolest,0.4,0.6,0.4,0.8,0.2,0.2,0.2
Madonna,Paradise (Not For Me),,,,,,,
Van Halen,On Fire,,,,,,,
Finntroll,Maktens Spira,,,,,,,
Madvillain,Monkey Suite,,,,,,,
Damien Jurado,How I Broke My Legs,,,,,,,
Dan Le Sac Vs. Scroobius Pip,Angles,,,,,,,
The Undertones,Get Over You,,,,,,,
Seabear,Hands Remember,,,,,,,
Malajube,Jus De Canneberges,,,,,,,
Malajube,Le Crabe,,,,,,,
Blink-182,Easy Target,,,,,,,
Sunny Day Real Estate,Pillars,,,,,,,
Dinosaur Jr.,Pick Me Up,,,,,,,
Sunny Day Real Estate,Grendel,,,,,,,
Sufjan Stevens,Year Of The Ox,,,,,,,
鈴村健一,刹那の羽,,,,,,,
Sufjan Stevens,They Are Night Zombies,,,,,,,
Sugababes,Caught In A Moment,,,,,,,
Blood Red Shoes,Take The Weight,,,,,,,
Lupe Fiasco,Intro,,,,,,,
Sufjan Stevens,They Also Mourn Who Do Not Wear Black (For The Homeless In Muskegon),,,,,,,
Luomo,Tessio,,,,,,,
The The,Uncertain Smile,,,,,,,
Hot Hot Heat,Aveda,,,,,,,
The Flaming Lips,When You Smile,,,,,,,
Hot Hot Heat,This Town,,,,,,,
Hypocrisy,The Abyss,,,,,,,
Testament,Practice What You Preach,,,,,,,
Chris Isaak,Blue Hotel,,,,,,,
Testament,Over The Wall,,,,,,,
Howard Shore,A Knife In The Dark,,,,,,,
Howard Shore,The Riders Of Rohan,,,,,,,
Howard Shore,The Ring Goes South,,,,,,,
Arise From Thorns,Time Alone,,,,,,,
Chris Vrenna,Fortress Of Doors,,,,,,,
Howie Day,Perfect Time Of Day,,,,,,,
Hot Snakes,Retrofit,,,,,,,
The Flaming Lips,The Sound Of Failure,,,,,,,
Bloc Party,Storm & Stress,,,,,,,
M.O.P.,Cold As Ice,,,,,,,
Suicide,Johnny,,,,,,,
Dimmu Borgir,Burn In Hell,,,,,,,
!!!,Me And Giuliani Down By The School Yard (A True Story),,,,,,,
The Format,Inches And Falling,,,,,,,
Machinae Supremacy,Ronin,,,,,,,
+44,Lycanthrope,,,,,,,
M-Flo,Tripod Baby (Shinichi Osawa Remix),,,,,,,
Madonna,Burning Up,,,,,,,
Dan Arborise,Around In Circles,0.6,0.6,0.8,1.0,0.2,0.2,0.4
Fila Brazillia,Nature Boy,,,,,,,
Fields,If You Fail We All Fail,,,,,,,
Scouting For Girls,The Airplane Song,,,,,,,
Scsi-9,Senorita Tristeza,,,,,,,
M83,Beauties Can Die,,,,,,,
Digitalism,Jupiter Room (Martian Assault Mix),,,,,,,
M83,Strong And Wasted,,,,,,,
Dimmu Borgir,The Invaluable Darkness,,,,,,,
関智一,Shourishatachi No Banka,,,,,,,
The Tough Alliance,Miami,,,,,,,
Blink-182,Here'S Your Letter,,,,,,,
Tom Waits,Get Behind The Mule,,,,,,,
Dead Can Dance,Mephisto,,,,,,,
高梨康治/刃-Yaiba-,秘めたる闘志,,,,,,,
Infected Mushroom,Drop Out,,,,,,,
Dead Can Dance,Indus,,,,,,,
Ween,Baby Bitch,0.6,0.6,0.4,0.8,0.2,0.4,0.2
Billy Corgan,Tolovesomebody,,,,,,,
Tiga & Zyntherius,Sunglasses At Night,,,,,,,
Neko Case,Magpie To The Morning,,,,,,,
The Dodos,Jodi,,,,,,,
Hanoi Rocks,Back To Mystery City,,,,,,,
Neko Case,Never Turn Your Back On Mother Earth,,,,,,,
Aesop Rock,Forest Crunk,,,,,,,
Sonic Youth,Intro,,,,,,,
Josh Ritter,Monster Ballads,,,,,,,
Buckethead,Ghost,,,,,,,
Buckethead,The Way To Heaven,,,,,,,
The Distillers,Sick Of It All,,,,,,,
Deerhunter,Slow Swords,,,,,,,
The Honorary Title,Anything Else But The Truth,,,,,,,
Clutch,Big Fat Pig,,,,,,,
The Honorary Title,Untouched And Intact,,,,,,,
Chaka Khan,I'M Every Woman,,,,,,,
Para One,Dudun-Dun (Mstrkrft Remix),,,,,,,
Paradise Lost,Deus,0.2,0.8,0.2,0.4,0.8,0.2,0.2
The Helio Sequence,Can'T Say No,,,,,,,
Beth Orton,Rectify,,,,,,,
Wire,Sand In My Joints,,,,,,,
Blink-182,I'M Lost Without You,,,,,,,
Blonde Redhead,Luv Machine,,,,,,,
In Flames,World Of Promises,,,,,,,
Madonna,Runaway Lover,,,,,,,
Madonna,Secret,,,,,,,
Fields,Heretic,,,,,,,
Blondie,Will Anything Happen?,,,,,,,
Lykke Li,Window Blues,,,,,,,
Tom Waits,Blue Valentines,,,,,,,
Erasure,You Surround Me,,,,,,,
Def Leppard,When Love And Hate Collide,,,,,,,
Josh Groban,You Are Loved (Don'T Give Up),,,,,,,
Joss Whedon & Christophe Beck,Under Your Spell,,,,,,,
Josh Pyke,Middle Of The Hill,,,,,,,
Amon Tobin,Golfer Vrs Boxer,,,,,,,
Hank Williams Iii,Long Hauls & Close Calls,,,,,,,
Eric Carmen,Hungry Eyes,,,,,,,
The Offspring,A Lot Like Me,,,,,,,
The Oscar Peterson Trio,I Got It Bad (And That Ain'T Good),,,,,,,
Easy Star All-Stars,Any Colour You Like,,,,,,,
Buck 65,Wicked And Weird,,,,,,,
Sonic Youth,Brave Men Run (In My Family),,,,,,,
Happy Mondays,Loose Fit,,,,,,,
Happy Mondays,Grandbag'S Funeral,,,,,,,
Amon Amarth,Bleed For Ancient Gods,,,,,,,
Prince,Diamonds And Pearls,,,,,,,
Prince & The Revolution,Darling Nikki,,,,,,,
Paradise Lost,Over The Madness,0.4,0.8,0.2,0.6,0.8,0.2,0.6
Ceremony,Kersed,,,,,,,
Papa Roach,Do Or Die,,,,,,,
Wolf Parade,Kissing The Beehive,,,,,,,
Antony And The Johnsons,Bird Girl,0.8,0.8,0.8,1.0,0.0,0.4,0.4
Dead Can Dance,Ariadne,,,,,,,
Filter,The Best Things,,,,,,,
Van Halen,Judgement Day,,,,,,,
Van Halen,Give To Live,,,,,,,
Diplo,Big Lost,,,,,,,
Damien Rice,Prague,,,,,,,
Final Fantasy,Better Than Worse,,,,,,,
The Honorary Title,Points Underneath,,,,,,,
The Thermals,Returning To The Fold,,,,,,,
Lumsk,Det Var Irlands Kongi Bold,,,,,,,
The Twilight Singers,Teenage Wristband,,,,,,,
Dir En Grey,Ain'T Afraid To Die,,,,,,,
Seabound,Doubleplusungood,,,,,,,
Aoki Takamasa + Tujiko Noriko,Vinyl Words,,,,,,,
Charlotte Hatherley,Kim Wilde,,,,,,,
Felix Da Housecat,Walk With Me,,,,,,,
Charlotte Church,Crazy Chick,,,,,,,
Malajube,Fille À Plumes,,,,,,,
Blood Red Throne,Mephitication,,,,,,,
The Teenagers,Sunset Beach,,,,,,,
Malajube,La Russe,,,,,,,
Wire,Pink Flag,,,,,,,
Insomnium,Devoid Of Caring,,,,,,,
Tori Amos,Twinkle,,,,,,,
In Flames,Lunar Strain,,,,,,,
Elvis Costello & The Attractions,Oliver'S Army,,,,,,,
Deerhoof,Sealed With A Kiss,,,,,,,
Deerhoof,The Forbidden Fruits,,,,,,,
Billy Bragg & Wilco,Walt Whitman'S Niece,,,,,,,
Sonic Youth,Androgynous Mind,,,,,,,
Cock Sparrer,England Belongs To Me,,,,,,,
The Dillinger Escape Plan,Unretrofied,,,,,,,
The Devin Townsend Band,Triumph,,,,,,,
Journey,Faithfully,,,,,,,
The Pains Of Being Pure At Heart,Gentle Sons,,,,,,,
Joy Division,From Safety To Where...?,,,,,,,
Assemblage 23,I Am The Rain,,,,,,,
Eagles Of Death Metal,Bad Dream Mama,,,,,,,
Natalie Imbruglia,Big Mistake,,,,,,,
Amon Tobin,Ruthless,,,,,,,
Amon Tobin,Nightlife,,,,,,,
Sonic Youth,Starfield Road,,,,,,,
Def Leppard,Stagefright,,,,,,,
The Grates,Sukkafish,,,,,,,
The Innocence Mission,Bright As Yellow,,,,,,,
Scars On Broadway,Insane,,,,,,,
Eluvium,(Intermission),,,,,,,
Scars On Broadway,Serious,,,,,,,
Alice Cooper,Is It My Body,,,,,,,
The Teenagers,Love No,,,,,,,
Finntroll,Korpens Saga,,,,,,,
Sufjan Stevens,Lo! How A Rose E'Er Blooming,,,,,,,
Dir En Grey,Disabled Complexes,,,,,,,
Coconut Records,Summer Day,,,,,,,
Tricky,Pumpkin,,,,,,,
Cock Sparrer,We'Re Coming Back,,,,,,,
Cock Sparrer,Because You'Re Young,,,,,,,
Hammerfall,At The End Of The Rainbow,,,,,,,
Protest The Hero,Heretics & Killers,,,,,,,
Deftones,Change (In The House Of Flies) (Acoustic),,,,,,,
Sonja Aldén,För Att Du Finns,,,,,,,
Wednesday 13,God Is A Lie,,,,,,,
Hammerfall,Hearts On Fire,,,,,,,
Aesthetic Perfection,Spit It Out,,,,,,,
Billy Bragg & Wilco,At My Window Sad And Lonely,,,,,,,
Joy Zipper,2 Dreams I Had,,,,,,,
Bruce Springsteen,Working On The Highway,,,,,,,
Underworld,Dinosaur Adventure 3D,,,,,,,
The Youth Ahead,Has Anyone Seen My Underwear,,,,,,,
Archie Star,Let'S Get Married,,,,,,,
Nelly Furtado,Forca,,,,,,,
Nelly Furtado,Fresh Off The Boat,,,,,,,
Nelly Furtado,Força,,,,,,,
Jonathan Larson,Out Tonight,,,,,,,
Blu Cantrell,So Blu,,,,,,,
The Teardrop Explodes,Reward,,,,,,,
The Beta Band,Gone,,,,,,,
Blue Man Group,Opening Mandelbrot,,,,,,,
Tom Petty And The Heartbreakers,Listen To Her Heart,,,,,,,
Mando Diao,Gloria,,,,,,,
1200 Micrograms,1001 Arabian Nights,,,,,,,
Beseech,Illusionate,,,,,,,
Mando Diao,Macadam Cowboy,,,,,,,
Silverchair,Reflections Of A Sound,0.6,0.8,0.6,0.8,0.4,0.2,0.6
Inxs,Taste It,,,,,,,
Into Eternity,Splintered Visions,,,,,,,
Silverchair,The Man That Knew Too Much,,,,,,,
David Bowie,Black Country Rock,,,,,,,
Judas Priest,Running Wild,,,,,,,
The Young Knives,Dialing Darling,,,,,,,
Amon Tobin,The Lighthouse,,,,,,,
Judas Priest,Pain And Pleasure,,,,,,,
Silversun Pickups,Sci-Fi Lullaby,,,,,,,
Sonic Youth,Sympathy For The Strawberry,,,,,,,
Assemblage 23,Opened,,,,,,,
Silver Jews,Send In The Clouds,,,,,,,
Underoath,There Could Be Nothing After This,,,,,,,
Arch Enemy,Machtkampf,,,,,,,
Archive,Nothing Else,,,,,,,
Primal Scream,Shine Like Stars,,,,,,,
Toots & The Maytals,Louie Louie,,,,,,,
Hark ! The Herald Angels Sing,Mahalla Jackson,,,,,,,
Adult.,I Feel Worse When I'M With You,,,,,,,
Juliette And The Licks,Hot Kiss,,,,,,,
Primitive Radio Gods,Standing Outside A Broken Phone Booth With Money In My Hand,,,,,,,
Julieta Venegas,Andar Conmigo,,,,,,,
June,Baby It'S You,,,,,,,
The Pink Spiders,Little Razorblade,,,,,,,
Psapp,Northdown Flat B1,,,,,,,
Inxs,Pretty Vegas,,,,,,,
Amorphis,First Doom,0.4,0.8,0.2,0.4,0.8,0.2,0.2
Thompson Twins,Judy Do,,,,,,,
Pale Saints,There Is No Day,,,,,,,
In Flagranti,Bang Bang,,,,,,,
Mando Diao,Train On Fire,0.6,0.8,0.4,0.6,0.8,0.4,0.4
Blue States,Stereo 99,,,,,,,
Feindflug,Ätherkrieg,,,,,,,
Feindflug,Tauchfahrt,,,,,,,
Pale Saints,Sight Of You,,,,,,,
Avantasia,Malleus Maleficarum,,,,,,,
Saves The Day,Sound The Alarm,,,,,,,
Dir En Grey,Saku,,,,,,,
The Beta Band,Human Being,,,,,,,
Dire Straits,Southbound Again,,,,,,,
Dire Straits,Water Of Love,,,,,,,
Junior Murvin,Police And Thieves,,,,,,,
Amorphis,Black Winter Day,,,,,,,
Public Image Ltd.,Home,,,,,,,
Bel Canto,Baltic Ice-Breaker,,,,,,,
Nada Surf,Killian'S Red,,,,,,,
Bel Canto,Bombay,,,,,,,
Nada Surf,If You Leave (Omd Cover),,,,,,,
Sophia,I Left You,,,,,,,
Hadouken!,Tuning In (H! Re-Rub),,,,,,,
Soulfly,I And I,,,,,,,
Dzihan & Kamien,Where'S Johny Sabatino,,,,,,,
Savage Garden,Two Beds And A Coffee Machine,,,,,,,
Avantasia,Twisted Mind,,,,,,,
Manic Street Preachers,The Intense Humming Of Evil,,,,,,,
Blue Öyster Cult,Cities On Flame With Rock And Roll,,,,,,,
Dead Can Dance,Windfall,,,,,,,
Manic Street Preachers,Raindrops Keep Falling On My Head,,,,,,,
Inxs,I Need You Tonight,,,,,,,
Chemistry,Itoshii Hito(Single Ver.),,,,,,,
Tom Petty And The Heartbreakers,Don'T Do Me Like That,0.6,0.8,0.2,0.6,0.6,0.4,0.6
Eluveitie,Samon,,,,,,,
Chemistry,Mirage In Blue,,,,,,,
Beirut,The Shrew,,,,,,,
Erlend Øye,A While Ago And Recently (Feat. Kilogram),,,,,,,
Sigur Rós,Hlemmur 2,,,,,,,
Dxdxox,Salvaremos A América E O Mundo,,,,,,,
The Doors,Roadhouse Blues (Live),,,,,,,
Sorta,Sink Or Swim,,,,,,,
Sigur Rós,Jósep Tekur Fimmuna Í Vinnuna,,,,,,,
Habakuk,Rozczochrany Łeb,,,,,,,
Sigur Rós,Fyrsta Ferð,,,,,,,
Pure Reason Revolution,Bullitts Dominæ,,,,,,,
Pretty Girls Make Graves,Holy Names,,,,,,,
Amiina,Lóri,,,,,,,
Amiina,Saga,,,,,,,
Jokers Of The Scene,One Bloody Sunday,,,,,,,
Afi,Smile,,,,,,,
Jolie Holland,Darlin Ukelele,,,,,,,
Hatebreed,This Is Now,,,,,,,
Era,Don'T You Forget,,,,,,,
Hawkwind,Seven By Seven,,,,,,,
Amii Stewart,Knock On Wood,,,,,,,
Amerie,Why Don'T We Fall In Love,,,,,,,
Eluveitie,Bloodstained Ground,,,,,,,
Eluveitie,Primordial Breath,,,,,,,
Pain Of Salvation,Vocari Dei,,,,,,,
Alela Diane,The Rifle,,,,,,,
Low,Breaker,,,,,,,
The Unicorns,The Unicorns: 2014,,,,,,,
Sasha,Magnetic North,,,,,,,
Manic Street Preachers,We Are All Bourgeois Now,,,,,,,
Daft Punk,Aerodynamite,,,,,,,
Manitoba,I'Ve Lived On A Dirt Road All My Life,,,,,,,
The Bird And The Bee,Birds And The Bees,,,,,,,
Savage Garden,Chained To You,,,,,,,
Satyricon,The Pentagram Burns,,,,,,,
Love Spirals Downwards,Will You Fade,,,,,,,
Manowar,Heart Of Steel,,,,,,,
Blues Brothers,She Caught The Katy,,,,,,,
The Nightwatchman,One Man Revolution,,,,,,,
Sonata Arctica,Picturing The Past,,,,,,,
Sondre Lerche,Tragic Mirror,,,,,,,
Belle And Sebastian,Lazy Line Painter Jane,,,,,,,
Mötley Crüe,Bad Boy Boogie,,,,,,,
Gym Class Heroes,Taxi Driver,,,,,,,
Pulp,My Legendary Girlfriend,,,,,,,
Múm,Abandoned Ship Bells,,,,,,,
The Police,Truth Hits Everybody,,,,,,,
Deerhoof,Dummy Discards A Heart,,,,,,,
Johnossi,18 Karat Gold,,,,,,,
Johnossi,Family Values,,,,,,,
Hatebreed,Live For This,,,,,,,
Sondre Lerche,Sleep On Needles,,,,,,,
Johnny Foreigner,Our Bipolar Friends,,,,,,,
Amusement Parks On Fire,Venosa,,,,,,,
Soundgarden,Hands All Over,,,,,,,
Myslovitz,Mieć Czy Być,,,,,,,
Guster,C'Mon,,,,,,,
Tracey Thorn,It'S All True,,,,,,,
Gustavo Cerati,Medium,,,,,,,
Amusement Parks On Fire,Wiper,,,,,,,
Queen,Brighton Rock,,,,,,,
Mägo De Oz,Duerme...,,,,,,,
16 Horsepower,Scrawled In Sap,,,,,,,
Blind Guardian,Another Holy War,,,,,,,
Mansun,Shotgun,,,,,,,
The Birthday Massacre,Promise Me,,,,,,,
Blur,Coping,,,,,,,
Sarah Mcleod,White Horse (Whelan & Discala Remix),,,,,,,
Elvis Presley,Hard Headed Woman,,,,,,,
Slayer,Overt Enemy,,,,,,,
Dead Boys,Not Anymore,,,,,,,
De-Phazz,The Mambo Craze,,,,,,,
Blur,Come Together,,,,,,,
De-Phazz,Radio Sol,0.6,0.8,0.6,1.0,0.2,0.4,0.8
Patsy Cline,Walkin' After Midnight,,,,,,,
De-Phazz,Something Special,,,,,,,
Chemistry,いとしい人 (Single Ver.),,,,,,,
Britney Spears,What You Sippin' On,,,,,,,
My Morning Jacket,Just One Thing,,,,,,,
Coheed And Cambria,The Velourium Camper Iii: Al The Killer,,,,,,,
Mägo De Oz,Polla Dura No Cree En Dios,,,,,,,
The Polyphonic Spree,Section 9: Light & Day/Reach For The Sun,,,,,,,
Broken Social Scene,All My Friends,,,,,,,
Mägo De Oz,Belfast,,,,,,,
Justin Timberlake,Until The End Of Time,,,,,,,
Justin Timberlake,Señorita,,,,,,,
Takida,Curly Sue,,,,,,,
Coheed And Cambria,No World For Tomorrow,,,,,,,
Dusty Springfield,Just A Little Lovin',,,,,,,
Adam Green,Hey Dude,,,,,,,
New Found Glory,Taken Back By You,,,,,,,
Adam Green,Vultures,,,,,,,
Kaiser Chiefs,Hard Times Send Me,,,,,,,
Deftones,Moana,,,,,,,
Simple Minds,Promised You A Miracle,,,,,,,
Sophie Ellis-Bextor,Heartbreak Make Me A Dancer,,,,,,,
Elliott Smith,Fear City,0.6,0.6,0.8,0.8,0.2,0.4,0.4
Isis,Wills Dissolve,,,,,,,
Isis,Syndic Calls,,,,,,,
Trio Odemira,Essa Mulher,,,,,,,
Isis,Garden Of Light,,,,,,,
Feindflug,Alptraum,,,,,,,
Isis,Firdous E Bareen,,,,,,,
Flyleaf,Fully Alive,,,,,,,
Feeder,Oxygen,,,,,,,
Flying Lotus,Orbit Brazil,0.0,0.0,0.0,0.0,0.0,0.0,0.0
Feeder,Lost & Found,,,,,,,
Sebadoh,Ocean,,,,,,,
Dire Straits,Setting Me Up,,,,,,,
Dire Straits,Six Blade Knife,,,,,,,
Feindflug,Ak 47,,,,,,,
Tom Waits,Jesus Gonna Be Here,,,,,,,
Lou Reed,Street Hassle,,,,,,,
Lotus Plaza,Hamburg,,,,,,,
Maná,Si No Te Hubieras Ido,,,,,,,
Sarah Brightman,Scarborough Fair,,,,,,,
Blur,Essex Dogs,,,,,,,
Lostprophets,Start Something,,,,,,,
The Black Crowes,High Head Blues,,,,,,,
Elliott Smith,See You Later,,,,,,,
Saosin,Some Sense Of Security,,,,,,,
Lostprophets,Sway,,,,,,,
Elliott Smith,Big Decision,,,,,,,
Los Prisioneros,El Baile De Los Que Sobran,,,,,,,
Alice In Chains,It Ain'T Like That,,,,,,,
Uh Huh Her,Explode,,,,,,,
Thornley,Beautiful,,,,,,,
Alice In Chains,Sea Of Sorrow,,,,,,,
New Order,As It Is When It Was,,,,,,,
Portugal. The Man,Gold Fronts,,,,,,,
Hawthorne Heights,The Transition,,,,,,,
Kalmah,Hades,,,,,,,
Arctic Monkeys,Chun Li'S Spinning Bird Kick,,,,,,,
Johnny Cash,The Kneeling Drunkard'S Plea,,,,,,,
New Order,Here To Stay,,,,,,,
Talking Heads,Seen And Not Seen,,,,,,,
Guided By Voices,Watch Me Jumpstart,,,,,,,
Tool,(-) Ions,,,,,,,
Erykah Badu,My People,,,,,,,
Britney Spears,Rock Boy,,,,,,,
Kamelot,Descent Of The Archangel,,,,,,,
Kaki King,Solipsist,,,,,,,
My Morning Jacket,Aluminum Park,,,,,,,
Erykah Badu,Afro (Freestyle Skit),,,,,,,
Dave Matthews Band,Typical Situation,,,,,,,
Dave Matthews Band,The Stone,,,,,,,
Erykah Badu,The Cell,,,,,,,
Tool,4°,,,,,,,
Dave Matthews Band,You Never Know,,,,,,,
The Goo Goo Dolls,Can'T Let It Go,,,,,,,
The Black Eyed Peas,The Boogie That Be,,,,,,,
Catherine O'Hara,Sally'S Song,,,,,,,
Alcazar,Crying At The Discoteque,,,,,,,
Foo Fighters,Times Like These (Acoustic),,,,,,,
The Black Eyed Peas,My Style (Feat. Justin Timberlake),,,,,,,
Maria Taylor,Birmingham 1982,,,,,,,
The Black Eyed Peas,Smells Like Funk,,,,,,,
Sublime,What I Got (Reprise),,,,,,,
Avenged Sevenfold,The Wicked End,,,,,,,
Subway,Persuasion,,,,,,,
Discharge,Never Again,,,,,,,
Health,Crimewave (Crystal Castles Vs. Health),,,,,,,
Sonata Arctica,...Of Silence,,,,,,,
Talking Heads,Life During Wartime (Live),,,,,,,
Kaki King,Open Mouth,,,,,,,
Kaki King,Saving Days In A Frozen Head,,,,,,,
Kaki King,Montreal,,,,,,,
The Presets,Girl (You Chew My Mind Up),,,,,,,
Head Automatica,Dance Party Plus,,,,,,,
Head Automatica,Graduation Day,,,,,,,
Weezer,Love Explosion,,,,,,,
Clor,Magic Touch,,,,,,,
Talking Heads,Girlfriend Is Better,,,,,,,
Guided By Voices,Chasing Heather Crazy,,,,,,,
Zongamin,Spiral,0.4,0.6,0.4,0.6,0.2,0.4,0.6
Bullet For My Valentine,Waking The Demon,,,,,,,
New Order,Run,,,,,,,
Johnny Cash,Long Black Veil,,,,,,,
Supergrass,Lenny,0.6,0.8,0.2,0.4,0.8,0.4,0.6
New Order,Sub-Culture,,,,,,,
Colbie Caillat,Feelings Show,,,,,,,
Delays,Hideaway,,,,,,,
Guided By Voices,Beat Your Wings,,,,,,,
Marillion,Assassing,0.6,0.8,0.2,0.6,0.4,0.2,0.6
Queensrÿche,Eyes Of A Stranger,,,,,,,
Secret Machines,I Hate Pretending,,,,,,,
Tom Baxter,Miracle,,,,,,,
Mariah Carey,Migrate (Feat. T-Pain),,,,,,,
Secret Machines,Daddy'S In The Doldrums,,,,,,,
Los Del Río,Macarena,,,,,,,
Los Hermanos,Aline,,,,,,,
Los Bunkers,Las Cosas Que Cambie Y Deje Por Ti,,,,,,,
Santana,Corazon Espinado (Feat. Maná),,,,,,,
Iliketrains,Come Over,,,,,,,
Iliketrains,Remnants Of An Army,,,,,,,
Paul Van Dyk,Seven Ways,,,,,,,
Mariah Carey,Side Effects (Feat. Young Jeezy),,,,,,,
Paul Mccartney,Coming Up,,,,,,,
Guano Apes,Living In A Lie,,,,,,,
Zoot Woman,Grey Day,,,,,,,
Duran Duran,Falling Down,,,,,,,
The Dears,Bandwagoneers,,,,,,,
Muse,Jimmy Kane,,,,,,,
Kanye West,Wake Up Mr. West,,,,,,,
New Order,Weirdo,,,,,,,
The Presidents Of The United States Of America,We Are Not Going To Make It,,,,,,,
Chetes,Poco A Poco,,,,,,,
Chicago,Street Player,,,,,,,
Vasco Rossi,Albachiara,,,,,,,
De La Soul,Take It Off,,,,,,,
Slayer,Hallowed Point,,,,,,,
Blaqk Audio,Between Breaths (An Xx Perspective),,,,,,,
Marilyn Manson,Born Again,,,,,,,
The Strike Boys,Cocaine Is A Sin,,,,,,,
Tom Baxter,Skybound,,,,,,,
Fort Minor,Believe Me,,,,,,,
Basement Jaxx,Smoke Bubbles,,,,,,,
Supergrass,I'D Like To Know,,,,,,,
You Say Party! We Say Die!,Cold Hands! Hot Bodies!,0.6,0.4,0.6,0.6,0.2,0.4,0.8
Marjorie Fair,Empty Room,,,,,,,
Loreena Mckennitt,The English Ladye And The Knight,,,,,,,
Arcturus,The Chaos Path,,,,,,,
Longview,Falling Without You,,,,,,,
Heaven Shall Burn,The Weapon They Fear,,,,,,,
Amel Larrieux,For Real,,,,,,,
Dubtribe Sound System,This Is The Time,0.6,0.4,0.8,0.8,0.2,0.2,0.4
Burial,Uk,,,,,,,
Billie Holiday,Stormy Weather,,,,,,,
Yonderboi,Sinking Slowly,,,,,,,
Coldcut,Everything Is Under Control,,,,,,,
Clint Mansell,Summer: Crimin' & Dealin',,,,,,,
Before The Dawn,Reign Of Fire,,,,,,,
Spank Rock,Rick Rubin,,,,,,,
Kate Bush,And So Is Love,,,,,,,
Sparta,Echodyne Harmonic,,,,,,,
Coldcut,Sound Mirrors,,,,,,,
Spank Rock,Chilly Will,,,,,,,
Groove Armada,Soundboy Rock,,,,,,,
Sparklehorse,More Yellow Birds,,,,,,,
Katatonia,Gone,,,,,,,
Sublime,Chica Me Tipo,,,,,,,
Sublime,5446 That'S My Number/Ball And Chain,,,,,,,
Dissection,Chaosophia,,,,,,,
Dissection,God Of Forbidden Light,,,,,,,
Supersuckers,Blow You Away,,,,,,,
Augustana,Empty Days,,,,,,,
Franco Battiato,Shock In My Town,,,,,,,
Dead Kennedys,Terminal Preppie,,,,,,,
Sloan,Before The End Of The Race,,,,,,,
London After Midnight,Shatter (All My Dead Friends),,,,,,,
Lollobrigida,Katarina Velika,,,,,,,
Art Of Noise,Moments In Love (7 Master Rejected),,,,,,,
Boa,I Did It For Love,,,,,,,
Ellen Allien,The Brain Is Lost,,,,,,,
Wu-Tang Clan,Campfire,,,,,,,
Ellen Allien,She Is With Me,,,,,,,
Ozzy Osbourne,Hellraiser,,,,,,,
Paul Mccartney,Vintage Clothes,,,,,,,
Murcof,Reflejo,,,,,,,
Tim Buckley,Phantasmagoria In Two,,,,,,,
Muse,Assasain,,,,,,,
Katatonia,Dissolving Bonds,,,,,,,
Mudvayne,Determined,,,,,,,
Esg,Dance,,,,,,,
The Prodigy,One Love (Edit),,,,,,,
Dave Matthews,An' Another Thing,,,,,,,
Kate Bush,L'Amour Looks Something Like You,,,,,,,
[Disney],What I'Ve Been Looking For,,,,,,,
Kate Bush,Eat The Music,,,,,,,
Simple Plan,Your Love Is A Lie,,,,,,,
Kate Havnevik,Nowhere Warm,,,,,,,
The Dresden Dolls,The Time Has Come,,,,,,,
Clinic,Earth Angel,,,,,,,
Mark Ronson,Just (Feat. Phantom Planet),,,,,,,
Disturbed,Enough,,,,,,,
Tom Waits,Ol' '55,,,,,,,
Marvin Gaye & Tammi Terrell,Ain'T No Mountain High Enough,,,,,,,
Uverworld,Colors Of The Heart,,,,,,,
Martijn Ten Velden,I Wish U Would,,,,,,,
Danger Mouse,Change Clothes,,,,,,,
Aphex Twin,Radiator,,,,,,,
Fragma,Toca'S Miracle (Radio Edit),,,,,,,
Seeed,Double Soul,,,,,,,
Four Tet,Turtle Turtle Up,,,,,,,
Vasco Rossi,Siamo Solo Noi,,,,,,,
Nick Drake,Rider On The Wheel,,,,,,,
The Music,Too High,,,,,,,
Grizzly Bear,Little Brother (Electric Version),,,,,,,
Yo La Tengo,Winter A-Go-Go,,,,,,,
The Mountain Goats,So Desperate,,,,,,,
The Music,The Left Side,,,,,,,
Grizzly Bear,Granny Dinner,,,,,,,
Keane,She Opens Her Eyes,,,,,,,
The Music,Guide,,,,,,,
Mr. Bungle,Pink Cigarette,,,,,,,
Mstrkrft,Got Love To Kill (Juliette And The Licks Remix),,,,,,,
Yo La Tengo,The Whole Of The Law,,,,,,,
The Daylights,If Words Were Bullets,,,,,,,
Bee Gees,Staying Alive,,,,,,,
Poison,Squeeze Box,,,,,,,
Muchy,21 Dni,,,,,,,
Clickclickdecker,Niemand Tanzt So Kacke Wie Ich,,,,,,,
Coldplay,Things I Don'T Understand,,,,,,,
Coldplay,No More Keeping My Feet On The Ground,,,,,,,
Anathema,A Dying Wish,,,,,,,
Catamenia,Strength And Honor,,,,,,,
Alicia Keys,Sure Looks Good To Me,,,,,,,
Sloan,False Alarm,,,,,,,
Outkast,Intro,,,,,,,
Mary J. Blige,One,,,,,,,
J Dilla,The Diff'Rence,,,,,,,
J.J. Cale,Cocaine,,,,,,,
Sage Francis,Agony In Her Body,,,,,,,
The Blood Brothers,Live At The Apocalypse Cabaret,,,,,,,
Céline Dion,Taking Chances,,,,,,,
The Stone Roses,Standing Here,,,,,,,
Mary J. Blige,Just Fine (Moto Blanco Radio Edit),,,,,,,
Dissection,Where Dead Angels Lie,,,,,,,
The Blood Brothers,Rats And Rats And Rats For Candy,,,,,,,
Saint Etienne,Nothing Can Stop Us,,,,,,,
Supersuckers,The Captain,,,,,,,
The Mountain Goats,New Zion,,,,,,,
The Duke Spirit,A House Is Not A Motel,,,,,,,
Special Needs,A Time To Remember,,,,,,,
Dropkick Murphys,Walk Away,,,,,,,
Demi Lovato,Gonna Get Caught,,,,,,,
Against Me!,T.S.R. (This Shit Rules),,,,,,,
John Mayer,Quiet,,,,,,,
The Mountain Goats,Moon Over Goldsboro,,,,,,,
Rachel Stevens,Crazy Boys,,,,,,,
Gregory And The Hawk,Isabelle,,,,,,,
Kelly Clarkson,Maybe,,,,,,,
Gregory And The Hawk,A Wish,,,,,,,
Mr. Bungle,Goodbye Sober Day,,,,,,,
Ac/Dc,The Honey Roll,,,,,,,
Seeed,Goosebumps,,,,,,,
Demi Lovato,The Middle,,,,,,,
Aphex Twin,[Grass],,,,,,,
Wagon Christ,Bend Over,,,,,,,
The Beatles,Ain'T She Sweet,,,,,,,
Matchbox Twenty,3 A.M.,,,,,,,
Matchbox Twenty,Unwell (Live Acoustic),,,,,,,
Boards Of Canada,Dayvan Cowboy (Odd Nosdam Remix),,,,,,,
The Veronicas,Hook Me Up,,,,,,,
3 Doors Down,Never Will I Break,,,,,,,
Jack Off Jill,Cinnamon Spider,,,,,,,
Matchbook Romance,Promise,,,,,,,
Wu-Tang Clan,Take It Back,,,,,,,
Matchbox Twenty,Busted,,,,,,,
Armin Van Buuren,Face To Face,,,,,,,
The Mountain Goats,Going To Georgia,0.6,0.4,0.2,0.2,0.6,0.6,0.0
Paul Van Dyk,Another Way,,,,,,,
Television Personalities,Part Time Punks,,,,,,,
Slayer,God Send Death,,,,,,,
Jack Johnson,Broken,,,,,,,
Jack Peñate,Learning Lines,,,,,,,
John Maus,Love Letters From Hell,,,,,,,
Ben Folds,Bitches Ain'T Shit (Dr. Dre),,,,,,,
Helloween,Keeper Of The Seven Keys,,,,,,,
Hellogoodbye,Dear Jamie... Sincerely Me,,,,,,,
Hellogoodbye,Touchdown Turnaround (Demo),,,,,,,
The Most Serene Republic,(Oh) God,,,,,,,
The Prodigy,Speedway (Theme From Fastlane),,,,,,,
Nickelback,Follow You Home,,,,,,,
Estelle,So Much Out The Way,,,,,,,
Helloween,If I Could Fly,,,,,,,
Ac/Dc,Love Hungry Man,,,,,,,
Estelle,American Boy (Ts7 Remix),,,,,,,
The Alan Parsons Project,A Dream Within A Dream (Instrumental),,,,,,,
Shriekback,Nemesis,,,,,,,
The Airborne Toxic Event,Missy,,,,,,,
Chicane,Saltwater,,,,,,,
Embrace,All You Good Good People,,,,,,,
The Books,S Is For Evrysing,,,,,,,
有坂美香,Life Goes On Tv-Size Type3,,,,,,,
Mastodon,Workhorse,,,,,,,
Mates Of State,Fraud In The '80S,,,,,,,
Audioslave,Number 1 Zero,,,,,,,
Frank Sinatra,They Can'T Take That Away From Me,,,,,,,
Cynic,The Eagle Nature,,,,,,,
Ac/Dc,Boogie Man,,,,,,,
Värttinä,Morsian,,,,,,,
And One,Stand The Pain,,,,,,,
And One,My Story,,,,,,,
Motörhead,Fast And Loose,,,,,,,
Motörhead,Killed By Death,,,,,,,
Bedouin Soundclash,12:59 Lullaby,,,,,,,
Bright Eyes,God Rest Ye Merry Gentlemen,,,,,,,
Ensiferum,Old Man (Väinämöinen),,,,,,,
Colleen,I'Ll Read You A Story,,,,,,,
And One,Enjoy The Unknown,,,,,,,
Badly Drawn Boy,S.P.A.T.,,,,,,,
Deep Purple,Flight Of The Rat,,,,,,,
Plastilina Mosh,Millionaire,,,,,,,
David Bowie,The Bewlay Brothers,,,,,,,
John Maus,Navy Seals,,,,,,,
Plants And Animals,Good Friend,,,,,,,
U2,Ultra Violet (Light My Way),,,,,,,
John Maus,Do Your Best,,,,,,,
Jacques Brel,Amsterdam,,,,,,,
Os Mutantes,Senhor F,,,,,,,
Frank Zappa,Bobby Brown Goes Down,,,,,,,
Oscar Peterson,Summertime,,,,,,,
Ryan Adams,This House Is Not For Sale,,,,,,,
Frankmusik,Better Off As Two,,,,,,,
The Stills,Destroyer,,,,,,,
Velvet,Fix Me (Radio Edit),,,,,,,
The Stills,Ready For It,,,,,,,
Matt Monro,From Russia With Love,,,,,,,
Matt & Kim,Daylight,,,,,,,
The Bouncing Souls,Midnight Mile,,,,,,,
Dead Meadow,Get Up On Down,,,,,,,
Slayer,Fight Till Death,,,,,,,
Limp Bizkit,Getcha Groove On,,,,,,,
John Legend,Green Light (Feat. Andre 3000),,,,,,,
Someone Still Loves You Boris Yeltsin,Gwyneth,,,,,,,
Division #9,Winter '04,,,,,,,
Deep Dish,Dreams (Feat. Stevie Nicks),,,,,,,
Talulah Gosh,Beatnik Boy,,,,,,,
Unkle,Broken (Feat. Gavin Clark),,,,,,,
Bright Eyes,Contrast And Compare,,,,,,,
Nico,Chelsea Girls,,,,,,,
Shpongle,Vapour Rumours,,,,,,,
Motörhead,Born To Raise Hell,,,,,,,
Kent,Klåparen,,,,,,,
Shpongle,Circuits Of The Imagination,,,,,,,
Eternal Tears Of Sorrow,Heart Of Wilderness,,,,,,,
Kent,Om Du Var Här,,,,,,,
Aphrodelics,Rollin' On Chrome (Wild Motherfucker Dub),0.4,0.6,0.2,0.4,0.8,0.4,0.6
Esthero,Fastlane (Feat. Jemeni And Jelleestone),,,,,,,
Straylight Run,Hands In The Sky (Big Shot),0.6,0.6,0.4,0.4,0.8,0.4,0.6
Audion,Just Fucking (Roman Flügel'S 23 Positions In A One-Night Stand Remix),,,,,,,
Freak Kitchen,See You In Pittsburgh,,,,,,,
Senses Fail,Lady In A Blue Dress,,,,,,,
Ryan Adams,Please Do Not Let Me Go,,,,,,,
The Stills,Being Here,,,,,,,
Lily Allen,Oh My God (Kaiser Chiefs Cover),,,,,,,
Semifinalists,You Said,,,,,,,
Senses Fail,Bite To Break Skin,,,,,,,
Matt Pond Pa,Emblems,0.6,0.6,0.6,0.8,0.2,0.4,0.4
Semiramis Pekkan,Bana Yalan Söylediler,,,,,,,
The Gathering,The Quiet One,,,,,,,
Daniel Johnston,Impossible Love,,,,,,,
Idlewild,Idea Track,,,,,,,
Chikinki,Like It Or Leave It,,,,,,,
Kent,Velvet,,,,,,,
Idlewild,I Don'T Have The Map,,,,,,,
Radiohead,Life In A Glasshouse,,,,,,,
The White Stripes,Your Southern Can Is Mine,,,,,,,
Kent,Celsius,,,,,,,
Bright Eyes,Devil Town,,,,,,,
Graveworm,Hateful Design,,,,,,,
The Projects,Entertainment,,,,,,,
Gravediggaz,1-800 Suicide,,,,,,,
John Lennon,Crippled Inside,,,,,,,
John Frusciante,This Cold,,,,,,,
Radiohead,Sail To The Moon.,,,,,,,
Grapefruit,Another Game,,,,,,,
Bôa,Duvet (Tv Sized),,,,,,,
The Early November,Sunday Drive,,,,,,,
Pavement,Fillmore Jive,,,,,,,
Pavement,Flux = Rad,,,,,,,
Tiamat,Ten Thousand Tentacles,,,,,,,
Ben Folds Five,Alice Childress,,,,,,,
Pavement,Extradition,,,,,,,
Max Richter,Shadow Journal,,,,,,,
Orchestral Manoeuvres In The Dark,Firegun,,,,,,,
Orchestral Manoeuvres In The Dark,Statues,,,,,,,
Jaga Jazzist,Oslo Skyline,,,,,,,
Bob Dylan,One Too Many Mornings,,,,,,,
Matt Pond Pa,The Moviegoer,,,,,,,
Blackmore'S Night,Loreley,0.8,0.6,0.6,0.8,0.2,0.2,0.6
Max Richter,Flowers For Yulia,,,,,,,
Maurice Williams And The Zodiacs,Stay,,,,,,,
Ryan Adams,English Girls Approximately,,,,,,,
Freak Kitchen,Infidelity Ghost,,,,,,,
Matt Pond Pa,Several Arrows Later,,,,,,,
Ryan Adams,Gonna Make You Love Me,,,,,,,
Motion City Soundtrack,Last Night,,,,,,,
The Modern Lovers,Pablo Picasso,,,,,,,
John Frusciante,Leap Your Bar,,,,,,,
Yo La Tengo,From Black To Blue,,,,,,,
The Migrants By Play Paul,I Thought That (Dj Prom Mix),,,,,,,
John Frusciante,Someone'S,,,,,,,
Andrea Bocelli,Time To Say Goodbye,,,,,,,
Motion City Soundtrack,Together We'Ll Ring In The New Year,,,,,,,
Absurd Minds,Captivated,,,,,,,
Grandaddy,Pull The Curtains,,,,,,,
The Protomen,Unrest In The House Of Light,,,,,,,
Absurd Minds,The Question,,,,,,,
Plaid,Ralome,,,,,,,
The Cure,The Dream,,,,,,,
Placebo,Passive Agressive,,,,,,,
Plaid,Eyen,,,,,,,
Hevein,Hold Fast,,,,,,,
John Frusciante,Inside A Break,,,,,,,
Hevein,Only Human,,,,,,,
Suzi Quatro,Devil Gate Drive,,,,,,,
Devo,Praying Hands,,,,,,,
Dixie Chicks,Favorite Year,,,,,,,
Story Of The Year,Page Avenue,,,,,,,
Dixie Chicks,Lullaby,,,,,,,
The Breeders,Huffer,,,,,,,
Rush,By-Tor And The Snow Dog,,,,,,,
Rush,Best I Can,,,,,,,
Rush,Different Strings,,,,,,,
Maxïmo Park,Sandblasted And Set Free,,,,,,,
Lifehouse,Undone,,,,,,,
Mazarin,For Energy Infinite,,,,,,,
Rush,Lakeside Park,,,,,,,
Children Of Bodom,Cryvahoc: Repent,,,,,,,
The Gathering,Monsters,,,,,,,
Elitsa Todorova And Stoyan Yankoukov,Water (Bulgaria),,,,,,,
Alanis Morissette,King Of Pain,,,,,,,
Alanis Morissette,Knees Of My Bees,,,,,,,
U2,Spanish Eyes,,,,,,,
Maxïmo Park,Fear Of Falling,,,,,,,
Caia,Le Telecabine,,,,,,,
Ashley Tisdale,Don'T Touch,,,,,,,
The Microphones,The Mansion,,,,,,,
Graham Coxon,Girl Done Gone,,,,,,,
The Mighty Boosh,Love Games,,,,,,,
Graham Coxon,No Good Time,,,,,,,
Kettcar,Einer,,,,,,,
Soilwork,Neon Rebels,,,,,,,
Dendemann,Endlich Nichtschwimmer,,,,,,,
Beck,Steal My Body Home,0.4,0.4,0.8,0.6,0.6,0.4,0.2
The Cure,Tainted Love,,,,,,,
The Cure,The 13Th,,,,,,,
Touch And Go,Straight To... Number One,,,,,,,
John Dahlbäck,Pyramid (Dirty South Remix),,,,,,,
Decoration,Job In London,,,,,,,
Andrew Bird,Skin,,,,,,,
Bent,Stay Out All Night,,,,,,,
Alanis Morissette,Doth I Protest Too Much,,,,,,,
James,Out To Get You,,,,,,,
The Gathering,Fear The Sea,,,,,,,
The Spill Canvas,All Hail The Heartbreaker,,,,,,,
Slade,Get Down And Get With It,,,,,,,
The Specials,(Dawning Of A) New Era,,,,,,,
The Spill Canvas,Your Evil Soul,,,,,,,
Pearl Jam,Grievance,,,,,,,
Slowdive,Crazy For You,,,,,,,
Blackfield,The Hole In Me,,,,,,,
The Brian Jonestown Massacre,A New Low In Getting High,,,,,,,
Lifehouse,All In All,,,,,,,
Eels,Friendly Ghost,,,,,,,
Hevein,Worth Fighting For,,,,,,,
Yo La Tengo,Beach Party Tonight,,,,,,,
Siria,I Will Believe It (Cascada Radio Edit),,,,,,,
Soil,Pride,,,,,,,
Vnv Nation,Solitary,0.4,0.6,0.4,0.6,0.2,0.2,0.4
Dashboard Confessional,Turpentine Chaser,,,,,,,
Eurythmics,It'S Alright (Baby'S Coming Back),,,,,,,
Eternal Tears Of Sorrow,Prophetian,,,,,,,
The Psychedelic Furs,Sister Europe,,,,,,,
The Album Leaf,Red-Eye,,,,,,,
Mos Def,I Against I,,,,,,,
Arab Strap,The Shy Retirer,,,,,,,
Ian Brown,Time Is My Everything,,,,,,,
Gotan Project,La Del Ruso,,,,,,,
Ramones,Durango 95,,,,,,,
Opeth,The Lotus Eater,,,,,,,
Emilie Autumn,Bohemian Rhapsody,,,,,,,
Rui Da Silva,Touch Me,,,,,,,
Mclusky,Without Msg I Am Nothing,,,,,,,
Travis,Mid-Life Krysis,,,,,,,
Slade,Far Far Away,,,,,,,
X-Press,Lazy,0.6,0.6,0.8,0.8,0.4,0.4,0.6
増田俊郎,Bad Situation,,,,,,,
Peaches,Lovertits,,,,,,,
James,Five-O,,,,,,,
The Brian Jonestown Massacre,Fucker,,,,,,,
Meat Loaf,Wasted Youth,,,,,,,
The Gathering,In Motion #1,,,,,,,
James Morrison,This Boy,,,,,,,
Casiotone For The Painfully Alone,Hey Eleanor,,,,,,,
The Pussycat Dolls,Bite The Dust,,,,,,,
Morrissey,Sister I'M A Poet,,,,,,,
Azure Ray,The Devil'S Feet,,,,,,,
Combichrist,New Form Of Silence,0.4,0.6,0.2,0.2,1.0,0.4,0.4
Ramones,Wart Hog,,,,,,,
Combichrist,In The Pit,,,,,,,
Timbuktu & Chords & Supreme,Det Löser Sej,,,,,,,
Combichrist,Brain Bypass,,,,,,,
The Cure,Open,,,,,,,
Mors Principium Est,Inhumanity,,,,,,,
City And Colour,... Off By Heart,,,,,,,
Hey,Sans Toi,,,,,,,
Yo La Tengo,A Worrying Thing,,,,,,,
Deathstars,Semi-Automatic,,,,,,,
John Coltrane,Cousin Mary,,,,,,,
Anna Ternheim,Little Lies,,,,,,,
Frida Sandén,Nu Eller Aldrig (Live Junior Eurovision Song Contest 2007 Final),,,,,,,
The View,Comin' Down,,,,,,,
Operation Ivy,Sound System,,,,,,,
Fresh,The Immortal,,,,,,,
Freestylers,Push Up,,,,,,,
Frida Hyvönen,I Drive My Friend,,,,,,,
Trivium,The End Of Everything,,,,,,,
Cascada,Perfect Day (Digital Dog Remix),,,,,,,
Opeth,By The Pain I See In Others,,,,,,,
Mediæval Bæbes,Isabella,,,,,,,
Opeth,Requiem,,,,,,,
Opeth,Patterns In The Ivy Ii,,,,,,,
Morrissey,Break Up The Family,,,,,,,
The Killers,Mr. Brightside (Jacques Lu Cont'S Thin White Duke Remix),,,,,,,
Jamie Cullum,I Could Have Danced All Night,0.6,0.8,0.4,0.8,0.2,0.2,0.6
Jamie Lidell,Out Of My System,,,,,,,
Arab Strap,Confessions Of A Big Brother,,,,,,,
Shirley Bassey,Big Spender,,,,,,,
Eva Cassidy,Wayfaring Stranger,,,,,,,
Nightwish,The Islander (Instrumental),,,,,,,
Nightwish,The Kinslayer (Live),,,,,,,
Émilie Simon,Rose Hybride De Thé,,,,,,,
Shitdisco,3D Sex Show,,,,,,,
Ramones,She'S The One,,,,,,,
Khoiba,Pathetic,,,,,,,
Khoiba,Pure Hands,,,,,,,
Brian Eno,Little Fishes,,,,,,,
Björk,I Go Humble,,,,,,,
Émilie Simon,Il Pleut,,,,,,,
Chiodos,The Words 'Best Friend' Become Redefined,,,,,,,
The Game,Put You On The Game,,,,,,,
Bent,As Seen From Space,,,,,,,
Small Faces,The Journey,,,,,,,
Small Faces,What'Cha Gonna Do About It,,,,,,,
Small Faces,Sha La La La Lee,,,,,,,
Leonel Nunes,O Bombeiro,,,,,,,
The Sonics,Psycho,,,,,,,
Sepultura,Breed Apart,,,,,,,
Chiodos,All Nereids Beware,,,,,,,
Mediengruppe Telekommander,Was Ganz Feines,,,,,,,
Megadeth,Architecture Of Aggression,,,,,,,
Bob Sinclar,What I Want,,,,,,,
Pixies,In Heaven (Lady In The Radiator Song),,,,,,,
Sepultura,Inner Self,,,,,,,
Fantômas,One Step Beyond,,,,,,,
Sepultura,Dusted,,,,,,,
Medeski Martin And Wood,Chubb Sub,,,,,,,
Pixies,Manta Ray,,,,,,,
Pixies,Lovely Day,,,,,,,
Caliban,The Beloved And The Hatred,,,,,,,
Circle Takes The Square,Non-Objective Portrait Of Karma,,,,,,,
Califone,Don'T Let Me Die Nervous,,,,,,,
Alva Noto + Ryuichi Sakamoto,Aurora,,,,,,,
Death Cab For Cutie,Title And Registration (Original Version),,,,,,,
Rancid,Hooligans,,,,,,,
Eels,Tiger In My Tank,,,,,,,
High And Mighty Color,Style - Get Glory In This Hand,,,,,,,
Rancid,Hyena,,,,,,,
Hi_Tack,Say Say Say (Waiting 4 U),,,,,,,
Beck,Fuckin With My Head (Mountain Dew Rock),,,,,,,
The Cure,Lost,,,,,,,
Goose,Modern Vision,,,,,,,
Abney Park,Stigmata Martyr,,,,,,,
Melanie C,Lose Myself In You,,,,,,,
Melvins,Blood Witch,,,,,,,
Lenny Kravitz,Mr. Cab Driver,,,,,,,
Megadeth,The Conjuring,,,,,,,
Frightened Rabbit,Bright Pink Bookmark,,,,,,,
Frog Eyes,Bushels,,,,,,,
Crystal Stilts,Shattered Shine,,,,,,,
Crystal Stilts,Crystal Stilts,,,,,,,
Leonard Cohen,Take This Longing,,,,,,,
Roxy Music,Out Of The Blue,,,,,,,
50 Cent,Ayo Technology (Feat. Justin Timberlake & Timbaland),,,,,,,
Roxy Music,The Space Between,,,,,,,
Bauhaus,Antonin Artaud,,,,,,,
Small Faces,The Hungry Intruder,,,,,,,
Roxy Music,While My Heart Is Still Beating,,,,,,,
Smash Mouth,Diggin' Your Scene,,,,,,,
Cascada,Truly Madly Deeply (Uk Radio Edit),,,,,,,
Teddybears Sthlm & Mad Cobra,Cobrastyle,,,,,,,
Meligrove Band,Everyone'S A Winner,,,,,,,
Dj Shadow,Changeling / Transmission 1,,,,,,,
Leo Quinteros,Invisibilidad,,,,,,,
Xiu Xiu,Fabulous Muscles (Mama Black Widow Version),,,,,,,
Stevie Ray Vaughan,Love Struck Baby,,,,,,,
Xiu Xiu,Clowne Towne,,,,,,,
Bad Religion,Flat Earth Society,,,,,,,
Jan Hammer,Crockett'S Theme,,,,,,,
Jan Jelinek,Do Dekor,,,,,,,
Elio E Le Storie Tese,Suicidio A Sorpresa: Allegro,,,,,,,
Elio E Le Storie Tese,Plafone,,,,,,,
Roxette,Stars,,,,,,,
One Night Only,Just For Tonight,,,,,,,
Roxette,June Afternoon,,,,,,,
The Byrds,One Hundred Years From Now,,,,,,,
The Bumblebeez,Vila Attack (M83 Remix),,,,,,,
Bauhaus,Dive,,,,,,,
Devendra Banhart,Pumpkin Seeds,,,,,,,
Melanie C,Water,,,,,,,
To/Die/For,Together Complete,,,,,,,
Roxy Music,In Every Dream Home A Heartache,,,,,,,
Killing The Dream,Picking Up The Pieces,,,,,,,
Moonspell,Upon The Blood Of Men,,,,,,,
The Cure,Faith,,,,,,,
Moonsorrow,Karhunkynsi,,,,,,,
The Cure,Foxy Lady,,,,,,,
Gomez,Get Myself Arrested,,,,,,,
Uncle Tupelo,Graveyard Shift,,,,,,,
Pixies,Dancing The Manta Ray,,,,,,,
Death In Vegas,Leather,,,,,,,
Death In Vegas,Soul Auctioneer,,,,,,,
Enigma,Total Eclipse Of The Moon,,,,,,,
Brian Eno,2/1,,,,,,,
Enigma,Turn Around,,,,,,,
Led Zeppelin,South Bound Saurez,,,,,,,
The Magnetic Fields,Parades Go By,,,,,,,
Engenheiros Do Hawaii,Piano Bar,,,,,,,
Mercyful Fate,Gypsy,,,,,,,
Le Sport,Business Girls,,,,,,,
Danny Elfman,Jack'S Obsession,,,,,,,
Barbara Morgenstern,Alles Was Lebt Bewegt Sich,,,,,,,
Terence Trent D'Arby,Wishing Well,0.8,0.8,0.6,0.8,0.4,0.2,0.6
Lemon Demon,The Ultimate Showdown Of Ultimate Destiny,,,,,,,
Anna Järvinen,Götgatan,,,,,,,
The B-52'S,Lava,,,,,,,
Danny Elfman,Castle On The Hill,,,,,,,
Mellowdrone,Fashionably Uninvited,,,,,,,
Danny Elfman,Into The Forest,,,,,,,
Jane'S Addiction,Mountain Song,,,,,,,
Tenhi,Varpuspäivä,,,,,,,
David Thomas Broughton,Unmarked Grave,,,,,,,
The Smithereens,Behind The Wall Of Sleep,,,,,,,
Joe Satriani,I Believe,,,,,,,
Nine Inch Nails,33 Ghosts Iv,,,,,,,
Molly Sandén,Så Vill Stjärnorna,,,,,,,
Nina Simone,Ne Me Quitte Pas,,,,,,,
Kingston Wall,Palékastro,,,,,,,
Tori Amos,Angels,,,,,,,
Kiss,Goin' Blind,,,,,,,
Abc,All Of My Heart,,,,,,,
King Tubby,Roots Of Dub,,,,,,,
Mono,Yearning,,,,,,,
Andrés Calamaro,Te Quiero Igual,,,,,,,
Bebel Gilberto,Sem Contenção,,,,,,,
I Am Kloot,The Stars Look Familiar,,,,,,,
King Crimson,Walking On Air,,,,,,,
Alkaline Trio,Sadie,,,,,,,
Timo Maas,Pictures,,,,,,,
Biffy Clyro,The Conversation Is...,0.6,0.8,0.4,0.6,0.6,0.4,0.6
The Smashing Pumpkins,Neverlost,,,,,,,
The Kinks,Big Sky,,,,,,,
Cartel,Last Chance,,,,,,,
Rosa,Europe'S Living A Celebration,,,,,,,
Fucked Up,No Epiphany,,,,,,,
Biffy Clyro,The Go-Slow,,,,,,,
Metallica,2 X 4,,,,,,,
The Smashing Pumpkins,Mayonaise (Acoustic),,,,,,,
Rose Royce,Car Wash,,,,,,,
Fucked Up,Crusades,,,,,,,
Leftfield,Black Flute,,,,,,,
The Radio Dept.,Sleeping In,,,,,,,
Baustelle,Charlie Fa Surf,,,,,,,
Dragonette,Black Limousine,,,,,,,
Ray Charles,I'Ve Got A Woman,,,,,,,
Spoon,Back To The Life,,,,,,,
Bree Sharp,David Duchovny,,,,,,,
Eve 6,Promise,,,,,,,
Evanescence,I Must Be Dreaming,,,,,,,
Evanescence,October,,,,,,,
Sébastien Tellier,Fingers Of Steel,,,,,,,
Vision Divine,The 25Th Hour,,,,,,,
Ray Lamontagne,All The Wild Horses,,,,,,,
Nine Inch Nails,Metal,,,,,,,
The Album Leaf,Wherever I Go,,,,,,,
Shinedown,Burning Bright,,,,,,,
The Maccabees,Mon Aventure,,,,,,,
The Maccabees,Tissue Shoulders,,,,,,,
Ciara Feat. Chamillionaire,Get Up,,,,,,,
Lauryn Hill,Ex Factor,,,,,,,
Devendra Banhart,Cripple Crow,,,,,,,
Anja Garbarek,The Last Trick,,,,,,,
Fugazi,Birthday Pony,,,,,,,
Cro-Mags,World Peace,,,,,,,
Devendra Banhart,Legless Love...,,,,,,,
Fugazi,Epic Problem,,,,,,,
U2,Peace On Earth,,,,,,,
Devendra Banhart,Freely,,,,,,,
Alkaline Trio,I'M Dying Tomorrow,,,,,,,
Ash,Walking Barefoot,,,,,,,
Alkaline Trio,Fatally Yours,,,,,,,
The Fall Of Troy,Problem!?,,,,,,,
Whitesnake,Children Of The Night,,,,,,,
Yellowcard,Inside Out,,,,,,,
Έλενα Παπαρίζου,Min Fevgis,,,,,,,
Έλενα Παπαρίζου,Heroes,,,,,,,
The Crüxshadows,Sophia,,,,,,,
Circa Survive,Wish Resign,,,,,,,
Circa Survive,The Glorious Nosebleed,,,,,,,
Andy Mckee,Practice Is Perfect,,,,,,,
The Fall,Living Too Late,,,,,,,
Vision Divine,My Angel Died,,,,,,,
Mojave 3,Truck Driving Man,,,,,,,
The Radio Dept.,The City Limit,,,,,,,
The Cribs,You & I,,,,,,,
Ray Parker Snr.,Ghostbusters,,,,,,,
The Weepies,Wish I Could Forget,,,,,,,
Mokoma,Minä Elän!,,,,,,,
Tragedy,Vengeance,,,,,,,
Az,At Night,,,,,,,
Kling Klang,Vander,,,,,,,
System Of A Down,Version 7-0,,,,,,,
Klaxons,The Night,,,,,,,
The Radio Dept.,What Will Give?,,,,,,,
Mokoma,Irvikuva,,,,,,,
Conjure One,Manic Star,,,,,,,
The Rakes,Leave The City And Come Home,,,,,,,
Έλενα Παπαρίζου,The Game Of Love,,,,,,,
Tones On Tail,Go!,,,,,,,
The Feeling,Turn It Up,,,,,,,
Atb,Feel Alive,,,,,,,
Everclear,Amphetamine,0.6,0.6,0.2,0.4,0.8,0.4,0.6
The Weepies,How You Survived The War,,,,,,,
Klaxons,Atlantis To Interzone (Metronomy Remix),,,,,,,
The All-American Rejects,Don'T Leave Me,,,,,,,
God Is An Astronaut,Frozen Twilight,,,,,,,
Whitesnake,Give Me More Time,,,,,,,
Bikini Kill,Demirep,,,,,,,
The Feelies,When Company Comes,,,,,,,
Pere Ubu,Life Stinks,,,,,,,
Håkan Hellström,Dom Kommer Kliva På Dig Igen,,,,,,,
Pet Shop Boys,Jealousy,,,,,,,
Elena,Before I Sleep (Frank Knebel Remix),,,,,,,
Smokie,Living Next Door To Alice,,,,,,,
Metallica,Damage Case,0.4,0.8,0.2,0.4,1.0,0.4,0.2
Crime In Stereo,The Impending Glory Of American Adulthood,,,,,,,
Smolik,Cye,,,,,,,
Metallica,Killing Time,,,,,,,
Fugazi,Public Witness Program,,,,,,,
Fujiya & Miyagi,Goosebumps,,,,,,,
The Chalets,Sexy Mistake,,,,,,,
Fugazi,Turnover,,,,,,,
Okkervil River,Love To A Monster,0.6,0.6,0.8,0.6,0.4,0.4,0.4
Crime In Stereo,Bicycles For Afghanistan,,,,,,,
Old 97'S,Jagged,,,,,,,
Jason Mraz,The Boy'S Gone,,,,,,,
Pet Shop Boys,The Way It Used To Be,,,,,,,
Barbara Morgenstern,Das Schöne Einheitsbild,,,,,,,
Pet Shop Boys,All Over The World,,,,,,,
Seraphim Shock,Some Sick Dream,0.6,0.8,0.4,0.6,0.8,0.2,0.4
Metric,Dead Disco (Kylie Kills Mix),,,,,,,
Metallica,Shoot Me Again,,,,,,,
Laura Veirs,Magnetized,,,,,,,
Metallica,The Small Hours,,,,,,,
Serge Gainsbourg,Docteur Jekyll Et Monsieur Hyde,,,,,,,
Danny Elfman,The Cookie Factory,,,,,,,
Laurent Wolf,No Stress,,,,,,,
The Automatic,Team Drama,,,,,,,
Apollo 440,Krupa,0.6,0.6,0.4,0.4,0.8,0.4,0.6
Chris Cornell,She'Ll Never Be Your Man,,,,,,,
Metricks,Merci - Feat. Lisa T,,,,,,,
Camille,Senza,,,,,,,
Hypocrisy,Unfold The Sorrow,,,,,,,
The Lovely Feathers,Frantic,,,,,,,
Camel,The Great Marsh,,,,,,,
Nirvana,Big Long Now,,,,,,,
Nitin Sawhney,Sunset,,,,,,,
The Crazy World Of Arthur Brown,Fire,,,,,,,
The Cranberries,Waltzing Back,,,,,,,
The Rasmus,First Day Of My Life,,,,,,,
Klimt 1918,Lomo,,,,,,,
Camille,Paris,,,,,,,
Modest Mouse,Medication,,,,,,,
Gnarls Barkley,Whatever,,,,,,,
Jimmy Eat World,Nothingwrong,,,,,,,
Télépopmusik,Animal Man,,,,,,,
Skalpel,Konfusion,,,,,,,
Bomfunk Mc'S,Uprocking Beats,,,,,,,
Laura Marling,Shine,,,,,,,
Black Sabbath,The Writ,,,,,,,
Romeo Void,Never Say Never,,,,,,,
Late Night Alumni,Empty Streets,,,,,,,
ムック,Waga Arubeki Basho,,,,,,,
Creedence Clearwater Revival,Molina,,,,,,,
Rogue Wave,Catform,,,,,,,
Eminem,Kill You,,,,,,,
Gabriel & Dresden,Let Go,,,,,,,
Eminem,Cleaning Out My Closet,,,,,,,
Testament,Legions Of The Dead,,,,,,,
Testament,3 Days In Darkness,,,,,,,
Testament,Allegiance,,,,,,,
Pet Shop Boys,Casanova In Hell,,,,,,,
Test Icicles,Catch It!,,,,,,,
Test Icicles,What'S Your Damage? (Braxe/Falke Remix),,,,,,,
Okkervil River,Yellow,,,,,,,
Camp Rock,This Is Me,,,,,,,
Skindred,Selector,,,,,,,
Skinny Puppy,Amnesia,,,,,,,
Skid Row,Sweet Little Sister,,,,,,,
Yeah Yeah Yeahs,Y Control (The Faint Remix),,,,,,,
A. R. Rahman,Riots,,,,,,,
Ayọ,Watching You,,,,,,,
Evo Trio,Green Dolphin Street(2007),,,,,,,
The American Analog Set,Like Foxes Through Fences,,,,,,,
A.C. Newman,35 In The Shade,,,,,,,
Gloria Estefan,Conga,,,,,,,
The Cranberries,Pretty Eyes,,,,,,,
The Cranberries,Loud And Clear,,,,,,,
Al Green,I Can'T Get Next To You,,,,,,,
Thunderbirds Are Now!,To: Skulls,,,,,,,
Thunderbirds Are Now!,From: Skulls,,,,,,,
Jawbreaker,Accident Prone,,,,,,,
Lasgo,Out Of My Mind (Radio Edit),,,,,,,
Mewithoutyou,Silencer,,,,,,,
Rock Kills Kid,Midnight,,,,,,,
A. R. Rahman,Mausam & Escape,,,,,,,
Rocco,I Don'T Know,,,,,,,
Kmfdm,Search & Destroy,,,,,,,
The Raveonettes,With My Eyes Closed,,,,,,,
Red Carpet,Alright,,,,,,,
Red Hot Chili Peppers,Buckle Down,,,,,,,
Violator,Atomic Nightmare,,,,,,,
Red House Painters,Grace Cathedral Park,,,,,,,
Violent Femmes,Jesus Walking On The Water,,,,,,,
Moby,James Bond Theme,,,,,,,
Aterciopelados,Complemento,,,,,,,
Glasvegas,S.A.D. Light,,,,,,,
Moby,I'M In Love,,,,,,,
Atb,Intencity,0.6,0.6,0.8,0.8,0.2,0.2,0.4
Red House Painters,Helicopter [Demo],,,,,,,
Red House Painters,Moments,,,,,,,
Depeche Mode,It Doesn'T Matter,,,,,,,
Moby,Evening Rain,,,,,,,
Contemporary Noise Quintet,Goodbye Monster,,,,,,,
The Reindeer Section,Budapest,,,,,,,
Jimi Hendrix,Wait Until Tomorrow,,,,,,,
No Doubt,You Can Do It,,,,,,,
Glass Candy,Miss Broadway (Belle Epoque),,,,,,,
Air France,Windmill Wedding,,,,,,,
Korn,Dead,0.4,0.6,0.4,0.2,0.8,0.4,0.2
Brakes,Jackson,,,,,,,
Korn,Deep Inside,,,,,,,
Air Traffic,Never Even Told Me Her Name,,,,,,,
Nofx,Leave It Alone,,,,,,,
Yazoo,Situation,,,,,,,
Seu Jorge,Five Years,,,,,,,
Galaxie 500,When Will You Come Home,,,,,,,
Robin Thicke,Magic,,,,,,,
Galaxie 500,Plastic Bird,,,,,,,
Bon Jovi,Never Say Goodbye,,,,,,,
The Sins Of Thy Beloved,Worthy Of You,,,,,,,
Fall Out Boy,America'S Suitehearts,,,,,,,
Axwell Feat. Steve Edwards,Watch The Sunrise,,,,,,,
Stereolab,Emperor Tomato Ketchup,,,,,,,
Stereolab,Spark Plug,,,,,,,
Pete Philly & Perquisite,Insomnia,0.6,0.8,0.4,0.8,0.2,0.4,0.6
Black Sabbath,Never Say Die,,,,,,,
The Frames,Underglass,,,,,,,
Jawbreaker,Boxcar,,,,,,,
Apoptygma Berzerk,Backdraft,,,,,,,
The Frames,Happy,,,,,,,
The Sins Of Thy Beloved,The Kiss,,,,,,,
Sneaker Pimps,Waterbaby,,,,,,,
Skid Row,Psycho Love,,,,,,,
End Of Fashion,O Yeah,,,,,,,
Kotiteollisuus,+-0,,,,,,,
A-Ha,Cosy Prisons,,,,,,,
Bragga,Dagga Dat,,,,,,,
Down,Lifer,,,,,,,
Glass Candy,Geto Boys (Drums),,,,,,,
Girls Aloud,Wake Me Up,,,,,,,
Girls Aloud,Untouchable,,,,,,,
Girls Aloud,Some Kind Of Miracle,,,,,,,
Copeland,Choose The One Who Loves You More,,,,,,,
System Of A Down,Snowblind,,,,,,,
Girls Aloud Vs. Sugababes,Walk This Way,,,,,,,
Download,Bell Ringoor,,,,,,,
Pinback,Anti-Hu,,,,,,,
Electronic,The Patience Of A Saint,,,,,,,
Thin Lizzy,Don'T Believe A Word,,,,,,,
The Knife,We Share Our Mothers' Health (Original Version),,,,,,,
Ohgr,Three,,,,,,,
Robby Poitevin,Bubba Dub Bossa,,,,,,,
The Shortwave Set,Yr Room,,,,,,,
The Shortwave Set,Slingshot,,,,,,,
The Associates,Party Fears Two,,,,,,,
Lamb,Closer,,,,,,,
Robert Johnson,When You Got A Good Friend,,,,,,,
Gang Of Four,Cheeseburger,,,,,,,
The Charlatans,White Shirt,,,,,,,
The Fiery Furnaces,Japanese Slippers,,,,,,,
Babyshambles,What Katy Did Next,,,,,,,
El-P,Up All Night,,,,,,,
The Fiery Furnaces,Duplexes Of The Dead,,,,,,,
Pinback,3X0,,,,,,,
The Coral,In The Forest,,,,,,,
Kraftwerk,Titanium,,,,,,,
Relient K,Bite My Tongue,,,,,,,
Relient K,The Best Thing,,,,,,,
The Rolling Stones,Back Of My Hand,,,,,,,
The Rocket Summer,Never Knew,,,,,,,
Missing Persons,Words,,,,,,,
