artist_name,track_name,Vocal Register,Vocal Timbre Thin to Full,Vocal Breathiness,Vocal Smoothness,Vocal Grittiness,Vocal Nasality,Vocal Accompaniment
Robbie Williams,I Will Talk And Hollywood Will Listen,0.6,0.8,0.4,1.0,0.2,0.2,0.4
New Order,Guilt Is A Useless Emotion,0.6,0.6,0.4,0.8,0.2,0.4,0.6
Negative,Planet Of The Sun,0.6,0.8,0.4,0.6,0.8,0.2,0.6
The Chemical Brothers,Come With Us,0.6,0.4,0.6,0.8,0.2,0.4,0.2
Travis,Safe,0.6,0.6,0.6,0.8,0.2,0.4,0.4
Los Campesinos!,Drop It Doe Eyes,0.6,0.4,0.4,0.6,0.4,0.6,0.8
Van She,Strangers,0.6,0.6,0.8,0.8,0.2,0.4,0.6
Bob Dylan,Ain'T Talkin',0.4,0.6,0.4,0.2,0.8,0.8,0.0
Travis,She'S So Strange,,,,,,,
Londonbeat,I'Ve Been Thinking About You,,,,,,,
Chromeo,Rage!,,,,,,,
The Brunettes,Loopy Loopy Love,,,,,,,
Coldplay,Yellow (Acoustic Version),,,,,,,
Black Sabbath,Behind The Wall Of Sleep,,,,,,,
The Isley Brothers,That Lady,,,,,,,
Ra Ra Riot,Too Too Too Fast,,,,,,,
Flight Of The Conchords,Robots,,,,,,,
Flight Of The Conchords,Inner City Pressure,,,,,,,
Brand New,Magazines,,,,,,,
Pantera,10'S,,,,,,,
Mastodon,Crusher Destroyer,,,,,,,
Guru Josh Project,Infinity 2008 (Klaas Remix),,,,,,,
The Runaways,Cherry Bomb,,,,,,,
John Farnham,You'Re The Voice,,,,,,,
Late Of The Pier,The Enemy Are The Future,,,,,,,
Sloan,The Other Man,,,,,,,
Dead Or Alive,You Spin Me Round,,,,,,,
Joe Satriani,The Meaning Of Love,,,,,,,
The Bird And The Bee,La La La,0.8,0.4,0.8,1.0,0.0,0.4,0.6
Badly Drawn Boy,The Further I Slide,,,,,,,
The Virgins,Rich Girls,,,,,,,
Sister Sledge,We Are Family,,,,,,,
Beatsteaks,Monster,,,,,,,
Tiamat,Light In Extension,,,,,,,
Deerhoof,Chatterboxes,,,,,,,
Christina Aguilera,Understand,,,,,,,
Backyard Babies,Star War,,,,,,,
Depeche Mode,Tora! Tora! Tora!,,,,,,,
David Bowie,Station To Station,,,,,,,
Good Shoes,Blue Eyes,0.6,0.4,0.4,0.6,0.2,0.8,0.4
The Coral,Wildfire,,,,,,,
Refused,Protest Song '68,,,,,,,
Ensiferum,Treacherous Gods,,,,,,,
Clutch,The Regulator,,,,,,,
Lucinda Williams,Right In Time,,,,,,,
Rank 1,Airwave (Rank 1 Vs. Dutch Force Mix),,,,,,,
Behemoth,The Nephilim Rising,,,,,,,
Sons And Daughters,Hunt,,,,,,,
The Knife,We Share Our Mothers Health (Trentemøller Remix),,,,,,,
65Daysofstatic,Wax Futures,,,,,,,
Queen,Let Me Live,,,,,,,
Atmosphere,The Skinny,,,,,,,
Queen,Liar,,,,,,,
Megadeth,This Was My Life,,,,,,,
Joss Stone,Music (Feat. Lauryn Hill),,,,,,,
The Organ,There Is Nothing I Can Do,,,,,,,
Jimmy Eat World,Just Tonight...,,,,,,,
Lovage,To Catch A Thief,,,,,,,
Tiamat,Love In Chains,,,,,,,
Leftöver Crack,Rock The 40 Oz.,,,,,,,
Chemistry Set,New Hope Pa,0.6,0.6,0.4,0.8,0.4,0.4,0.6
Ane Brun,This Voice,,,,,,,
Rogue Wave,Lake Michigan,,,,,,,
Belle And Sebastian,Legal Man,,,,,,,
Creed,What'S This Life For,,,,,,,
Melanie C,Northern Star,,,,,,,
Thievery Corporation,Doors Of Perception (Feat. Gunjan),,,,,,,
Cat Stevens,The First Cut Is The Deepest,,,,,,,
Tristania,Lost,,,,,,,
Elvenking,Under The Tree Of Us'Dum,,,,,,,
Gary Numan,Are Friends Electric,,,,,,,
Rjd2,2 More Dead,,,,,,,
The Chameleons,Nostalgia,,,,,,,
Funkerman,Speed Up,,,,,,,
Funeral For A Friend,Walk Away,,,,,,,
The Chameleons,Second Skin,,,,,,,
The Notwist,Alphabet,,,,,,,
Kent,Before It All Ends,,,,,,,
Ac/Dc,Danger,,,,,,,
Kent,Elefanter,,,,,,,
Guano Apes,Rain,,,,,,,
The Crystal Method,Cherry Twist,,,,,,,
Slowdive,Waves,,,,,,,
Thrice,The Earth Will Shake,,,,,,,
The Fiery Furnaces,Up In The North,,,,,,,
Ulrich Schnauss,Blumenthal,,,,,,,
Hooverphonic,2Wicky,,,,,,,
Sloan,Someone That I Can Be True With,,,,,,,
Pulp,Dishes,,,,,,,
Morrissey,Mama Lay Softly On The Riverbed,,,,,,,
Morrissey,It'S Not Your Birthday Anymore,,,,,,,
Kamelot,Center Of The Universe,,,,,,,
Thievery Corporation,The State Of The Union,,,,,,,
My Brightest Diamond,The Robin'S Jar,,,,,,,
The All-American Rejects,Why Worry,,,,,,,
J Dilla,Stop,,,,,,,
No Doubt,Making Out,,,,,,,
No Doubt,Hey You,,,,,,,
Andrew Bird,Fitz And The Dizzyspells,,,,,,,
Stars Of The Lid,Even If You'Re Never Awake (Deuxième),,,,,,,
The Jimi Hendrix Experience,Third Stone From The Sun,,,,,,,
Mirah,Million Miles,,,,,,,
Tristania,Dementia,,,,,,,
Travis,U16 Girls,,,,,,,
Darkthrone,The Serpents Harvest,,,,,,,
Enigma,Shadows In Silence,,,,,,,
My Dying Bride,The Cry Of Mankind,,,,,,,
Stars Of The Lid,Even (Out) +,,,,,,,
The Jesus And Mary Chain,Gimme Hell,,,,,,,
Ben Harper,She'S Only Happy In The Sun,,,,,,,
The Jesus And Mary Chain,Cherry Came Too,,,,,,,
The Slits,Shoplifting,,,,,,,
Ben Harper,The Drugs Don'T Work,,,,,,,
Iron Maiden,Another Life,,,,,,,
Matchbox Twenty,Damn,,,,,,,
Stars,In Our Bedroom After The War,,,,,,,
Mirah,The Light,,,,,,,
Sons And Daughters,Monsters,,,,,,,
The Frames,Dream Awake,,,,,,,
E-Funk Feat. Donica Thorton,Shout,,,,,,,
Craig Armstrong,Sea Song,,,,,,,
Kaki King,Life Being What It Is,,,,,,,
Soilwork,Final Fatal Force,,,,,,,
Darkthrone,Slottet I Det Fjerne,,,,,,,
The Used,A Box Full Of Sharp Objects,,,,,,,
The Kooks,One Last Time,,,,,,,
Echo & The Bunnymen,Do It Clean,,,,,,,
Joy Division,Twenty-Four Hours,,,,,,,
Regina Spektor,Reading Time With Pickle,,,,,,,
Mgmt,Kids (Soulwax Remix),,,,,,,
Pink Floyd,Two Suns In The Sunset,,,,,,,
Japan,Ghosts,,,,,,,
Accept,Metal Heart,,,,,,,
Bright Eyes,The City Has Sex,,,,,,,
Neneh Cherry,Buffalo Stance,,,,,,,
Rainbow,Gates Of Babylon,,,,,,,
The Streets,What Is He Thinking?,,,,,,,
Gramme,Like You,,,,,,,
A Silver Mt. Zion,God Bless Our Dead Marines,,,,,,,
Pedro The Lion,Pedro The Lion - Track 07,,,,,,,
Dungen,Festival,,,,,,,
Beth Orton,Central Reservation (Original Version),,,,,,,
Spacemen 3,May The Circle Be Unbroken,,,,,,,
Delerium,Euphoria (Firefly),,,,,,,
Róisín Murphy,Through Time,,,,,,,
The Beatles,You'Re Going To Lose That Girl,,,,,,,
Children Of Bodom,She Is Beautiful,,,,,,,
The Streets,Hotel Expressionism,,,,,,,
Cream,We'Re Going Wrong,,,,,,,
Metallica,Slither,0.4,0.8,0.2,0.4,1.0,0.2,0.4
Marilyn Manson,Lamb Of God,,,,,,,
Beck,Soul Suckin Jerk,,,,,,,
Kid Loco,A Grand Love Theme,,,,,,,
Kamelot,Love You To Death,,,,,,,
Metric,Siamese Cities,,,,,,,
Kid Loco,Sister Curare,,,,,,,
Kid Loco,She Woolf Daydreaming,,,,,,,
Metronomy,Back On The Motorway,,,,,,,
My Morning Jacket,Lowdown,,,,,,,
Fair To Midland,Say When,,,,,,,
Kamelot,Anthem,,,,,,,
My Morning Jacket,Highly Suspicious,,,,,,,
Lighthouse Family,High,,,,,,,
Air France,Maundy Thursday,,,,,,,
Kaizers Orchestra,Ompa Til Du Dør,,,,,,,
The Apples In Stereo,Innerspace,0.6,0.6,0.4,0.8,0.2,0.6,0.8
Mates Of State,An Experiment,,,,,,,
J Dilla,Time: The Donut Of The Heart,,,,,,,
The Cure,The Holy Hour,,,,,,,
Bad Brains,Sacred Love,,,,,,,
Sleater-Kinney,Sympathy,,,,,,,
Bright Eyes,Black Comedy,,,,,,,
Dead Can Dance,Song Of Sophia,,,,,,,
Dr. Alban,It'S My Life,,,,,,,
Communiqué,Perfect Weapon,,,,,,,
Peaches,I U She,,,,,,,
The Cooper Temple Clause,All I See Is You,,,,,,,
Richard Ashcroft,Why Not Nothing?,,,,,,,
Tiger Lou,The Loyal,,,,,,,
Depeche Mode,To Have And To Hold,,,,,,,
The Music,Strength In Numbers,,,,,,,
Animal Collective,Whaddit I Done,,,,,,,
Gang Of Four,5.45,,,,,,,
Gwen Stefani,Wonderful Life,,,,,,,
The New Pornographers,Execution Day,,,,,,,
The Bronx,Small Stone,,,,,,,
Marillion,Pseudo Silk Kimono,,,,,,,
T'Pau,China In Your Hand,,,,,,,
Emperor,Ye Entrancemperium,,,,,,,
The Music,Float,,,,,,,
Gwen Stefani,Yummy,,,,,,,
Gang Starr,Above The Clouds,,,,,,,
Ok Go,Don'T Ask Me,,,,,,,
Max Richter,Autumn Music 1,,,,,,,
Beirut,My Wife,,,,,,,
Big Brother & The Holding Company,Piece Of My Heart,,,,,,,
Vivian Girls,Wild Eyes,,,,,,,
Caribou,Sundialing,,,,,,,
Thievery Corporation,Resolution,,,,,,,
Ryan Adams,So Alive,,,,,,,
Nelly Furtado,Maneater (Radio Version),,,,,,,
Alkaline Trio,Armageddon,,,,,,,
The Horrors,Thunderclaps,,,,,,,
Whitesnake,Hungry For Love,,,,,,,
Skinny Puppy,I'Mmortal,,,,,,,
Duffy,Rain On Your Parade,,,,,,,
Chapterhouse,Falling Down,,,,,,,
Vivian Girls,Going Insane,,,,,,,
Gonzales,Manifesto,,,,,,,
Beth Orton,Conceived,,,,,,,
Richard Ashcroft,You On My Mind In My Sleep,,,,,,,
Herman'S Hermits,No Milk Today,,,,,,,
Jack Johnson,Enemy,,,,,,,
Clap Your Hands Say Yeah,Five Easy Pieces,,,,,,,
Rasputina,If Your Kisses Can'T Hold The Man You Love,,,,,,,
Dispatch,Open Up,,,,,,,
Depeche Mode,Stories Of Old,,,,,,,
Judas Priest,Come And Get It,,,,,,,
Para One,Midnight Swim (Surkin Drowning Mix),,,,,,,
Deftones,Lhabia,,,,,,,
David Gray,The One I Love,,,,,,,
The Pierces,Secret,,,,,,,
Deerhunter,Vox Celeste,,,,,,,
Biosphere,Kobresia,,,,,,,
John Frusciante,Ramparts,,,,,,,
Deerhunter,Twilight At Carbon Lake,,,,,,,
Chemistry,約束の場所 (Less Vocal),,,,,,,
Blind Guardian,A Past And Future Secret,,,,,,,
The Flaming Lips,The Sound Of Failure / It'S Dark... Is It Always This Dark??,,,,,,,
The Human League,Being Boiled,,,,,,,
Hawkwind,Wind Of Change,,,,,,,
Cocteau Twins,Fotzepolitic,,,,,,,
David E. Sugar,To Yourself,,,,,,,
Icon & The Black Roses,Black Roses,,,,,,,
Built To Spill,Fling,,,,,,,
Incubus,I Wish You Were Here,,,,,,,
The Streets,The Irony Of It All,,,,,,,
Icon & The Black Roses,Endless,,,,,,,
Ciara,Get Up (Feat. Chamillionaire),,,,,,,
Engenheiros Do Hawaii,? Até Quando Você Vai Ficar ?,,,,,,,
Morrissey,Black Cloud,,,,,,,
Nick Cave & The Bad Seeds,Do You Love Me? Part 2,,,,,,,
Phoenix,Holdin' On Together,,,,,,,
Electric Six,I Invented The Night,,,,,,,
Eels,Theme From Blinking Lights,,,,,,,
Billie Holiday,What A Little Moonlight Can Do,,,,,,,
Incubus,Glass,,,,,,,
Beth Gibbons & Rustin Man,Resolve,,,,,,,
The National,90-Mile Water Wall,,,,,,,
Okkervil River,Starry Stairs,,,,,,,
Judas Priest,I'M A Rocker,,,,,,,
Built To Spill,Center Of The Universe,,,,,,,
The Innocence Mission,When Mac Was Swimming,,,,,,,
Ray Charles,I Got A Woman,,,,,,,
Panic At The Disco,Northern Downpour,,,,,,,
St,I'Ll Meet You There,,,,,,,
Gogol Bordello,American Wedding,,,,,,,
Down,Stone The Crow,,,,,,,
Weezer,Dreamin',,,,,,,
Weezer,Automatic,,,,,,,
The Kinks,I'M Not Like Everybody Else,0.6,0.8,0.2,0.4,0.8,0.6,0.4
Deftones,Hexagram,,,,,,,
Pink Floyd,Corporal Clegg,,,,,,,
Emperor,I Am The Black Wizards,,,,,,,
Sex Pistols,My Way,,,,,,,
Deftones,Headup,,,,,,,
Ac/Dc,Wheels,,,,,,,
Afi,The Lost Souls,,,,,,,
The Submarines,Peace And Hate,,,,,,,
The Young Knives,Terra Firma,0.6,0.6,0.4,0.4,0.6,0.8,0.4
Tom Vek,On The Road,,,,,,,
Bruce Springsteen,Devils And Dust,,,,,,,
Remy Zero,Prophecy,,,,,,,
Jack Johnson,We'Re Going To Be Friends,,,,,,,
The Postal Service,The District Sleeps Tonight,,,,,,,
Judas Priest,Jawbreaker,,,,,,,
Diablo,Symbol Of Eternity,,,,,,,
Manowar,Blow Your Speakers,,,,,,,
The Appleseed Cast,Losing Touching Searching,,,,,,,
Pleasant Grove,Nothing This Beautiful,,,,,,,
John Frusciante,Fallout,,,,,,,
Margot & The Nuclear So And So'S,Vampires In Blue Dresses,,,,,,,
Brendan Benson,Cold Hands Warm Heart,,,,,,,
Skinny Puppy,Love In Vein,,,,,,,
John Lennon,Mother,,,,,,,
Rjd2,Ring Finger,,,,,,,
Agalloch,Our Fortress Is Burning... Ii: Bloodbirds,,,,,,,
Apoptygma Berzerk,Cambodia,,,,,,,
Michael Bublé,Save The Last Dance For Me,,,,,,,
Herbie Hancock,Watermelon Man,,,,,,,
Dissection,Starless Aeon,,,,,,,
Yelle,Mon Meilleur Ami,,,,,,,
Rush,Working Man,,,,,,,
Atlas Sound,After Class,,,,,,,
Disco Ensemble,We Might Fall Apart,,,,,,,
Skinny Puppy,Ugli,,,,,,,
Mariah Carey,It'S Like That,,,,,,,
Nick Cave & The Bad Seeds,O'Malley'S Bar,,,,,,,
Beth Orton,Touch Me With Your Love,,,,,,,
Supersuckers,Barricade,,,,,,,
Diana Krall,The Look Of Love,,,,,,,
Jimi Hendrix,May This Be Love,,,,,,,
Dispatch,Here We Go,,,,,,,
The Hives,Puppet On A String,,,,,,,
Faith No More,Caralho Voador,,,,,,,
Dishwalla,Angels Or Devils,,,,,,,
Within Temptation,Jillian,,,,,,,
Brian Eno,Driving Me Backwards,,,,,,,
Robots In Disguise,We'Re In The Music Biz,,,,,,,
Phoenix,(You Can'T Blame It On) Anybody,,,,,,,
Hope Of The States,Sing It Out,0.6,0.6,0.4,0.6,0.4,0.2,0.8
The Chemical Brothers,It Doesn'T Matter,,,,,,,
Phil Collins,You Can'T Hurry Love,,,,,,,
Korn,Justin,,,,,,,
Tiësto,He'S A Pirate,,,,,,,
Misfits,Violent World,,,,,,,
Akcent,Kylie,,,,,,,
Weezer,Keep Fishin',,,,,,,
Judas Priest,Subterfuge,,,,,,,
Poets Of The Fall,Desire,,,,,,,
Poets Of The Fall,Delicious,,,,,,,
Amon Tobin,Yasawas,,,,,,,
Meat Loaf,Everything Louder Than Everything Else,,,,,,,
Finch,What It Is To Burn,,,,,,,
Russian Circles,Micah,,,,,,,
Phil Collins,You'Ll Be In My Heart,,,,,,,
The Moldy Peaches,Nothing Came Out,,,,,,,
The Moldy Peaches,Downloading Porn With Davo,,,,,,,
The Rapture,Heaven,,,,,,,
The Mighty Diamonds,Dreadlocks Time Dub,,,,,,,
L'Arc~En~Ciel,Driver'S High,,,,,,,
Jack Peñate,Torn On The Platform,0.6,0.6,0.4,0.6,0.2,0.6,0.6
Kaiser Chiefs,Spanish Metal,,,,,,,
Norther,Blackhearted,,,,,,,
Miles Davis,Godchild,,,,,,,
Nevermore,Bittersweet Feast,,,,,,,
Madvillain,Do Not Fire!,,,,,,,
Tunng,It'S Because... We'Ve Got Hair,,,,,,,
Hello Saferide,Nothing Like You (When You'Re Gone),,,,,,,
Suede,Picnic By The Motorway,,,,,,,
Biosphere,Chukhung,,,,,,,
Fanny Lú,Tu No Eres Para Mi,,,,,,,
Whitesnake,Sailing Ships,0.8,0.8,0.4,0.8,0.6,0.2,0.6
Eminem,Say Goodbye Hollywood,,,,,,,
Boston,Smokin',,,,,,,
Oi Va Voi,Refugee,,,,,,,
Madonna,I Deserve It,,,,,,,
Rush,Circumstances,,,,,,,
Emilie Autumn,I Know Where You Sleep,,,,,,,
Fall Out Boy,The Pros And Cons Of Breathing,,,,,,,
Broadcast,I Found The End,,,,,,,
Kaiser Chiefs,I Heard It Through The Grapevine,,,,,,,
Head Automatica,Brooklyn Is Burning,,,,,,,
Pnau,Embrace,,,,,,,
Serj Tankian,Elect The Dead,,,,,,,
Final Fantasy,Do You Love?,,,,,,,
Beck,Beautiful Way,,,,,,,
Moby,Alice,,,,,,,
At The Drive-In,Paid Vacation Time,,,,,,,
Therion,Birth Of Venus Illegitima,,,,,,,
The Rapture,Open Up Your Heart,,,,,,,
Nada Surf,Weightless,,,,,,,
Nada Surf,The Way You Wear Your Head,,,,,,,
The Doors,You Make Me Real,,,,,,,
My Teenage Stride,To Live And Die In The Airport Lounge,,,,,,,
Morphine,A Head With Wings,,,,,,,
Glenn Miller,In The Mood,,,,,,,
Sepultura,Nomad,,,,,,,
Bruce Dickinson,Believil,,,,,,,
Apocalyptica,Welcome Home (Sanitarium),,,,,,,
Fantômas,Cape Fear,,,,,,,
Bedouin Soundclash,Rude Boy Don'T Cry,,,,,,,
The Beatles,Revolution 9,,,,,,,
Lil Wayne,Dr. Carter,,,,,,,
Constantines,Million Star Hotel,,,,,,,
Constantines,New King,,,,,,,
Matchbox Twenty,Bed Of Lies,,,,,,,
Oasis,Put Yer Money Where Yer Mouth Is,,,,,,,
The Pussycat Dolls,Sway,,,,,,,
Constantines,Good Nurse,,,,,,,
Violent Femmes,Color Me Once,,,,,,,
Mount Sims,No Yellow Lines,,,,,,,
Bad Religion,Modern Man,,,,,,,
Magazine,Parade,,,,,,,
Yellowcard,Down On My Head,,,,,,,
Thrice,Music Box,,,,,,,
St. Vincent,Your Lips Are Red,,,,,,,
The Moldy Peaches,Steak For Chicken,,,,,,,
Mägo De Oz,El Pacto,,,,,,,
Cut Copy,Going Nowhere (Whitey Remix),,,,,,,
Marlena Shaw,California Soul,,,,,,,
Ben Folds,Sentimental Guy,,,,,,,
Blue Öyster Cult,Astronomy,,,,,,,
Mystery Jets,First To Know,,,,,,,
Ben Folds,Fired,,,,,,,
Tori Amos,Hoochie Woman,,,,,,,
The Gathering,Rollercoaster,,,,,,,
Iamx,I Like Pretending,,,,,,,
Red Hot Chili Peppers,They'Re Red Hot,,,,,,,
Pearl Jam,Red Mosquito,,,,,,,
Nina Simone,I Loves You Porgy,,,,,,,
Viikate,Kuolleen Miehen Kupletti,,,,,,,
Ghinzu,The Dragster-Wave,,,,,,,
Viikate,Köysistä Parhain,,,,,,,
Modest Mouse,Summer,,,,,,,
Liars,Drum And The Uncomfortable Can,,,,,,,
Morcheeba,Slow Down,,,,,,,
U2,Gloria,,,,,,,
Black Flag,White Minority,,,,,,,
At The Drive-In,Rascuache,,,,,,,
Oasis,Fade In-Out,,,,,,,
Snow Patrol,An Olive Grove Facing The Sea,,,,,,,
Death,Suicide Machine,,,,,,,
The New Pornographers,Miss Teen Wordpower,,,,,,,
Ac/Dc,House Of Jazz,,,,,,,
Ac/Dc,Inject The Venom,,,,,,,
Motörhead,The Chase Is Better Than The Catch,,,,,,,
Venetian Snares,Galamb Egyedül,,,,,,,
Slayer,Stain Of Mind,,,,,,,
Rufus Wainwright,11:11,,,,,,,
Guided By Voices,The Best Of Jill Hives,,,,,,,
Super Junior - K.R.Y.,Han Sarammaneul,,,,,,,
Black Rebel Motorcycle Club,The Weight Is More,,,,,,,
Bruce Dickinson,Kill Devil Hill,,,,,,,
Of Montreal,Climb The Ladder,,,,,,,
The Breeders,Bang On,,,,,,,
The Sugarcubes,Blue Eyed Pop,,,,,,,
Clinic,Come Into Our Room,,,,,,,
Sleater-Kinney,Combat Rock,,,,,,,
Rush,Faithless,,,,,,,
Manic Street Preachers,Mausoleum,,,,,,,
Green Day,Chump,,,,,,,
Dire Straits,Heavy Fuel,,,,,,,
Dire Straits,Down To The Waterline,,,,,,,
Norah Jones,Be My Somebody,,,,,,,
Radiohead,Mk 2,,,,,,,
Radiohead,Palo Alto,,,,,,,
Coldplay,Brothers And Sisters,,,,,,,
Kelly Clarkson,Behind These Hazel Eyes (Hardbounce Remix),,,,,,,
Lush,Sweetness And Light,,,,,,,
Dan Deacon,Woody Woodpecker,0.6,0.6,0.4,0.6,0.2,0.4,0.8
Ac/Dc,Sink The Pink,,,,,,,
Amorphis,Drowned Maid,,,,,,,
Iron Maiden,Childhood'S End,,,,,,,
Black Star,K.O.S. (Determination),,,,,,,
Sculptured,Washing My Hands Of It,,,,,,,
Metallica,The Wait,,,,,,,
Morcheeba,Bullet Proof,,,,,,,
Stabbing Westward,What Do I Have To Do?,,,,,,,
Ash,Starcrossed,,,,,,,
Matthew Good,Weapon,,,,,,,
Marit Larsen,Under The Surface,,,,,,,
Ghinzu,Do You Read Me,,,,,,,
Pink Floyd,Free Four,,,,,,,
The Libertines,Skag & Bone Man,,,,,,,
Rhapsody Of Fire,Power Of The Dragonflame,,,,,,,
Sentenced,The River,,,,,,,
Billy Talent,Perfect World,,,,,,,
Fields,Charming The Flames,,,,,,,
Sentenced,Crumbling Down (Give Up Hope),,,,,,,
Mötley Crüe,In The Beginning,,,,,,,
Mötley Crüe,Mutherfucker Of The Year,,,,,,,
Sentenced,Fragile,,,,,,,
Green Day,Brain Stew,,,,,,,
John Frusciante,Ascension,,,,,,,
Iron & Wine,Communion Cups And Someone'S Coat,,,,,,,
Suicide,Rocket Usa,,,,,,,
Machinae Supremacy,Rise,,,,,,,
Sugarplum Fairy,Last Chance,,,,,,,
The Beatles,Dig It,,,,,,,
Radiohead,No Suprises,,,,,,,
The Dandy Warhols,Green,,,,,,,
Radiohead,Myxamatosis,,,,,,,
Pavement,Serpentine Pad,,,,,,,
Viva Voce,Alive With Pleasure,,,,,,,
Poisonblack,Soul In Flames,,,,,,,
Gojira,World To Come,,,,,,,
Sonic Youth,New Hampshire,,,,,,,
Pain,Shut Your Mouth,,,,,,,
Dinosaur Jr.,The Wagon,,,,,,,
Múm,Slow Bicycle,,,,,,,
Tricky,Evolution Revolution Love,,,,,,,
Secret Machines,Lightning Blue Eyes,,,,,,,
The Beatles,Everybody'S Trying To Be My Baby,,,,,,,
Morcheeba,Never An Easy Way,,,,,,,
Uverworld,Gekidou,,,,,,,
Orchestral Manoeuvres In The Dark,Tesla Girls,,,,,,,
Lemon Jelly,Experiment Number Six,,,,,,,
Live,Sparkle,,,,,,,
Lacrimosa,Halt Mich,,,,,,,
Bonnie 'Prince' Billy,You Want That Picture,,,,,,,
Kat Deluna,Run The Show (Feat. Busta Rhymes),,,,,,,
Underworld,Rez,,,,,,,
Murcof,Mapa,,,,,,,
Rise Against,Survive,,,,,,,
Rise Against,Paper Wings,,,,,,,
Mokoma,Täyttä Ymmärrystä Vailla,,,,,,,
The Academy Is...,We'Ve Got A Big Mess On Our Hands,,,,,,,
Minus The Bear,I Lost All My Money At The Cock Fights,,,,,,,
Slipknot,All Hope Is Gone,,,,,,,
Within Temptation,Gatekeeper,,,,,,,
Madonna,You'Ll See,,,,,,,
Silverstein,My Heroine,,,,,,,
Moonsorrow,Tyven,,,,,,,
Clutch,Mice And Gods,,,,,,,
:Wumpscut:,Wreath Of Barbs,0.4,0.6,0.2,0.2,0.8,0.4,0.6
Belle And Sebastian,(I Believe In) Travellin' Light,,,,,,,
Billy Corgan,Mina Loy (M.O.H.),,,,,,,
Eagles Of Death Metal,So Easy,,,,,,,
Sonic Youth,Scooter + Jinx,,,,,,,
Chemistry,Move On (Album Version),,,,,,,
Midlake,Balloon Maker,,,,,,,
Bauhaus,Too Much 21St Century,,,,,,,
Blondie,11:59,,,,,,,
The Twilight Singers,Last Temptation,,,,,,,
Xploding Plastix,More Powah To Yah,,,,,,,
Brian Eno,Becalmed,,,,,,,
Dimmu Borgir,The Fundamental Alienation,,,,,,,
Machine Head,Wolves,,,,,,,
Melanie C,Go!,,,,,,,
Melanie C,Independence Day,,,,,,,
Cansei De Ser Sexy,Believe Achieve,,,,,,,
Machinae Supremacy,Multiball,,,,,,,
The Clash,Somebody Got Murdered,,,,,,,
Beastie Boys,The Gala Event,,,,,,,
The Stooges,Dirt,,,,,,,
Bonnie 'Prince' Billy,(Keep Eye On) Other'S Gain,,,,,,,
The Walkmen,In The New Year,,,,,,,
The Verve,Drive You Home,,,,,,,
The Lemonheads,Rudderless,,,,,,,
Machinae Supremacy,Throttle And Mask,,,,,,,
Chemistry,Believin',,,,,,,
Sun Kil Moon,Duk Koo Kim,,,,,,,
Tricky,Aftermath,,,,,,,
Sun Kil Moon,Space Travel Is Boring,,,,,,,
Tom Waits,Lonely,,,,,,,
N-Trance,Set You Free,,,,,,,
The Fratellis,Look Out Sunshine!,,,,,,,
Junior M.A.F.I.A.,Player'S Anthem,,,,,,,
Cat Power,King Rides By,,,,,,,
Clinic,T.K.,,,,,,,
Meg & Dia,Monster,,,,,,,
Mazzy Star,She Hangs Brightly,,,,,,,
Mclusky,What We'Ve Learned,,,,,,,
...And You Will Know Us By The Trail Of Dead,To Russia My Homeland,,,,,,,
T.A.T.U.,Stars,,,,,,,
Demons & Wizards,Love'S Tragedy Asunder,,,,,,,
Mclusky,She Will Only Bring You Happiness,,,,,,,
Dream Theater,Panic Attack,,,,,,,
Low,California,,,,,,,
Dir En Grey,Agitated Screams Of Maggots,,,,,,,
L'Âme Immortelle,Fallen Angel,,,,,,,
Fennesz,Rivers Of Sand,,,,,,,
Poisonblack,All Else Is Hollow,,,,,,,
Sculptured,Taking My Body Apart,,,,,,,
Casiotone For The Painfully Alone,Don'T They Have Payphones Wherever You Were Last Night,,,,,,,
Panda Bear,Ponytail,,,,,,,
Fatboy Slim,Punk To Funk,,,,,,,
Celldweller,Switchback,,,,,,,
Poni Hoax,Budapest,,,,,,,
The Gutter Twins,I Was In Love With You,,,,,,,
The Grates,Trampoline,,,,,,,
Gigi D'Agostino,L'Amour Toujours,,,,,,,
Chris Cornell,No Such Thing,,,,,,,
Of Montreal,Baby,,,,,,,
Viikate,Unen Nukkuja,,,,,,,
The Prodigy,The Way It Is,,,,,,,
Bright Eyes,Padraic My Prince,,,,,,,
Kelly Clarkson,Never Again (Jason Nevins Radio Mix),,,,,,,
Beck,Bottle Of Blues,,,,,,,
Children Of Bodom,Banned From Heaven,,,,,,,
Emilíana Torrini,Thinking Out Loud,,,,,,,
Cut Chemist,The Lift,,,,,,,
Nevermore,Medicated Nation,,,,,,,
Rush,Natural Science,,,,,,,
Rufus Wainwright,Foolish Love,,,,,,,
Joanna Newsom,Clam Crab Cockle Cowrie,,,,,,,
Rush,Dreamline,,,,,,,
Ida Corr Vs. Fedde Le Grand,Let Me Think About It (Radio Edit),,,,,,,
Idlewild,As If I Hadn'T Slept,,,,,,,
Paul Weller,Wild Wood,,,,,,,
Guillemots,Redwings,,,,,,,
Guillemots,We'Re Here,,,,,,,
Matt Pond Pa,Champagne Supernova,,,,,,,
Guillemots,Blue Would Still Be Blue,,,,,,,
Cursive,Bloody Murderer,,,,,,,
Ac/Dc,Riff Raff,,,,,,,
Iron Maiden,Dream Of Mirrors,,,,,,,
Battlelore,The War Of Wrath,,,,,,,
Elvis Presley,(You'Re The) Devil In Disguise,,,,,,,
Groove Armada,Inside My Mind (Blue Skies),,,,,,,
Groove Armada,Superstylin,,,,,,,
Leaves' Eyes,Ocean'S Way,,,,,,,
Gary Numan,Me! I Disconnect From You,,,,,,,
Tunng,Red And Green,,,,,,,
Depeche Mode,Nodisco,,,,,,,
Nickel Creek,This Side,,,,,,,
Agalloch,Our Fortress Is Burning... Iii: The Grain,,,,,,,
Soda Stereo,Sobredosis De Tv,,,,,,,
The Morning After Girls,Lazy Greys,,,,,,,
鈴村健一・藤田圭宣,僕らのLove Style,,,,,,,
Oingo Boingo,Little Girls,,,,,,,
The Mountain Goats,Heretic Pride,0.6,0.6,0.4,0.6,0.4,0.6,0.4
Skinny Puppy,Tin Omen,,,,,,,
Billie Holiday,Blue Moon,,,,,,,
Testament,True Believer,,,,,,,
Quantic,Time Is The Enemy,,,,,,,
Guster,What You Wish For,,,,,,,
Amon Tobin,Triple Science,,,,,,,
Rush,Spirit Of Radio,,,,,,,
Brendan Benson,Cold Hands (Warm Heart),,,,,,,
Eminem,Drug Ballad,,,,,,,
John Lennon,Oh Yoko,,,,,,,
Testament,Alone In The Dark,,,,,,,
Bow Wow Wow,Aphrodisiac,,,,,,,
*Nsync,I Want You Back,,,,,,,
The Rolling Stones,I Got The Blues,,,,,,,
The Rolling Stones,Heart Of Stone,,,,,,,
Sparks,Beat The Clock,,,,,,,
Kreator,Dystopia,,,,,,,
Bad Religion,Infected,,,,,,,
The Bravery,Hot Pursuit,,,,,,,
Tori Amos,Liquid Diamonds,,,,,,,
The Stone Roses,Begging You,,,,,,,
Lamb Of God,One Gun,,,,,,,
Mr. Bungle,Vanity Fair,,,,,,,
Iron & Wine And Calexico,Prison On Route 41,,,,,,,
Hird,Getting Closer,,,,,,,
The Gathering,The Mirror Waters (2003),,,,,,,
Psapp,Velvet Pony,,,,,,,
Misfits,Children In Heat,,,,,,,
Efterklang,Prey And Predator,,,,,,,
Halou,Honeythief,,,,,,,
Insomnium,The Gale,,,,,,,
Death From Above 1979,Romantic Rights (Marczech Makuziak Remix),,,,,,,
The Shins,Baby Boomerang,,,,,,,
Ala Boratyn,Angel,,,,,,,
Television,Torn Curtain,,,,,,,
Carrie Underwood,Before He Cheats,,,,,,,
Whitney Houston,I Wanna Dance With Somebody,,,,,,,
David Gray,We'Re Not Right,,,,,,,
The Rolling Stones,Shine A Light,,,,,,,
Built To Spill,Distopian Dream Girl,,,,,,,
Misfits,Devilock,,,,,,,
Gustavo Santaolalla,The Wings,,,,,,,
Guster,Center Of Attention,,,,,,,
Gwen Stefani,Fluorescent,,,,,,,
Chromeo,100%,,,,,,,
Frightened Rabbit,Be Less Rude,,,,,,,
Venetian Snares,Második Galamb,,,,,,,
Ruch,Sin Señal,,,,,,,
Old 97'S,Victoria,,,,,,,
Lostprophets,I Don'T Know,,,,,,,
Maria Taylor,Leap Year,,,,,,,
Lostprophets,Hello Again,,,,,,,
Maria Peszek,Moje Miasto,,,,,,,
Joanna Newsom,The Fray,,,,,,,
Testament,The New Order,0.6,0.6,0.2,0.4,0.8,0.2,0.2
Cocorosie,Girl And The Geese,,,,,,,
Mewithoutyou,The Soviet,,,,,,,
Yann Tiersen,Comptine D'Un Autre Été : L'Après Midi,,,,,,,
Mf Doom,Beef Rapp,,,,,,,
Pink Floyd,The Gunners Dream,,,,,,,
Pedro The Lion,The Longer I Lay Here,,,,,,,
Tactical Sekt,Syncope,,,,,,,
Yann Tiersen,C'Était Ici,0.6,0.6,0.4,0.6,0.2,0.4,0.4
Mgmt,Boogie Down,,,,,,,
Ayọ,Help Is Coming,,,,,,,
Roxy Music,Oh Yeah,,,,,,,
Dr. Dog,My Old Ways,,,,,,,
Brightblack Morning Light,Friend Of Time,,,,,,,
Bright Eyes,You Will. You? Will. You? Will. You? Will,,,,,,,
Stars,Better Be Heaven,,,,,,,
The Detroit Cobras,Mean Man,,,,,,,
Moby,I Like It,,,,,,,
Cute Is What We Aim For,There'S A Class For This,,,,,,,
Paradise Lost,Year Of Summer,,,,,,,
The Gathering,Fatigue,,,,,,,
The Housemartins,Caravan Of Love,0.6,0.8,0.4,0.8,0.2,0.4,1.0
Ulrich Schnauss,Monday - Paracetamol,,,,,,,
Cold,Confession,,,,,,,
Telefon Tel Aviv,Bubble And Spike,,,,,,,
Eels,World Of Shit,0.4,0.4,0.6,0.4,0.8,0.6,0.2
Whitesnake,Gambler,,,,,,,
Bad Religion,Turn On The Light,,,,,,,
Empire Of The Sun,Swordfish Hotkiss Night,,,,,,,
Tori Amos,Dragon,,,,,,,
David Gray,Say Hello Wave Goodbye,,,,,,,
Badly Drawn Boy,Dead Duck,,,,,,,
Nelly Furtado,No Hay Igual (Feat. Calle 13),,,,,,,
Cmx,Kauneus Pettää,,,,,,,
Beck,Diamond Dogs,,,,,,,
Annwn,Madre Deus,,,,,,,
Good Charlotte,Beautiful Place,,,,,,,
Annwn,La Rosa Enflorece,,,,,,,
Gonzales,Bermuda Triangle,,,,,,,
Afi,Clove Smoke Catharsis,,,,,,,
Ac/Dc,Decibel,,,,,,,
Amon Tobin,Proper Hoodidge,,,,,,,
Ben Kweller,Make It Up,,,,,,,
Megadeth,Sleepwalker,,,,,,,
Ben Kweller,Lizzy,,,,,,,
The Church,Reptile,,,,,,,
Riverside,02 Panic Room,,,,,,,
Siouxsie And The Banshees,The Passenger,,,,,,,
Eluvium,After Nature,,,,,,,
The New Pornographers,Adventures In Solitude,,,,,,,
Bikini Kill,Strawberry Julius,,,,,,,
Calvin Harris,I'M Not Alone,,,,,,,
Calvin Harris,Traffic Cops,,,,,,,
The Crystal Method,She'S My Pusher,,,,,,,
The Jam,English Rose,,,,,,,
Bad Brains,Don'T Need It,,,,,,,
Stars,One More Night (Your Ex-Lover Remains Dead),,,,,,,
Mirah,Light The Match,,,,,,,
The Rolling Stones,Streets Of Love,,,,,,,
Starsailor,Love Is Here,,,,,,,
Ben Harper & The Innocent Criminals,Fight Outta You,,,,,,,
Badly Drawn Boy,Bewilder,,,,,,,
Joe Satriani,Mind Storm,,,,,,,
Nickelback,Hero,,,,,,,
Hank Williams Iii,Cecil Brown,,,,,,,
Soilwork,Wings Of Domain,,,,,,,
Coralie Clément,La Mer Opale,,,,,,,
Cynic,Veil Of Maya,,,,,,,
Kate Bush,The Painter'S Link,,,,,,,
Enya,Flora'S Secret,,,,,,,
Röyksopp,Teppefall,,,,,,,
S Club 7,Don'T Stop Movin',,,,,,,
Enya,A Moment Lost,,,,,,,
Entwine,Still Remains,,,,,,,
Arcturus,Painting My Horror,,,,,,,
Iron Maiden,Genghis Khan,,,,,,,
Iron Maiden,The Fallen Angel,,,,,,,
Idlewild,If It Takes You Home,,,,,,,
Amon Tobin,Straight Psyche,,,,,,,
Annwn,Herr Mannelig,,,,,,,
Glen Hansard,Leave,,,,,,,
:Wumpscut:,Perdition,,,,,,,
The Venus In Furs,Tumbling Down,,,,,,,
A. R. Rahman,Jai Ho,,,,,,,
State Radio,People To People,,,,,,,
High School Musical Cast,We'Re All In This Together,,,,,,,
Depeche Mode,Uselink,,,,,,,
Arcturus,Master Of Disguise,,,,,,,
Syd Barrett,No Man'S Land,,,,,,,
Acceptance,In Too Far,,,,,,,
Leona Lewis,Take A Bow,,,,,,,
Girls Aloud,Can'T Speak French,,,,,,,
Soviet,Candy Girl,,,,,,,
Dead Can Dance,Summoning Of The Muse,,,,,,,
Lusine,Drip (Apparat Remix),,,,,,,
Craig Armstrong,Let It Be Love,,,,,,,
Black Lips,Not A Problem,,,,,,,
Syd Barrett,Baby Lemonade,,,,,,,
Roy Orbison,Only The Lonely,,,,,,,
Stephen Malkmus,The Hook,,,,,,,
Nirvana,Molly'S Lips,,,,,,,
Stephen Malkmus,Troubbble,,,,,,,
Camera Obscura,Let Me Go Home,,,,,,,
Bullet For My Valentine,Suffocating Under Words Of Sorrow (What Can I Do),,,,,,,
Gustavo Santaolalla,Can Light Be Found In The Darkness?,,,,,,,
Johnny Cash,Love'S Been Good To Me,,,,,,,
Why?,By Torpedo Or Crohn'S,,,,,,,
Tori Amos,Your Cloud,,,,,,,
New Order,Rock The Shack,0.6,0.8,0.4,0.6,0.8,0.4,0.6
Johnny Cash,I'Ve Been Everywhere,,,,,,,
1000 Homo Djs,Supernaut,,,,,,,
Eels,Cancer For The Cure,,,,,,,
Him,Don'T Close Your Heart,,,,,,,
Red Hot Chili Peppers,Warm Tape,,,,,,,
Red House Painters,Mistress,,,,,,,
Dead Can Dance,Ullyses,,,,,,,
Dead Can Dance,Wilderness,,,,,,,
Atb,Long Way Home,,,,,,,
Dead Can Dance,Yulunga (Spirit Dance),,,,,,,
Afi,A Story At Three,,,,,,,
Jens Lekman,You Are The Light (By Which I Travel Into This And That),,,,,,,
Jens Lekman,At The Dept. Of Forgotten Songs,,,,,,,
The Blow,The Big U,,,,,,,
Underoath,Everyone Looks So Good From Here,,,,,,,
Rancid,The 11Th Hour,,,,,,,
Thursday,Counting 5-4-3-2-1,,,,,,,
Mokoma,Sinä Riität,,,,,,,
The Notwist,On Planet Off,,,,,,,
Buena Vista Social Club,Orgullecida,,,,,,,
Architecture In Helsinki,It'5,,,,,,,
Alien Ant Farm,Wish,,,,,,,
Bloodhound Gang,Fire Water Burn,,,,,,,
Bloodbath,Cancer Of The Soul,,,,,,,
The Dodos,Winter,,,,,,,
Babyshambles,Á Rebours,,,,,,,
High Contrast,Kiss Kiss Bang Bang,,,,,,,
El Perro Del Mar,Party,,,,,,,
The 69 Eyes,Truck On,,,,,,,
Isis,Over Root And Thorn,,,,,,,
Foxy Shazam,The French Passion Of Animality Opera,,,,,,,
The Black Keys,No Trust,,,,,,,
Malajube,Pâte Filo,,,,,,,
Mary J. Blige,One (Feat. U2),,,,,,,
Kraftwerk,Abzug,,,,,,,
Depeche Mode,If You Want,,,,,,,
Depeche Mode,I Am You,,,,,,,
Kraftwerk,Kometenmelodie 2,,,,,,,
Miss Kittin & The Hacker,Stock Exchange,,,,,,,
Turbonegro,Hot And Filthy,,,,,,,
Violator,Thrash Maniacs,,,,,,,
Moonspell,Darkness And Hope,,,,,,,
Simple Minds,Alive And Kicking,,,,,,,
Amon Tobin,Marine Machines,,,,,,,
Andrew W.K.,Don'T Stop Living In The Red,,,,,,,
The Vines,Anysound,,,,,,,
Erasure,Chains Of Love,,,,,,,
Oasis,Roll It Over,,,,,,,
Swod,Fugitif 1,,,,,,,
Mokoma,Tulkki,,,,,,,
Blur,Mellow Song,,,,,,,
People In Planes,If You Talk Too Much (My Head Will Explode),,,,,,,
I Am Kloot,Over My Shoulder,,,,,,,
Covenant,The Men,,,,,,,
The Radio Dept.,Gibraltar,,,,,,,
The Cinematic Orchestra,Reel Life (Evolution Ii),,,,,,,
Mokoma,Veriveljet,,,,,,,
Le Tigre,Keep On Livin',,,,,,,
Mokoma,Takatalvi,,,,,,,
Black Tambourine,By Tomorrow,,,,,,,
Bauhaus,Hair Of The Dog,,,,,,,
Travis,Chinese Blues,,,,,,,
The Rosebuds,Silence By The Lakeside,,,,,,,
Underworld,Mmm Skyscraper I Love You,,,,,,,
Little Richard,Long Tall Sally,,,,,,,
Babyshambles,Pentonville,,,,,,,
Maserati,The World Outside,,,,,,,
Amon Tobin,Chomp Samba,,,,,,,
Hot Chip,One One One,,,,,,,
Wolf Parade,Soldier'S Grin,,,,,,,
Hank Williams Iii,Smoke & Wine,,,,,,,
Blondie,I'M Gonna Love You Too,,,,,,,
Within Temptation,Enter,,,,,,,
Le Tigre,Fake French,,,,,,,
Franco Battiato,Il Vuoto,,,,,,,
Devendra Banhart,Inaniel,,,,,,,
Paradise Lost,Beneath Black Skies,,,,,,,
Rilo Kiley,Bulletproof,,,,,,,
Nellie Mckay,I Wanna Get Married,,,,,,,
Neko Case,Pretty Girls,,,,,,,
Municipal Waste,Accelerated Vision,,,,,,,
Jonathan Larson,Life Support,,,,,,,
Metallica,Free Speech For The Dumb,,,,,,,
Amon Amarth,Bloodshed,,,,,,,
Minus The Bear,Pony Up!,,,,,,,
Belle And Sebastian,I Know Where The Summer Goes,,,,,,,
Amon Amarth,Across The Rainbow Bridge,,,,,,,
Wings,Mull Of Kintyre,,,,,,,
David Bowie,All The Young Dudes,,,,,,,
雅-Miyavi-,Kimi Ni Negai Wo,,,,,,,
Live,All Over You,,,,,,,
Ben Kweller,Walk On Me,,,,,,,
Godsmack,Whatever,,,,,,,
Ray Lamontagne,Till The Sun Turns Black,,,,,,,
Andy Mckee,Drifting,,,,,,,
Gui Boratto,Beautiful Life,,,,,,,
Sigur Rós,Sigur 4 (Untitled),,,,,,,
Ian Van Dahl,Just A Girl (Radio Edit),,,,,,,
Basement Jaxx,On The Train,,,,,,,
Billie Holiday,They Can'T Take That Away From Me,,,,,,,
Elton John,Can You Feel The Love Tonight,,,,,,,
Elton John,I Want Love,,,,,,,
Bauhaus,Endless Summer Of The Damned,,,,,,,
Bauhaus,Of Lillies And Remains,,,,,,,
The Source,You Got The Love,,,,,,,
Spoon,Utilitarian,,,,,,,
Murcof,Maiz,,,,,,,
Aimee Mann,One,,,,,,,
The Black Keys,Countdown,,,,,,,
David Bowie,Alabama Song,,,,,,,
Jonas Brothers,That'S Just The Way We Roll,,,,,,,
Forgotten Boys,All You See,,,,,,,
Forgotten Boys,So So,,,,,,,
Rilo Kiley,Don'T Deconstruct,,,,,,,
Dj Shadow,In/Flux,,,,,,,
Yo La Tengo,Season Of The Shark,,,,,,,
Muse,Agitated,,,,,,,
Alkaline Trio,Fall Victim,,,,,,,
Leonel Nunes,Porque Não Tem Talo O Nabo,,,,,,,
Acidman,Kisetsu No Akari,,,,,,,
The Used,Listening,,,,,,,
Lady Sovereign,Tango,,,,,,,
A Place To Bury Strangers,Another Step Away,,,,,,,
Minus The Bear,El Torrente,,,,,,,
Devendra Banhart,Queen Bee,,,,,,,
Marilyn Manson,Wormboy,,,,,,,
Rilo Kiley,Plane Crash In C,,,,,,,
A Place To Bury Strangers,She Dies,,,,,,,
Pulp,Have You Seen Her Lately?,,,,,,,
Rosemary,Suburban Kings,,,,,,,
Andy Mckee,Heather'S Song,,,,,,,
The Cribs,The Light Went Out,,,,,,,
Conjure One,Endless Dream,0.8,0.6,1.0,0.8,0.2,0.2,0.8
The Cribs,Be Safe,,,,,,,
Conor Oberst,Valle Místico (Ruben'S Song),,,,,,,
Bon Jovi,I'Ll Be There For You,,,,,,,
Eric Clapton,My Father'S Eyes,0.6,0.8,0.4,0.8,0.4,0.2,0.6
The Cooper Temple Clause,Waiting Game,,,,,,,
Corinne Bailey Rae,Seasons Change,,,,,,,
Refused,Refused Are Fuckin Dead,,,,,,,
Aesthetic Perfection,Living The Wasted Life,,,,,,,
Joni Mitchell,The Last Time I Saw Richard,,,,,,,
Santigold,Shove It (Feat. Spank Rock),,,,,,,
Arch Enemy,Ravenous,,,,,,,
Britney Spears,Can'T Make You Love Me,,,,,,,
Vnv Nation,Firstlight,,,,,,,
Between The Buried And Me,Prequel To The Sequel,,,,,,,
Britney Spears,Early Mornin',,,,,,,
Mewithoutyou,Torches Together,,,,,,,
Mokoma,Hiljaisuuden Julistaja,,,,,,,
Agathodaimon,Serpent'S Embrace,,,,,,,
Neko Case,Rated X,,,,,,,
The Offspring,Feelings,,,,,,,
Lucky Soul,Struck Dumb,,,,,,,
Devendra Banhart,Water May Walk,,,,,,,
Metronomy,Side 2,,,,,,,
Michael Jackson,The Girl Is Mine (Feat. Paul Mccartney),,,,,,,
Vnv Nation,Forsaken,,,,,,,
Lady Gaga,Starstruck,,,,,,,
Black Sabbath,Lady Evil,,,,,,,
Elliott Smith,Almost Over,,,,,,,
Lamb,Soft Mistake,,,,,,,
The Decemberists,The Wanting Comes In Waves/Repaid,,,,,,,
Ania Dąbrowska,Tego Chciałam,,,,,,,
Against Me!,Pretty Girls (The Mover),,,,,,,
Pearl Jam,Thumbing My Way,,,,,,,
Peeping Tom,Five Seconds (Feat. Odd Nosdam),,,,,,,
Boards Of Canada,Skimming Stones,,,,,,,
Megadeth,Poison Was The Cure,,,,,,,
Metronomy,You Could Easily Have Me,,,,,,,
Woven Hand,My Russia,,,,,,,
Sigur Rós,Í Gær,,,,,,,
Islands,Creeper,,,,,,,
The Faint,In Concert,,,,,,,
The Black Angels,Call To Arms,,,,,,,
The Streets,Empty Cans,,,,,,,
Jamiroquai,Hot Tequila Brown,,,,,,,
Happy Mondays,Bob'S Yer Uncle,,,,,,,
Josh Ritter,Good Man,,,,,,,
The Jimi Hendrix Experience,Can You See Me,,,,,,,
Amon Amarth,An Ancient Sign Of Coming Storm,,,,,,,
Lady Sovereign,Public Warning,,,,,,,
Between The Buried And Me,White Walls,,,,,,,
Ween,Shamemaker,,,,,,,
Dave Gahan,Deeper And Deeper,,,,,,,
The Go! Team,Fake Id,,,,,,,
Yann Tiersen,La Valse D'Amélie (Orchestra Version),,,,,,,
The Aislers Set,Catherine Says,,,,,,,
Madonna,Skin,,,,,,,
Neil Young,I Believe In You,,,,,,,
Primus,Jerry Was A Race Car Driver,,,,,,,
Rooney,If It Were Up To Me,,,,,,,
Metallica,Breadfan,,,,,,,
Metallica,Carpe Diem Baby,,,,,,,
Bob Dylan,To Ramona,,,,,,,
Björk,Isobel (Deodato Mix),,,,,,,
Johnny Cash,Country Trash,,,,,,,
Brian Eno & David Byrne,The Jezebel Spirit,,,,,,,
Foo Fighters,Disenchanted Lullaby,,,,,,,
Neko Case,Stinging Velvet,,,,,,,
Yann Tiersen,La Terrasse,,,,,,,
R.E.M.,Texarkana,,,,,,,
Erykah Badu,Me,,,,,,,
Erykah Badu,Sometimes (Mix #9),,,,,,,
Zwan,Heartsong,,,,,,,
Astrud Gilberto,Light My Fire,,,,,,,
Hardcore Superstar,Blood On Me,,,,,,,
The Goo Goo Dolls,Amigone,,,,,,,
Flogging Molly,Death Valley Queen,,,,,,,
Flogging Molly,Seven Deadly Sins,,,,,,,
Thievery Corporation,Illumination,,,,,,,
Shpongle,Monster Hit,,,,,,,
Story Of The Year,Take Me Back,,,,,,,
The Fiery Furnaces,Mason City,,,,,,,
The Pussycat Dolls,Hot Stuff (I Want You Back),,,,,,,
The Fiery Furnaces,Birdie Brain,,,,,,,
Björk,Cvalda,,,,,,,
1200 Micrograms,Dmt,,,,,,,
Ramones,Blitzkreig Bob,,,,,,,
Sarah Brightman,Time To Say Goodbye,,,,,,,
Blind Guardian,Straight Through The Mirror,,,,,,,
Bob Dylan,Someday Baby,,,,,,,
The Replacements,Here Comes A Regular,,,,,,,
Turbonegro,Turbonegro Must Be Destroyed,,,,,,,
Dragonforce,Storming The Burning Fields,,,,,,,
Dragonforce,Trail Of Broken Hearts,,,,,,,
Pidżama Porno,Egzystencjalny Paw,,,,,,,
Draconian,The Cry Of Silence,,,,,,,
Turbonegro,You Must Bleed/All Night Long,,,,,,,
The Zutons,Someone Watching Over Me,,,,,,,
Dave Armstrong & Redroche,Love Has Gone (Full Vocal Radio Edit),,,,,,,
Queen,Lazing On A Sunday Afternoon,,,,,,,
Vnv Nation,Secluded Spaces,,,,,,,
Jimmy Eat World,Just Watch The Fireworks,,,,,,,
Pete & The Pirates,Come On Feet,,,,,,,
Akon,Smack That (Feat. Eminem),,,,,,,
Dzihan & Kamien,Stiff Jazz,,,,,,,
Strapping Young Lad,You Suck,,,,,,,
Flo Rida,Elevator (Feat. Timbaland),,,,,,,
Primal Scream,Damaged,,,,,,,
The Album Leaf,Twentytwofourteen,,,,,,,
Bon Iver,Wisconsin,,,,,,,
Dashboard Confessional,The Places You Have Come To Fear The Most,,,,,,,
Matisyahu,Time Of Your Song,,,,,,,
Dashboard Confessional,The Secret'S In The Telling,,,,,,,
Nick Drake,Been Smoking Too Long,,,,,,,
Nick Cave & The Bad Seeds,Watching Alice,,,,,,,
Buckethead,Witches On The Heath,0.0,0.0,0.0,0.0,0.0,0.0,0.0
Dropkick Murphys,Sunshine Highway,,,,,,,
Ministry,Tv Ii,,,,,,,
Stratovarius,Speed Of Light,,,,,,,
The Stone Roses,Here It Comes,,,,,,,
Dizzee Rascal,I Luv U,,,,,,,
Rihanna,Break It Off (Feat. Sean Paul),,,,,,,
Bel Canto,Birds Of Passage,,,,,,,
The Cardigans,Overload,,,,,,,
Slow Motion Reign,Space,,,,,,,
Sloan,I'Ve Gotta Try,,,,,,,
Sébastien Tellier,Roche,,,,,,,
Melanie C,You Will See,,,,,,,
Depeche Mode,A Photograph Of You,0.6,0.6,0.4,0.6,0.2,0.6,0.6
Blaqk Audio,Snuff On Digital,,,,,,,
Hurt,Rapture,,,,,,,
Hurt,Falls Apart,,,,,,,
The God Machine,Boy By The Roadside,,,,,,,
Sonata Arctica,Ain'T Your Fairytale,,,,,,,
Shout Out Louds,There'S Nothing,,,,,,,
Josh Ritter,Wolves,,,,,,,
Shout Out Louds,Suit Yourself,,,,,,,
Amiina,Sexfaldur,,,,,,,
Biffy Clyro,A Whole Child Ago,,,,,,,
Catatonia,Dead From The Waist Down,,,,,,,
Lovage,Pit Stop (Take Me Home),,,,,,,
Meshuggah,Mind'S Mirrors,,,,,,,
Maná,Chaman,,,,,,,
Ride,Twisterella,,,,,,,
Paradise Lost,Pray Nightfall,,,,,,,
Ra Ra Riot,Suspended In Gaffa,,,,,,,
The Smashing Pumpkins,Tristessa,,,,,,,
R.E.M.,Tongue,,,,,,,
The Jimi Hendrix Experience,Little Wing,,,,,,,
The Jimi Hendrix Experience,Highway Chile,,,,,,,
Joe Satriani,Theme For A Strange World,,,,,,,
Susumu Yokota,Wani Natte,,,,,,,
Joe Satriani,It'S So Good,,,,,,,
Ronan Keating,When You Say Nothing At All,,,,,,,
Fun Boy Three,Our Lips Are Sealed,,,,,,,
Cocteau Twins,Ups,,,,,,,
Nine Inch Nails,Deep,,,,,,,
Hadouken!,Liquid Lives (Noisia Remix),,,,,,,
Ride,Here And Now,,,,,,,
Placebo,Battle For The Sun,,,,,,,
Jawbreaker,I Love You So Much It'S Killing Us Both,,,,,,,
Javine,Touch My Fire,,,,,,,
Pantera,Regular People (Conceit),,,,,,,
Moonspell,Everything Invaded,,,,,,,
Megadeth,Use The Man,,,,,,,
Nine Inch Nails,35 Ghosts Iv,,,,,,,
The Essex Green,Mrs. Bean,,,,,,,
Razorlight,Who Needs Love,,,,,,,
Ministry,Hero,,,,,,,
Ben Folds Five,Fair,,,,,,,
Imogen Heap,Angry Angel,,,,,,,
Britney Spears,Over To You Now,,,,,,,
The Presidents Of The United States Of America,Dune Buggy,,,,,,,
The Presidents Of The United States Of America,Kick Out The Jams,,,,,,,
Immortal Technique,The Prophecy,,,,,,,
Hooverphonic,Autoharp,,,,,,,
Hooverphonic,Renaissance Affair,,,,,,,
Hooverphonic,Out Of Tune,,,,,,,
The Reindeer Section,Grand Parade,,,,,,,
Brakes,I Can'T Stand To Stand Beside You,,,,,,,
Beatsteaks,Hello Joe,,,,,,,
The Beta Band,I Know,,,,,,,
The Beta Band,Wonderful,,,,,,,
Sondre Lerche,The Tape,,,,,,,
The Organ,I Am Not Surprised,,,,,,,
Bel Canto,Continuum,,,,,,,
The Chameleons,In Shreds,,,,,,,
Émilie Simon,Le Vieil Amant,,,,,,,
Kid Koala,Fender Bender,,,,,,,
The Fiery Furnaces,Smelling Cigarettes,,,,,,,
The Fiery Furnaces,Paw Paw Tree,,,,,,,
50 Cent,U Not Like Me,,,,,,,
Joss Stone,Right To Be Wrong,0.8,1.0,0.6,0.8,0.4,0.2,0.6
Cascada,Miracle,,,,,,,
Gentle Giant,Raconteur Troubadour,,,,,,,
1200 Micrograms,Garden Of Eden,,,,,,,
The All-American Rejects,Happy Endings,,,,,,,
Aqua,My Oh My,,,,,,,
The Aliens,Only Waiting,,,,,,,
Husky Rescue,My World,,,,,,,
Shearwater,On The Death Of The Waters,,,,,,,
Cat Stevens,Where Do The Children Play?,,,,,,,
Ne-Yo,Because Of You (Sunfreakz Remix),,,,,,,
Sussie 4,Fly,,,,,,,
Kylie Minogue,More More More,,,,,,,
Madeleine Peyroux,No More,,,,,,,
The Everly Brothers,Bye Bye Love,,,,,,,
Rammstein,Das Modell,,,,,,,
Sherwood,Song In My Head,,,,,,,
E Nomine,Nebelpfade,,,,,,,
Pet Shop Boys,More Than A Dream,,,,,,,
Mastodon,Joseph Merrick,,,,,,,
Black Box Recorder,The Facts Of Life,,,,,,,
E Nomine,Vater Unser,,,,,,,
Chris Garneau,Saturday,,,,,,,
Pearl Jam,Evenflow,,,,,,,
Ane Brun,Where Friend Rhymes With End,,,,,,,
Morrissey,I Don'T Mind If You Forget Me,,,,,,,
Johnny Cash,A Boy Named Sue (Live),,,,,,,
Dream Theater,6:00,,,,,,,
Wintersun,Winter Madness,,,,,,,
M. Ward,Paul'S Song,,,,,,,
This Mortal Coil,Kangaroo,,,,,,,
My Darling You!,Please Don'T Talk To Me I Fall In Love So Easily,,,,,,,
The Lemonheads,Confetti,,,,,,,
Imogen Heap,Rake It In,,,,,,,
Paul Mccartney,Mr. Bellamy,,,,,,,
Wintersun,Battle Against Time,,,,,,,
Leftfield,Phat Planet,,,,,,,
Queens Of The Stone Age,You Think I Ain'T Worth A Dollar But I Feel Like A Millionaire,,,,,,,
3 Doors Down,Duck And Run,,,,,,,
Repo! The Genetic Opera,Zydrate Anatomy,,,,,,,
Counting Crows,A Murder Of One,,,,,,,
Songs: Ohia,Coxcomb Red,,,,,,,
Darkthrone,Ravnajuv,,,,,,,
Darkthrone,Majestic Desolate Eye,,,,,,,
Children Of Bodom,Silent Scream,,,,,,,
Darkthrone,Iconoclasm Sweeps Cappadocia,,,,,,,
Yves Larock,Rise Up (Radio Edit),,,,,,,
Hooverphonic,Inhaler,,,,,,,
Yes,Starship Trooper,,,,,,,
Hawthorne Heights,Pens And Needles,,,,,,,
Hawthorne Heights,Breathing In Sequence,,,,,,,
Smog,Let Me See The Colts,,,,,,,
Pretty Girls Make Graves,The Nocturnal House,,,,,,,
Manu Chao,Besoin De La Lune,,,,,,,
Richard Ashcroft,Science Of Silence,,,,,,,
Christina Aguilera,Makes Me Wanna Pray,,,,,,,
Disturbed,Intoxication,,,,,,,
Scar Symmetry,Hybrid Cult,,,,,,,
Rome,Das Unbedingte,,,,,,,
Yonderboi,Fairy Of The Lake,,,,,,,
Everlast,White Trash Beautiful,,,,,,,
Immortal,Damned In Black,,,,,,,
The Allman Brothers Band,Blue Sky,,,,,,,
The Isley Brothers,Summer Breeze,,,,,,,
M-Flo♥Bennie K,Taste Your Stuff (Happy Drive),,,,,,,
Kylie Minogue,Nu-Di-Ty,,,,,,,
The Cool Kids,A Little Bit Cooler,,,,,,,
Explosions In The Sky,From West Texas,,,,,,,
Kyle Jennings,Down The River,,,,,,,
Bonobo,Terrapin (Sonorous Mix),,,,,,,
John Frusciante,Scratches,,,,,,,
Kaki King,Jessica,,,,,,,
Richard Ashcroft,C'Mon People (We'Re Making It Now),,,,,,,
Dark Tranquillity,Punish My Heaven,,,,,,,
Dark Tranquillity,Damage Done,,,,,,,
Placebo,Slackerbitch,,,,,,,
Judas Priest,Angel,,,,,,,
The Pigeon Detectives,Caught In Your Trap,,,,,,,
The Presets,Aeons,,,,,,,
Westlife,Uptown Girl,0.8,0.6,0.4,0.8,0.2,0.4,1.0
Outkast,B.O.B.,,,,,,,
Natalie Merchant,Carnival,0.6,0.8,0.8,1.0,0.2,0.4,0.4
Finntroll,Kyrkovisan,,,,,,,
Outkast,Rosa Parks,,,,,,,
Blackmore'S Night,Wish You Were Here,,,,,,,
Matchbox Twenty,Cold,,,,,,,
Faith No More,Star A.D.,,,,,,,
Tracy Chapman,Telling Stories,,,,,,,
Turisas,One More,,,,,,,
Joe Strummer & The Mescaleros,Mondo Bongo,,,,,,,
Nine Inch Nails,21 Ghosts Iii,,,,,,,
Ok Go,C-C-C-Cinnamon Lips,,,,,,,
Grandaddy,Everything Beautiful Is Far Away,,,,,,,
The Postal Service,We Will Become Silhouettes (Matthew Dear'S Not Scared Mix),,,,,,,
Los Bunkers,Me Muelen A Palos,,,,,,,
Patti Smith,Break It Up,,,,,,,
Supreme Beings Of Leisure,Under The Gun,,,,,,,
Rachel'S,Moscow Is In The Telephone,,,,,,,
Alice Cooper,Bed Of Nails,0.6,0.8,0.2,0.4,0.8,0.2,0.6
Cascada,What Hurts The Most (Radio Edit),,,,,,,
Opeth,Face Of Melinda,,,,,,,
Opeth,Demon Of The Fall (Live At The Roundhouse),,,,,,,
In Flames,Scorn,,,,,,,
Blade Loki,No Pasaran,,,,,,,
In Flames,Morphing Into Primal,,,,,,,
Chemistry,アシタヘカエル,,,,,,,
Set Your Goals,Mutiny!,,,,,,,
Dark Funeral,The Secrets Of The Black Arts,,,,,,,
Manu Chao,Bixo,,,,,,,
X-Ray Spex,Art-I-Ficial,0.6,0.4,0.2,0.2,0.8,0.6,0.2
Assemblage 23,Cocoon,,,,,,,
Morrissey,Boxers,,,,,,,
Morphine,The Saddest Song,,,,,,,
Ben Folds Five,Smoke,,,,,,,
Herbert,Movie Star,,,,,,,
Leftfield,Afrika Shox,,,,,,,
The Egg,Walking Away (Tocadisco Remix),,,,,,,
The Eighties Matchbox B-Line Disaster,Celebrate Your Mother,,,,,,,
Nick Cave & The Bad Seeds,Straight To You,,,,,,,
Puscifer,Drunk With Power,,,,,,,
The Honorary Title,Far More,0.6,0.6,0.6,0.6,0.4,0.4,0.4
Amos Lee,Arms Of A Woman,,,,,,,
Xploding Plastix,Happy Jizz Girls,,,,,,,
Electric Six,I'M The Bomb,,,,,,,
Electric Six,Naked Pictures (Of Your Mother),,,,,,,
Morrissey,Certain People I Know,,,,,,,
Stéphane Pompougnac,Closer To Julie,,,,,,,
The Postal Service,Nothing Better (Styrofoam Remix),0.6,0.6,0.8,0.8,0.2,0.4,0.6
Van Halen,It'S About Time,,,,,,,
Klaxons,Electrickery,,,,,,,
Alexandre Desplat,Prologue,,,,,,,
Broadcast,Arc Of A Journey,,,,,,,
K.D. Lang,Constant Craving,,,,,,,
Hypocrisy,Dead Sky Dawning,,,,,,,
Mylo,Musclecar Reform Reprise,,,,,,,
Fall Out Boy,Homesick At Space Camp,,,,,,,
Nas,One Love,,,,,,,
Radiohead,You And Whose Army,0.6,0.4,0.8,0.8,0.2,0.4,0.6
The Walkmen,Thinking Of A Dream I Had,,,,,,,
The Stooges,Fun House,,,,,,,
Death,Painkiller,,,,,,,
Hello Saferide,I Don'T Sleep Well,,,,,,,
Judas Priest,You Don'T Have To Be Old To Be Wise,,,,,,,
The Lightning Seeds,Lucky You,,,,,,,
Alanis Morissette,Eight Easy Steps,,,,,,,
Antony And The Johnsons,I Fell In Love With A Dead Boy,,,,,,,
Helloween,I Want Out,,,,,,,
Final Fantasy,This Is The Dream Of Win And Regine,,,,,,,
Kmfdm,Juke Joint Jezebel,,,,,,,
A-Ha,Velvet,,,,,,,
Modest Mouse,Make Everyone Happy / Mechanical Birds,,,,,,,
Vertical Horizon,Forever,,,,,,,
Dream Theater,Forsaken,,,,,,,
Rock Kills Kid,Hideaway,,,,,,,
Pearl Jam,Love Boat Captain,,,,,,,
Electric Six,Getting Into The Jam,,,,,,,
M-Flo,DopemanH (Maboroshi Remix),,,,,,,
X-Ray Spex,Warrior In Woolworths,,,,,,,
The Pillows,Subhuman,,,,,,,
Miles Davis,Rocker,,,,,,,
The Young Knives,In The Pink,,,,,,,
Bonnie 'Prince' Billy,Even If Love,,,,,,,
Jim Noir,My Patch,,,,,,,
Cannibal Corpse,I Cum Blood,,,,,,,
Damon Albarn,Closet Romantic,,,,,,,
Weezer,Slob,,,,,,,
Orbital,Halcyon And On And On,,,,,,,
Dan Deacon,Wham City,,,,,,,
Aaliyah,We Need A Resolution,,,,,,,
Manowar,Swords In The Wind,0.8,1.0,0.2,0.6,0.4,0.2,0.6
Ghostface Killah,Poisonous Darts,,,,,,,
Bonnie 'Prince' Billy,For Every Field There'S A Mole,,,,,,,
Richard Ashcroft,Brave New World,,,,,,,
Guns N' Roses,Sweet Child Of Mine,,,,,,,
Nancy Sinatra & Lee Hazlewood,You'Ve Lost That Lovin' Feelin',,,,,,,
Fightstar,Floods,,,,,,,
Fightstar,Hazy Eyes,,,,,,,
The Duke Spirit,So Good To Hear,,,,,,,
Mansun,Fall Out,,,,,,,
Death,Perennial Quest,,,,,,,
Red Hot Chili Peppers,Road Trippin,,,,,,,
Electric Light Orchestra Part Ii,Showdown,,,,,,,
Jimi Hendrix,Love Or Confusion,0.6,0.8,0.4,0.6,0.8,0.4,0.2
Mastodon,Oblivion,,,,,,,
Matthew Dear,Give Me More,,,,,,,
Mastodon,Thank You For This,,,,,,,
Constantines,Hotline Operator,,,,,,,
Max Richter,Horizon Variations,,,,,,,
Voxtrot,Long Haul,,,,,,,
The Avalanches,Summer Crane,,,,,,,
Broadcast,Ddl,,,,,,,
Sepultura,Troops Of Doom,,,,,,,
Jack White & Alicia Keys,Another Way To Die,,,,,,,
Sepultura,Kaiowas,,,,,,,
Scouting For Girls,She'S So Lovely,,,,,,,
Mägo De Oz,Requiem,,,,,,,
Helios,Sons Of Light And Darkness,,,,,,,
The B-52'S,52 Girls,,,,,,,
Patrick Wolf,Running Up That Hill,,,,,,,
שירי מימון,The Silence That Remains (Israel),,,,,,,
Dan Deacon,Snake Mistakes,,,,,,,
Antônio Carlos Jobim,The Girl From Ipanema,,,,,,,
Chemistry,Now Or Never,,,,,,,
Sentenced,No More Beating As One,,,,,,,
Utada,Tippy Toe,,,,,,,
Utada,Let Me Give You My Love,,,,,,,
Fatboy Slim,Brimful Of Asha (Cornershop Fbs Remix),,,,,,,
The Libertines,The Delaney,,,,,,,
Cansei De Ser Sexy,I Fly,,,,,,,
Billy Talent,Lies,,,,,,,
Electrelane,Take The Bit Between Your Teeth,,,,,,,
Electrelane,This Deed,,,,,,,
The Beatles,Real Love,0.6,0.8,0.6,0.8,0.4,0.6,0.8
Os Mutantes,O Relógio,,,,,,,
Metallica,Sabbra Cadabra,,,,,,,
Sentenced,Mourn,,,,,,,
Daniel Johnston,Walking The Cow,,,,,,,
Alanis Morissette,You Owe Me Nothing In Return,0.6,0.8,0.6,1.0,0.2,0.4,0.2
...And You Will Know Us By The Trail Of Dead,The Best,,,,,,,
Nikki Clan,No Me Digas Que No,,,,,,,
Constantines,Love In Fear,,,,,,,
The Magnetic Fields,Three-Way,,,,,,,
The Magnetic Fields,Too Drunk To Dream,,,,,,,
The Magnetic Fields,When My Boy Walks Down The Street,,,,,,,
U2,Hawkmoon 269,,,,,,,
The Tough Alliance,Neo Violence,,,,,,,
Ghosts,Stay The Night,,,,,,,
T.A.T.U.,Dangerous And Moving,,,,,,,
Lacuna Coil,Purify,0.6,0.8,0.4,0.6,0.6,0.2,0.6
Lacuna Coil,Falling Again,,,,,,,
Bloc Party,Helicopter (Whitey Version),,,,,,,
And One,You Don'T Love Me Anymore,,,,,,,
Green Carnation,Maybe?,,,,,,,
Orchestral Manoeuvres In The Dark,Maid Of Orleans,,,,,,,
Cat Power,Enough,,,,,,,
Team Sleep,Natalie Portman,,,,,,,
At The Drive-In,Ebroglio,,,,,,,
These New Puritans,Doppelgänger,,,,,,,
Machine Head,Halo,,,,,,,
U2,Do You Feel Loved,0.6,0.8,0.4,0.8,0.4,0.2,0.6
In Flames,Artifacts Of The Black Rain,,,,,,,
Dinosaur Jr.,Raisans,,,,,,,
Aphex Twin,Logan Rock Witch,,,,,,,
Sebadoh,Skull,,,,,,,
Trentemøller,Always Something Better,,,,,,,
Fear Factory,Slave Labor,,,,,,,
Aphex Twin,Btoum-Roumada,,,,,,,
Aphex Twin,Mookid,,,,,,,
Cat Power,Good Clean Fun,,,,,,,
Múm,Schoolsong Misfortune,,,,,,,
Junior Senior,Can I Get Get Get,0.6,0.6,0.4,0.8,0.2,0.6,0.8
Orchestral Manoeuvres In The Dark,Waiting For The Man,,,,,,,
Autechre,Montreal,,,,,,,
Cass Elliot,Make Your Own Kind Of Music,,,,,,,
Dangerous Muse,Break Up,,,,,,,
Dangerous Muse,Give Me Danger,,,,,,,
The Beatles,Honey Don'T,,,,,,,
Fedo Mora & Camurri,After The Rain,,,,,,,
Amorphis,Crimson Wave,,,,,,,
Bel Canto,The Dinosaur-Slipper-Man,,,,,,,
Freeland,We Want Your Soul,,,,,,,
Iron Maiden,Flash Of The Blade,,,,,,,
Amorphis,Forever More,,,,,,,
Amorphis,Far From The Sun,,,,,,,
Pink Floyd,One Slip,,,,,,,
Nightwish,Two For Tragedy,,,,,,,
Misfits,Spinal Remains,,,,,,,
Freeland,Mind Killer,,,,,,,
Curtis Mayfield,Pusherman,,,,,,,
Slayer,Bitter Peace,,,,,,,
The Brian Jonestown Massacre,All Around You (Intro),,,,,,,
Within Temptation,Candles,,,,,,,
Bel Canto,Paradise,,,,,,,
Bel Canto,Oyster,,,,,,,
Slagsmålsklubben,Övningsköra,,,,,,,
Tenacious D,City Hall,,,,,,,
Rufus Wainwright,Everybody Knows,,,,,,,
Ali Project,Yuukyou Seishunka,,,,,,,
Mr. Bungle,Slowly Growing Deaf,,,,,,,
St. Germain,Land Of...,,,,,,,
Depeche Mode,Miles Away/The Truth Is,,,,,,,
Cassius,Rock Number One,,,,,,,
Mae,Soundtrack For Our Movie,,,,,,,
Broken Social Scene,Time = Cause,,,,,,,
And One,Life To Lose,,,,,,,
Michael Nyman,The Scent Of Love,,,,,,,
Live,Sun,,,,,,,
Lacuna Coil,To Live Is To Hide,,,,,,,
This Will Destroy You,They Move On Tracks Of Never-Ending Light,,,,,,,
Tenacious D,Drive-Thru,,,,,,,
Sum 41,Mr. Amsterdam,,,,,,,
The Sounds,Riot,,,,,,,
Great Lake Swimmers,Song For The Angels,,,,,,,
Manic Street Preachers,The Girl Who Wanted To Be God,,,,,,,
Zero 7,Waiting To Die,,,,,,,
Heaven 17,Let Me Go,,,,,,,
Sun Kil Moon,Jesus Christ Was An Only Child,,,,,,,
Sun Kil Moon,Exit Does Not Exist,,,,,,,
Lacuna Coil,The Prophet Said,,,,,,,
Sun Kil Moon,Grey Ice Water,,,,,,,
The Specials,Nite Klub,,,,,,,
Pet Shop Boys,Luna Park,0.6,0.6,0.8,1.0,0.0,0.4,0.6
Sonic Youth,Purr,,,,,,,
Sugarcult,Pretty Girl (The Way),,,,,,,
Just Jack,I Talk Too Much,,,,,,,
N.W.A,Fuck Tha Police,,,,,,,
The Wrens,This Boy Is Exhausted,,,,,,,
The Killers,Forget About What I Said,,,,,,,
The Wrens,She Sends Kisses,,,,,,,
Jean-Jacques Burnel,You Won'T See Me Coming (Tv Size),0.6,0.6,0.2,0.4,0.8,0.4,0.2
Clinic,Distortions,0.4,0.4,0.8,0.6,0.6,0.8,0.2
Manic Street Preachers,Little Baby Nothing,0.8,0.6,0.4,0.6,0.4,0.2,0.8
Nightmares On Wax,Deepdown,,,,,,,
Dido,Look No Further,,,,,,,
Autechre,Io,,,,,,,
Dir En Grey,Cage,,,,,,,
Justin Timberlake,Chop Me Up,,,,,,,
Apocalyptica,Creeping Death,,,,,,,
Apocalyptica,Cortége,,,,,,,
Mägo De Oz,Noche Toledana,,,,,,,
Lauryn Hill,Can'T Take My Eyes Off Of You,,,,,,,
The Beach Boys,Surfin' U.S.A.,,,,,,,
The Dandy Warhols,Ride,,,,,,,
Metallica,Purify,,,,,,,
Alanis Morissette,Versions Of Violence,,,,,,,
Anberlin,The Runaways,,,,,,,
Metallica,The Unnamed Feeling,,,,,,,
Jacques Brel,Ne Me Quitte Pas,,,,,,,
Timbaland,Miscommunication (Feat. Keri Hilson & Sebastian),,,,,,,
Ferry Corsten,Rock Your Body Rock,,,,,,,
Jethro Tull,My God,,,,,,,
Midlake,You Never Arrived,0.4,0.6,0.8,0.8,0.2,0.4,0.6
Sneaker Pimps,6 Underground (Nellee Hooper Edit),,,,,,,
Christina Aguilera,Can'T Hold Us Down,,,,,,,
U2,Mofo,,,,,,,
Christina Aguilera,Back In The Day,,,,,,,
Thurston Moore,The Shape Is In A Trance,,,,,,,
Wilco,Cars Can'T Escape,,,,,,,
Backyard Babies,I Love To Roll,,,,,,,
Los Bunkers,Llueve Sobre La Ciudad,,,,,,,
Marillion,Hooks In You,,,,,,,
Animal Collective,Prospect Hummer,,,,,,,
The Streets,Stay Positive,,,,,,,
Yes,Siberian Khatru,,,,,,,
Pearl Jam,Sleight Of Hand,,,,,,,
Nine Inch Nails,32 Ghosts Iv,,,,,,,
At The Gates,Need,,,,,,,
Morphine,Thursday,,,,,,,
Gza/Genius,Living In The World Today,,,,,,,
Robyn,Robotboy,,,,,,,
Lene Marlin,Sitting Down Here,,,,,,,
Melanie C,Something'S Gonna Happen,,,,,,,
The Hives,Square One Here I Come,,,,,,,
We Are Scientists,That'S What Counts,,,,,,,
3 Doors Down,The Real Life,,,,,,,
Morphine,All Wrong,,,,,,,
Electric President,Insomnia,,,,,,,
Electric Light Orchestra Part Ii,Hold On Tight,,,,,,,
Electric Light Orchestra Part Ii,Can'T Get It Out Of My Head,,,,,,,
Morcheeba,Moog Island,,,,,,,
Death,Flesh And The Power It Holds,,,,,,,
Robots In Disguise,Mirror Mirror,,,,,,,
Phoenix,Definitive Breaks,,,,,,,
The Music,Cessation,,,,,,,
The Music,Drugs,,,,,,,
U2,Acrobat,,,,,,,
A-Ha,Lifelines,,,,,,,
Veruca Salt,Seether,,,,,,,
Ellen Allien,Secret,,,,,,,
Ellen Allien,Ghost Train,,,,,,,
Fujiya & Miyagi,Uh,,,,,,,
Brian Eno,Sombre Reptiles,,,,,,,
Morrissey,Our Frank,,,,,,,
Morrissey,One Day Goodbye Will Be Farewell,,,,,,,
Ane Brun,Rubber & Soul,,,,,,,
Crime In Stereo,Compass And Square,,,,,,,
Madonna,Nobody Knows Me,,,,,,,
The Mountain Goats,Palmcorder Yajna,,,,,,,
The Rembrandts,I'Ll Be There For You,,,,,,,
The Charlatans,You Cross My Path,,,,,,,
Go-Go'S,We Got The Beat,,,,,,,
Reagan Youth,New Aryans,,,,,,,
Small Faces,Happiness Stan,,,,,,,
Slumber,Conflict,,,,,,,
Teenagersintokyo,Death Rides A Horse,,,,,,,
Hooverphonic,Out Of Sight,,,,,,,
Korn,Reclaim My Place,,,,,,,
Brian Eno,The True Wheel,,,,,,,
G-Spot Radio Version,N-R-G,,,,,,,
Funker Vogt,Under Deck (Beborn Beton Remix),,,,,,,
Red Hot Chili Peppers,Havana Affair,,,,,,,
Creed,What If,,,,,,,
Bent,Magic Love,,,,,,,
Marilyn Manson,In The Shadow Of The Valley Of Death,,,,,,,
The Cranberries,Never Grow Old,,,,,,,
Elastica,Blue,,,,,,,
Elastica,S.O.F.T.,,,,,,,
The Delgados,I Fought The Angels,,,,,,,
The Cardigans,Feathers And Down,0.8,0.6,0.8,1.0,0.2,0.4,0.4
Kettcar,Ich Danke Der Academy,,,,,,,
Jarvis Cocker,Big Julie,,,,,,,
The Psychedelic Furs,Dumb Waiters,,,,,,,
Wilco,Sunken Treasure,0.4,0.6,0.8,0.6,0.6,0.6,0.4
Slipknot,Vendetta,,,,,,,
鈴村健一,Value,,,,,,,
Fugazi,Give Me The Cure,,,,,,,
Brian Eno & David Byrne,One Fine Day,,,,,,,
Brian Eno & David Byrne,Wanted For Life,,,,,,,
The Game,Church For Thugs,,,,,,,
Why?,Gemini (Birthday Song),,,,,,,
Philip Glass,Opening,,,,,,,
Spoon,Metal Detektor,,,,,,,
Pidżama Porno,Bułgarskie Centrum Hujozy,,,,,,,
Dragonforce,Cry For Eternity,,,,,,,
Peaches,You Love It,,,,,,,
Dragonforce,The Flame Of Youth,,,,,,,
Korpiklaani,Wooden Pints,,,,,,,
Mors Principium Est,The Animal Within,,,,,,,
Cro-Mags,Hard Times,,,,,,,
Bel Canto,Blank Sheets,,,,,,,
Cro-Mags,Show You No Mercy,,,,,,,
Pure Reason Revolution,Apprentice Of The Universe,,,,,,,
Pulp,Weeds,,,,,,,
Morrissey,Such A Little Thing Makes Such A Big Difference,,,,,,,
Why?,Simeon'S Dilemma,0.6,0.6,0.8,0.6,0.4,0.6,0.2
Why?,Sanddollars,,,,,,,
Social Distortion,Story Of My Life,,,,,,,
King Crimson,Matte Kudasai,,,,,,,
Kim Sozzi,Feel Your Love (Original Extended),,,,,,,
Amy Winehouse,Will You Still Love Me Tomorrow,,,,,,,
Guillemots,Kriss Kross,,,,,,,
Depeche Mode,Freestate,,,,,,,
Kraftwerk,Dentaku,,,,,,,
Kraftwerk,Aero Dynamik,,,,,,,
The Decemberists,A Bower Scene,,,,,,,
The Hives,Inspection Wise 1999,,,,,,,
Indochine,Stef Ii,,,,,,,
Björk,Big Time Sensuality (The Fluke Minimix),,,,,,,
Anna Nalick,Breathe,,,,,,,
The Flaming Lips,It Overtakes Me/The Stars Are So Big... I Am So Small... Do I Stand A Chance?,,,,,,,
Death Cab For Cutie,Tv Trays,,,,,,,
Razor,Evil Invaders,,,,,,,
Aberdeen City,Another Seven Years,,,,,,,
Jason Mraz,O. Lover,,,,,,,
+44,155,,,,,,,
M. Ward,I'Ll Be Yr Bird,,,,,,,
Bob Marley,Mellow Mood,,,,,,,
Elliott Smith,Placeholder,,,,,,,
M. Ward,Hi-Fi,,,,,,,
Ac/Dc,Bad Boy Boogie,,,,,,,
Ugly Kid Joe,Cats In The Cradle,,,,,,,
Spın̈Al Tap,Big Bottom,,,,,,,
The Cribs,It Was Only Love,,,,,,,
Depeche Mode,Everything Counts (Live),,,,,,,
Joe Satriani,Redshift Riders,,,,,,,
65Daysofstatic,Primer,,,,,,,
Leaves' Eyes,Lovelorn,,,,,,,
Eluvium,The Well-Meaning Professor,,,,,,,
The Cribs,The Wrong Way To Be,,,,,,,
Tori Amos,The Wrong Band,,,,,,,
The Jackson 5,The Love You Save,,,,,,,
Alphaville,Dance With Me,,,,,,,
Inxs,Don'T Change,,,,,,,
Pale Saints,Throwing Back The Apple,,,,,,,
Alex Gaudino,Destination Unknown,,,,,,,
Pearl Jam,Smile,,,,,,,
Queensrÿche,The Needle Lies,,,,,,,
Pantera,Cat Scratch Fever,,,,,,,
Black Flag,Forever Time,,,,,,,
The Chemical Brothers,Denmark,,,,,,,
Pantera,13 Steps To Nowhere,,,,,,,
Mclusky,No New Wave No Fun,,,,,,,
After Forever,Silence From Afar,,,,,,,
Mclusky,Day Of The Deadringers,,,,,,,
Pinback,This Red Book,,,,,,,
Johnny Cash,It Ain'T Me Babe,,,,,,,
Johnny Cash,I'M So Lonesome I Could Cry,,,,,,,
Amorphis,The Night Is Over,,,,,,,
Johnny Cash,If You Could Read My Mind,,,,,,,
Kraftwerk,Trans-Europe Express,,,,,,,
Kraftwerk,Kometenmelodie 1,,,,,,,
Kraftwerk,Tour De France Étape 1,,,,,,,
Pavement,Hit The Plane Down,,,,,,,
Kent,Elvis,,,,,,,
Elliott Smith,The Enemy Is You,,,,,,,
Amorphis,Rusty Moon,0.4,0.6,0.4,0.6,0.8,0.4,0.8
Blur,Jubilee,,,,,,,
Bauhaus,In Fear Of Fear,,,,,,,
Cocteau Twins,Pandora,,,,,,,
Front 242,Im Rhythmus Bleiben,,,,,,,
Armor For Sleep,Dream To Make Believe,,,,,,,
Sleater-Kinney,I Wanna Be Your Joey Ramone,,,,,,,
Johnny Cash,So Doggone Lonesome,,,,,,,
Bright Eyes,I Watched You Taking Off,,,,,,,
Tori Amos,She'S Your Cocaine,,,,,,,
Elvis Presley,Too Much,,,,,,,
Ac/Dc,If You Want Blood (You'Ve Got It),,,,,,,
Robbie Williams,Beyond The Sea,,,,,,,
Tiësto,Break My Fall,,,,,,,
Montefiori Cocktail,Gipsy Woman,,,,,,,
Rob Zombie,Dragula (Hot Rod Herman Remix),,,,,,,
Sparks,La Dolce Vita,,,,,,,
Sparks,Here In Heaven,,,,,,,
The Rolling Stones,Good Times,,,,,,,
Blake Lewis,How Many Words,,,,,,,
Pain Of Salvation,Of Two Beginnings,,,,,,,
Telefon Tel Aviv,Your Face Reminds Me Of When I Was Old,0.6,0.6,0.8,1.0,0.0,0.4,0.2
Jarvis Cocker,From A To I,,,,,,,
Pink Floyd,Crying Song,,,,,,,
Ultra Naté,Automatic (Discode Mix),,,,,,,
Frightened Rabbit,Head Rolls Off,,,,,,,
All That Remains,Not Alone,,,,,,,
Gym Class Heroes,The Queen And I,,,,,,,
Queensrÿche,Operation: Mindcrime,,,,,,,
The Gathering,Kevin'S Telescope,,,,,,,
The Crystal Method,Comin' Back,,,,,,,
Joe Satriani,Made Of Tears,,,,,,,
Eluvium,Requiem On Frankfort Ave.,,,,,,,
Cake,Short Skirt/Long Jacket,,,,,,,
Yann Tiersen,Bagatelle,,,,,,,
Ulrich Schnauss,Molfsee,,,,,,,
Telefon Tel Aviv,I Lied,0.6,0.4,0.8,1.0,0.0,0.2,0.8
Nightwish,Tutankhamen,,,,,,,
Guillemots,Made Up Lovesong #43,,,,,,,
Rob Zombie,Blitzkrieg Bop,,,,,,,
Rob Thomas,Problem Girl,,,,,,,
Yellowcard,Five Becomes Four,,,,,,,
Halifax,Broken Glass Syndrome,,,,,,,
Ac/Dc,Stormy May Day,,,,,,,
Kelly Rowland,Can'T Nobody,,,,,,,
Mae,The Ocean,,,,,,,
Alphaville,The Jet Set,,,,,,,
Johnny Foreigner,Hennings Favourite,,,,,,,
Johnny Cash & June Carter,Jackson,,,,,,,
Calexico,Lucky Dime,,,,,,,
Sparklehorse,Apple Bed,,,,,,,
This Will Destroy You,The Mighty Rio Grande,,,,,,,
Ultravox,New Europeans,,,,,,,
Freestylers,In Love With You,,,,,,,
Bel Canto,Rush,,,,,,,
Slayer,Expendable Youth,,,,,,,
Embrace,Wish 'Em All Away,,,,,,,
The Prodigy,The Heat (The Energy),,,,,,,
Lush,De-Luxe,,,,,,,
Venetian Snares,Hiszékeny,,,,,,,
Anna Ternheim,My Secret,,,,,,,
Ruki Na Odeyalo,Hills And,,,,,,,
Infadels,Can'T Get Enough,0.6,0.8,0.4,0.8,0.6,0.4,0.8
Yellowcard,Sure Thing Falling,,,,,,,
Depeche Mode,Lie To Me,,,,,,,
De La Soul,Intro,,,,,,,
Tenacious D,Car Chase City,,,,,,,
Velvet Revolver,You Got No Right,,,,,,,
Russian Circles,New Macabre,,,,,,,
Chuck Berry,Maybellene,,,,,,,
Atlas Sound,Bite Marks,,,,,,,
Stabbing Westward,Haunting Me,,,,,,,
David Guetta,Tomorow Can Wait (Radio Edit),,,,,,,
Skinny Puppy,Vx Gas Attack,,,,,,,
Jay-Z,Dirt Off Your Shoulder,,,,,,,
Michael Bublé,Lost,,,,,,,
Therapy?,Diane,,,,,,,
Wednesday 13,Bad Things,,,,,,,
Hot Snakes,Suicide Invoice,,,,,,,
Madness,Shut Up,,,,,,,
Johnossi,Glory Days To Come,,,,,,,
Yellow Generation,Tobira No Mukou He,,,,,,,
Black Label Society,Suicide Messiah,,,,,,,
The Rolling Stones,Parachute Woman,,,,,,,
Black Sabbath,The Mob Rules,,,,,,,
Ulver,The Future Sound Of Music,,,,,,,
Testament,D.N.R. (Do Not Resuscitate),,,,,,,
Cocteau Twins,Bluebeard,,,,,,,
Beck,1000Bpm,,,,,,,
Rush,Between The Wheels,,,,,,,
Annie,Greatest Hit,,,,,,,
Madvillain,Shadows Of Tomorrow (Feat. Lord Quas),,,,,,,
Emilíana Torrini,Next Time Around,,,,,,,
Emilíana Torrini,Tuna Fish,,,,,,,
The Dead Milkmen,Dean'S Dream,,,,,,,
Death In Vegas,Aisha,,,,,,,
Efterklang,Foetus,,,,,,,
Marilyn Manson,The Bright Young Things,,,,,,,
Efterklang,Swarming,,,,,,,
Duels,Potential Futures,,,,,,,
The Hours,Ali In The Jungle,,,,,,,
Coldplay,Lost,,,,,,,
Stam1Na,Peto Rakasti Sinua,0.4,0.8,0.2,0.4,1.0,0.4,0.6
Dope Stars Inc.,Lost,,,,,,,
David Gilmour,The Blue,,,,,,,
David Gilmour,Castellorizon,,,,,,,
Death From Above 1979,Romantic Rights (Dahlback Remix),,,,,,,
Skalpel,1958,,,,,,,
Lamb Of God,Vigil,,,,,,,
Chikinki,Ether Radio,,,,,,,
Bad Religion,Sorrow,,,,,,,
Skinny Puppy,Rash Reflection,,,,,,,
Rush,War Paint,0.6,0.6,0.2,0.6,0.4,0.4,0.4
Afi,Wester,,,,,,,
Keane,Love Is The End,,,,,,,
Skid Row,Big Guns,,,,,,,
Bel Canto,Without You,,,,,,,
David Gilmour,Take A Breath,,,,,,,
Belanova,Por Ti,,,,,,,
Belanova,Niño,,,,,,,
Hallucinogen,Demention,,,,,,,
Bel Canto,White-Out Conditions,,,,,,,
The Gathering,Sand And Mercury,,,,,,,
Soilwork,Centro De Predominio,,,,,,,
The Hives,The Hives - Introduce The Metric System In Time,,,,,,,
Riverside,Through The Other Side,,,,,,,
Eels,That'S Not Really Funny,,,,,,,
Siouxsie And The Banshees,Helter Skelter,,,,,,,
Him,Dead Lovers' Lane,,,,,,,
Iron Maiden,Sun And Steel,,,,,,,
Ensiferum,Eternal Wait,,,,,,,
Enigma,From East To West,,,,,,,
Mirah,Promise To Me,,,,,,,
Enigma,The Child In Us,,,,,,,
Enigma,The Eyes Of Truth,,,,,,,
The Boy Least Likely To,God Takes Care Of The Little Things,,,,,,,
Enigma,Look Of Today,,,,,,,
1990S,You'Re Supposed To Be My Friend,,,,,,,
The Books,That Right Ain'T Shit,,,,,,,
Amon Tobin,Saboteur,0.0,0.0,0.0,0.0,0.0,0.0,0.0
Rza,Ode To Oren Ishii,,,,,,,
Jolie Holland,Mexican Blue,,,,,,,
Mucc,Sugao,,,,,,,
Mirah,Sweepstakes Prize,,,,,,,
Starsailor,In The Crossfire,,,,,,,
Atmosphere,History,,,,,,,
Atmosphere,Modern Man'S Hustle,,,,,,,
Afi,No Poetic Device,,,,,,,
System F,Spread Your Wings,,,,,,,
Blur,Chemical World,,,,,,,
Pink Martini,Brazil,,,,,,,
Enigma,Incognito,,,,,,,
Uncle Tupelo,New Madrid,,,,,,,
Nerina Pallot,Everybody'S Gone To War,,,,,,,
The Gathering,These Good People,,,,,,,
Neu!,Hallogallo,,,,,,,
Enter Shikari,Labyrinth,,,,,,,
Handsome Boy Modeling School,Modeling Sucks,,,,,,,
Aesthetic Perfection,The Siren,,,,,,,
Vivian Girls,No,,,,,,,
Good Charlotte,Where Would We Be Now,,,,,,,
Good Charlotte,Predictable,,,,,,,
Mokoma,Punainen Kukko,,,,,,,
Cradle Of Filth,Coffin Fodder,,,,,,,
The Cinematic Orchestra,All Things,,,,,,,
Cradle Of Filth,Nemesis,,,,,,,
Cradle Of Filth,No Time To Cry,,,,,,,
Mokoma,Silmäterä,,,,,,,
Eels,Grace Kelly Blues,,,,,,,
Glass Candy,Life After Sundown,,,,,,,
Good Shoes,Nazanin,,,,,,,
Good Charlotte,Break Apart Her Heart,,,,,,,
Gomez,Silence,,,,,,,
Lotus Plaza,Sunday Night In Atlanta,,,,,,,
Beck,Dead Melodies,,,,,,,
The Distillers,Dismantle Me,,,,,,,
The Jesus And Mary Chain,Happy Place (John Peel Session),,,,,,,
David Bowie,Strangers When We Meet,,,,,,,
Ciara,Make It Last Forever,,,,,,,
Bettye Lavette,Down To Zero,,,,,,,
Enrique Iglesias,Do You Know (The Ping Pong Song) (Ralphi Rosario And Craig Cjs Radio Edit),,,,,,,
Cibo Matto,Spoon,,,,,,,
Iron Maiden,New Frontier,,,,,,,
The Get Up Kids,Overdue,,,,,,,
Badly Drawn Boy,Rachel'S Flat,,,,,,,
Howard Shore,The Treason Of Isengard,,,,,,,
All Saints,Rock Steady (Mstrkrft Edition),,,,,,,
Peter Gabriel,Red Rain,,,,,,,
Kiss,Heaven'S On Fire,,,,,,,
Chris Vrenna,Time To Die,,,,,,,
Sade,Jezebel,,,,,,,
Dntel,(This Is) The Dream Of Evan And Chan,,,,,,,
Amon Tobin,Kokubo Sosho Stealth,,,,,,,
Nelly Furtado,Legend,,,,,,,
Cypress Hill,Hits From The Bong,,,,,,,
The Books,An Animated Description Of Mr. Maps.,,,,,,,
Soilwork,Like The Average Stalker,,,,,,,
Tindersticks,Another Night In,,,,,,,
Soilwork,Grand Failure Anthem,,,,,,,
Soilwork,Sadistic Lullabye,,,,,,,
State Radio,Camilo,,,,,,,
Goodbooks,The Illness,,,,,,,
Good Shoes,May Lannoye,,,,,,,
Desaparecidos,Greater Omaha,,,,,,,
Desaparecidos,Hole In One,,,,,,,
Jens Lekman,Sky Phenomenon,,,,,,,
Simply Red,Sunrise,,,,,,,
Jenny Owen Youngs,P.S.,,,,,,,
Him,Love In Cold Blood,,,,,,,
Basshunter,Dota,,,,,,,
Enya,Someone Said Goodbye,,,,,,,
Arcturus,La Masquerade Infernale,,,,,,,
Static-X,I'M With Stupid,,,,,,,
Dolores O'Riordan,When We Were Young,,,,,,,
Don Johnson Big Band,Busy Relaxin',,,,,,,
Status Quo,Pictures Of Matchstick Men,,,,,,,
Joan As Police Woman,Feed The Light,,,,,,,
Erasure,Blue Savannah,,,,,,,
Aimee Mann,Calling It Quits,,,,,,,
Destroyer,Painter In Your Pocket,,,,,,,
Mark Ronson,Oh My God,,,,,,,
Joakim,I Wish You Were Gone,,,,,,,
Beck,Lazy Flies,,,,,,,
Soilwork,Skin After Skin,,,,,,,
Guns N' Bombs,Nothing Is Getting Us Anywhere,,,,,,,
Behemoth,Demigod,,,,,,,
Girls Aloud,Life Got Cold,,,,,,,
Archive,Goodbye,,,,,,,
Afi,Catch A Hot One,,,,,,,
Iron Maiden,The Loneliness Of The Long Distance Runner,,,,,,,
Malajube,La Monogamie,,,,,,,
The Blood Brothers,Six Nightmares At The Pinball Masquerade,,,,,,,
Janet Jackson,Rock With U,,,,,,,
Janis Joplin,Try (Just A Little Bit Harder),,,,,,,
Kate Havnevik,Grace,,,,,,,
Kate Nash,Foundations (Metronomy Remix),,,,,,,
Black Lips,Lock And Key,,,,,,,
Decoration,I Just Froze,,,,,,,
A Silver Mt. Zion,Sit In The Middle Of Three Galloping Dogs,,,,,,,
Boris,Blackout,,,,,,,
Swod,Attends,,,,,,,
Stephen Fretwell,Emily,,,,,,,
Stephen Malkmus,Pencil Rot,,,,,,,
Stephen Malkmus,Discretion Grove,,,,,,,
Circa Survive,Holding Someone'S Hair Back,,,,,,,
Silverchair,Straight Lines,0.8,0.8,0.4,0.8,0.6,0.4,0.6
David Bowie,Look Back In Anger,,,,,,,
Aimee Mann,Dear John,,,,,,,
Basshunter,Patrik Och Lillen - Vifta Med Händerna,,,,,,,
The Velvet Underground,Chelsea Girls,,,,,,,
Silverchair,Slave,,,,,,,
Basement Jaxx,Run 4 Cover,,,,,,,
Forgotten Boys,R'N'R Band,,,,,,,
Forgotten Boys,I Wanna Live Until I Die,,,,,,,
Rinaldi Sings,Come Fly With Me,0.6,0.8,0.4,0.8,0.2,0.4,0.6
D'Nash,I Love You Mi Vida (Spain),,,,,,,
Deus,The Architect,,,,,,,
Papa Roach,Sometimes,,,,,,,
Rise Against,Like The Angel,,,,,,,
Moby,Love Should,,,,,,,
Mokoma,Uni Saa Tulla,,,,,,,
Iggy Pop,Baby,,,,,,,
Underworld,Beautiful Burnout,,,,,,,
R.E.M.,I Took Your Name,,,,,,,
Nellie Mckay,Waiter,0.8,0.6,0.4,0.8,0.2,0.6,0.4
Municipal Waste,Guilty Of Being Tight,,,,,,,
Neko Case,Tightly,,,,,,,
Hank Williams Iii,One Horse Town,,,,,,,
Devendra Banhart,I Do Dig A Certain Girl,,,,,,,
Hank Williams Iii,Lovin' & Huggin',,,,,,,
Combichrist,Turmoil,,,,,,,
Coldplay,Postcards From Far Away,,,,,,,
Iggy Pop,Tonight,,,,,,,
Sam Sparro,Cottonmouth,,,,,,,
Vast,Be With Me,,,,,,,
Dethklok,Awaken,,,,,,,
The Black Keys,Goodbye Babylon,,,,,,,
Soulwax,E Talking (Tiga'S Disco Drama Remix),,,,,,,
The 69 Eyes,Star Of Fate,,,,,,,
Taking Back Sunday,The Blue Channel,,,,,,,
For My Pain...,Killing Romance,0.6,0.8,0.4,0.6,0.6,0.2,0.6
Pelican,Sirius,,,,,,,
Minus The Bear,Burying Luck,,,,,,,
A Place To Bury Strangers,Breathe,,,,,,,
Pati Yang,19:53 North West,,,,,,,
Kasabian,Empire (Single Edit),,,,,,,
Amon Amarth,Valhall Awaits Me,,,,,,,
The Waitresses,Christmas Wrapping,,,,,,,
Air,All I Need (Feat. Beth Hirsch),,,,,,,
Cake,Race Car Ya-Yas,,,,,,,
Cake,Open Book,,,,,,,
The Future Sound Of London,Her Face Forms In Summertime,,,,,,,
Jeff Buckley,Vancouver,,,,,,,
Passion Pit,I'Ve Got Your Number,,,,,,,
Chevelle,Point #1,,,,,,,
Belle And Sebastian,A Century Of Fakers,,,,,,,
The Who,Tattoo,,,,,,,
Nellie Mckay,There You Are In Me,,,,,,,
Lao Che,Bóg Zapłać,,,,,,,
Lcd Soundsystem,New York I Love You,,,,,,,
Eric Clapton,Knockin' On Heaven'S Door,,,,,,,
Lcd Soundsystem,Tired,,,,,,,
Live,Feel The Quiet River Rage,,,,,,,
David Bowie,After All,,,,,,,
The Faint,Dust,,,,,,,
Ramones,Listen To My Heart,,,,,,,
Aimee Mann,Nothing Is Good Enough,,,,,,,
Marilyn Manson,Burning Flag,,,,,,,
Dave Matthews Band,Rapunzel,,,,,,,
Pixies,Motorway To Roswell,,,,,,,
Esbjörn Svensson Trio,The Well-Wisher,0.0,0.0,0.0,0.0,0.0,0.0,0.0
Erykah Badu,Rimshot (Intro),,,,,,,
Sara Bareilles,Vegas,,,,,,,
Erykah Badu,Amerykahn Promise,,,,,,,
Dave Matthews Band,So Much To Say,,,,,,,
Loreena Mckennitt,Samain Night,,,,,,,
Genesis,Duchess,,,,,,,
Nicole,Veneno,,,,,,,
Ed Harcourt,Let Love Not Weigh Me Down,,,,,,,
The Twang,Wide Awake,,,,,,,
Blink-182,Everytime I Look For You,,,,,,,
Blink-182,Josie,,,,,,,
Vnv Nation,Entropy,,,,,,,
Gorillaz,Highway (Under Construction),,,,,,,
Arch Enemy,I Will Live Again,,,,,,,
Ramones,I Wanna Be Well,,,,,,,
Devendra Banhart,This Beard Is For Siobhan,,,,,,,
Travis,Dear Diary,,,,,,,
Woven Hand,Swedish Purse,0.4,0.8,0.4,0.6,0.8,0.2,0.4
The Used,Find A Way,,,,,,,
Maps,Elouise,,,,,,,
Metronomy,Nights Intro,,,,,,,
Muscles,One Inch Badge Pin,,,,,,,
Muse,Ashamed,,,,,,,
The Offspring,Can'T Repeat,,,,,,,
Errors,Crew Cut,,,,,,,
Gossip,Eyes Open,,,,,,,
Daughtry,Crashed,,,,,,,
Primal Scream,Trainspotting,0.6,0.6,0.4,0.6,0.6,0.4,0.6
The Birthday Massacre,Science,,,,,,,
Daedelus,Fair Weather Friends,,,,,,,
Vanessa Hudgens,Say Ok,,,,,,,
The Zutons,Oh Stacey (Look What You'Ve Done!),,,,,,,
Zwan,El Sol,,,,,,,
Penguin Cafe Orchestra,Perpetuum Mobile,,,,,,,
Modest Mouse,Dirty Fingernails,,,,,,,
Marilyn Manson,Godeatgod,,,,,,,
Deftones,Rickets,,,,,,,
John Legend,Slow Dance,,,,,,,
Of Montreal,St. Exquisite'S Confessions,,,,,,,
Pet Shop Boys,Vulnerable,,,,,,,
Of Montreal,Du Og Meg,,,,,,,
Shuggie Otis,Strawberry Letter 23,,,,,,,
No Age,Miner,,,,,,,
Anathema,Destiny Is Dead,,,,,,,
Sara Bareilles,Morningside,,,,,,,
Isobel Campbell & Mark Lanegan,Ballad Of The Broken Seas,,,,,,,
Between The Buried And Me,Informal Gluttony,,,,,,,
The Birthday Massacre,Violet,,,,,,,
Yann Tiersen,Le Matin,,,,,,,
Guns N' Roses,Buick Makane (Big Dumb Sex),,,,,,,
Nouvelle Vague,Marianne,,,,,,,
Paul Mccartney,Vanilla Sky,,,,,,,
Joseph Arthur,Echo Park,,,,,,,
Da Buzz,Alive (Radio Edit),,,,,,,
Prince,I Could Never Take The Place Of Your Man,,,,,,,
Dave Matthews Band,Angel,,,,,,,
The Hold Steady,Navy Sheets,,,,,,,
Strapping Young Lad,We Ride,,,,,,,
Strapping Young Lad,Aftermath,,,,,,,
The Warlocks,Come Save Us,,,,,,,
Kt Tunstall,If Only,,,,,,,
Eurythmics,Missionary Man,,,,,,,
The Sisters Of Mercy,Possession,,,,,,,
The Album Leaf,The Light,,,,,,,
Neil Young,Comes A Time,,,,,,,
Something Corporate,The Astronaut,0.6,0.6,0.4,0.8,0.2,0.4,0.6
Shout Out Louds,Shut Your Eyes,,,,,,,
Flight Of The Conchords,Bowie,,,,,,,
Queen,Nevermore,,,,,,,
Unkle,Back And Forth,,,,,,,
Towers Of London,Air Guitar,,,,,,,
Within Temptation,What Have You Done (Rock Mix),,,,,,,
The Velvet Underground,Sweet Jane (Full Length Version),,,,,,,
Carcass,Doctrinal Expletives,,,,,,,
Devin Townsend,Bad Devil,,,,,,,
Swallow The Sun,Deadly Nightshade,,,,,,,
Tiamat,Cold Seed,,,,,,,
Cloud Cult,Chemicals Collide,,,,,,,
Daedelus,Sundown,,,,,,,
Pj Harvey,One Time Too Many,,,,,,,
Wreckless Eric,Whole Wide World,,,,,,,
Eternal Tears Of Sorrow,Blood Of Hatred,,,,,,,
Avril Lavigne,Together,,,,,,,
Devendra Banhart,So Long Old Bean,,,,,,,
Vnv Nation,Liebestod,,,,,,,
The Go! Team,Titanic Vandalism,,,,,,,
Le Tigre,Les And Ray,,,,,,,
The Long Winters,Pushover,,,,,,,
Andrew Bird,Tenuousness,,,,,,,
Hypocrisy,Elastic Inverted Visions,,,,,,,
Carcass,Cross My Heart,,,,,,,
Leftfield,Storm 3000,,,,,,,
Amiina,Kolapot,,,,,,,
Manu Chao,Trapped By Love,,,,,,,
Aerosmith,Toys In The Attic,,,,,,,
My Bloody Valentine,You Made Me Realise,,,,,,,
Jamiroquai,Everyday,,,,,,,
Beverley Craven,Promise Me,,,,,,,
Booka Shade,Wasting Time,,,,,,,
The Warlocks,Gypsy Nightmare,,,,,,,
Leona Naess,Christmas,,,,,,,
Rammstein,Weisses Fleisch,,,,,,,
Sons And Daughters,Johnny Cash,,,,,,,
Gentle Giant,Knots,,,,,,,
Saul Williams,Telegram,0.6,0.8,0.2,0.4,0.8,0.4,0.0
Saul Williams,Grippo,,,,,,,
Dizzee Rascal,Sirens,,,,,,,
Satyricon,Delirium,,,,,,,
Kanye West,Gone (Feat. Consequence & Cam'Ron),,,,,,,
Jamiroquai,Drifting Along,,,,,,,
Kanye West,School Spirit,,,,,,,
Dashboard Confessional,The Good Fight,,,,,,,
Bon Iver,Woods,,,,,,,
Dashboard Confessional,So Impossible,,,,,,,
Coldplay,Trouble (Acoustic),,,,,,,
Belle And Sebastian,Jonathan David,,,,,,,
Primal Scream,Exterminator,,,,,,,
P!Nk,Fingers,,,,,,,
Placebo,Swallow,,,,,,,
The Bird And The Bee,I Hate Camera,,,,,,,
Van Morrison,Ballerina,,,,,,,
Paul Mccartney,Maybe I'M Amazed,0.8,1.0,0.4,0.6,0.8,0.4,0.4
The American Analog Set,Punk As Fuck,,,,,,,
Darren Hayes,So Beautiful,,,,,,,
My Chemical Romance,Early Sunsets Over Monroeville,,,,,,,
Iliketrains,Twenty Five Sins,,,,,,,
Sophia,Directionless,0.4,0.6,0.8,0.8,0.2,0.4,0.4
Deerhoof,Running Thoughts,,,,,,,
Diablo,Queen Of Entity,,,,,,,
Sonata Arctica,Sing In Silence,,,,,,,
Chris Garneau,Not Nice,,,,,,,
The Rakes,Down With Moonlight,,,,,,,
Chris Garneau,So Far,,,,,,,
Hevein,Bleed The Day,0.6,0.8,0.2,0.4,0.8,0.4,0.6
Placebo,Holocaust,,,,,,,
Mindless Self Indulgence,Tornado,,,,,,,
The Lawrence Arms,The Devil'S Takin' Names,,,,,,,
Black Mountain,Tyrants,,,,,,,
Mando Diao,I Don'T Care What The People Say,,,,,,,
Dashboard Confessional,Currents,,,,,,,
Echo & The Bunnymen,Stormy Weather,,,,,,,
The Beta Band,Dr. Baker,,,,,,,
Scar Symmetry,Detach From The Outcome,,,,,,,
Coheed And Cambria,The Velourium Camper I: Faint Of Hearts,,,,,,,
Dashboard Confessional,Age Six Racer,,,,,,,
Tiga,Down In It,,,,,,,
José González,Fold,,,,,,,
Jamie Lidell,Wait For Me,,,,,,,
Mando Diao,One Blood,,,,,,,
Beck,Side Of The Road,0.6,0.6,0.8,0.6,0.4,0.4,0.2
The Cure,Sinking,,,,,,,
London After Midnight,Kiss,,,,,,,
Rachel Stevens,Negotiate With Love,,,,,,,
Augie March,One Crowded Hour,,,,,,,
Rachel Stevens,So Good,,,,,,,
Anathema,Wings Of God,,,,,,,
Coleman Hawkins,Michelle,,,,,,,
Bruce Springsteen,My City Of Ruins,,,,,,,
Bruce Springsteen,Nebraska,,,,,,,
Deerhoof,Look Away,,,,,,,
Richard Ashcroft,Why Do Lovers?,,,,,,,
Beastie Boys,Jimmy James,,,,,,,
Richard Hell & The Voidoids,New Pleasure,,,,,,,
Blind Guardian,Black Chamber,0.6,0.6,0.4,0.8,0.2,0.4,0.4
Antonio Pinto,Requiem,,,,,,,
Metallica,Stone Dead Forever,,,,,,,
The Cool Kids,What Up Man,0.6,0.4,0.2,0.6,0.4,0.4,0.2
The Cure,Speak My Language,,,,,,,
The American Analog Set,Hard To Find,,,,,,,
Rage Against The Machine,Maggie'S Farm,,,,,,,
Fischerspooner,Fucker,,,,,,,
Rachel'S,Even/Odd,,,,,,,
The Kooks,Tick Of Time,,,,,,,
Darkthrone,Under A Funeral Moon,,,,,,,
Regina Spektor,The Call,,,,,,,
Rammstein,Alter Mann,,,,,,,
Andrew Bird,Effigy,0.6,0.6,0.8,0.8,0.4,0.4,0.4
Linkin Park,P5Hng Me A*Wy,,,,,,,
Kylie Minogue,Magnetic Electric [Bonus Track],,,,,,,
30 Seconds To Mars,Buddha For Mary,,,,,,,
Tift Merritt,Stray Paper,,,,,,,
The Style Council,Shout To The Top,,,,,,,
Fink,Pretty Little Thing,,,,,,,
Judas Priest,Before The Dawn,,,,,,,
Faith No More,Edge Of The World,,,,,,,
Dissection,Black Dragon,,,,,,,
Diana Krall,Devil May Care,,,,,,,
Jimi Hendrix,Are You Experienced,,,,,,,
The Pigeon Detectives,Don'T Know How To Say Goodbye,,,,,,,
Rachel'S,Expect Delays,0.6,0.8,0.6,0.8,0.4,0.4,0.6
Portishead,Theme From To Kill A Dead Man,,,,,,,
Dark Tranquillity,Hours Passed In Exile,,,,,,,
Blind Guardian,Another Stranger Me,,,,,,,
Blind Guardian,Blood Tears,,,,,,,
Beth Orton,Worms,,,,,,,
Richard Ashcroft,On A Beach,,,,,,,
Jimi Hendrix,Can You See Me,,,,,,,
Biosphere,Poa Alpina,,,,,,,
Deftones,Back To School (Live),,,,,,,
Norther,Omen,,,,,,,
Supersuckers,Hungover Together,,,,,,,
Chemistry,空の奇跡,,,,,,,
The Spinto Band,Mountains,,,,,,,
Norther,Throwing My Life Away,,,,,,,
Bruce Springsteen,Old Dan Tucker,,,,,,,
Shakira,The Day And The Time (Feat. Gustavo Cerati),,,,,,,
The Stills,Fevered,,,,,,,
Leftfield,Melt,,,,,,,
Big Star,Thirteen,,,,,,,
Fiona Apple,Waltz,,,,,,,
Metro Area,Miura,,,,,,,
Bob Marley & The Wailers,Satisfy My Soul,,,,,,,
The Moldy Peaches,What Went Wrong,,,,,,,
Adam Green,Nat King Cole,,,,,,,
Adam Green,Teddy Boys,,,,,,,
Adam Green,Losing On A Tuesday,,,,,,,
Myslovitz,Chciałbym Umrzeć Z Miłości,,,,,,,
Portishead,Airbus Reconstruction,,,,,,,
Manic Street Preachers,Elvis Impersonator: Blackpool Pier,,,,,,,
Fall Out Boy,Grenade Jumper,,,,,,,
30 Seconds To Mars,Hunter,,,,,,,
Opeth,Porcelain Heart,,,,,,,
Bob Dylan,Sara,,,,,,,
Jamie Cullum,I Get A Kick Out Of You,,,,,,,
Assemblage 23,Let Me Be Your Armor,,,,,,,
Faithless,Bluegrass,,,,,,,
Wire,Practice Makes Perfect,,,,,,,
Wire,Marooned,,,,,,,
Angra,Bleeding Heart,,,,,,,
Her Space Holiday,Something To Do With My Hands,,,,,,,
John Frusciante,Lever Pulled,,,,,,,
Wire,Men 2Nd,,,,,,,
Tiffany,I Think We'Re Alone Now,,,,,,,
James S. Taylor,Fire And Rain,,,,,,,
Judas Priest,Take On The World,,,,,,,
Hello Saferide,2006,,,,,,,
Dark Funeral,Angel Flesh Impaled,,,,,,,
Casiotone For The Painfully Alone,Cold White Christmas,,,,,,,
Judas Priest,Hard As Iron,,,,,,,
Ben Folds,Trusted,,,,,,,
Manu Chao,La Despedida,,,,,,,
Beyoncé,Freakum Dress,,,,,,,
Beyoncé,Diva,,,,,,,
Jack Johnson,Same Girl,,,,,,,
Beastie Boys,She'S Crafty,,,,,,,
Bob Dylan,Not Dark Yet,,,,,,,
Farben Lehre,Judasz,,,,,,,
Weezer,Take Control,,,,,,,
Fatboy Slim,Don'T Let The Man Get You Down,,,,,,,
The Libertines,Mayday,,,,,,,
September,Satellites (Us Mix),,,,,,,
The Be Good Tanyas,In Spite Of All The Damage,,,,,,,
Dir En Grey,The Pledge,,,,,,,
Miles Davis,Boplicity,,,,,,,
L.P.,Wasted,,,,,,,
Field Music,A House Is Not A Home,,,,,,,
Blind Guardian,Carry The Blessed Home,,,,,,,
Bruce Dickinson,The Tower,,,,,,,
Babasónicos,El Colmo,,,,,,,
Get Cape. Wear Cape. Fly,Get Cape. Wear Cape. Fly,,,,,,,
Mystery Jets,Umbrellahead,,,,,,,
The Automatic,Steve Mcqueen,,,,,,,
Sepultura,Orgasmatron,,,,,,,
Broadcast,Winter Now,,,,,,,
The Avalanches,Tonight,,,,,,,
Danny Elfman,Opening,,,,,,,
The Stone Roses,Tell Me,,,,,,,
Helloween,Halloween,,,,,,,
Antony And The Johnsons,You Are My Sister (Radio Edit),,,,,,,
Filter,The Missing,,,,,,,
Mägo De Oz,El Atrapasueños,,,,,,,
Grandaddy,Collective Dreamwish Of Upperclass Elegance,,,,,,,
Grandaddy,Go Progress Chrome,,,,,,,
Grandaddy,Nonphenomenal Lineage,,,,,,,
Milburn,Brewster,0.6,0.6,0.2,0.4,0.8,0.4,0.6
Voxtrot,Ghost,,,,,,,
Machinae Supremacy,Seventeen,0.6,0.8,0.2,0.6,0.8,0.4,0.6
Fear Factory,Zero Signal,0.6,0.8,0.2,0.4,0.8,0.2,0.4
Bob Dylan,Talkin' World War Iii Blues,,,,,,,
Dinosaur Jr.,The Lung,,,,,,,
Mates Of State,So Many Ways,0.6,0.6,0.4,0.8,0.2,0.4,0.8
The Marvelettes,Too Many Fish In The Sea,,,,,,,
The Clash,Sean Flynn,,,,,,,
And One,Kein Anfang,,,,,,,
Aphex Twin,Lornaderek,,,,,,,
Aphex Twin,Meltphace 6,,,,,,,
In Flames,Dead End (Feat Lisa Miskovsky),,,,,,,
Matchbox Twenty,If You'Re Gone (Live),,,,,,,
Sean Lennon,Wait For Me,,,,,,,
植松伸夫,Those Who Fight (Ffvii Ac Version),,,,,,,
Aphex Twin,Bucephalus Bouncing Ball,,,,,,,
Mates Of State,Sound It Off,,,,,,,
Amel Larrieux,We Can Be New,,,,,,,
Barenaked Ladies,It'S All Been Done,,,,,,,
Junior Boys,High Come Down,0.6,0.6,0.8,0.8,0.2,0.4,0.4
The Police,Don'T Stand So Close To Me '86,,,,,,,
Broken Social Scene,Weddings,,,,,,,
Fear Factory,Linchpin,,,,,,,
Poison,Play Dirty,,,,,,,
Midnight Juggernauts,So Many Frequencies,,,,,,,
Melvins,Civilized Worm,,,,,,,
The Beatles,I Don'T Want To Spoil The Party,,,,,,,
Clint Mansell,Fall: Marion Barfs,,,,,,,
Metric,Down,,,,,,,
Jet,Get Me Outta Here,,,,,,,
Sunny Day Real Estate,In Circles,,,,,,,
Constantines,Shower Of Stones,0.6,0.8,0.4,0.6,0.8,0.4,0.2
Caliban,I Will Never Let You Down,,,,,,,
The Wedding Present,A Million Miles,0.6,0.4,0.4,0.6,0.6,0.6,0.2
...And You Will Know Us By The Trail Of Dead,Stand In Silence,,,,,,,
Violent Femmes,To The Kill,,,,,,,
Oasis,She Is Love,,,,,,,
The Hush Sound,A Dark Congregation,0.6,0.6,0.4,0.8,0.2,0.4,0.8
Galaxie 500,Tugboat,,,,,,,
Liam Finn,Second Chance,,,,,,,
Thin Lizzy,Whiskey In The Jar,,,,,,,
Okkervil River,On Tour With Zykos,,,,,,,
The Knife,Afraid Of You,,,,,,,
Death,To Forgive Is To Suffer,,,,,,,
Kill Hannah,Under The Milky Way,,,,,,,
Within Temptation,Somewhere,,,,,,,
Benoît Pioulard,Moth Wings,,,,,,,
At The Drive-In,198D,,,,,,,
Calexico,Two Silver Trees,,,,,,,
Demons & Wizards,Dorian,,,,,,,
Dream Theater,Misunderstood,,,,,,,
Dream Theater,War Inside My Head,,,,,,,
Dream Theater,Through My Words,,,,,,,
Wire,Being Sucked In Again,,,,,,,
The Verve,Make It Till Monday,,,,,,,
Wire,Brazil,,,,,,,
The Flaming Lips,Brainville,,,,,,,
Elbow,Presuming Ed (Rest Easy),,,,,,,
Death Cab For Cutie,Christmas (Baby Please Come Home),,,,,,,
Björk,Mouth'S Cradle,,,,,,,
Death,Together As One,,,,,,,
Lo-Fi-Fnk,System (Feat. Maiden),,,,,,,
The Walkmen,Louisiana,,,,,,,
In Flames,Black & White,,,,,,,
Lacuna Coil,What I See,,,,,,,
Aphex Twin,Cock/Ver10,,,,,,,
Machinae Supremacy,Masquerade,,,,,,,
Jaga Jazzist,For All You Happy People,,,,,,,
In Flames,Condemned,,,,,,,
Machine Head,Clenching The Fists Of Dissent,,,,,,,
Autechre,Perlence,0.0,0.0,0.0,0.0,0.0,0.0,0.0
Autechre,The Plc,,,,,,,
Secret Machines,All At Once (It'S Not Important),,,,,,,
Origa,Rise,,,,,,,
Feist,Mushaboom (Postal Service Mix),,,,,,,
Fear Factory,Replica,,,,,,,
Sufjan Stevens,The Predatory Wasp Of The Palisades Is Out To Get Us,,,,,,,
Melody.& Yamamoto Ryohei,Miss You,,,,,,,
Bonnie 'Prince' Billy,Today I Was An Evil One,,,,,,,
Jaga Jazzist,All I Know Is Tonight,,,,,,,
The Shadows,Apache,,,,,,,
Graveworm,Losing My Religion,,,,,,,
Bonnie 'Prince' Billy,Nomadic Revery (All Around),,,,,,,
Of Montreal,Gallery Piece,,,,,,,
Townes Van Zandt,Pancho And Lefty,,,,,,,
3 Doors Down,Life Of My Own,,,,,,,
Liquid Tension Experiment,Paradigm Shift,,,,,,,
The Mission,Butterfly On A Wheel,,,,,,,
Pere Ubu,Nonalignment Pact,,,,,,,
Modwheelmood,Going Nowhere,,,,,,,
Ghinzu,'Til You Faint,,,,,,,
Beastie Boys,The Rat Cage,,,,,,,
Counting Crows,American Girls,,,,,,,
Café Del Mar,Easter Song,,,,,,,
Pere Ubu,Laughing,,,,,,,
John Foxx,Plaza,,,,,,,
Get Cape. Wear Cape. Fly,Once More With Feeling,,,,,,,
Hypocrisy,Scrutinized,,,,,,,
I Am Kloot,Avenue Of Hope,,,,,,,
Danger Mouse,99 Problems,,,,,,,
Just Jack,Hold On,,,,,,,
Metallica,Sweet Amber,,,,,,,
Manna,でてこいとびきりZenkaiパワー!,0.8,0.6,0.4,0.8,0.2,0.4,0.8
Cat Power,Fate Of The Human Carbine,0.4,0.6,0.8,0.6,0.2,0.2,0.0
Cliff Martinez,Don'T Blow It,,,,,,,
N.E.R.D.,Provider,,,,,,,
Manitoba,Jacknuggeted,,,,,,,
Seether,Fade Away,,,,,,,
Poisonblack,Hollow Be My Name,,,,,,,
Fennesz,Endless Summer,,,,,,,
Dana Fuchs & Martin Luther Mccoy,Oh! Darling,,,,,,,
Felix Da Housecat,Control Freaq,,,,,,,
Dir En Grey,Jesus Christ R'N R,,,,,,,
Autechre,Eutow,,,,,,,
Sufjan Stevens,Inaugural Pop Music For Jane Margaret Byrne,,,,,,,
Trentemøller,Evil Dub,,,,,,,
Beth Orton,Concrete Sky,,,,,,,
Fatboy Slim,Song For Lindy,,,,,,,
Viikate,Ajakaa!,,,,,,,
Deftones,Fireal,,,,,,,
Klimt 1918,That Girl,,,,,,,
The Honorary Title,Snow Day,,,,,,,
Kleerup,Tower Of Trellick,,,,,,,
M-Flo♥Emyli & Yoshika,Loop In My Heart (Home Grown Remix),,,,,,,
Kmfdm,Wwiii,,,,,,,
The Honorary Title,Stay Away,,,,,,,
Blackmore'S Night,Be Mine Tonight,,,,,,,
M-Flo♥Sowelu,So Exclusive (Clazziquai Project Remix),,,,,,,
The Rapture,Love Is All,,,,,,,
Mogwai,Dial: Revenge,,,,,,,
Black Rebel Motorcycle Club,Loaded Gun,,,,,,,
Black Rebel Motorcycle Club,Last Chance For Love,,,,,,,
Super Furry Animals,Liberty Belle,,,,,,,
Junior Boys,Birthday,,,,,,,
Bon Iver,Babys,,,,,,,
Black Star,Intro,,,,,,,
Scsi-9,The Line Of Nine,,,,,,,
The Dandy Warhols,Smoke It,,,,,,,
Alice Cooper,Generation Landslide,,,,,,,
Sentenced,For The Love I Bear,,,,,,,
Meshuggah,Re-Inanimate,,,,,,,
Utada,Animato,,,,,,,
Sentenced,Dead Leaves,,,,,,,
Sondre Lerche,After All,,,,,,,
Beastie Boys,Get It Together,,,,,,,
Talking Heads,Electric Guitar,,,,,,,
The Weepies,Nobody Knows Me At All,,,,,,,
The Weepies,Can'T Go Back Now,,,,,,,
Sondre Lerche,Modern Nature,,,,,,,
Giant Drag,My Dick Sux,,,,,,,
The Frames,Song For Someone,,,,,,,
B.J. Thomas,Raindrops Keep Falling On My Head,,,,,,,
Beastie Boys,Johnny Ryall,,,,,,,
The Clash,Garageland,0.4,0.4,0.2,0.2,0.8,0.6,0.4
Jump,Cathedrals,,,,,,,
Fantômas,Der Golem,,,,,,,
Remember Remember,Imagining Things (Ii),,,,,,,
Poison,(Flesh & Blood) Sacrifice,,,,,,,
Milburn,Send In The Boys,0.6,0.6,0.2,0.4,0.8,0.4,0.4
Daniel Powter,Jimmy Gets High,,,,,,,
Bruce Dickinson,Born In '58,,,,,,,
Julieta Venegas,Eres Para Mi,,,,,,,
The Velvet Underground,Ocean,,,,,,,
Jethro Tull,Up To Me,,,,,,,
The Sugarcubes,Delicious Demon,,,,,,,
Apocalyptica,Heat,,,,,,,
Fightstar,Lost Like Tears In Rain,,,,,,,
Bonnie 'Prince' Billy,Missing One,0.6,0.6,0.6,0.8,0.4,0.4,0.4
Super Junior,거울 (Mirror),,,,,,,
Super Furry Animals,The Man Don'T Give A Fuck,,,,,,,
Pete Yorn,Ever Fallen In Love,,,,,,,
The Decemberists,The Abduction Of Margaret,,,,,,,
Pete & The Pirates,Knots,,,,,,,
Jazzanova,Another New Day,,,,,,,
Vicarious Bliss,Theme From Vicarious Bliss (Justice Remix),,,,,,,
The Clash,City Of The Dead,,,,,,,
Genesis,Guide Vocal,,,,,,,
Meshuggah,Beneath,,,,,,,
The Mars Volta,Vicarious Atonement,,,,,,,
Alexi Murdoch,All My Days,,,,,,,
The Mars Volta,Viscera Eyes,,,,,,,
Håkan Hellström,Hurricane Gilbert,,,,,,,
Håkan Hellström,Ramlar,,,,,,,
Pet Shop Boys,Minimal,,,,,,,
The Wreckers,The Good Kind,,,,,,,
The Wrens,Happy,,,,,,,
Tom Zé,Cademar,,,,,,,
Danny Elfman,Wonka'S Welcome Song,,,,,,,
Apocalyptica,Sad But True,,,,,,,
Jack'S Mannequin,Lonely For Her,,,,,,,
Tom Waits,Town With No Cheer,,,,,,,
Grateful Dead,Attics Of My Life,,,,,,,
Jimi Hendrix,Izabella,,,,,,,
Cat Power,Salty Dog,,,,,,,
Dirty Projectors + David Byrne,Knotty Pine,,,,,,,
Mystery Jets,The Boy Who Ran Away,,,,,,,
Suede,Can'T Get Enough,,,,,,,
Lo-Fi-Fnk,Boylife,,,,,,,
Something Corporate,Cavanaugh Park,,,,,,,
Blonde Redhead,Ballad Of Lemons,,,,,,,
Something Corporate,Fall,,,,,,,
Blonde Redhead,Distilled,,,,,,,
Ladytron,Laughing Cavalier,,,,,,,
Something Corporate,Break Myself,,,,,,,
Regina Spektor,I Want To Sing,,,,,,,
Marilyn Manson,Spade,,,,,,,
Jeff Buckley,Nightmares By The Sea,,,,,,,
Deep Purple,Maybe I'M A Leo,0.4,0.8,0.4,0.6,0.8,0.2,0.2
Sound Team,Born To Please,,,,,,,
Black Flag,I'Ve Had It,,,,,,,
Toy,Rabbit Pushing Mower,,,,,,,
Regina Spektor,* * *,,,,,,,
Head Automatica,At The Speed Of A Yellow Bullet,,,,,,,
Juliette And The Licks,You'Re Speaking My Language,,,,,,,
The Doors,Wintertime Love,,,,,,,
Biosphere,Hyperborea,,,,,,,
Blind Guardian,The Maiden And The Minstrel Knight,,,,,,,
Judas Priest,Love Bites,,,,,,,
James Brown,It'S A Man'S Man'S Man'S World,,,,,,,
Judas Priest,The Sentinel,,,,,,,
Grandaddy,Laughing Stock,,,,,,,
Anberlin,Autobahn,,,,,,,
Jet,Come Around Again,,,,,,,
Kylie Minogue,Where The Wild Roses Grow,,,,,,,
Moby,Look Back In,,,,,,,
Grandaddy,For The Dishwasher,,,,,,,
Modern Life Is War,I'M Not Ready,,,,,,,
Moderat,Porc # 2,,,,,,,
Covenant,Ritual Noise,,,,,,,
Moby,Sweet Apocalypse,,,,,,,
The Cinematic Orchestra,The Magician,,,,,,,
Deep Dish,Sacramento,,,,,,,
John Lennon,Oh Yoko!,,,,,,,
Genesis,Hold On My Heart,,,,,,,
Mokoma,Kolmannen Asteen Kuulustelu,,,,,,,
Pendulum,Tarantula,,,,,,,
The Future Sound Of London,Dead Cities,,,,,,,
Dark Funeral,Diabolis Interium,,,,,,,
Dark Funeral,Feed On The Mortals,,,,,,,
Dark Funeral,Final Ritual,,,,,,,
Mylo,Muscle Car (Reform Reprise),,,,,,,
Manic Street Preachers,I Live To Fall Asleep,,,,,,,
Faithless,Love Lives On My Street,,,,,,,
The Pigeon Detectives,I Can'T Control Myself,,,,,,,
Opeth,April Ethereal,,,,,,,
Faithless,Bombs,,,,,,,
Faith No More,Ugly In The Morning,,,,,,,
Dapunksportif,Kids Don'T Wanna Know,,,,,,,
Helmet,Unsung,,,,,,,
The Early November,Hair,,,,,,,
Avenged Sevenfold,Walk (Pantera Cover),,,,,,,
Beyoncé,Disappear,,,,,,,
Suburban Kids With Biblical Names,Rent A Wreck,,,,,,,
Chemistry,Your Name Never Gone,,,,,,,
Faithless,Sweep,,,,,,,
Alice In Chains,Put You Down,,,,,,,
Set Fire To Flames,This Thing Between Us Is A Rickety Bridge Of Impossible Crossing / Bonfires For Nobody...,,,,,,,
Soilwork,Generation Speedkill,,,,,,,
Soilwork,Shadowchild,,,,,,,
Soilwork,In A Close Encounter,,,,,,,
Ashley Tisdale,We'Ll Be Together,,,,,,,
Decoration,Only A Plague Can Stop Us Now,,,,,,,
Soilwork,The Analyst,,,,,,,
The Decemberists,The Hazards Of Love 2 (Wager All),,,,,,,
Peter Bjorn And John,Nothing To Worry About,,,,,,,
Yo La Tengo,Saturday,,,,,,,
Of Montreal,Wicked Wisdom,,,,,,,
John Coltrane,Blue Train,,,,,,,
The Knife,Three Boys,,,,,,,
Nightwish,Fantasmic,,,,,,,
Yeti,Never Lose Your Sense Of Wonder,,,,,,,
Soundgarden,Drawing Flies,,,,,,,
John Lennon,Whatever Gets You Thru The Night,,,,,,,
Cake,You Part The Waters,,,,,,,
Nico,Afraid,,,,,,,
John Legend,Heaven,0.6,0.8,0.6,1.0,0.2,0.2,0.4
The Upsetters,Return Of Django,,,,,,,
Dark Funeral,King Antichrist,,,,,,,
The Killers,Sam'S Town (Abbey Road Version),,,,,,,
Judas Priest,Fever,,,,,,,
The Cure,The Final Sound,,,,,,,
The Vines,Gross Out,,,,,,,
Jimi Hendrix,Freedom,,,,,,,
The Vines,Homesick,,,,,,,
Amerie,Rolling Down My Face,,,,,,,
Bruce Springsteen,Downbound Train,,,,,,,
Diablo,Shadow World,,,,,,,
Chemistry,遠影 (Feat. John Legend),,,,,,,
Supersuckers,Non-Addictive Marijuana,,,,,,,
Yann Tiersen,Quimper 94,,,,,,,
The Lemonheads,Rockin Stroll,,,,,,,
Green Day,Homecoming,,,,,,,
Craig Armstrong,Glasgow Love Theme,,,,,,,
Craig Armstrong,Miracle,,,,,,,
Mokoma,Turvaa Selusta,,,,,,,
Rjd2,Final Frontier (Remix),,,,,,,
Give Up The Ghost,Young Hearts Be Free Tonight,,,,,,,
Rjd2,Have Mercy,,,,,,,
Copeland,You Have My Attention,,,,,,,
Ashlee Simpson,Autobiography,,,,,,,
The Coral,Something Inside Of Me,,,,,,,
Ashlee Simpson,Invisible,,,,,,,
Ladytron,Deep Blue,,,,,,,
Glass Candy,Rolling Down The Hills,,,,,,,
Reel People,Amazing (Feat. Tony Momrelle & Imaani),,,,,,,
Placebo,Without You I'M Nothing (Feat. David Bowie),,,,,,,
Matchbox Twenty,You'Re So Real,,,,,,,
Weezer,Burndt Jamb,,,,,,,
Finntroll,Slagbröder,,,,,,,
Bruce Springsteen,Long Walk Home,,,,,,,
Diablo,Damien,,,,,,,
Mazarin,Another One Goes By,,,,,,,
Alice In Chains,Whale & Wasp,,,,,,,
J Dilla,Mash,,,,,,,
Shakira,Sombra De Ti,,,,,,,
The Lonely Island,Boombox (Feat. Julian Casablancas),,,,,,,
The Apple Scruffs,E,,,,,,,
Placebo,Slave To The Wage (Radio Edit),,,,,,,
Diablo,Trail Of Kings,,,,,,,
Kylie Minogue,I Feel For You,,,,,,,
Supreme Beings Of Leisure,Never The Same,,,,,,,
Jay Reatard,Oh It'S Such A Shame,,,,,,,
Therapy?,Knives,,,,,,,
Black Sabbath,Am I Going Insane (Radio),,,,,,,
The Shins,My Seventh Rib,,,,,,,
Kiss,Black Diamond,,,,,,,
Howard Shore,Hope And Memory,,,,,,,
Lamb,Sweetheart,,,,,,,
Death From Above 1979,Do It! (Live),,,,,,,
The Housemartins,Happy Hour,,,,,,,
Darkthrone,Skald Av Satans Sol,0.2,0.4,0.2,0.0,1.0,0.4,0.0
Eels,The Medication Is Wearing Off,,,,,,,
Eels,Suicide Life,,,,,,,
Tada Hirano,Hare Hare Yukai,,,,,,,
Paradise Lost,Two Worlds,,,,,,,
Darkthrone,Black Victory Of Death,,,,,,,
Alexisonfire,Keep It On Wax,,,,,,,
Darkthrone,Blasphemer,,,,,,,
Darkthrone,Grave With A View,,,,,,,
Apparat,Steinholz,,,,,,,
Hawkwind,Space Is Deep,,,,,,,
Hawthorne Heights,I Am On Your Side,,,,,,,
Judas Priest,Blood Red Skies,,,,,,,
Metric,Soft Rock Star (Jimmy Vs. Joe Mix),,,,,,,
Last Alliance,Shissou (Tv Size),,,,,,,
Last Alliance,疾走,,,,,,,
Rainbow,Stargazer,,,,,,,
Rainbow,Catch The Rainbow,,,,,,,
The Mountain Goats,Lion'S Teeth,,,,,,,
Quasimoto,Microphone Mathematics,,,,,,,
Guster,Either Way,,,,,,,
Nickelback,Next Contestant,,,,,,,
John Mayer,Something'S Missing,0.6,0.8,0.4,0.8,0.4,0.2,0.4
Tiësto,Elements Of Life,,,,,,,
Einstürzende Neubauten,Sand,,,,,,,
Dubtribe Sound System,Do It Now,,,,,,,
Queens Of The Stone Age,I Was A Teenage Hand Model,,,,,,,
Queens Of The Stone Age,Everybody'S Gonna Be Happy,,,,,,,
Akurat,Do Prostego Człowieka,,,,,,,
The Mountain Goats,Dinu Lipatti'S Bones,,,,,,,
Darkwell,Blackheart,,,,,,,
Diablo,C22,,,,,,,
Travis,Tied To The 90'S,,,,,,,
Extreme,Decadence Dance,,,,,,,
Darkthrone,The Watchtower,,,,,,,
The Presets,Hill Stuck,,,,,,,
Rammstein,Herzeleid,,,,,,,
Grabba Grabba Tape,Bué Da Fixe,,,,,,,
The Long Blondes,Big Infatuation,,,,,,,
Mindless Self Indulgence,Bring The Pain,,,,,,,
Sussie 4,Waiting For The Ride (Tonight),,,,,,,
She & Him,Got Me,,,,,,,
Madeleine Peyroux,Blue Alert,,,,,,,
Joy Division,Love Will Tear Us Apart (Permanent Mix),,,,,,,
Britney Spears,Me Against The Music (Rishi Rich'S Desi Kulcha Remix),0.8,0.6,0.8,0.8,0.2,0.4,1.0
Bloc Party,Storm And Stress,,,,,,,
Ozzy Osbourne,My Little Man,,,,,,,
Tomte,Ich Sang Die Ganze Zeit Von Dir,,,,,,,
Ozzy Osbourne,Flying High Again,,,,,,,
Catamenia,My Blood Stained Path,,,,,,,
Imogen Heap,Shine,,,,,,,
Mindless Self Indulgence,Revenge,,,,,,,
The Jimi Hendrix Experience,Voodoo Chile,,,,,,,
Kamelot,This Pain,,,,,,,
Bonobo,The Sicilian,,,,,,,
Paul Kantner,Nothing'S Gonna Stop Us Now,,,,,,,
Ben Folds Five,Jackson Cannery,,,,,,,
Amadou & Mariam,Camions Sauvages,,,,,,,
Tom Petty And The Heartbreakers,I Won'T Back Down,,,,,,,
The Presidents Of The United States Of America,Feather Pluckn,,,,,,,
Wilco,The Lonely 1,,,,,,,
Against Me!,Unprotected Sex With Multiple Partners,,,,,,,
Philip Glass,The Poet Acts,,,,,,,
Elastica,Smile,,,,,,,
Soda Stereo,En Camino,,,,,,,
Soda Stereo,Disco Eterno,,,,,,,
Socratic,I Am The Doctor,,,,,,,
Red House Painters,San Geronimo,,,,,,,
Glen Hansard,Fallen From The Sky,,,,,,,
Korn,All In The Family,,,,,,,
Kim Sozzi,Break Up (Cascada Radio Mix),,,,,,,
Elastica,Hold Me Now,,,,,,,
Against Me!,Violence,,,,,,,
Benoît Pioulard,Palimend,,,,,,,
Sparklehorse,Return To Me,,,,,,,
Dashboard Confessional,A Plain Morning,,,,,,,
Say Anything,Yellow Cat (Slash) Red Cat,,,,,,,
Saves The Day,Morning In The Moonlight,,,,,,,
Van Morrison,Into The Mystic,,,,,,,
Jamiroquai,Loveblind,,,,,,,
Van Morrison,Someone Like You,,,,,,,
The Paddingtons,Tommy'S Disease,,,,,,,
Jamie Cullum,But For Now,,,,,,,
Jamiroquai,Little L (Album Version),,,,,,,
Yeah Yeah Yeahs,Graveyard,,,,,,,
Rammstein,Laichzeit,,,,,,,
Anathema,Sentient,,,,,,,
Mark Mothersbaugh,Ping Island / Lightning Strike Rescue Op,,,,,,,
Rachael Yamagata,Under My Skin,,,,,,,
Yann Tiersen,Le Jour D'Avant,,,,,,,
Carcass,Corporal Jigsore Quandary,,,,,,,
No Doubt,Detective,,,,,,,
Beck,Peaches & Cream,,,,,,,
Melvins,The Hawk,,,,,,,
The Mountain Goats,Tallahassee,,,,,,,
The Charlatans,Then,,,,,,,
Animal Collective,Hey Light,,,,,,,
2 Unlimited,No Limit,,,,,,,
Los Enanitos Verdes,Lamento Boliviano,,,,,,,
Yo La Tengo,Today Is The Day,,,,,,,
Wolfgang Amadeus Mozart,Lacrimosa,1.0,0.8,0.4,0.8,0.0,0.0,0.8
The Mountain Goats,Wild Sage,,,,,,,
The Music,Bleed From Within,,,,,,,
Azure Ray,How Will You Survive,,,,,,,
Azzido Da Bass,Dooms Night,,,,,,,
Brand New,Failure By Design,,,,,,,
Peeping Tom,Sucker (Feat. Norah Jones),,,,,,,
The Game,Higher,,,,,,,
Against Me!,Scream It Until You'Re Coughing Up Blood,,,,,,,
Sparklehorse,Some Sweet Day,,,,,,,
Sparklehorse,Mountains,0.4,0.6,0.8,0.6,0.6,0.4,0.2
Amida,Class Of 2000,,,,,,,
Limp Bizkit,Hold On,,,,,,,
Limp Bizkit,I'M Broke,,,,,,,
Matisyahu,Got No Water,,,,,,,
Nouvelle Vague,Heart Of Glass (Blondie),,,,,,,
Nouvelle Vague,Blue Monday (New Order),,,,,,,
The Lawrence Arms,Cut It Up,,,,,,,
Joss Stone,Snakes And Ladders,,,,,,,
Dashboard Confessional,Reason To Believe,,,,,,,
My Bloody Valentine,Never Say Goodbye,,,,,,,
My Brightest Diamond,Ice & The Storm,,,,,,,
Catamenia,Perintö Pohjolan,,,,,,,
Aqualung,Strange And Beautiful,,,,,,,
Trivium,And Sadness Will Sear,,,,,,,
A Perfect Circle,Gimme Gimme Gimme,,,,,,,
Booka Shade,Take A Ride,,,,,,,
Okkervil River,Blue Tulip,,,,,,,
Tristania,Simbelmynë,,,,,,,
Snow Patrol,Finish Line,,,,,,,
Robert Plant & Alison Krauss,Trampled Rose,,,,,,,
Elbow,Scattered Black And Whites,,,,,,,
The Fixx,One Thing Leads To Another,,,,,,,
...And You Will Know Us By The Trail Of Dead,Ode To Isis,,,,,,,
Constantines,Time Can Be Overcome,,,,,,,
Bob Dylan,Nettie Moore,,,,,,,
The Music,Getaway,,,,,,,
Nick Cave & The Bad Seeds,Sweetheart Come,,,,,,,
Nick Cave & The Bad Seeds,Sunday'S Slave,,,,,,,
Nick Cave & The Bad Seeds,Stranger Than Kindness,,,,,,,
P!Nk,Feel Good Time,,,,,,,
The Dave Brubeck Quartet,Kathy'S Waltz,,,,,,,
Ra Ra Riot,Winter '05,,,,,,,
Coldplay,What If?,,,,,,,
Saul Williams,Talk To Strangers,,,,,,,
Van She,Sex City,,,,,,,
The Russian Futurists,It'S Actually Going To Happen,,,,,,,
The Smashing Pumpkins,We Only Come Out At Night,,,,,,,
The Warlocks,Shake The Dope Out,,,,,,,
The Rubettes,Sugar Baby Love,,,,,,,
Kt Tunstall,Little Favours,,,,,,,
Dizzee Rascal,Jus' A Rascal,,,,,,,
The Album Leaf,Moss Mountain Town,,,,,,,
Black Sabbath,Walk Away,,,,,,,
Liars,Let'S Not Wrestle Mt. Heart Attack,,,,,,,
The Russian Futurists,Our Pen'S Out Of Ink,,,,,,,
Strapping Young Lad,Skeksis,,,,,,,
Better Than Ezra,A Lifetime,,,,,,,
Morcheeba,Charango (Feat. Pace Won),,,,,,,
Abney Park,The Wrong Side,,,,,,,
The Hush Sound,Lighthouse,,,,,,,
The Hush Sound,City Traffic Puzzle,,,,,,,
Spiritualized,Electric Mainline,,,,,,,
At The Drive-In,Catacombs,,,,,,,
At The Drive-In,Hulahoop Wounds,,,,,,,
Nick Cave & The Bad Seeds,Idiot Prayer,,,,,,,
Azure Ray,Across The Ocean,,,,,,,
Nick Cave & The Bad Seeds,Mercy,,,,,,,
Nick Cave & The Bad Seeds,Jangling Jack,,,,,,,
Liars,A Visit From Drum,,,,,,,
Limp Bizkit,The One,0.6,0.8,0.4,0.4,0.8,0.6,0.4
Mclusky,Collagen Rock,,,,,,,
Demons & Wizards,Down Where I Am,,,,,,,
Amadou & Mariam,Artistiya,,,,,,,
Matisyahu,Close My Eyes,,,,,,,
The Sisters Of Mercy,Vision Thing,,,,,,,
Eternal Tears Of Sorrow,Aurora Borealis,,,,,,,
The Presidents Of The United States Of America,Stranger,,,,,,,
The Zutons,Don'T Ever Think (Too Much),,,,,,,
Tiamat,Do You Dream Of Me?,,,,,,,
Kanye West,Wake Up Mr. West (Instrumental),,,,,,,
Nouvelle Vague,The Guns Of Brixton,,,,,,,
Novembers Doom,Twilight Innocence,,,,,,,
In Flames,Superhero Of The Computer Rage,,,,,,,
Isobel Campbell & Mark Lanegan,It'S Hard To Kill A Bad Thing,,,,,,,
Bananarama,Look On The Floor (Hypnotic Tango),,,,,,,
Avril Lavigne,How Does It Feel,,,,,,,
Belle And Sebastian,Fiction,,,,,,,
In Flames,Your Bedtime Story Is Scaring Everyone,,,,,,,
Hard-Fi,Television,,,,,,,
Flunk,Blind My Mind,,,,,,,
Allison Moorer,Tumbling Down,0.8,0.8,0.6,0.8,0.4,0.4,0.6
Cream,Dance The Night Away,,,,,,,
Creed,Don'T Stop Dancing,,,,,,,
Rocky Votolato,She Was Only In It For The Rain,,,,,,,
Pearl Jam,Low Light,,,,,,,
The Smiths,Jeane,,,,,,,
Meat Loaf,Lost Boys And Golden Girls,,,,,,,
Cream,World Of Pain,,,,,,,
Korn,Liar,,,,,,,
Brian Eno,Golden Hours,,,,,,,
The Pussycat Dolls,Whatcha Think About That (Feat. Missy Elliott),,,,,,,
Death,Pull The Plug,,,,,,,
The Wildhearts,Suckerpunch,,,,,,,
The Wildhearts,News Of The World,,,,,,,
My Bloody Valentine,Glider,,,,,,,
Eternal Tears Of Sorrow,Aeon,,,,,,,
Music Go Music,Warm In The Shadows,,,,,,,
Britney Spears,Got Me High,,,,,,,
Esthero,Flipher Overture,,,,,,,
Esthero,I Drive Alone,,,,,,,
12 Stones,Photograph,,,,,,,
1200 Micrograms,Acid For Nothing,,,,,,,
Stone Sour,Your God,,,,,,,
Union Of Knives,I Decline,,,,,,,
The Sunshine Underground,Dead Scene,,,,,,,
Ted Leo And The Pharmacists,The Sons Of Cain,,,,,,,
Story Of The Year,Dive Right In,,,,,,,
Ozric Tentacles,Strangeitude,,,,,,,
Phoenix,Party Time,0.6,0.6,0.4,0.8,0.2,0.4,0.6
U2,Please,,,,,,,
Smog,I'M New Here,,,,,,,
Thurston Moore,Honest James,,,,,,,
Snoop Dogg,Drop It Like It'S Hot,,,,,,,
Kidneythieves,Before I'M Dead,,,,,,,
Morphine,You Look Like Rain,,,,,,,
Electrocute,I Need A Freak,,,,,,,
Jason Mraz,The Remedy,,,,,,,
U2,Love Is Blindness,,,,,,,
Marilyn Manson,The Death Song,,,,,,,
Nina Simone,Work Song,,,,,,,
Yes,Yours Is No Disgrace,,,,,,,
Nina Simone,Mississippi Goddam,,,,,,,
Loquat,Swingset Chain,,,,,,,
Daedelus,At My Heels,,,,,,,
The Hives,Love In Plaster,,,,,,,
Alcazar,Stay The Night,,,,,,,
Xiu Xiu,Buzz Saw,0.6,0.4,0.6,0.2,0.6,0.4,0.8
Jamisonparker,Best Mistake,,,,,,,
Jan Jelinek,Tendency,,,,,,,
Primal Scream,Suicide Sally & Johnny Guitar,,,,,,,
Espen Lind,Yum Yum Gimme Some (Original Single Edit),,,,,,,
Isobel Campbell & Mark Lanegan,Honey Child What Can I Do?,,,,,,,
The Airborne Toxic Event,This Is Nowhere,,,,,,,
The Airborne Toxic Event,Happiness Is Overrated,,,,,,,
The Airborne Toxic Event,Papillon,,,,,,,
Da Buzz,Take All My Love (Dance Remix),,,,,,,
Sia,Pictures,,,,,,,
Neko Case,The Next Time You Say Forever,,,,,,,
Tom Jones,Baby It'S Cold Outside,,,,,,,
Alicia Keys,Girlfriend,,,,,,,
Okkervil River,Pop Lie,0.6,0.6,0.4,0.4,0.8,0.6,0.4
Liars,It Fit When I Was A Kid,,,,,,,
Blink-182,Roller Coaster,,,,,,,
Elio E Le Storie Tese,Servi Della Gleba,,,,,,,
The Kissaway Trail,Bleeding Hearts,,,,,,,
U2,Promenade,,,,,,,
Bent,Beautiful Otherness,,,,,,,
Rodrigo Y Gabriela,Diablo Rojo,,,,,,,
Queens Of The Stone Age,Song For The Deaf,,,,,,,
M.A.N.D.Y. Vs. Booka Shade,Body Language,,,,,,,
Blink-182,Stockholm Syndrome,,,,,,,
U2,Mothers Of The Disappeared,,,,,,,
Morrissey,How Soon Is Now?,,,,,,,
Turisas,To Holmgard And Beyond,,,,,,,
Britney Spears,Don'T Go Knockin' On My Door,,,,,,,
Dave Matthews,Gravedigger,,,,,,,
Aesop Rock,Fumes,,,,,,,
Ramones,Oh Oh I Love Her So,,,,,,,
Au Revoir Simone,Night Majestic,,,,,,,
Tool,Disgustipated,,,,,,,
Blind Guardian,Time Stands Still (At The Iron Hill),,,,,,,
Dj Lee,X-Perience,,,,,,,
Ramones,I'M Against It,,,,,,,
Megadeth,Gears Of War,,,,,,,
Andrew Lloyd Webber,Overture,,,,,,,
The Used,Hard To Say,,,,,,,
Vnv Nation,Fragments,,,,,,,
Neil Young & Pearl Jam,I'M The Ocean,,,,,,,
The Zutons,Tired Of Hanging Around,,,,,,,
Holy Ghost!,Hold On,,,,,,,
Hollywood Undead,My Black Dahlia,,,,,,,
Alison Krauss,That Kind Of Love,,,,,,,
Alison Krauss,Stay,,,,,,,
The Fiery Furnaces,Spaniolated,,,,,,,
Morphine,In Spite Of Me,,,,,,,
Émilie Simon,To The Dancers In The Rain,,,,,,,
Hooverphonic,Lung,,,,,,,
New York Dolls,Pills,,,,,,,
Teenage Fanclub,Don'T Look Back,,,,,,,
Backyard Babies,Drool,,,,,,,
New York Dolls,Bad Girl,,,,,,,
Backyard Babies,Made Me Madman,,,,,,,
Teenage Fanclub,Sparky'S Dream,,,,,,,
The Used,Light With A Sharpened Edge,,,,,,,
Buddy Holly,Maybe Baby,,,,,,,
The Veronicas,This Love,,,,,,,
Mew,Beautiful Balloon,,,,,,,
Marilyn Manson,Vodevil,,,,,,,
Devendra Banhart,Samba Vexillographica,,,,,,,
Minus The Bear,Fine + 2 Pts,,,,,,,
Kt Tunstall,Funnyman,,,,,,,
Woven Hand,Cripplegate (Standing On Glass),,,,,,,
A Place To Bury Strangers,Ocean,,,,,,,
The Temptations,I Can'T Get Next To You,,,,,,,
The Jesus And Mary Chain,Who Do You Love,,,,,,,
The Teenagers,Feeling Better,,,,,,,
Blue Boy,Remember Me,,,,,,,
Fugazi,Cashout,,,,,,,
Beirut,The Long Island Sound,,,,,,,
The Cardigans,Junk Of The Hearts,,,,,,,
Crippled Black Phoenix,You Take The Devil Out Of Me,,,,,,,
Lenny Kravitz,Calling All Angels,,,,,,,
Rooney,Stay Away,,,,,,,
Ellen Allien,Come,,,,,,,
Santana,I'M Feeling You (Feat. Michelle Branch & The Wreckers),0.8,0.6,0.6,0.8,0.2,0.4,0.8
Crime In Stereo,Sudan,,,,,,,
Crime In Stereo,Abre Los Ojos,,,,,,,
Crime In Stereo,What A Strange Turn Of Events,,,,,,,
Pearl Jam,Of The Girl,,,,,,,
Nine Inch Nails,29 Ghosts Iv,,,,,,,
Hanoi Rocks,Strange Boys Play Weird Openings,,,,,,,
Neko Case,Polar Nettles,0.8,0.8,0.4,0.6,0.4,0.2,0.4
The Adicts,England,,,,,,,
Man Man,Feathers,,,,,,,
Sigur Rós,Syndir Guðs (Opinberun Frelsarans),,,,,,,
Jimmy Eat World,Table For Glasses,,,,,,,
Hanson,Mmmbop,,,,,,,
Hanne Hukkelberg,Searching,,,,,,,
Hanoi Rocks,Until I Get You,,,,,,,
The Lords Of The New Church,Russian Roulette,,,,,,,
Kruder & Dorfmeister,Original Bedroom Rockers,,,,,,,
Eri Nobuchika,Voice (Album Mix),,,,,,,
Archie Bronson Outfit,Modern Lovers,0.4,0.6,0.4,0.4,0.8,0.6,0.2
Metallica,Last Caress / Green Hell,,,,,,,
Johnny Cash,Before My Time,,,,,,,
Basement Jaxx,Good Luck (Feat. Lisa Kekaula),,,,,,,
鈴村健一,Hitotsu,,,,,,,
Brian Eno & David Byrne,Poor Boy,,,,,,,
The Decemberists,An Interlude,,,,,,,
Morrissey,Sing Your Life,,,,,,,
Why?,Rubber Traits,,,,,,,
New Order,State Of The Nation,,,,,,,
Johnny Cash,I Came To Believe,,,,,,,
Dragon Ash,Way U Move,,,,,,,
The Fiery Furnaces,Bitter Tea,,,,,,,
Home Made 家族,Thank You!!,,,,,,,
The Fiery Furnaces,My Dog Was Lost But Now He'S Found,,,,,,,
Dread Zeppelin,Hot Dog,,,,,,,
Hole,Rock Star,,,,,,,
Korpiklaani,Under The Sun,,,,,,,
The Research,C'Mon Chameleon,,,,,,,
The Weakerthans,Uncorrected Proofs,,,,,,,
Draconian,Silent Winter,,,,,,,
Britney Spears,(I Got That) Boom Boom,,,,,,,
The Faint,Symptom Finger,,,,,,,
The Faint,Paranoiattack,,,,,,,
Murcof,Resignación,0.0,0.0,0.0,0.0,0.0,0.0,0.0
White Rose Movement,Kick,,,,,,,
Underworld,Dirty Epic,,,,,,,
Eri Nobuchika,Kutsu Wo Nara Sou,,,,,,,
Live,Face And Ghost (The Children'S Song),,,,,,,
Murcof,Rostro,,,,,,,
Little Man Tate,House Party At Boothy'S,,,,,,,
Silverchair,Steam Will Rise,,,,,,,
Madonna,Sorry (Radio Edit),,,,,,,
Devendra Banhart,Hows About Tellin A Story,,,,,,,
Aimee Mann,Momentum,,,,,,,
:Wumpscut:,Flangegod,,,,,,,
Jason Mraz,No Stopping Us,,,,,,,
Third Eye Blind,10 Days Late,,,,,,,
Slipknot,Snuff,,,,,,,
Uffie,Hot Chick (Feadz Edit) (Fabriclive 33),,,,,,,
Kettcar,Balkon Gegenüber,,,,,,,
The Verve,Stormy Clouds,,,,,,,
Kotoko,Face Of Fact,,,,,,,
Lamb Of God,Forgotten (Lost Angels),,,,,,,
Ugly Casanova,Diamonds On The Face Of Evil,,,,,,,
Caribou,Niobe,,,,,,,
The La'S,Feelin',,,,,,,
Razorlight,Hostage Of Love,,,,,,,
The Black Keys,Black Door,,,,,,,
Paco De Lucía,Entre Dos Aguas,,,,,,,
God Lives Underwater,All Wrong,,,,,,,
Silversun Pickups,Catch And Release,,,,,,,
Fort Minor,Kenji,,,,,,,
Fort Minor,Petrified,,,,,,,
Nellie Mckay,Change The World,,,,,,,
Underworld,Crocodile,,,,,,,
David Bowie,Big Brother,,,,,,,
Kate Bush,Aerial Tal,,,,,,,
Kate Bush,Breathing,,,,,,,
Clutch,Spleen Merchant,,,,,,,
Devendra Banhart,Chinese Children,,,,,,,
Mclusky,Alan Is A Cowboy Killer,,,,,,,
Devendra Banhart,Korean Dogwood,,,,,,,
Bob Marley,Iron Lion Zion,,,,,,,
Steve Vai,For The Love Of God,0.0,0.0,0.0,0.0,0.0,0.0,0.0
Devendra Banhart,Insect Eyes,,,,,,,
Draconian,The Amaranth,,,,,,,
The Soundtrack Of Our Lives,Sister Surround,,,,,,,
Motion City Soundtrack,Make Out Kids,,,,,,,
The Field,The Little Heart Beats So Fast,,,,,,,
Razorlight,Dalston,,,,,,,
Rotting Christ,Nemecic,,,,,,,
Godsmack,Faceless,,,,,,,
Jason Collett,Out Of Time,,,,,,,
Godsmack,Greed,0.6,0.8,0.2,0.4,1.0,0.4,0.4
Bebe,Malo,,,,,,,
The National,It Never Happened,,,,,,,
Bauhaus,Third Uncle,,,,,,,
Dethklok,Go Forth And Die,,,,,,,
Basement Jaxx,Zoomalude,,,,,,,
Dethklok,Go Into The Water,,,,,,,
Bloodbath,Death Delirium,0.4,0.8,0.0,0.2,1.0,0.4,0.2
Bloodhound Gang,Bad Touch,,,,,,,
David Bowie,Future Legend,,,,,,,
Deux,Sometimes,,,,,,,
Silversun Pickups,Draining,,,,,,,
Bloodbath,The Soulcollector,,,,,,,
Bloodbath,Bathe In Blood,,,,,,,
Francisca Valenzuela,Dulce,,,,,,,
Sam Sparro,Recycle It!,,,,,,,
Destroyer,Looters' Follies,,,,,,,
This Providence,A Wolf In Sheep'S Clothing,,,,,,,
Alicia Keys,Stolen Moments,,,,,,,
Sweet,Little Willy,,,,,,,
Stereolab,Lo Boob Oscillator,,,,,,,
Live,Meltdown,,,,,,,
The Byrds,Eight Miles High,,,,,,,
Slipknot,Gently,,,,,,,
Slipknot,Danger - Keep Away,,,,,,,
Bel Canto,Nornagest,,,,,,,
Bel Canto,Look 3,,,,,,,
Rouge Rouge,L'Amour,,,,,,,
Roxette,How Do You Do,,,,,,,
Kent,Vy Från Ett Luftslott,,,,,,,
The Twilight Singers,Esta Noche,,,,,,,
Walls Of Jericho,I Know Hollywood And You Ain'T It,,,,,,,
Before The Dawn,Morning Sun,,,,,,,
M. Ward,Involuntary,,,,,,,
M. Ward,Let'S Dance,,,,,,,
Cats On Fire,Draw In The Reins,,,,,,,
Madonna,Amazing,,,,,,,
Frank Black,Los Angeles,,,,,,,
The Black Keys,Thickfreakness,,,,,,,
The Black Keys,Till I Get My Way,,,,,,,
Saint Etienne,You'Re In A Bad Way,,,,,,,
Sage Francis,Gunz Yo,,,,,,,
The Black Keys,Just A Little Heat,,,,,,,
Theatre Of Tragedy,And When He Falleth,,,,,,,
Simon & Garfunkel,Keep The Customer Satisfied,,,,,,,
British Sea Power,North Hanging Rock,,,,,,,
Clutch,Burning Beard,,,,,,,
Swod,I Think He Was A Journalist,0.0,0.0,0.0,0.0,0.0,0.0,0.0
Silversun Pickups,The Fuzz,,,,,,,
White Rose Movement,Testcard Girl,,,,,,,
Destroyer,Priest'S Knees,,,,,,,
Rancid,Listed M.I.A.,,,,,,,
Ce Ce Peniston,Finally,,,,,,,
Era,Ameno (Remix),,,,,,,
Goran Bregović,Kalasnjikov,,,,,,,
Eluveitie,Gray Sublime Archon,,,,,,,
Blur,Mr. Robinson'S Quango,,,,,,,
Tegan And Sara,This Is Everything,,,,,,,
Hocico,Twisted Lines (Boiling Turmoil Remix By Solitary Experiments),,,,,,,
Amorphis,Veil Of Sin,,,,,,,
Amorphis,Tuonela,,,,,,,
Blur,Moroccan Peoples Revolutionary Bowls Club,,,,,,,
The Blow,Come On Petunia,,,,,,,
After Forever,The Evil That Men Do,,,,,,,
Kotiteollisuus,Rakastaa/Ei Rakasta,,,,,,,
Sade,Slave Song,,,,,,,
Toktok Vs. Soffy O.,Missy Queen'S Gonna Die,,,,,,,
Stephen Sondheim,No Place Like London,0.6,0.8,0.4,0.8,0.2,0.2,0.6
Do Make Say Think,Ontario Plates,,,,,,,
Epica,Solitary Ground,,,,,,,
Minutemen,Viet Nam,,,,,,,
Stephen Sondheim,The Worst Pies In London,,,,,,,
The 69 Eyes,Only You Can Save Me,,,,,,,
Mumm-Ra,She'S Got You High,,,,,,,
Kate Bush,Get Out Of My House,,,,,,,
The Kinks,Dandy,,,,,,,
Underoath,You'Re Ever So Inviting,,,,,,,
Descendents,I'M Not A Loser,,,,,,,
The 69 Eyes,Pitchblack,,,,,,,
Mirah,Nobody Has To Stay,,,,,,,
David Bowie,Nature Boy,,,,,,,
Stephen Malkmus,Pink India,,,,,,,
Stellastarr*,My Coco,,,,,,,
Elvis Costello,She,,,,,,,
Dead Can Dance,Fortune Presents Gifts Not According To The Book,,,,,,,
Sleater-Kinney,Stay Where You Are,,,,,,,
Dr. Dre,Forgot About Dre (Feat. Eminem),,,,,,,
Cave In,In The Stream Of Commerce,,,,,,,
Pain Of Salvation,Chapter Ii: Dryad Of The Woods,,,,,,,
Alestorm,Captain Morgan'S Revenge,,,,,,,
