artist_name,track_name,Vocal Register,Vocal Timbre Thin to Full,Vocal Breathiness,Vocal Smoothness,Vocal Grittiness,Vocal Nasality,Vocal Accompaniment
Q And Not U,Wonderful People,0.6,0.4,0.2,0.4,0.6,0.4,0.6
Pennywise,Perfect People,,,,,,,
Swallow The Sun,Silence Of The Womb,,,,,,,
Joe Strummer & The Mescaleros,Redemption Song,,,,,,,
The Decemberists,Bridges And Balloons,,,,,,,
Faith No More,Jizzlobber,,,,,,,
Faith No More,Anne'S Song,,,,,,,
The Dears,The Second Part,,,,,,,
Joe Strummer,Love Kills,,,,,,,
Yes,Long Distance Runaround,,,,,,,
Q Project,Champion Sound (Bad Company Remix),,,,,,,
Travis,Happy To Hang Around,0.6,0.6,0.4,0.8,0.2,0.4,0.6
Alice Russell,Hurry On Now,,,,,,,
Yes,Don'T Kill The Whale,,,,,,,
Swan Lake,City Calls,,,,,,,
Cold,She Said,0.6,0.8,0.4,0.6,0.8,0.4,0.4
The Dears,No Cities Left,,,,,,,
Cold,Bleed,,,,,,,
Dapunksportif,Private Disco,,,,,,,
Alice Russell,To Know This,,,,,,,
Blink-182,Asthenia,,,,,,,
M. Ward,Get To The Table On Time,,,,,,,
Megadeth,I Ain'T Superstitious,0.4,0.8,0.2,0.4,1.0,0.2,0.2
The Offspring,Smash,,,,,,,
Blonde Redhead,Violent Life,,,,,,,
The Offspring,Stuff Is Messed Up,,,,,,,
A Fine Frenzy,Borrowed Time,,,,,,,
A Flock Of Seagulls,Modern Love Is Automatic,,,,,,,
The Offspring,All Along,0.6,0.8,0.2,0.4,0.8,0.4,0.4
Five For Fighting,Superman (It'S Not Easy),,,,,,,
Say Hi To Your Mom,The Death Of Girl Number Two,,,,,,,
Asian Dub Foundation,Take Back The Power,,,,,,,
Two-Mix,Break,,,,,,,
Coheed And Cambria,Hearshot Kid Disaster,0.8,0.8,0.4,0.6,0.6,0.4,0.6
Oceansize,Ornament/The Last Wrongs,,,,,,,
Deltron 3030,St. Catherine St.,,,,,,,
T.M.Revolution,Hot Limit,,,,,,,
Devin Townsend,Truth,,,,,,,
Devo,Cold War,,,,,,,
Devo,Satisfaction,,,,,,,
Johan,She'S Got A Way With Men,,,,,,,
The Decemberists,Shankhill Butchers,0.4,0.6,0.8,0.8,0.2,0.4,0.2
The Decemberists,Human Behaviour,,,,,,,
Behemoth,Mysterium Coniunctionis (Hermanubis),,,,,,,
The Number Twelve Looks Like You,Like A Cat,,,,,,,
Bob Marley & The Wailers,Want More,,,,,,,
Asian Dub Foundation,Rise To The Challenge,,,,,,,
Midnattsol,Unpayable Silence,,,,,,,
Marcy Playground,A Cloak Of Elvenkind,,,,,,,
Håkan Hellström,Nu Kan Du Få Mig Så Lätt,,,,,,,
Brian Eno,Under Stars Ii,,,,,,,
Alice In Chains,Godsmack,0.4,0.8,0.2,0.4,0.8,0.6,0.4
Saybia,The Day After Tomorrow,,,,,,,
Fito Páez,Contigo (Ft. Joaquin Sabina),,,,,,,
Midlake,The Reprimand,,,,,,,
Patrick Wolf,The Bachelor,,,,,,,
Silver Jews,Like Like The The The Death,,,,,,,
People Press Play,These Days,,,,,,,
Billy Corgan,A100,,,,,,,
The Pussycat Dolls,Magic,,,,,,,
Tomahawk,Pop 1,,,,,,,
The Pussycat Dolls,Right Now,,,,,,,
Billy Bragg & Wilco,Birds And Ships,,,,,,,
Midnight Juggernauts,Aurora,,,,,,,
La Oreja De Van Gogh,La Playa,,,,,,,
Buffalo Tom,Late At Night,,,,,,,
Echo & The Bunnymen,My White Devil,,,,,,,
Sondre Lerche,The Curse Of Being In Love,,,,,,,
Echo & The Bunnymen,Higher Hell,,,,,,,
La Mancha De Rolando,Antes,,,,,,,
The Notorious B.I.G.,Fuck Me (Interlude),,,,,,,
Sads,Masquerade,,,,,,,
Guster,Diane,,,,,,,
Quasimoto,Come On Feet,,,,,,,
Bel Canto,Chaideinoi,,,,,,,
Skin,Faithfulness,,,,,,,
Skindred,Babylon,,,,,,,
Devo,Too Much Paranoias,,,,,,,
Coheed And Cambria,God Send Conspirator,,,,,,,
Pram,The Last Astronaut (Andy Votel Mix),,,,,,,
Nina Simone,Backlash Blues,,,,,,,
Demi Lovato,On The Line (Feat. Jonas Brothers),,,,,,,
Hauschka,Barfuß Durchs Gras,,,,,,,
Hauschka,Nadelwald,,,,,,,
Prefuse 73,Altoid Addiction (Interlude),,,,,,,
Songs: Ohia,Almost Was Good Enough,,,,,,,
Echo & The Bunnymen,All Because Of You Days,,,,,,,
Vast,The Last One Alive,,,,,,,
Leonel Nunes,Um Pepino Entre Os Tomates,,,,,,,
Songs: Ohia,Nervous Bride,,,,,,,
Sabrina,Boys (Summertime Love) (Dub Version),,,,,,,
Songs: Ohia,Peoria Lunch Box Blues,,,,,,,
Wir Sind Helden,Wenn Es Passiert,,,,,,,
Torche,Vampyro,,,,,,,
Sick Of It All,Built To Last,,,,,,,
Håkan Hellström,Mitt Gullbergs Kaj Paradis,,,,,,,
M. Ward,Deep Dark Well,,,,,,,
In Flames,Clad In Shadows,,,,,,,
Tom Waits,Who Are You,,,,,,,
Of Montreal,Everyday Feels Like Sunday,,,,,,,
Delinquent (Feat. Kcat),My Destiny (Delio D'Cruz Vs. Paul Emmanuel Radio Edit),,,,,,,
Ween,The Hiv Song,,,,,,,
Cocteau Twins,Throughout The Dark Months Of April And May,,,,,,,
Of Montreal,Isn'T It Nice?,,,,,,,
Code 64,Sea Of Stars,,,,,,,
Faith No More,Mouth To Mouth,,,,,,,
Margot & The Nuclear So And So'S,Talking In Code,,,,,,,
Faith No More,What A Day,,,,,,,
Faithless,Dirty Ol' Man,,,,,,,
Cocteau Twins,Sugar Hiccup,1.0,0.6,0.8,1.0,0.0,0.2,0.6
Beirut,Mimizan,,,,,,,
Faithless,Crazy English Summer,,,,,,,
Nile,The Language Of The Shadows,,,,,,,
Avril Lavigne,Girlfriend (Feat. Lil' Mama),,,,,,,
Built To Spill,Happiness,,,,,,,
Easy Star All-Stars,Subterranean Homesick Alien,,,,,,,
Miles Davis,Bye Bye Blackbird,,,,,,,
Gustavo Santaolalla,Opening,,,,,,,
Björk,Kata Rokkar,,,,,,,
4Lyn,The Good Life Period,,,,,,,
Easyworld,Til The Day,,,,,,,
Easyworld,Junkies And Whores,,,,,,,
Brian Eno,And Then So Clear,,,,,,,
Megadeth,Almost Honest,,,,,,,
Billie The Vision & The Dancers,Goodnight Sweetheart,,,,,,,
Saalschutz,Das Lied Mit Den Suggestivfragen,,,,,,,
Sonic Roots,Take You High,,,,,,,
Nightwish,This Moment Is Eternity,,,,,,,
Easyworld,All I Can Remember,,,,,,,
The Quantic Soul Orchestra,Feeling Good (Feat. Alice Russell),,,,,,,
Nightwish,Whoever Brings The Night (Live),,,,,,,
Miles Davis,Concierto De Aranjuez (Adagio),,,,,,,
Gustavo Cerati,Dios Nos Libre,,,,,,,
Gustavo Cerati,Otra Piel,,,,,,,
Bel Canto,Tree,,,,,,,
清春,Horizon,,,,,,,
Skindred,Trouble,,,,,,,
The Clientele,Geometry Of Lawns,,,,,,,
Deltron 3030,National Movie Review,,,,,,,
The Clientele,Missing,,,,,,,
Emperor,Towards The Pantheon,,,,,,,
Arise,Another World To Consume,,,,,,,
Nikka Costa,Everybody Got Their Something,,,,,,,
Shapeshifters,Lola'S Theme (Eric Prydz Mix),,,,,,,
Shape Of Despair,Night'S Dew,,,,,,,
Odyssey,Who,,,,,,,
Siouxsie And The Banshees,The Last Beat Of My Heart,,,,,,,
All Bets Off,Earthquake Weather,,,,,,,
In Flames,Eye Of The Beholder,,,,,,,
Miles Davis,My Funny Valentine,,,,,,,
Van Halen,Won'T Get Fooled Again,,,,,,,
L'Arc~En~Ciel,Lover Boy,,,,,,,
Eskobar,Hallelujah New World,,,,,,,
The 69 Eyes,Dream Master,,,,,,,
Danny Elfman,Casting A Spell,,,,,,,
Badly Drawn Boy,I Was Wrong,,,,,,,
David Bowie,Thursday'S Child,,,,,,,
In Flames,Drenched In Fear,,,,,,,
Madonna,Don'T Cry For Me Argentina,,,,,,,
Beastie Boys,Just A Test,,,,,,,
...And You Will Know Us By The Trail Of Dead,Blight Takes All,,,,,,,
John Coltrane,Like Someone In Love,0.0,0.0,0.0,0.0,0.0,0.0,0.0
米倉千尋,10 Years After (Always Mix),,,,,,,
Boards Of Canada,Original Nlogax,,,,,,,
The Detroit Cobras,Baby Let Me Hold Your Hand,,,,,,,
Guri Schanke,Ven A Bailar Conmigo (Norway),,,,,,,
Dfc,Coexistência Do Caos,,,,,,,
Wax Stag,Short Road,,,,,,,
Seu Jorge,Carolina,,,,,,,
The Detroit Cobras,Try Love,,,,,,,
Seu Jorge,Lady Stardust,,,,,,,
Alice Cooper,I'M Your Gun,,,,,,,
Mediengruppe Telekommander,Ein Kleiner Widerstand,,,,,,,
Asobi Seksu,Stay,,,,,,,
Sonic Youth,I Dreamed I Dream,,,,,,,
Miley Cyrus,Nobody'S Perfect,,,,,,,
The White Stripes,I Fought Piranhas,,,,,,,
Anorexia Nervosa,The Shining,,,,,,,
The National,Patterns Of Fairytales,,,,,,,
Earth,Mirage,,,,,,,
The National,The Perfect Song,,,,,,,
Theatre Of Tragedy,Universal Race,,,,,,,
Mediengruppe Telekommander,Mach Das Leiser,,,,,,,
Fischerspooner,!@*$%#,,,,,,,
Mediengruppe Telekommander,Kommanda,,,,,,,
Hypocrisy,Disconnected Magnetic Corridors,,,,,,,
Sonic Youth,Saucer-Like,,,,,,,
Kylie Minogue,Still Standing,,,,,,,
Sonic Youth,Master-Dik,,,,,,,
Daniel Powter,Styrofoam,,,,,,,
Millencolin,Fox,,,,,,,
Hypocrisy,Blooddrenched,,,,,,,
Hypocrisy,A Coming Race,,,,,,,
Bob Sinclar,Rock This Party (Everybody Dance Now) (Radio Edit),,,,,,,
Incredible Bongo Band,Apache,,,,,,,
Susperia,Release,,,,,,,
Susanna And The Magical Orchestra,Believer,,,,,,,
Nightwish,Crimson Tide / Deep Blue Sea (Live),,,,,,,
Maria Peszek,Mgła,,,,,,,
Susanna And The Magical Orchestra,It'S A Long Way To The Top,,,,,,,
Cock Sparrer,Chip On My Shoulder,,,,,,,
Maria Mena,Blame It On Me,,,,,,,
Della Reese,With Pen In Hand,,,,,,,
Beastie Boys,Something'S Got To Give,,,,,,,
Akon & Eminem,Smack That,,,,,,,
Amerie,Nothing Like Loving You,,,,,,,
The Stone Roses,How Do You Sleep,,,,,,,
Tactical Sekt,Genetic Mistrust,,,,,,,
Róisín Murphy,The Closing Of The Doors,,,,,,,
Tactical Sekt,You'Re Fired,,,,,,,
All Girl Summer Fun Band,Girl #3,,,,,,,
Eric Clapton,Lonely Stranger,,,,,,,
Arcana,The Oath,,,,,,,
The 5Th Dimension,Aquarius/Let The Sun Shine In,0.8,1.0,0.2,1.0,0.0,0.2,1.0
Hypocrisy,Craving For Another Killing,,,,,,,
Meck Feat. Dino,Feels Like Home (Radio Edit),,,,,,,
The Music,The Last One,,,,,,,
Róisín Murphy,Prelude To Love In The Making,,,,,,,
Kylie Minogue,Obsession,,,,,,,
Kyau & Albert,Kiksu (Original Mix),,,,,,,
Billie Holiday,Lady Sings The Blues,,,,,,,
Earlimart,Fakey Fake,,,,,,,
The White Stripes,Cold Cold Night,,,,,,,
The Raconteurs,Pull This Blanket Off,,,,,,,
Björk,So Broken,,,,,,,
Assemblage 23,Apart,,,,,,,
Milosh,The Sky Is Grey,,,,,,,
Frank Zappa,Trouble Every Day,,,,,,,
Nightmares On Wax,Groove St.,,,,,,,
Nightmare Of You,Why Am I Always Right?,,,,,,,
Kylie Minogue,After Dark,,,,,,,
Nightmares On Wax,(Man) Tha Journey,,,,,,,
John Foxx,030,,,,,,,
Nightmares On Wax,Chime Out,,,,,,,
Nightmares On Wax,Ethnic Majority,,,,,,,
The Dillinger Escape Plan,Fix Your Face,,,,,,,
John Foxx,Miles Away,,,,,,,
Diablo,Omerta,,,,,,,
Set Your Goals,Work In Progress,,,,,,,
Cock Robin,Stumble And Fall,,,,,,,
The View,Gran'S For Tea,,,,,,,
Skinny Puppy,Curcible,,,,,,,
Nightmares On Wax,Pipes Honour,,,,,,,
Cobra Starship,The City Is At War,,,,,,,
Cobra Starship,The World Has Its Shine (But I Would Drop It On A Dime),,,,,,,
The White Stripes,Black Math (Live Under Blackpool Lights),,,,,,,
The Devin Townsend Band,Mental Tan,,,,,,,
The Radio Dept.,Closing Scene,,,,,,,
The Radio Dept.,Let Me Have This,,,,,,,
Assemblage 23,Fallen Down,,,,,,,
The Music,Idle,,,,,,,
The Be Good Tanyas,Light Enough To Travel,,,,,,,
Part Chimp,Hello Bastards,,,,,,,
The Be Good Tanyas,House Of The Rising Sun,,,,,,,
Parts & Labor,Brighter Days,,,,,,,
...And You Will Know Us By The Trail Of Dead,Insatiable (One),,,,,,,
Parts & Labor,The Gold We'Re Digging,,,,,,,
Pet Shop Boys,My October Symphony,,,,,,,
Nightingale,Game Over,,,,,,,
India.Arie,I Am Not My Hair (Feat. Akon),,,,,,,
Los Lobos,Wake Up Dolores,,,,,,,
John Foxx,Touch And Go,,,,,,,
The Smiths,What Difference Does It Make (Peel Session),,,,,,,
Yo La Tengo,Double Dare,,,,,,,
The Clash,Cheapskates,,,,,,,
Manic Street Preachers,Slash 'N' Burn,,,,,,,
Delerium,Silence (Niels Van Gogh Vs. Thomas Gold Remix),,,,,,,
Delerium,Duende,,,,,,,
Portugal. The Man,Shade,,,,,,,
Covenant,Brave New World,,,,,,,
Portishead,Toy Box,,,,,,,
Covenant,Monochrome,,,,,,,
Covenant,No Man'S Land,,,,,,,
The Stone Roses,One Love,,,,,,,
Kult,Wódka,,,,,,,
David Ford,I Don'T Care What You Call Me (Radio Edit),,,,,,,
Sonique,Sky,,,,,,,
Burzum,Dunkelheit,,,,,,,
Mindless Self Indulgence,Unsociable,,,,,,,
Ministry,Faith Collapsing,,,,,,,
Kult,Piotr Pielgrzym,,,,,,,
Eagle-Eye Cherry,Are You Still Having Fun,,,,,,,
Annihilator,Word Salad,,,,,,,
Ministry,Grace,,,,,,,
Minilogue,Jamaica,,,,,,,
Sono,A New Cage,,,,,,,
Ryan Adams,Two Hearts,,,,,,,
Supersuckers,A Good Night For My Drinkin',,,,,,,
Nicole,Ajaton,,,,,,,
Nicola Hitchcock,You Will Feel Like This,,,,,,,
Superpitcher,People,,,,,,,
John Frusciante,I Can'T See Until I See Your Eyes,,,,,,,
The Vines,Country Yard,,,,,,,
John Frusciante,The First Season,,,,,,,
Los Hermanos,O Vencedor,,,,,,,
Warmen,Somebody'S Watching Me,,,,,,,
Queens Of The Stone Age,Infinity,,,,,,,
Queens Of The Stone Age,Never Say Never,,,,,,,
Supersuckers,Roadworn And Weary,,,,,,,
Warrel Dane,This Old Man,,,,,,,
The Dismemberment Plan,A Life Of Possibilities,,,,,,,
Kult,Czekając Na Królestwo J.H.W.H.,,,,,,,
Queens Of The Stone Age,Born To Hula,,,,,,,
Kult,Czarne Słońca,,,,,,,
Queens Of The Stone Age,God Is On The Radio,,,,,,,
Frankmusik,In Step,,,,,,,
Kult,3 Gwiazdy,,,,,,,
Björk,Where Is The Line?,,,,,,,
E*Vax,The Process Of Leaving,,,,,,,
Scatman John,Scatman,,,,,,,
Breaking Benjamin,Follow,,,,,,,
Ryan Adams,Pearls On A String,,,,,,,
Dååth,From The Blind,,,,,,,
The Mountain Goats,In The Hidden Places,,,,,,,
The Mountain Goats,Half Dead,,,,,,,
Dååth,Subterfuge,,,,,,,
Astor Piazzolla,Libertango,,,,,,,
Ryan Adams,Nightbirds,,,,,,,
Kubichek!,Nightjoy,,,,,,,
Yo La Tengo,Pass The Hatchet,,,,,,,
Gui Boratto,Terminal,,,,,,,
John Lennon,How Do You Sleep?,,,,,,,
Diana Krall,When I Look In Your Eyes,,,,,,,
American Nightmare,Protest Song #00,,,,,,,
Take That,Hello,,,,,,,
Clutch,Tripping The Alarm,,,,,,,
Delays,Too Much In Your Life,,,,,,,
Nico,Janitor Of Lunacy,,,,,,,
Boa,The Love Bug,,,,,,,
Ohgr,Devil,,,,,,,
The Cinematic Orchestra,Diabolus,,,,,,,
Akufen,Jeep Sex,,,,,,,
Titus Andronicus,My Time Outside The Womb,,,,,,,
Oh No Oh My,On The Town,,,,,,,
The Cinematic Orchestra,The Animated Tripod,,,,,,,
Siouxsie Sioux,If It Doesn'T Kill You,,,,,,,
Cracker,Low,,,,,,,
Elio E Le Storie Tese,Cartoni Animati Giapponesi,,,,,,,
School Of Seven Bells,Wired For Light,,,,,,,
The Beach Boys,Let'S Go Away For A While,,,,,,,
Ryan Adams,Bartering Lines,,,,,,,
Tom Waits,Shake It,,,,,,,
Daniel Johnston,Syrup Of Tears,,,,,,,
Butcher Boy,I Could Be In Love With Anyone,,,,,,,
Supergrass,It'S Not Me,,,,,,,
Hurt,Overdose,,,,,,,
Minus 8,Elysian Fields,,,,,,,
Agalloch,As Embers Dress The Sky,,,,,,,
Supergrass,G-Song,,,,,,,
Quietdrive,Take A Drink,,,,,,,
John Mayer,Not Myself,,,,,,,
Agalloch,Foliorum Viridium,,,,,,,
Nickelback,I'D Come For You,,,,,,,
Agalloch,Hallways Of Enchanted Ebony,,,,,,,
Guano Apes,Dick,,,,,,,
Walls Of Jericho,No Saving Me,,,,,,,
Set Fire To Flames,And The Birds Are About To Bust Their Guts With Singing,,,,,,,
Los Hermanos,A Flor,,,,,,,
Set Fire To Flames,'I Will Be True... ' (From Lips Of Lying Dying Wonder Body #1) / Reign Rebuilder (Head),,,,,,,
Nickelback,Woke Up This Morning,,,,,,,
Nickelback,Someone That You'Re With,,,,,,,
Françoise Hardy,La Fille Avec Toi,,,,,,,
Agathodaimon,Body Of Clay,,,,,,,
Parov Stelar,Sometimes (Feat. Anita Riegler),,,,,,,
Hurt,Jezus,,,,,,,
The Raincoats,Black And White,,,,,,,
Breaking Benjamin,Natural Life,,,,,,,
The Weepies,Just Blue,,,,,,,
Less Than Jake,Is This Thing On?,,,,,,,
Guano Apes,Counting The Days,,,,,,,
Kruder & Dorfmeister,Black Baby,,,,,,,
Butthole Surfers,Who Was In My Room Last Night,,,,,,,
Dzihan & Kamien,Ford Transit,,,,,,,
Sopho,Visionary Dream (Georgia),,,,,,,
Freak Kitchen,Becky,,,,,,,
Buzzcocks,Are Everything,,,,,,,
Freak Kitchen,Seven Days In June,,,,,,,
Freak Kitchen,Guilt Trip,,,,,,,
Freak Kitchen,Look Bored,,,,,,,
Freak Kitchen,Mussolini Mind,,,,,,,
Texas Lightning,No No Never,,,,,,,
The Beatles,12-Wait,,,,,,,
Daniel Garcia,El Reino Del Tiempo,,,,,,,
鈴村健一,とりあえずそれで行こう,,,,,,,
Blood For Blood,Ain'T Like You (Wasted Youth Ii),,,,,,,
Pete Shelley,Witness The Change,,,,,,,
...And You Will Know Us By The Trail Of Dead,Fields Of Coal,,,,,,,
David Guetta,When Love Takes Over (Feat. Kelly Rowland),,,,,,,
Bad Religion,Sinister Rouge,,,,,,,
Bad Religion,The Gray Race,,,,,,,
Head Automatica,King Caesar,,,,,,,
Clouddead,Son Of A Gun,,,,,,,
John Murphy,Rage,,,,,,,
Nick Lowe,I Love The Sound Of Breaking Glass,,,,,,,
Bear Vs. Shark,I Fucked Your Dad,,,,,,,
Against Me!,Borne On The Fm Waves Of The Heart,,,,,,,
Clouddead,The Keen Teen Skip,,,,,,,
The Dixie Cups,Chapel Of Love,,,,,,,
Clouddead,Physics Of A Unicycle,,,,,,,
Marianne Faithfull,The Ballad Of Lucy Jordan,,,,,,,
Emma Pollock,Limbs,,,,,,,
A Sunny Day In Glasgow,5:15 Train,,,,,,,
Rush,The Body Electric,,,,,,,
Fiona Apple,Please Send Me Someone To Love,,,,,,,
Rush,The Seeker,,,,,,,
Misfits,Diana,,,,,,,
Finntroll,Under Två Runor,,,,,,,
Finntroll,Svartberg,,,,,,,
The Modern Lovers,Someone I Care About,,,,,,,
Dwight Yoakam,Close Up The Honky Tonks,,,,,,,
Misfits,Braineaters,,,,,,,
The Modern Lovers,Old World,,,,,,,
The Monkees,(I'M Not Your) Steppin' Stone,,,,,,,
Misfits,Dream Lover,,,,,,,
Rush,In The Mood,,,,,,,
Gruff Rhys,Painting People Blue,0.6,0.6,0.4,0.8,0.2,0.4,0.6
The Mission,Stay With Me,,,,,,,
Annie,Gimme Your Money,,,,,,,
The Modern Lovers,Hospital,,,,,,,
Belle And Sebastian,Dirty Dream #2,,,,,,,
The Doors,Crystal Ship,,,,,,,
Nick Drake,Mayfair,,,,,,,
Cloud Cult,Chain Reaction,,,,,,,
John Parr Vs. Tommyknockers,New Horizon,,,,,,,
Gruff Rhys,This Is Just The Beginning,,,,,,,
Grupo De Expertos Solynieve,Alegato Meridional,,,,,,,
The Smashing Pumpkins,Wound,,,,,,,
The Vines,Vision Valley,,,,,,,
Xtc,Helicopter,,,,,,,
Cradle Of Filth,Cruelty Brought Thee Orchids,,,,,,,
Jay-Z,Encore,,,,,,,
Akufen,In Dog We Trust,,,,,,,
Belle And Sebastian,Big John Shaft,,,,,,,
Manic Street Preachers,Found That Soul,,,,,,,
Weezer,Death And Destruction,,,,,,,
Jay-Z,Friend Or Foe,,,,,,,
Xtc,Grass,,,,,,,
Misfits,Resurrection,,,,,,,
Tweet,Oops Oh My,,,,,,,
The Rapture,Sister Savior,,,,,,,
The Rapture,Infatuation,,,,,,,
Peter Doherty,Sweet By + By,,,,,,,
Within Temptation,Running Up That Hill (Live At The Edisons Amsterdam),,,,,,,
鈴村健一,フリートーク「結崎 亮とわたくし」,,,,,,,
...And You Will Know Us By The Trail Of Dead,The Far Pavilions,,,,,,,
Super Junior,U,,,,,,,
Jay Reatard,My Family,,,,,,,
Belly,Dusted,,,,,,,
Tiga,3 Weeks,,,,,,,
Nick Cave & The Bad Seeds,There Is A Town,,,,,,,
Nick Cave & The Bad Seeds,The Lyre Of Orpheus,,,,,,,
Belleruche,Reflection,,,,,,,
The Vines,Nothin'S Comin',,,,,,,
Belleruche,Bird Mess,,,,,,,
Skinny Puppy,Past Present,,,,,,,
Skinny Puppy,Process,,,,,,,
Yo La Tengo,Tired Hippo,,,,,,,
John Parish & Polly Jean Harvey,Leaving California,,,,,,,
The Wedding Present,I'M Not Always So Stupid,0.4,0.6,0.2,0.4,0.6,0.6,0.4
Belle And Sebastian,I Don'T Want To Play Football,,,,,,,
Kreator,Cry War,,,,,,,
Nick Drake,All My Trials,,,,,,,
Kraftwerk,Tour De France Étape 3,,,,,,,
Elio E Le Storie Tese,Suicidio A Sorpresa: Allegretto,,,,,,,
Elio E Le Storie Tese,Il Vitello Dai Piedi Di Balsa,,,,,,,
A*Teens,Floorfiller,,,,,,,
Sound Team,Tv Torso,,,,,,,
Tweaker,Happy Child (Feat. Will Oldham),,,,,,,
Freemasons,Love On My Mind (Radio Edit),,,,,,,
Krazy Baldhead,Strings Of Death,,,,,,,
Urma,After All,,,,,,,
John Travolta,Greased Lightnin',,,,,,,
Nick Cave & The Bad Seeds,Oh My Lord,,,,,,,
Take That,Reach Out,,,,,,,
Take That,Like I Never Loved You At All,,,,,,,
Weezer,Jamie,,,,,,,
Clipse,Hello New World,,,,,,,
The Dresden Dolls,Dear Jenny,,,,,,,
Groove Armada,Remember,,,,,,,
Cradle Of Filth,Cemetery And Sundown,,,,,,,
Jay Reatard,Nightmares,,,,,,,
Oingo Boingo,Grey Matter,,,,,,,
The Chocolate Watch Band,Gossamer Wings,,,,,,,
Cradle Of Filth,The Graveyard By Moonlight,,,,,,,
Kraftwerk,Heimcomputer,,,,,,,
Kraftwerk,News,,,,,,,
Kraftwerk,Morgenspaziergang,,,,,,,
A*Teens,Can'T Help Falling In Love,,,,,,,
The Rascals,Stockings To Suit,,,,,,,
The Microphones,Ice,0.4,0.6,0.8,0.6,0.4,0.6,0.4
The Microphones,I Am Bored,,,,,,,
Soundpool,Pleasure & Pain,,,,,,,
Soundgarden,New Damage,,,,,,,
Mission Of Burma,2Wice,,,,,,,
Small Faces,Hey Girl,,,,,,,
Astral Projection,Mahadeva,,,,,,,
Venetian Snares,Eurocore Mvp,,,,,,,
Small Faces,I Can'T Make It,,,,,,,
The Meeting Places,Now I Know You Could Never Be The One,,,,,,,
Missippi John Hurt,Frankie,,,,,,,
Mission Of Burma,Max Ernst,,,,,,,
Dido,It Comes And It Goes,,,,,,,
Soundgarden,Zero Chance,,,,,,,
Super Furry Animals,God! Show Me Magic,,,,,,,
Newton Faulkner,People Should Smile More,,,,,,,
Super Furry Animals,Ohio Heat,,,,,,,
The Dresden Dolls,Sorry Bunch,,,,,,,
Nick Cave & The Bad Seeds,Abattoir Blues,,,,,,,
Fall Out Boy,Reinventing The Wheel To Run Myself Over,,,,,,,
Avantasia,Lost In Space,,,,,,,
Super Furry Animals,Oi Frango,,,,,,,
R.E.M.,Diminished,,,,,,,
Avantasia,The Final Sacrifice,,,,,,,
Clint Mansell,Fall: Sara Goldfarb Has Left The Building,,,,,,,
Anna Ternheim,Such A Lonely Soul,,,,,,,
Tierra Santa,La Canción Del Pirata (Ii),,,,,,,
Clint Mansell,Requiem For A Dream,,,,,,,
Nick Cave & The Bad Seeds,John Finn'S Wife,,,,,,,
Anna Ternheim,Today Is A Good Day,,,,,,,
Paradise Lost,Self-Obsessed,,,,,,,
Anna Ternheim,What Have I Done,,,,,,,
The Thermals,How We Know,,,,,,,
Underworld,River Of Bass,,,,,,,
Within Temptation,The Dance,,,,,,,
Alexisonfire,A Dagger Through The Heart Of St. Angeles,,,,,,,
Testament,Electric Crown,,,,,,,
...And You Will Know Us By The Trail Of Dead,Mark David Chapman,,,,,,,
David Sanborn,The Dream,,,,,,,
Alexi Murdoch,Love You More,,,,,,,
Silverchair,Satin Sheets,,,,,,,
Silverchair,Shade,,,,,,,
Archie Beel & The Drells,Tighten Up,,,,,,,
The Stranglers,96 Tears,,,,,,,
Lucero,Ain'T So Lonely,,,,,,,
American Football,Honestly?,,,,,,,
Grizzly Bear,About Face,0.6,0.6,0.6,0.8,0.2,0.4,0.8
New York Dolls,Babylon,,,,,,,
Client,Down To The Underground,,,,,,,
Clinic,2Nd Foot Stomp,,,,,,,
Johnathan Rice,So Sweet,,,,,,,
Black Tambourine,Pam'S Tan,,,,,,,
The Smashing Pumpkins,Hello Kitty Kat,,,,,,,
Los Amigos Invisibles,Yo No Sé,,,,,,,
Newton Faulkner,I Need Something,,,,,,,
Avantasia,Avantasia,,,,,,,
Grizzly Bear,La Duchess Anne,,,,,,,
Misty'S Big Adventure,The Story Of Love,,,,,,,
Clinic,Tomorrow,,,,,,,
Ruch,Dónde,,,,,,,
Barenaked Ladies,Aluminum,,,,,,,
The Matches,Sick Little Suicide,,,,,,,
Fink,Blueberry Pancakes,,,,,,,
From Ashes Rise,They,,,,,,,
From Ashes Rise,Hell In The Darkness,,,,,,,
From Ashes Rise,Nightmares,,,,,,,
From Ashes Rise,On The Fray,,,,,,,
Kosheen,Pride,,,,,,,
The Raveonettes,Chains,,,,,,,
Brave,Spirit,,,,,,,
Brave,Out Of Focus,,,,,,,
Therion,Ginnungagap,,,,,,,
Cake,Dime,,,,,,,
Kosheen,Empty Skies,,,,,,,
Kosheen,Harder,,,,,,,
Dana Fuchs,Don'T Let Me Down,,,,,,,
Howard Shore,Treebeard,,,,,,,
Howe Gelb,But I Did Not,0.4,0.4,0.6,0.4,0.8,0.6,0.2
Roy Ayers,Everybody Loves The Sunshine,,,,,,,
Paradise Lost,Don'T Belong (String Dub Mix),,,,,,,
The Beatles,I'Ll Get You,,,,,,,
Underworld,Mo Move,,,,,,,
Blood On The Wall,Stoner Jam,,,,,,,
Paradise Lost,I Am Nothing,,,,,,,
New Order,Working Overtime,,,,,,,
Anathema,Everything,,,,,,,
New Order,World,,,,,,,
Old Canes,Taxi On Vermont,,,,,,,
R.E.M.,Second Guessing,,,,,,,
Marilyn Manson,Coma Black: A) Eden Eye / B) The Apple Of Discord,0.6,0.6,0.4,0.4,0.8,0.4,0.2
Marillion,White Feather,,,,,,,
Client,Don'T Call Me Baby,,,,,,,
Ok Go,1000 Miles Per Hour,,,,,,,
The Duke Spirit,A Wild Hope,,,,,,,
Howie Day,She Says,,,,,,,
Porn Sword Tobacco,Cubical Fever,,,,,,,
Barenaked Ladies,It'S Only Me (The Wizard Of Magicland),,,,,,,
Grinderman,Honey Bee (Let'S Fly To Mars),,,,,,,
Porn Sword Tobacco,Do The Astrowaltz,,,,,,,
The Chiffons,He'S So Fine,,,,,,,
Cradle Of Filth,Tonight In Flames,,,,,,,
Barenaked Ladies,Jane,,,,,,,
Lynyrd Skynyrd,Poison Whiskey,,,,,,,
Cake,Hem Of Your Garment,,,,,,,
The Beatles,I Call Your Name,,,,,,,
Cake,Where Would I Be?,,,,,,,
Front 242,Kampfbereit,,,,,,,
Cake,She'Ll Come Back To Me,,,,,,,
Cake,The Guitar Man,,,,,,,
Spacemen 3,Hypnotized,,,,,,,
Calexico,Dub Latina,,,,,,,
Front 242,Moldavia,,,,,,,
Korn,Swallow,,,,,,,
Van Halen,Hang 'Em High,,,,,,,
Serena-Maneesh,Chorale Lick,,,,,,,
Afterhours,Elymania,,,,,,,
Porcupine Tree,Start Of Something Beautiful,,,,,,,
New Order,Round And Round,,,,,,,
R.E.M.,Undertow,,,,,,,
New Order,Mr. Disco,,,,,,,
The Chemical Brothers,The Pills Won'T Help You Now,,,,,,,
The Duke Spirit,Scratching Around (Demo),,,,,,,
Sunny Sweeney,Slow Swinging Westerntunes,,,,,,,
Beady Belle,Game,0.6,0.8,0.6,1.0,0.2,0.2,0.4
Old 97'S,Color Of A Lonely Heart Is Blue,,,,,,,
Jason Collett,We All Lose One Another,,,,,,,
Korn,Love And Luxury,,,,,,,
Lianne Hall,Come Save Me,,,,,,,
The Stranglers,(Get A) Grip (On Yourself),,,,,,,
Korn,Hollow Life,,,,,,,
Мои Ракеты Вверх,First Time,,,,,,,
Lianne Hall,Tether,,,,,,,
Roxette,Paint,,,,,,,
Anna Nalick,In The Rough [Radio Version],,,,,,,
Duchess Says,Black Flag,,,,,,,
Ленина Пакет,Салам Feat. Rjb,0.6,0.6,0.4,0.6,0.4,0.6,0.8
Calexico,Whipping The Horse'S Eyes,,,,,,,
Calexico,Writer'S Minor Holiday,,,,,,,
Scooter,Enola Gay,,,,,,,
Ленина Пакет,Про Танцы,,,,,,,
Ленина Пакет,Кляксы,,,,,,,
Ленина Пакет,Масловский Ii,,,,,,,
Dublex Inc.,Introduction,,,,,,,
Therion,To Mega Therion,,,,,,,
Gregory And The Hawk,Fin Song 8 (Orange River Remix),,,,,,,
Ulver,Your Call,,,,,,,
Loreena Mckennitt,Caravanserai,,,,,,,
Jason Collett,Through The Night These Days,,,,,,,
Jason Collett,Sorry Lori,,,,,,,
Jason Collett,I'Ll Bring The Sun,,,,,,,
Old 97'S,The Fool,,,,,,,
Old 97'S,Timebomb,,,,,,,
Deftones,If Only Tonight We Could Sleep,,,,,,,
Evil Nine,Hired Goons,,,,,,,
R.E.M.,You,,,,,,,
Polysics,Buggie Technica,,,,,,,
Evil'S Toy,Vanished Soul,,,,,,,
Evil Nine,Restless,,,,,,,
New Order,Hey Now What You Doing,,,,,,,
New Order,I Told You So,,,,,,,
Sunny Day Real Estate,48,,,,,,,
Be Your Own Pet,Fill My Pill,,,,,,,
Be Your Own Pet,Fuuuuun,,,,,,,
Frou Frou,Breathe In (Watkins Vocal Mix),,,,,,,
Koop,Relaxin' At Club F****N,,,,,,,
Frou Frou,Old Piano,,,,,,,
鈴村健一,Damn It!,0.6,0.8,0.4,0.8,0.2,0.4,0.6
Mcfly,All About You,,,,,,,
The Beatles,It'S All Too Much,,,,,,,
The Magnetic Fields,You And Me And The Moon,,,,,,,
Dan Hill,Sometimes When We Touch,,,,,,,
鈴村健一,Save Your Back,,,,,,,
Howard Shore,The Great River,,,,,,,
Dan Le Sac Vs. Scroobius Pip,Tommy C,,,,,,,
Dan Le Sac Vs. Scroobius Pip,Magician'S Assistant,,,,,,,
Inme,Far-Reaching,,,,,,,
浜崎あゆみ,Evolution,,,,,,,
Tiamat,Vote For Love,,,,,,,
Sunblock & Sandy,Baby Baby (Radio Edit),,,,,,,
Ben Folds,Rent A Cop,,,,,,,
Rachael Yamagata,Moments With Oliver,,,,,,,
After Forever,No Control,,,,,,,
Anathema,The Beloved,,,,,,,
Die Toten Hosen,Hier Kommt Alex,,,,,,,
New Order,Angel Dust,,,,,,,
The Slits,Ping Pong Affair,,,,,,,
After Forever,Beyond Me,,,,,,,
After Forever,Boundaries Are Open,,,,,,,
After Forever,Energize Me,,,,,,,
Rachael Yamagata,Quiet,,,,,,,
Treva Whateva,Bouncing Bomb,,,,,,,
The Smashing Pumpkins,Bury Me,,,,,,,
Johnny Cash,Tennessee Stud,,,,,,,
Johnny Cash,Send A Picture Of Mother,,,,,,,
Johnny Cash,That Lucky Old Sun (Just Rolls Around Heaven All Day),,,,,,,
Johnny Cash,Tear Stained Letter,,,,,,,
Japan,My New Career,,,,,,,
Townes Van Zandt,Tecumseh Valley,,,,,,,
Deerhunter,These Hands,,,,,,,
Weird Al Yankovic,Dare To Be Stupid,,,,,,,
Weird Al Yankovic,Don'T Download This Song,,,,,,,
Anberlin,Ready Fuels,,,,,,,
The Electric Soft Parade,Empty At The End,,,,,,,
Nevermore,This Godless Endeavor,,,,,,,
Green Day,Redundant,,,,,,,
The Slip,Children Of December,,,,,,,
Lordi,Who'S Your Daddy?,,,,,,,
Johnny Flynn,Tickle Me Pink,,,,,,,
Johnny Foreigner,Djs Get Doubts,,,,,,,
Ben Folds,Prison Food,,,,,,,
New Found Glory,I Don'T Wanna Know,,,,,,,
New Found Glory,Too Good To Be,,,,,,,
Sparklehorse,It'S Not So Hard,,,,,,,
Sparklehorse,Knives Of Summertime,,,,,,,
Greenskeepers,Keep It Down,,,,,,,
Die Ärzte,Zu Spät,,,,,,,
Frozen Silence,Lucid Dream,,,,,,,
A.C. Newman,Submarines Of Stockholm,,,,,,,
The Raveonettes,The Truth About Johnny,,,,,,,
The Magnetic Fields,Love Goes Home To Paris In The Spring,,,,,,,
Liekki,Lilja,,,,,,,
U2,Silver And Gold,,,,,,,
Slowdive,Brighter,,,,,,,
Brand New,Untitled 07,,,,,,,
Antti Tuisku,Pois,,,,,,,
Antti Tuisku,Kaunein Unesi,,,,,,,
Modern Life Is War,Martin Achet,,,,,,,
Sparks,This Town Ain'T Big Enough For The Both Of Us,,,,,,,
Lordi,Good To Be Bad,,,,,,,
Black Stone Cherry,Crosstown Woman,,,,,,,
The Electric Soft Parade,Why Do You Try So Hard To Hate Me,,,,,,,
Young Marble Giants,Constantly Changing,,,,,,,
Eminem,Evil Deeds,,,,,,,
Eminem,My 1St Single,,,,,,,
Nevermore,Ophidian,,,,,,,
Tiamat,Teonanacatl,,,,,,,
Ben Folds Five,Regrets,,,,,,,
Def Leppard,Don'T Shoot Shotgun,,,,,,,
The Charlatans,Loving You Is Easy,,,,,,,
Be Your Own Pet,Heart Throb,,,,,,,
Def Leppard,Comin' Under Fire,,,,,,,
Weird Al Yankovic,I'Ll Sue Ya,,,,,,,
The Magnetic Fields,Busby Berkeley Dreams,,,,,,,
Tom Waits,Cold Cold Ground,,,,,,,
Bill Callahan,Diamond Dancer,,,,,,,
Calvin Harris,Love Souvenir,,,,,,,
Tom Waits,Come On Up To The House,,,,,,,
The The,The Sinking Feeling,,,,,,,
Bloodbath,The Ascension,,,,,,,
Underworld,Cups,,,,,,,
Fucked Up,Carried Out To The Sea,,,,,,,
Modeselektor,Ziq Zaq,,,,,,,
Barenaked Ladies,Straw Hat And Old Dirty Hank,,,,,,,
Barenaked Ladies,Shopping,,,,,,,
Wild Orchid,My Tambourine,,,,,,,
Knowtoryus,Bomberclad Joint,0.6,0.8,0.4,0.6,0.6,0.6,0.6
Bikini Kill,Speed Heart,,,,,,,
Fucked Up,Son The Father,,,,,,,
Fucked Up,Golden Seal,,,,,,,
Sparta,Breaking The Broken,,,,,,,
Black Flag,Louie Louie,,,,,,,
Anna Abreu,Ivory Tower,,,,,,,
Asura,Fahrenheit,,,,,,,
A1,Same Old Brand New You,,,,,,,
Turning Point,Broken,,,,,,,
Asura,Code Eternity,,,,,,,
Asura,Lost Eden,,,,,,,
Fuel,Die Like This,,,,,,,
The Maccabees,Bicycles,,,,,,,
Camel,Migration,,,,,,,
Елена Ристеска,Ninanajna (F.Y.R. Macedonia),,,,,,,
Johnossi,The Show Tonight,,,,,,,
Fugazi,Combination Lock,,,,,,,
Neurosis,Through Silver In Blood,,,,,,,
Green Carnation,High Tide Waves,,,,,,,
Green Cortinas,Good Today,,,,,,,
Clannad,Lady Marian,,,,,,,
Neutral Milk Hotel,Everything Is,,,,,,,
Apocalyptica,Seemann,,,,,,,
And One,A Kind Of Deutsch,,,,,,,
Tiamat,Planets,,,,,,,
Skunk Anansie,Brazen (Weep),,,,,,,
Clannad,Robin (The Hooded Man),,,,,,,
Sum 41,Over My Head (Better Off Dead),,,,,,,
The End,The Moth And I,,,,,,,
Black Flag,Annihilate This Week,,,,,,,
The Wedding Present,Don'T Be So Hard,,,,,,,
Final Fantasy,Arctic Circle,,,,,,,
Insomnium,The Elder,,,,,,,
Insomnium,Under The Plaintive Sky,,,,,,,
Fugazi,Cassavetes,,,,,,,
Fugazi,Great Cop,,,,,,,
Barrio Jazz Gang,Linda Canção,,,,,,,
Hot Snakes,Think About Carbs,,,,,,,
Camel,Freefall,,,,,,,
Phantom Planet,Big Brat,,,,,,,
Madrugada,Stories From The Streets,,,,,,,
Estelle,Shine,,,,,,,
Estelle Feat. Kanye West,American Boy,,,,,,,
Eminem,Cleanin Out My Closet,,,,,,,
Skunk Anansie,Lately,,,,,,,
Emilíana Torrini,Serenade,,,,,,,
Great Northern,Telling Lies,,,,,,,
Townes Van Zandt,Lungs,,,,,,,
The Sleepy Jackson,Devil Was In My Yard,,,,,,,
Great Northern,The Middle,,,,,,,
Clan Of Xymox,Theme Ii,,,,,,,
Townes Van Zandt,Flyin' Shoes,,,,,,,
菅野よう子,Nowhere And Everywhere,,,,,,,
Creedence Clearwater Revival,Wrote A Song For Everyone,,,,,,,
Neurosis,Locust Star,,,,,,,
Special D.,Come With Me (Single Edit),0.8,0.6,0.4,0.6,0.2,0.2,0.8
Deerhoof,Dinner For Two,,,,,,,
Ben Folds Five,Your Redneck Past,,,,,,,
The Chameleons,Tears,,,,,,,
They Might Be Giants,Dead,,,,,,,
Papa Roach,...To Be Loved,,,,,,,
Papa Roach,Lovehatetragedy,,,,,,,
Scooter,One (Always Hardcore),,,,,,,
U2,The Refugee,,,,,,,
U2,The Ocean,,,,,,,
Camel,Tell Me,0.6,0.8,0.6,0.8,0.2,0.2,0.4
Ella Fitzgerald,Let'S Do It (Let'S Fall In Love),,,,,,,
Bran Van 3000,Problems,,,,,,,
Modest Mouse,Sunspots In The House Of The Late Scapegoat,,,,,,,
Camel,Unevensong,,,,,,,
Dropkick Murphys,The Outcast,,,,,,,
Camera Obscura,Let'S Go Bowling,,,,,,,
Верка Сердючка,Dancing Lasha Tumbai (Ukraine),,,,,,,
The Evens,Around The Corner,,,,,,,
Jolie Holland,Nothing To Do But Dream,,,,,,,
Suicide,Las Vegas Man,,,,,,,
September Collective,The Return,,,,,,,
Looptroop,Trrism,,,,,,,
Ulver,Dead City Centres,,,,,,,
Radiohead,How I Made My Millions,,,,,,,
Great Lake Swimmers,Imaginary Bars,,,,,,,
Great Lake Swimmers,Moving Pictures Silent Films,,,,,,,
The Evens,Crude Bomb,,,,,,,
Jokke & Valentinerne,Sitter På En Bombe,,,,,,,
Skunk Anansie,She'S My Heroine,,,,,,,
Jolie Holland,Crazy Dreams,,,,,,,
Trial,Are These Our Lives?,,,,,,,
Neu!,Lila Engel (Lilac Angel),,,,,,,
Great Lake Swimmers,To Leave It Behind,,,,,,,
Apocalyptica,Pandemonium,,,,,,,
They Might Be Giants,Experimental Film,,,,,,,
Black Flag,Scream,,,,,,,
Filo & Peri,The Anthem (Radio Edit),,,,,,,
Fila Brazillia,Place De La Concorde,,,,,,,
Camera Obscura,Swans,,,,,,,
Camille,Vertige,,,,,,,
Pants Yell!,Kids Are The Same,,,,,,,
Camille,Gospel With No Lord,,,,,,,
Modest Mouse,Worms Vs. Birds,,,,,,,
Alley Life,Out With The Old,,,,,,,
Tenhi,Sarastuskävijä,,,,,,,
Fugees,How Many Mics,,,,,,,
Tepr,Minuit Jacuzzi (Data Remix),,,,,,,
Hot Hot Heat,In Cairo,,,,,,,
Talking Heads,Love → Building On Fire,,,,,,,
Talking Heads,Mr. Jones,,,,,,,
Townes Van Zandt,Colorado Girl,,,,,,,
The Cat Empire,Hello,,,,,,,
Dimension Zero,He Who Shall Not Bleed,,,,,,,
The Exploding Hearts,You'Re Black And Blue,,,,,,,
Ben Harper,Get It Like You Like It,,,,,,,
Younger Brother,Evil & Harm,,,,,,,
Nelly Furtado,Promiscious,,,,,,,
Jon Kennedy,Tell Me How You Feel (Bonobo Mix),,,,,,,
Ulver,For The Love Of God,,,,,,,
Ben Harper,Cryin' Won'T Help You Now,,,,,,,
Radiohead,Inside My Head,,,,,,,
Nena Daconte,Tenía Tanto Que Darte,,,,,,,
Ben Harper,Brown Eyed Blues,,,,,,,
Tiamat,Atlantis As A Lover,,,,,,,
Pharrell Williams,Can I Have It Like That (Feat. Gwen Stefani),,,,,,,
Hot Snakes,Kreative Kontrol,,,,,,,
Damien Rice,Delicate (Live In Dublin),,,,,,,
All The Saints,Farmacia,,,,,,,
Fugazi,Version,,,,,,,
Fujiya & Miyagi,Pterodactyls,,,,,,,
Fujiya & Miyagi,Dishwasher,,,,,,,
Spiha,If I Ever Let You Go,,,,,,,
Full Frontal,You Think You'Re A Man,,,,,,,
Klimt 1918,Parade Of Adolescence,,,,,,,
They Might Be Giants,It'S Not My Birthday,,,,,,,
Emilíana Torrini,Hold Heart,,,,,,,
Bomb The Music Industry!,Gang Of Four Meets The Stooges (But Boring),,,,,,,
Nelly Furtado,Man Eater,,,,,,,
The Exploding Hearts,Sleeping Aides And Razorblades,,,,,,,
Aesthetic Perfection,The Violence,,,,,,,
Jonas Brothers,Games,,,,,,,
Black Sabbath,Warning,,,,,,,
She Wants Revenge,Written In Blood,,,,,,,
Black Sabbath,Tomorrows Dream,,,,,,,
Janet Jackson,So Excited (Feat. Khia),,,,,,,
Blaqk Audio,The Love Letter,,,,,,,
Enslaved,I Lenker Til Ragnarok,,,,,,,
Ensiferum,Wanderer,,,,,,,
Μ-Ziq,Dexedrine Girl,,,,,,,
Camp Rock,Who Will I Be?,,,,,,,
Klee,Gold,,,,,,,
The Longcut,A Tried And Tested Method,,,,,,,
Ronan Keating,If Tomorrow Never Comes,,,,,,,
Funeral For A Friend,One For The Road,,,,,,,
Funeral For A Friend,Kiss And Make Up (All Bets Are Off),,,,,,,
Funeral For A Friend,This Year'S Most Open Heartbreak,,,,,,,
Mogwai,Sad Dc,,,,,,,
Rome,Wilde Lager,,,,,,,
Scorpions,Another Piece Of Meat,,,,,,,
Klaxons,Atlantis To Interzone (Digitalism Remix),,,,,,,
Elle Milano,Swearing'S For Art Students,,,,,,,
Klaus Badelt,To The Pirates' Cave!,,,,,,,
They Might Be Giants,Purple Toupee,,,,,,,
Youth Group,Lillian Lies,,,,,,,
Youth Group,Last Quarter,,,,,,,
Grant Lee Buffalo,Honey Don'T Think,,,,,,,
The Sisters Of Mercy,Logic,,,,,,,
Farben Lehre,Spodnie Z Gs-U,,,,,,,
Black Star,Respiration (Feat. Common),,,,,,,
Ben Harper,Power Of The Gospel,,,,,,,
Circa Survive,Semi Constructive Criticism,,,,,,,
Ben Harper,More Than Sorry,,,,,,,
Tribalistas,É Você,,,,,,,
Radiohead,Vegetable (Live),,,,,,,
Voxtrot,Your Biggest Fan,,,,,,,
Jonathan Larson,Another Day,,,,,,,
Ben Harper,Excuse Me Mr.,,,,,,,
Nelly,Dilemma (Feat. Kelly Rowland),,,,,,,
Candie Payne,All I Need To Hear,,,,,,,
Sloan,Nothing Left To Make Me Want To Stay,,,,,,,
Scorpions,Coming Home,,,,,,,
Funeral For A Friend,Waking Up Inside My Own Paralysis,,,,,,,
Fightstar,Wake Up,,,,,,,
Mojave 3,Ghost Ship Waiting,,,,,,,
Dressy Bessy,Hey May,,,,,,,
Rollergirl,Dear Jessie,,,,,,,
Άννα Βίσση,Welcome To The Party,,,,,,,
Rogue Wave,Medicine Ball,,,,,,,
Drive Like Jehu,Human Interest,,,,,,,
Abba,Gimme! Gimme! Gimme!,,,,,,,
Dressy Bessy,The Things That You Say That You Do,,,,,,,
Spiritual Front,A Bastard Angel,,,,,,,
Funki Porcini,Sleepy,,,,,,,
Nekropsi,Erciyes Şokta,,,,,,,
Nellie Mckay,Long And Lazy River,,,,,,,
Sentenced,Intro - The Gate,,,,,,,
Towers Of London,Fuck It Up (Acoustic),,,,,,,
Towers Of London,On A Noose,,,,,,,
Sentenced,Karu,,,,,,,
Talking Heads,Psycho Killer (Live),,,,,,,
Xiu Xiu,Bog People,,,,,,,
Poets Of The Fall,Sleep,,,,,,,
Everything But The Girl,Missing (Todd Terry Club Mix),,,,,,,
One Night Only,It'S About Time,,,,,,,
Towers Of London,Good Time,,,,,,,
One Self,Bluebird,,,,,,,
To/Die/For,(I Just) Died In Your Arms,,,,,,,
The Cars,Moving In Stereo,,,,,,,
The Streets,War Of The Sexes,,,,,,,
Big Star,Way Out West,,,,,,,
Blatz,Dolly,,,,,,,
Deep Purple,Sail Away,,,,,,,
大谷幸,Prohibited Art,,,,,,,
The Weakerthans,Pamphleteer,,,,,,,
4 Non Blondes,Calling All The People,,,,,,,
Lightning Bolt,Ride The Sky,,,,,,,
Dredg,Hungover On A Tuesday,,,,,,,
Rogue Wave,Are You On My Side,,,,,,,
Damien Jurado,Eyes For Windows,,,,,,,
Mokoma,Viholliset,,,,,,,
Mokoma,Sirppi,0.6,0.8,0.2,0.4,0.8,0.2,0.4
All The Saints,Hornett,0.6,0.8,0.4,0.6,0.8,0.4,0.2
All The Saints,Regal Regalia,,,,,,,
Pantera,Nothin' On (But The Radio),,,,,,,
The Beautiful South,Let Love Speak Up Itself,,,,,,,
Tenacious D,Rocketsauce V.2,,,,,,,
Bad Religion,Faith Alone,,,,,,,
Mark Farina,Puts - Suite For Beaver Pt. 1,0.0,0.0,0.0,0.0,0.0,0.0,0.0
Ciara,Goodies,,,,,,,
International Peoples Gang,This One,,,,,,,
The Fall,The Classical,,,,,,,
Archive,Beautiful World,,,,,,,
Jordin Sparks,Permanent Monday,0.8,0.8,0.6,1.0,0.0,0.2,0.6
Voltaire,The Vampire Club,,,,,,,
Neil Young & Crazy Horse,Down By The River,,,,,,,
Dinosaur Jr.,On The Brink,,,,,,,
Neko Case,Knock Loud,,,,,,,
Jonny Mcgovern,Soccer Practice,,,,,,,
Grandaddy,Hand Crank Transmitter,,,,,,,
Vonda Shepard,Searchin' My Soul,,,,,,,
The Von Bondies,Not That Social,,,,,,,
Cibo Matto,Moonchild,,,,,,,
Mark Farina,Maspyke - Truth In Position [Instrumental],,,,,,,
Automatic Loveletter,The Answer,,,,,,,
Aesop Rock,None Shall Pass (Prod. By Blockhead),,,,,,,
Farben Lehre,Miasto Końca Wieku,,,,,,,
Aesop Rock,No City,,,,,,,
Thåström,Varför Är Du Så Tyst,,,,,,,
Abba,Ring Ring,,,,,,,
Željko Joksimović,Lane Moje,,,,,,,
Spiritualized,Do It All Over Again,,,,,,,
Roger Waters,The Bravery Of Being Out Of Range,,,,,,,
Scorpions,Hour I,,,,,,,
Max Richter,Time Passing,,,,,,,
Abba,Sos,,,,,,,
The Lightning Seeds,The Life Of Riley,,,,,,,
At The Drive-In,A Devil Among The Tailors,,,,,,,
Roger Waters,The Tide Is Turning (After Live Aid),,,,,,,
Dream Theater,Sacrificed Sons,,,,,,,
Turisas,A Portage To The Unknown,,,,,,,
Cannibal Corpse,Fucked With A Knife,,,,,,,
Blur,Yuko And Hiro,,,,,,,
They Might Be Giants,Twisting,,,,,,,
The Vaselines,Son Of A Gun,,,,,,,
Mando Diao,Give Me Fire,,,,,,,
Sinéad O'Connor,Y Mas Gan,,,,,,,
Deep Purple,Help,,,,,,,
Deep Purple,Kentucky Woman,,,,,,,
Ciara,Bang It Up,,,,,,,
Dio,Invisible,,,,,,,
Andrea,Time To Pray,,,,,,,
Ciara,Can'T Leave 'Em Alone (Feat. 50 Cent),,,,,,,
Neil Young,The Loner,,,,,,,
Andrea Bocelli,La Donna E Mobile,,,,,,,
Wilco,Passenger Side,,,,,,,
The Libertines,Skint And Minted (Demo),,,,,,,
Rodrigo Y Gabriela,Juan Loco,,,,,,,
Scorpions,Make It Real,,,,,,,
Ellen Allien,Magma,,,,,,,
Ellen Allien & Apparat,Sleepless,,,,,,,
The Bees,Got To Let Go,,,,,,,
Inxs,Baby Don'T Cry,,,,,,,
Arcade Fire,Cars And Telephones,,,,,,,
Archive,Hate,,,,,,,
Panjabi Mc,Mundian To Bach Ke,0.4,0.6,0.2,0.8,0.2,0.6,0.4
Interpol,Obstacle 1 (Black Session),,,,,,,
The Beauty Room,Holding On,,,,,,,
At The Gates,The Flames Of The End,,,,,,,
Wolfgang Amadeus Mozart,Requiem,,,,,,,
Tenacious D,Kikapoo,,,,,,,
Turisas,Fields Of Gold,,,,,,,
Luz Divina,You Shine On Me (Johnny Budz Remix),,,,,,,
De La Soul,Oodles Of O'S,,,,,,,
Into Eternity,Beginning Of The End,0.8,0.8,0.2,0.2,0.8,0.4,0.6
Neil Young,Human Highway,,,,,,,
The Feelies,The Boy With The Perpetual Nervousness,,,,,,,
Rain Parade,I Look Around,,,,,,,
Grand Alchemist,Down Again,,,,,,,
Chuck Mangione,Children Of Sanchez,,,,,,,
Bon Jovi,Lost Highway,,,,,,,
London After Midnight,America'S A Fucking Disease,,,,,,,
Aphrodite,Put A Cut On It (Feat. Rah Digga),,,,,,,
Onerepublic,Sleep,,,,,,,
Jan Johansson,Vallåt Från Jämtland,,,,,,,
Chumbawamba,Smith & Taylor,,,,,,,
Neil Young,Living With War,,,,,,,
Cross Canadian Ragweed,Fightin' For,0.4,0.8,0.4,0.6,0.8,0.6,0.6
Mando Diao,Hail The Sunny Days,,,,,,,
Every Time I Die,The New Black,,,,,,,
The Cardigans,Sabbath Bloody Sabbath,,,,,,,
Veronica Lipgloss And The Evil Eyes,Strip Mall Glass,,,,,,,
Gabin,La Maison,,,,,,,
Abc,Valentine'S Day,,,,,,,
The Cardigans,Lead Me Into The Night,,,,,,,
Abc,Show Me,,,,,,,
Turin Brakes,Fishing For A Dream,,,,,,,
Max Richter,Lullaby,,,,,,,
Lil Wayne,Black Republicans (Feat. Juelz Santana),,,,,,,
Spoon,30 Gallon Tank,,,,,,,
Rockers Hi-Fi,Going Under (Evil Love And Insanity Dub),,,,,,,
Kings Of Leon,Woo Hoo,,,,,,,
The Lemonheads,Let'S Just Laugh,,,,,,,
Rocket From The Crypt,On A Rope,,,,,,,
Kings Of Convenience,Failure (Alfie Version),,,,,,,
Animosity,Instilling The Affliction,,,,,,,
The Sins Of Thy Beloved,Silent Pain,,,,,,,
Aesop Rock,Fascination,,,,,,,
Blur,Repetition,,,,,,,
Blur,Villa Rosie,,,,,,,
Jamiroquai,You Are My Love,,,,,,,
Crowded House,Mean To Me,,,,,,,
Aesop Rock,Bracket Basher,,,,,,,
Grand Alchemist,A Nailed Visual Effect,,,,,,,
Mono,16.12,,,,,,,
Kings Of Convenience,The Weight Of My Words (Four Tet Remix),,,,,,,
Max Pezzali,Eccoti,,,,,,,
Mono,Lost Snow,,,,,,,
Madvillain,Great Day Today,,,,,,,
Madvillain,Do Not Fire! (Instrumental),,,,,,,
Pale Saints,She Rides The Waves,,,,,,,
Lusine Icl,Stones Throw,,,,,,,
Gaelle,Rain,,,,,,,
Eternal Tears Of Sorrow,Sweet Lilith Of My Dreams,,,,,,,
Mono,Mere Your Pathetique Light,,,,,,,
Mono,High Life,,,,,,,
The Legendary Pink Dots,The Brightest Star,,,,,,,
Turin Brakes,Emergency 72,,,,,,,
The Beta Band,Liquid Bird,,,,,,,
Robots In Disguise,I'M Hit,,,,,,,
Robots In Disguise,Can'T Stop Getting Wasted,,,,,,,
Robots In Disguise,Animals,,,,,,,
Robots In Disguise,Don'T Copy Me,,,,,,,
Spoon,Don'T Buy The Realistic,,,,,,,
Scorpions,We Were Born To Fly,,,,,,,
Spoon,Reservations,,,,,,,
Scorpions,We Will Rise Again,,,,,,,
Atb,9 Am,,,,,,,
The Fiery Furnaces,Nevers,,,,,,,
The Fiery Furnaces,Oh Sweet Woods,,,,,,,
Sufjan Stevens,Rice Pudding,,,,,,,
Volbeat,Find That Soul,,,,,,,
The Sins Of Thy Beloved,Lake Of Sorrow,,,,,,,
Emilie Autumn,Chambermaid,,,,,,,
Aesop Rock,Appleseed Intro,0.4,0.6,0.2,0.6,0.4,0.2,0.0
Josh Groban,Silent Night,,,,,,,
Neil Sedaka,Happy Birthday Sweet Sixteen,,,,,,,
The Fiery Furnaces,Cousin Chris,,,,,,,
London After Midnight,Psycho Magnet,,,,,,,
Josh Ritter,Rumors,,,,,,,
Josh Groban,Remember When It Rained,,,,,,,
Sufjan Stevens,Super Sexy Woman,,,,,,,
Tricky,For Real,,,,,,,
Sufjan Stevens,The One I Love,,,,,,,
Rainbow,The Temple Of The King,,,,,,,
The Lawrence Arms,Key To The City,,,,,,,
Atb,After The Flame,,,,,,,
Daft Punk,Human After All (Justice Remix),0.4,0.4,0.2,0.6,0.4,0.4,1.0
Aberdeen,Fran,,,,,,,
The Bird And The Bee,Meteor,,,,,,,
King Crimson,Thrak,,,,,,,
Turbonegro,Locked Down,,,,,,,
Big L,All Black,,,,,,,
Television Personalities,Look Back In Anger,,,,,,,
Shout Out Louds,Hurry Up Let'S Go,,,,,,,
Madvillain,Raid (Feat. Med),,,,,,,
Silvio Rodríguez,Playa Girón,,,,,,,
Yui,Rolling Star,,,,,,,
Autechre,Doctrine,,,,,,,
Logic,Fucking Swedish,,,,,,,
Graham Colton Band,Since You Broke It,,,,,,,
Thyrane,Dance In The Air,,,,,,,
Ben Lee,We'Re All In This Together,,,,,,,
Christina Aguilera,Keep On Singin' My Song,,,,,,,
Thåström,Flicka Med Guld,,,,,,,
Dir En Grey,Marmalade Chainsaw,,,,,,,
Neil Diamond,Cracklin' Rosie,,,,,,,
Christina Aguilera,Underappreciated,,,,,,,
Dir En Grey,Filth,,,,,,,
King Crimson,One More Red Nightmare,,,,,,,
The Fiery Furnaces,Whistle Rhapsody,,,,,,,
Dr. Octagon,3000,,,,,,,
Gang Gang Dance,Afoot,,,,,,,
The Last Dance,Wonderlust,0.6,0.6,0.4,0.8,0.4,0.2,0.6
Spın̈Al Tap,Tonight I'M Gonna Rock You Tonight,,,,,,,
Animal Collective,Street Flash,,,,,,,
King Creosote,I'Ll Fly By The Seat Of My Pants,,,,,,,
Atb,Killer,,,,,,,
King Crimson,Easy Money,0.4,0.8,0.2,0.6,0.8,0.4,0.6
Animal Collective,Infant Dressing Table,,,,,,,
Squarepusher,Rotate Electrolyte,,,,,,,
2Pac,All About U,,,,,,,
The Fixx,Deeper And Deeper,,,,,,,
Semisonic,Gone To The Movies,,,,,,,
Mandalay,Insensible,0.8,0.4,1.0,1.0,0.0,0.2,0.4
The Wake,Patrol,,,,,,,
Tamia,Almost,,,,,,,
Lok,Skrubbsår,,,,,,,
Plushgun,Just Impolite,,,,,,,
Jamie T,If You Got The Money (Miloco Demo Version),,,,,,,
Mandalay,Flowers Bloom,,,,,,,
Joss Stone,Some Kind Of Wonderful,,,,,,,
Joss Stone,Bad Habit,,,,,,,
Cruachan,Some Say The Devil Is Dead,,,,,,,
Plej,Evum,,,,,,,
Tamia,When A Woman,,,,,,,
Operation Ivy,Bombshell,,,,,,,
Deep Forest,Deep Forest,,,,,,,
Field Mob,Blacker The Berry,,,,,,,
Art Brut,The Great Escape,,,,,,,
The Weakerthans,Civil Twilight,,,,,,,
Gang Starr,All 4 Tha Ca$H,,,,,,,
Turbonegro,Denim Demon,,,,,,,
Moonspell,Capricorn At Her Feet,,,,,,,
Kim Wilde,Cambodia,0.6,0.6,0.4,0.8,0.2,0.2,0.4
Atb,The Chosen Ones,,,,,,,
Slipknot,Wherein Lies Continue,,,,,,,
Dr. Dre,The Chronic (Intro),,,,,,,
Kim Leoni,Medicine (Radio Edit),,,,,,,
Aphrodite,All Over Me (Feat. Barrington Levy),0.6,0.8,0.4,0.6,0.4,0.2,0.8
Moonspell,Awake,,,,,,,
Thievery Corporation,The Foundation,,,,,,,
Moonspell,Raven Claws,,,,,,,
Gang Starr,Robbin Hood Theory,,,,,,,
Slade,Coz I Luv You,,,,,,,
Dire Straits,Your Latest Trick,,,,,,,
Necrophagist,Epitaph,,,,,,,
Fatboy Slim,Michael Jackson,,,,,,,
Dire Straits,In The Gallery,,,,,,,
Aphilas,Lifelong Fiction,,,,,,,
Christian Kjellvander,Deliverance,,,,,,,
Raised Fist,Some Of These Times,,,,,,,
Tricky,Veronika,,,,,,,
Sufjan Stevens,A Sun Came,,,,,,,
Yung Joc,Bout It,,,,,,,
Killswitch Engage,Numbered Days,,,,,,,
José Feliciano,Feliz Navidad,,,,,,,
Dr. Dog,Hang On,,,,,,,
Dr. Dog,The Way The Lazy Do,,,,,,,
Animal Collective,I Remember Learning How To Dive,,,,,,,
Matthew Good,The Devil'S In Your Details,,,,,,,
The Birthday Massacre,Under The Stairs,,,,,,,
The Birthday Massacre,Play Dead,,,,,,,
Phosphorescent,Not A Heel,,,,,,,
Killradio,Entertained,,,,,,,
Carla Bruni,La Dernière Minute,,,,,,,
Hooverphonic,Sometimes,,,,,,,
Hooverphonic,L'Odeur Animale,,,,,,,
Wolfsheim,Touch,,,,,,,
The Kooks,Be Mine,,,,,,,
Television Personalities,Parties In Chelsea,,,,,,,
Wilco,(Was I) In Your Dreams,,,,,,,
Simian Vs Justice Feat. Missy,4 My Friends (Dix Edit),,,,,,,
Arab Strap,There Is No Ending,,,,,,,
Blu Cantrell,Sleep In The Middle,,,,,,,
The Flaming Lips,Psychiatric Explorations Of The Fetus With Needles,,,,,,,
Dirty Pretty Things,Buzzards & Crows,0.6,0.6,0.2,0.4,0.8,0.4,0.6
Fatboy Slim,Sho Nuff,,,,,,,
Andrew Bird,Mx Missiles,,,,,,,
Andrew Bird,First Song,,,,,,,
Black Sabbath,E5150,,,,,,,
Chrisette Michele,Your Joy,,,,,,,
Suede,My Insatiable One,,,,,,,
Black Sabbath,Crazy Train,,,,,,,
Marnie Stern,Precious Metal,,,,,,,
Joy Denalane,Change (Feat. Lupe Fiasco),,,,,,,
Grace Jones,Private Life,,,,,,,
Joy Division,Auto-Suggestion,,,,,,,
Rammstein,Das Alte Leid,,,,,,,
Grace Jones,I'Ve Seen That Face Before (Libertango),,,,,,,
Raised Fist,You Ignore Them All,,,,,,,
Dire Straits,Why Worry,,,,,,,
The Flaming Lips,Superhumans,,,,,,,
Suede,The Next Life,,,,,,,
Nearly,Straight To Nowhere,,,,,,,
Suede,The Living Dead,,,,,,,
Carla Bruni,L'Amour,,,,,,,
Carla Bruni,Before The World Was Made,,,,,,,
Atb,Tristan Da Cunha,,,,,,,
Killing Joke,The Death & Resurrection Show,,,,,,,
Pain Of Salvation,Ii. Machinassiah: Lilium Cruentus (Deus Nova),,,,,,,
Veruca Salt,The Morning Sad,,,,,,,
Morandi,Angels,,,,,,,
Matthew Good,I'M A Window,,,,,,,
Fictionjunction Yuuka,焔の扉,,,,,,,
Elliott Smith,Brand New Game,,,,,,,
Squirrel Nut Zippers,Hell,,,,,,,
Matthew Good,Pledge Of Allegiance,,,,,,,
Download,Uhm,,,,,,,
Bauhaus,Nerves,,,,,,,
Gossip,Standing In The Way Of Control (Soulwax Mix),,,,,,,
The Brunettes,The Moon In June Stuff,,,,,,,
Dirty Vegas,Days Go By (Acoustic Version),,,,,,,
Natasha Bedingfield,Love Like This (Feat. Sean Kingston),,,,,,,
Natasha St-Pier,Ce Silence,,,,,,,
Selena Gomez,Tell Me Something I Don'T Know,,,,,,,
Nathan Fake,You Are Here,,,,,,,
Matt Pond Pa,Taught To Look Away,,,,,,,
Dirty Pretty Things,Hippy'S Son,,,,,,,
Gotan Project,Domingo,,,,,,,
Slagsmålsklubben,I Hennes Majestäts Hemliga Hatt,,,,,,,
Dirty Pretty Things,Plastik Hearts,,,,,,,
Nathan Fake,Bumblechord,,,,,,,
The Rolling Stones,All Down The Line,,,,,,,
Matt Pond Pa,So Much Trouble,,,,,,,
Gare Du Nord,Sold My Soul,0.6,0.8,0.6,0.8,0.4,0.2,0.4
Ania,Wiosna,,,,,,,
Garden Of Eden,Lélekmadár,,,,,,,
Boys Noize,& Down (Siriusmo Vs. Boys Noize Mix),,,,,,,
Morbid Angel,Maze Of Torment,,,,,,,
The Knife,Forest Families(Silent Shout Tour),,,,,,,
St. Christopher,All Of A Tremble,,,,,,,
Boys Noize,Superfresh,,,,,,,
Robbie Williams,Have You Met Miss Jones?,,,,,,,
Uffie,Pop The Glock (Curtis Vodka Rmx),,,,,,,
Scotty,Draw Your Brakes,,,,,,,
Morcheeba,What New York Couples Fight About (Feat. Kurt Wagner),,,,,,,
Dirty Vegas,Ghosts,,,,,,,
Aerosmith,Cryin,,,,,,,
Maroon 5,Ragdoll,,,,,,,
Kill Hannah,No One Dreams Anyway,,,,,,,
Gare Du Nord,How Was It For You,,,,,,,
Ultravox,Passionate Reply,,,,,,,
Chris Vrenna,Skool Daze,,,,,,,
Chris Vrenna,Fungiferous Flora,,,,,,,
Vnv Nation,Joy,,,,,,,
Natalie Merchant,Kind & Generous,,,,,,,
Jamie Cullum,Oh God,,,,,,,
Bleeding Through,Kill To Believe,,,,,,,
Opeth,Epilogue,,,,,,,
Lucybell,Luces No Bélicas,,,,,,,
Jamie Cullum,What A Difference A Day Made,,,,,,,
Blur,Entertain Me,,,,,,,
The Klf,3 A.M. Somewhere Out Of Beaumont,,,,,,,
The Klf,Last Train To Trancentral,,,,,,,
The Klf,Church Of The Klf,,,,,,,
Pain,Clouds Of Ecstasy,,,,,,,
Archive,Meon,,,,,,,
Blind Stare,Ender,,,,,,,
Robbie Rivera,Back To Zero (Miami Vocal Radio Mix),,,,,,,
Blind Melon,Soak The Sin,,,,,,,
Hoof,And The Colours,,,,,,,
Hooverphonic,Dictionary,,,,,,,
Hooverphonic,Frosted Flake Wood,,,,,,,
The Birthday Massacre,Weekend,,,,,,,
Daedelus,Get Off Your Hi-Hats,,,,,,,
Gorgoroth,Litani Til Satan,,,,,,,
Judas Priest,Sinner,,,,,,,
Alanis Morissette,Can'T Not,,,,,,,
Herbert Grönemeyer,Demo (Letzter Tag),,,,,,,
Plain White T'S,Breakdown,,,,,,,
Judas Priest,Tyrant,,,,,,,
The Four Seasons,Big Girls Don'T Cry,,,,,,,
Ramones,Now I Wanna Be A Good Boy,,,,,,,
Natalia Lafourcade,En El 2000,,,,,,,
Thunderbirds Are Now!,198090,,,,,,,
Slagsmålsklubben,Terror Flynn Ok Ok,,,,,,,
Gorillaz,Stop The Dams,,,,,,,
Gorillaz,Sound Check,,,,,,,
Andrew Lloyd Webber,Superstar,,,,,,,
Juanes,La Paga,,,,,,,
Andrew Lloyd Webber,The Temple,,,,,,,
Rob Zombie,Spookshow Baby,,,,,,,
Carmen Consoli,Piccolo Cesare,,,,,,,
Carmen Mcrae,The Very Thought Of You,,,,,,,
The Kinks,Wonderboy,0.6,0.6,0.4,0.8,0.2,0.6,0.8
Thingy,Plenty,,,,,,,
Big Black,Ergot,,,,,,,
Rob Zombie,Perversion 99,,,,,,,
Rob Zombie,Pussy Liquor,,,,,,,
宇多田ヒカル,Traveling,,,,,,,
Boy Omega,East,,,,,,,
Above & Beyond,Far From In Love (Original Mix),,,,,,,
Morningwood,Jetsetter,,,,,,,
Carpathian Forest,Bloodcleansing,,,,,,,
Third Eye Blind,1000 Julys,0.6,0.8,0.4,0.6,0.8,0.4,0.6
The Kinks,Starstruck,,,,,,,
Embrace,Fireworks,,,,,,,
Fats Domino,Blueberry Hill,,,,,,,
Seether,Broken,,,,,,,
Sublime,Get Ready,,,,,,,
Crystal Kay,Flowers,,,,,,,
Crystal Castles,Rot,,,,,,,
Crystal Kay,Motherland,,,,,,,
The Brunettes,Cupid,,,,,,,
To/Die/For,Wicked Circle,,,,,,,
Plan B,No More Eatin' (Hadouken! Mix),,,,,,,
Alanis Morissette,Are You Still Mad,,,,,,,
St. Vincent,Black Rainbow,0.8,0.6,0.6,0.8,0.4,0.4,0.6
Alanis Morissette,Giggling Again For No Reason,,,,,,,
Sinéad O'Connor,The Last Day Of Our Acquaintance,,,,,,,
Sinéad O'Connor,Feel So Different,,,,,,,
St. Vincent,Laughing With A Mouth Of Blood,,,,,,,
St. Vincent,The Bed,,,,,,,
Rob Zombie,Dead Girl Superstar,,,,,,,
St. Germain,Street Scene (4 Shazz),0.0,0.0,0.0,0.0,0.0,0.0,0.0
St. Germain,What'S New?,,,,,,,
Doug Burr,Thing About Trouble,,,,,,,
St. Vincent,Save Me From What I Want,,,,,,,
Page France,Chariot,,,,,,,
Telefon Tel Aviv,Stay Away From Being Maybe,,,,,,,
Telefon Tel Aviv,Mostly Translucent,,,,,,,
Hoobastank,Moving Forward,,,,,,,
Dead Can Dance,In Power We Entrust The Love Advocated,,,,,,,
Bad Brains,Supertouch/Shitfit,,,,,,,
Dead Can Dance,Bird,,,,,,,
Rancid,Gave It Away,0.4,0.6,0.2,0.4,0.8,0.6,0.6
Dead Boys,Ain'T It Fun,,,,,,,
Iron Maiden,Chains Of Misery,,,,,,,
Telefon Tel Aviv,What It Is Without The Hand That Wields It,,,,,,,
Chris Brown,Kiss Kiss,,,,,,,
Rancid,Disorder And Disarray,,,,,,,
Naomi,Anybody Here?,,,,,,,
Chris Brown,Kiss Kiss (Feat. T-Pain),,,,,,,
Naomi,White,,,,,,,
Martha Wainwright,This Life,,,,,,,
The Walkmen,Danny'S At The Wedding,,,,,,,
Martha Wainwright,Comin' Tonight,,,,,,,
The Fray,We Build Then We Break,,,,,,,
Dismember,Casket Garden,,,,,,,
Gorefest,Rogue State,,,,,,,
Nas,The Message,,,,,,,
Sublime,D.J.S,,,,,,,
Nas,Take It In Blood,,,,,,,
Gorefest,Man To Fall,,,,,,,
Gorefest,Exorcism,,,,,,,
Gorefest,Freedom,,,,,,,
Dishwalla,Every Little Thing,,,,,,,
Morrissey,Dagenham Dave,,,,,,,
Rob Dougan,There'S Only Me,,,,,,,
Slipknot,No Life,,,,,,,
Third Eye Blind,Can'T Get Away,,,,,,,
Doug Burr,How Can The Lark (My Dear Theo),,,,,,,
Stabbing Westward,On Your Way Down,,,,,,,
Cartel,The City Never Sleeps,,,,,,,
Kid Loco,La Seduzione,,,,,,,
Morrissey,Interlude,,,,,,,
Ferry Corsten,Are You Ready,,,,,,,
Roachford & M.Y.N.C. Project,Ride The Storm (Life Goes On Club Mix),,,,,,,
Scouting For Girls,I'M Not Over You,,,,,,,
Gary Moore,Over The Hills And Far Away,,,,,,,
Kid Dynamite,Bookworm,,,,,,,
Stabbing Westward,Nothing,,,,,,,
Tarja Turunen,Seeking For The Reign,,,,,,,
The Broken Family Band,It'S All Over,,,,,,,
Oranger,Crooked In The Weird Of The Catacombs,,,,,,,
Tarja Turunen,Our Great Divide,,,,,,,
Rancid,Radio,,,,,,,
The Future Sound Of London,Max,,,,,,,
Dissection,Retribution - Storm Of The Light'S Bane,,,,,,,
Andrew White,Greenstone Waters,,,,,,,
Vivian Or Kazuma,Moment,,,,,,,
Uverworld,-妙策号外Orchestra-,,,,,,,
Aphex Twin,[White Blur 1],,,,,,,
Chris Brown,Run It,,,,,,,
Styx,Boat On The River,,,,,,,
Rancid,The Ballad Of Jimmy & Johnny,,,,,,,
Chris Cornell,Follow My Way,,,,,,,
Rancid,Holiday Sunrise,,,,,,,
Rancid,It'S Quite Alright,,,,,,,
Goose,Safari Beach,,,,,,,
Andrew White,To Say Goodbye To You,,,,,,,
Émilie Simon,Chanson De Toile,,,,,,,
Émilie Simon,Alicia,,,,,,,
The Kills,Night Train (Bonus Track),,,,,,,
安室奈美恵,Hide & Seek,,,,,,,
Matt Pond Pa,Claire,,,,,,,
Bad Brains,Leaving Babylon,,,,,,,
Basement Jaxx,If I Ever Recover,,,,,,,
Atlas Sound,Scraping Past,,,,,,,
Dottie Danger,Medusae,,,,,,,
Morrissey,Speedway,,,,,,,
Simon & Garfunkel,Bye Bye Love,,,,,,,
Paavoharju,Kuu Lohduttaa Huolestuneita,,,,,,,
Teitur,Poetry & Aeroplanes,,,,,,,
Dead Can Dance,Desert Song,,,,,,,
Piebald,American Hearts,,,,,,,
The Black Crowes,God'S Got It,,,,,,,
The Black Crowes,Thorn In My Pride,,,,,,,
Llorca,Indigo Blues,,,,,,,
Naglfar,Abysmal Descent,,,,,,,
Blessthefall,Guys Like You Make Us Look Bad,,,,,,,
Plaid,Zamami,,,,,,,
Plain White T'S,You And Me,,,,,,,
Orange Range,Asterisk(Ost Version),,,,,,,
Crystal Waters Vs. Speakerbox,Dancefloor (Speakerbox Radio Edit),,,,,,,
Orange Juice,Rip It Up,,,,,,,
The Bronx,Transsexual Blackout (The Movement),,,,,,,
Man Man,Push The Eagle'S Stomach,,,,,,,
Man Man,Spider Cider,,,,,,,
Man Man,Skin Tension,,,,,,,
Everlast,Ends,,,,,,,
Cascada,How Do You Do,,,,,,,
Cascada,Can'T Stop The Rain,,,,,,,
Biffy Clyro,Semi-Mental,,,,,,,
Khoiba,Terribly,,,,,,,
Khoiba,That Reason,,,,,,,
Biffy Clyro,Hero Management,,,,,,,
Cascada,A Neverending Dream,,,,,,,
Mors Principium Est,D.I.B.,,,,,,,
Ani Difranco,Rockabye,,,,,,,
The Killers,Sam'S Town (Live From Abbey Road),,,,,,,
Bowery Electric,Sounds In Motion,,,,,,,
Dot Allison,Close Your Eyes,,,,,,,
Morrissey & Siouxsie,Interlude,,,,,,,
Staind,Schizophrenic Conversations,,,,,,,
Fergie,Losing My Ground,,,,,,,
Audioslave,Turn To Gold,,,,,,,
Gomez,Free To Run,,,,,,,
Chiodos,Prelude,,,,,,,
Strike Anywhere,S.S.T.,,,,,,,
N.W.A,Parental Discretion Iz Advised,,,,,,,
June Madrona,Five Views Of Rainier,,,,,,,
Zeraphine,I Never Want To Be Like You,,,,,,,
The Game,Intro,,,,,,,
The Futureheads,Think Tonight,,,,,,,
Tristania,Equilibrium,,,,,,,
Nada Surf,In The Mirror,,,,,,,
Ll Saints,All Hooked Up,,,,,,,
Ll Cool J,Around The Way Girl,,,,,,,
Juliette And The Licks,Shelter Your Needs,,,,,,,
Nada Surf,Paper Boats,,,,,,,
Auf Der Maur,Taste You (French Version),,,,,,,
The Futureheads,This Is Not The World,,,,,,,
Mortal Love,All The Beauty,,,,,,,
Mortal Decay,The Ravenous Addiction,,,,,,,
Bad Brains,Coptic Times,,,,,,,
Ismael Serrano,Últimamente,,,,,,,
Dead Can Dance,Wild In The Woods,,,,,,,
Dead Can Dance,Xavier,,,,,,,
Blue Man Group,Klein Mandelbrot,,,,,,,
Lush,Downer,,,,,,,
Riverside,The Time I Was Daydreaming,,,,,,,
Staind,Pressure,,,,,,,
Caspian,Further In,,,,,,,
Da Buzz,Without Breaking (Yoni Radio Edit),,,,,,,
Basement Jaxx,Do Your Thing (Jaxx Club Mix),,,,,,,
Children Of Bodom,Oops! I Did It Again,,,,,,,
Lush,Baby Talk,,,,,,,
Bent,Cylons In Love,,,,,,,
Junior Senior,Rhythm Bandits,,,,,,,
Dizzee Rascal,Brand New Day,,,,,,,
The Gathering,Beautiful War,,,,,,,
Rata Blanca,Indigo,,,,,,,
Dizzee Rascal,Dream,,,,,,,
Bent,Exercise 7,,,,,,,
Zero 7,Futures (Feat. José González),,,,,,,
The Sea And Cake,Middlenight,,,,,,,
植松伸夫,Opening,,,,,,,
The Game,Runnin' (Feat. Tony Yayo & Dion),,,,,,,
Straylight Run,It'S For The Best,,,,,,,
Gomez,Bubble Gum Years,,,,,,,
Fennesz & Sakamoto,Kokoro,,,,,,,
Gatsbys American Dream,Just Like Heaven,,,,,,,
The Rolling Stones,It'S Only Rock N' Roll,,,,,,,
Fennesz & Sakamoto,Amorph,,,,,,,
Holly Brook,All Will Be Forgotten,0.8,0.6,0.8,1.0,0.2,0.2,0.4
Riverside,Cybernetic Pillow,,,,,,,
Caspian,Our Breaths In Winter,,,,,,,
Cassino,Platano,,,,,,,
Screaming Trees,All I Know,,,,,,,
Pigeon John,Money Back Guarantee,,,,,,,
Pilot,Magic,,,,,,,
Tortoise,A Simple Way To Go Faster Than Light That Does Not Work,,,,,,,
The Black Heart Procession,A Heart Like Mine,,,,,,,
Basement Jaxx,Keep Keep On,,,,,,,
The Black Ghosts,I Want Nothing,,,,,,,
Unkle,I Need Something Stronger,,,,,,,
The Gathering,In Power We Entrust The Love Advocated,,,,,,,
The Black Eyed Peas,Sexy,,,,,,,
Fear,Let'S Have A War,,,,,,,
Marvin Gaye,Flyin' High (In The Friendly Sky),0.6,0.8,1.0,1.0,0.2,0.4,0.6
The Gathering,Mandylion,,,,,,,
Juno Reactor,Giant,,,,,,,
Bent,King Wisp,,,,,,,
Plaid,Light Rain,,,,,,,
The Gathering,Colorado Incident,,,,,,,
Bent,I Love My Man,,,,,,,
Placebo,Then The Clouds Will Open For Me,,,,,,,
Placebo,Where Is My Mind?,,,,,,,
Dizzee Rascal,Da Feelin',,,,,,,
Amanda Seyfried & Stellan Skarsgård,The Name Of The Game,,,,,,,
James Figurine,Apologies,,,,,,,
Sherwood,The Best In Me,,,,,,,
Blind Guardian,Age Of False Innocence,,,,,,,
The Briefs,Can'T Get Enough,,,,,,,
Caspian,The Dropsonde,,,,,,,
Bad Brains,Jah Calling,,,,,,,
Tegan And Sara,Love Type Thing,,,,,,,
D.R.I.,Thrashard,,,,,,,
Bad Brains,At The Movies,,,,,,,
Dead Kennedys,Government Flu,,,,,,,
Kerli,Walking On Air,,,,,,,
Motion City Soundtrack,Boombox Generation,,,,,,,
Stan Getz & João Gilberto,Doralice,,,,,,,
Bottla,Cardinal Sin,,,,,,,
Cassius,Cassius 1999,,,,,,,
Keren Ann,Sailor & Widow,,,,,,,
Keren Ann,Seule,,,,,,,
Keren Ann,Seventeen,,,,,,,
Stanley Myers,Saxophone Concerto,,,,,,,
¡All-Time Quarterback!,Dinner At Eight In The Suburbs,,,,,,,
Mötley Crüe,New Tattoo,,,,,,,
Ac/Dc,Bedlam In Belgium,,,,,,,
Marvin Gaye,Save The Children,,,,,,,
Ray Charles,I Can'T Stop Loving You,,,,,,,
Bermuda Triangle,Secret Pillow (Lindstrorm Remix),,,,,,,
Slayer,Filler / I Don'T Want To Hear It,,,,,,,
Uverworld,Rush,,,,,,,
Slayer,Dissident Aggressor,,,,,,,
The Sea And Cake,Left Side Clouded,,,,,,,
Aphex Twin,Taking Control,,,,,,,
Gojira,5988 Trillions De Tonnes,,,,,,,
Gojira,All The Tears,,,,,,,
Slayer,Divine Intervention,,,,,,,
Múm,Rhubarbidoo,,,,,,,
Gojira,Wolf Down The Earth,,,,,,,
Goldfinger,Open Your Eyes,,,,,,,
Elsiane,Prosaic,,,,,,,
Aoki Takamasa,Dear People,,,,,,,
Ray Charles,Drown In My Own Tears,,,,,,,
Mötley Crüe,Punched In The Teeth By Love,,,,,,,
Limp Bizkit,Stuck,,,,,,,
Pinback,Manchuria,,,,,,,
Pinback,Grey Machine,,,,,,,
Pinback,Microtonic Wave,,,,,,,
Atmosphere,Guns And Cigarettes,,,,,,,
The Tea Party,Release,,,,,,,
D'Sound,Real Name,,,,,,,
Hole,Hit So Hard,,,,,,,
The Black Heart Procession,The Waiter #5,,,,,,,
Strapping Young Lad,In The Rainy Season,,,,,,,
Strapping Young Lad,S.Y.L.,,,,,,,
Vision Divine,Essence Of Time,,,,,,,
Battles,Uw,,,,,,,
Ray Charles,Mary Ann,,,,,,,
Hevein,New Hope,,,,,,,
Deathstars,New Dead Nation,,,,,,,
The Brian Jonestown Massacre,You Have Been Disconnected,,,,,,,
What Made Milwaukee Famous,For The Birds,,,,,,,
Alanis Morissette,Incomplete,,,,,,,
Strapping Young Lad,Monument,,,,,,,
Deathspell Omega,Ii,,,,,,,
Motörhead,Loser,,,,,,,
Lupe Fiasco,Hurt Me Soul,,,,,,,
Screeching Weasel,My Right,0.6,0.4,0.2,0.2,0.8,0.6,0.2
Cat Power,I Love You ( Me Either ),,,,,,,
Ac/Dc,Damned,,,,,,,
Matmos,Germs Burn For Darby Crash,,,,,,,
Atmosphere,Saves The Day,,,,,,,
Ken Ring,Sthlm City,,,,,,,
Stars,Counting Stars On The Ceiling,,,,,,,
Fennesz,Asusu,,,,,,,
Cat Stevens,Matthew And Son,,,,,,,
Ani Difranco,Hour Follows Hour,,,,,,,
Ac/Dc,Nervous Shakedown,,,,,,,
Genesis,Back In N.Y.C.,,,,,,,
Math And Physics Club,Weekends Away,,,,,,,
Linda Ronstadt,It'S So Easy,,,,,,,
Boston,Something About You,,,,,,,
Beulah,Warmer,,,,,,,
Atmosphere,If I Was Santa Claus,,,,,,,
The Jimi Hendrix Experience,Remember,,,,,,,
The Jimi Hendrix Experience,Little Miss Lover,,,,,,,
Don Omar,Salio El Sol,,,,,,,
Godsmack,Changes,,,,,,,
Atomic Kitten,Eternal Flame,,,,,,,
Catatonia,Don'T Need The Sunshine,,,,,,,
The Jimi Hendrix Experience,She'S So Fine,,,,,,,
Justin Timberlake,Let Me Talk To You (Prelude) / My Love,,,,,,,
Godsmack,The Enemy,,,,,,,
Justice Vs. Simian,Never Be Alone,,,,,,,
The Get Up Kids,Like A Man Possessed,,,,,,,
Gogol Bordello,Ave. B,,,,,,,
Godspeed You! Black Emperor,Sleep,,,,,,,
Chicane,Offshore,,,,,,,
Ray Lamontagne,Burn,,,,,,,
Fear Factory,Bonescraper,,,,,,,
Live,T.B.D.,,,,,,,
Beulah,The Rise And Fall Of Our Hero'S Reward,,,,,,,
Black Label Society,Suffering Overdue,,,,,,,
The Jesus Lizard,Nub,,,,,,,
Ozzy Osbourne,Miracle Man,,,,,,,
Ozzy Osbourne,No Bone Movies,,,,,,,
The Sword,Winter'S Wolves,,,,,,,
Lupe Fiasco,Free Chilly (Feat. Sarah Green & Gemstones),,,,,,,
Tortoise,Djed,,,,,,,
D'Espairsray,Dears,,,,,,,
Dead Meadow,Wayfarers All,,,,,,,
The Black Keys,Keep Me,,,,,,,
Ozzy Osbourne,Mr. Tinkertrain,,,,,,,
Teenager,The Good Fight,,,,,,,
Basement Jaxx,Wheres Your Head At,,,,,,,
The Subways,Rock 'N' Roll Queen,0.6,0.6,0.4,0.4,0.8,0.2,0.4
Teenager,Alone Again,,,,,,,
The Supremes,You Can'T Hurry Love,,,,,,,
Ozzy Osbourne,Rock 'N' Roll Rebel,,,,,,,
Woven Hand,Off The Cuff,,,,,,,
Dead Poetic,Dimmer Light,,,,,,,
Alanis Morissette,Sister Blister,,,,,,,
Everclear,Volvo Driving Soccer Mom,,,,,,,
Hey,To Tu,,,,,,,
Pj Harvey,The Life And Death Of Mr. Badmouth,,,,,,,
God'S Bow,Cleopatra,,,,,,,
Battlelore,Cloaked In Her Unlight,,,,,,,
Orchestral Manoeuvres In The Dark,Electricity (Dindisc 1980 Version),,,,,,,
Justin Timberlake,Rock Your Body (Sander Kleinenberg'S Just In The Club Mix),,,,,,,
Curtis Mayfield,Eddie You Should Know Better,,,,,,,
God'S Bow,Shrink,,,,,,,
Chevelle,Well Enough Alone,,,,,,,
God'S Bow,Twilight,,,,,,,
Mägo De Oz,La Posada De Los Muertos,,,,,,,
Chiasm,Disorder,,,,,,,
Armin Van Buuren,Imagine,,,,,,,
Starsailor,Counterfeit Life,0.6,0.8,0.6,0.8,0.4,0.2,0.6
Starsailor,Fidelity,,,,,,,
Justin Timberlake,Sexyback (Dirty Edit),,,,,,,
Justin Timberlake,Right For Me,,,,,,,
Tujiko Noriko,White Film,,,,,,,
Genesis,Me And Sarah Jane,,,,,,,
Genesis,More Fool Me,,,,,,,
Aoki Takamasa + Tujiko Noriko,Fly2,,,,,,,
Boston,Hitch A Ride,,,,,,,
Mouse On Mars,Blood Comes,,,,,,,
Kelly Osbourne,One Word (Chris Cox Radio Mix),,,,,,,
The Jesus And Mary Chain,Rider,,,,,,,
Valencia,Backs Against The Wall,,,,,,,
Kelly Clarkson,Don'T Let Me Stop You,,,,,,,
Ac/Dc,That'S The Way I Wanna Rock 'N' Roll,,,,,,,
The Rolling Stones,Sing This All Together,,,,,,,
Seabound,Every Last Grain,,,,,,,
The Rolling Stones,The Spider And The Fly,,,,,,,
Seabound,Domination,,,,,,,
This Providence,My Beautiful Rescue,,,,,,,
The San Francisco Gay Men'S Chorus,The Navy Knows,,,,,,,
Little Wings,Next Time,,,,,,,
This Mortal Coil,You And Your Sister,,,,,,,
Ridgewalkers,Find,,,,,,,
Mägo De Oz,Jesús De Chamberí,,,,,,,
God Is An Astronaut,Lost Symphony,,,,,,,
God Module,Inside Out,,,,,,,
God'S Bow,I'M Going There,,,,,,,
Mägo De Oz,Génesis,,,,,,,
Alva Noto + Ryuichi Sakamoto,Duoon,0.0,0.0,0.0,0.0,0.0,0.0,0.0
Aly & Aj,If I Could Have You Back,,,,,,,
Bonobo,Kota (Bonobo Rework),,,,,,,
Whirlpool Productions,From Disco To Disco,,,,,,,
Orbital,Tootled,,,,,,,
God Lives Underwater,Whatever You'Ve Got,,,,,,,
Little Joy,With Strangers,0.6,0.6,0.8,0.8,0.4,0.4,0.4
White Denim,Mess Your Hair Up,,,,,,,
Taylor Swift,Breathe,,,,,,,
Taylor Swift,You'Re Not Sorry,,,,,,,
Taylor Swift,The Best Day,,,,,,,
Dj Furax,Calabria,,,,,,,
Rbd,Sálvame,,,,,,,
Stone Sour,Monolith,,,,,,,
The Go-Betweens,Here Comes A City,,,,,,,
Little Joy,The Next Time Around,,,,,,,
Boogie Down Productions,Stop The Violence,,,,,,,
Slayer,Sex. Murder. Art.,,,,,,,
God Is An Astronaut,Route 666,,,,,,,
Slayer,Perversions Of Pain,,,,,,,
Bertine Zetlitz,Adore Me,,,,,,,
Aphex Twin,Prep Gwarlek 3B,,,,,,,
Violins,Seu Corpo E Só,,,,,,,
Ane Brun,Song No. 6 (Feat. Ron Sexsmith),,,,,,,
Chevelle,Grab Thy Hand,,,,,,,
Stone Temple Pilots,Piece Of Pie,,,,,,,
God Is An Astronaut,Sunrise In Aries,,,,,,,
God Lives Underwater,Miss You More Than Anything,,,,,,,
Mystery Jets,Little Bag Of Hair,,,,,,,
Mägo De Oz,Dime Con Quién Andas,,,,,,,
Chevelle,Wonder What'S Next,,,,,,,
Mystery Jets,Soluble In Air,,,,,,,
Gentle Giant,Think Of Me With Kindness,0.6,0.8,0.4,1.0,0.0,0.2,0.6
Seabound,Sapphire,,,,,,,
Borova,Ipanema Lady (Extended Club Mix),,,,,,,
Elton John,This Train Don'T Stop There Anymore,,,,,,,
Teenage Fanclub,Neil Jung,,,,,,,
Woven Hand,White Bird,,,,,,,
Hocico,Spit As An Offense (Suicide Commando Remix),,,,,,,
Cats On Fire,My Friend In A Comfortable Chair,,,,,,,
Ive Mendes,If You Leave Me Now,,,,,,,
Hocico,Taste The Waste,,,,,,,
Ivy,Keep Moving,,,,,,,
Tokyo Police Club,Be Good (Rac Mix),,,,,,,
Teenage Fanclub,Start Again,,,,,,,
Pinback,Talby,,,,,,,
Simple Minds,Big Sleep,,,,,,,
Evan Dando,All My Life,,,,,,,
The Breeders,Roi (Reprise),,,,,,,
Jaguar Love,Bats Over The Pacific Ocean,,,,,,,
The Breeders,When I Was A Painter,,,,,,,
The Breeders,Walk It Off,,,,,,,
Kaiser Chiefs,Hessles,,,,,,,
Teairra Mari,No Daddy,,,,,,,
Violins,Ensaio Sobre Poligamia,,,,,,,
The Goo Goo Dolls,January Friend,,,,,,,
Sting,Never Coming Home,,,,,,,
The Goo Goo Dolls,Flat Top,,,,,,,
Reatards,Lick On My Leather,,,,,,,
Dj Jazzy Jeff & The Fresh Prince,Summertime,,,,,,,
The Goo Goo Dolls,Extra Pale,,,,,,,
Dj Jean,Feel It,,,,,,,
Kelis,80'S Joint,,,,,,,
Maserati,Synchronicity Iv,,,,,,,
My Vitriol,Always: Your Way,,,,,,,
Mouse On Mars,Wipe That Sound,,,,,,,
State Radio,Waitress,,,,,,,
The Jesus And Mary Chain,Catchfire,,,,,,,
State Radio,The Diner Song,,,,,,,
Felix Da Housecat,Pray For A Star,,,,,,,
Linkin Park,Frgt/10 (Alchemist Feat. Chali 2Na),,,,,,,
Angus And Julia Stone,Hollywood,,,,,,,
The Rolling Stones,Stealing My Heart,,,,,,,
Black Lips,Again & Again,,,,,,,
Felix Da Housecat,Rocket Ride,0.6,0.6,0.8,0.8,0.2,0.4,0.6
Sleeping At Last,Heaven Breaks,,,,,,,
Mr. Bungle,After School Special,,,,,,,
Adam Green,My Shadow Tags On Behind,,,,,,,
Ac/Dc,Up To My Neck In You,,,,,,,
The Jam,That'S Entertainment (Demo Version),,,,,,,
Stina Nordenstam,When Debbie'S Back From Texas,,,,,,,
The Jealous Sound,Hope For Us,,,,,,,
梅林茂,Yumeji'S Theme,,,,,,,
2Raumwohnung,Ich Und Elaine,,,,,,,
Little Dragon,After The Rain,,,,,,,
Red Hot Chili Peppers,Catholic School Girls Rule,,,,,,,
The Brian Jonestown Massacre,#1 Hit Jam,,,,,,,
Alanis Morissette,Surrendering,,,,,,,
Pizzicato Five,Baby Love Child,,,,,,,
Pixies,Vamos (Live),,,,,,,
The Brian Jonestown Massacre,Going To Hell,,,,,,,
The Brian Jonestown Massacre,Everyone Says,,,,,,,
Chemistry,You Got Me,,,,,,,
Gloria Estefan,Rhythm Is Gonna Get You,,,,,,,
Seal,Future Love Paradise,,,,,,,
Black Lips,Old Man,,,,,,,
Céline Dion,I Want You To Need Me,,,,,,,
Mr. Bungle,The Holy Filament,,,,,,,
Cazals,Life Is Boring,,,,,,,
Tortoise,Glass Museum,,,,,,,
J Dilla,So Far To Go (Feat. Common & D'Angelo),,,,,,,
Overkill,Elimination,,,,,,,
Hocico,A Fatal Desire,,,,,,,
Teenage Fanclub,About You,,,,,,,
Pinhani,Beni Al,,,,,,,
Basshunter,Angel In The Night,,,,,,,
Cœur De Pirate,Comme Des Enfants,,,,,,,
Violator,Ordered To Thrash,,,,,,,
Stillwater,Fever Dog,,,,,,,
Deadman,Degreeds Centigrade,,,,,,,
Stiff Little Fingers,At The Edge,,,,,,,
Deadboy & The Elephantmen,Ancient Man,,,,,,,
My Morning Jacket,Dancefloors,,,,,,,
The Saints,(I'M) Stranded,,,,,,,
Kaki King,Yellowcake,,,,,,,
Kaki King,Carmine St.,,,,,,,
Thompson Twins,Hold Me Now (Extended Edit By Phil Thornalley),,,,,,,
Chemistry,Grind For Me (Pum Pum Mix Chemistry Feat. Boy-Ken),,,,,,,
Kaki King,Ingots,,,,,,,
Global Communication,12:18,,,,,,,
Stillgazer,What I Want,,,,,,,
Chemistry,Two As One / Chemistry Crystal Kay（Depapepe Remix）,,,,,,,
Chemistry,It Takes Two (Octopussy Remix) (Feat. Lisa),,,,,,,
Little Man Tate,Down On Marie,,,,,,,
Kaizers Orchestra,Rullett,,,,,,,
Kaizers Orchestra,Dr. Mowinckel,,,,,,,
Red Hot Chili Peppers,Fire,,,,,,,
Violent Femmes,Blister 2000,,,,,,,
George Michael,Heal The Pain,,,,,,,
Status Quo,Whatever You Want,,,,,,,
Richard Hawley,Just Like The Rain,,,,,,,
Richard Hawley,Hotel Room,,,,,,,
George Mccrae,Rock Your Baby,,,,,,,
Mr. Oizo,Intra,,,,,,,
Linkin Park,Opening,,,,,,,
Black Light Burns,One Of Yours,,,,,,,
Black Lips,Sea Of Blasphemy,,,,,,,
Borknagar,Oceans Rise,,,,,,,
Richard Davis,Sometime,,,,,,,
Dolores O'Riordan,October,,,,,,,
Staygold,Ring Toss,,,,,,,
Dolores O'Riordan,Black Widow,,,,,,,
George Michael,Older,,,,,,,
Glen Hansard & Markéta Irglová,Once,,,,,,,
Dolphin Boy,Shake It Loose,,,,,,,
Kalmah,Svieri Doroga,,,,,,,
Massacre,La Reina De Marte,,,,,,,
Glenn Branca,My Relationship,,,,,,,
The Warlocks,Hurricane Heart Attack,,,,,,,
Jaga Jazzist,Kitty Wú,0.6,0.6,0.4,0.8,0.2,0.4,0.8
Jaga Jazzist,Airborne,,,,,,,
Babyshambles,Merry Go Round,,,,,,,
High Contrast,Everything'S Different,,,,,,,
White Rabbits,The Plot,,,,,,,
Violator,Brainwash Possession,,,,,,,
Enya,I Want Tomorrow,,,,,,,
Mstrkrft,Sexy Results [Death From Above 1979],,,,,,,
Blind Guardian,Born In A Mourning Hall,,,,,,,
Cut Chemist,Spoon,,,,,,,
Tosca,Superrob,,,,,,,
Atreyu,Deanne The Arsonist,,,,,,,
Gepe,Hebra Prima,,,,,,,
Matanza,Busted,,,,,,,
Alphaville,To Germany With Love,,,,,,,
Czesław Śpiewa,Język Węża,,,,,,,
Celestial Aeon Project,Hope For Rebirth,,,,,,,
Acda En De Munnik,Groeten Uit Maaiveld,,,,,,,
Blind Guardian,Sadly Sings Destiny,,,,,,,
Mahmut Durgun,Abdulkadir Geylani (Baris Atilgan Mix),,,,,,,
Celestial Aeon Project,Alchemist,,,,,,,
Luna Amară,Somn,,,,,,,
Deadman,Seija No Koushin,,,,,,,
Teedra Moses,Rescue Me,,,,,,,
My Dying Bride,The Crown Of Sympathy,,,,,,,
Blind Guardian,Wait For An Answer,,,,,,,
My Dying Bride,The Raven And The Rose,,,,,,,
Armor For Sleep,Awkward Last Words,,,,,,,
Red House Painters,Rollercoaster,,,,,,,
Glassjaw,Lovebites And Razorlines,,,,,,,
Red House Painters,Smokey,,,,,,,
Red House Painters,I Am A Rock,,,,,,,
Red House Painters,Shock Me,,,,,,,
Red House Painters,Instrumental,,,,,,,
Kamelot,Lost & Damned,,,,,,,
Kamelot,Serenade,,,,,,,
Massacre,Vienen Zombies,,,,,,,
Celldweller,Frozen,,,,,,,
Massacre,Clavos Y Globos,,,,,,,
Mucc,Kasa Ga Nai,,,,,,,
The Innocence Mission,You Are The Light,,,,,,,
Pink Floyd,Cymbaline,,,,,,,
J.J. Cale & Eric Clapton,Danger,,,,,,,
Mastodon,Trainwreck,,,,,,,
Katie Melua,Crawling Up A Hill,,,,,,,
Stellastarr*,Pulp Song,,,,,,,
Ricardo Arjona,Acompañame A Estar Solo,,,,,,,
Angra,Wuthering Heights,,,,,,,
Ace Of Base,Beautiful Morning,,,,,,,
Sean Paul,Give It Up To Me,,,,,,,
Ghost Dance,River Of No Return,,,,,,,
Ghost Dance,Celebrate,,,,,,,
Stephen Malkmus,Kindling For The Master,,,,,,,
Team Sleep,Ataraxia,0.6,0.6,0.8,1.0,0.2,0.2,0.4
Cutting Crew,I Just Died In Your Arms,,,,,,,
Team Sleep,Your Skull Is Red,,,,,,,
Other Men,Anaglyphic,,,,,,,
Charon,Desire You,,,,,,,
Thomas Newman,Dead Already,,,,,,,
Shinedown,All I Ever Wanted,,,,,,,
Aqua Timez,Alones,,,,,,,
The Russian Futurists,Science Of The Seasons,,,,,,,
Massive Attack,Collar Stays On,,,,,,,
Thomas Newman,Meteor Shower,,,,,,,
The Russian Futurists,Telegram From The Future,,,,,,,
Kathleen Edwards,Six O'Clock News,0.6,0.6,0.8,0.6,0.4,0.2,0.4
Zongamin,Serious Trouble,,,,,,,
Red Sparowes,I Saw The Sky In The North Open To The Ground And Fire Poured Out.,,,,,,,
My Dying Bride,And My Fury Stands Ready,0.4,0.6,0.2,0.4,0.8,0.2,0.4
Girlschool,Race With The Devil,,,,,,,
Kammerflimmer Kollektief,Über Die Wasserscheide,,,,,,,
My Dying Bride,For You,,,,,,,
Mugison,I Want You,,,,,,,
Borknagar,Ad Noctum,,,,,,,
Ghost Of The Robot,Valerie,,,,,,,
Mujuice,Piano Version,,,,,,,
Deaf Center,White Lake,,,,,,,
Rhapsody Of Fire,Rain Of A Thousand Flames,,,,,,,
Rhapsody Of Fire,Knightrider Of Doom,,,,,,,
Cypress Hill,Lowrider,0.4,0.6,0.4,0.8,0.2,0.6,0.4
Backyard Babies,Bigger W/A Trigger,,,,,,,
Cypress Hill,How I Could Just Kill A Man,,,,,,,
Pink Floyd,One Of These Days (Live),,,,,,,
Jack Black,Let'S Get It On,,,,,,,
Girls Aloud,Je Ne Parle Pas Français,,,,,,,
Aqualung,Nowhere,,,,,,,
Outkast,Jazzy Belle,,,,,,,
Kanye West,Diamonds From Sierra Leone (Live),,,,,,,
Refused,Tannhäuser / Derivè,,,,,,,
The Haunted,The Fallout,,,,,,,
Vincent Gallo,Yes I'M Lonely,,,,,,,
My Brightest Diamond,Golden Star (Alias Remix),,,,,,,
Vincent Gallo,Laura,,,,,,,
Angelo Badalamenti,Laura Palmer'S Theme,,,,,,,
Sleater-Kinney,Hollywood Ending,,,,,,,
My Brightest Diamond,Workhorse,,,,,,,
My Brightest Diamond,To Pluto'S Moon,,,,,,,
Cut Copy,Stars,,,,,,,
Shinedown,45 (Acoustic),,,,,,,
Zoot Woman,Woman Wonder,,,,,,,
The House Of Love,Shine On,,,,,,,
Mujuice,Mertvii Malchik,,,,,,,
Viikate,Kivi Itkee Vihreää,,,,,,,
Viikate,Leimu,,,,,,,
Kate Havnevik,Sleepless,,,,,,,
Kate Havnevik,I Don'T Know You,,,,,,,
Kate Bush,Reaching Out,,,,,,,
Do Make Say Think,Classic Noodlanding,,,,,,,
Kanye West,Welcome To Heartbreak,,,,,,,
Angelspit,Red,,,,,,,
The Helio Sequence,Blood Bleeds,,,,,,,
Massive Attack,Karma Coma,,,,,,,
Toru Okada,Ruined Tongues,,,,,,,
The Hellacopters,Fiends & Frankensteins,,,,,,,
Zwan,Number Of The Beast,,,,,,,
Massive Attack,Polaroid Girl,,,,,,,
My Brightest Diamond,Black & Costaud,,,,,,,
Acid Bath,Paegan Love Song,0.6,0.8,0.4,0.2,1.0,0.4,0.4
Girl Talk,Bodies Hit The Floor,,,,,,,
The Roots,In The Music,,,,,,,
Kanye West,Lil Jimmy (Skit),,,,,,,
Kate Bush,Heads We'Re Dancing,,,,,,,
The Hood Internet,Snatch Da Crystal Cat Back (Khia Vs. Dan Deacon),,,,,,,
Dntel,Fear Of Corners,,,,,,,
Kate Bush,Experiment Iv,,,,,,,
Cyne,Steady,,,,,,,
Cynic,How Could I,,,,,,,
Pink Martini,Song Of The Black Lizard,,,,,,,
Pink Martini,Clémentime,,,,,,,
Techno Matic,Atb - 9Pm,,,,,,,
Pink Martini,Taya Tan,,,,,,,
Cynic,The Unknown Guest,,,,,,,
Bassi Maestro,Tu Lo Sai,,,,,,,
Luna Amară,Lume Oarbă,,,,,,,
Wu-Tang Clan,Sunlight,,,,,,,
Chairlift,Somewhere Around Here,0.8,0.6,0.8,1.0,0.2,0.4,0.6
Alter Bridge,Watch Over You,,,,,,,
Shinedown,Simple Man,,,,,,,
Dean Martin,Memories Are Made Of This,,,,,,,
Giant Drag,Swan Song,,,,,,,
Rescue The Astronauts,I Am The President Of Your Fanclub (And Last Night I Followed You Home),,,,,,,
Beth Orton,Sweetest Decline,,,,,,,
Acid House Kings,Sunday Morning,,,,,,,
Thomas Dolby,Hyperactive,,,,,,,
Feindflug,Sturmwalze(R),,,,,,,
Kataklysm,As I Slither,,,,,,,
Kataklysm,It Turns To Rust,,,,,,,
Relient K,Come Right Out And Say It,,,,,,,
Elvis Costello & The Attractions,Accidents Will Happen,,,,,,,
Massive Attack,Inertia ?,,,,,,,
The Rosebuds,Get Up Get Out,,,,,,,
Cute Is What We Aim For,I Put The Metro In Metronome,,,,,,,
Cyantific,Flashback Feat. Logistics,,,,,,,
Otis Redding,Cigarettes And Coffee,,,,,,,
Mutya Buena,Just A Little Bit,,,,,,,
White Rose Movement,Cruella,,,,,,,
Reik,Noviembre Sin Ti,,,,,,,
Relient K,Devastation And Reform,,,,,,,
Relient K,Give,,,,,,,
Jack'S Mannequin,Hammer And Strings (A Lullaby),,,,,,,
Maj Karma,Avaus,,,,,,,
Death,Trapped In A Corner,,,,,,,
Arcturus,Evacuation Code Deciphered,,,,,,,
Dmx,Get It On The Floor (Feat. Swizz Beatz),,,,,,,
Hilary Duff,With Love (A. Castillo Radio Edit),,,,,,,
Stereolab,Blue Milk,,,,,,,
Repo! The Genetic Opera,Legal Assassin,,,,,,,
Gigi D'Agostino,Bla Bla Bla,,,,,,,
Beth Orton,Love Like Laughter,,,,,,,
Chamillionaire,Ridin' (Feat. Krayzie Bone),,,,,,,
The Hollies,Long Cool Woman In A Black Dress,,,,,,,
Murderdolls,Dead In Hollywood,,,,,,,
Arnos Cost & Arias,Magenta,,,,,,,
Kasabian,Vlad The Impaler,,,,,,,
Murder By Death,The Devil In Mexico,,,,,,,
Muse,Hypermusic,0.8,0.6,0.2,0.4,0.6,0.4,0.4
Angelspit,Devilicious,,,,,,,
Beth Orton,Paris Train,,,,,,,
Stereolab,Cosmic Country Noir,,,,,,,
Muse,Coma,,,,,,,
The Books,Motherless Bastard,,,,,,,
Jack Off Jill,Horrible,,,,,,,
Remiss,My First Dawn Chorus,,,,,,,
Muse,Pink Ego Box,,,,,,,
Trüby Trio,Donaueschingen (Peter Kruder'S Donaudampfschifffahrtsgesellschaftskapitänskajütenremix),,,,,,,
The Hidden Cameras,Ban Marriage,,,,,,,
Muse,Minimum,,,,,,,
Stereophonics,Roll Up And Shine,,,,,,,
Sebadoh,Give Up,,,,,,,
Charles Mingus,Fables Of Faubus,,,,,,,
Museum,Flowers And Dust,,,,,,,
Booty Luv,Boogie 2Nite (Seamus Haji Big Love Remix),,,,,,,
Masta Ace,Da Grind (Feat. Apocalypse),,,,,,,
Remy Zero,Gramarye,,,,,,,
Zz Top,My Head'S In Mississippi,,,,,,,
Angelspit,Lust Worthy,,,,,,,
The Rosebuds,Let Us Go,,,,,,,
Tosca,Boss On The Boat,,,,,,,
Remiss,The Planets Below,,,,,,,
Django Reinhardt,Minor Swing,,,,,,,
Stereolab,Parsec,,,,,,,
Death,Infernal Death,,,,,,,
10Cc,The Wall Street Shuffle,,,,,,,
Boozoo Bajou,Second To None,,,,,,,
Backstreet Boys,Get Another Boyfriend,0.6,0.8,0.4,0.8,0.2,0.4,1.0
Lumsk,I Lytinne Två,,,,,,,
Legowelt,Sturmvogel,,,,,,,
Lumsk,Hår Som Spunnid Gull,,,,,,,
El-P,Run The Numbers,,,,,,,
Mercenary,This Eternal Instant,,,,,,,
As I Lay Dying,Nothing Left,,,,,,,
Bob Dylan,My Back Pages,,,,,,,
As I Lay Dying,I Never Wanted,,,,,,,
Jes,Imagination (Kaskade Remix),,,,,,,
Bebel Gilberto,All Around,,,,,,,
Erik Truffaz,Yasmina,,,,,,,
Unearth,Endless,,,,,,,
The Presets,Talk Like That (Jence Remix),,,,,,,
The Wombats,School Uniforms,,,,,,,
黒夢,Shounen,,,,,,,
Happy Mondays,God'S Cop,,,,,,,
Jeru The Damaja,Come Clean,,,,,,,
Britney Spears,E-Mail My Heart,,,,,,,
The Aislers Set,Sara'S Song,,,,,,,
Melvins,Set Me Straight,,,,,,,
The Almost,Amazing Because It Is,,,,,,,
The Almost,Southern Weather,,,,,,,
Menomena,Strongest Man In The World,,,,,,,
Pearl Jam,All Or None,,,,,,,
Britney Spears,Me Against The Music (The Mad Brit Mixshow),,,,,,,
Lee Scratch Perry,The Man Zion,,,,,,,
Pavement,Fin,,,,,,,
The Aliens,Tomorrow,,,,,,,
Mad Season,All Alone,,,,,,,
Dashboard Confessional,Hey Girl,,,,,,,
Satyricon,Forhekset,,,,,,,
The Alan Parsons Project,The Turn Of A Friendly Card: Ii. Snake Eyes,,,,,,,
Machinae Supremacy,Arcade,,,,,,,
The Alan Parsons Project,The Turn Of A Friendly Card: Iii. The Ace Of Swords,,,,,,,
Windir,Martyrium,,,,,,,
Toni Basil,Hey Mickey,,,,,,,
Alif Tree,Forgotten Places,,,,,,,
The Aliens,Honest Again,,,,,,,
Jesca Hoop,Money,,,,,,,
Saturday Looks Good To Me,All Over Town,,,,,,,
Amon Amarth,The Hero,,,,,,,
Norther,Released,,,,,,,
The Aliens,She Don'T Love Me No More,,,,,,,
Norther,Nothing Left,,,,,,,
Norther,Evil Ladies,,,,,,,
System Of A Down,Inner Vision,,,,,,,
Bebe,Razones,,,,,,,
Norther,Victorious One,,,,,,,
Prince,Darling Nikki,,,,,,,
Britney Spears,Girl In The Mirror,,,,,,,
Depeche Mode,Pipeline,,,,,,,
Anti-Nowhere League,So What,,,,,,,
Vanessa Carlton,Who'S To Say,,,,,,,
Flobots,Stand Up,,,,,,,
Norther,Deep Inside,,,,,,,
Jesse L. Martin / Wilson Jermaine Heredia,I'Ll Cover You,,,,,,,
Norther,Dream,,,,,,,
Snow Patrol,When I Get Home For Christmas,,,,,,,
Bob Dylan,Summer Days,,,,,,,
Blackmore'S Night,Benzai-Ten,,,,,,,
Blackmore'S Night,Cartouche,,,,,,,
Shakira,Vuelve,,,,,,,
Shalabi Effect,Aim At Me,,,,,,,
Jerk,Sucked In,,,,,,,
Nouvelle Vague,A Forest (The Cure),,,,,,,
Happy Rhodes,Roy (Back From The Offworld),,,,,,,
Noumena,All Veiled,,,,,,,
Jeru The Damaja,D Original,,,,,,,
Ayria,Infiltrating My Way Through The System,,,,,,,
System Of A Down,Marmalade,,,,,,,
The Cribs,Things Aren'T Gonna Change,,,,,,,
Zz Top,Jesus Just Left Chicago,,,,,,,
Karl Blau,The Business,,,,,,,
Muse,Glorious (Japanese Bonus Track),,,,,,,
Muse,Host,,,,,,,
Muse,Con-Science,,,,,,,
Toru Okada,Fields Burn Golden,,,,,,,
Murderdolls,Love At First Fright,,,,,,,
Feel,Paul,0.6,0.6,0.4,0.8,0.2,0.4,0.6
Zz Top,Velcro Fly,,,,,,,
Muse,Glorious (Bonus Track),0.8,0.8,0.4,0.6,0.4,0.2,0.6
Gillian Welch,Red Clay Halo,,,,,,,
Ulrich Schnauss,Nothing Happens In June,,,,,,,
Sleater-Kinney,The Last Song,,,,,,,
Gilles Peterson,Mario Basanov & Vidis ‘Test’,,,,,,,
Feel,Ale Kiedy Przy Mnie Śpisz,,,,,,,
2Wo,I Am A Pig,,,,,,,
Sebadoh,Drama Mine,,,,,,,
Stereolab,Olv 26,,,,,,,
Mutya Buena,B Boy Baby,,,,,,,
The Rosebuds,Hold On To This Coat,,,,,,,
The Herbaliser,Put It On Tape,,,,,,,
Stereophonics,Watch Them Fly Sundays,,,,,,,
Gillian Welch,My First Lover,,,,,,,
Him,It'S All Tears (Drown In This Love),0.6,0.8,0.4,0.6,0.8,0.4,0.6
Alaska In Winter,Close Your Eyes - We Are Blind,0.6,0.4,0.8,0.8,0.2,0.4,0.6
The Herbaliser,Mr. Chombee Has The Flaw,,,,,,,
Death,Cosmic Sea,,,,,,,
Death,Jealousy,,,,,,,
White Zombie,Super-Charger Heaven,,,,,,,
White Zombie,Black Sunshine,,,,,,,
Pitchshifter,Genius,,,,,,,
Cute Is What We Aim For,Finger Twist & Split,,,,,,,
Reik,Yo Quisiera,0.8,0.8,0.6,1.0,0.2,0.4,0.6
Relient K,I Need You,,,,,,,
Remiss,You Can'T Get It Back,,,,,,,
Booty Luv,Shine (Radio Edit),,,,,,,
Kat Deluna,Whine Up (Feat. Elephant Man),,,,,,,
Elvis Costello,No Action,,,,,,,
Black Moth Super Rainbow,I Think It Is Beautiful That You Are 256 Colors Too,,,,,,,
Hilary Duff,Sweet Sixteen,,,,,,,
Arcturus,Du Nordavind,,,,,,,
Enya,From Where I Am,,,,,,,
Jack'S Mannequin,The Resolution,,,,,,,
Arcturus,Hufsa,,,,,,,
Lumsk,Skomegyvri,,,,,,,
The Hold Steady,Multitude Of Casualties,,,,,,,
Jack'S Mannequin,American Love,,,,,,,
Stereolab,Eye Of The Volcano,,,,,,,
The Hold Steady,Hornets! Hornets!,,,,,,,
Repo! The Genetic Opera,Chase The Morning,,,,,,,
Repo! The Genetic Opera,Bravi!,,,,,,,
Death,Mutilation,,,,,,,
Repo! The Genetic Opera,Thankless Job,,,,,,,
Repo! The Genetic Opera,Infected,,,,,,,
Stereolab,Margerine Rock,,,,,,,
Kashmir,The Aftermath,,,,,,,
The Hold Steady,Stevie Nix,,,,,,,
Lisa Andreas,Stronger Every Minute (Cyprus),,,,,,,
Kaskade,I Like The Way,,,,,,,
The Hold Steady,Charlemagne In Sweatpants,,,,,,,
The Hold Steady,Positive Jam,,,,,,,
Katatonia,Strained,,,,,,,
The Warlocks,Stickman Blues,,,,,,,
Beth Orton,Couldn'T Cause Me Harm,,,,,,,
Sleep,Dragonaut,,,,,,,
Masta Killa,Whatever,,,,,,,
Black Lips,Veni Vidi Vici (Diplo Remix),,,,,,,
Reverend And The Makers,Bandits,,,,,,,
Ghostland Observatory,Midnight Voyage,,,,,,,
Shinedown,Left Out,,,,,,,
Luna Amară,Luni De Fiere,,,,,,,
Do Make Say Think,In Mind,,,,,,,
The Unicorns,I Do (It),,,,,,,
Alaska In Winter,Your Red Dress (Wedding Song At Cemetery),,,,,,,
Evanescence,Understanding (Sound Asleep Version),,,,,,,
Dntel,Life Is Full Of Possibilities,,,,,,,
Cynic,Textures,,,,,,,
Katatonia,In Silence Enshrined,,,,,,,
Rescue The Astronauts,Skirts,,,,,,,
Alter Bridge,One Day Remains,,,,,,,
Cypress Hill,3 Lil' Putos,,,,,,,
Katatonia,12,,,,,,,
Ted Leo And The Pharmacists,Army Bound,,,,,,,
Ted Leo And The Pharmacists,Fourth World War,,,,,,,
Enya,Pilgrim,,,,,,,
Feindflug,Blutorgel,0.4,0.4,0.2,0.2,0.8,0.4,0.0
The Roots,Clock With No Hands,,,,,,,
Arctic Monkeys,Plastic Tramp,,,,,,,
Feindflug,Stukas Im Visier,,,,,,,
The Hood Internet,Absorb The Lipgloss (Lil Mama Vs. Marnie Stern),,,,,,,
Stereolab,...Sudden Stars,,,,,,,
Beth Orton,Stars All Seem To Weep,,,,,,,
Rescue The Astronauts,Nothing To Say,,,,,,,
Viikate,Sylvian Joululaulu,,,,,,,
Kate Bush,Never Be Mine,,,,,,,
Mulatu Astatqé,Yegelle Tezeta,,,,,,,
Do Make Say Think,Bruce E Kinesis,,,,,,,
Do Make Say Think,Executioner Blues,,,,,,,
Mulatu Astatqé,Yekermo Sew,,,,,,,
My American Heart,The Process,,,,,,,
Mujuice,Кристаллы Не Плачут,,,,,,,
Kate Bush,The Kick Inside,,,,,,,
The Hellacopters,No Salvation,,,,,,,
The Hellacopters,Turn The Wrong Key,,,,,,,
Kate Bush,The Wedding List,,,,,,,
My Bloody Valentine,(Please) Lose Yourself In Me,,,,,,,
The Hoosiers,Cops And Robbers,,,,,,,
Otis Rush,I Can'T Quit You Baby,,,,,,,
Dntel,The Distance (Feat. Arthur & Yu),,,,,,,
Do Make Say Think,Outer Inner & Secret,,,,,,,
Massive Attack,P Is For Piano,,,,,,,
Feeder,Silent Cry,,,,,,,
Attack In Black,You'Re Such An Only Child,,,,,,,
Feeder,Radioman,,,,,,,
Massive Attack,Opening Title,,,,,,,
Regina Spektor,Baobabs,,,,,,,
The Hellacopters,It'S Good But It Just Ain'T Right,,,,,,,
Ville Valo,Paratiisi,,,,,,,
Girl Talk,Touch 2 Feel,,,,,,,
Charlie Feathers,Can'T Hardly Stand It,,,,,,,
Charlie Parker,Now'S The Time,,,,,,,
Gipsy Kings,Volare (Nel Blu Dipinto Di Blu),,,,,,,
Bestial War,Evil Force To Kill,,,,,,,
Regina Spektor,Another Town,,,,,,,
The Hellacopters,Blinded By The Light,,,,,,,
The Hellacopters,Crimson Ballroom,,,,,,,
Dj Shadow,Keep Em Close (Feat. Nump),,,,,,,
Zoot Woman,Taken It All,,,,,,,
The Ruby Suns,Kenya Dig It?,,,,,,,
Girls Aloud,Girl Overboard,,,,,,,
Refused,The Apollo Programme Was A Hoax,,,,,,,
Whitesnake,Standing In The Shadow,,,,,,,
Mahogany,The Mystique Of The Locomotive,,,,,,,
My Brightest Diamond,If I Were Queen,,,,,,,
Cut Off Your Hands,Expectations,,,,,,,
Jaco Pastorius,Continuum,,,,,,,
Baccara,Yes Sir I Can Boogie,,,,,,,
Pitty,Na Sua Estante,,,,,,,
Oscar Peterson,Nuages,,,,,,,
Pixies,Alison,,,,,,,
Bacilos,Caraluna,,,,,,,
Death Cab For Cutie,Flustered/Hey Tomcat!,,,,,,,
Ghostface Killah,Beauty Jackson,,,,,,,
Mujuice,Extra Enough!,,,,,,,
The Human League,Darkness,,,,,,,
Hird,Love Again,,,,,,,
Cut Off Your Hands,Blue On Blue,,,,,,,
Pitty,Anacrônico,,,,,,,
High Places,Shared Islands,,,,,,,
Feist,Lonely Lonely (Frisbee'D Mix),,,,,,,
The Hot Puppies,Green Eyeliner,,,,,,,
Kate Bush,The Red Shoes,,,,,,,
Kate Bush,Violin,,,,,,,
Bat For Lashes,I'M On Fire,,,,,,,
Ghostface Killah,Nutmeg,,,,,,,
Viikate,Kurjat Kurjet,,,,,,,
Tosca,Gute Laune,,,,,,,
Ceremony,Throwing Bricks,,,,,,,
Viikate,Kaunis Kotkan Käsi,,,,,,,
Other Men,Indiscriminate Proposals Of Little Mercy,,,,,,,
High School Musical Cast,I Want It All,,,,,,,
Mudvayne,Forget To Remember,,,,,,,
Aphex Twin,Blue Calx,,,,,,,
Aqua,Happy Boys & Girls,,,,,,,
Kathleen Edwards,Summerlong,,,,,,,
Rhapsody Of Fire,The Magic Of The Wizard'S Dream,,,,,,,
My Dying Bride,A Sea To Suffer In,,,,,,,
Massive Attack,Confused Images,,,,,,,
Boom Bip,Dumb Day,,,,,,,
The Russian Futurists,Your Big Brown Eyes And My Broken Heart,,,,,,,
Lite,Contemporary Disease,,,,,,,
My Chemical Romance,Give 'Em Hell Kid,,,,,,,
The Human League,Tell Me When,,,,,,,
Girls Aloud,Wake Me Up (Original Version),,,,,,,
Reel People,Anything You Want (Feat. Tasita D'Mour),,,,,,,
Centro-Matic,All The Lightning Rods,,,,,,,
Thomas Andersson,Washing Up (Tiga Mix),,,,,,,
Thomas Bangalter,Club Soda,,,,,,,
Sleeper,Atomic,,,,,,,
Rednex,Wish You Were Here,,,,,,,
My Dying Bride,It Will Come,,,,,,,
Aqualung,You Turn Me Around,,,,,,,
Feist,One Evening (Vv Mix),,,,,,,
Tortoise,The Suspension Bridge At Iguazú Falls,,,,,,,
Pink Floyd,Stay,,,,,,,
Ted Leo And The Pharmacists,The Great Communicator,,,,,,,
The Bolshoi,Sunday Morning,,,,,,,
Deaf Center,Lobby,,,,,,,
Alter Bridge,Rise Today,,,,,,,
Deaf Center,Eloy,,,,,,,
Charon,Little Angel,,,,,,,
Glassjaw,Ry Ry'S Song,,,,,,,
Stevie Ray Vaughan,Tell Me,,,,,,,
Dj Sammy,Sunlight,,,,,,,
Charon,Rain,,,,,,,
Dj Shadow,3 Freaks (Feat. Keak Da Sneak & Turf Talk),,,,,,,
Charon,Sorrowsong,,,,,,,
Red House Painters,Golden,,,,,,,
Céline Dion,A New Day Has Come,,,,,,,
Cheap Trick,She'S Tight,,,,,,,
My Dying Bride,Turn Loose The Swans,,,,,,,
Red House Painters,Cabezon,,,,,,,
Stevie Wonder,If Your Love Cannot Be Moved (Feat. Kim Burrell),,,,,,,
The Gun Club,For The Love Of Ivy,,,,,,,
Feeder,Burn The Bridges,,,,,,,
Glassjaw,Pretty Lush,,,,,,,
Get Cape. Wear Cape. Fly,Waiting For The Monster To Drown,,,,,,,
Get Set Go,I Hate Everyone,,,,,,,
Muddy Waters,Hoochie Coochie Man,,,,,,,
The Blow,Hock It,,,,,,,
The Innocence Mission,Snow,,,,,,,
Adam Green,Animal Dreams,,,,,,,
Glen Campbell,Wichita Lineman,,,,,,,
Massacre,Invasoras Amazonas,,,,,,,
Stephen Malkmus,Trojan Curfew,,,,,,,
Dogs,Selfish Ways,,,,,,,
Rhesus,Sad Disco,,,,,,,
The Hush Sound,As You Cry,,,,,,,
Stephen Fretwell,Lines,,,,,,,
Malajube,St-Fortunat,,,,,,,
The Hush Sound,The Boys Are Too Refined,,,,,,,
Orishas,A Lo Cubano,0.6,0.8,0.2,0.6,0.4,0.4,0.6
3 Doors Down,Smack,,,,,,,
Enya,Exile,,,,,,,
Feist,Mushaboom (Mocky Mix),0.8,0.6,0.8,0.8,0.2,0.4,0.4
Babyshambles,Do You Know Me,,,,,,,
Jaga Jazzist,Another Day,,,,,,,
Glen Hansard & Markéta Irglová,Sleeping,,,,,,,
Kalmah,The Groan Of Wind,,,,,,,
The Breeders,Fortunately Gone,,,,,,,
Massacre,Divorcio,,,,,,,
Orson,Radio,,,,,,,
High Contrast,Music Is Everything,,,,,,,
Jacques Brel,Quand On N'A Que L'Amour,,,,,,,
Orson,Broken Watch,,,,,,,
Malcolm Middleton,Loneliness Shines,,,,,,,
Malcolm Middleton,Break My Heart,,,,,,,
Blind Guardian,Noldor (Dead Winter Reigns),,,,,,,
Whitey,Intro / In The Limelight,,,,,,,
Wu-Tang Clan,Intro (Shaolin Finger Jab) / Chamber Music,,,,,,,
Wu-Tang Clan,For Heaven'S Sake,,,,,,,
Mstrkrft,Heartbreaker (Feat. John Legend),,,,,,,
Gerli Padar,Partners In Crime (Estonia),,,,,,,
Matchbox Twenty,All Your Reasons,,,,,,,
Tubeway Army,Are Friends Electric,,,,,,,
Teedra Moses,You Better Tell Her,0.8,0.8,0.6,1.0,0.2,0.2,0.6
Jade Ewen,It'S My Time,,,,,,,
Luna Amară,Umbră Copil,,,,,,,
Blind Guardian,The Bard'S Song (Live),,,,,,,
Luna Sea,Storm,,,,,,,
Blue States,Spit And Soar,,,,,,,
The Unicorns,52 Favourite Things,,,,,,,
Kaki King,Lies,,,,,,,
Deadman,Taion,,,,,,,
Pink Floyd,Main Theme,,,,,,,
Kaki King,Kewpie Station,0.6,0.4,0.8,0.6,0.2,0.4,0.0
The Grates,Inside Outside,,,,,,,
Violator,Lethal Injection,,,,,,,
Kalliope,Lunar Landings,,,,,,,
Hocico,Doomed To Perish,,,,,,,
Shiny Toy Guns,Cold War,,,,,,,
Chemistry,恋するカレン,,,,,,,
Bertrand Burgalat,Sunshine Yellow,,,,,,,
J Dilla,E=Mc2 (Feat. Common),,,,,,,
Chemistry,輝く夜,,,,,,,
Kaizers Orchestra,Den Andre Er Meg,,,,,,,
Kaizers Orchestra,Bastard Sønn,,,,,,,
Thomas Newman,The Question,,,,,,,
Bertrand Burgalat,Chaque Jour,,,,,,,
Glenn Miller,Moonlight Serenade,,,,,,,
Richard F,5 In The Morning (Original Mix),,,,,,,
Matchbook Romance,Tiger Lily,,,,,,,
Vader,Helleluyah!!! (God Is Dead),,,,,,,
Sean Lennon,Spectacle,,,,,,,
George Michael,I Can'T Make You Love Me,,,,,,,
The Jam,Boy About Town,,,,,,,
Kc And The Sunshine Band,I'M Your Boogie Man,,,,,,,
George Michael,Amazing (Full Intention Club Mix),,,,,,,
Dolores O'Riordan,Accept Things,,,,,,,
Dolores O'Riordan,Apple Of My Eye,,,,,,,
Kazik,Jeśli Nie Chcesz,,,,,,,
Steel Pulse,Klu Klux Klan,,,,,,,
Mr. Oizo,Yves,,,,,,,
Thom Yorke,And It Rained All Night (Burial Remix),,,,,,,
My Morning Jacket,Run Thru,,,,,,,
Dolores O'Riordan,Stay With Me,,,,,,,
Kaizers Orchestra,Fra Sjåfør Til Passasjer,,,,,,,
My Morning Jacket,One In The Same,,,,,,,
Red Hot Chili Peppers,Deep Kick,,,,,,,
My Morning Jacket,Mahgeeta,,,,,,,
Maserati,Cities,,,,,,,
George Harrison,Here Comes The Sun,,,,,,,
The Brian Jonestown Massacre,I Love You,0.6,0.6,0.6,0.6,0.4,0.4,0.4
The Brian Jonestown Massacre,If Love Is The Drug,,,,,,,
Alanis Morissette,These R The Thoughts,,,,,,,
Curtis Mayfield,People Get Ready,,,,,,,
X,Sugarlight,,,,,,,
Tc,Borrowed Time,,,,,,,
Sting,Roxanne,,,,,,,
Battles,Ipt2,,,,,,,
Felix Da Housecat,Madame Hollywood (Tiga'S Mister Hollywood Version),,,,,,,
Black Lips,I Saw A Ghost (Lean),,,,,,,
The Jam,Sounds From The Street,0.4,0.6,0.2,0.4,0.8,0.4,0.4
Everclear,Local God,,,,,,,
Static-X,Start A War,,,,,,,
Everclear,Am Radio,,,,,,,
Static-X,This Is Not,,,,,,,
The Sugarcubes,Coldsweat,,,,,,,
Pink Floyd,Apples And Oranges,,,,,,,
Pink Floyd,A Spanish Piece,,,,,,,
Pink Floyd,Biding My Time,,,,,,,
Keane,He Used To Be A Lovely Boy,,,,,,,
J. Karjalainen,Villejä Lupiineja,,,,,,,
George Harrison,Awaiting On You All,,,,,,,
Matchbox Twenty,Hang,,,,,,,
The Rolling Stones,This Place Is Empty,,,,,,,
Kaiser Chiefs,Every Day I Love You Less And Less,,,,,,,
High And Mighty Color,Feel Like Dance,,,,,,,
Origin Unknown,Valley Of The Shadows,,,,,,,
Death From Above 1979,Do It!,,,,,,,
Jaguar Love,Georgia,,,,,,,
Dead Poetic,Bury The Difference,,,,,,,
The Submarines,Submarine Symphonika,,,,,,,
Ozzy Osbourne,Black Rain,,,,,,,
Reamonn,Swim,,,,,,,
My!Gay!Husband!,Austine Au Soleil Re Edit,,,,,,,
My Teenage Stride,We'Ll Meet At Emily'S,,,,,,,
Cherish,Killa,,,,,,,
Stisch,Turn Around (Barfly Mix),,,,,,,
Violins,Ok Ok,,,,,,,
The Goo Goo Dolls,Eyes Wide Open,,,,,,,
Kaija Koo,Sydän Laulaa,,,,,,,
Angus And Julia Stone,Just A Boy,,,,,,,
Angus And Julia Stone,Mango Tree,,,,,,,
The Jayhawks,All The Right Reasons,,,,,,,
Kejsi Tola,Carry Me In Your Dreams,,,,,,,
The Jesus And Mary Chain,Good For My Soul,,,,,,,
Tortoise,Firefly,,,,,,,
K-Os,Sunday Morning,,,,,,,
Real Mccoy,Run Away,,,,,,,
Richard Swift,Most Of What I Know,0.4,0.6,0.2,0.8,0.4,0.6,0.4
The Jayhawks,Angelyne,,,,,,,
Black Lips,Everybody'S Doin' It,,,,,,,
Mozez,Spinning Top,,,,,,,
Elusive,Ride,,,,,,,
Seabound,Smoke,,,,,,,
The Rolling Stones,Stop Breaking Down,,,,,,,
Orchestral Manoeuvres In The Dark,Annex,,,,,,,
Angus And Julia Stone,Here We Go Again,,,,,,,
The Brian Jonestown Massacre,Just Like Kicking Jesus,,,,,,,
Aly & Aj,Flattery,,,,,,,
James,She'S A Star,,,,,,,
Adem,Statued,,,,,,,
The Brian Jonestown Massacre,Spanish Bee,,,,,,,
Chevelle,Another Know It All,,,,,,,
Ane Brun,Drowning In Those Eyes,,,,,,,
Stone Temple Pilots,Unglued,,,,,,,
Little Richard,Good Golly Miss Molly,,,,,,,
Little Richard,Lucille,,,,,,,
Fear Factory,Shock,,,,,,,
The Go! Team,Everyone'S A Vip To Someone,,,,,,,
Goblin Cock,Stumped,,,,,,,
Trivium,The Crusade,,,,,,,
Stone Temple Pilots,Dead & Bloated,,,,,,,
Ride,Close My Eyes,,,,,,,
Ride,Chrome Waves,,,,,,,
Don Johnson Big Band,Hidden Rainbow,,,,,,,
Kelly Clarkson,Because Of You (Jason Nevins Club Mix),,,,,,,
Seabound,Scorch The Ground (Version),,,,,,,
Jóhann Jóhannsson,Fordlândia,,,,,,,
God Lives Underwater,Happy?,,,,,,,
Ozric Tentacles,Phalarn Dawn,0.0,0.0,0.0,0.0,0.0,0.0,0.0
Magnolia Electric Co.,The Dark Don'T Hide It,,,,,,,
Ozzy Osbourne,Dee,,,,,,,
Shirley Bassey,Get The Party Started,,,,,,,
Ozric Tentacles,Space Between Your Ears,,,,,,,
Pinback,Tres,,,,,,,
Everclear,The Boys Are Back In Town,,,,,,,
Alanis Morissette,Princes Familiar,,,,,,,
Ride,Chelsea Girl,,,,,,,
Kelley Stoltz,Ever Thought Of Coming Back,,,,,,,
Lupe Fiasco,Just Might Be Ok (Feat. Gemini),,,,,,,
The Black Keys,Keep Your Hands Off Her,,,,,,,
Dead Or Alive,I Wanna Be A Toy,,,,,,,
Everclear,Sex With A Movie Star,,,,,,,
D'Espairsray,Grudge,,,,,,,
Ozzy Osbourne,Now You See It (Now You Don'T),,,,,,,
The San Francisco Gay Men'S Chorus,Can I Survive (Part One),,,,,,,
Armin Van Buuren,Hold On To Me (Feat. Audrey Gallagher),,,,,,,
The Walkmen,Wake Up,,,,,,,
Justin Timberlake,Take It From Here,,,,,,,
Mouse On Mars,Gogonal,,,,,,,
Orchestral Manoeuvres In The Dark,Motion And Heart,,,,,,,
Story Of The Year,Razorblades,,,,,,,
Orchestral Manoeuvres In The Dark,Julia'S Song,,,,,,,
Chevelle,Prove To You,,,,,,,
Kelly Clarkson,Cry,,,,,,,
The Jesus And Mary Chain,She,,,,,,,
Seabound,Castaway,,,,,,,
Kelly Clarkson,Go,,,,,,,
Tujiko Noriko,Endless End,,,,,,,
Mägo De Oz,En Un Lugar...,,,,,,,
The San Francisco Gay Men'S Chorus,My Mother Taught Me Well,,,,,,,
Genesis,Please Don'T Ask,,,,,,,
Catherine Wheel,I Confess,,,,,,,
Mägo De Oz,El Señor De Los Gramillos,,,,,,,
The San Francisco Gay Men'S Chorus,Now Give Three Cheers,,,,,,,
Mary J. Blige,Your Child (Junior Vasquez Remix),,,,,,,
The San Francisco Gay Men'S Chorus,When I Was A Girl,,,,,,,
Atomic Kitten,Whole Again,,,,,,,
Ac/Dc,Whiskey On The Rocks,,,,,,,
Strachy Na Lachy,Btw (Mamy Tylko Siebie),,,,,,,
Moulin Rouge,El Tango De Roxanne,,,,,,,
The San Francisco Gay Men'S Chorus,Can I Survive (Part Two),,,,,,,
Godsmack,Bad Religion,,,,,,,
Motörhead,Tear Ya Down,,,,,,,
This Mortal Coil,I Come And Stand At Every Door,,,,,,,
Justin Timberlake,Lovestoned/I Think She Knows (Kaskade Remix),,,,,,,
Catamenia,The Ancient,,,,,,,
Chicane,Love On The Run,,,,,,,
Catatonia,Karaoke Queen,0.6,0.8,0.4,0.6,0.4,0.6,0.8
Justin Timberlake,Sexy Ladies,,,,,,,
Three Dead Trolls In A Baggie,Every Os Sucks,,,,,,,
Godsmack,Moon Baby,,,,,,,
Andy Williams,Moon River,,,,,,,
Godsmack,Running Blind,,,,,,,
Andy Moor,Halcyon,,,,,,,
Bono Must Die,We'Re Better Than You,,,,,,,
Live,Stage,,,,,,,
Bonnie Tyler,It'S A Heartache,,,,,,,
Live,Shit Towne,,,,,,,
Chicane,Leaving Town,,,,,,,
Strapping Young Lad,Critic,,,,,,,
Chicane,Halcyon,,,,,,,
The Get Up Kids,All That I Know,,,,,,,
D'Espairsray,Marry Of The Blood,,,,,,,
Ozzy Osbourne,I Don'T Know (Live),,,,,,,
Black Label Society,You Must Be Blind,,,,,,,
Ozzy Osbourne,Iron Man,,,,,,,
Rihanna,Umbrella (Jody Den Broeder Lush Club Remix),,,,,,,
Kelpe,Shipwreck Glue,0.0,0.0,0.0,0.0,0.0,0.0,0.0
Fellini,Rock Europeu,,,,,,,
Ac/Dc,D.T.,,,,,,,
The Black Heart Procession,Did You Wonder,,,,,,,
Rise Against,Black Masks & Gasoline,,,,,,,
Woven Hand,Deerskin Doll,,,,,,,
The Black Heart Procession,Gps,,,,,,,
Ozzy Osbourne,You'Re No Different,,,,,,,
Ozzy Osbourne,The Almighty Dollar,,,,,,,
Alcoholic Death,Bitch Harlot,,,,,,,
Fennesz,Circassian,0.0,0.0,0.0,0.0,0.0,0.0,0.0
Motörhead,Going To Brazil,,,,,,,
Rinaldi Sings,This Time Tomorrow,,,,,,,
Motörhead,Emergency,,,,,,,
The Rolling Stones,Look What The Cat Dragged In,,,,,,,
Ac/Dc,Hold Me Back,,,,,,,
Elton John,I Don'T Wanna Go On With You Like That,,,,,,,
Ani Difranco,As Is,,,,,,,
Ani Difranco,Anticipate,,,,,,,
Cat Stevens,Sitting,,,,,,,
Motörhead,Ridin' With The Driver,,,,,,,
Motörhead,Motorhead,,,,,,,
Beyoncé,Green Light,,,,,,,
Stars,Ageless Beauty (The Most Serene Republic Remix),,,,,,,
Ani Difranco,Coming Up,,,,,,,
Atmosphere,In Her Music Box,,,,,,,
Genesis,After The Ordeal,,,,,,,
Genesis,Aisle Of Plenty,,,,,,,
Donell Jones,I'M Gonna Be,,,,,,,
Slick Idiot,Lazy,,,,,,,
Matisyahu,Exaltation,,,,,,,
Ken Ring,Ta Det Lugnt,,,,,,,
The Rolling Stones,Prodigal Son,,,,,,,
P!Nk,It'S All Your Fault,,,,,,,
Hole,Gold Dust Woman,,,,,,,
Basement Jaxx,Take Me Home,,,,,,,
Ozzy Osbourne,That I Never Had,,,,,,,
Atmosphere,Hair,,,,,,,
Tegan And Sara,Don'T Confess,,,,,,,
Atmosphere,Godlovesugly,,,,,,,
Rise Against,Everchanging,,,,,,,
Mötley Crüe,Dragstrip Superstar,,,,,,,
Strapping Young Lad,Relentless,,,,,,,
Justice,Intro,,,,,,,
Strange Cargo,Million Town,,,,,,,
Strapping Young Lad,The New Black,,,,,,,
The Get Up Kids,Forgive And Forget,,,,,,,
The Tea Party,Psychopomp,,,,,,,
P Diddy Ft Keisha Cole,Last Night,,,,,,,
What Made Milwaukee Famous,The Right Place,,,,,,,
Cunninlynguists,Nothing To Give,,,,,,,
Cunninlynguists,Old School,,,,,,,
Battles,Tras,,,,,,,
Battles,Tras 3,,,,,,,
Heróis Do Mar,Nunca Mais,,,,,,,
James Brown,Get Up (I Feel Like Being A) Sex Machine,,,,,,,
Gogol Bordello,Your Country,,,,,,,
Magnet & Gemma Hayes,Lay Lady Lay,0.6,0.6,0.8,1.0,0.2,0.4,0.4
Amadou & Mariam,Beau Dimanche,,,,,,,
Unkle,Persons & Machinery (Instrumental),,,,,,,
Ludwig Van Beethoven,5Th Symphony,,,,,,,
Mamonas Assassinas,Robocop Gay,,,,,,,
Entwine,Losing The Ground,,,,,,,
Pj Harvey,Who Will Love Me Now?,,,,,,,
Alanis Morissette,I'M A Bitch,,,,,,,
What Made Milwaukee Famous,Sultan,,,,,,,
Rise Against,The Strength To Go On,,,,,,,
Pj Harvey,Who The Fuck,,,,,,,
Keren Ann,It Ain'T No Crime,,,,,,,
Ani Difranco,Light Of Some Kind,,,,,,,
Gay Against You,Gay Unicorn,,,,,,,
Matt Costa,Desire'S Only Fling,,,,,,,
Ani Difranco,Letter To A John,,,,,,,
Vitalic,Juliet India,,,,,,,
Gojira,Clone,0.4,1.0,0.0,0.2,1.0,0.2,0.2
Zero 7,You'Re My Flame (Dabrye Remix),,,,,,,
Elvis Presley,Wooden Heart,,,,,,,
Marvin Gaye,Right On,,,,,,,
Mötley Crüe,Porno Star,,,,,,,
Ultrasport,Nothing Can Go Wrong,,,,,,,
The Juliana Hatfield Three,Feelin' Massachusetts,0.8,0.6,0.6,0.4,0.4,0.6,0.6
Cat Power,Blue,,,,,,,
Placebo,Been Smoking Too Long,,,,,,,
Cat Power,Babydoll,,,,,,,
Stratovarius,Hunting High And Low,,,,,,,
Jurassic 5,Contact,,,,,,,
Stratovarius,Destiny,,,,,,,
Gojira,Torii,,,,,,,
Vitalic,My Friend Dario (Dima Prefers Newbeat Mix),,,,,,,
Kent,Oprofessionell,,,,,,,
Kent,Saker Man Ser,,,,,,,
Kent,Things She Said,,,,,,,
Aoki Takamasa,Cover Your Ears,,,,,,,
Fennesz,The Other Face,,,,,,,
Kent,Ensammast I Sverige,,,,,,,
Botch,Japam,,,,,,,
The Juliana Hatfield Three,President Garfield,,,,,,,
D.R.I.,Strategy,,,,,,,
Israel KamakawiwoʻOle,Over The Rainbow,,,,,,,
Isolée,Jelly Baby/Fish,,,,,,,
Unkle,Burn My Shadow (Feat. Ian Astbury),0.6,0.8,0.4,0.6,0.8,0.2,0.6
Blind Guardian,Thorn,,,,,,,
Basement Jaxx,Plug It In,,,,,,,
The Briefs,Normal Jerks,0.6,0.4,0.2,0.2,0.8,0.6,0.4
Motel,Y Te Vas,,,,,,,
Kettcar,Lattenmessen,,,,,,,
Westlife,Unbreakable,,,,,,,
The Gathering,In Motion #2,,,,,,,
The Brilliant Green,Ash Like Snow,,,,,,,
Children Of Bodom,Shot In The Dark,,,,,,,
Slayer,Can'T Stand You,,,,,,,
Holly Vallanee,Kiss Kiss,,,,,,,
The Gathering,On Most Surfaces,,,,,,,
Sinking Ships,Grace,,,,,,,
The Submarines,Brightest Hour,,,,,,,
Placebo,Pure Morning (Radio Edit),,,,,,,
The Briefs,Stuck On You,,,,,,,
Placebo,Running Up That Hill (Live From Santiago),,,,,,,
The Briefs,Genital General,,,,,,,
Tarwater,Across The Dial,,,,,,,
Bottla,Awake Since Eight,,,,,,,
Motion City Soundtrack,Fell In Love Without You,,,,,,,
Moto Boy,Blue Motorbike,,,,,,,
Bottla,None Of My Business,,,,,,,
Absurd Minds,The Focus,,,,,,,
Ketil Bjørnstad,The Sea Part Ii,,,,,,,
Man Man,Hot Bat,,,,,,,
Dead Kennedys,Halloween,,,,,,,
The Killers,Change Your Mind (Bonus Track),,,,,,,
Ketil Bjørnstad,Blue Man,,,,,,,
Da Buzz,Wonder Where You Are,,,,,,,
Magazine,Recoil,,,,,,,
Blue Man Group,Chant Jam,,,,,,,
Da Buzz,Last Goodbye,,,,,,,
Dead Can Dance,Threshold,,,,,,,
Pierrot,Smiley Skeleton,,,,,,,
Rasputina,Wicked Dickie,,,,,,,
The Gaslight Anthem,Meet Me By The River'S Edge,,,,,,,
Straylight Run,Dignity And Money,,,,,,,
Children Of Bodom,Oops I Did It Again! (Britney Spears Cover),,,,,,,
Heróis Do Mar,Cachopa,,,,,,,
Debbie Loeb,Faraway (Valentin Radio Edit),,,,,,,
The Briefs,Move Too Slow,,,,,,,
What Made Milwaukee Famous,Prevailing Wind,,,,,,,
Stream Of Passion,Deceiver,,,,,,,
Goldmund,Marching Through Georgia,,,,,,,
Junior Senior,Itch U Can'T Skratch,,,,,,,
The Game,Let'S Ride (Produced By Scott Storch),,,,,,,
Limp Bizkit,Indigo Flow,0.4,0.6,0.2,0.4,0.6,0.4,0.6
The Gaslight Anthem,1930,,,,,,,
See-Saw,君は僕に似ている,,,,,,,
Slayer,Captor Of Sin,,,,,,,
Limp Bizkit,Let Me Down,,,,,,,
Mother Love Bone,Bone China,,,,,,,
The Gaslight Anthem,Even Cowgirls Get The Blues,,,,,,,
Elton John,Captain Fantastic And The Brown Dirt Cowboy,,,,,,,
Matt Nathanson,I Saw,,,,,,,
Mos Def,Know That,,,,,,,
Dope Stars Inc.,Technologic Age,,,,,,,
Benoît Pioulard,Corpus Chant,,,,,,,
Zeraphine,Blind Camera I,,,,,,,
Ani Difranco,Modulation,,,,,,,
Doro,Fall For Me Again,,,,,,,
Mors Principium Est,The Oppressed Will Rise,,,,,,,
Staind,Fade (Album Version),,,,,,,
Mors Principium Est,Another Creation,,,,,,,
Staind,Mudshovel,,,,,,,
The Game,Angel (Feat. Common),,,,,,,
Dorsal Atlântica,Caçador Da Noite,,,,,,,
Nada Surf,Ice On The Wing,,,,,,,
Jumbo,Fotografia,,,,,,,
Nada Surf,Armies Walk,,,,,,,
Straylight Run,Sympathy For The Martyr,,,,,,,
Junior Boys,Three Words,,,,,,,
Junior Boys,Neon Rider,,,,,,,
Casiotone For The Painfully Alone,Students For Scarves & Charm,,,,,,,
Zeraphine,I Feel Your Trace,,,,,,,
Good Charlotte,Riot Girl,,,,,,,
Casiotone For The Painfully Alone,Half Ghost,,,,,,,
Disturbed,Torn,,,,,,,
Good Charlotte,The River,,,,,,,
Dive,Dead Or Alive,,,,,,,
The Futureheads,Thursday,,,,,,,
Stroke 9,Little Black Backpack,,,,,,,
Pierrot,Yuuyami Suicide,,,,,,,
Caspian,Moksha,,,,,,,
D.R.I.,You Say I'M Scum,,,,,,,
Stam1Na,Kaikki Kääntyy Vielä Parhain Päin,,,,,,,
Casiotone For The Painfully Alone,Blue Corolla,,,,,,,
Mortal Love,In The Sun,,,,,,,
Keyshia Cole,Down And Dirty,,,,,,,
Mortal Decay,Consumption,,,,,,,
Andrius Mamontovas,Kitą Kartą,,,,,,,
Martha Wainwright,Tv Show,,,,,,,
Bonnie 'Prince' Billy,Then The Letting Go,,,,,,,
Llorca,Lights Behind Windows,,,,,,,
Dead Can Dance,Frontier,,,,,,,
Dabrye,D-Town Tabernacle Choir,,,,,,,
The Black Crowes,Nonfiction,,,,,,,
The Bronx,Cobra Lucha,,,,,,,
Orange Juice,Louise Louise,,,,,,,
Optimystic,Best Thing In The World [Radio Mix],,,,,,,
Plain White T'S,Fireworks,0.6,0.4,0.6,0.8,0.2,0.6,0.4
Vivian Or Kazuma,Moment 〜Tv Edit〜,,,,,,,
Choking Victim,Infested,,,,,,,
Disturbed,Divide,,,,,,,
Disturbed,Criminal,,,,,,,
Biffy Clyro,Diary Of Always,,,,,,,
Biffy Clyro,Solution Devices,,,,,,,
Tarja Turunen,Poison,,,,,,,
Orange Juice,Consolation Prize,,,,,,,
Man Man,Young Einstein On The Beach,,,,,,,
Ludacris,The Potion,,,,,,,
Blind Guardian,Banish From Sanctuary,,,,,,,
Orange Juice,Moscow,,,,,,,
Box Car Racer,And I,,,,,,,
Ani Difranco,Roll With It,,,,,,,
Bowery Electric,Deep Sky Objects,,,,,,,
Box Car Racer,Watch The World,0.6,0.6,0.4,0.6,0.6,0.4,0.4
Bowerbirds,In Our Talons,,,,,,,
Limp Bizkit,Creamer (Radio Is Dead),,,,,,,
Bowery Electric,Passages,,,,,,,
Stacie Orrico,Take Me Away,,,,,,,
Dottie Danger,Почва,,,,,,,
Stabbing Westward,Why,,,,,,,
Kid Dynamite,Bench Warmer,,,,,,,
Rob Costlow,Oceans,,,,,,,
Matt Pond Pa,Measure 3,,,,,,,
Uh Huh Her,Not A Love Song,,,,,,,
Rancid,Salvation,,,,,,,
Ferry Corsten,Fire,,,,,,,
The Future Sound Of London,Quagmire,,,,,,,
Rancor,Dogma Punk,,,,,,,
Orange Sector,Kalt Wie Stahl,,,,,,,
The Broken West,So It Goes,,,,,,,
The Broken West,Shiftee,,,,,,,
West Coast Valerie,Official Theme Of Valerie (Minitel Rose Remix),,,,,,,
Matt Pond Pa,Foreign Bedrooms,0.6,0.6,0.8,0.8,0.2,0.4,0.6
Morrissey,Reader Meet Author,,,,,,,
Matt Pond Pa,Closer,,,,,,,
Napalm Death,Scum,,,,,,,
Nancy Sinatra & Lee Hazlewood,Paris Summer,,,,,,,
Seeed,Walk Upright,,,,,,,
Goran Bregović,Ederlezi (Scena Durdevdana Na Rijeci),,,,,,,
The Black Crowes,Wounded Bird,,,,,,,
Dispatch,Walk With You,,,,,,,
Blind Melon,Dear Ol' Dad,,,,,,,
The Tear Garden,Ascension Day,,,,,,,
Simon & Garfunkel,Leaves That Are Green,,,,,,,
Bad Brains,How Low Can A Punk Get?,,,,,,,
The Black Crowes,Cursed Diamond,,,,,,,
Dead Can Dance,Orbis De Ignis,,,,,,,
Lush,Leaves Me Cold,,,,,,,
Dottie Danger,Leather Rebel (Judas Priest),,,,,,,
The Birthday Party,Happy Birthday,,,,,,,
Working For A Nuclear Free City,Quiet Place,,,,,,,
Telefon Tel Aviv,Sound In A Dark Room,,,,,,,
The Kinks,Powerman,,,,,,,
St. Vincent,The Party,,,,,,,
Black Label Society,Electric Hellfire,,,,,,,
Boxcutter,Windfall,,,,,,,
The Fray,Syndicate,,,,,,,
The Walkmen,Canadian Girl,,,,,,,
Rancid,As One,,,,,,,
Chris Clark,Umbilical Hut,,,,,,,
Rancid,Corruption,,,,,,,
Telefon Tel Aviv,What It Was Will Never Again,,,,,,,
Blue,Breathe Easy,,,,,,,
Dead By April,Losing You,,,,,,,
Gorefest,When The Dead Walk The Earth,,,,,,,
Kid Sister,Girlie Rock,,,,,,,
Juelz Santana,There It Go (The Whistle Song),,,,,,,
Sublime,Greatest-Hits,,,,,,,
Chris De Burgh,Missing You,,,,,,,
Dishwalla,Collide,,,,,,,
Ramones,We Want The Airwaves,,,,,,,
Doug Burr,Whippoorwill,0.6,0.6,0.6,0.8,0.2,0.4,0.4
Tunng,Engine Room,,,,,,,
Rob Dickinson,Handsome,,,,,,,
Chris Cornell,Preaching The End Of The World,,,,,,,
The Kinks,Do You Remember Walter,,,,,,,
Atlas Sound,April 13,,,,,,,
Carpathian Forest,Theme From Nekromantikk,,,,,,,
Carpathian Forest,Martyr / Sacrificulum,,,,,,,
Carpathian Forest,Intro - Damnation Chant,,,,,,,
Scout Niblett,Kidnapped By Neptune,,,,,,,
Morning State,Push The Color,,,,,,,
Morning Runner,Hold Your Breath,,,,,,,
The Kinks,Too Much On My Mind,,,,,,,
Down,Lysergik Funeral Procession,,,,,,,
Down,Hail The Leaf,,,,,,,
Kika,Tal Vez,,,,,,,
Morgan,Tra 5 Min.,,,,,,,
Triosk Meets Jan Jelinek,Munmorah,,,,,,,
Embrace,No Use Crying,0.6,0.6,0.4,0.8,0.4,0.2,0.6
Nat King Cole,Nature Boy,,,,,,,
Atheist,Your Life'S Retribution,,,,,,,
Atheist,The Formative Years,,,,,,,
Aterciopelados,Cancion Protesta,,,,,,,
Atheist,And The Psychic Saw,,,,,,,
Matt Pond Pa,Sunlight,,,,,,,
Opeth,The Twilight Is My Robe,,,,,,,
Ramones,Questioningly,,,,,,,
The Frames,The Side You Never Get To See,,,,,,,
Sublime,Krs-One,,,,,,,
Natacha Atlas,I Put A Spell On You,,,,,,,
The Frames,True,,,,,,,
Embrace,A Glorious Day,,,,,,,
Embrace,I Can'T Come Down,,,,,,,
Matt Pond Pa,Locate The Pieces,,,,,,,
Rob Zombie,House Of 1000 Corpses,,,,,,,
Entombed,Left Hand Path,,,,,,,
Sinéad O'Connor,The Emperor'S New Clothes,,,,,,,
Sinéad O'Connor,Jump In The River,,,,,,,
Her Space Holiday,The Luxury Of Loneliness,,,,,,,
James Taylor,Her Town Too,,,,,,,
Crystal Stilts,Graveyard Orbit,,,,,,,
Euphoria,Little Gem,,,,,,,
Pain,Psalms Of Extinction,,,,,,,
Archive,Seamless,,,,,,,
Daedelus,Our Last Stand,,,,,,,
Pain Of Salvation,Ashes,,,,,,,
Alela Diane,Pieces Of String,,,,,,,
Alesana,Apology,,,,,,,
Andrew W.K.,Free Jumps,,,,,,,
Pain,Save Your Prayers,,,,,,,
Bauhaus,Crowds,,,,,,,
Plain White T'S,Tearin' Us Apart,,,,,,,
Oppenheimer,Breakfast In Nyc,,,,,,,
Pain,Walking On Glass,,,,,,,
Archive,Now And Then,,,,,,,
Archive,Old Artist,,,,,,,
Archive,Organ Song,,,,,,,
Thunderclap Newman,Something In The Air,,,,,,,
Bonnie 'Prince' Billy,After I Made Love To You,,,,,,,
Ramones,Love Kills,,,,,,,
Gorilla Biscuits,Stand Still,,,,,,,
The Frames,Ship Caught In The Bay,,,,,,,
Sublime,Live At E'S,,,,,,,
Judas Priest,Victim Of Changes,,,,,,,
Natalia Barbu,Fight (Live Eurovision Song Contest 2007 Final),0.8,0.8,0.4,0.6,0.8,0.4,0.2
Down,Losing All,,,,,,,
Down,On March The Saints,,,,,,,
Down,Learn From This Mistake,,,,,,,
Thunderbirds Are Now!,Cobra Feet,,,,,,,
Hooverphonic,Barabas,,,,,,,
Andrew Lloyd Webber,Damned For All Time/Blood Money,,,,,,,
Subtle,A Tale Of Apes Ii,,,,,,,
Disco Inferno,Summer'S Last Sound,,,,,,,
Discharge,Hear Nothing See Nothing Say Nothing,,,,,,,
Slipknot,The Blister Exists (Live),,,,,,,
Elliott Smith,Lucky 3 Video - Thirteen (Big Star Cover),,,,,,,
Robbie Williams,Ghosts,,,,,,,
Kill Hannah,Raining All The Time,,,,,,,
Carlos Gardel,Por Una Cabeza,,,,,,,
The Knife,Handy-Man (Tobias Von Hofsten Remix),,,,,,,
Pleasant Grove,We Made Our Way,,,,,,,
Pleasant Grove,Cone Equation,,,,,,,
The Knife,Intro(Silent Shout Tour),,,,,,,
Pleasant Grove,Impossible,,,,,,,
Suburban Kids With Biblical Names,A Couple Of Instruments,,,,,,,
Chris Rea,Winter Song,,,,,,,
Marsen Jules,Couer Saignant,,,,,,,
Zabili Mi Żółwia,Dezerter,,,,,,,
The Used,On My Own,,,,,,,
Aereogramme,Yes,,,,,,,
Blur,Gene By Gene,,,,,,,
X-Ray Spex,Germfree Adolescents,,,,,,,
Wes Montgomery,D-Natural Blues,,,,,,,
The Bug,Angry (Feat. Tippa Irie),,,,,,,
The Bug,Warning (Feat. Flowdan),,,,,,,
Operation Ivy,Unity,,,,,,,
Jamie Cullum,Old Devil Moon,,,,,,,
Rob Zombie,The Ballad Of Resurrection Joe And Rosa Whore,,,,,,,
The Klf,3 A.M. Eternal (Live At The S.S.L.),,,,,,,
Slipknot,This Cold Black,,,,,,,
Thingy,Mayday,,,,,,,
Morgan,Amore Assurdo,,,,,,,
The Klf,Justified And Ancient Seems A Long Time Ago,,,,,,,
Ludacris,Blueberry Yum Yum (Feat. Sleepy Brown),,,,,,,
Lillebjørn Nilsen,Fort Gjort Å Glemme,,,,,,,
Opeth,Serenity Painted Death,,,,,,,
Lucybell,Milagro,,,,,,,
The Brunettes,Summer Love,,,,,,,
Morbid Angel,Rapture,,,,,,,
Killing Joke,Europe,,,,,,,
Vetiver,Been So Long,,,,,,,
Thieves Like Us,Fass,,,,,,,
Nathan Fake,The Sky Was Pink,,,,,,,
Suede,Black Or Blue,,,,,,,
Thin Lizzy,Rosalie,,,,,,,
Vnv Nation,Procession,,,,,,,
Suburban Tribe,While The World Awaits,,,,,,,
Suburban Tribe,Silent Rain,,,,,,,
Natasha St-Pier,Nos Rendez-Vous,,,,,,,
The Flashbulb,Passage D,,,,,,,
Christian Death,Awake At The Wall,,,,,,,
Opeth,The Moor,,,,,,,
Andrew Bird,The Privateers,,,,,,,
2Pac,Ghetto Gospel,,,,,,,
Benga,E Trips,,,,,,,
Slagsmålsklubben,Dysparennia,,,,,,,
Slagsmålsklubben,His Morning Promenade,,,,,,,
Fatboy Slim,Retox,,,,,,,
Nathan Fake,Dinamo,,,,,,,
Abney Park,The Secret Life Of Dr. Calgori,,,,,,,
Boys Like Girls,Learning To Fall,0.6,0.6,0.4,0.8,0.2,0.4,0.6
Boys Like Girls,Up Against The Wall,,,,,,,
Morcheeba,Run Honey Run (Feat. Bradley),,,,,,,
Boy Omega,Golden Jaw,,,,,,,
Boys Like Girls,Broken Man,,,,,,,
Ania Dąbrowska,Pamiętać Chcę,,,,,,,
Irma Thomas,Time Is On My Side,,,,,,,
Ania,Zostań,,,,,,,
Pain Of Salvation,Nauticus (Drifting),,,,,,,
Hooverphonic,Revolver,,,,,,,
Era,Ameno,,,,,,,
Hooverphonic,Nr 9,,,,,,,
Wilco,Airline To Heaven,,,,,,,
Daedelus,Welcome Home (Feat. Mike Ladd),,,,,,,
