artist_name,track_name,Vocal Register,Vocal Timbre Thin to Full,Vocal Breathiness,Vocal Smoothness,Vocal Grittiness,Vocal Nasality,Vocal Accompaniment
Guillemots,Get Over It,0.6,0.8,0.4,0.6,0.4,0.4,1.0
Kamelot,Edenecho,,,,,,,
Kalmah,To The Gallows,,,,,,,
Guillemots,Falling Out Of Reach,,,,,,,
Kalmah,Heroes To Us,,,,,,,
My Dying Bride,Silent Dance,,,,,,,
Guided By Voices,Evil Speakers,,,,,,,
The Flaming Lips,Plastic Jesus,,,,,,,
Carla Bruni,Those Dancing Days Are Gone,,,,,,,
Behemoth,Before The Æons Came,,,,,,,
Uverworld,－妙策号外Ｏｒｃｈｅｓｔｒａ－,,,,,,,
Sebastian Waldejer,If I Could,,,,,,,
Marilyn Manson,Apple Of Sodom,,,,,,,
Aphex Twin,On,,,,,,,
Uverworld,神集め,,,,,,,
The Flaming Lips,Turn It On,,,,,,,
Christian Death,Resurrection - Sixth Communion,,,,,,,
Christian Death,Burnt Offerings,,,,,,,
Britney Spears,Piece Of Me (Tiësto Remix),,,,,,,
Adam F,Circles,,,,,,,
Hot Hot Heat,Let Me In,,,,,,,
Avenged Sevenfold,Strength Of The World,0.6,0.8,0.2,0.6,0.8,0.4,0.6
Jeff Tweedy,Simple Twist Of Fate,,,,,,,
Christian Death,Sleepwalk,,,,,,,
Toru Okada,Sacrine Leaves,,,,,,,
Christian Death,Cervix Couch,,,,,,,
Forget Cassettes,Lonely Does It,,,,,,,
Activ,Visez,,,,,,,
Dirty Vegas,Walk Into The Sun (Radio Edit),,,,,,,
Santigold,I'M A Lady (Feat. Trouble Andrew),,,,,,,
Supergrass,She'S So Loose,,,,,,,
Supergrass,Rough Knuckles,,,,,,,
Avenged Sevenfold,Critical Acclaim,,,,,,,
Lamb,Merge,,,,,,,
Duran Duran,All She Wants Is,,,,,,,
Tactical Sekt,Left For Dead,,,,,,,
Delerium,Flowers Become Screens,,,,,,,
Lamb,Learn,,,,,,,
Swod,Tucholskystr.34,,,,,,,
Swod,Walz 57,,,,,,,
My Bloody Valentine,I Don'T Need You,,,,,,,
Jedi Mind Tricks,Shadow Business,,,,,,,
Obituary,Infected,,,,,,,
Robbie Williams & Nicole Kidman,Somethin' Stupid,,,,,,,
Animal Collective,Native Belle,,,,,,,
Steppenwolf,The Pusher,,,,,,,
As Blood Runs Black,Beneath The Surface,,,,,,,
Gang Of Four,The Republic,,,,,,,
Jedi Mind Tricks,On The Eve Of War (Feat. Gza),,,,,,,
Descendents,She Don'T Care,,,,,,,
Electric Six,Jimmy Carter,0.6,0.6,0.2,0.4,0.8,0.4,0.6
Jedi Mind Tricks,Heavy Metal Kings (Feat. Ill Bill),,,,,,,
Jedi Mind Tricks,Put Em In The Grave,,,,,,,
Tears For Fears,I Choose You,,,,,,,
田中理恵,Fields Of Hope,,,,,,,
Oasis,Take Me Away,,,,,,,
Jeff Buckley,I Know It'S Over,,,,,,,
Anthrax,Soldiers Of Metal,,,,,,,
Foals,The Race For Radio Supremacy,,,,,,,
Death,Open Casket,,,,,,,
Vangelis,Damask Rose,,,,,,,
Foals,Big Big Love (Fig.1),,,,,,,
Quiet Village,Pillow Talk,,,,,,,
Guano Apes,Break The Line,,,,,,,
The Used,Poetic Tragedy,,,,,,,
Jay-Z,Lost Ones (Feat. Chrissette Michelle),,,,,,,
Guano Apes,Dödel Up,,,,,,,
Ohgr,Earthworm,,,,,,,
Guano Apes,Kiss The Dawn,,,,,,,
The Dears,The Way The World Treats You,,,,,,,
Quim Barreiros,Carvalho,,,,,,,
Guano Apes,High,,,,,,,
Britney Spears,Breathe On Me (Jacques Lu Cont'S Thin White Duke Mix),,,,,,,
Take That,Hold Up A Light,,,,,,,
Muscles,Chocolate Raspberry Lemon & Lime,,,,,,,
Muscles,Hey Muscles I Love You,,,,,,,
Action Painting!,These Things Happen,,,,,,,
The Primitives,Crash,,,,,,,
My Brightest Diamond,The Good & The Bad Guy,,,,,,,
Ada,Cool My Fire (I'M Burning),,,,,,,
Ada,The Red Shoes,,,,,,,
Suburban Kids With Biblical Names,Marry Me,,,,,,,
Zz Top,Stages,,,,,,,
Skinny Puppy,Yes He Ran,,,,,,,
Skold,Neverland (Fuzzy Klub Mix I),,,,,,,
Eminem,When The Music Stop,,,,,,,
Thunderball,Vai Vai,,,,,,,
Skinny Puppy,Who'S Laughing Now?,,,,,,,
Hot Snakes,I Hate The Kids,,,,,,,
My Bloody Valentine,Thorn,,,,,,,
Eminem,Still Don'T Give A Fuck,,,,,,,
R.E.M.,Endgame,0.6,0.6,0.4,0.8,0.2,0.4,0.8
The Knife,Heartbeats(Silent Shout Tour),,,,,,,
The Knife,Silent Shout (Williams Remix),,,,,,,
The Knife,Marble House (Planningtorock Remix),,,,,,,
Groove Armada,What'S Your Version,,,,,,,
Jay-Jay Johanson,Far Away,,,,,,,
Oh No Oh My,Jane Is Fat,,,,,,,
Colder,To The Music,,,,,,,
The Knife,Pass This On (M.A.N.D.Y. Remix),,,,,,,
The Dead Milkmen,Nutrition,,,,,,,
Groove Armada,Healing,,,,,,,
Groove Armada,Be Careful What You Say,,,,,,,
The Who,The Dirty Jobs,,,,,,,
Lali Puna,Geography-5,,,,,,,
Ania Dąbrowska,Nie Ma Nic...,,,,,,,
Apoptygma Berzerk,Stitch,,,,,,,
The Aquabats!,Nerd Alert!,,,,,,,
Kataklysm,The Ambassador Of Pain,,,,,,,
Faithless,Muhammed Ali,,,,,,,
Robbie Williams,Things,,,,,,,
:Wumpscut:,Wreath Of Barbs (Heavy Extended Remix),,,,,,,
Michael Jackson,Is It Scary,,,,,,,
Jazzfinger,Shribble By The Shoals And Stepping Stones,,,,,,,
Chris Vrenna,Tweedle-Dee And Tweedle-Dum,,,,,,,
Peter Doherty,Albion,,,,,,,
Chris Montez,Let'S Dance,,,,,,,
Peter Doherty,Salome,,,,,,,
Howard Shore,The White Tree,,,,,,,
The Format,Career Day,,,,,,,
Skinny Puppy,Knowhere?,,,,,,,
Ladytron,Playgirl (Felix Da Housecat Glitz Clubhead Mix),,,,,,,
Rob Costlow,I Do,,,,,,,
A,Nothing,,,,,,,
The Chemical Brothers,Orange Wedge,,,,,,,
Ani Difranco,Two Little Girls,,,,,,,
Robbie Williams,Better Man,,,,,,,
Rob Zombie,The Devil'S Rejects,,,,,,,
Kate Bush,Delius (Song Of Summer),,,,,,,
Bonnie 'Prince' Billy,Lessons From What'S Poor,,,,,,,
Mujuice,Шелтер Шелтер,,,,,,,
Delroy Wilson,Golden Touch,,,,,,,
The Who,Our Love Was,,,,,,,
Turning Point,Thursday,,,,,,,
Coldcut,Aid Dealer,,,,,,,
Katatonia,Had To (Leave),,,,,,,
Sparks,Talent Is An Asset,,,,,,,
Daddy Yankee,Impacto (Remix) (Feat. Fergie),,,,,,,
Kat Deluna,Unstoppable (Feat. Lil Wayne),,,,,,,
Murder By Death,I'M Afraid Of Who'S Afraid Of Virginia Woolf,,,,,,,
Kashmir,Rocket Brothers,,,,,,,
The Who,Sensation,,,,,,,
Murderdolls,I Love To Say Fuck,,,,,,,
Akufen,Heaven Can Wait,,,,,,,
Akurat,Droga Długa Jest,,,,,,,
Kate Bush,Moving,,,,,,,
Electric Six,Radio Ga Ga,,,,,,,
Toru Okada,A Graveled Street,,,,,,,
Sneaker Pimps,Grazes,,,,,,,
Jawbreaker,Oyster,,,,,,,
The Knife,Manhood,,,,,,,
Anthrax,Keep It In The Family,,,,,,,
The Frames,Rise,,,,,,,
Chris Lake Feat. Nastala,Changes,,,,,,,
Jawbreaker,Lurker Ii: Dark Son Of Night,,,,,,,
Lacuna Coil,Distant Sun,,,,,,,
Jay Reatard,Death Is Forming,,,,,,,
Pete & The Pirates,She Doesn'T Belong To Me,,,,,,,
Jay Reatard,It'S So Easy,,,,,,,
Jay Gordon,Slept So Long,,,,,,,
Maps,Lost My Soul,,,,,,,
The Beatles,Besame Mucho,,,,,,,
Secondhand Serenade,Your Call,,,,,,,
The Beatles,Come Together / Dear Prudence / Cry Baby Cry (Transition),,,,,,,
The Agnostic Mountain Gospel Choir,Go Back Home,0.4,0.6,0.2,0.2,1.0,0.2,0.0
Diary Of Dreams,The Plague,,,,,,,
Kate Bush,Somewhere In Between,,,,,,,
Lou Reed,How Do You Think It Feels,,,,,,,
Bishop Allen,Butterfly Nets,,,,,,,
Maná,Pobre Juan,,,,,,,
Maná,Relax,,,,,,,
Stellastarr*,Love And Longing,,,,,,,
Atreyu,Bleeding Mascara,,,,,,,
Dogs Die In Hot Cars,Lounger,,,,,,,
Dave Edmunds,Git It,,,,,,,
Feel,Jak Anioła Głos,,,,,,,
R.E.M.,Harborcoat,,,,,,,
Dave Gahan,Miracles,,,,,,,
Coldplay,Lost! (Feat. Jay-Z),,,,,,,
Escape The Fate,Not Good Enough For Truth In Cliche,,,,,,,
Sarah Brightman,Beautiful,,,,,,,
Tori Amos,Hotel,0.8,0.8,0.6,0.8,0.2,0.4,0.6
Sick Terror,Boicote-Me Por Favor,,,,,,,
Tony Moran Feat. Kristine W.,Walk Away (Tony Moran & Warren Rigg Evolution Radio - Intro),,,,,,,
Dave Matthews Band,Dancing Nancies,,,,,,,
Okkervil River,Blanket And Crib,,,,,,,
Okkervil River,Westfall,,,,,,,
Testament,Eyes Of Wrath,,,,,,,
Hypocrisy,Compulsive Psychosis,,,,,,,
Skream,Colourful,,,,,,,
Carly Simon,Let The River Run,,,,,,,
Pet Shop Boys,Integral,,,,,,,
Flying Lotus,Auntie'S Harp,,,,,,,
Sarah Mclachlan,Ice Cream,,,,,,,
Flunk,Everything Is Ending Here,,,,,,,
Kate Nash,Fluorescent Adolescent,0.8,0.6,0.6,0.8,0.2,0.4,0.6
Love,You Set The Scene,,,,,,,
Louise Attaque,Ton Invitation,,,,,,,
Louis Xiv,Hey Teacher,,,,,,,
Love,Bummer In The Summer,,,,,,,
The Used,Greener With The Scenery,,,,,,,
Anathema,Far Away,,,,,,,
Muchy,Miasto Doznań,,,,,,,
Anathema,Alternative 4,,,,,,,
Mujuice,Sleza Olenia Shitayshego Sebia Severnim Siyaniem,,,,,,,
Lacuna Coil,Circle,0.6,0.8,0.4,0.6,0.6,0.2,0.6
Katie Melua,Call Off The Search,,,,,,,
Lady Sovereign,Blah Blah,,,,,,,
Lady Gaga,Fashion,,,,,,,
Bonnie 'Prince' Billy,Rich Wife Full Of Happiness,,,,,,,
Lacuna Coil,1.19,,,,,,,
Mstrkrft,Vuvuvu,,,,,,,
᛬ᚻᛖᛚᚱᚢᚾᚨᚱ᛬,Frostnacht,,,,,,,
Kathleen Edwards,In State,,,,,,,
Coldplay,Only Superstition,,,,,,,
Coldplay,Rainy Day,,,,,,,
Cartel,Write This Down,,,,,,,
The Kinks,Supersonic Rocket Ship,,,,,,,
Carry On,Roll With The Punches,,,,,,,
Hypocrisy,Paradox,,,,,,,
Bright Eyes,Spent On Rainy Days,,,,,,,
Hypocrisy,Killing Art,,,,,,,
Jason Collett,Papercut Hearts,,,,,,,
The Kinks,Strangers,,,,,,,
Mr. Bungle,Violenza Domestica,,,,,,,
Kavinsky,Testarossa Nightdrive,,,,,,,
W.A.S.P.,On Your Knees,,,,,,,
Rob Zombie,100 Ways,,,,,,,
Mr. Bungle,Egg,,,,,,,
Jane'S Addiction,Three Days,,,,,,,
Greenskeepers,Filipino Phil,,,,,,,
Anathema,Goodbye Cruel World,,,,,,,
Craig Armstrong,Finding Beauty,,,,,,,
Gary Numan,A Question Of Faith,,,,,,,
The Alan Parsons Project,Sirius,,,,,,,
The Who,Fiddle About,0.6,0.4,0.2,0.4,0.8,0.6,0.6
Tim Hecker,Harmony In Blue I,,,,,,,
Jason Mraz,Love For A Child,,,,,,,
Jarvis Cocker,I Can'T Forget,,,,,,,
Bright Eyes,Touch,,,,,,,
Feeder,Miss You,,,,,,,
Kate Voegele,One Way Or Another,,,,,,,
Mudvayne,Not Falling,,,,,,,
Kate Voegele,Only Fooling Myself,,,,,,,
Mujuice,Dampdemo,,,,,,,
Tenhi,Vähäinen Violetissa,,,,,,,
Hüsker Dü,Chartered Trips,,,,,,,
Jan Jelinek,Moiré (Strings),,,,,,,
Anathema,The Silent Enigma,,,,,,,
Tenhi,Viimeiseen,,,,,,,
Alkaline Trio,You'Re Dead,,,,,,,
Pelican,Aurora Borealis,,,,,,,
Japan,Taking Islands In Africa,,,,,,,
Pelican,City Of Echoes,,,,,,,
Demi Lovato,Party,,,,,,,
Emilíana Torrini,If You Go Away,,,,,,,
Emilíana Torrini,Fireheads,,,,,,,
Ra Ra Riot,Run My Mouth,,,,,,,
R.E.M.,Radio Song,,,,,,,
Grendel,Harsh Generation,,,,,,,
Shugo Tokumaru,Parachute,,,,,,,
The Aislers Set,The Train #1,,,,,,,
Bad Religion,Generator,,,,,,,
Daughtry,There And Back Again,,,,,,,
Demarco,Duppy Know Who Fi Frighten,,,,,,,
Pere Ubu,Over My Head,,,,,,,
Fluke,Absurd,,,,,,,
The Aislers Set,Hit The Snow,,,,,,,
Fluke,Zion,,,,,,,
Mouse On Mars,Download Sofist,,,,,,,
Anberlin,Love Song,,,,,,,
Ted Leo And The Pharmacists,Hearts Of Oak,,,,,,,
William Shatner,Common People (Feat. Joe Jackson),,,,,,,
The Bird And The Bee,My Love,,,,,,,
Flying Lotus,Auntie'S Lock/Infinitium (Feat. Laura Darlington),,,,,,,
Flykkiller,Peroxide,,,,,,,
16 Horsepower,Silver Saddle,,,,,,,
Third Eye Blind,Wounded,,,,,,,
16 Horsepower,Splinters,,,,,,,
Bluetech,Prayers For The Rain (In Dub),,,,,,,
Daedelus,Bahia,,,,,,,
Biffy Clyro,Love Has A Diameter,,,,,,,
Rob Dougan,Clubbed To Death (Kurayamino Mix),,,,,,,
The Submarines,Vote,,,,,,,
Kelly Clarkson,Judas,,,,,,,
Green Day,Armatage Shanks,,,,,,,
Manu Chao,El Hoyo,,,,,,,
Low,Silver Rider,,,,,,,
Manowar,I Believe,,,,,,,
Apostle Of Hustle,Chances Are,,,,,,,
The Submarines,Clouds,,,,,,,
Dark Tranquillity,Fabric,,,,,,,
Motörhead,On Your Feet Or On Your Knees,,,,,,,
Colleen,Floating In The Clearest Night,,,,,,,
Ac/Dc,Love At First Feel,,,,,,,
Motörhead,Sucker,,,,,,,
Mouse On Mars,Yippie,,,,,,,
Mount Eerie,I Hold Nothing,,,,,,,
Kelis,Millionaire (Feat. André 3000),,,,,,,
Kelis,Bossy,,,,,,,
The Kinks,Do You Remember Walter?,,,,,,,
I Am Kloot,Mermaids,,,,,,,
Xiu Xiu,The Pineapple Vs. The Watermelon,,,,,,,
Om,Annapurna,,,,,,,
Janet Jackson,That'S The Way Love Goes,,,,,,,
Teedra Moses,Caution,,,,,,,
One Day As A Lion,One Day As A Lion,,,,,,,
Wagon Christ,Cris Chana,,,,,,,
Jamiroquai,Use The Force,,,,,,,
Deadbeat,Port-Au-Prince,,,,,,,
Jane'S Addiction,Up The Beach,,,,,,,
R.E.M.,Sad Professor,,,,,,,
Xiu Xiu,Fast Car,,,,,,,
Deadmau5,Not Exactly,,,,,,,
Emilie Autumn,Girls Just Wanna Have Fun,0.8,0.6,0.8,0.6,0.2,0.4,0.8
Elio E Le Storie Tese,Urna,,,,,,,
Armand Van Helden,Sugar,,,,,,,
The Kills,Gypsy Death & You,,,,,,,
Opeth,Burden,,,,,,,
Manowar,The Gods Made Heavy Metal,,,,,,,
James Morrison,You Make It Real,,,,,,,
Emilie Autumn,Dominant,,,,,,,
Jamie Cullum,Frontin',,,,,,,
Emilie Autumn,A Cure?,,,,,,,
The Sea And Cake,Crossing Line,,,,,,,
Datarock,Fa Fa Fa,,,,,,,
The Album Leaf,Another Day (Revised),,,,,,,
Tim Vanhamel,Like A Fire,,,,,,,
Ac/Dc,Go Down,,,,,,,
Green Day,Long View,,,,,,,
Drive Like Jehu,Here Come The Rome Plows,,,,,,,
Alabama 3,Woke Up This Morning,,,,,,,
Daughters Of Gaia,Reawakening,,,,,,,
Ulver,Catalept,0.6,0.6,0.8,0.8,0.2,0.4,0.4
Cradle Of Filth,Tortured Soul Asylum,,,,,,,
The Chills,Pink Frost,,,,,,,
Cradle Of Filth,Dusk And Her Embrace,,,,,,,
L.A. Guns,No Mercy,,,,,,,
The Wallflowers,6Th Avenue Heartache,,,,,,,
The Sea And Cake,Coconut,,,,,,,
State Radio,Mr. Larkin,,,,,,,
State Radio,Riddle In Londontown,,,,,,,
The Damned,Feel The Pain,,,,,,,
The Damned,Smash It Up,,,,,,,
Radiohead,Wonderwall,,,,,,,
Voxtrot,Real Live Version,,,,,,,
Symphony X,Communion And The Oracle,,,,,,,
Ac/Dc,Cover You In Oil,,,,,,,
Benoît Pioulard,Together & Down,,,,,,,
Opeth,Soldier Of Fortune,,,,,,,
Ac/Dc,Burnin' Alive,,,,,,,
Opeth,Remember Tomorrow,,,,,,,
Cradle Of Filth,Heaven Torn Asunder,,,,,,,
Gavin Degraw,Just Friends,,,,,,,
Bono & Edge,Slow Dancing,,,,,,,
The Killers,Why Don'T You Find Out For Yourself (Radio 1 Session),0.6,0.6,0.4,0.6,0.6,0.4,0.4
Riverside,Beyond The Eyelids,,,,,,,
Manic Street Preachers,Interiors (Song For Willem De Kooning),,,,,,,
The Bird And The Bee,Carol Of The Bells,,,,,,,
Lovedrug,Down Towards The Healing,,,,,,,
The Futureheads,Walking Backwards,,,,,,,
The Bird And The Bee,Birthday,,,,,,,
Cascada,Bad Boy,,,,,,,
Peggy Lee,Black Coffee,,,,,,,
Blue Öyster Cult,Take Me Away,,,,,,,
菅野よう子,Gotta Knock A Little Harder,,,,,,,
Daft Punk,Harder Better Faster Stronger (Alive Radio Edit),,,,,,,
Flight Of The Conchords,I'M Not Crying,,,,,,,
Flight Of The Conchords,The Prince Of Parties,,,,,,,
Flowing Tears,Serpentine,,,,,,,
Saul Williams,African Student Movement,,,,,,,
Low,Just Stand Back,,,,,,,
Oppenheimer,This Is Not A Test,,,,,,,
Orange Juice,Blue Boy,0.6,0.4,0.2,0.6,0.2,0.4,0.4
Orange Range,* ~Asterisk~,,,,,,,
James Figurine,55566688833,,,,,,,
James,Say Something,,,,,,,
Manic Street Preachers,Life Becoming A Landslide,,,,,,,
Jamelia,Superstar,,,,,,,
Pearl Jam,Last Exit,,,,,,,
Alison Krauss,It Wouldn'T Have Made Any Difference,,,,,,,
Pearl Jam,Cropduster,,,,,,,
James,Born Of Frustration,,,,,,,
Alison Krauss,Maybe,,,,,,,
De La Soul,A Little Bit Of Soap,,,,,,,
The Killers,Glamorous Indie Rock & Roll,,,,,,,
Children Of Bodom,Talk Dirty To Me,,,,,,,
James Morrison,The Last Goodbye,,,,,,,
Bright Eyes,Amy In The White Coat,,,,,,,
Brian Wilson,Heroes And Villains,,,,,,,
Gravity Kills,Drown,,,,,,,
The Protomen,Funeral For A Son,,,,,,,
Gravity Kills,Here,,,,,,,
Kent,Kungen Är Död,,,,,,,
Deadbeat,Slow Rot From Rhetoric,,,,,,,
Orbital,Waving Not Drowning,,,,,,,
The Whitest Kids U' Know,Dinosaur Rap,,,,,,,
Andrea Bocelli,Con Te Partirò,,,,,,,
Motion City Soundtrack,It Had To Be You,,,,,,,
Grandaddy,At My Post,,,,,,,
Kylie Minogue,Dancefloor,0.8,0.6,0.6,0.8,0.2,0.4,0.6
Volbeat,Soulweeper,,,,,,,
The Cure,The Exploding Boy,,,,,,,
Rainbow,Long Live Rock 'N' Roll,,,,,,,
Rise Against,Heaven Knows,,,,,,,
The San Francisco Gay Men'S Chorus,We Sail The Ocean Blue,0.6,0.8,0.2,0.8,0.0,0.2,1.0
The Saturdays,Up,,,,,,,
Kyuss,Thee Ol' Boozeroony,,,,,,,
Bonobo,If You Stayed Over (Reprise),,,,,,,
Brian Eno,Under Stars,,,,,,,
Ramones,Baby I Love You,,,,,,,
Ringside,Tired Of Being Sorry,,,,,,,
Rinaldi Sings,A Matter Of Life & Death,,,,,,,
Kyuss,Jumbo Blimp Jumbo,,,,,,,
Bear Vs. Shark,What A Horrible Night For A Curse,,,,,,,
The Cinematic Orchestra,Yoyo Waltz,,,,,,,
Keren Ann,Dimanche En Hiver,0.6,0.6,0.8,1.0,0.2,0.4,0.4
Gemini Five,Babylon Rockets,,,,,,,
The Cinematic Orchestra,Everyday,,,,,,,
Rise Against,Anywhere But Here,,,,,,,
Brian Mcfadden,Real To Me,,,,,,,
The Psychedelic Furs,Here Come Cowboys,,,,,,,
The Psychedelic Furs,Into You Like A Train,,,,,,,
Absurd Minds,Essence,,,,,,,
The White Stripes,Well It'S True That We Love One Another,,,,,,,
Brian Reitzell,On The Subway,,,,,,,
Ani Difranco,Dilate,,,,,,,
Gouryella,Tenshi,,,,,,,
Manic Street Preachers,Socialist Serenade,,,,,,,
Volbeat,River Queen,,,,,,,
Kettcar,Handyfeuerzeug Gratis Dazu,,,,,,,
Kent,Mannen I Den Vita Hatten (16 År Senare),,,,,,,
Ketil Bjørnstad,Prelude 19,,,,,,,
Graham Coxon,You & I,,,,,,,
Andrew Bird,Darkmatter,,,,,,,
Emily Haines,Bore,,,,,,,
Elizabeth Fraser And Jeff Buckley,All Flowers In Time,,,,,,,
Small Faces,It'S Too Late,,,,,,,
Orbital,The Box,,,,,,,
Slowdive,Celia'S Dream,,,,,,,
The San Francisco Gay Men'S Chorus,My Gallant Crew,,,,,,,
Manic Street Preachers,Drug Drug Druggy,,,,,,,
Mims,This Is Why I'M Hot (Radio),,,,,,,
Manic Street Preachers,Emily,,,,,,,
Children Of Bodom,One Day You Will Cry,,,,,,,
Bent,As You Fall,,,,,,,
Children Of Bodom,Smile Pretty For The Devil,,,,,,,
Ella Fitzgerald,I Get A Kick Out Of You,,,,,,,
Pearl Jam,Alive (Live),,,,,,,
Emily Haines & The Soft Skeleton,Sprig,0.8,0.6,0.8,0.8,0.2,0.4,0.4
The Beta Band,Rhododendron,,,,,,,
Mindless Self Indulgence,Backmask,,,,,,,
At The Drive-In,Blue Tag,,,,,,,
Mindless Self Indulgence,Boomin',,,,,,,
The Beta Band,Round The Bend,,,,,,,
Antidote,No Nazis In Punk,,,,,,,
Mandy Moore,Only Hope,,,,,,,
Lucas Prata,And She Said (Valentin Radio Mix),,,,,,,
Tonic,You Wanted More,,,,,,,
T.A.T.U.,Nas Ne Dogonyat,,,,,,,
Unkle,Broken,,,,,,,
Azure Ray,Sea Of Doubts,,,,,,,
Mos Def,Fear Not Of Man,,,,,,,
Gorillaz,The Swagga,0.4,0.6,0.4,0.6,0.6,0.4,0.6
Mors Principium Est,Two Steps Away,,,,,,,
Dream Theater,Never Enough,,,,,,,
Pavement,At & T,,,,,,,
Alif Tree,I Feel Blue,,,,,,,
The Juliana Hatfield Three,For The Birds,,,,,,,
The Juliana Hatfield Three,Spin The Bottle,,,,,,,
Cassius,All I Want,,,,,,,
The Kelly Family,Fell In Love With An Alien,,,,,,,
Saul Williams,Tr(N)Igger,,,,,,,
Jamal,Policeman,,,,,,,
Alanis Morissette,Spineless,,,,,,,
Children Of Bodom,Bed Of Nails,,,,,,,
Thrice,For Miles,,,,,,,
Idlewild,Actually It'S Darkness,,,,,,,
Ida Maria,Oh My God,,,,,,,
Iced Earth,My Own Savior,,,,,,,
Iced Earth,Dragon'S Child,,,,,,,
Morrissey,Used To Be A Sweet Boy,,,,,,,
Combichrist,I'M Happy Anyway,,,,,,,
Gorillaz,Dirty Harry (Feat. Bootie Brown),,,,,,,
Brian Eno & David Byrne,Mea Culpa,,,,,,,
Beck,He'S A Mighty Good Leader,,,,,,,
Idlewild,Goodnight,,,,,,,
Mors Principium Est,Sinners Defeat,,,,,,,
Os Mutantes,Adeus Maria Fulô,,,,,,,
Booka Shade,Body Language,,,,,,,
Ministry,Deity,,,,,,,
Kurtis Blow,The Breaks,,,,,,,
Andrew Lloyd Webber,Angel Of Music,,,,,,,
Booka Shade,Control Me,,,,,,,
Ramones,I Want You Around,,,,,,,
Combichrist,Feed Your Anger,,,,,,,
Édith Piaf,Padam Padam,,,,,,,
The Unicorns,Evacuatin' Somethin' Warm,,,,,,,
Saves The Day,Wednesday The Third,,,,,,,
Feel,W Odpowiedzi Na Twój List,,,,,,,
Avantasia,Prelude,,,,,,,
Alanis Morissette,That Particular Time,,,,,,,
Saxon Shore,Marked With The Knowledge,,,,,,,
X,The World'S A Mess; It'S In My Kiss,,,,,,,
Genesis,Alone Tonight,,,,,,,
Jakalope,Feel It,,,,,,,
Atmosphere,Suicidegirls,,,,,,,
Don'T Panic,Coldplay,,,,,,,
Mando Diao,Mr. Moon,,,,,,,
Tom Waits,House Where Nobody Lives,,,,,,,
Feist,Lovertits,,,,,,,
Dance Nation,Sunshine (Cor Fijneman'S Feel Fine Remix),,,,,,,
1200 Micrograms,Stoned Henge,,,,,,,
Eva Cassidy,Time Is A Healer,,,,,,,
Émilie Simon,Dernier Lit,,,,,,,
Unkle,Inside,,,,,,,
Covenant,Prometheus,,,,,,,
Brian Eno,Silver Morning,,,,,,,
The Warlocks,Bleed Without You Babe,,,,,,,
Ringside,Criminal,,,,,,,
Gene,Fill Her Up,,,,,,,
Avantasia,The Scarecrow,,,,,,,
Savage Garden,Santa Monica,,,,,,,
Dido,See The Sun,,,,,,,
Kid Rock,American Bad Ass,,,,,,,
Mors Principium Est,The Harmony Remains,,,,,,,
Unkle,Panic Attack,,,,,,,
Arab Strap,Fine Tuning,,,,,,,
Dashboard Confessional,For You To Notice,,,,,,,
Cat Power,Woman Left Lonely,,,,,,,
Booka Shade,Solo City,,,,,,,
The Georgia Satellites,Dan Takes Five,,,,,,,
Wu-Tang Clan,Unpredictable (Feat. Dexter Wiggle),,,,,,,
Jack Off Jill,Losing His Touch,,,,,,,
Other Men,Uhhhh…,,,,,,,
Otis Redding,A Change Is Gonna Come,,,,,,,
The Cure,Labyrinth,,,,,,,
The Cure,Lets Go To Bed,,,,,,,
Combichrist,Today We Are All Demons,,,,,,,
Kill Hannah,Kennedy,,,,,,,
Ramsey Lewis,Sun Goddess,,,,,,,
T.A.T.U.,All The Things She Said (Karaoke Mix),,,,,,,
Rancid,The Way I Feel,,,,,,,
Idlewild,Finished It Remains,,,,,,,
Beastie Boys,Futterman'S Rule,,,,,,,
Atmosphere,Can'T Break,,,,,,,
Stateless,Bloodstream,,,,,,,
Static-X,Burn To Burn,,,,,,,
Ayreon,Age Of Shadows (Edit),,,,,,,
Morning Runner,Work,,,,,,,
The Pussycat Dolls,Wait A Minute,,,,,,,
Rancid,Life Won'T Wait,,,,,,,
Jaga Jazzist,Swedenborgske Rom,,,,,,,
The Juliana Hatfield Three,This Is The Sound,,,,,,,
The Juliana Hatfield Three,A Dame With A Rod,,,,,,,
The Gathering,When The Sun Hits,,,,,,,
Three Drives,Greece 2000 (Dj Shog Remix),,,,,,,
Chikinki,Hate Tv,,,,,,,
Chicks On Speed,Warm Leatherette,,,,,,,
Thrice,Between The End And Where We Lie,,,,,,,
Man Man,Black Mission Goggles,,,,,,,
Lucybell,Sembrando,,,,,,,
Drain Sth,Serve The Shame,,,,,,,
Manchester Orchestra,Wolves At Night,,,,,,,
Blue Man Group,Tension Song,,,,,,,
Blue Man Group,Feast Picking,,,,,,,
The Tea Party,Walking Wounded,,,,,,,
Blind Guardian,The Bard'S Song: The Hobbit,,,,,,,
Dread Zeppelin,The Girl I Love,0.6,0.8,0.4,0.6,0.8,0.4,0.6
Department Of Eagles,Therapy Car Noise,,,,,,,
The Russian Futurists,Hurtin' 4 Certain,,,,,,,
Dream Theater,Blind Faith,,,,,,,
Killing The Dream,Save. Our. Ship,,,,,,,
Moonspell,Full Moon Madness,,,,,,,
Turin Brakes,Long Distance,,,,,,,
Moonspell,Ruin & Misery,,,,,,,
The Warlocks,Evil Eyes Again,,,,,,,
Fahrenheit,Por Ti,,,,,,,
F.R. David,Words,,,,,,,
Ride,Not Fazed,,,,,,,
The Russian Futurists,Two Dots On A Map,,,,,,,
Shakira,Estoy Aquí,,,,,,,
Kt Tunstall,White Bird,,,,,,,
The Rumble Strips,Motorcycle,,,,,,,
Jaga Jazzist,Going Down,,,,,,,
Alanis Morissette,Wunderkind,,,,,,,
Otep,Blood Pigs,,,,,,,
Jack Peñate,Run For Your Life,,,,,,,
Tom Waits,Grapefruit Moon,,,,,,,
Booka Shade,Redemption,,,,,,,
Booka Shade,The Sun & The Neon Light,,,,,,,
Rata Blanca,Blues,,,,,,,
Black Moth Super Rainbow,Sun Lips,,,,,,,
Spiritualized,The Slide Song,,,,,,,
Chevelle,Family System,,,,,,,
Chet Baker,Let'S Get Lost,,,,,,,
The Go! Team,Hold Yr Terror Close,,,,,,,
De-Phazz,Happiness,,,,,,,
Tori Amos,Rattlesnakes,,,,,,,
The Raconteurs,These Stones Will Shout,,,,,,,
Armin Van Buuren,Fine Without You (Feat. Jennifer Rene),,,,,,,
Randy Newman,Mcqueen'S Lost,,,,,,,
Gomez,Love Is Better Than A Warm Trombone,,,,,,,
Randy Newman,It'S A Jungle Out There,,,,,,,
Vive La Fête,Maladie D'Un Fou,,,,,,,
Vive La Fête,Kl,,,,,,,
Tenacious D,Cosmic Shame,,,,,,,
Gomez,78 Stone Wobble,,,,,,,
The John Butler Trio,Zebra,,,,,,,
Killing The Dream,January 2Nd,,,,,,,
Killswitch Engage,Holy Diver (Live),,,,,,,
Morcheeba,Shallow End,,,,,,,
Morbid Angel,World Of Shit (The Promised Land),,,,,,,
Good Charlotte,The World Is Black,,,,,,,
The Raconteurs,Rich Kid Blues,,,,,,,
The Sword,Barael'S Blade,,,,,,,
Blue October,Sound Of Pulling Heaven Down,,,,,,,
Blind Guardian,Somewhere Far Beyond,,,,,,,
Blind Guardian,Spread Your Wings,,,,,,,
The Sword,Celestial Crown,,,,,,,
Slagsmålsklubben,The World Welcomes Fame,,,,,,,
Embrace,Out Of Nothing,,,,,,,
Slayer,Dittohead,,,,,,,
Moonspell,At The Image Of Pain,,,,,,,
George Michael,Move On,,,,,,,
Tom Petty And The Heartbreakers,Runnin' Down A Dream,,,,,,,
Scarling.,City Noise,,,,,,,
Damian Marley,All Night,,,,,,,
The Beautiful South,We Are Each Other,,,,,,,
Scarlett Johansson,Falling Down,,,,,,,
Gojira,Yama'S Messengers,,,,,,,
Andrés Calamaro,Corazón En Venta,,,,,,,
Mono,Are You There?,,,,,,,
Monster Magnet,Space Lord,,,,,,,
Moonspell,A Walk On The Darkside,0.4,0.8,0.2,0.4,0.8,0.2,0.6
The Cult,Wild Flower,,,,,,,
Aberfeldy,A Friend Like You,,,,,,,
Kimya Dawson,Underground,,,,,,,
Mamonas Assassinas,Mundo Animal,,,,,,,
Iván Ferreiro,Turnedo,,,,,,,
Goldfrapp,Strict Machine (Single Mix),,,,,,,
Gojira,Remembrance,,,,,,,
Ratatat,Shempi (Zongamin Remix),,,,,,,
Vive La Fête,Joyeux,,,,,,,
The Cure,Dressing Up,,,,,,,
The Cure,Boys Don'T Cry (Acoustic),,,,,,,
Idlewild,Safe And Sound,,,,,,,
Idlewild,You And I Are Both Away,,,,,,,
Paul Van Dyk,A Magical Moment,,,,,,,
Cat Stevens,Into White,,,,,,,
Cat Stevens,On The Road To Find Out,,,,,,,
Alien Ant Farm,Flesh And Bone,,,,,,,
Paul Van Dyk,Vega,,,,,,,
Alien Ant Farm,Sticks And Stones,,,,,,,
Kings Of Leon,Head To Toe,,,,,,,
Brendan Benson,Feel Like Myself,,,,,,,
Kings Of Convenience,Singing,,,,,,,
Mokoma,En Elä Talven Yli,,,,,,,
Abba,Eagle,,,,,,,
Abba,Happy New Year,,,,,,,
Atb,9 Pm (Till I Come),,,,,,,
Abba,Gimme Gimme Gimme,,,,,,,
Evanescence,Origin,,,,,,,
Mokoma,Marjat,,,,,,,
Gogol Bordello,Punk Rock Parranda,,,,,,,
The Aliens,Rox,,,,,,,
Kings Of Leon,Trani (Live),,,,,,,
Moloko,I Want You,,,,,,,
Brendan Benson,Eventually,,,,,,,
Monaco,What Do You Want From Me?,,,,,,,
Boozoo Bajou,Under My Sensi,,,,,,,
The Roots,Take It There,,,,,,,
Richard Hell & The Voidoids,Another World,,,,,,,
Atlas Sound,The Time I Spent With Nico (Quiet),,,,,,,
Dope,Die Mf Die,,,,,,,
Dope Stars Inc.,Beatcrusher,,,,,,,
Staind,Can'T Believe,,,,,,,
Staind,Change,,,,,,,
Catatonia,Johnny Come Lately,,,,,,,
Outkast,Return Of The G,,,,,,,
Outkast,Wheelz Of Steel,,,,,,,
Alicia Keys,Go Ahead,,,,,,,
J. Karjalainen,Telepatiaa,,,,,,,
Counting Crows,Catapult,,,,,,,
George Harrison,All Things Must Pass,,,,,,,
The Clash,Hitsville U.K.,,,,,,,
Paul Oakenfold,Faster Kill Pussycat (Feat. Brittany Murphy),,,,,,,
Woven Hand,Truly Golden,,,,,,,
The Go-Betweens,Cattle And Cane,,,,,,,
Blu Cantrell,The One,,,,,,,
Supafly Inc.,Moving Too Fast,,,,,,,
Die Apokalyptischen Reiter,Revolution,,,,,,,
Die Apokalyptischen Reiter,Riders On The Storm,,,,,,,
Alicia Keys,Lesson Learned (Feat. John Mayer),,,,,,,
Scar Symmetry,Morphogenesis,,,,,,,
Alicia Keys,Jane Doe,,,,,,,
The God Machine,The Flower Song,,,,,,,
Dope Stars Inc.,Play 'N' Kill,0.4,0.8,0.2,0.2,0.8,0.4,0.6
Paul Lekakis,Boom Boom (Let'S Go Back To My Room) (Skitz Radio Mix),,,,,,,
Paul Giovanni And Magnet,Willow'S Song,,,,,,,
Slayer,Love To Hate,,,,,,,
Sébastien Tellier,Broadway,,,,,,,
Ataxia,Another,,,,,,,
Eve 6,Rescue,,,,,,,
Gogol Bordello,East Infection,,,,,,,
Shinedown,Stranger Inside,,,,,,,
P!Nk,Waiting For Love,,,,,,,
P!Nk,Who Knew (Bimbo Jones Radio Edit),0.6,0.8,0.4,0.6,0.6,0.4,0.6
Dragonforce,Fields Of Despair,,,,,,,
Turin Brakes,Feeling Oblivion,,,,,,,
Dragonforce,Valley Of The Damned,,,,,,,
Dragonforce,Above The Winter Moonlight,,,,,,,
Szymon Wydra & Carpe Diem,Życie Jak Poemat,,,,,,,
Breaking Benjamin,Topless,,,,,,,
Depeche Mode,Corrupt,,,,,,,
Säkert!,Vi Kommer Att Dö Samtidigt,,,,,,,
Slipknot,Psychosocial (Album Version),,,,,,,
Elliott Smith,Waltz #2,,,,,,,
Islands,We Swim,,,,,,,
P. Diddy,Last Night (Feat. Keyshia Cole),,,,,,,
Art Brut,Jealous Guy,,,,,,,
The Weepies,Not Dead Yet,,,,,,,
Art Brut,Moving To La,,,,,,,
Finntroll,Midnattens Widunder,,,,,,,
Anton Maiden,To Tame A Land,,,,,,,
Die Apokalyptischen Reiter,Der Adler,,,,,,,
Dir En Grey,Raison Detre,,,,,,,
Damian Marley,The Master Has Come Back,,,,,,,
This Mortal Coil,Waves Become Wings,,,,,,,
P!Nk,Mean,,,,,,,
Isobel Campbell & Mark Lanegan,The Circus Is Leaving Town,,,,,,,
Godsmack,Releasing The Demons,,,,,,,
Andy Mckee,Nocturne,,,,,,,
The Cryptkeeper Five,Gimme Gimme Your Heart,,,,,,,
Mogwai,Xmas Steps,,,,,,,
Black Box Recorder,Child Psychology,,,,,,,
School Of Seven Bells,Face To Face On High Places,,,,,,,
Scars On Broadway,World Long Gone,,,,,,,
Finntroll,Marknadsvisan,,,,,,,
A Silver Mt. Zion,Blown-Out Joy From Heaven'S Mercied Hole,,,,,,,
Minus The Bear,Throwin' Shapes,,,,,,,
Mirah,The Struggle,,,,,,,
Miranda Lambert,Easy From Now On,,,,,,,
Abandoned Pools,Armed To The Teeth,,,,,,,
Abandoned Pools,Lethal Killers,,,,,,,
Проверочная Линейка,Дрожь,,,,,,,
Klaus Badelt,Blood Ritual,,,,,,,
Paul Mccartney,Only Mama Knows,,,,,,,
Iron Maiden,Quest For Fire,,,,,,,
Bloodhound Gang,Yummy Down On This,,,,,,,
The Jesus And Mary Chain,Psycho Candy,,,,,,,
The Temptations,Ain'T Too Proud To Beg,,,,,,,
Mahogany,Optimism,,,,,,,
Iron Maiden,Tailgunner,,,,,,,
Inxs,The One Thing,,,,,,,
The Goo Goo Dolls,Only One,,,,,,,
Patti Smith,Privilege (Set Me Free),,,,,,,
Alice In Chains,Swing On This,,,,,,,
Immortal Technique,Creation & Destruction,,,,,,,
Paavoharju,Ikuisuuden Maailma,,,,,,,
Paul Mccartney,No More Lonely Nights,,,,,,,
Ill Niño,This Time'S For Real,,,,,,,
Get Cape. Wear Cape. Fly,The Chronicles Of A Bohemian Teenager (Part One),,,,,,,
Eyes Set To Kill,Darling,,,,,,,
Darker My Love,Opening,,,,,,,
Extreme,When I'M President,,,,,,,
Seabound,The Promise,,,,,,,
Extreme,Color Me Blind,,,,,,,
Felix Da Housecat,What Does It Feel Like?,,,,,,,
Seabound,Watching Over You,,,,,,,
Everclear,White Men In Black Suits,,,,,,,
Everclear,Summerland,,,,,,,
Every Move A Picture,Chemical Burns,,,,,,,
Conjure One,Redemption,,,,,,,
Klaxons,My Love,,,,,,,
Bebe,El Golpe,,,,,,,
The Rakes,Terror,,,,,,,
Klaus Badelt,Will And Elizabeth,,,,,,,
Sportfreunde Stiller,Ein Kompliment,,,,,,,
Dr. Octagon,Blue Flowers,,,,,,,
Spoon,Rhythm And Soul,,,,,,,
Squarepusher,Cronecker King,,,,,,,
The Raveonettes,Little Animal,,,,,,,
Kmfdm,Sucks,,,,,,,
Modest Mouse,Dukes Up,,,,,,,
Modest Mouse,Head South,,,,,,,
Staind,Trippy,,,,,,,
George Michael,Freedom 90,,,,,,,
Doug Burr,Come To My Senses,,,,,,,
Brazilian Girls,Le Territoire,,,,,,,
Klint,Diamond,,,,,,,
Modest Mouse,Ohio,,,,,,,
Mainstay,Danger,,,,,,,
Kmfdm,Free Your Hate,,,,,,,
Klimt 1918,Dopoguerra,,,,,,,
Felix Da Housecat,Glitz Rock,,,,,,,
Sean Lennon,Friendly Fire,,,,,,,
Finger Eleven,Thousand Mile Wish,,,,,,,
Tom Vek,I Aint Saying My Goodbyes,,,,,,,
Dana International,Nosa'At Le Petra,,,,,,,
Stacie Orrico,I'M Not Missing You,,,,,,,
Mirah,This Dance,,,,,,,
De-Phazz,Online,,,,,,,
Slayer,Seven Faces,,,,,,,
Slayer,Spill The Blood,,,,,,,
De-Phazz,Sabbatical,,,,,,,
Alela Diane,Can You Blame The Sky?,,,,,,,
The Jesus And Mary Chain,Cracked,,,,,,,
Pain,Nailed To The Ground,,,,,,,
Lumsk,I Trollehender,,,,,,,
Pale Saints,Shell,,,,,,,
Final Fantasy,(Reverse),,,,,,,
Sleeping At Last,Tension & Thrill,,,,,,,
Cave In,Youth Overrided (Live Acoustic),,,,,,,
Alestorm,Nancy The Tavern Wench,,,,,,,
Cave In,Rubber And Glue,,,,,,,
The Jam,Strange Town,,,,,,,
Kreator,Son Of Evil,,,,,,,
Tom Waits,Anywhere I Lay My Head,,,,,,,
Kreator,Terrible Certainty,,,,,,,
Damien Rice,Blower'S Daughter,0.4,0.6,1.0,0.8,0.2,0.4,0.2
Filter,Captain Bligh,,,,,,,
Sugababes,Back Down,,,,,,,
Sunset Strippers,Falling Stars,,,,,,,
Brazilian Girls,All About Us,,,,,,,
Van Halen,Drop Dead Legs,,,,,,,
Brave,Escape,,,,,,,
Ghostface Killah,Outta Town Shit,,,,,,,
Staind,Falling,,,,,,,
Black Lips,Fairy Stories,,,,,,,
Ghostface Killah,Apollo Kids,,,,,,,
Ghinzu,Mine,,,,,,,
The Rolling Stones,She Saw Me Coming,,,,,,,
Reagan Youth,(Are You) Happy?,,,,,,,
Gnarls Barkley,No Time Soon,0.6,0.8,0.4,0.6,0.4,0.2,0.6
Conor Oberst,I Don'T Want To (Die In A Hospital),,,,,,,
Real Mccoy,Another Night,,,,,,,
Violins,Vendedor De Rins,,,,,,,
Reatards,You Fucked Up My Dreams,,,,,,,
Reagan Youth,I Hate Hate,,,,,,,
Kmfdm,Jihad,,,,,,,
Patrick Wolf,Oblivion,,,,,,,
Wolfsheim,Approaching Lightspeed,,,,,,,
Wire,A Touching Display,,,,,,,
Imperiet,Du Ska Va President,,,,,,,
The Jackson 5,Never Can Say Goodbye,,,,,,,
Alice In Chains,Get Born Again,,,,,,,
Cd Pool,Bastian / You'Ve Got My Love (Chocolate Puma Vocal Mix),,,,,,,
Corona,Rhythm Of The Night,,,,,,,
The Jam,Batman Theme,,,,,,,
Brandi Carlile,Closer To You,,,,,,,
Viikate,Vesi Jota Pelkäät,,,,,,,
Repo! The Genetic Opera,Mark It Up,,,,,,,
Angelspit,Grind,,,,,,,
Patrick Wolf,Hard Times,,,,,,,
Eluveitie,The Somber Lay,,,,,,,
Elvis Costello,Everyday I Write The Book,,,,,,,
Evil Nine,You Are Not Through,,,,,,,
Ex Pistols,Silly Thing,,,,,,,
The American Analog Set,Gone To Earth,,,,,,,
Tin Tin Out,Here'S Where The Story Ends,,,,,,,
Ewan Mcgregor,Your Song,,,,,,,
Kmfdm,Ultra,,,,,,,
Modern Life Is War,Late Bloomers,,,,,,,
The Wedding Present,Getting Nowhere Fast,,,,,,,
Slipknot,Butcher'S Hook,,,,,,,
Bad Brains,Banned In Dc,,,,,,,
Arovane,Instant Gods Out Of The Box,,,,,,,
Chelo,Cha Cha,,,,,,,
Chemistry,Ai No Wa,,,,,,,
Bertrand Burgalat,Aux Cyclades Electronique,,,,,,,
Evil Nine,We Have The Energy,,,,,,,
Lush,Thoughtforms,,,,,,,
In Flames,Graveland,,,,,,,
Madvillain,Operation Lifesaver Aka Mint Test,,,,,,,
Charta 77,Lilla Björn Och Lilla Tiger,,,,,,,
Lush,Nothing Natural,,,,,,,
Bad Brains,Right Brigade,,,,,,,
Red Hot Chili Peppers,Gong Li,,,,,,,
Red Hot Chili Peppers,Stone Cold Bush,,,,,,,
Teitur,One And Only,,,,,,,
Tina Turner,Better Be Good To Me,,,,,,,
Atb,Mysterious Skies,,,,,,,
Antony And The Johnsons,The Horror Has Gone,,,,,,,
Atb,These Days,,,,,,,
Atb,Made Of Glass,,,,,,,
Mae,Breakdown,,,,,,,
Lux,100 Billion Stars,,,,,,,
The Concretes,Chosen One,,,,,,,
Corona,Baby Baby,,,,,,,
The Rolling Stones,Loving Cup,,,,,,,
Red Hot Chili Peppers,One Big Mob,,,,,,,
Miss Kittin,Barefoot Tonight,,,,,,,
In Flames,Lord Hypnos,,,,,,,
Violent Femmes,Waiting For The Bus,,,,,,,
Celldweller,The Last Firstborn,,,,,,,
Wire,Heartbeat,,,,,,,
Red Hot Chili Peppers,Pretty Little Ditty,,,,,,,
Blood For Blood,Livin' In Exile,,,,,,,
Mae,Sun,,,,,,,
Lush,Tinkerbell,,,,,,,
The Thrills,Hollywood Kids,,,,,,,
Antony And The Johnsons,Soft Black Stars,,,,,,,
Telefon Tel Aviv,Your Mouth,,,,,,,
Teitur,Halfway Between,,,,,,,
Elvis Costello & The Attractions,Pump It Up,,,,,,,
The Haunted,Burnt To A Shell,,,,,,,
The Haunted,My Shadow,,,,,,,
Wire,Map Ref. 41°N 93°W,,,,,,,
Insomnium,Closing Words,,,,,,,
Korn,4 U,,,,,,,
Scorpions,321,,,,,,,
The Rolling Stones,Get Off My Cloud,,,,,,,
Giant Drag,My D*** S*** Live,,,,,,,
The Honorary Title,Cut Short,,,,,,,
The Cool Kids,Jingling,,,,,,,
Sham 69,Borstal Breakout,,,,,,,
Inspectah Deck,Vendetta,,,,,,,
Korn,Seed,,,,,,,
Bad Brains,I And I Survive,,,,,,,
Мои Ракеты Вверх,Passing On A Bicycle By A Green Fence,,,,,,,
Koop,Baby,,,,,,,
Black Flag,American Waste,,,,,,,
Bran Van 3000,Astounded,,,,,,,
Brand New,Jesus,,,,,,,
Black Flag,Damaged Ii,,,,,,,
Pantera,Killers (Iron Maiden Cover),,,,,,,
The Red Jumpsuit Apparatus,Waiting,,,,,,,
The Grates,19-20-20,,,,,,,
Mobb Deep,The Start Of Your Ending (41St Side),,,,,,,
Cheese People,O.M.E.,,,,,,,
Chelo,Yummy (Remix F. Too Short),,,,,,,
Brakes,What'S In It For Me?,,,,,,,
The Replacements,Androgynous,,,,,,,
Moby,257.Zero,,,,,,,
Blonde Redhead,Mother,,,,,,,
Valeria,Rhythm Of The Night,,,,,,,
Fennesz,Onsay,,,,,,,
Antti Tuisku,Lämpö,,,,,,,
Blonde Redhead,Girl Boy,,,,,,,
Chad Kroeger,Hero,,,,,,,
Insomnium,Death Walked The Earth,,,,,,,
Paradise Lost,Let Me Drown,,,,,,,
Converge,Homewrecker,,,,,,,
A-Ha,The Blood That Moves The Body,,,,,,,
Korn,Tearjerker,,,,,,,
St. Vincent,The Neighbors,,,,,,,
A-Ha,Cry Wolf,,,,,,,
Doug Burr,Slow Southern Home,,,,,,,
Fergie,Big Girls Don'T Cry (Personal),,,,,,,
Black Label Society,Destruction Overdrive,,,,,,,
Scouting For Girls,Keep On Walking,,,,,,,
The Republic Tigers,Buildings And Mountains,,,,,,,
The Weakerthans,Virtute The Cat Explains Her Departure,,,,,,,
Red House Painters,Take Me Out,,,,,,,
Glassjaw,When One Eight Becomes Two Zeros,,,,,,,
The Cranberries,I Will Always,,,,,,,
The Cranberries,Electric Blue,,,,,,,
Damien Rice,The Professor & La Fille Danse,0.6,0.6,0.8,0.8,0.4,0.4,0.2
Reel Big Fish,Where Have You Been?,,,,,,,
Figurine,Impossible,,,,,,,
Dan Arborise,Take Heart In You Hope / Paths,,,,,,,
Tunng,Sweet William,0.6,0.4,0.8,0.8,0.2,0.2,0.6
Field Music,In Context,,,,,,,
Atheist,Unquestionable Presence,,,,,,,
Mobb Deep,Back At You,,,,,,,
Doves,Birds Flew Backwards,,,,,,,
St. Vincent,Actor Out Of Work,,,,,,,
Blitz,Attack,,,,,,,
Bloc Party,Hunting For Witches (Crystal Castles Remix),,,,,,,
Black Kids,Hit The Heartbreaks,,,,,,,
Blitzen Trapper,Furr,,,,,,,
Machine Head,I'M Your God Now,,,,,,,
鼓童,Ibuki Reconstruction,,,,,,,
Sum 41,Introduction To Destruction,,,,,,,
Kotiteollisuus,Valtakunta,,,,,,,
Kotiteollisuus,Vuonna Yksi Ja Kaksi,,,,,,,
Kraftwerk,Geiger Counter,,,,,,,
Miss Kittin & The Hacker,Life On Mtv,,,,,,,
Mission Of Burma,That'S How I Escaped My Certain Fate,,,,,,,
Beth Orton,Carmella,0.6,0.6,0.8,0.8,0.2,0.4,0.4
Mitch Hedberg,Candy Bars,,,,,,,
Mission Of Burma,Red,,,,,,,
Mobb Deep,Can'T Get Enough Of It,,,,,,,
Paradise Lost,Mystify,,,,,,,
Atc,Around The World (La La La La La),0.8,0.4,0.6,0.8,0.2,0.4,0.8
The Hellacopters,All New Low,0.6,0.8,0.2,0.4,0.8,0.4,0.6
Fergie,Mary Jane Shoes,,,,,,,
Inkubus Sukkubus,Hecate Cerridwyn,,,,,,,
Sea Wolf,Black Dirt,,,,,,,
The Rocket Summer,Brat Pack,,,,,,,
The Rocket Summer,Around The Clock,,,,,,,
Inara George,Fools In Love,,,,,,,
The Haunted,The Drowning,,,,,,,
Sleater-Kinney,Buy Her Candy,,,,,,,
John Williams,A New Hope / End Credits,,,,,,,
Alexi Murdoch,Blue Mind,,,,,,,
The Haunted,The Reflection,,,,,,,
Alexi Murdoch,Dream About Flying,,,,,,,
Ingrid Michaelson,Die Alone,,,,,,,
Hefner,The Hymn For The Cigarettes,,,,,,,
Pony Up,Dance For Me,,,,,,,
Cliff Martinez,Hi Energy Proton Accelerator,,,,,,,
Enya,Paint The Sky With Stars,,,,,,,
The Dresden Dolls,Thirty Whacks,,,,,,,
Machinae Supremacy,Dreadnaught,,,,,,,
Devin Townsend,Earth Day,,,,,,,
Clinic,The Bridge,,,,,,,
The Music,Turn Out The Light,,,,,,,
M83,Night,,,,,,,
Swan Lake,Widow'S Walk,,,,,,,
Story Of The Year,Swallow The Knife,,,,,,,
Mazzy Star,Roseblood,,,,,,,
Nick Cave & The Bad Seeds,Hallelujah,,,,,,,
Nick Cave & The Bad Seeds,Hiding All Away,,,,,,,
Sugababes,Open The Door,,,,,,,
高梨康治/刃-Yaiba-,疾風伝,,,,,,,
Dimmu Borgir,Metal Heart,,,,,,,
Dinosaur Jr.,Back To Your Heart,,,,,,,
Sugababes,Run For Cover,,,,,,,
Dingo,Autiotalo,,,,,,,
Diesler,Sandcastles,,,,,,,
Suicide,Cheree (Remix),,,,,,,
Macy Gray,Sexual Revolution,,,,,,,
M-Flo Loves Kahimi Karie,Cozmo-Naughty (Sugiurumn House Mission Mix),,,,,,,
The Twilight Sad,And She Would Darken The Memory,,,,,,,
Ferry Corsten,Punk,,,,,,,
M-Flo♥Monday満ちる,A.D.D.P. (Magdarise Remix),,,,,,,
+44,Interlude,,,,,,,
高梨康治/刃-Yaiba-,暁,,,,,,,
이효리,Any Club [Feat. Teddy],,,,,,,
The Tragically Hip,New Orleans Is Sinking,,,,,,,
Tribalistas,Velha Infância,,,,,,,
Suicide,I Remember,,,,,,,
Madeleine Peyroux,Weary Blues,,,,,,,
The Turtles,Outside Chance,,,,,,,
Blockhead,Crashing Down,,,,,,,
Bloc Party,Plans (Replanned By Mogwai),,,,,,,
M. Ward,Well-Tempered Clavier,,,,,,,
Blink-182,Please Take Me Home,,,,,,,
Madonna,I Want You (Feat. Massive Attack),,,,,,,
Ferry Corsten,L.E.F.,,,,,,,
Madonna,I'Ll Remember,,,,,,,
Blockhead,Triptych Part 3,,,,,,,
Madonna,Give It 2 Me (Paul Oakenfold Edit),,,,,,,
Tribalistas,Passe Em Casa,,,,,,,
Sum 41,Some Say,,,,,,,
Bliss,Remember My Name,,,,,,,
+44,Weatherman,,,,,,,
M. Ward,Afterword / Rag,,,,,,,
The Tough Alliance,Looking For Gold,,,,,,,
The Riverboat Gamblers,Don'T Bury Me... I'M Still Not Dead,,,,,,,
Boys Noize,Feel Good (Tv=Off),,,,,,,
Mission Of Burma,Wounded World,,,,,,,
Missy Higgins,Nightminds,,,,,,,
Seabear,Good Morning Scarecrow,,,,,,,
Kraftwerk,Das Model,,,,,,,
Mission Of Burma,Einstein'S Day,,,,,,,
Kraak & Smaak,Danse Macabre,,,,,,,
Kotiteollisuus,Routa Ei Lopu,,,,,,,
Fergie,All That I Got (The Make Up Song),,,,,,,
Ferry Corsten,Down On Love,,,,,,,
Paradise Lost,Symbol Of Life,,,,,,,
Paradise Lost,Xavier,,,,,,,
Information Society,What'S On Your Mind (Pure Energy),,,,,,,
The Holloways,Two Left Feet,,,,,,,
Beth Orton,How Far,,,,,,,
Madonna,Nobody'S Perfect,,,,,,,
.38 Special,Back To Paradise,,,,,,,
Madonna,Mer Girl,,,,,,,
Lynyrd Skynyrd,The Needle And The Spoon,,,,,,,
Lynyrd Skynyrd,Swamp Music,,,,,,,
Madonna,Intervention,,,,,,,
...And You Will Know Us By The Trail Of Dead,Source Tags & Codes,,,,,,,
Scripture,No Word Needed,,,,,,,
Beto Cuevas,Vuelvo,,,,,,,
The Hoosiers,Worst Case Scenario,,,,,,,
Insomnium,The Moment Of Reckoning,,,,,,,
The Twilight Singers,Railroad Lullaby,,,,,,,
Ceremony,Living Hell,,,,,,,
Insomnium,Bereavement,,,,,,,
Antti Tuisku,Lähtemässä,,,,,,,
Lykke Li,Tonight,,,,,,,
Elvis Costello,Welcome To The Working Week,,,,,,,
Armin Van Buuren,Zocalo (Feat. Gabriel & Dresden),,,,,,,
The Hidden Cameras,Boys Of Melody,,,,,,,
Panzer Ag,God Eats God,,,,,,,
Beth Orton,This One'S Gonna Bruise,,,,,,,
Paradise Lost,I Can Hate You,,,,,,,
Chairlift,Evident Utensil,,,,,,,
Chairlift,Garbage,,,,,,,
Brand New,Last Chance To Lose Your Keys,,,,,,,
Bran Van 3000,Discosis,,,,,,,
Мои Ракеты Вверх,Gash,,,,,,,
Moby,Anthem,,,,,,,
The Reindeer Section,Strike Me Down,,,,,,,
Korn,Lost,,,,,,,
Korn,Let'S Get This Party Started,,,,,,,
Atb,Some Things Just Are The Way They Are,,,,,,,
Black Label Society,Forever Down,,,,,,,
Extreme,Tragic Comic,,,,,,,
The Rolling Stones,Dangerous Beauty,,,,,,,
Misfits,Witch Hunt,,,,,,,
Miss Kittin,Allergic,,,,,,,
The Wedding Present,Brassneck,,,,,,,
Black Flag,Clocked In,,,,,,,
Brand New,Sowing Season,,,,,,,
Darkwell,The Rejuvination,,,,,,,
Darkthrone,Summer Of The Diabolical Holocaust,,,,,,,
The American Analog Set,The Kindness Of Strangers,,,,,,,
Darkwell,Realm Of Darkness,,,,,,,
Shankar-Ehsaan-Loy,Kal Ho Naa Ho (Sad),,,,,,,
Shakira & Alejandro Sanz,La Tortura,,,,,,,
Extreme,It ('S A Monster),,,,,,,
Extreme,Li'L Jack Horny,,,,,,,
The Cranberries,Dying Inside,,,,,,,
Glenn Branca,The Ascension,,,,,,,
Ayria,The Radio,,,,,,,
Contemporary Noise Quintet,Army Of The Sun,0.0,0.0,0.0,0.0,0.0,0.0,0.0
Red House Painters,Dragonflies,,,,,,,
St. Germain,My Mama Said,,,,,,,
Bandalusa,Fui À Cidade,,,,,,,
Douglas Heart,Smoke Screen,,,,,,,
The Concretes,Lonely As Can Be,,,,,,,
Viikate,Unholan Urut,,,,,,,
Moby,Whispering Wind,,,,,,,
Modern Life Is War,Clarity,,,,,,,
Modern Life Is War,Breaking The Cycle,,,,,,,
Modern Life Is War,D.E.A.D.R.A.M.O.N.E.S.,,,,,,,
The American Analog Set,Million Young,,,,,,,
The Almost,I Mostly Copy Other People,,,,,,,
The Rolling Stones,It Won'T Take Long,,,,,,,
Bourbon Crow,Drink 'Till You Ain'T Ugly,,,,,,,
Reverend And The Makers,The State Of Things,,,,,,,
Reverend And The Makers,Open Your Window,,,,,,,
Beastie Boys,Time To Get Ill,,,,,,,
The Clientele,My Own Face Inside The Trees,,,,,,,
Beastie Boys,To All The Girls,,,,,,,
Violator,Artillery Attack,,,,,,,
The Cranberries,Liar,,,,,,,
Globus,Diem Ex Dei,,,,,,,
Constantines,Justice,,,,,,,
Constantines,Nighttime/Anytime (It'S Alright),,,,,,,
Kraftwerk,The Man-Machine,,,,,,,
Black Label Society,Death March,,,,,,,
The Rolling Stones,I'M Free,,,,,,,
Dr. Dre,Big Ego'S,,,,,,,
Squarepusher,Welcome To Europe,,,,,,,
Dr. Dog,The World May Never Know,,,,,,,
Dr. Dog,Weekend,,,,,,,
Dr. Dre,The Next Episode (Feat. Snoop Dogg),,,,,,,
Dr. Dre,The Day The Niggaz Took Over,,,,,,,
Turbonegro,Gimme Some,,,,,,,
Violator,Destined To Die,,,,,,,
Rbd,Wanna Play,,,,,,,
Reagan Youth,In Dog We Trust,,,,,,,
Reagan Youth,Jesus Was A Communist,,,,,,,
Modeselektor,The First Rebirth,,,,,,,
Virgin Prunes,Baby Turns Blue,,,,,,,
God Lives Underwater,Lonely Again,,,,,,,
Ghostland Observatory,Stranger Lover,,,,,,,
Mogwai,Like Herod (Live),,,,,,,
Modest Mouse,A Life Of Artic Sounds,0.6,0.4,0.6,0.4,0.6,0.6,0.2
Kmfdm,Disobedience,,,,,,,
The Wedding Present,My Favourite Dress,,,,,,,
The Rapture,Whoo! Alright - Yeah... Uh Huh.,,,,,,,
The Raveonettes,Let'S Rave On,,,,,,,
Rebel Meets Rebel,Heart Worn Highway,,,,,,,
Ane Brun,Song No 6,,,,,,,
Rebel Meets Rebel,Rebel Meets Rebel,,,,,,,
The Rolling Stones,She Smiled Sweetly,,,,,,,
Gerry & The Pacemakers,You'Ll Never Walk Alone,,,,,,,
Gepe,No Te Mueras Tanto,,,,,,,
Revolting Cocks,We Shall Cleanse The World,,,,,,,
Rhapsody Of Fire,Unholy Warcry,,,,,,,
Rhapsody Of Fire,Holy Thunderforce,,,,,,,
Beastie Boys,The Biz Vs. The Nuge,,,,,,,
Shapeshifters,Incredible,,,,,,,
Viikate,Rauta-Airot,,,,,,,
Moby,Raining Again (Steve Angello'S Vocal Mix),,,,,,,
Misfits,Rat Fink,,,,,,,
Kreator,Terror Zone,,,,,,,
The Rolling Stones,Respectable,,,,,,,
Bosque Brown,Still Afraid,,,,,,,
Misfits,Abominable Dr. Phibes,,,,,,,
Misfits,Bloodfeast,,,,,,,
Mogwai,Punk Rock:,,,,,,,
Bebe,Ella,,,,,,,
Timo Rautiainen & Trio Niskalaukaus,Hämmennys Ja Viha,,,,,,,
Evanescence,Wash It All Away,,,,,,,
God Is An Astronaut,Radau,,,,,,,
Tomte,So Soll Es Sein,,,,,,,
Everclear,So Much For The Afterglow,0.6,0.6,0.2,0.4,0.6,0.4,0.6
Bebel Gilberto,Aganjú  (The Latin Project Remix),,,,,,,
Angra,Heroes Of Sand,,,,,,,
Extreme,Get The Funk Out,,,,,,,
Darkthrone,Fucked Up And Ready To Die,,,,,,,
Darkthrone,Graven Tåkeheimens Saler,,,,,,,
Mojo Project,Could You (David Penn Dub),,,,,,,
The Apples In Stereo,Dots 1-2-3,,,,,,,
Eyes Set To Kill,Beauty Through Broken Glass,,,,,,,
The Rakes,1989,,,,,,,
Kmfdm,A Hole In The Wall,,,,,,,
The Weepies,Antarctica,,,,,,,
Modwheelmood,As I Stand Here,,,,,,,
Staind,Suffer,,,,,,,
Dottie Danger,Тихие Дни,0.6,0.8,0.6,0.8,0.4,0.4,0.6
Dottie Danger,Sasha,,,,,,,
Dot Allison,Substance (Felix Da Housecat Mix),,,,,,,
Richard Davis,The Truth,,,,,,,
Turbonegro,High On The Crime,,,,,,,
Atb,Dooley'S World,,,,,,,
Atb,Ecstasy (At&B Airplay Mix),,,,,,,
Spın̈Al Tap,Hell Hole,,,,,,,
Atb,Circular Symetry,,,,,,,
Depeche Mode,Fly On The Windscreen-Final,0.4,0.6,0.8,0.6,0.4,0.2,0.4
The Weepies,All Good Things,,,,,,,
Depeche Mode,Home (Grantby Mix),,,,,,,
The Weepies,All That I Want,,,,,,,
Evanescence,The Last Day,,,,,,,
System F,Reaching Your Soul,,,,,,,
Mokoma,Tämän Maailman Ruhtinaan Hovi,,,,,,,
Atlas Sound,The Time I Spent With Nico (Loud),,,,,,,
Black Light Burns,Iodine Sky,0.6,0.8,0.4,0.4,0.8,0.2,0.4
Dragonette,Get Lucky,,,,,,,
The Radio Dept.,Lost And Found,,,,,,,
Miranda!,Enamorada,,,,,,,
Minutemen,Do You Want New Wave Or Do You Want The Truth?,,,,,,,
A Silver Mt. Zion,Could'Ve Moved Mountains...,,,,,,,
Minutemen,It'S Expected I'M Gone,,,,,,,
Minutemen,This Ain'T No Picnic,0.6,0.4,0.2,0.2,0.8,0.6,0.2
Black Lips,I'Ll Be With You,,,,,,,
The Warlocks,The Tangent,,,,,,,
God'S Bow,Intro,,,,,,,
God Is An Astronaut,Tempus Horizon,,,,,,,
God'S Bow,Hopefull Minds,,,,,,,
Klaus Nomi,Ding Dong,,,,,,,
Godsmack,I Am,,,,,,,
Ricardo Arjona,Mojado,,,,,,,
Evil Nine,Crooked,,,,,,,
The Apples In Stereo,Can You Feel It?,,,,,,,
Mirah,You'Ve Gone Away Enough,,,,,,,
Mokoma,Lujaa Tekoa,,,,,,,
The Radio Dept.,You And Me Then?,,,,,,,
The Weepies,Old Coyote,,,,,,,
The Weepies,Orbiting,,,,,,,
The Cribs,Things You Should Be Knowing,,,,,,,
Razor,Instant Death,,,,,,,
Richard Davis,Honest With You,,,,,,,
Kimya Dawson,My Mom,,,,,,,
King Creosote,All The 3'S,,,,,,,
King Crimson,Three Of A Perfect Pair,,,,,,,
Common,The People,,,,,,,
Vitalic,U And I,,,,,,,
Gojira,Embrace The World,,,,,,,
Gojira,Adoration For None,,,,,,,
George Harrison,Something,,,,,,,
Richard Hawley,The Ocean,,,,,,,
Richard Hawley,Coles Corner,,,,,,,
George Harrison,While My Guitar Gently Weeps,,,,,,,
Richard Hell & The Voidoids,I'M Your Man,,,,,,,
Richard O'Brien,Over At The Frankenstein Place,,,,,,,
Counting Crows,Have You Seen Me Lately?,,,,,,,
Richard Cheese,Down With The Sickness,,,,,,,
Kiss,I Want You,,,,,,,
Kiss,Domino,,,,,,,
Gojira,Lizard Skin,,,,,,,
The Album Leaf,The Mp,,,,,,,
Staffan Hellstrand,Fanfar,,,,,,,
Dope Stars Inc.,Bang Your Head,,,,,,,
Aqua Timez,Alones (Tv Size),,,,,,,
Vision Divine,Waiting For The Dawn,,,,,,,
Mokoma,Avoin Hauta,,,,,,,
Breaking Benjamin,The Diary Of Jane (Acoustic),,,,,,,
Moneybrother,Reconsider Me,,,,,,,
Abba,Voulez-Vous,,,,,,,
Moloko,Absent Minded Friends,,,,,,,
The White Stripes,Candy Cane Children,,,,,,,
Abba,On And On And On,,,,,,,
Gentle Touch,Smedby,,,,,,,
Faber Drive,Tongue Tied,,,,,,,
Fad Gadget,Back To Nature,,,,,,,
Abba,Summer Night City,,,,,,,
Shake My Hand,Rosey Fingers,,,,,,,
T. Rex,One Inch Rock,,,,,,,
Booka Shade,Sweet Lies,,,,,,,
T. Rex,Teenage Dream,,,,,,,
Sébastien Tellier,Le Long De La Rivière Tendre,,,,,,,
Denise Rosenthal,No Quiero Escuchar Tu Voz,,,,,,,
Moonspell,Love Crimes,,,,,,,
Sébastien Tellier,Look,,,,,,,
Sébastien Tellier,Pomme,,,,,,,
Sébastien Tellier,Slow Lynch,,,,,,,
Minus The Bear,Andy Wolff,,,,,,,
The Rosebuds,Silja Line,,,,,,,
The Warlocks,So Paranoid,,,,,,,
Goldmund,Door Of Our Home,,,,,,,
Abingdon Boys School,Fre@K $How,,,,,,,
Killing Joke,Multitudes,,,,,,,
Ólafur Arnalds,3055,,,,,,,
Björk,Pabbi Minn,,,,,,,
Killswitch Engage,Just Barely Breathing,,,,,,,
Killswitch Engage,Unbroken,,,,,,,
Killradio,Freedom?,,,,,,,
Ray Charles,(Night Time Is) The Right Time,,,,,,,
Andrés Calamaro,El Salmón,,,,,,,
Vive La Fête,Aventures Fictives,,,,,,,
Gomez,Here Comes The Breeze,,,,,,,
Vive La Fête,Mais,,,,,,,
Turisas,The Messenger,,,,,,,
Rasputina,Possum Of The Grotto,,,,,,,
Rasputina,When I Was A Young Girl,,,,,,,
Eurythmics,When Tomorrow Comes,,,,,,,
Eurythmics,Who'S That Girl,,,,,,,
Above & Beyond,Alone Tonight,,,,,,,
Kidneythieves,Serene Dream,,,,,,,
Morrissey,Disappointed,,,,,,,
Tracy Chapman,She'S Got Her Ticket,,,,,,,
T. Rex,Lean Woman Blues,,,,,,,
Dream Theater,Act I: Scene Two: Ii. Strange Déjà Vu,,,,,,,
The Clash,1-2 Crush On You,,,,,,,
Beastie Boys,All Lifestyles,,,,,,,
The Clash,Capital Radio One,,,,,,,
Rihanna,If It'S Lovin' That You Want,,,,,,,
Kid Dynamite,S.O.S.,,,,,,,
Morrissey,He Knows I'D Love To See Him,,,,,,,
Dashboard Confessional,Keep Watch For The Mines,,,,,,,
Unkle,Keys To The Kingdom,,,,,,,
Atmosphere,Wild Wild Horses,,,,,,,
Symphony X,The Damnation Game,,,,,,,
Stars,Write What You Know,,,,,,,
Gemma Hayes,Two Step,,,,,,,
Atmosphere,The Bass And The Movement,,,,,,,
Genesis,Dodo/Lurker,,,,,,,
Covenant,Invisible & Silent,,,,,,,
Rancor,Pau No Cu Da Mídia Corporativista,,,,,,,
Symphony X,Revelation (Divus Pennae Ex Tragoedia),0.8,0.8,0.2,0.6,0.6,0.2,0.4
Goodbooks,Alice,,,,,,,
Combichrist,Without Emotions,,,,,,,
Aborym,Disgust And Rage (Sic Transit Gloria Mundi),,,,,,,
Symphony X,The Bird-Serpent War-Cataclysm,,,,,,,
Aborym,Generator,,,,,,,
Goodbooks,Good Life Salesman,,,,,,,
Mindless Self Indulgence,Evening Wear,,,,,,,
Mindless Self Indulgence,Lights Out,,,,,,,
A Heartwell Ending,Memory,,,,,,,
Kylie Minogue,Secret (Take You Home),,,,,,,
Ministry,I Prefer,0.4,0.6,0.2,0.4,0.8,0.4,0.2
Georg Friedrich Händel,Bourrée,,,,,,,
Dream Theater,Trial Of Tears,,,,,,,
Mortal Love,Beautiful One,,,,,,,
At The Drive-In,Fahrenheit,,,,,,,
Ricky Martin,I Don'T Care (Feat. Fat Joe & Amerie),,,,,,,
Comando Nuclear,Batalhão Infernal,,,,,,,
Kult,Odnawianie Restauracji,,,,,,,
Ministry,Burning Inside,,,,,,,
Kurd Maverick,The Rub (I Never Rock),,,,,,,
Milosh,Your Taste,,,,,,,
Combichrist,Prince Of E-Ville,,,,,,,
Kwan,Tainted Love,,,,,,,
Gorillaz,Kids With Guns (Hot Chip Remix),,,,,,,
Ramones,What'S Your Game,,,,,,,
Ramones,Merry Christmas (I Don'T Want To Fight Tonight),,,,,,,
Andrew Lloyd Webber,All I Ask Of You,,,,,,,
Gorillaz,Ghosttrain,,,,,,,
Georg Friedrich Händel,Minuet,,,,,,,
Angus And Julia Stone,Private Lawns,,,,,,,
Dream Theater,Scarred,,,,,,,
Mors Principium Est,Into Illusion,,,,,,,
Khadja Nin,Sambolera Mayi Son,,,,,,,
Keyshia Cole,Momma,,,,,,,
Khoiba,Me And My Victory,,,,,,,
The Pussycat Dolls,Don'T Cha (Live),,,,,,,
Keyshia Cole,Never,,,,,,,
Evanescence,Ascension Of The Spirit,,,,,,,
Kettcar,Ausgetrunken,,,,,,,
Moshic,Nine Gates,,,,,,,
Ketil Bjørnstad,Days In Paris,,,,,,,
Volbeat,Guitar Gangsters & Cadillac Blood,,,,,,,
Ketil Bjørnstad,The Memory,,,,,,,
Timbuktu,Alla Vill Till Himmelen Men Ingen Vill Dö,,,,,,,
The Cinematic Orchestra,Work It! (Man With The Movie Camera),,,,,,,
Keyshia Cole,Shoulda Let You Go,,,,,,,
Keyshia Cole,Thought You Had My Back,,,,,,,
Ani Difranco,Hypnotized,,,,,,,
Motion City Soundtrack,Shiver,,,,,,,
Kyuss,Asteroid,,,,,,,
Keren Ann,On Est Loin,,,,,,,
Keren Ann,For You And I,,,,,,,
Moshic,Inside Doors,,,,,,,
The Psychedelic Furs,Imitation Of Christ,,,,,,,
Milosh,It'S Over,,,,,,,
Kylie Minogue,Better The Devil You Know,,,,,,,
Brian Eno & David Byrne,Moonlight In Glory,,,,,,,
Gemini Five,Sinners Parade,,,,,,,
Ani Difranco,Fire Door,,,,,,,
Rise Against,Dancing For Rain,,,,,,,
Tito & Tarantula,After Dark,,,,,,,
Gothminister,The Holy One,,,,,,,
The Cinematic Orchestra,Time And Space,,,,,,,
Ramones,Howling At The Moon (Sha-La-La),,,,,,,
Mos Def,Speed Law,,,,,,,
Tonossepia,Sex On The Beach Con La Simpática Gringa,,,,,,,
Unkle,Getting Ahead In The Lucrative Field Of Artist Management,,,,,,,
Moshic,Salamat,,,,,,,
Moshic,Those Good Old Days,,,,,,,
Moshic,El Brujo,,,,,,,
Miley Cyrus,Girls Just Wanna Have Fun,,,,,,,
L'Âme Immortelle,Phönix,,,,,,,
Bear Vs. Shark,Campfire,,,,,,,
Cradle Of Filth,Absinthe With Faust,,,,,,,
The Dandy Warhols,The Dandy Warhols' T.V. Theme Song,,,,,,,
Static-X,Otsegolation,,,,,,,
The Cinematic Orchestra,And Relax!,,,,,,,
Motörhead,Hellraiser,,,,,,,
The Prodigy,Their Law (Feat. Pop Will Eat Itself),,,,,,,
Grant Lee Buffalo,Rock Of Ages,,,,,,,
The Damned,Born To Kill,,,,,,,
The Damned,Love Song,,,,,,,
The Damned,Shadow Of Love,,,,,,,
Anders Ilar,Downhill,,,,,,,
Miles Davis,Milestones,,,,,,,
Тіна Кароль,Show Me Your Love (Ukraine),,,,,,,
The Cure,The Reasons Why,,,,,,,
Grandaddy,Fuck The Valley Fudge,,,,,,,
Motörhead,Bite The Bullet,,,,,,,
Motörhead,Be My Baby,,,,,,,
Ac/Dc,Breaking The Rules,,,,,,,
Ac/Dc,Come And Get It,,,,,,,
Kent,Bianca,,,,,,,
Ac/Dc,Big Gun,,,,,,,
Kent,Kevlarsjäl,,,,,,,
Motorcycle,As The Rush Comes (Exclusive Demo Mix),,,,,,,
The White Stripes,You'Re Pretty Good Looking,,,,,,,
Motion City Soundtrack,Better Open The Door,,,,,,,
Grand Alchemist,Psyche And A Flower To The New Lifetime,,,,,,,
Gran Bel Fisher,Bound By Love,,,,,,,
Voltaire,When You'Re Evil,,,,,,,
Beck,Truckdrivin Neighbors Downstairs (Yellow Sweat),,,,,,,
Sex Pistols,Did You No Wrong,,,,,,,
Apparat,Arcadia (Telefon Tel Aviv Remix),,,,,,,
Kelly Osbourne,Papa Don'T Preach,,,,,,,
Sex Pistols,I Wanna Be Me,,,,,,,
Kelly Clarkson,If I Can'T Have You,,,,,,,
Moulin Rouge,Your Song,,,,,,,
Motörhead,Tales Of Glory,,,,,,,
Motörhead,Devil I Know,,,,,,,
Don Johnson Big Band,No. 2 At The Hamburg Concept,,,,,,,
Cradle Of Filth,Gilded Cunt,,,,,,,
Rjd2,F.H.H.,,,,,,,
State Radio,Black Cab Motorcade,,,,,,,
Dark Tranquillity,Not Built To Last,,,,,,,
Bang Gang,Forward And Reverse,,,,,,,
Dark Tranquillity,Dobermann,,,,,,,
Apostle Of Hustle,¡Rafaga!,,,,,,,
Daughters Of Gaia,Ancient Mother,,,,,,,
Daughters Of Gaia,Rock The Goddess,,,,,,,
Shout Out Louds,100 Degrees,,,,,,,
Static-X,Skinnyman,,,,,,,
Dolores O'Riordan,Human Spirit,,,,,,,
Ac/Dc,Gone Shootin',,,,,,,
T.I.,Every Chance I Get,,,,,,,
Dolores O'Riordan,Loser,,,,,,,
Dredg,The Canyon Behind Her,,,,,,,
Spiritualized,Anyway That You Want Me,,,,,,,
Dredg,Brushstroke: Reprise,,,,,,,
Graveworm,Bloodwork,,,,,,,
The Dandy Warhols,All The Money Or The Simple Life Honey,,,,,,,
Mud,Lonely This Christmas,,,,,,,
Katy Perry,Lost,,,,,,,
Daughters Of Gaia,Lady Spin,,,,,,,
Craig Armstrong,Snow,,,,,,,
R.E.M.,King Of Birds,,,,,,,
Kc And The Sunshine Band,Get Down Tonight,,,,,,,
Kc And The Sunshine Band,Give It Up,,,,,,,
Mike Oldfield,In Dulci Jubilo,,,,,,,
Bright Eyes,You Will. You Will. You Will. You Will,,,,,,,
[Unknown],Pista 17,,,,,,,
Midnight Juggernauts,45 & Rising (Cut Copy Remix),,,,,,,
Midnight Juggernauts,45 And Rising (Cut Copy Remix),,,,,,,
Rob Thomas,Lonely No More (Acoustic),,,,,,,
Gary Numan,Conversation,,,,,,,
The Aislers Set,Through The Swells,,,,,,,
The Selecter,On My Radio,,,,,,,
La Oreja De Van Gogh,Perdida,0.6,0.6,0.6,0.8,0.2,0.4,0.6
Sia,Blow It All Away,,,,,,,
Kelly Clarkson,Anytime,,,,,,,
Apostle Of Hustle,Cheap Like Sebastien,,,,,,,
Bonnie Raitt,Spit Of Love,,,,,,,
The Sea And Cake,Too Strong,,,,,,,
The Dandy Warhols,Genius,,,,,,,
La Bionda,I Wanna Be Your Lover,,,,,,,
Great Northern,Just A Dream,,,,,,,
Radiohead,Good Morning Mr. Magpie,,,,,,,
The Dave Brubeck Quartet,Pick Up Sticks,,,,,,,
Demetri Martin,Sames And Opposites,,,,,,,
Drive-By Truckers,Danko/Manuel,,,,,,,
Tracy Chapman,Behind The Wall,,,,,,,
T.M.Revolution,Brigade,,,,,,,
Dogs Die In Hot Cars,Celebrity Sanctum,,,,,,,
Kate Havnevik,New Day,,,,,,,
Stephen Malkmus,Black Book,,,,,,,
Bishop Allen,Flight 180,,,,,,,
Kate Bush,Top Of The City,,,,,,,
Acda En De Munnik,Ren Lenny Ren,,,,,,,
Dave Matthews Band,Raven,,,,,,,
Lacuna Coil,Veins Of Glass,,,,,,,
Labradford,Wr,,,,,,,
Laakso,High Drama,,,,,,,
Ladyhawk,I Don'T Always Know What You'Re Saying,,,,,,,
Michael Nyman,Impromptu For 12 Fingers,,,,,,,
Lacuna Coil,In Visible Light,,,,,,,
Descendents,Myage,,,,,,,
Descendents,'Merican,,,,,,,
Brightblack Morning Light,Black Feather Wishes Rise,,,,,,,
Muchy,Wyścigi,,,,,,,
Grinderman,Love Bomb,0.4,0.8,0.4,0.2,1.0,0.4,0.2
R.E.M.,How The West Was Won And Where It Got Us,,,,,,,
Grizzly Bear,All We Ask,,,,,,,
Coldplay,Now My Feet Won'T Touch The Ground,,,,,,,
The Dandy Warhols,The Last High,,,,,,,
Wagon Christ,Tally Ho!,,,,,,,
Wagon Christ,Shimmering Haze,,,,,,,
Tim Hecker,Palimpsest Ii,,,,,,,
Bedouin Soundclash,St. Andrews,,,,,,,
Kathleen Edwards,Asking For Flowers,,,,,,,
Kathleen Edwards,The Cheapest Key,,,,,,,
キンヤ,Blaze (Tvサイズ),,,,,,,
Brightblack Morning Light,All We Have Broken Shines,,,,,,,
Muddy Waters,Got My Mojo Working,,,,,,,
The Walkmen,Dónde Está La Playa,,,,,,,
Before The Dawn,Hiding,,,,,,,
Ladytron,Discotrax,,,,,,,
Katatonia,Dancing December,,,,,,,
Sparklehorse,Morning Hollow,,,,,,,
Sparta,Rx Coup,,,,,,,
Dsl,Find Me In The World,,,,,,,
Rob Zombie,Return Of The Phantom Stranger,,,,,,,
Tiësto,In The Dark (Feat. Christian Burns),,,,,,,
Rob Zombie,Let It All Bleed Out,,,,,,,
Garden Of Eden,Álomkéz,,,,,,,
The Chemical Brothers,Loops Of Fury,,,,,,,
The Chemical Brothers,Left Right,,,,,,,
The Chemical Brothers,Midnight Madness,,,,,,,
Coldplay,Lovers In Japan (Osaka Sun Mix),,,,,,,
Mudvayne,Dig,,,,,,,
Syd Barrett,Waving My Arms In The Air,,,,,,,
Ladyhawke,Oh My,,,,,,,
Derrick Morgan,Forward March,,,,,,,
Derrick Morgan,The Hop,,,,,,,
Esg,Moody (Spaced Out),0.6,0.4,0.8,0.8,0.2,0.4,0.6
Seu Jorge,Changes,,,,,,,
Garbage,So Like A Rose,,,,,,,
The Afghan Whigs,When We Two Parted,,,,,,,
Espen Lind,Yum Yum Gimme Some,,,,,,,
Siam Shade,1/3 No Junjou Na Kanjouo,,,,,,,
Sick Terror,Massa Faminta,,,,,,,
Esg,Ufo,,,,,,,
Dave Edmunds,Let'S Talk About Us,,,,,,,
Espen Lind,American Love,0.6,0.6,0.8,0.8,0.2,0.4,0.6
Faith No More,She Loves Me Not,,,,,,,
Set Your Goals,Dead Men Tell No Tales,,,,,,,
Set Your Goals,This Song Is Definitely Not About A Girl,,,,,,,
Take That,Hold On,,,,,,,
Laika,Black Cat Bone,,,,,,,
Zz Top,Bad Girl,,,,,,,
The Dears,22: The Death Of All The Romance,,,,,,,
Ladytron,Weekend (James Iha Mix),,,,,,,
Michael Jackson,Ghosts,,,,,,,
Cold,Just Got Wicked,,,,,,,
Michael Jackson,Girlfriend,,,,,,,
Michael Bublé,Try A Little Tenderness,,,,,,,
Robbie Williams,Monsoon,,,,,,,
Uriah Heep,Easy Livin',,,,,,,
Robbie Williams,It Was A Very Good Year,,,,,,,
Coldplay,Have Yourself A Merry Little Christmas,,,,,,,
Coldplay,I Ran Away,,,,,,,
Murcof,Marmol,,,,,,,
Faithless,Flowerstand Man,,,,,,,
Anastacia,Heavy Rotation,,,,,,,
R.E.M.,Bittersweet Me,,,,,,,
Before The Dawn,Angel'S Tombstone,,,,,,,
Coldcut,This Island Earth,,,,,,,
Ladytron,Miss Black,,,,,,,
Dubioza Kolektiv,Bosnafaria,,,,,,,
Zz Top,Waitin' For The Bus,,,,,,,
Kate Bush,Blow Away (For Bill),,,,,,,
The Who,Sally Simpson,,,,,,,
Murs,Intro,,,,,,,
Kate Bush,Aerial,,,,,,,
The Who,Summertime Blues (Live),,,,,,,
Dntel,Pillowcase,,,,,,,
Kataklysm,The Resurrected,,,,,,,
Swollen Members,Pressure,,,,,,,
Gang Of Four,A Hole In The Wallet,,,,,,,
Sound Team,Movie Monster,,,,,,,
Guided By Voices,Blimps Go 90,,,,,,,
Walter Meego,Forever,,,,,,,
Queensrÿche,Speed Of Light,,,,,,,
Trackademicks,Trilogy (Trackademicks Remix) - Kelis,,,,,,,
Guided By Voices,(I Wanna Be A) Dumbcharger,,,,,,,
:Wumpscut:,Krolok,,,,,,,
Desireless,Voyage Voyage,,,,,,,
Stephen Malkmus And The Jicks,We Can'T Help You,,,,,,,
Atreyu,Right Side Of The Bed,,,,,,,
Do Make Say Think,When Day Chokes The Night,,,,,,,
Stephen Sondheim,The Contest,,,,,,,
Dntel,Why I'M So Unhappy,,,,,,,
Kanye West,Bring Me Down,,,,,,,
My Brightest Diamond,Apples,,,,,,,
My Bloody Valentine,She Loves You No Less,,,,,,,
The Willowz,Something,,,,,,,
Muse,Muscle Museum (Soulwax Remix),,,,,,,
Kanye West,Two Words,,,,,,,
My Bloody Valentine,Can I Touch You,,,,,,,
The Dears,Warm And Sunny Days,,,,,,,
Tv On The Radio,Freeway,,,,,,,
Gruff Rhys,The Court Of King Arthur,,,,,,,
Quiet Village,Pacific Rhythm,,,,,,,
Gruff Rhys,Gyrru Gyrru Gyrru,,,,,,,
Muse,Fury (Bonustrack For Japan),,,,,,,
Muscles,My Friend Richard,,,,,,,
Kaizers Orchestra,Delikatessen,,,,,,,
Kasabian,Heroes,,,,,,,
Britney Spears,When I Found You,,,,,,,
Britney Spears,Where Are You Now,,,,,,,
The Presets,Anywhere,,,,,,,
Kaki King,Doing The Wrong Thing,0.6,0.4,0.6,0.8,0.0,0.2,0.0
Kaki King,Second Brain,,,,,,,
Kalmah,Bitter Metallic Side,,,,,,,
Kaki King,Can Anyone Who Has Heard This Music Really Be A Bad Person?,,,,,,,
The Charlatans,You'Re Not Very Well,,,,,,,
:Wumpscut:,Jesus Antichristus (Edit),,,,,,,
Gang Starr,Tonz 'O' Gunz,,,,,,,
The Sins Of Thy Beloved,All Alone,,,,,,,
Lamb Of God,As The Palaces Burn,,,,,,,
Michael Andrews,Liquid Spear Waltz,,,,,,,
Dmitry Koldun,Work Your Magic,,,,,,,
Kalmah,With Terminal Intensity,0.6,0.8,0.0,0.2,1.0,0.4,0.2
Ada,Our Love Never Dies,,,,,,,
Kaki King,Air And Kilometers,,,,,,,
My Favorite Highway,Unaware,,,,,,,
Adam Ant,Antmusic,,,,,,,
My Favorite,Burning Hearts,,,,,,,
Astral Projection,Kabalah,,,,,,,
Soundgarden,Kickstand,,,,,,,
Guerre Froide,Demain Berlin,,,,,,,
Guided By Voices,Indian Fables,,,,,,,
Warlock,All We Are,,,,,,,
Britney Spears,My Only Wish (This Year),,,,,,,
Guided By Voices,Don'T Stop Now,,,,,,,
Zoot Woman,Half Full Of Happiness,,,,,,,
Serj Tankian,Empty Walls (Acoustic),0.6,0.8,0.4,0.6,0.6,0.4,0.2
Ada,Eve,,,,,,,
Zoot Woman,Losing Sight,,,,,,,
Fall Out Boy,My Heart Is The Worst Kind Of Weapon,,,,,,,
Switchfoot,I Dare You To Move,,,,,,,
Lao Che,1939 / Przed Burzą,,,,,,,
Justin Timberlake,Still On My Brain,,,,,,,
The Sisters Of Mercy,Detonation Boulevard,,,,,,,
The Sisters Of Mercy,Body And Soul,,,,,,,
Justin Timberlake,Pose,,,,,,,
Mystery Jets,Purple Prose,,,,,,,
Biosphere,Birds Fly By Flapping Their Wings,,,,,,,
Jóhann Jóhannsson,Melodia (I),,,,,,,
The Poppadoms,Only Do Good In The Things I Like,,,,,,,
Broadcast,Distorsion,,,,,,,
Stereophonics,I Stopped To Fill My Car Up,,,,,,,
Wax Poetic,Rootgroove,,,,,,,
Broadcast,Long Was The Year,,,,,,,
The Ark,Absolutely No Decorum,,,,,,,
Queen,Ride The Wild Wind,,,,,,,
Adam Green,C-Birds,,,,,,,
Adam Green,Bungee,,,,,,,
Soundgarden,I Awake,,,,,,,
Myslovitz,Scenariusz Dla Moich Sąsiadów,,,,,,,
Duran Duran,The Chauffeur,,,,,,,
Dave Matthews Band,Let You Down,,,,,,,
Tool,H,,,,,,,
Dusty Springfield,I Just Don'T Know What To Do With Myself,,,,,,,
Erroll Garner,Misty,,,,,,,
The Afghan Whigs,Debonair,,,,,,,
An Albatross,Electric Suits And Cowboy Boots,,,,,,,
Amy Winehouse,What Is It About Men,,,,,,,
Behemoth,Sculpting The Throne Ov Seth,,,,,,,
Behemoth,Slaying The Prophets Ov Isa,,,,,,,
Guster,Two Points For Honesty,,,,,,,
Gåte,Sjå Attende,,,,,,,
Gönül Akkor,Bir Gece Ansızın Gelebilirim,,,,,,,
Guster,Ruby Falls,,,,,,,
Gza/Genius,Cold World,,,,,,,
Guster,I Spy,,,,,,,
Mägo De Oz,Obertura Mdxx,,,,,,,
Gåte,Knut Liten Og Sylvelin,,,,,,,
Robots In Disguise,Argument,,,,,,,
Robots In Disguise,The Tears,,,,,,,
Just Jack,No Time,,,,,,,
Mötley Crüe,Treat Me Like The Dog I Am,,,,,,,
Mötley Crüe,Piece Of Your Action,,,,,,,
Gal Costa,A Felicidade,,,,,,,
Mew,Then I Run,,,,,,,
Mötley Crüe,Don'T Go Away Mad (Just Go Away),,,,,,,
Quasimoto,Return Of The Loop Digga,,,,,,,
Mägo De Oz,El Árbol De La Noche Triste,,,,,,,
Quasimoto,Basic Instinct,,,,,,,
:Wumpscut:,Christfuck,,,,,,,
Rocky Votolato,Makers,,,,,,,
Mägo De Oz,Celta,,,,,,,
Lapko,I Have A Name,,,,,,,
Be Your Own Pet,Let'S Get Sandy (Big Problem),,,,,,,
Mägo De Oz,El Santo Grial,,,,,,,
The Sisters Of Mercy,Marian,,,,,,,
Gustavo Cerati,Al Fin Sucede,,,,,,,
Waylon Jennings,Amanda,,,,,,,
Mägo De Oz,El Ángel Caído,,,,,,,
Nada Surf,Here Goes Something,0.6,0.6,0.4,0.8,0.4,0.4,0.6
Queen,Driven By You,,,,,,,
Guster,Rainy Day,,,,,,,
Roger Waters,Me Or Him,,,,,,,
Guster,All The Way Up To Heaven,,,,,,,
Nada Surf,Happy Kid,,,,,,,
Public Enemy,Show 'Em Whatcha Got,,,,,,,
The Pogues,I'M A Man You Don'T Meet Every Day,,,,,,,
The Pogues,The Old Main Drag,,,,,,,
The Pogues,Transmetropolitan,,,,,,,
Zenzile,Long Ride,,,,,,,
Deströyer 666,The Last Revelation,,,,,,,
Rogue Wave,Postage Stamp World,,,,,,,
Funeral Mist,Agnus Dei,,,,,,,
Ron Gelfer Feat. Tiger Lily,Your Beat Sounds Like (Rasmus Faber'S Deep Journey),,,,,,,
Rocky Votolato,Tinfoil Hats,,,,,,,
Rodrigo Y Gabriela,Diem,,,,,,,
Rodrigo Y Gabriela,Stairway To Heaven,,,,,,,
Roger Waters,Radio Waves,,,,,,,
Bronski Beat,Why?,,,,,,,
The Police,Tea In The Sahara,,,,,,,
Múm,Rhuubarbidoo,,,,,,,
Mötley Crüe,Starry Eyes,,,,,,,
ムック,Isho,,,,,,,
Deus,W.C.S. (First Draft),,,,,,,
Steve Earle,The Devil'S Right Hand,,,,,,,
Stereophonics,Soldiers Make Good Targets,,,,,,,
Junior Senior,Shake Your Coconuts,,,,,,,
N.E.R.D.,Happy,,,,,,,
N.E.R.D.,My Drive Thru,,,,,,,
Sophie Milman,Agua De Beber,,,,,,,
Sopor Aeternus & The Ensemble Of Shadows,Dead Souls,,,,,,,
Juno Reactor,Guardian Angel,,,,,,,
Bromheads Jacket,Woolley Bridge,,,,,,,
Soulfly,Arise Again,,,,,,,
The Charlatans,A Man Needs To Be Told,,,,,,,
The Charlatans,A Day For Letting Go,,,,,,,
Tomahawk,Point And Click,,,,,,,
Danny Elfman,Violet Beauregarde,,,,,,,
Seraphim Shock,Annabell,,,,,,,
Sepultura,Straighthate,,,,,,,
Arch Enemy,Kill With Power,,,,,,,
999,Emergency,,,,,,,
Deftones,Be Quiet And Drive (Far Away) (Acoustic),,,,,,,
ムック,Tsubasa O Kudasai,,,,,,,
Metricks,Bitter Than Higher,,,,,,,
The Sisters Of Mercy,Torch,,,,,,,
Bombay Bicycle Club,Sixteen,,,,,,,
8Mm,Liar,,,,,,,
The Chap,Surgery,,,,,,,
Nalin & Kane,Open Your Eyes,,,,,,,
Bomb The Music Industry!,25!!!,,,,,,,
The Delgados,The Light Before We Land,,,,,,,
Pulp,Ansaphone,,,,,,,
We Followed Tigers,The People From The Sky Said They'D Return.,,,,,,,
Haggard,Awaking The Centuries,,,,,,,
Psyopus,Play Some Skynyrd,,,,,,,
Junior Boys,Last Exit,,,,,,,
Psyopus,2,,,,,,,
Destruction,Invincible Force,,,,,,,
The Adicts,Lullaby,,,,,,,
David Archuleta,A Little Too Not Over You,,,,,,,
The Adicts,Straight Jacket,,,,,,,
The Adicts,Troubadour,,,,,,,
Julieta Venegas,Lento,,,,,,,
Hallucinogen,Snarling Black Mabel,,,,,,,
Adult.,Hand To Phone (Cordless Mix),,,,,,,
Creedence Clearwater Revival,Before You Accuse Me,,,,,,,
Danny Elfman,Veruca Salt,,,,,,,
Eric Prydz Vs. Floyd,Proper Education (Radio Edit),,,,,,,
E.S. Posthumus,Isfahan,0.0,0.0,0.0,0.0,0.0,0.0,0.0
Funeral For A Friend,Alvarez,,,,,,,
Black Stone Cherry,Lonely Train,,,,,,,
Bruce Springsteen,Mrs. Mcgrath,,,,,,,
The Chameleons,Pleasure And Pain,,,,,,,
Hallucinogen,Jiggle Of The Sphinx,,,,,,,
Bruce Springsteen,Jacob'S Ladder,,,,,,,
Erik Mongrain,Confusion #8,0.0,0.0,0.0,0.0,0.0,0.0,0.0
Erik Mongrain,Airtap!,,,,,,,
Silver Jews,Buckingham Rabbit,,,,,,,
Silver Jews,People,,,,,,,
Erik Mongrain,I Am Not,,,,,,,
Silent Circle,Touch In The Night,,,,,,,
Halou,The Ratio Of Freckles To Stars,,,,,,,
Halou,Everything Is Ok,,,,,,,
Natalie Imbruglia,On The Run,,,,,,,
Judas Priest,Defenders Of The Faith,,,,,,,
Judas Priest,Delivering The Goods,,,,,,,
Toxic Holocaust,Wild Dogs,,,,,,,
Billy Ocean,Caribbean Queen,,,,,,,
Assemblage 23,Naked (God Module Remix),,,,,,,
The Young Knives,Turn Tail,,,,,,,
Deftones,Battle-Axe,,,,,,,
Judas Priest,Prophecy,,,,,,,
Bruce Springsteen,Bobby Jean,,,,,,,
Cobra Starship,The Church Of Hot Addiction,0.6,0.6,0.4,0.4,0.8,0.6,0.6
Bruce Dickinson,The Alchemist,,,,,,,
Judas Priest,Dissident Aggressor,,,,,,,
Hall & Oates,Kiss On My List,,,,,,,
Hall & Oates,Sara Smile,,,,,,,
The Dillinger Escape Plan,Sugar Coated Sour,,,,,,,
The Dillinger Escape Plan,Highway Robbery,,,,,,,
The Devin Townsend Band,Vampolka,,,,,,,
Yves Larock,Rise Up (Club Mix),,,,,,,
Nathan Johnson With The Cinematic Underground,Emily'S Theme,,,,,,,
Bruce Springsteen,Sad Eyes,,,,,,,
Deus,Serpentine,0.6,0.6,0.6,0.8,0.4,0.4,0.4
Fugazi,Bed For The Scraping,,,,,,,
Rooney,Simply Because,,,,,,,
Fugazi,Forensic Scene,,,,,,,
Cro-Mags,Don'T Tread On Me,,,,,,,
Cro-Mags,It'S The Limit,,,,,,,
Bryan Adams,Cloud Number Nine,,,,,,,
Cock Robin,Only The Very Best,,,,,,,
Proem,Invisible For All,,,,,,,
Judas Priest,Between The Hammer & The Anvil,,,,,,,
Devendra Banhart,Happy Happy Oh,,,,,,,
Judas Priest,Desert Plains,,,,,,,
Dj Shog,Running Water,,,,,,,
Steve Miller Band,Jungle Love,,,,,,,
Fugazi,Smallpox Champion,,,,,,,
Tiger Lou,Patterns,0.6,0.6,0.4,0.8,0.2,0.4,0.6
Natalie Portman'S Shaved Head,Me + Yr Daughter,,,,,,,
Bruce Springsteen,Livin' In The Future,,,,,,,
Propellerheads,On Her Majesty'S Secret Service,,,,,,,
Natalie Portman'S Shaved Head,Holding Hands In The Shower,,,,,,,
Hammerfall,Dreams Come True,,,,,,,
Tiger Lou,Nixon,,,,,,,
Crossfade,Colors,,,,,,,
Wednesday 13,House By The Cemetery,,,,,,,
Aerosmith,Sick As A Dog,,,,,,,
Underworld,Pearls Girl,,,,,,,
The Orb,Toxygene,,,,,,,
The Orb,Delta Mk Ii,,,,,,,
Silverchair,Waiting All Day,,,,,,,
Meshuggah,Dehumanization,,,,,,,
Meryl Streep,The Winner Takes It All,,,,,,,
The Calling,Nothing'S Changed,,,,,,,
Crowded House,Four Seasons In One Day,,,,,,,
Crowded House,Pineapple Head,,,,,,,
Rotting Christ,Threnody,,,,,,,
Ann Lee,Two Times,,,,,,,
Nazareth,Hair Of The Dog,,,,,,,
Necrophagist,Ignominious And Pale,,,,,,,
Bryan Adams,(I Wanna Be) Your Underwear,,,,,,,
Bryan Adams,I'M Ready,,,,,,,
Deus,Sun Ra,,,,,,,
Metallica,2X4,,,,,,,
Joss Stone,Proper Nice,,,,,,,
Deftones,Crenshaw Punch/I'Ll Throw Rocks At You,,,,,,,
Eagles Of Death Metal,Keep Your Head Up,,,,,,,
Def Leppard,Let It Go,,,,,,,
Sonic Youth,Jc,,,,,,,
Earlimart,Happy Alone,,,,,,,
The Zombies,I Want Her She Wants Me,,,,,,,
Billy Joel,Scenes From An Italian Restaurant,,,,,,,
Tom Waits,Top Of The Hill,,,,,,,
Tom Waits,You Can Never Hold Back Spring,,,,,,,
The Babys,Kikoenai Uta,,,,,,,
Danny Elfman,Beautiful New World / Home Sweet Home,,,,,,,
The Offspring,No Hero,,,,,,,
Jordin Sparks & Chris Brown,No Air,,,,,,,
Buckethead & Friends,Three Fingers,,,,,,,
The Offspring,Special Delivery,,,,,,,
Leela James,Soul Food,,,,,,,
Mercenary,Bloodsong,,,,,,,
Mercenary,Firesoul,,,,,,,
Mercenary,Soul Decision,,,,,,,
The B-52'S,Hero Worship,,,,,,,
The Smashing Pumpkins,Untitled,,,,,,,
Danny Elfman,Kidnap The Sandy Claws,,,,,,,
Hank Williams Iii,What Did Love Ever Do To You,,,,,,,
Danny Elfman,Making Christmas,,,,,,,
Hank Williams Iii,Move It On Over,,,,,,,
Clueso,Chicago,,,,,,,
Josh Ritter,The Temptation Of Adam,,,,,,,
Josh Pyke,Forever Song,,,,,,,
Billy Joel,Don'T Ask Me Why,,,,,,,
Eric Benet & Faith Evans,Georgy Porgy,0.6,0.8,0.6,0.8,0.2,0.4,0.8
Led Zeppelin,Wearing And Tearing,,,,,,,
Joss Whedon & Christophe Beck,Walk Through The Fire,,,,,,,
Buckethead,Lone Sal Bug,,,,,,,
Joss Stone,Killing Time,,,,,,,
Underworld,Twist,,,,,,,
Cmx,Elokuun Kruunu,,,,,,,
The Distillers,I Am A Revenant,,,,,,,
Clutch,White'S Ferry,,,,,,,
Buddy Holly,True Love Ways,,,,,,,
The Offspring,Beheaded,,,,,,,
Aesop Rock,Oxygen,,,,,,,
Aesop Rock,Prosperity,,,,,,,
The Divine Comedy,National Express,,,,,,,
The Offspring,Come Out And Play (Keep 'Em Separated),,,,,,,
The Divine Comedy,Mother Dear,,,,,,,
Crystal Castles,Insecticon,,,,,,,
Roxy Music,India,,,,,,,
The Bug,Jah War (Feat. Flowdan),,,,,,,
Frozen Silence,Presence,,,,,,,
Roxette,The First Girl On The Moon,,,,,,,
Roxette,Neverending Love,,,,,,,
Frozen Silence,Sadness,,,,,,,
Asobi Seksu,Taiyo,,,,,,,
Asobi Seksu,Glacially,,,,,,,
Buddy Holly,Words Of Love,,,,,,,
Asobi Seksu,In The Sky,,,,,,,
Asobi Seksu,It'S Too Late,,,,,,,
Sonic Youth,Death Valley '69,,,,,,,
土屋アンナ,Rose,,,,,,,
50 Cent,Intro,,,,,,,
Lemon Jelly,'79 Aka The Shouty Track,,,,,,,
Josh Groban,To Where You Are,,,,,,,
Neil Young,After The Garden,,,,,,,
Earth,Left In The Desert,,,,,,,
Buckethead,The Bight Of Benin,,,,,,,
Townes Van Zandt,Rex'S Blues,,,,,,,
Townes Van Zandt,Snake Mountain Blues,,,,,,,
Babasónicos,Irresponsables,,,,,,,
Easyworld,Don'T Expect You To Notice,,,,,,,
Asp,Stile Der Nacht,,,,,,,
Babes In Toyland,Bruise Violet,,,,,,,
Amon Amarth,The Fate Of Norns,,,,,,,
Hanzel Und Gretyl,Number 1 In Deutschland,,,,,,,
Prince,Play In The Sunshine,,,,,,,
Prince,Pussy Control,,,,,,,
Hanson,Save Me,,,,,,,
Dj Shadow,(Letter From Home),,,,,,,
Megadriver,Mad Rager (Top Gear),,,,,,,
Roxy Music,Tara,,,,,,,
Roxy Music,Take A Chance With Me,,,,,,,
From First To Last,I Liked You Better Before You Were Naked On The Internet,,,,,,,
Hannah Montana,The Best Of Both Worlds,0.8,0.6,0.2,0.8,0.2,0.4,0.6
Hanne Hukkelberg,Ease,,,,,,,
From Ashes Rise,Reaction,,,,,,,
Crystal Kay,テレパシー,,,,,,,
Hanoi Rocks,Beating Gets Faster,,,,,,,
The Offspring,Neocon,,,,,,,
Hanne Hukkelberg,Balloon,,,,,,,
Sting,Desert Rose (Feat. Cheb Mami),,,,,,,
The Offspring,Never Gonna Find Me,,,,,,,
Stevie Ray Vaughan,Testify,,,,,,,
Tiga,Sunglasses At Night,,,,,,,
Cloud Cult,Everybody Here Is A Cloud,,,,,,,
Cloud Cult,The Ghost Inside Our House,,,,,,,
Cloud Cult,Pretty Voice,,,,,,,
Amon Amarth,Where Death Seems To Dwell,,,,,,,
Hans Zimmer,Hoist The Colours,,,,,,,
Amon Amarth,Where Is Your God?,,,,,,,
Sepultura,Dictatorshit,,,,,,,
Apocalyptica,Wherever I May Roam,,,,,,,
Apocalyptica,Path Vol. 2 (Feat. Sandra Nasic),,,,,,,
Fantômas,Twin Peaks: Fire Walk With Me,,,,,,,
Neurosis,The Eye Of Every Storm,,,,,,,
Nelly Furtado,Island Of Wonder,,,,,,,
Neon Neon,Michael Douglas,0.6,0.6,0.4,0.8,0.2,0.6,0.4
Megadeth,Psychotron,,,,,,,
Megadeth,Tears In A Vial,,,,,,,
Megadeth,Hook In Mouth,,,,,,,
Megadeth,Paranoid,,,,,,,
Culture Club,Miss Me Blind,,,,,,,
The Brides,Hi!,,,,,,,
Fantômas,Henry: Portrait Of A Serial Killer,,,,,,,
Apocalyptica,Toreador,,,,,,,
Billy Corgan,Sorrows (In Blue),,,,,,,
Silverstein,Fist Wrapped In Blood,,,,,,,
Underworld,Little Speaker,,,,,,,
The Notorious B.I.G.,Unbelievable,,,,,,,
Two Gallants,Las Cruces Jail,,,,,,,
Hard-Fi,We Need Love,,,,,,,
Cloud Cult,Intro,,,,,,,
Easyworld,Enjoy The Silence,,,,,,,
Cloud Cult,Journey Of The Featherless,,,,,,,
Amon Amarth,Free Will Sacrifice,,,,,,,
Cloud Cult,Brain Gateway,,,,,,,
Happy Rhodes,100 Years,,,,,,,
Happy Mondays,Donovan,,,,,,,
Billy Bragg & Wilco,Way Over Yonder In The Minor Key,,,,,,,
Prefab Sprout,When Love Breaks Down,,,,,,,
Prefab Sprout,The King Of Rock 'N' Roll,,,,,,,
Prefuse 73,Detchibe,,,,,,,
Hawthorne Heights,Light Sleeper,,,,,,,
Belly,Angel,0.6,0.6,0.8,0.8,0.4,0.2,0.6
The Nightwatchman,Flesh Shapes The Day,,,,,,,
Portishead,Sheared Box,,,,,,,
The Sonics,Strychnine,,,,,,,
The 69 Eyes,No Hesitation,,,,,,,
Mediengruppe Telekommander,Trend,,,,,,,
Au Revoir Simone,Through The Backyards,,,,,,,
Medeski Martin And Wood,Where'S Sly?,,,,,,,
Stone,No Commands,,,,,,,
Nevermore,Create The Infinite,,,,,,,
Built To Spill,Fly Around My Pretty Little Miss,,,,,,,
Echo & The Bunnymen,Clay,,,,,,,
Hauschka,Heimat,,,,,,,
Archive,So Few Words,,,,,,,
Silvio Rodríguez,Debo Partirme En Dos,,,,,,,
Jolie Holland,You'Re Not Satisfied,,,,,,,
Megadeth,Play For Blood,,,,,,,
Hawkwind,Angels Of Death,,,,,,,
Ween,I'Ll Be Your Johnny On The Spot,,,,,,,
Ween,Push Th' Little Daisies,,,,,,,
Amerie,Some Like It,0.8,0.6,0.6,0.8,0.2,0.2,0.6
Primal Scream,Shoot Speed/Kill Light,,,,,,,
David Bowie,I Would Be Your Slave,,,,,,,
Simon & Garfunkel,Scarborough Fair,,,,,,,
Underworld,Best Mamgu Ever,,,,,,,
Architecture In Helsinki,Do The Whirlwind (Hot Chip Remix),,,,,,,
Sondre Lerche,She'S Fantastic,,,,,,,
Echo & The Bunnymen,Nocturnal Me,,,,,,,
The New Brubeck Quartet,Blue Rondo A La Turk,,,,,,,
New Order,Ecstasy,,,,,,,
Bullet For My Valentine,10 Years Today,,,,,,,
Johnny Cash,Mary Of The Wild Moor,,,,,,,
New Order,Elegia,,,,,,,
New Order,Every Little Counts,,,,,,,
New Order,All The Way,,,,,,,
New Order,Bizarre Love Triangle (Shep Pettibone Extended Remix),,,,,,,
Ed Harcourt,Ghost Writer,,,,,,,
Son Volt,Underground Dream,,,,,,,
Townes Van Zandt,Dollar Bill Blues,,,,,,,
Sonata Arctica,I Want Out,,,,,,,
Sonata Arctica,Blank File,,,,,,,
Sonata Arctica,My Selene,,,,,,,
Sonata Arctica,Fade To Black,,,,,,,
Bullet For My Valentine,Just Another Star,,,,,,,
The Brian Jonestown Massacre,Prozac Vs. Heroin,,,,,,,
Letters To Cleo,Fast Way,,,,,,,
Frightened Rabbit,Behave!,,,,,,,
Les Rythmes Digitales,Jacques Your Body (Make Me Sweat),,,,,,,
Meat Loaf,Heaven Can Wait,,,,,,,
Meat Loaf,Out Of The Frying Pan (And Into The Fire),,,,,,,
Sondre Lerche,Europa And The Pirate Twins (Bonus Track),,,,,,,
Enya,The Memory Of Trees,,,,,,,
Deepest Blue,Late September,,,,,,,
Epica,Sancta Terra,,,,,,,
American Nightmare,Farewell,,,,,,,
Rufus Wainwright,In My Arms,,,,,,,
Frida Sandén,Nu Eller Aldrig (Karaoke Version),,,,,,,
Built To Spill,Kicked It In The Sun,,,,,,,
The New Pornographers,The Mary Martin Show,,,,,,,
Levellers,What A Beautiful Day,,,,,,,
Rufus Wainwright,Crumb By Crumb,,,,,,,
Nick Cave & The Bad Seeds,Cannibal'S Hymn,,,,,,,
The National,Cherry Tree,,,,,,,
Heaven 17,Let'S All Make A Bomb,,,,,,,
Torche,Fire,,,,,,,
Entwine,New Dawn,,,,,,,
Torche,Mentor,,,,,,,
Enya,Drifting,,,,,,,
Cursive,The Sunks,,,,,,,
Freemasons,Love On My Mind,,,,,,,
Ruoska,Taivas Palaa,,,,,,,
Ruoska,Viiden Tähden Helvetti,,,,,,,
Venetian Snares,Einstein-Rosen Bridge,,,,,,,
The Brian Jonestown Massacre,Hyperventilation,,,,,,,
Head Automatica,Oxy Contin,,,,,,,
Ruki Na Odeyalo,Son,,,,,,,
Headland,Space Invader Dream,,,,,,,
Mclusky,The World Loves Us And Is Our Bitch,,,,,,,
Clipse,Trill,,,,,,,
Thee More Shallows,2 Am,,,,,,,
The Soundtrack Of Our Lives,Bigtime,,,,,,,
The Soviettes,¡Paranoia Cha Cha Cha!,,,,,,,
Lianne Hall,Running Out,,,,,,,
Lianne Hall,Want You Alive,,,,,,,
After Forever,Strong,,,,,,,
Tiesto Feat Jes,Everything,,,,,,,
Young And Sexy,Herculean Bellboy,,,,,,,
Billie The Vision & The Dancers,I'M Pablo,,,,,,,
Belleruche,Northern Girls,,,,,,,
Head Automatica,Curious,,,,,,,
Porn Sword Tobacco,Comme-Il-Faut (6 År),,,,,,,
Port-Royal,Bahnhof Zoo,,,,,,,
Client,Pornography,,,,,,,
Client,Lights Go Out,,,,,,,
Weird Al Yankovic,Virus Alert,,,,,,,
Weiß,Velvet Underworld,,,,,,,
The Duke Spirit,Dark Is Light Enough,,,,,,,
The Duke Spirit,Souvenir,,,,,,,
Yo La Tengo,Upside-Down,,,,,,,
Poe,Haunted,,,,,,,
The Band,Rockin' Chair,,,,,,,
The Band,Long Black Veil,,,,,,,
Daniel Powter,Lost On The Stoop,,,,,,,
September,Candy Love,,,,,,,
September,La La La (Never Give It Up),,,,,,,
Apocalyptica,Betrayal/Forgiveness,,,,,,,
Sentenced,Ode To The End,,,,,,,
Ed Harcourt,Those Crimson Tears,,,,,,,
Liekki,Korppi,,,,,,,
Nick Cave,I'M Your Man,,,,,,,
Liekki,Pienokainen,,,,,,,
Swallow The Sun,Hold This Woe,,,,,,,
Avril Lavigne,My World,,,,,,,
Swallow The Sun,Hope,,,,,,,
Story Of The Year,Five Against The World,,,,,,,
Trivium,Suffocating Sight,,,,,,,
Entwine,Six Feet Down Below,,,,,,,
The Music,I Need Love,,,,,,,
Clint Mansell,Fall: Cleaning Apartment,,,,,,,
Clinic,Memories,,,,,,,
The Music,Vision,,,,,,,
Pony Up,Marlon Brando'S Laundromat,,,,,,,
Poisonblack,The Living Dead,,,,,,,
Nick Cave & The Bad Seeds,Lay Me Low,,,,,,,
Something Corporate,The Runaway,,,,,,,
Asia,Who Will Stop The Rain,,,,,,,
Talking Heads,Who Is It?,,,,,,,
Edan,I See Colours,,,,,,,
Ed Harcourt,Loneliness,,,,,,,
Ed Harcourt,The Storm Is Coming,,,,,,,
Edan,Fumbling Over Words That Rhyme,,,,,,,
Billie Holiday,Body And Soul,,,,,,,
John Maus,Pure Rockets,,,,,,,
Bush,Distant Voices,,,,,,,
Nickel Creek,Spit On A Stranger,,,,,,,
Nickel Creek,Smoothie Song,,,,,,,
Against Me!,Untitled,,,,,,,
Against Me!,Even At Our Worst We'Re Still Better Than Most (The Roller),,,,,,,
Nick Lowe,So It Goes,,,,,,,
4 Strings,Sunrise,,,,,,,
Towers Of London,Kill The Pop Scene,,,,,,,
Mazarin,Louise,,,,,,,
Lifehouse,Storm,,,,,,,
Lifehouse,The Joke,,,,,,,
大谷幸,Prologue ~To The Ancient Land~,0.0,0.0,0.0,0.0,0.0,0.0,0.0
Lightning Bolt,13 Monsters,,,,,,,
Lifehouse,Make Me Over,,,,,,,
Maxïmo Park,Wasteland,,,,,,,
Yo La Tengo,Watch Out For Me Ronnie,,,,,,,
Sentenced,The Rain Comes Falling Down,,,,,,,
Sentenced,Shadegrown,,,,,,,
Faster Pussycat,Little Dove,,,,,,,
Mc5,Ramblin' Rose,,,,,,,
The Breeders,Regalame Esta Noche,,,,,,,
Entwine,Break Me,,,,,,,
The Spinners,I'Ll Be Around,,,,,,,
Mazzy Star,Free,,,,,,,
Entwine,Chameleon Halo,,,,,,,
Entwine,Closer (My Love),,,,,,,
Tyler Bates,To Victory,,,,,,,
Sinéad O'Connor,Black Boys On Mopeds,,,,,,,
Tyler Bates,Fever Dream,0.6,0.8,0.6,0.8,0.4,0.2,0.6
Solange,I Decided (Freemasons Radio Edit),,,,,,,
Bill Withers,Grandma'S Hands,,,,,,,
The Moody Blues,Night In White Satin,,,,,,,
Battlelore,Storm Of The Blades,,,,,,,
The Breeders,Istanbul,,,,,,,
Edit,Ashtray,,,,,,,
Soko,Shitty Day,,,,,,,
Pleasant Grove,Wide Open,,,,,,,
Bush,Synapse,,,,,,,
Badly Drawn Boy,The Time Of Times,,,,,,,
宇多田ヒカル,Dareka No Negai Ga Kanau Koro,,,,,,,
Pleasant Grove,Reset The Code,0.6,0.6,0.8,0.8,0.4,0.4,0.6
Lightspeed Champion,I Could Have Done This Myself,,,,,,,
The Breeders,Doe,,,,,,,
Rush,Malignant Narcissism,,,,,,,
Rush,Between Sun & Moon,,,,,,,
Rush,Hand Over Fist,,,,,,,
Rush,Bravado,,,,,,,
Helloween,Dr. Stein,,,,,,,
Bush,Inflatable,,,,,,,
Hella,Republic Of Rough And Ready,,,,,,,
The Mountain Goats,How To Embrace A Swamp Creature,,,,,,,
Françoise Hardy,Ça A Raté,0.8,0.6,0.8,1.0,0.0,0.4,0.4
The Duke Spirit,Sovereign,,,,,,,
John Mayer,Come Back To Bed,,,,,,,
The Duskfall,Source,,,,,,,
Against Me!,Untitled 2,,,,,,,
Velvet Revolver,For A Brother,,,,,,,
Françoise Hardy,Ton Meilleur Ami,,,,,,,
The Moldy Peaches,Greyhound Bus,,,,,,,
Ryan Adams,Avalanche,,,,,,,
Bülent Ortaçgil,Bu İş Çok Zor Yonca,,,,,,,
The Moldy Peaches,The Ballad Of Helen Keller & Rip Van Winkle,,,,,,,
Nicole Atkins,Together We'Re Both Alone,,,,,,,
Strapping Young Lad,Landscape,,,,,,,
Bob Dylan,Outlaw Blues,,,,,,,
Strapping Young Lad,Aaa,,,,,,,
Franz Ferdinand,What You Waiting For?,,,,,,,
Cut Off Your Hands,Still Fond,,,,,,,
The Bravery,Bad Sun,,,,,,,
Ryan Adams,Shakedown On 9Th Street,,,,,,,
Cute Is What We Aim For,Curse Of The Curves,,,,,,,
Deep Forest,Hunting,,,,,,,
Something Corporate,I Kissed A Drunk Girl,,,,,,,
Editors,Dust In The Sunlight,,,,,,,
Deep Dish,Swallow Me,,,,,,,
Deep Forest,Sweet Lullaby (Nature'S Dancin' Mix),,,,,,,
Devo,Come Back Jonee,,,,,,,
Trivium,Departure,,,,,,,
Therapy?,Unbeliever,,,,,,,
Avril Lavigne,Contagious,,,,,,,
Butthole Surfers,Sweat Loaf,,,,,,,
Buzzcocks,You Tear Me Up,,,,,,,
Buzzcocks,Why Can'T I Touch It,,,,,,,
John Lennon,Give Me Some Truth,,,,,,,
Yo La Tengo,Superstar-Watcher,,,,,,,
Buzzcocks,Sixteen,,,,,,,
Amanda Palmer,Guitar Hero,,,,,,,
John Lennon,Remember,,,,,,,
Wham!,Careless Whisper,,,,,,,
Wham!,Wake Me Up Before You Go Go,,,,,,,
What Made Milwaukee Famous,Cheap Wine,,,,,,,
The End,Throwing Stones,,,,,,,
The End,My Abyss,,,,,,,
The End,The Never Ever Aftermath,,,,,,,
Clann Zú,Words For Snow,,,,,,,
Bob Dylan,Make You Feel My Love,,,,,,,
The Be Good Tanyas,The Junkie Song,,,,,,,
The Be Good Tanyas,Waiting Around To Die,,,,,,,
Ryan Adams,I See Monsters,,,,,,,
Café Del Mar,Feel Good,,,,,,,
The Mary Onettes,Pleasure Songs,,,,,,,
Nicole Scherzinger,Whatever U Like,,,,,,,
Cachorro Grande,Dia Perfeito,,,,,,,
Ryan Adams,Anybody Wanna Take Me Home,,,,,,,
Ryan Adams,Dear Chicago,,,,,,,
Nicolle Chirino,Perfectly Perfect,,,,,,,
36 Crazyfists,At The End Of August,,,,,,,
Freak Kitchen,Raw,,,,,,,
Nicole Atkins,War Torn,,,,,,,
Matthew Good,Near Fantastica,,,,,,,
The 69 Eyes,Hot Butterfly,,,,,,,
Helloween,We Burn,,,,,,,
Helloween,Invitation,,,,,,,
The Early November,Take Time And Find,,,,,,,
The Early November,Decoration,,,,,,,
Ben Folds,Not The Same (Northampton Ma 6/7/02 Calvin Theatre),,,,,,,
Herbie Hancock,Maiden Voyage,,,,,,,
Taylor Swift,Love Story (Digital Dog Edit),,,,,,,
Death In Vegas,Killing Smile,,,,,,,
Tatjana,Santa Maria (Wah-Hey Mix),,,,,,,
Cake,Jesus Wrote A Blank Check,,,,,,,
Soil,Suffering,,,,,,,
Soil,Something Real,,,,,,,
Devotchka,Venus In Furs,,,,,,,
Siouxsie And The Banshees,Stargazer,,,,,,,
Siouxsie And The Banshees,The Staircase (Mystery),,,,,,,
Dixie Chicks,Baby Hold On,,,,,,,
Devotchka,Dearly Departed,,,,,,,
Mates Of State,These Days,,,,,,,
Matt & Kim,It'S A Fact (Printed Stained),,,,,,,
Bob Dylan,Black Crow Blues,,,,,,,
Matt & Kim,Dash After Dash,0.6,0.4,0.4,0.6,0.2,0.6,0.6
Matt Costa,Wash Away,,,,,,,
Tarja Turunen,Die Alive,,,,,,,
Deep Dish,Awake Enough,,,,,,,
Nightwish,A Return To The Sea,,,,,,,
Tarja Turunen,Boy And The Ghost,,,,,,,
Aghora,Satya,,,,,,,
Nightmare Of You,Marry Me,,,,,,,
John Foxx,Metal Beat,,,,,,,
Clann Zú,Hope This Day,,,,,,,
Lily Chou-Chou,Arabesque,,,,,,,
Amadou & Mariam,La Paix,,,,,,,
Placebo,Every You Every Me (Live),,,,,,,
John Frusciante,Falling,,,,,,,
John Frusciante,Interior Two,,,,,,,
Nightmares On Wax,Fire In The Middle,,,,,,,
Nightmares On Wax,Soul Purpose,,,,,,,
Nightmares On Wax,Soul-Ho,,,,,,,
Nile,Dusk Falls Upon The Temple Of The Serpent On The Mount Of Sunrise,,,,,,,
Nile,Unas Slayer Of The Gods,,,,,,,
The Mamas & The Papas,Go Where You Wanna Go,,,,,,,
Calexico,Pepita,,,,,,,
Calexico,Attack El Robot! Attack!,,,,,,,
Agonoize,Die For Blood,,,,,,,
The Stills,Oh Shoplifter,,,,,,,
Nightwish,She Is My Sin (Live),,,,,,,
Ryan Adams,The Shadowlands,,,,,,,
Agonoize,Eternal Darkness,,,,,,,
Annihilator,W.T.Y.D.,,,,,,,
Frank Zappa,Watermelon In Easter Hay,,,,,,,
Mates Of State,Separate The People,,,,,,,
Ryan Adams & The Cardinals,Sweet Illusions,,,,,,,
Sussie 4,El Rey Del Biutiful,,,,,,,
Sussie 4,Solo Voy,,,,,,,
Hey,Z Rejestru Strasznych Snów,,,,,,,
City And Colour,In The Water I Am Beautiful,,,,,,,
City And Colour,Waiting...,,,,,,,
Whigfield,Saturday Night,,,,,,,
John Coltrane,Syeeda'S Song Flute,,,,,,,
Limp Bizkit,The Truth,,,,,,,
Blackmore'S Night,Written In The Stars,,,,,,,
The Verve,All In The Mind,,,,,,,
The Mars Volta,Cygnus... Vismund Cygnus,,,,,,,
The Mars Volta,Cassandra Gemini,,,,,,,
Cake,World Of Two,,,,,,,
Nightwish,Higher Than Hope,,,,,,,
Cake,Walk On By,,,,,,,
Cake,Guitar,,,,,,,
Cky,Sporadic Movement,,,,,,,
John Cameron Mitchell,Wig In A Box,,,,,,,
Nine Black Alps,Headlights,,,,,,,
Nina Simone,The Other Woman,,,,,,,
Enigma,Silence Must Be Heard,0.6,0.8,0.8,1.0,0.0,0.2,0.6
Nine Black Alps,Just Friends,,,,,,,
Badly Drawn Boy,Epitaph,,,,,,,
Enigma,Sitting On The Moon,,,,,,,
Saalschutz,Mein Pop Dein Pop,,,,,,,
Enigma,Hello And Welcome,,,,,,,
S.H.E,天灰,,,,,,,
The 69 Eyes,All-American Dream,0.4,0.8,0.2,0.6,0.8,0.2,0.6
The Books,None But Shining Hours,,,,,,,
The Books,Vogt Dig For Kloppervok,,,,,,,
Cynic,Uroboric Forms,,,,,,,
Linkin Park,Frgt10,,,,,,,
Matchbox Twenty,3Am,,,,,,,
Pixies,Weird At My School,,,,,,,
Matchbox Twenty,Disease (Acoustic),,,,,,,
The Exploding Hearts,I'M A Pretender,,,,,,,
White Willow,The Book Of Love,,,,,,,
Strike Anywhere,Laughter In A Police State,,,,,,,
The Exploding Hearts,Thorns In Roses,,,,,,,
Uverworld,Gekidou (Tv Size),,,,,,,
Basshunter,Strand Tylösand,,,,,,,
Vector Lovers,Girl + Robot,,,,,,,
Type O Negative,Machine Screw,,,,,,,
Eiffel 65,Move Your Body,,,,,,,
Efterklang,Monopolist,,,,,,,
Type O Negative,Pyretta Blaze,,,,,,,
Sohodolls,Trash The Rental (Crystal Castles Remix),,,,,,,
Calla,Fear Of Fireflies,,,,,,,
Einstürzende Neubauten,Letztes Biest (Am Himmel),,,,,,,
Death Cab For Cutie,Underwater!,,,,,,,
The Magnetic Fields,Mr. Mistletoe,,,,,,,
Einstürzende Neubauten,Ich Hatte Ein Wort,,,,,,,
Camel,Never Let Go,,,,,,,
Circa Survive,Mandala,,,,,,,
Circa Survive,We'Re All Thieves,,,,,,,
Camel,Sanctuary,,,,,,,
Basshunter,Hallå Där,,,,,,,
High Tension Wires,Clear Is Coast,,,,,,,
Vaya Con Dios,What'S A Woman,,,,,,,
Frank Sinatra,Moon River,,,,,,,
High School Musical Cast,Work This Out,,,,,,,
The Beatles,Bad Boy,,,,,,,
Aphex Twin,[Weathered Stone],,,,,,,
Joe Satriani,Up In The Sky,,,,,,,
Joe Satriani,Starry Night,,,,,,,
Calloways,Kalamazoo,,,,,,,
The Stills,Yesterday Never Tomorrows,,,,,,,
Seether,Gasoline,,,,,,,
Fatboy Slim,Mad Flava,,,,,,,
Faust,Just A Second (Starts Like That!) / Picnic On A Frozen River / Deuxieme Tableux,,,,,,,
Mat Kearney,Undeniable,,,,,,,
Matanza,Bom É Quando Faz Mal,,,,,,,
Linkin Park,Pts.Of.Athrty (Jay Gordon),,,,,,,
The Magic Numbers,All I See,0.6,0.6,0.6,0.8,0.2,0.4,0.8
Yellowcard,Three Flights Up,,,,,,,
3 Doors Down,Sarah Yellin',,,,,,,
Chłopcy Z Placu Broni,Kocham Cię,,,,,,,
Yellowcard,Gifts And Curses,,,,,,,
Joe Gibbs,African Dub Chapter Three,,,,,,,
The Fall,Totally Wired,,,,,,,
Joe Satriani,Cryin',,,,,,,
Nine Inch Nails,Closer (Precursor),,,,,,,
Little Dragon,Turn Left,,,,,,,
Little Dragon,Forever,,,,,,,
Social Distortion,Highway 101,,,,,,,
Dispatch,Past The Falls,,,,,,,
Babyshambles,Gang Of Gin,,,,,,,
Seeed,Music Monks,,,,,,,
Stéphane Pompougnac,Better Days (Feat. Varano & Tiger Lily),,,,,,,
Massacre,La Octava Maravilla,,,,,,,
Little Birdy,Come On Come On,,,,,,,
Masta Ace,Good Ol' Love,,,,,,,
Lionel Richie,All Night Long,,,,,,,
Masta Killa,D.T.D,,,,,,,
Him,You Are The One,,,,,,,
Alter Bridge,In Loving Memory,,,,,,,
Lisa Lisa & Cult Jam,Can You Feel The Beat (Feat. Full Force),,,,,,,
Whitesnake,Medicine Man,,,,,,,
Pink Floyd,Up The Khyber,,,,,,,
Massive Attack,I Want You,,,,,,,
The Velvet Underground,Temptation Inside Your Heart,0.6,0.4,0.4,0.4,0.6,0.6,0.6
Cibo Matto,Birthday Cake,0.6,0.4,0.8,0.4,0.6,0.6,0.6
Chuck Berry,Too Much Monkey Business,,,,,,,
Hinda Hicks,You Think You Own Me,,,,,,,
Whitesnake,Don'T Turn Away,0.8,1.0,0.4,0.6,0.8,0.2,0.6
Hird,Buddy Rich,,,,,,,
Camel,The Snow Goose,,,,,,,
High Tension Wires,Gillette Napoleon,,,,,,,
The Fall,Prole Art Threat,,,,,,,
Yello,Oh Yeah 'Oh Six (Booka Shade Remix),,,,,,,
Pink Martini,Song Of The Black Swan,,,,,,,
Seeed,Jackpot Girl,,,,,,,
Aimee Mann,Today'S The Day,,,,,,,
Pink Mountaintops,New Drug Queens,,,,,,,
Yeah Yeah Yeahs,Skeletons (Acoustic),,,,,,,
Hird,Fading Blues,,,,,,,
Engenheiros Do Hawaii,O Exército De Um Homem Só,,,,,,,
The 5Th Dimension,(Last Night) I Didn'T Get To Sleep At All,,,,,,,
En Vogue,My Lovin' (You'Re Never Gonna Get It),,,,,,,
Pink Floyd,Master Of Ceremonies,,,,,,,
Skindred,Roots Rock Riot,,,,,,,
Sage Francis,Lie Detector Test,,,,,,,
Sage Francis,Midgets And Giants,,,,,,,
Sage Francis,Smoke And Mirrors,,,,,,,
Sage Francis,Sun Vs. Moon,,,,,,,
Saint Etienne,He'S On The Phone (Radio Edit),,,,,,,
Basshunter,All I Ever Wanted,,,,,,,
Live,Overcome,,,,,,,
Frank Sinatra,Luck Be A Lady,,,,,,,
Aimee Mann,Satellite,,,,,,,
Nits,A Touch Of Henry Moore,,,,,,,
Nirvana,Stain,,,,,,,
The Lucksmiths,Camera-Shy,,,,,,,
Camera Obscura,My Maudlin Career,,,,,,,
Disturbed,Haunted,,,,,,,
Diablo,The Art Of Self-Destruction,,,,,,,
Diablo,Light Of The End,,,,,,,
Social Distortion,I Was Wrong,,,,,,,
Social Distortion,Dear Lover,,,,,,,
Social Distortion,Prison Bound,,,,,,,
Soda Stereo,Angel Eléctrico,,,,,,,
Snow Patrol Feat. Martha Wainwright,Set The Fire To The Third Bar,,,,,,,
Snowden,Like Bullets,,,,,,,
Camera Obscura,The Sweetest Thing,,,,,,,
2Pac,Skandalouz,,,,,,,
Camera Obscura,You Told A Lie,,,,,,,
Seeed,Waterpumpee,,,,,,,
Faust,Munic/Yesterday,,,,,,,
Cannibal Corpse,I Will Kill You,0.2,0.8,0.0,0.0,1.0,0.2,0.0
Cannibal Corpse,Entrails Ripped From A Virgin'S Cunt,,,,,,,
Snowden,Black Eyes (Le Castle Vania Remix),,,,,,,
El Ten Eleven,Central Nervous Piston,,,,,,,
Maserati,Ambassador Of Cinema,,,,,,,
Elbow,Can'T Stop,,,,,,,
Boards Of Canada,Finity,,,,,,,
植松伸夫,Encounter,,,,,,,
Mary J. Blige,Good Woman Down,,,,,,,
植松伸夫,Prelude,,,,,,,
Blancmange,Blind Vision,,,,,,,
Marvin May,I Want You,,,,,,,
Nofx,The Cause,,,,,,,
Candlemass,At The Gallows End,0.6,0.8,0.2,0.6,0.6,0.4,0.6
Jimi Hendrix,Changes,,,,,,,
Noir Désir,Des Visages Des Figures,,,,,,,
No Doubt,World Go 'Round,,,,,,,
Yeah Yeah Yeahs,Cheated Hearts (Peaches Remix),,,,,,,
Air,Kelly Watch The Stars (Edit),,,,,,,
Little Man Tate,Man I Hate Your Band,,,,,,,
Engenheiros Do Hawaii,Armas Químicas E Poemas,,,,,,,
Engenheiros Do Hawaii,O Papa É Pop,,,,,,,
Jimmy Eat World,Rockstar,,,,,,,
Télépopmusik,Another Day,,,,,,,
Pinback,Bbtone,,,,,,,
Ben Kweller,Red Eye,,,,,,,
Canned Heat,Let'S Work Together,,,,,,,
Jim Sturgess & Joe Anderson,With A Little Help From My Friends,,,,,,,
Superpitcher,Sad Boys,,,,,,,
Supersuckers,Bubblegum And Beer,,,,,,,
Jill Scott,Epiphany,,,,,,,
Jill Scott,Hate On Me,,,,,,,
Jets To Brazil,Resistance Is Futile,,,,,,,
Tori Amos,Dark Side Of The Sun,,,,,,,
David Gray,Real Love,,,,,,,
Locksley,Don'T Make Me Wait,,,,,,,
2Pac,Bury Me A G,,,,,,,
Mark Farina,Ripshop - Shoplif [Feat. Mr. Lif] [Instrumentals],,,,,,,
London After Midnight,Sally'S Song,,,,,,,
London After Midnight,Where Good Girls Go To Die,,,,,,,
Supergrass,Wait For The Sun,,,,,,,
Supergrass,Time,,,,,,,
Supermode,Tell Me Why (Radio Edit),,,,,,,
The Black Mages,J-E-N-O-V-A,,,,,,,
植松伸夫,Still More Fighting,,,,,,,
Martin Solveig,Everybody,,,,,,,
Martin Solveig,Rocking Music,,,,,,,
2Pac,Hail Mary,,,,,,,
Why?,Speech Bubbles,,,,,,,
椎名林檎,Kuki,,,,,,,
Piglet,Pangea Reunion,,,,,,,
The Field,Mobilia,,,,,,,
Markus Schulz,You Won'T See Me Cry 2005,,,,,,,
The Fiery Furnaces,Bow Wow,,,,,,,
Christmas In New England,Louis Armstrong,,,,,,,
Skid Row,Creepshow,,,,,,,
Dissection,Internal Fire,0.4,0.8,0.2,0.4,1.0,0.2,0.4
Francisca Valenzuela,Muleta,,,,,,,
Saint Etienne,Soft Like Me,,,,,,,
Mark Mothersbaugh,Let Me Tell You About My Boat,,,,,,,
Saint Etienne,Who Do You Think You Are,,,,,,,
Team Sleep,Our Ride To The Rectory,,,,,,,
Salem Al Fakir,Dream Girl,,,,,,,
As Blood Runs Black,Pouring Reign,,,,,,,
As Blood Runs Black,The Beautiful Mistake,,,,,,,
Dissection,Night'S Blood,,,,,,,
Vasco Rossi,Brava,,,,,,,
Samantha Mumba,Lately,0.8,0.8,0.4,1.0,0.2,0.2,0.6
Samamidon,Saro,,,,,,,
The Black Keys,The Breaks,,,,,,,
The Black Keys,Hold Me In Your Arms,,,,,,,
Basia Bulat,Snakes And Ladders,,,,,,,
Saint Etienne,People Get Real,,,,,,,
The Lemonheads,Pittsburgh,,,,,,,
Ajattara,Ägräs,,,,,,,
Jesse Mccartney,Because You Live,,,,,,,
Jesu,Dead Eyes,,,,,,,
Jesu,We All Faulter,,,,,,,
The Lemonheads,Mrs. Robinson,,,,,,,
Subhumans,All Gone Dead,,,,,,,
David Gray,Be Mine,,,,,,,
Jill Scott,The Way,,,,,,,
Badly Drawn Boy,A Minor Incident,,,,,,,
Tori Amos,Concertina,,,,,,,
Cannibal Corpse,Split Wide Open,,,,,,,
They Might Be Giants,The World'S Address,,,,,,,
Thao,Swimming Pools,,,,,,,
Tom Baxter,Half A Man,0.6,0.8,0.8,1.0,0.2,0.2,0.2
The Lemonheads,Dawn Can'T Decide,,,,,,,
Philip Glass,Metamorphosis Five,,,,,,,
Jefferson Airplane,How Do You Feel,,,,,,,
Philip Glass,Facades,,,,,,,
Wilco,That'S Not The Issue,,,,,,,
Christian Kjellvander,Words In The Wires,,,,,,,
Tori Amos,Father'S Son,,,,,,,
Lordi,Shotgun Divorce,,,,,,,
Marine Research,Parallel Horizontal,,,,,,,
The Streets,Prangin' Out,,,,,,,
The Black Heart Procession,The Spell,,,,,,,
Fountains Of Wayne,Mexican Wine,,,,,,,
Fountains Of Wayne,All Kinds Of Time,,,,,,,
Fort Minor,Introduction,,,,,,,
Basement Jaxx,Tonight (Feat. Phoebe),,,,,,,
Wilco,Outta Mind (Outta Sight),,,,,,,
Thurston Moore,Free Noise Among Friends,,,,,,,
Horrorpops,Julia,,,,,,,
The Flaming Lips,It Overtakes Me,,,,,,,
Big L,M.V.P.,,,,,,,
Wilco,Pick Up The Change,,,,,,,
Bo Diddley,Bo Diddley,,,,,,,
Hooverphonic,No More Sweet Music,,,,,,,
As Blood Runs Black,In Dying Days,,,,,,,
The Stranglers,Something Better Change,,,,,,,
Hooverphonic,Others Delight,,,,,,,
Hoobastank,From The Heart,,,,,,,
Beneath The Massacre,Modern Age Slavery,0.4,0.8,0.0,0.0,1.0,0.2,0.2
Phyllis Dillon,Leave It In The Hands Of Love,,,,,,,
Christina Aguilera,Enter The Circus,,,,,,,
Phoenix,Rome,,,,,,,
Yann Tiersen,Mother Will Die,,,,,,,
Pharrell Williams,Number One (Feat. Kanye West),,,,,,,
Christian Death,Mysterium Iniquitatis,,,,,,,
The Flaming Lips,The Abandoned Hospital Ship,,,,,,,
The Flaming Lips,Waitin' For A Superman (Mokran Mix),,,,,,,
Howard Shore,The King Of The Golden Hall,,,,,,,
Thursday,M. Shepard,,,,,,,
Oasis,It'S Gettin' Better (Man!!),,,,,,,
Sebastian,Dolami,,,,,,,
Feeder,Bitter Glass,,,,,,,
Los Campesinos!,It Started With A Mixx,,,,,,,
Avenged Sevenfold,Chapter Four,,,,,,,
The Flaming Lips,Moth In The Incubator,,,,,,,
All Time Low,The Beach,,,,,,,
Philip Glass,An Unwelcome Friend,,,,,,,
Philip Bailey & Phil Collins,Easy Lover,,,,,,,
Marillion,Heart Of Lothian,,,,,,,
Los Bunkers,Ahora Que No Estás,,,,,,,
Danger Mouse,December 4Th,,,,,,,
Marillion,Warm Wet Circles,,,,,,,
Aphex Twin,Omgyjya-Switch 7,,,,,,,
Fear Factory,Drones,,,,,,,
Fear Factory,Cyberwaste,,,,,,,
Fear Factory,Body Hammer,,,,,,,
Skinny Puppy,Dogshit,,,,,,,
Skinny Puppy,Glass Houses,,,,,,,
Skinny Puppy,Daddyuwarbash,,,,,,,
Emperor,Into The Infinity Of Thoughts,,,,,,,
Jenny Wilson,Summer Time - The Roughest Time,,,,,,,
Benassi Bros.,Hit My Heart,,,,,,,
Jenny Lewis,Jack Killed Mom,,,,,,,
Loreena Mckennitt,Tango To Evora,,,,,,,
The Black Crowes,There'S Gold In Them Hills,,,,,,,
D.R.I.,Enemy Within,,,,,,,
Maria Mena,Nevermind Me,,,,,,,
Maria Taylor,One For The Shareholder,,,,,,,
清春,Slow -Single Version-,,,,,,,
Lostprophets,Five Is A Four Letter Word,,,,,,,
Oh No Oh My,Reeks And Seeks,,,,,,,
Jay-Z,My 1St Song,,,,,,,
Hot Snakes,Automatic Midnight,,,,,,,
Phantom Planet,In Our Darkest Hour,,,,,,,
Thursday,A0001,,,,,,,
Skinny Puppy,State Aid,,,,,,,
Supergrass,Sitting Up Straight,,,,,,,
Disarmonia Mundi,Quicksand Symmetry,,,,,,,
Supergrass,Kiss Of Life,,,,,,,
Sublime,Under My Voodoo,,,,,,,
Jedi Mind Tricks,Pariah Demise (Interlude),,,,,,,
Death,Leprosy,,,,,,,
U2,Heartland,,,,,,,
Electric Six,Don'T Be Afraid Of The Robot,,,,,,,
Of Montreal,Requiem For O.M.M.,,,,,,,
Death,Secret Face,,,,,,,
The Kovenant,The Sulphur Feast,,,,,,,
The Kovenant,The Birth Of Tragedy,,,,,,,
Of Montreal,This Feeling (Derek'S Theme),,,,,,,
Jedi Mind Tricks,Blood In Blood Out,0.4,0.6,0.2,0.4,0.8,0.2,0.0
Arise From Thorns,Persia,,,,,,,
Skinny Puppy,Love,,,,,,,
Skinny Puppy,Lust Chance,,,,,,,
Oceansize,Mine Host,,,,,,,
Oceansize,You Can'T Keep A Bad Man Down,,,,,,,
Thin Lizzy,The Rocker,,,,,,,
The Knife,Like A Pen (Radio Edit),,,,,,,
Lou Reed,Lady Day,,,,,,,
Big Cyc,Nie Wierzcie Elektrykom,,,,,,,
The Black Crowes,No Speak No Slave,,,,,,,
Tears For Fears,Laid So Low (Tears Roll Down),,,,,,,
Death,Born Dead,,,,,,,
Death,Forgotten Past,,,,,,,
Death,Destiny,,,,,,,
Flykkiller,Flykkiller,,,,,,,
Vangelis,Blade Runner Blues,,,,,,,
The Black Crowes,Bad Luck Blue Eyes Goodbye,,,,,,,
The Black Angels,Winter '68,,,,,,,
The Black Angels,Black Angel Exit / Shine,,,,,,,
The Black Crowes,Black Moon Creeping,,,,,,,
The Black Crowes,Evergreen,,,,,,,
Ohgr,Chaos,,,,,,,
Akron/Family,Before And Again,,,,,,,
Jay-Z,Lucifer,,,,,,,
Of Montreal,Pancakes For One,,,,,,,
Thursday,I1100,0.6,0.6,0.4,0.4,0.8,0.6,0.6
Lou Reed / John Cale,Faces And Names,,,,,,,
Lostprophets,The Fake Sound Of Progress,,,,,,,
Lou Reed / John Cale,Trouble With Classicists,,,,,,,
玉置成実,Believe (Gundam Seed Version),,,,,,,
Emma Bunton,What Took You So Long,,,,,,,
Skinny Puppy,One Time One Place,,,,,,,
Chris Vrenna,Wonderland Woods,,,,,,,
Peter Doherty,New Love Grows On Trees,,,,,,,
Peter Murphy,Deep Ocean Vast Sea,,,,,,,
Trio Odemira,Malaguena,0.6,0.8,0.2,0.8,0.2,0.4,0.8
Peter Doherty,Palace Of Bone,,,,,,,
Sarah Brightman,Eden,,,,,,,
Feeder,We Can'T Rewind,,,,,,,
Aphex Twin,Funny Little Man,,,,,,,
Jay-Z,Never Change,,,,,,,
Suede,Electricity,,,,,,,
Suede,Killing Of A Flash Boy,,,,,,,
Jars Of Clay,Silence,,,,,,,
Xploding Plastix,6-Hours Starlight,,,,,,,
Ok Go,Shortly Before The End,,,,,,,
Lou Bega,Mambo No. 5,,,,,,,
Super Furry Animals,Venus & Serena,,,,,,,
Suede,Daddy'S Speeding,,,,,,,
Flying Lotus,Sao Paulo,,,,,,,
Dire Straits,You And Your Friend,,,,,,,
Flying Lotus,Pet Monster Shotglass,,,,,,,
Barenaked Ladies,Another Postcard,,,,,,,
Thunderbirds Are Now!,Bodies Adjust,,,,,,,
Thunderbirds Are Now!,Better Safe Than Safari,,,,,,,
Hurt,Zdejmij Ten Krzyż,,,,,,,
Hurt,System,,,,,,,
Husky Rescue,The Man Who Flew Away,,,,,,,
Sneaker Pimps,Six Underground,,,,,,,
All Girl Summer Fun Band,Video Game Heart,,,,,,,
Thunderbirds Are Now!,(Aquatic Cupid'S) Harpoons Of Love,,,,,,,
The Knife,Marble House (Davidandrewsitek'S Knifehorse Remix),,,,,,,
Jay Reatard,Not A Substitute,,,,,,,
Big Black,Kasimir S. Pulaski Day,,,,,,,
Ohgr,Timebomb,,,,,,,
Daedelus,Like Clockwork Springs,,,,,,,
Big Black,The Model,,,,,,,
Elena,The Balkan Girls,,,,,,,
Smoke City,It'S Amazing,,,,,,,
Snakefinger,The Model,,,,,,,
Bad Religion,No Control,,,,,,,
Chris Daughtry,Breakdown,,,,,,,
Chris Cornell,Poison Eye,,,,,,,
Louis Xiv,Illegal Tender,,,,,,,
Flogging Molly,Far Away Boys,,,,,,,
Flogging Molly,Screaming At The Wailing Wall,,,,,,,
Jawbreaker,Do You Still Hate Me?,0.6,0.4,0.2,0.2,0.8,0.6,0.4
Manu Chao,Mr. Bobby,,,,,,,
Sarah Mclachlan,Witness,,,,,,,
Flogging Molly,Grace Of God Go I,,,,,,,
Sarah Mclachlan,Song For A Winter'S Night,,,,,,,
Sarah Mclachlan,I Love You,,,,,,,
Jawbreaker,Chemistry,,,,,,,
Okkervil River,Dead Dog Song,,,,,,,
Al Green,Aint No Sunshine,,,,,,,
Al English,Constantine,,,,,,,
Lovage,Book Of The Month,,,,,,,
Lovage,Ladies Love Chest Rockwell,,,,,,,
Carmen Consoli,Signor Tentenna,,,,,,,
Pet Shop Boys,The Sodom And Gomorrah Show,,,,,,,
Maná,Como Dueles En Los Labios,,,,,,,
Ola Podrida,Jordanna,,,,,,,
Pet Shop Boys,God Willing,,,,,,,
Xploding Plastix,Doubletalk Gets Through To You,,,,,,,
Testament,Careful What You Wish For,,,,,,,
Okkervil River,The Velocity Of Saul At The Time Of His Conversion,,,,,,,
16 Horsepower,Alone And Forsaken,,,,,,,
The Submarines,Xavia,,,,,,,
Low,Pissing,,,,,,,
The Subways,Shake! Shake!,,,,,,,
Manowar,Hand Of Doom,,,,,,,
16 Horsepower,For Heaven'S Sake,,,,,,,
Jamie Cullum,Blame It On My Youth,,,,,,,
Peeping Tom,Caipirinha (Feat. Bebel Gilberto),,,,,,,
Jamiroquai,Black Crow,,,,,,,
Days Of The New,What'S Left For Me?,,,,,,,
Teriyaki Boyz,Tokyo Drift,,,,,,,
Emilíana Torrini,Me And Armini,,,,,,,
Emilíana Torrini,Big Jumps,,,,,,,
Bad Religion,I Want To Conquer The World,,,,,,,
Blind Guardian,And Then There Was Silence,,,,,,,
石井竜也,River (Gundam Seed Version),,,,,,,
Chris Bell,Speed Of Sound,,,,,,,
Janelle Monáe,Violet Stars Happy Hunting!,,,,,,,
Japan,Gentlemen Take Polaroids,,,,,,,
Japan,European Son,,,,,,,
Jan Johansson,Emigrantvisa,,,,,,,
Pelican,Winds With Hands,,,,,,,
Alkaline Trio,Another Innocent Girl,,,,,,,
I Was A Cub Scout,Our Smallest Adventures,,,,,,,
Jason Collett,Roll On Oblivion,,,,,,,
Ted Nugent,Stranglehold,,,,,,,
Chris Clark,Early Moss,,,,,,,
Jarabe De Palo,La Flaca,,,,,,,
Jar.,Cavalry,,,,,,,
I Am Kloot,Coincidence,,,,,,,
I Am Kloot,86 Tv'S,,,,,,,
I Am Kloot,From Your Favourite Sky,,,,,,,
Daft Punk,Digital Love(Feat. Dj Sneak),,,,,,,
Peace Orchestra,Who Am I? (Animatrix Edit),,,,,,,
Flogging Molly,The Kilburn High Road,,,,,,,
Bent,The Handbrake,,,,,,,
Blind Guardian,Lost In The Twilight Hall,,,,,,,
Orchestral Manoeuvres In The Dark,Almost,,,,,,,
Manic Street Preachers,Further Away,,,,,,,
Pearl Jam,Wash,,,,,,,
Benoît Pioulard,Coup De Foudre,,,,,,,
James Brown,The Payback,,,,,,,
Manic Street Preachers,Love'S Sweet Exile,,,,,,,
Daft Punk,Robot Rock (Soulwax Remix),,,,,,,
Flight Of The Conchords,Think About It,,,,,,,
Satyricon,Repined Bastard Nation,,,,,,,
Flickerstick,Teenage Dope Fiend,,,,,,,
Opeth,Hex Omega,,,,,,,
Opeth,Moonlapse Vertigo,,,,,,,
Skye,What'S Wrong With Me,,,,,,,
Opeth,Heir Apparent,,,,,,,
Opeth,Prologue,,,,,,,
Thirteen Senses,Last Forever,,,,,,,
Small Faces,Rene,,,,,,,
Tori Amos,Ireland,,,,,,,
Teedra Moses,You'Ll Never Find (A Better Woman),,,,,,,
Chiodos,Expired In Goreville,,,,,,,
Deadman,This Day. This Rain.,,,,,,,
Deadman,Sakura To Ame,,,,,,,
Small Faces,Shake,,,,,,,
Jamiroquai,Space Cowboy (Album Version),,,,,,,
Biffy Clyro,Christopher'S River,,,,,,,
Avantasia,The Toy Master,,,,,,,
Cassius,Till We Got You And Me,,,,,,,
The Juliana Hatfield Three,Mabel,,,,,,,
The Juliana Theory,Into The Dark,,,,,,,
Tricky,Puppy Toy,,,,,,,
Pavement,Here (Peel Session),,,,,,,
Orchestral Manoeuvres In The Dark,The New Stone Age,,,,,,,
Alanis Morissette,Not All Me,,,,,,,
Saves The Day,Driving In The Dark,,,,,,,
Saves The Day,As Your Ghost Takes Flight,,,,,,,
Tom Petty And The Heartbreakers,Even The Losers,,,,,,,
The Beta Band,The House Song,,,,,,,
Antiloop,Only U,,,,,,,
Van She,Mission,,,,,,,
Van She,Here With You,,,,,,,
Ella Fitzgerald,Ev'Ry Time We Say Goodbye,,,,,,,
Savage Garden,A Thousand Words,,,,,,,
Pearl Jam,Faithful,,,,,,,
Pearl Jam,Brain Of J.,,,,,,,
Pearl Jam,I Won'T Back Down,,,,,,,
Manic Street Preachers,Door To The River,,,,,,,
Alanis Morissette,Front Row,,,,,,,
Saves The Day,All-Star Me,,,,,,,
Dana Rayne,Object Of My Desire,,,,,,,
Blind Guardian,The New Order,,,,,,,
James Morrison,One Last Chance,,,,,,,
Pearl Jam,Sad,,,,,,,
Tenacious D,Jesus Ranch,,,,,,,
U2,Surrender,,,,,,,
Teenage Fanclub,Everything Flows,,,,,,,
Small Faces,Come On Children,,,,,,,
Small Faces,Mad John,,,,,,,
Feindflug,Schmerzgrenze,,,,,,,
Feist,It'S Cool To Love Your Family,,,,,,,
Barenaked Ladies,For You,,,,,,,
Ott,Billy The Kid Strikes Back,,,,,,,
Ott,A Load Up At Nunney Catch,,,,,,,
The Sunshine Underground,My Army,,,,,,,
Feindflug,Stromtod,,,,,,,
Avantasia,In Quest For,0.8,0.8,0.2,0.6,0.4,0.2,0.8
Aphex Twin,Afx237 V7,,,,,,,
Suffokate,Slaughter Your Enemies,,,,,,,
Avantasia,Serpents In Paradise,,,,,,,
Avantasia,The Glory Of Rome,,,,,,,
Dictaphone,Sonne Free,,,,,,,
Idlewild,Once In Your Life,,,,,,,
Feeder,Suffocate,0.6,0.6,0.4,0.6,0.6,0.2,0.4
Idlewild,Close The Door,,,,,,,
Dictaphone,La Piscine,,,,,,,
Idlewild,Out Of Routine,,,,,,,
Feel,A Gdy Jest Już Ciemno,,,,,,,
Idlewild,I'M Happy To Be Here Tonight,,,,,,,
Alanis Morissette,The Couch,,,,,,,
Idlewild,4 People Do Good,,,,,,,
Jakalope,Pretty Life,,,,,,,
Jakarta,One Desire (Mondotek Edit Mix),,,,,,,
Iced Earth,Dante'S Inferno,,,,,,,
Windy & Carl,Lighthouse (Demo),,,,,,,
Pavement,Fight This Generation,,,,,,,
Orbital,Technologicque Park,,,,,,,
Iced Earth,Transylvania,,,,,,,
Cat Power,Love And Communication,,,,,,,
Icon & The Black Roses,Sweetest Emptiness Of Love,,,,,,,
Pavement,Ann Don'T Cry,,,,,,,
The Undertones,True Confessions,,,,,,,
The Tea Party,The Bazaar,,,,,,,
Blue Foundation,Sweep,,,,,,,
Blue Foundation,Bonfires,,,,,,,
Lucybell,Raptame Del Fin,,,,,,,
This Mortal Coil,Fond Affections,,,,,,,
Ludacris,What'S Your Fantasy,,,,,,,
Wu-Tang Clan,Rules,,,,,,,
Embrace,Looking As You Are,,,,,,,
Mando Diao,You Can'T Steal My Love (Video Edit),,,,,,,
Lucinda Williams,Drunken Angel,,,,,,,
Mando Diao,Misty Mountains,,,,,,,
1200 Micrograms,Double Helix,,,,,,,
Blind Guardian,When Sorrow Sang,,,,,,,
Jack Johnson,People Watching,,,,,,,
Lucinda Williams,Steal Your Love,,,,,,,
Alaska In Winter,Balkan Low Rider Anthem,,,,,,,
Jack'S Mannequin,Drop Out - The So Unknown,,,,,,,
Otis Redding,That'S How Strong My Love Is,,,,,,,
Jack'S Mannequin,Spinning,,,,,,,
De La Soul,Can U Keep A Secret,,,,,,,
Slayer,Cleanse The Soul,,,,,,,
Jack Peñate,Have I Been A Fool?,,,,,,,
Slayer,Born Of Fire,,,,,,,
Ott,Rogue Bagel,,,,,,,
Dead Poetic,The Dream Club Murders,,,,,,,
Ellen Allien,Cloudy City,,,,,,,
Cat Power,What Would The Community Think,,,,,,,
Out Hud,Old Nude,,,,,,,
Woven Hand,To Make A Ring,,,,,,,
P!Nk,Crystal Ball,,,,,,,
Iliketrains,Epiphany,,,,,,,
Iliketrains,No Military Parade,,,,,,,
Iliketrains,Stainless Steel,,,,,,,
Iliketrains,A Rook House For Bobby,,,,,,,
Paul Oakenfold,Get Em Up,,,,,,,
Scala & Kolacny Brothers,Heartbeats,,,,,,,
Chet Baker,It'S Always You,,,,,,,
Scanners,Bombs,,,,,,,
Fito Páez,Al Lado Del Camino,,,,,,,
The Beta Band,Monolith,,,,,,,
The Bees,Listening Man,,,,,,,
Trentemøller,Chameleon,,,,,,,
Catatonia,Why I Can'T Stand One Night Stands,,,,,,,
Saves The Day,My Sweet Fracture,,,,,,,
Sloan,Coax Me,,,,,,,
Outkast,The Way You Move,,,,,,,
Art Of Noise,Backbeat,,,,,,,
Wu-Tang Clan,Gun Will Go (Feat. Sunny Valentine),,,,,,,
The Beatles,You Know My Name (Look Up The Number),,,,,,,
Scar Symmetry,The Eleventh Sphere,,,,,,,
Van Morrison,And It Stoned Me,,,,,,,
Iggy Pop,Tell Me A Story,,,,,,,
Say Hi To Your Mom,Hooplas Involving Circus Tricks,,,,,,,
Ten Years After,I'D Love To Change The World,,,,,,,
Chet Baker,There Will Never Be Another You,,,,,,,
Elvis Presley,She'S Not You,,,,,,,
De La Soul,Say No Go,,,,,,,
Sloan,Listen To The Radio,,,,,,,
Wu-Tang Clan,As High As Wu-Tang Get,0.4,0.6,0.2,0.4,0.8,0.4,0.2
The Teenagers,Make It Happen,,,,,,,
Tegan And Sara,Divided,,,,,,,
10Cc,The Dean And I,,,,,,,
Bloodbath,Soul Evisceration,,,,,,,
Malena Ernman,La Voix,,,,,,,
Iron Maiden,The Duellists,,,,,,,
Iron Maiden,The Apparition,,,,,,,
Islands,Abominable Snow,,,,,,,
Blu Cantrell,Lady,,,,,,,
P.O.D.,Goodbye For Now,,,,,,,
Finntroll,Hemkomst,,,,,,,
Finntroll,Under Varje Rot Och Sten,,,,,,,
Anton Maiden,When Two Worlds Collide,,,,,,,
Schiller,Miles And Miles (Mit Moya Brennan),,,,,,,
The Teenagers,French Kiss,,,,,,,
Tortoise,Almost Always Is Nearly Enough,,,,,,,
Scars On Broadway,Chemicals,,,,,,,
Elliott Smith,Whatever (Folk Song In C),,,,,,,
Islands,Pieces Of You,,,,,,,
Elton John,I Guess That'S Why They Call It The Blues,,,,,,,
Between The Buried And Me,Mordecai,,,,,,,
The Jesus And Mary Chain,Sugar Ray,,,,,,,
Dir En Grey,Bottom Of The Death Valley,,,,,,,
Patty Griffin,Top Of The World,,,,,,,
Chicago,Hard Habit To Break,,,,,,,
Blu Cantrell,I'Ll Find A Way,,,,,,,
Iggy Pop,Tiny Girls,,,,,,,
Chevelle,Anticipation,,,,,,,
Paul Oakenfold,Sex 'N' Money,,,,,,,
Alice In Chains,Right Turn,,,,,,,
Patsy Cline,She'S Got You,,,,,,,
P!Nk,Who Knew (Album Version),,,,,,,
De/Vision,Moments We Shared,,,,,,,
De-Phazz,Trash Box,,,,,,,
The Jesus And Mary Chain,Drop,,,,,,,
Slayer,Read Between The Lies,,,,,,,
Slayer,Payback,,,,,,,
Iron Maiden,Tail Gunner,,,,,,,
Iron Maiden,Lightning Strikes Twice,,,,,,,
Iron Maiden,Sea Of Madness,,,,,,,
Sunny Day Real Estate,Round,,,,,,,
Sunset Rubdown,A Day In The Graveyard,,,,,,,
The Jam,To Be Someone (Didn'T We Have A Nice Time),,,,,,,
The Jesus And Mary Chain,Bo Diddley Is Jesus,,,,,,,
The Jesus And Mary Chain,Cracking Up,,,,,,,
Chemistry,白の吐息,,,,,,,
Bad Company Uk,The Nine,,,,,,,
De/Vision,Your Hands On My Skin,,,,,,,
Lupe Fiasco,Baba Says Cool For Thought,,,,,,,
Mahavishnu Orchestra,Meeting Of The Spirits,,,,,,,
Lupe Fiasco,Hip-Hop Saved My Life (Feat. Nikki Jean),,,,,,,
Aoki Takamasa + Tujiko Noriko,Doki Doki Last Night,,,,,,,
Seal,Amazing,,,,,,,
The Twilight Singers,The Twilite Kid,,,,,,,
Seal,Waiting For You (Album Version),,,,,,,
Sunny Day Real Estate,The Blankets Were The Stairs,,,,,,,
Paul Mccartney,Pipes Of Peace,,,,,,,
Immortal Technique,Crossing The Boundary,,,,,,,
Paul Mccartney,This Never Happened Before,,,,,,,
Immortal Technique,Obnoxious,,,,,,,
Immortal Technique,Dominant Species,,,,,,,
The Goo Goo Dolls,Fallin' Down,,,,,,,
The Goo Goo Dolls,Burnin' Up,,,,,,,
Celtic Frost,Procreation (Of The Wicked),,,,,,,
Patti Smith,Ghost Dance,,,,,,,
The Hush Sound,Magnolia,,,,,,,
The Hush Sound,Medicine Man,,,,,,,
Inxs,By My Side,,,,,,,
Celebration,Pressure,,,,,,,
Bertine Zetlitz,Snow On A Hot Day,,,,,,,
Alice In Chains,Frogs,,,,,,,
Antony And The Johnsons,Knockin' On Heaven'S Door,,,,,,,
Antony And The Johnsons,Poorest Ear,,,,,,,
Patrick Wolf,Damaris,,,,,,,
Finch,Without You Here,,,,,,,
Damien Jurado,Tragedy,,,,,,,
The Beatles,Thank You Girl,,,,,,,
The Thermals,St. Rosa And The Swallows,,,,,,,
Blondie,Union City Blue,,,,,,,
Pain Of Salvation,Rope Ends,,,,,,,
Mae,The Everglow,,,,,,,
Sunset Rubdown,The Dust You Kick Up Is Too Fine,,,,,,,
Iron & Wine,Carried Home,,,,,,,
Sufjan Stevens,We'Re Goin' To The Country!,,,,,,,
Sugababes,3 Spoons Of Suga,,,,,,,
Scooter,Lass Uns Tanzen,,,,,,,
Scooter,Nessaja,,,,,,,
Inxs,Just Keep Walking,0.6,0.6,0.4,0.6,0.4,0.4,0.4
Filter,My Long Walk To Jail,,,,,,,
Pambo,Perdon,,,,,,,
