artist_name,track_name,Vocal Register,Vocal Timbre Thin to Full,Vocal Breathiness,Vocal Smoothness,Vocal Grittiness,Vocal Nasality,Vocal Accompaniment
Marilyn Manson,Disposable Teens,0.6,0.8,0.4,0.2,0.8,0.6,0.4
Blur,Charmless Man,0.6,0.6,0.2,0.6,0.4,0.6,0.6
The White Stripes,The Air Near My Fingers,0.6,0.6,0.2,0.4,0.8,0.4,0.4
Ladytron,Weekend,0.6,0.4,0.6,0.8,0.2,0.4,0.6
The Decemberists,O Valencia!,0.6,0.6,0.4,0.6,0.2,0.6,0.6
Metallica,The End Of The Line,0.6,0.8,0.2,0.4,0.8,0.2,0.6
Tom Waits,Clap Hands,0.2,0.6,0.4,0.2,1.0,0.4,0.0
Regina Spektor,Ode To Divorce,0.8,0.6,0.8,0.8,0.2,0.4,0.0
The Mars Volta,Eriatarka,,,,,,,
Hot Chip,Shake A Fist,,,,,,,
The Prodigy,Voodoo People,,,,,,,
Death In Vegas,Hands Around My Throat,,,,,,,
My Chemical Romance,House Of Wolves,,,,,,,
She Wants Revenge,Tear You Apart,,,,,,,
The Beatles,Think For Yourself,,,,,,,
Kings Of Leon,Day Old Blues,,,,,,,
Eels,Novocaine For The Soul,0.6,0.6,0.6,0.6,0.4,0.4,0.6
My Chemical Romance,Mama,,,,,,,
Nightwish,Nemo,,,,,,,
Gnarls Barkley,The Boogie Monster,,,,,,,
Panic At The Disco,Introduction,,,,,,,
Nick Drake,Fly,,,,,,,
Ratatat,Gettysburg,,,,,,,
Depeche Mode,In Your Room,,,,,,,
Pendulum,Granite,,,,,,,
The National,Abel,,,,,,,
Ben Folds Five,Brick,,,,,,,
Nirvana,Where Did You Sleep Last Night?,,,,,,,
Placebo,Days Before You Came,,,,,,,
Deftones,Passenger,,,,,,,
Manu Chao,Clandestino,,,,,,,
Boards Of Canada,Bocuma,,,,,,,
Ladytron,The Last One Standing,,,,,,,
Hot Hot Heat,Bandages,,,,,,,
Rihanna,Breakin' Dishes,,,,,,,
Kylie Minogue,Can'T Get You Out Of My Head,,,,,,,
Guns N' Roses,Since I Don'T Have You,,,,,,,
Marilyn Manson,Mobscene,0.4,0.8,0.2,0.2,0.8,0.4,0.6
The Rolling Stones,Start Me Up,,,,,,,
The Knife,Still Light,,,,,,,
The Flaming Lips,Ego Tripping At The Gates Of Hell,,,,,,,
Alice Cooper,School'S Out,,,,,,,
Neutral Milk Hotel,Song Against Sex,,,,,,,
Depeche Mode,Condemnation,,,,,,,
Wilco,Handshake Drugs,,,,,,,
Red Hot Chili Peppers,Easily,,,,,,,
Iron & Wine,Teeth In The Grass,,,,,,,
Iron & Wine,Innocent Bones,,,,,,,
Depeche Mode,Barrel Of A Gun,,,,,,,
Depeche Mode,Useless,0.6,0.6,0.4,0.6,0.4,0.2,0.6
Weezer,The Good Life,,,,,,,
Damien Rice,Coconut Skins,,,,,,,
Mstrkrft,Work On You,,,,,,,
Stars,Sleep Tonight,,,,,,,
Radiohead,Morning Bell/Amnesiac,,,,,,,
The Stooges,Gimme Danger,,,,,,,
Whitesnake,Love Ain'T No Stranger,,,,,,,
Stars,Reunion,,,,,,,
Stars,Take Me To The Riot,,,,,,,
Nine Inch Nails,Reptile,,,,,,,
Tom Vek,Nothing But Green Lights,,,,,,,
Tegan And Sara,So Jealous,,,,,,,
Tegan And Sara,Relief Next To Me,,,,,,,
Kings Of Convenience,Love Is No Big Truth,,,,,,,
The Smiths,Is It Really So Strange?,,,,,,,
Nine Inch Nails,The Collector,,,,,,,
Tv On The Radio,A Method,,,,,,,
Cut Copy,Voices In Quartz,,,,,,,
Beck,Black Tambourine,,,,,,,
Fiona Apple,Extraordinary Machine,,,,,,,
Soundgarden,Burden In My Hand,,,,,,,
Iamx,The Alternative,,,,,,,
Paramore,That'S What You Get,,,,,,,
The La'S,There She Goes,,,,,,,
Nirvana,You Know You'Re Right,,,,,,,
Nirvana,Stay Away,,,,,,,
Tool,Pushit,,,,,,,
Jimmy Eat World,23,,,,,,,
Mogwai,7.25,,,,,,,
Beck,Youthless,,,,,,,
Ozzy Osbourne,Crazy Train,,,,,,,
The National,Karen,,,,,,,
Rammstein,Ohne Dich,,,,,,,
The Ting Tings,We Walk,,,,,,,
Tori Amos,Professional Widow,0.8,0.6,0.4,0.2,0.8,0.6,0.4
Emily Haines & The Soft Skeleton,Reading In Bed,,,,,,,
A Perfect Circle,Thomas,,,,,,,
The Beach Boys,Sloop John B,,,,,,,
Lamb,Gorecki,,,,,,,
Belle And Sebastian,Dress Up In You,,,,,,,
Dead Kennedys,Holiday In Cambodia,,,,,,,
Jamiroquai,Feels Just Like It Should,,,,,,,
Guns N' Roses,Yesterdays,,,,,,,
The Stone Roses,Bye Bye Badman,,,,,,,
Kim Wilde,Kids In America,,,,,,,
Oasis,The Masterplan,,,,,,,
Bat For Lashes,The Wizard,,,,,,,
In Flames,My Sweet Shadow,,,,,,,
Bat For Lashes,Sad Eyes,,,,,,,
Dido,Hunter,,,,,,,
Architecture In Helsinki,Neverevereverdid,,,,,,,
Hot Chip,Careful,,,,,,,
The Decemberists,The Perfect Crime #2,,,,,,,
The Clash,Janie Jones,0.6,0.8,0.2,0.4,0.8,0.4,0.4
Paolo Nutini,Jenny Don'T Be Hasty,,,,,,,
Silversun Pickups,Waste It On,,,,,,,
The Teenagers,Homecoming,,,,,,,
Modest Mouse,Interlude (Milo),,,,,,,
The Police,Can'T Stand Losing You,0.8,0.6,0.4,0.6,0.4,0.6,0.4
Sigur Rós,Fljótavík,,,,,,,
Placebo,Brick Shithouse,,,,,,,
Mogwai,I Chose Horses,,,,,,,
Zz Top,Gimme All Your Lovin',,,,,,,
Joy Division,Novelty,,,,,,,
Sigur Rós,Von,,,,,,,
Athlete,Half Light,,,,,,,
Rihanna,Sos,,,,,,,
Zero 7,This World,0.6,0.8,0.8,1.0,0.2,0.2,0.6
Nirvana,Lake Of Fire,,,,,,,
Pixies,Planet Of Sound,,,,,,,
Britney Spears,Mmm Papi,,,,,,,
Suede,Animal Nitrate,,,,,,,
Taking Back Sunday,Liar (It Takes One To Know One),,,,,,,
Tv On The Radio,Hours,,,,,,,
Oasis,Bring It On Down,,,,,,,
Datarock,Computer Camp Love,,,,,,,
Yeah Yeah Yeahs,Modern Romance,,,,,,,
Norah Jones,Sunrise,,,,,,,
The Prodigy,Girls,,,,,,,
Deerhunter,Agoraphobia,,,,,,,
Tom Waits,Time,,,,,,,
My Morning Jacket,Wordless Chorus,,,,,,,
Pendulum,Mutiny,,,,,,,
Kaiser Chiefs,Love'S Not A Competition (But I'M Winning),,,,,,,
Sentenced,May Today Become The Day,,,,,,,
Snow Patrol,Crack The Shutters,,,,,,,
Ok Go,Get Over It,,,,,,,
Animal Collective,Banshee Beat,,,,,,,
Metallica,The Four Horsemen,,,,,,,
Fergie,Fergalicious (Feat. Will.I.Am),,,,,,,
The Black Eyed Peas,Don'T Phunk With My Heart,,,,,,,
Oasis,Stop Crying Your Heart Out,,,,,,,
The Doors,The End,,,,,,,
Phoenix,Everything Is Everything,,,,,,,
Snow Patrol,Grazed Knees,,,,,,,
The Notorious B.I.G.,Things Done Changed,,,,,,,
Jason Mraz,You And I Both,,,,,,,
Pulp,Pencil Skirt,,,,,,,
Red Hot Chili Peppers,Especially In Michigan,,,,,,,
Radiohead,Stop Whispering,,,,,,,
Red Hot Chili Peppers,Breaking The Girl,,,,,,,
Bright Eyes,Train Under Water,,,,,,,
Voxtrot,The Start Of Something,,,,,,,
Shakira,La Pared,,,,,,,
Travis,Why Does It Always Rain On Me?,0.6,0.6,0.6,0.8,0.2,0.4,0.4
The Beatles,Carry That Weight,,,,,,,
Pearl Jam,Daughter,,,,,,,
Placebo,One Of A Kind,,,,,,,
Jack Johnson,Taylor,,,,,,,
Modest Mouse,Spitting Venom,,,,,,,
R.E.M.,Bad Day,,,,,,,
Fugees,Killing Me Softly,,,,,,,
Boards Of Canada,Julie And Candy,,,,,,,
The Smiths,London,,,,,,,
Deerhunter,Never Stops,,,,,,,
Sublime,What I Got,,,,,,,
Oasis,Fuckin' In The Bushes,,,,,,,
Belle And Sebastian,To Be Myself Completely,,,,,,,
Portishead,Mourning Air,,,,,,,
Belle And Sebastian,Mayfly,,,,,,,
Maxïmo Park,Books From Boxes,,,,,,,
Queens Of The Stone Age,Do It Again,,,,,,,
Ladytron,Cmyk,,,,,,,
Pulp,Underwear,,,,,,,
Garbage,Milk,,,,,,,
The Mars Volta,Drunkship Of Lanterns,,,,,,,
Elliott Smith,Pretty (Ugly Before),,,,,,,
Feist,Honey Honey,,,,,,,
The Beatles,Golden Slumbers,,,,,,,
Of Montreal,Requiem For O.M.M.2,,,,,,,
Scorpions,Rock You Like A Hurricane,,,,,,,
Travis,Big Chair,,,,,,,
Death Cab For Cutie,Your New Twin Sized Bed,,,,,,,
Of Montreal,Rapture Rapes The Muses,,,,,,,
Mika,Any Other World,,,,,,,
The Beatles,Magical Mystery Tour,,,,,,,
Of Montreal,Cato As A Pun,,,,,,,
Franz Ferdinand,You Could Have It So Much Better,,,,,,,
Natasha Bedingfield,Unwritten,,,,,,,
Bloc Party,Little Thoughts,0.8,0.6,0.2,0.6,0.4,0.4,0.4
Crystal Castles,Knights,,,,,,,
Him,Right Here In My Arms,,,,,,,
The Hives,Two-Timing Touch And Broken Bones,,,,,,,
Tv On The Radio,Dancing Choose,,,,,,,
Mando Diao,Killer Kaczynski,,,,,,,
Keane,Sunshine,,,,,,,
Buena Vista Social Club,Chan Chan,,,,,,,
A.C. Newman,On The Table,,,,,,,
The Cinematic Orchestra,To Build A Home,,,,,,,
Girl Talk,Still Here,,,,,,,
Leonard Cohen,Famous Blue Raincoat,0.2,0.8,0.4,0.6,0.4,0.2,0.0
Oasis,Don'T Go Away,,,,,,,
Oasis,Songbird,,,,,,,
The Kills,Black Balloon,,,,,,,
Suede,Beautiful Ones,,,,,,,
My Chemical Romance,Cancer,,,,,,,
Linkin Park,Points Of Authority,0.6,0.6,0.2,0.4,0.8,0.4,0.6
Death Cab For Cutie,405,,,,,,,
Foo Fighters,Let It Die,,,,,,,
Bat For Lashes,Daniel,,,,,,,
Elbow,One Day Like This,,,,,,,
A Perfect Circle,Thinking Of You,,,,,,,
Siouxsie And The Banshees,Spellbound,,,,,,,
Cansei De Ser Sexy,Css Suxxx,,,,,,,
The Kills,Hook And Line,,,,,,,
Nine Inch Nails,Down In It,,,,,,,
Ladytron,Black Cat,,,,,,,
Black Rebel Motorcycle Club,Heart + Soul,,,,,,,
Ray Charles,Hit The Road Jack,,,,,,,
The Beatles,You'Ve Got To Hide Your Love Away,,,,,,,
Garbage,Cherry Lips (Go Baby Go!),,,,,,,
Mando Diao,God Knows,,,,,,,
Modest Mouse,Alone Down There,,,,,,,
Eric Clapton,Layla,,,,,,,
Fujiya & Miyagi,Ankle Injuries,,,,,,,
Regina Spektor,The Flowers,,,,,,,
The White Stripes,Little Ghost,,,,,,,
Girl Talk,Minute By Minute,,,,,,,
The Beta Band,Dry The Rain,,,,,,,
Ellen Allien & Apparat,Way Out,,,,,,,
Pj Harvey,Grow Grow Grow,,,,,,,
The National,Looking For Astronauts,,,,,,,
Goldfrapp,Let It Take You,,,,,,,
Death Cab For Cutie,Talking Bird,,,,,,,
System Of A Down,Forest,,,,,,,
Stars,What I'M Trying To Say,,,,,,,
Cocorosie,Not For Sale,,,,,,,
Katatonia,Deliberation,,,,,,,
Scissor Sisters,Mary,,,,,,,
The Duke Spirit,The Step And The Walk,,,,,,,
Boards Of Canada,Gyroscope,,,,,,,
Air,New Star In The Sky (Chanson Pour Solal),,,,,,,
Foals,Like Swimming,,,,,,,
Misfits,Hybrid Moments,,,,,,,
Rush,Red Barchetta,,,,,,,
Sia,Sunday,,,,,,,
Justice,The Party,,,,,,,
Gang Of Four,At Home He'S A Tourist,,,,,,,
Pavement,Range Life,,,,,,,
Placebo,Bigmouth Strikes Again,,,,,,,
José González,Remain,,,,,,,
The Kills,Love Is A Deserter,,,,,,,
The New Pornographers,The Laws Have Changed,,,,,,,
Pj Harvey,When Under Ether,,,,,,,
Children Of Bodom,If You Want Peace... Prepare For War,,,,,,,
Placebo,My Sweet Prince,,,,,,,
Yann Tiersen,La Valse D'Amélie,,,,,,,
Vampire Weekend,I Stand Corrected,,,,,,,
30 Seconds To Mars,The Story,,,,,,,
Weezer,Holiday,,,,,,,
Art Brut,Modern Art,,,,,,,
The White Stripes,Rag And Bone,,,,,,,
The Unicorns,Jellybones,,,,,,,
Elliott Smith,Miss Misery,,,,,,,
Rob Zombie,Dragula,,,,,,,
Morrissey,I Will See You In Far Off Places,,,,,,,
Anathema,Empty,,,,,,,
Alice In Chains,Would?,,,,,,,
The Bravery,No Brakes,,,,,,,
Pj Harvey,Sheela-Na-Gig,,,,,,,
A Perfect Circle,Gravity,,,,,,,
The Gathering,Red Is A Slow Colour,,,,,,,
José González,Save Your Day,,,,,,,
Air,Lost Message,,,,,,,
Muse,Sober,,,,,,,
Pearl Jam,Yellow Ledbetter,,,,,,,
The Knife,She'S Having A Baby,,,,,,,
The Beatles,I'M Looking Through You,,,,,,,
Hot Chip,Out At The Pictures,,,,,,,
The White Stripes,Ball And Biscuit,,,,,,,
Paramore,Let The Flames Begin,,,,,,,
Queens Of The Stone Age,Regular John,,,,,,,
30 Seconds To Mars,Edge Of The Earth,,,,,,,
Fiona Apple,Slow Like Honey,,,,,,,
Pixies,U-Mass,,,,,,,
Pixies,Cecilia Ann,,,,,,,
Suzanne Vega,Caramel,,,,,,,
Opeth,Death Whispered A Lullaby,,,,,,,
Cut Copy,Zap Zap,,,,,,,
Refused,New Noise,,,,,,,
Nine Inch Nails,Demon Seed,,,,,,,
Nick Drake,Hazey Jane Ii,,,,,,,
Panic At The Disco,Intermission,,,,,,,
Pink Floyd,Sheep,,,,,,,
Radiohead,We Suck Young Blood,,,,,,,
Stone Temple Pilots,Plush,,,,,,,
The Dresden Dolls,The Perfect Fit,,,,,,,
The Dresden Dolls,The Jeep Song,,,,,,,
Patrick Wolf,Paris,0.6,0.8,0.4,0.8,0.2,0.2,0.6
The Libertines,Don'T Be Shy,,,,,,,
Lou Reed,Vicious,,,,,,,
Chemistry,Almost In Love,,,,,,,
Black Rebel Motorcycle Club,Pretend,,,,,,,
Sneaker Pimps,Becoming X,,,,,,,
Tom Waits,Jockey Full Of Bourbon,,,,,,,
Buffalo Springfield,For What It'S Worth,,,,,,,
Sufjan Stevens,The Predatory Wasp Of The Palisades Is Out To Get Us!,,,,,,,
The Strokes,Ask Me Anything,,,,,,,
Audioslave,Hypnotize,,,,,,,
Yann Tiersen,Sur Le Fil,,,,,,,
Nine Inch Nails,Meet Your Master,,,,,,,
Porcupine Tree,Heartattack In A Layby,,,,,,,
Black Rebel Motorcycle Club,The Line,,,,,,,
Clint Mansell,The Last Man,,,,,,,
Led Zeppelin Jam,I Can'T Quit You Baby,,,,,,,
Regina Spektor,Braille,,,,,,,
Jimmy Eat World,Kill,,,,,,,
Elliott Smith,Memory Lane,,,,,,,
Damien Rice,The Animals Were Gone,,,,,,,
Incubus,I Miss You,,,,,,,
The Flaming Lips,Are You A Hypnotist??,0.6,0.6,0.8,0.6,0.4,0.4,0.6
Judas Priest,Breaking The Law,,,,,,,
Jimmy Eat World,Bleed American,,,,,,,
Mindless Self Indulgence,Straight To Video,,,,,,,
Placebo,Twenty Years,,,,,,,
Anton Maiden,Aces High,,,,,,,
Queens Of The Stone Age,I Never Came,,,,,,,
Joy Division,These Days,,,,,,,
Sigur Rós,Viðrar Vel Til Loftárása,,,,,,,
Moloko,Sing It Back,,,,,,,
Slowdive,Alison,,,,,,,
Simian Mobile Disco,It'S The Beat,,,,,,,
Kaiser Chiefs,Heat Dies Down,,,,,,,
Guns N' Roses,Estranged,,,,,,,
The Fray,Vienna,,,,,,,
Sonic Youth,100%,,,,,,,
The Wombats,Let'S Dance To Joy Division,,,,,,,
Rage Against The Machine,People Of The Sun,,,,,,,
Daft Punk,Make Love,,,,,,,
Slayer,Jesus Saves,,,,,,,
Bob Dylan,Positively 4Th Street,,,,,,,
The Bravery,Tyrant,,,,,,,
The Mars Volta,Cicatriz Esp,,,,,,,
Fischerspooner,The 15Th,,,,,,,
Pink Floyd,Another Brick In The Wall (Part Ii),,,,,,,
R.E.M.,Orange Crush,,,,,,,
Guano Apes,Open Your Eyes,,,,,,,
Yann Tiersen,Le Moulin,,,,,,,
Depeche Mode,I Want It All,,,,,,,
Jack'S Mannequin,Holiday From Real,,,,,,,
Katatonia,In The White,,,,,,,
Yeah Yeah Yeahs,Down Boy,,,,,,,
Death Cab For Cutie,Champagne From A Paper Cup,,,,,,,
Megadeth,Symphony Of Destruction,,,,,,,
The Black Eyed Peas,Don'T Lie,,,,,,,
Mika,Happy Ending,,,,,,,
The Clash,(White Man) In Hammersmith Palais,,,,,,,
Elliott Smith,Easy Way Out,,,,,,,
Morrissey,In The Future When All'S Well,,,,,,,
Aphex Twin,Heliosphan,,,,,,,
Snow Patrol,Tiny Little Fractures,,,,,,,
Bat For Lashes,Tahiti,,,,,,,
Pj Harvey,White Chalk,,,,,,,
Wu-Tang Clan,Bring Da Ruckus,,,,,,,
Combichrist,This S*It Will Fcuk You Up,,,,,,,
Band Of Horses,Detlef Schrempf,,,,,,,
Nirvana,Frances Farmer Will Have Her Revenge On Seattle,,,,,,,
Beck,Profanity Prayers,,,,,,,
Of Montreal,Sink The Seine,,,,,,,
Neko Case,Dirty Knife,,,,,,,
Gwen Stefani,Early Winter,,,,,,,
The Rolling Stones,Under My Thumb,,,,,,,
Within Temptation,Mother Earth,,,,,,,
Moby,Beautiful,,,,,,,
Duffy,Distant Dreamer,,,,,,,
Goldfrapp,Koko,,,,,,,
Bloc Party,Two More Years,,,,,,,
Art Brut,Good Weekend,,,,,,,
Patrick Wolf,Secret Garden,,,,,,,
Damien Rice,The Blowers Daughter,,,,,,,
Kings Of Convenience,Stay Out Of Trouble,,,,,,,
Eric Clapton,Cocaine,0.4,0.8,0.2,0.6,0.6,0.2,0.4
Sonic Youth,Hey Joni,0.8,0.4,0.6,0.4,0.8,0.6,0.4
The Doors,Moonlight Drive,,,,,,,
Supergrass,Alright,,,,,,,
Babyshambles,Carry On Up The Morning,,,,,,,
Wilco,Muzzle Of Bees,,,,,,,
The Kooks,Matchbox,,,,,,,
Roger Sanchez,Another Chance,,,,,,,
Joy Division,Incubation,,,,,,,
Misfits,Last Caress,,,,,,,
Maroon 5,If I Never See Your Face Again,,,,,,,
The Bravery,Honest Mistake,,,,,,,
Placebo,Centrefolds,,,,,,,
The Fray,Little House,,,,,,,
Sonic Youth,What A Waste,,,,,,,
Clint Mansell,Death Is The Road To Awe,,,,,,,
Mstrkrft,Easy Love,,,,,,,
The Prodigy,Diesel Power,,,,,,,
Spoon,Everything Hits At Once,,,,,,,
The Ting Tings,Impacilla Carpisung,,,,,,,
Tv On The Radio,Golden Age,,,,,,,
Acceptance,Different,,,,,,,
Moby,In My Heart,,,,,,,
The Black Eyed Peas,Shut Up,,,,,,,
Fiona Apple,Sullen Girl,,,,,,,
Dread Zeppelin,Thank You,,,,,,,
Ladytron,Ghosts,,,,,,,
Pink Floyd,Breathe,,,,,,,
Pink Floyd,See Emily Play,,,,,,,
Serj Tankian,Lie Lie Lie,,,,,,,
The Smiths,What She Said,,,,,,,
Bloc Party,The Pioneers,,,,,,,
Daft Punk,Television Rules The Nation / Crescendolls,,,,,,,
Jack Johnson,Times Like These,,,,,,,
Depeche Mode,Sweetest Perfection,,,,,,,
Hot Chip,The Warning,,,,,,,
Ladyhawke,Paris Is Burning,0.6,0.6,0.4,0.6,0.2,0.4,0.4
Pink Floyd,Speak To Me,,,,,,,
Alphaville,Forever Young,,,,,,,
Late Of The Pier,Space And The Woods,,,,,,,
T.A.T.U.,All The Things She Said,,,,,,,
The Prodigy,Take Me To The Hospital,,,,,,,
Nine Inch Nails,Last,,,,,,,
Soilwork,One With The Flies,,,,,,,
Au Revoir Simone,Sad Song,,,,,,,
Slowdive,When The Sun Hits,,,,,,,
Beck,Elevator Music,,,,,,,
Jeff Buckley,Corpus Christi Carol,,,,,,,
Björk,Enjoy,0.8,0.6,0.8,0.6,0.4,0.4,0.4
Scissor Sisters,Filthy/Gorgeous,,,,,,,
Hercules And Love Affair,Hercules Theme,,,,,,,
The Raconteurs,Yellow Sun,0.6,0.8,0.4,0.6,0.8,0.4,0.8
Queens Of The Stone Age,Avon,,,,,,,
Metallica,Ride The Lightning,,,,,,,
M83,I Guess I'M Floating,,,,,,,
Jimi Hendrix,Castles Made Of Sand,,,,,,,
Depeche Mode,See You,,,,,,,
Iron & Wine,Lovesong Of The Buzzard,,,,,,,
Radiohead,The Gloaming,,,,,,,
The Libertines,What Became Of The Likely Lads,,,,,,,
Placebo,Blue American,,,,,,,
Beck,Missing,,,,,,,
Porcupine Tree,Gravity Eyelids,,,,,,,
Nick Cave & The Bad Seeds,Henry Lee,,,,,,,
Green Day,Extraordinary Girl,,,,,,,
Sufjan Stevens,Prairie Fire That Wanders About,,,,,,,
Soundgarden,Spoonman,,,,,,,
Pj Harvey,Down By The Water,,,,,,,
Cat Power,Love & Communication,,,,,,,
The Strokes,The Way It Is,,,,,,,
Joanna Newsom,Emily,,,,,,,
A.C. Newman,Miracle Drug,,,,,,,
Muse,Falling Down,,,,,,,
Björk,Alarm Call,,,,,,,
The White Stripes,You'Ve Got Her In Your Pocket,,,,,,,
Kaiser Chiefs,Never Miss A Beat,,,,,,,
The New Pornographers,These Are The Fables,,,,,,,
Sonic Youth,Silver Rocket,,,,,,,
Daft Punk,Too Long,,,,,,,
Blur,On Your Own,,,,,,,
Emily Haines & The Soft Skeleton,Mostly Waving,,,,,,,
Pearl Jam,Elderly Woman Behind The Counter In A Small Town,0.6,0.8,0.4,0.6,0.6,0.2,0.4
Suzanne Vega,Tom'S Diner,,,,,,,
Peter Bjorn And John,Let'S Call It Off,,,,,,,
10Cc,I'M Not In Love,,,,,,,
Bob Dylan,Ballad Of A Thin Man,,,,,,,
Goldfrapp,Train,,,,,,,
Metallica,Turn The Page,,,,,,,
Doves,Pounding,,,,,,,
M83,Graveyard Girl,,,,,,,
Sonic Youth,Rats,,,,,,,
Sigur Rós,Hjartað Hamast (Bamm Bamm Bamm),,,,,,,
Led Zeppelin Jam,You Shook Me,,,,,,,
The Gathering,Travel,,,,,,,
Queens Of The Stone Age,Auto Pilot,,,,,,,
The Sounds,Living In America,,,,,,,
P!Nk,Just Like A Pill,,,,,,,
Oasis,Little By Little,,,,,,,
Girl Talk,Set It Off,,,,,,,
The Kills,Alphabet Pony,,,,,,,
Evanescence,Missing,,,,,,,
Metallica,The Unforgiven Ii,,,,,,,
Spoon,Eddie'S Ragga,,,,,,,
Patrick Wolf,The Childcatcher,,,,,,,
Rufus Wainwright,Going To A Town,,,,,,,
The Coral,In The Morning,,,,,,,
Nick Cave & The Bad Seeds,The Weeping Song,,,,,,,
M83,Skin Of The Night,,,,,,,
M.I.A.,Pull Up The People,,,,,,,
Weezer,No One Else,,,,,,,
The Beach Boys,I Get Around,,,,,,,
Foals,The French Open,,,,,,,
Simian Mobile Disco,Tits & Acid,0.0,0.0,0.0,0.0,0.0,0.0,0.0
System Of A Down,Shimmy,,,,,,,
Foals,Hummer,,,,,,,
Goldfrapp,Crystalline Green,,,,,,,
Iamx,Kiss And Swallow,,,,,,,
My Morning Jacket,Off The Record,,,,,,,
The Avalanches,Since I Left You,,,,,,,
Nine Inch Nails,10 Ghosts Ii,,,,,,,
Keane,Atlantic,,,,,,,
The Who,Substitute,,,,,,,
Björk,Aeroplane,,,,,,,
Anathema,One Last Goodbye,,,,,,,
Ac/Dc,Shoot To Thrill,,,,,,,
Jimmy Eat World,A Praise Chorus,,,,,,,
Him,In Joy And Sorrow,,,,,,,
Weezer,Pink Triangle,,,,,,,
Ladytron,Discotraxx,,,,,,,
Asobi Seksu,Strawberries,,,,,,,
Rilo Kiley,The Absence Of God,,,,,,,
Cocorosie,Tahiti Rain Song,,,,,,,
Patrick Wolf,Don'T Say No,,,,,,,
Goldfrapp,Number 1,,,,,,,
Sonic Youth,Dirty Boots,,,,,,,
Yeah Yeah Yeahs,Dull Life,,,,,,,
Him,Vampire Heart,,,,,,,
Carla Bruni,Quelqu'Un M'A Dit,,,,,,,
Asobi Seksu,Strings,,,,,,,
The Kills,Getting Down,,,,,,,
Stars,The First Five Times,,,,,,,
Bat For Lashes,Bat'S Mouth,,,,,,,
The White Stripes,The Nurse,,,,,,,
Coheed And Cambria,Welcome Home,,,,,,,
Afi,This Celluloid Dream,,,,,,,
Shivaree,Goodnight Moon,,,,,,,
Depeche Mode,The Sinner In Me,,,,,,,
Beck,Chemtrails,,,,,,,
Pj Harvey,This Mess We'Re In,,,,,,,
The Kooks,Do You Wanna,,,,,,,
Depeche Mode,Sister Of Night,,,,,,,
Janis Joplin,Me And Bobby Mcgee,,,,,,,
Elliott Smith,Single File,0.6,0.4,0.8,0.8,0.2,0.4,0.0
Cocorosie,Butterscotch,,,,,,,
Neko Case,Lion'S Jaws,,,,,,,
The Beatles,I Will,,,,,,,
Junior Senior,Move Your Feet,,,,,,,
Blonde Redhead,Misery Is A Butterfly,,,,,,,
Pantera,Domination,,,,,,,
Imogen Heap,Speeding Cars,,,,,,,
U2,Walk On,,,,,,,
The Smiths,Rubber Ring,,,,,,,
My Chemical Romance,You Know What They Do To Guys Like Us In Prison,,,,,,,
Katatonia,Consternation,,,,,,,
Children Of Bodom,Are You Dead Yet?,0.4,0.8,0.0,0.2,1.0,0.2,0.2
Iron & Wine,Free Until They Cut Me Down,,,,,,,
Marvin Gaye,What'S Going On,,,,,,,
Kate Bush,Hounds Of Love,,,,,,,
Ex Pistols,Anarchy In The U.K.,,,,,,,
No Doubt,Spiderwebs,,,,,,,
Band Of Horses,Marry Song,,,,,,,
Animal Collective,Guys Eyes,,,,,,,
Nick Drake,Parasite,,,,,,,
Jem,Just A Ride,,,,,,,
New Order,Regret,,,,,,,
Soilwork,Follow The Hollow,,,,,,,
Wolfmother,Mind'S Eye,,,,,,,
Damien Rice,Dogs,,,,,,,
The Beatles,She Came In Through The Bathroom Window,,,,,,,
Pearl Jam,Rearviewmirror,,,,,,,
Wolfmother,Pyramid,,,,,,,
Mando Diao,The Band,,,,,,,
M.I.A.,Xr2,,,,,,,
Scissor Sisters,Music Is The Victim,,,,,,,
The Red Jumpsuit Apparatus,Your Guardian Angel,0.8,0.6,0.6,0.8,0.4,0.2,0.4
Björk,All Neon Like,,,,,,,
Wilco,Hate It Here,,,,,,,
Buzzcocks,Ever Fallen In Love?,0.6,0.6,0.4,0.6,0.8,0.6,0.4
The Cure,Disintegration,,,,,,,
Belle And Sebastian,Act Of The Apostle Ii,,,,,,,
The Album Leaf,Always For You,,,,,,,
Uffie,Pop The Glock,,,,,,,
Kanye West,Amazing (Feat. Young Jeezy),,,,,,,
Pixies,No. 13 Baby,,,,,,,
Evanescence,Snow White Queen,,,,,,,
Nine Inch Nails,A Warm Place,,,,,,,
The Dandy Warhols,Nietzsche,,,,,,,
Tori Amos,Bouncing Off Clouds,,,,,,,
Cat Power,Fool,,,,,,,
Pink Floyd,One Of My Turns,,,,,,,
Kate Nash,Mouthwash,,,,,,,
Radiohead,Sail To The Moon,,,,,,,
The White Stripes,I'M Slowly Turning Into You,,,,,,,
The Faint,Glass Danse,,,,,,,
Audioslave,Doesn'T Remind Me,,,,,,,
Paramore,Emergency,,,,,,,
Pj Harvey,Victory,,,,,,,
Wolf Parade,Dinner Bells,,,,,,,
Pj Harvey,One Line,,,,,,,
Pearl Jam,Garden,,,,,,,
Beck,We Dance Alone,,,,,,,
The Sounds,Painted By Numbers,,,,,,,
The Sounds,Queen Of Apology,,,,,,,
Cat Power,Werewolf,,,,,,,
Depeche Mode,Freelove,0.6,0.6,0.8,0.8,0.2,0.4,0.6
Dread Zeppelin,No Quarter,,,,,,,
Grandaddy,A.M. 180,,,,,,,
Norah Jones,Seven Years,,,,,,,
Pink Floyd,Keep Talking,,,,,,,
The Velvet Underground,Who Loves The Sun,,,,,,,
Nine Inch Nails,Getting Smaller,,,,,,,
Slowdive,Souvlaki Space Station,,,,,,,
The Feeling,Fill My Little World,,,,,,,
The Knife,Rock Classics,,,,,,,
Kaiser Chiefs,Everything Is Average Nowadays,,,,,,,
The Stone Roses,I Am The Resurrection,,,,,,,
Fall Out Boy,Don'T You Know Who I Think I Am?,,,,,,,
Red Hot Chili Peppers,Get On Top,,,,,,,
Adam Green,Hard To Be A Girl,,,,,,,
Bloc Party,Signs,,,,,,,
No Doubt,Sunday Morning,,,,,,,
Beck,Walls,,,,,,,
The Beatles,Wait,,,,,,,
Girl Talk,Ask About Me,,,,,,,
Emilie Autumn,Opheliac,,,,,,,
Girl Talk,Hand Clap,,,,,,,
Rufus Wainwright,Oh What A World,,,,,,,
Justin Timberlake,What Goes Around.../...Comes Around Interlude,,,,,,,
The New Pornographers,Broken Breads,,,,,,,
Sufjan Stevens,Say Yes! To M!Ch!Gan!,,,,,,,
Babyshambles,You Talk,,,,,,,
Afi,The Leaving Song,,,,,,,
Evanescence,Anywhere,,,,,,,
Kanye West,Homecoming (Feat. Chris Martin),,,,,,,
Guns N' Roses,Don'T Cry (Original),,,,,,,
Black Rebel Motorcycle Club,Whatever Happened To My Rock 'N' Roll,,,,,,,
In Flames,System,,,,,,,
Within Temptation,Stand My Ground,,,,,,,
Zero 7,The Space Between,,,,,,,
Elliott Smith,Coming Up Roses,,,,,,,
The Clash,London'S Burning,,,,,,,
Paolo Nutini,Last Request,,,,,,,
The Clash,The Right Profile,,,,,,,
Incubus,Agoraphobia,,,,,,,
Lez Zeppelin,The Ocean,,,,,,,
The Velvet Underground,What Goes On,0.4,0.6,0.4,0.6,0.6,0.4,0.6
Wolfmother,Joker & The Thief,,,,,,,
Kevin Shields,Ikebana,,,,,,,
Amy Winehouse,Fuck Me Pumps,0.6,0.8,0.4,0.8,0.6,0.2,0.4
Slayer,Altar Of Sacrifice,,,,,,,
Death From Above 1979,Sexy Results,,,,,,,
Soilwork,As We Speak,,,,,,,
Bright Eyes,Land Locked Blues,,,,,,,
Soilwork,Weapon Of Vanity,0.6,0.8,0.2,0.4,1.0,0.2,0.4
Ratatat,Tropicana,,,,,,,
Marilyn Manson,The Fight Song,,,,,,,
Black Rebel Motorcycle Club,Wishing Well,,,,,,,
Yann Tiersen,Les Jours Tristes (Instrumental),,,,,,,
The Automatic,Monster,,,,,,,
Whitesnake,Fool For Your Loving,,,,,,,
The B-52'S,Love Shack,,,,,,,
Violent Femmes,Gone Daddy Gone,,,,,,,
Boy Kill Boy,Suzie,,,,,,,
Inxs,Need You Tonight,,,,,,,
Britney Spears,Perfect Lover,,,,,,,
Matchbox Twenty,If You'Re Gone,,,,,,,
The Rolling Stones,(I Can'T Get No) Satisfaction,,,,,,,
The Human League,Don'T You Want Me,,,,,,,
Mika,Stuck In The Middle,,,,,,,
In Flames,Crawl Through Knives,,,,,,,
Feist,1 2 3 4,,,,,,,
Lynyrd Skynyrd,Simple Man,,,,,,,
Múm,Now There'S That Fear Again,,,,,,,
Audioslave,Set It Off,,,,,,,
The Cure,Last Dance,,,,,,,
Lifehouse,Everything,,,,,,,
Placebo,Ask For Answers,,,,,,,
Imogen Heap,Closing In,,,,,,,
Zero 7,Speed Dial No. 2,,,,,,,
Pj Harvey,Silence,,,,,,,
Aesop Rock,None Shall Pass,,,,,,,
Mew,Circuitry Of The Wolf,,,,,,,
Hot Chip,Bendable Poseable,,,,,,,
My Bloody Valentine,Lose My Breath,,,,,,,
Wilco,Side With The Seeds,,,,,,,
Pantera,Mouth For War,,,,,,,
Tegan And Sara,I Bet It Stung,,,,,,,
Maxïmo Park,Acrobat,,,,,,,
Bob Marley & The Wailers,Waiting In Vain,,,,,,,
Camera Obscura,Come Back Margaret,,,,,,,
The Stills,Lola Stars And Stripes,,,,,,,
Tv On The Radio,Crying,,,,,,,
Rammstein,Moskau,,,,,,,
Regina Spektor,Chemo Limo,,,,,,,
Feist,One Two Three Four,,,,,,,
Elliott Smith,Christian Brothers,,,,,,,
Regina Spektor,Somedays,,,,,,,
The Long Blondes,Separated By Motorways,,,,,,,
Nightwish,Gethsemane,,,,,,,
Nick Drake,Horn,,,,,,,
Scissor Sisters,Return To Oz,,,,,,,
Iron & Wine,Resurrection Fern,,,,,,,
Tokyo Police Club,Your English Is Good,,,,,,,
Calvin Harris,Acceptable In The 80S,,,,,,,
Nine Inch Nails,In This Twilight,,,,,,,
Black Rebel Motorcycle Club,Shade Of Blue,,,,,,,
We Are Scientists,After Hours,,,,,,,
Beirut,The Gulag Orkestar,,,,,,,
Arctic Monkeys,505,0.6,0.8,0.4,0.6,0.4,0.4,0.6
Smoke City,Underwater Love,,,,,,,
David Bowie,Life On Mars,,,,,,,
Pink Floyd,Set The Controls For The Heart Of The Sun,,,,,,,
Antony And The Johnsons,Free At Last,,,,,,,
Garbage,#1 Crush,,,,,,,
The Pipettes,Your Kisses Are Wasted On Me,,,,,,,
Black Kids,I'Ve Underestimated My Charm (Again),,,,,,,
Daft Punk,Touch It / Technologic,,,,,,,
Led Zeppelin Jam,Moby Dick,,,,,,,
Hot Chip,Hold On,,,,,,,
The Black Angels,Black Grease,,,,,,,
The National,Ada,,,,,,,
The Velvet Underground,I'M Sticking With You,,,,,,,
Belle And Sebastian,The Boy Done Wrong Again,,,,,,,
Robyn,Konichiwa Bitches,,,,,,,
Depeche Mode,Leave In Silence,,,,,,,
Daft Punk,One More Time / Aerodynamic,,,,,,,
Him,Soul On Fire,,,,,,,
Apocalyptica,Bittersweet,,,,,,,
The Ting Tings,Traffic Light,,,,,,,
Sonic Youth,The Sprawl,,,,,,,
Bloc Party,Halo,,,,,,,
James Blunt,Tears And Rain,,,,,,,
Clint Mansell,Together We Will Live Forever,,,,,,,
Spoon,Sister Jack,,,,,,,
M.I.A.,20 Dollar,,,,,,,
The Last Shadow Puppets,My Mistakes Were Made For You,,,,,,,
Black Sabbath,Planet Caravan,,,,,,,
Crystal Castles,Black Panther,0.8,0.4,0.6,0.4,0.6,0.2,0.4
Metric,Hardwire,,,,,,,
Anton Maiden,Fear Of The Dark,,,,,,,
A Perfect Circle,Vanishing,,,,,,,
Nick Drake,Introduction,,,,,,,
The Libertines,What A Waster,,,,,,,
Bat For Lashes,Sarah,,,,,,,
Porcupine Tree,Collapse The Light Into Earth,,,,,,,
Arctic Monkeys,Bigger Boys And Stolen Sweethearts,,,,,,,
The Sounds,Song With A Mission,,,,,,,
The Dandy Warhols,Godless,,,,,,,
Iron & Wine,Pagan Angel And A Borrowed Car,,,,,,,
Pulp,Sorted For E'S & Wizz,,,,,,,
Animal Collective,Taste,,,,,,,
Mirah,Cold Cold Water,,,,,,,
Röyksopp,Dead To The World,,,,,,,
Ladytron,Fighting In Built Up Areas,,,,,,,
Gym Class Heroes,Cupid'S Chokehold,,,,,,,
Beck,Strange Apparition,,,,,,,
Mylo,Guilty Of Love,,,,,,,
Architecture In Helsinki,Hold Music,,,,,,,
Bright Eyes,Take It Easy (Love Nothing),,,,,,,
Andrew Bird,A Nervous Tic Motion Of The Head To The Left,,,,,,,
Daft Punk,The Prime Time Of Your Life,,,,,,,
Pink Floyd,Echoes,,,,,,,
Travis,Re-Offender,,,,,,,
Oasis,I'M Outta Time,,,,,,,
Girl Talk,No Pause,,,,,,,
Scissor Sisters,Tits On The Radio,,,,,,,
Tool,Hush,,,,,,,
Belle And Sebastian,She'S Losing It,,,,,,,
Pearl Jam,Porch,,,,,,,
Slayer,Piece By Piece,,,,,,,
Yann Tiersen,La Dispute,0.0,0.0,0.0,0.0,0.0,0.0,0.0
Tori Amos,Precious Things,,,,,,,
Red Hot Chili Peppers,My Friends,,,,,,,
Emily Haines & The Soft Skeleton,The Maid Needs A Maid,,,,,,,
Tori Amos,Leather,,,,,,,
Panic At The Disco,I Constantly Thank God For Esteban,,,,,,,
Wilco,Hummingbird,,,,,,,
Dj Shadow,The Number Song,,,,,,,
Hot Hot Heat,You Owe Me An Iou,,,,,,,
The Chemical Brothers,Saturate,,,,,,,
Camera Obscura,Dory Previn,,,,,,,
The Kooks,Shine On,,,,,,,
The National,Daughters Of The Soho Riots,,,,,,,
30 Seconds To Mars,Capricorn (A Brand New Name),,,,,,,
Placebo,Protège Moi,,,,,,,
Broken Social Scene,I'M Still Your Fag,,,,,,,
Black Rebel Motorcycle Club,Complicated Situation,,,,,,,
The Clash,Death Or Glory,,,,,,,
Blondie,Picture This,,,,,,,
Neutral Milk Hotel,The Fool,,,,,,,
Pj Harvey,Big Exit,,,,,,,
Tokyo Police Club,Citizens Of Tomorrow,,,,,,,
Patrick Wolf,Get Lost,,,,,,,
The Jesus And Mary Chain,The Hardest Walk,,,,,,,
Afi,Dancing Through Sunday,,,,,,,
Girl Talk,What It'S All About,,,,,,,
System Of A Down,X,,,,,,,
Boards Of Canada,In The Annexe,,,,,,,
System Of A Down,Soldier Side (Intro),,,,,,,
System Of A Down,Psycho,,,,,,,
Nightwish,Over The Hills And Far Away,,,,,,,
Something Corporate,Konstantine,,,,,,,
M.I.A.,Bird Flu,,,,,,,
The Stone Roses,This Is The One,,,,,,,
Radiohead,Backdrifts,,,,,,,
Deftones,Feiticeira,,,,,,,
Ladytron,Soft Power,,,,,,,
Lcd Soundsystem,Watch The Tapes,,,,,,,
Pink Floyd,In The Flesh?,,,,,,,
Pinback,Fortress,,,,,,,
Bright Eyes,Hot Knives,,,,,,,
The Radio Dept.,The Worst Taste In Music,,,,,,,
Sleater-Kinney,Modern Girl,,,,,,,
Fall Out Boy,Sophomore Slump Or Comeback Of The Year,,,,,,,
Sigur Rós,Straumnes,,,,,,,
The Velvet Underground,Beginning To See The Light,,,,,,,
Kings Of Convenience,Sorry Or Please,0.6,0.6,0.8,1.0,0.0,0.2,0.6
Death In Vegas,Girls,,,,,,,
Thirteen Senses,Into The Fire,,,,,,,
The Cloud Room,Hey Now Now,,,,,,,
Sufjan Stevens,Flint (For The Unemployed And Underpaid),,,,,,,
The Beatles,The Fool On The Hill,,,,,,,
The Magic Numbers,Mornings Eleven,,,,,,,
No Doubt,Bathwater,,,,,,,
Dread Zeppelin,The Song Remains The Same,,,,,,,
Him,Poison Girl,,,,,,,
Metallica,The Unforgiven Iii,,,,,,,
Architecture In Helsinki,To And Fro,0.8,0.4,0.6,0.6,0.2,0.4,0.8
Of Montreal,A Sentence Of Sorts In Kongsvinger,,,,,,,
Bloc Party,Tulips,,,,,,,
Goldfrapp,Clowns,,,,,,,
Katie Melua,Nine Million Bicycles,,,,,,,
The Libertines,Vertigo,,,,,,,
Sonic Syndicate,Jailbreak,,,,,,,
Moby,Bodyrock,,,,,,,
Neil Young,The Needle And The Damage Done,,,,,,,
Elliott Smith,Wouldn'T Mama Be Proud?,,,,,,,
Elbow,Forget Myself,,,,,,,
Architecture In Helsinki,Fumble,,,,,,,
The Flaming Lips,The W.A.N.D.,,,,,,,
Linkin Park,With You,,,,,,,
Autolux,Turnstile Blues,,,,,,,
Basement Jaxx,Red Alert,,,,,,,
Beach House,Master Of None,,,,,,,
Melanie C,Beautiful Intentions,,,,,,,
Radiohead,Sit Down. Stand Up. (Snakes & Ladders.),,,,,,,
The Dresden Dolls,Shores Of California,,,,,,,
The Beatles,Polythene Pam,,,,,,,
Aphex Twin,Vordhosbn,,,,,,,
Katatonia,Follower,,,,,,,
The Cure,Catch,,,,,,,
Hard-Fi,Tied Up Too Tight,,,,,,,
The Raveonettes,Love In A Trashcan,,,,,,,
Modest Mouse,Heart Cooks Brain,,,,,,,
Tool,Intolerance,,,,,,,
Madonna,4 Minutes (Feat. Justin Timberlake),,,,,,,
M.I.A.,10 Dollar,,,,,,,
Björk,Declare Independence,,,,,,,
Björk,Hyper-Ballad,,,,,,,
The Black Angels,Young Men Dead,,,,,,,
Eddie Vedder,No Ceiling,,,,,,,
Camera Obscura,If Looks Could Kill,,,,,,,
Nouvelle Vague,A Forest,,,,,,,
The Doors,Alabama Song,,,,,,,
Orchestral Manoeuvres In The Dark,Enola Gay,,,,,,,
Jens Lekman,And I Remember Every Kiss,,,,,,,
Battles,Rainbow,,,,,,,
Mew,Am I Wry? No,,,,,,,
Emily Haines & The Soft Skeleton,Detective Daughter,,,,,,,
Joanna Newsom,Only Skin,,,,,,,
Mew,A Dark Design,,,,,,,
My Chemical Romance,The End.,,,,,,,
Nirvana,Scentless Apprentice,,,,,,,
Girl Talk,Like This,,,,,,,
In Flames,Bullet Ride,,,,,,,
M83,In The Cold I'M Standing,,,,,,,
Nelly Furtado,Glow,,,,,,,
The White Stripes,Passive Manipulation,,,,,,,
Wolf Parade,This Heart'S On Fire,,,,,,,
Beirut,Prenzlaurberg,,,,,,,
Snow Patrol,Take Back The City,,,,,,,
Hot Chip,Look After Me,,,,,,,
Santogold,Lights Out,,,,,,,
Ladytron,He Took Her To A Movie,,,,,,,
Patrick Wolf,Pigeon Song,,,,,,,
Beach House,Gila,,,,,,,
Björk,There'S More To Life Than This,,,,,,,
Wolfmother,Apple Tree,,,,,,,
Explosions In The Sky,A Song For Our Fathers,,,,,,,
Björk,Oceania,,,,,,,
Lcd Soundsystem,Disco Infiltrator,0.6,0.4,0.4,0.6,0.4,0.6,0.4
Cut Copy,Autobahn Music Box,,,,,,,
Tool,Useful Idiot,,,,,,,
Fleet Foxes,Mykonos,,,,,,,
Jim Sturgess,I'Ve Just Seen A Face,,,,,,,
Just Jack,Starz In Their Eyes,,,,,,,
Amy Macdonald,Poison Prince,,,,,,,
Bob Dylan,Girl From The North Country,,,,,,,
Kings Of Leon,Velvet Snow,,,,,,,
The Zutons,Valerie,,,,,,,
Rufus Wainwright,Poses,,,,,,,
Ratatat,Crips,,,,,,,
The Kooks,Match Box,,,,,,,
Placebo,Summer'S Gone,,,,,,,
Gorillaz,Demon Days,,,,,,,
Kasabian,L.S.F. (Lost Souls Forever),,,,,,,
Feist,How My Heart Behaves,,,,,,,
Red Hot Chili Peppers,Torture Me,,,,,,,
Kylie Minogue,Speakerphone,,,,,,,
Spoon,The Delicate Place,,,,,,,
Bullet For My Valentine,Tears Don'T Fall,,,,,,,
Kylie Minogue,2 Hearts,,,,,,,
Three Days Grace,I Hate Everything About You,,,,,,,
The Smiths,Nowhere Fast,,,,,,,
Black Rebel Motorcycle Club,Ha Ha High Babe,,,,,,,
Oasis,Mucky Fingers,,,,,,,
Bush,Swallowed,,,,,,,
The Decemberists,Oceanside,,,,,,,
Frou Frou,Only Got One,0.8,0.6,0.8,0.8,0.2,0.4,0.6
Vampire Weekend,One (Blake'S Got A New Face),,,,,,,
Nine Inch Nails,Even Deeper,,,,,,,
Pj Harvey,You Said Something,,,,,,,
Boards Of Canada,Everything You Do Is A Balloon,,,,,,,
Pink Floyd,Nobody Home,,,,,,,
Sigur Rós,Illgresi,,,,,,,
Mew,156,,,,,,,
Nine Inch Nails,With Teeth,,,,,,,
Pink Floyd,Another Brick In The Wall,,,,,,,
Eurythmics,Sweet Dreams (Are Made Of This),,,,,,,
Modest Mouse,Blame It On The Tetons,,,,,,,
Björk,Frosti,,,,,,,
The Psychedelic Furs,Love My Way,,,,,,,
The Go! Team,Friendship Update,,,,,,,
Keane,Perfect Symmetry,,,,,,,
Kings Of Convenience,Failure,,,,,,,
Green Day,Are We The Waiting,,,,,,,
Bedouin Soundclash,When The Night Feels My Song,,,,,,,
Belle And Sebastian,Electronic Renaissance,,,,,,,
Jens Lekman,Your Arms Around Me,,,,,,,
Fiona Apple,Sally'S Song,,,,,,,
Fall Out Boy,Nobody Puts Baby In The Corner,,,,,,,
Chemistry,約束の場所,,,,,,,
Kanye West,Robocop,,,,,,,
The New Pornographers,Mass Romantic,,,,,,,
The Album Leaf,Eastern Glow,,,,,,,
Creedence Clearwater Revisited,Down On The Corner,,,,,,,
Damien Rice,Elephant,0.6,0.6,0.8,0.8,0.4,0.2,0.4
The Album Leaf,Over The Pond,,,,,,,
Moby,Where You End,,,,,,,
Zero 7,Passing By,,,,,,,
Seether (Feat. Amy Lee),Broken,,,,,,,
Queens Of The Stone Age,If Only,,,,,,,
Maroon 5,Little Of Your Time,,,,,,,
Linkin Park,My December,,,,,,,
Pet Shop Boys,West End Girls,,,,,,,
Pendulum,Hold Your Colour,,,,,,,
Pearl Jam,Why Go,,,,,,,
Wilco,Via Chicago,,,,,,,
Deftones,Beware,,,,,,,
Deftones,Cherry Waves,,,,,,,
Iron & Wine,Faded From The Winter,,,,,,,
Band Of Horses,Lamb On The Lam (In The City),,,,,,,
Mogwai,Ratts Of The Capital,0.0,0.0,0.0,0.0,0.0,0.0,0.0
Gang Of Four,Not Great Men,,,,,,,
Disturbed,I'M Alive,,,,,,,
Sex Pistols,Bodies,,,,,,,
Him,Gone With The Sin,,,,,,,
Robots In Disguise,Turn It Up,,,,,,,
Marilyn Manson,Sweet Dreams (Are Made Of This),0.4,0.8,0.2,0.4,0.8,0.2,0.4
Lily Allen,Everyone'S At It,,,,,,,
Led Zeppelin,Houses Of The Holy,0.6,0.8,0.2,0.6,0.6,0.4,0.4
Kings Of Leon,Be Somebody,,,,,,,
Modest Mouse,Steam Engenius,,,,,,,
Modest Mouse,The Cold Part,,,,,,,
Wilco,Please Be Patient With Me,,,,,,,
Suede,Trash,,,,,,,
Lcd Soundsystem,Too Much Love,,,,,,,
Fiona Apple,Get Him Back,,,,,,,
U2,All Because Of You,,,,,,,
Johnny Cash,God'S Gonna Cut You Down,,,,,,,
The Decemberists,The Bagman'S Gambit,,,,,,,
Maná,Hechicera,,,,,,,
Lacuna Coil,Enjoy The Silence,,,,,,,
Patrick Wolf,London,,,,,,,
Goldfrapp,Satin Chic,,,,,,,
The Smiths,The Hand That Rocks The Cradle,,,,,,,
Fiona Apple,The Way Things Are,,,,,,,
Dimmu Borgir,Progenies Of The Great Apocalypse,,,,,,,
Amy Macdonald,Mr Rock & Roll,,,,,,,
Paramore,Hallelujah,,,,,,,
Architecture In Helsinki,City Calm Down,,,,,,,
Amorphis,Silent Waters,,,,,,,
David Bowie,Queen Bitch,,,,,,,
Visage,Fade To Grey,,,,,,,
Regina Spektor,Lady,0.8,0.6,0.6,0.8,0.2,0.4,0.4
Depeche Mode,Black Celebration,,,,,,,
The Chemical Brothers,Star Guitar,,,,,,,
Type O Negative,My Girlfriend'S Girlfriend,,,,,,,
Cary Brothers,Blue Eyes,,,,,,,
Björk,Pleasure Is All Mine,,,,,,,
Yo La Tengo,Beanbag Chair,,,,,,,
Korn,Falling Away From Me,,,,,,,
The Beatles,Yer Blues,,,,,,,
Mogwai,Golden Porsche,,,,,,,
Iron & Wine,Passing Afternoon,,,,,,,
Elliott Smith,I Didn'T Understand,,,,,,,
The Presets,Girl And The Sea,,,,,,,
David Bowie,Lady Stardust,,,,,,,
Bruce Springsteen,Thunder Road,,,,,,,
Bloc Party,One Month Off,,,,,,,
Kate Bush,Cloudbusting,,,,,,,
Queens Of The Stone Age,Better Living Through Chemistry,,,,,,,
Deftones,Rx Queen,,,,,,,
M83,Moonchild,,,,,,,
Queens Of The Stone Age,Someone'S In The Wolf,,,,,,,
Portishead,Seven Months,,,,,,,
Tool,Intermission,,,,,,,
The Postal Service,Be Still My Heart,,,,,,,
Mogwai,Moses? I Amn'T,,,,,,,
Minus The Bear,Absinthe Party At The Fly Honey Warehouse,,,,,,,
Nouvelle Vague,Blue Monday,0.6,0.4,0.8,0.8,0.0,0.2,0.4
Television,See No Evil,,,,,,,
Beck,Replica,,,,,,,
Estelle,American Boy (Feat. Kanye West),,,,,,,
Yeah Yeah Yeahs,Soft Shock,,,,,,,
Mando Diao,Tv & Me,0.6,0.8,0.4,0.6,0.8,0.4,0.6
Camera Obscura,The False Contender,,,,,,,
The Clash,Complete Control,,,,,,,
Le Tigre,Tko,,,,,,,
Counting Crows,Mr. Jones,,,,,,,
Thievery Corporation,Until The Morning,,,,,,,
Yelle,À Cause Des Garçons,,,,,,,
Placebo,In The Cold Light Of Morning,,,,,,,
Sigur Rós,Agaetis Byrjun,,,,,,,
Moby,Everloving,,,,,,,
Iamx,Nightlife,,,,,,,
The Decemberists,Clementine,,,,,,,
Santogold,My Superman,,,,,,,
Porcupine Tree,Arriving Somewhere But Not Here,,,,,,,
The Prodigy,Out Of Space,,,,,,,
Queens Of The Stone Age,Into The Hollow,,,,,,,
The Offspring,Want You Bad,,,,,,,
Kylie Minogue,I Believe In You,,,,,,,
Jens Lekman,A Postcard To Nina,,,,,,,
Rammstein,Mutter,,,,,,,
Pink Floyd,Coming Back To Life,,,,,,,
Bright Eyes,Bowl Of Oranges,,,,,,,
Kylie Minogue,Like A Drug,,,,,,,
M83,Couleurs,,,,,,,
Black Rebel Motorcycle Club,American X,,,,,,,
Bob Marley & The Wailers,Is This Love,,,,,,,
The Beatles,You Won'T See Me,,,,,,,
The Who,Magic Bus,,,,,,,
Burial,Shell Of Light,,,,,,,
Vitalic,My Friend Dario,,,,,,,
65Daysofstatic,Drove Through Ghosts To Get Here,,,,,,,
Dead Kennedys,California Über Alles,,,,,,,
A Tribe Called Quest,Can I Kick It?,,,,,,,
Explosions In The Sky,The Birth And Death Of The Day,,,,,,,
Björk,Cocoon,,,,,,,
Jimi Hendrix,Red House,0.6,0.8,0.4,0.6,0.8,0.2,0.0
Massive Attack,Five Man Army,,,,,,,
Wilco,Shake It Off,,,,,,,
Katatonia,Saw You Drown,,,,,,,
The Wombats,Moving To New York,,,,,,,
Of Montreal,The Party'S Crashing Us,,,,,,,
Sufjan Stevens,In The Devil'S Territory,,,,,,,
Santogold,Creator,,,,,,,
Rilo Kiley,More Adventurous,,,,,,,
Bon Jovi,It'S My Life,,,,,,,
Pendulum,Showdown,,,,,,,
Ok Go,A Million Ways,,,,,,,
Tool,Viginti Tres,,,,,,,
Of Montreal,The Past Is A Grotesque Animal,,,,,,,
The Decemberists,The Legionnaire'S Lament,,,,,,,
Bonnie 'Prince' Billy,I See A Darkness,,,,,,,
!!!,A New Name,,,,,,,
Linkin Park,Runaway,,,,,,,
Tricky,Overcome,,,,,,,
Tenacious D,Kickapoo,,,,,,,
Tenacious D,Kielbasa,,,,,,,
The Subways,I Want To Hear What You Have Got To Say,,,,,,,
The Last Shadow Puppets,Standing Next To Me,,,,,,,
The Pipettes,It Hurts To See You Dance So Well,,,,,,,
Stars,Calendar Girl,,,,,,,
The Avalanches,Frontier Psychiatrist,,,,,,,
Roxette,It Must Have Been Love,,,,,,,
Glen Hansard & Markéta Irglová,Falling Slowly,,,,,,,
Broken Social Scene,Superconnected,,,,,,,
Sigur Rós,Hoppipolla Afturabak,,,,,,,
The Automatic,Raoul,,,,,,,
Mew,Why Are You Looking Grave?,,,,,,,
Opeth,Hope Leaves,,,,,,,
Kings Of Convenience,Know How,,,,,,,
Garbage,Run Baby Run,,,,,,,
Frida Sandén,Nu Eller Aldrig,,,,,,,
Belle And Sebastian,Wrapped Up In Books,,,,,,,
Black Rebel Motorcycle Club,Window,0.4,0.6,0.8,0.6,0.8,0.4,0.2
The Academy Is...,The Phrase That Pays,,,,,,,
The Prodigy,Thunder,,,,,,,
Daft Punk,Fresh,,,,,,,
Cat Power,Empty Shell,,,,,,,
Aphex Twin,Xtal,,,,,,,
Placebo,I'Ll Be Yours,,,,,,,
Lenny Kravitz,Are You Gonna Go My Way,,,,,,,
Nine Inch Nails,The Great Destroyer,,,,,,,
Dredg,Catch Without Arms,,,,,,,
The Rakes,Binary Love,,,,,,,
Talking Heads,Heaven,,,,,,,
Green Day,Jesus Of Suburbia,,,,,,,
Spoon,Rhthm And Soul,,,,,,,
Fall Out Boy,I'M Like A Lawyer With The Way I'M Always Trying To Get You Off (Me & You),,,,,,,
Sufjan Stevens,The Upper Peninsula,,,,,,,
Queens Of The Stone Age,Turnin' On The Screw,,,,,,,
The Raconteurs,Blue Veins,,,,,,,
In Flames,Gyroscope,,,,,,,
U2,Bad,,,,,,,
Katatonia,July,,,,,,,
Killswitch Engage,My Curse,,,,,,,
Metallica,Motorbreath,,,,,,,
Pj Harvey,Broken Harp,,,,,,,
Metallica,The Call Of Ktulu,,,,,,,
Him,Sweet Pandemonium,,,,,,,
Type O Negative,Love You To Death,,,,,,,
Matchbox Twenty,Disease,,,,,,,
Queens Of The Stone Age,Hangin' Tree,,,,,,,
Hercules And Love Affair,You Belong,,,,,,,
Goldfrapp,Slide In,,,,,,,
Björk,Like Someone In Love,,,,,,,
David Bowie,Cracked Actor,,,,,,,
Patrick Wolf,Wolf Song,,,,,,,
The Jesus And Mary Chain,Never Understand,,,,,,,
Cat Power,Willie,,,,,,,
David Bowie,Soul Love,,,,,,,
Rammstein,Wo Bist Du,,,,,,,
Guns N' Roses,Ain'T It Fun,,,,,,,
Idlewild,You Held The World In Your Arms,,,,,,,
The Beatles,When I'M Sixty-Four,,,,,,,
Scissor Sisters,I Don'T Feel Like Dancing,,,,,,,
Nick Drake,Time Has Told Me,,,,,,,
Iron & Wine,Jezebel,,,,,,,
The Prodigy,Colours,,,,,,,
Nine Inch Nails,Please,,,,,,,
Led Zeppelin,Dancing Days,,,,,,,
Atb,Ecstasy,,,,,,,
Apparat,Hailin From The Edge,,,,,,,
Faithless,God Is A Dj,,,,,,,
Iron & Wine,The Devil Never Sleeps,,,,,,,
Editors,Open Your Arms,,,,,,,
Maroon 5,Can'T Stop,,,,,,,
Nine Inch Nails,Sanctified,,,,,,,
The Libertines,The Ha Ha Wall,,,,,,,
My Chemical Romance,To The End,,,,,,,
The Stone Roses,Don'T Stop,,,,,,,
Queens Of The Stone Age,Leg Of Lamb,,,,,,,
David Bowie,Rock 'N' Roll Suicide,,,,,,,
She Wants Revenge,These Things,,,,,,,
Nine Inch Nails,Ruiner,,,,,,,
Babyshambles,La Belle Et La Bête,,,,,,,
Mariah Carey,All I Want For Christmas Is You,,,,,,,
Babyshambles,The 32Nd Of December,,,,,,,
Soda Stereo,En La Ciudad De La Furia,,,,,,,
Porcupine Tree,Lightbulb Sun,,,,,,,
Linkin Park,A Place For My Head,,,,,,,
Sigur Rós,Hafsól,,,,,,,
Sonic Youth,Turquoise Boy,,,,,,,
Spoon,Finer Feelings,,,,,,,
Serj Tankian,Sky Is Over,,,,,,,
The Decemberists,Grace Cathedral Hill,,,,,,,
Sébastien Tellier,La Ritournelle,,,,,,,
Múm,K/Half Noise,,,,,,,
Fall Out Boy,I Slept With Someone In Fall Out Boy And All I Got Was This Stupid Song Written About Me,,,,,,,
Yeah Yeah Yeahs,Runaway,,,,,,,
The Radio Dept.,Pulling Our Weight,,,,,,,
Jem,Save Me,,,,,,,
Elvis Presley,Hound Dog,,,,,,,
Mylo,Rikki,,,,,,,
Queen,Now I'M Here,,,,,,,
Broken Social Scene,Almost Crimes,,,,,,,
Blur,Tender,,,,,,,
Múm,Hú Hviss - A Ship,0.8,0.4,0.8,0.8,0.0,0.4,0.6
The Beatles,Wild Honey Pie,,,,,,,
Hot Chip,No Fit State,,,,,,,
Gorillaz,Punk,,,,,,,
Ratatat,Montanita,,,,,,,
Ratatat,El Pico,,,,,,,
The Faint,Agenda Suicide,,,,,,,
Nirvana,Serve The Servants,,,,,,,
Kanye West,Everything I Am,,,,,,,
Nirvana,School,,,,,,,
Nirvana,Very Ape,,,,,,,
Pixies,Is She Weird,,,,,,,
The Verve,The Rolling People,,,,,,,
Sufjan Stevens,The Henney Buggy Band,,,,,,,
Depeche Mode,Waiting For The Night,,,,,,,
Guns N' Roses,Think About You,,,,,,,
Joy Division,The Eternal,,,,,,,
Mötley Crüe,Shout At The Devil,,,,,,,
Modest Mouse,Dramamine,,,,,,,
Placebo,Plasticine,,,,,,,
Placebo,Scared Of Girls,,,,,,,
Soda Stereo,Cuando Pase El Temblor,,,,,,,
Metallica,Bleeding Me,,,,,,,
Bernard Herrmann,Twisted Nerve,,,,,,,
Battles,Bad Trails,,,,,,,
Friendly Fires,Paris,,,,,,,
Within Temptation,Forsaken,,,,,,,
Blur,No Distance Left To Run,,,,,,,
System Of A Down,Science,,,,,,,
Burial,Untrue,,,,,,,
The Futureheads,Skip To The End,,,,,,,
Yellowcard,Only One,0.6,0.8,0.4,0.6,0.4,0.4,0.6
Nick Cave & The Bad Seeds,Into My Arms,,,,,,,
The Jesus And Mary Chain,Cut Dead,,,,,,,
Primal Scream,Movin' On Up,,,,,,,
Belle And Sebastian,Is It Wicked Not To Care?,,,,,,,
Nine Inch Nails,Happiness In Slavery,,,,,,,
Elliott Smith,St. Ides Heaven,,,,,,,
The Gathering,Marooned,,,,,,,
Elliott Smith,The Biggest Lie,,,,,,,
The Decemberists,Odalisque,,,,,,,
Super Furry Animals,Hello Sunshine,,,,,,,
Cut Copy,Time Stands Still,,,,,,,
Talk Talk,It'S My Life,,,,,,,
Grandaddy,Hewlett'S Daughter,,,,,,,
Klaxons,Four Horsemen Of 2012,,,,,,,
The Whitest Boy Alive,Inflation,,,,,,,
The Flaming Lips,All We Have Is Now,,,,,,,
The Flaming Lips,It'S Summertime,,,,,,,
Radiohead,A Wolf At The Door,,,,,,,
Sleater-Kinney,Entertain,,,,,,,
The Mars Volta,This Apparatus Must Be Unearthed,,,,,,,
Björk,Wanderlust,,,,,,,
Deep Purple,Soldier Of Fortune,,,,,,,
Wilco,At Least That'S What You Said,,,,,,,
Porcupine Tree,Halo,,,,,,,
The Beatles,The Continuing Story Of Bungalow Bill,,,,,,,
Cat Power,I Found A Reason,,,,,,,
Fall Out Boy,Golden,,,,,,,
Fedde Le Grand,Put Your Hands Up For Detroit,,,,,,,
Deerhunter,Calvary Scars,,,,,,,
The Cure,All Cats Are Grey,,,,,,,
Blondie,The Tide Is High,,,,,,,
Final Fantasy,The Cn Tower Belongs To The Dead,,,,,,,
The Prodigy,Mindfields,,,,,,,
Nine Inch Nails,Big Man With A Gun,,,,,,,
Oasis,Slide Away,,,,,,,
Tiga,You Gonna Want Me,,,,,,,
Mando Diao,Long Before Rock 'N' Roll,,,,,,,
Mando Diao,Down In The Past,,,,,,,
Ladyhawke,Magic,,,,,,,
Gorillaz,Rock The House,,,,,,,
The Jesus And Mary Chain,Head On,,,,,,,
Metallica,Leper Messiah,,,,,,,
Lady Gaga,Boys Boys Boys,,,,,,,
Porcupine Tree,The Rest Will Flow,,,,,,,
Backyard Babies,Minus Celsius,,,,,,,
Bat For Lashes,Seal Jubilee,,,,,,,
Foo Fighters,Walking After You,,,,,,,
Brian Eno,2/2,,,,,,,
Pj Harvey,The Whores Hustle And The Hustlers Whore,,,,,,,
Duran Duran,Girls On Film,,,,,,,
Tegan And Sara,Fix You Up,,,,,,,
Tonic,If You Could Only See,0.6,0.8,0.4,0.6,1.0,0.4,0.4
Vnv Nation,Standing,,,,,,,
Olspur,It'S Time To Rock,,,,,,,
Björk,I'Ve Seen It All,,,,,,,
Los Campesinos!,You! Me! Dancing!,0.6,0.6,0.4,0.6,0.4,0.4,0.8
Rage Against The Machine,Born Of A Broken Man,,,,,,,
Clint Mansell,Xibalba,,,,,,,
Radiohead,Nice Dream,,,,,,,
Death Cab For Cutie,Pity And Fear,,,,,,,
Oasis,Go Let It Out,,,,,,,
Ladyhawke,My Delirium,,,,,,,
Children Of Bodom,Sixpounder,,,,,,,
Iron & Wine,Southern Anthem,,,,,,,
M. Ward,Transfiguration #1,,,,,,,
Editors,Bones,,,,,,,
Silversun Pickups,Kissing Families,,,,,,,
Keane,Put It Behind You,,,,,,,
Deep Purple,Child In Time,,,,,,,
Weezer,Why Bother?,,,,,,,
Johnny Cash,I Still Miss Someone,,,,,,,
Johnny Cash,Give My Love To Rose,,,,,,,
Timbaland,The Way I Are,,,,,,,
Regina Spektor,Summer In The City,,,,,,,
Phoenix,Consolation Prizes,,,,,,,
The 69 Eyes,Brandon Lee,,,,,,,
Lady Gaga,The Fame,,,,,,,
Sex Pistols,Liar,,,,,,,
Ambulance Ltd,Heavy Lifting,,,,,,,
Talking Heads,Road To Nowhere,,,,,,,
Iron & Wine,Wolves (Song Of The Shepherd'S Dog),,,,,,,
Tegan And Sara,I Won'T Be Left,,,,,,,
The Clash,Straight To Hell,,,,,,,
Guns N' Roses,Better,,,,,,,
The Decemberists,Of Angels And Angles,,,,,,,
The Decemberists,Red Right Ankle,,,,,,,
Andrew Bird,Fiery Crash,,,,,,,
The Smiths,I Don'T Owe You Anything,,,,,,,
The Bravery,Swollen Summer,,,,,,,
Depeche Mode,In Sympathy,,,,,,,
José González,Teardrop,,,,,,,
Nina Simone,My Baby Just Cares For Me,,,,,,,
Yann Tiersen,La Valse D'Amélie (Version Piano),,,,,,,
Placebo,Passive Aggressive,,,,,,,
Tool,Bottom,,,,,,,
Rilo Kiley,I Never,,,,,,,
Digitalism,Magnets,,,,,,,
Everything But The Girl,Missing,,,,,,,
Black Rebel Motorcycle Club,Rise Or Fall,,,,,,,
Elliott Smith,A Passing Feeling,,,,,,,
Bruce Springsteen,Streets Of Philadelphia,,,,,,,
Bob Dylan,Hurricane,,,,,,,
Jack Johnson,Bubble Toes,,,,,,,
Mew,She Came Home For Christmas,,,,,,,
Sonic Youth,Schizophrenia,,,,,,,
Mazzy Star,Five String Serenade,,,,,,,
Korn,Got The Life,,,,,,,
Maxïmo Park,Girls Who Play Guitars,,,,,,,
Patrick Wolf,The Kiss,,,,,,,
Pulp,I Spy,,,,,,,
Imogen Heap,The Moment I Said It,,,,,,,
Sufjan Stevens,Holland,,,,,,,
Röyksopp,Sombre Detune,,,,,,,
Audioslave,Getaway Car,,,,,,,
Grizzly Bear,Easier,,,,,,,
Beck,Dark Star,,,,,,,
Finntroll,Trollhammaren,,,,,,,
David Bowie,Drive-In Saturday,,,,,,,
Katatonia,Rusted,,,,,,,
Regina Spektor,Love Affair,,,,,,,
Bonobo,Ketto,,,,,,,
Matchbox Twenty,Downfall,,,,,,,
Siouxsie And The Banshees,Happy House,,,,,,,
Nine Inch Nails,Pinion,,,,,,,
Spoon,My Little Japanese Cigarette Case,,,,,,,
System Of A Down,I-E-A-I-A-I-O,,,,,,,
Daft Punk,Too Long / Steam Machine,,,,,,,
Eddie Vedder,Rise,,,,,,,
Van Halen,Eruption,,,,,,,
Tori Amos,Sweet The Sting,,,,,,,
The Kooks,If Only,,,,,,,
Mew,Fox Cub,,,,,,,
Calvin Harris,Acceptable In The 80'S,,,,,,,
Of Montreal,I Was Never Young,,,,,,,
The Fray,Dead Wrong,,,,,,,
The Cure,High,,,,,,,
Andrew Bird,Sovay,,,,,,,
Beck,Earthquake Weather,,,,,,,
Tv On The Radio,Let The Devil In,,,,,,,
Elbow,The Bones Of You,0.6,0.8,0.6,0.8,0.4,0.2,0.6
Opeth,The Drapery Falls,,,,,,,
Kanye West,Welcome To Heartbreak (Feat. Kid Cudi),,,,,,,
Of Montreal,Bunny Ain'T No Kind Of Rider,,,,,,,
Blonde Redhead,Heroine,,,,,,,
The Strokes,Killing Lies,,,,,,,
Manic Street Preachers,A Design For Life,,,,,,,
Killswitch Engage,Rose Of Sharyn,,,,,,,
Beirut,Prenzlauerberg,,,,,,,
The Kinks,Till The End Of The Day,,,,,,,
The Clash,Career Opportunities,,,,,,,
Hadouken!,That Boy That Girl,,,,,,,
!!!,Sweet Life,,,,,,,
Rilo Kiley,The Execution Of All Things,,,,,,,
Deathstars,Cyanide,,,,,,,
Flogging Molly,Drunken Lullabies,,,,,,,
Red Hot Chili Peppers,Universally Speaking,,,,,,,
Muse,Can'T Take My Eyes Off You,,,,,,,
Ozzy Osbourne,Mr. Crowley,,,,,,,
Megadeth,Peace Sells,,,,,,,
The New Pornographers,Letter From An Occupant,,,,,,,
Augustana,Stars And Boulevards,,,,,,,
Pearl Jam,Animal,,,,,,,
Nightwish,For The Heart I Once Had,,,,,,,
Audioslave,Out Of Exile,,,,,,,
Joy Division,Glass,,,,,,,
Depeche Mode,Martyr,,,,,,,
Feeder,Just A Day,,,,,,,
Led Zeppelin,Bron-Yr-Aur Stomp,,,,,,,
Jamie T,Salvador,0.6,0.4,0.6,0.2,0.8,0.6,0.4
Dj Shadow,Best Foot Forward,,,,,,,
Travis,My Eyes,,,,,,,
Black Flag,Rise Above,,,,,,,
Garbage,Sex Is Not The Enemy,,,,,,,
Girl Talk,Summer Smoke,0.0,0.0,0.0,0.0,0.0,0.0,0.0
Idlewild,Love Steals Us From Loneliness,,,,,,,
Cat Power,The Moon,,,,,,,
Girl Talk,Hands In The Air,,,,,,,
Aphex Twin,Ageispolis,,,,,,,
Uffie,Dismissed,,,,,,,
Iron Maiden,Wrathchild,,,,,,,
Adam Green,Emily,,,,,,,
The Beatles,The Word,,,,,,,
Les Savy Fav,The Sweat Descends,,,,,,,
Queens Of The Stone Age,The Sky Is Fallin',,,,,,,
Zero 7,When It Falls,,,,,,,
Eric Prydz,Call On Me,,,,,,,
The Kooks,Jackie Big Tits,,,,,,,
Sneaker Pimps,Tesko Suicide,,,,,,,
Girl Talk,Friday Night,,,,,,,
Bloc Party,Ares,,,,,,,
U2,Bullet The Blue Sky,,,,,,,
Nine Inch Nails,Where Is Everybody?,,,,,,,
Kate Nash,Merry Happy,,,,,,,
Afi,Bleed Black,,,,,,,
Tokyo Police Club,In A Cave,,,,,,,
M83,Unrecorded,,,,,,,
Black Rebel Motorcycle Club,Killing The Light,,,,,,,
Cocorosie,Jesus Loves Me,,,,,,,
Led Zeppelin Jam,Bring It On Home,,,,,,,
Dido,Honestly Ok,,,,,,,
Joanna Newsom,Cosmia,,,,,,,
Fiona Apple,Pale September,,,,,,,
Zwan,Honestly,,,,,,,
Thievery Corporation,Heaven'S Gonna Burn Your Eyes,0.4,0.6,0.8,1.0,0.0,0.2,0.4
Queens Of The Stone Age,In The Fade,,,,,,,
Nirvana,Milk It,,,,,,,
Marilyn Manson,Personal Jesus,,,,,,,
Daft Punk,Television Rules The Nation,,,,,,,
The Velvet Underground,Oh! Sweet Nuthin',,,,,,,
Thievery Corporation,All That We Perceive,,,,,,,
Radiohead,Sail To The Moon. (Brush The Cobwebs Out Of The Sky.),,,,,,,
Nouvelle Vague,Bela Lugosi'S Dead,,,,,,,
Radiohead,Ripcord,,,,,,,
Bright Eyes,Gold Mine Gutted,0.6,0.4,0.8,0.6,0.4,0.6,0.4
The Rakes,We Danced Together,,,,,,,
Ladytron,All The Way,,,,,,,
Kings Of Leon,Spiral Staircase,,,,,,,
The Cribs,Men'S Needs,,,,,,,
M.I.A.,World Town,,,,,,,
Laura Marling,Ghosts,,,,,,,
Ellen Allien & Apparat,Turbo Dreams,,,,,,,
Simian Mobile Disco,I Got This Down,,,,,,,
The Beatles,Sexy Sadie,,,,,,,
Jackson And His Computer Band,Oh Boy,,,,,,,
Elliott Smith,Satellite,,,,,,,
The Kooks,Sway,,,,,,,
Yeah Yeah Yeahs,Dragon Queen,,,,,,,
Goldfrapp,Tiptoe,,,,,,,
Katatonia,Ghost Of The Sun,,,,,,,
Cat Power,Maybe Not,,,,,,,
Beyoncé,If I Were A Boy,,,,,,,
Goldfrapp,Deer Stop,,,,,,,
Iron & Wine,Woman King,,,,,,,
Jamie T,Sheila,,,,,,,
The Beatles,Don'T Pass Me By,,,,,,,
Fiona Apple,Across The Universe,,,,,,,
Death Cab For Cutie,We Laugh Indoors,,,,,,,
Tool,Opiate,,,,,,,
Iron Maiden,These Colours Don'T Run,,,,,,,
The Jesus And Mary Chain,April Skies,,,,,,,
Fall Out Boy,Thriller,,,,,,,
Nine Inch Nails,The Mark Has Been Made,,,,,,,
Death Cab For Cutie,Steadier Footing,,,,,,,
The Cranberries,I Can'T Be With You,,,,,,,
Nightwish,Wishmaster,,,,,,,
Slayer,Necrophobic,,,,,,,
Red Hot Chili Peppers,Strip My Mind,,,,,,,
Nightwish,Eva,,,,,,,
Prince,Purple Rain,,,,,,,
The Stills,Still In Love Song,,,,,,,
Wu-Tang Clan,Gravel Pit,,,,,,,
Placebo,Haemoglobin,,,,,,,
Foo Fighters,Resolve,,,,,,,
Elvis Presley,Jailhouse Rock,,,,,,,
Amy Macdonald,Run,0.8,0.6,0.6,0.8,0.4,0.2,0.6
Björk,I Miss You,,,,,,,
Gustavo Cerati,Adiós,,,,,,,
Hot Chip,Tchaparian,,,,,,,
The Beatles,Doctor Robert,,,,,,,
Le Tigre,My My Metrocard,,,,,,,
Steppenwolf,Born To Be Wild,,,,,,,
Blonde Redhead,Falling Man,,,,,,,
Patrick Wolf,Apparition,,,,,,,
Afi,The Great Disappointment,,,,,,,
Beirut,In The Mausoleum,,,,,,,
Dashboard Confessional,Screaming Infidelities,,,,,,,
Lcd Soundsystem,Us V Them,,,,,,,
Sufjan Stevens,In This Temple As In The Hearts Of Man For Whom He Saved The Earth,,,,,,,
Joanna Newsom,Sawdust & Diamonds,,,,,,,
Lcd Soundsystem,Movement,,,,,,,
Rihanna,Pon De Replay,,,,,,,
Hot Chip,Arrest Yourself,,,,,,,
Feist,L'Amour Ne Dure Pas Toujours,,,,,,,
The Doors,The Unknown Soldier,,,,,,,
Pj Harvey,Beautiful Feeling,,,,,,,
T. Rex,20Th Century Boy,,,,,,,
Moby,Signs Of Love,,,,,,,
Placebo,Broken Promise (Feat. Michael Stipe),,,,,,,
The Radio Dept.,Keen On Boys,,,,,,,
Clint Mansell,Tree Of Life,,,,,,,
Charlotte Gainsbourg,The Songs That We Sing,,,,,,,
Porcupine Tree,Deadwing,,,,,,,
Linkin Park,From The Inside,,,,,,,
Pantera,Heresy,,,,,,,
Dangerdoom,Sofa King,,,,,,,
Fiona Apple,The First Taste,,,,,,,
Stone Temple Pilots,Interstate Love Song,,,,,,,
The Rakes,Terror!,,,,,,,
Radiohead,Where I End And You Begin. (The Sky Is Falling In.),,,,,,,
Fiona Apple,Not About Love,,,,,,,
Oasis,Shakermaker,,,,,,,
Jack Johnson,The Horizon Has Been Defeated,,,,,,,
Cat Power,Where Is My Love,,,,,,,
Mogwai,Black Spider,,,,,,,
Children Of Bodom,Punch Me I Bleed,,,,,,,
Children Of Bodom,Living Dead Beat,,,,,,,
The Vines,Get Free,,,,,,,
Modest Mouse,The Stars Are Projectors,,,,,,,
Tool,Part Of Me,,,,,,,
Britney Spears,Blur,,,,,,,
Ozzy Osbourne,Dreamer,,,,,,,
Sigur Rós,Gong Endir,,,,,,,
Arcade Fire,Headlights Look Like Diamonds,,,,,,,
Ellen Allien & Apparat,Jet,,,,,,,
Beck,Scarecrow,,,,,,,
Dirty Pretty Things,Blood Thirsty Bastards,,,,,,,
Rammstein,Morgenstern,,,,,,,
Spoon,The Infinite Pet,,,,,,,
Atb,Humanity,,,,,,,
Violent Femmes,Add It Up,,,,,,,
The Decemberists,A Cautionary Song,,,,,,,
The Beatles,It Won'T Be Long,,,,,,,
Fall Out Boy,Hum Hallelujah,,,,,,,
Pantera,This Love,,,,,,,
Animal Collective,Bees,,,,,,,
Ladytron,Black Plastic,,,,,,,
Against Me!,Reinventing Axl Rose,,,,,,,
John Lennon,Working Class Hero,,,,,,,
Tori Amos,Big Wheel,,,,,,,
The 5.6.7.8'S,Woo Hoo,,,,,,,
The White Stripes,Little Room,,,,,,,
Muse,Darkshines,,,,,,,
Iron Maiden,Different World,,,,,,,
Gnarls Barkley,Transformer,,,,,,,
R.E.M.,The Sidewinder Sleeps Tonite,,,,,,,
Andrew Bird,Imitosis,,,,,,,
Belle And Sebastian,A Summer Wasting,,,,,,,
Depeche Mode,Fragile Tension,,,,,,,
Black Rebel Motorcycle Club,20 Hours,,,,,,,
Daft Punk,Robot Rock / Oh Yeah,,,,,,,
Madonna,Beat Goes On,,,,,,,
Fever Ray,When I Grow Up,0.6,0.6,0.8,0.8,0.2,0.4,0.4
Limp Bizkit,Break Stuff,,,,,,,
Placebo,Hang On To Your Iq,,,,,,,
Air,Highschool Lover,,,,,,,
Black Rebel Motorcycle Club,The Show'S About To Begin,,,,,,,
The White Stripes,I'M Finding It Harder To Be A Gentleman,,,,,,,
Eddie Vedder,Society,,,,,,,
M83,Up!,,,,,,,
Yann Tiersen,La Valse Des Monstres,,,,,,,
The Beatles,Roll Over Beethoven,,,,,,,
Billy Talent,Surrender,,,,,,,
Travis,Driftwood,,,,,,,
Tv On The Radio,Dreams,,,,,,,
Kiss,I Was Made For Lovin' You,0.6,0.8,0.4,0.6,0.6,0.4,0.8
The Cure,Jumping Someone Else'S Train,,,,,,,
Sam Sparro,Black And Gold,,,,,,,
Incubus,A Certain Shade Of Green,,,,,,,
Beirut,Gulag Orkestar,,,,,,,
Pj Harvey,Dress,,,,,,,
The Chemical Brothers,Do It Again,,,,,,,
The Knife,Got 2 Let U,,,,,,,
Björk,Innocence,,,,,,,
Joseph Arthur,Honey And The Moon,,,,,,,
Boards Of Canada,Aquarius,,,,,,,
Radiohead,I Will,,,,,,,
The Jam,Going Underground,,,,,,,
30 Seconds To Mars,R-Evolve,,,,,,,
The Magnetic Fields,All My Little Words,,,,,,,
Adam Green,Bluebirds,,,,,,,
Him,Beyond Redemption,,,,,,,
Lykke Li,Dance Dance Dance,,,,,,,
Silversun Pickups,Common Reactor,,,,,,,
The Cure,Play For Today,,,,,,,
Sex Pistols,Seventeen,,,,,,,
Frou Frou,Maddening Shroud,,,,,,,
Sublime,Date Rape,,,,,,,
The Black Angels,The First Vietnamese War,,,,,,,
Incubus,Talk Shows On Mute,,,,,,,
Death Cab For Cutie,Company Calls Epilogue,,,,,,,
The Rolling Stones,She'S A Rainbow,,,,,,,
Fischerspooner,Just Let Go,,,,,,,
Fiona Apple,Window,,,,,,,
Depeche Mode,I Feel Loved,,,,,,,
Oasis,Let There Be Love,,,,,,,
Nightwish,Elvenpath,,,,,,,
Anton Maiden,Wasted Years,,,,,,,
Blink-182,What'S My Age Again?,,,,,,,
David Bowie,It Ain'T Easy,,,,,,,
Alphaville,Big In Japan,,,,,,,
Fiona Apple,Limp,,,,,,,
Air,One Hell Of A Party,,,,,,,
The Doors,Five To One,,,,,,,
Ellen Allien & Apparat,Retina,,,,,,,
The Streets,Turn The Page,,,,,,,
Johnny Cash,Bridge Over Troubled Water,,,,,,,
Queen,Innuendo,,,,,,,
Gogol Bordello,Not A Crime,,,,,,,
Ambulance Ltd,Anecdote,,,,,,,
Pearl Jam,Go,,,,,,,
Buzzcocks,What Do I Get?,,,,,,,
Kings Of Leon,Trani,,,,,,,
The Dresden Dolls,Sex Changes,,,,,,,
Arctic Monkeys,Leave Before The Lights Come On,,,,,,,
Metallica,Whiplash,,,,,,,
The Radio Dept.,Where Damage Isn'T Already Done,,,,,,,
Depeche Mode,New Life,,,,,,,
Queens Of The Stone Age,River In The Road,,,,,,,
Junior Boys,Double Shadow,,,,,,,
Oasis,Bag It Up,,,,,,,
Rilo Kiley,Close Call,,,,,,,
Sigur Rós,Hufupukar,,,,,,,
Nick Drake,From The Morning,,,,,,,
Tom Vek,I Ain'T Saying My Goodbyes,,,,,,,
Rilo Kiley,Dejalo,,,,,,,
Bright Eyes,Something Vague,,,,,,,
The Libertines,The Good Old Days,,,,,,,
Digitalism,Anything New,,,,,,,
Architecture In Helsinki,Kindling,,,,,,,
Nirvana,Been A Son,,,,,,,
Brian Eno,An Ending (Ascent),,,,,,,
Zero 7,The Pageant Of The Bizarre,,,,,,,
Nelly Furtado,I'M Like A Bird,,,,,,,
Dimmu Borgir,Puritania,,,,,,,
The Flaming Lips,Race For The Prize,,,,,,,
Massive Attack,False Flags,,,,,,,
The Knife,Kino,,,,,,,
Lacuna Coil,Swamped,,,,,,,
M83,Too Late,,,,,,,
Patrick Wolf,The Shadow Sea,,,,,,,
Hypocrisy,Eraser,,,,,,,
Tom Waits,Singapore,,,,,,,
The Mars Volta,Take The Veil Cerpin Taxt,,,,,,,
System Of A Down,Kill Rock 'N Roll,,,,,,,
System Of A Down,Suite-Pee,,,,,,,
Richard Ashcroft,Break The Night With Colour,,,,,,,
Britney Spears,Me Against The Music,,,,,,,
Joanna Newsom,Cassiopeia,,,,,,,
The Smashing Pumpkins,In The Arms Of Sleep,,,,,,,
Pixies,Tony'S Theme,,,,,,,
Guns N' Roses,Out Ta Get Me,0.8,0.8,0.4,0.2,1.0,0.6,0.4
Razorlight,I Can'T Stop This Feeling I'Ve Got,,,,,,,
65Daysofstatic,Retreat! Retreat!,,,,,,,
Elliott Smith,Coast To Coast,,,,,,,
Cut Copy,That Was Just A Dream,,,,,,,
Radiohead,Backdrifts. (Honeymoon Is Over.),,,,,,,
R.E.M.,Sweetness Follows,,,,,,,
Midlake,Head Home,,,,,,,
Patrick Wolf,Ghost Song,,,,,,,
Dido,Don'T Think Of Me,,,,,,,
Gwen Stefani,What You Waiting For,0.8,0.6,0.4,0.6,0.4,0.6,0.8
M. Ward,Chinese Translation,,,,,,,
30 Seconds To Mars,Savior,,,,,,,
Björk,Show Me Forgiveness,,,,,,,
Sonic Youth,The Neutral,,,,,,,
Stars,The Night Starts Here,,,,,,,
Elliott Smith,A Distorted Reality Is Now A Necessity To Be Free,,,,,,,
Fleetwood Mac,Don'T Stop,,,,,,,
Johnny Cash,I Hung My Head,,,,,,,
The Police,Walking On The Moon,,,,,,,
Incubus,Make Yourself,,,,,,,
Mew,An Envoy To The Open Fields,,,,,,,
We Are Scientists,Callbacks,,,,,,,
Islands,Where There'S A Will There'S A Whalebone,,,,,,,
Nelly Furtado,Te Busque (Feat. Juanes),,,,,,,
Kanye West,Paranoid (Feat. Mr. Hudson),,,,,,,
Pink Floyd,Marooned,,,,,,,
The Jesus And Mary Chain,On The Wall,,,,,,,
Billy Talent,Fallen Leaves,,,,,,,
Miles Davis,So What,,,,,,,
Beck,Hotwax,,,,,,,
Animal Collective,For Reverend Green,,,,,,,
Red Hot Chili Peppers,I Could Have Lied,,,,,,,
Wilco,Leave Me (Like You Found Me),,,,,,,
The Shins,We Will Become Silhouettes,,,,,,,
The Killers,Move Away,,,,,,,
Shakira,Hips Don'T Lie (Feat. Wyclef Jean),0.8,0.8,0.6,0.8,0.2,0.4,0.8
Aphex Twin,Windowlicker,,,,,,,
Marilyn Manson,Heart-Shaped Glasses (When The Heart Guides The Hand),,,,,,,
The Cure,Prayers For Rain,0.4,0.6,0.6,0.4,0.8,0.2,0.2
Burial,Dog Shelter,,,,,,,
The Beatles,All I'Ve Got To Do,,,,,,,
Tool,Message To Harry Manback,,,,,,,
My Chemical Romance,Sleep,,,,,,,
Gogol Bordello,Sally,,,,,,,
Shakira,La Tortura (Feat. Alejandro Sanz),,,,,,,
Him,Join Me,,,,,,,
Tegan And Sara,Living Room,,,,,,,
Death Cab For Cutie,I Was A Kaleidoscope,,,,,,,
Arcade Fire,Cold Wind,,,,,,,
Tegan And Sara,Call It Off,,,,,,,
Janis Joplin,Piece Of My Heart,,,,,,,
Apocalyptica,Path,,,,,,,
Talking Heads,Life During Wartime,,,,,,,
Bob Dylan,A Hard Rain'S A-Gonna Fall,,,,,,,
Pearl Jam,Corduroy,,,,,,,
Pendulum,The Tempest,,,,,,,
Soda Stereo,Persiana Americana,,,,,,,
Jim Sturgess,All My Loving,,,,,,,
Eddie Vedder,Hard Sun,,,,,,,
Sonata Arctica,Don'T Say A Word,,,,,,,
...And You Will Know Us By The Trail Of Dead,Another Morning Stoner,,,,,,,
Modest Mouse,One Chance,,,,,,,
Pendulum,Midnight Runner,,,,,,,
Buzzcocks,Everybody'S Happy Nowadays,,,,,,,
Panic At The Disco,Nine In The Afternoon,,,,,,,
Chromeo,Fancy Footwork,,,,,,,
Joanna Newsom,This Side Of The Blue,,,,,,,
Madonna,4 Minutes,,,,,,,
The Libertines,I Get Along,,,,,,,
Hot Chip,(Just Like We) Breakdown,,,,,,,
Rammstein,Engel,,,,,,,
Iamx,Lulled By Numbers,,,,,,,
The Decemberists,Shankill Butchers,,,,,,,
Tool,Sweat,,,,,,,
Jack'S Mannequin,Dark Blue,,,,,,,
Rhianna,Rehab,0.8,0.8,0.6,1.0,0.2,0.2,0.6
Depeche Mode,Peace,,,,,,,
Chromeo,Needy Girl,,,,,,,
Nightwish,The Kinslayer,,,,,,,
Iron & Wine,An Angry Blade,,,,,,,
Deerhunter,Nothing Ever Happened,,,,,,,
Apocalyptica,Nothing Else Matters,,,,,,,
Eurythmics,Here Comes The Rain Again,,,,,,,
Dashboard Confessional,Don'T Wait,,,,,,,
Foo Fighters,Stranger Things Have Happened,,,,,,,
Mogwai,Wake Up And Go Berserk,,,,,,,
Pearl Jam,Severed Hand,,,,,,,
Queens Of The Stone Age,Misfit Love,,,,,,,
Dj Shadow,Six Days,,,,,,,
Damien Rice,Accidental Babies,,,,,,,
Afi,37Mm,,,,,,,
Dimmu Borgir,Mourning Palace,,,,,,,
The Pipettes,Dirty Mind,,,,,,,
The Beatles,Julia,,,,,,,
I'M From Barcelona,Treehouse,,,,,,,
Ultravox,Vienna,,,,,,,
Black Sabbath,Sabbath Bloody Sabbath,,,,,,,
Riverside,Conceiving You,,,,,,,
Porcupine Tree,Where We Would Be,,,,,,,
Okkervil River,Our Life Is Not A Movie Or Maybe,,,,,,,
Blink-182,Adam'S Song,,,,,,,
Afi,Paper Airplanes (Makeshift Wings),,,,,,,
U2,Kite,,,,,,,
The Strokes,Fear Of Sleep,,,,,,,
Paramore,Fences,,,,,,,
Within Temptation,See Who I Am,,,,,,,
Iningrid Michaelson,The Way I Am,,,,,,,
Múm,Faraway Swimmingpool,,,,,,,
Metallica,The Judas Kiss,,,,,,,
System Of A Down,Soldier Side,,,,,,,
M.I.A.,Hombre,,,,,,,
M.I.A.,Galang,,,,,,,
Scar Symmetry,The Illusionist,,,,,,,
Metallica,Fight Fire With Fire,,,,,,,
Beck,Soldier Jane,,,,,,,
Deerhunter,Intro,,,,,,,
Rocky Votolato,White Daisy Passing,,,,,,,
Justin Timberlake,Lovestoned/I Think She Knows Interlude,,,,,,,
Red Hot Chili Peppers,Dosed,,,,,,,
Justin Timberlake,Losing My Way,,,,,,,
Marilyn Manson,The Love Song,,,,,,,
Beirut,St. Apollonia,,,,,,,
Him,Heartache Every Moment,,,,,,,
Pavement,Shady Lane,,,,,,,
Goldfrapp,Twist,,,,,,,
Nine Inch Nails,Into The Void,,,,,,,
Gorillaz,Re-Hash,,,,,,,
Jimmy Eat World,Big Casino,,,,,,,
The Streets,Fit But You Know It,,,,,,,
Fiona Apple,Parting Gift,,,,,,,
Girl Talk,Give Me A Beat,,,,,,,
Beach House,Saltwater,,,,,,,
Justice,Tthhee Ppaarrttyy,,,,,,,
Black Flag,Six Pack,,,,,,,
Sofie,Hypnotized,,,,,,,
Harold Budd & Brian Eno,First Light,,,,,,,
Blonde Redhead,Melody,,,,,,,
Arctic Monkeys,Love Machine,,,,,,,
Robbie Williams,Supreme,,,,,,,
Nico,The Fairest Of The Seasons,,,,,,,
Keane,Hamburg Song,,,,,,,
Zero 7,End Theme,,,,,,,
Television,Marquee Moon,,,,,,,
Armin Van Buuren,In And Out Of Love (Feat. Sharon Den Adel),,,,,,,
Animal Collective,Flesh Canoe,,,,,,,
Maria Taylor,Song Beneath The Song,,,,,,,
Fischerspooner,A Kick In The Teeth,,,,,,,
Johnny Cash,Cry! Cry! Cry!,,,,,,,
Black Kids,Hit The Heartbrakes,,,,,,,
The Sunshine Underground,Commercial Breakdown,,,,,,,
Pixies,Oh My Golly!,,,,,,,
Johnny Cash,One,,,,,,,
Vitalic,La Rock 01,,,,,,,
Daft Punk,Face To Face / Short Circuit,,,,,,,
Gogol Bordello,60 Revolutions,,,,,,,
Radiohead,A Punchup At A Wedding,,,,,,,
Black Flag,Gimmie Gimmie Gimmie,,,,,,,
Metric,Raw Sugar,,,,,,,
The Specials,Ghost Town,,,,,,,
Rihanna,Sos (Rescue Me),,,,,,,
M.I.A.,Bingo,,,,,,,
The Prodigy,Narayan,,,,,,,
Coldplay,Til Kingdom Come,,,,,,,
The Doors,Twentieth Century Fox,,,,,,,
Radiohead,How Do You?,,,,,,,
Dirty Pretty Things,You Fucking Love It,,,,,,,
Róisín Murphy,You Know Me Better,,,,,,,
Elbow,Mirrorball,,,,,,,
Elbow,Station Approach,,,,,,,
Santogold,Starstruck,,,,,,,
Pink Floyd,The Show Must Go On,,,,,,,
Moby,Find My Baby,,,,,,,
Sufjan Stevens,Redford (For Yia-Yia & Pappou),,,,,,,
Camera Obscura,Eighties Fan,,,,,,,
The Jesus And Mary Chain,Some Candy Talking,,,,,,,
Britney Spears,My Prerogative,,,,,,,
Brian Eno,Baby'S On Fire,0.6,0.4,0.6,0.4,0.6,0.4,0.0
Foo Fighters,Hell,,,,,,,
The Cure,Charlotte Sometimes,,,,,,,
Dido,Life For Rent,,,,,,,
Tv On The Radio,Stork & Owl,,,,,,,
Midlake,Young Bride,,,,,,,
Miles Davis,Blue In Green,,,,,,,
The Goo Goo Dolls,Better Days,,,,,,,
The Fratellis,Everybody Knows You Cried Last Night,,,,,,,
Robbie Williams,Feel,,,,,,,
Paradise Lost,Grey,,,,,,,
Mae,Suspension,,,,,,,
The Pipettes,Judy,,,,,,,
The Unicorns,Tuff Ghost,,,,,,,
Lacuna Coil,Heaven'S A Lie,,,,,,,
Basement Jaxx,Where'S Your Head At,,,,,,,
Sunset Rubdown,They Took A Vote And Said No,,,,,,,
Röyksopp,Boys,,,,,,,
Kt Tunstall,Silent Sea,,,,,,,
Porcupine Tree,Fear Of A Blank Planet,,,,,,,
Richard Ashcroft,A Song For The Lovers,,,,,,,
Pantera,I'M Broken,0.6,1.0,0.0,0.2,1.0,0.2,0.2
Pantera,5 Minutes Alone,0.4,0.8,0.2,0.0,1.0,0.2,0.0
The Prodigy,Poison,,,,,,,
The Flaming Lips,Pompeii Am Götterdämmerung,,,,,,,
Clint Mansell,Holy Dread!,,,,,,,
The Horrors,Sheena Is A Parasite,,,,,,,
Ladytron,Amtv,,,,,,,
Aphex Twin,Pulsewidth,,,,,,,
Giant Drag,Kevin Is Gay,,,,,,,
Wilco,How To Fight Loneliness,,,,,,,
Mc Hammer,U Can'T Touch This,,,,,,,
Kings Of Convenience,Live Long,,,,,,,
Audioslave,Light My Way,,,,,,,
Iamx,After Every Party I Die,,,,,,,
Fiona Apple,O' Sailor,,,,,,,
Architecture In Helsinki,It'5!,,,,,,,
Sentenced,Ever-Frost,,,,,,,
Nightwish,Bye Bye Beautiful,,,,,,,
Blonde Redhead,My Impure Hair,,,,,,,
Doves,There Goes The Fear,,,,,,,
Elliott Smith,The White Lady Loves You More,,,,,,,
Semisonic,Closing Time,,,,,,,
Sonic Youth,Lights Out,,,,,,,
Jack'S Mannequin,Bruised,,,,,,,
Kate Bush,Babooshka,,,,,,,
Rammstein,Benzin,,,,,,,
Air,Somewhere Between Waking And Sleeping,,,,,,,
Kylie Minogue,Red Blooded Woman,,,,,,,
Death Cab For Cutie,Title Track,,,,,,,
Yeah Yeah Yeahs,Kiss Kiss,,,,,,,
Funeral For A Friend,Streetcar,,,,,,,
Björk,Undo,,,,,,,
The Cardigans,Erase/Rewind,,,,,,,
Bob Dylan,Tombstone Blues,,,,,,,
Modest Mouse,People As Places As People,,,,,,,
Glasvegas,Geraldine,,,,,,,
Mogwai,Boring Machines Disturbs Sleep,,,,,,,
Nick Drake,Day Is Done,,,,,,,
Oasis,Columbia,,,,,,,
Portishead,Elysium,,,,,,,
Clint Mansell,Stay With Me,,,,,,,
Yeah Yeah Yeahs,Shame And Fortune,,,,,,,
Spoon,Black Like Me,,,,,,,
Dread Zeppelin,The Lemon Song,,,,,,,
Daft Punk,Steam Machine,,,,,,,
Bob Dylan,Just Like Tom Thumb'S Blues,,,,,,,
Jack Johnson,Traffic In The Sky,,,,,,,
Belle And Sebastian,I Fought In A War,,,,,,,
Slipknot,The Blister Exists,,,,,,,
Pink Floyd,Bike,,,,,,,
The Psychedelic Furs,Pretty In Pink,,,,,,,
Apollo 440,Stop The Rock,,,,,,,
Nine Inch Nails,I Do Not Want This,,,,,,,
Gogol Bordello,Immigrant Punk,,,,,,,
Mando Diao,Amsterdam,0.4,0.6,0.4,0.6,0.8,0.4,0.4
Apparat,Arcadia,,,,,,,
P!Nk,I'M Not Dead,,,,,,,
Death Cab For Cutie,Pictures In An Exhibition,,,,,,,
Elliott Smith,2:45 Am,,,,,,,
P!Nk,Dear Mr. President,,,,,,,
Tool,Die Eier Von Satan,,,,,,,
The Streets,Dry Your Eyes,,,,,,,
Beck,New Round,,,,,,,
Led Zeppelin,Gallows Pole,,,,,,,
Yeah Yeah Yeahs,Skeletons,,,,,,,
Apparat,Not A Number,,,,,,,
Morrissey,Life Is A Pigsty,,,,,,,
Goldfrapp,Road To Somewhere,,,,,,,
Cartel,Say Anything (Else),,,,,,,
The Pipettes,We Are The Pipettes,,,,,,,
The Futureheads,A To B,,,,,,,
Placebo,Allergic (To Thoughts Of Mother Earth),,,,,,,
Caribou,Melody Day,,,,,,,
Killing Joke,Love Like Blood,,,,,,,
The Smashing Pumpkins,Stand Inside Your Love,,,,,,,
Evanescence,Cloud Nine,,,,,,,
The White Stripes,Instinct Blues,,,,,,,
Sunset Rubdown,Winged/Wicked Things,,,,,,,
Tv On The Radio,Red Dress,,,,,,,
Rage Against The Machine,Freedom,,,,,,,
Nick Cave & The Bad Seeds,Red Right Hand,,,,,,,
The Notwist,Consequence,,,,,,,
Έλενα Παπαρίζου,Teardrops,,,,,,,
Broken Social Scene,I Slept With Bonhomme At The Cbc,,,,,,,
The Beatles,Anna (Go To Him),,,,,,,
M.I.A.,The Turn,,,,,,,
Architecture In Helsinki,Spring 2008,,,,,,,
Wolfmother,Where Eagles Have Been,,,,,,,
Girl Talk,In Step,,,,,,,
Wilco,Company In My Back,0.6,0.6,0.8,0.6,0.4,0.6,0.4
Rage Against The Machine,Maria,,,,,,,
Sentenced,Dead Moon Rising,,,,,,,
T. Rex,Children Of The Revolution,,,,,,,
The Velvet Underground,Candy Says,,,,,,,
Pj Harvey,You Come Through,,,,,,,
Zz Top,La Grange,,,,,,,
Morrissey,I Have Forgiven Jesus,,,,,,,
The Long Blondes,Weekend Without Makeup,,,,,,,
Killswitch Engage,A Bid Farewell,,,,,,,
Foo Fighters,Big Me,,,,,,,
Zz Top,Got Me Under Pressure,,,,,,,
The Dead 60S,Riot Radio,,,,,,,
Elbow,Weather To Fly,,,,,,,
Nine Inch Nails,The Line Begins To Blur,,,,,,,
Beulah,Gravity'S Bringing Us Down,,,,,,,
Band Of Horses,Islands On The Coast,,,,,,,
Fergie,London Bridge (Radio Edit),,,,,,,
The Jam,In The City,,,,,,,
Kraftwerk,The Model,,,,,,,
Opeth,Ghost Of Perdition,,,,,,,
The Cranberries,Animal Instinct,,,,,,,
Rage Against The Machine,Beautiful World,,,,,,,
Secret Machines,Sad And Lonely,,,,,,,
Katatonia,Teargas,,,,,,,
Battles,Prismism,,,,,,,
Metallica,Through The Never,,,,,,,
Scissor Sisters,She'S My Man,,,,,,,
Belle And Sebastian,You Don'T Send Me,,,,,,,
Matchbox Twenty,Push,,,,,,,
Jem,Wish I,,,,,,,
The Stone Roses,Shoot You Down,,,,,,,
Guano Apes,Big In Japan,,,,,,,
Explosions In The Sky,Magic Hours,0.0,0.0,0.0,0.0,0.0,0.0,0.0
Sublime,Wrong Way,,,,,,,
Nine Inch Nails,Kinda I Want To,,,,,,,
Alexi Murdoch,Orange Sky,,,,,,,
Hard-Fi,Suburban Knights,,,,,,,
The Kooks,Mr. Maker,,,,,,,
Queens Of The Stone Age,A Song For The Dead,,,,,,,
King Crimson,21St Century Schizoid Man,,,,,,,
Wilco,She'S A Jar,,,,,,,
Wilco,Walken,,,,,,,
Eddie Vedder,Far Behind,,,,,,,
Black Kids,Listen To Your Body Tonight,,,,,,,
Le Tigre,Hot Topic,,,,,,,
The Verve,History,,,,,,,
Jack Johnson,Fortunate Fool,,,,,,,
Iron & Wine,Peace Beneath The City,,,,,,,
Clint Mansell,First Snow,,,,,,,
The Dandy Warhols,Not If You Were The Last Junkie On Earth,,,,,,,
Depeche Mode,The Things You Said,,,,,,,
Yo La Tengo,I Feel Like Going Home,,,,,,,
Nicola Conte,Bossa Per Due,,,,,,,
The White Stripes,Expecting,,,,,,,
Marilyn Manson,I Put A Spell On You,,,,,,,
Marilyn Manson,(S)Aint,,,,,,,
Nouvelle Vague,Human Fly,,,,,,,
Muse,Escape,,,,,,,
Yeah Yeah Yeahs,Miles Away,,,,,,,
Pearl Jam,Unemployable,,,,,,,
Eddie Vedder,Long Nights,,,,,,,
Radiohead,A Wolf At The Door. (It Girl. Rag Doll.),,,,,,,
James Blunt,Billy,,,,,,,
Zero 7,Look Up,,,,,,,
Stars,My Favourite Book,,,,,,,
Sex Pistols,Anarchy In The Uk,,,,,,,
Jojo,Too Little Too Late,,,,,,,
Pulp,Lipgloss,,,,,,,
Daft Punk,Daftendirekt,,,,,,,
Pulp,Live Bed Show,,,,,,,
Be Your Own Pet,Bunk Trunk Skunk,,,,,,,
Apparat,Holdon,,,,,,,
Slipknot,Pulse Of The Maggots,,,,,,,
The Smiths,Oscillate Wildly,,,,,,,
Joy Division,Failures,,,,,,,
Regina Spektor,Sailor Song,,,,,,,
Dio,Holy Diver,,,,,,,
Foo Fighters,Erase/Replace,,,,,,,
Garbage,Not My Idea,,,,,,,
Ratatat,Kennedy,,,,,,,
The Stone Roses,(Song For My) Sugar Spun Sister,,,,,,,
Dredg,Sang Real,,,,,,,
Alanis Morissette,All I Really Want,,,,,,,
Evanescence,Weight Of The World,,,,,,,
Joanna Newsom,Three Little Babes,,,,,,,
Kanye West,Street Lights,,,,,,,
Moby,Raining Again,,,,,,,
Garbage,The World Is Not Enough,,,,,,,
Muse,Dark Shines,,,,,,,
Metallica,Creeping Death,,,,,,,
The Sounds,24 Hours,,,,,,,
Coldplay,See You Soon,,,,,,,
!!!,Yadnus,,,,,,,
Nine Inch Nails,The Greater Good,,,,,,,
Minus The Bear,Pachuca Sunrise,,,,,,,
The Ting Tings,We Started Nothing,,,,,,,
Mastodon,Iron Tusk,,,,,,,
Beyoncé,Ring The Alarm,,,,,,,
Tv On The Radio,Tonight,,,,,,,
Echo & The Bunnymen,Bring On The Dancing Horses,,,,,,,
Queens Of The Stone Age,Battery Acid,,,,,,,
Jackson And His Computer Band,Tv Dogs (Cathodica'S Letter) (Feat. Mike Ladd),,,,,,,
New Young Pony Club,Tight Fit,,,,,,,
Belle And Sebastian,Ease Your Feet In The Sea,,,,,,,
Manu Chao,Desaparecido,,,,,,,
Animal Collective,Winter Wonder Land,,,,,,,
Depeche Mode,Breathe,,,,,,,
Iron Maiden,Iron Maiden,,,,,,,
Rilo Kiley,Under The Blacklight,,,,,,,
Elvis Presley,Heartbreak Hotel,,,,,,,
Jimmy Eat World,Drugs Or Me,,,,,,,
Soilwork,The Flameout,,,,,,,
The Police,Invisible Sun,,,,,,,
My Morning Jacket,Gideon,,,,,,,
Daft Punk,Harder Better Faster Stronger,,,,,,,
The Zombies,Time Of The Season,,,,,,,
Nelly Furtado,Wait For You,,,,,,,
Patti Smith,Gloria,,,,,,,
T.V. Carpio,I Want To Hold Your Hand,,,,,,,
Camera Obscura,Country Mile,,,,,,,
Air,Electronic Performers,,,,,,,
Battles,Tij,,,,,,,
The Doors,Back Door Man,,,,,,,
Louis Xiv,Finding Out True Love Is Blind,,,,,,,
Hard-Fi,Living For The Weekend,,,,,,,
Kt Tunstall,Another Place To Fall,,,,,,,
Jay-Z And Linkin Park,Numb/Encore,,,,,,,
Jens Lekman,Sipping On The Sweet Nectar,,,,,,,
The White Stripes,St. Andrew (This Battle Is In The Air),,,,,,,
The Dresden Dolls,Modern Moonlight,,,,,,,
Red Hot Chili Peppers,This Velvet Glove,,,,,,,
Anathema,Fragile Dreams,,,,,,,
布袋寅泰,Battle Without Honor Or Humanity,,,,,,,
Jack Johnson,Holes To Heaven,,,,,,,
Hercules And Love Affair,Athene,,,,,,,
Abba,Mamma Mia,,,,,,,
The Raconteurs,Salute Your Solution,,,,,,,
Bob Marley & The Wailers,Get Up Stand Up,,,,,,,
Kevin Shields,City Girl,,,,,,,
Elliott Smith,Bottle Up And Explode!,,,,,,,
Έλενα Παπαρίζου,My Number One,,,,,,,
Elliott Smith,Ostrich & Chirping,,,,,,,
Mogwai,Stop Coming To My House,,,,,,,
Heaven 17,Temptation,,,,,,,
System Of A Down,Ddevil,,,,,,,
Mötley Crüe,Kickstart My Heart,,,,,,,
Deftones,Be Quiet And Drive (Far Away),,,,,,,
Metric,Help I'M Alive,,,,,,,
Kimya Dawson,My Rollercoaster,,,,,,,
Hercules And Love Affair,Time Will,,,,,,,
Stars,He Lied About Death,,,,,,,
The Stooges,Raw Power,,,,,,,
Porcupine Tree,Feel So Low,,,,,,,
Bob Marley & The Wailers,Could You Be Loved,,,,,,,
Bonobo,The Fever,,,,,,,
Slayer,Dead Skin Mask,,,,,,,
Clint Mansell,Death Is A Disease,,,,,,,
Echo & The Bunnymen,Lips Like Sugar,,,,,,,
Misfits,We Are 138,,,,,,,
Yo La Tengo,Black Flowers,,,,,,,
Justice,One Minute To Midnight,,,,,,,
The Black Keys,10 A.M. Automatic,,,,,,,
Blink-182,Down,,,,,,,
Lady Gaga,Just Dance (Feat. Colby O'Donis),,,,,,,
Oasis,The Turning,,,,,,,
Midnight Juggernauts,Into The Galaxy,,,,,,,
The Prodigy,Funky Shit,,,,,,,
Oasis,Waiting For The Rapture,,,,,,,
Gotan Project,Diferente,,,,,,,
Dirty Pretty Things,Gin & Milk,0.6,0.6,0.2,0.4,0.8,0.4,0.4
Broken Social Scene,Alive In 85,,,,,,,
The Kills,Fried My Little Brains,,,,,,,
Love Is All,Make Out Fall Out Make Up,,,,,,,
Yeah Yeah Yeahs,Bang,,,,,,,
Elbow,The Loneliness Of A Tower Crane Driver,,,,,,,
Rob Dougan,Clubbed To Death,,,,,,,
Kanye West,The Glory,,,,,,,
Goldfrapp,Little Bird,,,,,,,
Whitesnake,Still Of The Night,,,,,,,
The Libertines,Horrorshow,,,,,,,
Ghostface Killah,9 Milli Bros. (Feat. Wu-Tang Clan),,,,,,,
Nightwish,Stargazers,,,,,,,
Depeche Mode,Hole To Feed,,,,,,,
Bruce Springsteen,Atlantic City,,,,,,,
Nightwish,Sahara,,,,,,,
Modest Mouse,I Came As A Rat,,,,,,,
Queen,Save Me,,,,,,,
Amy Winehouse,In My Bed,,,,,,,
Tori Amos,Sleeps With Butterflies,,,,,,,
Elbow,An Audience With The Pope,,,,,,,
Nick Drake,At The Chime Of A City Clock,,,,,,,
Morrissey,Dear God Please Help Me,,,,,,,
Death Cab For Cutie,Blacking Out The Friction,,,,,,,
Rufus Wainwright,California,,,,,,,
In Flames,Jotun,,,,,,,
The Cure,Fire In Cairo,,,,,,,
Snow Patrol,If There'S A Rocket Tie Me To It,0.8,0.6,0.8,0.6,0.2,0.4,0.6
Ben Folds,Annie Waits,,,,,,,
The Smashing Pumpkins,Mellon Collie And The Infinite Sadness,,,,,,,
Blonde Redhead,Messenger,,,,,,,
Dj Shadow,Stem/Long Stem,,,,,,,
Bloc Party,Trojan Horse,,,,,,,
Devendra Banhart,Long Haired Child,,,,,,,
Sunset Rubdown,The Empty Threats Of Little Lord,,,,,,,
Peter Bjorn And John,The Chills,,,,,,,
The Horrors,Count In Fives,,,,,,,
All Saints,Black Coffee,,,,,,,
Jackson And His Computer Band,Hard Tits,,,,,,,
Creedence Clearwater Revisited,Up Around The Bend,0.6,0.8,0.2,0.4,0.8,0.4,0.6
Jackson And His Computer Band,Teen Beat Ocean,,,,,,,
Metallica,Suicide & Redemption,,,,,,,
Pj Harvey,Angelene,,,,,,,
Him,And Love Said No,,,,,,,
Mew,Chinaberry Tree,,,,,,,
Audioslave,Drown Me Slowly,,,,,,,
Iron & Wine And Calexico,He Lays In The Reins,,,,,,,
Broadcast,Tender Buttons,0.6,0.6,0.6,0.8,0.2,0.4,0.2
Inxs,New Sensation,,,,,,,
Sarah Mclachlan,Angel,,,,,,,
The Unicorns,Child Star,,,,,,,
Danny Elfman,This Is Halloween,,,,,,,
The Smiths,Well I Wonder,,,,,,,
Guns N' Roses,Rocket Queen,,,,,,,
+44,When Your Heart Stops Beating,,,,,,,
The Whitest Boy Alive,Done With You,,,,,,,
Rufus Wainwright,14Th Street,,,,,,,
The Magnetic Fields,I Think I Need A New Heart,,,,,,,
Yo La Tengo,Sometimes I Don'T Get You,,,,,,,
Placebo,Come Home,,,,,,,
Jimmy Eat World,Always Be,,,,,,,
Porcupine Tree,Prodigal,,,,,,,
Elliott Smith,Alphabet Town,,,,,,,
The Magnetic Fields,Absolutely Cuckoo,,,,,,,
Mission Of Burma,That'S When I Reach For My Revolver,,,,,,,
Sigur Rós,Vaka,,,,,,,
Jack Johnson,Gone,,,,,,,
Kasabian,I.D,,,,,,,
Children Of Bodom,In Your Face,,,,,,,
Adam Green,I Wanna Die,,,,,,,
Clint Mansell,Finish It,,,,,,,
The White Stripes,Hello Operator,,,,,,,
Porcupine Tree,A Smart Kid,,,,,,,
Tool,Undertow,,,,,,,
Turin Brakes,Pain Killer,,,,,,,
Radiohead,We Suck Young Blood. (Your Time Is Up.),0.4,0.4,0.8,0.4,0.2,0.4,0.6
30 Seconds To Mars,Fallen,0.6,0.8,0.4,0.6,0.6,0.2,0.6
The Chemical Brothers,Let Forever Be,,,,,,,
Jens Lekman,Into Eternity,,,,,,,
Bright Eyes,No One Would Riot For Less,,,,,,,
Cat Power,Wild Is The Wind,0.6,0.6,0.8,0.8,0.2,0.2,0.0
Sinéad O'Connor,Nothing Compares 2 U,,,,,,,
Maroon 5,Goodnight Goodnight,,,,,,,
Radiohead,Prove Yourself,,,,,,,
System Of A Down,Chic 'N' Stu,,,,,,,
Beck,Soul Of A Man,,,,,,,
Creedence Clearwater Revisited,I Put A Spell On You,,,,,,,
The Rakes,Open Book,,,,,,,
Regina Spektor,Ghost Of Corporate Future,,,,,,,
Squarepusher,Tommib,,,,,,,
The Smiths,Death Of A Disco Dancer,,,,,,,
Eisley,Telescope Eyes,,,,,,,
Justin Timberlake,Sexy Back,,,,,,,
Bloc Party,Price Of Gasoline,,,,,,,
Björk,The Dull Flame Of Desire,,,,,,,
The Kills,I Hate The Way You Love,,,,,,,
The Black Keys,Girl Is On My Mind,,,,,,,
Coheed And Cambria,A Favor House Atlantic,,,,,,,
Oasis,Up In The Sky,,,,,,,
Youth Group,Forever Young,,,,,,,
Digitalism,Digitalism In Cairo,,,,,,,
Autolux,Angry Candy,,,,,,,
Islands,Tsuxiit,0.6,0.6,0.4,0.6,0.2,0.4,0.6
The White Stripes,I Think I Smell A Rat,,,,,,,
Sufjan Stevens,The Avalanche,,,,,,,
Metallica,Harvester Of Sorrow,,,,,,,
Britney Spears,Lace And Leather,,,,,,,
Fort Minor,Where'D You Go,,,,,,,
Four Tet,As Serious As Your Life,,,,,,,
Okkervil River,For Real,,,,,,,
She Wants Revenge,Out Of Control,,,,,,,
Ratatat,Swisha,,,,,,,
Ramones,The Kkk Took My Baby Away,,,,,,,
Midlake,Bandits,,,,,,,
No Doubt,New,,,,,,,
Elliott Smith,L.A.,,,,,,,
Lykke Li,Let It Fall,,,,,,,
Dirty Pretty Things,Doctors And Dealers,,,,,,,
The Clash,Remote Control,,,,,,,
Nirvana,Blew,,,,,,,
Pj Harvey,A Place Called Home,,,,,,,
Pj Harvey,A Perfect Day Elise,,,,,,,
The Kills,Cat Claw,,,,,,,
M83,America,,,,,,,
The Smiths,Barbarism Begins At Home,,,,,,,
Björk,The Modern Things,,,,,,,
Katatonia,Will I Arrive,,,,,,,
Elliott Smith,Strung Out Again,,,,,,,
Beck,Volcano,,,,,,,
Disturbed,The Game,,,,,,,
The Who,Who Are You,,,,,,,
Kylie Minogue,Spinning Around,,,,,,,
Machinae Supremacy,Cryosleep,0.6,0.6,0.2,0.6,0.4,0.2,0.4
Blackfield,Cloudy Now,,,,,,,
Gorillaz,19-2000 (Soulchild Remix),,,,,,,
Pj Harvey,To Talk To You,,,,,,,
Goldfrapp,Cologne Cerrone Houdini,,,,,,,
The Sugarcubes,Birthday,,,,,,,
Depeche Mode,Little Soul,,,,,,,
Gorillaz,Double Bass,,,,,,,
Garbage,You Look So Fine,,,,,,,
Arcade Fire,I'M Sleeping In A Submarine,,,,,,,
Crowded House,Don'T Dream It'S Over,,,,,,,
Britney Spears,Why Should I Be Sad,,,,,,,
Rilo Kiley,Dreamworld,,,,,,,
Ac/Dc,For Those About To Rock (We Salute You),,,,,,,
Buzzcocks,I Don'T Mind,,,,,,,
The Decemberists,16 Military Wives,,,,,,,
Stone Sour,30/30-150,,,,,,,
Björk,5 Years,,,,,,,
The Decemberists,Leslie Anne Levine,,,,,,,
The Smashing Pumpkins,To Sheila,,,,,,,
Katatonia,Evidence,,,,,,,
Rammstein,Adios,,,,,,,
Rilo Kiley,The Moneymaker,,,,,,,
The Magnetic Fields,I Don'T Want To Get Over You,,,,,,,
Phoenix,Run Run Run,,,,,,,
Nightwish,The Poet And The Pendulum,,,,,,,
Kate Nash,Mariella,,,,,,,
Deftones,Knife Prty,,,,,,,
Pantera,Primal Concrete Sledge,,,,,,,
Kate Nash,We Get On,,,,,,,
Jethro Tull,Aqualung,,,,,,,
Damien Rice,Grey Room,,,,,,,
Ben Folds,The Luckiest,,,,,,,
Yann Tiersen,Le Banquet,,,,,,,
Yo La Tengo,The Room Got Heavy,,,,,,,
Opeth,Benighted,,,,,,,
The 13Th Floor Elevators,You'Re Gonna Miss Me,,,,,,,
3 Doors Down,Let Me Go,,,,,,,
Queen,One Vision,,,,,,,
Minor Threat,Straight Edge,,,,,,,
The Cinematic Orchestra,Child Song,,,,,,,
The Rapture,Get Myself Into It,,,,,,,
Apparat,Useless Information,,,,,,,
Bloc Party,Biko,,,,,,,
Black Rebel Motorcycle Club,Suddenly,,,,,,,
Maroon 5,Shiver,,,,,,,
Ensiferum,Ferrum Aeternum,,,,,,,
Funeral For A Friend,Roses For The Dead,,,,,,,
Pink Floyd,Bring The Boys Back Home,,,,,,,
System Of A Down,Fuck The System,,,,,,,
Crystal Castles,Reckless,0.6,0.4,0.8,0.6,0.4,0.2,0.4
Röyksopp,This Must Be It,,,,,,,
Buddy Holly,Dearest,,,,,,,
Husky Rescue,New Light Of Tomorrow,,,,,,,
The Chemical Brothers,No Path To Follow,,,,,,,
Devendra Banhart,Heard Somebody Say,,,,,,,
The National,Friend Of Mine,,,,,,,
Within Temptation,Our Solemn Hour,,,,,,,
Yo La Tengo,Little Eyes,,,,,,,
Zero 7,In Time,,,,,,,
Radiohead,Go To Sleep. (Little Man Being Erased.),,,,,,,
The Prodigy,Run With The Wolves,,,,,,,
Red Hot Chili Peppers,Hard To Concentrate,,,,,,,
Red Hot Chili Peppers,21St Century,,,,,,,
Boards Of Canada,The Smallest Weird Number,,,,,,,
Babyshambles,Unbilotitled,,,,,,,
The Kills,M.E.X.I.C.O.,,,,,,,
Ladytron,True Mathematics,,,,,,,
U2,Zoo Station,0.6,0.8,0.4,0.6,0.8,0.4,0.4
Cocorosie,Candyland,,,,,,,
Kasabian,Last Trip (In Flight),,,,,,,
Judas Priest,Turbo Lover,,,,,,,
The Beatles,Cry Baby Cry,,,,,,,
Cat Power,Islands,,,,,,,
Fischerspooner,We Need A War,,,,,,,
Beyoncé,Single Ladies (Put A Ring On It),,,,,,,
Gabin,Sweet Sadness,,,,,,,
Patrick Wolf,Demolition,,,,,,,
New Order,Your Silent Face,,,,,,,
Ac/Dc,Rock 'N' Roll Train,,,,,,,
The Bravery,Public Service Announcement,,,,,,,
Bloc Party,Zephyrus,,,,,,,
Yann Tiersen,Guilty,,,,,,,
Billy Talent,Devil In A Midnight Mass,,,,,,,
Mando Diao,Cut The Rope,,,,,,,
Tool,Crawl Away,,,,,,,
Sonic Youth,Eric'S Trip,,,,,,,
The Clash,Koka Kola,,,,,,,
Bill Withers,Ain'T No Sunshine,,,,,,,
Eurythmics,Sweet Dreams,,,,,,,
Broken Social Scene,Mossbraker,,,,,,,
Buzzcocks,Ever Fallen In Love (With Someone You Shouldn'T'Ve),,,,,,,
Pink Floyd,Sorrow,,,,,,,
Blondie,Rapture,,,,,,,
Coheed And Cambria,The Suffering,,,,,,,
Kanye West,Bad News,,,,,,,
Grandaddy,Now It'S On,,,,,,,
Björk,Pluto,,,,,,,
A Tribe Called Quest,Electric Relaxation,,,,,,,
Unkle,Hold My Hand,,,,,,,
Morrissey,The Father Who Must Be Killed,,,,,,,
Pink Floyd,What Do You Want From Me,,,,,,,
Anton Maiden,Flight Of Icarus,,,,,,,
No Doubt,Ex-Girlfriend,,,,,,,
M.I.A.,Amazon,,,,,,,
Zero 7,This Fine Social Scene,,,,,,,
System Of A Down,Bubbles,,,,,,,
Maroon 5,Secret,,,,,,,
The Futureheads,Robot,,,,,,,
Pendulum,Different,,,,,,,
Linkin Park,In Between,,,,,,,
Anberlin,Paperthin Hymn,,,,,,,
Deftones,Xerces,,,,,,,
Rufus Wainwright,Natasha,0.8,0.8,0.6,0.8,0.2,0.2,0.4
Billy Bragg,A New England,,,,,,,
The Automatic,Recover,,,,,,,
Daft Punk,Around The World / Harder Better Faster Stronger,,,,,,,
Beth Gibbons & Rustin Man,Mysteries,,,,,,,
Gang Of Four,I Found That Essence Rare,,,,,,,
Robbie Williams,Rudebox,,,,,,,
Kylie Minogue,Wow,,,,,,,
Rufus Wainwright,One Man Guy,,,,,,,
Sleater-Kinney,The Fox,,,,,,,
Razorlight,Hold On,,,,,,,
Slayer,Reborn,,,,,,,
Opeth,Closure,,,,,,,
Múm,Finally We Are No One,,,,,,,
Razorlight,Kirby'S House,,,,,,,
Gang Of Four,Ether,,,,,,,
Rammstein,Mann Gegen Mann,0.4,1.0,0.0,0.4,0.8,0.2,0.4
Lenny Kravitz,It Ain'T Over 'Til It'S Over,,,,,,,
Bob Dylan,Shelter From The Storm,,,,,,,
Morrissey,November Spawned A Monster,0.6,0.8,0.4,0.6,0.4,0.6,0.4
Bauhaus,Dark Entries,,,,,,,
Fall Out Boy,The (After) Life Of The Party,,,,,,,
Sigur Rós,Viorar Vel Til Loftarasa,0.8,0.6,1.0,1.0,0.0,0.2,0.4
Stars,One More Night,,,,,,,
Faith No More,From Out Of Nowhere,,,,,,,
Amy Macdonald,L.A.,,,,,,,
Kasabian,Apnoea,,,,,,,
Emilíana Torrini,To Be Free,,,,,,,
Stereo Mcs,Connected,,,,,,,
Neko Case,If You Knew,,,,,,,
Dropkick Murphys,I'M Shipping Up To Boston,,,,,,,
In Flames,Scream,,,,,,,
Children Of Bodom,Bodom Beach Terror,,,,,,,
The Blow,Parentheses,,,,,,,
Dj Shadow,Fixed Income,,,,,,,
The Raconteurs,Call It A Day,,,,,,,
The Chemical Brothers,Leave Home,,,,,,,
Gwen Stefani,Rich Girl,,,,,,,
Tv On The Radio,Dirtywhirl,,,,,,,
Jackson And His Computer Band,Minidoux,,,,,,,
Nena,99 Luftballons,,,,,,,
In Flames,Swim,,,,,,,
Alice In Chains,I Stay Away,,,,,,,
Róisín Murphy,Let Me Know,,,,,,,
Nelly Furtado,In God'S Hands,,,,,,,
Tokyo Police Club,Cheer It On,,,,,,,
Bloc Party,Better Than Heaven,,,,,,,
The Blood Brothers,Love Rhymes With Hideous Car Wreck,,,,,,,
Bloc Party,Always New Depths,,,,,,,
Metallica,Hit The Lights,,,,,,,
Dido,My Lover'S Gone,,,,,,,
Evanescence,Whisper,,,,,,,
In Flames,Jester Script Transfigured,,,,,,,
Ok Go,You'Re So Damn Hot,,,,,,,
Tv On The Radio,King Eternal,,,,,,,
Tv On The Radio,Family Tree,,,,,,,
Jay-Z,99 Problems,,,,,,,
Hot Chip,Wrestlers,,,,,,,
Dread Zeppelin,The Rain Song,,,,,,,
Depeche Mode,Come Back,,,,,,,
Garbage,Shut Your Mouth,,,,,,,
Lostprophets,Can'T Catch Tomorrow (Good Shoes Won'T Save You This Time),,,,,,,
Sufjan Stevens,We Won'T Need Legs To Stand,,,,,,,
Yeah Yeah Yeahs,Hysteric,,,,,,,
The Libertines,Campaign Of Hate,,,,,,,
The Unicorns,Ghost Mountain,,,,,,,
Red Hot Chili Peppers,I Could Die For You,,,,,,,
Nouvelle Vague,Don'T Go,,,,,,,
The Monkees,I'M A Believer,,,,,,,
Hot Chip,Made In The Dark,,,,,,,
The New Brubeck Quartet,Take Five,,,,,,,
Metric,The Twist,,,,,,,
Iron & Wine,My Lady'S House,,,,,,,
Iron & Wine,Promising Light,,,,,,,
Dragonforce,Through The Fire And Flames,,,,,,,
Children Of Bodom,Everytime I Die,,,,,,,
Black Kids,I Wanna Be Your Limousine,,,,,,,
The Cribs,Hey Scenesters!,,,,,,,
Kasabian,Pinch Roller,,,,,,,
Queen,Play The Game,,,,,,,
Pendulum,Visions,,,,,,,
Snow Patrol,The Finish Line,,,,,,,
Paramore,When It Rains,,,,,,,
Dread Zeppelin,Out On The Tiles,,,,,,,
The Kinks,Victoria,,,,,,,
T.A.T.U.,All About Us,,,,,,,
The Stone Roses,Elizabeth My Dear,,,,,,,
N.E.R.D.,She Wants To Move,,,,,,,
Dirty Pretty Things,The Gentry Cove,,,,,,,
Tori Amos,Girl,,,,,,,
Yann Tiersen,La Valse D'Amélie (Version Orchestre),,,,,,,
Nick Cave & The Bad Seeds,Stagger Lee,,,,,,,
A.C. Newman,The Battle For Straight Time,,,,,,,
Madonna,Candy Shop,,,,,,,
Pj Harvey,The Piano,,,,,,,
Wire,The 15Th,,,,,,,
The White Stripes,You'Re Pretty Good Looking (For A Girl),,,,,,,
Psapp,Cosy In The Rocket,,,,,,,
Bonnie Somerville,Winding Road,,,,,,,
Robbie Williams,Come Undone,,,,,,,
Ministry,Jesus Built My Hotrod,,,,,,,
Cat Power,Names,,,,,,,
The Streets,Blinded By The Lights,,,,,,,
Bloc Party,Staying Fat,,,,,,,
Beck,Minus,,,,,,,
Travis,Turn,,,,,,,
Morrissey,The Last Of The Famous International Playboys,,,,,,,
Asobi Seksu,Lions And Tigers,,,,,,,
Rilo Kiley,With Arms Outstretched,,,,,,,
Nightwish,Master Passion Greed,,,,,,,
Led Zeppelin,Four Sticks,,,,,,,
Nick Drake,Know,,,,,,,
Onerepublic,Mercy,,,,,,,
Jamiroquai,You Give Me Something,,,,,,,
The Futureheads,Danger Of The Water,,,,,,,
Beth Gibbons & Rustin Man,Tom The Model,,,,,,,
Paramore,We Are Broken,,,,,,,
Depeche Mode,In Chains,,,,,,,
Cat Stevens,Father And Son,,,,,,,
The Beatles,Birthday,,,,,,,
Cansei De Ser Sexy,Let'S Make Love And Listen Death From Above,,,,,,,
Incubus,Warning,,,,,,,
The Chemical Brothers,Song To The Siren,,,,,,,
Simian Mobile Disco,Sleep Deprivation,,,,,,,
Wilco,I'M Always In Love,,,,,,,
Okkervil River,Black,,,,,,,
A Perfect Circle,Breña,,,,,,,
Pj Harvey,Snake,,,,,,,
Black Sabbath,The Wizard,,,,,,,
Joanna Newsom,Monkey & Bear,,,,,,,
The Verve,Rather Be,,,,,,,
Beck,Broken Drum,,,,,,,
Mötley Crüe,Wild Side,,,,,,,
Depeche Mode,Blue Dress,,,,,,,
Radiohead,I Will. (No Man'S Land.),,,,,,,
Judas Priest,Electric Eye,,,,,,,
Black Sabbath,Black Sabbath,,,,,,,
Hot Chip,The Beach Party,,,,,,,
Nick Drake,Fruit Tree,,,,,,,
Pearl Jam,Life Wasted,,,,,,,
Amy Macdonald,Let'S Start A Band,,,,,,,
Queens Of The Stone Age,The Blood Is Love,,,,,,,
Pixies,Ana,,,,,,,
Foo Fighters,Come Alive,,,,,,,
Metallica,Jump In The Fire,,,,,,,
Lcd Soundsystem,Sound Of Silver,,,,,,,
James Blunt,No Bravery,,,,,,,
The Offspring,(Can'T Get My) Head Around You,,,,,,,
Pink Floyd,Goodbye Cruel World,,,,,,,
The Flaming Lips,Mr. Ambulance Driver,,,,,,,
The Smashing Pumpkins,To Forgive,,,,,,,
Jack Johnson,Constellations,,,,,,,
Deep Purple,Burn,,,,,,,
Zero 7,Seeing Things,,,,,,,
Fever Ray,If I Had A Heart,,,,,,,
Mastodon,I Am Ahab,,,,,,,
Yelle,Je Veux Te Voir,,,,,,,
Beck,Devil'S Haircut,,,,,,,
Uverworld,D-Tecnolife,,,,,,,
Mogwai,I Do Have Weapons,,,,,,,
Michael Bublé,Feeling Good,,,,,,,
Four Tet,My Angel Rocks Back And Forth,,,,,,,
Aqualung,Easier To Lie,,,,,,,
Sunset Rubdown,Stadiums And Shrines Ii,,,,,,,
Animal Collective,Loch Raven,,,,,,,
Air,Cemetary Party,,,,,,,
Mew,Symmetry,,,,,,,
Razorlight,Rip It Up,,,,,,,
The Cardigans,Carnival,0.8,0.6,0.8,0.8,0.2,0.4,0.6
Auf Der Maur,Followed The Waves,,,,,,,
Within Temptation,Frozen,,,,,,,
The Format,On Your Porch,,,,,,,
Tori Amos,Caught A Lite Sneeze,,,,,,,
Pixies,Down To The Well,,,,,,,
Tori Amos,Digital Ghost,,,,,,,
Rufus Wainwright,I Don'T Know What It Is,,,,,,,
Modest Mouse,Lives,,,,,,,
Belle And Sebastian,If You Find Yourself Caught In Love,,,,,,,
Within Temptation,Memories,0.8,0.8,0.6,0.8,0.2,0.2,0.6
Fiona Apple,The Child Is Gone,,,,,,,
Deftones,Rapture,,,,,,,
Siouxsie And The Banshees,Cities In Dust,,,,,,,
Pantera,Psycho Holiday,,,,,,,
Pavement,In The Mouth A Desert,,,,,,,
Wu-Tang Clan,Shame On A Nigga,,,,,,,
Ramones,I Wanna Be Your Boyfriend,,,,,,,
Mando Diao,Motown Blood,,,,,,,
Explosions In The Sky,Have You Passed Through This Night?,,,,,,,
Sentenced,Vengeance Is Mine,,,,,,,
Nightwish,Sleeping Sun,,,,,,,
Nightwish,Walking In The Air,,,,,,,
Asobi Seksu,Exotic Animal Paradise,,,,,,,
The B-52'S,Rock Lobster,,,,,,,
Deerhunter,Strange Lights,,,,,,,
Coolio,Gangsta'S Paradise,,,,,,,
Wilco,A Shot In The Arm,,,,,,,
New Young Pony Club,Get Dancey,,,,,,,
Belle And Sebastian,I Don'T Love Anyone,,,,,,,
Soda Stereo,Prófugos,,,,,,,
Art Brut,Bad Weekend,,,,,,,
The Velvet Underground,Stephanie Says,,,,,,,
Shakira,Don'T Bother,,,,,,,
The Velvet Underground,Sweet Jane,,,,,,,
Morrissey,I'Ll Never Be Anybody'S Hero Now,,,,,,,
Violent Femmes,Kiss Off,,,,,,,
Pavement,Gold Soundz,,,,,,,
Jamiroquai,Space Cowboy,,,,,,,
Tool,Swamp Song,,,,,,,
The Smashing Pumpkins,Landslide,,,,,,,
Björk,Aurora,,,,,,,
The Dresden Dolls,672,,,,,,,
Daft Punk,Teachers,,,,,,,
Cocorosie,Japan,,,,,,,
The Cinematic Orchestra,Familiar Ground,,,,,,,
The Chemical Brothers,Setting Sun,,,,,,,
Emilíana Torrini,Sunnyroad,,,,,,,
Amy Winehouse,Me & Mr. Jones,,,,,,,
Nightwish,Bless The Child,,,,,,,
Poets Of The Fall,Carnival Of Rust,,,,,,,
The View,Same Jeans,,,,,,,
David Bowie,Diamond Dogs,,,,,,,
Radiohead,The Trickster,,,,,,,
Jamiroquai,Little L,,,,,,,
Jenny Lewis With The Watson Twins,Handle With Care,,,,,,,
Slayer,Postmortem,0.6,0.6,0.0,0.2,0.8,0.4,0.0
Slayer,Criminally Insane,,,,,,,
The Chemical Brothers,The Salmon Dance,,,,,,,
Pearl Jam,Parachutes,,,,,,,
The Smashing Pumpkins,Once Upon A Time,,,,,,,
Beck,Guess I'M Doing Fine,,,,,,,
Foals,Red Sock Pugie,,,,,,,
The Chemical Brothers,We Are The Night,,,,,,,
In Flames,Dismiss The Cynics,,,,,,,
Lcd Soundsystem,Never As Tired As When I'M Waking Up,,,,,,,
Mew,Comforting Sounds,,,,,,,
Chemistry,伝説の草原,,,,,,,
Electric Light Orchestra Part Ii,Evil Woman,,,,,,,
Delerium,Silence,,,,,,,
In Flames,Free Fall,,,,,,,
Sunset Rubdown,Us Ones In Between,,,,,,,
Patrick Wolf,The Railway House,,,,,,,
Mika,Relax (Take It Easy),,,,,,,
Nightwish,Dark Chest Of Wonders,,,,,,,
The Thrills,Big Sur,,,,,,,
Kasabian,Stuntman,,,,,,,
The Unicorns,Sea Ghost,,,,,,,
Kanye West,Gold Digger,,,,,,,
Sublime,Badfish,,,,,,,
Pavement,Here,,,,,,,
Incubus,Sick Sad Little World,,,,,,,
Foals,Tron,,,,,,,
The Flaming Lips,Yeah Yeah Yeah Song,,,,,,,
The Fratellis,Doginabag,,,,,,,
Rufus Wainwright,The Art Teacher,,,,,,,
Mana,Clavado En Un Bar,,,,,,,
Digitalism,The Pulse,,,,,,,
Kanye West,Touch The Sky (Feat. Lupe Fiasco),,,,,,,
No Doubt,Underneath It All,,,,,,,
The All-American Rejects,Top Of The World,,,,,,,
The Stills,Changes Are No Good,,,,,,,
Suede,Metal Mickey,,,,,,,
Manic Street Preachers,Autumnsong,,,,,,,
Red Hot Chili Peppers,Higher Ground,,,,,,,
Nightwish,She Is My Sin,,,,,,,
Megadeth,Hangar 18,,,,,,,
The Beatles,The End,,,,,,,
Red Hot Chili Peppers,Funky Monks,,,,,,,
Ac/Dc,Rock And Roll Ain'T Noise Pollution,,,,,,,
Bruce Dickinson,Tears Of The Dragon,,,,,,,
King Crimson,Epitaph,,,,,,,
Bomfunk Mc'S,Freestyler,0.4,0.4,0.6,0.6,0.2,0.4,0.2
鈴村健一,Primal Innocence,,,,,,,
Yeah Yeah Yeahs,Rockers To Swallow,,,,,,,
Brand New,I Will Play My Game Beneath The Spin Light,,,,,,,
Massive Attack,Special Cases,,,,,,,
Rage Against The Machine,Snakecharmer,,,,,,,
Adele,Cold Shoulder,,,,,,,
The Radio Dept.,It'S Personal,,,,,,,
Counting Crows,Omaha,,,,,,,
The Killers,The Ballad Of Michael Valentine,,,,,,,
This Will Destroy You,Grandfather Clock,,,,,,,
Goldfrapp,Some People,,,,,,,
Matchbox Twenty,How Far We'Ve Come,,,,,,,
Cocorosie,Promise,,,,,,,
Camera Obscura,Suspended From Class,,,,,,,
Eddie Vedder,Tuolumne,,,,,,,
Múm,The Ballad Of The Broken Birdie Records,,,,,,,
Alice In Chains,No Excuses,,,,,,,
Opeth,Dirge For November,,,,,,,
30 Seconds To Mars,End Of The Beginning,,,,,,,
Soilwork,Distance,,,,,,,
Paramore,Born For This,,,,,,,
The Cribs,Mirror Kissers,,,,,,,
The Libertines,The Boy Looked At Johnny,,,,,,,
Pixies,There Goes My Gun,,,,,,,
Moby,One Of These Mornings,,,,,,,
Alice In Chains,Rain When I Die,,,,,,,
Sufjan Stevens,Tahquamenon Falls,,,,,,,
Bloc Party,Banquet (Phones Disco Edit),,,,,,,
Neko Case,Things That Scare Me,,,,,,,
Mark Ronson,Valerie (Feat. Amy Winehouse),0.8,0.8,0.6,0.8,0.6,0.4,0.6
Maroon 5,Tangled,,,,,,,
Cocteau Twins,Heaven Or Las Vegas,,,,,,,
Black Rebel Motorcycle Club,Us Government,,,,,,,
Cocteau Twins,Fifty-Fifty Clown,,,,,,,
Deerhunter,Cryptograms,,,,,,,
Sufjan Stevens,Sister,,,,,,,
Cut Copy,Saturdays (Reprise),,,,,,,
Midnight Juggernauts,Tombstone,,,,,,,
System Of A Down,Boom!,,,,,,,
Live,Lightning Crashes,,,,,,,
Architecture In Helsinki,Debbie,,,,,,,
Underworld,Cowgirl,,,,,,,
Queens Of The Stone Age,How To Handle A Rope,,,,,,,
Apparat,Limelight,,,,,,,
The Cure,A Night Like This,,,,,,,
Metric,On The Sly,,,,,,,
Arch Enemy,Nemesis,,,,,,,
Bikini Kill,Rebel Girl,,,,,,,
Deftones,Mein,,,,,,,
Fiona Apple,Better Version Of Me,,,,,,,
Judas Priest,Painkiller,,,,,,,
Bangles,Eternal Flame,,,,,,,
Nick Drake,Bryter Layter,,,,,,,
The Strokes,What Ever Happened,,,,,,,
Red Hot Chili Peppers,Warlocks,,,,,,,
Kling Klang,Rocker,,,,,,,
Oasis,Love Like A Bomb,,,,,,,
Jack Johnson,Dreams Be Dreams,,,,,,,
Hercules And Love Affair,Iris,,,,,,,
Placebo,20Th Century Boy,,,,,,,
The Chameleons,Up The Down Escalator,,,,,,,
Sonic Youth,'Cross The Breeze,,,,,,,
Air,Radian,,,,,,,
Deftones,Street Carp,,,,,,,
Art Brut,Rusted Guns Of Milan,,,,,,,
Boards Of Canada,Smokes Quantity,,,,,,,
Felix Da Housecat,Silver Screen Shower Scene,,,,,,,
Metallica,Eye Of The Beholder,,,,,,,
Hot Chip,Touch Too Much,,,,,,,
Rilo Kiley,Capturing Moods,,,,,,,
The Whitest Boy Alive,Fireworks,,,,,,,
Black Sabbath,Sweet Leaf,,,,,,,
Pixies,All Over The World,,,,,,,
Iron Maiden,Be Quick Or Be Dead,,,,,,,
The Presets,This Boy'S In Love,,,,,,,
The Duke Spirit,Lassoo,,,,,,,
Aimee Mann,Save Me,,,,,,,
Blur,Tracy Jacks,,,,,,,
Nightwish,Whoever Brings The Night,,,,,,,
Ramones,Rock 'N' Roll High School,,,,,,,
Abba,The Winner Takes It All,,,,,,,
Pink Floyd,Don'T Leave Me Now,,,,,,,
Pink Floyd,Lucifer Sam,,,,,,,
Guns N' Roses,So Fine,,,,,,,
Of Montreal,Lysergic Bliss,,,,,,,
Led Zeppelin Jam,How Many More Times,,,,,,,
Tilly And The Wall,Fell Down The Stairs,,,,,,,
Blonde Redhead,Doll Is Mine,,,,,,,
The Dandy Warhols,You Were The Last High,,,,,,,
Spoon,They Never Got You,,,,,,,
Bangles,Walk Like An Egyptian,,,,,,,
Deathstars,Tongues,,,,,,,
Red Hot Chili Peppers,Readymade,,,,,,,
M83,Birds,,,,,,,
Veruca Salt,Volcano Girls,,,,,,,
Corinne Bailey Rae,Trouble Sleeping,,,,,,,
Red Hot Chili Peppers,This Is The Place,,,,,,,
The White Stripes,Little Acorns,,,,,,,
Ensiferum,Iron,,,,,,,
The New Pornographers,All For Swinging You Around,,,,,,,
She Wants Revenge,I Don'T Want To Fall In Love,,,,,,,
My Bloody Valentine,Soft As Snow (But Warm Inside),,,,,,,
The Hold Steady,Chips Ahoy!,,,,,,,
The Beatles,Baby You'Re A Rich Man,,,,,,,
Islands,Humans,,,,,,,
Julie London,Cry Me A River,,,,,,,
The Gathering,Strange Machines,,,,,,,
The Offspring,Self Esteem,,,,,,,
The Jam,Town Called Malice,,,,,,,
System Of A Down,Know,,,,,,,
Sigur Rós,Untitled #1,,,,,,,
Aphex Twin,We Are The Music Makers,,,,,,,
Cake,Friend Is A Four Letter Word,,,,,,,
M83,Highway Of Endless Dreams,,,,,,,
Prince,Raspberry Beret,,,,,,,
System Of A Down,Tentative,,,,,,,
System Of A Down,War?,,,,,,,
The Cranberries,Ridiculous Thoughts,,,,,,,
Beck,Everybody'S Gotta Learn Sometimes,,,,,,,
Bright Eyes,If The Brakeman Turns My Way,,,,,,,
Tenacious D,Master Exploder,,,,,,,
Ladytron,Runaway,,,,,,,
Nine Inch Nails,La Mer,,,,,,,
Audioslave,The Last Remaining Light,,,,,,,
Calvin Harris,The Girls,,,,,,,
Modest Mouse,Invisible,,,,,,,
Shakira,Las De La Intuición,,,,,,,
Queens Of The Stone Age,Tension Head,,,,,,,
The Postal Service,There'S Never Enough Time,,,,,,,
Cky,96 Quite Bitter Beings,,,,,,,
Queens Of The Stone Age,Walkin' On The Sidewalks,,,,,,,
Bright Eyes,I Believe In Symmetry,,,,,,,
The Futureheads,Carnival Kids,,,,,,,
The Doors,Spanish Caravan,,,,,,,
Melanie C,Better Alone,,,,,,,
The Doors,Waiting For The Sun,,,,,,,
Fleetwood Mac,Rhiannon,,,,,,,
I Monster,Daydream In Blue,,,,,,,
Jimmy Eat World,The Authority Song,0.6,0.6,0.2,0.6,0.6,0.4,0.6
The Smashing Pumpkins,Jellybelly,,,,,,,
Bauhaus,Double Dare,,,,,,,
Air,Don'T Be Light,,,,,,,
Gossip,Listen Up!,,,,,,,
Zz Top,I Need You Tonight,,,,,,,
The Rapture,Don Gon Do It,,,,,,,
Muse,In Your World,,,,,,,
Belle And Sebastian,For The Price Of A Cup Of Tea,,,,,,,
Hard-Fi,Better Do Better,,,,,,,
The Rapture,House Of Jealous Lovers,,,,,,,
Jack Johnson,Cupid,,,,,,,
The Kooks,Gap,,,,,,,
Hercules And Love Affair,Raise Me Up,,,,,,,
Queens Of The Stone Age,Mexicola,,,,,,,
Beck,Go It Alone,,,,,,,
The Gathering,In Motion Part Ii,,,,,,,
Kings Of Convenience,Singing Softly To Me,,,,,,,
The Album Leaf,Window,,,,,,,
Sex Pistols,No Feelings,,,,,,,
Opeth,The Leper Affinity,,,,,,,
Rammstein,Spring,,,,,,,
Kings Of Leon,Happy Alone,,,,,,,
Ac/Dc,Whole Lotta Rosie,,,,,,,
Joy Division,Exercise One,,,,,,,
Rammstein,Sehnsucht,,,,,,,
Black Sabbath,Snowblind,,,,,,,
Rise Against,Prayer Of The Refugee,,,,,,,
The Stone Roses,Sally Cinnamon,,,,,,,
Anathema,Inner Silence,,,,,,,
Brand New,The Boy Who Blocked His Own Shot,,,,,,,
Έλενα Παπαρίζου,Gigolo,,,,,,,
Moby,Dream About Me,,,,,,,
Rammstein,Te Quiero Puta!,,,,,,,
Cocorosie,Raphael,,,,,,,
Metallica,Disposable Heroes,,,,,,,
The Cure,The Hanging Garden,,,,,,,
The All-American Rejects,Stab My Back,,,,,,,
Cat Power,New York,,,,,,,
Lcd Soundsystem,Losing My Edge,,,,,,,
Patrick Wolf,Prelude,,,,,,,
The All-American Rejects,Change Your Mind,,,,,,,
Islands,If,,,,,,,
Coheed And Cambria,Blood Red Summer,,,,,,,
Lady Gaga,Money Honey,,,,,,,
Depeche Mode,Perfect,0.4,0.8,0.6,0.8,0.4,0.4,0.6
Autolux,Sugarless,,,,,,,
Haddaway,What Is Love,,,,,,,
The Cure,Closedown,,,,,,,
Maroon 5,Not Falling Apart,,,,,,,
Death Cab For Cutie,Bend To Squares,,,,,,,
Something Corporate,I Woke Up In A Car,,,,,,,
Wilco,Wishful Thinking,,,,,,,
The Rapture,I Need Your Love,,,,,,,
The Smiths,Back To The Old House,,,,,,,
Snow Patrol,Same,,,,,,,
Deerhoof,The Perfect Me,,,,,,,
Suede,So Young,,,,,,,
Moby,Disco Lies,,,,,,,
Lcd Soundsystem,On Repeat,,,,,,,
The Bravery,Out Of Line,,,,,,,
The Notwist,One With The Freaks,,,,,,,
Lostprophets,A Town Called Hypocrisy,,,,,,,
Pixies,Holiday Song,,,,,,,
Islands,Swans (Life After Death),,,,,,,
Tv On The Radio,Ambulance,,,,,,,
Islands,Volcanoes,,,,,,,
Audioslave,Dandelion,,,,,,,
A Perfect Circle,Crimes,,,,,,,
Queens Of The Stone Age,Suture Up Your Future,,,,,,,
Nick Cave & The Bad Seeds,The Mercy Seat,,,,,,,
Opeth,Deliverance,,,,,,,
Jamiroquai,(Don'T) Give Hate A Chance,,,,,,,
Within Temptation,Restless,,,,,,,
Jamiroquai,Corner Of The Earth,,,,,,,
Turbonegro,The Age Of Pamparius,,,,,,,
Marvin Gaye,Let'S Get It On,,,,,,,
Ac/Dc,What Do You Do For Money Honey,,,,,,,
The Pipettes,Why Did You Stay?,,,,,,,
Caribou,Bees,,,,,,,
Editors,Push Your Head Towards The Air,,,,,,,
The Beatles,Piggies,,,,,,,
Explosions In The Sky,It'S Natural To Be Afraid,,,,,,,
Matchbox Twenty,Bent,,,,,,,
Ac/Dc,Dirty Deeds Done Dirt Cheap,,,,,,,
Linkin Park,No More Sorrow,,,,,,,
Tori Amos,Jackie'S Strength,,,,,,,
The Duke Spirit,You Really Wake Up The Love In Me,,,,,,,
The Magnetic Fields,The Luckiest Guy On The Lower East Side,,,,,,,
The Replacements,I Will Dare,0.6,0.6,0.4,0.6,0.8,0.6,0.4
Ladytron,Cracked Lcd,,,,,,,
The Last Shadow Puppets,Separate And Ever Deadly,,,,,,,
Queens Of The Stone Age,Mosquito Song,,,,,,,
Television,Friction,,,,,,,
Black Kids,Partie Traumatic,,,,,,,
Black Flag,Tv Party,,,,,,,
Razorlight,Who Needs Love?,,,,,,,
Dread Zeppelin,Black Mountain Side,,,,,,,
The Rasmus,In The Shadows,,,,,,,
Deerhunter,Little Kids,,,,,,,
Metallica,Don'T Tread On Me,,,,,,,
Art Brut,Bang Bang Rock And Roll,,,,,,,
Dead Kennedys,Let'S Lynch The Landlord,,,,,,,
Fischerspooner,Cloud,,,,,,,
Jamiroquai,Deeper Underground,,,,,,,
Amy Macdonald,Youth Of Today,,,,,,,
New Order,The Perfect Kiss,,,,,,,
Say Anything,Alive With The Glory Of Love,,,,,,,
Explosions In The Sky,Greet Death,,,,,,,
Beck,No Complaints,,,,,,,
The Presets,My People,,,,,,,
Ramones,Teenage Lobotomy,,,,,,,
Ladytron,I'M Not Scared,,,,,,,
Nirvana,Negative Creep,,,,,,,
Lykke Li,Breaking It Up,,,,,,,
Feist,My Moon My Man (Boys Noize Remix),,,,,,,
The Unicorns,The Clap,,,,,,,
Justice Vs. Simian,We Are Your Friends,,,,,,,
Tenacious D,Dio,,,,,,,
Buzzcocks,Harmony In My Head,,,,,,,
Fall Out Boy,7 Minutes In Heaven (Atavan Halen),,,,,,,
Tom Waits,Cemetery Polka,,,,,,,
Turbonegro,Selfdestructo Bust,,,,,,,
Jack Johnson,Wasting Time,,,,,,,
The Smashing Pumpkins,Siva,,,,,,,
Daft Punk,Alive,,,,,,,
Daft Punk,Burnin' / Too Long,,,,,,,
Cocorosie,K-Hole,,,,,,,
The Pussycat Dolls,Don'T Cha (Feat. Busta Rhymes),,,,,,,
The Raconteurs,Consoler Of The Lonely,,,,,,,
The White Stripes,Jolene,,,,,,,
Of Montreal,So Begins Our Alabee,,,,,,,
Marilyn Manson,The Nobodies,,,,,,,
Adam And The Ants,Kings Of The Wild Frontier,,,,,,,
Leonard Cohen,Sisters Of Mercy,,,,,,,
Massive Attack,Spying Glass,,,,,,,
Arcade Fire,The Woodland National Anthem,,,,,,,
The Kills,No Wow,,,,,,,
The Sounds,Night After Night,,,,,,,
Xiu Xiu,I Luv The Valley Oh!,,,,,,,
Sublime,Smoke Two Joints,,,,,,,
Iron Maiden,The Longest Day,,,,,,,
Nine Inch Nails,That'S What I Get,,,,,,,
The Maccabees,First Love,,,,,,,
Sarah Mclachlan,Fallen,,,,,,,
Pavement,Stereo,,,,,,,
Iron Maiden,The Reincarnation Of Benjamin Breeg,,,,,,,
Mando Diao,Tony Zoulias (Lustful Life),,,,,,,
Shiny Toy Guns,Starts With One,,,,,,,
The Chemical Brothers,Das Spiegel,,,,,,,
Jenny Lewis With The Watson Twins,You Are What You Love,,,,,,,
Kaiser Chiefs,Thank You Very Much,,,,,,,
Kasabian,Seek & Destroy,,,,,,,
Bright Eyes,Nothing Gets Crossed Out,,,,,,,
Metallica,Devil'S Dance,,,,,,,
Grandaddy,Jed'S Other Poem (Beautiful Ground),,,,,,,
Lily Allen,22,,,,,,,
The Beach Boys,That'S Not Me,,,,,,,
The All-American Rejects,Dance Inside,,,,,,,
Santana,Smooth,,,,,,,
Elbow,Starlings,,,,,,,
Jimi Hendrix,Manic Depression,,,,,,,
The Duke Spirit,Dog Roses,,,,,,,
Doves,Caught By The River,,,,,,,
Angels & Airwaves,A Little'S Enough,,,,,,,
System Of A Down,Holy Mountains,,,,,,,
Megadeth,A Tout Le Monde,,,,,,,
Afi,The Days Of The Phoenix,,,,,,,
System Of A Down,Innervision,,,,,,,
Mana,Vivir Sin Aire,,,,,,,
Architecture In Helsinki,Feather In A Baseball Cap,,,,,,,
The Last Shadow Puppets,Calm Like You,,,,,,,
Beck,Paper Tiger,,,,,,,
Billy Talent,Pins And Needles,,,,,,,
Coldplay,Lovers In Japan,,,,,,,
Vampire Weekend,The Kids Don'T Stand A Chance,,,,,,,
Nightwish,The Islander,,,,,,,
Turbonegro,Get It On,,,,,,,
Beyoncé,Halo,,,,,,,
Robbie Williams,Rock Dj,,,,,,,
Nick Drake,Hazey Jane I,,,,,,,
Jenny Lewis With The Watson Twins,Melt Your Heart,,,,,,,
Iron Maiden,Brighter Than A Thousand Suns,,,,,,,
Red Hot Chili Peppers,Blood Sugar Sex Magik,,,,,,,
Soilwork,Figure Number Five,,,,,,,
A Perfect Circle,What'S Going On,,,,,,,
Red Hot Chili Peppers,Mellowship Slinky In B Major,,,,,,,
Kiss,I Was Made For Loving You,,,,,,,
Nina Simone,I Put A Spell On You,,,,,,,
Metric,Torture Me,,,,,,,
Nine Inch Nails,Beside You In Time,,,,,,,
Pendulum,Prelude,,,,,,,
The Futureheads,First Day,,,,,,,
The Fray,Over My Head,,,,,,,
Kt Tunstall,Universe & U,,,,,,,
Editors,Escape The Nest,,,,,,,
Fever Ray,Keep The Streets Empty For Me,,,,,,,
The Fray,Trust Me,,,,,,,
Tenacious D,The Metal,,,,,,,
Skinny Puppy,Pedafly,,,,,,,
Jens Lekman,I'M Leaving You Because I Don'T Love You,,,,,,,
311,Amber,,,,,,,
The Beatles,If I Needed Someone,,,,,,,
System Of A Down,Pictures,,,,,,,
Kasabian,Butcher Blues,0.4,0.8,0.4,0.6,0.8,0.2,0.6
Calvin Harris,Merrymaking At My Place,,,,,,,
Adam Green,Friends Of Mine,,,,,,,
Nick Cave & The Bad Seeds,Today'S Lesson,,,,,,,
Audioslave,Somedays,,,,,,,
Audioslave,Bring 'Em Back Alive,,,,,,,
Linkin Park,By Myself,,,,,,,
Explosions In The Sky,Glittering Blackness,,,,,,,
Massive Attack,One Love,,,,,,,
Bruce Springsteen,The River,,,,,,,
Massive Attack,Everywhen,,,,,,,
Air,Dark Messages,,,,,,,
Beach House,Apple Orchard,,,,,,,
Deftones,Teenager,,,,,,,
Rammstein,Du Riechst So Gut,0.4,0.8,0.2,0.2,0.8,0.2,0.4
Pink Floyd,Vera,,,,,,,
T. Rex,Jeepster,,,,,,,
Belle And Sebastian,It Could Have Been A Brilliant Career,,,,,,,
Amy Winehouse,Me And Mr Jones,,,,,,,
Creedence Clearwater Revisited,Who'Ll Stop The Rain,,,,,,,
Creedence Clearwater Revival,Have You Ever Seen The Rain,,,,,,,
Mogwai,Cody,,,,,,,
System Of A Down,Stealing Society,,,,,,,
The Darkness,Get Your Hands Off My Woman,,,,,,,
Nightwish,Swanheart,,,,,,,
Abba,Chiquitita,,,,,,,
Aphex Twin,4,,,,,,,
Zero 7,Likufanele,,,,,,,
Mstrkrft,Paris,,,,,,,
Yo La Tengo,Mr. Tough,,,,,,,
Stars,Heart,,,,,,,
Michael Jackson,Don'T Stop 'Til You Get Enough,,,,,,,
Nirvana,Love Buzz,,,,,,,
Peaches,Operate,,,,,,,
Kings Of Convenience,Surprise Ice,,,,,,,
Kings Of Convenience,Summer On The Westhill,,,,,,,
Disturbed,Stupify,0.4,0.8,0.2,0.4,1.0,0.2,0.4
Linkin Park,Valentine'S Day,,,,,,,
Arcade Fire,Old Flame,,,,,,,
Les Savy Fav,What Would Wolves Do?,,,,,,,
