artist_name,track_name,Vocal Register,Vocal Timbre Thin to Full,Vocal Breathiness,Vocal Smoothness,Vocal Grittiness,Vocal Nasality,Vocal Accompaniment
Ultra Orange & Emmanuelle,Don'T Kiss Me Goodbye,,,,,,,
The Jam,Thick As Thieves,,,,,,,
The Haunted,Bury Your Dead,,,,,,,
Dead Can Dance,The Trial,,,,,,,
In Flames,Timeless,,,,,,,
Inxs,Guns In The Sky,,,,,,,
Alestorm,Flower Of Scotland,,,,,,,
Sleater-Kinney,Heart Factory,,,,,,,
Elsiane,Assemblage Point,,,,,,,
Sleeping At Last,Hold Still,,,,,,,
Tom Waits,Cold Water,0.2,0.4,0.2,0.2,1.0,0.6,0.0
Sleater-Kinney,Memorize Your Lines,,,,,,,
Fila Brazillia,Throwing Down A Shape,,,,,,,
Scorpions,In Trance,,,,,,,
Tom Waits,Dead And Lovely,,,,,,,
Sleater-Kinney,Little Mouth,,,,,,,
Sleater-Kinney,I'M Not Waiting,,,,,,,
Scorpions,When The Smoke Is Going Down,,,,,,,
Sleater-Kinney,Living In Exile,,,,,,,
Scorpions,I Wanted To Cry,,,,,,,
Wolf Parade,The Grey Estates,,,,,,,
The Greenhornes,Pattern Skies,,,,,,,
Lush,Breeze,,,,,,,
The Gun Club,She'S Like Heroin To Me,,,,,,,
Magnet,Lay Lady Lay (Feat. Gemma Hayes),,,,,,,
Mae,Giving It Away (Acoustic),,,,,,,
Charon,Ride On Tears,,,,,,,
Pantera,The Underground In America,,,,,,,
The Guess Who,American Woman,,,,,,,
Mae,Painless,,,,,,,
Patrick Wolf,Empress,,,,,,,
Wire,Dot Dash,0.4,0.4,0.2,0.6,0.2,0.4,0.4
Sleater-Kinney,Write Me Back Fucker,,,,,,,
Sleater-Kinney,Was It A Lie?,,,,,,,
Elvis Costello,Beyond Belief,,,,,,,
The Great Depression,The Baltic Sea,,,,,,,
Dead Can Dance,Song Of The Stars,,,,,,,
Madcon,Beggin' (Promo Only Clean Edit),,,,,,,
M83,Violet Tree,,,,,,,
Cheap Trick,I Want You To Want Me (Live),,,,,,,
Fennesz & Sakamoto,Mono,,,,,,,
Dan Le Sac Vs. Scroobius Pip,Back From Hell,,,,,,,
Parts & Labor,Vision Of Repair,,,,,,,
Infadels,Reality Tv,,,,,,,
Tom Waits,God'S Away On Business,,,,,,,
Barenaked Ladies,Unfinished,,,,,,,
Paris Hilton,Turn It Up,,,,,,,
Boys Night Out,Medicating,,,,,,,
Blitzkid,Pretty In A Casket,,,,,,,
Chantal Kreviazuk,Leaving On A Jet Plane,,,,,,,
The Hives,Knock Knock,,,,,,,
Sun Kil Moon,Unlit Hallway,,,,,,,
+/-,Fadeout,,,,,,,
M. Ward,Today'S Undertaking,,,,,,,
Paramore,Oh Star,,,,,,,
Treva Whateva,Driving Reign,,,,,,,
Sleater-Kinney,Slow Song,,,,,,,
Tricky,Brand New You'Re Retro,,,,,,,
Infernal,I Won'T Be Crying (Beatfreakz Club Edit),,,,,,,
Sleater-Kinney,Taste Test,,,,,,,
Telefon Tel Aviv,The Birds,,,,,,,
Pati Yang,Pretty Fin,,,,,,,
Elvis Presley,(Now And Then There'S) A Fool Such As I,,,,,,,
Telefon Tel Aviv,You Are The Worst Thing In The World,,,,,,,
Sleater-Kinney,Don'T Think You Wanna,,,,,,,
The Holloways,Fuck Ups,,,,,,,
Beth,Dime (Spain),,,,,,,
The Holloways,Happiness And Penniless,,,,,,,
The Hellacopters,A View From Nowhere,,,,,,,
Kraftwerk,Tour De France (Etape 3),0.6,0.4,0.2,0.8,0.0,0.4,0.0
The Hellacopters,Better Than You,,,,,,,
Miss Kittin,Requiem For A Hit (Feat. L.A. Williams),,,,,,,
Reel 2 Real,I Like To Move It,,,,,,,
Kraftwerk,Metall Auf Metall,,,,,,,
Tunng,Out The Window With The Window,,,,,,,
Controlled Collapse,Liar,,,,,,,
Glass Candy,Computer Love (Kraftwerk Cover),,,,,,,
Kraftwerk,Schaufensterpuppen,,,,,,,
Tina Turner,Simply The Best,,,,,,,
The Cooper Temple Clause,Isn'T It Strange,,,,,,,
Miss Kittin,Pollution Of The Mind,,,,,,,
Reik,Invierno,,,,,,,
Gilbert Bécaud,Nathalie,,,,,,,
Girls Aloud,Love Is The Key,,,,,,,
Girls Aloud,I Think We'Re Alone Now,,,,,,,
Remy Zero,Hollow,,,,,,,
The Cooper Temple Clause,Who Needs Enemies?,,,,,,,
Girls Aloud,Black Jacks,,,,,,,
Girls Aloud,Close To Love,,,,,,,
Tinariwen,Matadjem Yinmixan,,,,,,,
Cool Kids Of Death,Generacja Nic,,,,,,,
Cool Kids Of Death,Megapixel,,,,,,,
Mj Cole Feat. Laura Vane,Watertight,,,,,,,
Angelo Badalamenti,Red Bats With Teeth,,,,,,,
Squire,You'Re The One,,,,,,,
Kraftwerk,The Telephone Call,,,,,,,
Download,Zass Pie,,,,,,,
Boy Kill Boy,Friday - Friday,,,,,,,
Turbonegro,Babylon Forever,,,,,,,
Down,Eyes Of The South,,,,,,,
Girls Aloud,Theme To St.Trinians,,,,,,,
Girls Aloud,Love Is Pain,,,,,,,
鼓童,Wax Off,,,,,,,
Leftfield,21St Century Poem,,,,,,,
Menomena,Cough Coughing,,,,,,,
As I Lay Dying,Repeating Yesterday,,,,,,,
Britney Spears,Chris Cox Megamix,,,,,,,
Saturday Looks Good To Me,The Girl'S Distracted,,,,,,,
Menomena,Oahu,,,,,,,
Flight Of The Conchords,Mutha'Uckas,,,,,,,
Flogging Molly,Black Friday Rule,,,,,,,
Menomena,The Monkey'S Back,,,,,,,
Bloc Party,Little Thoughts (Extended Version),,,,,,,
Paula Abdul,Opposites Attract,,,,,,,
The Almost,Dirty And Left Out,,,,,,,
Sigur Rós,Vetur,,,,,,,
Arch Enemy,In This Shallow Grave,,,,,,,
Peaches,Two Guys (For Every Girl),,,,,,,
Erlend Øye,Sheltered Life,,,,,,,
Mad Season,Long Gone Day,,,,,,,
Peace Orchestra,Shining,,,,,,,
Windy & Carl,Beyond Asleep,,,,,,,
Windy & Carl,Consciousness,,,,,,,
Pavement,Folk Jam,,,,,,,
Mercenary,World Hate Center,,,,,,,
Snowden,Filler Is Wasted,,,,,,,
The Pretenders,2000 Miles,,,,,,,
Mercenary,Redefine Me,,,,,,,
Pavement,Fame Throwa,,,,,,,
Mercenary,Loneliness,,,,,,,
El-P,Stepfather Factory,,,,,,,
Bishop Allen,Middle Management,,,,,,,
The Who,Mary Anne With The Shaky Hand,,,,,,,
The Wombats,Dr Suzanne Mattox Phd,,,,,,,
El-P,Drive,,,,,,,
Led Zeppelin,The Wanton Song,,,,,,,
The Presidents Of The United States Of America,Bug City,,,,,,,
El-P,Tasmanian Pain Coaster,,,,,,,
Mercyful Fate,A Dangerous Meeting,,,,,,,
Windy & Carl,The Sun,,,,,,,
Windy & Carl,Snowing,,,,,,,
Erlend Øye,The Athlete,,,,,,,
Dave Gahan,A Little Lie,,,,,,,
Sigur Rós,[Untitled],,,,,,,
El Perro Del Mar,Here Comes That Feeling,,,,,,,
Erlend Øye,The Black Keys Work (Phonique Remix),,,,,,,
The Airborne Toxic Event,Innocence,,,,,,,
Tomte,Passt Zu Meinem Kalender,,,,,,,
Tomte,Norden Der Welt,,,,,,,
Dave Edmunds,Hey Good Lookin',,,,,,,
Sasha,Requiem,,,,,,,
El Ten Eleven,Fanshawe,,,,,,,
Snow Patrol,Headlights,,,,,,,
El Ten Eleven,Thinking Loudly,,,,,,,
Electrelane,I'M On Fire,,,,,,,
Sasha,Medway - The Baseline Track,,,,,,,
El Ten Eleven,1969,,,,,,,
Flickerstick,Chloroform The One You Love,,,,,,,
Sash!,Stay,,,,,,,
The Presets,Are You The One? (Simian Mobile Disco Remix),,,,,,,
Merle Haggard,Silver Wings,,,,,,,
The Prodigy,Molotov Bitch,,,,,,,
The Postmarks,Summers Never Seem To Last,,,,,,,
Social Distortion,Under My Thumb,,,,,,,
Saul Williams,Pg,,,,,,,
Britney Spears,We Can Do It (Get Naked),,,,,,,
The Postal Service,The Dream Of Evan And Chan,,,,,,,
Soda Stereo,Ameba,,,,,,,
Electrelane,You Make Me Weak At The Knees,,,,,,,
Le Volume Courbe,Sitting In Your Head,,,,,,,
Soda Stereo,En El Séptimo Día,,,,,,,
Paul Van Dyk,That'S Life,,,,,,,
Darkwell,Armageddon,,,,,,,
Dave Matthews Band,Don'T Drink The Water,,,,,,,
Dave Matthews,Trouble,,,,,,,
Biosphere,Dissolving Clouds,,,,,,,
The American Analog Set,The Postman,,,,,,,
The Tough Alliance,The Last Dance,,,,,,,
Soda Stereo,Pic-Nic En El 4To B,,,,,,,
Fluke,Atom Bomb,,,,,,,
Paul Weller,From The Floorboards Up,,,,,,,
Ash,Oh Yeah,,,,,,,
The Postal Service,02 Track 2,,,,,,,
Le Tigre,Well Well Well,,,,,,,
Saul Williams,Raised To Be Lowered,,,,,,,
Electric Light Orchestra,Blinded By The Light,,,,,,,
Saul Williams,No One Ever Does,,,,,,,
Flunk,Kemikal Girl,,,,,,,
Le Tigre,All That Glitters (Remix By Rachael Kozak),,,,,,,
Sodom,Incest,,,,,,,
Flunk,Skysong,,,,,,,
Sarah Mclachlan,Hold On,,,,,,,
Broadcast,You Can Fall,,,,,,,
Bishop Allen,Rain,,,,,,,
Darkthrone,I En Hall Med Flesk Og Mjød,,,,,,,
M83,Facing That,,,,,,,
Erik Mongrain,Mais Quand,,,,,,,
Broken Social Scene,Baroque Social,,,,,,,
Darkmateria,The Picard Song,,,,,,,
The Wrens,Faster Gun,,,,,,,
The Polyphonic Spree,Section 9: Light & Day / Reach For The Sun,,,,,,,
The Wreckers,Cigarettes,,,,,,,
Vanessa Paradis,Joe Le Taxi,,,,,,,
Einstürzende Neubauten,Let'S Do It A Dada,,,,,,,
Einstürzende Neubauten,Die Interimsliebenden,,,,,,,
Einstürzende Neubauten,Ich Gehe Jetzt,,,,,,,
Sofa Surfers,Can I Get A Witness,,,,,,,
808 State,Pacific State,,,,,,,
Savage Garden,Hold Me,,,,,,,
Lauryn Hill,Lost Ones,,,,,,,
The Wrens,The House That Guilt Built,,,,,,,
Laurent Garnier,Communications From The Lab,,,,,,,
Soft Cell,Insecure Me,,,,,,,
Soft Cell,Bedsitter,,,,,,,
Laura Veirs,Spelunking,,,,,,,
Laurent Garnier,The Warning,,,,,,,
The Pogues,The Auld Triangle,,,,,,,
The Who,Helpless Dancer,,,,,,,
Method Man,Tical,,,,,,,
The Who,Heinz Baked Beans,,,,,,,
Bright Eyes,The Difference In The Shades,,,,,,,
Laura Veirs,Parisian Dream,,,,,,,
The Pogues,Poor Paddy,,,,,,,
Sara Donaldson,Back To The Beginning (Opus 6),,,,,,,
Snoop Dogg,Tha Shiznit,,,,,,,
Dark Tranquillity,Day To End,,,,,,,
Electric Six,Future Boys,,,,,,,
Sarah Brightman,A Whiter Shade Of Pale,,,,,,,
Laura Pausini,Surrender (Mike Rizzo Global Club Mix),,,,,,,
Anthrax,Subjugator,,,,,,,
The Pogues,A Pistol For Paddy Garcia,,,,,,,
Dark Tranquillity,The One Brooding Warning,,,,,,,
Pedro The Lion,Arizona,,,,,,,
Dark Tranquillity,Ego Drama,,,,,,,
Madison Avenue,Don'T Call Me Baby,,,,,,,
Soil,Can You Heal Me,,,,,,,
Alicia Keys,The Thing About Love,,,,,,,
Late Of The Pier,Mad Dogs And Englishmen,,,,,,,
Metricks,Your Reflection,,,,,,,
Willie Nelson,Me And Paul,,,,,,,
Efterklang,Mimeo,,,,,,,
Savage Garden,Violet,,,,,,,
Bright Eyes,Loose Leaves,,,,,,,
Eels,Wooden Nickels,,,,,,,
ムック,Kokoro No Naimachi,,,,,,,
Bruce Dickinson,Tattooed Millionaire,,,,,,,
Bruce Dickinson,A Tyranny Of Souls,,,,,,,
Anthrax,Belly Of The Beast,,,,,,,
Billy Talent,This Is How It Goes,,,,,,,
メリー,Kuroi Niji,,,,,,,
Eels,Wrong About Bobby,,,,,,,
Bruce Dickinson,Trumpets Of Jericho,,,,,,,
Eels,Rock Hard Times,,,,,,,
Ashlee Simpson,Lala,0.6,0.6,0.6,0.4,0.6,0.4,0.6
Eels,Somebody Loves You,,,,,,,
Mewithoutyou,Wolf Am I! (And Shadow),,,,,,,
Eels,Dog Faced Boy,,,,,,,
Eels,Losing Streak,,,,,,,
Mf Doom,Gas Drawls,,,,,,,
Saves The Day,Cheer,,,,,,,
Santana,Trinity (Feat. Kirk Hammett & Robert Randolph),,,,,,,
Bright Eyes,Going For The Gold,,,,,,,
Bruce Springsteen,Jesse James,,,,,,,
Bruce Springsteen,Cadillac Ranch,,,,,,,
Pedro The Lion,Suspect Fled The Scene,,,,,,,
The Apples In Stereo,Play Tough,,,,,,,
Mf Doom,Coffin Nails,,,,,,,
Mf Doom,Dead Bent,,,,,,,
Bloc Party,The Present,,,,,,,
The Young Knives,Tailors,,,,,,,
Bloc Party,The Pioneers (M83 Remix),,,,,,,
Blink-182,The Party Song,,,,,,,
Erykah Badu,Apple Tree,,,,,,,
Alicia Keys,Harlem'S Nocturne,,,,,,,
Paul Schwartz,Agnus Dei,,,,,,,
Bang Gang,In The Morning,,,,,,,
Eels,Ant Farm,,,,,,,
Alkaline Trio,Burn,,,,,,,
Foreign Objects,Genesis 12A,,,,,,,
Foreign Objects,The Other Side Of The End Of The Universe,,,,,,,
Bruce Springsteen,Growin' Up,0.6,0.8,0.4,0.4,0.8,0.6,0.4
Lao Che,Czerniaków,,,,,,,
The Who,A Legal Matter,,,,,,,
Bruce Springsteen,I'M Goin' Down,,,,,,,
Melanie C,Closer,,,,,,,
Lamya,Black Mona Lisa (Single Mix),,,,,,,
Micatone,You'Ve Taken All,0.6,0.8,0.6,0.8,0.2,0.4,0.6
Sanna Nielsen,Empty Room,,,,,,,
Forgotten Boys,Every Little Thing I Do,,,,,,,
Lenny Kravitz,Believe In Me,,,,,,,
The Pfeifer Broz. Orchestra,Sex And The City Movie Theme,,,,,,,
Forgotten Boys,No Surprises,,,,,,,
Fort Minor,Cigarettes,,,,,,,
Solange,Sandcastle Disco,,,,,,,
Sniff 'N' The Tears,Driver'S Seat,,,,,,,
Flanders,Time (Deflect Original Mix),,,,,,,
Fort Minor,In Stereo,,,,,,,
Lambchop,Is A Woman,,,,,,,
The Pastels,Nothing To Be Done,,,,,,,
The Aquabats!,Meltdown!,,,,,,,
Saves The Day,This Is Not An Exit,,,,,,,
The Aquabats!,Plastic Lips,,,,,,,
Paul Mccartney,A Certain Softness,,,,,,,
Paul Mccartney,That Was Me,,,,,,,
Erykah Badu,Hey Sugah,,,,,,,
Sammy Hagar,Heavy Metal,,,,,,,
Blink-182,Pathetic,,,,,,,
Bloc Party,This Modern Love (Dave P. And Adam Sparkle'S Making Time Remix),,,,,,,
Tool,Lost Keys,,,,,,,
Lamb,Softly,,,,,,,
Lamb Of God,Pariah,,,,,,,
Four Tet,Tangle,,,,,,,
Edit,Situps Pullups,,,,,,,
Vasco Rossi,C'È Chi Dice No,,,,,,,
The Zombies,Changes,,,,,,,
Lamb,Written,,,,,,,
Fox N' Wolf,Youth Alcoholic,,,,,,,
Sneaker Pimps,Half Life,,,,,,,
Edit,Ants,,,,,,,
Samamidon,Fall On My Knees,,,,,,,
Say Anything,I Want To Know Your Plans,,,,,,,
Samamidon,Little Johnny Brown,,,,,,,
Samamidon,O Death,,,,,,,
Samamidon,Little Satchel,,,,,,,
Samamidon,Sugar Baby,,,,,,,
The Zombies,Leave Me Be,,,,,,,
Samamidon,Wedding Dress,,,,,,,
Bt,Flaming June,0.0,0.0,0.0,0.0,0.0,0.0,0.0
David Bowie,Across The Universe,,,,,,,
Dario Marianelli,The Living Sculptures Of Pemberly,,,,,,,
Four Tops,I Can'T Help Myself,,,,,,,
I Am Kloot,Loch,,,,,,,
David Bowie,Candidate (Demo Version),,,,,,,
Pelican,March To The Sea,,,,,,,
Eric Prydz,Fading Like A Flower,,,,,,,
The Aquabats!,Stuck In A Movie!,,,,,,,
Pendulum,Propane Nightmares (Vip Mix),,,,,,,
The Aquabats!,Waterslides!,,,,,,,
Lali Puna,Crawling By Numbers,,,,,,,
Lali Puna,Alienation,,,,,,,
Sam Sparro,Clingwrap,,,,,,,
Michael Bublé,You Don'T Know Me,,,,,,,
坂本真綾,Doreddo 39,,,,,,,
Fragma,You Are Alive,,,,,,,
Sally Herbert & Jerry Burns,Angel,,,,,,,
Megadeth,You'Re Dead,,,,,,,
Solo Di Medina,Mujer Del Vuelo,,,,,,,
Salem Al Fakir,Two Long Distance To Great Thoughts,,,,,,,
The Protomen,The Stand (Man Or Machine),,,,,,,
Ladytron,Blue Jeans 2.0,,,,,,,
Franco Micalizzi,The Puzzle,,,,,,,
Leona Lewis,Yesterday,0.8,0.8,0.8,1.0,0.2,0.2,0.4
Ladytron,Skools Out...,,,,,,,
Frank Black,Fu Manchu,,,,,,,
Tycho,A Circular Reeducation,,,,,,,
Something Brothers,Martin Solveig,,,,,,,
Frank Black,I Heard Ramona Sing,,,,,,,
Something Corporate,21 And Invincible,,,,,,,
The 69 Eyes,Sugarman,,,,,,,
The Zombies,This Will Be Our Year,,,,,,,
Immortal,Withstand The Fall Of Time,,,,,,,
Blink-182,Go,,,,,,,
Underworld,Tongue,,,,,,,
The 69 Eyes,Too Sick For You,,,,,,,
Lady Gaga,Just Dance (Hccr'S Bambossa Edit),,,,,,,
Unida,Thorn,,,,,,,
Buckethead,Dawn At The Deuce,,,,,,,
Lady Sovereign,Fiddle With The Volume,,,,,,,
Something Corporate,This Broken Heart,,,,,,,
50 Cent,Best Friend,,,,,,,
Saint Etienne,Stop And Think It Over,,,,,,,
Buckethead,Spell Of The Gypsies,,,,,,,
Buckethead,Siege Engine,,,,,,,
Michael Nyman,Fish Beach,,,,,,,
Lady Gaga,Disco Heaven,,,,,,,
Brian Mcfadden,Oblivious,,,,,,,
Edan,Polite Meeting (Intro),,,,,,,
Ed Harcourt,Born In The '70S,,,,,,,
Lacuna Coil,No Need To Explain,,,,,,,
The Psychedelic Furs,Run And Run,,,,,,,
Vashti Bunyan,Where I Like To Stand,,,,,,,
Lacrimosa,Ich Verlasse Heut' Dein Herz,,,,,,,
Lacuna Coil,Devoted,,,,,,,
Lacuna Coil,Cold,,,,,,,
David Bowie,I'M Afraid Of Americans (V1),,,,,,,
Patti Smith,Space Monkey,,,,,,,
The 69 Eyes,Mrs. Sleazy,,,,,,,
Michael Woods,Solex (Close To The Edge) (Radio Edit),,,,,,,
M. Ward,Oh Take Me Back,,,,,,,
Escape The Fate,The Guillotine,,,,,,,
The 69 Eyes,Shoot You Down (Demo),0.4,0.8,0.4,0.6,0.8,0.2,0.2
David Bowie,Kingdom Come,,,,,,,
Wintersun,Sadness And Hate,,,,,,,
The Offspring,Pretty Fly,,,,,,,
Son Volt,Satellite,,,,,,,
Michelle Branch,Are You Happy Now,,,,,,,
The Offspring,Takes Me Nowhere,,,,,,,
Son Volt,Slow Hearse,,,,,,,
Saint Etienne,Finisterre,,,,,,,
The Offspring,Race Against Myself,,,,,,,
Sonata Arctica,Don'T Say A Word (Edit),,,,,,,
Saint Etienne,Language Lab,,,,,,,
The Offspring,Pay The Man,,,,,,,
Brian Eno & David Byrne,America Is Waiting,,,,,,,
Sonata Arctica,The Misery,,,,,,,
Saint Etienne,Action,,,,,,,
Michelle Branch,You Get Me,,,,,,,
The Offspring,Hypodermic,,,,,,,
Sage Francis,Underground For Dummies,,,,,,,
Echo Image,Listen To The Stars,,,,,,,
Sonata Arctica,Revontulet,,,,,,,
Midlake,No One Knew Where We Were,,,,,,,
Saybia,Empty Stairs,,,,,,,
A Flock Of Seagulls,Transfer Affection,,,,,,,
Middle Of The Road,Chirpy Chirpy Cheep Cheep,,,,,,,
Theatre Of Tragedy,A Hamlet For A Slothful Vassal,,,,,,,
Brian Eno & David Byrne,Life Is Long,,,,,,,
坂本真綾,The Garden Of Everything 〜電気ロケットに君を連れて〜,,,,,,,
Wir Sind Helden,Du Erkennst Mich Nicht Wieder,,,,,,,
Wir Sind Helden,Aurélie,,,,,,,
Héroes Del Silencio,Entre Dos Tierras,,,,,,,
Escape The Fate,My Apocalypse,,,,,,,
Alice In Chains,Real Thing,,,,,,,
Patrick Wolf,Thickets,,,,,,,
Patrick Wolf,Pumpkin Soup,,,,,,,
David Bowie,Memory Of A Free Festival,,,,,,,
David Bowie,Outside,,,,,,,
Silver Jews,Animal Shapes,,,,,,,
Torche,Erase,,,,,,,
Alice In Videoland,Going Down,,,,,,,
Sage Francis,Crumble,,,,,,,
Midlake,The Jungler,,,,,,,
Echo & The Bunnymen,Pictures On My Wall,,,,,,,
Echo & The Bunnymen,Crocodiles,,,,,,,
Sage Francis,Broken Wings,,,,,,,
The Pussycat Dolls,I'M Done,,,,,,,
Buffalo Tom,Would Not Be Denied,,,,,,,
La Quinta Estación,Que Te Quería,,,,,,,
Echo & The Bunnymen,Everything Kills You,,,,,,,
Buffalo Tom,You'Ll Never Catch Him,,,,,,,
Bugge Wesseltoft,Change,,,,,,,
Frank Sinatra,Jingle Bells,,,,,,,
Frank Sinatra,Let It Snow,,,,,,,
Songs: Ohia,Captain Badass,,,,,,,
Bugge Wesseltoft,El.,,,,,,,
Buggles,Adventures In Modern Recording,,,,,,,
Buggles,Kid Dynamo,,,,,,,
Songs: Ohia,Hold On Magnolia,,,,,,,
Tom Waits,We'Re All Mad Here,,,,,,,
Badly Drawn Boy,Year Of The Rat,,,,,,,
David Bowie,Stay,,,,,,,
Håkan Hellström,För En Lång Lång Tid,,,,,,,
Håkan Hellström,Atombomb,,,,,,,
David Bowie,Slow Burn,,,,,,,
The 69 Eyes,Get Around,,,,,,,
M-Flo♥加藤ミリヤ,One Day (Kreva Remix),,,,,,,
M-Flo♥Rie Fu,Float'N Flow (Sao Paulo Tornado Remix),,,,,,,
Blink-182,All Of This,,,,,,,
Danny Elfman,The Little Things,,,,,,,
The B-52'S,Party Out Of Bounds,,,,,,,
Håkan Hellström,Uppsnärjd I Det Blå,,,,,,,
The B-52'S,6060-842,,,,,,,
Wire,A Mutual Friend,,,,,,,
Theatre Of Tragedy,Fragment,,,,,,,
Mikkel Metal,Dorant,,,,,,,
The Nightwatchman,Battle Hymns,,,,,,,
Megadeth,Breadline,,,,,,,
Songs: Ohia,Two Blue Lights,,,,,,,
Megadeth,Amerikhastan,,,,,,,
Built To Spill,Stab,,,,,,,
Megadeth,Blood Of Heroes,,,,,,,
Easyworld,Hopelessly Devoted To You,,,,,,,
Miles Davis,Bitches Brew,,,,,,,
L.A. Guns,Sex Action,,,,,,,
L'Âme Immortelle,Stumme Schreie,,,,,,,
Built To Spill,Israel'S Song,,,,,,,
The New Pornographers,Breakin' The Law,,,,,,,
Easy Star All-Stars,Us And Them,,,,,,,
Mediæval Bæbes,Summerisle (The Maypole Song),0.8,0.6,0.6,0.8,0.0,0.4,0.8
Theatre Of Tragedy,Play,,,,,,,
Easy Star All-Stars,Paranoid Android,,,,,,,
L'Âme Immortelle,Judgement,,,,,,,
Leroy Hanghofer,H-Boy,,,,,,,
Mediengruppe Telekommander,Mein Herz,,,,,,,
Sonic Youth,Diamond Sea,,,,,,,
Easy Star All-Stars,On The Run,,,,,,,
Hypocrisy,Slippin' Away,,,,,,,
Silver Jews,We Are Real,,,,,,,
Alice Cooper,Desperado,,,,,,,
Danny Elfman,According To Plan,,,,,,,
The Bad Plus,Everybody Wants To Rule The World,,,,,,,
Eric Clapton,I'M Going Left,,,,,,,
Miles Davis,On Green Dolphin Street,,,,,,,
Brett Dennen,There Is So Much More,,,,,,,
The Nerves,Hanging On The Telephone,,,,,,,
Röyksopp,What Else Is There (Trentemøller Remix),,,,,,,
Sonic Youth,Ghost Bitch,,,,,,,
Kyuss,Space Cadet,,,,,,,
Theatre Of Tragedy,Superdrive,,,,,,,
Van Morrison,Astral Weeks,,,,,,,
Vector Lovers,Melodies And Memory,,,,,,,
Burial,Broken Home,0.6,0.4,1.0,0.8,0.2,0.4,0.0
The National,Son,,,,,,,
Sonic Youth,Quest For The Cup,,,,,,,
Kyuss,Whitewater,,,,,,,
Kyoto Jazz Massive,Behind The Shadow,,,,,,,
Kylie Minogue,Wow (Mstrkrft Remix),,,,,,,
Kyuss,Catamaran,,,,,,,
Twisted Sister,Love Is For Suckers,,,,,,,
Pet Shop Boys,I Get Along,,,,,,,
Arcana,The Song Of Mourning,,,,,,,
The Ballistic Brothers,Uschi'S Groove,,,,,,,
The Band,Look Out Cleveland,,,,,,,
Silver Jews,Sometimes A Pony Gets Depressed,,,,,,,
The Band,Caledonia Mission,,,,,,,
The Band,Whispering Pines,,,,,,,
All Girl Summer Fun Band,Car Trouble,,,,,,,
Tori Amos,Beauty Queen / Horses,,,,,,,
Badly Drawn Boy,Born Again,,,,,,,
All Girl Summer Fun Band,Grizzly Bear,,,,,,,
Annuals,Ease My Mind,,,,,,,
Earlimart,Answers And Questions,,,,,,,
Annuals,Just Stay In,,,,,,,
The National,All Dolled-Up In Straps,,,,,,,
Mecano,No Pintamos Nada,,,,,,,
Milosh,Creepy,,,,,,,
Milosh,Something Good,,,,,,,
Medeski Martin And Wood,Macha,,,,,,,
Billie Holiday,My Man,,,,,,,
Assemblage 23,Away,,,,,,,
Mindless Self Indulgence,Holy Shit,,,,,,,
Mindless Self Indulgence,I'M Your Problem Now,,,,,,,
Mindless Self Indulgence,Daddy,,,,,,,
Eagles,Love Will Keep Us Alive,,,,,,,
Elf Power,23Rd Dream,,,,,,,
Mindless Self Indulgence,Harry Truman,,,,,,,
Van Halen,Where Have All The Good Times Gone?,,,,,,,
Scars On Broadway,Exploding/Reloading,,,,,,,
The Radio Dept.,Deliverance,,,,,,,
Van Halen,Top Jimmy,,,,,,,
Mindless Self Indulgence,Prescription,,,,,,,
Husky Rescue,New Light Of Tomorrow (Bonobo Remix),,,,,,,
Part Chimp,War Machine,,,,,,,
Assemblage 23,Drive,,,,,,,
Pet Shop Boys,Miserablism,,,,,,,
The Be Good Tanyas,Ship Out On The Sea,,,,,,,
Daniel Licht,Opening,,,,,,,
鈴村健一,約束,,,,,,,
The Thrills,The Midnight Choir,,,,,,,
...And You Will Know Us By The Trail Of Dead,Halcyon Days,,,,,,,
David Ford,Laughing Aloud,,,,,,,
Kumm,One Life Left,,,,,,,
Assemblage 23,Divide (Tidal Mix By Cut.Rate.Box),,,,,,,
Ryan Adams & The Cardinals,Easy Plateau,,,,,,,
Brendan Benson,What I'M Looking For,,,,,,,
Scars On Broadway,Kill Each Other/Live Forever,,,,,,,
Kult,Polska,,,,,,,
Ministry,N.W.O,,,,,,,
Ryan Adams,To Be The One,,,,,,,
Assemblage 23,Sorry,,,,,,,
A Perfect Circle,Counting Bodies Like Sheep To,,,,,,,
Assemblage 23,You Haven'T Earned It,,,,,,,
Bush,Bomb,,,,,,,
The Radio Dept.,Your Father,,,,,,,
U2,October,,,,,,,
Kult,Elektryczne Nożyce,,,,,,,
The Weepies,Stars,,,,,,,
Kula Shaker,Knight On The Town,,,,,,,
Ryan Adams,Rip Off,,,,,,,
Busta Rhymes,Touch It (Dirty),,,,,,,
Ryan Adams,Meadowlake Street,,,,,,,
Mecano,El Amante De Fuego,,,,,,,
Sophie Ellis-Bextor,Mixed Up World,,,,,,,
Ryan Adams,Down In A Hole,,,,,,,
Pete Seeger,We Shall Overcome,,,,,,,
David Guetta,Baby When The Light,,,,,,,
Tom Waits,Sins Of My Father,,,,,,,
Hurt,Losing,,,,,,,
Tom Waits,Such A Scream,,,,,,,
Hurricane #1,Step Into My World,,,,,,,
Thanatopsis,Nostrum,,,,,,,
Eric Clapton,Before You Accuse Me,,,,,,,
The Three O'Clock,Jet Fighter,,,,,,,
Parov Stelar,Spygame,,,,,,,
Butthole Surfers,22 Going On 23,,,,,,,
Hurt,Shallow,,,,,,,
Meat Puppets,Swimming Ground,,,,,,,
The Most Serene Republic,Proposition 61,,,,,,,
Less Than Jake,History Of A Boring Town,,,,,,,
Less Than Jake,Magnetic North,,,,,,,
Kruder & Dorfmeister,Useless (K&D Session),,,,,,,
The Raincoats,No Side To Fall In,,,,,,,
A Silver Mt. Zion,C'Mon Come On (Loose An Endless Longing.),,,,,,,
Less Than Jake,Malt Liquor Tastes Better When You'Ve Got Problems,,,,,,,
Less Than Jake,1989,,,,,,,
Minus The Bear,Let'S Play Guitar In A Five Guitar Band,,,,,,,
A Silver Mt. Zion,For Wanda,,,,,,,
Minutemen,Political Song For Michael Jackson To Sing,,,,,,,
Mirah,Person Person,,,,,,,
Mirah,Monument,,,,,,,
The Monkees,Words,,,,,,,
Mirah,Look Up!,,,,,,,
Buzzcocks,Love Battery,,,,,,,
Less Than Jake,Mr. Chevy Celebrity,,,,,,,
Fiona Apple And Bjork,Leaving On A Jet Plane,,,,,,,
Fionn Regan,Be Good Or Be Gone,,,,,,,
Freak Kitchen,Some Kind Of Love Song,,,,,,,
Buzzcocks,Running Free,,,,,,,
Within Temptation,Jane Doe,,,,,,,
Tom Waits,Road To Peace,,,,,,,
Infected Mushroom,Im The Supervisor,,,,,,,
Infected Mushroom,Before,,,,,,,
Shy Child,Summer,,,,,,,
Paris Hilton,Jealousy,,,,,,,
Infadels,Give Yourself To Me,,,,,,,
Tom Waits,Starving In The Belly Of A Whale,,,,,,,
There For Tomorrow,Pages,,,,,,,
Bywar,Heretic Signs,,,,,,,
Buzzcocks,Why Can'T I Touch It?,,,,,,,
Rush,Mission,,,,,,,
Dwight Yoakam,Little Ways,,,,,,,
Soulsavers,Revival,,,,,,,
Finntroll,Sång,,,,,,,
Misfits,Earth A.D.,,,,,,,
Rush,Leave That Thing Alone,,,,,,,
Soulfly,Prophecy,,,,,,,
Misfits,Speak Of The Devil,,,,,,,
Brazilian Girls,Sweatshop,,,,,,,
Kreator,All Of The Same Blood,,,,,,,
Misfits,Walk Among Us,,,,,,,
Annett Louisan,Das Spiel,,,,,,,
Danger Mouse,Moment Of Clarity,,,,,,,
Within Temptation,Pearls Of Light,,,,,,,
Paramore,Stop This Song (Lovesick Melody),,,,,,,
Alexisonfire,White Devil,,,,,,,
Danger Mouse,Allure,,,,,,,
Dangerous Muse,All Yours (The Doctor),,,,,,,
The Thermals,I Might Need You To Kill,,,,,,,
Infected Mushroom,Shakawkaw,,,,,,,
Danger Mouse,Encore,,,,,,,
Danger Mouse,Justify My Thug,,,,,,,
Finntroll,Gryning,,,,,,,
Ruoska,Tuonen Orjat,,,,,,,
Ruoska,Amortem,,,,,,,
Dusty Springfield,If You Go Away,,,,,,,
Kraftwerk,Tour De France (Alt),,,,,,,
Van Halen,Man On A Mission,,,,,,,
The Mighty Boosh,Tv Hitcher,,,,,,,
Dustin O'Halloran,Opus #14,,,,,,,
Kraftwerk,Taschenrechner,,,,,,,
Astral Projection,Aqua Line Spirit,,,,,,,
Cachorro Grande,Agora Eu Tô Bem Louco,,,,,,,
Tweaker,Linoleum (Feat. David Sylvian),,,,,,,
Finntroll,Rivfader,,,,,,,
Soundgarden,Get On The Snake,,,,,,,
Miss Li,All I Need Is You,,,,,,,
Caesars,(Don'T Fear) The Reaper,,,,,,,
Duran Duran,Out Of My Mind,,,,,,,
Ruiner,Paint Peals,,,,,,,
Krackatoa,Monkies In The Temple,,,,,,,
Rufus Wainwright,Want,0.6,0.8,0.8,0.8,0.4,0.4,0.4
The Meteors,Wreckin' Crew,,,,,,,
Missing Persons,Walking In L.A.,,,,,,,
Astral Projection,Visions Of Nasca,,,,,,,
Duran Duran,I Don'T Want Your Love,,,,,,,
Annagrace,You Make Me Feel (Extended Mix),,,,,,,
Mission Of Burma,Dirt,,,,,,,
Rufus Wainwright,Barcelona,,,,,,,
Small Faces,Song Of A Baker,,,,,,,
Missy Elliott,One Minute Man,,,,,,,
Paradise Lost,Sanctamonious You,,,,,,,
Dandi Wind,Balloon Factory,,,,,,,
The Beatles,Everybody'S Got Something To Hide,,,,,,,
Dancing Djs Vs. Roxette,Fading Like A Flower (Radio Edit),,,,,,,
All Saints,Rocksteady,,,,,,,
The Matches,Dog-Eared Page,,,,,,,
Dungen,Glömd Konst Kommer Stundom Ånyo Till Heders,,,,,,,
Paradise Lost,Soul Courageous,,,,,,,
Venetian Snares,Plunging Hornets,,,,,,,
Rozz Williams,Time,,,,,,,
Rozz Williams,Flowers,,,,,,,
From Ashes Rise,The Final Goodbye,,,,,,,
Mitch Hedberg,Sandwiches,,,,,,,
From Autumn To Ashes,Pioneers,,,,,,,
A-Ha,Forever Not Yours,,,,,,,
Café Tacvba,Volver A Comenzar,,,,,,,
Cage,Agent Orange,,,,,,,
Mnemic,Deathbox,,,,,,,
The Raveonettes,Dirty Eyes (Sex Don'T Sell),,,,,,,
The Raveonettes,Noisy Summer,,,,,,,
Cage The Elephant,In One Ear,,,,,,,
Roxy Music,The Main Thing,,,,,,,
The Rasmus,Still Standing,,,,,,,
Howe Gelb,Paradise Here Abouts,,,,,,,
Brave,Before Nightfall,,,,,,,
Howard Shore,The White Rider,,,,,,,
Inkubus Sukkubus,Paint It Black,,,,,,,
Inja,Erased,,,,,,,
Madonna,Shanti/Ashtangi,0.8,0.6,0.4,0.8,0.2,0.4,0.6
Howie Day,Sunday Morning Song,,,,,,,
Underworld,Luetin,,,,,,,
Cajun Dance Party,Buttercups,,,,,,,
The Mars Volta,A Plague Upon Your Hissing,,,,,,,
Calexico,All Systems Red,,,,,,,
Korpiklaani,Before The Morning Sun,,,,,,,
Cake,Satan Is My Motor,,,,,,,
Therion,Midgård,,,,,,,
Spacemen 3,Mary Anne,,,,,,,
A-Ha,Touchy,,,,,,,
The Mars Volta,Cassandra Geminni: B. Plant A Nail In The Navel Stream,,,,,,,
Korn,Wish You Could Be Me,,,,,,,
Mclusky,Gareth Brown Says,,,,,,,
Therion,Summernight City,,,,,,,
Calexico,Fake Fur,,,,,,,
Finch,Post Script,,,,,,,
Liars,Plaster Casts Of Everything,,,,,,,
Scooter,Behind The Cow,,,,,,,
Korn,Am I Going Crazy,,,,,,,
Calexico,Woven Birds,,,,,,,
Calexico,Nom De Plume,,,,,,,
Calexico,Smash,,,,,,,
Spank Rock,What It Look Like,,,,,,,
Spank Rock,Touch Me,,,,,,,
Spank Rock,Sweet Talk,,,,,,,
Korn,For No One,,,,,,,
Dubstar,Not So Manic Now,,,,,,,
Korn,Break Some Off,,,,,,,
Ленина Пакет,Почталионы Feat. Дрим,,,,,,,
Antony With Bryce Dessner,I Was Young When I Left Home,,,,,,,
Dan Le Sac Vs. Scroobius Pip,The Beat That My Heart Skipped,,,,,,,
Ленина Пакет,Утопический Социализм,,,,,,,
The Beatles,Money,,,,,,,
Madonna,Sky Fits Heaven,,,,,,,
Lynyrd Skynyrd,Comin' Home,,,,,,,
Lynyrd Skynyrd,Mississippi Kid,,,,,,,
鈴村健一,Cal(カロリー),,,,,,,
Lynyrd Skynyrd,Don'T Ask Me No Questions,,,,,,,
Dan Le Sac Vs. Scroobius Pip,Letter From God To Man,,,,,,,
Howard Shore,Many Meetings,,,,,,,
Madonna,Sorry (Pet Shop Boys Maxi-Mix),,,,,,,
Inme,Myths & Photographs,,,,,,,
Frédéric Chopin,Minute Waltz,,,,,,,
Calla,Don'T Hold Your Breath,,,,,,,
The Red Jumpsuit Apparatus,Justify,,,,,,,
A.C. Newman,Homemade Bombs In The Afternoon,,,,,,,
Liekki,En Voi Auttaa,,,,,,,
The Magnetic Fields,I Die,,,,,,,
Liekki,Kun Kattojen Ylle Löi (Aurinkoon),,,,,,,
Mc5,Come Together,,,,,,,
Moby,The Stars,,,,,,,
Sparklehorse,Weird Sisters,,,,,,,
These New Puritans,Navigate-Colours,,,,,,,
Modern Life Is War,By The Sea,,,,,,,
The Magic Numbers,Try,,,,,,,
Antti Tuisku,Katoavaa,,,,,,,
Fucked Up,Days Of Last,,,,,,,
Rosanne Cash,Black Cadillac,,,,,,,
Modern Talking,Cheri Cheri Lady,,,,,,,
The Magic Numbers,Boy,,,,,,,
The Magic Numbers,Carl'S Song,,,,,,,
The Mae Shi,Lamb And The Lion,,,,,,,
Damone,Out Here All Night,,,,,,,
Peter Tosh,Legalize It,,,,,,,
Terror,Spit My Rage,,,,,,,
Dan Arborise,Leaving It All Behind,,,,,,,
1 Mile North,Life Indoors,,,,,,,
Union Of Knives,Go Back To School,,,,,,,
Tom Waits,Filipino Box Spring Hog,,,,,,,
Howard Shore,Andúril,,,,,,,
Wild Orchid,Talk To Me,,,,,,,
Tom Waits,Don'T Go Into That Barn,,,,,,,
Howard Shore,A Journey In The Dark,,,,,,,
Howard Shore,The Passage Of The Marshes,,,,,,,
Fucked Up,Invisible Leader,,,,,,,
Calvin Harris,Electro Man,,,,,,,
Fucked Up,David Comes To Life,,,,,,,
Lifehouse,Mesmerized,,,,,,,
Modeselektor,The Rapanthem,,,,,,,
Lifehouse,Bridges,,,,,,,
Lifehouse,Am I Ever Gonna Find Out,,,,,,,
Sparta,Cataract,,,,,,,
Fugazi,Do You Like Me,,,,,,,
Rooney,Sorry Sorry,,,,,,,
Fuel,New Thing,,,,,,,
Modest Mouse,Here It Comes,,,,,,,
Camel,Breathless,,,,,,,
Camel,First Light,,,,,,,
Scooter,Jumping All Over The World,,,,,,,
Fugazi,Full Disclosure,,,,,,,
The Lucksmiths,The Great Dividing Range,,,,,,,
Camel,Rajaz,,,,,,,
Petula Clark,Don'T Sleep In The Subway,,,,,,,
Insideout,Cruel Kindness (Italian Reprise),,,,,,,
House Of Pain,I'M A Swing It,,,,,,,
Tom Waits,Black Market Baby,,,,,,,
Wolf Parade,Lousy Pictures,,,,,,,
Wolf Eyes,Village Oblivia,,,,,,,
Tom Waits,Christmas Card From A Hooker In Minneapolis,,,,,,,
They Might Be Giants,Cowtown,,,,,,,
Damien Rice,The Professor,,,,,,,
Bikini Kill,I Hate Danger,,,,,,,
Bikini Kill,Carnival,,,,,,,
Specimen,Kiss Kiss Bang Bang,,,,,,,
Antônio Carlos Jobim,Desafinado,,,,,,,
Lifehouse,Stanley Climbfall,,,,,,,
Camera Obscura,Arrangements Of Shapes And Space,,,,,,,
Modest Mouse,Novocain Stain,,,,,,,
Camera Obscura,Away With Murder,,,,,,,
Camera Obscura,A Sisters Social Agony,,,,,,,
Dropkick Murphys,The Warrior'S Code,,,,,,,
Dropkick Murphys,Worker'S Song,,,,,,,
Fila Brazillia,Slow Light,,,,,,,
The Redwalls,Thank You,,,,,,,
Brakes,You'Ll Always Have A Place To Stay,,,,,,,
Fila Brazillia,The Sheriff,,,,,,,
The Reindeer Section,Your Sweet Voice,,,,,,,
Modest Mouse,The Waydown,,,,,,,
Panzer Ag,Behind A Gasmask,,,,,,,
The Beatles,There Are Places I Remember,,,,,,,
Bloodhound Gang,I Wish I Was Queer So I Could Get Chicks,,,,,,,
Panzer Ag,Mörketid,,,,,,,
Days Later Soundtrack - 18,In A Heartbeat,0.0,0.0,0.0,0.0,0.0,0.0,0.0
Room Eleven,Lalala Love,,,,,,,
All The Saints,Fire On Corridor X,,,,,,,
Fugazi,Walken'S Syndrome,,,,,,,
Hot Snakes,Bye Nancy Boy,,,,,,,
Room Eleven,Hey Hey Hey!,,,,,,,
Fugazi,The Kill,,,,,,,
Spice Girls,Never Give Up On The Good Times,,,,,,,
Spiha,Planet Horse,,,,,,,
Dropkick Murphys,Black Velvet Band,0.4,0.8,0.2,0.4,0.8,0.4,0.6
Room Eleven,Looking At My Feet,,,,,,,
Kling Klang,Radium,,,,,,,
Slow Runner,Break Your Mama'S Back,,,,,,,
Kling Klang,Nexus,,,,,,,
Klimt 1918,Pale Song,,,,,,,
Drive-By Truckers,Heathens,,,,,,,
Klimt 1918,Passive,,,,,,,
Μ-Ziq,Mushroom Compost,,,,,,,
Drive-By Truckers,The Righteous Path,,,,,,,
The Long Blondes,Picture Of You,,,,,,,
Ella Fitzgerald & Louis Armstrong,Who Walks In When I Walk Out?,,,,,,,
Mogwai,Small Children In The Background,,,,,,,
Dredg,The Tanbark Is Hot Lava,,,,,,,
Dressy Bessy,Just Once More,,,,,,,
Funker Vogt,History,,,,,,,
Mokoma,Houkka,,,,,,,
Spiritual Front,Slave,,,,,,,
Abandoned Pools,The Catalyst,,,,,,,
The Replacements,Kiss Me On The Bus,,,,,,,
The Weakerthans,Plea From A Cat Named Virtute,,,,,,,
Lightspeed Champion,Salty Water,,,,,,,
Cannibal Corpse,Addicted To Vaginal Skin,,,,,,,
Mokoma,Nämä Kolme Ovat Yhtä,,,,,,,
Turmion Kätilöt,Osasto-A,,,,,,,
Kitchens Of Distinction,Prize,,,,,,,
Tenacious D,Special Thing,,,,,,,
Wilco,Why Would You Wanna Live,,,,,,,
Erasure,It Doesn'T Have To Be,,,,,,,
Hot Club De Paris,Names And Names And Names,,,,,,,
Shpongle,Linguistic Mystic,,,,,,,
All The Saints,Sheffield,,,,,,,
Tom Rothrock,Rollin' Crumblin',,,,,,,
Sloan,If It Feels Good Do It,,,,,,,
Moloko,A Drop In The Ocean,,,,,,,
Tenhi,Maa Syttyy,,,,,,,
Spiritualized,Electric Phase,,,,,,,
The Lightning Seeds,Sugar Coated Iceberg,,,,,,,
Lightning Bolt,Bizarro Zarro Land,,,,,,,
Roger Waters,Four Minutes,,,,,,,
Fightstar,99,,,,,,,
Cannibal Corpse,Necropedophile,,,,,,,
Dream Theater,Metropolis,,,,,,,
At The Drive-In,Arc Arsenal,,,,,,,
Abba,When I Kissed The Teacher,,,,,,,
Moloko,Killa Bunnies,,,,,,,
At The Drive-In,Coating Of Arms,,,,,,,
Cannibal Corpse,Severed Head Stoning,,,,,,,
Spiritualized,Lord Let It Rain On Me,,,,,,,
They Might Be Giants,With The Dark,,,,,,,
Turisas,Prologue For R.R.R.,,,,,,,
Dream Theater,Disappear,,,,,,,
Sloan,Living With The Masses,,,,,,,
Big Star,Don'T Lie To Me,,,,,,,
U2,Walk To The Water,,,,,,,
Ellen Allien,Washing Machine Is Speaking,,,,,,,
Moloko,The Flipside,,,,,,,
Cansei De Ser Sexy,Air Painter,,,,,,,
Max Romeo,I Chase The Devil,,,,,,,
Rodrigo Y Gabriela,Ixtapa,,,,,,,
Alex Gaudino Feat Shana,Watch Out (Radio Edit),,,,,,,
Horse The Band,Birdo,,,,,,,
Inxs,I Send A Message,,,,,,,
Wolfgang Amadeus Mozart,Rex Tremendae,,,,,,,
Arcade Fire,Accidents,,,,,,,
Into Eternity,Embraced By Desolation,,,,,,,
Panic At The Disco,The Piano Knows Something I Don'T Know,,,,,,,
Tori Amos,Mrs. Jesus,,,,,,,
Big Mountain,Baby I Love Your Way,,,,,,,
Wolfgang Amadeus Mozart,Dies Irae,,,,,,,
Big Punisher,Whatcha Gon Do,,,,,,,
G-Unit,Poppin' Them Thangs,,,,,,,
Rod Stewart,Soothe Me,,,,,,,
Rod Stewart,Have I Told You Lately (That I Love You),,,,,,,
Gabriel & Dresden,Tracking Treasure Down (Radio Edit),,,,,,,
Lil Wayne,Comfortable,,,,,,,
Gabriel & Dresden,Here Is The House,,,,,,,
The Revels,Comanche,,,,,,,
Kings Of Convenience,The Girl From Back Then (Riton'S Über Jazz Mix),,,,,,,
Gackt,Kimi Ga Matteiru Kara,,,,,,,
Drain Sth,Stench,,,,,,,
Dragonforce,Once In A Lifetime,,,,,,,
Animosity,Grey Skies,,,,,,,
Animosity,24 More,,,,,,,
Scorpions,Under The Same Sun,,,,,,,
Fields Of The Nephilim,For Her Light,0.4,0.8,0.6,0.4,0.8,0.2,0.4
Phoenix,Lasso,,,,,,,
Ataraxia,Aperlae,,,,,,,
Robyn,Be Mine,,,,,,,
Pale Saints,You Tear The World In Two,,,,,,,
Pale Saints,Blue Flower,,,,,,,
The Beta Band,Push It Out,0.6,0.6,0.8,0.8,0.4,0.6,0.6
Eternal Tears Of Sorrow,Red Dawn Rising,,,,,,,
Wolfsheim,Kein Zurück,,,,,,,
Etta James,A Sunday Kind Of Love,,,,,,,
The Beta Band,It'S Over,,,,,,,
Temple Of The Dog,Wooden Jesus,,,,,,,
Gaelle,Transient,,,,,,,
Galaxie 500,Temperature'S Rising,0.4,0.4,0.8,0.6,0.2,0.4,0.2
Dragonforce,Black Fire,,,,,,,
Gal Costa,Desafinado,,,,,,,
Field Music,Pieces,,,,,,,
Aberdeen,She Never Understood,,,,,,,
Atb,Black Nights,,,,,,,
Galaxie 500,Instrumental,,,,,,,
Robi Draco Rosa,Crash Push,,,,,,,
Spoon,The Minor Tough,,,,,,,
Atb,Better Give Up,,,,,,,
King Geedorah,Monster Zero,,,,,,,
Aberdeen,Fireworks,,,,,,,
Field Music,Got To Get The Nerve,,,,,,,
Art Of Noise,Paranoimia,,,,,,,
Moonbabies,War On Sound,,,,,,,
Gameboy/Gamegirl,Sweaty Wet/Dirty Damp,,,,,,,
Art Of Noise,Moments In Love (12 B Side Idea),,,,,,,
Atb,A Rainy Afternoon,,,,,,,
Tori Amos,Pancake,,,,,,,
The Bird And The Bee,Ray Gun,,,,,,,
Pain Of Salvation,Pluvius Aestivus,,,,,,,
The Bird And The Bee,Diamond Dave,,,,,,,
Daft Punk,Around The World (Radio Edit),,,,,,,
Television Personalities,Silly Girl,,,,,,,
De Souza,Guilty (Club Mix),,,,,,,
Tom Petty,I Won'T Back Down,,,,,,,
Hope Of The States,The Black Amnesias,,,,,,,
Phoenix,Playground Love (Air Cover),,,,,,,
Pajama Party,Over And Over (B.F.E. Mix),,,,,,,
Phoenix,Fences,,,,,,,
Daft Punk,Phoenix (Basement Jaxx Remix),,,,,,,
Big L,8 Iz Enuff,,,,,,,
Gamma Ray,Farewell,,,,,,,
Robert Plant & Alison Krauss,Let Your Loss Be Your Lesson,,,,,,,
King Crimson,Indiscipline,,,,,,,
Squarepusher,Boneville Occident,,,,,,,
Matthew Good Band,Load Me Up,,,,,,,
The Last Goodnight,Stay Beautiful,,,,,,,
Dr. Feelgood,Milk And Alcohol,,,,,,,
King Crimson,Dinosaur,,,,,,,
Dr. Dre,Xxplosive,,,,,,,
Squarepusher,Papalon,,,,,,,
The La'S,Freedom Song,,,,,,,
Atb,Searching For Satellite,,,,,,,
Carissa'S Wierd,The Piano Song,,,,,,,
Moonspell,Wolfshade (A Werewolf Masquerade),0.4,0.8,0.4,0.4,0.8,0.2,0.6
The Kovenant,The Human Abstract,,,,,,,
Gang Starr,Royalty,,,,,,,
Boys Noize,Don'T Believe The Hype (Surkin Mix No.2),,,,,,,
Thievery Corporation,Tomorrow,,,,,,,
The Knife,You Make Me Like Charity(Silent Shout Tour),,,,,,,
Dr. Dog,Army Of Ancients,,,,,,,
Iron & Wine,Dearest Forsaken,,,,,,,
Hooverphonic,Plus Profond,,,,,,,
Alestorm,Terror On The High Seas,,,,,,,
Arafel,Color Of Death,,,,,,,
Equilibrium,Im Fackelschein,,,,,,,
Pain Of Salvation,Kingdom Of Loss,,,,,,,
Pain Of Salvation,Iter Impius,,,,,,,
Robbie Williams,Me And My Shadow,,,,,,,
Thievery Corporation,Until The Morning (Rewound),,,,,,,
Mae,Last Call,,,,,,,
Robbie Williams,Love Somebody,,,,,,,
Killing The Dream,We'Ll Always Have Paris,,,,,,,
Squirrel Nut Zippers,Got My Own Thing Now,0.6,0.8,0.4,0.8,0.6,0.6,0.4
Killing The Dream,Play The Tune Or Die,,,,,,,
Boys Noize,Oh!,,,,,,,
Big Brother & The Holding Company,Combination Of The Two,,,,,,,
Morcheeba,Coming Down Gently,,,,,,,
Boys Like Girls,Heels Over Head,,,,,,,
Matt Pond Pa,The Trees And The Wild,,,,,,,
Morcheeba,Howling,,,,,,,
Kill Your Idols,Stuck In A Rut,,,,,,,
The Knife,I Just Had To Die (Remix),,,,,,,
Kill Hannah,Unwanted,,,,,,,
Mattafix,Living Darfur,,,,,,,
Robbie Williams,Do Nothin' Till You Hear From Me,,,,,,,
Big Black,L Dopa,,,,,,,
Aborym,Between The Devil And The Deep Blue Sea,,,,,,,
Morcheeba,The Great London Traffic Warden Massacre,,,,,,,
Kill Hannah,Is Anyone Here Alive?,,,,,,,
Down,Temptation'S Wings,,,,,,,
Pain Of Salvation,A Trace Of Blood,0.8,0.8,0.4,0.6,0.6,0.2,0.4
Robbie Nevil,C'Est La Vie,,,,,,,
Robbie Williams,Ain'T That A Kick In The Head,0.6,0.8,0.4,1.0,0.2,0.2,0.4
Iron Maiden,Don'T Look To The Eyes Of A Stranger,,,,,,,
Hooverphonic,Day After Day,0.6,0.8,0.8,1.0,0.2,0.4,0.6
Dead Boys,High Tension Wire,,,,,,,
Pain,Just Think Again,,,,,,,
Dead Can Dance,American Dreaming,,,,,,,
Tom Jones & The Cardigans,Burning Down The House,,,,,,,
Shout Out Louds,A Track And A Train,,,,,,,
Blind Melon,Paper Scratcher,,,,,,,
Kill Hannah,From Now On,,,,,,,
Morgan Page Feat. Lissie,The Longest Road (Deadmau5 Remix Radio Edit),,,,,,,
Rob Zombie,Reload,,,,,,,
Ferry Corsten,On My Mind,,,,,,,
Scout Niblett,Let Thine Heart Be Warmed,,,,,,,
Rob Zombie,Demonoid Phenomenon,,,,,,,
Down,Jail,,,,,,,
The Kinks,Such A Shame,,,,,,,
Matt Pond Pa,Honestly,,,,,,,
The Rolling Stones,Dear Doctor,,,,,,,
Matt Pond Pa,Last Light,,,,,,,
Morrissey,Alma Matters,,,,,,,
Ani Difranco,Work Your Way Out,,,,,,,
Carolina Liar,Show Me What I'M Looking For,,,,,,,
Box Car Racer,Letters To God,,,,,,,
St. Vincent,Marrow,,,,,,,
Tunng,Bullets,,,,,,,
Dead Can Dance,In The Kingdom Of The Blind The One-Eyed Are Kings,,,,,,,
Athlete,Tokyo,,,,,,,
Iron Maiden,Weekend Warrior,,,,,,,
Pidżama Porno,Droga Na Brześć,,,,,,,
Pidżama Porno,Józef K.,,,,,,,
Iron Maiden,Montségur,,,,,,,
Iron Maiden,The Aftermath,,,,,,,
Telefon Tel Aviv,M,,,,,,,
1000 Homo Djs,Better Ways,,,,,,,
1000 Homo Djs,Hey Asshole,,,,,,,
Alejandro Sanz,Cuando Nadie Me Ve,,,,,,,
Mae,The Sun And The Moon,,,,,,,
Tori Amos,Sugar,,,,,,,
Hoobastank,Just One,,,,,,,
Teleradio Donoso,Amar En El Campo,,,,,,,
Hoobastank,Say The Same,,,,,,,
Above & Beyond,Stealing Time,,,,,,,
The Kinks,I Need You,,,,,,,
Carry On,A Life Less Plagued,,,,,,,
Émilie Simon,In The Lake,,,,,,,
Slipknot,Prosthetics,,,,,,,
Stabilo,Flawed Design,,,,,,,
Slipknot,Me Inside,,,,,,,
Gary Moore,Out In The Fields,,,,,,,
Rob Dougan,Born Yesterday,,,,,,,
Rob Crow,Up,,,,,,,
Uh Huh Her,Common Reaction,,,,,,,
Gary Jules,Something Else,,,,,,,
Doug Burr,Graniteville,,,,,,,
Kid Alex,My Way (Kid Alex Boys Noize Remix),,,,,,,
The Kinks,Brainwashed,,,,,,,
Biffy Clyro,Machines,,,,,,,
Cartola,Alvorada,,,,,,,
Limahl,Never Ending Story,,,,,,,
Third Eye Blind,Slow Motion,,,,,,,
Biffy Clyro,Questions And Answers,,,,,,,
Teitur,You'Re The Ocean,,,,,,,
Bad Brains,House Of Suffering,,,,,,,
Paatos,Absinth Minded,,,,,,,
Shocking Pinks,Emily,,,,,,,
Teitur,Shade Of A Shadow,,,,,,,
Home Video,Gas Tank,,,,,,,
Isabelle Huppert,Message Personnel,,,,,,,
Telefon Tel Aviv,I Made A Tree On The Wold,,,,,,,
Tom Jones,Sex Bomb,,,,,,,
The Tea Party,The Master & Margarita,,,,,,,
The Black Crowes,Gone,,,,,,,
Gary Moore,Wild Frontier,,,,,,,
The Black Crowes,Wee Who See The Deep,,,,,,,
Biffy Clyro,Bodies In Flight,,,,,,,
Thirteen Senses,Angels And Spies,,,,,,,
Cascada,Runaway,,,,,,,
Morrissey,The Ordinary Boys,,,,,,,
Bowery Electric,Long Way Down,,,,,,,
The Rolling Stones,I Can'T Get No Satisfaction,,,,,,,
Mors Principium Est,Eternity'S Child,,,,,,,
Rjd2,Silver Fox,,,,,,,
Vhs Or Beta,Alive,,,,,,,
Black Label Society,Rust,,,,,,,
Mors Principium Est,It Is Done,,,,,,,
Rjd2,Beyond,,,,,,,
Rjd2,F.H.H. (Feat. Jakki),,,,,,,
Rjd2,Holy Toledo,,,,,,,
Thirteen Senses,Saving,,,,,,,
Matt Pokora,Forbidden Drive,,,,,,,
Staind,Devil,,,,,,,
This Bike Is A Pipe Bomb,Johnny,,,,,,,
Mortal Love,Falling For You,,,,,,,
Tori Amos,Witness,,,,,,,
P!Nk,You Make Me Sick,,,,,,,
Dead Can Dance,The Ubiquitous Mr. Lovegrove,,,,,,,
Dead Can Dance,Towards The Within,,,,,,,
Dead Can Dance,The Fatal Impact,,,,,,,
Basement Jaxx,Cish Cash (Feat. Siouxsie Sioux),,,,,,,
Eurythmics,Don'T Ask Me Why,,,,,,,
Magazine,The Great Beautician In The Sky,,,,,,,
Simon & Garfunkel,Sound Of Silence,,,,,,,
Eurythmics,17 Again,,,,,,,
Tegan And Sara,Want To Be Bad,,,,,,,
P.O.D.,Satellite,0.6,0.8,0.2,0.4,0.8,0.4,0.6
Basement Jaxx,Hot 'N Cold,,,,,,,
The Black Eyed Peas,Anxiety,,,,,,,
The Black Eyed Peas,Ba Bump,,,,,,,
Moshic,It Could Be Your Time,,,,,,,
Mos Def,Mathematics,,,,,,,
Riverside,Loose Heart (Live),,,,,,,
Moshic,Life On The Edge,,,,,,,
Mos Def,Umi Says,,,,,,,
Moshic,Madadayo,,,,,,,
Moshic,Primavera,,,,,,,
Matt Costa,Songs We Sing,0.6,0.6,0.6,0.8,0.2,0.4,0.6
Elmore James,Dust My Broom,,,,,,,
Moshic,Come Home With Me,,,,,,,
Motel,Olvídame,,,,,,,
Tom Baxter,Light Me Up,0.6,0.8,0.4,0.8,0.2,0.2,0.6
Stam1Na,Väkivaltakunta,,,,,,,
Basement Jaxx,Jus 1 Kiss,,,,,,,
Tom Baxter,Icarus Wings,,,,,,,
Eurythmics,There Must Be An Angel,,,,,,,
The Black Heart Procession,It'S A Crime I Never Told You About The Diamonds In Your Eyes,,,,,,,
D.R.I.,Labeled Uncurable,,,,,,,
The Black Eyed Peas,Union (Feat. Sting),,,,,,,
Lupe Fiasco,The Instrumental (Feat. Jonah Matranga),,,,,,,
Lupe Fiasco,Real (Feat. Sarah Green),,,,,,,
Dead Kennedys,Buzzbomb,,,,,,,
Motion City Soundtrack,Time Turned Fragile,,,,,,,
Keren Ann,Reste Là,,,,,,,
Bottla,My Tiny Bride,,,,,,,
Cass Elliot,Dream A Little Dream Of Me,,,,,,,
Matt Costa,Behind The Moon,,,,,,,
Bottla,The Road You'Re On,,,,,,,
Casual Elvis,The Dateline Shuffle,,,,,,,
Matt & Kim,Frank,,,,,,,
The Juliana Hatfield Three,Addicted,,,,,,,
Kent,Våga Vara Rädd,,,,,,,
Rise Against,Tip The Scales,,,,,,,
Keren Ann,In Your Back,,,,,,,
Kent,Generation Ex,,,,,,,
Elsiane,Across The Stream,,,,,,,
Fennesz,Shisheido,,,,,,,
Atmosphere,Onemosphere,,,,,,,
Ac/Dc,Caught With Your Pants Down,,,,,,,
Matt & Kim,Ready? Ok.,,,,,,,
Ac/Dc,Gimme A Bullet,,,,,,,
Ozzy Osbourne,See You On The Other Side,,,,,,,
Ozzy Osbourne,So Tired,,,,,,,
Hole,Credit In The Straight World,,,,,,,
Hole,I Think That I Would Die,,,,,,,
Dead Meadow,Let It All Pass,,,,,,,
Blue October,A Quiet Mind,,,,,,,
Hole,Playing Your Song,,,,,,,
The Black Heart Procession,Places,,,,,,,
Cat Power,Water & Air,,,,,,,
Ozzy Osbourne,Time After Time,,,,,,,
Ac/Dc,Cold Hearted Man,,,,,,,
Ani Difranco,Fuel,,,,,,,
Motörhead,Living In The Past,,,,,,,
Motörhead,I Am The Sword,,,,,,,
Motörhead,In The Year Of The Wolf,,,,,,,
Matmos,Roses And Teeth For Ludwig Wittgenstein,,,,,,,
Motörhead,One Night Stand,,,,,,,
The John Butler Trio,What You Want,,,,,,,
Ani Difranco,Buildings And Bridges,,,,,,,
Cat Stevens,Here Comes My Baby,,,,,,,
Catamenia,Iced Over,,,,,,,
Ac/Dc,Overdose,,,,,,,
Atmosphere,Jason,,,,,,,
This Mortal Coil,Mr. Somewhere,,,,,,,
This Mortal Coil,Loose Joints,,,,,,,
Atmosphere,The Waitress,,,,,,,
Motörhead,The Hammer,,,,,,,
Atmosphere,The Woman With The Tattooed Hands,,,,,,,
Motörhead,Stone Dead Forever,,,,,,,
Beulah,The Aristocratic Swells,,,,,,,
The Jimi Hendrix Experience,You Got Me Floatin',,,,,,,
Beyoncé,Broken-Hearted Girl,,,,,,,
The Jimi Hendrix Experience,Foxey Lady,,,,,,,
Genesis,Home By The Sea,,,,,,,
Stars,Tru,,,,,,,
Black Label Society,What'S In You,,,,,,,
The Jesus Lizard,Gladiator,,,,,,,
Beulah,Landslide Baby,,,,,,,
Lupe Fiasco,Gold Watch,,,,,,,
Stars,Tonight,,,,,,,
Genesis,In The Cage,,,,,,,
Ozzy Osbourne,Not Going Away,,,,,,,
Pinback,Offline P.K.,,,,,,,
Teenager,Liquid Cement,,,,,,,
Pinback,Shag,,,,,,,
The Black Keys,If You See Me,,,,,,,
Woven Hand,Slota Prow-Full Armour,,,,,,,
The Jesus And Mary Chain,Tumbledown,,,,,,,
Rihanna,Hate That I Love You,,,,,,,
Starsailor,This Time,,,,,,,
[Unknown],Spor 1,,,,,,,
Tujiko Noriko,Tokyo,,,,,,,
Slick Idiot,Ain'T Talkin' 'Bout Love,,,,,,,
Aoki Takamasa + Tujiko Noriko,When The Night Comes,,,,,,,
Ac/Dc,Squealer,,,,,,,
Kelly Clarkson,Haunted,,,,,,,
Gentle Giant,Dog'S Life,,,,,,,
Mouse On Mars,Diskdusk,,,,,,,
Kelly Clarkson,Long Shot,,,,,,,
The Jesus And Mary Chain,Mushroom,,,,,,,
Ac/Dc,Spellbound,,,,,,,
Seabound,Traitor (Extended),,,,,,,
Matchbox Twenty,Stop,,,,,,,
Tokyo Police Club,Box,,,,,,,
The Jesus And Mary Chain,Psychocandy,,,,,,,
Ride,Time Of Her Time,,,,,,,
Tokyo Police Club,Cut Cut Paste,,,,,,,
Wu-Tang Clan,Deadly Melody,,,,,,,
Wu-Tang Clan,A Better Tomorrow,,,,,,,
Ozzy Osbourne,21St Century Schizoid Man,,,,,,,
Ozric Tentacles,O-I,,,,,,,
Unkle,Twilight (Feat. 3D),,,,,,,
Shiny Toy Guns,Love Or Something Like It,,,,,,,
Simple Minds,Belfast Child,,,,,,,
Dead Poetic,Taste The Red Hands,,,,,,,
Ivy,I Think Of You,,,,,,,
Eluveitie,Giamonios,,,,,,,
Magnolia Electric Co.,Lonesome Valley,,,,,,,
The Jesus And Mary Chain,Don'T Ever Change,,,,,,,
Matchbox Twenty,These Hard Times,,,,,,,
The Jayhawks,Stumbling Through The Dark,,,,,,,
Keith Urban,You'Ll Think Of Me,,,,,,,
Mr. Bungle,My Ass Is On Fire,,,,,,,
Mr. Bungle,Golem Ii: The Bionic Vapour Boy,,,,,,,
Richard O'Brien,The Time Warp,,,,,,,
George Gershwin,Rhapsody In Blue,,,,,,,
Cavalera Conspiracy,Inflikted,,,,,,,
Mr. Bungle,Everyone I Went To High School With Is Dead,,,,,,,
Matchbox Twenty,Kody,,,,,,,
Cavalera Conspiracy,Terrorize,,,,,,,
Uko,Sunbeams,,,,,,,
The Jam,I'Ve Changed My Address,,,,,,,
Richard Hell & The Voidoids,The Plan,,,,,,,
Richard Hell & The Voidoids,Walking On The Water,,,,,,,
George Harrison,I'D Have You Anytime,,,,,,,
George Harrison,Art Of Dying,,,,,,,
Aqueduct,Hardcore Days & Softcore Nights,,,,,,,
Over It,Think Against The Grain,,,,,,,
Simple Minds,Life In A Day,,,,,,,
Teenage Bad Girls,Cocotte,,,,,,,
Pink Floyd,09 - Eclipse,,,,,,,
Teenage Fanclub,Going Places,,,,,,,
Epica,Quietus,,,,,,,
Epica,Beyond Belief,,,,,,,
Simple Minds,New Gold Dream,,,,,,,
Simple Minds,The American,,,,,,,
Hocico,Instincts Of Perversion,,,,,,,
Hocico,Born To Be (Hated) (Original Odium),,,,,,,
Cœur De Pirate,Berceuse,,,,,,,
Hocico,Child'S Eternity,,,,,,,
Angus And Julia Stone,Silver Coin,,,,,,,
Keane,Emily,,,,,,,
The Jam,Carnation,,,,,,,
Kazik Na Żywo,Łysy Jedzie Do Moskwy,,,,,,,
Kc And The Sunshine Band,That'S The Way (I Like It),,,,,,,
Mr. Oizo,Nazis (Justice Remix),,,,,,,
George Michael,Spinning The Wheel,,,,,,,
The Rolling Stones,Ventilator Blues,,,,,,,
George Michael,Star People 97,,,,,,,
George Michael,Roxanne,,,,,,,
The Jahlights,Right Road To Dubland,,,,,,,
George Michael,You Have Been Loved,,,,,,,
George Michael & Queen & Lisa Stansfield,Somebody To Love,,,,,,,
Kazik,12 Groszy,,,,,,,
Eluveitie,Tarvos,,,,,,,
Mastodon,Trilobite,,,,,,,
Richard Ashcroft,Simple Song,,,,,,,
Richard Ashcroft,Slow Was My Heart,,,,,,,
Matchbox Twenty,Crutch (Live),,,,,,,
有坂美香,Life Goes On Tv-Size Type2,,,,,,,
The Bobby Fuller Four,I Fought The Law,,,,,,,
Czesław Śpiewa,Kradzież Cukierka,,,,,,,
Czesław Śpiewa,Pożycie Małżeńskie,,,,,,,
Wu-Tang Clan,It'S Yourz,,,,,,,
Blue States,Season Song,,,,,,,
Teedra Moses,Backstroke,,,,,,,
Outkast,Wailin',,,,,,,
The Unicorns,Evacuate The Vacuous (Outtake),,,,,,,
Whitney Houston,I'M Every Woman,,,,,,,
The Innocence Mission,Where Does The Time Go?,,,,,,,
Ricardo Marrero And Time,Feel Like Making Love (Ashley Beedle Barrio Disco Remix),,,,,,,
Ricardo Arjona,Iluso,,,,,,,
Ricardo Arjona,A Ti,,,,,,,
Mud,Tiger Feet,,,,,,,
Stephen Colbert,He'S Singin' In Korean,,,,,,,
Celtic Frost,Circle Of The Tyrants,,,,,,,
Mastodon,The Last Baron,,,,,,,
The Hush Sound,Lions Roar,,,,,,,
Muchy,Brudny Śnieg,,,,,,,
Acda En De Munnik,Vondelpark Vannacht,,,,,,,
Stephen Fretwell,Run,,,,,,,
Sean Paul,I'M Still In Love With You,,,,,,,
Stephen Malkmus And The Jicks,(Do Not Feed The) Oyster,,,,,,,
Kate Voegele,No Good,,,,,,,
The Rolling Stones,You Can'T Always Get What You,,,,,,,
Kate Voegele,Wish You Were,,,,,,,
The Human League,The Things That Dreams Are Made Of,,,,,,,
Stephen Malkmus,No More Shoes,,,,,,,
The Human League,Hard Times,,,,,,,
Vader,As Heavens Collide...,,,,,,,
Kathleen Edwards,Run,,,,,,,
Out Hud,The Song So Good They Named It Thrice,,,,,,,
Cypress Hill,Killa Hill Niggas,,,,,,,
Evanescence,Solitude,,,,,,,
Cypress Hill,What'S Your Number,,,,,,,
Whitesnake,She Give Me,,,,,,,
Whitesnake,River Song,,,,,,,
Out Hud,The Stoked American,,,,,,,
Cypress Hill,Legalize It,,,,,,,
Pink Floyd,Point Me At The Sky,,,,,,,
Teddy Lasry,Moulin Rouge Waltz,,,,,,,
Luna,Moon Palace,,,,,,,
Hird,Keep You Kimi,,,,,,,
Ceremony,You'Re All The Same,,,,,,,
Aphex Twin,Children Talking,,,,,,,
Atreyu,Untitled Finale,,,,,,,
Mastodon,Ghost Of Karelia,,,,,,,
Mujuice,Hole Nova,,,,,,,
Mujuice,Уровень Печаль,,,,,,,
Kate Bush,The Saxophone Song,,,,,,,
The Horrors,Horrors' Theme,,,,,,,
Kate Bush,Wuthering Heights (New Vocal),,,,,,,
Kate Bush,The Sensual World,,,,,,,
The Horrors,Sea Within A Sea,,,,,,,
Kate Bush,All The Love,,,,,,,
The Roots,Here I Come,,,,,,,
Revolting Cocks,Da Ya Think I'M Sexy?,,,,,,,
Do Make Say Think,Bound To Be That Way,,,,,,,
Reverend Horton Heat,Psychobilly Freakout,,,,,,,
Katatonia,Endtime,,,,,,,
Cynic,Nunc Fluens,,,,,,,
Pink Martini,Anna (El Negro Zumbón),,,,,,,
Pink Martini,Veronique,,,,,,,
Deaf Center,Path To Lucy,,,,,,,
Whitesnake,Keep On Giving Me Love,,,,,,,
Giacomo Puccini,O Mio Babbino Caro,,,,,,,
Beth Orton,Pieces Of Sky,,,,,,,
The Books,A True Story Of A Story Of True Love,,,,,,,
Katatonia,Instrumental,,,,,,,
Municipal Waste,The Art Of Partying,,,,,,,
Murder By Death,A Masters In Reverse Psychology,,,,,,,
The Holloways,Most Lonely Face,,,,,,,
The Roots,The Next Movement,,,,,,,
Stereolab,Brakhage,,,,,,,
The Hold Steady,Joke About Jamaica,,,,,,,
The Hold Steady,Killer Parties,,,,,,,
Replikas,Ömür Sayacı,,,,,,,
Lisa Ekdahl,Now Or Never,,,,,,,
Stereolab,Doubt,,,,,,,
Kashmir,Lampshade,,,,,,,
The Hold Steady,Cattle And The Creeping Things,,,,,,,
Kashmir,Ramparts,,,,,,,
Thomas Dybdahl,Cecilia,,,,,,,
The Rosebuds,Outnumbered,,,,,,,
Gil Scott-Heron,The Revolution Will Not Be Televised,,,,,,,
Massive Attack,Risingson (Underworld Mix),,,,,,,
Masta Ace,Acknowledge,,,,,,,
Ulrich Schnauss,Stars,,,,,,,
Gillian Welch,Dear Someone,,,,,,,
Muscles,Jerk,,,,,,,
Stereolab,Neon Beanbag,,,,,,,
The Hives,Mad Man,,,,,,,
Thomas Dybdahl,Pale Green Eyes,,,,,,,
Tears For Fears,The Hurting,,,,,,,
Toru Okada,Shadowless Nights,,,,,,,
Him,One Last Time,,,,,,,
Him,It'S All Tears,,,,,,,
Lumsk,Skip Under Lide,,,,,,,
Him,Enjoy The Silence,,,,,,,
Arctic Monkeys,The Bakery,,,,,,,
The Books,Contempt,,,,,,,
Jack Johnson,Wrong Turn,,,,,,,
Whitesnake,Bad Boys,,,,,,,
Chapterhouse,Everytime,,,,,,,
Muse,Nature_1,,,,,,,
Stereophonics,Half The Lies You Tell Ain'T True,,,,,,,
Chapterhouse,April,,,,,,,
Karma To Burn,Nineteen,,,,,,,
Stereolab,Tomorrow Is Already Here,,,,,,,
Attack In Black,Young Leaves,,,,,,,
Sleater-Kinney,Not What You Want,,,,,,,
Muse,A Soldier'S Poem,,,,,,,
Sleater-Kinney,Tapping,,,,,,,
Relient K,Up And Up,,,,,,,
Stereophonics,You Stole My Money Honey,,,,,,,
Zyklon,Psyklon Aeon,,,,,,,
Museum,To Have Or To Be,,,,,,,
Kari Rueslåtten,Snow,,,,,,,
Zz Top,Beer Drinkers And Hell Raisers,,,,,,,
Stereophonics,Rainbows And Pots Of Gold,,,,,,,
Kardinal Offishall,Dangerous (Feat. Akon),,,,,,,
Stereophonics,Plastic California,,,,,,,
High Tension Wires,I Heart Mao Inhibitors,0.6,0.4,0.2,0.4,0.8,0.6,0.4
Stereophonics,Nothing Precious At All,,,,,,,
Jack'S Mannequin,Last Straw,,,,,,,
Massive Attack,Joy Luck Club,,,,,,,
Mutya Buena,Strung Out,,,,,,,
Cute Is What We Aim For,Sweet Talk 101,,,,,,,
Otis Redding,I Can'T Turn You Loose,,,,,,,
Elvis Costello & The Attractions,(I Don'T Want To Go To) Chelsea,,,,,,,
Simply Red,Perfect Love,,,,,,,
Hilary Duff,Danger,,,,,,,
Action Biker,Farrah,,,,,,,
Death,Mentally Blind,,,,,,,
Charles Mingus,Self-Portrait In Three Colors,,,,,,,
The Hellacopters,Take Me On,,,,,,,
The Hellacopters,No Angel To Lay Me Away,,,,,,,
Feeder,Morning Life,,,,,,,
My Bloody Valentine,Emptiness Inside,,,,,,,
Regina Spektor,Whisper,,,,,,,
Elvis Presley,A Big Hunk O' Love,,,,,,,
Elvis Presley,(Let Me Be Your) Teddy Bear,,,,,,,
Kanye West,Gone,,,,,,,
My Bloody Valentine,Sunny Sundae Smile,,,,,,,
Oscar Peterson,How High The Moon,,,,,,,
Boom Bip,Roads Must Roll,,,,,,,
Vincent Gallo,I Wrote This Song For The Girl Paris Hilton,,,,,,,
The Haunted,The Medusa,,,,,,,
Kanye West,Family Business,,,,,,,
Boom Bip,Cimple,,,,,,,
Aqua,Turn Back Time,,,,,,,
Oscar Peterson,I'Ve Got You Under My Skin,,,,,,,
Jacqueline Taïeb,7 Heures Du Matin,,,,,,,
Aqua,Roses Are Red,,,,,,,
Shinedown,Heroes,,,,,,,
The Haunted,Hollow Ground,,,,,,,
Reflexion,Army Of Broken Hearts,,,,,,,
The Haunted,Liquid Burns,,,,,,,
Death Cab For Cutie,20Th Century Towers,,,,,,,
Beseech,Sunset 28,,,,,,,
True Faith,Take Me Away (Feat. Bridgett Grace),,,,,,,
Reef,Place Your Hands,,,,,,,
The Haunted,In Vein,,,,,,,
Charon,Colder,,,,,,,
Give Up The Ghost,Aeiou,,,,,,,
Give Up The Ghost,Calculation Nation,,,,,,,
Chase & Status,Take Me Away,,,,,,,
Charon,Bullet,,,,,,,
My Dying Bride,She Is The Dark,,,,,,,
Chase & Status,Hurt You,,,,,,,
Massive Attack,Atta' Boy,,,,,,,
Massacre,La Orquídea Blanca,,,,,,,
Kamelot,Memento Mori,,,,,,,
Black Mountain,Don'T Run Our Hearts Around,,,,,,,
Kamelot,Interlude Ii: Omen,,,,,,,
My Dying Bride,Two Winters Only,,,,,,,
Stevie Ray Vaughan And Double Trouble,Willie The Wimp (Live),,,,,,,
Vinícius De Moraes,Samba Da Bencao,,,,,,,
Kalmah,Man Of The King,,,,,,,
Adam And The Ants,Young Parisians,,,,,,,
Massacre,Compulsión,,,,,,,
My Life With The Thrill Kill Kult,A Daisy Chain 4 Satan (Acid And Flowers Mix),,,,,,,
Cheap Trick,Mighty Wings,,,,,,,
Massacre,Estamos En Problemas,,,,,,,
Booka Shade,Dusty Boots,,,,,,,
Mason Vs. Princess Superstar,Perfect (Exceeder) (Radio Edit),,,,,,,
Glen Hansard & Markéta Irglová,Leave,,,,,,,
Jaga Jazzist,Animal Chin,,,,,,,
Jaga Jazzist,Mikado,,,,,,,
Babyshambles,From Bollywood To Battersea,,,,,,,
The Breeders,Iris,,,,,,,
Death Cab For Cutie,Prove My Hypotheses,,,,,,,
High Contrast,Global Love,,,,,,,
Lukas Kasha,Love Abuse,,,,,,,
Jacques Brel,Le Moribond,,,,,,,
Babyshambles,Sticks And Stones,,,,,,,
Red Hot Chili Peppers,Rollercoaster Of Love,,,,,,,
Chemistry,Densetsu No Sogen (Patrick Stump Remix),,,,,,,
Adam Green,Born To Run,,,,,,,
Kaizers Orchestra,Maestro,,,,,,,
My Morning Jacket,Hopefully,,,,,,,
Stina Nordenstam,Purple Rain,,,,,,,
Elvis Presley,An American Trilogy,,,,,,,
Sebastian Bach,Angel Down,,,,,,,
Kaizers Orchestra,Bak Et Halleluja,,,,,,,
Kaizers Orchestra,Blitzregn Baby,,,,,,,
Little Joy,Keep Me In Mind,,,,,,,
Bertrand Burgalat,Pas Perdus,,,,,,,
Chemistry,Almost In Love (Tomita Lab. Remix),,,,,,,
梶芽衣子,Urami Bushi,,,,,,,
Sting,Mad About You,,,,,,,
Tc,Rockstar,,,,,,,
The Brian Jonestown Massacre,Crushed,,,,,,,
Red Carpet,Alright (Brad Carter Radio Edit),,,,,,,
The Brian Jonestown Massacre,Infinite Wisdom Tooth / My Last Night In Bed With You,,,,,,,
Hieroglyphics,Classic,,,,,,,
Pixies,Interlude,,,,,,,
The Sugarcubes,Mama,,,,,,,
Kaiser Chiefs,Everyday I Love You Less And Less (Spike Stent Remix),,,,,,,
Violins,Entre O Céu E O Inferno,,,,,,,
The Goo Goo Dolls,Listen,,,,,,,
Violins,Células Tronco,,,,,,,
The Goo Goo Dolls,Full Forever,,,,,,,
Rebel Meets Rebel,Cherokee Cry,,,,,,,
Go West,We Close Our Eyes,,,,,,,
Slayer,Temptation,,,,,,,
Adamski,Killer,,,,,,,
Maserati,Keep It Gold,,,,,,,
Chet Baker,I'Ve Never Been In Love Before,,,,,,,
Myslovitz,Peggy Sue Nie Wyszła Za Mąż,,,,,,,
Ane Brun,Humming One Of Your Songs,,,,,,,
Chevelle,One Lonely Visitor,,,,,,,
Razorlight,Rock 'N' Roll Lies,,,,,,,
Chiasm,Fight,,,,,,,
Mary Lou Lord,His Indie World,,,,,,,
Bonobo,The Plug (Quantic Mix),,,,,,,
Mägo De Oz,El Cuco Y La Zíngara,,,,,,,
The Savoy,Star,,,,,,,
God Lives Underwater,Waste Of Time,,,,,,,
Chevelle,Panic Prone,,,,,,,
Whiskeytown,Excuse Me While I Break My Own Heart Tonight,,,,,,,
God Lives Underwater,23,,,,,,,
Cursive,Sierra,,,,,,,
Blind Guardian,Dead Sound Of Misery,,,,,,,
God'S Bow,S.E.T.I.,,,,,,,
Mägo De Oz,La Venganza De Gaia,,,,,,,
Chicago,Hard To Say I'M Sorry,,,,,,,
Fear Factory,Resurrection,,,,,,,
Black Rebel Motorcycle Club,At My Door,,,,,,,
Slayer,In The Name Of God,,,,,,,
Andy Stochansky,House Of Gold,,,,,,,
Mägo De Oz,Van A Rodar Cabezas,,,,,,,
Godsmack,Dead And Broken,,,,,,,
Razor,Cut Throat,,,,,,,
Chicane,Andromeda,,,,,,,
The San Francisco Gay Men'S Chorus,An Entourage Is Seen,,,,,,,
Story One,Play Back,,,,,,,
Adem,These Are Your Friends,,,,,,,
Three Days Grace,Now Or Never,,,,,,,
Story One,Clementine,,,,,,,
Three Days Grace,Burn,,,,,,,
Godsmack,Vampires,,,,,,,
Three Days Grace,One-X,,,,,,,
Live,They Stood Up For Love,0.6,0.8,0.2,0.6,0.6,0.2,0.4
Audio Bullys,We Don'T Care,,,,,,,
Justin Timberlake,Let'S Take A Ride,,,,,,,
Strapping Young Lad,All Hail The New Flesh,,,,,,,
Live,Pillar Of Davidson,,,,,,,
The Walkmen,Red Moon,,,,,,,
Strapping Young Lad,Almost Again,,,,,,,
Vision Divine,A Perfect Suicide,,,,,,,
Bonnie Tyler,Here She Comes,,,,,,,
Gogol Bordello,Let'S Get Radical,,,,,,,
Mötley Crüe,Enslaved,,,,,,,
Bono Must Die,Trafalgar,,,,,,,
Chicks On Speed,For All The Boys In The World,,,,,,,
The Gerbils,Grin,,,,,,,
Strapping Young Lad,Room 429,,,,,,,
Orbital,Pay Per View,,,,,,,
Deathstars,Syndrome,,,,,,,
Taurus,Damien,,,,,,,
Entwine,Surrender,,,,,,,
The Brian Jonestown Massacre,This Is Why You Love Me,,,,,,,
Sinergy,Lead Us To War,,,,,,,
Placebo,Eyesight To The Blind,,,,,,,
Gogol Bordello,Sacred Darling,,,,,,,
The Brian Jonestown Massacre,Sue,,,,,,,
Placebo,Five Years (David Bowie),,,,,,,
Uverworld,Unknown Orchestra (Album Ver.),,,,,,,
Gojira,The Link,0.6,0.8,0.2,0.4,1.0,0.2,0.4
Aphex Twin,To Cure A Weakling Child (Contour Regard),,,,,,,
Thrice,Cold Cash And Colder Hearts,,,,,,,
Trivium,A Gunshot To The Head Of Trepidation,,,,,,,
Jupiter One,Unglued,,,,,,,
Andrés Calamaro,5 Minutos Más (Minibar),,,,,,,
Thrice,Like Moths To Flame,,,,,,,
Jupiter Rising,Electropop,,,,,,,
Children Of Bodom,Hate Me,,,,,,,
The Gathering,Like Fountains,,,,,,,
The Gathering,Jelena,,,,,,,
Dixie Chicks,Lubbock Or Leave It,,,,,,,
The Sea And Cake,Introducing,,,,,,,
André 3000,Roses,,,,,,,
Juno Reactor,High Energy Protons,,,,,,,
Dixie Chicks,Silent House,,,,,,,
The Gathering,Home,,,,,,,
The Broken Family Band,Devil In The Details,,,,,,,
Herman Düne,I Wish That I Could See You Soon,,,,,,,
Placebo,Uneedmemorethanineedu,,,,,,,
The Briefs,My Girl (Wants To Be A Zombie),,,,,,,
Deborah Cox,House Is Not A Home (Tony Moran Mix),,,,,,,
Evergrey,A Touch Of Blessing,,,,,,,
James Brown,The Boss,,,,,,,
The Sea And Cake,Exact To Me,0.6,0.6,0.6,0.8,0.2,0.4,0.4
The Brian Jonestown Massacre,Who Fucking Pissed In My Well?,,,,,,,
Strawberry Whiplash,Summershine,,,,,,,
The Brian Setzer Orchestra,Since I Don'T Have You,,,,,,,
Dizzee Rascal,2 Far (Feat. Wiley),,,,,,,
The Seahorses,Blinded By The Sun,,,,,,,
The Gaslight Anthem,The Patient Ferris Wheel,0.6,0.8,0.4,0.4,0.8,0.6,0.6
Faust,Don'T Take Roots,,,,,,,
Bent,An Ordinary Day,,,,,,,
Gone In 60 Seconds,Apollo Four Forty - Stop The Rock,,,,,,,
Strike Anywhere,Riot Of Words,,,,,,,
Nada Surf,Hi Speed Soul,,,,,,,
Disturbed,The Curse,,,,,,,
Chiodos,We'Re Gonna Have Us A Champagne Jam,,,,,,,
Juliette And The Licks,Got Love To Kill (Mstrkrft Remix),,,,,,,
Tristania,Cure,,,,,,,
Juliet,Avalon (Jacques Lu Cont Remix),,,,,,,
Naglfar,Unleash Hell,,,,,,,
Studio B,I See Girls (Crazy),,,,,,,
Raphael Saadiq,100 Yard Dash,,,,,,,
Juliette And The Licks,Smash And Grab,,,,,,,
Bonnie 'Prince' Billy,Raining In Darling,,,,,,,
Vivian Green,Fanatic,,,,,,,
Bonnie 'Prince' Billy,Three Questions,,,,,,,
The Futureheads,Hard To Bear,,,,,,,
The Secret Handshake,Too Young (Toxic Avenger Remix),,,,,,,
Orange Range,* ~Asterisk~ (Romantic Version),0.8,0.6,0.6,0.8,0.2,0.4,0.8
Plain White T'S,Figure It Out,,,,,,,
Plain White T'S,So Damn Clever,,,,,,,
Nana Starring Mika Nakashima,My Medicine,,,,,,,
Dissection,No Dreams Breed In Breathless Sleep,,,,,,,
Goodbooks,Walk With Me,,,,,,,
Nancy Sinatra,Some Velvet Morning,,,,,,,
Seeed,Waterpumpee With Anthony B (Waanback 2002),,,,,,,
Aphex Twin,[Curtains],,,,,,,
Andrew White,St. Patrick'S Parade,,,,,,,
Aphilas,Collective Memory Loss,,,,,,,
Dispatch,Out Loud,,,,,,,
Andrew White,Breda,,,,,,,
Andrew White,Dingle Bay Dream,,,,,,,
Narcotic Thrust,I Like It,,,,,,,
Augustus Pablo,Keep On Dubbing,,,,,,,
Bonnie 'Prince' Billy,Maundering,,,,,,,
Black Ryno,Shot A Buss [Raw],,,,,,,
2Pac,Me Against The World,,,,,,,
Rancid,As Wicked,,,,,,,
Chris Cornell,Ghosts,,,,,,,
Chris Daughtry,Crashed,,,,,,,
Dishwalla,Counting Blue Cars,,,,,,,
The Fratellis,Shameless,,,,,,,
Nashville Pussy,High As Hell,,,,,,,
Bonnie 'Prince' Billy,Horses,,,,,,,
Sinéad O'Connor,Silent Night,0.8,0.6,0.8,1.0,0.0,0.2,0.2
Chris Isaak,Blue Spanish Sky,,,,,,,
Her Space Holiday,The Young Machines,,,,,,,
The Frames,Keepsake,,,,,,,
Chris Isaak,Dancin',,,,,,,
Sinéad O'Connor,Troy,,,,,,,
Sinéad O'Connor,Curly Locks,,,,,,,
Crystal Castles,Love & Caring (7 Version),,,,,,,
Plain White T'S,Gimme A Chance,,,,,,,
Bauhaus,Boys,,,,,,,
X-Ray Spex,Germ Free Adolescents,,,,,,,
Gorilla Biscuits,New Direction,,,,,,,
Ramones,Mama'S Boy,,,,,,,
Ramones,Locket Love,,,,,,,
Sublime,Right Back,,,,,,,
Sublime,The Ballad Of Johnny Butt,,,,,,,
Slagsmålsklubben,Spring För Livet Gottegris,,,,,,,
Slagsmålsklubben,Sponsored By Destiny,,,,,,,
Lo-Fi-Fnk,Louder,,,,,,,
Slagsmålsklubben,Malmö Beach Night Party,,,,,,,
Andrew Lloyd Webber,Think Of Me,,,,,,,
Bonnie 'Prince' Billy,Am I Demon,,,,,,,
Judas Priest,Evening Star,,,,,,,
Judas Priest,Burnin' Up,,,,,,,
Judas Priest,Lochness,,,,,,,
Judas Priest,Out In The Cold,,,,,,,
Judas Priest,Heavy Duty,,,,,,,
The Format,A Mess To Be Made,,,,,,,
Gorillaz,Murdoc Is God,,,,,,,
Fatboy Slim,Talking Bout My Baby,,,,,,,
Zabili Mi Żółwia,Dzień Wagarowicza,,,,,,,
Judas Priest,Death Row,,,,,,,
Fatboy Slim,The Joker,,,,,,,
Ramones,Do You Remember Rock 'N' Roll Radio,,,,,,,
Henry Mancini,Experiment In Terror,,,,,,,
Ultravox,Mr. X,,,,,,,
Deep Dish,In Love With A Friend,,,,,,,
Xavier Baumaxa,Otvírákem,,,,,,,
Jamie Foxx,Blame It (Feat. T-Pain),,,,,,,
Opeth,Demon Of The Fall,,,,,,,
Jamie Cullum,High And Dry,,,,,,,
The Strokes,Hawaii,,,,,,,
Opeth,Silhouette,,,,,,,
Sucioperro,The Crushing Of The Little People,,,,,,,
Gossip,Yr Mangled Heart (Guns N' Bombs Trashbags Remix),,,,,,,
植松伸夫,The Promised Land,,,,,,,
Gossip,Your Mangled Heart,,,,,,,
Chrisette Michele,Like A Dream,,,,,,,
Chrisette Michele,Best Of Me,,,,,,,
The Flaming Lips,They Punctured My Yolk,,,,,,,
Thursday,Autumn Leaves Revisited,,,,,,,
Beneath The Massacre,Society'S Disposable Son,,,,,,,
Thursday,Division St.,,,,,,,
Andrew Bird,The Happy Birthday Song,,,,,,,
Marnie Stern,Put All Your Eggs In One Basket And Then Watch That Basket!!!,,,,,,,
Volbeat,Caroline Leaving,,,,,,,
The Flaming Lips,Race For The Prize (Mokran Mix),,,,,,,
Trio Odemira,Ana Maria,,,,,,,
Dire Straits,Ride Across The River,,,,,,,
Suede,The 2 Of Us,,,,,,,
José González,Storm,,,,,,,
Fatboy Slim,Everybody Needs A 303,,,,,,,
Yung Joc,It'S Goin' Down,,,,,,,
Negative Approach,Sick Of Talk,,,,,,,
Mark Snow,Mitis Lumen,,,,,,,
Semisonic,Completely Pleased,,,,,,,
Thurston Moore,Blues From Beyond The Grave,,,,,,,
Christina Aguilera,Genie 2.0,,,,,,,
Joss Stone,The Chokin' Kind,,,,,,,
Joss Stone,Victim Of A Foolish Heart,,,,,,,
Deep Purple,Bloodsucker,0.6,0.8,0.2,0.4,0.8,0.6,0.4
Bauhaus,Small Talk Stinks,,,,,,,
Deep Purple,Anthem,,,,,,,
Joss Whedon & Christophe Beck,Rest In Peace,,,,,,,
Jamiroquai,Travelling Without Moving,,,,,,,
Blur,Fool,,,,,,,
Sheer Terror,Time Don'T Heal A Thing,,,,,,,
Sheer Terror,Here To Stay,,,,,,,
The Calling,Stigmatized,,,,,,,
Deep Dish,Dub Shepherd,,,,,,,
Jamie Lidell,Music Will Not Last,,,,,,,
The Fiery Furnaces,Uncle Charlie,,,,,,,
Jamie Lidell,Green Light,,,,,,,
Graham Coxon,I Can'T Look At Your Skin,,,,,,,
Bonde Do Rolê,Divine Gosa,,,,,,,
Sufjan Stevens,For Clyde Tombaugh,,,,,,,
Thåström,Fanfanfan,,,,,,,
Christina Aguilera,The Right Man,,,,,,,
Dir En Grey,Clever Sleazoid,,,,,,,
Sentenced,0132,,,,,,,
Josh Ritter,Edge Of The World,,,,,,,
Josh Groban,When You Say You Love Me,,,,,,,
Josh Ritter,Wait For Love,,,,,,,
The Fiery Furnaces,Crystal Clear,,,,,,,
Josh Pyke,Memories And Dust,,,,,,,
Ypey,Without You,,,,,,,
London After Midnight,The Beginning Of The End,,,,,,,
Rainbow,Run With The Wolf,,,,,,,
Neil Young,Cripple Creek Ferry,,,,,,,
Neil Young,Everybody Knows This Is Nowhere,,,,,,,
London After Midnight,Nothing'S Sacred,,,,,,,
Pnau Feat. Ladyhawke,Embrace,,,,,,,
Crowded House,Distant Sun,,,,,,,
Talulah Gosh,Bringing Up Baby,,,,,,,
Neil Young,Far From Home,,,,,,,
Blur,Optigan 1,,,,,,,
Welle: Erdball,Wasserstoff (H2),,,,,,,
Deep Purple,Back To Back,,,,,,,
Deep Purple,Gettin' Tighter,,,,,,,
Lucky Soul,One Kiss Don'T Make A Summer,,,,,,,
Crowded House,Into Temptation,,,,,,,
Crotchduster,Mammal Sauce,,,,,,,
Pnau,Come Together,,,,,,,
Jamisonparker,Alcohol & Bandages,,,,,,,
Amari,Whale Grotto,,,,,,,
Grand Archives,A Setting Sun,,,,,,,
Aesop Rock,Fast Cars,,,,,,,
Aesop Rock,Coffee,,,,,,,
Aesop Rock,Easy,,,,,,,
The Sisters Of Mercy,Driven Like The Snow,,,,,,,
The Feelies,Everybody'S Got Something To Hide (Except Me And My Monkey),,,,,,,
Chuck Ragan,The Boat,,,,,,,
Yppah,Almost In That Category,,,,,,,
Raimundos,Palhas Do Coqueiro,,,,,,,
Jan Jelinek,Drift,,,,,,,
Talking Heads,The Overload,,,,,,,
Jan Johansson,Visa Från Rättvik,,,,,,,
Ximena Abarca,Jaque Mate,,,,,,,
Crossover,The Visitor,,,,,,,
Thåström,Stjärna Som Är Din,,,,,,,
The Cardigans,Iron Man,,,,,,,
Deep Purple,Into The Fire,,,,,,,
The Fall Of Troy,I Just Got This Symphony Goin',,,,,,,
The Cardigans,In The Round,,,,,,,
Emilie Autumn,Rapunzel,,,,,,,
The Fall Of Troy,Mouths Like Sidewinder Missiles,,,,,,,
Von Hertzen Brothers,Let Thy Will Be Done,,,,,,,
Emilie Autumn,Manic Depression,,,,,,,
Dinosaur Jr.,Poledo,,,,,,,
Mark Farina,Laurnea - Keep Your Head Up,,,,,,,
Aesop Rock,Five Fingers,,,,,,,
Grandaddy,Disconnecty,,,,,,,
The Wake,An Immaculate Conception,,,,,,,
The Fall,The Man Whose Head Expanded,,,,,,,
Aesthetic Perfection,Pale,,,,,,,
2Pac,Ambitionz Az A Ridah,,,,,,,
Autolux,Capital Kind Of Strain,,,,,,,
Von Südenfed,That Sound Wiped,0.4,0.4,0.6,0.4,0.8,0.6,0.2
Neil Young & Crazy Horse,Love To Burn,,,,,,,
Voxtrot,Blood Red Blood,,,,,,,
Cicada,The Things You Say (Dirty South Remix),,,,,,,
Rage Against The Machine,Kick Out The Jams (Live),,,,,,,
Mark Farina,Pete Rock - A Little Soul [Petestrumentals],,,,,,,
Von Südenfed,Fledermaus Can'T Get It,0.4,0.6,0.2,0.4,0.8,0.6,0.4
Cinema Bizarre,Forever Or Never,,,,,,,
Maritime,Tearing Up The Oxygen,,,,,,,
Aesop Rock,The Yes And The Y'All,,,,,,,
Black Stone Cherry,Maybe Someday,,,,,,,
Aesthetic Perfection,Architect,,,,,,,
Nellie Mckay,I Will Be There,,,,,,,
Apocalyptica,Deathzone,,,,,,,
Apocalyptica,I'M Not Jesus (Feat. Corey Taylor),,,,,,,
Nekropsi,Efsane,,,,,,,
Joni Mitchell,Help Me,,,,,,,
Hella,Cafeteria Bananas,,,,,,,
Nekropsi,Fok,,,,,,,
Xiu Xiu,Brooklyn Dodgers,,,,,,,
Xiu Xiu,Bunny Gamer (B),,,,,,,
The Cat Empire,The Chariot,,,,,,,
One Of Us,Fixed/Real,,,,,,,
The Cardigans,Your New Cuckoo,,,,,,,
Nellie Mckay,Swept Away,,,,,,,
Towers Of London,King,,,,,,,
Longview,Nowhere,,,,,,,
Youth Group,Shadowland,,,,,,,
Longview,This Is,,,,,,,
Circa Survive,The Greatest Lie,,,,,,,
Usher,Yeah!,,,,,,,
Ben Harper,Picture In A Frame,,,,,,,
Dimmu Borgir,Master Of Disharmony,,,,,,,
Circle Takes The Square,Interview At The Ruins,,,,,,,
Grauzone,Film 2,,,,,,,
Nelly,Grillz,,,,,,,
Nelly Furtado,Childhood Dreams,,,,,,,
Graveworm,Timeless,,,,,,,
Nelly,Ride With Me,,,,,,,
Suicidal Tendencies,Go'N Breakdown,,,,,,,
The Chameleons,Here Today,,,,,,,
Helios,Emancipation,,,,,,,
Deepest Blue,Shooting Star,,,,,,,
Pogodno,Uśmiech Się,,,,,,,
Omc,How Bizarre,,,,,,,
Janis Joplin,Ball And Chain,,,,,,,
Blaqk Audio,The Fear Of Being Found,,,,,,,
Ensiferum,Raised By The Sword,,,,,,,
Talking Heads,Making Flippy Floppy,,,,,,,
Jon Brion,Showtime,,,,,,,
Ben Harper,Glory & Consequence,,,,,,,
The Exploding Hearts,Modern Kicks,,,,,,,
Jon Hopkins,Second Sense,,,,,,,
Citizen Cope,Hurricane Waters,,,,,,,
Citizen Cope,Fame,,,,,,,
Gravy Train!!!!,Titties Bounce,,,,,,,
And One,Strafbomber,,,,,,,
Afi,Third Season,,,,,,,
City And Colour,Sleeping Sickness,,,,,,,
Nerina Pallot,Mr. King,,,,,,,
City And Colour,The Death Of Me,,,,,,,
Värttinä,Milja,,,,,,,
Skunk Anansie,Twisted (Everyday Hurts),,,,,,,
Apocalyptica,Last Hope,,,,,,,
Jolie Holland,Ghostly Girl,,,,,,,
Tribalistas,O Amor É Feio,,,,,,,
Cky,Attached At The Hip,,,,,,,
Jokke & Valentinerne,Gutta,,,,,,,
Cky,Disengage The Simulator,,,,,,,
Sepultura,Altered State,,,,,,,
Cky,Inhuman Creation Station,,,,,,,
Neu!,Leb' Wohl,,,,,,,
Fantômas,The Omen,,,,,,,
Radiohead,Cuttooth,,,,,,,
Sultans Of Ping F.C.,Where'S Me Jumper?,,,,,,,
Sepultura,Against,,,,,,,
Ben Harper,Both Sides Of The Gun,,,,,,,
Ben Harper,Bring The Funk,,,,,,,
Radiohead,Exit Music,,,,,,,
Japan,Ain'T That Peculiar,,,,,,,
Be Your Own Pet,Ouch,,,,,,,
Olspur,Electronic Superstar,,,,,,,
Heidi Marie Vestrheim,Movies,,,,,,,
Deerhoof,Odyssey,,,,,,,
Olspur,Politics Of Peace,,,,,,,
Olspur,For Me It'S The First Time And I'M So Hot,,,,,,,
Blaqk Audio,On A Friday,,,,,,,
Mando Diao,Maybe Just Sad,,,,,,,
Mando Diao,P.U.S.A.,0.6,0.8,0.2,0.6,0.8,0.4,0.6
Mando Diao,Mean Street,0.6,0.8,0.2,0.6,0.6,0.4,0.6
Janis Joplin,Little Girl Blue,,,,,,,
The Chameleons,Mad Jack,,,,,,,
Deerhoof,Dog On The Sidewalk,,,,,,,
Clann Zú,You'Re Listening To A Dead Man Speak,,,,,,,
Sum 41,No Reason,,,,,,,
Radiohead,Bullet Proof... I Wish I Was,,,,,,,
Autumn'S Grey Solace,Deserted And Desolate,,,,,,,
Sepultura,Meaningless Movements,,,,,,,
The End,Animals,,,,,,,
Young Marble Giants,Colossal Youth,,,,,,,
Young Love,Find A New Way,,,,,,,
Young Marble Giants,Final Day,,,,,,,
The Embassy,It Pays To Belong,,,,,,,
The Charlatans,I Don'T Want To See The Sights,,,,,,,
Nevermore,Beyond Within,,,,,,,
Ensiferum,Ahti,,,,,,,
The Charlatans,Love Is The Key,,,,,,,
Creed,Stand Here With Me,,,,,,,
The Charlatans,Forever,,,,,,,
Heidi Marie Vestrheim,I Believe,,,,,,,
The Streets,Everything Is Borrowed,,,,,,,
Olivia Olson,All I Want For Christmas Is You,,,,,,,
Olli Schulz & Der Hund Marie,Der Moment,,,,,,,
Anberlin,Foreign Language,,,,,,,
Sum 41,Walking Disaster,,,,,,,
Townes Van Zandt,Our Mother The Mountain,,,,,,,
Summoning,Land Of The Dead,0.2,0.6,0.4,0.4,0.6,0.2,0.6
Clarence Carter,Slip Away,,,,,,,
Johnny Foreigner,Lea Room,,,,,,,
Green Day,Waiting,,,,,,,
Ulver,Nowhere/Catastrophe,,,,,,,
New Found Glory,Better Off Dead,,,,,,,
New Found Glory,Head On Collision,,,,,,,
The Edgar Winter Group,Frankenstein,0.0,0.0,0.0,0.0,0.0,0.0,0.0
Tiamat,The Garden Of Heathen,,,,,,,
New Found Glory,Sincerely Me,,,,,,,
Afroman,Colt 45,,,,,,,
New Found Glory,Truth Of My Youth,,,,,,,
浜崎あゆみ,Dearest,,,,,,,
The Early November,Come Back,,,,,,,
Rachel'S,Where_Have_All_My_Files_Gone?,,,,,,,
Radical Face,Welcome Home,,,,,,,
After Forever,Only Everything,,,,,,,
After Forever,Being Everyone,,,,,,,
Treva Whateva,Singalong,,,,,,,
The Dø,Queen Dot Kong,,,,,,,
Skold,Void,,,,,,,
The Dust Of Basement,Outside (Flaster Mix),,,,,,,
Johnny Cash,Spiritual,,,,,,,
Johnny Cash,Southern Accents,,,,,,,
Gregory And The Hawk,The Bolder Thing To Do,,,,,,,
Loreena Mckennitt,Incantation,,,,,,,
R.I.O.,Shine On (Radio Mix),,,,,,,
After Forever,Evoke,,,,,,,
Anathema,Nocturnal Emission,,,,,,,
Jason Collett,Hangover Days,,,,,,,
Jaroslav Filip,Cez Okno,,,,,,,
Jaromír Nohavica,Pochod Marodů,,,,,,,
Old Crow Medicine Show,Big Time In The Jungle,,,,,,,
Old Crow Medicine Show,Tell It To Me,,,,,,,
Crashdïet,It'S A Miracle,,,,,,,
Heaven 17,Let'S All Make A Bomb (New Version),,,,,,,
Siouxsie And The Banshees,Little Johnny Jewel,,,,,,,
Xiu Xiu,Save Me Save Me,,,,,,,
Evil Nine,For Lovers Not Fighters,,,,,,,
Enrique Iglesias,Ring My Bells,,,,,,,
Talib Kweli & Madlib,Funny Money,,,,,,,
The Charlatans,Try Again Today,,,,,,,
Xiu Xiu,Pj In The Streets...,,,,,,,
New Order,In A Lonely Place,,,,,,,
Johnny Cash,I'M Leavin' Now,0.4,0.8,0.4,0.4,0.8,0.4,0.6
Sunny Day Real Estate,Shadows,,,,,,,
Serena-Maneesh,Sapphire Eyes,,,,,,,
New Order,Ruined In A Day,,,,,,,
Eminem,Puke,,,,,,,
Johnny Cash,I Was There When It Happened,,,,,,,
Afterhours,Ballata Per La Mia Piccola Iena,,,,,,,
Eminem,Shake That (Feat. Nate Dogg),,,,,,,
Serena-Maneesh,Drive Me Home The Lonely Nights,,,,,,,
The Smashing Pumpkins,Frail And Bedazzled,,,,,,,
New Order,We All Stand,,,,,,,
Wagon Christ,Fly Swat,,,,,,,
13 & God,Tin Strong,0.6,0.4,0.8,0.6,0.2,0.4,0.6
The Chemical Brothers,Temptation / Star Guitar (Live From Brixton Academy),,,,,,,
Loreena Mckennitt,Stolen Child,,,,,,,
Craig David,Hidden Agenda,,,,,,,
Tiësto,Flight 643,,,,,,,
Loreena Mckennitt,Sacred Shabbat,,,,,,,
Cranes,K56,,,,,,,
Jason Mraz,The Forecast,,,,,,,
Deftones,The Chauffeur,,,,,,,
Crash Test Dummies,Superman'S Song,,,,,,,
Jason Molina,No Moon On The Water,,,,,,,
R.E.M.,Me In Honey,,,,,,,
Porcupine Tree,Lazarus (Radio Edit),,,,,,,
Ben Folds,In Between Days,,,,,,,
New Order,World In Motion,,,,,,,
New Order,Truth,,,,,,,
New Order,Sunrise,,,,,,,
Ben Folds,All U Can Eat,,,,,,,
Tiamat,Wildhoney,,,,,,,
Grinderman,Depth Charge Ethel,,,,,,,
Serge Gainsbourg,Bloody Jack,,,,,,,
Wagon Christ,Thick Stew,,,,,,,
Health,Heaven,,,,,,,
Okkervil River,For The Enemy,,,,,,,
Marillion,Waterhole (Expresso Bongo),,,,,,,
Deichkind,Remmidemmi (Yippie Yippie Yeah),,,,,,,
Wagon Christ,Tomach,,,,,,,
Wagon Christ,The Premise,,,,,,,
Shaznay Lewis,Heart Made Me A Fool,,,,,,,
Porcupine Tree,Tinto Brass,,,,,,,
The Smashing Pumpkins,My Mistake,0.8,0.6,0.4,0.6,0.8,0.4,0.2
Jawbreaker,Chesterfield King,,,,,,,
R.E.M.,Final Straw,0.6,0.6,0.4,0.6,0.4,0.4,0.4
Client,Zerox Machine,,,,,,,
Okkervil River,Seas Too Far To Reach,,,,,,,
Cliff Martinez,Wormhole,,,,,,,
The Smashing Pumpkins,Heavy Metal Machine,,,,,,,
Okkervil River,Down The River Of Golden Dreams,,,,,,,
Los Bunkers,Canción De Lejos,,,,,,,
New York Dolls,Private World,,,,,,,
Dido,Us 2 Little Gods,,,,,,,
Die Apokalyptischen Reiter,Seemann,,,,,,,
Clinic,Gideon,,,,,,,
Serge Gainsbourg,Je Suis Venu Te Dire Que Je M'En Vais,,,,,,,
Grizzly Bear,Fine For Now,,,,,,,
Clinic,The Vulture,,,,,,,
Avantasia,Another Angel Down,,,,,,,
The Smashing Pumpkins,Pennies,,,,,,,
Grizzly Bear,Plans (Terrible Vs. Nonhorse Sounds Edit),,,,,,,
Urma,The Simple Things,0.6,0.8,0.6,0.8,0.2,0.4,0.6
Marillion,Lords Of The Backstage,,,,,,,
Serge Gainsbourg,Initials B.B.,,,,,,,
Marillion,Jigsaw,,,,,,,
Grizzly Bear,Southern Point,,,,,,,
Skinny Puppy,Solvent,,,,,,,
Clint Mansell,Summer: Summer Overture,,,,,,,
Urma,Dirt Shine,,,,,,,
Nick Cave & The Bad Seeds,Far From Me,,,,,,,
Super Furry Animals,Slow Life,,,,,,,
Dick4Dick,Technology,,,,,,,
Dictaphone,Tempelhof,,,,,,,
Super Furry Animals,The Piccolo Snare,,,,,,,
Groove Armada,Fogma,,,,,,,
Weezer,Haunt You Every Day,,,,,,,
Ewan Mcgregor/Nicole Kidman,Come What May,,,,,,,
Cradle Of Filth,The Byronic Man,,,,,,,
Cradle Of Filth,Amor E Morte,,,,,,,
Akurat,Fantasmagorie,,,,,,,
Cradle Of Filth,Summer Dying Fast,,,,,,,
Nick Cave & The Bad Seeds,Where Do We Go Now But Nowhere?,,,,,,,
Super Junior,Twins (Knock Out),,,,,,,
Yo La Tengo,Yellow Sarong,,,,,,,
The Smashing Pumpkins,Suffer,,,,,,,
The Smashing Pumpkins,Real Love,,,,,,,
The Smashing Pumpkins,Starla,,,,,,,
Skinny Puppy,Nature'S Revenge,,,,,,,
Emma Pollock,Adrenaline,,,,,,,
Waldorf,You'Re My Disco,,,,,,,
The Doors,The Soft Parade,,,,,,,
John Parish & Polly Jean Harvey,Civil War Correspondent,,,,,,,
Belleruche,Balance,,,,,,,
Groove Coverage,Runaway,,,,,,,
Tiga,(Far From) Home (Digitalism Remix),,,,,,,
John Murphy,Then There Were 2,,,,,,,
The Smashing Pumpkins,Ugly,,,,,,,
The Doors,Maggie M'Gill,,,,,,,
Akufen,Deck The House,,,,,,,
Clouddead,Dead Dogs Two,,,,,,,
Yo La Tengo,The Story Of Yo La Tango,,,,,,,
Weezer,Devotion,,,,,,,
Ohgr,Psychoreal,,,,,,,
Ohgr,Whitevan,,,,,,,
The Cinematic Orchestra,Night Of The Iguana,,,,,,,
American Nightmare,I.C. You Are Feeling Drake,,,,,,,
Siouxsie And The Banshees,Overground,,,,,,,
Delays,Lillian,,,,,,,
Jay-Z,Bring It On,,,,,,,
Bear Vs. Shark,Antwan,,,,,,,
Delain,Sever,0.8,0.8,0.4,0.8,0.2,0.2,0.6
Cradle Of Filth,Haunted Shores,,,,,,,
Grupo De Expertos Solynieve,La Balada De Buscando A Mi Destino,,,,,,,
The Donnas,I Don'T Want To Know (If You Don'T Want Me),,,,,,,
Supergrass,Can'T Get Up,,,,,,,
Emma Pollock,Paper And Glue,,,,,,,
The Dodos,Undeclared,,,,,,,
John Maus,Don'T Worship The Devil,,,,,,,
The Divine Comedy,Something For The Weekend,,,,,,,
John Maus,My Whole World'S Coming Apart,,,,,,,
Agathodaimon,Faded Years,,,,,,,
Nickelback,Never Again,,,,,,,
Wall Street Ammunition Hero,Pulse,,,,,,,
The Ditty Bops,Ooh La La,,,,,,,
John Lennon,I Found Out,,,,,,,
Agathodaimon,The Darkness Inside,,,,,,,
Agent Orange,Bloodstains (Darkness Version),,,,,,,
Diana Krall,Why Should I Care,,,,,,,
John Lennon,Isolation,,,,,,,
Diana Ross,I'M Coming Out,,,,,,,
Skinny Puppy,Ghostman,,,,,,,
浜崎あゆみ,Part Of Me,,,,,,,
Tiga,You Gonna Want Me (12 Dance Mix),,,,,,,
Queensrÿche,Murderer?,,,,,,,
Clutch,Red Horse Rainbow,,,,,,,
Yo La Tengo,I Was The Fool Beside You For Too Long,,,,,,,
John Legend,Coming Home,,,,,,,
Oh No Oh My,Skip The Foreplay,,,,,,,
Jay-Z,Izzo (H.O.V.A.),,,,,,,
Take That,Ain'T No Sense In Love,,,,,,,
Bear Vs. Shark,We Were Sad But Now We'Re Rebuilding,,,,,,,
The Cinematics,Human,,,,,,,
Covenant,Winter Comes,,,,,,,
The Cinematics,A Strange Education,,,,,,,
Jay-Z,Justify My Thug,,,,,,,
Siouxsie Sioux,Loveless,,,,,,,
Manic Street Preachers,P.C.P.,,,,,,,
Trackademicks,Got U Hooked - Trackademicks & 1 O.A.K.,,,,,,,
The Distillers,The Gallow Is God,,,,,,,
War,Why Can'T We Be Friends,,,,,,,
Enon,Shoulder,,,,,,,
Portishead,Glory Box (Edit),,,,,,,
Cmx,Ei Yksikään,,,,,,,
Avenue D,Do I Look Like A Slut?,,,,,,,
Guided By Voices,Hold On Hope,,,,,,,
Cmx,Surunmurhaaja,,,,,,,
Yo La Tengo,Georgia Vs. Yo La Tengo,,,,,,,
Cmx,Sielunvihollinen,,,,,,,
Skinny Puppy,Goneja,,,,,,,
Skinny Puppy,Human Disease (S.K.U.M.M.),,,,,,,
Mariah Carey,I'Ll Be Lovin' U Long Time,,,,,,,
Nicole,Suunta,,,,,,,
Supertramp,Hide In Your Shell,,,,,,,
Portugal. The Man,Kill Me. The King,0.6,0.6,0.4,0.6,0.8,0.4,0.8
Emperor,Beyond The Great Vast Forest,,,,,,,
John Frusciante,Hope,,,,,,,
Maria Taylor,Irish Goodbye,,,,,,,
The Smiths,This Charming Man (Peel Session),,,,,,,
Beastie Boys,Flute Loop,,,,,,,
Delerium,Twilight,,,,,,,
John Foxx,Blurred Girl,,,,,,,
Akron/Family,I'Ll Be On The Water,,,,,,,
Covenant,20 Hz,,,,,,,
Offer Nissim Featuring Maya,Happy People (Radio Mix),,,,,,,
Beastie Boys,Oh Word?,,,,,,,
Manic Street Preachers,Stay Beautiful,,,,,,,
Manic Street Preachers,Roses In The Hospital,,,,,,,
Jay-Z And Linkin Park,Big Pimpin'/Papercut,,,,,,,
Delays,Waste Of Space,,,,,,,
Nightmare Of You,Ode To Serotonin,,,,,,,
Faithless,Take The Long Way Home,,,,,,,
Delays,You Wear The Sun,,,,,,,
Faithless,What About Love,,,,,,,
Nightmares On Wax,Date With Destiny,,,,,,,
Amy Winehouse,You'Re Wondering Now,,,,,,,
Nightmares On Wax,Me + You,,,,,,,
Queen,Some Day One Day,,,,,,,
Guns N' Roses,Knockin' On Heavens Door,,,,,,,
Nightmares On Wax,Thinking Of Omara,,,,,,,
Maria Peszek,Sms,,,,,,,
Maria Peszek,Ćmy,,,,,,,
Maria Mckee,Show Me Heaven,,,,,,,
Cock Sparrer,I Got Your Number,,,,,,,
Amy Macdonald,Somebody New,,,,,,,
Amy Millan,Baby I,,,,,,,
The Clash,Last Gang In Town,,,,,,,
Jazzanova,Soon,,,,,,,
Akron/Family,Ed Is A Portal,,,,,,,
Of Montreal,Natalie And Effie In The Park,,,,,,,
Tactical Sekt,Siege Engine,,,,,,,
Counting Crows,Daylight Fading,,,,,,,
Jazzanova,Fade Out,,,,,,,
Of Montreal,Old People In The Cemetery,,,,,,,
Jazzanova,Fedime'S Flight,,,,,,,
Boards Of Canada,M9,,,,,,,
Dfc,Assassinos,,,,,,,
Sussie 4,Electric Casino [*],0.6,0.6,0.8,0.8,0.2,0.4,0.6
Guns N' Roses,You Can'T Put Your Arms Around A Memory,,,,,,,
Sussie 4,Escapar,,,,,,,
Susumu Yokota,Gekkoh,,,,,,,
Tiger Lou,Functions,,,,,,,
Faithless,Mass Destruction (Single Mix),,,,,,,
Dfc,Franchising,,,,,,,
Wax Tailor,Que Será,,,,,,,
Wax Poetic,Technologie,,,,,,,
Belanova,Cada Que...,,,,,,,
Agonoize,Gottlos,,,,,,,
Queen,Father To Son,,,,,,,
Los Tres,Cerrar Y Abrir,,,,,,,
Cocteau Twins,Fluffy Tufts,,,,,,,
Skindred,Rude Boy For Life,,,,,,,
Faithless,In The End,,,,,,,
Emperor,The Burning Shadows Of Silence,,,,,,,
Gustavo Cerati,Tu Cicatriz En Mí,,,,,,,
Devotchka,Queen Of The Surface Streets,,,,,,,
Bel Canto,Tierre Obletz Part Iii (Radio Edit),,,,,,,
Gustavo Cerati,Sudestada,,,,,,,
Hawksley Workman,We Will Still Need A Song,,,,,,,
Delta Spirit,Strange Vine,,,,,,,
Beastie Boys,Transitions,,,,,,,
Of Montreal,Art Snob Solutions,,,,,,,
Pow(D)Er Pussy,Cryogenicpussylover,,,,,,,
Hawkwind,Down Through The Night,,,,,,,
The Veronicas,Someone Wake Me Up,,,,,,,
The Veronicas,Speechless,,,,,,,
Of Montreal,Keep Sending Me Black Fireworks,,,,,,,
The Clash,Stop The World,,,,,,,
Faithless,Everything Will Be Alright Tomorrow,,,,,,,
Nile,Die Rache Krieg Lied Der Assyriche,,,,,,,
Devotchka,The Last Beat Of My Heart,,,,,,,
Gustavo Santaolalla,Brokeback Mountain 1,,,,,,,
Faithless,Fatty Boo,,,,,,,
Code 64,Leaving Earth,,,,,,,
Faithless,Angeline,,,,,,,
Queen,Death On Two Legs,,,,,,,
Travis,Peace The Fuck Out,,,,,,,
Nile,What Can Be Safely Written,,,,,,,
John 5,Gods And Monsters,,,,,,,
Nile,Papyrus Containing The Spell To Preserve Its Possessor Against Attacks From He Who Is In The Water,,,,,,,
Nile,Nas Akhu Khan She En Asbiu,,,,,,,
Skindred,Spit Out The Poison,,,,,,,
Skindred,Killing Me,,,,,,,
Beirut,Scenic World (Version),,,,,,,
The Sonics,The Witch,,,,,,,
Skindred,Bruises,,,,,,,
Devo,Ton O' Love,,,,,,,
Devo,Sloppy (I Saw My Baby Gettin'),,,,,,,
Obituary,Chopped In Half,,,,,,,
Hauschka,Blue Bicycle,,,,,,,
Jedi Mind Tricks,Suicide,,,,,,,
Jedi Mind Tricks,I Against I (Feat. Planetary Of Outerspace),,,,,,,
The Clientele,The Violet Hour,,,,,,,
Ocean Colour Scene,The Circle,,,,,,,
Amusement Parks On Fire,Eighty Eight,,,,,,,
Oceansize,A Homage To A Shame,,,,,,,
Devo,Beautiful World,,,,,,,
Quasi,Smile,,,,,,,
The Sounds,Bombs Bombs Away (Teenage Battlefield),,,,,,,
Guster,Homecoming King,,,,,,,
Gwen Stefani,Long Way To Go,,,,,,,
Marcy Playground,Saint Joe On The School Bus,,,,,,,
Joe Satriani,Ice 9,,,,,,,
Swallow The Sun,Out Of This Gloomy Light,,,,,,,
Amplifier,Motorhead,,,,,,,
The Dead Milkmen,Smokin' Banana Peels,,,,,,,
Faith Hill,Where Are You Christmas?,,,,,,,
Joe Dassin,Et Si Tu N'Existais Pas,0.6,0.8,0.2,0.8,0.2,0.4,0.4
Devendra Banhart,This Beard Is For Siobhán,,,,,,,
Travis,Baby One More Time,,,,,,,
Yerba Buena,Guajira (I Love U 2 Much),,,,,,,
Before The Dawn,...,,,,,,,
Joe Pass,She'S Funny That Way,,,,,,,
Gåte,Sjåaren,,,,,,,
The Dead Milkmen,If You Love Someone Set Them On Fire,,,,,,,
Gåte,Rike Rodenigår,,,,,,,
Gåte,Du Som Er Ung,,,,,,,
Sex Pistols,Satellite,,,,,,,
Faith And The Muse,The Silver Circle,,,,,,,
Sex Pistols,Sub-Mission,,,,,,,
Tim Buckley,Song To The Siren,,,,,,,
Demons & Wizards,Path Of Glory,,,,,,,
Tracy Chapman,Change,,,,,,,
Hatebreed,Tear It Down,0.4,0.8,0.0,0.2,1.0,0.2,0.2
Exodus,Raze,,,,,,,
Demons & Wizards,Poor Man'S Crusade,,,,,,,
The Veronicas,I Don'T Wanna Wait,,,,,,,
Azure Ray,Home,,,,,,,
T.I.,Ride Wit Me,,,,,,,
Pure Reason Revolution,Aeropause,,,,,,,
Hatebreed,Mind Over All,,,,,,,
Job For A Cowboy,The Divine Falsehood,,,,,,,
The Dead 60S,Ghostfaced Killer,,,,,,,
Yellowcard,Afraid,,,,,,,
Deus,Mute,,,,,,,
Nine Inch Nails,The Great Collapse,,,,,,,
Bob Marley,Trench Town Rock,,,,,,,
Apparat,Interrupt,,,,,,,
Joaquin Phoenix,Cry Cry Cry,,,,,,,
Ha-Ash,No Te Quiero Nada,,,,,,,
Pulp,Someone Like The Moon,,,,,,,
Deus,Morticiachair,,,,,,,
Yelle,A Cause Des Garçons (Tepr Remix),,,,,,,
Fahrenheit,Tan Lejos De Mi,,,,,,,
Deus,Cold Sun Of Circumstance,,,,,,,
Tim Hecker,Harmony In Blue Ii,,,,,,,
Aimee Mann,High On Sunday 51,,,,,,,
Aimee Mann,I Can'T Help You Anymore,,,,,,,
Aimee Mann,Beautiful,,,,,,,
Prefuse 73,Weight Watching,0.4,0.6,0.2,0.8,0.2,0.4,0.8
Tim Hecker,Spring Heeled Jack Flies Tonight,,,,,,,
The Dandy Warhols,Welcome To The Third World,,,,,,,
Jefferson Airplane,The Ballad Of You And Me And Pooneil,,,,,,,
Low,Cue The Strings,,,,,,,
Harry J. All Stars,Liquidator,,,,,,,
Jefferson Airplane,Watch Her Ride,,,,,,,
The Cooper Temple Clause,In Your Prime,,,,,,,
The Cool Kids,What It Is,,,,,,,
Jefferson Airplane,Come Up The Years,,,,,,,
The Cooper Temple Clause,Digital Observations,,,,,,,
Bob Dylan,Everything Is Broken,,,,,,,
The Dandy Warhols,The Coffee And Tea Wrecks,,,,,,,
Oasis,(Probably) All In The Mind,,,,,,,
Pulp,Feeling Called Love,,,,,,,
Dethklok,Duncan Hills Coffee Jingle,,,,,,,
Aimee Mann,Nothing Is Good Enough (Instrumental),,,,,,,
Aimee Mann,Little Bombs,,,,,,,
The Dandy Warhols,Not Your Bottle,,,,,,,
The Dandy Warhols,Love Is The New Feel Awful,,,,,,,
Timbaland,2 Man Show (Feat. Elton John),,,,,,,
The Dandy Warhols,Down Like Disco,,,,,,,
Colleen,Babies,,,,,,,
Pulp,Deep Fried In Kelvin,,,,,,,
Sweet,The Lies In Your Eyes,,,,,,,
玉置成実,Truth,,,,,,,
Pulp,Bob Lind (The Only Way Is Down),,,,,,,
Sweet,Wig Wam Bam,,,,,,,
Destroyer,The State,,,,,,,
Destroyer,Sick Priest Learns To Last Forever,,,,,,,
Destruction,Curse The Gods,,,,,,,
Public Image Ltd.,Death Disco,,,,,,,
Engenheiros Do Hawaii,A Revolta Dos Dândis I,,,,,,,
Amorphis,Thousand Lakes,,,,,,,
Psyclon Nine,Tyranny,,,,,,,
Num,One Side Love,,,,,,,
Harry Gregson-Williams,Evacuating London,,,,,,,
The Coral,Cripple'S Crown,,,,,,,
Harry Chapin,Cat'S In The Cradle,,,,,,,
Beat Happening,What'S Important,,,,,,,
The Coral,Calendars And Clocks (Demo),,,,,,,
The Coral,Eskimo Lament,,,,,,,
Pretty Girls Make Graves,A Certain Cemetery,,,,,,,
The Coral,Careless Hands,,,,,,,
O-Zone,Despre Tine,,,,,,,
Pretty Girls Make Graves,Parade,,,,,,,
Nuspirit Helsinki,Circular Motion,,,,,,,
No Doubt,Comforting Lie,,,,,,,
The Cure,Trust,,,,,,,
The Cure,The Snakepit,,,,,,,
Maps,Back + Forth,,,,,,,
The Cure,The Loudest Sound,,,,,,,
Maps,Don'T Fear,,,,,,,
No Doubt,Artificial Sweetener,,,,,,,
Maps,Liquid Sugar,,,,,,,
No Doubt,Six Feet Under,,,,,,,
Maps,Glory Verse,,,,,,,
Louis Armstrong,Blueberry Hill,,,,,,,
No Doubt,Oi To The World,,,,,,,
No Doubt,Platinum Blonde Life,,,,,,,
No Doubt,Squeal,,,,,,,
Coma,Sierpień,,,,,,,
Psapp,King Kong,,,,,,,
Beck,Pressure Zone,,,,,,,
Psapp,King Of You,,,,,,,
Jimi Hendrix,Lover Man,,,,,,,
Skalpel,Break In,,,,,,,
Noah And The Whale,Shape Of My Heart,,,,,,,
Sébastien Tellier,Une Heure,,,,,,,
Primal Scream,Kowalski,,,,,,,
Jennifer Hudson,If This Isn'T Love (Stonebridge Radio Edit),,,,,,,
16 Horsepower,Clogger,,,,,,,
Cool Kids Of Death,Kręcimy Się W Kółko,,,,,,,
16 Horsepower,Burning Bush,,,,,,,
Desmond Dekker,You Can Get It If You Really Want,,,,,,,
The Starting Line,What You Want,,,,,,,
Primal Scream,Detroit,,,,,,,
Halou,Stonefruit,,,,,,,
The Spill Canvas,Natalie Marie And 1Cc,,,,,,,
Engenheiros Do Hawaii,Longe Demais Das Capitais,,,,,,,
The Specials,Little Bitch,,,,,,,
Combichrist,Tractor,,,,,,,
Nofx,Lori Meyers,,,,,,,
Engenheiros Do Hawaii,Dom Quixote,,,,,,,
Combichrist,Get Out Of My Head,,,,,,,
Combichrist,Lying Sack Of Shit,,,,,,,
Beck,Epro,,,,,,,
Comeback Kid,In Case Of Fire,,,,,,,
Hammerfall,In Memoriam,,,,,,,
Descendents,Clean Sheets,,,,,,,
Apparat,Over And Over,,,,,,,
Novice,The Fallout,,,,,,,
Traffic,Dear Mr. Fantasy,,,,,,,
Apparat,Repeat Till Overload,,,,,,,
Handsome Boy Modeling School,Breakdown,,,,,,,
Depeche Mode,Enjoy The Silence (2004),,,,,,,
Hardcore Superstar,Liberation,,,,,,,
Nofx,The Marxist Brothers,,,,,,,
Jenny Lewis With The Watson Twins,Happy (Reprise),,,,,,,
Six By Seven,Oh! Dear,,,,,,,
Extreme,Cupid'S Dead,,,,,,,
Ween,Gabrielle,,,,,,,
Jenny Owen Youngs,Hot In Herre,,,,,,,
Jenny Wilson,A Hesitating Cloud Of Despair,,,,,,,
Amon Tobin,Theme From Battery,,,,,,,
Beck,Diamond Bollocks,,,,,,,
Noir Désir,L'Enfant Roi,,,,,,,
Amon Tobin,The Nasty,,,,,,,
Shakira,Donde Estás Corazón,,,,,,,
Handsome Furs,Sing! Captain,,,,,,,
The Cure,Hello I Love You,,,,,,,
Love And Rockets,Ball Of Confusion,,,,,,,
Timmy Vegas & Bad Lay-Dee,Another Dimension (Club Mix),,,,,,,
Blacklisted,Wolves At My Door,,,,,,,
Blacklisted,Long Way Home,,,,,,,
Manu Chao,La Chinita,,,,,,,
The Cure,Anniversary,,,,,,,
Syd Barrett,She Took A Long Cold Look,,,,,,,
Shakira,Que Me Quedes Tú,,,,,,,
Hank Williams Iii,Stoned & Alone,,,,,,,
The Stands,All Years Leaving,,,,,,,
Amon Amarth,Burning Creation,,,,,,,
Hank Williams Iii,Honky Tonk Girls,,,,,,,
Consul The Educated Monkey,Home,,,,,,,
Constantines,Windy Road,,,,,,,
Tragedy,The Lure,,,,,,,
Extreme,Stop The World,,,,,,,
Six Organs Of Admittance,Assyria,,,,,,,
Mansun,Stripper Vicar,0.4,0.6,0.4,0.6,0.6,0.4,0.6
Shakira,Te Espero Sentada,,,,,,,
Mansun,Serotonin,,,,,,,
Symphony X,Prelude,,,,,,,
Hanoi Rocks,Street Poetry,,,,,,,
The Crüxshadows,Leave Me Alone,,,,,,,
Yann Tiersen,Tout Est Calme,,,,,,,
Hanoi Rocks,Village Girl,,,,,,,
Unwritten Law,How You Feel,,,,,,,
Jet,Skin And Bones,,,,,,,
Unwritten Law,Rest Of My Life,,,,,,,
Amon Amarth,Twilight Of The Thunder God,,,,,,,
16 Horsepower,My Narrow Mind,,,,,,,
Amon Amarth,Varyags Of Miklagaard,,,,,,,
16 Horsepower,Heel On The Shovel,,,,,,,
Sixx:A.M.,Pray For Me,,,,,,,
Ayreon,Listen To The Waves,,,,,,,
Norma Jean,Memphis Will Be Laid To Waste,,,,,,,
Ayreon,Ride The Comet,,,,,,,
Ayreon,Liquid Eternity,,,,,,,
Norther,Endless War,,,,,,,
Prince,The Ballad Of Dorothy Parker,,,,,,,
Uncle Tupelo,Chickamauga,,,,,,,
Norther,Everything Is An End,,,,,,,
Uncle Tupelo,No Depression,,,,,,,
Yann Tiersen,Mother'S Journey,,,,,,,
Happy Rhodes,Ra Is A Busy God,,,,,,,
Happy Rhodes,Tragic,,,,,,,
Extreme,He-Man Woman Hater,,,,,,,
The Cribs,The Watch Trick,,,,,,,
Happy Rhodes,Proof,,,,,,,
The Cranberries,The Concept,,,,,,,
Constantines,Poison,,,,,,,
Jeremy Soule,The Elementalist(Bonus),,,,,,,
Manowar,Hail To England,,,,,,,
Jeremy Soule,The Rift,,,,,,,
The Cribs,Haunted,,,,,,,
Bebe,Con Mis Manos,,,,,,,
Jesca Hoop,Seed Of Wonder,,,,,,,
Depeche Mode,More Than A Party,,,,,,,
Manowar,Outlaw,,,,,,,
Enigma,Modern Crusaders,,,,,,,
Manowar,The Power,,,,,,,
Manowar,Sting Of The Bumblebee,,,,,,,
Bob Dylan,Jokerman,,,,,,,
Amon Amarth,Where Silent Gods Stand Guard,,,,,,,
Blackmore'S Night,Greensleeves,,,,,,,
Happy Mondays,Harmony,,,,,,,
Bebel Gilberto,Aganju,,,,,,,
Machine Head,Wipe The Tears,,,,,,,
Melvins,Youth Of America,,,,,,,
齋藤彩夏,ドキドキ☆ワクワク♪,,,,,,,
Elbow,Crawling With Idiot,,,,,,,
The Who,Slip Kid,,,,,,,
Legion Of Green Men,Hotbox Highway,,,,,,,
British Sea Power,Open The Door,,,,,,,
Saturday Looks Good To Me,Since You Stole My Heart,,,,,,,
Iced Earth,The Hunter,,,,,,,
Iced Earth,Dracula,,,,,,,
The Alan Parsons Project,The Fall Of The House Of Usher (Instrumental): V Fall,,,,,,,
Machine Head,Elegy,,,,,,,
Machinae Supremacy,Origin,,,,,,,
Machine Head,Left Unfinished,0.4,1.0,0.2,0.2,1.0,0.2,0.4
!!!,Kookooka Fuk-U,,,,,,,
유승준,Shut Up!!,,,,,,,
Sigur Rós,Dánarfregnir Og Jarðarfarir,,,,,,,
The Tragically Hip,In View,,,,,,,
Pavement,Platform Blues,,,,,,,
!!!,Hammerhead,,,,,,,
Peaches,Get It,,,,,,,
Machine Head,Old,,,,,,,
Alien Vampires,I'M Dead Fuck You,,,,,,,
Toni Braxton,Shadowless,,,,,,,
Pavement,Texas Never Whispers,,,,,,,
Pavement,Cream Of Gold,,,,,,,
Snowden,Counterfeit Rules,,,,,,,
The Album Leaf,Asleep,,,,,,,
Iced Earth,Frankenstein,,,,,,,
Pavement,Pueblo,,,,,,,
Pavement,Painted Soldiers,,,,,,,
Britney Spears,A Song About U,,,,,,,
The Proclaimers,I'M On My Way,,,,,,,
British Sea Power,Childhood Memories,,,,,,,
Idlewild,Everyone Says You'Re So Fragile,,,,,,,
Paul Weller,Out Of The Sinking,,,,,,,
Satyricon,Angstridden,,,,,,,
Saturday Looks Good To Me,Until The World Stops Spinning,,,,,,,
Saturday Looks Good To Me,[Untitled],,,,,,,
Sikth,Bland Street Bloom,,,,,,,
Sigur Rós,Hjartað Hamast,,,,,,,
Sigur Rós,Fyrsta,,,,,,,
Blitz,Razors In The Night,,,,,,,
Constantines,Scoundrel Babes,,,,,,,
Happysad,Zanim Pójdę,,,,,,,
Ayọ,These Days,,,,,,,
Jes,Imagination (Tiësto Remix),,,,,,,
Ajda Pekkan,Her Yerde Kar Var,,,,,,,
Norther,The Cure,,,,,,,
Flo Rida,Right Round (Feat. Ke$Ha),,,,,,,
Norther,Unleash Hell,,,,,,,
Saturday Looks Good To Me,Keep Walking,,,,,,,
Britney Spears,Break The Ice (Kaskade Radio Edit),,,,,,,
Flogging Molly,Every Dog Has Its Day,,,,,,,
Jesca Hoop,Intelligentactile 101,,,,,,,
Anti-Nowhere League,Woman,,,,,,,
Flobots,Same Thing,,,,,,,
Menomena,My My,,,,,,,
El-P,The Overly Dramatic Truth,,,,,,,
Jesse & Joy,Volvere,,,,,,,
Bebel Gilberto,Cada Beijo,,,,,,,
Norther,Nightfall,,,,,,,
Happy Rhodes,Looking Over Cliffs,,,,,,,
Happy Rhodes,Many Worlds Are Born Tonight,,,,,,,
Conor Oberst,Milk Thistle,,,,,,,
Extreme,Pornograffitti,,,,,,,
Nostalgia 77,Seven Nation Army,,,,,,,
Extreme,Our Father,,,,,,,
Enigma,I Love You... I'Ll Kill You,,,,,,,
Floorpunch,No Exceptions,,,,,,,
El Ten Eleven,3 Plus 4,,,,,,,
The Aislers Set,Last Match,,,,,,,
The Prodigy,Break And Enter,,,,,,,
Electrelane,In Berlin,,,,,,,
Snow Patrol,If I'D Found The Right Words To Say,,,,,,,
Snow Patrol,In My Arms,,,,,,,
Sasha,Wavy Gravy,,,,,,,
Saul Williams,Control Freak,,,,,,,
Sasha,Golden Arm,,,,,,,
Sasha,Sander Kleinenberg - My Lexicon,,,,,,,
The Who,Smash The Mirror,,,,,,,
The Wonders,That Thing You Do,,,,,,,
Sasha,Dominica - Real Time,,,,,,,
Merle Haggard,Big City,,,,,,,
Van She,Survive,,,,,,,
Britta Persson,Cliffhanger,,,,,,,
Britney Spears,The Beat Goes On,,,,,,,
Vanessa Carlton,Nolita Fairytale,,,,,,,
Melvins,A Vast Filthy Prison,,,,,,,
Electrelane,Tram 21,,,,,,,
Lemon Jelly,'88 Aka Come Down On Me,,,,,,,
The Postal Service,Iron And Wine,,,,,,,
The Androids,Do It With Madonna,,,,,,,
Anti-Flag,You'D Do The Same,,,,,,,
Britney Spears,When Your Eyes Say It,,,,,,,
Dave Matthews Band,Fool To Think,,,,,,,
Dave Matthews,Grey Blue Eyes,,,,,,,
Dave Matthews Band,Bartender,,,,,,,
Dave Matthews,Save Me,,,,,,,
Dave Matthews,So Damn Lucky,,,,,,,
M83,Last Saturday,,,,,,,
M83,By The Kiss,,,,,,,
Iggy Pop,Bang Bang,,,,,,,
Hanoi Rocks,Stop Cryin',,,,,,,
Norah Jones,Rosie'S Lullaby,,,,,,,
Norah Jones,Not Too Late,,,,,,,
Symphony X,Inferno (Unleash The Fire),,,,,,,
Yann Tiersen,À Ceux Qui Sont Malades Par Mer Calme,,,,,,,
Unwritten Law,Up All Night,,,,,,,
Sixx:A.M.,Van Nuys,,,,,,,
Jesu,Friends Are Evil,,,,,,,
Hans Zimmer,Singapore,,,,,,,
Norma Jean,Songs Sound Much Sadder,,,,,,,
Jesu,Tired Of Me,,,,,,,
Hansen Band,Keine Lieder Über Liebe (Acoustic),,,,,,,
Shakira,The Day And The Time,,,,,,,
Amon Amarth,Under The Northern Star,,,,,,,
Symphony X,The Eyes Of Medusa,,,,,,,
Hans Zimmer,To Zucchabar,,,,,,,
Prince,Starfish And Coffee,,,,,,,
Broadcast,Echo'S Answer,,,,,,,
Ian Brown,F.E.A.R.,,,,,,,
Dave Gahan,I Need You,,,,,,,
Eisley,Over The Mountains,,,,,,,
Snow Patrol,Crazy In Love,,,,,,,
Eisley,Ten Cent Blues,,,,,,,
Meshuggah,Stengah,,,,,,,
Eisley,Come Clean,,,,,,,
佐橋俊彦,Core Splendor Lift Off,,,,,,,
Sodom,Baptism Of Fire,,,,,,,
Sodastream,Send My Love To Those Who Deserve It,,,,,,,
Meshuggah,Perpetual Black Second,,,,,,,
Le Tigre,Lt Tour Theme,,,,,,,
Prince,Alphabet St.,,,,,,,
Tragedy,Recurring Nightmare,0.4,0.6,0.4,0.2,1.0,0.2,0.2
Hard-Fi,Little Angel,,,,,,,
Tragedy,The Intolerable Weight,,,,,,,
The Cure,(I Don'T Know What'S Going) On,,,,,,,
The Cranberries,I Just Shot John Lennon,,,,,,,
The Cranberries,I Really Hope,,,,,,,
Procol Harum,Whiter Shade Of Pale,,,,,,,
Contemporary Noise Quintet,P.I.G.,,,,,,,
Hanoi Rocks,Ice Cream Summer,,,,,,,
Jewel,Little Sister,,,,,,,
Hanne Hukkelberg,Displaced,,,,,,,
Jets To Brazil,Lemon Yellow Black,,,,,,,
Hanoi Rocks,11Th Street Kids,,,,,,,
Broken Social Scene,Lover'S Spit (Redux),0.6,0.6,0.8,0.8,0.4,0.2,0.8
Bob Dylan,Tonight I'Ll Be Staying Here With You,,,,,,,
Jets To Brazil,Chinatown,,,,,,,
Shakira,Que Me Quedes Tu,,,,,,,
Hanoi Rocks,Don'T Never Leave Me,,,,,,,
Sarah Mclachlan,Answer,,,,,,,
Lcd Soundsystem,Yeah (Pretentious Mix),,,,,,,
Einstürzende Neubauten,Selbstportrait Mit Kater,,,,,,,
Flying Lotus,Untitled #7,,,,,,,
The Prodigy,Phoenix,,,,,,,
Brightblack Morning Light,Fry Bread,,,,,,,
Paul Simon,Something So Right,,,,,,,
Lawrence,Falling Down A Dam Of Mashed Potatoes,,,,,,,
Dave Matthews Band,Lie In Our Graves,,,,,,,
Dave Matthews Band,When The World Ends (Oakenfold Remix),,,,,,,
Timo Maas,First Day,,,,,,,
Jill Johnson,Just To Know What You'Ve Been Dreaming,,,,,,,
Common,The Game,,,,,,,
Amon Tobin,Switch,,,,,,,
Beck,Broken Drum (Boards Of Canada Remix),,,,,,,
Amon Tobin,People Like Frank,,,,,,,
Jieva,Raudoni Vakarai,,,,,,,
Blacklisted,Tourist,,,,,,,
Hank Williams Iii,Satan Is Real,,,,,,,
Jets To Brazil,You'Re Having The Time Of My Life,,,,,,,
The Stands,Always Is The Same / Shine On,,,,,,,
The Stands,It'S Only Everything,,,,,,,
None More Black,Everyday Balloons,,,,,,,
Jewel,Adrian,,,,,,,
Bob Dylan,I'Ll Be Your Baby Tonight,,,,,,,
Enigma,The Roundabout,,,,,,,
Bloc Party,The Marshals Are Dead (Epworth Version),,,,,,,
Bloc Party,Price Of Gasoline (Automato Remix),,,,,,,
Ennio Morricone,Gabriel'S Oboe,,,,,,,
Contemporary Noise Quintet,Walking Sin,,,,,,,
Sigur Rós,Ó Fridur,,,,,,,
Bloc Party,She'S Hearing Voices (Erol Alkan'S Calling Your Dub),,,,,,,
Erik Mongrain,La Derniere Pluie,,,,,,,
Ignite,Bleeding,,,,,,,
Iggy Pop,Neighborhood Threat,,,,,,,
Vanessa Hudgens,Let Go,0.8,0.6,0.6,0.8,0.2,0.4,0.6
Ballboy,Donald In The Bushes With A Bag Of Glue,,,,,,,
Metallica,Overkill,,,,,,,
The Animals,We'Ve Gotta Get Out Of This Place,,,,,,,
Vanessa Hudgens,Never Underestimate A Girl,,,,,,,
Lavender Diamond,Open Your Heart,0.8,0.8,0.8,1.0,0.0,0.2,0.4
Vanessa Paradis,Be My Baby,,,,,,,
Sodom,Outbreak Of Evil,,,,,,,
Broken Social Scene Presents Kevin Drew,Safety Bricks,,,,,,,
Savage Garden,The Lover After Me,,,,,,,
Brightblack Morning Light,Amber Canyon Magik,,,,,,,
Jennifer Rush,The Power Of Love,,,,,,,
Shakira,No  (Artista Invitado Gustavo Cerati),,,,,,,
Jenny Owen Youngs,Keys Out Lights On,,,,,,,
Shakira,No Creo (Mtv Unplugged),,,,,,,
Noisettes,Iwe,,,,,,,
Handsome Furs,Legal Tender,,,,,,,
Handsome Furs,Hearts Of Iron,,,,,,,
Handsome Furs,Snakes On The Ladder,0.4,0.6,0.4,0.6,0.8,0.4,0.4
The Cure,Fight,,,,,,,
Lovage,Strangers On A Train,,,,,,,
Amon Tobin,Sultan Drops,,,,,,,
Lovage,Archie & Veronica,,,,,,,
Desaparecidos,$$$$,,,,,,,
Ariel Pink'S Haunted Graffiti,For Kate I Wait,,,,,,,
Common,Go! (Feat. John Mayer & Kanye West),,,,,,,
Flykkiller,Controlled Environment,,,,,,,
Noisettes,Mind The Gap,,,,,,,
Einstürzende Neubauten,Heaven Is Of Honey,,,,,,,
The Police,Synchronicity I,,,,,,,
Flykkiller,Fear,,,,,,,
The Who,I Am The Sea,,,,,,,
Laurel Music,No One Wants Forever #1,,,,,,,
Laura Veirs,Icebound Stream,,,,,,,
Flyleaf,Perfect,,,,,,,
The Pointer Sisters,Jump (For My Love),,,,,,,
Laura Veirs,Cool Water,,,,,,,
Method Man & Redman,Da Rockwilder,,,,,,,
Bright Eyes,The Invisible Gardener,,,,,,,
Brighter,Inside Out,,,,,,,
Sarah Brightman,Free,,,,,,,
Type O Negative,Too Late: Frozen,,,,,,,
Sarah Brightman,Dust In The Wind,,,,,,,
16 Horsepower,Hutterite Mile,,,,,,,
Descendents,When I Get Old,,,,,,,
The Cramps,Hypno Sex Ray,0.2,0.4,0.2,0.0,0.8,0.4,0.2
Descendents,I'M Not A Punk,,,,,,,
Descendents,Marriage,,,,,,,
Descendents,Parents,,,,,,,
Descendents,Get The Time,,,,,,,
Jens Lekman,Maple Leaves (Ep Version),,,,,,,
Akcent,Jokero,,,,,,,
Ajda Pekkan,Son Yolcu,,,,,,,
Akala,Shakespeare,,,,,,,
Primus,Southbound Pachyderm,,,,,,,
Jens Lekman,Psychogirl,,,,,,,
Sara Bareilles,Many The Miles,,,,,,,
Vanessa-Mae,Classical Gas,,,,,,,
Sarah Blasko,Always Worth It,,,,,,,
The Prodigy,Speedway,,,,,,,
The Adored,Tell Me Tell Me,,,,,,,
The Adverts,Bored Teenagers,,,,,,,
Alkaline Trio,Blue Carolina,,,,,,,
M83,I'M Getting Closer,,,,,,,
Blink-182,Wendy Clear,,,,,,,
Pearl Jam,Whipping,,,,,,,
Proyecto Uno,Trabajando En El Sol,,,,,,,
Psapp,About Fun,,,,,,,
Switchfoot,Sooner Or Later (Soren'S Song),,,,,,,
Copeland,You Love To Sing,,,,,,,
Hammerfall,Legacy Of Kings,,,,,,,
Combichrist,Tractor (Edit),,,,,,,
Nujabes,Battlecry,,,,,,,
Combichrist,Bulletfuck,,,,,,,
Combichrist,Vater Unser,,,,,,,
Nofx,Dig,,,,,,,
Beck,Face,,,,,,,
Engenheiros Do Hawaii,Muros E Grades,,,,,,,
Transvestite Vamp,Baby I Don'T Care,,,,,,,
Hammerfall,Heeding The Call,,,,,,,
Dark Tranquillity,Midway Through Infinity,,,,,,,
Dark Tranquillity,White Noise/Black Silence,,,,,,,
The Adverts,Safety In Numbers,,,,,,,
Dark Tranquillity,Nether Novas,,,,,,,
Efterklang,Horseback Tenors,,,,,,,
Efterklang,Caravan,,,,,,,
Anthrax,Safe Home,,,,,,,
Vangelis,Conquest Of Paradise,,,,,,,
Pearl Jam,Once (Remix),,,,,,,
Anthrax,Death From Above,,,,,,,
Vangelis,Tales Of The Future,,,,,,,
The Pink Spiders,Teenage Graffiti,,,,,,,
Bruce Channel,Hey Baby,,,,,,,
Bruce Dickinson,Book Of Thel,,,,,,,
Type O Negative,Everything Dies,,,,,,,
Jimi Hendrix,Message Of Love,,,,,,,
Type O Negative,Everyone I Love Is Dead,0.4,0.8,0.2,0.4,0.8,0.4,0.6
Jimi Hendrix,Long Hot Summer Night,,,,,,,
Noah And The Whale,Rocks And Daggers,,,,,,,
Noah And The Whale,Second Lover,,,,,,,
The Spill Canvas,3685,,,,,,,
Skalpel,Deep Breath,,,,,,,
Nuclear Assault,Game Over,,,,,,,
Noémi,Y.O.U,,,,,,,
Yazoo,Tuesday,,,,,,,
Noah And The Whale,Mary,,,,,,,
16 Horsepower,Coal Black Horses,,,,,,,
Uncle Tupelo,Slate,,,,,,,
Harold Budd & Brian Eno,The Chill Air,,,,,,,
Harrisons,Dear Constable,,,,,,,
Unwritten Law,Harmonic,,,,,,,
Lovedrug,Happy Apple Poison,,,,,,,
Copeland,Careful Now,,,,,,,
Van Morrison,The Way Young Lovers Do,,,,,,,
Bruce Dickinson,King In Crimson,,,,,,,
The Who,Baby Don'T You Do It,,,,,,,
Ashes Divide,Denial Waits,,,,,,,
Foo Fighters,Floaty,,,,,,,
Mew,Mica,,,,,,,
ムック,1R,,,,,,,
Savatage,Hall Of The Mountain King,,,,,,,
The Prodigy,Skylined,,,,,,,
Electric Six,She'S White,,,,,,,
Fleetwood Mac,Man Of The World,,,,,,,
The Pigeon Detectives,Keep On Your Dress,,,,,,,
Type O Negative,Angry Inch,,,,,,,
The Young Knives,Another Hollow Line,,,,,,,
Mewithoutyou,Orange Spider,,,,,,,
Jimmy Eat World,Clarity,,,,,,,
Mewithoutyou,The Dryness And The Rain,,,,,,,
Louis Armstrong,When The Saints Go Marching In,,,,,,,
Air,Highschool Lover (Theme From The Virgin Suicides),,,,,,,
Amorphis,Evil Inside,,,,,,,
The Specials,You'Re Wondering Now,,,,,,,
Louis Armstrong,On The Sunny Side Of The Street,,,,,,,
Psyclon Nine,Lamb Of God,,,,,,,
No Doubt,Waiting Room,,,,,,,
Amorphis,Ethereal Solitude,,,,,,,
The Cure,The Perfect Boy,,,,,,,
Switches,Message From Yuz,,,,,,,
Jimi Hendrix,Voodoo Chile (Slight Return),,,,,,,
The Spill Canvas,Himerus And Eros,,,,,,,
Hallucinogen,Fluoro Neuro Sponge,,,,,,,
The Cure,Sirensong,,,,,,,
Jimmy Cliff,Miss Jamaica,,,,,,,
The Young Knives,Tremblings Of Trails,,,,,,,
Bright Eyes,On My Way To Work,,,,,,,
Mf Doom,Go With The Flow,,,,,,,
Anthrax,Anthrax,,,,,,,
The Apples In Stereo,Show The World,,,,,,,
The Addictions,Candy,,,,,,,
The Apples In Stereo,She'S Just Like Me / Taking Time,,,,,,,
Billy Miles,Feelin' Me,,,,,,,
Bang Gang,Everything'S Gone,,,,,,,
Iko,Damage Report (Hymn At Deaths Door),,,,,,,
The Adicts,How Sad,,,,,,,
Pedro The Lion,Of Minor Prophets And Their Prostitute Wives,,,,,,,
Pedro The Lion,Of Up And Coming Monarchs,,,,,,,
Pedro The Lion,Rapture,,,,,,,
Jimmy Eat World,Over,,,,,,,
Skalpel,Split,,,,,,,
Public Enemy,911 Is A Joke,0.4,0.8,0.0,0.6,0.4,0.2,0.2
Skambankt,Dynasti,,,,,,,
Skalpel,Seaweed,,,,,,,
T. Rex,Dreamy Lady,,,,,,,
The Coral,Leaving Today,,,,,,,
Jem,Amazing Life,,,,,,,
The Corrs,Summer Sunshine,,,,,,,
Nuspirit Helsinki,Silent Steps,,,,,,,
Sweety,17岁不温柔,,,,,,,
The Coral,The Operator,,,,,,,
Number One Gun,Pretend,,,,,,,
T. Rex,Truck On (Tyke),,,,,,,
Pretty Girls Make Graves,Selling The Wind,,,,,,,
The Coral,So Long Ago,,,,,,,
The Stevenson Ranch Davidians,Getting By,,,,,,,
Foreign Objects,Disengage The Simulator,,,,,,,
Loveninjas,Keep Your Love,,,,,,,
Soilwork,Room No. 99,,,,,,,
Melanie C,Here It Comes Again (Radio Edit),,,,,,,
Lao Che,Zbawiciel Diesel,,,,,,,
Melanie C,I Turn To You,,,,,,,
Ashley Tisdale,Love Me For Me,,,,,,,
Ashley Tisdale,Intro,,,,,,,
Forget Cassettes,Nicholas,,,,,,,
Bruce Springsteen,Jungleland,,,,,,,
Eels,Bride Of Theme From Blinking Lights,,,,,,,
Bruno Coulais,Les Partitions,,,,,,,
Land Of Talk,Speak To Me Bones,,,,,,,
Micatone,Plastic Bags & Magazines,,,,,,,
Sanalejo,Mejor Que Tú No Hay Nada,,,,,,,
Micatone,Nomad,,,,,,,
Mice Parade,The Boat Room,,,,,,,
Ill Niño,When It Cuts,,,,,,,
Ill Niño,All The Right Words,,,,,,,
The Appleseed Cast,Mountain Halo,,,,,,,
Bloc Party,Your Visits Are Getting Shorter,,,,,,,
Madness,One Better Day,,,,,,,
Erykah Badu,In Love With You,,,,,,,
Paul Mccartney,The End Of The End,,,,,,,
The Academy Is...,Everything We Had,,,,,,,
Alkaline Trio,I Was A Prayer,,,,,,,
Alkaline Trio,Goodbye Forever,,,,,,,
The Appleseed Cast,February,,,,,,,
The Dandy Warhols,Mission Control,,,,,,,
The Dandy Warhols,The World The People Together (Come On),,,,,,,
Joan Armatrading,Love And Affection,,,,,,,
Colleen,Mining In The Rain,,,,,,,
Colleen,Ritournelle,,,,,,,
Hadouken!,Spend Your Life,,,,,,,
Lou Reed / John Cale,Style It Takes,,,,,,,
Bob Marley & The Wailers,Coming In From The Cold,,,,,,,
Destruction,Life Without Sense,,,,,,,
No Age,Here Should Be My Home,,,,,,,
Public Image Ltd.,The Body,,,,,,,
Sweet,New York Connection,,,,,,,
Michael Bublé,Call Me Irresponsible,,,,,,,
The Damned,Psychomania,,,,,,,
Puff Daddy,I'Ll Be Missing You,,,,,,,
:Wumpscut:,Maiden,,,,,,,
:Wumpscut:,Line Of Corpses,,,,,,,
Michael Andrews,Philosophy Of Time Travel,,,,,,,
Four Tet,Alambradas,,,,,,,
Four Tet,Liquefaction,,,,,,,
Bright Eyes,A Celebration Upon Completion,0.6,0.4,0.8,0.4,0.6,0.6,0.4
Vasco Rossi,Ciao,,,,,,,
:Wumpscut:,Irak 1 (Second Take),,,,,,,
The Pains Of Being Pure At Heart,Orchard Of My Eye,,,,,,,
Vasco Rossi,Ogni Volta,,,,,,,
Lali Puna,Past Machine,,,,,,,
Joan Jett,Bad Reputation,,,,,,,
Lou Reed,Coney Island Baby,,,,,,,
Bryan Adams,Let'S Make A Night To Remember,,,,,,,
Vasco Rossi,Jenny È Pazza,,,,,,,
Fad Gadget,For Whom The Bells Toll,,,,,,,
Dethklok,Fansong,,,,,,,
T.A.T.U.,Dangerous And Moving (Intro),,,,,,,
Dethklok,Bloodtrocuted,,,,,,,
Tim Hecker,Palimpsest I,,,,,,,
Colle + Kaos + Piotta,Ciao Ciao,,,,,,,
The Cooper Temple Clause,What Have You Gone And Done?,,,,,,,
Prefuse 73,Uprock And Invigorate,,,,,,,
Dendemann,Gut Und Gerne,,,,,,,
Ennio Morricone,Once Upon A Time In The West,,,,,,,
Harumi,Fire By The River,,,,,,,
Saxon Shore,With A Red Suit You Will Become A Man,0.0,0.0,0.0,0.0,0.0,0.0,0.0
Brian Wilson,Wonderful,,,,,,,
Saxon Shore,The Shaping Of A Helpless Joy,0.0,0.0,0.0,0.0,0.0,0.0,0.0
The Cooper Temple Clause,Damage,,,,,,,
Shannon,Let The Music Play,,,,,,,
Jefferson Airplane,3/5 Of A Mile In 10 Seconds,,,,,,,
The Paddingtons,Some Old Girl,,,,,,,
Lali Puna,Nin-Com-Pop (T. Leboeg Remix),,,,,,,
I Am Kloot,To You,,,,,,,
Paul Anka,Diana,,,,,,,
Paul Giovanni And Magnet,Gently Johnny,0.6,0.6,0.4,0.8,0.2,0.2,0.6
Alkaline Trio,Steamer Trunk,,,,,,,
Paul Giovanni And Magnet,Corn Rigs,,,,,,,
The Ark,Let Me Down Gently,,,,,,,
Solex,Good Comrades Go To Heaven,,,,,,,
Dario Marianelli,Liz On Top Of The World,,,,,,,
I Am Kloot,Life In A Day,,,,,,,
Pendulum,Propane Nightmares V.I.P.,,,,,,,
Silje Nergaard,Be Still My Heart,,,,,,,
Prefuse 73,Female Demands,,,,,,,
Prefuse 73,Five Minutes Away,,,,,,,
Bob Marley & The Wailers,Crazy Baldhead,,,,,,,
Nine Inch Nails,The Downward Spiral (The Bottom),,,,,,,
Joanna Newsom,What We Have Known,,,,,,,
Skazi,Acelera,,,,,,,
Swayzak,I Dance Alone,,,,,,,
The Darkness,Christmas Time (Don'T Let The Bells End),,,,,,,
The Darling Buds,Angels Fallen,,,,,,,
Pulp,Trees,,,,,,,
Aidonia,Dont Bawl,,,,,,,
Sam Cooke,You Send Me,,,,,,,
Frameless,I Try,,,,,,,
The Ordinary Boys,Talk Talk Talk,,,,,,,
The Archies,Sugar Sugar,,,,,,,
Tool,Part Of Me (Live),,,,,,,
Lali Puna,Clear Cut,,,,,,,
Vashti Bunyan,Glow Worms,,,,,,,
Vashti Bunyan,Hebridean Sun,,,,,,,
Vasco Rossi,Va Be (Se Proprio Te Lo Devo Dire),,,,,,,
The Protomen,The Sons Of Fate,0.6,0.8,0.2,0.6,0.8,0.4,0.6
Franco Battiato,Centro Di Gravità Permanente,,,,,,,
Buck 65,The Floor,,,,,,,
Salim Nourallah,Nothing Ever Goes Right,,,,,,,
Sex Pistols,Should I Stay Or Should I Go,,,,,,,
Franco & Oscarcito,Amor Urbano,,,,,,,
Fair To Midland,Quince,,,,,,,
Gåte,Jomfruva Ingebjørg,,,,,,,
Puscifer,Rev 22:20 (Dry Martini Mix),,,,,,,
Coldplay,In My Place (New Album Version),,,,,,,
Gönül Akkor,Dargın Ayrılmayalım,,,,,,,
Traveling Wilburys,Dirty World,,,,,,,
Oasis,My Generation,,,,,,,
Hatebreed,A Lesson Lived Is A Lesson Learned,,,,,,,
Tracy Chapman,If Not Now...,,,,,,,
Tracy Chapman,Hard Wired,,,,,,,
Demons & Wizards,The Whistler,,,,,,,
Dapunksportif,Arabian Princess,,,,,,,
Blonde Redhead,Kazuality,,,,,,,
I Am Kloot,Here For The World,,,,,,,
Toots & The Maytals,54-46 That'S My Number,,,,,,,
The Ark,Father Of A Son,,,,,,,
The 69 Eyes,The Hills Have Eyes,0.4,0.8,0.2,0.6,0.8,0.4,0.4
Saint Etienne,Spring,,,,,,,
Alkaline Trio,Settle For Satin,,,,,,,
The Ark,Girl You'Re Gonna Get'Em (Real Soon),,,,,,,
Asian Dub Foundation,06 - Asian Dub Foundation - Modern Apprentice,,,,,,,
Sneaker Pimps,Curl,,,,,,,
Sneaker Pimps,Destroying Angel,,,,,,,
Say Hi,Toil And Trouble,,,,,,,
Say Hi,Spiders,,,,,,,
Lady Gaga,Poker Face (Jody Den Broeder Edit),,,,,,,
Edan,Funky Voltron (Feat. Insight),,,,,,,
Buckethead,Pink Eye,,,,,,,
Nine Inch Nails,Capital G (Epworth Phones 666 Revolutions),,,,,,,
Joe Satriani,Oriental Melody,,,,,,,
Joe Satriani,Belly Dancer,,,,,,,
Skid Row,Livin' On A Chain Gang,,,,,,,
Joe Satriani,Lords Of Karma,,,,,,,
Joe Satriani,Friends,,,,,,,
The Dead Milkmen,Life Is Shit,,,,,,,
Devendra Banhart,Owl Eyes,,,,,,,
Travis,Before You Were Young,,,,,,,
Axamenta,Incognation,,,,,,,
Nine Inch Nails,Down In It (Shred),,,,,,,
Pussycat Dolls,When I Grow Up (Wideboys Radio Edit),,,,,,,
Nine Inch Nails,Memorabilia,,,,,,,
Yellowcard,View From Heaven,,,,,,,
Björk,Generous Palmstroke,,,,,,,
The Offspring,Nothingtown,,,,,,,
The Zutons,It'S The Little Things We Do,,,,,,,
Lacuna Coil,Honeymoon Suite,,,,,,,
Hüsker Dü,Makes No Sense At All,,,,,,,
Toots & The Maytals,Redemption Song,,,,,,,
The 69 Eyes,L8R S8N,,,,,,,
Danzig,Devil'S Plaything,,,,,,,
M. Ward,Radio Campaign,,,,,,,
Wintersun,Beautiful Death,,,,,,,
