item_id,track_index,artist_name,track_name
1,2,高木正勝,change of seasons
2,4,aphex twin,fenix funk 5
3,8,prefuse 73,invigorate
4,12,boards of canada,into the rainbow vein
5,13,boards of canada,a moment of clarity
6,18,boards of canada,under the coke sign
7,49,boards of canada,constants are changing
8,47,boards of canada,ataronchronon
9,45,boards of canada,sherbet head
10,22,suzukiski,extra ignored
11,23,suzukiski,hibiya
12,24,suzukiski,dead death
13,25,suzukiski,cassette life
14,28,suzukiski,doodling
15,33,suzukiski,diode
16,34,suzukiski,school zone mix
17,36,suzukiski,hole of holes
18,37,suzukiski,ngd
19,32,cornelius,clap & whistle & walking
20,178,cornelius,the star spangle-gayo
21,38,高木正勝,early summer
22,40,高木正勝,botanica
23,41,高木正勝,wolcalosso
24,43,高木正勝,gelnia
25,44,高木正勝,bounce
26,267994,cyberfit,pojo pojo
27,62,björk,show me forgiveness
28,67,björk,vökuró
29,68,björk,öll birtan
30,70,björk,submarine
31,106,björk,oceania
32,107,björk,sonnets / unrealities xi
33,66,björk,there's more to life than this
34,121,大樹,dragon's gate
35,122,大樹,光の子
36,71,madlib,introduction
37,76,madlib,blue note interlude
38,78,madlib,funky blue note
39,79,madlib,alfred lion interlude
40,88,squarepusher,smedley's melody
41,91,squarepusher,goodnight jade
42,99,squarepusher,anirog d9
43,100,squarepusher,chin hippy
44,104,squarepusher,vic acid
45,110,cornelius,bug (electric last minute)
46,117,cornelius,i hate hate
47,135,高木正勝,cuba
48,137,高木正勝,opfern
49,144,clark,トラック 03
50,146,clark,トラック 05
51,148,clark,トラック 07
52,149,clark,トラック 08
53,150,clark,トラック 09
54,151,clark,トラック 10
55,375442,kaito,soul of heart
56,190,くるり,トランスファー
57,159,björk,frosti
58,162,björk,sun in my mouth
59,175,nitin sawhney,the conference
60,221,高木正勝,ice shadow
61,183,cornelius,toner
62,185,cornelius,scum
63,188,cornelius,like a rolling stone
64,192,björk,immature
65,194,björk,pluto
66,199,jackson and his computer band,minidoux
67,202,jackson and his computer band,hard tits
68,205,jackson and his computer band,moto
69,214,röyksopp,tristesse globale
70,224,高木正勝,cerulean
71,228,aphex twin,jynweythek ylow
72,296,gustavo santaolalla,the catch
73,207125,los incomparables,mujer hermosa
74,207123,gustavo santaolalla,into the wild
75,207124,gustavo santaolalla,look inside
76,329,herbert,wrong
77,307098,ben westbeech,so good today (yoruba soul remix)
78,379,plaid,tak 1
79,382,burial,[untitled]
80,183838,seal,amazing (thin white duke edit)
81,298794,minilogue,stations i
82,352659,steve reich,drumming: part iv
83,352657,steve reich,"tehillim, part iii: slow"
84,352647,steve reich,you are (variations): ii.  shiviti hashem l'negdi (i place the eternal before me)
85,307209,steve reich,"you are (variations): iv.  ehmor m'aht, v'ahsay harbay (say little and do much)"
86,352666,steve reich,triple quartet: first movement
87,352656,steve reich,triple quartet: second movement
88,352534,carl craig,science fiction
89,38346,razorlight,which way is out
90,206872,babyshambles,inst 119
91,38345,the strokes,modern age
92,206782,the vines,rainfall
93,206781,the vines,sun child
94,375410,sparks,perfume
95,38323,architecture in helsinki,kindling
96,38385,architecture in helsinki,city calm down
97,2445,modest mouse,ocean breathes salty
98,375477,lloyd cole,woman in a bar
99,299696,the veils,wires to flying birds
100,168730,christina aguilera,i'm ok
101,283254,biffy clyro,glitter and trauma
102,169161,sérgio mendes,magalenha
103,283268,the fratellis,billy
104,344515,terry gilkyson,the bare necessities
105,298815,sum 41,moron
106,164856,sum 41,t.h.t.
107,229859,less than jake,motown never sounded so good
108,306586,kent,berg & dalvana
109,107202,billy joel,it's still rock and roll to me
110,283405,the hoosiers,clinging on for life
111,38337,band of horses,our swords
112,299724,aereogramme,[untitled]
113,103539,the mars volta,tourniquet man
114,245489,sigur rós,23:20
115,245471,sigur rós,hannes
116,252661,better than ezra,closer
117,306868,simple plan,perfect (acoustic version)
118,283463,clueso,niemand an dich denkt
119,107229,michael cera & ellen page,anyone else but you
120,23298,jack johnson,situations
121,207063,we are scientists,textbook under the sea
122,207064,we are scientists,the great escape under the sea
123,176154,the submarines,the thorny thicket
124,176152,the submarines,1940
125,176153,the submarines,swimming pool
126,176074,the submarines,maybe
127,38450,sufjan stevens,redford (for yia-yia & pappou)
128,38347,sufjan stevens,ufo sighting
129,76763,sufjan stevens,a short reprise for mary todd
130,283305,boys night out,hold on tightly. let go lightly.
131,38375,taking back sunday,timberwolves at new jersey
132,314604,coheed and cambria,wake up clean
133,107780,sublime,paddle out
134,169119,simple plan,perfect
135,199276,t.i.,stand up guy
136,207458,30 seconds to mars,the kill (bury me)
137,275583,télépopmusik,breathe (extended mix)
138,311006,squarepusher,brain bug
139,107248,gipsy kings,a tu vera
140,306926,late night alumni,empty streets (seamus haji and paul emmanuel remix)
141,245124,spitalfield,lasting first impression
142,245123,spitalfield,"tell me, clarice"
143,245122,spitalfield,won't back down
144,245121,spitalfield,hold on
145,245120,spitalfield,better than knowing where you are
146,245119,spitalfield,secrets in mirrors
147,245118,spitalfield,on the floor
148,299235,sneaker pimps,spin spin sugar (armand van helden mix)
149,314215,northstar,to my better angel
150,268105,bob dylan,all the tired horses
151,168595,cajmere feat dajae,say u will
152,299291,vitalic,candy
153,191511,creedence clearwater revival,walkin' on the water
154,191520,the doors,orange county suite
155,207056,soulwax,the truth is so boring
156,168418,zzt,lower state of consciousness (justice remix)
157,168433,boys noize,oh!
158,307019,mr. oizo,drop urge need elle
159,283927,ane brun,this road (feat. lars bygdén)
160,283928,ane brun,stop (feat. liv widell)
161,283929,ane brun,across the bridge (feat. ellekari larsson)
162,283930,ane brun,easier (feat. tingsek)
163,283931,ane brun,love & misery (feat. tobias fröberg)
164,283932,ane brun,such a common bird (feat. wendy mcneill)
165,345385,antony and the johnsons,be my husband
166,314378,pretty balanced,perfect timing
167,314379,pretty balanced,the christmas song
168,314696,beady belle,when my anger starts to cry
169,42826,the tea party,the bazaar
170,107322,john barry,the persuaders theme
171,169122,manic street preachers,autumnsong
172,176223,holly golightly,tell me now so i know
173,38443,badly drawn boy,i was wrong
174,7759,buckethead,big sur moon
175,7794,rhapsody of fire,in tenebris
176,169167,fergie,barracuda
177,207162,meligrove band,planets conspire
178,7986,esra,mr.zebra
179,283740,hungry lucy,open window (chandeen mix)
180,8019,halou,separation
181,8065,john murphy,then there were 2
182,268068,simon & garfunkel,you can tell the world
183,8173,sondre lerche,love you
184,126945,lloyd cole and the commotions,are you ready to be heartbroken?
185,8250,yeti,insect-eating man
186,207369,out hud,the zillionth watt
187,299229,esthero,junglebook
188,207456,radiohead,planet telex (hexidecimal mix)
189,214399,sharon jones and the dap-kings,be easy
190,169011,shaggy,hey sexy lady
191,38448,jens lekman,i saw her in the anti war demonstration
192,375256,harry nilsson,remember
193,206921,say hi to your mom,blah blah blah
194,314095,gabriella cilmi,sit in the blues
195,291169,gabriella cilmi,don't wanna go to bed now
196,168452,joy zipper,sunstroke
197,314255,margot & the nuclear so and so's,talking in code
198,299194,uh huh her,wait another day
199,214541,poe,dear johnny
200,38467,sunset rubdown,q-chord
201,314242,the album leaf,brennivin
202,42827,the tea party,temptation
203,168471,junior senior,dynamite
204,237334,man man,big trouble
205,237333,man man,hurly/burly
206,237335,man man,easy eats or dirty doctor galapagos
207,237336,man man,harpoon fever (queequeg's playhouse)
208,168607,heartsrevolution,ultraviolence
209,306368,crystal antlers,a thousand eyes
210,168427,alan braxe,addicted
211,168445,kid,i'll never know
212,375704,bingoboys,no communication
213,122585,dancing djs vs. roxette,fading like a flower (radio edit)
214,291211,cascada,ready for love (album version)
215,307095,pryda,rymd
216,183745,céline dion,taking chances
217,168779,robbie williams,tripping
218,275603,the prodigy,fuzz fucking
219,275617,the prodigy,abnormal bunx
220,376122,sergio del rio,parazaar (gambafreaks vs. fedo mix)
221,183947,céline dion,eyes on me
222,376029,dj halou sentello,sentello
223,291153,holly valance,down boy
224,291318,overseer,skylight
225,307104,cassius,toop toop (cassius reggae rock mix)
226,184036,scooter,how much is the fish?
227,38511,massive attack,atta' boy
228,306905,sleeparchive,acd-voice
229,168568,heiko voss,i think about you (original mix)
230,299445,explosions in the sky,die
231,298745,sascha funke,when will i be famous
232,245368,modeselektor,new berlin loft
233,291017,dj koze,chiminea
234,268018,markus guentner,sommergewitter
235,376274,swayzak,smile and receive (apparat remix)
236,321613,carl thomas,summer rain
237,183990,janet jackson,"any time, any place"
238,314730,ali farka touré,i go ka
239,321620,mario,just a friend 2002
240,306959,kaskade,sweet love
241,191957,mattafix,to and fro
242,283755,switchblade symphony,chain
243,306915,angels & agony,foreward (album version)
244,99531,nox arcana,alhazred's vision
245,99532,nox arcana,necronomicon
246,99533,nox arcana,ancient shadows
247,99621,nox arcana,the black throne
248,99622,nox arcana,nyarlathotep
249,99623,nox arcana,temple of the black pharaoh
250,99624,nox arcana,eldritch rites
251,99625,nox arcana,the haunter of the dark
252,99653,nox arcana,the awakening
253,99654,nox arcana,yog-sothoth
254,183931,dave gahan,kingdom (ralphi rosario & jody db club mix)
255,99663,marilyn manson,cleansing
256,76602,pink floyd,the show must go on
257,307006,the drill,the drill (original mix)
258,299081,celldweller,birthright (beta 1.0)
259,191905,immortal technique,speak your mind
260,306660,jethro tull,"too old to rock 'n' roll, too young to die"
261,199170,madvillain,rhinestone cowboy
262,314111,wu-tang clan,the closing
263,376293,transatlantic,all of the above
264,314116,ice cube,the drive-by
265,199156,jeru the damaja,jungle music
266,299015,(həd) p.e.,crazy life
267,299013,(həd) p.e.,dangerous
268,299014,(həd) p.e.,get away
269,199195,atmosphere,a girl named hope
270,199189,atmosphere,godlovesugly reprise
271,376279,frank zappa,heavenly bank account
272,376280,frank zappa,suicide chump
273,299447,gong,radio gnome invisible
274,306746,yes,time is time
275,229658,yes,lightning strikes
276,306782,yes,can i?
277,306783,yes,if only you knew
278,306784,yes,the messenger
279,229697,wigwam,rockin' ol' galway
280,229839,wigwam,petty-bourgeois
281,229679,wigwam,pride of the biosphere
282,229678,wigwam,crisader
283,299726,gentle giant,dog's life
284,306677,gentle giant,think of me with kindness
285,306802,spock's beard,"ladies and gentlemen, mister ryo okumoto on the keyboards"
286,306799,spock's beard,southside of the sky
287,275639,q-unique,the ugly place
288,38423,black star,intro
289,199278,the rolling stones,"mercy, mercy"
290,245427,frank zappa,why does it hurt when i pee
291,245428,frank zappa,lucille has messed my mind up
292,245429,frank zappa,scrutinizer postlude
293,245449,frank zappa,keep it greasey
294,306685,gentle giant,way of life
295,306686,gentle giant,experience
296,329199,wishbone ash,no easy road
297,299656,robert wyatt,little red riding hood hit the road
298,299655,robert wyatt,alifib
299,15701,minutemen,there ain't shit on t.v. tonight
300,15508,blur,lot 105
301,15312,they might be giants,lady is a tramp
302,15507,they might be giants,boat of car
303,15347,animal collective,sweet road
304,15468,danko jones,i'm alive and on fire
305,15493,theodore shapiro & lee mars,baxter theme
306,15509,they might be giants,for science
307,15556,morphine,miles davis' funeral
308,15584,the blood brothers,james brown
309,15613,boards of canada,dandelion
310,15617,boards of canada,kaini industries
311,199792,love and rockets,no new tale to tell
312,168424,wylde ratttz,t.v. eye
313,168425,grant lee buffalo,the whole shebang
314,275582,hôtel costes,full cd
315,307297,henry mancini,experiment in terror
316,207368,out hud,"hair dude, you're stepping on my mystique"
317,299376,henry cow,arcades
318,376375,jaga jazzist,swedenborgske rom (spydeberg demo)
319,267970,fred everything,elevate (maurice fulton remix)
320,306888,osunlade,everything is in it's right place
321,206772,interpol,pda (black session)
322,168570,ween,the hiv song
323,122567,madonna,hung up (radio edit)
324,375178,the beatles,strawberry fields forever (remix 26)
325,306935,stereolab,margerine melodie
326,283850,ani difranco,deep dish
327,268120,charlie parker,all the things you are
328,284046,billie holiday,lover man
329,245288,ilkae,sweet tooth subway
330,207229,"the good, the bad & the queen",back in the day
331,199730,orbital,satan (live in new york city)
332,329166,charlie parker,quasimodo
333,245491,boards of canada,music for pylons
334,245378,boards of canada,geometric piss
335,245347,boards of canada,rodox video + happy cycling
336,245343,squarepusher,plaistow flex out
337,119065,the olivia tremor control,black foliage (animation 1)
338,168596,nina hagen,wir leben immer noch (lucky number)
339,206817,sonic youth,pièce enfantine
340,199577,wendy carlos,"theme from ""clockwork orange"""
341,375425,pronoia,janine
342,199268,hot chip,from drummer to driver
343,290921,au,rr vs. d
344,38389,spoon,cvantez
345,199267,hot chip,hittin' skittles
346,376365,kraftwerk,uran
347,199672,erasure,make me smile (come up and see me)
348,206857,stereolab,brigitte
349,245342,squarepusher,go! spastic
350,19696,of montreal,sadness creeping up and scaring away the couple's happiness
351,168438,the presets,girl (you chew my mind up)
352,307123,alaska in winter,berlin
353,168608,grovesnor,drive your car (hot chip remix)
354,119070,of montreal,mimi merlot (beatnik version)
355,376299,squarepusher,quadrature
356,376300,squarepusher,yes sequitur
357,352374,depeche mode,policy of truth (capitol mix)
358,352590,alan braxe,intro
359,207204,the thermals,keep time
360,260533,nirvana,"endless, nameless (radio appearance, 1991)"
361,344514,cuppycake,you're my honeybunch
362,99903,nine inch nails,a violet fluid
363,283555,faith and the muse,scars flown proud
364,42801,paradise lost,jaded
365,298855,:wumpscut:,auf der jagd
366,314884,laibach,españa
367,299601,björk,"bachelorette (mark bell ""blue"" remix)"
368,214479,stina nordenstam,the end of a love affair
369,160837,old man gloom,girth and greed
370,283946,sofia talvik,blue highway
371,314797,asva,by the well of living and seeing
372,298993,psyclon nine,visceral holocaust
373,298991,psyclon nine,flesh harvest
374,298992,psyclon nine,scar of the deceiver
375,298898,:wumpscut:,hard to bear
376,298895,:wumpscut:,rusty nails from hell
377,298900,:wumpscut:,foretold
378,298899,:wumpscut:,moloch
379,260604,kult,"posłuchaj, to do ciebie"
380,298935,die sektor,through glass
381,352261,death in june,heilige tod
382,298934,die sektor,in the arms of eternity
383,168838,rbd,tu amor
384,314269,jack off jill,american made
385,283685,mortiis,across the world of wonders
386,168644,she wants revenge,it's just begun
387,99685,meat beat manifesto,martenot waves
388,283796,mortiis,marshland
389,103535,stacie orrico,stuck
390,275668,eddy grant,do you feel my love
391,191719,the black crowes,sister luck
392,191714,the black crowes,thick n' thin
393,291472,audiovent,gravity
394,291544,silverchair,cicada
395,191860,the jeff healey band,badge
396,38476,the bravery,give in
397,283321,nina simone,feelin' good (joe claussell remix)
398,283351,lostprophets,to hell we ride
399,214397,little barrie,freeprise
400,176243,suede,love the way you love
401,23250,bromheads jacket,lesley parlafitt
402,23348,silverchair,minor threat
403,23726,levy,you be sweet
404,23766,brakes,heard about your band
405,291459,stone temple pilots,long way home
406,23541,the dead 60s,a different age
407,214634,the helio sequence,everyone knows everyone
408,367525,catherine anne davies,long year
409,23724,the vines,gross out
410,199880,leftfield,storm 3000
411,23723,zero 7,left behind
412,291378,stone temple pilots,coma
413,314567,orson,already over
414,222527,six organs of admittance,attar
415,23835,aphrodite,interlude - gig in the junkyard
416,176219,howlin rain,calling lightning with a scythe
417,283392,switchfoot,only hope
418,291552,silverchair,pure massacre
419,307139,buffalo springfield,for what its worth
420,38531,band of horses,weed party
421,24154,bromheads jacket,orton's intro
422,222018,black label society,crazy or high
423,283316,funeral for a friend,into oblivion
424,268057,the who,had enough
425,268062,the who,don't let go the coat
426,283373,josh kelley,only you
427,191668,kiss,crazy crazy nights
428,299212,justin nozuka,be back soon
429,306414,teddy thompson,shine so bright
430,157288,nirvana,opinion (solo acoustic radio appearance)
431,291338,l7,shirley
432,38407,iron & wine,love and some verses
433,207338,muse,"map of the problematique (does it offend you, yeah? remix)"
434,107263,little richard,lucille
435,38501,david-ivar herman düne,an afternoon dance party
436,38414,devendra banhart,sister
437,103528,buddy holly,that'll be the day
438,314481,hevia,naves
439,284122,joni mitchell,big yellow taxi (2007)
440,284189,clannad,almost seems (too late to turn)
441,299430,stephane deprost,louis
442,376402,ry cooder,don't call me red
443,284235,sarah mclachlan,out of the shadows
444,176129,foo fighters,doa (demo)
445,291182,britney spears,(you drive me) crazy (the stop remix!)
446,168868,christina aguilera,i got trouble
447,191744,enya,dan y dwr
448,191920,john denver,"poems, prayers and promises"
449,260339,red hot chili peppers,blues for meister
450,306714,marillion,warm wet circles
451,306331,paavoharju,musta katu
452,375174,seth lakeman,garden of grace
453,191662,enya,lazy days
454,38405,the boy least likely to,fur soft as fur
455,191391,jon bon jovi,mister big time
456,206731,westlife,i lay my love on you
457,207324,ray lamontagne,gone away from me
458,191495,enya,we wish you a merry christmas
459,314449,hole,good sister/bad sister
460,206870,radiohead,the national anthem (live)
461,103512,james s. taylor,fire and rain
462,214381,glenn miller,rhapsody in blue
463,314482,hevia,si la nieve
464,375154,seth lakeman,the riflemen of war
465,122493,eels,"souljacker, part i"
466,99673,red hot chili peppers,sex rap
467,191821,enya,deireadh an tuath
468,206775,helmet,fbla
469,207201,static-x,reptile
470,306815,alice in chains,bleed the freak (demo)
471,306318,devendra banhart,roots (if the sky were a stone)
472,283746,vienna teng,anna rose
473,207325,ray lamontagne,"truly, madly, deeply"
474,283579,gåte,sjå attende
475,298824,"crosby, stills, nash & young",wooden ships
476,176123,pete yorn,sense
477,207321,ray lamontagne,within you
478,38406,the microphones,i am bored
479,191678,the lemonheads,plaster caster
480,206798,static-x,push it
481,291519,kitaro,theme from silk road
482,103533,mcfly,unsaid things
483,252662,better than ezra,recognize
484,306624,green day,the grouch
485,207323,ray lamontagne,you can bring me flowers
486,283248,tonic,if you could only see (acoustic)
487,191973,jewel,sweet home alabama
488,38530,band of horses,wicked gil
489,38338,band of horses,part one
490,375132,secret garden,windancer
491,283859,enya,sumiregusa (wild violet)
492,283472,terra naomi,say it's possible
493,176143,pete yorn,for nancy ('cos it already is)
494,38454,iron & wine,muddy hymnal
495,206886,screaming trees,alice said
496,291291,the rockfords,adelaide
497,291292,the rockfords,flashes
498,291293,the rockfords,coat of arms
499,375538,ryan cabrera,enemies
500,176240,dr. dog,100 years
501,298684,muddy waters,still a fool
502,191566,b.b. king,all over again
503,314527,booker t. & the mg's,soul dressing
504,206909,robert johnson,love in vain
505,176092,shuggie otis,sweet thang
506,169048,chris cornell,no such thing
507,69329,whitesnake,we wish you well
508,69065,van halen,spanish fly
509,207322,ray lamontagne,barfly
510,291487,accept,princess of the dawn
511,191404,w.a.s.p.,paint it black
512,229713,david lee roth,yankee rose
513,299131,pete murray,fly with you
514,291442,accept,wrong is right
515,191769,styx,borrowed time
516,191565,van halen,black and blue
517,191596,zz top,gun love
518,169141,hilary duff,play with fire
519,283922,tracy chapman,material world
520,314706,buddy guy,stone crazy
521,314532,b.b. king,how blue can you get?
522,191717,.38 special,like no other night
523,306397,p!nk,who knew?
524,191706,asia,sole survivor
525,191707,asia,one step closer
526,291294,the rockfords,riverwide
527,191709,asia,wildest dreams
528,27458,ufo,arbory hill
529,291059,delta goodrem,believe again
530,329340,uriah heep,spider woman
531,299446,caravan,"surprise, surprise"
532,214489,delta goodrem,running away
533,306804,foreigner,say you will
534,191595,cinderella,shake me
535,191499,great white,rock me
536,307022,delta goodrem,believe again (tommy trash remix)
537,191638,kingdon come,get it on
538,168468,ryan adams,hypnotixed
539,314704,diana krall,42nd street
540,30660,bad religion,how much is enough?
541,191683,the black crowes,struttin' blues
542,207261,murder by death,you are the last dragon
543,311048,amon tobin,cujo-superstars of rock - apol
544,291473,stone temple pilots,kitchen ware & candy bars
545,314826,jimmy chamberlin complex,loki cat (reprise)
546,31164,queens of the stone age,this lullaby
547,107241,inspiral carpets,butterfly
548,207481,muse,sing for absolution (live)
549,207455,muse,muscle museum (1)
550,329380,the pineapple thief,and so say all of you
551,30886,minor threat,i don't wanna hear it
552,31104,the briefs,year long summer
553,31006,minor threat,screaming at a wall
554,30814,the briefs,piss on the youth
555,31247,baseball furies,set me on fire
556,306310,clann zú,all the people now
557,31090,neko case,outro with bees
558,30771,chixdiggit!,welcome to the daiso
559,30944,the marked men,so what
560,30856,minor threat,bottled violence
561,30866,minor threat,straight edge
562,31180,chixdiggit!,earthquake
563,30939,a wilhelm scream,congratulations
564,31026,descendents,this place
565,30637,bad religion,can't stop it
566,31194,maximum rnr,trust us
567,31251,the marked men,don't lose it
568,30736,paint it black,the pharmacist
569,31035,minor threat,minor threat
570,30842,minor threat,filler
571,31143,7 seconds,all came undone
572,31145,7 seconds,this is temporary
573,31147,7 seconds,say my thanks
574,31148,7 seconds,big fall
575,31149,7 seconds,stand here and just stare
576,31025,the sadies,i tried not to
577,30763,the agnostic mountain gospel choir,stay here for awhile
578,30876,the agnostic mountain gospel choir,north country grass
579,30878,the agnostic mountain gospel choir,vinegar & piss
580,30933,the agnostic mountain gospel choir,bouncin' betty
581,30784,the agnostic mountain gospel choir,"lighten up, would ya?"
582,30768,the mighty mighty bosstones,lights out
583,30774,screeching weasel,supermarket fantasy
584,30776,screeching weasel,cindy's on methadone
585,30809,screeching weasel,leather jacket
586,30797,cave in,perfect pitch black
587,30947,the weakerthans,illustrated bible stories for children
588,30836,propagandhi,impending halfhead
589,30838,propagandhi,superbowl patriot xxxvi
590,145941,brian wilson,barnyard
591,30896,latterman,"my bedroom is like for artists, part 2"
592,30900,latterman,dear boys
593,30967,the briefs,move too slow
594,30971,the briefs,my girl (wants to be a zombie)
595,30987,with honor,up and out
596,30989,with honor,bottoms up
597,31020,lagwagon,rager
598,31022,lagwagon,creepy
599,31041,the bouncing souls,say anything
600,31043,the bouncing souls,low life
601,31045,the bouncing souls,east side mags
602,31046,the bouncing souls,the toilet song
603,31048,the bouncing souls,whatever i want (whatever that is)
604,31249,the bouncing souls,shark attack
605,31088,buzzcocks,oh shit!
606,31094,rocket from the crypt,middle
607,31112,black flag,spray paint
608,31117,black flag,police story
609,31204,the invisible eyes,no words
610,31205,the invisible eyes,yma
611,31209,the invisible eyes,trapezoid stomp
612,31232,the invisible eyes,whiskey vampire
613,290926,neko case,no need to cry
614,306608,green day,tight wad hill
615,229862,reel big fish,i'll never be
616,229690,reel big fish,the set up (you need this)
617,229691,reel big fish,thank you for not moshing
618,229681,reel big fish,everything is cool
619,245186,big d and the kids table,breaking the bottle
620,176090,tom waits,rains on me
621,245218,career suicide,out of the fray
622,306313,clann zú,lights below
623,306618,bad religion,bored and extremely dangerous
624,176232,black mountain,bicycle man
625,229874,rancid,back up against the wall
626,306312,clann zú,all that you've ever known
627,245188,alkaline trio,buried
628,298559,dropkick murphys,noble
629,245253,fake problems,degree'd or denounced
630,245254,fake problems,cannonball
631,245255,fake problems,caravan of courage
632,38382,the black keys,aeroplane blues
633,314754,texas,white on blonde
634,38498,m83,can't stop
635,314965,the legends,hide away
636,206924,tap tap,the reason i'm here
637,191514,the doors,peace frog (false starts & dialogue)
638,314615,the clash,white riot (single version)
639,168437,the presets,hill stuck
640,222268,marine girls,shell island
641,375562,the fine arts showcase,chemical girl
642,299135,the breeders,the she
643,299134,the breeders,forced to drive
644,237340,black tambourine,can't explain
645,299554,girls in hawaii,found in the ground
646,206942,one for the team,take cover
647,375246,the shortwave set,yr room
648,168484,white rabbits,reprise
649,207510,throw me the statue,about to walk
650,168483,white rabbits,i used to complain now i don't
651,306349,the amps,empty glasses
652,206937,say hi to your mom,not as goth as they say we are
653,176226,dr. dog,from
654,207059,the ruby suns,function of the sun
655,176242,dr. dog,uncovering the old
656,207511,throw me the statue,stupid stone
657,207316,sleeping states,planning my escape
658,168626,dr. dog,keep a friend
659,207512,throw me the statue,groundswell
660,91924,queens of the stone age,the real song for the deaf
661,260493,akira yamaoka,killing time
662,283334,30 seconds to mars,the battle of one
663,260571,roland orzabal,mad world
664,314825,jimmy chamberlin complex,owed to darryl
665,38417,nine inch nails,adrift and at peace
666,260512,sandra nasic,the name of my baby
667,126949,the unicorns,unknown title
668,252721,minus the bear,"you're some sort of big, fat, smart-bug, aren't you?"
669,38336,band of horses,the first song
670,38532,band of horses,i go to the barn because i like the
671,38534,band of horses,st. augustine
672,38391,sufjan stevens,"john wayne gacy, jr."
673,191998,frou frou,old piano
674,38404,final fantasy,back
675,38334,tilly and the wall,a perfect fit
676,376162,her space holiday,pictures of music
677,199397,a tribe called quest,his name is mutty ranks
678,191581,enya,fallen embers
679,298685,aphex twin,ventolin (asthma beats mix)
680,38514,the flaming lips,this here giraffe
681,38296,yo la tengo,madeline
682,38277,the microphones,sweetheart sleep tight
683,38278,frog eyes,the secret map flees from plurality
684,38280,figurines,race you
685,38282,the clientele,enigma
686,38285,the books,a little longing goes away
687,38286,deerhoof,our angel's ululu
688,38287,the fiery furnaces,birdie brain
689,38290,the aluminum group,miss tate
690,38294,the aluminum group,impress me
691,38348,wilco,heavy metal drummer
692,126944,mc5,i just don't know
693,38302,the dan band,total eclipse of the heart
694,38304,ok go,a million ways
695,38473,seu jorge,rebel rebel
696,38307,weezer,the other way
697,38311,neutral milk hotel,"the king of carrot flowers, part one"
698,38312,the beatles,the word
699,38314,pavement,pueblo
700,38316,wilco,hotel arizona
701,38319,pixies,holiday song
702,38326,wilco,outta mind (outta sight)
703,38457,the magnetic fields,time enough for rocking when we're old
704,199919,new order,regret (fire island mix)
705,38380,moby,at least we tried
706,38441,m83,i guess i'm floating
707,38332,the books,ps
708,298772,amon tobin,verbal (boom bip remix)
709,298679,orbital,satan (industry standard edit)
710,38329,the fiery furnaces,crystal clear
711,38331,the microphones,you were in the air
712,38395,neutral milk hotel,[untitled]
713,73597,tapes 'n tapes,my name's not heratio
714,38333,tilly and the wall,fell down the stairs
715,38352,colin hay,colin james hay - overkill (acoustic)
716,38340,andrew bird,[untitled]
717,38343,andrew bird,"skin is, my"
718,38344,of montreal,death dance of omipapas and sons for you
719,38350,animal collective,a manatee dance
720,38351,girl talk,touch 2 feel
721,38353,the polyphonic spree,light and day
722,38354,pete yorn,vampyre
723,38356,pete yorn,policies
724,38357,pete yorn,the man
725,38358,pete yorn,maybe i'm right
726,38359,pete yorn,same thing
727,38366,shpongle,exhalation
728,299473,björk,modern things
729,46211,the orb,sticky end
730,38368,sun kil moon,tiny cities made of ashes
731,38371,the ataris,myself
732,38372,tom waits,clang boom steam
733,252665,better than ezra,briefly
734,260418,papa roach,peewagon
735,313900,roni size,staircase
736,38386,stephen malkmus,malediction
737,38388,silver jews,trains across the sea
738,38390,animal collective,runnin' the round ball
739,38392,rilo kiley,capturing moods
740,38393,sonic youth,treatise (cornelius cardew)
741,38398,jens lekman,you are the light (by which i travel into this and that)
742,38400,cat power,werewolf (live)
743,38402,the wrens,darlin' darlin'
744,38408,xiu xiu,mousey toy
745,38446,the boy least likely to,god takes care of the little things
746,314878,the flaming lips,ode to c.c. (part i)
747,38426,the pharcyde,quinton's on the way
748,38431,yo la tengo,demons
749,38433,godspeed you! black emperor,static
750,38436,deerhoof,come see the duck
751,38439,m. ward,it won't happen twice
752,306303,the unicorns,talk 4
753,207348,silver jews,the wild palms
754,38440,king harvest,dancing in the moonlight
755,38445,the futureheads,cabaret
756,38453,mogwai,end
757,38515,nick drake,day is done
758,38456,the mountain goats,going to kirby sigston
759,38461,built to spill,the plan
760,38481,idlewild,no emotion
761,38486,eels,packing blankets
762,298700,thievery corporation,walking through babylon
763,38494,great lake swimmers,this is not like home
764,38495,david bazan,selling advertising
765,38497,les savy fav,tragic monsters
766,38499,the milestone corporation,one single thing
767,38500,morrissey,best friend on the payroll
768,38502,pokett,train (acoustic version)
769,38503,cat power,wild is the wind
770,38504,le tigre,sixteen
771,38505,beck,gcvah   god save us (popemix)                                                 tmbg…
772,38508,neil young,organ solo
773,38509,michael nyman,deep into the forest
774,38510,nino rota,the halls of fear
775,38513,bright eyes,i've been eating (for you)
776,299431,david bowie,can't help thinking about me
777,38520,deerhoof,flower
778,38524,jimmy reed,honest i do
779,199157,jaylib,pillz
780,283301,straylight run,straylight-run-now its done
781,38526,mozella,you wanted it (album version)
782,38535,pavement,false skorpion
783,76782,sufjan stevens,"bring a torch, jeanette, isabella (feat. vito aiuto)"
784,283875,joy division,inside the line
785,306933,the postal service,sleeping in (album)
786,122492,eels,"woman driving, man sleeping"
787,146083,animal collective,everyone whistling
788,206768,wilco,handshake drugs (live)
789,145601,the mountain goats,hatha hill
790,199226,frog eyes,time reveals its plan at poisoned falls
791,119112,of montreal,dustin hoffman's wife seems suspicious about the absent tub
792,207357,beck,brazilica
793,207036,bloc party,banquet (cornelius remix)
794,169185,david ford,go to hell
795,176108,the american analog set,high fidelity vs. guy fidelity
796,203879,guided by voices,i am produced
797,199225,the apples in stereo,get there fine
798,203878,guided by voices,choking tara
799,222444,radio 4,calling all enthusiasts
800,206898,radiohead,everything in its right place (live)
801,306357,the dears,find our way to freedom
802,207142,maserati,being a president is like riding a tiger
803,298753,godspeed you! black emperor,motherfucker=redeemer
804,299673,ghosts and vodka,it's all about right then
805,314737,yo la tengo,alrock's bells
806,207140,maserati,a common interest in silence
807,314249,the appleseed cast,novice
808,146003,pavement,chesley's little wrists
809,207257,silver jews,introduction ii
810,168569,au revoir simone,night majestic
811,145947,...and you will know us by the trail of dead,life is elsewhere
812,252706,frog eyes,russian berries but you're quiet tonight
813,146000,liars,"you, drum"
814,126927,six organs of admittance,elk river
815,168482,white rabbits,while we go dancing
816,299247,esthero,o.g. bitch (speakeasy mix)
817,298776,hooverphonic,you hurt me (remix)
818,214593,nitin sawhney,walk away
819,314358,khoiba,facilities
820,108305,morcheeba,enjoy the wait
821,314325,khoiba,the deepest nightmare
822,314370,khoiba,tortourism
823,298768,anja garbarek,stay tuned
824,299254,esthero,o.g. bitch (smitty & gabriel d. vine's garage party remix)
825,314288,khoiba,t.i.m.e.
826,314248,the appleseed cast,"perils, parts 1, 2 and 3"
827,306381,lauryn hill,selah
828,207058,soundgarden,new damage
829,376454,mellow candle,heaven heath
830,306814,soundgarden,nazi driver
831,229810,sunblock,i'll be ready (radio edit)
832,176093,the melodians,it's my delight
833,237369,håkan hellström,mitt gullbergs kaj paradis
834,291218,las ketchup,the ketchup song (asereje)
835,267935,james brown,"mother popcorn, part 1"
836,130612,the residents,love is...
837,229710,go west,call me
838,199660,indochine,kao bang
839,237358,doktor kosmos,hjälp
840,237359,doktor kosmos,rockenrollen
841,237362,doktor kosmos,rock me baby
842,237354,doktor kosmos,dom ljuger!
843,237356,doktor kosmos,katinka taikon
844,40631,doktor kosmos,push-up
845,375354,comus,in the lost queen's eye
846,229670,the cure,meathook
847,161226,porcupine tree,hymn
848,291420,accept,head over heels
849,100221,[television theme songs],knight rider
850,183861,2 unlimited,tribal dance
851,145900,the white stripes,slicker drips
852,283569,sophie zelmani,i'll remember you
853,214500,sophie zelmani,lost in love
854,298770,sophie zelmani,precious burden
855,214537,sophie zelmani,always you
856,283570,sophie zelmani,losing you
857,41157,bo diddley,who do you love
858,191884,the byrds,goin' back
859,128201,bryan adams,thought i'd died and gone to heaven
860,299643,gong,"witch's song, i am your pussy"
861,291295,slaughter,up all night
862,168938,mr. big,addicted to that rush
863,206716,debbie gibson,foolish beat
864,229757,kaizers orchestra,enden av november
865,41992,milburn,come away with me
866,191829,enya,march of the celts
867,42791,meshuggah,war
868,42762,the dillinger escape plan,proceed with caution
869,42794,meshuggah,don't speak
870,260494,dead can dance,ichor
871,260384,dead can dance,spleens
872,61426,blind guardian,nom the wise
873,61427,blind guardian,out on the water
874,61429,blind guardian,final chapter (thus ends...)
875,42817,the tea party,a slight attack
876,375555,æon spoke,damaged
877,42815,the tea party,the messenger
878,42771,t.a.s.s.,blur
879,42781,eleni karaindrou,by the sea
880,42783,ark,torn
881,42787,isis,sgnl&gt;02
882,42800,alice in chains,i can't remember
883,42808,antonio vivaldi,concerto in c major - allegro
884,42809,antonio vivaldi,"concerto in c major, rv 444: ii. largo"
885,42821,sentinel,the title
886,42824,alice in chains,put you down
887,306778,camel,coming of age
888,260503,ministry,bloodlines
889,207433,oceansize,commemorative ____ t-shirt
890,207468,oceansize,voorhees
891,160926,dredg,movement ii: crosswind minuet
892,299678,aereogramme,hatred
893,299773,ulver,hymn i: of wolf and fear
894,298624,moonspell,wolfshade
895,367484,eminem,final thought (skit)
896,207106,finger eleven,gather & give
897,207107,finger eleven,sense of a spark
898,199171,madvillain,raid featuring medaphoar
899,245461,gravediggaz,outro
900,314119,ice cube,the product
901,199238,big l,furious anger (feat. shyheim)
902,199227,jedi mind tricks,winds devouring men (interlude)
903,199168,jedi mind tricks,of the spirit and the sun (interlude)
904,138093,outkast,you may die (intro)
905,314170,bone thugs-n-harmony,carole of the bones
906,314169,bone thugs-n-harmony,weed song
907,207303,aesop rock,forest crunk
908,245438,cunninlynguists,midnight
909,245436,cunninlynguists,kno's diggin'
910,137997,caural,interlude
911,207069,dj shadow,mutual slump (alternate take without overdubs)
912,199104,krs-one,4th quarter - free throws
913,107960,aesop rock,dinner with blockhead
914,199408,public enemy,reggie jax
915,245297,one be lo,?uestions (feat. abdus salaam & charmaine gibson)
916,291024,asian dub foundation,scaling new heights
917,299270,erykah badu,danger
918,313898,future prophecies,september (feat. roger ludvigsen)
919,299306,dj scotch egg,scotch chicken
920,299706,aaron spectre,dulcimer
921,313935,future prophecies,miniamba (feat. mari boine)
922,313936,future prophecies,bring the noise
923,313937,future prophecies,magnetic
924,313938,future prophecies,dark matter
925,299722,loefah,disko rekah
926,299720,coki,not today
927,299719,kromestar,kalawanji 2
928,299745,kromestar,coca cola
929,207408,jane's addiction,rock 'n' roll
930,307016,the chemical brothers,star guitar (pete heller's expanded mix)
931,206876,the cult,oink (version one) (demo)
932,46008,the jesus and mary chain,sunray
933,46275,sasha,sneaky alien - bluestream
934,45985,gomez,the comeback
935,214523,richard beggs,intro / tokyo
936,315101,fusion orchestra,farfisa
937,206977,the cult,zap city
938,207089,dj shadow,the 6 day war
939,46143,badly drawn boy,bewilder
940,126933,the polyphonic spree,sonic bloom
941,284103,moby,go-2006
942,376518,plump djs,move it with your mind
943,283311,alfie,bookends
944,46176,pale saints,there is no day
945,314851,pale saints,way the world is
946,46191,mercury rev,i collect coins
947,46225,the orb,log of deadwood
948,46223,the orb,pi
949,307302,the orb,72
950,46245,badly drawn boy,dead duck
951,46248,badly drawn boy,"wet, wet, wet"
952,46251,badly drawn boy,rachel's flat
953,46288,grandaddy,poisoned at hartsy thai food
954,260474,dj krush,dig this vibe
955,314821,the proclaimers,get ready
956,260342,ennio morricone,l arena
957,176205,dead meadow,the whirlings
958,176204,dead meadow,everything's going on
959,46436,david holmes,the plans
960,99546,pure fiction,personality goes a long way
961,375159,carter the unstoppable sex machine,a prince in a pauper's grave
962,375160,carter the unstoppable sex machine,sealed with a glasgow kiss
963,298759,the soup dragons,sweetmeat
964,291287,swervedriver,for seeking heat
965,291288,swervedriver,the hitcher
966,291289,swervedriver,my zephyr (the sequel)
967,291290,swervedriver,last train to satansville
968,291509,swervedriver,never lose that feeling
969,291495,swervedriver,maelstrom
970,291464,swervedriver,93 million miles from the sun and counting
971,291387,swervedriver,cars converge on paris
972,207387,fatboy slim,right here right now (redanka mix)
973,199627,arcadia,lady ice
974,207044,the cult,aphrodisiac jacket
975,207045,the cult,bad fun
976,107286,scouting for girls,keep on walking
977,344680,loleatta holloway,love sensation
978,291408,failure,dirty blue balloons
979,222616,william orbit,humming chorus
980,207135,mice parade,satchelaise
981,206990,mice parade,ende
982,207250,mice parade,ground as cold as common
983,299107,nina nastasia,while we talk
984,199600,underworld,cherry pie
985,375258,barry manilow,ready to take a chance again
986,207251,mice parade,nights wave
987,314539,tanga,sink
988,206961,manic street preachers,baby elian
989,344767,the jesus and mary chain,sometimes
990,183903,garbage,the world is not enough (u.n.k.l.e. remix)
991,183905,garbage,cherry lips (go baby go!) (roger sanchez remix)
992,207362,groove armada,from the rooftops
993,299684,hṛṣṭa,quelque chose à propos des raquetteurs
994,183902,garbage,it's all over but the crying (remix)
995,103538,glasvegas,s.a.d. light
996,314903,medicine,christmas song
997,344790,secret machines,the fire is waiting
998,168533,no age,impossible bouquet
999,108245,wire,start to move
1000,108246,wire,brazil
1001,108247,wire,it's so obvious
1002,108248,wire,surgeon's girl
1003,108250,wire,the commercial
1004,108251,wire,different to me
1005,107321,lulu,the man with the golden gun
1006,352414,the rapture,alabama sunshine
1007,168687,the juan maclean,dance hall modulator dub
1008,344769,spacemen 3,2:35 (version 1)
1009,352281,the stooges,t.v. eye (takes 7 & 8)
1010,199735,the jesus and mary chain,on the wall (porta studio demo)
1011,344766,the jesus and mary chain,heat
1012,107872,why?,song of the sad assassin
1013,345400,datarock,get yourself a datarocker
1014,352330,the stooges,loose (take 22)
1015,352377,the stooges,down on the street (take 8)
1016,352259,the stooges,fun house (take 2)
1017,352260,the stooges,down on the street (bonus single mix)
1018,352289,the stooges,1970 (bonus single mix)
1019,107870,why?,exegesis
1020,306346,echo & the bunnymen,my kingdom (live)
1021,168745,franz ferdinand,l. wells
1022,99703,iggy pop,sixteen
1023,291032,massive attack,inertia creeps (state of bengal mix)
1024,207360,out hud,jgne
1025,237353,die ärzte,mysteryland
1026,299311,arab strap,act of war
1027,176599,dj krush,intro
1028,207218,the afghan whigs,"crime scene, part one"
1029,298724,brian eno,distributed being
1030,199663,the creatures,venus sands
1031,199763,the creatures,simoom
1032,344815,the charlatans,only teethin'
1033,352602,the pop group,spanish inquisition
1034,299344,television personalities,someone to share my life with
1035,375573,republica,picture me
1036,191947,flogging molly,to youth (my sweet roisin dubh)
1037,298713,amon tobin,verbal (kid606 dancehall devastation mix)
1038,352245,kitchens of distinction,her last day in bed
1039,199033,echo & the bunnymen,happy death men
1040,49413,minutemen,joe mccarthy's ghost
1041,314780,throwing muses,soul soldier
1042,206979,brad sucks,borderline
1043,207367,out hud,the l train is a swell train and i don't want to hear you indies complain
1044,314755,suede,w.s.d
1045,291510,peter murphy,never man
1046,214551,cranes,even when
1047,245320,quasimoto,mhbs
1048,298678,everything but the girl,i must confess
1049,191580,enya,a day without rain
1050,307125,fatboy slim,everybody in the house
1051,199740,ultravox,quiet men
1052,176207,dead meadow,golden cloud
1053,352345,teenage fanclub,the cabbage
1054,207057,soulwax,dance 2 slow
1055,299342,stereolab,analogue rock
1056,352628,comet gain,never die
1057,376353,jamie lidell,daddy's car
1058,122488,cornershop,chocolat
1059,306908,them,"baby, please don't go"
1060,352312,étienne daho,il ne dira pas
1061,50389,jarabe de palo,intro
1062,199704,the creatures,fruitman
1063,168972,snow patrol,get balsamic vinegar ...quick you fool
1064,352437,film school,deep lake
1065,306910,del shannon,keep searchin'
1066,306916,brian hyland,ginny come lately
1067,252715,primal scream,sweet pretty thing
1068,168509,ash,numbskull
1069,169026,julieta venegas,alguien
1070,50442,spearhead,home
1071,306892,μ-ziq,melancho
1072,314735,aterciopelados,mañana
1073,176196,massive attack,sly (underdog double bass & accapella)
1074,284248,nina simone,what more can i say
1075,199675,eurythmics,cool blue
1076,245275,anti-flag,their system doesn't work for you
1077,252681,french kicks,sunday night is fair
1078,260505,jack off jill,underjoyed
1079,314278,babes in toyland,vomit heart
1080,50059,wolf eyes,dead in a boat
1081,352383,orange juice,three cheers
1082,352547,liliput,a silver key can open an iron lock somewhere
1083,283972,the sugarcubes,pump (marius de vries mix)
1084,214613,love spirals downwards,sideways forest
1085,352208,kitchens of distinction,prize (demo)
1086,376503,missy elliott,i can't stand the rain
1087,283945,sofia talvik,tonight
1088,299108,nina nastasia,i say that i will go
1089,50379,dropkick murphys,devil's brigade
1090,214379,catch 22,bloomfield ave.
1091,50412,le mystère des voix bulgares,schopska pesen (diaphonic chant)
1092,314887,catatonia,you've got a lot to answer for
1093,203824,meat puppets,magic toy missing
1094,207265,antibalas afrobeat orchestra,hilo
1095,252619,the moldy peaches,who's got the crack (live 2001)
1096,307195,the residents,life would be wonderful
1097,284114,lizz wright,coming home
1098,107910,madvillain,do not fire! (instrumental)
1099,352329,felt,i can't make love to you anymore
1100,245359,quasimoto,players of the game
1101,329205,matata,talkin' talkin'
1102,298570,dropkick murphys,good rats
1103,207295,paco de lucía,la barrosa (alegrías)
1104,307043,eddie thoneick & kurd maverick,love sensation
1105,252623,le peuple de l'herbe,herbman skank
1106,314598,red hot chili peppers,crosstown traffic (live)
1107,222537,marie laforêt,la tendresse
1108,284130,joni mitchell,strong and wrong
1109,191617,bear mccreary,wander my friends
1110,252629,nina nastasia & jim white,i write down lists
1111,329322,nação zumbi,memorando
1112,207133,mice parade,tales of las negras
1113,122673,patsy cline,a poor man's roses (or a rich man's gold)
1114,207208,the stooges,atm
1115,191648,bob marley & the wailers,jah live
1116,168504,ween,candi
1117,314950,the jon spencer blues explosion,sweet n sour
1118,375306,henry mancini,the sweetheart tree
1119,168789,hilary duff,anywhere but here
1120,314536,vanessa carlton,sway
1121,298778,enigma,mea culpa (fading shades)
1122,352322,felt,my darkest light will shine
1123,191806,bassnectar,carried away
1124,168647,she wants revenge,pretend the world has ended
1125,260529,revolting cocks,devil cock
1126,176136,brian eno & david byrne,mea culpa
1127,367461,carmen consoli,pioggia d'aprile
1128,367498,elisa,together
1129,367475,carmen consoli,geisha
1130,367477,carmen consoli,in funzione di nessuna logica
1131,222445,the soundtrack of our lives,blow my cool
1132,367462,carmen consoli,mulini a vento
1133,367476,carmen consoli,in bianco e nero
1134,191768,machinae supremacy,endgame
1135,122665,the cranberries,put me down
1136,260518,sandra nasic,big city
1137,99586,kult,zgroza
1138,260392,kazik,radio
1139,260589,kazik,sąsiedzi
1140,53640,danny elfman,young ichabod
1141,367521,danny elfman,kevin in danger
1142,53643,danny elfman,sweet dreams
1143,375485,city of prague philharmonic orchestra,o fortuna (from carmina burana)
1144,183891,darren hayes,casey
1145,183893,darren hayes,the sun is always blinding me
1146,53630,"zino francescatti, robert casadesus","sonata for violin and piano #5, op.24 ""spring"" - 3rd movement"
1147,53594,asian kung-fu generation,world world world
1148,53632,平野義久,semblance of dualism
1149,53634,平野義久,death note theme ~instrumental~
1150,53635,平野義久,tactics of the absolute
1151,53636,平野義久,kyrie for orchestra
1152,260563,石井妥師,sky of god master
1153,53657,michael nyman,upon drinking in a bowl
1154,53659,michael nyman,upon nothing
1155,53660,michael nyman,the maimed debauchee
1156,53663,michael nyman,a ramble in st. james's park
1157,284126,amy winehouse,cupid (deluxe version)
1158,53721,john parish & polly jean harvey,girl
1159,229674,坂本真綾,gravity
1160,176464,"bruno coulais, choir of the hungarian national radio, bernard paganotti, hungrarian symphony orchestra budapest & laurent petitgirard",fantastic garden
1161,88533,morphine,lilah
1162,367533,the velvet underground,femme fatale (single version)
1163,199030,frank black,where the wind is going
1164,207483,sleater-kinney,you're no rock n' roll fun
1165,207361,lindstrøm,the contemporary fix
1166,376471,"lee ""scratch"" perry & the upsetters",curly dub
1167,107212,captain & tennille,love will keep us together
1168,290988,drumagick,malandragem
1169,337003,jeremy soule,mhenlo's theme
1170,336853,jeremy soule,droknar's forge
1171,268071,大谷幸,silence ~battle with the colossus~
1172,268072,大谷幸,in awe of the power ~battle with the colossus~
1173,268085,大谷幸,a messenger from behind ~battle with the colossus~
1174,268086,大谷幸,liberated guardian ~battle with the colossus~
1175,252719,david carretta,auto motion
1176,352226,bolz bolz,take a walk (youngsters bass remix)
1177,283416,gameboy/gamegirl,fruit salad
1178,283418,gameboy/gamegirl,sweaty wet/dirty damp (ooh-ee remix)
1179,344616,showtek,save the day again
1180,299290,sabrepulse,famicom connection
1181,168572,dot allison,you can be replaced
1182,352584,felix da housecat,ready 2 wear (paper faces mix)
1183,307045,laura kidd,automatic
1184,307047,splittr,all alone (alex metric vocal)
1185,307013,john dahlbäck,hustle up
1186,299051,the prodigy,omen (noisia remix)
1187,344571,armand van helden,je t'aime (switch remix)
1188,229709,rené & angela,i'll be good
1189,114931,outkast,i'm cool (interlude)
1190,313919,high contrast,brief encounter
1191,344479,scooter,imaginary battle
1192,229758,kaizers orchestra,med en gong eg når bånn
1193,168536,cat power,love and communication
1194,191977,explosions in the sky,a slow dance
1195,314411,the ditty bops,bye bye love
1196,168907,café tacvba,déjate caer
1197,169152,belanova,tus ojos
1198,126910,firefox ak,"madame, madame"
1199,206919,cold war kids,expensive tastes
1200,314463,molotov,apocalypshit
1201,168554,we are wolves,coconut night
1202,283393,mandy moore,someday we'll know
1203,169031,andrea bocelli,por ti volare (con te partirò)
1204,283861,tori amos,not david bowie
1205,168481,les savy fav,rodeo
1206,283333,tom baxter,my declaration
1207,314616,jack savoretti,no one's awake
1208,314617,jack savoretti,dr. frankenstein
1209,314618,jack savoretti,once upon a street
1210,314619,jack savoretti,without
1211,314620,jack savoretti,blackrain
1212,314621,jack savoretti,apologies
1213,314622,jack savoretti,between the minds
1214,314623,jack savoretti,soldier's eyes
1215,314624,jack savoretti,lovely fool
1216,314625,jack savoretti,chemical courage
1217,290936,ben sollee,a change is gonna come
1218,222244,luigi tenco,ho capito che ti amo
1219,183889,darren hayes,waking the monster
1220,199392,mother mother,arms tonite
1221,168503,the stylistics,you'll never get to heaven (if you break my heart)
1222,199513,japan,swing
1223,283375,damien rice,nine crimes
1224,298880,diary of dreams,play god!
1225,299867,atrocity,ichor
1226,299866,atrocity,cold black days
1227,299037,:wumpscut:,close gate
1228,298916,hocico,final resource (therapy version)
1229,298918,hocico,instantes de perfección
1230,260574,moonspell,in memoriam (intro)
1231,375436,delerium,morpheus
1232,376040,jessica jay,casablanca
1233,199866,die krupps,isolation
1234,314568,orson,saving the world
1235,283253,head automatica,please please please
1236,313950,bullet for my valentine,turn to despair
1237,283306,cute is what we aim for,curse of the curves
1238,123168,tiga,who's that
1239,229688,daft punk,one more time (feat. romanthony)
1240,376453,osunlade,everything in its right place (feat. erro)
1241,207221,the kooks,crazy (gnarls barley cover)
1242,207241,delorean,no name
1243,222618,international pony,leaving home
1244,126942,björk,aurora (music box)
1245,126902,teitur,catherine the waitress
1246,126913,hot chip,transmission (joy division cover)
1247,99983,the beatles,dig it
1248,299301,york,the awakening
1249,191582,enya,silver inches
1250,199199,dr. dre,lolo (intro) (feat. xzibit & tray-dee)
1251,260304,starsplash,endless fantasy
1252,376057,vinylshakerz,club tropicana
1253,344685,scooter,cosmos
1254,344507,scooter,the leading horse
1255,299190,digitalism,zdarlight (original mix)
1256,307133,milk & sugar,let the sunshine in
1257,260619,shpongle,crystal skulls (western rebel alliance remix)
1258,376140,atb,kayama
1259,237350,björn rosenström,muffins
1260,298622,apoptygma berzerk,seven signs
1261,221999,kent,halka
1262,169123,laura pausini,surrender
1263,103515,vanessa carlton,ordinary day
1264,99700,guano apes,crossing the deadline
1265,191377,machinae supremacy,super steve
1266,191640,enya,the first of autumn
1267,221997,kent,10 minuter (för mig själv)
1268,306987,sash!,move mania
1269,299281,gretchen wilson,redneck woman
1270,183807,safri duo,rise (leave me alone) (atn remix)
1271,206925,static-x,december
1272,237372,håkan hellström,äntligen på väg
1273,306911,sylver,turn the tide
1274,207007,massive attack,teardrop (lp version)
1275,307129,david tavare,summerlove
1276,298922,hocico,la muerte de un enemigo
1277,299307,lasgo,alone (extended)
1278,122559,infernal,from paris to berlin (radio edit)
1279,183734,dave gahan,i need you (radio mix)
1280,191455,machinae supremacy,archangels of sidaroth
1281,299035,:wumpscut:,die liebe (edit)
1282,199517,mesh,the place you hide
1283,122587,robert miles,one and one
1284,299300,kate ryan,libertine
1285,169180,christina aguilera,welcome
1286,306958,david guetta,you are the music
1287,222317,erasure,phantom bride
1288,291231,dokken,inside looking out
1289,229784,europe,on broken wings
1290,176131,killing joke,invocation
1291,299262,taylor swift,our song
1292,306919,bomfunk mc's,stir up the bass
1293,199595,new order,confusion (pump panel reconstruction mix)
1294,299308,bit shifter,activation theme
1295,306920,bit shifter,hexadecimal genome
1296,191578,johnny cash,the night hank williams came to town
1297,160952,type o negative,bad ground
1298,283756,switchblade symphony,into the sky
1299,283974,switchblade symphony,therapy
1300,206914,dj krush,anticipation
1301,199337,lauryn hill,the miseducation of lauryn hill
1302,314882,little brother,"roy lee, producer extraordinaire"
1303,315029,william orbit,"best friend, paranoia"
1304,275764,ian brown,happy ever after
1305,191994,basement jaxx,right here's the spot (feat. me'shell ndegéocello)
1306,298849,:wumpscut:,final warning
1307,214727,hungry lucy,could it be?
1308,199747,the cure,i dig you (vinyl b-side by cult hero)
1309,207437,ac/dc,cover you in oil
1310,191793,van halen,the full bug
1311,252718,japanese telecom,the making of ultraman
1312,214375,diplo,baile funk three
1313,299248,mindless self indulgence,straight to video (funker vogt mix)
1314,222091,sahara hotnights,whirlwind reaper
1315,222069,sahara hotnights,are you happy now?
1316,375337,dustin o'halloran,opus #18
1317,299153,electric six,night vision
1318,299155,electric six,rubber rocket
1319,245292,nav katze,change (aphex twin mix #2)
1320,352484,radio 4,dance to the underground (playgroup remix)
1321,176095,lionrock,peace repackaged
1322,345380,mount sims,we electric
1323,352642,prinzhorn dance school,"eat, sleep"
1324,222440,afric simone,ramaya
1325,61418,kokin gumi,dawn
1326,99593,good charlotte,predictable
1327,61414,sonata arctica,...of silence
1328,61248,rhapsody of fire,epicus furor
1329,61402,andre matos,menuett
1330,61433,edguy,lucifer in love
1331,283327,course of nature,caught in the sun
1332,61478,helloween,initiation
1333,61485,helloween,invitation
1334,61492,blind guardian,trial by the archon
1335,61495,blind guardian,inquisition
1336,61506,blind guardian,black chamber
1337,61503,blind guardian,the piper's calling
1338,299854,blind guardian,dragonslayer
1339,291391,trans-siberian orchestra,wizards in winter
1340,61652,hammerfall,lore of the arcane
1341,122675,ace of base,never gonna say i'm sorry
1342,169200,catupecu machu,magia veneno
1343,61673,s.o.d.,march of the s.o.d.
1344,61676,s.o.d.,milano mosh
1345,61679,s.o.d.,chromatic death
1346,61680,s.o.d.,pi alpha nu
1347,61681,s.o.d.,what's that noise
1348,61737,converge,concubine
1349,61743,converge,bitter and then some
1350,61746,converge,phoenix in flames
1351,284097,gillian welch & alison krauss,i'll fly away
1352,222076,entombed,i for an eye
1353,184097,armand van helden,hear my name (radio edit)
1354,291202,rihanna,unfaithful (edit)
1355,376361,the jimi hendrix experience,introducing the experience
1356,260434,hammerfall,living in victory
1357,314899,colours run,papercord (live at the doghouse)
1358,314759,ash,thinking about you
1359,298720,dj cheb i sabbah,shri durga (fundamental organic chill remix)
1360,206986,the big sleep,are you ready (for love)?
1361,122507,ted leo and the pharmacists,the sword in the stone
1362,314232,onelinedrawing,but it was close
1363,122508,ted leo and the pharmacists,dirty old town
1364,168507,the go! team,ladyflash (simian mobile disco mix)
1365,275717,buzzcocks,ever fallen in love (with someone you shouldn't've)?
1366,275695,king rocker,generation x
1367,199054,tilly and the wall,pictures of houses
1368,168646,she wants revenge,checking out
1369,168645,she wants revenge,this is the end
1370,290982,bajofondo,el sonido de la milonga
1371,375474,keane,dinner at eight
1372,314733,moonspell,abysmo
1373,260283,within temptation,world of make believe
1374,298575,gamma ray,look at yourself
1375,298553,gamma ray,lust for life
1376,222006,bathory,fanfare
1377,298582,amorphis,withered...
1378,283684,mortiis,child of curiosity and the old man of knowledge
1379,260545,rhapsody of fire,deadly omen
1380,299032,ministry,señor peligro
1381,222113,motörhead,going down
1382,283980,elusive,so far away
1383,283630,elusive,passage
1384,283975,elusive,destination zero
1385,283976,elusive,faith
1386,283977,elusive,run away
1387,283978,elusive,in her garden
1388,283979,elusive,a thin line
1389,65766,the black dahlia murder,built for sin
1390,65806,maroon,sirius
1391,299099,chimaira,comatose
1392,108163,type o negative,thir13teen
1393,142024,sentenced,kaamos
1394,306771,toto,holyanna
1395,313961,eyes set to kill,liar in the glass
1396,313960,eyes set to kill,darling
1397,313962,eyes set to kill,beauty through broken glass
1398,176138,dr. octagon,moosebumps
1399,307074,camille jones,the creeps
1400,153417,koushik,ride out
1401,245414,epmd,d.j. k la boss
1402,206954,outkast,makes no sense at all
1403,245384,prince paul,you made me (a.k.c.)
1404,245317,quasimoto,basic instinct
1405,206868,ali farka touré,allah uya
1406,329378,riverside,i got this funny feelin
1407,291496,machinae supremacy,machinaeguns
1408,307234,björk,búkolla
1409,307243,björk,óliver
1410,306972,armand van helden,necessary evil
1411,153376,the heliocentrics,intro
1412,245432,gay against you,licquorice bloodsports
1413,252618,non-prophets,intro
1414,306889,seefeel,spangle
1415,329251,ana sofia varela,vivendo sem mim
1416,191433,machinae supremacy,flagcarrier
1417,207330,gustavo santaolalla,de usuahia a la quiaca
1418,207127,gustavo santaolalla,amelia desert morning
1419,314641,john williams,the portrait gallery
1420,199547,yellow magic orchestra,technopolis
1421,207364,the crystal method,busy child (paul oakenfold remix)
1422,252705,tiefschwarz,city sounds
1423,222403,international pony,international pony theme
1424,199197,murs,intro
1425,103547,carla thomas,b-a-b-y
1426,191589,rare earth,i just want to celebrate
1427,107320,the drifters,this magic moment
1428,245316,quasimoto,welcome to violence
1429,214428,sharon jones and the dap-kings,natural born lover
1430,307069,robert babicz,mister head
1431,376519,plump djs,the push
1432,307038,crookers,my penny
1433,245362,charizma & peanut butter wolf,red light green light
1434,306547,player,baby come back
1435,168434,boys noize,deny selected
1436,222432,international pony,the bubble
1437,299808,dj distance,confined
1438,122670,patsy cline,leavin' on your mind
1439,207418,deftones,feiticeira (live)
1440,306509,brujería,pura de venta
1441,306510,brujería,leyes narcos
1442,299007,slipknot,tattered & torn
1443,207416,ac/dc,rock 'n' roll singer
1444,291502,w.a.s.p.,somebody to love
1445,291465,w.a.s.p.,keep holding on
1446,260325,sepultura,hatred aside
1447,314257,kittie,spit
1448,291364,hanoi rocks,don't follow me
1449,291365,hanoi rocks,sweet home suburbia
1450,291511,hanoi rocks,nothing new
1451,291367,hanoi rocks,i can't get it
1452,291368,hanoi rocks,underwater world
1453,291369,hanoi rocks,futurama
1454,283309,the wildhearts,top of the world
1455,69232,korn,lowrider
1456,69008,mötley crüe,l.a.m.f.
1457,191754,van halen,everybody wants some!!
1458,291499,van halen,take your whiskey home
1459,69034,van halen,1984
1460,69072,poison,swampjuice (soul-o)
1461,69144,poison,native tongue
1462,69152,poison,richie's acoustic thang
1463,291395,mötley crüe,stick to your guns
1464,291386,ozzy osbourne,never
1465,69341,helloween,irritation
1466,69359,helloween,pink bubbles go ape
1467,291349,judas priest,desert plains (live)
1468,329359,lynyrd skynyrd,all i have is a song
1469,199161,wilco,candyfloss [bonus]
1470,375429,lamb,heaven (funkstörung mix)
1471,375433,lamb,b. line (andy votel mix)
1472,314329,bondage fairies,wanna dance?
1473,229711,pilote,turtle (bonobo mix)
1474,229712,mechanical me,beachy head (bonobo mix)
1475,107174,shirley bassey,for all we know
1476,375305,abba,on & on & on
1477,184112,cyndi lauper,set your heart
1478,376256,gentle touch,the finer arts
1479,214487,t.a.t.u.,30 minut
1480,344678,sasha dith ft russian girls,russina girls (edit)
1481,176520,enigma,camera obscura
1482,283973,switchblade symphony,monsters
1483,214682,abney park,the wrong side
1484,344517,sasha dit,russian girls
1485,298859,:wumpscut:,die in winter (haujobb edit 2)
1486,344827,alexz johnson,let me fall
1487,122655,stefy,chelsea
1488,299163,лаванда,mistake
1489,199810,client,rock and roll machine (droyds mix)
1490,291652,natalia barbu,fight
1491,184121,colette,if (dave aude radio mix)
1492,306380,fefe dobson,this is my life
1493,375957,elize,i'm no latino
1494,168547,the twelves,when you talk
1495,191928,van morrison,he ain't give you none
1496,191684,van morrison,ro ro rosey
1497,298797,tony bennett,blue velvet
1498,375679,kula shaker,namami nanda-nandana
1499,191972,jewel,somewhere over the rainbow
1500,380525,johnny cash,it's just about time
1501,376432,the cinematic orchestra,kenji eno - the fear theme
1502,229813,roots manuva,dub styles
1503,206788,phish,birds of a feather
1504,191876,chicane,autumn tactics (the thrillseekers remix)
1505,291189,delerium,silence (michael woods remix)
1506,222285,dj krush,from tragedy
1507,306884,aphrodite,interlude
1508,298774,st. germain,we have died already
1509,298727,dj cam,love junkee (feat. cameo) (dub mix)
1510,283554,emilíana torrini,i really loved harold
1511,284236,sarah mclachlan,trust
1512,176158,the greenhornes,shadow of grief
1513,192001,basement jaxx,feels like home (feat. me'shell ndegéocello)
1514,199191,toots & the maytals,she's my scorcher
1515,84540,the books,bonanza
1516,352372,lambchop,autumn's vicar
1517,283827,blood ruby,sleepwalk
1518,207475,the crystal method,high and low
1519,207474,the crystal method,wide open
1520,367514,elisa,time (planet funk remix)
1521,207043,radiohead,creep [clean]
1522,214395,the specials,rude boys outa jail
1523,291027,llorca,dive
1524,298717,red snapper,fatboy's dust
1525,199758,new order,age of consent (howie b. remix)
1526,314375,khoiba,pinkey/bee on a tongue
1527,298579,the pogues,blue heaven
1528,314794,juliana hatfield,rats in the attic
1529,298577,the pogues,four o'clock in the morning
1530,298587,the pogues,5 green queens and jean
1531,314793,juliana hatfield,going blonde
1532,199458,subway sect,ambition
1533,291299,peter murphy,gliding like a whale
1534,291300,peter murphy,disappearing
1535,291314,peter murphy,mercy rain
1536,298581,the pogues,gridlock
1537,375177,billy bragg,i dreamed i saw phil ochs last night
1538,314787,juliana hatfield,new waif
1539,314789,juliana hatfield,stay awake
1540,199845,the heartbreakers,chinese rocks
1541,199647,depeche mode,it doesn't matter two (instrumental)
1542,199637,bill nelson,do you dream in colour
1543,207363,eagle seagull,lock and key
1544,206956,eagle seagull,your beauty is a knife i turn on my throat
1545,352410,television personalities,no more i hate yous
1546,203864,guided by voices,14 cheerleader coldfront
1547,299249,cocteau twins,because of whirl-jack
1548,214570,art of noise,approximate mood swing no: 2
1549,375557,good luck joes,middle of me
1550,375559,good luck joes,frozen
1551,245277,the nation of ulysses,spectra sonic sound
1552,314254,the appleseed cast,the page
1553,352653,section 25,loose talk (costs lives)
1554,352639,section 25,human puppets
1555,207066,the cult,king contrary man
1556,199550,the jesus and mary chain,mushroom (live in nuremberg 1986)
1557,314226,the appleseed cast,hello dearest love
1558,314227,the appleseed cast,ice heavy branches
1559,314253,the appleseed cast,sinking
1560,314186,the appleseed cast,a dream for us
1561,168538,ash,jesus says
1562,352551,section 25,haunted
1563,298556,dropkick murphys,the wild rover
1564,207420,concrete blonde,darkening of the light
1565,314791,juliana hatfield,oh
1566,245179,copeland,she changes your mind
1567,352608,section 25,charnel ground
1568,207067,the cult,born to be wild
1569,168580,esg,you make no sense
1570,314396,the frames,disappointed
1571,207422,concrete blonde,lullabye
1572,207068,the cult,memphis hip shake
1573,199787,the specials,free nelson mandela
1574,207421,concrete blonde,i don't need a hero
1575,199415,ultravox,i remember (death in the afternoon)
1576,199599,daniel ash,bluebird
1577,199563,daniel ash,dream machine
1578,352159,as mercenárias,inimigo
1579,352146,voluntários da patriá,iô iô
1580,352147,akira s & as garotas que erraram,eu dirijo o carro bomba
1581,344748,the brother kite,death ray
1582,352144,gueto,borboleta
1583,344775,the ruts,something that i said
1584,107242,the ruts,staring at the rude boys
1585,375379,the meeting places,until it's gone
1586,375378,the meeting places,sink into stone
1587,375380,the meeting places,the city's asleep
1588,375381,the meeting places,pause
1589,207011,these arms are snakes,hell's bank notes
1590,245147,weatherbox,the thinnest of maps
1591,345403,benjy ferree,hollywood sign
1592,130613,the residents,troubled old man
1593,299602,the sugarcubes,take some petrol darling
1594,199559,sham 69,(there's gonna be a) borstal breakout
1595,352481,nau,madame oraculo
1596,206974,de rosa,hopes & little jokes
1597,199077,broadcast,poem of dead song
1598,206983,de rosa,headfirst
1599,199412,echo & the bunnymen,ripeness (alternate)
1600,298586,cortney tidwell,eyes are at the billions
1601,207168,+/-,the important thing is to love
1602,207055,+/-,summer dress 2 (iodine)
1603,207169,+/-,ignoring all the detours
1604,207028,+/-,one day you'll be there
1605,207170,+/-,leap year
1606,344798,clinic,coda
1607,207256,!!!,pardon my freedom (maurice fulton instrumental mix)
1608,168442,morphine,"top floor, bottom buzzer"
1609,176190,the sundays,don't tell your mother
1610,284242,kari rueslåtten,trollferd
1611,376294,electric light orchestra,shangri-la
1612,199451,peter gabriel,biko
1613,222318,nancy sinatra,sorry 'bout that
1614,222286,belkıs özener,oy oy bir tanem (azize)
1615,222625,mavi işıklar,aşk çiçeği
1616,314464,midnight oil,beds are burning (encore)
1617,191713,cheap trick,voices
1618,221998,kent,avtryck
1619,191976,hey,to tu
1620,192010,hey,mówię
1621,191984,hey,muka!
1622,307301,happysad,czysty jak łza
1623,307231,myslovitz,złe mi się śni
1624,191983,hey,manto
1625,99693,kult,your eyes
1626,99543,farben lehre,atomowe zabawki
1627,191954,myslovitz,z twarzą marylin monroe
1628,99580,kazik,"o, kuchwa"
1629,260358,kazik,maria
1630,192011,hey,nie wierzę (jackowi cz.)
1631,375572,archive,night time
1632,100042,pink floyd,"a new machine, part 2"
1633,237371,håkan hellström,gråsparven när hon sjunger
1634,291409,lordi,supermonstars (the anthem of the phantoms)
1635,299535,sunrise avenue,romeo
1636,298590,christoph willibald gluck,dance of the blessed spirits
1637,107219,elvis presley,a fool such as i
1638,199543,yello,of course i'm lying
1639,314891,oasis,don't look back in anger (live at city of manchester stadium '05)
1640,375917,smokie,if you think you know how to love
1641,184040,jon secada,if you go
1642,191555,b.b. king,when love comes to town
1643,314457,phil collins,strangers like me
1644,76676,kaki king,bari improv
1645,76730,jean-michel bernard,robinet cellophane
1646,76731,jean-michel bernard,grotte machine à écrire
1647,76735,jean-michel bernard,gérard explique rem
1648,76756,audio bullys,(the world)
1649,76791,sufjan stevens,"holy holy, etc."
1650,76804,bright eyes,white christmas
1651,375248,the shortwave set,in your debt
1652,207393,stereo total,patty hearst
1653,176133,yazoo,situation
1654,168421,kate nash,i'm not gonna teach your boyfriend how to dance with you (black kids cover)
1655,345067,boa,tragic
1656,169053,belinda,vivir
1657,344907,倖田來未,but
1658,107292,scouting for girls,i need a holiday
1659,168854,belanova,niño
1660,306797,sting,she's too good for me
1661,299252,éric serra,protect life
1662,314760,belly,witch
1663,206997,helmet,smart
1664,122601,lasgo,alone
1665,299251,éric serra,heat
1666,307065,the killers,human (thin white duke club mix)
1667,376298,temposhark,winter's coming
1668,283420,innerpartysystem,die tonight live forever
1669,291508,bif naked,i love myself today
1670,284273,django reinhardt,dinah
1671,291029,django reinhardt,some of these days
1672,284276,django reinhardt,bolero
1673,314498,candy dulfer,sax-a-go-go
1674,290956,bauchklang,i-transmission
1675,207222,korn,word up!(cameo cover)
1676,290965,bauchklang,fire below
1677,290962,bauchklang,don't ask me
1678,222601,international pony,...goodbye!
1679,290968,bauchklang,jamzero
1680,290969,bauchklang,don't ask me / upset
1681,290984,bauchklang,roxanne
1682,290964,bauchklang,sunshine
1683,290995,waxolutionists,a stranger's world
1684,321512,45 dip,lizzie's balloon
1685,169028,snow patrol,jj
1686,169008,snow patrol,"when you're right, you're right (darth vader bringing in his washing mix)"
1687,298722,boozoo bajou,under my sensi (trio elétrico's tip kick mix)
1688,283509,creme de la creme,letzte nacht
1689,307011,modjo,too good to be true
1690,307107,modjo,rollercoaster
1691,307136,david guetta,used to be the one (feat. chris willis)
1692,307000,cassius,somebody
1693,307075,planet funk,piano piano
1694,307121,thomas bangalter,colossus
1695,306985,david guetta,just a little more love
1696,168592,thomas bangalter,club soda
1697,237352,die ärzte,hey huh (in scheiben)
1698,237351,die toten hosen,unsterblich
1699,207365,the crystal method,cherry twist (deadmau5 remix)
1700,306981,bob sinclar,disco 2000 selector
1701,375449,basement jaxx,good luck (tim deluxe funked club mix)
1702,307044,bob sinclar,i feel for you (axwell remix)
1703,306927,red snapper,digging doctor what what
1704,376390,mr. scruff,mr scruff - shrimp
1705,298736,2raumwohnung,spiel mit (acoustic version)
1706,183786,jennifer lopez,mile in these shoes
1707,107287,scouting for girls,she's so lovely
1708,275597,chet baker,tenderly
1709,290898,candi staton,love chain
1710,229714,zapp & roger,more bounce to the ounce
1711,314606,ray charles,leave my woman alone
1712,284092,mariah carey,santa claus is comin' to town
1713,183739,janet jackson,sexhibition
1714,299250,bee gees,how deep is your love (supreme beings of leisure remix)
1715,183969,jennifer lopez,brave
1716,108341,camille,janine ii
1717,99713,peggy lee,a doodlin' song
1718,168444,tapes 'n tapes,the dirty dirty
1719,306328,silverbullit,magnetic city
1720,222186,die fantastischen vier,noch weiter weg
1721,168477,chic,soup for one
1722,329264,rufus,stay
1723,314526,bill withers,let me be the one you need
1724,329266,patrice rushen,settle for my love
1725,168467,chic,strike up the band
1726,344952,ashlee simpson,love makes the world go round
1727,183858,spice girls,headlines (friendship never ends)
1728,344972,lindsay lohan,very last moment in time
1729,206758,jennifer lopez,the one
1730,168876,lindsay lohan,i live for the day
1731,344971,lindsay lohan,disconnected
1732,103516,emma bunton,what took you so long
1733,183992,janet jackson,free xone
1734,169136,christina aguilera,save me from myself
1735,291654,thalía,a quien le importa
1736,183919,prince,guitar
1737,329383,me'shell ndegéocello,lovely lovely
1738,306938,me'shell ndegéocello,virgo
1739,298763,sade,keep looking
1740,183993,janet jackson,rope burn
1741,176098,deee-lite,heart be still
1742,345104,janet jackson,love scene (ooh baby)
1743,183979,deborah cox,nobody's supposed to be here (dance mix)
1744,229684,the alan parsons project,one more river
1745,376321,the alan parsons project,i'd rather be a man
1746,168587,the bar-kays,holy ghost
1747,199572,laura branigan,imagination
1748,306609,ac/dc,dirty eyes
1749,306612,ac/dc,crabsody in blue
1750,291417,ac/dc,this means war
1751,214508,jewel,good day
1752,306593,gary moore,one day
1753,100167,queen,procession
1754,284274,django reinhardt,daphne
1755,290923,john mellencamp,martha say
1756,375206,diana ross,if we hold on together
1757,314454,kool & the gang,dujii
1758,283895,mariah carey,christmas (baby please come home)
1759,169162,christina aguilera,f.u.s.s.
1760,122517,kylie minogue,giving you up
1761,376511,tina turner,way of the world
1762,107194,nilsson,without you
1763,107262,queen,is this the world we created
1764,199072,gza/genius,super freak
1765,191872,rza,afro samurai theme (first movement) (instrumental)
1766,191886,rza,afro samurai theme (second movement) (instrumental)
1767,191874,rza,bazooka fight (instrumental 2)
1768,191885,rza,fury in my eyes / revenge (feat. thea)
1769,191878,rza,tears of a samurai (instrumental)
1770,191871,rza,who is tha man (feat. the reverend william burk)
1771,191865,rza,afro intro (instrumental)
1772,191870,rza,bazooka fight (instrumental 1)
1773,191866,rza,"certified samurai (feat. talib kweli, lil free & suga bang bang)"
1774,191868,rza,oh (stone mecca)
1775,306843,infant sorrow,inside of you
1776,344814,the charlatans,area 51
1777,191518,the doors,maggie m'gill
1778,168585,neon neon,stainless style
1779,176217,the black keys,things ain't like they used to be
1780,176390,the duke spirit,take a look around
1781,352380,this heat,the fall of saigon
1782,352468,this heat,music like escaping gas
1783,352317,this heat,water
1784,352331,this heat,24 track loop
1785,229724,titiyo,come along
1786,367510,elisa,qualcosa che non c'è
1787,367453,elisa,a feast for me
1788,367535,elisa,a prayer
1789,367565,elisa,bitter words
1790,245085,new found glory,when i die
1791,168843,natasha thomas,skin deep
1792,345102,disney,bop to the top
1793,306957,lexter,freedom to love
1794,207128,nortec collective,babel
1795,314467,selig,knockin' on heaven's door
1796,344503,scooter,summer wine
1797,291076,vanessa amorosi,absolutely everybody
1798,191797,tori amos,martha's foolish ginger
1799,122664,the cranberries,i will always
1800,260549,biohazard,salvation
1801,99664,jack nitzsche,the last race
1802,207506,nine inch nails,only (el-p mix)
1803,207507,nine inch nails,only (richard x mix)
1804,84268,dispyz,we came to overtake!!!!
1805,199590,revolting cocks,attack ships on fire
1806,176132,pailhead,i will refuse
1807,84313,felix da housecat,mad sista
1808,260400,white zombie,super-charger heaven (adults only mix)
1809,299040,white zombie,blur the technicolor
1810,191533,the doors,talking blues
1811,84418,max richter,the blue notebooks
1812,84433,brian reitzell & roger j. manning jr. - on the subway,brian reitzell & roger j. manning jr. - on the subway
1813,84531,bruno coulais,l'arrivée à l'école
1814,84533,bruno coulais,les partitions
1815,84536,bruno coulais,cerf-volant
1816,84537,bruno coulais,sous la pluie
1817,84538,bruno coulais,compère guilleri
1818,84444,tied & tickled trio,radio sun 3
1819,283876,tori amos,personal jesus (04/17/05)
1820,84519,fennesz,onsay
1821,84524,fennesz,asusu
1822,192008,múm,"i can't feel my hand any more,"
1823,376355,jello,shinoque
1824,214477,川井憲次,nightstalker
1825,375441,william orbit,adagio for strings (atb remix)
1826,352220,windy & carl,the sun
1827,352221,windy & carl,balance (trembling)
1828,344799,spacemen 3,2:35 (version 2)
1829,306858,damien rice,the blower's daughter (continued)
1830,283521,tori amos,upside down
1831,268045,thomas/mayer,panic room
1832,268017,jonas bering,glass
1833,299228,casino versus japan,said virgo
1834,299217,john williams,confluence
1835,299218,john williams,a dream discarded
1836,299219,john williams,sayuri's theme and end credits
1837,283732,lisa ekdahl,sunny weather
1838,284142,lisa ekdahl,but not for me
1839,299700,lisa ekdahl,only you
1840,306978,doctor rockit,café de flore (charles webster's latin lovers mix)
1841,222624,daedelus,hardly hip-hop
1842,307158,subtle,song meat
1843,298773,the notwist,lichter 2
1844,126908,benoît pioulard,patter
1845,314429,felix laband,black shoes
1846,283969,the sugarcubes,"planet (graham massey planet suite, part 2)"
1847,283970,the sugarcubes,gold (todd terry mix)
1848,299629,pornopop,stop
1849,299625,pornopop,it doesn't mean a thing
1850,299626,pornopop,little kafka
1851,299628,pornopop,wired to the cold metallic scene
1852,375339,alexandre desplat,people's princess 1
1853,375342,alexandre desplat,a new prime minister
1854,375341,alexandre desplat,elizabeth & tony
1855,375340,alexandre desplat,tony & elizabeth
1856,183736,sarah mclachlan,fallen (gabriel & dresden anti-gravity mix)
1857,207098,triosk,moment returns
1858,207097,triosk,fear survivor
1859,283683,alanis morissette,would not come
1860,352334,scott walker,the cockfighter
1861,291047,björk,hidden place (hidden anger mix)
1862,191572,tori amos,marys of the sea
1863,299661,alva noto,haliod xerrox copy 9
1864,245363,maps & diagrams,just beyond träskmossen
1865,245350,maps & diagrams,"the same day, yesterday"
1866,207293,eluvium,"time-travel of the sloth, parts i, ii & iii"
1867,101847,jon brion,get what it's about
1868,298862,jack wall & sam hulick,a very dangerous place
1869,298863,jack wall & sam hulick,feros
1870,298864,jack wall & sam hulick,protecting the colony
1871,298865,jack wall & sam hulick,the thorian
1872,298866,jack wall & sam hulick,noveria
1873,291478,jack wall & sam hulick,virmire ride
1874,291479,jack wall & sam hulick,love theme
1875,291480,jack wall & sam hulick,uncharted worlds
1876,291481,jack wall & sam hulick,ilos
1877,291482,jack wall & sam hulick,vigil
1878,291483,jack wall & sam hulick,sovereign's theme
1879,291484,jack wall & sam hulick,battling saren
1880,376291,tycho,phoenix cylinder
1881,191626,david bowie,helden (single version)
1882,191627,david bowie,ashes to ashes (single version)
1883,191656,david bowie,fashion (single version)
1884,191629,david bowie,china girl (single version)
1885,314961,saltillo,praise
1886,206916,dj krush,blank
1887,207197,grails,more extinction
1888,207224,grails,silk rd
1889,376313,philip jeck,unveiled
1890,376314,philip jeck,chime again
1891,376315,philip jeck,shining
1892,214513,cirkus,fools
1893,376292,tycho,overlook
1894,306929,christ.,a giant bird
1895,306896,everything but the girl,a piece of my mind
1896,356742,goldmund,mound builders
1897,191624,bear mccreary,destiny
1898,298703,unkle,getting ahead in the lucrative
1899,307017,blue six,sweeter love
1900,169111,playa limbo,el eco de tu voz
1901,299239,kylie minogue,cherry bomb
1902,283868,tori amos,leather (alternate mix)
1903,314324,khoiba,make no silence
1904,268053,deadbeat,roots and wire
1905,314540,parov stelar,storm
1906,267948,cujo,the light
1907,314962,saltillo,002 f#m
1908,298748,9 lazy 9,sunday monday
1909,168963,hilary duff,with love
1910,283824,happy rhodes,serenading genius
1911,168677,dan deacon,paddling ghost
1912,291453,dave matthews band,halloween
1913,207243,our lady peace,in repair
1914,283247,our lady peace,are you sad?
1915,283345,lovedrug,paper scars
1916,207061,andy mckee,samus' stardrive
1917,299692,urma,slide
1918,161036,type o negative,the glorious liberation of the people's technocratic republic of vinnland by the combined forces of the united territories of europa
1919,88494,angels of light,because she was
1920,88568,the afghan whigs,her against me
1921,314382,louis armstrong,as time goes by
1922,191974,zero 7,today - feat. jose gonzales
1923,88620,zero 7,left behind - feat. jose gonzales
1924,299580,arab strap,loch leven (intro)
1925,299581,arab strap,glue
1926,298767,soul asylum,without a trace
1927,375424,thievery corporation,.38.45 (a thievery number) (feat. see-i & al williams)
1928,375285,basil kirchin,"packing, printing & light assembley"
1929,375262,basil kirchin,communication
1930,375260,basil kirchin,lunch hour pops
1931,352150,lightning bolt,into the valley
1932,352154,lightning bolt,murk hike
1933,352309,lightning bolt,fleeing the valley of whirling knives
1934,352246,lightning bolt,mistake
1935,299662,radian,vertigo
1936,299663,radian,rapid eye movement
1937,299664,radian,transistor
1938,299680,radian,ontario
1939,299679,radian,tester
1940,329181,sun ra,medicine for a nightmare
1941,245372,venetian snares,where's bill?
1942,376458,supersilent,8.1
1943,376459,supersilent,8.3
1944,352439,can,doko e
1945,352362,supersilent,4.4
1946,229818,roots manuva,no strings...
1947,252650,better than ezra,our last night
1948,306946,agoria,all i need
1949,299697,omar rodriguez-lopez,of blood blue blisters
1950,298680,everything but the girl,a country mile
1951,252720,ils,music
1952,298744,lamb,b line (herbaliser mix)
1953,298728,groove armada,easy (deep shelf mix)
1954,290945,matmatah,lambé an dro
1955,298732,quallofill,rhodoid
1956,298731,sneaker pimps,nush mix
1957,375445,ed rush & optical,dozer
1958,284238,sarah mclachlan,vox (extended)
1959,275609,the rolling stones,sympathy for the devil (fatboy slim remix)
1960,130237,orbital,beelzebeat
1961,168517,butthole surfers,the lord is a monkey
1962,176116,the watson twins,just like heaven
1963,99618,cadallaca,o chenilla
1964,245108,the make-up,every baby cries the same
1965,367446,scout niblett,12 miles
1966,375372,rotary connection,lady jane
1967,168515,butthole surfers,tv star
1968,283940,tori amos,miracle
1969,283939,tori amos,drive all night
1970,345398,klaus nomi,after the fall
1971,283863,tori amos,1000 oceans
1972,376179,jane siberry,all the candles in the world
1973,376467,grace jones,private life (long version)
1974,290927,the bellrays,tell the lie
1975,344823,the kinks,she's bought a hat like princess marina
1976,344824,the kinks,young and innocent days
1977,306965,marsmobil,astralbody
1978,115129,dead kennedys,forward to death
1979,252624,wipers,window shop for love
1980,176221,throwing muses,university
1981,168522,the sleepy jackson,mourning rain
1982,283869,tori amos,precious things (alternate mix)
1983,283866,tori amos,crucify (unedited single version)
1984,283867,tori amos,flying dutchman (alternate mix)
1985,283522,tori amos,black swan
1986,275787,neu world order,everything on the line
1987,275808,neu world order,military industrial complex
1988,275809,neu world order,osama
1989,275805,neu world order,machine 1
1990,352198,the names,music for someone
1991,275811,neu world order,globalization
1992,275813,neu world order,economic slavery
1993,275812,neu world order,death gamble
1994,275810,neu world order,federal reserve system
1995,275817,neu world order,thirdworldization
1996,207285,the stooges,free & freaky
1997,306630,paul gilbert,get out of my yard
1998,367497,dustin o'halloran,opus 17
1999,168432,boys noize,the battery
2000,344689,günther,ding dong song
2001,376141,p.i.f.,колело
2002,222144,municipal waste,the art of partying
2003,299314,urma,get a life
2004,299315,urma,refuse
2005,299316,urma,september
2006,260579,nirvana,"if you must (demo, 1988)"
2007,260421,nirvana,"you know you're right (solo acoustic, 1994)"
2008,260379,nirvana,"been a son (solo acoustic, 1990)"
2009,375947,p.i.f.,приказка
2010,376136,p.i.f.,кой си ти?
2011,375987,p.i.f.,лебед
2012,375983,p.i.f.,спомен
2013,91944,less than jake,son of dick
2014,91869,massive attack,everybody's got a family
2015,375985,p.i.f.,ти
2016,314697,bobby hughes combination,nattergalen
2017,375950,остава,един ден
2018,375919,остава,елвис радио
2019,283314,inme,underdose
2020,344630,robbie williams,get the joke
2021,91888,梶浦由記,where you are
2022,176075,charles mingus,my jelly roll soul
2023,376303,chroma key,s.o.s.
2024,91932,richard cheese,milkshake
2025,375986,p.i.f.,времето внезапно спря
2026,92000,carter burwell,bella is part of the family
2027,92018,hans zimmer,the protector of rome
2028,92023,hans zimmer,maximus
2029,92024,hans zimmer,marrakesh market place
2030,126934,émilie simon,to the dancers on the ice
2031,168739,marion raven,break you
2032,92102,britney spears,i'm a slave 4 u [jungle mix &  i like you're ass on fire remix]
2033,376130,britney spears,everytime (album version)
2034,92156,wade robson,crazy/remix (britney spears tour 2001)
2035,344936,vanessa hudgens,drive
2036,344918,vanessa hudgens,make you mine
2037,168822,belanova,eres tú
2038,291609,troy and gabriella,start of something new
2039,291677,troy,get'cha head in the game
2040,291128,onerepublic,apologize (onerepublic version)
2041,183741,britney spears,gimme more (sticky club mix)
2042,183966,britney spears,gimme more (junior vasquez & johnny vicious club remix)
2043,126928,no doubt,full circle
2044,314668,tommy emmanuel,mombasa
2045,229877,the aquabats!,magic chicken!
2046,229875,the aquabats!,super rad
2047,214380,big d and the kids table,checklist
2048,229865,five iron frenzy,every new day
2049,306877,obrint pas,novembre
2050,375171,dreadzone,shining path
2051,298560,dropkick murphys,vices and virtues
2052,298558,dropkick murphys,i'll begin again
2053,199769,mano negra,pas assez de toi
2054,291013,le peuple de l'herbe,armaggeddon
2055,206765,radiohead,d.d.t.-kool keith (panzah zand
2056,299600,throwing muses,solar dip
2057,375223,nancy sinatra & lee hazlewood,friday's child
2058,299332,le volume courbe,hanging around
2059,145742,calexico,16 track scratch
2060,199075,girl talk,happen (feat. chris glover)
2061,168493,frank black,tossed
2062,222500,2raumwohnung,spiel mit
2063,307190,john vanderslice,karma police
2064,376517,the whip,muzzle no.1 (original)
2065,307182,the shivers,beauty
2066,285024,hannah fury,the apple
2067,306891,ruby,salt water fish
2068,375209,mute math,peculiar people
2069,99556,dezerter,ku przyszlosci
2070,260391,pidżama porno,permanentna rewolucja
2071,260360,kult,anarchia
2072,260611,republika,psy pawłowa
2073,375286,moulin rouge,bolero
2074,199487,talk talk,it's my life (extended version)
2075,291520,sahara hotnights,drive dead slow
2076,176097,the detroit cobras,it's raining
2077,199091,the cloud room,blue jean
2078,169067,snow patrol,chased by... i don't know what
2079,314795,juliana hatfield,a doe and two fawns
2080,199094,the cloud room,blackout!
2081,222089,sahara hotnights,fire alarm
2082,222090,sahara hotnights,no big deal
2083,222068,sahara hotnights,only the fakes survive
2084,222092,sahara hotnights,fall into line
2085,314192,amy millan,he brings out the whiskey in me
2086,298781,emily haines,doctor blind
2087,206843,feist,see-line woman
2088,176068,throwing muses,not too soon
2089,126903,beirut,mimizan
2090,126924,she & him,i put a spell on you
2091,126907,the bird and the bee,lifespan of a fly
2092,299548,patrick wolf,the marriage
2093,306881,石井妥師,the world without logos
2094,299624,soft machine,fire engine passing with bells clanging
2095,299622,soft machine,have you ever bean green?
2096,267978,susumu yokota,the scream of a sage who lost freedom and love taken for granted before
2097,299130,nina nastasia,nobody knew her
2098,299105,nina nastasia,regrets
2099,299106,nina nastasia,superstar
2100,283825,blood ruby,he's lost
2101,252703,múm,machine gun
2102,252714,lali puna,everywhere all over
2103,283628,love spirals downwards,subsequently
2104,183750,everything but the girl,corcovado (knee deep remix / ben watt vocal re-edit)
2105,298686,ladytron,evil (pop levi mix)
2106,352263,david holmes,slash the seats
2107,376344,max tundra,cabasa
2108,199744,client,don't call me baby
2109,229827,regina,olisitko sittenkin halunnut palata
2110,307097,david guetta,lately
2111,345367,mount sims,unspeakable
2112,199411,client,price of love (sie medway-smith mix)
2113,237337,ween,woman and man
2114,376480,karen dalton,little bit of rain
2115,207353,viva voce,faster than a dead horse
2116,192006,múm,this nothing blowing in the faraway
2117,207373,13 & god,if
2118,267979,wagon christ,underground level
2119,283712,love spirals downwards,mirrors a still sky
2120,298796,pole,huckepack
2121,268046,anders ilar,clouds are made in factories
2122,299780,boxcutter,fieldtrip
2123,252711,digitonal,snowflake vectors
2124,376433,tipper,tip hop
2125,306907,deru,you haunt me
2126,352511,susumu yokota,kawano hotorino kinoshitade
2127,375261,pan•american,redline
2128,375403,andrew pekler,floating tone
2129,288405,krill.minima,das licht durch dein fenster schatten wirft an die wand
2130,252636,shannon wright,when the light shone down
2131,314784,angelfish,sleep with me
2132,288406,krill.minima,in einem traum den ich einst hatte
2133,222437,ajda pekkan,sevdigim adam
2134,222308,amii stewart,working late tonight
2135,222313,semiramis pekkan,sevgilim der misin
2136,222296,ajda pekkan,duygularimin bittigi yerde
2137,222312,ajda pekkan,yere bakan yürek yakan
2138,222489,ayla algan,komşunun oğlu
2139,222324,aris san,espera
2140,222391,mireille mathieu,l'aveugle
2141,222350,julie o'hara,gipsy boy
2142,222461,emel sayın,sensiz olmuyor
2143,222348,donny & marie osmond,on the shelf
2144,222214,emel sayın,sevil de sevme
2145,222504,mine koşan,bahari bekleyen
2146,222515,tuğçe san,neredesin
2147,222561,ferdi özbeğen,o günler
2148,206866,the chemical brothers,believe (ryan durkin remix)
2149,314634,the hoosiers,run rabbit run
2150,222612,neriman köksal,şeker alalım
2151,199877,felix da housecat,harlot (intro)
2152,122602,gina g,ooh ahh... just a little bit
2153,367489,carmen consoli,je suis venue te dire que je m'en vais
2154,222496,sevtap,dünya bana vız gelir
2155,283249,jason mraz,summer breeze
2156,222576,semiramis pekkan,bir gun elime dusersin
2157,222314,semiramis pekkan,dusmanlarim catlasin
2158,222508,aylin urgal,nerelerdeydin
2159,222603,nermin candan,arabaya taş koydum
2160,222495,anne marie david,neşeli gençleriz
2161,222569,gönül yazar,mektubumu buldun mu
2162,168491,ash,envy
2163,123085,the maccabees,diamond solitaire
2164,229669,red hot chili peppers,leverage of space
2165,169102,steriogram,walkie-talkie man
2166,207431,we are scientists,callbacks under the sea
2167,168551,sébastien tellier,divine (midnight juggernauts remix)
2168,307014,alex gopher,tryin'
2169,168614,those dancing days,shuffle
2170,99611,neo,thc
2171,99862,neo,interlude
2172,99612,neo,metro
2173,99560,fight club,chemical burn
2174,99561,fight club,commissioner castration
2175,99562,fight club,space monkeys
2176,99566,carmine coppola,connie's wedding
2177,99545,farben lehre,ulice milcza
2178,99541,farben lehre,nowe helikoptery
2179,260338,farben lehre,choroba polska
2180,260415,t.love,wychowanie
2181,99609,the exploited,police shit
2182,260507,farben lehre,to schizofrenia
2183,260420,farben lehre,kicinsky
2184,99587,dezerter,ratunku policja
2185,99591,clawfinger,hypocrite
2186,99524,gravity kills,goodbye (demo)
2187,99527,g//z/r,the invisible
2188,99530,napalm death,twist the knife (slowly)
2189,99658,hans zimmer,mogadishu blues
2190,99517,dezerter,nic nowego
2191,99519,dezerter,placisz
2192,99589,dezerter,bestia
2193,99558,fight club,"hessel, raymond k."
2194,99670,the coasters,down in mexico
2195,99671,"dave dee, dozy, beaky, mick & tich",hold tight
2196,99669,eddie floyd,"good love, bad love"
2197,99665,smith,baby it's you
2198,99666,ennio morricone,paranoia prima
2199,99617,aretha franklin,baby i love you
2200,99540,farben lehre,kwiaty
2201,99542,farben lehre,garażówka
2202,99544,farben lehre,krótka piosenka
2203,99554,pure fiction,son of a preacher man
2204,99555,pure fiction,"girl, you'll be a woman soon"
2205,99548,pure fiction,ezekiel
2206,99614,hans zimmer,you're so cool
2207,99615,charlie sexton,graceland
2208,99616,robert palmer,(love is) the tender trap
2209,99575,nine inch nails,sin (pinched mix)
2210,99639,clawfinger,breakout (embrace the child inside you)
2211,99594,mademoiselle k,reste là
2212,99595,mcfly,star girl
2213,99597,mcfly,i'll be ok
2214,99602,babayaga ojo,siłę masz
2215,99604,babayaga ojo,teatrzyk
2216,99606,babayaga ojo,co wy robicie!?
2217,99608,babayaga ojo,system
2218,260510,kult,totalna stabilizacja
2219,99706,clint mansell,c24
2220,99613,kazik,03. 220 v
2221,99619,cadallaca,cadallaca theme
2222,99638,patti smith,stride of the mind
2223,99642,clawfinger,what we've got is what you're getting
2224,99643,clawfinger,sick of myself
2225,99644,clawfinger,without a case
2226,99645,clawfinger,the faggot in you
2227,99646,clawfinger,hate yourself with style
2228,99647,clawfinger,dirty lies
2229,99650,closterkeller,coś
2230,99659,fear factory,invisible wounds (the suture mix)
2231,99662,marilyn manson,reunion
2232,99668,joe tex,the love you save (may be your own)
2233,99677,melvins,hooch
2234,99692,kult,brasil
2235,260459,gorillaz,the sounder(edit) -21stcentury
2236,260273,gorillaz,12d3 -21stcentury
2237,99698,antonio vivaldi,spring
2238,99942,deadlock,world domination
2239,99707,kazik na żywo,pierdolę pera
2240,99711,clint mansell,pi*r^2
2241,99727,bratmobile,girlfriends don't keep
2242,99730,cornelius,bug
2243,99738,dawn landes,toy piano
2244,260395,cradle of filth,medusa and hemlock
2245,161235,clint mansell,bfg!
2246,99878,system of a down,honey (demo)
2247,99781,bad brains,fearless vampire killers
2248,260464,kazik,zagubiłem się w mieście 1
2249,99910,rolfe kent,dexter main title
2250,99981,the crystal method,i luv u
2251,99990,camel,lullabye
2252,375255,nilsson,the puppy song
2253,100007,the beatles,moonlight bay
2254,100025,danny elfman,ball & socket lounge music #2
2255,100031,paul mccartney,06_summertime
2256,100104,andrew lloyd webber,magical lasso
2257,176349,jon brion,spotless mind
2258,100183,andrew lloyd webber,pilate's dream
2259,100196,king crimson,clouds
2260,283800,édith piaf,lily marlene
2261,298787,joe pass,autumn leaves
2262,229651,rainbow,danger zone
2263,101136,frederick loewe,overture
2264,199831,king crimson,dig me
2265,229715,mark knopfler,speedway at nazareth
2266,306779,camel,the hour candle
2267,101298,dorothy collins,losing my mind {follies}
2268,100880,robert wyatt,shipbuilding
2269,299172,the beatles,"kansas city / hey, hey, hey"
2270,191898,cole porter,anything goes
2271,229788,rush,red lenses
2272,107196,apollo 100,joy
2273,352356,guided by voices,chicken blows
2274,229680,yes,yesterday and today
2275,101539,glen campbell,don't pull your love / then you can tell me goodbye
2276,329235,eloy,point of no return
2277,314233,richard rodgers & oscar hammerstein ii,prelude and the sound of music
2278,306745,yes,shoot high aim low
2279,299350,tim buckley,it happens every time
2280,306729,yes,masquerade
2281,107220,ella fitzgerald,easy to love
2282,306728,yes,shock to the system
2283,307294,henry mancini,charade (opening titles)
2284,307007,black legend,you see the trouble with me
2285,375303,henry mancini,peter gunn
2286,314330,chicago soundtrack featuring renee zellweger & taye diggs,nowadays (roxie)
2287,229699,yes,the more we live - let go
2288,314235,richard rodgers & oscar hammerstein ii,i have confidence
2289,307296,henry mancini,till there was you
2290,307290,henry mancini,the shadow of your smile
2291,307295,henry mancini,blue satin
2292,306837,mr. big,green-tinted sixties mind
2293,306839,mr. big,lost in america
2294,306838,mr. big,voodoo kiss
2295,191699,boston,cool the engines
2296,283299,nelly furtado,try (acoustic version)
2297,199406,the kinks,little miss queen of darkness
2298,283566,alanis morissette,doth i protest too much
2299,206717,darren hayes,feel
2300,103536,melanie c,be the one
2301,191451,machinae supremacy,escaping the krut
2302,344855,boa,flower
2303,376004,mario,here i go again
2304,291541,k-ci & jojo,crazy
2305,298626,brother firetribe,devil's daughter
2306,314636,backstreet boys,the perfect fan
2307,376198,craig david,do you believe in love
2308,345285,kat deluna,love confusion
2309,291042,scissor sisters,filthy/gorgeous (atoc vs. superbuddha remix)
2310,207466,snow patrol,wow (eddy tm loser remix)
2311,291534,powderfinger,sunsets
2312,314601,arctic monkeys,love machine (live)
2313,199724,syd barrett,two of a kind
2314,183897,darren hayes,a hundred challeging things a boy can do
2315,206696,darren hayes,i can't ever get enough of you
2316,191531,aerosmith,st. john
2317,344726,we shot the moon,sway your head
2318,103500,badfinger,come and get it
2319,103502,olivia newton-john,have you never been mellow
2320,103506,j.j. cale,don't cry sister
2321,103507,larry williams,slow down
2322,103508,herman's hermits,i can take or leave your loving
2323,103510,camila,todo cambió
2324,103513,skye sweetnam,tangled up in me
2325,103514,lindsay lohan,confessions of a broken heart (daughter to father) (remix)
2326,103522,kamelot,interlude i: opiate soul
2327,103523,firewind,i am the anger
2328,103524,axenstar,confess thy sins
2329,103525,stratovarius,fight!!!
2330,103527,n.e.r.d.,thrasher
2331,103534,natasha bedingfield,say it again
2332,168906,jojo,how to touch a girl
2333,291192,geri halliwell,look at me
2334,298785,bing crosby,i'll be home for christmas
2335,103541,the spencer davis group,gimme some lovin'
2336,103542,freddie & the dreamers,you were made for me
2337,103543,the tremeloes,here comes my baby
2338,103544,the fourmost,hello little girl
2339,103546,them,here comes the night
2340,103548,billie holiday,love for sale
2341,107237,jim croce,these dreams
2342,107269,the monkees,shades of gray
2343,107186,kim wilde,chequered love
2344,107188,kim wilde,water on glass
2345,107244,kim wilde,view from a bridge
2346,107245,kim wilde,another step (closer to you)
2347,191817,tom jones,i'm coming home
2348,107256,wings,bluebird
2349,107281,bay city rollers,summerlove sensation
2350,107259,the silhouettes,get a job
2351,306902,keith,98.6
2352,107234,chairmen of the board,give me just a little more time
2353,306930,dionne warwick,wishin' and hopin'
2354,107210,dionne warwick,i'll never fall in love again
2355,107324,jr. walker & the all stars,what does it take (to win your love)
2356,283546,adam ant,dog eat dog
2357,107323,mai tai,history
2358,104534,traffic,medicated goo
2359,107243,helen reddy,leave me alone (ruby red dress)
2360,214720,greg kihn band,jeopardy
2361,107195,joe cocker,she came in through the bathroom window
2362,191485,chris de burgh,fatal hesitation
2363,107190,cliff bennett & the rebel rousers,got to get you into my life
2364,107176,the searchers,don't throw your love away
2365,107272,matchbox,rockabilly rebel
2366,298841,"arthur ""big boy"" crudup",that's all right
2367,311095,new radicals,technicolor lover
2368,107315,huey lewis & the news,workin' for a livin' (live)
2369,107319,huey lewis & the news,some of my lies are true
2370,107314,huey lewis & the news,trouble in paradise
2371,107301,tony tribe,"red, red wine"
2372,291390,saxon,dallas 1 pm
2373,107311,dollar,hand held in black and white
2374,107309,dollar,you take my breath away
2375,107312,dollar,videotheque
2376,306713,marillion,sugar mice
2377,107283,guys 'n' dolls,there's a whole lot of loving
2378,107189,peter sarstedt,frozen orange juice
2379,107216,the wurzels,combine harvester
2380,107274,burl ives,a little bitty tear
2381,222246,anne murray,snowbird
2382,168502,bobbie gentry,i'll never fall in love again
2383,107203,billy joel,sleeping with the television on
2384,107199,the shangri-las,paradise
2385,107276,bangles,walking down your street
2386,107278,bangles,where were you when i needed you
2387,107249,abba,hasta mañana
2388,107253,abba,what about livingstone
2389,107252,abba,my mama said
2390,107193,abba,dance (while the music still goes on)
2391,214554,sarah slean,lucky me
2392,306725,marillion,torch song
2393,352625,edvard grieg,peer gynt - suite no.2
2394,306684,van der graaf generator,the sphinx in the face
2395,268091,tom waits,tom traubert's blues (four sheets to the wind in copenhagen)
2396,107209,sérgio mendes & brasil '66,day tripper
2397,107214,richard cheese,personal jesus
2398,107217,connie francis,who's sorry now
2399,107225,cast,flying
2400,107258,neil sedaka,calendar girl
2401,107260,danny & the juniors,rock and roll is here to stay
2402,107264,the crystals,heartbreaker
2403,107288,scouting for girls,heartbeat
2404,107290,scouting for girls,james bond
2405,107294,crowded house,as sure as i am
2406,107297,crowded house,whispers and moans
2407,107298,crowded house,fame is
2408,107299,crowded house,all i ask
2409,107300,crowded house,tall trees
2410,107304,gabrielle,out of reach (acoustic version)
2411,191608,cinderella,shelter me
2412,191818,john denver,sunshine on my shoulders
2413,199530,japan,taking islands in africa
2414,199650,japan,gentlemen take polaroids
2415,169194,emerson hart,if you're gonna leave
2416,168612,those dancing days,falling in fall
2417,168613,those dancing days,actionman
2418,168615,those dancing days,duet under waters
2419,168616,those dancing days,kids
2420,107768,deltron 3030,new coke
2421,107770,deltron 3030,national movie review
2422,107853,deltron 3030,meet cleofis randolph the patriarch
2423,107854,deltron 3030,the news (a wholly owned subsidiary of microsoft inc.)
2424,107988,deltron 3030,st. catherine st.
2425,107898,cunninlynguists,kentucky (interlude)
2426,107892,cunninlynguists,they call me (interlude)
2427,107900,misfits,spinal remains
2428,107927,people under the stairs,jim sr.
2429,284042,the dubliners,carrickfergus
2430,284043,the dubliners,monto
2431,315099,delerium,you & i
2432,352207,ry cooder,nothing out there
2433,314055,rza,slow grind african
2434,314056,rza,airwaves
2435,229868,save ferris,nobody but me
2436,299456,manu chao and portishead,king of the bongo (breaks mix)
2437,199591,simple minds,chelsea girl
2438,352218,the sound,unwritten law
2439,352665,the sound,coldbeat (live)
2440,108255,van halen,cathedral
2441,352302,a flock of seagulls,windows
2442,352239,a flock of seagulls,living in heaven
2443,199426,duran duran,my own way (night version)
2444,168702,flight of the conchords,foux du fafa
2445,375179,the stone roses,the foz
2446,199732,lene lovich,home
2447,199613,lene lovich,momentary breakdown
2448,199615,lene lovich,be stiff
2449,199748,gary numan,you are in my vision
2450,145915,minutemen,shit from an old notebook
2451,206813,nightmares on wax,fire in the middle
2452,375254,stereolab,blue milk (edit)
2453,376284,mark gardener,the story of the eye (ulrich schnauss remix)
2454,283573,gåte,bendik og årolilja
2455,283581,gåte,snåle mi jente
2456,283881,gåte,til deg
2457,229726,梶浦由記,chloe
2458,229727,梶浦由記,whispering hills
2459,229676,梶浦由記,liar you lie
2460,229728,梶浦由記,sorrow
2461,315034,bentley rhythm ace,jim'll twist it
2462,299873,brainstorm,worlds are comin' through
2463,283923,inkubus sukkubus,sweet morpheus
2464,299196,tom mcrae,one more mile
2465,284239,hans zimmer,barbarian horde
2466,337189,mega nrg man,burning desire
2467,336933,niko,night of fire
2468,298671,peccatum,parasite my heart
2469,336977,jean love,movin' up moving now
2470,299831,skyfire,dimensions unseen
2471,337288,chris t.,i wanna be the night
2472,299572,"ed rush, optical & fierce",alien girl
2473,307099,housemaster boyz,house nation
2474,299763,blixa bargeld,aff 14
2475,283307,blondie,funky town
2476,184189,bodyrox and luciana,yeah yeah (radio edit)
2477,359942,haste the day,eye of the needle
2478,314258,fear before the march of flames,"the lisbon girls, oh the lisbon girls"
2479,314200,amanda woodward,on les aura bien plombés les yéyés
2480,314201,amanda woodward,il nous reste les caillaisses
2481,314202,amanda woodward,la perte
2482,314181,amanda woodward,binaire et lisible
2483,245226,the kidcrash,the ground eats you
2484,245227,the kidcrash,hypothetical basking shark
2485,245263,the chariot,forgive me nashville
2486,245264,the chariot,the trumpet
2487,180716,the sound of animals fighting,un'aria
2488,191400,machinae supremacy,elite
2489,214408,portugal. the man,our times
2490,245148,botch,wounded
2491,306404,we the kings,stay young
2492,306406,we the kings,whoa
2493,306405,we the kings,this is our town
2494,245166,pg.99,ruiner of life
2495,245167,pg.99,comedy of christ
2496,245168,pg.99,skin pack
2497,245169,pg.99,hotel nevada 1982
2498,245170,pg.99,humans with forked tongues
2499,207009,these arms are snakes,mescaline eyes
2500,207010,these arms are snakes,child chicken play
2501,207012,these arms are snakes,abracadabraca
2502,306953,fantômas,page 27 [15 frames]
2503,137794,aiden,our gangs dark oath
2504,314252,the appleseed cast,kilgore trout
2505,359935,a day to remember,fast forward to 2012
2506,229863,reel big fish,boss dj
2507,291425,bad religion,hooray for me...
2508,245171,pg.99,"murder, conductor"
2509,245172,pg.99,sounds of gravesites (upturned)
2510,245106,pg.99,a noise piece done by someone/mary get your knife
2511,245173,pg.99,by the fireplace in white
2512,291449,boysetsfire,full color guilt
2513,260479,boysetsfire,high wire escape artist
2514,145811,...and you will know us by the trail of dead,the day the air turned blue
2515,314768,some girls,gonna set my soul on fire
2516,345326,breathe carolina,see you again
2517,306627,green day,f.o.d.
2518,298947,the immortals,"techno-syndrome 7"" mix"
2519,245259,poison the well,composer meet corpse
2520,245260,poison the well,you will not be welcomed
2521,245262,poison the well,naive monarch
2522,245261,poison the well,riverside
2523,314185,brandtson,escapist
2524,307140,r.e.m.,wanderlust
2525,206841,static-x,shadow zone
2526,260558,linkin park,esaul (place for my head demo version)
2527,206976,static-x,get to the gone (demo)
2528,207492,the prodigy,get up get off (fujikato+dancingdiscoduke remix)
2529,260622,reamonn,swim (live)
2530,314184,brandtson,who are you now?
2531,207496,the prodigy,medusa bitch (cry.on.my.console)
2532,283285,nickelback,saturday night's alright (for fighting)
2533,260486,crazy town,beautiful
2534,252667,better than ezra,good (live)
2535,260588,linkin park,hole
2536,314531,lostprophets,gothic
2537,291246,therapy?,teethgrinder
2538,260336,static-x,burn to burn
2539,314614,lenny kravitz,i don't want to be a star
2540,283357,relient k,life after death and taxes (failure ii)
2541,291323,monster magnet,dinosaur vacume
2542,206793,static-x,just in case
2543,306626,bad religion,sowing the seeds of utopia
2544,291376,van halen,5150
2545,191841,van halen,ain't talkin' 'bout love (live)
2546,191592,alice cooper,die for you
2547,199460,simple minds,ghostdancing
2548,176482,the aquabats!,fight song!
2549,183764,evanescence,good enough
2550,283480,smile empty soul,silhouettes
2551,299579,radiohead,amnesiac/morning bell
2552,306770,van halen,jamie's crying
2553,375479,fountains of wayne,seatbacks and traytables
2554,283304,institute,boom box
2555,260298,linkin park,points of authority (second mix)
2556,299761,wax tailor feat. charlotte savary,our dance
2557,207032,static-x,love dump (demo)
2558,260290,static-x,otsegolectric (demo)
2559,260335,linkin park,she shines
2560,291326,metallica,seek & destroy (live)
2561,376107,metallica,green hell
2562,191575,janis joplin,one good man
2563,207203,static-x,electric pulse
2564,306388,state of shock,money honey
2565,191792,van halen,give to live
2566,375864,metallica,prowler / run to the hills
2567,314550,richard cheese,bullet the blue sky
2568,229872,goldfinger,counting the days
2569,207440,emil bulls,angel delivery
2570,207088,emil bulls,cocoon
2571,207085,emil bulls,moloko velocet
2572,207225,emil bulls,newborn
2573,375170,seether,gasoline (live)
2574,345372,daft punk,shiny disco balls
2575,168748,inxs,perfect strangers
2576,283303,enrique iglesias,hero (original)
2577,291560,escape the fate,dragging dead bodies in blue bags up really long hills
2578,291346,marc seal,highway blues
2579,376452,alton ellis,sunday coming
2580,268009,maanam,to tylko tango
2581,176077,leaves,catch
2582,206820,rage against the machine,testify (rowena projects mix)
2583,114876,kaliber 44,jeden
2584,114873,kaliber 44,dwa
2585,114877,kaliber 44,trzy
2586,299132,sonicflyer,tonight
2587,376327,steven wilson,well you're wrong
2588,376326,steven wilson,cover version v
2589,307112,luomo,the tease is over
2590,307026,luomo,make believe
2591,114975,the damned,torture me
2592,115063,gg allin,assface
2593,114963,blacklisted,my advice
2594,114964,blitz,4q
2595,114976,blitz,i don't need you
2596,115043,blitz,criminal damage
2597,115009,blitz,moscow
2598,115012,blacklisted,long way home
2599,115334,blitz,never surrender
2600,267981,sham 69,what have we got
2601,115191,the vibrators,yeah yeah yeah
2602,115130,the 4-skins,a.c.a.b.
2603,115092,blacklisted,that ain't real much
2604,115294,crass,hurry up garry (the parsons farted)
2605,311041,the 4-skins,bread or blood
2606,115298,blacklisted,crossed fingers
2607,115262,the ruts,criminal mind
2608,352568,blitz,husk
2609,376472,elvis presley,here comes santa claus (right down santa claus lane)
2610,376473,elvis presley,(there'll be) peace in the valley (for me)
2611,115338,the varukers,no masters no slaves
2612,115340,the varukers,don't conform
2613,115344,discharge,realities of war
2614,115387,kill baby kill,mother europe
2615,115365,xtract,war heroes
2616,115367,no choice,big boots
2617,311079,the partisans,bastards in blue
2618,311065,the partisans,police story
2619,115381,subway army,19 at 2
2620,115399,žofka,beignet au chocolat
2621,306203,nuspirit helsinki,hard like a rock (feat. daddy ous)
2622,329223,butti 49,kongo mongo
2623,376389,briskey,sweltering sirocco
2624,206867,nightmares on wax,wait a minute / prayin' for a jeepbeat
2625,283899,bertine zetlitz,500
2626,314543,liquid soul,lobster boy's revenge
2627,314544,liquid soul,opium jacuzzi
2628,314356,khoiba,half in
2629,314547,fun lovin' criminals,sugar
2630,306225,nuspirit helsinki,honest feat. nicole willis
2631,306202,nuspirit helsinki,trying (feat. mercury)
2632,306223,nuspirit helsinki,montana roja
2633,291006,gabin,just be yourself (feat. china moses)
2634,291007,gabin,...and she's still watching me (feat. china moses)
2635,329177,watoo watoo,l'attrait
2636,329272,tord gustavsen trio,vesper
2637,283709,love spirals downwards,sidhe
2638,283710,love spirals downwards,write in water
2639,283711,love spirals downwards,avincenna
2640,344734,pat metheny group,have you heard
2641,314538,pauline london,love can sing
2642,314955,antônio carlos jobim,lamento
2643,207129,gustavo santaolalla,breathing soul
2644,207245,bonobo,nightlife (feat. bajka)
2645,267972,lefties soul connection,"sling shot, part 2"
2646,268014,lefties soul connection,the chank
2647,183916,motorcycle,as the rush comes (gabriel & dresden chillout mix)
2648,222462,mercedes sosa,como la cigarra
2649,291026,de-phazz,style
2650,252622,nina simone,ain't no use
2651,130287,bajofondo,tangodrome
2652,222397,marie laforêt,manchester et liverpool
2653,315117,de-phazz,hero dead and gone (reversed mix)
2654,315118,de-phazz,downtown tazacorte
2655,315119,de-phazz,jazz music (strings)
2656,315120,de-phazz,plastic love memory (no. nine)
2657,329388,angélique kidjo,babalao
2658,214367,édith piaf,bravo pour le clown
2659,367456,carmen consoli,preghiera in gola
2660,191880,deep purple,son of alerik
2661,299488,noir désir,les écorchés
2662,352352,étienne daho,tombé pour la france
2663,267930,parov stelar,the one (feat. miss anita riegler)
2664,314806,alice russell,sweet is the air (feat. natureboy)
2665,191873,big brother & the holding company,"bye, bye baby"
2666,252637,abe vigoda,skeleton
2667,283372,between the trees,the way she feels
2668,206767,radiohead,paranoid android (bonus beats
2669,299617,dikta,breaking the waves
2670,192005,múm,kostrzyn
2671,214585,the silk demise,corridor fog
2672,275618,tricky,pumpkin feat. alison goldfrapp
2673,191959,谭盾,the encounter
2674,245344,squarepusher & afx,freeman hardy & willis acid
2675,376440,funki porcini,butler's groove
2676,306989,cassius,i'm a woman
2677,191960,谭盾,a love before time (english)
2678,375401,dustin o'halloran,opus #13
2679,306992,spektrum,kinda new (we all live & die) (dirty south '07 remix)
2680,290929,imogen heap,headlock (live lounge in toronto)
2681,199534,indochine,un jour dans notre vie
2682,245130,the walkmen,many rivers to cross
2683,375415,erik satie,gymnopedie no.1
2684,298784,lemongrass,stretch my arms
2685,298771,smolik,sip
2686,245248,dear and the headlights,paper bag
2687,307293,flunk,true faith (recorded live)
2688,298752,novika,silent is pure
2689,260591,moonspell,a poisoned gift
2690,298988,front line assembly,falling
2691,229771,sixx:a.m.,courtesy call
2692,306867,nacha pop,la chica de ayer
2693,307258,lamb,alien (photek mix)
2694,191577,janis joplin,turtle blues
2695,329350,janis joplin,misery'n
2696,206784,radiohead,banana co
2697,375468,starflyer 59,mic the mic
2698,299185,death by kite,himmelfahrtskommando
2699,199464,indochine,miss paramount
2700,306494,warcry,contra el viento
2701,307004,crookers,knobbers
2702,183872,yoko ono,you're the one (bimbo jones main mix)
2703,314753,porno for pyros,blood rag
2704,352339,lowgold,the same way
2705,352396,trans am,i want it all
2706,306207,evan dando,all my life
2707,207237,manic street preachers,the second great depression
2708,191815,bear mccreary,starbuck takes on all eight
2709,307034,peter horrevorts,evolver
2710,252699,runrig,an toll dubh
2711,169201,manic street preachers,indian summer
2712,375530,deluxe,pájaros negros
2713,222174,les rythmes digitales,soft machine
2714,298738,j.j. cale,lies
2715,329188,bonnie raitt,not the only one
2716,222327,steve miller band,rock'n me
2717,375533,deluxe,es verdad
2718,375532,deluxe,el cielo
2719,375531,deluxe,los días fríos
2720,375528,deluxe,reconstrucción (el mejor momento)
2721,375491,the sunday drivers,paranoid
2722,329355,savoy brown,tell mama
2723,207139,the olivia tremor control,marking time
2724,119073,of montreal,maple licorice
2725,119074,of montreal,barely asian at the beefcake horizon
2726,176110,red house painters,mistress (piano version)
2727,176121,red house painters,brown eyes
2728,245470,venetian snares,ornamental grape bone
2729,229826,regina,katso maisemaa
2730,206812,nightmares on wax,ethnic majority
2731,206814,nightmares on wax,jorge
2732,206808,nightmares on wax,finer
2733,206809,nightmares on wax,argha noah
2734,206810,nightmares on wax,capumcap
2735,168678,dan deacon,snookered
2736,168679,dan deacon,of the mountains
2737,168680,dan deacon,surprise stefani
2738,168682,dan deacon,woof woof
2739,168683,dan deacon,slow with horns / run for your life
2740,176214,grateful dead,truckin'
2741,299826,autopsy,funereality
2742,222065,carcass,go to hell
2743,299828,origin,vomit you out
2744,299829,1349,the usurper (live)
2745,222032,burzum,svarte troner
2746,299850,1349,i am abomination
2747,314503,lit,a place in the sun
2748,283278,fuel,knives
2749,252660,better than ezra,extra ordinary
2750,283383,daphne loves derby,what we have been waiting for
2751,283370,kevin devine,"lord, i know we don't talk"
2752,359916,senses fail,negative space
2753,314190,new found glory,2's & 3's
2754,207100,justin bond & the hungry march band,in the end
2755,207513,secret machines,flying
2756,345268,katy perry,use your love
2757,168845,teddy geiger,these walls
2758,283413,gavin degraw,cheated on me
2759,168801,alejandra guzmán,mala hierba
2760,345192,everybody else,"rich girls, poor girls"
2761,375539,ryan cabrera,say
2762,375537,ryan cabrera,in between lights
2763,375540,ryan cabrera,i shoulda kissed u
2764,375542,ryan cabrera,please don't lie
2765,283748,ani difranco,'tis of thee
2766,283749,ani difranco,virtue
2767,283751,ani difranco,angel food
2768,283851,ani difranco,loom
2769,207359,bob dylan,make you feel my love
2770,176229,pink mountaintops,"plastic man, you're the devil"
2771,207450,viva voce,believer
2772,207006,viva voce,so many miles
2773,199465,orbital,belfast (original version)
2774,291105,kelis,i don't think so
2775,206951,the black keys,have mercy on me
2776,206847,jimmy eat world,drugs or me (styrofoam remix)
2777,206850,smoosh,la pump
2778,206851,smoosh,about the picture
2779,376430,two lone swordsmen,damp
2780,345405,that handsome devil,elephant bones
2781,298831,fat jon,how you feel
2782,122485,cornershop,norwegian wood (this bird has flown)
2783,122489,cornershop,what is happening?
2784,122496,patton oswalt,here we go
2785,122499,patton oswalt,clean filth
2786,122500,patton oswalt,the miracle of childbirth
2787,122502,patton oswalt,the dukes of hazzard
2788,122503,patton oswalt,alternate earth
2789,122504,patton oswalt,best week never
2790,122509,ted leo and the pharmacists,come baby come
2791,306392,our lady peace,shaking
2792,122519,qed,islands (valentin radio mix)
2793,122513,narcotic thrust,i like it (radio edit)
2794,122531,mynt featuring kim sozzi,stay (radio edit)
2795,122516,atb,ecstasy (at&b airplay mix)
2796,122518,crazy frog,axel f
2797,122520,d.h.t.,listen to your heart (radio edit)
2798,122547,tess,the second you sleep
2799,122521,sylver,make it
2800,122522,intenso project,get it on
2801,122523,stonebridge,put 'em high (feat. therese)
2802,122527,tlc,turntable
2803,122534,da buzz,let me love you
2804,122532,candee jay,if i were you
2805,122533,abigail,you set me free
2806,122553,ann lee,two times
2807,122556,kelly clarkson,behind these hazel eyes (hardbounce remix)
2808,122544,deep dish,say hello (radio edit)
2809,122562,freemasons,love on my mind (radio edit)
2810,122545,da buzz,alive (radio edit)
2811,122555,becky baeling,getaway
2812,122550,aurora,real life (radio edit)
2813,122558,bananarama,move in my direction (radio edit)
2814,122554,dannii minogue,you won't forget about me
2815,122561,mariah carey,it's like that (david morales radio mix)
2816,122564,kelly clarkson,since u been gone (jason nevins radio edit)
2817,122566,groove coverage,poison (radio edit)
2818,122568,faith evans,mesmerized (freemasons radio edit)
2819,122586,bob sinclar,love generation (radio edit)
2820,122573,taxi doll,waiting
2821,122572,άννα βίσση,call me (valentin radio edit)
2822,122577,mynt,stay (original mix)
2823,122584,marly,saturday (morjac radio)
2824,122590,joey negro,make a move on me (radio edit)
2825,122598,madonna,fighting spirit
2826,122600,bon garçon,freek u (full intention radio edit)
2827,122599,amber,just like that
2828,122596,lonnie gordon,happening all over again
2829,122604,stunt,raindrops (radio edit)
2830,122611,jenna drey,why should i believe you (dance remix)
2831,122607,heather headley,in my mind (freemasons radio mix)
2832,122614,jacinta,sunshine (johnny budz radio mix)
2833,122612,danielle bollinger,kiss the sky (mike rizzo global radio edit)
2834,122615,debbie loeb,faraway (valentin radio edit)
2835,122616,madonna,sorry (single edit)
2836,122619,scent,up & down
2837,122624,shapeshifters,incredible (radio edit)
2838,122620,kim sozzi,alone (valentin radio edit)
2839,122623,freemasons,watchin' (radio mix)
2840,122628,disconfect featuring andrea martin,story of my life (original radio edit)
2841,122627,narcotic thrust,waiting for you [radio edit]
2842,122634,sunblock feat. robin beck,first time (radio)
2843,122635,sunblock feat. robin beck,first time (radio edit)
2844,122642,lasgo,all night long (radio edit)
2845,122644,sarah atereth,fade away (mike rizzo radio edit)
2846,122663,benassi bross feat. sandy,feel alive (radio edit)
2847,122648,sarah atereth,fade away (johnny budz remix)
2848,122653,p!nk,who knew (bimbo jones radio edit)
2849,122654,september,satellites (us mix)
2850,122652,brooke hogan & paul wall,about us (featuring paul wall) [up in my bizness remix/radio edit]
2851,122651,chris farlowe,pastime paradise
2852,122659,sunloverz,shine on
2853,122658,persephone's bees,nice day (chris cox radio mix)
2854,122656,peter luts & dominico,what a feeling (radio edit)
2855,122660,dirty south vs. evermore,it's too late (dirty south remix)
2856,122662,beyoncé,one night only
2857,122667,roger sanchez feat. katherine ellis,lost (radio edit)
2858,122668,kathy phillips,when you say nothing at all (radio mix)
2859,122669,patsy cline,heartaches
2860,122671,patsy cline,south of the border (down mexico way)
2861,122672,patsy cline,foolin' around
2862,122674,patsy cline,true love
2863,183770,justin timberlake,lovestoned i think she knows (tiësto remix edit)
2864,299200,taylor dayne,heart of stone
2865,299199,taylor dayne,with every beat of my heart
2866,183988,paula abdul,"dance like theres no tomorrow, part 1"
2867,184142,robyn,who's that girl (seamus haji radio edit)
2868,122892,estelle,american boy (no rap)
2869,122894,the san francisco gay men's chorus,tonight
2870,184195,madonna,4 minutes (feat. justin timberlake & timbaland) (peter saves new york edit)
2871,314245,the cast of buffy the vampire slayer,i've got a theory
2872,168415,justin timberlake,love stoned (justice remix)
2873,168694,shout out out out out,procrastinator's fight song
2874,168581,shout out out out out,they tear down houses don't they?
2875,291394,the cast of buffy the vampire slayer,what you feel
2876,352635,prinzhorn dance school,you are the space invader
2877,168520,metronomy,nights intro
2878,345212,jonas brothers,hello goodbye
2879,168704,flight of the conchords,leggy blonde (feat. rhys darby)
2880,345214,jonas brothers,kids of the future
2881,283745,vienna teng,feather moon
2882,207473,the cure,inbetween days (shiver mix)
2883,124305,dallas,cosmic baby
2884,124158,kurjam,oi-punkari laul / oi-punk song
2885,183815,timbaland,apologize (feat. onerepublic)
2886,168643,she wants revenge,"first, love"
2887,168472,sophe lux,lonely girl
2888,168473,sophe lux,marie antoinette robot 2073 (a rock opera)
2889,168474,sophe lux,president
2890,352230,the psychedelic furs,yes i do (merry-go-round)
2891,199065,heatmiser,rest my head against the wall
2892,222104,joan jett and the blackhearts,victim of circumstance
2893,306371,the breeders,grunggae
2894,222329,adult.,human wreck (radio edit)
2895,376166,nico,das lied der deutschen
2896,168557,junior senior,"dance, chance, romance"
2897,125599,loretta lynn,family tree
2898,207340,minus the bear,michio's death drive (michio a.k.a. monostereo remix)
2899,207383,minus the bear,the fix (plan b remix)
2900,207382,minus the bear,hooray (dark baby remix)
2901,207341,minus the bear,pachuca sunrise (alias remix)
2902,299827,pestilence,proliferous souls
2903,284403,dark funeral,bloodfrozen
2904,260615,moonspell,subversion
2905,222145,dissection,no dreams breed in breathless sleep
2906,245102,fear before the march of flames,my (fucking) deer hunter
2907,207342,minus the bear,the game needed me (the oktopus remix)
2908,299045,bloodbath,mock the cross
2909,314196,every time i die,godspeed us to sea
2910,207272,jeff buckley,so real (live and acoustic in japan)
2911,126948,gamine,requiem no. 1
2912,214616,delerium,magic (feat. julee cruise)
2913,126935,pelle carlberg,clever girls like clever boys much more than clever boys like clever girls
2914,314512,willie nelson,gravedigger
2915,268096,chad vangaalen,kill me in my sleep
2916,283419,gavin rossdale,love remains the same
2917,168559,junior senior,together for one last dance
2918,376268,komeda,blossom (got to get it out)
2919,126943,paris combo,fibre de verre
2920,126930,papas fritas,way you walk
2921,176081,crooked fingers,new drink for the old drunk
2922,126946,whiskeytown,drank like a river
2923,199393,mother mother,o my heart
2924,207504,american music club,all the lost souls welcome you to san francisco
2925,199388,mother mother,body of years
2926,283417,the black ghosts,anyway you choose to give it (radio edit)
2927,283961,sofia talvik,street of dreams
2928,176254,lenka,we will not grow old
2929,283960,sofia talvik,it's just love
2930,126937,the magnetic fields,famous
2931,283936,sofia talvik,what happened on the bridge today
2932,126904,carla bruni,you belong to me
2933,126906,carla bruni,ma jeunesse
2934,126909,ponytail,g shock
2935,126912,bishop allen,the ancient commonsense of things
2936,126916,feist,train song (w/ ben gibbard)
2937,126915,bishop allen,dirt on your new shoes
2938,126917,clem snide,chinese baby
2939,126919,blind lemon jefferson,gone dead on you blues
2940,126920,neko case and her boyfriends,thanks a lot
2941,126922,radiohead,15 step (live @ 2009 grammys)
2942,126923,department of eagles,love me
2943,126925,the lonely island,natalie (snl)
2944,126929,edson,"sunday, lovely sunday"
2945,126931,holly golightly & the brokeoffs,gettin' high for jesus
2946,126932,ella fitzgerald,looking for a boy
2947,126938,the magnetic fields,when you're old and lonely
2948,126939,the whitest boy alive,24k
2949,126940,bishop allen,don't hide away
2950,126950,the long blondes,nostalgia (glass candy remix)
2951,126941,whiskeytown,revenge
2952,126947,the fall,two librans
2953,290906,bat for lashes,use somebody (kings of leon cover)
2954,199571,yello,tied up
2955,306887,yello,call it love
2956,199827,yello,jungle bill
2957,298850,:wumpscut:,and life goes on
2958,128278,alistair lindsay,defconmus3d
2959,306890,wendy carlos,"jesu, joy of man's desiring"
2960,168697,cornelius,star fruits surf rider
2961,183998,playahitty,the summer is magic
2962,306760,marillion,the king of sunset town
2963,315097,delerium,terra firma
2964,191958,depeche mode,in your room (zephyr mix)
2965,298584,donovan,celia of the seals
2966,245294,del the funky homosapien,ya lil' crumbsnatchers
2967,199069,johnny cash,born to lose
2968,199252,mary j. blige,you remind me
2969,183802,angelina,release me
2970,268074,the who,i need you
2971,245149,burning airlines,i sold myself in
2972,344780,vietnam,welcome to my room
2973,344603,maskinen,alla som inte dansar (dada life remix)
2974,207110,rob crow,"i hate you, rob crow (single version)"
2975,207318,viva voce,one in every crowd
2976,207269,viva voce,wrecking ball
2977,291197,inoj,time after time
2978,191975,röyksopp,eple (full version)
2979,352428,冨田勲,clair de lune
2980,130152,camouflage,light
2981,306777,inxs,tiny daggers
2982,199655,telex,moskow diskow (remix)
2983,199834,the cure,demise (studio demo)
2984,199538,cabaret voltaire,"sensoria (12"" mix)"
2985,130433,pink floyd,"pigs on the wing, part 2"
2986,199702,depeche mode,in your memory (slick mix)
2987,199501,new order,ruined in a day (k-klass remix)
2988,298854,:wumpscut:,jesus antichristus (edit)
2989,130289,nina persson,song for the leftovers
2990,222319,nancy sinatra,"how does that grab you, darlin?"
2991,207167,!!!,"shit schiesse merde, pt. 1 [instrumental]"
2992,207137,!!!,"shit schiesse merde, pt. 1"
2993,130575,cevin key,musik fur cats
2994,214586,the sundays,hideous towns
2995,176124,the sundays,a certain someone
2996,130594,bogdan raczynski,thinking of you thinking of me
2997,245321,quasimoto,"jazz cats, part 1"
2998,199734,the glove,perfect murder
2999,283713,love spirals downwards,kykeon
3000,329247,maynard ferguson,hit and run
3001,314985,omara portuondo,la ultima noche
3002,284275,django reinhardt,swingin' with django
3003,313886,aphrodite,interlude - children
3004,298812,nitin sawhney,streets
3005,298762,ian pooley,disco love
3006,298718,9 lazy 9,poundstretcher
3007,290946,paris combo,ainsi soit-il
3008,313892,ed rush & optical,fixation
3009,284124,joni mitchell,don't go to strangers
3010,203863,guided by voices,zap
3011,299668,bark psychosis,reserve shot gunman
3012,298689,oscar peterson,love you madly
3013,298735,moloko,the time is now (francois k main vocal mix)
3014,214624,川井憲次,tohokami emi tame
3015,329343,robert palmer,life in detail
3016,298798,nitin sawhney,saudades
3017,168700,cornelius,2010
3018,314963,erik sumo,this is where it began
3019,298769,bonobo,something (longer) for windy
3020,206787,prefuse 73,love you bring
3021,288411,n-ter,energize
3022,288410,n-ter,underground presure
3023,329295,julie london,sophisticated lady
3024,252621,nina simone,ain't got no/i got life
3025,307063,roger sanchez,lost (d. ramirez lost in rave mix)
3026,252717,gilles peterson,i am the black gold of the sun
3027,314283,khoiba,pathetic
3028,291023,asian dub foundation,buzzing
3029,298729,anne marie almedal,joy
3030,206915,dj krush,bypath 1
3031,298687,louis armstrong,heebie jeebies
3032,314326,khoiba,202
3033,376163,smith & mighty,flash of joy
3034,314306,khoiba,no feedback
3035,298764,afterlife,cry (sunset dream remix)
3036,298681,mo' horizons,como e o ar (deela remix)
3037,352264,kitchens of distinction,hammer
3038,314802,4hero,unique
3039,329167,dianne reeves,gotta be this or that
3040,314506,vanessa carlton,where the streets have no name
3041,314281,ohm square,who needs love?
3042,311059,concord dawn,drifter
3043,306925,peeping tom,think-b
3044,315091,transglobal underground,the khaleegi stomp
3045,352240,kitchens of distinction,shiver
3046,298698,"harry connick, jr.",let's call the whole thing off
3047,306914,sérgio mendes & brasil '66,night and day
3048,314554,b.b. king,i like to live the love
3049,298697,dinah washington,blue skies
3050,290998,cybophonia,vostok jazz
3051,252617,sade,mermaid
3052,329293,dinah washington,manhattan
3053,306941,de-phazz,better world
3054,352275,disco inferno,in sharky water
3055,214615,love spirals downwards,this endris night
3056,314953,antônio carlos jobim,look to the sky
3057,252723,ivan lins,formigueiro
3058,314376,khoiba,loading of aching heads
3059,307072,black machine,how gee
3060,314954,antônio carlos jobim,batidinha
3061,298746,novika,movie girl
3062,214369,frédéric chopin,prelude in e minor
3063,298760,cloud,summer rain
3064,290989,snooze,quiet alone
3065,314687,john scofield,deadzy
3066,376251,jon kennedy,a child is born
3067,298780,emily haines,our hell
3068,168810,bon jovi,como yo nadie te ha amado
3069,169074,juan luis guerra y 4.40,la bilirrubina
3070,169079,babasónicos,deléctrico
3071,306555,fito páez,a rodar mi vida
3072,314525,kiko loureiro,pau-de-arara
3073,306530,la renga,a tu lado
3074,306569,la renga,blues cardíaco
3075,314725,silvio rodríguez,como esperando abril
3076,260522,coldplay,chinese sleep chant
3077,260521,coldplay,reign of love
3078,376312,maria,hold on be strong
3079,169193,kudai,tu
3080,345164,denise rosenthal,no quiero escuchar tu voz
3081,283414,kudai,nada es igual
3082,252670,depeche mode,boys say go
3083,199885,gustavo cerati y daniel melero,colores santos
3084,191466,dethklok,murdertrain a comin'
3085,191465,dethklok,pickles intro
3086,299069,buckethead & friends,botnus
3087,134525,buckethead,chicken
3088,134524,buckethead,hog bitch stomp
3089,314534,muddy waters,my home is in the delta
3090,313932,bone thugs-n-harmony,mr. ouija 2
3091,176118,spain,nobody has to know
3092,314782,angelfish,dogs in a cage
3093,314456,the bates,independent love song
3094,314831,[unknown],pista de audio 02
3095,207287,ben harper,lifeline
3096,314639,josh groban,let me fall
3097,367500,gonzales,lovertits (feat. feist)
3098,314967,川井憲次,kugutsuuta kagirohi ha yomi ni mata muto
3099,214548,宇多田ヒカル,easy breezy
3100,337038,fictionjunction yuuka,silly-go-round (without vocal)
3101,336930,fictionjunction yuuka,angel gate (without vocal)
3102,336954,yoshihisa hirano and hideki taniuchi,tsuiseki
3103,337164,yoshihisa hirano and hideki taniuchi,l no nakama
3104,337083,yoshihisa hirano and hideki taniuchi,taikutsu
3105,336840,yoshihisa hirano and hideki taniuchi,immanence
3106,298938,high and mighty color,break now!
3107,298939,high and mighty color,toxic
3108,298942,high and mighty color,earth
3109,298943,high and mighty color,*skit*
3110,191937,kiss,shout it out loud (new video version)
3111,191925,iron maiden,judgement of heaven
3112,314945,courtney love,plague
3113,291263,bloodhound gang,reflections of remoh
3114,291051,basement jaxx,being with u
3115,375720,2 unlimited,here i go
3116,222106,keep of kalessin,surface
3117,291491,accept,seawinds
3118,314225,kittie,jonny
3119,375114,motörhead,walk a crooked mile
3120,375111,motörhead,kill the world
3121,291443,accept,too high to get it right
3122,284148,jokke & valentinerne,her kommer vinteren
3123,191402,mötley crüe,kickstart my heart (live)
3124,314800,the byrds,jesus is just alright
3125,298623,brother firetribe,one single breath
3126,298627,brother firetribe,midnite queen
3127,299494,eskobar,persona gone missing
3128,291550,the all-american rejects,the cigarette song
3129,291524,my chemical romance,bury me in black (demo)
3130,260394,marilyn manson,the nobodies (acoustic)
3131,344864,tommy heavenly6,wait till i can dream
3132,229801,tantric,monopoly
3133,245158,copeland,the last time he saw dorie
3134,283512,hollywood undead,paradise lost
3135,344569,dj josé vs. g-spott,wrong is right
3136,260481,static-x,otsegolectric
3137,206840,static-x,s.o.m.
3138,260453,static-x,down
3139,245165,a static lullaby,mechanical hearts
3140,344575,dj sona,xplosion
3141,375546,augustana,"either way, i'll break your heart someday"
3142,291200,the veronicas,this love
3143,344629,dj satomi,waves
3144,207116,the snake the cross the crown,hey jim
3145,336894,johann sebastian bach,toccata in d minor
3146,260271,fields of the nephilim,laura ii
3147,137927,crossover,messages
3148,352448,liliput,ichor
3149,206902,the bumblebeez,let's go
3150,137917,ec8or,i'm ready with you
3151,245005,sunny day real estate,pillars
3152,314094,ghostface killah,clyde smith (skit)
3153,206905,the bumblebeez,step back
3154,206906,the bumblebeez,get dressed
3155,206907,the bumblebeez,bambino
3156,207131,the bumblebeez,rappa
3157,207130,the bumblebeez,pink fairy floss
3158,138129,lolita storm,o.k. sid
3159,138133,black cat # 13,i sleep with astronauts
3160,290996,steril,grey
3161,168476,tom vek,nothing but green lights (kaos mix)
3162,307168,susanna and the magical orchestra,enjoy the silence
3163,206881,sound team,movie monster
3164,299501,simian,la breeze (simian mobile disco remix)
3165,307094,ladyhawke,back of the van (fred falke ultimate beverly mix)
3166,168548,pnau,baby
3167,307056,the emergency,too much (shazam remix)
3168,168676,yuksek,i like to play
3169,176135,siouxsie and the banshees,running town
3170,245225,mdc,i remember
3171,245223,middle class,out of vogue
3172,314485,the four seasons,can't take my eyes off of you
3173,380492,the meteors,the hills have eyes
3174,311080,the partisans,killing machine
3175,314854,flipper,way of the world
3176,314853,flipper,shed no tears
3177,314852,flipper,life is cheap
3178,222033,obituary,don't care
3179,314703,medeski martin and wood,first time long time
3180,168511,butthole surfers,birds
3181,168512,butthole surfers,cough syrup
3182,168513,butthole surfers,thermador
3183,168514,butthole surfers,jingle of a dog's collar
3184,314596,miles davis,i fall in love too easily
3185,329229,miles davis,nature boy
3186,306913,the platters,if i didn't care
3187,314701,medeski martin and wood,the edge of night
3188,314700,medeski martin and wood,smoke
3189,199380,viktor vaughn,saliva
3190,206797,static-x,otsego amigo
3191,206796,static-x,night terrors
3192,206794,static-x,set it off
3193,160861,植松伸夫,red xiii's theme
3194,283611,nina simone,buck
3195,283722,nina simone,the pusher
3196,329354,blind lemon jefferson,matchbox blues
3197,222054,obituary,burned in
3198,245132,bad astronaut,good morning night
3199,245133,bad astronaut,ghostwrite
3200,245134,bad astronaut,beat
3201,245135,bad astronaut,"stillwater, california"
3202,245136,bad astronaut,one giant disappointment
3203,245137,bad astronaut,san francisco serenade
3204,245138,bad astronaut,autocare
3205,245139,bad astronaut,violet
3206,245140,bad astronaut,go humans
3207,252686,sigur rós,e-bow
3208,199536,the police,masoko tanga
3209,291401,stone temple pilots,bi-polar bear
3210,203921,sebadoh,sickles and hammers
3211,229858,goldfinger,king for a day
3212,229871,goldfinger,answers
3213,207111,white zombie,thrust!
3214,313955,aphex twin,heroes [aphex twin remix]
3215,380479,patsy cline,in care of the blues
3216,168820,the wallflowers,heroes
3217,291406,stone temple pilots,transmissions from a lonely room
3218,207426,god lives underwater,all wrong
3219,206923,helmet,overrated
3220,207445,god lives underwater,weaken
3221,207446,god lives underwater,tortoise
3222,168450,suicidal tendencies,i saw your mommy
3223,376325,helmet,clean
3224,283412,mariah carey,say somethin' (feat. snoop dogg)
3225,176104,oingo boingo,wake up (it's 1984)
3226,145916,teenage fanclub,satan
3227,306830,marillion,runaway
3228,298665,rush,intro
3229,191653,van halen,feels so good
3230,207138,!!!,"shit schiesse merde, pt. 2"
3231,222621,van morrison,brown-eyed girl
3232,203860,guided by voices,pink gun
3233,306819,huey lewis & the news,workin' for a livin'
3234,176251,holly golightly,serial girlfriend
3235,191519,the doors,carol (11/4/69)
3236,191721,the doors,"roadhouse blues (11/5/69, take 1)"
3237,191671,the doors,queen of the highway (jazz version)
3238,191839,the doors,"whiskey, mystics and men (version 1)"
3239,191863,the doors,"whiskey, mystics and men (version 2)"
3240,191522,the doors,push push
3241,191534,the doors,touch me (dialogue)
3242,191759,the doors,touch me (take 3)
3243,191521,the doors,not to touch the earth (dialogue)
3244,191512,the doors,not to touch the earth (take 1)
3245,207240,danko jones,don't fall in love
3246,284165,jokke & valentinerne,midt i en drøm
3247,284164,jokke & valentinerne,tida er inne
3248,376469,basement jaxx,flylife
3249,284149,jokke & valentinerne,sola skinner
3250,306598,jokke med tourettes,byromanse
3251,306591,jokke med tourettes,ingen har skylda
3252,306604,hurra torpedo,total eclipse of the heart
3253,284166,jokke & valentinerne,cia
3254,284147,jokke & valentinerne,gnukk
3255,284143,jokke & valentinerne,frelst!
3256,284232,jokke & valentinerne,et godt parti
3257,284146,jokke & valentinerne,dere får meg ikke til å le
3258,191850,ramones,pet sematary (single version)
3259,291403,w.a.s.p.,who slayed baby jane?
3260,314569,orson,the okay song
3261,298669,vesa-matti loiri,hetken tie on kevyt
3262,298647,hurriganes,get on
3263,222078,death breath,heading for decapitation
3264,142014,w.a.s.p.,mephisto waltz
3265,291366,hanoi rocks,m.c. baby
3266,168865,shakira,timor
3267,168731,shakira,costume makes the clown
3268,291485,w.a.s.p.,jack action
3269,291393,twisted sister,wake up (the sleeping giant)
3270,168716,shakira,no creo (mtv unplugged)
3271,168851,shakira,how do you do
3272,291497,w.a.s.p.,b.a.d.
3273,142042,soulfly,call to arms
3274,291370,w.a.s.p.,fistful of diamonds
3275,191593,aerosmith,i'm down
3276,375119,kotiteollisuus,laulu on kuollut
3277,306486,queen,you're my best friends
3278,168718,shakira,animal city
3279,191496,enya,christmas secrets
3280,268124,party ben - green day vs. oasis vs. travis vs. eminem & aerosmith,boulevard of broken songs
3281,352249,david holmes,no mans land
3282,222173,les rythmes digitales,dreamin'
3283,284070,sarah mclachlan,have yourself a merry little christmas
3284,284071,sarah mclachlan,in the bleak mid-winter
3285,284072,sarah mclachlan,christmas time is here (feat. diana krall)
3286,284069,sarah mclachlan,the first noel/mary mary
3287,291498,bang camaro,push push (lady lightning)
3288,376330,vince dicola,unicron's theme
3289,376331,vince dicola,2005
3290,376335,vince dicola,pursuit
3291,359792,steve jablonsky,sam on the roof
3292,307040,the potbelleez,don't hold back (original mix)
3293,298782,enigma,encounters
3294,191849,bear mccreary,flesh and bone
3295,375450,david holmes,the atom and you
3296,352256,david holmes,minus 61 in detroit
3297,367559,duran duran,view to a kill
3298,207236,manic street preachers,underdogs
3299,207238,manic street preachers,i'm just a patsy
3300,314846,happy mondays,angels and whores
3301,203760,guided by voices,big chief chinese restaurant
3302,203761,guided by voices,auditorium
3303,203762,guided by voices,gold hick
3304,245111,the make-up,blue is beautiful
3305,169078,molotov,here we kum
3306,169001,jd natasha,lágrimas
3307,169118,molotov,frijolero
3308,168808,fey,ni tú ni nadie
3309,168771,fey,muévelo
3310,169146,jordy,dur dur d'être un bébé
3311,291215,a*teens,lay all your love on me
3312,283690,natacha atlas,mish fadilak
3313,168803,shakira,dónde están los ladrones (mtv unplugged)
3314,168863,libido,fragil
3315,168951,molotov,puto
3316,344539,the soca boys,follow the leader
3317,367467,bebe,men señará
3318,169080,ricky martin,nobody wants to be lonely (feat. christina aguilera)
3319,352572,benjamin diamond,let's get high
3320,168872,shakira,escondite inglés
3321,169019,aleks syntek,te soñé
3322,168715,kabah,la calle de las sirenas
3323,168918,andrea echeverri,baby blues
3324,184025,safri duo,played-a-live (the bongo song) (radio edit)
3325,168953,genitallica,borracho
3326,169054,jd natasha,tanto
3327,169110,crowded house,don't stop now
3328,169115,darren hayes,on the verge of something wonderful
3329,168738,christina aguilera,mi reflejo
3330,183766,kelly rowland,ghetto (feat. snoop dogg)
3331,345140,s club 7,everybody wants ya
3332,345089,s club 7,viva la fiesta
3333,184146,britney spears,gimme more (seiji club mix)
3334,168781,genitallica,ya nada es igual
3335,168954,genitallica,que fue lo que paso?
3336,345058,francisca valenzuela,queen
3337,168813,fey,popocatepetl
3338,168915,enrique iglesias,heroe
3339,199544,a flock of seagulls,the traveller
3340,207351,scraps of tape,nashville's got hell to beat
3341,145808,devendra banhart,animals...
3342,207005,the samuel jackson five,person most likely to enjoy the taste of human flesh
3343,207052,maserati,this is a sight we had one day from the high mountain
3344,145467,glider,sequence
3345,252698,gregor samsa,these points balance
3346,145527,jay farrar,space junk iv
3347,314847,hammock,raising your voice... trying to stop an echo
3348,314849,hammock,god send us a signal
3349,145511,hammock,sparkle and fade
3350,291038,phish,access me
3351,237325,cowboy junkies,"murder, tonight, in the trailer park"
3352,237323,cowboy junkies,"this street, that man, this life"
3353,275720,dennis brown,at the foot of the mountain
3354,380445,johnny cash,forty shades of green
3355,237322,cowboy junkies,southern rain
3356,275849,dennis brown,let love in
3357,145731,shannon wright,the sable
3358,206988,the be good tanyas,lonesome blues
3359,380482,carl perkins,matchbox
3360,207172,bonnie 'prince' billy,little boy blue
3361,145806,devendra banhart,roots...
3362,207026,let airplanes circle overhead,hired guns of the old west
3363,380436,johnny cash,i couldn't keep from crying
3364,206789,shannon wright,the path of least persistence (figure ii)
3365,252647,the tiger lillies,start a fire
3366,206987,the be good tanyas,dogsong 2
3367,207039,bonnie 'prince' billy,little boy blue 2
3368,199055,yo la tengo,attack on love
3369,145691,black moth super rainbow,from the see
3370,207375,the octopus project,queen
3371,145703,black moth super rainbow,sun organ
3372,145765,té,人間は自由なものとして生まれ、至る所で『鎖』に繋がれてゆく。
3373,207253,and so i watch you from afar,i capture castles
3374,207252,and so i watch you from afar,the voiceless
3375,146121,the monks,boys are boys and girls are choice
3376,314898,can,half past one
3377,168688,satyajit ray,'charu's theme' from satyajit ray's film joi baba felunath
3378,375201,nicole kidman,one day i'll fly away (tony phillips remix)
3379,214549,sarah brightman,a whiter shade of pale
3380,214605,bitstream dream,beauty unfold
3381,306954,brookville,golden
3382,168611,the b-52's,summer of love
3383,168689,satyajit ray,'the deserted ballroom' from merchant-ivory's film shakespeare wallah
3384,345039,nikki blonsky,i can hear the bells
3385,214497,ivy,never do that again
3386,145858,the research,the way you used to smile
3387,207215,radiohead,i promise
3388,145970,brakes,porcupine or pineapple
3389,252707,elvis costello,little palaces
3390,252648,mr hudson & the library,one specific thing
3391,207419,british sea power,the pelican
3392,298808,neil young,come on baby let's go downtown
3393,222180,the coral,song of the corn
3394,307272,radiohead,after the gold rush
3395,146321,the dodos,it's that time again
3396,352350,fleetwood mac,world turning
3397,199602,ian mcculloch,lover lover lover
3398,352434,lambchop,my blue wave
3399,306899,everything but the girl,almost blue
3400,352658,brian eno,strange light
3401,245013,have heart,armed with a mind
3402,314219,the receiving end of sirens,dead men tell no tales
3403,291561,hawthorne heights,apparently hover boards don't work on water
3404,252685,sigur rós,syndir guðs
3405,244999,dag nasty,thin line
3406,245000,dag nasty,justification
3407,245002,dag nasty,i've heard
3408,298967,leeway,enforcer
3409,268114,tom waits,kentucky avenue
3410,314176,the get up kids,grunge pig
3411,314708,robert fripp & the league of crafty guitarists,burning siesta
3412,260312,katatonia,midwinter gates (prologue)
3413,283693,tori amos,caught a light sneeze
3414,260544,goran bregović,underground tango
3415,283860,tori amos,purple people
3416,314705,king crimson,heavy construkction
3417,299380,henry cow,torchfire
3418,206996,helmet,gone
3419,206778,helmet,in the meantime
3420,206779,helmet,give it
3421,206839,helmet,wilma's rainbow
3422,307238,björk,gling-gló
3423,298806,bert kaempfert,a swinging safari
3424,291343,queensrÿche,i dream in infrared
3425,260572,shpongle,... and the day turned to fright (eat static remix)
3426,268090,porcupine tree,linton samuel dawson
3427,260442,manowar,animals
3428,299779,neurosis & jarboe,taker
3429,339650,the american dollar,intermission
3430,376228,sérgio mendes,e menina
3431,352588,television personalities,stop and smell the roses
3432,214526,móa,tenderly
3433,299339,funkstörung,appetite for disctruction
3434,176085,throwing muses,backroad
3435,315115,de-phazz,love set you going (de-phazz vs. lahr mix)
3436,314998,macy gray,she ain't right for you
3437,376400,ry cooder,onda callejera
3438,206991,page & plant,yallah
3439,168497,frank black,fazer eyes
3440,183997,k.d. lang,summerfling
3441,314996,macy gray,boo
3442,252694,killers,midnight show
3443,352451,television personalities,sad mona lisa
3444,176192,iggy pop,the endless sea
3445,214496,ivy,the best thing
3446,176083,throwing muses,firepile
3447,375630,lucy pearl,without you
3448,207101,page & plant,wonderful one
3449,375663,2 unlimited,shelter for a rainy day
3450,352359,television personalities,where the rainbow ends
3451,306396,elvis presley,kentucky rain
3452,352358,television personalities,painting by numbers
3453,252693,killers,jenny was a friend of mine
3454,314749,frank black and the catholics,true blue
3455,291036,massive attack vs. mad professor,backward sucking (heat miser)
3456,176193,iggy pop,how do ya fix a broken part
3457,291383,the rolling stones,baby break it down
3458,291034,massive attack vs. mad professor,cool monsoon (weather storm)
3459,315126,de-phazz,no jive (ripped version)
3460,311032,roni size,no more
3461,168498,frank black,"bad, wicked world"
3462,314779,k's choice,wait
3463,315116,de-phazz,riddim wize
3464,376436,ry cooder,"3rd base, dodger stadium"
3465,291035,massive attack vs. mad professor,eternal feedback (sly)
3466,352360,television personalities,when emily cries
3467,176084,throwing muses,summer st.
3468,290967,massive attack vs. mad professor,radiation ruling the nation (protection)
3469,176197,deee-lite,deee-lite theme
3470,314158,jurassic 5,j resume (skit)
3471,375163,pearl jam,"black, red, yellow"
3472,306410,tim buckley,sing a song for you
3473,291083,kylie minogue,tears
3474,299487,noir désir,la chaleur
3475,149556,ramones,i don't wanna walk around with you (live)
3476,291196,gabriella cilmi,don't want to go to bed now
3477,291020,thievery corporation,rockers hi-fi - transmission central
3478,345406,die ärzte,ich weiß nicht (ob es liebe ist)
3479,375498,pereza,dímelo
3480,375493,pereza,estrella polar
3481,191883,the byrds,the times they are a-changin'
3482,199586,happy mondays,tokoloshe man
3483,283587,the crüxshadows,bloodline
3484,283556,faith and the muse,shattered in aspect
3485,345092,backstreet boys,quit playing games
3486,283678,tina arena,ave maria (pagan version)
3487,283718,bertine zetlitz,spitfire
3488,283917,mariah carey,santa claus is coming to town
3489,376212,zucchero & paul young,senza una donna
3490,314605,ray charles,this little girl of mine
3491,314609,ray charles,i believe to my soul
3492,283717,bertine zetlitz,certain
3493,244973,tragedy,[untitled]
3494,214413,miles davis,the theme (take 2)
3495,245284,the nation of ulysses,p. power
3496,375391,the voices,don't tell me you don't feel it
3497,206995,silver jews,rebel jew
3498,252696,levellers,just the one
3499,344771,neil young,pardon my heart
3500,314812,evan dando,stop my head
3501,168627,dr. dog,alaska
3502,168628,dr. dog,weekend
3503,168629,dr. dog,ain't it strange
3504,168630,dr. dog,the way the lazy do
3505,311022,subhumans,peroxide
3506,245279,the nation of ulysses,ulythium
3507,199796,bad manners,wooly bully
3508,344794,neil young,lost in space
3509,345392,my robot friend,way down
3510,352137,wire,small electric piece
3511,290991,bossa tres,imprevisto
3512,376421,monophone,streetcrawler
3513,376422,ike & tina turner,funky mule
3514,376424,bobby trafalgar,home shopping
3515,306334,underwater sleeping society,silence teaches you how to sing
3516,307126,tina moore,never gonna let you go
3517,245307,mc devvo & shady piez,cosmic lazer
3518,352303,étienne de crécy,grokster
3519,298734,kaori,good life
3520,191588,peter frampton,doobie wah
3521,284300,john murphy,28 theme
3522,191587,peter frampton,something's happening
3523,345378,buck 65,totem pole
3524,199413,orchestral manoeuvres in the dark,bunker soldiers
3525,336922,georg friedrich händel,messiah: overture
3526,291379,david lee roth,a lil' ain't enough
3527,199718,eurythmics,the first cut
3528,191757,iron maiden,juanita
3529,176122,my vitriol,grounded
3530,344817,the stranglers,dagenham dave
3531,314822,fatboy slim,sunset (bird of prey) (full version)
3532,199051,les savy fav,reformat (dramatic reading)
3533,291407,van halen,push comes to shove
3534,214594,kenickie,millionaire sweeper
3535,191805,van halen,big fat money
3536,314876,blur,she's so high (edit)
3537,299154,electric six,pulling the plug on the party
3538,199503,orchestral manoeuvres in the dark,navigation
3539,168717,shakira,your embrace
3540,291388,saxon,ride like the wind
3541,291461,accept,china lady
3542,168449,suicidal tendencies,lovely
3543,191415,iron maiden,deja-vu
3544,299573,roni size & reprazent,trust me
3545,207275,radiohead,the bends (demo)
3546,352598,brian eno,saint tom
3547,245351,boards of canada,seward leaf
3548,298662,the jimi hendrix experience,"moon, turn the tides... gently gently away"
3549,199076,broadcast,illumination
3550,376281,shadow gallery,act i: war for sale
3551,291413,w.a.s.p.,evermore
3552,153415,koushik,back to the end
3553,214512,l'altra,it follows me around
3554,245401,quasimoto,bullyshit
3555,376397,freda payne,unhooked generation
3556,206826,dj format,last bongo in brighton
3557,329202,burt bacharach,walk on by
3558,291001,chico hamilton,for mods only
3559,376423,shirley bassey,easy thing to do
3560,376322,herbie hancock,you bet your love
3561,245369,group home,intro
3562,313975,pete philly & perquisite,mellow (feat. senna)
3563,315095,dorfmeister vs. mdla,boogie no more (reverso 68 remix)
3564,153161,dj day,glue - making a mess (day remix interlude)
3565,329189,till brönner,bumpin'
3566,298832,tsutchie,2. mist
3567,153245,jay dee,brazillian groove (ewf)
3568,153247,jay dee,african rhythms
3569,153341,marley marl,can u remember
3570,153320,the heliocentrics,beyond repair
3571,153323,the heliocentrics,"they are among us, part 1"
3572,153326,the heliocentrics,intermission
3573,153396,controller 7,get ready for the young folks
3574,153355,build an ark,sunshine
3575,153369,diesler,crush (feat. double yellow)
3576,375406,john forde,atlantis
3577,375407,risqué,starlight
3578,375408,starbow,voyager ii
3579,153486,james pants,good things
3580,153507,ras g,95 standard
3581,222170,nightmares on wax,mirrorball
3582,153570,eliot lipp,interlude
3583,153579,milez benjiman,milezology
3584,153725,koushik,buttaflybeat
3585,153728,koushik,welcome
3586,314433,black kids,i'm not gonna teach your boyfriend how to dance
3587,168534,siriusmo,allthegirls - original mix
3588,168668,yuksek,tonight
3589,153792,depth affect,the villain stands
3590,168588,north end,tee's happy
3591,306999,osborne,16th stage
3592,314562,nosaij thing,aquarium
3593,344842,allison,frágil
3594,229750,carlinhos brown,everybodygente
3595,306943,chocolate puma,always and forever (original mix)
3596,306934,isobel campbell,october's sky
3597,306936,kitty the bill,mister mista
3598,299295,axwell,i found u (classic mix)
3599,376250,la caina,do tara alap
3600,315109,transglobal underground,drums of navarone
3601,307289,henry mancini,mr. lucky
3602,314282,khoiba,sonic parts
3603,199354,a tribe called quest,crew
3604,199628,siouxsie and the banshees,painted bird
3605,199545,siouxsie and the banshees,she's a carnival
3606,299033,ministry,lieslieslies
3607,313879,bob marley & the wailers,war / no more trouble (live)
3608,206815,depeche mode,suffer well (m83 instrumental)
3609,367562,björk,í dansi með þér
3610,313931,the crystal method,dylan rhymes feat. katherine e
3611,307031,calvin harris,colours (seamus haji big love remix)
3612,207298,rjd2,the bad penny
3613,298750,talvin singh,heavy intro
3614,299743,peverelist,roll with the punches
3615,307079,simian mobile disco,wooden (danton eeprom remix)
3616,375430,"lee ""scratch"" perry",justice to the people
3617,299777,ital tek,wind tunnel
3618,176227,sheep on drugs,waiting for the man
3619,345374,coldcut,walk a mile in my shoes (tiga mix)
3620,375393,the cyrkle,the visit (she was here)
3621,168428,big face,i wanna be a style crusader (data remix)
3622,376295,rex the dog,bubblicious
3623,307033,rex the dog,maximize 2008
3624,313908,t.raumschmiere,rumpelkammer
3625,376362,the ethiopians,engine 54
3626,252666,better than ezra,juarez
3627,291355,the la's,there she goes again
3628,314515,bryan adams,everything i do (i do it for you)
3629,345014,high school musical cast,work this out
3630,283423,maroon 5,little of your time (bloodshy & avant remix)
3631,299285,vengaboys,shalala lala
3632,367529,joshua james,fm radio
3633,345321,jazmine sullivan,live a lie
3634,345320,jazmine sullivan,in love with another man
3635,222137,municipal waste,the trashin' of the christ
3636,176239,dr. dog,"the rabbit, the bat, and the reindeer"
3637,157244,lost horizon,the song of air
3638,191383,machinae supremacy,player one
3639,157336,kamelot,interlude i: dei gratia
3640,157339,kamelot,interlude ii: un assassinio molto silenzioso
3641,157348,kamelot,interlude iii: at the banquet
3642,298578,running wild,land of ice
3643,298611,ᛏᛣᚱ,ramund hin unge
3644,260284,moonspell,mr. crowley
3645,375740,don davis,the road to sourceville
3646,375723,don davis,niobe's run
3647,375976,don davis,woman can drive
3648,376054,don davis,trinity definitely
3649,260605,eluveitie,druid
3650,191434,machinae supremacy,insidious
3651,299849,old man's child,the millennium king
3652,284190,octavia sperati,don't believe a word
3653,284191,octavia sperati,...and then the world froze
3654,284196,octavia sperati,submerged
3655,299838,bathory,man of iron
3656,284234,die verbannten kinder evas,overpast
3657,283777,ᛏᛣᚱ,ormurin langi
3658,284291,wolfchant,a pagan storm
3659,207352,searchlight,contagious
3660,375972,руслана лижичко,the same star
3661,298637,moonsorrow,taistelu pohjolasta (2008 version)
3662,298638,moonsorrow,hvergelmir (2008 version)
3663,191739,"nobuko toda, shuichi kobori & kazuma jinnouchi",one more reboot
3664,291700,rbd,que hay detras
3665,169077,diego,responde
3666,207065,we are scientists,this scene is dead (pete predictable remix)
3667,314958,elastica,your arse my place
3668,376316,mansun,slipping away
3669,376317,mansun,harris
3670,376318,mansun,love remains
3671,376319,mansun,cry 2 my face
3672,376320,mansun,no signal/no complaints
3673,376253,the future sound of london,cascade (part 1)
3674,290940,sebadoh,sixteen
3675,306621,pink floyd,"shine on you crazy diamond, part 1"
3676,206718,depapepe,the weathercock
3677,307132,rinôçérôse,le mobilier
3678,222425,stéphane pompougnac,petit pompoupou
3679,237329,ween,your party
3680,367496,gang of four,naturals not in it
3681,298795,louis la roche,do you remember?
3682,306988,louis la roche,love
3683,307086,sandy vee,bleep
3684,168600,fischerspooner,danse en france (d.i.m. remix)
3685,314021,dr. dre,"bar one (feat. traci nelson, ms. roq & eddie griffin)"
3686,307084,eric prydz,pjanoo (afterlife remix)
3687,306993,john dahlbäck,pyramid
3688,160951,fake?,snow
3689,376092,korn,when balls touch
3690,299672,isis + aereogramme,delial
3691,306211,magyar posse,7
3692,245028,envy,distress of ignorance
3693,160843,kelly bailey,pulse phase
3694,298990,porcupine tree,"waiting, phase two"
3695,160827,kelly bailey,singularity
3696,191430,machinae supremacy,attack music
3697,314709,robert fripp & the league of crafty guitarists,a connecticut yankee in the court of king arthur
3698,344881,浅倉大介,sleepless beauty
3699,283828,blood ruby,underwater place
3700,161358,kronos quartet,winter: southern hospitality
3701,161043,cmx,negatiivinen alkusoitto
3702,161046,maartin allcock,planxty madam crofton
3703,314711,robert fripp & the league of crafty guitarists,circulation
3704,306212,magyar posse,4
3705,161148,oomph!,träum weiter
3706,161183,kronos quartet,summer: coney island dreaming
3707,306260,"sydän, sydän",paskaa
3708,306827,marillion,100 nights
3709,283633,faith and the muse,mercyground
3710,299025,steven wilson,only child
3711,299030,steven wilson,puncture wound
3712,299029,steven wilson,port rubicon
3713,207264,grails,black tar frequencies
3714,306311,clann zú,five thousand more
3715,245393,tycho,pbs / kae
3716,376174,tycho,you should be more like your brother
3717,168501,les savy fav,fading vibes
3718,168479,les savy fav,one way window
3719,168480,les savy fav,our coastal hymn
3720,207417,the subways,at 1 am
3721,207255,ima robot.,eskimo ride
3722,298779,moby,the sun never stops setting
3723,376209,the chemical brothers,giant
3724,367485,the doors,the world on fire / lament
3725,168829,hombres g,visite nuestro bar
3726,314719,café tacvba,madrugal
3727,329379,metamorfosi,caronte
3728,284405,dark funeral,dark are the path to eternity (a summoning nocturnal)
3729,376255,osi,set the controls for the heart of the sun
3730,199445,therion,black sun
3731,283602,the crüxshadows,children in black
3732,283588,the crüxshadows,last breath
3733,283589,the crüxshadows,roman
3734,283590,the crüxshadows,spiral (don't fall)
3735,275611,elio e le storie tese,sono felice
3736,268097,matt uelmen,sisters
3737,260270,fields of the nephilim,blue water
3738,284329,the vision bleak,the drama of the wicked
3739,284331,the vision bleak,the curse of arabia
3740,284332,the vision bleak,kutulu!
3741,260306,therion,the eye of eclipse
3742,260496,therion,the ritualdance of the yezidis
3743,260534,joe satriani,a train of angels
3744,314195,every time i die,i been gone a long time
3745,191903,vince dicola,autobot/decepticon battle
3746,314748,uncle tupelo,true to life
3747,306273,the lemonheads,one more time
3748,176107,moby grape,hey grandma
3749,176065,the third bardo,i'm five years ahead of my time
3750,306901,the kinks,mr. songbird
3751,176156,the bicycles,two girls from montreal
3752,283453,sarah connor,from sarah with love
3753,284008,sofia talvik,untradable
3754,329259,henri salvador,jardin d'hiver
3755,345313,the veronicas,mother mother
3756,291162,girls aloud,on a round
3757,207457,kaiser chiefs,people need light
3758,375322,mahogany,anaïs no. 3
3759,283381,this providence,my dream is you
3760,275598,weezer,mrs. robinson
3761,306543,upa!,cuando vuelvas
3762,169121,volován,"ya no sé ni, donde estoy"
3763,168869,volován,monitor
3764,199620,gazebo,i like chopin
3765,245131,the clash,"justice tonight (uk 12"")"
3766,375746,atb,movin' melodies
3767,375933,disturbed,overburdend
3768,164925,sum 41,ma poubelle
3769,314594,aselin debison,medley: somewhere over the rainbow / what a wonderful world
3770,222162,sahara hotnights,neon lights
3771,222094,sahara hotnights,salty lips
3772,260427,sweet noise,nie było (feat. edyta górniak)
3773,222271,underworld,texas
3774,199438,david sylvian & robert fripp,damage
3775,283317,elliot minor,parallel worlds
3776,214622,the locust,file under 'soft core seizures'
3777,311007,anti-flag,this is not a crass song
3778,222141,municipal waste,terror shark
3779,191574,johnny cash,there ain't no good chain gang
3780,165707,the dauntless elite,energy kids rule forever
3781,311098,discharge,state control
3782,314204,yaphet kotto,circumstantial evidence
3783,252712,muddy waters,instrumental
3784,352194,lightning bolt,riiffwraith
3785,306247,bright eyes,out on the weekend (live)
3786,214386,big d and the kids table,little bitch
3787,245190,alkaline trio,i'm dying tomorrow (live)
3788,245216,smoke or fire,cars
3789,245217,smoke or fire,folding the pages
3790,207317,minus the bear,ice monster (demo)
3791,344751,the brother kite,half century
3792,291528,the used,sometimes i just go for it
3793,169196,shakira,dreams for plans
3794,314814,versus,eskimo
3795,314813,versus,i love the wb
3796,245175,clair de lune,criminal
3797,291538,the used,a box full of sharp objects (live)
3798,284104,john hartford,indian war whoop
3799,245164,hot cross,blame truth
3800,298639,dimmu borgir,hunnerkongen
3801,329203,aretha franklin,love for sale
3802,352429,james chance and the contortions,throw me away
3803,168553,the chap,i am oozing emotion
3804,168618,brendan benson,pledge of allegiance
3805,314699,philip glass,resource
3806,168496,sonic youth,trilogy: hyperstation
3807,168410,the bellrays,dark horse pigeon
3808,352228,james chance and the contortions,i don't want to be happy
3809,352586,james chance and the contortions,twice removed
3810,222443,radio 4,eyes wide open
3811,168443,ikara colt,one note
3812,168510,ikara colt,may b 1 day
3813,168619,brendan benson,last man standing
3814,168571,holy fuck,korg rhythm afro
3815,168582,holy fuck,tonebank computer
3816,168583,holy fuck,bontempi latin
3817,168573,dot allison,performance
3818,168574,dot allison,wishing stone
3819,168575,dot allison,make it happen
3820,168576,dot allison,strung out
3821,168577,dot allison,i think i love you
3822,168578,dot allison,hex
3823,168556,erol alkan,tiga - move your body (only for erol mix)
3824,168469,erlend øye,röyksopp/erlend øye - poor leno (silikon soul remix)/there is a light that never…
3825,168506,erlend øye,alan braxe & fred falke - rubicon
3826,306982,dinky,acid in my fridge
3827,168411,justice,"phantom, part ii (boys noize remix)"
3828,168412,kings of leon,my party (kenna remix)
3829,168413,the misshapes,bitch
3830,168414,the kills,love is a deserter (single edit)
3831,168419,simian mobile disco,i believe (switch remix)
3832,168417,ladytron,soft power (vicarious bliss - gutter mix)
3833,168423,shitdisco,ok (yuksek remix)
3834,168420,mc chickaboo/timo maas,shifter
3835,168422,大沢伸一,star guitar
3836,168426,james murphy & pat mahoney,i need you tonight
3837,168440,revl9n,walking machine
3838,168435,tiga,break 3000 - sacrifice
3839,168429,cazals,to cut a long story short (vicarious bliss mellotron mix)
3840,168430,data,aerius light (kitsune dj-friendly edit)
3841,168446,late of the pier,broken (fairy lights mix)
3842,168447,m.i.a.,xr2 (silverline vs. kicks like a mule remix a.k.a. 92juk)
3843,168448,on board,friendly fires
3844,168431,black devil disco club,on just foot (dub)
3845,168441,mum & dad,kiss of death
3846,168439,mum & dad,dawn rider
3847,168436,dot allison,alpha female
3848,168451,x,motel room in my bed
3849,168453,joy zipper,christmas song
3850,168454,joy zipper,baby you should know
3851,168455,joy zipper,33x
3852,168456,joy zipper,ron
3853,168457,joy zipper,vsx
3854,168465,joy zipper,valley stream
3855,168458,magnet,hold on (metronomy remix)
3856,168462,temposhark (featuring imogen heap),not that big (metronomy's notthatremix)
3857,168460,dntel,the distance (metronomy remix)
3858,168461,franz ferdinand,do you want to (metronomy remix)
3859,168459,hot club de paris,clockwork toy (single version)
3860,168463,stereo total,sweet charlotte
3861,168478,frank black,speedy marie
3862,168466,chic,"everybody dance (12"" remix)"
3863,168555,siriusmo,wow - original mix
3864,168475,sophe lux,string theory
3865,168487,the pastels,thank you for being you
3866,168518,the pastels,firebell ringing
3867,168488,the pastels,kitted out
3868,168490,the pastels,comin' through
3869,168486,the pastels,over my shoulder
3870,168519,the pastels,different drum
3871,168499,the pastels,speedway star
3872,168489,the pastels,dark side of your world
3873,168500,the pastels,sometimes i think about you
3874,168546,the pastels,sign across me
3875,168494,jeremy jay,the living dolls
3876,168495,jeremy jay,escape to aspen
3877,168508,the b-52's,debbie
3878,168537,joy zipper,christine bonilla
3879,168516,butthole surfers,ah ha
3880,168535,gang gang dance,house jam (hot chip remix)
3881,168521,ladyhawke,paris is burning (radio edit)
3882,168523,the chap,they have a name
3883,168524,the chap,fun and interesting
3884,168525,the chap,caution me
3885,168526,the chap,surgery
3886,168527,the chap,take it in the face
3887,168528,the chap,ethnic instrument
3888,168529,the chap,proper rock
3889,168530,the chap,the health of nations
3890,168531,the chap,wuss wuss
3891,168532,the chap,i saw them
3892,168567,database,dance like 107
3893,168545,pnau,wild strawberries
3894,168549,pnau,shock to my system
3895,168539,pnau,we have tomorrow
3896,168540,pnau,lover
3897,168541,pnau,no more violence
3898,168542,pnau,dancing on the water
3899,168543,pnau,freedom
3900,168544,pnau,die with us
3901,168552,metronomy remix,"i'm good, i'm gone"
3902,168550,theatre of disco,yoa (the twelves remix)
3903,168558,junior senior,happy rap
3904,168560,junior senior,headphone song
3905,168561,junior senior,"i can't rap, i can't sing, but i would do anything"
3906,168562,junior senior,simple minds do simple things
3907,168563,junior senior,"simple minds do simple things, part 2"
3908,168564,junior senior,u & me
3909,168565,junior senior,hidden bonus track
3910,168584,junior senior,take my time
3911,168579,dot allison,lover
3912,168586,the undisputed truth,earthquake shake
3913,168589,don armando's second avenue rhumba band,i'm an indian too
3914,168590,martin circus,disco circus
3915,168593,kiloo,the passion (phonique mix down)
3916,168617,dances with white girls,everybody's got to make a living
3917,168597,digitalism,taken away (instrumental)
3918,168598,autokratz,stay the same (edit)
3919,168599,beni,my love sees you
3920,168601,streetlife djs,we ♥ the disco sound (radio edit)
3921,168602,a-trak,say whoa
3922,168603,we have band,hear it in the cans (diy version)
3923,168604,appaloosa,the day we fell in love
3924,168605,etienne de crécy et monsieur jo,hanukkah
3925,168609,david e. sugar,although you may laugh
3926,168606,ted & francis,i wish i was a polar bear (arctic urgency edit)
3927,168610,the b-52's,song for a future generation
3928,168620,silver jews,what is not but could be if
3929,168621,silver jews,"aloysius, bluegrass drummer"
3930,168622,silver jews,suffering jukebox
3931,168623,silver jews,"strange victory, strange defeat"
3932,168624,silver jews,open field
3933,168625,silver jews,we could be looking for the same thing
3934,168631,autoramas,fale mal de mim
3935,168632,autoramas,carinha triste
3936,168633,autoramas,ex-amigo
3937,168635,autoramas,jogos olímpicos
3938,168636,autoramas,tudo errado
3939,168637,autoramas,eu não morri
3940,168638,autoramas,boa-fé
3941,168639,autoramas,bahamas
3942,168640,autoramas,ação
3943,168641,the dodos,park song
3944,168691,dent may & his magnificent ukulele,welcome
3945,168692,dent may & his magnificent ukulele,meet me in the garden
3946,168693,dent may & his magnificent ukulele,college town boy
3947,168658,dent may & his magnificent ukulele,oh paris!
3948,168659,dent may & his magnificent ukulele,howard
3949,168660,dent may & his magnificent ukulele,girls on the square
3950,168661,dent may & his magnificent ukulele,you can't force a dance party
3951,168662,dent may & his magnificent ukulele,"god loves you, michael chang"
3952,168663,dent may & his magnificent ukulele,at the academic conference
3953,168664,dent may & his magnificent ukulele,26 miles (santa catalina)
3954,168665,dent may & his magnificent ukulele,i'm an alcoholic
3955,168666,dent may & his magnificent ukulele,love song 2009
3956,168648,king pang,a house in heartbeats
3957,168649,king pang,new order
3958,168650,king pang,the stains on your sweater
3959,168651,king pang,explode
3960,168652,king pang,i like coyote
3961,168653,king pang,small cut sensations
3962,168654,king pang,"scream cikada, she's home"
3963,168657,king pang,to white light
3964,168669,yuksek,a certain life
3965,168670,yuksek,extraball
3966,168671,yuksek,i could never be a dancer
3967,168672,yuksek,so far away from the sea
3968,168673,yuksek,little dirty trip
3969,168674,yuksek,this is not today
3970,168675,yuksek,so down
3971,168681,dan deacon,wet wings
3972,168684,dan deacon,baltihorse
3973,168685,i monster,a sucker for your sound
3974,168686,i monster,mr. mallard
3975,168690,alexis weissenberg,suite bergmanesque - 3
3976,168695,cornelius,mic check
3977,168696,cornelius,the micro disneycal world tour
3978,168699,cornelius,free fall
3979,168701,cornelius,god only knows
3980,168703,flight of the conchords,hiphopopotamus vs. rhymenoceros (feat. rhymenoceros and the hiphopopotamus)
3981,168706,chetes,completamente
3982,168707,thalía,olvídame
3983,168763,elan,this fool's life
3984,168708,la vela puerca,un frasco
3985,168709,ha-ash,que hago yo?
3986,168740,la quinta estación,tu peor error
3987,169106,shakira,inevitable (english version)
3988,169186,álex ubago,aunque no te pueda ver
3989,168980,evanescence,my immortal (from montreal)
3990,169055,ha-ash,te quedaste
3991,168743,ha-ash,soy mujer
3992,169168,ha-ash,si pruebas una vez
3993,168711,la quinta estación,daría
3994,168712,belinda,be free
3995,169083,la quinta estación,niña
3996,168914,laura pausini,como si no nos hubiéramos amado
3997,168948,panda,ya no jalaba
3998,168989,yuri,ya no vives en mi
3999,168721,álex ubago,a gritos de esperanza
4000,168800,la unión,lobo hombre en paris
4001,169144,sin bandera,entra en mi vida
4002,168811,natalia y la forquetina,casa
4003,169153,grupo límite,te aprovechas
4004,169096,nek,al menos ahora
4005,168722,jd natasha,tatuaje
4006,168723,paulina rubio,algo tienes
4007,168725,sin bandera,kilómetros
4008,168965,gloria trevi,a la madre
4009,168987,caifanes,afuera
4010,168791,christina aguilera,dame lo que yo te doy
4011,169033,chetes,llegó la luz
4012,169173,kabah,por ti
4013,168823,chetes,se fue el dolor
4014,169047,kashmir,the cynic (feat. david bowie)
4015,168747,jesse & joy,espacio sideral
4016,168776,belanova,por ti
4017,168768,fey,me cuesta tanto olvidarte
4018,168782,yuri,cuando baja la marea
4019,168875,chetes,el sonido de tu voz
4020,168935,mana,dejame entrar
4021,169088,la quinta estación,donde irán
4022,168959,natalia lafourcade,amar te duele
4023,168729,christina aguilera,ven conmigo (solamente tu)
4024,168846,belinda,ni freud ni tu mamá
4025,168847,shakira,illegal
4026,169097,la quinta estación,no quiero perderte
4027,168815,elefante,la condena
4028,168937,ha-ash,deja de llover
4029,169009,thalía,a quien le importa(cover de alaska y dynarama)
4030,168734,reyli,amor del bueno
4031,168735,los fuckin sombreros,charlespunk
4032,169104,laura pausini,volveré junto a ti
4033,168842,la oreja de van gogh,puedes contar conmigo
4034,168883,shakira,no (de la rivera basic mix)
4035,168874,dj blanquillo,una vida normal
4036,168736,son by four,a puro dolor
4037,168769,sentidos opuestos,fuego y pasión
4038,168744,belinda,lo siento
4039,168746,ha-ash,pobre diabla
4040,168751,ha-ash,estés donde estés
4041,168898,chetes,¿qué vas a hacer?
4042,168762,la oreja de van gogh,deseos de cosas imposibles
4043,169103,chayanne,tiempo de vals
4044,168944,vanessa colaiutta,lagrimas rotas
4045,168952,jaguares,no dejes que
4046,168761,shakira,poem to a horse (live & off the record)
4047,169037,fey,media naranja
4048,168742,sin bandera,que lloro
4049,168773,aleks syntek,"sexo, pudor y lagrimas"
4050,169089,reyli,al fin me arme de valor
4051,168910,gilberto santa rosa,mentira
4052,169062,ricardo arjona,desnuda
4053,169023,elefante,de la noche a la mañana
4054,168819,cómplices,es por ti
4055,168945,shakira,objection (tango) (xupper's deep future remix)
4056,168757,el sueño de morfeo,okupa de tu corazón
4057,168848,vanessa colaiutta,sola
4058,168749,la quinta estación,perdición
4059,168784,la oreja de van gogh,la playa
4060,168941,shakira,dónde están los ladrones? (roy tavare fugitive remix)
4061,169002,shakira,"whenever, wherever (tracy young tribal mix)"
4062,169056,shakira,objection (tango) (live & off the record)
4063,168752,shakira,día especial
4064,168754,grupo límite,con la misma piedra
4065,168755,maldita vecindad y los hijos del quinto patio,pachuco
4066,168844,carlos vives,la gota fría
4067,168766,nikki clan,no me digas que no
4068,169190,aranza,dime
4069,169022,james blunt,where is my mind?
4070,168992,onda vaselina,primer adios
4071,169126,fase,tania
4072,168946,shakira,underneath your clothes (lester mendez remix)
4073,169007,tranzas,mori
4074,168835,sentidos opuestos,tu loco amor
4075,169059,calo,formas de amor
4076,169017,ha-ash,no te puedo enamorar
4077,168988,calo,ponte atento
4078,169157,shakira,the day and the time
4079,168997,jarabe de palo,dicen
4080,169198,timbiriche,con todos menos conmigo
4081,168764,enrique iglesias,solo me importas tu
4082,168765,cabas,increíble
4083,168958,mœnia,déjame entrar
4084,168890,zoé,peace and love
4085,168806,shakira,tú (live & off the record)
4086,169138,laura pausini,amores extraños
4087,169045,shakira,peligro
4088,169093,fey,barco a venus
4089,168931,stacie orrico,theres gotta be (more to life)
4090,168824,enrique iglesias,si tu te vas
4091,169016,chetes,otra vez
4092,168807,la oreja de van gogh,mariposa
4093,168828,jd natasha,10 mil
4094,169137,chetes,sobreviví
4095,168850,shakira,que me quedes tú
4096,168790,shakira,don't bother (bermudez and harris chocolate binhe remix)
4097,168778,thalía,sangre
4098,168985,ha-ash,prefiero
4099,168925,shakira,inevitable (space vocal soft final ballad)
4100,168831,aly & aj,rush
4101,168886,maná,angel de amor
4102,168912,julieta venegas,amores perros (me van a matar)
4103,168919,enrique iglesias,por amarte
4104,169044,pandora,sin el
4105,168878,chayanne,te echo de menos
4106,168783,panda,maracas
4107,169032,christina aguilera,por siempre tu
4108,169086,inspector,amargo adios
4109,169068,elefante,sabor a chocolate
4110,168836,grupo límite,esta vez
4111,168867,kabah,amor de verano
4112,168993,nacha pop,lucha de gigantes
4113,168794,qbo,lo que tus sueños cuentan
4114,168795,ov7,no me voy
4115,169142,carlos vives,como tú
4116,169081,reyli,desde que llegaste
4117,168862,ha-ash,vaquera
4118,168834,los enanitos verdes,mariposas
4119,168934,elan,midnight
4120,168796,pandora,frente a frente
4121,168799,alejandra guzmán,reina de corazones
4122,168861,jd natasha,tan cerca
4123,168884,shakira,back in black
4124,169128,mana,clavado en un bar
4125,169012,jaguares,te lo pido por favor
4126,168957,fey,me enamoro de tí
4127,169092,natalia y la forquetina,piel canela
4128,168802,flans,no controles
4129,169149,grupo límite,vete
4130,168804,hombres g,lo noto
4131,168805,eduardo larez,tu manera
4132,168809,chayanne,y tu te vas
4133,168879,sentidos opuestos,amor de papel
4134,169005,natasha thomas,it's over now
4135,169183,pilar montenegro,alguien que una vez amé
4136,168837,christina aguilera,car wash (feat. missy elliott)
4137,168816,julieta venegas,el liston de tu pelo (con pau donés)
4138,168818,ha-ash,milagros de ocasión
4139,168821,nek,laura no esta
4140,168986,ha-ash,amor a medias
4141,168936,mónica naranjo,sola
4142,168830,shakira,the one (live & off the record)
4143,168905,ha-ash,mas perfecta que normal
4144,169060,chetes,una pieza
4145,169025,santana,corazon espinado (feat. maná)
4146,169000,libido,la casa de los gritos
4147,169166,sin bandera,que me alcance la vida
4148,168873,shakira,eyes like yours (ojos así)
4149,168939,caos,la planta
4150,168840,ricardo arjona,realmente no estoy tan solo
4151,168927,maná,como te deseo
4152,168895,laura pausini,disparame dispara
4153,168859,kika,tal vez
4154,168929,zoé,soñe
4155,168866,maná,bendita tu luz (feat. juan luis guerra)
4156,169046,heavens gate,livin' in hysteria
4157,168852,shakira,moscas en la casa (dance remix)
4158,168853,mercurio,enamoradisimo
4159,168855,laura pausini,yo canto
4160,168856,kalimba,duele
4161,169006,cruda mata,vete ya
4162,168990,christina aguilera,understand
4163,168901,christina aguilera,on our way
4164,168880,christina aguilera,nasty naughty boy
4165,169133,christina aguilera,mercy on me
4166,169064,chayanne,dejaria todo
4167,168860,la quinta estación,me muero
4168,168864,jesse & joy,ya no quiero
4169,169101,onda vaselina,"te quiero tanto, tanto"
4170,168887,sentidos opuestos,fiesta
4171,168871,la oreja de van gogh,perdida
4172,168943,sophie ellis-bextor,murder on the dance floor
4173,168891,ricardo arjona,dame
4174,169187,soraya,casi
4175,169070,ha-ash,tu mirada en mi
4176,168923,chetes,16 de febrero (con emmanuel del real)
4177,168996,chetes,regresa
4178,169085,ricky martin,shake your bon bon
4179,168904,elan,they came from the city
4180,169154,plastilina mosh,monster truck
4181,169124,cabas,la cadena de oro
4182,169156,benjamin,no soy el aire
4183,168922,paulina rubio,ese hombre es mio
4184,169063,ricardo arjona,te conozco
4185,168924,paulina rubio,nada puede cambiarme
4186,169127,belanova,suele pasar
4187,169191,ricardo arjona,historia de taxi
4188,168998,sasha sokol,serás el aire
4189,169143,gustavo lara,te me vas
4190,168940,coti,nada fue un error (con paulina rubio y julieta venegas)
4191,168949,mœnia,sufre conmigo
4192,168942,el gran silencio,chúntaros style
4193,169057,yuri,maldita primavera
4194,169189,calo,el amor bienvenido
4195,168974,la oreja de van gogh,en mi lado del sofá
4196,168960,lagrimita y costel,mi pancita
4197,169174,belinda,boba niña nice
4198,168995,reyli,pegale a le pared
4199,168971,gustavo lara,princesa
4200,169151,aterciopelados,mi vida brilla
4201,168973,belinda,bella traición
4202,168969,gloria trevi,zapatos viejos
4203,169069,maná,hechicera
4204,169172,café tacvba,como te extraño mi amor
4205,168981,el sueño de morfeo,para toda la vida
4206,168994,nikki clan,niñas mal
4207,169181,alaska y dinarama,a quien le importa
4208,169004,pambo,tras nubes
4209,169018,magneto,cambiando el destino
4210,169021,jennifer peña,vivo y muero en tu piel
4211,169052,maría bestar,pensando en ti
4212,169027,magneto,para siempre
4213,169030,coti,canción de adiós
4214,169125,ana torroja,como sueñan las sirenas
4215,169035,luis miguel,ahora te puedes marchar
4216,169100,magneto,ya pasara
4217,169043,celina gonzález,si me besas
4218,169049,estelares,un día perfecto
4219,169051,mœnia,estabas ahí
4220,169058,jeans,enferma de amor
4221,169061,reyli,perdoname en silencio
4222,169076,paulina rubio,ayudame
4223,169084,varana,llévame
4224,169073,magneto,mi amada
4225,169108,alaska y dinarama,ni tu ni nadie
4226,169094,la quinta estación,sueños rotos
4227,169148,snow patrol,monkey mobe
4228,169105,inmigrantes,golpe de suerte
4229,169112,jesse & joy,volvere
4230,169098,belanova,baila mi corazon
4231,169109,aleks syntek,intocable
4232,169199,they might be giants,istambul (not constantinopla)
4233,169116,gloria estefan,no llores
4234,169120,mœnia,me equivoqué (con denisse guerrero)
4235,169140,nikki clan,corazón abierto
4236,169134,carrapicho,tic tic tac
4237,169147,selena,si una vez
4238,169150,azúcar moreno,solo se vive una vez
4239,169158,ben lee,love me like the world is ending
4240,169171,intocable,contra viento y marea
4241,169169,los paranoias,sobre mi
4242,169165,lucero,tacticas de guerra
4243,169170,aleks syntek,de noche en la ciudad
4244,169179,los concorde,rompecabezas
4245,169182,pambo,perdon
4246,169192,kany garcía,hoy ya me voy
4247,252678,better than ezra,pull
4248,199739,café tacvba,alarmala de tos
4249,199804,paquita la del barrio,taco placero
4250,283422,just jack,embers
4251,344868,lynda,no quiero verte
4252,291361,dokken,slippin' away
4253,291410,dokken,will the sun rise
4254,291348,dokken,til the livin' end
4255,206703,jessica simpson,where you are
4256,290973,dredg,faceless interviewee
4257,222140,municipal waste,abusement park
4258,306511,brujería,santa lucía
4259,283402,the exies,these are the days
4260,207095,the pirate ship quintet,i kina spiser de hund
4261,299042,bloodbath,at the behest of their death
4262,375207,sigur rós & hilmar örn hilmarsson,coma
4263,313901,infected mushroom,deeply disturbed (violet vision remix)
4264,306909,ornette coleman,love call
4265,298999,static-x,...in a bag
4266,299457,noisia,massada
4267,375447,pulser,square one (the thrillseekers remix)
4268,299458,noisia,monster
4269,268077,the who,don't look away
4270,268076,the who,heat wave
4271,268073,the who,run run run
4272,268075,the who,whiskey man
4273,268063,the who,cache cache
4274,268064,the who,the quiet one
4275,207501,the kinks,turning japanese
4276,206859,radiohead,bones (live)
4277,207053,radiohead,my iron lung (live)
4278,299444,explosions in the sky,help us stay alive
4279,268058,the who,905
4280,268061,the who,guitar and pen
4281,268087,small faces,show me the way
4282,268059,the who,music must change
4283,268056,the who,new song
4284,268060,the who,trick of the light
4285,314710,fripp & eno,altair
4286,314839,pere ubu,flames over nebraska
4287,376360,richard thompson,blackleg miner
4288,299654,robert wyatt,september the ninth
4289,176230,the modern lovers,foggy notion
4290,299789,ornette coleman,lonely woman
4291,252700,boredoms,[arrow up]
4292,344804,the 13th floor elevators,barnyard blues
4293,344806,the 13th floor elevators,never another
4294,344807,the 13th floor elevators,rose and the thorn
4295,344808,the 13th floor elevators,down by the river
4296,344809,the 13th floor elevators,scarlet and gold
4297,344810,the 13th floor elevators,street song
4298,344812,the 13th floor elevators,with you
4299,291050,macadamia,hollow tree
4300,314835,pere ubu,two girls (one bar)
4301,314836,pere ubu,babylonian warehouses
4302,314837,pere ubu,blue velvet
4303,314838,pere ubu,caroleen
4304,314840,pere ubu,love song
4305,268035,jimmy smith,organ grinder's swing
4306,176188,mountain,nantucket sleighride (to owen coffin)
4307,299640,ooioo,on mani
4308,376457,sun ra,calling planet earth
4309,176208,dead meadow,me and the devil blues
4310,222511,the united states of america,the garden of earthly delights
4311,306330,paavoharju,vitivalkoinen
4312,306333,paavoharju,kuljin kauas
4313,306332,paavoharju,on yhä hämärää
4314,352562,roxy music,just like you
4315,356783,roxy music,serenade
4316,307169,susanna and the magical orchestra,"don't think twice, it's all right"
4317,237327,julie doiron,seven
4318,352318,felt,roman litter
4319,367460,gustavo santaolalla,un amor encontrado
4320,284260,adjágas,lihkulas
4321,314729,ali farka touré,karaw
4322,284261,adjágas,dolgemátki
4323,284262,adjágas,siivu
4324,222311,marine girls,a place in the sun
4325,298802,neil young & crazy horse,big time
4326,352371,the wedding present,let's make some plans
4327,352321,felt,crystal ball
4328,352323,felt,dance of deliverance
4329,199510,ultravox,slow motion
4330,199773,ultravox,can't stay long
4331,199698,ultravox,someone else's clothes
4332,199686,ultravox,some of them
4333,352205,david byrne,"wind, rain and water"
4334,352206,david byrne,paper emperor
4335,176089,marianne faithfull,witches' song
4336,307149,the feelies,everybody's got something to hide
4337,307048,agoria,code 1026
4338,352238,disco inferno,fallen down the wire
4339,299420,faust,"picnic on a frozen river, deuxieme tableux"
4340,299421,faust,giggy smile
4341,375208,john martyn,small hours
4342,299170,the cryan' shames,sugar and spice
4343,176066,the zakary thaks,bad girl
4344,314692,william s. burroughs,ah pook the destroyer / brion gysin's all-purpose bedtime story
4345,176185,the bonzo dog band,humanoid boogie
4346,176171,neil halstead,witless or wise
4347,290932,bill frisell,i heard it through the grapevine
4348,376272,todd rundgren,does anybody love you?
4349,376387,the silvertones,rejoice jah jah children
4350,199446,simple minds,big sleep
4351,207327,the shins,split needles (alt. version)
4352,245420,acidwolf,mmm
4353,245421,acidwolf,moonrider
4354,245422,acidwolf,taste of chikago
4355,199159,dj noize,o.d.b. tribute
4356,199870,ultravox,the man who dies every day (live)
4357,344825,the rolling stones,oh baby (we got a good thing goin')
4358,380452,melvins,your blessened
4359,306924,aphex twin,on (28 mix)
4360,299569,dj zinc,super sharp shooter
4361,352627,bochum welt,lunakhod
4362,245464,bradley strider,"bradley's beat, part one"
4363,352514,jandek,the first end
4364,176186,hawkwind,cymbaline
4365,299791,ornette coleman,eventually
4366,299792,ornette coleman,focus on sanity
4367,299793,ornette coleman,congeniality
4368,299794,ornette coleman,chronology
4369,352492,death in june,cathedral of tears
4370,313862,roni size,system check
4371,306874,the filthy youth,city stop
4372,191449,machinae supremacy,burghammer hill
4373,191650,machinae supremacy,dududub dududum
4374,191767,machinae supremacy,erecta my hamburger baby
4375,191687,machinae supremacy,flight of the toyota
4376,191454,machinae supremacy,futuremachine
4377,191785,machinae supremacy,insectoid
4378,191562,machinae supremacy,kings of the sea
4379,191633,machinae supremacy,koala in the spider's web
4380,291474,machinae supremacy,lava trouble bubble
4381,191751,machinae supremacy,lord krutor's dominion
4382,291475,machinae supremacy,spacepunx
4383,191456,machinae supremacy,theme from jets'n'guns
4384,191431,machinae supremacy,blind dog pride
4385,191452,machinae supremacy,fanvacoolt (men om nånting)
4386,306699,cheap trick,high roller
4387,207320,office,wound up
4388,314528,booker t. & the mg's,slim jenkins' place
4389,314673,philip glass,media weather
4390,299326,matching mole,signed curtain
4391,299377,henry cow,deluge
4392,299327,matching mole,part of the dance
4393,299385,robert wyatt,the whole point of no return
4394,306816,gentle giant,two weeks in spain
4395,299330,matching mole,o caroline
4396,214378,the cat empire,hello hello
4397,291556,thirsty merc,in the summertime
4398,306871,eskimo joe,how does it feel
4399,207078,youth group,sicily
4400,207025,youth group,under the underpass
4401,207228,polytechnic,man overboard
4402,237366,harrisons,take it to the mattress
4403,207103,dartz,teaching me to dance
4404,206931,the envy corps,baby teeth
4405,314890,oasis,the meaning of soul (live at city of manchester stadium '05)
4406,314414,kate nash,fluorescent adolescent (arctic monkeys cover)
4407,314402,the hives,tick tick boom (post colonization mix by nick zinner)
4408,306970,the whip,trash (crookers remix)
4409,359788,das pop,underground
4410,344949,m2m,pretty boy
4411,252654,better than ezra,daylight
4412,245418,shitmat,shut up
4413,222503,2raumwohnung,mach's einfach
4414,298793,manau,intro
4415,222176,les rythmes digitales,take a little time
4416,183722,ida corr,let me think about it (fedde le grand radio edit)
4417,299304,michael gray,somewhere beyond (original club mix)
4418,183906,peter gelderblom,waiting 4 (radio edit)
4419,376484,ian oliver,bucovina
4420,306964,ida corr vs. fedde le grand,let me think about it
4421,307106,joshua radin,brand new day
4422,299263,interpol,public pervert (carlos d. remix)
4423,176120,josephine taylor,i've made up my mind
4424,176183,moby grape,indifference
4425,176086,annie lennox,ladies of the canyon
4426,176235,the dirtbombs,no expectations
4427,176256,holly golightly,christmas solo
4428,199592,david bowie,repetition
4429,299577,mellowdrone,tinylittle
4430,206960,mellowdrone,whatever the deal
4431,176128,red house painters,summer dress
4432,176255,hem,the part where you let go
4433,176259,the bbc radiophonic workshop,"doctor who (closing title theme, 1970)"
4434,176236,the dirtbombs,motor city baby
4435,176234,the dirtbombs,stop
4436,344793,the dirtbombs,executioner of love
4437,176237,john cale,in a flood
4438,291352,peter murphy,emergency unit
4439,176198,murder by death,steal away
4440,176200,slim cessna's auto club,boom magalina hagalina boom
4441,298817,david byrne,dance on vaseline
4442,245088,jeremy enigk,cannons
4443,206952,the black keys,work me
4444,176134,the cathedrals,jump little children
4445,176162,barrett martin,barnburner
4446,176144,ennio morricone,romanza quartiere
4447,176145,ennio morricone,gabriel's oboe
4448,176115,schuyler fisk,hello
4449,176071,jeremy enigk,return of the frog queen
4450,176080,neils children,you didn't care
4451,176247,mercury rev,bronx cheer
4452,315070,鼓童,wax off
4453,176246,nico and the invisible girls,all tomorrow's parties
4454,176130,interpol,fog vs. mould for the length of love
4455,176070,upsilon acrux,bicycle race
4456,176067,athlete,one of those days
4457,199825,yazoo,goodbye seventies
4458,176069,the third bardo,i can understand your problem
4459,176072,soulwax,the salty knowledge of tears
4460,176073,the pink spiders,saturday night riot
4461,176082,cato salsa experience,listen to me daddy'o
4462,176076,the casual dots,flowers
4463,176078,garbage,the world is not enough (unkle remix)
4464,176079,cato salsa experience,planet heart
4465,176094,bill lloyd,picture book
4466,176087,stevie nicks,if you ever did believe
4467,176088,stevie nicks,crystal
4468,199689,oingo boingo,home again
4469,176101,oingo boingo,who do you want to be
4470,176099,saint etienne,wood cabin
4471,176100,andain,beautiful things
4472,176102,oingo boingo,fill the void
4473,176105,oingo boingo,dead or alive
4474,176274,the jeevas,silver apples
4475,176106,dan peters combo,do you remember walter?
4476,176109,the american analog set,magnificent seventies
4477,176111,perry farrell,happy birthday jubilee
4478,176112,perry farrell,to me
4479,176137,nitzer ebb,t.w.a.
4480,176113,bright eyes and britt daniel,spent on rainy days
4481,176117,renee stahl,something real
4482,176119,the decemberists,i dreamt i was an architect
4483,306375,throwing muses,pandora's box
4484,176125,eurythmics,regrets
4485,176127,christina rosenvinge,36
4486,176126,göran söllscher,la catedral: iii. allegretto
4487,176140,biel ballester trio,per na colo
4488,176139,mellowdrone,wouldn't mind
4489,176142,rebecca hale,i know you rider
4490,206958,mellowdrone,orange marmalade
4491,176141,the submarines,modern inventions (solex remix)
4492,176146,tin machine,bus stop
4493,176155,neil halstead,paint a face
4494,176148,bill callahan,taken
4495,176149,emilíana torrini,sunny road (manasseh mix)
4496,176150,shout out louds,bicycle
4497,176157,gogol bordello,occurrence on the border (hopping on a pogo-gypsy stick)
4498,176159,michael musburger,noodles
4499,176160,steven drozd,headphones theme from seemingly infinity
4500,176161,j mascis,carl
4501,176163,joey waronker,chorkle is dead
4502,176164,dale crover,vomit & orange juice
4503,176165,moby grape,murder in my heart for the judge
4504,176167,dr. dog,say ahhh
4505,176168,neil halstead,oh! mighty engine
4506,176169,neil halstead,elevenses
4507,176170,neil halstead,little twig
4508,176172,neil halstead,always the good
4509,176173,neil halstead,no mercy for the muse
4510,176175,neil halstead,queen bee
4511,176176,neil halstead,spinning for spoonie
4512,176177,golden smog,jane
4513,176178,trailer bride,all thine
4514,176179,the shitbirds,christmas is a-comin (may god bless you)
4515,176180,dr. dog,the breeze
4516,176189,dr. dog,hang on
4517,176182,wooden shjips,we ask you to ride
4518,176181,white rainbow,mystic prism
4519,176184,the fiery furnaces,norwegian wood (this bird has flown)
4520,176187,trespassers william,my hands up
4521,176194,the aquabats!,the baker
4522,176195,classics iv,spooky
4523,176241,delta spirit,"people, turn around"
4524,176211,hawkwind,gimme shelter
4525,176212,the yardbirds,"over, under, sideways, down"
4526,176210,mercury rev,vampire blues (live)
4527,176201,the black angels,surf city (revisited)
4528,176206,dead meadow,good moanin'
4529,176209,dead meadow,shivering king
4530,176215,dead meadow,heaven
4531,176216,dead meadow,raise the sails
4532,176213,the furs,falling star
4533,176220,pink mountaintops,new drug queens
4534,176222,holly golightly,anyway you like it
4535,176224,pink mountaintops,atmosphere
4536,176258,holly golightly,this happens
4537,176225,black mountain,voices
4538,176231,wooden shjips,loose lips
4539,176228,holly golightly & dan melchior,i'm feeling good
4540,176233,johnette napolitano,all tomorrow's parties
4541,176238,the bicycles,i will appear for you
4542,176244,les sexareenos,i need your lovin'
4543,176249,yonder mountain string band,think for yourself
4544,176257,holly golightly & the brokeoffs,bottom below
4545,176250,jim croce,roller derby queen
4546,176252,dozer,grand inquisitor
4547,176253,the submarines,waterloo sunset
4548,176261,brian eno,three variations on the canon in d major by johann pachelbel: i. fullness of wind
4549,176262,holly golightly,i thought wrong
4550,176263,holly golightly,king of everything
4551,176264,holly golightly,the sign
4552,176265,diane davidson,cowboy costume
4553,176266,april march and los cincos,some things just stick in your mind
4554,176273,holly golightly & the brokeoffs,escalator
4555,176270,holly golightly & the brokeoffs,"hug ya, kiss ya, squeeze ya"
4556,176271,holly golightly & the brokeoffs,one more fact
4557,176272,holly golightly & the brokeoffs,dark in my heart
4558,176268,holly golightly & the brokeoffs,indeed you do
4559,176269,holly golightly & the brokeoffs,easy on me
4560,176275,holly golightly & the brokeoffs,burn your fun
4561,176267,holly golightly & the brokeoffs,my 45
4562,176277,king missile,cheesecake truck
4563,176276,holly golightly & the brokeoffs,cora
4564,176278,françoise hardy,this little heart
4565,314938,faces,borstal boys
4566,245415,dr. octagon,1977
4567,176404,dan auerbach,because i should
4568,299238,billie holiday,love me or leave me
4569,298788,john martyn,go down easy
4570,376290,donald fagen,teahouse on the tracks
4571,375164,seth lakeman,blood upon copper
4572,375168,seth lakeman,send yourself away
4573,375175,seth lakeman,how much
4574,307058,hercules and love affair,you belong (riton remix)
4575,345324,utada,apple and cinnamon
4576,299837,psycroptic,cruelty incarnate
4577,299702,ulver,hymn iii: of wolf and hatred
4578,222049,odious mortem,nux vomica
4579,222050,odious mortem,gestation of worms
4580,245191,misery signals,the failsafe
4581,344618,showtek,early soundz
4582,344623,showtek,colours of the harder styles
4583,344634,showtek,no harder
4584,344615,showtek,fts
4585,344708,showtek,born 4 thiz
4586,237376,laakso,hamburg night
4587,192009,múm,once a shiny morning puddle
4588,306205,múm,oh how the boat drifts
4589,222001,kent,kräm (så nära får ingen gå)
4590,207075,a hawk and a hacksaw,the sparrow
4591,299813,hafdís huld,diamonds on my belly
4592,299815,hafdís huld,my heart beats
4593,299814,hafdís huld,plastic halo
4594,299812,hafdís huld,happily ever after
4595,299816,hafdís huld,celebration
4596,203855,guided by voices,ha ha man
4597,299121,jonathan richman,pablo picasso
4598,207076,a hawk and a hacksaw,salt water
4599,207033,a hawk and a hacksaw,there is a river in galisteo
4600,214389,big d and the kids table,my girlfriend's on drugs
4601,284237,sarah mclachlan,ben's song
4602,252633,frank zappa,i promise not to come in your mouth
4603,314234,richard rodgers & oscar hammerstein ii,maria
4604,352624,ludwig van beethoven,piano sonata #4 - movement #1 (beethoven)
4605,283378,lydia,"smile, you've won"
4606,184033,beyoncé,get me bodied (extended mix)
4607,352197,the wake,host
4608,237338,black tambourine,black car
4609,237339,black tambourine,pack you up
4610,237341,black tambourine,i was wrong
4611,237342,black tambourine,drown
4612,237344,laura watling,perfect penmanship
4613,375459,moonbabies,i'm insane but so are you
4614,352209,kitchens of distinction,elephantine
4615,314404,shocking pinks,jealousy
4616,314451,shocking pinks,23
4617,352325,felt,red indians
4618,352583,the loft,your door shines like gold
4619,352442,the wake,world of her own
4620,260436,sepultura,arise / dead embryonic cells
4621,222021,possessed,pentagram
4622,222023,possessed,burning in hell
4623,191594,death angel,seemingly endless time
4624,314478,"paco de lucía, al di meola, john mclaughlin",midsummer night
4625,298826,seasick steve,walkin man
4626,222034,sadus,and then you die
4627,222036,sadus,twisted face
4628,291325,pretty maids,future world
4629,314499,victor wooten,back to india
4630,207231,karma to burn,five
4631,380535,alabama thunderpussy,falling behind
4632,380536,alabama thunderpussy,victory through defeat
4633,380537,alabama thunderpussy,folk lore
4634,314551,aerosmith,combination
4635,314552,aerosmith,lick and a promise
4636,314553,aerosmith,home tonight
4637,229756,dj orkidea,beautiful
4638,306263,kingston wall,the answer
4639,291234,kiss,while the city sleeps
4640,291235,kiss,murder in high heels
4641,291381,kiss,not for the innocent
4642,291415,kiss,young and wasted
4643,180714,the doors,dawn's highway
4644,199378,the doors,black polished chrome
4645,329230,herbie hancock,it ain't necessarily so
4646,329216,herbie hancock,summertime
4647,307185,yes,leave it (a cappella)
4648,283874,howard shore,andurill
4649,207480,muse,apocalypse please (instrumental)
4650,207482,muse,falling away with you (instrumental)
4651,275595,planet funk,chase the sun (ambient mix)
4652,306261,"sydän, sydän",00800
4653,283261,lifehouse,where i want to be
4654,291426,ratt,lack of communication
4655,291356,diamond head,blitzkrieg
4656,291358,diamond head,call me
4657,345341,jessica mauboy,been waiting
4658,307118,afro medusa,pasilda (knee deep club mix)
4659,206911,limp bizkit,the propaganda
4660,283552,tori amos,can't get you out of my head
4661,183843,roula,lick it
4662,184168,warp brothers,blast the speakers
4663,184202,boomtang boys,squeeze toy
4664,184042,cabin crew,star to fall
4665,298836,sugar ray,shot of laughter
4666,183731,janet jackson,throb (morales badyard club)
4667,291594,έλενα παπαρίζου,my number one
4668,184069,uniting nations,out of touch (radio edit vox filter intro)
4669,184011,sash!,"stay (original 12"")"
4670,183720,madonna,let down your guard (rough mix edit)
4671,183721,madonna featuring 2pac,i'd rather be your lover
4672,184122,qed,love bites (valentin club mix)
4673,291176,t.a.t.u.,not gonna get us (dave aude's extension 119 vocal edit)
4674,183929,new order feat. ana matronic,jetstream (richard x radio mix)
4675,184000,d.h.t.,listen to your heart (hixxy remix)
4676,183768,rob thomas,lonely no more (acoustic)
4677,183871,atb,humanity (airplay mix)
4678,183856,annie lennox,no more i love you's (junior vasquez mix)
4679,183752,jon secada,too late too soon (tm's right on time mix)
4680,307117,happy clappers,i believe (vandalism club mix)
4681,183801,jewel,intuition (tee's kat mix)
4682,183950,deborah cox,nobody's supposed to be here (hex hector radio edit)
4683,183949,mariah carey,my all (classic radio mix)
4684,183830,spice girls,spice up your life (morales radio mix)
4685,183742,britney spears,"touch of my hand (bill hamel 12"" remix)"
4686,183744,madonna,hung up (blueyender tech-remix)
4687,183829,madonna,everybody (club mix)
4688,183743,anastacia,sick and tired (jason nevins electrochill remix edit)
4689,184012,anastacia,i'm outta love (hex hector radio edit)
4690,183944,kristine w,o holy night (calderone & carrano radio edit)
4691,184044,δέσποινα βανδή,opa opa
4692,183852,madonna,into the groove (extended dance mix)
4693,183796,deborah cox,house is not a home (dio's i'll be your radio)
4694,291194,savage garden,to the moon and back (hani's num radio edit)
4695,183857,olav basoski & michie one,waterman (radio edit)
4696,183900,cher,believe (almighty definitive mix)
4697,291220,lindsay lohan,i want you to want me
4698,183885,tube & berger,straight ahead (radio edit)
4699,183789,céline dion,to love you more (tony moran's pop edit)
4700,375431,the crystal method,comin' back (club 69 funk express)
4701,375432,the crystal method,comin' back (club 69 future edit mix)
4702,375725,darude,feel the beat (radio edit)
4703,184127,toni braxton,he wasn't man enough (junior vasquez marathon mix)
4704,184099,claudja,i will stand (tony moran & warren rigg radio edit)
4705,184183,loleatta holloway,love sensation '06 (hi_tack burnin' up club mix)
4706,184116,donna summer,love is the healer (thunderpuss 2000 club mix)
4707,183926,jessica vale,disco libido (dave aude future disco clean mixshow)
4708,184071,whitney houston,i learned from the best (jr. vasquez u.k. radio mix)
4709,183948,offer nissim featuring maya,first time (part 2 when i'm with you)
4710,191962,filterfunk,s.o.s. (message in a bottle) (hi_tack remix)
4711,184109,nelly furtado,i'm like a bird (junior earth anthem)
4712,183884,wide life with simone denny,all things (just keep getting better)
4713,298811,enigma,return to innocence (radio edit)
4714,184084,toni braxton,un-break my heart (soul hex anthem mix)
4715,184102,paris hilton,turn it up (peter rauhofer turns it up mix)
4716,183970,jamie lewis & dj pippi feat. kim cooper,so sexy (jamie lewis darkroom mix)
4717,183782,skunk anansie,brazen 'weep' (jr vasquez arena anthem)
4718,183904,garbage,when i grow up (danny tenaglia's club mix)
4719,184145,dolce,fire (orange factory dub)
4720,183985,david guetta vs. the egg,love don't let me go (walking away) (radio edit)
4721,183965,qkumba zoo,the child (inside) (junior's club mix)
4722,184010,u2,new year's day (ferry corsten vocal radio mix)
4723,183927,white label,crazy for you (radio edit)
4724,184140,cutting crew,(i just) died in your arms tonight (extended remix)
4725,291593,έλενα παπαρίζου,voulez vous?
4726,291664,έλενα παπαρίζου,you set my heart on fire
4727,291579,έλενα παπαρίζου,it's gone tomorrow (yparhei logos)
4728,291578,έλενα παπαρίζου,let me let go
4729,291571,έλενα παπαρίζου,teardrops
4730,291577,έλενα παπαρίζου,carpe diem (seize the day)
4731,184079,information society,running (victor calderone remix)
4732,183921,4 strings,living a lie
4733,183953,elton john,your song (almighty mix) (edit)
4734,183914,dj encore,walk on water (radio version)
4735,183976,robin,the dj made me do it (rosario dub)
4736,184190,ultra naté,love's the only drug (adam rios a.m. shelter mix)
4737,284094,mariah carey,"god rest ye merry, gentlemen"
4738,284095,mariah carey,miss you most (at christmas time)
4739,283916,mariah carey,jesus born on this day
4740,283915,mariah carey,joy to the world
4741,376488,green velvet,shake and pop
4742,183972,girls aloud,i think we're alone now (flip and fill mix)
4743,183876,paris avenue featuring robin one,i want you (radio edit)
4744,183775,tricky bizzniss ft. trixie reiss,c'mom c'mon (josh harris radio)
4745,183943,עפרה חזה,im nin' alu (english mix)
4746,183827,sinitta,g.t.o.
4747,184118,magnus carlsson,live forever [soundfactory radio edit]
4748,183726,velvet,fix me (d2 club edit)
4749,307101,out of office,hands up (original mix 2007)
4750,183958,natasha bedingfield,i wanna have your babies (kardinal beats mix)
4751,183930,leana,pack your bags (dave aude club mix)
4752,183934,porno vs. hannah jones,time 2 move (music power) (marascia electro mix)
4753,183863,jordin sparks,i who have nothing
4754,183773,jennifer carbonell,time (hernandez vs.œ dj tyo radio edit)
4755,183772,lola,i can't take it (josh harris radio edit)
4756,183767,fragma,everybody knows
4757,183866,sade,by your side (junior vasquez twilo mix)
4758,183940,janet jackson,with u (chad jack remix)
4759,184092,jordin sparks,broken wing
4760,183831,meredith brooks,bitch (tee's in-house mix)
4761,183754,ethnix,ציפור מדבר
4762,183828,sheryl crow,soak up the sun (sunsweep radio mix)
4763,184029,kylie minogue,come into my world (radio edit)
4764,298730,nina simone,sinnerman (felix da housecat mix)
4765,183925,vanessa hudgens,say ok [a castillo remix]
4766,184078,k.d. lang,consequences of falling (lenny b remix)
4767,183794,lisa lisa,when i fell in love (suena factoria mix)
4768,183862,kylie minogue,can't get you out of my head (greg kurstin mix)
4769,183957,chicane vs. natasha bedingfield,bruised water (radio edit)
4770,183991,janet jackson,throb
4771,183968,m people,dreaming (morales radio edit)
4772,183791,madonna,forbidden love (alexander & mark vdh verse dub)
4773,183882,rihanna,shut up and drive (the wideboys club mix)
4774,183996,k.d. lang,sexuality (angel moraes dub)
4775,183942,sylver,turn the tide (radio edit)
4776,183779,seal,love's divine (the passengerz radio mix)
4777,183883,toni braxton,i don't want to (franktified club mix)
4778,183989,dr. bombay,my sitar
4779,184076,billie myers,am i here yet? (return to sender) (junior's marathon mix)
4780,183935,tiësto,break my fall (feat. bt) (radio edit)
4781,183788,stevie nicks,stand back (tracy young takes you home radio)
4782,183771,ray roc checo,sun in my face (radio edit)
4783,375760,nana,dreams
4784,183837,k.d. lang,if i were you (junior's main mix)
4785,183907,gwen stefani,cool (ralphi's hyrdate radio mix)
4786,183951,carrie underwood,so small
4787,183810,mary mary,shackles (calderone big room mix)
4788,183877,ohsha kai,outta my mind (lenny b's radio edit)
4789,183728,duran duran featuring justin timberlake & timbaland,nite runner
4790,183746,danielle bollinger,surrender me (tony moran & warren rigg radio mix)
4791,183729,lisa lisa,rock into your soul (tony moran & warren rigg radio mix)
4792,183730,deborah cox,everybody dance (tony moran & warren rigg radio mix)
4793,183763,tiffany,higher (josh harris radio mix)
4794,184063,timbaland feat. keri hilson,the way i are (tony arzadon remix)
4795,183740,monifah,peaches & cream
4796,183804,tiffany,higher
4797,183793,pet shop boys,integral (perfect immaculate mix)
4798,183755,dana international,seret hodi
4799,183923,fergie,big girls don't cry (personal) (album version)
4800,183724,the chemical brothers featuring fatlip,the salmon dance
4801,183769,chris lake feat. emma hewitt,carry me away (original mix)
4802,183785,timbaland,the way i are (radio edit)
4803,183727,christina aguilera,slow down baby (dj ak47's fine time edit)
4804,183735,katharine mcphee,love story (solar city radio edit)
4805,183817,billie myers,just sex (junior vasquez queen b mix)
4806,183732,frankie knuckles featuring lisa michaelis,rain falls [wet radio mix]
4807,183749,e.g. fullalove,didn't i know (divas to the dancefloor... please) (junior vasquez b96 radio edit)
4808,183918,widelife featuring simone denny,i don't want u (dezrok radio mix)
4809,183840,elton john,rocket man (junior's arena anthem)
4810,183765,kim appleby,high (vito's radio edit)
4811,183753,dana international,nosa'at le petra
4812,183733,katharine mcphee,love story (soul banger club mix)
4813,183737,jason walker,101
4814,183738,jason walker,flexible
4815,183748,kelis,good stuff (junior's transatlantic mix)
4816,183756,ono,"no, no, no (friscia & lamboy vocal mix)"
4817,183759,aubrey,angel (anr radio edit)
4818,183777,willa ford,i wanna be bad (sal parm mix)
4819,183778,undercover divas,big area (radio edit)
4820,183813,offer nissim featuring maya,wish you were here (radio edit)
4821,183963,billy crawford feat. nona hendryx,urgently in love [jam & delgado master mix]
4822,183776,junior vasquez presents franklin fuentes,if madonna calls (junior's house edit)
4823,183780,the chemical brothers featuring fatlip,the salmon dance (edit)
4824,183781,backstreet boys,inconsolable (jason nevins remix)
4825,183908,mischa daniels & tash,round & round (original radio edit)
4826,183812,kelly rowland,ghetto (junior vasquez & gomi jazzy radio mix)
4827,183811,bodies without organs,the destiny of love (the attic remix) (radio edit)
4828,183960,annie lennox,coloured bedspread
4829,184117,martijn ten velden featuring luciana,i wish u would (bermudez & preve radio edit)
4830,183818,billie ray martin,running around town (7 inch mix)
4831,183839,stevie cee,one last kiss (junior vasquez dreamliner club mix)
4832,183797,dannii minogue vs. jason nevins,touch me like that (radio edit)
4833,183799,britney spears,gimme more (kaskade radio edit)
4834,183800,groove theory,tell me
4835,183805,offer nissim featuring maya,happy people (original mix)
4836,183803,tori amos,professional widow (bonus beats)
4837,291113,girls aloud,call the shots (xenomania club mix)
4838,183875,blue man group,canta conmigo (funky junction spanish radio mix)
4839,183806,kylie minogue,2 hearts [single version]
4840,183845,gioia bruno,your love is lifting me (higher and higher)
4841,183825,natalie imbruglia,glorious (bimbo jones remix radio edit)
4842,183870,annie lennox,sing (dean coiman radio remix)
4843,184055,urban discharge,drop a house
4844,183816,prince,the one u wanna c
4845,184035,vernessa mitchell,this joy (razor 'n guido dub mix)
4846,183819,collage,"i'll be loving you (chris ""the greek"" radio mix)"
4847,183821,janice grace,frequency (jason nevins dance radio edit)
4848,183823,filo and peri feat. eric lumiere,anthem (original radio edit)
4849,183824,sylvia tosun,head ove heels (warren rigg/reed mcgowan club mix)
4850,183847,sarah atereth,it doesn't take much (tracy young)
4851,183987,yanou,sun is shining (spencer & hill remix)
4852,183833,high school musical cast,you are the music in me (azriel drake's midnight anthem edit)
4853,183832,darren hayes,2 hearts
4854,183826,chico,curvy cola bottle body (radio edit)
4855,183959,annie lennox,sing (moto blanco club mix)
4856,183982,france joli,come to me (radio edit)
4857,183835,shirley bassey,'disco' la passione
4858,183836,agnetha fältskog,wrap your arms around me
4859,183844,chaka khan & mary j. blige,disrespectful (igor zanonn 2 mister ny radio)
4860,183961,gibson brothers,que sera mi vida (if you should go)
4861,183848,taylor dayne,beautiful
4862,183854,dan hartman,vertigo/relight my fire
4863,183849,duran duran,falling down (jeff barringer mix)
4864,183851,i to i,the right time (station edit)
4865,183859,amerie,crush (johnny douglas single version)
4866,183860,måns zelmerlöw,brother o brother (ali payami remix)
4867,183864,timbaland,apologize (featuring onerepublic) (lenny b. radio mix)
4868,183879,deepface,i want to live (remix)
4869,183983,billie piper,"honey to the bee (hex hector 7"" mix)"
4870,183901,billie ray martin,undisco me
4871,184004,the cheetah girls,fuego (ranny's radio edit)
4872,183878,alicia keys,no one (thee werq'n b!tches innuendo club mix)
4873,183880,amber,one more night (hani's club mix)
4874,183978,information society,what's on your mind (pure energy) (pure energy radio edit)
4875,183933,avril lavigne,when you're gone (speakerbox radio edit)
4876,183986,rihanna,don't stop the music (nick harvey nyc tribal dub)
4877,183881,عمرو دياب,ne ol eih
4878,184019,laut sprecher,omnibus (radio)
4879,183892,darren hayes,sing to me
4880,183895,darren hayes,lucky town
4881,183896,darren hayes,setting sun
4882,183898,darren hayes,the tuning of violins
4883,183920,offer nissim featuring maya,wish you were here (part 2)
4884,183915,jordin sparks,overcome
4885,183922,brian anthony,whatsitgonnab? (i'm so ready) (albert c club mix)
4886,183924,justin timberlake featuring beyoncé knowles,until the end of time (johnny vicious & dj escape radio mix)
4887,183928,maroon 5,won't go home without you (acoustic)
4888,183937,enur featuring natasja,calabria 2007 (radio edit)
4889,183936,kylie minogue,2 hearts (dj michaelangelo does almighty's mix)
4890,183939,gina g,ooh aah... just a little bit (radio edit)
4891,183941,liquid360,strip (lenny b. big room club mix)
4892,184083,karen young,hot shot (ralphi rosario & craig j. remix)
4893,183952,dan hartman,relight my fire (almighty anthem radio edit)
4894,183946,cansei de ser sexy,music is my hot hot sex (promo only clean edit)
4895,184005,justice featuring mos def and spank rock,d.a.n.c.e.
4896,183975,darren hayes,me myself and (i) (dj wayne and andy allder electro mix)
4897,183954,janet jackson,feedback (dj ak47's grace state mix)
4898,183955,taylor dayne,beautiful (the rj radio edit)
4899,183956,linda o,wherever you are (chris 'the greek' panaghi club mix)
4900,183962,duran duran featuring justin timberlake & timbaland,nite runner (diva nation remix)
4901,183964,john mayer,dreaming with a broken heart (live)
4902,183967,yinon yahel,more beatzzz (dub mix)
4903,183971,erin hamilton,the flame (solar city club mix)
4904,183981,sarah michelle gellar,teen horniness is not a crime
4905,291147,rihanna,umbrella (seamus haji club remix)
4906,183995,kylie minogue,wow (css remix)
4907,184002,the cube guys,baba o'riley (don't cry)
4908,184003,the cube guys,baba o'riley (the cube guys mix)
4909,184028,aaliyah,one in a million (armand's drum 'n' bass mix)
4910,184006,mick jagger,charmed life (solitaire radio edit)
4911,184133,ralph falcon,break you (cube guys radio edit)
4912,184173,janet jackson,feedback (moto blanco radio edit)
4913,184007,σάκης ρουβάς,shake it
4914,184193,love tribe,stand up (narcotic edit)
4915,184013,madonna,nothing really matters (club 69 radio mix)
4916,184014,donna summer,i will go with you (con te partiro) (club 69 future mix)
4917,184018,js16,stomp to my beat (radio edit)
4918,184024,gloria estefan,reach (higher radio mix)
4919,184015,eiffel 65,blue (da ba dee) (dj ponte radio edit)
4920,184016,enya,only time (remix)
4921,184157,snoop dogg,sensual seduction (wide boys radio edit)
4922,184017,hypertrophy,beautiful day (radio edit)
4923,184022,river ocean feat. india,love & happiness (yemaya y ochún) [radio edit]
4924,184026,perpetous dreamer,the sound of goodbye (above and beyond radio edit)
4925,184027,yazoo,don't go (tee's tnt radio mix)
4926,184050,beyoncé knowles featuring jay-z,crazy in love (junior's dance radio mix)
4927,184043,christina aguilera,beautiful (peter rauhofer radio edit)
4928,184049,black legend,you see the trouble with me (radio edit)
4929,184048,delerium,silence (airscape remix edit)
4930,184031,funky green dogs,fired up (danny's twilo anthem edit)
4931,184032,beyoncé,listen (dj escape & dom capello radio edit)
4932,184038,chicane featuring máire brennan,saltwater
4933,184039,jon secada,better part of me
4934,184045,sade,by your side (yard mix)
4935,184046,anggun,secret of the sea (hani remix 1)
4936,184047,anggun,secret of the sea (hani remix 2)
4937,184057,meja,all 'bout the money (hector's radio mix)
4938,184098,shirley bassey,get this party started (shirley bassey vs. chris cox radio mix)
4939,184052,inaya day,breakaway (radio edit)
4940,184053,hannah jones,you only have to say you love me (definite radio mix)
4941,184054,irene cara,all my heart (junior's radio edit)
4942,184201,cascada,what do you want from me? (manox radio edit)
4943,184106,kelly rowland,can't nobody (junior's earth anthem)
4944,184067,the s.o.u.l. s.y.s.t.e.m. introducing michelle visage,it's gonna be a lovely day [c+c vocal house edit]
4945,184066,gabrielle,give me a little more time (morales dub)
4946,184060,c+c music factory feat. zelma davis,just a touch of love (everyday) [radio mix]
4947,184131,tony moran featuring kristine w.,walk away (tony moran & warren rigg evolution radio without intro)
4948,184056,mary j. blige,come to me (peace)
4949,184059,offer nissim featuring maya,happy people (radio edit)
4950,184058,amber,the need to be naked (original club mix)
4951,184061,michael jackson,off the wall [junior vasquez club mix]
4952,184062,mika,relax (take it easy) (noiz remix)
4953,184073,miley cyrus,see you again (johnny coppola-dance you again remix [edit])
4954,184075,mariah carey,bringin' on the heartbreak (junior vasquez extended mix)
4955,184091,frankie j,more than words (mynt electro radio edit)
4956,184081,leona lewis,bleeding love (album version)
4957,184082,offer nissim featuring maya,happy people (radio mix)
4958,184085,booom!,keep pushin'
4959,184087,rochelle,praying for an angel (radio edit)
4960,184088,collage,i'll be loving you
4961,184089,planet soul,set u free (radio edit)
4962,184086,fast eddie,let's go
4963,184096,leona lewis,bleeding love (jason nevins extended mix)
4964,184094,deepest blue,deepest blue (radio edit)
4965,184101,royal gigolos,girls just wanna dance (2-4 grooves vocal edit)
4966,184103,seal,the right life
4967,184104,celeda,amazing (tracy young radio edit)
4968,184108,l.i.v.,journey of love (extended mix)
4969,184110,janet jackson,"state of the world [state of the house 7""]"
4970,184111,m people,moving on up (master edit)
4971,184113,fergie,all that i got
4972,184114,seal,the right life (tiësto remix)
4973,184115,paula abdul,"dance like theres no tomorrow, part 2 (oakenfold remix)"
4974,184119,bruce roberts & donna summer,"whenever there is love [junior vasquez 7"" mix]"
4975,184120,ron perkov,i get off (tony moran & warren rigg radio mix)
4976,184144,darude,music (original)
4977,184124,the new mastersounds featuring corinne bailey rae,your love is mine (friscia & lamboy radio edit)
4978,184150,seduction,two to make it right [clivilles & cole club mix]
4979,184130,sonia,"boogie nights [7"" mix]"
4980,184123,black box,strike it up (dance mix)
4981,184165,hashim,al-naafiysh (the soul) (the it's about time remix)
4982,184125,anggun,snow on the sahara [razor 'n' guido main mix]
4983,184126,prince & the new power generation,thieves in the temple (thieves in the house mix)
4984,184128,vernessa mitchell,this joy (razor 'n guido vocal mix)
4985,184200,wild orchid,talk to me
4986,184197,kleerup with titiyo,longing for lullabies
4987,184149,robbie nevil,c'est la vie [single version]
4988,184135,the pasadenas,"i believe in miracles (7"" mix)"
4989,184136,louie louie,the thought of it [album version]
4990,184148,sting,sister moon
4991,184138,annie lennox,"no more ""i love you's"" (remix) (radio edit)"
4992,184137,k.d. lang,if i were you (lp version)
4993,184141,jossette,feels good (cibola dance mix)
4994,184143,carly hennessy,i'm gonna blow your mind
4995,184151,hilary duff,with love (richard vission vs. dave audé club edit)
4996,184147,lucas prata & jeannie ortega,a girl like that (giuseppe d radio edit)
4997,184158,jordin sparks featuring chris brown,no air (jason nevins radio edit)
4998,184152,mariah carey,i'm that chick
4999,184167,madonna,4 minutes (dj ak47 vs. chus & ceballos synergy anthem)
5000,184154,gusto,disco revenge (freemasons vocal mix)
5001,184155,bappi lahiri,habiba (razormaid mix)
5002,184159,offer nissim feat. santa esmeralda,another cha cha (original mix)
5003,184160,the cardigans,lovefool (tee's club radio)
5004,184164,the original,i luv u baby (dancing divaz radio mix)
5005,184163,the veronicas,hook me up (tommy trash remix)
5006,184191,candido,jingo (mount rushmore 'si empre mix')
5007,184162,robbie williams,lovelight (soulwax ravelight vocal mix)
5008,184172,orbital,halycon and on and on [radio mix]
5009,184175,one vo1ce,all day all nite (kamikaze remix)
5010,184177,gat décor,passion (do you want it right now edit)
5011,184180,oris jay presents delsena,trippin (agent sumo's radio edit)
5012,184178,d-mob introducing cathy dennis,c'mon and get my love (radio edit)
5013,184179,miley cyrus,see you again (mark roberts ultimix)
5014,184182,foggy,come (into my dream) (dogzilla remix)
5015,184185,patric,"love me [7"" radio edit]"
5016,184184,react,let's go all the way (johnny vicious dub)
5017,184186,alphabeat,"10,000 nights of thunder [single version]"
5018,184188,la lupe,besito pa ti (rosabel's 'ay no ma' vocal mix)
5019,184192,rachel panay,repeat performance (guido osorio's radio edit)
5020,184194,armand van helden feat. tara mcdonald,my my my 2006 (stonebridge radio edit)
5021,184199,sophie b. hawkins,as i lay me down (butcher remix)
5022,184198,sheena easton,sugar walls
5023,184203,tina turner,on silent wings (soul solution club mix)
5024,184204,crush,"jellyhead (motiv 8's pumphouse 7"" edit)"
5025,291080,alanis morissette,underneath (josh harris remix)
5026,206706,kavana,special kind of something
5027,307085,sonique,can't get enough
5028,307237,zero,bania u cygana
5029,299288,kreesha turner,don't call me baby (digital dog club)
5030,252679,depeche mode,wrong (thin white duke remix)
5031,376510,the grid,swamp thing (radio mix)
5032,191393,libera,ave maria
5033,237328,julie doiron,second time
5034,283956,ani difranco,soft shoulder
5035,283957,ani difranco,wish i may
5036,283958,ani difranco,freakshow
5037,283778,karin park,lucy's heart
5038,283779,karin park,i promise to be happy
5039,283780,karin park,stockholm snow
5040,237326,julie doiron,dance music
5041,283440,counting crows,i am ready for love
5042,306411,conor oberst,willow wood
5043,214511,loquat,time bomb
5044,191763,leah,calling
5045,314256,marissa jaret winokur & ensemble,good morning baltimore
5046,345217,jonas brothers,games
5047,314652,john williams,mischief managed!
5048,345213,jonas brothers,just friends
5049,291529,tamia,so into you
5050,199261,colby o'donis,let you go
5051,329381,esperanza spalding,ponta de areia
5052,283245,box car racer,the end with you
5053,191549,billy idol,hot in the city (exterminator mix)
5054,291353,peter murphy,the light pours out of me
5055,207484,bloc party,american kids (instrumental)
5056,315046,dragonette,i get around (ratcliffe remix)
5057,298715,loons,passageways
5058,283884,indigo girls,land of canaan
5059,290894,gasoline heart,paralyze
5060,314777,angelfish,tomorrow forever
5061,314783,angelfish,king of the world
5062,207389,the owls,the way on
5063,314613,the hoosiers,everything goes dark
5064,315030,cut copy,silver thoughts
5065,314969,midnight juggernauts,into the galaxy (chateau marmont remix)
5066,376348,junkie xl,today
5067,321701,de-phazz,detunized gravity
5068,307205,the ukulele orchestra of great britain,wuthering heights (kate bush cover)
5069,275594,junkie xl,not enough
5070,291009,gabin,la maison (di battista's dream) (feat. stefano di battista)
5071,314533,b.b. king,don't answer the door
5072,298805,b.b. king,nobody loves me but my mother
5073,191786,jackson browne,cocaine
5074,314980,midfield general,reach out
5075,314535,muddy waters,can't get no grindin'
5076,206855,the cult,she sells sanctuary (long version)
5077,191787,jackson browne,you love the thunder
5078,284078,"king's college choir, cambridge",ding dong! merrily on high
5079,284084,"king's college choir, cambridge",the infant king
5080,284188,clannad,closer to your heart
5081,306835,eric clapton,breaking point
5082,291008,gabin,"doo uap, doo uap, doo uap (feat. stefano di battista)"
5083,275612,aphrodite,rock the funky beat
5084,245397,bitcrush,colder
5085,199812,erasure,video killed the radio star
5086,314243,morrissey,jack the ripper (studio version)
5087,206897,sound team,it's obvious what's happening here
5088,199587,erasure,precious
5089,314860,jellyfish,"sebrina, paste and plato"
5090,191584,enya,pilgrim
5091,214451,club 8,when lights go out
5092,306440,les balayeurs du désert,géante himalaya
5093,306441,les balayeurs du désert,hello ola
5094,352609,the blue orchids,disney boys
5095,275704,"lee ""scratch"" perry",stay red
5096,268043,charles mingus,girl of my dreams
5097,199683,the cure,mr. pink eyes
5098,199190,toots & the maytals,(take me home) country roads
5099,245332,seefeel,time to find me (afx fast mix)
5100,275625,benga,mammoth (plasticman remix)
5101,307041,sébastien léger,the hardest loop
5102,307024,cirez d,knockout
5103,299749,dj distance,tuning
5104,299806,appleblim,girder
5105,380526,johnny cash,"oh, what a dream"
5106,199044,yo la tengo,blitzkrieg bop
5107,199360,a tribe called quest,separate/together
5108,199350,a tribe called quest,busta's lament
5109,314193,nellie mckay,ges
5110,314230,nellie mckay,we had it right (feat. kd lang)
5111,199213,jay-z,brooklyn's finest
5112,375773,republica,get off
5113,252727,chico buarque,cantando na toró
5114,252726,gilberto gil,refavela
5115,314763,50footwave,diving
5116,314103,gang starr,intro (the first step)
5117,352631,excepter,shattered skull
5118,283747,vienna teng,the atheist christmas carol
5119,352273,hair police,constantly terrified
5120,222375,daedelus,fin
5121,314946,the dismemberment plan,manipulate me
5122,376407,sam cooke,nobody knows the trouble i've seen
5123,191746,roy orbison,uptown
5124,207246,31knots,busy is bold
5125,352278,quintron,9-4-9
5126,352407,half japanese,roman candles
5127,207060,the ruby suns,it's hard to let you know
5128,203859,minutemen,if reagan played disco
5129,199523,japan,my new career
5130,199632,david bowie,ziggy stardust (live)
5131,191864,inkubus sukkubus,burning times
5132,191569,great big sea,something to it
5133,191602,celtic connection,flowers
5134,191590,celtic connection,haul her along
5135,191911,iron maiden,public enema number one (live)
5136,191570,great big sea,dancing with mrs. white
5137,191831,great big sea,nothing out of nothing
5138,191457,celtic connection,south australia
5139,191458,muldow,muirshen durkin
5140,191479,shanneyganock,st. john's girls
5141,191824,david bradstreet,sienna sky
5142,191564,iron maiden,space station no. 5
5143,191804,chris de burgh,the storyman
5144,298983,陣内一真,opening theme
5145,298984,戸田信子,imprisonment
5146,298985,陣内一真,comm base
5147,298986,日比野則彦,diversionary ops
5148,298987,日比野則彦,in the wilderness
5149,191748,kiss,2000 man
5150,191554,iron maiden,nodding donkey blues
5151,191389,ramones,sheena is a punk rocker (abc single version)
5152,191467,iron maiden,burning ambition
5153,191498,great white,in the light (live)
5154,191861,mötley crüe,angela
5155,191933,lee aaron,some girls do
5156,191722,lee aaron,peace on earth
5157,191749,the black crowes,no speak no slave
5158,191528,aerosmith,heart's done time
5159,191758,lenny kravitz,deuce
5160,191571,garth brooks,hard luck woman
5161,191500,great white,face the day
5162,191502,great white,rollin' stoned
5163,191503,great white,save your love
5164,191504,great white,can't shake it
5165,191505,great white,house of broken love
5166,191506,great white,mista bone
5167,191507,great white,the angel song (live)
5168,191529,aerosmith,magic touch
5169,191530,aerosmith,simoriah
5170,191888,iron maiden,i've got the fire (live)
5171,191835,iron maiden,cross eyed mary
5172,191950,iron maiden,infinite dreams (live)
5173,191752,fine young cannibals,couldn't care more
5174,191774,the barra macneils,myopic
5175,191705,the barra macneils,the ballad of lucy jordan
5176,191663,the barra macneils,going down the road
5177,191559,quiet riot,let's get crazy (live)
5178,191689,billy idol,catch my fall (remix fix)
5179,191631,the doobie brothers,under the spell
5180,191794,van halen,jump (live)
5181,191560,van halen,ultra bass
5182,191561,van halen,pleasure dome / drum solo
5183,191808,van halen,why can't this be love?
5184,229698,van halen,won't get fooled again
5185,191483,cheap trick,i can't take it
5186,191796,cheap trick,can't stop fallin' into love
5187,191651,the black crowes,time will tell
5188,191776,gin blossoms,christine sixteen
5189,375444,nirvana,smells like teen spirit (lp version)
5190,191784,makeup and vanity set,will of one byte
5191,191790,makeup and vanity set,the stand 1986
5192,191388,noisia,sandworm
5193,376333,vince dicola,gone fishin'
5194,376334,vince dicola,destruction of the moons
5195,376336,vince dicola,arrival on junk
5196,376337,vince dicola,another leader dies
5197,191654,blues traveler,just wait
5198,191720,blues traveler,brother john
5199,191453,the doors,the end (strange version)
5200,191403,nappy hardcore,eye opener
5201,191399,machinae supremacy,follower
5202,191414,machinae supremacy,earthbound
5203,191491,machinae supremacy,multiball
5204,191386,machinae supremacy,arcade
5205,191411,machinae supremacy,nemesis
5206,191379,machinae supremacy,fighters from ninne v2
5207,191477,machinae supremacy,sidology episode 3: apex ultima
5208,191745,machinae supremacy,the wired
5209,191412,machinae supremacy,cryosleep
5210,191413,machinae supremacy,i turn to you
5211,191376,machinae supremacy,fury 2007
5212,191382,machinae supremacy,legion of stoopid (remastered)
5213,191384,machinae supremacy,anthem apocalyptica
5214,191387,machinae supremacy,hubnester inferno
5215,191380,machinae supremacy,sidology episode 1: sid evolution
5216,191517,machinae supremacy,"march of the undead, part ii"
5217,191378,machinae supremacy,the great gianna sisters
5218,191385,machinae supremacy,sidstyler (freestyler)
5219,191375,tay zonday,internet dream
5220,191401,makeup and vanity set,vengeance
5221,191390,bob seger & the silver bullet band,roll me away
5222,191392,our lady peace,starseed
5223,191394,amethystium,ilona
5224,191395,amethystium,arcane voices
5225,191396,amethystium,calantha
5226,191397,amethystium,autumn interlude
5227,191398,machinae supremacy,hate
5228,191679,machinae supremacy,empire
5229,191649,machinae supremacy,through the looking glass
5230,191437,machinae supremacy,rise
5231,191482,machinae supremacy,oki kuma's adventure
5232,191688,machinae supremacy,prelude to empire
5233,191439,machinae supremacy,ronin
5234,191444,machinae supremacy,rogue world asylum
5235,191442,machinae supremacy,seventeen
5236,191441,machinae supremacy,i know the reaper
5237,191438,machinae supremacy,fury
5238,191443,machinae supremacy,the cavern of lost time
5239,191771,machinae supremacy,reanimator
5240,191408,ewun,hate machine (spor remix)
5241,191409,delta 9,buried alive [aureus vs. sanctus]
5242,191429,jack off jill,hypocrite
5243,191550,the rev. brendan powell smith,the happy midget
5244,191410,板東太郎／若井淑,endless challenge
5245,191427,amit,second cut - original mix
5246,191428,nathalie cardone,hasta siempre
5247,191425,the rev. brendan powell smith,salad days
5248,191780,the rev. brendan powell smith,it never snows in california
5249,191601,the rev. brendan powell smith,gigantic foot
5250,191753,the rev. brendan powell smith,this is the end
5251,191655,the rev. brendan powell smith,drown
5252,191473,the rev. brendan powell smith,fade away
5253,191426,frank klepacki,mad rap
5254,191432,machinae supremacy,deus ex machinae
5255,191435,machinae supremacy,machinae prime
5256,191436,machinae supremacy,ninja
5257,191445,machinae supremacy,return to snake mountain
5258,191446,machinae supremacy,soundtrack to the rebellion
5259,191539,machinae supremacy,tempus fugit
5260,191440,machinae supremacy,kaori stomp
5261,191664,machinae supremacy,zogrim ate my hamster
5262,191807,[unknown],armaggedon
5263,191591,kiss,two sides of the coin
5264,191448,machinae supremacy,hero
5265,191450,machinae supremacy,legion of stoopid
5266,191463,machinae supremacy,origin
5267,191459,sons of erin,it's good to see you
5268,191460,kenny butler & carl peters,whiskey in the jar
5269,191461,the cobblestones,feet of a dancer
5270,191462,mark hiscock,between two trees
5271,191475,amit,swastika - original mix
5272,191464,dethklok,bloodtrocuted
5273,191538,jim morrison,kingdoms of our own
5274,191535,ellen mclain,still alive
5275,191833,resisty,purple doritos in a marshmellow no that's gay
5276,191474,amit,live in india - original mix
5277,191476,amit,mk ultra - original mix
5278,191783,manowar,the sons of odin
5279,191480,chris andrews,harbour lecou
5280,191481,joy norman,cape shore lady
5281,191847,enya,"adeste, fideles"
5282,191492,the irish descendants,rollin' of the sea
5283,191542,the irish descendants,days of yore
5284,191536,commander tom,are am eye? - single edit
5285,191537,the rowallan consort,ave maria
5286,191484,chris de burgh,the spirit of man
5287,191486,chris de burgh,quiet moments
5288,191487,chris de burgh,fire on the water
5289,191488,chris de burgh,shine on
5290,191904,chris de burgh,it's such a long way home
5291,191669,chris de burgh,every drop of rain
5292,191525,chris de burgh,the ballroom of romance
5293,191523,chris de burgh,one word (straight to the heart)
5294,191553,chris de burgh,lonely sky
5295,191568,chris de burgh,one more mile to go
5296,191552,chris de burgh,the snows of new york
5297,191666,chris de burgh,in love forever
5298,191889,chris de burgh,broken wings (live version)
5299,191524,chris de burgh,the traveller
5300,191665,chris de burgh,in a country churchyard
5301,191660,chris de burgh,always on my mind
5302,191489,saint louis symphony orchestra - leonard slatkin,adagio for strings
5303,191490,edward higginbottom; choir of new college oxford,"barber: agnus dei , op. 11"
5304,191493,the irish descendants,last of the great whales
5305,191544,the irish descendants,peter street
5306,191543,the irish descendants,lough geil - medley
5307,191547,the irish descendants,fisherman's song
5308,191540,the irish descendants,useta love her
5309,191567,enya,i may not awaken
5310,191545,the irish descendants,thousand tall ships.
5311,191548,los originales de san juan,el cara de chango
5312,191494,enya,the magic of the night
5313,191546,the irish descendants,oh no not i
5314,191647,b.b. king,since i met you baby
5315,191913,b.b. king,guess who?
5316,191778,b.b. king,peace to the world
5317,191497,damien rice/tori amos,the power of orange knickers
5318,191563,great white,lady red light
5319,191516,the doors,money beats soul (11/5/69)
5320,191513,the doors,indian summer [vocal version]
5321,191931,van halen,aftershock
5322,191910,euromasters,noiken in de koiken (hoi)
5323,229773,van halen,feelin'
5324,229772,van halen,take me back (deja vu)
5325,191556,jim morrison,the indian and the coyote
5326,191558,paul robeson,anthem of the ussr
5327,191573,johnny cash,oney
5328,191766,the protomen,beards going nowhere
5329,191634,the spencer davis group,waltz for lumumba
5330,191583,johnny cash,blue train
5331,191586,sass jordan,where there's a will
5332,191632,peter frampton,it's a plain shame
5333,191819,peter frampton,all i want to be (is by your side)
5334,191875,peter frampton,wind of change
5335,191690,christopher cross,spinning
5336,191809,christopher cross,never be the same
5337,191742,christopher cross,poor shirley
5338,191791,the highwaymen,the highwayman
5339,191639,johnny cash,where did we go right
5340,191918,johnny cash,goin' by the book
5341,191845,peter frampton,(i'll give you) money
5342,191718,peter frampton,shine on
5343,191686,peter frampton,lines on my face
5344,191630,damien rice,the power of orange knickers
5345,191892,bear mccreary,colonial anthem
5346,191604,cinderella,nobody's fool
5347,191685,styx,light up
5348,191834,styx,a.d. 1928
5349,191603,kiss,rock and roll all nite (live)
5350,191605,cinderella,don't know what you got (till it's gone)
5351,191606,cinderella,the last mile
5352,191607,cinderella,coming home
5353,191619,bear mccreary,all along the watchtower
5354,191643,bear mccreary,bloodshed
5355,191609,bear mccreary,kobol's last gleaming
5356,191610,richard gibbs,battlestar galactica 2003 theme
5357,191611,bear mccreary,baltar's dream
5358,191612,bear mccreary,scar
5359,191613,bear mccreary,gentle execution
5360,191614,bear mccreary,the olympic carrier
5361,191615,bear mccreary,dark unions
5362,191616,bear mccreary,battlestar sonatica
5363,191618,bear mccreary,prelude to war
5364,191697,richard gibbs,starbuck's recon
5365,191826,bear mccreary,battle on the asteroid
5366,191637,bear mccreary,precipice
5367,191644,bear mccreary,the shape of things to come
5368,191625,bear mccreary,pegasus
5369,191693,bear mccreary,helo rescued
5370,191837,bear mccreary,something dark is coming
5371,191620,bear mccreary,deathbed and maelstrom
5372,191621,bear mccreary,martial law
5373,191622,bear mccreary,re-cap
5374,191623,richard gibbs,the day comes
5375,191816,bear mccreary,starbuck on the red moon
5376,191641,bear mccreary,passacaglia
5377,191887,bear mccreary,black market
5378,191812,bear mccreary,two boomers
5379,191909,bear mccreary,epiphanies
5380,191827,bear mccreary,lords of kobol
5381,298846,bear mccreary,one year later
5382,191695,bear mccreary,reuniting the fleet
5383,298845,bear mccreary,roslin and adama
5384,191894,bear mccreary,roslin confesses
5385,191842,bear mccreary,wayward soldier
5386,191670,the spencer davis group,searchin'
5387,191906,bear mccreary,a distant sadness
5388,191652,bear mccreary,storming new caprica
5389,191628,david bowie,i'm afraid of americans (v1 clean edit)
5390,191843,kiss,god gave rock & roll to you ii
5391,191908,kiss,nothing can keep me from you
5392,191645,bear mccreary,someone to trust
5393,191635,ratt,lay it down
5394,191636,bear mccreary,the dinner party
5395,191858,dokken,burning like a flame
5396,191642,bear mccreary,helo in the warehouse
5397,191646,bear mccreary,boomer flees
5398,191896,bear mccreary,a good lighter
5399,191891,bear mccreary,adama falls
5400,191677,bear mccreary,fight night
5401,191923,sammy hagar,i don't need love
5402,191658,three dog night,eli's coming
5403,191659,the flying burrito brothers,hot burrito #2
5404,191795,three dog night,liar
5405,191672,石元丈晴,underground
5406,191673,石元丈晴,fighting for freedom
5407,191674,石元丈晴,dancer in the street
5408,191675,ayuko tanaka,satisfy
5409,191676,石元丈晴,it's so wonderful
5410,191761,sawa,twister
5411,191762,makiko noda,long dream
5412,191764,wakako,give me all your love
5413,191773,hanaeryca,someday
5414,191681,sammy hagar,there's only one way to rock
5415,191691,"harry connick, jr.",trouble
5416,191692,richard gibbs,silica pathways
5417,191696,bear mccreary,forgiven
5418,191772,bear mccreary,the dance
5419,191844,bear mccreary,two funerals
5420,191799,richard gibbs,by your command
5421,191893,richard gibbs,launch vipers
5422,191756,richard gibbs,"goodbye, baby"
5423,191830,bear mccreary,the card game
5424,191798,richard gibbs,counterattack
5425,191895,bear mccreary,the cylon prisoner
5426,191862,bear mccreary,worthy of survival
5427,191743,bear mccreary,standing in the mud
5428,191814,bear mccreary,baltar speaks with adama
5429,191708,asia,time again
5430,191710,asia,without you
5431,191711,asia,cutting it fine
5432,191712,asia,here comes the feeling
5433,191698,boston,the launch
5434,191700,boston,my destination
5435,191701,boston,a new world
5436,191702,boston,to be a man
5437,191703,boston,i think i like it
5438,191704,boston,can'tcha say (you believe in me) / still in love
5439,191716,the spencer davis group,strong love
5440,191723,harry gregson-williams,guns of the patriots
5441,191724,ennio morricone,here's to you
5442,191725,harry gregson-williams,bb corps
5443,191726,harry gregson-williams,old snake
5444,191728,harry gregson-williams,gekko
5445,191729,"nobuko toda, shuichi kobori & kazuma jinnouchi",haven troopers
5446,191730,"nobuko toda, shuichi kobori & kazuma jinnouchi",drebin 893
5447,191747,harry gregson-williams,father & son
5448,191736,harry gregson-williams,mobs alive
5449,191732,harry gregson-williams,endless pain
5450,191734,"nobuko toda, shuichi kobori & kazuma jinnouchi",great escape
5451,191731,harry gregson-williams,breakthrough
5452,191733,harry gregson-williams,white blood
5453,191741,harry gregson-williams,desperate chase
5454,191740,鈴木克崇,violent ceasefire
5455,191738,"nobuko toda, shuichi kobori and akihiro honda",screaming mantis
5456,191914,harry gregson-williams,cqc
5457,191825,日比野則彦,battle in the base
5458,191813,harry gregson-williams,snake meets the boss
5459,191735,harry gregson-williams,metal gear saga
5460,191737,harry gregson-williams,sorrow
5461,191777,日比野則彦,the return of the migs
5462,191750,makeup and vanity set,hope rides stallone
5463,191788,makeup and vanity set,powerfuneralz!!!!1!!
5464,191789,makeup and vanity set,unrest in the houns of bits
5465,191765,chuck carr,pain theme
5466,191770,synapscape,relate
5467,191782,synapscape,tale
5468,191890,bear mccreary,a promise to return
5469,191810,george thorogood,bad to the bone
5470,191802,академический ансамбль песни и пляски российской армии,калинка
5471,191803,d'espairsray,screen
5472,191857,академический ансамбль песни и пляски российской армии,тройка
5473,191811,beatdrop,reprocessed (e1m6)
5474,191820,enya,bard dance
5475,191822,enya,the sun in the stream
5476,191823,deep purple,smoke on the water (live)
5477,191848,菅野よう子,stella by moor
5478,191838,self-x,"i'm not your friend, buddy (feat. terrance and phillip vs mr. abootman)"
5479,191840,sammy hagar,baby's on fire
5480,191851,ramones,beat on the beat
5481,191854,agnelli,holding onto nothing (chillout remix)
5482,191856,afterburn,frattboy (original album mix)
5483,191900,alex gold,"l.a. today [7"" radio edit]"
5484,191855,blank & jones,nightclubbing (wippenberg remix short)
5485,191902,alex gold,stranded in paradise
5486,191897,kyau & albert,kiksu (original mix)
5487,191882,repo! the genetic opera,we started this op'ra shit
5488,191916,2pac,something wicked
5489,191922,sammy hagar,two sides of love
5490,191930,black moon,how many mc's...
5491,191932,gordon lightfoot,i'm not supposed to care
5492,191946,ryan's fancy,boston burgler
5493,191938,krs-one,outta here
5494,199181,epmd,it's my thing
5495,191951,insane clown posse,fabulous
5496,191961,télépopmusik,just breathe
5497,191953,myslovitz,krótka piosenka o miłości
5498,191956,myslovitz,maj
5499,191964,sneaker pimps,climbing up the walls
5500,191965,dj ross vs. dy,beat goes on (on the radio)
5501,191966,télépopmusik,da hoola (original version by
5502,191967,bjork & pj harvey,satisfaction (rolling stones cover)
5503,191968,pj harvey & cowboy junkies,beautiful feeling
5504,191969,nick cave & pj harvey,knoxville girl
5505,191978,jewel,i'm leaving on a jet plane
5506,191971,mekon,please stay (röyksopp remix)
5507,191996,olav basoski,waterman
5508,191982,hey,"music, music, music (intro)"
5509,191985,hey,miss ouri
5510,307255,hey,gdy mnie sen zmorzy
5511,191979,hey,pea sorela
5512,191981,hey,13. dolly
5513,191986,hey,mru-mru
5514,192012,hey,mehehe
5515,192014,hey,morf&na
5516,191987,hey,romans z petitem
5517,191988,hey,prelud deszczowy
5518,191989,hey,mikimoto - król pereł
5519,191990,hey,hanging on the telephone
5520,191991,hey,zeroekran
5521,260329,hey,between
5522,191992,mylo,destroy rock 'n' roll
5523,191993,alter ego,alter ego - rocker
5524,191997,pin,bo to co dla mnie
5525,192000,múm,"don't be afraid, your eyes..."
5526,191999,sigur rós,ny batterí
5527,192002,martyna jakubowicz,pukam do nieba bram
5528,192003,kanał audytywny,intro (2 metry pod ulicami)
5529,192004,kanał audytywny,tony te mym prymatem
5530,192007,martyna jakubowicz,"wejdź, proszę wejdź"
5531,192035,indios bravos,intro
5532,314501,voo voo,flota zjednoczonych sił
5533,314465,brodka,dziewczyna mojego chłopaka
5534,260593,billy more,up & down
5535,291069,special d.,here i am
5536,307029,tom snare,my homeworld
5537,260330,hey,is it strange
5538,199679,depeche mode,the meaning of love (live)
5539,313865,peaches,casanova (feat. mignon)
5540,344627,scooter,chinese whispers
5541,344639,scooter,introduction
5542,344549,scooter,mc's missing
5543,344510,scooter,back in the u.k.
5544,344556,scooter,return of the future
5545,299298,scooter,eyes without a face
5546,199685,depeche mode,nothing to fear (live)
5547,344485,scooter,endless summer
5548,344484,scooter,rebel yell
5549,344548,scooter,different reality
5550,344688,scooter,experience
5551,344547,scooter,i'm your pusher
5552,344529,scooter,forever (keep me running)
5553,344531,scooter,sputnik
5554,344542,scooter,move your ass!
5555,344608,scooter,rhapsody in e
5556,344475,scooter,tonight
5557,344501,scooter,bramfeld
5558,344543,scooter,hysteria
5559,344648,scooter,don't gimme the funk
5560,245462,aphex twin,logon rock witch (demo version)
5561,313905,peaches,felix partz (remake)
5562,283898,cibo matto,"sunday, part i"
5563,344521,scooter,time and space
5564,344682,scooter,where do we go?
5565,199840,depeche mode,new life (live)
5566,260469,nine inch nails,you know who you are
5567,344532,scooter,we bring the noise!
5568,206938,say hi to your mom,sweet sweet heartkiller
5569,252659,better than ezra,juicy
5570,207220,the six parts seven,nightlong
5571,299439,say hi to your mom,your brains vs. my tractorbeam
5572,283362,the summer obsession,bored
5573,260402,katatonia,black erotica
5574,376146,astral projection,solid electronics
5575,306852,daft punk,put your hands up in the air
5576,367556,afterhours,sui giovani d'oggi ci scatarro su
5577,344628,dj duro,oldschool phenomenon
5578,344620,showtek,dominate
5579,344617,showtek,down with this
5580,199588,the cure,i'm cold
5581,207469,the black crowes,(only) halfway to everywhere
5582,207471,the black crowes,let me share the ride
5583,314877,blur,i'm all over
5584,375183,blur,anniversary waltz
5585,314691,sting,fantasy
5586,329382,gentle giant,thank you
5587,306776,gentle giant,for nobody
5588,199394,mother mother,burning pile
5589,291513,sohodolls,weekender
5590,291512,sohodolls,the rest for the wicked
5591,199390,mother mother,wisdom
5592,245066,four letter lie,it was a business doing pleasure
5593,207152,emil bulls,magnificent lies
5594,245178,moneen,the east has stolen what the west may want
5595,244969,tragedy,war within us
5596,207227,emil bulls,revenge
5597,283788,lillebjørn nilsen,gategutt
5598,283787,lillebjørn nilsen,far har fortalt
5599,283844,lisa ekdahl,kunde jag vrida tiden tillbaka
5600,314479,trevor jones & randy edelman,cora
5601,291238,joss whedon & christophe beck,overture/going through the motions
5602,298821,neil young,the round stones beneath the earth...
5603,306605,halvdan sivertsen,sommerfuggel i vinterland
5604,344774,neil young,through my sails
5605,344772,neil young,barstool blues
5606,344773,neil young,stupid girl
5607,314781,mercury rev,trickle down
5608,195921,blood on the wall,gone
5609,195923,blood on the wall,"hey, hey"
5610,268078,mountains,sewn one
5611,268079,mountains,sewn two
5612,268081,mountains,bay
5613,268082,mountains,hundred acre
5614,268083,mountains,sheets
5615,195968,bound stems,pulling on pigtails
5616,376267,studio,self service (short version)
5617,207380,by the end of tonight,delaware is depressing
5618,207379,by the end of tonight,philthy collins
5619,207378,by the end of tonight,jelous of a ghost
5620,207377,by the end of tonight,cold hands
5621,298791,karkwa,le compteur
5622,298792,karkwa,deux lampadaires
5623,298790,karkwa,échapper au sort
5624,298789,karkwa,mieux respirer
5625,196252,sean paul,dutty techniques (skit)
5626,344600,robbie williams,kooks
5627,306734,toto,caught in the balance
5628,206693,roxette,pearls of passion
5629,375975,engelbert humperdinck,release me
5630,306775,patricio rey y sus redonditos de ricota,juguetes perdidos
5631,306785,patricio rey y sus redonditos de ricota,el infierno está encantador esta noche
5632,314843,pere ubu,synth farm
5633,352310,étienne daho,week-end à rome
5634,375180,the pretty things,in the square
5635,314480,brian tyler,summon the worms
5636,207038,bloc party,banquet (another version by the glimmers)
5637,314610,elvis presley,spanish eyes
5638,222196,les rythmes digitales,sometimes (zoot woman remix)
5639,206946,the diggs,everyone's starting over
5640,376495,*nsync,pop (radio version)
5641,306944,sophie ellis-bextor,leave the others alone
5642,315022,gusgus,degeneration
5643,315023,gusgus,hold you
5644,315024,gusgus,lust
5645,329352,elvis presley,i believe
5646,314829,the martinis,out upon the road
5647,299553,girls in hawaii,time to forgive the winter
5648,306596,muse,stockholm syndrome live glastonbury 2004
5649,252639,michael nyman,the morrow
5650,299206,goldfrapp,"satin chic (through the mystic mix, dimension 11 by the flaming lips)"
5651,268107,the who,eyesight to the blind
5652,329232,sarah vaughan,you stepped out of a dream
5653,376485,mos def,"sun, moon, stars"
5654,299234,pharoahe monch,desire
5655,199192,toots & the maytals,peeping tom
5656,291022,jackie & roy,samba triste
5657,376420,animals on wheels,soluble ducks
5658,307226,odawas,harmless lover's discourse
5659,199699,pet shop boys,suburbia (the full horror)
5660,199677,eurythmics,paint a rumour
5661,298847,:wumpscut:,the march of the dead
5662,291207,geri halliwell,these boots are made for walkin'
5663,345157,julieta venegas,esta vez
5664,376248,lucie silvas,last man standing
5665,291596,mihai trăistariu,tornero (romania)
5666,199607,el último de la fila,el loco de la calle
5667,376486,sweet coffee,start believin'
5668,306495,mägo de oz,adios dulcinea (el cementerio
5669,245091,jeremy enigk,dare a smile
5670,314666,andrea bocelli,mille lune mille onde
5671,314832,[unknown],pista de audio 04
5672,206705,westlife,hey whatever
5673,283276,matt willis,hey kid
5674,299266,hilary duff,outside of you
5675,206690,darren hayes,light
5676,314702,intense records,funki porcini  it's a long road
5677,375151,the brand new heavies,sex god
5678,367449,elisa,the marriage
5679,298827,seal,touch
5680,206738,roxette,cooper
5681,206739,roxette,staring at the ground
5682,206747,roxette,un día sin ti (spending my time)
5683,345288,taylor swift,the way i loved you
5684,199106,justin timberlake,sexyback remix ft. clipse
5685,283292,aqua,butterfly
5686,283259,the starting line,falling for you
5687,299242,rascal flatts,me and my gang
5688,283283,plain white t's,please don't do this
5689,283289,plain white t's,happy someday
5690,306580,south park,up there
5691,199738,u2,pop muzik (pop mart mix)
5692,344784,kings of leon,four kicks (live)
5693,344785,kings of leon,soft (live)
5694,291360,ramones,swallow my pride [sire single version]
5695,284212,clannad,buachaill an eirne
5696,252689,the goo goo dolls,lucky star
5697,237346,bad cash quartet,big day coming
5698,237345,bad cash quartet,too bored to die
5699,199053,helms,horace: age 19; powers none
5700,199049,the beatles,the beatles - what goes on
5701,245338,gravediggaz,360 questions
5702,245340,gravediggaz,"mommy, what's a gravedigga?"
5703,199038,garcia/ kahn,ripple
5704,199039,garcia/ kahn,been all around this world
5705,199040,garcia/ kahn,valerie
5706,199034,garcia/ kahn,jack-a-roe
5707,199035,garcia/ kahn,oh babe it ain't no lie
5708,199036,garcia/ kahn,it takes a lot to laugh it takes a lot to cry
5709,199037,garcia/ kahn,run for the roses
5710,199274,tom tom club,genius of love (long version)
5711,199061,blondie,11-59
5712,199102,krs-one,over ya head
5713,199103,krs-one,just to prove a point
5714,199060,jay-z & r. kelly,break up to make up
5715,199050,jedi mind tricks,fairwell to the flesh
5716,199066,heatmiser,eagle eye
5717,199067,heatmiser,cruel reminder
5718,199052,heatmiser,untitled track
5719,199228,jedi mind tricks,delerium (feat. rich medina)
5720,199270,viktor vaughn,raedawn
5721,199202,junior m.a.f.i.a.,i've been...
5722,199080,broadcast,distant call
5723,199078,broadcast,locusts
5724,199079,broadcast,daves dream
5725,199084,the cloud room,the hunger
5726,199085,big l,doo wop my niggaz freestyle
5727,199088,big l,stretch & bobbito '98 freestyle
5728,199113,big l,kay slay freestyle
5729,199108,big l,stretch & bobbito '92 freestyle
5730,199109,big l,stretch & bobbito '93 freestyle
5731,199110,big l,stretch & bobbito '94 freestyle
5732,199090,the cloud room,o my love
5733,199092,the cloud room,sunlight reprise
5734,199093,the cloud room,waterfall
5735,199095,the cloud room,devoured in peace
5736,199096,the cloud room,sunlight song
5737,199115,black moon,powaful impak!
5738,199122,black moon,slave
5739,199135,amber,i'm a dreamer
5740,199137,"timbaland ft. nelly furtado, justin timberlake",give it to me (ft. nelly furtado & justin timberlake)
5741,199138,salt-n-pepa,push it (remix)
5742,199256,cam'ron,swagger jacker
5743,199201,felt,dirty girl
5744,199207,felt,lisa (never easty on my nextel)
5745,199211,jay-z,dead presidents ii [new lyrics]
5746,199214,aly & aj,bullseye
5747,199215,aly & aj,closure
5748,199216,aly & aj,04 division
5749,199217,aly & aj,like it or leave it
5750,199218,aly & aj,like whoa
5751,199219,aly & aj,insomniatic
5752,199220,aly & aj,silence
5753,199221,aly & aj,if i could have you back
5754,199222,aly & aj,flattery
5755,199223,aly & aj,i'm here
5756,199224,aly & aj,chemicals react (remix)
5757,199253,angus and julia stone,i'm yours
5758,199284,cascada,cascada - miracle
5759,199257,vengaboys,boom boom boom boom
5760,199258,benny benassi,feel alive
5761,199287,ian van dahl,castles in the sky (radio edit)
5762,199273,ali lohan,all the way
5763,199277,kat deluna ft. elephant man,whine up
5764,199280,basshunter,russia privjet
5765,199281,ferry corsten,watch out (dirty south remix)
5766,199385,bob dylan,this wheel's on fire
5767,199291,bob dylan,"open the door, homer (1)"
5768,199307,kid cudi,50 ways to make a record
5769,199306,kid cudi,the prayer
5770,199308,kid cudi,pillow talk
5771,199309,kid cudi,save my soul (the cudi confession)
5772,199372,lil wayne,help
5773,199314,kid cudi,cudi get
5774,199364,kid cudi,maui wowie
5775,199317,kid cudi,whenever
5776,199319,t.i.,raw
5777,199334,sash! feat. stunt,raindrops (encore une fois) (kindervater remix)  www.radiopulsar.pl
5778,199333,ce ce peniston,finally 2008 - the kam denny & paul zala remix
5779,199339,super mash bros.,"monsieur fischel, la tour eiffel"
5780,199340,super mash bros.,i'm onto something (that's what she said)
5781,199341,super mash bros.,"broseidon, lord of the brocean"
5782,199343,super mash bros.,stop that booty (here we come)
5783,199358,talib kweli,space fruit (interlude)
5784,199365,zion i,010-zion-i-country_baked_yams_(ft._devin_the_dude) [rappersground.com]
5785,199377,chromeo,bonafied lovin
5786,199395,mother mother,try to change
5787,199391,mother mother,ghosting
5788,199407,mother mother,body
5789,199409,dave clarke,the neon judgement - the fashion party
5790,199410,la unión,mujer cosmopolita
5791,199435,a flock of seagulls,over the border
5792,199875,depeche mode,lilian_(instrumental)
5793,199585,yazoo,"situation (12"" remix)"
5794,199594,camouflage,neighbours (extended long mix)
5795,199459,howard jones,what is love (live at the marquee 20.08.1983)
5796,199570,eurythmics,who's that girl (live)
5797,199671,marlene dietrich,the boys afternoon in the backroom
5798,199693,the chemical brothers,temptation / star guitar (live from brixton academy)
5799,199926,giorgio moroder,chase (midnight express)
5800,199894,love and rockets,mirror people
5801,199891,orbital feat. lisa billson,frenetic
5802,199809,danza invisible,el angel caido
5803,199558,various artists,comfortably numb-pink floyd
5804,199529,japan,life in tokyo (disco mix)
5805,199476,indochine,punker
5806,199414,los nikis,el imperio contraataca
5807,199456,indochine,à l'est de java
5808,199416,the neon judgement,tv treated (tiga's treated vox)
5809,199417,indochine,dark
5810,199803,sparks,the no. 1 song in heaven (feat. jimmy somerville)
5811,199422,kenny y los eléctricos,me quieres cotorrear
5812,199418,bon y los enemigos del silencio,irene
5813,199421,rostros ocultos,abre tu corazón
5814,199423,los inhumanos,me duele la cara de ser tan guapo
5815,199424,la unión,la niebla
5816,199425,indochine,salômbo
5817,199918,a flock of seagulls,the last flight of yuri gagarin
5818,199635,orchestral manoeuvres in the dark,garden city
5819,199427,the cure,winter (studio out-take)
5820,199428,soft cell,i feel love
5821,199429,depeche mode,enjoy the silence (blue mix)
5822,199470,mecano,sólo soy una persona
5823,199430,cetu javu,love me
5824,199432,orbital,halcyon and on and on (live in new york)
5825,199433,cetu javu,fight without a reason
5826,199434,100th monkey,schumacher levy no. 9
5827,199674,a flock of seagulls,committed (extended version)
5828,199643,duran duran,careless memories (live version)
5829,199436,camouflage,suspicious love (live at bear music days)
5830,199511,digitalis,kyphi
5831,199606,propaganda,p: machinery (beta mix)
5832,199863,sparks,lost and found
5833,199726,la unión,eclipse total
5834,199927,ultravox,just for a moment
5835,199557,nortec collective,tengo la voz
5836,199783,propaganda,the murder of love
5837,199437,beat street soundtrack,breakers revenge arthur baker
5838,199439,sparks,equator
5839,199610,indochine,la bûddha affaire
5840,199500,ultravox,maximum acceleration
5841,199466,alaska,perlas ensangrentadas
5842,199505,ultravox,one small day
5843,199820,twins,"face to face, heart to heart"
5844,199821,propaganda,dr. mabuse (first life)
5845,199579,indochine,leila
5846,199813,gary numan,cars ('e' reg model)
5847,199802,depeche mode,09-johntherevelator
5848,199878,camouflage,"love is a shield (12"" mix)"
5849,199786,joaquín sabina,juana la loca
5850,199555,mario più & mauro picotto,arabian pleasure
5851,199440,erasure,gimme gimme (a man after midnight)
5852,199737,a flock of seagulls,2:30
5853,199634,shandi,he's a dream
5854,199442,mecano,japón
5855,199443,simple minds,changeling
5856,199444,david bowie,jump they say (leftfield remix)
5857,199884,sumo,lo quiero ya
5858,199485,simple minds,waterfront (live)
5859,199477,indochine,7000 danses
5860,199495,orchestral manoeuvres in the dark,souvenir [extended]
5861,199766,peter godwin,images of heaven (razormaid version)
5862,199447,orchestral manoeuvres in the dark,the romance of the telescope
5863,199474,yellow magic orchestra,computer games
5864,199742,the motels,shock
5865,199912,orchestral manoeuvres in the dark,telegraph [video]
5866,199448,sparks,beat the clock (long version)
5867,199449,japan,taking islands in africa (steve nye remix)
5868,199621,dead or alive,you spin me 'round (like a record)
5869,199830,the smashing pumpkins,nightboat (simon lebon on vocals)
5870,199457,the killers,somebody told me (live glastonbury 2005)
5871,199450,camouflage,the great commandment (single)
5872,199452,new order,blue monday (hardfloor mix)
5873,199453,mecano,quiero vivir en la ciudad
5874,199618,orchestral manoeuvres in the dark,vcl xi
5875,199909,orbital,lush 3.1 - lush 3.2 - impact (the earth is burning) - remind
5876,199454,indochine,la sécheresse du mékong
5877,199455,a flock of seagulls,rosenmontag
5878,199768,pet shop boys,girls and boys (live in rio)
5879,199461,camouflage,close (we stroke the flames)
5880,199521,indochine,razzia
5881,199596,billy cobham,billy cobham - storm
5882,199462,indochine,electrastar
5883,199463,sigue sigue sputnik,love missile f1-11 (extended version)
5884,199719,erasure,rain
5885,199775,camouflage,that smiling face (techno pop mix)
5886,199601,fluke,absurd (whitewash mix)
5887,199554,la unión,altos y frondosos
5888,199914,círculo vicioso,portero de noche
5889,199467,panóptica,and l
5890,199468,fussible,zona n
5891,199469,mecano,busco algo barato
5892,199472,mecano,la fiesta nacional
5893,199473,mecano,no aguanto más
5894,199565,mecano,focas
5895,199475,orchestral manoeuvres in the dark,electricity (dindisc 1980 version)
5896,199811,japan(d.sylvian),quiet life (extended version)
5897,199934,cerrone,supernature (original lp version) disco 1977
5898,199642,the human league,being boiled (album version)
5899,199755,roxy music,angel eyes (extended remix)
5900,199509,duran duran,duran duran - secret oktober
5901,199562,revolting cocks,you often forget
5902,199551,pet shop boys,absolutely fabulous (single version)
5903,199659,mecano,el ladrón de discos
5904,199576,mecano,ya viene el sol (introducción)
5905,199532,nacha pop,grité una noche
5906,199801,the human league,ugrj
5907,199542,the human league,i love you too much (dub version)
5908,199684,karl bartos,15 minutes of fame (club mix)
5909,199817,orchestral manoeuvres in the dark,the beginning and the end
5910,199688,orchestral manoeuvres in the dark,messages (single version)
5911,199648,orchestral manoeuvres in the dark,almost (hannett cargo studios version)
5912,199661,orchestral manoeuvres in the dark,sacred heart
5913,199519,indochine,le baiser
5914,199478,lene lovich,"one in a 1,000,000"
5915,199518,fiction factory,ghost of love
5916,199560,die krupps vs. nitzer ebb,the machineries of joy
5917,199480,sara martin,g-nciana
5918,199481,indochine,le péril jaune
5919,199482,ex pistols,schools are prisons
5920,199484,camouflage,suspicious love (g.r.d. mix)
5921,199488,indochine,okinawa
5922,199489,the cure,heroin face (live)
5923,199527,colourbox,the moon is blue
5924,199512,mecano,no pintamos nada
5925,199490,frankie goes to hollywood,maximum joy
5926,199491,frankie goes to hollywood,san jose
5927,199492,mecano,la extraña posición
5928,199493,alaska,mi novio es un zombi
5929,199494,id,julia's song
5930,199496,danielle dax,tomorrow never knows
5931,199497,the human league,mirror man (extended version)
5932,199498,camouflage,handsome (mosaic remix)
5933,199589,kenny y los eléctricos,juntos por el rock
5934,199805,karl bartos,ultraviolet (album version)
5935,199720,fussible,megaton
5936,199633,clorofila,huatabampo 3 am
5937,199823,i nine,i'm alive
5938,199636,erasure,magic moments
5939,199499,duran duran,anyone out there (london12/81)
5940,199597,duran duran,secret oktober (wembley 98)
5941,199502,ultravox,sleepwalk (live)
5942,199504,aerolíneas federales,oh qué pena me das
5943,199506,plankton,noliazi-yaz
5944,199824,echo & the bunnymen,zimbo (feat. the royal burundi drummers) (live)
5945,199795,indochine,paradize
5946,199507,inxs,burn for you
5947,199508,chris & cosey,love cuts
5948,199514,alaska,hagamos algo superficial y vulgar
5949,199516,pop will eat itself,everything's cool
5950,199798,mano negra,malavida
5951,199520,paul van dyk,for an angel (pvd's e-werk club mix)
5952,199771,client,rock and roll machine (sie medway-smith mix)
5953,199687,erasure,reach out
5954,199883,air,sexy boy (etienne de crécy et les flower pistols remix)
5955,199522,rod stewart,passion
5956,199584,lene lovich,new toy (club mix*)
5957,199524,indochine,intro natja
5958,199525,the glove,this green city
5959,199793,indochine,lestzars
5960,199553,thomas dolby,europa (live)
5961,199680,thomas dolby,new toy. (live w/lene lovich)
5962,199526,a flock of seagulls,quicksand
5963,199528,mecano,me río de janeiro
5964,199531,indochine,3ème sexe
5965,199864,karl bartos,electronic apeman (album version)
5966,199736,talk talk,talk talk (single version)
5967,199772,glenn gregory,perfect day
5968,199533,a flock of seagulls,remember david
5969,199556,indochine,il y a un risque (le mépris)
5970,199539,indochine,dancetaria
5971,199540,indochine,stef ii
5972,199669,orchestral manoeuvres in the dark,annex
5973,199535,paula yates,these boots are made for walking
5974,199537,harry thumann,underwater
5975,199839,juan atkins,old school detroit techno music
5976,199541,the glove,mouth to mouth
5977,199653,re-flex,cut it
5978,199658,chris & cosey,confession
5979,199814,psychic tv,good vibrations
5980,199794,secession,touch (84 remix part 3)
5981,199651,orchestral manoeuvres in the dark,gravity never failed
5982,199546,orquesta mondragón,back in the ussr
5983,199548,fussible,ventilador
5984,199583,yes,rick wakeman solo
5985,199868,chris & cosey,smell the roses
5986,199549,orchestral manoeuvres in the dark,junk culture
5987,199552,ultravox,"young savage (live at the marquee, london)"
5988,199707,revolting cocks,we shall cleanse the world
5989,199657,phil lynott with midge ure,yellow pearl
5990,199561,when in rome,the promise (on mix)
5991,199564,depeche mode 18 nov 2005,a pain that i'm used to
5992,199765,a certain ratio,wpvs
5993,199614,visage,wild life
5994,199638,the cure,i want to be old (studio demo)
5995,199859,sparks,in my family
5996,199712,depeche mode,ice machine (live)
5997,199630,maldita vecindad y los hijos del quinto patio,un poco de sangre
5998,199566,depeche mode,master and servant (razormaid mix)
5999,199567,gary numan,berserker
6000,199568,les rita mitsouko,c'est comme ca
6001,199569,komputer,antarktika
6002,199871,marlene dietrich,"das ist berlin wie's weint, das ist berlin wie's lacht"
6003,199573,marlene dietrich,you're the cream in my coffee
6004,199893,duran duran,last chance stair(london12/81)
6005,199668,yazoo,happy people
6006,199639,mecano,el mapa de tu corazón
6007,199575,mecano,me rio de janeiro
6008,199578,orchestral manoeuvres in the dark,statues
6009,199580,tina turner,ball of confusion (remix)
6010,199582,ultravox,stranger within
6011,199759,la ley,auto ruta
6012,199752,erasure,you've lost that lovin' feelin'
6013,199593,id,electricity
6014,199760,depeche mode,here is the house (home mix)
6015,199664,gary numan,a question of faith (anubian lights mix)
6016,199841,marlene dietrich,marlene dietrich - nimm dich i
6017,199819,olé olé,bailando sin salir de casa
6018,199649,yellow magic orchestra,"technopolis (uk 7"")"
6019,199907,mecano,boda en londres
6020,199598,alaska,rey del glam
6021,199604,orchestral manoeuvres in the dark,once when i was six
6022,199608,el aviador dro,tejidos
6023,199609,gary numan,"me, i disconnect from you"
6024,199612,devo,the words get stuck in my throat (live)
6025,199656,orbital,orbital-final performance mida vale  28-06-'04
6026,199616,the glove,mr. alphabet says
6027,199921,new order,spooky (magimix)
6028,199619,orquesta sinfónica nacional de colombia,huapango
6029,199625,alphaville,afternoons in utopia
6030,199626,alphaville,20th century
6031,199622,alphaville,red rose
6032,199623,alphaville,lady bright
6033,199624,alphaville,sensations
6034,199629,alphaville,carol masters
6035,199745,john foxx,a long time
6036,199721,mecano,japon (introducción)
6037,199833,xpact,excess [club remix]
6038,199889,llt,aventura
6039,199829,pet shop boys,"west end girls (10"" version)"
6040,199860,pet shop boys,in the night
6041,199631,client,price of dub
6042,199681,lene lovich,lucky number 2
6043,199843,fussible,trippy boy
6044,199733,hombres g,master mix
6045,199640,orbital,remind(encore-maida-vale-280704-live)
6046,199780,indochine,le grand secret
6047,199666,pet shop boys,that's my impression (disco mix)
6048,199905,yazoo,situation (club 69 future phunk mix)
6049,199753,erasure,everybody's got to learn sometime
6050,199644,scooter,rebell yell
6051,199645,camouflage,the great commandment (justin strauss remix)
6052,199911,camouflage,"the great commandment (12"" mix)"
6053,199848,orchestral manoeuvres in the dark,2nd thought
6054,199691,terrestre,e.l.o.d.m.c.
6055,199725,fussible,trip to ensenada
6056,199888,kenny y los eléctricos,ella te necesita
6057,199646,the glove,like an animal (club? what club?)
6058,199652,sasha & john digweed,leftfield - song for life (le
6059,199906,polo polo,los frijoles
6060,199654,nebula ii,boat
6061,199709,alaska,horror en el hipermercado
6062,199673,1930,marlene dietrich - ich bin die
6063,199662,polo polo,el elefante violador
6064,199678,depeche mode,deathwish (remix)
6065,199667,"duran duran - argentina, 1993",planet earth
6066,199807,ultravox,reap the wild wind (live)
6067,199782,ultravox,mine for life
6068,199676,eurythmics,fame
6069,199682,the ventures,the man with the golden gun
6070,199690,adam sandler,adam sandler - you spin me right round baby
6071,199692,orchestral manoeuvres in the dark,architecture and morality
6072,199723,camouflage,x-ray (transformer single mix)
6073,199694,leftfield,space shanty (tribal mix)
6074,199695,kaja,shouldn't do that
6075,199696,the aluminum group,love action (i believe in love)
6076,199697,george clinton,play that funky music white boy
6077,199700,psychic tv / hex sex,godstar
6078,199703,yello,live at the roxy
6079,199705,martin l. gore,depeche mode-mlgore-all by the
6080,199706,pete shelley,in love with somebody else
6081,199708,martin l. gore,for the first time
6082,199832,danza invisible,sin aliento
6083,199710,indochine,docteur love
6084,199756,propaganda,sorry for laughing
6085,199713,danza invisible,hay un lugar
6086,199715,feel,inverted world
6087,199716,mecano,viaje espacial
6088,199717,classix nouveaux,never again
6089,199722,alaska,quiero ser santa
6090,199779,depeche mode,reason man (london 1980)
6091,199728,depeche mode,05-iwantitall
6092,199729,camouflage,suspicious love (hatemix)
6093,199731,air,sexy boy (live)
6094,199838,cetu javu,situations
6095,199816,lene lovich,lene lovich - lucky number (john peel session 1978)
6096,199741,martin l. gore,little 15
6097,199743,greg lake,emerson lake & palmer with yes - lucky man (live)
6098,199746,pet shop boys,violence (haçienda version)
6099,199872,yazoo,too pieces
6100,199749,wendy carlos,brandenburg concerto #2 in f major: i-allegro
6101,199874,kenny y los eléctricos,toda la noche
6102,199761,fussible,organica
6103,199881,propaganda,dream within a dream
6104,199757,camouflage,suspicious love (radio version)
6105,199873,erasure,ebb tide
6106,199767,the cure,a man inside my mouth (studio demo)
6107,199865,the wolfgang press,cut the tree
6108,199774,devo,hardcore devo volume one -01- mechanical man
6109,199776,ministry,thieves (live)
6110,199777,dj frigid,track 7-
6111,199778,happy mondays,w.f.l. (think about the future mix) [mix by paul oakenfold]
6112,199818,depeche mode,right house love
6113,199781,various artists,wearing and tearing- robert plant
6114,199933,sandie shaw,anyone who had a heart
6115,199784,spandau ballet,to cut a long story short (long mix)
6116,199785,sumo,el reggae de paz y amor
6117,199788,u2,live 8 - vertigo
6118,199789,bt,godspeed
6119,199791,molotov,mi amigo el puma
6120,199797,the cure,lament (flexipop version)
6121,199799,ultravox,serenade (special remix)
6122,199800,los nikis,enrique el ultrassur
6123,199892,oingo boingo,pain
6124,199876,ultravox,face to face (live)
6125,199808,indochine,venus
6126,199806,camouflage,winter
6127,199815,fussible,tijuana makes me happy
6128,199861,the fast set,king of the rumbling spires
6129,199842,neu electrikk,lust of berlin
6130,199910,various artists,rockin´all over the world-status quo
6131,199826,alphaville,iao
6132,199828,the ventures,peter gunn
6133,199908,ultravox,dancing with tears in my eyes (special remix)
6134,199846,duran duran,secret oktober
6135,199837,the human league,the sound of the crowd (complete)
6136,199867,solid,fall down on me (double m's & d.t. menace mix)
6137,199849,los inhumanos,manué (en directo)
6138,199850,los elegantes,mangas cortas
6139,199852,charly garcía,buscando un símbolo de paz
6140,199853,nacha pop,chica de ayer
6141,199854,joaquín sabina,rebajas de enero
6142,199855,rosendo,agradecido
6143,199856,los toreros muertos,twist'as loca
6144,199857,virus,una luna de miel en la mano
6145,199862,mecano,cenando en parís
6146,199903,the associates,a matter of gender
6147,199869,ultravox,reap the wild wind (extended version)
6148,199901,joaquín sabina,cuervo ingenuo
6149,199898,joaquín sabina,que demasiao
6150,199900,joaquín sabina,whisky sin soda
6151,199886,joaquín sabina,despedida
6152,199899,joaquín sabina,"eh, sabina"
6153,199897,joaquín sabina,pongamos que hablo de madrid
6154,199917,joaquín sabina,princesa
6155,199882,olivia newton-john,twist of fate
6156,199890,tangerine dream,le parc (l.a. - streethawk)
6157,199902,kate bush,babooshka beatbox demo
6158,199904,page of quire,reason
6159,199920,orchestral manoeuvres in the dark,telegraph (live)
6160,199922,heaven 17,"song with no name (12"" version)"
6161,199924,the cure,"close to me (extended 12"" mix)"
6162,199913,dj klang,megamix nexus 6
6163,199915,soft cell,memorabillia '91
6164,199916,howard jones,what is love (live)
6165,199923,orchestral manoeuvres in the dark,"locomotion (12"" mix)"
6166,199925,gary numan,stories
6167,199928,ultravox,the thin wall (live)
6168,199930,duran duran,"night boat (live at hammersmith odeon, london, november 16th '82)"
6169,199932,alaska,delirios de grandeza (megamix)
6170,314214,indochine,un homme dans la bouche
6171,314189,indochine,crash me
6172,352276,the cure,fire in cairo (studio demo)
6173,314875,james,folklore
6174,314680,café tacvba,el puñal y el corazón
6175,376032,leftfield,afro-central
6176,222334,pseudo echo,living in a dream
6177,314880,blur,dancehall
6178,345383,klaus nomi,ding dong! the witch is dead
6179,314879,blur,the man who left himself
6180,260452,skinny puppy,"dig it (12"" version)"
6181,260334,skinny puppy,deep down trauma hounds (remix)
6182,376323,japan,don't rain on my parade
6183,283650,bel canto,look 3
6184,283454,sono,2000 guns
6185,283374,between the trees,you cry a tear to start a river
6186,283377,between the trees,a time for yohe
6187,283288,plain white t's,stop
6188,283390,between the trees,words
6189,344871,la oreja de van gogh,manhattan
6190,337056,hey! say! 7,bon bon
6191,345231,la oreja de van gogh,cumplir un año menos
6192,344866,la oreja de van gogh,v.o.s.
6193,375843,stereo mcs,"graffiti,part 1"
6194,268022,mix master mike,radiation
6195,268021,mix master mike,well wicked
6196,268029,mix master mike,gang tackle
6197,268031,mix master mike,mean dirty killer
6198,268027,mix master mike,government secret
6199,314631,michael bublé,that's all
6200,214725,venus hum,beautiful spain
6201,214724,venus hum,lumberjacks
6202,207205,saxon shore,july 5
6203,222105,joan jett and the blackhearts,bits and pieces
6204,298617,voltaire,dunce
6205,283807,voltaire,future ex girlfriend
6206,283809,voltaire,let it go
6207,283808,voltaire,bachelor(ette)
6208,283810,voltaire,anastasia
6209,352258,hair police,my skull is my face
6210,237306,jackie-o motherfucker,hey! mr. sky
6211,283320,editors,"blood (bbc radio 1, zane lowe session, 1-26-05)"
6212,298668,spirit,fresh garbage
6213,237310,jackie-o motherfucker,peace on earth
6214,344796,vetiver,to baby
6215,344797,vetiver,lon chaney
6216,314959,elastica,human
6217,352589,primal scream,"loaded (7"" version)"
6218,206970,pinback,versailles
6219,207206,prototypes,who's gonna sing?
6220,299305,digitalism,zdarlight (palermo disko machine interpretation)
6221,207516,frank black,captain pasty
6222,291056,scissor sisters,comfortably numb (atoc dub remix)
6223,291003,scissor sisters,comfortably numb (atoc extended edit mix)
6224,329298,bessie smith,careless love
6225,214384,lester young,on the sunny side of the street
6226,344759,the only ones,someone who cares
6227,203851,guided by voices,perch warble (different version)
6228,203872,robert pollard,i'm a strong lion
6229,203817,guided by voices,the flying party
6230,203852,guided by voices,indian fables
6231,203828,meat puppets,animal kingdom
6232,203861,guided by voices,matter eater lad
6233,203955,guided by voices,trap soul door
6234,203865,guided by voices,quicksilver
6235,203882,tobin sprout,cooler jocks
6236,203884,tobin sprout,the bone yard
6237,203900,tobin sprout,gallant men
6238,203909,guided by voices,a visit to the creep doctor
6239,203930,guided by voices,non absorbing
6240,207174,oxford collapse,empty fields
6241,207175,oxford collapse,prop cars
6242,207217,oxford collapse,dusty horses practice
6243,207021,oxford collapse,flaws
6244,207029,oxford collapse,no great shakes
6245,245107,the make-up,grey motorcycle
6246,245109,the make-up,i am if...
6247,245110,the make-up,little black book
6248,376475,wire,a public place
6249,352375,stereolab,the way will be opening
6250,352353,stereolab,au grand jour
6251,299660,codeine,cave-in
6252,222605,ajda pekkan,onu bana bırak
6253,222215,emel sayın,kadehinde zehir olsa
6254,367458,carmen consoli,madre terra
6255,222583,emel sayın,ayrılmalıyız artık
6256,283705,bill medley & jennifer warnes,the time of my life
6257,367457,carmen consoli,piccolo cesare
6258,376204,"jae millz, june christy, eric b, rakim, mashonda",i like that you can't take that away from me
6259,315108,kenan doğulu,olmaz
6260,222167,ajda pekkan,bir dost bulamadım
6261,222198,ajda pekkan,nasılsın i̇yi misin?
6262,291363,the rembrandts,april 29
6263,229703,elvis presley,see see rider
6264,375726,goran bregović,ya ya (ringe ringe raja)
6265,222197,ajda pekkan,seninleyim
6266,291595,sertab erener,everyway that i can
6267,367459,carmen consoli,il sorriso di atlantide
6268,291500,zap mama,iko-iko
6269,298799,july for kings,champagne
6270,344495,catch 22,dear sergio
6271,283344,something corporate,heroine
6272,291533,hawthorne heights,ohio is for lovers (live acoustic on q101)
6273,291562,hawthorne heights,the transition (live acoustic on q101)
6274,291548,hawthorne heights,silver bullet (acoustic)
6275,245221,sherwood,never ready to leave
6276,245222,sherwood,alive
6277,245154,copeland,where's my head
6278,245157,copeland,cover what you can
6279,375216,badly drawn boy,above you below me
6280,352299,thomas bangalter & dj falcon,so much love to give
6281,375413,lo moda,ready to go
6282,206757,aqua,tarzan and jane
6283,206697,laura michelle kelly,somewhere only we know
6284,206737,trademark,only love
6285,206761,irene nonis,talk 'n' touch
6286,206709,patrick nuo,welcome to my little island
6287,206687,christian wunderlich,in heaven
6288,206688,mariah carey,never too far
6289,206721,all-4-one,santa claus is coming to town
6290,206727,roxette,do you wanna go the whole way?
6291,206694,แดน,แช่แวบ (ไม่อยากเป็นพระ)
6292,206686,ไทม์,น้องไก่
6293,206760,darren hayes,hero
6294,206689,marié digby,umbrella
6295,206708,gareth gates,too serious too soon
6296,206691,gyllene tider,heartland
6297,206692,gyllene tider,run run run
6298,206701,gareth gates,suspicious minds
6299,206698,buddha pest,fire
6300,206707,no angels,disappear
6301,206702,m2m,what you do about me
6302,206704,roxette,i call your name
6303,206710,911,should've been the one
6304,206713,911,new groove generation
6305,206712,911,moving on
6306,206711,911,all i want is you
6307,206715,911,nothing stops the rain
6308,206714,911,make you my baby
6309,206724,jessica simpson,i saw mommy kissing santa claus
6310,206725,kenny g,chestnuts roasting on an open fire
6311,206719,王若琳,lost in paradise
6312,206720,王若琳,let's start from here
6313,206723,britney spears,my only wish
6314,206726,marie fredriksson,the change
6315,206728,roxette,lie
6316,206729,roxette,better off on her own
6317,206730,princessa,once in a lifetime
6318,206732,roxette,silver blue
6319,206733,will young,ain't no sunshine
6320,206736,roxette,quiero ser como tú (i don't want to get hurt)
6321,206746,marie fredriksson,tro
6322,206744,per gessle,drowning in wonderful thoughts about her (cologne)
6323,206745,gyllene tider,anytime
6324,206759,gyllene tider,heartland café
6325,206740,roxette,real sugar (shooting star treatment)
6326,206741,roxette,milk and toast and honey (active dance remix)
6327,206749,per gessle,hey mr dj (won't you play another love song) (amsterdam)
6328,206748,per gessle,c'mon
6329,206750,per gessle,silly really
6330,206752,per gessle,sing along
6331,206751,per gessle,the party pleaser
6332,206755,per gessle,thai with a twist
6333,206754,per gessle,"hey, i died and went to heaven"
6334,206753,per gessle,gut feeling
6335,206756,per gessle,i didn't mean to turn you on
6336,206825,panzah zandahz,daytona 500 remix
6337,206838,jimmy eat world,half right
6338,206922,helmet,exactly what you wanted
6339,206832,helmet,renovation
6340,206769,helmet,rollo
6341,206770,ali farka touré,instrumental
6342,206771,ali farka touré,tulumba
6343,314731,ali farka touré,mali dje
6344,206773,m83,track 04
6345,206774,helmet,repetition
6346,206776,helmet,bad mood
6347,206777,helmet,sinatra
6348,206804,silo the huskie,northern southern
6349,206852,weezer,i swear it's true (pre-production recording)
6350,206780,bell orchestre,the bells play the band
6351,206806,silo the huskie,argentina
6352,206805,silo the huskie,four and twenty
6353,206803,silo the huskie,when to run
6354,206799,silo the huskie,overneath the underpass
6355,206854,sonic youth,kim chords (uk bonus track)
6356,206807,ali farka touré,ali's here
6357,206785,front 242,religion (the prodigy bass under siege mix)
6358,206786,alice in chains,again (tattoo of pain mix)
6359,206790,the jim yoshii pile-up,black & gold
6360,206791,paul michel,lonely dirges
6361,206792,the mercury program,from the vapor of gasoline
6362,206795,static-x,i want to fucking break it
6363,207074,taproot,forever endeavor
6364,206802,silo the huskie,davis besse
6365,206837,radiohead,just (live)
6366,206811,nightmares on wax,easejimi
6367,206816,static-x,all in wait
6368,206858,stereolab,jenny ondioline (alternate version)
6369,206975,helmet & house of pain,just another victim
6370,206846,helmet,drug lord
6371,206818,rage against the machine,album version
6372,206819,rage against the machine,testifly mix
6373,206822,thursday,ever fallen in love
6374,206823,thrice,seeing red / screaming at a wall
6375,206874,the cult,edie (ciao baby) (acoustic)
6376,206978,the cult,little face
6377,207296,static-x,crash
6378,206828,fat jon,eyes
6379,206829,depeche mode,suffer well (tiga dub)
6380,206885,screaming trees,who lies in darkness
6381,206830,dj krush,outro (revised)
6382,206877,dj krush,trihedron (feat. opus) (stray mix)
6383,206831,k's choice,i smoke a lot
6384,206833,birdmonster,all the holes in the walls
6385,206834,birdmonster,ball of yarn
6386,206835,birdmonster,spaceman
6387,206836,page & plant,four sticks
6388,206844,the chemical brothers,galvanize(edit)
6389,206845,dj krush,kemuri (untouchable mix)
6390,206848,dj krush,drum
6391,206856,link wray,switchblade
6392,206887,radiohead,good morning mr. magpie
6393,206998,radiohead,subterreanean homesick alien
6394,206865,the bavarian druglords,empire falling
6395,206860,gnarls barkley,crazy (spencer collective extended mix)
6396,206899,radiohead,follow me around
6397,206871,helmet,410
6398,207436,helmet,on your way down
6399,206910,the cult,wild flower (extended rock mix)
6400,206875,the cult,go go guru (original version)
6401,207294,the cult,wildflower (guitar dub)
6402,206873,the cult,coming down (butchered)
6403,206878,sound team,get out
6404,206879,sound team,born to please
6405,206880,sound team,no more birthdays
6406,206888,sound team,tv torso
6407,206889,sound team,back in town
6408,206890,sound team,afterglow years
6409,206891,sound team,shattered glass
6410,206883,sound team,you've never lived a day
6411,206884,sound team,handful of billions
6412,206882,portastatic,i wanna know girls
6413,206892,ok go,oh lately it's so quiet (acoustic version)
6414,206896,sound team,orange bird
6415,206895,sound team,in the dark no one can hear you sweat
6416,206894,sound team,don't turn away
6417,207003,radiohead,there there (acoustic)
6418,206912,mellowdrone,bone marrow
6419,206900,the bumblebeez,i come with water
6420,206903,bottom of the hudson,riot act
6421,206913,mellowdrone,c'mon try a little bit
6422,206904,the bumblebeez,ouno
6423,206908,iron & wine,waiting for a superman
6424,206959,mellowdrone,madison
6425,206953,mellowdrone,fuck it man
6426,206918,cold war kids,"red wine, success"
6427,206932,say hi to your mom,snowcones and puppies
6428,206933,say hi to your mom,"sad, but endearingly so"
6429,206934,say hi to your mom,she just happens to date the prince of darkness
6430,206935,say hi to your mom,prefers unhappy endings
6431,206920,the olivia tremor control,green typewriters [continued]
6432,206939,say hi to your mom,the reigning champ of the teething crowd
6433,206936,say hi to your mom,angels and darlas
6434,206926,blackpool lights,maybe just maybe
6435,206927,blackpool lights,it's never about what it's about
6436,206928,blackpool lights,the truth about love
6437,206929,blackpool lights,goodnight to romance
6438,206930,blackpool lights,unlucky
6439,207001,forget cassettes,venis on
6440,206940,blackpool lights,empty tank
6441,206943,the diggs,stagg
6442,206941,ratatat,wildcat (e*vax remix)
6443,206947,for those who know,words have rhythm
6444,206948,for those who know,perfect
6445,206949,for those who know,night at the danceclub
6446,206950,for those who know,monday
6447,206944,the diggs,it's just like you say
6448,206955,for those who know,competition
6449,207234,polytechnic,still spinning
6450,206965,the diggs,faith in strangers
6451,206966,the diggs,minimum safe distance
6452,206967,the diggs,sibling
6453,206968,the diggs,massachusetts
6454,206994,radiohead,blow out (acoustic)
6455,206969,blackpool lights,cursed by yourself
6456,206971,de rosa,father's eyes
6457,206972,de rosa,new lanark
6458,206973,de rosa,all saints day
6459,207077,helmet,swallowing everything
6460,207213,helmet,money shot
6461,207071,helmet,bury me
6462,206980,de rosa,cathkin braes
6463,206981,de rosa,on recollection
6464,206982,de rosa,evelyn
6465,207478,mice parade,nights wave (radio edit)
6466,207477,mice parade,drawn
6467,207214,mice parade,neither stream
6468,207235,mice parade,refrain tomorrow
6469,206984,the big sleep,brown beauty
6470,206985,the big sleep,you can't touch the untouchable
6471,206989,staind,take this
6472,207073,helmet,almost out of sight
6473,207070,helmet,brand new
6474,206992,goblin cock,stumped
6475,206993,static-x,invincible
6476,207104,alec ounsworth,"dee, oh dee"
6477,206999,poney club,bruussels
6478,207000,poney club,totro
6479,260295,static-x,i am (demo)
6480,207002,annuals,bleary-eyed
6481,207439,alec ounsworth,everybody knows this is nowhere
6482,207105,alec ounsworth,wide awake
6483,207207,below the sea,polaroids
6484,207027,below the sea,light at night
6485,207015,trainwreck riders,delia
6486,207016,trainwreck riders,lonely road revival
6487,207017,trainwreck riders,slow motion cowboy
6488,207018,trainwreck riders,hightide
6489,207019,trainwreck riders,old fashion'd man
6490,207020,trainwreck riders,deserts have feelings
6491,207013,alec ounsworth,i think i'd like to go back to heaven
6492,207014,below the sea,careful confrontations
6493,207438,alec ounsworth,over and over
6494,207109,alec ounsworth,heavy metal
6495,207022,maserati,"i have a dagger, it's shaped like a lightning bolt"
6496,207023,maserati,the width of the atlantic
6497,207145,maserati,the language
6498,207024,youth group,catching & killing
6499,207030,aceyalone and rjd2,solomon jones
6500,207031,alec ounsworth,pass along this way
6501,207143,maserati,keep it gold
6502,207358,joy division,love will tear us apart (radio version)
6503,207163,meligrove band,grasshoppers in honey
6504,207108,dj krush,bypath: would you take it? (static mix)
6505,207034,bloc party,price of gas (remix by automato)
6506,207035,bloc party,positive tension (remixed by jason clark of pretty girls make graves)
6507,207037,bloc party,helicopter (sheriff whitey mix)
6508,207040,danko jones,natural tan
6509,207161,emil bulls,emil bulls / revenge
6510,207160,emil bulls,emil bulls / ignorance is bliss
6511,207159,emil bulls,emil bulls / newborn
6512,207158,emil bulls,emil bulls / a southern lullaby
6513,207041,alice in chains,whatcha gonna do (demo)
6514,207042,bloc party,skeleton (progress extended)
6515,207047,we followed tigers,i love the smell of an autumn forest fire
6516,207048,we followed tigers,"ronnie beck, former child star"
6517,207049,we followed tigers,the coxen switcheroo
6518,207050,we followed tigers,forest skyline/lost in it
6519,207079,boilermaker,norman
6520,207054,boilermaker,thinner runs through her
6521,207062,salvatore,mis for magnetic field reversal
6522,207087,emil bulls,no hay banda
6523,207086,emil bulls,lava
6524,207084,emil bulls,40 days
6525,207083,emil bulls,the coolness of being wretched (mud blood and beer)
6526,207082,emil bulls,lullaby overdose
6527,207081,emil bulls,this day
6528,207093,emil bulls,killer's kiss
6529,207157,emil bulls,emil bulls / these are the days
6530,207156,emil bulls,emil bulls / wolves
6531,207155,emil bulls,emil bulls / at fleischberg's
6532,207154,emil bulls,emil bulls / magnificent lies
6533,207149,emil bulls,emil bulls / bachham
6534,207148,emil bulls,emil bulls / friday night
6535,207350,nurse and soldier,in the dark
6536,207072,nurse and soldier,fishing
6537,207176,portland,the return
6538,207177,portland,this time i'll stay
6539,207091,emil bulls,my favorite toy
6540,207092,emil bulls,the coolness of being wretched
6541,207270,dj shadow,fixed income (part 2.new equilibrium)
6542,207094,the pirate ship quintet,pirate ship
6543,207096,the pirate ship quintet,lost science
6544,207102,la rocca,non-believer
6545,207144,maserati,moving with heavy hearts
6546,207141,maserati,cities
6547,207179,portland,south dakota
6548,207112,meligrove band,i'm easy
6549,207114,the snake the cross the crown,maps
6550,207115,the snake the cross the crown,floating in and out
6551,207117,the snake the cross the crown,behold the river
6552,207118,the snake the cross the crown,electronic dream plant
6553,207119,the snake the cross the crown,cotton teeth
6554,207121,the snake the cross the crown,cakewalk
6555,207122,beck,dark star (david andrew sitek remix)
6556,207151,the young gods,i'm the drug
6557,207274,the young gods,c'est quoi c'est ça
6558,207311,gustavo santaolalla,iguaza
6559,207132,the killers,steve bays remix
6560,207134,mice parade,the last ten homes
6561,207136,mice parade,swing
6562,207146,red hot chili peppers,funky monks (live)
6563,207147,red hot chili peppers,save this lady
6564,207345,vieux farka touré,sangaré
6565,207344,vieux farka touré,dounia
6566,207343,vieux farka touré,ana
6567,207309,the young gods,everythere
6568,207310,the young gods,secret
6569,207153,emil bulls,bachham
6570,207164,meligrove band,feversleep
6571,207165,meligrove band,ages & stages
6572,207166,meligrove band,our love will make the world go round
6573,207199,emil bulls,green machine
6574,207226,emil bulls,smells like rock'n roll
6575,207171,+/-,back and forth
6576,207173,the out crowd,c'mon children
6577,207178,portland,north dakota
6578,207180,portland,cosmonaut
6579,207181,portland,broken glass
6580,207182,portland,pictures of your mother
6581,207183,portland,moon
6582,207209,sketchie,post-war animation
6583,207184,deftones,cherry waves (acoustic)
6584,207219,foxhole,"wake up, get dressed, we're sinking"
6585,375417,françois couperin,les barricades mysterious
6586,207185,the mercury program,tequesta
6587,207186,the mercury program,fragile or possibly extinct
6588,207187,the mercury program,slightly drifting
6589,207188,the mercury program,egypt
6590,207189,the mercury program,to-from iceland
6591,207190,the mercury program,you yourself are too serious
6592,207191,the mercury program,gently turned on your head
6593,207192,the mercury program,sultans of el sur
6594,207193,the mercury program,the secret to quiet
6595,207194,the mercury program,there are thousands sleeping in peace
6596,207248,the mercury program,marianas
6597,207196,grails,drawn curtains
6598,207198,grails,outer banks
6599,207306,65daysofstatic,don't go down to sorrow (a-listed radio edit)
6600,207200,static-x,team hate
6601,207202,static-x,goat
6602,207230,souvenir's young america,still like the hummingbird
6603,207212,souvenir's young america,letters from the earth
6604,207297,vieux farka touré,ma hine cocore
6605,207223,grails,dead vine blues
6606,207449,mice parade,and still it sits in front of you
6607,207233,the rakes,retreat (phones mix)
6608,207259,tulsa drone,monongahela
6609,207239,tulsa drone,there isn't a single star in the sky
6610,207242,archer prewitt,"o, lord"
6611,207244,the prize fighter inferno,the going price for home
6612,207336,gustavo santaolalla,zambita
6613,207435,oceansize,new pin (edit)
6614,207247,oceansize,one out of none
6615,207258,mice parade,wave greeting
6616,207290,masha qrella,i can't tell
6617,207260,radiohead,airbag (live)
6618,207262,brandtson,earthquakes and sharks
6619,207263,rob zombie,spookshow baby (black leather cat suit mix)
6620,207266,i hear sirens,this is the last time i'll say goodbye
6621,207267,i hear sirens,like a leaf from a tree in its dying season
6622,207268,i hear sirens,september isn't too far and i'm not sure i'll return
6623,207271,tv on the radio,dumb animal
6624,207273,the young gods,un point c'est tout
6625,207278,el ten eleven,hot cakes
6626,207279,el ten eleven,estrella
6627,207280,el ten eleven,music for staring at ceilings
6628,207281,el ten eleven,keep
6629,207282,el ten eleven,dax pierson
6630,207283,el ten eleven,the 49th day
6631,207284,el ten eleven,"bye annie, bye joe, bye michael, bye jake"
6632,207454,boy eats drum machine,slow guns
6633,207286,broken social scene presents kevin drew,back out on the ...
6634,207288,masha qrella,last night
6635,207289,masha qrella,"sister, welcome"
6636,207291,masha qrella,no matter
6637,207292,masha qrella,c. bones
6638,207308,boy eats drum machine,3000flares
6639,207452,boy eats drum machine,from an oregon shore
6640,207453,boy eats drum machine,into the open spaces of the west
6641,207299,aesop rock,coffee (feat. john darnielle) (instrumental)
6642,207300,aesop rock,citronella (instrumental produced by aesop rock)
6643,207314,sybarite,cut out shape
6644,207312,devotchka,first push
6645,207315,hyper vs. the crystal method,fire to me
6646,207319,office,company calls
6647,207329,gustavo santaolalla,revolución caliente
6648,207331,gustavo santaolalla,partida del leprosario
6649,207332,gustavo santaolalla,el cruce
6650,207333,gustavo santaolalla,leyendo en el hospital
6651,207334,gustavo santaolalla,cabalgando
6652,207335,gustavo santaolalla,amazonas
6653,207337,gustavo santaolalla,la muerte de la poderosa
6654,207339,dj krush,elapse
6655,207349,depeche mode,useless the kruder and dorfmei
6656,207346,my bloody valentine,lovelee sweet darlene
6657,207347,silver jews,welcome to the house of the bats
6658,207354,prince,all the midnights in the world
6659,207459,the cult,born into this
6660,207460,the cult,citizens
6661,207461,the cult,diamonds
6662,207355,moneybrother,just another summer
6663,376509,london elektricity,vapour trails
6664,207366,the crystal method,busy child (hyper remix)
6665,207370,mice parade,the fall from andalucia (feat. him)
6666,207381,13 & god,l'atlas flexible/von gradleute (remix by hrvatski)
6667,207384,13 & god,into the trees (remix by why? and alias)
6668,207385,a whisper in the noise,true love will find you in the end
6669,207374,out hud,it's for you (rub n tug's panarava mix)
6670,207376,by the end of tonight,ghost hands
6671,207486,tera melos,last smile for jaron
6672,207390,maserati,closer than you know how
6673,207391,maserati,wire were towers
6674,207392,stereo total,mehr licht
6675,207394,oceansize,emp(irical)error
6676,207395,ministry,lieslieslies (known unknown lies mix)
6677,207396,ministry,khyber pass (tx bush ranch mix)
6678,207397,ministry,ass clown (osama mcdonald mix)
6679,207398,ministry,palestina (72nd virgin mix)
6680,207399,ministry,yellow cake (hexafluoride mix)
6681,207400,ministry,the great satan (what would satan do mix)
6682,207401,ministry,lieslieslies (cognitive dissonance mix)
6683,207402,ministry,gangreen (kiss me goodnight mix)
6684,207403,ministry,señor peligro (la zona peligrosa mix)
6685,207404,ministry,rio grande blood (rio grande dubya mix)
6686,207467,oceansize,superfluous to requirements
6687,207434,oceansize,drag the 'nal
6688,207407,jane's addiction,sympathy
6689,207409,god lives underwater,72 hour hold
6690,207410,god lives underwater,slip to fall
6691,207411,god lives underwater,no way (you must understand)
6692,207412,god lives underwater,whatever you've got
6693,207413,god lives underwater,1% (the long way down)
6694,207414,god lives underwater,tricked
6695,207447,god lives underwater,scared
6696,207444,god lives underwater,we were wrong
6697,207443,god lives underwater,don't know how to be
6698,207442,god lives underwater,empty
6699,207441,god lives underwater,fool
6700,207425,god lives underwater,still
6701,207476,cut chemist,[untitled]
6702,207423,fresh body shop,mr weirdo
6703,207424,fresh body shop,angry machine
6704,207448,god lives underwater,drag me down
6705,207432,fresh body shop,the game
6706,207427,helmet,birth defect
6707,207428,helmet,broadcast emotion
6708,207429,helmet,it's easy to get bored
6709,207430,helmet,insatiable
6710,207451,ac/dc,flick of the switch
6711,207463,cypress hill,instrumental album mix
6712,207464,the black crowes,she talks to angels (acoustic)
6713,207489,a perfect circle,outsider (apocalypse remix) [explicit]
6714,207470,the black crowes,how much for your wings?
6715,207472,bloc party,price of gas (remix by jus ske)
6716,207485,dianogah,the smallest chilean
6717,207479,emil bulls,water (a snapshot)
6718,207487,they live by night,factory
6719,207488,nine inch nails,the warning (instrumental)
6720,207502,dianogah,indie rock spock ears
6721,207490,the flashbulb,no running water
6722,207491,the flashbulb,sunshine
6723,207493,the prodigy,hotride (poj mix)
6724,207495,the prodigy,action radar (fakeid mix)
6725,207497,the prodigy,phoenus (pop razors)
6726,207498,the prodigy,you will be under my satanic wheels (act of dog)
6727,207499,the prodigy,the way it is (elektric cowboy)
6728,207500,the kinks,my sharona
6729,207503,nightcats,inside
6730,207505,nine inch nails,the great destroyer (instrumental)
6731,207508,throw me the statue,young sensualists
6732,207509,throw me the statue,conquering kids
6733,207514,the diggs,careen
6734,207515,the diggs,recovery forever
6735,291404,mötley crüe,shout at the devil '97
6736,284211,john williams,the patronus light
6737,284256,john williams,aunt marge's waltz
6738,283302,snow patrol,run (live)
6739,375536,graham colton,take you back
6740,245272,the paper chase,the kids will grow up to be assholes
6741,283275,crash romeo,actions not words
6742,245274,the paper chase,what's so amazing about grace
6743,283295,the sunstreak,"good looks, bad intentions"
6744,245052,the early november,no good at saying sorry (one more chance)
6745,245051,the early november,the rest of my life
6746,245032,the early november,little black heart
6747,245060,the early november,session 08 part ii
6748,245058,the early november,session 07
6749,245055,the early november,session 04
6750,245059,the early november,look at me
6751,306606,the fray,how to save a life (acoustic)
6752,291180,14th precinct,all out of love (uniting nations remix)
6753,291099,morgane,everytime we touch
6754,245033,the early november,scared to lose
6755,283272,easyworld,u make me want to drink bleach
6756,314579,richard ashcroft,break the night with color
6757,245104,the early november,1000 times a day
6758,376310,paul weller,cold moments
6759,306603,morten abel,keep yourself in motion
6760,375182,savoy,if you tell
6761,314798,the velvet underground,lonesome cowboy bill (version 2)
6762,376072,abba,mamma mia (park & ride mix)
6763,375181,savoy,star
6764,222382,sinéad o'connor,downpressor man
6765,344573,atb,obsession
6766,321615,cannonball adderley,mercy mercy
6767,299296,benassi bros.,make me feel (etienne de crecy remix)
6768,306994,steve lawler,that sound
6769,306991,c-mos,2 million ways (axwell remix)
6770,299297,the drill,one more night (original radio cut)
6771,306983,the egg,nothing
6772,299302,cascada,ready for love - radio edit
6773,344512,scooter,u.f.o. phenomena
6774,299309,narcotic thrust,i like it (original mix)
6775,307080,sébastien léger,aqualight
6776,307059,steve angello,acid
6777,298723,zero 7,home (sessions@aol)
6778,307076,bodyrox,yeah yeah (d ramirez club mix)
6779,298783,planet funk,all man's land
6780,307089,dj jeroenski,back once again (vandalism remix)
6781,307109,cicada,the things you say
6782,299310,pakito,a night to remember
6783,306931,the go find,bleeding heart
6784,306846,ismael serrano,papá cuéntame otra vez
6785,291340,mötley crüe,same ol' situation (s.o.s.)
6786,314999,macy gray,walk this way
6787,291186,savage garden,the animal song (radio edit)
6788,291504,tim cappello,i still believe
6789,344587,robbie williams,better days
6790,376180,inxs,god's top ten
6791,307002,markus nikolai,bushes (norman cook remix)
6792,344856,miranda!,quereme... tengo frío
6793,344836,miranda!,una lágrima sobre el teléfono
6794,345298,aly & aj,greatest time of year
6795,344891,ashley tisdale,be good to me (instrumental)
6796,344977,miranda!,vete de aquí (con fangoria)
6797,344973,miranda!,no me celes
6798,344974,miranda!,te atreviste y me morí
6799,344970,miranda!,voces
6800,375543,keane,she has no time (earlier version)
6801,314774,feist,the simply story (with jane birkin)
6802,314773,feist,snow lion (with readmade fc)
6803,291440,christophe beck,"suite from ""hush"": silent night / first kiss / enter the gentlemen / schism"
6804,283407,leona lewis,misses glass
6805,306409,greg laswell,how the day sounds
6806,275616,fall out boy,beat it (feat. john mayer)
6807,345077,jordin sparks,see my side
6808,345078,jordin sparks,god loves ugly
6809,345206,lloyd,girls around the world (feat. lil' wayne)
6810,291214,girls aloud,jump (almighty vocal mix)
6811,291570,my chemical romance,you know what they do to guys like us in prison (live)
6812,291554,my chemical romance,i'm not okay (i promise) (live)
6813,306407,hey monday,homecoming
6814,291230,nine inch nails,nine inch nails - dead souls
6815,359796,fairmont,gazebo (sebastien léger remix)
6816,298614,jacques brel,voir un ami pleurer
6817,344508,timbaland,too late to apologize
6818,314286,moimir papalescu & the nihilists,perfect boy
6819,314321,moimir papalescu & the nihilists,mickey bar
6820,314307,moimir papalescu & the nihilists,summer deviation
6821,315044,the ecstasy of saint theresa,sensor
6822,314287,ohm square,wounds on a cherry tree
6823,314357,moimir papalescu & the nihilists,boys and girls and heroes
6824,307162,www,drát
6825,307159,www,lexikon
6826,314734,lou reed,hang on to your emotions
6827,306581,[ingenting],här kommer solen
6828,344768,lou reed,real good time together
6829,283469,matias aguayo,minimal (dj koze remix)
6830,252682,french kicks,young lawyer
6831,352171,sparks,girl from germany
6832,222063,unleashed,death metal victory
6833,291451,judas priest,eulogy
6834,222418,adamo,her yerde kar var
6835,222015,dismember,bleed for me
6836,299845,symbyosis,quest of the dolphin
6837,229683,mattias ia eklundh,happy hour
6838,229662,mattias ia eklundh,the black page
6839,222134,municipal waste,the thing
6840,222135,municipal waste,blood drive
6841,222136,municipal waste,accelerated vision
6842,222133,municipal waste,guilty of being tight
6843,222142,municipal waste,set to destruct
6844,222138,municipal waste,hazardous mutation
6845,222139,municipal waste,nailed casket
6846,222143,municipal waste,bang over
6847,375355,クニ河内とかれのともだち,kirikyogen
6848,314537,acoustic alchemy,casino
6849,314695,jason becker,end of the beginning
6850,314724,jason becker,serrana
6851,345382,squarepusher,square window
6852,309040,ludwig van beethoven,symphony nº 8 in f major op. 93: iii. tempo di menuetto
6853,214342,dolly parton,will he be waiting for me
6854,214359,frédéric chopin,nocturne op. 9 no. 3 in b major
6855,214362,dolly parton,the grass is blue
6856,376309,miles davis,woody'n you
6857,214363,dolly parton,cash on the barrelhead
6858,214364,billie holiday,trav'lin light
6859,214350,dolly parton,"train, train"
6860,214356,dolly parton,i'm gonna sleep with one eye open
6861,214348,loretta lynn,coal miner's daughter (live)
6862,214354,billie holiday,stormy blues
6863,214346,dolly parton,endless stream of tears
6864,214366,junior senior,coconuts (movie edit)
6865,214374,erasure,erasure / oh l'amour
6866,214377,the bbc big band,"take the ""a"" train"
6867,214383,dmp big band,tuxedo junction
6868,214398,big d and the kids table,she won't ever figure it out
6869,214388,big d and the kids table,i'd rather
6870,214391,sublime,better days
6871,214404,the five americans,(another rainy day) december blues featuring the dap kings horns
6872,214402,the five americans,one night stand
6873,214401,the five americans,talking to strangers featuring the dap kings horns
6874,214403,lettuce,blast off
6875,214407,lettuce,king of the burgs
6876,214420,a. r. rahman featuring madhumitha,millionaire
6877,214421,a. r. rahman featuring palakkad sriram and madhumitha,liquid dance
6878,260414,jewel,foolish games (edit)
6879,214450,autumn's grey solace,deserted and desolate
6880,214448,autumn's grey solace,waning faithful
6881,214620,bassic,the wind
6882,214596,bassic,artificial
6883,214454,nicola hitchcock,because
6884,214461,hungry lucy,fearful
6885,214468,the new york room,i wear your ring
6886,214472,the new york room,winter gardens
6887,214475,victoria robertson,on my mind
6888,214623,meredith brooks,shine
6889,214584,saint etienne,parliament hill
6890,214563,saint etienne,the place at dawn
6891,214564,saint etienne,dream dentist
6892,214668,saint etienne,edward undecided
6893,214562,saint etienne,martin court
6894,214625,saint etienne,space shuttle
6895,214567,saint etienne,more statues
6896,214558,saint etienne,new york skyline
6897,214557,saint etienne,i'm here to mix the nuns
6898,214536,sarah cracknell,coastal town
6899,315005,ivy,it's all in your mind (limited bonus track)
6900,214501,combustible edison,in the garden of earthly delights
6901,214506,katy rose,teaching myself to dream
6902,306386,katy rose,because i can
6903,306382,katy rose,i like
6904,214516,pierce[69],virtual paradises
6905,214559,brian reitzell,on the subway (feat. roger j. manning jr.)
6906,299675,french teen idol,lamb
6907,299681,french teen idol,same tempos (changing)
6908,214699,love spirals downwards,scatter january
6909,214599,autumn's grey solace,hunting the beast
6910,214555,sarah slean,pilgrim
6911,214653,sarah slean,day one
6912,214550,sarah brightman,la mer
6913,214574,조영욱,somewhere in the night
6914,214578,조영욱,out of sight
6915,214561,조영욱,"farewell, my lovely"
6916,214572,조영욱,the last waltz
6917,214565,조영욱,jailhouse rock
6918,214569,조영욱,out of the past
6919,214575,yo-yo ma & the silk road ensemble,akhalqalaqi dance
6920,214576,조영욱,room at the top
6921,214579,조영욱,cries and whispers
6922,214581,久石譲,the forest of the gods
6923,214582,久石譲,the young man from the east
6924,214590,dubstar,when the world knows your name (demo version)
6925,214677,dubstar,stars (original mix)
6926,214649,조성우,memento mori
6927,214662,조성우,main theme (piano solo)
6928,214619,delerium,'til the end of time (feat. kristy thirsk)
6929,214640,half light,falling away
6930,214639,half light,dizzy
6931,214626,coal,down in flames
6932,214627,coal,thrill me
6933,214630,greenspace,something to me
6934,283826,blood ruby,midsummer fires
6935,214690,shamrain,still aeon
6936,214694,unfinished thought,through crowded rooms
6937,214707,enya,for aragorn and arwen
6938,375443,kate bush,"experiment iv (12"" mix)"
6939,299237,milla,reaching from nowhere
6940,214654,조영욱,cul-de-sac
6941,214644,dealership,pure of heart
6942,314936,apollo sunshine,magnolia
6943,214674,venus hum,suzy snowflake
6944,214679,a rebours,memento mori
6945,214700,etyl,en l'homme
6946,214704,one dove,breakdown (william orbit stereo edit)
6947,214713,bel canto,night lady
6948,214715,bel canto,tree
6949,214717,bel canto,im best'n beihs
6950,214719,bel canto,ladonia
6951,283739,hungry lucy,glo
6952,214736,anneli drecker,sexy love
6953,214738,anneli drecker,who on earth
6954,214739,anneli drecker,woebegone
6955,283873,anneli drecker,stop this
6956,283682,bel canto,mornixuur
6957,283545,bel canto,heaven
6958,268024,kammerflimmer kollektief,"there's a weight on you, but you can't feel it."
6959,306209,rubik,telecvokning
6960,352361,can,aspectacle
6961,284125,joni mitchell,don't worry 'bout me
6962,314927,rocket from the crypt,straight american slave
6963,314669,philip glass,primacy of number
6964,314175,the anniversary,till we earned a holiday
6965,314177,the gloria record,a lull in traffic
6966,314675,philip glass,intensive time
6967,375387,antonio vivaldi,"nisi dominus, rv 608: cum dederit dilectus suis somnum"
6968,307152,david byrne,the great intoxication
6969,314720,medeski martin and wood,tea
6970,314931,rocket from the crypt,venom venom
6971,222247,patti page,the tennessee waltz
6972,314592,ub40,only fools rush in
6973,299552,girls in hawaii,9.00 am
6974,299036,:wumpscut:,the fall
6975,299053,x-fusion,this gloomy alleyway
6976,298921,hocico,about a dead (remix by cephalgy)
6977,298896,:wumpscut:,in hell
6978,298897,:wumpscut:,enemy
6979,299058,project pitchfork,feel! (remixed by noisuf-x)
6980,299065,noisuf-x,just a trip
6981,299066,noisuf-x,intellectually retarded
6982,252680,depeche mode,corrupt (demo)
6983,359793,charlie winston,like a hobo
6984,222071,clutch,the incomparable mr. flannery
6985,229718,danzig,godless
6986,380527,alabama thunderpussy,such is life
6987,380528,alabama thunderpussy,r.r.c.c.
6988,380529,alabama thunderpussy,bear bating
6989,380530,alabama thunderpussy,alone again
6990,380531,alabama thunderpussy,lunar eclipse
6991,380532,alabama thunderpussy,blasphemy
6992,380533,alabama thunderpussy,do not
6993,237308,jackie-o motherfucker,loud and mighty
6994,314313,hole,pretty on the inside / clouds
6995,222383,martin solveig,if you tell me more (feat. jay sebag)
6996,352604,the gentle people,stay
6997,252625,abstrackt keal agram,bad thriller
6998,245324,quasimoto,phony game
6999,376164,hipgnosis,new dope
7000,267932,sweeping logic,edgeless plain
7001,267984,sweeping logic,placebo prozac pulse
7002,268000,sweeping logic,window screen cinema
7003,222376,daedelus,going unsteady
7004,376449,the mar-keys,philly dog
7005,314560,the brand new heavies,bnh
7006,376448,sam & dave,you don't know like i know
7007,299353,fred frith,norrgarden nyvla
7008,329358,the nashville teens,tobacco road
7009,298848,:wumpscut:,fear in your eyes
7010,298852,:wumpscut:,scavenger
7011,298851,:wumpscut:,our fatal longing
7012,284295,kromlek,svart metall (bonus)
7013,299834,akercocke,seraphs and silence
7014,299633,irepress,pah no
7015,299634,irepress,samus
7016,299635,irepress,pistole
7017,299636,irepress,snayk's tale
7018,299638,irepress,frid ohm/martin e.e.k.
7019,299637,irepress,june ipper
7020,298858,strapping young lad,in the rainy season (live)
7021,283797,mortiis,smell the witch
7022,299022,front line assembly,silent ceremony / stalker
7023,298673,peccatum,black star
7024,375440,steve vai,bangkok
7025,337282,kitaro,lord of the sand
7026,306795,spock's beard,skin
7027,306763,yes,the calling
7028,306752,yes,fortune seller
7029,306750,yes,universal garden
7030,283687,mortiis,world essence
7031,376304,chroma key,camera 4
7032,252669,the cure,torture (live)
7033,260484,cradle of filth,to eve the art of witchcraft
7034,299652,magma,kobaïa
7035,299419,magma,ork alarm
7036,298545,king diamond,out from the asylum
7037,298860,:wumpscut:,die in winter (extended remix)
7038,298920,hocico,about a dead (killed by proceed)
7039,284294,kromlek,harvest
7040,299758,einstürzende neubauten,partynummer (live)
7041,222003,bathory,possessed
7042,222005,dismember,and so is life
7043,314896,braid,please drive faster
7044,314919,braid,trompe le monde
7045,306230,evan dando,hard drive
7046,314231,onelinedrawing,as much to myself as to you
7047,314198,every time i die,hit of the search party
7048,299641,godspeed you! black emperor,injur /gutted two-track
7049,299659,godspeed you! black emperor,two tears in a bucket
7050,291506,mötley crüe,generation swine
7051,291261,mötley crüe,fake
7052,268092,the who,faith in something bigger
7053,229729,catch 22,american pie
7054,299211,justin nozuka,supposed to grow old
7055,229655,raised fist,wheeling v.1.02
7056,222080,death breath,coffins of the unembalmed dead
7057,222025,possessed,seven churches
7058,222046,dissection,dissection '1995 - 05. retrib
7059,222047,dissection,no dreams breed in breathless sleep (alternative mix '95)
7060,222016,sahara hotnights,alright alright (here's my fist where's the fight?)
7061,222038,nifelheim,the devastation
7062,222039,nifelheim,satanic sacrifice
7063,222058,dismember,skin her alive
7064,222115,raison d'être,auto-dafé
7065,222067,sahara hotnights,alright alright (here's my fist where's the fight)
7066,222077,death breath,chopping spree
7067,222082,death breath,reduced to ashes
7068,222088,total devastation,struggling from chokehold
7069,222102,total devastation,left hand of the devil
7070,222096,stillhet,intro
7071,222110,entombed,year one now
7072,222126,deathspell omega,torture and death
7073,222158,arckanum,hæxhamar
7074,222175,gönül yazar,yeni bir aşk arıyorum
7075,222168,marie laforêt,viens viens
7076,222172,nightmares on wax,praying for a jeepbeat
7077,222177,les rythmes digitales,from: disco to: disco
7078,222181,the coral,auntie's operation
7079,222182,the coral,lover's paradise
7080,222185,ajda pekkan,moda yolunda
7081,222187,i̇nci çayırlı,affet
7082,222189,isil german,baksana bana
7083,222190,kamuran akkor,evet mi hayir mi
7084,222192,gönül yazar,dün derken
7085,222195,soul ii soul,"get a life (12"" mix)"
7086,222417,sibel egemen,hayrola
7087,222610,gönül yazar,hatırlar mısın?
7088,222259,marine girls,leave me with the boy
7089,222260,marine girls,falling again
7090,222261,marine girls,love to know
7091,222262,marine girls,a different light
7092,222263,marine girls,sunshine blue
7093,222264,marine girls,second sight
7094,222242,international pony,superyou (clean version)
7095,222266,marine girls,"that fink, jazz-me-blues boy"
7096,222267,marine girls,fever
7097,222423,marine girls,you must be mad
7098,222424,marine girls,in love
7099,222522,marine girls,fridays
7100,222524,marine girls,times we used to spend
7101,222463,marine girls,tutti lo sanno
7102,222580,marine girls,all dressed up
7103,222482,marine girls,promises
7104,222426,marine girls,silent red
7105,222478,oil on canvas,radio song
7106,222476,oil on canvas,dove coloured fools
7107,222224,فيروز,al bint al chalabiya
7108,222231,marie-paule belle,tire l'aiguille (1951)
7109,222232,nana mouskouri,milisse mou
7110,222225,philippe rombi,ho capito che ti amo - wilma..
7111,222227,rika zaraï,casatschok
7112,222230,marie laforêt,"ivan, boris et moi"
7113,222226,marie laforêt,"mon amour, mon ami"
7114,222229,patrick bruel & charles aznavour,hier encore j'avais 20 ans (live)
7115,222240,elysian fields,sugarplum arches
7116,222241,elysian fields,gracie lyons
7117,222433,andré claveau,tire l'aiguille
7118,222272,afx,vbs.redlof.b
7119,222454,stéphane pompougnac,fog
7120,222276,e-z rollers,e-z intro
7121,222282,e-z rollers,submission
7122,222456,ajda pekkan,ilk a$kim
7123,222543,ajda pekkan,dünya dönüyor
7124,222544,ajda pekkan,03.et c'est pour toi
7125,222294,ajda pekkan,kim derdi ki
7126,222492,ajda pekkan,durdurun $u zamani
7127,222287,ajda pekkan,uzgun yuzlu dertli ak$am
7128,222289,ajda pekkan,sen bir yana
7129,222290,ajda pekkan,i̇çiyorum
7130,222291,ajda pekkan,seviyorum
7131,222293,ajda pekkan,serseri
7132,222292,ajda pekkan,sev sen de gonlunce
7133,222300,aris san,zingouala
7134,222301,aris san,oso aksizis esi
7135,222302,aris san,nina nai
7136,222325,aris san,taka takata
7137,222630,aris san,ine arga (greek)
7138,222322,aris san,mish mash
7139,222307,marc aryan,ma loulou
7140,222439,semiramis pekkan,dertlenmeyelim
7141,222315,ajda pekkan,yağmur
7142,222389,book of love,boy
7143,222320,aris san,mandubala
7144,222471,zaliha,beklenmeyen misafir
7145,222326,steve miller band,dance dance dance
7146,222409,ayferi,kiskanirim
7147,222410,ayferi,ben sana kulum
7148,222575,semiramis pekkan,ne gecti elime
7149,222530,sibel egemen,bir mevsimlik ask
7150,222336,sevtap çetinkale (i̇mamın karısı),i̇çimdeki şeytan
7151,222335,sevtap çetinkale (i̇mamın karısı),dünya bana vız gelir
7152,222412,nil burak,sus
7153,222448,arda kardeş,pis sinek
7154,222427,ajda pekkan,san karavi
7155,222494,ajda pekkan,satisfaction
7156,222516,ajda pekkan,a mes amours
7157,222395,ajda pekkan,viens pleurer dans mon coeur
7158,222517,ajda pekkan,babylone babylone
7159,222344,ajda pekkan,gençlik yılları
7160,222338,ajda pekkan,sevsen de
7161,222339,ajda pekkan,dönmem sana
7162,222340,ajda pekkan,yıllar
7163,222342,ajda pekkan,göze göz değdi bana
7164,222413,semiramis pekkan,köy düğünü
7165,222470,ayla algan,versin tanrı i̇stemeden
7166,222459,ayla algan,vermediler
7167,222347,shirley sisk,too many tears
7168,222351,ricchi e poveri,come vorrei
7169,222352,joe dolan,good looking woman
7170,222353,mark wirtz orchestra,riviera carnaval
7171,222354,salim halali,mediterraneen
7172,222374,maria tănase,aseară ți-am luat basma
7173,222394,mina & adriano celentano,si è spento il sole
7174,222487,vinicio capossela,si è spento il sole
7175,222392,marie laforêt,la plage
7176,222422,julio iglesias & diana ross,all of you
7177,222393,mireille mathieu,toi que je desire
7178,222355,marc aryan,un petit slow
7179,222357,celia cruz,¿quién será?
7180,222358,henry mancini,charade
7181,222361,tony del monaco,con l' aiuto del tuo amore
7182,222362,mireille mathieu,celui que j'aime
7183,222363,charles aznavour,je t'attends
7184,222372,esther & abi ofarim,never grow old
7185,222366,patricia carli,les mal aimés
7186,222364,shuky & aviva,signorina concertina (français 1973)
7187,222367,las grecas,que bonito aquella noche
7188,222369,nikolaou filippos,logia logia logia
7189,222370,billy vaughn,la paloma
7190,222371,dalida,el cordobes
7191,222407,nikolaou filippos,megie mele
7192,222411,ayla algan,dünya tersine dönse (ding a dong)
7193,222406,pan,bana bana
7194,222627,ayla dikmen,nereye
7195,222378,daedelus,"greatly exaggerated, our demise"
7196,222379,daedelus,the weather's secret service
7197,222380,daedelus,robotic girls are hard
7198,222623,daedelus,without words
7199,222390,sylvie vartan,abracadabra
7200,222396,marie laforêt,les vendanges de l'amour
7201,222398,marie laforêt,"marie douceur, marie colère"
7202,222400,marie laforêt,que calor la vida
7203,222401,marie laforêt,viens sur la montagne
7204,222402,marie laforêt,la bague au doigt
7205,306963,bob sinclar,my only love
7206,222431,ayferi,aşk bitmesin
7207,222416,kamuran akkor,zalimin zulmü
7208,222420,bülent ortaçgil,olmali mi olmamali mi
7209,222430,nilüfer,başıma gelenler
7210,222434,lale belkıs,senden kalan son hatira
7211,222435,niño de pura,seni beklerim öptügün yerde
7212,222436,hümeyra,sessiz gemi
7213,222491,ajda pekkan,tu pars et tu reviens
7214,222458,ajda pekkan,saklanbaç
7215,222449,sezen aksu,yaşanmamış yıllar
7216,222457,ajda pekkan,aşk oyunu
7217,222498,cansei de ser sexy,letsmakeloveand...
7218,222488,nesrin sipâhi,azize
7219,222620,ayla büyükataman,dudaklarimda arzu
7220,222505,vaya con dios,time flies
7221,222484,emel sayın,her sey bitmiştir
7222,222485,tanju okan,hasret
7223,222510,semiramis pekkan,unuttu
7224,222512,no-neck blues band,this absent-minded crisis?
7225,222513,the tiger lillies,luis miller
7226,376445,githead,they are
7227,222600,kamuran akkor,bize nazar değdi
7228,222534,emel sayın,gönül kapım açık
7229,222619,kamuran akkor,tövbeler olsun
7230,222570,alberto cortez,los ejes de mi carreta
7231,222571,atahualpa yupanqui,los ejes de mi carreta
7232,222572,şevval sam,kapıldım gidiyorum
7233,222585,hümeyra,dönülmez bir yoldayım
7234,222597,dudley and coleman,minarets and memories
7235,367482,mina,l'importante è finire
7236,222636,avus,your body (original mix)
7237,291592,hannah montana,the other side of me
7238,299805,rawthang,epilogue vip
7239,299547,girls in hawaii,casper
7240,299556,girls in hawaii,the fog
7241,299555,girls in hawaii,the ship on the sea
7242,291454,山岡晃,fears of war
7243,352348,curtis mayfield,freddy's dead
7244,306859,damone,now is the time
7245,344846,安室奈美恵,shine more
7246,299497,yonderboi,people always talk about the weather
7247,344882,shakira,objection
7248,283395,iggy pop,little know it all
7249,313956,papa roach,i devise my own demise
7250,306350,the amps,she's a girl
7251,306351,the amps,dedicated
7252,367555,afterhours,non è per sempre
7253,267925,silentium,maiden of the forest
7254,267929,silentium,solicitude
7255,267926,silentium,requiem
7256,267928,silentium,at the dawn i wept
7257,267927,silentium,with blood adorned
7258,260491,alkatraz,error
7259,260582,alkatraz,słowa prawie te same
7260,260432,moonlight,do ojca
7261,260314,kult,tabako
7262,283852,sinéad o'connor,dancing lessons
7263,283853,sinéad o'connor,daddy i'm fine
7264,283854,sinéad o'connor,'til i whisper u something
7265,283855,sinéad o'connor,hold back the night
7266,283856,sinéad o'connor,what doesn't belong to me
7267,283857,sinéad o'connor,the state i'm in
7268,375166,levellers,exodus
7269,224639,clannad,battles
7270,298621,moonspell,...of dream and drama
7271,345407,tokio hotel,spring nicht
7272,275604,remy shand,mai
7273,275590,remy shand,ripened & consumed
7274,291441,accept,the beast inside
7275,283574,gåte,bruremarsj frå jämtland
7276,283577,gåte,kara tu omna
7277,283963,seigmen,epilog
7278,344570,dj satomi,castle in the sky
7279,307054,bart b more,hyped up (bart b more remix)
7280,284100,raga rockers,aldri mer
7281,321605,carl carlton,she's a bad mama jama
7282,285097,miles davis,mood
7283,306917,vangelis,islands of the orient
7284,268051,elton john,dan dare (pilot of the future)
7285,375315,frédéric chopin,"ballade no. 1, op. 23 in g minor"
7286,283952,hagalaz' runedance,on wings of rapture
7287,376006,eagle-eye cherry,the strange
7288,375841,eagle-eye cherry,how come
7289,375623,eagle-eye cherry,the food song
7290,375691,eagle-eye cherry,if it can't be found
7291,299698,don caballero,dick suffers is furious with you
7292,237330,ween,birthday boy
7293,237331,ween,blackjack
7294,237332,ween,squelch the weasel
7295,329345,jaco pastorius,soul intro / the chicken
7296,352503,can,tv spot
7297,283680,ani difranco,out of range (acoustic)
7298,375230,pram,the way of the mongoose
7299,375211,pram,the last astronaut (andy votel mix)
7300,352622,hella,leaving the arena of anthropology
7301,352610,hella,i'm quitting the cult
7302,344843,la oreja de van gogh,vuelve
7303,229659,op:l bastards,tantor
7304,345373,mount sims,sex dimention
7305,375131,steve mcdonald,eastlander
7306,291486,queensrÿche,another rainy night (without you)
7307,314684,marty friedman,loneliness
7308,229694,freak kitchen,slap me in the face
7309,229695,freak kitchen,shithead
7310,291334,mötley crüe,confessions
7311,299853,bolt thrower,war master
7312,284299,souldrainer,reborn
7313,260570,vader,intro
7314,229735,raised fist,bleed under my pen
7315,229656,raised fist,the models on tv
7316,229657,raised fist,working on wood
7317,298656,cathedral,corpsecycle
7318,344560,dj drunken monkey,calabria
7319,344583,estima,hitmans paradise
7320,344561,gigi d'agostino,baci & abbracci
7321,299043,bloodbath,process of disillumination
7322,299044,bloodbath,slaughtering the will to live
7323,299046,bloodbath,treasonous
7324,299047,bloodbath,iesous
7325,344592,sunblock feat robin beck,first time
7326,252683,french kicks,trying whining
7327,298719,nina simone,it might as well be spring
7328,352555,carl craig,technology
7329,245348,dat politics,re-folk
7330,299604,ampop,cold facts
7331,352255,disco inferno,starbound: all burnt out & nowhere to go
7332,352217,the names,leave her to heaven
7333,299609,ampop,she
7334,352173,sparks,a big surprise
7335,380468,the meteors,mutant rock
7336,237324,cowboy junkies,a horse in the country
7337,237321,cowboy junkies,mining for gold
7338,306329,silverbullit,only gold
7339,306321,silverbullit,i promise you
7340,344760,the doors,texas radio & the big beat
7341,306966,diplo,into the sun
7342,283324,five for fighting,alright
7343,329339,steely dan,razor boy
7344,306900,faithless,mass destruction (paul jackson big weapon)
7345,299669,bark psychosis,400 winters
7346,252632,françoise hardy,san salvador
7347,314776,the selecter,they make me mad
7348,284279,cursive,"tall tales, telltales"
7349,245265,so many dynamos,how high the moon
7350,344788,hum,why i like the robins
7351,252630,paul baribeau,strawberry
7352,307191,marissa nadler & black hole infinity,no surprises
7353,329342,sidestepper,dame tu querer
7354,307206,sigur rós,untitled #2 fyrsta
7355,375439,steve vai,final guitar solo
7356,314607,ray charles,"hallelujah, i love her so"
7357,306658,eric clapton,next time you see her
7358,299256,eric clapton,motherless child
7359,299258,eric clapton,sweet home chicago
7360,229835,stan getz & joão gilberto,grandfather's waltz
7361,229837,stan getz & joão gilberto,stan's blues
7362,229838,stan getz & joão gilberto,here's that rainy day
7363,229830,stan getz & joão gilberto,rosa morena
7364,229832,stan getz & joão gilberto,bim bom
7365,283263,jamelia,stop!
7366,229705,don johnson big band,royalty
7367,229707,don johnson big band,behind 16 bars
7368,229689,rush,fly by night/in the mood
7369,229693,andré 3000,where are my panties
7370,229652,菅野よう子,shiro
7371,229704,jan hammer,crocketts theme
7372,229673,mattias ia eklundh,revenge of the bambi loving terrorist
7373,229730,catch 22,hard to impress (live)
7374,229752,quintessence,speciality
7375,229708,don johnson big band,retardson
7376,229716,karkkiautomaatti,takaisin en tuu
7377,306661,rush,o baterista
7378,229774,rush,"fear, part i: the enemy within"
7379,229725,titiyo,1989
7380,229661,initial y,everybody's warming
7381,229700,initial y,boom boom japan
7382,229671,initial y,burning up for you
7383,229675,initial y,don't stop the music
7384,229720,grand funk railroad,get it together
7385,229721,grand funk railroad,i don't have to sing the blues
7386,229775,grand funk railroad,hooked on love
7387,229722,grand funk railroad,i'm your captain/closer to home
7388,229723,grand funk railroad,in need (live)
7389,229776,grand funk railroad,heartbreaker (live)
7390,229777,grand funk railroad,mean mistreater (live)
7391,229861,long beach dub allstars,rolled up
7392,229860,long beach dub allstars,it ain't easy
7393,229780,europe,girl from lebanon
7394,229781,europe,the king will return
7395,229782,europe,more than meets the eye
7396,229783,europe,wings of tomorrow
7397,229785,europe,scream of anger
7398,306268,liekki,tähtien
7399,306267,liekki,tanssitaan
7400,306271,liekki,kulkija
7401,306224,liekki,sulka
7402,306272,liekki,ja kaunein kuu loistaa
7403,229736,carlinhos brown,alà a a
7404,229755,phil collins,we said hello goodbye
7405,229787,praxis,wake the dead
7406,229769,aphilas,aesthetics
7407,229770,aphilas,elder bros
7408,229778,aphilas,"adam's song (blink 182, aphilas remix)"
7409,229779,aphilas,the tibetan
7410,229692,fair to midland,say when
7411,229660,cmx,lapsi
7412,229682,tulenkantajat,ei hätää
7413,229664,j. karjalainen,oksakruunu
7414,229665,j. karjalainen,juomaripoika
7415,229666,j. karjalainen,sormus se kulki itteksensä
7416,229667,j. karjalainen,nancy ja sally
7417,229668,j. karjalainen,pontikkapoika
7418,229731,j. karjalainen,minun kultani kaunis on
7419,229732,j. karjalainen,hoopon joulu
7420,229733,j. karjalainen,kolmella kortilla
7421,229672,j. karjalainen,maailman matti
7422,229687,the alan parsons project,genesis ch.1. v.32
7423,229685,the alan parsons project,pyramania
7424,229686,the alan parsons project,hyper-gamma-spaces
7425,229822,j. karjalainen,paimentyttö
7426,229808,j. karjalainen,piupali paupali
7427,229809,j. karjalainen,häntä
7428,229823,j. karjalainen,"soo, soo!"
7429,229719,danzig,heart of the devil
7430,229748,carlinhos brown,o aroma da vida
7431,229749,carlinhos brown,mande um email pra mim
7432,229737,carlinhos brown,aos teus olhos
7433,229739,carlinhos brown,goodbye hello
7434,229740,carlinhos brown,marina dos mares
7435,229741,carlinhos brown,pedindo pra voltar
7436,229742,carlinhos brown,a gente ainda não sonhou
7437,229744,carlinhos brown,guaraná café
7438,229745,carlinhos brown,dia de você
7439,229746,carlinhos brown,página futuro
7440,229747,carlinhos brown,te amo família
7441,229753,random mullet,the statement
7442,229754,faith no more,das schutzenfest
7443,229762,tantric,down and out
7444,229763,tantric,the one (clean version)
7445,229765,tantric,wishing
7446,229766,tantric,something better
7447,229767,tantric,lucky one
7448,229768,tantric,the end begins
7449,229759,tantric,monopoly (clean version)
7450,229760,tantric,why don't you
7451,229761,tantric,lay
7452,229786,don drummond,occupation
7453,229789,tantric,the one
7454,229797,anal thunder,deaf or dumb?
7455,229799,anal thunder,hockey temper
7456,229790,anal thunder,29
7457,229792,anal thunder,how's my make-up?
7458,229793,anal thunder,last laugh
7459,229795,anal thunder,wave your flags
7460,229796,anal thunder,liquid face lift
7461,229851,anal thunder,the first song of the album
7462,229852,anal thunder,war on alcohol
7463,229821,plutonium 74,kaisa meni diskoon
7464,229820,spandau ballet,pleasure
7465,229824,regina,"pidä varasi, tyttö!"
7466,229828,regina,kohtaamisia kaupungissa
7467,229829,regina,pieni ystävä
7468,229831,stan getz & joão gilberto,um abraço no bonfa
7469,229833,stan getz & joão gilberto,meditation
7470,229834,stan getz & joão gilberto,o pato
7471,229836,stan getz & joão gilberto,tonight i shall sleep with a smile on my face
7472,229840,jay semko,due south theme
7473,229841,spirit of the west,bone of contention
7474,229842,jay semko,cabin music
7475,229843,sarah mclachlan,possession (piano version)
7476,229844,jay semko,horses
7477,229845,kashtin,akua tuta
7478,229846,paul gross,ride forever
7479,229847,blue rodeo,flying
7480,229848,jay semko,due south theme (short)
7481,229849,jay semko,victoria's secret
7482,229850,klaatu,calling occupants of interplanetary craft
7483,229854,regina,uusi resepti
7484,229864,buck-o-nine,nineteen
7485,229866,cherry poppin' daddies,god is a spider
7486,229867,five iron frenzy,dandelions
7487,229870,five iron frenzy,you gotta get up
7488,229869,save ferris,turn it up
7489,299177,surferosa,saturday night
7490,237348,bad cash quartet,dirty days
7491,284110,lizz wright,speak your heart
7492,345343,taylor swift,invisible
7493,314920,superdrag,wave of mutilation
7494,314573,red hot chili peppers,behind the sun (instrumental demo)
7495,307027,duke dumont,when i hear music
7496,306794,spock's beard,cakewalk on easy street
7497,307077,steve aoki,pillowface and his airplane chronicles (continuous mix) (clean version)
7498,376339,il balletto di bronzo,eh eh ah ah
7499,376343,il balletto di bronzo,ti risveglierai con me
7500,283629,vanessa-mae,devil's trill
7501,306451,barón rojo,siempre estás allí
7502,314886,kaada/patton,pitié pour mes larmes
7503,306885,fantômas,4-18-05
7504,291359,david lee roth,big trouble
7505,268125,barão vermelho,por você
7506,321630,jerry reed,east bound and down
7507,314611,elvis presley,i was the one
7508,376328,zz top,she's a heartbreaker
7509,313940,snoop dogg,intrology (feat. george clinton)
7510,245501,madlib,third ear (more)
7511,245498,madlib,the comeback (madlib)
7512,298712,m83,until the night is over
7513,283919,rockettothesky,sleeping spines
7514,283920,rockettothesky,to where it was sucked out from
7515,283921,rockettothesky,a flock of chestshire cats
7516,339730,neaera,from grief...
7517,375278,painted ship,frustration
7518,245092,verse,weather to a stone
7519,245093,verse,start a fire
7520,298714,bob marley,it's alright
7521,290970,bob marley,cheer up
7522,311078,the partisans,come clean
7523,352320,felt,september lady
7524,352342,felt,new day dawning
7525,299833,thyrfing,mimer's well
7526,299048,bloodbath,drink from the cup of heresy
7527,306623,dream theater,the great gig in the sky
7528,298594,edguy,all the clowns
7529,314603,scissor sisters,take me out (live lounge) (franz ferdinand cover)
7530,283951,sex gang children,sebastiane
7531,311042,aus-rotten,perverted patriotism
7532,260406,marilyn manson & the spooky kids,telephone (reversed charge remix)
7533,283953,the sisters of mercy,dance on glass (demo)
7534,311028,subhumans,'til the pigs come round
7535,336957,下村陽子,working together
7536,337051,下村陽子,laughter and merriment
7537,336958,下村陽子,dance of the daring
7538,306883,tweaker,crude sunlight (feat. jennifer charles)
7539,283651,splashdown,pandora
7540,283652,splashdown,presumed lost
7541,283653,splashdown,beguiled
7542,283654,splashdown,so ha
7543,283656,splashdown,deserter
7544,311001,conflict,the system maintains
7545,314270,scarling.,stapled to the mattress
7546,314271,scarling.,like a killer
7547,298554,king diamond,welcome home
7548,291072,jessica simpson,i think i'm in love with you
7549,345389,rasputina,dwarfstar
7550,260375,sunshine blind,cold from fever
7551,284347,harry gregson-williams,to aslan's camp
7552,284348,harry gregson-williams,knighting peter
7553,311104,chaos uk,you'll never own me
7554,299762,blixa bargeld,lange szene
7555,299764,blixa bargeld,auf freiem feld
7556,299768,blixa bargeld,klopfzeichen
7557,299771,blixa bargeld,küss mich wach
7558,299772,blixa bargeld,unschuld
7559,376374,the teardrop explodes,poppies in the field
7560,375130,sinéad o'connor,my special child
7561,329387,randy crawford,you might need somebody
7562,314964,erik sumo,csillag vagy fecske
7563,307224,erik sumo,the real moustache
7564,307219,erik sumo,my rocky mountain
7565,375402,ohbijou,lamppost
7566,245161,108,our kind
7567,375478,fountains of wayne,new routine
7568,299642,dirty three,kim's dirt
7569,299438,say hi to your mom,but she beat my high score
7570,306210,the lemonheads,secular rockulidge
7571,344746,the brother kite,the music box
7572,237343,horse feathers,road to ruin
7573,352462,syd barrett,clowns & jugglers (octopus)
7574,252620,american music club,the dead part of you
7575,237349,belle and sebastian,dialogue - toby
7576,268065,chad vangaalen,frozen energon
7577,344818,the brian jonestown massacre,outro
7578,299388,robert wyatt,maryan
7579,237305,jackie-o motherfucker,rockaway
7580,237311,the court & spark,suffolk down upon the night
7581,237312,the court & spark,out on the water
7582,237313,the court & spark,denver annie
7583,237314,the court & spark,steeplechasing
7584,237315,the court & spark,"sundowner, you"
7585,237316,the court & spark,st. john the evangelist
7586,237317,the court & spark,with the horseshoe king
7587,237318,the court & spark,hallelujah i
7588,237319,the court & spark,swimming endlessly
7589,237320,the court & spark,titov sang the blues
7590,237347,bad cash quartet,let it shine
7591,237367,harrisons,medication time
7592,237368,the hives,back in black
7593,237370,håkan hellström,"rockenroll, blåa ögon - igen"
7594,237373,imperiet,golva mig
7595,306584,kaizers orchestra,"mr. kaizer, hans constanze og meg"
7596,237377,the libertines,narcisst
7597,283964,maud lindström,vacker vid vatten
7598,306583,skambankt,me sa nei!
7599,267945,fisz emade jako tworzywo sztuczne,niedopałki
7600,267938,fisz emade jako tworzywo sztuczne,portfel
7601,268016,fisz emade jako tworzywo sztuczne,dynamit (m.bunio.s remix)
7602,275636,chris isaak,i want you to want me
7603,352301,disco inferno,new clothes for the new world
7604,375624,2 unlimited,no limit (radio edit)
7605,376288,dj shadow,right thing (tokio ghetto tech remix)
7606,314373,khoiba,in every second dream
7607,307116,tiefschwarz,you
7608,252652,better than ezra,rosealia
7609,375435,sven väth,ritual of life
7610,283410,sixpence none the richer,angels we have heard on high
7611,283323,maroon 5,she will be loved (radio edit)
7612,284121,lizz wright,get together
7613,291004,jimmy smith and wes montgomery,ogd (road song)
7614,329286,rex sargeant,chiaroscuro
7615,314698,medeski scofield martin & wood,legalize it
7616,329305,joe zawinul,waiting for the rain
7617,291422,accept,monsterman
7618,260413,rammstein,engel (english version)
7619,337267,下村陽子,deep jungle
7620,337223,下村陽子,squirming evil
7621,336839,下村陽子,road to a hero
7622,337213,下村陽子,an intense situation
7623,337067,下村陽子,pirate's gigue
7624,337018,下村陽子,hollow bastion
7625,337227,下村陽子,kairi i
7626,336972,下村陽子,destiny's force
7627,337096,下村陽子,blast away (gummi ship i)
7628,337004,下村陽子,having a wild time
7629,336876,下村陽子,holy bananas!
7630,337146,下村陽子,just an itty bitty too much
7631,337251,下村陽子,shipmeisters' humoresque
7632,337053,下村陽子,precious stars in the sky
7633,337144,下村陽子,a very small wish
7634,337177,下村陽子,monstrous monstro
7635,336964,下村陽子,an adventure in atlantica
7636,298816,prince & the revolution,the ladder
7637,245371,venetian snares,twelve
7638,291233,kiss,heart of chrome
7639,298555,king diamond,tea
7640,298546,king diamond,the accusation chair
7641,299001,head,save me from myself
7642,299002,head,die religion die
7643,299003,head,adonai
7644,299004,head,money
7645,299005,head,shake
7646,299006,head,washed by blood
7647,298818,gipsy kings,love & liberté
7648,314640,keane,goodbye yellow brick road (ward child)
7649,245219,sherwood,song in my head
7650,252722,ashlee simpson,say goodbye
7651,291170,atomic kitten,the tide is high (get the feeling)
7652,298949,filter,what's next
7653,352455,trans am,let's take the fresh step together
7654,352489,trans am,casual friday
7655,352596,trans am,polizei (zu spät)
7656,352641,trans am,village in bubbles
7657,352509,trans am,for now and forever
7658,352461,trans am,mr. simmons
7659,352592,trans am,diabolical cracker
7660,352460,trans am,air and space
7661,352536,trans am,talk you all tight
7662,352470,trans am,lunar landing
7663,352454,trans am,slow response
7664,352649,trans am,ragged agenda
7665,352385,trans am,shady groove
7666,380404,brutal truth,hypocrite invasion
7667,245096,fear before the march of flames,taking cassandra to the end of the world party
7668,245141,hewhocorrupts,introductory offer
7669,314865,brant bjork,shrine communications
7670,314850,brant bjork,lion one
7671,245098,fear before the march of flames,the waiting makes me curious
7672,329349,joshua redman,hide and seek
7673,307228,lynx,mrs. lynx
7674,314689,tommy emmanuel,endless road
7675,352253,brian eno,thursday afternoon (edit)
7676,314844,jimmy chamberlin complex,streetcrawler
7677,283791,evanescence,missing (studio version)
7678,245086,jeremy enigk,river to sea
7679,245087,jeremy enigk,city tonight
7680,245082,christians and lions,tender sparks (october and over)
7681,245083,christians and lions,some trees
7682,245084,christians and lions,landing
7683,283271,archie star,apologies on napkins
7684,291516,3,halloween
7685,314276,"albert hammond, jr.",cartoon music for superheroes (goodnight)
7686,245319,quasimoto,boom music
7687,314147,pete philly & perquisite,traveller
7688,299701,ulver,capitel v: bergtatt - ind i fjeldkamrene
7689,283817,heather nova,truth and bone
7690,345359,patrick wolf,polish confusion
7691,352406,half japanese,daytona beach
7692,352357,the byrds,"don't doubt yourself, babe"
7693,299800,mickey 3d,rodéo
7694,299802,mickey 3d,une nuit à la terre plate
7695,306355,atlas strategic,little black heart
7696,306367,atlas strategic,bad robots
7697,352319,felt,spanish house
7698,352326,felt,imprint
7699,375518,bryan adams,tonight we have the stars
7700,375519,bryan adams,i thought i'd seen everything
7701,307119,red carpet,alright (brad carter remix)
7702,375524,bryan adams,somethin' to believe in
7703,283300,enrique iglesias,love to see you cry
7704,267974,maanam,szał niebieskich ciał
7705,313920,omni trio,first contact
7706,267941,"digs, woosh & mr ski",rumpfunk
7707,267971,whiplash,cryin'
7708,299748,the legendary pink dots,"i'm the way, the truth, the light"
7709,299727,the legendary pink dots,gorgon zola's baby
7710,299536,the legendary pink dots,sabres at dawn
7711,299731,the legendary pink dots,femme mirage
7712,299737,the legendary pink dots,on high
7713,299739,the legendary pink dots,the hanged man
7714,299021,ohgr,d.angel
7715,260565,gregorian,gregorian anthem
7716,260439,theatre of tragedy,der spiegel
7717,260281,theatre of tragedy,as the shadows dance
7718,306579,kamelot,we are not separate
7719,314483,hevia,llaciana
7720,344787,the dandy warhols,shiny leather boots
7721,306617,ac/dc,if you want blood you got it
7722,306610,ac/dc,back seat confidential
7723,307273,pink floyd,"a new machine, part 1 / terminal frost"
7724,375137,adiemus,amate adea
7725,291626,t.a.t.u.,malchik gay (remix)
7726,291362,the rembrandts,drowning in your tears
7727,344565,scooter,last warning
7728,298670,bal-sagoth,beneath the crimson vaults of cydonia
7729,313924,immediate music,fahrenheit (choir)
7730,314220,fairmont,the monster you've become
7731,245269,champion,decisions made
7732,245276,champion,miles to go
7733,245271,champion,perspective
7734,245270,champion,a thank you note
7735,245145,shook ones,so grown up
7736,244970,tragedy,revengeance
7737,283274,roses are red,failing
7738,244984,civ,soundtrack for violence
7739,244985,civ,boring summer
7740,245045,the hope conspiracy,hang your cross
7741,244965,tragedy,vengeance
7742,244966,tragedy,the lure
7743,244967,tragedy,night falls
7744,244968,tragedy,the day after
7745,244971,tragedy,to the dogs
7746,244972,tragedy,no words
7747,244974,goodbyetomorrow,tragedienne
7748,244960,park,chica chica
7749,244961,park,la amoureux
7750,244962,park,irukandji
7751,244963,park,intro
7752,244964,park,hide and seek
7753,244988,another breath,jailbreak
7754,244989,another breath,marla
7755,244990,another breath,a tragic hero
7756,244991,another breath,coward
7757,244992,another breath,organized crime
7758,244993,another breath,spineless
7759,244994,another breath,orange
7760,244995,another breath,coming home
7761,244996,another breath,off with your head
7762,244997,another breath,anchors
7763,244976,gym class heroes,yearbook club: boys in bands interlude
7764,244977,daggermouth,i dance to trance in garbage bag pants
7765,244979,daggermouth,does anyone know what snfu stands for?
7766,244980,daggermouth,"vegas chaffe, brutha i got it too"
7767,244981,daggermouth,shildo's quest: legacy of the dung
7768,244986,on the last day,twelve cc's
7769,244987,the black maria,waking up with wolves
7770,244998,dag nasty,one to two
7771,245001,dag nasty,what now?
7772,245003,dag nasty,never go back
7773,245004,dag nasty,trying
7774,245009,killing the dream,picking up the pieces
7775,245074,killing the dream,save. our. ship
7776,245075,killing the dream,play the tune or die
7777,245076,killing the dream,10 1/2
7778,245077,killing the dream,before you fall asleep
7779,245078,killing the dream,january 2nd
7780,245079,killing the dream,pardon the interruption
7781,245080,killing the dream,the escape
7782,245081,killing the dream,by now
7783,245010,killing the dream,we'll always have paris
7784,245011,have heart,life is hard enough
7785,245012,have heart,watch me sink
7786,245014,have heart,about face
7787,245015,have heart,the unbreakable
7788,245016,have heart,old man ii (last words & lessons learned)
7789,245017,have heart,song of shame
7790,245018,have heart,the machinist
7791,245019,have heart,watch me rise
7792,245257,crime in stereo,the return of...
7793,245258,crime in stereo,"if you think were talking about you, we are"
7794,245027,spanish bombs,summer 05
7795,245021,the make-up,if they come in the morning
7796,245022,the make-up,make up is lies
7797,245023,the make-up,"at the tone, the time will be"
7798,245024,the make-up,tell it like it will be
7799,245025,the make-up,what's the rumpus?
7800,245026,the make-up,gospel 2000
7801,245037,the make-up,hot coals
7802,245038,the make-up,"gold record, part i"
7803,245039,the make-up,"gold record, part ii"
7804,245040,the make-up,have u got the new look?
7805,245030,the early november,my lack of skill
7806,245031,the early november,a little more time
7807,245053,the early november,make a decision
7808,245054,the early november,the car in 20
7809,245029,the early november,figure it out
7810,245034,the early november,from here to l.a.
7811,245035,the early november,is it my fault
7812,245036,the early november,i don't know how to say this
7813,245056,the early november,never coming back
7814,245057,the early november,you don't know what it's like
7815,245041,the hope conspiracy,deadtown nothing
7816,245042,the hope conspiracy,a darkness in the light
7817,245043,the hope conspiracy,animal farm
7818,245044,the hope conspiracy,curse of the oil snakes
7819,245046,the hope conspiracy,suicide design
7820,245047,the hope conspiracy,leech bloody leech
7821,245049,the hope conspiracy,sadistic sacred whore
7822,245050,the hope conspiracy,stolen days
7823,245061,the hope conspiracy,they know not
7824,245062,four letter lie,full tilt boogie
7825,245063,four letter lie,naked girl avalance
7826,245064,four letter lie,feel like fame
7827,245067,four letter lie,let your body take over
7828,245068,four letter lie,tell me about everything
7829,245069,four letter lie,rocky loves emily
7830,245072,shook ones,carms race
7831,245073,shook ones,pheasant
7832,245070,four letter lie,"baby, you're my bad habit"
7833,245071,four letter lie,cowboys & indians
7834,245089,jeremy enigk,damien dreams
7835,245090,jeremy enigk,wayward love
7836,245094,fear before the march of flames,absolute future
7837,245095,fear before the march of flames,mouth
7838,245097,fear before the march of flames,ten seconds in los angeles
7839,245099,fear before the march of flames,high as a horse
7840,245100,fear before the march of flames,dog sized bird
7841,245101,fear before the march of flames,complete and utter confusion...
7842,245103,fear before the march of flames,... as a result of signals being crossed
7843,245105,wolf eyes,a million years
7844,245113,the make-up,we're having a baby
7845,245114,the make-up,r u a believer
7846,245115,the make-up,free arthur lee
7847,245116,the make-up,untouchable sound
7848,245128,the make-up,i didn't mean 2 turn u on
7849,245129,the make-up,wade in the water
7850,245117,spitalfield,the only thing that matters
7851,245125,spitalfield,...listen
7852,245142,hewhocorrupts,just so we're on the same page
7853,245143,hewhocorrupts,hands off my dow jones
7854,245144,hewhocorrupts,last of the financial statements
7855,245126,the make-up,type-u-blood
7856,245146,years from now,and then things took a turn
7857,245183,years from now,chad is a fun-hater
7858,245180,years from now,this is the speechless
7859,245182,years from now,richie cunningham
7860,245184,years from now,a dead horse to beat
7861,245185,years from now,snap out of it
7862,245151,life long tragedy,soul search party
7863,245152,life long tragedy,sweet innocence
7864,245153,final fight,rage
7865,245155,copeland,control freak
7866,245156,copeland,careful now
7867,245159,copeland,i'm a sucker for a kind word
7868,245162,108,the bars
7869,245174,unwritten law,shoulda known better
7870,245176,moneen,this is all bigger than me
7871,245177,moneen,there are a million reasons for why this may not work... and just one good one for why it will
7872,245189,alkaline trio,my standard break from life (live acoustic)
7873,245202,bayside,the walking wounded
7874,245203,bayside,duality
7875,245204,bayside,carry on
7876,245206,bayside,choice hops and bottled self esteem
7877,245207,bayside,head on a plate
7878,245208,bayside,dear your holiness
7879,245209,bayside,landing feet first
7880,245210,bayside,thankfully
7881,245192,sabertooth zombie,d.o.a.
7882,245193,sabertooth zombie,shoes
7883,245194,set it straight,title track
7884,245195,set it straight,callouses
7885,245196,set it straight,hourglass
7886,245197,set it straight,self deprogramming
7887,245198,set it straight,oblivious
7888,245199,set it straight,young voices
7889,245200,set it straight,reclamation
7890,245201,set it straight,percent
7891,245211,set it straight,ground zero
7892,245215,set it straight,meltdown
7893,245212,set it straight,strikes and gutters ii
7894,245213,set it straight,injustice
7895,245228,reel big fish / zolof the rock & roll destroyer,dress you up
7896,245230,reel big fish / zolof the rock & roll destroyer,don't you want me
7897,245231,reel big fish / zolof the rock & roll destroyer,it's not easy
7898,245232,reel big fish / zolof the rock & roll destroyer,say say say
7899,245242,dear and the headlights,oh no!
7900,245205,bayside,i and i
7901,245214,comeback kid,disconnected
7902,245220,sherwood,give up!
7903,245233,scream,came without warning
7904,245234,negative approach,friend or foe (1983)
7905,245235,battalion of saints,my minds disease
7906,245236,7 seconds,i hate sports
7907,245237,big boys,brickwall
7908,245239,adolescents,i hate children (1980 demo)
7909,245240,ydi,enemy for life
7910,245241,d.r.i.,runnin' around
7911,245243,dear and the headlights,sweet talk
7912,245244,dear and the headlights,hallelujah
7913,245245,dear and the headlights,"i'm bored, you're amorous"
7914,245246,dear and the headlights,grace
7915,245247,dear and the headlights,it's gettin' easy
7916,245249,dear and the headlights,skinned knees & gapped teeth
7917,245250,dear and the headlights,run in the front
7918,245251,dear and the headlights,mother make me golden
7919,245252,murder by death,[hidden track]
7920,245266,so many dynamos,inventing gears
7921,245267,first to leave,the saving cycle
7922,245268,goldrush,aperture
7923,245273,the paper chase,the most important part of your body
7924,245278,the nation of ulysses,look out! soul is back
7925,245280,the nation of ulysses,a kid who tells on another kid is a dead kid
7926,245281,the nation of ulysses,diptheria
7927,245282,the nation of ulysses,aspirin kid
7928,245283,the nation of ulysses,hot chocolate city
7929,245285,sigur rós,óskabörn þjóðarinnar (model citizens)
7930,245286,sigur rós,hvalir í útrýmingarhættus (endangered whales)
7931,245291,peacock,how to kill a beat pt. 2
7932,245289,aphex twin,(untitled) melodies from mars 07
7933,245290,afx,naks 11 (mono)
7934,245387,kool keith,stuck on pussy drive
7935,245456,aphex twin,(untitled) melodies from mars 03
7936,245455,aphex twin,(untitled) melodies from mars 01
7937,245303,madlib,indian hump
7938,245305,mc devvo & shady piez,crystal meffin
7939,245309,mc devvo & shady piez,hardcore & techno
7940,245325,zavoloka,suspenzia
7941,245326,zavoloka versus kotra,charming
7942,245457,aphex twin,(untitled) melodies from mars 04
7943,245458,aphex twin,(untitled) melodies from mars 05
7944,245459,aphex twin,(untitled) melodies from mars 06
7945,245312,shitmat,argos
7946,245313,the flashbulb,in an instant
7947,245314,the flashbulb,lawn wake i
7948,245315,the flashbulb,lawn wake ii
7949,245318,quasimoto,"discipline 99, part 0 (feat. mr. herb)"
7950,245327,the flashbulb,lawn wake iii
7951,245328,the flashbulb,sun rise jul
7952,245352,the flashbulb,an external frost
7953,245323,quasimoto,the unseen
7954,245419,shitmat,uk swampcore sucks in comparison to techstep new wave psy-jungle
7955,245329,zavoloka,rankova (matin)
7956,245330,zavoloka,dzerkalo (mirror)
7957,245331,plug,drum 'n' bass for papa
7958,245333,zavoloka & agf,rozmai
7959,245334,zavoloka & agf,sunytsia
7960,245335,zavoloka & agf,air
7961,245336,zavoloka & agf,do divchyny
7962,245337,zavoloka & agf,nude brain
7963,245345,datach'i,form
7964,245346,apparat,berlin
7965,245395,dj scotch egg,scotch hausen
7966,245400,madlib,intro
7967,245353,the flashbulb,if trees could speak
7968,245354,the flashbulb,the sun and the star
7969,245355,the flashbulb,didj z
7970,245356,the flashbulb,black lawn finale
7971,245357,the flashbulb,sensual data
7972,245358,the flashbulb,sunset hamlin
7973,245360,madlib,main title
7974,245374,dr. dooom,who killed dr. octagon? (intro)
7975,245377,dr. dooom,mr. ratt
7976,245373,venetian snares,absolute smakatrosmic
7977,245370,d.o.c. w,intro
7978,245388,the flashbulb,porn joke p
7979,245389,the flashbulb,dance of the fat kids
7980,245442,photophob,while venting
7981,245383,prince paul,open your mouth (hypothalamus)
7982,245399,pete rock,soul survivor intro
7983,245403,aphex twin (aka afx),children talking
7984,245404,wisp,the old mountain pass
7985,245405,wisp,tin splinters
7986,245406,wisp,harvesting sunlight
7987,245407,wisp,making progress in the icicle factory
7988,245408,j dilla,workonit
7989,245416,shitmat,badman ballad
7990,245417,shitmat,dubplatter
7991,245412,dyzv0r,"numb, we knew vague machines"
7992,245410,dat politics,pie
7993,245411,dat politics,allo! pepperberg
7994,245466,kodek,imants kalninsh taking amphetamine for first time
7995,245465,kodek,fat angry mom doll with three openings get fucked in all three openings at once
7996,245440,photophob,the starlight eater
7997,245441,photophob,her sexy circuits
7998,245447,mf doom,hooks is extra (feat. chris craft)
7999,245448,mf doom,change the beat (inhumanz remix)
8000,245450,mf grimm,american hunger (breakfast)
8001,245463,autechre,djarum - autechre
8002,245472,sigur rós,tversogn
8003,245474,sigur rós,sieasta fere
8004,245473,freescha,bumble
8005,245478,acrnym,alan coleslaw
8006,245477,acrnym,"what's up, buttercup?"
8007,245480,boards of canada,(audiotrack 01) old tunes vol. 1 side a
8008,245481,boards of canada,(audiotrack 02) old tunes vol. 1 side a
8009,245482,boards of canada,(audiotrack 03) old tunes vol. 1 side a
8010,245484,boards of canada,(audiotrack 05) old tunes vol. 1 side a
8011,245485,boards of canada,(audiotrack 06) old tunes vol. 1 side a
8012,245486,boards of canada,(audiotrack 07) old tunes vol. 1 side a
8013,245487,boards of canada,(audiotrack 08) old tunes vol. 1 side a
8014,245490,boards of canada,(audiotrack 10) old tunes vol. 1 side a
8015,245479,boards of canada,(audiotrack 14) old tunes vol. 1 side a
8016,245499,madlib,open (space)
8017,245500,madlib,tape hiss (dirty)
8018,245502,madlib,stax (strings)
8019,299169,the nightcrawlers,the little black egg
8020,376463,the accent,red sky at night
8021,307164,mychael danna/devotchka,do you think there's a heaven?
8022,307165,mychael danna/devotchka,the winner is
8023,380435,johnny cash,my two timin' woman
8024,299623,soft machine,"pataphysical introduction, part ii"
8025,252688,space,avenging angels
8026,307124,mr. oizo,i was a straw and i was anxious
8027,314922,reel big fish,gigantic
8028,380495,lloyd charmers,dollars and bonds
8029,298955,mooncake,l4
8030,298957,mooncake,l3
8031,298958,mooncake,the horizons
8032,306344,joose keskitalo,kun eedenin ovet suljettiin
8033,306345,joose keskitalo,en saa laaksossa rauhaa
8034,299495,dirty three,i really should've gone out last night
8035,299496,dirty three,i offered it up to the stars & the night sky
8036,359789,mr. oizo,two takes it
8037,299375,henry cow,upon entering the hotel adlon
8038,288433,jorge reyes,"omeyocan, lugar 2"
8039,298761,kid loco,kronos goes cosmos
8040,298747,marcas,pearls (feat. renée)
8041,345342,taylor swift,stay beautiful
8042,291060,kc and the sunshine band,shake your booty
8043,291418,prince & the new power generation,cream
8044,291354,prince & the new power generation,diamonds and pearls
8045,291228,mötley crüe,street fighting man
8046,329297,the mamas & the papas,midnight voyage
8047,291494,mötley crüe,sick love song
8048,291419,mötley crüe,beauty
8049,314273,action action,this year's fashion
8050,291255,mötley crüe,new tattoo
8051,299665,a whisper in the noise,a new dawn
8052,299703,a whisper in the noise,in will
8053,337214,タニウチヒデキ,kuroi light
8054,283403,firefox ak vs. laid,once i was like you
8055,307042,bobina,slow
8056,291657,ryan and sharpay,what i've been looking for
8057,367532,maria callas,norma - casta diva
8058,283883,indigo girls,tried to be true
8059,283885,indigo girls,center stage
8060,283886,indigo girls,history of us
8061,252673,better than ezra,in the blood
8062,291468,accept,don't go stealing my soul away
8063,344719,priscilla ahn,opportunity to cry
8064,345323,utada,on and on
8065,345325,utada,taking my money back
8066,283280,better than ezra,at the stars (album version)
8067,299645,ooioo,anuenue au
8068,314828,boredoms,hey bore hey
8069,352645,black dice,miles of smiles
8070,352398,les mouches,carload of whatever
8071,352187,lichens,kirilian auras
8072,376296,the flashbulb,severed
8073,376297,the flashbulb,swollen trees
8074,376287,the flashbulb,highway one
8075,352172,sparks,i like girls
8076,367537,tomboy,synchronize
8077,306973,morgan geist,skyblue pink
8078,307053,john dahlbäck,hustle up (albin myers remix)
8079,344534,scooter,neverending story
8080,252704,mount sims,ergent no ergent
8081,299612,dikta,wm3
8082,283348,nitin sawhney,falling
8083,376306,incredible bongo band,in-a-gadda-da-vida
8084,375120,the sisters of mercy,"flood, pt. 2"
8085,291503,mötley crüe,kickstart my heart (demo)
8086,314889,catatonia,this boy can't swim
8087,314775,catatonia,some half baked ideal called wonderful
8088,321629,hayseed dixie,feel like making love
8089,375494,pereza,tristeza
8090,298643,kiuas,to excel and ascend
8091,298640,kiuas,the decaying doctrine
8092,298642,kiuas,conqueror
8093,306757,marillion,no one can
8094,307091,alex gaudino,watch out (robbie rivera remix)
8095,307010,johnny corporate,sunday shoutin'
8096,344528,scooter,the hardcore massive
8097,283437,deepack,100%
8098,307070,blank & jones,lightning
8099,376516,zatox,bad time
8100,376483,cosmic gate,just a tone
8101,307135,laurent wolf,i pray
8102,344519,scooter,cambodia
8103,306945,jan wayne,because the night (radio edit)
8104,307087,dubtribe sound system,the rhythm in your mind
8105,375625,republica,wrapp
8106,314493,lighthouse family,once in a blue moon
8107,307096,samantha james,breathe you in
8108,306990,jody wisternoff,starstrings
8109,284111,lizz wright,this is
8110,329347,krzysztof komeda,moja ballada
8111,268067,elvis presley,bridge over troubled water
8112,307131,dubtribe sound system,this is the time
8113,375582,alannah myles,song instead of a kiss
8114,345149,camp rock,this is me
8115,291399,apocalyptica,seeman
8116,315113,transglobal underground,pomegranate
8117,352558,jad fair & daniel johnston,frankenstein vs. the world
8118,367520,matisse / accardo quartet,smooth
8119,299425,kevin ayers,town feeling
8120,311087,the partisans,don't blame us
8121,299109,nina nastasia,the body
8122,252615,tony joe white,roosevelt and ira lee (night of the mossacin)
8123,376404,billie holiday,i'm painting the town red
8124,314757,liz phair,california
8125,252616,sade,bullet proof soul
8126,252627,nina nastasia & jim white,in the evening
8127,252628,nina nastasia & jim white,odd said the doe
8128,252638,r.l. burnside,poor boy
8129,252640,michael nyman,god's hands
8130,252641,michael nyman,the arrival
8131,252642,michael nyman,becoming jerome
8132,252643,michael nyman,a borrowed ladder
8133,252646,michael nyman,the crossing
8134,329195,otis taylor,my soul's in louisiana
8135,252649,twisted charm,television nation
8136,252656,better than ezra,overcome
8137,252651,toad the wet sprocket,nanci
8138,252653,better than ezra,burned
8139,252655,better than ezra,it's only natural
8140,252658,better than ezra,a southern thing
8141,252674,better than ezra,hollow
8142,252675,better than ezra,our finest year
8143,252663,better than ezra,"sincerely, me"
8144,252664,better than ezra,get you in
8145,344756,black rebel motorcycle club,high/low+
8146,252668,better than ezra,circle of friends
8147,252671,better than ezra,absolutely still
8148,252672,ryan adams,dear john
8149,252676,depeche mode,miles away/the truth is (lagos boys choir remix)
8150,252684,sigur rós,popplagið (the pop song)
8151,252687,sigur rós,njósnavélin (the nothing song)
8152,252690,staind,black (acoustic)
8153,252691,idlewild,scottish fiction
8154,252692,ocean colour scene,i won't get grazed
8155,311037,iggy pop,cock in my pocket
8156,252695,my vitriol,c.o.r. (critic orientated rock)
8157,252697,runrig,loch lomond
8158,252701,sucioperro,dialog on the 2
8159,252702,the second hand marching band,lies
8160,252709,jeff mills,jealous lovers
8161,252710,quallofill,the singing detective
8162,252713,ennio morricone,four friends
8163,252724,daniela mercury,menino do pelo
8164,376324,david sylvian,krishna blue
8165,376356,superpitcher,tomorrow (scsi 9 remix)
8166,290985,the smashing pumpkins,dancing in the moonlight (acoustic)
8167,291000,abraham,magpie (morgan geist remix)
8168,352464,drexciya,black sea
8169,376369,arpanet,the analyst
8170,291452,ratt,slip of the lip
8171,344872,安室奈美恵,"can't sleep, can't eat, i'm sick"
8172,344986,安室奈美恵,should i love him?
8173,344984,安室奈美恵,it's all about you
8174,344987,安室奈美恵,top secret
8175,344983,安室奈美恵,hello
8176,306928,spectrum,the drunk suite
8177,299152,electric six,the band in hell
8178,299156,electric six,pink flamingos
8179,290942,eskobar,snowman
8180,344557,scooter,all i wanna do
8181,291061,hilary duff,come clean (remix 2005)
8182,375544,orson,little miss lost & found
8183,315062,loewenhardt,fairy tale
8184,284119,lizz wright,when i close my eyes
8185,283394,keane,early winter
8186,299230,justin nozuka,criminal
8187,299809,vincent gallo,so sad
8188,260516,sandra nasic,mecasanova (yam yam)
8189,260587,sandra nasic,the signal
8190,260515,sandra nasic,fever
8191,260513,sandra nasic,sorry
8192,260517,sandra nasic,stop the crying
8193,260547,sandra nasic,counting trees
8194,337084,the black mages,battle scene (final fantasy i)
8195,291396,anthrax,anti-social
8196,291553,killing heidi,calm down
8197,291530,powderfinger,(baby i've got you) on my mind
8198,299098,chimaira,frozen in time
8199,375366,the electric flag,peter's trip
8200,376476,alton ellis,these eyes
8201,376477,alton ellis,hurting me
8202,275842,johnny clarke,i'm still waiting
8203,275725,horace andy,money money
8204,298754,delerium,consensual worlds
8205,352425,susumu yokota,morino gakudan
8206,299213,delerium,innocente (feat. leigh nash)
8207,376382,the upsetters,man from mi5
8208,275738,barrington levy,too experienced
8209,376398,"lee ""scratch"" perry",give me justice
8210,329338,khadja nin,"sina mali, sina deni"
8211,298688,bill evans,some other time
8212,268005,björk,army of me (beastie boys remix)
8213,299325,gentleman,blessing of jah (feat. ras shiloh)
8214,376479,alton ellis,alton's groove
8215,299666,bark psychosis,fingerspit
8216,275718,freddie mcgregor,jah can count on i
8217,329228,el pali,recuerdos de mi patio
8218,298716,the album leaf,red eye (album)
8219,267952,susumu yokota,make peace
8220,298696,duke ellington,the gal from joe's
8221,275681,leroy smart,we want to go home
8222,321652,richie spice,check yourself
8223,314558,the brand new heavies,people get ready
8224,367589,goran bregović,me sam devla romani
8225,376378,"lee ""scratch"" perry",kimble the nimble
8226,275701,linton kwesi johnson,come wi goh dung deh
8227,321581,richie spice,crying out for love
8228,275707,ini kamoze,world a music
8229,376392,roy ayers,keep on walking
8230,314817,horace andy & mad professor,babylon bridge
8231,299124,hazmat modine,fred of ballaroy
8232,299127,hazmat modine,ugly rug
8233,299122,hazmat modine,almost gone
8234,299129,hazmat modine,lost fox train (for joe)
8235,299128,hazmat modine,who walks in when i walk out?
8236,299123,hazmat modine,grade-a gray day
8237,284056,twisted sister,have yourself a merry little christmas
8238,284129,joni mitchell,night of the iguana
8239,299822,flogging molly,irish jig
8240,268093,elephant's memory,old man willow
8241,260575,madasun,don't you worry
8242,283625,gene autry,rudolph the red nosed reindeer
8243,298595,m. walking on the water,magic forest
8244,315027,joan jett & paul westerberg,let's do it
8245,291655,ashley tisdale,be good to me
8246,299086,diary of dreams,the wedding
8247,299087,diary of dreams,requiem 4.21
8248,299088,diary of dreams,odyssey asylum
8249,299091,diary of dreams,the colors of grey
8250,299092,diary of dreams,choir hotel
8251,299093,diary of dreams,the chain
8252,299095,diary of dreams,21 grams of nothing
8253,298825,lynyrd skynyrd,free bird (outtake version)
8254,290990,golden boys,berimbau
8255,376427,the upsetters,a live injection
8256,260366,marilyn manson,i don`t like the drugs
8257,260564,penumbra,the prophetess
8258,260498,nightwish,the saint
8259,260417,alkatraz,"tik, tak"
8260,260497,therion,the gates to a'arab zaraq are open
8261,260535,carfax abbey,malkavian
8262,260450,pearl jam,alive [live european version only]
8263,260291,reamonn,intro
8264,260277,pogodno,jak dzwonek
8265,260483,izrael,so far away
8266,260608,celtic dance,phlanxty irwin
8267,260361,summoning,arcenstone
8268,260315,kult,niejeden
8269,260455,kat,łoże wspólne lecz przytulne
8270,260359,closterkeller,jeszcze jeden dzień
8271,260367,t.love,chłopaki nie płaczą
8272,260567,celtic dance,southwind (a.k.a. southern breeze)
8273,260407,fields of the nephilim,laura (live)
8274,260592,"mazzoll, kazik & arythmic perfection",03. listy schindlera
8275,260444,kazik,dzisiejszy styl
8276,260460,vhd : bloodlust,26 the promise
8277,260539,nine inch nails,pinion (intro)
8278,260538,hurt,eurodolar
8279,260405,rhapsody of fire,emerald sword (live)
8280,260447,hurt,pragnienie milionów
8281,260279,armia,archanioły i ludzie
8282,260377,kazik,niewinna kiedy sni (wersja chuda)
8283,260321,hurt,szatan
8284,260401,sepultura,the little wood-music
8285,260557,armia,legenda
8286,260488,armia,podróż na wschód
8287,260364,sweet noise,patch v2.03 (deadbambi remix) (tod & rogalewicz)
8288,298661,fields of the nephilim,laura
8289,260341,children of bodom,warheart(live)
8290,260559,john debney,the stoning
8291,260337,in flames,pista audio 07
8292,260348,dance nation,you take me away (original extended mix)
8293,260313,kult,komu bije dzwon - banan 2
8294,260556,rhapsody of fire,the dark power of abyss
8295,260509,armia,exodus
8296,260523,therion,enter the depths of eternal darkness
8297,260412,rhapsody of fire,03-triumph for my magic steel
8298,260310,nine inch nails,necromantick sunshine with oko jumo
8299,260378,armia,przebłysk
8300,260597,hurt,sprzedajesz siebie
8301,260365,kult,forum (wersja kazika)
8302,260276,will smith,black suits comin' (nod ya head) (instrumental)
8303,260433,100 tvarzy grzybiarzy,historia zagubionej czapeczki
8304,260454,pogodno,3 chłopców
8305,260411,izrael,i know version
8306,260580,happysad,track  7
8307,260601,mary mary,shackles
8308,260467,armia,wiatr wieje tam gdzie chce
8309,375628,system of a down & deftones,walk with your head up
8310,260495,soundtrack,brazilian video
8311,260422,nine inch nails,guenter schulz & en esch
8312,260502,hurt,półśrodki nie (wersja z kuchni)
8313,260362,zabili mi żółwia,kwiatek
8314,260594,vhd : bloodlust,08 grove
8315,260280,one minute silence,and some ya lose
8316,260531,rainbow,emotional crime (bonus track f
8317,260527,kazik,być dziewczyną
8318,260398,robert prince,doom 2 mission 1
8319,260385,antique,die for you
8320,260435,reamonn,josephine (live)
8321,260308,nessun artista,traccia audio 04
8322,260520,metallica,metal militia (demo)
8323,260297,hurt,stare numery (wersja piórka)
8324,260293,pogodno,motyle
8325,260317,therion,time shall tell (unreleased version)
8326,267976,cockney rejects,we are the firm
8327,260371,moonlight,rosemary's baby (reprise)
8328,260576,vhd : bloodlust,01 opening
8329,260386,kult,landy
8330,260352,pidżama porno,news from tiananmen
8331,260480,hurt,sam sama sami
8332,260451,leonard bernstein,rex tremendae
8333,260396,happysad,track  2
8334,260333,metallica,the unforgiven (demo)
8335,260609,kayah & bregović,100 lat młodej parze
8336,260478,metallica,09 - buttkrieg
8337,260353,katatonia,saw you drown - 02 - nerve
8338,260425,reamonn,josephine
8339,260532,celtish,testimony of patience kershaw
8340,260511,marek grechuta,zlota kolekcja - 20. hop szklanke piwa
8341,260617,dead can dance,the children's toys
8342,260409,apocalyptica,driven
8343,260586,marek grechuta,zlota kolekcja - 07. gdziekolwiek
8344,260616,therion,dark eternity (unreleased version)
8345,260429,katatonia,intro
8346,260504,big cyc,smierdzące podwórka
8347,260289,papa roach,lithium
8348,260309,perfect,objazdowe nieme kino
8349,260322,papa roach,lulu espidachi
8350,260526,dzioło,smutno mi
8351,260399,anne-sophie mutter,meditation
8352,260487,system of a down,i e a i a i o
8353,260437,armia,wspaniała nowina
8354,260376,silicone soul,"right on, right on"
8355,260542,ksu,dno
8356,260440,metallica,how many more times
8357,260623,wolfgang amadeus mozart,"sinfonie nr. 41 in c-dur, k.551 ""jupiter"": allegro vivace"
8358,260610,billy more,lonliness
8359,260340,moonlight,nieodwracalne
8360,260292,kury,that music
8361,260566,czesław niemen,płonąca stodoła
8362,260370,jacek kaczmarski,rokosz
8363,260475,moonlight,w moje ręce
8364,260356,irish rebel songs,freedom sons
8365,260595,american hi-fi,the art of losing (radio edit)
8366,260393,kury,trygław cz. ii
8367,260552,leonard bernstein,lux aeterna
8368,260388,nine inch nails,razed in black
8369,260416,moonlight,pati
8370,260410,armia,jeżeli
8371,260303,papa roach,thanx
8372,260445,marilyn manson & the spooky kids,cat in the hat
8373,260389,›–ě‚ć‚¤žq/gabriela robin,vxša“eh[‹enex
8374,260524,summer,summer overture
8375,260471,spooky kids,thrift
8376,260553,katatonia,saw you drown - 04 - scarlet heavens
8377,260446,metallica,one (demo)
8378,260473,melanie thornton,love how you love me
8379,260543,armia,niewidzialna armia
8380,260613,soundtrack,your head and your mind and your brain
8381,260354,van morrison & the chieftains,carrickfergus
8382,260426,britney spears,i love rock'n'roll
8383,260327,buldog,berlin
8384,260350,"! www.polskie-mp3.tk ! jacek kaczmarski, gintrowski and lapinski",05. astrolog
8385,260275,papa roach,i love babies
8386,260300,papa roach,mama's dress
8387,260328,pulsedriver,cambodia (fragma mix)
8388,260282,angel corpse,warton
8389,260583,czesław niemen,jeszcze swój egzamin zdasz
8390,260287,zabili mi żółwia,nie bój się
8391,260430,hurt,alarm cykliczny
8392,260404,leonard bernstein,tuba mirum
8393,376481,cosmic gate,the wave
8394,260506,therion,up to netzach - floating back  (therion version)
8395,260272,papa roach,lenny's
8396,260457,sweet noise,jeden taki dzień (feat. peja)
8397,260278,jacek kaczmarski,z xvi-wiecznym portretem trumiennym rozmowa
8398,291135,solid base,this is how we do it
8399,260607,metallica,enter sandman (demo)
8400,260323,revolting cocks,fire engine
8401,260537,jamiroquai,jamiroquai - deeper underground
8402,260345,revolting cocks,dead end streets
8403,260332,saliva,800
8404,260383,revolting cocks,union carbide (bhopal version)
8405,260343,buldog,czemu wszyscy wyjechali?
8406,260355,revolting cocks,union carbide (west virgina version)
8407,260374,deus ex 2 - invisible war,antarctica - jc denton's lair
8408,260555,revolting cocks,revolting cock au lait
8409,260390,soundtrack,set you free
8410,260419,czesław niemen,nigdy się nie dowiesz
8411,260476,papa roach,829
8412,260443,revolting cocks,razor's edge
8413,260465,kult,pan pancerny
8414,260466,gregorian,out of the cold
8415,260472,gregorian,everybody gotta learn sometimes
8416,260568,ost,the dike
8417,260598,albert rosenfield,parachute call-girl
8418,260490,gregorian,lady d'arbanville
8419,260548,ost,twilight
8420,260530,revolting cocks,prune tang
8421,260514,sandra nasic,right lane
8422,260519,sandra nasic,perfume
8423,260550,porcupine tree,dot three
8424,260551,porcupine tree,half-light
8425,260541,kult,poligono industrial
8426,260540,apollo 440,rumble / spirit of america
8427,260560,kury,always endeavor
8428,260546,vangelis,thinking of rachel (love theme different take)
8429,260561,gregorian,before the dawn
8430,260585,sheep on drugs,wish
8431,260612,gregorian,blasphemous rumours
8432,260621,kazik staszewski,"no, klaszcz!"
8433,314470,rio,shine on
8434,314476,strachy na lachy,fabryka
8435,267966,lech janerka,ramydada
8436,314472,strachy na lachy,nocne ulice
8437,314475,strachy na lachy,idzie wojna
8438,314469,strachy na lachy,po prostu pastelowe
8439,314545,lech janerka,w naturze mamy ciągły ruch
8440,352195,aphex twin,metal grating
8441,314983,chamonix,77 strings
8442,307236,björk,johannes kjarval
8443,267998,salt tank,angels landing (jose padilla & sunchild remix)
8444,267997,lkh productions,changes
8445,291086,the veronicas,i can't stay away
8446,344922,la oreja de van gogh,vestido azul
8447,284112,lizz wright,song for mia
8448,315111,transglobal underground,scorch
8449,298813,mint royale,always welcome
8450,283785,natacha atlas,manbai
8451,315125,natacha atlas,soleil d'egypte
8452,345364,bob marley,everything is gonna be alright
8453,345376,nick drake,nick drake - cocaine blues
8454,299840,flogging molly,cry of the celtic
8455,283313,shawn mullins,lullabye
8456,283310,the starting line,bedroom talk (rough version)
8457,291567,the used,say days ago (live)
8458,375547,augustana,"rest, shame, love"
8459,314960,saltillo,remember me
8460,321598,ministry of sound,03 - shapeshifters - lola's theme
8461,290987,joaquin claussell & kerri chandler,escravos de jo
8462,375448,gabriel & dresden,as the rush comes (feat. andain)
8463,267993,st. germain,sure thing (todd edwards deepline remix)
8464,321607,st. germain,rose rouge (spiller rouge mix)
8465,376499,tiësto,close to you
8466,321561,ministry of sound,06 - mark farina - dream farina
8467,307009,guy gerber,stoppage time
8468,375647,vanilla sky,peter gabriel - solsbury hill
8469,375615,vanilla sky,sigur ros - svefn-g-englar
8470,314064,aaliyah,at your best (you are love)
8471,306384,this world fair,don't make me wait
8472,375535,graham colton,whatever breaks my heart
8473,306761,bad company,don't let me down
8474,306939,hundred reasons,avalanche
8475,306656,green day,"1,000 hours"
8476,375736,vanessa-mae,retro
8477,283398,men without hats,pop goes the world
8478,291582,christine guldbrandsen,alvedansen (norway)
8479,299416,magma,coltrane sündïa
8480,367465,carmen consoli,puramente casuale
8481,375895,metallica,last caress / fade to black
8482,291389,saxon,broken heroes
8483,291342,saxon,747 (strangers in the night) (live)
8484,291350,saxon,strong arm of the law (live)
8485,291457,accept,i don't wanna be like you
8486,291423,accept,death row
8487,291490,accept,slaves to metal
8488,314223,lydia,always move fast
8489,299440,say hi to your mom,i'm so tired
8490,299437,say hi to your mom,a kiss to make it better
8491,299442,say hi to your mom,a hit in sweden
8492,283376,sleeping at last,ghosts
8493,298924,esc,deathtrap circus
8494,298923,esc,architecture
8495,298929,esc,despise
8496,298936,die sektor,all turns white
8497,299068,c-lekktor,we are all ready death
8498,299070,c-lekktor,damn your faith
8499,299071,c-lekktor,stigmata
8500,298902,hocico,the day the world stopped
8501,298996,agonoize,gottlos
8502,298997,agonoize,unchained
8503,298998,agonoize,suizid
8504,299008,agonoize,knick knäck/slashed open
8505,299009,agonoize,viva la muerte
8506,299010,agonoize,a crippled mind
8507,299016,agonoize,intoxication
8508,298995,agonoize,last days on earth
8509,298901,hocico,escapando de los recuerdos
8510,298903,hocico,poisoned and silenced
8511,298904,hocico,the shape of things to come (rabia sorda remix)
8512,298928,esc,eden
8513,298930,esc,needle catwalk
8514,298931,esc,heartware v2.0
8515,298932,esc,wrong way
8516,298933,esc,alpha male
8517,298925,esc,attention whore
8518,298926,esc,0.26 (bladefucked)
8519,298927,esc,reptile
8520,298994,agonoize,c.o.a.
8521,298962,esc,steam
8522,298963,esc,matte
8523,298964,esc,a voyeur's waltz
8524,298965,esc,tense
8525,298966,esc,green x / red y
8526,299041,esc,unit 06
8527,298620,diary of dreams,the plague (vers.n4-4)
8528,375126,nocturne,secret garden
8529,375143,hanoi rocks,are you lonely tonight
8530,375117,mortiis,parasite god
8531,291470,kiss,take it off
8532,375115,michael monroe-js demos,lights out
8533,375118,"seraphim shock - halloween, sex n' vegas",09 - halloween girl
8534,375144,the hammerdowns,the vampire roadtrip
8535,375145,harry gregson-williams,logan through time
8536,375146,harry gregson-williams,special privileges
8537,375147,harry gregson-williams,wade goes to work
8538,375142,harry gregson-williams,kayla
8539,375148,harry gregson-williams,victor visits
8540,375149,harry gregson-williams,adamantium
8541,314197,every time i die,in the event that everything should go terribly wrong
8542,306880,harold budd,faraon
8543,306922,bruno sanfilippo,visualia iii
8544,298721,max corbacho & bruno sanfilippo,a lucid dream of strange landscapes
8545,299557,kent,lifesavers
8546,352391,susumu yokota,wani natte
8547,352447,susumu yokota,fukuro no yume
8548,306918,daisuke miyatani,hidamari
8549,306904,daisuke miyatani,iindayo
8550,267936,syclops,fairlight sunrise
8551,267944,gabriel ananda,süssholz (ben mono's low level mix)
8552,376373,homelife,big tree
8553,314259,ugly casanova,baby's clean conscience
8554,299717,dj distance,ska
8555,376460,tayo meets acid rockers uptown,dread cowboy
8556,299455,jazzanova,coffee talk
8557,307012,kerri chandler,bar a thym
8558,376438,jazzanova,introspection (calm's outerspect mix)
8559,283448,burial,unite
8560,275586,digital mystikz,i wait
8561,275622,kode9,magnetic city
8562,376277,force of nature,same ol' thing
8563,314827,tristeza,i am a cheetah
8564,299712,benga,loose synths
8565,299708,benga,pleasure
8566,307202,battles,tonto (album version)
8567,376354,doctor rockit feat. ovasoul 7,another fine day
8568,283734,faith and the muse,caesura
8569,299017,indica,valoissa
8570,299018,indica,täältä pois
8571,375565,crematory,tale
8572,298655,cathedral,tree of life & death
8573,267931,moshang,comfort zone
8574,267999,transient,my little kingdom
8575,267937,orchestra harlow,maria la o
8576,267939,[unknown],kto się zeni
8577,267940,orchestra harlow,solo tu
8578,267963,orchestra harlow,adiós mamá
8579,267957,apollo 440,charlie's angels 2000
8580,268012,orchestra harlow,mi guaguancó
8581,268011,orchestra harlow,chancletas
8582,267961,first june repression,a small blue world
8583,268013,orchestra harlow,el lorito y el carbón
8584,267943,orchestra harlow,la juventud
8585,267946,dizzy gillespie & lalo schifrin,fire dance
8586,267953,sidewinder,stanway's revenge
8587,267954,sevish,consciousness
8588,267955,groove armada,playing your game baby-barry w
8589,267956,tara fuki,poušť
8590,267958,10,polka folkisdead
8591,267988,15,joint venture in the village
8592,267973,groove armada,destination [beachtowel remix]
8593,267980,wagon christ,float
8594,267975,need for speed underground soundtrack,18. fc kahuna - glitterball
8595,268004,orchestra harlow,chez josé
8596,267962,dizzy gillespie & lalo schifrin,free ride
8597,267960,orchestra harlow,orchestra harlow
8598,267964,sham 69,unite and win
8599,267967,orchestra harlow,rica combinación
8600,267977,republika,noc wampira
8601,268010,fc kahuna,jolly music - k-fun
8602,267983,moshang,soli
8603,267989,tara fuki,cichy płacz
8604,267987,[unknown],do ciebie kasiuniu
8605,267990,st. germain,st germain - tourist - 01 - rose rouge
8606,267991,st. germain,st germain - tourist - 02 - montego bay spleen
8607,267992,st. germain,st germain - tourist - 05 - latin note
8608,268002,adrian sherwood,hari up hari
8609,268008,adrian sherwood,haunted by your love
8610,267996,lamb,trans fatty acid (kruder & dorfmeister mix)
8611,268001,westis,flying
8612,268007,moshang,and she swung
8613,268032,tara fuki,kapka
8614,268006,soffy o.,maybe a dog (einmusik remix)
8615,311050,cockney rejects,subculture
8616,268047,apteka,gdynia nocą
8617,268019,the modernist,mk spitz
8618,268020,rod modell,harmonics of ether
8619,268030,mix master mike,electrocute
8620,268025,tomasz bednarczyk,sad man on the train
8621,268026,autistici,from a false memory
8622,268028,the irresistible force,nepalese bliss (amon tobin remix)
8623,268033,jacaszek,taniec
8624,268034,jacaszek,rytm to nieśmiertelność ii
8625,268036,jimmy smith,blues for 3+1
8626,268037,jimmy smith,ode to billie joe
8627,268038,jimmy smith,ape woman
8628,268039,jimmy smith,funky broadway
8629,268040,jimmy smith,mellow mood
8630,268041,jimmy smith,one mint julep
8631,268042,jimmy smith,groove drops
8632,268050,the guess who,no sugar tonight / new mother nature
8633,268049,pete townshend,sea and sand
8634,268055,the guess who,of a dropping pin
8635,268100,the guess who,got to find another way
8636,268069,iron maiden,ned kelly
8637,268070,chad vangaalen,gubbish
8638,268095,chad vangaalen,after the afterlife
8639,268084,chad vangaalen,graduated assassin
8640,268098,roadkill,seen it for days
8641,268116,"yoshihiro sakaguchi, yoko shimomura, tetsuya nishimura",chun li
8642,268102,звуки му,шуба-дуба блюз
8643,268089,the nightwatchman,lazarus on down (feat. serj tankian)
8644,268118,звуки му,крым
8645,268119,звуки му,отвяжись
8646,268106,the guess who,pain train
8647,268094,elephant's memory,crossroads of the stepping stones
8648,375185,the who,cousin kevin model child
8649,268108,the who,little billy
8650,268111,the guess who,a wednesday in your garden
8651,268110,the guess who,lightfoot
8652,268109,burton cummings,stand tall
8653,268113,the who,success story
8654,268122,兵藤バンド,gymnasium
8655,268123,兵藤バンド,love dischord
8656,344857,安室奈美恵,four seasons
8657,306529,la renga,lo frágil de la locura
8658,306457,la renga,el cielo del desengaño
8659,306565,la renga,el terco
8660,306570,la renga,bien alto
8661,306572,la renga,el mambo de la botella
8662,345357,sex pistols,streets of london
8663,321700,de-phazz,good boy (album version)
8664,306997,kraze,the party
8665,306616,divididos,nene de antes
8666,306472,las pastillas del abuelo,enano
8667,306532,las pastillas del abuelo,viejo
8668,306552,las pastillas del abuelo,desde la postura
8669,336863,lou grant,don't stop the music
8670,306551,las pastillas del abuelo,locura y realidad
8671,314694,vivid,still
8672,337158,菅野よう子,cosmic dare (pretty with a pistol)
8673,306391,amanda marshall,i'll be okay
8674,306483,andrés calamaro,cuando te conocí
8675,299707,aaron spectre,half silver
8676,321647,folk & røvere,splitterpine
8677,376437,the cinematic orchestra,all that you give (herbert's raving dub)
8678,313885,infected mushroom,under the mushroom sun
8679,313883,infected mushroom,devil
8680,376064,astral projection,still dreaming
8681,313959,dom & roland,time frame
8682,311076,ltj bukem,rainfall
8683,307114,photek,mine to give
8684,315121,mornun,drifting alone
8685,311005,antidote,money
8686,283258,steriogram,go
8687,352549,metronomy,new toy
8688,344755,nick jago,speak easy love
8689,375455,ocean colour scene,the waves
8690,306587,deftones,please please give me what i want
8691,307248,the chemical brothers,vanilla sky
8692,283252,damien rice,toffee
8693,283821,heather nova,i'm the girl
8694,336834,pierrot,enemy
8695,336994,pierrot,genome control
8696,336913,plastic tree,puppet talk
8697,337228,schwarz stein,the alternation of generations -conception-
8698,380463,the meteors,insane
8699,284357,le grand guignol,cirqvs l.
8700,284358,le grand guignol,degenesis (amor & seuche)
8701,284359,le grand guignol,dimension: canvas
8702,284333,the vision bleak,the charm is done
8703,299318,skin,the trouble with me
8704,314901,björk,jóga (howie b)
8705,299747,dj distance,cella
8706,299716,benga,the future
8707,299711,benga,6306
8708,299713,benga,the real mccoy
8709,299714,benga,break it
8710,299715,benga,dreamgate
8711,299709,benga,the visitor
8712,376275,force of nature,magic hills
8713,376276,force of nature,static
8714,376278,force of nature,shore byrd
8715,352475,acid mothers temple & the melting paraiso u.f.o.,buy the moon of jupiter
8716,352554,acid mothers temple & the melting paraiso u.f.o.,i wanna be your bicicle saddle
8717,352617,acid mothers temple & the melting paraiso u.f.o.,interplanetary love
8718,375338,brian eno,dark waters
8719,367491,chicks on speed and the noheads,class war
8720,352445,冨田勲,gardens in the rain
8721,352479,冨田勲,arabesque no. 1
8722,352420,冨田勲,the girl with the flaxen hair
8723,352401,冨田勲,footprints in the snow
8724,306679,brian auger,faure's pavane op. 50
8725,352499,冨田勲,reverie
8726,291644,disney channel circle of stars,a dream is a wish your heart makes
8727,291518,girlschool,hit and run
8728,345056,high school musical cast,bet on it
8729,299370,soft machine,why am i so short?
8730,283901,noe venable,garden
8731,345173,vanessa hudgens,party on the moon
8732,376345,max tundra,lights
8733,291514,army of anyone,disappear
8734,291131,lindsay lohan,confessions of a broken heart (daughter to father)
8735,291145,leann rimes,and it feels like
8736,291078,chicane feat. tom jones,stoned in love (radio edit)
8737,291063,paffendorf,vogue
8738,344613,frisco,the summer is magic
8739,375534,third eye blind,graduate (remix)
8740,344593,nalin & kane vs. denis the menace,beachball (steve murano club mix)
8741,344659,the hughes corporation,what a feeling (luminate mix)
8742,291125,stephanie mcintosh,so do i say sorry first
8743,291100,stephanie mcintosh,wishin' & hopin'
8744,291175,enrique iglesias,don't turn off the lights
8745,307105,beatfreakz,somebody's watching me (hi_tack radio edit)
8746,344968,a*teens,our last summer
8747,375999,cher,love one another
8748,291114,leann rimes,headphones
8749,283877,faith and the muse,boudiccea
8750,314277,babes in toyland,he's my thing
8751,283716,faith and the muse,interlude: maleficio
8752,283720,switchblade symphony,clown (leæther strip mix)
8753,344721,sleeper,you got me
8754,314778,angelfish,the end
8755,299102,element of crime,the last dance
8756,299100,element of crime,she'll never die
8757,352298,the egyptian lover,girls
8758,311010,lower class brats,bite the bullet
8759,345394,buck 65,'86 jetta
8760,275619,munk,disco clown (digitalism remix)
8761,307025,in flagranti,just gazing
8762,307092,chanel,dance (carl ryden club mix)
8763,352189,phuture,phuture jacks
8764,299676,kromestar,surgery
8765,299677,cotti & cluekid,sensi dub
8766,380465,the meteors,when a stranger calls
8767,375713,massive attack,backward sucking [heat miser]
8768,275605,the supremes,the supremes - baby love
8769,275613,giovanni allevi,vento d'europa
8770,275601,vince guaraldi trio,christmas time is here (instrumental)
8771,275599,prozac+,un minuto per sempre
8772,376147,iggy pop/goran bregovic,in the deathcar
8773,275588,prozac+,gm
8774,275602,prozac+,ringraziati
8775,275593,tre allegri ragazzi morti,come ti chiami?
8776,344582,dj contacreast,melody from heaven
8777,275621,blues brothers,peter gunn
8778,344581,max b. grant meets joaqui,unbelievable (original mix)
8779,275596,modern jazz quartet and sonny rollins,no moe
8780,275614,modern jazz quartet and sonny rollins,newks fadeaway
8781,275626,rufus thomas,funky mississippi
8782,275589,[unknown],fever (peggy lee)
8783,275581,modern jazz quartet and sonny rollins,almost like being in love
8784,275585,fatboy slim vs gigi d'agostino,star 69 (prezioso remix)
8785,352300,boom bass & étienne de crécy,bit torrent
8786,275629,mr. oizo vs. daft punk,flat beat bootleg remix
8787,307008,mondotek,alive (ph electro remix)
8788,275587,thievery corporation,hooverphonic / this strange effect
8789,275628,marsin,shed
8790,275620,miles davis,birdland live_albwrap
8791,313888,bad company uk,sentient
8792,275608,"julien delfaud, alex gopher & étienne de crécy",fast track
8793,275631,frank sinatra,unforgettable
8794,275615,united future organization,stolen moments
8795,275630,the antiserum,top shottas
8796,275627,il genio,pop porno
8797,275623,mbz,darko dub
8798,275635,djunya,along the path
8799,299744,matty g,amen
8800,275633,faithless,music matters (feat. cass fox) (mark knight remix)
8801,275733,jc001,favourite breaks
8802,275652,jc001,sea of mc's
8803,275710,remo'conscious,the future is doomed
8804,275716,paul weller,bushed
8805,275684,jc001,virtual reality
8806,275743,morgan heritage,jah jah city
8807,275658,dread flimstone,state of emergency
8808,275670,dawn penn,"no, no, no (trojan mix)"
8809,275679,the heptones,which side are you
8810,275691,i roy,equality and justice
8811,275719,third world,prisoner in the street
8812,275667,third world,always around
8813,275660,carol thompson,prophecy
8814,275675,ini kamoze,trouble you a trouble me
8815,275703,dennis brown,hooligan
8816,275731,the chantelles,natty supper
8817,275669,ini kamoze,general
8818,275654,nucleus roots,militant dub
8819,275655,i kong,babylon
8820,275657,yazz,fine time (featuring colonel mite)
8821,275661,linval thompson,blood gonna run
8822,275662,third world,african woman
8823,275687,dennis brown,it's time to have fun
8824,275748,dennis brown,"woman, i tell you no lie"
8825,275671,dennis brown,i live just for you
8826,275756,dennis brown,weeping and moaning
8827,275680,gregory isaacs,no rushings
8828,275730,gregory isaacs,feeling irie
8829,275724,rootsy,give me the sensimenia
8830,275708,nucleus roots,dreda dub
8831,275674,nucleus roots,under de kitchen
8832,275698,third world,satta amasa gana
8833,275729,dub syndicate,wadada
8834,275673,alton ellis,no man is perfect
8835,275676,rootsy,i feel jah
8836,275677,rootsy,save us now
8837,275702,linton kwesi johnson,linton kwesi johnson - dread beat an
8838,275694,the clash,casbah
8839,275688,gregory isaacs,better plant some loving
8840,275689,linton kwesi johnson,song of blood
8841,275749,nucleus roots,deep roots
8842,275786,rootsy,gotta be me
8843,275706,rootsy,ghetto youth
8844,275700,dennis brown,you bring me joy
8845,275723,junior murvin,moses
8846,275744,nucleus roots,run come quick
8847,275746,rootsy,greedy
8848,275705,rootsy,love city
8849,275714,jc001,boxin da beat
8850,275753,headmix,lost and found dub
8851,275745,zion train,tune
8852,275750,ali & frazier,uptown top ranking
8853,275747,zion train,why should we have to fight
8854,275767,immortal technique feat. akir & diabolic,wax 42 freestyle
8855,275780,sabac red feat. jamal josep,revelation 2
8856,275802,ice-t,"shut up, be happy"
8857,275789,intricate minds,come on
8858,275790,intricate minds,the long run ft creep
8859,275791,intricate minds,devil next door
8860,275792,intricate minds,learn that
8861,275794,intricate minds,blue
8862,275795,intricate minds,we get up
8863,275798,intricate minds,wax caper
8864,275800,justice system,santana
8865,275836,mojahp,all over the world
8866,275818,public enemy,what you need is jesus
8867,275819,awol one & factor,sunrise sandwich
8868,275820,awol one & factor,one more time (feat. chaps & matre)
8869,275821,awol one & factor,old babies
8870,275822,awol one & factor,"digital angel feat. mascaria,"
8871,275823,insane clown posse,the sky is falling
8872,275825,awol one & factor,meat trunk
8873,275826,awol one & factor,sunday mourning
8874,275827,awol one & factor,alpha omegatron
8875,275829,awol one & factor,smokin coffee
8876,275833,sick since,fuck bush
8877,283426,demi lovato,la la land
8878,283424,plain white t's,sunlight
8879,291297,paw,jessie
8880,291298,paw,the bridge
8881,291412,paw,pansy
8882,298549,marillion,blind curve
8883,367474,carmen consoli,blunotte
8884,313972,murs,the scuffle
8885,298823,charlene soraia,daffodils
8886,283367,the coconutz,nothing compares 2 u
8887,299459,kumm,butterflies
8888,291414,four star mary,pain
8889,298804,garbage,enough is never enough
8890,283400,justin nozuka,after tonight
8891,336987,maurice ravel,habanera
8892,315080,brooklyn funk essentials,bop hop
8893,284159,wolfgang amadeus mozart,ii. andante
8894,352623,giacomo puccini,gianni schicchi
8895,329353,sara gazarek,blackbird / bye bye blackbird
8896,314956,antônio carlos jobim,antigua
8897,306950,shapeshifters,chime
8898,306898,the impressions,we're a winner
8899,329323,the elgins,darling baby
8900,284127,joni mitchell,this place
8901,329277,fatima spar und die freedom fries,zirzop
8902,284105,lizz wright,my heart
8903,284107,lizz wright,another angel
8904,284106,lizz wright,hey mann
8905,298756,garth brooks,rodeo
8906,283354,matt wertz,sweetness in starlight
8907,375242,air,playground lover
8908,283296,institute,mountains
8909,306611,pearl jam,worldwide suicide
8910,329356,junior kimbrough,you're gonna find your mistake
8911,298777,nigel kennedy,violin concerto in a-minor (1:
8912,299667,a whisper in the noise,"this time, it's"
8913,298557,gamma ray,as time goes by
8914,376340,il balletto di bronzo,neve calda
8915,311051,cockney rejects,headbanger
8916,376338,il balletto di bronzo,un posto
8917,291438,accept,save us
8918,291448,accept,do it
8919,291439,accept,thunder and lightning
8920,291432,accept,d-train
8921,291428,accept,x-t-c
8922,291433,accept,generation clash
8923,291429,accept,prisoner
8924,284058,twisted sister,i saw mommy kissing santa claus
8925,291462,accept,i wanna be no hero
8926,284073,twisted sister,silver bells
8927,284055,twisted sister,deck the halls
8928,291653,tiziano ferro,ciento once
8929,307287,björk,i miss you (original mix)
8930,344828,alexz johnson,temporary insanity
8931,307204,three dog night,easy to be hard
8932,352605,excepter,hallways
8933,352630,gang gang dance,passerby
8934,314819,rovo,horses
8935,299674,ghosts and vodka,nicholas prefers dinosaurs
8936,283371,the fold,gravity
8937,376199,east 17,hey child
8938,376124,east 17,steam
8939,307030,paul woolford,erotic discourse
8940,283924,tori amos,amazing grace / til the chicken
8941,283832,tori amos,bachelorette
8942,375219,firewater,some velvet morning
8943,299670,bark psychosis,absent friend
8944,352560,disco inferno,a whole wide world ahead
8945,352343,felt,free
8946,314548,fun lovin' criminals,we are all very worried about you
8947,376367,st. louis jimmy,goin' down slow
8948,376368,"arthur ""big boy"" crudup",that's all right mama
8949,299392,massacre,surfing
8950,367483,antony and the johnsons,find the rhythm of your love
8951,352304,goldfrapp,number 1 (alan braxe & fred falke club remix)
8952,352606,heiko laux,making it detroit
8953,314420,joy division,insight (genetic records session)
8954,344859,belanova,te quedas o te vas
8955,344858,belanova,what a shame
8956,299393,massacre,as is
8957,299060,front line assembly,transmitter
8958,307083,the youngsters,confidential music
8959,299499,yonderboi,ohne chanteuse
8960,299343,yonderboi,bodysurf
8961,299505,yonderboi,even if you are victorious
8962,291557,my chemical romance,blood (hidden track)
8963,367591,offlaga disco pax,kappler
8964,283264,the rocket summer,thats_so_
8965,283241,coldplay,under the tracks
8966,283312,garden state soundtrack,blue eyes
8967,283290,the myriad,nothing is safe
8968,283297,tom mcrae,sadly beautiful
8969,283242,kristian leontiou,sometimes i wonder
8970,283236,alex parks,wandering soul
8971,283273,inme,parting gift
8972,283235,lighthouse family,you and me forever
8973,283246,the beautiful south,manchester
8974,283266,shrek 2,butterfly
8975,283256,enrique iglesias,enrique iglesias - hero (original)
8976,283239,amy studt,just a little girl
8977,283237,lifehouse,along the way (bonus)
8978,283238,lighthouse family,raincloud
8979,283240,biffy clyro,my recovery injection (acoustic)
8980,283267,reel big fish,99 red balloons
8981,283243,mainstay,danger
8982,283244,teddy geiger,for you i will
8983,283251,mainstay,take away
8984,283250,mad'house,like a prayer (radio edit)
8985,283262,ella enchanted,walking on sunshine
8986,283255,shrek,i'm a believer
8987,283260,lostprophets,we are godzilla - you are japan
8988,283265,feeder,all by myself
8989,283269,the working title,the crash
8990,283270,the working title,never forever
8991,283277,guillemots,made up love song 45
8992,283279,aaron lewis of staind,nothing else matters (acoustic)
8993,283294,shannon noll,shine
8994,283284,beforu,rock the party
8995,283281,dave matthews band,walking in memphis
8996,283282,plain white t's,unconditional  love
8997,283293,nitin sawhney,eastern eyes
8998,283287,vertical horizon,forever
8999,283286,plain white t's,anything (acoustic)
9000,283291,vertical horizon,barely breathing (acoustic)
9001,283298,fuel,so far away
9002,283315,ross copperman,all she wrote
9003,283318,manic street preachers ft. nina persson (the cardigans),your love alone is not enough
9004,283319,enrique iglesias,do you know?
9005,283391,something corporate,something corporate - falling for you
9006,283322,ben harper,in your eyes (acoustic)
9007,283325,newton faulkner,teardrop (live)
9008,283326,jimmy eat world,are you listening
9009,283331,alkaline trio,private eye (acoustic)
9010,283332,biffy clyro,semi-mental / 4/15ths
9011,283335,acceptance,i miss you
9012,283339,vertical horizon,inside
9013,283336,vertical horizon,better when you're not there
9014,283337,vertical horizon,goodbye again
9015,283340,vertical horizon,underwater
9016,283338,vertical horizon,sunshine
9017,283341,air traffic,still in love
9018,283342,collective soul,spit me out
9019,283343,collective soul,heaven let your light shine down
9020,283346,closure,look out below
9021,283347,the format,i'm only sleeping
9022,283349,plain white t's,killing me softly
9023,283350,ross copperman,i don't wanna let you go
9024,283352,erik satie,third gymnopedie
9025,283353,for the living,best laid plans
9026,283355,tyler hilton,when the stars go blue
9027,283356,hilary duff,come clean (remix)
9028,283363,the click five,the reason why
9029,283361,quietdrive,handsome devil's benediction
9030,283358,just surrender,tell me everything
9031,283360,just surrender,sexyback
9032,283359,just surrender,your life and mine
9033,283369,ben taylor band,time of the season
9034,283364,the all-american rejects,night drive (acoustic)
9035,283365,jason mraz feat. james morrison,details in the fabric
9036,283366,philip glass,soundtrack-the truman show- it's a life
9037,283368,danny elfman,the little things
9038,283379,miley cyrus,simple song
9039,283380,my favorite highway,bigger than love
9040,283384,my favorite highway,how to call a bluff
9041,283382,cinematic sunrise,umbrellas and elephants
9042,283385,manchester orchestra,i can feel a hot one
9043,283387,manchester orchestra,slow to learn
9044,283386,manchester orchestra,i'd rather have
9045,283388,elliot minor,still figuring out
9046,283389,the red jumpsuit apparatus,angels cry
9047,283396,beth,dime
9048,283411,bbmak,out of my heart (into your head)
9049,283404,lillix,sweet temptation
9050,283408,donna summer,i will go with you
9051,283415,fightstar,the english way
9052,283427,luke pickett,blood money
9053,283428,luke pickett,cruel love
9054,283429,luke pickett,empty corridors
9055,283430,luke pickett,and asleep i am your everything
9056,283431,luke pickett,the casino brawl
9057,283433,death in december,lying awake (acoustic)
9058,283464,frittenbude,kommunizieren rmx
9059,283436,dj chuckie,blow up the speakers
9060,283450,makabu,a pot of hope
9061,283445,makabu,new single
9062,283439,makabu,cover me
9063,283442,makabu,blocparty
9064,283443,makabu,dancing on the moonlight base
9065,283444,makabu,kiss
9066,283446,makabu,pain
9067,283447,makabu,still standing
9068,283500,makabu,thoughts
9069,283481,makabu,better view
9070,283475,makabu,good to have a seat
9071,283452,makabu,reputation
9072,283468,makabu,now its up to you
9073,283466,bart b more,so it goes
9074,283456,nick pitera,a whole new world
9075,283461,tryo,cinq sens
9076,283462,tryo,j'ai trouvé des amis
9077,283465,trikot,drogenabhängig
9078,283470,yelle,à cause des garcons (tepr remix)
9079,283473,clueso,kein bock zu geh'n
9080,283474,evan olson,i can't forget
9081,283476,tizzmizzle,gotta get thru this (acoustic)
9082,283482,ashley parker angel,apology
9083,283498,the blackout argument,glassbead game
9084,283504,geht's noch?,girls
9085,283505,geht's noch?,call it love
9086,283501,family force 5,earthquake
9087,283502,lexy & k-paul,you're the one
9088,283506,creme de la creme,drei chinesen
9089,283513,bel canto,tierre obletz part iii (radio edit)
9090,283542,bel canto,keena maareeme (b-side)
9091,283543,bel canto,maaligaabidaa (b-side)
9092,283523,bel canto,tierre obletz part i
9093,283524,bel canto,tierre obletz part ii - jacob's lullaby
9094,283525,bel canto,tierre obletz part iii
9095,283699,bel canto,manupura
9096,283515,vanessa-mae,night flight
9097,283516,elusive,shadow dance
9098,283517,bay laurel,a misery song
9099,283518,zombina and the skeletones,can't break a dead girl's heart
9100,283519,elusive,asylum
9101,283520,magicka,los ojos del dragon
9102,283806,elusive,lonely satellite
9103,283604,bay laurel,where pain comes to die
9104,283801,bella morte,where shadows lie
9105,283541,magicka,silver serpent
9106,283804,elusive,tomorrow gone
9107,283802,elusive,last night
9108,283805,elusive,pantheon
9109,283666,elusive,system breakdown
9110,283803,elusive,the circle never ends
9111,283613,bel canto,nornagest
9112,283614,bel canto,hearts unite
9113,283526,sorten muld,bonden og elverpigen
9114,283527,sorten muld,venelite
9115,283528,sorten muld,harald kongen
9116,283529,sorten muld,jeg gik mig ud en sommerdag
9117,283530,sorten muld,havets farer
9118,283531,sorten muld,ravnen
9119,283533,sorten muld,som stjernerne på himlens blå
9120,283534,sorten muld,2 søstre
9121,283536,bay laurel,anxiety
9122,283537,bay laurel,at night
9123,283538,bay laurel,away
9124,283539,bay laurel,on the verge
9125,283540,magicka,vanity unfair
9126,283544,bel canto,dreaming girl (usa remix by bleep)
9127,283695,bel canto,white-out conditions demo (1986)
9128,283696,bel canto,baltic ice-breaker demo (1986)
9129,283697,bel canto,birds of passage (live)
9130,283626,bel canto,heaven (live)
9131,283847,bel canto,"shimmering, warm & bright (alien nation remix)"
9132,283627,bel canto,rumour (b&b remix)
9133,283698,bel canto,agnus dei
9134,283595,heidi marie vestrheim,favourite song
9135,283691,tegan and sara,one month
9136,283547,natacha atlas,ashwa
9137,283550,bay laurel,outside these walls
9138,283781,tori amos,toast album
9139,283553,tori amos,january
9140,283557,faith and the muse,the chorus of the furies
9141,283558,natacha atlas,adam's lullaby
9142,283559,natacha atlas,eye of the duck
9143,283561,natacha atlas,07 layali
9144,283562,natacha atlas,08 simple heart
9145,283563,natacha atlas,daymalhum
9146,283564,natacha atlas,who's my baby
9147,283565,natacha atlas,le printemps
9148,283634,natacha atlas,like the last drop
9149,283567,alanis morissette,spineless
9150,283568,enya,triad: st patrick
9151,283679,loreena mckennitt,planxty sweeny
9152,283571,loreena mckennitt,mist of avalon
9153,283714,love spirals downwards,depression glass
9154,283631,love spirals downwards,sunset bell
9155,283708,love spirals downwards,tear love from my mind
9156,283733,loreena mckennitt,the dark night
9157,283572,tegan and sara,infamous
9158,283575,gåte,inga litimor
9159,283576,gåte,jygri
9160,283954,gåte,springleik
9161,283955,gåte,stengd dør
9162,283794,tori amos,summertime
9163,283582,the ghost of lemora,beauty can't die
9164,283584,the ghost of lemora,kissing the plague
9165,283586,the ghost of lemora,red wine cigarette
9166,283607,the ghost of lemora,this pale swan
9167,283591,gåte,fredlysning
9168,283605,bay laurel,pale colours
9169,283606,bay laurel,slow demise
9170,283612,bay laurel,strive
9171,283592,alanis morissette,u r
9172,283593,heidi marie vestrheim,your voice
9173,283594,heidi marie vestrheim,desert song
9174,283596,heidi marie vestrheim,i believe
9175,283597,heidi marie vestrheim,movies
9176,283599,heidi marie vestrheim,perfect
9177,283600,heidi marie vestrheim,rainbow valley
9178,283601,heidi marie vestrheim,rings
9179,283723,heidi marie vestrheim,sirens
9180,283724,heidi marie vestrheim,time
9181,283603,emil.rulez!,hello.tourist!
9182,283659,gåte,du som er ung
9183,283660,gåte,jomfruva ingebjørg
9184,283661,gåte,sjåaren
9185,283635,gåte,rike rodenigår
9186,283662,gåte,ola i
9187,283663,gåte,kjærleik
9188,283664,gåte,gjendines bånsull
9189,283608,tori amos,baltimore
9190,283609,tori amos,a happy day
9191,283610,tori amos,walking with you
9192,283692,tori amos,icicles
9193,283694,tori amos,voodoo
9194,283624,tori amos,love song (cure)
9195,283706,ani difranco,the diner
9196,283887,chorus,å jul med din glede
9197,283636,oslo domkor,sæle jolekveld
9198,283615,christmas songs,away in a manger
9199,283616,royal liverpool philharmonic choir,as joseph was a-walking
9200,283617,royal liverpool philharmonic choir,buenos reyes
9201,283618,royal liverpool philharmonic choir,cradle song
9202,283619,royal liverpool philharmonic choir,dance little goatling
9203,283620,royal liverpool philharmonic choir,deck the hall with boughs of holly
9204,283621,royal liverpool philharmonic choir,ding dong merrily on high
9205,283622,royal liverpool philharmonic choir,hop-hop-hop
9206,283623,royal liverpool philharmonic choir,i saw a maiden
9207,283889,royal liverpool philharmonic choir,in the bleak midwinter
9208,283890,royal liverpool philharmonic choir,little one sleep
9209,283891,royal liverpool philharmonic choir,little robin redbreast
9210,283892,royal liverpool philharmonic choir,o come all ye faithful
9211,283893,royal liverpool philharmonic choir,o little one sweet
9212,283894,royal liverpool philharmonic choir,silent night
9213,283735,bertine zetlitz,colour me
9214,283811,bel canto,beyond the within
9215,283823,bertine zetlitz,in my mind
9216,283815,bertine zetlitz,morbid latenight show
9217,283812,bertine zetlitz,pop goes the weasel
9218,283632,sissy wish,noise in the cup
9219,283736,sissy wish,dictaphone
9220,283737,sissy wish,doubledip atari
9221,283738,sissy wish,the six feet tall (bonus track)
9222,283637,god's bow,my fault
9223,283638,god's bow,"epilogue i,ii"
9224,283640,god's bow,twilight
9225,283641,god's bow,i'm going there
9226,283642,god's bow,s.e.t.i.
9227,283643,god's bow,cleopatra
9228,283644,god's bow,shrink
9229,283645,god's bow,land of happiness
9230,283646,god's bow,intro
9231,283647,zekra,ana shayfa
9232,283649,asala,ya magnon
9233,283814,bertine zetlitz,butcher's son
9234,283813,bertine zetlitz,little rosie
9235,283704,splashdown,beguiled mark ii
9236,283700,splashdown,ironspy
9237,283701,splashdown,sugar high
9238,283702,splashdown,halfworld
9239,283703,splashdown,over the wall
9240,283657,splashdown,running with scissors
9241,283665,lisa ekdahl,inte kan ödet vara så hårt
9242,283726,lisa ekdahl,jag tror han är en ängel
9243,283727,lisa ekdahl,en sten i mitt hjärta
9244,283728,lisa ekdahl,skäl att vara motvalls
9245,283731,lisa ekdahl,hösten
9246,283849,lisa ekdahl,att älska är större
9247,283667,velvet belly,undertow
9248,283668,velvet belly,loneliness - her word
9249,283669,velvet belly,wide open spaces
9250,283670,velvet belly,tree at my window
9251,283671,velvet belly,so close
9252,283672,velvet belly,tip toe
9253,283673,velvet belly,planted
9254,283674,velvet belly,my new house
9255,283675,velvet belly,untold
9256,283676,velvet belly,redefined
9257,283677,velvet belly,easy
9258,283707,madonna,where do we go from here
9259,315094,transglobal underground,isis k
9260,315089,transglobal underground,sentinel
9261,315103,transglobal underground,take the 'a' tram
9262,283686,mortiis,wordless
9263,283688,mortiis,(passing by) an old and raped village
9264,283689,mortiis,spirit of conquest / the warfare
9265,283719,bel canto,unicorn (a cappella)
9266,283799,édith piaf,les feuilles mortes [live]
9267,283870,bel canto,becoming more like god
9268,283871,bel canto,har du enn din barnetro
9269,283782,white willow,chemical sunset
9270,283741,hungry lucy,in the circle (d-koy mix)
9271,283742,hungry lucy,in the circle (neikka rpm mix)
9272,283743,hungry lucy,telltale shot (seize mix)
9273,283757,eisley,mr. pine
9274,283752,ani difranco,everest
9275,283753,ani difranco,know now then
9276,283754,ani difranco,trickle down
9277,283758,gianna nannini,america
9278,283759,michelle cross,sushi queen
9279,283760,michelle cross,cinderella
9280,283761,michelle cross,primitive
9281,283762,michelle cross,men in blue
9282,283763,michelle cross,cold light
9283,283764,michelle cross,fast in love
9284,283765,michelle cross,her lovely name
9285,283766,michelle cross,river of seine
9286,283767,natacha atlas,shubra
9287,283768,zombina and the skeletones,nobody likes you (alternate mi
9288,283769,zombina and the skeletones,leave my brain alone
9289,283770,zombina and the skeletones,christina
9290,283771,zombina and the skeletones,the count of five
9291,283772,zombina and the skeletones,transylvanian xmas
9292,283773,zombina and the skeletones,frankenlady
9293,283774,zombina and the skeletones,silver bullet
9294,283775,zombina and the skeletones,let's get familiar
9295,283776,kate bush,running up the hill
9296,283786,natacha atlas,rah
9297,283858,natacha atlas,something dangerous
9298,283792,t´pau,china in your hand
9299,283793,andrew lloyd webber,phantom of the opera
9300,283798,tori amos,god bless the child (04/01/05)
9301,283933,shagma,les mondes engloutis
9302,283816,heather nova,sugar
9303,283818,heather nova,walking higher
9304,283819,heather nova,light years
9305,283829,blood ruby,babel babel
9306,283830,blood ruby,bone garden
9307,283831,blood ruby,some winters
9308,283878,blood ruby,the edge of the map
9309,283879,blood ruby,the night tide
9310,283880,blood ruby,the waiting hours
9311,283833,cats,memories
9312,283835,happy rhodes,he will come
9313,283836,happy rhodes,the flight
9314,283838,happy rhodes,save our souls
9315,283839,happy rhodes,closer
9316,283840,happy rhodes,temporary and eternal
9317,283842,happy rhodes,play the game
9318,283843,happy rhodes,mother sea
9319,283846,happy rhodes,i say
9320,283848,lisa ekdahl,nästa dag
9321,283862,tori amos,bliss (remixed version)
9322,283864,tori amos,concertina (single remix version)
9323,283865,tori amos,doughnut song (remixed version)
9324,283903,noe venable,riverwide
9325,283900,noe venable,tower
9326,283888,oslo gospel choir,en stjerne skinner i natt
9327,283897,bertine zetlitz,for fun
9328,283904,heidi marie vestrheim,tunnels
9329,283905,heidi marie vestrheim,ken's pets
9330,283906,heidi marie vestrheim,central line
9331,283907,heidi marie vestrheim,romance
9332,283908,heidi marie vestrheim,holy water
9333,283909,heidi marie vestrheim,beautiful houses
9334,283910,heidi marie vestrheim,kick box
9335,283911,heidi marie vestrheim,into space
9336,283912,heidi marie vestrheim,virtuality
9337,283913,heidi marie vestrheim,the moon
9338,283914,beth orton,heartlandtruckstop
9339,283918,rockettothesky,they are bastards! (we are better!)
9340,283926,sofia talvik,the monkey
9341,283935,sofia talvik,i won the first prize tonight
9342,283934,sofia talvik,wish
9343,283941,joe cocker,"up where we belong (love theme from ""an officer and a gentleman"")"
9344,283937,tori amos,yo george (isabel)
9345,283938,tori amos,mr. bad man (isabel)
9346,283942,alan menken,out there
9347,283943,sofia talvik,blue moon
9348,283944,sofia talvik,stop
9349,283947,sofia talvik,cars
9350,283948,sofia talvik,when winter comes
9351,283949,sofia talvik,borderlines
9352,283950,sofia talvik,odyssey
9353,283959,ani difranco,carry you around
9354,283962,sofia talvik,will you call me when you're sober
9355,284257,john williams,the knight bus
9356,284040,the dubliners,maids when you are young (neve
9357,283965,maud lindström,efter natten
9358,283967,the sugarcubes,leash called love (tony humphries mix)
9359,283968,the sugarcubes,motorcrash (justin robertson mix)
9360,283971,the sugarcubes,water (bryan 'chuck' new mix)
9361,283981,elusive,another day
9362,283982,elusive,the ghost of you
9363,283983,elusive,the road (it goes on)
9364,283984,elusive,dream on sister
9365,283987,elusive,into your arms
9366,283986,elusive,i feel you
9367,283985,elusive,dream on sister (single version)
9368,283988,embee normann,fight for your country
9369,283989,embee normann,as a child
9370,283990,embee normann,wild horses
9371,283991,embee normann,easy to love
9372,283992,embee normann,night is gold
9373,283993,embee normann,stormy weather
9374,283994,embee normann,three birds
9375,283995,embee normann,lost sapphire
9376,283996,embee normann,dead country
9377,283997,embee normann,one minute prayer
9378,284026,john rutter,"requiem for chorus & orchestra: ""requiem aeternam"""
9379,284028,john rutter,"magnificat for soprano, chorus & orchestra"
9380,284027,royal concertgebouw orchestra / mariss jansons,"symphony fantastique, op.14 i: rêveries - passions"
9381,283998,john rutter,gloria for chorus & brass ensemble
9382,283999,john rutter,o clap your hands for chorus & orchestra
9383,284000,john rutter,all things bright and beautiful for chorus & orchestra
9384,284001,john rutter,the lord is my shepherd from requiem
9385,284002,john rutter,a gaelic blessing for chorus & orchestra
9386,284003,john rutter,for the beauty of the earth for chorus & orchestra
9387,284004,john rutter,praise ye the lord for chorus & orchestra
9388,284005,john rutter,"god be in my head, for chorus"
9389,284006,john rutter,open thou mine eyes
9390,284007,john rutter,a prayer of st patrick
9391,284052,royal concertgebouw orchestra / mariss jansons,"symphony fantastique, op.14 v: songe d'une nuit de sabbat"
9392,284053,the singers unlimited,silent night
9393,284010,madonna,vogue [live]
9394,284011,madonna,lament [from evita][live]
9395,284012,madonna,music [live]
9396,284013,madonna,holiday [live]
9397,284014,my dying bride,your river [live][*]
9398,284015,happy rhodes,little brother
9399,284016,happy rhodes,find me
9400,284017,happy rhodes,she won't go
9401,284018,happy rhodes,here and hereafter
9402,284019,happy rhodes,charlie
9403,284020,happy rhodes,can't let go
9404,284021,happy rhodes,queen
9405,284022,happy rhodes,treehouse
9406,284023,happy rhodes,chosen one
9407,284024,happy rhodes,fall
9408,284025,happy rhodes,one and many
9409,284029,john eliot gardiner,requiem
9410,284030,john eliot gardiner,kyrie
9411,284031,john eliot gardiner,dies irae
9412,284032,john eliot gardiner,tuba mirum
9413,284033,john eliot gardiner,rex tremendae
9414,284034,john eliot gardiner,recordare
9415,284035,john eliot gardiner,confutatis
9416,284036,john eliot gardiner,lacrimosa
9417,284038,john eliot gardiner,hostias
9418,284039,françois-adrien boïeldieu,concerto for harp and orchestra in c - allegro brillante
9419,284044,judy garland,that's entertainment
9420,284045,judy garland,the man that got away
9421,284047,jane horrocks,i wanna be loved by you
9422,284049,judy garland,come rain or come shine
9423,284050,jane horrocks,get happy
9424,284051,modan garu,foxhunting for the future
9425,284054,twisted sister,"let it snow, let it snow, let it snow"
9426,284057,twisted sister,i'll be home for christmas
9427,284059,peter phillips; tallis scholars,angelus ad virginem
9428,284060,peter phillips; tallis scholars,nowell sing we
9429,284061,peter phillips; tallis scholars,there is no rose
9430,284062,peter phillips; tallis scholars,nowell: dieu vous garde
9431,284063,peter phillips; tallis scholars,lullaby: i saw
9432,284064,peter phillips; tallis scholars,"lully, lulla, thou little tiny child"
9433,284065,peter phillips; tallis scholars,lullaby
9434,284066,peter phillips; tallis scholars,ave maria: for four voices
9435,284067,peter phillips; tallis scholars,beata es virgo/ave maria for seven voices
9436,284068,peter phillips; tallis scholars,ave maria: for double choir
9437,284074,carly simon,alone
9438,284075,carly simon,one more time
9439,284085,carly simon,the best thing
9440,284086,carly simon,just a sinner
9441,284087,carly simon,"dan, my fling"
9442,284088,carly simon,another door
9443,284089,carly simon,reunions
9444,284090,carly simon,rolling down the hills
9445,284076,"king's college choir, cambridge","up! good christian folk, and listen"
9446,284077,"king's college choir, cambridge",on christmas night
9447,284079,"king's college choir, cambridge",o little town of bethlehem
9448,284080,"king's college choir, cambridge",silent night
9449,284081,"king's college choir, cambridge",the first nowell
9450,284082,"king's college choir, cambridge",hark! the herald angels sing
9451,284083,"king's college choir, cambridge",away in a manger
9452,284091,carly simon,the love's still growing
9453,284093,mariah carey,hark! the herald angels sing / gloria (in excelsis deo)
9454,284223,king's college choir/robin barter,once in a royal david's city
9455,284226,john bowen/king's college choir,in the bleak midwinter
9456,284224,christopher hughes/jonathan lamb/king's college choir/roland robertson/simon haynes,the holly and the ivy
9457,284227,john bowen/king's college choir,i saw three ships
9458,284096,soggy bottom boys feat. dan tyminski [with band],i am a man of constant sorrow
9459,284098,raga rockers,trass
9460,284099,raga rockers,falsk
9461,284101,raga rockers,positiv
9462,284102,raga rockers,varulv
9463,284115,raga rockers,jungelens lov
9464,284116,raga rockers,viking
9465,284117,raga rockers,stille høyde
9466,284118,raga rockers,nærmere deg
9467,284141,raga rockers,übermensch
9468,284109,lizz wright,leave me standing alone
9469,284108,lizz wright,when i fall
9470,284113,lizz wright,thank you
9471,284123,lizz wright,strange
9472,284120,lizz wright,chasing strange
9473,284152,nora brockstedt,voi voi
9474,284136,dollie de luxe,lenge leve livet
9475,284137,bendik singers,"å, for et spill"
9476,284153,björn skifs,"härligt, härligt, men farligt, farligt"
9477,284150,elisabeth andreassen,danse mot vår
9478,284133,herreys,diggelo diggeley
9479,284135,jan eggum,en natt forbi
9480,284151,nanna,buster
9481,284128,joni mitchell,hana
9482,284134,inger lise rypdal,vi to er ikke romeo og julie
9483,284138,jahn teigen & anita skorgan,adieu
9484,284140,helen sjöholm,gabriella's song
9485,284231,[anonymous],"montpellier codex: quant se depart / onques ne sai amer / docebit omnem, mo 131"
9486,284155,wolfgang amadeus mozart,"horn concerto in e-flat, kv 495: i. allegro moderato"
9487,284156,wolfgang amadeus mozart,ii. adagio
9488,284161,wolfgang amadeus mozart,violin concerto no. 5 in a major kv. 219: i. allegro aperto
9489,284170,johann sebastian bach,"sonate en ré majeur, bwv 1028: iv.allegro"
9490,284182,johann sebastian bach,"suite en ré majeur, bwv.1068  iii.gavottes i & ii"
9491,284183,johann sebastian bach,"suite n° 6 en ré majeur, bwv 1012: gigue"
9492,284184,johann sebastian bach,"concerto pour violon en mi majeur, bwv 1042: i. allegro"
9493,284185,johann sebastian bach,"concerto pour violon en mi majeur, bwv 1042: ii. adagio"
9494,284186,johann sebastian bach,"concerto pour violon en mi majeur, bwv 1042: iii. allegro assai"
9495,284171,mamma mia!,the name of the game
9496,284172,mamma mia!,voulez-vous
9497,284173,mamma mia!,does your mother know?
9498,284174,mamma mia!,the winner takes it all
9499,284175,ruben eliassen & bente rannveig hansen,in too deep
9500,284176,lianne hall,telephone in a foreign city
9501,284177,lianne hall,scissors
9502,284178,lianne hall,learning curves
9503,284179,lianne hall,cry wolf
9504,284180,the real group,god only knows
9505,284277,glen hansard,falling slowly
9506,284278,glen hansard,when your minds made up
9507,284181,the real group,så skimrande var aldrig havet
9508,284192,octavia sperati,the final rest
9509,284193,octavia sperati,deprivation
9510,284194,octavia sperati,provenance of hate
9511,284195,octavia sperati,dead end poem
9512,284198,lianne hall,trouble
9513,284199,lianne hall,spirits
9514,284200,lianne hall,peace
9515,284201,lianne hall,chain smoking
9516,284202,lianne hall,running out
9517,284203,lianne hall,want you alive
9518,284204,lianne hall,come save me
9519,284205,lianne hall,tether
9520,284206,lianne hall,fireworks
9521,284207,lianne hall,alright
9522,284258,lianne hall,owe you
9523,284208,reba mcentire,"mary, did you know"
9524,284229,wolfgang amadeus mozart,accompagnato: temerari! sortite!
9525,284217,valkyrien allstars,alli meir
9526,284218,valkyrien allstars,spelemannen
9527,284219,valkyrien allstars,eg vil ha deg
9528,284220,valkyrien allstars,trumpen hass trond/kolibri i motvind
9529,284221,valkyrien allstars,reven
9530,284222,valkyrien allstars,ekstra
9531,284233,knut anders sørum & homofonien,"mary, did you know"
9532,284228,valkyrien allstars,kåfjell
9533,284230,joachim nielsen,for pen
9534,284240,kari rueslåtten,skogens kjole
9535,284241,kari rueslåtten,agatha
9536,284243,kari rueslåtten,vintersol
9537,284244,kari rueslåtten,jeg kommer inn
9538,284245,kari rueslåtten,hør min sang
9539,284246,kari rueslåtten,som av meg
9540,284247,kari rueslåtten,nordnatt
9541,284250,transjoik,vuelkedh
9542,284251,transjoik,mere dil de ander tu
9543,284252,transjoik,bewafá
9544,284253,transjoik,dil mera
9545,284254,transjoik,aag ishq ne laye
9546,284255,transjoik,maeh nena de
9547,284249,bel canto,flowerbeds
9548,284263,mari boine,boaðan nuppi bealde (i come from the other side)
9549,284264,mari boine,sáráhka viina (sáráhka's wine)
9550,284265,mari boine,guovssahasaid ájagáttis (by the source of aurora b)
9551,284266,mari boine,sielu dálkkas (soul medicine)
9552,284267,mari boine,mu váibmu vádjul doppe (hymn)
9553,284268,mari boine,liegga gokčas sis' (in a blanket of warmth)
9554,284269,mari boine,it dieðe (you never know)
9555,284270,mari boine,duottar rássi (tundra flower)
9556,284271,mari boine,silba várjala (let silver protect)
9557,284272,mari boine,bottoža dáhtun (give me a break)
9558,284280,draconian,forever my queen
9559,284297,mechanical poet,bogie in a coal-hole
9560,284296,mechanical poet,hermetical orchard
9561,284366,catamenia,gallery of fear
9562,284281,sycronomica,preludium ii
9563,284284,sycronomica,in the distance
9564,284286,sycronomica,to the rivers end
9565,284287,sycronomica,farewell olden world
9566,284288,sycronomica,unleashed from ancient chains
9567,284289,sycronomica,nachtwanderung
9568,284290,sycronomica,the nightly forces
9569,284292,wolfchant,the path
9570,284293,wolfchant,midnight gathering
9571,284394,wolfsangel,njord
9572,299876,runic,...when the demons ride
9573,284363,runic,to the fallen ones
9574,284298,illnath,clockwork of time
9575,284365,illnath,pieta
9576,284364,illnath,virgin soil
9577,284334,apocryphal,heart beat in my breast
9578,284335,apocryphal,acid rains
9579,284336,apocryphal,hear my call
9580,284301,john murphy,theme 7
9581,284302,john murphy,don abandons alice
9582,284303,john murphy,london deserted
9583,284304,john murphy,go go go!
9584,284305,john murphy,theme 2
9585,284307,john murphy,night watch
9586,284308,john murphy,code red
9587,284309,john murphy,going home
9588,284310,the vision bleak,amala & kamala
9589,284311,the vision bleak,she-wolf
9590,284312,the vision bleak,the demon of the mire
9591,284313,the vision bleak,"the black pharaoh trilogy, introduction"
9592,284314,the vision bleak,"the black pharaoh trilogy, part i: the shining trapezohedron"
9593,284315,the vision bleak,"the black pharaoh trilogy, part ii: the vault of nephren-ka"
9594,284316,the vision bleak,the eldrich beguilement
9595,284317,the vision bleak,evil is of old date
9596,284318,the vision bleak,by our brotherhood with seth
9597,284330,the vision bleak,dreams in the witch-house
9598,284319,enthroned,ingressus regnum spiritus
9599,284320,enthroned,pray
9600,284321,enthroned,tellum scorpionis
9601,284322,enthroned,deviant nerve angelus
9602,284323,enthroned,the burning dawn
9603,284324,enthroned,through the cortex
9604,284325,enthroned,the seven ensigns of creation
9605,284326,enthroned,nox
9606,284327,enthroned,antares
9607,284349,gotherfall,...and the widow cries in secrecy
9608,284351,gotherfall,erthe: battlefield of the gods
9609,284352,gotherfall,skyzofleshist plastic world
9610,284353,gotherfall,prophylaxis in extremis
9611,284354,gotherfall,where angels lie
9612,284337,gevaudan,the anti-art...a fortunate unfortunate
9613,284339,gevaudan,heathen blood
9614,284338,gevaudan,mistress...secrecy and perseverance
9615,284341,gevaudan,a gathering of desolates
9616,284342,gevaudan,autumn conquest
9617,284343,gevaudan,forgotten gates
9618,284344,gevaudan,rise
9619,284345,gevaudan,vanity killer
9620,284346,gevaudan,path of the damned
9621,284355,gevaudan,night-time driving (the lost art of sadness)
9622,284356,hopelessness,loving nothingness
9623,284360,le grand guignol,"i, who brought forth myself"
9624,284361,le grand guignol,alsuntia
9625,284362,le grand guignol,lucilinburhuc
9626,284393,wolfsangel,barditus
9627,284395,wolfsangel,ice
9628,284398,wolfsangel,wolfsangel
9629,284399,wolfsangel,lady of darkness
9630,284400,crematory,kein liebeslied
9631,284369,catamenia,i wanna be somebody (w.a.s.p. cover)
9632,284370,riul doamnei,rev. 9:01
9633,284371,riul doamnei,nebula
9634,284372,riul doamnei,forgiveness asleep at the tyra
9635,284373,riul doamnei,hypostasis of the archons
9636,284374,riul doamnei,siege dawn to the pillars of h
9637,284375,riul doamnei,legacy in violation
9638,284376,riul doamnei,haeretica (18th march 1314)
9639,284377,riul doamnei,thy name is legion
9640,284378,riul doamnei,sindon consecration sophistica
9641,284381,ashram,5 steps...
9642,284382,ashram,"sweet autumn, part ii"
9643,284383,ashram,lullaby
9644,284384,ashram,il mostro
9645,284385,ashram,all'imbrunire
9646,284386,ashram,last kiss
9647,284387,ashram,elizabeth
9648,284388,ashram,for each and every child
9649,284389,ashram,tango para mi padre y marialuna
9650,284390,ashram,lady
9651,284392,paul houseman,buckling the swash
9652,284391,paul houseman,sail to the battle 2.0
9653,284401,black cat,bye bye ex-boyfriend
9654,284404,dark funeral,satanic blood (von cover)
9655,284408,dreamscapes of the perverse,rise of self
9656,284409,dreamscapes of the perverse,in anguised verse
9657,284407,dreamscapes of the perverse,word of malice
9658,284410,dreamscapes of the perverse,whilst eternity burns
9659,284411,dreamscapes of the perverse,the sickness dominion
9660,284412,dreamscapes of the perverse,revelations
9661,284413,dreamscapes of the perverse,gignesthai
9662,284406,dreamscapes of the perverse,decathect
9663,355840,thrushes,into the woods
9664,291705,kudai,llévame (acústico)
9665,291697,kudai,quiero mis quince
9666,344886,belanova,fragilidad
9667,344965,miley cyrus,this is the life
9668,299319,king missile,happy note
9669,285155,king missile,the little sandwich that got a guilt complex because he was the sole survivor of a horrible bus crash
9670,375135,anúna,suantrai
9671,345358,pop will eat itself,there is no love between us anymore
9672,314490,b.b. king,help the poor
9673,314435,the marcels,heartaches
9674,375764,сигнал,да те жадувам
9675,375839,фамилия тоника,"здравей, как си приятелю"
9676,375756,атлас,кукла
9677,375788,сигнал,може би
9678,375878,d_2,сто години
9679,375804,мастило,мойте кафеви очи
9680,376049,frankie miller,jealousy
9681,291444,accept,teach us to survive
9682,291445,accept,living for tonite
9683,285977,boh foi toch,woarumme zo'j dat toch doon - live
9684,285808,john hiatt,our time
9685,285809,john hiatt,two hearts
9686,375176,john hiatt,find you at last
9687,306412,dashboard confessional,she talks to angels
9688,344683,limp bizkit,wish you were here
9689,314524,a,i love lake tahoe
9690,379633,alton ellis,rise and fall
9691,286151,dashboard confessional,hands down (feat. micheal stipe)
9692,298694,komputer,the world of tomorrow
9693,286509,evil nine,crooked__original mix
9694,299303,delerium,inner sanctum (feat. kirsty hawkshaw)
9695,352397,dk7,three souls
9696,299607,ampop,a sad seventeen
9697,286803,depeche mode,love will leave (electric zoom mix)
9698,367508,björk,oceania (piano & vocal)
9699,286875,archer prewitt,over the line
9700,314824,jimmy chamberlin complex,loki cat
9701,311088,the skids,masquerade
9702,287301,marah,wild west love song
9703,306731,marillion,cover my eyes (pain and heaven)
9704,306724,marillion,white russian
9705,306721,marillion,hotel hobbies
9706,306722,marillion,going under
9707,306723,marillion,just for the record
9708,375469,kashmir,diana ross
9709,306619,the cult,coming down
9710,299386,robert wyatt,heaps of sheeps
9711,299387,robert wyatt,the duchess
9712,299412,robert wyatt,was a friend
9713,299382,robert wyatt,alien
9714,299383,robert wyatt,out of season
9715,291243,lita ford,larger than life
9716,288437,entropik,still life on the other side
9717,288444,crisopa,un santa claus a las 6
9718,329174,mehdi,eastern sunset
9719,288412,ceox,by the lake
9720,288414,brokenkites,first stage prototype
9721,288415,brokenkites,escape velocity
9722,288407,krill.minima,die reflexion des projektors auf der leinwand
9723,288408,krill.minima,zwischen zwei und einer sekunde
9724,288409,amethystium,lost
9725,288422,northcape,shikanzen to kyoto
9726,288425,sen045,lyftkran
9727,288419,hvoya,as i do
9728,288420,john malsch,karma chameleon
9729,288417,tilman,takton funk
9730,288418,corrientes,words mean nothing  - corrientes & dj crimson death
9731,288416,phillip wilkerson,145 w broadway
9732,288430,pilot of the future,loadscreen
9733,288427,pilot of the future,thalamus
9734,288431,pilot of the future,the last people to leave earth
9735,288432,pilot of the future,autoload error
9736,288429,pilot of the future,isometriks
9737,288426,john malsch,karma chameleon (alternative version)
9738,288435,herrera,2-4-3
9739,288436,phillip wilkerson,on the french riveria
9740,288438,kevoz,lakefront
9741,288439,kevoz,sailing hearts
9742,288440,kevoz,electric waves
9743,288441,kevoz,new cool
9744,288442,kevoz,my little angel (the happy song)
9745,288443,crisopa,tetris triste
9746,288445,antonio tobajas,fur ludwig
9747,288446,globus,orchard of mines single - radio edit
9748,288447,globus,preliator
9749,291522,kitaro,dance of sarasvati
9750,344860,belanova,miedo
9751,375646,republica,bloke
9752,306759,toto,how does it feel
9753,376395,dj shadow,dolphins were monkeys (unkle remix)
9754,344597,nightcore,dam dadi doo
9755,329253,helt off,det brinner i paris
9756,314612,"ewan mcgregor, jose feliciano, & jacek koman",el tango de roxanne
9757,291569,escape the fate,friends and alibis
9758,291204,cascada,everytime we touch (radio edit)
9759,375516,umbrellas,set the scene
9760,314188,umbrellas,emergency
9761,290893,cheb mami,rim lachoua
9762,290905,the mountain goats,(we are still) against pollution
9763,375323,mahogany,"red marrow, his sorrow"
9764,291045,phish,the squirming coil
9765,291040,phish,montana
9766,376372,tj rehmi,durga puja
9767,290924,dave pike,sandunga
9768,290937,the bats,dancing as the boat goes down
9769,290892,vincent gallo,a somewhere place
9770,290910,cursor miner,never been seen
9771,290938,moloko,indigo (12 step mix)
9772,290896,leigh nash,all along the wall (styrofoam remix)
9773,290934,leigh nash,my idea of heaven (radio mix)
9774,329186,darien brockington,can we fall in love again
9775,352654,isolée,logiciel
9776,352443,carl craig,one day soon
9777,290918,coco electrik,tainted love
9778,290914,edson frederico,tava mas não tava
9779,306377,jack's mannequin,holiday from real (live from sir)
9780,375350,the paradise motel,drive
9781,290915,international observer,vale
9782,315013,karsh kale,drive
9783,290933,kate miller-heidke,little water song (nick cave and the bad seeds)
9784,290891,the propositions,bad seed
9785,290925,toenut,giant steps
9786,290909,reversal of man,the set up
9787,352370,yasushi ide,plein soleil (maw mix)
9788,290930,keith jarrett,piece for ornette (long version)
9789,290911,herbie hancock,lil' brother
9790,290897,marvin gaye,"when did you stop loving me, when did i stop loving you (instrumental)"
9791,290895,bering strait,tell me tonight
9792,290916,the grassy knoll,all things considered
9793,290922,piers faccini,if i
9794,315065,鼓童,strobe's nanafushi (satori mix)
9795,290901,"paco de lucía, al di meola, john mclaughlin",le monastère dans les montagnes
9796,290890,frank sinatra,maybe you'll be there
9797,290939,underworld,to heal (and restore broken bodies)
9798,290935,damien rice & the cheshire project,making noise
9799,290913,melpo mene,society
9800,290920,augustana,dust
9801,290931,dj kid cut up & common,universal mind control
9802,290902,al brown,love & happiness
9803,290900,wilco,one wing
9804,290917,nathan larson,aviva pastoral
9805,375548,augustana,where love went wrong
9806,290899,theophilus london,always love u
9807,311034,roni size,trip hop drum'n bass
9808,290944,matmatah,derrière ton dos
9809,290947,bauchklang,warp
9810,291025,bauchklang,paleo
9811,290976,le peuple de l'herbe,parkside souvenirs
9812,290948,le peuple de l'herbe,thc t'aime
9813,290949,le peuple de l'herbe,1 rythme 2 chiens
9814,290950,le peuple de l'herbe,triple zero +
9815,291041,bauchklang,don't step
9816,291046,bauchklang,good you do
9817,290977,le peuple de l'herbe,escape dub
9818,290955,le peuple de l'herbe,lion youth
9819,290960,le peuple de l'herbe,"baise-moi, le son"
9820,290953,bauchklang,intro
9821,290952,bauchklang,navigator
9822,291011,bauchklang,cypress trees (vocalremix)
9823,291043,bauchklang,barking news
9824,290954,bauchklang,many people
9825,291030,bauchklang,fancy dress
9826,290971,bauchklang,rhythm of time
9827,345397,le peuple de l'herbe,raggamatik
9828,290972,bauchklang,record
9829,291015,le peuple de l'herbe,transmissions
9830,290978,le peuple de l'herbe,maison en dur
9831,291012,le peuple de l'herbe,no more rock'n'roll
9832,290958,le peuple de l'herbe,delice (live)
9833,290959,le peuple de l'herbe,intro
9834,290975,le peuple de l'herbe,blunted
9835,291044,bauchklang,sorry for delay
9836,290961,bauchklang,12/8
9837,291031,bauchklang,radio
9838,290981,bajofondo,campo (feat. mi corazon)
9839,290963,bauchklang,every day
9840,291048,groove armada,all of me (lovebox session)
9841,291014,le peuple de l'herbe,romantic-no escape
9842,291010,bauchklang,another view
9843,290974,sérgio mendes & brasil '77,zanzibar
9844,290983,bajofondo,av. de mayo
9845,290979,bajofondo,vacio
9846,314864,dimitri from paris,toujours l'amore
9847,290986,bruno e,dado
9848,290992,sprite & salieri,predictive representation in time domain
9849,290994,uptight people,the maybe tomorrow dub
9850,290997,scratch massive,seeing is believing
9851,290999,baaba maal,i will follow you (souka nayo)
9852,298828,rockers hi-fi,transmission central
9853,291002,scissor sisters,filthy / gorgeous (extended mix)
9854,291016,le peuple de l'herbe,dawg beat
9855,291028,moloko,indigo (robbie rivera's dark mix)
9856,291049,macadamia,on a sky rocket to china
9857,291057,cher,the sun ain't gonna shine anymore
9858,291066,magic artists,everytime we touch 2007
9859,291058,special d.,you
9860,291087,jordin sparks,tattoo (future presidents remix)
9861,291110,sara varga,born to fly (dance remix)
9862,291094,madonna,jump (confessions remix)
9863,291092,deja vu,when you say nothing at all (feat. tasmin)
9864,291126,girls aloud,call the shots (tony lamezma club mix)
9865,291085,sugababes,denial (radio edit)
9866,291107,emma bunton,downtown (bimbo jones element airplay edit)
9867,291163,savage garden,affirmation (radio edit)
9868,291062,belle lawrence,bad day (almighty radio edit)
9869,291074,girls aloud,love machine (demo)
9870,291064,janet jackson,together again (radio edit)
9871,291112,anastacia,left outside alone (jason nevins mix show)
9872,291146,mr. g,naughty girl (radio edit)
9873,291117,basshunter feat. dj mental theos bazzheadz,now you're gone
9874,291090,tila tequila,paralyze
9875,291067,keira green,all out of love
9876,291073,mobin master,show me love (safari remix) (feat. karina chavez)
9877,291108,kate ryan,ella elle l'a (club remix short)
9878,291077,dj sammy,why (styles & breeze remix)
9879,291129,mariah carey & westlife,against all odds (take a look at me now)
9880,291070,dolly parton,downtown
9881,291109,infernal,self control (ultimately exclusive edit)
9882,291133,girls aloud,love machine (tony lamezma mix)
9883,291119,dannii minogue,all i wanna do (xenomania dream house mix)
9884,291071,girls aloud,biology (benitez beats)
9885,291093,infernal,loved like a maniac
9886,291201,the veronicas,all i have
9887,291150,tiffany,forever young
9888,291137,diva djs vs. nikki french,total eclipse of the heart
9889,291122,topmodelz,when you're looking like that
9890,291102,girls aloud,teenage dirtbag (live at carling academy)
9891,291096,girls aloud,life got cold (stella browne edit)
9892,291103,girls aloud,i think we're alone now (tony lamezma baubletastic remix)
9893,291084,girls aloud,i'll stand by you (radio)
9894,291111,girls aloud,je ne parle pas francais (can't speak french)
9895,291219,angel city,sunrise (yanou's sunset remix)
9896,291075,girls aloud,no good advice (doublefunk vocal mix)
9897,291123,kim wilde,you keep me hangin' on (feat. nena)
9898,345185,the veronicas,this is how it feels
9899,291149,david guetta feat. tara mcdonald,delirious
9900,291089,eurobandio,this is my life
9901,291079,widelife,all things (just keep getting better) (feat. simone denny)
9902,291106,solasso vs. bananarama,really saying something (hardino remix)
9903,291097,george michael,wake me up before you go-go [wham]
9904,291091,girls aloud,life got cold (29 palms remix edit)
9905,291101,girls aloud,stay another day
9906,291104,andrew spencer,zombie
9907,291142,girls aloud,long hot summer (tony lamezma mix)
9908,291120,vanessa amorosi,perfect
9909,291121,mr. g,naughty girl (jessica's addiction
9910,291124,aly & aj,potential breakup song (instrumental)
9911,291130,bananarama,last thing on my mind
9912,291158,rogue traders,what you're on
9913,291127,baywatch,i'll be ready (baywatch)
9914,291139,nightfall,heaven is a place on earth (feat. josephine)
9915,291140,lush life,heaven is a place on earth
9916,291160,steps,one for sorrow (sleazesisters anthem edit)
9917,291217,uniting nations,do it yourself (go out and get it)
9918,291183,savage garden,truly madly deeply (karaoke version)
9919,291134,toy-box,the sailor song
9920,291136,moonchild,time after time
9921,291143,vanessa amorosi,absolutely everybody (radio version)
9922,291138,bardot,a.s.a.p.
9923,291161,will.i.am feat. cheryl crow,heartbreaker
9924,291141,kim wilde,kids in america (feat. charlotte hatherley)
9925,291188,dj sammy & yanou,heaven (yanou's candlelight mix)
9926,291144,kate alexa,teardrops
9927,291148,dj sammy,sunlight (bossa nova vibes)
9928,291181,tamia,careless whisper
9929,291152,bardot,poison
9930,291154,holly valance,desire
9931,291151,girls aloud,some kind of beautiful stranger (feat. madonna)
9932,291156,bardot,i need somebody
9933,291157,bardot,these days
9934,291168,girls aloud,on my way to satifaction
9935,291159,rogue traders,in love again
9936,291179,girls aloud,you gonna be my love machine (feat. jet)
9937,291164,rihanna,take a bow (groove junkies moho dub)
9938,291166,basshunter,jingle bells (bass)
9939,291167,basshunter,i miss you
9940,291171,basshunter,all i ever wanted (fonzerelli edit)
9941,291178,basshunter,now you're gone (fonzerelli edit)
9942,291173,p!nk,who knew (128 bpm)
9943,291213,steps,last thing on my mind (radio edit)
9944,291172,jordin sparks,tattoo (jason nevins radio edit)
9945,291174,justin timberlake,what goes around (junkie xl small room edit) - (3:5)
9946,291191,regurgitator,polyester girl
9947,291190,cosmo4,peek-a-boo
9948,291193,john travolta,grease lightnin'
9949,291198,bomfunk mc's,freestyler (radio edit)
9950,291203,uniting nations,you & me (stevie b remix)
9951,291205,kylie minogue,wow (poppy radio edit)
9952,291209,natalie bassingthwaighte,alive
9953,291210,young divas,show works hard for the money
9954,291216,girls aloud,it's magic
9955,291222,the saturdays,up (riffs & rays radio edit)
9956,291232,dokken,puppet on a string
9957,291371,fastway,if you could see
9958,291223,name of the game,the crystal method
9959,291224,slaughter,she wants more
9960,291225,fastway,heft
9961,291226,lynyrd skynyrd,lynyrd skynyrd - tuesday's gone
9962,291315,ace frehley,rip it out
9963,291227,pat benatar,sometimes the good guys finish first
9964,291229,sammy hagar,the message
9965,291373,four star mary,dilate
9966,291245,sammy hagar,shaka doobie (the limit)
9967,291249,vince neil,you're invited (but your friend can't come)
9968,291248,dio\halford\tate\dokken,we are stars
9969,291316,"evelyn ""champagne"" king",give it up - evelyn king
9970,291244,sammy hagar,mas tequila
9971,291236,slaughter,mad about you
9972,291402,stone temple pilots,all in the suit that you wear
9973,291237,anthrax,poison my eyes (1993 bonus track)
9974,291239,blue man group (feat. gavin rossdale),the current
9975,291242,bif naked,hold on
9976,291247,hammerbox,simple passing
9977,291313,darling violetta,spoiled & rotten
9978,291333,four star mary,she knows
9979,291240,fastway,stand up
9980,291251,ted nugent,dog eat dog
9981,291254,mötley crüe,treat me like the dog i am
9982,291256,mötley crüe,dragstrip superstar
9983,291257,mötley crüe,1st band on the moon
9984,291258,mötley crüe,she needs rock 'n' roll
9985,291259,mötley crüe,punched in the teeth by love
9986,291260,mötley crüe,hollywood ending
9987,291262,mötley crüe,porno star
9988,291505,mötley crüe,white punks on dope
9989,291264,goodness,these days
9990,291265,goodness,sister twin
9991,291266,goodness,sex and rebellion
9992,291267,goodness,boy glory
9993,291268,goodness,the waiting game
9994,291269,goodness,disco 77
9995,291270,goodness,the river
9996,291271,goodness,fall away
9997,291272,goodness,one room
9998,291273,goodness,catching fireflies
9999,291274,hammerbox,hole
10000,291275,hammerbox,hed
10001,291276,hammerbox,no
10002,291277,hammerbox,blur
10003,291278,hammerbox,outside
10004,291279,hammerbox,when 3 is 2
10005,291280,hammerbox,trip
10006,291281,hammerbox,attack of the slime creatures
10007,291282,hammerbox,god
10008,291327,hammerbox,sleep
10009,291328,hammerbox,anywhere but here
10010,291283,goodness,superwise
10011,291302,goodness,wicked eye
10012,291319,goodness,for lovers' sake
10013,291285,goodness,goodbye
10014,291286,goodness,runaround
10015,291320,goodness,labor day
10016,291321,goodness,eveready
10017,291322,goodness,viva le high
10018,291469,goodness,p.r.
10019,291311,goodness,lost
10020,291303,goodness,anthem
10021,291437,goodness,queen gasoline
10022,291377,hammerbox,we
10023,291507,marry me jane,twentyone
10024,291305,goodness,bitter man
10025,291306,goodness,i'd rather
10026,291307,goodness,walkaway
10027,291308,goodness,night & day
10028,291309,goodness,hiccup
10029,291310,goodness,turn the world around
10030,291312,goodness,our last goodbye
10031,291471,goodness,ashes
10032,291416,goodness,cozy
10033,291317,goodness,"electricity, electricity"
10034,314247,the cast of buffy the vampire slayer,the parking ticket
10035,291329,sprung monkey,believe
10036,291330,pretty maids,yellow rain
10037,291324,rubyhorse,fell on bad days
10038,291382,fozzy,the mob rules
10039,291458,fozzy,big city nights
10040,291331,fozzy,l.o.v.e. machine
10041,291375,fozzy,with the fire
10042,291400,the beautiful mistake,a safe place
10043,291341,tryanglz,burnin' in the third degree
10044,291332,diamond head,out of phase
10045,291335,sammy hagar,serious juju
10046,291336,stone temple pilots,sex and violence
10047,291337,mötley crüe,flush
10048,291344,slaughter,fly to the angels
10049,291345,backyard babies,mommy's little monster
10050,291347,saxon,midas touch
10051,291357,diamond head,shoot out the lights
10052,291380,dokken,so many tears
10053,291476,mötley crüe,get it for free
10054,291385,菅野よう子,rise
10055,291392,sammy hagar,fast times at ridgemont high
10056,291397,anthrax,metal thrashing mad (live)
10057,291493,everclear,she's so high
10058,291492,paloalto,catalan
10059,291450,dokken,mr. scary
10060,291421,accept,love child
10061,291424,accept,sodom and gomorra
10062,291435,accept,mistreated
10063,291427,accept,stand 4 what u r
10064,291430,accept,love sensation
10065,291431,accept,chain reaction
10066,291434,accept,turn the wheel
10067,291436,accept,break the ice
10068,291456,accept,crossroads
10069,291446,accept,bulletproof
10070,291460,accept,no time to lose
10071,291463,accept,the king
10072,291488,accept,objection overruled
10073,291489,accept,protectors of terror
10074,291447,accept,"sick, dirty and mean"
10075,291466,ratt,lovin' you's a dirty job
10076,291467,joe walsh,in the city
10077,291477,machinae supremacy,fighters from ninne
10078,291501,diamond head,this planet and me
10079,291517,warlock,burning the witches
10080,291521,william orbit,the last lagoon
10081,291563,my chemical romance and the used,under pressure live
10082,291531,the living end,tabloid magazine
10083,291539,escape the fate,the day i left the womb
10084,291535,my chemical romance,helena (sessions@aol)
10085,291549,pete murray,lines
10086,291526,carlos santana,just feel better
10087,291532,the used,maybe memories (live)
10088,291536,good charlotte,face the strange
10089,291559,escape the fate,i can swing a mic
10090,291537,the red jumpsuit apparatus,face down (album version)
10091,291555,nine days,"story of a girl (featuring blink 182, matchbox 20, third eye blind)"
10092,291540,the used,on my own (live)
10093,291543,joey moe,my last serenade
10094,291551,fast crew,i got
10095,345332,jessica mauboy,running back (feat. flo rida)
10096,291573,άννα βίσση,everything (greece)
10097,291575,έλενα παπαρίζου,02 somebody's burning
10098,291580,dani,te doy mi voz (spain)
10099,291597,kudai,03 - llévame
10100,291628,diego gonzález,solo existes tú
10101,291606,antique,follow me
10102,291586,the cheetah girls,strut
10103,291584,belinda,why wait
10104,291585,елена ристеска,ninanajna (f.y.r. macedonia)
10105,291587,the cheetah girls,amigas cheetahs
10106,291588,nicole,tal vez me estoy enamorando
10107,291698,rbd,nuestro amor
10108,291590,ryan and sharpay,bop to the top
10109,291591,miley cyrus,pumpin' up the party
10110,291613,hannah montana,this is the life
10111,291631,tiziano ferro,despidiendoteahogo
10112,291604,andré,without your love (armenia)
10113,291599,anžej dežan,mr nobody (slovenia)
10114,291600,ashley tisdale,he said she said (redtop edit)
10115,291665,britney spears,satisfaction - oops!... i did it again (live mtv vma's 2000)
10116,291666,britney spears,i'm a slave 4 u (live mtv vma's 2001)
10117,291675,daniela aleuy,el juego del amor
10118,291719,nickelodeon,clarissa explains it all theme
10119,291638,έλενα παπαρίζου,o.k (english version)
10120,291667,diego gonzález,más
10121,291649,helena paparizou v/s sakis rouvas,my number one v/s shake it
10122,291598,antonio josé,te traigo flores
10123,291601,belinda,boba niña nice (teenage superstar)
10124,291602,belinda,vivir (any better)
10125,291607,antique,(i would) die for you (greek version)
10126,291616,έλενα παπαρίζου,01 jingle bell rock
10127,291640,έλενα παπαρίζου,03 we wish you a merry christmas
10128,291610,jp,nos libramos (breaking free)
10129,291611,chenoa,donde estés
10130,291615,belinda,dance with me
10131,291693,diego gonzález,responde
10132,291617,dj méndez,carnaval
10133,291618,rbd,algún día
10134,291629,"ewan mcgregor, jose feliciano",el tango de roxanne
10135,291623,britney spears,toxic (karaoke)
10136,291620,שירי מימון,ahava ktana
10137,291625,έλενα παπαρίζου,can't help falling in love (live)
10138,291633,tiziano ferro,el miedo que...
10139,291635,dani,te doy mi voz (spain) (karaoke version)
10140,291636,t.a.t.u.,ya soshla s uma (all the things she said russian version)
10141,291713,tiziano ferro,quien no tiene talento enseña
10142,291642,nicole,viaje infinito
10143,291696,έλενα παπαρίζου,let's get wild
10144,291650,έλενα παπαρίζου,my number one (live eurovision song contest 2005 final)
10145,291651,έλενα παπαρίζου,typseis (you set my heart on fire)
10146,291656,erwin beekveld,they're taking the hobbits to isengard
10147,291658,γιώργος τσαλίκης,agapi axaristi
10148,291717,дима билан,see what i see
10149,291670,hilary duff,hey now!
10150,291671,kelly key,cachorrinho
10151,291674,rebeca,i love you mi vida
10152,291676,daniela castillo,tu volverás
10153,291703,έλενα παπαρίζου,04 mambo (flip and fill remix)
10154,291680,ashley tisdale,headstrong
10155,291681,rbd,una canción (versión estudio)
10156,291682,έλενα παπαρίζου,proteraiotita
10157,291684,rbd,celestial
10158,291688,drake bell,found a way (acoustic)
10159,291694,sophie,extra cute (malta)
10160,291699,rbd,otro día que va
10161,291702,έλενα παπαρίζου,01 my number one (john harris radio mix)
10162,291706,thor!,een tocht door het donker
10163,314589,santana,i'm feeling you
10164,291715,rbd,mexico mexico
10165,291721,brian kennedy,every song is a cry for love (ireland)
10166,291723,rbd,bésame sin miedo
10167,291724,ashley tisdale,unlove you
10168,291726,ashley tisdale,love me for me
10169,344837,cheyenne kimball,one original thing
10170,344850,lulú jam,chocolate bom
10171,345012,high school musical cast,what time is it
10172,345223,miley cyrus,clear
10173,344962,miley cyrus,if we were a movie
10174,344883,the cheetah girls,it's over
10175,345053,high school musical cast,fabulous
10176,345029,miley cyrus,rock star
10177,344963,miley cyrus,i got nerve
10178,345031,miley cyrus,bigger than us
10179,339713,iced earth,invasion
10180,339716,iced earth,execution
10181,298585,skyclad,kiss my sweet brass
10182,298592,skyclad,vintage whine
10183,313882,pendulum,intro
10184,306975,jody wisternoff,starstrings (vocal version)
10185,352297,thomas bangalter & dj falcon,together
10186,352591,alan braxe,vertigo (thomas bangalter virgo mix)
10187,352579,john lord fonda,so far away (alan braxe remix)
10188,306948,dj t.,freemind
10189,314809,scheer,wish you were dead
10190,352324,felt,the stagnant pool
10191,352390,liliput,ü
10192,352564,kitchens of distinction,mainly mornings (live)
10193,314900,the milestone corporation,steven
10194,329279,jan rohrweg,closing and opening again: dreamland of love
10195,329261,jan rohrweg,elegy of a tree
10196,306378,shana vanguarde,gimme! gimme! gimme! (midnight mix)
10197,344486,clawfinger,biggest and the best
10198,352365,panda bear,untitled #1
10199,299882,necrophagia,cannibal holocaust
10200,306460,la renga,motoralmaisangre
10201,298976,agnostic front,time will come
10202,352354,primal scream,shoot speed / kill light
10203,344779,vietnam,gabe
10204,352593,hair police,untitled
10205,299671,ampop,3 hours of daylight
10206,298819,bethany curve,troly
10207,344765,spindrift,want me
10208,299168,the lollipop shoppe,you must be a witch
10209,344826,wooden shjips,blue sky bends
10210,344802,spindrift,goin' down
10211,299026,steven wilson,twilight coda
10212,299027,steven wilson,get all you deserve
10213,299028,steven wilson,insurgentes
10214,299031,steven wilson,collecting space
10215,352415,theoretical girls,computer dating
10216,352367,brian eno,brutal ardour
10217,352134,windy & carl,set adrift
10218,315105,bran van 3000,montréal
10219,307068,märtini brös.,flash
10220,306372,throwing muses,mercury
10221,306781,toto,if you belong to me
10222,299293,paul oakenfold,no compromise
10223,314182,kevin devine,like cursing kids
10224,375329,stillgazer,truth or lies
10225,306739,toto,i will remember
10226,375636,2 unlimited,no one
10227,314229,gin blossoms,whitewash (live)
10228,314502,red hot chili peppers,green heaven (demo)
10229,314368,khoiba,mellowdrama
10230,298751,pillow fight club,nova
10231,345165,vanessa hudgens,last night
10232,298551,ludwig van beethoven,"symphony no.5 in c minor, op.67 - i: allegro con brio"
10233,298550,ludwig van beethoven,"symphony no. 5 in c minor, op. 67: 2. andante con moto"
10234,314714,ludwig van beethoven,"symphony no.5 in c minor, op.67: iii. allegro"
10235,298572,frédéric chopin,"etude in c minor op. 10/12 ""revolution"""
10236,298573,frédéric chopin,"prelude op. 28/15 in d flat major ""raindrop"""
10237,298574,frédéric chopin,"waltz op. 18/1 in e flat major ""grande valse brillante"""
10238,298651,ihsahn,scarab
10239,298652,ihsahn,unhealer
10240,298650,ihsahn,malediction
10241,298653,ihsahn,emancipation
10242,375438,skyclad,another fine mess
10243,314712,ludwig van beethoven,"symphony no. 4 in b-flat major, op.60: i. adagio - allegro vivace"
10244,314713,ludwig van beethoven,"symphony no. 4 in b flat major, op.60: ii. adagio"
10245,314681,ludwig van beethoven,"symphony no. 9 in d minor, op.125: ii. molto vivace"
10246,298583,the bloody irish boys,the highlander's farewell
10247,352349,the byrds,she has a way
10248,298576,frédéric chopin,nocturne op. 15/2 in f sharp major
10249,298597,carlos gardel,melodia de arrabal
10250,298547,king diamond,two little girls
10251,298548,king diamond,behind these walls
10252,298571,frédéric chopin,"walzer cis-moll op. 64, no.2"
10253,298563,frédéric chopin,"mazurka d-dur, op. 33 nr. 2"
10254,298564,frédéric chopin,"mazurek cis-moll, op. 41 no. 4"
10255,298566,frédéric chopin,"scherzo b-moll, op. 31"
10256,298569,frédéric chopin,"etüde ges-dur, op. 10 nr. 5"
10257,298567,frédéric chopin,"nokturn fis-dur, op. 15 no. 2"
10258,298568,frédéric chopin,"impromptu fis-dur, op. 36"
10259,298565,frédéric chopin,polonaise as-dur op. 53
10260,298562,frédéric chopin,"mazurki h-moll, op. 33 nr. 4"
10261,298561,frédéric chopin,"fantasie-impromptu, op. 66"
10262,298580,the pogues,small hours
10263,298588,александр порфирьевич бородин,polovtsian dances (prince igor)
10264,298589,wolfgang amadeus mozart,soave sia il vento (così fan tutte)
10265,298591,johann strauss i,on the beautiful blue danube
10266,298593,andré rieu,the second waltz
10267,298596,jag panzer,take this pain away
10268,298598,the tolkien ensemble,the bath song
10269,298599,the tolkien ensemble,song in the woods
10270,298600,the tolkien ensemble,elven hymn to elbereth gilthoniel (i)
10271,298601,the tolkien ensemble,tom bombadil's song (iii)
10272,298603,the tolkien ensemble,the old walking song (i)
10273,298604,the tolkien ensemble,verse of the rings
10274,298605,the tolkien ensemble,the old walking song (ii)
10275,298606,the tolkien ensemble,a walking song (i)
10276,298607,the tolkien ensemble,a drinking song
10277,298609,the tolkien ensemble,tom bombadil's song (i)
10278,298612,the tolkien ensemble,ho! tom bombadil (ii)
10279,298610,the tolkien ensemble,the riddle of strider (i)
10280,298608,the tolkien ensemble,farewell song of merry and pippin
10281,298615,voltaire,god thinks
10282,298616,voltaire,the man upstairs
10283,298619,seraphim shock,welcome to heaven
10284,298672,peccatum,veils of blue
10285,298663,ulver,solitute
10286,298664,ulver,funebrae
10287,298625,danse macabre,sacred
10288,298641,danse macabre,orchid
10289,298628,danse macabre,danse macabre
10290,298629,danse macabre,oblivion
10291,298630,danse macabre,burning hills
10292,298675,danse macabre,grief
10293,298644,danse macabre,south of eden
10294,298645,danse macabre,cypress tree
10295,298646,dance macabre,thick as thieves
10296,298676,danse macabre,bed of roses
10297,298649,danse macabre,trojan horse
10298,298631,marillion,dry land
10299,298632,malice in wonderland,lucifers town
10300,298633,malice in wonderland,devildance
10301,298634,malice in wonderland,my heart (belongs to you)
10302,298635,malice in wonderland,perfect drug
10303,298636,malice in wonderland,in the end
10304,298648,new order,bizarre love triangle (album version)
10305,298654,bal-sagoth,the dark liege of chaos is unleashed at the ensorcelled s
10306,298660,audrey gallagher/john o'callaghan,big sky [agnelli & nelson remix]
10307,298657,bal-sagoth,the scourge of the four
10308,298666,peccatum,one play. no script.
10309,298667,peccatum,murder
10310,298682,cherryvata,z. h.
10311,298683,two french notes,the quest
10312,298690,two french notes,are you ok
10313,298705,two french notes,i do
10314,298706,two french notes,la course de chameau
10315,298693,two french notes,le systeme metrique
10316,298707,two french notes,something relieving
10317,298711,two french notes,up the hill
10318,298692,sonny clark,ain't no use
10319,298699,duke ellington & ella fitzgerald,"take the ""a"" train"
10320,298702,louis armstrong,my heart
10321,298726,iron & wine,gray stables (lp version)
10322,298749,two french notes,arythmie (the peasant)
10323,298733,jane monheit,tea for two
10324,298739,jack white,sittin' on top of the world
10325,298740,the derek trucks band,crow jane
10326,298755,reverend horton heat,lie detector
10327,298757,garth brooks,shameless
10328,298765,alcatraz,having my baby
10329,376512,rickie lee jones,my one and only love
10330,375274,john baker,structures
10331,352662,isolée,keep on dancin'
10332,306886,roy budd,hallucinations
10333,299367,soft machine,hope for happiness
10334,299368,soft machine,hope for happiness (reprise)
10335,344953,倖田來未,love goes like...
10336,298801,tsutchie,pretending to...
10337,298842,aim,before… (vocal)
10338,298814,嶺川貴子,fantastic cat
10339,298803,vector lovers,to the stars...
10340,298810,mint royale,rest your head
10341,298843,mint royale,world
10342,298807,pat metheny group,follow me
10343,298809,nine inch nails,meet your master (instrumental)
10344,298820,vector lovers,melodies and memory
10345,298822,ratatat,despot freestyle
10346,314244,starrfadu,let it out
10347,298835,vector lovers,piano dust
10348,298829,nujabes,kujaku (transcendence)
10349,298830,nujabes,1st.samurai
10350,298833,tsutchie,yet? why not?
10351,298840,nujabes,decade (interlude)
10352,298839,nujabes,tsuragi no mai
10353,344795,neil young,comin' apart at every nail
10354,298837,force of nature,the stroll
10355,298838,force of nature,mist
10356,298844,bear mccreary,allegro
10357,298853,:wumpscut:,wir warten
10358,298877,acumen nation,hatchet harry
10359,298878,acumen nation,elective surgical strike
10360,298879,acumen nation,sirvix
10361,298867,acumen nation,200 bodies per minute
10362,298856,subkulture,erasus
10363,298857,sybreed,permafrost
10364,298868,acumen nation,caustic perimeter
10365,298869,acumen nation,no arms no legs
10366,298914,acumen nation,p.o.d.o.a.
10367,298915,acumen nation,message from the grave
10368,298870,acumen nation,the paralysis is real
10369,298861,jack wall,the presidium
10370,298871,acumen nation,heavens to murgatroid
10371,298872,acumen nation,remasculated
10372,298873,acumen nation,the downshined
10373,298874,acumen nation,spill throat
10374,298875,acumen nation,metard
10375,298876,acumen nation,bandroid
10376,298881,kmfdm,tohuvabohu (ms-20 mix)
10377,298882,kmfdm,looking for strange (super strange mix)
10378,298893,kmfdm,superpower (buttfunk mix)
10379,298894,kmfdm,saft und kraft (saft und crack mix)
10380,298883,five pointe o,double x minus
10381,298884,five pointe o,king of the hill
10382,298885,five pointe o,art of cope
10383,298886,five pointe o,purity o1
10384,298887,five pointe o,freedom?
10385,298888,five pointe o,sympathetic climate control
10386,298889,five pointe o,untitled
10387,298890,five pointe o,syndrome down
10388,298891,five pointe o,breathe machine
10389,298892,five pointe o,the infinity
10390,298912,avoid,intro
10391,298909,avoid,камни
10392,298910,avoid,the death among us
10393,298913,septic flesh,anubis
10394,298919,hocico,ruptura
10395,298945,george s. clinton,a taste of things to come
10396,298946,type o negative,blood & fire (out of the ashes mix)
10397,298948,mindless self indulgence,straight to video (assemblage 23 mix)
10398,298950,filter,the wake
10399,298951,filter,cold (anthem for the damned)
10400,298953,mooncake,"more oxygen, i said..."
10401,298954,mooncake,mooncake
10402,298959,mooncake,l5
10403,298960,mooncake,short stories of methuselah tree
10404,298961,bt & nick phoenix,iron fisted mutha
10405,298968,sick of it all,injustice system
10406,298969,killing time,telltale
10407,298972,nine inch nails,my violent heart: pirate robot midget
10408,298973,nine inch nails,capital g: epworth phones
10409,298974,nine inch nails,vessel: bill laswell
10410,298977,agnostic front,growing concern
10411,298978,agnostic front,out for blood
10412,298979,agnostic front,toxic shock
10413,298980,agnostic front,shoot his load
10414,298981,aarktica,elena
10415,298982,kataklysm,chains of power
10416,299000,spineshank,beginning of the end
10417,299012,(həd) p.e.,the truth
10418,299020,endanger,fool
10419,299019,endanger,mittendrin
10420,299023,agonoize,schaufensterpuppenarsch (harder)
10421,299024,agonoize,a cut inside my soul (ezionoga remix)
10422,299034,:wumpscut:,herzlich willkommen
10423,299039,ministry,gangreen
10424,299049,bloodbath,devouring the feeble
10425,299050,bloodbath,earthrot
10426,299054,:wumpscut:,the boo
10427,299056,:wumpscut:,cut to see how much i bleed
10428,299057,:wumpscut:,pooch
10429,299061,zeromancer,sinners international
10430,299062,zeromancer,doppelgänger i love you
10431,299063,zeromancer,my little tragedy
10432,299059,zeromancer,ammonite
10433,299064,project pitchfork,feel! (album version)
10434,299067,project pitchfork,i live your dream (gary numan remix)
10435,299072,:wumpscut:,autophagy day
10436,299073,:wumpscut:,corroded breed (remix by haujobb)
10437,299074,:wumpscut:,"achtung, menschen"
10438,299075,:wumpscut:,leichenteilchen
10439,299076,:wumpscut:,broken
10440,299077,:wumpscut:,bloodbathing tub
10441,299078,:wumpscut:,rumpelkammer
10442,299079,:wumpscut:,gulag
10443,299080,:wumpscut:,schlechter mensch
10444,299082,celldweller,aurora borealis
10445,299083,celldweller,ursa minor (electron mix)
10446,299084,celldweller,ursa minor (proton mix)
10447,299085,sneaker pimps,spin spin sugar (radio edit)
10448,299089,diary of dreams,poison breed
10449,299090,diary of dreams,wahn!sinn?
10450,299094,diary of dreams,king of nowhere
10451,299096,lamb of god,shoulder of your god
10452,299097,porcupine tree,intro
10453,299103,swoons,what's the colour of money
10454,299104,joe vertigo,she keeps me alive(live)
10455,299110,мультfильмы,ленинградское небо
10456,299115,мультfильмы,рыжее солнце
10457,299117,мультfильмы,до свидания
10458,299120,мультfильмы,любовь
10459,299125,hazmat modine,it calls me(with huun-huur-tu)
10460,299126,hazmat modine,everybody loves you(with huun-huur-tu)
10461,299137,мультfильмы,вместе с тобой
10462,299140,magic carpet,your fears
10463,299143,c++,comme dans les films
10464,299144,c++,"la lune, le doigt et l'idiot"
10465,299145,c++,connue
10466,299146,c++,les hasards
10467,299148,c++,mon petit animal
10468,299149,c++,l'apathie
10469,299150,c++,ton ombre
10470,299151,c++,les petites pépettes des galeries lafayette
10471,299157,лаванда,majori boys
10472,299160,лаванда,bubble gum
10473,299164,лаванда,night temptation
10474,299158,лаванда,pink color
10475,299165,sadme,for you
10476,375595,republica,out of the darkness
10477,299171,zемфира,кукушка
10478,299174,morandi,beijo (uh-la-la)
10479,299175,swollen members,too hot
10480,299182,briskeby featuring ken springfellow,joe dallesandro
10481,299183,dire straits,sailing to philadelphia
10482,299191,minor majority,supergirl
10483,299188,minor majority,come back to me
10484,299192,minor majority,somebody else's baby
10485,299193,crystal castles,atlantis to interzone
10486,299201,conjure one,sleep (serenity remix)
10487,299244,sneaker pimps,post modern sleaze (video mix)
10488,299202,esthero,i love you (non-album track)
10489,299203,esthero,if i didn't have faith
10490,299204,esthero,the many times
10491,299205,esthero,believer
10492,299207,esthero,if tha mood
10493,299264,esthero,love for just one night
10494,299215,alannah myles,love is
10495,299214,vitas,lucia di lammermoor
10496,299224,esthero,this lull-a-bye
10497,299284,cocteau twins,fifty fifty clown
10498,299289,esthero,breath from another (orpheus floating mix)
10499,299226,esthero,fastlane (wamdue main mix)
10500,299216,michael burks,comin' home baby
10501,299210,conjure one,sleep (max graham remix)
10502,299278,milla,the alien song
10503,299220,siouxsie and the banshees,new skin
10504,299222,esthero,a better life (ian pooley remix)
10505,299231,rascal flatts,cool thing
10506,299232,rascal flatts,i feel bad
10507,299245,keith whitley,i just want you
10508,299271,yoko ono,walking on thin ice (danny tenaglia club mix)
10509,299240,pepper,give it up
10510,299243,delerium,you & i (feat. zoe johnston)
10511,299257,mindless self indulgence,straight to video (mix according to combichrist)
10512,299259,esthero,o.g. bitch (bill hamel club mix)
10513,299253,placebo vs pet shop boys vs kate bush,love comes running up that hill quickly
10514,299260,glen campbell,sun do shine
10515,299273,esthero,o.g. bitch (the orange factory mix)
10516,299261,glen campbell,rock-a-doodle
10517,299269,jessie farrell,i guess
10518,299265,jo dee messina,"heads carolina, tails california"
10519,299280,shakira vs bee gees vs britney spears,"staying alive, a slave wherever"
10520,299276,jessie farrell,coming home (jono's song)
10521,299277,richard m. sherman,i wan'na be like you (the monkey song)
10522,299286,nelly furtado,i feel you (feat. esthero)
10523,299294,paul oakenfold,sex n money featuring pharell
10524,299299,scooter,coldwater canyon
10525,344535,scooter,don't let it be me
10526,344649,scooter,r u ☺?
10527,299520,maxim feat. skin,carmen queasy (never ever kickin off)
10528,299582,incubus,redfine
10529,299312,incubus,08-11am
10530,299363,urma,this time (stufstock-style)
10531,299578,now it's overhead,estranged
10532,299586,ulan bator,étoile astre
10533,299588,ulan bator,hiver
10534,299589,ulan bator,selva
10535,299590,ulan bator,la joueuse de tambour
10536,299591,ulan bator,sœur violence
10537,299592,ulan bator,echo
10538,299584,ulan bator,hemisphere
10539,299585,ulan bator,santa lucia
10540,299321,gentleman,heat of the night
10541,299322,gentleman,jah jah never fail
10542,299328,matching mole,instant kitten
10543,299329,matching mole,immediate curtain
10544,299755,ulan bator,pensées massacre
10545,299341,ulan bator,la femme cannibale
10546,299754,ulan bator,god:dog
10547,299750,ulan bator,torture
10548,299753,ulan bator,souvenir
10549,299756,ulan bator,tom passion
10550,299752,ulan bator,instinct
10551,299340,ulan bator,"fly, candy dragon, fly!"
10552,299333,funkstörung,jay jay johanson-i want some fun
10553,299334,funkstörung,nils petter molvaer-solid ethe
10554,299335,funkstörung,plaid - eyen (funkstörung remiks)
10555,299336,funkstörung,a guy called gerald-humanity (funkstörung remiks)
10556,299337,funkstörung,beans mit funkstörung-salt
10557,299338,funkstörung,speedy j-something for your mind (funkstörung remiks)
10558,299751,ulan bator,33
10559,299348,taxi,stele care cad...by robytzicã
10560,299360,taxi,stelele care cad
10561,299401,fred frith,slap dance
10562,299402,fred frith,a career in real estate
10563,299403,fred frith,"dancing in rockville, maryland"
10564,299404,fred frith,waking against sleep
10565,299405,fred frith,terrain
10566,299406,fred frith,moeris dancing
10567,299407,fred frith,geistige nacht
10568,299408,fred frith,life at the top
10569,299409,fred frith,oh wie schon ist panama!
10570,299351,fred frith,don't cry for me
10571,299352,fred frith,hands of the juggler
10572,299354,fred frith,year of the monkey
10573,299355,fred frith,what a dilemma
10574,299356,fred frith,crack in the concrete
10575,299357,fred frith,come across
10576,299358,fred frith,skylight-high tension
10577,299359,fred frith,roof
10578,299361,fred frith,firewood
10579,299362,fred frith,jahresringe
10580,299364,urma,off my wave (stufstock-style)
10581,299365,kevin ayers,the lady rachel
10582,299366,kevin ayers,oleh oleh bandu bandong
10583,299423,kevin ayers,song for insane times
10584,299426,kevin ayers,the clarietta rag
10585,299427,kevin ayers,eleanor's cake (which ate her)
10586,299428,kevin ayers,girl on a swing
10587,299389,kevin ayers,joy of a toy continued
10588,299449,kevin ayers,red green and you blue
10589,299451,kevin ayers,gemini child
10590,299452,kevin ayers,puis-je?
10591,299413,kevin ayers,butterfly dance
10592,299414,kevin ayers,jolie madame
10593,299454,kevin ayers,may i?
10594,299415,kevin ayers,pisser dans un violon
10595,299448,van der graaf generator,when she comes
10596,299369,soft machine,joy of a toy
10597,299371,soft machine,so boot if at all
10598,299372,soft machine,a certain kind
10599,299373,massacre,you said
10600,299391,massacre,tourism
10601,299394,massacre,after
10602,299395,massacre,gate
10603,299396,massacre,conversation with white arc
10604,299397,massacre,carrying
10605,299398,massacre,bait
10606,299399,massacre,"3'o'clock, june 21st, get down there and do it"
10607,299740,massacre,legs
10608,299738,massacre,subway heart
10609,299730,massacre,killing time
10610,299736,massacre,say hey willie
10611,299741,massacre,talk radio
10612,299733,massacre,well-dressed ripping up wood
10613,299732,massacre,further conversations with white arc
10614,299735,massacre,leaf violence
10615,299734,massacre,lizard-skin junk-mail
10616,299657,massacre,ladder
10617,299658,massacre,six-cylinder sinister
10618,299381,henry cow,"half asleep, half awake"
10619,299411,henry cow,solemn music
10620,299378,henry cow,linguaphonie
10621,299390,picchio dal pozzo,"la sgargianza, parte 1"
10622,299400,massacre,for good and scatter
10623,299429,akinetón retard,muertos cargando adobe
10624,299432,"emerson, lake & palmer",three fates (clotho/lachesis/atropos)
10625,299434,"emerson, lake & palmer",1st impression - part 2
10626,299435,"emerson, lake & palmer",2nd impression
10627,299436,"emerson, lake & palmer",3rd impression
10628,299443,summerbirds in the cellar,an honest friend
10629,299441,say hi to your mom,the key of c
10630,299539,concord dawn,morning light (klute remix)
10631,299504,imogen heap,headlock (high contrast remix) (edit)
10632,299519,nu:tone feat. jenna g,quick love [dj zinc remix]
10633,299500,silent strike,deasupra
10634,299498,silent strike,dolphins (feat. electric brother)
10635,299460,unu',the jam (cu dru klein)
10636,299462,implant pentru refuz,sidef
10637,299463,implant pentru refuz,3.80
10638,299464,implant pentru refuz,strike
10639,299466,implant pentru refuz,rezistentza continua
10640,299471,implant pentru refuz,solitor
10641,299474,mickey 3d,01- mickey 3d - live - tu dis mais ne sais pas
10642,299475,mickey 3d,02 - mickey 3d - live - demain finira bien
10643,299476,mickey 3d,03 - mickey 3d - live - ca m'étonne pas
10644,299477,mickey 3d,04 - mickey 3d - live - les gens raisonnables
10645,299481,mickey 3d,05 - mickey 3d - live - ma grand mere
10646,299484,mickey 3d,08 - mickey 3d - live - johnny rep
10647,299485,mickey 3d,09 - mickey 3d - live - le grand jacques
10648,299493,mickey 3d,12 - mickey 3d - live - la peur
10649,299490,mickey 3d,13 - mickey 3d - live - plus rien
10650,299491,mickey 3d,16 - mickey 3d - live - j'ai demandé à la lune
10651,299492,mickey 3d,17 - mickey 3d - live - i saw her standing there
10652,299478,calibre,mr. majestik
10653,299479,dj marky ft. mc stamina,lk (vocal mix)
10654,299540,distorted minds feat mc skibad,give it to me
10655,299502,distorted minds feat mc skibad,stay focused
10656,299506,wicker park,snow patrol-how to be dead
10657,299507,wicker park,broken social scene-lover's spit
10658,299508,wicker park,the stills-retour a vega
10659,299509,wicker park,mazzy star-flowers in december
10660,299510,wicker park,the legends-when the day is gone
10661,299511,wicker park,death cab for cutie-a movie script ending (acoustic)
10662,299512,wicker park,stereophonics-maybe tomorrow
10663,299513,wicker park,the shins-when i goosestep
10664,299514,wicker park,jaime wyatt-light switch
10665,299574,wicker park,+/- - all i do
10666,299575,wicker park,mum - we have a map of the piano
10667,299516,wicker park,the postal service-against all odds (take a look at me now)
10668,299515,wicker park,aqualung-strange & beautiful (i'll put a spell on you)
10669,299517,wicker park,mogwai-i know you are but what am i_
10670,299518,wicker park,johnette napolitano & danny lohner-the scientist
10671,299576,wicker park,lifehouse-everybody is someone
10672,299521,sofa surfers,01. if it were not for you (remixed by ian simmonds)
10673,299522,sofa surfers,02. the low rider/the long rider (messed up by sofa surfers)
10674,299523,sofa surfers,sofa rockers (richard dorfmeister mix)
10675,299524,sofa surfers,04. beans and rice (dubbed by mad professor)
10676,299525,sofa surfers,05. tsetse fly (regrooved by demon flowers & makossa)
10677,299526,sofa surfers,06. teig (simply written by sofa surfers)
10678,299527,sofa surfers,07. container/the low rider (melted down by flo hackl & hannes cistota)
10679,299528,sofa surfers,08. life in malmö (refunked by mum)
10680,299529,sofa surfers,09. guns 'n' bombs 'n' knives (rhythmified by lou ciccotelli & richard olatunde…
10681,299530,sofa surfers,"10. scissors, paper, stone collage"
10682,299531,sofa surfers,11. sweat (rebuilt by tom tyler)
10683,299532,sofa surfers,12. container (resmoked by howie b.)
10684,299534,sofa surfers,13. walking ghosts (recreated by juergen nussbaum)
10685,299533,sofa surfers,"14. i asked for water (reduced and rejinxed by spectre, the ill saint)"
10686,299541,patrick wolf,running up that hill (kate bush cover)
10687,299543,patrick wolf,abolish confusion (live)
10688,299544,patrick wolf,adder (patcast)
10689,299545,patrick wolf,bluebells (live podcast)
10690,299546,patrick wolf,don't say no (kareoke mix)
10691,299549,patrick wolf,blue bells (patcast)
10692,299550,patrick wolf,let's go! (live)
10693,299551,vama,bed for love
10694,299558,kent,owc (english version)
10695,299559,kent,celsius (live tv session)
10696,299560,kent,bianca (english version)
10697,299561,kent,elvis (english version)
10698,299562,kent,glider (english version)
10699,299583,dj friction & nu balance,again and again
10700,299567,technical itch,stack
10701,299568,moving fusion,sex drive
10702,299563,jonny l,the bellz
10703,299564,usual suspects & loxy,stalker
10704,299565,vertigo,drained
10705,299566,danny breaks,dissonance
10706,299570,dj ss,the lighter
10707,299571,q project,champion sound (alliance remix)
10708,299593,archive,man
10709,299594,kaolin,dérangé
10710,299595,kaolin,de retour dans nos criques
10711,299596,kaolin,vide et silence
10712,299597,kaolin,jusqu'à la peau
10713,299598,kaolin,ne dis rien
10714,299599,kaolin,caraïbes
10715,299603,ampop,sad worms in the soil
10716,299605,ampop,fairy tale
10717,299608,ampop,ampop/period
10718,299610,ampop,naked
10719,299611,dikta,losing every day
10720,299618,dikta,chloë
10721,299619,dikta,this song will save the world
10722,299782,dikta,remember me
10723,299613,dikta,my other big brother
10724,299614,dikta,flies don't tell
10725,299615,dikta,my favourite friend
10726,299616,dikta,a way out
10727,299620,dikta,greater good
10728,299621,dikta,someone somewhere
10729,299631,morte macabre,apoteosi del mistero
10730,299632,morte macabre,threats of stark reality
10731,299646,morte macabre,sequenza ritmica e tema
10732,299647,morte macabre,lullaby
10733,299648,morte macabre,quiet drops
10734,299649,morte macabre,opening theme
10735,299650,morte macabre,the photosession
10736,299627,pornopop,yfirtónar
10737,299630,barefoot,born slippy
10738,299639,irepress,nonografistole adendum (trampled to death by love)
10739,299644,ghosts and vodka,laser guided by god
10740,299653,magma,malaria
10741,375831,archive,le mans
10742,299682,french teen idol,inspired by a galaxy
10743,299685,sensor,help yourself (original mix)
10744,299686,urma,one answer
10745,299687,urma,a place for me
10746,299688,urma,a door to my world
10747,299689,urma,back to my room
10748,299690,urma,what you pay is what you get
10749,299691,urma,roll the dice
10750,299693,urma,alright
10751,299694,urma,under my skin
10752,299695,minuit,lock the doors block the roads
10753,299699,limewax,agent orange
10754,313916,limewax,everything
10755,299704,aaron spectre,say more fire
10756,299705,shawn lee's ping pong orchestra,102-shawn_lees_ping_pong_orchestra-kiss_in_the_sky
10757,299718,innasekt and tes la rok,tes la rok-no need 2 be nasty
10758,299721,djunya,rooted
10759,299723,kode9,sub-kontinent
10760,299778,kode9,swarm
10761,299746,rusko,original cut
10762,299725,melting carousel,pony tails
10763,299728,nektar,the dream nebula (part 1)
10764,299769,urma,what are friends for?
10765,299766,urma,ready or not
10766,375750,archive,vaillant theme
10767,299770,blixa bargeld,mr. aloha
10768,299767,urma,over
10769,299774,the smashing pumpkins,x.y.u
10770,299783,kaolin,loin de l'île
10771,299784,kaolin,plages et gazole
10772,299785,kaolin,cette roche
10773,299786,kaolin,c'est la vie
10774,299787,kaolin,shalem
10775,299788,melting carousel,godzilla
10776,299797,ornette coleman,sleep talking
10777,299798,ornette coleman,turnaround
10778,299799,dionysos,dionysos - tais-toi mon coeur
10779,299803,zomby,spliff dub
10780,299804,concord dawn,shinkansen
10781,299807,jeff buckley,what will you say?
10782,299810,vincent gallo,sunchild?
10783,299811,vincent gallo,i remember when - stan getz
10784,367566,vincent gallo,a cold & grey summer day
10785,299818,chevelle,suffocating
10786,299819,wintersun,just in my dreams
10787,299820,the cranberries,linger (acoustic)
10788,299821,ikuinen kaamos,ascent
10789,299823,canopy,void
10790,299824,canopy,for the sickened voice to hear
10791,299825,canopy,perception
10792,299830,sanctrum,no hard feelings (you'r dead)
10793,299864,amon amarth,legend
10794,299832,the project hate mcmxcix,godslaughtering
10795,299835,windir,windir - 1184
10796,299852,altar,the stress factor
10797,299836,windir,aettie moerkna
10798,299841,godsmack,i'm doing the best that i can
10799,299874,firewind,the fire and the fury
10800,299842,symbyosis,opening act
10801,299843,symbyosis,acrid nebula
10802,299844,symbyosis,to decant souls
10803,299846,symbyosis,kahl palyn
10804,299847,symbyosis,triton (the light guide)
10805,299848,symbyosis,der waltz von gehangen
10806,299851,arch enemy,hydra (european bonus)
10807,299861,altar,the unbeliever
10808,299862,altar,to my friends (r.i.p.)
10809,299855,ko®n,here to stay
10810,299856,the cranberries,zombie (acoustic)
10811,299857,altar,red harvest
10812,299858,altar,generation x
10813,299859,altar,hate scenario
10814,299860,altar,on the throne
10815,299863,altar,spikes and pain
10816,299872,novembers doom,a dirge of sorrow
10817,299865,atrocity,scorching breath
10818,299868,brainstorm,the leading
10819,299870,alanis morissette,"ironic (live, sydney)"
10820,299871,annie lennox,here comes the rain again (live)
10821,299878,runic,lost empire
10822,299877,runic,ambush
10823,299879,runic,predecessor
10824,299880,runic,vs myself
10825,299881,runic,and a new journey begins...
10826,299883,candlemass,epicus doomicus metallicus
10827,306549,warcry,¡que vengan ya!
10828,306523,warcry,tu recuerdo me bastará
10829,306524,warcry,la vieja guardia
10830,306525,warcry,un poco de fe
10831,306487,warcry,el más triste adiós
10832,367488,antony and the johnsons,judas as black moth
10833,380403,the oppressed,work together
10834,314207,brand new,the edge takes over for vin
10835,306259,elliott smith,a distorted reality
10836,344757,black rebel motorcycle club,(interview)
10837,337068,the black mages,battle theme (final fantasy vi)
10838,314686,marty friedman,tibet
10839,306347,serena-maneesh,candelighted
10840,344816,the dandy warhols,ride (live)
10841,356751,serena-maneesh,hear bleed phil harmonic
10842,344778,vietnam,toby
10843,313859,xzibit,the donnell rawlings show (skit)
10844,344669,fedde le grand & funkerman feat. dorothy & andy sherman,3 minutes to explain
10845,344642,bob sinclar & cutee b,rock this party (club mix)
10846,376239,iron maiden,the reincarnation of benjamin breeg (rock club version)
10847,376247,iron maiden,different world (studio perfor
10848,345409,billy idol,l.a. woman (single edit)
10849,376243,dabrye,hyped-up
10850,314496,lighthouse family,restless
10851,315081,brooklyn funk essentials,brooklyn recycles
10852,345001,the brilliant green,stand by me
10853,376252,silver atlas,always too late
10854,307108,aly-us,follow me
10855,344661,mbrother,jump! (radio edit)
10856,336965,wolfgang amadeus mozart,"violin concerto no. 3 in g, kv 216: ii. adagio"
10857,344692,dj roxx,weekend has come (dj astro & dj iz0r remix 2007)
10858,344844,倖田來未,cutie honey
10859,376193,d_2,6
10860,376206,d_2,disco mother
10861,376187,d_2,dve planet
10862,337193,平野義久,introduction and tarantella for chamber orchestra
10863,375550,vega 4,traffic jam
10864,375551,vega 4,tearing me apart
10865,375552,vega 4,you
10866,375553,vega 4,let go
10867,345084,miley cyrus,let's dance
10868,345190,miley cyrus,wake up america
10869,345191,miley cyrus,these four walls
10870,306701,spock's beard,revelation
10871,306726,rush,r30 overture
10872,306577,barón rojo,barón rojo
10873,376341,il balletto di bronzo,ma ti aspetterò
10874,306435,tierra santa,tierra santa
10875,376342,il balletto di bronzo,girotondo
10876,311039,discharge,maimed and slaughtered
10877,311084,oi polloi,nazi scum
10878,329225,blue mitchell,hi heel sneakers
10879,375748,2 unlimited,no limit 2.3 (master blaster remix)
10880,344674,ian oliver feat. shantel,bucovina
10881,307102,tata golosa,micromania
10882,314635,mike oldfield,in dulce jubilo
10883,313949,pakito,are you ready
10884,376482,björk,army of me (audiophile re-mix)
10885,313876,calyx,follow the leader
10886,314120,ice cube,fuck dying
10887,311064,gbh,slut
10888,314841,pere ubu,my boyfriend's back
10889,375434,medway,release
10890,313860,the sabres of paradise,smokebelch 2
10891,306213,katchafire,colour me life
10892,306265,elliott smith,"tomorrow, tomorrow"
10893,306256,weeping willows,pretty little babies
10894,306233,elliott smith,no name number one
10895,306235,elliott smith,no name number three
10896,306236,elliott smith,no name number four
10897,306219,tv-resistori,melodi melodika
10898,306200,red carpet,home (ruff mix)
10899,306222,eels,flower (bbc radio 1 version)
10900,306302,hidria spacefolk,kaneh bosm
10901,306206,aavikko,torpedo boys
10902,306220,tv-resistori,huomisen otsikot
10903,306248,bright eyes,05 - (untitled bonus track)
10904,306242,mew,where have all the geysers gone?
10905,306266,tv-resistori,kuin hiroshima
10906,306214,tv-resistori,pong a long
10907,306215,tv-resistori,intiaanidisko
10908,306216,tv-resistori,1yy2aa3oo elektroo
10909,306217,tv-resistori,näen tanssivan sun uudestaan
10910,306218,tv-resistori,centrumi
10911,306221,tv-resistori,tukehtuminen
10912,306258,sister flo,locks
10913,306237,sister flo,days of cat
10914,306238,sister flo,honey lust
10915,306239,sister flo,magic
10916,306240,sister flo,broken token
10917,306241,sister flo,stars
10918,306228,iron & wine,a history of lovers
10919,306226,iron & wine,wade across the water
10920,306227,iron & wine,he lags in the reigns
10921,306231,evan dando,the ballad of el goodo
10922,306232,ultrasport,it's hard to look dignified...
10923,306243,karkkiautomaatti,yks-kaks-motocross
10924,306244,karkkiautomaatti,arvoitus on meille poika tuo
10925,306245,karkkiautomaatti,seikkailuun
10926,306246,karkkiautomaatti,minne vaan
10927,306250,absoluuttinen nollapiste,pyhä nynny
10928,306254,absoluuttinen nollapiste,irene kaktus
10929,306262,"sydän, sydän",suu kiinni
10930,306264,pretty girls make graves,-
10931,306286,sur-rur,pensaat
10932,306269,karkkiautomaatti,voi kuinka on tää maailmain
10933,306270,karkkiautomaatti,parisuhteen aakkoset
10934,306307,karkkiautomaatti,mä tahdon romanssin
10935,306309,karkkiautomaatti,toinen onneen vie
10936,306274,i walk the line,raita 2
10937,306275,i walk the line,raita 3
10938,306276,i walk the line,raita 4
10939,306277,i walk the line,raita 5
10940,306278,i walk the line,raita 6
10941,306279,i walk the line,raita 7
10942,306280,i walk the line,raita 8
10943,306281,i walk the line,raita 9
10944,306282,i walk the line,raita 10
10945,306283,i walk the line,raita 11
10946,306284,i walk the line,raita 12
10947,306288,joose k & paavoharju,onni (darker)
10948,306290,paavoharju,hän teki minut autioksi
10949,306289,paavoharju & joose keskitalo,kuljin kauas
10950,306292,paavoharju,ilmaa virtaa (ehoste edit)
10951,306287,joose & paavoharju,muukalaisen kotielämää
10952,306293,i walk the line,when i'm gone
10953,306294,i walk the line,dead seeds
10954,306295,i walk the line,ghost on a tightrope
10955,306296,i walk the line,the man without a name
10956,306297,i walk the line,grand collapse
10957,306298,i walk the line,drifter
10958,306299,i walk the line,world on a pyre
10959,306300,i walk the line,purity
10960,306305,i walk the line,where strangers meet
10961,306304,i walk the line,hollow
10962,306306,i walk the line,forever nights
10963,306301,karkkiautomaatti,kemijoki
10964,306314,[unknown],ninetynine - the process
10965,306315,karkkiautomaatti,susan
10966,306316,magyar posse,european lover
10967,306317,bmx bandits,disco girl
10968,306338,tv-resistori,kontraposto
10969,306335,tv-resistori,"oon pahoillaan, sen lupaan"
10970,306339,tv-resistori,serkut rakastaa paremmin
10971,306322,silverbullit,kite
10972,306323,silverbullit,call it in
10973,306324,silverbullit,winter coat
10974,306325,silverbullit,blood
10975,306326,silverbullit,once upon a time
10976,306327,silverbullit,cloudway
10977,306319,silverbullit,seconds
10978,306320,silverbullit,boof
10979,306343,tv-resistori,numerot on meidän puolella
10980,306336,tv-resistori,viimeinen hidas
10981,306337,tv-resistori,odotan viimeistä hidasta
10982,306340,tv-resistori,sheikki sheikki
10983,306341,tv-resistori,j.o.v.h.m.l.s.o.a.m.o. (love)
10984,306342,tv-resistori,kerro poika
10985,306354,tv-resistori,ratsasta mun ponilla
10986,306348,tv-resistori,kolme kertaa päivässä
10987,306358,eleanoora rosenholm,kodinrakennusohjeet
10988,306352,eleanoora rosenholm,japanilainen puutarha
10989,306359,jale,3 days
10990,306360,jale,lone letter
10991,306361,jale,emma
10992,306362,jale,promise (jimmy beame version)
10993,306363,jale,nebulous
10994,306364,jale,again
10995,306365,jale,river
10996,306366,jale,i'm sorry
10997,306373,throwing muses,pretty or not
10998,306374,throwing muses,civil disobedience
10999,306376,spiritualized,harmony 2 (piano)
11000,306369,bow wow wow,cowboy
11001,306370,bow wow wow,"baby, oh no"
11002,306379,fatman scoop,u sexy girl
11003,306400,katy rose,watching the rain
11004,306383,katy rose,license to thrill
11005,306387,elvis & lisa marie presley,in the ghetto
11006,306389,sheryl crow,are you strong enough to be my man?
11007,306394,justin timberlake,lovestoned (tiesto remix)
11008,306398,serena ryder,good morning starshine
11009,306401,me'shell ndegéocello,beautiful
11010,306413,brand new,03 brand new-  flying at tree level
11011,306415,neutral milk hotel,sailing through (acoustic)
11012,306416,neutral milk hotel,little birds [live] 1
11013,306417,rilo kiley,rilo kiley - you are what you love
11014,306489,warcry,nuevo mundo
11015,306453,lovorne,macadam 3...2...1...0
11016,306427,gatos sucios,el forastero
11017,306428,lörihen,betty siliconas
11018,306452,avalanch,el viejo torreón
11019,306446,barilari,amo de la oscuridad
11020,306448,barilari,lenguas de fuego
11021,306527,barilari,y las sombras quedarán atrás
11022,306526,barilari,verter sonreir
11023,306528,barilari,la gran victoria
11024,306449,barilari,la leyenda del hada y el mago
11025,306450,barilari,recuerdo en la piel
11026,306445,les balayeurs du désert,y dansé
11027,306444,les balayeurs du désert,sans en avoir l'air
11028,306443,les balayeurs du désert,allez hue dans l'eau
11029,306506,les balayeurs du désert,décollage
11030,306442,les balayeurs du désert,pas à pas
11031,306497,weichafe,respiro la luz del sol
11032,306498,weichafe,pichanga
11033,306499,weichafe,sobras de ayer
11034,306463,weichafe,pan de la tarde
11035,306573,absolom,intro
11036,306465,mägo de oz,para ella (voz juanma maqueta
11037,306438,avalanch,las ruinas del edén
11038,306517,los prisioneros,maldito sudaca
11039,306492,warcry,hacia el infierno
11040,306493,warcry,el amor de una madre
11041,306507,los prisioneros,de la cultura de la basura
11042,306534,los prisioneros,mal de parkinson
11043,306464,los prisioneros,generación de mierda
11044,306562,tumulto,sin dinero
11045,306563,tumulto,si me amas
11046,306553,tumulto,rock solo te quiero esta noche
11047,306550,tumulto,te amaré como nunca lo hice
11048,306554,tumulto,por siempre te amaré
11049,306418,callejeros,distinto
11050,306419,callejeros,sería una pena
11051,306420,callejeros,"algo peor, algo mejor"
11052,306421,callejeros,"rebelde, agitador y revolucionario"
11053,306422,callejeros,un lugar perfecto
11054,306424,callejeros,tan perfecto que asusta
11055,306425,callejeros,tratando de olvidar
11056,306481,callejeros,la llave
11057,306482,callejeros,parte menor
11058,306520,callejeros,canciones y almas
11059,306480,callejeros,daños
11060,306521,callejeros,puede
11061,306522,callejeros,día a día
11062,306500,weichafe,dios es solo para algunos
11063,306496,callejeros,creo
11064,306513,callejeros,hoy
11065,306514,callejeros,sueño
11066,306578,ted nugent,strangehold
11067,306476,avalanch,no pidas que crea en ti
11068,306559,dream evil,crusaders' anthem
11069,306454,los enanitos verdes,aún sigo cantando
11070,306544,warcry,tu mismo
11071,306567,warcry,en un lugar sin dios
11072,306575,warcry,nana
11073,306488,warcry,capitán lawrence
11074,306461,dorso,el espanto surge de la tumba
11075,306429,la renga,desnudo para siempre (despedazado por mil partes)
11076,306430,la renga,a la carga mi rocanrol
11077,306456,la renga,el final es en donde parti
11078,306475,avalanch,¿días de gloria...?
11079,306436,avalanch,delirios de grandeza
11080,306439,avalanch,santa bárbara
11081,306473,avalanch,aún respiro
11082,306433,los prisioneros,jugar a la guerra
11083,306574,warcry,hoy gano yo
11084,306490,warcry,el regreso
11085,306491,warcry,perdido
11086,306455,la renga,"la vida, las mismas calles"
11087,306516,barilari,stargazer (astronomo)
11088,306458,la renga,arte infernal
11089,306467,la renga,el rey de la triste felicidad
11090,306538,saratoga,lejos de ti
11091,306470,la renga,el monstruo que crece
11092,306519,la renga,almohada de piedra
11093,306633,la renga,entre la niebla
11094,306466,soda stereo,ella uso mi cabeza...
11095,306459,la renga,2 + 2 = 3
11096,306462,mägo de oz,noches de bohemia (version piano)
11097,306545,la renga,el hombre de la estrella
11098,306469,la renga,hey hey my my
11099,306515,callejeros,sé que no sé
11100,306485,darna,secuelas
11101,306501,weichafe,ripio y soledad
11102,306502,weichafe,ñuñork
11103,306503,weichafe,5:30 am
11104,306504,weichafe,descalibraciones
11105,306505,weichafe,salvador
11106,306571,la renga,"hey hey, my my"
11107,306615,la renga,me hice canción
11108,306536,ricardo arjona,para bien o para mal
11109,306540,emociones clandestinas,un nuevo baile
11110,306542,banda 69,la espía que no me amo
11111,306556,dogma,profugos
11112,306557,mägo de oz,adiós dulcinea
11113,306558,dream evil,no way
11114,306560,dream evil,let's make rock
11115,306592,kristoffer joner,24 timer i døgnet
11116,306582,nina rochelle,rött ljus
11117,306594,jahn teigen,optimist
11118,306589,lillestrøm,forza fugla allez
11119,306597,muse,starlight live radio1
11120,306600,smokie,who the fuck is alice?
11121,306602,outlandish,aisha
11122,306620,the darkness,is it just me
11123,306613,2 minutos,arrebato
11124,306614,divididos,ala delta
11125,306628,pink floyd,"pigs on the wing, part i"
11126,306629,pink floyd,"pigs on the wing, part ii"
11127,306631,paul gilbert,hurry up
11128,306632,paul gilbert,straight through the telephone pole
11129,306636,divididos,el burrito
11130,306637,electrocution 250,fletcher the mouse
11131,306646,electrocution 250,funky lizard
11132,306638,the black crowes,paint an 8
11133,306639,the black crowes,another roadside tragedy
11134,306640,the black crowes,if it ever stops raining
11135,306641,the black crowes,wyoming and me
11136,306642,the black crowes,predictable
11137,306643,the black crowes,never forget this song
11138,306644,the black crowes,lifevest
11139,306645,rush,where's my thing?
11140,306647,electrocution 250,dr fluffels
11141,306648,electrocution 250,ridiculosous
11142,306651,soda stereo,por qué no puedo ser del jet set?
11143,314716,bozzio levin stevens,endless
11144,314693,bozzio levin stevens,crash
11145,306649,dixie dregs,take it off the top
11146,306650,jaco pastorius & john scofield,the chicken
11147,314717,bozzio levin stevens,spiral
11148,306659,jaco pastorius,the chicken
11149,306652,dixie dregs,bloodsucking leeches
11150,306653,dream theater,where are you now?
11151,306657,kansas,musicatto
11152,306655,tommi anttila,this week i've been mostly playing guitar
11153,306667,iq,overture
11154,306668,iq,provider
11155,306680,iq,subterranea
11156,306681,iq,sleepless incidental
11157,306663,iq,failsafe
11158,306664,iq,speak my name
11159,306665,iq,tunnel vision
11160,306666,iq,infernal chorus
11161,306792,iq,king of fools
11162,306793,iq,the sense in sanity
11163,306697,iq,state of mine
11164,306706,iq,breathtaker
11165,306817,iq,capricorn
11166,306818,iq,unsolid ground
11167,306682,iq,high waters
11168,306669,iq,outer limits
11169,306670,iq,the wake
11170,306698,iq,the magic roundabout
11171,306671,iq,headlong
11172,306672,iq,corners
11173,306673,iq,widow's peak
11174,306674,iq,the thousand days
11175,306675,györgy ligeti,l'escalier du diable
11176,306678,soda stereo,dia comun - doble vida
11177,306744,iq,awake and nervous
11178,306688,iq,erosion
11179,306690,iq,zero hour
11180,306691,iq,shooting angels
11181,306692,iq,guiding light
11182,306766,alberto ginastera,dance creole
11183,306693,iq,no love lost
11184,306694,iq,promises (as the years go by)
11185,306703,iq,nomzamo
11186,306704,iq,still life
11187,306707,iq,passing strangers
11188,306705,iq,screaming
11189,306695,iq,just changing hands
11190,306773,cheap trick,stop this game
11191,306700,cheap trick,day tripper
11192,306747,gabriel fauré,pavane op. 50
11193,306712,iq,leap of faith
11194,306727,iq,came down
11195,306709,iq,the darkest hour
11196,306710,iq,out of nowhere
11197,306737,iq,red dust shadow
11198,306708,martin orford,quilmes
11199,306733,marillion,alone again in the lap of luxury
11200,306836,marillion,beautiful
11201,306732,marillion,between you and me
11202,306738,iq,born brilliant
11203,306715,iq,war heroes
11204,306716,iq,drive on
11205,306717,iq,nostalgia
11206,306718,iq,falling apart at the seams
11207,306719,iq,sold on you
11208,306720,iq,nothing at all
11209,306735,marillion,the last straw
11210,306740,martin orford,the field of fallen angels
11211,306741,martin orford,the days of our lives
11212,306742,martin orford,the final solution
11213,306748,yes,new state of mind
11214,306749,yes,open your eyes
11215,306751,yes,no way we can lose
11216,306753,yes,man in the moon
11217,306754,yes,wonderlove
11218,306755,yes,love shine
11219,306756,yes,somehow someday
11220,306758,toto,goodbye elenore
11221,306767,alberto ginastera,danza del viejo boyero
11222,306768,alberto ginastera,danza de la moza donosa
11223,306769,alberto ginastera,danza del gaucho matrero
11224,306774,john powell,a jump off
11225,306820,toto,the other side
11226,306765,yes,walls
11227,306822,toto,2 hearts
11228,306821,toto,don't chain my heart
11229,306780,the black crowes,sympathy for the devil
11230,306791,marillion,punch and judy
11231,306790,patricio rey y sus redonditos de ricota,noticias de ayer
11232,306787,gran martell,tango griego
11233,306788,gran martell,tragamonedas
11234,306789,gran martell,dos huecos
11235,306786,gran martell,cara-k-pop
11236,306805,sting,i hung my head
11237,306796,sting,prologue (if i ever lose my faith in you)
11238,306833,sting,everybody laughed but you
11239,306798,sting,a day in the life
11240,306806,spock's beard,second overture
11241,306813,cielo razzo,qué se yo
11242,306808,cielo razzo,satiretalised
11243,306809,cielo razzo,tu fricción
11244,306811,cielo razzo,estrella
11245,306810,cielo razzo,barek
11246,306812,cielo razzo,la roca
11247,306832,marillion,the party
11248,306823,marillion,holidays in eden
11249,306824,marillion,waiting to happen
11250,306825,marillion,this town
11251,306826,marillion,the rakes progress
11252,306828,marillion,bridge
11253,306829,marillion,living with the big lie
11254,306834,iq,closer
11255,376350,frost*,welcome to nowhere
11256,306840,mr. big,static
11257,306875,sugarfree,scusa ma ti chiamo amore
11258,306863,rupert everett & colin firth,love is in the air
11259,306844,smash mouth,you are my number one
11260,306842,david mead,girl on the roof
11261,306855,paolo nutini,last request (radio edit)
11262,306879,the filthy youth,pirate
11263,306856,ewan mcgregor & nicole kidman,elephant love medley
11264,306845,joaquín sabina,por el bulevar de los sueños rotos
11265,306876,la fuga,por verte sonreir
11266,306869,noam weinstein,i can hurt people
11267,306860,the filthy youth,le soleil
11268,306849,the filthy youth,boys don't smoke
11269,306850,the fratellis,for the girl (acoustic)
11270,306862,paolo nutini,"caledonia (live at garage, glasgow)"
11271,306854,celtas cortos,la senda del tiempo
11272,306857,get set go,die motherfucker die
11273,306861,sopa de cabra,camins
11274,306864,iván ferreiro,de mi un pandero
11275,306865,iván ferreiro,más de una vez
11276,306866,iván ferreiro,canción húmeda
11277,306878,the devlins,world outside
11278,306882,howie b,i can sing but i don't want to
11279,306955,grandadbob,hide me
11280,306893,the ronettes,woman in love (with you)
11281,306894,the hollies,try it
11282,306895,everything but the girl,tracey in my room [lazy dog bootleg vocal mix (with soul vision)]
11283,306897,everything but the girl,massive attack with tracey thorn/protection
11284,306932,yello,base for alec
11285,306903,the left banke,nice to see you
11286,306912,nat king cole,adeste fideles
11287,375266,roger roger,sound industrial 15
11288,306947,blue six,music and wine (teksoul dub)
11289,306956,various artists,dana fuchs - don't let me down
11290,307088,brian eno,america is waiting
11291,307127,praise cats,shined on me
11292,306967,andy caldwell,warrior
11293,307128,miguel migs,brand new day
11294,306996,she,circuit lover
11295,306951,tricky,aftermath (version 1)
11296,306952,meat beat manifesto,"god o.d., part 2"
11297,306961,scooter,marian (version)
11298,306962,fedde le grand,get this feeling (radio edit)
11299,307018,los amigos invisibles,amor
11300,306968,dj antonio,easy love
11301,306969,is it love ?,iio
11302,307122,kaskade,move
11303,307113,funky green dogs,fired up
11304,306971,cloud,bye bye
11305,344633,morandi,"oh, my god"
11306,307115,bob marley,sun is shining (bob marley vs. funkstar de luxe extended club mix)
11307,307003,crookers,sveglia
11308,306974,moonbootica,like a riot
11309,306979,dada feat. sandy rivera & trix,lollipop (radio mix)
11310,306980,dj josé,turn the lights off
11311,306986,sharooz,get off (miles dyson remix)
11312,307036,the migrants,i thought that
11313,306998,natural born grooves,candy on the dancefloor (lick my candy remake)
11314,307103,mr. oizo,vagiclean 2
11315,307093,fused,saving mary
11316,307111,lee rogers,someday
11317,307039,kurd maverick,let's work (original mix)
11318,307021,arno cost & arias,magenta (radio edit)
11319,307082,sharooz,hell yeah
11320,307032,the egg,wall (mylo remix)
11321,307023,the underdog project,winter jam
11322,307081,guy gerber,belly dancing
11323,307035,ben westbeech,dance with me (switch remix)
11324,307037,michael cassette,david
11325,307062,golden bug,looklooklook (in flagranti remix)
11326,307049,luomo,love you all
11327,307046,dj dlg,fantasy (original mix)
11328,307055,mobbing,open legs
11329,307061,benjamin bates,the next big thing
11330,307050,vincent kwok,las llaves (part 2) (d-reflection remix)
11331,307051,michael woods feat inaya day,natural high (dave boynes remi
11332,307052,flora cruz,let the sunshine out (original vocal mix)
11333,307067,dj brad smith,love embrace__original mix
11334,307064,ferry corsten,fire (extended mix)
11335,307060,fragma,toca (club mix)
11336,307071,dim chris,feel me (dj marbrax remix)
11337,345194,vanessa hudgens,amazed
11338,307073,klaas,make you feel (original edit)
11339,307078,headman,catch me if u can (bag raiders remix)
11340,307110,dirty south,let it go
11341,307090,amiina,bienvenue dans le meilleur des mondes
11342,307100,john dahlbäck,everywhere
11343,307130,lindstrøm & prins thomas,en dag i mai
11344,307134,a. r. rahman,latika's theme (feat. suzanne)
11345,307137,the grogs,baby one more time (cover)
11346,307144,the grogs,death to coyotes
11347,307141,burkhard dallwitz,anthem-part 2
11348,307151,the grogs feat. newton,wrote a song for everyone (ccr)
11349,307171,clinic,2.4
11350,307150,talking heads,heaven (live)
11351,307145,the grogs,campfire song
11352,307146,the grogs,violet snow
11353,307148,the grogs,cinnamon
11354,307157,lucas newton,infidel
11355,307192,lucas newton,paris is burning
11356,307181,lucas newton,murq
11357,307153,lucas newton,dead end party
11358,307154,lucas newton,january
11359,307167,jón hallur,below the asteroids
11360,307218,nooby,fairy
11361,307166,mychael danna/devotchka,first push
11362,307160,tom green,you're always red
11363,307201,vietcong themes,original pseudo hendrix
11364,307183,ruth minnikin,stairs
11365,307189,steve reich,electric counterpoint
11366,307172,tomáš hrábek,out of order
11367,307173,petr nikl & lakomé barky,klaun i.
11368,307174,petr nikl & lakomé barky,lom
11369,307175,petr nikl & lakomé barky,úžas
11370,307176,petr nikl & lakomé barky,líni
11371,307178,petr nikl & lakomé barky,vodopády
11372,307179,petr nikl & lakomé barky,květy
11373,307198,petr nikl & lakomé barky,motýli
11374,307199,petr nikl & lakomé barky,pražce
11375,307200,petr nikl & lakomé barky,slepá bába
11376,307186,ビッグ・リボウスキ,bob dylan - the man in me
11377,307188,polemic,ja som to vedel
11378,307194,para,ako najlepšie viem
11379,307217,para,nálada
11380,314334,psí vojáci,žiletky
11381,307203,james blackshaw,the cloud of unknowing (album excerpts)
11382,307208,13 day mission,fear dims the sunlight
11383,307210,roby lakatos,dorogoi dlia mayou
11384,307211,roby lakatos,kalinka
11385,307212,roby lakatos,nuages
11386,307213,roby lakatos,otchi tchornye
11387,307214,roby lakatos,serenade
11388,307215,ビッグ・リボウスキ,captain beefheart - her eyes a
11389,307220,lucas newton,the free ones
11390,307222,lucas newton,looking for helen
11391,307223,midi lidi,bujon
11392,307225,scott walker,plastic palace people
11393,307229,remergence,wide open
11394,307239,pogodno,cz³owiek doskona³y
11395,307233,björk,oops
11396,307235,björk,alta mira
11397,307244,elzbieta mielczarek,hotel grand
11398,307286,björk,músastiginn
11399,307240,björk,arabadrengurinn
11400,314678,pink floyd,"echoes, part ii"
11401,307274,mayumi miyata,pearl
11402,307284,pink floyd,"magritte, part 6"
11403,307242,björk,fusi hreindyr
11404,307288,mayumi miyata,antarctic return
11405,307249,kasabian,empire      -torrent-tatty-
11406,307279,[unknown],the white stripes - blue orchid
11407,307245,arctic monkeys,beneath the boardwalk - fake
11408,307246,eiskalte engel,kirsten barry - ordinary life
11409,307262,art of noise,island (drum & bass version)
11410,307271,the smashing pumpkins,smashing pumpkins with radiohead - if there is a god (acoustic christmas '98)
11411,307269,unplogged,donts speak     no doubt
11412,307251,the verve & radiohead,save the world [live]
11413,307254,"ar rahman, chinmayee",tere bina
11414,307270,trevor jones,the kiss
11415,307282,"rossocenere (afterhours, marlene kunz, radiohead, negramaro, verdena)","rossocenere (afterhours, marlene kunz, verdena, radiohead, negramaro) - allegro ma…"
11416,307268,tori amos & bjork,bjork & tori amos - butterfly (live)
11417,307256,futro feat. fisz & novika,wyspy
11418,307261,the string quartet,don't speak
11419,307266,cruelcounting crows,colorblind
11420,307250,gnarls barkley,gnarls barkley - just a though
11421,307281,radiohead vs coldplay,the high and dry scientist
11422,307283,nosowska,znów p³akalam
11423,307253,bob marley,greatest hits - jammin
11424,307278,seal,don&amp;amp;amp;apos;t cry
11425,307280,aphrodite & moloko,the flipside(drum and base)
11426,307264,cali,la vie parfaite(inédite)
11427,307292,razorlight - golden touch - glastonbury 2004 acoustic version,golden touch acoustic
11428,307267,kid loco portishead,contronatura
11429,307299,feeder,everybody hurts
11430,307276,pink floyd,the body: sea shell and stone
11431,307275,enigma,enigma  - black moon dance
11432,307263,radiohead,jerusalem
11433,375302,henry mancini,a shot in the dark
11434,307300,happysad,£ydka
11435,375234,spiritualized,ladies and gentlemen (demo)
11436,311096,discharge,look at tomorrow
11437,352632,charles bronson,charles bronson will not turn into a ____ band
11438,311004,antidote,i don't care
11439,311057,antidote,my life
11440,308469,tragedy,deaf and disbelieving
11441,314205,yaphet kotto,status symbol
11442,308816,giampi daldello,giuseppina non lasciarmi mai
11443,367495,michael nyman,call me eugene
11444,309025,黒石ひとみ,planetes
11445,375333,dustin o'halloran,opus #16
11446,375332,dustin o'halloran,opus #9
11447,314671,philip glass,new world
11448,336862,下村陽子,sacred moon
11449,336837,久石譲,the legend of ashitaka theme
11450,337167,下村陽子,end of the world
11451,337097,下村陽子,guardando nel buio
11452,337278,下村陽子,always on my mind
11453,329246,keiko lee,tennessee waltz
11454,329193,tierney sutton,high wire
11455,329173,dee dee bridgewater,la vie en rose
11456,376302,chroma key,america the video
11457,329360,buddy guy,hard but it's fair
11458,329243,miles davis all stars,walkin'
11459,329320,cannonball adderley,the work song
11460,359791,pavlov's dog,song dance
11461,344732,pat metheny group,the first circle
11462,345227,jonas brothers,i wanna be like you
11463,345139,camp rock,we rock
11464,311014,alanis morissette,sorry to myself
11465,310199,tyla,story of our life
11466,344792,the dirtbombs,livin' for the weekend
11467,367493,fiebre,tienen el odio enjaulado
11468,314513,jackie wilson,your love keeps lifting me higher and higher
11469,314861,jellyfish,he's my best friend
11470,310469,copeland,brightest (acoustic version)
11471,337064,mell,red fraction (instrumental)
11472,344730,pat metheny trio,into the dream
11473,310814,chris whitley,dirt floor
11474,310990,lower class brats,psycho
11475,311056,999,found out too late
11476,311055,999,run for your life
11477,311000,conflict,i heard a rumour
11478,311008,exaile,pitch shift case
11479,311002,antidote,back in year zero
11480,311083,oi polloi,mtv
11481,311035,hole,closing time
11482,311036,hole,make me over
11483,310998,lower class brats,rather be hated
11484,310997,lower class brats,glam bastard
11485,310989,lower class brats,not for sale
11486,310991,lower class brats,who controls the media?
11487,310987,lower class brats,who writes your rules
11488,310988,lower class brats,safety pinned & sick
11489,311085,oi polloi,punx 'n' skins
11490,310992,lower class brats,orphans don't run
11491,310993,lower class brat,airwave raid
11492,310994,lower class brats,beat of a different drum
11493,310995,lower class brats,russian roulette
11494,310996,lower class brats,sex & violence
11495,310999,lower class brat,ultra violence
11496,311060,concord dawn,vulcan
11497,311011,lower class brats,the hand we're dealt
11498,311012,lower class brats,who do they save?
11499,311013,lower class brats,zipper kids
11500,311052,underworld,underworld - dirty epic
11501,311054,sonny & cher,oldies - sonny and cher - the beat goes on
11502,311033,roni size,roni size - brown paper bag
11503,311009,lower class brats,molotov
11504,311015,the distillers,distillers - give em the boot
11505,311016,lower class brats,no doves fly here
11506,311017,lower class brats,do it again
11507,311018,the spits,pct
11508,311021,the spits,rat face
11509,311019,the spits,she don't kare
11510,311020,the spits,witch hunt
11511,311025,subhumans,day the country died
11512,311026,subhumans,drugs of youth
11513,311027,subhumans,where's the freedom?
11514,311023,subhumans,ex-teenage rebel
11515,311024,subhumans,get out of my way
11516,311081,subhumans,rats
11517,311029,subhumans,evolution
11518,311030,subhumans,wake up screaming
11519,311031,subhumans,labels
11520,311038,the diffs,living chaos
11521,311040,the 4-skins,yesterday's hero
11522,311101,underworld,underworld / kittens
11523,311109,the voids,lapd
11524,311106,the voids,i don't want to
11525,311043,aus-rotten,"secret police, secret army"
11526,311044,aus-rotten,xenophobia
11527,311045,cockney rejects,badman
11528,311046,cockney rejects,dead generation
11529,311047,cockney rejects,east end skins
11530,311102,cockney rejects,here we go again
11531,311053,cockney rejects,man's life in the army
11532,311103,cockney rejects,the power and the glory
11533,311049,drax,amphetamine (drax remix)
11534,311058,antidote,nietsnut
11535,311061,funeral dress,army life
11536,311062,funeral dress,"sex, drugs & rock 'n' roll"
11537,311063,funeral dress,violent system
11538,311066,the partisans,anger and fear (your all alone)
11539,311068,vals,rage
11540,311069,vals,not enough
11541,311070,vals,democratic monarchy
11542,311071,vals,de fabel van de illegale
11543,311073,vals,midden oosten
11544,311075,vals,apenhel
11545,311107,the voids,without a right
11546,311110,the voids,take back your life
11547,311074,ub40,breakfast in bed
11548,311108,the voids,germ warfare
11549,311077,ltj bukem,undress your mind
11550,311086,the partisans,so neat
11551,311082,roni size,beat box
11552,311099,oi polloi,minority authority
11553,311089,choking victim,choking victim - suicide
11554,311090,antidote,people not profits
11555,311092,antidote,my government is a farce
11556,311105,choking victim,apple pie
11557,311097,discharge,doomsday
11558,311100,hole (feat kobain),live through this
11559,311111,the jam,the jam - going undergound
11560,311112,the jam,the jam - the bitterest pill (i ever had
11561,336914,wolfgang amadeus mozart,"symphony no.29 in a, k 201: ii. andante"
11562,336911,wolfgang amadeus mozart,"symphony no. 38 in d major, k. 504 ""prague"": iii. finale: presto"
11563,344576,the underdog project,remember (latin power remix)
11564,344605,shaft,shake senora (radio edit)
11565,376487,fischer-z,red skies over paradise
11566,314561,sting,the lazarus heart
11567,375857,stereo mcs,deliverance
11568,313873,fischerspooner,emerge junkie xl mix (bonus track)
11569,329191,roy hargrove,una mas
11570,315088,transglobal underground,radio unfree europe
11571,315110,transglobal underground,spellbound
11572,355851,clams,round 5
11573,314419,joy division,"wilderness (live at the factory, hulme)"
11574,329180,billie holiday,guilty
11575,314902,trevor dunn's trio-convulsant,untitled
11576,313917,teebee,quiet moment
11577,313922,teebee,daywalker
11578,313912,dj zinc,more yall
11579,313967,duvelduvel,iemand moet het doen
11580,313903,kubus,intro
11581,313864,dj zinc,feeling time
11582,313857,aphex twin,time to find me [afx fast mix] - seefeel
11583,313933,timbaland & magoo,indian flute
11584,313911,dj zinc,fairfight (friction remix)
11585,313907,dj zinc,big bad & heavy (logistics remix)
11586,313934,bob marley & the wailers,top rankin
11587,314086,jawat!,intro
11588,313890,mike reagan,typhon mountain
11589,314122,ice cube,war & peace
11590,313909,klute,time 4 change
11591,313910,klute,crosby
11592,313928,klute,does the darkness make you feel sad?
11593,313947,ars arcana,tyrannos
11594,313953,calamine,sealab 2021 theme (extended)
11595,313951,salah edin,vrouwtje is een bitch
11596,313954,vitalic,poney
11597,313963,enduser,switch
11598,314059,pete philly & perquisite,mystery repeats
11599,313982,shop boyz,rockstar mentality
11600,313989,three 6 mafia,skit 1
11601,314003,sticks & delic,vrij
11602,314007,fabolous,from nothin' to somethin' (intro)
11603,314045,devin the dude,give it and go
11604,314080,nuclear family,memento
11605,314087,t-nutty,the first blow
11606,314091,bad boyz,conservative
11607,314132,termanology,good conscience (produced by dc)
11608,314133,termanology,winter ft. e3 (produced by e3)
11609,314221,lydia,it's in your blood
11610,314224,lydia,laugh before you grin
11611,314178,the gloria record,miserere
11612,314179,the gloria record,a bye
11613,314183,kevin devine,less yesterday
11614,314194,pat benatar,invincible (theme from the legend of billie jean)
11615,314203,fear before the march of flames,of horses and medicine
11616,314206,yaphet kotto,inquire within
11617,314210,the detachment kit,"sitting still, talking about jets"
11618,314208,headphones,gas and matches
11619,314209,headphones,shit talker
11620,314211,the detachment kit,hurricane designed for people
11621,314212,film school,american turnip
11622,314213,film school,not about a girl
11623,314216,brand new,untitled 02 (morrissey song)
11624,314217,brand new,untitled 03 (kevin devine forgot to sing on his own master)
11625,314218,brand new,untitled 05 (cleanser)
11626,314228,lola ray,we're not having any fun
11627,314236,richard rodgers & oscar hammerstein ii,climb ev'ry mountain
11628,314237,richard rodgers & oscar hammerstein ii,edelweiss (reprise)
11629,314239,richard rodgers & oscar hammerstein ii,laendler
11630,314238,richard rodgers & oscar hammerstein ii,"so long, farewell (reprise)"
11631,314241,asamblea internacional del fuego,la estrategia del caracol
11632,314250,the appleseed cast,facing north
11633,314251,brian davies and lauri peters,sixteen going on seventeen
11634,314260,mary martin & patricia neway,my favorite things
11635,314261,"kasznar, kurt + marion marlowe",how can love survive?
11636,314267,patricia paay,climb ev'ry mountain
11637,314268,"marlowe, marion + kurt kasznar + theodore bikel",no way to stop it
11638,314262,"fred applegate, jan maxwell",how can love survive?
11639,314263,"sara zelle, ryan hopkins, natalie hall, matthew ballinger, tracy alison walsh, andrea bowen, ashley rose orr, michael siberry, rebecca luker",the sound of music (reprise)
11640,314265,"theodore bikel, mary martin & children",the sound of music (reprise)
11641,314266,orchestra,laendler
11642,314275,"jan maxwell, fred applegate, michael siberry",no way to stop it
11643,314274,2006 london cast,how can love survive?
11644,314272,action action,photograph
11645,314279,katastrophy wife,sweetheart
11646,337001,マキシマム ザ ホルモン,"what's up, people?! ~tv size~"
11647,314320,khoiba,how far?
11648,314319,khoiba,b electric b
11649,314327,babyshambles,delivery (radio rip)
11650,314315,psí vojáci,chce se mi spát
11651,314338,psí vojáci,i'm lucky
11652,314323,psí vojáci,kruhy
11653,314424,psí vojáci,nebe je zatažený
11654,314280,psí vojáci,kruhy (live)
11655,314398,roe-deer,apple-sauce song
11656,314399,roe-deer,deer
11657,314410,roe-deer,touch the sky
11658,314350,regina spektor,dog and pony
11659,314304,moimir papalescu & the nihilists,everybody calls me an angel
11660,314284,moimir papalescu & the nihilists,corpse
11661,314285,moimir papalescu & the nihilists,bonus-sick of sunshine punk
11662,314301,roe-deer,marie
11663,314300,roe-deer,lost
11664,314299,roe-deer,game of love
11665,314290,khoiba,faceless
11666,314291,khoiba,nasty grrrl
11667,314292,khoiba,hurting waves
11668,314293,khoiba,dilemma
11669,314294,lily allen,heart of glass (blondie cover live @ sxsw)
11670,314305,moimir papalescu & the nihilists,no background
11671,314295,psí vojáci,krasobruslař
11672,314298,roe-deer,elephants
11673,314302,roe-deer feat. the prostitutes,you really got me
11674,314322,psí vojáci,brutal lyric
11675,314303,moimir papalescu & the nihilists,chaingang
11676,314363,psí vojáci,dotkla
11677,314344,moimir papalescu & the nihilists,devil in my go-go room
11678,314345,moimir papalescu & the nihilists,eighties bar
11679,314308,moimir papalescu & the nihilists,manipulation
11680,314331,psí vojáci,a mluvil hlas
11681,314332,psí vojáci,zavři
11682,314333,psí vojáci,slova
11683,314317,soundtrack,lust for life
11684,314310,hm...,píseň o lásce
11685,314311,hm...,píseň o přátelství
11686,314312,hm...,moje milá
11687,314336,psí vojáci,heja! heja!
11688,314314,psí vojáci,myši v poli
11689,314335,psí vojáci,představy
11690,314337,psí vojáci,evropan
11691,314318,khoiba,passion
11692,314349,psí vojáci,pank - zamyšlení
11693,314346,roe-deer,happy
11694,314347,roe-deer,whisper of now
11695,314342,psí vojáci,malá zimní hudba: andante
11696,314340,hm...,zůstane jen...
11697,314397,psí vojáci,viselec
11698,314343,moimir papalescu & the nihilists,summer wine
11699,314381,hm...,asi si umřu
11700,314359,hm...,motiv dívčí
11701,314352,hm...,ukolíbafka
11702,314385,hm...,noc plná tajemství
11703,314351,moimir papalescu & the nihilists,hotroad hank
11704,314353,hm...,moje ruce
11705,314393,hm...,piloti
11706,314386,hm...,buď můj salám
11707,314360,hm...,bossa
11708,314395,hm...,o čem ví tesknota
11709,314427,hm...,u studánky
11710,314434,hm...,čtveračka
11711,314392,hm...,ukolébavka
11712,314436,hm...,babička
11713,314432,hm...,můj sen
11714,314355,moimir papalescu & the nihilists,shelter
11715,314361,hm...,ája
11716,314374,roe-deer,koupak
11717,314366,psí vojáci,napsal jsem pisen
11718,314400,psí vojáci,prsi 5
11719,314401,psí vojáci,kabatky deravy
11720,314364,psí vojáci,tezko rict
11721,314365,ememvoodoopöká,nanár
11722,314367,psí vojáci,musantet
11723,314415,psí vojáci,holicky
11724,314369,khoiba,me and my victory
11725,314371,khoiba,wash this out
11726,314372,khoiba,sole eyed
11727,314377,khoiba,spikey/the tone
11728,314403,khoiba,brain editing
11729,314380,khoiba,trace errant
11730,314384,ester kočičková a lubomír nohavica,"petrohrad, zima roku 1917"
11731,314389,ester kočičková a lubomír nohavica,poslední balada
11732,314394,mňága & žďorp,hodinový hotel
11733,314405,shocking pinks,smokescreen
11734,314407,ester kočičková a lubomír nohavica,až mi tě odvezou
11735,314426,ester kočičková a lubomír nohavica,blues o bezradné paní
11736,314412,kate nash,seven nation army (white stripes cover)
11737,314413,michael bacich,crazy about my baby
11738,314417,moimir papalescu & the nihilists,rock and roll save my soul
11739,314418,moimir papalescu & the nihilists,suzanne calibre no. 45
11740,314421,one hand band,got 2 get 2
11741,314422,one hand band,goodbye troubles ii.
11742,314431,pinking shears,meet you later
11743,314437,hm...,znáš dálku ...?
11744,314438,hm...,u tebe teplo je...
11745,314439,hm...,sbohem a šáteček
11746,314446,hm...,radosti života č vi.
11747,314441,hm...,můj příběh
11748,314440,hm...,kuplet o ženské emancipaci
11749,314442,hm...,inspirace
11750,314444,hm...,plán na zimu
11751,314445,the cardigans,love me
11752,314448,airfare,sorry baby (radio edit)
11753,314450,the prostitutes,leave it like it is
11754,315009,the ecstasy of saint theresa,local distortion
11755,314452,sunflower caravan,the hidden words
11756,314458,lighthouse family,let it all change
11757,314509,piotr bukartyk,idź już
11758,314542,the black crowes,young man old man
11759,314459,vanessa da mata,boa sorte (good luck) (feat. ben harper)
11760,314460,anoushka shankar & karsh kale,sea dreamer (feat. sting)
11761,314555,groove collective,lift off
11762,314462,carlos santana,put your lights on (feat. everlast)
11763,314484,marc cohn,ghost train
11764,314471,bent fabric,jukebox
11765,314473,strachy na lachy,wojny gwiezdne
11766,314474,strachy na lachy,marmur
11767,314492,carlos santana,corazón espinado (feat. maná)
11768,314477,carlos santana,you are my kind (feat. seal)
11769,314491,voo voo,dzisiaj jest ładna pogoda
11770,314546,tom helsen,sun in her eyes
11771,314487,grzegorz turnau,atlantyda
11772,314488,bajm,kraina milosci
11773,314504,lighthouse family,postcard from heaven
11774,314505,lighthouse family,sun in the night
11775,314489,synchronoize,sweet times of mine
11776,314495,die toten hosen,auld lang syne
11777,314497,breakout,karate
11778,314507,grzegorz turnau,wszystko co piękne
11779,314518,last exit,carrion prince
11780,314519,last exit,every day's just the same
11781,314520,last exit,untitled
11782,314521,last exit,i'm on this train
11783,314522,last exit,savage beast
11784,314523,last exit,whispering voices
11785,314514,carly comando,everyday
11786,314517,angelo badalamenti,theme from twin peaks: fire walk with me
11787,314529,ten years after,the bluest blues
11788,344729,pat metheny group,we live here
11789,314530,pat metheny,don't know why
11790,314549,sarah brightman,captain nemo
11791,314556,"harry connick, jr.",heavenly
11792,314559,the brand new heavies,ride in the sky
11793,314563,genesis,dukes's intro (behind the lines)
11794,314626,mantic,time to testify (redemption)
11795,314627,mantic,redemption ii
11796,314572,dirge,"trust me, i'm lying"
11797,314570,raven,unnamed
11798,314571,raven,so lonely without you
11799,314574,voyces,relate to me
11800,314577,guilt hands shining,where are you now?
11801,314575,guilt hands shining,picture frames
11802,314576,guilt hands shining,head in a oven
11803,314578,the wombats,the ostrich song
11804,314591,santana,i am somebody
11805,314581,the wombats,party in a forest
11806,314586,和田薫,"kaoru wada - shrine maiden, kikyou (kikyou's theme)"
11807,314588,和田薫,feelings that transcend time ii
11808,314582,guarro,before i die
11809,314583,kasabian,the last high
11810,314584,red hot chili peppers,whatever we want
11811,314585,red hot chili peppers,lately
11812,314587,和田薫,nobuo uematsu - to zanarkand (from final fantasy x)
11813,314593,kobalt,dirty girl (acoustic jam)
11814,314595,norah jones,angels
11815,314597,red hot chili peppers,soul to squeeze (acapella)
11816,314608,ray charles,lonely avenue
11817,314600,mylo,in my arms (linus loves remix)
11818,314629,john mayer,i don't trust myself ( with loving you )
11819,314632,aaron zigman,main title
11820,314633,michael bublé,love at first sight
11821,314646,harry gregson-williams,prince caspian flees
11822,314647,harry gregson-williams,the kings and queens of old
11823,314648,harry gregson-williams,arrival at aslan's how
11824,314649,harry gregson-williams,raid on the castle
11825,314655,eddie money,peace in our time
11826,314637,donald faison & zach braff,guy love
11827,314638,randy edelman,men of honor
11828,314644,gregg allman,i'm no angel
11829,314643,randy edelman,main title
11830,314642,eddie money,looking through the eyes of a child
11831,314660,rocco deluca & the burden,colorful
11832,314654,harry gregson-williams,miraz crowned
11833,314650,harry gregson-williams,return of the lion
11834,314651,harry gregson-williams,the door in the air
11835,314653,hyrise,leading me on
11836,314656,the gregg allman band,i'm no angel
11837,314657,the magic fool bus,theme
11838,314659,mychael danna/devotchka,no one gets left behind
11839,314665,keane,my shadow
11840,314661,keane,another one bites the dizzee
11841,314662,paul young,everytime you go away (single version)
11842,314664,andrea bocelli,dell' amore non si sa
11843,314723,andy timmons,i remember stevie
11844,314682,lillal en el altillo,tu risa es la lluvia
11845,314685,tommy emmanuel,somewhere over the rainbow
11846,329307,la 33,la pantera mambo
11847,314727,bernadette seacrest and her yes men,nobody's cryin'
11848,314728,bernadette seacrest and her yes men,when the sun comes
11849,314726,bernadette seacrest and her yes men,caravan
11850,314670,philip glass,massman
11851,314672,philip glass,religion
11852,314674,philip glass,old world
11853,314676,philip glass,point blank
11854,314677,philip glass,the vivid unknown
11855,314688,i am robot and proud,friction on teeth
11856,337187,yoshihisa hirano and hideki taniuchi,low of solupsism
11857,314707,astor piazzolla,camorra ii
11858,314718,café tacvba,24 horas
11859,314721,fito páez,ojos rojos
11860,314736,50footwave,bone china
11861,314738,massacre,nuevo día
11862,314739,massacre,from your lips
11863,314740,massacre,stepping stones
11864,314741,massacre,plan b
11865,314742,massacre,mi mami no lo hará
11866,314743,massacre,estallando desde el océano
11867,314744,massacre,juicio a un bailarín
11868,314745,massacre,eighteen
11869,314746,massacre,el alma en la barca
11870,314747,massacre,"sembrar, sembrar"
11871,314750,massacre,el espejo
11872,314751,massacre,complete control
11873,314752,massacre,te leo al revés
11874,314771,massacre,la respuesta es fácil
11875,314769,massacre,you really got me
11876,314770,massacre,1984 (remix)
11877,314761,massacre,canción de las muñecas
11878,314762,massacre,someday never comes
11879,314788,juliana hatfield,what do i care
11880,314790,juliana hatfield,hole in the sky
11881,314792,juliana hatfield,my pet lion
11882,314764,50footwave,el dorado
11883,314766,50footwave,petal
11884,314767,50footwave,pneuma
11885,314772,kendra smith,valley of the morning sun
11886,314845,the verve,see you in the next one
11887,314888,catatonia,infantile
11888,314815,radiohead,02 - creep
11889,314952,radiohead,10 - i can't
11890,314785,free kitten,daddy long legs
11891,314786,bikini kill,in accordance to natural law
11892,352537,liliput,like or lump it
11893,314796,alabama thunderpussy,fever 103
11894,329275,todos tus muertos,mate
11895,314807,scheer,shea
11896,314808,scheer,howling boy
11897,314810,scheer,in your hand
11898,314811,scheer,demon
11899,314804,supergrass,06-grace
11900,314805,supergrass,12-mary
11901,314862,supergrass,20-time
11902,314816,radiohead,07 - ripcord
11903,314818,horace andy & mad professor,what you gonna do?
11904,314951,radiohead,01 - you
11905,314823,jimmy chamberlin complex,p.s.a.
11906,314830,[unknown],pista de audio 01
11907,314833,[unknown],pista de audio 05
11908,314842,pere ubu,stolen cadillac
11909,314855,henry's dress,title forthcoming
11910,314856,henry's dress,sally wants
11911,314858,henry's dress,three
11912,314859,henry's dress,feathers
11913,314863,the soul renegades with texas,you'll never know
11914,314870,massacre,plan b: anhelo de satisfacción
11915,314871,massacre,tres paredes
11916,314872,massacre,ante el abismo
11917,314873,massacre,el hombre normal
11918,314905,massacre,dressed in black
11919,314906,massacre,road of... (camino de reflexión)
11920,314907,massacre,profundas esperanzas
11921,314867,massacre,el espejo (reflejo i)
11922,314868,massacre,tan solo quería ser
11923,314866,massacre,a jerry garcía
11924,314869,massacre,el taxidermista
11925,314881,massacre,el espejo (reflejo ii)
11926,314874,massacre,angélica
11927,314895,massacre,ascención
11928,314939,massacre,no puedo dejar
11929,314940,massacre,te arrepiento
11930,314941,massacre,ella me sigue
11931,314949,massacre,laika se va
11932,314893,massacre,cuasi delictual
11933,314883,consequence,quence is family (intro)
11934,314892,massacre,llena de té
11935,314894,massacre,minicubics
11936,314947,massacre,majestial
11937,314948,massacre,ana (1 - ana se duerme 2 - sueña 3 - ana despierta)
11938,314897,coil,manunkind
11939,314908,massacre,la octava maravilla
11940,314909,massacre,compulsión
11941,314910,massacre,estamos en problemas
11942,314911,massacre,la orquídea blanca
11943,314912,massacre,divorcio
11944,314913,massacre,la reina de marte
11945,314914,massacre,vienen zombies
11946,314915,massacre,clavos y globos
11947,314916,massacre,invasoras amazonas
11948,314917,massacre,maggie may
11949,314918,far,monkey gone to heaven
11950,314921,teen heroes,manta ray
11951,314923,ride,the dawn patrol
11952,314924,ride,ride the wind
11953,314926,ride,starlight motel
11954,314928,rocket from the crypt,white belt
11955,314929,rocket from the crypt,out of control
11956,314930,rocket from the crypt,heart of a rat
11957,314932,apollo sunshine,flip!
11958,314933,apollo sunshine,ghost
11959,314934,apollo sunshine,a finger pointing at the moon
11960,314935,apollo sunshine,phoney marony
11961,314937,faces,flags and banners
11962,314942,the impossible shapes,ra in thy rising
11963,314957,elastica,mad dog
11964,314968,detektivbyrån,kärlekens alla färjor
11965,314970,skyline,inner riot
11966,314971,skyline,it's up to you
11967,314972,skyline,kick the gig
11968,314973,skyline,ladies
11969,314974,skyline,new border
11970,314975,skyline,ninja!
11971,314976,skyline,no chance
11972,314977,skyline,one heaven
11973,314978,skyline,pretty princes
11974,314979,skyline,terminated
11975,315025,jazzanova,marschmellows / soulpower (jazzanova's straight dub mix)
11976,315032,goldfrapp,slide in (live @ paradiso 2006-05-30)
11977,315033,goldfrapp,satin chic (live @ paradiso 2006-05-30)
11978,315031,goldfrapp,ooh la la (live @ paradiso 2006-05-30)
11979,315026,jazzanova,men from the nile / watch them come!!! (jazzanova mix)
11980,314981,fatboy slim,reshuffle
11981,314982,danmass,haze
11982,315028,dorfmeister vs. mdla,boogie no more
11983,315040,the ecstasy of saint theresa,plain.com
11984,315049,dragonette,i get around (ratcliffe dub)
11985,315050,semme & number 9,instrumental
11986,315061,the seven laws of woo,the head
11987,315047,billie ray martin,no brakes on my rollerskates (mark moore and mr. motion mix)
11988,314995,diam's,introduction
11989,315001,towa tei,forget me nots
11990,315002,towa tei,la douce vie
11991,315003,towa tei,gbi
11992,315114,the black eyed peas,feel it (jazzy jeff soulful remix)
11993,315008,dulci,come a little bit closer+figtht it+worried man blues fpp2
11994,315066,dulci,another day fpp2
11995,315036,funkstar de luxe,ignition
11996,315012,karsh kale,free fall - feat. trixie reiss & sabiha khan
11997,315014,karsh kale,innocence & power - feat. dierdre dubois & vishal vaid
11998,315015,karsh kale,some things are o.k. - feat. vishal vaid & sabiha khan
11999,315016,karsh kale,louder than bombs - feat. todd michaelsen & vishal vaid
12000,315017,karsh kale,city lights - feat. todd michaelsen
12001,315018,karsh kale,rise up - feat. shahid siddiqui & sabiha khan
12002,315019,karsh kale,manifest - feat. mc napoleon & vishal vaid
12003,315020,karsh kale,dancing at sunset - feat. todd michaelsen & sabiha khan
12004,315037,the ecstasy of saint theresa,i'm (not really) optimistic
12005,315038,the ecstasy of saint theresa,bass 2
12006,315039,the ecstasy of saint theresa,good at frost
12007,315041,the ecstasy of saint theresa,than i'd have less time for myself
12008,315042,the ecstasy of saint theresa,happy r
12009,315043,the ecstasy of saint theresa,www.eost.pluto
12010,315045,the ecstasy of saint theresa,synchro
12011,315051,sexy dancers,butcher's on the road
12012,315052,sexy dancers,f.i.u.
12013,315053,sexy dancers,grovy luvah
12014,315054,sexy dancers,introduction to hapiness
12015,315055,sexy dancers,o4205
12016,315057,sexy dancers,some people
12017,315058,sexy dancers,sportsman
12018,315059,sexy dancers,crazysuperdiskofag
12019,315060,sexy dancers,three steps
12020,315067,鼓童,strobe's satori beats
12021,315068,鼓童,yu-karak ii
12022,315069,鼓童,ibuki reconstruction
12023,315071,鼓童,kevin yost's deep & ethnic mix
12024,315072,鼓童,wax on
12025,315073,鼓童,inteligente's nobi (kashikoi taiko to basu mix)
12026,315074,鼓童,strobe's the hunted (kannagara mix)
12027,315075,鼓童,bill laswell's nanafushi
12028,315076,鼓童,bill laswell's the hunted
12029,315077,anoushka shankar & karsh kale,burn
12030,315078,brooklyn funk essentials,the creator has a master plan
12031,315082,brooklyn funk essentials,mizz bed-stuy
12032,315085,the ecstasy of saint theresa,sooper kosmos (love stepping in mix)
12033,315086,the ecstasy of saint theresa,surfing on steam (chet desmond melde dich mix)
12034,315087,delerium,paris
12035,315090,transglobal underground,7-5
12036,315092,transglobal underground,stoyane/male-le-
12037,315098,transglobal underground,london zulu
12038,315107,kenan doğulu,rahatla
12039,315112,transglobal underground,bhimpalasi warriors
12040,376352,shirley bassey,big spender (wild oscar mix)
12041,345319,jazmine sullivan,after the hurricane
12042,345317,jazmine sullivan,switch!
12043,375603,foreigner,blinded by science
12044,375452,jmfh,the feeling - love it when you call
12045,345401,mount sims,object electronique
12046,344789,hum,i hate it too
12047,352472,a frames,flies
12048,352491,a frames,death train
12049,376465,the attack,colour of my mind
12050,376464,the poets,in your tower
12051,352248,the clash,innoculated city
12052,352436,jad fair & yo la tengo,texas man abducted by aliens for outer space joy ride
12053,352548,jad fair & yo la tengo,national sports association hires retired english professor to name new wrestling holds
12054,352340,jad fair & yo la tengo,embarrassed teen accidentally uses valuable rare postage stamp
12055,352388,jad fair & yo la tengo,ohio town saved from killer bees by hungry vampire bats
12056,352338,jad fair & yo la tengo,feisty millionaire fills potholes with hundred-dollar bills
12057,352566,ride,something's burning
12058,352213,the names,life by the sea
12059,376418,mccarthy,the wicked palace revolution
12060,376419,mccarthy,the procession of popular capitalism
12061,376357,julian cope,strasbourg
12062,376358,julian cope,kolly kibber's birthday
12063,352265,the flaming stars,bring me the rest of alfredo garcia
12064,352431,the homosexuals,a million keys
12065,352570,the homosexuals,still living in my car
12066,352135,the names,calcutta
12067,375463,starflyer 59,it's alright blondie
12068,378447,cutting crew,sahara
12069,375288,neverending white lights,age of consent
12070,376347,the explorers club,summer air
12071,376520,fiction plane,real real
12072,376346,the explorers club,"honey, i don't know why"
12073,321707,gatas parlament,utro (det er slutt)
12074,321527,hopalong knut,bautastein
12075,321637,r. kelly,"public announcement  slow dance (hey, mr. dj) singin' mix"
12076,321687,en hyllest til joachim nielsen,skrujern - verdiløse menn
12077,321675,brand nubian,just don't learn
12078,321524,hopalong knut,artikaill
12079,321705,fenaxiz,pieces of a man
12080,321664,vazelina bilopphøggers,gi meg fri i kveld
12081,321656,gatas parlament,prat
12082,321650,stack bundles,hustlers go crazy
12083,321682,valentinerne,gjeld
12084,321661,big boi,purple ribbon (interlude)
12085,321528,hopalong knut,jabbsaft
12086,321525,hopalong knut,lykkejegere
12087,321526,hopalong knut,hallo jænki
12088,321640,warlocks,vot click
12089,321676,richie spice,the system
12090,321585,consequence,untitled (skit)
12091,321651,petter & dj large,99 till evigheten
12092,321513,extended spirit,siding
12093,321529,various artists,my funny valentine (big muff)
12094,321547,thievery corporation,avatars of dub - sexelevatormuzik
12095,321530,various artists,first class 77 (fantastic plastic machine)
12096,321601,lovetronic,you are love
12097,321521,various artists,château rouge (seven dub)
12098,321669,"cutler, jon & e-man",it's yours
12099,321667,ministry of sound,18 - mylo - need you tonight
12100,321600,ministry of sound,dino - call me
12101,321646,ministry of sound,soul central - strings of life
12102,321702,ministry of sound,17 - dave seaman - my own worst enemy
12103,321627,black uhuru,"sponji reggae (12"" version)"
12104,321576,the game,dear mr. president
12105,321704,stack bundles,get ya mind right
12106,321686,paul oakenfold,one day by nubreed and luke chable
12107,321532,gartnerlosjen,johan olav og den magiske fløyta
12108,321562,xploding plastix feat. sarah cracknell,sunset spirals (rune lindbæk remix)
12109,321563,ministry of sound,16 - coldplay - don't panic
12110,321685,tommy tee,bonds intro (feat. father blanco)
12111,321688,sam popat,cloud
12112,321636,sam popat,my name is kirpi
12113,321648,onasis feat. jhetto,freestyle
12114,321690,jhetto & onasis,freestyle
12115,321633,folk & røvere,englestøv
12116,321668,folk & røvere,medisin
12117,321523,folk & røvere,kakao
12118,321533,gartnerlosjen,japan gartnerheavy
12119,321534,gartnerlosjen,vann varme sanitet
12120,321535,gartnerlosjen,hvitt liv
12121,321536,gartnerlosjen,skikkelig dritt
12122,321537,gartnerlosjen,intens død
12123,321673,ministry of sound,19 - cut copy - saturdays
12124,321539,gartnerlosjen,telefonen
12125,321582,ministry of sound,05 - ben harper - there will be light
12126,321542,racer,dum & deilig
12127,321544,cockroach clan,kenguruvise
12128,321556,dj green lantern,your longest trip - beanie sigel (green lantern mix)
12129,321557,dj green lantern,the click - j.r. writer [produced by green lantern]
12130,321548,dj green lantern,alive on arrival (intro)
12131,321554,dj green lantern,swizz beatz (interlude)
12132,321622,ray charles,ray charles - you are my sunsh
12133,321589,ugress,nightingale
12134,321594,colorfinger,anita sonic love
12135,321625,albert king & john lee hooker,born under a bad sign
12136,321623,carl thomas && ll cool j,she is (remix)
12137,321631,master p feat. silkk the shocker,we bout that
12138,321663,the aller værste!,ingen vei tilbake
12139,321677,münchen,friday fahrenheit
12140,321665,the aller værste!,bare ikke nok
12141,321671,audun,been there done that
12142,321693,svein krogstad,med på alt
12143,321697,the laundrettes,et godt parti
12144,321698,de-phazz,la lucertola (album version)
12145,321699,de-phazz,hero dead and gone (radio swing mix)
12146,352506,the wake,here comes everybody
12147,352490,the wake,send them away
12148,352498,the wake,sail through
12149,352392,the wake,melancholy man
12150,380405,amebix,curfew
12151,329373,swans,a screw
12152,376168,adam sandler,at a medium pace
12153,380524,johnny cash,story of a broken heart
12154,352347,teenage fanclub,golden glades
12155,352394,liliput,yours is mine
12156,344736,eagles,wasted time (reprise)
12157,344737,pat metheny group,farmer's trust
12158,352346,fleetwood mac,forever
12159,376466,the moody blues,love and beauty
12160,376399,ry cooder,poor man's shangri-la
12161,329273,thelonious monk quartet,sweet and lovely
12162,352378,half japanese,uncertain feelings
12163,344722,pat metheny group,the search
12164,329291,miles davis all stars,love me or leave me
12165,376271,todd rundgren,when the shit hits the fan / sunset blvd.
12166,344822,the byrds,the girl with no name
12167,344776,vietnam,step on inside
12168,376462,the easybeats,sorry
12169,329257,manu katché,lo
12170,376270,todd rundgren,never never land
12171,344781,vietnam,hotel riverview
12172,344777,vietnam,mr. goldfinger
12173,329292,joe pass,how high the moon
12174,352501,the byrds,i wanna grow up to be a politician
12175,344657,moony,dove
12176,345370,cut copy,cut copy - drop the bomb
12177,344660,duderstadt & kirsty hawkshaw,beatitude
12178,329306,traffic,light up or leave me alone
12179,329183,azymuth featuring sabrina malheiros,papa
12180,329335,tcheka,agonia
12181,329287,amalgam,you turn
12182,376169,ostroshinsky,people and places
12183,329385,magda piskorczyk,never make your move too soon
12184,329384,magda piskorczyk,joshua fit the battle of jericho
12185,329309,marc jordan,i must have left my heart
12186,329240,celso krause,hardcoralineaux
12187,329300,the funk brothers,6 by 6
12188,329321,julia marcell,accordion player (people theatre remix)
12189,329362,jackie mclean,let's face the music and dance
12190,329238,chet baker,what'll i do
12191,329218,chris bozzone,at the ebb of the tide
12192,329200,celso krause,baiăo amilongado
12193,329377,yngwie j. malmsteen,forever one
12194,329375,cannonball adderley,mercy mercy mercy single version
12195,329234,dianne reeves,love for sale (live)
12196,329258,marisa monte,pétalas esquecidas
12197,329278,janiva magness,you were never mine
12198,329311,chaka khan,them there eyes
12199,329312,chaka khan,all of me
12200,329313,chaka khan,i mean you
12201,329314,chaka khan,i love you porgy
12202,329316,chaka khan,i hear music
12203,329315,chaka khan,take the a train
12204,329317,chaka khan,hire wire (the aerialist)
12205,329318,chaka khan,all of me (alternate take)
12206,329271,joanna connor,they love each other
12207,329386,melissa polinar,always need you
12208,329169,kristina aglinz,saturday dance
12209,329192,coco montoya,"monkey see, monkey do"
12210,329304,coco montoya,can't get my ass in gear
12211,329204,bob james,softly as in a morning sunrise
12212,329249,flamenco caravan,aires de cuba
12213,329351,mulgrew miller,go east young man
12214,329250,the ipanemas,sertao
12215,329201,breno sauer quarteto,strangers in the night
12216,329190,supertramp,babaji
12217,375508,pereza,grupis
12218,329285,melissa polinar,freedom
12219,329348,magda piskorczyk,all of me
12220,329244,mimi fox,all blues
12221,329245,tina brooks,stranger in paradise
12222,329260,joão gilberto,málaga
12223,329226,sleepwalker feat. bémbé séguén,into the sun
12224,329308,gerry mulligan & paul desmond,untitled blues waltz (breakdown)
12225,329172,fletcher henderson,king porter stomp
12226,329296,arturo sandoval,groovin' high
12227,329263,john fogerty,proud mary
12228,329294,mccoy tyner,speak low
12229,329236,erin boheme,touch me tonight
12230,329239,nova jazz orchestra,the thing about george coleman
12231,329222,brian lynch,jamaica silver
12232,329220,tigerlilly,journey
12233,329303,james carter,tenderly
12234,329237,a secret sense,tell me why
12235,329176,bemibem,podaruj mi trochę słońca
12236,329289,john coltrane,don't cry baby blues
12237,329242,coco montoya,hard love
12238,329224,muleskinner blues band,rock me baby
12239,329255,muleskinner blues band,hard way
12240,329168,buyable,soul
12241,329290,joseph patrick moore,mystery (live)
12242,329196,otis taylor,ten million slaves
12243,329197,otis taylor,rain so hard
12244,329198,otis taylor,baby so
12245,329179,coleman hawkins; sonny rollins,summertime (1997 remastered)
12246,329231,stanley turrentine,and satisfy
12247,329256,vijay iyer & mike ladd,in what language
12248,329221,ronnie baxter,bullet
12249,329267,zoomonk,city
12250,329165,over time,our samba
12251,329170,the art blakey quintet,wee-dot (alternate take)
12252,329171,"miles davis,wayne shorter,herbie hancok,ron carter,tony williams",masqualero
12253,329175,laverne butler,all that i know
12254,329346,jorge solis,mis palabras
12255,329324,the black atlantic,madagascar
12256,329182,patricia marx featuring joao parahyba,e o meu amor vi passar
12257,329184,darien brockington,crazy
12258,329185,darien brockington,he will break your heart
12259,329187,darien brockington,think it over
12260,329208,larry vuckovich,belgrade blues (reissue: larry vuckovich original minor blues over middle eastern…
12261,329215,larry vuckovich,"short indigo (jon hendricks wrote and sang lyrics inspired by soulful, inventive…"
12262,329207,larry vuckovich,"after hours (reissue: inspired by ray bryant's version, larry vuckovich played it…"
12263,329213,larry vuckovich,lester's minor blues (larry vuckovich original suggests lester young's melodic and…
12264,329212,larry vuckovich,larry's dance (reissue: larry vuckovich's original is a balkan-influenced tune of…
12265,329210,larry vuckovich,flamingo (this is an authentic lyrical bolero.)
12266,329211,larry vuckovich,jumpin' at the woodside (reminiscent of 1938 count basie recording with lester young…
12267,329214,larry vuckovich,"ornithology (charlie parker classic bebop anthem based on ""how high the moon"" chord…"
12268,329209,larry vuckovich,dexter's mode (larry vuckovich original featuring a harmonic format reminiscent of…
12269,329284,larry vuckovich,street scene (music director alfred newman's movie theme from several 20th century…
12270,329219,les reed,lazy
12271,329206,rex sargeant,the last and the first
12272,329299,rex sargeant,journey
12273,329252,rex sargeant,and then the night
12274,329217,peggy lee,on the sunny side of the street
12275,329270,joe diorio trio,green dolphin street
12276,329241,joe diorio,poem
12277,329281,cold sweat,sons of ireland
12278,329280,travel by sea,split second time
12279,329301,gladys knight,midnight train to georgia
12280,329332,cocotier,tańczyk
12281,329326,cocotier,i tak nie uciekniesz
12282,329325,cocotier,bezkresne
12283,329331,cocotier,country girl
12284,329327,cocotier,h-moll
12285,329328,cocotier,gypsy summer
12286,329330,cocotier,innocent
12287,329337,adriana miki,cai em mim
12288,329364,bella wagner,easy words
12289,329334,cocotier,"bye, bye, django"
12290,329341,jj grey & mofro,orange blossoms
12291,329372,heroin and your veins,the first pain
12292,329371,heroin and your veins,diet and cancer
12293,329370,heroin and your veins,absurd
12294,329369,eldad  lidor,going on
12295,329376,bella wagner,love me or leave me
12296,329374,heart,under the sky
12297,329365,deafboyone,brave new world
12298,329366,deafboyone,cry baby
12299,329367,deafboyone,interference
12300,329390,lamiela,i'm confessing
12301,376307,the brothers martin,the missionary
12302,352424,the rapture,house of jealous lovers (morgan geist mix)
12303,344821,the byrds,mind gardens
12304,344758,loop,soundhead
12305,344782,loop,fix to fall
12306,344783,loop,carry me
12307,375399,the teddy bears,to know him is to love him
12308,375717,just a man,i'm sorry
12309,352638,orgue electronique,dame am steuer
12310,345020,high school musical cast,all for one
12311,345055,high school musical cast,you are the music in me (sharpay version)
12312,375554,vega 4,bullets
12313,344762,the adicts,organised confusion
12314,352403,liliput,birdy
12315,352274,étienne de crécy,soul seek
12316,352272,philippe zdar & étienne de crécy,poisoned
12317,376394,roy ayers,"it ain't your sign, it's your mind"
12318,376391,roy ayers,the golden rod
12319,376393,roy ayers,the third eye
12320,345402,mount sims,if i can't have you
12321,375437,skyclad,lightening the load
12322,336886,ai no kusabi,iason mink
12323,345002,the brilliant green,angel song -eve no kane-
12324,337176,子安武人,initial d - ki mama na kaze ni fukare
12325,337105,ginga nagareboshi gin bgm ost,in the trap
12326,337269,ginga nagareboshi gin bgm ost,run & fight gin
12327,337115,ginga nagareboshi gin bgm ost,afterwars
12328,337233,michihiro kuroda,crying butterfly
12329,337133,ai no kusabi,dark erogenous - track 02
12330,337113,ginga densetsu weed ost,assassin
12331,337195,wolf's rain ost 1,valse de la lune
12332,337037,ali project,indulgence
12333,337210,see-saw,to nowhere
12334,337152,see-saw,limits
12335,336888,spirit singers,with the will (original karaoke)
12336,336956,memorial special,run with the wind~yamato no theme~
12337,337270,aim,days~aijou to nichijou~ (tv size)
12338,337286,和田薫,happy days
12339,336875,宮崎歩,brave heart
12340,337246,タニウチヒデキ,l no nakama
12341,337140,yoshihisa hirano and hideki taniuchi,nightmare - alumina (tv size)
12342,337109,"franz ""v.i.p."" tornado & bazooka ""t.c.v."" girl",super euro flash
12343,336940,和田薫,the rewinding town
12344,336838,see-saw,aura (evil version)
12345,337205,佐橋俊彦,chi to taihai
12346,336856,佐橋俊彦,kiri geki
12347,336849,久石譲,abura ya
12348,337135,和田薫,road kamelot
12349,336836,pierrot,12.freaks
12350,337170,surface,4.fly high -tv edit-
12351,336828,pierrot,1.jisatsu no riyuu
12352,337169,yagami taichi (karaoke),yuuki wo tsubasa ni shite
12353,336925,see-saw,labyrinth
12354,336949,デジモンシンカーズ,shinka de guts!
12355,337077,下村陽子,castle oblivion
12356,337221,.hack//game - ost cd 2,27 - flying creature
12357,336927,yasuaki shimizu,if only i were closer....
12358,337106,.hack//game - ost cd 1,04 - root town delta - water capital mac anu
12359,337128,前田愛,i wish
12360,337260,jeremy soule,garden of seborhin
12361,336934,tachikawa mimi (karaoke),super girl
12362,337149,see-saw,echoes
12363,337215,鈴村健一,blader~duskmon no theme~
12364,337245,yasuaki shimizu,zuzun! zuzun!
12365,336859,takeru & iori,jingle bells
12366,337066,d.n.angel ost 1,white night ~ true light (tv size)
12367,337175,yamaguchi mayumi & nagano ai,jen to shaochung
12368,336931,川田まみ,another planet ～twilight～
12369,337136,久石譲,siroi ryu
12370,337027,wolf's rain ost 1,dogs and angels
12371,337104,"wada kouji, aim, & the digimon all stars",bokura no dejitaru waarudo
12372,336948,タニウチヒデキ,chichi no shi
12373,337202,fujita toshiko (taichi),yuuki wo tsubasa ni shite
12374,336841,p'unk~en~ciel,ready steady go ~tetsu  ready
12375,336865,surface,yume no tsuduki he -tv edit-
12376,336985,the stand up,suteki na shiawase
12377,337183,nirgilis,snow kiss
12378,336857,d.n.angel ost 1,beginning
12379,337154,pierrot,02.shingetsu
12380,337254,see-saw,together
12381,337258,久石譲,fushigi no kuni no junin
12382,336906,see-saw,open your heart ~ reprise
12383,337030,タニウチヒデキ,ligh no engi
12384,336959,pierrot,magnet holic
12385,336852,jeremy soule,distant battle
12386,336855,jeremy soule,fortress of jahai
12387,337074,d.n.angel ost 1,battle
12388,337150,see-saw,cyber-slum
12389,337012,平野義久,mikami concertino
12390,337186,平野義久,coda～death note
12391,336929,川井憲次,feint
12392,336820,aim,believe
12393,336821,tsukimori len,ave maria
12394,336822,dino starr,give me your love
12395,336823,ootsuki kenji feat. nonaka ai & inoue marina & kobayashi yuu & sawashiro miyuki & shintani ryouko,hito toshite jiku ga bureteiru
12396,337153,wolf's rain ost 1,my little flower
12397,336842,東淳子,peer gynt suite no.1- i. morning mood
12398,337021,lee jianliang (karaoke),mirai
12399,337033,ali project,indian summer
12400,336936,pierrot,1.celluloid
12401,336825,pierrot,3.nounai morphine
12402,336826,pierrot,4.twelve
12403,336829,pierrot,4.screen 1- torikago
12404,337052,pierrot,4.kanata he
12405,336887,pierrot,8.sacred
12406,336885,pierrot,03.performance
12407,337188,pierrot,clown's mutter
12408,337232,pierrot,08.fukai nemuri sametara
12409,336970,pierrot,01.heaven
12410,336833,pierrot,the first cry in hades (guilty)
12411,336971,.hack//game - ost cd 1,20 - castle dungeon
12412,336880,yoichiro yoshikawa,youki
12413,336989,ジョグレスシンカーズ,mama ga santa ni kiss wo shita
12414,336843,kotoko,scene
12415,336844,zetsuai bronze ost,d
12416,337026,d.n.angel ost 1,frozen flower
12417,337062,yasuaki shimizu,death of ten no ryu
12418,336943,ikuo,believer
12419,336935,yasuaki shimizu,hinoto the wizard
12420,337276,タニウチヒデキ,l no shisou
12421,336846,ali project,be elegant
12422,336944,宮崎慎二,alice to tonio
12423,336884,.hack//game - ost cd 2,16 - net slum
12424,336850,nonaka ai & inoue marina & kobayashi yuu & shintani ryouko,gouin ni mai yeah~
12425,337061,和田光司,seven
12426,337263,aim,ashita wa atashi no kaze ga fuku
12427,336858,ensemble,under the double eagle (ensemble)
12428,336860,吉野裕司,??????
12429,336861,see-saw,fake wings (make decision vers
12430,336870,和田光司,butter-fly (tvサイズ)
12431,337148,see-saw,in your mind
12432,337168,宮崎慎二,kaze ni notte
12433,337284,weiß,other side of the moon
12434,336993,wolf's rain ost 1,paradiso
12435,336867,adventure girls,team adventure comment 2
12436,336869,タニウチヒデキ,modotaa light
12437,337054,soundtrack,battle frontier
12438,337217,佐橋俊彦,heigei
12439,336890,araki kae (hikari),reflection
12440,337020,wolf's rain ost 1,strangers
12441,337087,hida iori (karaoke),boku no ketsuron
12442,337253,angelo,dear [master]
12443,336999,ali project,from midst of town
12444,337209,see-saw,say goodbye
12445,337078,d.n.angel ost 1,jealousy
12446,336966,キリト,sakyuu
12447,337134,下村陽子,struggle away
12448,337126,ナイトメア,flora
12449,337162,aim,now is the time!!
12450,337098,川井憲次,imprisonment
12451,336872,natsuki rio (miyako),crash de bingo!
12452,336955,yasuaki shimizu,domino fallout ii
12453,337099,jeremy soule,turai's legacy
12454,336877,jeremy soule,invasion of vabbi
12455,336878,前田愛,keep on (tv size)
12456,336879,川井憲次,fear
12457,336881,memorial special,akumu
12458,337151,see-saw,strangers
12459,337224,aim,stand by me~hito natsu no bouken~ (a day in the boy's life version~promised land)
12460,337086,千葉進歩,black x'mas ~yamaki no theme~
12461,337118,久石譲,ano hi no kawa e
12462,337011,jeremy soule,unseen intruders
12463,337031,d-team,speed car
12464,336976,和田薫,the attack of the akuma
12465,337002,"daimon masaru (hoshi souichirou), agumon (matsuno taiki), tohma h. norstein (nojima hirofumi) & gaomon (nakai kazuya)",team?
12466,337172,yoichiro yoshikawa,tsuioku
12467,337082,和田薫,chief monitor komui
12468,337268,takaishi takeru (karaoke),focus
12469,337181,和田薫,nakama to tomoni
12470,336889,tomas t.,king of the night
12471,336892,yasuaki shimizu,intoxicating blossoms
12472,336893,タニウチヒデキ,mello 2
12473,336981,nonaka ai & inoue marina & kobayashi yuu & shintani ryouko,gouin ni mai yeah~ (uta nashi)
12474,337094,itsuki takeuchi,night fever
12475,336912,пётр ильич чайковский,nutcracker suite: russian dance
12476,337203,johann sebastian bach,badinerie (orchestral suite no.2)
12477,336895,johann sebastian bach,air (orchestral suite no.3)
12478,336896,johann sebastian bach,prelude in c major
12479,336897,johann sebastian bach,allegro (brandenburg concerto no.4)
12480,336898,johann sebastian bach,allegro (keyboard concerto no.4)
12481,336899,johann sebastian bach,bourrees i & ii (from cello suite no.3)
12482,336900,johann sebastian bach,adagio (concerto for oboe & violin)
12483,336901,johann sebastian bach,crucifixus (mass in b minor)
12484,336903,johann sebastian bach,gigue (french suite no.5)
12485,337114,johann sebastian bach,adagio from oboe concerto
12486,337019,johann sebastian bach,cantata bwv22: sanctify us by thy goodness
12487,337008,johann sebastian bach,harpsichord concerto no. 5 in f minor (or for oboe or violin in g minor) bwv 1056:…
12488,337058,ludwig van beethoven,quartet 'mir ist so wunderbar' from fidelio
12489,337190,wolfgang amadeus mozart,"flute concerto in d, kv 314: ii. andante ma non troppo"
12490,336968,wolfgang amadeus mozart,"clarinet concerto in a, ii. adagio"
12491,337117,wolfgang amadeus mozart,horn concerto #3 in e-flat: allegro
12492,337014,wolfgang amadeus mozart,"violin concerto no. 4 in d, k. 218: ii. andante cantabile"
12493,336917,antonio vivaldi,"the four seasons ""spring"": i. allegro"
12494,336907,see-saw,üüûçªîú­ (off vocal)
12495,337111,nutty,secret love
12496,337016,maeda ai (mimi),super girl
12497,337264,宮本駿一,byakuya ~true light~ (tv version)
12498,337184,nirgilis,snow kiss (original instrumental)
12499,336909,black power,get ready for loving
12500,336910,石毛佐和,the drop of a wind~izumi no theme~
12501,336942,see-saw,obsession (karaoke)
12502,337230,佐藤明美,fuyuumi shoko monologue
12503,336919,johann strauss i,tritsch-tratsch polka
12504,336918,frédéric chopin,waltz in d-flat major
12505,336920,johann sebastian bach,brandenburg concerto no.3 in g - 1 - (allegro)
12506,336921,georges bizet,carmen suite no. 2 (habanera)
12507,336923,пётр ильич чайковский,sleeping beauty ballet suite (waltz)
12508,336924,wolfgang amadeus mozart,"symphony no. 26 in e-flat major, k. 184: iii. allegro"
12509,336983,partystylerz,we are the partystylerz (radio edit)
12510,336926,アーマーシンカーズ,zettai allright ~digimental up!~
12511,337076,see-saw,broken wings
12512,336928,armadimon (karaoke),omyaato let's go!
12513,337089,d.n.angel,wasuremono
12514,336938,wolf's rain ost 1,gravity
12515,337231,teen-age wolves,tobira~door~
12516,337279,下村陽子,graceful assassin
12517,336946,d.n.angel ost 1,our story
12518,337289,see-saw,open your heart
12519,337207,jeremy soule,the five true gods
12520,337266,team artists,yuuki o uketsugu kodomotachi e (original karaoke)
12521,336953,daimon masaru (hoshi souichirou),beater!
12522,337198,wolf's rain ost 1,visions of a flame
12523,336988,和田薫,"mugen, activate"
12524,337127,round table,new world (acoustic version)
12525,337072,franz mad cow tornado,ganguro
12526,336998,wolf's rain ost 1,pilgrim snow
12527,336961,katou juri (karaoke),sayonara dake ga shitteta
12528,336973,平野綾,misa no uta
12529,336978,佐橋俊彦,dokuro
12530,337119,plastic tree,???
12531,337180,yoichiro yoshikawa,seisou ~conrad no theme~
12532,337010,yasuaki shimizu,glass planet
12533,337219,see-saw,comfort
12534,336962,maeda ai (mimi),open your heart
12535,336963,七瀬光,cruel tactics
12536,336967,川井憲次,yellow eyes
12537,336969,タニウチヒデキ,l no kako
12538,337196,wolf's rain ost 1,hot dog wolf
12539,337036,ali project,hakua byoto
12540,337139,atrium,night in tokyo
12541,337120,mega nrg man,into the fire
12542,337174,j. storm,dancin' in my dreams
12543,337029,wolf's rain ost 1,tip toe waltz
12544,337211,see-saw,end of the world
12545,336980,adventure boys & digimon,butter-fly
12546,336984,the 69 eyes,devils [single version]
12547,336986,ali project,friendly like in a childhood
12548,337060,和田薫,eliade to no ai
12549,337050,yagami hikari (karaoke),holy light
12550,336991,max coveri,golden age
12551,336995,宮崎歩,brave heart (arranger's remix)
12552,336997,水橋かおり,lili (line 5)
12553,337173,the black mages,dancing mad (final fantasy vi)
12554,337165,"dave rodgers, edo boys, takumi fujiwara",space boy ~no one sleep in tokyo (takumix)
12555,337000,.hack//game - ost cd 2,26 - puchiguso race victory theme
12556,337005,hikari & miyako,kiyoshi kono yoru
12557,337006,the black mages,the man with the machine gun (final fantasy viii)
12558,337013,hirata hiroaki (leomon),bark at the lies
12559,337015,izumi koushirou (karaoke),version up
12560,337285,k○y,no one
12561,337256,.hack//game - ost cd 2,22 - loop 3 opening
12562,337277,タニウチヒデキ,l
12563,337017,smile.dk,butterfly
12564,337071,miyahara nami (wallace),streets to the summer
12565,337055,高橋直純,ashita no kioku ~ tv version
12566,337257,タニウチヒデキ,death image
12567,337025,lolita,crazy dancer
12568,337028,see-saw,distrust
12569,337059,the 69 eyes,velvet touch [earlier version]
12570,337085,竹内順子,frontier main title
12571,337100,タニウチヒデキ,misa no theme b
12572,337032,see-saw,aura (awakening version)
12573,337034,ali project,little reliance
12574,337035,ali project,in the world
12575,337147,see-saw,"in the land of twilight, under"
12576,337141,see-saw,useless chatting
12577,337088,pokemon 4ever bludgeoned by taylor,wrapped up in the light (speedy mix)
12578,337040,pokemon: lucario and the mystery of mew,hajimari no ki
12579,337041,david rolfe,i'm undefeatable
12580,337042,shinji miyazaki,butoukai
12581,337043,shinji miyazaki,yaneura no yuuenchi
12582,337046,shinji miyazaki,go! hajimari no ki e
12583,337047,shinji miyazaki,yuujou ~ hajimari no ki e 2
12584,337048,shinji miyazaki,ousenda!!
12585,337107,shinji miyazaki,styler ~capture on~
12586,337132,shinji miyazaki,legend of the temple
12587,337080,shinji miyazaki,save the temple!!
12588,337272,川井憲次,a light shining in the darkness
12589,337057,"wada kouji, aim, & ohta michihiko",starting point
12590,337157,下村陽子,rage awakened
12591,337063,juliet,speak in english
12592,337069,jam project feat. kitadani hiroshi,divine love (off vocal)
12593,337073,wolf's rain ost 1,stray
12594,337281,d.n.angel ost 1,the heart comes apart
12595,337125,yasuaki shimizu,tragedy: movement 3
12596,337194,和田薫,"innocent, activate"
12597,337095,タニウチヒデキ,ayashige
12598,337122,jeremy soule,sunspear assault
12599,337101,jeremy soule,sulfurous wastes
12600,337102,平野義久,toward the climax
12601,337265,佐橋俊彦,"senpuku, soshite..."
12602,337142,plastic tree,????
12603,337131,the black mages,maybe i'm a lion (final fantasy viii)
12604,337185,plastic tree,?????
12605,337129,d.n.angel ost 1,a certain musician's portrait
12606,337145,佐橋俊彦,kotarou
12607,337290,川井憲次,an innocent virgin
12608,337161,アンティック-珈琲店-,koritsu hospital
12609,337197,wolf's rain ost 1,sold your soul
12610,337206,kiuchi reiko (daisuke),reach for you
12611,337212,d.n.angel ost 1,frozen smile
12612,337234,jeremy soule,age of the dragon
12613,337235,jeremy soule,harvest festival
12614,337237,jeremy soule,jade sea
12615,337243,jeremy soule,the eternal grove
12616,337244,jeremy soule,minister cho's estate
12617,337274,jeremy soule,unwaking waters
12618,337275,jeremy soule,day of the jade wind
12619,337250,d.n.angel vocal collection,true light(acoustic version)
12620,337271,七瀬光,reflection
12621,380494,the meteors,fire fire
12622,352637,can,halleluwah [edit]
12623,376513,das pop,fool for love (brodinski remix)
12624,376478,alton ellis,it's true
12625,376501,insane clown posse,let's go all the way
12626,344506,scooter,zebras crossing the street
12627,344558,scooter,my eyes are dry
12628,375741,2 unlimited,tribal dance 2.4 (revil o. remix)
12629,375672,2 unlimited,the real thing (radio edit)
12630,375828,2 unlimited,"twilight zone (7"" vocal)"
12631,375734,2 unlimited,maximum overdrive (radio edit)
12632,376041,2 unlimited,get ready for this (radio edit)
12633,375693,2 unlimited,no one (radio edit)
12634,375866,2 unlimited,desire (album version)
12635,344580,dj norman & symastic,play it loud
12636,375611,leftfield,africa shox
12637,344538,robbie williams,karaoke overkill
12638,344914,vanessa hudgens,rather be with you
12639,345166,vanessa hudgens,identified
12640,380434,johnny cash,you're my baby
12641,375376,the meeting places,wide awake
12642,375377,the meeting places,where you go
12643,352313,bawl,unfinished
12644,344491,scooter,jigga jigga
12645,344478,scooter,apache (flip and fill uk mix)
12646,344498,scooter,curfew
12647,344504,scooter,east sands anthem
12648,344589,scooter,privileged to witness
12649,344499,music instructor,rock your body
12650,344489,scooter,take me baby
12651,344488,fedde le grand ft..camille jones,the creeps - www.filemp3.ro -
12652,344476,firma,nimeni
12653,344667,cargo,dacă ploaia s-ar opri
12654,344487,666,d.e.v.i.l.
12655,344511,punk covers,flinstones
12656,344533,soundtrack,friends
12657,344666,alkayos,sagapao
12658,344502,airbiscuit,lately (lord baggins mix)
12659,344480,nancy sinatra,bang bang (theme form kill bill)
12660,344477,laura more,ai no corrida
12661,344482,scooter,the fish is jumping
12662,344494,scooter vs. marc acardipane & dick rules,alive
12663,344500,david guetta,love is gone [www.top-muzica.net]
12664,344505,crazy loop,crazy loop (mm ma ma) (radio edit)
12665,344516,nappy hardcore,forever young
12666,344518,scooter,whistling dave
12667,344522,scooter,lighten up the sky
12668,344525,3 feet smaller,let it out
12669,344524,3 feet smaller,angelstar
12670,344526,vank,regele soselelor
12671,344585,silver,forgiven
12672,344690,scooter,watch out
12673,344640,scooter,suavemente (original club)
12674,344625,scooter,the revolution
12675,344536,scooter,"faster, harder, scooter"
12676,344537,robbie williams,happy song
12677,344715,n&d,vino la mine
12678,344643,robbie williams,karaoke star
12679,344563,robbie williams,dance with the devil
12680,344590,scooter,suavemente (radio edit)
12681,344588,velvet,rock down (ext mix club)
12682,344709,scooter,trance-atlantic (club mix)
12683,344578,scooter,suavemente (extended)
12684,344626,scooter,maria
12685,344638,scooter,call me mañana
12686,344604,scooter,"well done, peter"
12687,344711,tiësto,lethal industry (lethal edit)
12688,344673,timbaland ft. nelly furtado & justin timberlake,give it to me   [ www.mp3uri.net ]
12689,344586,the chemical brothers,do it again (feat ali love) by www.top-muzica.net
12690,344595,scooter,no release
12691,344541,vank,nebun după tine
12692,344671,christina aguilera & scooter,happy hardcore - genie in a  bottle
12693,344544,scooter,i'll put you on the guest list
12694,344545,robbie williams,she makes me high
12695,344665,voltaj,noapte buna!
12696,344553,scooter,this is a monstertune
12697,344546,september,satelite
12698,344554,scooter,waiting for spring
12699,344550,brigitta & camelia,fallin'
12700,344551,brigitta & ana,knocking on heaven's door
12701,344579,scooter,the learning process
12702,344552,partizan,banii
12703,344562,scooter,main floor
12704,344555,ca$$a loco,din dragoste
12705,344662,n-eatgroove feat. rocca,scream
12706,344572,atb,you're not alone (2nd clubb mix)
12707,344566,scooter,jump that rock!
12708,344664,robbie williams,deceiving is believing
12709,344675,blue star,sweet dreams
12710,344577,s3rl,pretty rave girl
12711,344614,cargo,esti frumoasa ca o stea
12712,344609,dj drunken monkey,yeah
12713,344647,musikk feat. john rock,summer love
12714,344632,robbie williams,average b-side
12715,344596,alex c. feat. y-ass,sweetest ass in the world
12716,344686,teequee,popcorn
12717,344591,gigi d'agostino,toujours l'amour (i'll fly for you)
12718,344687,dancing dj's feat victoria,right beside you
12719,344594,starstylers,keep on moving (jarune remix)
12720,344607,rednex,cotton eye joe (remix)
12721,344598,dj fitzy vs.rossy b,please don't stop the music (s.g.a.t project remix)
12722,344694,clubbazz,my love your love (manox remix edit)
12723,344606,sam g.,take my hand  (cc.k extended mix)
12724,344612,wavetune,you're not alone 2008 (club mix)
12725,344653,love inc.,i'm coming for you (original edit)
12726,344599,scooter vs. status quo,jump that rock (whatever you want)
12727,344681,c-bool,do it easy (radio edit)
12728,344601,benx,treme & mc ortie feat lexzil - looking down (dj.kurt remix)
12729,344602,melanie flash vs baracuda,one in a million (original radio mix)
12730,344712,decco,pump this!
12731,344611,scooter vs. status quo,jump that rock (whatever you want) (radio edit)
12732,344706,headhunterz,rock civilization (hardbass edit)
12733,344619,showtek,puta madre
12734,344621,showtek,the puta story
12735,344622,walt jenssen,let the music play
12736,344624,showtek,virus
12737,344635,dutch master,get up
12738,344631,gary jules,mad world (donnie darko theme)
12739,344676,showtek,braincrackin'
12740,344636,scooter vs. status quo,the hi hat song
12741,344637,fantasy project,stay (dj torre extended mix)
12742,344714,raga rockers,serious sound (radio edit)
12743,344641,showtek,3 the hard way
12744,344713,dj dess,like this
12745,344695,john the whistler,i'm in love
12746,344652,body & soul feat. daddy fizz,taraful
12747,344646,caramba traxx,eternal dreams (extended mix)
12748,344672,slon in sadež,taliban reggae
12749,344668,diva djs vs nicki french,total eclipse of the heart 2006 (spit & polish radio mix)
12750,344650,desaparecidos vs. walter master j,ibiza remix
12751,344691,julian dj & davide sonar,y.r.m.l
12752,344654,dj splash,the miracle maker
12753,344658,voltaj,3d
12754,344655,schiller mit heppner,leben (fernsehfassung)
12755,344703,julian dj & davide sonar,go go go
12756,344697,dj. visaje,geil
12757,344670,zushi,lala song
12758,344679,mariah carey,i cant live without you
12759,344684,nyc police department,1 2 polizei
12760,344698,zero,sunny days
12761,344699,margareta pâslaru,dadardirladada
12762,344702,deepcentral,russian girl
12763,344701,deepcentral feat. di todo,cry it away
12764,344707,johann sebastian bach,minuet in g
12765,344710,kid cudi vs. crookers,day 'n nite
12766,344735,pat metheny group,above the treetops
12767,344716,we shot the moon,hope
12768,344717,solare,every day
12769,344718,the brother kite,porcelain
12770,344743,yearling,"i, flight machine"
12771,344745,christopher cross,open your heart
12772,344727,yearling,all of you and all of me
12773,344750,the brother kite,unearthed / digging in the dirt
12774,344749,the brother kite,never in years
12775,344724,solare,spiral out
12776,344720,woodale,keep driving
12777,344741,eagles,disco strangler
12778,344753,mae,novocaine
12779,344733,pat metheny group,this is not america
12780,344738,pat metheny group,cathedral in a suitcase
12781,344742,the brother kite,lay down your burden
12782,344747,the brother kite,simply say my name
12783,344728,pat metheny group,it's for you
12784,344725,the brother kite,waiting for the time to be right
12785,344731,pat metheny group,september fifteenth
12786,344744,the brother kite,"goodnight, goodnight, goodnight"
12787,344740,yearling,sora wo egaite
12788,344754,nick jago,the ballad of mary and johnny
12789,344761,the adicts,odd couple
12790,344763,the brian jonestown massacre,banter
12791,344770,neil young,why art thou silent and invisible...
12792,344803,the kinks,mr pleasant
12793,344791,big audio dynamite,i turned out a punk
12794,344800,spindrift,new west (vocal version)
12795,344801,spindrift,wind
12796,375184,the pretty things,scene one
12797,344805,the 13th floor elevators,til then
12798,344811,the 13th floor elevators,dear dr. doom
12799,344819,the pretty things,october 26
12800,344820,the pretty things,summer time
12801,344831,disney,what i've been looking for (reprise)
12802,344833,high school musical cast,bop to the top (ryan and sharpay)
12803,344832,disney,when there was me and you (karaoke)
12804,344838,cheyenne kimball,the day has come
12805,344839,cheyenne kimball,four walls
12806,344834,cheyenne kimball,hello goodbye
12807,344835,cheyenne kimball,good go bad
12808,345134,cheyenne kimball,didn't i
12809,344875,安室奈美恵,queen of hip-pop
12810,344958,boa,don't start now (english version)
12811,344840,saiko,veneno
12812,344873,安室奈美恵,the speed star
12813,344854,tommy heavenly6,ready?
12814,344849,安室奈美恵,girl talk
12815,344853,*nsync,thinking of you (i drive myself crazy)
12816,344861,belanova,boys don't cry
12817,344874,安室奈美恵,alarm
12818,344896,安室奈美恵,white light
12819,344876,安室奈美恵,ups & downs (duet with nao'ymt)
12820,344870,vanessa hudgens,afraid
12821,344869,安室奈美恵,i love you
12822,344877,the cheetah girls,why wait
12823,345099,disney,get'cha head in the game
12824,344885,ashley tisdale,i will be me
12825,344884,the cheetah girls,dance with me
12826,344888,the cheetah girls,do your own thing
12827,344895,安室奈美恵,all for you
12828,344892,ashley tisdale,don't touch
12829,344920,la oreja de van gogh,nuestro mundo
12830,344969,安室奈美恵,baby don't cry
12831,344890,ashley tisdale,i will be me (bonus track)
12832,344894,ashley tisdale,who i am
12833,344897,jordan pruitt,no ordinary girl
12834,344898,jordan pruitt,miss popularity
12835,344900,jordan pruitt,teenager
12836,344901,jordan pruitt,outside looking in
12837,344902,jordan pruitt,we are family
12838,344903,jordan pruitt,waiting for you
12839,344904,jordan pruitt,jump to the rhythm
12840,344905,jordan pruitt,my reality
12841,345128,tata young,i want some of that
12842,345094,tata young,superhypnotic
12843,345287,tata young,mila mila
12844,344893,ashley tisdale,it's life
12845,344931,hilary duff,material girl (feat haylie duff)
12846,344906,jordan pruitt,who likes who
12847,345033,jordan pruitt,when i pretend
12848,345074,tata young,i believe
12849,344954,drew seeley,dance with me (feat. belinda)
12850,344909,jonas brothers,i wanna be like you (the jungle book)
12851,344910,jordan pruitt,when she loved me (toy story 2)
12852,344919,vanessa hudgens (feat j. james),say ok (remix)
12853,344923,corbin bleu,deal with it
12854,344915,vanessa hudgens,psychic
12855,344916,vanessa hudgens,lose your love
12856,344960,miley cyrus,who said
12857,344961,miley cyrus,just like you
12858,344925,corbin bleu,she could be
12859,344926,corbin bleu,i get lonely
12860,344929,corbin bleu,mixed up
12861,344930,corbin bleu,marchin'
12862,344932,corbin bleu,never met a girl like you
12863,344934,marion raven,falling away
12864,344940,hsm cast,bop to the top (live)
12865,344941,hsm cast,breaking free (live)
12866,344943,hsm cast,start of something new (live)
12867,344945,hsm cast,i can't take my eyes off of you (live)
12868,344946,hsm cast,when there was me & you (live)
12869,344947,hsm cast,get'cha head in the game (live)
12870,344948,hsm cast,what i've been looking for (reprise) (live)
12871,344982,hsm cast,say ok (live)
12872,344980,hsm cast,dance with me (live)
12873,344979,hsm cast,we'll be together (live)
12874,344950,hsm cast,bop to the top
12875,344955,vanessa hudgens,too emotional
12876,344956,vanessa hudgens,drip drop
12877,344957,boa,destiny
12878,345026,keke palmer,jumpin'
12879,344964,miley cyrus,the other side of me
12880,344966,hsm2 cast,what time is it?
12881,344967,miley cyrus,make some noise
12882,345057,britney spears,boys (co-ed mix) (feat. pharrel wiliams)
12883,345038,安室奈美恵,pink key
12884,344985,安室奈美恵,step with it!
12885,345030,miley cyrus,one in a million
12886,345111,miley cyrus,you and me together
12887,345083,miley cyrus,true friend
12888,345040,miley cyrus,east northumberland high
12889,345086,miley cyrus,right here
12890,345087,miley cyrus,as i am
12891,344989,hsm cast,bet on it
12892,344994,hsm cast,you are the music in me
12893,344997,sixpack,cada vez
12894,345035,jordan pruitt,whatever
12895,345022,keke palmer,skin deep
12896,345034,jordan pruitt,waiting for the weekend
12897,345003,the brilliant green,forever to me ~owari naki kanashimi~
12898,345006,hsm cast,fabulous
12899,345007,hsm cast,work this out
12900,345004,hsm cast,you are the music in me (sharpay version)
12901,345005,hsm cast,gotta go my own way
12902,345008,hsm cast,everyday
12903,345009,hsm cast,all for one
12904,345011,hsm cast,what time is it
12905,345013,[disney],fabulous
12906,345016,[disney],you are the music in me (sharpay version)
12907,345017,[disney],gotta go my own way
12908,345018,[disney],bet on it
12909,345019,[disney],everyday
12910,345098,disney,start of something new
12911,345100,disney,what i've been looking for
12912,345101,disney,when there was me and you
12913,345130,heidi montag,body language
12914,345303,britney spears,when u gonna pull it?
12915,345042,the cheetah girls,uh oh
12916,345043,the cheetah girls,human
12917,345045,the cheetah girls,break out of this box
12918,345046,the cheetah girls,crash
12919,345048,the cheetah girls,all in me
12920,345049,the cheetah girls,off the wall
12921,345050,the cheetah girls,who we are
12922,345051,the cheetah girls,homesick
12923,345062,the cheetah girls,on my way
12924,345052,the cheetah girls,fuego
12925,345135,britney spears,hot as ice (demo version)
12926,345065,anyband,promise you
12927,345075,倖田來未,last angel (feat. tohoshinki)
12928,345076,boa,lose your mind
12929,345095,jordin sparks,virginia is for lovers (bonus)
12930,345091,enchanted,that's how you know
12931,345093,jonas brothers,girl of my dreams
12932,345299,keke palmer,home for the holidays
12933,345096,janet jackson,20 (intro)
12934,345103,heidi montag,touch me
12935,345107,heidi montag,higher
12936,345116,安室奈美恵,what a feeling
12937,345112,asia cruise,selfish
12938,345132,[disney],what i've been looking for (reprise)
12939,345118,the brilliant green,call my name
12940,345282,[disney],i can't take my eyes off of you
12941,345161,ashley tisdale,heaven is a place on earth
12942,345117,ashley tisdale,time after time
12943,345218,selena gomez,cruella de vil
12944,345119,vanessa hudgens,sneaker night
12945,345122,amango,empezar de nuevo
12946,345125,amango,soy lo que soy
12947,345124,amango,somos de verdad
12948,345123,amango,la función debe continuar
12949,345254,jordin sparks,save me
12950,345300,[disney],when there was me and you
12951,345133,double,black diamond (with namie amuro)
12952,345193,ashley tisdale,mom
12953,345138,demi lovato,that's how you know
12954,345136,demi lovato,open
12955,345205,demi lovato,trash
12956,345235,demi lovato,shadow
12957,345144,double,black diamond (feat. namie amuro)
12958,345163,ashley tisdale,never gonna give you up
12959,345145,camp rock,gotta find you
12960,345146,camp rock,start the party
12961,345147,camp rock,here i am
12962,345155,camp rock,2 stars
12963,345154,camp rock,our time is here
12964,345156,camp rock,what it takes
12965,345151,camp rock,play my music
12966,345153,camp rock,too cool
12967,345150,ashley tisdale,too many walls
12968,345162,ashley tisdale,i wanna dance
12969,345158,camp rock,our time is here (bonus track)
12970,345176,camp rock,who will i be?
12971,345180,kel,volver a empezar
12972,345179,kel,te quiero lejos
12973,345188,vanessa hudgens,set it off
12974,345181,vanessa hudgens,vulnerable
12975,345167,vanessa hudgens,first bad habit
12976,345169,vanessa hudgens,don't ask why
12977,345170,vanessa hudgens,amazed (feat. lil' mama)
12978,345172,vanessa hudgens,paper cut
12979,345177,vanessa hudgens,did it ever cross your mind
12980,345187,vanessa hudgens,gone with the wind
12981,345189,vanessa hudgens,committed
12982,345175,安室奈美恵,sexy girl
12983,345305,julieta venegas,esta vez (unplugged)
12984,345183,kel,power pop electric
12985,345310,katy perry,damn
12986,345274,miley cyrus,don't walk away
12987,345184,kel,detesto
12988,345186,the veronicas,i don't wanna wait
12989,345196,denise rosenthal,hasta las 6
12990,345197,denise rosenthal,amiga
12991,345200,denise rosenthal,esta vez
12992,345201,denise rosenthal,te he vuelto a encontrar
12993,345202,denise rosenthal,creo
12994,345203,denise rosenthal,bye bye
12995,345236,demi lovato,stronger
12996,345209,high school musical cast,start of something new (live)
12997,345210,the veronicas,revenge is sweeter (than you ever were)
12998,345211,the veronicas,someone wake me up
12999,345322,the veronicas,in another life
13000,345216,savannah outen,goodbyes
13001,345215,jonas brothers,burnin' up (radio edit)
13002,345220,jonas brothers,take a breath
13003,345221,jonas brothers,before the storm (feat. miley cyrus)
13004,345225,jonas brothers,what i go to school for
13005,345244,jonas brothers,time for me to fly
13006,345234,jonas brothers,one day at a time
13007,345245,jonas brothers,6 minutes
13008,345226,jonas brothers,mandy
13009,345246,jonas brothers,i am what i am
13010,345233,jonas brothers,underdog
13011,345247,jonas brothers,7 05
13012,345224,camp rock,this is me (acoustic version)
13013,345228,demi lovato,until you're mine
13014,345237,demi lovato,two worlds collide
13015,345232,high school musical cast,high school musical
13016,345253,high school musical cast,can i have this dance
13017,345259,high school musical cast,just wanna be with you
13018,345238,demi lovato,gonna get caught
13019,345239,demi lovato,the middle
13020,345240,demi lovato,believe in me
13021,345241,demi lovato,trainwreck
13022,345242,demi lovato,party
13023,345243,demi lovato,on the line
13024,345248,demi lovato,on the line (feat. jonas brothers)
13025,345249,jonas brothers,don't tell anyone
13026,345250,jonas brothers,please be mine (1st version)
13027,345251,jonas brothers,hey we're gonna be alright
13028,345302,the veronicas,heavily broken
13029,345255,the cheetah girls,one world
13030,345301,jonas brothers,7:05
13031,345258,high school musical cast,"right here, right now"
13032,345260,high school musical cast,the boys are back
13033,345261,high school musical cast,walk away
13034,345262,high school musical cast,scream
13035,345263,high school musical cast,we're all in this together (graduation mix)
13036,345265,alyson stoner,lost & found
13037,345290,jonas brothers,lovebug (no party)
13038,345267,jonas brothers,joyful kings
13039,345272,drew seeley,new classic (feat. selena gomez)
13040,345315,tiffany giardina,hurry up and save me
13041,345276,miley cyrus,let's do this
13042,345291,taylor swift,a perfectly good heart
13043,345308,miley cyrus,i thought i lost you (feat john travolta)
13044,345297,miley cyrus,hovering (feat. trace cyrus)
13045,345292,honor society,see u in the dark
13046,345293,honor society,the takeover
13047,345296,demi lovato,wonderful christmas time
13048,345295,miley cyrus,santa claus is comin' to town
13049,345316,gloriana,wild at heart
13050,345306,jonas brothers,infatuation
13051,345307,miley cyrus,let's get crazy
13052,345314,sixpack,huracanes
13053,345311,taylor swift,fifteen (ft. miley cyrus)
13054,345312,the veronicas,burnin' up (jonas brothers' cover)
13055,345329,jonas brothers,i'm gonna getcha good
13056,345333,miley cyrus,dream
13057,345340,demi lovato,behind enemy lines
13058,345338,kellie pickler,best days of your life
13059,345345,ashley tisdale,erase & rewind
13060,345346,ashley tisdale,masquerade
13061,345347,ashley tisdale,crank it up
13062,345348,ashley tisdale,how do you love someone
13063,345349,ashley tisdale,tell me lies
13064,345350,ashley tisdale,what if
13065,345352,ashley tisdale,me without you
13066,345353,ashley tisdale,switch
13067,345354,ashley tisdale,acting out
13068,345355,ashley tisdale,overrated
13069,345356,ashley tisdale,hot mess
13070,345365,blind guardian,the shire
13071,345386,ryan sims,you're a cigarette
13072,345369,fernandobot,revamp
13073,345390,teddybears,punk rocker song
13074,345377,mount sims,digital genera
13075,345368,fischerspooner tiga & zyntherius,sunglasses at night
13076,345371,xiu xiu,"20,000 deaths"
13077,345381,datarock,palace of pleasure
13078,345375,fischerspooner,hot room (tiga rmx)
13079,345388,ryan sims,stuck up in a tree
13080,345391,amon tobin,amon tobin - chaos theory ost - el cargo
13081,345379,michael jackson,i'm bad
13082,345384,ryan sims,let's not forget
13083,345408,klaus nomi,za bak daz
13084,345395,buck 65,sunday driver
13085,345396,buck 65,propoganda pill
13086,345412,röyksopp,last night a dj saved my life
13087,345399,q65,i was young
13088,345404,ryan sims,untitled
13089,345410,benjy ferree,private honeymoon
13090,345411,the exploited,oi oi oi
13091,380466,the meteors,blue sunshine
13092,380538,alabama thunderpussy,get mad/get even
13093,376269,planet x,ground zero
13094,352149,the names,the fire
13095,380498,banda bassotti,cararo sindaco
13096,375523,bryan adams,broken wings
13097,380467,the meteors,sick things
13098,380408,today is the day,blindspot
13099,352284,young people,rich bitch
13100,380407,today is the day,temple of the morning star (acoustic)
13101,375556,lapush,aurora
13102,375695,massive attack,bumper ball dub [karmacoma]
13103,352305,dj mehdi & étienne de crécy,gifted
13104,376223,collapsed lung,eat my goal
13105,375473,feeder,circles
13106,375173,seth lakeman,the hurlers
13107,352634,wendy carlos & rachel elkind,rocky mountains
13108,376349,barbara morgenstern,im flug
13109,352136,skullflower,glider
13110,352152,wolf eyes,wretched hog
13111,352153,wolf eyes,let the smoke rise
13112,352364,urinals,hologram
13113,352538,berkowitz lake & dahmer,gangrene
13114,352190,dj fresh,dum dum part 2
13115,352421,phroq,arthritis
13116,352191,roy davis jr.,acid bass
13117,352143,fellini,zum zum zazoeira
13118,352142,fellini,rock europeu
13119,352561,8=====d,priapism
13120,352193,virgo,take me higher
13121,352393,xzsi,scoliosis
13122,352130,thuja,track 03
13123,352132,thuja,track 05
13124,352133,thuja,track 06
13125,352141,thuja,track 07
13126,352550,windy & carl,the silent ocean
13127,352192,sleazy d,i've lost control
13128,352408,the names,i wish i could speak your language
13129,352355,the names,the astronaut
13130,352139,the names,light
13131,352216,the names,shanghai gesture
13132,352471,the names,i wish i could speak your language (premix)
13133,352155,the names,discovery
13134,352440,the names,cat
13135,352215,the names,postcards
13136,352145,smack,mediocridade afinal
13137,352148,smack,for a daqui
13138,352157,as mercenárias,polícia
13139,352174,wolf eyes,untitled iii
13140,352175,wolf eyes,untitled vii
13141,352379,a frames,black forest i
13142,352200,a frames,negative
13143,352156,as mercenárias,me perco
13144,352158,as mercenárias,imagem
13145,352160,as mercenárias,pânico
13146,352161,as mercenárias,amor inimigo
13147,352162,as mercenárias,loucos sentimentos
13148,352163,as mercenárias,labirintos
13149,352164,as mercenárias,além acima
13150,352165,as mercenárias,santa igreja
13151,352565,as mercenárias,lembrancas
13152,352166,as mercenárias,somos milhoes
13153,352438,as mercenárias,acao na cidade
13154,352170,as mercenárias,trashland
13155,352167,we all together,band on the run
13156,352168,we all together,nadie me ama como tú
13157,352169,we all together,ozzy
13158,352176,the jesus and mary chain,happy place (john peel session)
13159,352184,the jesus and mary chain,psycho candy (john peel session)
13160,352185,the jesus and mary chain,coast to coast (john peel session)
13161,352177,the jesus and mary chain,never understand (john peel session)
13162,352178,the jesus and mary chain,taste the floor (john peel session)
13163,352179,the jesus and mary chain,take it (john peel session)
13164,352180,the jesus and mary chain,you trip me up (john peel session)
13165,352181,the jesus and mary chain,fall (john peel session)
13166,352182,the jesus and mary chain,the living end (john peel session)
13167,352203,the jesus and mary chain,inside me (john peel session)
13168,352186,the jesus and mary chain,in a hole (john peel session)
13169,352183,the jesus and mary chain,cut dead (john peel session)
13170,352188,the jesus and mary chain,in the rain (john peel session)
13171,352196,the jesus and mary chain,just like honey (cousin cole edit)
13172,352427,a frames,eva braun
13173,352487,a frames,black forest ii
13174,352456,a frames,quantum mechanic
13175,352494,a frames,memoranda
13176,352430,a frames,u-boat
13177,352402,a frames,my teacher
13178,352283,teenage fanclub,alchoholiday
13179,352293,disco inferno,hope to god
13180,352201,galaxie 500,moonshot (bbc)
13181,352202,galaxie 500,flowers (live)
13182,352286,kitchens of distinction,the 1001st fault
13183,352648,kitchens of distinction,skin
13184,352210,wolf eyes,dead hills
13185,352211,wolf eyes,dead hills 2
13186,352212,wolf eyes,rotten tropics
13187,352214,the names,white shadow
13188,352219,out hud,my two nads
13189,352482,prion,bovine spongiform enciphalopathy
13190,352229,the sound,new dark age / hothouse
13191,352231,disco inferno,interference
13192,352235,hair police,rattlers echo
13193,352232,hair police,the haunting
13194,352387,film school,eleven-eleven
13195,352234,windy & carl,i have been waiting to hear your voice
13196,352282,disco inferno,footprints in snow
13197,352241,disco inferno,entertainment
13198,352242,disco inferno,arc in round
13199,352243,disco inferno,broken
13200,352244,disco inferno,emigre
13201,352237,disco inferno,leisuretime
13202,352328,disco inferno,set sail
13203,352615,disco inferno,freethought
13204,352478,disco inferno,next in line
13205,352493,disco inferno,incentives
13206,352614,disco inferno,waking up
13207,352616,disco inferno,"no edge, no end"
13208,352288,viki,800 lies
13209,352254,viki,talk to yourself
13210,352287,film school,garison
13211,352279,a.r. kane,deep blue breath (london mix)
13212,352247,viki,merican metal
13213,352512,viki,no work
13214,352250,alexander malter,für alina: 1
13215,352369,alexander malter & dietmar schwalke,spiegel im spiegel: 2
13216,352251,alexander malter,für alina: 2
13217,352366,sergej bezrodny & vladimir spivakov,spiegel im spiegel: 1
13218,352267,sunroof!,milky rockets
13219,352315,sunroof!,silvera
13220,352290,sunroof!,sweet pacification
13221,352257,vv and hotel,restaurant blouse
13222,352587,bottled og,infulate me
13223,352292,total shutdown,two
13224,352510,sunroof!,thin radiance
13225,352268,wolf eyes,cut the dog
13226,352262,sunroof!,glycerine
13227,352386,sunroof!,pink stream 2
13228,352266,the wild swans,young manhood
13229,352271,stockholm monsters,partyline (12')
13230,352644,sunroof!,betty braves the billows
13231,352285,lightning bolt,ride the friendly skies
13232,352269,hella,been a long time cousin (live)
13233,352546,viki,compulsive sigh
13234,352277,orthrelm,"2nd i8, no. 13"
13235,352280,theteethe,don't talk (put your head on my shoulder)
13236,352463,godzik pink,the thrill is gone
13237,352296,étienne de crécy,audio galaxy
13238,352291,sunroof!,long hair glisten
13239,352308,thomas bangalter & dj falcon,call on me (id&t remix)
13240,352316,étienne daho,mon manège à moi
13241,352314,dilute,home is where you're happy
13242,352422,ifihadahifi,you're no pirate
13243,352599,iran,a little girl in a car
13244,352399,illusion of safety,ascariasis
13245,352335,felt,i don't know which way to turn
13246,352333,dennis russell davis & staatsorchester stuttgart,cantus in memory of benjamin britten
13247,352368,12 cellists of the berlin philh.,fratres (ii)
13248,352351,sparklehorse,heart of darkness (wiggly)
13249,352341,lowgold,flavour
13250,352344,teenage fanclub,take the skinheads bowling
13251,352373,the house of love,"love in a car (john peel session, recorded 2608|88)"
13252,352626,arthur russell,arthur russell : let's go swimming
13253,352363,final fantasy,_-&gt;
13254,352376,tim 'love' lee,the tortoise
13255,352465,james chance and the contortions,contort yourself (august darnell remix)
13256,352381,skull kontrol,what i once feared has now come true
13257,352382,tim 'love' lee,spoonfuls of physic
13258,352384,james chance and the contortions,white savages
13259,352413,james chance and the contortions,contort yourself (1st version)
13260,352483,nuclear socketts,shadow on the map
13261,352597,erase errata,thief detests the criminal
13262,352423,hair police,night visitors
13263,352389,trans am,getting very nervous
13264,352607,radio 4,dance to the underground (the dfa version)
13265,352485,deep dark united,here comes mine
13266,352400,hank,danes in peril!
13267,352618,the wake,all i asked you to do
13268,352432,final fantasy,the cn tower belongs to the dead (many ives version)
13269,352557,tim 'love' lee,rejoice beyond the bounds of time
13270,352409,television personalities,pablo picasso
13271,352411,television personalities,i don't think i will ever love
13272,352567,television personalities,i hear a new world
13273,352453,television personalities,february
13274,352573,television personalities,give me the gun
13275,352611,television personalities,girl at the bus stop
13276,352497,television personalities,"jennifer, julie and josaphine"
13277,352502,television personalities,you are something
13278,352426,television personalities,mary anne with the shaky hands
13279,352524,television personalities,why am i crying
13280,352449,television personalities,darkside
13281,352525,television personalities,ps51
13282,352517,television personalities,the visitors
13283,352416,can,soup [edit]
13284,352418,television personalities,sunshine tomorrow
13285,352419,冨田勲,passepied
13286,352513,television personalities,here comes the rain
13287,352660,books on tape,hemophelia
13288,352581,television personalities,the whole world turns upside down
13289,352520,carl craig,einbahn
13290,352435,tim 'love' lee,amid the universal dissolution
13291,352441,the la's,who knows
13292,352480,james chance and the contortions,bedroom athelete
13293,352556,carl craig,home entertainment
13294,352459,unwound,laugh track
13295,352577,the pop group,3.38 (unreleased since 1979)
13296,352505,the la's,breakloose (live)
13297,352467,the la's,my girl sits like a reindeer
13298,352539,the la's,open your heart
13299,352473,the la's,endless
13300,352508,the la's,dovecot dub
13301,352466,the la's,sweet 35
13302,352540,the la's,trees and plants
13303,352477,the la's,what do you do?
13304,352474,television personalities,sorry to embarrass you
13305,352563,neon heights and zed j,16 again
13306,352541,the la's,i did the painting
13307,352552,the la's,money in your talk
13308,352500,the la's,you blue
13309,352488,black eyes,drums
13310,352495,the la's,night walk
13311,352507,the la's,man i'm only human
13312,352533,the la's,red deer stalk
13313,352544,glenn branca,don't let me stop you
13314,352545,glenn branca,my relationship
13315,352522,glenn branca,you got me
13316,352529,glenn branca,jill
13317,352543,glenn branca,tv song
13318,352530,glenn branca,you
13319,352519,glenn branca,glazened idols
13320,352521,glenn branca,lesson no. 1 for electric guitar
13321,352569,kitchens of distinction,gone world gone
13322,352542,the la's,get down over
13323,352582,giorgio vs. talla 2xlc,e=mc2
13324,352571,air,modulor mix (stein house remix edit)
13325,352574,the loft,why does the rain (single version)
13326,352575,the loft,up the hill and down the slope (live)
13327,352576,the advent,show me green
13328,352651,the loft,beware (live)
13329,352594,matmos,kendo for yukio mishima (exclusive track)
13330,352655,plastic bertrand,major tom
13331,352603,loscil,mode
13332,352612,plastic bertrand,tout petit la planète
13333,352613,spear of destiny,grapes of wrath
13334,352619,aaron dilloway,beggar master
13335,352620,aaron dilloway,bad dreams
13336,352652,skullflower,dying venice
13337,352640,the mighty wah!,seven minutes to midnite (live)
13338,352663,steve reich,new york counterpoint: i.fast
13339,352661,steve reich,third movement (part 1) - slow
13340,375200,nancy sinatra & lee hazlewood,i've been down so long
13341,353007,the intelligence,lifepreserver
13342,375095,vain,1000 degrees
13343,375123,guns n' roses,heartbreak hotel
13344,375125,vain,no respect
13345,353948,akira takemoto,prayer
13346,375806,air,les professionels
13347,356749,кино,в поисках сюжета
13348,375466,starflyer 59,my island
13349,375467,starflyer 59,pearl of great price
13350,375465,starflyer 59,lifeguard
13351,375464,starflyer 59,ideas for the talented
13352,355265,aventuras de kirlian,casa del queso
13353,356080,smitten,broken flowers
13354,356776,casino ashtrays,gilded
13355,356774,casino ashtrays,the falling in love part is the best part anyways
13356,356775,casino ashtrays,"not anymore, not anyways"
13357,356777,casino ashtrays,comfortable distance
13358,376286,the high violets,chinese letter (ulrich schnauss mix)
13359,356745,lily of the valley,glider
13360,356795,nouvelle vague,teenage kicks (undertones)
13361,356794,nouvelle vague,(this is not) a love song (public image ltd.)
13362,356739,trouble books,for all our dead friends
13363,356755,trouble books,personal tornados
13364,356781,serena-maneesh,leipziger love
13365,356763,dum dum girls,ship of love
13366,356762,dum dum girls,longhair
13367,356766,dum dum girls,d.a.l.
13368,356764,dum dum girls,hey sis
13369,356758,tribes of the city,two voices
13370,356760,tribes of the city,everyone is there
13371,356768,tribes of the city,forgotten dream
13372,356770,tribes of the city,you act like baby
13373,356771,tribes of the city,golden dream
13374,356772,tribes of the city,i want you
13375,356773,tribes of the city,parallels
13376,356802,tribes of the city,last gig - with my friends
13377,356803,tribes of the city,snow tiger
13378,356807,daphne dawn,death can't catch me
13379,356805,highspire,dagger (slowdive)
13380,375418,al stewart,turn into earth
13381,359785,johan sebastian,the walker
13382,359790,nitebytes,ok
13383,359795,m.a.n.d.y. vs booka shade feat. laurie anderson,o superman
13384,359794,charlie winston,kick the bucket
13385,359797,the faint,the geeks were right (boyz noize vs. d.i.m. mix)
13386,376109,mona lisa,i promised myself
13387,375244,the shortwave set,just goes to show
13388,367545,a toys orchestra,cornice dance
13389,375914,elton john,saturday night's alright
13390,367588,goran bregović,focu di raggia (feat. carmen consoli)
13391,375475,deluxe,a un metro de distancia
13392,375529,deluxe,historia universal (el amor no es lo que piensas)
13393,375471,la habitación roja,la edad de oro
13394,367504,antony and the johnsons,you stand above me
13395,367443,marillion,incommunicado (alternate version)
13396,375865,don davis,"why, mr. anderson?"
13397,376301,chroma key,undertow
13398,367444,marillion,runaway (acoustic)
13399,375526,bryan adams,she's got a way
13400,375525,bryan adams,mysterious ways
13401,375522,bryan adams,we found what we were looking for
13402,375521,bryan adams,oxygen
13403,375520,bryan adams,i ain't losin' the fight
13404,375527,bryan adams,flower grown wild
13405,367442,michael giacchino,end of the first leg
13406,367441,michael giacchino,casa cristo
13407,367440,michael giacchino,true heart of racing
13408,367452,see emily draw,my life's soundtrack
13409,367448,elisa,hallelujah
13410,367516,lucio battisti,il tempo di morire
13411,367447,afterhours,siete proprio dei pulcini
13412,367464,carmen consoli,besame giuda
13413,367455,carmen consoli,la dolce attesa
13414,367480,michael nyman,fling
13415,367490,carmen consoli,autunno dolciastro
13416,367466,see emily draw,the real wonder boy
13417,367468,see emily draw,intro
13418,367469,see emily draw,flammable skirt
13419,367470,see emily draw,i've lost my gun today
13420,367471,see emily draw,bus stop
13421,367478,carmen consoli,quattordici luglio
13422,367519,pj harvey,50 foot queenie
13423,367473,nada,amore disperato
13424,367472,loredana berté,la pelle dell'orso
13425,367523,cristina donà,wuthering heights
13426,367486,antony and the johnsons,walking like shadow
13427,367492,erik satie,gymnopedie no. 2 (pascal rogé)
13428,367522,t.a.t.u.,что не хватает
13429,367499,elisa,una poesia anche per te (life goes on)
13430,367502,christian rainer,april woods
13431,367526,christian rainer,stranger
13432,367503,current 93,falling (featuring björk)
13433,367527,christian rainer,violating
13434,367511,chiara,nothing at all
13435,367512,kezz stone,"asia argento (love struck, pt. 1)"
13436,367524,elisa,shadow zone (album version)
13437,367505,amanda lear,the stud
13438,367528,christian rainer,jongleur
13439,367509,frédéric chopin,"nocturne in c sharp minor, op. 27 no.1"
13440,367517,katrienne,our ever changing earth
13441,367518,katrienne,the other side
13442,367560,morgan,la vera storia di napoleone
13443,367530,elisa,wild horses
13444,367531,elisa,creature
13445,367561,pastora featuring morgan,basterebbe una volta
13446,367534,the velvet underground,"run, run, run (stereo)"
13447,367540,"alessandro raina, pierluigi petris, giacomo spazio",the man who fell to heart
13448,367541,"alessandro raina, pierluigi petris, giacomo spazio",precarious beauty of the queen
13449,367542,"alessandro raina, pierluigi petris, giacomo spazio",red cloud slaughtered beach
13450,367563,"björk featuring antony as ""the conscience""",my juvenile
13451,367543,tanya tagaq gillis & bjork,ancestors
13452,367544,a toys orchestra,invisible
13453,367546,a toys orchestra,mrs. macabrette
13454,367547,a toys orchestra,letter to myself
13455,367548,a toys orchestra,ease off the bit
13456,367549,a toys orchestra,powder on the words
13457,367550,a toys orchestra,amnesy international
13458,367551,a toys orchestra,santa barbara
13459,367552,a toys orchestra,bug embrace
13460,367586,a toys orchestra,technicolor dream
13461,367587,a toys orchestra,be 4 i walk away
13462,367568,a toys orchestra,panic attack #3
13463,367554,björk,earth intruders (lexx radio)
13464,367564,morgan,io non so chi sei
13465,367557,morgan,da a ad a
13466,367558,morgan,una storia di amore e di vanità
13467,367569,cristina donà,universo
13468,367567,marc almond & antony hegarty,the ballad of the sad young men
13469,367574,cristina donà,niente di particolare
13470,367572,cristina donà,migrazioni
13471,367573,cristina donà,come le lacrime
13472,367570,cristina donà,l'eclisse
13473,367583,amor fou,il periodo ipotetico
13474,367584,amor fou,la convinzione
13475,367585,amor fou,se un ragazzino appicca il fuoco
13476,367575,amor fou,i ritorni
13477,367577,amor fou,venti giorni di una donna famosa
13478,367578,amor fou,ore 10: parla un misogino
13479,367579,amor fou,"due cuori, una dark room"
13480,367580,amor fou,cos'è la libertà?
13481,367581,amor fou,l'anno luce
13482,367582,amor fou,la strage
13483,367592,chrysta bell/david lynch,polish poem
13484,375426,infusion,dream
13485,376308,jordan rudess,quantum soup
13486,376005,korn,here to stay (t ray's mix)
13487,375298,solex,solex in a slipshod style
13488,375297,solex,solex's snag
13489,375296,solex,solex for a while
13490,375295,solex,peppy solex
13491,375777,vanessa-mae,hocus pocus
13492,376118,antony raijekov,drop of whisper (2005)
13493,380541,alabama thunderpussy,speaking in tongues
13494,380483,carl perkins,that's right
13495,375238,brian reitzell,shibuya
13496,376202,jessica simpson,forbidden fruit
13497,375138,the foggy dew,chieftains ft sinéad o'connor
13498,375128,evenstar,shane mcdonnell
13499,375110,the 69 eyes,kappale 7
13500,375141,adiemus & karl jenkins,minuet
13501,375140,adiemus,hymne
13502,375124,kotiteollisuus,kaihola (edit)
13503,375096,raskasta joulua,joulun rauhaa (tipe johnson)
13504,375104,raskasta joulua,maa on niin kaunis (tanya kemp
13505,375101,marco hietala,ensimmäinen joulu [the first noel]
13506,375102,jarkko ahola,ilouutinen
13507,375103,antony parviainen,kun joulu on
13508,375108,jarkko ahola,"en etsi valtaa, loistoa"
13509,375105,tony kakko,me käymme joulun viettohon
13510,375109,raskasta joulua,enkeli taivaan (marco hietala)
13511,375098,raskasta joulua,"jouluyö, juhlayö (sammy salmin"
13512,375099,raskasta joulua,oi jouluyö (tage laiho)
13513,375106,tony kakko,pieni rumpali [the little drummer boy]
13514,375121,duff mckagan,13 mezz
13515,375133,the sisters of mercy,neverland [full version][#][*]
13516,375122,the 69 eyes,framed in blood (live at the whiskey)
13517,375129,robert leon,inishbofin
13518,375134,eternal torment,seasons
13519,375136,bill douglas,irish lullaby
13520,375150,lacrimas profundere,we shouldn't be here
13521,375152,loaded,flatline
13522,375153,lacrimas profundere,a dead man
13523,375172,levellers,edge of the world
13524,375167,levellers,three friends
13525,375155,seth lakeman,race to be king
13526,375156,seth lakeman,how much (live)
13527,375157,seth lakeman,lilywhite girl
13528,375158,adam kay & suman biswas,the drugs song
13529,375161,graham nash,i miss you
13530,375162,levellers,four winds
13531,375165,seth lakeman,the storm
13532,375169,seth lakeman,blood red sky
13533,375198,nancy sinatra & lee hazlewood,leather & lace
13534,375213,alexandre desplat,prologue
13535,375224,moby,southland tales theme
13536,375212,alexandre desplat,the engagement
13537,375205,alexandre desplat,the rendez-vous
13538,375188,alexandre desplat,under a spell
13539,375189,alexandre desplat,the wedding
13540,375191,alexandre desplat,the kiss
13541,375192,alexandre desplat,mr. reincarnation
13542,375193,alexandre desplat,day out
13543,375194,alexandre desplat,knights at night
13544,375196,alexandre desplat,another lifetime
13545,375197,alexandre desplat,my dead husband
13546,375291,alexandre desplat,elegy
13547,375252,alexandre desplat,birth waltz
13548,375199,nancy sinatra & lee hazlewood,ladybird
13549,375186,vashti bunyan,i want
13550,375187,lili haydn,come here
13551,375190,alexandre desplat,letter
13552,375202,nancy sinatra & lee hazlewood,girls in paris
13553,375203,nancy sinatra & lee hazlewood,"oh, lonesome me"
13554,375210,bebel gilberto,summer samba
13555,375247,dan powell,pieces
13556,375222,jeff buckley,we could be so happy
13557,375217,missy elliott,take away
13558,375218,charles-marie widor,"toccata (from symphony no. 5, op. 42)"
13559,375220,frédéric chopin,"nocturne in e-flat, op. 9, no. 2"
13560,375221,low,half light
13561,375225,people for audio,conversation in a minor tone
13562,375227,broadcast,microtronics 01
13563,375228,broadcast,microtronics 02
13564,375392,broadcast,microtronics 10
13565,375299,broadcast,microtronics 18
13566,375229,broadcast,microtronics 03
13567,375236,broadcast,microtronics 04
13568,375237,broadcast,microtronics 05
13569,375319,broadcast,microtronics 06
13570,375243,broadcast,microtronics 07
13571,375301,broadcast,microtronics 08
13572,375290,broadcast,microtronics 09
13573,375405,broadcast,microtronics 12
13574,375241,broadcast,microtronics 14
13575,375289,broadcast,microtronics 16
13576,375240,broadcast,microtronics 17
13577,375409,broadcast,microtronics 19
13578,375239,broadcast,microtronics 20
13579,375231,james horner,whispering winds
13580,375232,james horner,willow's theme
13581,375235,nancy sinatra & lee hazlewood,leather and lace
13582,375233,james horner,the land before time: end credits
13583,375245,the shortwave set,the free load
13584,375249,sylvie lewis,my rival
13585,375251,broadcast,microtronics 11
13586,375253,moby,rose petals
13587,375250,broadcast,forget every time
13588,375257,david axelrod,"the signs, part 1"
13589,375259,jean-pierre ferland,le chat du café des artistes
13590,375263,american spring,fallin' in love
13591,375264,c.a. quintet,trip thru hell (part 1)
13592,375267,rosa yemen,larousse baron bic
13593,375273,ron geesin,commuter
13594,375272,ron geesin,glass dance
13595,375269,christy,ok connery
13596,375275,the sacred heart choir,it's back mary
13597,375268,armando trovajoli,quante bella giovinezza
13598,375270,singapore,cowboys
13599,375271,broadcast,microtronics 15
13600,375300,broadcast,microtronics 13
13601,375276,sally herbert & jerry burns,angel
13602,375281,rita monico,thrilling
13603,375279,the projects,if there are more of us
13604,375283,the projects,no revolutions
13605,375282,the projects,happy endings
13606,375284,"tom tykwer, johnny klimek & reinhold heil",opening
13607,375287,charles-marie widor,toccata (symphony no.5)
13608,375292,sally herbert and jerry burns,angel
13609,375294,clark / broadcast,herr barr (reinterpretation / improvisation)
13610,375307,henry mancini,charade (main title)
13611,375304,henry mancini,theme from the great imposter
13612,375308,nathan johnson with the cinematic underground,emily's theme 6 (reprise)
13613,375309,nathan johnson with the cinematic underground,emily's theme 3 (lunch is difficult)
13614,375310,nathan johnson with the cinematic underground,emily's theme 2 (the white rabbit)
13615,375311,nathan johnson with the cinematic underground,emily's theme
13616,375312,nathan johnson with the cinematic underground,the pinivan
13617,375313,nathan johnson with the cinematic underground,the pin in the night
13618,375314,nathan johnson with the cinematic underground,locker 269
13619,375316,agnès mellon,"tristes apprêtes, pâles flambeaux"
13620,375317,dustin o'halloran,opus #14
13621,375320,harry nilsson,perfect day
13622,375321,mahogany,movement i
13623,375324,georges delerue,thème de camille
13624,375325,the troggs,any way that you want me
13625,375326,"lee ""scratch"" perry",the man zion
13626,375327,"lee ""scratch"" perry",upsetting dub
13627,375330,stillgazer,somehow
13628,375331,stillgazer,what i want
13629,375334,dustin o'halloran,opus #7
13630,375335,dustin o'halloran,opus #15
13631,375336,dustin o'halloran,opus #11
13632,375389,the paradise motel,dead skin
13633,375351,the paradise motel,raining pleasure (1)
13634,375353,the paradise motel,men who loved her
13635,375349,the paradise motel,stones
13636,375343,the paradise motel,j. star
13637,375347,the paradise motel,lorene damage
13638,375348,the paradise motel,is rain
13639,375344,the paradise motel,g. girl
13640,375345,the paradise motel,drive (mogwai remix)
13641,375346,the paradise motel,(trust)
13642,375386,the paradise motel,german girl
13643,375390,the paradise motel,watch illuminum
13644,375368,mikis theodorakis,cafe rock
13645,375367,wendy & bonnie,children laughing
13646,375383,astros,space walk
13647,375384,emil richards,garnet (january)
13648,375369,ennio morricone,deep down
13649,375375,ennio morricone,il gatto a nove code
13650,375356,ennio morricone,teorema
13651,375357,gilbert/powell/de moreas,berimbau
13652,375358,jean dubuffet,bowery bum
13653,375359,joe meek,the bublight
13654,375360,kunio miyauchi,all monsters attack
13655,375361,pete mac junior,the water margin
13656,375362,tom dissevelt,sonik re-entry
13657,375363,the crycle,the visit
13658,375364,delia derbyshire,towards tomorrow
13659,375371,electronic soul,the eye of horus
13660,375385,the love machine,lunar sea
13661,375370,pierre duchamp,beach buggy
13662,375373,silhouette,an offering in music
13663,375397,stained glass,a scene in between
13664,375382,joachim holbek,grace gets angry
13665,375398,cecil leuter,pop electronique no. 1
13666,375388,the endd,out of my hands
13667,375394,isabelle antena,the boy from ipanema
13668,375395,love unlimited orchestra,welcome aboard
13669,375411,drrtyhaze,sound of the les
13670,375400,michael dracula,poppers
13671,375412,michael dracula,don't take this the wrong way
13672,375414,m.a.n.d.y. vs. booka shade feat. laurie anderson,o superman
13673,375416,сергей сергеевич прокофьев,romeo and juliet op. 64 (montagus and capulets)
13674,375419,m.a.n.d.y. vs. booka shade feat. laurie anderson,oh superman
13675,375422,aural exciters,emile (night rate)
13676,375428,infusion,do to you (in '82)
13677,375427,infusion,better world (adam freeland mix)
13678,375446,infusion,girls can be cruel (dylan rhymes remix)
13679,375451,kent,747 (eng)
13680,375454,jmfh,razorlight - america
13681,375457,quique gonzalez-ivan ferreiro,vidas cruzadas
13682,375456,jmfh,delays - hideaway
13683,375458,the maccabees,molly and andrew
13684,375460,binocular,you
13685,375461,binocular,deep
13686,375462,binocular,never
13687,375470,the unfinished sympathy,spin in the rye
13688,375472,6pm,homemade screener
13689,375476,babel fish,coming up for air
13690,375490,sexy sadie,here i am
13691,375489,sexy sadie,"no matter how, i feel so fine"
13692,375480,tara scammel and city of pragu,may it be
13693,375481,helen hobson and city of pragu,into the west
13694,375482,helen hobson and city of pragu,gollums song
13695,375483,city of prague philharmonic orchestra,may it be (instrumental)
13696,375484,city of prague philharmonic orchestra,1492 conquest of paradise
13697,375486,city of prague philharmonic orchestra,love theme
13698,375487,city of prague philharmonic orchestra,twilight and shadow
13699,375488,city of prague philharmonic orchestra,the john dunbar theme
13700,375514,city of prague philharmonic orchestra,romeo and juliet
13701,375513,city of prague philharmonic orchestra,gabriel's oboe
13702,375517,budapest,clock face
13703,375492,pereza,frágiles
13704,375497,pereza,super hermanas
13705,375500,los secretos,cada vez que tu me miras
13706,375501,shed seven,no one wants to know you when you're down and out
13707,375499,shed seven,some people
13708,375502,despistaos,el silencio
13709,375503,despistaos,estrella
13710,375504,despistaos,cada dos minutos (maqueta)
13711,375509,despistaos,frágil
13712,375510,despistaos,lo que hemos vivido
13713,375511,despistaos,cuando lloras
13714,375512,despistaos,cada dos minutos
13715,375515,snow patrol,01 run
13716,375541,ryan cabrera,say you will
13717,375545,soundtrack,wonderful day
13718,375549,soundtrack,bug bear
13719,375558,æon spoke,for good
13720,375563,aidan hawken,fly straight
13721,375561,peter heppner,wherever
13722,375560,the fine arts showcase,i don't worry
13723,375564,duran duran,duran duran - perfect day
13724,375635,lp,in the end
13725,375566,lauryn hill,x-factor
13726,375568,áîáè òóðáîòî,òðè ñèíäæèðà áîáè
13727,375570,dr. alban,work work (v2003)
13728,376048,enigma,why
13729,375823,timotty,one more try
13730,375689,smash mouth,i get knocked down
13731,375929,слави tрифонов,жива рана
13732,375575,ñàôî,êàæè ìè
13733,375779,shat na patkata glavata,shat! - na patkata glavata
13734,375577,dj bobo,chihuahua  (coca cola)
13735,375579,kanaleto - the best,malka bludna jena
13736,375601,kanaleto - the best,don't kill my mother
13737,375583,vanilla sky,red house painters - have you forgotten
13738,375584,vavilon,"petko lio,kapitane"
13739,375602,deep purple,when the blind man cries
13740,375587,ñèãíàë,õàòèíñêèòå êàìáàíè
13741,375853,lp,crawling
13742,375597,ñëàâè òðèôîíîâ,ïðîëîã
13743,375606,lumidee,never leave you
13744,375781,evanescence,anywhere (outtake)
13745,375716,jalta knijka,vlubeni
13746,375591,eagle-eye cherry,if you don't know
13747,375765,shat na patkata glavata,tupan tekno
13748,375758,ãàëÿ (ïîï-ôîëê),ìîæåø ëè
13749,375594,jalta knijka,rekviem-balkansko bolero
13750,375675,vanilla sky,rem - all the right friend
13751,375837,vanilla sky,the minkees - porpoise song
13752,375669,beroe 86,oficialen himn
13753,375707,btr,posleden zvynec
13754,375599,evanescence,even in death (acoustic)
13755,375677,hushove,prispivna
13756,375600,hushove,kombainero - inteligentska
13757,375738,jalta knijka,priateli
13758,375637,kanaleto - the best,kombainero - inteligentska
13759,375687,ñëàâè òðèôîíîâ,êàòî ñòðóíà
13760,375910,jalta knijka,dark side of the cuckoo
13761,376015,kanaleto - the best,shat! - na patkata glavata
13762,375703,vaya con dios,what's a man without a woman
13763,375807,massive attack,massive attack - reflection
13764,375620,kevin lyttle & alison hinds,turn me on
13765,375656,massive attack,massive attack - back/she comes
13766,375851,cher,you take it all
13767,376018,δέσποινα βανδή,geia (se)
13768,376097,ñèãíàë,ñëÿï äåí
13769,375605,àntique & ñëàâè òðèôîíîâ,why?
13770,375607,èðèíà ôëîðèí,äîêîã@
13771,376104,sade,by your side (reggae remix)
13772,375612,xavier naidoo,freisein
13773,375856,gafgoe,girl you will be a woman soon
13774,375721,kanaleto - the best,gergjovden
13775,375609,мария илиева,хаос от мечти
13776,375915,korn,for shizzle
13777,375936,scorpions,here i am
13778,376035,фабрика звёзд 2,ой мама я влюбилась \ фабрика
13779,375911,"recoil, liquid",chrome
13780,375859,sublime,summer time
13781,375996,evanescence,give unto me (outtake)
13782,375614,ирина флорин,мога
13783,375928,слави трифонов и ку-ку бенд,"ах, къде е мойто либе?"
13784,375731,ishtar & bouga,c'est la vie
13785,375626,johann sebastian bach,mai
13786,375618,anastasia,love is alive
13787,376025,слави tрифонов,сбогом моя любов
13788,375642,vanilla sky,juliana gianni - i fall apart
13789,375621,kanaleto - the best,vchera v detskata gradina
13790,376056,vanessa-mae,max bruch-2
13791,375627,vanilla sky,jeff buckley - lat goodbye
13792,376051,слави tрифонов,темна ли е мъгла паднала
13793,375876,импулс,ако си отидеш за миг
13794,375902,vavilon,frenskata gimnazia
13795,375629,jason nevins (ft holly james),i'm in heaven
13796,375786,сигнал,каскадьори
13797,375892,ирина флорин,доког@
13798,376159,слави трифонов и ку-ку бенд,толкова...
13799,375633,astral projection & mfg,the sleeper must awake
13800,375766,sarah brightman & andrea bocelli,con te partiro
13801,375634,jalta knijka,kalina
13802,375638,corona - the rhythm of tha night,corona - the rhythm of tha ni
13803,375640,archive,londium
13804,375948,evanescence,eternal (instrumental)
13805,375671,ñëàâè òðèôîíîâ & êó-êó áåíä,bach - vox dei
13806,375705,astral projection,power gen (live)
13807,375847,p.o.d.,clestial
13808,375997,vavilon,epilog
13809,376084,ëèëè èâàíîâà,îñúäåíè äóøè
13810,375998,слави tрифонов,kombajnerska
13811,375844,claude challe,amor amor- nino
13812,375776,graeme revell and mike einziger,daredevil theme
13813,375680,vanessa-mae,con tradanza
13814,375845,jalta knijka,idvam i si otivam
13815,375652,úïñóðò feat. ãàëÿ + ìèëåí öâåòêîâ,òðè â åäíî
13816,375649,cher,"body to body, heart to heart"
13817,375658,vavilon,rukia sunrize
13818,375654,david guetta vs. david bowie,just for one day (heroes)
13819,375762,scorpions,whenthesmokoisgoingdown.
13820,375655,äèàíà åêñïðåñ,äóøà
13821,376110,vanessa-mae,classical gas (stradosphere mix)
13822,375657,garage inc (disk 2),stone dead forever
13823,376101,ñëåíã,ìîé ñâÿò
13824,375712,òîäîð êîëåâ,100 êèëà ðàêèÿ
13825,376077,хиподил,alkoholen delirium
13826,375662,antique,time to say goodbye
13827,375666,shat na patkata glavata,zima e (sumertime)
13828,375667,kanaleto - the best,taison kyuchek
13829,375739,garage inc (disk 2),overkill
13830,375676,vanilla sky,the chemical brothers - where do i begin
13831,375678,guns n' roses,don't you cry
13832,375812,junkie xl,catch up to my step (single edit)
13833,375681,jalta knijka,rajdane
13834,375698,vavilon,vavilon
13835,375696,vanilla sky,looper - mondo'77
13836,376039,grand menage,magalenha
13837,375682,atb,the fields of love (instrumental)
13838,375885,garage inc (disk 2),am i evil?
13839,375938,astral projection,we're controlling transmission
13840,375685,paloalto,fade out-in
13841,375832,atb,angeles
13842,375882,vanilla sky,rem - sweetness follows
13843,376027,vavilon,moia si
13844,375890,"recoil, liquid",black box
13845,375855,kmc,get better
13846,375805,cleopatra,life ain't easy (radio edit)
13847,375954,garage inc (disk 2),the small hours
13848,375747,vanessa-mae,a little scotish fantazy
13849,375964,evanescence,missing (outtake)
13850,375699,garage inc (disk 2),last caress/green hell
13851,375700,johann sebastian bach,tocatta et fuga (techno mix)
13852,375896,garage inc (disk 2),breadfan
13853,375702,jalta knijka,narichane
13854,376135,vanilla sky,nancy wilson
13855,375701,johann sebastian bach,toccata and fuga in d minor bwv 538
13856,375729,the rumbar,el timbal (b2 side)
13857,375820,bond,victory (album version)
13858,375733,ragai chushki v boba,vchera v detskata gradina
13859,375939,akaga,den bez teb
13860,375708,astral projection,sativa (atmosphere cut)
13861,375793,metallica,one (rare)
13862,375711,propellerheads,dive (radio edit)
13863,376046,uriah heep,when i was 17
13864,375714,corona - i don`t wanna b a star,corona - i don`t wanna b a st
13865,375799,vavilon,nevesto mori ubava
13866,375949,deep purple,sweet child in time
13867,376069,irina loghin,patuvane
13868,375718,vanilla sky,radiohead - everything ine the right place
13869,376013,cher & emilio estefan,dov'e lamore
13870,375797,garage inc (disk 2),killing time
13871,376028,roma tv,sulzite si subiram v kapachka
13872,375988,ng3,the anthem (radio edit)
13873,375887,garage inc (disk 2),blitzkrieg
13874,375724,vavilon,prolog
13875,375727,corona - try me out,corona - try me out
13876,375829,vanilla sky,todd rundgren - can we still be friends
13877,375840,los caños,niña piensa en ti (remix)
13878,376085,alex feat yasmin k,amigos forever (remix)
13879,375742,atb,the summer (clubb mix)
13880,376055,garage inc (disk 2),the wait
13881,375912,vanilla sky,bob dylan
13882,375819,хиподил,bira s vodka
13883,375743,kanaleto - the best,dulsineq
13884,375745,the prodigy,mindfields (abadroza dub)
13885,375749,jalta knijka,malka bludna jena
13886,376008,остава,безплатни мисли
13887,375989,контрол,най-щастливият ден
13888,376096,astral projection,mahadeva 99
13889,375955,слави трифонов и ку-ку бенд,без слънце за теб и за мен
13890,375763,слави tрифонов,вавилон
13891,375825,слави трифонов и ку-ку бенд,i wanna feel you
13892,375956,слави трифонов и ку-ку бенд,боят настана
13893,375767,сигнал,зелени сигнали
13894,375898,мария илиева,нищо
13895,375813,те,има ли цветя
13896,375780,сигнал,щастливец
13897,375931,акага,вали
13898,375815,ваня костова,звезда
13899,375888,ваня костова,нека бъда твоята есен
13900,375771,сигнал,скъп спомен мой
13901,375774,подуене блус бенд,нека бъде светлина
13902,375801,jennifer jones,ssv-forever
13903,376095,vanessa-mae,max bruch-4
13904,375925,слави tрифонов,до чикаго...
13905,376009,слави трифонов и ку-ку бенд,нека ме боли
13906,376127,валди тотев,вдигни очи
13907,375810,дони,жълти правила
13908,376114,киора,вярвам в теб
13909,375883,кирил маричков,клетва
13910,375783,сигнал,до утре вечер
13911,375785,сигнал,защо
13912,375789,сигнал,мъже
13913,375790,сигнал,приказен свят
13914,375791,сигнал,радио
13915,375792,сигнал,сляп ден
13916,376083,акага,ая
13917,375854,белослава,между две луни
13918,375794,слави трифонов и ку-ку бенд,реквием за една мръсница
13919,375795,слави трифонов и ку-ку бенд,bolero (balkan version)
13920,376125,слави tрифонов,ракия sunrise
13921,375802,eagle-eye cherry,it's up to you
13922,375803,слави трифонов и ку-ку бенд,кой уши байрака
13923,375868,ragai chushki v boba,gradil ilia kilia
13924,375817,garage inc (disk 2),crash course in brain surgery
13925,376121,щурците,клетва
13926,376026,billie myers,room with a view
13927,375830,слави tрифонов,"петко льо, капитанине"
13928,375965,слави трифонов и ку-ку бенд,имала майка
13929,375930,слави трифонов и ку-ку бенд,по пътищата вечни на българия
13930,375816,стоян михалев,сълза
13931,376071,антибиотика,няма как
13932,375821,светозар христов,enjoy the party
13933,375884,слави tрифонов,новите варвари
13934,375879,aerosmith,runaway
13935,375945,слави tрифонов,бяло
13936,375826,кирил маричков,вярвам в теб
13937,375846,ахат,монолог
13938,376148,стоян михалев,вярвам в теб
13939,375838,васил найденов,телефонна любов
13940,375897,garage inc (disk 2),stone cold crazy
13941,375849,слави трифонов и ку-ку бенд,"бог високо, цар далеко"
13942,375858,мария илиева,лунен сън
13943,375870,preslava,100 prichini
13944,375867,astral projection,fly
13945,375952,ирина флорин,вятърът спи
13946,375881,сборна формация,страхотен ден
13947,375886,аntique & слави трифонов,why?
13948,376014,слави трифонов и ку-ку бенд,лудо младо
13949,376133,korn,anna konda
13950,376105,ðññð°ð²ð°,ðð¾ññ ð³ðµñð¾ð¹
13951,375904,lp,opening
13952,375905,lp,kyur4 th ich
13953,375906,lp,1stp klosr - jonathan davis
13954,376038,willie nelson,the golden clips
13955,375942,the overlanders,michelle
13956,376003,garage inc (disk 2),the prince
13957,375916,lp,papercut
13958,375918,остава,happy end
13959,375927,слави трифонов и ку-ку бенд,bach - vox dei
13960,375962,остава,моята борба
13961,376012,паша христова,топъл сатен
13962,375978,lp,frgt/10 - alchemist
13963,375940,astral projection,allah acbar
13964,376144,oscar benton,different dreams
13965,375995,остава,камера
13966,376156,остава,ние сме волни
13967,376021,остава,пинг-понг
13968,375970,остава,празен кадър
13969,376066,остава,празен кадър (акустичен микс)
13970,375967,остава,ти
13971,375993,остава,ще дойдеш ли с мен
13972,375979,слави трифонов и ку-ку бенд,студио хъ (инстр.)
13973,376016,the kings,you really got me
13974,375944,bryan adams,(everything i do) i do for you
13975,375969,srebrna krila,ja igram na svet
13976,375953,tess,justify my love
13977,376001,lp,with you
13978,376151,artful dodger,girl like this
13979,376102,abba,angel eyes (e-rotic remix)
13980,375961,johntravolta olivianetonjohn,you are the one that i want
13981,375963,nana,i wanna fly
13982,376043,velvet,rock down to
13983,375966,lp,on step closer
13984,375968,остава,поля от слънчогледи
13985,375971,остава,изтъркан момент
13986,375974,haddaway,missing
13987,376157,gloster,kiss
13988,375977,casey and jessica sanchez,late last night
13989,376160,остава,огледало
13990,376152,mariah carey ft. jermaine dupri,get your number
13991,376007,a*teens,super trouper (w.i.p.)
13992,376068,chikago,hard say i'm sorry
13993,376100,kevin lyttle,last drop
13994,376033,lp,p5hng me a*wy - mike shinoda
13995,376036,the underdog project vs. the sunclub,summer jam 2003
13996,376044,mary boys band,непознати улици (ремикс)
13997,376119,mary boys band,само за теб
13998,376126,mary boys band,с прилива ще дойдеш ти
13999,376079,mary boys band,транс
14000,376165,mary boys band,all through the night
14001,376091,mary boys band,only for you
14002,376042,touch and go,would you... (go to bed with me)
14003,376149,stacccato,move your body
14004,376047,arsenium,love me... love me...
14005,376053,d_2,тук и сега
14006,376062,the walt,disco
14007,376059,grasp,pain in the ass
14008,376060,excon,money
14009,376078,sibel tüzün,superstar (ingles)
14010,376063,karizma,ще вали
14011,376103,wes madiko,alane
14012,376088,ðñðµñð»ð°ð²ð°,ððµ ð¸ ñññðµ
14013,376131,antony raijekov,by the coast (summer pack)
14014,376134,казан №4,няма да бъда
14015,376167,skunk anansie,so sublime
14016,376177,богаташко момиче,alive
14017,376241,богаташко момиче,black hole sun
14018,376176,богаташко момиче,gnr medley
14019,376171,богаташко момиче,"добрият, лошият и грозният"
14020,376172,казан №4,артистична овца
14021,376178,hermes house band,football's coming home
14022,376181,pelican city,the bleeding fader
14023,376183,mark medlock,summer love
14024,376225,jenniffer kae,little white lies
14025,376215,fedde le grand ida corr vs fedde le grand ida corr,let me think about it
14026,376203,klee,zwei herzen
14027,376220,will.i.am,hearthbreaker
14028,376211,"kleerup, titiyo",longing for lullabies
14029,376240,take that,love ain't here anymore (live)
14030,376186,east 17,do u still
14031,376201,karizma,taka dobre
14032,376205,sérgio mendes,bananeira
14033,376210,sergio del rio,parazaar
14034,376233,karizma,minavash prez men
14035,376237,karizma,shte vali
14036,376234,d_2,iggy pop
14037,376188,the film,can you trust me?
14038,376189,skoda,brother sun
14039,376213,take that,it only takes a minute girl
14040,376190,east 17,betcha can't wait
14041,376192,d_2,soul divine
14042,376238,dj yameen,dil luteya
14043,376196,raja mushtaq,heaven is a place on earth
14044,376214,mourah,j. butterfly
14045,376222,rae christian & sleepwalking,blazing the crop
14046,376208,pit hupperten feat. nikki mccoy,hello in me
14047,376231,djsayem,world of flowers
14048,376216,stefan valdobrev,"o-o-obicham te, mila!"
14049,376226,skoda,brightest light
14050,376244,the fall,tuff life boogie
14051,376207,karizma,mr. killer
14052,376246,five,slam da funk
14053,376232,d_2,tuk i sega
14054,376217,the three amigos,louie louie
14055,376257,steve jansen,grip
14056,376258,steve jansen,sleepyard
14057,376259,steve jansen,cancelled pieces
14058,376260,steve jansen,december train
14059,376261,steve jansen,sow the salt
14060,376262,steve jansen,gap of cloud
14061,376263,steve jansen,playground martyrs
14062,376264,steve jansen,a way of disappearing
14063,376265,steve jansen,ballad of a deadman
14064,376266,steve jansen,conversation over
14065,376282,asobi seksu,strawberries (ulrich schnauss remix)
14066,376283,dragons,remembrance (ulrich schnauss remix)
14067,376285,howling bells,setting sun (ulrich schnauss remix)
14068,376273,richard barbieri,fear and trembling
14069,376311,ferry corsten,shelter me
14070,376329,martin orford,power and speed
14071,376351,frost*,black light machine
14072,376434,cathal coughlan,denial of the right to dream
14073,376359,richard thompson,trafalgar square
14074,376363,the ethiopians,one
14075,376364,the ethiopians,gun man
14076,376439,the ukrainians,batyar (bigmouth strikes again)
14077,376376,"lee ""scratch"" perry",this old man
14078,376377,"lee ""scratch"" perry",i am the upsetter
14079,376379,burt walters,honey love
14080,376380,the upsetters,evol yenoh
14081,376381,the inspirations,tighten up
14082,376383,u-roy,rhythm land
14083,376384,the gatherers,words of my mouth
14084,376385,shenley duffus,to be a lover
14085,376386,the heptones,i do love you
14086,376388,the gaylads,i wear my slanders
14087,376461,cathal coughlan,amused as hell
14088,376406,gilles peterson,amy winehouse - take the box
14089,376401,ry cooder,muy fifi
14090,376403,curtis mayfield,"ghetto child (demo of ""little child runnin' wild"")"
14091,376408,hexstatic,intro (feat. billy connolly)
14092,376409,hexstatic,tony hatch-sounds of the seventies
14093,376410,hexstatic,hot butter-spacewalk
14094,376411,hexstatic,atmosphere-dancing in outer space
14095,376412,hexstatic,"rjd2-let the good times roll, pt 1"
14096,376414,hexstatic,mr scruff / ju ju & bloody moon-chicken in a box / ahhhhhh punch you in the face
14097,376416,hexstatic,lost idol-chip funk
14098,376417,hexstatic,positive force-we got the funk
14099,376441,githead,alpha
14100,376442,githead,my lca (little box of magic)
14101,376443,githead,cosmology for beginners
14102,376444,githead,antiphon
14103,376446,githead,option paralysis
14104,376470,dna,honolulu's whispers
14105,376450,eddie floyd,things get better
14106,376451,ruby johnson,i'll run your hurt away
14107,376474,gato barbieri,last tango in paris suite: part 1
14108,376493,dj paul & neophyte,'98 to piano
14109,376491,marcel woods,de bom 2001
14110,376504,di-rect,inside my head
14111,376494,green day,paranoid
14112,376505,hani,baby wants to ride
14113,376500,promo,king of pain
14114,376496,fugees,guantamera
14115,376502,falco,jeanie
14116,376498,neophyte,do you want xtc
14117,376497,dolly dots,she's a liar
14118,376506,promo & catscan,battle of sexes
14119,376514,krezip,everybody's gotta learn sometime
14120,376731,telefon tel aviv,where is everybody
14121,377850,darshan ambient,wisdom cloud
14122,380488,the movement,karl marx
14123,380484,the redskins,keep on hanging on
14124,380506,angelic upstarts,we're gonna take the world
14125,380425,komintern,grupos de tormenta
14126,380399,red alert,no quarter asked
14127,380400,red alert,i ain't asking for the world
14128,380401,red alert,a distant rhythm
14129,380402,red alert,like no place on earth
14130,380406,johnny cash,goodbye little darling
14131,380409,angelic upstarts,heath's lament
14132,380410,barricata rossa,intro
14133,380412,barricata rossa,uno contro il mondo
14134,380413,barricata rossa,corri corri
14135,380416,barricata rossa,cuba es libre (sin cuba nada seria igual)
14136,380417,barricata rossa,30 giugno 1960
14137,380418,barricata rossa,hiltzaile demokrazia
14138,380419,barricata rossa,cani
14139,380421,mencer vermello,fillos da suor
14140,380422,mencer vermello,republica galega
14141,380423,mencer vermello,cuba libre
14142,380522,opció k-95,working class hell
14143,380429,opció k-95,au jovent
14144,380430,opció k-95,rosa de foc
14145,380431,opció k-95,colpeja un per aturar cent
14146,380432,opció k-95,bcn 12-o
14147,380523,opció k-95,estem farts
14148,380521,nucleo terco,los parasitos
14149,380437,johnny paycheck,the race is on
14150,380438,johnny paycheck,i'm the only hell my mama ever knew
14151,380439,merle haggard,ida red
14152,380440,bill monroe,prison song
14153,380441,burl ives,raindrops keep falling on my head
14154,380447,alabama thunderpussy,15 minute drive
14155,380446,alabama thunderpussy,negligence
14156,380448,alabama thunderpussy,burden
14157,380449,alabama thunderpussy,keepsake
14158,380480,burl ives,roll up some inspiration
14159,380481,burl ives,real roses
14160,380453,memphis slim,we're gonna rock
14161,380454,t-bone walker,i wanna see my baby
14162,380455,t-bone walker,i'm in love
14163,380456,sonny terry & brownie mcghee,i'm crazy 'bout you baby
14164,380457,willie dixon,stewball
14165,380458,john lee hooker,let's make it baby
14166,380459,john lee hooker,the right time
14167,380460,sonny terry,"baby, baby"
14168,380461,sonny terry,i love you baby
14169,380462,sonny boy williamson,i'm tearing little daddy
14170,380493,the meteors,michael myers
14171,380469,the meteors,hell and damnation (meteors won't die)
14172,380470,the meteors,raging thunder
14173,380471,the meteors,petrified
14174,380472,the meteors,how mad is max?
14175,380473,the meteors,(k) is for chaos
14176,380474,the meteors,headhunters
14177,380475,the meteors,midnite train
14178,380476,the meteors,awake with the wolf
14179,380477,the meteors,hell ain't hot enough (for me)
14180,380478,the meteors,voodoowedo
14181,380485,the redskins,plateful of hateful
14182,380486,the redskins,bring it down
14183,380487,the redskins,don't talk to me about whether
14184,380489,the movement,more products
14185,380490,the movement,no regrets
14186,380496,banda bassotti,sveglia
14187,380497,banda bassotti,er ciccione
14188,380499,banda bassotti,caput mundi
14189,380500,banda bassotti,carabina
14190,380501,banda bassotti,viva zapata
14191,380502,banda bassotti,giunti tubi palanche ska
14192,380503,banda bassotti,ska against racism
14193,380504,banda bassotti,somaro beat ska
14194,380505,banda bassotti,beat ska oi
14195,380507,inadaptats,la primera revolució
14196,380508,inadaptats,avui és el dia
14197,380509,inadaptats,catalunya
14198,380510,inadaptats,perquè vull
14199,380511,inadaptats,radio_activa
14200,380512,brigada flores magon,nicaragüita
14201,380513,nucleo terco,esquirol
14202,380514,nucleo terco,octubre
14203,380515,nucleo terco,el pueblo y sus verdugos
14204,380516,nucleo terco,nuestra condena
14205,380517,nucleo terco,nudos corredizos
14206,380518,nucleo terco,verano del 92
14207,380519,nucleo terco,patxi balas
14208,380520,nucleo terco,красный бор
14209,380539,alabama thunderpussy,when mercury drops
14210,380540,alabama thunderpussy,ivy
14211,380534,down,rehah
14212,380442,dave dudley,cowboy boots
14213,380444,dave travis,sweet country music
14214,380443,don david jr.,country kings
14215,380450,bill monroe,can't you hear me calling
14216,380464,the meteors,rattle snakin' daddy
