1 81 6441 1501 6336 2766 7392 8886 12657 10433 12690 12580 145 4926 4073 6389 12017 12172 11652 3455 1408 13212 8450 1680 8363 10778 5643 3485 10880 6043 3845 91 4608 13291 4371 10483 12393 9307 8878 6493 2260 10673 5659 12630 12909 4418 5390 14216 2803 5415 1484 7560 2451 9460 8239 2202 5958 9377 6033 3167 1393 8605 8148 8471 6740 1282 1849 594 11953 729 13044 10590 6754 1363 283 9968 12829 1453 1546 8843 12231 6346 13155 107 13790 10717 8618 8710 11346 7106 12464 13292 9566 13059 6178 2242 10938 10101 1534 4779 9861 13732 7221 11312 6973 3323 6241 6050 13841 161 9223 5299 11004 12873 7690 11660 5289 2835 3569 13412 7549 8109 6494 4323 9990 9040 10066 9631 7225 3473 13205 135 10108 1462 240 12404 955 4470 8265 8601 7203 216 10303 13945 7867 9582 8135 11141 3924 13307 89 7666 13279 903 8268 6282 925 9663 7317 11744 4356 5682 11695 1681 3505 3701 9901 11594 12081 12896 7715 1347 7445 8010 11951 12162 12053 13618 13166 13239 14019 12087 6010 10970 12827 5582 12541 8285 534 2095 1366 5481 7966 10424 3028 11871 12163 1042 10250 7014 8766
2 129 5699 1616 2866 10693 2645 4420 2931 2758 8232 8222 5610 7874 9556 13858 2259 11522 3069 12200 6430 1100 4301 1086 2583 8390 10072 6415 13789 2959 13743 5074 4496 7854 10308 2991 371 6701 3029 7732 12610 5386 6958 12547 13885 4985 5794 1492 3920 7811 1354 4385 11505 3497 5201 2162 12578 5056 1534 12878 12700 1553 8431 2671 1191 3114 13214 166 3321 9495 6392 10281 927 9939 1982 10800 8810 11791 7206 349 867 2375 12078 11582 9977 2080 13700 12505 9933 13666 393 3941 8355 566 76 13792 3076 1462 415 5950 1609 9652 9952 9285 7018 414 5923 11498 8324 11423 9741 5296 6739 13025 5192 10018 75 13172 12297 6490 4331 5581 7606 3958 12867 1957 7626 5179 4958 503 496 6459 12267 43 997 11656 8367 9828 10810 3729 10962 8467 5865 12525 6543 9759 11543 5483 5416 2582 13384 2876 8568 6484 10102 13977 9017 3772 2722 12975 12434 805 10073 12973 11042 12170 4800 13793 2479 3465 13707 10345 555 6133 4477 10499 9509 5031 9367 5359 4582 9188 4950 11823 3525 5128 3825 12454 6766 949 3528 13803 4721 13225 10354 8106 6532 9853 6368 285 9923
3 134 7178 4694 13837 8313 2922 13802 3335 1680 13089 12665 2683 7207 1865 2163 2974 5116 2848 2428 9574 8596 2865 2995 10341 6982 14058 10485 1813 8820 13817 13104 4707 117 7845 639 10769 9479 5031 5403 8407 583 11698 588 7746 12155 10327 5512 7922 5648 425 14029 8023 10512 8185 13315 10510 13128 8674 1943 6083 5593 10544 8692 2866 7791 2965 14102 3582 3748 10239 2714 8 9234 9859 8700 8159 13626 5566 6259 723 14127 5999 13154 13598 749 710 5402 5281 14150 1446 10816 11108 4706 12043 7754 10223 8624 12171 1583 6792 3082 5768 1458 95 2460 10294 3760 2071 9465 12380 4771 7478 650 4313 5931 13316 11947 9910 10011 2568 6818 10116 10310 3958 7533 7821 442 594 3998 5136 12749 12079 10160 5907 9720 7672 13359 7252 769 5741 5391 9568 11526 4648 9907 13448 12629 6681 4857 5647 2485 5602 10623 13702 13879 6913 6080 5412 8870 11676 12531 930 13612 10021 2774 501 8457 13622 905 10713 4557 3218 603 10004 3008 4139 12452 6302 3773 1153 10950 240 7857 4284 8188 4196 12852 6138 2473 8091 8083 8982 10744 5276 12696 1805 4866 9822 9262 12286
4 211 3567 11972 11893 1149 6184 4311 9075 9115 7757 2547 7160 13454 4680 8236 2726 4260 833 7037 13845 692 8786 5016 10956 12581 6428 12321 8758 985 1531 7240 12221 141 5907 8696 2756 9931 2642 6424 4379 4925 4302 2225 11052 2685 3890 9269 4111 11651 1616 1339 7421 8057 13689 13787 1100 8527 11095 13327 4538 13343 6063 6719 2061 2647 1334 1145 1087 8821 6850 10222 7213 9213 4282 13646 5503 4857 5633 14107 232 12702 5956 6191 6022 10267 11429 6980 3988 9015 7759 3990 5681 7835 9593 10006 6892 6284 11088 5572 3521 7275 1815 3857 2778 3939 7096 5228 8537 12392 7929 83 3280 6151 8342 6251 1090 9895 4095 11107 12994 13341 7630 226 3205 580 12427 11691 339 1880 6263 7575 946 14160 5176 13933 5783 4917 8956 4472 5758 10248 8530 8052 461 8416 8303 9901 310 634 6910 9004 2856 1351 13937 12879 12483 4481 13590 7897 4022 6253 8522 10665 7 8642 1785 9468 1315 5771 11309 11829 2874 4742 8760 7055 4024 1142 1286 14047 8986 5232 11568 3908 6565 4404 7198 6342 11746 10622 8275 12578 3670 7151 8630 9626 5799 119 492 13730 8428
5 224 5181 8371 4352 2946 5251 4759 1756 6519 7210 8704 11356 4098 1838 1902 2834 8060 2863 11226 1860 1930 295 1076 10043 4342 5195 3874 11157 10782 8877 5999 11934 3105 7068 2338 7768 3580 9445 5585 13628 10017 6040 11852 12106 4906 7867 10373 2984 5632 1551 4530 2728 1486 795 2795 8467 12589 877 6808 8163 9577 3100 906 5743 12111 11963 835 1383 7553 12989 6019 4447 9020 84 2328 9156 2924 5098 4613 7293 10328 9327 6577 246 681 8244 4525 8150 609 6129 10993 185 13464 9578 5535 11909 4353 4087 12711 7162 8897 10710 7628 10611 6197 10378 9052 2438 14107 8131 2937 6580 9501 1037 10485 2477 7244 8178 8168 10125 4107 3331 4679 3560 451 6779 10902 8058 3047 13581 7980 11570 8954 13309 9510 3192 7944 9635 1043 143 428 3026 10022 3341 11439 5088 2511 9125 13998 2077 9193 2255 4709 2471 7522 867 9881 1062 6284 10529 4969 3479 5861 1577 10384 3217 801 5301 2689 13945 7164 1097 9585 2638 3292 8507 5742 10900 7344 11222 6494 11603 10992 12330 9752 8900 9993 9990 9470 5600 13008 9402 13119 1932 2033 3618 3422 3743 3831 2654
6 235 5632 8945 6014 8003 13739 140 628 5381 8020 9006 2390 8693 319 12633 9057 2962 1763 12969 13599 1774 12866 6923 88 8699 11225 3691 6777 12647 1694 6414 5476 502 1177 4648 4726 805 2622 14152 13632 1336 3975 7579 2128 5783 2750 7259 7676 5282 494 12125 4874 2555 13573 11701 1404 5539 5550 9485 5312 6215 12314 7085 10153 10954 5610 5281 5544 10227 2606 9312 10058 2963 10776 7502 5895 7305 5590 11103 4076 6544 7 13579 13801 10879 3169 2421 9268 13564 12488 803 6109 10303 1209 10339 11080 9411 12684 8270 9728 5530 4557 724 13063 2162 9342 9137 1601 11509 5752 10093 2933 12334 3228 6162 14201 13536 7775 10035 13623 7314 8446 6259 1108 5067 2067 12306 11039 12144 6458 5115 11778 7598 4196 12441 6509 2841 12548 4022 14099 1878 6860 4900 9325 4625 4584 6815 2851 1875 5546 1152 10029 12359 3285 7344 9705 8252 2307 11434 11495 2378 1186 13916 2944 10731 13558 4894 12414 12950 12258 925 921 11982 7452 8891 4158 11037 7362 13282 9998 7585 10890 8989 1603 11208 9586 7455 13816 10139 11236 9997 8273 7488 3105 10850 4668 10241 8972 13681 672
7 240 11108 11421 6664 6284 6585 10615 4212 2253 10094 5686 12020 3294 10378 9462 13414 3596 4474 10042 6135 9266 11570 12856 3597 13307 7393 15 7748 2419 4684 7548 2834 5369 7603 2347 6749 48 5530 8809 11892 6281 11077 645 12381 11484 6126 728 2819 13961 12286 2610 14084 11189 13652 74 1664 8553 13001 9969 1161 4629 7397 13216 8143 13014 9179 11976 3885 9617 10076 2698 3589 8534 11724 5926 9057 406 159 11626 10101 14184 2922 5897 3163 11350 1051 14079 10835 2364 12290 4326 10348 6055 1117 888 4428 1252 10093 6540 6952 7215 7967 1519 6704 3012 4931 1815 6850 12097 1204 12450 796 8889 1783 588 283 6178 9196 10499 12223 3419 5272 12768 5009 2845 7090 6445 11142 12137 5790 7038 13554 7834 2833 9121 4654 13725 9841 5193 1033 11212 3732 2924 7322 8200 13054 2963 5932 6005 1381 2300 13248 7477 2665 12507 11958 13476 2861 6379 13144 2618 14102 8432 3380 9672 5833 4787 5758 7364 665 7848 1526 8788 9625 216 6373 9769 8983 3640 4732 12473 959 5975 12769 12700 7435 10022 108 10175 9950 13509 11551 13754 4973 9569 10929 8086 5904 11236 7965
8 256 2415 9370 1753 10460 12817 283 480 8841 8041 887 3050 300 8739 7457 551 2629 2637 8744 8313 4625 381 8802 3046 13148 9259 2507 7980 6075 1223 544 2484 7999 104 98 12801 8565 11149 4579 4843 602 12995 9683 1700 4359 12167 9473 2012 5002 10208 4091 238 3555 12048 5741 12633 5747 2793 11100 2616 6273 7009 2337 12192 8393 8718 1636 12135 9542 2578 10779 947 7636 8241 11588 10799 12389 4244 8020 12759 13610 6886 4061 13833 3487 9048 8627 1339 5568 13792 9665 7446 3648 613 11463 11372 12919 12046 14153 10688 2372 9562 13642 11404 12037 8675 13757 3595 1178 11975 4530 5297 6595 1256 870 4316 10070 12009 2279 3381 110 10619 13629 1279 7865 6700 11768 1087 2375 10767 5624 11694 3929 7952 12852 5284 13569 13511 13848 8290 2172 2243 6559 1915 5583 11182 6441 5795 782 5069 2424 9615 12303 730 7845 3132 6094 10426 11567 7824 9493 2290 5549 7491 13926 9521 11836 8309 2684 5676 3136 223 13460 3240 8596 1894 5603 5763 7529 9796 11791 4904 3475 10869 8046 9075 12412 13584 12621 6156 2184 6724 11152 7305 13970 1844 5736 10084 8798 5802
9 190 13656 6496 10557 5604 3508 5693 5717 729 3632 4061 7832 6580 11926 4577 1732 8848 14073 7420 11796 11953 948 1416 1468 4147 3595 2694 438 8903 966 6920 13313 6581 7023 11455 13505 5709 9399 3887 6939 68 11857 10260 13386 10366 13992 13029 13450 3259 2935 12956 2102 8831 14192 4212 5742 12650 10401 4849 13863 8257 7820 12441 8547 1407 13194 13150 9893 11157 10425 2329 13594 7664 10760 8686 6752 5586 9095 9401 13110 6607 13897 12483 14016 1570 10788 65 3877 10885 10517 6150 14098 758 13896 7814 13916 6656 9787 1283 11674 4469 7221 8455 6957 330 3332 12158 1886 1062 6179 9321 7041 2131 6089 8085 6515 12045 11054 160 11276 9978 4292 11171 1980 2749 5852 8038 10287 3669 2201 164 10303 5688 12025 13311 5824 5011 9429 596 12344 13716 4256 2908 3953 7976 2641 2253 8365 2014 377 11696 6216 12908 7652 770 13094 7528 12279 4204 7818 6473 11792 5660 5224 8557 2762 10356 12409 7919 4936 6734 10428 10117 6292 11365 7110 13319 10834 3359 8878 11275 9111 8748 3375 12560 5485 725 10897 10849 4175 12772 5897 10629 7523 12617 984 2827 4979 1604 2208
10 298 6101 13483 324 7681 8932 8388 13707 3536 11035 5364 11313 1811 6988 2531 13081 13791 10658 2333 452 2624 5088 12803 13246 4398 12429 7736 5940 1200 5348 4484 1211 2567 7202 13928 5609 2147 5028 3442 12442 2033 13430 13363 4324 5992 8017 541 3706 7572 9479 2996 12711 13284 1370 14158 4214 5287 14183 5942 1165 12767 11970 3722 8316 1011 8655 13228 2593 8215 13220 12550 13041 5209 6357 4223 9578 2520 3312 5937 8064 6013 12781 11407 12390 13868 8408 619 358 12417 1597 5732 2993 12315 8521 13174 12696 2782 10919 2301 8643 2552 11050 5134 1916 1866 12964 153 13967 2359 4016 12095 2659 3354 8511 4556 4165 13590 4316 1043 7198 3228 10794 6760 11071 1129 12259 1991 13643 11340 12322 3978 13800 6581 3127 4237 7067 12997 4232 6576 12773 12024 4702 424 12563 1250 3819 703 1856 11904 10969 1868 1832 4592 3346 10562 14027 12717 13212 14205 10016 2876 2392 8540 6278 9437 12669 8000 553 13700 353 11740 3028 11742 3353 11559 14131 8257 5200 5796 3065 1109 4686 11569 8361 3785 10711 28 64 4565 4792 11326 13704 4212 6651 1061 5372 8520 11871 12401 9220
11 360 12251 5871 13928 6310 9115 1829 11989 5865 12258 2939 11737 10993 6066 3919 14031 10111 3354 9112 13466 1259 5281 7322 4767 802 13451 3160 11938 2507 3971 7703 6137 3713 9830 13416 9868 4134 6017 8781 6596 10814 11613 4137 624 7048 8832 1077 763 6371 6168 12323 4931 4631 10574 5928 11631 4688 6216 2492 13679 424 1228 3999 13774 10143 14121 8367 972 12903 4410 1268 5642 7008 4053 12411 3987 5758 12746 11166 1372 4780 10408 1444 12732 3189 2960 1406 2946 13145 912 2218 9129 8594 6005 11916 10868 3214 3430 9721 12669 764 6356 11385 12157 13119 13855 8354 5434 11207 5084 12194 1927 3323 1629 860 13076 11702 3417 2807 11430 5457 5550 6622 9698 13686 7127 10034 3560 829 8511 1542 7714 7638 13025 26 5489 11118 7939 3635 7615 13330 3385 9045 1870 7035 13843 8387 1335 1459 1420 11776 9571 1821 9506 2393 2512 10351 8585 3065 8011 10894 2650 12304 2902 9380 2251 3876 2654 4544 7286 5786 9147 14057 3103 4547 4587 9625 4848 472 2878 4173 3734 9052 10495 4142 13297 3493 11236 9455 5357 6156 2224 41 5386 12806 1217 8486 7968 10544 4532
12 32 1279 9423 6208 10225 9591 177 10878 4252 944 1986 10733 7472 4070 1110 12270 6862 5487 10211 9991 5723 4520 7976 2911 1451 12343 13123 386 4767 6298 5228 3257 487 9933 5765 13026 9043 13873 1190 9774 9658 7096 580 3446 11587 14176 13779 11267 2816 7158 2154 1927 7941 3853 1917 12092 5510 2442 3834 10385 7178 4131 4438 7496 2749 11253 11122 834 9207 11321 12559 8946 7931 10491 877 9738 3799 5054 9605 11677 1138 10188 9966 11046 8139 3395 9083 7611 12445 14158 2517 2655 874 9225 12545 5474 2416 8659 13108 4648 8185 8001 12411 3910 2723 7014 3516 3486 12611 3107 13269 541 7853 7600 4150 12469 9196 8179 5731 13362 10168 9200 13139 6832 8906 12739 7844 3350 12613 1542 12576 12575 1554 5794 5297 3780 11062 11764 12734 12369 9229 12206 2889 10613 11719 3606 14 1832 9436 7174 9191 619 9247 426 9212 4361 5408 14029 11833 926 896 2714 629 13628 5802 7053 1168 6043 9290 10378 8888 9810 7071 9654 5033 1401 9028 2288 12814 2548 1326 10142 6660 44 2239 13711 4304 13130 6771 5237 11149 7649 9257 7568 8490 11547 11863 2896 5767 13059
13 389 8927 14082 12749 6193 12780 7170 2756 9369 12553 5808 7788 13975 11497 2112 10043 8913 11517 11285 3619 8239 9059 14019 9207 4525 1678 13509 4539 8389 4662 2030 624 9788 10557 3837 13692 70 6287 9959 5588 8822 3564 5944 9169 26 2202 9452 10155 8973 9111 7347 11192 2876 12070 1218 5796 7516 9160 5469 7025 4916 3141 9863 2972 6467 2367 1210 7829 3071 10427 3167 9803 2215 2321 7815 13175 11596 6206 8759 2165 3407 4393 7228 5013 10959 9357 8087 294 4722 2398 8301 6779 1606 10446 6666 1250 4426 11686 11172 5824 9035 3215 1782 905 10310 9585 9086 5844 8900 5364 13639 9821 2757 11749 9262 6888 6451 12514 9564 10969 1685 6632 13754 626 6507 10791 10122 2896 4859 9509 14172 519 3618 9925 251 7762 5270 930 5865 3303 6845 13213 13688 2088 8930 6375 9544 271 5369 3832 2134 14077 2278 4419 2790 11970 4622 13900 13678 718 2930 4029 11923 8237 9634 7952 9008 3401 3608 6306 4211 10928 5107 10209 12794 12170 11277 11107 10237 2628 7688 7592 12157 7261 9478 9043 10324 5080 4686 13770 9079 2257 13874 4618 4729 9131 4240 6341 9692 13656
14 429 1987 12477 7644 10348 13701 1028 9402 7743 9495 12463 12945 730 8350 904 13793 1310 7342 13178 3966 1261 8153 12776 4368 5002 365 4160 3984 11440 8147 12116 6367 2638 268 10681 7288 10416 2161 8428 8542 6561 5934 5047 7654 9628 10918 2152 218 1335 11109 5593 6924 1225 7021 12879 1168 1819 12182 12391 9917 2039 8225 8815 11014 11092 1823 3830 9201 6874 11227 3287 5841 10869 12592 1534 11209 10059 5765 254 7622 11891 8798 12023 6711 8685 5891 12160 10190 12718 12186 8496 7039 12471 8211 2983 5665 584 5296 3548 10585 8019 1047 1639 4686 1257 4712 11203 4937 9387 2971 580 11669 12056 3274 12548 5315 1082 13926 7199 7255 12173 8135 1444 7494 13173 9378 12865 12924 4972 5814 171 8538 3393 13004 2547 6585 10115 6266 13396 10865 1952 10392 11163 4869 8508 13183 11394 13297 5872 13524 615 2958 6210 1278 1155 7667 8665 3129 1357 2600 5640 14097 4134 1804 10718 370 1474 2375 5782 13736 7537 7118 10138 4129 9013 7828 9567 13568 14004 13091 6438 5475 9829 7169 5683 6117 10323 7451 2362 3824 1034 6357 1587 4281 4364 3005 10141 6091 10109 10003
15 537 4052 303 4498 2537 3289 9904 7949 7969 7040 5145 5180 12068 1874 5301 1415 9642 11076 1867 12906 10622 6188 6307 9526 7450 12007 13289 1129 11555 539 2267 9679 5192 8932 5337 8499 748 12037 10215 5569 11983 2697 7163 2244 5563 1088 7575 3258 12061 1623 11928 2931 2448 10734 11717 13770 12687 11870 2338 13502 9158 6339 3951 8823 13543 2755 10835 2287 1523 12915 301 5744 554 3311 8385 3307 12044 13526 11258 6646 13133 6128 5786 708 4928 9134 934 6252 13206 11299 4130 3325 10088 2201 9970 4506 10588 9347 13676 11370 12889 207 1480 10708 2442 6263 11936 8351 9260 357 11816 6524 1504 10839 10398 11762 1158 2125 12351 13575 10533 4292 9019 4330 4898 12686 7881 6899 8734 12606 9789 3414 11352 2853 5817 7696 10100 6332 12481 7214 2526 7189 9430 911 3242 3924 4674 3558 8333 1461 12594 6902 11534 6354 12296 8985 10912 8838 6729 8077 6499 3476 9124 8010 9675 14196 12985 5828 2562 4501 12055 8466 9290 8179 14024 13357 8114 7700 12515 2124 2851 12278 10655 378 2 5835 2879 6416 11787 1290 2005 57 11060 12448 7284 1634 2007 6435 11327 6570
16 401 11759 9471 8133 3252 3091 6502 4558 9146 8992 614 3096 8292 1112 6705 510 4237 9059 7960 3830 239 2470 2654 6738 8728 8122 11526 10454 5281 11923 6295 1089 11883 3357 10950 9528 13771 3973 5247 8959 8811 6587 5863 2417 11027 8675 3470 9760 13549 3856 7332 8548 3805 10223 2202 5076 7194 5274 3700 694 1744 11036 7347 6421 2628 4653 2711 5170 210 8458 12156 7540 1769 10794 501 8046 2161 5883 4605 5879 3378 6824 9430 11524 8955 2383 14122 1952 11690 532 47 13136 4261 4917 6442 13715 12812 5249 6166 2008 2009 2762 2259 10255 3273 6329 2363 11618 6064 4836 13156 2694 9150 7388 2151 1451 9356 5951 10575 11821 11245 13233 1658 9688 3536 937 6776 8753 11626 4075 1387 11965 8541 13972 13243 6333 11869 3044 9590 11751 2580 1895 4920 3646 2894 5241 11386 8711 3930 5910 4687 8624 13044 12361 12898 12711 4183 13439 10997 2065 12950 3520 8206 12889 13562 8049 12989 6439 6159 13256 417 6359 945 583 10613 1963 7356 2242 5897 13883 7515 8377 2659 1201 2261 9963 4786 13646 3834 5668 4464 3633 4089 6290 11990 4371 11962 6168 2026 11548
17 33 5458 9858 3605 1259 10616 4111 428 10290 5523 7335 6356 12663 8772 12250 10262 4186 7315 5891 4984 1296 4513 11858 10459 4525 13436 9328 2055 4564 5346 1541 5822 2466 13589 10251 5064 249 11402 6420 13870 10018 11204 60 6225 5939 9710 2435 11920 2424 2558 988 3765 12615 187 3680 508 4744 4973 7240 4058 7109 4530 2470 8238 6136 11940 6006 9258 10408 11013 4146 14150 6452 6652 9212 8369 12215 4946 3952 6344 8324 8213 3919 9349 5707 14181 10644 5492 9793 11743 10351 7759 12259 1109 7703 12051 8814 2140 7547 267 4120 4212 7995 3329 608 12417 9393 2269 9910 165 13441 7455 10212 6643 6903 6932 7421 10555 8258 2405 12267 11665 2145 8198 2542 13975 3167 2519 11916 2095 10465 4424 2675 13019 12920 158 13257 2392 5220 6416 7187 3045 2034 7576 603 228 6877 13391 12470 12694 11287 7823 4407 7656 12500 9637 8311 7646 13494 12547 8966 13533 7860 2699 5578 12294 9132 2584 10920 13740 4259 2614 5530 13692 12282 4549 12124 2476 7591 3017 10814 10525 7371 7126 7785 4547 38 13159 8076 11493 9314 13469 9414 2334 11900 5694 2933 5514 9167 9666
18 550 4912 6389 9102 5203 5998 13669 2068 9651 8370 12438 6431 8287 11662 5396 8973 13301 4074 11657 11373 2077 6830 8809 2897 7256 6555 13671 12337 13421 7161 4499 4439 13007 4254 2656 1474 1668 329 6440 9553 6995 12504 12958 3879 13676 1184 8565 12211 4257 5064 10547 10252 11386 7268 8683 2898 12906 3444 10820 2331 3920 13270 6923 3246 11027 6182 8822 13335 13941 8893 4903 8011 672 13881 8002 12103 9472 13836 12671 13378 7486 8291 9798 10374 8534 1638 3935 9939 2894 10287 7358 4418 3340 10382 1188 1247 4690 1068 2548 7607 7240 12796 11135 7004 10766 3876 8243 7642 3506 10940 2221 4956 13411 4056 1854 4012 4471 5864 11953 11130 4987 8331 10832 13761 4448 13995 302 12687 352 3510 12294 3897 12416 8638 13821 11186 9082 6885 591 1635 13963 14138 2397 2996 1414 7400 10143 4404 876 895 6415 10632 9973 7002 10819 3274 14152 13101 9468 11081 10331 9753 7913 6410 7583 4227 4443 415 10619 10142 1251 13555 13408 4969 1196 3430 804 6886 13459 9171 12736 5754 9675 9827 13360 12032 1382 7194 1602 12307 7775 9333 2349 6822 1259 2153 10217 5230 10971 5867
19 569 4872 13651 6083 313 2939 7615 13112 213 10524 3226 327 1239 6748 10055 14127 8900 13331 11509 9616 12022 869 5400 8858 4951 9979 12654 10856 1650 4088 435 9804 8066 5575 2757 1126 10022 2069 8860 3256 2118 9297 12655 2719 5296 14201 8090 6073 5854 1728 13597 1086 7018 2413 2919 9251 8817 3398 9898 11023 14021 12545 10064 11562 8585 3337 10278 6808 8965 13219 10600 13847 13703 1527 13831 10026 971 2908 8152 8463 4893 11590 12391 3046 10824 2370 9403 1172 9172 2299 6170 11511 9808 1673 10059 8116 68 10361 2294 12929 9755 9420 13148 7564 12322 10713 9700 6469 8563 534 8837 3534 3655 2031 11892 11427 13196 1436 8057 6982 7184 10253 13393 5191 10034 8419 7918 10634 7131 4081 7663 7532 13352 486 12690 5812 4724 11945 6658 5560 8186 10768 3574 3434 2245 11543 850 13660 3327 9167 7730 11842 11692 13670 8315 12963 13155 13086 19 3658 8468 13540 13207 10627 5941 3626 2605 3007 7299 7778 444 6250 12332 5873 7032 14037 10203 8560 5836 12703 7491 8469 298 4816 6803 12019 463 8617 4516 2843 7066 4944 7981 3879 9285 3164 7195 10767 9520 10863
20 659 10555 13425 6465 7106 10504 274 1931 9858 3435 7991 887 7327 5980 4180 77 3463 376 1891 6051 878 12085 8912 13747 9111 11101 9828 11097 13874 1051 1387 13067 6141 13306 9611 6412 12762 12960 6234 12828 8428 3142 13075 7541 9238 3030 13622 6750 13336 9040 1969 11155 11803 12571 11239 7802 11649 12725 9779 4387 13076 9773 909 5490 5703 2282 3310 8743 11834 1697 7643 6095 12498 8817 5391 5528 4797 10263 12254 6958 6121 966 3075 10375 9534 10112 11457 9477 3650 8394 12898 9610 245 12239 544 8032 6150 483 7860 10297 10161 5455 10924 3475 6832 12419 2612 1031 5404 4861 8402 6829 9273 1565 13049 9704 13483 3124 6545 8890 8264 1042 2772 9554 4137 10648 2896 4720 1034 12431 12929 6005 9023 11647 9201 12971 13764 10675 450 7049 8978 8492 10167 5134 2145 13055 3249 10983 1186 8301 3400 6452 10088 9558 2323 3269 1535 10560 12114 12219 7558 7578 11619 6873 9251 12442 6048 4729 1351 10431 5416 10902 4821 10813 7162 5362 207 4618 10428 8453 11331 3143 12105 2815 8776 3526 2840 12857 13184 1977 11400 4017 14028 11867 14029 3395 2153 13659 4003 10691
21 666 9248 3530 3953 6004 7193 11745 11961 11763 3465 8774 6084 542 1568 6463 10065 6620 8394 3759 2607 1345 1318 11626 12742 5801 13700 12347 6345 10552 8172 8358 5112 13208 9788 9357 13458 7411 10753 10586 5617 2051 9287 4058 13926 337 7270 3694 295 9502 5298 10267 6721 11476 4080 1135 9360 160 1708 5741 12839 214 6545 866 13361 9359 1946 1688 8703 6809 8667 2804 8863 1932 12595 12536 13150 12617 10833 3933 3986 11083 12722 409 628 11195 11835 10274 13252 2548 4959 2905 6775 7253 9689 1074 11098 7646 11960 6810 9662 8037 8018 11316 6197 12743 5501 12317 440 11485 1858 13300 23 13202 4344 14044 5659 5674 8875 12411 4168 8422 11393 10458 5975 1717 9778 8658 4856 9109 12832 10292 8340 6233 8759 8948 6231 8034 4412 7232 11094 714 12551 2219 1617 4247 1387 10500 10530 12407 12212 3448 745 851 6523 7963 161 2180 12281 3614 2469 2764 4877 6541 2773 10462 5052 11688 5633 8227 2439 2816 6750 3677 13316 1316 6546 1407 11834 11028 11962 9738 10791 10948 3382 1550 434 10333 7642 10819 8510 14146 4905 9138 9782 8925 2822 1215 8153 3417 189
22 111 11673 2709 5858 8957 2866 7929 13191 13449 11242 7501 1471 11774 8093 10839 4906 4654 4374 13304 13897 6934 10455 8473 10593 8607 8122 12130 1948 517 24 5857 6356 1876 3048 5695 13475 6856 1173 12654 13560 9178 14171 1448 5768 10112 8091 5345 2776 13557 12476 14207 7978 11434 11284 8637 4165 7604 3442 5734 14149 9420 6402 1696 4731 2414 6219 1589 6168 5112 11917 1557 495 1639 12514 7739 9630 6896 3790 13579 9148 3283 13420 5679 10983 4540 13226 1992 6718 12076 11579 9198 6252 10204 1439 166 13391 4701 3242 9824 8924 8623 5335 7557 4700 5145 10971 7099 7110 4962 10720 14020 2312 3489 12261 9561 11292 962 4417 6117 12594 11074 13018 13431 12869 5329 9345 6258 8370 14021 2323 4416 61 3257 5187 4148 8041 2075 2989 7084 7229 5087 12483 171 10634 3756 10423 4617 3867 3401 3276 11077 3469 7571 4846 11704 8630 6698 8636 7300 11506 8801 8660 1193 12918 5544 4474 8717 3525 1288 12775 9173 12238 10524 6655 7173 3472 5106 8273 4972 6072 7245 9637 3471 5992 3586 5350 6695 2490 10741 6265 4797 254 2448 4627 2542 12685 3065 4367 3836 9467
23 866 12436 2761 13836 4187 10471 3532 2983 7208 10448 5404 12714 13857 2159 5319 6849 3762 7446 12971 3947 3015 496 6739 3735 4727 12851 3994 6324 12940 230 7312 11529 12816 5627 12855 9568 7180 13079 5656 9221 6495 3666 6819 10332 4796 2720 1573 6267 9944 10138 2566 11989 12430 631 2868 10896 3433 2069 6702 84 10858 265 13584 13926 4100 12938 5209 10382 11493 9612 11575 13049 953 6833 2455 4422 6800 4296 1675 8778 5279 10246 7237 1335 1639 12411 4680 3069 7001 10461 3848 7778 10274 8031 3791 3230 12345 9646 6746 10215 417 6426 10918 9891 1562 9054 9249 2933 2021 4849 7431 12230 6474 3737 13983 3897 11340 12637 9486 4082 8812 8833 6810 10193 3236 3423 8295 2013 4205 630 8829 9705 4252 13577 7003 6559 3184 10654 1700 9456 1026 11289 4549 2704 5120 2623 12758 5686 2005 8106 12479 13908 8984 2192 11247 6325 5968 7294 6742 734 803 607 13739 2601 8640 13241 7528 13458 6022 7024 2239 3574 2968 10935 6561 3136 11446 6087 6620 9641 10333 2402 6328 2827 13227 3983 3972 8941 7634 4815 3095 11372 9050 7084 2368 7848 997 2489 5051 1714
24 867 5056 9224 1825 13468 11994 13439 7947 9246 1578 1246 2590 12278 12187 9435 4706 10458 9641 4989 8066 1715 11069 14023 7226 10501 7574 5295 1637 9912 5688 5035 240 2652 4522 6050 11660 10754 3007 3064 3610 2425 5561 10249 12308 8586 7084 7704 14056 13481 1033 3761 8845 4760 9947 6306 14158 3586 13214 11446 12389 3372 9304 11625 3984 1320 1979 10450 9676 10353 1592 8392 6727 9550 5531 13740 8058 8664 7315 623 8686 265 3326 6420 8249 5202 12307 1919 11534 9833 4901 2231 14137 7301 10168 4007 1912 13122 10371 13041 5956 1200 13141 9770 8680 13311 5542 2062 6176 7997 3722 857 2467 11998 1657 2700 4424 5336 2570 10204 13782 11419 12097 11663 9266 4542 13614 8911 5468 12905 3849 4324 7577 2469 10082 2080 11450 6940 5598 6847 11336 910 12627 11813 5666 6505 2006 4439 8029 5555 6644 2513 10537 8741 13234 7401 5306 5712 10473 7879 11743 10675 12607 393 6087 9239 13388 11981 1482 8573 8974 7776 8360 7497 10604 228 3738 11784 11584 14035 6161 12973 13448 9249 12780 2202 14045 3562 5197 13819 12714 5029 12765 9874 7575 4586 3005 8965 5410 3095 6210
25 897 582 8456 10578 3346 11011 6030 1102 13739 9414 5754 728 11346 3957 2133 6426 13624 13917 7817 11438 5786 9891 5708 8955 10749 3563 11652 3320 13322 13180 4954 1712 13943 5088 7236 9639 6524 1105 2032 12043 810 3530 2045 9755 6769 10397 7865 5471 12974 13385 13466 4028 5774 6848 13708 12849 13695 6116 10649 1024 12132 13319 9430 4503 733 5548 1812 7242 11016 8646 11610 6719 1617 5042 9445 11838 9308 709 3602 11442 26 5286 3966 3821 5249 12695 4570 13747 11745 12325 10531 4153 1940 8166 559 5038 6125 9417 10265 343 9284 10563 1412 2024 11518 9877 5776 11177 2909 14173 12065 13944 5304 2395 3169 5638 12777 11681 9489 14119 915 1891 7651 9320 2157 12659 2233 11158 11644 9790 82 5771 11612 12959 1432 9170 2016 1853 6523 4787 3845 3145 6533 5615 379 6214 265 541 11287 7970 13608 13088 10732 10122 3612 3562 2137 7693 4270 4121 7082 12980 6138 6254 9480 2507 13574 2007 8526 13340 5966 4686 5614 3670 6279 12249 6005 6739 10078 7804 8057 2033 12426 8701 12111 7184 4012 11084 1418 12402 9148 29 10 12549 72 6556 11436 8730 1126 6050
26 928 7308 3472 4716 6872 594 2941 9842 2574 13275 9150 10568 10395 13669 11886 10686 4832 8081 8232 9341 2227 13574 2238 9462 3565 13592 12991 12092 7412 127 3858 12027 1886 8923 1358 7303 13924 11598 13624 6201 14110 5064 9588 11698 10470 7548 2751 8688 9841 2703 11191 8902 2283 2667 142 8589 1024 9886 10353 5462 10986 11380 8576 9307 3148 5597 5730 466 3788 7729 12714 2462 11682 6818 2563 9578 5650 7480 9914 7083 5468 6771 10230 11301 4316 10302 7131 13953 11968 2581 7753 8869 12823 1315 3722 758 298 2612 12856 3697 13008 1836 11273 13082 12381 10457 7601 9102 10100 4289 2361 13556 5913 8233 7423 4297 590 474 13983 12416 13004 78 8524 3119 13657 13116 8170 9549 5111 13678 38 8861 5554 4798 7633 9877 10453 11181 14137 427 13985 4681 9511 766 6112 10342 811 373 10900 9606 3219 5284 273 8248 3134 6979 4671 9840 6528 8682 13753 13419 6247 4971 1300 14025 3627 1908 12383 2395 10850 8270 649 12355 2609 9020 12108 6968 4595 11692 13571 1814 12392 12476 5718 8310 2012 10246 10264 11703 6 13824 10031 1110 7851 10216 10451 8897 10991 8533
27 759 1099 6450 5855 1558 9058 8930 9557 12579 5926 6600 3437 10546 305 10328 2914 3486 6994 592 762 8024 874 12562 7191 12406 2833 5377 10868 5033 4480 13824 3105 11538 2606 3485 6153 14012 7792 9362 6754 2630 1024 11880 1493 13083 9881 7865 13444 10275 12114 13872 4153 146 7653 38 12101 4377 1608 5837 13776 14065 9109 4693 1926 10496 8497 3378 6590 4789 13488 13887 6777 13522 3206 3909 2830 7997 1437 11487 3591 4989 4457 8847 1725 6989 270 3801 7563 6885 12129 7210 13994 6121 8934 9964 3578 9642 917 10163 11992 7232 1234 3315 8640 6916 1884 7565 13699 10767 8335 14106 11073 7906 7151 103 7371 8703 3753 8869 8187 13256 1176 5977 2790 2098 1814 3147 1802 11423 13350 719 2145 7877 2716 13044 8541 7858 7085 5393 3920 609 10620 10167 6186 8590 2046 1367 2891 10604 6664 6253 3277 11976 405 7740 11980 8960 7111 6249 10146 5613 6837 10050 9263 4495 8312 8317 9696 12910 12459 1824 14199 6668 4616 7362 354 12449 13494 5785 10304 10264 7773 10980 4689 1724 8720 7358 5473 10417 13018 5446 10524 9222 9678 1386 8418 12404 6387 8356 10065
28 303 6579 14131 12593 7872 10919 10333 12888 13946 8213 6798 1473 1986 2149 10254 267 2073 10841 6860 2417 11589 116 5691 5259 10405 7612 6369 1607 1629 2525 2607 6593 11711 12137 4359 9122 6810 12979 150 5706 744 4005 7868 3792 4438 13512 11411 3991 12697 7701 2119 11473 14071 9285 9050 9026 3145 1242 7741 4742 6329 4149 14062 2062 664 11681 10346 387 9150 12956 4420 9199 5875 4711 2531 5725 4006 6222 7447 3264 14083 4330 462 12277 7782 9777 4177 7665 7779 746 1810 4416 7938 1498 1248 52 1856 4457 6548 5485 1089 12611 9585 9308 12683 2774 12221 3115 12608 2971 2996 10533 9504 10562 6650 10283 12205 1198 5753 6343 972 2754 1535 9441 6945 12974 12971 6527 3250 77 4348 10478 696 1303 2541 12284 10662 11028 5582 2231 6996 1210 1495 4606 7380 5357 4399 1566 12981 8741 13246 7995 5123 3600 7774 14198 4992 4928 8552 306 2039 6514 536 1600 12712 5151 11384 5200 13994 9218 10190 12010 12651 10113 8911 879 5601 272 9468 3698 7433 667 2897 8901 7498 12547 5669 2957 1292 6031 9124 11579 1954 2357 3359 13141 782 2230 9250 1124
29 1126 9110 4683 10074 9350 13688 7186 9689 3626 12529 14077 3788 4497 10639 2748 8246 3109 13283 2615 13699 2666 3953 2577 10946 9198 9675 11303 6941 9275 8697 1138 1532 6045 9654 10853 3231 3763 7890 657 12236 13848 12271 12004 13357 3986 2079 13021 11761 4027 8915 7534 7424 2016 6651 8005 5513 7028 4159 11667 6244 1920 3229 7255 12923 4866 11022 2156 13038 1487 11788 12411 2664 10929 7013 3688 7402 13082 1813 5177 3115 11700 9060 11993 2117 6511 1964 5984 260 8412 4334 13895 11588 9568 7183 6075 9180 13420 5201 1205 12624 9807 9483 8177 9235 8935 361 10341 464 10357 12090 12699 7219 11140 5881 7434 5866 12917 7308 1896 6596 13994 12045 8398 14121 4217 13421 7822 12919 13746 8150 12359 3525 2541 12364 8504 10586 12242 10560 965 1998 13011 529 8413 624 8338 6880 10840 8323 10015 4401 13042 5614 9706 7495 8740 4218 12630 3219 6857 12912 7060 13867 3353 11866 1754 11135 2334 11605 12663 7882 51 1947 4226 10095 1626 3114 2101 10189 1524 1387 338 652 8706 143 10743 4982 4391 5825 492 12314 12177 1014 11758 10968 4446 13209 7000 3086 1941 322
30 1136 1910 1042 11117 597 12874 1207 5015 7429 6278 7984 10902 12735 8474 8125 1850 206 11892 8017 1603 12983 12346 11578 768 3246 10762 10871 6384 10630 5979 732 8026 5941 13358 10184 2366 1107 7070 11653 8884 6944 12321 9764 11588 7465 7880 9774 11939 6003 12743 10082 4209 14061 4424 10919 4986 13635 2526 13973 5525 8193 4439 5323 9225 6644 11349 4616 3811 280 3709 7773 13131 7315 12394 11695 9369 13738 7131 4827 501 13526 13845 4550 12501 8225 8479 12081 4458 9951 12242 282 2568 3062 9975 1718 13666 1627 12342 11536 13535 8957 13773 14018 11847 934 4206 3207 13057 13989 6874 5426 6953 6264 3578 7466 12061 9367 13841 10650 6649 5758 9109 9472 3168 9982 10612 9584 13304 5795 10344 3791 10865 2567 6714 2859 12498 12777 2656 6609 3638 11975 10872 8327 4937 1141 6468 7732 13531 66 9386 8424 10944 616 13278 6736 1928 12475 12106 409 7582 12219 13901 3188 591 6004 13035 11890 13795 2849 3751 6916 574 8711 8597 10575 13702 3651 9837 12711 2167 9037 12151 2163 5980 10649 13677 12888 3193 5473 6435 6716 9616 10223 9146 1117 13400 8629 9554 11693 2622
31 31 9266 9728 8096 3388 6144 13540 12457 12860 3400 3110 13261 11513 13863 11561 4021 2523 11602 4085 6875 7583 280 4683 4169 12046 11403 6492 12704 2833 7604 11940 4467 1911 11673 7077 12039 5631 12379 5659 8674 13710 5827 9179 10037 12362 12633 12810 6618 9400 9976 1618 7187 2390 6247 11982 7382 13601 23 7339 7564 6687 907 8148 11027 13966 6996 10291 1395 10231 6540 11139 3413 7447 11304 5499 2748 4340 12920 5892 4430 11807 10019 7596 6118 10167 4851 3646 3848 6031 10468 12369 10262 5159 5409 10540 1884 4542 808 8455 12915 7321 10470 3690 8723 9374 3746 9984 849 6447 12641 12476 4538 1209 9727 9364 6868 460 9318 6431 12615 7228 8281 6773 11490 12789 10071 3036 4793 11232 2099 987 12990 14053 5008 11006 5365 3520 4567 7565 5778 6614 13715 10491 8107 4864 2503 11107 7026 597 3001 6946 1318 7384 6057 6649 3785 1903 7689 2115 8642 5464 111 4551 10226 10333 13515 5332 4990 9987 2346 9733 8045 12286 11964 13704 12079 7525 2553 6752 10420 11035 7501 8817 1400 2413 7693 8714 1770 12560 2919 11102 11640 5242 10144 8223 1268 1592 11621 6881 12342
32 1167 7528 5617 7367 13931 13730 11199 1312 12347 10812 9164 12702 272 12657 14043 6198 2238 2613 206 12262 13391 1843 3331 1691 8014 3964 4826 2104 9025 12230 705 2038 5632 7098 8875 7241 6626 1921 11266 9753 8059 5884 5894 1632 12508 2220 11067 12518 5281 5815 3635 6453 6158 8942 13833 8734 11701 2354 8421 5288 1020 9314 122 9179 5449 8977 8840 12442 6591 12308 6476 10627 6871 13198 7842 6350 4588 4719 8861 12504 13722 6777 9073 3301 10621 618 9930 2906 8744 8239 12708 8772 10830 7397 2207 9959 2905 760 232 10395 13080 3196 11365 10845 6271 13943 5482 13845 6519 49 6904 3037 11598 680 4205 14160 13718 10372 10015 6517 7703 5117 10924 6909 5228 6726 4765 9970 2822 4514 7108 8900 4465 7031 498 4590 5224 10280 1144 12338 8329 5452 1713 472 1480 1543 8813 12512 7291 12131 5503 13691 4961 9774 10895 12925 13339 13399 11094 7645 5322 4772 13937 1544 10624 10915 11564 3959 3524 13149 13745 477 5583 8269 8821 363 8924 8578 10292 11059 1668 3531 4190 919 5390 6462 5035 568 9392 2315 12941 6498 12861 11065 10661 3341 10039 13082 11742 4232
33 1190 6842 10176 213 5963 7254 5120 9494 12758 8723 1752 13244 932 9319 14143 952 7002 6575 8174 13929 10797 3412 8053 9899 4129 2268 5798 495 11795 6892 11258 5696 7086 2403 8535 11939 5757 26 8364 4257 13014 9809 4037 1777 12496 5899 2019 1013 787 4759 9668 9220 10121 9541 1153 11938 4169 4328 922 14138 12227 8107 10229 5166 12420 6380 7082 3989 4317 3965 8899 4849 12713 2372 2270 4571 10527 2173 11738 230 6044 6309 10743 2283 88 12121 13519 8804 5373 4094 7902 6208 7962 14151 13587 9554 13208 6373 6713 2596 1989 7270 472 8649 11413 9546 5764 13389 7955 5155 11694 6532 7237 9824 2104 14049 1302 1465 2686 4293 11438 4881 10194 6549 13527 8632 12597 10901 11811 2842 13621 12139 12011 3221 10470 7904 6682 2472 1411 5263 11958 10248 2443 12376 11220 5568 6034 6800 14056 4545 13293 7765 6141 10249 6071 13322 8129 8623 10948 7817 5947 12143 6412 12568 10376 1731 11563 1080 1440 4953 9794 8955 13879 1299 791 8198 5695 3845 11764 7277 4596 3478 2907 11385 13290 8480 7302 13873 11018 10199 13374 8458 11275 8030 9805 12919 12651 10438 3946 8863
34 1205 743 2121 383 13411 2972 8142 10894 509 1357 8174 2960 4652 8888 8293 1144 9634 2887 11220 12074 14155 10834 12179 4691 2622 4448 6957 12103 3056 7428 592 8263 10221 11272 11032 13487 4539 9309 2200 11353 8548 1488 9426 3496 5551 12405 5773 4940 2168 6117 2295 13473 3833 12964 5730 7547 9226 9284 9324 13410 7343 9020 8538 3158 11524 8618 10774 7839 13893 2615 6614 4241 6126 12810 5233 10707 6618 1753 13759 12217 13029 1376 8325 2501 9160 2965 9628 1891 5838 8 10437 14065 10667 10486 8378 3903 5395 91 9232 13725 6003 10345 12002 6439 6747 100 7242 7217 8801 3617 8982 8460 7348 1588 4948 1783 9866 4771 6737 7534 5646 2462 3922 7136 14048 7018 14190 4061 3689 4101 10250 437 7751 9620 9576 10615 11053 5585 2920 5944 10506 5025 5256 9666 4251 630 7275 3109 7867 3084 12796 10795 10749 7879 328 8478 4733 7987 12089 1748 9833 12958 737 13790 8501 12506 14006 5996 10428 11003 12673 1937 4299 769 7934 10003 9737 3254 8689 8761 12476 8127 4862 6359 13357 14103 8946 8234 259 5679 6785 7564 10958 11148 3090 1987 422 2487 10160 9378
35 1221 9443 6803 1970 8377 6459 9664 13921 10219 9343 11941 13644 6056 8810 13658 9314 1514 5568 5044 12752 5629 4594 13904 7661 6042 1564 4604 3112 6619 7803 1929 11518 2305 4115 13031 10422 8657 12525 9469 10628 3475 3634 6611 8574 10456 2463 10162 97 12359 5390 6244 1913 2037 5182 2525 1412 5277 11307 8854 7807 11885 9060 11187 2131 13884 3733 12424 6300 7146 3826 547 5373 7271 5852 173 6901 2175 4780 10362 13187 1116 4873 11084 6878 12761 234 7559 8414 8494 10237 381 11921 750 4423 5890 13070 12975 5972 8816 9021 11846 6197 4931 12615 10258 3926 3852 1704 4932 4986 925 11886 3186 6022 4621 8184 8042 680 335 9940 5125 12888 5598 3593 14175 5501 8580 10535 2344 14012 7317 5153 1395 10546 2011 12764 5848 3833 1437 3427 152 3406 8586 12549 6766 8868 10900 10061 9031 986 8340 12387 2187 4179 8129 3390 9609 13050 13730 2289 77 12646 9249 10260 11973 439 4127 13132 1939 11210 2713 12185 2159 10676 591 3740 11716 5762 12977 3526 12570 10327 6395 4415 13464 12175 14128 9807 6519 10049 10654 9975 6910 10068 8451 12246 8335 189 11012 14147
36 1224 830 5112 4343 652 254 2539 11478 1749 8466 9802 44 1086 7423 5383 12700 11825 11735 303 3821 655 3783 2253 2162 9707 5821 12472 8133 8917 4121 5533 11741 6578 13899 909 7745 5134 11533 12094 6540 3331 12410 10864 9839 10478 3450 2331 7928 11507 2307 8953 104 13250 7020 12028 2099 9192 4536 9991 5794 5070 4525 13700 11777 12016 2529 8875 4182 2826 11233 4862 11230 5973 6931 1658 2221 7695 3948 4864 7996 5559 4090 8170 7964 5857 1656 9175 11900 729 2551 8419 8847 13978 13403 2034 5560 2978 12819 13796 368 14022 2580 8182 3355 2028 6284 7988 3825 4986 2858 7962 13928 173 10127 13939 4093 903 1459 1106 136 10652 6716 11829 10144 3942 1312 12485 3662 7440 888 8636 10200 5341 12206 13691 5440 9479 9384 13957 10128 422 7845 9255 11287 1496 12574 9048 2518 513 1237 9782 10247 567 7150 13150 657 12795 2226 7263 383 4493 7955 4360 6643 5931 4172 6096 4569 6242 9471 2334 2460 1197 5940 2992 1016 4893 9062 12494 11703 2771 9112 6051 14142 13615 11348 7539 10018 181 1103 2413 11714 7328 184 2179 12844 12030 7656 10206 8381
37 131 6367 8900 6821 12694 13170 7834 3975 4231 8974 3544 4465 10001 7584 1383 4908 6811 11555 2482 11476 10323 8452 2367 12876 13534 4852 654 2446 4511 10075 5407 427 13903 133 9024 3566 5826 8013 3991 5865 9628 4982 10515 4916 8790 7771 1386 12611 1382 6477 13684 2642 4652 10792 2631 7326 8335 11466 13734 323 6671 10282 44 9832 5086 14152 663 4116 11624 11484 6645 620 6445 2232 6530 2389 2181 13525 3434 8549 8681 3635 975 4568 8037 4873 12082 4166 12255 1310 2749 9854 8442 3981 2802 10268 1444 7082 8596 173 1607 5835 13213 12471 4867 9872 12187 14071 8864 4131 1727 2145 6492 1040 11459 7048 6285 3940 2747 4181 1263 8212 11418 2578 411 5251 6854 12201 3044 258 8890 2464 4396 560 4150 9373 8994 228 1010 6713 13314 7723 959 9803 5174 12059 5282 1142 3883 13709 11344 11668 7933 1823 13395 2518 8026 5262 9552 9442 7537 9728 4107 13729 6121 4021 12548 2861 9393 4476 11081 14124 6353 6557 10142 5186 530 11631 9263 4365 3724 7228 10724 12202 9476 5837 11986 2110 11329 9713 4822 12339 5754 9735 11849 4379 4843 1153 7124 4430
38 406 3474 10869 4507 12761 6266 1962 11288 1348 13998 2428 10824 2834 3703 13019 1914 11918 8931 11831 7889 695 4773 1154 13210 10784 4315 412 3645 11556 1340 10964 13284 12731 1491 6940 11981 2995 9302 1875 11021 11429 5841 9233 13960 9273 554 13218 967 12118 9242 4391 8942 9321 14157 13156 1293 2546 6237 229 1681 1134 7192 9844 13834 8269 5071 7072 258 6176 6249 13685 12573 9042 8044 3563 5136 5127 8965 13744 1430 561 999 11820 9693 343 5609 3627 8642 3500 13089 12832 4726 4592 3032 11269 13995 12760 319 13137 4750 6562 9554 1232 10797 8463 13935 7056 12104 6504 5020 12604 1782 12314 7625 8434 1110 3845 5533 3258 3997 14126 6284 10850 6270 6805 12338 8741 1534 5678 10802 3793 7632 8758 11616 9890 94 10310 9197 11841 13107 1255 3259 6195 691 8775 503 11193 133 12341 8794 4827 10116 3063 4892 13472 13463 5742 9568 1609 4080 3650 798 7839 1622 10072 3916 2833 7872 7053 12734 7094 430 6276 4977 12000 14196 12627 4691 670 6665 3567 284 7981 1206 256 14053 10773 1713 2076 5564 6703 9699 6215 1877 5612 1970 8664 10715 2146 2569
39 1293 12766 3804 13249 8766 4641 10390 13802 8525 178 12096 9869 13890 4404 8066 12003 5194 8011 10812 4860 6829 3729 3929 13139 8436 10543 534 10267 10315 3309 5945 9998 12809 1896 11733 4359 156 6971 9634 9170 2895 10288 2008 6485 649 5435 7099 3384 13673 10435 2966 9152 12784 11239 12871 5476 1370 8014 1324 10359 12951 7506 13275 2817 1954 11824 12112 7722 299 9690 13044 8409 4228 1369 6692 332 1661 13810 1331 10722 6598 3480 13243 8439 13848 11792 3625 11744 2293 6905 14026 7314 10484 7423 9344 13643 5712 5888 11765 1182 11012 10839 5690 986 6795 11652 12802 294 11141 7821 4739 2599 1769 4894 10554 9230 4180 3973 1536 5544 461 8892 4102 1244 12544 3012 11947 4281 6552 3273 8426 13122 825 6063 494 13892 11755 8154 12646 8675 14101 1461 13135 1567 12013 3206 330 1042 11556 1870 5150 1547 3122 9776 11187 8167 3877 8940 5749 799 2949 12075 7784 5055 1663 11246 11689 12779 13933 8627 5801 5293 3269 3620 8748 13389 14117 4275 7302 5703 10961 5167 6872 3352 2261 10161 7300 4610 6434 6049 6840 11345 1755 8023 8915 7852 9133 6372 12890 9420
40 1297 1565 4321 9231 6265 7244 1228 7823 13022 12511 7767 7468 7964 12050 3603 13538 12309 4138 5300 5810 996 3312 9254 4269 1117 8226 7937 13868 1112 842 6703 12412 3797 12114 7956 3172 4694 5149 7713 251 1802 3756 8059 12848 5576 13062 4475 7809 700 5613 11189 4819 9413 9960 10109 13987 1675 5559 6713 10910 5244 11250 8432 5886 9192 9390 4125 72 2932 7914 6340 8185 9998 1011 5034 6186 6567 24 8952 5966 2064 5016 13955 1916 4224 12694 10480 6368 11546 10321 4084 5958 13627 7332 2679 10234 6334 11281 3443 11353 10531 13302 2736 9799 9171 11312 4988 13339 4764 6076 12985 12216 2611 10897 2256 4139 4660 13986 4117 9400 3625 4357 2704 5314 7564 11858 8172 10732 2486 10153 9245 12968 85 11050 13137 13462 11636 6238 1529 1727 2335 324 12358 1136 5093 7531 3587 1470 11245 10795 3925 12289 8853 9761 3117 6194 4742 12704 5086 10057 3912 7918 12113 4925 5732 5890 4294 12516 12734 479 9489 5935 7603 11888 3075 6648 3380 7201 9778 3857 10151 8954 12095 11559 5669 6845 6132 1569 2407 4383 10110 4847 2007 11867 6589 8868 161 7310 2350 35
41 1323 4199 11361 12150 3978 1118 10093 3768 9597 12256 6596 5973 7406 6872 6527 9519 96 8872 2636 3082 5957 12055 11650 13368 6098 4392 5945 4957 9435 2762 3690 2157 9389 8390 1769 435 1292 11473 4076 7720 5420 7739 6838 8127 11277 9168 4024 12278 7559 12403 3127 13613 3495 12979 9543 13474 5511 9037 9289 6780 1469 11057 11722 2721 4977 6230 10033 14052 3639 3195 3014 5988 1479 11457 2613 2780 12996 486 3851 10502 7451 8228 7738 11925 5431 9337 6234 13003 13422 4869 3105 4643 5344 6311 6690 12065 6832 4839 4924 13327 4492 2543 2550 6096 5720 5339 922 3640 5381 13252 6195 7921 1282 2422 6879 2832 8535 8422 9555 11671 3656 13015 7161 6942 6398 6679 11777 2603 12498 4228 12876 11936 2975 7567 13909 1276 12071 12946 11300 10418 11956 8095 4141 12443 3919 8051 10213 4900 11185 7693 12379 10014 10571 11195 3330 6306 8071 3059 1555 9151 10814 13638 7181 2688 7390 1936 2341 13823 12251 10085 10640 8506 1369 2868 11458 4067 11675 12009 11744 2492 8360 5419 4383 7768 5228 13839 4294 271 9413 9316 4265 1249 9870 6717 8272 4171 9255 5443 2940 9504
42 1340 13753 4324 7134 12154 2931 3933 8776 13268 12408 3979 1866 6990 279 7440 11840 2099 12334 4819 11646 3641 7251 7576 9437 495 13296 1128 4510 3050 13853 8168 341 11210 11893 268 8530 9517 12529 8824 10109 12108 8865 10533 3088 14052 3442 2206 11572 8312 1432 5477 7538 2077 10005 12996 8866 9175 3367 4746 11764 6906 8002 9706 4216 4476 11262 11531 13837 10155 1005 4757 1619 9350 13063 6267 2265 5441 985 8875 13220 5783 1693 11277 1754 6478 622 1412 3921 5457 8585 3203 4382 11546 13589 1419 8211 11247 1190 6886 5737 5850 6516 8731 4916 9354 12361 3520 7796 13889 264 11408 9484 5078 3938 14121 5525 10662 10990 12459 10772 3158 5493 951 5160 10263 10864 2721 5946 501 10800 8201 13076 6146 6806 11033 10421 1763 13942 6914 5283 4525 13969 13791 1282 5625 1467 8575 10154 2970 1987 5961 9922 14041 7745 11286 3783 13135 5158 5131 3724 1378 12405 6885 5448 4854 9156 5450 12327 9713 13987 13061 12603 2777 1348 12743 7976 6071 4196 12524 9080 10339 11003 14207 7403 12689 450 12337 1832 8971 7648 10136 9381 9966 12956 13381 8171 13344 3929 8467 1637
43 1341 382 9194 9824 5635 6895 11201 14070 13795 7603 481 4416 5365 4330 6869 3536 3677 9056 685 399 12612 9723 12327 12001 11211 7326 8896 750 12313 4856 1826 13829 119 6349 7853 970 1572 12096 6403 8273 4528 5664 5817 8700 4713 7383 10194 6720 9615 8503 372 6298 10736 5589 1708 8256 2127 427 7459 12917 1043 7819 1496 7932 13659 5126 12801 5725 12640 4989 9092 1174 10221 4255 13603 11708 8797 10981 11850 2952 12835 2439 4706 12049 2921 8695 564 14121 13912 13322 13082 2341 11587 4423 5154 6907 12872 3211 395 8156 1994 1666 10457 13736 8962 13259 4270 10341 7861 8027 12069 2587 11274 9190 5700 12229 8370 4749 10178 4264 5019 11728 10378 1905 8462 1431 6480 13754 13116 13758 14126 361 10573 2233 6443 2548 10086 12878 13347 1528 12730 4321 8181 14215 4501 10010 12486 834 10020 8499 10300 3971 155 4808 206 7785 1720 7681 13863 3017 8629 14117 6793 6081 6489 13624 4659 2098 5906 8394 5443 1561 11606 7290 13998 8958 11140 10085 7955 9421 6208 10323 8654 6696 3870 10058 1983 12997 10980 12544 9544 8196 4433 10477 9709 13076 2850 8123 5604 7103
44 1352 8635 13360 3900 2125 6821 5699 12710 4399 11287 7699 10409 12709 11780 10768 12949 11453 11544 6880 10557 1987 9555 9376 1170 8644 7806 7476 11262 5721 1654 8508 4580 11374 9735 9782 2763 452 10237 13750 9491 13501 11030 2891 2619 666 2461 10334 11932 1540 12010 10550 8419 3576 11603 6498 2319 6757 6410 7619 12491 11537 7299 13652 5753 1925 12694 3631 4922 8476 2242 726 203 9706 10162 9264 10257 5631 12211 12378 11620 5625 2849 6324 10975 1289 7232 13976 10717 13521 6317 11404 4240 2575 3695 10911 5489 5656 4948 6357 3106 1063 14081 516 7082 11666 3982 9201 5301 5325 4099 5701 4448 2856 13483 10436 8477 495 2719 3447 11875 8083 1109 8862 5849 13623 1949 11479 2527 13696 6688 633 6841 318 10383 9745 14180 9617 10899 4046 9366 10826 13056 2685 836 8270 8194 12852 4760 7708 9335 2107 10369 10999 10639 614 9978 8345 2861 9090 2929 12992 11840 12822 9579 7379 13916 5182 1638 3519 942 11728 7769 6687 10381 2432 9288 6165 8236 296 7230 473 5470 6758 3234 6068 9103 2328 924 10903 189 10890 1631 13763 12267 5226 10291 748 13085 5831 11035
45 1356 6819 1469 11676 2623 9503 2823 10686 12751 8970 7723 3873 13601 6845 4634 832 13862 12042 4801 10183 7319 9979 3709 5032 6396 1886 11891 14040 10105 9931 5068 1260 11075 6177 7733 10458 2511 7939 3232 11674 3730 4976 7463 13901 10479 7915 337 5548 3972 4167 4877 5393 241 6974 4699 10725 5380 559 688 10787 10430 3202 9961 7913 6278 13927 5020 5294 9089 8363 11425 6464 1148 12225 813 11665 1734 4739 4603 10616 6725 8465 1683 915 13730 12571 2971 1338 6394 8601 3805 4097 4459 6072 1651 698 13639 12447 2672 13425 4451 1312 13737 6823 10478 8376 4865 3236 6305 6957 12286 3520 6502 4597 9664 9517 8329 2789 12296 4815 9421 2694 11369 5691 2137 7010 6024 11859 13607 1717 9456 12936 1662 14084 7639 8796 4852 5534 4876 13200 12075 12432 9568 13857 4442 6748 8130 6271 2143 7040 7534 524 13191 3608 8466 6950 10408 6683 5341 13444 10023 6082 13194 108 2659 3719 6790 6713 7241 1742 12815 12019 7637 2015 4575 12822 3615 10349 13445 11669 7889 11762 1215 4021 10106 13764 6532 6103 613 5957 1088 225 7430 1053 10930 4279 12601 10490 3706 9557
46 1359 8329 9686 396 6106 4657 8041 2529 6518 3920 10891 6515 7488 9767 1555 3922 6679 11483 3957 11996 13192 5115 4446 7758 6521 11508 6503 13240 6775 8442 6359 7181 14023 8901 3232 4154 4946 8228 3782 982 2061 3081 13232 11738 13425 9457 8232 9055 10953 14188 9479 10794 10270 4428 1920 7004 10033 6337 13902 10299 1687 12971 1186 6575 6796 6567 9107 1438 5456 12453 880 3176 13159 3259 1839 9228 8113 12305 5036 9966 3668 6693 7145 11333 9521 7340 8847 13738 11591 8204 3765 11363 6870 10322 10688 6735 11484 5383 8685 6645 8740 8909 5973 2188 3958 11425 14030 2917 4296 4171 1750 13884 11876 12677 8006 3122 13570 4362 4508 8069 7198 10515 6954 1078 3028 1882 7806 10274 315 10199 4502 12413 1828 11520 1661 6702 12233 9463 12970 1628 11928 2538 10864 4247 4177 11267 3792 137 5211 244 13992 11537 10965 6539 6717 6182 13122 9355 2604 12866 10516 8408 4736 10431 6703 9708 594 13188 4397 4035 1861 693 756 800 12296 6334 14141 1416 8441 6760 1672 810 12620 2615 3624 12898 5176 3814 5448 1170 6859 4563 14145 2858 6818 8424 11101 12085 6540 13680
47 675 3303 3743 11260 5837 7946 9744 4189 156 10589 3383 1425 12957 1974 13568 5714 1916 3247 482 983 1655 5829 10898 4113 5425 8264 13385 14069 2656 357 7606 11301 5390 11496 1369 3735 3379 8194 4315 3199 2169 12399 6336 13632 12457 9979 10040 6872 13787 9346 3705 1804 2804 10129 6756 2120 7779 7475 12829 1827 12828 4952 11831 1837 10636 8434 10232 9779 9391 7057 4809 8987 4570 82 7738 7042 10088 5566 2900 9424 744 7199 9026 1728 5885 658 11712 5847 10723 3133 4729 3696 12089 10353 5916 8747 6272 9869 7579 7759 2491 11637 2576 10786 12690 9042 5590 13922 10253 1368 5810 682 2299 7462 11254 13514 8373 6177 12793 9725 5232 5856 3481 8152 9557 3496 7281 10017 1626 10454 509 9879 4530 13327 3035 10477 12547 13856 5903 851 8598 2862 6091 2249 4014 2313 8622 8494 6293 12971 11223 12143 7065 4875 7264 5722 13001 13623 5401 4715 10021 9572 7516 5366 13087 3160 1492 4209 9975 10366 13287 667 7002 4116 11571 7347 10685 2410 8034 3410 8854 3988 655 2682 8082 1540 9152 3605 13609 12785 4196 14079 6316 1576 8475 1347 5323 12349 12347 10142
48 546 7604 3640 9832 5361 3863 3285 2778 3509 4475 6398 9092 125 8983 7904 9534 13164 757 12485 3572 2703 9305 10029 12362 14127 3116 3279 7319 11853 6783 13713 3492 8624 764 12348 690 11798 1902 9546 14088 2034 6119 5725 11576 895 2307 7404 4660 6461 3068 2429 3817 10232 11219 2536 12099 6214 3256 11352 13535 1497 3159 6496 7396 1230 6213 464 9231 9661 5135 6365 13081 11558 2886 9818 5435 9473 7224 1640 11380 10527 8444 3813 9897 12452 791 13706 12282 8937 12692 6565 1044 8212 4038 10683 8980 8469 6095 8595 10227 680 10586 175 12061 3561 9951 10048 11373 449 2963 5418 1629 13541 4902 3652 4095 11150 231 13178 6701 5743 6945 7760 157 9933 6867 11902 4806 9143 6441 9683 1643 3241 261 8312 11588 5872 13448 12813 3881 8946 3950 12089 8112 10307 3473 12521 5537 4826 12304 11111 4123 3220 6939 846 9380 4281 12701 10799 6331 9168 12354 13189 1134 3417 4876 1992 8887 755 1710 7169 4623 5067 11572 2071 9203 5138 9773 9697 6207 4893 6109 12573 9134 12056 40 8043 13923 11263 9898 13438 2551 10193 10459 11932 2014 13197 7506 12961 1852
49 1397 4891 9660 10600 2081 7935 3109 12629 2537 13731 6216 4139 13902 286 5455 12338 1450 14115 10091 10240 7419 4310 270 10232 13378 4159 11531 9313 4645 6879 4083 2631 11937 1154 2339 4927 2866 3582 10951 8175 4624 8139 12036 4032 10627 9357 14155 9065 12124 11142 12799 999 9914 11125 13291 9942 6599 612 8135 5688 10994 11740 12215 2311 11939 8190 7226 13772 2528 3320 1103 7120 7127 1172 12877 5205 97 11913 8061 13658 9935 12461 2495 5538 1197 8681 12071 10691 12792 7248 11658 1546 13537 7428 9578 11036 9366 3284 7926 3861 7664 306 6095 10267 6587 12926 9897 12506 8265 3817 8786 3773 1760 7828 4088 3034 20 11135 11266 9860 950 11985 2021 11034 7140 3172 1769 6276 1290 5906 2350 13383 7643 1225 12042 7771 7759 14122 3969 5619 61 13623 9791 2375 7750 640 13264 10703 7446 11014 1031 13513 4878 8781 9543 11593 92 3737 10981 10376 3399 2378 4293 1165 3976 13444 11222 9786 1442 3316 10380 10163 3741 13492 13533 8249 5165 1421 13518 1350 1627 13353 2677 12364 350 4343 2288 571 11042 2756 7546 9037 11838 5881 2959 10192 13341 5407 13727 13473
50 1438 12654 5133 1831 11596 10571 7641 7292 8794 7763 5835 54 13703 1876 3052 7280 1781 1043 3108 5529 2717 13312 2281 3579 851 4420 9886 632 4871 9423 1284 12804 5948 5021 11574 4958 2481 5081 13909 10896 3264 4304 9707 14038 12940 8774 14093 10100 7758 1779 9730 10383 6815 6697 7412 8356 2576 2769 9381 2697 743 13419 4541 3795 7219 13746 1617 9048 5186 2581 7501 3021 12890 401 12562 10150 11165 9507 5349 2945 11605 13108 7547 3610 12207 1116 2911 7934 8410 428 1389 1315 8298 3425 12914 9748 8480 3384 4679 9353 5629 13552 12361 5239 3006 8006 9892 2817 10887 12289 9757 9798 1523 1868 8893 3153 771 11608 970 14179 11821 8271 949 11760 7189 12114 3269 2972 1772 9401 13939 3753 11556 2149 3097 11277 12520 9229 5235 3778 5593 7989 12079 10475 11135 6015 6614 2836 5783 5147 11053 1987 306 6010 12870 1525 13005 1685 1682 6266 12685 11482 6596 6418 2442 6842 6168 6402 9478 3353 9414 4101 2946 9384 2398 12063 11287 11069 2663 5253 7925 737 2916 633 145 10658 13278 3711 3222 6479 8010 903 8078 574 8135 6793 1247 6334 4090 975
51 702 4 6699 10330 10118 10184 1200 4081 10152 2851 1930 7420 7545 7296 11214 5869 9966 5459 8504 7486 8310 4582 510 11191 14025 5461 12045 5876 11697 4201 1015 4355 12071 2030 14095 10367 12240 5 2392 12222 12451 4293 11274 13153 6216 1034 3139 6228 9693 1571 792 10899 13147 10041 7086 4141 14004 10137 4063 854 12423 3237 11715 11246 5721 7475 10993 4133 2727 2232 3255 1707 7674 2920 12387 3286 10005 7773 8816 8596 3241 1557 9517 13924 8253 6813 3990 12585 7736 13997 6249 7541 13579 4571 485 7484 6975 13790 5352 11070 5904 11961 12697 3126 11255 10145 139 3700 4691 12331 2227 9399 12485 7450 9560 5053 12271 1542 6888 5926 956 9470 11550 4363 11565 2199 13327 10861 1238 11440 6163 11336 9102 13133 12623 2664 1812 8322 11405 608 10163 3629 7989 10111 5365 1365 12146 12531 2364 13422 95 7410 12405 14112 9091 8642 1424 11521 4112 2196 9893 12058 12110 3582 10289 764 5542 372 10438 10995 12577 8165 5798 9793 11319 7122 6721 10687 2908 5675 4925 6895 8801 10562 9339 9434 12617 5951 13049 6644 13256 990 3496 3337 8588 794 385 6329 9768 13557
52 208 12208 11944 3466 11454 13254 5127 334 9918 12903 3235 1696 13865 5004 5941 8058 13542 13984 3416 6405 7308 9508 14005 7690 13025 6486 862 13409 607 6394 2260 13382 11031 10595 13288 4219 5811 4726 11889 12498 10249 13170 10314 11216 1503 9288 2162 3518 4411 11950 4758 13922 13447 12678 7699 4375 327 5749 5776 7369 5721 8806 1847 184 8979 6032 3251 3064 905 10117 6110 8638 2677 12403 6138 10215 3741 8120 2207 6768 8200 1882 10055 1399 4221 8681 7220 2922 6635 1414 7104 6059 5104 2397 7495 1087 13452 10021 3444 7057 4527 2550 13926 13479 4719 12320 519 4557 8381 503 8468 13215 7099 10432 4546 1802 353 12806 7205 1743 5079 9693 4112 12654 5283 10674 12198 4162 10198 5694 2093 3759 8382 3679 8602 1865 7903 7762 448 2792 11577 2641 10510 9685 5387 2296 3167 12289 9091 4587 9551 3068 8673 1301 8410 12399 6628 11268 142 6374 3756 5857 6945 8435 8263 4154 7539 4316 12322 687 343 2917 2497 4859 2435 9188 7740 12134 9574 5458 11642 12048 4197 5851 4502 6987 2836 13732 6379 1717 13319 13362 12899 12334 10987 8736 1664 12665 5986 8363
53 1494 8047 3961 8578 1208 14141 10282 9997 13786 9254 5429 4468 5797 7746 12215 503 9835 11905 9336 12665 6447 13112 3801 9431 8784 6242 12190 6427 7849 9688 4858 8188 10673 7292 4664 8102 8971 8468 12910 7438 17 13446 5809 4383 6770 8288 3713 9389 11765 9881 1113 11 213 11982 12408 9594 3769 10205 3041 12818 8547 1508 7789 7936 4194 2539 4255 4447 3155 8245 10516 8095 8356 3290 11000 8605 10562 12846 8734 13357 838 2378 7022 4833 13663 7495 3855 11563 4161 702 10020 12669 6601 7700 13751 10836 10197 2612 1985 11962 11292 10615 13855 4412 7824 11516 2654 4619 12071 12267 1646 6351 2691 479 13782 14130 10971 2174 8955 1359 5590 3783 11213 9967 3247 13171 1588 7643 12030 11001 1714 11939 10258 3326 10740 12418 2729 12567 1341 5524 11654 4891 6944 532 7563 13419 9152 3763 4807 7669 1796 11229 5314 12241 10763 2239 7375 590 4200 13457 11687 10247 11790 9755 14074 9620 568 6905 10990 3263 4431 3927 13693 6278 13505 11374 635 157 10790 10081 6693 1898 12134 10473 5974 3861 4063 881 470 3956 214 11690 3042 5823 13062 5408 5232 4111 8167 9143
54 934 7916 3470 12111 9156 6779 1630 3431 7426 10698 13728 9828 8693 805 2505 8569 4622 7828 5263 2696 7282 5782 12717 1483 2858 12405 5931 52 3780 12008 12991 7535 12722 6982 4058 5614 4382 11735 6757 2108 6625 5024 4615 1540 1129 12555 3941 4806 867 10291 5430 2980 3565 7741 5078 11882 11642 3455 3963 5666 2768 1677 8960 11715 10214 2627 1363 2680 6803 3749 12613 4635 11462 5361 9942 8471 8933 4299 9037 5641 8163 12883 3180 12332 11306 887 1589 9312 13306 9039 5732 4975 7182 6831 12440 13813 3855 12044 13565 13355 5851 4031 7228 13233 11562 933 6724 4279 3382 8089 7311 9397 13338 7466 8096 7226 11807 13218 4509 4043 958 7416 5302 12802 14016 8301 7043 7922 2630 3570 13017 9233 9041 5819 5994 4293 4883 5439 9654 11564 7323 5522 8371 6917 3442 9724 10413 2965 3003 2284 6916 6312 7470 670 9872 4305 10303 7833 6861 8726 13296 13667 10434 9491 3514 14036 2320 12988 1297 13820 246 1730 7435 4572 6550 123 13987 4126 11732 11367 3524 2086 9454 142 11923 13956 11810 7603 3882 7023 327 2158 11009 10356 3772 712 10882 10319 4835 13774
55 1526 5929 3325 12136 8932 802 5355 6212 10337 1800 8240 5889 2719 62 4318 3702 48 3912 8043 2395 8290 10294 9525 5700 5398 1049 10549 9200 10981 11734 4818 12254 6813 5940 7781 2506 13153 6518 6439 12653 1457 10544 10120 2424 6205 6316 10763 11840 9272 5283 3334 7280 7268 3112 6716 10988 8649 6796 9196 7551 3513 9694 7813 2799 11051 1315 8792 11648 13856 8237 4486 11161 3830 3358 8988 3789 10441 9124 1536 5372 7687 14172 3500 9402 12568 1703 9307 2973 250 4455 11717 10785 10329 6152 5337 6536 5975 12976 3596 7464 11901 1130 11329 13422 11155 255 7752 6635 13175 3881 4731 5593 13185 4071 12527 10740 6889 7574 4259 12534 1647 10465 7948 7434 8390 9193 6478 7727 6506 11633 9509 3777 3389 10203 969 10747 3535 9455 5129 594 8787 2699 8015 6660 180 7849 8590 3058 9983 1721 9276 8037 2057 4285 7784 10867 129 7327 2236 12306 11312 9291 5158 10190 2274 9515 3567 13067 8793 3158 11720 7242 2065 12069 9639 4751 1628 13965 9712 10877 4848 11861 12050 6512 7029 9456 13977 13774 10411 2561 1619 1335 5547 8725 13445 56 2133 4747 10378 4311
56 561 9708 6998 6296 6669 1829 5112 2261 3021 5263 3592 4759 8274 4661 663 6030 9166 8458 8389 11031 3497 10957 4782 2252 5103 7006 8550 1714 4299 9110 531 6281 9539 4727 5041 3024 2076 1812 9096 11704 10476 4702 12388 8547 4001 9866 7145 187 11546 10478 6262 755 1172 7528 9420 13174 8812 12034 8189 9145 7880 13858 9811 1871 7261 3121 11853 1609 923 11315 6409 3759 11999 546 5622 5222 5858 7160 7481 7188 179 9072 10909 6453 7649 6967 12306 13018 4475 2941 8935 9686 11796 5791 13753 12368 10714 5842 6710 10719 11848 2717 5589 8438 3097 6649 10144 13771 1692 6800 5413 10977 3930 3301 3871 10964 8024 12788 3538 3529 854 2493 2471 13817 1841 9820 8021 3934 2683 7058 8487 3723 12076 2746 5435 10129 9387 1962 8909 9710 4585 728 10005 6302 12768 6412 381 12401 3335 9177 12650 1501 9358 6407 12374 3876 7872 12669 11500 3837 4032 12700 8942 245 4527 9299 8977 12095 12958 1831 11804 8741 4752 3925 2585 7692 2166 3622 10846 7487 8037 4597 5379 1053 2879 4768 12427 12263 10591 374 3997 2849 8851 659 6347 4292 6342 7018 3746 9906
57 411 3756 5796 5155 338 9381 7499 11519 4837 5617 5666 7706 13803 3405 3582 14036 6483 5178 8082 219 9709 4394 13095 11625 1705 3064 3676 9315 1536 9492 8001 14009 13599 986 2497 11681 12540 14118 8323 6775 9943 10080 5604 8616 9625 5700 6876 12941 2489 12994 3578 10218 12931 243 9758 3297 4732 3589 13857 9489 4324 7561 8331 13012 11953 13910 1969 4252 854 9044 4278 10982 13014 9149 1047 10220 1687 10124 11621 1939 8151 1340 2582 13730 8065 11487 9227 512 2800 9733 6437 3823 10229 6845 11396 582 2106 9533 3966 294 6021 13829 5888 10393 395 6640 2476 6691 12357 12575 6957 5739 1286 12833 1810 12987 115 8922 5441 4020 53 9865 11124 3134 5217 12068 14128 6273 2087 11388 8215 11256 11915 5141 2968 13751 10013 11434 6365 6105 4491 3207 12032 9131 14154 2560 13812 13408 3544 9840 11373 9772 11389 8189 8711 2643 8320 742 11926 10062 8133 11220 769 1368 286 10094 6295 2045 5111 5706 6643 12879 1141 5123 4363 3008 11059 6215 3528 2209 3400 7394 1389 9005 7771 14046 3529 11533 4018 9412 7592 4955 6864 8741 7334 11156 7891 12284 4609 13969
58 296 9046 2806 2139 5086 1810 4286 12982 6235 9902 12491 6683 3061 896 4541 11884 4878 825 1405 2306 5823 14082 13931 6781 3743 14031 6285 11874 431 5480 11244 10406 13754 11239 6134 3821 1132 400 4599 2559 2258 14080 1598 13693 677 6101 5518 7194 714 10364 13069 11255 2134 10220 11139 1533 703 3689 13418 7777 9753 1600 5289 12151 8450 14191 2321 4543 10184 13334 3451 7709 1774 13501 8281 11226 1184 3080 4818 1751 1900 13180 7225 12625 3513 4253 4748 916 7638 1795 4397 1882 11179 11660 10532 4587 11870 188 6286 5409 11269 6566 3909 12738 3161 167 11106 14167 8148 7210 5026 5038 13019 5476 8029 11849 5066 804 2842 13118 13930 14111 13227 7450 390 2567 1758 6919 6204 10777 5872 707 10779 9327 13297 6680 963 7518 13424 2117 13750 11156 3973 10950 8263 14102 8275 4270 13105 1313 8129 10206 2724 8550 11814 2631 1151 8739 6870 9144 9404 3479 12587 462 9202 7715 724 1322 8248 12154 4206 10062 7557 10363 10712 13293 12626 10710 3748 4997 2792 1487 3625 4662 11976 7420 1014 4376 2644 5376 4271 2250 7212 2888 5108 10282 12322 1038 2034 12056
59 1643 9028 7376 4933 6383 6514 12099 14138 13118 5562 3008 11629 7692 6707 3424 8210 10981 787 7566 6815 7818 14006 12770 6455 3134 12050 2298 4422 1147 3395 9396 7372 8483 11101 10043 12425 7117 1580 10243 8093 2334 4503 10630 9187 2495 1663 13126 4882 7243 11694 10957 4048 12175 7428 10812 4293 339 367 134 1886 12434 8991 13285 5606 13347 4014 7860 6498 10655 4520 4395 7377 6621 4209 1046 360 3506 1804 5261 12417 7482 6573 13400 11960 6441 13053 12300 9082 10292 7006 10455 868 1921 6670 11158 107 1577 10565 24 9522 9520 9426 4379 11237 8213 11787 229 5990 8159 1865 1310 10462 10225 5649 13752 5191 1665 900 1664 4981 3416 9116 12830 2405 5939 6797 8655 5111 970 3688 12683 8747 8709 9139 2486 13320 7935 4340 7319 7478 9271 7785 3156 1547 10188 7520 8053 8451 2470 3732 11616 8967 3829 8348 6693 2246 13393 6304 3515 5305 11779 3385 11111 12018 5203 1220 14013 2741 12062 6930 12657 9175 8170 5993 9169 13220 11854 4867 11801 4371 11586 10942 7430 9566 8465 1180 953 12236 13165 12874 6168 12815 1901 10149 11359 13593 4926 11290 9961 8188
60 111 324 4227 3272 540 1049 607 2449 8865 13052 262 1958 5771 11288 7747 8100 1071 11256 6170 13302 11631 9800 8504 9795 2078 4013 2648 251 8211 7801 11973 4545 4459 7081 4012 2674 2482 3385 7670 13356 9302 5918 10970 8022 12942 5476 8611 13513 13362 252 1412 12770 573 250 7766 714 11669 461 2197 10578 11007 8802 13639 2744 7406 617 2003 9105 8672 12562 13954 5562 12078 8513 11728 2985 1554 8699 8327 9247 5735 6437 11683 160 7204 1452 2814 14197 7010 9877 4180 6303 11380 964 8177 4476 661 2312 7253 11409 7619 9469 1029 13953 11925 3444 3538 13724 2933 4856 473 6148 12456 10521 13509 8370 9482 13349 7455 10489 13980 5624 4423 3828 10844 9110 1033 7127 13285 13149 6764 8609 12230 8230 230 9848 296 4832 12739 1775 3847 10891 5641 6618 7474 5741 12533 285 8684 8472 266 5877 2870 4244 4514 8163 13973 9306 1188 2355 10396 3228 12165 9604 3279 12336 979 7198 8131 393 2013 4098 8575 13301 1314 4599 6832 2263 8851 5157 9792 7498 11236 11189 6964 8597 6278 9809 1262 7395 2201 8656 11413 839 5648 2785 12821 9397 3087 13502
61 1659 301 13060 4592 865 10857 10054 13891 13319 4320 974 51 3770 12813 976 5300 2944 3555 8093 2756 6893 11466 1320 204 7934 2661 527 10042 7443 12991 446 11813 8054 10189 3745 1561 13642 1171 10209 1540 8835 8102 5562 13989 9691 4615 13720 2532 1674 1648 1676 7795 8579 8296 12884 13980 5864 669 63 5387 9388 11596 10642 12111 7008 7943 6049 6661 12796 5033 1604 1170 148 3006 3703 249 135 1123 10297 4568 6631 12849 9773 13781 5717 225 5519 6444 3355 3435 5451 2883 4810 1109 13541 8461 14062 3045 4009 11463 3066 2998 13645 241 5888 7715 12598 3560 6200 4583 5027 9499 3027 11024 9061 5954 10339 10336 6475 6386 890 9076 5898 9019 4802 9239 4219 564 9706 13 3238 3150 563 1626 4668 6806 12409 9979 1511 13232 11771 10830 1593 9939 4422 12889 13364 390 4972 4549 1849 13803 9162 1337 4627 633 6545 11894 11648 3677 12429 9051 12654 1156 9588 8245 8795 6371 1269 10761 8783 7206 5365 13095 12885 9164 3319 7887 11132 6635 7348 11080 2262 3795 10964 12171 10378 4841 10265 13566 5163 9538 5709 9222 9002 6465 3611 10411 2146 10449
62 694 11894 7357 13026 13256 10965 13829 12026 11573 3413 1503 4927 4950 1472 8996 9398 6793 11626 12746 8302 12290 9412 5971 7749 5597 4031 3464 3957 6958 4593 4800 11737 6153 3952 2186 10535 11811 3705 6254 11368 5473 8130 4251 12134 6133 8770 5033 5025 1044 7281 3164 7388 5181 10076 1263 6447 5523 9681 7327 3224 1428 2547 4528 11931 1197 5304 12901 8243 12839 4038 6977 2576 12307 12171 3709 11428 6236 6145 12798 9795 12207 697 9678 2906 2659 1614 6314 5030 11583 6898 3577 11658 12376 11282 4495 4037 10419 396 4526 5487 4218 13220 11146 3972 3837 11841 6647 6488 119 3679 9086 9290 6575 683 4432 9536 8650 1764 1330 11822 4714 12954 4466 13077 9658 13572 7598 6831 2959 10545 8578 4320 12487 11342 13147 8153 11383 4774 11503 9858 5068 3163 2898 4702 4785 9659 2550 7402 13370 975 720 11221 2287 4782 5623 536 8624 3823 12023 12060 7492 3842 5585 12909 13298 5494 4836 6596 7373 4121 4184 1989 6493 8966 413 10666 7625 8499 12573 1610 1254 12144 1499 7032 967 3805 6361 7255 4503 5817 5899 844 1291 10904 3365 227 9792 4139 9223 1310
63 1673 8551 9656 5557 12955 7274 3574 8936 2033 9879 2510 7113 9999 9640 13916 5002 1331 2502 3570 4477 6854 3384 9391 8848 4855 6282 2060 7181 10135 12056 11325 6488 7455 6363 7152 691 8999 13892 10889 10552 1911 11820 12451 8122 11788 7953 5383 13626 3710 8607 11122 329 6284 11338 12480 4637 1359 7861 5175 13720 12585 1483 7434 10978 9791 7401 10094 1212 2196 13345 11274 4939 10131 9153 2269 9180 4834 9000 8682 6564 8779 4840 4946 3940 11239 2852 9058 7850 12699 1206 393 12608 10065 8503 6765 14125 9528 3716 5824 10677 10463 9622 8219 3874 12737 12354 10173 5046 2941 8110 9701 4443 11494 7519 10107 3517 781 13879 10580 9255 5509 2906 7298 2903 12219 11916 4799 2213 12721 115 5498 1806 12491 5701 8912 13583 188 7405 12641 2887 831 7172 3462 10032 13437 12490 11102 5841 3189 6069 11577 10418 5665 5000 9683 6267 7435 9286 1546 12452 2262 3619 10406 2105 10828 10511 4114 3299 10461 12484 2628 5425 5047 14128 10155 2857 12618 3712 12290 2998 1075 7754 9690 8785 14182 12503 11904 4107 10450 3203 5050 1849 13091 3982 12276 12838 7480 12317 13548 9145
64 1775 1816 4304 12922 12580 8550 10652 5100 9368 12183 12707 13429 12294 5788 7344 6135 9265 9485 12622 6251 10135 3029 13995 10448 2756 2589 4835 4508 14163 5320 2206 4952 8013 10644 11396 10715 10526 8418 13704 5895 2092 8070 9050 1725 7637 3843 10778 11428 10396 8415 3188 7955 12649 3569 3133 1115 11717 13387 1604 980 13859 12760 4145 6067 5337 4153 8127 13401 5216 13496 3372 13711 4256 5455 536 7012 16 9915 13490 8365 9776 13707 4330 10758 12097 2557 3528 3335 13121 1137 1245 1374 4076 7401 13469 10580 11803 1583 4292 7452 1650 3128 67 3022 1108 5821 3514 12808 11267 11739 6405 13013 5213 11680 679 7127 14038 13000 13527 9400 13303 9529 1952 11039 12911 4089 12703 1608 13432 12321 9076 12814 11686 14150 5471 2654 3388 13139 14023 5207 9963 606 8006 6158 13781 10700 13235 9289 5171 346 1509 3015 5651 7520 12513 6245 8762 3538 12215 4804 2779 8723 13112 4084 4522 4555 10856 989 6639 14199 2439 14114 2519 2975 12283 8286 4812 4766 707 10790 3470 13009 7044 4661 1405 10567 13198 13471 8044 1659 8067 9745 7605 3232 8519 4245 7897 7435 6389 13847
65 1780 2085 7753 12357 9549 1938 1543 13781 574 13591 7924 12326 12185 6251 10442 1991 4459 13760 1061 10934 11394 7534 12608 1790 9905 1203 823 7402 4929 364 9631 7635 10533 9512 12717 3128 2863 1753 12645 3136 10778 9168 514 6986 8475 7 1615 9527 6289 10199 12092 5668 1793 13699 12137 9851 3320 13112 12860 243 9770 3245 14024 6756 10586 13118 4071 1934 11556 2686 14213 13083 9630 8680 7347 6699 6504 4231 5275 996 4326 9693 5104 13332 2502 3244 2036 12591 9030 11582 3087 9471 7435 377 6466 13017 7396 9963 3698 10091 11180 6731 12539 1845 12107 11830 2691 5988 12618 3493 10809 6306 10623 2247 6401 1853 4145 2143 10894 1171 3975 4048 7419 3713 11816 2754 3876 7434 10951 12956 9578 10682 11764 13838 5960 11831 155 1576 8361 2272 1345 9793 3502 13826 3330 8963 4268 2025 13558 4651 4829 6639 5912 5101 3402 12684 903 3965 2426 504 11802 12375 9900 6273 9173 6233 11648 7407 4282 7186 5140 8105 3995 1435 113 13326 8425 2005 5118 14078 5370 10119 2311 4973 4958 1412 2000 10200 10837 8167 1115 5804 10164 11410 10697 9163 10887 13318 590 6296
66 401 11266 7114 4411 10885 12139 7280 8602 5025 3937 12180 2087 5848 2926 3836 3852 9065 13638 6230 4744 11837 5703 13007 1920 8158 9330 6698 9325 3147 8984 13129 5167 10918 13388 6443 14186 7520 12873 6366 11424 4848 9318 3450 12676 14082 12190 7119 5010 13888 3510 6581 7611 7082 1972 25 12811 13577 2917 7107 11022 4688 1102 12164 5922 6624 11717 7270 6915 5629 5104 6346 14111 5156 879 7713 1290 1510 12980 779 10362 12110 665 4771 10412 18 2673 3404 4033 10816 563 6473 3891 13591 10845 12701 12315 8125 9536 609 3623 5504 5603 11597 9054 5482 4450 9191 9090 8064 7171 5228 13861 3336 14053 4524 4541 7411 5689 3841 9164 4817 4324 3343 719 2527 12773 8068 9513 2020 12867 12996 5341 148 11761 2783 7521 4520 11480 3633 8273 3523 2972 586 6298 6884 2632 3034 1560 8520 11244 1919 4052 5039 1022 3373 3903 4180 14176 7011 3803 10202 10621 9745 14200 4292 8650 12257 11614 6699 7156 1613 13267 5001 6286 9428 2123 6300 13682 13887 14122 575 295 7075 4455 14037 9237 12928 10553 1776 2865 9374 8528 278 8709 7808 11908 2101 3880 8634 3868
67 1135 5078 7239 11305 448 13064 11754 10217 11449 13779 2706 13004 4399 7864 2995 10936 9879 10108 1033 13972 5667 1037 3479 2583 11479 11042 10343 10792 10581 12550 10701 2843 7575 618 10052 10801 11241 9076 7997 9443 11809 9024 5372 7830 5099 2672 6105 574 8802 13512 5878 11657 13410 6523 4791 5120 10598 13632 4848 7101 2621 12509 1863 13288 12015 8172 10467 1429 11164 7265 8999 7189 3113 5964 5746 6464 9758 5104 10502 7432 12032 9718 12836 9705 5581 9638 13983 12406 7696 7099 2861 5677 540 7021 4591 12934 2725 6372 675 6815 8065 6573 9250 3771 1599 5360 2556 934 3903 3392 2499 14016 5271 13092 11928 3491 12753 7287 601 14160 1572 13728 13774 8415 3701 2485 1879 2183 3680 13877 10923 916 59 4846 6318 6145 6213 4902 13841 9919 12488 5837 12181 7599 12201 1307 7835 1077 3584 10897 12777 13397 13747 6072 13293 1197 7182 11326 1907 7475 5110 1549 1274 8005 2299 11908 5188 10655 495 6588 1098 9990 3901 9880 4063 14042 12799 11758 7652 1222 7739 12245 4478 583 9918 8924 2996 1022 9369 10351 11216 1292 9219 7119 13610 5620 3132 2898 10854 4348
68 851 1741 1719 6984 10031 1620 3868 6075 12244 8786 1595 1037 11920 1632 13568 1769 5806 13060 8894 7201 3731 12017 9659 1785 286 9472 10082 5142 12365 3666 3383 2004 11978 4110 6380 1190 7478 9967 3848 3303 9807 11987 169 8700 13154 3627 9487 2165 2284 5116 1938 5007 11416 13853 9033 12767 7800 1612 8390 11927 12113 10305 13781 4808 3855 13706 3137 3490 4750 8134 11880 1839 10281 5095 5383 5134 10138 3257 7611 11100 496 8309 8824 9996 11941 13292 1200 4303 7385 3795 6501 7980 10066 2650 13806 6754 5399 10939 7580 12900 10115 3130 11592 8009 7174 11249 167 5901 4362 10293 7622 13002 4168 11414 4354 4208 5524 3250 4966 9518 9968 22 715 11589 11208 5016 6263 12700 9119 12643 10446 616 6412 2301 13454 1579 7480 322 12734 7699 9824 8927 9596 9095 12335 668 4511 12320 13339 13374 9917 6953 6763 12634 6063 12055 624 8887 12616 11463 5150 221 810 3579 11668 9728 12267 3574 975 8144 11703 9486 11474 1261 382 3027 4685 10041 12157 1209 3468 10906 1387 7912 3830 14195 2550 2842 10121 1066 1605 3608 8122 11665 2363 5723 9025 11901 10182 7230
69 1911 278 5321 3437 10505 9243 12010 3263 3864 8260 8373 13254 8377 494 4107 13844 159 1387 11591 12612 2513 8449 2270 3569 6129 9818 10494 12618 4891 3566 10416 11280 13245 9200 4519 10295 11244 5146 9898 4177 5992 653 618 10833 4097 8283 9232 8803 12355 12800 10762 13444 11943 2066 9873 8210 4993 5113 7720 1619 7558 3211 10135 5814 52 2605 11602 10437 4861 13701 3787 6908 14137 7661 12386 13436 12508 7999 12017 8555 5954 12149 312 2911 4970 12079 662 5337 10340 13339 9143 155 9256 12186 8761 7033 10290 1377 6229 8768 9273 12438 9752 4563 10410 11277 2289 3218 12541 8293 13158 11403 7538 2136 2810 3878 6567 10700 3705 9130 5867 5399 4053 675 9806 13102 11027 5008 4468 8691 10483 2264 5000 6704 1078 4795 6313 7554 12274 7942 12587 7840 1561 9549 9058 4031 12179 12165 6103 4974 2365 9808 9247 398 9790 2046 13126 8015 12308 4243 3812 8490 10189 9478 4937 2257 10475 11906 4356 6169 8202 3939 10657 14057 1579 3638 9782 2288 12272 13927 9185 13511 12937 14085 6817 1987 12427 12257 10606 6246 12867 7126 10042 4091 9929 7624 12299 9278 2155 5949
70 120 11373 5010 4836 8821 10882 5494 4186 4670 12920 6832 8740 6667 1508 13922 611 11745 2441 12504 4824 12670 4591 3368 617 11060 11894 13657 5953 12081 6742 6795 13150 2870 13597 5441 4741 5558 11379 10128 5065 3233 2035 3601 11715 1964 13360 13247 5804 4222 13726 354 2090 4917 1997 13951 1533 6764 9204 7508 7085 2845 8690 11573 4111 3064 7989 5305 13939 7907 9373 7883 3173 725 13739 5545 2703 11388 4482 4138 6252 10457 1301 13404 4370 5917 1128 5258 11532 3673 5283 9240 2502 4886 1860 2393 5402 12059 3484 10313 8406 11916 3435 6824 11552 9885 1944 13391 144 5902 5701 2635 6533 1896 7540 1715 1549 6211 1791 3085 12668 6246 9631 10808 5447 4863 1474 2149 11717 6899 6745 6092 12607 4106 4703 7416 7542 8151 9731 4757 11523 12753 5004 5981 9951 12424 7653 8677 7102 8625 14054 12754 10854 10906 5875 13093 12223 12151 11594 6163 11810 13888 2785 12943 731 10866 13522 2956 11389 5838 7382 6382 10021 10016 9762 12723 6847 7601 10249 4994 12648 12656 11143 1724 12088 9575 10537 10656 1214 937 12580 4381 9922 13561 10354 1028 1187 7661 2594 10220 564
71 1572 839 1099 983 9240 9648 6356 5120 12495 1593 10320 7987 481 11564 683 8532 3823 10049 43 5352 2478 10806 6406 10065 14125 6779 11613 5942 9896 11891 1174 1756 5803 7027 1647 7146 8691 6687 12487 1491 11215 14155 2479 8587 3460 11314 14079 3402 8059 1171 6866 8205 8189 2285 5581 7702 12962 11587 9174 6964 6238 11687 11365 9985 14006 3353 2242 3590 8582 12169 10448 10918 6791 11824 2938 5203 395 1559 7972 13894 12768 10164 9410 13468 10439 11037 8342 3802 4553 12953 5231 925 2296 3573 7579 10161 8239 14103 6710 3633 5878 13290 4678 3547 8483 3753 13871 5023 4535 666 5098 4852 4421 12448 1476 1169 1525 5308 6364 13005 8915 7016 1037 13146 1219 7145 3770 13823 4051 5406 10608 7472 8648 4754 10978 1644 12315 2053 7887 8255 6482 11207 1136 3720 10394 11840 13079 1152 12951 5076 1117 3904 3658 10640 1655 8680 2260 11863 7977 7028 13939 8600 4664 11300 814 4491 4860 13933 8954 6865 199 12009 4961 9541 10416 7670 10840 11544 8590 7373 11244 4847 2571 10415 8223 8071 13739 5635 13526 4007 5794 6310 81 9103 9986 10445 2403 6492 13706 5133
72 1947 4133 645 1516 2960 4351 8235 11258 3793 4572 11517 8597 8028 6477 3450 11284 3296 13657 2183 12514 11864 6419 8314 2563 13953 12150 13030 5254 8535 108 9906 8697 8964 5173 2758 11321 758 5001 11645 2997 8185 4309 5287 10956 8151 11476 3113 11199 8320 777 13149 6108 8630 7923 1867 11070 5189 3433 427 14064 13432 5860 3764 759 1647 2677 3530 8709 11999 12001 5255 7986 10832 3929 9666 1075 5511 8856 12775 332 5414 12211 8262 13282 13998 12894 40 9989 9911 7414 10034 844 2681 13465 6705 524 9859 9637 12547 12688 13444 13764 5178 415 13775 9845 3560 10066 3078 7450 1011 4313 5211 8056 10813 4140 9841 3680 13648 4773 2832 1440 10810 2301 12550 3776 1965 4065 10438 11215 9763 2831 6072 2705 13105 9303 5504 13986 6909 6248 11310 10605 11017 10050 3099 6185 1839 530 7880 12742 1376 5489 11114 3238 5475 4599 579 8060 10200 5979 5039 9972 6969 1915 4966 1935 11532 11261 1896 1132 716 10344 11585 8725 1532 1503 8493 5492 7316 4294 9965 9376 12800 429 7364 5814 13089 5762 10526 12646 3673 8002 1129 8669 4671 6147 9327 2245 4279 10109
73 528 5840 8204 11629 4330 3759 5430 6889 8357 12648 5767 8960 9860 13976 2105 8990 12739 1047 8312 36 11933 6474 7389 6559 5451 1155 4463 5664 1851 12930 6078 6553 1454 10428 4890 8721 14022 11013 2536 3959 5021 8728 13448 6282 5622 5921 8921 8170 5661 5853 9317 6487 1141 9085 14216 11534 9436 408 3851 13178 13455 4981 10598 13270 9335 358 12803 6406 3591 11530 6165 8813 5961 10206 13597 6068 3985 8128 710 7364 12896 7746 6298 13906 12597 5821 821 5627 8263 6346 959 7814 9130 12912 6741 3732 13731 13830 6176 10334 6163 8843 4499 3964 9916 2141 5356 13124 10512 12766 8479 827 1937 2796 9956 3497 7296 14127 4397 6417 9795 7397 12140 5851 2409 8894 628 4306 8222 13610 10352 5470 1112 4722 12179 5460 7165 13272 12320 10007 7654 6914 13364 10535 3523 12681 6452 1571 12779 7444 9374 833 9081 12461 726 6267 2700 9801 11252 3118 4761 13739 13603 7417 2398 11369 4837 14161 569 274 9022 2497 13129 6593 4161 3465 6855 5809 5065 161 5457 5089 3179 10506 9341 8213 44 314 9455 10592 13812 12496 1640 1526 5611 1325 311 6926 5293 10208
74 31 9268 7502 13480 5205 1168 7606 1554 10560 3590 5366 8651 3909 14068 8397 9767 1774 3351 3032 14043 5950 3678 4430 13815 13355 12126 13662 8276 1388 11403 11255 6412 11432 7433 2686 7699 7971 11732 12513 8449 4936 9246 10128 14082 10142 11720 6428 8625 9606 2009 10626 12400 6816 10886 5344 13493 12695 744 19 9795 13510 4311 303 11311 5400 5357 7713 6678 7346 8529 7684 8423 10369 1028 9420 679 7113 3209 4197 10235 993 2179 8025 86 8125 2255 628 5905 7473 11057 10138 8923 4233 7646 1279 14138 13256 5560 10814 6600 990 1841 9538 12071 2366 4486 4454 3511 4153 4593 13110 8955 2427 4527 9942 8202 1767 12274 9443 3734 373 2672 1192 13180 11102 10457 7744 6116 1050 3784 13243 9755 8366 7723 10428 3116 4910 4149 8819 5642 4860 7772 5557 3477 5929 4704 229 6211 3533 5665 13283 13209 1992 8293 781 12930 13486 11165 1492 453 9699 12406 14097 4922 1428 2440 5431 78 6230 9582 5826 1144 10686 12906 5382 3024 12845 3777 3047 9116 5810 1126 4265 9728 11664 12339 12458 10427 289 6441 871 12942 3843 5376 2338 5959 11509 12632 4702 12728
75 1996 13809 5089 3699 12275 13172 8795 9708 2117 9052 13420 7276 1514 8491 7682 604 3497 13959 9717 4270 7585 372 9201 2973 12014 740 2145 4398 11299 12241 1975 9141 491 9529 2877 10188 12568 9109 5121 12137 11678 5146 4109 3721 9130 2379 13586 1295 8219 8841 12075 13311 6244 2313 2094 11407 237 6545 6028 6342 813 11008 2752 7676 6383 2933 1026 2433 10102 7868 562 5524 8852 9281 2552 7083 607 6772 627 6100 1903 9865 5826 11230 1124 12565 13734 14078 8512 3176 7436 4891 7432 5266 5321 7771 2801 3971 9002 12183 10574 10879 5735 9840 3261 11979 252 11719 10354 7594 10722 4879 6122 2256 1615 2981 5112 10952 2454 3823 3663 9673 8446 13589 6416 131 11285 6576 10745 5938 6137 720 12964 10766 8055 9425 6397 9948 7734 5299 13381 10064 13497 10840 2738 12462 6503 5919 2362 10324 10497 2287 10834 5509 7202 2350 13424 1546 1315 5426 11754 7353 12671 421 5291 6138 9161 9987 501 12394 13235 5929 13455 13535 4708 11549 14044 10386 1743 10176 4340 5473 5313 10851 6156 10113 10466 455 8495 6994 5018 5721 6703 13887 9620 8450 3886 7877 13193 5027
76 2000 7697 2255 14067 11970 498 11398 12272 11858 4854 11499 3747 10384 4368 9961 5403 7386 11609 9164 2643 9594 4943 4035 5489 5266 3790 12018 4601 2722 11802 1767 6097 12735 7582 5180 3774 7422 2049 183 2063 6759 5225 13864 14090 3971 9523 13385 13622 11852 7869 8755 5009 2588 2554 4008 5601 3643 7905 11990 580 810 14009 10243 5596 12913 14005 1002 3264 1332 4951 1020 6975 3779 4476 2300 12841 5485 9299 8645 6857 4292 5117 5670 12113 4045 9955 11998 7978 2678 11712 5982 1057 150 8592 9823 11505 7537 1891 10067 13280 882 7072 6262 12300 11207 1577 7562 11519 3890 662 4614 12996 11886 2712 7974 10759 1286 5227 4130 1976 11744 5 262 11875 12739 7055 4172 7779 7410 12094 1012 750 2553 4830 13248 5906 10973 8857 5974 2793 6547 14075 7268 2788 4231 329 5147 403 3680 2181 11593 12212 184 5704 11472 7792 11181 9801 7312 7656 12386 3357 13590 3567 13201 5336 3894 10342 4828 8301 9872 3721 5768 9064 13945 12673 3939 3765 3419 523 11404 172 3595 4700 10102 8423 9352 1773 14000 12052 11260 9318 11250 11936 2589 9536 4080 14078 10656 8584
77 2030 5122 6141 6539 5527 9280 13278 2935 5199 9245 10086 1508 6077 2339 4366 10420 5592 1188 6443 10023 9798 5933 10447 7901 1523 12863 7779 6637 1499 9383 1518 4426 5584 4071 7077 1621 1117 2204 5554 12440 10343 7622 7493 468 12283 2164 13800 9470 9759 7683 2556 10012 10791 7490 7276 10114 1257 5244 1174 2448 6120 269 8549 7084 4191 2853 6392 13189 8206 12836 7802 565 13488 14035 9726 8583 4172 2597 3694 1838 11165 4462 10577 12341 10125 3578 6436 6548 7278 6040 8490 5614 8140 2658 8198 12243 12394 271 8877 7780 2409 1801 12557 934 8628 9900 5773 8366 12738 1699 10119 7101 9618 830 13069 12419 4813 7417 10213 7281 12803 7342 1929 7302 11816 12017 647 8842 155 8751 4550 4210 7599 13419 2077 5177 8540 9289 7955 4561 11837 6914 8802 9835 6823 2899 8100 4060 7994 6102 8446 311 5292 2064 6452 8957 1488 6017 2635 2823 11035 5828 4924 11024 13803 536 2384 9343 7855 1976 1461 1857 9040 5920 9970 12495 13820 13952 412 666 12433 5214 8283 13796 4757 2414 7010 8044 13345 12471 12828 7028 12564 13143 3300 518 13470 13491 3691 2808
78 2032 1774 3246 5674 8876 6422 131 2394 12204 11320 8321 281 4578 11847 13455 5281 4195 12945 13600 3615 6852 9732 4809 2618 9793 7355 4351 5896 13486 7634 3882 9862 3146 4426 5446 442 9157 6125 8805 13935 2614 2056 4944 8937 10382 14068 9761 9930 6511 9845 10086 13535 2681 3840 5240 8868 12262 13891 7868 9999 13617 13440 872 13101 10887 11483 134 6028 12780 8526 11189 1477 13977 9500 3276 3935 4922 9575 10193 8436 4811 11191 3632 428 5263 12119 13984 1441 3166 1133 1305 5108 252 2294 8097 5094 7917 9458 3153 3508 10458 12961 11164 7694 14030 12069 1639 8081 10506 10999 6887 10403 9095 6023 8013 2336 8173 4150 12185 10756 7731 8667 9656 1122 12239 3180 1326 7920 3489 9899 1308 259 6301 10282 10058 10493 8203 2978 6124 9659 4510 4766 12136 12865 13918 576 10634 11921 3735 3386 8847 7185 1745 991 10500 13640 8064 4565 12356 5599 9971 5036 7776 12437 11377 5250 597 8062 4497 13990 7066 511 11973 13088 6537 9923 10364 1080 8199 11572 11860 4040 3693 11287 7438 1654 12309 5662 5450 2781 939 12206 6595 9997 8011 10841 11919 6743 5658 1422
79 2054 6999 9245 3705 542 11465 13401 13946 11624 7361 449 5746 397 3695 3605 5015 11523 12223 6500 5333 10819 4593 5487 12967 12916 10838 4958 5316 7817 10614 10374 1672 7783 12843 5848 9823 13714 7394 9330 9498 380 10450 249 5106 10949 6925 5023 7292 6715 1915 12317 1238 2689 12277 2636 10475 6185 12417 7712 336 147 2393 552 8673 10798 12516 11943 2040 133 8019 1748 8805 2831 8393 31 6190 13710 12727 10051 10305 10303 9161 12728 1607 10012 7105 7267 7198 5257 10087 2690 2746 13412 6048 5641 4371 4511 10596 9845 2749 4385 5484 5289 7948 14101 6067 4834 11941 3596 910 6200 10006 3040 12564 10466 8409 4743 905 4179 888 4477 12457 1456 38 555 11280 6397 14008 7725 1983 6365 12755 13950 2703 14170 6872 4529 527 2722 286 859 7537 1659 7624 5469 1011 4200 973 9560 7828 5608 12895 14088 7189 10749 9588 12613 2241 2603 6172 1573 12538 7300 2783 9859 1479 3875 2667 9751 3453 6473 6382 927 10389 10547 9868 1152 11108 61 1163 1109 3072 6827 625 3913 3902 355 907 9619 12737 10914 5219 12767 4291 3134 8476 6616 12398 11827 6321
80 2065 5681 9125 5090 9341 8990 7446 5454 8 4088 8957 12686 5119 10884 9231 8177 4625 4448 7551 9281 3650 6523 12536 11151 10623 7386 63 6142 8196 8519 7540 4761 75 1085 8766 308 4766 1577 11519 3854 12124 10391 4156 9143 10937 8580 2798 1389 6504 13496 14067 1679 14159 6893 5246 6154 9467 7076 7803 10422 2128 7024 4540 6685 4801 7550 5141 13306 5030 4428 1896 1602 5522 14135 559 798 5037 4871 3501 5265 11197 4632 3585 10133 5517 5123 8860 2152 6303 7431 6429 12594 12757 12091 2690 604 10117 3001 11105 6505 2131 5362 6058 3216 4502 2361 587 3415 7932 727 11549 10252 13727 12448 9700 6995 4550 13085 8717 7916 13303 3337 13196 1661 12985 2214 12616 2549 3144 8837 8941 11767 4395 492 8001 2016 62 13046 326 1885 313 11619 5491 5894 1889 2433 6094 6813 8559 3297 12189 11943 4484 9746 10221 11048 12555 6801 1043 7774 1777 11116 10246 10675 9493 14125 12955 10950 3512 11687 8080 6571 13877 13213 9766 9194 8002 2934 2613 10434 9793 12971 7031 3995 3395 13631 792 514 4261 7966 4592 251 7533 10158 8029 538 12098 282 4639 13498
81 1608 12539 5463 5676 8138 7892 8116 6591 1423 9141 7782 1220 4595 4843 6272 6070 10324 6243 3387 8443 10997 12218 675 2405 13711 5764 2332 591 13641 12688 102 7484 7479 9028 11912 2051 14145 10075 8526 6878 11525 1626 8978 8743 6934 3561 13599 8938 12294 10154 2246 3486 5572 13048 1674 9945 2032 4219 6982 8851 5126 91 8392 1390 13397 10830 7748 10920 3517 3125 3771 5244 3982 6202 4503 3538 13754 8717 5683 9648 7331 10440 13773 4231 4888 12049 13585 1400 7669 12998 7446 1467 13033 5883 2281 5842 4243 5384 5088 12219 8997 7680 327 3800 7560 2041 7703 1241 5761 10944 12465 10648 385 3644 10467 12548 3701 1657 13480 6090 6641 11242 4907 11039 12971 11769 1751 1306 10670 7478 1437 4147 12308 13888 10328 2488 13130 667 429 4963 4483 12871 8779 1170 10770 2616 3176 5285 13485 14010 7321 12685 6000 11227 8421 5240 8630 11392 3906 11711 10280 4767 3857 7148 828 3957 5055 1136 13202 5355 946 13763 10590 2517 9912 178 4886 5380 6421 1965 11824 12172 6917 2727 7578 184 1908 3666 8931 11551 10272 13200 12472 7339 9131 5541 8221 4789 12025 10611
82 111 5400 1819 1911 10402 12407 7134 12146 11562 7501 8103 3708 7747 325 13453 677 9694 11108 8550 491 8597 9825 11921 9387 13024 13906 13336 1292 6415 5521 4771 13951 9329 6341 10103 11256 10300 11287 5213 13544 14105 4197 12429 9436 10239 11374 615 10694 12392 13299 10671 11444 5150 734 791 5518 4554 1311 5656 5053 8858 13467 8362 10525 4057 5983 13393 8952 11224 2194 8423 6305 1547 7913 812 6566 7503 6033 7712 4046 5626 1350 11904 6696 1892 6448 1668 11518 13053 11652 11491 1340 12601 2913 12151 8769 9819 1025 1528 297 1737 5696 681 8257 7401 2938 8699 6851 2011 8678 10839 9886 12248 6646 1744 1278 6699 12177 10203 8385 8780 9307 6331 4564 9968 9687 6054 13073 11804 1618 12950 13710 4950 8869 11291 5575 623 5598 9847 6351 12654 5285 239 119 8926 937 723 4828 6795 10352 4726 12873 8951 3065 8896 9166 9872 14190 545 13518 8965 2891 1534 3992 10466 6600 14088 13703 4891 2556 5861 3224 3307 2231 7360 11871 9637 8142 12835 11337 3068 7006 3686 12276 6352 1078 3320 7323 12363 6539 3755 3228 4151 12614 2682 8028 7255 8841 5013 578
83 2096 12013 14097 7646 341 475 1550 1418 9145 7197 612 8183 888 9916 14113 8094 6567 11269 11239 4093 1373 9336 13170 11920 12101 8199 9564 2285 2679 13131 5323 7799 7242 9840 8633 786 7846 12926 12971 12618 11089 7656 10965 1476 1430 8143 2684 9554 4990 5259 13136 3415 5563 9047 12907 3433 8066 5772 8732 14053 1575 2733 3188 8873 11035 10181 10157 6839 8018 7535 4723 2692 13544 8136 7652 304 6647 8489 13255 13920 7613 6119 9179 1770 6472 8260 397 11006 14041 2874 1117 1679 9506 6115 13607 13685 11895 13186 5611 13157 13824 4625 67 9528 4029 14128 6158 12585 11124 11459 13938 3992 2473 2750 6573 4863 7150 4218 2526 4173 6888 11126 4086 1155 2579 5333 2922 13506 296 5485 9299 12649 8303 737 10736 9095 10829 10175 10021 6834 8842 6291 5788 8858 6951 5265 10327 3051 6995 6700 10382 5920 2181 4514 7890 4844 177 4934 4321 8277 8184 7677 11438 9177 2415 8370 13214 10520 7559 12182 11761 1495 909 13305 778 8682 572 2678 10070 12416 3661 8657 11905 5408 9296 9326 1161 9011 6585 11657 5546 4340 3340 13472 8193 1708 8051 59 12826 13513
84 2132 6371 1029 6193 8260 712 2239 6241 2433 2008 12946 3353 12769 3876 1941 3143 13903 10320 7426 839 13294 11301 7853 2336 268 8369 2763 6645 3007 10178 1645 11087 5141 7761 13150 10479 3329 9670 6683 6461 11174 6578 1323 6228 4379 9997 3788 10075 7050 1586 12333 7254 9402 14152 9216 1726 1039 622 5768 6298 5539 11467 9807 5242 7765 6102 8769 6365 3347 11847 2357 6123 3467 5066 12666 7699 12983 12053 10285 13149 291 13487 7259 12833 2597 5741 7560 6733 11330 6314 5215 2416 12571 467 3087 10189 1887 8244 13081 13832 4565 9274 8507 11372 9886 4366 2197 4501 2961 13193 6847 7204 3422 8196 321 2494 12484 10385 4823 2723 1370 6607 12645 5078 7340 7481 7432 12839 5461 8568 10292 11905 11267 10276 9946 1594 8780 8493 14208 12218 4220 10909 10957 8897 13627 10662 12367 6092 7083 10066 1381 6033 5521 1419 8957 682 7647 6249 1921 7994 14083 1891 2613 9832 5903 1163 5230 11107 6375 8029 10370 3113 13894 13136 13063 4294 4642 798 2821 7672 5870 6210 180 13313 7759 3 8122 10435 12003 6398 14071 11565 2701 11395 5154 6583 9632 8169 14035 12963
85 2147 10642 10515 3983 1467 1573 146 8264 10231 13996 6830 6113 1280 5841 2479 476 7986 3007 8833 3623 4914 7996 12318 9294 11758 9109 9183 1965 4634 9463 9823 8901 12188 2329 769 13523 4392 3220 8090 11321 6301 3602 394 10172 5876 442 5057 10325 13731 9253 8698 7623 1462 7686 5033 676 11504 8175 2536 5332 4007 8451 13622 9059 7128 1947 4963 9372 12109 11881 1983 6999 2945 6498 11843 10181 8550 5261 976 5391 7651 7816 13332 8979 5136 7410 4135 1533 12580 7713 6927 8977 8203 12319 8384 3640 726 8365 911 8623 393 8314 12631 11365 14180 10589 14117 3665 3621 14210 8331 6235 2890 10108 2114 9064 11281 302 1348 7554 3918 6680 11364 9977 13844 7848 11255 3727 5604 11496 10777 10137 2691 553 2922 4903 3916 410 3550 2637 8239 12953 4750 6155 12941 10264 13981 3716 4117 767 11034 4876 7139 3322 7671 4857 10998 10660 2164 9966 2462 13618 5710 9204 13737 8803 1476 8336 13664 12652 12840 9070 1672 637 12195 496 6607 10366 11853 1704 4617 10557 5904 7871 3785 12331 4296 9980 2162 8188 12852 12340 1912 9120 14027 14080 13218 5648 2728 3336
86 97 4637 4946 6734 9163 2225 837 3796 6942 10787 5339 11497 11743 12673 8001 5397 9317 111 4675 13889 3316 2964 11006 3961 191 11470 5318 12295 12791 9990 11666 8057 2002 4725 14109 5195 12529 7774 13197 8963 5876 7993 5820 12428 11211 7289 10438 1228 6333 3770 5369 1818 6588 8692 12275 4148 2012 11353 12678 12365 13697 13124 1149 2152 6258 13324 11611 13316 3013 6370 571 2773 2923 9433 12663 7198 8939 13237 8296 11409 8362 14136 1044 3210 12877 7232 1869 8659 3599 1654 10634 3378 4513 11818 12654 12485 1995 10827 7553 5960 11564 11731 1828 78 13743 12171 4727 5631 7747 13395 4244 4561 1973 11369 56 2562 5278 2157 12435 8404 10557 13423 855 6752 7296 3981 13680 10004 4700 9557 6026 3264 1083 7282 8556 13448 13390 8910 5069 13211 13117 7572 9027 6535 1882 7189 3177 8407 13153 11154 9408 1220 6687 1864 1703 2228 7029 12278 1469 9255 7347 4391 11587 12277 4963 11390 6512 7178 5355 8017 6036 9493 8323 10107 13178 13924 7237 134 2813 708 12569 853 5568 11180 7372 3203 6556 1258 14095 12189 8023 6951 216 12789 2821 8645 14194 2411 70 13210
87 1717 9826 13087 31 11360 2786 13435 1402 4593 1933 6067 3280 10462 5782 1606 11607 5838 3891 8856 335 10376 6175 12782 13678 704 9060 8166 3057 2764 6949 8732 6628 13228 8603 6146 5408 13912 1981 7909 5015 363 2287 11242 8779 829 8923 12288 9850 8883 5332 11341 5985 10134 4772 2575 4021 7070 12794 3548 3147 1724 314 3220 12397 3982 13334 6786 10409 4252 1143 3235 2415 4183 1067 10800 834 7777 11036 8228 2983 7419 1850 11294 4507 2727 10427 6483 5291 5693 13757 13285 13160 4417 9855 13497 12097 8250 3509 1649 13988 4123 6081 4263 2520 7530 5142 6254 13793 14076 1865 3625 3939 8862 6366 13649 3977 10929 8751 10928 729 2056 2150 9454 12454 8574 7509 2522 12781 13787 1499 11084 2862 9328 10443 5437 3305 4832 6172 6463 1216 3304 4013 3053 9957 12624 2629 3703 4547 1575 3974 818 11640 13669 9563 12861 12384 10812 8132 11706 13050 9316 3100 14106 9907 13268 122 10310 11808 13913 4885 10297 11061 6228 500 1612 450 13048 11799 11261 6586 7505 10125 12409 12655 6233 8218 1669 6943 220 4817 3082 5174 4316 8227 565 6688 12208 9057 6453 6710
88 494 712 5041 1599 11720 1964 2780 9140 4404 12298 3715 9220 6013 9977 10107 8101 9531 1789 7033 7685 3203 9111 13061 780 10013 1031 4093 7343 16 6863 8859 8121 13508 10124 5707 11411 931 3106 13639 2061 5434 13002 7483 14206 8462 3468 12225 6692 5319 794 7696 5136 13146 8 1806 4621 6814 5144 12153 12509 897 2694 9901 2630 6969 13900 8490 752 4922 2859 3496 14203 8354 833 12389 10072 5650 4667 7909 2560 6661 3753 10744 3557 2327 935 4905 12508 8594 4533 12233 4275 7010 12804 3747 12958 13212 362 3342 10185 9228 11990 4548 7056 11489 2351 6069 645 3216 10043 3529 9579 11705 5167 13319 6541 7511 1172 11165 6916 5443 13859 1685 9468 8645 8358 1580 1875 9382 8123 2127 7877 5147 3621 9994 12250 7947 11059 2631 7945 9783 13190 4183 2970 1057 9084 5804 2030 13562 12467 7455 6178 4468 4038 4511 7087 6085 8797 8201 5698 6460 13486 9718 8518 9477 12279 9270 1513 975 11239 13457 3573 14076 7292 5171 2835 10246 1276 166 2009 3422 4211 4760 2583 7225 14194 387 2536 1498 2693 8602 12242 13459 865 1055 11954 10576 3821 5866 7261
89 1425 9237 2113 10495 11107 6681 4015 928 3508 7469 13001 3629 8715 11873 6429 8269 1581 10988 7227 9247 8250 11813 578 6895 4697 9487 9335 3059 1522 13338 10248 2055 7702 12882 3912 12276 9497 391 12091 4259 9901 4936 11134 4848 4396 10039 9977 10797 11998 13721 7098 716 6828 13118 524 9465 4877 1649 10396 11936 9886 4338 2561 13621 7773 13184 1180 5464 12874 840 13622 10571 256 1142 2539 6067 2793 3949 10790 1973 10154 1480 9282 11459 4590 11189 2579 11930 710 8895 13391 911 1678 552 10175 4109 9972 11790 3999 12016 7669 13948 11076 9610 2501 175 3473 2832 7372 5988 135 1610 3462 841 12492 10128 10213 3129 9838 12859 10123 12233 3804 754 11338 2719 2201 12368 7825 13164 7921 12148 10253 9647 2971 1095 1544 8714 12182 7285 6755 12437 7446 11723 2244 10966 6580 5132 3630 10152 8639 10728 12468 5601 8621 8842 7166 11182 13929 12463 11002 2822 4516 4122 4744 13570 7636 8015 4895 3281 5465 7713 11300 1044 7397 13114 13028 5493 7906 3400 10794 6893 3833 1852 824 10195 505 12559 5697 9929 2166 8139 10414 319 7758 4406 11324 2048 8465 7081
90 2363 141 4719 9202 1000 10294 12954 1238 12256 12843 2288 7845 4964 8327 5325 11096 11797 12394 10635 10522 10178 13475 10661 7127 5092 4797 6207 514 20 3017 13535 12126 13117 7611 11207 11926 8388 5998 10080 13513 1455 11393 6286 3876 5828 1047 2301 5928 14144 4712 870 9436 11622 13008 2093 2642 10267 5951 13929 8311 18 10088 8757 4689 11763 4666 10033 9031 987 7319 1771 13795 8362 6421 11650 13307 11292 6740 11545 529 3728 7939 4454 954 8572 3430 7884 2489 2761 3959 5922 13491 3980 13486 13166 4696 83 3860 5229 3000 1396 8709 2523 11435 12008 4704 1985 5265 853 7727 2845 10835 11649 787 11085 11883 8768 5824 251 3559 13964 10716 7655 3951 9114 5675 681 6431 9199 10656 3733 3142 5264 14158 5731 9472 13715 10868 4430 8628 1988 13495 8423 9939 1919 3922 13641 9599 10926 1674 12128 5814 10500 7540 13512 7605 4515 13091 13159 1387 296 380 4405 102 9798 6435 8801 7313 6560 5911 32 6547 13184 6400 609 3738 4551 13221 12286 13764 12906 4736 5296 10341 2307 6399 2687 1818 12930 12580 6079 9546 3073 12381 3541 3370 12965 3314 8 11354
91 321 14032 2932 1072 1882 10544 2564 9239 13040 13431 8103 4900 14065 14187 3795 2261 13086 9114 11895 9950 7439 292 7441 1550 12334 6882 7862 9712 10993 9136 8938 12108 7133 7610 5300 7530 7004 11666 7232 2711 2516 7200 10663 6879 7627 8652 1949 1437 176 7041 7428 4143 4145 9964 8614 6069 8406 7258 5296 9581 11118 3290 2913 2215 4706 5953 4119 12018 439 3952 1104 1643 12585 6738 2054 4209 5458 567 8948 5998 4883 93 3648 9008 5462 8756 12864 90 8318 2039 14021 1334 14135 13060 4303 10025 820 220 6245 4454 6076 5678 2440 6722 27 6651 1179 1812 7277 11179 3238 12588 11855 5074 7634 11687 13443 2729 11629 5857 562 279 1690 4732 9014 9650 5405 258 13530 12111 6424 10509 4945 7461 10560 12405 7105 941 12041 10637 3724 12237 12482 2946 4669 7380 10628 12819 2945 3545 5616 1456 3906 7891 10794 5103 8596 6712 12159 2756 13507 2180 6279 8235 4025 11040 3736 11790 1170 10696 448 13549 9094 10669 7408 9882 6615 8519 11974 3751 2900 1658 4685 8280 12813 12538 10962 2365 9264 11167 5057 6216 5962 3880 5355 3026 5467 4475 9596 4231
92 672 12046 12050 7154 5424 11059 2538 2828 1130 773 9245 3845 2838 827 10877 1223 219 11586 7574 4110 9805 6159 8650 8726 13965 8944 6689 6574 8405 9677 12090 5219 8181 12064 13365 13667 13962 11619 6614 1890 7168 2598 6909 9558 4323 10053 8192 7155 12730 12284 2778 5418 1009 7436 6022 12429 13489 12918 2114 11430 5732 2994 11677 6343 13346 12674 1540 2133 9054 11742 11744 8708 3886 6305 3940 11079 11196 10529 9410 6596 7344 10691 12513 13425 1796 1581 4710 5155 13125 12877 11653 8250 9322 6124 798 10149 5548 1275 781 13075 9611 8239 11089 693 2639 9421 9 9393 3997 13276 10395 4131 11928 10371 10061 281 13863 7040 8035 13443 5588 1210 105 11420 11205 13543 4254 13012 2922 10803 7223 2556 1278 344 6557 5308 13559 9671 7016 270 5541 3671 9195 4438 6100 216 6357 3576 1102 9315 8789 9886 12137 3111 9654 6363 9666 2456 4330 362 7526 10413 10764 1692 9379 2140 9899 9453 8312 5236 5980 10079 10239 10042 5396 9669 10965 2955 12661 4632 4322 12056 14164 5854 6756 3515 7340 12212 8594 10632 5271 6676 4842 4807 7052 8081 1516 4800 11820 10920
93 2450 910 2102 14156 8382 4317 14046 4773 14020 7496 325 13667 4214 5671 1656 3120 11162 158 10312 12237 7435 3849 11800 9044 4472 7949 2831 11963 11435 10811 6476 7842 10510 2493 5665 6357 11843 11719 8023 2060 12903 12831 3052 4583 10415 13486 5265 3089 7053 13909 1437 12042 1591 7016 13417 1158 7281 1956 4639 4799 10077 3119 1643 4842 12184 7469 12607 12325 7646 4078 3738 5576 4985 12252 13308 1467 13967 10733 1914 9129 13894 2676 10958 10211 6956 10444 2487 1054 3869 4891 5088 30 4949 1536 10508 10039 13546 11917 5798 5697 5174 12466 12564 627 10423 2954 10702 12703 2915 13162 676 10968 8069 3626 2384 13208 9485 8333 11320 5343 1589 5483 10665 6528 2189 8706 7478 12121 7833 7428 11014 613 5103 1597 12045 1020 8128 838 12859 13930 9383 13502 2381 6253 12346 1556 11338 11503 9919 4582 13884 8238 6619 7156 13466 7244 12080 4059 10025 7845 13703 1166 1247 3755 663 7323 10745 5607 3727 2675 8620 9560 12206 791 3214 5681 6560 9351 487 5586 14108 11580 12969 7997 5246 2603 3901 3730 4585 4191 9015 3224 14133 1618 5701 3825 8852 10602 6571 6656
94 2453 8938 10724 7358 5215 5565 6962 8663 7137 411 3858 9667 12934 3301 1828 365 8120 1439 7178 740 2525 8478 9319 1044 11192 4851 5462 12858 9992 6023 128 12860 44 1170 12375 4306 5809 1626 5939 1476 6913 4193 12543 2528 785 12476 4219 12287 276 13412 11320 12423 10162 8898 3743 12229 6804 6585 5630 9991 5207 12021 1619 7746 9554 3062 14174 8605 6729 8680 13530 9216 7818 6793 9719 13437 10223 8487 5483 10316 4168 158 12816 4241 11551 4369 5125 2278 6159 5057 12203 7035 12020 11762 8118 2195 6624 5849 9580 5113 8024 13033 6471 10848 1850 6730 7390 4390 2223 13331 8133 7695 8092 9970 9949 5311 13683 2930 6187 14108 4410 2860 5200 10129 5185 778 11499 1761 5819 1819 6684 13889 1424 1815 11526 11839 10445 8788 3643 9290 9961 5598 12069 13414 7335 12515 13426 6898 5963 1814 13965 3179 9453 5142 700 136 5843 12688 2422 13695 4811 11611 8379 7262 2890 12494 6764 10006 5088 11597 10301 7175 4847 6206 1140 2179 4509 1430 12172 7892 14141 13327 7106 10201 12870 13590 13306 4680 4220 10480 8778 4323 13472 204 13916 14116 5371 1245 3942 13344
95 2473 7477 2804 13442 9144 4405 213 11867 1089 10634 259 4825 956 10704 8779 2332 3675 10556 8738 13831 1448 545 4158 11263 1703 8187 987 3073 3789 2645 8147 2627 2614 1963 5433 9456 5994 11469 9867 4291 13627 6512 11752 8465 8946 136 12388 13561 3205 6910 12314 53 3742 3299 4730 1515 7432 8335 11661 11742 2906 9384 4297 5096 11797 5104 12146 1799 3241 3730 3762 3938 13217 4078 13557 13524 7060 6177 1149 991 1071 2294 13411 10207 11465 7144 11109 10999 1796 5332 1664 7779 4457 5908 4055 461 8580 13700 13631 8490 4482 7549 1810 13085 1588 1185 6663 12626 5243 2751 9423 13975 448 10856 540 7374 13790 8943 14076 7995 10161 13165 4775 10685 6721 10441 6104 2478 4660 2119 7419 12377 13533 10368 6432 12724 13708 1551 13573 10571 11003 7253 3608 2049 12058 9255 10853 2964 4246 5138 9201 11960 2236 12683 47 10174 9578 2127 8799 2208 8244 4093 1832 2326 8559 9841 4356 1087 12578 13366 2553 12329 7439 6122 3660 11915 10047 5532 9248 9883 539 9117 13950 7121 8611 917 2218 13092 12722 4179 1663 3326 11126 12121 10275 13797 3005 12975 8728 6207
96 546 2096 4643 12974 5506 6004 4876 484 7471 6041 13875 14067 4373 3503 7589 7529 5120 4763 11393 10892 1951 7388 11944 13178 13791 2881 5347 7372 1053 12256 2811 7576 9450 844 3456 10056 9369 4482 3812 6081 13368 13543 13159 11177 2989 6411 93 6249 13799 8767 11190 11020 3001 9699 5699 10922 12319 12433 9747 8604 4030 2123 11022 5521 4395 2765 6947 6407 7772 7356 9691 1961 5361 2712 13160 10438 13 12251 2417 449 10733 4618 7603 2639 8168 14196 8365 11320 10255 14128 12890 8545 5397 4988 8240 1889 2444 10509 4003 9479 482 12270 12936 4559 1748 2726 10702 13646 654 6270 4710 9735 13032 7075 14106 12966 4091 8348 11047 6449 7866 9789 11592 10895 13521 5329 3274 4443 2188 7784 6511 10374 12056 4828 13332 8727 3064 10040 7849 10377 7955 5006 11000 7252 5716 917 2167 4034 12852 8058 997 8191 13905 8304 3433 3035 8828 13766 5390 7039 7822 6927 10227 486 11418 4246 10998 12672 10603 177 1825 11427 2842 4967 3706 6574 721 4770 8436 7951 5640 9907 13272 9859 8141 13579 13215 6207 3327 9845 9951 9902 8212 3936 4789 1341 4463 6866 8951 6142
97 2397 7643 3760 11853 12618 3794 3614 10051 3497 3448 8974 13990 777 12096 919 12140 10120 1145 966 1530 3295 6708 1698 1599 12184 5192 1387 8796 433 13982 7112 9724 8220 9747 5014 1406 12403 6264 10637 5536 862 1096 2840 542 10023 4018 1570 5202 10658 13411 4789 4904 6522 3430 12071 2579 4074 11010 2099 2423 5860 4222 3992 10594 8129 13270 9965 13994 7765 10820 13932 2046 13107 4533 11753 1994 8143 3703 12619 9421 7855 2409 13799 9251 5328 871 323 8115 770 8888 14172 10233 605 12633 11895 13688 220 12472 13190 2345 3319 10970 5235 10184 6764 14117 11048 13460 348 53 13425 9865 941 3426 1637 7447 12649 6395 2610 3327 1416 12527 11212 9669 10181 1673 12374 12874 822 7462 14167 3847 10614 8352 14115 985 12735 10948 10306 10112 905 5988 5107 357 12388 8880 3266 1126 10045 12259 597 6746 11235 12410 8078 11833 13592 7067 5100 12407 4109 3911 6450 2040 12163 12712 5460 3109 4867 3157 2835 4706 262 6748 4402 12145 8531 9297 10908 4225 5470 4097 7689 11059 11230 12737 2852 2411 2800 1213 11106 1443 6298 4937 8995 7283 2546 13892 5284 7086
98 2522 12239 11927 7152 13141 7900 8995 465 7626 4142 6738 13906 13192 9601 195 4289 5521 8887 7837 6755 8048 4897 6767 6879 4515 4126 7689 11093 8167 1846 4415 2932 7866 3626 9682 10759 5089 8109 8791 7977 5098 1395 8701 7995 9027 5110 11918 8235 11517 12266 13799 3116 767 6813 5227 5045 4313 11486 897 1837 9857 14090 10791 12847 10098 8572 8748 1282 7460 9443 8288 11817 2096 10639 1599 3044 5930 955 6314 564 11302 7659 7355 11444 12248 11599 7764 12219 7913 5819 10245 4653 7543 10060 3288 6544 1966 12874 1786 11602 7473 7681 822 11752 6600 3094 7394 2940 8413 567 6448 12020 8747 9193 1659 10282 3860 12245 38 12941 2643 9093 4630 7381 10082 2772 6406 7868 13319 2417 10306 12262 11588 2368 2043 13043 6425 6888 3704 14117 13242 11043 513 4697 3422 11789 11331 9534 5981 642 254 12434 621 6599 10958 11769 7021 2423 3777 3418 11265 1311 3582 9933 1605 9834 6118 11136 9729 1666 9962 7765 10510 11231 9147 6458 12819 14008 12451 2057 1950 6450 5770 4992 6353 8676 9941 2559 13851 580 11628 10006 10787 2975 13661 13254 3800 9573 9550 10183
99 1339 13429 4275 1668 11787 4747 12 12542 12340 8957 13194 170 7551 4030 7311 3021 2228 12387 13373 13864 8688 10526 1359 13063 6058 2750 377 13932 1609 10242 7026 12839 13268 9843 5386 2487 6555 6427 800 3521 8271 4152 6504 2143 6563 714 3047 2138 4317 1395 10261 9024 11794 13439 5592 5724 7285 11666 5392 6088 3157 4241 8113 10884 10348 6309 10661 4892 11506 8495 10653 9891 2649 1031 9301 1676 5146 11848 4523 7839 1027 5786 330 7948 13207 8873 8454 9596 3998 9233 12455 3087 3001 10761 9424 5469 1682 3469 7342 7159 4438 2005 5239 8108 6484 6910 2166 11296 10478 13445 7142 6897 9680 9869 12594 6637 3169 5801 5959 1805 2413 13488 8793 6271 12138 896 8228 1631 6344 2102 1376 10630 8422 13074 9683 5354 9530 13322 12554 1242 5545 9326 2021 1044 6376 2480 1635 4980 11949 6359 8607 865 11186 1495 6992 1220 11004 10336 1778 3643 4096 4863 11607 12177 10743 13867 13284 11294 5693 12405 5046 3472 11501 5950 13829 9182 5001 11536 5043 11069 9373 3476 10681 1872 3029 13716 13797 12130 8746 7609 1121 5211 3278 2941 1994 9340 5116 2976 9158 6554
100 2578 3085 8279 10022 9102 6464 5805 11675 1174 13328 4834 12663 4385 14119 11627 6027 5624 9027 12761 4810 7198 3611 8185 5009 10805 1894 4353 6312 1485 5807 7986 10224 6234 12133 5857 4591 13823 12972 6942 9002 152 7349 2285 9305 580 5849 12952 2595 211 14037 6141 10905 10594 13894 10716 1833 6442 2142 3375 6859 7795 6129 2361 10826 8350 399 1326 12496 10276 8976 6661 3912 13679 12607 6155 7407 1944 13257 12128 9947 9275 14123 13742 13016 6999 6503 7483 10557 9501 12204 10411 3457 7893 3289 9451 1277 9415 11195 5272 2759 12295 14072 6734 3414 7239 9547 6584 5349 2295 4029 8186 8394 13231 5262 1211 7010 1562 9588 7610 13224 12688 10681 9212 7170 964 4565 12565 12363 12587 2237 13670 6905 5210 9515 5804 3822 2161 13156 7728 2667 12184 13550 9867 6215 12073 1519 9970 4041 4750 7505 5572 884 13413 12183 9575 3299 13721 8331 6338 1268 1763 14066 13171 13701 13481 12567 12469 1575 6173 9303 9271 4201 5542 1433 1260 1850 11803 612 7145 4865 11510 126 8543 7308 3932 2731 958 3150 504 11899 2407 681 11572 9278 7300 12943 11922 1036 8424 3559
101 2404 6118 11225 5235 13444 11064 113 2460 4395 6008 3549 6655 13249 1933 12781 1121 2310 10684 339 6707 1500 5216 4784 2452 5188 2826 7586 13460 12631 7231 11071 9745 3657 11526 8299 8231 6075 5472 78 8273 474 5594 620 11950 13681 13461 12750 4687 13203 9 2794 1953 5325 2176 10660 9927 13767 13792 5700 3909 8011 13960 8779 903 5688 1721 6044 349 5704 13745 2641 12478 9706 11397 6246 10527 8943 14194 1766 7466 1554 9043 8031 6607 8632 6392 9222 718 5276 10810 2028 4652 8545 5251 9846 11930 4885 2833 12709 7896 4429 3505 14088 5697 12287 2018 8915 6544 12280 2746 9826 10579 12554 11696 9517 6088 5308 8087 714 9838 7159 10893 449 811 8045 5761 12323 12796 1166 8432 2347 6495 4855 6787 12292 2696 5055 14045 3740 7033 10701 7047 1852 11671 4026 7325 9957 6188 10521 4868 12538 8094 7409 5497 7911 7350 12193 7380 13210 4357 12092 12042 4045 1169 10393 13874 11380 9545 8567 2715 484 12 1967 6306 7702 716 183 4833 12870 3521 6565 13743 12203 2427 1869 6802 10437 10992 13547 9242 271 3314 5958 9743 11880 13082 11699 4338 3298 599
102 2614 3852 4927 4964 8976 6062 425 10590 6715 696 13628 12201 3388 1183 13800 4726 712 5274 275 12190 6957 11142 4551 1541 2096 6321 6323 1567 7650 12441 9736 1043 8696 5764 13824 13131 13218 1885 12894 11131 13834 13393 6740 4185 3702 4226 4735 13934 158 9462 2511 566 777 11579 8564 8768 4227 5198 9833 10252 12702 867 2200 2275 8654 6079 6310 9142 6910 9084 7571 10184 4731 9857 14047 11386 4445 4504 8911 3593 6550 8917 3397 6735 5713 3878 13014 6421 12142 5436 3738 4544 4011 3127 13993 3722 7309 12602 4946 4833 6934 12622 10348 11911 12944 2234 5045 3727 10062 12905 187 3065 476 1850 5339 11964 12743 1306 4309 8068 4973 488 11781 12913 9854 1158 1327 7210 63 11874 1266 4855 9502 7638 5020 118 6651 10251 606 12333 2022 7183 13515 3662 13152 7792 2441 3136 7305 9768 5695 10026 12516 10968 8687 2775 5356 2461 11657 185 11521 10048 7846 6787 12497 2929 13960 8642 9370 3005 509 1211 5698 5017 4031 13180 11904 12425 9671 523 2366 12376 5402 9380 2640 8075 528 7020 4709 404 7735 10647 2680 7462 10391 8245 5181 8729 5217 2770
103 1156 5837 12240 10650 3435 8309 3622 5088 5017 12922 1469 13663 5649 6110 4412 402 12007 689 10285 574 5558 5919 6461 14075 4282 1334 5892 9044 7612 641 13368 8408 11504 3307 5496 10787 10923 2908 4525 12491 7075 10283 11865 7486 8008 10882 13383 10064 2550 10153 5736 2842 11303 18 13135 10886 443 1363 11716 6551 11895 8436 11150 4795 12040 6792 12732 1320 7021 8751 1492 1818 8120 4457 7015 301 4160 3052 11053 2242 209 4964 9272 6602 3792 12253 6442 1788 4820 10129 12148 12667 8073 10483 3798 2193 1488 2799 10058 7318 5927 8984 11265 13176 55 13153 6023 177 8015 5119 8107 12180 11310 13391 11736 2698 12045 1086 7353 1792 13271 1051 7654 10104 10210 1287 3614 10513 8719 10520 2837 13989 3626 4084 6739 1190 2876 5661 6721 3344 9389 6772 13520 1773 1095 11581 3745 956 1690 12508 7742 9735 1446 11092 1701 5843 14209 760 8303 3876 5974 11804 11531 11551 3048 3034 9758 6319 9874 6357 11564 2526 8530 9292 5164 12687 14073 1090 9300 1056 2778 631 12923 485 6470 1612 10706 3341 8471 6632 7492 276 11522 12080 13475 13076 1691 12573 10746 3237
104 2667 12841 11560 9636 13651 2555 8839 12314 3382 5296 7064 4194 12655 1349 12487 13725 12173 10305 630 2761 7564 3149 12055 3960 12408 6400 13324 5226 905 11512 774 3013 11317 12467 8320 436 5464 4997 13111 453 12498 1273 923 10243 984 5935 14076 10820 6685 2764 9781 12188 6141 8204 13257 7908 7274 2086 13475 694 8634 6488 11693 1474 1742 3126 2166 7945 9940 9304 13685 3664 662 6684 9820 991 6231 1257 4628 3893 4633 12861 8948 2720 8623 11342 11029 10822 12955 9586 7918 8812 3564 6626 4261 5817 8968 11116 2848 10036 5250 8848 8318 12140 14039 5004 3820 9644 10879 9470 2540 6883 1196 11185 5602 11139 8718 8912 6998 6161 1736 2274 9445 11902 1322 11238 5176 1430 1084 926 7353 9683 3683 5020 227 10001 1463 13281 5537 4792 6194 3442 1288 12748 6900 14018 8781 4678 12371 960 13966 6546 13636 7031 8639 9293 4017 10104 7413 1767 2125 1499 11665 5871 13524 8906 1246 4488 5346 3303 686 6761 5790 10959 5546 1859 1496 13450 1312 4841 9359 11931 10008 8946 11485 13051 6262 13859 1091 4076 1462 2687 6739 8178 1888 8788 583 3573 13361 11691
105 191 7174 254 7922 12697 4383 2509 5749 6768 8250 6163 8407 6601 6247 5702 11506 9840 6659 5689 6879 2975 5132 10631 5767 2254 4417 9797 3675 7756 10014 11498 7955 13483 3412 9862 2577 6504 12284 10903 2060 6193 2603 4000 9250 1077 4704 13857 4066 13623 4689 7825 6016 4695 1361 13895 6489 1233 13128 7525 2007 392 6326 7261 1041 13507 14216 4182 10348 3043 12575 7425 9124 4253 9112 8483 7325 38 3658 8044 3721 4447 10454 12372 4363 2482 7981 3509 4023 8829 10488 2477 11601 1922 1072 5967 11957 6292 4170 5489 12692 10677 8345 2117 10737 8929 7241 5914 13725 6919 7371 9217 11963 11662 12640 308 13132 7710 6957 8156 13313 8828 6797 11613 3064 6913 9266 9857 5423 12135 8842 2938 3641 1340 12488 11211 2307 11301 12005 2281 4935 12788 11307 12655 13139 6502 10476 7527 12622 3062 111 2294 5893 7144 7185 8002 7137 13097 6100 9400 3989 2903 12074 10446 10684 8247 12777 722 1875 5379 7039 4626 4559 6314 6059 2111 801 6012 2350 11302 13279 12452 350 13177 14060 12371 2505 9590 6228 13745 11577 7201 10507 138 12564 6242 11726 7596 2627 8884 11664
106 1339 10902 11807 7098 7023 9905 9851 5399 6082 7899 12961 9780 8590 2002 3866 9476 7756 2424 176 1240 6200 1033 575 11666 12363 2619 11542 12223 14037 4650 8116 10604 10026 7090 1176 13056 14009 9903 6614 7897 8361 11215 1035 197 7577 2274 1080 1044 11045 5450 9134 2657 34 3033 7642 8771 4456 6294 3760 2354 13816 5527 5743 3263 5747 12840 506 3993 6180 11221 14154 11662 4053 10432 11477 13502 4475 8494 9009 10918 13229 7693 10391 314 10312 2681 6422 5768 3228 1135 6057 3181 9188 13997 7527 13207 8281 1068 9670 3272 941 6331 11675 13836 1379 1313 1118 4336 9532 8835 13210 11396 6182 8399 12804 7928 8909 6775 12735 10937 2448 6922 1536 3499 7765 5835 12282 10383 10449 6178 7194 8825 9022 12696 6982 3630 12460 10029 394 2566 10352 8662 11538 4347 991 12938 13632 8058 8655 7628 10420 8645 7196 11014 9858 2886 6319 2500 4370 11731 6743 13456 10599 821 4411 891 11829 1632 427 2453 1397 9114 990 2987 977 11427 9228 7304 12172 4118 12243 9931 4354 11127 4558 10323 4519 697 12198 429 10386 1201 6055 9848 11415 4162 7918 2365 4121 13491
107 2665 3131 9973 7925 4971 9098 2838 7545 6465 11 3617 3591 6213 427 3033 8434 7980 4292 12147 6730 7798 6755 4350 12825 11065 7208 7338 261 9052 11368 12811 11711 3835 731 10868 9607 10030 10900 13252 5097 5083 1447 9856 155 52 1152 11480 1941 2831 5288 8066 5340 13855 12540 12103 12709 5296 11209 4918 6464 11061 6323 12572 1358 5210 4281 12099 12251 6781 7909 8395 8358 3052 12344 14079 980 9661 7160 66 11488 6759 12416 13488 5012 14095 5176 8604 1242 8380 4221 13789 5258 4079 9986 5219 5701 5195 4880 2269 8069 6630 630 5403 2472 2748 6586 13319 11693 3273 9070 8561 4530 10277 12342 4189 5966 12652 12026 7336 2484 13736 9172 11167 5276 12378 6996 102 8732 398 3852 2399 565 2287 13453 2975 7169 2242 13007 896 5245 3399 4233 11545 3891 5917 4224 8283 12419 12735 4800 13227 4776 315 13608 2010 9918 11652 12944 12011 1028 5279 12759 5014 37 11858 2086 2862 3766 6845 8966 9235 488 3905 6700 3583 6870 5776 1278 1043 9129 13118 10241 5107 3974 12187 481 10825 3561 1299 14144 7122 11161 11334 5110 5770 13511 3247 11489 11274 7674
108 2739 11654 11827 1156 9374 5900 4068 13508 1777 10196 2008 12464 8491 1558 11955 2268 7856 3830 7545 1510 5426 1761 4832 2591 1216 6723 2174 7214 191 10298 327 3765 5098 8309 4873 12703 7441 11809 12776 5243 13878 12214 10092 6099 11564 5781 14070 12105 4662 2087 10443 12559 7654 7835 12764 12379 3632 8279 360 4052 11002 2465 13946 7090 2758 3548 9244 6156 5214 13069 6643 6908 7687 7151 6829 10422 3966 9977 1276 256 8692 6479 1531 14175 6786 13263 11276 13553 2072 1683 5154 660 5157 3352 11057 10143 6223 2250 7941 10155 6035 2514 8885 9207 11482 11920 6612 12690 5025 3775 8372 10277 5468 13808 3675 3876 12139 9582 13373 7716 8411 1669 449 7964 6676 12892 7026 6004 4731 7378 8667 2639 477 5066 7800 319 12095 894 1139 2801 4461 13034 7974 12553 3485 13242 8410 5731 13481 7305 10692 14034 9574 13277 5652 2018 255 12177 12548 3112 6180 3364 9536 6687 12501 13228 1958 6337 1153 13037 9627 14138 12670 2751 10876 7450 1768 3769 2964 1195 6466 12017 12893 13988 14080 7925 5396 317 9105 6744 8761 1447 1520 13381 5176 2136 229 5744 14168 76
109 2740 2548 12369 3619 7174 3728 13480 13733 902 7683 10750 11011 1916 12469 4810 11788 11065 11247 11574 7684 13613 3495 8610 8756 9007 11433 7672 10350 1568 9685 10076 727 11561 6205 13001 5964 6679 7076 8774 620 13977 1681 9031 12968 14102 6926 6949 2070 6610 2242 10420 642 10736 398 4453 11868 4806 2549 630 1049 5199 4819 9485 9262 4385 7021 13495 12737 6586 13422 5929 529 9419 7720 1906 7253 5505 877 9886 13000 3560 12508 2763 64 7141 6619 7384 12794 4848 6081 6672 7775 4641 1356 4852 10228 2662 9755 5397 3741 3735 6511 5426 7427 13787 12971 8990 693 6968 1639 11141 3561 8576 2667 11048 10774 12563 1583 8479 982 987 715 3510 8825 10914 10748 2436 3831 3614 5842 8539 773 701 4060 10164 3593 13330 9794 12335 9036 11750 3893 5720 10309 7135 4324 11286 5055 1412 7147 163 10825 3251 4584 12305 4755 8574 8751 9454 8829 9930 13476 4358 12313 2927 3275 13611 342 2259 12318 11333 4724 13430 8008 11205 10764 6997 4131 6898 8655 1095 10232 12540 12887 8560 8330 2046 11545 1202 8176 9275 195 2897 155 1281 13617 4555 11556 1002 416
110 58 92 10584 9796 11611 3287 11005 7548 234 5505 6834 5383 11939 10666 11823 632 9449 12326 10948 5435 1210 1718 8512 8536 6583 11090 1511 9590 9507 12401 12711 554 10182 1344 12131 1596 5360 3370 13061 11362 870 2940 619 9410 12826 6566 1779 8790 11267 9521 12407 4146 13867 8478 79 3131 1164 4576 11559 5299 12659 11310 3686 9052 636 170 7014 11347 5168 2092 13449 724 9454 1774 811 2311 13025 1199 10211 9895 2891 11482 7487 9926 4735 303 85 7661 7609 4540 5341 13950 10855 5367 9476 10461 7271 5433 9014 13249 10703 5181 11137 7410 12569 10659 11922 10344 42 2914 10678 1933 6733 10380 6985 5956 6061 13915 9040 36 12637 10232 517 8572 7437 1900 9522 7279 3468 2724 1643 8300 7709 1875 2647 7795 7574 2633 1843 8804 9469 12526 8328 9137 5611 12204 10083 6642 9760 11806 6177 7947 10231 3936 10062 13066 13613 2775 7528 5581 6683 2995 10042 12190 11221 662 1147 9491 1807 7344 7450 11769 11174 7317 9363 5540 434 7190 6312 9757 9191 5282 6124 13933 10135 9176 7070 10008 13336 5198 52 13483 2254 12099 4907 1670 2136 6089 9695 11397
111 985 5185 4791 1472 9997 8635 3813 12426 2736 11616 9164 13646 9677 1318 13559 2288 6368 4560 5078 12453 13053 432 11538 10576 11372 3683 3862 5632 668 907 3695 921 839 6409 10809 8049 5566 10416 494 8100 8421 5303 952 2914 897 5404 7033 13176 1417 13387 13007 2579 12949 11432 1960 10129 646 7105 9214 10729 7735 5143 2322 12078 9852 6402 7507 4729 11179 1627 3987 3209 13936 9789 1007 8027 11655 9268 9354 12374 7400 7085 3550 2353 9311 7705 11293 5288 3557 9654 11668 1327 7228 3779 7089 1836 8659 3120 2864 12976 12964 4216 11477 7439 1756 1924 7901 12441 13089 5791 10619 3158 4628 13946 2899 13272 11176 8084 5795 12147 10541 5265 6638 1181 932 3949 5053 31 9127 2485 8228 8456 13840 9775 7280 6161 10466 2545 6188 8967 4737 13951 3492 9016 6536 7212 3422 7315 1179 5150 10988 10745 210 4734 8167 9273 4700 1186 13932 13582 269 14037 10028 21 4629 169 3957 4266 10727 3816 9544 1905 8316 3851 2688 7506 5651 11735 4016 11153 12559 7992 3609 8077 4428 3822 13842 10288 14029 3354 11631 10628 7817 8560 9159 12168 13727 8114 9662 1211
112 634 8733 6164 8169 2627 12273 9388 11507 11824 2478 906 11174 5690 7523 4253 1835 2286 12827 13910 13909 13737 10228 799 10539 8503 10468 7921 1120 180 8887 12071 7783 9334 9977 1994 4369 12656 8865 326 7341 4076 12168 12591 1680 7655 5427 6295 3151 1764 9727 11718 6031 2151 8783 8893 6642 7200 2752 277 13224 3657 7473 1620 3524 1023 10439 2661 3884 209 5152 6533 7899 6342 4254 3025 4662 8426 13581 10061 4676 10202 4065 3221 8632 7826 2815 2939 217 3017 12398 11082 8472 1592 13859 3007 1880 9547 8099 6588 11137 1051 5184 5558 6241 4980 8983 7270 8493 7596 12660 2050 14144 3267 1657 1175 319 8662 7171 11382 225 4832 5533 4139 13303 2402 10571 3272 13678 3271 11523 2531 8873 7582 1820 10537 7509 3356 2359 13184 3483 9215 8224 2720 391 314 777 6356 315 6956 1001 11242 11752 5524 5530 4828 12463 1705 1775 10489 10419 4481 961 1993 2979 7801 6838 5426 8569 12482 5936 9314 3538 10250 5379 3166 10151 8306 1822 8974 18 13683 622 4137 5213 13494 4709 5935 2426 4808 10798 1718 11496 11220 9484 5051 5145 1965 5602 9037 981
113 2775 10536 2472 8351 3199 13974 5955 6136 703 10573 11637 9154 3063 7259 564 3289 678 14080 10303 6211 13867 12226 7870 7427 13113 5820 2495 1501 318 11583 4744 3723 6367 12621 5125 11191 4969 6953 10898 576 9663 11049 10818 12509 3343 5375 543 3577 2806 3555 5448 12808 10617 3071 5929 1753 2813 8036 2386 11517 3397 2608 13354 12469 3934 5876 5856 4529 11242 2003 7065 14207 25 7314 4937 8941 3188 3856 3326 5686 1769 10251 7657 9227 8481 13626 493 13883 3564 12101 6637 13382 7169 9885 10163 7332 6097 5461 6134 3137 11182 9019 11850 13665 388 14123 1431 13294 4361 9703 9693 3381 2421 12994 10162 8826 8610 5603 1628 7032 11197 9687 978 1645 12388 2924 4207 2933 8616 10007 10488 6973 5439 6936 8791 6344 8131 12746 12344 7005 4514 9276 10393 8151 9205 1374 6228 10205 1971 8851 10482 2113 5614 3503 5594 11547 59 2852 13689 4462 1922 8030 37 156 11187 4524 4701 1022 10736 541 10206 11288 11470 577 5597 6419 7299 6411 3951 13023 8901 12343 6989 3796 3881 341 403 1338 13969 2818 6103 5944 9928 4512 13921 7646 11426 7053 3248 486
114 2791 5322 7503 3604 1505 1328 13615 8432 9713 7884 2902 7251 1373 2127 11618 5746 13381 6329 2927 712 13384 13643 6728 6273 11988 3498 8586 10012 6502 5101 2941 11537 1898 2605 3160 3808 1486 8016 2797 1356 2991 7151 6964 10333 5501 10912 4416 1411 10869 1866 9810 11045 5152 10718 11685 9109 6059 1815 8948 5776 726 10772 4893 13016 2643 6831 10181 5883 11397 5969 1546 4145 8330 8534 9842 14027 5642 11854 1255 10380 3555 1224 7549 3231 13625 12381 12004 459 13453 1696 6550 11580 11059 6951 6158 9628 1258 6975 6146 12129 6977 12265 1253 3755 13188 6077 11062 4550 13291 13315 13778 963 306 1965 6279 3013 3319 1754 8602 7370 11000 8527 6302 10807 5205 10563 169 12386 10442 11929 11516 9230 13548 8807 4331 13818 7985 12384 13403 10949 9551 4231 141 3788 3603 9354 3564 6935 93 3793 10413 6945 10401 13174 13814 9447 12762 2480 8600 11338 4777 5841 7008 13059 6866 3273 10568 7183 9351 3069 13514 4823 3737 3546 3978 5575 8185 12496 13624 7506 6590 10234 1883 2399 13725 5134 6350 7232 10669 11316 378 3641 4049 5612 8268 10290 5157 1818 8632 4218
115 2869 11437 8249 8263 14063 642 7931 8736 5305 2484 2350 5225 3637 2659 10661 2309 12620 13642 8243 7217 11213 7809 2177 9016 4712 291 13046 8447 12990 3249 602 4176 916 4602 3907 5200 9205 5704 13087 13400 2044 1612 13961 12961 10080 4858 10123 10331 1392 13332 6005 9204 265 11558 3236 6985 13524 11205 294 7952 3240 13519 12938 3117 9047 12436 7466 7764 1968 7680 10092 7547 7848 12643 739 5886 1775 12050 11293 8961 10054 6356 5339 9427 3486 8009 7401 11409 868 8503 762 2555 7588 7854 1288 12569 10082 12891 5553 2219 6366 6358 6092 9698 5838 10626 5786 7022 6156 5551 12398 1997 3159 7784 13236 2341 5777 4180 6862 14191 8093 1465 9466 2430 7718 13166 9458 12690 872 3885 632 9321 11952 1592 8960 13104 9055 11667 9202 9968 13637 12288 1963 4010 920 1122 10597 14051 4329 6438 9083 4025 10052 4470 11438 5942 4827 7162 13324 7701 4002 7090 12728 812 834 2892 2111 12402 12399 14075 451 9950 6786 7736 12584 13820 4838 11676 8288 9274 4604 5635 3835 2603 3874 8673 13928 9509 1622 10024 11267 13983 12748 1731 12873 5519 5922 6814 13418 1017
116 1779 10697 5411 3318 13597 13494 9100 12002 7905 1068 621 10891 10551 9111 2665 1319 11955 2522 2338 9453 12574 300 12817 3314 2145 8804 1210 55 5472 10983 5022 3062 6667 8180 13653 3103 7985 8013 9788 12141 13856 975 7715 456 9482 52 7903 2799 1606 11558 9838 9521 1951 7898 13705 12883 11389 1389 6459 7471 5177 2059 4238 12487 182 5630 2241 6656 2569 9261 4111 13958 4654 3330 8336 1657 10745 1029 2127 3415 9802 12384 12502 7434 13316 990 2044 574 7109 3073 9503 11371 4638 1420 8886 4879 8293 3327 11590 10446 8413 10577 5698 5445 2576 6157 11435 7799 6708 9684 9140 11038 4743 7126 11446 12567 9920 9718 11841 11080 1120 2289 2323 1526 8949 5635 1422 2438 10810 14211 9435 10809 8423 6093 1449 11928 7087 10199 3855 6774 7177 11256 5953 13812 13622 12492 9960 1942 9946 2404 11097 6088 12041 3511 6035 326 9048 1805 7521 3180 9701 5636 11918 7130 3260 14029 13585 9589 7817 8666 12560 12119 4303 3535 9686 858 1932 10078 8437 12705 1738 13780 3003 8044 10596 12583 1416 2618 9554 12373 3901 5982 10916 4661 11006 10636 1360 10038 331 9610
117 2882 6604 3266 97 8444 8162 850 10951 10491 11493 7831 82 1168 13178 12152 13915 6534 11640 13850 8921 12250 8035 2441 13096 7191 5117 10619 9685 10549 8322 1341 1526 10636 4368 13366 1603 14040 2136 7294 12066 5286 12906 9841 4439 13552 2877 12532 1802 8934 9809 10602 12192 13505 8657 3842 13147 11531 5688 12490 13213 1316 12245 10012 8033 9672 8488 7066 1866 9463 5161 6962 11298 12801 1145 3931 11023 12775 8768 10893 4330 4396 1007 4764 12969 8561 11663 12717 7050 8397 11050 11547 10483 361 12356 13023 11306 10473 7929 8104 8215 7850 9895 6805 7203 8320 1363 12561 3750 8200 2811 12299 12732 10823 1823 10192 6286 2013 5309 5171 8327 3604 8725 5811 13222 13529 2795 4775 13437 12762 5032 10802 156 6766 1391 2128 10935 134 10246 2513 8419 1121 6206 9603 10972 12805 5903 11048 13339 11073 2074 13072 3182 6351 5029 8025 2234 11697 1146 613 10752 2 3267 3989 13447 7638 8167 10102 11260 7826 896 6224 6061 1190 11573 11 10986 11659 13156 1033 144 18 1643 10792 13263 2924 7967 8354 11769 11665 10110 9127 8982 14182 14046 8177 13198 12211 284 1014 9391
118 2427 5887 10522 11783 1622 6825 2186 4253 13312 9431 9873 2101 6239 3508 8743 9354 4524 8168 142 13781 8067 7578 6835 3171 6598 6318 9746 13581 1295 1278 9375 8392 8739 2085 5063 11922 4416 7336 13969 8048 10879 5585 6149 2837 8910 3873 7574 1301 4791 462 7253 793 6840 9202 9484 3817 6455 7510 887 1989 4583 190 8658 11427 5294 10294 3363 954 12304 6524 7615 13059 5362 5813 13100 6732 13432 13853 7889 5827 1465 3814 13909 8850 1458 216 7550 13073 1711 7556 8368 6633 7250 6412 1984 7433 13160 405 6307 13147 13992 5902 9190 8981 13040 6210 8284 9968 4958 7562 11298 4821 4356 11836 5779 3158 6717 7149 10930 13444 7959 4978 5735 13302 13561 6701 786 13220 10042 6563 1858 3930 1201 11880 9432 5201 12832 6954 6105 13782 10613 3563 14160 13384 6320 7282 7322 9051 7330 4856 6119 3685 437 644 9569 9624 6106 7542 9730 8550 7666 9562 12928 8286 1874 5699 14157 6179 1804 1645 12714 2571 8931 13303 11570 2927 13860 11067 237 6974 13203 11083 13171 6227 6833 9154 8523 5507 13549 858 12914 5927 2454 6768 7081 7014 4322 4713 7552 3663
119 2886 5471 1273 6577 9635 9716 9810 1394 2736 2672 5611 5750 1924 6131 4982 10305 2149 505 4460 7642 13746 9814 12668 13785 8925 7841 2677 8911 8207 3866 10213 11379 11340 10317 2705 10931 6915 4629 6856 2549 5788 4305 9941 7433 6484 13023 4382 3775 13162 12463 7900 2735 11382 1966 11154 8199 4133 5832 1083 707 434 4 13143 2394 6334 2461 13857 11995 12626 2416 877 3626 13022 5545 922 12152 13163 12245 2501 13051 6968 1967 1840 6640 2197 6249 8471 3205 2747 7945 12496 11364 542 1472 9655 7553 6374 964 5078 12990 1983 6046 8050 69 3142 1818 10477 844 3842 9095 6636 6170 4002 1490 3940 7153 8039 4950 8601 4189 12847 5367 991 12022 12439 2369 8708 14174 1119 13973 5410 9336 1349 10977 2818 5948 8044 5555 169 4989 7030 7789 13152 9436 6352 8334 346 6597 13 11248 1979 7459 5696 11428 7021 11786 2537 5526 3109 11694 9675 2642 2479 10381 10790 6257 3515 7524 9429 10340 4494 4879 1110 10752 10075 13044 5445 7457 10185 13211 10821 2845 9490 4165 5045 12172 8921 6287 8503 8517 3092 85 7370 11578 5755 3314 10543 9226 13872 2340
120 710 9272 8966 21 9626 7157 9072 7202 1061 7966 2663 11609 1673 8974 3495 6539 1212 6697 3860 7176 13110 5559 1199 1765 11980 12952 12882 1120 6754 12266 13537 6469 11128 7313 7037 8126 8636 6581 12340 5849 4691 9595 10003 12988 11805 4813 6584 6001 832 9570 7385 757 11882 4035 8784 2385 13695 1767 6925 8266 4755 4288 249 7552 11657 4156 10448 4890 7655 1513 10301 424 11507 9248 4776 8973 12565 1855 7629 9616 10888 13424 8898 6273 6515 9707 9760 7606 9755 6015 8024 11306 13583 2813 8998 5350 186 6336 4567 5641 1222 1774 13377 1907 6230 394 5231 12615 11041 11027 4845 7991 12075 12255 3697 8 5783 14092 6746 9402 3206 7671 2966 3115 9996 13507 2997 3327 685 7967 11301 1060 11076 11195 10877 14189 6970 9455 9921 13352 762 3910 4883 9158 13533 463 6762 10860 11278 333 1714 2803 4982 14136 6332 8536 3911 1734 2242 14152 133 8548 1924 11579 1155 11675 1900 6819 3901 13890 2313 2607 5785 1475 5851 6307 11034 2211 7225 2553 10482 7996 13259 9952 3838 11504 1127 8389 6576 11713 13899 4995 1428 476 8843 4756 9614 5847 14071 10576
121 2909 11056 4173 9799 12344 1142 3899 9739 7939 13454 8976 14158 6459 7366 11337 13620 8238 6580 5587 13462 3409 8511 6557 2533 7844 7721 5797 2602 4238 13541 7600 3746 4560 8480 9193 1876 3674 2973 8528 1188 12192 13399 8791 205 8955 4981 3045 4664 10608 1705 9055 10142 13640 11923 2605 5386 7256 11799 7712 8538 2632 1391 9436 11865 3193 10134 868 10795 7898 13738 3891 5637 12664 12462 13506 12442 8118 2292 1635 13144 1562 5809 13591 6099 3055 12860 7961 13887 8707 10841 9353 2175 11566 11275 3593 13325 12742 9753 13467 1710 13733 1622 4351 6489 3935 9525 7671 1627 5994 9367 9369 13241 6934 2084 11620 9135 6321 12041 6862 2184 2357 3531 13839 10626 11252 3038 3781 2981 7803 10882 9877 10229 1819 7569 2323 1209 11032 8489 10073 145 7282 1472 9592 9209 5198 8696 13941 7839 6593 10817 10805 4213 10145 6590 6876 5821 8020 10865 3261 1466 3437 2810 9625 12927 11582 12065 7339 12850 3913 5396 11584 5816 12285 7899 8207 12636 568 7073 2125 11074 12316 7351 3085 2854 4244 14200 10976 6910 5829 7561 7634 13238 8942 12536 940 7199 7723 5470 9241 13977
122 2953 3980 3569 14045 13937 2477 12228 6352 8324 7905 13448 6737 1730 9657 10114 2228 835 14154 11058 5634 2288 7377 7483 1878 5907 8530 7958 10892 5480 10167 12613 10279 5585 14074 4267 10350 7171 10750 13064 5493 2863 13924 1212 4035 4423 13349 3845 13256 1578 6358 11021 3130 12977 12507 11007 420 5829 8493 11213 7070 8312 8908 2770 3222 13514 3498 11301 10714 5478 10100 625 13626 6712 9462 4382 390 5381 7326 3669 13865 6961 7121 802 12444 13102 6567 12036 3349 9369 3823 3163 8597 11542 10058 101 7951 11191 1014 10349 12505 4358 2173 2604 11683 8761 970 1286 10526 12517 8095 13894 10740 9917 1785 2087 3080 5622 2822 9905 5142 738 10006 2820 12380 332 2518 13476 8366 13455 9792 11468 1318 2344 6883 2571 10503 1140 1009 7506 13893 1665 9527 364 12546 11144 11090 2049 10032 4136 6778 6916 1443 13997 38 10093 10304 8091 11756 5355 11707 4445 8969 6557 9576 3637 7359 2529 10142 5505 7083 12871 7965 13032 8568 12283 13215 4858 8722 932 4776 5151 7766 6478 145 3450 2332 2811 13689 629 13182 12867 1666 5496 2189 8264 11669 959 6815 9538 8423
123 518 722 12359 5584 11066 1343 4057 6108 4664 4430 5179 8066 8974 1563 8783 12945 4708 6532 26 13437 5703 8453 6886 4366 12072 1935 1851 7979 7325 4902 7772 7014 2084 13158 11075 3630 4703 10237 7990 4852 4413 9460 12139 2831 8865 3373 3286 6571 8539 11346 11575 11564 11119 5075 8353 13563 5870 10245 2017 14012 536 84 6783 9709 7624 6301 3831 14133 9214 12917 4979 12472 14032 4358 3205 4514 5466 8236 3753 10443 1300 7023 8129 2001 1908 1192 9388 11998 649 6031 10353 8436 4270 10298 3533 1043 13 10867 3020 4152 12265 5519 4954 13767 4532 3986 15 8629 6287 9408 10807 3689 3824 8929 3412 14201 6930 10946 11756 11694 7075 4663 10253 11937 14104 2565 8669 8033 11539 3949 11641 211 4771 2321 11088 7673 1420 8836 12834 7400 5579 3420 3773 3084 12062 8608 13238 9304 1027 330 2893 492 7530 10608 13889 13044 5860 12530 6993 11147 13800 1428 12907 8029 12855 9186 5315 8447 7384 12304 4209 11941 4456 8651 10463 8401 9562 6594 10157 9110 9297 4798 10913 1299 8196 2417 1100 7187 13284 10981 13529 13271 6852 2997 11464 3341 12218 6744 3184 10769
124 2976 12735 5257 6983 12444 7266 6483 9139 7510 10308 10695 13170 5199 7727 864 12501 9426 810 4415 8877 7215 5280 2457 5953 1545 164 2422 8102 10950 9533 13264 8096 6407 4851 8914 556 348 11625 3884 370 13537 11638 468 7634 6249 2638 14047 13288 1791 6825 12262 11375 11809 5020 5304 1039 10340 6940 1672 8044 5834 13816 10933 2619 10896 12359 1270 13087 13223 2489 193 13112 4487 2948 6565 13294 5147 1759 7191 14120 1379 10365 1494 1648 8638 8581 7101 7286 7657 12073 8742 11292 4407 7840 6417 689 11373 10918 13016 12013 12526 4924 1026 9779 397 2727 4906 763 4528 11436 13402 5296 5696 13960 6052 7357 3866 12724 4210 8479 1300 7081 6418 5803 7265 7573 8893 13255 867 6348 6190 198 2118 454 3304 3757 8542 13774 5146 9966 12327 8645 9962 4850 10316 12713 9336 6201 7742 8512 7156 8455 10511 14192 12940 5411 9858 6366 7450 4526 10529 9924 6244 11511 2646 4872 10422 8424 2738 13864 8999 1614 6921 9735 2081 4448 14189 6874 11310 6092 4885 11639 7358 9210 9938 6368 3359 4572 185 11008 11453 9263 420 1326 3926 8776 7089 6797 4347 789
125 2999 12005 9790 9035 7052 1219 12973 3295 3637 12790 939 6227 1873 11321 361 5751 6600 6888 6875 2563 7902 4301 10521 11413 1562 12995 8057 8431 1927 1400 14171 11277 8587 4358 6206 13939 10446 2102 8114 799 9641 10998 12712 12804 4462 7989 10273 6704 8310 11148 12827 5527 3593 12143 11300 12393 4606 2145 7398 3308 5493 10294 3712 11338 6899 13514 11149 8709 2338 6202 10889 2618 6428 9231 1404 5149 5128 8923 13874 5922 12447 3615 4308 6078 7059 3611 13160 12836 13956 1216 12316 4313 4911 1717 8826 3838 9106 11266 2036 10887 7280 12353 11784 600 12352 3050 7328 8776 4691 1499 6165 5326 13468 13727 12531 13725 3627 7753 9242 9630 12865 8772 12226 3177 10487 4728 4647 8120 1945 13 3030 8104 6801 5505 8197 1402 2335 4196 6061 13895 3907 7115 9824 7544 10974 1754 7344 13162 9157 12196 7540 2265 13324 5360 2743 4562 12982 1501 9825 11339 12327 10072 12668 1045 4659 9858 2612 10705 7651 1493 11609 6555 6212 8594 2964 8837 11900 12026 2729 14077 12153 9037 7591 2640 10933 4082 6109 4422 1564 13615 9196 2307 4236 502 1763 11963 12770 12109 10139 6513
126 1717 13505 6324 5078 2466 11151 13065 7831 4129 12100 12997 2878 13620 1168 1405 12669 12275 1311 4002 9788 5687 5821 1504 4808 6772 3115 3514 11737 2710 12158 12861 10307 5581 985 7141 11187 8292 8143 416 13808 2379 9239 8850 6810 7265 10978 4977 5105 10331 11294 10360 5813 3381 5660 12412 13408 994 6524 2194 11673 190 6519 5393 1498 11959 641 8558 9384 3963 4362 1042 808 9329 8537 4972 7331 12774 529 3848 5762 83 5088 9138 11600 5990 624 9235 4189 6393 5634 4741 2059 3979 2444 10954 436 9789 5979 1026 13307 8899 3537 12486 7808 12416 13477 13334 7615 6387 9770 3517 3735 3311 11854 12850 3393 1960 5842 11117 12677 9448 7582 2857 10629 344 6645 1204 11611 10642 12732 5469 10620 6709 7545 7387 2367 2084 13590 13230 8172 9253 10855 8857 7192 2026 4934 6189 9827 8880 7919 13710 12500 3162 5093 4745 8370 1261 8838 9176 8519 12534 1196 3545 4971 8697 498 10460 12054 6443 9662 13807 8021 8712 13479 14159 14003 7020 6076 4020 12478 11030 9738 11210 3744 4250 5133 7180 11072 13100 12599 5889 8874 1302 7743 9291 10785 3100 9349 315 10151
127 557 8381 13105 13712 7280 4244 12871 3230 13252 14036 7261 14019 2351 6455 4838 7765 6520 4790 13182 13022 4801 6670 391 2258 4382 2795 4252 2910 3438 12361 12574 4900 3964 1813 1678 9861 7996 5669 6660 7864 4000 12802 5138 7151 1886 2658 11470 8058 10276 9588 6876 4215 931 601 5104 14213 11830 6581 6616 2431 4702 2852 10638 6736 11738 10605 7824 10435 5517 8370 8476 5522 4954 11538 5004 897 10684 11727 3826 11348 3925 1216 11915 3216 11341 1080 7608 4486 3461 2956 12366 5985 6471 13585 2270 5234 5196 13447 6536 12710 8109 10134 5150 4864 837 4722 9937 13709 13190 13312 9161 12477 10351 6339 10945 781 8882 1228 9003 2709 6531 822 12229 11824 13985 9340 8219 9260 6739 1028 9472 5105 5790 8331 4027 9518 9912 9461 4308 1146 3841 3289 3814 12097 2551 1077 7047 5090 12264 11054 1765 8989 8512 2691 4619 4305 13988 2714 8621 5736 10467 3488 348 8007 10256 4887 9652 13415 1667 3533 2470 12993 5713 13726 139 13149 7777 4239 10464 10292 551 96 8688 3094 3223 11623 7868 13565 7461 10991 3768 269 13363 499 12981 5291 13526 4936 7015 10466
128 30 5341 3977 8976 6126 11925 9591 5864 10814 12499 8540 335 5702 13709 2818 3788 11982 8573 13494 12157 11148 3335 4785 12716 12853 3855 9903 13591 6303 4201 9501 11354 1379 8604 6070 4350 7886 2678 1217 4529 9588 9062 6616 7040 4276 8845 2814 1397 3624 11103 92 13168 8252 11483 12251 12503 8796 10538 2082 9986 4944 13669 6612 11427 12794 10598 11759 12288 13706 8483 9705 9085 2642 4976 10926 5354 3557 7583 5162 12114 77 3537 9794 1592 3686 9975 106 5485 2200 11862 5666 12424 4840 11370 13503 2008 6224 9015 2502 4373 7828 4123 211 11994 8152 12598 1230 5790 8622 7160 7499 10000 4089 4721 12938 11824 10439 3295 13410 5486 662 13687 8389 13310 8885 2166 13303 12994 8505 11358 50 908 12016 7035 7291 8883 12643 12086 2485 1391 7294 5085 4688 159 2521 7274 4576 11291 347 7151 5586 12848 6062 429 326 4603 782 4828 10545 12219 9164 7439 7246 9824 8098 9380 7938 13847 5727 12205 9475 10110 14212 5185 3394 10129 2988 5598 5209 7225 711 198 5392 4616 10834 6726 11032 13187 2586 6719 4568 11967 10152 2760 10654 12298 5411 4108 1146 6664
129 3090 404 10102 6925 6148 2217 7404 12403 2167 5767 474 201 13181 9276 13745 1856 13083 10572 5324 7625 1919 4524 13892 11171 1127 13759 9201 5402 9939 3147 5194 9144 1111 8587 11877 8497 8156 4104 10821 1864 9751 13845 1256 766 8268 9112 4124 2267 9606 4413 10373 11152 6823 9138 10265 260 2920 5528 5159 10584 2005 12151 7490 2657 12346 1879 2535 405 2861 5100 6354 3773 13438 7283 245 6513 1828 7669 5906 7257 1096 3411 9901 13127 840 4626 624 8089 2836 7215 5112 3211 12007 4759 11078 597 4090 6219 2533 3540 11310 2939 12920 11880 10843 9099 898 9623 786 2465 4278 14093 3461 9294 3105 6734 1161 12275 7531 3732 12615 11581 9780 13198 1123 3055 7624 6928 12220 10213 9848 427 10200 13205 11441 5672 8491 2341 10701 9380 3504 13081 8520 9411 10249 844 3562 9089 6549 13228 7313 10549 1075 11912 13734 12335 12258 3174 10955 13009 124 3950 11907 2813 5486 12556 13494 4644 8845 2971 14200 7079 4595 13823 14047 7766 5921 10436 11525 7483 6492 14161 11481 14100 6185 4047 2055 12982 12645 8599 4746 11724 2346 14090 13339 13762 9460 1773 2159 7542
130 3096 983 4652 9199 3284 7086 1903 14015 5579 366 10134 2492 10330 12101 11434 942 6481 13742 11176 14023 9629 322 13513 13016 1114 6001 3326 5019 5574 3508 9679 1218 8963 12594 13192 3728 1784 6791 3249 12860 724 4446 7623 7603 7891 2843 725 7457 12161 13460 7834 3815 1694 8108 10193 10802 3603 2965 647 11471 7269 1824 13634 4065 6303 7194 12806 1768 3197 12211 13649 12932 3651 6174 7127 5101 1099 3038 5205 4814 2827 5879 2595 10468 11843 768 6880 10741 575 4319 10133 11013 86 2001 9581 8577 5391 12845 3007 9060 5405 12473 7193 9544 10231 9226 7835 13241 2110 10789 11155 7752 12187 10329 13734 1856 10928 12814 11079 1353 8369 5712 9136 10482 13878 7671 10309 1813 9747 11515 6854 8753 5483 6339 275 4032 11725 3645 6716 4070 12573 9186 429 13736 9385 9475 10405 1326 7204 8960 11289 1317 5567 5051 239 13281 9398 8598 2722 6383 3109 12217 12111 7170 7287 8860 13533 3823 740 1755 5253 2645 12419 8352 1666 11483 7346 2396 9750 1131 13686 1245 5188 3481 1807 960 10454 10759 12357 9135 9603 12734 14176 9857 3367 11018 12009 7104 10314 7375
131 3109 11338 3054 7403 5225 12512 10318 961 4740 5440 13363 4940 4337 2276 10567 1705 1431 3711 12554 5812 12943 11603 224 4554 4744 6439 3279 8681 4879 8754 10765 9355 11504 3547 10216 1801 12811 10191 12393 10121 7216 3330 1999 2156 1739 11396 4146 3785 11205 11519 1093 1031 5117 9786 5974 8797 12107 4663 12399 10609 13603 12496 1954 11611 14096 3150 8371 587 8805 4777 13641 3811 12288 1736 2758 2182 8587 10223 5922 12515 3224 11324 12935 13470 13487 1268 8622 11176 6762 9960 10305 9241 10161 2337 3113 8685 9136 6300 7928 12186 4213 9827 8944 11190 14040 3887 690 2694 13273 3601 1280 9002 2018 10166 13046 8208 5178 7496 12622 12869 2006 706 3238 13695 3398 9314 11697 4073 11524 7514 9396 9968 4887 5793 2482 624 2700 8465 7045 5302 11501 5981 10515 2861 5412 11381 29 11886 11835 9452 581 181 10769 12351 9074 3200 1743 11805 2203 6145 5447 13069 3206 11260 11068 11652 3772 1080 10271 6815 2920 5862 5895 14043 10669 8066 6932 9855 5761 6272 6380 14036 3539 12782 816 10426 11361 3813 836 8951 7061 9262 7754 7451 3730 2841 5760 12583 3254 1332
132 133 1760 8406 9017 6090 6306 1942 6280 6266 2486 12753 13835 5126 9734 4283 13499 4127 3322 8650 6768 8579 12175 5819 6452 11215 366 13616 3887 10312 3966 5769 5574 9107 5865 10854 12226 11904 3603 10022 7973 5041 4868 9052 6048 4878 2830 4192 1814 4796 12097 11673 9827 2893 5669 992 6406 5072 5292 2387 4520 14175 10844 13278 12741 3081 4665 7785 11462 483 13537 9835 11054 9038 2594 2703 6717 994 4929 8690 7361 715 4350 10416 5946 14199 5578 8521 11690 11341 4476 13759 1130 12421 9738 4358 7526 8799 12707 2133 10806 6764 6317 8199 11880 12587 9901 4749 7491 5617 3417 5451 1753 3663 8276 2858 1883 2998 8512 1237 1182 80 11471 1432 14045 10032 1885 12237 6469 7111 13590 10247 2468 10511 4570 6094 14134 1100 7914 4661 11403 3247 2760 727 10735 8454 5595 5943 10562 8483 13932 13404 1155 6195 9635 466 6443 2219 10370 4308 3463 4898 5811 11198 2356 12778 4409 10325 2560 12884 332 10802 696 6930 4813 8751 12165 1496 2814 6400 490 11507 6848 11092 9824 5668 7680 4003 1149 7330 6260 551 12420 4413 13382 2984 9176 1121 8203 355 1081
133 3127 1396 3366 12976 4466 4220 12955 11128 9496 385 11391 8927 4205 1364 11538 13358 11625 10876 6711 6519 7914 8196 11234 4385 2740 1563 11986 1030 5093 11099 6289 12535 4683 3495 3451 686 3312 10919 12047 6124 10803 3630 7332 13653 13111 7370 5405 4658 12251 804 3788 9075 3953 7390 6116 8628 2792 13891 11071 2109 8340 13474 3464 11571 4996 493 6853 7314 13484 9089 2005 4428 4247 13488 1602 6990 4911 10039 405 12765 12590 8925 9897 475 2319 8024 13263 1767 12443 12922 8015 9960 8751 6728 2012 8488 9311 7499 1463 928 5033 10163 3429 11442 9850 6216 10848 1680 8802 8510 6646 7149 9784 9515 8912 14208 5120 14 6321 12556 5170 5354 11028 491 91 9406 10653 1733 11007 10087 12701 2974 8152 9221 11372 11585 4942 6617 10602 13570 4753 2602 1560 13291 4965 12423 1223 4138 5511 11460 5910 4188 3250 9332 13400 7948 1070 9117 3109 8445 10904 2574 13170 8534 547 2501 9536 12188 13376 1417 1881 5981 11621 9619 11149 13809 11540 11963 3046 13936 9404 13133 14196 5195 1915 12607 9812 9986 12987 12304 13199 5942 12936 5092 10612 9952 7785 6088 4469 2228
134 3139 2782 2742 1934 7450 8931 8961 6342 6214 5342 4032 505 3664 4530 13280 7181 9700 1345 8299 7686 8157 1829 11414 11456 5285 2023 7720 13588 10764 2115 6292 8495 7315 5363 3163 12996 9578 7733 7326 10470 12188 2800 1641 1101 2496 11524 5294 10012 3236 8586 5537 4302 8328 4067 13963 8849 9331 9180 12686 13922 10794 10503 954 12299 13715 8998 5040 2672 13420 14047 3190 1508 2527 10223 5822 5787 5050 853 13941 3725 2797 408 9141 14015 8331 3745 8284 5282 5221 12252 5255 10735 13193 7794 8539 1494 5785 6448 8510 8963 13201 11673 13712 3226 337 10846 13229 13104 10165 4203 5639 5974 12293 11105 9818 11888 2646 4470 2362 13015 9881 12961 2502 7574 14102 8016 7301 11346 12149 7088 2157 8783 7813 2130 5491 8311 4271 10169 7703 9759 3798 9800 7549 10197 9602 625 544 7802 7458 4606 1445 7485 9599 7113 10603 6281 7608 7674 3830 6599 13008 10154 2924 13930 5456 4831 12057 4951 586 2398 6953 5051 11083 6328 12820 14025 318 5196 12853 2940 1179 4972 311 6582 32 9949 751 3870 5808 630 1480 1027 12346 2968 6089 12000 6389 12799 9090 8134
135 352 10031 6246 6734 2911 5959 2816 5909 5055 11949 9318 9171 9769 203 6579 10570 4114 7722 12033 2228 4519 9934 12404 8082 12397 6341 2018 10912 12204 6696 9994 9829 4590 1102 9711 13978 4237 1429 4846 3419 9389 11960 4411 8710 8622 7587 7801 11729 7426 8286 4555 8811 4563 4515 6680 11365 13287 7737 1404 5312 14009 13058 5864 6971 3976 6909 3030 2937 3739 9703 10744 8174 5174 3236 3077 12670 2231 10667 9512 938 3190 5305 4945 2749 6242 10849 10250 11811 13216 9039 10062 3646 12905 56 5686 7682 11389 4760 4557 3439 4607 10206 6522 9547 6466 11769 1237 8960 10973 11224 7536 12734 6784 4554 8548 5140 9402 10790 1299 1459 11746 214 2765 8159 2005 560 12642 7720 1728 6286 12429 7383 9522 9599 13076 2050 5032 2969 6739 7344 1586 13578 12456 9761 201 11818 1018 4753 13291 9551 10643 1347 5041 2984 13960 9177 1185 3363 7895 9546 6123 2281 2037 4440 8772 2682 6606 6640 12061 12365 3632 2964 9240 1010 1829 12926 4668 13120 9063 1136 1849 11662 11654 9361 7229 10302 1526 5096 6701 1296 12313 3443 14015 10303 7 7396 4107 1747 6440 5209
136 3177 11138 2839 9717 12643 14101 6772 10121 4530 983 11730 1396 465 11479 2633 14181 13973 4003 7566 8614 9688 12372 5312 6263 13759 8250 5854 12300 3237 11394 7660 11306 9598 10418 1442 7884 4717 5020 1910 9577 6089 2223 12909 109 847 4238 12756 11390 4555 13396 11110 7134 13842 4478 9799 4115 13680 8853 2670 13346 1149 9255 6791 5110 11132 11734 2561 7507 6056 2930 13839 2091 11391 3444 6399 4533 972 1929 12546 4918 10862 13006 4729 11093 836 7878 10402 11303 10757 11926 2507 6594 5680 5045 3554 6010 8448 8354 7723 179 1855 4316 1530 7093 13884 7019 14152 2212 5052 4016 10081 3465 12601 5866 1658 6593 7877 8807 7052 11245 8675 7302 4794 11623 12104 11266 2442 8293 11300 4856 5996 4992 4762 5556 5497 3939 7966 1086 6618 143 1043 14037 3095 1768 8137 12303 4066 1603 4694 381 7131 6629 12364 655 4600 4909 2979 3926 10041 10658 10876 8640 4226 9410 13385 6020 5436 736 10762 4360 360 1398 652 12272 232 2275 10690 4384 2038 3128 6706 6842 5029 8478 4270 14063 389 1297 13235 6678 11826 13569 4528 11441 10848 9997 13596 10463 766 962
137 109 13758 8013 6573 5919 2974 13831 12507 4905 10778 9927 8387 10265 1694 8198 1426 13509 14028 6866 6193 9868 12698 7471 10516 1957 3369 12310 4790 8336 4284 5004 5998 2618 2990 10150 844 12027 13014 12961 8238 6086 8114 12584 1575 9978 9727 6356 12659 13323 4309 8034 5764 391 7247 923 4922 135 11783 13023 4348 7128 7358 14046 9061 9278 6592 10015 8119 2071 523 5587 7148 11537 745 873 4323 7976 4714 4877 13665 13997 4660 2243 10107 2346 11738 13492 6480 2988 8185 11366 8867 4311 5324 9054 7775 11442 4018 1220 5660 10496 23 11641 9511 1193 8858 8501 8455 6408 9254 4797 8063 13879 13524 10655 2412 5352 589 5971 8844 8604 8012 9331 10007 2866 2558 2221 1161 12091 10229 898 5734 5555 13856 2372 9581 6358 6337 12736 3410 10668 5399 10656 8595 2086 9405 248 13412 12403 8499 2955 4781 357 8843 3860 4371 8546 333 4742 2705 2148 6945 7472 10021 13536 8481 8486 10155 3887 8379 2699 1476 13466 5368 2104 1136 3598 6127 8076 7605 8348 11242 8418 3649 8224 10322 2707 3705 2106 10158 3744 5052 4870 14049 583 13906 9094 7816 10139 4180
138 2271 6567 6035 9745 5339 3150 8648 12647 4834 5198 7218 3745 7105 11648 10554 13635 5240 1433 6846 15 6894 2868 94 12148 4131 5899 8999 5362 7494 6716 9768 12721 5003 4488 13284 6888 324 6413 9265 7879 8801 13526 11248 9395 9270 13425 8088 7085 6664 13229 8977 942 4507 14197 8328 12742 4574 12928 2981 1682 882 2701 7681 6100 2453 2492 10393 2846 8877 3995 7305 12434 5702 4776 2262 3233 4341 191 13003 11166 2885 12239 11892 1124 8736 6781 12167 3875 10278 5090 4408 13255 9267 6168 3548 5069 8908 8209 5251 5093 9681 5242 10664 1550 2784 7545 10455 5584 3266 11011 427 559 2340 5467 4539 10926 7965 13132 9302 9354 603 5091 14128 1478 926 2806 2258 2642 13090 13634 10889 12593 4287 12417 11328 14161 1584 9284 2884 13843 1323 631 6368 7308 10749 9955 6909 3413 6988 2025 8392 202 11467 494 1456 11492 9742 12342 4428 9804 12002 5981 12118 6484 6456 9916 9663 13942 2875 11659 7147 11579 5549 13496 10153 3155 78 3849 8019 2889 8286 2714 8528 1052 1932 10262 13088 6987 11970 7947 13411 511 1003 10260 11073 2709 5779 8938 7601 12260
139 3253 4169 3611 13466 8904 601 12199 10529 12746 6584 10015 796 13866 4978 9017 7991 1019 13771 13285 11104 7998 12225 722 13204 2060 3533 9281 5352 4022 2395 2248 2559 10038 2690 2280 11937 13148 12536 3224 11178 10561 10628 7587 2945 2455 179 7660 11971 974 7745 8759 6448 7193 12019 6041 10183 1938 6592 69 6081 9980 817 11264 889 13660 6279 11862 13847 13059 10176 4514 8312 7504 13602 10041 12674 2043 7036 2890 13751 9709 9931 11261 3668 3524 6009 7549 8587 9157 5751 2150 2817 4317 7172 2827 6072 13554 7749 7395 13621 9796 647 12829 3890 4172 1957 6372 10555 5194 5181 4646 9359 4445 10803 13862 86 5045 4230 2414 1309 2995 12575 2126 10266 7576 9110 6335 9490 6850 6013 2218 3390 10874 9945 1986 10686 2315 13841 2822 5627 1250 5470 1237 4697 5816 1782 5866 13972 12945 9552 5578 11169 2229 10678 4336 11744 1209 10690 10748 9229 3183 13536 4747 14101 4055 9617 13263 10240 6437 12564 10918 4430 4103 1220 4024 9963 11526 12803 12755 8123 5984 11059 5277 10705 10119 1364 9547 4617 1819 11963 2756 13737 8559 2239 1496 3940 11625 5517 6967 8356
140 3267 3472 2958 6285 11975 1950 6013 10928 13960 7093 1870 4159 10674 2701 918 11685 9480 11915 2532 11668 300 4707 4221 13145 12791 2341 10532 1266 1502 7052 11447 617 9569 11906 2132 587 4130 13151 6264 7561 4604 11018 991 1088 10595 13460 12972 2536 6514 7198 5563 13784 5300 4552 8986 3241 613 3588 13325 767 8228 9493 13076 8378 5681 7507 12347 9979 8081 1192 2824 1225 7891 8653 12702 2271 280 4576 7427 7900 12799 80 7776 887 5263 4751 10544 12606 879 12752 11870 8494 9440 7747 13260 4171 8871 8982 10956 4086 2645 5313 11083 8560 7602 6426 819 5030 4637 3106 3807 11539 2487 10445 12245 8459 6331 3803 13813 8580 12080 7185 8625 9237 775 4226 6843 7165 10800 10341 424 6523 7447 11085 10803 12981 7921 13979 12879 5906 660 12502 8123 7205 13334 6539 8644 7354 10891 4051 265 1224 3019 889 4199 8997 5581 14186 5802 1494 6837 12238 3612 3876 9468 9496 9079 630 12144 2955 8163 4144 7246 13864 2299 1633 2895 3722 2263 11315 9456 7149 10933 504 5141 4938 9485 9796 14119 7082 10927 68 4022 7276 10701 13189 1074 6115 2577 8763
141 2713 5863 1398 7801 6490 1667 8693 11102 11614 8577 4681 7345 12025 5896 11647 949 13138 9146 10092 1704 5813 4991 12097 1263 10654 5499 1063 2487 2461 7765 778 11969 514 10165 2246 6408 5302 5349 3370 5949 11898 8655 10136 8785 4472 2612 8750 11250 5158 8741 12619 2199 8317 5154 4454 11704 4157 10391 2357 5156 3956 1354 3035 7591 2019 3352 9048 812 8543 3817 2558 12732 1200 3481 5553 8615 7790 5552 1727 1604 11428 4340 8960 10489 11813 6291 12131 3552 1312 5061 13212 6320 1977 4137 3633 136 13675 12309 13977 3303 3537 5178 2022 14164 3440 6724 11186 4948 1621 3591 8423 13382 11037 9027 6951 1801 1297 8694 13708 11697 10316 7297 1672 1187 8436 7585 4083 10529 10705 5372 6469 10129 3592 3726 6138 6327 8634 2894 566 6027 1246 6010 12045 11669 8348 10893 6627 13645 12979 11101 729 9014 4767 2300 11678 11690 1994 11401 3886 6414 10474 10929 303 12228 2744 4451 7839 6431 11695 13174 2258 2337 5558 6400 2440 11733 7037 12060 1427 8448 10299 12590 6 9870 11188 5084 8884 9420 2761 9564 1544 3413 4554 784 11113 13749 13931 13430 2206 1480
142 1512 2438 3452 7341 13128 12111 13918 2675 12970 2735 9911 8755 11770 9976 10901 1154 12736 7871 614 7911 9847 3998 7763 5498 10516 6755 13254 4244 6797 2151 10202 1926 2969 4929 10206 2079 10475 11288 13754 4701 13475 8632 11106 2245 12602 2787 8921 9777 9955 1377 5264 7013 6246 13791 5257 8113 8037 12538 9714 14002 11509 13355 7640 10479 8827 9788 3443 2923 9179 13542 13944 11487 14028 1600 5288 3746 9662 7865 10797 10374 11153 1004 3252 4461 11907 11410 2251 13684 10058 1595 4158 13202 5880 12040 12498 5050 11497 6994 3621 5186 3719 7986 9685 6598 11069 8326 1416 12190 11778 10745 6601 4036 5315 867 263 2184 5499 6775 5110 10765 1839 2189 11566 8943 1645 9105 11107 6247 7121 13227 14096 557 12482 4003 9435 2685 10445 10662 7908 12440 4447 4999 1683 6577 8819 7074 5736 12967 13333 11750 2872 6780 14054 6986 12855 271 1775 2587 1551 10804 11998 8043 13175 1100 6395 11935 7746 6517 1565 5365 6006 9938 2118 3152 13065 12074 6177 12956 10674 2913 12081 10404 617 10003 9087 8601 1997 1730 5948 13200 2179 2551 1441 4773 6944 11111 7812 2819 3313 5821
143 3305 13567 5424 13121 11151 8677 582 12873 2391 10212 13202 8055 9502 11745 9797 9532 185 11299 2239 12382 7121 13923 5139 568 2725 4157 6369 12614 761 2528 11664 13604 10348 6064 9829 3545 4529 1097 13157 9051 12020 5574 10818 11557 875 5826 331 892 2609 6054 8087 2606 14025 11393 5059 7884 6099 4528 1035 10691 7767 5280 6366 13181 143 4859 9656 11183 2014 137 5811 1926 4488 6520 1366 6457 1256 13144 7117 3221 5090 2492 13475 7411 3419 11447 7748 7365 8009 11362 7855 13693 5233 1719 14000 4217 5927 7444 8068 14107 4160 5004 7983 8242 13909 4314 14166 11842 2665 2847 2145 7609 6175 10831 1803 6079 3107 3199 6735 6211 8461 5975 14074 7018 4655 12671 1649 7028 12742 13502 2616 2527 2087 1710 7885 7094 3406 109 14067 9711 8273 8964 9283 7247 2447 7708 125 11139 13493 9453 4837 7568 543 12268 10725 868 8100 9559 11629 11702 2688 10048 145 3750 8619 8509 12228 10043 9886 10215 6181 12445 1301 390 11678 12310 3554 12478 6842 3036 1568 11869 8744 7770 2289 3880 1483 7898 8570 13891 8079 944 13492 12251 7564 4951 7755 3980 8103 6059
144 3343 2115 2762 11239 1163 503 11060 10768 10801 10359 8000 13052 10471 8018 8029 819 5444 4977 14120 5921 6053 163 1697 2105 8418 8448 11603 13004 10283 2349 10489 5811 11911 8471 1376 13813 12624 5340 8415 3335 2413 7713 9781 11302 12615 12352 11129 8999 4142 4147 4642 13468 8798 8274 2866 3857 2665 5417 5255 13983 5441 1073 5881 1061 2484 781 10383 9880 12344 1153 2502 12922 13878 9451 27 2260 7426 12665 2202 3901 1385 1899 11778 6631 8394 3210 5711 6398 3613 4411 12519 8847 7005 2092 1110 9184 9501 8662 13649 1419 10563 10594 3596 3714 5569 10549 1603 5697 11486 10372 11577 1215 12501 7177 13603 13438 7155 13472 11314 13334 22 1619 13882 1614 11327 6290 3521 9814 9475 1427 5884 14146 544 505 14144 4531 2675 4375 1972 4978 12318 12399 3443 4091 5656 1023 3534 10641 10585 6990 2016 8430 737 4526 7806 2862 7129 11800 8851 145 3485 3595 664 11083 6674 10410 11527 11005 6002 3931 10973 1894 4266 5819 2852 4685 6323 9650 7825 9183 10431 10401 2634 1266 36 14085 7640 12383 12233 3437 8193 13760 422 9181 13363 1691 12355 10347 8358 13872
145 3380 12060 1503 560 5862 12237 11848 7744 5160 5184 13102 7455 13872 13613 4299 1668 10901 9066 4988 5575 11328 9848 3571 3220 6772 2096 9914 3534 10198 108 11813 3145 841 6196 5168 11301 10072 3343 7380 13304 9858 7536 3892 6495 5207 2766 5201 13187 5318 11469 13019 4810 13415 2523 13582 844 10516 8714 6664 56 10088 4487 12136 2234 1657 427 8378 10814 13442 4903 9529 13028 2443 13672 9168 12318 10919 9158 8291 4182 2214 872 13679 8732 6356 78 4416 10738 13489 12660 11668 10846 8176 11681 3492 6603 4105 8716 5282 1240 3288 11216 7215 1206 6174 9906 2538 3014 139 381 5235 12151 463 7076 9668 6319 8501 10377 8833 6135 6888 10631 242 3884 4703 1212 9559 1915 1935 273 3902 5473 13338 14137 1981 7458 801 13438 13405 6844 5834 10669 4831 11050 6045 1600 7483 557 2044 13926 5487 414 6875 8734 12545 1046 4974 7977 10001 4127 1288 10703 7287 5742 2942 13345 407 5105 2197 5257 3748 3925 12818 9270 11450 5508 2666 12072 11108 4879 5381 6265 4561 5750 5323 12118 1548 8614 8569 4208 2561 14205 877 6542 1422 6845 2748 1197 4924 2270
146 3 11191 10061 10436 6823 10419 939 13866 7002 5006 5326 11779 193 10235 10509 12446 10948 8634 10265 645 11623 14184 5064 10921 1331 4317 4251 1571 5050 11079 10864 13592 1166 3519 13145 2073 1174 5759 10617 10793 12997 7892 2434 8174 1279 14143 8011 3007 8274 3421 4593 10584 8282 12561 12282 8059 14172 89 2764 5042 3896 266 7083 13138 5054 7780 3320 152 10015 14044 118 6979 11740 3554 7511 13003 10592 11270 4061 1071 13496 11129 10031 2142 11004 9575 3803 12162 7691 6455 13805 14021 8598 4802 9726 8854 2964 6226 8891 13909 864 6615 7533 13188 85 6004 9831 1284 7681 9279 1692 9664 11979 2823 2680 11 9944 7013 10780 516 5045 7250 4002 2296 4430 86 6315 353 360 5339 292 12884 11405 1083 1366 7861 11295 3024 47 27 13547 12678 2009 1258 5018 3202 8688 7269 12976 2759 6859 3444 11279 11337 8476 2304 13946 7594 4518 2707 10098 10781 13809 13043 11721 12380 9617 8707 8458 13220 7390 1845 6156 1406 446 8753 2407 1112 882 9894 13846 8015 5638 13897 4123 13423 9330 11032 10685 10671 11207 2016 13167 6418 1611 12473 1914 10245 9674 444
147 494 13636 12119 976 13546 7623 8469 2959 2481 2855 1830 12657 3754 12593 6935 3013 3330 4110 7535 7299 1573 2754 729 6538 8371 2265 5054 6682 1122 10070 12 11593 2773 3968 1598 880 6909 3793 13472 2888 5422 6711 13973 2380 7699 4553 1646 3999 10769 11125 2260 8664 6680 11981 6812 11621 13224 13699 1050 9615 4029 9134 8244 9979 10705 6624 1885 8651 6530 14153 13297 6656 11852 6287 10660 4911 11113 2917 11253 6631 4641 2110 6078 3192 9873 481 9543 114 6690 11879 2673 677 10389 997 9559 2775 9843 2774 4478 1118 6173 6894 11570 2798 8152 7570 4988 10201 5389 11079 9268 2830 1324 5485 11455 12248 12742 14061 29 6360 9487 11999 1948 13493 12578 11636 11596 4864 109 2405 3462 13805 9846 11031 7993 4835 9942 4661 13270 11333 6350 1756 2872 842 2319 230 6549 13809 5520 8316 6118 1036 3614 12182 8096 12959 8286 3072 12554 2223 5339 1842 7905 2085 1436 12770 3568 10061 7719 2550 7324 2520 4196 327 679 885 1583 9929 3427 4269 10943 9032 10685 8941 11344 7855 10989 2046 9944 8837 8146 9943 11698 4878 6821 3481 5206 1041 434 3458
148 69 9419 14136 13461 11794 13089 2450 1104 12065 2244 8910 14014 340 13149 12482 4343 13339 5553 7399 11972 7664 7081 13481 4232 1270 9245 4380 3926 2929 5703 2701 9737 1132 4622 9760 12192 3990 2465 6976 8579 5179 9461 13880 1495 10905 10350 2991 10262 7759 4999 4912 4549 487 5112 2663 6515 2743 16 8068 11344 2360 7298 7708 5631 8106 640 12356 7524 2762 2803 6400 13077 4168 10124 3504 4356 12653 10474 6902 2436 28 4524 9180 3244 10487 10911 10226 3358 5195 309 2941 12598 13852 1059 13601 7512 3801 4056 13433 5680 1773 7914 11610 3036 4182 1614 5945 3785 3912 6827 4541 664 4390 12084 12524 7884 4646 669 1001 11199 2845 5210 11626 9868 7252 219 9688 10375 7668 14171 7698 3040 4890 4572 1317 11279 5931 3544 849 7553 10025 7133 7834 13322 1620 4059 8392 2881 4080 9354 2259 2286 10373 1885 2933 3796 12608 9833 9950 5442 4263 11739 11470 1819 4546 6372 4913 1282 2930 2120 3606 10864 7092 2687 11936 8683 5688 1440 1070 3161 715 9521 10018 8527 2340 6029 9064 8674 11499 11930 8926 6681 5799 10048 12811 13827 7772 4337 6756 9456
149 851 8129 13290 11284 13397 1966 2668 12703 2867 11305 9723 4320 8128 8355 2845 13490 10640 7750 3493 13893 12419 309 9780 10702 12333 2018 1907 2610 9784 765 11413 1363 8498 13325 1786 12212 5613 10731 9887 67 7311 160 899 5280 6326 10117 4718 10961 9047 3707 6646 12409 2415 13318 6449 10335 297 1557 870 12795 2250 4772 5370 11689 12572 2066 2651 10964 13276 7322 8116 12893 10282 13671 823 10243 9389 1679 8710 10274 10318 8873 7748 6493 6092 4292 8164 10514 7790 10314 4795 6337 1605 6511 6844 7950 10838 5865 7771 2595 6656 2862 11580 1918 7763 4081 11399 4825 5382 4463 12500 10689 1638 12972 10471 5013 8783 10525 5881 12825 4909 11254 4256 6136 7720 7291 5225 7637 6110 399 5227 871 3407 2959 1013 3541 5217 2735 5763 4468 4661 546 13700 7068 1357 3406 3830 8541 10617 3894 2342 6234 13274 8388 2546 14005 13032 12535 2975 8926 6491 7398 4878 11517 7494 13623 5993 13233 10204 9085 13522 11298 291 8033 4096 13163 13809 13753 3575 10896 10453 11279 9670 11359 10999 2859 1859 1509 10450 10387 63 9075 10919 14018 7740 7089 10531 4444 9713 11946
150 58 10070 11072 1793 12685 6008 5383 1289 12694 5495 10365 2709 11828 11319 8929 4528 8062 10236 14113 1363 5997 4764 10340 5572 10604 11472 5955 6325 502 6357 12094 10374 11005 10853 9738 10833 5174 3124 26 13500 13661 9833 10337 4865 2341 4043 7823 13399 11567 8724 7796 6234 11546 8009 2468 7644 12843 9016 12549 10959 10744 13035 703 2506 11123 11625 3021 4919 5355 4 9946 6088 2202 7280 7918 13437 14216 6813 11202 7753 5375 8356 5724 12656 14073 10977 6544 2266 6107 11260 12419 11471 9597 5870 5233 722 2862 6585 8875 4639 7640 13547 12908 3645 13816 2961 46 1779 12485 5474 9304 8292 12890 5954 1649 3698 13673 684 12977 491 2383 11985 3933 3688 6965 8314 13350 6635 12850 6753 73 10496 9763 874 8728 7761 85 10834 13374 3638 106 5442 6873 10866 904 10017 12826 130 4429 1484 2914 581 9783 4041 12021 14166 345 5842 11209 14168 8662 5158 244 2959 4147 8950 12576 282 2640 4841 1640 2319 7856 3170 12735 3514 7182 3401 2503 3804 12469 7890 4127 10435 12991 6144 11934 1178 12585 1281 11813 5139 6917 111 1665 4086 8365 5483 4187 6558
151 3482 14010 6780 6555 5000 11845 10142 3989 10592 13095 13763 2867 1857 3697 7431 2566 4456 2694 6250 1945 5482 3327 7986 1745 1887 1975 8076 11093 7205 9486 6673 1539 9455 7742 1950 1713 3010 6285 12183 1157 12349 12336 13533 2654 1885 10285 6548 7218 3922 1149 4127 4148 10395 9465 4422 2634 5877 7465 3458 5978 7261 4843 7434 4197 13176 4755 4299 3528 1464 7804 162 12936 3785 4946 10604 4745 4079 13317 10892 6561 8801 9336 5045 8653 10936 3194 94 10246 5520 2768 3405 6960 930 5378 8683 9866 5106 10040 5082 2956 242 12880 10694 5958 6130 9479 5488 14133 3365 1774 12447 5290 2249 2772 12253 310 7399 13303 1764 7540 8481 5347 11936 13732 14126 3541 13053 83 12152 11503 5269 6644 11833 5179 6142 965 1467 5646 5925 3075 1201 9915 8015 6372 4919 9969 10898 1316 5852 3433 11586 201 9129 11415 823 2505 1569 5116 8219 3254 13958 8452 10198 4784 13775 10706 2413 9576 2437 5258 6873 10168 9558 11565 4751 8093 5299 1392 2253 11150 3331 8850 12921 13780 13351 5748 9735 2008 14149 13691 2984 6724 2905 2357 4621 4176 11467 9143 8010 8329
152 3492 8950 2594 10885 12621 1733 7661 3747 13206 2269 5294 1133 12000 7806 9160 4506 4055 1166 12181 2818 8885 10012 760 7187 8838 4442 12257 1117 5991 5121 8430 10370 11043 12157 1545 13249 548 622 13745 4899 10536 13936 6799 10434 8366 13785 4103 7000 7114 13605 6782 10032 12521 14132 5665 1265 9364 4387 1253 5335 13918 5513 2915 12783 4180 1231 3123 5846 7922 573 3289 12471 6188 10677 3604 13766 3113 7864 422 4262 12085 4774 1611 13331 2059 7669 8639 4293 8917 1878 8089 8961 11322 13005 11701 1480 2667 368 12964 13839 7609 4216 5584 6508 1977 4071 9189 5487 171 7729 2034 6589 13027 14050 10965 1722 4570 3553 14008 8945 2098 10727 12567 6662 9261 11919 12018 7172 3872 13410 1182 3470 2296 7221 4981 10816 7405 2127 12626 8943 6063 11356 5392 1096 4734 249 6030 10709 8510 1326 13551 6586 9972 9421 6368 5285 8973 11382 12920 10667 10922 4851 13706 1828 1834 13652 2504 14181 2148 7370 11196 14086 1576 5258 8828 13047 11233 13747 4685 4581 6113 11187 5628 10023 6895 12478 7349 1277 4837 11903 5858 10044 6401 24 8549 152 4004 1040 10838 10240
153 328 11420 9373 13606 9225 9436 11249 12203 4245 8793 8948 1456 7569 13962 13042 6730 10501 6981 12601 5783 7676 2263 11100 261 11739 13408 3842 2897 6942 11707 11532 9273 1623 2266 12450 13271 8586 13887 11034 8488 5750 6753 4083 1160 12791 2703 7215 1863 6984 12848 13555 734 2411 5644 4510 7939 11299 2486 13773 11254 7318 9157 4037 354 12543 6954 6619 1995 12518 11400 11719 642 10466 6339 4594 8158 4808 4118 6718 7260 7420 2676 5977 13716 6567 11833 9798 8352 8194 5883 3171 10244 9818 2929 3667 424 7421 3996 400 9210 2763 7916 4327 10750 1491 2559 3543 9192 13866 7140 1845 5703 7978 13266 2038 9885 12660 11820 8415 9835 2524 10089 13892 1508 10067 3355 4869 4586 2756 2892 12295 14124 7877 12423 996 9125 12854 8878 13639 10709 956 2527 8902 4765 5059 12651 5961 12770 3952 11526 12523 10070 10998 9674 12988 7049 7370 13142 10355 7099 5033 11306 1156 8839 8579 9542 10516 2360 10083 13290 8327 7636 11906 14003 4506 2438 8585 7319 6702 13708 7849 3447 8206 11038 4392 11182 1615 2689 4831 11090 2452 12850 9977 8460 5650 8910 3001 12708 3821 2380
154 607 4491 1451 1963 685 10967 13688 1920 10315 9553 12705 6330 8714 2370 9937 2498 4565 5908 2299 8548 2086 7007 11723 1590 7603 10369 4732 2833 1154 6015 4156 13864 9802 5209 2858 3626 11959 11986 8001 8340 10849 8575 4750 9516 1435 8122 14036 1477 216 11490 11103 12776 5900 9675 264 3404 10856 11303 12443 150 8106 12256 1799 12070 4374 9581 12694 8245 10746 10955 2296 2448 2877 5108 12701 503 10631 580 3357 4476 3595 13945 10766 3488 3009 14134 3701 11528 5899 9510 13501 11112 10556 2061 10938 7839 2501 10001 3472 11889 7527 5773 3908 10431 9672 4945 8351 9276 6901 6623 6873 7937 3072 7101 4601 10690 12352 11710 5787 5621 2955 112 6597 8783 1421 9433 2871 5521 886 375 10467 8710 12716 357 11409 73 12076 9736 2106 11158 5530 8405 3329 5513 4779 2775 9907 11208 7670 1865 12507 7466 1676 1666 6705 5696 13084 1730 8179 6089 9144 7200 9531 5428 5345 10840 7726 13081 6958 5605 7219 6681 5285 9659 6925 6463 4146 12514 11024 2605 1050 7868 4430 5146 7530 18 10531 2668 560 3920 6051 6976 82 13056 4475 7083 8801 1234 4744 1786
155 3516 6069 3904 13032 11019 9433 2720 478 8529 13832 7496 7035 713 5200 13379 5840 11575 1027 14199 7281 3076 3336 4590 1316 5500 10987 8381 11005 9082 6493 7973 8142 10219 97 12555 2841 10003 2183 10683 5679 10902 4437 1490 10481 9837 8266 2460 8010 14178 10934 10496 7338 2349 4514 2796 11247 1636 5408 702 8002 3589 5953 3020 13091 8897 2086 10070 10244 11671 4868 12391 12646 9380 8346 11066 9939 110 9450 9262 13472 9208 13446 10078 7783 7634 3290 71 6853 6206 3831 13645 1015 12320 2991 696 11812 7159 1241 4365 13622 10949 11018 9478 8114 5710 10039 7320 11413 1486 13369 5806 4752 2369 11436 5218 13311 2307 8437 3639 10422 12387 2730 7906 7957 1878 1175 7119 12 8293 6358 9636 10700 9221 7298 12671 10445 11736 9959 13099 2811 12749 8026 10576 1713 3986 13686 8277 14077 835 775 3229 4300 12637 2673 5285 6286 1379 13024 2114 11607 9506 5478 1891 11093 11864 7006 5685 12669 8745 10890 2767 5424 10552 9905 7111 8915 7199 5339 1264 12141 4968 8721 55 10943 6226 13289 13410 12221 1298 525 5829 11835 954 8315 11095 13652 10289 542 9882 13925
156 3521 6452 6404 367 9192 12295 12405 7717 5728 2258 14131 9756 9877 5258 3062 8949 4557 11388 12750 4414 8719 4350 475 12758 1834 9517 3003 12204 3415 8898 10231 13936 659 10049 1841 6528 337 6699 12792 4708 1380 13290 9880 10953 10225 10284 1210 9248 1936 7723 12670 3788 4309 3818 11518 7763 7927 11556 8152 11476 8487 5664 14012 9841 10986 13786 11738 12104 1657 123 9471 314 7784 10827 6823 7100 13598 4369 2721 6737 3997 9486 3569 9315 3536 516 8966 2612 10952 7573 9232 3646 5760 3472 6193 5031 2785 1863 11632 3937 540 6401 2953 11140 470 4005 7895 1654 11464 3954 4041 5449 12907 13171 917 13976 11294 913 11402 10562 9050 11742 6097 851 7655 10685 787 6693 5036 3564 6119 2898 46 13910 1068 3875 1348 6348 2834 2860 4673 3593 2195 8153 9153 10219 12879 979 12943 409 3355 11330 8925 8196 5132 3421 10153 1382 11921 8711 292 333 304 11280 8071 13717 8624 6783 4325 7987 13133 3261 9646 6713 763 6124 1285 4380 2512 13578 7624 3574 2565 1403 4624 7531 5531 9 5494 2270 12058 8157 5716 12033 9835 4738 186 3495 6123 8533
157 767 4307 8362 13743 12967 1112 10708 11248 13415 2329 6684 9320 12234 4391 2405 509 5288 9901 7430 10395 12354 387 5047 11179 11462 7236 6271 9613 10326 1296 6506 6904 8365 4404 7192 5653 14029 12488 12447 6267 10107 3116 9248 5698 6299 13379 8045 14214 9860 67 4039 9699 4409 14150 2886 10069 6317 2703 13596 7033 24 863 2095 12230 2779 2636 8982 4631 6510 1559 12725 12862 13348 1943 8148 3834 9575 10430 8143 10015 1383 6776 11505 161 904 7242 9949 9555 12058 6505 8473 12308 6191 13189 8877 7471 7383 3463 814 9640 11104 12655 3750 4075 7598 3222 6085 4334 12452 13737 11929 10314 7393 6985 13460 12385 5762 9563 10761 1287 13265 3196 6959 4067 4237 7214 13519 10585 4048 278 5518 9333 13672 13717 4380 7270 734 12891 6795 10793 10980 6189 2831 64 3139 448 11824 12969 10347 1780 11826 13497 2586 9463 10370 4971 4298 12551 9468 8088 6001 2997 368 11184 1199 12537 1816 3742 8455 7731 10999 5284 4758 2232 10369 9850 1593 7915 4779 990 7697 1238 13404 10494 3062 2662 9479 5735 262 8535 3723 426 11684 2713 11920 6248 9599 6349 11759 2904
158 64 7056 2112 13875 10350 11479 12447 6516 10974 11997 10781 9833 8577 1806 2001 483 11025 2008 2949 9952 10122 4575 11431 13055 5882 10816 13084 12079 6171 9866 8184 7006 11518 73 7188 10316 11709 2135 9233 2435 3650 6077 2304 11983 5441 13429 1267 10102 12941 3508 1468 1816 3061 5719 355 12481 2905 13368 9722 8637 1939 4202 2174 10905 2577 9304 4006 1102 12463 2054 8811 10560 3261 8941 11303 11484 10984 6549 10307 5898 12318 9 9160 279 4998 121 6731 9831 13176 6233 5743 8758 1273 1887 3183 7842 2852 6636 1998 5892 8640 2740 129 1763 4107 12285 11863 7575 604 11670 5912 12996 976 12361 6163 6288 59 5340 1663 80 6871 1805 9350 4035 9240 211 10006 9892 4851 5187 5884 12302 8715 2418 10592 2039 764 3577 11627 2132 2248 13730 9817 10955 2410 4011 2016 6448 7768 5173 6004 11842 11777 8133 7763 2291 12668 1550 4920 8887 3402 4060 5445 7192 12519 11419 2666 11120 3718 7562 6296 1065 12749 6685 2951 5174 1792 3626 7938 9601 7173 7691 8073 3907 5144 4747 4315 13770 13432 4957 1769 7458 2055 13522 7783 532 2173 4089 542 2489
159 3111 9077 11226 5692 5983 7993 4666 5307 1795 4627 2270 10425 11349 3889 10820 12924 4424 10660 8322 5967 2748 10072 9831 4284 11472 11751 7578 2749 12369 7943 8632 11067 3303 2 5877 5063 11637 11991 12644 2616 6119 11476 9396 8732 2884 10455 7440 7454 3034 7316 9785 8761 7148 12883 334 12925 3082 8075 7659 1127 10138 5466 13614 6763 3040 9516 13046 2930 12878 14173 11245 11702 11491 12998 8460 3699 10409 6646 2827 6867 7788 13233 10183 5997 4052 483 13045 3767 966 8123 6701 11769 1180 8544 13823 3018 1759 11649 6930 4722 1535 2635 8353 8503 9524 4856 2399 913 10879 2704 8121 4162 7766 8629 7595 5998 491 4893 12052 4989 4683 7999 2186 9205 2126 4785 4883 2939 1213 160 4398 7809 13294 4038 13673 9706 9353 4457 11039 13833 1672 5014 1260 7866 13843 7150 5813 436 7870 575 9847 11924 1531 7398 6003 1153 10619 11401 9626 1871 3998 11520 8836 9392 8058 1518 11943 9922 9598 10458 7556 12704 11230 9971 3334 1734 1937 1728 12250 9156 13884 7211 1788 12664 9612 5462 12169 8268 5866 13443 11393 5872 8957 10461 14174 11827 8105 4823 7836 7905
160 3592 12292 5405 4246 729 5366 10810 13716 2953 3255 6241 12709 289 9983 9219 1859 4647 6350 684 2193 9672 14087 11209 11587 661 853 3111 2134 3708 12623 1453 3882 13594 3600 6903 9235 5740 5267 2263 644 775 1333 2767 3401 1439 7499 13576 12021 6454 6182 11273 676 13934 5667 2309 5164 11618 7009 4497 10546 13952 6663 10689 7889 12185 6677 4664 2918 9213 14171 5991 4770 5117 6112 10514 2771 1695 7041 1713 7946 12255 2006 3892 87 9599 9843 4289 11150 8886 13544 2394 6422 13500 1323 1235 4867 13367 11013 8355 10366 2737 2242 11057 11191 5075 1922 13360 6702 6201 7890 7647 5296 10946 1785 10360 60 9985 1041 11968 9799 5701 4982 3697 2411 6396 2529 13888 2486 3161 12817 14192 12056 4676 3898 2053 13228 12011 13251 1292 6401 7894 7275 3122 10551 3907 4026 13844 7910 1465 7254 3935 2530 3685 760 6757 4557 13631 4386 11146 8579 13197 6446 7391 8666 5180 9075 6495 4334 9430 7192 10925 845 7363 13508 11710 12615 4857 4722 2460 12386 5130 754 1069 3449 8965 8270 10149 3318 7403 7177 10982 6049 3474 2540 938 7657 6129 11017 9826 11492
161 3593 1825 13380 9214 2610 8181 6916 12447 8738 2824 12414 14103 112 2055 905 7571 5380 9046 3715 556 12437 703 11062 6965 9766 8728 785 7855 3331 9773 10667 8084 7062 2540 915 12236 7196 13972 1861 1642 7408 9978 477 10251 7631 4616 5063 7139 10846 4348 5987 4263 2319 225 3873 71 2357 2858 8947 9934 5436 8994 287 8571 11306 9244 3137 10725 7998 9885 4249 9482 50 5564 4099 8150 9942 13464 1623 8545 1943 6981 3279 381 8165 8381 8842 13245 10829 6996 4275 1587 4509 11099 2682 11782 10741 1977 8752 7521 8518 13682 4847 5556 9628 844 2281 5809 10647 11 8593 777 12027 13478 14170 1224 5080 8628 3896 12075 12347 4871 2413 351 2020 2458 12461 6274 11516 5156 8784 5906 5991 5965 4967 3359 13402 13347 13133 8801 6537 5457 3727 2367 8881 6409 2487 10994 8931 12483 7155 6298 8280 664 243 5349 3272 8952 8371 8235 11307 6522 11824 6508 2638 5114 3818 7760 6876 13878 7448 8703 13797 5129 12264 6419 7420 2431 12411 7618 11794 8396 7877 7467 3845 9990 5491 9634 878 877 10552 12752 8476 5170 13654 6324 1034 1501 2535 259
162 2919 12581 4050 8829 10878 1972 61 9908 1241 7377 13783 7809 3297 7515 10653 6865 13489 8042 5044 13815 71 10400 9114 11410 9799 7704 2622 13686 7496 3145 8286 12795 10313 7331 11215 10777 5517 641 3749 5774 12345 2673 872 5529 13839 6186 3938 2941 12477 4536 5412 10622 14142 7806 3012 5280 10868 9976 12644 6092 7128 134 7965 2100 11509 10790 12228 12784 11735 10103 3043 13484 13442 3986 12137 11488 1686 4561 8914 236 6267 5697 6763 10914 3637 7305 11607 9483 10307 610 13749 1346 5322 3132 9884 7460 429 8411 13135 12824 13797 2529 7655 10072 11040 9472 2971 13873 6774 13617 5600 8673 2348 7519 5779 11900 2377 1590 5471 7356 8661 8033 13929 11533 9646 12929 9587 10837 5273 6525 12741 6577 4088 13944 1338 823 1493 8959 3188 2713 9828 2857 1146 7173 12110 9419 10932 2806 7336 2084 12052 2186 3918 10365 4659 2771 6288 1781 595 5818 9382 2944 12140 3810 3398 1643 1382 11998 2279 2175 4213 4027 9892 9947 779 11757 4422 11958 6246 9735 5644 10573 465 7745 1112 13800 11138 9810 8967 1876 9201 2522 4956 2697 2116 6348 12308 12385 2451 11515
163 3617 323 5258 11875 2978 4236 193 6146 332 5809 8822 10181 6171 10525 5735 7857 8209 4202 13730 3761 13459 2173 1738 458 8590 13326 8330 11151 12002 8814 8675 2692 12594 1207 12384 12662 3775 2911 7076 10062 7665 519 7828 5310 8300 12513 11261 9001 269 10694 5564 8016 14124 11382 2428 3458 4559 4621 5788 426 9321 150 9653 13960 9793 3361 6386 4882 8582 1348 2792 13110 10933 6472 7953 825 5307 11018 10375 4749 7940 2351 7451 1466 9272 3350 13830 5130 7397 2371 7088 9058 10707 4993 9572 8545 8699 1550 5465 12431 10458 959 13312 10573 10541 3798 10050 12446 2595 1342 10528 8942 11137 8874 13490 4756 998 5301 11652 12208 11735 9621 1077 13189 4769 1868 10445 1299 12149 6167 13680 1786 11052 1660 10069 9645 12497 8724 2641 5766 6717 9011 1693 13433 3695 3256 409 5893 12954 2633 7356 10789 10567 1824 9781 6284 1180 2586 4755 5174 5420 12893 5748 8191 8596 8139 13719 3817 3467 9292 2091 13486 5274 9420 8552 1656 6823 5189 6879 4041 6119 8726 8928 5886 10119 619 4698 13958 898 2082 935 14000 12052 10322 9655 2610 3842 5718 8104 12791
164 4 255 7284 7827 7254 7799 11694 2630 8638 11061 11144 6505 9368 10520 10231 8009 7276 1403 11892 10608 10807 7720 6070 9824 5883 8162 7555 9292 663 3003 7975 1414 9052 2525 13400 740 4919 6012 10643 3147 8967 13325 11639 1989 5880 2433 7404 3834 6886 11879 1617 6148 11461 8407 5559 2431 5015 1957 14109 4201 4756 8417 2286 4504 5873 8275 2087 3558 408 2795 3560 6169 3429 3449 3326 7580 7222 2371 2261 4097 10729 1517 9357 12261 9313 604 9438 3940 5188 6657 13200 11866 5773 5885 9498 881 7133 4918 2537 6993 10429 8933 11280 12303 11756 10887 5179 14137 2847 6600 9970 4631 5730 7872 6249 418 11799 1988 6767 6186 7753 10510 13361 13647 3174 12236 10191 5321 7805 11876 5706 13294 7572 3976 8759 7849 12610 4562 11110 13089 6686 13257 661 5703 7290 8003 11828 5446 12976 9850 11659 3484 3068 5101 10011 3753 10798 4274 13960 10018 4535 4951 9299 4495 10932 5218 3252 1782 1904 12479 13375 2820 7438 6398 12917 12722 3363 11029 12957 3903 5767 7863 8129 12617 11925 1379 6598 11806 1974 9032 7878 3887 11859 14131 4996 6651 4460 9733 2269 4497
165 2814 3309 11088 12546 8452 10968 8909 1528 3610 12436 12487 1538 964 6352 7462 14182 12089 7649 13522 13073 7443 8897 10438 14195 2645 9841 8594 185 11317 6358 3027 3808 1563 8358 9109 11922 3911 2062 10208 2673 8148 5561 5041 10553 13297 12557 13887 7225 8773 5054 2386 5713 6834 6821 2313 925 7449 2213 14088 10519 1303 13845 12594 1304 2843 6243 11061 10841 12333 2921 10185 13640 7201 4364 6413 7545 4029 9078 4233 6615 2390 4302 8831 10044 4755 7520 12800 3581 2652 10074 11133 4446 7764 8757 2505 5457 8534 3130 5145 4919 1483 527 4897 2259 3510 10674 740 4172 3093 1354 1361 12653 9299 6154 13167 1323 8706 14156 10786 4740 1750 9069 8381 13223 12605 13597 6089 6838 9734 12033 3514 9562 209 3583 6075 9432 2841 8679 10954 856 4605 9632 10859 13475 6619 14180 3220 7284 12828 839 2936 9657 2426 3530 5685 2996 1336 602 11899 7418 1892 14188 5192 1430 13711 13043 8464 2517 13762 7962 11257 3717 4875 8219 2736 339 12051 5663 1073 7912 3319 4792 812 4054 4361 6746 1573 3965 10734 12746 9826 5853 11381 10634 8163 2493 10315 12536 8059 12871
166 3636 9780 6693 9280 1910 54 13019 9938 2859 8520 11615 9614 3591 9276 2973 6249 14035 13909 5547 13546 10157 13221 1635 5241 9272 12400 1554 2594 5665 10143 1972 792 518 2948 12599 3656 4460 3488 11967 13891 12357 7227 13776 12657 10679 13495 6484 2635 3444 11762 13665 11289 12841 8253 7172 13429 14215 6978 572 6778 4738 10134 2294 9205 10145 12464 11127 7051 4232 10848 8436 9737 1037 2422 11178 1071 1896 9770 5806 4913 2342 5333 13115 7262 12042 2062 2840 4425 7193 7735 9839 4064 7046 2550 7990 1955 12899 5918 9495 2622 12524 1338 8050 7414 7619 7561 7822 2593 535 13864 5963 2384 6697 12900 10809 13888 9587 3713 2788 13759 12714 9909 1425 10283 10484 12482 10193 598 4520 3069 10383 13619 13786 4591 11968 10581 1890 10501 7572 11651 9489 7156 12417 3434 7814 6634 4727 12886 12375 6187 4757 5493 13862 10891 14114 4829 312 2056 4229 4417 5223 5107 7595 9629 2554 7447 10566 7973 1777 11334 3975 982 10640 2414 3815 9096 8983 7084 10625 4887 11323 11533 1544 6963 3442 13994 10560 2578 3270 6327 12047 6758 8371 6813 4393 8743 13512 2741 7792 11339
167 3663 9635 3747 3831 12825 12044 8081 9982 13646 6959 5585 6381 2369 13913 2952 9173 7498 7628 2839 7730 7395 12109 12169 9294 6301 11281 781 7902 7667 9839 2050 14044 7943 6841 4197 10061 4884 443 6797 1742 12740 989 1217 5858 2389 12265 9814 4616 13590 4694 8420 3191 10566 13446 4098 1371 13183 7267 4857 2408 4344 5508 10631 291 6209 8405 3195 9468 11224 10146 12083 10369 10284 10982 11845 8946 1887 2159 2030 13671 6522 12843 11130 1007 7301 13453 2873 7891 1744 2561 6990 8779 13632 7965 8304 10805 13277 535 7044 10945 6179 3036 12727 9539 12776 6531 10088 13565 4020 2644 2432 12417 12275 13962 3933 2028 4485 4968 4843 4437 7966 2082 13934 6252 8195 12960 7711 12807 2449 9372 11646 3434 3149 3009 628 4829 6058 1788 11093 11553 4111 7908 5587 5424 7680 9336 12773 1682 13750 12694 8907 2139 13132 7113 7631 4487 8085 11710 7309 11498 9713 13563 7575 4050 1663 9973 11590 1168 5110 7867 7972 3836 4445 8476 9096 7722 7174 13679 11885 751 394 11407 14137 4314 12866 12682 1298 197 10666 2252 6202 6581 8185 454 5563 5967 9342 11250 858 3984
168 584 11188 12441 5928 503 3980 13758 12150 12804 2726 1904 12465 10103 5067 6312 12631 786 5994 4528 2878 10017 1625 10060 12765 7200 1619 13787 183 13112 13144 10926 139 1378 7631 10548 4102 12953 10758 3516 11345 5935 12824 3426 13877 3579 13130 4383 13465 11876 3532 7954 4492 2212 412 9685 11391 8257 9499 9060 3320 12630 5834 13461 95 3669 10097 13242 11629 11191 927 13211 5124 8750 546 2969 1308 10131 3734 12338 10649 13384 12362 9979 1503 5243 1888 5018 453 4930 11099 6811 9079 12941 10054 6473 5835 2889 2294 5146 12395 6964 12332 10681 2082 8534 1053 9959 9638 7682 3547 6771 8243 1633 8829 4522 7013 6552 3789 4616 10419 2514 12818 13123 11545 10050 4267 4321 10895 11842 12118 7653 2016 2948 12159 6127 3490 300 9042 8652 12203 8329 13238 6440 12596 8833 1404 9880 5635 237 2457 10819 4219 13267 5936 2290 2178 4201 12743 7586 10524 5697 7269 292 9110 12436 5970 910 5176 6296 9610 11530 3851 8687 3174 3919 13131 7767 4052 9058 1781 10322 13322 10285 461 594 7086 3485 6273 9415 1590 8408 12042 10063 605 5129 1706 4045 12346 13793 4382
169 45 4202 11911 8278 163 8914 8425 6168 791 5718 8833 461 11550 8510 12316 4856 3216 6563 7150 14170 8198 7504 9047 2367 13381 1328 14159 10753 1745 11796 4496 11222 5968 1266 4698 14033 11805 13013 6853 764 7795 14043 11270 12147 12152 11407 4099 10396 10100 3855 2264 4339 12150 6949 9644 3124 8529 9173 10186 13137 10117 12527 11903 11516 4828 349 13206 5958 7784 13017 2575 4938 12634 4897 778 12737 5067 4595 12113 6989 10122 710 4457 39 11800 316 14210 13991 13543 6323 6419 12583 10208 13631 3518 11667 11008 9626 4034 10076 12031 7600 8582 11237 13358 2191 10745 11985 5943 5742 8569 414 11312 3582 8687 11773 11688 7759 1886 7828 11239 475 3801 4210 4653 545 8018 1548 6664 2327 4762 6127 9363 2898 1454 11030 11118 4307 6638 1651 10720 12128 1280 14057 3125 9636 8398 1724 6347 13957 10241 3568 6762 12817 9248 425 2506 7974 10874 2175 12037 2920 3127 1473 5942 733 3310 9451 13198 11434 6061 6847 4503 9338 2115 7816 8179 10112 7634 9082 10993 7179 7482 4488 13656 11283 6035 2484 3758 8882 5392 3532 13500 13887 8063 13301 6473 7252 9400 5251
170 669 3770 9353 8924 4773 5706 6081 3609 11538 8677 4033 12367 4876 12603 7071 229 4263 10882 13118 9423 8770 4505 4371 2698 8159 13951 1794 441 8578 8543 6299 403 9787 7829 8317 4390 8155 3553 1681 11329 10061 12868 12831 11684 12719 1729 1241 10031 11655 11179 2857 4183 2517 8965 5757 9860 10478 10940 625 13411 9247 6026 11908 4365 11290 10119 3239 12456 11520 9060 4377 7298 10992 4351 6890 7640 8503 12875 11199 11465 13383 567 3341 6368 9421 2548 13823 10292 7097 2284 7872 11542 9554 2121 4388 8828 8207 1426 4887 10770 7356 3611 3863 3695 11144 9662 3969 12312 1056 2754 4094 980 5531 8579 1049 5470 6471 12483 7339 47 6857 11705 768 8768 8715 9629 5546 6764 536 6512 341 4972 2678 9355 5698 11717 1522 12331 1225 3496 3092 13576 865 4157 12578 3864 1090 12847 8913 13614 7264 3387 1206 12334 10321 5141 11883 5118 9727 10555 1784 4474 4173 10519 3161 6238 8171 5270 7000 1190 11012 6845 1882 2372 1815 365 8778 9710 4771 7968 5213 9972 7246 21 3911 11099 8061 4281 13522 10567 800 13045 5814 6743 6931 13856 13669 1921 3236 2204
171 3687 1114 8949 1116 1823 11017 10267 7922 11599 4753 2250 9113 3319 11350 6104 3921 1928 5780 12958 13638 2651 8303 4432 7629 2656 11821 14055 12759 870 5117 8201 4399 3768 9956 13264 9242 7348 11517 11162 730 9043 4113 11106 11224 7296 2465 9676 4387 13255 14069 13405 10843 807 3699 10598 5596 8164 340 5366 2897 7217 7882 5319 47 10735 1031 4660 841 12693 6885 13069 3691 4445 11461 12760 10994 8495 2659 13378 2996 587 4518 13910 13112 3381 5148 12590 3630 9790 13838 3366 3024 9528 6674 5532 11952 6412 2414 12384 10434 12141 11935 1496 11701 108 8646 1693 7406 8456 14008 6629 4673 790 177 1940 11385 2154 3785 10219 11229 13937 6773 1357 4141 13028 2300 10887 93 4758 1819 268 12046 11538 13700 5200 2475 7301 13583 3537 1745 11574 1939 14038 1099 9384 9943 567 7400 8626 3651 13129 2775 3954 3357 9849 1589 6580 6232 2258 1527 7205 1577 213 32 5742 13952 4225 33 364 13223 8453 8266 4944 5185 836 5622 12488 7413 2326 1128 11251 8814 2885 11892 7993 9937 7567 11163 5623 12910 4532 2353 8820 3857 2176 5011 438 4124 9008 319
172 3693 1094 13110 7133 12061 10208 7137 11602 10037 942 9986 6048 12490 13164 4971 13438 4297 87 9571 92 11492 5392 7590 1253 13471 2576 11768 1873 7872 10073 10652 3610 5648 14170 1729 9191 9405 9093 770 12717 11284 10229 12157 12398 3237 12211 13997 11697 10395 4394 13830 10576 8631 11053 13418 12716 11627 13474 10845 6065 4184 4079 8553 9237 98 1124 9513 9678 6887 13473 9540 9299 872 12492 4464 1152 8999 686 6333 7456 9108 11903 6773 6734 14 2626 657 2622 10912 4245 8841 10591 1857 5835 1005 12846 2589 7359 4723 2264 9306 9592 4535 12054 530 10283 9642 13836 10599 5125 12614 13601 2443 10203 937 1875 1196 5755 9697 6494 7333 4936 13257 1573 699 5663 8328 1331 13113 7845 24 151 10195 806 8388 13336 121 1723 195 7616 2286 6189 212 12589 6024 12524 7878 7455 3438 1829 2719 1711 10544 4678 1427 9375 12899 1233 8854 12725 7951 3511 5270 8228 5728 5388 3787 13689 8916 6901 1638 13652 4489 3008 8310 3563 10125 6888 206 13707 1326 13550 13674 6784 2389 3292 10440 4664 2216 4938 5008 4679 12523 13823 7155 14206 13902 4925 3636 11043
173 432 915 6520 14103 3467 4147 1736 3925 13707 7106 816 1685 11331 8140 9067 11691 836 4530 4233 3572 14121 974 8049 7047 3640 11161 9390 12116 6830 3315 1564 3144 3381 12126 5883 11544 13053 5099 11144 5057 564 12228 4618 106 8805 11675 13057 8815 12343 8411 10066 311 10684 7894 12888 711 9500 2050 3905 10024 4319 11941 10755 9738 1055 7911 569 604 3281 4284 947 499 11500 2431 4899 7208 10297 3314 3102 6387 3768 12966 10333 8719 5011 4812 11762 11886 7167 13130 12608 7945 14128 2852 7630 8641 598 4635 6710 9988 9553 3910 4640 5546 9488 12308 9029 10601 3477 9335 5653 13824 2172 3050 9736 12098 5602 10171 8096 5262 5208 5856 1297 455 8313 2122 7396 9755 4944 14072 10184 13804 2271 2161 6339 533 5758 13724 7914 4723 6809 6489 12692 8933 4907 10270 6349 6012 12275 1571 890 4715 4264 12501 13379 13173 5394 14151 4164 9893 13696 13933 8334 11666 13768 7440 4079 6504 8961 9797 9229 11534 8170 6631 8615 7870 1650 1265 5624 5667 12222 9215 1449 4771 4432 1061 4596 13314 11543 12783 2021 6249 8632 4490 13734 4251 2931 4029 2856 9989
174 2240 4460 10424 6107 6911 11133 4623 4807 13285 13144 2561 8277 5899 1267 9553 15 12397 11920 11213 4001 10433 10000 2085 7187 12644 11531 591 11759 1243 3388 6661 5487 9740 4563 5206 1636 6898 1221 8877 11644 8260 10244 6612 13112 9 9420 6716 9854 4842 1693 7238 6148 11409 10836 9353 1004 13370 3933 514 1428 10279 495 4819 5248 11523 2689 3326 482 1000 10768 6081 8660 13536 6053 6175 565 11387 219 8094 6384 8630 13600 4486 8654 10123 807 10693 10133 5771 1019 304 6488 2602 12850 10588 13442 3821 12853 7395 9365 8288 9840 1028 14216 5034 5022 2532 12103 530 6240 5947 13305 4936 9666 6064 2974 7596 6417 11205 6589 5235 7063 209 11723 6409 6606 11743 3449 5719 4612 2701 12686 10204 7167 7023 5714 12304 6018 7276 1013 7796 6170 12 994 10837 5260 9526 13450 7887 4537 1742 7864 1289 3126 6544 77 8066 2733 7620 6466 12364 13055 7647 1379 11447 9129 3513 11678 10502 2057 718 4905 5662 9690 2923 11080 1507 3124 2780 8389 5004 8519 9481 12429 10992 4186 2414 8021 7245 2724 7777 11629 10819 163 13042 14085 1719 11845 4011 2157
175 2297 8847 11049 9384 2966 9548 3500 10822 11395 5525 10501 11122 1270 13608 2035 10397 13566 11303 3253 882 7771 7635 1656 7213 13222 1519 3225 12987 4819 7933 4425 10119 5624 8061 869 6631 3485 14048 9743 6506 13083 9624 10133 11146 973 972 10665 1830 2639 6433 10352 7775 12361 1039 3445 8025 5992 4244 3366 11385 5200 1794 7221 1584 1820 4369 13617 9061 7916 10443 11709 10284 8052 7177 1529 11731 5754 5327 10765 12698 5402 7349 2686 11377 9118 12809 11548 8495 14140 14063 8867 11479 12641 761 5934 1935 9226 10056 8568 4075 9007 11961 6515 5555 552 7867 9224 5230 6409 10483 11125 680 8577 1224 13186 5048 9291 11105 9387 7055 12495 4331 2631 1518 7884 7085 14053 2701 13959 9890 548 4269 5699 13490 8590 2419 10492 1738 10689 12772 10793 8484 7946 14187 4764 3048 5133 242 13074 12174 4893 12083 3391 6224 5194 9613 5105 3040 10178 7117 6019 4566 10362 1737 14017 10617 10660 12226 11509 12182 7826 5198 12880 4854 9924 10653 4875 13824 12888 13001 12453 11777 8926 5242 5179 9037 4438 1717 13065 13968 9494 7818 288 13536 2950 12372 14012 2394 14102 4545
176 3757 2433 7064 2841 5202 1830 8563 9047 14084 3110 4389 2003 10809 6620 9021 10792 11736 498 8469 6980 9109 4242 6064 7155 12935 4010 9767 12546 6877 1161 5765 9238 7947 490 4784 601 3004 13803 12293 5062 13169 12519 2582 3867 9371 13127 14080 4501 11598 8161 7474 5425 9885 11710 7025 9267 7576 368 8886 412 1004 2023 11274 1366 771 9296 7098 8874 5361 1503 4967 5214 9567 7391 11951 13640 4415 5541 11125 6344 7845 9893 1495 203 2866 5044 2377 6899 6012 4810 2283 12683 3357 4142 13120 12965 12766 4361 10196 4039 8467 8263 2608 3734 10192 7503 12826 12909 10244 8079 6779 4894 471 3975 12620 10821 6700 8077 13031 1408 1925 2722 7425 12180 4111 989 9819 9739 6094 8064 10837 219 13915 4624 4209 11862 7552 1308 12502 2340 7558 3777 5340 8497 10081 10823 711 13474 3620 13855 11318 8795 7533 14215 4694 7644 3061 5517 10361 4765 12794 12993 9005 6933 7280 7615 7508 12894 3763 808 5458 11153 2458 4171 2509 906 3322 6984 1559 2162 10658 10095 9124 9653 9978 3771 6052 1645 13563 327 7479 342 9809 1291 5405 3176 4350 10683 3003 1982
177 420 9089 5904 11860 3264 236 7330 3135 3724 11353 11026 2499 10631 1816 1183 7260 995 8939 2929 11586 7685 13126 7134 658 9897 3955 7967 6777 3073 10162 1585 5857 5925 10727 10451 11264 3486 11208 223 1235 5703 4269 5296 12387 4789 11434 10780 3382 1259 8243 3231 8439 1979 2492 4608 14115 13716 8027 5701 10723 5832 12928 4516 4709 12989 1911 2233 8019 4389 2139 3243 13174 11623 5952 11556 1376 3491 2129 4135 5964 5064 1961 9979 7450 11811 5412 171 4467 10520 3009 13713 8226 6924 3934 7248 8810 6835 893 1844 12656 6731 4331 7716 4190 4690 4967 5040 5623 2338 1732 69 3438 2898 11559 11566 9847 6446 7009 6607 6670 5441 6865 2618 8672 10432 10205 6773 14068 5402 6282 13086 11565 14085 11095 7628 3743 1637 14111 10509 10350 4610 1061 596 13464 9910 10209 11438 13497 12579 1776 10185 679 1200 3409 9406 868 11982 13833 5854 4278 10404 12552 13023 10025 10991 983 282 9349 8726 6430 3462 7811 11048 2007 1396 2245 5593 5024 7193 13991 7959 1488 11257 10292 6594 4314 7201 12913 5875 7810 808 13717 5478 8257 3151 13 9570 3030 4204 12263
178 2703 3549 1086 459 2408 6842 6176 11205 5032 3975 1035 6210 10176 11924 9127 93 3616 6792 13651 7254 7684 8377 9841 3294 10197 13069 655 2765 442 1170 840 5603 2844 8689 1920 1262 3370 13365 7760 13384 717 2472 7214 7977 2049 12601 10173 1154 5729 2974 13088 9490 11987 2795 3547 1669 11907 3770 10642 3694 13196 7136 3022 8152 2776 8054 714 665 8494 13905 5060 3937 13413 10846 626 3301 12413 4732 13320 2716 9940 4604 13481 1538 4977 6218 405 7986 1182 13273 7282 1316 6145 3673 9428 11639 13188 9945 11627 1684 13714 14048 8733 9242 3514 11931 1338 9981 8491 3808 13605 6633 2617 7549 5837 4260 81 11288 3903 5116 3101 12743 2289 8025 1746 4459 13330 13046 12599 1360 12039 13267 8445 10682 2951 4890 1683 11515 9995 10966 8957 13094 13562 8178 9795 9894 4842 10469 4466 8681 11085 4189 11021 11117 2414 2406 13880 5917 8399 11448 6168 9547 10300 594 903 5895 12160 7700 4650 12215 864 13275 8382 9357 9196 4176 4951 7650 13461 622 8467 6504 4344 7791 4377 2697 474 9402 7848 4964 10615 7576 3879 9148 1111 9649 6325 1302 827 1076
179 1309 9473 10872 3120 8721 8495 3332 2966 6525 7561 6188 5351 13467 8119 1639 8441 1597 765 948 8337 12350 8410 6294 12725 6846 4229 4045 1254 9694 7356 6432 13659 2208 14008 9447 12743 1478 6714 4208 13151 12378 9439 2796 13076 1557 7624 13484 7666 3476 7607 14158 951 4821 6418 4324 3884 229 6722 7632 8598 12795 459 2592 9982 12832 6581 7886 1552 11927 8015 1503 2747 13734 13231 13272 3583 9536 759 10004 8669 9717 10093 7786 13134 3563 13475 9285 13126 6174 7555 1869 3515 11831 9334 6674 12859 6472 4363 5356 10495 12135 7385 14213 1558 891 4706 12246 5720 5610 5922 8313 2004 12954 9549 11494 7224 6765 3030 394 5553 4388 7161 12506 14170 608 12867 9798 4990 13688 10317 2108 193 8211 4183 9465 12626 5624 10048 10852 1210 11752 8407 9657 11574 11802 7438 10262 11532 7738 8880 378 3086 12223 9307 9392 8302 12433 13818 6665 4504 7542 4260 5498 1488 7517 5030 2259 13329 10987 404 3184 13343 13046 4643 2639 9424 5323 1108 6682 1028 4708 2889 9722 8185 1482 11694 9627 2594 4261 13021 9333 6677 5180 1613 3049 2180 9814 2178 8883 10811
180 30 3126 12720 2880 9994 5845 12793 2222 8439 1662 1086 873 6453 1319 12487 13040 6588 11855 8209 7601 13674 12580 5317 10419 10536 3118 534 12291 7976 13532 4930 11763 13529 8370 13632 8099 4103 7650 7302 4667 4294 6765 7021 7996 11273 1984 6203 14171 12158 5928 87 9937 5262 13150 2207 11869 9766 10415 13083 5755 4715 461 6879 1416 7311 11450 5122 1450 6537 10550 256 5030 9403 6398 5813 107 7636 12033 6188 12412 11666 7212 10884 5316 5538 3686 12810 1890 2750 7684 6979 6699 4716 7562 12025 1467 6849 80 5509 1787 12483 10189 9573 11797 9688 1532 13426 7882 10841 1261 9256 3138 6936 4789 99 9644 10572 4251 11978 1305 4751 1451 9153 3895 11234 12260 8096 5827 4855 84 1858 13170 8815 7835 453 5238 1222 7286 3952 2504 3505 8314 12541 6500 12150 12891 9448 12700 904 333 4422 13482 5925 11035 1066 574 8703 5613 11000 12544 5455 2293 12960 11414 3414 11562 452 989 6081 2936 12905 10636 2041 6561 4697 5283 12192 9458 1014 8023 12689 5721 5343 2904 4450 12587 6229 1569 3025 6060 9718 5470 8953 1704 13043 10450 1949 633 14178 10074
181 3770 10241 7521 5902 12864 1011 5970 3049 6257 9164 10390 4258 8267 3352 13977 10509 4433 9777 9201 10209 10176 3250 3422 3934 13178 12780 2126 338 3022 8473 5681 6623 13341 3359 273 7134 1337 8801 9958 13857 13393 6709 11297 1720 894 8189 6673 14071 12853 5349 10938 6322 11305 7079 769 10975 884 9794 13374 3881 8383 9306 6177 1662 8474 14053 6775 11607 8623 11186 5200 13413 9855 7564 8094 5149 8906 57 7746 10242 3848 7950 3443 7379 8191 9592 9664 11174 13268 7394 8068 6777 7000 13025 12936 4050 1341 5954 4195 5812 9581 4422 10147 3972 5053 1663 6835 1364 2411 12099 4882 5428 8951 13503 4799 1693 6851 788 5724 14208 13722 2529 11930 7729 137 12394 9918 6534 9395 7316 13486 9809 13256 6110 3483 469 1133 6967 557 1295 8326 8478 1520 6501 13580 5570 1958 10541 1145 2549 13287 5539 2131 5472 14165 9899 8420 9481 9372 12403 11446 7188 4561 301 1853 798 825 8333 3327 7780 10344 1707 8235 3955 9993 4220 4606 1101 7005 8889 8250 8265 14091 9687 13239 3163 11682 13285 3626 2127 12617 5764 7867 9572 3238 14156 5312 127 13788 4896
182 992 4245 4526 11428 10059 2849 1478 1068 2335 6953 2013 7808 12195 3163 11741 13530 14143 8380 13341 10127 11742 10565 7643 4091 3748 13076 7902 7296 7120 6463 10416 7933 10337 4805 8108 14064 12660 9751 12620 9841 1482 7924 11461 660 10161 185 2100 5731 11781 9214 2518 2448 7650 11129 11876 4833 11168 3771 13161 9493 9273 2195 9126 13358 7920 13850 6075 2017 5117 4316 3849 7849 8043 6640 9012 3915 12868 13261 7707 6993 6597 7774 13973 2312 9716 12418 3199 5356 7119 10579 9956 4769 8064 2247 6998 10343 3497 8590 9421 6832 2200 2496 10463 11812 6946 12805 5516 12480 9236 5482 2081 9942 336 3417 11256 8478 13790 4040 7566 10188 9726 10389 104 4665 11510 4423 13545 11344 4630 6395 1786 12313 13221 846 2784 1750 12016 14140 12748 8482 2722 11664 231 7909 3797 7196 13512 91 881 12755 8437 7444 11208 11463 2459 1031 12342 757 5196 9527 4108 7079 7576 2123 26 9846 11967 13386 724 10911 4330 13262 1765 11519 12690 12815 12767 13784 13096 8563 7961 12572 10265 7970 14164 6313 11534 3083 6150 5813 9800 12729 8313 128 11532 12685 5008 10213 114 214
183 97 4635 6269 10332 12930 10422 4510 1169 11599 8115 10851 8376 2545 1693 9408 4469 1673 5539 4360 5735 1916 8136 5367 10466 3749 12712 8353 2152 11935 8844 8418 2210 12387 3597 6666 3615 6048 7667 2033 13427 4790 1914 13626 6201 6869 3396 7668 12792 6533 4881 4487 13275 11190 4713 3625 8981 4215 12628 12981 1571 12727 10883 1125 2399 9623 2182 3882 68 8521 3405 3230 1100 12529 12564 13493 892 10842 722 10796 8751 13046 13311 1049 13238 3119 13270 10450 9079 14011 3133 9546 12233 3561 11103 4705 8840 7220 2367 4442 1247 9223 8802 5177 12570 8511 6750 489 6252 4346 14078 8818 1443 1665 9753 4814 5712 8380 12174 7536 4325 1874 11592 11226 738 395 8172 5290 8929 12675 2283 10359 4128 1424 5687 10184 10176 13730 6167 2193 6338 12267 2104 1875 5211 3197 12053 6398 13831 3517 7732 12528 3113 8535 2601 5646 10724 5244 8460 12455 1897 6076 7192 13888 403 14022 1638 1367 2264 4228 3249 5073 10888 11697 2238 12312 11603 9951 4034 2027 8191 4404 10770 2553 11864 5350 6714 2641 1722 1099 7580 13181 6195 13957 10 7420 6147 12421 4951 3034 12839
184 506 8610 7 6227 9459 12313 10310 13743 11795 7898 1925 4017 7683 11855 6069 12010 4937 13656 8397 13072 6883 12639 7736 1594 11904 12573 1380 10227 12439 2580 14175 14211 9806 11385 1724 5516 5340 11035 7480 11545 575 4762 652 1032 2053 13691 3156 6172 7912 12822 8318 5362 13113 1132 12160 12727 12898 3102 3172 13741 9873 7617 11896 13035 9537 7464 7472 12591 10972 599 7330 10673 3043 10999 3644 6533 10111 11658 7188 10272 10426 758 5043 8632 8713 10232 11712 5426 2708 13993 1697 9285 2720 6600 3207 13223 2497 2434 12729 5130 13958 3500 1347 3105 2258 12176 12083 8036 5557 8568 11814 173 13173 706 1419 10525 5737 5403 1546 12780 2888 7135 7325 9302 2481 2610 4962 13876 4543 3666 1588 9667 5488 10799 10316 12279 13679 7476 9215 2861 3026 6720 9401 6108 10862 4441 9864 13496 6701 4637 10394 3530 10228 2519 5521 356 6119 8815 10174 13618 712 4365 2639 1881 10452 3582 13462 9184 8372 4977 11650 4394 10091 11578 5155 9306 14080 9092 958 7395 4135 187 6586 11453 277 12755 2564 9531 1917 13931 9661 13118 8345 2763 3860 4133 3791 13258 5432 3460
185 2910 11138 5741 7773 5935 2020 10735 1914 4952 8003 12375 11417 2145 1482 1945 1803 4882 56 9518 5842 5577 3006 2230 11690 9064 6451 1067 10713 9900 7453 13547 14144 783 12025 908 4299 4262 12164 6035 10829 4788 10029 12984 7994 9018 13110 8540 344 6512 12011 1268 9453 12593 8681 1569 13854 8565 11530 2590 13488 13468 5803 6135 3622 2854 6560 9211 8768 1925 8951 12811 973 11759 8038 2400 14002 956 12874 5607 3962 11095 2133 7280 11158 10158 12574 7663 13202 3484 1188 13647 11737 13865 3937 13287 11766 10950 3983 3520 6134 347 3671 12140 4800 1519 10086 8400 6274 10331 8995 1966 968 9153 4026 5159 85 6208 12889 9371 812 2901 10350 6383 4483 3939 8941 12473 10848 13736 9707 14164 6094 1971 12193 8651 7131 13531 13801 11165 7744 6283 11321 10671 764 8151 2859 10596 51 10240 10762 1425 4597 3504 7619 7783 1004 4692 7590 8092 2156 4610 3594 13124 2984 10312 4536 8936 5029 2170 13384 10478 2446 981 6333 8691 7638 6371 10997 2071 2354 10288 13340 10059 12167 10046 8770 8337 5174 272 1546 7084 5679 10941 5048 7432 12798 11529 4850 282 180
186 95 12341 2101 1333 5656 12919 5274 10445 8878 6514 3235 7644 4310 6811 8229 6398 10801 6773 5833 1758 2615 3640 3542 4279 12580 10952 9855 4301 5737 9070 9067 12812 2985 11553 11882 11161 121 5169 8420 10459 706 8377 5605 5495 1876 11043 1072 5855 12992 10448 400 3923 1218 10648 264 7641 6561 6132 13587 7719 3402 9735 1368 5899 7147 6936 10785 8449 125 13652 5280 12565 7985 1166 13992 586 3312 3810 10426 3946 2208 8058 5125 8266 9124 10425 14060 14074 4424 13844 6714 5418 13786 5041 13570 5923 10996 11065 5757 12204 3261 8078 1764 6328 6157 2604 6745 7902 1982 4780 634 14181 2372 6397 7842 9133 8091 9054 11481 7949 12868 2656 1473 2437 9134 8920 11943 5800 10516 9698 584 12688 1942 7772 4508 2768 728 9898 10368 7070 13366 12521 6917 12644 5775 6527 3729 9672 12865 6465 292 5136 13323 2799 13874 5592 8854 6176 13045 12010 2454 13870 12653 1426 13462 2777 511 13411 10269 5167 3216 13278 13158 1808 8158 6633 11666 11216 9913 14119 12087 9479 9838 542 425 676 12102 5448 9869 777 6305 7541 8261 4257 12227 5312 13690 4552 5308 9641
187 718 6708 5028 1631 7060 13327 4409 5579 8267 10243 6183 13476 12730 7771 8332 6440 11153 13750 12307 12564 864 2967 4708 11087 11846 4750 6040 7565 11433 242 12796 7693 12213 268 6606 11965 6384 1912 7744 8145 13380 7288 438 6153 2104 10484 7020 952 9978 11774 1676 7538 13413 11589 166 12525 636 4201 11208 11361 5044 894 817 14105 5948 10013 579 4127 5342 11695 13757 9125 3160 6450 432 3592 4091 8884 8074 11080 12998 9414 1617 4589 2642 7314 10186 3793 8006 12258 6399 5652 13912 3129 12496 6789 11490 11193 9128 9042 7449 14014 7722 9071 3108 558 5230 1470 2854 1955 3250 5402 2235 8776 10627 3760 10442 1787 14076 5537 3052 3388 5841 12454 8197 6473 13015 7053 12913 5332 3193 11815 12887 433 6934 12351 12141 3237 13831 12237 14085 1690 10138 7170 9728 5653 9528 556 3665 12173 10108 6772 2395 753 296 2432 10781 11047 1461 12333 12248 2707 12993 800 7424 7548 2056 12440 4793 2819 4327 10074 12689 2853 12952 8788 12874 9145 7116 8378 8840 1183 6748 9891 7329 6012 5816 13492 8108 3768 4833 8204 12863 4158 1331 8353 8243 2855 7479 3784
188 3069 13106 8483 12960 9776 11492 5569 7749 2488 12806 13968 13694 12799 450 11560 4882 5457 1569 9993 7027 11137 1707 11364 3219 6141 8390 7778 1671 645 2844 12885 8188 11718 7741 13395 1148 4374 12499 13423 8875 12498 377 9031 2539 3312 11800 7156 7553 540 2042 11272 11791 366 11452 2117 5775 535 10774 10652 11965 7434 2166 7902 10476 9559 7357 1859 3048 606 13368 4804 9026 5515 3734 8239 640 12122 11315 6701 1074 6220 1920 7274 9463 2990 12253 1068 1788 12041 11567 13773 7279 13876 6681 13682 2959 11241 12170 3274 9084 14014 4493 9489 3654 2130 875 11330 4727 2355 5987 12992 1543 11744 3375 11922 11905 1786 13066 9258 8207 7883 2382 6400 5186 2322 7057 9999 3060 7697 6076 11529 210 2143 2729 7074 6490 7823 3751 2537 8090 465 12422 802 1214 8344 5652 10071 906 5661 7752 10376 4386 2863 3111 237 6147 11679 11349 979 10915 12921 10576 9812 8962 7801 1049 7033 10601 5543 108 3611 8735 11402 11553 10612 1614 6088 12918 12526 8581 9291 5742 1864 4840 13580 12948 12818 7901 164 12831 12415 12143 7042 9613 7561 13305 14216 6536 13579 11303
189 3216 4280 9486 11578 12020 9284 10471 4016 5307 7453 1109 13840 10577 9250 10079 6776 4483 9201 5445 2604 12265 5466 12915 5856 8824 2930 13889 4722 8740 5505 11859 5098 13311 12985 13603 2898 10175 11128 13996 7901 6864 6304 325 8084 7966 2725 9031 1906 9407 4524 12208 1234 9165 2476 10761 9286 10280 5398 2766 5242 678 13557 127 4971 12061 3639 10881 4911 2055 4011 4437 13304 7093 4201 480 10481 13501 9984 4126 7812 6187 6890 6104 13862 10613 12870 6289 13870 9587 489 1976 6315 11123 13280 13983 2615 10173 12542 5582 1673 8469 10608 5857 3902 7481 5734 9435 2087 4724 4974 12936 11321 7964 12425 7730 6060 5223 6345 6469 11167 7089 13909 4452 11575 11653 8394 7121 4736 8948 5135 1178 13053 3897 5939 7547 11721 12849 6686 12921 3399 4525 2873 3503 7828 9381 3407 3739 12327 6369 5017 5745 13109 6109 2872 12665 11564 910 13560 9218 2291 6432 7433 5311 8169 14091 1288 13807 11126 914 12624 2129 5888 3342 4639 6399 5528 1217 4141 13920 10359 13202 7165 11792 8352 11408 4815 11948 10587 2773 1537 9384 9665 2281 10999 5094 3809 5805 6527 1572 5621
190 3050 5649 5619 6467 12267 9386 12701 453 1730 13050 6407 13130 4071 1971 5715 6822 12537 1411 3303 9786 7613 10379 10911 138 6204 12357 4421 9296 2713 4794 10015 4633 8317 3504 2960 13669 6426 1466 709 13081 2495 5800 2241 1101 7077 13512 3233 862 10730 2839 10782 10699 2094 7213 242 14208 7247 5778 295 3950 7233 1187 13448 7050 2435 1588 12300 2975 12355 9757 1995 12540 11414 12139 13923 13410 12753 9605 10380 12262 6356 9477 3717 5944 3153 2195 5444 8964 9338 10883 8125 1456 2605 11980 5090 5732 5128 4409 8394 4538 4336 2385 12646 10203 9560 6888 4425 4269 5180 1327 4355 5240 3886 9620 7780 12058 4885 8213 8582 13796 1090 5284 5992 10973 6716 6171 10268 1621 1061 6448 9458 2381 11638 5765 1558 10641 11913 12979 4653 8983 11531 14212 8999 9596 8313 5640 7125 1231 11304 4279 1069 3375 1194 2328 11499 12864 13657 2045 5203 12713 13510 11278 10316 3778 11840 10628 1149 10519 7146 8788 4621 4777 11199 9864 13523 9821 6664 2640 1527 8767 8257 12305 7595 8603 7388 8358 12025 8094 5693 377 9153 4958 5575 10683 9927 5415 5208 13257 7972 5653
191 4284 4434 6534 6632 7756 7084 2603 10142 11185 2239 2734 4517 12221 9913 5057 14167 540 9049 12778 8903 95 13654 5041 14042 5362 1886 2246 6564 12531 11904 5281 4168 3504 9857 6210 5044 3157 5165 1983 10473 5129 5206 9089 6136 12116 1179 7135 7702 9733 4132 4903 2574 12865 11080 1824 12608 10499 12591 9672 515 2374 3767 3945 455 8300 2935 1309 4829 6421 13704 709 9183 12381 14058 12699 7504 5507 12609 5224 6000 900 9815 1586 10566 6670 3158 3200 6056 11852 8924 7138 426 11738 11840 12739 2684 8879 11084 10286 285 13359 13847 818 7795 10439 12995 4092 10462 8869 9046 8942 13699 5644 11396 7002 13221 10963 11506 9244 3853 2050 7740 4757 9757 2826 2211 9030 3921 6846 13759 13937 3631 5055 6153 5589 10018 6099 3116 4869 12572 14199 5711 7553 7602 7620 9850 4193 3083 11815 10103 7258 7953 14159 8754 13312 13157 11462 414 1396 14176 3009 6985 405 8562 10901 1497 5033 7131 12425 11807 11727 4206 13453 2011 12468 7456 12255 12576 13111 2407 4533 10744 4866 3759 2428 1710 7784 11434 9027 3477 7935 5100 687 12460 9260 4774 1007 1695 5840 3468
192 1784 3455 4437 12977 7825 5551 4941 10409 477 5736 8345 7850 13352 4251 1581 12433 3558 13094 9405 7159 8785 4535 1288 2497 14168 1440 999 4030 3745 9393 1321 270 10963 7569 6865 10287 11702 9437 5886 3656 1424 8447 5336 3552 11227 490 13472 6171 11587 6984 9452 13066 12309 1010 6392 5768 2342 9947 12073 12563 14128 10485 3596 3233 5166 7935 9684 120 9851 11948 8190 10238 1026 7455 7105 3398 1385 8150 11096 7162 1843 2491 4001 5558 14063 4514 3406 3368 7718 5134 8897 14018 7541 2886 5471 12718 10885 3460 5661 3870 11719 7407 1111 8494 11718 6063 3516 2427 3407 1372 959 218 9150 4793 5268 5465 7050 13872 9557 10196 3752 12562 6065 6518 12341 2658 4560 9866 11155 10406 7853 6777 11972 11030 6512 1352 4663 9697 12097 11312 7667 4765 9678 5105 1729 1579 1780 6438 13948 6993 10653 3184 788 6739 10023 1906 9880 11461 13867 7381 848 9928 6019 1408 13027 2462 13020 3768 8312 13132 2361 11033 8072 4611 12595 12853 2062 154 7347 607 5918 7175 6685 10018 1137 2622 6840 10088 6712 6581 12850 1119 5839 5909 1068 3842 1270 9581 9467 990
193 1093 8937 8825 11694 6505 88 6485 4970 6054 6853 7803 8155 6239 11557 5256 7867 13475 3967 13520 9864 9536 11551 13270 5112 5016 685 3518 12871 2539 2929 5571 9016 11684 12577 8070 11009 10848 6000 3194 11722 2480 4960 10083 6379 7959 6723 3797 4010 13424 8618 8321 6235 914 12450 7889 6981 6122 10403 1844 500 8078 6963 8032 993 10620 3118 13890 513 11160 91 4219 11959 10449 12267 3262 9746 10970 10074 5603 8118 11264 13420 11969 206 10000 8331 1710 13390 3108 6927 9064 2109 12056 8452 12600 4749 884 5959 10251 13502 13793 8877 9465 6950 13199 8600 13221 14121 3433 3195 987 6721 3752 11562 2577 4240 3401 9140 3139 13618 5006 3887 10280 6921 13217 4487 9889 8631 3060 5525 4005 6205 8433 11887 5524 7400 6551 13954 3619 2841 12551 3334 7342 2458 10255 4370 9325 10816 8772 7864 5803 10958 3792 4853 4688 3415 6357 2424 9300 12641 635 13124 8066 7459 11933 430 13067 8416 816 9364 1657 704 3227 9196 13624 5852 9074 7249 8964 13984 1351 6652 4305 4184 2615 13396 3765 8450 2065 4283 8453 14020 11924 13843 4047 12815 2349 12569 1631 7652
194 4371 9007 1276 8355 13728 13838 2795 4818 102 4546 10101 5385 5521 5573 6501 12319 12833 10275 8545 13103 12024 1341 13668 3844 4893 10626 7562 5142 7654 7276 12827 12658 4531 10881 10370 3456 3046 7559 5960 3261 10017 5390 6287 6431 9918 1757 5539 3591 11561 12615 124 10091 3876 6002 12576 10315 2007 6474 10448 2519 7414 8562 176 14165 9626 9629 2729 4140 10193 12990 5651 5937 11970 1980 5555 927 13156 6054 4806 6727 1879 6641 2371 4942 8401 1145 1285 12569 7104 3731 4309 9911 13852 7858 5063 2479 1271 11331 12296 4527 7202 12337 8466 10022 13569 7241 8687 11569 13142 4523 11688 1009 8832 11 6391 6315 5017 4756 10395 10069 14100 11781 1195 1425 9778 3092 10299 6402 1249 6745 137 8606 1976 3354 11971 1670 4428 13043 13602 8509 9320 10771 3851 281 92 6855 9737 13226 3614 11531 10596 13709 6359 2446 4388 582 3323 13289 10908 5770 1718 3629 9566 9002 2506 9696 8919 9191 4827 13561 11896 7610 3429 10963 895 2332 11992 6036 12561 14049 6934 14017 12492 4662 1756 9234 6044 12460 8112 6905 4739 12207 5572 38 474 1990 2691 7544 13827 3272
195 217 13141 13059 1641 6094 10109 3468 11157 7311 4586 2198 13448 2348 8766 7606 12993 7576 13306 13578 5176 7764 11196 7694 12874 3534 9416 11380 12038 13175 10305 7753 1100 4821 5647 180 10277 2662 13781 11856 5829 1040 11149 1353 9252 5307 960 2259 6380 10849 4746 10875 7947 5922 9091 3758 8914 1720 4141 4404 9562 10902 8275 1410 5271 1719 8963 12552 14085 4216 4581 3125 345 11362 6646 11260 4658 11242 4244 1474 2272 10685 8105 4097 5509 7937 11113 3518 8178 1881 11370 1575 10995 173 13293 8653 5475 4929 12253 3039 2992 3531 5358 803 86 6465 2413 9767 5353 10881 1216 11074 3777 9983 5598 10258 13025 7037 290 1298 3054 9249 7749 6104 14201 9011 10915 7902 310 1277 5628 1563 12496 9199 1671 8095 2545 7640 10581 3804 10831 9402 4436 1525 9 7748 11384 5502 13733 3111 11573 11348 3154 3776 12529 2236 787 10503 4588 8072 1290 12752 9631 1973 3197 1876 996 7949 8277 13331 5115 1828 11859 2178 7564 12558 804 7597 7685 12307 2890 5694 5184 5351 2844 14125 8494 8941 2087 3284 9491 8570 3895 5049 8877 13698 10121 8348 3460 8211 10796
196 1033 2303 995 13758 419 11475 14109 334 3578 7615 11022 10524 2308 7782 11160 1751 1718 2901 396 1005 721 12794 11571 10239 319 565 5023 4125 11853 1808 10424 6338 3863 10676 1495 8807 13626 3581 5939 8468 3718 10266 9752 1209 4504 9982 11132 4019 9122 13300 14052 5732 6364 4043 9932 2717 8042 5898 5745 6563 6286 377 10615 9922 12134 13771 11295 12327 7501 12131 11259 13966 9363 1724 5670 12345 10332 1320 3277 7346 10228 13026 2307 2223 2253 5226 71 2773 3700 4268 144 11966 1070 14095 6899 11216 1313 2719 7065 6499 2750 2112 5335 8741 2148 10402 2411 10737 1679 9142 9643 3604 7018 10225 10199 10440 9655 3351 2481 8407 14054 1084 4597 12308 4692 6745 11694 3961 7963 13804 1246 12104 6901 2442 10222 9685 11354 3768 9837 10193 3970 4555 11999 4986 6001 8956 6848 1284 8539 3826 6477 10141 7603 8839 1038 9960 11386 8272 6180 1587 722 9433 5231 4630 3174 8149 3702 13245 6383 12597 7173 13542 10628 9861 1534 12214 6971 11855 11166 12539 5954 14117 2469 1282 3897 8908 2293 1350 1436 8911 5493 4065 9137 4107 2656 5004 4886 156 13253 13785
197 3923 11241 11347 12632 9112 1478 8917 10068 13996 7493 4612 14174 10529 12995 6684 8355 7823 3153 11686 10439 8033 185 9483 6853 3814 9195 12775 110 9411 11116 11194 7877 13205 13416 3380 2364 13948 5043 4970 5777 13767 9188 4159 771 12843 6437 4807 12891 8458 9477 8127 4938 12567 4934 11494 13692 2023 9564 12997 9672 8857 120 4055 9631 1130 8376 3950 4574 8811 3405 923 922 4776 3080 6695 3693 12368 3353 12207 8301 10454 13010 10547 4133 12640 6173 4697 11542 8982 9417 3246 2134 13448 2085 4803 14136 9807 9585 13097 9248 9984 6477 2349 13833 12301 6576 8747 8 11334 12993 662 5166 8242 5865 2366 194 11058 14157 13038 8416 8923 6506 3744 5828 12592 7370 5689 13337 6508 13974 9957 10777 4323 6206 802 11526 12668 7193 6396 3310 3659 13710 2763 7842 1321 11132 6011 7893 5315 11059 1687 12389 10132 13659 10486 10876 4097 5741 13834 9900 1171 2590 6780 7371 9293 9375 1229 7197 9385 11308 5389 6943 13597 9736 3710 9021 7673 9323 795 7651 13530 13386 13792 778 8079 13613 10500 72 7616 9889 13573 3177 5572 7887 130 3097 4494 8897 5530 9488
198 4375 9412 10565 11140 9733 6741 14041 10717 11771 163 5248 7686 9913 9456 8055 2870 14122 1170 3573 13902 13286 3468 4588 1472 12303 6763 13483 10325 5773 1548 10897 11173 291 6455 11159 5892 9404 10787 3910 11807 2449 12039 8069 851 2993 13146 3720 1329 13336 12135 8113 11987 7740 13147 13845 12880 7146 1646 13706 12109 703 6041 1580 4032 391 13478 14196 10084 4489 11637 4156 857 903 6996 6316 11337 2720 1999 4902 12757 3437 394 2673 1809 3020 10780 3001 11025 6169 4792 10133 12435 6180 4609 4138 3507 6830 8001 2123 414 9788 10856 7544 12871 13381 9847 8538 6150 5885 8616 11155 8174 5763 5440 9601 9690 12468 4351 4710 13294 13544 7354 4188 10195 2175 9338 6319 203 7827 9772 5060 2211 12196 3111 8003 6219 13739 10344 5199 5330 6707 5388 157 9345 8212 3906 5767 9122 12720 7679 940 6230 7648 10769 10383 10579 3818 12372 5933 4635 9386 1981 4035 4086 6544 5975 14107 11318 12659 4752 4780 3425 10604 6069 6487 6664 5742 5156 6509 13405 3704 8730 11458 13106 1651 3312 9768 7586 3372 6674 527 9676 6486 5409 13088 1786 12503 2451 4688 3723
199 2760 3219 6880 11451 13971 11865 2901 9898 2745 703 1071 442 432 13438 4793 12807 7008 9633 14147 13394 2041 4265 14090 2517 7126 13796 4585 6485 10315 7146 1391 3145 14044 5214 1659 6231 2384 2081 11442 10185 5517 11153 6012 7621 4664 11130 294 749 5834 7178 9592 4039 8296 7872 7844 13831 8985 10299 13894 9183 10542 6676 81 7089 93 9488 7820 965 12536 11041 9398 10481 293 1471 10886 5126 7698 8774 5995 9405 3050 6414 10546 4803 8786 12046 13759 5628 10029 9001 3460 2688 67 1163 9252 6633 4158 3297 6862 9795 14202 8481 5011 1332 9800 3000 2605 13166 12154 12107 9048 10966 5484 12351 147 4490 3362 3191 5855 2557 1747 6556 9890 4470 2200 6169 5463 10105 12469 4418 1642 5549 1311 13142 14052 10198 5024 8017 1502 8498 3004 4764 8387 7262 3271 5361 7049 3387 6290 3574 3302 1714 3303 10256 7880 4651 9642 13249 4913 3500 11398 14177 13823 4162 4854 10070 3835 3823 9823 938 3998 3563 10150 3723 8649 12678 1406 1177 8868 8988 10152 14031 6707 9536 7887 12363 5701 6321 4351 10576 10072 21 4092 4481 8127 12719 1606 12158 2457 7656
200 4421 1386 8082 4589 1932 6639 7486 675 7770 4882 823 4177 8907 7468 2816 3575 10665 10480 5177 6535 12111 4400 9357 8090 6280 1483 5729 8621 2581 14201 12910 14180 14205 159 13940 11295 1626 4967 7255 4544 10290 1477 6279 1090 3773 13962 5765 13636 13537 297 10215 441 8843 12988 12373 7905 1036 6082 8288 2987 2887 13320 13353 9998 8569 10698 11004 1068 13564 2359 5810 6708 4040 7203 12294 3838 10095 11350 3814 10005 9529 2912 11301 7507 8378 2412 1843 3674 6586 11377 7649 5090 226 4642 2119 13086 3418 14105 9927 320 5371 5623 7803 5091 6230 14158 5612 7199 11805 13818 13627 6341 2660 3318 933 1304 10631 14183 4124 5950 12267 9081 7155 4903 11224 10140 8686 8906 11277 5055 6156 11072 9208 11291 5295 11435 2162 12029 4767 7121 6945 7759 208 10716 1621 10676 5501 11408 11997 965 12519 2387 742 6026 3549 6757 12015 7309 11021 7123 7708 7989 12824 3472 5263 11664 685 10056 280 10824 3148 8091 2524 4147 13509 11742 7497 5359 8509 7061 8992 5867 2562 10709 10916 6812 3333 11989 4028 12508 810 5706 14025 9934 12629 10747 9170 3734 9286 11062
201 3953 5093 13544 11098 7946 4282 12760 2771 11507 1769 4365 471 8631 8654 241 2712 12818 2990 4976 6356 2530 1278 7449 9408 9510 1867 10418 1120 3532 12624 7531 6248 2001 8564 5206 6109 4391 532 460 11254 11720 5462 2123 9427 3730 6199 5325 2119 9267 13284 12921 5941 12129 14031 8772 4871 12401 594 5386 8820 13282 580 8088 933 2543 12005 8845 5302 10252 3679 1638 2017 979 5576 7560 7730 3782 6230 5557 2199 10154 2268 4592 6987 1651 6112 3770 953 7024 9572 3914 10864 6814 10047 7945 13590 613 924 3882 6247 8173 8882 1567 11349 9053 157 7788 8072 9889 11578 2062 5932 9275 1697 13038 5607 22 10054 5679 8119 13632 8910 10993 9014 6512 7382 4608 6031 6137 10374 11692 13491 3390 3750 5987 4590 2096 9985 3913 11006 14115 4066 2647 12187 3240 4719 752 11771 5332 1771 941 13093 2926 2027 3087 5367 10332 5333 10046 11600 5060 10048 10106 7964 11822 2459 6622 6690 9732 2250 12882 11986 4305 6303 13593 2767 8290 6161 13153 6518 13798 6254 8091 13553 1877 1781 12659 7512 14068 10924 11332 5792 10354 5680 12116 1417 11350 13708 2189 1298
202 4569 610 1018 13800 6059 6047 11622 1988 4584 8517 4229 11126 5223 2429 314 7449 13182 14105 11099 7725 7277 13975 9511 8682 5419 10568 9682 7463 1595 13296 2524 6653 12707 11957 5798 6679 10216 4721 2552 10708 1071 2459 11564 7856 3493 2794 8598 4794 9546 264 8412 6757 7593 11658 3747 10231 4205 12275 11302 6941 7933 10635 1226 6537 10953 5941 4843 11525 6092 13500 12170 10751 953 1109 541 10384 3610 10306 9025 2191 11566 3586 4411 4653 13267 2088 10577 5655 218 3558 9259 12722 11573 3839 11765 3935 9207 4644 1686 1890 13395 439 13535 1623 6912 11890 10806 12805 11763 6661 1028 6192 3603 9851 6989 12446 11868 2077 6568 971 867 7569 5447 9176 3371 3147 1677 8166 1441 5997 9646 6785 6652 482 7718 13616 8343 13277 13845 6543 7443 9940 11506 2588 14136 12069 6254 8911 13021 10699 7211 3726 8688 13093 5716 13838 8570 862 395 10827 8356 12071 7521 11826 14139 8450 13124 13627 622 12947 10065 3770 5323 12203 10159 4521 10998 4073 1979 9620 12251 13030 11589 5090 4048 10075 3774 8993 13105 10891 836 9272 2509 5501 13213 7967 4732 3126 11540 2599
203 1907 9218 11631 7002 3079 13789 10135 5579 4501 11717 12541 7371 1625 7234 5883 8564 7992 8553 12362 4928 13418 278 5311 4850 2228 3887 1027 11704 4597 793 6636 5774 13517 10659 9146 8735 12510 8780 7063 14092 12341 7252 6542 4202 10120 10240 13978 6645 5347 11837 9719 10163 9931 7041 13736 8684 2763 13025 3175 7854 10221 5240 13504 1836 11317 6263 3735 5596 10715 94 13806 6210 1971 2657 13987 6744 858 12181 12699 10544 14057 10891 7400 7288 11928 10549 831 11557 8705 10262 1536 8686 6062 12356 9234 1764 2315 5471 7838 4887 4428 6858 12064 10381 3410 3850 12747 12499 82 5295 13100 484 13235 8247 5211 9766 11469 10708 10006 2645 9642 8414 2306 12266 13689 13256 1466 6770 11442 10249 785 11947 4272 12680 1025 9002 357 2293 12413 1261 362 3897 8194 7190 4188 7568 7474 5220 10239 3553 3871 2134 14012 13451 7349 7566 5950 7849 624 10791 3973 9157 6335 1403 1877 13613 2613 10965 11779 2298 10894 511 3556 5392 10413 3150 5469 11498 10255 7399 5402 10218 9983 807 3661 2577 8948 12177 1244 12429 5016 11783 4143 6831 5639 4241 12469 69 10970 5744
204 4585 6157 9300 7205 7092 9990 8533 1529 4664 1444 5910 7541 8692 9740 11537 10997 10166 10126 13611 13722 12578 8818 4625 2688 6341 11439 8015 9037 11444 8094 1939 8361 5384 3982 9675 1094 9540 13640 13843 5504 6129 9604 3596 1621 1487 14008 10081 13519 7501 10666 12279 12031 5874 6212 13682 11063 6396 5095 4685 11264 12464 6277 142 2468 927 1395 6487 9685 11123 8548 6178 9874 11248 12652 2816 12883 6959 12422 5445 81 12869 14126 9304 13314 9941 10340 14093 3698 6644 12903 7878 9007 10092 12383 8901 10690 11637 7001 11106 6908 8840 12098 11135 5415 9476 7363 7347 4633 8214 678 5583 8276 2851 10124 3961 10400 5851 13308 6763 13827 10950 5929 9946 8723 3986 4101 4574 13620 204 10080 9768 1332 7173 4411 4868 444 13281 7199 8162 4551 6627 4556 12768 4920 13948 9594 11239 12963 14201 6337 4448 5806 11246 10586 13907 8539 8146 11424 14168 12593 9669 3971 5536 546 7983 12938 13782 7945 10604 3284 11928 6668 12088 845 1951 330 1511 8922 6124 7400 10943 9510 3193 11958 6888 9085 5914 4298 12905 11363 8820 11858 3767 12519 2412 9216 2124 11124 4857 12444
205 998 6002 5431 11148 14062 1517 4977 6884 10590 9753 9354 4552 2455 9791 7169 3367 14090 4571 2965 780 1125 12933 6730 882 4154 1166 7121 1306 148 3960 666 9760 13689 10506 11735 2216 13536 8127 2820 4602 6979 12323 12630 6261 3219 2674 12161 11045 1456 13732 2401 12038 5519 11596 12477 7626 11745 5006 5866 4320 8094 12932 8258 6591 10977 9979 6340 13745 2935 10376 2974 8110 5662 1633 13605 1839 2823 7370 3011 6620 2707 9131 1284 9572 8812 3394 5282 7563 1998 7245 1189 4385 1318 10270 890 964 253 2276 10121 2435 8400 12318 2803 1679 8716 3771 3428 14056 1932 2704 8534 6565 5085 12788 1754 3136 5584 942 4258 10478 8310 4803 12305 1862 93 2844 10858 7195 10845 3293 2889 9680 11355 3353 1929 2919 7417 10934 11432 10191 12553 3218 2004 5171 5990 1926 2615 9191 8101 8510 13031 11521 13804 7903 7358 3816 3723 2665 1988 8334 13014 5843 6401 12910 1369 1549 6452 11849 3562 4251 3305 7973 5000 9459 3492 3314 1039 12859 477 5655 13043 8076 7333 4406 5903 10352 1282 4940 132 13047 10604 12587 2140 5722 13196 6248 8645 5121 3324 4133
206 691 6913 13663 12918 6410 7216 1353 3971 8063 9851 5496 14076 11594 7761 4327 5140 5750 4366 8381 234 1274 1517 7566 3425 11926 9811 121 9792 11429 1316 8349 13023 11575 14051 5475 12211 13997 8633 2622 8964 11506 11238 8719 6810 594 4555 152 8310 10480 11564 4035 938 3343 8157 1995 5622 1019 373 3518 102 1119 1025 4799 4838 4830 11630 11584 13089 4374 8627 10678 11493 9425 5476 8065 6120 10804 8105 5849 1491 728 6047 723 2133 6068 3301 7381 2112 8445 4882 1825 4318 5485 12129 6244 12860 5507 12909 6206 1087 3839 7977 862 5974 11892 1809 2932 10151 10291 13070 7006 4466 3168 10093 11066 11765 11187 7264 1464 2725 5152 5307 10884 2312 13094 10745 1560 12277 7347 3946 364 11407 2343 13047 4659 11528 11256 8966 3338 12090 10563 10547 1494 4150 9756 8255 7863 573 506 7624 6985 4025 11532 10944 2691 9178 5355 13293 8610 13038 11485 6213 7280 580 10580 4916 7296 11075 222 11994 11869 13996 4841 8128 13952 3673 10062 5092 738 9839 2336 4220 9431 9722 7329 3013 12288 1284 9109 9397 530 2331 13041 6684 426 10583 3891 309 14026 9360
207 2944 1252 9189 12376 12522 3157 507 12537 13816 690 8642 4750 11265 7053 12418 1625 4867 1221 7256 8727 2533 8909 3461 14070 12456 10587 7937 1537 10448 11453 1924 2774 10195 9136 1470 6312 13841 11884 1346 394 6317 4863 5787 5541 6543 6917 10104 6195 13062 5462 11222 11393 11292 5492 7397 1873 1121 1885 12066 5655 9838 4581 8840 3972 7007 4729 7806 526 8352 8766 2870 1349 8211 2535 11822 1139 7248 7186 2762 3855 385 8583 10904 11116 13844 8729 9037 3713 11128 10302 38 921 8905 12078 1829 10172 6998 14025 13401 6743 173 10009 4084 9887 8119 12136 11703 9231 8222 1492 772 10758 11455 2855 7717 2499 1647 2666 4994 3449 7859 219 6780 10654 316 4432 2262 3363 4352 9375 13994 8910 9633 4203 12065 9033 2586 11637 13883 13886 5565 11900 2813 9387 10657 5183 9148 11649 935 4684 1868 13697 4147 12583 5825 5215 3158 8894 9181 3781 10451 5236 4738 12482 13494 12444 10594 5474 9979 3118 11927 3446 6433 5390 6082 7803 7332 12439 1465 10884 2125 12036 6006 5073 8980 4828 2686 2752 13930 8402 12367 7703 5438 4104 13818 8906 10344 7955 1749 2069
208 4626 7328 6304 9979 7099 11448 8279 4896 4127 7916 1570 5881 9447 12421 1373 2159 6453 12799 5998 5606 2566 9997 1246 5029 3722 1665 11569 1761 4933 8623 11316 9109 4577 11766 8925 4254 12694 8498 9372 6497 9332 9026 849 2860 11218 8023 6890 9333 6051 1713 6171 4889 10245 12322 10657 1685 6214 2998 12532 3024 2788 13262 12756 4874 2920 12547 6721 1919 11061 3783 6772 13142 9134 1488 2363 14156 918 2438 82 12135 4730 7644 14016 3233 3278 521 12283 7787 10730 4553 1036 5925 1645 11994 2434 12819 2278 13089 2599 995 11295 11113 5177 10417 10027 150 6962 8308 12292 3701 707 98 14034 546 11896 6758 9045 3247 112 4901 13263 13015 13521 13615 10475 13161 5596 13132 5828 8947 12793 984 11158 8587 3331 8657 6136 3726 10198 10496 12728 1125 154 2502 4263 11133 3731 13057 8270 11540 3921 12293 6251 950 4972 7822 8955 11663 4407 7732 9697 6276 1610 13241 1635 8572 1062 681 837 4288 8653 2094 13461 1620 12696 11184 8402 3390 11492 13798 1434 6731 3291 5726 12688 4169 8024 13788 13009 7869 2737 6722 4286 6808 4426 12294 10226 13628 5047 9172
209 660 9185 6723 2028 5763 5167 13099 12500 10881 11110 1427 7813 1402 10685 7690 8427 4613 13462 9722 8634 264 4745 4446 9503 13284 7421 9992 9538 8991 198 13679 9666 2756 5731 8960 5212 12701 1460 3992 12273 11706 781 10970 3947 4347 13096 7716 5610 13972 3310 13421 5698 8856 13050 2679 6001 13809 11580 3638 6322 6436 2221 2698 6162 1567 7041 8645 4675 8225 10849 3916 8389 13438 5810 5288 7583 3346 10747 2686 11225 8554 8286 2324 8285 6959 2206 5369 639 10583 11910 2971 13783 11246 11559 3614 7835 3272 7417 13171 9498 92 11767 5122 2702 12739 551 6798 5083 11873 9516 8602 6386 12348 3405 6671 7497 13350 5784 13913 1397 13501 11714 3901 3154 8878 9400 467 789 10252 843 702 9377 6045 5928 12885 5392 8150 4387 681 3883 13175 11488 5975 3983 511 7826 13976 10397 11290 11583 1369 12710 9672 1072 472 8313 13980 2330 11753 6516 8510 1779 11114 5025 4619 12511 358 13126 11448 10692 12220 12697 10070 1773 11647 8496 7263 300 13882 2564 7189 4414 7188 11029 7361 12077 7474 13603 13323 8324 12718 10027 4185 2357 12130 7834 4431 683 3664 8053
210 4657 7200 7207 13666 14057 4777 900 3655 5547 4982 5045 11387 4034 9231 99 4930 1017 396 13880 7073 1185 9534 465 11814 9114 10830 6235 12997 8896 11027 7612 8337 2665 5575 8805 1343 12605 12916 3910 1048 6618 14004 3025 4299 2716 9607 6664 750 6297 3459 11705 14065 1844 9755 13937 8213 11584 3455 3795 11848 13416 3989 8275 60 11565 5011 7628 10210 4947 13872 6055 2596 11239 1466 7018 9532 1554 14167 11967 719 3376 11472 4261 9160 8532 13324 12386 5273 11095 11229 9874 1911 13234 3276 1013 8801 3117 2431 1517 10539 5260 8655 9038 11870 3955 7966 4454 14013 528 5906 232 7318 9634 11510 7219 13547 11657 2293 264 12436 180 9068 3770 5793 224 1314 3251 13088 3536 1931 11284 7584 5395 483 4769 5807 12711 4428 6671 12278 3687 4904 8904 10677 4558 1723 683 7943 7042 12078 6798 8911 9773 3764 14011 12973 13919 2284 2398 4398 9727 8678 8467 10228 4756 12026 4211 13871 10304 12692 1966 2784 14060 9055 1963 2141 9629 9359 9915 537 7163 8510 1338 7747 6418 4620 8334 7789 8252 13972 13306 13610 2805 11804 11715 3165 3988 11508 3007 2593
211 4659 9724 6498 10506 8773 3322 1832 2616 8011 9994 13654 9979 3816 4229 9 3620 13146 7464 889 6315 8072 5306 10643 12858 9924 6060 40 5135 4620 11153 5311 9733 6126 1102 6702 9722 2056 11428 7373 2556 14015 2701 2210 9812 4151 900 1481 5333 4911 12800 6356 2467 3592 699 12531 7995 7225 10464 3557 3366 6879 12296 13938 1117 13211 5988 2416 6587 6100 7868 215 8329 3756 11760 3112 5998 2462 6101 4610 9937 8182 11972 13391 9578 14052 134 4279 8663 5615 12039 5955 4533 3007 13803 920 2139 12325 9275 3740 7916 12327 1236 5590 6464 3475 203 2513 12348 12998 12131 10194 5704 3216 8651 6751 3726 7219 4688 4341 13605 13784 3311 326 4307 2140 9590 2776 12035 4115 10958 13894 2351 10501 13224 13333 7655 7268 9624 12180 11075 9458 5256 1282 5569 6547 12512 5631 14142 6169 11155 13822 3551 8499 3147 8619 8863 9134 4149 5109 10451 12230 10521 1065 13434 10537 2101 13659 11392 12393 1822 539 8154 14202 3955 2864 13402 2875 6861 13606 9694 10669 4037 13949 14003 9966 12417 6975 5550 3958 192 12437 4004 966 13455 13951 4557 10363 10051 435 10986
212 4954 12876 5384 217 10135 11385 12660 6935 9994 8671 5281 10416 12861 2312 1024 11072 12020 6520 5411 10901 2093 666 13903 12034 10156 2845 9250 13095 6262 13112 11346 14079 12875 6098 6055 1030 829 1829 9556 12313 7655 447 5634 8088 6699 14034 1693 14018 6918 312 12620 8705 3217 5487 3057 4260 4099 6354 6199 412 3919 972 4516 699 8548 7157 8901 5996 11473 5533 4641 1253 9974 9394 10361 8618 6674 2215 5943 1445 1394 9673 3303 10598 3160 13977 2708 7928 11582 13969 7133 5341 3882 7733 9746 8900 5531 8764 11665 12555 1978 7118 3855 9984 9474 5733 13763 2948 5169 5259 1209 2249 13334 4562 2286 7188 4582 9751 2301 3644 14019 1043 4092 3856 11040 13210 4459 7625 7217 3007 10895 7071 8942 1559 1522 1702 13119 13930 8480 9175 3650 2154 10142 4113 11722 3702 4334 8477 2466 12666 3864 3679 7941 8812 10644 5229 9124 2642 6415 2279 3620 1792 11314 14094 9026 10341 9932 14138 10422 8858 5768 7400 1536 8166 9973 3254 115 14150 385 3259 38 1439 1214 3403 11641 4312 11855 13621 14075 2013 8797 10769 10777 10388 6647 3214 7792 4010 12448 468
213 57 9515 10162 12455 4366 11415 10623 9866 9358 11239 3581 9249 7493 241 12556 13681 813 10652 10061 13483 8600 8200 14086 1599 1255 11611 10251 4690 12581 4294 5456 6671 1448 14081 9233 9827 9762 13518 4060 6107 12094 6736 2056 13117 2121 2902 8547 4731 3473 3941 10604 5204 514 7240 13691 2806 7712 8118 4640 1281 11233 4725 9584 2647 11804 4767 3778 10065 4219 11083 7153 9063 1450 3835 1203 2035 1949 318 10037 2454 14000 3038 10191 10049 1109 7538 10491 705 5379 4726 8332 11693 5952 13690 4762 3653 13366 1442 373 2086 12193 12630 1388 11516 12919 14198 8189 10783 7960 12506 1709 565 8064 612 7150 5433 7285 11099 2316 9271 6358 9596 2996 6150 13270 252 4489 8328 2140 14074 13456 12442 6479 10951 5788 9014 8853 11577 10058 7805 9105 9546 12531 9356 14154 434 5359 11209 6873 6168 10019 4928 5075 13727 5983 1835 10175 8667 11931 13656 2928 9351 7917 6298 461 13964 10300 10800 4677 386 10202 11966 7943 1159 6593 9436 1903 2790 4775 3093 2425 8604 3249 576 8959 621 12705 8591 9725 4307 4887 11748 9666 8313 6024 9908 35 11600 3112 10916
214 730 10307 4977 11893 3438 4800 11545 2992 5189 4739 8135 12682 5096 2817 7046 4021 1673 8476 9414 5523 1646 733 4366 9196 10623 8086 4883 9151 5512 3633 11889 9939 8692 7845 13385 8784 12573 11395 5238 11418 8237 7331 6039 13565 9858 9563 5232 9673 7380 10388 11655 11075 7540 13596 6946 10504 11786 6679 5219 13269 13088 1906 9071 9712 4870 14072 64 2058 365 412 6788 13161 12217 4788 7360 5600 5695 8810 342 7328 2429 2703 5202 7980 9589 3527 3056 6997 11121 13484 11358 12042 2156 1659 10910 1174 13708 6778 11305 55 13550 8264 2732 13211 7497 13737 5551 12752 2112 6550 10460 7438 3898 10536 7273 7746 1059 11436 13880 2092 9996 8325 7714 2471 11233 6794 10875 1778 3566 3076 9382 6748 9507 4356 14088 13689 430 7947 2569 7920 8033 1304 12405 7832 6065 6809 6816 6410 9694 3631 559 9611 8685 3587 6380 1990 1863 5155 9766 2108 14095 10823 2519 7969 12248 4099 6646 4737 4114 10916 532 3310 14054 12010 12695 12108 1204 1900 149 7895 8190 9024 9057 2949 12088 2248 2453 6533 3277 1007 4950 12106 14196 7651 518 5083 9372 2406 3321 8153
215 2928 4159 1425 6175 13955 12857 4104 10616 8484 8028 447 7053 5844 2727 4073 12737 11904 5090 12171 455 7855 9819 849 12826 3025 612 13204 4634 5258 1838 5547 4718 8138 12895 5350 6276 11011 11615 754 7256 4841 8746 9083 13039 12112 10788 9156 13259 12760 7280 10731 8875 8008 11321 12802 6426 6613 10965 9068 75 5727 4931 9813 8214 8561 10301 4202 967 3222 14168 11339 5431 1485 1231 2740 9400 7002 2014 622 12146 9397 4573 155 12753 11977 11051 8131 8240 9467 13515 9402 9453 10689 10526 13842 465 7734 6381 1154 13499 11454 12189 3273 13304 9084 1545 929 12190 13636 13107 9998 7873 11545 297 8313 1692 9571 4958 10925 2979 6953 14154 1382 4182 12904 8954 1757 12764 3284 30 9048 7302 6212 7463 3603 10803 2028 1217 1622 1739 411 5293 4752 13544 980 13644 5253 5744 6141 8944 13127 6468 10724 2732 2540 1186 3070 11913 10407 4730 12572 8401 7822 802 3082 6722 11764 7498 11367 11984 6427 13209 5745 4840 6138 4888 5330 11224 10486 3469 12041 6980 4110 4617 8420 2061 8000 6333 8330 10367 854 5774 9944 11884 8262 5909 8012 10355 13385 14017
216 2948 8583 1693 3008 6599 10533 6116 5299 12654 13377 8963 3573 11215 11208 874 1657 7422 6033 7628 9735 1320 11880 7015 5609 3984 6162 1502 638 12594 2320 11485 10250 379 8905 8395 1768 3803 2080 1402 10641 7017 3420 9869 6544 12987 1399 5402 8459 9211 10612 9123 8028 6579 12449 9173 8405 9551 2265 1184 12116 9508 557 5919 1695 10230 8805 1589 13542 9386 6721 8513 7830 12553 12171 232 6795 14104 5517 3255 4581 4855 9363 2420 12967 11893 11726 9183 10442 10134 8400 7858 12619 61 4025 10938 10124 11198 8851 11084 8954 1617 9339 2314 11058 6047 642 3274 3238 1640 7284 103 14110 8469 8025 1487 10867 3925 6859 913 13830 5527 7852 13786 13088 6169 12527 6704 5391 514 12855 4823 7450 7160 11309 10421 1968 6368 12652 9346 10438 5941 446 7053 3978 7704 12404 13130 10984 13989 12862 11128 6173 5166 154 4131 3312 8165 8521 7161 10649 5812 11738 4672 13837 4727 3901 5518 2470 7253 6217 7770 11449 255 951 1212 11734 8834 3619 11470 2965 13267 2494 10927 6380 12651 6304 3223 2370 12405 11604 13944 3189 12946 3190 2693 2355 6800 10319 8299 9474
217 2089 7602 3626 86 1063 12112 3666 6720 5186 10205 3884 12634 10601 8865 13750 11574 5571 13885 12008 12330 3555 10916 9319 9810 13168 9404 1464 11853 10150 3065 10182 972 9664 9144 12069 8256 2682 363 9177 9294 3111 2369 8554 12157 7723 2821 6841 2381 7933 5658 6336 1285 2223 8820 5572 9490 8193 3947 791 2214 3067 10203 9265 9684 13442 8432 13324 10294 6159 4607 14193 3971 10196 6957 8387 11493 2910 10258 7311 3298 10832 11429 2564 12493 7163 841 5806 7983 11303 13186 6566 12647 13383 5097 5588 11548 9388 10586 2814 2748 2588 10620 6530 5347 462 1813 5445 244 11320 6942 5543 8276 7413 1778 5726 6256 7654 9673 11923 9227 14043 13089 12800 7420 2990 7687 12024 7360 3319 242 7845 11936 9845 672 14142 12553 875 7942 13358 5183 2627 5640 9438 11715 3601 13568 8656 5375 7967 13829 12591 13839 6353 9586 7625 3743 8051 8442 3141 10045 578 6726 6821 10860 8930 5449 10568 6865 5244 10727 13396 9398 3287 14111 2905 9697 6683 6233 3665 5231 7051 45 12006 13646 6477 10900 8705 13031 11759 8636 7730 11867 4479 6508 3480 11370 13073 11336 12240 9206
218 1157 7339 4387 2 5418 11766 8813 9521 11127 1701 10125 12499 6675 5397 5608 4759 2538 526 11545 4018 12259 11037 8382 11575 11866 10140 9490 1297 7827 9445 9173 3251 7741 11501 5654 3588 4364 1418 10650 1612 13775 3741 3853 10615 12243 9091 816 1924 1528 11546 10655 14014 2330 8293 5301 2967 806 12475 1309 4036 1509 4360 6031 4727 7506 14137 7146 11196 8226 9087 4828 733 9304 10682 1467 2110 12805 11178 9773 4522 8569 2382 1560 10434 6099 3723 9428 4411 2785 11703 10440 1068 5588 3975 4044 1907 7975 5493 3901 8548 9446 10457 6107 5724 1014 9397 14066 2679 4249 3105 11684 6487 4033 12227 5436 11769 8339 4725 11435 489 8312 11586 8325 5596 3816 8254 13240 3243 2653 11587 2335 10658 6278 2240 4796 9671 1423 359 13250 961 12898 7104 1655 10720 367 10565 12381 1097 5481 606 5992 4452 2455 13667 12785 3472 5845 13480 5669 209 11362 3215 5679 4771 854 8342 10353 12256 5893 7442 13262 6809 5991 2022 13066 6413 13499 413 207 9850 12037 9206 13431 6564 12697 6559 537 10866 1093 627 10095 9364 8275 11434 12047 11905 13687 11667 6897 8233
219 3455 1071 3543 10614 11559 12742 7636 7725 5344 13785 2434 475 457 4066 12390 3986 5102 11536 6994 5232 75 9175 8888 3380 6357 12419 10005 4666 7633 10606 11905 2616 5129 2814 3416 1907 8155 5003 7471 12886 5624 225 445 7324 4759 3839 7042 6773 9665 12331 8071 4177 5943 9379 7771 4767 6834 993 8670 1799 13485 8775 374 4790 10192 8384 1865 8016 11164 11214 11601 10463 12652 11578 8392 10688 12684 10037 1499 4826 11662 11709 3526 12468 7508 2469 9538 13990 12979 1035 105 811 8159 5173 4903 8945 4435 9959 8835 13208 9229 8150 2206 2411 14014 6391 9498 13131 13870 11454 13786 8292 10553 3007 11056 8357 5135 12244 13698 11583 6374 5448 12345 12029 354 13622 4586 8693 10038 11779 3820 13436 4071 1606 29 2868 147 12488 8545 3476 10900 14006 5858 4014 8509 5311 10716 321 980 4531 13032 11527 13188 8564 10924 669 10651 2155 9223 9993 4777 5613 9831 12140 4288 5787 12515 4101 3540 2233 12075 9404 7118 13650 279 2991 1759 11800 8609 7806 3129 7256 8779 544 242 1078 8978 1398 11868 8496 1182 8844 9818 328 11829 4075 1734 12501 6193 11968
220 717 6629 10946 7923 9463 8867 11304 12395 13356 6520 4580 9603 2689 9459 2290 12489 379 13589 6161 4929 2237 12194 4183 5892 13610 6324 7670 2219 2239 10392 6179 5255 13177 6556 11369 11864 6291 763 1500 539 1030 6422 13341 12424 1520 2382 11407 10818 4952 1542 2401 8311 2362 11113 9640 5300 404 9286 5076 7403 7351 5792 8913 2547 8657 3902 11798 13908 6132 3830 5063 13121 9448 11259 5435 2516 6981 2071 9339 13291 13925 14190 13055 14157 12976 2768 12551 13602 400 2959 9993 14206 7807 11934 2809 1146 9172 6099 8542 12592 4004 2641 7595 13228 5333 5018 8212 7612 5623 6168 10088 4153 13009 12997 7346 431 4946 9195 4473 7309 2079 11017 4165 1470 11293 5812 11458 1010 11633 3701 2082 3927 1762 11764 10442 12388 2480 338 10391 1993 2150 4011 6873 8788 4872 13952 901 12058 12435 6840 7542 13725 4235 11989 4666 3131 8782 553 3775 3643 1952 7487 6102 3315 11763 5525 7128 6985 14111 9897 3393 13474 2037 5951 957 7460 11793 10684 2746 8663 14087 5950 13406 9833 6018 9879 10576 13140 8107 4456 8324 2702 3413 7763 8371 12803 7709 2276 5490 6404
221 3063 4644 3889 12128 8756 866 7138 6492 4420 1687 13446 691 6417 3756 12510 9463 1587 12698 8889 964 4111 574 1803 6702 7755 7815 14069 822 2643 5273 11110 10929 6447 483 7364 8200 9624 10039 10603 12990 6026 3128 8571 4517 9260 13877 4278 13752 11691 7837 10518 4058 914 7014 787 13220 9436 131 2885 13675 270 5857 6055 460 14118 7472 2066 1760 2255 3007 9868 11010 12044 7433 9889 10329 4047 11539 8112 7836 13222 5488 2501 2488 10790 3745 9641 14184 4942 2875 5786 3704 3318 11549 1410 5473 6526 4174 9521 8261 11001 7965 1564 12273 13228 5104 9297 5727 5798 9914 6453 9730 3585 12941 12719 1184 2567 6141 1046 9067 4955 6782 13620 598 1977 6345 1449 9007 8066 13076 3024 2815 6477 790 10430 4460 13938 2532 861 10551 3629 10426 6278 6039 7618 8352 4289 1186 4587 9211 8784 13604 5135 6806 845 12673 4307 7922 7254 1162 7119 11220 12966 7130 8497 1406 6673 7048 5846 6717 2189 2059 10997 6109 166 5484 6952 6931 9107 5978 14151 2797 4515 6484 10134 10169 11365 10022 9220 2082 7584 9708 2591 8495 1054 2428 10964 8572 10988 13345
222 635 4169 2687 1545 6446 9376 8169 3934 2976 4388 13968 668 2043 11724 6007 5133 2891 2831 7586 5754 2153 10510 12607 10059 8949 4934 1279 13193 13427 7885 661 13794 4413 12761 12642 7808 272 5916 13472 3634 13473 3403 5530 13901 8688 12185 13194 11838 2251 13608 7875 10685 14061 6315 11139 6040 600 10555 12318 14004 1918 1416 9925 5491 10568 13136 6940 1379 6439 2088 6974 4886 4536 8409 453 13371 9772 13830 2674 1858 13147 2384 14090 3409 1334 5265 9561 348 6205 916 2848 1869 12293 3608 9234 3335 2430 10710 9867 322 2528 6397 7440 1212 3563 3832 9015 10509 1126 11683 12964 8515 13322 10738 13527 3355 2877 10523 6070 13893 8924 531 9384 2597 69 12778 3167 12181 9999 6961 10081 8598 446 2208 2660 11993 6114 1756 3565 6240 13954 5610 10352 4319 9235 12332 12129 1637 7175 10947 768 2392 3055 1565 11229 8710 8876 793 13001 276 8157 4308 11270 10497 9500 8178 10970 1303 10025 4728 4055 11564 12330 7796 5285 5342 10251 12390 5721 7739 12463 7142 9535 9965 12833 363 1493 388 4641 2443 9688 215 2459 3986 9263 13401 7792 8889 2615 13291
223 5098 1044 208 13147 11983 13203 5068 9809 818 11653 10497 1976 3543 7782 5031 3356 10703 7520 6208 8196 2209 7361 1822 8936 13822 377 12109 11502 2900 1502 7795 10357 12020 10187 10415 10682 7474 11291 14082 421 12506 1535 3655 329 14054 9420 8898 8736 8707 11665 5056 8554 996 12078 5948 12906 13894 8705 3071 10037 14189 1900 13815 4616 10759 2461 13233 5736 2838 10625 1148 13858 7833 2319 7963 12260 5804 2753 9685 738 4253 7548 6358 10122 5305 1146 9697 12849 1105 13053 7027 1737 6014 1866 8643 12610 13670 7801 682 4811 13580 7789 12571 6119 2277 8049 7811 6332 2884 9096 2303 5038 7203 12839 563 5850 1052 2926 3521 4119 7519 4720 10335 21 9380 13680 10674 13366 2736 686 9165 2087 1634 6555 13546 9129 9139 1433 4769 3469 10987 3180 8781 12782 8955 2689 10339 4577 9695 7676 6248 10724 8787 13435 7712 3558 593 12547 7766 7160 7345 14156 8074 9594 1633 8842 12169 11437 11868 12024 5066 13401 9122 12304 7210 10866 3487 12238 3746 4220 3479 11462 14129 5032 5034 8380 9126 14093 7661 541 5452 8642 9787 9614 11992 6635 9624 8107 2178 326
224 5104 1687 10662 2141 3824 64 6006 13993 13683 9670 2507 4601 1018 10728 7571 1860 7324 11157 8987 3918 10972 841 7361 4840 2923 7892 11889 12029 5327 11658 9606 12996 4398 3191 1814 11537 9335 2350 9593 4134 4963 3344 11182 4793 14194 11469 4246 4752 12611 7528 4561 2268 758 13610 13451 5911 13279 13272 1546 10942 1789 5664 12002 10168 4950 9070 7659 13764 4196 1175 10464 7863 7351 3336 9448 6664 10975 11086 9783 4871 6366 4591 11813 5067 6348 13364 13029 9849 10643 7387 12886 11094 13606 2338 7469 1913 404 3797 1609 13989 4033 1040 243 12893 7383 7725 10235 10272 11213 5712 11756 1610 643 353 9975 11438 5874 8777 4870 585 4660 9141 6513 13289 4043 1425 1105 13203 13316 95 11092 7511 12911 10503 12985 652 4906 13111 59 167 13591 2911 9817 10903 8810 13366 12778 11301 5079 590 4053 11862 12436 11880 9461 3761 2552 10677 4105 453 3993 4248 484 4745 6111 13535 5283 5160 12977 2223 11466 8239 5837 8494 10757 7129 13904 7430 12279 1463 7437 12741 2946 5644 7537 5567 2669 178 3962 112 246 6310 435 3575 7372 6778 7868 12636 10436 7211
225 2335 8641 13849 10514 544 7142 5721 8123 1967 2600 1313 1454 3534 6430 4207 7664 1289 12806 8341 3775 5287 7322 5619 5392 9280 4057 7319 11727 13542 13879 6851 8523 10454 11685 10977 2986 2656 4075 13149 4446 13970 8667 12978 7986 8706 9871 2694 7437 1813 8214 8804 7120 6061 5376 13796 2496 899 6478 8548 6820 5857 6591 4326 9119 4069 10980 5348 13217 8027 1892 7311 10672 5017 9163 2501 13868 9221 2257 539 6352 5193 9847 12370 10656 10470 3258 13780 13080 10811 12728 3743 4195 8041 12002 11612 10324 13509 7659 13523 6651 11871 6965 12557 880 10690 10936 1367 4348 12891 4975 7058 1839 7945 7658 9312 9144 3705 14007 1629 9692 11184 3595 5901 1071 4259 9237 7170 7159 3189 3636 12944 13590 13720 6501 8541 2508 5521 1099 7957 9566 2220 176 7345 6163 4803 9745 7700 12600 10491 194 10831 11572 3721 3715 1368 4284 1675 3792 11160 6473 5440 13113 9371 1811 8241 6828 2384 9705 5306 7661 1261 10453 9540 10594 11312 666 4544 3282 1325 10217 8970 6177 4824 11241 3343 2930 11007 3386 10636 7708 552 881 10417 6118 2607 8281 14048 1335 10037 2283
226 2270 1349 3393 11533 4412 10133 13895 14172 6233 10755 9387 1866 5886 10561 3482 13574 14177 8884 10836 5103 6989 8946 7439 9321 6321 10964 4476 10007 13127 1021 7990 6593 6912 2510 13954 7236 12147 13772 10404 3441 6711 2926 1570 5102 11220 5789 13748 12358 7037 5636 9731 4323 3932 4511 12235 10406 1066 5552 2160 5777 3051 2403 13359 601 1468 6571 8822 11744 11132 711 7627 11938 3968 11048 6831 6629 1860 12833 1966 11037 4633 4155 7937 8416 3869 4057 381 3523 7099 9669 861 12967 13058 11447 13358 11040 3908 1323 9427 10346 8740 1040 10774 659 6680 9062 675 6764 10459 8493 10593 324 1114 12639 13457 2040 9475 6351 8604 3866 12770 4314 12114 11898 1890 4573 12188 2132 7584 7294 9799 11210 7420 3375 12741 7902 13049 11409 8880 11195 13578 373 10051 11832 7528 2722 3316 8152 7626 6410 13240 12752 3300 7659 8605 13316 5597 2023 4080 5974 10431 1002 13340 9539 1334 8408 2232 3544 11642 1359 2219 3836 8465 13021 1096 4600 11332 12779 11119 10173 904 8971 14211 8457 9877 964 761 4930 10040 8313 13422 2291 9413 1142 1576 2571 10525 5061 8545 11302
227 5509 14131 13584 11167 7579 2901 14168 8925 1698 13509 12950 12024 1496 8161 12897 12147 11350 4522 7161 13422 8394 7849 6815 8520 10399 11330 7477 9980 13354 7503 12821 1479 7268 9793 13703 6498 3986 5086 3375 10849 2875 11188 7102 10236 10204 2735 4175 13862 427 9364 8539 1080 7439 7986 7818 12237 2968 6897 4144 7767 846 9579 3827 205 6472 3985 13807 6101 11908 3072 1480 4131 11371 9984 4508 414 9234 12854 6331 12721 10354 5998 7434 7129 3249 4189 9311 9606 8926 749 1435 8842 763 10764 1087 12192 1887 3563 11523 9201 7554 11029 244 9331 14032 4617 13589 13099 2890 12988 13212 148 11718 12562 7507 11858 9804 2089 13290 6833 916 11663 8559 552 13825 7441 2777 9152 1858 4101 5348 700 5047 3512 580 3939 13325 13405 13757 8100 220 11585 1739 9117 13572 2110 12459 2937 10610 5327 7966 5280 13824 14165 5324 3152 11444 3846 3196 10904 1892 9731 6277 491 6675 5703 11730 1776 3030 8262 7658 5967 7249 10362 13110 7540 5854 6242 817 4328 10392 8619 6160 9537 2507 11438 7727 3946 12591 4674 2222 6414 184 6854 8838 12050 4486 6600 12232 7698
228 1978 9331 8492 6212 6973 599 114 12984 10402 11706 12459 8437 4179 4398 13838 3467 4944 4081 1472 3592 7942 3882 3446 13366 3770 13830 11093 3753 12757 6081 13180 7707 5455 6934 2458 4735 3234 6546 8612 3027 9077 7521 10747 7467 4354 11486 12554 4027 13432 10622 94 6185 13445 530 14206 578 13183 4155 13324 299 438 8642 10230 4089 4737 10107 11582 11682 11583 7792 3518 8820 11152 11192 884 10590 12270 5428 630 2682 2206 13916 8407 7030 11281 3196 1257 2735 1420 7047 4778 12255 4347 8500 1661 10829 13825 1188 11980 2938 5271 12639 13106 11523 4048 13510 5111 8504 4173 4546 8650 9183 1720 6147 11038 13989 10185 10456 9764 12794 501 5732 12353 7094 13306 1445 1619 8648 147 1064 14104 13280 4743 417 2216 11394 5383 1636 10546 4936 4849 1170 8197 12106 5622 1376 3448 14061 5143 6194 9135 2721 3652 7204 1390 2139 12238 3172 5332 5217 13938 4809 2020 1500 6293 7869 1208 1700 10296 12524 5165 6833 9674 13509 1453 12140 348 10114 5633 1285 14070 5991 11777 3974 13325 10234 612 10551 12114 10750 7419 7560 7398 9001 6254 5582 7852 10133 8697 13042
229 5572 8998 8829 10050 4555 3282 6752 3957 10477 2859 9281 8587 8425 12781 13233 8724 4938 9836 8229 2668 6200 7567 11414 6233 12300 1777 8571 11123 3997 13909 5684 9055 10486 12275 13496 9940 9508 2241 13430 4041 4424 2325 12013 3920 4401 2168 9526 48 7812 13770 9058 11627 132 10051 2406 13812 7549 12993 8227 4638 2133 6801 3249 13822 501 6238 10422 9025 9900 5038 12669 6408 13398 3237 11330 10642 10678 1666 4813 2345 1456 10148 7678 11919 6323 9574 9295 6191 7487 12531 113 6026 9276 3153 1572 155 10576 2376 1013 806 3869 4925 6431 679 7352 2501 3312 6210 4135 12556 7876 2919 716 4699 13185 8964 4996 5055 4213 1969 6712 340 8826 13483 4498 710 8641 13780 12296 1792 8272 7958 3915 2452 5702 7578 9296 9371 7799 11772 12330 6619 4433 12155 4688 9531 12507 5135 1233 5342 5992 4028 7742 5965 3895 5380 10823 1171 3657 6076 11941 12323 12178 2584 7784 5350 12856 1315 707 11916 3776 13816 11473 7901 11318 4504 13031 3207 12891 6786 7835 12021 11579 14215 5879 1446 5467 11768 6704 12305 2353 12960 8906 6044 11998 14026 5661 10028 1885 13015
230 5579 10475 12314 12711 12121 8809 5315 1777 10595 12046 7194 2520 986 13959 4401 9056 5267 5314 542 8584 9881 9286 3210 1875 6609 1169 11290 10633 7732 12977 7350 9344 12203 7554 7994 6100 9183 7432 7391 3503 8507 12954 9609 12326 12543 6729 7956 1889 12031 833 4928 8440 6655 3924 12417 9678 13530 7497 12542 5018 8154 2433 12723 12972 5167 2202 12831 12716 10819 10724 10761 5801 8773 6394 2907 7525 1757 4857 524 8056 7196 3450 10743 9886 4600 4326 11068 12386 6049 13562 10894 12515 3111 10459 11435 8848 5101 896 154 10358 9600 8758 360 12198 10876 8780 7977 13222 1501 3117 6266 439 6760 4294 11014 8553 4597 2439 4546 3742 9719 12004 13450 8981 830 11278 5704 11142 8602 9239 8020 279 10135 6906 13241 12612 9051 6412 12964 3039 3805 10563 1485 7557 12980 13797 12945 6852 13130 4577 10174 3589 6179 8934 12534 11900 8190 9156 12381 3244 9575 4655 1830 12652 13353 5963 5153 8366 1112 12275 7520 7706 8597 11517 11683 9515 13611 5240 12024 6670 7331 2992 3712 8926 13167 13707 5740 13822 6481 9799 5094 5949 7349 4615 447 13352 8727 9424 9624 9176
231 97 6700 6594 741 13519 8160 8331 11784 3250 14051 13493 2246 8418 10760 2655 8130 1207 11692 7786 10710 1684 9214 2103 13370 9646 8049 6585 5867 1772 13875 5299 10779 9393 4840 764 10275 13306 8420 9363 2118 12063 8902 13426 13313 4107 11180 6042 6243 10617 12378 8147 1912 3582 10274 7399 7915 8734 10029 10853 554 1243 6820 790 870 4807 8526 9183 10472 12450 4250 4806 10136 1856 8336 1472 13112 8446 8891 14072 8667 11271 12925 4843 3058 510 3029 2153 2286 53 11088 8992 7967 2613 5528 2223 5815 8637 4201 6442 12319 9667 7799 4046 5347 7284 12303 1087 934 3894 6421 5008 7754 7555 5723 13505 2054 899 1433 1047 11916 4692 459 6688 10513 7209 9891 9690 7646 6759 3683 12932 2157 3849 9226 4302 13781 742 39 2531 4439 750 10975 5733 14053 6484 11710 13227 8146 13859 2523 9197 10978 9306 2902 7812 13848 4954 11047 2555 1420 8195 6491 1623 11585 9251 4366 3079 2119 8538 1116 11354 12978 2728 5065 13215 5026 5137 9009 965 7417 6132 2986 3418 3559 3873 6803 372 5804 11255 6324 8956 13259 2738 11216 8726 10554 1572 3125 4602 1287
232 749 13517 10755 11141 6342 6264 14122 7260 5237 13296 13634 7208 912 5408 6580 9908 6919 1497 1668 7088 8357 3829 13642 3987 732 7323 10398 14164 11770 511 6011 10125 523 6743 12778 7699 4689 7419 9622 14022 12721 12067 7011 7479 205 13836 2454 10540 13612 6321 11083 8008 11476 4305 11901 3542 10097 12012 3858 9137 13155 778 12859 11672 1923 12456 10838 6895 3227 8567 2395 816 13081 14121 8382 10625 10348 12288 1580 672 9586 12252 9152 5447 7266 9402 5507 12790 5791 11849 7492 10683 2403 1317 3693 8548 9465 3540 13703 6288 1650 10536 806 12746 13847 6065 12678 8299 12567 7796 8968 6608 12681 12705 4104 10666 12323 598 2023 1458 13555 6208 1661 1886 10679 5616 3231 14082 4736 7541 1058 2669 12387 12647 10702 9323 2306 8009 14144 9812 11012 10938 5465 12040 5813 13731 11986 12237 8959 4154 12508 9836 13501 2508 3834 13234 12373 4715 3930 5234 8831 5525 4453 10347 14156 11627 5588 1235 6820 6044 11256 12255 5920 2737 1726 11499 7668 10743 9405 12982 13185 12128 5155 5976 7785 3708 12153 2033 773 6447 7119 1284 5358 6042 6922 464 1448 11932 6164 4131
233 123 5731 29 10865 1444 7890 2249 4963 1580 1 6101 13366 5311 5875 9319 1804 1017 2471 4896 13397 1140 13846 7696 1920 133 6092 3298 7395 11573 3849 8123 1606 5198 8474 11140 4831 11288 10306 13972 8964 3963 4644 1942 11305 8056 8253 2277 5380 7436 13306 4560 8972 10938 5218 9658 12168 1947 7489 4109 6564 2216 9157 9679 4484 13018 13090 2623 5615 8263 10516 8313 2617 13821 1317 8072 11726 13423 11915 5905 4752 13138 245 7765 1070 6411 3116 12297 7017 2095 3988 4254 13433 14212 11654 9843 12345 7794 9972 3804 1257 6784 12161 6366 7473 4357 1578 3113 12700 7351 1162 4405 1688 10341 4598 11575 5821 6168 11678 1476 3936 3525 3946 12321 5933 10665 3638 1318 7880 2286 10310 794 640 8289 2704 5878 11630 23 11239 4777 6145 8631 378 5378 11565 9878 3294 2836 7918 9812 1389 3572 9097 7938 9224 8523 4014 5464 10654 5318 6895 10044 27 3950 11917 7579 9881 10898 7616 11901 7175 3438 3574 5411 12377 4894 12218 4790 7103 6184 4547 5151 8642 6258 5830 3601 2377 11138 3445 13535 14089 8666 3103 1636 8211 2645 12598 384 299 13783 6919
234 191 8024 1722 2046 10522 4767 12278 342 13057 783 5164 9074 8846 6232 14199 13155 13317 7892 8584 4060 233 2371 9964 7630 13246 5216 9956 8781 11422 8347 10160 10661 248 13466 8281 11424 14031 8950 3383 11353 1832 13401 13766 11638 8225 4751 7360 2737 3285 2066 3010 2020 803 2983 723 4343 12853 428 14190 4230 2023 13224 3620 1614 2772 4994 8729 985 6071 11292 4743 2818 6656 8890 1636 7051 3333 1161 7251 12974 8156 4236 5374 9161 5234 2596 3268 5786 7378 2616 9721 7931 6121 2687 10604 5847 23 11873 1014 9955 6116 5239 10606 2620 11531 9813 12462 4800 1981 13412 4579 895 13176 14131 9848 3270 9345 11484 11245 2691 10724 9354 8515 4251 9226 8796 9256 5948 3284 10292 2424 14053 6945 6099 797 729 6050 47 12304 8269 2881 7674 8193 2091 10037 3878 3101 6291 9230 10483 8815 6554 2757 6735 11438 8828 13575 3210 10312 4345 72 758 11142 1535 6248 10701 9059 9552 3217 1731 13862 6028 6596 14110 7668 12369 7469 4835 12862 716 4732 10504 7516 9418 8510 12016 6820 2925 2003 5891 1455 6956 924 11544 9137 12036 11665 12636 9787 11094
235 1247 8101 6139 3838 13476 3793 9315 4808 14131 3314 12022 8792 973 5113 3172 9347 523 861 1478 14181 5549 6043 10697 8780 10843 5904 2426 12782 1735 7411 7129 11778 6996 2317 12467 7126 9900 13668 12851 7264 9050 4941 3906 6986 1464 3283 9313 2249 11971 200 11051 7456 13641 5993 1043 11602 12766 4322 13912 8231 9369 5426 6066 10930 9148 10129 13589 3698 13793 9407 6997 4873 4552 976 11600 1669 9582 10069 2848 11190 8045 4806 1898 945 5099 3176 1332 4145 7612 169 3033 5381 11731 1188 2687 8438 1768 5449 2471 3480 4196 3767 6751 5369 6706 12735 1742 11274 4984 9941 11263 8088 12995 10292 420 6773 9527 1743 4958 8950 9685 5297 9958 5435 977 2651 7908 2270 1538 4788 2241 9666 9722 5056 5306 4902 5091 515 11290 5789 211 6646 83 7916 14127 12188 6529 1546 11234 8066 4861 2409 5642 10486 9445 12441 12394 11074 10532 4222 4352 1083 8998 2427 7470 12175 13653 13823 6571 3248 3390 10059 1037 7849 6746 9663 1648 8339 7314 8467 11835 5887 11468 8845 6422 5668 6148 3628 1371 5776 5129 7729 12116 1162 8342 4765 2029 3466 2033 3509
236 453 13068 5280 4163 1212 11299 907 12971 10811 8903 9371 9174 12559 11108 10715 6794 13801 5084 1389 10731 1333 1816 3511 7165 12021 3591 6823 13106 2490 7446 11784 10440 1681 12114 2659 4786 7492 4793 12643 12742 11128 4803 317 10490 7710 12352 3352 560 5104 4249 5314 11602 3377 12124 5791 12154 11284 8423 9016 589 554 11008 2949 5800 391 11429 5929 7122 9700 5491 823 1722 14161 3500 3956 8282 2985 4146 5540 4265 13991 5709 12896 4880 10653 5254 12867 4448 3924 687 5939 13980 11931 10670 12926 4469 7945 12031 6809 324 8841 7665 7973 3008 234 9101 2614 10346 10559 810 10717 11222 5197 11742 12853 5645 9738 11914 3596 7045 4464 9628 8210 10661 4391 12357 10235 829 2032 11794 11332 5222 3332 2816 11433 4694 5192 7539 10536 10190 11418 3911 4302 1773 1404 6435 201 7258 2502 5033 1735 9334 8607 4496 3943 5408 10844 1246 6557 7467 12316 7020 5735 11790 4976 3221 9312 11140 2698 4847 10724 4876 12078 2619 1562 9089 3086 5205 8892 13262 12659 10674 1202 319 5852 7532 4815 7671 12411 5250 13636 5712 6196 11250 11816 250 7808 13511 4599 8067
237 703 12595 1324 11203 10953 13487 11867 1705 649 12956 4462 1871 3761 10957 3190 10480 1735 1544 13185 12724 7456 12021 1642 10133 4681 10608 14185 13609 6135 9885 1346 9754 11014 8274 2898 4543 7981 10927 7752 255 11593 6338 8743 14150 2507 8285 7729 13058 34 1490 13781 8781 5239 11254 9777 6421 10857 9261 11737 5340 6380 11872 9380 2002 2794 14000 13334 4784 13971 8380 9237 1274 10155 11829 5927 1775 7084 5201 4802 7909 11526 11103 9559 3817 8957 14157 3012 11643 558 6932 13763 8191 2547 12684 9893 7269 8434 12629 13406 7044 12008 6218 3745 11042 2508 3884 12178 2494 4232 9889 9781 10970 9699 8737 6126 11501 4257 12980 5686 9468 4115 12848 10168 3165 11191 22 3578 5248 11825 4840 4925 4552 12094 9865 3614 11601 4199 11348 4644 6208 828 907 13457 10508 1017 4937 12490 111 10679 4367 13201 2183 4459 5032 5687 13542 7431 6306 11655 658 957 3599 10215 5869 12936 13528 8774 6141 12860 1830 13446 421 7843 11733 7780 721 5700 4190 11924 1962 12858 11412 5265 13312 6054 124 4467 8504 12122 10993 196 13204 3933 3573 5318 6911 12758 3396 11148 13491
238 998 9714 9254 12386 12533 5737 8729 12492 7172 12032 1830 5408 12751 130 13692 9031 3338 8052 8751 6635 11180 8833 7182 5193 1966 5354 353 5938 4345 8554 2478 12702 4194 11763 12562 2496 13838 3912 10671 11601 2982 10719 7660 12719 12285 1235 5002 2213 13128 10580 11878 9735 11939 12666 8712 10346 6623 10950 2902 7267 1708 1381 833 10787 13314 12976 10209 1411 10201 11752 4779 4427 8372 1567 10639 9641 1797 5525 7316 8641 89 1976 7752 11656 7536 6508 12545 10374 2678 3315 8392 1451 12872 5401 2836 8810 13713 4135 8015 9269 7573 8932 12396 7078 677 7915 14117 9359 8338 7340 5053 1709 10557 12943 11416 10597 3973 123 2587 9156 1989 5780 8845 2046 3667 7489 10624 12599 2253 12267 13904 13843 13657 2324 4946 3461 13751 1841 2752 13964 13096 738 9614 11030 7153 668 2690 13854 13963 9315 5560 1351 6516 1621 2313 3871 8280 13722 3163 11906 7757 8666 4065 6690 12273 9229 4356 10468 13790 2918 557 6803 9896 542 4297 12122 1874 1124 1858 10920 3986 12433 5697 7031 9913 3077 5709 3862 11977 9363 778 3525 7820 2581 306 10193 2049 4846 10171 8575
239 4763 6194 11167 1213 1577 3609 12881 7763 524 13389 5255 3763 3387 5866 10674 5135 5364 9519 9270 9496 4707 8688 10128 7183 13699 11143 1735 10824 13932 5794 11971 5025 1164 628 11327 13324 249 11875 14068 3849 13570 11379 4020 1439 441 423 12996 9945 6630 11348 4286 9056 8898 13639 9549 2666 10161 8738 295 2462 7463 10132 5002 1423 10227 1211 2896 10521 5238 12453 10386 8609 6033 8191 12935 12195 12444 12079 10618 3526 1376 9828 6063 8515 8654 13219 3453 5360 14019 4082 2056 11228 5067 723 13690 2930 9170 4503 7246 3551 6349 4795 8061 1479 3171 3871 13545 9345 10986 4546 577 5776 4208 10242 1568 12895 306 3892 1937 9446 10393 2822 8350 7430 8579 6198 1846 12631 7971 9048 685 13679 6011 14011 6290 13929 11137 5178 12037 5150 2598 12476 13552 9235 5531 13367 7099 10351 10257 11182 7796 951 4336 11647 4857 3904 12167 1226 10870 10153 11019 2326 9534 8628 5508 14188 3617 11247 1133 14156 8696 13540 12705 10717 1296 2500 11599 7670 10690 9833 11415 14194 11133 11071 490 4416 12441 13063 70 9865 13647 9878 13950 13790 12346 14053 12102 8094 6303 6559
240 4597 3910 3870 2758 11844 6419 5054 13584 3123 4011 2965 8709 13741 13616 2228 9358 7426 6253 5158 4793 5919 11356 6762 8998 7184 4374 2004 8266 3526 4917 269 6349 9636 4297 1841 3449 5896 7962 1909 7114 1235 6616 9977 10574 13014 4982 7164 12273 5521 11435 13619 136 8273 8142 2792 13683 3340 5824 8015 7587 9265 8553 12153 11700 8390 4730 10559 1429 2513 7329 254 13789 2520 6069 1336 9698 5106 7120 2784 8208 9346 13169 1915 10896 10275 11651 5330 1228 12422 2045 13354 1694 10352 11947 2957 12239 9529 8917 5163 329 12344 4577 2130 2814 12007 9202 4775 7073 14202 10213 4892 5006 10512 11819 1954 8109 2544 7655 6955 9607 12146 10553 11461 9735 13276 5346 13295 5236 5144 6804 3498 8071 5031 1703 12396 8286 14164 1951 11868 8527 9161 6625 11065 13714 4471 637 7230 5121 8751 12869 10357 11966 7818 8095 2195 5002 13178 9157 14167 9240 11188 6919 363 10047 817 4761 5408 12368 809 11659 3814 5606 4916 2583 10505 1377 9519 11436 7353 7457 13206 12005 4902 759 10858 5944 9142 3369 9382 9986 4435 7059 14114 5658 6932 4566 11922 12348 423 1024
241 5635 13456 8498 8659 2387 11502 11018 2595 9265 12800 11220 10300 12642 10905 9288 9009 4252 7784 4986 8003 1176 9720 7053 12875 13623 5391 9385 12962 9357 11899 832 10632 11916 6846 1294 5883 9373 1218 12022 13015 8220 4263 724 14204 5811 4781 8223 2625 11749 10822 11374 7665 959 7996 11482 9084 3922 4851 6753 5293 5548 3119 313 1378 6021 4688 13954 7980 12718 6287 11202 6379 292 8562 1713 9737 2196 1859 12747 2112 7157 4644 5518 5555 9152 982 7910 2585 1553 5006 5399 4661 848 8050 7115 4636 7022 6828 14196 11955 12435 8360 12049 14198 2358 13505 565 8463 12880 2228 4408 10268 1322 12336 8972 13562 3668 10221 12692 5879 7796 11091 1436 2298 2209 10820 6818 9201 13140 3694 4905 10068 6135 5520 97 6542 229 6277 4429 13921 8847 11324 1246 2746 1471 8122 10809 8955 1924 7349 6757 7815 13025 4373 12477 9493 8510 11728 3690 11412 6181 14086 8061 10484 13989 10159 380 2472 3775 13912 13016 4037 459 9596 8521 7655 5474 510 2696 9029 1225 8338 1175 13391 12739 11234 3769 5248 9637 12553 9928 5957 10609 256 9393 11490 9376 8571 10440 10486
242 310 4475 13369 12377 3916 6335 1850 3871 697 1046 11445 5977 8957 1976 5999 4373 4768 1052 8319 4822 12120 1150 6084 12069 1146 7509 10243 9312 9541 8913 7616 6896 11502 12288 349 13258 3160 6595 11633 3112 11019 10768 1449 9822 11759 13250 13735 2297 8766 315 13806 11787 11003 13325 897 7025 7471 1549 4872 8762 4584 9347 11895 8790 10064 12095 4966 7248 3032 2106 1713 487 12856 12168 6339 5595 2192 10209 4296 13906 1021 12508 12915 5656 11192 8928 994 1955 973 2508 8379 8498 13661 818 13717 313 7572 10360 9792 13076 8229 6305 2387 4961 4537 2182 6505 11737 5904 3445 525 13218 3104 3873 12353 1546 4178 6851 12082 7056 12528 3038 4865 13521 9762 1405 8739 710 12792 6705 230 5345 8779 8560 8033 2029 11660 10287 11295 12526 8862 4681 12569 10834 7427 3920 11225 10486 5383 11679 1000 6987 2311 11744 663 6060 7446 14216 3691 1771 679 6678 10444 13116 7484 7737 5196 3358 7781 12607 11613 318 1859 9988 2262 4245 7107 2669 177 1894 10861 288 1947 9187 6436 7666 7626 9097 13880 3298 5538 9906 9833 12208 6888 902 2021 9181 204 8772
243 171 8550 4012 10225 12390 9880 731 8498 12505 8299 6326 11422 2993 4316 5476 5615 6715 8197 10297 10387 7685 6256 1747 13981 2194 11283 675 12396 12136 13806 6955 10826 13660 3232 10658 1654 75 2483 9275 13391 14117 1618 8140 3496 8210 9898 3096 10951 12283 5923 2276 5799 12579 522 6723 6238 7127 10516 9843 9043 1780 5305 2241 13106 3250 586 45 3844 1215 11488 2856 5788 10167 13187 9649 8373 7000 8576 11105 5368 8335 13345 10915 11565 8897 5742 3120 2360 962 8298 295 10039 2151 77 2605 2603 10971 8201 9892 4584 8842 9852 6950 1652 7161 3711 11237 895 3533 11341 5975 5375 7809 12510 4736 8416 3540 840 11635 13709 1979 2931 9412 11796 1803 1987 9991 13988 11801 14139 3608 7362 6538 11636 12606 8443 3527 2775 10219 12372 5427 8644 6445 8247 11355 8541 8025 5216 5363 2780 4528 12048 6094 3882 9285 4549 11452 2808 13473 6667 7608 13336 10575 6844 5997 7711 5003 13522 5433 144 4254 10314 4412 8953 7673 2845 9766 5039 1174 10406 1362 6797 6590 3493 1254 12650 12497 10126 2861 5266 8950 5163 10001 12021 13887 11101 12448 4809 1166 5655
244 3298 9972 13261 2404 9601 12032 6955 8122 6219 7446 9000 11165 6827 11630 7134 5370 4171 7564 1828 4265 6265 2020 12676 14017 4690 4624 670 1555 9259 516 6654 13091 3733 9322 11380 6457 229 6664 2101 5681 12583 1219 4434 581 9834 5495 4017 9126 14213 4496 13521 2377 309 5768 3535 9918 10454 8280 7702 12209 674 9243 645 7104 11084 11609 13156 454 8347 1342 6378 10050 7755 3176 3168 11387 2360 12537 1377 8075 5463 10574 8284 13905 1769 7575 4945 5225 7930 6095 4934 12230 7917 13383 2030 6817 9580 763 10156 675 9824 11842 95 398 2533 4812 606 5613 9522 4569 528 1378 16 9725 11824 7346 14135 10056 5500 2913 10172 1003 6723 1102 4197 7838 7820 13074 2268 3403 3500 11838 6729 1160 7214 2264 6839 8995 8847 9336 9644 7705 11626 2958 7091 673 6973 6888 3100 2034 8262 6650 2856 1843 1056 6418 5620 10741 6143 1235 646 10360 1750 10047 7290 14172 10127 3694 447 10942 9419 6797 5431 9769 9932 13749 12137 10589 6833 4924 288 176 2778 11941 510 4727 12801 4773 993 527 9049 1066 13645 3788 12523 10573 13947 492 13088 13501
245 1262 6542 14132 10510 2619 301 9833 11054 12701 10991 6177 5185 1821 5459 11116 13543 9684 10628 5591 8176 4306 5931 13691 11233 5475 7102 8970 537 9460 378 10214 13821 7464 13575 2306 10931 11838 11064 6662 4457 7093 13221 12672 11296 12870 5409 6035 6952 8182 5401 5490 88 8340 1091 13430 14104 6970 10226 7948 4067 11517 12339 6267 14178 11790 10818 3639 6386 9839 4024 1010 7032 7238 11347 4678 10526 12309 3532 2304 13166 10027 12468 4216 3347 8604 12161 9828 3972 3540 12298 10319 2229 3076 10519 5159 4506 1797 6567 982 1945 14119 9318 5513 4718 12394 5758 8462 4853 8068 3808 1233 8587 1356 3919 13805 1296 10235 7903 6881 10718 5895 12922 12262 7276 3130 10406 2372 2396 2267 2373 8282 8764 12282 8960 12692 7175 1430 11203 1816 13119 12210 5816 4205 6330 9702 3126 7933 6327 4178 10129 2264 11360 1135 2050 927 7378 13589 1973 5707 6520 9104 6671 522 11883 12685 9830 11402 7340 1795 9670 12450 1873 1245 5360 3441 8095 9363 1845 13642 4128 5140 716 13613 6114 818 9049 525 8121 11817 9105 2580 510 7074 2156 1032 13799 5822 11551 8196 12987
246 3989 4974 4557 11914 8150 4824 12105 1676 10356 13962 9219 9527 9125 5607 38 4643 6115 4401 9904 8030 3677 8158 7614 11523 231 7188 2520 621 141 8681 6206 13934 8818 10923 2134 6735 2360 10311 3240 8439 4853 12973 4389 14050 158 11730 1110 2341 10459 3426 13739 6210 4749 8587 9317 1862 11867 629 7268 3600 2289 12899 4483 582 12785 13800 4325 490 495 10250 13866 1030 4617 14151 13166 7685 11253 11591 11999 6420 1011 10677 13144 6936 13441 7308 768 6246 4416 3294 2485 638 12205 1327 721 10818 12282 9740 5711 3815 1482 11922 6438 2811 4034 8507 1824 4083 3267 12825 5600 11898 9922 10288 1598 2754 11556 6949 11118 561 2921 12814 67 3658 1473 4102 12863 6459 14204 7097 1865 810 459 11085 266 2592 704 1277 4754 2477 306 12946 2441 3842 10620 4427 14126 10776 3228 12096 8434 292 3181 4852 2321 11809 10428 5524 12068 4914 12639 6070 1915 9172 7665 8640 8222 9038 3812 12401 5168 4077 10716 9057 9020 10801 4104 6381 744 6098 507 5777 5180 10075 4393 2529 7498 4129 4726 10053 1649 7513 5759 6232 4544 8370 1811 11940 9053 10797
247 119 6725 9201 10410 835 9490 6309 9608 6811 8639 8925 1787 9939 3858 4053 13265 4056 12690 9472 9148 5168 4524 206 10249 9669 1725 4846 1499 12933 2337 3222 14162 13260 5395 13327 11953 7715 5997 8105 9803 8491 3857 8923 1801 9262 2155 8585 4068 7361 2102 8739 5302 5274 104 12919 4012 3179 9612 9325 5909 831 2766 11865 945 913 10118 1238 3513 3578 10648 1407 11628 10993 8649 210 8888 796 2229 4775 1931 8136 10184 8092 12051 1813 13595 11881 11125 8199 11070 1544 8281 6185 8195 5636 332 2604 13836 11101 9506 7486 2353 13203 5485 5126 4581 9609 1334 4981 3147 11715 13790 12636 15 322 4365 11561 12499 9498 1364 13677 2690 6999 6008 12275 12560 5930 8784 6573 12583 7163 1346 158 2222 6187 3677 5071 10934 4488 3446 2440 12568 13845 7323 9454 4174 1056 13768 2421 13504 1730 12692 953 10400 7803 8307 10125 1892 11227 9979 3803 5275 13795 6982 11571 73 1672 4829 7028 11257 2915 900 8062 3351 9290 6962 9041 4332 6537 11652 8973 8225 3199 4709 311 12781 5067 10867 7264 14135 10844 13979 2702 7726 8257 9436 5414 9473 4692 3405
248 914 11108 9558 10859 3842 6139 4625 4030 7779 13115 11910 7871 9333 13930 9257 7332 8507 2769 12223 4059 9557 2774 1870 10194 8739 10806 9789 10152 4384 308 473 1777 1796 13957 3285 13209 10239 1426 5400 10677 8423 3443 9009 12772 7756 12623 2957 3880 43 5661 6456 8061 10364 10045 11886 6888 8106 11777 5796 1385 3018 13556 7453 3926 13901 1263 1642 11827 8041 365 4302 10214 4645 1182 13821 8273 7273 2803 11834 11211 4848 10633 7514 5790 1249 6124 436 7556 7730 5069 7372 9579 7776 3983 7497 5653 2713 12695 11865 9230 227 9158 2201 4106 11029 6745 8735 9315 8677 2648 11875 8498 10948 8672 2491 14194 6728 8855 10343 12488 1726 7499 1928 4483 2799 11638 6077 151 9274 10482 10894 5613 3885 1782 5995 8331 3817 1525 5054 11584 4674 13192 2264 8266 3193 8173 12265 12764 2914 13937 1145 1494 2999 12539 8760 13415 6605 11297 2904 4798 14188 6993 3592 10947 6719 12599 12017 10992 3508 12162 9466 6726 518 2135 2241 4860 1227 13638 1007 8142 1913 9074 102 1820 8906 14025 5407 13166 7650 8076 1734 11461 5580 10535 3610 11520 1265 6723 1004 7594
249 5986 14060 1992 8752 8690 918 12046 496 5759 13369 11103 7356 8764 9345 7538 12599 5564 376 6854 5040 5244 1558 2179 6576 12000 9213 7814 3841 10260 13833 13814 7829 11819 5252 442 13053 8218 8043 2670 11139 6451 13327 10034 8725 3873 5303 2428 414 12214 12676 1849 12898 115 13875 14156 12613 11517 10328 12305 3123 6743 5692 1748 11510 12056 5394 6700 11597 10096 1551 9063 13605 6520 1142 4270 13297 1225 7535 4515 13534 7966 7770 981 2270 4536 5704 4144 465 13717 12532 13134 9019 2810 8950 12091 3326 9760 5091 10396 1044 2113 9903 1774 7238 3223 4827 9180 2642 1011 12282 3575 548 7210 6746 10790 431 11618 8059 8310 6903 690 2314 13960 8500 9070 737 1496 9936 13898 1985 8719 9127 8584 1910 3950 12640 12885 4240 5651 3016 3916 1744 672 2940 10873 4081 11258 11137 7373 11281 7079 1989 8840 11723 5463 10450 13003 12344 950 10094 13391 10953 8223 4041 1916 12675 7990 4077 8743 2149 11574 7790 1726 13890 10061 9916 4680 12859 890 12764 3576 13251 928 13692 7710 8745 2161 458 6333 13632 11196 7652 612 6806 7378 4014 499 3643 6827 1321
250 6189 5705 4160 1827 9984 10969 8310 4152 13627 3520 10887 792 2575 360 9781 3628 9720 4976 11273 4057 9919 13011 13656 13736 7024 10356 4337 5516 9212 6469 2210 13688 8459 12362 7352 12988 812 10046 5429 736 4897 7244 7369 13873 5332 12823 13578 2417 2822 1237 10688 13410 7682 11448 7923 8897 6620 12486 5968 7888 9161 2438 3933 13660 12734 4851 5453 5183 1745 9158 7002 3156 7026 3226 12540 4417 9521 2440 8962 1245 13549 9907 8893 7568 13546 7530 3143 3623 13396 4766 884 9192 958 2178 10367 9585 6862 8616 7995 9238 3955 6979 2442 7491 2907 3898 3546 6461 10254 5146 2351 316 11157 3220 6637 6512 13586 7290 4991 1701 13809 12164 10484 351 11078 2093 11916 13098 13986 313 5982 8953 3674 4770 1871 4244 560 1942 7580 11907 5952 12706 9259 13502 12399 12623 10285 6653 6259 849 5652 3257 6813 11133 9620 3111 12552 12039 1043 3060 5828 11840 5303 6390 3875 5128 1653 11110 6933 11367 1034 8063 10468 6273 12677 1439 2591 177 13600 8152 6278 5141 13796 9364 9423 9717 1039 171 6821 10508 10568 3797 6163 7555 5840 11864 9564 1788 5502 9557
251 6195 10211 5986 5783 7982 823 5215 13740 5602 130 12712 4210 7619 9043 9808 2890 11336 4579 7605 8495 11824 5321 11002 5697 7911 1795 11260 7040 1994 4053 591 746 11203 8645 7334 5533 14148 7024 13786 10543 1053 9577 3357 13049 3608 3273 11298 9298 2570 3148 1177 6779 4395 6067 7120 2739 9582 646 5293 9734 10616 10696 9501 10204 6528 13788 798 6648 2361 2249 6107 238 511 10836 4760 7253 8216 4545 5553 5246 11034 12645 395 13341 1020 4959 3596 4260 3064 884 8876 8535 3366 10395 12558 9327 7951 13242 2705 7424 8370 421 5825 801 1461 7838 1322 2710 548 6181 6811 5531 1950 1548 1071 11188 4841 13512 1237 11989 13685 10221 10641 9637 5056 13189 12161 11724 9629 1912 11433 2319 7390 7167 9396 545 11386 12980 10462 12649 3043 7920 1325 14211 3804 4382 11767 7345 3327 10619 6108 10942 12491 13669 12256 11301 2682 13900 10648 12497 5604 2000 555 2071 8935 10050 1241 13229 9958 2162 10929 13148 8632 469 4409 9523 8101 12876 1060 12117 8105 6062 8710 6583 5397 10819 4379 4212 12776 5642 115 10063 10009 9820 12046 5142 13105 14017 11176 13254
252 783 13159 3020 12355 6341 12649 5074 6887 6664 4406 13450 11160 9224 13897 1418 13502 10497 1349 10346 5847 3220 12811 2649 8953 13348 3670 8482 6603 6186 11152 10029 6552 2162 4002 592 1438 6194 6220 8232 5113 3758 11349 2922 7448 5293 476 9011 1206 12353 1478 9635 7525 6755 11517 197 470 10289 6533 9714 12301 10490 4995 2940 6076 2681 9599 4056 3630 11989 10477 5900 3961 3599 6425 5379 1936 6170 313 3363 9913 9716 13709 7896 10282 6929 14137 9065 9718 2464 9207 8440 12064 8809 562 511 4963 1289 903 7494 569 4886 11450 2486 3591 11639 9370 4605 7885 13719 1966 14197 6143 12963 11288 7277 9391 575 10173 6043 5067 2091 1607 11758 13413 3969 10743 10662 12244 10916 85 2834 11360 7392 5281 5429 2307 3348 2882 5521 8159 172 4601 263 3979 8728 11711 6063 2752 6027 6979 8009 12388 925 2040 9003 7579 1459 402 14211 1667 5194 6553 3835 7146 5344 8455 10936 3366 7624 11839 9645 11741 11977 3469 8541 10159 853 6863 6522 5319 12151 7291 1913 11386 1170 13571 11318 1389 7553 10972 10247 2502 9875 3486 4973 2122 407 8280 4732 11170
253 484 672 13784 14060 8975 13495 978 8670 7177 13696 10456 13542 9044 3899 1680 11445 1393 14174 783 12621 11454 11789 4720 10018 2334 11515 12369 13655 11507 987 759 7416 9800 12000 687 10911 11504 13939 3732 12398 2457 1113 10058 1945 9392 4541 2934 5527 6892 3139 3307 12576 1933 10776 1761 13063 1540 939 9749 4240 3649 1036 13293 7327 10707 12520 11593 1625 13559 858 11475 4741 4916 6496 8953 2018 5716 10164 11513 5455 4990 4606 6734 4310 5222 5789 634 7411 13878 501 9774 2491 2834 10962 13998 12937 6755 385 5071 5503 5996 5417 5438 7035 9075 8117 1526 7903 207 13264 6885 2561 10891 13385 3576 3743 7161 5796 10712 4801 13961 5445 11751 12900 4934 10508 2131 4528 1694 10603 1267 12924 3960 8338 10131 2895 2480 4791 13800 2607 14036 1814 12700 2525 6806 5559 12710 7770 11736 7321 9675 9742 13727 7680 10421 11794 6959 7543 1038 2423 6212 12508 6962 10256 853 13441 2010 3723 12112 7668 14013 1383 12332 10326 10313 10369 10248 8450 9461 1217 414 645 7378 1579 3816 5461 84 1382 11835 1014 12527 1518 6409 4835 2365 11551 9101 6726 2014 6017
254 3943 4834 11821 13018 13472 4551 8143 4580 13606 9892 6169 4231 2935 4083 14036 4418 13627 8514 8933 7724 3897 6158 4102 6614 10008 10926 13696 3821 2963 13079 3446 10545 2000 1895 4669 8867 12396 13827 8449 5915 1958 5590 2245 3272 10921 7523 12799 10384 3935 1894 2306 9812 8587 432 13661 12580 4469 2252 13966 1849 4847 7592 9509 13094 917 11325 7607 2648 9117 10619 7681 13417 403 11093 8738 12469 11038 6329 3682 8596 10813 7762 2950 9483 7594 10558 12656 4268 8172 8644 13781 4915 14184 12951 9486 3467 7897 10710 1783 12628 1809 13549 11368 2213 4743 11610 12294 2597 1746 10085 5804 13772 10004 12272 3753 4851 7528 4296 9141 10829 7179 1871 1572 8857 7422 2714 6148 9385 1598 5520 22 8666 2255 4866 1456 11515 10023 12351 8032 3635 3921 5600 12537 9694 12273 7767 356 4638 1509 13697 4096 7792 11804 13925 5958 1259 3871 8007 1101 146 3983 5859 7712 13709 4962 7331 11388 178 8117 3235 11565 12311 2044 4681 8152 2962 3963 6424 103 9933 11118 10586 14152 9376 8878 10509 8530 7088 4926 4650 7222 11098 11943 2405 11546 10759 6003 4550 10210 12625
255 120 1952 5759 1954 1029 4207 10731 13857 4535 2498 3689 12118 9162 12448 4718 3099 11036 8592 1511 9397 9093 806 4105 7029 13591 2707 8930 5008 12960 4692 5394 5880 4836 13207 3007 11016 11165 1376 11282 4544 13029 1763 4024 7695 9089 8839 10672 5313 6705 2447 5392 1173 7239 5497 4621 5031 11935 10215 5338 3530 7757 1812 702 8957 8002 5934 4443 192 13806 4799 13757 13222 5879 11966 370 2302 405 6091 9321 7421 8364 14098 9595 10216 7249 10285 11936 8665 7936 3264 4520 9251 3483 9406 7631 11398 1803 9871 826 7848 3804 12583 11889 2569 13961 4095 3011 902 13714 13487 9238 7638 7844 3528 1196 12810 6469 14023 933 12727 2294 8333 2676 633 8429 5057 831 6260 7141 6352 11292 11827 4570 7828 6858 9159 8951 12186 8121 9075 14120 7755 178 2992 9254 8811 4235 5486 3692 6838 2678 10440 11844 13992 6695 3309 7767 8871 5038 5823 5076 12351 7347 12197 14119 1075 5628 6445 8735 14207 2593 8855 8637 11897 3654 12552 5428 10633 8601 1369 5082 11643 2042 11204 8234 7420 3878 1484 11299 9885 460 8381 2527 11864 12001 4224 10534 7208 1117 13530
256 4596 8817 373 379 4949 10361 3400 1679 5937 1458 6066 639 3568 8779 12778 5900 6717 4730 935 826 7138 8615 5625 1014 12199 5618 9267 2760 9952 2711 10258 12121 5169 5234 1766 6452 6151 6916 4165 9950 548 4635 7914 11097 12085 1353 13089 1287 2723 8370 4341 3246 5790 1444 3002 4364 14025 3441 1526 10408 12291 14038 12195 1706 5662 12115 5769 9723 12214 6685 12175 1415 8267 13674 5782 10035 2361 1285 7495 8911 3435 8725 9728 8852 11981 9428 9228 53 12133 564 3080 11467 9195 8572 11987 5419 13033 3407 11502 7632 9182 13772 13132 10423 5305 12150 11695 7932 12235 5566 11203 13588 14154 13715 11796 7568 12363 10564 10514 11289 10086 7898 10384 7889 13951 7136 14137 11916 6607 13304 5134 14208 2101 8257 1501 13265 7294 8863 7633 13120 7734 9468 8400 1745 3767 1857 1701 721 7771 11283 5438 9536 6642 8391 5037 932 433 8151 4437 2076 11813 10114 11007 1243 8269 7046 2497 2261 2991 13203 2292 3636 5649 3956 1446 4793 1518 6791 6620 5043 14103 8128 4319 9212 9490 13014 1460 8635 2178 4979 10346 3903 4135 203 14076 9337 9020 4091 10536 10580
257 6268 9115 6603 8019 12244 836 11695 10724 9934 2848 7899 3373 3931 4838 12195 6208 2357 8316 11052 946 13845 3681 10116 12272 2326 2042 1554 4250 10585 7243 62 716 1684 3158 8970 3766 5541 11587 7797 9252 259 8560 8304 13194 8578 13356 2537 12184 12256 3858 8695 10399 3264 10260 13228 617 10456 7110 10272 11652 12468 8473 10997 4521 3099 5930 9251 10605 8883 4597 7180 9197 2060 4822 11037 12349 13666 6118 11731 2991 13294 8541 5849 6474 2383 11464 12936 10917 10610 1228 3120 13200 3464 10344 1469 3334 11217 10928 13442 11261 7295 13191 1527 3540 12679 3287 4226 11586 5452 10054 9331 13904 13393 273 2918 6 11751 8223 1552 10784 5219 2915 3040 6304 10681 11003 13863 254 731 13207 7842 12555 7884 2566 13103 10050 6046 5486 11050 7684 824 13217 7727 11667 11304 6119 1129 6322 1693 10444 8402 6381 10438 5718 4505 10269 8064 12651 7416 13896 6653 13487 491 5848 13694 13134 12995 14185 9196 9671 7351 61 8517 11086 921 2000 4860 10428 6488 10336 10297 9800 1994 6411 12783 16 1289 6648 13958 3777 11400 9723 10051 4524 7872 892 876 5146 12972 6130
258 952 7058 555 6878 12666 10745 2897 10646 7506 4256 3461 14149 3146 6173 6291 2232 6299 4707 10418 4631 10851 12687 7903 11040 7707 4843 13593 10777 11995 13090 964 1713 13717 5598 8899 13010 4990 12837 10475 4331 2731 4458 3448 3390 4471 7850 6199 6676 685 4002 14175 405 5729 4443 11090 12513 10719 7282 7848 11800 13397 6021 4226 2110 3998 13433 44 5340 5439 4379 10827 5777 2684 12300 10117 2178 1285 9986 7854 12479 11139 13345 387 8161 7888 8216 7972 5049 4592 6057 336 12547 1476 7883 11773 8581 1883 244 13789 3987 9886 5190 1894 12014 4916 11226 12863 4193 7532 10459 7256 12156 7078 14106 10290 9909 2109 8597 3603 3645 10161 2418 1893 4334 6674 860 902 9872 10474 1674 8871 8510 10200 3107 1143 10825 4125 13216 2328 11137 8046 5482 8167 5614 1223 7123 7297 13491 9553 6874 14115 3617 13025 13259 3004 684 386 4317 12491 11934 3920 8973 13851 11630 2825 3027 7861 579 12542 8341 3324 1804 7938 11035 6579 5301 3517 3150 12393 8079 10822 14177 7073 11906 6806 8042 13262 9077 13030 5114 13746 1201 12021 3149 9294 530 3624 8842 12101 13318
259 119 4605 9032 6833 13093 7922 6651 10973 1449 7732 11190 4608 6223 10154 11840 2013 4335 6978 10726 5422 110 3452 10383 10999 2910 9513 4562 6085 3514 12363 12067 9749 8024 4833 10286 2746 6067 2214 9528 13447 137 967 10646 3731 10822 146 4235 13882 8627 5399 8121 2175 9942 7583 13577 441 8573 12420 12325 3821 12745 12068 12163 12212 6426 9364 10067 3879 6513 3240 1567 862 5112 9348 7056 6540 485 11848 4967 56 1595 2460 3090 2662 4513 7140 7723 10424 3036 5882 5524 12248 6871 668 13709 7235 5029 2708 12097 7045 5954 7024 3491 8896 9304 4850 12174 11074 11015 7015 1607 1742 8199 8207 4523 10965 3622 663 7380 1304 13164 13056 652 11841 4779 2434 1459 530 1809 11874 1668 12090 2135 3890 1234 9282 1929 11384 8517 8974 10312 569 6152 2659 1811 108 8515 9879 5338 10579 10164 9744 5197 513 7693 13983 1510 85 10295 2338 5659 7613 12936 755 9860 7876 7342 13835 9297 2330 14020 13425 5144 2687 4501 8326 7286 13035 935 7134 1084 1871 3214 3996 12007 11353 11209 11011 9467 601 542 7659 14160 7972 14176 12941 193 1737 1817 13513
260 6298 442 10512 1862 7758 6743 584 6942 11308 1255 11264 7210 12826 11316 6779 247 1443 321 11335 2578 6707 1746 5857 10039 2682 13323 11334 6078 9424 12566 11873 2470 10609 12423 12766 7996 517 8267 2237 3823 3484 11879 9694 11220 5082 2258 8583 131 5277 6227 12740 5009 4907 6762 3749 406 8711 9780 3501 1081 8333 12923 11734 7208 1403 11022 2302 11409 6340 2858 6070 6362 10856 14147 13013 3537 8787 13247 3004 11993 335 8370 7595 1793 7607 6605 1400 8454 5274 6935 12143 10562 4569 13387 2455 314 12256 3963 6570 10580 924 7617 11117 865 9291 9827 12527 9112 11587 1021 10737 9331 6059 12129 1441 3529 7854 11862 9153 9262 13811 6243 7410 844 10667 2412 6403 5592 7463 5942 232 473 12460 7385 11321 7452 9046 6195 8229 10866 13673 6558 13226 6855 4379 10821 13469 11467 4674 7010 2552 2048 4924 8758 5684 163 8023 4580 11492 808 979 11184 2065 291 6827 9775 6815 4256 7757 10253 12102 9751 8121 11292 14019 7024 2904 3407 12912 7983 8756 277 7022 14004 9739 8853 12992 9466 7955 5915 10502 12517 12250 13720 9527 8447 13468 889 10388 890
261 6506 8976 13340 3473 11775 13979 4945 2893 5916 9509 2894 4126 12440 1113 9944 8616 1924 11743 13523 9171 3504 12240 8395 2179 2449 3476 7483 12456 10258 7976 6099 13030 3546 9552 10338 13356 10290 5879 9172 5148 13321 4622 282 14065 10364 7840 13748 8134 7852 12350 848 1814 2968 5430 13006 7037 1735 11847 3065 10218 9808 7567 3858 5448 5294 8934 1775 4138 13129 4779 8930 13314 5928 3368 5951 10803 721 11803 3948 7912 13922 8679 4423 5695 12012 11143 921 10363 4841 3046 3688 936 7193 5019 10807 10196 1022 2149 9108 12187 533 12182 7173 5066 4713 8474 11692 7477 9895 11127 2998 3415 12942 13292 12218 2017 5425 4392 12017 3818 11788 11869 5662 13108 3704 12904 11849 12210 313 6299 3795 6139 10855 2888 2997 11168 6245 10731 11783 4545 11221 13596 10244 9743 4441 9456 6019 867 6934 13587 8627 13686 240 1380 6167 6999 13005 2539 6105 7608 9860 9539 5573 10677 2315 3018 13492 3435 4121 2057 11401 7166 909 11026 1183 7472 7041 13684 7162 8751 1137 3637 5169 9281 5722 12477 7939 12324 10272 2752 3333 13933 12542 2979 1272 2680 5791 8996 11325 7895
262 5526 2511 3541 11548 6438 4807 5282 3540 1521 13936 13269 11021 6400 2939 13435 5970 3823 5002 12191 6489 6032 438 13149 186 10682 13247 11298 5022 8445 1692 12702 9159 4901 7630 2106 13211 1788 3087 719 2173 2588 2080 10240 6417 11316 8862 7277 4564 10069 9962 3435 11823 443 9740 10929 7472 7822 610 3105 10669 11066 13102 10636 8475 4973 1783 4368 11074 2948 84 1606 12133 13002 1839 11966 9950 3146 2720 10661 9117 3612 615 10053 7253 1793 5171 5016 6035 10404 14053 7568 11213 8769 2079 10429 1118 815 163 371 2569 5767 12129 5630 161 7262 6748 9356 3645 12246 7791 6283 2848 974 5257 10241 3306 13366 1280 8789 7091 8479 9919 9251 6047 12275 4318 7540 4525 590 11583 125 10753 10205 6118 10384 3227 13599 7316 253 7332 13758 10195 12739 1524 1234 8251 5941 586 1886 8773 10775 12807 3419 7227 10096 2575 2400 4559 10835 11703 7858 12411 3849 12953 8114 5658 13881 9927 7984 2076 4344 10314 12382 12788 12397 4225 2568 450 440 11345 148 462 10132 14187 11830 4248 4000 3103 2330 6523 11240 7036 1883 7645 5527 6596 10228 4586 9615 7114
263 6736 11040 8117 3259 8206 680 13959 11404 6604 2251 7761 9881 3138 10355 7480 1189 1893 1127 11089 2709 9005 7423 14093 3520 3108 4916 10775 10930 12129 8995 10300 4634 523 9223 6344 2376 8902 10430 3613 3373 11791 8018 453 1705 6704 12318 1431 8485 951 11751 9592 6039 4273 3324 8329 6015 10604 5238 7438 12738 5203 9258 3944 6062 2983 10289 784 9523 14212 11667 6721 5462 5697 3874 10352 2608 3798 5020 3864 3016 13183 11692 7085 4260 1212 6513 2810 13389 8413 2760 409 12122 2524 13988 11002 12127 6137 7127 2243 5588 8141 13875 9643 6973 11716 8512 6776 2840 5667 6981 9602 1852 4602 12960 7549 2705 2927 4543 14090 6861 4948 6453 482 5608 14048 10273 3154 13562 1380 12946 4450 7021 1466 11457 3242 1123 13171 1364 7418 14145 8870 11991 6775 3564 724 13847 10708 8027 1943 3587 7389 12541 12010 3103 13996 7572 4029 4809 6759 1417 7973 13283 1786 11413 13886 6570 11236 9379 12253 10411 5539 8963 12851 7066 5319 7754 8558 10751 3692 6637 13970 10687 5141 14094 5727 2808 12384 7374 58 8562 2362 2137 1621 14126 8922 757 7915 12982 14096 869
264 2404 6067 2584 2300 12933 2804 1353 7458 3022 92 1095 2778 80 9703 215 5724 3688 10993 11812 2344 2421 6136 5542 2173 9407 11238 7507 10368 977 13375 1697 9007 8429 11907 4413 12106 7392 5649 6283 2566 10291 13561 4680 1045 10873 6827 12074 8925 6282 11120 4458 3182 4874 4796 3422 11453 11967 8816 2099 7161 10853 13633 2833 3776 12425 695 1761 6779 5316 12443 4895 9760 10214 13747 10005 201 14172 2071 3788 9686 7377 8937 8845 2689 10279 14111 3797 4650 4419 10539 6977 7011 6687 3536 5356 9320 4681 2909 9922 5296 12755 9292 13875 12901 11788 10243 9042 6358 10956 9455 9219 9710 4893 7797 2226 3136 11734 13415 13593 7884 8164 1331 8246 2479 9980 6789 6362 9533 868 8599 11494 748 2561 13191 4578 5448 13316 10981 7533 4678 8591 4329 6876 9279 5838 13451 1296 6052 5005 7347 10569 10742 2969 3512 8491 14134 1906 8985 9150 3069 7405 10491 523 11688 4696 9794 10682 12708 6936 9960 13230 8012 2876 14061 13079 2097 10725 3500 4887 9499 10827 11340 8672 1086 10400 3372 11900 720 277 11901 12116 2734 12414 3258 8010 14214 3950 1025 3497 7621
265 4650 11961 4533 2863 1159 9934 9093 8156 3497 10623 1593 4914 1443 10354 10490 977 13963 12719 11680 4958 4542 3491 10045 12485 3803 169 951 3334 6396 13318 3249 9358 11269 2477 3272 6172 9929 11290 6645 9708 1537 11235 4792 11147 398 3511 6288 13373 7536 10371 12348 12452 7407 5782 10892 7787 11236 5841 985 5411 1411 11852 1378 2936 3078 11486 5438 11065 4067 10174 13046 10806 2479 9850 1667 1674 7532 7546 827 12899 9285 9379 2265 81 10165 8600 5551 11998 1662 13573 11635 13726 13690 2436 7889 12642 7847 12379 3395 13875 4398 13459 8695 7365 6178 13885 2276 13896 13876 2122 9747 10612 803 11848 12971 7658 4268 6437 572 4961 14030 8448 6844 7250 2691 13169 6177 563 10160 8422 3516 5476 10033 6002 567 3924 571 1086 2494 12582 5188 2078 10467 8911 5180 388 14164 1525 10048 8679 8471 11615 10159 7070 7476 13360 10498 10527 4278 12209 12344 11213 7867 3565 6938 3931 13367 6620 11794 7060 8786 13379 13920 3043 752 6689 6322 1175 13262 3450 12441 4113 1832 13078 1916 7405 4271 7238 186 4042 6594 13602 6167 2686 12107 13556 8179 6360 4910 13439
266 5098 11278 9760 3704 3880 5905 8930 9918 12833 440 9417 90 7229 5566 633 5513 5672 6625 12845 13113 1111 12362 28 4296 2565 9001 1603 2380 1089 6496 1616 5259 7236 14017 6552 3000 10681 10550 9730 11970 1750 3308 11800 2639 12973 7983 3986 1439 866 1591 3946 9293 10386 1249 5809 13628 9218 6362 897 13214 4433 14196 10033 7635 2426 8850 4815 9321 4361 14032 11665 5417 4444 4152 9945 10726 6508 13717 7554 9416 13180 4524 10965 3085 11475 7442 8109 9756 10265 9086 11965 13307 12690 11950 1873 744 4636 4985 9964 7314 13520 13148 1465 4367 736 14105 14052 9910 13265 8091 3362 4572 9763 1717 5006 14112 874 10483 6209 4695 14038 14000 13464 12674 11849 12657 10906 2570 4391 1418 5805 4968 5759 3523 2872 8995 3274 3755 1482 1333 12320 7777 12467 11744 11845 9069 9664 4 3388 8709 8862 10937 7440 12085 3190 13483 9152 13484 749 12898 3636 13771 8151 11308 10947 6050 13184 4775 3069 323 7014 10416 12119 8982 12686 7689 3982 9146 11242 12502 7725 8439 2948 13238 4534 14194 6344 3260 7415 3665 4554 7281 1836 7238 13335 6723 3396 9831 6725 8265
267 6769 1511 9581 8394 10546 10440 8067 13480 14024 3023 13317 1991 8831 9497 4675 3377 3182 10825 9082 4962 13888 10298 4631 1872 6516 4034 12111 6097 7654 13911 7486 9907 11277 5057 6754 2448 12712 13897 13691 3404 6030 8854 3602 9168 963 7041 521 4348 2326 4519 5546 5289 7673 6182 3634 1807 12641 13727 12929 9909 2050 2551 7561 8098 13789 4375 4663 3802 8859 2934 13030 12955 5234 10281 2328 7364 6123 5923 6439 13779 7893 11406 11971 12500 12376 10855 11147 5356 5445 8415 7263 5850 14012 11227 5952 9515 4385 8884 9803 7797 7063 10113 6364 5206 7529 2174 8876 3122 8574 10008 1790 11865 4031 5680 5152 13561 3713 2364 9191 3145 13743 6330 10426 9814 3101 12119 6852 7140 10850 3868 306 3919 9478 5230 13458 13580 3341 8468 3536 4174 2169 4042 3733 6209 5794 6340 577 2758 811 10669 3351 5119 13452 10325 13975 10230 4569 12126 9882 7384 6105 7363 2369 776 1786 1447 13263 11501 7286 3361 7255 6727 1997 427 10199 8485 5965 310 4171 11813 3994 8824 11498 4639 2722 9879 8852 9518 847 13201 12356 5759 10029 3922 2814 3454 11600 11430 7208 13341
268 1481 9935 3366 9488 4155 8552 217 8178 3436 4661 7470 10019 13289 814 1883 11542 7925 14207 7558 98 11426 4293 2543 7685 3830 4894 1708 5985 4335 12373 9232 5248 1164 8959 6549 4399 8458 4719 5362 11123 7163 6033 6302 8275 10537 9882 6898 5977 5516 10423 342 3116 5710 6773 2432 10844 2246 12163 11296 13531 9498 11537 10065 8206 10470 2678 8544 4067 3533 4029 1972 12666 7717 8730 11237 12621 13862 7856 1512 10513 6067 13592 13101 12319 2270 11677 687 2520 778 4422 10009 7577 1124 3758 6670 13015 8261 1795 1001 9644 1606 10485 4397 3590 13288 2836 5431 7606 8472 2260 5591 8997 10174 3790 9923 8049 8335 3593 9131 2931 2802 7109 4858 9083 4723 882 4641 10085 9169 975 12359 4463 6717 9342 5875 12486 9314 13152 8106 11728 3011 11803 12046 9893 651 9504 6317 8024 7362 7591 10928 7351 829 11463 1785 6521 4348 12088 7167 5940 13737 2633 1332 2124 6255 6593 2416 9467 7012 6719 2391 11061 8774 4180 4607 11344 2873 12034 11310 1184 10489 3511 10524 10723 13692 6365 2267 11394 13979 1752 6518 13134 399 9749 12565 3813 7924 7910 1067 5343
269 1342 8326 3448 12461 5919 6127 4147 5107 7527 10243 1235 11685 2576 14043 7790 11040 5418 2042 924 535 11514 4764 7718 10412 3561 3369 12117 6612 1592 9929 8849 10283 3565 7865 11740 5351 3552 8386 1182 10368 1873 4180 9126 9296 3297 1623 6925 4308 7156 13553 664 11878 2550 1865 2343 11959 7456 13538 14060 39 6497 6021 3257 6453 6465 10387 166 2236 10524 8571 2433 2424 13080 1094 5004 7673 1334 9302 14210 6473 11824 7621 4120 11138 8251 2431 3903 1231 13136 8950 14001 8696 9576 7319 9678 10216 7131 4968 74 9803 2685 7721 122 9521 2089 2841 11798 7988 9384 3121 1928 9299 1102 4399 9709 10960 4922 1573 4860 5105 2813 13860 5043 9606 10745 6550 8235 13141 2865 2135 8384 8223 11908 4632 10035 1817 4384 13223 5567 2586 9701 2202 10856 12084 9477 10240 13400 1975 11921 2975 8022 5652 10120 1735 7031 8681 12866 6648 3305 7059 6030 1298 14118 8715 893 5954 3789 9092 4259 2900 8358 1931 9328 11713 9346 665 450 13054 1156 2963 1575 1089 2026 480 3331 2562 13656 6325 2723 12068 213 824 6153 3844 14020 3933 11065 13557 5124 5738
270 120 3359 10628 5023 7395 10325 14210 4441 646 3769 7792 11262 10532 14166 1484 339 2433 85 8390 5769 8351 1432 6607 13699 4285 4894 11324 7513 6348 3147 9715 13547 10258 5284 1640 14106 2153 6539 2088 11582 7951 6386 8948 5863 4742 3419 8029 331 3083 2222 13171 10295 6922 7825 6288 6610 13071 3752 10620 4335 11372 11345 3937 7161 2729 7769 11704 2008 12800 1109 11527 6445 10625 7146 6947 5296 6194 12615 14108 4357 458 11300 672 6522 10044 10340 5780 7104 3864 4994 4499 8517 6774 6056 9357 3833 9896 5519 13185 13409 7149 10341 1880 4363 2576 9657 11887 8089 5698 12756 6253 10109 109 5902 9670 8539 1945 6380 5797 13328 4291 6563 10803 2815 8544 11784 8802 3254 2275 6834 10205 65 1497 4603 3655 12715 391 8040 11634 1511 11953 9213 3681 10328 3951 5309 1460 11496 11584 7255 9065 6617 10934 10069 6261 7411 1949 5391 11722 13237 11595 13641 1914 4514 7523 10623 8365 10707 6671 1552 3052 4207 13619 10291 172 3155 3626 8771 8807 2411 2205 1116 6092 1871 3333 7139 11766 8741 2416 3499 11760 4205 8756 11161 5859 12279 10347 12893 912 3621
271 6813 5647 12841 3782 9912 5683 476 12381 8559 1710 2090 8390 10253 6116 11281 5305 528 4269 9169 2104 2235 3704 7518 10625 14047 4769 1050 8959 9044 10217 2909 3681 3312 13030 12035 4018 910 5761 12628 1254 3497 4749 5756 4459 587 11126 4184 8260 2049 12823 9216 5142 7870 9183 13705 12938 12815 3474 4066 2155 988 7355 12456 328 11114 7650 1997 13142 1369 7706 9124 3915 10150 11884 10448 14073 2686 12212 5555 10215 3719 7656 13224 13559 949 3887 6573 8973 12540 1035 5287 5486 6231 12632 6245 7442 12978 8851 2145 6754 4770 5779 10328 8715 1528 10444 6810 7331 5435 7199 2782 5865 2322 1573 2781 13492 13011 9573 13997 11613 4646 11643 6114 11124 10275 514 9945 2016 5277 12753 3959 1956 8289 9404 5962 8960 1430 10340 5242 1271 7680 14172 2576 12219 12803 3410 12676 2093 3799 8415 6394 10892 8609 895 3129 5907 2569 234 4613 6656 7689 8340 3675 3214 7569 5675 11040 8396 3787 9299 20 12315 2695 6750 5162 6293 191 3950 9712 6834 12492 9127 3906 8074 6368 8518 2678 6521 12008 6611 2535 2215 4388 6370 13242 9935 2858 8776 2338 7342
272 6817 6366 12101 9437 13460 4785 12149 12170 8512 10023 2205 5391 2353 5648 10047 1883 7613 12146 6489 7040 4548 13396 717 4683 3729 10226 7172 14205 8007 4933 4696 3894 1035 8642 3892 2288 4718 14073 2977 5299 6754 777 12392 1037 1274 2436 6533 3519 7182 10490 3002 5910 9334 11561 4380 9887 13303 10804 7203 1991 7599 3515 3602 10891 2163 3502 3442 10107 7358 13481 2864 503 4267 4375 8988 6328 2016 9261 5665 2443 12119 1573 979 6120 8366 6524 2173 2123 1167 11290 6725 2324 5377 942 10329 7985 8242 6111 5591 9190 12445 5709 13543 1446 12342 13016 7145 5356 12418 9466 2286 10414 4230 5515 4671 4167 6823 11295 12047 5124 5874 7751 7805 9753 5291 1081 4734 12216 5210 4795 13219 360 12695 13062 5021 10919 4525 4965 3675 3606 12134 8804 12796 8219 1145 695 10938 14154 13491 6271 6492 157 11055 11932 625 729 5756 7432 2006 7051 3455 6323 7852 13609 6553 3934 1150 998 10366 3242 1187 3151 12406 6206 11528 5255 7407 8303 10540 13242 12160 3063 7928 8613 10614 1869 3609 9931 9671 10292 1381 7975 7900 13461 1632 2682 9961 8198 7915 7986
273 119 11646 3847 5544 562 4009 1428 2270 11647 10226 10787 10390 1397 12557 2669 14019 12135 3989 12611 12896 3307 10972 7310 4676 1487 9261 3601 2317 4869 12394 1566 7122 3254 7100 12733 9069 3030 2005 6349 60 8588 2050 9063 252 8847 12063 13457 13624 13103 9822 14189 10840 13215 9066 10824 7607 28 9121 2483 809 4373 11814 4522 6197 8470 8191 9156 12426 7649 9968 8442 4178 11635 9636 13307 2615 524 7134 13525 2849 2570 11662 3035 4071 12598 12826 200 7358 11993 5026 3134 12269 5038 478 172 5457 6547 6567 13964 5455 11125 9200 657 13133 338 10719 6699 10827 7138 6797 1008 5234 11926 7140 1546 9941 5394 5539 9358 5614 6539 8856 10659 5503 13870 5871 4323 12593 1911 7905 4075 2661 13565 13204 6529 12399 13657 13381 11070 7130 9347 8656 13473 8082 10779 1817 10991 5431 9971 8229 2504 797 3388 10378 4534 8620 956 12468 3672 1537 4240 11083 5710 7811 5216 4901 13346 3391 2426 1696 11914 3521 3800 9078 2758 5788 10510 11426 12262 3746 3518 8300 10963 5235 772 10221 9111 2280 10696 2307 6386 3106 12717 6873 13709 12911 10137 6335 3520 10356
274 672 12682 12772 3198 2025 440 13438 5864 6708 1320 1720 695 8714 13204 3037 11233 6844 3684 7731 10158 11079 8533 745 12413 10738 171 10952 1489 3873 10924 2692 1417 7718 11338 4971 1533 1706 7531 11539 8135 9887 5469 13121 9911 5058 8062 1333 10154 7195 8052 4647 11503 6489 4274 645 11509 651 12387 11787 8013 12085 9902 12054 2421 13836 5388 8910 9404 7158 12930 1319 11573 553 5024 6911 11029 4437 495 7155 12378 13745 5339 11455 12343 9221 2298 7172 6843 11266 13087 1244 13632 193 527 1340 3525 2604 4308 8249 7286 11870 436 6609 5219 12437 407 2148 6344 10608 2625 11112 11985 7898 10236 5069 3928 3535 6561 7327 5197 3710 6483 13908 4972 13326 562 3227 14179 7157 2649 3767 12389 6219 11094 6377 2044 4127 2834 9743 11113 11143 4936 6398 1145 7440 9803 3901 8449 3903 13595 12859 12292 10977 2041 387 11911 6815 1107 12613 12542 949 6904 7437 2008 9149 11603 6762 11343 13676 11218 10138 5788 3346 11032 8491 7017 390 9035 13705 411 5561 1666 3246 8733 8070 13467 9217 4012 12499 4003 6723 1426 11484 2209 6071 8136 4439 10483 3387 4527
275 349 12151 13331 9614 7692 2874 2076 12584 10909 13179 10392 6519 13804 9718 157 11329 11038 2391 4370 13031 11242 2227 7287 4842 8712 1449 12666 10604 6272 11881 11607 13803 558 12438 11366 11378 6767 3933 4744 13682 13322 121 2626 13090 4703 9892 8329 11513 4708 2068 4471 2616 10780 10692 10105 8868 8115 13485 6193 8547 4950 4855 9065 10316 6393 12256 12418 10991 1591 4680 6859 7752 5745 5551 1275 11265 5902 6708 10530 10749 7767 12522 5791 13325 5254 443 8572 1885 11823 1150 5552 11696 8936 9040 13794 234 12118 4996 2002 78 13368 11167 9789 6385 7798 8515 8251 7233 1147 4021 5794 12166 2627 6889 9523 5917 5275 7216 11401 8503 12480 4983 9556 3764 5126 11173 6494 7900 4194 4511 9548 12791 3033 9418 3392 2347 63 13871 60 12456 11625 12024 5927 3187 3191 62 6644 13676 2605 1138 11330 3737 9826 12718 13471 527 4299 12770 7824 4572 4999 11840 9263 9643 4178 177 10435 415 1448 6932 13482 11354 2263 3409 5073 11056 9572 9090 4273 2056 10113 13478 4306 9307 3165 11422 3598 4743 10901 6171 12408 9911 10713 525 13958 11622 4815 12631 11284 9018
276 992 3558 5973 3348 9060 12213 8244 9469 801 219 9810 5269 7558 10261 12695 12516 6961 7015 3765 6510 2802 6537 13941 4662 12075 11663 9579 4820 3664 10287 6315 581 8266 4309 8045 9380 7723 6124 2100 12804 13342 1086 7962 12136 8821 5554 10672 403 5474 37 13684 13009 14129 7691 9208 10567 5402 10005 2460 5509 446 9104 2634 8182 788 2426 1394 2967 1836 751 1488 10292 13147 450 4102 3698 10185 8077 4843 9772 11099 8383 1713 197 7319 3681 13285 14026 13923 10576 7458 7346 2610 8157 6763 3823 11092 6241 11797 3362 7806 5838 7449 10830 1337 1663 12760 3059 1869 12218 1204 12757 12758 8859 3304 6041 7744 5347 818 7746 8136 5980 116 4093 34 2299 771 13748 8173 2648 9285 899 2635 830 7798 12463 12440 413 6164 4883 4410 5089 3546 9242 4689 9978 12091 9026 13961 3480 7627 6414 13862 1945 8882 827 5581 3515 8311 7754 4484 4249 458 4676 12411 8953 5361 9408 13303 6820 462 4816 5167 9660 4963 6985 9197 7678 3753 3151 1065 11942 4223 10989 11477 2405 10659 13415 11761 8258 13161 11938 12670 3967 12525 9678 6266 4365 8358 3687
277 6865 13575 13290 10194 2058 6134 696 3921 8460 2632 12444 6350 8847 10714 13184 1956 5922 10627 1291 3983 1064 10162 5537 9303 5679 12988 5673 1580 3775 11348 2606 6161 7079 6957 12153 2328 11658 2876 11378 7382 13718 7464 13044 3823 9191 3194 6117 7566 8285 12811 4030 2284 13510 10045 1836 9864 9054 12735 3044 10299 4573 9030 8219 8416 12033 4293 1999 9280 8419 3277 13293 789 12256 5120 11445 1751 4547 1303 11406 10342 3797 491 3829 10722 6704 5591 1433 4241 5144 11193 6548 3187 7615 1116 7022 9736 770 13543 13846 6244 3175 3496 2142 12230 7906 8097 2448 9361 7060 7523 13204 9696 5304 1854 6896 4253 12742 12320 12299 755 7096 9695 12722 8105 13954 12567 10843 1061 9437 13820 3583 3066 7529 12396 13590 5291 10401 4335 4868 9156 1891 7892 3180 6568 10392 7318 254 4933 6463 11176 5634 5068 8447 12271 7510 12740 3612 13990 5380 7335 13239 9354 2594 6282 8085 12624 7296 11545 7622 10695 13033 5055 4272 11344 7731 4273 3485 7988 10701 14200 9048 10935 6650 13987 14115 3613 5206 1633 8777 2540 12852 9896 13588 12435 3927 2104 7065 401 2591 4449
278 157 13379 11515 1887 1014 13721 9035 6951 12649 1688 9409 13621 4916 9582 9922 11057 1677 13761 13449 7049 7713 5065 2234 2655 9617 11334 7250 1915 11545 6507 4069 4341 11543 7534 7752 9040 6327 3360 11905 12767 4698 76 6883 2209 7180 1566 10224 8084 3 3105 905 5192 8271 8977 14172 11866 11253 5409 9880 393 6701 2007 2329 8509 11756 6643 6156 12698 12237 9365 3037 9113 14101 10508 8458 7292 3259 12211 9219 10246 1074 6571 9366 6792 5198 417 11611 6682 6613 8391 11873 7390 13827 1017 3622 5769 6910 12600 12511 4259 13776 13492 5740 7975 3033 12068 8978 6850 4606 13838 5585 13147 4631 8351 9455 8803 7249 2713 11135 4355 1408 2496 8071 8740 7394 13937 99 8840 11948 12069 115 7979 4669 11179 1553 726 1842 3269 13623 6095 8228 12747 1496 7420 10696 4431 13137 6620 6480 12486 1817 523 1107 13373 6145 11573 11876 5515 5670 11420 4401 3100 2353 5240 12362 10068 10908 13376 7543 12664 11697 1889 12072 5826 5346 1349 3928 10913 7774 972 11381 5611 4777 1554 61 5151 2546 10015 13738 11382 6509 11661 9556 4047 269 2498 11455 9839 5007 10023
279 6927 5421 3495 7563 13279 9011 11285 10497 3791 12129 13370 5049 12000 2939 9750 1879 8655 2551 8988 14111 13780 348 1633 7873 13849 11156 1406 7750 13373 3330 5223 7259 5807 8452 12094 10321 13918 8712 5070 8700 9014 6636 7745 6598 12349 1399 4544 6369 6277 7532 7023 392 6392 12092 8956 10070 10106 1486 13257 13854 2041 5163 5400 2772 11457 4066 3614 1477 9840 12530 3609 8232 5402 7348 3062 11978 2302 7813 1480 11032 13752 14118 13772 11429 457 1409 4902 3179 4894 442 9330 9444 5856 7281 7407 5790 12746 6465 7884 2556 11372 3610 13678 7363 11084 4669 3042 9631 13773 1520 10135 3186 7387 4718 9046 13654 219 2000 4883 3369 13843 9598 12276 12299 11059 11528 2417 5502 8881 6167 7945 100 12813 1669 3308 8196 5171 2148 7707 5512 12794 7044 5031 6374 1315 10348 1052 2497 11302 2506 5373 5677 9019 12674 6364 7071 12337 12558 12573 11071 10340 12066 6298 5301 3236 8728 152 13930 3005 13622 2096 9887 1433 12874 2149 8000 5004 3557 5987 12510 754 2366 12354 14185 1227 476 5179 5172 1503 13823 9447 9634 12663 10180 281 9881 2346 10841 5152 6446
280 2951 8587 6608 2790 12764 5143 5626 14014 6535 6253 11017 9946 6587 7235 5582 5554 291 12573 9470 10330 9033 9322 6659 12845 7707 8763 11989 11541 5483 10095 12306 6984 2544 12484 13349 9903 1630 8045 13452 13593 353 8109 13174 3597 6936 7373 2112 7295 5050 869 6813 9081 7960 3614 3711 6500 11448 7766 7725 10763 3907 9771 6887 9700 11045 1488 6920 9749 2376 241 8896 9710 5223 13335 9106 10724 5066 1179 10343 10022 12159 10010 2358 1525 3419 5012 7733 5020 12411 11063 1842 6144 7221 12633 13547 7881 2164 6808 2492 12141 10802 4410 5332 6513 7258 1560 9775 10009 7024 2659 1701 3619 3897 4156 2001 10469 4197 4135 4105 4027 4579 704 6590 7490 13228 2861 10219 8096 13441 1977 1947 12718 4765 342 660 8541 3689 7171 8430 3169 5603 914 2236 13013 9432 8520 12283 13078 762 9890 2423 5002 532 13946 5004 10184 10300 8987 2980 3685 4032 948 7444 4030 9018 9005 12470 12854 3012 7865 14126 1730 3584 11126 3226 3834 1991 10916 5278 12317 13460 13188 12785 7824 4073 7810 599 2503 592 3646 8646 8210 13565 8411 3359 11268 1720 4080 2664 8968
281 1115 3450 12779 12586 8856 9753 4367 13464 5750 3982 6179 14031 2767 14173 309 12825 4909 5118 5717 8381 11116 4001 6668 6986 7630 2507 11899 3439 9215 12036 9418 199 7977 8965 11765 2559 2411 13187 8580 13406 10137 14120 288 830 12964 12570 4824 569 5440 682 4572 5623 11352 716 8943 13730 12079 2223 4562 278 8226 14193 4834 11811 11324 2887 1290 2021 8170 4190 5257 5819 7078 9756 9734 11310 10287 4518 13788 13780 8182 6802 9548 10400 9788 5761 916 10378 3524 7412 9822 4391 6226 523 8403 8615 11729 899 12166 12064 11641 9845 9922 7351 5079 12965 12258 2981 1466 5090 7146 9082 6207 1089 1624 2510 11914 12705 1679 11513 144 1744 2719 3682 7209 5421 3731 6485 2387 5856 8168 6621 2792 9027 10578 12192 7191 10992 14082 5555 1500 6042 9994 4245 12685 2854 1769 8917 9226 1202 8561 7799 1784 680 6725 13465 5832 6901 949 2996 4300 7633 12746 13367 8944 4510 4721 12849 13298 1072 12365 9208 9322 4163 7496 11745 13186 11997 8356 1963 11848 3108 1361 6632 7876 13979 13300 8727 13825 808 7594 13143 4511 10426 8566 10997 6016 13797 8768 1069
282 1779 11507 1560 2391 105 3856 5837 11347 2648 10558 8364 4841 11885 5574 11268 6812 9994 5279 6763 679 7577 319 778 11256 9498 3257 768 10065 2814 12919 6538 6982 11374 13289 9722 1474 4944 7265 6903 11206 7662 12069 1764 2954 7254 2875 9847 11248 11070 4840 3953 9753 5502 2559 5692 2469 8472 1565 5164 5471 10369 10637 2100 7385 13581 8535 1910 4232 1466 11837 13466 7613 2703 1914 4738 10862 11971 7655 5251 12344 5595 2848 6967 2394 3368 6153 3867 1084 12272 9485 2908 4186 9836 4964 6438 189 7780 5215 5005 12397 3291 519 13356 11914 3670 3511 5382 13783 10317 12745 11037 4465 1705 12277 8339 6095 2667 7388 5392 9978 1858 2759 13657 2919 12146 58 1033 5866 1536 5778 3352 313 9400 7729 10073 4317 10141 2349 3598 4549 1682 3748 11810 13718 13815 7891 14010 9385 9988 12923 3499 6084 11909 11833 11553 12972 10087 6375 13432 1699 7910 13625 12314 4127 12592 1742 13547 9116 12735 4530 7341 5686 9130 5693 4244 12063 7063 3971 13403 11363 7019 14171 476 1919 2299 1905 13876 9901 2602 8375 13830 3240 26 3133 11564 3949 12214 1377 13476 11618
283 546 13278 1825 3991 11441 9611 4576 3506 4235 10342 12712 7968 1973 5527 10832 5556 13974 14186 9874 2743 262 5403 5849 9384 7278 2887 10423 12438 6073 1656 9725 1162 13962 69 11531 2865 1024 1266 13085 10724 6168 3821 11297 4598 2995 430 6519 3807 605 2335 11120 7057 12847 7667 3671 9558 10011 10386 6848 3472 5573 2721 6431 2805 6341 7982 11106 7907 8784 7936 3893 1766 9470 11883 2653 3527 11234 8310 12309 4130 12466 5870 1543 9367 11461 4159 12253 11819 3214 7668 8655 6025 8193 3321 8134 3090 8870 10641 8439 5074 1159 14164 2578 5530 12237 11802 4679 5260 12065 13351 14088 1812 2617 4455 5177 14158 3614 4239 7174 3875 13736 2310 6294 2389 1313 8164 8563 1889 12740 6268 173 2175 7696 11368 6312 1757 9753 10124 6102 7037 4822 2534 1779 13376 9865 9573 6829 10296 12368 8919 14110 4792 7846 7884 13461 1895 12437 479 884 3887 10816 14157 2455 12720 10275 14017 7203 4412 4622 10301 10435 11271 10872 12231 6223 70 8025 7966 2382 9239 5298 11429 9131 8746 4254 14089 6459 1426 13527 14071 2675 13635 1829 2143 10383 3985 6099 2320 1707 3285
284 6983 1849 6347 12573 2786 2910 5596 359 1126 111 1630 12386 10830 4346 9085 9417 10454 1401 9620 4787 4185 7221 6228 4593 11734 3076 549 2577 5504 7983 6388 11418 3415 13474 9392 1901 1157 10664 10810 2571 8201 8158 340 2727 10723 6842 2394 7302 10849 9395 2881 8986 3343 8490 1557 11437 12013 8371 4841 8791 3852 7575 8057 7265 2360 6224 7017 92 3677 5448 5489 9381 3092 10363 4690 8647 5988 10714 7236 8563 1245 12677 10529 6936 9809 9507 911 1018 13059 4357 2656 4184 2036 5202 1744 13121 14046 65 12547 11665 2830 2797 7215 3277 6155 4441 10127 7049 13561 6708 12004 7613 7662 8658 4816 10177 2260 7368 9855 7944 11508 6645 6954 13482 3813 8291 11996 5967 3132 8704 10598 2750 1763 3720 14186 5344 12168 1295 10620 3265 8331 10910 9724 9278 8571 11525 14200 7796 9669 12468 4821 8046 5199 2402 1119 1453 2055 13051 9977 9790 10087 1832 760 905 2355 11423 2333 8482 2130 3041 10638 9016 2445 402 5196 10821 2289 12197 2047 1200 12149 12336 2441 12307 4962 13034 6535 5442 2704 11572 9097 14137 5266 13550 1163 8502 5848 3137 866 10137
285 6984 61 2713 13414 11807 10310 6376 1384 10606 9349 527 2579 709 6266 12532 13415 7111 13341 3829 7740 9800 4038 8255 9600 9531 14182 2459 13164 13893 7742 4144 10398 10122 10230 6080 2141 7412 1601 10716 67 9896 11369 862 5666 1255 4832 3303 7614 8617 1334 8508 7125 13682 5282 6066 3592 6669 7856 6602 11712 12585 8680 1161 7761 699 5138 1070 131 10602 12649 2219 12189 13099 8364 12198 5862 8768 5786 10276 5912 5661 10593 11339 10124 13367 11293 5367 4087 8078 12897 4942 8240 13030 7948 12449 1004 1285 3149 2962 770 3179 2224 2194 806 5876 680 5538 7849 9434 5655 8668 8681 3927 6725 3593 9513 160 10655 6723 12207 7625 8893 7005 4476 12963 8203 8698 8561 5989 11145 10541 1102 8623 3419 12868 12327 6038 12230 8653 2648 1164 12442 4708 1680 8127 12517 8421 13610 12286 7974 7309 11973 4644 4298 11390 7220 3884 3092 3235 9288 3226 5976 1390 500 9886 6547 12516 4072 14034 12993 5763 13086 9280 2042 11820 5373 3143 6238 2993 3017 12188 6517 10933 3878 7017 8383 5931 593 11114 1122 3744 10970 10897 503 9409 10588 9586 9329 11792 12380
286 65 5805 2425 12468 2841 13089 10299 11204 12225 1468 6902 11229 12673 6360 13090 3662 9671 10710 11578 5907 12021 1078 1976 7335 9399 6164 11684 10851 5965 5675 12069 6234 9018 10423 11743 1696 8038 9733 3155 8581 7083 2679 4283 13500 13246 4935 6352 10091 9341 2659 6103 9746 7888 5787 6825 1278 13855 3477 10365 5924 1470 14199 4780 12761 13611 8033 6675 4269 4076 12799 4616 1068 1707 3046 9802 4420 2206 8539 7162 2384 8677 4535 11954 9153 11510 2188 4521 1041 12683 1378 275 8836 8656 7306 8300 6486 10592 3229 9492 6399 12701 9496 2584 11021 8761 12789 8769 10210 9052 13519 306 4453 2943 12912 5739 11315 5398 5244 6072 7961 11604 6018 4214 9258 12884 7316 1843 5434 11459 12522 1306 12077 5697 10081 9734 1460 479 8916 2503 8952 12639 3354 5976 10913 5595 2892 7600 7323 8228 5486 186 9201 1335 12351 5847 12928 13440 5169 13577 1998 151 3035 12820 2878 544 614 540 9250 10064 7463 5703 3125 7176 547 3719 3557 9678 2654 10471 8823 7136 13446 5367 13313 5278 3227 13622 10004 7460 8070 13 8298 12201 2829 3781 502 9506 11520 11265 3976
287 607 5408 8340 787 7058 4735 9879 13705 14118 11060 4258 14055 7387 10944 2484 1914 8895 1089 11663 1493 2381 1221 14000 11598 10682 2483 1971 9992 1857 11070 2901 7008 10777 6860 12578 10757 13434 94 11657 11006 8385 10587 11468 2585 6700 13245 2155 9876 1313 2875 3887 13552 6253 3268 11327 4309 2437 7041 4998 1235 8682 7012 13079 3006 9988 8511 11404 11697 4629 12831 8395 8941 8023 10444 5262 6414 3942 7283 13857 12922 4622 2797 9231 6410 368 2190 2921 1942 978 5073 12555 3634 13000 1123 7465 3321 6466 59 3048 13411 4334 12562 3173 7271 12228 12024 10712 4241 8270 1154 4510 9187 9647 8336 467 2599 1225 3638 5755 2714 13670 4493 6244 14160 8619 705 1238 6281 8396 2533 1135 5350 2867 6705 8893 3327 5618 1561 2066 1337 7106 4475 3635 8656 127 10140 7246 10081 948 5962 3804 1137 11974 9924 13278 3076 5733 9507 11845 726 3980 4189 7360 2235 13504 2612 8723 8719 13642 10005 12560 6007 1107 6108 6285 807 8742 527 1104 6592 7081 825 4562 9038 3154 11636 7664 2398 9737 5423 2807 14155 8216 3423 7954 5652 9229 11989 3149 7302
288 2194 7189 6919 8255 6270 1298 11126 5621 9194 8672 3280 2591 11829 4112 2867 11748 667 10734 9740 2626 11676 7710 13255 7620 5640 5987 8265 13825 13528 6685 2537 12270 10751 8130 2980 9052 5483 1985 12967 4254 9918 9383 8559 9622 1641 290 6799 8993 6529 11242 11205 13026 2548 8667 9971 8611 13111 9398 9151 13791 12399 11786 6981 13483 5725 11732 4065 1407 4363 5816 1894 3342 8576 10569 1553 8261 108 12190 4260 14203 10847 11543 9564 7735 2851 7650 12605 7691 6042 11022 6704 5182 5898 4164 3804 7768 8223 5569 13429 7485 6320 8398 3999 5902 12701 2093 7513 9424 8605 12234 6459 3177 8558 3676 2393 3736 11252 12233 11285 8910 11373 317 13761 2646 14144 5491 14112 12901 9126 5258 2314 4588 11283 474 13585 8158 5771 10722 4643 4168 1998 7072 11186 9354 12198 8589 8243 4002 8952 12812 7288 13317 7352 11960 5607 2823 2047 1931 5264 8580 4947 13687 7906 11010 8765 8344 4902 9705 13845 8726 6841 7244 4279 2146 594 10492 13199 10174 9384 13156 2135 3936 11498 9952 5660 1227 2977 7332 6231 13690 12816 2020 735 12247 7340 9618 16 12493 3739 2366
289 7042 11386 10382 11285 1764 13946 14143 9265 11861 55 9808 2261 8045 2490 9049 7632 2637 9947 638 1373 12418 10410 3084 7114 5533 5896 659 10854 7720 2521 13724 12643 6983 6181 7683 3279 12084 147 732 889 6772 476 11132 12836 10010 8746 13112 7390 8554 9382 13696 11870 9812 12701 9978 3425 11367 168 3464 8733 218 10858 12591 8431 5897 6845 6585 7552 3937 13990 10671 3736 5029 10159 9200 7323 14032 2299 785 668 5268 8088 1425 13213 4565 1799 4205 14166 13911 5353 973 4055 7155 339 10188 1693 13652 3624 6209 7393 7820 316 3741 9139 2741 7644 2738 9916 13449 5122 1548 9928 9417 3595 10241 13567 512 2504 5745 10818 5626 13385 2479 12281 12052 10529 13316 9627 7074 11634 2628 11776 1578 2752 10924 13159 10746 7222 643 1592 12579 2849 217 1910 9238 12184 7383 5540 2461 6562 2536 2116 13018 7388 12779 4888 7806 11182 8374 12531 4649 5327 4020 3518 1322 9007 12297 8739 7809 11854 4229 9202 12566 8519 8039 5299 5357 12964 4671 9297 9184 2387 5155 6070 10070 7051 13868 3844 1867 1225 9298 11475 1276 5654 10647 2493 4393 9435 12439 3374
290 509 11998 11877 7262 12588 1595 9105 12255 1037 8928 12762 2636 12853 273 7982 8227 9552 3475 5559 6466 6237 1086 14048 11927 12231 579 3906 12207 11422 10877 4909 4397 5803 7845 560 6549 9019 13685 4918 2782 7234 6257 11494 3205 1044 11010 9679 14169 13754 8931 10032 4608 13444 1006 13086 4634 8950 3124 12690 9917 7424 2063 11596 13839 10612 1134 1000 9316 4546 8031 7529 1757 909 12923 1517 11155 400 1829 7940 11191 8934 2380 3611 12793 113 8168 1433 9721 8916 5398 13803 2246 10634 11014 12058 6565 5541 3751 1072 12349 5314 9503 5579 7687 8134 12342 3420 11709 10571 3133 1492 9833 4494 5 10095 5619 3492 2764 2209 3662 525 2058 4171 8262 496 9048 11438 10705 11720 8144 6355 10670 3700 13721 8984 12027 5190 2765 13265 5712 10794 12677 7630 1472 5762 827 9688 5692 5606 10671 5143 3083 7672 11961 3295 4323 4519 1672 6087 1461 8286 1444 11654 5394 7671 1496 10605 4338 745 4377 13503 6168 9119 7724 10828 11938 9947 5431 3408 11672 1090 6123 5237 4216 4757 1518 10820 13099 6479 314 5536 1797 3856 13886 7736 8565 5284 30 10185 2951
291 7054 11597 6718 4017 1615 3839 458 12057 8165 4610 5338 7162 4692 8610 4998 4115 11767 10118 7975 10120 9098 4164 14066 2618 9121 6508 3595 3823 10519 6650 983 1262 8185 10994 12292 2444 7611 13777 2225 4300 5476 11319 10959 3376 8808 448 402 622 8906 1278 2 10909 6850 2514 8279 5610 7013 4509 13753 10491 8985 10818 2020 2397 13638 10343 9222 10611 9959 12907 9784 7553 9475 1396 11632 10163 11636 3618 774 3293 5961 10789 48 749 8090 6317 3761 6504 11409 10149 10880 12075 10161 11317 3921 10599 9916 7034 11209 7354 9685 2537 1990 6765 181 6521 3679 11290 13669 11061 5247 9505 9717 1896 382 8085 6088 289 8989 744 8451 8064 2708 3597 3346 3422 13872 8616 5079 11238 3764 13437 8513 5373 13868 10633 257 13025 7396 7682 9556 6025 11709 11735 11752 3667 4910 1064 3410 5138 10634 12540 12778 69 8832 7200 9800 11600 12982 7969 7947 5778 5134 12125 11453 9893 13779 10229 9069 536 201 5076 4659 13320 7389 10998 1221 2036 11706 3113 2531 395 10873 3911 5045 6407 14073 4714 13558 1703 9197 12545 27 2845 1321 2839 10329 14157 12303 12932
292 2081 10525 1676 6499 10170 5087 11775 5083 2110 7792 11217 12453 9856 6563 4993 2392 9244 896 1000 6734 8172 1570 11817 11480 10498 9868 3833 8643 12509 851 1472 8943 9816 7382 12283 5570 10587 9814 5065 4172 2996 10031 123 3267 5642 7343 11553 10713 8499 9273 2266 7131 1762 601 10745 4887 8832 13619 2664 2469 275 6094 2449 2668 12686 9339 11824 4859 9205 11434 1795 6280 2126 2848 6407 12619 1824 6471 4341 10613 9084 11636 9613 11342 5682 3103 8763 4461 5490 4305 8286 4846 3598 10220 13948 7520 12682 751 4752 5312 6179 4403 5184 11066 10212 1490 4809 2946 7722 9713 9743 7500 11769 11557 9602 4762 3913 13054 2374 1401 3612 4989 6936 13772 5703 2314 8415 6449 6825 14177 2694 12179 4639 3246 10943 5844 4666 6996 550 2131 11957 6587 11260 12772 7894 10087 10573 7199 11482 11105 11171 158 4200 1538 6589 7263 6692 3470 6312 1754 7134 22 3903 11974 11569 5899 5936 2221 12925 8807 9722 1607 5464 4378 7429 12461 3920 10232 12482 14171 2675 2624 13956 10086 9157 5185 12443 3265 10755 10707 11141 6855 12128 10552 1800 6304 5049 13955 1066 2594
293 7128 4053 13609 7885 11739 251 5130 7970 13854 6616 12072 1645 6100 3703 13864 6675 9608 6522 4816 13967 1763 9580 12802 3265 574 105 3722 5951 1135 13507 13134 7471 11846 11263 8477 13157 2493 9535 5785 11526 8288 7850 8277 7044 7482 5236 12002 12620 13436 2637 13210 715 668 81 6101 6411 7630 12319 8104 12041 12414 7496 4153 173 3169 8414 2252 12356 8215 8285 8063 4775 7688 9800 13896 12849 12452 10898 7912 5150 7931 12543 462 1706 2500 5265 11847 339 7584 4262 8366 13036 8045 1333 6669 8436 1687 9184 7767 11582 7634 7994 12383 10570 11850 616 10351 7969 12796 4908 12922 4715 5432 6272 10150 10438 2655 4355 442 9826 5771 6734 6803 8297 5811 11685 13582 10994 13408 13154 5058 5197 13865 4278 11353 590 4525 292 1756 9650 5965 5039 342 7378 7557 11937 11542 1451 9459 9793 7674 10456 8765 5877 6557 10582 2345 1266 513 90 9637 11405 3326 2756 12979 10320 1174 5002 5997 771 8128 312 6349 6664 13456 9282 7363 8529 12118 5364 11884 8399 12635 7728 12562 7796 9790 7626 7936 12090 12192 9298 13074 10045 2013 8290 7900 9932 11483 12103
294 7237 3151 12079 4423 3581 3301 761 13562 3165 9352 10029 3250 4810 1415 11471 384 2886 8151 1669 3748 8691 896 556 12244 2982 6815 5903 4761 7813 4114 13917 1036 5612 4193 834 3718 8508 7017 4228 7504 12298 13487 11586 1741 9461 1695 2161 4676 12515 5909 8078 6549 7664 10805 10901 9244 9127 7733 7598 9961 10840 11337 13368 7986 1548 5440 13991 6873 11954 7840 11249 11499 750 3839 2082 1439 8059 8069 4028 1962 4943 10842 2594 1245 5022 10263 957 7349 12826 6509 3889 11976 5858 10052 114 1066 6132 13923 1118 833 8171 10804 1550 3652 826 5247 6955 11862 2509 8159 5274 11224 3225 10408 13945 10735 13254 3516 5994 11215 9075 14039 10488 5693 4346 11604 7113 6489 6910 13921 9531 3519 7410 8758 11276 2790 13057 13904 4953 5364 6032 4928 5515 13277 6047 9695 9254 10639 8202 11644 1618 2847 5185 624 8348 6686 4178 7914 6565 7093 2856 568 8148 11785 2894 7998 3347 7797 14137 11106 5018 5116 8888 14165 12929 8999 1701 11794 3154 1640 5505 13703 7397 7409 13965 13114 3922 13804 9553 8582 8657 9707 6383 9496 8769 8538 13664 14025 1678 2652
295 694 12949 11379 3214 3207 13929 7441 6224 1812 875 427 1000 10737 2017 4809 1688 12588 13602 1063 8157 6356 1766 1484 14060 9287 12654 6523 6915 10809 9834 4131 5308 3194 4173 3864 4566 9300 11398 13519 5892 10537 5602 9430 12236 13594 2850 6577 13382 12386 3777 176 8345 4957 3347 1576 9449 10538 14046 1988 4697 6277 9666 7510 1113 234 9462 8649 13671 5249 8520 10742 11547 6010 12293 1098 10886 8904 12327 5903 12817 11827 9797 1580 7744 1324 5079 12067 12144 11650 4657 8762 10039 7099 9980 11458 7292 13590 12618 4013 8468 363 1275 6618 5925 5042 9687 13430 11516 1969 14071 13760 13330 96 8606 2853 4464 4888 5909 11837 9514 12711 5298 5650 12226 8128 1581 14090 10813 149 1740 270 1355 6701 7949 11817 13288 4841 8997 3258 9414 5365 5514 12353 13642 8952 5317 7820 11341 62 12531 1899 9291 9993 4951 7497 10651 7469 10333 10778 11738 5897 5702 1088 632 8855 10951 5392 10688 14125 12582 10752 2541 13576 6642 6290 12684 9036 4488 2109 9239 5778 11892 13581 731 11840 8929 3518 5827 4082 7538 12486 4057 853 5748 3480 7678 4168 11306 1575 12766
296 396 245 7140 4108 6143 6886 4400 11473 2461 2047 676 2656 8809 8337 7607 1962 4916 2536 4038 7086 1622 7859 8444 13495 6909 9087 2165 9205 4612 13001 10207 4138 9988 11849 12590 9869 7591 1757 188 7785 10979 12238 12806 11807 6358 1472 10112 4953 7422 3009 11482 3518 10811 4554 12654 2206 1062 9603 10100 5313 9740 2326 10895 6383 4081 9381 11197 8989 13055 4986 11754 5991 4749 2704 183 9821 2435 3745 6925 3515 566 10752 9520 9589 7090 12259 1398 10137 6808 8134 12675 278 10673 10170 9899 9954 6761 10214 2915 1056 4675 3611 636 7741 4702 1885 12706 323 11688 2555 12203 662 8345 432 10016 7833 11247 9802 1822 7352 2138 9481 10505 9485 1531 340 10094 6050 9388 704 1716 12949 4156 68 806 12182 8540 146 11595 13697 5475 11934 390 1582 2440 13456 8963 5184 3587 12929 6576 519 394 6362 5666 12487 9898 12044 5104 9824 6911 3566 5238 9390 6889 2147 3304 1776 2195 765 11043 4935 13108 6311 5023 10072 9395 13423 11723 4679 9534 10039 14063 14131 8986 4782 10435 12237 2436 4052 8024 12972 5399 7684 218 6337 3071 9321 7755 11121
297 2195 13489 5269 4811 8632 2839 3605 7098 14005 6147 7372 12323 168 11366 11582 1688 3465 8002 3444 11017 11745 6813 7191 273 4216 8429 3512 349 4833 10213 3582 11636 4899 3568 2434 8492 6458 10215 4602 4446 1217 4944 12689 5841 3466 2178 182 12124 9153 2942 8419 6262 3013 10020 12908 4623 12740 1600 2608 12314 11934 6441 8320 7700 363 8988 4229 849 8504 6574 6965 7689 4612 10993 5982 5252 9709 13973 3592 700 4730 1862 1200 14195 3692 453 10874 5566 4039 10567 5453 7879 9139 10105 2333 13890 2128 12818 9150 8288 12297 6847 2321 9461 13974 14053 5116 13567 7526 11906 6470 3076 13230 5275 7492 1369 8305 3062 7200 9976 2172 11379 6828 2513 5912 9425 606 393 9510 3182 2343 3441 9562 4366 1332 12799 1403 2072 1385 6672 6924 5461 13578 3047 5526 4100 28 13702 13049 11978 8798 1081 2450 11605 7676 10969 12937 4657 3645 4178 93 401 8357 12299 6526 7977 7808 2670 7202 13097 1787 3431 5575 5291 12733 6864 12267 5950 13740 12076 11126 8312 1427 6797 2152 2780 9258 8998 4384 2978 2488 12380 13115 2517 8735 5819 7957 10201 2472 492
298 716 11317 8929 9732 10277 4403 3173 6330 8038 3443 12171 10082 6574 8373 13453 12977 11583 9606 7954 2453 2922 824 6724 13255 6014 3024 4894 12791 4721 63 2848 9473 14058 4287 7664 2424 8413 7175 6360 5114 12071 6112 12424 4820 13850 10560 2381 1000 4292 13814 8981 983 6469 5496 3734 4458 4634 10653 11209 8908 2280 576 9131 13004 6304 11130 12644 4784 9939 4635 2314 578 11414 465 7535 8000 3309 5320 2044 4522 7852 6471 586 4567 4039 10126 1015 11920 10774 934 2581 7864 4688 3708 5413 12063 9617 13846 6631 12840 2713 11956 12510 2195 10362 3650 4374 6626 13828 964 5804 8833 9548 4068 1798 10321 11358 3317 14038 7231 6651 13451 9068 1806 1615 5296 7013 11092 8121 2729 5080 10409 4372 13675 5612 6375 10153 4277 6608 3815 1981 1694 12914 1049 9286 13495 6370 10121 11472 3210 7548 7252 3744 7247 10605 13502 11034 5218 8777 5649 898 20 3678 1735 11765 39 5198 11539 11097 4237 6575 6947 2505 6140 3500 4148 4392 13441 4484 2620 6398 12570 4979 7893 13621 8883 11540 3756 172 9097 4625 12649 8126 7709 1110 9887 6916 11292 6640 2993
299 892 11210 3733 10373 8022 11094 489 13235 10757 9760 2435 10830 1637 9641 3049 6316 9977 1372 1954 5106 307 13940 1357 11866 6629 7724 11902 2633 5775 8511 4313 10905 877 6666 13375 12741 847 5098 7643 2565 11977 12392 2324 2095 11808 10429 11541 9070 842 5330 7351 10491 4199 2411 217 11146 2771 2369 1778 11462 6151 13429 9027 4676 12214 683 10997 2588 12374 6974 7411 2329 6841 8539 9106 12605 490 2236 6507 7329 7649 13174 1870 2493 11633 8921 3975 12159 12318 10166 1910 4207 6915 2275 344 10315 91 2830 3040 3665 5579 6266 12639 4872 2541 3576 14190 9455 3772 7890 6140 1364 13350 11320 14029 2231 130 12449 12176 3770 7201 12945 6880 7727 10898 10890 5531 13460 11785 11940 13295 3370 12167 11954 2371 11476 6269 8460 14086 3738 6200 11938 195 3582 5745 3496 131 10384 2010 5870 11405 2878 13679 9520 2002 12305 549 9871 3161 1516 13490 5918 13746 4566 3335 362 8357 9576 1852 2708 7103 7924 2475 6223 259 7960 3763 5047 2977 13257 7084 4144 510 12761 8767 11739 7552 13634 11119 4977 5522 1096 7483 4318 7215 5328 4003 11136 751 13761
300 5576 12347 11590 7664 785 5648 8809 12776 10224 9845 6225 3420 99 2780 14208 12139 8144 1571 7720 10741 6170 5068 3924 1287 6516 5590 7835 10900 4210 13995 1616 7882 10380 504 5173 3977 5241 3307 5428 3180 7671 4745 4754 192 9539 3969 57 13695 8656 5142 12402 9819 11611 13304 8884 8286 11937 7121 8966 11119 6707 6322 8296 8331 435 5141 7906 4858 6683 6924 3722 13125 12804 4021 12736 7980 2931 10018 13449 10498 2663 2399 1397 10383 8979 1244 10416 7635 6493 11464 8282 5406 9649 13849 4674 969 3078 5867 9014 1170 11349 8986 13658 5736 4119 12574 13142 6145 5213 8238 11332 4709 8038 8643 258 5355 8636 9407 7483 13480 11562 5220 6323 10114 12729 2456 2718 6155 8070 11192 5482 7654 13065 863 6919 1266 2660 8568 333 12512 5997 10177 2020 2996 8545 4512 13157 2486 7852 3765 4945 5471 7306 1558 12401 5272 5211 11314 13561 5415 10304 10237 2786 112 14054 2838 1147 5789 12203 3960 6183 2076 2514 5204 2651 6902 328 9030 1992 8148 4397 2243 9922 9537 9024 12411 4381 14000 3785 6212 8521 10538 12400 11997 4560 14010 1425 4355 2997 1696
301 777 9263 2066 5950 10011 13571 5433 5144 1981 3301 4624 1218 1285 8850 1341 10576 536 2230 5160 484 4582 8051 8569 10281 779 12673 11368 2004 9746 1579 7361 6052 7543 10647 8686 3609 4329 4730 13475 4878 1246 12250 7929 9230 10246 12653 1840 6974 7553 2092 6507 5778 8007 14114 7420 4758 2039 11960 12306 7744 3547 8989 9772 2050 9861 9642 12002 13042 6276 2129 13182 2041 10165 360 4458 8599 8422 4982 620 910 2090 1982 1480 12137 13098 6625 5413 2596 5074 9188 8786 8933 10126 12164 2025 2650 4626 2435 666 12012 4657 6383 1199 5134 1288 6524 10957 12737 10713 13066 7913 8578 8538 7749 12011 14176 6446 8532 897 4116 8561 658 8173 2149 692 10272 12818 4716 2958 4112 11844 11236 9845 11877 10491 12650 14104 5599 8434 13896 8939 9826 11948 5313 2455 9877 1972 6243 940 7998 1477 4034 1367 6076 3186 13911 5970 2458 8513 4590 5464 5419 10702 2030 7418 1717 9725 12049 10678 2392 11477 13982 7697 3998 13510 5887 4523 1760 13635 4468 3671 569 10826 7448 13264 883 8917 4678 8330 6280 11978 13792 9416 11699 10267 5389 4160 10919 1854 4795
302 488 4802 13460 4938 2935 11732 2048 10869 5382 5805 4755 10483 2784 6881 49 13211 3092 12603 6570 10174 6922 1608 2297 444 6452 4725 736 320 867 1398 92 11838 7580 14194 8165 13323 9919 7235 12554 13588 1091 4115 6956 12669 3281 1742 6804 6785 6779 8423 5582 13575 7086 3042 1820 10386 7338 4960 13906 9418 14008 13559 2587 10500 3581 4237 10084 13274 13796 12139 4672 2105 4853 13121 13053 12577 8983 8108 44 1931 12436 7551 6099 5621 13028 5753 6016 3833 4171 13276 9492 12940 9604 7875 13950 3408 3924 1717 6268 13797 5299 10912 5768 274 5617 3618 59 7245 7241 11716 5691 4206 2169 249 12272 1073 8299 112 1976 7647 6499 1011 1721 13769 3170 11376 12598 6707 12616 11489 11170 8588 1354 5141 5949 1880 3546 11503 3051 2806 8374 277 2257 13504 1010 12856 4192 13106 8560 4265 7032 8844 7345 8784 3903 7167 2579 8805 6666 5214 6548 12985 10493 8687 4919 4713 14160 7550 13593 8028 12310 13843 589 10010 2630 13226 1383 10287 2708 2201 1006 4756 5517 7546 6645 6383 7605 3756 3486 9822 6568 12517 14101 3477 4944 14056 7083 9717 4922 6811
303 1266 7449 10182 13675 13143 2281 8684 6427 4350 2871 3730 11652 999 7524 13394 7061 7009 4273 9661 2299 8296 1478 12774 775 12268 5407 4203 5152 10287 13163 8983 2075 6600 3918 10402 11662 12474 12529 2992 1654 1157 12576 3408 474 5247 14171 7603 3089 8804 439 14152 9016 5823 687 11142 1024 4742 9527 4811 189 93 2963 13093 7036 13358 6638 10060 10298 14187 5474 6053 932 11739 9728 3101 12999 12915 9162 4873 2623 12534 6972 9569 9668 2376 10052 4336 12254 11867 10451 94 12693 10665 11127 2751 156 9546 13054 5261 13903 11767 10960 4903 10280 3193 7012 3895 12239 6140 8101 7203 7342 2611 11354 1619 10800 11580 10618 5331 11887 2140 10097 7735 9535 2027 3969 190 113 9761 7396 3838 10142 6678 600 11461 7277 7249 3851 5657 11806 7135 6574 4126 13209 10179 36 1103 7831 2859 8737 5655 10252 6715 13383 1071 4286 13619 3526 9473 11925 4598 9 11784 13430 5729 12503 3333 1148 2932 8080 3174 4775 10099 12126 11398 3879 7054 13532 6401 2128 7394 3538 7058 2878 3249 3725 5224 12735 4065 1606 7497 6441 5756 4268 12615 6798 12177 11069 9627 7548
304 1431 5746 8684 11893 10712 3146 10400 4579 7228 1770 12814 5432 11824 216 5299 9313 876 5939 6999 3542 4774 8729 13567 2972 2295 4267 12660 11937 5079 12170 6086 1184 14184 2365 3476 2450 7965 7649 6620 3383 10823 11288 6553 6891 11826 12500 4277 244 11529 11246 7240 10922 9548 8279 2520 8468 6569 2194 7513 11623 7132 5492 13639 2390 5717 9799 187 10181 4629 13265 2 12534 10353 10145 6089 1898 5776 7301 6172 12936 3728 12021 3654 13975 3255 1764 4381 753 886 4637 10652 2582 9734 5227 9050 3016 59 8293 10339 10868 209 1332 10638 12622 10562 11581 7227 6903 13984 4879 10672 5193 11506 10904 2126 3432 4142 1329 2771 967 14 1119 13464 12511 1154 11250 10357 6803 10966 5790 9605 455 2681 10695 7398 10795 7765 2859 10113 6242 7543 1383 10944 12033 2832 2079 12948 3578 11790 657 13520 13168 1627 190 10532 6143 13833 12207 2419 1274 12800 10731 3719 5988 4521 10625 13011 607 11569 9468 2850 13650 2250 6914 3140 7954 1417 1516 8631 13895 680 7567 2967 3278 13219 13446 3551 13545 11216 5220 11949 11419 9238 802 3962 484 12652 3529 13230 10978
305 1247 1881 5887 9716 7407 5167 4824 7679 13027 10481 12034 12707 10180 8764 10125 6366 1338 1028 2782 4058 2229 4521 5968 7421 5256 832 8199 8432 7836 4642 3783 9684 6429 10827 1569 14002 4099 6028 11296 13890 7487 13985 6074 9903 8440 2649 346 13230 1615 854 11248 5048 8047 8335 10324 2837 11195 7255 14185 13820 4851 13112 6118 6172 10289 11989 7629 629 11041 4049 7233 2049 1792 2627 9313 7188 13210 343 4270 14061 5142 3732 13856 8370 7267 13322 13356 7585 4848 9413 4442 6477 496 13451 853 13007 2151 4211 1210 6811 9402 10231 5448 13076 10357 13609 8190 4285 9375 10191 11196 10636 11829 2836 12319 950 6294 1251 2805 8836 12936 8559 10382 13389 9291 1541 6713 2513 6012 660 7231 603 4311 1234 10101 10587 10429 9420 10264 14048 7683 2669 14112 6755 1126 12764 13410 7476 8689 12420 12966 10751 8288 14025 2554 8924 434 4124 10053 645 12322 745 4793 13134 13920 5971 1244 5696 11359 2078 8721 6875 11510 3395 6830 7134 3581 10780 12754 9711 3638 9840 10781 7650 13453 12715 6400 598 2307 2267 11124 11410 11006 13831 3242 2541 8641 1127 8846 12300
306 546 10254 7782 5937 5349 7410 1912 2047 1027 5539 9499 1135 1062 9470 8890 9671 3487 1277 3753 3573 11186 11028 5906 3864 6557 6114 6774 7794 11393 999 10323 1412 11261 8090 5302 8216 7343 8571 1864 248 9463 7874 726 13066 4761 7073 957 9283 3085 6930 14186 5913 4535 11334 9483 12253 1998 2646 11086 5462 4303 4266 11587 6400 3754 6392 2691 12619 4490 2457 8929 10311 6084 1846 5263 6436 7844 5345 12796 5393 11457 9019 6700 458 11644 8991 10044 9008 12322 5873 1173 11015 8886 8313 4024 2783 3994 6014 2759 3172 11601 11260 11635 9015 3812 2456 6413 11561 3398 3098 1234 7283 1712 4336 12381 1398 1813 9894 5857 799 2791 2284 2085 2029 12364 8322 2727 6146 2489 4222 925 8674 5870 2665 12141 2694 9698 13557 12310 9638 9266 13016 334 13870 3446 11102 3091 12317 54 5271 6356 466 13883 13941 793 13761 11064 13847 4376 3268 13726 3175 625 6044 10257 11668 8168 3011 10520 7921 8967 3666 8907 9935 453 11737 1691 12927 10021 6019 4965 9330 5392 4718 8825 731 4516 8579 4600 9895 7494 4930 11782 12552 13678 4565 12781 500 7244 11662
307 1196 10350 11071 3587 6491 12665 993 5065 12995 11364 7523 10788 13063 5263 11099 7915 12284 13954 10254 2059 3844 6030 4838 5261 5163 5929 10399 5701 9329 4563 1555 6651 12711 9498 8634 2121 3753 5534 13769 7664 6259 12365 1331 3721 5076 6533 5977 8010 1690 10544 653 2083 1111 3662 13984 1835 12132 9176 9503 3696 7770 6873 1224 4455 9688 2679 2464 6543 7577 13701 11825 5086 7931 4471 7038 8974 13382 12012 10835 759 8674 3693 70 7223 3566 9744 5433 5324 9902 825 13539 7525 8476 12168 7993 10987 4351 2336 8113 350 2785 1638 4074 7741 6233 9403 7439 6722 1433 4460 12476 10514 5669 2755 6735 11439 11115 7596 482 8297 5302 2629 12130 2088 8043 11675 10770 1415 6719 854 13973 909 1729 1480 8120 10712 4450 5998 7371 9210 2711 6473 10238 13149 3150 14156 8337 13329 765 9543 8488 8331 1542 5575 9670 11870 1543 9991 12541 183 5021 10988 11283 14210 5636 12807 2154 13155 6638 11233 5167 8195 1103 8031 13962 6399 8334 13398 8435 7357 367 3437 10605 12499 672 6851 4967 5035 10418 363 7948 1528 5641 2570 12927 13743 13372 7997 10564 7066
308 259 10120 5714 13731 5658 5285 2538 7924 4260 8438 8756 13827 12567 457 8630 14013 10595 7627 516 1639 3204 10000 6945 12737 4469 756 6182 7663 5071 7802 6043 13958 4612 3935 4509 6686 3556 2171 8270 14149 4745 7186 13167 4238 11481 13596 1340 5323 11341 11322 7732 9086 11439 5778 7873 10866 10288 6677 10755 12745 9928 6916 13284 13740 5624 4053 10931 1777 8469 6150 9998 12042 11313 706 582 11841 10686 44 6885 6168 12871 3873 9721 8003 725 7874 13977 10793 9187 10511 118 6345 5517 11860 1452 1866 6354 9541 10251 6103 7350 4047 10015 13586 13349 7367 7878 13094 5103 13509 8204 1751 4757 4515 11510 3091 8232 11680 222 10787 1878 11121 3237 6625 3666 8300 12136 2490 1416 13780 13337 10837 762 5874 10085 1386 13887 3283 7356 1900 9023 2556 10226 7187 6854 5787 6822 3291 2583 2915 5436 6618 9465 4926 3121 12950 4175 10509 10697 10278 2496 7639 5984 8294 7965 13898 7994 1881 3452 14037 12930 4406 5712 3515 8508 7888 13025 13487 6020 11397 12659 7790 969 10393 11332 3097 11892 10141 1843 1352 11159 2735 13177 6398 10435 749 1013 383 936 3200
309 2564 10284 1880 11630 2603 570 9063 11802 676 13638 7798 7892 2606 10128 2032 11339 12352 1600 7049 12510 2321 10049 4348 6935 9940 7554 11744 7403 4441 10089 7783 12353 3367 9258 5224 2783 310 8578 4716 9632 9091 8007 13506 13250 7473 11649 1765 3968 11038 4336 12918 939 10104 5217 5613 14043 8461 331 4720 193 6572 5543 6889 9839 7932 8802 4379 9125 10275 2769 13899 2789 6124 7683 7144 4403 1397 8097 8417 4872 4818 3701 4672 12895 5367 6728 11152 3739 1159 1232 12985 3577 6209 8816 10211 4505 4046 3196 14020 1050 10255 11685 2642 8815 12406 12415 325 12136 6629 863 1987 10429 5363 14090 9231 2996 8092 11462 3972 4871 1287 7123 10320 14086 223 9722 10880 5492 13929 12733 10379 9406 3251 727 1544 2986 13786 2540 7524 4724 3929 8221 10572 6799 1915 5675 7801 8371 8165 7362 1255 4981 11197 11410 12863 11790 10711 9328 454 3352 3728 7027 4533 154 10708 14028 11000 1423 1256 1346 1123 2094 4491 8002 12728 3082 12098 12305 11448 242 14000 5303 10646 13157 10499 5322 4510 8206 8622 2549 3685 11163 2617 1327 10315 3492 2415 9957 13926 5551
310 7353 13244 5666 10609 5525 6059 4214 5663 10185 2017 14093 8456 12679 1354 4530 6264 11235 2491 13452 13305 5087 7354 6401 4948 8524 973 2665 13878 2071 3384 4381 6179 13380 12511 6112 13184 5139 13679 10679 4846 2851 2196 10293 12770 5038 14196 10575 7609 5651 12849 239 11621 11506 13098 6970 11864 6407 11852 8468 1440 6749 5355 2222 998 4209 8288 2381 3597 11981 404 9840 6519 5149 1539 11998 10701 2567 3670 4531 10927 7481 12330 11667 6826 9631 7462 14211 9436 3406 7422 6579 4952 10258 12245 10055 12830 5991 12202 1292 10062 9131 6285 861 12421 7064 11318 1181 5571 5450 12932 2076 271 5281 13987 13846 11422 7485 8880 224 8512 4233 3056 7852 9829 8477 13309 8239 1255 6396 11974 8511 5623 3414 9228 10533 9947 268 6388 194 11403 5882 11515 12130 1430 14076 12042 6413 8658 272 6674 10291 1692 8019 1413 6558 3339 402 11384 11456 8710 585 11480 3311 12422 3129 10022 979 10551 13805 2468 8572 2867 5510 12137 3836 11094 9713 8954 1678 1891 9041 13340 7589 870 2902 6499 12265 8715 4762 3939 1760 4016 11726 924 124 14143 12387 7452 11535 9360
311 2755 2842 13213 3201 3574 310 7287 4224 12515 2754 3429 7206 9250 7881 11152 1044 2399 11730 4257 5832 11860 8052 9539 961 1447 409 9635 14015 4959 6502 12021 4515 14101 11981 1575 14177 1538 5727 2838 7288 148 4645 12309 9995 9929 12330 12257 8085 149 6090 754 2254 2932 7585 2423 9383 11887 13174 9542 3621 13068 156 7452 1012 13985 6029 6986 387 14000 8244 205 7883 2323 7279 8966 7159 7942 4181 7130 1693 2038 12227 4407 13566 12310 9885 12165 12312 5421 10366 7834 4127 13491 13124 9704 11251 1887 2828 1683 5887 8924 4953 6436 9262 11639 8595 3602 6702 2914 3993 270 11744 7689 7095 10836 8071 1428 10620 9137 5739 4000 10043 13091 3033 8642 6013 11458 6631 413 6214 2477 12072 10963 2118 1183 225 9951 6475 2243 7755 12001 10399 12176 3378 12865 14167 2864 3787 10299 12671 5526 14074 5670 1983 2120 8792 2402 5414 2933 9628 11620 5693 2183 8972 12078 5645 10145 7090 4162 10810 10987 8679 575 5145 9938 13624 10849 11255 10398 5023 9125 3925 9846 895 9439 1484 5376 8018 4338 5470 4922 7182 4405 1785 5495 12649 4476 11478 10715 4766
312 620 9677 10273 13974 13821 7151 5073 2361 7164 3304 11988 792 6799 3523 6277 699 11625 2872 9311 8216 10927 2118 4537 8164 454 8007 9892 13993 3366 5709 864 12364 11172 619 11564 8560 1676 4622 11392 11009 12812 11203 7712 12806 5149 7389 4613 260 13157 4839 3716 7026 1716 13096 4621 2366 1871 3347 13123 9329 1373 803 2793 3769 8590 11982 13580 5031 6735 765 4737 7869 4541 8776 5194 12472 3188 12255 11130 1081 6247 3707 1938 3755 2106 5900 8813 1350 12622 3073 5880 1215 13006 2245 4135 12258 12259 3200 6432 1987 3901 11537 1897 4834 5072 3068 11282 13960 9328 5910 3381 13722 12172 11262 150 8016 596 2827 5103 7931 7278 6830 7805 9338 2356 1085 10736 12952 12374 13365 10135 9310 11675 10967 1480 13816 5160 2644 4396 6069 5362 11216 1606 2406 4811 9133 8693 9958 2193 6645 1111 4234 13292 11470 4925 11133 4896 1310 6510 6 8741 14046 481 2062 11415 3923 493 13769 5543 4352 4187 1322 1347 1467 2684 14161 6404 417 1843 2077 8273 10129 12863 8668 13617 4113 5626 6305 611 5969 13936 2016 2921 287 6298 850 11362 8989 6717 10050
313 7477 218 7619 5667 3521 7932 5983 7975 6727 13993 2654 7266 787 11261 3388 2551 6425 11284 1388 2918 7895 2279 10147 7082 7659 10427 200 5538 13872 12264 4757 11684 12745 10631 14135 5131 13081 14005 12707 12704 11629 13738 2814 2 6127 3607 963 2211 1962 932 6344 5676 11869 7225 1108 1656 11372 4543 2921 3397 8714 1520 9728 9782 1446 3137 13050 13632 2391 11046 2346 14158 3098 9602 1320 923 9372 1398 10643 12117 10758 8105 346 13204 5739 6885 1140 8884 9451 8568 10005 11720 6096 12324 1883 11693 12189 8631 10895 3907 6855 8285 11166 3614 873 1991 9303 203 1703 5494 12862 266 1865 1165 4424 9430 10182 3487 12048 1650 3587 3590 13567 8468 2751 2839 10950 12529 10295 6421 548 1285 7997 11567 7508 7739 869 5388 5268 5864 3437 1781 11713 8819 10176 10410 2936 9099 8475 10353 13378 12909 9447 13077 1984 5803 9523 5638 4208 1831 9847 3045 11354 714 311 6163 8587 2445 12701 929 12360 11491 3972 6432 503 2794 2593 2409 10894 7681 4262 10880 10769 974 8068 1478 7876 2651 3934 8592 572 13770 12459 12125 4130 7192 5414 9820 12205 1455
314 2985 1384 4494 2327 8109 5956 7101 8833 11201 12036 1688 9334 3038 6187 3821 10798 9558 7252 2662 9266 3688 5674 9652 11076 7979 12932 3136 7948 3504 11071 8003 2732 3181 11678 4790 12145 12194 8429 10601 12703 1752 1022 4668 12586 2641 13006 3002 1886 4338 2230 2328 9970 6857 899 4344 2588 2095 4891 5329 944 2811 12770 1305 8784 8863 6075 8744 4077 10294 11033 10014 13933 8505 11646 10304 9857 7414 3231 6398 3104 8525 12847 6065 12301 12604 3583 4550 3809 7156 2301 13129 1476 4396 2039 8256 5358 3207 7512 7684 6190 9903 6669 4253 5044 9373 14142 13771 1891 4609 8436 13624 12233 5310 6651 12022 1647 9663 9501 10331 14110 8789 6610 8371 40 7800 2738 10485 11245 10091 11779 2615 4082 8810 1262 11431 6329 5435 5199 8220 4575 860 10063 3640 4123 14111 6090 9417 2029 10938 8082 11795 12263 11510 7486 11000 13948 13762 1529 7216 1438 3437 5912 12611 13468 11652 5232 3050 1855 1219 5992 4174 230 8734 10821 13582 5853 13016 13802 8526 9201 13362 11424 10103 7164 1295 13219 4959 9354 4658 10994 13036 3048 6489 5031 5067 10838 710 11734 1616 5463
315 4567 10528 6681 10476 1683 293 436 9332 11245 11331 5783 3876 7626 11063 12630 6009 2887 1848 7327 1585 8212 2187 3605 6099 10316 10344 7418 11694 13880 13253 7186 5965 2267 758 5900 8330 9044 3792 3005 6782 13999 2980 8981 9050 6734 8503 14157 9972 1064 12824 691 12931 536 5607 13120 13165 9639 7683 7134 14099 6181 8087 618 12490 10121 12870 10323 11955 1984 14120 5175 3894 7322 1535 6131 7632 11016 11728 146 8794 8186 6369 4605 1254 5841 1179 780 9669 6846 7214 7534 11434 11224 7479 99 9289 4013 10076 1008 9503 1358 11918 6806 10978 328 3442 10586 3747 6776 4752 9321 10647 8466 1639 654 2845 6366 13420 8538 4279 7176 12236 1321 180 984 3752 12138 12205 11997 5975 1207 8138 11706 1539 2521 7058 2574 11339 6679 4421 2053 2660 12676 10036 13728 2182 5311 772 6529 2709 8963 5221 6053 5018 3344 8842 6410 1716 13964 3265 13832 5610 3891 2746 13717 10904 13447 4775 5127 9606 4743 7269 12097 8638 10477 4190 9266 12590 7939 12476 8550 7455 10496 12775 7182 1493 5980 9451 3100 12772 5704 10950 7643 12146 14142 1145 11719 8470 11050 4765
316 590 3679 2798 13330 7628 5159 239 2434 8047 6875 1515 8008 11836 7018 6441 5232 5646 3941 7270 3054 3244 10491 9065 12364 8598 8724 5977 14163 642 1940 13065 10072 8998 13966 12523 3727 6335 1423 5877 12108 220 4233 3944 3427 1534 4801 11372 6080 3876 897 10885 8962 12883 7907 7030 11383 8640 7375 7903 8804 1459 2042 1733 4250 6638 6939 12005 3497 4674 7847 6680 4576 6867 5535 6992 9322 3408 7676 11884 7256 3104 8730 6082 911 7538 10749 2064 13299 4588 685 407 922 11804 1285 2701 8318 11323 12950 5649 8881 5403 12690 6024 7563 13664 11887 745 6155 371 10441 8206 7342 1875 11315 33 13944 4975 7255 8588 186 7034 9603 76 11566 5308 6648 1303 840 13612 9814 4435 984 2129 5957 3599 819 12659 5801 4187 384 13174 1118 187 2210 7407 3666 3873 3484 12404 3923 10562 803 375 8737 8610 7023 5495 5694 12859 10573 9557 1065 14091 3584 13152 7053 13722 1076 11212 4142 440 6103 13097 444 9184 2947 57 2164 8829 2789 10213 1248 408 13699 5345 5598 5713 13222 2178 12759 11363 10723 5700 9266 2712 1514 11283 9801 13206 5588
317 546 8236 8595 7974 4870 12709 8573 10125 5199 14130 5352 5340 8598 5718 13058 313 4267 2209 6417 6317 14159 9276 1045 12195 3382 10248 11085 5008 8032 6217 4877 9584 14205 2223 12581 6230 431 12271 5075 5449 12014 8431 6370 2733 2692 9776 256 12517 2523 14152 13984 8820 9420 7992 129 4261 13236 11971 12069 2201 5445 1268 7504 4417 8832 308 8783 10447 39 6552 13412 5019 5285 9893 9696 2742 5402 9939 12266 11642 3159 329 6981 7773 9606 12218 4862 1918 8151 7683 11027 5607 2038 4962 6021 1119 2317 10710 4212 9164 7893 10016 8552 13454 10946 10837 12890 9094 2870 4056 1732 7863 10922 8970 2329 4351 382 6214 947 1148 13345 3251 144 3757 2911 12557 2316 9964 9240 5979 12653 10389 13000 9300 6425 1820 10327 436 1907 7112 2003 9434 7694 13760 5182 1929 456 2045 12974 12710 1828 4295 14101 4995 5932 9602 12280 6497 11104 11957 11657 5270 9690 123 14214 5311 12167 5595 5784 5604 5865 11121 788 4981 7667 282 9718 14169 5981 347 6915 10939 10595 5063 5138 12170 8931 3534 5338 9656 5145 9842 392 10322 3504 9307 5450 3589 113 13311
318 1350 8374 11295 3000 3598 6990 14021 4749 9195 7866 7040 13413 5334 10830 392 1248 8789 6109 10132 3541 10158 6287 9550 12991 13394 5561 7340 11274 3717 3998 12270 13544 5757 8004 5456 10447 8166 3446 4211 10831 11366 3213 2625 4824 9971 13107 6025 5429 13885 1181 10892 12864 5607 7163 12454 8618 1360 828 8706 4178 11479 13175 1876 7181 6812 10912 9697 13216 12118 1982 738 14159 6950 11566 5832 3059 3661 11789 7993 2668 3969 6052 3209 3733 13312 13356 2877 6269 3781 10922 6448 8022 3940 5584 1327 5374 7645 12564 2472 8527 4102 7649 8795 998 12004 7741 1821 1549 10617 1558 231 4589 9118 7566 8045 8298 2841 3129 9907 6050 5470 6062 10807 13303 10614 2589 12495 6223 3505 10759 7397 11122 5601 10136 6576 4085 2043 1611 12473 13131 4284 10129 9959 3831 12838 2035 1598 6660 8680 9125 10086 6680 10583 2264 10100 12820 9203 1311 8811 1186 13822 3375 2232 8171 10173 10090 9996 5632 2721 2922 1927 2356 13288 13880 10525 8719 8485 10707 11819 4147 11 3403 2933 13667 8036 11373 11505 4652 8232 4669 3372 9957 8445 4481 10408 6232 8125 10640 11439 12518
319 229 2803 10138 6383 9596 6070 9861 7851 14028 13029 5395 9944 11406 14006 12958 617 4512 338 3407 13917 4178 3562 9370 7994 10719 2729 2389 2576 9481 8413 3116 9541 12932 2829 3784 3345 13266 5204 3947 3211 11334 9042 13376 6676 10654 7586 13774 14020 4960 1543 117 4645 910 11949 8592 5407 953 8916 1163 9650 10047 9609 8201 1347 5833 7333 481 544 6882 13513 12575 6774 7928 2546 311 9581 5001 2809 3320 7439 13775 10740 1119 7893 3742 6710 12713 7911 12050 14042 281 4549 8733 4578 1335 5794 4356 8169 4800 10916 7415 2350 6459 1565 9464 8971 1391 5376 8241 925 13243 13586 13117 10880 8271 3584 7445 5864 8319 9394 7077 12016 5311 7027 6380 962 996 12791 5924 7132 7643 3591 1542 7348 13895 11997 11552 8748 11665 8812 9319 3443 964 13858 12876 4010 10561 13720 10175 6325 835 2996 7373 4366 13034 7559 10505 13984 7103 14075 8367 12572 9892 537 1684 10557 11469 8705 1892 12377 2462 7226 572 3871 3574 2890 9758 8780 2722 5761 3506 9387 12225 9782 2049 13434 5946 320 8700 5367 5178 12788 3936 13714 4554 4692 5705 4237 11968 770
320 7528 8292 9103 13866 998 8005 4116 1110 3308 8429 7696 7565 9327 12942 10227 2579 3040 5459 8899 3173 4533 973 2981 3908 9758 4295 10772 4809 10373 7638 12817 8612 13231 13440 631 9891 7764 3874 4849 12704 8271 10917 10250 4600 13927 13371 2486 5451 2153 4047 14113 14177 2693 6403 5913 11886 11675 5426 9861 12865 4852 12965 8093 5104 12635 1689 5606 1213 3475 13045 6053 7350 9204 11904 1243 1015 9811 1155 7121 7286 8356 1314 12709 11821 6192 8614 9803 9768 2971 6712 12569 3421 12774 2050 13960 3411 5617 645 12649 10681 7215 6896 13539 910 4146 1973 4445 72 6209 12100 4792 465 11431 10045 5653 10050 9504 944 14101 6722 2277 7484 4625 6935 11376 10562 3227 212 6707 6153 13641 4564 12429 5915 7435 6557 11103 9339 8278 13016 3175 9609 13253 11307 5545 2982 9396 6349 7361 13935 10430 8845 2576 8527 9612 8756 4895 11168 6846 14086 7391 13570 5160 11759 6668 708 8718 63 731 2999 11544 4740 3597 952 3114 10944 7249 5482 5048 5159 7571 8059 10473 1383 4826 12561 6929 1472 14190 7328 8198 6994 2775 378 12412 13291 8368 12237 6862 7115
321 6231 5989 2674 9364 622 11707 9561 3297 12661 7787 10101 2209 9148 10687 7128 13236 5596 2004 2562 11091 10825 205 13023 5441 2270 11371 3581 1433 9033 1376 12723 12399 7714 12551 8457 7626 4925 12564 12863 1299 14125 6052 3745 8357 3802 9002 1632 4350 13349 7587 1416 3176 10690 1140 2198 9733 12585 11568 11612 12449 11528 10331 12885 3975 9128 5229 2307 13453 6446 4441 11744 8324 12521 7091 6887 14090 11265 10796 1413 957 6729 11142 3576 6357 13868 12341 13108 10577 12754 595 9739 12427 11032 13771 12456 512 9660 2748 11670 12198 12389 2609 11894 3268 6431 4352 4475 7145 1431 10752 9772 10738 6101 3408 13985 12296 1088 6479 11701 13504 4488 3787 12418 4304 9092 10381 12970 13284 7009 5611 4462 3421 316 12655 7647 13028 12447 10017 5582 2812 9447 2260 8432 9934 1121 1509 13664 12126 6995 11002 8057 4941 9955 6195 13197 3889 4280 3588 5918 11767 10175 2484 9063 11178 8177 12434 13707 1302 12500 7621 9240 13626 1221 7894 761 9143 728 11068 13085 9665 11258 11366 1253 9269 8085 1796 1548 3924 13812 10550 12667 6429 10620 5042 8943 2802 6407 10579 699 2585
322 1905 9246 459 8292 7941 8938 4431 11473 6597 4529 7320 8907 8075 13002 1441 7391 4655 14007 9875 12995 9439 2400 10364 13874 13816 11994 9311 13483 7917 6762 4135 7347 3875 8660 6079 9747 11985 3957 8636 258 9199 2407 11206 9374 8111 1253 11665 6205 1025 8833 6656 1044 10164 5210 6054 8982 4457 11350 14166 2696 13020 3004 8892 7587 12982 6112 6563 5646 7858 10442 12607 9462 6523 12471 9418 12715 7578 8479 3727 11145 5160 9372 3668 9631 6676 13436 2791 1795 4472 13848 4819 3254 8875 4180 299 3672 1767 4369 813 9556 12807 6829 11791 3911 10871 935 9329 3594 1852 1352 6438 8553 4279 2560 1277 3407 2961 3410 12284 13077 4515 1627 3622 718 11961 13907 8398 9305 6117 13670 12455 172 11335 9331 2433 8682 12502 11257 6160 2606 11943 7980 5945 7971 3425 2488 1801 253 12899 11786 12738 7208 100 7161 13137 8902 6167 14149 7424 10536 11296 6881 4734 6494 12702 8066 2332 3991 7343 3914 2557 8359 13958 5922 9445 1672 4643 7954 11405 8678 8054 2449 1856 12254 13356 12677 805 1788 10414 4701 675 12197 7000 1624 8945 9978 7396 11472 2285 9216
323 4612 7391 6019 961 538 12007 12243 13781 5891 4989 2666 12784 13436 5748 12834 8256 519 12214 13887 9465 8693 9872 7967 8972 4519 12162 13420 13442 7856 7978 889 14112 9010 4728 6591 9727 1237 13149 9495 10423 4748 2280 659 5558 5138 7929 5982 13461 8430 7606 4665 427 369 8485 2570 268 6541 9248 5736 8074 2369 972 9760 6383 9198 5928 3895 10394 11393 10557 6582 5383 13844 8761 5881 247 6912 8857 11814 3354 5384 7081 7273 10908 3720 4764 5989 7924 1950 12814 3145 11402 13923 8119 3122 12217 6606 2685 8320 5645 3092 846 2277 11211 12664 2667 3016 1511 3140 8079 3219 683 5747 8628 5332 4388 7532 10034 8747 1098 8112 2324 10612 3972 11343 637 12687 955 6733 5100 886 9620 6435 3273 5287 2265 2986 12707 928 3568 10745 10453 10770 13048 3787 12467 10952 2050 5600 10252 2782 12058 1639 3102 4241 6811 8028 10256 4594 2296 9209 10446 260 8067 12300 1137 582 10567 13445 4882 2099 5254 9518 1155 7788 13913 7230 6091 5135 13451 4087 11421 3687 5207 145 345 1299 7223 13134 12908 12470 6824 352 2679 9376 2966 1086 7427 9324 2511
324 2258 7106 6887 9476 2037 7076 8608 13543 12527 14081 12233 12362 776 2458 9472 2034 4729 4996 13198 6482 4929 6334 2491 12971 6465 7322 7528 12608 10928 5317 12977 2440 13209 11098 14195 8582 1937 13520 8737 13234 5999 6377 9991 11765 8130 7243 3279 945 1320 8484 1592 887 5755 491 1771 11277 13935 12691 1501 13495 4375 6786 3706 2475 8345 12367 10210 8050 8601 5111 10963 2631 3241 7001 8919 8458 3311 11360 237 610 5289 8107 13144 3803 9898 4733 706 4993 10312 12167 3288 3973 4435 6278 5299 10811 1897 9604 12139 11037 196 12459 10801 5666 5950 11665 12243 3428 6614 7997 6444 11344 9989 3504 8290 6437 13341 10938 3695 12120 4537 4974 7370 9784 13949 4179 700 1160 8549 1576 3792 9274 3743 6174 4708 8157 6469 3079 7546 9213 10180 9379 1947 13307 5450 9272 13638 10623 13994 6695 874 2151 3200 4725 8108 9984 12569 8957 6546 13001 1216 4267 8596 5010 6311 3546 10177 3344 9790 13651 1033 25 1482 11233 8218 12576 4227 5553 9413 149 10482 5390 9818 9331 8988 2557 2694 11967 2283 4661 11928 3955 13643 13260 13844 6528 5442 550 7097 8848
325 65 3645 4054 2196 11180 3887 12185 13538 14185 6374 1646 6070 1565 12305 12677 13129 3023 6618 14215 10755 11230 5401 9612 4286 11125 8167 13846 3250 10877 2964 8001 2591 8711 12752 4319 379 1210 8535 3013 493 12901 3552 4830 7416 4630 5673 8868 2924 1313 8421 6635 13531 7430 12502 12774 12678 8673 7116 6152 10655 6687 11718 12991 8 9194 4517 1208 4200 6723 12674 10679 6314 12989 12906 9562 6097 5827 345 7503 650 10767 6791 2229 10919 620 7977 5994 6642 7228 13368 11861 10853 6857 5094 12955 12297 5989 11452 9685 5504 3636 11571 8056 1941 6459 376 522 13483 8744 10784 2114 4591 11331 7521 1866 4125 11131 1189 4338 5953 6990 11363 9344 4383 5737 9050 6660 8177 163 11607 6180 13646 3006 10082 784 10724 11600 11988 5736 8900 9666 6259 9718 12886 10468 10544 8470 10265 13997 6743 7751 6814 6013 4006 5697 14039 5750 3221 8904 9849 13267 13434 3406 6118 5763 3848 13693 7769 5161 5825 13896 8063 5804 6734 4972 8275 6233 12715 12485 2378 5238 11237 1084 7529 5404 8543 13002 6782 2716 7373 14074 10932 3755 7497 196 11145 13625 7390 6143 8076
326 410 10941 12970 8546 14163 11026 9321 13925 6571 13497 12705 9161 7430 4753 4114 814 9419 294 3577 6021 8099 7790 4176 584 4360 6023 4781 8660 9846 10891 620 13282 2784 10969 14169 4359 12175 9988 8126 2624 4629 6951 2079 13186 1366 10685 7219 13254 3308 9254 6518 4294 12549 935 3889 6293 8324 5301 6334 10109 12325 12575 14009 221 3496 14215 3456 280 8372 2469 8258 10664 13446 1993 2152 8837 13929 5635 681 165 683 3803 13264 8925 8002 8593 9162 7579 9407 2230 8809 7239 8447 3580 7560 7360 12299 2332 8655 2975 13051 5666 13437 2120 13620 3666 6956 5682 2570 9783 4330 5293 5809 8061 7026 2112 9917 1412 6054 9222 5185 5948 1694 7336 5288 8637 14151 6802 1901 9851 7775 10956 7119 338 9912 1223 3029 7886 13575 3401 3623 6431 5369 2857 5928 1199 12889 2797 11692 11887 11767 12232 6884 7433 2724 13033 10288 10247 6770 11120 7462 2211 7282 10335 3487 5578 13924 12858 2482 383 7031 14098 4535 12671 4392 1815 12320 9461 7896 10578 13005 1660 6823 3811 2780 9455 6144 8361 11082 4486 3400 12182 6925 10061 2757 1085 7303 6368 4780 10881
327 1274 13920 3283 13288 13809 6694 10216 12611 10898 4244 9264 10837 8054 10944 4530 5028 6631 12752 5597 10791 3588 274 1355 1093 8512 5593 1 5680 2659 8056 12588 2344 7421 1757 2842 8614 1830 11484 2463 2836 9289 3494 6478 1530 13002 4255 9300 5858 8396 7638 14210 1866 11142 2393 12952 3336 9483 4997 11327 12091 9155 2855 6157 5818 4704 13909 12104 12269 3415 7818 11175 4960 3664 6474 5618 2084 1231 8344 6099 12188 2987 12863 799 9996 6581 7445 11080 8437 12168 151 2613 10275 1565 9756 13349 9886 2749 3693 243 4251 1841 3298 9573 8537 5324 5887 2717 8113 5236 3114 395 2529 1275 9254 2909 3672 6775 4611 14073 12243 3579 5679 12023 1843 6900 8993 1224 5309 13755 11716 11691 4365 5646 7010 9548 1518 6641 10038 10957 12161 10097 9663 10515 7095 7737 12929 525 1621 3085 4627 10802 10975 6430 12507 10445 1792 7087 13878 12141 11825 3100 3778 2692 12219 2435 11049 3615 5566 769 4129 5331 1890 497 4796 3448 10783 9506 2168 1417 7533 12103 7798 8249 4918 12067 5984 14000 11748 9965 8887 1596 12276 11471 2954 2950 8630 11402 3007 57 13650
328 3111 13192 8245 5916 2975 2531 1797 14179 10965 11883 5404 2456 3243 5582 7955 3407 2255 1161 13523 1756 2565 6171 1098 13914 12223 13144 9394 12440 5189 9670 7423 9871 5642 8440 5879 13109 10142 4178 4465 11707 2810 13234 4979 12005 7107 5908 533 14019 1847 14154 6659 2831 3424 2599 3674 12847 3797 10876 2884 2803 9038 13435 9873 7987 8936 12808 13185 382 14005 11036 6632 143 12594 2110 3845 676 7997 10981 10542 5116 5141 1828 7302 12026 11882 10718 12773 9485 3980 9366 9965 2253 11502 4181 8869 9429 6911 3760 3007 9120 10740 7184 6900 4872 7088 9193 468 8424 8416 3748 3900 14092 4477 3479 1308 6309 1666 11165 10547 7981 7276 1758 10236 7033 6757 9596 2522 7257 10785 6633 3520 2358 4860 851 9791 1882 2699 8732 14037 559 7141 10898 13951 1288 7575 11855 11091 1514 4238 4193 12826 5813 5843 11526 266 12606 9230 7397 13756 12337 7739 2199 9762 11824 156 11451 9759 2090 12240 13809 5574 8482 12469 8523 3125 9592 4728 5095 9713 12466 3606 395 10584 10917 4253 3522 862 2426 6346 10869 9159 8370 10777 1839 8380 8034 3978 12520 12273 7455
329 6275 3341 1303 2653 13210 10081 10732 12464 12542 14070 10061 8127 8538 7953 9464 2466 11633 13871 1113 5290 14020 10778 3283 13720 8646 5325 12494 7359 6638 211 10559 7836 9940 3600 792 7814 9951 11153 6954 3192 10999 2043 12549 12143 13903 8474 8656 8513 4486 11327 10423 10947 13862 5718 1176 6197 1188 4474 3371 13060 9055 4840 3368 7702 4590 6986 194 9947 11294 6194 1074 11112 13841 7530 8123 11858 12814 9385 3406 7844 12892 13486 8118 1874 18 12048 6950 2593 6360 1633 9792 8767 3147 5925 5716 2217 12573 869 7452 4281 13454 10425 12688 10855 4306 6733 2175 10086 4012 6814 9488 12681 7201 3968 11212 12896 2016 12227 13988 13926 709 8640 10600 11551 9371 6625 1091 11726 10848 2060 12512 9552 4126 9088 10927 13922 3814 10695 1179 4080 5190 8206 3440 3532 9891 2311 3009 4964 3963 6178 4760 3568 9264 13605 12711 8258 9824 13010 5497 6691 2268 3805 8834 3988 5168 1301 12336 4922 3329 13439 12472 7677 11646 11375 10372 3394 6243 8574 6119 9029 7762 6505 9249 14084 9522 6632 13307 2269 6655 9316 2023 3321 2897 4583 12154 9638 4482 469 986 4536
330 1898 10327 10950 10130 4530 2634 14064 8382 6073 466 12458 6083 936 12977 7498 3391 8608 1401 11432 7286 13208 7734 4763 278 3200 231 5995 8821 2532 3209 395 8265 3018 7097 1656 6724 6349 1004 797 1994 2831 11630 8842 9514 6419 1576 5935 12047 6429 10000 801 11822 13808 14146 13986 12070 7121 2574 13511 2403 426 8295 5758 972 3079 13406 4881 2462 2435 13897 13845 9263 45 980 6904 13523 8947 1257 12337 11513 1570 9291 3429 7915 7563 14140 7436 12938 2021 212 12168 1757 313 2959 6590 2092 8935 5421 7478 4688 11374 11876 9981 6055 13132 10515 10827 8900 7630 10033 9793 111 6508 14184 1789 5500 10026 8823 10472 7378 12193 1580 5471 3848 9363 2431 6780 9366 11061 3428 13211 10489 9074 8395 6433 5164 141 11934 13996 6581 1485 7755 937 8191 12400 2554 103 1027 209 7676 11196 13918 12834 12355 2776 13297 6518 4936 12397 8603 6646 11415 7186 4990 6420 11077 4342 4468 7133 12350 9185 10311 6647 10110 3970 6754 3866 6040 11315 8636 3326 7272 7742 13627 13838 3601 14041 1672 12573 241 5026 10992 4729 2786 8705 9012 8347 13428 2951 6800
331 6338 5193 8716 9805 9460 110 11118 2716 6068 9888 13105 880 4118 12697 7394 6766 12756 4156 13638 4965 12448 35 11792 11648 1170 2634 3112 4771 8530 10703 8179 4095 9641 9014 7066 10137 3833 13658 6833 8891 12962 7302 13637 12286 13677 3814 8564 8795 964 1640 12020 8914 7921 10341 11381 1299 12330 2831 9956 11319 8917 11748 2002 11649 2307 10420 9121 4379 9997 9897 7437 1486 1089 3720 9012 8695 10869 9982 783 11365 10508 12156 3579 1079 10000 7741 14169 8242 258 2599 4677 10456 3902 1072 1879 8803 10379 8670 1070 8952 11528 11901 1274 2195 5019 678 13636 6239 12464 44 2370 7666 5402 1039 543 2786 13138 9847 4356 367 8895 12482 9516 13616 5938 6817 3019 4689 4987 7908 9169 7820 295 3059 4924 13785 8448 6400 1715 2262 7028 10728 11985 5087 7880 10663 11367 1136 12929 10085 12679 14153 8780 471 12016 13437 10226 11705 11680 649 2517 7878 406 8376 5961 12365 11802 9159 2338 13471 9669 13938 7375 1831 681 1549 11784 13821 4124 8323 6023 6073 6092 957 1937 4646 2348 3118 11103 6170 205 5460 11146 8303 1348 12274 5379 7477 12164 13318
332 6515 4519 5808 12735 810 5398 11255 13721 12146 1382 8946 3924 3546 400 12843 4752 9789 1313 4904 12506 8707 12257 11032 9724 3631 13637 4584 10962 10087 9640 11266 10439 7451 808 4259 9593 13106 3115 11393 9875 1100 11454 10938 4775 11878 2891 2621 8973 244 3743 9937 9809 7388 10083 2679 7774 1274 2809 13997 6145 409 570 10315 12525 902 12736 8448 13426 10473 3479 7004 7858 9474 4852 1425 5433 1019 10114 7790 8805 9277 10995 8782 13840 12306 9462 11631 7768 9229 2659 11473 11457 8662 4438 13168 10116 11092 8129 9804 2140 11708 13258 14080 5104 6993 9102 14064 3541 12363 13943 13347 1648 1108 11903 11289 3254 7365 8959 3069 1216 9399 903 11911 5721 2953 8779 2740 13190 1291 7335 7484 2289 10177 11671 4564 7121 5728 3992 13361 13866 12260 10012 644 1397 6577 13354 9375 2532 9698 6557 13259 7254 11228 3041 13815 12552 10901 3525 6223 8617 2294 5067 9936 986 4986 2759 940 10652 8951 1249 13493 10474 11256 13448 8206 2222 9133 10289 1259 3599 4900 12708 4462 13075 6889 2709 11237 5863 10525 1520 10990 6158 4246 9762 9020 10575 13516 7522 7544 3346
333 3369 7615 1013 6922 11347 8577 5529 8609 2174 827 8578 2724 3158 4625 3465 8818 4610 5932 275 2989 1122 2978 12614 12795 6656 6699 10990 1468 11493 380 4029 1045 10413 3366 12964 6029 8096 2856 6013 8839 4513 10477 10980 7911 6387 7718 3804 5072 8703 13298 11674 5198 7974 87 12728 1360 11846 3102 4237 1662 12489 1030 5748 9677 2738 6019 1786 981 4653 10416 7132 169 5056 2018 5967 11733 3161 10834 12678 8349 7152 11012 5955 8823 7934 8455 9263 8814 4176 6580 11856 9338 9001 7364 7088 912 4907 1889 2387 3642 11277 11402 6710 13391 779 6522 6722 10457 8458 11670 13273 5949 5854 12059 425 7326 8340 13119 10619 9120 10320 9340 8259 4281 4305 4984 4887 1175 4210 500 804 12472 12683 12214 10438 9931 3922 9383 11072 312 8973 8641 11397 615 8006 3952 5406 6526 12958 6109 1761 10969 8459 7866 1059 2640 5162 6249 9291 7030 6330 6490 12660 7252 7251 12656 13206 12470 10793 2252 3494 12859 9136 7031 8612 8093 6968 13787 12162 8445 3795 852 2159 11583 10305 10025 7020 11545 1884 5092 2719 13126 2904 10104 5416 2690 4549 4009 4675 6849
334 770 9341 7194 3549 13013 12244 5565 13435 12875 6022 3891 3328 3008 4504 9123 11079 397 7228 12474 6572 3824 7048 4584 5747 11890 967 1564 2428 11155 10580 13919 11676 951 4814 7926 13160 2864 12911 4054 7641 8741 806 9443 1951 3310 583 13610 2436 10484 13429 1390 3631 7374 3435 3088 9419 10239 11125 5770 17 12686 5605 2740 2232 13334 13267 1584 5612 13263 598 1919 300 10975 3398 13270 1248 3629 10162 7949 6440 5656 11620 9287 5547 4955 9058 13430 12794 4777 9961 14064 6617 5291 8105 8388 2958 12489 12687 10528 2310 9490 12693 11346 2579 6272 4580 2233 4270 11255 1387 3609 3400 4264 2077 3521 11214 10922 3374 3846 4505 4276 5729 6642 1523 1116 10935 6648 1510 1878 6703 2671 472 9959 267 350 6130 7200 2032 10074 4991 11602 12699 1713 8531 12319 6500 13336 14068 10266 12645 1203 10724 13365 3584 3063 5439 7665 6802 3513 2705 11830 11182 7947 12940 12918 3122 13399 8935 3965 8359 1086 7561 1672 8318 8983 484 10630 8177 11784 10978 12114 1459 7400 141 7221 8486 7930 320 12136 5983 9816 12548 9411 11143 3594 6131 9063 3176 12811 9182
335 2434 4114 14088 4012 10886 3677 11002 12684 11852 11632 708 3122 1210 1206 1472 12117 12699 4025 9272 7823 11464 2862 9061 1089 920 2113 10471 5594 10116 11708 3906 3350 12986 11867 11238 12842 4715 12172 1028 12394 13228 8320 6713 1263 13278 7468 2204 10807 8792 11317 13141 4231 12689 8753 12834 5508 6905 4613 3878 3215 5285 10111 8149 1694 11994 4564 3142 10794 5376 12418 5352 9975 14105 3006 2049 5182 2282 3068 63 2065 12800 2567 2134 6559 2406 7236 8102 2784 4330 7313 2863 1410 8420 3670 5154 5322 154 11677 8577 2885 6434 2161 7119 10167 8781 3417 6644 13241 10744 3296 5319 3651 9301 680 4209 11001 1871 1513 13830 13757 11514 3769 115 9874 3517 2360 5689 7441 1611 3407 5483 1275 9951 5002 211 11876 14068 1441 12480 5978 11833 12550 11214 14132 6312 12535 13827 3956 3049 978 8110 8844 5397 13904 501 13594 2055 7213 4900 10601 13047 7750 6037 1201 12536 2058 7730 12331 10331 8569 13173 4253 12201 1805 3474 2195 7349 994 3463 12759 1852 5386 77 11671 60 9955 9415 13095 5956 12732 6630 5826 10546 11750 12252 8470 13094 931 2162 10675
336 2089 3302 7114 14126 12951 10242 13224 3525 10918 10365 12873 11388 13892 1637 4117 8114 5767 12176 11433 9617 4926 9036 5066 7624 6442 9478 4743 9767 2000 10326 4070 6116 8105 12356 6624 1297 4617 3067 13000 1478 5593 5205 10439 11169 3468 2688 330 6677 5091 13366 2934 3547 9733 608 5570 6355 8587 13262 8090 12685 470 962 163 1419 8496 1201 1592 9050 11082 13813 14177 4321 6031 8691 1533 5781 7733 9288 13434 6414 6453 13339 10090 13493 8567 7383 13924 9935 2722 3558 12019 6336 4971 9226 2931 3680 3405 2360 3907 5164 3649 11246 8740 5662 189 13724 10583 5471 11477 9634 8845 1039 6472 12275 7425 971 4478 8936 10449 6704 12591 504 10133 3722 12700 6484 2252 7007 5556 3574 7050 7328 12130 8777 2658 13991 1961 2593 13920 2156 4857 3081 6798 11620 13286 2556 11538 2908 2843 429 7165 13578 8674 459 7816 3751 7616 11790 4737 628 1643 474 609 13899 4264 852 3101 7576 12775 5754 4053 11713 13113 3217 12432 7813 13873 6568 5645 8188 12818 12535 9950 3330 9706 11625 2385 12820 12505 10038 12842 1761 2048 12235 10195 5262 6232 6236 2715 1892
337 634 5355 1590 1827 13614 2191 6178 13649 2431 2559 3616 1147 13688 2021 4205 5504 9491 11506 10991 968 11730 10664 4894 7430 3750 5316 1178 4985 7955 3190 7089 4358 5004 3209 12127 1263 14094 1045 1965 554 2316 7457 1769 9883 909 5708 9024 8631 4106 13012 4731 7566 2118 5155 5171 11205 11755 9285 11661 11017 2 10234 3469 12847 11715 8300 640 11367 583 1013 11370 11214 12601 5822 5585 3226 3959 9618 9208 11353 2903 8467 9186 10132 2142 12227 4096 6263 7045 13282 2897 8107 8207 6938 12365 8672 2262 5372 7244 8757 4862 4054 7276 10225 10926 4051 4857 10948 904 4962 9753 530 5065 11070 11387 8518 4715 1159 6100 10165 2631 6201 13844 10460 300 390 3902 13680 756 3117 11124 4488 4203 4525 4082 8907 11486 2930 10143 10840 6609 13927 1600 12070 7748 989 6675 7564 4295 3074 12001 12059 1912 5825 13638 7486 3982 12581 5636 5081 4052 4670 8278 6574 12851 12426 12164 8289 2948 886 649 10729 4909 8460 3491 1711 12619 6973 12293 6278 2650 6948 9114 12637 13497 6991 4073 6050 10966 13776 5783 1316 6724 11355 12892 2972 2621 11381 6269 9143
338 992 5870 9181 10408 13984 6142 1836 4405 4686 8334 13553 4388 5300 9677 9974 9310 2281 4825 12506 11995 3654 9430 5183 11869 9869 5966 7811 2134 6916 682 11626 14036 9234 6480 11238 445 4221 13799 7578 3165 813 8333 6020 1678 1091 5396 9698 14003 14008 67 2970 9508 9943 10353 7414 11216 10665 11842 10941 10315 2776 6151 5482 4060 12085 13001 8228 4459 11201 2098 1596 4485 14119 13602 2872 8551 6589 10907 7847 7836 4729 7107 4014 9828 6146 11157 398 6994 1356 3369 3642 4855 6125 7361 11756 3659 5219 7818 10352 1105 4651 13662 2159 7929 2884 1794 14214 1691 3269 5104 6303 2480 678 3897 234 3332 6089 12656 8856 10409 2026 2423 13533 3061 2037 12304 4758 14121 4233 3298 4032 2816 991 7138 8678 12201 12251 12250 4597 1666 1782 11551 4494 6886 1007 12147 11039 7049 10032 414 539 10968 7009 1919 6922 10963 9304 4642 2800 9759 12680 881 7726 9540 456 4095 11770 11193 310 2994 1078 1276 9260 13045 4945 11803 3978 7509 12203 12116 3789 2765 7027 1348 4351 13720 7291 9318 7520 9095 5862 13889 101 8570 5636 10863 11057 5140 7824 5159
339 6033 2047 13105 14216 2134 7277 1905 8196 7888 1668 4881 10540 12814 12707 10954 5268 11583 7316 4866 3847 11241 13500 9657 7126 6413 13351 2761 1307 243 2011 11639 8235 6075 1563 9581 12054 8176 13470 9286 4362 2962 9184 7317 14153 6208 3656 8028 2028 4640 5226 10468 3947 3120 9321 10036 6831 4311 11794 13998 7726 3237 7173 4146 73 12970 7681 12280 11689 3273 9642 9681 6243 2399 10868 3950 6996 4741 415 4446 266 860 6143 8367 7652 595 10009 1191 8038 10814 6514 14196 5335 10181 10220 2195 7567 1719 14166 214 4236 6458 13604 1672 2662 7400 4621 10696 6745 12036 14172 8726 11059 13880 11193 10119 10007 13835 5733 11633 1281 12561 3160 3255 79 13576 11457 12803 8518 13305 2205 5326 12001 9064 7571 3101 7686 12600 10391 3937 9306 7231 5583 2226 12260 10975 6588 12185 11554 9161 10192 8310 12546 13563 13129 6843 9975 1472 12297 5685 11562 909 12359 6402 13849 13069 12758 14049 1086 12500 1170 12462 11977 252 13301 13786 5278 4139 3063 9503 9272 10311 4714 4075 12308 12784 12015 7585 12495 6285 7078 8088 3655 1312 2463 7828 9994 10245 7863 10416 8820
340 3114 2795 2463 2053 12803 8746 179 3011 9943 12346 8952 5325 5682 7969 11932 6405 5930 7132 13386 9776 3065 3358 12530 12200 12483 9785 361 417 6183 4945 10013 12475 5065 4428 4021 7041 13471 3539 2680 4300 2117 11535 2199 11697 11019 12520 14107 3148 154 8946 12234 9465 7089 5100 11060 46 6396 1474 8586 10864 13484 4547 9421 5967 11442 3521 12216 3821 7541 1291 3604 7821 14187 3273 10320 2188 9629 334 2523 3354 5865 10769 2768 12886 12298 11565 13276 7385 7163 8002 13368 10786 7756 11268 6784 12462 5936 9838 9742 3091 2533 9454 9186 631 1932 11677 13234 6592 12282 10524 8501 8020 7514 9802 10426 13226 13560 5883 10382 11424 9942 5329 12259 7754 8822 8491 739 4153 12968 9495 2109 1855 3973 10704 13497 7960 13291 12919 3430 8756 4803 11256 5348 3520 12161 2456 11422 10294 4133 2432 13060 5958 1040 5547 1410 4596 6284 5106 3849 13545 7242 2052 1212 4486 10883 5774 3351 7642 12036 11186 2087 4730 7334 1058 11290 6903 10061 3379 7936 12685 4947 8991 10790 14167 5560 12312 13865 10596 4380 4490 4833 8680 7618 988 5878 8175 13503 7290 6665 4704
341 7714 13407 9612 13623 7050 13774 8408 4360 10219 10469 3386 7900 2428 12723 9577 7794 10019 9628 9061 2850 13733 6946 11471 5453 1373 10661 5994 4778 6780 12680 10853 8638 2372 5317 1467 4891 192 12014 6563 8566 10800 11038 7267 8510 10243 2820 5571 2235 8947 14199 13475 10023 6525 5487 10400 1236 1701 13109 7862 7258 13622 7077 13127 4441 1553 1095 7913 705 3941 1413 12050 1848 11163 7106 3979 7065 9507 5501 1145 1458 11567 7981 2126 846 3190 6984 7238 5341 12614 4093 8718 440 10117 11828 2932 5312 12738 6282 13590 13852 9950 774 10969 13101 8199 7447 12285 9777 6463 3998 8757 11242 13277 3393 9634 11333 8049 10715 3323 7818 11112 4548 8353 2610 4937 4359 452 10042 9783 10431 9222 12217 801 13634 10964 6954 1509 1990 3674 5066 5338 13346 4448 3514 10807 5283 1884 3416 2106 13405 14211 642 3919 12056 496 7731 3799 5959 1063 10883 129 11007 13851 13721 4614 758 1708 7516 13759 3882 7201 3823 2128 13966 3227 4981 12824 5683 4520 2486 3299 9729 12049 13054 111 8268 8885 6994 2960 2477 4708 11628 4765 6108 1842 11492 11247 2641 7063 2306
342 5278 8399 2482 13294 297 406 2591 2395 9812 12519 6858 12011 13246 6719 8160 9943 9100 5081 7356 7209 12526 4256 12385 4485 11958 13997 10435 544 9648 591 11222 10375 3924 11697 4812 2874 6045 13806 1703 13502 3897 9984 7884 8129 9249 5677 14129 3682 11659 6151 10473 12687 3078 7933 11016 6690 11643 7287 1277 5719 12760 10497 9471 8585 3207 3245 5909 2896 4892 1089 8140 5237 6271 5882 9961 7202 11117 662 11653 12053 11330 5144 10366 5958 13838 2428 10014 12691 6998 9609 8142 7700 6746 4181 6395 3464 5504 8883 6467 7552 6691 4216 5018 1676 8472 4067 3857 14215 8740 4587 8462 11105 2294 11772 8568 6259 4167 6289 6591 12390 9775 13180 7255 7242 7904 9864 8567 3731 13918 5508 2341 7438 9246 5061 10352 12858 441 10847 1479 4623 12540 7388 14153 3035 1464 14037 12230 7942 9345 13010 10555 9842 9101 12229 4541 1558 5683 12004 13776 372 6360 4748 7849 5745 5477 10374 10732 13216 5279 1323 12400 13944 12137 6115 356 1646 12280 5529 10546 10047 12901 3842 2948 14177 7668 12803 12325 2334 10320 32 9248 4289 9650 1370 7154 7249 2215 7149 8639 712
343 3495 4505 1884 8761 10970 2231 3749 9546 4397 4828 10848 14010 10644 10345 8681 3323 11296 2551 2808 9102 5330 6580 10336 5195 3102 1244 8874 8809 11436 6250 794 13967 4607 5295 10628 11460 14162 7256 9421 2182 10177 13414 8409 7319 12536 4910 11303 12685 4935 1117 8204 9531 13434 432 10677 11738 3051 6930 1455 8868 14147 13479 13743 2663 9432 9477 10481 3545 6479 12255 4374 867 9003 13530 11543 4230 1667 2450 8150 2350 6898 1328 13 12930 1517 8296 11961 8956 10385 3075 1659 10881 396 13106 11828 9040 13386 5314 1909 1500 11548 12209 11365 12224 13083 6337 12636 12540 9624 3954 1865 9771 10107 14015 4180 9238 12132 5384 693 7296 2425 3287 9550 2864 11713 1450 11533 5229 13451 6036 691 7625 13875 84 12549 4443 3962 3730 192 5081 9385 12684 7339 11954 12081 3221 5557 5115 11497 8673 6607 3299 850 11135 544 7007 9532 12475 4473 4038 12096 6481 8141 7609 2492 8199 7155 6892 10935 2461 10093 10191 13342 1785 5894 8743 3833 2320 1445 7499 2626 9498 3660 809 2415 2452 12811 565 2027 10361 13650 2794 8802 7462 2558 9676 6982 6080 1864 11518
344 915 2187 8306 10948 14137 13290 6408 13611 8952 3727 9806 5196 9483 7819 10778 8711 7687 14183 12798 6983 12191 10291 2636 3107 2429 13174 2859 10261 11593 4201 5066 10352 848 1867 3289 6283 5604 1562 1030 1241 6108 13894 4377 13036 7468 7082 7375 6569 4418 3434 5510 4716 11266 6825 4604 836 11268 11417 12476 8717 12303 13875 12052 11488 5962 925 14029 7079 3235 6321 13211 9784 8832 7369 13722 8454 9163 2483 3915 7717 14188 3760 4211 1118 11059 13656 5693 7091 3744 9341 6232 8721 3937 9032 12818 7376 852 6669 11269 8854 1877 4337 5989 8261 11011 7280 4435 8612 2867 12165 13880 838 11539 10107 4966 13233 185 9193 5166 769 268 10480 8487 10642 2415 11469 3163 6671 10173 5630 10538 10260 12962 1676 3880 10090 2006 9940 8773 6828 4357 5467 5268 11207 11979 1061 10525 6487 3562 10641 3628 2346 3844 2581 12509 12779 177 11271 9509 1246 5872 14181 9553 13856 6264 6312 8162 12991 6685 2175 13271 5333 12336 7229 1810 13331 3664 970 6378 9587 3194 8747 10509 12201 4826 11525 10693 9075 3927 9683 12432 9851 3630 11214 12288 11126 5852 11750 564 9053
345 712 10531 12480 9222 6220 11945 7093 6070 11774 6671 5232 14195 10674 5910 67 9539 12654 3475 3504 3335 10717 11841 10378 3202 14156 3970 3398 13455 3922 7091 7005 4988 10351 8202 11605 6585 4932 10015 9026 13444 1833 8553 1880 5079 8484 6046 9352 11834 7227 3984 13732 6438 8863 1580 12895 4570 9366 9641 13753 7568 12626 8354 8477 12466 9441 8132 5937 4049 11604 1212 12887 11419 9373 10369 5336 541 12549 70 11584 10319 12027 7950 11750 10955 8152 8933 4422 342 12165 9097 1776 10632 11821 1653 4132 1084 6121 11486 1367 8078 1216 8677 4348 2770 2201 6254 10690 3857 4607 12609 9246 7928 6202 13722 4755 12359 11549 13297 3419 12843 4411 6129 8705 13479 12600 1019 6791 12051 11272 670 12727 7084 1507 4912 4686 4109 8318 3280 251 6917 9128 584 12281 5687 11113 9843 2427 7112 2496 3126 11817 2643 11164 2162 5427 8586 833 1262 10333 611 10254 7378 5126 5951 10391 5591 6824 3340 4144 2991 13393 13630 10646 5770 4409 14165 2337 12094 13354 11322 1248 12707 10723 12167 3060 4056 2188 10781 9110 6415 10757 11403 3956 12114 21 11308 889 9607 9888 13072
346 191 2938 5897 3356 13649 6372 13672 3661 11104 13739 8698 4329 9336 9490 11626 10416 315 11874 14205 622 1041 8645 6209 9571 10796 97 4840 7454 7904 266 5675 13370 12461 12365 5346 13957 4060 2958 7019 1440 5673 12525 7949 10619 6182 13622 6834 8080 13000 7956 12111 6408 786 723 1790 8713 3772 268 5519 11068 4144 11851 13248 13385 8895 10303 10459 13386 10200 3398 569 11702 11914 11560 3774 8429 5184 13923 5153 3723 10726 1639 1486 7433 12892 9274 5049 10263 6091 4787 8613 7928 107 12455 12477 13930 6079 9008 4899 7343 10180 7302 6292 1738 6307 9651 119 2384 13697 10221 13625 8697 481 6997 6095 6612 13530 1747 12610 1376 12253 2727 5945 4719 7466 10766 3760 1952 6296 4273 1156 4830 1078 13805 2213 2031 3622 619 1805 7548 12462 13865 6651 13657 3847 5979 5132 6860 4778 13730 13964 9311 4800 12386 985 4726 9349 13192 7843 3313 13168 5749 2500 13698 5086 11024 9364 12211 7868 7366 10587 14008 123 5180 6228 213 9239 11270 3389 260 13211 12011 2860 8960 3629 2147 8243 12812 10710 9092 4445 1938 9608 12920 9650 4851 12836 2369 11007 4432
347 8 10724 10323 5647 460 12934 11790 13828 11193 2503 9270 45 12437 14010 3492 9708 7710 2118 242 6992 5556 1801 6774 11744 10602 11362 12266 11647 6324 6122 11391 9464 2918 10049 13987 13389 3424 2094 11222 9223 8606 1207 2401 6302 12565 13395 991 1265 2729 8643 301 8390 2378 2638 11279 1176 10020 7129 12192 6225 12071 5396 12660 8808 6781 6030 12874 8656 6083 1114 1767 6939 13600 13274 11394 5353 4390 13567 9117 184 3376 10970 6297 11032 974 7937 13117 7163 107 13244 11110 14206 5577 9675 483 7005 4528 822 7778 3527 554 1692 3339 9272 7933 11556 1996 12309 4317 4094 14047 14059 11798 6006 10577 9951 8871 8046 12010 5571 10105 14155 1635 9058 1789 7379 5520 4028 1141 5533 8832 10093 12345 6744 3129 2117 2434 12584 598 7445 14063 4758 9238 971 9118 13178 3595 13831 3135 1804 3804 3650 8706 9995 4201 12963 4391 5794 292 741 10974 4727 13867 11406 12854 13633 14103 5575 3411 3073 7679 7969 6949 8315 5206 2428 5725 7192 8448 13546 6371 10807 13893 8001 7772 7962 10675 5608 9367 13291 619 43 9049 11794 11789 9424 7312 3382 7258 7854
348 74 2204 5318 8745 10598 3317 8169 12208 4865 1850 13176 9105 5791 3465 9724 11418 1938 9913 6916 7749 2262 8351 12078 2361 10787 11608 456 163 5795 2746 1238 12333 10868 9205 3315 4563 4541 2176 6928 3336 6006 5860 7328 9218 3276 7798 4909 13204 6270 747 12857 9224 6736 5187 4146 13046 4182 11381 373 5107 8830 1415 622 3004 12134 3740 10535 5173 8560 13881 10888 1959 8716 6712 461 9126 5656 5313 8412 2310 6357 13022 7789 9982 3865 2836 10959 7381 2186 8888 13111 13273 13771 6373 4785 12463 3428 254 11930 7483 4361 6185 7372 13361 222 8023 6553 6139 5417 10961 9287 6998 11793 2932 6894 5275 6646 10224 9272 8242 9853 12220 170 4355 1089 13454 11631 8876 9541 7650 9689 10960 5738 2689 6142 11740 7463 13691 13029 4872 8320 3300 5572 4591 11254 68 10593 3892 6753 9670 11186 4250 12239 1557 8053 3868 8841 6651 3204 12997 2913 9994 4193 4069 4627 4326 8632 8284 13904 13693 7614 5266 426 12737 12401 4292 11948 11876 91 2102 4381 6395 1388 7249 9763 1883 6594 8091 13455 8823 10889 7361 14042 13606 3066 1070 3059 384 6427 5377
349 553 8286 10725 239 12989 3070 11717 14127 4867 5831 5736 6315 13763 11260 1758 10495 8987 4655 14031 11111 11772 5642 9787 1739 12575 6905 6705 152 13562 6143 9853 6956 10186 4363 1270 4064 7075 7703 7908 2866 6092 13468 4987 5473 5641 11310 173 9157 13944 8473 12157 1332 12233 11578 13756 1735 2327 4398 2267 1842 6525 14147 8756 1796 13113 3972 1440 4842 6317 9430 11445 11936 6719 3391 12650 10285 3428 3591 3789 2025 13316 2174 7804 2658 3348 11032 13187 8598 9690 10470 14157 13854 2558 11486 6393 6866 9977 10507 3028 13531 1175 416 8978 10844 4512 7631 5846 5070 10790 13207 3 7753 4469 7529 6914 2474 3378 10383 8271 1303 2726 11087 9243 4212 6526 7690 9824 3817 1933 4315 4381 8851 5469 3813 2980 7920 3369 2245 8761 1347 10594 7384 5164 9385 4423 2617 2030 10769 3917 2112 11230 7593 13507 13796 3475 5425 4473 9855 2538 9685 7881 11177 6099 4355 4532 3361 3184 947 13202 8511 11216 8148 297 6176 7638 9768 2582 3702 2158 4243 10201 2394 8504 11873 1680 4495 9766 11252 9182 2539 10085 4790 7082 12164 1639 9676 13740 5398 3202 3372
350 7521 6693 1148 4634 8367 1614 2737 6066 8382 2759 13223 13468 788 4656 4483 10055 3616 13766 7129 3183 4284 4017 9107 13417 10305 13631 8107 6879 2706 8602 1551 1656 13610 5242 8312 773 7121 11964 3188 13934 6841 13983 6478 13143 11675 2698 13611 714 8165 11986 8047 9287 2977 669 2754 13268 7892 6630 13637 10363 4488 697 98 3025 2540 4204 4777 12376 13618 7809 4518 195 12666 8291 13339 9110 9707 12904 5381 12825 8447 1537 609 3419 347 13105 12684 11097 6531 2295 3150 961 10733 5606 17 1715 867 9734 2421 10443 11487 12054 7087 13072 11608 6086 6247 2412 4057 10346 10455 5942 11069 2366 8992 2273 12685 5305 3071 3448 12434 6559 12248 3281 1506 8055 7851 7061 7151 6816 10329 13840 5033 13186 7181 2923 10798 8484 11652 12272 8330 8360 11617 2516 13581 6719 1366 3536 9081 11358 7606 8907 4070 11677 3919 1069 2155 8161 6011 11956 10232 11870 12334 12492 4786 696 4281 110 2632 7854 6785 6703 4339 11611 7596 9670 14191 6557 1863 2532 1121 4035 13108 7738 2787 13081 8479 5315 12527 10820 9868 9797 6090 3956 7751 4179 1611 10039 7412 3554
351 560 11348 12322 10589 10763 3875 10356 10982 3450 1725 3497 8954 7179 4096 13613 8624 3288 29 12130 9862 13366 3322 2376 10623 4821 13223 3278 6169 10764 1870 10927 6655 6531 9045 13286 10592 2230 10596 13354 9043 13324 10017 7845 6171 12214 4424 12061 2424 9071 10147 8644 11206 5063 2105 105 4396 5210 11831 12021 8668 841 12019 10089 4047 8205 5142 5557 9926 6703 2853 9430 3070 7998 6734 12499 7565 7788 5728 8165 5024 5002 10692 3185 13359 6569 7289 11303 5271 11640 12554 1641 719 7865 4812 7210 12982 837 11029 3546 4206 9064 8492 14192 11315 13992 12292 14190 13603 7781 9159 1423 2010 5872 11232 6567 9797 4611 2191 6608 11810 9766 13353 52 5493 13446 8768 8866 7419 11072 11460 407 458 8669 763 4251 13306 11736 2662 8169 10758 7327 12788 12271 12367 8877 3205 6175 3342 8202 417 13773 1428 2991 5849 1659 2745 5848 4576 3592 1252 1400 11674 13615 12120 6055 10586 3201 4481 4229 5044 1369 3824 7589 3732 13478 11006 9555 9424 8780 4818 10340 6771 7611 5851 3248 10497 2061 10370 11943 7945 6631 12769 13641 9120 2386 5414 7877 11745 3723 4100
352 4912 13151 7742 12184 7516 2786 579 338 13998 8364 5650 7794 575 13472 10695 12516 13786 6702 2487 2659 3914 10712 10663 6482 13973 4986 9893 11817 6719 4506 73 10048 8436 7389 2447 10818 7916 9191 7219 11889 3352 8700 5501 10459 7428 6635 381 4881 12443 1490 5476 12325 1586 1219 11389 4627 5388 6165 6878 3338 1820 3890 4239 4511 5063 8733 2711 7960 74 6923 8243 9845 13047 11209 12914 939 10029 5209 5612 5088 11846 11116 13383 11043 6038 162 7874 1909 14171 13591 4163 7490 13162 13824 2597 9011 4027 2413 10945 2932 4904 2703 2555 6286 10115 1724 13936 7032 7367 5989 7859 10604 2670 12817 3534 13809 4111 1313 2658 7106 5550 4679 6607 3683 4325 10904 5097 5579 13797 9 430 13940 4044 1791 13903 9196 9588 10529 11828 4586 10405 11744 5887 11200 3224 10114 7371 5920 5240 6753 4732 5843 9101 6865 3657 4386 1629 10854 9723 3278 8264 10211 3034 10271 12666 13231 5520 6747 3090 2612 14189 11952 2345 795 1506 3874 10357 2412 11567 4141 4554 12636 13554 14122 9491 6809 10000 4639 9270 1738 2699 5712 11760 13333 8873 447 10320 1438 6593 13965
353 3113 4400 13331 1934 3396 798 7548 10366 11104 11106 8897 263 1313 7052 12091 10200 10120 5588 9879 808 10752 10902 273 2383 4611 12546 11731 10984 3685 13140 10336 13257 1277 8604 10257 678 6734 5912 9846 8334 4102 9990 12477 11319 10678 7026 8246 1382 367 13193 3330 2286 11069 11386 209 5248 7228 7481 8620 9674 3901 10917 7206 13136 9420 6077 413 12648 972 9371 1380 649 10747 5493 11294 6804 10210 5558 12865 1020 389 12696 1464 7345 5823 169 1575 5255 1556 14080 3252 9953 5665 3858 10790 13350 9300 7638 6776 7897 7343 11164 5682 11956 12481 14180 795 5992 13910 6525 11034 1127 6527 537 8176 2451 8955 3386 5735 921 5231 11327 2988 5926 929 5959 3570 10981 445 10923 6403 2994 10627 14006 4391 4135 11209 12594 5742 4336 11017 2939 10895 5761 5151 11831 3455 13632 8996 6067 12564 2920 3250 4721 8020 4234 11957 12713 5408 4606 12570 60 3116 5345 1998 396 10113 10084 12532 1928 13236 2017 6099 11799 10706 887 9986 8323 5476 937 13796 12947 1775 2942 454 6843 2804 12834 12998 4086 1968 6548 344 5714 1834 12001 5888 3384 6250 8528
354 2385 6543 7755 11340 4163 5392 11645 1191 5634 5739 12777 12178 10238 3026 10881 791 8635 6279 3330 8333 9177 7605 6161 8625 7877 2191 1828 5164 2662 2355 95 10355 10114 3275 3678 5455 13684 1992 12692 2720 166 8184 1726 13120 10293 349 8455 6172 7008 2621 630 3869 5731 12049 14045 3680 3102 8702 254 9976 11308 10228 7404 7529 1439 1814 7915 6122 1962 7852 5646 5 4387 931 3974 2721 7427 8347 5233 2554 7962 9269 7395 3254 3240 12296 2120 7660 13032 12021 12516 8274 5659 12939 7745 3371 8472 2842 13586 2246 12993 663 9681 10928 6169 700 10201 10941 11823 3453 13211 12418 900 5666 5077 2850 3763 1431 8732 9050 5702 1558 11651 6982 11952 14125 6623 2984 2832 9238 13760 8775 10370 9053 6897 11377 10236 10093 13769 8953 1061 8296 11763 1960 4785 11976 7841 11624 1876 9733 3528 10631 8070 14201 12422 10695 9778 11166 4616 4196 9289 8459 6961 2811 2565 11614 3057 1493 1753 14037 3860 13313 2263 12277 11691 6267 2618 4495 2389 9814 5107 11332 5704 1497 13714 2871 3843 12974 9591 10044 10454 4524 6887 13305 10409 9365 7530 2575 4287 1867
355 1330 2258 3879 2502 11317 7648 3531 6483 13569 7331 8741 73 7061 8153 1320 9869 11729 422 8117 1872 3166 10620 4363 1456 11406 4345 14198 9378 7128 11732 7928 12454 11026 6104 10896 11420 5133 14172 3185 3313 4791 4934 8368 10023 8226 9521 11509 11367 5063 3470 6666 2650 8954 9456 2858 1573 11472 11385 9921 4489 21 6073 2735 10752 7445 13649 13566 14213 4491 454 6869 6444 261 4299 967 7995 11265 4785 12827 11351 1288 3579 4193 2218 7239 6205 1693 9560 10940 1432 5438 2261 1743 3315 8410 872 10359 4273 8265 1994 112 13133 8324 3852 4992 6851 578 7164 11125 12854 8342 3000 8577 12424 4722 1465 2424 7030 10228 2890 2255 6138 12392 13574 3824 3628 8527 14136 3702 6659 2001 1036 10787 4779 12434 9080 2124 1679 10786 3698 6220 9230 3950 11355 9332 13370 14141 8285 395 7659 6849 2513 7803 5762 7830 896 13334 11758 13037 2216 13653 9058 8632 7768 13899 9243 6447 12674 8389 3646 397 7586 7940 5174 6699 10205 3073 1511 3373 249 4112 3715 14008 12404 10564 10330 8658 13537 8398 11693 6222 12867 9651 4150 2300 2810 1717 1219 4083 6306
356 2928 7038 10160 4285 9075 2402 4323 2409 5355 8100 11614 1218 4626 9435 4457 8404 3134 829 10117 10535 13488 10936 12015 7917 1547 5883 9237 5153 3051 1255 5250 8979 11587 9871 11940 9138 6878 5287 84 4269 1478 10491 356 3430 6930 3631 3454 13168 10572 9729 13141 2280 4825 5704 13232 3055 2309 11622 7540 5753 4885 9422 7016 10183 4860 7475 111 13286 11472 3834 13012 995 778 8515 7154 317 10581 12356 2014 3054 8584 4306 3659 10974 5058 909 11157 5006 6070 1703 493 12418 6380 13358 11480 10041 11439 4064 11026 10780 5869 7006 10251 14049 13697 890 8628 2703 3398 4914 2272 693 1329 11667 2832 89 9248 6719 565 12705 6827 9710 2411 1509 13734 11712 8067 10764 7509 5118 2504 12655 2079 3246 1834 2839 2444 5065 3414 1275 5279 12122 9780 12257 9566 4077 1188 13278 6958 5900 9209 5799 4070 9886 7547 8106 5080 6221 7527 9569 1143 13456 8037 7239 12598 9888 10363 1641 4605 3113 7555 11139 8722 9082 7043 12933 8665 7292 7142 8368 5948 6781 3009 11069 5664 8918 7423 12686 4265 3473 3961 8442 6814 3758 7338 11991 5598 296 2913 12207
357 761 1382 2701 12790 13496 11223 14164 10145 7934 11285 6443 5794 8410 7902 9325 3438 3769 4103 6827 1029 9875 6613 1575 10978 13456 4268 11182 13990 9258 8051 12866 11000 9965 6390 4792 7547 10494 1785 817 10097 500 6786 12407 3981 6336 1281 10209 8570 7412 2912 8293 13957 3069 13046 6889 11616 1712 4764 10662 2651 12929 9699 12770 3613 13021 2258 12273 7153 3074 11444 13257 5995 3101 7079 12020 298 1265 12937 2315 4778 13681 9336 13118 1274 13610 7429 11834 4565 8950 2137 8713 10923 4050 5825 5386 13413 1703 869 9832 12852 5042 7668 4941 11921 2594 8795 1531 5327 9152 11213 57 11275 12909 2860 4279 11786 11439 10556 2399 12129 13672 1503 7384 6367 626 8667 2236 3002 9426 12993 1953 8278 13403 13906 8521 8465 1761 13014 13459 4393 382 3204 7238 3606 12645 5154 13567 11431 7417 7504 7638 13484 1288 3878 10835 321 199 2454 4900 8352 7701 3542 5733 7376 1059 8773 9878 11819 6594 7493 473 11637 1227 4756 5776 2231 3179 8401 555 9530 8438 5938 2024 9642 4699 12081 4840 2835 12513 12119 6315 13232 9038 1951 14184 11553 6226 1569 11490 1046
358 810 14175 12830 6993 9004 9299 13952 11973 7242 8628 4748 7078 10608 11980 8968 3869 9623 5996 10694 4569 11080 13473 13227 13244 8455 7460 7755 4815 3702 3558 8530 2713 991 13320 3707 852 7116 2344 5295 5100 5163 8044 13543 4549 9814 6233 3241 7395 2903 426 10806 674 6951 13267 774 2248 4780 11321 8185 4015 5552 5204 8444 4168 13066 7544 12508 13909 5992 424 3585 10154 4344 6048 387 9545 11661 4805 9868 1223 13605 9211 11006 7559 3599 4956 1382 7111 549 2423 6105 5007 3927 10320 11877 11531 12162 8435 3193 8927 3931 3867 13288 6894 10093 9367 4669 11616 8188 12612 5753 12401 9317 12872 12752 4407 14101 1378 2167 6539 3842 4355 5864 4460 12616 7440 2231 10612 4207 7854 2617 1781 8144 11652 2207 4811 3663 82 12847 2630 581 7050 4924 145 177 9364 4283 12781 10417 196 6000 6728 9041 10923 5132 6095 11524 13001 12466 9314 11365 6399 3608 13764 8462 7635 8427 7121 7615 1601 14180 4575 7317 11555 6888 10119 11861 3399 4115 640 5728 8702 5069 10335 5610 8461 13559 1784 6468 12833 8858 4246 9470 172 13078 1178 4101 4567 6257 4764
359 2089 4598 1039 11266 7492 2084 10933 10062 1437 4329 1597 11876 1294 3660 7259 3104 2678 10727 13054 10278 11395 786 7666 3384 2525 3949 14093 13110 4413 9238 13205 7191 7534 6767 7579 12949 11257 8556 12246 10421 9318 490 10716 13901 5844 9077 3480 9639 7405 4319 7931 7267 10148 12257 2646 7926 4474 4740 827 1500 10721 3717 10738 4824 10392 4183 11512 12603 6386 8286 1844 12125 2373 5569 6469 5508 2813 4990 975 3141 6195 473 10441 14138 7050 5307 7483 10479 6290 9308 2019 8591 9870 2567 1368 6485 8699 13568 2750 9427 614 13121 9678 4057 7972 10726 13833 11304 13541 13596 2943 2761 7376 13322 2383 1561 7167 8739 13908 13103 9470 11314 4610 9246 2904 256 13270 8547 7450 10221 3589 11175 13860 12458 4756 1138 4027 8764 9247 1726 4031 11967 12755 14128 2554 6045 12223 9798 7741 100 3984 4699 9559 4005 2141 13368 8516 5673 4777 3682 2854 2600 4235 11604 9505 8633 12774 7716 4445 6040 977 7007 13041 9415 5671 3536 3063 1539 13774 5590 12218 9080 1519 13502 6276 3382 10756 12507 6330 13997 10592 8049 11617 5339 3823 12612 12029 13967 12902 11639
360 6731 7275 8826 7307 13966 12213 3792 4362 14008 10854 4029 13160 9010 1619 5996 558 7928 5697 12369 4153 2626 8298 1849 13929 11097 12211 1241 5956 13437 13946 8722 8567 6176 11971 4632 8222 8464 4494 1314 14050 12682 6437 3827 1911 1879 2723 833 12520 13304 12263 8851 12334 13608 7487 10261 10541 12804 6583 7764 4829 11239 2373 8384 4306 6088 10882 189 6635 13776 2425 13901 4215 13164 1285 12898 11922 4907 1222 7726 9020 7384 13654 1131 10188 6155 1278 8642 640 3914 1118 1357 8577 7915 4492 8200 13704 3035 4706 4520 9736 10360 10418 1530 1652 3086 317 4638 8489 7581 8568 6484 855 12865 10716 11858 1632 10120 10945 7517 3765 8318 2520 6423 2438 1562 7812 8994 11639 7711 9433 5160 4925 9277 120 11189 4424 7510 12751 1101 365 4211 484 7746 13423 5368 3786 13807 5919 3880 3204 2724 552 9871 6330 4812 9794 6772 1598 2501 2884 1653 11160 2483 8357 5671 1727 8127 12091 2009 12866 2571 14149 7530 8858 13573 7955 10665 389 2985 6677 9922 10382 2619 13714 14085 7291 1536 4309 6681 3526 11263 13328 11491 1414 12256 4688 3500 10522 11172 1191
361 111 7918 12880 13393 3986 4359 6598 7942 4547 5697 10526 12151 12182 6291 7425 5014 10057 12283 13653 6900 5019 303 3602 4895 1816 12269 11921 11212 3653 13845 8649 7804 4471 9543 4855 2485 9140 7739 734 13926 12497 11242 2174 6895 10767 11026 9717 4616 8651 6010 11037 367 171 8891 6719 3471 410 4568 12774 13817 9992 5038 8945 3954 2177 2581 3311 6339 10537 14030 863 4605 6521 10713 2874 1922 1519 855 3080 8806 1793 3173 6078 5654 1790 1074 4812 13113 6902 11758 13051 13327 9280 8051 7676 1664 11701 4816 6794 1628 5191 3992 4089 7364 2231 6958 10532 9638 1772 1230 2892 11123 9716 10341 12871 13973 389 9826 637 3703 14171 10178 6483 6634 12970 992 2222 13578 7454 13572 8674 5407 7907 10121 11560 7582 1397 2636 6281 4074 10957 14101 2801 8749 3362 5748 9595 12350 7793 12682 7028 5565 14209 8276 7086 4480 12765 9696 9114 9163 12766 5051 1192 3746 3871 13678 8248 12230 13875 10726 3814 215 8454 5173 12729 13674 8448 13671 3297 8504 11017 1420 8299 13557 9018 12665 14136 8560 10098 3389 12946 88 9219 10630 9081 13418 4978 11897 2717 14183
362 8084 3174 8899 12394 8267 5202 13121 12659 2655 4281 8967 7696 13523 3144 1266 13936 4109 12984 8942 787 2098 4286 14102 1320 4344 10817 9981 10338 9097 1777 10837 1903 3536 3885 761 3664 9823 1417 6715 389 9835 8599 8111 13787 6568 2525 11424 7892 10191 4437 7805 5262 9337 196 9047 192 3251 65 6761 13886 995 1880 11164 13599 349 7475 9623 2344 3784 13410 13629 9527 7764 1170 9066 4398 1670 2896 7286 9983 10579 6678 4232 7721 2686 3158 13222 5770 7273 6247 14096 2457 2947 6923 7736 10126 417 3340 3992 8778 4294 2522 6175 393 11543 4316 9784 10486 12008 13185 9302 195 10219 584 3269 13334 1435 8138 2901 4360 5584 4121 3980 7585 6176 2262 9543 12009 13344 12642 4669 13502 433 4611 5689 10778 9318 13210 12459 1337 13858 8965 4091 14170 7387 13967 9669 6339 10478 8970 11732 6188 12424 3639 2259 2338 7906 7459 6768 3828 3004 10944 6708 2835 7380 1055 8660 1267 9643 2328 3604 7370 12440 2149 8556 231 12263 4566 12205 5996 13500 3725 7801 6617 11883 1749 1443 5640 631 3331 7023 9803 8479 14119 10125 13035 5213 1038 12474 9334
363 351 14170 13582 4141 6130 4280 8394 13143 13928 7793 1424 3690 7149 12276 3595 2257 4391 3870 12710 11828 12768 2789 3278 11616 6369 7049 4153 4140 13987 11766 9942 13183 7732 3145 797 9412 5164 79 13860 10923 11392 6269 6289 10632 9783 13406 7180 13767 6006 12112 4350 13871 4249 11046 4077 12246 912 13288 6412 6886 6846 7486 12208 8138 12498 10768 9103 7128 692 7110 8825 6800 4674 8519 11775 8472 9426 8861 9293 1630 5412 2863 7402 6725 10975 8017 1217 4819 13138 8286 13968 3929 4087 13118 13418 9734 2234 9687 8845 4207 9322 12382 8324 4655 11440 5929 12770 9739 2136 5630 12876 8097 6618 655 5202 7448 13166 12533 578 6813 2194 7335 1340 410 12834 488 5536 1979 7250 2173 12742 9875 942 12047 4866 12122 11027 4067 3307 8481 5370 625 7536 173 1940 2712 10499 2393 11335 13568 5265 13616 464 6629 13892 3698 12141 2794 10437 4451 14149 12139 1175 8857 4775 4239 9874 12412 6966 10055 6372 215 8010 14172 5865 5879 8306 12007 13416 5746 10312 12356 7660 4258 2316 7409 1873 455 3009 11685 9793 10561 4294 10700 7800 2427 6168 11597 1470 6600
364 5030 12447 10778 2191 5851 2310 2152 10505 11401 8357 13226 815 11335 9173 7997 12666 494 11202 4778 1021 2252 10875 13741 13185 12836 5836 12166 503 2833 3095 5939 2193 11896 6678 10631 9596 957 5012 1488 4510 2158 438 11830 6380 2724 12190 12922 4910 9844 13441 8084 7825 870 8660 13343 5878 2449 280 3431 11563 4768 2126 12490 12599 12860 7751 348 8163 11507 2398 4858 6714 7034 7182 11716 13841 2396 1958 6940 5563 4477 9569 553 8223 1912 14051 6120 2763 8973 3641 11443 1596 10568 9421 2182 1892 7256 14023 8235 1358 12372 288 7607 3676 11083 13595 8816 8746 13212 4314 3363 13774 6435 6924 9594 1444 5513 10106 2808 6444 10497 7436 11114 1148 1200 12730 4446 1182 5271 11228 675 12437 10363 8814 7027 8886 9024 4626 5197 6667 2783 6478 11324 10698 2813 343 7792 8253 5888 2663 1597 1934 4916 7995 4965 6438 13263 9410 10907 13554 3471 4625 3947 722 13407 6158 7737 11448 8623 13159 8025 5376 1020 9735 7237 510 11736 8408 3088 11579 3135 12914 13479 9262 5337 12819 2475 2316 5623 11660 11665 1120 434 3679 13066 9747 7790 10412 7851 4033
365 828 4582 3682 12780 12870 6746 11302 1625 11846 3297 8529 6451 1235 10397 9277 531 4032 920 8853 879 6278 1013 6886 12264 12356 7854 10284 3501 7840 11343 10990 11413 5119 7540 13221 665 12168 9359 4240 8115 9402 4639 1320 7519 983 7258 1452 1119 4205 6768 6211 11719 4977 10991 12825 9139 12444 7780 2188 7993 10205 475 10508 4267 4810 7946 1251 6153 11091 2838 5104 11115 7527 13005 5823 4968 14036 4891 11617 10054 2817 7160 14072 13276 13338 1783 7178 9087 1476 12325 6501 7269 22 8687 9120 5091 6110 7389 571 5757 9395 12425 13996 7971 3786 11123 2790 7770 8677 13243 591 13386 11225 13286 1302 9058 2221 10081 3826 5271 7482 1107 6309 4883 1421 3308 12652 11544 11263 7111 8828 8664 6619 10824 10585 9986 11519 675 9933 7220 2913 4125 2060 7544 320 1812 13427 494 5939 9167 11418 11591 6185 6207 7034 6396 3600 1216 6136 11625 12629 4054 5135 5956 12418 12576 454 2219 6318 8935 4270 4454 7587 3503 9460 2263 13830 13747 10914 8771 11056 5388 5707 7944 499 13115 12975 5735 8721 11047 2362 11903 4289 1383 7438 1550 11290 2599 835 10195
366 5181 5926 9230 9758 11506 3027 1167 13949 1517 935 7996 5848 7197 654 12423 4966 3520 12000 12690 5857 4030 7808 2502 588 10450 8010 1848 11498 11866 2868 308 9610 10080 9421 698 12714 12156 9729 4599 6303 2475 1085 6680 4851 12467 11477 412 11128 2830 6908 5291 9571 13403 1508 10139 4900 6815 739 8420 12556 12573 10853 3529 6394 401 13012 12828 7696 8025 8589 6517 10192 2336 6357 664 12310 2025 9910 9845 4534 13834 6732 1560 10730 1702 4408 8345 1228 7288 8586 7124 11609 11024 5344 9053 7874 2071 7783 2633 7127 13487 5456 819 11195 10394 685 8090 2303 13197 8099 1766 9661 4050 9631 3138 2923 6924 7724 10938 8437 11193 12131 565 7277 1325 8846 4128 5228 6397 1917 1988 2484 1878 120 14062 4134 3928 971 11139 6440 1802 2399 3308 1367 11496 10510 1584 287 11777 341 480 6641 9275 10710 4777 8951 9553 4676 9419 2999 9881 8967 7878 2698 9877 14173 12980 3178 2171 6878 4335 9248 2976 13352 5314 12199 9823 10863 5927 13422 10840 9981 1691 14193 5434 7902 8559 2864 9246 2940 8127 1893 1849 14179 421 5208 12977 6787 3714 5629
367 5224 5117 2479 10975 6975 13674 1828 13270 11017 9668 9504 2215 2251 3002 3148 3549 5000 5517 5186 7839 3055 11779 9571 4928 6037 4511 5973 3533 8465 5351 10572 13550 10151 5698 4680 2224 717 8884 13891 8926 2726 1695 1087 3424 12007 9265 10645 4875 13939 10839 2293 7183 6636 5614 13359 1093 10109 8031 7950 3719 8620 5885 76 323 5300 5228 11700 719 10493 1975 10223 1526 7150 4537 9391 7822 12473 7861 9958 1112 2549 2803 1960 8287 7071 6013 7237 8942 2376 1111 6284 7469 13204 9818 10502 4082 11581 11204 935 10130 6439 6383 13639 9397 9806 3910 8320 13955 2842 13747 5193 10106 6354 3842 830 8781 11443 12155 12965 9780 5697 527 13780 5759 2145 8160 1599 6420 1891 1547 8184 1247 9653 2348 11798 11261 3804 13129 4914 2569 5626 1893 368 6438 10539 114 13484 9335 11064 7202 14155 13594 484 7927 5354 5999 12649 3186 3560 1302 6340 1934 12034 2851 5564 6274 6495 6294 9664 11776 12367 8976 10390 14132 8206 10241 1002 12846 13883 1727 3284 1254 7930 13060 2017 9298 2909 1752 5527 5767 23 8857 12341 1447 8680 7399 11728 692 6672 4440
368 5172 2564 5438 5500 4269 12243 3105 8721 9257 4241 13408 3590 10956 2452 391 7225 1654 13695 10146 12020 8446 3520 12748 11505 6734 10445 1215 10665 8257 12342 12732 3147 5338 4027 3056 3396 6383 3861 12671 11690 12528 4399 1034 648 13674 6520 11504 3210 7740 10654 1892 738 3806 11146 11106 363 3573 10232 5838 3175 5398 14187 12850 2206 3390 1335 8985 7321 12211 3656 9023 4100 7748 4876 5660 5810 825 5919 6738 13116 2125 8648 13534 7084 9337 2791 8291 11479 3901 261 224 11686 8305 4895 4035 10378 3884 2190 14001 2437 11932 6422 9862 752 5342 8148 12031 10095 9857 7442 8068 4695 9527 2829 7043 7713 1074 12738 949 8843 5034 8979 2488 1306 12477 2253 9808 10842 1855 11394 13942 317 4138 3316 13837 11930 4523 11181 4253 4218 6736 13603 12438 7004 11223 8190 3758 12216 6409 12846 7306 1128 10407 7969 4543 2972 10123 6652 394 1472 9648 12990 9248 10503 7275 5736 8415 5292 2385 11218 8348 2865 10964 6778 9211 12324 2483 9641 8459 572 5700 12489 9295 13552 5622 11091 4688 12981 10127 6538 10734 12958 8644 12549 2788 13566 8902 5894 154 790
369 8115 5191 5137 8318 6879 8265 13291 12147 10981 9466 11136 9790 4900 4935 9310 7747 3139 11703 8135 8623 761 7947 8873 6896 13245 13923 10011 9298 4872 3180 2575 9470 7588 160 2242 12260 13524 8495 10760 10356 2903 1536 12217 5442 1139 6278 8739 10952 7816 8886 7737 4293 6400 12768 5082 377 13019 3582 3878 4482 5620 4832 1515 9113 4379 2742 9096 9366 164 3041 504 8740 13925 7617 10096 12344 9126 11957 7396 5962 12994 10909 11663 11674 5274 5331 12297 5735 5511 7347 668 1498 11080 1488 1909 13176 3332 4253 484 4593 12922 8130 7260 7104 12608 5349 5598 9186 1475 1792 2616 1786 9758 8891 13839 7555 6969 13931 10223 10622 6693 300 11953 1174 2861 3949 9322 7803 8463 3905 9605 7879 5169 6593 3014 2079 4439 5084 8741 12964 14183 10114 8248 10773 4685 10343 2542 9716 2935 5510 2260 4155 3634 11039 1651 9082 13952 5333 4016 6647 5573 8965 6075 6625 5162 1332 7481 12952 7238 3121 805 5388 44 2979 13647 403 11804 7072 9139 3933 5505 9053 4701 3889 5112 13759 1073 9752 7212 3572 4850 9339 964 8711 5556 11395 9904 10420 5791 12706
370 8135 4391 6785 4148 11900 11481 1529 6251 225 4151 10630 10444 6999 6512 5075 7066 965 12187 9347 4093 11471 4456 6960 13329 2090 11907 3079 6058 6428 4146 12322 11294 615 11540 987 12770 671 13577 7660 3773 5653 8438 8685 7395 10709 10074 1960 1058 736 7215 7367 12811 8389 10279 11004 11507 5177 2038 12931 4928 2499 12136 7411 5365 2277 11992 11433 12262 13435 6792 9267 867 13747 9961 12409 13604 8960 9859 9540 2167 11980 3344 4786 12633 667 2602 4392 9717 4432 6953 131 168 11446 6250 4859 5970 12536 12974 9807 1860 2461 9537 6054 6594 11378 8015 12131 6685 2403 8460 1492 6796 4837 11000 4308 14018 1818 10331 5810 478 13431 15 959 11155 3332 4112 13573 6431 5258 6985 3360 3788 8020 6770 2213 8415 6523 12642 7144 10305 12247 12718 7140 12792 1260 11163 13674 7845 881 7335 10671 7286 12653 606 1787 760 9782 13205 674 8862 4793 13436 6491 12671 3106 7868 1472 13592 6056 9287 7248 5525 4754 8462 5591 4039 5431 5252 10037 14205 10538 11005 3768 815 4719 7631 14126 9095 13375 1631 796 12594 10548 336 8161 5621 8497 7641 13292 2045
371 8145 5946 3931 11393 13052 10014 7609 10907 9915 8852 12274 11174 7560 11458 7802 7026 5006 2782 4040 6143 7680 7809 10639 1470 7706 1656 3891 6664 8 4782 14142 13802 13825 2218 1717 13935 12581 12837 12343 6582 12420 2448 1699 8873 2989 2083 4133 13667 7941 7091 8168 10908 10278 7492 4427 13424 5706 7571 7142 1500 13608 9309 2915 4785 6332 4204 3702 2598 12949 1723 2231 3997 10430 1719 11463 1681 1533 5586 9850 4083 2295 739 5173 7768 13799 1692 3709 1114 921 11823 13071 7462 2976 10495 8150 11749 6491 261 11673 3926 7417 12112 10906 10660 775 1709 5184 4201 10532 12073 12833 3597 4098 7674 12157 2228 13601 7335 2555 14166 6543 11600 12301 5595 501 8688 7848 9429 12666 2479 3261 10225 10929 5814 1006 9370 1369 10251 2973 63 7937 10317 14137 573 4783 3549 13445 7374 8070 5325 372 7438 7851 7813 3589 13669 7925 6698 5387 13509 3864 13048 13905 8096 12829 5918 2675 6463 7936 12446 3403 10228 205 13469 3227 5906 6204 5935 4021 11900 4724 2074 3001 4079 5755 9986 11812 4195 9814 13190 14033 2626 506 6556 7857 8745 3017 13772 1216 11429
372 3498 13250 10768 12632 6176 13539 7747 2559 8951 12024 598 8321 13189 2532 188 12488 3745 4279 8568 6091 11939 9232 13296 1371 14113 2174 5675 11418 7949 6734 7082 288 10288 4633 950 7823 10943 8876 7964 402 3728 12529 4490 8296 7792 9632 5593 1299 835 13225 2141 411 4761 9703 10687 1321 2465 3139 4625 9862 8614 4125 10259 1741 13709 1861 12875 6795 11362 10092 12991 11618 1427 9374 2968 1431 3979 3716 6256 8919 7641 2460 8483 5991 9149 13694 1440 9710 5426 8138 4231 9604 13273 4982 4796 13453 7916 6748 10305 6260 9787 3418 10262 9420 10667 10950 10909 1774 1208 7926 4807 12353 7305 8436 11299 3414 3211 13815 1018 3580 7049 7694 1474 11515 4802 13288 3085 10590 403 10700 4523 2224 10666 5429 13035 458 8214 8519 2678 2419 14032 1239 12148 12556 489 2848 1708 2212 10407 459 1622 1666 13742 6182 10132 2799 2328 2127 5409 13988 5100 10676 3037 237 7186 3705 1614 13605 4070 5400 8363 2778 11404 7446 5805 2560 7351 1451 8897 11181 10319 7510 7705 7872 2036 4883 6858 4740 1378 11257 9478 10754 2854 2919 3340 1290 1319 10809 4116 7021
373 2910 6928 6699 8884 11779 5618 4329 11037 9367 83 5740 11976 8305 13817 12789 7707 6722 13372 9935 5277 6069 4805 6281 532 11567 1824 9062 11849 3946 1071 12577 292 10594 9114 11533 9272 13868 10837 3238 8470 9488 8145 13002 1882 11182 6667 5736 13773 4941 9666 3014 11498 10069 13577 7510 3221 347 7038 1818 14031 2878 11987 11583 13480 5419 6866 7366 10807 2690 6068 10348 9226 4869 8296 9471 13845 11938 9190 930 603 8755 12606 12170 8776 11789 9837 2834 7399 1199 8373 5965 10849 10109 7454 7963 13745 6822 5562 12091 10656 2475 8715 4819 7891 10527 5797 4502 5957 3131 3398 10266 10549 9138 8742 11695 1560 6492 1448 3420 12218 13484 14057 4792 13294 5470 2818 14141 2075 9102 12738 5177 4382 7896 4506 11527 2493 4908 13328 11308 12459 940 10708 10235 10425 11504 8860 7989 11201 13123 884 427 2464 2872 3781 12764 3814 2149 7920 5835 11589 1860 9619 14054 13759 3074 10156 1866 14028 6687 6167 3142 11908 13027 1514 10761 8332 7844 13528 3143 1502 2259 9485 3585 3106 9758 6741 11931 1129 10214 9803 13227 7304 4560 5661 13864 8727 10501 850 6162 12371
374 256 1452 12057 5398 4224 10800 4486 8719 8740 9641 8151 6472 13437 10197 3746 4231 12848 1889 4616 13754 8430 10211 2031 13575 11981 3243 9405 8799 2536 8191 5668 1767 7371 6638 11287 8102 6455 12833 14106 2185 9613 11054 11868 13872 10661 1172 9054 2356 4411 7679 7835 5045 3821 13115 11735 3572 3812 5305 11102 3731 12801 9017 5711 8997 8751 10475 4337 2242 2973 11101 13245 10252 7051 11441 7658 2076 11504 3787 8394 7082 10155 6448 9797 13950 1798 3771 9352 12045 1455 5634 12777 8961 10479 5751 6722 5039 4080 6685 5500 8368 6210 13257 3888 10678 13423 7322 8555 13495 655 13445 11525 7704 7107 7256 7924 1882 10161 3907 7956 11986 12700 6611 10281 3053 8095 7884 756 12120 12545 439 10842 3819 2050 8690 9476 4869 7540 4579 2713 11119 10019 4603 5311 1708 10578 10139 10639 8347 5774 13070 8647 9025 9735 11763 7838 12374 13665 9908 9145 12565 11457 5335 1583 10951 2103 3193 2091 9541 10962 13496 6830 1934 2600 8813 13273 12519 6174 9712 9478 7230 5805 2853 817 11577 8065 8428 11421 661 6410 3057 1394 10464 11641 13743 6906 7461 2063 471 2591 7257
375 8175 5585 8610 8795 1563 12677 13829 12192 11588 11094 6167 4157 7594 5641 8544 8849 13250 3581 1836 4181 8121 11170 973 1907 10644 5800 12084 154 7609 5135 12738 624 1125 8221 516 785 3663 4707 8454 13260 4067 3311 10840 10968 7288 10834 10317 1610 9753 10521 13480 3452 72 679 11616 5037 11456 5397 5287 10331 6112 1569 11362 7785 3859 13122 5628 12378 13285 705 6655 2236 1959 2622 6870 689 4742 4302 9250 8157 4689 11334 13273 5905 11758 8176 7929 5220 6600 12349 941 1032 4984 14133 8821 8261 9015 13658 4683 912 3136 475 3834 13316 6183 11219 4270 14210 11210 3463 14124 4502 11820 10683 1841 5101 11021 2619 8646 9806 7672 6030 6571 811 9237 8956 9481 1192 13738 3245 7084 6663 11618 10650 1670 10807 9317 9308 4836 7821 774 12561 780 3522 12905 10988 6815 1225 645 935 8210 6560 863 7188 7522 13945 11739 70 4446 8276 13411 9155 955 886 8026 12168 8962 11502 1077 7937 6601 9879 1397 9191 12702 3972 1774 14027 6261 3881 9822 3293 10477 12828 7787 13076 13315 2867 1323 12308 12907 7272 13249 4890 10327 9216 6868 8061 5260 581
376 1716 10627 1657 11822 10058 4041 13968 4736 3506 2936 7027 8173 3850 12867 8969 10816 4124 2639 721 7855 4928 10048 9124 96 8869 1282 983 6538 12597 9981 11476 2709 1000 7998 2081 6973 1550 4170 746 6390 4281 757 13979 12835 9914 2832 8517 14181 11583 7877 3486 6374 10449 13950 2913 9240 7916 14137 7666 10965 3379 2892 4242 8348 1345 6933 1788 6597 3968 5458 4147 7447 2168 3190 6574 6742 5386 657 5792 5717 4022 10408 3149 7097 4739 8482 13300 4244 3892 359 2866 4633 3125 1894 9923 5072 1049 1815 13701 6263 13481 3208 8148 7073 4385 5438 9795 9625 10007 13293 1584 7386 9248 4311 9968 9837 8024 9182 8774 3316 13877 13716 2335 8376 8535 7211 5878 5764 4578 13404 533 12334 8647 494 2040 5219 11658 2571 3792 803 9264 2226 4351 4355 11831 10858 5571 9108 8873 7391 13400 10223 12014 11825 13194 9024 11321 795 12085 10889 8724 6628 8224 333 13984 5130 13411 13761 11938 7695 10006 1961 13905 6138 2134 4525 3595 13013 7262 6112 3641 11007 6094 632 5441 10702 9458 11641 2106 12429 2493 7198 193 4544 656 14067 3558 5898 9970 6198
377 739 12942 9212 4621 13621 14165 9185 4589 13274 2415 9150 13341 1109 2057 9440 7408 7029 12242 5911 8283 10082 13556 9844 11216 10356 13442 8571 6056 1348 3224 6818 87 4984 8436 3137 2388 13406 1298 3943 9820 4213 8800 4234 10171 1605 3032 62 2775 5521 308 9361 341 5949 13360 7238 2548 1307 2730 1336 11686 10138 6650 4223 7843 8122 2933 10676 5452 8727 7504 539 2314 1205 4876 2041 2199 11344 5471 11206 8877 12431 2774 852 8434 1811 13797 7891 9439 8993 860 11735 5306 9726 258 5616 572 8143 51 12247 3183 6929 12784 13294 12848 2830 741 12197 14068 416 11837 11958 10892 5102 7682 4429 9655 8159 8511 186 11420 12084 1277 420 13208 7774 1554 9670 6093 1041 4120 9900 11029 10370 12810 14106 2950 13533 8113 7490 13962 4353 5884 8286 7136 10820 1139 13654 3957 6113 990 10095 6897 1354 3225 13153 4790 3287 13987 6939 368 6610 6762 13760 11915 11318 9896 7374 11214 10406 11158 5348 13509 3417 188 10972 6428 4637 4368 6259 12241 10916 3835 7527 11132 8194 5166 9253 13564 8929 3288 4085 9838 4197 6385 12957 11169 6714 35 2996 752
378 3830 9446 3509 832 12688 4609 11609 13142 9095 4930 4281 12996 7638 2118 8476 2101 544 12828 2551 11080 3703 366 8589 8352 175 9181 11273 11286 6261 5216 1334 2569 8444 8720 13027 8332 6590 13052 692 9425 8065 10676 3987 2292 51 5964 947 13458 1396 10528 8214 730 6667 9718 6177 7885 4345 5344 3784 1677 8617 5538 12072 12368 156 1449 3748 10103 12094 2835 11092 4336 7577 9316 4942 5222 10973 2390 5052 7357 6386 719 7555 3465 8391 5266 152 6032 11016 3947 11117 9556 3907 1365 668 5937 13633 1411 6322 4601 4391 5185 3298 6782 4466 3631 3793 1934 5071 13084 8562 5320 2678 2630 6719 9692 9145 3210 13857 13925 12763 8322 3659 10088 4357 11322 2348 13981 8400 774 7822 12723 12428 13671 2856 1668 6654 1112 4338 12475 8684 7217 3078 7854 11107 5430 5758 3615 4383 10800 185 12270 9817 5771 1884 1071 4098 7640 8806 6266 857 11922 5861 6398 10006 4666 1805 13117 10502 8995 9615 6535 2426 3743 2484 7563 6525 3731 1277 12980 2498 5967 2621 13489 1129 1800 11305 2139 2000 11589 10659 10662 12392 1213 12850 3357 10198 10512 4212 4052
379 4239 10597 5495 10473 13825 12289 5967 11732 6209 7696 4387 7678 7980 7459 1248 9911 11840 12025 4746 5604 1546 2136 2970 534 4340 2616 2671 1784 14190 2137 2367 2902 10695 2155 8042 12765 7752 9274 10975 12086 1822 4198 9767 12390 9445 3343 4361 1764 6023 877 8087 4552 13582 6485 11979 11814 3666 13292 3396 12494 2463 2647 8671 13756 9357 3495 11752 3293 8918 7860 13072 11240 2478 8493 11885 9126 7657 11092 2727 3087 5648 7904 6458 6038 3312 12662 5115 1900 11372 2996 9429 13359 1338 3111 13872 13789 6331 4349 10964 4792 1579 5003 13933 2253 13320 3737 6376 10781 6224 8850 1605 8380 3080 5135 8456 9575 5283 10392 2040 10460 6113 4375 13373 11179 4343 11508 2306 11192 6105 897 13705 54 8122 11449 7829 9286 4894 3585 9041 12880 1192 7101 4640 3558 9112 2277 10982 4904 679 11986 11260 9278 13372 10499 13401 2376 9654 13278 3256 421 2163 6974 12314 12992 7793 4468 7625 9360 13914 405 12957 13423 1106 6634 1339 8229 11685 6408 3531 6671 449 9992 6007 13306 4592 4100 9485 13526 1924 10093 7425 6815 7134 14025 5199 4297 12022 2465 12411 7474
380 1158 1940 1973 12582 12754 8211 12533 6184 2913 242 2036 5074 3743 10453 6710 5846 732 9647 13628 1153 3045 14050 759 360 6216 14128 8585 4198 4061 12980 3167 4883 9892 11175 5449 9829 10190 9721 5532 4887 338 8803 6988 13658 7395 9481 2950 1073 8315 13246 4344 8874 5200 1996 2821 8184 9660 2247 13411 3624 7231 358 10664 1547 13401 13755 10982 14098 9144 858 277 7511 13504 6040 4330 1393 9808 1713 2594 2992 535 6210 14142 13553 5256 6302 2286 10515 10021 470 502 6626 10671 7655 12837 3569 5874 2215 2170 6918 5839 2159 12046 3099 6762 5237 9139 11615 7178 4501 13845 14089 12441 9114 5356 13177 2402 4183 5556 11116 5289 12602 4798 13338 8280 12890 7825 474 8392 3514 4402 9582 8671 13844 8183 6890 1632 8400 288 10580 3537 51 604 6665 12709 13481 2320 5429 12742 5135 9692 12296 314 4422 11307 9167 8805 1492 5148 9245 3997 12522 9799 11067 73 5512 4612 6857 1196 9251 4164 4719 99 9199 5486 2541 5792 643 5880 7392 1852 12216 13538 9907 8718 1385 7242 4483 7940 12823 8550 9391 5246 12035 10708 2315 5361 5707 6332 4783
381 2745 12773 8968 9580 7956 2320 12860 4458 5121 6082 4422 861 6286 13678 366 11297 8544 1672 6448 9814 1340 13514 4606 10662 4664 9271 8644 2662 996 5585 6279 2496 712 3324 11474 9610 13209 8027 9688 2347 3815 6167 9683 1765 14203 10084 3801 3137 1118 9723 4943 1255 10087 2036 13603 3734 11682 2148 12166 1908 980 2109 13989 5646 13679 6159 12553 14168 6505 3285 12046 10306 13953 5523 5176 11873 2201 11554 6568 10002 1849 6407 8804 6142 13060 12097 7834 369 12557 896 7258 190 13142 13130 12995 12386 477 14034 837 2226 3862 10340 10503 8120 21 8051 7650 3626 13224 9022 3280 11753 12012 9307 7571 3539 713 12372 10193 7055 12443 7283 13249 5575 10910 10222 7918 2643 4331 1369 743 5951 4996 5424 6280 4352 518 6037 9254 5732 7253 12594 2363 13858 10233 11928 10596 8808 11955 4321 11487 4009 6013 8521 10267 3357 5150 11770 1330 6152 8552 1078 4602 228 12092 6338 9475 3782 4714 10309 12570 2206 448 7779 13181 10947 7297 14210 13954 8744 1507 9579 4665 3989 334 13432 3232 9754 13650 9191 14173 10091 3380 11790 6052 12487 780 931 7783 12006
382 8198 1326 6151 10262 13759 194 166 7106 10662 3113 6009 9170 13127 14181 11469 8668 9328 1918 2561 8532 10755 13324 1774 10360 6952 10749 6813 2040 12935 10041 2444 7004 4495 4289 1448 3809 10466 2833 7946 12724 1552 7681 8266 9907 1579 8822 13948 13271 11135 5324 1911 12611 4405 5470 9272 7258 13768 10654 547 6826 14163 4468 12645 2173 12376 4858 14092 1520 1036 9935 13052 767 11902 1840 57 7563 8873 7739 9739 8986 6528 8636 2066 4139 11786 1023 6799 10295 10451 8826 3554 13448 1650 10651 5024 3252 6056 10296 10649 324 8574 1823 5502 8024 1732 5307 1534 10074 9649 6529 13785 8607 7915 10389 13388 7561 12287 10787 7335 6969 3346 11206 7722 1906 6029 8471 13118 14138 10059 9123 2258 13658 12285 9279 1322 4714 8890 4059 5518 1323 3111 3425 6677 3529 7091 6655 12282 10002 606 10986 4069 6584 4738 4592 11130 307 8577 6436 4864 14009 3998 961 10825 1324 9915 13670 13146 1776 2622 11551 3701 3127 2721 433 4264 9007 6177 11933 13523 11344 7368 12142 12201 2288 5036 3477 1398 13303 13919 13847 7179 4470 4505 2859 4062 13699 13305 2215 12301 1050
383 2371 2154 4602 9136 9298 7007 478 3327 2642 12385 9437 9061 5424 8071 2534 2688 13041 1643 7847 14098 6386 11704 2513 1196 11878 2085 13766 8197 13068 10849 11254 1905 9678 1892 12106 4792 2005 7746 11809 5969 8019 13877 9854 13961 1748 469 9073 2753 636 7566 12534 12348 5723 14090 10729 5417 10587 5811 408 9166 13212 4969 7471 13447 9003 10219 3620 13235 1134 4052 14027 3186 2587 10125 10351 1874 2870 13583 11734 5498 6203 12430 2948 7676 9227 1922 5915 249 4309 13839 9 11987 12242 12428 10131 3694 6190 8672 4876 11378 9244 13315 13075 9292 8457 10455 123 13940 2003 9706 6885 10128 6612 4579 10551 5278 8927 13492 7094 10862 8466 6327 5526 382 2294 13872 11177 13587 8014 7316 12812 3943 689 11066 13504 6319 13011 13190 13993 10709 8533 5475 7711 11189 13566 11953 483 13004 13436 5291 11091 4918 3439 7057 1022 13137 8590 4208 2689 5589 2191 716 3463 9417 13260 7165 8358 6571 1126 9927 3489 12826 12480 1118 8686 275 7534 2089 1383 3546 2267 951 10701 10154 1680 6801 2010 51 1672 12048 1779 4248 7502 1755 2432 12600 343 10813 2347 2565
384 8253 9681 8498 6067 4330 13390 1987 1714 6769 12435 3021 2117 13057 6899 13641 6675 9104 4743 5319 5214 11473 10322 11935 6210 6402 8908 7198 11001 4637 6148 4325 11614 11548 13916 4800 5940 5485 5678 8073 1449 13380 2575 3244 9975 712 1921 4207 13028 3581 440 62 8973 10674 9770 692 9367 13630 8321 13189 6977 12588 5738 1878 14158 3382 4701 5529 1322 12072 1289 3743 13791 9738 8011 11552 7014 2311 3874 11107 11923 12423 8026 7146 7415 2138 5479 826 5618 10380 4499 2978 12906 6293 11437 2854 12154 7881 4751 9283 11779 5601 10514 12935 1706 5781 11520 5851 7803 6787 5713 12094 13276 7267 6436 7785 1681 11192 6592 345 2853 2862 903 5269 4812 7936 13013 3526 11863 8597 5135 5000 9322 7508 12713 4333 11645 6380 10320 9822 13132 9196 8536 13388 13587 8803 4858 7462 12957 1985 2527 3532 13349 12636 12315 10315 6730 5798 4730 2399 836 5966 5201 9509 451 6385 166 5465 6259 1986 3492 8177 7960 11844 11411 5848 5975 10901 5946 3404 917 9392 12431 3477 2848 10763 9056 6647 4878 12676 1462 3971 11733 11569 12363 11953 1263 5786 11157 6951 1423
385 8255 4877 446 10011 6332 9753 3317 6309 9952 9038 8967 13063 7587 2588 13963 7087 13695 13952 6166 12602 11672 12181 2578 5159 4062 11128 763 5809 2827 12700 3565 2711 13305 4333 7337 3932 316 2722 6040 12977 12227 7534 159 9087 1618 12055 4669 7872 12898 9350 10281 4820 12051 9529 8121 4987 3780 80 9337 433 3752 3013 3464 4289 7952 3015 3973 1742 6217 5210 2573 3721 13256 5964 10221 4833 2970 8109 10199 2550 4949 8335 10858 6609 10761 5815 10625 12167 6157 1175 1189 10994 5915 4383 1617 4501 5562 2813 968 9071 5572 10121 13831 6825 817 12515 1043 13214 13983 6673 12545 10427 5798 1933 9402 12044 2046 1425 11275 692 1924 2315 11618 2810 9409 10286 5922 8629 5428 6518 13631 9003 9224 2307 12174 5413 11007 11693 4370 9807 10077 12639 10016 7643 4208 9263 2408 10805 4310 8465 2373 8151 3294 12438 623 7156 11446 10629 303 6243 7396 7819 11155 5133 899 10223 7647 5979 8057 14134 4940 8048 6322 7787 11344 4713 11184 1040 8592 9072 11217 6664 288 1613 368 2902 834 2768 3909 1067 470 5631 6734 72 6497 3978 6594 4510 12933 255
386 8368 5064 12110 7918 14057 3656 3064 16 12357 2662 11127 12983 6150 3753 13424 13889 12899 6795 12824 5325 6374 7052 9208 7498 7937 12547 1439 655 13506 12542 7823 5862 4203 7495 7933 11711 6605 9291 8482 7967 7544 6468 927 2257 10923 13743 2810 5973 12429 13103 12185 9930 2955 13690 2760 11866 48 9692 4049 11677 8875 10792 13766 6737 10067 6033 10272 5545 13070 2475 12514 5097 6603 6485 2432 13760 13854 7634 5281 704 5337 11913 280 2977 2033 7488 13145 10764 9597 11195 2035 2554 5049 14097 1252 3957 4700 12704 5455 10491 791 6220 14182 1869 11873 13380 7465 10983 4545 6057 8152 9974 432 2282 11181 13832 13543 7636 104 1008 2637 75 6225 14067 9272 10843 11200 9535 7093 12949 4903 1168 303 7798 10352 12751 1192 7248 12037 3144 1472 6884 7407 9723 6694 6713 8050 8197 622 6073 5278 3710 11148 3800 4075 6394 2902 10878 13312 9030 8474 3384 3216 9151 5752 1112 8085 8476 6631 6481 11661 74 589 3818 14069 12293 10273 12566 6018 8453 7359 8127 11246 7004 9437 8544 1493 216 11926 5924 517 11698 465 7527 4727 13553 11191 12035 6586 10065
387 4432 9202 9378 2329 8247 8366 8750 5499 14002 10924 6872 13341 4627 4344 9097 1354 14097 9024 9621 6894 2960 4550 12599 10494 10874 10229 13813 4591 5334 11381 9043 10854 8019 10101 1746 6866 9849 8071 13231 8320 1839 11179 2361 1545 2619 3084 7423 9612 5834 6451 2838 10960 8479 5558 13297 7259 1430 9893 13304 4646 7543 7442 13986 13303 13860 9922 12437 4569 1221 4178 13598 908 3627 5470 9915 8180 12288 6688 7756 10973 412 11010 9399 12823 5037 8507 10421 3529 4861 2043 5105 13008 9909 9716 4880 2417 11817 1517 11562 3273 1716 7846 9844 930 6912 9030 5119 5130 1116 601 5599 3978 7520 395 1112 4242 10527 7723 4553 978 6255 12062 12107 6116 8653 4010 13257 4830 6632 6270 8689 6695 5804 4311 3933 4064 12297 3565 4325 13464 3402 11905 6496 4300 683 2744 13739 223 2251 4867 12687 1976 5344 13685 11479 3955 14213 13310 2824 13010 1551 3236 13075 9374 13600 4887 9312 7382 5688 3551 8239 1658 207 14128 544 4141 6653 5708 5278 11275 7497 7333 12235 12870 11141 7642 1899 1864 698 4669 1208 2651 9728 4276 5309 313 5732 8512 5050 1878
388 494 3745 13336 10475 14117 5648 2468 4443 7894 11066 2803 9634 6734 11676 11688 638 4906 6730 11711 7692 4690 7021 2929 7442 8309 8328 12411 4714 10630 9268 4462 12887 8788 6274 12753 10731 12416 5395 5524 9838 7623 6429 11235 12350 6634 3191 3251 1884 11488 9313 8645 7047 4299 12852 10106 1472 2024 2951 10300 13279 402 12741 793 5125 69 9913 13786 5704 13567 9483 5514 2673 11533 10848 13771 11743 4817 8707 86 591 8241 8621 10525 6960 7069 4001 12882 11508 2932 4846 9652 1519 10999 5887 2471 4182 9584 5135 6455 6084 11362 2370 12417 2085 2967 11200 1584 14059 6891 12336 2770 12346 868 3418 11542 5315 3967 8096 11796 4368 14005 851 12673 7617 12176 11062 482 3523 10713 10523 13260 9713 4836 12623 5268 3084 7406 11403 8638 12362 359 11632 9689 4628 13814 7400 5408 5009 1745 5577 7976 805 9357 5299 10910 5833 5483 11879 7165 8537 3828 5391 13344 4060 7198 14175 9989 12917 2924 5345 11070 13774 11942 8340 13357 8413 9141 3117 8164 4077 4116 278 13864 9133 11511 10726 11570 11916 12343 4215 292 2994 11530 14216 11046 10240 13372 10754 889 6925
389 6618 3482 12439 11654 4186 1815 2590 4200 3414 2709 13546 2417 465 4165 756 11965 4810 12743 6777 10733 9923 1550 9727 10466 2020 3858 1441 3843 10517 12672 1195 13440 12063 13348 11042 3225 1120 2145 5933 11063 1387 5520 3263 253 14176 9937 624 9964 8322 991 5453 3830 6823 689 3080 9552 13190 8625 4887 9132 13914 3958 12383 1391 1711 1873 4344 2565 2364 8771 9722 8631 7712 7331 11420 7122 3619 10218 1405 1498 14067 5317 11062 2581 6997 2563 14006 8837 83 9331 5115 8891 13792 4177 2524 2507 1911 3748 10598 1735 9543 8675 9556 14016 3020 1126 1125 2091 2787 11451 2999 5804 11004 11105 9343 2222 9380 2329 5909 1668 9082 162 4933 3854 761 6130 8424 3453 10677 9600 12376 6860 2733 6209 6406 8738 8245 5108 5078 9423 10534 480 7374 5658 7530 802 5753 9252 4239 14024 2742 2217 275 1514 901 4652 1289 13267 2246 10688 6018 12713 3646 13024 7098 8204 13728 12884 8544 13780 7228 7568 12350 2938 14 2236 3582 11391 8576 9028 10641 5855 2483 7500 10001 4038 12611 6974 7595 7945 5814 6896 1381 944 6050 10552 5760 12988 4317 4828
390 1885 13180 9981 2938 10762 6979 875 13530 9439 3483 1298 13541 10305 4779 6957 1283 5669 9789 7771 13382 10049 12981 11233 7206 10733 11631 12357 6807 5396 6782 2159 1080 6853 10943 5736 4109 2719 12717 10945 14013 4915 4274 7857 10309 7382 8796 1316 2483 13144 181 2081 13519 9967 332 5949 2989 6980 12389 7701 8755 5794 9753 2583 4909 5608 5306 7009 12712 6218 2764 6939 9070 5690 1050 9983 11252 13363 12277 8440 5678 13380 8203 5448 7685 9338 4200 4630 10540 11877 2021 3792 7747 9166 4451 14083 8904 9173 8683 12251 10617 9596 7611 6995 8166 10567 12395 6808 3017 4902 8480 9595 10297 9353 7977 10387 3564 9061 7819 9638 4034 2404 1785 14167 3905 4040 6933 13865 2134 11158 10182 6713 13912 5870 11258 1059 13924 8299 5508 6227 8036 2781 5908 13460 6912 5287 12824 7851 7453 8120 12121 1923 2193 12995 3155 10021 11469 5406 8816 10681 5575 2487 417 2553 8697 12687 12953 11575 448 13458 798 7552 7641 7497 8720 5849 475 2482 629 3966 4990 9793 2175 8439 7888 6005 1461 372 4646 9902 6568 4556 10615 89 11799 7081 6245 248 12288 12411 5403
391 8460 6532 5868 8343 241 9566 8054 12028 9721 6644 6753 8194 5178 4569 10906 1516 3953 6518 12113 8553 9583 4505 9702 5385 11111 4967 14109 3933 13926 10743 6207 6899 4441 9960 7392 7576 6119 13031 2278 6695 12314 11971 4566 13179 12452 5974 4159 12847 7156 8950 6786 11477 2723 11866 9500 9406 3058 5395 13655 8913 8899 10280 5418 9070 5561 2275 5857 10053 5317 5746 9137 4804 5738 7014 8214 5790 9479 88 4278 9303 9209 4378 11373 8256 723 11575 10562 10230 4994 7264 7957 13987 6404 12834 12944 5097 7659 3041 9788 6461 9561 13704 816 4770 4947 6828 3294 484 1925 13290 6938 6609 7653 11385 6101 8867 6498 9993 8995 11449 4707 2016 5947 13641 13425 5039 743 6758 2695 7471 6156 3692 5710 9023 7800 13213 4986 3542 10110 14158 4496 670 4988 5683 4545 10416 14144 8866 3637 14204 1214 2691 13892 8894 13501 5787 8776 7237 7030 832 10546 3264 13625 6626 9792 8873 9110 1686 12771 6198 12812 4815 10042 8207 10004 9538 9975 8188 3404 8818 11983 13109 10261 10430 10675 9859 9581 1406 12710 7073 14127 2402 6502 9616 13670 7827 7696 9958 9620 3617
392 3490 3201 7846 3721 6521 8264 11199 12824 13497 10238 3040 1287 13380 2695 6518 262 5716 574 4262 6353 1017 9671 7706 10474 8231 11472 12022 2504 11488 2513 4158 8303 9261 3867 2000 12443 5583 4857 6192 1248 8162 6967 5616 6002 6710 10500 5963 1245 10376 11114 3077 6687 13898 4265 1876 9138 12331 1028 5906 2477 7336 14172 3640 7097 12209 2402 1044 6809 8948 1864 7782 5146 7864 8513 4375 5065 5780 2922 437 3382 10115 13303 5040 13587 928 2006 16 13768 4479 12375 10244 12036 7109 10274 3293 11305 4912 11454 13282 10885 12367 12304 6727 7785 914 5121 3448 13988 4581 11425 1629 5244 9038 975 5180 10113 8371 221 3145 2713 2405 8925 3851 213 14077 1317 233 589 4730 5386 1865 11551 11862 10672 6832 4662 2181 3842 9823 108 12180 2625 11755 12028 8523 429 9744 9998 4808 8927 8086 13286 4072 4779 5830 5868 8022 4508 5194 9918 5988 3892 13204 10774 340 5996 11557 3894 10341 1950 275 6619 6043 6776 4791 6029 9537 4846 12939 13517 7712 14108 5080 1043 5760 11451 3089 12194 556 10744 9610 12603 8179 11580 13004 11357 10502 2768 7610 11084
393 1494 9304 3617 11245 783 5839 9604 3855 7487 9842 14097 575 9792 3157 1214 53 9171 1713 4974 8736 14046 8961 1954 7702 11810 4196 544 1891 5329 11764 9330 11269 177 9454 7038 6962 91 1971 12618 14199 13062 5286 13785 1190 2045 4206 65 4136 3991 10651 8039 6468 12663 908 6592 4540 6208 2326 1832 12530 1202 13353 4545 1993 10328 10827 12344 2983 13668 8799 9008 12083 13308 11926 750 10821 2016 6225 12635 26 12540 13424 3695 10061 12625 5803 1919 11744 14010 3228 1980 6910 8599 1155 9476 5141 9746 3955 10383 1357 13454 11742 6355 7110 1377 8768 5978 9888 11806 3815 12028 13542 4762 12998 7817 9082 2593 9557 1006 6140 12233 5326 11881 4222 303 8611 1506 2999 9038 11875 12909 2000 7549 13943 9940 10660 494 243 9843 11701 2535 4292 13402 6584 9206 730 1166 11992 8497 9859 9277 8300 11697 8064 2996 13063 12774 5815 10575 1888 167 791 7500 8259 9858 9416 11289 6485 14210 2762 2478 2138 5478 8989 13589 1769 7010 1828 5146 8723 13728 2038 9120 2691 12496 13764 2686 7206 6400 4875 10188 13143 3989 3064 5961 11220 11160 1997 2212 3795
394 2506 3903 3886 9811 12783 5700 4875 11278 12430 6145 423 5432 1029 6587 10965 1699 11264 4879 1538 2958 841 2609 13297 3881 515 2758 3225 9990 3338 9383 2748 7400 9636 9855 8799 199 6749 13189 13115 1963 13113 7901 2598 2900 6497 4506 1575 941 9753 4050 624 3617 524 6510 5961 7837 2068 5128 7461 11558 2412 9428 7029 14092 1521 11747 5189 4487 13612 11067 12208 14185 5024 3152 578 7367 1959 12900 3514 11602 11914 13624 2766 2863 6456 9002 8169 3029 12313 2283 729 8733 7139 12473 12718 7877 10788 10521 9400 1563 12561 10829 10478 8954 3999 7014 12580 2256 5411 12037 514 10041 6251 11731 6476 13787 451 9833 4440 10227 11674 11372 1149 128 8464 11515 2065 1211 1255 10020 1172 2533 4314 4171 10548 2579 837 6850 7966 3930 11362 7981 10505 4039 5151 6876 13083 13627 13325 10836 10229 4989 5885 8854 9018 13202 9161 5997 11566 9776 12099 9300 7149 6442 11079 13801 4317 3635 1952 7848 8104 10749 6218 5326 4436 9422 14188 5671 6177 5999 10463 12051 13666 480 13699 8757 6418 1522 5623 7881 2358 801 9545 9144 3560 9995 2368 11598 6231 11378
395 1811 5525 5985 9595 13060 12081 10391 11613 3378 10364 5158 13471 2333 13184 11652 3876 9038 5700 2568 12249 8943 1228 1872 4098 5593 9693 436 580 6100 11800 8270 853 8485 9046 1755 12896 9028 4187 1574 484 1153 9178 7195 6133 11492 87 10357 5532 5797 13862 1338 5347 8582 9365 6718 6124 8495 8879 10721 8372 1722 4606 5466 3073 141 7088 13315 10031 9715 11513 4273 9750 554 11993 8368 11898 1543 9703 12301 9219 12389 1291 11506 1710 12698 8360 7999 980 3022 3257 3063 506 10927 6545 10511 159 12926 1949 1943 6343 8207 7079 8857 12338 10604 2427 4213 11409 902 3713 5410 7283 3776 11180 10140 10079 4629 5807 241 6055 5936 6404 10183 6879 8956 13927 8340 3935 551 4323 1079 9439 10689 9392 6870 10337 11183 6608 5614 12335 1501 8150 7978 6540 13706 10403 4935 8447 8228 3919 5965 2315 4195 10625 13290 10775 5015 11519 10664 9405 5528 1026 8362 13790 10930 13687 1644 9825 7968 633 10820 14126 10240 1662 10471 12183 2152 1024 10947 13006 2101 13768 12229 11837 13395 5487 7227 13914 9323 6685 8071 12166 9336 4957 7775 2423 361 8152 812 2926
396 1240 8051 10927 8328 1865 9733 13288 1469 8350 4539 11627 11885 10065 11840 796 3515 7585 13866 9021 2676 3882 7735 12674 9664 12570 8629 11980 2198 6879 565 13808 5220 10000 13998 2644 1232 1255 7510 10167 13475 10940 5046 4794 1610 8117 6305 5951 2315 5558 3688 6891 13261 9299 7548 13653 4930 10352 1115 3574 1438 10050 11383 4092 8156 3814 10778 2715 8333 14029 8666 2492 6051 3990 6303 1776 8793 13072 5054 6492 12888 13766 5619 3545 12647 12483 6449 4048 12188 1291 5128 13752 3668 8922 5808 11282 8767 11565 12376 10189 7882 7744 11483 1600 11934 7588 6943 11829 5487 10340 4534 11502 10197 1121 11021 7967 6198 8814 8397 10127 10132 12657 13179 10226 10469 11398 1551 7487 4075 12348 9650 12132 12598 11424 933 3608 9798 1768 11306 415 2774 3447 4710 10626 6689 5049 11305 6486 8911 7388 8917 12093 6308 775 1743 1061 1384 3925 12284 10390 799 6039 286 13319 1643 7995 5050 10383 8731 10747 5086 7004 5936 5343 11225 6792 8131 6796 11460 10910 10570 12505 1144 579 1054 12017 9881 9611 1328 6366 5792 12212 685 9389 3806 8102 5835 2692 5358 2219 13592
397 3989 5007 9980 4431 5590 2351 11591 642 3385 4454 3110 2299 5704 4884 510 2494 10317 8898 13230 6417 1928 6645 13136 10521 4517 2606 7234 12833 1260 1738 13611 2547 8783 2745 3975 1127 4507 10610 9691 7613 2061 10990 11731 1854 4826 14030 3048 11604 9895 7338 4741 7980 2804 7254 12970 7380 5813 160 2490 14131 12072 158 1196 3659 4159 5493 9808 12982 330 10862 3244 2850 555 2226 11304 11200 17 4376 2017 3245 9506 7002 8166 12592 2838 5912 6958 11329 11387 8575 9795 1131 6872 4195 3956 6984 7382 5829 6374 11563 9203 383 11188 6225 8841 13331 304 3135 1125 4088 10027 11641 4152 5383 10330 6691 7635 5840 2206 1896 13253 7669 10016 3928 5831 5052 11526 10013 7406 5244 257 4656 12058 5053 8590 12167 9639 6027 7394 1231 1711 5293 5169 9656 11066 454 12577 11414 10415 13757 3213 3711 10383 5509 1110 7345 12972 8011 1530 1217 904 6952 2781 2652 993 5199 8281 12620 8659 2465 10995 11143 13945 6606 6600 8235 7650 9378 10673 11997 6932 12194 5975 2384 11969 6562 2750 10991 2097 11162 6867 7625 10653 8404 4213 3165 9290 5217 12256 7253
398 671 7076 5328 12249 5066 8328 9200 11008 10013 6322 9310 6337 8172 7821 3524 6110 3287 11451 11754 7971 1630 5538 457 8162 4955 9780 2213 12425 14086 11410 2865 2171 4059 629 3997 9562 4743 5963 2090 8966 8826 7031 5618 6212 2232 12620 2081 1071 12368 7940 10182 13235 9954 8632 3826 874 13721 9524 3805 32 6951 1533 4522 13583 6700 6189 8401 2159 7645 12765 3790 7174 10301 2175 5690 13059 6208 6560 11535 3395 13477 6588 7951 10227 5560 12496 12390 12294 2840 8557 4402 8647 5090 5747 9122 10613 1941 13482 10555 5896 1883 10042 6146 966 4488 10078 8070 12200 1045 13731 1577 13487 8628 6232 13186 4649 6186 4285 10721 4272 7122 318 13355 7379 3631 1254 8854 9717 10865 13668 9603 9991 806 4312 9112 7511 5908 703 13105 1717 13363 343 11342 753 9790 8829 10570 12374 8267 12868 2313 1666 8207 12334 1550 2575 10315 6479 13257 13809 6431 13634 2372 13955 2197 2574 12671 13311 12819 13139 2537 6836 4884 12366 12798 3289 10181 1998 9240 6803 12347 2450 10194 13107 7987 1025 2493 9365 6772 8118 4230 14007 707 7873 4311 1494 11717 9382 1518 13906
399 8526 6901 8380 7163 6293 11017 12302 10745 775 1470 1572 9826 11789 11781 9882 4918 5629 710 499 13525 3190 4373 13769 12641 7938 13148 2175 14032 7995 14208 13925 8427 1076 9150 14197 13917 11147 13195 13434 4755 10606 171 6349 6890 13491 13810 436 1131 7593 4152 3309 6175 10158 664 1085 6916 12862 14072 11048 9180 12801 9995 1505 8069 10225 9575 4071 1874 2652 4594 9969 986 11259 14123 12594 2182 967 5653 2402 9890 8008 7847 6799 13007 9065 8476 977 13206 1054 3608 5021 11986 561 2697 13437 9235 7607 4890 1685 3731 14182 10392 12333 9993 7790 2469 11249 6229 10656 8717 10446 762 8054 9190 3062 10550 1617 2415 6750 4298 4569 4653 5982 11818 5559 11777 9791 2963 9808 9836 1842 2307 9267 7563 7853 4713 13411 8746 6589 3699 7860 12588 1272 3751 1607 12998 1226 4033 13715 7911 14014 11081 1764 6467 11187 2771 7839 1381 2165 2128 11972 3412 11386 8470 143 2249 5246 11517 3211 1451 8081 670 13638 9342 73 9297 11847 7168 6598 9833 12960 13728 7073 10079 12599 11096 11135 3955 2349 13547 11214 465 1464 2265 13332 4495 10450 3489 8928 1846
400 6788 1404 9031 4892 10692 6017 9528 1734 12781 13241 5392 10817 10267 10243 8439 12265 8091 1628 1517 12731 10445 1410 11370 7807 12960 3493 10108 6381 5583 12155 6375 8100 5838 7018 9460 10608 1270 10054 4701 11787 4848 13834 7834 13189 11524 195 10912 11754 3203 1602 12571 9981 10560 12304 9091 6037 4441 7573 11146 2393 10393 6135 10367 10579 6094 7898 13953 10121 7400 7079 8569 9442 11452 5375 5716 5899 13812 564 9701 8967 8518 825 13252 11038 12886 8968 13324 2846 507 6916 4786 7924 10882 4118 7635 11441 12737 8811 1477 10400 725 5821 684 10693 183 13402 10783 1336 3753 13220 11025 9507 11921 12914 8258 1117 4034 4854 4610 5130 8711 8713 4693 3161 11630 9672 3260 2769 6242 6714 10570 2168 6627 5270 1875 2322 7311 265 9512 6734 13276 11272 9995 5151 251 10114 3723 9634 4112 3253 6264 2048 2859 9150 10070 8379 2425 9578 5945 1421 5175 8074 167 4036 8902 7549 187 12467 527 6407 9821 1137 4551 7608 13905 6416 14116 6521 13682 2594 9230 13672 9897 13651 3535 8701 1250 3792 3607 5933 7277 4356 8955 1225 1888 9736 3501 2269 10684 10761
401 2596 2103 12564 10917 10831 9852 10950 4101 5601 11526 7733 3128 5658 6326 7327 3730 11543 1298 1068 3550 3699 5321 13627 11087 11475 687 7021 7475 2627 1395 5754 6956 4533 696 12815 342 1252 8496 174 11694 8642 12004 8334 7122 6790 11988 12977 13129 8407 11733 11575 12192 5035 459 8754 8640 12771 9694 12813 4513 3091 9554 3788 9025 5067 12097 10599 13350 1221 5772 3299 8472 6278 13515 6468 3267 11267 4104 4086 5990 11770 7877 2786 774 11166 12671 11457 5 8581 5740 198 6204 10843 9363 14055 824 453 13141 13481 848 2092 8232 11364 5814 6084 13024 9284 959 225 11874 3464 2736 2462 1126 14041 5275 4047 13225 11067 7491 6404 5144 4763 894 8913 3944 8123 8858 10801 7664 2401 9933 13989 7088 10426 7752 12273 12242 13209 12311 11865 9867 9749 11310 6100 4199 1363 1442 3541 2770 2760 11662 8322 6730 11469 10044 12035 8593 1862 4012 12732 3270 12402 12693 3586 4799 9091 8039 4614 4674 10738 1508 6304 5525 9409 3205 427 14148 1268 12377 1866 10474 10032 1716 8986 10142 3229 5051 6155 9665 3876 12877 8208 1848 2169 9742 10621 783 118 2792
402 4048 13289 5309 10299 12761 8792 9295 4329 8671 14142 10967 11210 10744 8990 1208 1654 14071 7603 11394 819 1964 2649 9576 1715 11186 12742 6699 9490 12442 13350 126 7941 8231 9892 9472 8573 7113 13628 6415 2465 13660 11053 6641 9468 543 4227 593 13571 395 8938 1605 579 1055 12856 2084 762 5958 2610 14015 413 5476 12267 8804 3439 4097 4112 7937 294 2165 9781 7179 1300 11225 3783 9535 9152 4163 1188 7515 12369 1156 14109 12006 9866 6756 6381 2506 13101 13374 10240 12173 5200 11660 6737 8412 11105 12007 9922 457 1541 10516 895 5223 12238 9001 1380 2787 13644 12391 10804 8084 6419 11256 5800 1900 14035 8466 10361 11435 4078 8357 11789 4444 2233 11831 11095 4789 6781 7691 122 7984 2263 13844 12247 11686 9771 5405 8878 3322 8985 6615 11777 5696 9323 12186 6799 5693 9962 5253 12297 13051 12964 10507 2154 7329 7488 6916 10360 12018 2681 6903 9543 4898 2372 14089 8891 3007 3121 13620 13496 349 13887 8307 9875 12313 1733 3740 12189 13922 10317 1382 3423 11668 381 328 6574 8935 2133 7790 7008 10798 1508 244 4211 6056 4930 9270 8957 9090 9066
403 2538 12999 2310 4453 8354 1451 13498 9841 10691 4720 4173 5323 9831 2309 12958 10480 9931 8617 1252 13598 8398 7790 2545 6315 13442 1081 7404 7766 13427 7595 9031 9406 6938 4429 3347 11133 2422 2198 12310 2462 9435 1922 13878 6767 10492 1557 2294 7833 13202 10374 6719 2032 14047 4762 6006 6020 8711 8191 3801 6044 4600 6167 609 12727 13439 12933 8153 2147 2204 13634 5075 6517 1032 7791 7638 8075 13848 11513 9589 7503 4861 11688 2211 4452 7204 9984 7380 302 4647 9179 6441 2437 3407 3475 1187 7203 7467 8294 10161 11080 11298 6301 13530 4770 5921 1221 7806 4542 4179 7965 1501 12348 13860 10824 5776 7465 12211 3413 2954 647 340 962 5829 6432 1413 613 8864 5144 1271 7972 3744 6891 7846 630 4787 7261 13336 1897 13290 8275 2047 12737 1404 7298 1913 8158 7684 5246 5700 4739 9023 4329 2634 287 9583 438 1685 6490 4899 7407 12469 10258 11048 6842 5199 8272 9822 9304 6481 8873 2809 2430 9140 11044 10839 2873 4073 5014 10647 6168 2487 6268 105 2459 12511 1684 7017 8114 12703 3109 13024 3566 7989 6707 6361 5824 7364 11472 2351 2004
404 627 5587 8984 12352 4804 345 2099 9338 12346 10721 1473 4687 8171 2405 3578 9457 12527 9377 6629 11802 6916 7612 11922 13910 14124 11073 9510 4404 10262 8729 6301 6024 5418 11947 12543 13618 7669 12630 12771 2985 639 11596 1151 11546 9264 10334 3420 1738 2364 1244 11663 5121 2432 4951 3101 847 2595 5985 7613 12532 10890 3872 13673 26 9312 12405 12564 13966 13428 4696 9286 3356 5732 6106 3114 5078 4553 11061 2350 10122 6447 12897 7366 5103 4185 7229 9546 12367 6739 12210 11634 4205 8149 12874 3320 3879 1481 9042 2660 5931 13194 9752 5602 1110 5968 14151 2200 33 2692 12030 6139 5460 6496 11582 12572 9173 1058 13368 8642 11178 6494 4997 5779 8038 11567 12863 12807 12735 9512 7814 7838 12480 735 9780 9040 321 733 184 13869 10125 6905 900 2568 676 856 8177 6350 5124 5100 13346 7504 10624 2507 2738 390 10901 13733 11494 9231 11430 9790 5886 4 9744 11025 1015 7122 8255 4510 13211 2018 1628 11819 739 5857 7008 1800 7508 13606 4729 588 13747 7862 7241 8869 10094 3952 538 10618 337 4933 19 9405 13208 11340 1442 4347 12368 2633 1717
405 1473 10787 5143 11534 1731 2521 8702 9201 14023 4685 12850 8365 13364 5245 14114 10611 12782 6913 12703 9498 13309 8961 12356 9654 14 2832 2366 14045 3717 3170 10675 45 9607 9875 9636 4879 10823 3147 7761 3413 7282 13892 2706 6453 2234 8014 6261 655 3939 6275 592 12918 10380 1544 13026 12037 2443 9955 4002 2564 6031 5376 6181 3298 7450 12987 10049 6265 3469 4989 13368 5804 5071 7571 9613 13513 7269 7156 1962 11401 2056 3159 3444 1814 10954 3188 5549 1535 3667 7567 2996 1236 6409 12211 6710 8329 7584 881 3343 5171 2036 11589 5481 10800 9098 6857 11793 13865 87 8334 7267 7176 1990 2536 6622 5889 13989 4379 13905 2567 4134 13975 1829 912 9053 12748 4631 11250 8279 1141 8539 2455 9908 1041 2860 3839 8194 6496 2179 14084 9758 13919 5254 13655 8932 4133 5971 10402 13000 2341 8752 5528 11254 6063 2905 5424 11316 1354 3796 4669 11532 8059 12763 8357 4372 1088 4992 1634 8444 183 1200 356 3732 2302 12675 9655 5334 10465 2830 13994 7867 7852 2910 3866 7368 1566 7158 10066 13802 11086 11163 11696 8952 2415 5417 3034 13986 14063 10138 6390
406 1049 7658 3798 3888 13419 6017 6705 6738 4181 292 6716 3340 5238 536 14054 9142 9749 10050 629 8129 682 1109 3520 11257 12867 8380 5346 7645 11111 6104 5257 2532 10350 1469 10826 9886 3529 4008 8165 9827 440 4673 9969 1535 1599 4726 10104 8944 14085 12313 5217 13507 10961 1493 11159 12087 14116 1247 1543 12502 13548 11184 10510 10099 11972 5688 4253 6645 5686 12070 11836 10948 2368 8514 855 2047 12155 13705 2977 10796 4143 9545 7321 9571 6874 7068 4910 10598 5022 219 13332 901 14076 11359 8029 7650 4616 9501 5240 6827 7041 3198 4600 6347 10538 9603 3447 1119 12814 14175 8971 10962 3108 12448 11641 11516 11012 2262 6179 6397 10959 5234 2394 14123 11652 363 3749 2107 12492 1984 7986 13005 1655 11688 6956 4050 2931 4236 12990 10074 4275 2551 11576 10957 2751 10799 991 10687 8108 13215 3902 1807 7875 9404 14062 7012 2594 2528 8519 9378 3931 58 13512 1785 12907 9160 7236 1742 1193 3114 5437 12350 5921 10162 12069 9209 8798 10282 5845 3457 2636 8415 4391 12493 8123 3743 10676 2032 2579 7928 11172 9136 8881 5895 5970 1536 13246 1741 6876 2190
407 7254 7968 1498 4796 5318 9383 2511 4239 6134 242 300 13649 1411 5936 5937 3249 13365 11503 13469 12639 12526 10901 10094 8887 3863 11984 301 13102 9781 13631 9469 5698 3206 1655 3286 3567 8731 6085 8960 2718 3010 8928 11431 705 3505 9510 180 1639 11713 9311 7073 11570 10163 8835 8559 577 7367 25 2008 2289 13876 5494 12175 4340 7172 7664 3123 5371 2051 5715 7565 5080 13927 8689 10249 1540 8711 13451 3019 12563 6787 7293 1339 7373 10755 1257 8813 8597 1469 511 7263 13899 2815 12082 2048 12194 10127 7632 5862 7334 3449 9932 6222 8623 11509 8580 13959 7455 2257 13192 11747 4133 5559 8211 3639 12068 11117 5179 9232 884 3484 2158 1522 3146 5471 3218 3787 4634 8933 13067 1614 3562 12354 13050 2578 2339 13711 7775 1105 7805 1641 8619 10775 11957 3595 2723 4973 1890 13063 972 3972 8569 12336 7394 12019 10132 13471 8749 10510 8949 3559 3460 6740 2327 13148 1826 5158 7891 11724 6077 3757 4457 400 13710 14144 991 2215 3558 8802 11376 5201 3261 9663 10192 7223 13222 7145 9184 10823 9050 10803 4964 3528 11263 1384 5518 10162 9891 7120 9499
408 8581 4120 4779 1839 8426 7032 7373 6907 13007 1983 6251 2643 7671 9068 5351 5945 4921 7709 1288 1881 10311 10397 9082 6572 255 12726 13129 4683 5550 6141 8130 2097 2102 3283 2500 277 11995 8106 11939 5802 3094 6350 6864 5305 6303 13273 11415 12120 10406 3826 11965 12194 11722 2414 5485 6661 11134 1360 9505 2679 3814 10756 11832 13793 3923 9997 1850 2700 9807 9893 7899 11962 13126 7930 12853 1595 4980 8798 1301 10908 540 13980 3761 14036 408 2609 5452 5779 12467 11461 2952 2538 10884 12786 5703 6989 12040 13871 12658 763 13781 11750 9892 2181 9592 5991 9480 8433 7387 1233 5495 3940 1499 12484 1316 12854 14064 3369 14106 9938 4829 10185 5722 13104 3738 5284 12410 2541 6939 4267 11644 11126 12557 10866 11397 6042 8068 5968 2927 12210 2531 7705 3053 928 13343 13519 3044 6887 3300 1940 1722 12607 6355 11495 11346 898 4550 502 7724 2411 811 4936 8193 285 6903 6426 12500 12957 10705 9619 5780 5857 10582 1063 7703 7586 9199 6069 1592 4012 459 9626 8571 8489 7721 8376 4494 6910 3601 11012 8218 3523 2175 628 9635 1616 2000 5601 3621 13001
409 8640 7307 11416 12750 12830 13958 2373 4232 4426 9391 2856 7722 9996 8145 11592 7672 5007 7941 2960 1635 6008 12619 4921 9127 10992 4833 2359 8093 3049 8722 6415 3390 8489 7669 123 613 2201 11295 485 13388 101 10480 12439 13687 5540 4760 922 10315 3854 6503 3844 11081 6266 9871 11112 7279 10380 11059 833 472 7700 876 3797 14178 8723 9036 7907 5543 8601 4726 8575 5437 455 1275 7565 2981 12479 382 1728 7612 4754 13672 13179 3023 5246 3913 1868 1661 4177 11054 7337 10959 863 12284 5981 11959 13980 5020 7590 10586 13086 4745 12151 959 6907 12262 3747 8129 12115 5354 9780 4980 865 3381 897 8677 1052 9279 14001 13606 1209 403 9501 3615 4033 5622 5734 231 14013 11868 12623 2371 13724 10896 3702 9208 13541 1236 1854 461 11057 690 9613 2848 3956 5159 2042 5899 7969 13275 2370 7682 5158 5937 3373 3287 10150 8751 5791 5105 4077 628 2090 8551 1913 953 607 10587 9344 7101 2529 8211 3483 1900 7937 11315 11640 11255 5763 8763 11126 4059 7 6121 8055 2885 2394 3723 2811 9460 2980 12847 5684 3627 7289 13447 9328 1651 11629 8142
410 7505 980 5436 220 6298 4263 4261 8044 3216 7525 13136 10018 11372 4641 8740 6666 9057 8003 9479 7770 5171 6576 2089 9982 8266 6622 11187 2547 6930 1682 13807 3339 499 3771 4048 920 9855 4061 6704 14110 11344 11452 32 5350 3714 767 10680 3110 3113 1429 1511 12864 13313 13386 4015 5933 10853 651 5840 7703 11078 8097 11169 13541 10473 11750 1551 6356 9497 1177 13177 8074 6307 6456 6257 3977 9528 5745 11010 10075 13201 10087 9364 2686 13261 3252 5338 8259 3592 13809 2903 8647 6790 6625 8722 1636 3192 6287 6683 12366 925 11122 3610 6669 127 4721 14138 1659 14148 10515 8452 12386 12420 13752 6152 14028 9820 12214 2200 4310 8835 5924 3577 8774 5369 2765 5946 13172 13347 2698 1033 717 1958 5393 6907 2958 13919 4072 5790 6832 2003 14094 3446 7209 13499 10892 3353 11247 1997 8469 12992 1616 2345 8385 12374 1251 2607 6628 11568 2481 7679 10965 8062 4551 682 12107 9998 1965 12499 4307 13332 6881 5090 10356 11045 11308 6697 8976 8006 12310 13459 773 10839 3129 9397 4030 7771 12068 11092 5204 13996 1214 6414 1640 4698 6964 4558 11775 6004 5246
411 1746 8924 6264 8818 5031 4200 1539 6033 1563 270 2219 9191 9109 11920 4524 2735 699 9353 12345 1830 3840 9967 1115 13147 13372 2106 11814 13075 1638 367 7745 11947 7932 12723 2652 12179 2191 6958 13116 10501 7836 1483 2963 5384 14073 2916 12226 6663 2382 1819 1256 7172 12161 2841 5442 3538 13723 6283 6168 6387 1378 5035 2154 10914 12021 9170 708 8202 5712 9391 8259 6456 7814 9037 8081 6 787 3154 12942 4283 2446 9249 8467 13560 9703 11904 649 4884 3185 8133 9604 7334 209 7295 6308 5787 6890 8238 1877 4759 8806 12510 8168 4926 6303 9364 3936 8885 6596 8207 5075 1253 12816 3728 11576 4860 8520 5529 1864 3085 8726 6693 10050 1742 812 1170 10070 2427 6339 5055 6933 10142 9362 7744 494 13651 10043 8070 6745 13658 6191 4922 6902 2005 1247 859 12612 6666 3757 4010 12056 11316 5904 10781 5231 5207 4842 3041 9618 7668 2303 13143 9641 3297 8728 4499 1441 14008 11246 9286 7424 3283 10809 7074 3515 7759 3130 10571 13671 11739 12979 5593 13539 12280 4176 13081 13589 9165 4941 12833 2479 2818 6249 3061 5510 4735 1591 210 6488 13261
412 8083 813 412 5912 11894 1972 11418 11390 4104 8400 13872 201 872 6263 5222 13620 3744 8455 4690 6058 1453 13572 13210 1364 7990 3599 4628 11107 3337 10 12464 12180 12727 10384 7243 9596 12900 1054 642 271 26 2138 9908 7623 3029 2406 11259 4527 528 8137 11547 12203 4562 7329 5056 10792 2355 6823 7422 3009 6178 3386 4711 11037 7189 2296 12463 6066 4377 10617 3613 5092 4596 6006 11046 12141 6496 12304 3237 1810 9350 9900 1842 10534 8121 13974 2159 12321 4092 4547 12769 6865 4056 4512 10575 5271 2769 5826 12296 13678 7979 5434 6252 2817 3123 3938 11532 6688 12066 4353 7712 8061 2302 9306 9110 3112 37 9023 11857 3652 7406 8837 7445 3936 13567 9467 2153 8600 1618 12675 9713 9508 6824 12302 6522 1290 4958 13162 1686 13839 7947 7642 10488 8903 12429 13333 1008 7487 6634 5252 5321 3909 12496 11214 13428 6295 8037 11802 7314 5798 5145 8976 8819 12668 3492 5447 1397 5794 6516 5586 3746 5797 7067 10025 1992 11321 8851 12768 12514 14023 12381 13903 11026 11395 12539 2846 10610 3814 13112 13233 2514 4424 11790 1411 6124 4759 2935 7425 12891 10353
413 2549 1571 8343 3868 259 12727 67 9222 4798 8991 3147 10637 3562 4530 6354 11652 13386 9172 7122 2911 6961 2018 5836 2229 13538 3776 2116 6505 5952 12328 5830 7817 3844 9248 12122 11249 12833 12052 3455 10503 14036 6995 812 6095 13096 8148 2190 820 12013 974 13665 5878 2625 12036 11512 5657 4809 8295 7695 6592 8736 11765 1097 4637 9146 8992 508 9751 2557 8675 9552 4116 5594 3314 12602 4429 4625 7219 7246 3761 999 7191 10069 10436 12680 10315 2604 5847 2141 11477 2586 3488 11953 683 7024 10487 12664 729 12769 12714 2396 10085 7063 5249 5073 13504 10451 3753 8860 88 6004 2096 12096 8517 5359 1056 12643 2723 725 9792 13531 1525 626 898 4008 7834 8137 13616 11404 1293 11189 5008 10400 6734 11980 6066 964 4714 4149 2474 13249 11376 5647 9593 2962 194 9221 13157 13187 5549 8201 8407 4101 12611 7455 8207 5472 4555 4302 3539 12515 1318 9439 12793 14190 11278 4820 388 7591 8728 2385 11484 10553 10920 12111 11879 9603 4148 2469 12488 13337 5183 10283 6413 13617 5064 11146 6656 6928 10189 13536 5915 13710 6724 12016 12522 14205 1795 511 11743
414 1999 11182 12944 4045 1462 7508 4527 6466 9852 5713 10994 3811 9991 2908 13456 8240 5578 3111 4935 8300 9302 3922 7216 4124 10497 4534 3464 3873 12510 4671 1541 14142 2667 11477 3138 3065 6711 7313 8862 1890 12354 10289 2052 5983 6302 6676 11257 10606 6092 9517 5265 12225 3687 7177 944 12809 1825 234 4422 13269 10436 1193 3300 12635 3521 10911 7538 4319 8530 427 12271 10777 13037 2220 493 4469 2635 1062 5191 13979 11479 5319 9711 12799 5833 5990 2227 7380 7325 12162 12128 9577 9241 4537 8958 6775 4423 7594 11373 11633 4523 11259 6021 11306 945 12878 448 7203 10401 13727 10263 5228 3647 2779 7123 2937 7327 5261 5306 1096 8143 13610 821 7931 822 10204 11144 7965 496 11821 10897 9053 5146 6597 1139 500 9879 11916 1066 2079 74 3699 4999 10993 6860 3609 12426 14058 3604 11407 13127 195 2355 2703 8071 11171 1456 7689 12391 1160 6417 4479 634 7722 731 6508 4745 2482 1817 10491 13197 2172 8419 3326 13484 9934 11917 3864 1632 10187 3576 7140 13537 5576 6509 3264 2501 4203 8373 10226 2325 9593 3726 11672 5322 5461 2972 10292 7651 9624
415 7 9177 1498 3228 1156 3360 6511 7819 3707 2048 2531 176 8612 1681 9099 9322 6417 12826 9365 7554 5062 4239 2897 5509 1906 8498 5535 8281 8873 8341 12095 12339 4615 2281 12168 5999 6318 21 13222 7022 10996 10937 3232 1802 4765 9416 279 12276 2778 13707 11696 10928 5074 2059 8136 9116 6047 11891 756 7169 11370 12849 12553 9969 9200 11296 11789 4984 13716 6566 8999 2575 9626 13662 2259 2445 6940 5636 1500 9662 10809 8054 8177 9159 1277 11031 5839 9212 11402 3170 7397 6579 1669 2029 13014 10612 13656 7349 7354 2806 896 777 3305 3962 8471 1573 5277 11684 7951 4814 1571 548 9371 7940 10202 8730 2409 7213 2994 1268 1380 32 8515 1690 7900 9152 1851 5612 6421 8956 1509 1426 3634 3963 5832 760 556 10939 9326 2345 7523 5207 641 13697 8396 10154 7432 6159 4501 11252 8201 3768 3651 2457 175 203 13683 7272 4855 7253 12487 734 12783 7303 7584 14216 7029 10722 650 1525 11374 7522 13026 9057 184 1849 3533 5560 11078 5661 3890 50 4951 9671 11056 9397 7174 3032 4685 7780 6354 13358 3214 11646 10807 8592 4769 12547 13708 9120
416 171 10452 7157 5901 14194 13902 896 6733 6011 8747 2103 7778 7132 7880 1790 10590 4226 12866 238 7953 4561 2262 13944 10479 7549 3753 8330 6014 2817 8576 6744 7835 2977 9121 4892 4275 3138 8757 12893 9539 5940 9340 4013 11353 708 11728 1647 1178 3966 10191 9165 11856 1992 3718 3190 8830 1 5421 1957 1514 6581 1981 13377 12568 2508 7351 3147 1316 1961 4526 3160 2453 1552 8208 1427 4283 7681 11338 10483 4715 5033 9484 2935 12822 12621 11084 9660 3685 13352 1686 5118 12284 10265 1206 4558 11309 1322 10793 12751 637 10221 11712 6711 12171 13783 3476 407 5034 7164 6504 4799 9140 4969 7323 985 8055 1998 723 9722 9002 6684 12319 12811 9579 4517 6776 2078 12139 9531 12061 9308 5579 8298 9079 8789 7473 4105 12939 2958 12251 7272 595 4866 12644 7727 14158 10439 10363 5398 1272 12301 11803 8854 344 610 5512 12025 1931 56 7901 13144 8601 298 5102 8584 9749 1644 13468 9194 2083 1464 4417 12408 4701 13422 10359 6943 5207 13273 120 12596 12405 191 9477 11695 13951 850 6884 4166 3295 12369 997 5925 7817 854 6067 5746 12698 6255 8303
417 400 4451 5693 4717 10937 8203 4288 3491 686 3846 1093 1934 9424 5104 12044 13113 13750 3072 12424 1242 6818 12618 2289 403 7434 8052 9488 11549 6186 8257 8302 12011 7132 5535 12402 4576 3728 141 99 1208 3488 5910 9599 11409 12901 10326 10964 4704 766 9800 2698 7407 4586 3016 4515 8894 12201 10950 12726 2098 7524 13907 13946 9817 5426 6104 11768 13712 12082 10098 9243 3763 7306 3511 11866 13643 1576 14032 5155 13131 4705 1759 1543 2974 13763 385 14141 9625 6558 2258 10833 4428 3073 590 8480 4472 5622 13231 10712 2780 2404 13400 10043 3425 5414 9079 25 4104 2844 1444 9539 7957 1623 11067 11255 1238 5721 9854 12779 12315 14171 12828 2638 11041 10139 6502 9895 4126 4882 12310 1346 295 4014 9042 4471 3451 8350 3457 1300 10691 3496 9020 7759 13905 3050 2213 9008 12955 3161 2651 10305 8369 13102 13692 1772 7348 2087 7992 797 1774 10119 11961 7696 5973 12268 6071 4004 11956 6368 8497 2222 6506 5727 2709 135 11752 10599 1624 11017 14058 6220 3122 3849 12858 9796 11455 454 10990 7697 13157 10000 7671 1449 2277 5339 9887 3908 952 4502 5577
418 4428 5904 4109 13600 10468 7220 9883 7303 3766 5094 2642 9824 12372 5186 10631 125 13870 11259 2541 12935 5528 377 7780 13111 2475 8137 5638 12211 3839 5653 11924 7298 4235 7082 3968 10905 138 5655 2299 8596 2261 74 13573 617 12176 3861 13923 8291 5204 620 2792 1042 99 2876 12120 4920 4619 713 7025 3864 2274 9437 8918 1607 13729 8279 11007 2075 6743 14197 8992 13204 13539 9398 3951 3784 2200 12700 5908 13123 9554 10113 7718 11038 6981 13594 5171 11383 10679 12624 2233 5404 10492 1545 1340 7355 7232 8070 12150 918 3070 3898 3378 7619 6232 14003 10669 2674 11369 12954 13787 11243 66 11207 13164 6770 8888 7923 11073 11122 2964 5168 9698 8016 10449 7563 572 5440 166 7149 8774 10743 8123 4296 1848 1477 10513 10425 11168 9143 11100 3027 2970 4780 12327 3205 850 2563 1199 5124 443 4282 9648 6790 4835 681 7611 2941 5438 5200 5761 7291 8496 13843 11214 3110 1040 13853 9558 12916 2824 4080 13525 424 11440 11615 11290 8221 5214 6656 13508 3061 12110 856 12538 10986 6793 7387 5454 4410 4913 4206 13194 6125 1727 8278 2365 6110 8765 7258
419 1881 6509 9634 6938 1594 1548 11077 2041 1601 2710 3353 6936 7218 1619 9230 9577 6289 944 45 10111 9299 1455 7956 4265 6025 8314 11474 13457 10094 4294 2515 2951 8083 9682 4874 660 12614 11386 10677 11837 10513 11252 5059 2964 2466 4647 10240 3674 8269 8095 1323 3940 101 9163 5404 11554 8945 10714 2266 6042 9927 2639 1846 5403 1332 8765 13838 4750 13836 5466 12969 4467 6062 1346 13907 1813 6815 6279 701 9912 6001 11369 10238 2231 10303 5053 5766 1448 14198 12166 1982 13965 4622 12123 10573 2735 10189 11664 377 3439 4424 3848 5480 2764 4121 7304 12498 13999 9507 1113 12387 8402 8019 3407 11509 9665 12737 4755 10350 809 7165 4425 3019 3008 3058 14209 14212 13577 343 4879 7619 10854 13065 12006 8891 10199 13313 10890 9705 13204 10544 11811 3680 10954 10291 2040 12977 4998 709 6595 6447 12988 2531 13424 4664 10629 4871 4150 2736 369 10190 12303 3620 8934 4457 5128 5758 2245 3469 13167 6521 13955 11110 14075 11539 682 13883 7574 11161 3980 1844 2818 8828 13413 4105 2206 4890 7348 10772 13406 12853 3530 6052 6070 4253 7516 12132 7860 3778 10731
420 3193 8151 1921 6705 11082 12345 8623 6550 4499 10639 8811 7877 3544 8638 7306 1022 3992 3165 2689 12408 2007 6794 11984 735 11198 5992 5463 441 12696 3556 13222 601 2363 13135 12978 4723 8629 9097 9080 11163 272 3823 3638 5251 12864 4844 8289 1671 6836 1695 3231 14015 12872 6107 8603 8005 2604 10378 1243 2364 2809 10759 5505 8242 5028 10376 7240 4536 11558 9278 5565 3256 7384 827 10116 2361 11758 1689 1023 1684 13031 4961 1683 10558 12683 2332 7120 4421 2910 404 8084 3863 4026 9536 12355 12475 4940 13173 4753 9338 2270 5056 13474 7393 6058 2690 5942 8752 4505 1120 4433 12282 6881 6188 7620 10702 3114 3798 11068 9099 2832 12435 6074 11268 2941 12432 11483 11448 8846 10435 11830 10071 7022 4346 6589 5158 7570 6480 7580 9168 4946 9492 3154 7155 1887 5175 264 11233 1536 3471 14006 5071 8224 4872 4842 8304 12099 8167 10626 10319 13893 6261 5843 1139 12679 5006 1777 10867 3388 9522 11963 1558 1487 1181 11857 11 251 5487 13831 11151 12994 7546 2857 2999 3712 11929 12587 2481 12944 6128 6772 7645 8667 12152 11223 6524 1476 6839 10158 11764
421 8702 6479 5541 10416 1872 11636 2534 3650 6979 9986 13229 1130 1700 10267 10636 7538 8565 8914 9638 1557 452 296 3842 8757 8609 11388 13309 3504 291 4975 2667 5444 5435 5745 11555 10817 1608 10143 9783 3893 13470 9477 10948 2977 839 396 2688 9703 9104 9851 3433 4221 10725 4019 13722 2671 2623 13507 3831 2783 13359 12034 2793 4384 13382 7762 5965 1502 9973 1248 1979 11419 7978 4306 1337 9584 3767 1546 9051 1941 7983 5619 1501 8424 2047 9711 10764 5208 8423 1917 1451 5962 2135 10489 3140 7578 9088 13686 5190 8890 10655 5596 5142 4375 7960 2218 12163 5004 9337 12443 7758 4280 13860 799 6292 12098 9491 14092 7338 9385 12101 684 2714 10726 3295 1313 825 12819 820 7970 13253 10661 10068 8963 7781 12130 9590 1861 2640 2970 11185 8673 11 12672 778 11530 9646 4984 2210 7488 10590 7972 208 3338 12754 4748 5092 4512 12498 4378 3997 10728 3537 13300 5474 4326 12724 9588 695 3880 6354 10315 9830 11537 8801 2152 6505 5907 7003 12341 6894 12234 6417 5252 2716 13827 348 6414 4678 12739 4515 13244 1758 13332 9719 5373 12554 3255 8139 11298
422 2247 4649 4182 2659 3775 4289 13648 9732 14045 10778 4187 1724 12298 4914 3484 5172 11084 6147 10473 11674 4446 13460 204 5497 7750 4008 9438 5264 12600 4624 3748 6372 7118 5714 8365 2938 10414 501 5632 8472 11561 5137 966 10464 7718 4619 2045 675 5608 1822 11360 2015 2762 3753 1302 2521 13687 5903 7536 947 296 14064 1229 8021 13356 7691 9022 4969 13727 1532 5890 7803 1692 7382 8736 2567 14094 8187 1812 1166 1453 7423 10218 14069 11093 5404 5143 2626 7744 10810 7085 6228 10161 14051 3077 2731 8045 12782 8511 10178 10504 1768 9570 6658 7404 13040 6964 13125 3970 11082 10497 10402 6914 13043 9267 3603 1306 3545 8869 7697 8355 1124 5764 4843 4404 850 8543 5073 3118 5181 1951 12718 13276 7975 13650 4492 481 5755 7119 9493 9638 9892 4965 10979 7200 3112 3192 3672 4471 13312 9817 6974 6821 11910 13936 3472 5167 1073 4961 3175 12998 6459 4567 10563 4746 5494 7361 13944 7667 13298 6359 1304 5612 7514 13731 4396 6078 14006 3305 13357 6611 10359 8793 12287 13213 7885 5006 5880 5695 3833 260 11052 12547 9391 7381 8008 11411 1739 13675 3692
423 770 8990 5586 5047 12616 2252 5752 1723 12302 6435 12186 6703 4915 3256 4612 2531 2844 3297 675 12231 1957 10368 808 11426 6616 4424 8911 11398 7970 1853 11073 12008 4494 2001 7408 11288 8663 761 13071 6015 6860 13336 6477 4602 4742 7495 8756 8152 210 12539 4268 11727 7112 986 8428 9128 10170 10347 8750 10585 12568 7900 10464 10169 11779 7536 1002 3871 5557 9868 3863 4663 9295 9158 3146 5255 12706 7871 8722 5198 10394 12745 10682 12161 6420 9221 2675 3945 2856 12040 8877 12322 9763 233 11282 13201 1124 4741 5687 6278 13579 11793 955 1194 14032 3198 7849 220 1496 8077 11008 8522 6487 4926 8455 8807 8068 1338 10046 6053 9765 3244 3445 2562 12111 12443 2751 14012 9973 12643 2962 11100 8051 271 2165 8755 13994 1403 11211 10114 7856 12408 11532 11925 9167 6456 49 5832 11051 11712 4876 4699 11015 4116 6517 13183 6671 3994 11105 8196 7237 12797 6676 6712 12661 2788 12868 10163 6010 12220 10536 6503 10930 12693 10640 5159 13287 12589 10146 813 6636 13110 3873 8242 12452 8437 13209 9947 4426 9091 9551 6170 5911 2812 7318 9811 12197 4446 4559 11189
424 1019 2510 6137 2084 9959 8774 111 13668 8975 11560 10171 7484 7937 1088 9073 2800 4922 12279 1158 13572 1454 7517 10437 13776 6494 7594 3644 7464 6470 2171 9884 3334 9605 11484 6961 10265 13245 4605 332 2007 14066 4992 3666 207 12222 4777 8881 138 2281 6317 11685 12015 13185 12001 4016 14058 4263 5255 2011 8987 5752 11948 10113 2440 3808 6157 2696 5663 11525 8259 4746 8722 11216 11111 8841 879 11991 12951 10969 1721 12689 10280 9969 8640 9299 9823 10527 5189 3759 10713 3585 10021 12504 13915 1182 3054 10423 13699 11717 5710 5337 8636 12228 9142 9251 9276 12935 13454 11987 1195 3883 12712 13685 4054 3190 3824 10717 4798 11731 7261 8288 10202 2942 4312 7958 166 11636 5468 5079 4327 11417 6826 2531 10576 11535 812 6381 7669 3407 6682 11030 6108 4858 186 1037 1560 5907 9310 141 88 12910 6257 3266 8616 3170 8310 13075 4951 9533 7353 11393 3157 13384 10877 9671 1001 6859 5793 4757 8634 508 8853 5214 4905 6154 8783 2504 9780 11140 584 10212 14181 8246 9759 315 649 12795 1606 12749 13538 9528 5888 1985 3350 4364 3423 13400 9232 5347 13281
425 658 1969 9099 688 10627 3994 14139 6128 10918 9083 867 2209 12443 6810 9853 1253 6802 1936 2593 12805 13354 4188 11446 2766 3175 10619 14170 1993 11160 7356 1480 6577 12070 4652 6615 10598 3767 6891 7743 4291 4690 27 14042 11522 3961 8295 3242 13691 4471 661 8839 12431 2311 4524 6756 7112 7063 1857 1853 12494 7244 9742 4703 2512 12787 12792 4343 10419 9797 7489 6087 147 3621 3945 8521 10990 8713 10290 8674 4695 13800 10885 800 227 881 7545 9977 12117 1370 4719 9184 12351 6374 4475 16 12831 1820 2200 8783 4842 7803 2938 9739 3530 3424 13044 1324 393 4880 10664 9503 1158 11585 4539 10329 1645 860 10941 5703 3357 3586 7619 3225 3214 11941 3170 5701 430 8790 2634 12543 10256 10401 300 10246 2591 10080 6752 6807 7237 7950 5146 1896 163 2463 4945 5595 61 1076 11200 12499 10280 3161 3036 7971 2921 10776 656 13202 2913 5790 5348 4004 7316 1147 6465 10074 6698 5906 12702 9459 13545 3634 7763 8266 665 5131 14121 11733 11778 943 4752 2215 4400 4828 2158 12634 3173 133 5233 479 4470 13778 11526 7587 4268 3700 9610 2817 9018
426 4416 3380 1864 5343 11409 11607 11117 44 4673 7561 9927 13263 2717 3808 4372 13548 1057 748 13715 5189 1901 898 6847 9339 12661 7334 8188 958 1846 8670 10822 6899 8706 12061 4726 8543 3283 1047 5714 12332 12190 264 11165 5776 7460 6686 5854 9425 10655 11200 4184 1796 6476 5469 11533 11089 8345 509 13241 11904 8750 6535 11781 11833 2037 3614 3802 11963 9034 10210 14053 12904 6465 10378 5831 3901 10654 9466 11472 12028 2977 7477 3780 9056 12973 4461 14117 11816 2387 7755 4180 4996 13491 13729 10272 11194 5435 1242 1986 6119 3191 6059 6089 1428 4143 4208 9185 7625 10432 6365 7241 8222 8140 5202 3567 8348 7799 4730 10189 286 13060 11084 8960 8316 8815 4154 8090 6324 2921 5419 1823 3656 12462 4476 8945 1725 5696 7309 6399 12432 8979 6629 13174 10752 3926 7573 12373 8210 1481 3943 14026 499 12600 6964 12846 8468 4768 11338 10856 2261 8783 186 10901 13962 7231 2619 10054 12854 1667 5580 929 11910 8744 6701 6180 13344 368 6971 3421 5018 2724 46 9734 961 13340 11198 4990 11634 12024 9602 13225 3098 11688 905 295 216 10116 3115 9025 9450
427 5910 2255 2505 10104 133 3360 3839 8529 7707 9943 2273 9897 4508 2987 4972 12650 6871 3255 428 6966 9066 8252 2766 492 1659 5179 12949 13884 2607 4737 7035 3193 4940 11068 12443 12513 8382 8459 560 9670 1470 239 4684 11007 11316 9385 12185 4783 3093 12324 1753 6196 11347 8121 3950 4659 6776 9566 10822 1843 6604 11985 11875 9079 8387 2573 7845 9114 2741 10743 7270 10490 14216 9055 7474 6635 14086 13152 2877 2271 9856 9442 13347 5102 1989 12037 1910 13770 1429 5081 6681 13220 14210 4671 10481 6218 13125 8236 5403 11659 3671 13918 9927 8656 2309 8744 1911 1223 13901 10307 13329 10889 1051 8609 3604 49 10322 12179 4465 13275 7759 6095 7762 11516 1441 5314 211 7511 9346 13717 3048 1494 9031 12191 8975 7523 6265 2375 9480 5752 1200 3611 2968 909 10474 4711 24 6 9582 2657 11772 5941 9957 7589 5537 1651 2678 13018 1719 1860 7518 10734 9313 417 5946 11598 12060 10933 7205 8547 10613 14139 1204 5826 5880 11497 6849 10594 7929 3787 5574 3977 9826 3975 9230 4303 13446 11137 6644 832 11491 2204 13643 4776 3851 3316 12416 13678 2454 5878
428 5197 12300 12359 2462 5481 9822 7080 8303 3483 7713 3985 2935 963 783 3413 9181 11693 12839 5974 1320 12958 3624 6498 5687 503 2729 4980 728 10119 6897 7687 1592 13769 13242 3666 5662 9614 2885 13310 3335 4079 8585 671 10767 4754 2620 4252 43 10388 12532 3645 8830 4324 4923 8419 8578 8705 606 10828 410 986 1600 196 8481 7364 2709 2959 655 1636 10599 1654 6147 7509 10796 1236 186 13692 4331 117 12675 4041 9764 8080 13944 8866 7124 5949 11694 1882 10364 8619 13418 9838 3340 5494 903 3757 476 9757 11508 9479 10159 8823 6006 5369 6895 8945 4423 3566 9855 132 5325 4072 8541 9937 8729 4462 3185 5702 13044 6855 8702 6022 6024 11981 3834 9190 7097 6053 565 1395 3398 6467 3698 10118 8195 510 8049 11435 11908 1645 9031 4445 9247 10511 591 13298 12425 11653 4271 9499 2155 1768 13451 14045 13967 6247 13318 7451 13159 180 6856 12935 10849 4268 6188 5999 5033 2395 4957 13905 8909 6753 13128 2986 789 14159 12336 11023 13574 4657 237 1648 386 12477 10857 6950 10710 1736 3429 11838 6306 10802 1243 11582 3606 9097 594 4498 4969
429 4827 6277 4853 6764 11689 7607 3459 13867 8308 3455 400 10071 3378 4841 4623 7988 2133 775 10208 11315 7306 10553 3198 11909 1121 928 7115 6039 12330 9939 11408 10986 10747 12336 4842 1254 10748 12464 9919 3083 9675 7928 2417 6422 7243 1784 11935 8990 2356 13586 13633 4412 4836 11636 10042 426 6883 11542 2017 3754 4698 9741 90 3814 3362 2574 12657 9118 4700 51 6679 11274 11913 8974 5663 1623 12912 4512 6509 2335 9749 1469 3000 4749 8932 11688 13298 7806 1442 10685 8121 3741 9757 10243 12969 2016 985 7769 10237 11729 5001 11459 6690 10068 8291 2271 13884 9889 13560 10946 7343 6171 25 2786 2631 10947 10334 5081 5648 12399 944 12928 6425 9501 8557 13621 14196 12856 4152 9849 2149 1564 2333 11638 13175 1732 7449 11169 9103 4304 5014 8587 3414 3562 8299 13854 3569 7903 8522 2679 3989 7922 9819 8758 10047 2523 14191 8624 5921 10820 4658 9185 5865 590 4209 10061 13421 11250 2110 11906 5757 1029 11951 2245 11321 4175 2949 14118 11426 12930 3216 6916 4191 1529 12659 5102 1334 13659 10494 12175 6477 3658 7796 7283 5192 10146 6923 8838 12490 7694
430 2151 12339 1231 13968 9944 11061 5375 12013 13282 651 10806 10626 5202 12848 10255 7501 8755 2733 540 12854 4805 3668 7335 11275 13053 10813 12695 8941 6552 4943 3102 4547 7705 5242 8041 11010 9378 12279 4768 5614 5378 2336 13474 10119 232 5594 10719 13755 931 7371 6381 6645 7703 12668 10135 10926 10541 8564 3379 12382 3161 3535 9396 12340 1162 2972 10144 7377 5640 328 13519 8200 12489 3811 13784 12484 13683 10895 1169 10021 3269 8573 7483 13354 12216 3411 10789 8103 3956 8805 7682 3216 6513 8973 7214 11831 805 87 13006 7440 13963 10258 9453 9163 13057 10607 6691 3865 11234 4179 8860 4047 66 13279 1455 7456 8532 12253 413 4488 4969 3106 8879 10202 7469 4173 7339 4941 13194 10687 13440 3906 1461 11151 6882 11718 6639 2511 5519 5220 2480 5940 4879 6447 5353 4534 8260 3339 8328 346 13185 12277 3728 13239 7626 1716 11015 6162 9716 8034 3003 400 7912 2177 5651 14012 10999 13509 14013 12181 12461 8731 12732 11069 13528 9579 2256 7396 2647 2108 10130 5807 12855 12196 7055 5211 5176 11542 175 13059 13121 8974 7610 13284 12544 7282 1086 10699 6006 10231
431 33 11910 3163 2201 2950 11837 102 3920 4198 8791 13834 3692 1992 11066 4056 663 3036 115 8909 5973 13182 13134 7256 1005 6848 11295 1231 5364 6998 9453 10778 6329 13964 13793 5257 1989 2360 6547 3027 7572 5153 2756 4131 2430 7130 21 11249 10655 7684 11200 5689 9890 11187 7197 11014 8371 9206 12932 1022 5934 12831 4081 1776 6368 12975 11043 4454 4790 6627 421 3119 10396 10169 7054 2999 13436 4958 13952 10040 304 11698 10572 4053 9361 1108 13989 7518 10855 4698 9893 12456 3234 5696 7764 9313 7022 11339 815 14194 7166 8023 5321 9279 8377 5754 12857 665 12144 13956 10779 12556 7190 12882 340 12872 8388 14011 4297 6836 8406 1228 6961 5147 5097 3839 13432 11211 6177 9073 6264 4320 8287 9643 8957 750 2930 11849 5454 5017 8727 1216 4887 7905 183 8561 12627 7362 11927 4043 10303 12690 7109 2716 964 1041 3332 1320 872 5267 5515 8492 13698 12126 4448 5823 1210 10296 7257 10405 13878 3934 6821 1370 8633 7213 7409 11744 580 11516 6796 8999 10193 14088 9295 1484 11977 3463 10897 5587 428 9883 9847 4340 5844 12607 11401 6526 998 78 8319
432 4497 12400 6001 5076 4673 10342 7277 1789 2178 5493 5048 9228 2311 6542 13699 2968 14059 7823 13715 2828 9183 8287 6867 5770 1308 12369 12346 2770 1162 5891 12476 6127 9391 288 8797 1696 13326 10211 8914 14043 11960 299 3699 7809 9552 4461 7212 2651 12948 12833 10231 11913 8719 4626 8803 7720 5024 7946 11153 13865 7987 1466 11396 2993 10273 10944 13359 1376 5327 2719 948 10763 1810 11219 2788 8415 4131 6668 8381 7896 1198 8051 4950 4373 12603 5463 13266 14096 9163 11231 1718 9392 5088 5458 8101 1744 12837 8254 7401 7697 1470 6206 10044 8426 14170 1386 11615 8061 7417 5923 8890 14125 10693 2313 11404 4686 2373 4158 11823 3252 2600 9814 3271 8296 13900 10490 7380 10527 7329 4349 13824 6993 1547 11805 10206 13431 8722 3796 4470 571 9025 7065 8659 8923 7632 8403 25 10702 9147 4185 1695 10899 7418 6114 1297 4759 14054 2924 4811 12828 12475 8042 10770 336 10358 6417 10893 417 3690 4069 9154 10721 425 5146 7859 5491 11245 5416 3214 9046 12859 7290 5049 3438 2111 11948 12890 11080 853 12620 3477 6752 5724 10845 510 8127 7867 4822 9637 4379
433 8499 11824 4515 11131 1770 12084 12995 2222 4445 1987 11045 3383 6458 6860 11393 3012 5233 7377 6952 748 14014 2793 13631 11093 13195 5394 6904 2786 8296 11180 1221 4227 13757 916 4879 9548 13503 9506 13747 7498 11323 4132 4995 5327 4370 8817 6296 4155 2267 7707 10852 7036 6842 8317 7309 12096 9425 1793 4543 7992 6316 7239 11535 684 1100 3758 8245 3847 13086 2811 12429 9582 11080 1603 9148 14098 549 10691 5185 1363 10707 1813 8475 1600 3899 8801 8202 4954 12748 10550 9943 12853 3998 7336 11272 9736 11246 14040 4439 8125 7775 13542 1816 2728 13930 3336 1439 12549 9735 8916 5339 3597 11102 6493 3006 5005 12085 4233 8940 5663 3591 4529 6208 6695 12286 3797 2093 5418 4219 7922 4448 8927 6415 3322 13291 9995 7692 2031 12517 1376 9066 12421 9617 2509 6742 1560 3714 2015 2888 8436 2913 13261 14185 3009 10197 14100 4704 6958 4167 5348 8880 12493 6760 140 12790 4939 9910 11914 7178 6989 4720 11162 1773 9807 4572 13345 10485 7468 8346 1499 11792 11768 3035 332 6503 5029 7919 8616 9140 6642 6363 11827 984 12360 2480 8282 5402 1649 13259 13393
434 8789 2702 2023 1827 13482 3866 2584 901 5552 9913 11480 1221 9555 168 262 7752 1535 2823 280 2811 6323 7289 2608 1507 8368 8739 2139 11578 6994 9274 9674 11680 10136 9487 2729 10053 2568 7372 9744 5031 6130 8516 2548 6426 912 3328 779 2043 7410 5071 313 9548 9302 3433 13552 11403 10850 9308 9341 7405 7154 13458 8549 11075 1136 10439 3986 9413 11279 5296 13961 12788 10694 3180 4685 6205 11536 6216 12749 4936 6362 1677 13612 9027 310 3143 1287 5205 5026 6108 12051 3305 12836 2413 1628 12652 6052 1015 6750 12930 6660 4789 14118 1709 3446 12253 7625 12936 900 2886 11008 2272 3553 10809 2382 5422 6671 5882 11850 5745 4326 12021 13299 10949 9024 14154 5364 12020 9435 8229 13533 3875 9269 1084 12812 2695 6004 3800 8235 6069 7481 6497 1081 2187 4300 3385 13532 3729 12022 8998 5724 138 2450 12505 11841 5303 1207 3010 598 10896 5329 6249 6036 8391 1611 7641 10747 7346 9290 10839 13178 13463 1020 13254 12374 5432 7792 13248 5465 448 7266 10440 13266 249 1241 8966 2872 5709 1185 5872 7242 13602 10659 13259 4431 12417 3101 7980 10469 13320
435 8870 9823 14056 3420 9063 13403 941 1812 10039 4910 6678 3047 9866 4836 14168 5649 9730 3828 1860 7069 1359 9774 8752 4451 4367 4255 3249 1504 10983 7697 3157 13441 13123 4436 416 6046 7590 1244 12048 10991 11414 4092 7609 1665 13688 6670 2304 10392 5551 9825 13331 7035 10592 1221 5014 4619 2525 10236 4809 3127 6794 7504 14025 6106 10197 1399 8164 9751 13281 10571 6801 1909 7744 13692 5664 4741 13624 5042 11255 7622 11371 13483 2019 2329 2555 4624 9090 6052 1129 6951 4711 13894 8877 6458 10499 2132 10829 377 13404 8755 8327 2618 7670 13927 6297 2102 2048 9993 12379 5480 8589 2034 13071 14069 12584 10435 4414 3874 2079 5383 10090 13697 12582 7012 14052 13610 336 7718 4233 996 3411 9931 11652 10070 6950 3416 2956 2954 10675 5389 9210 10453 13940 82 8424 11559 12014 3164 1953 12484 3821 1013 5092 12489 7008 4563 4428 12733 2452 2446 88 8949 12581 8258 5617 9736 1578 5260 5030 4303 13382 8542 5789 1580 7139 160 10713 10222 5486 1490 1217 8198 3394 9917 8736 6381 2037 2711 12747 1437 3515 2198 9183 7882 8135 13016 7866 13514 13546 8898
436 1199 13567 11849 7263 7791 212 12316 10910 5676 2831 2167 2469 265 10359 12498 11616 8030 5869 7165 1725 6777 5117 10803 12382 10114 10073 958 10894 10217 3830 10166 8233 11572 6041 12001 2443 11273 4990 341 827 9780 7047 9490 12337 7402 11268 3556 12381 13580 11657 14082 3685 370 44 13496 8069 6960 10870 1990 2915 12423 186 10302 4092 13106 9947 11101 11064 10240 1572 4461 2535 13170 11465 12155 13090 8308 3131 12146 7250 14030 4984 12244 10116 8440 1150 4286 7433 3078 9022 5727 1794 5874 1142 12562 7210 13522 3636 6680 5564 2022 748 7579 8520 3888 1279 5840 4054 2431 6044 13540 2293 3601 10494 9093 13883 12366 14200 8307 10985 8928 2483 9056 2817 1377 1202 12493 9913 5545 13376 7451 9743 13276 7885 5658 11164 2978 7762 6483 4091 10544 1636 13290 10864 5315 9620 12523 5457 11186 1812 5791 2136 12640 3157 9319 10034 6956 10558 567 11830 13365 588 14061 13254 11105 3717 12699 3074 9393 10391 11066 7133 3259 13662 612 10720 6088 5085 13653 3095 4634 838 5265 1539 8170 8733 121 4895 3923 9823 6048 11855 5116 4861 5729 2241 8975 3707 1924 3800
437 2818 1434 935 7609 9977 5626 8077 7078 11747 13080 8235 10130 350 1935 11165 1218 4878 4277 11468 7990 6905 2589 4132 6208 14150 12766 2704 7206 14036 8573 6746 5810 9425 1095 11191 2092 12471 10765 2958 5311 7359 4405 13414 8778 1965 1108 6878 10011 10982 10395 8485 4729 5009 5862 2134 10616 48 8137 12774 7099 9706 11773 12690 12759 7181 8355 5000 13190 299 10988 2261 5597 491 1240 9814 11556 10256 6269 1567 5331 9749 2486 13969 4037 7648 6172 838 12733 5685 1808 11705 11610 6413 1679 356 10863 13158 1509 1560 3184 11280 9296 2274 12438 7919 4154 11006 9683 9818 4545 6935 10622 3889 13114 5973 6164 4212 5523 12071 2283 2919 7392 2788 6101 5107 487 4034 721 917 1288 10226 1788 13841 12727 5572 2095 12179 990 8806 1211 11511 13444 10260 2184 2685 1611 7087 10004 1518 9066 5998 11569 9874 6003 8010 12757 3926 8321 10893 11599 11391 6796 3993 8248 9648 5781 872 1831 1046 8934 482 4082 75 5562 9326 8054 569 8366 11740 10470 1311 9743 2309 465 3548 634 1043 11785 6766 5604 5970 10779 2731 11009 11220 6025 4739 757 11849 2145
438 8878 11870 5210 1613 10708 6621 5146 12512 5608 8311 697 8765 2329 12786 6286 9817 296 522 13718 5404 4020 5597 5813 5897 7611 2866 9466 6852 4123 11609 9170 2313 7531 10907 14182 5720 10036 12247 541 2808 8612 8645 13046 10371 7883 9035 3953 10328 13692 8671 4226 13863 6911 9883 12219 2372 4521 8804 3860 8256 12072 2197 1131 14120 7850 5870 2184 13918 5376 12188 9528 235 12752 8019 13309 11017 2821 13250 6094 9128 628 13970 2683 9144 6503 11600 9279 2869 6041 2422 12758 7179 5990 2910 2928 9673 13761 4918 7489 11364 1618 5596 948 6743 35 7132 6425 9154 901 11636 8906 7433 3955 8994 12186 6270 13723 2988 11988 3633 10481 9954 4975 3937 12177 6413 4570 11055 14046 9696 1717 4058 3152 13179 11776 3498 10022 7243 3066 3961 7829 12419 762 7561 8564 1851 6686 14047 6335 8812 10553 9316 308 13615 2036 9132 3075 1500 9746 3362 12351 9201 6477 12523 2140 3309 4998 3954 12454 6416 8055 10915 6180 288 6182 968 12764 10706 3714 1326 2074 603 1383 4035 10820 4128 5577 6566 12879 9631 11628 10533 7747 3631 2749 11597 4080 1898 8399 13530
439 1293 5130 4586 6543 110 12522 3008 965 1959 13737 13360 12658 6392 6411 4958 14162 8167 10635 10501 767 3838 10753 1645 5491 4055 3187 3039 9719 954 2022 2772 1224 12722 1079 6389 841 6530 3721 7414 10571 12958 1375 9316 1120 7172 8869 11889 9255 12746 3148 18 10043 12773 7781 13107 8707 5935 10624 1770 8336 7423 6718 4274 2840 5153 3740 6449 542 5253 9820 1997 6953 4764 8291 4802 4502 4530 8758 1340 2826 989 2389 13591 3549 13806 976 2027 2631 9583 3516 3220 12758 4071 7280 10648 5081 11944 7046 6673 10930 7750 9700 8179 10834 4909 4166 7551 1134 8434 9189 10743 8893 2678 1904 13225 4621 1236 6134 8843 12782 5497 6194 175 5632 5164 13907 6031 4943 1550 5566 13946 301 13312 2692 13043 8146 4566 1825 13150 2911 7196 1793 4813 1457 9747 2159 4808 7751 684 7362 5992 12379 4580 7244 12473 13675 8311 1154 4052 987 11010 6916 4308 2061 3659 1787 8254 9581 7286 1157 7531 5764 12956 5417 390 10369 11569 8876 6599 14131 7858 3158 1277 5494 7513 9457 337 3345 10222 13978 1704 13511 2021 967 2079 3421 13193 4850 13576 8108
440 1055 11865 9336 14055 3986 7492 10768 11616 13346 9410 7095 4619 5502 11469 9569 4364 7198 10653 5963 7537 4540 14017 9754 1360 13160 10178 6971 714 10365 2287 10383 9627 13226 3371 14062 6907 12506 8522 2369 1075 11845 10535 8364 9574 70 2831 13566 12764 9689 470 1225 4427 5567 1416 1018 3668 6046 8894 1849 8792 11781 11763 8960 5928 10581 7044 13791 6501 5819 7218 6270 1832 6969 12712 330 11283 11369 7671 8285 13951 11936 11891 11293 4099 11901 586 5128 4532 1635 9129 4584 12808 3618 5419 7356 6863 5984 10208 10137 5163 8043 6059 7993 10140 6128 9983 8276 7008 7680 8621 948 5932 8314 4753 4016 7424 10856 10481 240 2683 3749 13928 9437 13567 8687 10106 3487 12620 4365 5691 8191 7055 11024 13446 12791 5203 4435 5453 6433 3577 14043 7159 7426 13120 13546 11484 6625 797 6878 4497 12131 8652 9039 4755 89 1380 2795 9298 58 5396 2336 11860 9682 10967 636 13124 2298 12300 50 9511 9104 14075 13006 8195 8067 8111 1458 5765 11981 12585 4895 96 7178 2140 13844 4376 9346 13842 8565 6564 79 13022 8937 6614 13873 3659 6026 6203 13984 10778
441 7784 2293 3734 8177 7813 10440 4402 9254 2230 4371 2508 7413 12680 8880 1532 8846 13903 10218 4335 9364 5685 3656 2902 7047 10653 10443 5937 4595 3867 611 7115 5079 10980 9197 394 225 3422 1827 1907 5992 9755 11508 10524 12050 11135 4834 1296 13434 5778 2566 8077 3389 3520 12638 3652 6264 11249 10616 7657 10403 3381 9173 8642 3189 1839 11192 6750 10724 4626 10055 11590 12211 11704 12530 768 54 356 10277 3499 6279 3763 3226 10643 2721 1713 1802 2008 4801 13587 5619 6004 10886 10917 5726 2365 236 2899 121 2809 4317 13251 8260 7310 5443 12912 7005 8279 6327 10619 13838 1059 11726 10031 9384 12434 7655 8629 14038 6430 11857 12657 2591 2210 3467 1626 9726 11688 9393 1988 4877 9774 8250 2036 12739 11052 11701 5754 211 1605 8502 7521 5326 12938 9850 1110 1268 4512 13817 13593 11305 13170 1958 8864 4184 5701 10993 2477 1916 6587 1049 659 10298 6619 4677 11426 9981 954 7279 9422 369 10210 6082 212 860 4180 3412 12569 1439 13243 10706 1337 13465 3003 2749 10097 11584 6460 7758 13062 9543 10615 11923 8894 3989 11351 4272 4088 3624 2751 13891
442 706 82 11498 5753 6635 14089 6945 3975 11474 12278 301 13371 659 10555 1185 8680 7001 8519 5176 9469 11910 12660 12441 3511 12508 12409 3355 13858 11332 2889 578 1801 4648 10116 1370 4016 5233 6718 3378 404 9509 5231 8731 7620 9640 5020 1778 3100 13084 5999 676 3706 1578 12273 12832 13434 10901 1140 6698 8701 4275 10994 14118 2135 5362 11354 5498 7873 13614 9287 12828 10882 5515 9713 10390 8442 7847 12149 10543 2337 9449 10175 5202 912 8423 7750 13059 447 558 2837 5886 9954 10857 10577 2878 1052 5063 12929 5758 8418 11935 1519 10086 2982 10130 1092 1153 2734 6490 9 13205 9119 10844 1702 6797 14085 2276 5078 7476 12389 11471 7511 3204 11817 308 13758 2552 5482 10758 10663 4963 4370 11350 4227 8833 12866 10233 8364 2388 2257 11585 13117 11855 6672 11698 11162 5248 12314 2074 2274 3143 1225 4917 3326 2048 3946 12139 10571 11727 783 11863 5139 11110 5663 8452 12018 12802 5938 9503 13358 1169 6204 10725 8584 8880 12101 10693 13219 2504 7471 2198 8614 3425 13408 6434 2236 2166 13027 12362 5508 1776 4364 1383 2086 7474 3402 12211 1676 4712 7426
443 436 11238 6069 2510 9926 720 9157 12065 13416 14041 12094 4986 4567 3239 4535 3334 8552 13417 5343 4966 3372 9426 14 9143 10122 13544 1112 1640 9302 8718 2804 1005 6333 10828 9943 4013 4320 9062 10302 3150 7054 9000 1561 3320 12536 2579 1219 9050 11436 5707 10273 13316 10208 10887 3026 6968 1439 5227 6085 12009 5780 3711 313 13166 5346 4904 558 10985 13516 13161 10370 1861 11230 12668 9364 8609 14201 4439 10200 4494 2408 1119 557 5863 882 2574 13526 11629 1117 5585 4204 4168 312 2331 10347 12121 11894 6654 8597 12972 11930 4775 1080 7100 7421 7407 5671 4053 1480 13579 4750 3558 1780 1908 178 3945 7194 10767 2216 13255 3538 4957 7058 994 8889 13260 13236 9811 11908 7955 9847 11728 3703 1169 11084 1940 432 9049 12037 13182 5000 3888 2936 13868 10813 8354 4580 4273 7465 7313 981 5161 4786 488 9570 1630 7619 13171 5876 8297 11339 1996 5874 5077 3840 2785 13607 9714 13333 7533 4210 6580 6908 12190 9706 7216 12833 8271 5925 4549 3649 4748 4546 5998 6154 13639 1936 12609 2861 9352 9406 1361 907 5560 11324 8657 12111 5207 7155 14014
444 1978 11844 10032 8899 3260 7137 8926 10555 13039 11514 4219 7219 561 6386 8757 4522 3752 6200 2645 5986 12164 2163 6509 4607 799 6540 1032 10886 13847 13683 13743 12768 1083 7638 6494 12816 5568 11759 189 9712 14093 7987 6008 1992 7413 8878 11751 601 10411 2953 12889 3944 4907 8396 3981 5199 4815 6899 2525 8683 8861 905 3482 5623 8968 4405 10725 5206 9599 3912 3149 2190 10052 4890 10404 14018 9588 1600 264 13854 2769 195 4022 6130 7024 6339 10218 3832 7118 1511 4012 1224 5606 2224 8481 10099 334 4101 10519 10608 6375 5944 1237 4445 409 12011 3653 12635 3488 6446 8016 8050 14072 1400 14154 8469 8336 6372 13659 3404 5740 452 8712 11618 3533 6590 8057 12062 12065 1613 11317 985 10581 7999 4795 13031 4158 914 9760 7108 5121 1386 8660 10957 12081 6994 10686 8850 10691 13588 3020 8609 14100 9485 4849 7834 662 5421 12076 8768 11497 7385 4163 12507 5030 9002 12463 7174 9930 9635 7964 4041 565 1498 7376 3403 7338 11405 1847 9117 4983 13706 12064 932 8696 6118 13077 5590 11567 13235 10186 1343 10033 10204 9199 9383 1044 440 13849 11067
445 1916 865 6876 7857 7462 12028 10013 5111 9085 11834 12939 13599 3597 11209 3315 11152 14086 6047 12411 13669 10225 4963 6608 5123 1625 2255 12495 7580 8237 13249 2242 3558 10467 1019 11642 3843 14035 2596 10117 10006 2027 4644 13268 13776 4344 12260 7188 12891 4593 8303 10317 12784 11733 9477 12193 10155 11104 3005 5879 9190 13003 1182 12800 13655 10371 1723 4959 12695 6965 1841 5274 4174 11844 3008 6112 8193 328 13455 7059 8651 4228 8891 9609 7031 6593 14103 1166 3209 12057 873 6261 1973 3001 6436 5080 4514 5931 2904 8119 5046 12120 11316 2243 6097 13359 3482 938 6349 978 3289 3764 12469 11899 9442 4275 6596 11530 7638 8597 8086 12026 13850 3454 221 654 10958 13542 11121 14159 13297 10687 4027 2902 5737 10306 12308 935 952 13952 7951 13313 11512 11715 13202 7371 1474 13333 7604 4452 8683 733 6917 1811 5888 534 5978 13526 13197 89 1551 12857 12548 6831 7671 7238 373 13885 1749 3340 3064 13113 11433 9779 13840 3459 13913 11190 1436 3041 7487 11805 4095 11086 13185 13863 11680 1675 4477 11799 4153 3365 10710 9909 3856 7131 2219 4017 8401 10579 10963
446 770 3945 10727 7050 2132 9045 6743 4178 514 7085 6455 11205 5491 3062 4383 11594 14151 6209 10988 5196 6670 5266 11705 11458 9059 6781 300 8039 769 8482 7445 13343 2280 13556 10261 13403 7884 6526 4606 22 3821 12233 2325 5741 6028 12039 106 7506 13037 6556 3998 14152 4818 5686 4924 13363 5659 7987 3431 9856 9882 12564 1634 8368 12402 4294 13495 14081 1414 6129 6592 10786 6127 5690 3010 2724 8476 3449 13265 1369 11616 5137 1799 12369 1031 8329 3295 9839 7566 11137 13306 9923 7750 3654 10050 7974 339 12625 5724 7477 3771 3369 4169 3964 4524 1938 8272 4320 13771 4558 13907 13364 56 5537 2039 12818 537 14158 12767 11474 3630 2126 11298 11783 14029 372 9650 1923 12380 10072 1882 13595 8786 1444 11032 5860 6408 12683 5770 2138 2491 11167 12497 3187 2646 12410 654 11580 8658 1208 782 9968 5372 1736 5718 5979 2941 12285 10900 7729 8692 6906 10101 12199 9444 4988 7587 6387 12685 9203 13869 10519 6963 1314 8138 2322 3346 13749 11517 5145 9712 8820 4798 2852 9539 129 5823 6429 4340 11583 12712 2749 62 11842 13456 8321 5417 10942 10197 13381
447 2229 8330 234 6232 11765 1430 10219 13875 10773 6621 9326 8049 12192 429 1911 10639 13374 4797 11086 11316 9850 13362 13171 9373 2917 10646 7310 13414 14032 5782 13 11631 12024 14170 7161 6145 9181 12777 12233 8924 2474 10548 5161 2117 210 10913 11865 12203 2834 11889 10702 11597 769 12503 6772 12962 4630 3875 3346 3973 7114 1715 994 5143 3816 10831 683 10588 4940 6784 6167 13386 9178 6829 909 10704 5953 11256 11028 1761 3830 6633 12477 10044 4903 8967 10436 7306 1770 14045 7860 111 9275 10237 14187 117 9393 14009 1617 6936 4415 11999 1655 9506 8318 10296 3880 6208 2548 9772 10045 762 12905 3055 504 9504 6471 13718 10401 5511 13329 4881 2040 5193 13793 10999 7762 13855 9520 4245 6763 7031 3451 5781 8092 527 2590 10884 1145 13198 7521 10494 7490 459 4540 9418 2691 3004 9141 8432 347 3148 13158 7024 12465 13104 13873 10246 8525 3986 9414 733 2820 4899 13751 2406 4990 5259 2471 3380 12502 6639 9536 11919 8214 2266 10666 9831 2436 10869 5793 10830 2228 3139 7240 4547 12267 4199 4103 6233 4747 989 652 5424 4716 6977 4181 9016 10961 10824
448 534 7634 13062 10138 4021 7247 13205 5552 3833 6623 5557 720 8530 6257 10099 13637 7027 6717 12318 10513 12967 11509 2273 8377 10122 14122 3049 12867 12026 11147 13046 9220 5160 941 1929 1259 12303 7605 12401 14107 7802 12339 13653 7541 4778 11832 2098 2444 10483 13904 4758 9949 4334 1721 13752 2136 8872 3797 10982 3957 5701 1735 12896 4499 2593 1288 11044 13053 3068 5468 13417 9410 13877 5833 3054 11688 11080 13853 3909 631 5444 10038 9333 5477 3601 7142 10125 6815 5041 11096 9262 7504 11899 12755 11304 12260 1351 2274 11101 13925 2787 11323 4039 14099 911 8968 4527 8500 2037 1485 1454 2693 6245 2609 10387 2557 343 13596 12209 11743 7967 13245 6502 6146 2181 4576 12991 1789 6858 11504 5416 14158 280 8082 8395 6997 3405 13354 583 10789 7653 12240 6227 235 2020 3078 2087 8934 2461 10974 7264 11099 13403 11886 10211 6341 9038 11814 1366 7789 6926 9850 1439 11478 13463 9019 10811 12801 9685 13480 3882 10666 938 1972 8737 10070 13538 6159 11333 4867 11350 6786 3892 9803 806 492 13517 13854 4721 188 8088 4198 480 8338 10621 7992 5639 7270 3336 9081
449 1653 833 12104 3004 10949 2716 101 1041 2501 6517 5515 3656 5324 13647 3238 13709 10979 3492 2211 7335 1697 3426 12672 2323 5306 10566 9542 9262 3088 2371 8030 11583 1164 12414 3764 8999 1777 11998 3012 7104 3290 7815 4780 6046 4956 2945 11462 5728 1319 3996 284 1350 10478 8098 10371 2759 5627 6756 7196 13385 1309 6296 376 15 2732 12846 2183 9397 3044 150 14123 11257 409 3686 6282 12487 2060 5919 5764 104 7468 12107 2069 1853 3823 5568 13871 11862 13718 1898 13916 8115 10897 14131 5595 13485 981 10767 4668 14171 8354 13242 10464 2375 3331 11217 10176 1296 9614 4028 11210 4571 8571 4774 3267 9057 9172 5062 2307 1671 7530 4124 5951 12278 337 11893 6541 9973 3223 4112 7301 12399 12839 5646 5867 2440 9221 6260 9281 232 3629 11445 9919 6786 8707 10553 13943 11541 2646 11762 4305 553 2586 4407 10638 7453 11547 13076 8267 406 8289 404 9689 8751 4537 6329 6423 8152 6788 13584 11164 1291 5404 12927 5081 8905 5222 11221 3904 8652 11054 1959 7925 4886 12254 12477 2498 6372 740 13556 12988 14178 13282 10945 119 3512 7211 10951 3881 7907
450 7915 5185 5652 4768 8849 5502 1226 13711 7234 5870 2373 12213 3637 12339 3134 13706 8235 12390 2730 5511 12102 7723 13691 11312 8708 13934 9992 2728 11589 5892 7031 11086 3058 2557 5195 3469 5317 4183 2485 3276 6444 4360 10004 4787 7178 13911 2289 14059 3708 6370 9846 6697 2600 13852 9295 12475 13863 7616 12857 10807 3697 9755 6734 2950 14176 10729 10435 518 12091 10269 1470 1798 2755 3767 4652 13604 8780 1712 6023 4412 8186 2228 2213 2598 3551 5850 6407 1288 7976 3867 4894 1565 9342 11322 7205 5010 13226 14192 10950 6165 10101 6547 11418 11392 12477 13567 10217 7443 13263 12556 5004 6669 7769 11282 2050 4616 3092 1191 7812 9872 3671 2986 5230 5902 11535 11620 9686 10034 6593 11452 13385 917 1109 2096 11766 2181 7634 12282 3657 4400 1885 12191 7374 14067 7734 14088 3799 8651 5294 2184 12204 11886 10527 2278 6640 9328 5980 1923 4113 10737 13239 3011 6482 13513 7362 12868 1550 10396 10735 3991 7334 3741 4250 2222 3432 10918 8196 9766 8487 3094 2259 2762 6003 779 6934 10623 9421 10379 11547 6999 12183 2257 10544 1571 2215 5523 777 4381 11434 4640
451 608 4486 12743 11193 4435 13142 2047 281 7375 10170 803 6439 9975 4050 10509 4552 6372 8688 13176 6395 6837 7614 9619 4760 12217 1767 12681 372 10521 4289 5427 8836 13587 5007 4939 8325 5343 8124 3358 5941 4639 8072 1620 7175 6895 9418 10651 3973 12093 6787 12931 12222 11117 7772 3895 1816 8682 12190 9986 2236 11200 8512 2438 11905 4471 8580 12706 3522 1991 10312 8597 7570 6532 1224 6860 191 458 1845 7078 371 5152 6582 7502 2295 12979 48 13216 10747 7411 1085 3927 2061 9020 4786 12699 11021 1026 10262 448 4545 7020 6641 10464 1164 1315 11052 7650 9428 6748 656 7651 13510 2561 7214 9991 7195 13121 8278 3451 8033 2224 12889 1790 430 7377 11227 872 4557 5428 1870 11400 479 8722 3566 13373 4636 8111 10126 7775 12724 4792 1809 4745 11641 81 6317 7658 5718 8641 2007 744 3449 4916 4223 2362 1334 8958 7403 7238 7265 5959 12831 7213 800 9591 14152 12561 2225 2865 5076 11779 5930 4339 8754 323 10823 3868 13083 5783 5479 11070 9732 13723 13987 12042 10640 11020 5641 3942 10572 8145 13092 833 6989 13932 275 8740 10618 13506 2512
452 3474 5096 13393 2179 4893 12835 11361 9097 10361 10681 12344 1642 432 13402 8579 7336 3689 1712 7110 3038 12755 13060 9311 684 976 7775 5496 8110 8926 12107 3387 11757 10699 671 6057 13631 7750 3549 13794 7065 6558 4653 10778 3252 3249 11765 1391 3993 7569 11225 13089 4992 11326 10168 10568 3875 4671 7511 10666 13916 13306 12779 3245 7961 9201 7006 5729 7985 5954 6111 3994 10040 2838 5319 13167 9833 7514 5585 2686 7916 8327 3442 5065 11217 3073 299 13574 9129 13968 6745 9589 6526 11711 1122 7587 12274 13315 7378 9517 4730 11254 10726 10477 1855 11292 13767 12222 3375 1538 9209 2283 10758 6978 10864 5385 6083 73 12337 4317 6177 1241 8486 3064 1242 13783 13253 10892 26 10882 10079 3698 12639 3294 5024 5098 4129 14095 8610 12484 3909 3660 8572 4267 230 3186 13061 1787 221 9668 5943 9562 7755 8403 8229 13701 8704 7326 4285 9690 9548 890 11170 10817 1978 13890 2184 9509 4637 5084 7913 10946 2867 9383 4196 8171 12956 1191 3573 2366 11389 2658 3193 4901 12479 12615 3569 2703 1842 1048 13913 14088 6351 1442 12759 192 12159 13010 11 11844 726
453 3867 9568 2796 7482 260 1113 4897 13095 9059 298 8370 10992 1638 11478 10808 2599 11893 9693 10221 6661 9090 13746 793 5598 11259 12046 6426 7974 11203 428 9509 4510 4203 1301 11607 258 8593 3790 5315 11544 6200 3795 832 7921 13243 3889 1219 6265 10384 217 6525 1715 10208 3212 568 6755 8834 9123 2996 12260 6348 7791 5526 1907 9553 3154 3535 5628 2370 9030 6071 1438 9765 3764 3254 307 13594 11520 3954 10091 8662 3157 10065 3895 6092 10016 6007 325 8704 396 449 10640 3444 6232 5188 10612 1776 3091 3948 9885 11797 10509 10990 900 4160 3769 3634 8287 14134 1955 6833 8954 11731 2168 3701 739 8873 2716 8576 3028 9149 2960 756 7831 10090 9475 11661 797 12675 7997 3922 3979 10299 5366 5214 3148 4147 3026 14002 1810 7290 4441 5083 3724 7345 3468 603 2766 13495 10020 11290 2921 5474 14092 6742 1515 8053 12616 2495 8419 3420 7724 5696 3609 2023 2156 6821 3517 7487 6267 7091 11792 5851 9420 9385 1115 11492 2652 11598 6048 3295 9683 11063 9122 3815 761 1237 533 10062 1166 9137 983 10647 2258 9759 2439 7273 168 13699 1406
454 1856 13362 13170 1716 2015 11584 3863 608 11601 1044 4950 13531 5602 1212 6157 13524 3526 11323 5088 7047 5538 9135 1249 5211 9933 2685 2281 585 9405 5421 3795 11757 13228 12879 789 6220 2572 12700 5733 11041 1191 10976 13815 2715 9877 2233 4286 11987 13417 12254 985 1468 576 11805 12966 6039 13949 12232 4464 6131 12744 8138 7367 12399 38 10228 175 3759 5425 2417 9994 202 10620 9118 12486 621 1695 8262 8523 2623 6115 5570 1820 4890 13327 9576 11996 6382 10629 7769 6152 1133 10301 13364 5788 12434 13456 7343 10933 13120 12120 1418 8118 1955 7093 4708 6449 12835 12498 3343 6703 9955 10123 1179 5793 2061 9556 3686 8976 3213 1000 13621 9154 3089 11377 12607 1387 3864 3075 10687 7693 6751 10256 14077 7939 248 12430 2699 8283 1705 6539 6108 7694 13700 7601 3031 6745 84 9835 2510 1572 9317 4598 12871 2360 10274 922 9075 8266 7221 4618 1826 9007 10430 13686 11710 2058 9464 1911 3350 13701 254 12790 10559 2973 12089 5676 12957 146 13521 2674 6647 7478 5265 4234 11961 868 13191 3277 2961 4564 3808 11776 7582 716 4825 12097 1645 3367 11447
455 489 3641 3810 13738 909 11592 9781 11938 2473 1368 5749 10861 1188 12638 4439 11500 12080 3323 3969 7091 8564 7710 557 3529 8835 11194 5349 13856 4881 13246 3561 10471 3772 1453 12475 6717 9351 9008 13436 9757 12560 13036 7140 2408 9356 8316 13831 2949 6287 2466 3162 106 5650 5292 4043 2806 12679 7695 1567 2940 5983 14092 9924 7578 1137 6877 12191 11811 14173 2585 2310 4818 2778 13744 5376 5713 13275 9755 10501 7233 12013 896 4944 2759 6876 14043 12579 4948 7764 12181 10698 339 371 5984 2364 6719 701 5238 12883 6813 5101 10268 3889 2020 4448 1032 12342 13658 11515 8331 1351 8951 767 11237 11660 6533 10710 6269 2781 9330 9505 13386 1720 9499 3453 74 2388 8949 512 7132 1780 11896 1955 6016 8687 3321 11799 2567 5685 8567 7359 5307 13511 5656 6507 11902 4417 12842 7198 6911 5575 480 295 9310 6828 725 9599 1540 4889 9642 8358 13912 10844 13409 12007 13557 1070 4350 5203 6259 6961 196 6921 12690 10518 3235 6227 300 6393 11888 3215 3616 7530 5047 392 12801 12427 1036 10234 458 587 8492 8721 8474 570 9343 12238 6350 3954 5293
456 1336 10349 593 12339 9882 4458 9760 9190 89 2002 13168 14014 11731 13959 1275 4964 1731 13255 8339 11642 107 10263 6361 3210 4189 1982 7865 4080 11127 6786 7707 12177 10188 1264 13124 6212 7116 6672 8542 13573 3229 6013 1679 12397 11914 12963 7083 7297 11938 2192 3717 5327 3371 7035 2062 3546 3339 6814 14039 1023 13220 14025 12425 13604 962 1555 359 9616 10661 3851 8487 11024 5633 11151 10904 712 1438 268 10679 3923 512 5122 2373 303 3601 4927 9842 2955 8301 12928 11101 14138 10946 3570 11671 12679 9662 6179 11635 11302 8796 5631 9058 13821 5139 12314 13281 3233 1883 8600 2836 12792 7621 2819 7317 936 9246 12148 14164 7194 10957 6553 9676 178 270 2856 9791 8036 3635 11137 5609 11414 6875 3260 3457 5654 7223 13806 11365 3922 7673 264 3218 4024 2987 5628 11170 8866 3723 4755 9226 6776 12466 6787 10257 12259 7084 1980 6229 5277 1467 12969 8689 12978 4396 12772 14156 147 11372 7583 3662 3972 8300 2993 2632 1725 12736 8572 12676 10494 11115 9473 263 4518 7524 3636 1908 986 5704 5054 12286 10667 9448 13860 10838 14079 14061 8754 7547 5559
457 911 10886 8759 864 6098 13486 6609 11955 10440 4455 11772 11364 4470 4402 14082 7306 8289 10045 11976 4992 14029 11602 3774 1114 5989 3923 13707 9727 6733 10334 6196 12733 2313 10859 13724 13302 13711 12144 7302 12230 7220 4896 4303 2069 3084 12663 9348 7867 12916 6049 12871 6685 11147 13631 5718 607 2927 6683 2260 3759 3182 3054 8322 13283 11584 9354 3798 5207 7036 4247 6902 8939 10978 13183 3336 1387 5918 7570 432 13908 11594 6012 13049 6236 8534 7181 11348 10518 2125 5217 13061 12044 5941 13327 10604 1057 7588 12431 7881 155 4533 12959 6263 1111 3820 5084 5231 7080 10570 8646 5868 9555 8906 6253 162 8922 9336 8236 1139 4108 220 11538 7305 8084 4794 6435 7651 11780 6774 2950 3983 11022 13082 13972 7859 9835 10634 6707 13817 3271 12615 1290 10908 7618 3267 13336 4648 3917 8231 5903 7869 4370 2459 13014 5556 446 9487 7359 8547 8818 7423 2310 3573 8082 5208 13547 13424 4974 3237 5539 11245 5926 9774 9334 1768 4827 4554 3029 1792 3497 34 7602 12612 1432 12008 1537 6541 9438 1705 2822 10620 4667 9812 7690 109 10346 2306 1486 9928 5223
458 69 6179 2952 568 13259 12253 11036 4930 9241 6106 13265 5856 10580 2802 10876 12008 12005 7922 12438 8114 10117 12994 1109 10356 9429 9198 497 143 2894 11025 3349 13819 5874 6122 10185 1672 12681 3352 2260 2232 7158 8529 6314 10000 3350 8284 8235 13293 8880 5162 6048 12458 13138 4367 731 6494 7248 6196 13686 10764 12126 10373 10289 3085 4215 2241 7130 1537 12935 1169 11000 10835 4803 10240 2075 10871 13413 5532 12230 5713 6792 6748 8979 5106 7329 3 605 4265 11879 3791 6008 11369 4143 10821 11797 7313 4426 4012 11292 989 11840 5574 9827 14054 7483 5853 1481 10800 11631 4980 4493 6105 13758 12234 7358 8402 5796 11476 12275 601 5496 5518 7345 7878 11965 11363 1597 6938 3769 10532 1203 7980 7017 10369 6893 9706 9398 4615 9074 6410 9468 7805 12786 1617 5484 7413 7905 13358 9608 11384 12602 6485 10074 9237 5285 5981 6356 291 9915 5239 2049 4537 9277 11502 10130 1846 1639 2465 13939 5127 5569 4329 13453 9394 1760 9634 12519 3461 7436 14201 990 1479 10432 7257 2304 2768 4146 1052 9378 13631 3826 6686 846 7582 1924 5003 4101 3845 6740 5080
459 303 13811 2837 2705 7691 6463 8315 169 10162 10782 13244 13162 11127 13132 11520 12677 13513 966 2588 7904 6255 9863 3612 2166 5784 6794 3968 4529 1580 5729 10380 7234 4545 3161 1419 2669 3328 10659 13109 577 2248 5626 11074 13557 14098 3339 7997 11600 2808 12739 13814 2053 10598 5481 8553 2375 1852 10173 11215 2059 13561 7545 2686 9977 12870 13648 5254 10246 1981 2230 4322 4260 13135 1091 10172 9910 7038 4129 8822 11168 8019 8953 6530 9436 5323 13836 11673 7119 3447 1237 853 2839 12602 6988 7144 9753 12080 2501 12885 4426 11097 11436 12854 898 7920 4828 40 532 14059 877 451 9455 7503 5625 308 12640 3247 12186 1740 4231 7456 1002 9181 8733 11219 777 10051 883 7031 2926 11467 5714 11942 7461 9156 6454 3117 6478 2318 12510 7885 13529 8450 8805 8698 2965 10013 12090 4070 11237 9842 11849 11800 12254 4444 13636 6227 3279 616 3796 6443 4919 14201 10756 6433 10641 13151 2010 2602 11299 220 3923 1898 3579 8147 8158 7682 5827 3959 7394 13101 6007 4229 5054 14162 9819 4590 2563 7646 10295 10101 13213 9120 11694 12175 2959 6851 1769 5341 5292
460 741 8127 13750 13337 12602 13489 7879 10964 9033 12989 11915 2100 9725 12961 7787 11985 9473 12222 7552 13408 3434 832 7092 7739 9469 1650 13185 13343 2192 8286 7611 12395 3437 914 9371 8463 6691 2437 7817 12601 2139 274 57 4548 4511 11254 9731 6325 372 11545 7294 7675 5770 6869 4173 773 5137 5167 2773 2569 9462 2611 9972 4532 1281 5492 10223 11953 10548 8958 9957 10954 12802 6065 11519 11672 2071 1543 3707 2026 13050 4800 2596 12973 9800 3494 10830 4674 596 124 12814 940 6412 7974 5425 7843 1888 3546 2410 10329 12283 12067 77 13458 13991 6980 6801 4322 12751 11524 14055 5532 11896 11483 11924 1611 7443 7655 8232 9918 2706 14100 7007 10237 5715 1910 4830 3633 13960 13044 6946 7311 1716 11232 11743 14051 1328 12171 3258 5383 12964 965 2334 3189 11918 13214 9963 9661 11817 1419 12168 4860 13205 4539 4256 6318 12530 3891 9061 3182 8304 12852 6034 518 9521 715 14147 3415 2990 2763 9177 10999 1324 8833 10346 1229 4904 192 14123 4541 4907 8142 11398 5054 2977 11192 5773 3508 8381 13968 2696 9638 6608 3087 2368 12229 3400 6161 13410 12687
461 1985 6878 900 1921 13801 2145 3377 1281 7780 10133 6637 10594 4473 4808 4326 2246 10291 8147 5897 12925 2553 7255 10949 8566 7166 894 1626 391 10624 10623 12827 2242 5259 5949 1609 13281 7325 12950 6574 11248 678 248 9046 4945 9319 12839 6684 51 11584 7518 4768 11436 5086 9570 3466 9310 878 845 3573 6495 10975 12224 2237 11839 7289 7710 2996 7532 1295 1526 2200 8229 11588 2848 5785 14041 3954 2500 3868 7062 9362 2722 11307 12806 2906 13262 9111 13568 6321 14210 4252 13010 8219 541 8170 2227 10558 4559 6118 2907 11041 124 4478 7931 8022 9129 10874 2331 12592 2806 6103 5102 3071 12762 6426 4230 14109 5997 1753 3000 6400 14127 7193 11188 3035 9353 8050 677 13760 5965 10107 5539 9504 11929 7656 2016 9136 4938 6884 2609 1543 12131 10177 12580 3452 9693 7787 12923 9442 8501 9361 348 2383 9492 4552 7086 4780 9373 9155 10219 10692 3922 6892 911 5733 7100 6738 7332 1039 1239 8961 893 1737 847 4748 13295 13008 7821 12968 6166 2937 11678 10903 12532 8647 7654 5755 3702 1291 1407 681 8934 4491 5439 12662 7074 4001 5685 2957 4721
462 478 5676 5785 8289 1901 4633 1088 437 12657 14134 162 13264 9571 6108 11216 322 7069 6050 1427 4304 7292 7522 9543 7395 1538 8810 8051 7054 7836 3327 13067 1279 12486 7071 7143 1529 260 5843 9882 5263 2568 8639 1291 4586 13037 11250 13908 5304 10337 9573 13435 7704 10994 8781 493 5590 1999 13104 13351 8581 8960 6624 6891 4851 11205 8677 10331 10909 9042 474 5865 9248 10153 1010 5474 1548 3035 182 1493 10236 2470 371 4608 9956 409 335 5369 11800 6275 13245 3163 5011 11518 5038 8349 2804 1302 10676 5330 2531 9750 11055 6399 4301 13381 13728 12947 5649 308 2650 6695 8680 10362 14114 14072 6393 5153 8047 6418 1364 2673 4364 1253 13777 14155 5297 982 14189 4789 9592 6409 3028 11552 4770 6653 3892 6265 7935 10071 181 7805 12431 1631 3033 7161 3514 9939 12987 2191 7334 5722 3552 7269 10664 13754 10599 8412 5076 12992 5084 12515 7865 4400 4578 2345 7396 10063 1333 6091 13964 2884 445 9670 9478 10925 3553 3418 14158 11734 2596 328 1863 7530 5481 6732 7347 2558 7027 8056 1695 13203 8273 12490 9916 3087 11323 7414 7518 43 596
463 5469 3072 12924 5388 8736 4072 3660 13896 7720 7418 13276 7493 7704 10424 3581 6839 10456 757 4225 13854 4278 10690 563 3437 1100 5197 12968 11843 724 3489 2328 11949 8700 9466 11342 6274 6969 9452 2944 3986 5042 11240 7578 12556 7042 2385 10504 11627 3847 1057 2371 8979 308 2984 10272 14137 7040 9293 2410 11688 11061 4806 14012 12433 1938 8094 2291 13626 1664 1696 9835 3473 8415 8351 12656 468 678 37 10214 188 5111 9471 13720 12618 10028 11252 7553 1808 5275 6116 4953 1728 10127 10181 4196 2098 1384 11050 2068 937 11092 14189 11317 4347 5148 11490 5976 10510 179 3691 7892 13865 11136 2147 8940 8348 4902 13478 9888 2645 661 1154 8735 4665 12111 10360 9653 7230 4712 4898 7956 648 1612 12334 720 2001 4529 5366 5029 1342 10868 4198 708 3256 7030 12417 5103 13858 12586 4215 11249 1878 8855 5682 7083 6324 11945 13963 2135 5270 11669 4553 7987 3944 10427 11849 5500 2013 6581 2882 4630 5104 12036 10077 3235 162 14207 14159 33 6420 2370 11847 6213 6042 3076 10277 13680 3605 6805 7190 6500 9212 2880 7474 7688 8477 1895 4545 11391 4254
464 8958 7116 246 4083 7791 5298 11925 7818 10360 12695 6871 5006 7511 9522 2486 1321 12493 12749 10667 2831 167 2837 2910 13828 9145 9990 10068 9028 11946 8993 11623 10127 5169 7993 6293 7895 11438 13544 1844 6665 9061 1945 9731 94 12262 4222 1772 12889 8434 3617 9224 4948 13198 6532 7145 884 10186 10333 2447 8820 760 3069 10719 6205 13913 10086 10730 14018 9386 11746 7208 367 11396 1900 4479 12915 4735 2689 10432 13872 5633 12612 3018 11554 13834 18 1745 13268 1692 8934 9525 1118 2199 1796 6459 13058 9022 12598 4590 13953 11073 12787 13021 4043 11461 1428 2537 12621 5823 2778 2187 4508 7897 1631 5514 10971 12786 5314 8810 1718 5544 12968 261 13101 7956 8499 13392 5233 1993 4608 1997 10393 4380 8394 9570 3492 9952 13644 10414 591 13072 1987 13534 3107 1491 2456 10875 4356 3068 6227 1814 2687 1444 1694 1273 8427 2092 5979 300 8731 4913 2314 11620 12984 12910 9108 1686 12679 685 1812 3270 9078 12682 971 5198 13750 320 8055 3560 9194 11032 964 9220 331 4105 8996 7991 11003 14044 8039 1681 9531 8741 8710 13964 3947 5540 4037 4799 12940
465 411 6536 1523 795 2771 10612 3831 1518 12491 902 13281 4765 3743 3211 13501 8176 140 10070 468 3234 6832 9136 10395 8080 961 11469 1866 1029 8997 6564 10883 1578 8697 11070 5384 4299 10996 1496 6856 363 6250 2950 4069 4702 8751 8955 6029 14197 416 10724 4916 13288 2881 9492 10173 5471 7889 5994 11174 6053 3544 10297 13212 5142 4486 12081 1363 9159 1372 9915 5041 329 9896 12782 13368 9177 1674 4196 12219 6821 784 1005 13585 2094 4800 11275 14058 10943 60 6751 2507 4377 4852 14056 5908 12779 4536 13999 4816 5698 7671 3726 757 7988 6093 9433 9073 1089 12516 11318 12760 9163 8953 2187 6600 10851 4157 9975 2330 10673 3524 3350 13119 10114 11224 10734 8161 12543 7941 2988 4073 8574 4832 1973 275 3322 4610 8038 13726 5018 6068 5120 9375 3491 13415 13254 9805 13286 8341 10207 7570 41 9271 14209 5410 10494 1335 1555 9514 3359 2766 13897 2121 11748 3354 3942 3593 7373 7706 5084 8050 8147 11129 3684 9347 12172 13123 12343 4723 11753 4520 1345 2054 8243 10933 9920 12243 13932 73 77 2284 4849 6577 5172 992 9879 2408 1241 5125 9386
466 8962 3791 11793 7199 1702 7761 13035 14127 13773 11755 485 1402 1706 6349 10177 13882 5158 7339 12683 13658 766 10828 12945 2287 3950 5517 13459 8780 8823 12203 6154 13657 13104 2945 309 2418 8675 9511 5295 4450 4024 382 7453 12166 12442 5352 4845 4299 12269 5780 13575 7128 7630 13521 6108 13098 10659 10481 5693 5615 3301 13994 6189 13539 5643 6122 3323 2985 1249 13226 687 12646 4154 12589 12575 6880 3286 5737 244 4401 13128 4547 4689 9304 6505 12588 4161 1609 12907 8690 4569 4141 11631 6848 3278 9882 3228 9025 988 3081 7049 4315 4918 6204 2252 14111 7517 9750 7870 5523 10995 4685 2841 4774 1887 6608 11868 9636 4305 4913 13496 7739 7257 554 13024 11732 5796 11830 10108 9765 8924 11015 9647 13840 8036 3873 5280 642 3379 261 8561 844 3749 431 13270 5274 7914 9906 5922 9997 6110 10004 11573 8691 11212 8242 14091 2542 1299 9372 12841 11554 4952 5024 14160 69 9846 10128 6513 3860 5727 2586 5548 7499 11734 7215 4770 11371 3246 12955 11927 9747 4584 4934 12436 3928 4150 9940 10990 11705 3018 7352 11989 3983 12404 9323 3565 6339 13081 836
467 9042 1483 10039 4941 12773 14059 2915 9825 9977 5544 10658 6 2356 5580 13993 13175 5156 12132 7712 13964 7556 13492 4758 994 1232 5034 13509 13861 9649 5111 6892 9443 12957 9696 11159 1449 5829 5859 4716 11774 8761 5799 9988 12264 9902 12306 6167 10781 1534 10874 8856 10868 4847 4340 6467 8885 1957 9953 4096 2440 6712 4101 5486 13881 7509 12448 7595 6033 10841 9639 4620 6557 8831 8569 3525 13104 5127 6705 9100 10016 6650 3797 4875 9610 13040 13801 7140 1274 14215 280 13117 9848 8281 9818 13073 13808 14193 1541 13876 11902 12752 14029 2843 4031 10455 7188 12870 11885 8392 5110 7673 1313 4571 5581 1225 10073 7446 4208 11527 301 7486 5134 819 4627 98 4812 308 1929 10854 4607 1906 11196 4054 3731 475 9712 4669 1695 12999 13431 9621 13661 3306 1459 13832 12362 8912 52 11182 5909 11258 13563 7456 11831 10330 4448 9762 9468 4742 10846 3279 6405 3426 9748 983 5805 1862 4461 14161 4541 2433 6901 8338 10000 11115 10860 12498 393 12609 5820 13746 3084 3244 5007 6921 6113 4518 4740 4543 2077 12145 6025 7803 5906 13190 12501 6089 8704 7866 3477
468 2194 7842 8357 516 573 6372 70 7766 11263 11812 6252 13394 7250 12855 1899 13016 1272 2395 529 3048 2526 13401 3832 8909 8430 10728 8616 2809 6115 7204 4514 8619 12755 8770 4129 4066 11262 3304 14142 2821 423 9303 2716 10094 8345 7860 5805 5382 7565 11860 7180 2787 4695 3380 14050 7621 437 2961 3132 1812 7482 1169 7184 8441 8323 11192 2793 8707 8445 4237 4063 7329 10981 1734 6051 13326 4575 3900 3027 12272 1788 5620 3491 10912 4521 6779 7710 12409 10800 9478 12825 13179 6258 3510 8314 5405 6299 2228 13835 293 12931 5721 37 7873 2773 2951 3611 9824 12619 1883 10651 2717 9591 11061 8379 11915 2241 1064 3266 8812 8870 826 5084 13086 563 4941 11691 7058 11523 12748 1906 13482 6762 1095 6369 490 4591 4742 5893 9448 4811 11139 1158 12029 11202 8019 7452 691 5655 8448 5272 12183 12559 7779 10366 8535 130 933 8817 7784 161 6410 9023 9271 11791 5370 6495 11909 10029 6953 1067 5138 2884 4174 10613 6548 8081 2756 5658 8366 5486 9480 11939 12403 4513 13974 7384 8566 1459 1079 1521 1373 4574 267 1848 7262 3442 13588 4809 10518
469 8877 5714 3711 2379 2558 9569 7814 13845 7075 13644 4670 12002 13144 3259 2089 689 8829 14102 1794 1087 10410 7991 6094 617 4530 6616 3402 9444 8398 1489 4197 10062 3677 4687 1153 495 2488 8678 2085 10694 3271 1091 7555 4137 7488 13976 2762 10431 9761 5413 12149 3741 12496 6270 304 9527 3293 4344 9145 4816 11154 11203 11579 6228 9419 13654 9509 8808 6469 6583 2029 1339 4299 11508 14105 10974 4104 12571 3340 2993 325 9636 3383 8700 4172 3718 1711 10218 6869 3045 13380 2046 12373 8340 7441 1200 6416 1786 5754 6014 7931 13439 187 12281 11414 8104 232 5331 10435 6941 9129 2494 8111 9985 5156 3582 5340 1069 12598 9997 10819 11765 9347 14183 4838 1327 10454 4782 663 6166 10152 11023 4788 9759 7297 4 4868 292 12633 7058 11010 10701 11325 10265 6084 10995 2239 6091 7826 9581 6390 10619 1503 10202 6748 11434 12380 479 7661 503 10158 6017 5762 4373 7527 4929 3396 4010 7423 1751 11126 4262 6557 2510 13511 8721 4702 3850 1573 2637 955 3518 4560 147 122 6445 2088 6808 13950 12439 2042 9970 10116 9253 13382 11624 12813 11566 454 8085
470 9075 7014 154 8076 5075 9889 6694 3382 13638 3 5314 8315 11011 164 1235 3284 10235 13350 5243 7073 5602 3397 10180 4700 11076 6572 5191 3664 8647 13513 14104 7889 10457 4303 6378 2677 11600 6741 4770 391 746 3710 4563 8189 1948 7116 9272 6828 2142 5986 6714 3839 9825 3663 9371 9958 1602 10405 439 7217 11772 7584 9977 1217 9392 1412 10471 705 1121 7392 12158 12209 5424 5225 14094 743 3076 3120 1227 396 7274 6269 6649 2390 3302 7649 11872 3905 3687 10521 3904 10699 11822 1524 4735 6130 734 11751 8024 12694 8702 2037 1934 12412 12131 9319 2696 9521 11998 10612 12281 2104 9787 2394 13642 13330 7695 7983 13113 107 10726 2430 3018 237 7849 7846 11961 6325 13894 13097 1977 6868 2187 13554 14168 3032 10271 613 2577 4376 3016 2529 9898 12522 7092 9515 571 3881 4044 6110 2296 12919 9657 5010 6632 3622 5246 13420 3471 4667 14018 8480 8589 10867 1088 1607 6523 293 5742 10127 4748 3235 2596 957 12638 3481 2408 7702 12061 3234 793 7606 1674 2398 5676 2664 4698 8439 13840 11741 7070 10273 10635 6640 2620 7471 2667 6805 13409 1191
471 9249 5944 11138 8737 1280 6663 11978 6740 7969 13904 13713 357 100 7157 12933 1173 1285 6364 7604 12039 5832 6669 6785 3403 4461 12303 12568 9073 3711 3742 10142 12879 12000 6525 7038 1009 8143 10584 1274 4187 12971 6944 6977 10160 4426 2250 4713 7220 12726 1901 537 13864 6559 2904 7679 5698 3722 5926 3911 8632 7201 13062 13008 6282 5110 8046 1961 12196 7692 5059 323 5591 4280 13970 8652 13348 536 13066 8582 12062 11612 3791 11991 5558 4340 12002 2903 4103 8479 6141 6081 1344 9902 8505 8773 10298 2834 7358 3596 13454 2375 4378 7441 9784 7270 7622 1267 2492 11252 12654 8220 724 2226 13900 6616 4921 11117 812 5002 2521 11843 8478 1263 5063 12761 3385 733 2511 5506 8012 9846 5449 13224 6966 4646 2930 7958 1216 6993 5259 2169 6574 14012 10349 10067 402 10884 4027 1352 10220 8436 6128 13251 11660 12324 2620 11103 11962 8140 8192 13979 13875 477 12842 5401 11895 5606 10386 14200 10871 9024 8053 13214 8724 9753 4048 3612 6260 12205 12060 2412 11934 12236 12380 13969 9919 5484 3965 13449 12461 6853 11239 4866 6875 9759 1193 2051 12664 3353 9959
472 3740 1346 304 7179 3389 12705 5740 9472 446 7313 6628 10802 10305 12348 12497 2002 540 6088 10276 12574 9927 1062 6960 5344 8955 128 3596 1791 4537 13681 6961 2166 2127 7377 1983 5580 5181 8176 9891 2244 3903 10332 2653 1318 5270 9492 4885 10423 2970 11439 7135 4075 459 8063 3990 1825 4757 4477 1345 11375 9733 6288 9446 995 7968 11966 3519 5340 13688 12408 11082 12135 13238 8040 6530 1320 10125 4320 1217 11525 1054 4430 6157 2791 5830 13006 7938 23 6401 7519 4667 6948 5664 1335 5356 12387 13640 10665 2256 4299 3003 5590 2338 222 594 4170 4055 1080 8547 11779 7991 7627 8620 6438 10772 10470 2642 13832 12677 10298 746 13348 549 1428 13909 1187 9907 3112 3506 6767 7926 11382 1048 4874 6903 12932 13533 2474 6688 8226 8505 3172 1166 215 13835 12974 9332 1956 3655 2620 3074 13455 3790 11187 11975 2835 13001 10549 12836 10320 13293 576 2255 620 11961 7979 3744 4524 2322 563 4142 10904 10473 4495 1752 4877 1082 6552 12789 578 950 5291 6341 12281 12534 4733 825 7607 5329 13241 8194 4647 3385 7793 175 7570 6751 177 3346 9415
473 310 7461 2633 796 799 1754 12662 1980 3958 1391 13642 2536 710 4879 13275 4946 1851 2453 11627 2608 9612 1899 11878 9722 974 4936 4172 7447 1947 1648 3953 1627 6453 5760 126 575 3554 154 10253 2470 11191 13592 3333 5745 7800 2254 1179 9794 10391 12921 6253 4716 2045 636 13336 9455 6945 864 13633 3524 6298 2364 11615 1943 3529 1796 8279 10272 2185 3525 13267 7350 8032 2401 9684 281 3288 13824 8863 13717 13220 7758 3187 10404 2509 9734 10290 11456 142 11261 6039 7746 5376 6043 4978 6524 11287 129 14174 12096 8516 7920 2781 1370 3450 12524 1554 12926 7653 7952 9350 1220 6162 14019 5756 3308 469 4424 6277 10310 5387 503 12447 12079 9098 1883 2090 4069 5221 7444 12609 8776 3693 8143 13030 13084 9951 10317 6185 1469 10701 7219 7180 11487 8150 5114 6642 6542 11926 9828 8757 6521 9992 1865 10587 3694 12153 10849 4602 2309 13620 2304 7892 7046 10788 11339 12665 7706 599 2275 2801 12616 4209 835 3274 2208 7650 6232 11267 12064 2188 616 1232 7703 8612 10561 13679 2584 8520 8253 10838 14091 12214 4856 6937 5824 13371 11381 9766 13316
474 6418 8472 12131 10315 4597 9683 6614 1100 9332 6905 10378 4578 2496 5276 2855 9363 13888 5228 4410 2336 6252 12867 3474 12454 8612 4620 11112 1045 7444 9810 2533 12273 3888 6795 9755 2070 7554 5086 6052 14074 5910 2880 12077 10715 10379 2545 3713 4411 9815 13621 10393 6585 3941 10896 8202 3891 2935 10721 13509 10576 4603 13973 3690 1972 3028 9910 2971 8764 13223 1585 13122 6700 1286 13681 12120 11653 1412 8133 2471 4692 974 7630 3338 2490 9128 1208 4624 6942 11390 8978 2699 429 10578 11343 9437 12485 2940 11672 8578 5204 7924 11689 3305 7825 4998 12492 13593 7196 3804 3386 12964 12809 13575 4208 8043 2449 9720 918 888 1400 12319 8776 12027 7250 6970 8973 5582 12827 8259 8386 10359 8627 9032 4974 12532 6110 14063 12117 6297 4742 3116 11762 4890 12596 8661 9533 8872 2451 8722 3472 13325 8623 5096 11938 1099 2611 11556 2527 13389 7626 12656 11175 5344 6506 9549 4563 6161 5476 3103 1105 2465 3956 8690 13037 2311 365 4455 3191 4873 5451 5760 4108 12855 6639 11855 13098 2038 5895 7060 12515 11742 9604 1177 1748 9922 8313 4657 8550 1951 5365
475 1373 13178 1854 12947 9392 10297 7775 1679 7987 12752 1332 10860 9256 6061 6368 6119 5569 741 11883 7801 10012 10624 3672 10191 280 225 4645 2511 7358 3811 3256 5599 10059 12557 3717 3984 6068 6020 5032 13410 5038 8044 13025 8983 3189 9082 4154 1584 5426 8573 13897 9792 5079 9044 7204 9708 7461 9868 109 4496 2587 3805 8068 8278 9211 4981 11875 7814 2979 3365 8456 4046 725 13519 6291 8966 13503 13347 7761 13083 1883 3786 809 9591 5040 1031 9180 785 2954 3468 12165 12245 1185 11480 5887 2590 776 2427 7154 1831 13578 5854 1069 5847 6310 8179 11214 11827 8789 11506 13830 3217 990 7725 6027 3937 5453 406 8277 12931 2644 13275 6116 243 4455 10586 7501 7518 13414 9687 5692 14203 6683 8360 6115 5746 9233 13452 10678 6270 2463 1702 12535 5196 10857 7029 2394 3604 6531 11829 1071 3746 10836 11546 908 9586 6680 7101 1032 3674 7676 11411 8059 11941 6839 8904 13568 3192 1092 392 626 1061 499 2629 13829 14149 115 13044 1008 6623 8382 549 1545 5097 8333 7561 4615 6611 9872 11782 349 8334 11841 11777 13959 1951 13156 8958 1239 6234
476 6311 3483 4222 6458 5340 3748 10920 3461 1004 7164 14202 8322 10784 8586 12707 3754 1741 7511 10258 9172 6947 13082 7637 12971 13881 9803 14032 10229 7313 6531 9149 3492 8844 11772 6916 3904 2810 8782 11845 1109 6903 7417 13184 7331 9987 9118 10301 1615 2480 5637 9847 7345 3145 13210 2654 1669 4204 11305 13593 10132 13322 8794 11508 12727 4687 8385 11129 2244 10427 12127 7846 7498 12026 6764 9925 9027 6182 7488 4180 11811 8052 10525 13139 12209 10139 2686 10121 8220 8197 4626 11369 843 6492 14057 4861 11187 701 7227 4529 10105 11495 9495 13243 7453 2990 12122 13922 5194 4328 13430 6089 2454 7712 2794 3300 13659 9299 10080 130 12143 1929 13687 6356 10669 9018 10338 7705 8701 11068 344 4902 6518 4468 5109 13808 7933 12905 9141 11155 4609 10705 11027 3151 13811 9623 13990 11206 824 6973 14044 7965 12947 12362 9631 10934 1683 364 1156 7678 6470 7236 8996 11099 7961 8471 8372 5564 5443 10285 10406 5463 3291 11976 3769 13431 6892 167 450 1668 10951 10532 2718 2821 9168 1885 9602 7998 5605 2017 5123 10169 11200 9417 3851 10492 2048 8376 7829 4214 7395
477 812 1417 8840 13921 9203 114 11918 2280 2838 2281 4689 429 3811 8557 13183 4647 13719 13824 9503 4407 12135 6888 4741 1741 604 1695 7103 4176 502 5549 4555 2840 5375 12907 11850 4240 26 8291 720 11358 7834 8435 12898 1895 10907 7684 2962 5417 9037 11800 12832 4597 12174 11510 1039 12390 7147 11281 1892 4287 12376 5214 3965 6252 3547 11288 7488 5738 5357 7990 5159 3981 3510 2883 12783 8340 13338 8955 13682 12822 13417 4678 597 2103 12470 2586 10762 7492 11179 11156 11298 11624 13741 596 13466 9367 3307 12417 9183 12923 10262 13067 11008 649 3244 2047 13395 3511 10860 10681 6894 268 1447 10398 3328 1517 742 928 4811 13254 6649 4717 11163 9326 1621 5707 14132 5272 2189 13027 83 5700 8403 8045 3813 2719 6127 12719 9483 13985 3588 11602 779 12571 11159 2078 2503 11378 10597 6780 11458 11049 10026 7822 6213 10753 2311 13594 6787 12428 6652 11137 12335 2366 2606 8082 10838 9373 355 2729 14062 289 1516 3728 1207 5597 4152 458 2412 12899 539 11959 3375 5381 279 5284 628 5199 4646 12828 7654 10665 13425 5801 13644 6886 11211 2326 5267 8075
478 2265 8398 11505 13264 11931 11434 6558 13937 11612 11437 2371 5242 13899 6859 13751 11086 883 12534 651 12946 6443 11432 9081 10655 4590 13776 5116 2971 7171 6048 3113 6116 10567 9083 12736 7850 945 11028 7355 2605 4844 10266 483 2913 3026 10716 9054 2825 1242 7421 13121 4410 3591 1199 11575 10598 713 5217 5295 9505 5734 3890 240 8674 4967 11481 1055 10942 13269 4805 10029 10313 1812 14160 12784 12800 7934 13425 1233 7255 3487 1285 3390 6365 10852 4177 11170 12161 5073 4054 754 10476 1763 5722 9430 8102 892 8849 6541 10798 10243 9626 12413 6727 3922 13191 13942 1066 3534 12468 4083 13588 1895 13799 3431 5354 7525 9888 336 12062 12272 1009 7201 583 5168 154 1628 1248 11212 11065 8798 8468 7382 13514 8126 135 2040 13860 6514 12944 12012 8828 11008 10033 2458 4298 4008 9766 7974 6694 4826 8614 9638 14068 4286 4525 5262 5582 721 9641 50 9817 11151 13211 4976 727 12381 13999 8993 5667 13518 3267 6912 7080 11640 10093 9347 7619 10819 138 2968 9265 7801 5652 9569 4247 12263 1965 7517 5021 766 10449 13036 1018 51 2384 12003 6691 4790 4846
479 1777 13287 1602 4764 6647 5316 4778 2148 5153 6966 9474 3434 2314 2695 1746 8999 865 13592 7692 7765 9984 10206 2996 1942 7491 2133 4297 5086 10267 12889 9431 1159 6641 6081 10540 1837 14046 999 685 2312 2456 14017 258 2627 5821 6376 7623 687 1904 11570 5136 5111 13901 12956 261 5030 12605 9450 8612 973 12498 11831 12418 9131 1283 7772 5922 929 3368 2040 3882 5043 7190 500 11450 7100 1412 8250 6445 5742 6810 4085 5458 6438 10249 6674 4253 9138 12662 7232 5298 943 12222 1259 3973 6090 1677 6906 1653 12863 759 6162 8523 2478 9151 1122 6261 4867 9147 5578 14026 7140 2276 6328 13023 7353 10526 13586 7395 8045 3111 974 13590 12937 11054 12724 6917 4730 9399 10582 1223 14021 9725 11892 7210 12021 14119 7102 7136 7311 1675 2488 13265 5887 2340 6995 8993 2306 7259 10671 7671 12378 2281 9974 7271 6924 9033 12776 13433 10082 2178 8773 4325 4393 13533 2274 9076 6931 8460 2717 1339 12820 9397 5417 9666 1895 9382 12815 8415 10062 1574 11994 5603 2244 3322 7934 4494 12106 7053 12694 4220 10819 3173 10646 13588 10295 10154 9901 1145 14013
480 2293 7009 7324 5846 8703 7820 3428 9117 5124 5343 12435 7681 5248 7580 13523 244 9908 616 10521 11846 7396 11833 11466 8943 12979 9875 7790 7822 11680 2233 2296 13225 9290 1648 3681 854 2882 8169 561 3156 4349 9091 11569 3914 10032 13328 12357 2210 11105 2475 9301 6416 12850 129 3673 1883 5028 11640 328 11769 4458 4286 12398 13640 9985 5542 7510 46 8069 60 1056 7419 9712 2617 5359 13234 8909 4106 3778 2590 3889 10697 1641 7013 1960 13221 3252 12626 13505 2449 8358 1418 10509 4991 1712 2115 2845 11118 2259 7473 13108 13515 2134 6680 12869 11314 2710 3000 827 6773 828 760 3102 11124 7353 3324 4026 13870 6782 4833 12114 5286 13335 8830 2162 1612 9008 3103 7451 1324 13688 7645 11879 805 12284 9252 9621 7277 10688 5151 12119 4986 5804 10616 10628 2650 11862 71 12797 3805 9090 6406 3191 1710 2939 2997 1015 9490 3822 6147 3351 11966 1652 5099 6806 12496 9472 6808 941 7499 3344 1676 10580 13238 301 3707 4830 8554 11648 9379 10085 12375 11230 11125 12816 408 14130 13811 11390 10670 10937 7117 13715 8187 13268 7644 13638 9398 9128 8267
481 6202 6940 3387 4002 1709 13963 12977 5949 8536 13709 8502 2438 11264 9035 5763 902 1269 6001 5863 13448 1958 12124 1916 6112 3661 6774 1283 9025 1490 2142 7479 6929 12141 1719 6567 12465 8762 9021 7811 7871 5658 2966 8226 9149 11323 10863 10239 2139 2094 6327 3567 13532 1256 13419 9384 5371 10694 6925 12442 2658 1023 12831 13582 11625 13956 4860 12040 5847 1700 6067 13195 11952 6670 3845 4730 7815 1038 1819 10517 4789 987 7227 9442 9892 1137 8465 10192 4264 14186 9408 12289 2620 3209 11862 7316 2953 11147 11636 9819 4413 10974 10208 2766 2117 8379 10912 3609 2761 1479 2626 5058 13416 6807 1775 6031 13653 4316 12259 7294 895 13476 3572 4017 1987 6041 8144 11354 10769 6134 5229 12009 3101 13604 3646 9577 7849 13083 6728 6651 1559 6972 8612 6026 7516 2833 9185 7120 5000 8032 13460 11965 3653 14021 2457 2531 10739 7118 12038 11216 119 4467 8164 9990 13518 824 479 8324 11767 11443 1637 1266 2666 6915 10342 8712 5501 7339 988 2350 2794 12588 5635 1733 3589 7200 8816 1802 9970 10704 4900 10917 4780 812 8299 4992 9858 5271 1908 2865 8175
482 8042 7430 14162 4145 3570 1915 3722 12789 12868 7475 1138 6341 1909 4150 10867 150 13864 2136 14061 2033 2542 5521 9965 10304 8156 660 1444 1251 1692 527 13605 11133 8021 9870 11453 12688 11263 8464 2395 5131 6413 2742 10491 9028 11333 12894 6370 3193 5156 666 11967 13457 11091 9196 13846 141 3636 9537 12328 538 8417 4467 11490 5150 521 12086 13175 6075 3167 7250 2797 9274 12749 9204 2630 7888 4690 446 13229 2770 7718 2166 4381 3677 5342 3717 3502 6462 5655 10367 406 9600 3206 11038 7640 795 13263 3661 12355 11746 7764 12584 12439 10182 1394 12885 3227 2218 10470 4119 11527 263 13641 5756 8292 1804 10816 9739 8602 5082 5409 2405 10967 5072 4171 12080 3906 13264 1243 8834 4602 8149 6998 2369 2078 12287 2562 6646 12841 7029 6729 1354 6878 6960 10040 13188 1941 10241 5769 2498 6427 1857 5579 2302 416 10346 2673 11686 4444 10251 4528 5840 11847 6081 11977 11772 10071 11308 250 11565 7312 13027 11627 642 3769 1336 8876 10158 12108 5481 5970 6032 5528 3992 6582 2534 10257 6924 7135 4039 7148 11138 7132 13479 12055 4218 10345 11226 11898 4186
483 5030 8988 8817 9100 11712 8173 6604 988 10403 10646 468 8513 811 2857 5068 5391 10310 2166 771 6592 13849 4688 467 6733 790 10045 2122 54 13327 2078 12689 3383 2468 9215 7220 4429 9696 10495 9339 836 2224 8014 981 12223 6760 9162 10299 13363 7498 7998 3401 8103 3180 12777 4825 3098 9228 2863 9207 4271 1240 5151 7834 805 5452 9541 12286 15 6374 4227 755 7555 6097 1852 2745 1782 5565 4251 6235 9075 8517 6354 6251 8034 1583 4071 7360 5143 4089 6236 9557 10471 2326 9087 11588 8537 13339 12977 6238 1924 6688 4903 2346 9490 1288 12124 11664 10189 11101 5802 1504 2990 13412 2177 3593 10956 8478 14160 5782 14129 12193 5899 1258 7532 12681 2105 8076 13230 7522 8994 2887 2848 6594 8605 147 2758 2414 6174 13905 2508 823 8907 7904 8154 6624 3862 2911 8530 1205 12493 13982 6927 6631 5627 2602 13970 10087 8762 6800 7237 424 7351 5213 254 4323 2167 13726 8769 5101 9450 10284 4402 5161 9362 7098 13778 3234 362 11879 6750 12175 3375 9940 6865 1487 5816 3530 1009 12030 11914 1324 3839 13487 1542 8042 64 9458 4139 11806 6250
484 8448 13207 2644 2625 12240 8257 13083 2068 6457 1493 4 4796 13479 2706 9830 14049 6031 7486 634 4350 11232 751 7788 13360 6696 13937 2741 10346 9891 9120 2901 8720 8336 10195 10925 1267 5076 12837 5353 9451 12479 4268 13307 10744 7091 11871 8309 1116 12533 5564 12925 3584 5855 12031 12167 4733 1965 2393 10392 4924 7708 4444 11757 777 13343 4105 11430 3720 2265 14156 11969 5610 2735 289 37 11963 5503 13711 6023 8186 1564 578 8335 9105 12800 7805 9040 197 11887 13294 10372 12936 11744 5922 8772 3933 1336 13989 9057 4464 9324 6504 4602 5354 2801 13365 939 301 3948 2050 2979 2496 2398 4919 9395 11595 4749 10079 10628 10539 8121 1558 4036 5351 13684 5210 10645 2329 7264 1971 318 10259 3859 14144 4712 7347 4219 10757 9993 42 6228 9866 7335 974 8067 6883 4840 11616 2915 1141 2459 5186 8146 1153 703 3044 10110 3667 12497 7883 5318 3872 4523 5601 9479 2860 10747 7077 10444 10311 10253 10360 8128 8729 11690 9071 1894 8940 7348 2560 14060 6045 10756 1185 6871 9000 1182 13361 917 2232 3809 11598 10438 7966 3691 11414 338 7338 13933 3336
485 2789 272 1734 12076 4077 4035 2579 11521 6101 3751 2441 7030 7625 3649 4748 13233 10431 12442 6087 11654 9338 2608 11708 149 13621 5381 9799 10142 10971 13189 3739 11704 8964 387 9958 12755 7094 11762 8315 7846 12224 8975 846 5056 13655 1154 12300 258 1532 12609 9656 13081 10806 11999 1988 12462 3428 973 573 6760 2920 11001 4175 7231 5102 5072 11932 9930 8434 721 4313 8811 550 13141 11595 2952 6069 13864 8875 13325 88 5755 5682 3136 13710 5247 4743 10266 3109 5061 5354 402 12075 8533 9669 5042 1651 8270 13399 7281 7742 2529 2867 14075 4009 3847 11729 12591 6033 268 2022 1323 9070 5370 7876 4055 10668 8786 6969 2528 3574 9833 2134 13721 1264 5881 13850 1027 1182 11287 6541 13197 9324 11750 12452 1993 11986 6040 14152 13090 11338 11391 8546 3936 7743 8891 7087 6118 8840 13064 12133 829 12298 1398 4916 7997 11046 6960 2822 5641 3726 5944 2337 1163 13060 1962 144 7176 9693 12519 9393 14202 101 7179 13147 8539 7788 3410 5588 2070 9744 11194 9904 12303 5474 3446 11981 7368 5965 11634 1752 12067 2878 1215 6842 4247 6897 5166 7722 9842
486 9717 6080 8725 12001 10892 3306 385 11177 868 2824 9555 1402 4702 9946 14159 472 10515 1027 8510 12759 9343 12632 2247 11125 1463 10955 10832 3950 2236 11880 9311 8270 7449 2476 14054 8058 10737 6635 2360 9795 5281 3244 11642 13173 6513 838 235 1959 10140 5285 13185 3984 3968 11937 7979 10149 1999 3769 12736 4262 10376 9828 6699 544 13620 6411 7373 5845 576 3330 2890 6341 10518 4343 12128 8843 1204 6653 7934 419 4274 3524 5152 9638 11040 6721 6361 13289 8876 2778 7001 11014 9685 677 2106 12906 9620 8722 6194 12208 9794 9567 1894 2134 6121 710 2792 113 1351 13899 5699 4793 13445 2577 4692 11720 3228 6880 4022 8974 13742 4241 9875 3813 445 2036 5617 12496 1601 8794 13249 5013 2976 9344 10215 2378 13866 4825 8465 7422 11277 5284 7616 2408 3742 266 7901 6895 2947 10973 906 9625 2723 14187 8279 11437 8103 955 8203 891 9042 8135 4641 10012 3945 10678 13950 1057 14037 13282 478 11739 8592 4261 10427 13458 5264 7602 7526 2370 1646 13499 6301 4677 8728 3229 11903 4818 5132 7685 6457 14015 9277 13538 3907 9981 12962 2886 9387 6599
487 4454 10866 333 5574 9569 8187 1204 6116 793 4459 8592 405 2119 13224 1458 13796 4121 11740 13912 6926 10415 2705 10488 9781 9830 2586 1978 2483 7247 8085 6642 3270 10571 9037 4293 11316 5869 11821 10800 10146 7517 8261 13680 12317 12974 2208 3230 6070 2337 3276 8719 5279 3972 7746 6768 2442 10901 11530 2248 1486 6894 12453 11644 12812 8787 11704 14209 3517 7651 2793 10434 8855 9346 9594 2626 13154 9487 2142 8158 8957 732 3007 10395 1417 5625 4097 3341 10491 5115 1067 10627 9776 1047 2193 523 10960 8108 12256 10565 8500 13432 1774 1048 6812 12139 10077 10431 533 10662 10512 6610 501 4752 3354 9559 1583 12848 13313 6458 7109 13464 13603 8488 3082 6131 10493 241 10704 9284 1213 706 3657 10031 4373 1841 1993 10275 3163 3880 9262 12866 8953 9536 4044 481 12046 6843 7855 9094 10998 1550 8172 12822 6096 12925 5162 7227 2258 895 866 5032 1826 12382 14061 9576 4593 12432 9790 9590 13388 476 11247 1049 7966 5669 3650 1176 1703 5222 6044 589 13232 12543 10501 6294 622 7127 8027 1487 12922 12913 7675 1135 554 1349 1130 14186 6817 3840 9374
488 2089 6884 2506 2547 3274 7916 7259 9307 3150 7970 4312 8314 5685 10546 13725 45 4228 12492 10421 208 5897 254 7454 1318 4475 5609 11193 13313 12064 7359 730 5598 4718 13147 8227 7889 4640 2921 8104 9421 2329 2855 13437 13253 7332 3044 12592 4634 13230 12072 10159 9700 4342 12266 12270 12612 7234 7514 2780 523 4550 6445 10382 9219 11164 9447 10957 9134 13340 7378 4896 2454 3131 11453 3447 147 3397 9881 6332 2453 9153 13290 11713 10888 5245 4391 11043 8802 3817 13035 13673 2507 11443 760 10119 8608 9339 11333 2071 11670 286 303 13501 1054 4052 13098 6246 10312 12909 3591 2053 10209 5715 6421 200 5630 2511 9317 11387 1681 3908 11715 6419 10619 1370 6554 12324 6722 397 1965 6594 11959 1260 574 6872 817 5339 6787 326 7099 1106 3091 2895 2311 9611 5298 8692 5401 1931 3184 1394 1010 10179 4633 13906 3807 10703 4074 4608 11654 9685 13925 4272 8458 8451 6190 11382 10544 10696 13216 10844 10980 11918 8535 2042 11551 7994 13582 11696 3691 8090 5676 12891 1620 10308 7877 10310 3045 12147 13142 10282 2060 8316 9661 2704 11212 11228 10325 7343 9705
489 1612 5713 6070 8024 11168 11825 2265 5058 3198 11880 10239 870 7191 5457 10391 13068 3294 1268 11518 11101 7831 4009 10936 5357 1092 9737 3578 10411 740 11836 9814 5310 3761 6157 13069 9655 10216 5143 14070 7319 6851 14122 10069 6879 7313 6358 8314 10479 12414 3922 1303 10471 12603 7990 8644 633 10078 8652 6322 12671 4436 9944 12282 994 10324 8366 13526 9974 8849 1830 5337 13986 10684 10432 2835 3326 6610 13153 9146 4203 6992 6127 6356 6670 488 12382 5989 6530 312 3573 1814 9707 4774 3580 6932 2144 10890 8096 3878 11916 12937 8622 7416 12486 165 2521 1873 9933 4890 7252 4014 2369 12753 6254 12048 11253 11002 2157 6965 3694 8066 10630 13300 6067 12024 4515 137 8940 3882 10351 6285 12277 2207 8468 11066 4947 1001 7862 1733 123 11855 85 8953 5848 2415 5423 9949 6715 13691 9939 6262 2888 3909 11996 8408 3956 10712 13957 5441 7317 7274 2913 8819 4906 12443 3778 13117 6582 9735 8756 2358 8966 3345 9683 6321 7618 7594 11451 9458 10439 9237 5408 13257 2583 11222 6170 12968 104 8583 8254 12723 9867 2629 4493 13883 10782 8240 12536 9417 10240
490 828 9740 7382 13904 12462 2382 7177 7532 7879 7860 10394 690 12904 1242 11682 11169 6742 5097 8681 367 1975 6908 1670 7158 1032 12655 11155 2195 14160 9949 9350 2005 12595 300 6698 10312 8940 6414 13966 9728 6154 155 9429 5383 223 3715 2479 6017 11449 12330 1268 12019 11037 7872 5189 873 8893 2769 4402 2732 1445 3644 2250 10945 13040 5361 2075 3030 13103 2052 4944 6448 8739 2394 11542 699 12476 9110 12748 3369 3288 3661 9575 9608 12826 11151 5493 12668 9606 9904 7951 3218 10934 3926 11178 2994 4013 7550 8412 321 4247 7466 3435 6111 7748 7324 13980 7487 741 1363 10007 8459 13870 10513 1419 4192 10186 13876 9925 4149 13489 9377 12578 13714 13392 1392 5354 4025 496 2974 9215 444 7555 8533 1220 3078 7868 1380 2859 9923 12024 7242 2012 4644 4012 10625 4594 3491 3881 8140 4874 2332 5843 10751 13488 6611 14085 30 12203 7417 10207 1004 13892 5248 10070 8070 8422 12695 2630 6664 9440 991 9410 6953 9155 4609 7282 1891 3612 10594 6514 4584 9452 4515 13122 10867 5087 10960 730 6265 12464 10713 1161 8514 5394 7402 13830 9351 9461 8821
491 9810 1145 5462 10315 2684 5578 2291 7351 13871 12827 8387 10158 6622 1018 6042 548 6206 13219 13549 4681 4307 9151 3454 10530 9461 1787 9666 8942 9611 5411 11765 666 2402 2053 11507 474 3896 3520 10806 9782 9120 4271 3594 12001 11584 7347 6587 8542 1464 4412 821 11203 2946 2610 11741 4456 11122 5894 8753 14007 13260 6578 10303 6141 7867 5716 8903 7894 8021 14011 13463 13435 12631 11912 12327 1836 7556 157 7893 11541 1819 13762 12555 1245 7381 8177 3058 10414 11217 6854 569 13854 8458 2796 9802 5971 2495 1928 10422 12509 8076 13634 7567 3716 12258 1068 10473 22 14181 13439 3508 10317 12622 1894 12393 9192 13687 10544 801 1301 9177 106 2010 1886 3373 4365 4258 10237 914 13798 5965 4945 7646 6489 4481 1003 13686 975 10337 2000 6621 12325 7634 7108 5865 4974 6504 1337 5290 13664 255 201 1909 12618 6738 12132 14103 11770 12051 8983 11327 7296 8522 2519 758 9422 13290 10031 13900 9672 8645 1036 10426 7239 10136 10955 4142 10878 6606 7753 603 12368 1249 5414 12977 6451 4704 7806 9439 12082 1177 2725 11929 11241 1008 538 8348 7688 12934 7925
492 9952 11867 4639 5615 9271 748 2877 12370 1341 13003 5452 4920 1839 2749 8091 8388 1265 11014 4634 8536 617 13960 11506 5164 8422 5215 6478 9487 68 6474 8183 8150 6000 4158 13505 7398 1105 710 5128 5843 1424 10944 5880 312 4915 9842 1453 14178 1837 8642 8977 4829 4344 8046 785 5622 9622 13445 6780 4940 8660 8167 8492 422 8716 4923 10574 9029 3031 12554 10663 13390 5399 6127 242 5212 10952 7834 7761 6689 4897 12428 4305 7980 8545 11349 7623 3724 13669 8469 10535 8659 7799 6367 5113 8966 6126 6224 1882 5658 4547 2639 10362 6524 10465 12536 7505 3398 13267 7480 2057 12927 8830 3497 4042 12090 4453 2815 7283 7667 8904 11124 6128 2727 10243 6965 1053 5038 5566 10268 5945 2341 11380 1744 2080 12783 3214 6272 11560 6618 11098 3125 9131 3253 8673 1780 5958 2104 7159 13377 9 1944 11457 6884 5709 1910 4332 12456 9975 11580 6293 3401 2101 4191 6073 4576 5177 12175 2779 5598 6008 1501 1633 7346 4466 8221 4074 956 13682 13017 4359 8654 5363 130 2034 13309 10175 3297 7542 9452 7172 4043 1164 10026 5733 4573 4292 677 2492 2102
493 9724 742 392 2021 11697 7799 13988 2195 11302 12711 10175 2081 13890 11114 7142 10777 1391 8398 6781 9707 12662 9954 9505 10228 2887 1013 7863 7258 4092 7106 12209 3663 3512 11960 12622 5683 4837 9116 9563 7153 11812 5700 6898 3800 2357 3912 9175 2773 8414 4423 220 6174 9757 2568 11204 5779 8371 12276 13321 3623 1422 1963 12750 8404 28 2610 12317 8196 3014 10832 4746 8067 11118 3720 7901 3733 2061 626 248 10795 4450 5727 4866 5840 8161 3459 7265 8865 12442 3768 13319 9839 11209 10306 3913 10857 8332 11519 6896 8109 5416 8359 9080 3697 12888 9328 12331 2154 5746 9255 2758 5116 9118 12776 3569 85 8046 13322 7343 4395 6771 5065 414 2540 4344 919 5862 9880 8966 12618 9762 3955 7967 7192 10131 4016 3003 13610 12425 9703 8065 12735 11832 3125 11502 9306 5597 5729 8867 4258 10694 9148 1277 14092 2344 9574 14197 9829 6372 12934 6047 825 7415 2008 13678 11075 9321 4430 9219 5593 13653 5146 12179 5371 12886 9833 10729 13328 4026 8123 6476 5452 2378 4165 3684 11406 9353 822 1247 11138 8124 4062 5394 9721 12367 7259 914 12576 10514 2281
494 4396 2758 1724 9362 11516 2116 13491 7914 7199 3603 6049 64 10201 13705 11533 13425 3975 3103 8991 9484 11644 8931 3020 7 3654 5622 7506 9464 3577 4789 2113 10063 7607 3376 13320 7616 11372 1418 6653 13679 495 8045 4696 6698 4324 13412 830 13561 278 109 10762 11690 12707 3810 210 348 97 2034 9119 9240 8069 10019 8724 11503 138 4892 10454 6876 1110 9931 10822 9996 10731 7893 9368 1272 4698 12153 12641 7205 11062 11612 12414 789 3517 2786 11113 11601 10560 6203 7007 7996 2700 4099 12955 1618 7122 8538 9852 2364 1973 6407 8297 2941 5082 11709 9141 6805 8706 1839 3232 6789 11375 1575 1336 6246 12719 7925 12304 7837 4917 635 4984 6822 4332 5058 13416 8036 3134 3445 1664 10839 8432 1522 12793 13263 5129 442 1100 9075 10700 9006 7384 13533 7627 7024 5851 3947 1284 9282 9961 3563 3696 10761 4316 8825 2810 9821 8428 6903 5483 10219 8469 10806 7609 2110 12836 10076 1287 5685 8737 3606 7420 10399 7846 757 4113 4179 13311 11860 12427 3173 9665 9873 1722 2479 8703 12345 3994 738 11546 10562 5895 1121 12385 1489 7831 6462 6539 14065
495 4667 1527 5629 4852 13796 5878 6771 5509 3026 1852 14101 5839 4225 8972 3717 11531 13640 12780 9083 295 817 10524 192 3984 8373 2661 901 12735 4706 14085 10543 9845 9487 1976 5579 9377 10757 11836 336 12768 6896 12351 10445 12367 7343 7042 2937 3742 724 3131 6458 11496 3451 625 664 678 8887 6575 10348 2508 1807 7256 2494 4485 11298 925 7496 75 9749 1819 11168 7197 2251 1620 741 12927 12182 622 7705 6929 6101 9526 10037 3816 7401 13491 4118 12715 1050 6816 13902 2041 10391 4244 4442 10001 11229 2781 11283 4206 12256 8350 9915 100 626 6512 7898 4402 11265 4405 11685 1717 10461 933 11369 11029 9552 531 13528 7602 13363 5571 10254 11879 9331 1210 11072 10075 2681 13545 10441 13478 9556 1547 8098 13814 13066 13650 12608 10648 5786 4385 12820 12241 1677 7293 9450 11529 6207 2473 11147 8097 6784 2299 12212 4028 6922 9946 12581 742 7233 8515 834 7525 1244 10194 5575 6605 3707 12393 14195 4779 11983 13385 936 3401 10041 1800 953 3897 1978 8606 12872 4388 9357 643 12904 4876 2047 5993 13192 11625 7099 13642 517 5958 13953 8869 1079 7629
496 2904 7444 6154 13227 10326 4579 5458 9738 3777 14038 9132 12560 7487 2726 1794 1397 5982 100 14060 4154 5653 3514 3415 1585 966 12478 12708 2568 10995 8987 1550 2141 13403 10390 6638 4092 10475 2563 4439 1098 11758 9801 3768 1138 8482 3008 9348 8949 8216 10582 10430 4033 12481 5493 7080 9783 11474 139 11966 1633 14137 12624 2747 9220 875 11178 8350 10983 2031 54 2600 12584 8196 9870 13038 12775 7987 6000 10126 5303 7310 11281 10355 13621 12749 4719 1527 6765 13779 13594 2097 12546 582 8200 2528 11222 9565 5713 64 11438 9580 9438 12299 1852 14207 4685 10031 8928 10356 5744 5433 3752 8616 13437 12985 11164 285 7664 5298 9961 6795 1288 6210 337 11704 13561 2506 3633 6993 5435 1191 12223 6309 563 2692 13605 215 6650 8473 351 6882 11692 9958 684 2378 5583 11672 13468 4702 3448 5258 12699 7102 3095 12802 7689 4850 11856 12038 10572 5033 9874 10940 11183 4733 7843 283 10878 4447 8602 833 14132 11102 11501 5893 7870 11522 13757 13960 13517 10734 8387 13101 12789 4048 6793 11199 6169 13254 4656 10887 9650 5155 9849 11631 12967 13491 2125 10832 11608
497 115 4359 11956 2116 6514 11319 11586 1045 7570 12799 9984 7082 1492 9356 6640 2917 5743 4226 8005 5776 4335 7390 13054 9144 10571 7691 9743 3844 6827 5327 10327 3884 7684 11796 8716 10052 8192 1453 5825 9968 9948 6071 212 7036 10636 2124 10249 4414 13045 4346 3994 3143 12628 13328 2465 12234 10362 785 10510 10490 10385 9415 9194 2726 2409 467 2240 4264 4560 2083 5771 11214 11437 540 6094 1137 150 4449 5395 13440 2265 10979 6174 5892 13633 8474 147 7732 11712 11369 12479 9354 737 3691 12789 13881 6478 12030 13561 3293 9715 998 9343 2526 7959 10668 7040 5380 2532 2161 167 3808 7894 12603 4081 9721 5295 10520 4726 2081 1925 14069 3010 7439 4493 8893 10923 14078 14183 10421 6536 13988 13247 11169 9694 3930 2909 3256 2248 8016 10793 1507 541 1768 5684 6243 13511 7812 10043 8647 1600 1264 5765 4603 5805 9479 4384 10783 11101 885 12864 13980 9778 12295 8503 7230 4795 3899 11686 8799 95 103 7262 13234 10460 1626 9091 13015 931 1606 8527 13207 1709 2697 2879 4525 7376 9329 6858 7267 2551 6715 7373 1025 5632 705 12944 5002 1317 9008
498 2240 6934 4875 1084 6570 9792 9408 6089 7584 6946 1697 8717 5546 4319 14096 5324 12418 1823 2054 9027 5284 10640 1370 8663 12277 9100 13833 14115 52 363 6965 9270 7969 7072 1178 9081 5539 10632 13628 2091 4913 4833 11 1012 12756 10024 5244 10244 7636 5198 8842 2966 325 9767 13956 5692 12573 12870 13474 450 10252 6053 13073 9989 10578 11942 12309 12759 9838 4932 12527 7056 5738 9688 2531 11621 10572 9611 11015 2907 6876 5872 10900 8378 8360 7517 12306 7938 9533 11294 9344 14192 5667 6505 6969 14008 7699 5127 12082 11882 309 11952 13046 10047 3709 13417 658 4203 1634 10908 13022 10176 4214 3340 13060 3406 73 7139 7859 12340 5441 2743 8480 2853 7004 10681 1082 10340 8315 1049 9644 5059 6000 13693 4794 11316 7370 6448 8478 3537 3216 8654 1578 2877 3418 13012 3918 2115 5474 3722 5085 10609 2868 2266 9174 10294 8237 12861 5890 3219 9592 12779 8270 935 355 9636 6814 12845 12666 9513 7396 9398 549 12150 3733 9661 2452 3952 4628 2081 1925 4229 4140 4076 13031 12750 6501 2611 3174 3310 6120 7265 5806 903 8597 5646 6370 2255 15 6461
499 885 11232 5901 13550 2246 5660 11148 12173 2766 13522 8403 11946 12415 12473 7692 4422 8763 947 1127 7880 13316 5570 12960 4554 5708 10639 6224 11334 1006 1302 2775 5818 583 725 3748 13598 755 7465 3832 9675 4395 2938 4831 11293 741 7652 2779 7292 1253 8846 10296 10958 11491 8792 9103 4728 7476 458 12073 3197 2589 13018 8006 6385 10653 8132 7450 14020 10978 5319 13386 1384 2103 2274 2623 1472 11098 4150 4122 10937 121 4482 5261 13020 7479 8134 134 6461 2495 9940 7284 2215 4088 4339 3714 7506 10346 4446 10532 13085 12295 8563 4862 9741 6591 7326 3930 7750 5755 5444 12566 13467 3766 1626 6208 3691 11757 9400 3366 6885 11633 438 4508 11625 5808 7886 12963 12489 9353 5296 8721 2534 3913 435 13131 112 1859 7437 9526 1090 8080 13533 9807 6725 6187 11548 2697 13212 700 6377 2474 7599 8487 434 5650 10380 7565 7814 8189 4588 9604 8671 5517 8588 4712 14064 638 13674 13272 3498 3601 8729 8580 3798 7082 6327 1945 12269 3546 8436 6215 14173 12475 7454 11200 11850 12014 11427 62 2939 12515 10009 12640 4318 13440 1977 13856 10419 11512 5521
500 3212 8662 7268 6133 8024 10093 9915 197 6734 4878 10219 1027 4046 1923 12050 6651 9047 1220 11714 10820 1522 7032 911 3929 1238 5976 6553 6700 3205 6482 7722 4725 6908 5490 1241 3538 8527 13566 2528 6906 2958 5996 8764 1366 2786 580 11917 8949 11227 14204 12299 3741 28 2846 6485 10694 13054 11185 6871 14114 3459 493 843 6949 13688 2446 10882 1630 13283 5460 9088 1133 8289 11274 11143 5267 1242 3124 13681 2052 279 10061 11176 4838 11352 6112 1585 3732 6714 10995 10915 7716 7737 1716 12236 2379 9860 1280 13839 8722 3422 8203 1467 4362 12156 6926 486 12409 8721 6488 11372 13960 2182 12127 754 6725 3139 1904 5722 11119 10790 10060 391 6114 7532 6058 5662 3157 4917 9628 639 13082 7457 3126 1596 10806 11471 5557 7719 6359 4208 5312 9264 3518 611 705 11055 11841 3751 6951 12901 12029 12332 5114 454 8183 11810 7822 2633 1137 2517 12173 10896 6886 10516 12091 1162 8453 9124 10600 769 8551 771 9077 7508 2399 13495 11312 11494 13462 7999 9980 3562 1987 10036 729 12902 12004 4918 5084 10259 8382 13954 4014 13723 8961 10311 6064 2686 10804
501 2356 9611 10390 7337 10180 3316 13046 8615 13549 76 6953 967 11221 11118 9144 4956 5433 3149 12630 10626 9364 5590 9511 10039 13947 12491 13403 4821 4749 12420 5729 8601 11770 923 3613 11045 4484 4027 8535 1506 13032 9434 10636 618 6072 2999 11909 10496 543 8937 6943 2541 4407 1955 36 4751 14103 1454 2021 12939 9649 10211 13169 14032 718 1710 9691 2935 3145 6596 12514 13895 1328 10243 3411 4814 5650 5946 9905 7644 2331 13910 13582 2988 14087 4898 6288 12054 811 8694 11992 13780 13901 14197 8864 8700 10479 5146 9042 6266 13387 3811 3062 13874 1758 1471 1313 11558 12328 9481 2609 4943 5509 2229 5080 9517 2264 6473 2053 6549 11532 5988 5114 2641 8214 7039 937 6782 897 4444 2165 485 13679 2904 10058 10457 3 630 10362 10580 9466 11070 9871 10364 8826 11040 7501 9684 5463 11777 2290 140 2768 9983 11020 11458 871 10298 188 2933 4012 1879 6593 3814 3382 1224 13909 13837 11875 13714 4557 5561 8368 3406 13002 9309 2780 9636 4060 10753 12530 8809 10025 8445 11973 13030 7292 6383 8067 8971 10230 7917 10623 5330 5022 8056 1075 1876 9542 4592
502 2797 7112 3323 1088 821 12478 10946 6057 12855 3077 3714 2116 10345 7845 9800 9390 9772 13401 14110 9340 1203 11819 294 9049 310 7470 13246 9284 10298 12120 7082 4388 13306 2607 12923 8204 13798 14005 1631 5877 9828 7977 11523 10558 14067 3795 6409 7747 1912 12548 2902 8332 4435 3023 7516 4758 9008 10104 3204 3033 13736 12150 11781 12303 1676 3043 11068 7655 5975 6202 14128 6026 7380 290 216 790 618 7657 9380 7048 6047 7580 7407 1330 10622 10652 10731 8824 7220 1138 11891 2857 10613 13992 9314 8707 1241 5184 13528 5071 7571 6615 3539 13827 8080 5301 13715 10026 10516 12698 9724 10659 13050 13210 9839 7706 12539 11173 7838 4486 4591 3993 537 9236 700 420 3906 10898 8550 9642 12136 9069 1151 5851 5202 7404 1484 7025 14101 7101 13516 3377 10479 11718 11015 2917 3029 1780 11541 13616 12504 11721 9061 9907 11162 12593 8068 2462 11093 10280 917 10171 7805 4874 10592 4220 13223 8104 9942 6790 10299 4877 7583 9007 1528 12886 5821 6539 8619 2451 8033 11848 2115 534 6316 1076 8364 5486 6072 6891 8760 13742 8179 10751 12897 1249 8939 6735 6774 10450
503 404 5808 9682 8435 3798 13314 5909 8978 8520 11395 10773 7089 4886 2791 11520 117 13009 1537 9723 4733 214 703 12384 1508 10628 3458 672 12677 54 5984 11013 2936 8115 347 14005 10422 11955 99 314 7670 9774 4741 6147 1682 8857 216 10763 1712 2018 9113 6660 11038 4867 249 2015 13464 4116 3349 4897 1672 5816 881 10512 241 1472 7793 4437 11147 318 13777 9178 3019 1110 6493 12015 2619 7179 2361 11431 11878 7963 416 1629 6015 8708 484 12862 10293 4353 9698 5010 1517 6736 2219 4527 10221 12815 2667 3503 12203 12534 3883 7277 13071 9810 11390 6525 12913 10298 5563 11461 12404 6391 5856 2554 5048 12717 969 9782 640 13194 4362 9685 6734 12256 13737 6755 7012 13155 3975 8591 7463 11606 7661 13745 12289 13345 9988 2709 813 2371 3390 7220 814 952 10703 7631 10837 14092 113 12507 7548 11077 4641 1786 2299 13026 2456 2891 13473 12620 5389 2714 1045 212 372 7688 3319 10160 12728 2816 10175 6846 3694 9704 417 3523 3406 10835 9521 11512 1056 858 4100 12112 11691 492 7450 11008 4454 5645 1329 3384 8821 10539 8572 3973 12234 7417 1315
504 3382 10368 8046 6048 12402 12641 256 13691 6648 10784 7500 14094 3203 3030 4976 6442 6492 4442 4850 1251 5614 12744 4094 7362 9593 11140 294 5526 9686 3683 2689 6771 8502 3441 13854 1273 9235 12031 6158 10616 9657 11772 6670 9814 12427 3112 9162 13426 6389 12385 9171 5081 11202 5749 11077 1694 9161 8316 2722 3035 2699 13889 11981 8786 9923 10208 865 5196 6309 446 12292 4729 10654 321 10862 10213 9006 12654 4714 5860 14118 12086 10606 2509 12015 5762 2267 725 6142 5143 3316 4594 4968 6275 4805 13128 12555 6206 3782 10883 13314 11687 4468 6161 10747 570 3067 10919 3661 13701 5365 2420 9380 2492 3153 1735 2906 4029 12585 11649 6631 12372 11175 10386 8880 1310 6403 1184 13168 8332 3639 1911 8384 2343 13711 3644 7903 8491 10230 6105 10148 11086 10264 8198 2986 4608 11562 10733 12117 14142 10911 13589 10194 11931 8524 5957 4615 12 6882 12723 1466 7115 5189 3666 56 6955 170 4599 3267 994 2861 12233 149 240 4218 6640 8764 12786 11504 11977 9921 2578 13792 6327 5729 12985 5318 1780 868 4387 13115 3849 2945 11796 2003 10114 3465 2957 8962 10319
505 4493 1678 8138 1961 7279 12694 13698 2384 6349 9115 10248 5763 6826 7794 4442 2501 5418 4769 1054 8274 9092 10189 7973 12201 6103 10105 6895 2564 78 5887 944 10312 5019 6764 8816 1108 3019 5675 12990 12954 510 12539 12877 5680 13950 13583 9654 1339 12484 12660 1114 12554 5148 11445 8099 10006 12937 3045 3007 9437 6328 2101 3627 5729 10582 8757 14113 2691 3576 9158 10562 12817 9071 2463 2613 7045 9478 11573 10789 3659 13409 7538 5727 9787 11194 9449 8024 3675 1933 3865 1583 1311 8985 13427 9798 8843 8022 4323 4491 9979 3960 12797 8675 4962 9849 5790 6445 1528 12768 1157 6641 9828 13191 2077 10992 12256 6246 11191 4997 778 2456 14166 2399 11904 10710 2111 13719 8246 13508 8963 2825 45 3142 2756 6563 1588 1428 11819 5241 11817 11460 3441 6660 12397 149 2478 1126 10263 7060 13381 6235 1465 4865 12596 11372 9380 922 121 6423 13908 6978 9978 12999 12682 10149 5115 84 11416 11712 9725 4179 12031 6184 8789 11644 9428 30 14034 6950 8330 6018 8269 5711 3140 3210 7200 4498 548 2452 6116 2469 2484 8394 2093 8451 11172 5926 5084 990 10599
506 686 2164 12820 10105 8551 3330 11293 13133 11893 9654 13222 8918 2001 11729 8411 2408 5521 9576 904 13652 2322 6834 8786 1547 5491 10918 3497 13676 6654 12597 6257 8587 56 2250 9032 11804 7029 1296 7329 6112 733 5940 5596 13841 8143 7683 7340 1780 6271 9026 5761 9964 1691 2699 3718 1964 4811 4603 7600 11711 6346 4467 7519 5684 7972 10345 3881 6759 5082 6607 12316 2710 6569 12641 7740 6071 12059 2692 5170 1207 7796 11567 11500 3725 7363 7924 12738 802 3485 944 7486 10239 1067 9786 2698 6522 9378 11261 252 7666 8543 10701 803 104 10831 1632 13350 2829 12061 10281 969 1094 3105 12117 11699 14165 5446 1838 13727 4175 783 8664 4430 3457 9848 11082 5589 1812 1843 4221 6952 1749 4560 7657 7967 6221 8653 12388 11217 3684 10873 7553 9502 2565 13558 13849 11118 11393 1589 3226 7449 2075 12136 3736 2364 2765 6279 9713 9555 3066 7734 2093 443 13392 3617 13548 13240 12914 629 3125 14062 2889 10744 635 10940 6546 7566 5578 11774 4802 4277 13323 4830 12086 11864 5277 2931 12657 10935 7695 12111 14048 2434 1341 1984 497 11578 1027 13684 1802
507 2525 2969 1520 2500 7909 6357 1546 13243 6966 8230 8810 11956 2177 4417 3996 9764 5271 13153 13509 8693 12848 2987 9532 4821 8690 10421 8766 10054 7838 2363 12769 7099 11776 4498 9579 10634 6772 13545 7560 12432 5123 13414 10560 1173 14193 10806 6323 4161 13999 1021 6088 12379 6508 1365 10562 14186 4087 7798 13443 314 13927 10301 3111 5497 6699 439 10820 1821 1017 537 2944 10383 11699 13960 8270 7445 2853 14069 7993 6973 9997 13061 10217 3502 5845 11244 5799 3669 12673 6466 11465 1724 8253 5747 1793 639 1828 12879 4464 2937 5007 5383 10269 8995 8293 336 7271 12783 2619 7821 4891 5862 12764 12162 13817 1227 7787 3536 6118 13250 11142 10070 5484 12475 9374 13468 7921 1584 8416 13850 4805 7824 2274 6744 515 3556 11073 3420 3456 9098 7782 7210 2506 3654 2878 53 4292 9337 8718 11996 10800 4779 453 1189 1356 6945 11211 5309 12262 2538 8440 4800 2998 12509 10392 8213 4035 11718 12469 10318 12517 6831 11037 8854 5328 224 4515 820 2431 5772 4468 10120 11166 9846 1645 6703 892 5919 2750 6085 2123 14196 683 1482 7608 6952 12842 1503 9747 826
508 669 11311 12178 11338 7971 11489 351 4607 8537 2929 11595 4398 570 1058 14204 5990 12367 723 2318 10620 10806 7696 2415 974 1216 10258 12893 10421 62 9628 2894 9445 1147 4710 5954 5699 5464 286 11671 1961 12171 3917 8321 920 7692 2104 1581 4067 210 5631 5558 130 12127 13295 584 4185 1699 7777 2550 1207 10403 6711 9259 13439 13395 13386 1073 483 7038 9859 12741 2920 2782 11464 721 8177 8073 7362 7278 1450 6564 5121 3336 13906 13237 6080 6263 2917 1866 1513 7834 3745 5579 12117 4938 3668 6891 4570 11965 12429 1448 9208 10977 11162 3458 12881 8161 2849 12584 6354 11410 12698 13544 12190 12336 1414 13354 14077 9494 12661 1461 7516 13318 5023 13424 5627 4040 10304 13630 3676 13999 5415 13628 13950 5841 12229 10803 7965 10276 1556 10871 13773 6228 12296 5929 8753 12724 12273 2459 8679 9710 298 6394 9021 4655 2471 9076 604 11214 12825 9660 172 1416 2256 5506 3129 2691 3783 11903 14139 13384 12705 698 2015 5028 6258 13321 9956 6664 4473 12322 11700 13049 4153 1476 368 9738 1844 9623 8440 12518 12683 7075 13763 2091 857 12173 14215 9607 12755
509 2002 2483 5265 3580 9512 8286 12309 12677 11847 5059 2645 7904 12085 8436 1651 9375 9172 1388 3752 367 3790 1530 10366 13367 4347 2064 7078 6502 12590 8841 5504 6277 12181 1586 8281 8982 13842 11005 8146 4230 6677 6598 1576 13930 13493 10350 8851 2098 9055 6116 4472 5571 3392 11478 3260 10285 8494 1977 11616 10777 10619 4126 1769 5828 10816 6477 845 1132 3345 5179 6646 2852 12046 12467 12418 1932 8301 9725 11346 7871 6202 1364 8100 6909 13963 12785 9952 8112 10113 1335 7589 13997 5355 6810 8527 7035 8717 12211 8101 13395 12116 3087 3167 5187 5087 5132 13056 7819 13633 10365 11646 5075 2517 11297 9848 1653 875 11670 7150 8907 9861 6341 9279 11179 11625 4770 9276 5157 8468 10485 8421 6365 3304 2790 5966 7461 1023 1892 4366 1510 7106 5546 7444 2665 12992 6162 9515 1590 10677 10672 1773 5746 2698 10264 1754 8073 10899 3699 11334 7253 11967 11253 8648 2762 6610 9835 3551 12517 7251 877 13700 6907 4289 4667 2974 2048 7558 7541 7976 666 3964 11599 4612 12279 4800 12249 6227 7666 1872 10417 7884 277 13825 9630 13944 3386 6149 4296 4098 5978
510 6916 6124 7602 168 2330 9631 6695 7867 6616 2102 5044 3008 13716 332 11958 1993 1033 7778 1763 4943 4184 2782 883 2123 3437 3171 3627 3927 1344 6494 8659 4751 8554 11679 8228 3025 997 6950 13297 8092 869 3750 3688 1452 13144 10141 7973 13369 9654 6589 14002 5858 6896 13524 3913 1455 1597 2036 6273 3454 11203 69 5486 12647 6978 1165 9943 1996 4009 13301 11848 13926 3958 6317 7533 2231 8667 5699 3150 7710 5958 12223 4950 5365 8937 1407 3865 4323 7021 9303 4253 10929 3830 6882 5039 590 8188 1339 7674 2360 12072 2949 2729 10342 585 2134 9203 4525 1935 7413 4741 2673 14053 10737 12806 4542 1044 8590 4960 13733 9113 12053 3733 1975 3840 1785 7341 984 12788 8729 1776 1356 7376 8203 9446 8438 215 13449 5912 12519 1152 5372 10953 10617 10248 926 11536 6592 28 12506 12230 8171 8515 1359 4735 12210 3542 1369 2321 5041 13480 10488 14090 2727 2795 13239 1468 201 4095 4246 4808 3881 2093 1110 9402 7958 10265 7685 13412 5846 8416 10316 2573 9895 8441 12620 10182 7259 12457 9878 11745 9871 11677 5197 13815 2365 14212 8395 5819 384
511 1005 6931 2910 7801 1584 5227 1125 10301 4764 11153 9850 312 370 3456 2401 482 3551 2827 4753 9072 12125 11274 2677 1737 8644 11463 11806 6913 10124 6036 3023 1963 7766 9830 859 5299 11467 10796 9842 12097 12320 8994 6722 11084 9511 8269 8885 13306 3845 13089 5657 3489 12847 6811 1626 8850 10109 13894 2427 12007 2775 2742 3332 2155 12576 12998 8028 4049 8480 9244 10992 3935 4649 4571 3429 12650 11626 4311 14016 599 7877 11224 2670 1446 13311 3363 3764 1544 8552 2473 6641 8174 625 916 12836 5250 2259 6547 10175 9814 12034 11979 10418 1974 11695 13281 12403 2674 779 252 4530 1976 6019 3342 7631 10598 6862 13908 4862 9739 4496 7021 5597 9905 11157 10360 10045 4721 8106 10613 14093 3072 4641 1008 6245 1203 4498 7658 11605 8003 8680 8198 9713 4094 731 12920 7070 10203 13031 9929 283 10266 13773 6072 26 9056 6854 7263 5885 374 1857 13233 10536 4322 6674 9598 2125 13243 2381 5909 1029 1291 7502 11083 5617 59 2608 579 7012 1690 6809 8014 11303 2140 3513 12802 67 1680 3937 12128 7773 5176 6745 9041 7865 8879 12909 9389 12813 5439
512 5946 7216 10281 11187 11243 13068 10991 9517 4197 12425 6901 3440 3401 2879 5507 8452 2198 7751 4091 1573 2498 1865 13844 9520 8952 758 2871 4205 3119 3740 1909 1330 4161 7337 7289 13991 9846 1588 2732 1464 4154 4602 9684 3398 9953 9365 3436 12649 10857 2752 13702 2814 5942 11775 3287 13576 1505 14215 2100 5018 8070 13536 4590 11000 10406 3192 13072 2321 5098 5354 6639 3224 1916 567 3594 5511 6194 10469 9515 8025 2778 2926 9613 6770 10913 9991 11466 583 13337 2421 5458 257 4782 11996 723 8604 12915 3302 3284 2399 13188 12541 5616 4258 8234 11623 6063 10755 8107 3589 12721 7305 2210 6361 7840 5398 9935 829 4794 5384 13357 5482 6312 11091 12742 5186 2888 6588 6697 9990 10420 11859 7407 11588 1465 2039 3932 10689 8847 224 13682 2426 7903 11141 10924 11676 10054 2030 1954 5288 8345 8817 4923 12353 6352 11579 5745 1443 13190 7212 2016 10389 655 9187 7359 4927 7713 12597 1346 1379 6976 6897 1319 3158 3338 12140 9933 7309 9958 1755 4222 13803 12888 10480 3772 6819 7787 5038 714 8621 2591 6689 5918 11333 5711 13892 4950 4846 9905 7395
513 445 13102 6958 6908 5176 10090 13705 9478 8851 10055 11907 8743 1256 5590 5218 3014 7914 7124 7847 3799 3313 12400 13066 1422 6564 8821 10712 13330 6890 13078 7387 1515 7621 4 4599 1781 13498 10720 3988 13947 6710 8495 268 5877 7589 1616 5226 4758 3581 12289 13930 3921 4465 12643 3545 11962 13435 1144 11465 6643 8791 10754 3237 11956 5002 15 6866 5936 10069 5360 11629 13669 4532 6202 4642 12112 14152 5689 2999 1836 9857 9522 10146 5402 3345 2310 4685 1795 1050 986 9100 11970 3163 4617 5344 12586 6793 512 8339 3675 9859 688 7542 6852 8631 3365 1456 9089 539 7438 13202 2809 3307 13491 10052 1458 7171 12320 11433 5240 6634 12553 957 11020 7434 1821 11921 10861 11458 12633 8967 12061 574 1270 670 3249 2126 584 11703 399 7675 13272 7152 2249 9479 9977 12571 1245 2269 12717 3815 6857 14214 8672 4322 4837 8477 2617 1110 7021 6765 404 6098 6013 14149 11500 10851 560 6055 11662 10880 8496 10324 10816 9530 7540 9399 9908 10958 11174 1593 13207 11908 9215 11935 13229 5600 13595 2968 9326 7938 13476 5286 2023 13007 6382 9608 7278 13315 3430
514 1790 9939 6282 1081 9456 4111 7151 1408 3541 4261 13584 4019 7660 2616 10928 13985 10294 8858 10066 9870 6032 11066 10970 5653 7795 918 13185 11232 11002 12684 13851 11373 4391 3972 11538 9002 8743 2236 11190 1091 576 1819 3629 1073 10129 12808 12880 8470 13002 4537 8998 8313 9841 10773 6490 2825 2199 11816 578 2289 10376 9944 11793 9215 796 10556 12085 6039 10298 4677 205 2341 9097 4445 11293 13994 2099 7870 5416 13776 9310 5016 13752 12560 2968 4342 4845 6698 6791 6877 11948 8343 2010 14017 1760 7575 8864 9472 7888 1288 6763 9810 2041 12592 12847 2461 13692 9822 10489 3978 669 6466 9849 8766 12629 5126 7827 8090 3006 9606 5272 5069 2453 11492 10640 676 11623 1144 5160 7867 7540 14000 7804 3498 12068 8800 7918 11682 8693 9096 12885 139 4213 5077 5629 11704 1344 9560 5025 9514 6158 4992 7284 8248 610 8861 11831 2302 8533 9576 12977 3117 8228 11995 6481 13342 3885 10969 3649 10642 9357 8301 11073 13637 11457 4577 13939 13956 7188 6887 6031 8532 8689 2485 4787 9966 530 5592 4870 1700 1716 6324 9580 8336 762 5805 6671 3777 1308 6030
515 1593 12701 11306 8772 283 5247 8350 13975 5768 578 7528 9974 10849 3455 1272 10410 11202 5718 4670 13309 10353 12978 4151 7198 3132 11879 7367 2549 4328 9647 3267 11494 48 403 9784 10386 10898 589 6614 4964 1025 13007 712 9067 7914 1352 1976 8641 1449 12087 14110 9693 8836 7038 10912 8493 4330 12625 8637 8227 3050 12340 12426 6906 9291 3321 4013 12106 1111 12913 2860 3664 2736 13752 5552 2205 7549 13613 12273 3741 5435 2815 13495 3026 4065 7465 14081 3606 11538 2291 13519 5917 5998 13151 6905 10132 14075 10921 6038 5803 7049 3710 3856 2375 5965 13951 4080 14024 978 4825 6777 1254 4313 10998 89 2435 13354 2797 12725 10590 4792 5275 5629 3932 11380 7483 112 8587 10610 8318 7440 11549 5564 2429 6685 12008 4285 3587 4849 7321 66 7167 2737 8375 3117 8326 9551 10551 6405 2915 12223 6275 3067 8603 11085 245 1349 4347 1549 9393 9458 11748 1537 2771 2364 5728 7344 3337 8822 10703 13589 5049 604 12877 10245 12586 7817 12912 5574 2577 3361 5795 6125 1073 13467 5067 12400 11695 3975 8010 11958 5621 14011 10326 6314 9117 52 8208 537 7170
516 69 3857 4913 8574 10901 6663 2536 1655 310 1526 11441 12514 14141 726 4432 935 513 231 13580 2272 1474 1173 4165 8941 83 10234 2045 8511 1919 9913 6274 12871 2934 3940 7524 2534 2847 12010 8654 3590 14045 8347 11575 7760 5306 8291 13469 3760 3077 12374 2615 11397 9755 13295 1559 11744 6134 12867 7431 12646 8461 8046 2457 13582 233 9437 12751 439 12436 4147 13273 9194 4506 6733 12959 13607 12042 5444 13630 8638 10512 2972 13778 4986 13772 7532 2183 11280 13774 7822 1455 7141 2338 243 9083 4007 10967 9630 6574 149 1597 12680 2254 5323 7075 6860 11526 10108 11505 5388 1759 10450 2952 8492 2638 12770 11651 6842 725 10385 9005 12498 12655 5454 13756 3131 11640 6670 240 10550 2198 12108 2698 1974 13776 9987 3586 12565 10727 298 13743 88 11224 7180 5280 1090 6006 6513 6937 1064 12275 9297 9823 3236 8101 2736 13482 5750 9979 6564 2173 12050 13173 116 1366 410 38 10300 9025 5707 11578 12367 9105 5955 3969 12215 13909 8270 11037 1852 9294 12474 11901 7453 5460 5605 537 9458 1994 13847 2239 9335 8048 7263 3418 7272 9238 3469 11818 11995
517 6844 13309 2093 9045 12039 10106 11066 11986 12921 11755 12201 12271 9972 3007 13055 13713 7765 7339 8294 14194 3306 12238 4847 13903 2347 11055 9729 12960 231 7408 5626 6138 9063 12370 6580 7923 3225 13858 4362 6307 5253 4800 12349 4036 3843 10955 1357 8470 8533 9556 10766 7795 8484 7126 3207 11169 2698 12248 6868 3912 7647 2261 9636 4365 6182 8966 4371 13034 1053 3686 3591 13293 813 9625 5338 11260 584 14202 7426 4519 53 4412 5897 8818 5916 13312 9849 11543 2327 1991 3597 3926 11833 4245 9687 2796 910 9846 2747 6325 5034 13203 10939 1571 3222 906 178 3280 11728 7467 2765 7804 2104 12621 4009 3058 6021 13585 9743 6389 10530 4710 4229 12441 2293 6133 7672 6375 9089 3392 7650 12009 12829 5274 11619 12040 8487 12937 11690 4949 9130 8291 8585 11873 5117 10019 8900 13386 10736 3847 2851 9490 11892 12577 32 13199 6201 3533 13621 11272 9412 633 80 6513 3637 5947 13550 6758 4019 10742 13633 11858 1628 8977 13480 10452 4398 508 125 2897 12028 3353 9471 11184 4307 5607 3645 11112 5932 7162 1134 2819 153 11035 6552 8962 3346 4798 8129 9953
518 1264 9627 8539 8365 1097 5418 4799 10494 925 9015 13081 12053 13184 1199 7840 9315 3726 3185 3224 6161 11039 12155 13031 11098 420 10725 3738 3721 14146 10691 4258 6008 9637 5100 8909 5891 11577 10340 10446 11096 10473 14034 3631 4832 3031 4345 8820 4733 3788 7911 275 9692 4442 1821 13486 2588 9107 6727 4434 10266 11179 3834 780 5243 10182 12787 10798 7205 6592 1501 7126 1658 2184 43 5723 6661 11526 7531 1324 1726 10603 225 6997 2433 10999 14055 6456 8894 10504 4975 5776 10585 12706 6104 6002 1012 12120 14115 4367 12920 1965 615 1155 7685 7322 9389 11454 9423 11243 13413 11370 9909 9070 1019 10049 11092 1378 3303 2980 4639 10918 8960 7059 8527 6177 10635 11580 6124 12925 126 11453 7218 5188 444 942 2591 5008 13760 12073 8560 2520 5627 6839 3051 6232 4862 13537 8270 3784 3804 11594 7994 6566 10402 1140 9652 9300 8850 10064 13526 4979 7988 13001 11509 2317 13098 8671 4718 5289 6560 8598 5485 4428 10286 6986 6025 9916 7658 2763 3478 8853 12192 1881 12689 11136 9213 2574 13238 687 665 7183 7751 7799 4775 11878 7281 5923 3877 4945 5151
519 454 2612 12051 12105 12579 10791 8343 7047 4515 2797 11391 13506 7453 11481 6616 7788 331 2960 574 7510 7302 9109 3689 9328 12698 388 4083 6549 2678 13851 645 7753 10586 8380 5755 9969 11171 8198 3093 10613 10503 8784 4264 3732 10065 10943 12347 5164 4958 1174 11922 10635 7128 6967 5815 3708 882 11358 11725 12854 474 872 4846 8199 4865 9653 8470 5596 13431 762 10522 12689 4031 11694 12419 3452 8864 2573 3753 10974 2948 13348 1121 3490 2738 13636 10083 5587 10121 13176 456 3890 7673 14056 11125 4666 10658 9233 5797 13093 6485 7682 147 13016 2230 707 12714 813 12779 11963 10527 910 5958 2739 11809 13757 4982 1815 12764 12858 5258 12544 13505 10320 1485 6164 1391 10569 3170 2376 3282 6865 12202 10195 10101 1320 11134 84 10822 819 5087 12813 9397 4990 452 8103 5121 10428 5072 5868 4274 10889 7597 1573 6305 7151 69 6357 12180 10132 6081 199 4019 5547 10771 9217 4331 1275 2888 1039 2123 3526 13067 12491 5224 13780 3292 5384 10659 11811 11853 5730 11745 11910 10402 692 5125 13896 8256 5059 10066 485 5085 10851 6144 8915 4539 10342 3659 3183
520 6816 12985 1579 1274 13937 4042 12184 2170 1313 7856 12699 6969 33 10740 10397 11652 6123 10865 11794 9926 13343 3249 7032 11560 10011 288 9793 6192 5197 10893 12809 12722 2022 9911 3625 8375 4974 3311 2974 791 1975 7056 1211 1421 7592 7083 1493 5542 7331 1938 1737 12854 7238 13662 13471 12121 2577 9038 13619 10071 12477 4126 11485 1665 10909 2886 3564 8309 4759 8316 5731 450 3284 10337 12423 10777 2569 11989 8529 2244 11023 2310 8297 5455 3364 6937 5423 9542 12269 2124 1082 9632 12512 9908 10759 896 2894 9931 6571 13634 9010 9691 239 14110 7489 12599 11132 5476 6830 12846 7598 680 10830 11414 11983 3777 5229 11948 3118 6215 5881 2855 7708 1172 4557 8641 13677 13620 3381 6019 2640 8666 7168 13643 4135 10809 2447 12514 3049 13153 10571 9275 7103 12125 7439 1489 7400 5732 2437 7128 12642 9567 12354 1614 10348 5986 6515 4655 5757 1180 11790 4193 7837 609 9758 2721 12812 6218 1943 4016 6163 12965 8875 1889 6430 9752 14117 10829 9617 4152 9091 1252 3905 11113 1340 9666 12563 2715 12159 12253 2845 3618 9130 12614 3662 11896 5735 1728 2374 8079
521 8406 13664 4602 2239 5706 9694 2193 2815 12444 4338 13017 1056 7751 9317 4769 13869 3395 1638 8626 14199 3871 6303 13131 1520 7862 4030 14095 1986 1516 8054 7713 681 6454 13491 7012 11345 13926 2534 4933 5439 13583 6115 7643 6244 5897 12872 10834 4385 7323 11789 11089 7083 317 9455 13712 7631 2834 7286 6372 11721 711 6754 5561 8351 13153 2873 12903 2829 3166 12713 4711 9771 8870 9128 586 10804 686 3898 3706 8545 13236 7290 10168 10747 3352 891 12065 2235 4837 8392 7447 12962 10043 5220 5987 10452 6077 10584 454 6053 6970 785 9053 5717 7698 8595 10658 7360 994 2589 6822 7314 9890 1129 379 3601 11152 2181 3313 7792 11244 3670 2608 5611 5489 3278 2219 6177 2871 12409 8458 1757 13250 13379 8684 5310 3063 1753 13699 10102 13034 10420 12203 6929 12842 8826 2670 7251 7891 9783 6584 13063 5550 7561 8812 1875 6093 220 13273 10008 11381 2891 13246 9621 10668 6827 8150 12007 2524 10174 11737 1815 3638 13093 8708 5037 4822 8800 9213 2492 346 13811 12798 9568 4069 8702 7946 798 14172 6621 2506 5748 8664 12475 4740 12779 14073 5382 13486 12660
522 10304 12980 13198 12105 8228 396 5455 6083 3970 537 13063 5732 7979 1422 11776 3527 13577 3071 11234 10699 9133 7009 13780 13369 1899 9175 6232 11062 5928 10563 7260 11328 1855 1410 11504 1960 5841 9392 125 637 1668 3782 14158 4081 5063 7737 3537 7494 8323 3409 8073 11047 12872 304 13166 13371 3874 7745 8372 582 9401 11150 10991 6227 11693 724 3642 5118 8539 1015 5531 4460 634 4140 1972 5512 4041 9497 9860 12101 11203 3407 14202 8271 3532 2316 12939 8967 3776 578 204 619 11808 10586 2101 5848 10670 6185 1170 8145 13443 6286 6755 11568 3986 2238 13132 14054 7144 12800 7554 4632 2339 4981 14127 2764 583 13507 1434 4931 1528 7073 3908 164 7952 6020 9451 5919 4013 2775 10251 8830 11140 10022 268 6081 13356 3515 11391 4044 10862 7659 8070 6614 378 7940 711 5209 9482 8302 5231 1382 2905 11765 371 3775 3494 3177 13460 6454 11817 2572 271 9796 115 3852 13062 10499 1335 1897 2380 12390 2328 7944 7657 4026 4833 12965 7918 12578 12693 10263 277 3496 1556 12267 13476 2180 7406 11115 13372 14036 2806 11512 7507 1334 7702 8162 11120 2795
523 7520 5525 5083 4381 6134 11853 2545 11641 508 7742 11761 12564 7486 7760 614 10694 12973 13559 1226 5824 3256 10775 2804 9549 8711 9152 5409 12512 12328 851 2793 13155 10771 12202 802 5068 9949 6836 14215 3807 14098 3465 7735 2602 539 7871 7013 1712 11268 2082 13472 12776 6866 2972 6430 9854 10263 4158 11596 2210 8548 1972 778 11452 1305 4985 11715 12958 11396 6698 4023 7926 761 11732 7504 10341 1463 13408 621 2967 760 11645 7478 6236 5165 5783 10013 11272 1811 2869 1737 12031 1551 9632 9726 1433 5077 3232 7629 8809 258 1103 3073 6335 9714 13505 10086 1570 2815 9846 14188 7606 13299 3948 2005 11537 10241 4827 9030 1172 5893 11990 3646 9371 7689 10588 653 5850 566 4979 3481 7405 9604 7438 9364 4987 11662 2282 9041 2295 8689 7308 12692 8299 7356 9163 4825 3121 909 13069 7568 5654 4340 5404 6410 9353 9492 70 2076 13095 5886 9471 3629 2568 6005 9944 1405 122 11026 11609 9465 2686 11472 10121 6775 2856 11936 14133 386 1598 6731 7245 2713 12410 2444 3779 12040 5799 1093 1704 7575 12505 13562 7783 10625 9330 13306 3407 12483 10054
524 10334 12873 857 9822 10805 6361 7391 9008 3678 7519 7292 6406 6030 5715 13327 12648 6335 3550 12770 12620 3724 5337 6714 3878 5863 6952 5278 5356 2953 287 10323 4729 13900 10080 5880 12779 11349 6277 3200 8994 11847 13792 2952 1601 4875 810 10775 2540 9504 1119 10619 10319 1503 5633 1094 7200 13108 247 10278 14171 9587 1866 4153 5018 7789 13569 4448 11668 11725 13926 2290 5793 13185 9797 6216 11279 9108 11850 9014 270 8961 5407 12376 13937 2929 14114 4613 5507 6516 11052 4347 21 13976 2404 2576 6518 589 995 12318 1665 12877 199 2817 10637 3278 13051 8278 9809 2389 6912 10906 12500 13555 1935 5048 6321 562 7984 13744 1569 5945 2365 2033 5906 7634 10537 5588 5954 12777 7339 11300 9591 1410 3618 13119 3833 11483 639 3284 2258 604 7241 6445 12089 10358 13316 11163 6095 10951 11867 4009 10758 11451 5908 4986 7965 6644 1566 13164 8107 13586 7435 3779 11152 9959 635 5402 9851 8882 4285 4312 6331 7461 1858 1416 10190 10068 12522 9610 3087 1658 7188 8083 13008 6809 8541 5676 1044 6802 2655 6296 5034 8631 6159 515 678 7321 8418 9727 3349
525 1079 7700 5590 11313 11136 455 1681 6567 979 3506 3899 13459 7434 12581 9369 8949 10599 13117 70 10457 2991 1640 7454 7642 2946 7061 11951 396 629 6818 10757 2850 1083 5019 12616 5145 13993 3325 6790 6924 12220 2796 10460 13351 983 13158 8826 12962 5751 9173 1367 1992 9280 3035 9957 2200 886 3419 7511 12369 7506 10405 11340 9908 6965 3436 11716 7978 3347 4279 997 1248 4457 4610 13764 11014 10839 1610 12197 8793 8410 3387 13540 9995 1258 7292 4878 2394 8449 1119 9663 9011 11729 11578 8253 480 10592 7286 1366 4970 3977 12361 11689 6734 10331 80 2372 11241 10228 8539 8913 12637 13170 4245 11695 6281 4723 231 8183 5282 6234 3622 6472 5836 3056 9204 7181 5535 2344 3676 6372 3206 2519 5795 11678 12276 8953 11608 4321 5241 7320 2085 4295 7005 4185 13494 3214 1956 8442 4280 4761 6126 176 14120 6975 11714 7250 13245 7188 2046 7175 12869 8356 3612 13496 10779 3814 7525 1542 11027 5735 4502 1976 2643 12152 5366 1612 6728 8145 12109 273 1150 4642 6113 11527 6834 2201 2319 7944 6241 6407 13319 1768 11852 10212 9400 6154 10570 13142 4331
526 5379 2773 1837 8620 923 9419 10169 3939 10765 10923 6925 7938 11427 1133 1248 3370 13401 4352 4052 5142 11643 1310 10552 11662 1106 5225 10326 11889 11068 6499 9163 10937 12563 10639 11878 3026 12892 8068 12436 801 11374 12602 7067 12849 99 5151 3848 2564 8416 2941 10142 6636 11536 8710 8028 10741 1659 6906 13450 7713 591 1129 8408 1117 2979 13412 3383 2593 12593 12863 5024 5179 8836 4165 742 3101 6904 9363 4191 1643 824 12542 11583 11963 1193 2163 12920 6898 5198 11385 3482 11865 13703 5934 4765 9856 6659 9479 12775 5332 4768 10905 3429 5001 7985 1355 12328 12983 10486 9252 8578 9590 5613 1563 2640 6569 12231 1885 5014 13092 13244 4275 12626 11698 3460 6774 4922 4101 11939 8563 434 5308 5757 13449 3436 13631 3883 1846 11071 13395 1882 1575 12035 3605 13257 9901 7290 5085 7892 9620 12397 656 7805 13382 13847 6534 6897 1089 332 10444 13316 11719 11594 2157 12126 7766 3316 2988 4159 10953 876 6997 6063 13135 14111 5715 4856 7303 10893 13060 7118 8909 11816 4140 9113 3987 10826 4451 1234 1162 3285 13795 4313 12672 9927 10869 8366 5952 2982 13384
527 8499 7533 10473 13958 1549 12110 241 2667 6357 13628 6170 2879 13078 13689 363 10328 4790 4436 8293 10689 3840 6086 11285 13867 6213 11522 8307 13705 3810 11032 12321 2577 6643 4615 14166 10283 10635 1901 14182 7492 13727 11022 13496 11992 1894 9298 6504 7863 4629 3900 13132 11489 1498 11083 6964 9142 2750 8724 7583 7458 3431 1483 1209 2852 2996 6893 12247 89 5100 6486 994 11823 6226 5178 11472 6133 6046 981 11737 10247 1925 1606 76 3265 11265 4388 11141 13128 78 1048 6141 4917 5936 5049 972 2412 3921 659 2258 10301 8053 10952 3051 7626 2054 10163 10261 1206 14205 9128 845 3132 3215 3873 10260 3339 802 9479 2622 8125 13085 4108 4001 14093 5376 8346 1646 8089 6288 11051 12047 8404 13407 9303 8453 5671 9578 4919 7277 7611 4771 11357 1211 4997 6635 2605 3447 7435 3809 2012 44 2292 4974 8091 12228 12505 4735 7389 6257 8838 12252 12327 9011 13817 880 8461 9290 5856 13422 4173 4056 8311 8684 1361 6630 13952 8915 279 907 9893 11172 3511 2158 9910 2105 5575 3156 938 4245 11954 4316 6996 8769 14167 5064 6221 1482 5593 12214 3950
528 5711 9939 10043 12468 12432 2383 13563 12871 10753 9592 9056 4811 9077 1584 5786 9117 13268 13999 176 5776 9892 5845 13065 9268 8646 11192 818 2813 6266 455 2781 10943 10648 10736 5592 9003 9411 6879 3840 4759 2239 12636 11740 6116 5099 445 12844 9266 13694 11851 8588 10922 6145 11766 12013 2527 7715 7023 2005 11732 3115 4612 4594 8004 5 3350 8413 4868 6137 3839 7724 5050 5897 12478 4837 13546 7884 12071 8662 4339 6894 5673 7588 3359 8221 6297 12372 6653 2910 5745 6360 2019 2973 10360 7375 10223 6729 13228 13300 6881 8274 1413 8005 3696 10173 9187 1052 12294 7239 112 1329 3442 11743 749 2452 5222 9261 7275 1793 10187 5205 8883 13611 12566 6656 12323 8847 11079 5747 12876 8171 68 5432 11023 2499 6834 3464 3221 9344 9973 11538 12998 12630 10383 11632 12290 13676 7585 8283 32 6434 2867 9328 11108 3452 705 3700 2206 7338 9002 4394 840 12145 1536 11968 13934 12609 10359 1299 2 13241 1178 7809 13575 8957 13596 207 7739 12756 8045 5810 1058 1572 12858 7977 491 80 3567 1145 2643 5012 9373 10581 8037 13705 3235 7651 2200 2077 6027
529 10484 10128 8241 5049 7319 11873 11273 11591 3543 8075 2231 4504 8097 11115 3448 473 2469 2542 8108 6527 6027 13730 13250 3609 3099 10498 613 5235 6927 6227 7503 1098 7547 1975 4640 3070 6878 2338 5874 2495 4351 2216 8892 215 5039 9758 2480 7219 947 4197 9235 13436 3006 12079 12549 2255 12617 647 7178 2977 7587 8747 10022 2220 2867 3668 184 13765 2614 8522 234 13916 13666 904 11334 4372 5175 878 12571 3575 4820 6243 13726 7960 8379 1914 6165 14009 1521 5279 1839 7845 13041 7843 2308 9565 4585 9354 6688 3060 10519 3393 2918 8223 3338 13680 13080 13211 11642 282 11743 6228 4497 5971 4140 2833 2050 12299 10542 5640 804 11433 5395 4337 3342 2350 10950 10178 13640 11084 1193 7985 14177 13891 6327 3614 10343 3538 9366 2452 2002 12437 1284 6541 6523 4736 12541 6967 10003 2847 368 12143 2061 11772 5708 4880 7932 11693 1657 12404 11113 9465 4579 13500 5871 5102 3560 351 255 3033 3554 460 73 13738 7461 7878 5677 4817 7151 10091 11460 1387 3301 5983 788 3091 919 12673 3900 13169 3318 3660 6797 13785 10304 6593 5932 9557 1689 5926
530 10487 2027 2459 11 8913 3842 4527 2781 2760 5407 8509 8605 12138 7979 6640 4374 3913 13520 3884 1248 7265 3824 3157 1028 12100 9026 13389 6892 12040 2791 6914 13295 7671 507 6946 5900 13100 13368 4067 8766 3435 7582 2205 5106 14214 6790 6684 9008 8947 45 12895 14201 11873 7096 12209 158 7614 9464 13294 1043 12887 6369 7895 2 4177 10471 2553 13226 5907 8837 3397 2232 425 9358 9620 12800 8333 12112 9949 7131 11086 10536 10020 7494 2253 11639 14024 2054 9892 8936 255 10462 12759 12116 9675 9682 8953 9612 6255 12201 2719 1546 723 11358 7196 11355 967 4012 1671 5836 8603 6471 6965 3872 6596 2226 1049 1187 12810 9453 8920 5611 4912 1538 5581 3331 2461 3608 5275 1761 7967 1384 8955 7154 5549 2239 5101 10732 11035 11908 1423 3460 12598 7193 6231 8724 12685 8617 4739 10669 9410 1942 11060 13881 23 7961 10709 12237 100 11089 5099 4040 7032 2489 11848 3325 358 6697 10250 6431 1886 6746 14042 8675 7668 11570 5578 636 7355 13618 6123 5838 8706 13482 13207 8468 9878 12170 488 12390 11420 11423 10190 2619 11989 976 12849 9923 7535 8610
531 4417 780 5983 11571 8212 4271 4622 10280 12562 1425 7529 3403 627 13824 3784 438 6010 1748 11947 2507 13381 3975 11980 13023 4175 2196 12616 7591 13379 2285 8775 386 6779 4004 8661 13998 2256 130 6487 1540 9249 3869 12149 8647 6884 1322 4133 3470 1086 13511 2191 1884 6571 2936 11418 2452 1547 12455 2746 4534 11599 8895 10109 7253 13733 6395 6691 323 10723 12734 6179 12464 8791 8941 4987 12136 10759 7946 1898 5740 1298 10800 6997 12269 3137 5373 7732 11664 4403 7685 5650 5709 11710 8209 9939 680 6378 4250 7952 5088 8777 3582 4223 13329 2415 13066 13678 727 11784 1648 12201 10649 7783 6227 5689 2325 8958 2262 8464 14127 14183 2908 988 7698 7992 5964 9740 8435 11417 9605 9122 8872 6561 8500 11804 12358 9554 11996 13130 14175 1266 11478 5692 835 10129 1129 12974 1170 2643 7200 4583 6495 6389 13646 9510 8549 11662 9419 5456 2847 1775 11995 14188 10255 4789 3444 1749 2934 6833 13603 4120 1729 4730 5053 13766 13197 6556 6486 6588 12701 8897 4895 11299 8285 10199 1612 14143 3397 6527 4321 8976 2241 12491 5241 4868 10272 11336 7950 10817 8446
532 7239 6987 12654 2364 11668 3142 12473 84 8385 6875 10357 8626 1494 3810 5682 10412 1542 425 129 449 11423 10085 5863 2803 3211 3795 12924 13597 5366 12488 11891 11579 12840 11431 1151 4311 14054 11191 2629 3509 14145 8953 13473 1701 4924 3796 1830 12964 4915 11673 6066 11779 12682 10786 5197 1020 12568 2441 11904 3640 5654 12878 11251 707 6369 4373 2419 5576 8850 11639 13550 13201 2079 12639 10949 12479 6728 1407 7224 6504 10256 13866 11580 13020 12266 811 829 12363 3767 4229 4163 4206 11456 13034 11889 3666 5861 9413 12857 9666 8031 6988 4128 2251 13768 9946 13420 3739 5301 6722 7671 2763 4174 7831 2410 13334 13110 7175 3245 3227 357 6212 7442 10145 883 1595 4442 1226 10518 9359 10353 9578 5212 11363 3233 11444 1958 7307 4789 12850 12026 3697 7595 5123 6731 4247 3642 3727 3204 307 5114 8906 49 1068 10401 14071 5200 6393 5270 9173 9428 1686 8048 7775 13101 4487 5541 13413 12510 2373 12189 3443 13708 5254 1080 1660 12703 10311 10224 12163 2599 10969 11256 6434 3006 3001 514 8429 11951 2637 13629 8148 1790 9056 6345 10912 6873 678 5518 1717
533 2742 13961 11238 11981 12683 7917 4163 2440 1518 5539 2379 241 5205 381 10210 9828 2116 11249 1633 5036 14209 3008 5354 10112 4421 10705 3947 1982 314 10389 13614 13652 7071 6149 7060 4962 7493 1022 9989 2071 1499 2547 4085 10570 2136 13743 3589 7957 7811 2847 5694 7548 11941 4838 11607 49 9535 10677 13551 2059 9467 10332 11026 983 1163 852 7538 8558 10334 8095 9116 5932 9417 604 3075 9213 3232 12831 2716 6142 11401 10172 12211 1712 285 12310 13675 4513 6137 8549 9591 12686 7659 1060 13869 7417 4946 12163 1677 5234 12208 9107 1081 12258 6879 10531 474 723 13622 145 2477 1678 3424 1141 10657 2106 11200 5895 4615 7134 8003 3246 3623 6696 11939 9154 4392 8236 1747 6739 1628 1030 6910 7587 8187 3168 5210 7199 5660 1859 10390 2832 11575 1710 6348 11590 4638 10858 5542 3029 689 3390 6276 4469 6868 9818 9486 4263 1020 8746 9363 14055 6208 8954 12373 13100 9764 2426 5072 161 1697 2131 2815 12648 8956 1699 4289 9279 9100 13434 9779 5049 9222 10927 11222 6356 11497 3637 11557 1389 8581 9531 13160 2980 7956 2722 10847 3058 3073 9832
534 1652 2300 6163 10315 5313 11442 12325 14033 971 244 1683 2520 8029 12259 4021 10412 6244 11628 9991 5859 11683 10064 12843 2989 10178 612 54 10356 8373 13580 10640 1726 10834 3254 9899 3262 13969 10210 4378 11048 13928 13613 1296 8303 7279 10187 14210 8853 541 2755 298 2776 12381 3539 10368 585 891 11281 9544 13768 7562 10103 13501 8648 10455 12173 1393 9665 11750 220 5605 2058 8855 7179 1929 7015 10544 12208 12172 13705 8861 5839 9143 7889 13907 205 5356 13101 7424 2685 2112 5398 10884 5741 760 12641 12884 356 11009 4379 4092 5754 9989 12362 4637 10862 3651 5084 3513 6236 9769 10946 3999 11774 8693 8715 11165 666 5822 3253 14007 1572 10402 11914 12450 6613 4686 1697 13339 8161 13706 12016 2253 7709 3099 11673 6009 7701 7929 2813 10894 10570 1256 1410 13934 1542 13707 1703 7040 3098 1052 7717 19 13233 11691 11900 6978 14058 2019 13152 5757 10517 13385 9845 12621 9937 3236 1226 12335 3174 11296 11314 10979 10718 3443 4752 8781 9087 9637 4354 4683 8722 7861 9436 9153 9451 8170 13048 10226 9490 7385 7873 9819 12545 9107 3507 2783 12633 10201 2706
535 3062 1579 4489 10544 8015 2068 6062 540 939 6454 7697 1934 1164 10564 13007 3034 2745 12875 1702 13801 9858 6587 9744 2989 6698 9591 11705 996 11932 3132 8417 4626 3024 9351 874 1162 976 12531 4894 3504 6752 10914 11520 268 7819 9887 4955 1327 10083 4803 11197 10124 3327 1697 10070 7864 4101 13440 11265 8540 1335 10311 10651 6906 1149 14092 13433 442 4343 1000 7536 6016 11500 13276 3419 6726 3643 9568 9921 9969 6364 1667 3056 3586 9869 750 3234 9678 8758 1705 5972 14196 5836 3554 5005 3432 12882 10988 12429 9833 3892 1936 5478 3121 2960 13533 10006 749 4061 9468 5066 5039 2481 6236 10211 10251 3679 2112 5208 8802 3601 1765 982 10926 1873 5718 11723 7854 7312 5463 12795 1085 8984 6727 2490 3883 2797 13972 14006 6783 4724 4901 11399 2226 1193 1353 6323 8928 37 12045 12502 8708 3546 12728 10693 13082 13450 13530 1904 1509 12642 10624 11030 8661 6842 6022 10589 4529 3865 1909 8781 2547 6167 10936 9163 13684 12214 13960 14019 12676 3869 9892 3882 2974 6120 10764 1178 6672 13894 578 10009 256 12650 4456 6180 9281 11303 5897 7503 6523
536 2317 9392 8876 10352 6482 2109 8217 1820 9975 10038 11444 14132 13739 660 6547 4783 529 1246 2532 2293 1129 3526 10159 2582 2926 8509 3957 2604 6349 6588 12239 2852 2098 11179 6822 420 7682 1775 583 7947 3620 4624 8853 6373 10427 11117 783 11089 13875 9149 6618 1031 5757 3842 3996 5821 14114 5491 12258 10133 11069 1329 34 4255 4956 8313 1202 6743 10725 11413 2675 8438 9961 13947 1511 9832 12932 9429 5082 10190 13744 9704 13519 2835 8168 11944 6570 9128 8028 10479 4440 3104 1062 6963 7801 4531 10653 13595 7624 5330 8207 12741 12367 6016 5123 6296 3179 3529 13684 10445 7182 2239 10022 12650 8603 10071 13728 11258 5502 4844 4701 6439 5166 5867 11450 10665 7412 8595 5365 12210 741 8152 5644 4256 10346 8091 9252 8913 5278 1392 11920 11898 732 9006 4278 5290 11836 10787 11945 7791 10049 11803 13312 4646 1541 2953 11743 8923 11301 12070 8451 10709 5324 11064 9891 11932 11116 14071 6666 4859 13663 7218 770 5843 14077 14178 2673 1305 4003 8385 13321 11862 8386 9177 8610 887 387 8944 8526 13931 13906 778 3177 6260 10931 8578 11439 6389 10489 2422
537 765 13918 13743 7165 1169 7580 14020 1867 6076 7242 6862 10829 3108 7287 8503 9943 6894 4822 13754 8907 3310 13404 13797 8301 11277 5857 2780 8817 5055 7925 106 8436 1193 7741 3055 13452 11392 1735 4378 3211 11844 6755 2152 322 12535 3318 6565 7518 9406 1014 6679 3962 5551 4591 3621 1369 10602 13360 959 4297 5631 12330 12650 12138 9052 4901 10759 4102 7815 4050 13375 1786 97 12983 5381 13468 4877 3102 10664 1091 5431 2727 8737 13314 1752 8447 10683 1088 7508 11616 12632 10797 3063 6796 2161 2126 8645 13696 6464 1586 11608 5639 9983 10293 11708 4284 2476 2023 3135 4793 12214 2355 11889 2655 14074 2688 5361 883 4295 3618 6342 7671 11661 3020 10921 7663 5289 9391 8854 9676 4690 11676 4234 11143 3345 12556 13391 4865 4849 12709 13151 7593 1507 2590 6673 11463 12937 9058 969 5840 5669 13306 9860 2809 2224 12782 692 11080 12111 11114 6421 9346 8738 7938 7103 11066 5989 1135 9816 5794 1609 8236 8927 8947 3478 1176 4400 1745 8882 778 6048 3186 3896 8164 10951 5459 1774 9682 7233 840 13825 12886 11198 6770 3956 9600 6004 849 1874 2719
538 6576 705 13815 4170 6716 9574 11557 2055 5768 11366 12305 5186 11132 7089 9578 2011 4019 10290 4190 8628 8076 6543 1905 9992 1334 8135 6058 802 1760 9382 18 5040 3232 4174 3099 11663 6397 11224 3748 7570 2671 1011 1091 1486 12478 4719 12457 4775 4397 13745 2867 9958 8678 5259 14055 1168 5648 13122 9909 12934 5836 5683 1121 5546 8838 5469 3726 9341 4145 664 3322 3764 7607 10539 7708 2147 13587 2355 9407 8771 3212 2299 5423 9501 3195 5880 11729 847 9805 4092 5978 3082 2226 13420 12567 810 7313 4822 449 2285 3710 4329 3981 3524 425 457 9944 7644 12811 1200 9401 145 5747 978 14085 3957 10357 12462 5909 10490 7869 10076 4181 2816 1124 1455 5884 3722 8482 9324 14101 4975 5820 7850 1932 8591 6504 6423 12637 4993 11037 4688 3852 9488 2128 7223 1525 3659 5067 2287 7317 8067 10045 3742 7629 3367 10020 4290 6099 5333 12246 8199 12096 2880 5304 6087 10521 9230 8035 7739 13714 13254 6711 3767 13662 7150 6834 7956 8328 2939 5051 7298 13592 3571 704 3285 9801 1000 348 11502 984 716 5021 13323 13732 8709 9046 13989 4716 4800
539 9037 5616 5145 1341 5371 7241 10106 7087 10637 14034 498 8658 7982 11328 13004 9629 7134 2290 5362 3076 13568 8150 8856 8861 8706 1296 13636 12499 10354 2097 5392 4987 8239 13689 3368 715 13329 7606 2508 9522 9690 2891 2300 11752 2626 2859 1028 2606 13456 13351 8092 10171 9768 12876 11973 5809 7662 7440 13619 3265 8885 6377 11745 3495 4041 11525 13155 7506 14155 10864 1984 4567 2027 9293 4556 10558 13792 4965 10602 3528 2784 7477 9355 4102 7865 713 6433 12393 5248 13788 11045 13174 12401 7911 1205 12808 9138 9117 7934 6864 12263 2017 3204 8524 8498 9574 1966 9035 5290 4547 9485 11575 3328 12845 11503 4189 4302 4611 4655 10985 4095 5537 5597 9842 3659 5767 12756 12929 695 11812 2639 9454 12404 5400 2387 10584 6070 10798 2041 9523 6343 12185 197 12794 8419 11580 9441 2461 2735 5606 4993 6138 3820 582 13920 7358 13827 13084 8000 11050 8327 6227 6263 3526 8660 6230 8633 1051 1647 79 11561 7874 6041 12162 8384 7826 5333 4148 8773 6818 14073 570 4892 5386 6856 4340 13452 1725 9987 6022 5866 9711 7904 13839 9089 2049 1838 6407 8966 1418
540 106 4387 1268 4313 1715 13312 8648 332 6575 8690 1582 876 12843 1342 7773 257 10619 2270 7837 12271 6867 11463 8613 11897 14197 9545 8022 1689 12914 1706 281 1784 5764 5942 12108 8000 5537 12146 1354 4270 14179 2021 11530 8900 2966 11422 483 8810 11395 115 2950 9148 3133 3504 11818 10185 2939 9622 14128 12657 12518 7919 4995 1589 996 12258 2447 113 13884 9619 4806 13380 12516 4869 10442 731 5159 13921 7659 12121 13650 13754 4563 7779 10277 6692 6442 2839 8300 10250 564 6975 3885 4888 4906 13671 11328 9940 9343 1924 4767 2402 2517 13762 10483 8750 3995 5264 12015 13329 6495 9721 10075 8878 4813 10419 5340 13420 419 3558 7289 7061 3374 7515 4595 10567 6813 9898 5506 1823 11547 5679 1996 8928 9975 12614 869 9672 13036 8411 9814 7698 4113 1110 7299 12009 8724 755 7365 107 10499 13808 2698 5579 356 10002 3642 10833 10768 1854 11592 12400 9788 6160 13326 2369 5483 3592 10362 9332 2291 8906 1533 2479 9809 12832 10928 14104 1702 2688 9098 1818 2508 11435 8712 1016 7154 11351 1376 4732 3948 10733 10394 4254 2871 10871 8488 6582 9284 9409
541 9051 9816 12521 519 12757 4447 8542 3109 10414 7259 6114 12574 10408 12873 937 10887 10862 6776 9740 9374 5322 1755 3654 13623 6928 3783 5789 150 10330 1564 856 2750 10257 12380 7549 2989 4930 7502 13701 12997 1596 3788 13549 4230 1356 13667 825 12113 9149 12261 11218 4724 11553 7686 14045 9671 4501 13573 4748 2615 5221 14024 7310 1792 9438 4698 9702 5768 2715 499 8042 4600 5254 5218 7844 5140 6680 4712 2946 8394 12236 6495 13910 2728 6134 2018 2466 12994 7563 12161 1606 12220 194 8444 2434 13404 746 10010 3544 12940 5407 3516 832 9255 6754 6446 2272 4705 1273 12693 3154 12114 3917 12180 2032 10855 12178 7718 7833 12051 12058 14102 10583 10119 11220 7052 9207 12734 6144 9775 4480 7351 9144 11731 8149 10780 646 10226 11825 11567 3526 13966 2575 13758 3975 7157 12043 7341 600 617 962 10265 508 5316 6637 6055 12374 4866 984 1647 5344 12921 13836 13930 11765 2123 2080 4208 6100 11121 9649 8236 4599 14044 5 780 10548 6381 9868 4081 1670 12946 1550 12700 452 2478 5504 13259 1931 1678 5226 2830 1005 4475 10355 13057 12567 1044 13850 8092
542 5149 6389 13099 14092 8744 4079 7155 4728 1409 11030 2534 8652 6207 3641 4145 3229 8136 8493 7809 10063 4667 2723 13440 11052 3984 4286 7387 7429 11570 12629 2587 7350 5393 4139 9672 5365 4451 1343 855 692 8753 1880 7139 3956 4597 13831 11454 12186 3497 846 11380 12461 8378 7579 10834 10858 5741 8422 13119 6054 946 2004 3982 13579 2132 11823 12501 12726 3011 5981 2978 6844 12218 7164 7573 438 4856 2971 5200 4200 13908 9810 4017 13165 409 2494 2815 5088 13140 5654 3412 6528 10329 12208 2363 7754 7146 12458 2564 4104 2250 6901 6399 1762 4569 3266 6406 5550 9046 3860 4966 11173 11451 7936 11723 8382 5371 11178 11311 7529 7081 2836 9257 11402 2821 9446 3360 11718 6283 1896 2285 2042 3195 12932 12154 6960 9080 10957 8240 13939 10615 14048 8080 3916 806 8934 13928 11987 11793 3793 1558 12209 1157 3926 3679 924 8037 10883 4174 3835 887 400 4650 3800 3006 897 12193 12259 13679 2366 13182 7531 4676 6609 6163 3760 1311 3864 1433 5825 587 5629 8350 11508 12443 12025 10736 9028 5603 2904 2057 3262 5450 3771 11799 11086 10529 3067 843 12437
543 8957 10876 307 5421 4039 3602 7586 7591 4678 10704 13255 11600 5674 11803 3708 12967 614 14076 7610 9492 7392 1141 14173 3093 2925 9302 7956 7248 5367 12517 3384 14163 3164 12372 10774 2820 11868 11352 2668 8367 2681 9909 1135 6407 11574 7122 14180 6868 8922 4445 6528 408 10990 12756 13233 3210 13420 6379 5856 12532 2988 3033 8842 13825 12406 11769 8205 6484 5550 10615 4103 14193 12921 3624 13064 12197 4684 2109 2713 10826 12514 4552 11509 12198 2937 8160 10125 3531 399 7219 8214 10652 38 1661 5986 1351 9454 3000 13992 11285 11057 13989 8133 4303 9955 9648 5581 1797 3645 5308 12700 7108 1544 1354 5432 5200 13737 13125 2777 3725 13454 5815 9936 11849 4993 8290 6954 14159 6035 4963 13073 8511 1172 1905 12282 7909 3845 8510 7321 13840 3115 9707 7026 3408 6620 3065 6726 1346 364 13599 12324 12632 12906 1497 13265 12058 393 5326 1028 9594 677 6884 4748 139 4567 3375 11618 5901 9115 5749 5128 10199 12516 7249 8625 13980 9123 3450 1472 9762 4404 3726 7362 6327 7427 7785 9077 9134 9960 8989 9542 8423 8640 13321 13995 4442 5697 969 2497 4368
544 2310 6388 4093 7400 3161 6383 5473 1722 2818 6325 2027 6550 2346 14137 2069 9520 4259 704 6413 10364 14 4275 12274 7102 13177 7432 6438 6584 4069 5242 11797 9019 5432 5986 9234 1969 9253 13161 11354 3180 7282 7122 11312 12265 6701 10142 3143 9932 6405 9301 13560 5509 11682 12714 7996 12153 7108 13223 134 2017 12306 8757 11943 8358 4903 12743 13511 12094 7138 7441 7902 9126 1728 7721 2226 2198 1149 198 11025 8128 11169 8785 13859 8493 13051 6530 4391 13114 7577 1099 5573 2530 484 2221 3120 2896 1813 6429 7949 9272 6917 12438 8578 7955 20 9399 9582 12703 511 6011 8287 1113 11101 11724 3564 12973 10329 4883 2141 11918 10020 7926 4270 1089 13986 11126 6892 13013 4645 7403 6757 1377 11715 7509 2845 12968 7240 1655 5958 6891 7619 6697 3655 5386 13068 14147 2036 1796 13366 8346 13674 1006 7682 4313 6231 11073 4384 9913 6324 1848 14094 12318 2486 9080 10008 6725 13838 8646 8184 6773 13149 2120 5401 2962 8296 6764 12933 612 12394 5719 13544 6679 4285 7746 11895 3106 11007 8577 11614 12142 4481 5253 10556 9438 2729 3009 7957 8604 11712 13139
545 107 8895 753 1153 11926 13807 199 13671 18 3717 3608 1020 6791 14148 12115 13986 7769 12470 11941 12218 6357 1405 5203 1307 8772 10358 14018 116 1104 7052 13583 11914 5534 1960 12361 13909 6212 325 3313 8602 13968 2814 182 1260 5621 1986 9473 13242 4456 3091 949 12352 9194 13082 14085 10039 3697 13478 7318 10579 9605 6653 11445 10745 10447 4672 4619 9040 11950 12678 12923 9569 8785 5100 470 6217 8377 2309 4809 1948 5138 9448 4564 8601 10541 12798 7784 13409 11586 10353 2913 5993 11774 7573 4433 4480 4171 11065 7491 8857 4470 4143 7827 6651 4473 3565 3278 2542 300 11632 10271 10368 10054 7422 4871 10993 8732 9537 4532 13883 13533 1441 3205 5908 7869 9281 11486 11870 6253 1947 11563 6850 3263 12538 5672 175 1192 7368 2914 5781 11233 2529 1262 12150 13319 1601 8653 3240 13733 2174 11780 7595 13865 459 13223 4417 4993 4541 303 5846 9567 10454 1468 2317 13251 12258 8459 750 13584 3024 11766 4658 10097 13422 13877 4075 10037 1666 7900 1941 2970 9318 12428 3639 7405 5735 11617 589 6020 1230 9754 10057 4956 5562 3501 4106 10705 3733 9592 8573
546 1292 9505 13748 4605 5823 2439 527 9176 8375 13044 10424 619 7498 10512 1991 7936 2429 9770 4286 1302 13802 6602 3036 6777 3052 9337 9647 5552 3136 4961 4311 2259 7567 6556 14090 1738 3524 11849 8923 3624 6829 693 2540 7923 11870 8432 8809 11120 12273 11806 6091 9018 1576 1999 457 8770 10868 7463 2131 11600 11264 781 4880 8239 12194 5888 10902 5229 7487 6002 3885 10849 10327 8028 3628 3570 5780 6506 10394 4032 4741 11341 289 7208 4204 667 7161 1314 13208 2832 5272 9771 9754 2687 5641 10816 11119 12772 8149 267 11395 4056 4739 6769 7319 13066 6275 347 6278 13940 11674 9637 2281 2518 13956 4856 11296 2707 5709 9314 6907 7755 1209 8372 10528 2256 3589 992 5471 3621 7005 7340 10267 10362 6089 11991 10843 1998 9735 7390 5803 7040 3886 11592 2791 11006 10088 7015 4462 5198 119 6279 10733 6345 3950 487 10004 5118 7468 11191 1924 7817 11808 14098 11583 6455 2714 3719 3072 10402 4951 12808 1377 9571 1579 710 3918 9064 7763 5306 13987 6490 6098 5784 5216 4402 11951 2527 12244 5519 2584 3605 1501 10495 4210 4222 9180 12942 12809 8829
547 2331 11367 9866 9959 7005 6201 4643 1105 9021 10357 8083 13304 9979 9399 5870 6714 1822 13765 4676 5626 5848 3998 8773 5308 335 14130 10534 1298 6953 10702 2432 8664 9883 2110 9291 9696 11918 7089 12458 6043 3621 7690 12456 8955 2271 5440 13904 6631 8204 6808 7665 12652 8598 11819 9197 10386 10600 3858 1601 11699 1954 8604 2427 10202 4234 1378 7879 13750 1944 2715 1799 7716 429 13642 3260 5410 1779 11984 10735 11443 9215 13735 5932 12220 1872 9271 1506 5914 9550 9367 10295 4590 6355 3911 4820 13339 14061 10808 2240 447 4911 7818 4630 11965 13591 10603 9419 3900 8663 3701 8424 10330 2572 8418 9953 5600 1617 144 11229 6115 11803 9052 7977 9249 9576 1473 1755 5630 9530 9182 6717 8733 6406 627 6908 7992 11865 9048 11162 4088 5248 8622 11132 2381 8294 3098 11677 6957 1393 5865 13612 3271 4188 13301 4294 3932 6671 2854 12751 4466 8304 8899 4844 12678 4143 9975 926 10276 5301 5446 7158 13270 11810 5969 3937 7488 2060 8214 9492 12253 7733 9732 8117 5193 12103 2745 11656 3590 7901 8660 4180 6502 78 509 3547 4636 6778 12606 330 8548
548 2372 6983 10483 12349 11934 2404 10424 9569 2772 8269 11466 11076 5080 13630 9672 4439 9343 2058 3463 14052 2575 1703 3212 10351 3325 11443 4370 1029 14173 464 11139 7155 8718 13142 5191 9385 4893 3730 6434 7418 13445 13530 8418 1179 13625 4911 1439 2664 11652 7939 9456 13262 13185 3358 11396 6968 817 13135 12944 12672 3286 8258 13456 5083 7770 3892 1093 11240 13268 6602 6140 1514 3094 12287 11841 4039 4132 3136 6251 9544 13220 5108 6940 6756 2904 4152 3616 3192 4574 109 4711 1926 9732 2387 1637 5868 12958 10158 12601 7488 13862 10693 12535 10844 6286 4610 6904 6738 4247 760 2911 11768 901 2806 3936 5418 13356 6691 1017 3699 8148 641 10790 3070 177 1438 6781 6390 6721 2514 4634 13909 3124 10268 8039 3624 12132 9735 4533 5727 6704 13921 8252 10304 8956 3533 328 5586 12759 13368 2956 5234 1583 13513 9097 12075 11297 13955 1326 13557 3051 3322 13928 8184 5712 3324 7682 10655 10961 9812 923 5305 8653 12642 1117 4814 12192 6266 5675 647 6775 3619 13274 1924 3839 9974 3432 2936 7175 11710 4816 6357 7206 3104 13529 5394 8868 2558 9786 2557
549 5209 12495 11113 2507 11071 5279 7094 1188 11340 9353 9728 10033 5110 10091 3732 13838 2276 4391 13124 13955 4033 4516 6651 9295 2465 7659 4413 10871 4779 12837 3856 904 9551 1243 8625 2338 7712 11716 7537 321 12682 6617 8663 9201 2400 6781 4539 10665 6532 4762 12805 12007 6082 7326 2709 8866 10019 603 289 502 5240 9880 2188 9287 9249 5943 6448 3645 13045 4435 9445 10056 2408 10951 3209 8001 11826 9239 14134 12784 10030 13677 4220 8798 13342 10728 7649 13316 6571 2394 14018 294 5012 12128 8699 2455 5855 8477 5868 8692 13414 9675 630 9608 8440 622 5411 5622 12008 4828 9644 12533 1341 11739 6251 3790 589 4974 4353 4289 11335 12014 7227 8050 6024 6903 13257 4412 3335 9259 8376 4389 9550 3601 1286 4932 4686 11771 4485 10226 11075 14011 5345 653 3371 3231 10978 6970 3631 7356 4574 11608 13202 2732 3674 4807 8656 953 3116 1368 6373 3775 12135 8266 3392 13446 2295 8881 3744 4610 12772 4913 8786 11696 7396 8588 12245 13763 11007 3576 6482 1573 13820 3317 9734 6987 2083 4725 6582 124 13920 13041 7350 1828 10064 11026 12425 13826 4441 12786
550 4705 12051 7465 13641 11452 9753 11196 8336 3657 8766 1864 1858 8763 11583 13464 12694 13724 687 9707 6648 2279 5225 3818 12035 10043 758 4544 6411 2648 13164 11589 5922 7573 7611 13282 6052 5306 7874 4535 5663 1318 4541 12456 11495 11778 9180 685 5276 12950 4078 13873 95 6289 10460 8531 13895 7332 11790 9499 7216 5208 9485 13170 11451 1212 7766 12316 13669 3268 10634 13308 12930 7564 10343 6436 10222 12108 3832 2054 12839 6192 4559 12101 4868 966 6989 5470 9999 981 4139 11437 13073 6937 11998 12060 3972 4493 13494 5689 8543 13559 1122 12901 112 8056 7519 1971 12537 4120 11385 11825 4033 13324 2123 778 4341 8226 7725 669 5363 5992 2925 13513 2812 261 7244 6349 11114 2341 11739 7581 2953 2475 5725 11947 502 600 10775 7614 2617 9407 4483 10429 8463 13633 500 5791 12703 10014 6209 9814 9930 4890 10644 12822 8899 10149 8663 14018 11996 3738 7267 6128 13714 12685 9481 1891 13089 9855 4122 5008 1072 3403 5346 7034 1348 1219 9942 1250 8540 229 671 7400 2124 5449 7925 8703 7743 2356 10821 7899 3133 11456 11806 2494 2664 13246 10944 906 5693
551 10878 939 10886 12934 10319 6687 7261 2719 756 11974 1615 2248 6125 10928 10473 8742 11340 9083 3329 6673 4200 4813 665 8731 664 8677 6123 1404 3286 1559 7071 4627 4941 10199 643 9233 13814 5277 2638 656 8263 10584 793 12951 8884 4957 8436 17 961 6822 8482 13065 6391 9089 3015 558 1093 6408 3058 3482 4236 2721 10017 12483 13538 10900 7272 5954 5477 11051 64 12507 3477 636 10179 4519 13644 12608 10772 13997 4747 13862 7205 4416 3629 5233 1449 8961 1521 8717 11325 10336 6556 7286 8859 10015 9108 10645 11752 3573 7028 1239 13947 1486 2623 9183 258 1144 571 2208 13454 1763 11194 9770 839 12636 7570 13903 206 1263 1314 7852 3422 11550 6552 8392 6218 6545 9110 4614 5896 8385 7551 14058 6849 1733 2492 14131 248 6507 4512 7855 989 1289 10575 646 7773 7759 2092 1689 6719 70 6695 2844 4475 7547 8121 273 14143 9236 6951 3733 2576 2814 5216 6293 12215 945 2131 822 12060 8136 13927 4823 13219 8985 12901 2585 10885 9371 13817 501 7216 2154 1622 9632 3853 31 6156 10228 7329 11407 7181 4766 12817 3625 3383 2112 2317 7787
552 2806 13817 9751 1354 6810 13222 4598 5963 7447 5219 8780 11908 1639 1666 13965 2538 6751 12616 7019 2357 12701 1966 12666 7048 1460 10908 7612 7418 5883 9750 1760 5976 3453 6792 12781 12183 6008 1497 8854 7865 10630 1752 13080 12585 8915 1881 7594 5894 8394 3650 7546 2985 9143 997 1671 12972 10968 5462 6634 4476 4795 7522 4824 2971 11912 9889 11639 167 2492 3151 9478 8893 8237 3949 13039 11092 3045 1762 11109 4587 9645 12369 3211 3631 1050 2343 4982 2265 9521 9181 5368 660 5787 10049 2856 5082 10344 12524 1117 9906 3568 5667 389 10027 3069 14153 594 11180 12927 8272 13420 6366 13931 12530 11998 6461 13804 9084 2530 1718 7586 12086 9028 6758 1754 3423 8164 1119 10556 12665 12382 1006 6171 11944 1102 7837 8759 6123 8672 6006 7528 11756 6061 404 2593 5184 6086 11036 8850 14069 11163 6587 8805 3680 6156 4623 2007 9006 8799 10596 279 8452 8095 4330 5480 4518 5916 7012 13603 8718 6879 14202 7232 13967 8157 8863 12944 3389 951 11882 992 7228 6927 6542 1596 3842 13348 1847 6601 10989 1887 12938 5096 8183 11209 4537 11743 13036 11162 11468
553 4530 12451 6268 1893 3111 8362 2938 4275 5800 369 4999 11888 12835 9599 6184 13348 10635 10239 4979 1394 5417 9016 11801 7537 14167 2134 7748 2712 818 7566 4468 2890 9357 10730 10726 906 7871 1596 2348 7064 11697 11099 5956 2467 1885 7584 6435 2329 3469 1688 2379 4563 1962 2706 13426 6392 1220 3809 3044 8973 8133 9752 4211 3515 6252 1512 5002 896 12145 7601 9020 6822 11172 1508 6620 12155 7588 5047 13454 13489 5172 7152 13447 5681 11456 13169 11018 7076 7909 10660 2709 12580 1750 10066 13154 5508 11134 10708 213 2943 7291 13612 9915 13246 4092 271 8561 11315 2354 5122 13967 5643 1884 13479 6815 1278 1433 6688 10245 5181 9582 8207 4398 9172 13865 4152 3709 6775 9859 391 5860 13549 5334 4157 6693 13717 9709 10006 7489 5488 3643 9862 840 9684 12094 10002 6745 10150 5276 3180 9114 1204 4516 6651 12717 6574 13051 9372 11445 4015 4843 10673 4994 7859 10272 532 6904 4578 14123 7490 9514 11012 302 442 2378 12494 489 6440 2323 10674 9173 553 6132 13039 1324 5968 5292 6396 3649 1477 10591 5329 932 1280 8126 12049 3595 7607 4817 6448
554 9587 5378 7045 7725 5774 6779 8002 3427 1030 1086 9213 10974 5093 2977 13237 1938 3894 11634 5739 3598 3178 1941 12159 6265 11664 6357 12851 11792 10587 5127 4702 1952 5951 2681 13589 9459 11058 11997 8259 4160 10682 7881 4243 8161 12727 11723 10280 6810 3904 5176 4734 6034 2901 10796 7718 3348 6231 11423 8952 7335 11066 11504 13864 4306 14022 12963 13002 9267 2815 6134 10357 3319 10060 1706 5071 3216 5455 2 2934 9148 6244 2141 5577 3156 456 2165 9062 9937 13043 487 372 10070 12279 13377 1981 7213 1538 5564 4633 9423 8176 2846 11157 6852 11650 12454 13428 10508 6920 2025 6369 14105 10258 3198 2932 13303 2375 10022 7429 13729 7255 7086 8092 13332 10433 2363 4078 7161 940 12367 303 9467 1806 10157 13011 5346 1075 1637 4106 2040 13906 4387 5881 13601 8202 2673 8936 3441 5905 12523 5302 4559 646 1183 12703 8945 9179 5425 5849 7356 4723 12306 12522 4439 2118 7369 10972 14139 12944 6830 13120 3269 12938 11302 2162 3322 6936 7047 12167 10494 13400 7844 4759 4378 1082 9089 3092 12293 1240 13934 11633 10597 10062 3799 11462 2209 6052 1693 11307 101
555 410 5458 8658 12346 839 5723 12031 11282 8395 13896 11976 331 8402 9666 10276 10402 10563 2092 13851 12199 13099 555 10796 1037 6279 13535 11412 5513 3277 4811 9417 14019 9100 10138 13784 11203 1538 9192 8381 1622 13742 3271 10595 1214 5986 8084 1921 6247 7279 14112 5374 9898 3040 5786 5963 11941 3787 8238 4356 3138 2819 5444 12378 6033 8164 4757 1180 6118 9230 4405 1224 4236 6351 363 11923 3228 11950 10983 3076 7447 14074 768 9087 2885 4380 78 5014 8498 13564 10933 7182 3526 7972 365 13563 349 9579 8040 10748 6613 2508 9076 9347 9552 2736 209 3878 11681 3803 4476 8319 9332 9516 305 10141 13724 7244 12632 4374 9568 5294 9474 6517 7575 3850 4894 8135 12656 2966 8157 10496 7249 12883 4177 795 4193 966 1259 1159 2484 5780 1709 7464 11823 9082 3423 12340 9388 7586 6034 7302 7414 6490 11807 6376 1878 9549 13853 1490 102 12357 9631 9124 2982 2562 9823 268 3933 2214 6417 3555 9566 7515 9458 8467 1721 4706 12932 2693 11093 8525 7812 2226 12331 11284 13768 13754 9996 3792 2657 4524 11114 7625 3827 3095 110 11994 9952 5146 7660
556 1546 893 6767 5196 12634 3148 6817 7516 1508 954 3550 6230 452 7396 12933 7852 1741 7083 842 7629 545 3091 4466 11514 8488 12110 3522 2833 11175 8568 7190 2153 7241 7525 12270 14154 5860 3411 6614 3416 5262 13838 11873 12646 11813 8632 8217 13956 11298 6937 5737 13583 9025 9258 2473 10453 3208 5764 12965 7308 3901 13707 10216 605 13211 9351 6282 1589 9340 5083 2259 7710 4985 4764 3272 13424 13210 10637 12174 5595 10435 11501 9164 9310 5235 1576 2723 5114 8821 12233 10182 447 13386 10277 6493 7804 5666 12120 11442 5297 7062 1503 9096 11149 4697 13380 2404 14089 4503 12898 4733 8209 5494 2324 10429 1087 10242 8237 10814 11263 9597 13568 3705 8917 9035 3454 11443 6076 7036 2890 10786 12970 7663 7246 6651 8038 6417 4689 6394 10352 4140 9076 7683 9348 7280 9425 289 11734 1884 13403 3986 3900 11256 3893 12932 13397 2373 11183 1478 2483 10400 10032 14034 6789 5364 10144 10345 6302 13933 1164 6143 8710 3519 1893 3352 5694 4366 1554 4970 10424 6430 1658 6837 7606 13924 7176 5190 13250 12136 10518 10034 7417 6298 6227 12303 5997 11379 12150 1837 11530
557 5750 4002 3031 9798 13047 5326 12524 13336 2819 8764 7645 9593 5462 8111 1491 1330 10426 10746 6581 4384 9876 1093 9913 10703 1800 87 1213 11565 2892 740 6784 7630 9390 83 140 8220 11240 7982 6793 13970 13334 8383 7394 656 1095 14023 9312 8158 6284 4919 3060 7537 5975 13412 322 3181 7815 7619 10402 10968 1447 2891 11434 3707 598 13184 2449 7256 11669 5424 6462 7215 12312 7508 4441 8794 6987 2378 3846 2429 8103 527 4509 6440 10057 10153 1487 8240 728 9746 8761 10622 9989 8352 2820 2679 3019 2882 12155 3458 7514 2896 10802 7530 3663 5088 5818 5293 8609 2918 11570 7868 13250 6915 1513 13656 3189 10452 5298 10249 7428 12503 10077 3396 9649 5461 1111 3585 10004 6143 8608 3352 11375 9340 9543 12048 11548 2668 4714 555 3148 7125 9248 10189 10832 2982 8457 7848 4309 8209 12181 7155 8931 56 3132 9672 10896 1961 5775 6173 1616 12164 9498 969 10556 4600 8020 9496 12279 11464 4356 8758 12850 2624 8742 11109 9990 8997 3109 5603 3947 6797 10691 7495 4835 13570 10442 8604 11127 11834 10539 9595 4586 3455 3083 3187 3302 10997 2016 2446
558 11011 10571 12189 7198 4300 4874 4398 7461 992 12327 11455 157 11016 12053 4894 10089 1252 5680 3832 8295 9322 9680 2107 11749 2931 3689 4152 2108 9716 8681 66 12761 11540 13378 2 12208 7852 13430 10056 12705 12085 4904 3 4159 6788 3563 11864 711 1706 4854 10406 1578 2284 8622 2704 7110 3130 13419 1511 10930 2336 4540 9900 3362 233 4864 9376 4960 9177 6144 9492 244 5928 11995 11394 13691 1167 10923 3510 6432 7749 9338 5393 1240 9927 4931 5534 5458 7372 5023 12403 10253 1785 5570 10738 2701 12980 4748 13808 5448 2248 6351 8170 10223 7918 9664 6551 3295 12841 5750 8759 3396 5597 4293 4127 4833 12368 8008 13928 2782 6268 2828 1822 599 4197 5811 6302 342 10867 9769 238 314 3977 10862 2324 3936 1085 6158 11465 8130 13276 5601 2330 6092 4191 11671 4442 9724 13164 2844 10932 9298 2153 10872 6005 9045 7379 1157 11320 11844 952 8723 541 820 4361 13327 1619 13948 2325 2183 7737 2858 3631 1531 5203 11497 11695 14006 10784 8320 12868 12829 2569 2978 1117 8441 4718 13116 5524 4077 3411 12597 7492 6328 6995 1079 6541 5821 6738 13574
559 8668 8490 3168 4296 8052 952 6914 4078 1310 2684 6723 5531 7529 9356 10399 9986 8013 9601 10517 6869 1334 13803 8176 3149 8245 716 13479 1345 213 1946 13792 4511 2254 1075 9094 12780 2427 8232 7542 4367 10128 10477 11873 2769 2772 918 4216 6919 7102 5053 8548 12168 2549 5281 9474 5262 676 13887 7483 7943 2946 9098 14144 8832 2980 1009 6983 6739 4600 4842 4704 12414 10644 12807 4057 6054 864 8872 4503 9872 10414 13527 3885 2 12514 2097 1900 7754 10464 766 6215 8237 11163 12063 11592 792 967 4174 894 4996 12903 6815 5030 12269 13125 10600 10632 14137 13941 1825 6238 8539 9494 13202 9472 13598 13790 9770 12262 11325 10938 12819 8218 11927 9769 14185 8419 4853 11789 11632 13890 11783 5894 12074 1322 13877 2240 9399 1687 10897 2500 2451 6689 8196 10759 3304 1518 4978 14194 1098 13012 3873 2999 13403 3783 4070 10182 10702 4885 12590 9624 6008 2248 2734 905 10017 10505 10529 736 10386 2270 7994 4474 7820 6776 8349 12675 8909 4262 7009 13545 14193 5637 12768 2508 5517 6803 10956 10309 4026 5989 11955 3861 12708 9330 6103 7577 7715 7632 8398
560 5504 11788 12223 6554 7791 3187 5486 4402 11902 873 11162 7563 697 7984 11453 10221 8050 2424 10630 4784 7806 8392 1727 8380 8427 11449 4674 9150 10718 2880 5313 7588 9106 8032 3718 483 1034 8166 9772 13896 6404 14131 7497 11247 13880 6078 14074 4535 9247 13079 7376 5396 7570 12268 7047 4071 4302 7134 3223 115 12405 13858 7487 12233 8333 3511 11268 11760 12482 9822 6450 13697 2280 5941 2501 13859 2472 12642 8353 2223 6434 8072 4544 4771 12526 11319 1501 9935 140 4062 5986 831 11203 12894 3258 5585 5277 2028 151 10054 8982 3241 6676 6727 12197 3430 1241 4880 12973 8430 8873 13049 7619 2499 3298 4588 12852 5942 2060 7875 1508 4606 10314 6006 12929 13042 1485 1876 14124 10376 9260 8155 1662 3937 11426 1148 5841 6519 232 5689 138 2388 13860 11157 7576 9674 3175 13478 2237 9230 12481 663 10515 4918 5851 9938 4050 12976 9691 9647 4954 11234 5961 99 1962 11614 440 2354 9715 6909 10713 5425 3912 7483 9175 8320 11484 453 10323 7739 2324 13672 11819 2565 10967 5254 2610 4692 8656 9243 10305 5214 4855 3487 1365 9190 1960 3311 10406 5012
561 2292 11392 6120 6574 1714 12244 1432 6024 9576 10245 8077 6213 13210 7459 10024 8924 10191 10407 9178 13708 1010 3883 4662 13470 13368 4919 9266 1252 4953 2964 8828 6735 3393 9952 7024 10017 3634 463 12772 3457 9145 6142 12128 12282 290 841 13384 11578 12134 6941 1978 14021 10129 13489 12732 1924 7771 3052 648 3237 1517 5516 11833 12646 10228 11561 13518 2836 13536 4645 9736 4746 10353 13919 1710 13532 5523 3582 5730 8968 9656 13975 5354 13684 4790 13234 4310 5811 3581 9360 8785 9717 8549 7386 8932 6921 4616 11784 4383 12531 6783 11697 10668 5944 13967 10991 219 11726 2729 11750 10362 9047 3638 2408 10278 13198 10945 9960 2852 1673 7912 7830 11426 11714 3810 96 3117 3506 11761 3801 3037 11794 1203 9151 12920 12995 1515 10751 13541 980 9129 10075 2849 10818 2542 13963 2782 8251 3800 1032 10845 12258 12061 4280 12392 2246 2291 11729 8535 7269 9897 5997 2197 14205 1046 3868 6624 279 968 4488 12630 1630 3189 3267 3612 9316 11051 1123 13202 5618 2690 6437 5075 3436 6902 7555 5328 11320 4323 6457 4145 2311 8743 4819 9795 13525 2159 4663 13816 2077
562 6784 10563 8153 8330 13469 8959 5631 6142 8270 954 4291 6874 7022 4295 5899 7960 4274 13190 10736 7076 12171 9753 2265 1563 8069 9524 8340 1268 136 1869 5720 12984 11365 3936 11326 12875 147 13439 5849 12349 6779 9148 6431 478 6848 2456 12025 3436 4644 5543 11494 13789 332 2780 8657 7353 6488 6542 5284 1676 11296 4403 1317 9600 7486 10975 5224 2823 3839 1734 5268 5190 10920 9487 12121 10567 6002 8209 11066 13748 13692 5475 4280 4214 4058 10045 12341 5433 11883 5300 2725 5467 3935 2608 4341 13625 9009 9277 12001 10190 9615 7176 2148 558 10835 4988 6867 11638 3444 143 359 11565 13260 955 1761 5546 6448 2493 3610 6945 13218 1112 8114 12948 5208 11755 7761 7109 10755 13289 1285 7320 3146 3032 6481 8993 1844 6529 9004 12159 13248 7010 4175 4638 10848 9720 5047 7027 8169 16 3712 9283 2695 10491 6187 6967 13635 625 4556 3326 831 10734 1664 3788 4481 2887 5948 13921 13781 172 4915 3167 12665 59 3970 6413 7179 2042 7400 11568 4559 13866 909 3808 6642 6565 9317 10019 8976 5053 8836 10688 8532 11341 4639 4192 5204 5804 14215 3582
563 3293 12169 1327 7496 10119 11822 5553 2705 10074 11191 712 9215 6538 5630 13446 6854 4981 13458 1772 792 541 5064 2853 6635 7370 5549 9907 6770 7298 6816 8872 5073 13769 1052 13588 8966 6761 4850 5391 529 13654 9386 6660 13548 4164 10455 12036 4094 458 7542 14021 9922 6787 3945 10580 9129 12399 9783 6450 13445 3807 11551 3103 2329 5213 11118 10647 5462 8069 5129 5581 13421 5192 4914 2787 1587 685 5786 12511 10739 2626 9214 12706 618 2504 8739 597 5058 1870 10811 5751 3661 10851 13369 3640 11254 5644 4940 10288 3542 3589 9329 2694 13040 9315 12996 7424 1761 2525 12031 3817 8790 7191 9133 6684 14176 8544 2465 13752 7875 6077 366 4125 8919 132 2708 3319 12774 12401 5062 2832 1531 13657 3899 6230 8995 5434 12480 3737 7730 4314 13032 248 6070 12598 6228 4858 8288 9687 7230 11677 2660 3825 2486 372 3041 8852 4689 1450 6343 9317 13536 10791 8846 6974 5894 3435 2352 13863 14213 12829 38 10357 6150 8355 9400 8874 9899 10649 5681 12865 10870 11947 9830 301 13756 11832 6772 10897 5958 6135 12437 9786 4333 8637 10104 9103 4249 5991 4167
564 5658 5516 4169 8704 9137 4969 10375 9321 11332 13391 4178 7334 5082 6876 3196 3390 7731 1505 443 2849 11768 10596 8645 7546 10504 2672 7994 7735 13791 10304 12301 11876 12686 10403 12416 2049 13420 1048 2693 1952 13427 7865 13494 11443 10164 3829 9500 12727 11148 5577 12563 6539 12044 10242 8108 13151 11828 7289 6676 2283 7726 4173 12184 10405 4596 2783 14133 12485 11981 8673 7349 761 6416 1741 1656 2201 359 208 3748 13251 13590 6194 1420 12203 4443 10246 13167 4789 2263 4230 8613 5742 5717 6089 13324 6585 10103 7822 9556 3631 7854 13635 1094 2178 3279 6939 10212 8953 13210 3228 739 9766 10099 11637 4798 3173 2778 7618 4670 590 2925 4179 6636 393 12658 13164 3447 8917 9280 3590 11259 14040 5774 2238 12633 618 11582 3600 6252 4922 1535 817 13087 3883 14175 5035 11043 11726 13408 14009 5008 8987 12071 13350 5782 12099 7780 4901 6099 5327 6160 304 492 1525 935 12650 135 12045 4174 3806 3904 10808 10259 6925 9020 2954 934 10481 12819 11173 1429 3336 1132 11963 13901 2224 9417 2640 1504 8880 4232 621 4926 8942 13700 9395 4096 732 3508 13864
565 3713 691 3401 11368 4726 6482 10845 5209 8041 13354 12891 12015 3518 13542 13773 12240 6899 9518 11453 10481 372 11001 924 4111 12116 4234 13000 5277 9429 8602 3950 4350 8196 379 6722 2074 185 7001 11743 7304 10129 10139 13041 5755 7833 1317 5345 7817 742 1106 6184 8903 7652 1950 13410 8505 9949 12769 8045 11228 3903 8720 545 9109 7980 9765 7881 12835 5743 281 7733 2735 12671 13368 6978 1222 7756 6957 5845 2601 11547 3489 9507 629 6373 4674 284 7338 7973 12354 13215 12705 9940 1923 13575 8773 2863 4081 219 12263 3458 10468 9499 6069 12634 10242 1821 4433 3502 2747 11648 4552 5136 13459 10290 10126 7130 13021 3854 7442 13582 3654 10678 6359 7683 13905 6193 8632 2783 11624 7669 13037 1675 9364 12844 4567 3431 7043 9679 12916 4374 9055 8496 2447 12551 9702 5554 3921 2585 1210 7240 404 5904 956 9709 667 4962 13734 9443 7929 11838 3192 12600 6990 13441 1747 12069 8910 2778 2641 6706 7328 13274 76 6973 2038 7760 2924 8951 5741 6280 9333 13495 183 8364 3777 14177 2370 1619 11343 674 158 6033 1421 12055 8544 9671 3135 8935 2829
566 7566 12415 6082 3398 1745 6365 14029 9138 2503 8393 6582 9841 5526 1116 961 5111 6807 6050 1601 2096 6618 8363 5460 10849 1814 2977 4157 7612 2758 6074 6774 9225 271 345 9661 5142 7257 1425 6695 13859 11732 6990 4335 5039 2406 7124 5857 10624 12443 3862 4361 11046 3948 360 12800 423 5979 53 11943 9449 6516 435 8485 3315 629 12882 9520 1860 6676 6707 1514 10396 8783 9582 11738 11083 5310 9831 5467 1126 12338 1714 7699 3368 13702 10904 914 4607 12976 4464 1055 8427 9335 12801 4834 672 9417 6656 6987 8786 7842 107 696 2859 5073 11087 4380 10640 10374 12653 7908 8467 1496 3591 4667 1562 10044 4387 13722 955 10011 3006 1552 13414 2200 13124 1675 2557 3263 10482 6574 9932 7571 7246 7091 3598 12017 6687 3098 1382 10786 12624 4989 12758 13317 715 10158 12532 6993 4288 11150 6006 8713 3981 6551 2260 10694 10377 9027 12565 266 3646 6500 8633 10369 8163 9119 5027 11720 992 2719 1097 13262 13301 7708 3112 3531 13279 12535 9876 2037 3927 14211 11798 8816 3694 8567 3953 10084 12089 3318 7480 3106 3001 12526 14058 2698 13356 5744 1184
567 742 7831 9001 696 1503 12254 8494 2775 790 1530 3263 411 11544 9824 1949 6883 658 11240 4306 7537 13293 2793 12553 13520 283 6480 1006 712 2305 11192 2705 6312 11553 10051 10634 6477 6863 6039 5317 74 10142 10535 3765 11147 2433 6439 11828 11903 4938 12264 13524 11549 2723 13594 12334 4385 10654 5454 5124 13817 4648 6115 10523 11119 1548 1233 4593 2073 4326 1783 10089 12304 9035 11594 14029 6249 7700 13031 590 7284 14167 194 7021 6589 8335 7911 1744 9024 6862 9419 7748 12189 7703 10163 9393 13883 9689 7580 13617 9534 471 6087 7302 9553 422 1674 5083 6156 4598 12617 5429 329 1076 1141 13517 12078 11438 3392 2950 12429 13096 3972 10462 3563 719 8822 4457 1550 4872 2983 12483 3493 11837 8699 13369 5884 14145 6423 12427 7311 10592 2970 10829 4895 5151 7950 12226 11689 13206 11738 1377 10413 2667 11870 11914 7420 11555 6765 1456 11467 6044 4586 4896 1891 10487 8650 6548 6318 9962 5741 5731 13628 2520 88 520 13300 6565 7031 10393 2678 10116 13956 5829 917 6478 7275 7713 13839 3082 13566 4556 943 6053 7052 2266 9766 448 1935 13232 12263
568 7054 9016 4692 7750 7196 6377 11400 3928 5975 10382 2574 4445 13288 12822 4764 1147 8369 11174 11674 9992 3378 4494 1714 12839 4356 10699 9923 3171 6431 6684 11386 7080 1524 2469 9780 11986 7185 6375 9948 2989 2085 11624 955 1744 8914 5464 1378 7873 1387 9695 13655 778 10751 12968 11660 13458 7554 9446 7662 7097 4269 9019 11173 13945 4459 4228 2693 13019 5503 3498 7246 7287 10796 7083 9188 6782 5990 5297 1558 7393 9789 12291 11929 4428 431 9474 6368 6974 5012 2022 10489 3481 1377 2199 7096 2230 11621 1179 3814 4798 7678 1919 12043 7068 7269 8935 11113 1717 2501 2259 7743 10757 7989 7192 11795 13978 9931 7737 4835 13017 13415 9894 8549 4971 3443 10086 4170 12864 10038 7322 13747 405 8351 1671 6884 12487 6299 8319 13539 1011 11884 14009 5834 2789 3680 1045 13425 7090 7904 2048 10495 8543 3854 14141 8426 8152 13142 9977 7659 3690 8251 13388 7812 11026 893 10806 8386 6926 13231 7138 5766 13973 7228 1595 361 9548 3968 10663 9693 7306 7284 1348 3086 12925 4430 1979 9949 9112 8838 10626 12365 5432 2750 2036 13048 8444 13769 3193 5470 3594
569 2953 8303 12734 7831 9724 9926 9597 2060 5302 4523 7893 8928 6380 9631 526 7979 11136 9098 10592 8921 11767 5137 5736 2008 5906 1964 11133 6931 12116 3525 9755 12751 11600 1585 9233 9018 166 4455 5414 2693 14073 6813 6678 6804 7202 12254 1726 516 170 3762 9297 434 6343 3809 13987 5926 9364 12381 540 1181 7168 2808 5472 11270 9991 6186 7539 3196 1894 10701 12707 8794 293 3021 9824 7460 8510 11871 12094 10387 6538 13221 13069 8323 195 6902 12572 10064 5328 4277 12587 11189 1015 2458 7041 1237 9954 10461 8889 2277 3839 11469 5307 13294 9528 4428 8747 10951 11225 8816 13893 1794 1740 5429 6171 9605 10945 4881 8351 12551 4574 9623 11341 6088 10788 210 2358 12459 9360 6659 13760 3795 1677 10053 4879 8593 3042 1994 5018 250 3620 9180 10536 6292 1240 11425 3144 5125 8778 11940 10012 6434 11932 687 3276 2051 2113 3477 12489 10112 12744 5134 4003 3313 3120 8522 4620 6272 10065 14203 3139 3252 6294 5341 10567 2829 7779 4661 6510 5357 12108 7170 8973 5139 5744 5514 6240 4424 10784 11834 10967 13312 13667 5313 2945 5961 10747 3723 14144 2224
570 5477 12963 4154 5638 7497 12270 1127 9126 10912 1685 11406 13084 14197 9805 1419 13646 8087 10245 1259 1513 11489 5823 14042 4626 12595 7809 9612 1579 8652 8774 7320 12451 10778 12441 8912 552 1199 9441 7795 7891 2344 9529 6114 4790 2867 13007 9118 2514 5653 9655 11093 495 12298 13323 11721 9828 13546 3526 1209 1100 11281 10264 5117 44 11568 10016 13374 3900 4077 6084 7069 3366 11085 3943 1516 5199 3346 10972 12462 7987 1009 2630 547 7060 10971 1928 9610 39 8506 9210 10298 1339 11764 6171 4238 3117 11218 2775 12718 7392 2853 11053 1836 4481 1786 5495 8481 285 1031 7692 11941 7804 10509 5487 10429 5809 757 12827 4700 9232 6958 7474 12529 3055 5894 2937 1940 10923 10632 680 7603 1935 10449 5836 11641 12283 2050 6285 6567 526 7934 8565 13087 13313 11182 7179 120 1547 12578 8535 7959 1278 9918 6786 2479 11629 3784 11942 8461 4789 10616 3010 10377 1763 3970 4112 2483 7058 321 10358 9436 6304 10496 3556 9315 12337 3957 11154 6944 1228 12805 13428 1841 6835 13625 2264 2536 3907 13872 3809 10850 4312 9094 5731 3751 6282 13319 11007 10888 13431
571 284 13491 79 9097 1777 1036 10266 9783 8205 12255 8538 779 3078 10956 1475 173 11545 1931 11048 7943 6696 4736 7347 2006 4662 12543 8220 8562 5569 2815 12058 11595 13776 8927 1132 9862 9040 12770 7247 11071 6007 14148 8063 696 24 5768 11792 9143 7822 2279 12778 12415 13995 13918 6645 12345 12869 4212 10552 11410 14005 6757 7359 10384 3329 13381 4405 8847 12269 13477 11367 3081 5938 10127 10815 9012 7706 2443 10854 8011 13606 5568 9758 9059 4932 4701 3045 821 8221 9710 4609 2218 2156 13473 5398 12894 1051 13194 8752 160 5751 5161 10343 14174 2322 1657 14159 12792 4648 558 13407 11604 12896 3607 9883 13125 6975 3379 2754 5410 494 1763 1770 1191 218 12827 11644 9772 244 6058 4529 3122 8771 201 11831 2125 6759 8666 1401 4614 4579 1661 6995 2446 2220 10253 939 7160 2237 1740 91 10122 11832 12988 13111 4435 2345 1466 3728 3424 13833 12402 8768 8306 4778 8968 7204 13196 2042 11311 13211 1604 7918 11557 6087 6652 1059 9395 11910 9790 11687 11117 14049 35 1696 484 6931 387 7250 9741 2538 13541 1085 1681 7564 18 2715 6865 3685 418
572 1299 10609 6628 7252 12908 6027 11034 5921 12966 7298 3433 270 11253 5151 867 8267 1402 5214 9648 635 11321 701 13640 1892 11430 5780 9540 9666 2574 9028 5890 5854 13421 9896 11953 576 12396 10416 2396 2650 5147 12126 4219 3625 7263 9265 3092 9654 11964 3055 11675 5389 11582 3619 7428 4102 10460 4670 3740 11080 5966 780 2539 14087 3205 407 4521 13720 2695 9429 1329 4446 12894 6337 5086 3783 1748 93 229 5368 2443 3609 6625 12720 487 8199 2727 6072 2826 7179 12839 8899 12992 4484 7889 8196 5300 6961 9821 6846 4148 10322 13257 9989 9827 4197 7073 12684 8352 10911 12172 2364 2635 4329 6508 2912 717 1591 7606 8778 1720 1419 11443 849 2626 9275 12456 6829 653 13658 4211 3343 10998 3823 7751 10150 341 8341 14129 10220 9938 5720 1758 1562 4310 7686 14160 7586 6653 9050 1480 12217 10346 6195 12864 5349 5474 13766 11839 12504 4994 11788 6170 7781 2497 7448 10547 2038 6615 7685 12319 1574 9070 9912 193 5981 6666 4365 4229 8317 3513 12256 715 12254 12106 11897 14105 11125 5820 3414 42 11921 1810 8073 2640 13728 12003 12203 1621 8806
573 1707 2634 7119 278 2843 8999 10746 2258 989 3752 13159 8867 6837 1961 1042 742 10125 6125 12025 4141 4296 12495 10095 10834 12412 14099 12011 11665 6884 10360 2451 12481 1381 13778 9019 3865 9538 13468 2479 3456 4485 12284 4018 10548 2540 332 2530 3106 10525 4068 9786 13173 5568 4019 11772 8330 12351 5322 102 7095 5592 7865 2379 665 7443 8994 777 5145 13174 10205 7292 3451 7326 6683 4151 4952 6263 4029 11604 5634 6451 788 2923 4944 1700 13477 3145 9255 5153 7650 7936 7302 1483 4607 7213 2436 11739 2515 1773 4759 6631 12352 8295 9464 2471 22 2587 806 8032 13283 13961 4764 7010 5525 13845 8577 10570 3904 7226 6655 4379 33 947 11223 13419 349 8122 4554 10961 11138 6824 8622 4225 986 7058 9468 8886 10146 9764 7085 1437 157 1024 7958 2398 2864 4098 2065 10629 2014 13071 1365 11685 6393 9045 9924 6344 9212 3635 10715 4391 14013 6627 8223 437 440 1997 8299 4056 10843 8853 11444 2213 1557 12716 3309 13460 12902 9332 4668 1578 13668 8697 13526 9025 12655 3028 2358 2367 8883 4661 3115 7373 11085 9327 13044 6261 1614 9530 3725
574 11466 10199 4372 11515 2957 1430 12368 2001 5657 6587 8395 12701 4563 7565 587 544 11551 9212 10609 13394 1265 10549 12202 2749 10579 13516 1334 9806 4203 12772 8801 6301 4486 7335 1787 5744 5621 9357 13347 3840 9093 2108 2256 7748 10785 4022 14159 7474 726 1037 5032 3409 13070 11397 14209 8327 13680 3859 4585 4230 5527 2363 9394 13155 10908 6971 936 12751 5517 4713 5956 9125 12243 8319 5553 3347 2443 12041 1483 9414 5002 7478 689 12128 2717 7160 532 61 10787 7578 6248 6436 12693 6622 6772 12333 7392 5953 5807 9077 5696 7710 8399 4191 13186 6408 883 13209 5183 9370 9840 814 1218 6763 13418 13079 3260 1126 5964 7334 4436 14044 6354 13745 10580 3557 2963 3851 4021 11177 10612 9365 8901 8074 9317 1055 11210 9091 4747 1196 3966 12719 6968 2388 10208 12457 2939 9627 12682 8802 12839 2789 6069 595 8031 4302 12367 3389 9107 11082 1762 5301 3723 10853 8159 14065 8117 12875 4568 6733 10411 10498 4069 5651 9674 6098 13673 2985 4867 11981 271 9990 4646 2063 2954 3163 3986 2796 2962 5096 3755 2785 11312 10058 7149 577 4779 4679 4102 8385
575 716 9124 11682 11773 12758 13966 13078 10877 7583 7236 9639 11069 14193 1574 12550 3854 9986 12634 10640 10925 6981 12104 2186 4430 10208 7466 5916 3016 13513 105 8015 13971 9457 132 5587 12212 11509 6553 2302 3898 13317 7601 5832 215 1584 14157 5806 3755 2084 119 2717 9834 3541 110 10614 10231 1979 2813 8500 10970 6611 6101 10369 5986 10315 7058 8439 11784 3602 12415 1546 795 8024 13682 5301 3068 4781 11274 11201 8233 8373 13557 9003 1734 6649 1587 752 6758 11872 1852 1161 3487 8447 1590 14097 13102 2677 519 8348 5731 4983 932 2234 12358 3782 11629 5823 48 9145 7107 2132 6085 4144 4148 10848 13760 10893 13663 6381 12166 11789 5005 11703 9910 8342 704 9954 2428 13420 4680 8957 3942 2593 1371 1183 12579 4886 1060 6276 2359 9052 1583 2181 3560 2043 6806 1926 5750 7055 5714 5376 13320 13248 217 8858 4154 7397 13206 8843 830 2522 9765 11276 9027 8321 14072 9946 11011 6331 7615 4670 7436 11475 817 10701 9597 5477 1567 13481 9965 1732 750 6284 3510 2596 7564 10582 1280 12478 11701 4797 377 6790 4942 11375 12784 8699 1855 8848 1323
576 2419 213 4531 8113 11347 12392 8122 2267 13122 13636 9596 12172 763 6740 12889 9095 9413 978 407 202 12182 1914 6260 8879 13497 3072 8809 12861 8540 7595 10983 12876 3234 12890 4591 6727 7505 9462 3450 10768 10761 4475 4607 12320 757 10247 10303 7458 13909 8808 759 6066 9378 6950 2649 3629 2619 8057 1220 3714 3216 1375 9000 4202 6032 4440 4372 12104 7982 11558 12957 2428 5793 12748 11139 3082 139 4503 10217 1924 5489 5246 6058 2533 10660 10574 1232 2045 2509 13557 12512 7300 3081 4906 6305 6841 5958 12758 1896 5592 8940 7461 4965 7815 1249 6229 2680 6945 12072 10018 910 5070 1813 5236 7173 8250 11808 861 1075 11912 9588 5408 7798 819 3884 7042 584 10305 11833 5748 10509 1203 12605 11732 12203 4382 2708 7403 115 9324 3592 8056 11634 2518 3739 14117 3479 1969 3178 6164 11696 8744 9199 9116 5898 3322 13348 8907 12476 1927 5936 10797 3037 10626 45 1625 13870 2061 4944 12255 487 203 7863 13357 12216 6197 7254 1439 9302 5549 12915 6924 10841 859 6685 4713 9964 2213 3828 5770 6640 8465 11322 4788 9051 6852 8637 116 6398 12951
577 759 8898 5793 3192 7195 2850 137 1118 3031 14111 4038 10988 5237 1302 4944 10420 2903 266 8124 13533 4270 2014 6631 13865 6202 12164 8254 533 14074 13772 4411 8265 12819 707 14094 12457 1077 7645 12053 9158 9638 8248 6298 6840 3426 12862 11219 1848 1179 3071 8024 1966 9259 9975 12982 755 9994 8844 11899 11406 9847 13139 2061 9819 3304 2913 13953 329 6506 10830 9136 7964 3725 12694 2734 9732 708 12810 9129 2977 7128 6852 1353 7418 4512 12848 5839 5790 11734 9243 1175 2879 13831 3498 3324 7125 12204 6773 6454 8610 6957 6866 5671 2143 5121 9880 14135 10006 10302 8640 3757 13473 3827 12557 413 5666 8855 4425 12209 4670 11343 10361 87 11456 1995 12456 8475 5985 2522 2631 5053 13753 12316 9999 6155 13814 4791 10017 4012 3600 3164 1881 11586 8067 136 3168 1217 4348 696 3799 2455 12196 6951 1621 2095 10276 9765 2184 2097 12448 9294 2389 5754 4546 6365 10910 6143 4804 4766 69 13650 2243 3486 2008 5739 5550 5740 12634 14032 8814 11302 14208 10702 10780 7074 14079 11922 6617 8068 1225 5931 7631 8290 4224 12388 10733 4732 10260 4494 6693
578 1163 6782 6863 5443 6835 6906 531 10229 9810 4096 8245 7062 5582 2964 579 9288 13213 12482 2819 4706 12692 4492 9673 10324 4107 1204 9885 9952 9675 11807 13598 12456 8839 2557 11955 2033 1010 1588 12781 711 5104 3438 702 11938 7473 7291 8753 2832 224 1313 9201 13550 4789 12831 4656 10811 1300 4483 13909 7506 746 12200 4036 9336 11669 8584 4558 7551 1785 31 12858 13394 4597 4618 11496 12418 4904 3586 13972 11823 12941 3656 8319 9204 9229 7170 205 9125 5386 8950 5239 11367 8532 2849 212 12336 7097 12747 13990 2142 10437 8765 817 422 2218 4916 9235 4358 6822 3329 5201 444 11093 9917 4436 10098 2460 10701 2233 3979 10636 9709 3485 7348 11258 9775 6361 7240 9982 10814 13400 12507 4971 8922 10740 9721 3713 5631 9234 2704 5896 2613 3800 992 12978 6679 8007 10647 12241 12722 10850 9129 11886 882 13041 8086 10430 3063 1344 4986 1170 9515 9355 5962 10638 2880 7753 9499 9870 13252 1711 9250 13723 1776 11997 183 1900 7182 10615 1044 2712 13790 9247 2394 7014 3687 14210 11648 6579 6787 2061 10608 9503 6252 6452 7713 13895 10581 8703 1429
579 11470 8395 129 1908 3015 4139 9680 11080 4253 3940 12101 8442 8772 3164 996 1135 10410 4875 5606 9388 12072 6992 3341 966 10861 6908 11839 9452 12839 13950 6522 3097 74 3371 1267 5655 12260 3440 10917 1852 11039 3712 1353 9539 2845 8578 3161 9816 5069 9773 6075 13464 4411 8990 9593 64 5631 3910 7519 7030 5959 191 2186 2956 951 11299 12773 10630 12807 6054 5700 11210 8353 12064 569 2344 1504 2068 3384 4812 2512 7830 2721 7170 6949 5641 4899 2828 10337 229 6385 3253 9575 5519 12134 7867 6648 1412 8428 12162 7336 1995 1785 7311 419 3687 11345 3012 234 13222 14156 905 12063 453 10961 14106 9075 7745 3127 10598 11843 6708 6955 7133 6101 6532 3090 9297 14110 1944 4293 7933 13597 13194 6432 5894 12872 2261 862 1723 12006 5042 6113 8675 11262 1391 13083 14162 10448 5517 5275 9932 4719 1994 6943 2546 5281 4478 1399 583 6370 1409 12834 6885 11820 8711 5733 11864 7633 12991 6638 6092 12083 5585 5871 3771 12273 6119 10487 13100 9352 7021 4163 12886 5485 2240 13660 466 13934 1422 13103 1435 1333 289 6778 13099 8931 9554 5264 13691
580 756 3935 3192 11889 11351 9105 13246 13807 10659 6112 5135 12229 2180 6092 13769 5558 714 12802 1378 11285 7581 2295 11714 5492 5413 12481 5912 9133 8078 6992 3188 12030 3814 12455 11080 13750 2862 4054 747 13672 5881 9898 7468 7559 2511 8820 8712 5794 5351 6674 7178 10649 11221 4705 4467 10703 159 7710 6507 1242 7146 8175 5447 3046 342 12893 4258 10088 1116 3662 4024 606 6123 12888 12350 8453 4190 9894 12442 13792 11683 11422 5541 123 12643 13514 11580 5599 3171 7875 6242 1682 10696 963 11673 7610 11265 6577 1239 3992 9970 1735 3115 13318 10966 1225 9861 6488 2284 5911 9809 2224 12710 993 12884 5764 12028 802 4813 2816 5356 4725 4280 6329 12699 3403 8787 5689 3558 10883 12722 13039 1713 1308 10561 10961 8979 339 7633 11457 5344 3840 1462 5750 14077 2335 10635 6621 14011 2918 3811 5049 8697 1368 8804 9706 11446 12293 9175 9477 1467 4574 6816 4656 6924 7444 6679 7314 3884 11993 7386 9300 4050 180 6618 9473 10365 7675 2842 8625 9179 6797 8733 1981 13740 4664 11229 2807 2318 3248 7650 5498 11334 1605 1063 6642 13687 931 7109 4075
581 4250 7673 1183 2664 8101 6290 13182 7169 6041 4990 8708 6512 13603 8826 9227 2094 12515 8352 1236 7328 5837 12165 13349 13483 12401 2695 3859 8342 3037 9689 4757 1036 1328 9144 12111 10618 8126 777 6670 1294 7626 7798 3966 13635 12534 12397 13336 1867 12286 13192 7142 3956 7937 5072 5519 7415 4718 11363 2129 2446 13046 7489 10261 13453 10052 10233 1448 3404 9337 6279 13646 6090 13863 10601 5375 7206 1923 13398 7890 10993 7167 8009 12012 7580 10216 12168 9832 7817 3726 10713 1085 7964 8169 3588 6106 1730 12479 3707 8281 3292 702 3112 6331 3686 8184 4196 3827 383 781 4752 12110 976 11661 13855 13327 11480 6583 10590 9505 3257 7427 14031 9380 3679 3575 3798 4442 942 5624 3197 6212 9492 13732 7749 4480 4673 6797 11844 12580 6543 3735 4793 2825 8217 13020 12508 1782 1545 9633 4760 9344 11801 2604 7111 3772 12491 1777 10953 10359 10524 12496 13730 711 14197 11303 623 13976 3997 13748 12031 2494 746 8034 12857 8720 6999 6346 775 157 4298 509 6005 8997 7550 10482 10773 5473 4276 9668 9848 13219 2056 9198 8547 6282 9172 2091 7932 6255 2900
582 3065 13007 6271 9104 3549 3430 7980 12753 7275 8111 12252 4439 11810 11910 8823 601 13093 11707 8210 4451 6736 10194 6594 3064 2884 7130 11685 4267 3295 6997 3762 14177 4195 5262 2685 9956 9408 6336 12307 7168 9110 12074 11880 11328 11851 13022 6267 1612 5706 8889 2675 478 9027 6549 4473 2168 2786 12298 13814 6213 5655 11549 4204 4622 10094 11789 10526 837 5536 9303 11513 12013 12668 4435 11895 4221 11293 2086 4034 2201 9742 1259 6894 7000 102 6930 10698 348 4319 13971 2035 6727 1317 3045 2133 6247 11745 4065 8204 10288 6400 5292 4877 1661 9878 6030 9781 13482 8359 9434 702 2122 5901 10202 2554 27 6835 8006 13017 10920 12176 11908 3918 7732 9894 1974 323 5697 1588 6302 4652 6950 4385 7935 10015 9942 11062 4752 8897 441 893 6304 2221 7343 4017 11856 1280 11446 5700 10943 4572 3225 11035 14015 4098 4709 6173 4626 3913 10650 13417 10523 6500 13531 10491 3459 1042 9572 3053 2008 10172 7509 7005 7817 2526 13610 12357 4593 1406 3211 7082 9868 342 2105 576 12275 1366 1652 1880 3878 8356 10694 643 12994 7087 9685 1320 2818 3229 9382
583 11522 9447 376 6549 6188 12041 8799 9361 6186 12695 12097 9947 8502 13057 1250 9798 6674 12169 8182 12995 148 3249 10538 12223 1866 11899 5667 6307 7358 2215 2245 3743 6666 2645 3258 12911 12589 9278 13892 4083 3002 5317 2753 13898 10016 953 1238 10097 10395 4523 11417 2733 12446 4469 6547 6839 9570 687 11171 2610 1391 6129 3607 13299 312 11779 9301 6923 8089 10578 12809 2129 11610 4846 3790 14122 13068 8340 1263 14099 4164 11406 3634 13677 14151 4242 11979 12842 11407 11100 3856 3433 3188 250 10086 1217 4385 11920 2453 6080 11907 11201 2166 4354 9339 12343 7805 13455 12059 7269 10595 5988 12449 1116 1837 12262 9890 5625 8949 7172 12417 12305 12521 10091 8494 13901 12004 728 4436 6068 13623 11456 10560 1633 5218 1418 9629 6017 5796 12918 13042 1331 6220 12644 5628 1335 9258 9016 4098 8788 9125 4752 1577 9105 13198 5706 4261 3169 5280 13583 2102 9108 5157 7587 9950 11469 1810 9883 2956 1016 13693 13636 10515 8054 5668 11120 13019 8296 9080 8068 787 4378 1129 11781 2307 7661 5445 7712 2539 6831 3372 4044 10264 14055 11829 13178 13323 6776 9965 8892
584 1049 4005 5462 9107 3233 12134 10793 7434 976 3531 6317 7142 3424 3702 1575 4076 2187 5020 13699 6392 7542 8785 5398 7196 11919 379 5521 12965 2305 8850 12880 3813 4923 6344 11707 7593 3292 5803 13009 9870 7417 11493 5007 9876 7589 1144 533 6923 13261 13619 9565 13761 11099 6514 9391 12761 4672 1184 929 884 1577 6161 356 6868 202 9897 9083 10708 4098 8578 8481 12817 9564 147 216 13021 12189 10971 8105 10431 12281 6662 2942 11241 1098 13380 1941 9325 1713 656 7671 1155 6000 9726 6185 3186 13093 13220 12939 12913 12659 5778 960 10155 10082 12467 6310 2888 554 13042 7582 4770 11214 12379 12315 13462 2076 6536 5571 8613 4921 11036 5080 4384 6706 2835 5865 5488 190 11747 2422 13972 7831 1449 8709 10031 3468 11857 4308 904 6289 12724 13708 8258 9070 3367 7022 12593 1809 12112 2289 5993 6918 6511 744 2634 1151 5587 5087 2917 10159 5940 2494 10414 13291 6582 9172 1291 3976 9349 13741 2665 6493 12984 11673 2101 11398 8526 7500 2088 11720 10570 10673 3510 8702 3849 9160 980 3062 11807 6844 6153 12896 3574 6459 9812 12174 13506 5656 6534
585 6475 7330 831 2909 13615 11290 10271 11373 3903 6820 13347 1558 13156 771 3024 3555 6583 3952 3781 1447 526 14138 7495 9957 13586 2211 11372 921 4795 11083 13521 6042 13114 1917 13531 3495 9088 10268 14092 13142 1106 6135 3092 3609 3779 7392 12258 5785 6630 13860 8098 10027 10956 10093 11879 6190 8907 12319 9428 8995 7638 13067 4777 5339 8318 8344 9179 11825 7787 6157 1655 655 1418 6113 4083 2586 8937 849 111 7843 4143 7777 11566 2455 721 2147 6613 1314 3638 9406 10003 5882 5985 8857 11844 11355 2369 8768 1239 11617 2601 10435 10066 4754 8748 4388 12060 10202 6563 14089 10104 4817 3207 1776 2546 544 12640 6770 1595 10178 5549 2653 8911 9245 12327 9366 10516 1584 5157 10231 12404 5562 7735 5959 13541 2761 13944 12871 10995 8497 39 7178 3595 4598 5569 11239 9863 10468 4350 1241 9136 5764 7265 11990 8416 5268 10181 654 2435 8920 146 7533 6261 3783 13162 4956 10495 1256 1878 8279 5925 13315 11105 8061 10485 13079 10664 8639 2553 3736 2767 2543 2687 6201 2578 2382 3830 7119 417 12657 11570 2830 2849 9486 4968 8488 11901 13775 12072 12002
586 2853 12269 4809 12729 2266 2893 12728 6763 8805 11953 12194 3230 8064 1913 13682 6684 6405 3287 12730 13452 1258 6581 9465 7803 2326 8043 9520 6952 3515 14213 1495 6372 7721 1506 5656 3630 5309 7279 7219 896 2243 13163 2775 12994 8032 7724 6377 10544 10053 3552 9143 9634 907 3258 1201 11449 7767 537 3011 12389 10256 5173 11301 651 4925 1575 3533 11668 2342 12614 1006 840 5338 13448 6428 3812 9858 3783 12375 4135 4557 13399 11216 13822 6849 8074 62 12754 6924 6154 10017 6571 6648 8563 10098 8744 6939 13625 6191 8009 11803 11169 4158 2680 208 4370 4333 12406 12351 11537 1596 10134 1111 6942 8896 1151 5982 8465 1772 8480 9362 10468 7771 558 10414 13676 13792 7091 6114 10267 2216 1756 3085 6614 3437 7540 11017 5435 10204 6253 7688 8837 8713 6333 1184 11707 11366 3457 7130 1014 4777 2069 4190 11355 10508 11215 6015 6510 12122 7264 10632 5539 560 12372 9900 7963 11828 7258 2741 1650 2966 670 5224 13456 1027 255 2612 9307 3688 4154 8416 9724 6136 2495 1350 7654 10944 5158 2557 5307 6156 4412 3304 5813 5398 1459 2500 2747 11862 1132
587 4112 57 6705 4580 13486 3156 12076 3620 825 6326 13485 5507 12494 1484 14033 11572 5023 2792 14189 10481 2040 22 7456 7588 599 5860 4376 4340 13254 9931 2797 12073 8534 11807 3040 13019 8306 194 1172 11699 11900 6070 3989 10652 3209 13322 152 3118 9230 13775 12673 13306 6692 3632 12297 667 3693 9086 4383 5437 4513 2974 7847 7946 11377 1675 6348 8325 5552 1495 1157 13875 6517 4772 11044 5261 5904 1659 10824 3556 2499 7675 10294 10099 1968 4262 9487 5514 7888 9031 12803 10047 5383 13930 6793 6569 9690 6538 1772 7580 11203 3647 4583 14186 12362 12332 2760 9102 2702 2774 13870 1907 193 4127 12427 8304 14108 6214 10851 9466 13534 11841 3579 12502 13718 8611 10937 6635 4935 12784 7793 2649 10974 4449 11536 6155 14117 11243 10563 7533 3002 1412 159 4365 3746 32 3611 9650 4955 9660 6470 13728 10710 6293 10742 219 14135 1223 13693 10078 11337 12583 1559 938 6634 6893 12410 13798 11662 6163 3451 4416 5413 9005 1076 10740 1020 1578 2169 7155 4776 10531 8868 8944 3389 2350 3483 12123 831 12760 9882 5701 5309 9025 8320 4081 7667 7961 11744 13063
588 1247 5741 12549 2299 4651 6961 12786 12008 6328 8739 10518 14114 11174 3296 3747 10389 2580 13019 11537 5382 5290 6184 863 5504 13139 13883 8017 9272 4248 695 10010 13257 7474 567 14056 7153 3723 9282 1333 2831 12456 9004 5995 5378 11400 8666 4223 1992 12565 13916 7887 1969 9480 12566 6239 9630 10669 8456 12660 4426 9904 1316 1531 11932 9575 2295 14071 11868 9663 4137 5249 13489 6646 8436 13285 7616 2156 11022 12072 2889 3240 7694 12027 1323 2501 4709 7267 4330 8202 1744 1518 12111 13412 13742 8785 7768 7663 2253 13128 423 5168 6519 1893 10699 6776 12145 3126 9991 3966 12137 3055 1956 5054 6122 13245 8804 7910 2679 12063 11076 374 13510 5257 10935 13617 13327 6159 3517 7894 3519 13953 9386 9092 3705 53 4564 5966 1346 11559 2188 6443 13527 4542 7119 12061 7024 12056 10148 11535 7300 7981 4264 2549 7919 7785 689 2786 5261 3883 9362 6236 7184 2074 10480 7549 2493 13190 6476 11989 10315 6134 7176 285 8858 8245 1449 809 6244 3788 609 10116 9009 7755 11554 1780 2900 11289 4188 762 573 8731 9303 13286 4811 13095 5961 5023 10364 6018 7945
589 4439 8368 9762 1077 6365 7958 255 8200 862 13346 4749 2998 9377 14072 2841 3089 1064 11619 10315 12521 10771 12674 11631 13546 8405 14163 5936 3068 6571 4753 3571 498 8759 8707 9795 14189 1479 1210 4523 12477 6333 8695 860 12443 11119 6228 6299 7979 332 4133 8827 10203 10523 4417 554 7551 2419 11212 13109 5999 7825 455 3337 4892 3641 11560 156 9013 5516 13490 1287 7847 1950 4566 9337 12865 135 2851 13997 10649 9420 1036 8821 7719 11152 1410 5184 5942 9200 141 65 1132 11711 11499 2929 3780 13836 8436 7260 26 1721 5137 615 4017 2072 10890 5242 2403 12172 6147 5301 9175 5661 1232 3569 8601 5786 8318 13871 720 7924 9182 92 3796 487 1005 7094 4990 3982 5990 11890 2849 12579 10503 1692 6558 11143 5823 12867 8838 8703 1695 3866 10227 5766 10209 7733 5597 12845 14147 6276 3154 6769 12928 6392 3985 11385 12884 11531 6742 9680 4980 9514 9257 12260 7875 2785 11905 9497 10008 4366 11887 4703 7914 12029 9682 14046 5662 13151 11545 9504 10877 713 9725 1409 96 4728 5996 6003 5539 13868 9492 4061 416 7749 6913 2432 13910 9239 5433
590 2249 11555 13964 2328 11104 1723 656 5254 11883 12100 3038 9184 2608 3873 8451 14190 4206 1714 7195 7632 54 3143 5881 2425 283 1843 1934 13604 12833 13830 13508 8880 562 13133 525 10052 14215 6944 5645 8727 591 6904 12467 2730 1839 7628 8154 7623 5178 13043 11430 9271 13152 6473 9419 1783 1536 12803 4877 2503 8818 13220 3475 6797 4296 13673 11932 2766 223 1408 8515 11634 11611 839 11539 1877 7637 771 315 5148 13294 7371 6601 9187 416 3664 8316 7515 9718 192 13208 1478 424 11088 6224 6978 9287 12115 13015 3459 5196 7374 9301 6782 2313 7263 1889 8993 11524 9468 13744 10392 857 3000 8591 10685 11579 8233 5253 1377 4634 7890 1404 10502 13511 5823 8685 4503 7778 3627 13211 8780 2091 10521 12444 6527 594 6891 6289 11535 11302 11502 2098 10766 11042 9331 3104 646 12584 3967 7356 10533 12599 4798 6532 10835 3537 1295 3113 11423 386 14023 12625 1632 12198 8850 11548 13082 2371 3139 13628 13847 10149 7512 3155 6908 1014 1305 11061 3617 13385 10670 11360 2182 11053 4694 4391 10854 3101 10849 9090 8904 1918 5477 4807 3171 2043 11366 8202 8176
591 1269 6131 240 11586 3401 3823 7794 9265 1310 9047 657 13905 11252 3551 9091 9378 8368 3740 5683 5433 1534 12085 3840 804 7261 12462 5962 2409 8684 11736 4581 11621 2873 13477 9281 2747 8806 5858 720 2954 10472 7438 6289 3757 7323 3335 4861 1024 2572 5407 9163 6035 11402 11379 3365 8451 12281 5408 8347 7335 113 8687 615 11000 13764 8955 2956 3550 204 2033 13791 4041 2365 1418 13321 405 6439 8896 11430 8214 940 8498 4612 10156 6940 13120 11296 4539 3240 9919 11968 1954 9850 6109 1908 3193 5023 6536 2302 12820 6467 10316 12646 4068 13454 4442 6378 12310 6122 11102 14000 372 10927 9598 7772 2123 7476 5013 5872 1670 13095 4191 4566 10709 3632 8273 3482 3624 9035 103 13935 1603 3201 7529 4765 2249 10877 8431 6519 7658 11774 4355 4474 8115 11897 6806 4112 14161 6366 6493 506 10493 8805 1151 6238 334 6151 8120 5557 7214 9334 13824 3046 9875 8683 8430 10225 5940 11466 13994 6552 6699 11363 13944 11393 5120 8088 5219 2714 14025 7697 1697 896 2330 2153 3055 12545 9160 9417 8670 10749 4548 5796 912 5880 5033 2809 5445 5612 13606
592 9581 5113 12968 5287 323 1002 12512 2930 2458 12095 8694 12211 7105 12207 7385 13932 3028 10321 1713 10509 11551 10239 7874 8618 3061 1999 7050 12293 6557 1708 2356 11718 11543 10293 11965 10154 11195 4067 9794 6199 1297 9987 1392 381 8964 10319 9881 12894 12360 12751 4245 4872 10025 9243 6734 13532 10829 4914 8209 7436 10563 1342 10843 3683 7402 13162 9742 4348 7775 7472 11874 11118 11865 3059 44 3966 7565 7442 5294 9457 199 4378 9124 8513 9553 3146 12681 4335 12666 8357 12636 9239 7516 2415 9783 9058 9891 13570 11161 5138 13981 6604 6659 5057 12077 5804 3810 7534 3461 4768 6934 12307 10834 9365 770 13807 6700 11218 13193 13651 6941 3241 13262 6288 4836 4738 8061 2560 11097 4387 5186 7789 10260 4726 12235 5923 13759 7067 11275 6540 5646 9251 8923 4543 2129 12984 1800 12656 10993 3943 3175 2030 3518 11167 6809 5953 13637 4993 7253 647 6807 3079 6192 9088 2739 2171 8833 1693 11572 12826 12433 10476 3976 5452 7698 1759 3230 3169 11261 5031 2493 3889 7646 10418 3240 13528 1408 8744 7939 9543 728 9013 3722 348 10852 2196 4989 12566 9982 5353
593 1783 12786 2115 3306 6754 5067 9090 4378 407 2647 8885 12513 6092 1576 4573 4063 9334 4371 8640 10642 13572 14185 8511 13966 5629 13539 13257 12438 13722 1376 11679 12843 8085 1964 6916 8402 849 4583 5007 290 1589 13885 2836 2297 6921 1488 14056 11598 3519 12645 6491 4209 13337 11929 11243 5902 98 10906 7363 1011 10536 848 12831 5300 3563 8037 2177 4640 3032 4582 6059 2699 5955 4558 2116 361 8175 7932 5512 5691 5466 2591 5352 10831 1219 735 10772 11538 5752 6376 4163 785 8632 2308 3129 3011 6356 10867 7498 1556 3243 10029 7528 13231 7428 3210 10714 7763 6394 855 1676 12236 3693 4477 13970 1501 9713 3062 759 12290 10208 3090 3791 13772 4931 13522 829 3526 11378 12558 5925 3425 6625 13875 11743 6374 5274 11361 412 5947 1792 2534 1167 13907 6552 3370 3710 8313 9679 11307 8617 14033 5516 3175 5769 3080 3823 2672 10383 9942 9242 7175 9424 13405 637 10291 4463 2376 12181 9550 5630 629 1069 5816 12465 8067 8303 8251 2885 6401 9364 9347 10184 13497 10956 12796 7134 8218 11303 5716 5626 7713 9318 437 12719 4402 2415 2075 1301 2707
594 8326 3936 9088 8282 12402 10880 14197 2275 1251 6635 4313 12841 9642 9500 12042 9351 5337 12636 937 1295 10637 6657 11027 7581 8344 6398 5652 3178 12153 11754 10713 10368 5643 1722 1880 13886 6658 9080 1105 11993 3355 6420 1845 10121 3966 7106 6850 8452 12957 12036 4671 3954 9866 3707 9623 5637 12318 11760 5713 4013 1136 8565 9786 4449 3335 7964 1453 10884 7558 13988 10337 1400 13666 2421 8062 4465 2164 10689 5754 6964 7443 13924 9700 6808 2129 7830 5330 2461 9470 7093 2025 12593 13675 580 10260 11782 8041 3425 10078 9218 7264 2823 12271 8398 17 12322 13753 5253 2091 3466 9991 4807 561 3210 3476 5124 5560 7645 6594 2869 2293 9115 1269 2439 8606 7319 11735 6160 13463 13336 6834 1761 11097 10252 4146 12512 6906 5999 12307 3505 11203 6421 2558 11709 10042 5429 1525 1571 7145 10995 8882 6105 3439 14134 10351 13017 4097 2258 11090 4884 8803 4774 9836 4835 7862 1169 4917 5134 11544 10166 445 12140 270 7907 858 5241 7350 11017 6035 11554 5375 3488 5681 8893 7552 7856 10988 11805 7477 12881 733 11595 12383 4713 8968 9338 6093 7579 7599 1614
595 11604 8627 8658 1977 9163 12299 981 5186 11869 9286 11431 2589 10980 5270 10419 10929 11889 1263 9188 4058 5027 3305 8359 13750 13929 9927 1461 11094 3343 2610 8266 1266 7662 8041 4184 1284 7629 12727 5280 2034 7073 1127 6250 9595 2681 3785 6580 6029 7952 3071 3308 8799 4789 2890 3052 2450 5057 8400 10733 14122 4298 7162 4954 12187 1903 6563 1369 687 7766 11839 13672 988 10100 11090 7832 2372 10037 4293 12455 11064 4294 2867 13930 3726 3411 11031 4475 8976 9206 4037 3454 1189 2134 12550 11957 12985 6950 4647 4724 6487 2 9822 11480 5033 11394 11197 10888 7286 7283 12205 12248 4073 5190 12154 3224 1829 7234 595 9657 9943 10305 12639 4629 12872 1522 1510 1663 12792 12601 13208 11469 1245 3368 10176 3352 3355 5082 13657 9917 4585 7851 3843 13816 13972 4168 9984 6529 11672 5917 6131 14197 11674 7523 13350 5146 7990 8136 4086 1600 5794 5711 12626 12813 9564 3178 5092 6818 11680 13994 13844 12192 8059 157 9092 10540 9953 2858 7201 4541 10492 11081 8098 8267 533 5740 5455 2824 12006 7596 6958 10969 14016 13601 10313 11363 259 12557 4180 9457 156
596 11645 11925 1763 9026 2668 1140 11756 3878 2193 5027 10838 10920 12418 734 4662 3771 10556 12160 5832 7218 7513 8292 9745 8069 8883 131 7804 14126 2550 11076 6607 4925 11287 6998 6780 7412 4134 5419 10979 4333 3539 4701 5589 7944 248 6854 11386 12047 7142 6045 1574 13693 2328 6700 13754 9124 1953 11097 8954 8580 3248 1789 3383 2606 11683 3249 7912 11492 2203 2492 3053 12696 8220 9463 3964 13837 5019 4965 6164 3427 2315 7927 8611 2507 7214 12148 12458 12591 2247 13280 1107 897 4976 9791 11175 274 4504 1411 716 5482 13331 10845 6649 6848 9078 11478 3651 7835 13678 11011 12551 6242 8804 3843 122 7170 1158 11213 320 36 11896 13924 1599 6321 4832 401 9006 7387 823 10176 2806 3436 9842 11169 5572 10793 7790 9048 2129 7005 6092 3632 7859 2992 14060 10077 10953 6860 5895 277 6838 8215 3041 9467 419 6249 1272 4309 7825 259 10594 1366 2357 5892 11340 4104 13017 5037 90 6446 1775 2276 8557 3370 7107 8583 4636 282 14076 4741 10316 14201 9648 1182 2993 6946 12806 8768 9302 13664 11803 11736 874 5047 4220 13495 4185 7080 2840 233
597 9081 3463 10880 2382 6371 7502 5419 4535 1849 11548 10604 8940 13200 783 13188 10347 6997 4143 2214 8396 6028 10255 12537 8311 12594 9853 3728 10085 9809 9522 435 2884 12339 10260 10592 6482 4716 12891 12651 2628 10185 10648 11280 3858 10152 5074 3228 13578 5529 7179 243 8670 4368 8351 10361 10054 13241 9487 10760 4531 13840 11303 7927 3103 4801 13807 5805 1600 2357 4015 13970 2433 11188 861 9580 1843 5348 2699 2268 3429 8543 369 11983 4874 10261 13922 8216 3498 93 1182 5989 1499 6759 5552 13002 11250 2790 4574 3861 7356 1141 149 4248 13866 6221 1985 2663 2733 6133 12678 3779 6681 11995 430 237 13462 1974 8545 3377 6981 13984 1993 13439 9494 11048 12368 13784 10481 10937 399 8966 11823 7716 9466 11618 11235 1611 1436 3311 3930 645 9456 4314 13202 2521 5089 3492 3341 4319 9573 10560 3552 3454 2364 3562 10383 12884 4240 3473 13368 12668 10498 7219 13364 6298 10623 13051 7016 7509 2667 11970 13999 1088 6354 4988 11581 13450 2778 9939 12750 8994 6353 9287 3823 2095 14090 12644 9477 7651 8989 7349 8709 6474 5489 498 4733 6291 14097 2674 3668
598 11742 7567 5231 6334 13970 9388 2886 9603 12403 5045 8055 6592 4306 475 13157 5803 8621 7759 10207 2224 10808 3355 5732 12243 1713 9112 125 2629 13576 13141 4671 5352 3317 11991 6542 11207 2921 4177 1232 5314 12814 7756 1608 8459 7443 3595 891 10667 10305 7746 1318 11309 219 5484 11537 6827 8528 11440 13587 7282 11762 13984 9395 963 3319 6330 8844 2983 4191 10079 1603 6887 6584 6491 4029 7377 9173 7173 7627 10894 11294 9527 6463 12573 3136 12702 1309 5277 14064 1795 11901 6816 13340 9708 4248 11100 6885 11856 13792 1893 187 12461 8347 3919 341 3184 9917 9554 5717 8969 9811 8341 5333 7799 12424 14102 1981 10578 11042 11111 13310 4668 4701 10277 278 5139 5290 13707 4161 2195 5470 10861 1767 11859 8705 10631 13268 8746 2040 847 11538 9698 6758 10489 3009 1450 14019 14149 12587 5019 8966 2594 1016 991 8602 10510 3640 1202 10591 2843 860 5423 12353 2868 596 7435 394 2386 3683 2442 3164 701 8279 11769 2475 5248 2107 11860 8160 11814 10959 13075 8410 1417 3930 861 4945 10202 4687 3382 8041 6980 9477 4101 10329 9961 11850 5281 8685 7425
599 11793 7678 9584 1105 1563 10380 13356 9949 4744 5242 3737 1963 13284 10247 6718 1511 8949 8190 6782 11232 3504 4142 4822 6562 4742 9932 605 6329 926 2569 2044 821 8537 12053 4201 8608 2015 11928 82 7941 13754 8114 836 5756 8204 4758 11044 6130 12905 3593 4569 4235 513 12140 3527 1740 3445 7179 13650 9346 2408 7504 12820 12603 867 804 1803 11210 11946 2899 7974 1143 9767 662 13324 9785 3763 169 102 13924 640 5440 12405 4647 5025 8681 2601 8576 5367 2249 3894 5585 11138 8312 4451 6314 6923 4915 8435 2063 828 6431 5404 2854 4021 2309 4502 8406 13192 4054 9589 4167 4578 13523 8788 158 6785 2666 7418 13044 165 7524 13932 9364 6936 9026 6951 4846 10117 9941 11973 11937 7780 12198 549 7432 9973 8349 10070 3031 2372 3095 235 7910 10856 7675 3520 6285 5958 8181 5995 13348 6448 5051 6357 6627 3213 3404 3270 13209 9812 5335 10445 9375 5616 7453 13369 10577 10097 7315 6077 7433 5351 807 4393 12360 5529 11047 12718 9479 5878 4013 2682 3161 5211 3649 215 11848 3184 5310 6616 13548 14204 12745 5752 13296 1280 291 4293 5854
600 1216 7910 6894 3146 866 2290 8976 6828 2699 2929 13353 4771 2788 4917 13264 3290 14124 2812 7692 4564 2759 3924 8931 11161 6746 10420 9036 12433 7768 2513 2488 8768 10522 10034 7229 6006 5806 9672 11835 3022 13841 7469 1881 11824 3679 11462 13972 3755 2568 8373 8524 5088 12360 3855 9504 6388 13941 11199 13840 12573 4176 7080 2341 9798 7510 2202 10633 3590 3724 6997 1698 7291 7421 10193 130 12579 13559 12871 4205 8011 9912 4201 30 2012 4219 3661 1689 13263 6783 8325 1336 1859 5733 2569 10567 13270 8436 4389 8558 13290 3524 10133 11985 8305 2364 5235 11006 14127 9702 8731 2874 126 9224 756 2971 5408 6682 456 14060 7193 4534 13685 4250 7115 8376 6890 6821 8688 6273 8781 6102 5075 6712 6648 1323 11235 2570 6023 13900 3506 1161 6743 10733 6397 13187 13407 2471 12351 13224 7048 915 8421 1303 2655 10690 4702 12097 1540 5698 768 11281 13079 10238 7801 6839 273 8417 12074 13871 6520 7335 2819 14009 5593 7900 11407 5245 1729 6735 6579 8111 7637 7612 7669 12327 4507 1158 2179 13223 3723 8206 176 5391 6709 6926 9619 4161 3256 9670 6698
601 11841 3014 9570 5913 7348 2675 2700 2448 11705 12030 8079 4658 551 10694 8282 5488 4947 8460 13446 1605 2942 10882 4950 12238 6003 4547 9441 9934 8414 4565 7115 6435 4423 7123 3686 1242 2247 9751 3280 12218 10339 7708 14116 6271 8859 10008 3220 2615 427 2261 10193 1442 2694 7680 2549 7501 2410 12075 2277 3801 1066 4585 3044 1205 13106 14177 6907 6745 11277 6116 7522 10500 10795 11239 2794 7864 4520 9681 131 11264 10047 12673 10960 8593 12299 3887 528 12388 11604 2008 13094 7858 6190 4024 5538 8331 9060 10855 13237 246 11636 9569 14145 4224 3328 9087 6124 6888 3047 2419 9021 6477 7589 2407 12681 13918 8230 13929 2206 917 12341 9316 13005 5510 9330 2543 13695 679 6979 11692 6181 5531 5030 6081 2360 1990 6221 10448 10703 10782 1653 7694 13425 10656 8269 6694 801 3864 3276 10293 12728 6249 5896 8148 1639 10433 862 9757 12317 12768 2065 13084 759 8693 11954 8774 1160 9877 9986 10996 1618 2182 5376 4933 5677 2080 6630 6604 3219 13716 5998 4372 3621 12578 9213 4173 13342 2030 7698 10228 10939 1235 12886 2893 11532 8444 14182 11369 10055 7793
602 11847 12091 8655 12479 1170 8621 10311 6791 8552 9030 3523 8132 8602 1430 176 2174 2290 12866 8244 2887 6009 5393 11832 6506 1429 6011 9916 3299 3288 14017 2960 3741 7218 1310 1746 8568 13465 14044 8255 3694 7360 327 6827 6698 3980 5026 9990 8968 8519 13615 14032 964 571 8978 3134 5460 13148 4916 9539 11461 1042 13210 6680 877 3407 11933 2121 11073 12606 1865 10023 12440 6794 4011 2089 1858 10370 9893 5167 5845 7186 6508 3056 3715 9882 6464 8563 138 2220 12002 6910 10998 577 2475 6916 4724 12392 11633 84 14140 3177 2486 6374 9091 5273 6030 13053 5674 6593 11456 11615 7766 5066 3226 10701 11756 1984 2282 6734 1888 1638 11532 5069 11138 8041 5634 4510 3699 1377 11550 11826 9087 13815 7866 9348 10490 5795 1413 11205 429 97 7672 6327 11930 2362 1852 11496 3312 1109 2615 4754 984 13563 12494 10157 12297 10427 13991 3806 22 11270 13392 4150 4570 10793 3867 12337 7780 11908 2477 7187 1162 2717 13353 2130 11354 770 5860 9855 12985 3114 5424 12592 5060 6915 10916 2589 12953 6738 8614 12103 12146 5417 11939 13852 9259 1566 7124 11488 779
603 5065 3871 3823 1580 2452 4506 1372 18 1665 6308 3730 5338 2839 13695 14123 11101 4199 5545 949 8080 8340 10732 5407 8647 8008 53 13883 3162 12776 6908 6334 14103 5757 2621 4481 3061 2748 8508 13785 5700 8619 5816 2468 7235 3745 8038 10549 10370 8047 11606 11493 5456 8671 10226 6373 646 6629 13367 2492 4459 3717 7464 7486 12100 589 1145 8618 3657 2791 1001 3997 11536 5050 9264 9476 8921 1436 8663 12735 11698 8150 8002 10158 14087 6785 8270 6536 11480 11103 9220 5222 3181 6429 11656 270 6581 5487 12337 4918 7587 7418 505 1116 9513 12916 7684 7615 12385 12801 13558 4817 586 4146 6164 3554 1424 7024 6096 13414 2547 8265 5999 8884 13020 404 8374 4574 2509 8323 9614 11609 6819 9478 7883 3250 9222 6844 10785 185 12316 3672 14191 8135 7201 457 8457 12281 11209 1403 7554 10828 2118 10346 7912 2059 6821 5648 8182 8887 2410 11262 31 13720 7371 11988 4375 8026 5091 8521 4616 10930 7155 13395 12492 10814 9168 14025 1610 14200 2243 7229 13547 8718 11382 6025 11519 4029 9603 13172 9174 10648 8645 5017 5308 11627 3171 2238 8781 10639 6694
604 6791 11208 9886 2478 10082 11058 8972 5422 4163 2220 11066 6086 9541 13212 13993 3856 7661 10486 6922 12294 3862 1955 8726 11681 7146 11179 12441 8537 11875 2838 10363 9409 5800 7145 14038 13982 1206 7648 12720 9068 873 12831 584 2363 648 13350 3517 798 2302 10992 9295 3051 8410 2806 7775 13583 4806 4105 7975 11648 2274 8597 10738 5106 1721 5096 10590 12646 1891 3921 7800 14106 1709 4422 7348 8673 7059 11051 5217 4519 5925 3132 8541 5122 3070 1851 4581 12830 1044 2977 5244 317 3472 2821 278 2716 1854 11567 2212 2831 3478 2992 591 13467 1518 13245 7960 5480 5259 7313 6135 3488 9563 6018 12948 2955 1197 13075 13605 5329 12118 753 4795 6441 9962 12943 11867 11725 4702 4562 12940 3733 8957 8332 7090 1173 12212 2445 7408 13888 12407 9024 4031 2074 8093 1118 5234 1503 9202 13520 12228 6127 12950 13842 7086 1595 10976 4682 12044 2889 12370 6139 1738 7870 329 7353 2631 7137 5107 4019 9348 11367 6186 2638 5663 13723 3617 7784 3244 1499 4446 9741 4525 11052 4360 6152 12232 7304 3931 5060 13061 3147 8079 13541 9931 918 13627 5272 10479 4631
605 7838 114 3203 10549 1981 13547 14043 11749 9820 1105 9422 8364 7090 6555 8770 11193 10160 8893 7551 9191 11202 10163 10365 6969 9320 5949 4760 12562 7664 7678 8776 3634 12090 4668 1838 9738 10729 11130 1437 13941 12421 12507 10226 11029 11225 6731 2679 425 8672 491 6296 6157 14159 3902 9771 9881 1180 13182 7656 7584 11619 3060 8735 6274 4446 4153 10679 11905 5354 6465 3745 3285 7184 4406 3105 2198 13202 10975 11799 3228 10021 5388 6309 11962 11223 5242 12243 2238 4108 13845 7766 4168 5247 6495 13917 3048 9841 3376 2546 4920 6452 7189 3595 9416 9348 4280 5689 5355 8677 8388 10185 5208 3302 6075 10829 5673 6682 5109 12990 11005 10940 13490 8188 8815 188 7114 12259 3841 4645 5455 2257 8542 5425 1016 8555 13735 5519 5408 2311 5033 2203 13096 9418 574 9347 9183 7456 5871 4558 7522 11085 194 8915 13043 13409 9724 10101 999 331 9770 4165 13669 11642 8511 13421 8647 3072 7270 2797 6368 13552 7814 7851 3953 10280 11284 6641 7843 12189 6659 13110 127 10961 10676 4597 12576 4922 3371 7343 3439 3971 9784 10690 10119 6036 13691 8908 7407 4986 3891
606 2053 5967 8279 14056 7763 5467 6171 553 1177 6713 5262 11084 10524 981 8635 1246 1944 5731 3261 8450 754 9461 11220 1391 4535 340 9074 13801 4082 5234 4277 4975 10155 6348 12358 11434 2412 13459 296 6982 4594 7613 11210 12374 4461 4925 7250 5452 7989 1069 7183 3548 2251 1454 8988 120 576 7047 2988 1323 13592 198 4875 11486 12968 10072 173 11799 7867 1909 856 6070 3686 7677 6212 6754 8329 10741 9962 13215 1341 10040 336 9717 1335 4414 2603 5134 5715 13601 12811 13604 9242 3960 1195 4625 13920 2508 12225 10989 10078 3419 8296 10097 9434 1575 11445 3040 9369 8444 1447 12630 7733 964 12908 13458 5667 6512 2218 6283 4900 4617 4797 2691 10240 6232 12221 10661 9233 3710 3415 10446 9715 5754 5729 9289 11078 13934 12002 1174 309 9285 6875 11717 4447 2509 6908 8457 4536 11915 3171 5517 842 273 13687 7294 5923 9087 4639 10536 1485 8866 13186 4252 11242 2044 994 6865 10688 11568 3335 8340 1747 6811 5588 5419 5351 9057 8641 12218 3702 9872 8617 7042 12650 9816 10784 13389 12885 8764 2538 13770 4813 4614 6866 8534 4267 3592 3202 6472
607 11434 14203 685 2725 10940 6907 13775 13980 4293 10565 3983 5836 6534 10947 5711 12279 12915 2995 7444 10095 113 12967 3149 5337 11819 4281 6046 12973 11745 1348 13092 1848 6743 5702 11069 12206 237 3125 6387 8815 3427 521 8430 9820 2227 9491 8486 2305 9234 8266 1194 2666 2333 13258 9979 8142 13820 8597 13157 2302 9689 13290 7121 1821 14114 5418 4072 13827 6800 5155 9522 10871 8176 7015 12359 9645 1142 5525 9136 9389 12479 8576 11778 7881 271 1446 13969 7115 3969 1282 8493 6874 2898 13413 7494 3997 5110 2471 7962 14087 2138 2047 1980 8124 1493 12346 4327 9171 976 9133 12141 1604 1215 6889 8072 12435 9884 12107 14127 7224 7625 12080 3392 1180 2724 13097 11691 4180 498 4798 5710 7818 6131 1051 12506 3783 7786 13216 2660 7722 9202 7040 1078 5217 4269 13656 7898 12891 13347 527 10511 2927 8569 9763 10660 12323 6548 2815 4428 13121 6657 13240 4419 2308 9558 12071 9279 2776 10994 13475 972 12901 1441 10975 2580 6356 10430 4620 4333 96 8168 9591 13637 4273 9925 2397 632 11971 14121 1104 11120 3007 7578 7511 12963 4960 1227 1353 2250 2541
608 76 1323 543 8320 11419 8078 13386 6424 13488 3700 8663 133 13636 5819 8046 12728 3712 13727 13067 5823 9445 13817 1724 7230 1803 2592 4562 2344 5307 6097 5070 12724 13685 904 4661 5437 775 8754 5951 5859 1469 11669 7778 4854 6108 12028 4849 12270 3863 190 60 7422 6362 1781 967 6658 2710 983 3228 13496 8245 362 12078 752 910 9900 11926 2871 10683 8045 13548 11696 2878 1435 10983 5009 7214 6766 12952 5619 10151 10049 4359 5962 1629 2045 3147 4152 10993 4317 11749 834 11287 9646 9312 13372 4006 12400 13479 4658 5525 6453 4548 7921 1976 5124 13735 14036 12761 9190 10374 1928 13147 1599 366 10437 3760 2094 7999 11461 9018 832 13500 4061 2374 12746 5024 6151 12638 13493 4284 2573 2171 7127 1718 7054 965 1958 13802 5056 1734 4796 7969 7140 5807 7977 2802 11494 11193 3006 11460 13000 2744 10217 1137 2162 8057 2501 12745 11715 1491 1677 7182 5471 8136 8151 10132 10991 1326 3076 3094 11998 7046 2377 1135 5836 5361 5792 2288 4352 7660 1535 8872 2395 2505 6421 1076 9706 9161 6244 2706 10679 504 280 9518 10760 11391 10928 13710 5721
609 12043 10818 3023 8554 2519 9956 10581 34 6553 9218 6395 49 9719 8339 2296 6142 3240 1272 1870 5456 6346 6215 7475 9326 12442 10624 642 6583 3787 10941 1080 1329 13684 3648 2945 5342 8394 4746 11188 11369 11502 2709 14158 7379 9779 7940 11256 5705 9555 736 7174 4561 5630 11604 4696 12041 13043 227 9151 5146 10104 10971 7062 9034 23 8596 6618 2227 3794 4986 8251 12384 7113 7931 13248 5343 11762 6636 3665 6719 10698 5764 5653 1861 1811 1429 10357 8650 10517 9805 10481 4122 9161 9904 5738 1040 6657 4158 2147 1524 843 12908 4568 10705 979 8182 11735 8686 824 11178 8932 3898 12793 9753 10214 6711 7424 8682 7442 10032 6769 1918 9074 5373 5022 7216 845 1822 7209 12667 3391 6101 12415 4558 9145 1805 10814 3193 12832 400 2840 8284 10108 7308 3158 2395 11986 9124 4643 12937 9785 9914 11435 10299 13397 10915 8287 3564 4822 8995 8153 2781 9250 7755 862 11822 7752 7464 8119 5542 9231 13125 7968 3355 7902 6316 7346 11147 10469 8888 2400 4328 8477 1438 1912 2592 6701 741 12887 6491 1445 12695 14159 9800 4189 5484 7619 2195 9842 2675
610 400 13524 4996 10379 1439 6627 4957 6524 9843 11825 3611 4906 9954 12728 13457 12566 9035 10558 4387 5813 7800 14069 8274 13414 1780 4888 7208 12364 3496 7424 13981 7793 201 8778 1903 8443 12244 11516 5708 3043 6228 2480 7825 11780 7325 12847 4015 5554 2415 11201 9492 2424 9852 7744 10054 11568 8192 9991 964 2309 5207 11836 14109 3970 7045 3393 3607 10560 1152 9384 1067 13707 9868 12070 14216 2701 10535 10046 8642 11447 8208 294 6059 302 497 9699 7552 13456 8067 10779 766 7213 2002 8716 8116 12144 13982 13298 5254 8749 6273 2906 11546 3755 5436 13520 5381 53 10443 2671 100 6701 11157 13969 13231 10133 3337 8595 870 13542 7157 3797 2065 2968 3389 2806 6972 5748 13119 9855 12775 11709 11718 3418 12500 2164 10350 13936 2269 10871 3801 13990 1654 11261 5667 5363 9240 424 1968 4484 3216 9348 4393 8680 13216 4955 1089 2864 6237 5388 9938 3180 3006 4911 7494 5261 10831 3591 5527 853 1735 4683 9518 4658 7876 6446 7966 5770 2691 8889 3946 3732 10753 10498 12258 10774 9201 11920 2301 12900 3213 9490 3423 5021 2088 11667 12405 1357 7014 6515
611 4521 6963 7593 11678 11911 2247 12655 10368 11820 6210 7737 11225 9488 7884 6454 14163 11432 8224 5874 13588 2988 1580 4182 12025 2848 11268 12692 7546 4310 2505 13132 7574 11179 10115 3498 1288 7231 10929 3284 7896 13284 548 3623 4158 404 3223 1097 11737 6821 9311 3511 1280 1803 494 4623 12201 3345 1134 4030 3510 5369 44 5298 10837 2992 9341 7179 4220 9514 11810 12740 456 9592 5824 9397 7280 9858 2033 2924 4947 2420 3116 11030 9205 3963 1953 6787 6705 736 11455 11512 7662 3321 6322 10680 7454 4018 5664 2109 6461 11609 241 9726 13708 10585 10579 1884 7873 391 5535 12926 13168 8585 6165 7478 12455 9450 10718 10604 10650 8412 8363 10015 12605 3082 12308 1479 882 4191 8415 8880 549 3323 6227 181 6652 67 10043 9362 3967 2112 889 10860 11958 6028 6361 4798 9789 9709 6360 6276 792 6080 3706 7220 9890 3542 10886 8561 6718 3361 6408 4969 12623 12723 9743 12700 4819 6931 4247 5703 11093 7529 5429 8400 4204 12262 12739 2869 2779 2811 11207 12103 13226 288 5085 1432 1712 5412 1448 13254 12636 8855 165 11308 2482 3566 9036 2332 2066
612 5800 387 7993 13649 7035 1261 9922 3357 9660 7484 10942 5391 5368 7616 5022 12736 9204 13752 8732 6062 4092 7334 4306 13308 9556 5026 11386 9593 7840 2196 9170 9988 9182 6249 7770 3837 9648 13553 13838 3723 13757 11840 11054 12993 3087 2617 10933 7078 6325 1835 2350 6218 8367 11187 11607 5439 9727 1116 277 882 4976 4677 11315 2670 1577 4037 6352 12516 5199 13404 8434 3830 5205 3767 361 9834 3237 11673 6357 9684 555 2531 3620 12163 11308 2054 14003 3393 8681 2410 2966 5316 13496 7006 3177 12655 1294 2428 3867 748 9982 5329 11952 12809 6497 8350 9514 1265 6597 3367 11037 7500 793 2683 13789 11058 3840 235 3870 6708 12484 3971 5269 3761 3882 4909 12831 13315 10811 7441 14089 1017 4426 7335 7374 122 8966 4771 12487 6315 714 1986 7382 5584 13264 3821 5442 12041 9826 2591 11119 8414 12542 5299 12029 4767 10678 1952 11253 6488 8276 12464 5736 6472 7007 12571 372 1387 2643 12075 5078 645 687 11965 9510 10993 4169 11575 10873 10917 6575 3222 9023 5232 6839 11298 1591 3763 10017 3110 2256 6899 5467 7309 560 4255 9875 726 11926 1915
613 5107 2641 8948 13035 9368 1949 3253 12156 1072 12776 12806 5401 5651 1549 6127 386 8308 6122 2437 4230 419 9019 13176 9987 303 13698 3790 6462 4350 6939 8551 1783 5040 8848 12888 12793 4908 12686 3051 5636 2121 1252 11617 8306 4342 4716 7446 11045 2111 5007 3086 1832 877 7675 4488 3520 8718 2542 10121 3651 106 13315 6661 12710 11275 13391 10875 5302 13711 11111 13 14011 7662 6158 353 10900 11031 2845 9420 11230 5398 11623 5709 6488 2172 1140 11542 11106 3062 7332 11326 9223 12911 3249 4575 1316 13543 6103 3664 4591 9302 5204 3608 10605 4644 127 13511 1895 2626 9719 9871 1770 2910 6088 3160 6865 13776 8594 6678 9319 11036 5498 1164 12638 5124 10474 11096 10125 11010 10869 573 6476 4869 7024 11641 5280 9476 3658 9937 3732 7699 4692 7909 10214 11479 9941 693 13309 12416 7645 8452 9890 14046 8348 267 12128 3877 4499 9536 13136 3224 10385 5628 9723 13219 13456 12966 12657 11375 2693 1927 2650 2864 8768 13030 1985 1001 9076 7737 5274 12801 11865 3075 6837 11773 10266 1426 1831 5418 12807 6387 9798 4710 4254 8312 3878 11282 2591 8085 4853
614 7280 13019 4236 1649 9005 6829 519 11288 5961 12067 7937 5720 2682 13444 5148 11111 7409 4193 5076 9013 11926 5491 6141 12803 363 3637 8701 4317 4040 11701 3115 4820 4532 6677 12826 4687 301 5958 8372 3358 6334 9580 6316 7326 9232 884 8163 10806 7921 9308 6854 7193 2337 6794 13848 332 6752 10547 12483 1297 6249 1542 3339 7706 9409 7643 10470 8334 12821 11799 8600 3421 5421 6769 14120 5646 5807 878 6165 11748 4437 6339 4839 3047 8413 13253 8359 11496 6983 1133 2201 2141 12741 13260 7011 5477 13827 1080 2853 11453 3308 1937 814 9930 11071 13665 4815 2039 11250 4564 2314 1916 13643 11889 12232 12579 10813 755 13995 8502 8398 3968 10276 12763 6216 10359 581 4206 2855 9272 12149 5312 13554 7820 1 11306 10790 6772 147 5185 4301 617 11058 4132 11865 3703 11254 9844 5363 12787 8267 3809 8664 536 852 3208 3249 13845 6750 9316 1470 11468 8966 9230 12120 9446 8061 13710 8182 2989 12133 11299 12838 6102 13939 10617 7050 2292 11529 8843 11259 2598 917 3406 7601 11786 12015 6023 13494 13861 5384 7102 7655 3213 12156 6684 5868 8174 9449 10729
615 7763 252 11944 8571 3453 8276 12577 8936 13113 8116 10387 11595 13148 6260 1029 2960 1573 11786 7363 5472 8077 2907 9184 4224 2176 4099 9364 10122 6401 10761 7131 10214 12441 12913 9747 824 13971 5605 3325 4235 10154 1174 5863 12016 1621 8918 11185 8295 13370 11787 10168 11936 6665 7964 8992 7745 6025 5618 7315 4347 1478 3728 11841 13285 12303 13257 5368 6542 5680 3281 3868 33 10880 5936 13511 1759 4082 6005 1880 3390 7538 4755 9182 10172 6856 8128 10675 871 13717 1278 6283 12849 10703 2651 3556 11721 5760 2444 2529 1123 2982 4164 7270 9329 7610 11268 6527 2523 6166 801 4189 10464 6032 9267 8311 10615 6419 11215 1206 2767 12472 5778 9132 12982 13765 14031 1023 9343 994 12290 2526 7836 7401 4978 13615 3518 1204 4231 8004 4518 3074 5604 6320 6561 7040 2981 3224 2300 10174 10580 7184 6625 9437 2617 4332 6289 4461 7627 11095 1841 4436 11126 10114 3738 13716 6337 3582 9818 2041 13395 6740 4024 4546 10259 14125 3548 6793 10432 10169 7308 3618 7393 4753 4513 9193 12026 7644 4824 11212 163 13047 12074 9806 1 6828 13436 2407 8349 7309 11376
616 648 2267 2422 2722 8068 10571 2840 4034 12896 7552 10269 11352 5811 11433 10106 5276 12551 11933 10001 7172 3723 483 7884 8340 2159 4288 217 7843 9400 10992 9132 6230 13228 11282 3176 603 8377 8322 2786 1793 13839 371 7242 4317 3312 1530 5198 1302 7432 2099 10515 2397 12902 13525 4784 4527 2891 10896 1524 8072 332 7891 12381 2001 2500 7374 11464 8740 9495 4826 14157 1363 5801 13571 7466 14180 6463 8880 5763 11986 10638 999 8685 4824 10522 13152 4324 13484 11573 12085 13329 6035 5990 7284 6231 12620 5395 2576 10899 845 6668 5492 12080 7205 8390 9069 14128 11323 3262 8961 10836 8254 8555 5741 3838 7294 7103 9472 10119 11470 7807 2785 4712 7980 11977 12692 7995 6904 14153 3891 5519 7532 12489 590 6198 1301 4677 8302 12875 3007 6834 3590 13992 2771 5928 6991 3473 12891 207 4011 10459 7198 6223 2933 2979 6779 11824 6892 11750 12103 12332 1698 13932 13012 12751 1020 9811 1764 7785 10501 5941 5256 582 13345 12745 8096 13457 13210 2253 1686 13360 6188 12842 4482 14005 3207 9211 6047 14081 6016 10283 14028 545 8706 1695 10399 4530 12446 7035 7008
617 2403 4538 13718 13833 2929 6924 6638 669 9605 1394 1211 6362 11914 4313 1188 2393 10195 10030 6152 7872 6529 7470 8975 5152 6772 13213 6477 1449 7802 11922 9371 13238 682 4825 3176 6660 2844 2075 11063 10749 2056 4066 1152 2962 2950 5568 11817 7785 6984 10105 12676 13728 7928 12295 6046 665 1136 6186 7585 559 8131 7986 488 13538 4708 3649 9513 5878 10631 1015 3010 1381 6299 10838 11799 8256 8886 3781 13511 4478 7657 7410 2130 8664 10947 909 8185 12415 5883 1475 3540 11618 8912 11279 12271 654 4484 3503 13137 7586 13260 4597 13905 401 2112 6657 2988 14140 4459 6192 5347 14083 11832 4935 13002 12947 9134 13832 11883 2102 11455 2366 413 13698 13023 13116 6220 13239 13408 9536 12164 2867 13534 8707 2621 5480 4004 13330 10313 2619 11857 10764 2760 8064 12744 4523 7520 12600 5397 10175 10910 3429 4454 13475 11407 9598 3281 11036 4032 2842 4660 1951 7217 4886 5795 5135 1693 6968 10702 8904 2543 6335 4664 1963 8142 11308 7396 12746 8246 8581 11218 10759 12839 2146 9193 7436 12991 11135 5553 2468 1246 13012 4193 10678 14216 12520 1391 4135 2419 13551
618 7153 11021 4215 2134 3030 10825 9340 6831 11860 9987 14118 14198 11724 4725 1092 7693 6685 2124 7942 12176 2419 11211 5165 10306 312 8000 4374 13899 1549 8137 12042 9280 8145 10517 3249 850 8126 3729 11551 11425 620 6826 12394 13387 3863 6975 13352 465 2202 10146 4335 10451 11848 12102 8544 3725 3238 5576 2340 12690 9256 1459 9635 9697 11410 5796 6364 565 13537 13589 14184 8764 4685 3242 4650 7787 3188 5046 7412 13301 12243 1 5948 5571 9506 5005 11160 3252 3957 11793 5087 1279 4783 2538 5786 2342 2730 11989 4144 4772 11040 212 5774 8779 1908 3156 6803 7011 5119 12629 10407 7703 7554 6883 10468 2447 5502 2530 11333 9583 1293 9988 616 1660 9764 11842 11612 3954 2057 7386 3709 1042 8345 3661 11967 3692 8637 13163 9529 3821 10489 6763 10850 3036 1949 1530 156 4791 5068 12688 11276 9362 8878 13104 254 10053 2822 12789 8470 1243 8972 3079 11857 484 12609 11657 8252 2491 11431 14208 2661 7297 7230 9202 13379 4990 3163 8045 4231 5593 11918 11664 6468 2038 5144 13171 458 6008 12166 1145 13057 1823 11717 7295 5111 8154 462 5795 10187 3295
619 4568 8927 14000 5908 503 8862 3100 6493 12279 4731 11588 13264 9056 7485 3764 3241 1911 731 13285 5903 943 5470 3683 8306 3695 7765 4037 14210 641 6621 3717 1326 6956 9709 10375 8080 7828 1985 2486 2493 9051 7860 13561 4157 9847 13900 505 2119 13178 13320 7339 3095 3995 5647 422 5700 11380 13453 1570 9398 481 3957 11346 9419 8809 1550 10073 8105 8562 11970 9361 12346 3917 7621 6194 11780 568 5807 8402 6411 152 10756 72 11194 12023 1374 10295 1121 1162 11723 6021 13933 2540 10335 14144 4271 7020 4861 2076 6261 5441 460 7593 2554 2134 4657 1835 3630 13363 1077 1517 3688 10046 2817 311 12801 2585 13978 4024 10555 13609 11147 6677 75 7341 6697 7660 12316 12598 8532 3965 10556 13622 5865 13868 161 8249 1643 8526 13311 6031 7385 1530 627 13077 1112 12358 3041 10909 8376 8461 12060 6373 9313 4465 3606 7587 1506 7508 10615 935 13831 2416 7298 7384 9023 13090 3877 3700 692 12272 1196 5355 8072 4976 1718 6982 12184 4892 10258 4346 10606 3676 4971 1103 7328 3747 3507 9140 5893 13236 2923 9298 4083 13996 13547 1727 938 4007 13372
620 792 5399 9609 9663 13844 6609 13689 7609 10937 10260 2357 5249 9496 3385 13535 5109 13755 1282 5069 9049 1874 3436 8236 11919 3383 992 8513 2822 10368 13801 9225 6594 7203 4809 702 6772 11488 5863 13076 5983 8917 8384 7368 5035 4208 11669 2976 11173 9439 12271 232 846 9236 8568 3309 10458 6360 8930 6101 3892 13211 7929 8707 8964 2857 9964 7554 7505 14005 8125 2104 3703 8940 2436 6896 9625 10477 5827 1989 1626 12021 5497 9546 13623 5274 7132 8986 1094 10538 6814 3555 6216 12430 12041 8583 9516 11230 6851 14131 9210 12376 7923 10852 11049 7446 11331 9072 4363 10941 11310 12773 6106 11778 871 10936 8364 8756 2827 9029 4757 8221 2946 6843 4202 2026 2641 7520 987 6188 2783 4142 9539 7787 4041 9702 3529 833 7006 5610 88 464 11709 3561 4728 3039 8208 6815 3650 148 1611 7983 6502 11836 5173 4291 3338 7439 13741 7625 3105 10046 638 2512 4570 998 11615 1056 474 2553 13059 4055 11470 13769 1815 4522 13845 12820 1846 9275 10953 7232 5970 9311 3372 2311 11492 7549 2579 10171 13956 9590 10452 5698 1895 6618 4885 2025 13923 10934 3917
621 4476 5398 8145 5219 7577 2909 10756 9556 876 8715 6295 4766 2421 10935 11692 2590 12367 1517 587 5524 10029 5814 7024 12233 2435 5991 177 4720 6992 11444 7709 10266 12204 1937 6484 12564 10032 7111 10121 480 6147 5563 8296 209 10725 12379 817 3384 11468 4335 1673 12252 247 2937 4589 3676 9462 10349 13804 7504 6694 4274 2214 501 6761 4848 14008 1640 2093 7063 11476 10648 4547 9706 8376 1038 3290 10621 3158 8216 252 6208 13449 10235 10239 330 12556 5013 2951 7019 2331 153 12441 5304 9831 5623 5103 12924 8625 5216 3009 9336 13357 8716 2825 9838 11284 6035 13596 6757 10995 4111 867 2078 10747 6711 6953 14127 2390 7947 8272 625 8048 10700 5798 3791 11397 10494 7346 14102 581 6454 681 1371 10761 10159 4355 10181 6051 1423 14168 8208 11169 4264 5408 13450 3244 2574 117 11241 1743 11539 13697 10012 2738 8623 4966 6456 5550 2517 2697 8326 1436 13650 8384 2971 4586 13323 12874 10550 13248 185 9261 2321 12725 7429 7539 4741 5561 6993 3431 3371 6309 12385 831 1394 4252 7512 8431 7682 2801 12242 9345 11201 12641 12618 13563 12806 10354 9415
622 309 8986 908 2129 2855 13411 6843 3873 10478 13829 5755 13704 8195 9041 6733 9262 2376 5444 7101 11238 3941 9582 9015 13217 6292 3981 12529 11864 1018 7278 539 11580 3177 1172 2885 12141 8015 7901 8360 9992 8921 3655 4226 13903 7687 6868 4076 2345 8812 13973 10727 10701 12184 11492 11276 12318 318 2278 4996 11731 12179 11962 6481 2103 10448 12848 4124 7284 6434 14145 10100 8319 14083 11577 7582 4479 10879 11718 8277 3862 7289 11448 13804 6479 13633 14071 12263 12894 10371 2 7849 8113 13880 13767 1138 2710 11169 3774 8536 4288 6075 4979 14053 11277 8585 5388 11396 781 53 9973 11963 9136 13676 2006 9030 13694 13107 6429 10621 9892 3175 12543 13252 7488 38 6003 1470 7494 1740 10130 7778 11428 925 13264 8199 7099 9888 4998 6796 12530 10308 9491 5168 8333 8350 14210 9358 5925 10670 6426 10182 12211 10604 12860 6321 6322 8289 14024 7894 6676 12499 6775 1194 2304 10841 7883 1159 4289 6098 2648 11767 6615 6861 4715 8841 3782 8637 10644 447 9688 3246 8314 8156 9286 1271 10675 2443 806 5662 2866 6416 2378 13952 12147 6559 13784 12370 8788 11017 11707
623 8708 631 4240 3468 4014 1272 8738 7027 11141 14126 1196 1044 2216 2697 9197 2403 8802 8416 6802 9552 10691 9208 1062 12101 6509 5662 11143 7708 8889 12909 1809 1401 2511 9178 6476 4452 12801 10887 13007 277 5831 4337 9987 7051 12744 11747 7421 2303 13234 6567 7692 13758 10939 9477 2973 4698 7839 8883 5264 9484 9360 13561 3510 8165 602 5983 4622 8162 3435 9513 13666 5829 8902 2434 3720 13129 5734 8433 3963 5582 3350 3338 7686 7556 7283 3373 14189 7538 9474 3346 2469 9505 3999 2858 7891 1567 3842 11671 17 12062 1148 2703 6488 10381 3351 5719 1857 7264 8641 4291 11929 8341 14128 5683 12196 7047 3528 11891 1855 13991 14031 9738 7316 2343 5765 4896 8045 475 1728 482 6126 1299 10464 3861 10842 8210 8158 12985 5397 7033 5669 694 5037 12469 9283 11898 7107 12745 5181 8453 14194 4158 10480 4446 7318 6631 10919 9733 4900 1593 7121 221 13839 4897 10290 3527 8407 10417 9163 157 11614 7490 3816 13749 12098 7462 9883 9509 3202 11134 7284 2705 3981 11295 9321 10572 10235 442 4709 9656 1517 12277 9916 3470 11869 13792 8726 8913 3497 1225
624 1098 1205 13719 1472 1526 10751 3818 5110 4785 10493 1191 7029 7585 13062 4537 7582 7554 4649 4815 596 5053 2273 2956 7045 9722 120 13672 12379 13594 9374 12351 6283 6658 7511 6573 1251 6715 8552 13048 4505 7044 10656 9997 6911 5812 13053 6000 3875 1245 10153 11612 8438 10426 11836 475 4673 8523 191 4920 7261 4146 10206 11235 10223 6866 12198 1370 7489 12023 8688 9345 8377 7769 9172 124 1796 13853 6087 6727 6328 10025 9676 5935 1166 9077 10733 5668 10843 10969 5971 10725 9457 10380 5640 5713 8175 13682 11018 2418 10388 96 1132 5762 3361 13837 655 10304 7969 7573 3394 9711 11267 10696 4129 6806 6661 13736 3833 10134 13120 7039 1554 3988 10921 10465 52 3902 11616 1077 4368 12508 3256 13155 7772 427 7022 5645 3647 5628 5101 5732 2165 11726 1181 12008 6779 11985 6970 11878 2639 9487 10067 2674 473 418 4825 3075 8892 3669 11177 9039 4330 3855 165 589 7388 2599 6369 6090 12831 2627 12312 6160 12874 8134 4570 7365 13296 889 8681 1394 527 12080 10434 3584 1643 2085 7041 8682 962 11884 4006 2738 11721 1445 2926 8136 5660 30 9840
625 27 9528 1398 5539 4758 9397 8586 6675 12807 12256 5492 2440 7518 6161 7267 8722 6131 13733 13549 3721 10939 12184 10435 6952 6235 10865 1197 11655 12761 5186 12337 13971 970 12649 10642 12516 8152 11176 9676 4396 6638 12825 13626 5629 10073 12958 11093 12914 12867 1845 11791 305 4426 731 5839 3087 7633 3704 4444 2699 3126 5311 8051 12911 6332 9091 3321 9661 3407 8407 6189 12940 12200 11455 4849 6116 10547 3759 12280 2586 4977 9828 7387 12037 13409 4002 391 6165 5565 8650 4362 14204 10046 8271 2976 4691 13502 9579 13503 3731 13018 138 8394 12563 5385 13570 11734 8021 13107 3388 8479 3109 618 8988 6049 1860 5354 11797 13737 9802 2905 13054 12041 217 12788 4945 9517 1989 2816 12969 2 10189 12414 10112 10508 2496 10104 13121 10291 8806 3738 7872 13210 4886 10497 5778 4910 11375 7602 627 14134 11969 9624 4491 7861 1171 4973 1302 5310 7472 1964 3648 8907 6427 2835 9587 7040 13038 161 11313 5016 12724 4662 11819 3173 6586 9194 4196 7895 8519 10092 9188 12758 12225 13462 281 10629 8230 8639 5618 836 12095 11289 6835 12072 12655 1791 7030 5573 195
626 351 1896 10926 10899 5395 10937 11723 13441 959 10672 6043 4234 10915 736 5897 1301 7641 6175 5961 7348 10307 9816 4577 11691 1806 8058 5287 8524 5089 10440 9598 4027 7315 750 6449 11183 1746 11927 12703 9550 6003 2808 5644 9958 6014 12671 9931 3188 13018 5319 7490 5086 3668 5347 7291 13093 6314 1529 4119 11776 8523 1079 9465 13844 2837 2939 12103 11651 7866 5350 9523 950 5344 9654 13079 7668 5821 2222 9935 5945 13648 3165 8754 6266 3965 964 12136 4985 4685 860 8946 5096 8203 10396 10873 6739 3317 12407 6761 10985 12938 9904 56 11067 205 8599 385 8382 14043 6055 2871 7084 2453 1025 1876 8863 3769 2913 10445 1450 2615 6637 13623 4712 13232 7015 844 7940 9195 681 8602 1246 13020 5654 3036 2369 7135 1752 5571 2896 10924 7678 4589 29 4629 5027 11110 5194 14172 8639 3106 928 4802 1842 6947 8210 8152 13880 12707 9119 13696 11424 1624 454 12934 11428 8495 3137 9578 9912 12937 4150 4835 9639 8573 7126 8121 1792 13697 12915 8748 9357 71 8547 3512 2186 3771 2286 2801 1863 6045 2668 13563 4687 10436 13681 4825 1 12735 5656
627 5246 4925 2891 12072 1511 13370 12941 8101 2155 11146 13213 10791 3225 517 7878 12813 11049 13246 2644 3715 7492 5780 8510 8319 5577 7067 11517 9172 1984 10420 7493 5497 11585 8379 10739 7072 10148 2241 10154 11913 12591 849 4964 8570 7369 4697 10526 7833 1064 5124 7774 11493 10236 7953 1465 11522 5818 10375 7968 8127 7941 9167 4460 639 4536 8411 3836 10907 8304 11556 2751 10005 824 5012 8728 3357 331 2733 6642 5270 7182 7981 8978 11043 1960 13079 1151 2575 9708 8027 5568 618 5575 4116 12788 10630 5235 5357 1624 11286 7250 10327 12018 3961 13277 14181 9202 9219 13313 10372 6136 12121 10521 622 277 784 11979 7292 7176 7070 2101 4621 722 4733 3587 6504 6022 9204 715 5398 1386 10374 10615 4042 13682 6382 77 9894 10020 3924 10107 6935 12644 4033 8729 470 10032 7843 4056 3753 6447 6730 524 8582 7498 3515 1255 5076 7157 13136 4606 11251 10410 8137 2716 11713 11742 9898 12127 8009 2152 2164 8502 9355 2437 2142 8837 7786 11546 2853 783 10657 7711 3989 7295 10278 1864 9243 3178 5869 10471 12925 5266 4454 9158 10922 6867 10998 12624 11527
628 205 31 7717 11173 6602 3897 12025 5262 2901 12976 13445 926 9585 4904 13225 8222 8168 2288 10298 10007 13577 5221 10200 1321 4356 8059 9816 1075 13264 7285 5966 11238 4629 976 12434 6405 13366 4475 3930 12108 13772 4453 10300 5711 2148 8057 8666 1193 1382 1633 12222 13617 4174 12180 6386 13647 6261 4730 1058 8052 3039 55 7269 1468 7557 7104 10358 2555 124 389 6583 13769 3165 3531 13757 10434 609 5798 10288 1641 10287 11452 3582 2677 4930 4090 5353 12398 694 13039 6369 9900 12102 7137 12170 3407 1982 225 8174 4151 4351 1965 4561 11460 13129 13632 3844 13461 2199 11055 11411 4886 7760 9138 11222 8481 7936 1307 13868 7874 7573 5099 13165 1834 8752 4622 3193 9986 13094 11634 2717 12250 9002 12060 9511 1043 1869 9860 210 9561 9857 8453 11376 13616 12514 9459 8705 10091 12768 9268 3889 8235 13100 2888 12853 7799 12734 3350 1072 4723 10148 13377 12660 6025 8569 7737 12506 1330 11670 2712 1242 14048 9776 12972 11469 780 3320 3629 9907 14086 5664 12915 12392 2817 10236 4046 2414 9404 8069 9938 277 2250 11906 2738 6670 6460 3954 3409 1244 2848
629 96 11438 8960 6488 6391 5724 1864 2645 5314 14144 10043 10709 7932 3255 4240 3834 13089 9984 10523 1670 9112 12428 13770 12021 9762 8187 5527 6778 10865 5483 6253 9481 5936 6766 10622 12068 5590 6288 10010 9391 5657 9111 4870 9060 436 1887 8696 6935 12700 1235 8502 4095 4636 13654 9432 4917 7799 2338 3623 12001 13243 12065 11641 11240 473 9599 13640 3586 3680 1400 13030 7698 8994 4479 12620 1222 10408 8405 2918 10620 501 1013 11616 8114 8045 11612 14171 5737 11188 6263 6062 3203 9646 867 8536 14073 8904 2062 1129 1726 5930 13576 12484 3960 13951 10240 11853 4145 12141 4110 7497 10341 8517 9578 945 11680 6439 11708 9221 876 5033 4407 8059 10656 2533 10015 11135 7341 5924 14198 9219 13704 1677 5666 1090 6946 12470 9855 9588 9312 7007 1681 11251 12210 11072 12044 653 7223 800 3826 13927 11924 9170 2127 1177 4256 10337 11114 6775 8221 6798 5120 1288 5741 10011 224 2193 1072 2183 2238 10536 9290 8526 10666 2477 9262 2691 7443 8913 5332 11819 2800 7765 2027 8213 4036 5528 10618 11998 7139 12527 3658 10352 9868 981 1595 8793 5977 11626 7839
630 3974 12487 314 1803 5332 4373 12070 10863 11619 2061 3701 9330 6906 11213 12639 5218 5210 3527 7648 8593 850 5175 1236 1431 1554 1626 12769 731 4022 10032 2473 9319 7840 10922 12101 3755 8635 14155 5630 7399 12759 7172 3978 4722 14182 12947 14161 7448 12607 5033 7967 10087 12014 8211 6442 4121 8084 821 1945 3534 5924 12397 9825 325 7751 1864 11814 13078 10194 10241 8537 6446 14064 3297 553 279 6596 12467 12377 7924 4298 5270 2673 9051 7941 5495 7647 1835 12885 3116 14143 3086 11816 4418 11003 8132 1531 9806 6268 9586 2483 6917 9600 7783 2695 13157 1954 4614 11439 10930 6608 4433 2409 11158 12532 9154 3593 571 4747 8022 6696 7762 7624 4233 53 12047 7015 9661 12655 497 1229 520 145 1181 11784 13851 12630 1314 13415 1953 407 5685 10056 11168 8453 10811 4610 4594 749 3995 558 5487 9369 585 13177 2311 5322 14031 7305 7692 3884 10510 1952 2471 9010 11522 6308 6582 3605 341 7021 4818 5109 9412 5843 13805 9554 3299 4897 11834 12223 13052 5246 1113 11665 809 9127 909 6026 12697 8265 11447 9252 1683 1964 485 2926 1332 4749 13681
631 8497 8689 2501 9060 11098 7181 1597 10654 7155 2148 10365 7578 4193 2382 13176 2378 4496 3184 13448 10063 4685 102 8755 1239 9551 3470 1161 6900 7145 8411 1792 6503 9958 7922 3026 3217 7342 4599 9659 5847 6695 4488 2190 2786 6175 5172 1946 4166 8513 12948 9144 4206 380 3099 8701 10699 3596 5839 2189 5021 2178 10052 8036 9598 8967 14132 5351 2567 8075 4499 9207 11939 6476 8251 6089 10849 5799 3853 1623 429 9993 8943 8033 7159 5586 11475 6230 12623 1898 2279 1873 6842 13241 2283 7591 5167 12151 9883 6269 7752 490 12802 13022 6805 4714 10649 8774 11748 4779 10608 2443 814 798 3088 2529 10537 10297 12857 9234 9670 14186 2920 50 13117 7711 9469 4102 8332 12678 6756 13004 715 1711 13540 4136 13378 712 5713 3817 5869 230 12 13885 11259 9148 9112 11489 13981 2467 6108 4680 1198 13426 1817 7372 67 11728 12111 10455 145 8114 6410 10088 8077 12164 1767 9845 7137 5709 12186 2108 1691 5307 2107 1558 279 2333 13064 7899 120 9387 3579 10785 13491 8397 7615 5499 11631 569 8192 2556 2602 2894 12824 3966 6612 2704 14137 12648 11418
632 6442 11193 13535 10294 6891 10419 4005 989 1154 6111 3072 2934 629 12209 6807 13426 2952 13892 11277 7549 13928 9112 13380 2507 8720 5785 9974 4103 7616 13069 3166 7123 7188 11966 2467 172 2612 6781 1162 2410 2867 6744 10348 11645 8518 609 12938 10279 12215 13204 11568 4889 4011 12098 1108 6384 4815 9971 10531 10233 823 2688 13570 1199 1425 3104 13105 13267 12255 9827 12530 1152 4705 9636 3141 10007 1934 4655 8162 4816 12600 5811 7050 7691 9814 12578 5128 5924 1909 5411 7757 8633 10506 7094 7767 9647 10884 13544 13640 8476 1926 12520 4465 11738 12333 7092 1679 360 5233 5684 10284 7724 12365 1172 5890 9658 5855 11921 3719 5154 1540 11992 909 1468 10746 776 2525 2986 8047 13977 5852 8306 3292 6299 1535 6033 7358 3077 9740 10139 1098 13921 3455 2992 1669 10033 6605 2184 9074 11841 8832 6682 7247 12435 11259 3391 430 2200 213 9464 12802 13998 12501 1320 6867 2050 5589 3288 2415 1112 4666 3515 8516 2382 597 13158 2319 16 13792 7941 10876 693 4380 5907 3504 4562 278 13166 2579 5699 3920 4798 11386 5500 12917 6899 6229 5917 2360 12176
633 3184 9123 13761 6448 13927 5851 4570 6793 5158 8718 6569 2013 12578 1237 5575 5138 3714 12409 4003 14173 5459 960 6378 1472 5418 1792 5310 7747 13124 9633 5688 13663 10024 1092 2626 14070 9599 8499 1373 13182 9950 8337 12623 11405 7034 569 933 12735 6271 10596 11862 10006 7972 11043 12355 5753 10941 8821 8414 5653 8894 7997 14120 13333 8626 6433 8928 8187 5280 5818 8145 7821 7086 11713 250 10604 3808 950 2565 8322 7990 13607 3746 484 9963 314 1235 14200 13831 8818 65 2877 6400 12755 4126 13085 2512 13020 2139 7202 5270 2055 4973 1303 8687 13906 4885 13892 2292 917 1665 70 4027 13162 5807 13471 12394 10122 11721 8847 12 13048 9090 1194 13651 8278 4530 9940 10035 12688 7213 3148 2228 10226 13647 11510 2283 5742 12740 5676 12417 11674 3798 3431 3108 1426 8472 6493 5311 7626 13313 5298 3860 12553 614 10880 10139 12084 6468 13357 12453 10889 6003 5597 9667 9152 8113 11918 5 10075 9686 2069 5823 289 11945 10346 11676 13676 13563 326 9923 13704 13913 4520 7624 7861 11307 13249 3826 13757 2577 3667 10080 1917 6629 11833 2439 13838 6144 9897
634 7964 13864 5889 11276 12288 8491 9864 5207 6463 6929 13568 2588 6749 1794 1672 289 1157 1123 4863 6327 13050 4212 4171 13793 8946 5835 5241 3680 856 4842 7966 14017 9361 1042 12083 977 12615 540 6913 5006 12881 2183 12956 5073 13850 10427 11145 10476 7138 13569 3506 5020 2295 8480 3125 11500 1484 2658 6438 2305 1717 4277 4098 3659 7548 2307 8026 10559 12875 13337 6132 4988 9933 12240 3984 5228 690 2974 13040 12352 4348 8133 2313 14011 11075 10536 3676 6853 1379 9206 3045 2760 6995 8743 8591 4520 10699 8390 5163 8522 11064 11548 1153 11562 4478 11461 4942 9050 14183 1998 11087 14156 9063 392 9868 8753 1063 4788 5443 8630 6030 1925 1704 14124 6989 386 11247 8866 10422 5409 4192 7035 12203 9435 355 9165 12932 797 6805 7328 255 1488 1390 10291 5262 13657 8351 3431 10033 11968 5467 8589 13510 4581 4412 303 1421 11287 1782 3233 14118 2203 11073 8229 90 4210 9504 1953 2693 1885 9772 3970 7118 11790 3340 6273 7948 1303 8741 916 6281 6924 13978 14150 8188 9757 7930 12595 12283 11881 5032 6667 5027 9410 13277 996 244 6167 5752 10431
635 1001 6543 7523 6504 3048 10606 2193 4157 8298 5570 12448 12320 5741 8189 4951 14162 12562 9219 12186 12799 6893 11761 12477 2868 7146 12872 3684 11336 12194 751 1698 13366 4322 12051 8993 649 11057 8155 8429 8019 13268 5427 5984 10131 3746 2787 3559 6920 5659 1991 244 9734 1664 8767 8182 2408 2063 5306 5788 13980 3240 11394 12606 12897 5664 11301 6290 7973 454 5029 10960 7771 10320 13982 9764 4243 4935 5110 13463 6731 12301 3519 364 5693 6128 11913 10959 8130 7104 4196 10430 10603 11569 12713 11114 12140 8842 7095 8624 1630 8447 3173 4227 12144 11955 5160 221 194 4402 2379 2848 810 8597 13247 10585 9161 6303 11710 11636 4783 11601 9750 3989 10449 8903 8058 1635 6085 12101 2105 13047 4047 474 13165 404 9569 12010 9326 531 343 852 1427 4998 14009 100 1067 1109 844 5616 6473 7988 10102 12421 6455 4931 12494 1002 13822 3862 10261 2762 9462 9979 7585 3021 5263 12759 1783 13671 9967 12866 5211 6147 2030 3584 7520 6017 1216 1049 2950 9464 9188 10451 5103 3671 12143 1151 6264 7752 3331 12911 14178 12057 6945 5628 4401 9329 9620 11604 7683
636 511 11032 9780 8214 13561 12453 12200 4417 9176 3094 10850 2075 6792 11747 9924 976 4471 8669 8622 10369 7371 10416 4604 7762 8352 5977 124 8518 13654 5121 13188 7235 4773 9745 10990 1175 9635 2991 1812 3674 6377 3978 9645 481 13309 4458 3771 3428 13891 4615 1535 12746 3590 4865 3086 13966 9467 3784 14067 3449 9744 4227 10715 10561 321 3444 596 3545 13468 7216 4374 14122 12775 10209 13479 6426 6799 6501 1036 13859 255 11140 2956 13640 6888 11592 3901 8607 3189 11312 1536 9326 12329 9692 8482 5875 1070 9523 1709 9700 10923 5583 9144 6510 1607 10158 5315 7020 13288 13421 5688 5261 10657 2188 3043 13329 6269 8391 3096 11216 10323 8617 9148 12786 7274 3729 5343 12940 8519 5973 13911 265 478 12978 8954 1328 10961 8166 11259 5344 11152 1234 8767 477 6895 6111 7322 610 7338 9349 7524 8405 3783 5324 4169 1970 5556 5528 9678 3920 12479 12848 3980 13519 8228 8878 10382 9327 6756 12568 8748 1148 3936 6011 11810 11862 13211 12663 12439 8258 10613 616 3651 2784 6606 5595 9966 9399 1096 13113 8068 10804 4441 2771 5091 12151 7453 12918 4165 4994
637 6118 12253 9160 6210 7347 7510 12465 4127 12194 6830 13694 9434 1605 13401 8202 2511 5474 5407 4135 10681 8780 7418 5845 2418 14070 563 12651 4825 11953 2615 14012 9128 7979 6990 10012 7548 3799 3166 7617 4648 12411 13455 9670 4953 14216 8682 150 14123 7902 10020 10852 755 9761 4317 14031 6106 11630 12726 12120 10369 13679 4501 9599 855 8110 6173 6512 7145 6403 12298 3065 6693 1281 13509 13541 11209 10925 12532 3961 5039 620 2828 333 11203 9893 9120 14172 2143 13381 7575 8391 3707 3447 14047 7751 9020 778 11516 8649 5519 2258 12992 10383 6983 11988 384 11486 1297 13909 6907 12692 997 2266 7958 2271 10068 3839 3213 11899 8527 1380 10287 12251 9041 4091 7801 12589 9488 33 2503 2012 7303 12999 7404 8560 10761 13802 5590 2200 1387 8332 849 12603 7923 4106 6682 13022 5730 3685 434 9919 10890 2215 4939 1372 3787 11863 4158 2808 7992 12784 2489 12709 590 8222 8488 11936 9579 5648 12808 5059 347 9187 2794 8466 7965 440 6427 11730 3075 12342 7584 128 1123 10451 11969 3728 9310 9582 2217 10324 10399 93 3701 6443 1939 992 11844 156 12498
638 12133 10575 1909 2761 5834 4853 2296 4414 11958 9260 13009 9694 2062 7498 10896 13234 3362 12275 5365 102 12389 5422 7132 8904 698 10076 8575 3989 4741 7499 9760 6903 8514 3823 10378 4222 2986 5087 6750 13327 6071 13355 10313 12822 10953 4677 2404 9144 3374 8201 4756 5800 13166 6963 12086 11378 13310 7934 1588 10009 3073 11613 533 8398 10640 11353 10842 5104 13280 9280 10074 5844 12934 5382 8052 4547 12585 10951 12532 7060 11131 9815 11629 9563 3981 3507 10277 6630 5160 4539 6607 8216 7487 9119 11960 2273 9902 4530 2467 6063 10802 462 9104 4488 5439 6414 7711 6777 11865 5699 9231 14150 13211 3263 11020 2671 14129 12147 734 11463 1692 12837 13352 51 5902 6688 3377 10444 8453 7291 9688 5446 13827 12603 11325 5666 9613 1513 12593 12853 5407 12595 3870 8077 136 579 5260 13973 8931 11863 4299 7833 2843 2190 4570 7115 11380 3247 13147 12037 8629 488 5631 9721 2237 5806 12600 1611 3155 13617 4435 3352 4411 3491 11920 8906 4969 9067 13178 10475 9542 60 6815 9111 10137 9750 13444 10994 1836 14169 2886 8472 6826 374 1886 3116 5633 7765 2956 14154
639 12306 5711 9951 3246 1320 9902 793 22 6149 8336 5893 3142 10628 6665 8914 532 14043 5699 2347 11303 1979 5565 2765 2820 13375 5763 2860 10129 5127 2533 4880 126 7914 444 11999 1110 8985 1875 7968 1034 13825 10161 10691 4726 1235 6658 1858 2791 7487 12033 4379 4564 12940 5061 10359 6942 10263 13961 10894 1963 6708 8880 10860 10510 7846 3334 3796 1264 3285 7009 4692 11574 6902 2153 3855 1130 7079 4002 10155 1285 5533 12055 6071 10398 4544 14174 12394 1358 11022 5922 2996 3233 6376 12623 5507 13847 2015 2577 11155 3244 4416 5615 6105 423 12742 13515 11029 323 8545 4918 8958 12782 2496 7449 7613 2698 7383 8326 1262 9264 1103 13460 12466 1100 5949 505 4990 5005 5082 8109 8354 4732 3851 529 2811 3553 5925 8452 1178 1780 6737 7941 13909 6862 2774 3915 7000 9172 13690 7797 12813 9631 749 8332 13234 13527 3079 2908 12815 13153 6725 6386 10301 10261 3479 9662 10101 3226 13945 436 3503 1166 1079 9778 2306 3709 2971 8722 1376 8759 10502 168 8435 6873 4114 7609 8075 10275 9514 4257 8647 4104 13364 9145 3147 6438 13619 5556 3345 6998
640 2657 8932 10706 12459 10151 5419 1545 5528 6636 13670 1610 13520 12812 11361 2779 5454 13809 570 1080 8337 9358 5256 11872 7609 791 13892 12477 5830 8994 11505 1482 9149 4491 4073 5214 3542 2541 9315 157 793 3907 11536 6362 8179 2055 11642 11048 2913 7457 13348 4076 7461 7177 10985 2242 6892 2574 7381 3048 5374 13556 10203 2668 12257 12482 12453 11806 13477 9912 9876 5443 9423 11431 12771 9501 10669 7625 3886 13069 2034 5339 5008 4425 2130 1695 9863 7125 3638 1949 6024 7222 73 8343 8993 8769 9251 11605 8268 10325 10964 9768 13186 2765 8941 586 11445 2972 2651 12321 5139 11873 3541 11867 2488 10163 12340 10303 3148 7414 12853 13618 584 7586 348 9831 13823 968 13224 13327 7111 6174 8596 4946 9434 4478 11836 1562 4049 12437 7231 5796 4201 8935 8160 10498 10768 13360 9190 2618 5722 2655 3005 10695 7806 10878 1365 4700 1453 11234 12740 11385 1494 1595 10907 7535 7710 7464 9865 2388 486 5017 4789 10683 4219 6888 9526 728 304 12176 11478 6465 645 7648 11008 9569 6963 1937 1370 6127 8873 5445 7308 13630 11746 1151 7047 6894 4045 7246 5104
641 8691 13022 1287 12371 3640 13073 5219 7161 13657 10407 8963 7090 2025 6164 10140 3076 3817 3412 13861 2107 13107 13294 8837 13315 3438 3474 1708 7583 9314 3446 2522 77 5904 1093 1336 2848 1543 13156 13095 8494 12837 8868 6972 891 13708 11477 6992 7820 3901 1618 1359 2487 3994 7592 11769 11448 711 9993 3216 8343 6186 13618 8840 13171 5317 13138 1131 3329 8929 3318 10618 13749 9896 5412 1368 14025 4018 5593 3146 7911 9090 7523 7265 11486 13665 4397 13552 11387 10431 4872 8243 8655 11112 564 13028 444 11895 3163 12153 2113 111 5606 9922 11704 6437 11036 14091 9152 2715 12707 12045 13950 585 12110 2303 1690 8276 4612 9908 2871 7328 12073 649 7670 13385 12816 1394 5666 9208 6041 5148 13093 5778 4632 10421 12557 11963 1187 9746 7022 4126 10568 930 10714 6799 3001 4586 13203 10476 14136 7761 6590 8306 4462 8408 563 251 3378 13730 11180 13193 2723 14156 6809 7550 10153 14061 9807 9333 1812 991 5854 8714 8774 11817 7956 134 1980 12177 10585 4500 9420 13125 4545 12062 6458 13231 5337 13210 2476 1383 2843 6556 5231 13914 2914 4743 11725 5662 6570
642 586 10480 212 8072 7799 12011 10553 2021 7745 4163 6710 1271 8638 5706 6952 578 4747 11102 487 4118 1007 2324 13649 322 11791 9427 6660 6166 672 10536 13106 7441 10459 1034 7690 9594 1999 11248 9186 3962 12153 13516 4347 10990 22 8942 4791 9100 10832 10503 13295 5463 11444 14133 12175 12310 12509 10134 9363 772 535 4261 4652 7761 8393 11937 6939 4358 12772 12093 5906 727 292 10741 8509 8098 10686 6566 9631 10443 4935 13028 329 12982 4536 11435 10483 4057 2043 10657 10056 5363 3260 3172 7980 8863 2222 5052 9035 11306 3953 6424 7269 1308 4669 2836 2591 4608 13685 1383 6486 13127 12012 5027 2688 10105 6366 9596 13763 5712 14088 6157 2016 14041 5549 1422 1989 3629 4097 4095 1246 3380 8376 13908 610 12376 11680 11101 12744 11664 11092 5858 8382 2733 4681 6108 3190 10255 8965 8005 12913 10106 3673 10535 9475 1309 7003 12283 6090 12845 6780 6704 2063 11777 13113 4407 5606 2171 11804 2315 13076 289 98 6298 7613 1530 6284 13398 11485 1056 3588 157 6422 5662 8269 9078 11032 11260 3032 8806 5435 12727 4110 1621 13671 781 8308 4488 8623 12895
643 6181 12254 1107 1109 3941 3169 4612 9547 8423 484 2221 10233 1864 8828 2792 6058 1750 6053 2983 7794 5674 10520 13881 11590 1955 10604 11284 2648 1566 9614 8781 10362 11595 9902 6336 1415 6865 9160 5353 4940 7035 3444 3083 8716 2670 2890 5837 10155 3502 12692 8037 9952 2401 2840 6421 6718 3271 10022 115 12678 557 632 2445 7122 13676 12544 3141 5053 1908 5153 5176 6648 2616 7763 90 10157 11413 384 11527 856 12332 9677 10457 11984 9045 1699 9497 6714 7910 8405 9252 11301 4966 759 6660 1357 7964 11100 4737 3337 3237 3095 10247 6501 10010 6679 7480 13630 2405 9776 13429 3143 8457 11223 5306 378 13428 6870 3052 7502 10226 12805 3212 8989 1803 10659 9635 11954 12432 6283 8167 260 12970 10590 12141 13335 13476 7053 2071 1881 7576 3620 9369 9270 2398 10608 6197 672 234 9703 9534 12645 14098 14155 4368 6495 3819 6542 10605 240 448 9873 10229 1394 911 10356 8886 1708 6582 6523 11448 138 10711 1190 3552 870 4713 8427 1669 8081 10607 8486 9198 11636 1041 9407 12060 2779 4325 12622 12922 5949 13981 4962 1313 14051 8611 1005 9771 9990
644 3249 3219 7901 6449 7896 10277 6994 1144 5059 6771 11590 1133 4414 327 540 3754 9942 10184 8299 12722 11649 7537 6754 3614 4759 111 9402 6036 2866 6655 3645 13403 3108 13880 7148 6915 1457 1799 1577 6927 12966 4546 11512 3938 13280 5039 4180 6978 1867 10087 288 12738 12165 4768 13333 9871 11318 8095 3993 9098 5004 1085 11384 125 13295 11848 9848 5129 12816 3224 1491 6047 10902 8473 12768 13363 848 8731 296 8475 12068 5206 1662 483 8724 12125 5355 7100 1574 6239 11847 891 9380 7388 9853 4653 6912 5560 5982 920 4482 6862 8898 12697 5274 12833 12458 2758 645 13564 8349 9969 4387 12490 5629 13275 543 14125 11832 5215 4250 12530 12306 1849 6946 11661 8550 7882 12872 3258 10753 8642 5885 9643 8856 8881 12355 1993 13539 2410 9089 10258 6571 7120 5850 8459 9989 2655 5498 9601 8055 13476 5155 1952 12836 7915 3311 9018 6284 11053 8020 1564 8434 6622 5573 5977 6875 10243 8365 896 4818 12211 7022 7854 13277 9395 5146 6928 12129 160 5465 10772 621 911 10260 7424 7413 10892 13653 10561 7423 3467 191 12902 5091 374 9334 2700 3781 10148
645 4497 3891 3560 13760 3248 10265 10333 13849 5140 2780 5433 8301 8149 8014 5003 1399 12826 1388 7556 2013 4544 6698 3868 9958 11470 2837 12613 11347 2697 9973 11003 5045 6791 12842 5381 12932 11090 3898 8541 744 5290 12685 14080 2266 1728 692 13852 10406 5052 5366 3237 12734 10945 7786 5508 3766 9260 10030 2090 6299 2646 8691 12609 848 2994 8791 2191 8060 2334 11860 7544 1140 1193 3578 5483 4110 4891 1485 13512 468 2967 10854 8251 13294 3180 5087 2237 5834 13722 9494 3213 5307 2732 9748 12422 11245 8137 7448 5906 4117 2431 12845 12268 7097 11726 8876 3263 5030 7817 6206 6833 11091 4121 5228 8039 10077 13262 6104 10537 11353 3909 491 4447 6127 2343 11718 949 5651 6919 10756 4200 3926 13366 5809 13775 12576 5099 928 9832 4066 12362 3208 11790 6926 4420 12830 11619 46 10425 10202 9496 9276 2110 5933 630 11025 2239 11898 790 1593 7089 12140 10113 7846 12249 5916 2845 2368 13768 6673 3374 9488 8587 1501 7575 3392 1897 4972 19 13376 1141 6348 13273 5653 9185 14096 1131 2197 44 8882 4942 11673 6994 2860 1683 2592 5497 1179 11926 10073
646 10264 9836 10477 12089 2192 9643 13804 11101 1918 7873 481 5678 4985 4253 12185 12553 3550 5195 4841 5067 6236 12064 6708 12619 8504 587 11590 13097 13151 6418 2952 10064 5972 8529 9490 8857 10359 13113 8150 12123 8363 8115 12614 7711 5657 10734 3817 11801 11687 3664 3625 4450 1332 12822 9508 13988 13252 6327 12829 6615 12668 5310 628 12084 13910 4331 1987 11436 6260 12476 998 6224 5481 7832 3219 1236 13748 2293 13997 556 753 4294 2089 5541 9181 241 6849 4524 3783 438 4140 9082 13135 8239 11289 9854 4995 5856 5106 5179 13006 8427 5785 10075 12458 12408 13908 7161 14168 2021 14046 6028 13321 7486 1934 4826 12161 8891 2120 13959 8844 3068 3658 10060 7931 11204 7424 837 2141 9177 6426 54 4208 1426 1301 10045 10212 9594 2929 3546 5844 2845 2209 13380 8532 1847 11094 2622 3795 11684 6995 10608 7898 9930 8095 7741 12636 3138 12477 3262 13045 4887 7807 2513 4584 12288 5984 4952 5063 2017 12012 11168 8750 2779 12776 8976 2795 7140 13071 2804 13937 12581 7377 10312 4592 830 2373 9267 7469 29 379 1649 3479 5482 4972 11233 7512 6000 13086 6390
647 12042 10046 7502 2815 4759 8727 10191 7566 12383 4689 4733 8403 11732 9558 3869 9139 3853 5990 1484 3983 583 6562 2607 12527 9762 1207 10637 9417 9375 8425 8035 1079 486 6720 5209 8935 1580 12100 11101 1009 6999 11997 6336 5356 2605 3666 2982 1161 6626 13741 7879 10696 11183 10246 10265 2989 12816 368 10293 5360 2377 10425 9032 13036 13716 1385 9754 246 386 9281 13813 2757 11017 13878 5206 2043 14026 6904 5126 11756 13693 6399 7795 5908 7136 2838 13835 6739 1566 3619 6920 8920 10836 2507 745 13898 11943 2729 2379 12236 4876 11812 12613 11182 6496 5817 4073 13635 14177 4455 722 10448 8653 13003 13218 11019 12670 9875 2453 8574 5327 8286 24 4253 1897 4141 4118 9400 9681 6890 11631 13728 9845 10698 8741 9531 3668 2344 6482 9631 1024 8832 356 4114 6323 4885 2272 13785 8850 8547 10816 5818 5689 6136 10889 357 13062 6378 12628 8099 10080 385 3701 6596 11944 4523 7103 11872 931 11231 6649 2734 8238 306 4891 964 6308 7836 5695 3225 4755 3799 9156 10391 13038 11124 477 12564 13542 14139 1064 3607 7411 3704 13283 10544 3154 3197 13328 1193
648 10341 12409 5526 3313 1725 3578 6349 3275 5075 2497 3402 11051 10736 7958 8627 13314 12777 6865 9132 8527 14021 8495 4117 4462 885 12817 2190 2576 11071 1609 7333 9090 5142 6554 1235 13802 3605 12195 3500 4799 4768 10106 6773 9159 3702 7876 13104 12132 10051 11371 11296 9154 10299 352 4069 273 5325 6494 12769 9982 2187 4788 7188 9458 4879 8308 8629 2131 11431 11638 11716 3389 1533 13537 702 11606 13833 11012 9508 12601 13981 11756 4093 6177 8266 190 12587 8499 8623 6226 11269 10357 12417 10424 11683 2913 3071 12637 12542 5894 1404 7747 14167 2684 5039 9662 9601 6093 3152 12276 5676 4559 5962 10530 10620 11508 6712 13698 8707 14214 840 11340 3446 2520 5387 6428 5343 1813 13659 11122 6711 11723 11206 12616 6929 10255 2028 13367 12121 10214 3799 13437 6202 2664 3767 8035 4625 120 13131 9925 279 5205 9420 1108 7070 12524 9999 8985 9689 13645 13396 719 12042 13080 1376 4437 2239 1206 10321 6290 4461 5079 13381 12861 1973 1710 6255 3763 4729 11788 2348 13980 9215 8794 4473 8624 2894 3994 7548 13972 2527 514 9232 8622 10908 4700 13078 4827 1574 1256
649 12313 6402 10219 6407 3251 5089 2835 14062 13165 1439 648 6606 6780 7096 1977 4884 12746 1516 5916 12030 2163 4215 2644 224 5768 13811 6449 1153 288 6396 6507 10572 1813 9168 4279 7767 425 9680 8336 11565 11442 4329 4117 1145 5643 12460 10854 1301 14120 3001 785 13761 4727 10570 8405 5661 6259 11645 6764 5185 9171 5408 8705 6849 7924 11372 5414 7417 13168 6832 5706 11156 4050 809 7111 12643 2178 4681 11006 1084 7315 7944 1595 11247 9401 5605 7721 1005 9191 11589 3060 9782 1131 11283 11557 11753 6611 5132 11345 9939 4986 6790 1742 4417 5680 8866 970 12479 8576 13269 7727 10258 4915 9627 6932 9537 5482 4559 3121 4905 7032 4128 4161 679 9420 4093 5377 2930 4981 8526 11143 6384 12957 9962 11218 5028 10541 7672 13571 3402 14215 11989 5374 11429 9364 2107 2239 2792 12299 13313 7570 6128 12333 13800 3907 3550 5959 1316 919 497 9120 890 5267 8302 8013 9649 682 4638 938 11177 7363 5731 6268 5384 9435 13303 3961 11025 3281 8715 13425 6881 13846 1905 5497 5756 8332 1043 8988 4149 12723 920 81 13314 11377 1285 4749 14006 10486 9595
650 5152 11857 2420 5907 981 8915 4147 5689 12217 13698 13305 316 13744 6359 7006 11774 8612 5758 13293 4975 8644 2067 7162 9406 648 6496 7142 3111 11485 2444 4855 2502 11106 4526 4362 9847 2593 12282 8482 7809 13890 4310 13961 6086 3747 9422 8954 9221 2078 6664 4082 220 11761 6261 4336 9747 7740 13037 2525 1943 10904 5466 8397 12106 6998 12194 605 10192 11086 12736 4850 4010 2015 6571 10921 9048 2883 4698 5768 10679 10031 9630 12795 10299 1409 5409 436 8006 9853 6132 12754 7940 10965 12261 13143 1842 283 3613 11505 11878 9581 9783 9138 3499 4333 10838 13958 13596 8403 12750 2790 8741 5877 5457 3471 13994 9958 10106 10707 4056 11238 1292 6007 8919 2945 4198 1405 881 11124 13853 7786 13397 11466 12567 4128 12102 2396 11533 876 9928 7963 9742 3818 2459 6612 9749 5449 12992 2817 5301 11149 1457 11031 14030 12706 445 6584 2774 7439 9166 8995 9287 2431 6048 12605 4956 4489 9291 2975 3674 11473 358 383 9866 6126 10266 3830 11378 5375 5346 336 8688 6418 4246 2780 5506 3339 10725 2619 11802 3343 8059 4125 8405 12653 3053 2264 12953 2334 1382
651 857 3281 9903 3781 9937 11371 11068 6942 6759 13151 8921 629 11116 11867 4323 6193 6129 6482 3248 372 1159 9323 14078 10041 11814 3575 8869 9440 12213 456 2027 6806 12852 9815 2374 10593 6562 5776 5813 9753 1463 13808 160 3023 12057 3525 1128 6821 9601 4105 3134 373 8883 11325 10427 8225 7640 2424 2022 1261 10726 1589 2077 10238 6702 7866 13505 435 11659 11737 10314 10232 13334 7838 12519 6566 3492 7661 4393 12587 8603 6912 9388 10395 333 9552 559 547 8218 2216 3859 802 8142 5793 11782 8003 2465 13784 11645 6819 1627 12061 1932 10487 3336 10310 916 10787 76 10702 1770 7939 2087 2868 6565 5546 13035 13136 1592 12002 10695 12736 3063 13853 11185 12807 8897 1089 9122 3366 8260 12828 2147 3381 13720 9362 9918 8791 13928 8478 3345 5090 3556 7033 6751 12064 11982 5478 10445 6657 18 4587 7869 6849 2485 3851 13865 966 446 2093 9883 4558 670 11819 10554 12583 10984 7882 4959 7461 14121 8276 6763 4075 9481 13705 9320 3245 2744 3118 2430 11773 7269 9202 10426 6025 2369 6625 10118 10571 9021 10135 13517 6872 1061 14100 5029 8641 10278 483
652 11277 714 12900 7138 3114 1988 6943 8564 3763 2326 11228 13361 12228 2161 13167 5773 12407 13115 11339 13803 1420 4844 2865 11233 5244 13146 13637 13702 13071 10516 4608 4018 11185 7330 10107 10897 1368 3590 4822 9046 1448 2546 6618 11591 287 9615 619 6245 12772 6450 8308 9639 7693 5043 4837 6172 4108 3919 13185 9319 12427 8411 7959 5190 1715 4404 2001 10264 5097 1535 12788 1325 12670 11756 9145 1005 4261 26 2530 2646 9868 11028 11512 7491 6325 7723 6221 12692 2261 8395 514 1411 5512 6832 4535 4930 3534 13384 4860 6697 8794 1303 4513 1824 4831 1632 286 3056 6665 5716 8040 3824 1280 13971 2014 11173 805 467 1288 12428 2362 5323 449 9621 11630 14017 1666 13970 3967 3649 12768 979 5056 12270 10679 1093 5712 1812 10118 1781 4479 6265 11849 11396 10347 12158 11065 9348 2051 5370 10132 6131 11912 3430 1764 2012 2840 9135 11925 13401 4613 6252 4639 6460 12324 1194 9964 9011 9447 2677 11068 9356 6853 400 5034 1725 6133 4137 5553 5646 2475 5801 10553 11992 2306 13403 10226 8929 7348 13207 14020 13399 9393 3573 5200 710 10866 12336 4077 12055
653 2894 12436 7345 10056 10080 4433 1273 5195 13491 12095 4816 9683 4264 397 9480 6241 7237 11497 4516 7188 1832 2828 5099 12188 8153 5382 13853 4076 135 8340 12469 10186 6067 1915 6164 7140 1822 616 846 4712 3363 5770 2527 5706 2746 3822 3098 2293 9412 2783 13455 10005 8459 9457 1760 5283 6380 3047 13986 1827 9895 10345 11061 10961 12337 3666 12878 8211 4086 4591 10306 13240 7849 5024 10719 10876 2287 3511 7538 5691 8102 12029 12959 5108 4369 3011 1112 6843 6454 11044 4134 1145 11378 7375 807 9588 5407 10568 5863 2745 10775 304 11782 3072 13684 5703 1986 3336 387 13436 3866 9444 2343 2560 1275 3106 8111 11701 9772 1881 10236 10771 12905 10064 12852 9575 1611 3969 6676 11019 8714 4128 12307 5685 7580 1527 1478 12847 2516 9496 2268 7591 3393 270 6160 9587 13024 6489 2629 10061 3120 5506 542 2302 8635 14001 9694 2087 2772 9534 9374 12193 4376 2416 9864 13058 4331 1481 7168 10941 4050 10596 9718 10800 14201 4472 10164 3380 2215 11404 4621 8909 5721 1901 3261 9511 10151 6797 4217 1587 6924 2007 13668 7011 12845 12191 6633 8929 312 1976
654 12251 2153 5454 8545 8185 8727 13720 4576 13782 9281 11436 13026 1057 11797 13194 12553 7415 11208 11501 13710 9043 10767 5268 8514 1312 13904 10221 3323 6555 6964 5306 8567 2884 12836 67 2544 4834 4528 5098 3693 1866 8745 10452 14114 5464 10041 3186 41 9680 8108 6030 5396 5581 11439 3869 5491 11472 10135 5409 6059 2331 3477 7654 13650 10979 6900 9947 11017 1865 10623 5326 3829 12428 9942 7990 11256 1884 9742 4959 3745 10244 7433 9094 10605 10697 13609 1022 6643 12365 8055 7467 4337 12680 6827 13686 5658 13070 3961 9819 4342 1386 11212 6193 10434 2502 4164 1466 9347 12927 4142 7305 8714 47 3979 8480 4500 9482 4814 1471 13398 12934 4899 12960 5193 11192 4052 5314 975 4095 4975 5863 460 516 8504 4380 14131 1389 4006 8849 8996 6544 8213 5884 12497 3177 5446 10390 2083 9803 13105 8141 4350 6620 1326 1759 2183 11527 13528 13456 12124 1333 535 13322 10681 12701 6022 982 5584 13638 14159 2531 10881 2166 14209 9042 8422 12145 4704 7323 5503 9700 3215 2197 7048 4346 4241 1825 13541 12718 12094 12368 3089 1152 1338 7879 2194 3317 10871 11478 4440
655 256 7763 9967 1344 11901 1705 303 10808 2633 1250 7722 1470 6370 4059 10143 6718 8273 9137 7589 10095 14146 11017 1417 1107 3632 13210 9894 679 4399 1260 8992 13488 5184 3375 899 11747 2175 13322 9392 4416 12578 8177 2783 8697 3913 12078 9021 5900 6397 3999 10073 6415 1351 6878 2173 12548 1340 4973 6515 6652 11590 10377 305 14179 8888 2630 8431 5408 4454 5325 12203 4494 7526 8156 3688 9547 830 12979 2013 2771 6993 3508 3856 4340 9248 11427 5549 353 12654 1249 10925 1070 2503 7662 12772 11993 13490 1155 12037 33 5073 9357 8770 10656 7474 13362 13999 7535 1778 3685 14053 11537 3217 12197 7666 4781 3689 105 8144 8221 5037 1356 12275 10012 11523 1024 6797 9356 1325 3120 13808 2188 3781 11317 14079 969 7100 4058 13382 7036 10932 4770 5575 4030 13236 7692 3515 1652 11055 2414 5395 12745 6671 7892 1235 8825 13435 6218 11263 12234 9172 13421 8501 4250 10956 4051 1373 8458 10134 13671 3119 3818 2518 7773 11348 5398 13336 4302 13099 5634 1294 5159 4394 2353 1606 3817 7006 6813 10282 674 1934 3645 6824 5229 12716 11563 7447 1918 10860 8979
656 6780 7709 1880 4641 10862 1123 3701 10119 8545 3235 8632 12725 10795 2221 11257 5941 10740 12141 8194 3037 7951 11039 10091 8069 425 1134 7451 13577 1705 2165 3006 3977 6690 2101 5316 8943 5334 11327 6650 6585 261 12421 2321 7041 976 1497 792 668 6508 1322 4263 4513 661 3474 8932 7872 3311 3873 1320 6954 1610 2225 2013 3774 10874 6408 9577 10468 5565 10547 5355 4298 10253 6705 10655 12301 10919 1567 7375 14109 1287 11283 6367 11194 3086 7834 10920 1111 5244 13957 11115 5956 4573 2736 11198 10395 12658 3378 13808 4802 6415 13228 11687 6480 13377 3389 4450 9326 3847 8046 11664 7215 3088 3198 5705 11405 11325 13681 14011 6333 7686 3426 2327 8319 10549 9305 11383 14201 1378 11871 12257 1063 3111 1805 8719 7626 2011 13417 3871 4798 8244 2012 5797 10348 144 8693 6058 7389 1512 9132 4987 5441 10759 6268 6717 1140 2813 1804 13977 7523 2211 1722 6289 8835 6543 9101 13450 13084 1520 4209 5381 11545 9189 2536 3955 424 293 5369 8245 7676 6030 5654 10034 680 4962 41 9734 13137 2642 2959 3449 3952 2950 13561 9989 9562 3668 490 10454 5112
657 7297 6523 3085 5187 4024 8838 5237 5883 9001 3704 9871 10799 10954 12599 9421 789 1061 11619 1491 9747 1831 10705 8214 1440 10837 4622 8989 1722 13952 1484 11700 2521 11109 5626 5823 12792 5025 11215 10474 4834 12684 7974 9441 10988 4058 8236 1320 6301 13285 10315 11509 2843 9021 671 7428 11107 7516 9330 12603 5899 1898 5100 12150 6340 4563 9907 1900 14160 1170 356 11160 11576 2518 738 1311 10047 10332 10788 12656 251 5827 10265 10039 5584 122 6599 10939 6090 9099 9214 1085 8929 704 9703 4863 8199 500 7304 9507 12998 13576 12053 2537 10934 1235 1193 2420 11794 13493 10497 8139 11170 7559 6730 4032 11029 917 643 7540 5032 12041 9806 1593 6157 11953 12614 13412 3778 7066 9729 11950 8032 2625 9532 189 1454 10178 1334 491 170 13338 13245 3691 4315 12891 10962 3864 1662 10947 11542 12351 13762 11874 8262 6031 7281 6536 8000 2089 12582 4194 3543 11278 8577 5368 13269 11016 9824 7976 5265 2923 7724 8456 10335 2074 13486 11501 518 4890 9028 14147 499 438 13858 3579 8548 10423 12822 11371 4682 8492 9087 2312 2439 5798 2436 11166 12610 4289 13818
658 12541 525 5289 5001 3387 4869 5014 3325 10294 13313 12187 13038 3456 2430 9994 13166 14115 137 5277 11887 2732 1217 4782 10420 1189 12016 646 9450 8254 8808 3464 1350 2998 6148 6291 3994 4423 3969 5766 3551 5621 2726 795 4795 7219 106 8061 10152 10222 5188 13941 6746 5752 2252 7322 7824 8497 11759 11138 13159 13358 6571 7933 3280 8375 3283 10059 901 10679 6555 359 13502 100 7981 10873 6313 10723 2517 4019 5348 10745 3121 8591 863 4356 9989 13304 6307 13005 9440 2340 7092 10770 3938 11785 2203 10647 12737 2857 4660 10108 12879 3291 10461 13653 7151 13781 11189 8564 3828 4096 11110 12265 5233 8528 8179 278 9648 1276 131 10697 12241 3074 3072 2824 1323 2378 13662 13726 11387 1758 5370 943 14175 12721 5723 2173 2296 7723 7553 122 7462 5848 8485 3951 2773 4454 1994 11183 1546 7803 4061 1147 10073 4125 8158 10356 7923 2006 5091 10678 4915 9576 1873 5953 10854 1782 6823 302 2308 5185 1377 7513 568 1272 1721 10026 4140 10224 2216 8893 9802 11890 14007 12184 1582 3730 2000 3412 4545 1801 6998 14155 1952 4958 5652 10885 11631 6613 1208
659 97 7133 9510 5585 5884 168 387 6198 102 8455 8450 5435 3854 1459 1370 3662 2156 14146 2799 7430 10960 9689 7763 7356 14037 3499 3338 1204 10809 4464 5581 12980 8534 14211 4193 9298 13021 7270 12517 3051 11576 4215 7583 5384 13162 2809 13312 9599 6294 13019 9331 13621 9952 3322 6249 12488 9362 2997 7080 12972 2080 12894 3301 13409 618 13545 4361 5271 5534 5904 8600 1348 1676 3380 6051 13213 11288 8579 763 9154 6717 11281 4374 13418 1714 165 13906 3749 12090 993 2647 10483 11343 7869 8253 8641 6383 12000 5279 8556 1026 10377 12463 2474 12247 909 290 630 1381 6737 9852 3757 8582 1925 658 3300 1971 4621 7577 6144 13075 3028 726 8200 1751 7415 3324 1764 12657 9000 4289 845 9228 12429 4694 5644 2648 14060 730 12355 2632 3663 9227 7662 10910 4303 10602 2001 10737 7328 2738 6113 3879 457 12872 10717 6588 8041 10178 9864 13619 10517 4875 6980 4382 9485 1245 11249 8323 6752 1221 2195 5573 12932 3036 1063 8221 3492 13263 9317 1194 5739 6049 4239 6323 5172 8884 14075 4672 6188 5194 6970 14159 1670 7507 9349 4503 5625 10095 4651
660 6222 1327 9494 12482 3292 7148 10108 7412 6921 10220 9801 1359 4488 6180 7144 12420 12087 3959 4755 3428 7272 2601 2874 4275 12916 3799 689 2927 8609 5409 2854 6200 2615 4381 6732 4068 13025 8273 9643 5572 7245 4652 8886 12658 8892 2058 7095 6922 4268 6714 3729 427 3191 10737 2891 2208 3260 9673 2967 11270 7618 13435 13168 9566 12801 2427 5946 12229 6101 4507 11159 6908 5453 3542 8162 8866 8218 1826 11414 8298 12047 13124 11833 43 6468 8141 4610 11682 13857 2866 7692 6597 879 9478 11118 4530 5964 6646 676 12117 4286 1730 13660 7872 13572 1706 11441 7752 8722 444 11110 11604 7065 13542 11265 8662 8831 8681 5181 5607 11649 12519 7563 9845 4128 9717 6704 7703 5439 4435 6497 8941 6457 10298 3741 4676 8461 114 11800 8952 7795 3472 12583 7781 4072 9579 5395 9012 8970 6319 391 8204 2150 14118 960 3442 81 14192 1183 9595 5492 895 2459 10261 6401 1531 3606 3522 4849 10430 12182 4893 10154 5065 9109 2815 700 12456 11486 8868 773 1830 4672 10362 9031 11534 12757 9045 4983 3638 13559 12277 4292 10532 7787 3817 7306 535 9986 749
661 513 12829 13308 13134 6011 2030 334 4844 4315 12769 13185 9947 1447 11838 3861 7559 9808 6916 8966 10206 1212 755 9174 5016 10328 13901 6129 6680 8449 1748 7081 3273 5992 2059 1892 596 10525 1239 348 10783 5021 7399 6422 6664 12042 8868 11493 1711 13690 8313 14162 5188 2010 6023 9418 7383 14203 9664 10531 8990 2251 3921 5601 2520 13394 11989 8503 6604 2843 5448 7543 6691 12148 6076 11693 3798 1950 630 12640 9421 4736 4406 12027 8044 3040 2953 13933 8811 12266 12258 5125 11478 7360 5450 9052 1465 2877 309 13364 260 9283 8019 11205 10435 12387 1515 10169 9186 5256 9983 11080 2640 5609 5309 9922 12226 2604 7015 1443 5566 990 2213 3149 7916 633 1969 2676 12065 9701 4824 11026 13454 5527 4653 8043 3064 10599 11033 12163 11773 7702 13657 4324 5372 12040 1738 7349 12873 8765 3228 3369 4067 9908 8491 11139 14 2271 32 6278 8892 12041 7142 4515 13212 12803 3778 6098 10964 9284 13251 4264 1368 14206 12078 3899 1890 6934 3538 12996 2416 869 11920 7643 5702 400 6681 8911 8538 3234 6270 13067 3993 6993 7711 5191 3054 8666 10534 5136 2700
662 7367 7690 4282 8495 6483 9026 3580 10278 10529 13100 9933 4990 13335 7498 1289 12205 8098 9696 7855 3148 8171 10579 1263 8454 10982 380 12796 13405 7191 7680 5901 1051 5143 5333 6146 9760 8757 5582 12982 8401 1365 11113 1035 10887 11590 7828 9295 6548 13888 5701 1043 4362 4697 14039 2109 13508 13375 590 12840 2928 5578 11 13667 9953 6951 6292 227 8061 7358 8981 4785 5423 7333 11472 2486 10079 14091 5881 7628 13092 150 3966 570 9333 10208 10246 13395 10089 7716 6099 7582 8365 4289 634 10677 2659 4365 2413 7802 11764 14152 11809 5763 3083 4194 3339 11804 8593 4072 693 4202 9668 10564 9745 11745 10655 12973 9935 7263 7961 1239 13309 7997 2130 1596 5451 12523 3525 949 3410 10652 2272 784 13853 11676 87 6094 8423 6898 1337 4445 2429 1383 3405 13903 8976 1331 5405 13991 12503 6201 641 12778 3253 9408 9142 8683 3817 1765 3528 11171 8738 3643 3742 9796 7595 9631 2088 4444 12720 2167 5205 8737 1052 4565 5501 3841 5435 5656 4795 1956 3392 6496 148 1369 10721 8960 5998 5487 6967 8613 10580 9078 10925 9639 9090 5591 1538 386 5422
663 3359 14055 9945 8217 5474 6905 3559 10323 11421 4795 6972 12756 13437 3729 721 13983 62 1952 10801 9092 10684 4540 1728 11438 13925 9873 6947 3204 13048 2139 4360 816 5288 5192 5632 3833 11722 224 13425 4873 2762 8436 11380 4502 9596 12202 12076 3553 5823 13027 7326 11622 1045 1634 6415 3715 5060 3405 11952 10103 8820 5521 1912 12024 1036 9404 3180 5824 1108 6370 2898 13394 4552 7063 7064 12998 6694 12259 12018 11768 599 539 4643 13732 6252 8000 13331 3622 8280 4418 3782 6511 4103 8212 659 423 9584 2598 8936 14194 10727 5480 6821 1393 7854 1684 14160 11137 9251 8412 2010 7921 12750 12635 656 1751 6432 6726 4980 12951 1928 9266 5316 7812 13001 11016 9084 10816 4617 5361 2843 11280 6713 5112 6418 13762 5229 10974 6456 8916 13928 8394 1120 12590 3923 9039 7050 14157 10517 5029 4653 13018 5894 1896 6098 2975 12354 5143 9419 6361 11646 7446 9578 2409 6999 12959 8236 6906 3689 7570 9225 13512 4227 2348 4693 7929 6819 9160 9345 1538 10401 809 11105 2013 3852 2926 7774 4764 7450 13858 13664 5733 11762 3402 10568 7434 10541 8854 9960 7339
664 8558 6503 8035 6195 13693 8800 11636 8471 3278 9907 7817 4487 6824 8011 7193 9855 4157 2612 1760 1802 4739 9136 7929 8775 10425 1411 12029 4848 1481 5648 13853 10498 8174 2019 13905 9592 4058 3065 1268 2620 4133 8582 13197 1892 9257 1374 5154 13508 12389 10114 4725 13110 5310 4387 3218 4367 4829 78 1117 6239 2930 6540 7446 3853 3247 11897 12487 5451 8263 6797 1012 3468 12780 3062 8232 11392 6715 7574 14193 12608 8631 11223 9741 2519 12120 4770 8741 10715 10404 2876 6553 2258 7604 8079 9775 13479 13773 2161 7030 2095 9515 12747 4292 7390 1529 5322 5328 340 11340 5719 6855 13673 4666 9655 4795 5850 12706 4914 8899 10601 11009 11144 515 7607 8285 4856 7224 2366 3171 7569 1609 4667 6986 3404 7810 707 5982 8192 12089 3239 9278 411 12419 922 12102 5748 7400 12648 4585 4971 11627 1207 2102 9111 3666 4608 1451 13291 5722 3934 3162 9204 5489 640 336 5230 5559 7254 4574 3099 10939 10898 695 252 5314 2004 11352 13193 10315 7969 3928 1832 9932 9417 5614 7983 3306 1031 4861 5490 14139 2728 8070 2647 6721 8743 3756 8347 2570 5925
665 7391 8284 6319 13870 2914 10775 6644 265 2137 13333 8895 633 3993 12720 838 5797 1627 2069 9959 9267 439 4782 5007 7816 8298 13116 5324 3403 2580 6996 13833 13806 9847 7967 11043 4095 9776 7473 4746 10443 10128 12873 8497 3941 11547 6823 4458 2957 849 4536 2671 2920 12827 5544 13578 3266 12981 9706 10317 9750 12176 5516 8919 11998 13967 3994 830 7499 13881 4045 374 1340 241 1179 10084 8495 8825 6361 2025 7484 8441 11454 10697 5902 9831 1444 1593 12856 2552 6617 1778 2965 3557 5228 2303 2541 6503 4537 10650 2484 3281 10337 9648 6179 9657 12584 11000 1847 9630 5013 8117 8503 9871 8366 3741 11639 5967 5295 9980 11971 12897 3099 8057 8892 4440 1193 317 1545 13177 6922 10366 1307 189 9629 469 7561 1647 11410 7758 162 766 10225 11974 8019 6450 10689 8955 8283 7067 7519 10331 4724 7234 10043 415 12986 8712 6048 6626 6647 7238 4596 8724 10869 8022 2285 9143 4989 4402 8488 12706 4843 8510 109 126 451 9574 1343 10946 9300 8352 12156 7416 6052 3267 5574 12063 4599 8838 5910 8285 2788 2915 11054 12992 12138 4918 9157 13275 1390
666 106 4118 12630 8034 9408 11634 10135 12887 8147 9460 11000 9189 200 13397 5517 4059 3374 7736 9799 5257 12664 13330 10326 2760 11826 10943 6173 7997 4495 13426 828 13343 1965 2514 5347 3253 1201 11264 5589 11513 2121 5692 9232 3160 3891 3725 5729 4973 12671 12567 10276 1138 7188 11512 1981 1513 8901 10058 9235 13244 525 11690 10377 12008 13679 10815 8881 10417 11430 4386 827 6779 3895 7086 3040 6651 2944 5765 5859 5456 7877 814 5672 1037 13579 4161 14116 9368 10037 2305 3594 12651 12089 9921 10531 9891 21 6513 7101 10676 9424 4942 1042 8977 9510 4827 3191 9924 1120 7107 5621 5538 2397 12667 8999 921 3817 3570 9756 10102 5295 7261 1681 3430 14142 3645 7444 9186 10094 7622 3277 5435 11282 1773 12494 6755 12644 12203 11831 12944 11201 13213 13454 13239 3516 9597 14151 13356 12801 4672 1561 4765 12210 11385 11224 7200 1488 13415 1778 5470 11683 6635 1279 5333 6415 9539 7905 8695 7713 13066 13602 11416 3955 11298 5668 11784 1934 6780 11779 14090 671 3416 3215 7618 9398 11161 12577 7626 13212 3744 2368 2978 12753 14210 5067 4452 13467 910 36 2787
667 11583 10934 11130 3326 3178 9877 4415 12964 6212 10415 8354 13415 12942 12583 3048 7532 7531 5337 5500 8237 10333 5360 11732 6417 9141 3012 4791 9714 5432 1893 8766 11529 4545 2705 6538 5042 12893 8909 11201 10551 5149 11456 6167 12371 9591 3156 9892 6161 1375 4121 1068 14094 3248 12041 894 8447 11182 11176 11616 6413 5713 9246 5670 8430 2161 11293 6582 7261 10298 6318 13307 8703 3394 10510 12021 2076 4012 12789 9911 8482 9273 274 9906 4748 3775 143 10256 4208 6738 8290 2282 11145 13696 8051 1027 7835 814 13690 2133 2741 8504 2958 6105 11979 230 6243 7942 2313 6746 4484 13491 12130 4699 6079 11665 3518 10475 1729 3584 6217 3174 12467 9565 6995 8090 14129 9404 11569 1660 8597 6175 6426 9537 2951 6233 5765 12162 3228 794 10730 4805 9014 5143 13853 1323 6929 6687 5438 3791 12053 10485 7036 342 10323 10900 6003 5884 480 8101 7281 5017 10973 8907 11497 1409 9797 12026 13754 4736 12851 271 8722 13924 7701 13062 7666 849 5140 13674 10206 9477 12147 9298 5164 6030 7110 8985 13526 855 13353 5420 40 11119 11991 5485 3566 11669 2425 11334 1461
668 850 3376 8742 11988 11987 388 6375 2027 8699 10560 13789 901 7336 7024 5596 12242 13706 4622 711 7149 8831 5922 9551 4789 2718 8230 2772 789 11790 12081 1373 6066 13201 5801 11299 8249 13779 11844 11912 12148 12595 6245 13402 13921 10924 9444 12320 5624 362 12356 6039 10887 8409 4794 5143 8886 10948 703 6529 9186 6073 2664 8092 14143 7658 9521 10019 9442 13390 2353 3257 8952 12150 2957 2499 11833 5784 10402 2667 28 6225 2159 13833 12838 9520 11554 7812 1313 11143 9667 5207 13946 10061 1083 9610 8146 2168 7103 3922 10028 11262 11936 1102 8551 91 10127 13439 4152 10297 2852 3594 13718 1195 1380 13407 8469 4823 7594 10302 7434 7229 7810 10505 6731 10737 1772 12864 913 13273 1720 7050 8865 12240 3939 12925 9640 11599 10048 323 6540 7491 8743 1885 12497 10441 819 9381 6479 4332 1419 2674 13131 829 5619 13552 9456 1420 10642 8834 13581 451 5841 917 1550 10359 4677 7985 9060 12947 2511 9080 8679 3151 10109 657 13514 4282 13577 13275 12222 9723 9293 10928 10666 9215 6761 882 13404 12730 12855 13999 10373 9485 12449 8046 550 5950 6885 2116 2859
669 6442 1208 9368 3205 6803 2501 10706 7031 7985 4519 886 3213 1659 1134 981 7936 8530 8352 12790 862 4077 7208 11764 11136 10266 11445 13919 2195 10635 10675 5175 5421 3026 13341 5634 12357 13667 7847 10624 4945 7953 1204 11693 11674 27 2049 2594 13340 5482 7505 13266 4364 13034 11226 10168 2328 12603 4336 8983 7374 11219 9073 13419 13535 6716 9904 10069 2275 3501 8991 10664 6478 7194 8783 7782 12914 6405 3061 1903 11392 6694 3005 10275 11223 10932 6644 92 11626 3697 8072 7363 8587 13424 12270 3008 2280 1775 11484 8464 5896 5353 6462 13038 8449 9915 7281 3408 403 1670 5849 9601 4871 14065 12770 8096 4544 2885 11062 10413 3915 8351 10431 5722 13174 977 7319 2691 8249 12381 1625 2876 4736 3381 5150 5399 584 3146 4575 8193 6542 10338 12961 1442 5739 2659 11129 13039 1976 13863 7838 5001 4982 475 10027 13907 10601 158 5670 3376 13625 4518 7828 8576 12527 7350 13434 1996 60 11961 8158 13748 10076 6561 8271 1168 2070 482 8728 2496 11538 12266 9547 2334 5974 5934 727 3708 6761 50 10374 4138 12176 2924 7538 3876 9488 8731 5945 7530 9933
670 6835 3435 10977 2708 5593 8999 11877 5438 8755 8944 2350 8127 3946 13566 9962 2369 3039 2319 1020 12744 6705 170 13116 1418 2442 4994 5936 3028 12540 2290 11492 6125 8649 265 9912 4064 3939 7802 7881 3406 1943 3931 587 1231 7677 7458 1665 4314 4108 611 2190 11520 3227 5631 10280 13341 8698 10860 3243 4205 10011 10449 5133 84 3764 7311 5784 255 873 10945 5529 13681 4217 10875 8177 3204 3482 13912 8150 7761 12462 12662 10398 5378 4850 1531 3697 12590 9074 14029 14194 8402 9572 1355 9139 7722 1092 8524 11765 10550 12711 2187 35 12698 13338 12741 11131 12009 2063 6330 3480 10608 410 9007 13519 3905 1475 4143 2292 5156 5304 3961 9995 9169 4025 13648 7165 9708 13445 7346 249 4695 1040 2093 4528 1499 13467 45 2789 13590 13668 6778 2411 9540 10054 3600 1273 7775 438 6788 14169 2958 523 2046 12007 14125 160 7368 13444 11932 3212 13162 7106 537 6968 2080 9320 3121 6962 5147 13955 9549 8554 10351 1470 7406 13176 11120 7437 3311 5564 9901 5421 31 12902 2908 13425 1875 116 8194 12096 11513 3433 7046 13284 4742 8130 10377 5513 7062
671 2259 6638 6209 12767 182 13327 5348 8550 7797 12657 12877 11170 9746 2673 2514 13765 6918 4348 2424 12143 9627 9229 13778 443 3136 763 6571 9615 2450 12902 6735 8844 11820 14030 4760 8954 10012 581 7880 1160 12996 12571 8899 3384 6336 14121 12319 3401 1875 8680 1057 12495 5576 5672 6439 4127 13295 3649 8700 428 10547 7538 11826 12990 8073 4116 13423 10964 4677 8635 42 11154 3866 2329 737 28 6025 5141 13337 6805 9864 8348 2239 11095 11588 9218 2886 1926 309 8660 9202 7810 11886 11900 196 4310 5847 10394 12326 13950 9100 7200 5623 6686 6068 6330 10256 1350 12795 4640 12021 5365 8830 13664 12448 9112 12500 10606 682 6713 6536 9514 10197 1963 6576 12998 9922 3937 8477 5833 1437 7293 7194 5687 1293 1495 2431 6233 10544 11056 6261 13707 2971 8124 10678 8534 1790 8479 7702 6132 8864 7708 13735 13705 91 4338 10440 9879 12589 7090 4764 13719 5062 2903 3942 11963 3092 11944 12967 2289 1413 4075 11241 5095 12982 6141 12298 12176 9722 9575 6842 9371 14086 3265 1199 433 11234 5029 4024 6921 74 13241 6461 3300 1465 1261 5838 9219 12744 13079
672 1698 8526 14162 2904 1441 6512 13336 11499 5248 10757 4960 13840 6660 9983 9910 7187 498 8434 11562 12054 4381 13083 2330 11574 4685 10703 14059 350 8005 2178 1124 8783 1117 2398 8422 10769 7732 1469 12312 7481 9492 10711 12148 3911 2426 13405 8860 12858 3730 1914 10813 12227 3009 2725 13219 852 6951 1363 5141 10452 4827 9345 13996 9376 13687 11573 11090 9552 8592 9475 3692 7782 6227 14166 6175 4712 823 99 9370 8587 6158 6814 6993 5641 7769 257 7876 12588 11971 6464 12707 11596 5264 813 13554 12126 14152 2758 7218 5631 11030 7456 3034 1275 5 156 317 8374 12692 4672 9419 10811 2853 11045 3776 10688 2501 2572 5741 6799 10120 5147 3693 13057 10860 13819 4256 11066 9969 3132 1700 8567 12285 13542 1312 12709 10954 2078 5271 4235 9049 13811 9480 13629 7233 10751 11053 6351 4809 1624 10888 5137 8161 6441 2280 6621 8375 7802 12107 8299 11004 8630 13005 13617 13995 9469 3256 13130 13597 7455 565 7958 976 14105 14103 2136 3020 1497 4154 7883 8085 13255 3207 1311 4368 6347 10502 9250 11521 11609 10778 4378 2154 5368 599 8817 1798 5731 9486 8751
673 150 12458 12816 13475 9601 2538 4480 12758 2226 7021 12031 3318 593 8115 6123 5117 10950 1143 4416 2958 8393 11319 4754 12728 4834 4444 8524 10706 7087 2847 9082 14107 8976 3515 10319 7619 462 985 1562 8406 3349 13576 11919 4840 6117 3778 8808 2059 6204 8137 5000 3424 10180 2380 2309 13782 4326 9065 5306 5295 13081 1241 9433 4673 1856 8610 5736 12937 1015 5638 1512 6962 1737 9006 13063 12791 8004 9328 13520 8736 5707 9707 2833 9622 10540 4758 13705 3102 8301 14167 5582 12882 1821 4248 1503 3894 4296 8762 8071 2989 8245 5166 5063 6085 7139 9628 8184 4387 10820 3163 7762 11969 528 6508 9615 4782 1197 7287 4580 10799 9324 10960 11049 7318 13825 10161 3762 7488 1614 12252 8057 12709 4245 13592 14085 7215 4972 6758 10201 11828 13083 4521 12308 11655 5555 7052 3444 3025 9827 10940 7433 6442 2667 4286 7920 13367 192 6091 4868 6227 13749 5523 10273 5260 144 5226 43 3178 2451 5636 781 4031 1462 2690 9467 9017 2510 2842 1256 4948 197 9118 9525 11819 410 10248 9720 11620 6335 11745 7332 7701 2844 2954 11449 3463 3950 12742 11764 12892
674 1478 3908 13427 6579 6647 1153 11307 12191 6415 5611 10981 2816 3895 5481 6511 3773 11756 7284 11850 6146 1266 7736 7713 13015 7652 6928 4112 5831 9978 7897 1574 13405 1689 2881 9408 10205 1961 142 6057 1637 10319 4649 9500 10157 11213 8418 4793 4561 2210 549 9176 12504 6394 14168 13790 3844 4009 4785 964 5123 6521 5020 12558 2137 9034 10961 729 2246 6157 9238 11654 13186 8021 10122 9773 10238 11699 6471 4293 7072 6800 2613 6242 3181 2510 10076 9277 8202 12599 4425 13579 7214 12837 7530 8585 11326 8036 5283 9187 3071 3627 1509 13100 3699 3271 6748 13653 4642 11747 12579 6332 7933 7136 6891 7804 13141 2211 9339 11905 9052 12009 2154 6599 10759 14087 5729 8559 7636 5201 12673 10306 4517 8524 7789 9245 12100 13477 9775 6044 3431 2460 5582 4405 14134 3778 12605 13413 12681 1074 5277 2655 976 4098 7192 7940 1591 12825 11215 8594 6226 3179 8096 6674 7003 4178 8819 7640 2019 9359 13521 4362 2653 13120 7313 8713 8244 6985 11642 5745 11270 2198 8290 8887 7882 6228 1826 4360 12037 1534 3163 3838 5735 14195 11179 9192 5653 5568 7355 2422 13746
675 4270 5974 9767 11314 4482 1257 6676 10637 11449 2894 156 13389 8747 406 11281 5732 393 9138 2130 5849 1448 9257 10650 11071 13733 6479 2621 3691 11290 12460 5309 6814 3782 10487 545 12923 7566 8822 13607 13691 12137 12274 8412 14000 281 5973 5156 8834 1810 23 14012 674 13489 12535 8369 12243 14013 7266 9791 5448 3243 11433 12771 10426 9074 12805 8182 13099 11619 4355 5382 9804 7219 11129 13566 3216 12454 11753 2846 12935 630 11801 2325 10716 8410 6741 4059 2354 1007 9908 7767 4061 5127 6587 7058 3728 279 4792 7509 10457 8780 12870 9656 14085 2170 7932 9271 9851 7790 12951 8867 3149 1792 12002 12539 6759 5056 7604 4471 3916 5403 10034 13997 1362 13023 7611 11773 2538 13372 4810 9291 11151 12290 846 437 2772 5638 8247 13949 13655 12811 560 11013 5519 3749 10681 7866 74 3711 8474 1011 13418 3164 1504 4872 9606 11984 1926 11444 2809 5587 12412 11146 492 6760 10546 2336 11756 3946 14028 12799 5202 6955 973 3212 1225 9052 10332 13119 9126 13723 1392 12645 11460 6278 12715 4526 6713 14176 2142 7620 10901 6826 1598 9929 4337 231 9730 8465 11697
676 850 12047 11333 13146 7571 2553 11726 12425 5560 10974 13263 1010 12444 8131 1332 11186 9443 13206 868 13465 13565 11447 7126 5998 463 2025 1301 12688 13208 9549 12458 2432 1090 8133 216 7227 9462 5064 3717 5070 3794 12696 13703 11723 1294 12675 2256 2549 10710 6864 1309 8352 11439 3431 13843 1586 5947 8338 12009 5774 3067 5076 6878 11996 5342 11562 12603 10330 4480 5293 6683 3754 8852 8208 2934 11685 14105 9875 8172 6064 738 12729 2242 2191 3049 7807 3880 3962 6940 8591 12938 5362 13045 2991 8342 502 9372 7551 8080 7608 223 14124 6018 12075 8299 3282 2342 5044 7868 3657 6070 4952 10358 838 13097 13030 3541 4954 12189 4666 12933 9423 6377 8235 55 3635 4589 4444 4127 7307 5180 258 545 6364 11420 217 9729 8388 3564 7198 3850 1271 959 4776 4244 12273 2059 10639 7839 291 13362 2501 10295 13272 9628 1536 4046 2897 2634 6272 4016 2353 5704 5143 4834 962 419 6492 12133 13063 6126 8506 5688 755 8241 5492 9892 10853 8926 8372 10861 1060 10528 9561 11292 1695 8833 270 11651 8433 8428 2285 9024 1683 10929 13478 3229 5868 14151 2130
677 1791 13847 658 3523 3917 10174 9724 1362 1579 13694 8086 10716 8518 42 12593 12008 10940 7434 12434 12911 3873 4044 8615 3893 7817 7758 111 9121 848 1509 6590 3027 13812 13784 1337 11508 5593 4288 8491 9607 5038 373 551 6327 13507 3269 10331 320 9701 635 13759 7443 24 13791 3430 1619 3726 5375 8716 1589 3940 13204 5731 12647 367 14114 6450 4254 4431 6954 3787 9377 2626 7228 5945 3227 9971 7920 5222 3442 2152 11767 11336 3297 13842 6394 8513 4003 1460 2706 8204 8785 1689 10284 13497 10506 11872 2897 7804 8202 12827 500 7533 5544 1918 1503 4912 3140 5857 3890 10314 3802 12882 593 4811 7397 4124 6733 9715 7055 7771 1364 14149 12811 11573 1354 13408 11141 14161 7002 10282 12748 1572 8922 13218 2283 12863 11266 5117 7834 5481 2032 1816 5426 6080 6311 8732 7656 667 4597 122 5840 12286 7929 3610 9864 1188 7182 4838 8131 7665 543 13327 6210 6564 339 12953 163 7124 58 511 5067 4461 9662 3652 11678 4766 2522 9356 11873 30 13243 3453 1736 6706 12990 7160 11893 9232 6652 7054 1400 2155 8294 11549 3024 4544 7585 3715 12342
678 7395 5808 8259 9831 455 2209 7409 115 8070 11234 3898 5058 6199 1924 4750 2676 622 8656 303 9039 767 3756 9127 1407 7558 11817 8664 12348 3769 3022 11471 5416 13462 6401 6022 5031 1805 4564 6998 2521 1857 8415 13866 10614 2102 13361 7 6539 552 11484 7481 11130 5148 7794 3594 1127 10165 4228 10632 3240 13098 9365 193 10673 6456 8607 4857 8381 5895 1918 5321 9191 4211 6656 10544 14193 10872 11 10365 4708 3498 2298 8875 8705 6851 711 9309 6996 10860 4311 7117 1273 6439 13332 8173 8283 137 13018 3038 3082 13207 12740 7256 11322 4090 8266 4493 8696 4589 7353 1445 3612 5371 6089 4344 1082 642 5556 13548 4987 9552 2018 537 7592 1828 1451 12536 7922 3213 3207 5207 573 8353 1863 6277 1955 6738 8880 9453 8440 9593 7325 12411 7632 5956 13345 2734 13040 12871 459 11060 11581 12599 517 13845 10897 4774 6625 9019 7513 6610 12530 7097 10244 70 9373 10557 3942 2883 9543 7358 353 13351 10588 6449 3727 10031 8271 3883 7399 5529 4963 6346 6286 8970 12430 11258 2094 787 4925 1618 569 2786 11794 1584 927 12415 13545 5733 13600
679 9856 13783 3119 4447 10978 8158 7874 3507 7466 3149 3863 5465 4940 10507 10205 13604 7644 8708 6556 11803 12496 10309 8139 7432 12980 10184 4306 3418 3619 7562 2020 10736 1274 7907 13479 4984 10310 922 7393 10547 14170 12511 7462 1165 5079 3553 9655 14150 7043 4495 13961 7957 1784 7238 1244 1916 4393 6958 4512 4990 12978 8318 2713 12265 10382 259 7634 10334 13071 785 5293 10577 11584 1492 312 7150 2541 11811 6836 7361 13476 3612 7827 4025 2821 4225 13331 4787 8664 10561 13510 6493 4932 12826 11392 5355 12619 5185 7203 11136 7898 5221 13136 9203 13980 5703 1050 3821 194 12899 3051 8876 12043 9924 5956 13116 546 1347 10083 8412 12639 8530 8691 12082 12357 10658 12778 12621 13822 13399 851 5753 13856 9521 3219 3503 3108 13089 10174 6940 7208 8614 12116 870 14001 5166 6041 4209 714 124 4905 8732 11267 2701 14060 9826 5992 8735 5594 2981 3445 11821 818 13119 8877 1974 12070 9570 14173 2809 2538 5924 7697 1772 12 12464 3239 795 11081 4202 8659 288 9015 13341 3205 228 8941 3728 2618 8542 13801 8636 6415 3841 6611 4938 2149 12974 3162 3661
680 3016 10049 3216 11030 6140 7876 2102 6133 5242 9621 11442 5166 4869 8638 10315 6051 8180 6235 6416 9627 10600 7807 4881 3971 5122 1137 10203 3758 10883 13418 2977 7184 2519 11620 13252 6320 10865 11142 8278 12582 6521 2603 9447 116 3770 12947 826 392 7820 6840 3472 3416 10425 7851 4262 2784 12982 4697 5464 11461 11149 4078 4145 7660 6086 12226 10445 5066 5759 13224 1430 9235 11790 6644 1195 4030 13048 7839 566 2638 6785 10035 12188 2541 5216 11246 3492 8641 2517 13627 9761 10444 5602 13443 8142 4048 3620 3108 13551 10608 4648 8863 2151 5357 2086 11369 12223 9240 6858 12079 487 6850 12662 12787 11599 4852 12289 6111 3092 6485 10344 7419 6343 10985 10159 8742 2289 9320 10748 11446 9830 4582 10112 2091 9931 4815 7217 291 8609 6090 1790 2739 4122 12953 3419 9534 8301 12113 8395 9823 694 495 4714 10840 7268 12804 10854 7300 3346 12833 10776 4641 10352 11413 10372 12288 12934 2825 4551 2735 1229 12534 9154 8308 5435 10497 10303 5088 8211 5671 4702 2988 9219 5958 1702 2513 10587 1288 13444 11039 12670 5343 10176 10145 1837 8612 13733 3254 387 13127
681 1442 5946 6123 11199 8901 4063 12521 1292 6555 614 1396 5311 1859 1370 4982 7584 2475 9007 1522 11046 4503 823 12981 13238 9655 12977 6569 11672 8174 4536 12265 12858 8438 3113 12140 8981 1041 11073 7208 9861 1506 5455 5376 7763 9105 849 9171 5938 3235 8947 10253 13140 7473 4382 5283 7797 5758 592 4036 2859 13620 5031 628 11756 8630 9463 6698 13428 14179 13184 7013 5330 7704 2669 13756 3427 1269 11483 8340 10701 4863 9202 1942 5401 13703 12812 1072 6221 2746 13081 10063 13604 4214 3074 2633 6132 10255 5272 10590 3935 753 7341 8502 9775 3809 12657 13542 11984 1760 7610 5484 12315 3656 2723 1164 10171 962 2188 4201 135 12933 7896 13795 11363 1848 5633 5001 10148 13625 12304 10185 7589 9697 3727 13506 6452 6039 9053 11890 3233 12706 8138 13292 4286 12303 7280 7009 5582 10090 1710 6721 10926 10165 13107 9677 2640 10845 8862 13527 13811 6576 5818 5843 7219 5315 3218 2950 9340 9243 153 12091 1349 10957 5063 6975 10731 12332 1537 9160 9435 6421 12043 12298 11538 6564 7630 13665 13836 2355 10325 8016 8121 5863 12068 1940 70 8571 10360 4911 5773
682 5030 4238 1401 1365 8700 11730 4921 2446 7476 5873 7636 13370 10590 10782 4382 6636 2660 1564 4165 10520 5443 2725 9278 12565 4221 9267 13493 10911 12548 1876 7117 4906 3042 6028 13036 8926 2518 6341 5964 12632 566 9487 363 12900 7352 7539 7122 13021 12896 13398 12095 7978 8538 1924 10496 12889 9099 3928 5191 9270 11590 1138 11504 9760 13945 3847 11396 3458 9202 10461 7478 4097 4956 10869 4263 9151 10177 13732 10588 4486 9418 7238 11916 1551 11334 2774 13841 10365 8401 3337 8793 9527 3300 10191 2026 9978 1432 2607 182 7098 966 6033 8126 13837 11518 5119 8468 8247 5451 243 10394 13287 8253 9434 1802 9703 9566 13944 3772 4477 4616 11507 4222 8201 9904 12331 11900 3548 4121 6130 3617 73 10143 472 8830 4395 11098 14073 3951 4191 5974 7993 4164 8162 9631 3528 4197 8382 3085 1115 1652 31 165 14214 168 13814 12511 9447 4909 13867 11036 8858 6497 785 12311 1451 10944 974 6155 2658 5209 547 4367 8497 8435 9211 12544 8905 11211 13299 9428 4265 4444 5473 4301 9027 10635 5712 5267 3751 8914 10472 13810 464 2892 13361 4095 11332 7538 4386
683 3873 2517 4470 9060 11082 10328 6246 9555 68 2702 4426 5286 11487 7554 5832 2159 10941 12390 12843 1861 670 5964 754 5031 9841 2574 6900 8011 12256 11876 376 11383 5143 5734 2670 2228 5554 4708 8963 5342 3650 3291 7734 11663 8597 1410 13099 10154 3067 2958 4353 6281 2056 2686 12335 11439 2949 5296 304 91 10850 9196 13031 1156 9276 5733 3973 10231 13611 13703 7218 13369 14087 12083 6112 1425 14020 11829 12545 4072 7153 3888 6820 8666 9617 5535 12573 349 12519 2571 721 12226 4741 8494 2147 12466 5000 7872 14153 9848 9554 4430 6917 11784 11554 11563 3083 5688 3913 11394 994 3845 13893 1094 2390 11700 7748 12638 4604 7198 13851 1821 4250 7353 3641 11755 146 8543 6411 12020 8120 4447 1518 8307 5606 572 7334 5080 4408 4944 13684 11412 4692 8715 9970 2509 1034 6871 5633 13110 8967 2536 2220 6690 9181 9046 333 10949 9135 6267 8491 6750 13346 6080 14102 6891 8422 10203 13208 1515 13003 10018 3975 12766 3711 10523 6957 8721 11075 79 8515 8934 12713 3532 13873 443 6343 11228 7318 6668 194 2419 4005 7943 6377 11467 14081 6333 549 2462
684 3450 7399 7965 9451 12750 12237 10223 4116 1813 403 14091 1529 7579 11999 6854 7591 2482 13736 940 1776 7421 8947 1078 2657 12718 8173 8662 536 4623 2742 1864 6969 4927 12146 4702 13858 7529 8555 9907 5370 8669 12766 3822 11127 10859 7761 6667 6901 2894 5280 13923 1415 690 9233 8424 11680 175 13344 9236 4380 9111 2560 7269 2853 11941 10130 3576 12072 4798 167 2730 10513 2470 3341 6169 13082 10315 3274 7995 5303 7518 3462 10824 5717 13577 9103 12058 1701 13471 4981 3946 6920 10015 9515 10005 6175 6563 4760 4609 3502 13877 5626 9364 2497 5014 6714 9070 1883 12036 643 5547 10339 3643 11617 2137 9261 4288 7006 5878 12298 5855 3343 4731 1751 9959 9558 3746 3078 8443 7560 5155 13455 4657 5678 6202 11317 4548 10209 1385 1121 13536 13612 8970 4502 10284 14169 12253 12535 9540 6339 1511 6670 4400 11448 3814 10504 2677 5545 13243 12481 14173 10357 2067 5777 8117 861 6119 2434 8528 10759 6825 1553 5704 9717 12121 2987 8721 6561 8343 6308 8864 7930 8357 1285 6443 2645 6617 4978 25 13738 12085 2557 13540 9257 11831 7484 6006 7644 4295 9503
685 3972 1628 176 13614 9069 9089 7465 4660 13638 3845 6490 11485 10450 13041 320 10255 12276 3043 1281 5723 13620 9985 340 5312 1236 8150 11826 463 13078 10724 5511 11790 4538 10609 2129 7827 12659 5300 1292 2633 1984 8743 11899 3510 876 3509 11740 8059 9384 12160 61 11071 8952 641 11038 5559 7730 11936 208 2272 6589 2841 6701 4049 9250 7874 10441 6165 11048 10106 5867 6679 1157 4236 4085 1495 3722 9309 10923 9756 14016 1196 2092 11863 7839 6249 11112 4148 13774 4194 5855 10559 777 11419 4907 14008 1059 1850 4692 4340 11469 8538 7492 11548 12992 8932 1930 7712 11009 7804 2030 8823 3346 12027 9569 499 13894 2454 435 4703 13416 10986 344 10978 5706 709 195 7711 8821 12334 14163 9991 3495 9628 13731 13341 10022 11830 460 689 12862 4529 6852 5781 5759 11360 72 13209 13553 5557 7885 3064 10214 12530 6424 4089 3846 11145 931 11994 10912 5094 1920 13046 1895 7530 11727 9218 106 7276 468 8607 8664 11806 7180 3868 6594 1411 10656 1615 597 404 9267 1382 13539 8989 10107 13935 1111 674 586 9172 6170 12796 632 7452 6556 9219 3009 6944
686 3409 2107 9323 12754 10680 1760 1443 7563 13635 3700 12477 8151 7401 11365 11093 13333 582 1509 12386 7090 4774 931 5799 3681 417 5168 3047 2833 9749 10784 12 1267 4034 2988 6428 5899 933 11362 1437 12430 10040 3697 5388 13405 11291 10534 4796 7800 10306 10808 6452 8195 11978 5027 11812 9753 3967 13202 13617 11185 11715 5121 12825 10910 4844 11819 6424 182 3265 4719 8010 7650 13531 5580 10939 6491 853 7879 9195 3392 8787 3615 4368 4054 5739 6662 5253 13833 2579 7522 4525 7905 4908 13575 88 7029 2268 7434 1320 3338 6841 2351 50 8380 11693 10230 6178 363 12467 1943 14205 6385 13761 2114 9999 1557 13527 13673 12410 3304 3252 3998 6603 10024 12299 10344 10697 12739 3367 825 6646 5858 8555 3740 3486 11626 6351 65 9435 10605 3526 10656 12952 5237 13216 4193 9136 10982 11007 12766 2801 9678 9247 13765 2014 5958 8233 285 4926 12956 9539 3821 9157 948 4765 7571 6705 5770 12769 8067 288 10105 8348 6712 13409 10367 12214 12852 4241 7341 303 2309 13749 438 8859 4396 5725 10527 12500 7616 10464 2692 6807 490 13036 1306 8642 6369 10762 6636
687 476 3700 10987 9891 3935 11977 6622 13791 1441 3771 5807 6615 11333 12423 1914 406 9351 10871 10199 7207 4566 1902 6984 13024 10099 8742 3936 11660 3370 2705 3997 8296 13531 10054 11241 1320 13870 11998 6411 9102 12859 13023 1854 5580 9914 13547 6918 10262 11921 11032 1950 2872 8917 4291 5536 10236 7911 2334 7087 11223 11057 13689 2568 8371 12164 6432 4980 13664 7566 6008 9768 880 13077 8508 12653 4394 178 8947 9308 2248 11506 3396 12414 7993 7544 11097 3984 6061 553 9145 4262 1122 2214 6194 12684 1680 2607 2851 5704 12416 2175 189 6693 267 12648 5866 11489 9335 12334 5513 2930 13774 7091 10381 13136 8540 7109 11272 9531 5788 4109 10050 5356 766 1885 8023 15 7297 12608 5049 6255 12157 1278 5088 3274 7994 1292 11899 3503 12138 12929 793 3636 1659 7229 2201 5710 4431 12915 1198 4921 5826 14035 7787 8417 4046 9299 8739 13780 360 11647 7725 5283 9996 6271 11344 1625 6636 9253 8526 5281 925 6383 11205 13735 4794 7432 796 11396 6687 2878 11248 10007 9794 12577 3667 6183 2538 1418 5379 10477 1664 12052 13167 12698 10412 7736 7358 1815 7455
688 5471 13572 4715 8925 13942 1759 6085 3555 7608 3994 3549 1215 2193 13110 11562 4061 4711 11434 2190 13631 5747 9966 1692 8056 5208 1467 8339 7933 93 8908 13622 12351 10810 7655 430 6770 3244 12164 5230 10042 9094 2756 4042 11679 12958 12180 1082 11924 4729 7579 10409 2363 13974 9201 5868 8537 7281 10700 7476 11964 7398 5272 9995 1846 6149 2804 7000 8874 5552 8692 13779 765 8875 11619 3095 1016 6015 12485 12447 3201 6180 5468 1403 9100 6584 2763 8341 9947 12456 5996 3902 3913 5088 6968 7537 10047 7529 5959 5777 10803 2593 2390 4062 12818 8906 11561 2439 3926 1129 4992 9363 3345 2681 12455 11489 760 11162 8212 14049 6357 3153 8397 10427 2866 2112 3008 8774 8217 6789 12625 14204 5957 7485 9246 6237 5281 14010 12667 11615 10669 14094 7600 14044 2285 11457 2536 9238 705 731 13509 3127 5726 9800 1164 2533 5245 6470 6380 12344 13908 1543 8133 10999 5793 8583 9060 5139 2160 8769 13041 1250 11444 4459 828 6104 1451 4529 5724 11886 12576 1533 4171 1961 3734 6199 13277 5575 9054 5808 7511 1850 2430 1886 1711 6569 8615 4878 7956 7829 10609
689 6781 13759 10869 13902 235 12764 1462 8430 642 13746 1885 3514 11222 8704 13820 9394 11024 10648 2918 6809 831 2515 8406 369 13535 6479 1227 1987 91 9242 14005 4267 6353 8377 787 9208 11838 7334 12949 1692 4593 12431 14093 10022 13748 4808 6849 1853 4083 2504 11533 4412 6808 12353 13453 5010 5316 12598 2909 6215 10677 8646 12679 6129 14038 8595 2188 12868 7063 4981 8496 652 1527 12430 7897 804 9773 1092 1180 3630 3597 11820 2241 13045 9493 9134 5739 13034 12872 12817 7267 1351 13973 5988 12656 10672 2392 11487 13327 2175 11517 11109 5047 3144 11673 6599 1539 10055 10175 6690 6084 11330 197 2724 2649 11377 10852 5885 6276 11159 2676 13185 11148 11949 14123 8544 4849 5825 12075 10374 819 13444 5296 8222 12981 5701 9492 10626 88 9419 248 13693 4345 13779 12575 11823 12158 868 1825 4684 14086 8808 5298 1113 12177 3717 4488 9932 12635 12815 8361 2700 7634 6002 4581 12893 9772 2883 12565 2658 13471 11116 14155 11974 12124 13850 5462 4826 9095 3112 13884 9069 5917 9296 9640 6935 11423 5312 890 10813 1483 5231 6750 3824 2208 11859 12143 13002 6899 3638
690 938 2389 7973 5737 12251 13607 10043 241 6518 3605 4535 11277 3408 7340 5266 4463 3987 9657 8715 5300 10572 7134 9083 125 8639 2440 11676 9451 5521 7354 6521 3121 1907 579 5418 2311 5066 2564 10969 4734 13507 7401 1912 6745 9909 5101 5088 11754 11879 2590 14208 10587 10187 550 10098 11771 4619 10593 9243 10064 3812 13657 3927 65 6010 9786 5589 10543 11963 9923 11160 11436 13723 13508 11393 2931 2359 5659 10875 8846 12321 1279 12376 4496 12949 13648 6845 10542 1498 2768 2636 2615 11287 340 1143 5296 1308 6256 11737 4170 1473 1426 9509 9408 14037 1671 11609 5826 11902 3438 2288 7588 11829 5369 3218 13679 2552 12444 4150 3578 12068 6099 5547 4223 5353 9944 8743 5932 7086 12135 9964 2796 9489 9044 11503 2893 6051 4504 11193 6619 5562 6992 6903 6087 9723 13976 7432 6790 13638 6409 8480 7733 12493 7065 3718 4949 5304 226 3673 214 3951 8479 11989 11435 3888 1984 6413 4836 4483 10351 12369 6858 704 1676 3549 2555 7668 9843 5433 3036 12306 13401 5755 12831 3630 5273 11929 12183 10827 6965 5810 5948 9974 4923 6949 9945 10029 7774 5792 11202
691 8135 279 2148 366 5871 9818 10182 4222 3396 9033 3666 1969 1373 4201 9328 13968 13052 11500 4772 6559 746 5551 5071 10247 3202 9730 13893 3618 12078 4406 11026 9729 10918 4930 13703 4555 4378 10480 12604 9852 3815 13838 3333 4868 7326 7233 6046 4395 6578 1312 2108 5427 7440 3657 1757 9209 11979 5069 11287 11604 1769 1348 1157 9745 8107 1104 7068 3185 10463 3067 4223 7153 7998 10779 9193 2014 8445 10635 2573 1677 12470 6660 12515 10492 12478 6358 13680 388 4139 12128 11441 3621 7637 1478 5188 14183 257 1765 4078 10776 7199 3865 5535 8395 7083 4784 6074 9148 8974 11733 8136 425 3229 8735 13803 11128 5232 13293 10731 883 1484 7217 3975 13491 11644 3832 8241 10169 1325 5786 7509 7419 336 3715 8078 13121 1048 11336 10736 4153 1748 13373 11821 5555 806 7351 4285 559 14166 7510 10242 2962 4882 5645 13512 3864 13170 5413 13726 1452 10702 4840 3757 1679 10971 1033 8605 12545 913 7876 11793 4737 9750 1629 6256 5312 12985 11681 1659 7867 2500 6947 2667 13344 10313 12355 13005 10400 10028 10535 9315 12120 13657 11263 539 11647 1035 8388 9168 10661
692 1300 4480 9595 5564 13822 4623 13500 889 7641 1889 4113 5587 4476 10303 5512 1218 8478 10299 990 4957 12458 14021 6150 7120 2828 5066 11129 13348 4655 5711 6541 3650 4083 2594 8349 1223 2633 2845 13146 5969 13229 11734 6183 1497 4590 5460 5181 5556 4300 13939 12672 6753 8223 3288 698 3538 124 4346 1481 1020 3082 11290 12919 6781 9052 1512 11427 3391 7765 4675 6585 6135 7716 13892 3467 5563 1653 3612 3359 5602 3496 2140 3595 5069 10524 7378 7342 10845 11780 8434 7104 8624 11223 11809 8983 7170 12988 8055 7490 13966 12620 5599 2302 2268 7751 13938 7131 2448 11122 9593 10124 3436 8174 6786 5495 410 12790 487 6975 13086 236 12726 6754 7042 6645 9828 11605 9165 5345 12809 1563 13583 8908 7708 330 3041 2563 12016 6257 7530 11725 10247 3331 8033 2543 11819 8015 13970 188 13289 4268 8023 1292 6605 7838 5340 12372 8780 9511 12899 12581 6216 11896 7879 3880 10623 12580 9484 156 13385 12013 9168 5319 3492 5754 3481 12154 1585 1022 8857 10110 11021 6296 9444 422 5262 9796 1114 8364 7213 12910 12462 6095 10499 5121 6500 1057 6538 7823 9288
693 1459 2651 7288 1370 6831 12842 297 1739 9660 1294 13682 2243 10985 10308 26 7500 6956 10073 8791 2990 12422 6656 2829 6301 1387 1394 2229 5811 3780 9658 3538 3165 5051 5573 4632 8990 7498 1107 11760 4819 10676 6854 6247 10352 13950 6974 4048 9567 6032 8412 2093 6443 3786 13728 4400 13773 195 7893 1301 752 54 6202 12281 6128 2934 10158 3196 13525 8833 9720 6175 13958 516 11984 8372 2342 7878 1339 13023 13996 11700 12828 2186 5104 8090 8949 11391 2425 5579 12871 3138 9638 5842 10502 8897 11185 11386 4270 10249 10307 11786 6535 1239 9293 1996 2219 7173 112 2925 2629 3235 4159 5752 13021 3525 11731 4509 7131 8043 193 7661 9129 12841 8120 8601 10160 6647 10493 4696 2833 4617 14044 2003 7158 8947 12360 7719 3263 1207 9534 11699 847 2745 182 2211 290 12295 12214 4259 2742 13707 4235 1352 3681 331 12018 12031 2763 12793 3153 13648 1903 12371 6945 8441 2374 3284 7784 10377 9892 11293 1271 7413 1895 7531 3512 12983 4870 4674 14113 13933 12437 2071 10586 13645 8167 6140 6314 3527 12409 8957 11563 6406 10469 12165 10909 5157 9470 1938 110
694 1731 3448 3217 772 9860 384 134 4672 11131 5810 3658 13577 12610 12267 13823 10085 1135 3947 13164 13032 24 4503 6721 3746 10215 85 9736 11092 12714 1639 2244 3907 12224 11917 11509 8780 7388 4916 543 13686 2706 9347 10760 7820 12680 5525 13849 7891 8569 6107 10656 1523 13068 10690 14032 5953 11576 5831 12041 11320 13752 2097 6425 4148 6179 8904 8653 4147 5571 5540 324 6890 3838 11420 2507 9843 6828 5913 2395 10152 2455 1778 2262 2259 10291 6815 1791 3117 3035 10015 9306 10633 7437 9428 1502 7506 306 3527 153 12129 13507 9834 8208 2824 6192 1424 9811 5022 10205 13933 33 13054 13890 11384 6115 8399 11642 2266 12937 4743 3278 4767 11204 10080 8003 6831 2123 14017 6801 13829 5550 4445 78 11719 5100 8656 87 4462 1322 13200 3576 8328 2869 10128 13403 9622 4729 5408 11299 11618 4879 10565 10746 7168 10084 2366 8410 13189 9724 4975 13820 8757 4637 11501 11921 6201 9805 7449 566 4644 5498 2058 2958 5209 13769 1605 13339 6481 14108 2673 3185 5504 13477 11357 7199 320 4054 10641 3111 1989 458 6734 1321 12551 251 12225 5378 8063 1104 4594
695 842 6772 9151 11780 1487 10220 9385 1928 4278 7381 1898 5487 306 11373 13501 5257 11154 4267 5624 3792 13726 3382 6795 6166 394 14174 3584 1645 1453 14096 4053 9998 8978 12502 6229 2187 505 4246 6980 1406 14166 11206 10551 4343 13711 5729 7556 11443 13667 9943 8857 831 2917 9281 13502 10237 10984 10316 8159 2413 7136 6954 8314 13114 6955 8093 6831 11214 12684 3945 3657 6853 2986 2336 9253 8240 13504 9307 13749 812 9992 7739 9983 8064 11698 3207 10242 9063 1248 5823 2262 4898 12385 11384 12746 8451 8025 2883 12977 154 11115 2867 38 11816 923 4615 7508 5103 7555 3462 6628 11541 10877 9126 9822 2896 12305 9711 2305 788 5796 8349 5276 9698 6660 3270 6715 513 2495 1249 8188 6170 3715 4510 3096 11629 4385 6450 2581 6633 13143 14006 10141 13384 12121 1827 4720 11023 11962 4258 2905 2029 5788 1088 13304 6982 2445 5476 9291 9590 13249 246 1600 1037 2424 3124 11077 11067 9216 12268 437 7412 401 11528 3993 10510 8492 10473 8946 7116 1728 4840 5201 9309 6727 6023 8396 5582 10375 6872 11459 12699 6238 3069 8323 14091 1110 52 2916 11388
696 3504 2168 14086 2582 3617 11937 13840 11002 9982 10396 3616 11214 7977 4418 9699 8787 13884 6901 14174 8870 9136 5451 8355 10476 5922 10843 10900 11277 5833 1278 3186 6044 6414 9029 6099 4417 7435 6945 9382 240 950 7808 1279 2799 1764 5438 11309 7536 1141 9513 11771 13729 8901 1122 2973 10265 11902 2739 13472 12817 6476 13999 5161 12879 709 11389 4536 6913 14069 1198 3660 9260 2488 6704 1017 5901 7742 11467 2421 12428 3510 5306 6578 10670 5453 11198 8270 8973 3267 3093 7876 12721 3464 7986 11328 4916 4806 2648 8401 9443 12689 5144 10789 5176 1398 3246 11236 3588 1832 13201 14000 8555 8734 7249 2450 9379 4022 9206 9756 12173 13371 12234 2347 5084 9402 11154 3212 10766 1968 1700 466 4793 1355 11142 5565 3826 10570 12855 9860 692 6879 4383 13130 8665 311 11403 12250 5547 1565 8064 477 894 11503 2671 1703 7445 2926 14170 7910 10929 8692 11590 1003 2690 1404 8817 11263 4601 7410 6846 8920 8309 5615 271 2282 8940 4763 5662 9543 747 7533 5398 640 1325 4987 12610 5365 6643 186 13996 13695 10531 4880 11993 3390 7646 11750 7230 6448 6996
697 5555 10151 6277 6495 8261 8350 11168 807 5276 5636 5904 11984 14142 5775 5648 9837 43 10823 6210 9152 2782 1047 11905 2137 12031 6676 13150 13892 9994 7229 8231 7620 10598 10209 424 8123 6902 6806 13092 12261 10901 12843 3055 12895 218 273 3720 11737 10026 13527 8604 11509 11027 13516 4307 822 3786 10619 5499 5924 2715 13188 3888 8272 12822 11774 11938 3116 4995 9681 12769 931 11213 2532 7904 6060 5639 3455 776 5267 13414 8665 6205 6729 2369 10972 591 349 12993 6743 3681 5638 9318 10776 2327 8918 9482 1775 461 2610 11614 9494 3318 11579 11480 4887 4938 3526 1881 9964 7691 827 12574 7980 8881 13298 7503 9692 3538 8253 10725 5392 7743 3832 9506 7704 4910 1987 4522 3080 10748 9162 12818 10417 13698 14200 13861 3704 8306 8107 11954 2406 8923 7917 7397 8557 12383 2359 13530 11933 6256 5461 98 3121 11810 4067 3846 12607 9438 427 2809 7264 1207 7413 6660 13416 1616 7143 3517 4401 6208 457 4858 10226 5127 613 3322 11239 7571 3165 8931 9623 8521 483 11088 1487 1413 12089 14133 373 151 1103 569 13374 2653 13955 4834 4276 6649 1212
698 12163 11293 10236 10466 2697 11638 3822 736 4645 6570 9319 5264 3811 222 9619 12907 13929 13411 10851 6688 6134 11630 308 9407 8090 7991 6051 3974 2840 2308 9079 5688 13178 11303 2047 5850 10584 1880 6122 1571 7327 10183 13085 1745 2415 595 5862 4966 13842 115 5633 4262 11176 2055 2728 6850 5687 13673 1695 4138 9930 12145 5534 2947 7766 1787 10197 2251 8559 3150 13359 1670 1335 8228 3874 3775 8281 3413 1323 6703 1999 5899 7609 10373 7702 6042 13679 5566 2278 5604 6876 5348 5393 13142 11726 11071 6519 5883 5884 11009 9609 3178 3055 11906 3617 3185 9756 9135 12833 4614 12381 7356 3449 5203 13877 5198 26 13805 7442 12639 8673 9241 4364 809 1132 12968 4515 11735 7862 11912 12234 2102 202 1501 9398 7965 305 8631 10042 5334 9489 8075 5878 8704 11684 3332 6961 4124 7861 7388 1586 12794 1888 5323 5178 8606 2334 2663 6481 2172 6993 5859 4524 10005 2065 990 5289 10706 11532 8516 10243 12101 8344 13267 128 11254 1380 12487 5673 5800 496 2754 3584 13821 10644 680 8442 10741 598 1977 3068 11424 12209 1125 457 7200 11391 6540 4632 8148
699 1606 3340 7401 5509 12631 1714 8595 12876 10571 5940 10238 4392 3843 468 13043 10116 4847 8324 7416 6437 2244 1110 10946 9398 1542 7800 7698 10590 11073 6152 7523 11079 10632 1790 13349 10033 7930 1288 6294 11973 7006 3857 634 2513 75 9269 4106 12716 5477 7524 7281 32 572 1126 3049 3629 7192 9484 12010 6263 10017 4271 5504 2493 8049 10476 10697 6940 2064 3128 9221 11388 10321 9569 5002 11119 9873 4443 6098 4423 1680 6526 2209 2723 7154 4119 7188 13925 6609 8339 3370 7806 6506 1127 7835 4965 10025 8474 12310 4506 6590 13307 10276 9700 4946 12287 1058 6838 12602 13857 1943 14075 13903 1506 5047 2927 13158 3557 8365 13232 4064 6948 351 12915 1697 4421 1484 3994 12854 8493 10189 12266 9446 11921 3198 6646 1123 7941 9863 1967 12441 6313 1300 5900 12736 10954 13051 7251 13450 9440 526 1313 2432 6379 11348 9882 2531 1840 544 3509 10661 12049 14110 14163 13833 29 1676 3258 4508 10585 13556 2833 1385 603 13100 6408 7750 3323 13285 557 5465 478 11335 9826 2853 12024 9090 8076 4884 3891 7494 7780 2978 2447 14079 13227 924 734 575 3219
700 13003 3873 4018 9365 13183 2729 149 9663 2597 12539 8793 13883 12544 1049 12584 471 7760 1999 11918 11820 9285 5098 11824 10632 9748 2103 10926 819 5450 7911 6812 8684 11218 11057 12115 3317 4915 10806 9235 13112 11769 7431 2559 9453 4055 13478 11975 11480 2285 4702 8389 6225 7348 2935 10957 7046 3417 10548 1622 9349 611 4554 13757 6716 13073 5859 11087 10630 7161 3765 11766 1386 13601 4274 9445 2550 11187 1954 11793 5086 5089 11759 5146 154 2562 4364 8624 7815 2488 4623 8258 13276 7134 1805 12624 1582 10856 9877 6340 13724 5920 11304 3951 13989 3429 986 6768 9876 2279 1320 9773 6217 5689 14048 250 10627 11867 3025 4163 10608 1372 6721 7667 7702 11707 4962 3 3016 3088 11339 2031 4819 5063 6015 2657 10240 1578 4413 2639 957 203 11482 7375 9378 10363 1955 11027 8912 9631 8239 5167 3326 7475 8070 5578 2353 9279 10603 1062 8695 4381 9944 1641 9505 1182 1671 5061 8994 1959 8281 12706 3009 8575 1755 2981 5853 6379 3950 926 10825 3789 4032 6481 3853 11521 179 8029 625 7729 1022 8527 7910 3394 12369 13368 10949 3319 12035 8798 12405
701 13085 1421 10493 2164 1125 12154 10093 5115 3979 5628 6741 7049 13782 10010 3214 3872 12594 3723 5418 6548 8826 5873 13913 6160 12805 2816 2233 6365 9130 9535 2861 12959 5235 9394 9373 3998 10181 6599 7228 2650 6070 4979 2913 14187 9770 12858 3711 8833 12823 13370 6553 13952 12999 2347 12036 1769 10026 1164 134 2683 2284 7344 4867 6251 7203 4849 13036 5651 3172 150 11669 5420 8180 12661 9261 9855 4936 12905 7200 13819 7677 10979 5203 5861 5251 2210 613 12017 13883 2774 9061 1533 3659 1324 12992 882 11240 11054 14107 2740 3394 10030 11544 2481 7774 981 5965 430 12961 10965 7132 2225 13667 7121 7282 12354 3502 2695 7874 827 7858 6920 7073 8347 10119 7844 6173 7702 1150 10391 5223 269 1505 6393 5081 4774 1891 10145 11562 11394 2868 2801 7249 6817 3941 10843 10244 10750 8207 1965 7563 1803 7901 12845 13688 1886 879 10122 3582 8390 13329 7119 168 10149 11232 3813 5432 181 9590 10705 9692 13302 13677 4775 6584 6535 9277 255 6707 718 2713 1633 11484 13379 12478 2766 1671 11378 3240 423 14011 2957 393 9691 2572 13706 7749 12193 8315 10849
702 1302 4671 13179 863 3306 3191 6158 2666 13892 5365 9063 12813 10477 4960 6798 5763 12673 2270 11495 9067 2514 9546 678 6106 10242 2515 7377 1054 13227 5748 2027 10736 3333 11345 6537 5767 10029 6381 10798 2362 3963 12491 1279 11664 8663 3137 12803 665 11905 7490 10901 11237 13640 13462 139 2144 4858 1193 10111 1481 1266 7957 13242 1661 3826 3800 13284 7681 6724 1645 7095 7504 7902 2448 5969 9878 2376 8235 3562 1673 11941 11702 10113 3824 10023 13149 4665 9393 7039 14132 10348 8371 1274 13609 5541 11864 2822 7091 9701 2061 6848 8517 2141 13222 3652 13082 3911 2818 7598 9313 787 9532 659 11769 5247 12988 12606 8097 13463 647 10463 6628 10351 9946 2024 3088 1065 13016 8839 8766 4448 935 27 10869 5159 7872 6163 8849 13738 10744 131 1216 13487 7013 12877 6389 4711 7446 9641 13544 6283 7387 6289 7099 9109 8136 12394 6903 4459 1251 10740 13234 7665 5047 13995 4588 116 12545 831 10715 11512 13855 6785 11698 13878 5618 4398 7207 4631 1316 8310 8678 2091 671 11070 8729 5711 12887 8637 8558 12906 1680 7239 12402 4140 3317 3105 2383 1463 8232
703 13094 10606 5575 8339 8985 4339 9341 4395 2510 2571 1490 9165 549 4973 7479 3447 10594 9466 2311 2979 6133 2261 12727 7220 12987 9340 770 4162 3823 10347 5155 13834 12377 12175 5837 5686 11806 14002 9988 3076 13239 2187 13860 12825 9240 2412 3948 3143 10679 6883 4054 6987 10654 13112 11010 5588 8034 9374 8594 2935 7595 3109 2395 2474 12889 12636 6755 5677 2593 2825 9219 5289 9573 7617 12538 8841 12404 1923 197 5755 13204 13470 2781 13408 2919 6178 5831 11440 12830 4082 7286 9507 13855 9205 8700 1081 8340 13954 7827 3664 9536 5288 7698 8367 2349 11955 9865 11120 12201 13293 5319 2137 5737 1154 9408 9036 10456 1220 12389 1561 11149 9904 9722 7174 7408 2019 4872 10802 2498 9998 500 6167 1815 14072 6025 5828 9385 10327 4760 10514 5498 6223 6455 6234 13338 12616 675 1369 10372 3820 8335 13720 13693 13377 13437 13149 1620 5764 1044 7275 7514 8258 9230 3189 2174 8408 13732 9490 12995 8378 6626 11969 11493 13832 4923 6377 2819 5964 1393 6942 5200 5890 6677 1883 5836 1138 6336 11479 12268 4219 10227 7322 6446 6580 4651 5608 13491 4093 9771 8661
704 120 5486 2320 8135 1018 12145 1758 5893 9084 2049 5385 1756 8708 6940 5413 3493 12279 2156 2081 890 2377 11738 6770 7272 7769 10020 3803 5820 7017 3753 13986 4738 12746 2226 683 9830 2662 8957 8597 981 9211 6179 4294 6700 12154 3361 1037 4946 13415 8674 12602 222 5547 7598 9310 2069 129 13159 13511 704 862 9886 11805 9037 14136 12834 3149 12870 9723 6555 2950 4372 13562 2883 7693 10468 7809 2643 4340 4850 7064 2424 4652 13914 603 4487 2372 3358 9926 12451 4088 13192 2116 792 7817 4496 2572 4854 11097 613 6113 11651 14093 97 689 13775 12535 12672 9142 11468 6485 5772 10277 12856 3786 5759 3105 12780 3422 6745 6750 1887 2344 4862 1184 13895 4221 3692 2623 9555 7346 2678 2466 11786 13079 12986 8381 13922 9009 12524 5539 12051 4525 9834 140 3721 10460 11946 2187 5106 6919 2811 8534 10352 6931 6648 801 4612 3442 7215 10133 9233 4571 12136 6728 10300 6074 10353 13778 2459 1239 1288 6322 9748 13860 2512 12605 11318 9475 9245 6015 10187 8318 174 1107 13455 2282 11390 7624 5997 3855 5471 2959 3955 11414 4042 10755 25 2232 7477
705 10076 12526 10806 7404 2052 9656 10270 6525 4352 194 12556 12314 12852 4772 13598 764 789 8106 2278 544 12943 11200 5760 1695 12501 1400 13154 7524 1241 4813 4565 639 13750 12135 9065 1434 549 10706 10346 13726 8774 12142 3407 307 8185 6272 4521 3815 4336 12104 773 3959 13531 4070 10888 6201 112 4208 9306 8427 1233 5904 12989 1755 8472 2180 6057 9324 4713 2700 9438 2992 11691 7585 6730 13356 6883 3009 9277 6073 10846 10249 7960 7657 3327 5732 8283 3374 7429 8923 6266 6824 13758 11918 10191 3186 4387 8563 664 7313 9342 8170 468 14124 13354 10061 9868 5451 1526 9413 11309 8908 1391 13705 14179 8079 4240 1126 10959 2663 10085 5633 8868 11961 907 6122 8341 13955 13274 14030 7350 4043 8812 2853 13379 7117 9485 13475 9259 2233 7635 4508 10921 10585 9220 8490 7855 10523 2348 5152 8578 11957 11247 6299 7324 10223 9980 1380 10362 6036 13651 8314 11704 10282 6897 9537 11183 12389 5185 4858 1416 10231 12315 13895 1532 4095 2023 10880 7087 6214 5035 2970 12761 7049 1051 3398 9008 7601 7476 6082 7252 1464 7619 10996 11685 1166 7282 10325 9573 5687
706 2419 7952 9148 4823 14085 4167 651 433 8496 249 10095 8760 2370 1966 2477 9999 3170 1599 9366 11848 8234 5960 6162 13613 10016 11104 1634 589 6612 1161 272 1403 11381 4532 6011 8515 6295 12458 11067 14049 7846 9225 12000 9163 10009 13189 7729 3459 11122 1971 11708 10910 5634 1353 12055 3893 12357 6669 983 13108 9209 9654 6333 5372 7605 9950 8289 10719 2576 3313 7620 7440 95 9375 2648 702 5193 5853 12542 13498 2706 10885 5727 8132 7539 8988 7993 3323 13582 7462 789 1525 9400 11712 7676 14207 4817 5810 4664 11758 3396 9387 13799 11649 11507 13190 1576 6356 887 5782 1455 2090 333 5942 13059 10273 11798 5032 7710 10658 1156 13649 3790 286 8969 5339 13551 5394 9466 7935 10069 4977 13899 11933 12044 3270 8382 11533 9233 8856 1103 3856 14160 8654 1725 14130 2882 9324 2072 8342 2318 674 383 652 10470 5557 8947 11098 6639 3882 1882 8864 4378 2377 4126 5352 1986 9462 13890 7404 14078 3525 6820 10090 10281 13535 643 9953 1854 2310 2854 4082 7829 5968 5382 3319 6022 5769 13029 3378 777 6536 4458 13293 12942 9103 10452 8831 3903 11469
707 3813 1296 2698 7235 8832 8252 5887 2767 3438 9772 1049 3442 7459 10199 3733 5988 8833 2546 2082 1873 11356 2138 9696 3067 12420 7381 9621 4699 11442 141 10281 6496 9831 5276 2523 1949 7873 9969 2345 1171 8949 3269 8898 3651 1593 4018 345 8052 14052 140 2526 10715 6208 9144 2235 10985 13418 6427 4619 147 11705 10139 11269 10137 3304 10290 11973 11621 13090 12738 6026 6296 541 9312 12257 10227 10215 1755 12043 6985 6343 4722 8373 1819 3133 9122 3295 3631 10979 1522 13806 4084 6355 4775 12852 13160 178 10396 2814 1665 14125 1316 9558 13032 3821 8813 5762 13659 5790 2386 5252 5534 3372 100 6318 4479 13113 14116 9878 2955 9333 228 7191 5601 6792 9830 7949 3847 9970 7350 5499 6867 11808 9948 7692 4851 13585 2937 4745 11048 2708 7971 10004 2941 6070 5233 10 13029 1327 5281 3418 11193 4430 7911 6170 808 6501 9221 3555 13719 8351 11268 3422 6627 8115 11853 13683 3204 11016 7009 6707 12191 8064 461 1602 13021 5351 9427 6487 10077 7666 13083 1961 11898 6179 8092 3367 11094 9141 12983 8890 4808 4041 4611 8150 5253 5474 13269 11804 6920
708 12029 11211 12848 4538 10940 629 6924 5403 6129 4261 11245 11279 698 3595 8582 8403 2529 8181 7106 7037 12756 10687 500 3345 448 55 9108 4331 9184 5020 7469 4220 943 7065 802 4405 11850 6812 10314 725 6656 2386 8765 11947 7279 3619 13863 5357 6416 9558 5187 699 6708 8416 7699 4051 11246 3475 10996 2635 999 13694 8484 7262 5306 4457 5982 166 11569 635 5634 10169 11757 6301 8716 3777 8161 4671 1246 11745 6882 6149 12928 12998 12418 9588 9178 5311 8975 4714 4289 9997 1257 693 12854 6742 7541 9406 1102 5438 7835 9706 6809 6220 5805 2251 6724 2457 7419 11924 12690 71 12001 4036 11252 61 13357 6252 2636 2966 11030 13078 8159 4228 2955 5959 1833 8737 6202 3389 4238 9721 8251 10808 9532 4033 3720 10978 1656 330 5628 1148 12725 5779 5401 8745 1459 9746 11284 5071 1034 4005 6763 1967 9582 6833 14100 2499 2624 6121 9386 105 1366 3353 1649 12450 12053 2716 7068 10842 5937 9545 10599 2536 6489 11915 14126 8683 885 11762 10446 13564 9661 7691 758 5029 3717 9338 11156 13234 6720 3360 7653 14024 8662 4164 948 6307 11764 4638
709 10402 4231 10780 7213 11852 6057 9412 6219 2459 1586 4880 10494 6604 4030 6521 12118 1892 3669 3839 6561 4767 11076 6960 3399 3385 7046 12134 5440 2162 11073 816 2703 422 3936 5747 5801 473 8166 6730 292 13840 11827 5376 14127 8322 4467 10727 5197 10185 8001 10959 6266 2662 6276 8848 13471 69 13373 10007 3452 13734 4942 12226 5010 2486 12597 13442 8723 4840 6922 6052 792 6396 7026 9830 2645 7663 1222 12806 9326 9456 2305 5280 12980 6890 5341 547 13270 12879 2356 8863 5666 13453 12276 3234 8070 11992 8549 2637 2448 3316 7355 10908 1483 9741 7463 1302 7204 14024 1013 5824 4936 6661 12189 2956 10095 9672 11958 873 3288 198 1311 11021 4542 8482 6841 10996 11390 9049 11581 9628 12864 2801 7641 9926 10656 3087 828 13784 6345 3702 13278 10286 3643 9764 12837 11071 10936 983 1153 4329 746 338 13179 7458 11735 6722 6457 5459 4602 12087 11486 11873 5127 10797 2971 7634 6353 13440 2450 12624 1048 1725 13836 1569 13394 13154 6008 1106 10055 727 13499 1888 6529 239 10706 607 12206 8966 13491 6151 9205 5373 3251 13182 3194 9347 10859 4216 475
710 8065 4695 11597 3254 452 7473 10815 4129 4069 3416 1392 2135 4394 1985 11848 8230 6534 9537 3282 13316 9779 12379 10929 9176 1396 5681 13268 11379 303 7576 3073 2233 7030 1508 2532 2648 528 3216 5181 3405 1962 4692 8395 2645 13288 13954 9944 3513 10358 6038 1803 11124 2756 11697 8519 10452 11087 11734 12270 6054 6044 888 5618 2482 9879 3627 13400 12448 1848 10390 12645 3108 3365 8111 9059 7749 4200 8876 232 953 5914 1414 4932 5979 270 10811 6848 10304 4680 11890 7454 10558 2383 11440 8760 6982 4555 6145 12313 9658 11189 2131 6663 11539 10296 10282 9238 10948 4656 5473 1665 2677 7665 13977 2413 2139 356 12604 13526 7494 12165 5519 10246 10179 13956 5502 284 6830 2631 10189 2072 7974 4975 6637 1728 7394 7468 12108 4071 2060 9360 4311 3628 2623 11962 12359 13051 2355 11894 6127 405 887 6339 8165 5282 8288 1790 13401 14048 11471 5785 13938 285 11327 4365 13846 5308 6758 5892 8204 9903 6665 9311 11829 14059 974 1982 13788 7387 5063 8268 9027 8122 7129 943 4801 9151 4359 3179 6171 1146 2065 826 10729 1829 3223 2133 1195 4604 886
711 561 11025 13244 6985 11565 13069 9767 6770 11325 2194 13610 7568 12594 3018 3044 11297 4955 155 8743 328 12143 7272 10517 9389 12222 250 3839 5618 12305 656 4147 3956 9533 11496 13636 3309 2718 11000 5272 8425 2542 3609 6862 12702 8542 2798 5485 9369 673 11299 13042 12600 13283 4603 7417 4538 8997 2580 1232 7508 13293 13003 6362 11210 6014 5220 13400 10645 2182 9149 13677 7264 3012 1023 10905 11819 14188 4165 13521 5703 8342 8826 1371 2001 9417 1924 10571 7485 10582 12386 7960 12640 7205 4544 9705 4048 12557 2685 10687 11940 8326 7551 4551 13056 2512 10581 817 10809 11722 4866 13719 6812 4878 7695 14125 8459 5597 11436 7634 9828 5914 2971 5034 4176 176 9108 4530 12915 5575 4325 3119 5705 8939 11607 9171 8783 2680 5616 3147 3606 6792 8868 13295 14053 688 11576 1194 12916 4347 1985 3482 2198 4135 4194 3480 6983 1693 1957 1703 4129 1265 12039 8575 903 7028 2920 2652 10269 3237 7527 8851 10624 9474 5765 8110 4357 9429 4313 13384 12607 8200 8732 14046 740 11175 13656 3240 12823 7856 11320 5988 1178 7608 453 12947 9251 10027 1369 513 11912
712 5669 4522 7762 13280 6875 6550 10185 3809 13994 216 8404 6661 4192 9647 1208 1170 1184 5644 2720 8691 7909 4548 13722 3573 5640 743 8668 2503 2147 10939 5399 14158 7033 887 7413 8212 10344 11762 10679 2416 2001 7546 2060 5301 422 5971 8083 6897 6980 6170 5199 10955 10858 13014 1442 4579 11400 3340 10032 12284 1398 5376 6699 12434 3017 13291 13858 12093 4273 2238 10588 9041 5417 8475 2544 6036 4617 9867 219 344 5898 13746 5286 4578 12847 540 10966 4347 9454 400 2634 4333 3505 3427 13008 12126 13544 5530 11191 3679 10709 11625 11520 5091 6373 304 75 9621 2379 3580 945 2677 938 1477 10824 10230 11273 4332 6231 329 2659 13210 10920 12176 8412 7368 7372 4325 4848 4028 12782 5638 9968 11768 11279 3142 14077 10121 5082 11831 10446 2984 8019 1890 5922 9810 12203 12110 11774 7361 13575 9295 6213 11918 2403 8267 1219 3400 1087 442 3364 7022 2047 1067 12846 10868 7980 5071 8361 6485 11205 6090 9915 7060 9487 3097 8081 13091 3539 12910 5527 13759 3628 11028 1685 5800 2305 1792 11009 13735 3181 8370 1609 13118 908 7997 9323 4758 8147 2703
713 705 10123 4326 10623 8491 6360 13846 12382 9203 5227 1374 10470 4847 2001 7440 2339 8993 1614 7030 3634 13076 7727 9189 3904 12994 10350 6260 4028 7949 1100 13322 13109 2731 1530 2559 11528 8621 5352 9020 8156 13385 12205 2426 8254 13786 3150 8311 13718 8439 11017 9632 8908 9261 2545 1974 3138 8273 1348 2531 1919 13636 9156 5545 2189 3622 9196 12523 7639 460 8750 6043 12642 13974 12750 6243 11987 12916 11932 12639 8818 1822 4637 10175 13754 5826 7306 4946 9539 1907 9493 3404 12072 12722 1277 10857 7546 6351 13422 12960 6518 12725 13000 10372 11838 5792 9863 2117 8644 11215 12586 14107 8647 12280 4997 9891 11445 9358 11408 2369 14108 9766 10268 14195 4662 8093 14074 4553 2363 13800 713 5006 8164 2726 10780 3107 11720 6452 14121 4211 9976 3254 14004 3483 7340 6105 4572 7413 12288 3603 3533 1821 1237 6885 2897 10599 527 1677 2215 6111 1730 8230 9737 11790 7492 12179 2176 5347 4502 7695 4102 13600 204 149 13634 7140 12040 10672 8794 8486 9245 1589 10292 13834 11018 8692 4018 423 12740 7530 2270 11689 10398 11259 4151 8738 3305 6777 560 925 617
714 1248 5063 12442 1368 11754 558 11462 7207 4109 10805 6475 9409 2092 5965 10473 8112 13258 6464 10745 9539 396 7071 3836 10276 3945 12314 7117 5826 2783 2696 9885 8672 1709 4620 2942 4592 3563 9976 8127 9205 1627 1860 4709 4149 7142 329 11177 8004 3629 3374 13041 8148 11844 505 7285 8383 10331 11012 136 4472 7341 7490 1768 10245 12175 13536 4926 7010 7291 13009 6851 9351 6564 3474 1566 2358 1317 9837 5695 8638 10159 724 7213 5116 6285 5540 9590 13215 11808 12826 1286 10718 407 14080 11892 2740 5175 10177 9793 11056 14015 3946 2605 1306 4873 4174 9879 2364 8795 5760 2341 6802 5450 2177 6556 12119 316 9845 11941 2559 12329 6144 12903 1485 6094 393 9833 3382 5260 2691 286 14001 4645 6157 14167 11903 774 13957 2024 7349 8661 6069 6095 4314 3784 2857 2574 4272 9488 951 11527 11749 8199 8268 5738 5241 5903 13461 524 1096 2563 617 1375 6583 331 9223 9147 4622 483 852 8551 6480 9928 19 223 11875 11508 1663 3564 1558 12916 14166 209 14177 13082 10472 3805 10929 11229 6463 9125 3684 9829 4214 4407 7521 7172 13620 13748 5605
715 6734 820 2822 10557 5230 4797 7844 2462 1178 2503 5984 12057 4603 11099 9015 12312 5865 16 1064 13344 2598 1181 4436 3170 8391 4047 4167 10051 2093 12020 10857 7724 6115 14085 5592 11413 4856 2157 8940 7205 13060 6673 3833 13476 257 5425 5757 11933 10667 183 10330 6713 10310 532 6110 10802 6316 805 2182 6376 13268 13459 5564 4552 2488 14157 8813 12998 1934 11857 8428 10317 1901 10116 12280 2169 12649 9196 3783 9667 13256 7075 11173 12863 1711 4094 12186 12088 6276 13795 7396 3880 3609 2761 11742 7500 2286 309 11223 12118 12801 5079 12973 2386 3785 2081 1596 4972 10246 6567 5926 4467 13847 3780 8110 8004 2740 3011 7404 485 11182 5318 2217 7632 578 3862 3585 9085 621 660 12858 5585 8098 7790 3468 12938 14083 12002 13889 10034 6818 2791 10452 7480 7755 2435 1440 12949 6882 1314 3478 235 5897 5324 91 5301 12492 7476 2601 8819 4115 9728 13983 8790 100 5306 1164 9762 12108 10561 6226 7956 1003 6635 8475 4090 2644 12830 12449 11681 11159 630 11757 9005 4769 10677 12995 7614 13759 6920 1383 5174 3806 3667 3293 3434 670 9471 11607 4924
716 945 8746 13325 6647 4030 929 1290 12423 11789 2019 12385 6554 13188 12626 5290 12842 734 9294 5850 2796 14044 5952 11772 11970 3449 2316 3792 3502 12357 4339 8662 7173 1180 2769 9788 12554 3507 12747 8566 6878 12780 11878 5421 10318 3115 1083 9323 13713 6761 2519 532 10376 5380 13665 2705 5864 10819 2250 10959 13508 9194 6992 8551 8704 13013 383 11778 8869 11500 1141 3117 5255 10674 10175 10573 10132 9591 12148 12841 13893 10826 1220 12814 4962 2352 6704 10388 1497 4285 12019 1810 13307 7637 1288 1575 6886 2514 3327 2778 6760 11760 13699 2720 3308 8188 14012 4801 13481 12775 13679 10236 11989 9626 7695 7414 10825 13668 6755 13502 1527 4964 10455 12235 6868 2899 13585 7632 9941 9826 10288 3001 8843 4066 11272 4676 181 2707 673 13121 1146 10274 13141 8274 8743 254 12526 2545 5699 9523 6115 8891 7641 3276 13527 12953 12022 6857 3729 7786 5291 10215 2155 4481 13295 3715 217 9444 1806 3356 11427 7015 7904 8653 10060 4493 8480 3102 10053 3489 1918 11276 10078 6108 2895 3799 6671 8358 1855 8193 12154 1360 13814 272 9562 7218 2881 6905 4046 8388 5756
717 2197 7150 6173 134 4165 5955 7453 3006 10238 7584 11803 2552 7931 1050 2757 10382 11780 8937 2522 5959 680 9619 12579 4112 7071 7052 3073 7249 5710 5188 12106 6599 14093 6296 7778 13521 3448 4268 14118 11318 929 12923 6043 2421 9501 10675 12235 8770 8296 9400 6943 8096 3969 13963 5396 6141 10009 2046 1909 4743 4464 11870 10862 12996 10502 515 10367 1663 9265 5119 1601 13665 404 4041 2170 4540 9390 7240 12357 7127 14011 8768 2543 9798 8512 12477 14036 10072 154 4204 8244 12171 218 6926 8893 11853 3816 783 10739 10156 3970 4158 9246 1710 2882 3341 12113 569 12405 14127 2078 12633 5807 11306 5645 5845 5544 5816 8075 6451 13770 14053 573 12583 7923 5123 9056 1856 581 8966 4166 7146 10433 1323 1798 11349 3472 12518 6051 7835 6299 3344 10799 2887 5563 13921 6391 13309 3896 9354 9578 7513 9491 8996 3377 7713 835 13445 2408 6750 3768 8883 14071 9115 7492 4102 6214 11367 9999 10715 3058 2069 3384 13936 7218 5206 9285 3660 5633 7751 8049 8602 12501 5850 3922 1078 11139 9077 3215 8308 7488 8101 10444 10076 483 5907 4960 4604 7952 5259
718 2711 2412 5095 12893 690 6366 5807 9560 12369 10556 7014 10436 8482 11513 2693 273 2071 11338 9602 629 13734 5854 3781 5949 7280 12980 489 5240 11307 11575 14166 2255 11716 3862 11084 9893 5792 4270 10930 4609 1911 8731 1161 817 13195 4863 12362 5327 5647 6476 13580 10798 8046 6289 4435 10594 7503 4743 13850 930 3217 9306 10281 9636 7998 150 8215 14189 10340 7141 11867 3843 5412 13470 13844 6442 4438 10443 13391 13185 2951 12609 4964 11293 9549 1409 7883 131 7999 10601 10494 9445 3519 8522 7070 5852 14185 5214 10728 9048 12554 6993 9811 7540 4639 4290 10258 1280 1393 7837 2814 11489 3450 12897 5895 9565 2841 3329 784 13256 3561 8294 14009 8502 1478 2056 1266 3074 144 11476 106 7017 3326 7765 11037 6137 13072 13070 6318 1502 10773 6089 2824 11035 21 1263 9929 13147 13191 5988 5222 8175 5005 12535 12705 10845 10675 9550 67 9334 6566 3194 13030 2089 825 1555 13876 8276 6002 8165 5320 8278 2373 3762 361 13231 12852 13722 4910 12335 11448 7306 11520 3092 11676 13618 11203 9243 12915 2114 4366 4998 7937 9916 10787 4245 5253 4762 13474 9703
719 1027 8647 6585 8512 8481 1974 68 4297 954 7336 1447 1592 13679 10990 9181 12753 9254 12556 700 11995 5198 5858 7240 1641 12399 13677 776 13641 12177 4120 408 13398 11623 340 4355 9073 2790 9608 4862 12301 7206 4595 3654 6836 9425 10459 5632 13059 5066 13903 4487 7964 13030 12683 10681 1687 6137 11347 2773 5669 7298 13583 10799 12773 3091 4745 9230 14183 10218 11293 10640 2314 3165 13328 10749 7114 11776 7847 4448 6531 2975 13737 5178 5255 8326 8256 11130 11936 2109 11755 5845 8368 8258 14130 5001 837 5386 1453 2473 7204 11894 3293 11412 6624 5551 3149 14069 10887 6520 13834 4597 10862 4924 1233 6388 13135 3826 11862 6282 13097 5051 7932 5296 12390 7413 8891 11965 8248 1406 10524 1473 6419 2261 13835 8280 1059 10356 8452 13241 11875 4720 6454 9920 8142 9579 13997 18 9104 6715 4265 2187 11948 1400 12092 2355 13850 7104 10181 7026 12727 1587 12777 7235 995 11303 4671 10610 10022 7387 9066 9017 8184 9383 5334 5390 6582 7559 11449 6123 8556 10578 737 11644 12882 1568 11648 9913 1039 5256 8895 1102 1537 368 1709 3273 8395 337 10815 6919 921
720 7675 2397 11638 1386 11459 2052 4434 12626 12061 10056 6532 3324 5926 4570 7670 9326 4776 5781 9789 12078 8372 3566 3149 3795 8294 7510 5609 12556 8058 7231 10542 6591 9201 2756 7637 5104 7901 3645 7212 11992 2210 8846 7307 69 12326 9749 9248 3492 6638 4583 10128 850 1206 13901 13097 9172 13725 10242 2798 10094 2040 46 13346 10766 12393 11452 11626 13682 14216 3200 4691 8999 2853 11013 1644 2820 9962 10509 11607 2495 9061 10091 9034 7394 9164 8904 9465 2593 3122 7700 3432 12558 7439 9493 5296 7266 2797 4597 14142 1342 4505 4091 9104 2744 521 3153 10584 6279 11681 3351 10833 3426 6593 10022 4272 2836 9437 5671 7180 8513 4185 1965 8132 6257 4423 13477 1961 14056 10311 2713 13002 13563 2364 7964 14186 6565 13577 4560 11865 8386 10792 11792 13000 10298 5927 14111 95 6801 11200 1995 9038 14125 5245 13885 12605 1669 10252 12272 643 7106 5344 8571 7721 2848 11557 11966 6156 6261 10565 1371 1160 11953 6944 2859 13056 9109 10292 6297 4401 2046 3006 752 11049 217 11252 11400 463 10404 3764 11927 9746 499 11655 5630 8606 1584 13035 11080 8767 4575
721 6214 14058 13201 8076 13707 7424 4260 10043 8575 1863 9761 6709 2985 4944 4697 4931 807 3038 5333 11036 14204 7129 10757 1641 8982 23 14124 8607 13124 8123 13438 4935 6412 12981 13296 12498 8115 5876 11639 3024 13811 4770 13604 6893 2674 759 10365 13660 12062 764 11630 4799 1657 12993 12714 10524 4271 1116 13975 12689 7796 8979 9310 8870 250 12546 9619 13376 931 9890 11833 10423 3983 8004 8912 11462 2509 6622 1225 12469 369 2874 4988 2186 9362 11901 13154 13726 9309 10576 3111 2320 9021 3847 12561 8328 8061 4042 12037 3028 6445 3564 5961 2246 3139 13887 14008 5404 1043 7248 6919 4938 7471 3287 2481 5947 2816 1328 6607 5066 6769 3633 8144 4921 10458 4999 5735 10950 13999 9964 11802 6176 8043 14156 3175 13681 2806 9787 6474 7045 791 4449 2129 3879 1870 1636 3057 8355 12651 4775 2189 7689 11086 829 12425 5635 5071 535 14130 1915 2204 2100 4803 10981 11480 4718 1772 3137 4113 13776 13247 9829 2880 13399 6583 5766 5941 2651 9068 11838 6683 5169 6997 7458 6144 2293 7982 3283 6804 4123 13025 9745 13334 1898 12160 6523 10433 11550 13457 6501
722 1779 13452 2247 3649 7920 10075 13132 8742 13137 1985 7778 54 4378 6522 5886 9867 18 12015 12755 7538 746 10957 8304 13387 473 3683 13908 5862 3611 5354 13401 2397 9173 5635 5925 1769 3647 3982 1255 13599 6210 13119 8256 10077 139 5135 8418 13378 10258 9724 13677 10685 2800 8041 12010 1989 2903 185 11116 12982 13523 12686 6508 6054 11477 7931 471 4385 1862 9864 5106 7701 10486 7354 1733 6280 7903 1125 11966 9588 12522 11817 8384 8962 3958 7840 2365 343 12468 11699 8820 13744 2767 11779 10370 12589 5355 14174 2982 9179 10800 1109 7543 3951 10046 4059 3627 7574 14077 10761 9743 4757 13860 5687 1470 4923 6854 1014 12132 13701 6073 13224 11765 11528 5416 13014 5682 4339 12133 12968 12116 2057 12096 7960 6123 7386 4722 10691 14176 9842 9073 6208 11333 10237 4411 2192 10971 13769 4093 4533 8953 13918 4286 13009 13995 2074 849 8019 9568 1113 2515 13288 3525 10174 6929 1177 11834 11915 430 12916 907 12502 13515 1329 10652 4604 10954 14190 11253 9958 7752 3459 11129 9 3702 7537 2114 13361 1123 10824 2314 11810 1809 1301 12671 1117 4456 12724 3420 4962
723 473 3217 12525 5093 14004 6397 12634 3957 1492 7585 8786 14098 162 13675 12478 12246 12077 3304 6113 10852 4214 3468 7332 3340 9058 3276 1037 3320 4498 217 1536 13293 12410 12421 7288 1496 7301 7341 13182 9477 11193 9417 13544 3465 6176 10655 5107 411 4387 6973 3182 4495 11839 7525 13158 1353 6581 1358 11634 889 4225 13990 4557 2430 1717 641 47 12443 8194 1891 9627 13696 1258 1126 2256 3376 480 9209 2490 3166 10219 7057 4994 5399 14052 288 4728 12377 10570 1250 7751 8141 13610 6360 2320 1889 1316 13039 9457 12973 13245 3347 10985 8180 4038 13803 7113 10378 8918 1425 11351 675 10342 11298 13072 13832 10048 6306 4271 9179 8853 5117 5925 3137 6997 5417 13102 6015 8195 2380 13750 4946 11205 3012 11566 12369 2779 6491 12021 11092 2446 3684 3893 10925 4762 837 8283 10557 3418 5957 2932 8260 8237 8658 7941 1623 10353 5574 5700 8059 10459 6873 777 12847 1506 8366 9226 12598 2535 14031 12778 11477 11648 225 535 11464 5268 4907 4828 11463 11515 5602 8320 13262 6938 6382 10738 62 6234 7531 7349 11667 1932 2251 2433 1338 356 14211 6761 12673
724 12132 805 14062 5026 9647 2436 1182 8271 13743 10652 1181 1377 13411 1317 2214 1963 8846 4949 9953 4643 4861 7992 7502 1701 6558 6770 7471 2306 13053 7287 4259 7440 6818 10691 10592 13764 1471 33 9446 6498 11265 4636 4450 1900 13518 10993 2241 3077 7472 8628 4967 10613 6816 10510 13287 7077 4024 6712 6822 11448 4779 6544 9108 11363 413 1905 6688 8176 9340 2070 9224 11923 2944 9299 1511 8231 11145 118 13645 11006 3289 11759 12369 126 9343 10849 3281 5037 8194 363 11656 13802 3914 4617 5967 1542 6846 3218 7800 10140 13326 280 7371 10676 9472 8181 3711 642 7928 1041 10825 8439 62 7083 9038 4739 10108 2965 10398 5136 10680 13423 11820 14137 2615 4285 4158 11373 7239 12164 6471 1424 980 1509 11892 8561 5194 1634 5547 3519 3897 8635 12438 6778 3199 10069 10713 4569 7651 4914 10219 4970 124 9543 3390 3713 378 12372 1922 5395 12194 14063 12695 12824 11618 10229 13093 7049 10105 1292 12024 5730 9752 9204 11576 8765 1573 3409 2137 9746 7864 12049 5820 6674 7844 948 6086 8603 9617 8061 1611 4882 416 6795 13529 3682 8261 9149 3215 10631
725 8092 10144 3494 5283 13741 10699 1842 11909 9009 11763 6707 2607 11339 10794 4738 14110 4043 10771 5250 12303 9723 11128 4258 1508 12443 12264 5152 8792 11608 3593 4334 14189 1079 14216 10275 7984 8321 5887 13022 1904 4587 5825 403 4096 10852 11316 6541 2521 12032 12199 2620 9244 13321 235 12495 7137 8620 7560 3999 6403 12536 9737 8721 7553 12002 8974 4634 12631 8209 1756 3308 3817 5462 11256 13447 1290 2939 3381 5888 7902 3253 9331 9085 12365 8930 1818 13811 7780 9830 7885 5508 6678 8182 8505 12870 11505 1353 2345 784 680 557 5660 11499 1962 13939 13067 13730 2634 2923 4283 13263 7332 7835 1036 10322 2073 7252 12040 5988 685 3812 10477 4536 6929 1955 4618 7424 13337 11417 11737 5832 8710 3946 3606 2693 8464 12187 11295 10137 248 6886 6360 10970 1798 13334 9393 8198 5684 5197 8469 13631 8260 8786 2224 590 4272 4010 10671 10929 1953 7214 9191 4709 8101 11667 13195 10353 10544 3322 10553 360 11048 9164 1337 8714 5196 11352 10046 3573 10028 9076 2379 378 9024 9521 3305 14080 1719 1910 11719 9933 8353 13044 1219 12542 12843 11113 833 3675 5221
726 69 8136 3982 3579 10153 13400 2391 3667 5865 10261 5354 10427 13591 9346 14214 4974 13528 2396 13 10749 12996 458 13673 5437 1794 1951 1071 13261 4727 6024 6531 2747 13157 4422 11160 2480 573 3103 407 13118 561 3885 10107 13237 11656 6076 6683 9926 12536 7595 12068 1960 12423 12295 12307 9791 9082 8856 9994 3845 11842 8151 7157 10189 9528 8351 8851 10492 7107 8212 9298 10864 837 6856 3521 7704 9803 8279 13200 6156 2056 8482 648 4235 12114 14106 10950 12321 13762 12474 7093 12941 8450 3158 8204 13704 13194 1958 11564 3988 12871 6651 2297 6280 7878 6355 894 1973 13136 565 2644 1876 8650 4921 13119 1502 8758 10787 4718 7230 11916 8647 10894 533 3007 9782 1087 2006 11147 183 10182 4796 14115 3785 1900 3295 12142 4849 5183 8077 4867 6329 12284 12744 5800 11382 5288 4083 1415 6010 7090 6757 6194 5642 12026 3338 13481 9545 5135 9751 2113 505 6699 4642 5648 5946 12937 2404 5506 3042 6480 11986 5567 12265 5755 2149 221 7254 10582 3837 1595 9490 11468 2905 1411 2659 13324 2878 9435 10934 6781 5308 8884 6008 11354 5881 12572 13084 2867 9832
727 13363 8412 13895 8910 1406 12297 979 13343 1076 13640 5512 1886 12342 6790 6796 5853 6411 10324 4451 3860 4801 8482 7047 11289 2549 5270 6911 10485 10970 8790 12934 11662 11437 6347 7401 1367 8474 2701 3968 4694 1484 2296 3152 5352 11006 3982 8543 11547 7018 4355 6941 7697 5243 74 2238 5102 7028 4386 13879 13009 6397 7108 9666 1069 3527 11251 8351 12915 2541 6320 4409 11898 14068 11261 6883 7562 12011 12548 3280 4154 14131 6713 3920 3286 9478 6111 14161 2594 9923 12291 12773 6706 5934 4869 8217 240 6811 5205 1940 6974 8868 8192 8894 14104 5444 2253 1061 14154 12779 8048 11553 2461 4420 8562 599 8795 2800 3011 9356 13624 13520 5783 8773 1396 6593 2722 6926 6663 12920 8460 6481 12238 10824 2327 12411 9568 4156 12359 2868 3825 6228 11271 13855 1269 13649 12161 595 9686 8143 10530 12118 14032 5298 2337 11179 8635 9227 10184 6771 9304 11205 7081 1792 11697 1850 6715 5260 4143 11533 2470 12165 129 992 462 13833 11585 9988 3237 13162 9876 14170 5649 2410 12720 8774 12326 6637 6403 2587 6641 13638 2776 937 11240 3583 10355 2552 10586 12816 11079
728 2986 1536 9514 9686 4821 9076 3945 12629 12636 13738 11512 42 11297 5875 2440 1974 10507 9807 1706 14182 8380 12389 2405 12827 13443 12292 12185 11746 12953 5505 5938 11200 7569 3066 9292 11021 3937 2406 10695 698 10303 11442 4558 11322 13094 6027 5160 7485 12337 3032 3620 7561 10951 13180 4638 8481 2450 3282 3294 1650 8720 7073 4209 9248 8642 1151 3409 2688 4938 4990 12461 3995 1600 7000 9369 10599 11042 12870 12774 4872 275 156 9954 2433 4319 4554 3266 9772 12555 9440 5382 6298 9392 10473 4684 12787 1819 1950 12173 7608 998 11772 8579 8655 12476 2182 11623 1930 10887 1136 10414 11001 7791 12154 13693 11874 12743 8951 13575 6175 1497 9093 13824 454 7868 3195 10348 9581 8852 3949 10964 1126 4668 7942 13143 10381 6251 4630 10429 700 3953 3883 5732 1139 10182 9386 4046 1430 1143 2854 11627 5614 2642 6891 1208 8069 9182 7181 6737 5073 9685 6218 13107 8470 1342 4469 2918 553 12679 2489 9043 13609 942 1112 668 9128 9191 5204 9924 9454 13385 5517 8071 6062 11908 8195 12595 1958 5553 11431 10763 10410 1679 2431 13193 7134 11226 9127 10755 12062
729 2691 1016 2678 10897 13383 12643 12659 2023 6925 11503 2368 8467 6945 6140 9693 10515 1114 3543 11655 13594 10873 7133 13474 11253 11106 2569 6681 6259 11327 7310 9613 12612 6067 9925 11830 3880 13996 5133 3124 6256 207 6858 2605 8416 1579 12282 12359 7277 6273 8303 1180 1791 4376 7193 5473 8657 2726 3363 2381 10024 13508 6668 9178 14209 12571 8000 13557 7949 1875 14171 8986 11194 1768 230 10000 11902 8041 13426 6548 9430 14184 7639 3785 9930 9362 2168 5153 1708 2372 8981 2683 2725 2498 2736 757 5607 10277 2883 8242 6888 7064 546 13826 3857 237 12591 1764 6749 7168 10433 1093 8187 11733 10048 10127 4787 6822 4568 6599 10999 5412 10703 2585 10656 8251 739 12451 5879 3567 4310 10013 6072 1691 960 9200 1055 8166 3670 9824 9594 2994 13002 6390 3015 3675 7837 4877 13743 1027 4306 5698 932 2984 9757 11084 11588 10405 2238 6030 5205 3370 11555 751 2053 4022 495 1006 5 5991 13684 5141 2749 8580 2214 2205 13027 10085 12746 10917 11323 11573 7946 10147 11223 9049 13920 5484 13941 10819 5548 11816 5331 8469 5312 7060 13570 7072 8257 11904 4129
730 7319 13182 9651 12754 2948 3957 904 11100 5277 5614 3282 3894 10099 3553 953 13375 13914 7524 13230 7164 626 9477 1636 7421 1137 3813 5032 8450 8336 4877 8910 10314 10702 424 5813 2530 2194 2490 10698 1454 3977 4786 2183 14077 5717 9339 13146 4854 5250 6608 5315 14007 5174 13284 8135 3909 4955 8973 2876 12111 274 14037 368 7101 12517 6254 4818 3447 8405 8935 1718 10889 2915 8333 8571 6639 795 8653 116 5862 11385 8110 13447 13164 6248 13398 7900 4106 3216 11667 3936 10808 3836 10570 13658 3808 2624 835 10322 7585 10306 12500 11999 4551 1297 144 10185 9765 1780 2573 5834 6366 10842 9083 13417 5416 3817 570 4688 4752 8114 4120 5938 11488 3960 1910 12097 1309 5618 7250 14115 5653 8562 405 3859 6628 5333 6311 9469 9747 6804 7391 9832 13502 1125 11994 1826 8507 11314 7814 10175 8271 13880 13468 4708 7978 12880 12980 6633 6702 6102 7912 11295 2611 3131 7718 5552 3075 579 9262 3969 1064 370 3036 10146 6865 766 5845 8835 3135 2352 2170 7111 7238 3641 13644 7532 1709 6798 5295 12872 3840 3220 3750 13551 473 8147 1551 12031 7572
731 5490 5650 8801 9776 9604 12115 4984 3182 13825 4935 9995 2064 9484 10433 9091 2218 5338 3559 13358 4919 6638 463 13097 1891 6957 5918 8855 3619 13006 3107 5130 5436 10849 13164 9123 1901 13329 10637 8924 8287 7626 11863 12303 5964 5560 11253 6591 10983 11820 414 6776 12749 14085 12704 8059 12533 9530 10712 3707 1031 11150 12419 12886 13206 11942 10373 11086 2614 2206 13925 7689 10139 9100 9302 8011 7911 4939 7316 10072 13148 11751 8264 2272 12913 7440 10695 5488 8787 7411 13530 7066 12359 7705 11786 720 12636 2542 7638 13826 12437 6841 9679 1022 5498 11945 13796 11953 9271 12197 4493 10498 4691 2986 10581 6867 10131 10974 13519 3612 308 6822 9632 188 10655 1488 10472 13278 363 6375 875 2842 12104 11367 984 6675 871 7047 3604 530 12502 4584 11450 6207 3405 12869 5413 12181 4065 4156 10479 11783 7699 3169 14175 6883 1335 3257 4458 1592 6985 2838 9467 2253 2634 3102 5275 12551 5264 2874 11648 267 1412 8862 13480 11370 10767 1624 8740 1160 12091 8101 3109 191 10919 11144 5626 11149 4895 10854 11477 11297 10981 11519 12498 12713 7022 10261 14038 3955 4131
732 120 9123 8368 10527 424 4025 10628 5823 1298 10762 1536 8187 438 7872 12134 6656 8542 209 13464 10653 11983 4940 6182 4197 495 11381 9654 817 7152 7168 11832 13895 13714 2334 3163 7248 12942 10334 3893 12036 3888 10621 10532 7372 8969 13458 1016 11708 8114 11099 8401 13919 9119 7677 7994 9022 8322 6835 9353 3501 13491 13392 2224 215 13089 11731 94 737 10529 11384 7669 1242 8632 11766 5576 13978 13071 8811 1717 119 5237 11620 6331 9879 6640 13522 9067 3771 10571 160 4483 3410 5685 12292 5287 10667 10176 1864 8217 1748 10316 3141 10989 10900 8351 9667 3441 1896 5613 12367 6155 8381 10245 4994 3376 7898 8419 8016 2026 10408 6015 8143 10494 10891 1932 12303 2032 9034 10229 2817 3398 797 4414 8494 8113 10839 10838 10514 9164 10627 6692 7316 6485 42 12226 7724 11900 3038 4564 5729 395 7100 2415 13170 430 675 10666 1004 12047 5425 12449 4207 4220 7194 10045 2466 10244 14126 6849 7757 3672 8006 9515 9013 3030 4349 9266 6687 2201 12551 12888 7902 10429 8874 827 11009 10648 6701 1282 9697 12770 10795 4695 2829 5192 10018 13262 4757 8732 6938
733 6 11002 13738 5862 3070 11469 11737 13884 13113 10595 4509 3205 1207 3547 560 8342 13685 13049 10798 3796 11228 1642 3994 8345 10259 14059 2025 3341 6477 8703 6349 13090 8350 8812 13003 2375 10524 2705 10880 4723 5634 4852 8839 10522 10094 4421 8468 13650 6544 11459 9763 11925 925 303 7395 10170 10267 9490 13238 12892 14164 1647 13966 2882 1732 4874 4946 5800 2318 897 3483 10568 12091 9978 5542 5429 11856 3791 27 2582 10367 5729 4374 8616 13572 7260 2114 11723 2343 3775 9628 6783 7845 7957 11407 12907 1497 13493 13617 8980 995 4224 743 11637 5105 812 3182 13459 10402 3168 590 30 4674 5541 7910 11803 5085 13996 6692 9126 3875 1583 13912 2303 7724 4865 2813 5106 3219 13105 3726 1651 3900 10356 11209 13939 9359 12142 1698 13471 12842 4518 8697 12864 4308 6595 13253 2891 6000 11726 13336 285 4830 13394 5011 12534 11912 13324 870 8591 1987 7354 8047 8946 4036 5476 900 13656 4784 13092 9777 269 4193 2716 467 5379 11762 5758 6323 13195 13058 12335 13923 12035 7528 9533 3654 10842 6123 12662 13725 10425 9453 10006 3874 3603 5383 12372 12467 7568
734 411 4542 14153 12078 6174 14194 5596 11934 2558 13750 11009 1314 2957 7597 11004 3092 14062 8592 11367 890 1987 6951 5420 6962 10173 10876 12567 3992 2534 1900 558 4237 6941 5618 9132 7542 11107 13237 3666 8735 11514 5163 1793 10779 11209 700 5731 13626 11747 9674 12736 13254 6320 348 7665 2326 50 2020 14026 13940 11779 2884 8188 245 2295 9305 3990 10384 11824 7904 6275 3851 1225 577 13803 1937 525 10496 12252 12657 5284 11902 3586 6836 11354 8479 9463 2461 9409 4487 10002 8410 3925 11237 3963 4270 1607 6787 8630 9376 8931 2820 2809 9323 739 1138 5963 11213 12140 10078 12271 9587 2717 8089 5500 595 7585 366 9930 6630 9797 12330 14043 13903 7490 10100 13922 10408 7673 9247 4549 2256 5312 5922 14103 3271 11347 9667 6264 11929 11688 1044 6282 6011 2040 7954 5513 4179 6852 278 9225 1799 11441 906 8171 11536 11919 5918 2232 7691 6196 14170 8951 11531 11532 2803 7132 3989 1665 403 3203 13664 4690 5268 6621 4128 12491 2665 10923 8228 13992 13576 12579 12551 7069 9886 8766 13547 8673 14024 12580 10369 3153 2902 4329 2582 771 8147 13465 8793
735 625 7082 5230 1631 8612 8497 10658 10624 1418 13528 12652 9357 9897 2355 14064 4780 6516 372 9238 5267 8626 3806 8782 6482 1042 161 83 10183 13091 458 7199 10428 14134 5270 1604 5317 13576 6609 7966 5704 5023 2021 7524 7071 9329 6587 821 2936 8894 3593 4791 533 9003 9292 5477 6202 386 1140 10095 7016 14197 7282 7406 9511 10346 8508 12422 12796 5714 11957 1911 8680 1859 5601 1381 12219 5758 3228 3165 3780 13654 12592 11738 866 10356 10480 8246 11282 1255 2948 3777 5947 4195 5303 11275 11045 11394 3510 9890 13007 10832 4174 12325 995 3721 1550 13375 2049 7444 647 4512 9098 12352 7522 13752 4365 8028 4608 13735 10587 525 1136 13719 6930 6744 8009 7308 8844 7884 8464 4595 14203 8877 12773 4580 10144 2077 4651 2599 8254 11279 3891 11368 1080 10483 11483 10697 7682 2757 10614 9118 5906 5505 11592 9038 7592 6825 3029 2197 4117 1123 2683 12124 7226 7264 4297 1602 13534 10861 10131 371 10492 13401 9045 3882 2502 1617 12143 12800 5641 5162 7306 13289 913 9129 4677 6469 6996 12959 1452 148 13187 5197 3651 13357 7257 13032 5825 6577 5625
736 10382 3950 7098 9558 3910 3305 10141 5120 11473 11996 1492 199 12338 8821 5801 173 3599 11085 11106 8121 3768 11544 11440 4721 7206 8784 3135 2723 4084 11946 8233 12320 4640 10142 4632 12802 13018 8644 6543 7632 11065 7629 2094 10813 4012 12468 3703 3154 5744 12740 3139 12848 8483 3914 7029 4925 10006 9387 13811 8562 639 5118 2588 7232 4319 7227 10446 8269 3137 14216 6981 10749 10956 4398 6310 12156 11803 5729 5708 12044 2492 7575 2547 7818 11928 13891 7162 13310 2289 4979 10056 1566 9239 11186 4384 12318 8877 9320 11318 14095 8031 10526 13916 6650 3585 13175 4284 4347 4946 2892 1660 13148 490 11164 2716 10227 12742 11521 10909 13885 2948 11483 12879 8938 10464 9272 11993 3028 4535 6137 8605 12920 7949 12933 2195 5359 3617 9545 5135 4713 2895 4586 11838 1540 6829 4747 10069 9724 3735 14156 13174 2582 13158 13862 3336 5763 4820 13952 11115 5715 6645 13435 621 1334 2406 8972 10555 13833 4020 1939 9877 12893 5629 1864 2703 3352 13044 53 8887 2585 11078 10437 1724 9119 6689 7558 14134 8870 8329 11868 4876 7424 4498 11461 10747 5858 3852 570 1361 14153
737 2404 11142 9687 9752 7629 5907 5107 3621 6458 1818 9589 8931 8899 11072 12831 5367 12854 9898 4332 4129 9961 6645 2313 6495 2565 6210 10557 11953 12806 4812 6867 10601 6790 4689 6663 561 6903 9398 7537 2623 8374 846 4594 9004 11802 7211 2870 13512 11228 13516 7825 12121 7847 12106 1730 3905 2003 12875 14147 4597 4109 3175 10120 10632 7935 3101 5011 6755 7577 1616 721 9578 3095 1477 13114 11610 4679 10481 5938 3346 6959 13137 8102 3004 3030 1047 9929 10096 5384 1162 5671 12076 8506 9707 8462 2499 1659 9705 13070 9396 11081 7412 4736 2171 1075 11994 276 9971 6661 621 10460 1074 11909 13596 9841 5276 9745 1347 10864 13961 13275 2957 10145 2805 9586 8407 3063 7190 2760 2419 8903 6109 13801 8371 13082 6798 5037 10430 491 1975 5969 12824 9403 2128 619 7197 12266 13769 13311 8059 14214 5192 8325 11631 4659 104 4036 6535 8890 9253 1995 13867 1368 6960 9794 12256 13122 1192 3710 9099 5624 13914 11792 995 5027 11201 10197 7420 4828 10417 6890 11262 9797 4325 12895 571 6073 8316 752 2574 12030 11732 4640 9411 1727 12010 2903 9537 14049 1634
738 11311 6987 2444 4922 2944 14080 13543 8710 10485 9322 11523 7977 5822 2989 11636 3948 10729 9618 9723 1464 11745 10380 7637 3833 2865 9125 12322 11187 705 10499 3361 13028 3068 6080 4021 9334 441 8336 4427 12038 6730 12770 923 6066 11341 10818 223 557 2164 7599 422 6626 2259 11837 2325 9340 13084 13645 11809 5215 6801 11976 3184 13405 10041 5306 5251 8582 13446 12364 124 379 5711 653 8815 11393 12012 1637 9649 2674 447 4856 2468 13381 10715 10251 12385 10648 14157 8899 13072 11478 6400 1844 880 10984 12556 8937 13349 2798 4823 5031 11983 11661 7163 1276 2163 9147 5931 3289 11374 14175 10904 10693 5774 12973 2748 3051 9887 4313 7040 1896 7354 4245 194 9142 10631 3818 1081 187 9003 2210 3928 5325 13913 8854 5343 6843 7786 11322 6893 2060 10059 9131 4194 10103 3280 10840 12743 11221 5901 2443 12959 4215 4484 9615 1466 8348 3283 12812 3644 6502 13806 11860 1772 3086 4532 3489 9153 11282 10794 12079 11253 10754 11320 11123 13102 14200 6274 1264 12287 914 8807 8838 6208 2851 167 5144 4806 3825 1552 12551 8161 1599 11388 6273 7826 6449 1027 2442
739 8036 1641 12990 13146 10482 13150 9285 1013 8910 1214 5204 8035 12759 2518 12298 6089 12610 6227 5236 12870 5417 9241 3840 6384 5653 8220 13853 9023 5631 7313 2572 12565 879 3489 9224 7975 12816 6782 2628 4638 6216 1370 1894 5515 12279 2874 14039 3331 4196 2713 7755 5416 5153 8883 5613 7171 11262 63 9230 5977 11197 4857 3628 5209 6796 10123 6693 4972 6376 10761 10068 9072 7525 10503 1958 4287 2065 425 9951 5276 14178 4267 1268 1287 13339 11474 8020 11006 730 11298 3346 10109 4878 7596 9789 7730 7930 13643 8486 5755 13022 1727 2503 816 5607 2332 2857 9446 4606 9145 2310 14104 4295 8504 9541 11880 12177 8438 7442 6903 12416 1328 4326 14214 2740 12730 3931 4440 12649 12355 7027 3642 5322 4291 5641 7050 5770 1072 11531 3610 10868 11849 3229 6740 873 10532 12159 14192 11412 943 4751 680 13175 13733 11018 9841 142 1020 253 10802 12144 2622 8564 12924 11837 7800 8867 9615 7219 11891 1647 6358 2394 449 13846 3831 6091 1 280 8673 11285 1468 283 8042 5384 3257 6499 10298 2088 1087 10438 6976 7246 528 11232 11892 1945 7310 3378 5135
740 6780 10836 3779 14143 673 5817 11313 1116 13269 346 11335 9870 11699 10848 3104 6552 9265 1496 7449 653 9029 1736 5134 9845 10529 1719 11390 13971 3621 4345 9842 3823 7892 10904 492 9360 9266 8542 1280 6493 4695 10942 13170 4254 10118 11994 6990 2940 8769 12915 5685 5031 12931 3722 6185 10782 5197 3254 1776 3825 13653 5763 6002 11326 101 4085 11021 3776 9198 231 4864 11084 11578 3730 8614 5218 7143 7481 13410 7280 11677 5515 3329 740 8610 12113 10876 9958 1778 9202 4620 6568 7125 1374 12529 7137 4587 10377 10254 7457 13272 3338 5707 13389 12061 4572 7094 666 13928 2104 9910 3959 1412 6988 2495 4093 14190 5902 3262 9426 9143 9085 13177 10897 6430 7797 5604 998 2712 4652 7145 9988 12510 12163 5646 13506 10296 84 388 8979 11167 10181 72 12671 7633 7647 7611 2458 1212 13596 6761 11777 12950 4399 4391 13975 14047 9546 11935 7929 4929 6778 7287 8357 1303 1693 12422 12636 470 1812 8791 12990 4178 7710 8087 7624 635 8230 11105 12865 4612 8951 1268 11768 3820 11010 507 8497 6930 3234 786 10075 3391 12426 8112 9965 6540 12928 8623 12015
741 1997 10422 5058 12312 11938 9272 4681 10640 2455 5767 5874 13077 8035 14115 9471 8060 3362 13675 9670 185 11277 11327 11464 3464 10989 4125 13414 11794 6160 11218 11192 3873 1419 8847 3497 11375 11902 14033 13335 3809 7039 552 1067 6550 8708 6341 6070 1788 9347 7867 11898 10014 13453 9130 10320 4124 7222 10463 1163 2300 1064 2393 12822 5778 11800 12586 7736 1607 8690 8692 2674 6221 9696 12050 6981 388 6378 973 11002 2857 6368 10125 9173 12612 11300 111 7869 12424 11191 10807 5285 8441 7614 5201 13696 6045 11164 1835 7930 13486 8776 6008 10889 11850 9996 4149 8131 8722 6711 2772 3100 7743 1194 1319 9903 4115 12624 6889 11520 5207 6428 4718 8946 3487 2036 2025 5059 10432 2862 8256 13333 11709 10354 8447 137 7970 1034 10627 991 13007 8017 1643 9283 11405 13373 13286 461 1848 4826 6866 2832 12789 11179 5473 12604 91 8852 407 6533 11325 4772 9199 8488 6520 1 13546 12900 3668 604 4645 9633 5357 2504 2093 6323 5009 4169 13050 5718 4942 9464 8845 9961 12505 11381 6799 4215 4411 5117 2163 2591 10945 7248 7025 11331 8382 9495 13851 2851 2443
742 79 1841 9589 13431 2608 8506 6294 9727 616 2942 4371 1733 12245 7653 5969 10898 5574 8036 2588 7550 11631 8122 6524 4587 11946 13379 2981 9905 6972 7752 5949 9721 2243 7841 2248 11097 6428 7710 1103 12401 12065 10449 1008 2094 4051 13632 10200 2505 2729 264 2688 1003 2586 1217 1961 475 12112 10915 3259 5411 10360 10516 7402 559 10475 9826 7910 7438 13957 3173 12227 4839 9664 4074 12413 4698 10417 7793 13251 5031 8472 8000 1832 8214 8664 6860 7657 9929 1947 13105 8661 1800 3772 12326 4771 8566 2415 6362 4262 3330 8056 13039 8201 2955 11430 9851 6824 2420 13715 3044 9172 6519 4941 12185 10688 6478 13266 5153 1112 3952 4651 10110 8479 2770 12719 2213 13861 1535 3287 11675 11730 6992 13065 1932 4053 10219 7961 4800 4444 5977 7045 11181 551 7606 11405 6244 7613 11127 1241 11847 5936 4798 6391 8133 6518 4007 6187 12537 5691 3221 3107 14033 12337 8340 10307 2013 10921 10195 11110 13038 7044 1545 711 245 13789 8188 5013 3178 4293 8485 7627 7443 5757 13513 4338 7696 4584 7318 5493 8620 12849 13076 3763 4223 3033 5582 10765 1731 5629 6578
743 3684 3677 8118 10473 13426 2756 1486 1720 4893 4816 5191 12464 3265 10118 6882 14026 13725 5718 10450 6327 10973 9824 9349 8794 4924 1117 9353 13913 7791 6789 10837 5508 12256 2463 11019 12164 12931 13593 4664 5277 8079 10662 6981 12745 10851 1492 8860 11955 5454 3044 1727 2475 11654 2258 2056 9482 4726 4894 3721 9075 10031 8152 2956 3900 944 10580 5196 646 7574 1846 1655 6642 3985 1162 1313 13795 1577 13832 9056 320 4959 11270 4058 6350 1189 821 2738 2987 11185 3943 5244 1207 7792 11938 12513 8508 8643 3278 1352 13196 2151 2856 10486 11812 84 5910 3570 14214 1845 1291 1760 9018 12054 7547 153 3289 8494 7216 4089 6377 2964 2901 7174 14074 3008 3839 7219 14128 8491 2040 8587 5788 13850 10419 5019 2804 6678 4856 5876 9000 7003 10113 6691 8991 2277 10822 5165 11389 1641 11240 5512 7778 6971 8718 8611 5657 13266 2955 11107 6035 326 3976 6180 6335 504 8424 8545 106 6967 66 2110 6734 8505 799 11508 2414 2090 6619 12923 13962 10319 11998 8141 11597 10725 988 9039 6931 9249 13032 7933 339 4737 5251 8937 5390 4586 13351 7605 5370
744 9682 2147 9193 3061 11871 14151 12094 513 13622 749 11952 4495 12892 2011 6624 1879 4789 2067 1718 13470 3621 6919 10363 2469 4868 8885 4192 3260 2679 8967 11881 5973 2112 6451 1975 2004 2889 8533 7779 2607 9278 9946 10446 13872 7625 7138 1205 11508 14083 7432 7716 4903 2957 13665 2635 8798 2121 4742 9817 3368 3262 3849 11884 11152 7458 2816 9180 12795 9376 5319 917 4782 2522 13060 12575 9273 12555 13492 4978 5554 10907 1035 2173 12368 13877 10886 8565 9687 11464 8169 5707 7134 9674 799 3720 1998 6101 3158 3160 8224 751 12030 2267 4005 9603 10479 5633 11065 11286 3950 9705 4809 6405 2786 12453 4781 1987 5689 4394 5146 70 2393 2117 2864 132 12667 652 10452 14004 7839 11378 8303 2844 1654 11770 11154 10621 607 3060 9694 1228 5083 5008 5895 4886 1913 2634 6955 13150 8267 3156 9949 12921 10018 9296 9145 3725 1216 6159 3229 13270 9354 1105 1748 4857 7875 1846 9944 7611 1601 145 13664 4134 11260 11903 1395 7917 731 6123 11571 2025 13828 549 5781 12388 9558 5151 7621 9758 6099 478 12732 5119 11110 4861 11930 11047 13382 2262 5327
745 10999 1275 2978 10 7926 10366 8323 9332 12127 4875 11372 12554 5652 9938 7942 13124 6159 13799 3054 1448 2083 6014 3777 6770 4033 9624 9592 9295 4577 996 4141 12344 3746 8555 4557 11572 11449 8876 5450 12405 9082 8840 7613 2657 1799 12621 4409 2674 10706 4203 3181 14119 12810 3592 6886 7594 1487 2614 12880 10202 9137 13735 6352 8696 4236 5804 2770 12664 2008 7356 13259 9301 7548 1111 3944 10372 5268 14100 6593 7981 8712 1742 10694 8535 5014 5117 11887 3381 815 9831 8704 7080 10932 4936 2659 9064 6701 2688 2582 6612 13692 7443 4511 8372 13243 10057 6948 3419 6655 9078 637 12252 770 12519 7441 422 5870 13319 2802 3553 5906 8692 349 11468 6823 12020 6558 13219 4512 2814 1756 3121 12607 1234 2099 5541 8655 4811 1176 1616 2552 1433 7155 8854 5760 2793 1103 13253 7420 14011 8126 627 11111 7557 3440 7479 9590 6206 2855 11472 13145 12815 12453 10277 3411 1002 9069 5196 3047 11822 450 6625 1098 4501 1049 2501 10466 4106 9903 9224 4429 14096 4861 1981 10642 7214 683 1851 12490 9985 7457 7705 8749 6600 13842 7568 1698 9286 8418 4281
746 751 733 7360 81 8099 3512 11246 22 5272 12473 12972 10061 12373 8623 10637 8815 1883 13659 6634 11236 8030 11397 8723 1338 2332 149 665 13951 9922 7484 1643 6816 525 7398 379 4605 5835 12302 8509 5571 10160 3982 9810 1497 13457 2862 9456 8304 6695 2491 6914 8367 10006 9948 7869 6794 3110 5884 4875 2461 7139 3878 2622 871 13785 9243 10257 1731 13702 6538 5952 1585 5861 3844 5618 11039 2715 1707 2353 8103 4411 2399 2732 8667 9726 8629 13004 5998 3933 1559 1130 12848 6835 3315 2263 11625 11296 3938 10975 10372 377 2069 4517 9769 1940 11036 13859 3369 3870 10961 14122 9570 417 3499 4894 2652 789 13320 13109 5737 10706 1419 6993 7594 9798 9685 13776 10786 13352 591 927 4 638 13438 12095 10560 10722 2864 10277 3310 9212 14099 5378 10747 2355 867 13794 2642 10908 12627 2358 9145 174 12407 4818 2167 13211 13516 6447 2408 2402 5365 9690 6959 184 5228 8000 6973 10718 2516 7757 10241 14215 880 11239 12418 10488 257 1705 6440 3707 7874 3685 3674 11763 8947 7045 2697 7143 4245 9185 3494 11314 1250 75 4389 7209 2061 10510 6557
747 1892 789 10507 12198 1659 14074 9151 3986 4602 6933 2516 5743 11317 4030 4609 12248 10402 3832 9856 13965 5683 3774 4536 13952 13584 6349 8012 12181 8334 4134 9025 11786 5161 12362 732 11172 8842 856 8692 12520 4274 6873 7152 5528 4611 7220 707 7316 1763 8862 4370 6518 12132 950 14130 8216 6112 8991 4453 754 11817 2900 685 6878 10239 5676 13593 3315 7353 10074 6753 9627 4077 3699 1465 1576 85 12802 2851 9503 5650 5294 13199 1816 4657 9832 13535 664 2414 12290 11012 11662 11789 642 13223 6788 4185 9587 4535 11941 1563 3134 2681 13241 3861 6918 12439 2807 7760 12702 8023 8827 8588 13808 1735 3172 1646 9698 6017 8544 13460 10791 7906 2235 2946 7579 2649 10019 10372 5016 10035 12489 10160 389 3562 9809 4706 7703 3467 5543 1481 6914 1794 4655 6477 425 10039 4263 4092 8088 3067 5373 11252 10252 2618 12930 13788 11534 12610 9435 4498 3137 9643 913 13690 102 1128 11673 6257 6138 11732 1632 8839 12186 4313 2051 10281 9782 4950 6486 7044 8703 13175 6161 12128 7275 11269 2368 6183 2168 510 10668 5657 6820 11996 8265 6172 2308 3794 13560
748 97 6025 8139 9113 1189 3532 13559 5384 9283 903 12546 4315 7707 12995 2220 9498 9983 672 11614 7093 13520 12450 10026 11174 8150 4314 14038 4442 10812 12691 11331 1783 13141 12423 9694 9701 8970 10505 7402 13637 6963 6701 6162 4486 12199 13530 3349 10989 11193 12887 4340 11267 8369 10412 8051 1254 130 12232 4993 5857 7753 7054 7648 4991 1625 3477 7031 4880 3010 10034 9172 3921 6468 2827 3883 5527 6082 3186 11213 11381 10192 1899 11200 8786 912 10006 10648 13571 6292 6826 8264 1534 8811 13853 3559 12852 4931 5103 11976 1356 13541 1172 8110 4056 7701 2186 8585 5201 4742 3397 13746 5177 11761 5809 10761 6618 12386 8120 10339 11087 151 4329 10587 7051 6077 14013 9254 9855 3335 317 7612 7153 4277 11100 7781 3764 6643 5296 702 2183 1734 652 1764 1095 2245 6600 12746 4974 5698 1762 4650 13098 5532 13390 9876 12519 13383 3523 11560 7511 8731 6419 6336 9604 13157 897 10277 13480 12872 289 712 9050 10897 10096 3598 5308 5310 3082 2612 4102 4115 9085 5694 6496 7686 7733 2654 2290 10993 4146 293 8577 9324 4408 3381 1848 6335 8249 1830 872
749 11577 5959 13738 8865 12470 7203 6974 12755 1178 12786 9813 711 2058 6339 2538 7532 10934 8445 12607 7875 13386 13995 12581 5188 243 7879 4496 6367 13313 10690 12299 9657 13241 4458 11808 13102 2687 4174 12966 11657 4854 4645 10782 5154 11569 13715 12910 11860 5730 12483 3208 1147 11033 5134 6722 11804 9114 1158 3186 7582 2470 11283 6288 929 5788 1841 6895 5972 9062 9183 11118 10460 5223 13950 1751 3366 12302 12532 776 12676 13809 4000 1726 6921 14078 12111 2724 6888 3399 4470 11906 3396 7483 8774 946 4446 2330 4845 169 1096 1570 8864 13081 1409 1502 6641 9681 2270 133 12761 9937 8086 7191 2255 9141 12863 10227 5052 11461 5377 8561 13640 770 7742 1799 13012 13728 2068 840 13352 6540 6733 1556 12614 6402 10823 7219 11066 2544 7673 10745 13487 10479 6018 12626 1879 11433 6815 13221 8350 13987 11367 6762 12834 4364 7676 12384 12558 11408 11228 509 6756 106 13198 5280 8949 11417 6393 3045 8719 11939 13258 8359 1852 10806 12167 11239 9179 8564 7898 11660 3602 4120 9162 12368 13580 11035 641 9452 10417 394 9659 137 12097 10373 6566 1060 11080 5804 4602
750 2532 2140 11155 7954 11412 4882 9506 3853 8237 6093 9841 8288 4978 10925 4272 4469 6906 2837 9808 1274 12650 5006 4003 11183 11266 2619 299 9173 3388 13103 10357 10126 9318 2216 1337 1833 9817 622 13374 9751 6119 9459 499 6149 12182 2838 10815 13420 10890 7953 1366 9958 4873 5525 10216 13212 11242 10166 1667 7881 8906 6973 10922 1794 10248 11549 9119 11803 4715 4013 8114 10930 13955 4802 6340 2709 9110 11770 2038 374 1673 5566 1918 628 4986 10322 1910 7121 13167 3497 8057 12824 4770 11115 12633 11431 10580 12363 6776 13824 13447 2293 2893 7167 13871 6610 2353 10539 3735 10774 710 7933 3911 11807 8168 9297 9964 5816 6114 14018 762 3317 12141 11020 12590 12210 14022 9603 14190 11904 14082 7525 2902 5894 3339 8023 1067 9921 7847 11098 12404 6797 3204 2601 13938 467 1359 10121 12137 13308 955 10975 986 933 11758 3439 4188 11872 8720 12914 6951 5952 11722 5925 13223 8459 8307 5698 12478 6394 1554 4602 5761 1943 13858 10150 11561 10400 10008 3708 10555 1922 4021 6952 8296 10860 8399 3887 11211 5275 11923 4067 891 5494 11837 351 1030 7254 10794 2382
751 171 13979 12225 7840 4856 13727 2648 3269 3830 1861 1414 817 10573 908 8905 6345 8975 5713 2140 8090 13729 5257 4080 6887 13736 6680 11431 6407 12174 8009 13009 7051 13299 4176 5858 9544 12221 7656 11656 4293 12574 5066 5063 10215 5503 11311 3846 1976 7856 6414 5098 7707 12061 10896 13511 3589 1192 10240 1466 12194 3060 9680 9945 12635 937 3845 2677 8700 4820 1987 2926 9208 8112 7213 12682 11592 4095 6815 12762 5327 13211 6323 1533 1418 8447 10777 13986 2833 12230 1974 9124 8473 12403 316 6488 2515 6913 7902 13506 12153 9775 9654 13814 8547 3341 973 7150 10765 12887 8076 4488 12699 12893 14013 3254 14200 11601 5412 12150 12584 7077 10651 11069 7257 12765 3296 4829 9815 6379 8401 13856 10992 13027 5370 144 13143 1704 471 8563 9812 6448 2543 4149 2940 395 6364 2887 10309 8976 1617 5004 12767 12657 2097 7757 12521 4990 13802 12694 13877 3504 8609 6618 4912 7761 13011 11982 2601 2061 2204 2645 925 12784 3480 1138 288 6077 10987 453 10866 2225 9180 511 3550 11860 9494 7897 13233 11209 12578 3399 1931 13866 5400 9509 3524 6006 9203 10806 2453
752 5055 11905 8835 10658 10207 11557 12727 797 7502 2012 17 5505 12173 3019 9449 8107 681 10787 5863 10171 8855 13057 11814 5735 5337 812 11910 11535 7247 9143 10486 7017 10050 13528 4987 6622 8154 13364 13403 9901 6206 8054 3738 13757 708 632 7191 8961 7046 6205 5340 9453 13823 12244 3009 226 11624 244 7998 10316 7740 2967 12238 13992 8790 13372 3704 10807 5620 3261 11654 8538 5473 1810 10251 6697 12986 2195 9638 5198 3475 804 3101 7021 13640 10292 8415 13335 7208 5310 4686 2048 9883 13473 1575 2862 8231 1718 7492 6188 3456 11673 4663 2206 8021 12809 9584 1573 1879 13133 9309 5511 8946 12214 7213 7230 691 13741 10035 11086 5845 8614 211 10161 14028 1959 13769 3580 3862 6890 6500 1366 2950 6028 10447 2788 1695 471 1701 8471 9730 7628 13798 8750 3548 12643 7016 8372 12935 1816 8165 8815 5893 6578 1072 6307 1444 2697 11491 7725 270 8044 2536 9943 1636 1195 8387 7227 9830 13812 9600 10674 4547 9052 10456 1673 9331 4792 5461 2852 14066 10694 11715 12279 12153 6051 8172 525 7049 12170 6525 6295 8020 5801 9168 7382 3306 2197 13789 13760
753 1293 8894 472 9415 12971 12093 2263 1014 7618 768 812 6497 5494 12240 2024 5477 11100 13501 2339 3414 430 2189 7461 1398 2997 11857 9420 13558 12982 1304 3506 2018 3724 6358 7842 2228 8215 5800 3650 412 1099 10945 3992 1679 9556 5603 8478 10163 12379 7786 5083 525 10533 1393 8160 9754 7455 9342 5551 12261 1303 11933 8506 8204 5052 6813 9683 6960 14079 4052 7308 12277 11403 6324 4665 5168 7216 7484 10704 3597 982 2402 5784 1785 12353 4904 765 3478 5877 5769 10750 13480 5619 4610 13139 9677 5878 7696 3970 6438 9313 5621 4643 6068 6447 4740 8258 14092 13936 4650 9239 7809 10615 9937 4331 13399 8587 6655 6555 6937 4346 5012 11307 10111 13566 13775 10737 521 5356 7602 7767 2434 10099 13602 6567 329 5440 11069 3918 5231 7180 7550 8728 10217 4329 3767 10981 12871 10936 11776 7059 13479 10870 1571 790 7444 8437 1107 10627 6303 8275 12821 7393 5393 12493 8310 14030 5151 1135 5852 3075 7388 8484 5838 136 443 11155 5368 12057 569 4311 6139 7634 6876 11742 10423 13702 6183 829 8813 11426 14177 5056 6581 3528 11068 5548 10788 3416 6224
754 1011 1798 3197 4992 2198 12306 2260 12463 5317 9737 7288 7805 9096 13448 7047 10433 13162 12309 1255 7551 7513 6060 12670 7795 7060 8923 1033 2760 5067 10644 5506 3171 5751 968 3987 3251 12569 13445 6708 10582 10832 2751 1291 6666 1532 8032 12686 1406 7849 11204 359 2290 4705 15 8567 13456 13967 13077 13347 13669 9150 4766 3077 6659 3287 1285 5753 10558 4656 4721 10594 11045 6497 11491 13812 2912 6109 8352 480 6860 8455 6279 4935 9346 6670 10244 4815 7183 1619 14052 11873 9703 13222 10230 12105 9892 12506 12561 4661 5777 4192 12946 13888 7315 708 2445 2030 7712 10065 7743 1606 11426 12172 6007 9105 3397 8791 10884 2375 7759 7458 5561 12318 7298 10330 10623 9987 5150 2006 8377 11158 12181 12324 7550 11663 7855 11169 6801 11207 3033 10954 10011 2737 3011 13715 2748 598 3585 10775 11135 6878 4542 3356 4221 3512 7115 13029 3953 3475 3962 7040 9404 3015 14046 11739 16 11107 5763 4160 10008 2356 10408 12386 13285 5308 12954 2040 12189 11218 2095 1828 3065 11217 7890 7952 11185 5536 5674 6089 11528 2561 11236 5446 8975 11801 7776 1651 3060 5576 8085
755 2297 8845 2103 4190 9772 3467 5512 2076 3568 3805 9399 10163 10804 13861 6679 6617 2769 13670 533 13277 4781 11971 9083 13848 1996 6820 11988 9627 8017 13187 9298 6692 13773 5953 9221 6079 10984 5292 8728 7851 5666 7491 6676 1508 3452 2953 8583 6160 535 10933 3991 10885 11111 10524 5132 5372 11196 5796 491 10010 1856 3008 9006 6720 4244 10132 9230 11873 11127 12002 8692 12451 10811 6535 3199 6914 14004 5081 13664 13264 12492 12514 1915 5150 2320 8864 869 1148 11520 3205 6654 5907 7347 4981 1859 9373 4634 6429 4893 4006 5232 6295 7513 1037 8467 5353 2557 12026 9936 8030 5599 8775 4260 671 2856 3874 7816 8854 12722 372 2721 93 10586 4275 4800 11457 50 11006 5419 314 9799 12334 2136 1556 10658 4744 10537 2475 1464 3822 11898 12385 252 3090 12215 5495 13041 7169 7871 11348 4285 8132 11976 13851 957 4958 10985 1065 4836 5044 8915 3520 6257 11387 10814 14024 1435 13893 259 10588 3648 3370 4032 2790 2200 3578 6187 8947 2846 805 9355 8082 4897 4580 3652 10029 9301 2487 12710 12414 14117 9542 9831 507 3425 10228 7239 5334 4923 8212
756 2473 12336 7861 1931 12860 5652 9194 9484 10946 4956 2668 8671 5004 10037 13605 2664 1623 11207 13259 10217 12766 6337 4916 814 2561 4142 2694 5543 2258 9082 2140 7396 10688 3985 3735 7251 5502 975 12146 9711 8546 2734 12048 13979 4332 3143 1806 11033 7482 13064 5145 10967 11059 796 9525 3093 11430 11088 6883 12208 10871 10764 2620 9084 12084 4946 8008 7986 11940 5159 4014 3628 8916 10950 3046 12839 902 5352 13600 12595 4909 10565 10755 2298 13784 7502 11111 5093 10680 9044 8599 3170 5313 13212 3431 7707 14137 8221 11597 11131 12726 2812 12409 11177 67 11736 612 5083 5570 11848 6643 5317 5497 7478 3107 1551 1346 12319 5793 10133 8192 1975 10590 6390 7618 2182 8694 12492 10750 2209 10596 1033 11048 3588 3879 14080 8452 13468 4697 9530 1598 8160 9808 4256 13049 5211 4747 14120 8321 7015 5651 4363 7415 4246 6168 11313 3808 2451 13576 12666 12823 6133 11474 14148 4513 1072 13552 8769 1315 3883 103 6784 8589 7179 4535 3935 6483 4885 1469 3041 10888 6308 9465 10 10542 10500 2435 9917 7743 11827 7761 8066 6194 5726 3334 8682 9191 13204 3348 11173
757 1271 8612 7336 6035 6538 9610 11261 1903 8433 7803 5878 13440 6866 3288 7060 7475 12571 12707 7244 13960 3824 3613 2382 9687 10344 4455 12943 8615 13499 4237 9003 14117 10445 1611 12897 14169 5340 10463 5595 11095 11305 238 3794 3019 10868 151 8509 14183 14181 3091 6801 8501 8823 454 11328 10351 2559 14194 12300 9607 12828 10525 11252 10998 7798 13306 1925 12535 6378 9190 9695 11685 7249 4334 1663 6116 13037 3645 550 1593 5393 11944 297 8665 11350 14156 1778 5721 7510 2393 8477 10451 8356 9611 13470 9470 9052 12229 10135 117 7430 4690 4134 3731 8751 2702 4218 10633 12643 7874 7496 898 8838 9905 12757 12874 10612 10373 11022 10075 11739 11666 11570 9953 9642 1310 2243 7650 7539 3081 3057 4421 5882 6421 11839 10804 6030 9567 13873 4757 12158 8016 12577 4812 12687 899 5694 10954 1362 2845 485 8164 2023 11865 5939 11196 1909 13374 10230 13171 6106 1832 410 10869 12769 1412 14104 9139 1479 203 3754 8025 13745 8910 10017 766 7370 7572 10883 2209 322 10756 11525 1437 6894 7506 2533 13165 10888 6370 3434 2788 10250 5121 6633 7881 6680 5086 6763 3171
758 482 278 5452 8688 9408 9462 9901 4587 4275 9147 2357 6917 13689 10005 10890 2955 3306 11442 13995 3170 9245 1455 9915 8699 8207 13854 3395 10418 5752 13506 10639 5688 9736 6215 4602 3388 2620 10360 7246 8240 9936 2663 10404 1909 3961 8648 9420 10135 8519 11769 5543 8195 9895 13641 3519 11440 12422 12207 660 8683 13334 157 2152 648 1795 12134 3231 13935 6908 1489 6042 9357 3596 5438 7192 2112 8275 3363 14004 4525 5534 459 6332 10213 5091 13347 4356 3240 4388 10055 14020 8356 11937 5339 12579 8444 7181 8332 7532 13141 2411 6049 10752 3732 9984 9398 14178 3176 5547 8293 9509 13338 11862 10926 4702 1674 6961 7751 12836 2291 11501 11845 13840 8917 9132 6212 7732 5651 11926 7090 9506 4783 5296 6983 1535 12303 2151 6982 2121 10072 5146 9024 10700 1120 5476 6637 9229 9184 9893 3466 10348 14038 12428 11270 3336 10187 11220 12499 10385 12585 3724 891 2080 908 27 606 8952 9742 5025 1565 9106 6713 11087 5812 12032 1258 7981 8077 12964 5344 9114 10015 8650 7456 2778 3380 3709 7559 1533 399 5065 9886 13963 5597 2301 3984 3005 7575 196 13704
759 6698 5684 12415 228 7287 5346 1370 1881 13508 3518 6587 9621 1113 10854 6942 5804 3256 762 5702 12144 257 7713 10211 1708 5017 10628 13571 4107 2376 12350 3377 9354 6782 4729 13769 2793 13564 610 10418 2368 1974 9728 11699 7831 4027 6390 6539 2546 11367 4415 11338 13963 3081 12777 9400 9716 4756 10241 1340 9846 13965 3462 1174 1732 4201 6899 11969 3398 7481 5559 7564 8774 7759 10719 3642 12928 13065 12358 1861 4119 1776 14186 3872 11765 12119 1567 4681 11748 10748 6185 13999 161 6808 9426 9187 11303 721 8464 11990 5772 7893 2985 1008 13690 10619 9262 4925 8612 5073 1851 9742 3036 1503 838 12959 1163 2265 7790 7702 3826 168 388 6866 931 2411 2880 13982 9139 7782 13472 2105 13643 12249 7197 2607 3745 9823 8004 244 6664 10744 11085 13668 9072 1612 6877 43 13576 8965 10507 2258 3062 5455 12052 2766 2249 8809 13554 547 351 6346 390 1233 12880 9626 9721 5890 13780 7374 1719 15 12848 14023 1751 5304 13979 280 11245 3175 12904 1283 3744 12670 14086 11724 11001 13562 10227 9516 12550 11081 11065 10387 6819 12968 7876 9167 3252 14060 7081
760 372 3348 4051 4529 8860 12160 9012 3547 7303 1126 2735 12877 8347 4850 750 1892 5953 10990 2776 11515 8296 1118 254 11106 615 12995 9019 9038 961 3218 7678 540 6973 2111 6451 13280 5750 2312 2931 13479 4882 9618 11020 7849 4922 977 11999 6223 11792 1128 5078 6886 5638 8402 2569 8944 4119 4511 13341 2190 8021 3819 13834 5225 181 7295 13352 9272 10601 10421 13264 12761 11327 4654 5957 5054 9240 4184 9285 9566 2802 14019 746 4374 13999 12429 2379 8811 11851 13561 11967 11486 4155 2871 3669 8020 2406 9391 8307 10063 1478 4152 11638 9259 7736 2741 8800 4952 3686 6626 1780 4238 823 13160 12215 13670 4274 10830 4789 11962 11174 2002 13062 14057 1596 9286 10176 9764 502 2350 1062 2012 12612 4115 11470 11496 10634 11910 8265 5758 4700 155 8360 7560 5262 7754 2305 7763 3827 5071 6250 2100 5189 7266 13696 6674 6615 11072 7112 6299 11415 2951 6919 8200 10485 13081 2875 4460 9931 8205 12896 11988 3882 9994 12350 3497 12107 802 6752 2769 3914 14098 11599 8806 5274 1582 4805 8042 6304 12588 7331 3720 11278 1279 12087 10689 2576 8461 5698 6336
761 1978 3226 10306 12324 992 9421 1260 8355 10540 2694 5858 2416 11331 11128 11404 11973 10022 7743 7525 5834 13358 6844 4251 9340 8382 12057 13124 9509 253 1489 10941 13577 3807 3293 10893 5611 13858 11991 8391 4616 3171 5358 4496 9867 8361 995 14106 13426 7555 3010 10326 367 4340 3362 4126 8045 24 10761 13772 11191 6921 13925 11063 4161 8133 9145 13400 13729 11035 1591 9079 459 1371 6418 13505 8590 3255 9078 6207 2092 3127 8668 2772 1085 706 13159 8212 13179 5156 356 8793 2999 2077 2353 13807 3715 12416 11652 12862 1920 4689 7569 3270 3022 7711 4651 11727 3372 9394 9980 9908 5529 12914 4355 3077 5698 5631 6159 9782 8913 6405 3196 7529 13077 5652 6081 3712 10430 13723 649 5281 10217 1955 324 5200 10590 9478 13643 8678 7098 6672 11445 1864 12221 6437 8310 8560 1213 9028 10988 13025 6796 11864 14051 9100 12602 1848 5318 8367 7581 10724 7217 1189 12087 3393 6572 9058 10114 6948 9390 9106 3642 10739 790 11314 4111 13804 12542 11597 2577 6044 10067 8650 8925 9065 8040 1866 1769 7983 4167 3430 4398 9411 1358 8260 9790 11121 8588 7293 3812
762 5834 11166 11059 11938 7997 9135 5404 11951 5679 2495 1952 3331 11759 2360 10648 11812 8154 729 8611 4177 237 8391 8191 961 13673 7381 4928 7429 10442 8594 4896 4243 5761 8407 7548 10200 4241 9475 300 7064 4521 10086 13094 907 11907 7962 4848 10858 5655 2432 9183 11540 3850 11796 2995 9564 7369 4311 13628 11753 5921 5069 2277 1322 9510 11792 6063 1172 9516 1826 3470 12995 12478 12599 4635 10361 6484 9934 4018 4240 12554 12446 12734 9546 2170 8430 8123 2030 8184 1145 183 5500 3660 3762 3591 6745 7391 5468 10738 1677 12723 495 2974 5839 12718 12556 11904 2798 12368 675 6052 499 5542 3910 5162 5612 3924 3352 11243 12112 4729 7589 11063 6641 7832 314 11531 12304 2119 6028 8130 3297 11641 12527 11209 10316 13738 3696 9122 5150 11502 3739 8326 2557 5240 7475 11782 371 13619 10272 9290 9832 12457 7461 8620 8674 7428 51 500 1174 4070 3005 5163 6240 2513 5219 4115 5602 11016 4613 3366 10491 11568 9173 4445 776 13975 6333 3172 7102 12674 8387 13972 8964 12103 3283 3228 6636 4036 11047 7927 7931 11180 7019 8427 11619 6036 6601 542 7695
763 716 45 5850 50 5041 7118 9220 5808 11627 12260 13928 4014 34 662 3410 8838 14086 2169 4130 916 833 12862 10107 5567 6834 4159 4780 577 3003 6618 6732 2113 10756 9806 2893 7665 7922 4157 5898 5068 7978 11445 515 3909 8357 8073 1628 12400 6454 2839 2442 10046 13163 4823 6902 7279 2798 8216 8071 12269 11342 8503 13172 9754 8428 331 6401 9955 11490 5481 14031 8477 6089 8830 11324 2608 9140 13895 5289 6488 3393 14131 13919 1064 8183 11671 9336 9890 4694 13011 12844 9485 6510 11286 9400 5202 13644 6705 13642 4810 11117 9263 370 7736 5381 11705 12847 2668 9990 13445 1905 224 7763 6048 6803 13079 4433 6083 6946 7740 7049 1011 12309 433 7079 7301 8396 9519 13780 1177 12846 323 4546 8781 9764 9875 9576 1056 5664 9535 10729 12067 13046 11844 2856 8949 7911 9666 7091 5443 4689 6671 14026 12214 811 11520 2816 4371 11677 2713 5969 4639 9850 9202 5433 8410 9804 9788 6175 11435 3405 4065 6363 10434 447 9800 10905 13526 10152 10269 12689 7898 10557 1427 6847 3147 12421 7852 14044 5847 8820 1589 11146 10759 10532 7204 9947 10523 1037 11748
764 7302 12784 10620 5600 11872 12686 1346 3227 2032 12183 13463 2697 5080 2855 12270 957 14152 1214 12758 4683 2315 3763 4972 5539 5304 13506 12363 9663 139 13046 6438 3498 94 1012 12264 9166 4811 13872 13372 190 2810 6017 11179 2974 3604 11806 13298 10353 5019 3183 8755 5478 11129 2726 7426 4996 13170 424 11766 6534 10764 8476 8695 275 10075 12536 3635 13538 8186 903 766 2670 10227 2101 477 3528 7260 1274 3331 12460 10452 8978 6310 555 557 12235 890 7625 9377 8288 10141 2893 170 2609 2390 11852 11655 3698 6417 10614 8788 13868 9891 2538 12880 8541 6397 4134 3631 6161 93 11144 10957 4992 11562 921 865 3228 12384 1033 4576 6640 10381 6724 13796 13495 6520 5252 4363 2178 13157 7440 11366 8873 5271 2410 3410 6691 6617 12303 8238 9577 12715 6218 5958 10513 13844 2443 14033 2033 935 9937 3308 13822 10501 1501 3006 7600 9933 11141 10432 3813 11191 10027 3399 6988 9161 8791 10302 1696 10726 12981 4648 14036 11917 6209 2506 12928 7992 8997 2992 11201 2617 13607 13104 7003 523 7132 4731 3190 10636 7657 6263 8226 721 640 12752 6336 12533 12462
765 634 1269 2149 481 9372 2591 9257 5246 4664 8713 5653 12374 12323 2540 9745 10244 9208 3574 8381 9393 4732 4195 1207 12530 9660 6544 4546 4002 2701 8035 9601 11680 9068 2112 6280 2005 3294 9045 3952 4196 4302 1844 2314 13695 5999 10661 1774 1359 4131 13179 8832 12336 5154 2294 9929 4562 7804 10482 7279 6679 62 5201 3135 5132 7131 2246 10137 13213 5599 4267 1780 645 13052 2232 7208 798 9600 5566 5275 9772 9868 2885 5122 3141 8081 3823 8922 5109 12283 5914 8362 3515 3996 2282 3272 12784 5490 2702 5724 13511 9038 5247 10254 9466 4565 11896 7778 6472 464 9079 10842 8236 6435 8671 353 9537 13901 6559 10338 13022 9028 3393 6130 5604 1160 677 2249 6795 7189 11685 73 1757 2912 6745 5038 9855 7300 4168 7107 1170 1866 12940 2169 4057 3391 6202 1830 4760 5397 11681 14039 12858 10088 4745 12993 2147 2263 13233 5337 11562 9243 7048 1532 4226 30 13531 4105 4477 8240 13028 4988 1880 3511 8217 1997 9897 4220 12107 12947 2041 12954 9729 11862 6388 13758 10759 8831 400 12783 4348 238 7919 13451 9384 11293 11493 10919 13359 3072 11470
766 8642 9749 12044 3598 13539 2950 9480 10248 14130 12046 162 10296 8261 13008 10709 10349 8927 13184 11471 13837 7237 4473 5000 6949 8909 9483 3685 4505 4379 1732 11690 3647 12447 8312 8514 3128 5220 2550 213 11186 3104 299 12694 14213 12375 2373 13104 1631 6950 11323 4839 1718 9496 8068 12702 12714 8608 7894 9197 5611 11494 9130 12624 13831 13175 3364 3460 9617 4151 2276 7749 642 12859 5855 3519 3331 11537 12215 5473 3615 12925 11564 8953 8657 5159 12454 5110 10112 6958 11060 11649 1966 3742 12074 9232 4041 9938 9274 2923 341 4445 2972 7700 5691 5632 6831 8997 1337 8465 13279 8882 5508 10487 10410 3951 3258 12027 2344 8118 1285 10953 9094 768 3005 480 4402 6028 10636 8967 1773 5637 14010 590 12546 3406 7248 8939 10723 6558 10169 8751 13002 9813 13851 5890 11159 12366 7352 9506 5145 1267 8855 6540 9157 10521 9434 5727 11275 8302 10764 272 5703 1362 11530 13298 10069 1547 3114 5321 11274 10799 10889 7255 8777 12231 4368 5763 10507 12716 8631 12319 8591 3607 1583 2762 2596 12678 11490 11978 14035 12232 3544 13502 816 5536 2969 10588 4108 13348 2330
767 13393 10403 3196 4043 1862 8920 12584 10219 10731 14086 7107 10473 3209 5039 10119 1691 9090 13163 13237 2604 421 11045 9111 1122 4291 13974 11263 10252 6601 9900 1626 3821 2778 1796 9566 13128 1007 4507 11446 9915 8486 8011 12676 9805 11675 7539 826 7193 13170 4565 10094 13116 12396 10883 13012 11191 11764 530 13281 4609 1481 6918 3778 4615 9428 13048 3772 2618 6984 5567 4134 3594 11526 12865 9334 10305 5778 12406 12753 5088 11611 7931 1406 951 1605 12219 12250 2614 7441 426 7027 2368 14115 5475 13285 4303 853 13457 7495 4783 11348 12099 2238 2400 14212 2607 12695 4751 11171 13821 3885 4150 2840 12423 11941 4116 2110 1540 6488 5583 3007 7401 10185 9817 10297 2260 8981 1591 10996 4776 25 11577 1800 778 887 14028 13130 8967 12746 7124 12200 4246 3035 13014 4637 11662 7530 2903 9213 2252 2479 5546 11855 5966 11965 7780 8824 12838 5359 12551 4814 62 11888 8392 242 3995 9242 11286 686 10009 11522 5854 2789 14134 8726 3862 12296 5288 8368 13951 3549 9008 1974 3523 9289 1151 3587 8997 12947 7276 6755 6074 9949 14124 2016 10029 13347 11976 1698 257
768 691 4333 9355 10687 7703 5751 5345 249 9391 7254 2917 114 10235 14204 12831 3070 11258 10242 5142 7702 12979 6222 6543 12067 2675 3632 10112 2908 14172 8102 1344 6022 12575 12977 11011 709 10623 1200 4700 6720 13126 7869 9289 7333 10001 930 2507 6859 6204 9011 5330 1706 7074 1071 9658 4691 3838 8638 6846 7262 4274 504 6571 3831 3620 10118 9348 7816 1835 13368 11744 6163 6784 9741 3198 7280 13076 9378 6982 469 6692 10820 1017 3607 6505 220 3430 2734 9886 6743 3381 5832 8280 10173 565 2058 3153 11049 4789 14114 1939 5463 6155 8804 1447 13796 7833 10100 11689 2587 6974 12239 3967 12797 5625 11245 13406 5685 10861 13354 12447 326 8861 8325 1015 11192 6805 1765 12483 5229 4730 6723 12959 3611 13270 10845 221 2444 4305 5385 4069 7490 2458 2902 10072 6728 9095 731 4639 2468 3752 6961 702 1252 3907 8273 3715 910 7853 3322 1839 9175 8735 4604 13115 14132 12758 9019 13297 8091 12005 13342 2967 1893 4167 9642 7413 850 1783 6959 7958 5104 32 5234 2998 2817 6606 12987 10494 3779 12537 12833 4314 6896 8202 12601 354 11393 13845 4690
769 4457 7625 5617 1017 3625 13348 9406 13499 13789 10281 11371 8840 12641 2420 13662 2184 10971 11509 13848 7449 2967 6879 7014 456 13231 1833 7182 546 2924 6564 2148 915 8815 9783 844 14182 6135 10080 10573 2167 3023 5824 1909 12452 10831 9997 12708 796 12202 547 14087 7432 11774 4475 5218 11238 7227 7541 1997 1566 11111 3120 5392 4950 11716 13214 13005 13461 13966 10387 855 5708 5416 11705 1796 5088 1928 2893 9059 1883 12702 1977 6565 6426 6120 6362 5435 5854 11960 13482 13551 12686 3071 12704 13233 8142 9521 4941 7035 8199 7704 3094 6862 11036 11324 14117 12906 12899 11667 12709 2655 8384 13108 10109 6012 14052 3464 4311 2485 6672 8265 9461 8579 5958 10666 13197 10302 12797 7611 5716 1357 4270 9485 6151 7918 2598 409 10890 14009 4233 3567 8064 11456 940 10763 6437 13359 5127 11825 12390 11205 8574 11707 11971 13450 9445 11192 4921 473 8105 404 11173 3614 8452 1302 7516 146 9584 4935 6077 1377 10200 11531 5931 607 10751 7232 14012 6706 13972 4629 6682 8545 2240 7012 6039 4060 458 4050 9403 5009 2452 5053 9325 10954 4811 3433 11785 11921 6319
770 10328 3560 7408 9240 11086 3863 1338 5051 11154 11930 2106 7655 9177 7491 11859 13214 4298 1266 6850 10595 10492 13380 10667 5694 7172 11336 1312 1184 12913 9826 8286 1150 8301 12196 2576 5765 13393 3321 11838 2916 8177 811 7400 10996 13329 6530 5341 3932 3047 8196 7587 7069 2860 3179 2721 1071 518 10265 4356 3810 1696 1701 11105 7115 1062 11102 13662 11902 5007 6178 1511 8524 13832 2467 6806 6480 4624 1931 11084 437 2055 2864 13924 4567 10194 9822 8510 12116 11856 982 13565 5462 3318 13156 13452 13408 12128 13882 12779 13077 316 10880 13269 1219 7258 1796 11072 12859 9932 5409 12540 8601 7783 5467 11245 10799 4860 11090 5888 13048 13754 5338 12273 10202 10515 6721 12634 1187 7220 10291 330 13901 11434 6426 231 12055 14084 9387 3663 8133 641 2454 12687 6083 7851 2098 130 13163 12299 7461 11056 6654 3320 12743 7026 2198 9319 11451 838 10390 11780 6111 1563 5041 12423 4099 12333 6350 4782 3534 1417 12123 3126 12988 492 7243 8013 7018 1434 5965 6448 551 4529 12987 6049 5196 141 11047 8001 13625 8612 3821 1449 10618 10883 5884 4161 1410 6875 4119
771 6911 4301 10843 10500 6391 11643 13809 6095 8026 818 4950 10506 1301 12225 12653 2278 1533 9291 1969 7970 5968 7979 2624 3134 966 10484 9858 13664 9512 2742 9897 13319 9136 5359 4076 5064 12163 6610 5595 7103 7967 4861 9634 3749 13162 5732 1522 3893 11580 4799 1310 14006 6397 10777 3762 12798 11417 10661 1993 7702 7850 7368 4714 6830 2377 4128 13258 5323 3098 7902 11572 869 1396 3231 11810 13528 8125 13575 1739 12947 4384 13861 5545 4681 10001 283 12303 12597 3056 11418 5487 9720 7082 309 8173 513 6052 8322 954 1084 11279 10606 1295 2985 9064 4326 9294 3132 5889 8081 9904 2207 13980 5198 13324 6003 10198 1647 7616 6637 2187 12020 7883 10672 1750 14034 3933 13692 11941 277 3631 11195 2152 11006 9837 12702 7879 4368 4312 11370 4484 4457 10422 13616 1144 1611 13219 6792 7834 5391 9896 7308 8162 5906 9915 6909 13206 10323 3270 11672 7253 8214 2286 468 3116 8854 10473 6316 7362 7601 11861 9341 6031 1045 3268 6796 6908 6834 10658 13275 5548 2729 10623 1832 7409 3042 6270 338 209 2641 3633 2327 9606 13525 13457 347 5255 5591 12224 573
772 410 8243 11283 5629 3213 10525 5411 7032 7475 4211 10551 1055 7581 276 9708 196 3087 8221 5502 7210 525 7046 13494 1247 9497 9985 6592 11030 8570 3338 5825 5887 11461 2727 13430 5577 952 9542 12686 1815 2369 7825 7778 8558 6769 1734 11782 8400 9571 5407 9090 156 13245 11642 8288 2473 8365 4775 6251 10232 4597 12782 7430 12889 10446 12927 9544 13811 413 3544 10717 11753 3506 179 12631 8721 5719 9165 9079 4385 1771 2172 1447 8731 2782 6078 5251 8714 6559 12541 9361 12122 6112 11149 12908 5171 1153 12725 4223 574 164 2157 7317 5901 13016 5538 859 14174 2351 760 5402 13047 12272 870 13073 7865 11412 5098 5816 14010 9431 875 13332 12140 13920 4133 10252 3637 13107 2985 8804 1133 11588 12564 11060 12949 5894 10855 9363 3462 12159 7492 1743 8625 10595 4319 820 14055 5873 1544 5267 6967 9219 730 8123 8135 4851 12562 11474 12335 503 12372 452 8359 10227 5553 9045 1911 4546 6425 4848 4661 3746 10685 9898 4033 8793 6404 2142 2238 752 7023 3070 2182 3560 11138 8138 7208 2601 2799 4948 5878 10343 17 5745 4282 620 4226 9373 12094
773 2756 8740 4064 7828 4960 6053 4600 9392 3952 3366 12442 241 1871 14000 9929 9806 6484 1988 8359 2700 1720 5317 7871 13497 4066 7344 9770 5479 11545 936 8350 3764 1260 11164 8393 13218 5942 2043 1498 1953 8846 9579 8562 5367 3077 6660 6629 6876 3720 7015 10403 11432 2830 2206 2360 2486 13912 650 308 9240 12534 6646 6129 12484 2398 1150 4452 4205 2438 7132 3800 11451 4761 13279 4568 3144 11633 5634 8164 1845 1143 5441 10121 12980 12761 4686 8222 8396 4586 5463 13090 3592 8662 12330 8194 11373 12708 9573 4507 5215 7448 3234 7264 6196 12931 7668 5687 8870 2655 4740 10377 9010 10703 1583 1083 4088 6828 613 3843 1455 10467 5866 10150 3372 4 9951 8732 4418 2774 5173 8391 9789 9376 10530 2931 10561 2041 3752 12072 10315 8602 9948 6616 3681 11167 7858 3031 6353 2276 195 8684 3069 356 10176 7169 7681 4307 9960 11513 5833 1742 9079 3287 6676 7020 6466 8105 13192 13202 4349 8317 1779 7555 12475 950 11259 4589 8254 2272 13103 4009 10754 8166 2961 11922 14152 10149 1024 11452 5577 13656 12927 8155 12651 9955 1902 9467 10628 6591 4796
774 407 6453 12308 10995 14021 6388 10620 12501 12262 6284 8375 10354 4059 13461 12215 9493 656 9500 3740 6935 8077 11238 11335 7611 6870 6901 725 12727 4623 8756 11572 7185 23 3286 11210 4342 2662 2600 12790 6478 12945 10158 7285 6631 10388 4991 9432 11296 8944 8463 8894 13530 6940 8891 8125 13052 5989 13735 13413 3921 1696 2767 2666 473 5803 11183 13068 13273 3918 6339 1321 5196 2965 7789 13769 3749 959 4828 1464 5204 7168 6085 9892 5041 2312 2567 2217 1279 12349 8139 11873 8648 8222 8685 7766 8261 4969 10676 13948 4169 5526 4333 3529 12408 1538 9220 6969 5089 328 10821 5598 915 9051 6806 12356 10890 11972 3656 10260 635 901 6217 3541 1088 2464 4083 8386 7227 6201 1774 4601 6884 7024 5636 540 11087 637 2418 2150 2986 7818 1654 13184 6218 3744 12292 11564 4190 4243 1133 7704 8439 2227 7786 11724 13258 6518 1445 10280 375 1966 9114 7803 13908 2547 8259 3357 2306 13414 13522 7686 3536 12321 4726 10693 4568 5536 9289 6192 8975 6912 10543 4579 5159 12140 7740 2085 9238 3004 6007 12131 2847 11903 4631 6244 8523 123 4165 13097 5519
775 2755 11567 14120 1001 10389 4844 6364 10875 7195 10636 939 4803 9377 10525 472 3257 9587 1082 10300 882 664 3095 4833 10827 6494 800 7659 4427 4198 4501 4690 8961 7051 2743 12089 2333 6136 745 13996 10080 12956 8930 2567 13216 7081 5937 12269 7967 6961 6214 7539 13848 9585 5274 8967 9002 8954 2184 6 4033 2655 11850 13695 5134 654 3721 924 9404 2883 13548 11715 13267 6795 4340 2357 13605 6901 376 1874 13165 1873 10955 2563 11232 2339 7405 11231 3530 13833 7015 2762 9746 12935 14035 2455 8738 11903 3976 14132 7407 13826 10456 13930 6805 10461 9597 5581 7394 10973 6792 3048 8184 7194 1778 12136 11950 7097 4567 1107 8653 9495 5764 2458 176 10874 1263 12664 2446 9695 4550 2009 6328 11126 694 3259 1 9602 8096 11327 7569 13656 5158 5217 1615 6466 10122 322 2167 7328 1835 1830 13101 9140 11731 9732 3787 13543 9865 2059 8937 2604 10470 3622 7461 3220 9887 14118 8455 10306 4236 5563 6875 12899 460 4931 3665 2986 1919 400 4408 11113 5500 13521 1732 952 10629 10173 3049 5653 12598 11975 11088 13378 5856 4405 2948 3370 1998 1817 11277
776 2885 9147 12924 12971 9138 10633 287 8795 5629 11951 11707 14002 10580 5489 3788 11726 9368 9616 4374 10970 10623 6440 5579 6681 10115 4213 11200 8840 11759 7826 11217 1141 1397 3217 11940 7491 13871 2558 4851 3759 8204 11376 9732 707 10046 8158 10471 1495 170 1756 2102 4830 9436 5066 10896 1884 5946 6771 7222 3968 10520 11348 5318 1288 5813 6849 10968 3378 535 1758 12999 11118 805 8574 7059 14138 12633 1430 6268 134 2027 10362 6853 67 9998 5416 11633 2308 3143 7070 7887 11503 12848 5890 9841 3072 9891 705 13294 7808 3497 1705 637 13711 2104 10649 11845 11637 517 6341 1230 711 11201 4471 37 11881 12241 2776 5458 10152 7569 6531 13094 8156 8834 10384 5148 8279 5041 10784 10561 6524 5243 13753 8603 4847 6071 5115 2633 639 3358 8199 1878 3251 700 4721 6278 2807 3883 8162 3981 4735 7865 10619 9273 12305 13058 9993 1723 6482 12698 1497 2766 3168 9088 12663 6321 832 5896 9489 44 5221 10116 2160 2231 11274 8749 5409 11413 12699 13597 2279 3870 345 5327 12068 8105 10173 9920 8161 9945 13204 11013 9279 3792 12540 2400 10319 8757 7692
777 1001 7221 9205 279 10381 13958 8530 2330 10816 13677 1576 12467 3946 371 10301 5235 859 8265 6072 7793 6284 3016 13796 12201 8156 2696 5581 1518 2207 13060 13982 1678 162 7964 7835 5298 5417 9713 6514 232 3304 2891 689 22 6266 13132 1466 7723 6710 12330 1840 8204 8943 2967 4313 5143 5546 13972 13191 5206 12370 10055 12168 11446 13833 10567 9860 11259 9952 6805 9563 7799 13729 1225 13416 8186 1809 13375 2408 6735 9229 409 8749 9480 13175 1404 14171 4138 8244 2789 11593 1827 8030 12522 4855 2537 3965 6738 392 12118 5080 135 310 10946 9919 13070 10174 4111 12253 6499 2523 6461 8790 2285 947 1969 9150 3158 9254 6222 12194 7353 7288 156 5075 5451 2316 7109 9785 559 195 4450 8791 8932 9482 78 9155 8299 7131 12244 275 6889 13433 6449 6899 11443 6 13799 5344 10062 3592 12785 10896 131 9967 13554 3072 10396 3302 1586 7829 7366 2378 7949 2042 12033 13499 2760 9003 1381 11020 4593 3279 7158 3600 8429 11642 1619 11859 4698 5710 2079 8779 9020 11974 13320 368 2607 1007 5145 13572 2681 4913 2461 9098 13933 13526 3571 10811 6938
778 967 3513 625 5018 14147 11368 13622 12494 1878 10268 2008 7685 5129 10605 2395 1945 5641 922 6350 5487 4280 13700 13980 5752 3237 769 139 7328 4027 9175 4811 12342 6920 3325 3002 5710 10070 14141 2115 5072 2664 2173 13443 5427 7161 4686 10951 8269 5956 5474 2177 6502 8037 552 1094 12276 5179 2651 10245 13272 3413 7152 9610 13001 6326 5723 9059 494 10323 558 4460 12258 4945 10049 8545 5661 2497 14065 4304 7074 927 7044 13435 14078 7936 10678 12448 9844 8594 10360 5079 9055 3817 1352 4563 5317 8384 8480 8922 3719 9962 13370 1685 1004 9094 12525 12783 5211 155 4218 12427 7843 7059 3559 1568 4037 7895 149 11621 10439 10225 6294 10509 3423 1085 13357 12721 5601 706 9693 11817 10671 4704 3437 7902 9614 4378 9573 2665 6983 13900 6721 4757 14148 11585 8752 7204 692 9759 8043 4841 11334 9206 7606 191 3577 11315 3530 10144 7115 12561 12312 6813 11859 10894 5250 11463 11672 1048 636 520 11575 6647 13214 4255 12382 4893 11286 9795 5938 7965 2136 12144 2129 2642 2347 2204 573 14176 2060 8445 4046 8374 9699 13617 8792 9597 94 1715 9489
779 7214 8113 3358 9774 13425 11527 6532 1415 13172 9332 11721 11363 4195 732 11539 1493 5973 10788 9600 2004 11672 8221 654 4397 7205 2780 5804 12727 10447 6492 1766 349 10891 918 2071 597 6166 2592 13066 132 8556 1517 12216 13441 5419 5433 5701 1093 1063 2550 7973 13430 9645 12630 10161 12383 7164 4262 7911 12214 1663 8716 4060 3173 10587 3272 1240 10103 9809 8353 4348 6865 796 5968 11128 12690 7933 6754 12824 8155 2412 295 207 8226 4812 8689 11886 3707 7374 12653 5545 14056 4609 3059 12558 11821 9591 1101 10436 2001 1740 7637 6813 9529 11748 12473 3160 13502 6060 10309 10119 9950 3933 351 5318 5769 5222 6312 13055 9311 4521 774 3052 7785 3122 4160 5830 1871 10531 3492 8553 12620 13668 8393 2766 8477 8610 12627 4929 10967 9231 11296 12700 1141 1114 11168 11909 7886 5484 5810 11706 4002 4910 7049 10348 2341 1032 13184 5965 2126 6333 3718 8112 6472 12973 473 7645 12043 3911 5344 1434 5135 11305 12885 5345 5004 3186 13869 12204 11135 556 2203 13891 10903 16 4444 12355 4933 4152 2606 6443 4633 12284 9215 11843 1911 11608 4304 4039 8148
780 4386 8373 12069 51 5056 6552 8979 12590 12967 5891 11642 874 11049 12367 8567 10118 4068 5491 11877 4224 10077 8488 6993 3700 6737 3763 2573 11755 649 4233 8135 2010 782 7239 5060 896 5968 13240 11286 3204 2528 238 3445 12316 7707 8529 12227 13873 1739 269 412 3393 13161 11016 5463 6835 10805 4371 13353 6065 3179 3721 5822 10499 6699 6798 5296 7386 5161 11046 8315 11879 6611 2923 8789 1509 1450 5935 10259 8370 12285 3509 3716 469 4116 9330 9867 2068 14141 6590 8312 7950 7624 12103 9003 1087 8255 709 4576 1511 122 2669 149 13946 1507 10138 13883 4491 12548 9844 13656 13532 5192 12653 16 12252 7082 5789 11578 7101 11651 10254 11938 969 8928 6493 5615 1393 1815 5939 1321 13552 5890 1666 11258 5710 2245 747 6110 670 5484 13896 7466 10604 13032 5490 12907 6578 1016 2059 4562 13263 6752 4989 5833 2159 8701 4958 10009 8468 5368 9972 13095 4737 11634 11002 569 11637 13313 2056 2855 595 11800 8019 13593 11776 9287 13654 2200 4472 1187 13508 4361 7370 1486 6566 3410 2661 12331 4654 11316 4601 2452 3981 7192 3116 12873 3141 1752 12247
781 13467 5094 982 3834 1949 12240 2861 3875 1067 8305 9200 11854 8451 13387 10215 10915 1088 7954 9374 1606 3633 6366 11375 2993 2390 7953 11596 1199 5295 3293 2679 5756 11896 11293 8341 1012 10472 12117 10131 6808 10723 11083 13195 844 8587 12083 2655 1513 8016 8050 7606 13821 8841 12323 12710 10984 8947 1866 4326 2709 9142 5246 8315 1972 6060 13166 8268 3372 7136 5952 7161 1409 9453 4922 7323 9902 9360 9090 3048 8935 9265 2616 10559 579 1323 5817 3060 9709 10580 13984 7914 11917 6392 3883 4765 2358 1960 7370 10141 12310 12484 7965 3193 10181 10098 4027 506 5640 7503 3428 4119 3503 3020 1170 7479 8604 8785 11753 8443 5253 7892 6827 4145 6990 2608 2450 6903 13978 3618 3564 468 12605 7313 4898 7975 992 1140 7921 370 9076 9048 12166 2699 6010 7758 12392 8872 12097 894 7745 1453 12906 161 14096 7999 3268 4031 9152 1877 13105 936 1059 10112 1113 7645 6986 3324 752 9488 11657 8620 372 11855 7782 2866 3736 11037 13212 12751 4045 7827 2536 1360 10030 3934 13985 4205 4481 14162 2284 8112 796 1053 7887 5397 7585 5188 2104 2929 5503
782 4441 7009 9100 4102 10275 100 12325 3253 6149 12022 11589 9646 841 4154 4876 5270 12073 7907 2863 793 2446 9993 11979 6910 9720 10481 6896 4065 2565 2053 3289 4601 3331 2240 10348 4163 3918 6124 1535 10960 7941 9718 10579 9369 13357 8517 10005 13730 5904 8733 9601 6040 1423 13573 4361 3456 11896 10986 86 6662 11186 6127 6917 3754 14162 5749 1851 5120 2204 9423 13326 3408 3844 6332 13044 6750 4873 7122 2030 9493 4475 12337 6670 2459 6090 908 2686 1390 3826 4437 2973 5478 11137 12418 5285 2762 620 1302 7739 1544 1860 10774 8559 6225 6053 8790 10502 9076 10441 1395 3768 3046 11433 10387 1855 4570 14141 10578 7114 3252 961 4307 6711 5547 10397 12435 1730 3914 920 5973 3990 4640 101 10447 2160 8006 6121 2335 10775 12426 7101 8873 10052 6402 1249 1063 3670 1862 9135 11159 10474 4629 10035 205 4956 10985 5816 12615 9338 500 6777 11030 9434 10 1788 12915 4616 7661 13008 13022 7066 1865 1391 4952 1959 9915 5398 188 5703 12641 1552 4816 1556 10367 5367 11520 7812 9095 10127 8730 4959 5187 1633 2083 1541 8558 6930 5599 5931 4000
783 7267 11260 10230 12585 7323 6178 10899 13517 7505 5223 629 9739 9864 4977 7188 7292 11063 9774 2385 5986 6595 6162 8761 7802 10940 3897 12290 6099 13777 3479 12570 8977 6146 5074 2442 13436 13400 4341 8558 5084 6789 9506 481 8372 2698 3015 1447 13518 832 408 4823 2762 3594 13795 3262 2793 13641 10684 11532 3887 1911 9503 10878 1877 7168 11014 10829 7316 3278 4047 12050 575 4638 9279 13891 12966 13379 8600 4587 7748 2764 12907 38 9791 8006 12612 5440 11267 12861 6509 11794 9308 280 14010 7427 11849 37 12377 7227 13351 1109 1131 9711 6992 7225 11119 7648 10917 13513 3702 9343 2620 5529 6096 12502 8063 1508 4970 3041 11791 718 11244 9771 1558 10867 7654 5720 4336 12526 9641 6094 7528 4585 11205 4532 916 7736 11136 10473 4816 426 4280 365 2970 5970 1982 7450 3618 3110 1105 2341 2824 6236 4889 6788 2264 980 12969 10123 1 795 1135 6058 10476 8670 4324 8154 1573 1943 3553 12727 8806 10067 6294 595 6449 13202 6709 8769 9416 11554 6970 3260 5064 12547 11250 1391 8016 10413 3919 5528 11834 1797 12406 10149 4162 9609 5789 3632 7251
784 684 914 7431 9503 11084 1742 12427 13050 7653 5823 11609 4345 1219 5962 5071 10224 9380 9765 1842 7573 5050 8639 5095 13713 2108 1814 4227 3284 10396 2909 7631 6853 9287 4893 3819 12916 5017 11591 13007 1085 9902 8442 8525 1057 5247 5240 6465 2942 13935 411 10876 2061 10131 1841 6186 4134 11096 6054 8700 6382 7990 5981 11593 13626 137 10828 3387 11286 1637 3020 8385 823 2472 12294 2671 10434 13091 4036 13625 1819 10689 7791 8367 2851 1720 2842 7449 9057 13307 3231 516 5851 5191 12922 75 4737 2092 6950 956 2406 1868 6596 10345 4269 7819 3002 10671 2335 209 3405 14208 4056 6984 810 11423 757 11481 13820 4273 1581 8733 7186 3713 8865 1779 5645 5149 10330 2717 3057 120 2678 13671 11184 96 10298 8983 5496 3138 6511 8674 2718 10275 5251 4686 9076 11897 3984 5448 1062 5956 4020 6852 13311 9047 6940 10873 11970 8046 10793 4432 6214 8480 12918 4595 9007 9657 13917 5332 3415 12149 6162 3344 3110 10608 3573 231 7690 10888 3309 7899 13192 1022 2505 2583 1995 11114 927 11294 7292 12462 12543 13330 2138 12355 11700 488 4359 2761 4982
785 1978 105 2388 4107 6708 9946 5384 9154 7056 5525 7888 13576 6310 1987 4699 8073 13400 8169 237 129 9621 2647 10566 2350 7324 1649 5506 12066 11151 2967 7132 6258 2561 6428 11433 14126 13877 5220 11908 858 12177 6442 4468 2957 7740 2283 8678 14033 1039 11385 1587 578 6621 9499 12217 7906 2090 170 677 3870 4343 862 10040 8620 13188 8821 3051 11539 1701 6405 10216 12959 13110 11745 8106 7083 1672 4078 10167 3604 9824 12506 10243 11516 13605 2837 12499 4314 5580 2422 10766 11629 7502 995 7844 8495 1580 2611 3450 11183 4397 1591 9212 4650 4336 7226 13246 6802 13245 10758 13681 583 6736 1431 12688 1924 8602 8037 5262 6843 13903 6693 1422 2047 14061 1477 1931 7009 13179 10856 4997 10352 12479 5770 14011 1892 6079 11750 867 544 11864 8236 10883 1633 558 7213 7999 10653 4541 1764 2826 3973 6583 13715 5321 10703 10333 12869 9425 2582 12554 5746 7725 8118 1575 5081 5688 3555 10882 8717 6633 8576 6617 2255 28 12987 14086 2483 6448 9716 1929 7702 8688 10813 10288 13055 3484 7122 7156 7245 5119 7067 6477 1713 14153 10483 762 13172 12854 6706
786 238 1346 351 4593 5457 422 120 11005 14199 14109 4554 11102 11400 1934 2554 2871 8663 10787 6956 12647 6362 12478 13951 14178 13395 4237 10972 11486 12514 12161 3371 7711 2276 4444 3765 9721 1150 13411 3582 10462 7403 1062 6035 11214 12210 9454 1021 12139 5381 7666 376 3473 10899 8609 7216 12999 3703 11266 9595 12562 4317 11225 10274 1742 9437 39 10759 1400 2713 13014 8245 8293 8339 13891 2130 833 2171 4720 12006 2752 10765 5981 9834 13851 5589 12584 4126 496 13408 12715 7078 1772 1601 12252 4746 11526 6727 14015 4754 1064 1647 4845 11926 1377 5501 8190 3655 10894 481 10020 8650 6752 3972 5773 391 8305 8168 5044 8090 262 2706 10200 5636 8734 11518 13981 11328 12398 2016 388 5330 1403 6663 13741 9387 8876 3413 2663 1072 5343 149 5236 8048 4147 4789 3519 540 10657 5055 10038 12708 10368 14170 4289 1114 11940 3627 4822 1202 12165 4806 5290 2920 682 10311 4256 386 3870 10011 4254 6853 6229 5372 6534 9723 7824 1136 5450 5765 188 3493 8549 4264 11034 12786 3115 8717 7412 6431 2071 4928 3581 9394 6930 9087 13995 4915 10965 11776 12945
787 5107 13086 6461 11469 1343 11040 12673 10269 1490 6719 7354 14090 10342 12354 6508 5338 2034 10883 4768 5462 14158 3892 10211 3706 10245 7615 714 236 13362 13573 2114 6676 4710 8307 6194 585 8911 6526 2714 12353 11768 1657 36 11781 6395 13764 10517 9666 13883 444 2638 13917 2866 1611 7367 11921 8022 2407 8666 7527 7357 332 3670 5443 3867 80 13295 1441 11548 2008 10636 4941 13548 10031 5502 494 13096 491 8079 4103 2306 12466 9544 538 10791 2489 1874 1417 10958 12079 1161 2850 10931 10422 212 1567 7115 8250 1962 7205 10215 11110 3398 14047 10727 8323 12147 1423 10855 11350 10078 7951 13889 1599 8044 2661 13871 2119 14018 1403 9032 1585 12410 4822 8272 6863 65 8686 11241 1244 308 7851 8298 7163 1793 4129 11716 3976 3685 1848 6429 7833 10822 7475 229 9535 576 10325 7922 8376 10720 11153 7232 9680 6432 12900 1269 5593 4207 8571 7389 3040 12748 11157 9815 3520 6543 5260 10028 5898 11234 9580 1946 12455 385 7178 2210 12655 12869 11770 3923 8151 8771 4426 12286 7791 5886 10375 13073 6665 6795 7508 12403 10842 5012 1105 6177 4860 11882 8619
788 3071 10817 10690 9365 3781 10709 7365 12895 4958 1898 1263 4142 6195 11942 2865 8057 7097 13234 809 1717 11354 1470 10196 9569 13416 4536 6255 1618 11992 4564 4812 14048 5522 5085 9838 7759 6055 10528 11929 4935 12656 2949 11784 2692 5622 4169 12609 10552 7000 819 7519 12871 189 156 5144 9599 10445 6054 5926 12886 6120 14101 13555 6614 6757 9989 1126 3273 3148 4558 12450 10188 2003 13497 2307 11019 8882 3485 2658 4049 5396 5551 5357 10351 10967 2236 10396 2714 6273 9578 9571 896 2582 10399 12802 8537 7526 8209 1876 3515 2793 3596 5023 6436 5941 307 3750 11825 10308 7905 8464 1295 2911 12043 7100 6324 10900 8055 11819 4868 13162 1937 5611 920 2956 14122 10793 2846 12336 11267 10365 10009 7304 10864 3482 6901 2460 6388 5616 3249 1055 12203 8626 13967 4058 5239 6837 7250 6871 9941 8706 8319 9692 5536 105 4360 8646 3581 6321 9357 4817 3634 4896 8637 955 3383 9306 14143 13992 4338 12394 10695 6350 1428 11426 9565 583 690 14163 13278 6196 10369 10262 13688 9310 116 3061 7611 3049 3774 3405 3874 10513 6081 4639 12694 6527 1240 9745 12261
789 194 13246 8404 12672 6251 83 5829 479 4563 3106 10860 11204 1129 13044 3034 13939 5125 10802 13707 6617 6518 12705 3409 3966 528 8284 553 370 13061 3306 7145 7237 10530 7589 2199 12126 8754 9867 13231 2686 1906 13885 13895 9487 10782 3990 2391 9237 9540 7101 9003 2896 2830 2660 12989 5994 1298 1412 12000 7563 7172 11147 6268 4492 10716 5582 14156 2379 3621 1983 11615 12711 11383 13542 11460 8893 829 7489 3484 4488 7629 3670 11030 2609 7900 4254 8113 8027 892 847 6502 2524 13965 5860 5655 6255 4134 9137 555 7649 4641 12144 9654 4369 8424 13904 10531 9262 7039 4508 11133 7693 485 9608 12830 524 4469 6387 5298 9805 1926 113 2832 27 9529 10056 7075 4389 2547 3016 2278 5753 9303 3673 3950 773 261 12545 9603 13035 13511 11227 12 13998 3696 11686 6844 10542 2728 4220 12159 8772 11425 5272 13417 5606 1645 4830 14132 1758 1501 6837 12138 4927 8942 5543 8770 1716 14113 4066 6546 12309 6447 1614 6359 8092 13878 3986 9121 12690 10992 8566 12529 12522 12726 13017 4127 14118 7944 10013 9514 11206 8412 535 9029 6565 13248 1249 1510 2192
790 7607 4569 4994 1308 1532 6570 10135 9062 2569 12280 2320 10239 4023 13583 11266 5503 1318 12568 2183 6959 3068 6919 11651 9315 8820 10405 7118 13284 9469 7905 8173 13303 1444 4113 7336 5444 10146 6949 5145 4196 509 10330 1104 4418 7442 7892 10894 8068 7699 5960 14189 8703 12352 1976 13514 376 4783 3208 704 2862 404 4872 3790 6072 4318 1291 4832 6365 13431 2007 4556 12820 6733 11085 8607 9141 8911 852 5117 7437 11354 11341 5613 10176 6660 740 1010 8865 8572 6073 8872 14107 5842 12501 11415 10278 10074 7792 9114 13657 4834 9687 3740 2373 3660 9360 8118 10470 5754 824 8664 2752 2519 1364 1005 5059 13200 2081 13977 8238 1039 2829 4631 8684 11685 380 11142 6273 4803 556 6531 7483 9627 10561 10666 4154 5983 11621 10846 6723 11584 350 12209 10323 8183 5057 9001 2723 10784 1762 13457 2194 1852 13052 7584 11995 7307 11656 2360 592 3486 11718 2994 14163 13287 5280 13062 7078 10711 9695 9588 7755 6107 8291 13874 6122 7619 9103 4493 8135 5877 4997 489 12444 7519 2383 13251 11241 5292 1643 13348 13104 13234 6576 800 11481 2117 12800 177 6327
791 706 2281 13293 3985 6680 7700 12011 5951 4454 2518 11876 13854 7633 12649 4208 8611 1011 3309 14023 10766 7195 4569 9140 12587 779 12233 10185 10364 926 6386 7267 13149 5974 13790 3797 308 13132 4519 8372 12729 9433 11549 1866 7894 5642 5620 3140 6534 3666 8412 10646 7505 9686 13403 14174 3332 13342 4644 12445 1235 10032 6069 11961 12526 3372 4726 5191 1570 3089 1960 5061 12803 2720 3350 2999 9521 9657 4353 8753 8077 12518 6852 12304 924 5859 8002 10860 8648 5203 13137 9532 4937 13087 11525 3921 13994 5725 9123 1919 7715 8142 2389 404 13434 2027 4116 12584 6504 3570 6012 10204 445 13229 9122 4243 4561 9436 6610 8891 1701 10131 11033 4951 9441 9133 13235 5086 13100 13089 3193 13456 1376 7003 11303 8903 3984 3324 11040 9362 3053 6679 10896 6372 4423 12551 2615 4045 12680 8368 7223 8786 7330 2085 12359 3120 8394 6736 3144 7216 4315 11760 2968 4081 8507 5371 6564 5442 11724 7500 3837 624 12357 5748 13541 2770 13060 2426 11056 875 5184 7493 5723 4068 7586 5952 11032 14213 149 7611 7395 10274 9613 12238 9008 8960 7483 3201 13187 2009 3602
792 2739 5637 7881 8322 5931 7706 5884 13416 2695 3125 6511 5680 5313 4593 1941 4639 13399 5129 3963 9664 11200 6521 11645 361 13029 1646 13356 7720 5184 14108 2667 9505 8664 6546 6343 7997 8470 5943 3298 6698 2065 4258 9443 4429 12252 5563 698 13542 7046 3080 2122 12152 3462 7690 13907 3342 9159 4085 836 8647 5611 2110 4767 10632 4946 3324 7033 10278 9393 6756 13408 7747 4061 6996 5261 13296 11640 5663 10446 12016 6491 4012 2591 6153 13262 5297 2797 8246 6860 10488 7835 2388 13827 1683 6184 6930 4395 11666 7558 13164 12865 6679 7915 6838 5965 11546 8802 10774 8214 6158 14165 3412 6681 5799 1092 6022 429 10543 1580 4119 4294 4949 956 11442 6194 13177 731 11142 2420 11141 2510 1897 12828 2840 5649 11857 10913 913 1828 11758 11538 8630 4431 4374 3310 311 10096 9608 9220 12769 3175 2931 11063 11739 12105 10682 6795 3166 10625 4760 10438 10981 9323 1993 2261 8155 12596 13475 13306 545 12505 5433 8216 4214 1016 2207 1726 4692 12556 7831 10043 2924 7769 4161 131 8094 8503 4207 13036 10041 8285 508 5360 12341 6951 3065 5286 180 7416 11732
793 2089 3434 4030 5453 13181 562 10613 1082 977 6795 1309 12368 868 1025 10737 461 2832 8490 6669 1413 11044 339 1278 2781 4541 5354 11762 13828 8920 1632 12563 6727 10610 10459 13970 6050 2804 7998 10138 10215 9101 9721 618 1314 12346 13281 8973 4730 1128 7242 11630 8439 4206 1876 5465 5529 3066 8419 5575 10243 5011 6383 6945 13852 11468 13387 2318 14055 5433 8288 2502 4458 1453 3821 7108 13239 1137 12658 2394 6550 2292 1539 13126 8671 2247 3817 12132 7460 4007 13925 13159 7111 10514 9037 10724 4998 11093 734 11585 13809 11570 12645 6585 6935 256 4152 1160 56 874 11397 9145 11059 9205 1204 9434 2230 3164 10527 11607 12671 11584 1399 8176 9673 12182 7737 6454 10212 13808 12795 6339 7429 270 7728 9209 9754 7918 1015 6670 9851 11360 4760 2513 13140 11199 10159 5266 11612 4940 11450 12776 769 3795 6497 10730 9061 9335 7890 12930 13712 12101 12026 13607 6682 10563 3085 11206 8930 4617 5307 1817 5668 6081 365 2422 13033 5072 9963 13511 11922 11542 4311 842 7090 12961 7708 7124 9349 13015 13386 3568 5670 2880 14167 12263 5458 8497 12660 11097 10291
794 3966 7127 390 9122 4373 3723 12094 6740 2418 8825 7039 13795 2639 12373 410 13123 12687 7699 11890 3806 10526 12160 11359 535 2022 8206 12838 1747 5255 2496 2034 13447 7472 4036 8635 12480 5284 500 76 1131 1256 1686 5457 10270 9059 5519 12500 10904 11981 4423 12723 5861 3977 412 10140 4520 13367 3157 13059 4527 13222 10803 10636 476 4153 10287 14014 7447 13382 13317 7411 10098 2086 12265 8389 13158 7822 8301 2761 3923 2834 4738 4923 13393 11033 8114 13461 6110 7461 4210 11554 3797 13985 7166 12349 813 11202 9152 13619 12404 9202 7237 12484 10046 9480 11534 11172 13962 7259 3229 11865 13768 1351 2594 6337 6082 1806 8124 11324 10151 9355 4023 6383 6122 1530 9018 5577 217 1005 1057 1117 14117 8131 650 11511 463 6690 8147 5299 10314 12132 4774 7548 2317 12562 14043 4496 7690 11451 2916 2403 2068 2838 1899 744 2667 3764 1564 4222 8135 9508 5642 2666 2353 13337 5328 4447 4759 2917 4559 4612 3734 10521 4106 6562 4550 1399 10372 10971 9693 9479 5797 11169 2808 1014 9662 8474 1508 5628 14177 13631 6028 12385 7655 5755 7965 3904 11361 2350 12073
795 1487 11612 7518 4851 11720 7431 13045 3980 5612 9252 2225 10281 1129 13812 10313 11739 12651 2779 8278 6436 6376 9974 1002 2636 7106 6467 13155 5245 12848 7714 4479 8482 12329 2196 10170 9531 13421 12003 8821 5092 10454 3544 14180 9180 5342 6902 8093 343 2190 32 6515 3866 9424 5489 8220 9786 5977 8894 7772 9827 3683 9706 10463 8380 9058 1835 2251 7791 3221 13910 11904 4821 5054 12267 2242 4004 4570 3071 328 3470 4167 10866 1211 5082 1546 7793 33 8765 6036 7985 5656 2512 10121 1457 5359 13527 9443 2628 8893 7022 9872 4709 10223 2549 13255 8318 1574 5455 1340 3773 843 1677 9878 6461 14009 5243 7580 13994 6142 175 3123 6821 11271 13369 3900 10701 6203 7063 11520 10444 4951 6389 11126 13705 9134 8749 11426 7911 6035 37 4266 7480 11751 3674 1955 6485 5269 3908 12042 12422 4770 5125 6304 11401 6756 9355 7669 10846 13532 14202 2708 10025 1828 6759 998 3264 5093 7921 7613 4104 12101 11946 5668 10881 11179 673 11432 3196 723 6885 13991 554 5658 8474 9740 2560 5024 3778 4350 3157 7760 6792 10596 6289 2138 7476 9115 10207 14087 10827
796 6274 3220 9660 11021 3443 11727 4567 6038 222 2660 2249 9520 5247 3585 11936 9979 7971 13429 7980 9273 3264 333 4763 9454 5595 11628 4290 10818 2744 13759 10568 5495 5264 12980 11614 12751 1356 6723 2809 14155 13245 11163 7633 4446 4660 13132 1685 6954 8184 7077 1147 11686 10198 9328 9137 6966 10487 5176 4809 9007 2607 3261 9396 1238 13802 6534 3050 758 12540 13381 7643 706 9147 6995 196 1282 13275 9559 9983 11740 256 3302 11248 5333 3765 4002 8282 5153 12267 3505 1991 4003 6928 5894 7988 7171 9348 6953 11783 6362 697 2034 8415 5015 4564 10996 2683 7446 2894 6973 2378 12650 10092 11863 10229 2611 544 4893 11529 7927 13571 4967 8093 11659 3728 2586 2154 3517 4883 1476 10110 11493 5759 10521 3161 4036 4247 12105 6559 12898 1500 2618 8571 2680 13941 4461 12363 12440 11724 160 3570 3268 11336 5847 5825 11572 5262 7909 9692 3458 6365 2545 5569 2575 2022 8798 3520 10988 13862 13635 8768 4186 11792 10175 6061 2234 2790 6029 11186 10438 405 9711 13955 2661 10038 8725 83 3248 4117 13552 4773 2405 1084 9526 2296 5640 11309 4440 13598 13543
797 4112 13228 5050 7880 352 12487 6298 13758 10810 13368 13325 9125 8607 173 7018 7631 152 9459 3361 6477 299 2479 3868 11243 7772 8418 6485 14026 3548 841 6803 2552 4854 13074 14193 11354 2779 12921 12111 9015 3556 2407 11183 3034 12879 8291 5530 4853 8273 6317 10971 5321 12778 8759 7803 10757 5913 5681 6104 8638 6378 11439 3855 9585 2081 7305 12261 4442 12914 12507 7837 4816 2009 9097 108 9720 7187 3091 3190 6315 1441 548 5021 5909 13829 9854 9476 4892 4294 7264 2874 3454 11173 1863 10759 7389 5786 12533 8501 11393 11068 2615 8998 6899 7476 7994 8513 5036 11735 4973 1611 10368 12739 8018 12112 8365 5891 5300 12375 11459 13021 7216 8820 2461 3296 4502 9073 1838 1150 2604 11952 3922 11547 8083 9977 647 4076 3286 5354 4182 2692 13672 281 10787 9532 11692 4332 7326 4640 10749 5401 13854 13922 4470 3408 3320 11227 6146 8398 9469 11142 2419 2813 1127 1624 421 10878 4338 8595 11314 11526 11675 10636 2996 5380 993 1363 10823 5874 430 2980 1589 5077 12708 542 4095 10771 5061 10539 12634 6370 11137 9814 7325 10616 6409 10941 503 7186 5831
798 5151 1150 7200 7908 6634 3808 7089 2402 12439 639 283 612 7286 8018 3780 4298 12116 1915 2190 13386 1744 3626 13476 12533 2488 11338 6038 8673 853 10367 13041 2636 9005 527 1308 6112 7864 7371 5316 13848 7881 11683 11740 9894 7654 4881 13493 8349 13894 4513 3580 8256 2400 9088 13276 11297 888 8289 10163 7061 8290 13291 13667 6375 13845 9228 2976 6283 8541 7748 428 2612 9259 7194 1875 7808 2305 306 2582 5193 7739 12250 166 9829 2788 2658 13616 13724 9901 3153 7590 2593 5319 10545 12608 4683 6721 11469 3806 1132 3017 7833 6466 12124 1293 13720 5303 1045 653 934 3262 10361 5379 4435 4310 7727 2689 6401 363 251 1503 9924 7879 2326 4045 12936 25 12521 13696 6877 10379 4487 13021 2500 14216 6220 521 5177 959 8654 3013 3740 2604 3103 13531 11769 9662 13453 9676 13159 748 10459 499 4110 12946 3052 7370 13735 7203 9141 8755 7494 10012 12550 835 2029 8649 7835 4526 12444 10402 12552 1010 2289 10408 721 5714 12506 48 3091 6329 3313 971 12949 9327 5667 12651 117 652 542 8550 7550 10517 4624 3234 6546 10148 6141 7118 12869
799 6962 1075 10266 8154 8375 8081 5742 6614 5945 7325 4057 4459 4451 12125 14047 485 9990 9569 1890 13375 9652 12515 12806 1062 4983 625 6521 534 7668 5985 6177 3925 6561 7689 1169 1174 10442 1757 10499 4924 3401 6184 439 5368 9432 9838 9970 8544 6955 12026 4960 7534 13634 773 1352 4265 11762 13384 3087 13903 7576 5272 10084 9402 3039 5003 13341 4003 4422 3954 6285 2292 12677 701 6864 11957 5936 9933 9299 3938 6596 12119 7445 8796 12560 8169 5696 733 14215 12040 2553 10637 4101 3478 10029 10209 4622 1676 8099 5283 4551 2895 12795 1228 10210 4982 8480 4561 1365 7774 11944 11952 7026 721 12502 1499 11434 6605 10223 4128 13815 9155 8997 12828 10930 7882 8225 11054 13463 8109 11886 6424 11556 10984 261 1983 9033 731 7777 7998 5775 5561 11780 10517 12260 6345 6902 5509 14088 7554 4245 6190 12836 2066 12221 2340 11043 13898 6350 3799 14099 8187 4372 2964 11090 4755 2114 506 12109 13101 4742 12217 7813 14172 13035 3112 2969 909 9436 900 7615 520 10717 3922 6195 2341 10329 12208 7206 2568 5392 4278 258 11039 6735 318 7066 1986 5557 9490
800 3685 3212 7256 3593 6106 3961 6397 6263 1168 2331 8329 14204 2798 12131 10683 4241 6335 6079 5933 11868 10053 12510 11370 10186 5950 6366 4240 9174 3962 13794 10783 7066 12893 11893 11976 13561 11532 3238 3029 5664 9070 4129 8789 10282 9942 4824 5444 11607 7414 5885 291 8172 9703 648 9071 9182 13038 1852 8122 3200 5222 827 8112 923 11346 14001 10388 5674 121 9751 13120 7771 14083 11204 652 4679 5165 1073 826 2570 4706 9871 11369 837 5436 10064 8808 12336 7914 10615 10492 6586 9580 7184 5107 6613 11110 7436 7321 9233 12660 11683 4314 3205 11124 3602 5002 6429 8445 2625 12758 6819 1804 5531 9815 7499 12576 12667 2787 5213 10010 9983 2164 749 8337 11948 6751 6637 879 12832 5808 2489 556 7291 9270 1437 83 700 5378 3689 4700 6488 5535 1845 108 10144 8057 1355 11909 10837 2950 12348 6077 89 12071 3902 3007 6465 329 2618 3571 5592 6242 3767 6161 12948 94 11867 11635 2974 13785 3256 423 2049 2875 2523 10702 4424 5633 1590 9556 1408 5824 11396 3502 2675 7603 160 9299 560 6657 6299 10284 6746 12194 2698 2936 5316 10362 7554
801 1335 2212 3429 298 7328 2247 10812 13751 13799 2105 3386 8382 8028 10488 619 13473 4267 8184 3999 5236 12718 12872 7907 2518 2693 9490 10674 1660 2659 8898 5940 8497 13125 6643 445 13258 1084 7677 8752 382 10562 13212 7214 6983 1007 417 7698 14053 10717 994 2460 13832 3456 3657 442 6913 667 7944 7706 4086 13768 13121 4555 1671 5072 5613 11212 6954 8074 4275 3918 7709 7995 13372 917 1698 7693 7553 1271 5581 9638 1486 7703 701 2687 10706 7034 8292 11775 13326 13787 4065 3134 1530 842 6864 8394 13993 428 10532 3620 7966 4590 6069 4823 9751 8823 10358 6756 13746 3523 9026 11110 1568 1400 8082 11914 13505 4195 10910 6054 3454 3158 3814 8342 2082 3378 6726 3914 4676 13397 218 10942 2385 14186 3027 14188 7380 12876 5482 2826 1824 5875 10697 8652 9839 13499 12134 1226 11479 6056 8464 9373 7099 11285 2563 7253 11179 11495 12557 2860 4907 1787 201 7343 11278 12152 13238 7889 12648 6271 11720 3152 13036 7064 8711 313 5990 8563 4825 13849 4856 9859 7088 5666 8641 11592 8121 8789 288 11893 13821 5162 5832 6384 2017 5433 11226 6213 1519
802 10395 14171 11006 371 2399 2384 10249 7586 7008 13476 8580 8848 12551 6516 8284 5500 8254 5102 5369 11659 13725 12250 13691 11138 9443 13431 67 8553 12653 1716 10572 11142 5583 6162 6594 9518 13306 804 2859 12175 13667 11192 10466 4651 8388 13285 2 9832 5817 5361 9250 1656 5133 6601 12876 23 2594 14094 13088 11399 3653 6761 12736 6977 12003 10372 11393 9970 13696 4047 3137 9473 4329 2323 13584 2653 10013 10370 11388 13012 5179 8360 8757 2953 278 1047 4836 9236 9096 5001 12212 11799 5030 10810 10394 13240 7648 5169 13538 11411 2465 10502 364 10718 169 8383 11082 6359 2545 651 9182 8183 3590 11559 11004 2211 7673 360 2920 12268 9660 3909 5403 13178 83 9126 1524 7909 12143 5485 9255 13585 768 10381 12503 6185 1792 4960 7860 3089 11605 7687 5952 7344 6290 8272 2109 3646 3582 13977 9591 9869 13013 10542 6636 1267 649 4296 13892 11165 11667 10857 1028 7235 5063 7219 11064 7918 7614 4050 4116 11158 7630 4132 147 13816 11097 7184 2858 2388 9727 134 1624 5294 13192 3386 6062 2723 14048 1921 1872 339 12652 12988 13278 3131 4145 6021 11689 8753
803 466 8802 1463 14157 6194 3542 4658 10535 7370 1329 11798 3471 7785 12342 4735 12742 4702 4955 8590 10237 206 12687 7381 6753 13421 4738 7165 12127 10057 1036 9918 9062 7040 13360 5002 6646 539 13233 9244 3490 10930 4812 11766 11960 3144 3616 2045 3220 10435 1338 2464 9345 5276 5490 2745 12251 8817 401 14120 2343 3764 2418 9886 4576 3315 9310 8019 10819 6923 4182 2425 13666 11799 9454 10091 161 6206 1852 2764 2241 1935 2903 8750 7068 13459 12586 12517 5034 12945 7893 11259 5257 547 4696 8501 9099 6561 13144 5414 3189 1063 7861 118 14126 5036 1130 5500 291 3775 9124 10174 549 7771 5535 7104 12164 2351 8923 7118 13142 11364 9184 11660 2095 7580 10814 7136 12098 10283 1987 11897 8085 13793 6637 4867 3486 11267 6563 7658 3452 10739 171 12594 13385 2787 3604 10182 10195 1979 2246 8419 3894 12492 4432 2901 61 12501 7299 4252 478 1820 1144 5331 7837 9438 2148 3096 1790 5268 6095 12216 5851 3457 7013 6513 8174 6848 9340 10046 13304 14045 11024 7217 1553 6103 12297 8345 5741 7242 8140 9993 2642 11095 6980 11027 6717 230 12773 10574 6117
804 764 4156 5870 6750 10816 10090 6700 1822 2540 8070 4327 13668 7144 4496 5672 7576 2272 4787 11191 12613 14068 5986 14181 5503 7410 4810 12912 6545 1200 12389 3957 6336 14026 11889 2508 12355 11603 10856 1971 5219 3419 3381 3385 8345 12956 12524 9974 1015 6558 11836 6532 10289 12958 727 13835 1790 7276 7466 10542 8830 13493 13941 12369 1383 13421 7487 7139 6507 12345 4540 4778 7760 3728 5247 8926 11031 10614 8252 13774 8176 5828 1905 47 1401 12768 5704 7109 409 11745 2013 13472 2525 12997 1450 10897 7646 9833 1087 11010 9041 11697 3286 3569 3449 6763 5717 12182 8397 7644 4794 3374 6706 4577 7325 11014 8784 11910 7879 12069 11702 8788 13129 12478 13500 1137 2963 3469 9450 12266 11134 7828 3148 5671 12495 6032 2502 1839 4823 6291 2725 5749 11369 13958 10009 12359 2808 8445 6887 9720 2106 5479 7945 213 10826 4501 11949 3628 9869 12894 5131 4749 7992 5201 3294 9040 661 14104 7113 667 1057 4494 5795 4638 2709 20 4670 11727 742 13802 2552 7244 6070 13161 6214 10997 7973 13997 7649 1586 10448 3691 7201 13746 3564 12132 4588 144 373 265 5246
805 9461 9332 5044 13432 671 1926 2713 8835 4588 2337 6565 9164 9986 571 6351 7789 3223 2486 8151 13997 11827 6266 12170 10061 3246 5617 4078 1033 366 14067 9809 4792 1632 12258 5964 8664 7232 8340 11995 6434 1568 12031 13564 1426 11090 10915 4090 1674 8025 10834 12400 12709 5012 5492 3465 5748 5020 9045 2677 12074 371 879 7997 2344 12201 5800 14157 783 1599 2368 86 13501 1120 3932 1276 7726 5017 494 6068 12143 13008 10654 7581 2685 10090 10024 3396 13169 12869 13319 9391 1646 7971 3674 12853 4869 5476 3131 7915 7869 13556 11454 6245 9480 3708 6658 3098 7024 13428 12337 13538 4153 9651 4420 11160 9918 569 3427 10571 8604 11151 5330 3414 10079 10969 6831 4267 8868 5107 1118 13205 13592 10547 7576 8858 1299 7381 1798 8602 11387 2440 6026 13049 8654 3089 2604 12134 3119 7060 2234 1779 987 11124 13005 7517 3473 11254 12568 4534 11915 5431 9256 7395 13167 6958 7336 1130 13544 8500 2826 7923 13961 2894 3204 2898 11479 12524 12199 7279 1983 9079 1188 804 7226 9373 9280 4275 13020 11460 6135 8557 4741 991 4813 10974 1024 7543 7922 1003 116
806 7718 10203 5383 11137 9873 2802 5851 602 1215 6711 5716 12882 8249 9027 7339 5372 13942 13964 3277 8440 4667 1890 9035 11083 10026 12257 4753 12993 52 10452 141 9990 5453 1218 6170 10158 3217 3148 2394 1675 1960 4059 1566 3779 7316 7809 13034 886 10345 8786 12338 13203 3043 1548 14173 10090 11708 5085 8483 7295 12889 6803 10432 12266 10949 5979 5878 8207 9209 2298 111 3804 367 9280 12545 6944 2389 10271 13931 13625 9244 3822 10742 6152 5980 14208 91 11488 147 4481 11094 3360 1261 13077 10663 4796 11667 2006 2432 13147 8058 11727 5842 782 13085 8828 7854 6727 1608 6921 3063 249 10985 4417 4676 6931 3127 8749 9839 7278 9705 410 837 9735 3878 12939 3224 13731 6181 2278 11278 5354 9447 5973 1952 13070 562 12106 10208 2530 10621 11918 7884 12478 10878 10070 2309 6691 7775 1636 919 13913 4460 5593 13890 4363 10711 5455 1578 13052 7915 11539 388 4734 5568 2700 8407 2179 2852 6625 5724 10166 6537 9463 868 13001 13642 3743 7671 9792 12530 12201 7058 10461 13241 9628 3265 10405 5401 9967 7527 1988 590 6760 336 4503 11449 455 10435 8470
807 3208 4961 4875 3356 3997 13080 14204 10242 1064 11090 10994 4610 13927 3662 1561 11333 4593 2255 3329 469 7729 8887 3198 9864 9754 1498 3485 12314 12095 12966 3963 8292 11737 975 1046 2909 5610 3622 8631 6288 1068 5736 10886 7091 8263 8486 13473 13493 13301 10002 10415 7424 2232 5127 5556 11540 6451 236 2490 3821 13634 3072 5487 11510 10734 9717 9838 9441 4794 3590 7107 6627 10086 3297 11235 351 913 10165 2304 7029 9267 372 8249 7309 4065 11753 1884 11370 3621 12629 8184 3890 10158 4083 4603 265 2116 12634 4695 10085 1570 4285 2877 3054 778 4932 11982 2161 9823 683 7719 12411 8329 4588 5009 4096 1563 2712 7296 12099 13046 5582 10516 6772 377 3320 2129 13367 9036 10833 1444 13149 4004 3503 811 7019 13660 4340 3882 5923 10018 4291 11757 5030 5184 2164 14174 6516 10082 3735 13210 2174 6494 2095 8833 7627 8727 1439 6520 7121 9025 2688 288 1689 3295 6163 4525 263 5346 9648 12595 11842 12277 12572 5442 1596 160 779 11759 5024 2988 9572 4246 7648 13117 4473 3478 3440 12093 4117 6606 5541 6708 4936 3436 12407 8564 8595 8233 5458
808 13423 2024 4227 9183 2703 4523 13569 4430 2808 14059 1184 7073 10523 12352 10268 3990 6032 2506 2103 7877 12721 7838 13349 7780 1778 5895 5069 10106 6839 3855 9270 6695 7425 13734 13292 10452 4042 7918 7995 8373 282 7423 10617 3239 5063 7255 13721 7589 6372 6551 9512 4279 4201 6584 8784 13634 1636 4374 10080 10225 6718 2009 10692 6187 4303 12377 8124 5888 9400 2061 13043 9549 12296 11184 6379 5474 9463 13350 10323 6048 5275 13532 4199 6899 4568 3743 1655 9203 10159 5098 12890 6248 2006 5344 3445 12129 8947 2172 104 1855 12953 12250 10907 5635 12798 10835 6952 12510 9168 8978 7427 7674 49 763 11732 2719 3013 13833 8603 2939 12219 7641 1192 3300 2862 13531 3438 12723 3926 4408 5498 4332 3488 13986 7535 1205 6300 10 4620 10094 1057 1739 8897 11586 2647 12599 11772 3256 942 4316 14200 9865 6402 2460 1253 5173 12878 8126 12997 10276 14153 12174 12446 10772 7447 3367 7658 4079 10084 12756 35 11269 7779 9176 895 13556 5542 12960 4865 10952 5 2843 10352 14202 12550 8864 4809 4144 12490 1950 2160 5586 11032 10846 2445 2735 6556 5831 12213 10281
809 2914 12159 14040 3616 2168 2703 2954 12206 12250 10429 2435 11121 4338 913 9209 8999 4008 10100 194 513 183 2552 233 7511 10424 10440 11572 12491 13809 3384 3036 1772 3121 5757 13966 5850 4007 12187 3754 11596 6217 13266 2127 4244 5533 694 3063 13450 6023 12904 14046 679 4132 12009 2066 4026 14074 10953 2502 4171 2847 7798 5214 667 497 1724 2999 2518 1164 4220 2927 13565 1304 13562 7345 1616 12160 4513 4076 13778 4780 5020 7621 5499 10047 11213 7382 11858 5082 4416 11614 5054 2499 668 10817 13514 5794 2204 268 13735 1332 1278 11367 9038 8897 662 11593 10411 5489 5189 2396 5206 9918 1964 9436 8011 50 3560 6092 4645 1828 9385 6849 10242 11459 608 6966 11455 6314 11831 3905 5638 10566 9047 10571 3873 2794 13949 8696 753 3675 6208 527 11534 2452 5684 6802 8111 9661 9147 13742 11131 521 1492 6138 13972 6698 13656 3090 9812 8359 1680 6748 7832 483 10821 206 10263 659 236 5325 2568 5634 6041 10270 10747 640 2687 12803 11310 10519 5278 4086 12629 5771 9530 11946 1192 11247 2139 1885 11863 6824 5840 4649 13214 2571 13891 14200 291
810 6546 4917 13450 1328 6 5044 13149 11957 7025 3658 10508 11837 4748 12860 1168 7455 10239 5226 435 1150 1184 9794 33 12932 12533 3087 8705 836 12873 12271 657 1758 4978 2964 7796 8462 739 1103 8914 833 14097 2824 10810 945 5831 6375 11017 7739 11534 7305 12522 5287 793 4670 5743 9968 7050 1724 9426 8235 6887 4857 6868 8770 2738 5196 9182 1532 10706 4088 4515 6044 13984 8345 8790 1882 11703 12440 6490 599 885 3263 1702 6347 3808 6285 1083 8495 756 1046 281 11864 2106 467 1247 3672 8098 4654 9498 9242 12184 43 2914 6194 13157 11283 6526 6843 1059 10027 3208 10806 4103 514 7388 6091 11163 11658 6863 11388 1238 3147 8444 4525 8793 210 12872 4737 11322 6522 8030 3707 1581 156 10721 2759 12958 7077 380 14070 3514 463 11496 12551 8338 10626 10961 6606 1982 2752 2558 6313 14039 4212 1126 3281 10419 2761 9288 7510 1418 12974 654 7203 5371 14006 93 6612 6472 9719 11541 7621 6947 12659 13663 11820 12316 12596 454 533 7748 6461 3797 2342 11937 8121 3227 10945 69 13926 9082 10717 6746 9779 5237 1054 9344 13285 14206 7292
811 4063 10919 4451 5334 11131 3558 7839 7164 11371 2786 11017 9308 13161 4214 3605 2160 3783 11935 2161 13133 2025 1176 6317 4741 2179 6602 5371 7761 13187 9638 2680 4139 8072 8240 11647 8327 13194 13504 2463 13694 7983 11959 2137 6412 2461 7111 3458 13026 11232 10861 5412 10334 10145 9038 13316 750 7244 6440 2776 84 5970 7813 137 12578 981 4549 496 9724 11384 10932 7995 13247 4790 8958 6200 8218 11541 7118 6310 1707 543 6296 13097 4274 3041 2370 1630 4415 4098 7599 9521 11893 3802 5284 7674 3730 8770 7875 1351 8548 13250 7668 1602 9544 6210 1438 13234 8464 7941 9660 1903 2610 2226 5289 6975 3042 9475 4682 3875 191 10285 6019 5215 9948 6151 11190 6658 1952 372 12753 14032 11807 8894 5990 13151 8848 7710 6182 3059 2813 12471 4086 13324 12261 347 9798 3382 159 3517 520 1582 6978 7992 11160 11545 3436 12144 8923 1344 1991 1579 6786 5779 6121 13762 10413 339 6956 8473 5111 3055 5927 2645 4266 2878 2840 8937 4781 9917 13019 5878 9732 4495 440 13825 10400 3787 5708 1529 8944 9623 11245 2804 6273 13356 11626 7737 2164 1693 4979
812 432 5440 8680 2987 3011 10755 2534 8928 9604 564 7868 12618 373 13494 618 6336 14099 8903 12168 8557 12577 10317 5818 1685 7260 2455 12088 1597 11511 4422 10678 14198 1410 5935 3126 11431 8936 13042 61 12813 1275 9626 9209 8453 12048 3102 13483 6047 2648 7841 8130 11403 10601 3742 13166 6165 898 10938 5394 13722 2869 8646 6006 13658 11938 10746 8266 1636 12676 11819 14131 4417 5939 3648 9339 4021 1418 10352 2463 3477 6113 9063 10714 4546 5014 5883 1874 1006 9586 13846 12773 13194 6698 8938 9777 2126 9755 7811 3853 13171 1767 13869 5117 8388 8632 14213 8410 9862 2767 9682 5635 1780 9994 9580 3184 7898 3788 9229 3269 12670 12325 12385 8326 2312 13826 11703 6722 13086 11367 2988 10959 7236 1303 6896 10093 10536 10552 4905 4174 5384 4405 13347 1748 1317 747 5643 5375 11741 7484 2177 11104 13708 11085 12718 2510 12863 6509 4997 10364 5455 12819 12322 6302 2509 2933 9642 2234 1041 13375 1741 5471 8022 6102 8330 9161 2531 7122 8752 1003 4597 4624 3602 7269 2809 4218 1865 10148 6684 5068 1403 7997 13265 2596 10432 5956 2535 10019 2076 7753 6322
813 411 5253 1439 2971 5559 13507 1061 12486 5691 7994 6413 11980 2573 290 3951 7168 10855 227 2370 9741 1654 626 6510 12734 2284 12004 3426 1070 12737 4722 8723 179 9445 4343 13904 8201 12478 9571 12181 8238 397 7409 151 13710 10956 12184 4760 6869 576 7476 2808 7247 10874 5756 12463 3691 3387 10860 10269 12136 13718 20 13381 1652 8410 421 2993 14085 6399 11391 5826 9876 12104 11280 6522 8605 2840 6103 8211 12699 12082 8265 13512 2581 11088 11226 3734 11127 10393 1246 11585 2738 8801 12620 11089 11978 8663 11248 6239 7944 4439 6795 4898 10559 187 6225 809 11404 4219 8339 2895 10933 6667 7422 7551 3237 10939 8092 4040 4765 1186 8811 13949 10329 5017 8041 4085 5185 12770 822 4778 1852 9373 9019 6307 10756 5737 7410 11409 11877 13651 8626 6222 13326 3928 3939 712 5815 9360 12589 2495 4018 14087 1507 11788 4261 12963 9475 10618 1883 7283 10414 7227 1598 9143 11267 8840 7261 11987 1084 11996 11431 10489 12129 3353 8805 1140 7634 8152 3408 10490 6608 13019 9035 7482 9692 4131 4125 4301 335 2657 11458 8063 5560 11057 5440 6310 12507 5117 5034
814 4934 13134 13109 7511 11286 2806 10002 971 830 4890 10731 12573 5516 13378 9345 2112 2115 3434 8534 1221 8406 10441 5090 5749 8623 9061 7499 10095 12818 1396 9996 4787 4312 4699 4181 2291 11062 9080 7310 104 9249 926 11191 10906 8053 4598 7500 10861 12616 614 1394 12517 6545 5575 4855 10347 13237 9356 5229 10290 10950 6536 12288 13158 12714 838 4441 5086 1099 9081 12953 12114 12007 11641 6306 3303 4079 9190 12937 11284 5658 862 7430 539 5701 9933 13697 9830 420 264 6238 6803 8792 12135 2428 8006 8445 7002 9386 1668 10871 9255 1113 8658 5416 1980 1236 2429 4729 10028 10085 88 2461 12138 10937 3208 13063 4493 7770 1987 12493 8232 13534 5249 5258 1672 9042 4848 4782 9557 2850 5651 8218 11766 6894 8106 5404 8555 5040 400 8103 6900 2069 3554 12982 7515 9329 14066 2324 13338 4415 5555 115 11866 4819 12439 236 10276 6702 11180 8434 9404 11486 7138 5466 4492 5959 13795 7551 7772 11972 13830 12602 1304 13927 1795 8581 12274 3371 3266 10902 13960 8470 11624 11367 829 5798 578 9009 14043 319 3398 3369 8117 11229 8374 14212 8554 8812 12643
815 8204 169 10296 8810 11666 8830 718 12082 7552 5126 9246 5937 5056 5396 3703 6307 2860 10556 4813 2677 5097 9143 7869 2727 3560 6120 2589 5141 4016 5255 5075 5449 2529 5243 14002 13943 7051 2122 11841 6146 304 3854 8813 5669 10288 1158 5281 8134 12684 3373 7563 2065 1587 7536 969 12162 10423 10030 12174 7771 8069 9483 1260 259 7942 2082 5212 9387 6695 10845 217 12691 5808 10883 7892 2143 1653 11389 11196 6674 4255 986 7286 12517 2051 11040 1852 2401 728 8959 3690 8957 6135 3393 10857 10374 1254 3459 2277 13670 5135 5434 9861 4423 11155 1785 10057 2576 8969 5888 938 13963 12271 13639 964 1300 11927 13544 2606 7073 9323 10600 4953 13243 11737 608 8333 1572 8251 7137 6293 3112 10051 8693 9212 10542 5566 5817 4491 626 8493 12212 3115 5116 12765 5957 12315 11405 288 5678 10587 1532 2984 4068 8083 10003 7141 5090 5229 7871 8353 8066 13634 13493 11743 9741 824 2577 2868 3896 797 5659 8586 10363 3935 10648 13035 1130 7735 5427 5645 5548 8978 505 13409 8808 8600 6215 3780 6274 9953 13446 5397 13761 993 12128 5411 636 11437 6817
816 2506 46 541 9563 12500 13043 7005 1379 4721 7417 13571 3365 10633 10285 1843 2117 1411 12623 3863 3326 8235 8713 2205 4281 12693 7980 8786 9053 9835 2807 3915 11204 1071 12702 8417 7912 11070 13996 4339 12895 3634 13775 6292 8016 12252 4160 6905 3493 4263 2598 3637 8454 2158 11825 1491 13234 92 13332 12266 10948 7435 6021 6766 8145 6792 12428 8635 14041 12373 12532 13998 7147 2789 8753 6215 9212 7537 13021 7069 7026 4601 13525 8340 12011 10809 3491 984 3952 11967 4930 6741 157 12861 13773 3769 1629 7714 13986 316 3724 650 2650 5782 211 7070 8447 1409 8955 264 10457 3931 4026 10205 11821 10485 3549 4738 10184 1688 12158 7830 12908 12678 12392 12707 3262 14121 12369 9697 3856 2071 3470 4197 13647 8328 13250 1001 11804 8260 9369 13129 435 1049 440 4577 280 13916 6636 4065 5474 4757 2292 6705 12749 281 9751 2797 3146 7618 5048 4158 6114 12988 10363 12172 4502 8654 90 71 4911 6106 11425 5022 10839 290 10957 9552 13073 12286 11572 8711 4284 9356 11525 3318 6765 423 9811 4172 5775 5585 12689 14113 4206 7287 3045 11322 9262 13463 13794
817 2091 7298 442 11788 12145 432 9649 3750 6582 5421 7253 8790 12333 8276 4906 10969 12179 5483 4307 8845 10237 9762 5675 4313 10242 2815 6747 10351 2377 11915 3591 1436 12270 4735 2389 6661 11424 13897 11507 11283 10584 4821 11537 7285 10544 11753 3183 2843 1985 6344 10040 5614 1614 3637 7590 12263 1725 1269 13700 9971 4889 12450 14127 4680 7850 13303 3116 2265 9407 1904 13540 7481 10667 2009 1423 13034 10895 4939 6464 720 10013 1095 8651 9691 8183 3686 12288 9190 10088 12840 4756 9277 10617 5988 3837 6231 3387 7927 5535 5337 13109 5770 5120 7360 6288 8049 7328 5268 1380 9941 8198 14056 4330 6556 2999 10199 6625 11929 9098 8757 5611 11383 7646 1497 12307 13326 6885 9300 159 6186 10719 13338 626 7519 5097 3532 12206 2936 3205 10006 4638 7432 10486 6054 3893 5887 136 13665 7992 8745 13397 1765 9636 7711 12559 8433 9991 9336 7808 12395 6435 3520 13405 8771 10263 5650 5947 13864 12085 12958 7510 11491 7528 6369 3577 9618 2857 9832 13911 2065 12214 489 4720 4731 10596 2238 3060 10978 3273 5856 12143 6578 11848 8507 11886 12722 12130 9931 6955 11264
818 1726 11245 7660 12237 1794 5250 6546 9791 8271 6880 4673 8830 3248 1234 10919 3405 12685 9043 9156 6097 4128 9543 5303 11665 2072 30 5688 3947 1771 6891 12791 9398 1656 3835 10866 9248 9351 7997 11940 2361 10809 8826 5486 8576 434 10990 3891 9503 5018 1052 6953 11228 8559 11559 6424 10944 6949 12442 8625 8594 10877 5713 9648 103 13148 855 1413 5470 5891 2871 208 4569 3892 8426 5345 8034 4023 5307 14048 4605 5770 3309 4551 7162 13867 13444 8595 13793 12605 13303 2411 9561 5211 1724 7485 6542 2342 10347 5998 8708 3323 7418 3617 7885 14139 13194 6975 13894 12414 1946 12242 11312 13359 7664 5990 500 8431 12316 7273 6602 12567 8891 7498 8513 13039 2759 7577 1415 4464 10465 13903 7015 11814 9825 5347 5216 7183 5740 12034 1476 10634 8273 1957 4871 8948 3421 5587 7518 4347 9483 3246 1652 7478 4560 10222 11320 3852 7591 1247 8413 5053 5629 9365 1202 2614 12947 8488 8051 13467 6869 13291 12624 5776 5869 5746 4312 13699 3880 13092 5395 7436 4759 12059 3773 11809 10341 3429 12566 9306 6454 222 12244 10459 13368 6567 3275 7061 612 5442 1533
819 4493 7079 8393 2376 2330 12178 4043 13316 4578 6811 14027 10016 3175 5769 4314 6965 5814 2363 2729 482 4114 2747 11157 3379 8016 895 13559 13248 7652 1807 7622 12880 13387 12072 5443 2055 12636 10090 13395 7708 10328 607 468 11780 12242 294 5646 7655 7224 197 13217 5198 6823 8574 7946 11882 6025 1407 5033 3663 12745 3157 9085 10424 392 9160 12815 12807 13768 8032 4039 3676 13358 4721 10868 10542 7323 13019 11931 12015 931 8712 8897 7584 10702 11898 12871 9506 108 12376 7329 4471 7526 1014 9277 6292 12708 249 13894 4329 11579 4066 3155 2336 8877 622 9049 13634 5982 2295 8900 7315 10156 13674 8319 3936 1196 8272 4642 11202 985 12099 7252 8581 5114 12175 8926 9795 9910 10784 1279 3194 11535 8575 9070 5440 4118 3928 4687 5347 756 8796 9060 10165 3455 3426 3199 3391 2073 8304 9078 11877 1201 9439 1492 11790 6533 5642 5622 7416 11480 6774 3036 2919 2482 6800 11984 1346 4138 14202 2962 4423 8921 8802 8691 5097 3598 492 3965 3898 8331 11476 9444 4756 13178 13971 709 4397 11697 11568 6708 5764 13305 1229 12200 11216 3100 2620 10466 5924
820 1976 9952 10752 9825 1847 7844 3245 11357 2319 13412 6226 6103 4707 4086 6718 4652 7897 6870 2756 5211 15 237 47 9264 12694 6315 14172 9199 8638 7581 11276 7425 11 196 1044 12683 367 6892 718 13596 7629 4133 8480 4272 9662 4809 2153 7980 12566 2215 14133 5543 9123 5843 934 3702 10327 4973 92 5500 8539 318 4047 8039 3097 8540 13851 5369 6998 1930 3514 13815 8826 10277 1931 12362 9407 11910 13511 12987 13873 10257 3958 678 1289 828 7245 11573 5981 4596 2421 13562 5424 1704 10415 7072 3857 10911 8736 4585 2637 11995 4493 5398 12685 9051 9360 947 5080 12797 8058 11943 13128 11196 13705 275 3730 7569 2440 10363 9288 7698 7755 7188 6051 9490 11221 5775 13210 4491 11774 6869 7054 77 7686 7932 2424 9989 10649 3515 13156 6883 13756 2850 11352 6358 8785 13408 13804 8444 6642 7237 11662 4691 667 13945 12679 3389 4909 627 13463 2150 1849 10567 609 10341 14153 5370 1008 8244 8497 6080 13030 9951 9765 6768 3254 7242 4043 4202 610 3965 984 4948 3876 6938 935 8069 3065 9007 67 12769 4586 3355 12099 5365 765 6781 13612 3189
821 6739 10507 9240 11415 659 14059 6466 2928 13890 9577 13176 5721 6207 9705 10361 2636 2288 6515 4881 11091 5802 13982 11977 2598 3551 10617 4180 8123 11023 6852 8095 2053 6003 3678 7441 2434 6946 9312 6547 2751 3620 9463 9057 12088 3184 8203 7116 10153 6613 3197 5358 2097 13565 2668 9211 9538 8396 3127 1453 1008 341 1265 10826 6051 8630 1832 13113 3387 8311 5267 4218 13756 10750 13313 13545 11368 12672 5591 5736 1041 7760 2863 11094 12965 8887 5087 5637 11262 13155 8267 9160 8530 2035 1687 5478 11849 7317 9811 6296 467 12533 7794 13563 13980 4285 5425 4460 5707 10768 5768 11597 9753 7492 2480 7175 9286 1027 990 159 11232 5432 5719 6062 5880 4232 9667 5623 4068 5388 3078 7545 12617 1210 12706 8211 6370 6126 12947 12967 4477 9164 10962 11395 5670 9191 8510 4609 1907 5159 8071 5405 9465 12678 2909 568 4628 11838 3408 2560 1601 6607 3487 8643 13567 14064 5879 8338 9141 1287 6262 2359 2344 6556 4910 1809 10885 13670 5604 10941 3758 4020 10845 274 13142 10745 13526 3425 6431 12240 11956 4287 10262 12997 8806 8130 12098 1692 4275 13570 4747
822 608 1326 4757 4331 9360 2637 9844 1153 11345 12600 10074 13225 12632 451 5932 5876 2061 2712 3717 2649 10228 10748 2844 8283 13386 7066 6342 13566 2577 1648 1491 11444 12996 8063 11946 13421 3102 5841 1568 7323 1193 13559 9457 364 7954 5242 4433 5578 7757 6008 8774 12455 11281 7736 1656 256 11689 7023 2431 5284 4739 11130 9433 4835 13855 13867 10464 9022 10502 4199 12042 5373 10683 3013 14007 9796 9590 11526 12910 10472 9242 12219 14005 9841 13375 1079 367 12138 6888 7795 797 703 11414 4371 7690 9057 7667 1597 7958 11831 8481 2464 12403 12395 1137 470 4187 6533 12555 12622 2666 5320 8405 8038 12353 5237 13049 11336 11278 7623 13982 7571 1279 3925 10516 6178 7246 7780 11219 1215 8894 11808 10580 8837 526 7235 12069 9887 6579 13772 13816 5890 10757 3052 8887 9679 5946 12681 3292 1625 328 7197 12556 3493 2324 10923 4312 3924 7684 5534 13999 8598 3434 8189 9729 11357 11410 13345 8396 8308 9498 6566 2327 2096 12843 2862 6105 123 1894 612 9087 4873 11519 3596 12303 11849 1783 11047 12990 10383 4577 1369 2527 6123 5942 8131 4419 13379 11391 2708
823 5616 9464 11326 7267 9419 4073 5176 8553 5730 3835 13997 10010 3291 11545 7841 8008 5132 13501 3402 5083 2957 10404 5168 4066 3179 13795 5108 11525 7611 5787 13238 1636 12007 12113 2319 13683 5738 3467 1323 3543 540 8907 12560 2413 1708 2251 9529 93 11706 2181 9196 4199 8227 11817 5337 7096 13792 5761 5439 6624 13092 388 9204 6204 5969 1551 3822 7232 2280 12199 12831 5197 5231 8167 5833 5830 6592 10629 10375 6510 6529 9983 10394 4309 10498 5542 12218 9462 11586 12509 2743 14028 7175 10343 13708 5624 8573 7148 4417 12174 11039 7173 12874 9223 9576 10162 4530 12190 3302 11230 4562 10653 1830 11982 12494 9828 8410 1894 239 11031 2970 13780 2551 3166 12414 11502 9984 4993 313 7527 13915 7412 884 13845 2539 6360 13514 10176 5961 796 4672 13054 4653 5091 10987 2053 654 5723 5149 8337 2356 9586 13918 11094 1210 8421 10965 3708 2163 2488 2768 4962 6767 1776 11356 9471 11436 2887 7241 11451 8031 9108 2655 2121 2000 13009 5701 12592 6409 4936 124 7675 6549 2299 1517 1136 3801 9826 4552 1462 3169 8883 3897 8134 67 11035 5188 11186 9784 2602
824 1940 7957 1440 8133 10179 9453 7402 4245 13502 9203 13356 2080 1381 11450 12262 6455 7292 7328 8504 9129 11770 2995 10284 11349 5731 9207 4864 11582 5392 2807 12307 12483 5563 5607 4484 5870 12343 13069 708 3408 5878 10874 10988 11011 2038 6236 2294 8129 9307 13797 12902 1696 13869 6301 6045 5515 9036 13779 585 4088 6369 13144 6099 4741 314 11766 9821 1878 9641 14159 7766 10707 8780 13199 7332 9415 11114 10314 7602 383 12536 101 11404 6239 841 5461 3930 8382 7117 2934 10824 1032 5250 4604 12648 6405 2868 4689 13412 9788 2854 6718 752 12703 3812 5051 11398 3197 13036 2658 104 1298 10859 4093 3086 7917 2994 7923 9421 10580 12849 13612 11526 7258 13633 4248 1490 2087 11086 5061 9661 12246 8142 13738 1815 11280 3145 10263 8713 1459 2759 13319 8229 11757 8920 13387 7927 4106 13920 1199 9430 12256 10479 5694 1515 11565 4474 11892 4119 2209 11858 13405 13764 11374 1866 11439 3388 5740 4593 6237 2620 6211 9284 11831 3409 10379 8703 1325 408 268 13016 3923 7834 6797 2400 5914 13404 9739 12328 12883 500 1984 5058 540 11440 3342 8822 4716 13019 2005
825 2558 8160 10892 10164 72 3139 11927 1984 9126 1249 7878 3217 11431 6309 300 2366 2958 8654 6338 306 10697 8535 7642 10679 3200 8684 12361 13374 8228 7842 242 4333 3568 3784 5080 11205 9221 857 1088 10007 9073 2035 6075 2212 3327 6363 3507 12765 10878 10986 1068 51 1225 2334 12820 2988 5093 831 3706 10108 9721 10961 3199 7531 13824 9891 3361 8409 8139 10200 9725 12442 11156 12789 9659 13750 5824 4668 4381 12550 13729 8534 3453 3090 11353 7100 13058 10419 7054 1255 619 10257 4284 8475 12038 7730 3617 4263 10665 6054 9956 3250 13816 12046 1316 6933 11643 12269 9467 12530 10312 8128 13791 13640 3100 3886 12989 6221 10114 3662 8023 6117 2240 13976 3062 8089 13741 4591 5141 4763 4642 1059 4205 5951 1455 12661 2475 9837 1104 13933 6608 2319 5639 1919 13484 3375 11624 2196 11432 1679 12980 11526 4134 3657 7056 4516 2068 1612 10412 4915 5129 4737 7814 1467 10247 6435 10462 3348 5963 13440 13480 7618 7031 14084 11093 2777 11841 3543 4792 1415 4357 10136 5456 12367 2549 5296 7179 9525 4067 4815 2489 7252 6065 12457 5839 10971 7480 2718 5709 3088
826 488 5789 8397 13812 9613 12475 1298 12250 9961 13830 13168 7135 5857 11483 10211 13865 4596 13517 9549 109 11801 62 10707 1296 1066 10736 9902 1132 7783 1261 10406 8505 4186 4720 7489 11849 14212 12430 1180 13414 3746 2368 9211 9621 8270 2239 5136 1045 193 363 9218 12416 1215 9282 13756 1513 2925 726 9182 862 7548 399 10878 6918 7571 13366 39 2699 4113 6199 1034 1972 8532 354 3444 5311 3504 2280 11490 4563 2518 169 5809 12341 8859 7284 5737 6112 10331 12158 11306 7025 1576 5681 2458 12031 10473 13875 1379 2405 811 10920 8998 918 1186 8498 3682 6523 3623 1888 2012 4625 3342 8780 5574 11418 9681 10568 12546 10627 11387 858 8084 5840 4278 3399 8009 1118 13551 1902 12723 8892 9687 786 3760 202 7172 13085 6363 9000 5569 6259 2816 14120 3555 5456 7844 13701 1694 3756 6691 11502 5577 11713 11697 12672 12687 4838 7647 76 4684 1313 2218 11376 657 8632 254 958 8559 5115 2120 8372 10852 8516 7183 7892 13510 3757 13491 11657 5167 12414 12568 10500 13435 7040 11393 2663 12662 12884 6125 5850 94 9561 11531 1095 13198 11809 2436 412
827 1962 12982 2249 13199 13930 9704 1239 8598 5910 8493 7417 1512 12950 6983 4651 7823 1638 10120 9342 5985 6450 1314 4659 1153 12050 10249 6897 11842 7707 13232 1385 3488 11449 1031 1773 75 5040 4186 9900 3259 10819 8945 12202 506 1454 1733 1704 6874 3956 1918 7617 14134 8584 12015 12805 155 12720 8794 3961 4222 5061 2787 7652 4758 310 3080 8724 13725 7568 13255 5465 11636 7773 1416 10203 7333 1175 1656 741 3968 10826 8218 5672 2408 12576 6748 12852 12322 951 1191 9268 9671 9770 9993 6131 9681 6173 793 2582 901 8425 9633 9960 5148 1838 11394 6607 13270 9669 7590 7887 7328 12878 9675 4901 1074 714 14169 7769 6980 2743 3382 10564 4623 14151 3637 1380 9057 3752 2502 6045 4343 5013 9302 12295 10219 10524 13761 3068 1618 1273 920 9207 7046 4589 3795 13064 7895 7017 10111 1790 6775 1858 10802 11174 10460 13615 10742 5213 5312 8511 5607 2625 4509 5003 9608 449 4099 8489 12764 1230 8280 8077 329 2135 3539 2828 798 319 7548 8436 4634 12783 4273 13398 11844 1967 5987 13702 2483 4175 11953 10911 9083 12540 9797 4787 10018 12900 14202
828 546 12572 4151 3830 4731 12215 13933 4059 12011 9183 4787 11495 7694 5601 2040 13918 2561 3595 10940 10058 8051 4203 14125 13353 11271 9318 8361 11109 13166 3275 10987 6231 11982 3240 3041 13522 3727 12389 14020 12125 11435 8865 5467 5378 13342 3627 7020 10088 2658 7850 8980 12490 8705 3425 13366 11096 11904 9774 6634 114 4337 9925 6564 10442 3279 2864 8740 9483 5739 9699 5330 3839 13414 12802 2006 10705 12212 11085 13640 2494 8838 11227 13965 4643 6287 13986 11616 3154 1531 30 13225 11605 7640 6840 4386 1966 3381 7187 1526 3067 5400 12220 31 14105 12187 2847 917 12635 10312 10254 2930 11216 5864 524 11093 9894 10189 5530 2724 7756 3904 4063 611 10873 2678 5120 4649 3450 13869 3155 11860 12541 3894 1447 7722 7129 12320 7794 8433 5321 846 9932 4910 5250 5979 5285 8613 5442 6640 7076 7166 8076 2840 3409 10544 2004 8894 2229 3774 69 6098 3690 10562 8837 4130 13824 6445 2826 3129 1221 12505 5827 3542 3786 13758 13763 8944 12557 4551 1959 14136 2293 14042 7479 12311 11452 8450 6064 12675 6108 1229 11457 11878 8660 5278 2636 1743 9809 1941 9179
829 3979 6793 12513 8224 3960 6456 5674 7631 4683 7167 2654 8976 13945 13849 12523 2919 5156 2643 11552 4164 6035 11442 13897 11744 7528 9026 4324 10288 11880 7745 3546 10079 11023 4926 3335 1696 3791 1853 6630 7401 8439 4441 4281 6897 8948 10880 12703 11358 9884 10757 4271 13478 11609 3394 703 1343 6600 10908 7098 8506 5333 5781 3653 13607 7956 2979 1836 4589 1990 10872 5835 4607 5316 13352 4301 7641 275 11692 3915 12864 4500 9627 8402 4492 13882 12749 1489 3121 1128 1059 10433 1838 2515 13141 10139 6583 280 3431 8287 10095 12273 10551 11530 8898 13947 9484 3097 4222 460 5352 14113 6065 548 1527 3077 4058 1963 9507 3779 771 1811 13085 7684 1417 6681 100 13383 3381 14086 9472 4978 9692 2408 2063 3661 6613 9196 10685 13032 7070 3909 9832 7155 2672 10642 4094 12086 709 8626 3735 14110 962 9102 6916 1891 10355 12533 6654 6956 8921 2410 7670 11118 10436 2188 13537 9421 13177 7966 11513 12361 3612 9853 1397 4781 112 8462 2268 5727 6547 7142 64 2634 11630 4318 3950 3525 729 12057 12426 5332 10790 13028 5814 1795 9415 5932 2287 4171 8858
830 5787 842 9013 2329 12659 13272 2418 1786 7318 1541 7648 1360 11810 12460 20 237 13270 8325 10635 6924 11156 12345 9728 12893 4329 3369 7285 10875 9135 8160 7442 1617 4127 11738 5093 12599 944 2067 10830 14175 5517 1086 10834 3759 6479 8868 3442 1485 9208 2705 4795 12436 10668 10683 11000 525 3572 1201 10796 2071 4456 1922 8710 2267 4425 1141 5256 10717 1963 13576 12786 14200 14026 9090 13731 11289 8437 5815 7378 11280 8982 10993 12215 4921 1860 4033 11190 1215 2034 1823 2766 8236 9889 1009 6767 628 1458 6053 6537 7974 14089 13657 12665 268 6654 9579 2920 3262 203 11136 8214 4452 10440 13004 10809 1376 9870 4953 607 4926 7067 9491 11836 4052 12878 5888 791 11332 906 29 12354 6281 2981 12260 5429 14141 12867 13383 2956 5240 8597 458 12259 507 7833 11838 12757 3245 9162 108 10630 11049 5004 4995 6091 11036 6641 10380 2714 6665 10962 13633 3915 8543 3478 9802 3685 4906 10138 6944 1233 8800 11958 4296 1265 5708 8492 9374 192 6046 7152 2627 9394 737 2442 11508 1594 362 6041 8690 6339 360 10375 3687 4141 2177 4796 3773 12226 11026
831 942 8804 7793 9493 10793 1483 11928 8433 8800 13700 6485 5613 3379 14109 11166 5847 1414 105 6681 4868 5226 13582 12100 503 9329 5831 7227 4134 392 8182 843 5478 2456 9823 10935 8480 7839 3721 9686 2331 4189 6529 8157 4819 7922 9637 11982 7994 1403 6242 8750 5482 14197 1680 11788 6316 9604 13901 4738 4686 9747 2948 7720 2627 8760 7617 10480 4676 6269 7404 12185 6199 3900 5369 6231 7342 6308 131 7291 3403 8191 4083 7341 5272 1280 14117 618 181 3552 13283 4119 6883 6552 2472 8563 12762 8883 1359 14036 9480 1608 1564 12648 11445 2225 8037 5853 7792 1840 885 10907 7688 6813 8071 4054 11162 3 6212 2863 5495 13887 6201 8818 8231 10822 11343 6357 7599 12988 4444 11475 77 11252 9508 9289 8967 10384 5800 3561 449 88 4199 6499 11482 9684 7390 116 12199 7423 3373 12048 3078 10136 5439 9749 6788 1610 2672 12302 11080 4750 3897 11636 8577 4123 12663 8250 10530 5177 2337 4937 6543 445 5588 4449 3522 12269 12874 10721 10864 10167 12584 10289 8446 13414 2686 8663 1345 5069 3191 2258 6304 12360 5832 10105 13478 7108 2023 9323 7972
832 705 4418 13452 11551 5182 381 3706 10037 5001 3596 3263 10066 7137 8987 8268 4267 10642 12341 9596 11942 6319 4956 6701 3637 2955 967 13954 11518 14071 12359 8415 5295 10732 1884 13570 735 2019 2193 267 4548 5647 9260 5245 12288 8332 1038 7896 13042 1140 7698 4088 6 4619 10968 6964 5138 4769 2751 4556 2001 6589 9388 11262 8483 8698 8816 4985 7319 9918 7422 8844 11757 3473 2863 8294 9949 12883 12243 7165 12856 8836 2954 11740 6102 12092 2861 1853 4597 10785 9659 10481 7624 2323 6877 4580 2553 100 9101 9842 7145 5879 13266 13947 1189 11227 11989 11890 13349 11309 7110 8721 3909 249 3395 7831 838 12454 8810 8002 9032 4736 7711 8908 7313 11684 19 1794 12655 13661 828 10267 14104 13854 5186 11908 1164 12107 8105 9951 3737 6813 1119 12979 96 4750 1225 7633 10773 6712 10212 11866 3966 10087 10876 2537 12279 2350 4951 5921 4198 3713 3888 2066 5368 12304 5180 4894 2718 1864 6819 5261 12049 7874 5712 12404 11743 4592 6170 796 8145 3895 6000 4877 13300 11758 22 10625 13530 13758 8146 12353 3854 8129 5342 11396 2219 7801 7548 4347 12894
833 7646 13960 2740 11299 638 2937 1675 11736 3486 2217 3474 1583 8407 2321 10025 12241 1085 13817 8324 14178 1899 1297 5799 2687 2230 10322 13075 6622 13544 12926 5372 1817 894 9493 7488 1794 634 6297 11623 10407 11222 9437 4130 14034 13337 4019 3361 1865 6628 1135 4436 7575 6243 12233 6504 4620 9151 1797 3370 367 13122 3003 12395 6077 13542 3363 9291 2656 1829 6029 12809 14101 13165 9350 2607 6250 917 6170 12985 13831 1059 10704 10420 10726 9192 8549 13910 11261 761 14068 10301 8528 8854 3279 13972 10187 5716 7039 10718 8255 3194 1543 10966 11278 7266 11955 6871 8623 11599 5760 8170 6502 7079 2977 8625 8620 13377 7052 3280 8542 8893 11031 2325 8022 12076 8474 1918 8556 4610 10601 11990 9167 4372 13141 8996 4468 11594 4099 3632 2575 11896 5822 948 14072 5923 6340 325 10408 11735 5543 12448 8095 10166 13395 6508 636 3681 12668 11211 3929 12033 2114 12087 8210 2045 2678 8454 5825 5811 9176 2533 13319 7429 11535 10695 11174 5196 5848 9349 2025 2133 11263 11461 1688 1404 11666 12560 12273 10161 2088 13993 11830 4733 5845 2415 10063 7130 7711 1151 5886
834 310 84 7364 2135 12745 7888 1669 7215 4620 600 13366 4431 13865 12526 13478 9221 6003 13518 8897 3836 6589 2539 5821 7836 9996 6436 11912 7737 11513 501 4202 13898 5181 2660 8683 6273 1786 4718 7110 4696 2060 428 1104 9773 11937 7074 1953 5301 12067 12840 7313 11227 4758 10384 3543 4061 12542 13516 12896 7070 5191 9998 7642 6921 13869 4814 493 1270 10624 10661 11534 8950 11842 3011 12968 9046 12454 11066 8653 13421 4843 11139 11596 10656 1056 11194 2070 12228 5362 6797 2588 6904 1390 2043 8965 9495 168 5489 11279 592 10823 1895 1502 3969 4370 6841 2161 1534 2058 3247 3888 8768 9197 7221 12868 4296 400 6301 7267 8774 692 13664 14001 7666 8391 4503 13182 12601 1932 9406 4311 578 8928 10806 8892 2536 7977 9533 8175 6593 14105 5169 189 7935 12104 10096 4082 5464 678 10047 13046 7989 12092 9320 2759 778 10991 13372 12116 13451 3233 4976 10555 1909 6439 4157 954 8115 5565 4434 9909 13955 13126 10166 3282 1415 4069 5469 3617 403 12534 2746 6394 1452 10677 9324 10421 8011 3892 11582 13626 3085 7828 5388 435 9650 11514 1501 60 4219
835 4558 6276 1911 8634 363 5373 807 9687 9175 9203 5649 1136 13271 4567 1264 270 12083 8751 9562 3318 11166 4842 5532 12594 11361 12222 3054 11873 2310 5117 296 13231 1555 2932 3711 2586 6207 3898 10304 2181 72 2567 5337 12974 13335 12291 10682 1197 244 2531 9060 3270 13647 6579 7562 13533 5652 6454 6985 52 11540 12159 818 8437 9921 7359 2320 12873 11355 12286 13437 5384 5253 11094 906 5051 1099 5569 12707 13675 9204 1214 11687 1703 8599 10157 11175 5944 4870 5234 6371 12655 10960 1045 9821 4875 791 8089 1938 3663 7307 12091 7908 88 4328 4906 8783 10537 5957 2024 14099 1251 8169 13823 4830 6399 9048 11496 11675 11199 3180 13304 9262 2264 13317 4114 4501 6494 13872 6059 8476 5547 4900 7123 7358 13498 4663 11382 9560 6354 11227 3467 8096 6374 14106 6969 13427 13118 10195 11387 7977 9638 14065 5517 6299 11616 8689 11633 2115 13164 2303 7852 1192 3364 12426 3999 8792 9768 5089 3618 3649 8688 10637 8365 3713 2935 8361 9994 9615 12637 1686 8801 5382 10109 8651 2669 10221 4855 7655 4215 6078 10050 5249 12894 6306 11664 8105 490 8516 3360
836 1126 8256 812 5591 151 13413 9649 12909 5911 8681 12842 13947 6704 14015 12370 5806 8194 1342 14167 13954 11682 8528 11886 1100 8873 1519 4452 6661 5091 9324 12038 2454 8818 10392 11070 10871 8986 3417 11525 1604 7536 6407 6042 2634 412 8784 10857 1485 9136 13017 5147 12335 10365 4721 8852 13723 12692 21 9827 7960 13750 1104 6071 10133 71 3286 10856 5820 11111 5494 10604 6206 5996 3455 536 10465 14108 501 1306 1497 13325 7760 13958 11210 4374 4101 8239 9299 3233 696 11337 1799 3842 207 11872 5647 7791 4012 1772 86 6535 456 6980 9382 6751 3046 12984 6591 13737 8258 7811 2017 5839 5959 666 3523 14145 8696 5011 4200 1 893 11347 817 9467 11469 1151 2247 3367 13508 8382 13830 12908 6313 10538 1781 1442 7886 1592 7361 5237 10651 5022 13760 8746 10278 8366 6694 3353 11865 5207 4985 9811 466 2036 9310 2450 2944 10328 8225 12518 2770 9441 5587 8752 5661 11833 11690 6341 7424 12996 5870 3522 6722 11502 10256 9984 3771 11430 9157 1313 3899 3966 2112 3738 9575 9841 5583 13291 7242 2552 10012 2141 7077 3799 6512 6709 2525 3537 2119
837 8447 13500 3205 8834 11192 2049 1962 13472 10059 12993 1480 6892 14028 12898 6134 7304 6468 11961 8619 7136 2534 7475 8042 3248 11160 8094 5370 1776 6768 3928 11625 14195 12361 8545 12149 5588 13527 9109 1804 14121 4984 4028 13725 12220 3007 13206 14089 12649 7863 3218 955 11055 9276 2518 1525 12513 2562 2504 43 4735 10163 3103 10247 7859 5948 2481 7061 12472 804 3800 1925 13755 10890 8358 4009 129 11376 7769 14016 559 2843 6842 12405 13624 5449 85 10264 8885 7048 9686 8384 6495 9446 2881 8606 12634 6893 2488 1661 2296 8194 12099 11223 14104 4310 12355 8633 11945 10170 7541 5421 9971 11021 2645 7937 1859 13021 474 12262 3708 10496 7581 6729 9309 733 1984 1070 14038 9948 4510 5787 4481 5309 8552 10607 270 1581 12753 2100 5491 5789 5329 11353 10610 8918 12580 7514 1914 7550 2198 4395 8303 2980 1846 1139 11402 2733 3657 576 13255 6458 2629 7274 9134 1463 12684 1343 7116 5317 3764 9896 5332 1890 7578 11221 12246 7190 4133 9635 6241 10371 11747 3175 12223 1898 11178 5353 10041 2997 6316 13521 9365 11331 1009 12571 502 7002 9664 6967 2978
838 1201 8382 247 718 3449 5246 6760 7763 11942 2666 10629 6680 10896 13226 6847 12211 426 9850 2964 2783 13436 882 4277 8155 4113 4907 3763 8221 12598 6415 11141 2459 6755 9215 8811 167 12661 10931 8541 5629 7166 3838 10604 8013 1734 13610 679 10611 6513 7270 1605 6069 13829 9858 13137 3052 4886 516 4202 9660 8103 10378 7427 12111 10445 12900 790 3097 4114 12649 11672 7181 14022 6360 7741 5183 6598 4258 9195 7458 4790 5664 6570 13460 12411 10618 8730 594 2029 2586 5015 5606 1908 10765 3277 5068 1144 14032 12439 10860 7761 4236 2147 242 7582 634 2106 5100 11385 2202 10788 1634 161 8822 12885 8584 1703 2915 2480 7093 9414 4436 10719 1574 14163 11031 4327 11535 10797 4664 804 5828 4842 114 10055 4651 8918 11681 11918 7217 6886 2809 143 5361 12544 9003 6864 1691 11294 11689 5655 7855 9550 4345 12564 10803 11029 13434 13192 684 11065 2976 8801 3050 3370 8294 12384 801 5289 4994 9047 3513 883 6461 11660 241 8540 13053 4485 11641 5109 13658 11225 12368 9082 3681 11197 11636 11558 9142 14133 4320 3569 7213 518 12401 12167 334 6814 8682
839 8420 7607 5137 7498 10428 5376 514 12258 5476 9904 9068 10259 7573 5352 6231 13881 10667 677 5178 7731 11121 3837 1509 6572 13818 3270 1022 11201 3598 13844 4200 6816 3636 11042 105 12619 12623 6199 12247 2688 13338 7881 5154 2211 4869 4215 3287 13953 11398 8139 10942 2330 1081 14029 5325 5438 2328 7652 7076 8764 3489 6758 8015 6779 12071 4498 7430 6182 7409 1986 9069 6170 12048 11919 2507 3692 8860 3737 10449 1388 12817 7514 7135 7073 9050 8220 2158 12287 516 7326 2252 12888 1084 3834 5914 11281 3377 6008 10767 9973 13153 1944 9634 3609 12239 8079 5454 4444 12207 11930 831 2342 1572 5762 13391 10602 11712 4541 13517 4211 4799 7528 9011 7286 2165 12089 10113 9981 5808 13279 6129 9514 8131 445 1668 5093 3338 1246 8180 10021 11251 269 120 10724 13975 92 6431 4111 473 5298 4121 12141 12452 7449 6346 12681 4112 10718 11231 4038 4672 11310 8064 13854 12520 5232 4740 10219 10293 5738 2991 5255 6521 10561 11880 12492 1816 12315 9020 4266 1624 2409 869 5473 14216 9235 10806 1241 3607 8102 5715 6925 550 13108 2783 9257 12388 10461 2614 11208
840 121 10456 9218 2336 10959 13047 9209 574 4650 7150 4606 11418 5284 6207 2567 7982 6211 2746 10162 7872 13952 2204 1993 5314 7283 3786 13440 3157 13384 10547 10613 7030 1612 12116 5104 2317 987 13525 7847 12722 8929 3569 12089 1945 3075 13950 8085 2840 637 3284 12208 4534 2011 1416 5 8024 5771 1105 9052 6052 13946 1071 5548 9114 2998 12400 6160 5550 12230 13628 11590 8749 12931 11104 7808 2887 6166 16 12020 530 2459 9075 9394 6076 10187 13819 3928 2827 10806 1377 8906 659 2981 8119 8794 4897 5713 8046 13858 7075 13121 8852 950 3653 5480 11872 11510 12135 6789 7567 12479 10137 62 9285 7168 13289 9516 6873 13682 5345 726 10063 4513 13243 8502 10196 10551 8952 7072 12446 11009 1569 12154 3156 12799 3898 12693 4953 4828 8618 5438 11788 7656 12866 12548 2842 5285 13380 9528 2237 7593 7734 4338 503 2888 13877 2894 13109 12001 10779 6624 3652 13403 8047 1122 8249 5233 11007 7080 1036 7046 4594 2643 11852 8658 11678 7771 13489 9329 11014 8133 11473 449 7481 9890 8089 2316 5515 9282 8756 4102 4327 5732 11400 4554 4193 6829 2738 10352 6409
841 998 61 8282 8155 10969 7552 6268 9745 10554 5219 2504 13527 13908 3919 11324 5813 9077 5293 12012 12791 12625 8799 5237 5516 12620 11153 2708 9407 13187 5028 3756 471 4811 5945 13820 11300 1431 13134 6111 7252 7042 2313 6773 8225 11668 14149 1912 234 4041 1144 10251 1591 11066 12952 2548 12550 201 9535 13661 576 8275 3080 3194 10715 14114 7599 12278 13296 12925 1681 10793 7396 9589 13457 11946 1635 7653 14147 11793 6348 4179 2473 4881 3437 12950 179 1249 4029 9526 64 7524 1433 12456 11724 2319 10955 6770 3376 12890 12399 6671 7915 7662 3694 11641 4125 7557 5755 11761 877 10240 11159 4921 1751 13575 2752 10154 1304 1694 12265 1391 11445 10814 2456 11480 6631 11721 2927 2057 5647 8792 6231 1200 2051 13239 12509 9471 1786 1778 4765 2288 10099 5171 4401 8677 2852 8803 8968 11730 11485 9981 6014 1090 3834 3571 11067 6427 6958 755 5319 10887 10512 2075 2398 10827 2487 5344 9137 14052 5191 13690 10202 242 11042 3797 3570 1022 6655 393 2861 8772 12919 11542 6367 10130 10937 1350 8075 13526 2509 11841 6382 1260 8783 13065 1510 8620 1926 4087 13312
842 669 5037 113 4921 11149 8325 9334 1 10114 1919 5402 6149 11995 13519 14123 4938 13974 4698 12479 4559 1579 11629 5071 9434 7335 8545 8582 11229 12122 3060 598 13746 1182 1111 10263 5724 6736 4774 361 4704 4230 1297 6836 9774 587 9529 11189 6126 8451 3139 3474 7226 14128 6650 1039 8015 12302 9758 1945 7711 72 6555 9712 1685 1943 3355 8544 12070 2819 8661 9625 14050 9035 1442 1936 10313 7793 8814 5373 396 2155 6781 13023 12903 10403 10154 2135 7070 1903 2836 442 3668 8480 2020 10500 5276 5573 1386 12863 1513 4356 13594 6098 1544 8044 3912 9197 5412 2834 11117 6755 613 662 2324 3542 3479 3345 12160 1107 6470 4326 3362 5493 4977 11289 7646 2415 13000 11732 566 13327 12368 10433 11658 4899 4970 8356 5213 4151 3161 12237 6923 9848 2591 7346 7442 6778 10256 11001 13355 13070 7483 8413 3591 3217 5245 10202 4458 3930 11539 1359 6183 9322 10834 10232 9756 5590 4651 11286 3240 13628 882 3739 6327 6698 4805 7273 6679 1389 4869 1506 2284 682 9 13391 6487 12805 8893 1453 12228 467 5122 13672 45 11602 3508 3367 12819 8265 4509
843 2562 3203 12149 11461 5366 12377 2851 6914 1846 8397 11085 3224 1747 5556 4441 4681 13800 2424 527 12143 3901 10819 10766 13908 9025 8284 1820 9792 8114 166 2394 4757 4452 8106 2407 1605 3930 8592 921 4460 11602 8188 12575 5769 6807 3345 12366 16 2907 7736 9844 10642 7526 11597 4514 6622 11510 9708 4185 5596 486 3646 12320 7153 7042 12096 7979 11959 11858 6127 5373 5551 8834 13229 10087 14168 5780 12164 41 3553 6062 9175 1039 10138 7713 8799 12282 8292 6578 11494 9253 695 8511 6087 6418 11561 4851 2918 6197 2633 10055 4481 1955 10753 5336 9453 7678 5399 4695 11072 7891 12574 13092 10897 4368 9612 4554 10957 13741 3278 229 7370 822 11228 6990 2561 8148 13675 5075 3651 1444 6706 3451 3044 14061 6892 12450 3712 10558 141 13564 9247 10684 7394 5142 13937 13513 7274 12644 1100 202 5998 5993 8405 13699 12210 3833 2300 5601 5896 9896 3523 13001 1897 10386 1933 598 12949 5211 9147 12505 5898 8048 13366 2296 12185 4257 6858 3878 12389 6900 6236 3816 3685 14078 7115 10576 4156 6037 12703 9813 856 13612 4331 8200 7712 7450 124 8766 11195
844 13081 5391 12914 4287 8817 2744 8951 266 13686 11110 13998 3509 3779 8820 9782 7885 6147 10551 971 12209 6277 11889 4558 9960 3062 9582 13252 872 6507 818 8199 3116 3197 3394 8529 3953 10141 1826 5103 4000 7636 6802 2284 11737 8998 1247 8906 412 2452 4987 5022 10273 13305 13604 12632 1809 9323 9619 5399 5903 1860 5772 6495 5027 5073 11407 1651 8208 3185 11087 11459 9961 13927 6402 9723 7066 6293 11646 5447 1555 2725 12459 123 4507 1923 6376 514 7108 2740 5490 1058 9290 4618 11856 9515 7853 8914 1939 9931 11038 2293 6064 5004 9012 6876 12421 3763 3949 867 13014 5678 9822 11711 8315 14026 8186 12798 13433 3217 9690 270 6216 8010 4456 3980 8495 2990 11477 7723 13235 6879 9565 4871 7766 4502 2860 5439 11919 8148 13411 6968 13547 1210 5567 8791 7342 13629 1444 10556 8520 4690 6353 3392 11243 12901 4593 13262 10065 3532 2253 6988 13396 8414 11162 8858 4341 12573 1387 1782 3448 9864 2007 4223 2713 9299 13415 10956 11139 11444 12461 6253 11887 6264 3877 4955 1556 8826 10357 350 3161 5197 12618 9528 7847 13504 5997 13761 1501 3947 718
845 2628 6869 11446 8375 12853 12336 923 5773 2795 11696 599 5736 5825 1028 2851 8630 8993 8573 10475 13335 10055 11339 3141 2697 12755 3407 6484 6295 4593 734 10424 7271 2577 9685 5490 13098 7313 11155 5244 4898 9213 9441 3546 12526 3265 9277 7103 1021 5357 6957 1990 10728 11204 10352 13282 6398 10184 1230 5958 389 4221 8356 10704 8103 2300 4160 5799 5412 2235 3937 13514 3201 11383 7012 1002 8345 6479 4387 6047 10121 7265 10011 13425 9437 6582 3007 11791 11675 13278 4222 3052 4826 4171 12090 1994 5045 5131 14127 9810 9665 7187 2651 1042 449 9456 5744 2437 1180 3416 7786 12347 5449 1181 10991 9567 13070 5659 964 9578 9746 12432 4291 8826 13441 5011 5943 1355 1519 2650 1642 13959 9057 4251 3385 9279 12942 12345 3804 2318 12467 13858 13944 6030 11247 4951 6203 10464 5534 14053 2225 13856 13450 10896 14192 4026 7695 5684 5786 11046 8823 11025 10978 2845 6973 7306 2986 873 12245 13285 9315 8910 5672 8200 3221 312 7819 10538 10792 4652 12574 2985 12581 14092 7191 4356 7973 13280 5001 14003 3022 7236 14160 235 13773 11341 9712 8962 9808 3692 8920
846 8463 7535 10809 1259 7400 1572 13360 11260 12859 3901 7295 149 9850 2717 11082 10118 9913 11601 6255 1145 2868 9222 1324 12338 11626 10648 11716 3581 7713 878 8501 9253 6035 11532 5889 6412 12670 2314 13958 5451 3271 12273 2094 2104 5558 8312 3660 7539 13695 11617 10408 10218 2222 471 13774 3952 7576 10393 9950 11005 4427 7647 4915 7378 14035 1665 2758 5357 9637 5720 1040 8499 7331 2609 7560 2654 13166 13238 6641 2593 9514 3171 8230 308 1471 6117 7731 12945 12866 8011 10139 7650 11320 11095 6945 5866 1407 697 6387 11767 10351 12938 7870 8031 753 4560 8786 2917 5828 2611 4163 6074 8733 462 138 7413 12533 2242 770 5116 1864 1312 2434 12413 2566 1931 8280 8365 13 6551 12103 906 6048 8861 1330 4341 3424 11490 13455 7032 1884 13799 7055 11020 8497 4561 13604 10645 4829 1260 3558 8371 5655 11762 3736 5518 10320 10000 7906 7248 9333 239 4658 6804 13599 13429 12098 5134 5493 13217 11463 11852 12713 2607 1131 10499 8358 4679 35 2410 13947 2572 10356 13626 6721 11584 4017 8930 4435 3451 5492 646 2920 8715 7250 13428 6476 12196 9236 11121
847 6959 3479 13572 12919 268 8139 13026 8344 5654 3179 9618 13008 9750 2187 3605 11886 8597 12763 12805 13105 1977 3387 894 2224 1646 387 11188 4100 6471 12976 13506 10188 4549 12488 4472 4287 13978 3419 13213 10343 6768 1404 574 10274 2590 14166 4569 10400 10817 11642 11306 7962 8107 12600 2739 13041 8131 10661 10733 2009 3946 12125 1499 7010 4210 4343 4468 7971 5971 11990 8878 7153 10108 8264 6260 11780 6118 3031 8431 7182 4878 3923 10016 13027 5581 3811 10951 4717 4466 6508 1463 8412 11211 12258 7767 9788 1475 7155 9026 13395 1852 6487 9900 11121 1101 9243 5481 5030 9640 13386 13109 4691 11245 12497 12499 12433 2217 1485 2880 8208 9706 13483 3035 2120 6310 1826 1320 2715 11554 12918 3871 3272 6567 9173 10828 12140 3957 9833 5378 12307 7032 5155 5474 3458 859 1936 10392 12049 1503 3652 1803 12375 1248 6264 11047 5892 708 13906 8223 9912 5102 12195 13234 3088 8570 12847 9246 13080 7953 7867 4120 7940 13035 12657 11561 12231 47 11218 3112 7777 1957 995 7664 4310 2837 12532 1834 12325 644 792 12443 11063 3897 747 17 5407 1338 7945 6182 7635
848 13520 11791 1057 12970 8442 11476 7293 304 1689 1681 3348 6184 3175 7397 6357 14196 10356 9755 9933 87 12105 11915 59 12161 4189 4749 1726 401 6631 5822 11485 7695 2281 3416 13431 2740 8917 14 5355 10532 14062 12597 7452 6248 9456 6242 9597 13527 9699 11863 2380 2377 10640 7559 6945 4909 12041 13609 13021 170 4251 5087 4310 6116 6260 1993 9299 11574 9934 13548 13741 9352 12703 1354 9586 5371 13762 13027 13373 1878 9686 7557 3874 8816 1074 11562 12401 12510 7677 3445 1836 1746 7622 4348 9325 4785 4877 2922 13777 7581 6511 9842 8091 11746 12568 13335 5212 5170 12351 1929 6251 14025 664 11629 12553 1155 9632 11123 12871 570 8872 3982 9452 5606 13783 51 115 12845 5750 10689 2851 10855 10162 8607 6658 8369 1489 4048 1727 11001 8918 11671 8301 14017 840 2152 2397 13970 11972 13800 8767 2261 12406 12851 9705 2767 10317 9825 563 6329 6382 9277 11229 8293 8180 504 8805 4451 10915 12520 6499 4879 12070 2797 9309 12786 10046 11865 7395 11544 4998 5114 3921 254 5434 9130 10941 1474 7505 8846 2389 4460 5239 738 3469 9171 12353 657 8421 9977
849 13525 360 4810 522 5794 7294 9122 7509 4918 6538 11451 12383 11216 2045 12528 2064 11791 7028 2607 7392 5148 11670 5449 2728 7961 10315 4233 6523 2454 2942 4978 2900 473 8260 7510 13803 888 12895 4230 6955 11927 309 1239 2264 10178 13345 10211 7089 1200 4481 4466 11270 11138 12687 3240 10493 12287 5763 3344 13901 6830 5675 7821 3530 4164 13648 13646 14209 1205 8792 858 10072 12351 3368 8558 2601 6249 11401 4380 6694 5222 7335 1409 1865 5130 7207 5218 5504 12320 7244 9145 6026 4000 3152 5523 529 1528 2966 9196 2344 609 1320 11644 13244 995 7195 4417 8188 1653 9192 1693 13838 13515 7500 5627 4938 689 10630 3204 651 6200 5004 12871 4483 2089 4263 7464 2467 2909 11676 134 5429 10628 12576 8887 8980 6477 5738 8134 1247 3437 9103 8329 1049 6594 7657 2333 9789 7985 13451 3940 2036 7194 7968 5102 1740 10154 2653 8165 7389 6105 10783 13306 12620 5518 8915 8053 4835 865 10491 930 2739 2302 12855 6016 13299 6962 4734 1102 8067 10307 2844 12064 10697 7651 7070 2144 7910 3734 4192 887 10891 10778 3374 5325 5362 49 12546 12214 1086
850 4284 10169 12533 10908 11016 10455 7620 4692 5454 918 5765 9953 13857 1691 4176 10971 13629 10819 2411 1226 14074 4923 9700 13543 4652 1898 5854 10302 10968 13424 13140 1045 10638 9763 10750 10990 1009 8191 4410 11641 6684 7219 11565 10278 9942 6930 1228 5619 9890 10754 4843 7830 13895 2261 10110 2005 5552 10876 8293 3913 11887 1987 6010 13146 12592 8848 7276 6876 12429 7400 4935 11135 10598 12357 8836 9701 7972 10167 4854 8328 3328 6636 1092 3175 3043 5959 6527 8672 5895 6200 6085 9212 3497 2720 669 383 3099 12603 13324 7859 9366 323 9047 12090 1899 6555 4537 8898 13186 5653 10717 2746 4023 12447 3396 2219 13421 12456 11628 12529 3954 8078 7128 9661 13917 13670 1527 4239 9761 11959 9425 9050 8926 9399 776 1434 11221 1264 9706 6674 1422 9046 10487 1208 12562 8889 12812 10562 9469 12421 3899 12777 3408 3489 9168 4212 1409 10802 7682 12277 11548 9622 13631 2290 4629 11925 665 8674 3473 2798 4703 9032 10560 1806 13441 2570 12196 4422 7799 7531 9144 8464 11295 3052 1055 313 5695 4664 13552 10567 8879 615 7320 8558 1321 5676 7831 6845 2957 7340
851 13487 10103 5269 7579 8071 10608 11152 184 2052 13036 4169 12740 7187 5614 11605 13191 7752 10183 10864 8305 8357 9739 12771 12374 7269 7217 1801 2114 12361 13377 8775 6660 6976 8913 3868 9928 13229 8285 7467 9346 11816 10395 13263 1866 1441 11092 10623 6401 9295 10571 217 3314 9319 5499 13423 8533 9871 2055 3279 13888 7794 11171 9000 6686 6226 7373 3389 2663 400 10215 3175 589 8641 4073 9321 6508 233 13916 1305 5147 6663 1209 744 5344 4390 1677 10249 3244 9244 5872 4465 5453 8754 5930 8781 5920 2029 3297 6765 635 12509 4894 3423 1381 3746 10922 3944 759 13523 2651 8394 1537 8226 5998 10201 10872 6930 8683 11970 3691 11332 2812 9444 4363 8802 7957 11754 517 4504 747 2248 3198 12867 1596 1574 12017 5490 4907 1437 5660 12544 13216 8870 2536 9533 3007 6707 8944 7020 2116 5549 10661 13022 9708 7646 10954 3121 4596 1172 1200 11730 7323 6342 1061 11141 2474 654 6959 5129 7425 10823 4305 1149 8704 5142 5321 10539 4477 2330 12019 1916 9974 6295 8113 12582 8222 4022 3524 13262 4416 11791 6572 6602 7082 7135 8350 9846 4698 7712 13976
852 5189 9928 5059 8076 12697 12598 11596 6411 5880 8611 6845 10047 4004 6771 1401 8425 13805 12931 9819 2446 13057 6782 13991 12469 11292 754 9480 2649 3055 8916 8603 6153 12969 4032 1431 4726 9110 6105 8637 1033 13419 13134 3108 6034 3578 10263 13149 1054 11712 5851 7739 6314 4136 223 4277 7923 13316 9726 13982 3387 5231 1550 4172 5122 13863 9659 8620 4742 9978 13761 8207 10000 9385 5572 11492 4067 11014 1887 9846 10832 3423 6973 7186 7643 10839 6427 3832 3717 7741 13763 11584 8542 13760 49 6181 12838 4856 10533 6769 11512 2396 8294 7916 6912 13412 6360 2116 952 5903 13839 3247 5270 7371 13825 1164 1312 4407 311 2723 4706 5623 13045 6211 6031 285 1376 8613 11622 13650 12275 5413 14191 12910 4401 6267 14167 472 7782 7883 6575 7393 7873 10290 13051 1098 226 6036 9965 4315 7416 56 10200 10055 6351 728 10350 2884 1348 11962 5841 4671 5772 3193 5551 1932 4210 12597 6290 383 10089 13341 6887 13476 3498 620 1362 563 3375 9957 7422 5964 3238 6949 501 9624 12784 10763 904 12091 4869 2631 11299 7489 7841 986 3025 11903 13766 10777 11275
853 13101 8731 6277 7680 6788 4609 12003 9651 2731 5882 3696 1854 13052 1011 11002 5178 6986 12305 8898 7569 12057 5385 910 1157 3281 10751 13591 2430 9381 4690 9518 10112 3558 4552 7474 10564 10923 4686 9819 3360 11759 10389 1187 6223 3663 2449 6339 685 3530 13005 8164 5829 2749 13739 8169 11792 10161 7367 772 12537 6038 4199 5060 7654 3293 13416 11754 5783 5005 7901 4308 3742 4037 5163 4069 2543 9334 1040 7395 11425 2878 9618 5219 2954 280 6319 2988 10157 7116 12265 12761 2424 11122 7178 8358 12039 8793 4433 12210 2914 12927 2161 6367 3478 6756 1659 13207 1614 7446 1554 4603 10622 4858 10824 1978 7443 3903 10889 4658 5093 180 13442 14129 5026 3324 6473 725 4663 13676 211 7099 7641 10158 3587 897 13196 13347 12356 9735 2378 2533 3285 4272 13554 5135 13268 12679 5840 4544 6996 3231 6499 8103 8490 7108 8516 6657 5179 7166 11717 1135 4203 3046 12535 2104 5061 10855 10772 4224 6764 5799 2639 12948 13053 2980 8470 12742 9075 3450 11747 1832 8381 9683 11174 3188 3774 7592 4077 3213 5266 8674 8496 2140 10190 4218 11612 10141 1773 7842 1294
854 7497 8514 5084 417 11454 11314 12179 7020 6449 4097 9411 8660 11952 10769 1992 10737 13106 3518 3986 5083 12829 1458 11893 4908 11986 13622 1686 2257 2150 13060 7521 6627 4102 12076 9557 8245 10908 8536 2305 11402 5154 5666 6997 10192 4144 2419 10498 9673 3549 13252 4320 1385 8800 6967 10049 6452 9799 764 4996 6724 12108 8534 5876 10689 9394 1615 2869 4700 2631 11708 2758 4277 342 5604 13298 2288 489 11031 5327 7909 12840 3756 4977 10773 8082 89 12750 4393 1016 6196 7714 12915 9153 1083 12390 2633 11160 6031 4683 8513 7765 5297 4390 10639 8402 10822 1254 6312 6836 9253 4652 2975 9371 1750 3089 2046 3025 2224 8716 6179 10724 1919 4074 5962 13518 11020 11866 3348 9360 4605 8360 4618 3945 870 12273 8411 7506 960 272 9836 4967 7628 1931 11216 5445 7857 9587 3176 1267 3379 6137 6093 5086 1408 9813 8914 7362 8763 10761 4739 9629 5722 14186 12449 10412 7056 3249 2409 10834 11939 2172 10101 1383 1524 7079 6085 12236 2095 11025 8361 11846 7940 4297 12141 8614 1874 9219 7801 12653 12478 7775 2794 8990 1994 4591 8345 5784 11174 761 8805
855 2882 10161 7104 10598 83 9672 10983 7660 7634 11332 10965 4038 8547 3303 3068 3493 7798 2432 11503 13441 11313 13538 1641 8179 11049 9094 5628 5960 10544 11322 10909 9318 10328 1635 10812 2285 12215 9120 10604 1833 8706 10124 6918 1883 1041 6026 7297 4821 684 6567 5744 12423 7406 11685 4824 11804 1404 7911 876 8881 5430 4967 13580 13859 2884 12173 2770 6660 7148 10931 4739 8600 8044 938 619 1202 13873 9654 3642 1683 9685 299 6551 10201 11782 12721 1264 9652 11811 6032 11528 9658 13885 2797 3218 8926 2245 8513 10947 8574 9246 6268 13144 7947 2871 11836 3138 10052 12693 1118 10414 9440 9472 4109 9601 12159 7038 907 2574 476 3342 7723 3195 1084 6653 221 13462 6103 6547 13625 1995 1970 12550 489 12719 3377 1760 2435 9225 7032 8052 292 9103 13212 700 14105 6508 4101 2047 4441 10991 8775 12699 1765 10685 6106 8111 4180 2604 1213 7378 7040 7487 11480 4040 3141 9513 163 8587 5707 13200 5774 6 865 964 7133 414 7294 8983 9981 11761 12854 5408 3529 12853 5888 3673 10850 5558 3860 11520 7177 2233 5600 686 5399 6336 9714 7339 10395
856 2114 8959 3215 1553 9887 4399 10877 1069 9451 7169 341 11303 6357 12106 10337 5847 5265 11519 7371 3221 5141 10832 5405 8227 1382 2992 11174 2875 4249 6679 9079 13857 3311 10382 5682 954 13015 1796 8517 13971 12175 14179 7551 9156 4850 12723 5001 7428 3230 9728 12019 1242 13271 612 6361 13856 3463 9329 7552 12241 13612 3616 2288 12926 1363 4331 10536 12200 10092 2904 3164 10383 6567 2974 3980 11496 8965 38 13899 6794 11142 5584 5571 8512 8974 11584 5816 10922 2467 9505 11437 1713 4538 5526 1737 636 11789 5688 10495 3421 7509 9692 8843 9064 13511 9298 13298 8469 5372 11518 10896 5093 5646 11893 681 11824 3060 2263 6558 8595 10519 8038 11380 5388 11107 1911 5626 10441 10477 5181 9161 9154 881 7213 1464 3120 12782 6192 3796 5905 13234 4455 11979 4658 4776 10028 2488 13713 12631 7473 8249 9809 8733 11201 13902 5683 5471 11655 1502 660 6559 4015 4431 3085 8297 10816 5885 982 5416 5313 4998 11155 3005 11732 9455 11636 6064 13661 506 9105 7324 13966 8298 751 10019 6139 8915 10418 9207 1440 10730 10550 4000 9851 8593 906 13375 3973 1777 6336
857 3035 6731 12531 6535 7090 11950 3240 1976 9777 7873 2479 1218 2382 7340 2111 12491 5271 2942 11228 11901 8644 2510 6795 7552 5191 182 2769 6075 7452 4144 11874 14119 155 860 9962 127 7822 3053 9501 13512 10011 5354 7734 11584 10438 13138 10360 4820 10045 11171 897 1150 8857 7275 1463 7715 4193 12176 6391 1083 5226 2193 7934 12927 2445 5078 6061 5900 2570 5908 4959 365 2370 7716 5098 7686 9334 4000 8243 5344 10579 6284 485 3197 11211 2977 1050 3518 13009 289 9593 2830 12452 12791 9361 8140 1085 8224 10170 1273 12882 10370 34 2781 6553 4435 4280 12405 3032 7817 12227 11825 1258 6588 11083 899 5326 9692 14065 5941 11803 12020 979 8089 2910 4270 13375 1114 4537 6681 11102 4623 10993 3419 6143 11740 5083 6471 9423 12838 6986 580 498 11097 12175 10992 10233 7364 3019 11630 10660 2909 7296 4599 11411 1448 391 13699 8998 5014 13710 1940 1813 9356 10691 9737 4743 5142 10139 12061 6682 11934 6919 11857 9099 6943 9292 10302 1192 10584 12404 13031 812 9221 8813 13162 1826 7474 3135 678 2080 7955 2747 6230 1138 8781 1502 12930 6169 4067
858 78 14079 13905 763 9955 8660 2500 7929 6263 271 2061 1292 3100 56 4454 3873 5386 10930 10432 5223 2621 3307 7802 12530 1779 9221 517 8440 11600 8673 4784 2952 12732 6089 4279 5041 75 2957 8472 12061 6807 4616 11648 11934 3994 8297 6661 12671 12943 12500 9154 8563 3922 7014 2020 5061 13523 1654 1680 5136 9029 6376 13242 9957 11871 13896 3193 12148 2308 7140 4969 7126 8263 11433 8129 2552 833 12058 3204 3490 1009 9071 5128 462 1970 10078 5890 12684 7079 13388 10814 2797 11278 11850 5553 2317 2053 128 3173 11137 825 5157 3843 4821 6370 117 8306 9117 2182 10304 13519 8023 13733 13182 11777 7384 8471 3208 4242 5692 9603 8158 11708 7235 11310 8289 13106 5092 425 8890 2330 10788 10911 5547 1230 5984 11053 12840 9680 3530 1748 11512 2897 5876 10302 13357 13636 13784 5871 11320 9424 4144 9201 5348 7234 11821 13310 1649 12924 369 3007 6788 5793 9398 12598 5818 5095 12385 4132 1435 12641 13298 8954 10455 9183 13599 7281 12016 3151 9790 5950 7586 11979 7222 7798 10980 6299 12419 2393 7545 4133 6098 6000 9139 2054 10418 172 7688 9042 10653
859 671 1046 4668 2409 8722 2548 7035 11944 3500 7112 13372 4775 13832 7262 11621 1030 8720 12219 1186 3012 3629 10138 10049 5345 13701 1273 10005 8146 12984 10877 7497 867 7720 9301 5820 4048 8808 5960 13650 10193 11458 13859 8243 1117 13657 9704 10744 8590 5500 9352 6990 7412 10035 335 6917 4936 4354 8636 504 984 11915 8608 2423 202 6985 333 2516 7268 2134 11223 1364 8024 11094 9901 10760 7870 7785 11267 2316 12826 5159 7383 354 9957 9346 9776 13494 775 893 3152 12770 46 3925 9653 5141 1256 4584 11286 8483 1965 11039 10823 12881 1198 3148 1258 9931 5758 9271 126 5541 1045 10177 1635 6832 11173 12513 13331 13148 4449 345 7888 13687 9528 1216 7781 1947 2121 1362 8977 8118 2154 7026 1187 5739 6389 4410 13796 2008 6407 3395 7671 10638 10422 10329 8681 12232 7504 13044 4021 6614 13132 8638 3634 3538 7287 14195 10134 12151 8562 9228 13653 5880 1818 832 4277 8440 2322 1470 3547 16 6463 1667 13827 1387 6457 12876 12960 312 10196 8539 8138 11196 12212 1865 2744 11035 2773 9405 5579 3849 5967 2381 9920 7465 9466 4130 8293 12630 4532
860 12134 101 8876 2658 5206 149 11350 1105 12101 3215 5636 1076 1077 5331 2395 3786 7228 2858 12257 5638 14134 3538 794 4419 8172 7660 6210 7904 9601 7212 7651 7423 10181 10756 1156 9701 2274 8125 6687 1396 9459 2128 6450 5042 4923 12144 6607 4109 3470 11113 11342 737 6765 2366 9850 12679 1438 9782 13432 9203 9096 6403 11628 7271 13753 10385 11245 5434 7496 10691 6509 12550 12142 5215 12797 9650 4440 4238 3984 9502 10600 2243 12755 13151 11910 9465 2513 4205 10623 13188 5189 4095 3472 11236 1879 12791 12747 1387 12466 9219 4832 14010 13131 4609 9518 2141 5172 9531 13697 3146 10639 5104 3372 8658 8318 11625 10647 27 8819 4335 12372 9144 4057 11474 2613 2180 14205 13031 12535 13204 10712 13078 6274 8479 6873 6514 875 12498 13787 2146 5217 886 12775 10104 3629 7393 11315 5965 12332 6186 3473 1340 11169 11741 11715 3133 8993 1411 1085 13674 10764 13047 10690 882 3355 13125 1274 5683 6553 9763 3261 9772 13130 3590 6654 8903 638 13107 9310 2586 1554 9105 7230 2367 13642 13504 13192 12877 9311 8950 8315 7091 13110 14065 7436 6847 867 6793 8103 5712
861 1177 14187 1382 6069 2413 1942 7637 3469 11426 992 12515 3381 4446 12854 8138 12263 10853 10939 12683 6271 704 4435 4577 2270 6768 5729 339 8016 3409 11873 12199 13942 4982 2671 3215 13685 6789 4214 4418 8072 474 7180 2363 2979 1384 4942 1477 8949 13254 3571 1802 6783 9901 7171 4834 7164 5437 6275 14101 6419 14130 637 8699 14122 3000 4338 8521 11114 2485 5403 4476 3367 4078 461 2148 10822 6024 480 985 6430 9761 10848 9271 12701 7110 13778 36 13463 571 13433 5596 10870 8747 10877 9130 11234 8911 2041 10982 2871 9858 14030 11898 5754 13438 1117 3911 13386 6691 11239 4421 12789 13721 3279 8260 12127 9343 695 233 9638 125 5620 8385 5469 2725 7632 6619 10085 10642 12681 12994 11034 10360 4962 9274 12270 5073 12314 8216 7825 1323 10835 13111 858 9663 7564 9198 1630 9421 8246 7660 5377 3347 3466 1733 549 12432 817 13518 7136 5514 2614 2020 4828 3617 9205 13691 1839 883 1814 91 11990 12268 1272 5559 14057 11416 1159 13767 9759 12375 5845 6036 4080 6644 11261 12670 9886 5478 6101 2880 2427 7060 6204 9463 2887 1913 9101 12015 2515
862 3457 362 9871 2281 7101 4045 12394 476 6888 12548 11754 7654 12583 13268 8799 3925 12106 1068 4847 9266 5716 13771 855 3622 6589 10412 12887 728 4518 13049 3069 51 13202 4006 4162 13242 256 4776 10089 13457 2868 1785 1865 5297 4616 8856 6956 1604 5066 4857 11324 13807 3665 5119 13122 1606 10414 11447 13431 371 2771 3693 7758 11422 4861 326 3373 4184 10004 1104 10017 13633 10453 13214 9023 946 3356 12222 12632 7789 155 10878 8764 3195 8282 12144 1411 11502 13270 9377 9536 4753 7627 1700 8558 6439 2361 7007 5495 6342 4145 65 6334 3387 5948 9301 10930 12372 5878 5850 514 7089 7071 12207 4907 9373 11580 8552 10361 139 13863 5179 14111 11579 8813 7588 10433 10080 7701 2745 8964 1932 10061 9832 10479 1664 956 12401 3981 9781 11626 12872 7367 3091 2119 164 293 12003 1400 11714 11469 2130 857 278 179 7233 2479 372 8252 6010 9908 10225 4264 2384 8183 4733 3281 11734 12399 4922 13403 11079 11292 240 9167 4964 10916 2316 8829 3684 9880 14092 10405 8525 3960 4110 10190 11482 13699 1957 11769 3295 4491 13399 11782 1912 5024 6871 5220 8574
863 256 7682 12645 1476 2744 6585 11429 3792 11089 561 8079 10926 764 11276 3437 196 12764 12693 11330 447 8845 9232 3693 10081 9156 2016 14115 7148 1991 9304 2134 4926 2094 7426 4653 11202 12136 4278 2217 11777 11925 13334 707 2633 8550 7455 2182 28 13474 10703 4788 10103 10117 3744 1306 12094 5839 12927 10094 13772 980 1671 9893 650 935 4148 11067 6334 7861 11475 10937 8587 10079 2014 3381 9909 2946 9537 9601 7527 11054 5183 69 4659 4675 13062 9990 3611 5240 13723 3239 554 6674 9541 2475 6203 10648 6092 7617 6394 13003 8564 12609 177 8643 11710 6560 4621 8973 2666 2655 9330 10755 13203 4428 11550 12123 10036 6591 3677 11039 4668 5809 11421 5489 14204 3580 13659 9881 13653 7345 7492 13765 8196 5281 4761 811 5443 14167 10585 12836 4600 13542 11910 2057 11543 816 1066 5634 904 9388 11403 5131 1451 10177 13725 6702 12823 11751 9534 4319 11431 10012 8759 2433 8684 13367 10660 8803 7167 10772 8424 7073 4314 1700 1550 55 12172 7786 5117 1690 3014 9094 3992 180 8663 3348 8721 13025 572 6703 720 14209 9543 12532 544 11551 12994 10909 13689
864 2517 5821 4506 12875 9880 10941 1326 7167 4704 2118 2857 254 7433 6969 3503 11926 11300 5415 5408 12965 9210 3351 4161 9497 4768 3141 13387 8827 12097 6136 2101 1769 7357 8251 12455 11445 5543 854 12293 11575 2421 10407 13301 5786 2340 13275 6845 7770 12061 1121 13826 5273 7702 670 7010 9120 9239 13401 7904 2121 11888 1134 8388 9578 7666 13439 8020 5063 10263 5079 13152 40 180 11606 13449 1594 10660 10045 7868 1937 11373 12379 12502 8987 11747 3075 10546 621 12667 7684 874 12269 11547 6011 9987 10610 2200 2994 6653 10684 13012 5714 12807 11896 9982 2135 12309 9057 13504 8163 9477 594 7058 1484 7565 3772 5940 7865 11262 7168 4434 8054 7128 4145 14002 5330 4067 8392 1080 4540 7670 3940 11866 11049 1880 13520 11634 2664 2960 4122 11828 873 10469 13216 8945 12912 3013 5317 10167 12124 4671 8024 2550 11558 3643 12130 11973 2913 11216 6373 10613 1158 5236 9739 3477 4015 3446 4943 12112 4056 9174 5782 3258 5068 7154 12192 12308 7368 11791 9468 5400 4243 5827 8478 2864 6041 6060 12893 10893 12251 5028 1446 3827 5949 1535 10473 9274 10998 3515 3819
865 97 10567 5728 2922 7894 7002 6510 13468 3116 9574 3782 3179 11359 242 6713 12561 3732 7021 11677 12765 4696 3578 1471 4029 1102 8857 13107 8040 3916 4894 6050 7088 13633 4224 8618 7882 7084 9718 8740 13366 785 14014 8962 3054 9889 5368 3556 7143 5285 3961 2815 1533 8523 3966 11530 11914 10791 8547 12986 7302 10865 12452 1873 6994 1513 6331 1101 10432 11367 3385 13973 13837 8445 5156 6741 1974 5275 12994 5790 8734 3035 11363 13149 1204 12613 13860 669 12111 9949 1818 1125 13905 3697 9040 1667 1065 9154 13136 2806 1473 8658 13139 4192 7375 238 504 2109 3380 7755 5905 6761 14013 6920 13297 1189 11802 12002 4341 10384 298 247 6782 13065 11331 13550 2122 8680 11311 13340 240 14176 3675 2080 13226 179 6830 10291 5145 1730 9003 987 2268 11071 3575 2068 11397 13583 5173 1737 13774 5314 12490 1367 1284 12465 6861 11535 523 4600 8960 1773 12956 2088 10632 498 7933 8412 3300 9731 8788 4400 3247 12737 8634 1731 7296 8543 9550 9895 3157 4745 2265 1293 8421 4508 8570 11346 5170 8602 2249 8860 4753 1866 11202 1274 11494 3607 4574 13731 2350
866 8 3389 11173 11900 3924 1128 10998 9388 3067 12729 5804 6179 8301 11214 6667 13510 7942 9292 331 3743 5314 13505 4196 391 8971 8798 2609 8736 7258 12681 2470 9041 12818 11837 8274 10232 11458 13481 4966 10026 5092 11310 13716 5541 5197 9625 830 13935 4552 11601 13645 1437 8467 12247 3159 12567 11229 3288 393 2061 5608 5748 13188 4871 12890 9161 13307 13116 3417 13168 7635 11006 13523 3473 520 11264 13562 2492 13084 1783 10017 5651 13963 750 1981 785 9111 4692 7768 12953 3562 8757 13788 3914 2731 9152 3273 4199 8344 1298 9044 8482 1242 8029 3091 8587 756 10421 2607 12777 13214 8426 7806 1540 6036 2735 9006 6442 6262 11732 2489 9245 9963 6675 5267 438 11034 1342 2136 638 8375 12538 8744 1990 8051 6153 8497 9826 9895 11347 5109 8518 586 2554 6412 2992 140 6898 1878 8982 6597 273 402 5192 1840 11359 161 2167 6903 13494 3707 12939 10694 3590 1897 12845 7046 2175 7124 7345 9247 6181 9317 4300 12161 10562 11933 11284 1458 844 7633 3555 6112 1006 5268 5138 8918 4772 9911 7965 3153 5400 4947 7042 11991 9850 11661 2651 3017 9840
867 1753 11853 9089 6616 1445 8115 13019 12131 8701 10806 6167 1532 10516 5145 912 3884 7726 13944 10295 4865 2627 7672 854 3425 11066 13582 12086 9706 4753 2479 9684 9606 4256 8466 12888 4515 7943 54 569 583 13928 1818 6712 13086 132 7725 13008 7084 12342 7223 9671 13182 2260 10244 1941 5522 10015 5419 11566 11471 7281 13812 13635 5942 13393 11442 14120 4110 9134 10370 3687 6678 3186 7495 3854 3971 8961 9754 5172 612 10210 6279 1950 5063 6100 3943 12106 6101 6603 8256 4178 8451 3509 2016 9720 10605 9266 8775 12357 2511 3029 1192 2957 8975 12079 14185 4674 4779 6093 4811 7712 13131 8644 3806 4783 13478 12376 4203 12704 10697 4590 2930 13709 654 2032 9471 7647 10098 1575 4676 1662 14034 823 11135 10932 4597 1362 10543 13668 5389 4935 13643 8934 2163 5596 3875 9739 11387 11568 6015 8509 7214 3975 12507 483 6950 13471 1948 14041 10232 6252 1016 9046 11900 9991 1735 11607 13711 12758 13644 2012 2585 3647 4044 8328 7908 8181 8679 4612 8302 8481 14136 14141 1573 13864 10654 10335 10505 4131 3005 6235 6779 2124 7225 3754 6050 11435 7450 2277 13889
868 3888 4918 9353 14212 5773 12660 3087 5803 8640 3494 10744 2103 9444 6581 4321 13510 8319 3195 4352 1911 6679 5513 1689 8124 6141 1590 11884 7533 13989 10505 8053 12581 12439 5537 4327 13481 2599 4895 6789 14032 13199 3696 12701 4258 3468 5777 14167 8709 9154 8975 13900 10024 8960 10807 7790 147 12822 3318 226 4701 10709 289 12261 6486 13585 7260 13158 13831 7615 8923 219 5308 2209 6164 4800 4425 11521 5379 6450 7410 13569 13798 8517 8156 9783 12917 11784 12026 1844 4070 7113 9687 10195 1057 8067 9811 12266 308 12862 1544 2407 11601 8498 12615 3857 12101 1513 7216 4439 1926 1618 2537 11816 5697 7104 3382 2199 12747 11067 9876 11118 2377 10159 11331 3516 6161 8978 13531 73 5475 3529 12871 5213 11299 4647 459 719 5045 7718 12796 11484 4285 8293 11993 13881 5422 10886 3065 9900 5142 8154 11777 5478 13782 10175 12937 1274 12548 173 13562 11276 3596 8158 2769 8066 3678 10235 8467 6494 10636 297 889 330 5316 13998 4421 5694 9003 6158 11809 1020 3383 1730 12204 9309 598 1353 13408 13560 8618 9546 7268 501 3421 8539 13416 4691 7170 8730 14082
869 9028 14014 10160 7136 8811 8671 9597 7412 11413 381 9997 9304 123 8032 7485 1454 12853 14008 12910 8249 2551 2249 11855 774 6502 10107 7902 7832 8436 12059 13919 6333 9385 9245 4560 13686 3249 3821 12831 8303 5246 13864 5879 4345 11711 4678 5201 8673 7182 7752 6078 1308 5950 151 2618 6957 8310 10096 5229 13111 12836 11730 9167 1630 948 11661 7026 10763 13049 13927 2438 97 11643 457 13823 6288 2762 5892 4571 4043 4810 324 1535 4860 9096 4955 9022 11709 1288 11194 2258 4227 5884 3523 13392 7459 4965 4833 6728 4107 3437 11523 11526 8437 10712 7564 12769 4321 6884 7673 11926 9257 4436 6575 4653 1934 10651 5199 9145 4952 10469 1469 202 13623 11970 2384 8258 12437 4774 6588 13676 9943 7642 3943 2413 8655 5606 8009 5590 13076 2625 6442 5993 12582 11720 1029 5980 8530 9552 10866 5670 1434 13965 11028 9509 1138 4896 2598 1362 3251 337 7038 10837 7030 5975 4708 13174 8235 1545 7164 6022 5016 7800 6362 6047 5805 8859 13193 9645 10898 10800 10209 11219 12799 2153 11024 3488 7928 5994 12022 4170 13227 12156 13187 2813 9017 5042 14181 6886 7559
870 31 5114 7902 7829 6223 4430 723 10259 5736 2325 9813 10349 9942 2184 12280 2435 1160 5904 11745 12574 4646 6584 8561 9319 6325 13032 8379 14049 10651 13073 4642 8133 12243 6884 13917 7743 9082 3739 3279 10947 5057 6183 2058 8577 12441 6470 13412 6008 12371 1717 2040 13928 10804 1999 3633 13230 3032 9900 9681 11295 821 5152 4730 6448 13382 1821 7841 8721 1866 7789 12063 2569 8819 508 11054 11253 9146 9582 8753 10466 349 3154 1606 1663 10627 2264 5185 5545 11529 8583 13029 4334 5704 7781 10490 12399 236 9248 1953 9519 7608 13683 13428 8088 6389 11421 6879 9445 6371 11051 1425 6793 6085 13065 5326 5562 14189 12710 9468 1148 3692 8784 1891 176 10473 8628 724 6474 7210 5429 1855 7526 5220 5828 4923 12028 5409 7759 13746 733 13982 5837 7294 6140 7491 2755 6041 4586 7008 11858 10964 12709 10380 6913 933 5066 13187 13637 13203 5276 3270 149 6970 5070 10744 10616 10509 9897 1676 11963 8399 230 2628 3325 7344 3181 9101 1325 3837 4920 9419 5868 13909 5865 10063 6123 5695 9833 3109 10816 5833 298 13146 13677 13 7604 7128 8838 12188 11102
871 8058 13629 7920 611 12459 8782 13601 9395 5296 7633 5453 1678 1383 492 2500 3667 5350 11555 7716 12812 8481 4142 4948 11741 4315 10158 6625 4790 657 7860 12377 8643 6087 12777 3585 5856 11927 9692 5274 13417 5839 831 13081 9559 2184 8316 8591 4894 6679 4863 6607 11527 10493 3615 1889 13139 589 9427 11308 6203 14103 11756 2010 6335 3453 8054 2708 13536 7590 3619 1725 11467 1833 3726 1561 8195 12767 10371 5871 11381 13337 13145 7586 11259 5094 283 5250 3931 6739 5199 9262 4101 12385 6737 2163 10193 3269 2392 11825 7328 8266 8371 2232 8933 12850 656 12887 11134 5989 8832 8883 11410 4374 6362 11048 9190 10462 12070 3146 13831 11699 11459 5342 11708 3142 3125 3596 8257 353 726 7879 13719 5744 9846 13146 13266 4644 4103 6840 7630 10159 10817 12810 7645 2490 5816 11025 4475 5395 6285 5769 12884 4432 8100 6259 12833 2309 10257 12915 12189 1587 13499 7787 9753 6511 4471 6142 11587 10928 1215 1594 7823 3501 12103 5445 13059 5118 9420 11384 8388 9715 5747 12623 9831 2656 10212 13927 12780 8848 5945 6534 11655 10169 6795 13403 9102 3683 4001 6651 8071
872 1665 2502 8757 11793 7884 574 9664 6481 5575 3738 13673 5351 811 11960 11078 11775 1418 9497 10635 503 14015 12928 12779 5341 11749 7918 4476 2579 9076 11044 2449 762 8692 2244 13344 9552 13789 1789 11243 5483 8640 13761 3489 5750 8090 6157 2547 2604 8546 6451 14163 2794 8424 1698 10121 5673 7771 1367 1697 5949 6550 159 5368 263 12869 12609 5867 14116 13608 13741 11831 7156 12644 8783 10496 4602 11649 7861 4578 730 5319 6907 6795 584 2221 8280 10348 3894 5345 6183 2544 8388 5096 2163 11582 10456 1147 5537 5283 9141 10882 5030 5407 9068 781 11987 3143 3624 12361 12192 2089 11614 6126 10464 1535 229 4489 11561 3540 2012 8432 2210 5940 2321 8507 4621 12678 11646 898 7989 7014 2638 10074 2169 267 5809 3582 7468 2840 12036 11984 9213 4219 499 8982 12477 2102 8448 4730 8020 4487 9551 2272 6237 2877 8543 6300 6706 11489 9777 13823 1883 168 3452 4826 9007 2874 9747 9391 4596 13817 3523 12829 6091 2797 5348 1959 542 8113 13525 835 2372 990 3447 11541 10894 12112 12183 4481 4668 2098 5743 606 10766 3362 6782 10305 5381 12203 2542
873 2696 5575 13145 11529 10783 5329 11622 2555 1943 9038 13961 8028 7128 5874 7743 9407 2197 5192 6177 1708 6756 9871 11864 9674 4712 13706 7970 13860 12725 11384 305 4370 11521 5347 12292 11971 13332 877 7262 13350 13723 1026 6657 4220 8524 4650 4881 8932 10138 9435 8771 1761 13983 12985 6331 2621 2837 533 4497 9956 3026 13331 2544 8517 1607 5676 1321 9172 9497 11457 8715 11641 4671 7261 330 11551 1625 13607 6232 11673 7967 3225 12019 1044 5360 3035 8627 2335 5738 11742 9384 9248 12466 3679 10485 640 9340 12204 4637 4348 3076 2620 11383 9409 5435 6097 7574 10634 7649 3759 12409 13186 1339 10551 7465 10833 7421 7354 9427 5129 7424 12607 1875 1869 4610 4633 12488 9827 821 13671 3120 13468 3751 12001 6128 3480 2951 11504 2253 12094 10946 6355 13307 10495 8324 3133 11973 1789 6895 1489 10978 8785 13810 121 8485 8146 1839 8891 3701 12048 2485 4245 1605 11952 13452 2942 7709 1280 13595 7575 7798 12703 3116 2781 3323 7063 4398 7540 7716 1252 10684 11612 5116 5078 8284 1547 12099 8887 11030 5334 13438 14087 10379 10397 1320 13538 5559 4406 3849 8365
874 2734 423 7079 693 9478 13202 31 10371 5933 2670 1217 12519 9535 13654 14153 4890 10309 1461 4341 9470 13470 13897 13918 10119 11537 5026 5629 586 11032 11760 11579 9761 11694 12173 7008 11215 14068 2681 5474 4109 2689 4326 4759 521 7444 13295 8140 803 6287 5221 12350 5732 12572 561 3890 3877 10287 13652 11842 7202 298 4536 721 5983 9153 12020 6194 2394 12752 1360 6547 8191 3000 10534 7802 14088 8914 12778 11137 3325 9217 2570 4798 11230 12466 1009 13078 7006 3702 2525 5227 11080 7712 9892 5863 7133 4323 8627 10911 14073 798 4973 10046 2336 8943 10145 9191 11130 3181 3053 13229 1958 80 4916 7526 8413 8792 7788 4222 11783 6160 7896 751 11272 13228 14188 9190 5539 4593 14181 510 8114 12882 949 10501 10165 7328 12644 9111 4230 3215 7474 1617 677 1495 3923 13601 1298 9583 13634 2708 2452 9447 8734 11570 4884 2514 4042 3684 12181 3552 13158 3514 7024 7220 8293 1451 7268 6917 4275 5274 2925 13757 1562 10834 13136 9828 3160 9935 10219 2735 2963 5881 13881 1588 9955 11569 9785 10139 2714 13577 495 9553 5575 8342 1926 9804 141 2398 9073
875 2089 8923 9593 13850 13901 1366 13984 12685 6126 10744 7148 10580 1688 11294 5918 1491 10992 8991 3792 9303 13844 873 6026 6804 2087 11121 8194 9950 13413 3555 6086 6785 8305 5359 11858 9281 954 9703 2899 4665 5845 6099 12153 12626 10352 8660 12860 5666 3083 8371 7735 5145 2489 6085 1825 2838 13007 5507 10466 2207 8623 7292 8439 10943 3263 7929 10794 11733 7358 12400 4193 2142 2593 9961 10999 2165 11120 4938 12397 14178 12897 12707 8914 6445 10301 1389 3340 14179 2464 11907 1352 2700 10307 10447 792 10680 8303 551 7557 12549 193 3436 13681 5118 12592 8134 11986 8501 3760 13843 10806 11290 10257 4235 10410 13561 11304 10574 3560 7443 13231 8203 10893 13717 6698 4288 7196 2348 5862 7125 3146 2 13862 2121 10878 5782 10959 2382 1678 11352 3855 13272 186 12018 7129 8275 12531 8650 8198 5574 1414 12744 4694 3 7696 13052 3869 9508 652 2646 8486 6432 11100 11856 8815 643 8419 7726 6526 6821 11828 2805 12116 3488 3481 12354 5102 14015 4146 13113 8987 12461 10197 780 3075 5538 1263 7153 1702 9782 10922 7526 2671 11953 8644 1884 1321 3993 10977 1288
876 5745 321 4400 5669 2949 13915 8841 6316 13703 8721 6423 9136 6692 650 12344 6356 5210 2967 7609 6379 9764 515 4169 13988 6584 2495 12350 5400 2503 5038 10181 4044 9213 3490 5033 10707 3706 2531 3348 2291 2873 9552 9924 9167 8732 5008 5429 4981 6999 5886 11803 7440 8169 2234 8378 3649 5423 12067 8560 7720 3132 7399 11190 7907 7912 7963 5792 11178 3820 7487 10303 7376 7633 12944 163 13080 6958 4754 9168 11812 12602 5050 10012 10832 972 2761 4164 8176 14024 12440 13852 612 6216 14055 4899 8973 30 12477 6305 10706 11890 1559 8813 9186 3059 13653 208 7747 3126 1126 12160 9283 3836 1960 10588 5352 8828 7611 7924 5182 4684 6758 13605 2685 754 12132 11532 5016 11725 9284 11360 14046 1490 9698 12713 5626 27 5450 9566 11176 6712 4372 9037 6738 7827 7215 13632 11868 9250 12256 3971 12859 4632 13154 7793 13480 8717 10004 3057 10352 7985 7814 13537 10374 3428 6040 11663 5385 11329 8737 8144 3489 7593 5481 5936 4871 2845 13237 1729 1871 13269 7899 4567 224 11468 3590 663 4677 4371 9471 5383 7304 11349 8103 13306 7821 9138 2736 7055 12409
877 11304 12986 13769 97 9800 11225 8183 9836 2213 2545 5304 11248 12263 13197 5073 13774 13879 10163 2996 1594 10201 131 9437 13527 2687 8333 2571 3115 6200 1633 5836 2738 10541 9826 13515 7662 6980 569 8263 8584 6322 3899 469 4289 12381 3785 8336 4550 11078 5995 6931 13967 12193 205 7048 9183 6083 3045 3732 11614 212 6941 1244 4074 9845 10111 12282 6301 10557 13856 6858 12543 7019 13490 9736 7619 11716 11492 3719 6214 13135 9269 5534 9047 6819 10833 4536 5401 1946 4371 3450 1647 3225 5961 8892 8815 13181 12399 7298 706 9746 14071 5309 3145 13458 3509 13019 756 13907 6949 5781 11378 9761 11538 12130 7830 6056 13285 4277 5573 5833 2348 6384 10956 8442 13066 2694 4457 12418 11705 8677 4832 11500 404 4756 13443 13674 10402 161 11970 5887 11675 2563 1251 1191 3577 3285 10798 12996 7768 3983 2124 10094 11050 6184 12119 12114 14161 4413 13275 1914 7192 7287 6907 7385 3105 3563 11120 1722 2417 1953 2049 524 13858 1545 11572 8862 10461 12145 743 455 7361 7832 10977 14208 9707 11822 5352 3499 9374 9678 4068 10898 8970 10181 4226 14072 10942 10650 2551
878 2949 9834 7834 10718 10834 9242 2472 10275 11088 9308 2107 4195 1449 12947 190 5125 6194 12240 1767 9369 6010 4378 13238 2529 2097 7842 5209 2857 5392 11977 8531 12294 11960 6987 4766 2689 8336 4577 9334 9775 5313 5381 1497 3920 2902 11481 774 9731 12522 11532 2475 7127 13036 11411 8113 7098 5092 9451 12912 12033 11353 8550 8724 11956 14213 12332 2047 4957 4046 6930 4189 7182 11666 8411 6249 9785 4891 11935 316 3949 7560 1952 3658 7937 11625 7026 10602 4743 10903 11373 7263 1459 7340 2268 9224 1059 9209 10923 9029 4421 5436 5150 5222 699 5151 3619 8299 9825 4822 14163 9650 2217 9251 872 10186 3661 397 6967 12566 5920 1064 5112 10784 4029 6064 3126 11567 13570 13440 1872 10953 910 6153 2068 8920 299 7205 10952 8548 7147 11206 13731 2973 558 13135 8811 4080 3551 2832 10425 4511 10183 4367 1631 8744 6696 13725 1176 5227 2553 10875 8497 12161 5670 2829 9078 9757 10290 10741 2446 3396 6975 5889 1594 2149 2125 1240 7458 10164 7819 4452 7635 8089 486 9540 1801 6992 726 7079 12088 7525 9431 7198 9515 4583 6327 7796 7934 2727 2642
879 3625 10189 11584 2823 8561 2987 421 8630 12090 13540 5399 290 12560 1506 6576 7561 174 12515 1796 1442 12215 7916 6657 6570 5019 7273 8565 2587 5958 2162 4412 13556 11330 4129 2484 13863 1423 4923 4345 9245 6571 1218 4218 7746 9812 1564 5376 9416 5545 9569 6877 6641 7095 3822 3799 9658 9644 5999 124 12079 2968 1758 3243 13567 11176 1760 2210 6023 4822 4372 7894 1728 6433 5144 11708 477 1681 8341 8088 9032 13349 9927 9648 552 5033 1779 4524 7987 5106 2169 8675 1381 6913 150 2996 1208 10205 1122 13192 2853 4561 5197 12314 6055 1125 436 11070 14095 11780 1403 8328 4663 2180 10402 3577 7243 7564 8183 9562 3590 6296 2225 212 7462 5477 14144 4165 4260 411 13434 4507 12911 8314 3394 4259 8055 12467 13656 10442 3238 4879 7081 13233 13415 8826 9203 8649 4700 12308 91 7460 10897 3898 4981 11612 521 5375 6523 2040 3550 1640 7556 5555 1202 13671 9151 12968 10863 3751 8745 1412 4858 1722 6530 3176 2095 9978 5000 13999 6199 10772 3524 12841 12712 9787 5538 690 1043 12316 4474 4404 3553 8297 11642 669 205 7786 3171 12137 493
880 10193 4697 8489 6731 6776 6115 7011 1348 219 2894 264 11569 11262 4461 14112 5361 11801 7989 6300 12649 10201 5421 1141 4904 1656 5652 9737 9118 5516 8622 8174 9207 1425 252 11437 10490 12937 13288 10258 6908 12058 4432 5420 11071 12373 8156 9815 7576 415 13205 12730 13890 6947 76 2215 8109 11548 5071 5082 9013 10806 12353 7 8894 12237 7807 12202 12222 12311 14114 11906 12651 10791 9774 731 6117 13858 11877 576 3986 9897 3307 7105 4790 7588 14145 3052 5117 9494 7974 8206 13012 4245 4869 2673 5078 5611 8712 4205 4021 1225 1704 598 2193 9864 7691 5932 1074 5169 13558 217 13629 4337 9565 12481 3509 9324 12741 4630 9022 7476 4020 11888 2703 14055 1192 14165 11155 5121 10809 8698 10985 2914 11857 4768 5906 7627 7463 9461 10808 4359 13553 7223 7287 8535 4454 4424 1774 8159 2155 12274 13006 9927 4496 12035 4889 3689 12572 13053 1350 2769 9917 6672 5780 8434 3819 8126 7656 10599 6856 8494 12680 8530 2693 5845 1870 12466 11494 9158 8476 11924 334 5106 10242 11527 9853 10873 2971 1671 12787 3402 2567 8301 151 435 5963 769 6534 1919 1669
881 3374 522 13494 11864 9399 10698 6471 12530 2214 8900 4457 1081 3946 7863 6283 12116 11548 12344 12359 6284 4439 1591 9234 4591 9908 7185 12311 2307 1632 9292 4925 381 5875 8725 7544 9901 11748 818 13976 13547 11358 8827 13599 2126 10328 4818 576 13024 5097 2558 6232 394 4208 10020 9358 2984 11949 2936 5081 3063 8464 734 8445 7895 9881 13772 8753 11043 6592 5533 8828 6066 4950 1765 7673 12220 2990 451 5796 9655 12196 7299 10886 8986 11539 10650 3986 6577 5398 5575 7077 498 6838 3189 12168 5177 3480 5921 4096 12154 4662 12977 1094 8276 13098 6711 7934 3173 5839 7968 8180 3622 4899 7890 6306 558 10653 11127 13835 1776 13487 14158 6525 10873 6409 11098 11530 4631 14013 3392 10502 8154 6433 11520 12702 12635 10692 11961 8857 12038 2571 13539 659 3367 9179 590 12128 2026 13549 11632 10687 2268 6902 3041 7983 6912 6437 656 3048 1143 12137 8080 12604 4207 11741 4780 614 11303 5936 6554 3175 9348 5908 6957 6316 7837 569 1601 5368 10591 89 10839 3403 13504 4416 3014 6622 13827 10463 9695 13193 8676 7228 3868 14070 12334 2701 5211 9967 5825
882 570 5776 5504 6741 5212 14034 11847 2706 870 3126 7190 11908 1182 12510 7501 8419 12967 12833 2909 4580 11335 13931 12260 13295 4234 4647 3029 5623 2541 12431 2268 541 6033 2879 11897 12053 4014 11863 6382 4893 2550 10100 13252 13558 2986 1097 5252 13663 10337 7108 8594 13183 5577 5362 2598 438 1698 9970 10752 11496 9570 10790 1017 4228 9198 13529 12537 5905 2251 1514 8144 3324 2500 11374 8513 10875 3921 4101 11520 13362 5476 12453 2462 1806 12099 6932 13562 2379 2038 3696 4380 12962 12340 8807 10109 10010 1587 9592 11978 978 5276 12160 10699 7867 6570 5774 941 4921 1201 11157 9737 4842 1459 1756 8626 11390 7760 6443 13457 1782 12050 10376 11550 9668 3720 10170 722 2337 154 111 10107 12672 2915 12868 5920 7259 12608 8714 5122 6049 5493 374 6563 759 3701 12456 1151 12 2190 7714 2048 115 8647 12633 9404 5312 5477 4521 3445 3275 5744 6898 876 4327 3264 7069 7454 8410 12835 12975 5467 12242 5986 3481 13657 7813 924 10711 3461 12259 13866 12460 11549 10732 14194 2159 526 4355 8712 11145 10879 8505 2044 199 1142 6616 13155 615 4209 10292
883 5105 461 4605 13372 13041 11803 4089 13699 2526 12362 12145 10717 8529 7507 7636 7898 5552 13667 4671 13580 13389 4968 6077 12388 5754 11115 995 1866 3811 13917 11726 3806 9890 100 9674 4642 8624 13532 2831 8749 6973 1068 1990 7358 6858 5482 12236 8697 8801 13160 5440 1271 1640 9648 3202 8997 13588 5214 13169 6477 9137 9856 6356 10953 10972 5800 12695 6140 4829 7514 1182 8542 8354 1512 5570 4106 11108 3939 9312 13711 10716 9432 2969 10073 9892 4870 1979 11443 6554 6379 12739 485 5079 5145 13093 4328 3877 11300 10779 6254 19 368 5198 3584 9627 11550 12127 4754 4889 7807 9513 10476 4970 11763 1048 4234 4971 9241 6767 3587 6218 3755 3004 235 8606 528 2608 470 3870 1565 12380 13720 3482 4888 10912 3415 11795 6457 5220 13595 212 2922 8596 4554 27 13369 4753 4249 8173 6881 9012 3318 3290 3191 14069 4687 13598 2347 11855 8761 13404 411 11769 11335 6978 3831 672 443 11281 12218 13426 2210 13884 13739 9659 13897 1915 10415 9851 592 2719 2725 9218 11019 9394 6060 9795 6681 12109 8392 2433 4425 9467 9388 10885 8083 11295 5954 4975 10405
884 5372 977 8087 11659 11058 7400 10304 4532 1622 10065 4103 355 7466 10377 9665 6230 7812 3664 8708 10498 2328 9262 3042 524 13735 7698 965 10320 9096 8925 3431 12525 2887 961 11508 2871 9037 3347 3135 2114 5942 13850 6155 12553 7580 5279 1433 2066 2385 306 12916 11694 2117 11054 5132 3897 8030 3519 974 7083 5263 1893 5090 7450 13466 442 534 3465 13664 7256 8942 13235 10682 6437 13929 10688 7380 10141 9931 5359 9018 14 13651 12700 1583 7278 13215 10205 3566 9268 6051 7740 10917 6690 4508 7435 6290 6212 2036 5905 13992 11036 7332 14027 12226 7895 756 1762 5932 1137 11979 9405 5156 5864 2764 8837 2551 4483 9677 9155 1726 3729 5809 5846 8517 13857 14182 11796 4643 8199 8454 7993 266 2409 2265 10135 5604 13123 1215 12940 4975 1970 5246 11748 2695 1580 8959 8435 8315 4503 6734 1596 8107 9574 6162 9064 3918 9430 10004 14147 14184 10285 6125 13284 5576 392 4171 5334 2574 8434 10962 6678 12828 11862 6355 953 4304 5162 726 6515 857 10172 10756 3611 13043 6159 12979 13996 8463 4936 14172 3891 11224 5687 12751 10676 7741 4785 13509 9310
885 770 4822 6710 11925 14110 9736 9259 1570 5072 12597 4987 4136 3495 4564 12317 4961 9717 9620 6429 4616 10019 12431 694 8916 11910 9251 9851 1879 11235 3589 1440 5772 10175 13990 944 6293 1945 1231 1449 2391 4359 2113 2827 6101 3293 12476 2807 5292 4246 4911 8370 13286 1266 4807 1914 6562 10151 170 50 9637 8529 2288 10702 6054 10909 8824 2605 3813 11593 12690 8899 12828 1851 12441 6708 7283 12699 6195 1891 4969 11388 790 8879 13207 4585 606 2192 9747 8584 13865 5188 12354 9400 3782 5163 2934 11116 8139 10719 14168 10697 7021 11266 11578 10018 11477 11106 12914 7621 11161 3091 11163 8480 4417 3775 1597 1699 7769 3221 4399 4212 8734 1450 13495 13568 6226 1639 3902 7959 7655 7602 6260 12316 2438 4373 7641 11873 476 4477 2242 8835 8414 4797 11794 9036 9188 7008 5328 11721 8286 3849 4790 11710 13668 7698 7481 13248 7673 10157 12035 7260 4256 7297 5164 5364 6225 3769 11827 9079 4641 7658 2962 10044 598 1109 12568 9820 4882 8249 12314 8112 10986 2642 11768 10825 10881 687 3021 86 402 10062 5771 4314 11079 5745 4952 10625 9204 4671 7778
886 2477 1837 1302 12948 2745 8518 12301 13197 13464 12478 8081 2039 6854 12852 8025 12199 13818 9143 1383 6317 7459 2271 12769 8256 13964 10703 7953 6863 2807 5129 12264 7452 10681 7349 1563 12274 11026 8384 11230 12384 1412 13104 6748 4880 5918 186 9168 4802 13704 6969 7974 4961 1776 223 5966 12367 10292 4835 2695 3776 1465 11596 8289 1956 3302 8460 11781 12302 2923 5010 5688 9980 4210 11292 8203 9205 6818 8695 7742 6239 11894 3678 1280 11064 10600 11273 11159 10832 7684 7475 13276 11240 2843 965 8736 13291 10688 10236 14096 2685 2904 13680 13119 6907 10556 11790 745 13518 5702 1187 10482 1028 1349 10255 12344 11154 9393 5287 6686 9809 1967 13934 362 10627 9503 1900 4184 6919 10280 12787 4335 13682 12071 4166 11493 10667 1802 1061 8711 327 5290 6647 13081 7431 11336 11457 4915 3314 434 9869 12476 1491 12295 3371 6931 5612 12005 12534 7750 10928 10356 13402 8296 8613 7925 7404 3238 5057 2566 855 10220 3350 7532 2209 9946 12377 1495 8747 13562 6087 8403 3531 5260 14097 7707 1115 7637 8488 6451 12929 809 10227 9740 7350 4263 10699 8742 10878 3558 10794
887 2877 7041 12798 9109 7763 9950 8665 5880 4514 5131 11822 8119 9318 2563 12133 10229 7135 7395 11606 6595 8107 7442 9270 9515 13790 3577 10991 8118 2744 12648 200 2791 1243 4550 8631 8461 1378 371 13649 12241 2657 12141 2958 5016 1451 2538 7479 6150 4302 13656 5972 3592 4251 11655 1253 5241 13734 9961 13029 9874 3487 8679 342 11709 7927 5046 3954 1282 9512 13782 8908 10457 9074 7123 12473 11188 8516 11820 6332 6135 6429 10906 2062 3443 9257 10430 4858 6043 8546 2799 2145 4583 14029 9852 4873 5860 9108 4933 6123 11642 8939 1199 1120 6371 742 10841 1917 2420 12263 10179 12691 7383 12192 12407 1542 6384 9237 4908 5256 1089 7415 3397 9637 9542 6399 6067 4098 10358 878 12850 12416 5704 9510 2494 445 13830 12394 3969 1143 6789 8295 10114 9164 8051 9317 11844 7934 13902 8003 13723 11692 9390 6922 12329 13826 5793 10703 10166 5069 2653 11275 3725 3630 13883 13152 8623 6736 4991 6227 5887 10175 6554 13486 7446 4898 5038 10513 4927 13613 1343 7317 8083 4798 125 515 2144 13899 9030 10073 469 3182 11658 12149 9627 12103 100 1624 2975 270 11705
888 2256 10923 9339 6502 12014 7105 11335 13400 7260 8446 12656 9420 8512 1015 5670 11002 6899 6544 12176 6286 4684 12089 9604 8086 14125 2406 8584 2368 10336 6925 7284 851 2140 3995 1692 12139 12519 9730 302 6060 5978 3490 2442 11007 6072 10600 9089 4274 6497 9659 10382 9003 6280 6191 2415 7822 8324 7931 12031 12916 6157 10868 2373 9131 2002 7973 2969 12295 7090 12970 845 3820 8992 5293 1441 9419 3546 403 12762 13281 623 7626 11493 11483 77 3994 2820 37 13289 9012 141 2314 740 1133 13652 4863 11301 13948 5102 12650 474 9824 3039 11187 10647 8967 6446 7314 1360 9678 11478 5402 2950 8226 366 2293 7501 3732 13033 10502 11441 2561 7240 8635 6980 10376 7611 9212 1412 6505 11939 7764 5953 8005 3826 13510 2027 6530 3949 12883 3870 4982 8854 5768 13893 157 7919 508 1339 12623 2800 11147 10500 11760 11313 2703 12492 1515 4910 12653 8341 2815 11397 11092 6514 6264 7318 4996 11705 4485 4788 12552 4909 5233 5348 7693 5196 9376 6243 6799 1392 13397 7261 13207 12587 3923 12479 3340 7168 6015 8299 13419 7602 10615 5445 7746 2927 8050 9913 14046
889 1300 9604 4330 2820 9554 5885 1370 4638 13194 12611 1179 7897 1347 4224 10911 10776 10015 2918 8400 10884 2235 1800 4370 728 13726 10666 7525 13373 13076 1468 1281 1482 10724 2896 7774 3893 1963 5354 1642 13796 6953 1538 7831 2068 4676 10332 2788 3793 3519 8804 10298 13643 12074 11408 2518 4194 3031 14094 11751 2245 772 153 10767 12360 2110 2486 9917 8010 3356 11414 9514 8419 7085 2317 13875 2790 13973 8363 10529 5460 6064 8487 7885 5464 3145 9819 1329 13595 1169 10007 7476 614 8753 10691 13328 8398 7494 1986 1502 10365 11505 11498 2133 10204 9519 9228 4855 11480 11292 522 1970 8556 5146 1075 215 7601 1232 5245 12314 2961 12877 3582 169 6158 996 4603 6019 8986 4645 260 13483 12450 10117 11466 11285 11370 9580 1798 9152 10594 1821 7283 9830 9481 7398 1476 745 3912 5629 7652 5295 13452 10426 3987 9667 3430 8653 9761 11284 12048 13567 12737 2270 7782 10562 1420 1397 12666 10201 5222 7579 6165 5998 13395 1189 11668 6641 5198 2228 3783 13735 2985 12211 2065 4948 11395 13026 4401 8771 1992 9643 2107 12547 13323 14153 2780 708 11943 3576 7143
890 95 7180 11491 10302 11461 11670 4246 71 8882 6121 10694 8846 7118 9956 5331 7768 11916 3282 5756 8803 13000 7058 7550 5073 4601 1796 4870 11202 12286 3574 8105 11355 5239 7031 14047 8412 6130 5120 10239 8561 11352 4676 1124 1509 10433 8684 3916 3965 8774 8683 13661 6486 5894 7014 12328 2252 8602 1620 13067 1149 530 13295 10470 5171 8629 2566 8445 9039 2249 3240 13457 12320 3846 8440 5722 7371 7718 5303 10215 7338 3385 11098 10562 4642 9086 13386 2580 552 13313 10192 4573 12359 4555 285 13145 8237 9457 932 11329 3302 11541 12189 3491 417 7101 9033 1108 10104 3082 11812 2621 3959 10996 763 10982 12441 5837 1260 1177 9977 2974 5403 7151 7249 7385 9898 11500 13568 1358 13779 13046 2059 12180 13225 14021 834 2442 9642 10798 239 3428 7012 12995 3962 5579 3660 12042 14125 7172 6680 6035 7766 10641 1395 924 13439 13298 3664 788 282 7677 2539 5867 8442 5735 7796 2667 13237 13886 11398 13804 5081 11100 4616 11559 10823 1651 13984 4079 2550 5615 5413 6789 3010 9838 4706 4843 10786 14100 1021 4600 5963 3000 9439 13160 10964 7375 3742 10071 8755
891 3570 4604 10626 10957 13577 3142 12915 13968 6 1081 6455 10240 1758 6147 6993 3810 430 13312 7716 2518 10351 884 2349 8198 6776 12655 13885 12713 7012 8578 1883 2389 14035 11312 10106 12424 5964 6669 6173 270 3247 4421 35 1441 6928 4363 5550 8871 11147 9449 13044 11242 5782 13998 4316 3208 10745 12810 10051 2454 1784 9699 10066 10812 1945 608 6004 10537 12375 3258 1262 11441 1482 11081 11152 8102 8341 13904 6611 5939 8732 5232 1176 10311 2165 10046 649 9201 6637 192 12738 10342 5273 12793 6957 9910 2884 2679 9568 7420 6720 7881 7247 12470 9492 595 824 9820 8490 9964 5883 9673 786 337 7108 12170 1561 14192 2558 5728 8940 11808 382 12684 9522 305 2608 6368 2473 9231 2215 4720 8911 14103 13814 10189 5228 8910 9870 10913 2465 4714 5727 3473 8666 4203 1426 11204 6318 33 4636 7458 6103 3287 7158 8418 8390 237 5035 12937 258 9157 1401 4122 9364 3629 7091 6270 5263 9104 2650 11603 5518 8173 11796 12350 460 10621 8813 14078 380 5314 1650 6924 4900 10287 12215 4355 12034 1108 2122 10044 4478 5948 11189 1251 5623 3904 9042 859
892 256 4197 14109 977 10127 9979 3925 5176 5903 12191 11770 14037 7520 10247 1274 11906 13493 11289 9212 2144 5832 3768 5206 8043 7656 13723 2503 13484 3896 653 9634 1320 9818 12807 7777 1676 1438 9536 13959 8479 12247 9953 8069 1962 6026 12692 13777 6567 11126 1760 8748 9815 7935 1581 8411 12138 3694 277 3094 7821 12221 13208 8414 10059 9924 13503 4390 461 3666 4018 4330 2044 1409 12456 1847 11182 10664 6663 5993 528 13513 9444 2786 12799 6506 3268 2140 941 12222 13499 4881 2232 5902 13772 8863 5132 5439 9093 10267 200 5949 8204 1290 11998 9016 5128 5160 739 9740 6831 13357 13897 173 188 4854 10452 3 13454 3484 12041 1564 11652 5598 7845 3850 2249 3368 11722 13768 11885 9601 2953 5416 6758 12593 3593 9959 2583 7262 6015 11338 2267 8885 5476 3810 1662 3154 1126 2317 8152 12868 6250 12739 7073 1004 13443 6277 4313 636 3720 11355 7191 1545 13906 6152 893 2982 1742 12760 13858 11379 7968 3436 5673 10631 8007 9709 9147 9396 12893 1318 3381 5148 9773 4023 11103 12408 12023 154 8108 6779 13186 6742 6296 11046 3204 3319 2848 4513 12131
893 10188 1938 10432 1265 8127 3164 9810 5366 287 225 364 7244 7389 7455 3679 5404 4938 6472 13383 11178 12790 10494 2216 11338 3707 7583 11588 14200 11726 6278 10870 4206 7288 8087 3753 3114 1764 12967 12953 7702 6068 9301 7040 10893 6450 1007 1766 924 9910 13336 9366 6159 12994 1163 6189 5161 1581 3762 10859 9817 6840 7837 13525 237 5133 8263 7432 6838 6007 130 4296 10215 7286 12290 5529 10265 4127 3134 7666 5474 10113 1768 8232 11312 5703 6353 10911 11663 13063 10149 12315 13403 1863 3026 7071 1436 12624 4513 12318 9541 12691 5464 5376 791 9727 8972 3778 13446 3555 10601 5232 314 6679 3922 3848 6830 3473 298 5346 6461 8733 12334 5859 11792 7382 6647 10634 12165 4273 6342 12461 9561 8305 2462 9151 4062 13559 7099 93 10585 11621 8451 2144 2470 4245 2856 5721 812 2550 1445 5479 7320 5833 14089 5329 3713 3887 14101 8892 4081 7441 9716 10429 4371 5528 3984 12914 11360 6916 13479 9559 2190 7004 10902 6402 2049 8676 5118 4196 5199 2962 12031 5175 3091 7179 6575 10374 11260 13613 1070 6506 7398 13556 2037 7699 4408 13136 10174 8509 1270
894 2976 3865 1178 707 8073 636 981 5731 12741 1449 3989 1621 6447 12655 5050 7076 13717 2572 6206 11152 6191 7969 13293 60 4052 11157 3602 12227 6072 1046 10673 9943 338 13335 7256 7116 13048 8277 7494 13657 11365 12246 7342 2043 14164 9840 4716 7159 3576 3580 4520 11379 11755 13697 2282 13406 12251 13696 11928 8098 11749 1315 5275 5053 12949 1492 7934 1553 1687 11472 11194 5847 10852 6408 11330 3140 3474 1495 12157 8527 11734 7511 12479 3361 9451 10183 7191 13340 231 5576 5271 5964 11524 11540 5326 12457 13247 14023 4580 7434 979 6199 4258 6110 9804 8432 2786 11079 14051 27 3248 5898 12531 10575 5245 12021 7254 1929 8580 2641 8933 4145 3963 9349 13522 6683 149 6052 13596 9595 13562 2165 562 49 9452 13918 11158 3697 1048 1630 1168 3621 12066 8520 12853 11321 10398 10594 5792 1914 6628 11552 13555 2687 10678 12873 1539 3376 6443 11277 13144 29 426 5172 1881 2997 9081 6753 7453 12117 10558 8761 13843 3258 12760 6229 3886 12595 11971 14090 4859 805 11790 11281 6752 8380 4836 4273 3553 3620 1167 7175 10428 13750 1715 3456 1017 3884 6579 11010
895 6660 1177 4221 8820 10644 12542 5701 6349 6900 3126 10439 4205 9758 7487 8516 4470 10747 12773 4185 11796 10450 4740 13636 7733 901 5507 13602 1845 10159 2432 1275 5258 4518 773 10730 11826 2669 13187 6003 10077 5944 8431 1948 8082 6272 6016 1024 9602 13775 6705 1158 6208 10921 10689 12929 6885 3237 11204 2785 6973 12375 2858 1184 13914 7285 246 9157 12787 12222 9042 8072 9675 8993 42 3076 6935 466 11743 5867 8393 9601 2528 7433 7413 9694 2491 7379 9719 1885 11219 4105 8114 5211 13529 10119 6116 10612 10495 4871 5380 12086 2172 13966 2711 358 9221 8506 12519 11648 2483 10098 12429 13952 11237 6270 1979 13366 13056 7488 8354 2368 4985 3032 1706 13929 6853 6288 10259 8336 234 232 6079 8167 3843 11388 9645 4466 10223 759 8545 12464 2795 3447 2261 402 2612 8769 6972 9518 4754 2022 9751 3351 13814 833 6250 13349 6175 10195 11292 10635 13339 2206 12884 7976 5374 8502 1060 13386 8115 11633 6393 6426 6946 13130 5974 12973 11043 4033 6569 1887 874 2973 712 3991 876 5468 6389 6870 12451 12344 11143 5542 4671 43 1517 6691 13687 1485 9127
896 8451 844 11944 7858 14028 2990 8967 6228 1250 9405 12873 9220 9352 2161 13783 6566 13920 865 6131 3295 9891 5566 1826 12280 1045 2608 12971 9103 8356 4831 2444 12393 10988 1212 13191 5027 13430 8033 5181 7642 12725 8753 9854 1456 11177 7738 7025 4332 14120 3865 6378 753 12497 5076 11779 13834 10613 3675 4398 11024 4698 2983 2034 13014 3740 11451 10355 1404 6927 369 8545 7742 12603 5460 8131 11379 274 5616 5169 5526 10796 8966 7454 8697 12324 7978 1265 7451 959 5992 3896 13052 7411 9152 11318 2643 4604 4999 6475 758 10580 6316 6975 6391 1927 8530 8464 3810 12789 1249 12569 1201 12480 7570 778 9743 3029 3292 1363 13563 8497 5095 10829 10407 8965 7394 7674 12962 2549 3574 7243 2710 2951 8905 12880 105 8050 13318 7048 704 5510 5292 3893 6951 6053 10982 8164 10874 14105 7910 13570 10385 8799 3499 1121 7442 1939 8402 8066 7324 13845 3916 11256 494 6584 4229 11902 10129 1422 3458 5396 11865 12658 10889 2718 13410 1366 12022 12424 6761 11365 13499 4507 3818 2899 3949 2244 1884 7233 11336 7614 3719 5683 2187 547 4694 3417 10996 12695 660
897 1159 1196 4348 2946 11997 11007 9589 4168 1638 1412 12480 12908 6247 10654 346 5303 5955 7933 3942 9591 13159 12261 7388 9248 11705 2151 1980 8788 1003 810 11280 13920 11587 8084 4484 2047 4771 495 6426 2123 1925 2545 9700 4914 5373 10384 8550 9592 7089 1173 7370 8587 6703 11609 8306 10426 13619 4807 8913 1448 13782 3236 7188 6647 7128 11407 4212 9147 11152 4837 6173 7587 4328 12623 8327 3536 1815 12299 11333 5415 3161 2474 7763 3545 10196 8387 1871 1979 11411 6061 3516 11637 9850 5926 13099 12419 7964 4196 729 2124 9156 10743 2211 7541 3836 6399 13626 6841 6488 4819 6823 3606 8213 8111 7395 7321 8316 2979 13527 1774 846 12319 13593 13677 4342 12555 12810 2823 2609 4322 7342 11713 1009 10037 3667 825 4268 13093 11723 4172 5592 2512 4174 17 10668 7488 4987 13387 13140 3642 12186 7622 13508 9884 13706 9662 5770 10543 9720 269 1469 6468 13464 7441 4933 11915 4520 13818 8336 10182 12887 8636 3228 2866 4785 5742 5256 2911 13687 720 4335 539 3443 11017 13448 1142 12949 11258 4332 293 4702 4051 12131 10412 14132 4635 12317 5387 5042 5160
898 3619 12315 5745 9669 2167 9537 8603 12338 4489 4974 13922 11552 8396 12412 11116 9725 616 13416 11903 3120 11401 8157 7618 12452 11421 9513 4626 1481 13016 8679 3054 9521 3358 2131 9606 3670 12201 9104 9511 11821 7393 2734 3556 14176 4227 2032 3008 8794 7531 13036 13011 4754 4090 4868 8810 6626 12830 4871 4724 2224 8158 12317 2898 7343 7029 13286 11753 8731 6285 1650 2042 609 1188 6446 3905 13418 5738 10535 1792 11713 6056 2181 10651 589 4985 9418 11255 2737 5417 12946 9529 2477 783 1922 8736 8016 13744 6310 13891 9942 440 2325 6883 8670 6293 549 4374 5810 6578 5206 4339 12188 11419 1653 4251 4941 571 10298 12330 13375 4832 12964 11347 4449 1678 11304 7970 10660 14216 5603 9753 5398 13952 2751 857 11312 8524 13064 4661 5552 13059 9724 3494 6196 3715 13745 5755 1064 10940 5261 9043 6025 7473 9927 9591 5648 10880 5243 12219 524 5140 10975 3739 9229 2722 3847 12829 6498 10408 2923 5706 1991 10113 4354 10214 13748 6698 9794 11733 594 6383 8254 859 11845 6929 13584 710 8602 13294 9613 8545 12172 12124 8896 202 5996 1001 2531 10683 13880
899 3893 9693 13019 12249 10309 11525 9028 3155 3163 3672 1362 1900 4892 5662 9482 2404 10580 3939 64 3667 10638 10501 7647 7838 10077 736 1048 7410 3664 6875 12541 10300 1601 12278 4164 7770 5880 11649 2632 11884 8071 227 1923 10632 9300 1289 10609 9738 1685 6018 1498 10741 8368 13767 279 12547 10490 3914 7470 7217 10474 13438 7211 1277 5916 13688 3689 8102 7235 247 5276 4529 12776 2065 7257 13024 431 3494 3009 1216 6785 5379 6641 13638 7446 7709 3003 8116 6845 13468 3915 8198 9617 3856 6663 12898 1714 4272 1819 2460 6078 8396 1552 4292 3413 10360 4393 7187 6695 2950 13654 8861 1950 11815 5072 4090 5575 13788 2759 1185 734 2825 3904 12734 8764 7263 10667 4262 7353 7923 10071 10057 2071 9250 11263 3996 6071 2409 1929 890 10780 9456 10132 11278 7178 645 12047 1204 763 6180 13650 12166 7190 9526 4045 5601 5300 13822 8579 7051 13616 12500 3525 10529 2355 10489 14144 12786 9378 3070 2916 8064 13441 7201 4721 1218 7857 43 8482 12069 1886 12005 11826 12018 10141 5187 9157 6259 1985 7716 2078 8019 935 5680 4999 9486 9907 12614 1982 7896
900 2654 11817 1792 6545 8711 4598 7828 5114 2811 3334 8185 2058 10213 3944 13629 11544 3967 11706 5244 1484 1536 7992 5820 12303 6369 6961 3373 13664 2861 12059 10970 7123 6434 11441 6175 10857 6075 8457 1773 9468 4559 12953 9017 5817 7888 13195 5503 4458 336 3021 3660 5434 2395 8905 1480 2536 5516 10102 11749 14038 7241 10920 13215 12064 13398 7322 6245 2224 725 12593 12396 6617 3144 5527 6548 7355 2284 2502 10655 1222 11659 11151 5777 3041 4911 11807 9323 7222 4671 92 1080 9600 4396 3899 10798 5258 10673 1486 5491 4233 12083 9655 1492 7637 13381 7089 8974 4099 4315 10064 11439 9907 1498 8910 5534 13441 6211 7896 3776 11176 1451 12983 6999 4384 4159 8716 12479 565 12710 11419 11631 1034 6243 10590 3119 1342 6185 12001 2381 12614 6982 810 9003 12440 11027 11259 7475 2674 12311 6466 10387 9500 6908 10451 5538 7803 9595 6705 8596 239 9975 12499 13751 1235 13879 713 7356 88 5561 8208 6666 12548 5407 1665 3543 8227 10509 4849 8967 678 6448 1349 6391 9924 12906 5324 6561 182 275 13536 13773 13298 12205 6016 13824 3530 11847 6725 10693 7939
901 3748 4525 95 12698 10301 960 8026 13983 11352 10651 6224 13645 5205 1516 3920 6799 11602 36 751 5832 9566 4729 4897 2207 13718 11811 5306 13562 5883 2699 13029 13 5072 1929 3642 8741 9093 12060 11949 11129 581 11561 10517 9439 11975 1688 13325 9141 11743 7298 1833 14166 865 4879 12157 5902 9590 10101 8967 11143 526 6717 7152 9046 14113 13598 13722 8746 123 6943 5740 12897 11133 77 10792 4319 14075 572 8964 2123 13553 10768 1958 11515 8747 13827 14188 4539 2561 1675 11937 13439 5584 7850 9937 8631 10710 4659 6784 4725 4411 426 14096 11242 2009 7099 12013 7178 5459 8853 4461 7127 14209 9644 7134 1543 2751 3910 2264 8697 13890 716 1560 5783 12388 3839 4586 1740 6276 8179 2154 10575 3924 5515 7491 6390 1678 3577 7407 13497 11045 9893 5704 3426 12162 13118 8062 3786 8537 11195 6611 5906 13559 6383 2006 1723 13821 12775 8421 8485 12578 1104 273 5388 7682 1635 12623 12612 10508 6893 6646 13969 8446 511 4440 8776 3737 3714 11297 2758 4487 10629 3029 10471 1131 10811 7599 2557 12622 6423 9812 11160 11202 4877 8106 12773 3921 3331 5467 2482
902 3847 13168 5076 923 6095 4833 63 3666 8299 12838 5040 12081 8629 11839 3785 13747 13082 9591 12379 8800 11500 9838 2878 6309 339 2662 5034 11418 12000 4890 140 5201 11407 3004 12531 11093 12037 4057 11797 5422 1777 13295 12965 12323 2375 5157 11970 825 951 3660 14176 2084 13589 8157 8395 2093 3105 4964 2708 11070 4338 10792 8106 12496 8003 1843 11383 10871 782 13964 13870 2680 7310 5535 8979 12869 12465 13329 13502 7918 10075 11845 666 5822 6318 7148 3250 9817 2511 3628 6280 7931 7996 567 7019 12934 7179 7152 12640 13617 12962 5736 6920 13479 12036 11396 10709 9727 9272 231 475 2735 1670 8001 11643 14019 1096 9610 4609 7132 2143 6322 11986 8644 7891 6737 10237 12549 2926 2849 2326 1763 5435 528 369 3691 2488 11850 11041 4812 3565 10063 10218 8677 10236 6175 11806 1519 5333 1445 12707 6446 9299 8938 3326 4335 10815 13886 14170 5316 13079 2185 9580 6672 1094 797 11783 13354 11386 8146 10288 9602 13314 3798 5710 3877 11907 1232 3588 2953 1316 2366 3842 5645 2721 12484 649 10465 5744 5657 5301 13974 2399 8228 5359 8267 11782 616 2949 5569
903 691 4099 11705 5680 3285 5040 13385 12867 12935 13583 6250 11943 2642 9580 1049 4263 1847 11598 7375 11474 1512 541 8923 13318 7506 3650 13970 9239 11098 11076 5646 9861 1983 13495 572 6192 8173 7398 5231 7448 4441 13783 6215 6943 10158 6095 9881 11555 7707 13612 1017 8279 9269 12970 8100 4611 6214 11482 11026 9455 6834 12429 1112 10291 5252 11623 9506 9737 10034 5856 10888 5960 9864 3087 7131 780 6584 5643 5140 12830 9876 9672 8611 3305 11349 3628 13446 8905 1028 369 6436 13326 1798 861 2271 2892 13204 6598 5287 11453 1745 625 10957 6791 7306 9950 4420 7297 10831 6760 10734 9853 4309 1694 5651 6735 4568 12600 6874 7570 1838 5812 7760 14112 10609 8533 1067 3805 2967 1689 2609 9764 1603 5834 12118 10588 11342 13455 4722 5878 7915 10936 13269 10185 3414 7475 10280 1197 10192 8623 3218 3571 1506 807 10307 4660 8597 12609 10537 5001 12490 4361 9541 11438 5793 3831 4762 11788 10009 6223 8529 9088 11332 7035 13951 4006 6696 3477 2440 7719 6157 4904 5053 7289 5348 12368 12317 8669 7390 1060 13350 13851 1183 2702 5533 833 2607 7127 515 8804
904 489 13491 8254 7746 8335 11847 8560 4893 8462 10478 1718 11297 622 5801 8480 7604 8795 8578 13893 10602 4544 12881 11848 12950 3617 1533 7407 2802 7965 530 10236 2044 2560 10877 2118 8519 2971 13401 5188 1323 9276 3117 13043 9665 446 6684 5543 13752 1647 5016 6967 9609 13060 4395 4715 978 12360 10526 12834 7248 6036 11194 9280 2785 10264 11935 7466 10903 4180 13311 12148 88 2832 9410 6706 13962 10687 9400 11850 10475 1970 11111 2322 10211 11046 13945 3239 13957 3477 9585 6043 9035 1420 1646 11797 4992 10815 2530 288 11559 10476 4580 9457 5960 13712 10823 5802 6325 11455 2815 567 1596 2035 602 6802 2805 3702 14027 11361 2666 13028 1436 7007 12039 4674 2849 381 10744 9207 11557 10283 6918 6832 7194 11646 7392 8237 912 2645 6051 13363 2208 7057 12112 10784 4358 5693 6579 11377 4867 6101 12350 5689 8753 13135 6648 9155 3275 8311 12979 101 7766 7764 13332 10806 11353 2432 11588 10288 10704 947 10831 12758 7902 3358 433 9602 3763 1764 11326 12030 11921 9943 12934 6976 7066 9196 2028 2577 11505 9614 10054 8874 3669 2238 3407 9700 53 7202 13561
905 362 2716 51 5476 242 8878 8726 6664 5099 1390 8395 11545 12753 8109 2896 9992 3461 273 5441 8648 10210 10863 2347 11080 5630 10117 3092 5602 12099 3803 12704 13955 10841 8850 2537 3095 7983 2799 7631 453 1407 7145 5763 7837 7518 8081 11838 4945 1822 13959 13300 10194 10252 6735 6894 2603 7233 6823 8886 13485 11650 5297 12528 4544 11740 5376 7619 5341 4591 11059 5924 8946 5149 2870 13057 7330 3410 1751 410 9831 11814 8980 2236 10856 7635 6809 10535 13034 8296 2308 4468 7734 1241 4444 1157 13320 2199 12873 12478 763 10694 1754 4082 12826 2734 11195 11154 10980 2755 13232 10431 5787 10140 10921 13040 11462 2759 4336 421 12365 7178 12282 5759 13403 13887 7908 11692 3903 787 2549 11161 5481 8423 7270 1421 7614 2253 7117 12606 11957 1660 732 183 4609 4737 6800 12371 8349 11719 6509 12078 9218 7546 6033 7858 13886 13318 11344 1926 12874 6904 5492 692 5065 9129 10304 6947 4403 8757 666 724 924 13019 12367 6813 661 151 2552 10281 10870 3868 9 10607 11387 7754 2932 7250 1458 6280 9742 10508 1935 11950 11488 6916 1212 7944 9773 309 125
906 2735 10653 10754 13582 13839 3260 11253 9302 6228 8163 1050 7449 9515 7796 4856 6017 11576 3534 1643 7437 10075 1213 1720 2032 7601 9408 12234 3599 1935 6588 13867 1142 7519 1847 3443 4508 12506 6105 7501 3008 3968 3937 11127 1299 2659 9521 9747 10921 12931 13728 11125 11841 1353 7528 7993 2652 11688 8553 8027 7845 3312 4365 12426 10863 2370 12707 11285 5898 10033 7463 1276 9587 5726 8678 13707 11936 3176 7523 5611 10459 10471 3637 14208 13148 7288 8403 5703 9942 3911 7147 2660 3032 573 12796 2697 964 2499 3349 182 2006 12810 13678 4327 7968 3034 5286 6487 1728 9584 1281 6065 6042 7087 10202 13386 14149 5825 2056 4743 6845 4529 2347 8310 12715 3203 548 1211 4540 8920 9153 11169 7677 3961 7936 8979 8315 9483 11876 10835 1098 6940 8014 8303 14171 11828 2781 4539 1502 5352 12682 13090 589 14155 50 4557 8801 5808 13720 2859 10473 1686 5457 11787 8491 13370 13733 1969 5892 2518 13565 2796 13376 9668 13428 990 6410 1818 2585 4581 9268 10113 12430 4237 5916 14195 1776 13075 643 13480 2209 5907 5281 11685 6464 9853 5977 12381 10924 11549 10851
