artist_name,track_name,Drum Set,Drum Aggressiveness,Synthetic Drums,Percussion,Electric Guitar,Electric Guitar Distortion,Acoustic Guitar,String Ensemble,Horn Ensemble,Piano,Organ,Rhodes,Synthesizer,Synth Timbre,Bass Guitar,Reed Instrument
Kalmah,Heroes To Us,,,,,,,,,,,,,,,,
Kamelot,Edenecho,,,,,,,,,,,,,,,,
The Flaming Lips,Plastic Jesus,,,,,,,,,,,,,,,,
Guillemots,Get Over It,,,,,,,,,,,,,,,,
Carla Bruni,Those Dancing Days Are Gone,,,,,,,,,,,,,,,,
Kalmah,To The Gallows,,,,,,,,,,,,,,,,
Guided By Voices,Evil Speakers,,,,,,,,,,,,,,,,
Guillemots,Falling Out Of Reach,,,,,,,,,,,,,,,,
Behemoth,Before The Æons Came,,,,,,,,,,,,,,,,
My Dying Bride,Silent Dance,,,,,,,,,,,,,,,,
The Flaming Lips,Turn It On,,,,,,,,,,,,,,,,
Uverworld,－妙策号外Ｏｒｃｈｅｓｔｒａ－,,,,,,,,,,,,,,,,
Aphex Twin,On,,,,,,,,,,,,,,,,
Marilyn Manson,Apple Of Sodom,,,,,,,,,,,,,,,,
Sebastian Waldejer,If I Could,,,,,,,,,,,,,,,,
Uverworld,神集め,,,,,,,,,,,,,,,,
Christian Death,Resurrection - Sixth Communion,,,,,,,,,,,,,,,,
Adam F,Circles,,,,,,,,,,,,,,,,
Christian Death,Burnt Offerings,,,,,,,,,,,,,,,,
Britney Spears,Piece Of Me (Tiësto Remix),,,,,,,,,,,,,,,,
Toru Okada,Sacrine Leaves,,,,,,,,,,,,,,,,
Hot Hot Heat,Let Me In,,,,,,,,,,,,,,,,
Forget Cassettes,Lonely Does It,,,,,,,,,,,,,,,,
Supergrass,She'S So Loose,,,,,,,,,,,,,,,,
Santigold,I'M A Lady (Feat. Trouble Andrew),,,,,,,,,,,,,,,,
Christian Death,Cervix Couch,,,,,,,,,,,,,,,,
Activ,Visez,,,,,,,,,,,,,,,,
Jeff Tweedy,Simple Twist Of Fate,,,,,,,,,,,,,,,,
Dirty Vegas,Walk Into The Sun (Radio Edit),,,,,,,,,,,,,,,,
Christian Death,Sleepwalk,,,,,,,,,,,,,,,,
Avenged Sevenfold,Strength Of The World,,,,,,,,,,,,,,,,
Lamb,Merge,,,,,,,,,,,,,,,,
Tactical Sekt,Left For Dead,,,,,,,,,,,,,,,,
Swod,Tucholskystr.34,,,,,,,,,,,,,,,,
Avenged Sevenfold,Critical Acclaim,,,,,,,,,,,,,,,,
Lamb,Learn,,,,,,,,,,,,,,,,
Swod,Walz 57,,,,,,,,,,,,,,,,
Supergrass,Rough Knuckles,,,,,,,,,,,,,,,,
Delerium,Flowers Become Screens,,,,,,,,,,,,,,,,
Duran Duran,All She Wants Is,,,,,,,,,,,,,,,,
Jedi Mind Tricks,On The Eve Of War (Feat. Gza),,,,,,,,,,,,,,,,
My Bloody Valentine,I Don'T Need You,,,,,,,,,,,,,,,,
Robbie Williams & Nicole Kidman,Somethin' Stupid,,,,,,,,,,,,,,,,
Gang Of Four,The Republic,,,,,,,,,,,,,,,,
Steppenwolf,The Pusher,,,,,,,,,,,,,,,,
Obituary,Infected,,,,,,,,,,,,,,,,
As Blood Runs Black,Beneath The Surface,,,,,,,,,,,,,,,,
Animal Collective,Native Belle,,,,,,,,,,,,,,,,
Descendents,She Don'T Care,,,,,,,,,,,,,,,,
Jedi Mind Tricks,Shadow Business,,,,,,,,,,,,,,,,
Jeff Buckley,I Know It'S Over,0.6,0.4,0.0,0.0,0.6,0.2,0.8,0.0,0.0,0.0,0.0,0.0,0.0,0.0,0.6,0.0
Vangelis,Damask Rose,,,,,,,,,,,,,,,,
Anthrax,Soldiers Of Metal,,,,,,,,,,,,,,,,
Jedi Mind Tricks,Heavy Metal Kings (Feat. Ill Bill),,,,,,,,,,,,,,,,
Electric Six,Jimmy Carter,,,,,,,,,,,,,,,,
Jedi Mind Tricks,Put Em In The Grave,,,,,,,,,,,,,,,,
田中理恵,Fields Of Hope,,,,,,,,,,,,,,,,
Death,Open Casket,,,,,,,,,,,,,,,,
Tears For Fears,I Choose You,,,,,,,,,,,,,,,,
Oasis,Take Me Away,,,,,,,,,,,,,,,,
Foals,The Race For Radio Supremacy,,,,,,,,,,,,,,,,
The Used,Poetic Tragedy,,,,,,,,,,,,,,,,
Foals,Big Big Love (Fig.1),,,,,,,,,,,,,,,,
Guano Apes,Kiss The Dawn,,,,,,,,,,,,,,,,
The Dears,The Way The World Treats You,,,,,,,,,,,,,,,,
Ohgr,Earthworm,,,,,,,,,,,,,,,,
Guano Apes,Break The Line,,,,,,,,,,,,,,,,
Jay-Z,Lost Ones (Feat. Chrissette Michelle),,,,,,,,,,,,,,,,
Quiet Village,Pillow Talk,,,,,,,,,,,,,,,,
Quim Barreiros,Carvalho,,,,,,,,,,,,,,,,
Guano Apes,Dödel Up,,,,,,,,,,,,,,,,
Guano Apes,High,,,,,,,,,,,,,,,,
Take That,Hold Up A Light,,,,,,,,,,,,,,,,
Action Painting!,These Things Happen,,,,,,,,,,,,,,,,
My Brightest Diamond,The Good & The Bad Guy,,,,,,,,,,,,,,,,
The Primitives,Crash,,,,,,,,,,,,,,,,
Ada,Cool My Fire (I'M Burning),,,,,,,,,,,,,,,,
Britney Spears,Breathe On Me (Jacques Lu Cont'S Thin White Duke Mix),,,,,,,,,,,,,,,,
Muscles,Hey Muscles I Love You,,,,,,,,,,,,,,,,
Ada,The Red Shoes,,,,,,,,,,,,,,,,
Muscles,Chocolate Raspberry Lemon & Lime,,,,,,,,,,,,,,,,
Suburban Kids With Biblical Names,Marry Me,,,,,,,,,,,,,,,,
Skinny Puppy,Who'S Laughing Now?,,,,,,,,,,,,,,,,
Hot Snakes,I Hate The Kids,,,,,,,,,,,,,,,,
Skinny Puppy,Yes He Ran,,,,,,,,,,,,,,,,
My Bloody Valentine,Thorn,,,,,,,,,,,,,,,,
Eminem,Still Don'T Give A Fuck,,,,,,,,,,,,,,,,
Zz Top,Stages,,,,,,,,,,,,,,,,
Eminem,When The Music Stop,,,,,,,,,,,,,,,,
Skold,Neverland (Fuzzy Klub Mix I),,,,,,,,,,,,,,,,
Thunderball,Vai Vai,,,,,,,,,,,,,,,,
Jay-Jay Johanson,Far Away,,,,,,,,,,,,,,,,
The Knife,Heartbeats(Silent Shout Tour),,,,,,,,,,,,,,,,
R.E.M.,Endgame,,,,,,,,,,,,,,,,
The Knife,Silent Shout (Williams Remix),,,,,,,,,,,,,,,,
Colder,To The Music,,,,,,,,,,,,,,,,
The Knife,Pass This On (M.A.N.D.Y. Remix),,,,,,,,,,,,,,,,
Oh No Oh My,Jane Is Fat,,,,,,,,,,,,,,,,
Groove Armada,What'S Your Version,,,,,,,,,,,,,,,,
The Dead Milkmen,Nutrition,,,,,,,,,,,,,,,,
The Knife,Marble House (Planningtorock Remix),,,,,,,,,,,,,,,,
Kataklysm,The Ambassador Of Pain,1.0,1.0,0.0,0.0,1.0,1.0,0.0,0.0,0.0,0.0,0.0,0.0,0.0,0.0,1.0,0.0
Groove Armada,Healing,,,,,,,,,,,,,,,,
Groove Armada,Be Careful What You Say,,,,,,,,,,,,,,,,
The Who,The Dirty Jobs,,,,,,,,,,,,,,,,
Ania Dąbrowska,Nie Ma Nic...,,,,,,,,,,,,,,,,
Faithless,Muhammed Ali,,,,,,,,,,,,,,,,
Apoptygma Berzerk,Stitch,,,,,,,,,,,,,,,,
The Aquabats!,Nerd Alert!,,,,,,,,,,,,,,,,
Lali Puna,Geography-5,,,,,,,,,,,,,,,,
Robbie Williams,Things,,,,,,,,,,,,,,,,
:Wumpscut:,Wreath Of Barbs (Heavy Extended Remix),0.0,0.0,1.0,0.0,0.2,0.4,0.0,0.0,0.0,0.0,0.0,0.0,1.0,1.0,0.0,0.0
Jazzfinger,Shribble By The Shoals And Stepping Stones,,,,,,,,,,,,,,,,
Michael Jackson,Is It Scary,,,,,,,,,,,,,,,,
Peter Doherty,Albion,,,,,,,,,,,,,,,,
Chris Montez,Let'S Dance,,,,,,,,,,,,,,,,
Peter Doherty,Salome,,,,,,,,,,,,,,,,
The Format,Career Day,,,,,,,,,,,,,,,,
Chris Vrenna,Tweedle-Dee And Tweedle-Dum,,,,,,,,,,,,,,,,
Howard Shore,The White Tree,,,,,,,,,,,,,,,,
Rob Costlow,I Do,,,,,,,,,,,,,,,,
Skinny Puppy,Knowhere?,,,,,,,,,,,,,,,,
Ladytron,Playgirl (Felix Da Housecat Glitz Clubhead Mix),,,,,,,,,,,,,,,,
Bonnie 'Prince' Billy,Lessons From What'S Poor,,,,,,,,,,,,,,,,
A,Nothing,,,,,,,,,,,,,,,,
Rob Zombie,The Devil'S Rejects,1.0,1.0,0.0,0.2,1.0,1.0,0.0,0.0,0.0,0.0,0.0,0.0,0.4,0.6,0.8,0.0
Robbie Williams,Better Man,,,,,,,,,,,,,,,,
The Chemical Brothers,Orange Wedge,,,,,,,,,,,,,,,,
Ani Difranco,Two Little Girls,,,,,,,,,,,,,,,,
Kate Bush,Delius (Song Of Summer),,,,,,,,,,,,,,,,
Mujuice,Шелтер Шелтер,,,,,,,,,,,,,,,,
The Who,Our Love Was,,,,,,,,,,,,,,,,
Delroy Wilson,Golden Touch,,,,,,,,,,,,,,,,
Coldcut,Aid Dealer,,,,,,,,,,,,,,,,
Sparks,Talent Is An Asset,,,,,,,,,,,,,,,,
Turning Point,Thursday,,,,,,,,,,,,,,,,
Daddy Yankee,Impacto (Remix) (Feat. Fergie),,,,,,,,,,,,,,,,
Katatonia,Had To (Leave),,,,,,,,,,,,,,,,
Kat Deluna,Unstoppable (Feat. Lil Wayne),,,,,,,,,,,,,,,,
Murder By Death,I'M Afraid Of Who'S Afraid Of Virginia Woolf,,,,,,,,,,,,,,,,
Murderdolls,I Love To Say Fuck,,,,,,,,,,,,,,,,
Kashmir,Rocket Brothers,,,,,,,,,,,,,,,,
The Who,Sensation,,,,,,,,,,,,,,,,
Akurat,Droga Długa Jest,,,,,,,,,,,,,,,,
Electric Six,Radio Ga Ga,,,,,,,,,,,,,,,,
Sneaker Pimps,Grazes,,,,,,,,,,,,,,,,
Akufen,Heaven Can Wait,,,,,,,,,,,,,,,,
Kate Bush,Moving,,,,,,,,,,,,,,,,
Toru Okada,A Graveled Street,,,,,,,,,,,,,,,,
Jawbreaker,Oyster,,,,,,,,,,,,,,,,
The Knife,Manhood,,,,,,,,,,,,,,,,
Anthrax,Keep It In The Family,,,,,,,,,,,,,,,,
Jay Reatard,Death Is Forming,,,,,,,,,,,,,,,,
Chris Lake Feat. Nastala,Changes,,,,,,,,,,,,,,,,
Jay Reatard,It'S So Easy,,,,,,,,,,,,,,,,
Jawbreaker,Lurker Ii: Dark Son Of Night,,,,,,,,,,,,,,,,
Jay Gordon,Slept So Long,,,,,,,,,,,,,,,,
Pete & The Pirates,She Doesn'T Belong To Me,,,,,,,,,,,,,,,,
The Frames,Rise,,,,,,,,,,,,,,,,
Lacuna Coil,Distant Sun,1.0,0.8,0.2,0.4,1.0,0.8,0.2,0.2,0.0,0.0,0.0,0.0,0.4,0.4,0.8,0.0
Secondhand Serenade,Your Call,,,,,,,,,,,,,,,,
Maps,Lost My Soul,,,,,,,,,,,,,,,,
Lou Reed,How Do You Think It Feels,,,,,,,,,,,,,,,,
The Beatles,Besame Mucho,,,,,,,,,,,,,,,,
The Beatles,Come Together / Dear Prudence / Cry Baby Cry (Transition),,,,,,,,,,,,,,,,
The Agnostic Mountain Gospel Choir,Go Back Home,,,,,,,,,,,,,,,,
Maná,Pobre Juan,,,,,,,,,,,,,,,,
Diary Of Dreams,The Plague,,,,,,,,,,,,,,,,
Maná,Relax,,,,,,,,,,,,,,,,
Kate Bush,Somewhere In Between,,,,,,,,,,,,,,,,
Bishop Allen,Butterfly Nets,,,,,,,,,,,,,,,,
Atreyu,Bleeding Mascara,,,,,,,,,,,,,,,,
Dave Gahan,Miracles,,,,,,,,,,,,,,,,
Dave Edmunds,Git It,,,,,,,,,,,,,,,,
Stellastarr*,Love And Longing,,,,,,,,,,,,,,,,
Feel,Jak Anioła Głos,,,,,,,,,,,,,,,,
R.E.M.,Harborcoat,,,,,,,,,,,,,,,,
Dogs Die In Hot Cars,Lounger,,,,,,,,,,,,,,,,
Sarah Brightman,Beautiful,,,,,,,,,,,,,,,,
Coldplay,Lost! (Feat. Jay-Z),,,,,,,,,,,,,,,,
Sick Terror,Boicote-Me Por Favor,,,,,,,,,,,,,,,,
Escape The Fate,Not Good Enough For Truth In Cliche,,,,,,,,,,,,,,,,
Okkervil River,Westfall,,,,,,,,,,,,,,,,
Tony Moran Feat. Kristine W.,Walk Away (Tony Moran & Warren Rigg Evolution Radio - Intro),,,,,,,,,,,,,,,,
Okkervil River,Blanket And Crib,,,,,,,,,,,,,,,,
Skream,Colourful,,,,,,,,,,,,,,,,
Tori Amos,Hotel,,,,,,,,,,,,,,,,
Dave Matthews Band,Dancing Nancies,,,,,,,,,,,,,,,,
Testament,Eyes Of Wrath,,,,,,,,,,,,,,,,
Carly Simon,Let The River Run,,,,,,,,,,,,,,,,
Hypocrisy,Compulsive Psychosis,,,,,,,,,,,,,,,,
Pet Shop Boys,Integral,,,,,,,,,,,,,,,,
Flunk,Everything Is Ending Here,0.4,0.2,0.8,0.2,0.2,0.0,0.2,0.0,0.0,0.0,0.0,0.0,0.8,0.4,0.6,0.0
Flying Lotus,Auntie'S Harp,,,,,,,,,,,,,,,,
Love,Bummer In The Summer,,,,,,,,,,,,,,,,
Love,You Set The Scene,,,,,,,,,,,,,,,,
The Used,Greener With The Scenery,,,,,,,,,,,,,,,,
Sarah Mclachlan,Ice Cream,,,,,,,,,,,,,,,,
Louise Attaque,Ton Invitation,,,,,,,,,,,,,,,,
Louis Xiv,Hey Teacher,,,,,,,,,,,,,,,,
Muchy,Miasto Doznań,,,,,,,,,,,,,,,,
Anathema,Far Away,,,,,,,,,,,,,,,,
Anathema,Alternative 4,,,,,,,,,,,,,,,,
Mstrkrft,Vuvuvu,,,,,,,,,,,,,,,,
Kathleen Edwards,In State,,,,,,,,,,,,,,,,
Katie Melua,Call Off The Search,,,,,,,,,,,,,,,,
Mujuice,Sleza Olenia Shitayshego Sebia Severnim Siyaniem,,,,,,,,,,,,,,,,
Lady Gaga,Fashion,,,,,,,,,,,,,,,,
Kate Nash,Fluorescent Adolescent,,,,,,,,,,,,,,,,
Bonnie 'Prince' Billy,Rich Wife Full Of Happiness,,,,,,,,,,,,,,,,
Lady Sovereign,Blah Blah,,,,,,,,,,,,,,,,
᛬ᚻᛖᛚᚱᚢᚾᚨᚱ᛬,Frostnacht,,,,,,,,,,,,,,,,
Lacuna Coil,1.19,,,,,,,,,,,,,,,,
Coldplay,Only Superstition,,,,,,,,,,,,,,,,
Cartel,Write This Down,,,,,,,,,,,,,,,,
Lacuna Coil,Circle,,,,,,,,,,,,,,,,
Coldplay,Rainy Day,,,,,,,,,,,,,,,,
Carry On,Roll With The Punches,,,,,,,,,,,,,,,,
The Kinks,Strangers,,,,,,,,,,,,,,,,
The Kinks,Supersonic Rocket Ship,,,,,,,,,,,,,,,,
Hypocrisy,Paradox,,,,,,,,,,,,,,,,
Jason Collett,Papercut Hearts,,,,,,,,,,,,,,,,
Hypocrisy,Killing Art,,,,,,,,,,,,,,,,
Rob Zombie,100 Ways,,,,,,,,,,,,,,,,
Mr. Bungle,Violenza Domestica,,,,,,,,,,,,,,,,
Bright Eyes,Spent On Rainy Days,,,,,,,,,,,,,,,,
Kavinsky,Testarossa Nightdrive,,,,,,,,,,,,,,,,
Gary Numan,A Question Of Faith,,,,,,,,,,,,,,,,
Craig Armstrong,Finding Beauty,,,,,,,,,,,,,,,,
Jane'S Addiction,Three Days,,,,,,,,,,,,,,,,
Anathema,Goodbye Cruel World,0.4,0.2,0.0,0.0,0.4,0.2,0.8,0.6,0.0,0.2,0.0,0.0,0.6,0.2,0.4,0.0
Greenskeepers,Filipino Phil,,,,,,,,,,,,,,,,
W.A.S.P.,On Your Knees,,,,,,,,,,,,,,,,
Mr. Bungle,Egg,,,,,,,,,,,,,,,,
The Alan Parsons Project,Sirius,,,,,,,,,,,,,,,,
Tim Hecker,Harmony In Blue I,,,,,,,,,,,,,,,,
Bright Eyes,Touch,,,,,,,,,,,,,,,,
The Who,Fiddle About,,,,,,,,,,,,,,,,
Jason Mraz,Love For A Child,,,,,,,,,,,,,,,,
Jarvis Cocker,I Can'T Forget,,,,,,,,,,,,,,,,
Feeder,Miss You,,,,,,,,,,,,,,,,
Kate Voegele,One Way Or Another,,,,,,,,,,,,,,,,
Mudvayne,Not Falling,,,,,,,,,,,,,,,,
Japan,Taking Islands In Africa,0.4,0.2,0.6,0.2,0.2,0.0,0.0,0.0,0.0,0.0,0.0,0.0,0.8,0.4,0.4,0.0
Anathema,The Silent Enigma,,,,,,,,,,,,,,,,
Tenhi,Vähäinen Violetissa,,,,,,,,,,,,,,,,
Mujuice,Dampdemo,,,,,,,,,,,,,,,,
Tenhi,Viimeiseen,,,,,,,,,,,,,,,,
Kate Voegele,Only Fooling Myself,,,,,,,,,,,,,,,,
Jan Jelinek,Moiré (Strings),,,,,,,,,,,,,,,,
Pelican,Aurora Borealis,,,,,,,,,,,,,,,,
Pelican,City Of Echoes,,,,,,,,,,,,,,,,
Hüsker Dü,Chartered Trips,1.0,1.0,0.0,0.0,1.0,1.0,0.0,0.0,0.0,0.0,0.0,0.0,0.0,0.0,0.8,0.0
Alkaline Trio,You'Re Dead,,,,,,,,,,,,,,,,
Demi Lovato,Party,,,,,,,,,,,,,,,,
Ra Ra Riot,Run My Mouth,,,,,,,,,,,,,,,,
R.E.M.,Radio Song,,,,,,,,,,,,,,,,
Grendel,Harsh Generation,,,,,,,,,,,,,,,,
Emilíana Torrini,If You Go Away,,,,,,,,,,,,,,,,
Emilíana Torrini,Fireheads,,,,,,,,,,,,,,,,
Shugo Tokumaru,Parachute,,,,,,,,,,,,,,,,
Bad Religion,Generator,,,,,,,,,,,,,,,,
The Aislers Set,The Train #1,0.8,0.4,0.0,0.4,0.8,0.4,0.0,0.0,0.0,0.0,0.0,0.0,0.0,0.0,0.8,0.0
Daughtry,There And Back Again,,,,,,,,,,,,,,,,
Demarco,Duppy Know Who Fi Frighten,,,,,,,,,,,,,,,,
The Aislers Set,Hit The Snow,,,,,,,,,,,,,,,,
Anberlin,Love Song,,,,,,,,,,,,,,,,
William Shatner,Common People (Feat. Joe Jackson),,,,,,,,,,,,,,,,
Mouse On Mars,Download Sofist,,,,,,,,,,,,,,,,
Fluke,Zion,,,,,,,,,,,,,,,,
Pere Ubu,Over My Head,,,,,,,,,,,,,,,,
Fluke,Absurd,,,,,,,,,,,,,,,,
Ted Leo And The Pharmacists,Hearts Of Oak,,,,,,,,,,,,,,,,
The Bird And The Bee,My Love,,,,,,,,,,,,,,,,
Flying Lotus,Auntie'S Lock/Infinitium (Feat. Laura Darlington),,,,,,,,,,,,,,,,
Bluetech,Prayers For The Rain (In Dub),,,,,,,,,,,,,,,,
The Submarines,Vote,,,,,,,,,,,,,,,,
Rob Dougan,Clubbed To Death (Kurayamino Mix),,,,,,,,,,,,,,,,
Daedelus,Bahia,,,,,,,,,,,,,,,,
16 Horsepower,Splinters,,,,,,,,,,,,,,,,
16 Horsepower,Silver Saddle,,,,,,,,,,,,,,,,
Flykkiller,Peroxide,,,,,,,,,,,,,,,,
Third Eye Blind,Wounded,,,,,,,,,,,,,,,,
Biffy Clyro,Love Has A Diameter,,,,,,,,,,,,,,,,
Kelly Clarkson,Judas,,,,,,,,,,,,,,,,
Apostle Of Hustle,Chances Are,,,,,,,,,,,,,,,,
Low,Silver Rider,,,,,,,,,,,,,,,,
Motörhead,On Your Feet Or On Your Knees,,,,,,,,,,,,,,,,
Dark Tranquillity,Fabric,,,,,,,,,,,,,,,,
Manu Chao,El Hoyo,,,,,,,,,,,,,,,,
Manowar,I Believe,,,,,,,,,,,,,,,,
Green Day,Armatage Shanks,,,,,,,,,,,,,,,,
The Submarines,Clouds,,,,,,,,,,,,,,,,
Colleen,Floating In The Clearest Night,,,,,,,,,,,,,,,,
Ac/Dc,Love At First Feel,,,,,,,,,,,,,,,,
Mouse On Mars,Yippie,,,,,,,,,,,,,,,,
Motörhead,Sucker,,,,,,,,,,,,,,,,
Kelis,Millionaire (Feat. André 3000),,,,,,,,,,,,,,,,
Mount Eerie,I Hold Nothing,,,,,,,,,,,,,,,,
I Am Kloot,Mermaids,,,,,,,,,,,,,,,,
Kelis,Bossy,,,,,,,,,,,,,,,,
Xiu Xiu,The Pineapple Vs. The Watermelon,,,,,,,,,,,,,,,,
The Kinks,Do You Remember Walter?,,,,,,,,,,,,,,,,
Om,Annapurna,,,,,,,,,,,,,,,,
Janet Jackson,That'S The Way Love Goes,,,,,,,,,,,,,,,,
One Day As A Lion,One Day As A Lion,,,,,,,,,,,,,,,,
Jamiroquai,Use The Force,,,,,,,,,,,,,,,,
Wagon Christ,Cris Chana,,,,,,,,,,,,,,,,
R.E.M.,Sad Professor,,,,,,,,,,,,,,,,
Xiu Xiu,Fast Car,,,,,,,,,,,,,,,,
Deadbeat,Port-Au-Prince,,,,,,,,,,,,,,,,
Jane'S Addiction,Up The Beach,,,,,,,,,,,,,,,,
Deadmau5,Not Exactly,,,,,,,,,,,,,,,,
Teedra Moses,Caution,,,,,,,,,,,,,,,,
Jamie Cullum,Frontin',,,,,,,,,,,,,,,,
Manowar,The Gods Made Heavy Metal,,,,,,,,,,,,,,,,
Elio E Le Storie Tese,Urna,,,,,,,,,,,,,,,,
Opeth,Burden,,,,,,,,,,,,,,,,
Armand Van Helden,Sugar,,,,,,,,,,,,,,,,
Emilie Autumn,Dominant,,,,,,,,,,,,,,,,
Emilie Autumn,Girls Just Wanna Have Fun,,,,,,,,,,,,,,,,
James Morrison,You Make It Real,,,,,,,,,,,,,,,,
The Kills,Gypsy Death & You,0.0,0.0,0.0,0.0,1.0,0.6,0.0,0.0,0.0,0.0,0.0,0.0,0.0,0.0,0.0,0.0
Emilie Autumn,A Cure?,,,,,,,,,,,,,,,,
The Sea And Cake,Crossing Line,,,,,,,,,,,,,,,,
Tim Vanhamel,Like A Fire,,,,,,,,,,,,,,,,
Datarock,Fa Fa Fa,,,,,,,,,,,,,,,,
The Album Leaf,Another Day (Revised),,,,,,,,,,,,,,,,
Daughters Of Gaia,Reawakening,,,,,,,,,,,,,,,,
Green Day,Long View,,,,,,,,,,,,,,,,
Ulver,Catalept,,,,,,,,,,,,,,,,
Ac/Dc,Go Down,,,,,,,,,,,,,,,,
Drive Like Jehu,Here Come The Rome Plows,,,,,,,,,,,,,,,,
Alabama 3,Woke Up This Morning,,,,,,,,,,,,,,,,
State Radio,Mr. Larkin,,,,,,,,,,,,,,,,
The Chills,Pink Frost,,,,,,,,,,,,,,,,
Cradle Of Filth,Tortured Soul Asylum,,,,,,,,,,,,,,,,
Cradle Of Filth,Dusk And Her Embrace,,,,,,,,,,,,,,,,
State Radio,Riddle In Londontown,,,,,,,,,,,,,,,,
The Damned,Feel The Pain,,,,,,,,,,,,,,,,
The Sea And Cake,Coconut,,,,,,,,,,,,,,,,
The Wallflowers,6Th Avenue Heartache,,,,,,,,,,,,,,,,
The Damned,Smash It Up,,,,,,,,,,,,,,,,
L.A. Guns,No Mercy,,,,,,,,,,,,,,,,
Ac/Dc,Cover You In Oil,,,,,,,,,,,,,,,,
Radiohead,Wonderwall,,,,,,,,,,,,,,,,
Voxtrot,Real Live Version,,,,,,,,,,,,,,,,
Benoît Pioulard,Together & Down,,,,,,,,,,,,,,,,
Ac/Dc,Burnin' Alive,,,,,,,,,,,,,,,,
Opeth,Soldier Of Fortune,0.8,0.4,0.0,0.0,0.6,0.4,0.8,0.0,0.0,0.0,0.4,0.0,0.0,0.0,0.6,0.0
Opeth,Remember Tomorrow,,,,,,,,,,,,,,,,
Cradle Of Filth,Heaven Torn Asunder,,,,,,,,,,,,,,,,
Symphony X,Communion And The Oracle,,,,,,,,,,,,,,,,
Gavin Degraw,Just Friends,,,,,,,,,,,,,,,,
Riverside,Beyond The Eyelids,,,,,,,,,,,,,,,,
Lovedrug,Down Towards The Healing,,,,,,,,,,,,,,,,
Bono & Edge,Slow Dancing,,,,,,,,,,,,,,,,
Manic Street Preachers,Interiors (Song For Willem De Kooning),,,,,,,,,,,,,,,,
The Futureheads,Walking Backwards,,,,,,,,,,,,,,,,
The Bird And The Bee,Carol Of The Bells,,,,,,,,,,,,,,,,
The Bird And The Bee,Birthday,,,,,,,,,,,,,,,,
Cascada,Bad Boy,,,,,,,,,,,,,,,,
The Killers,Why Don'T You Find Out For Yourself (Radio 1 Session),,,,,,,,,,,,,,,,
Peggy Lee,Black Coffee,,,,,,,,,,,,,,,,
Oppenheimer,This Is Not A Test,0.6,0.4,0.8,0.4,0.6,0.4,0.0,0.0,0.0,0.0,0.0,0.0,1.0,0.8,0.4,0.0
菅野よう子,Gotta Knock A Little Harder,,,,,,,,,,,,,,,,
Daft Punk,Harder Better Faster Stronger (Alive Radio Edit),,,,,,,,,,,,,,,,
Blue Öyster Cult,Take Me Away,,,,,,,,,,,,,,,,
Flowing Tears,Serpentine,,,,,,,,,,,,,,,,
Flight Of The Conchords,The Prince Of Parties,,,,,,,,,,,,,,,,
Saul Williams,African Student Movement,,,,,,,,,,,,,,,,
Flight Of The Conchords,I'M Not Crying,,,,,,,,,,,,,,,,
Low,Just Stand Back,,,,,,,,,,,,,,,,
Orange Juice,Blue Boy,,,,,,,,,,,,,,,,
Orange Range,* ~Asterisk~,,,,,,,,,,,,,,,,
James,Say Something,,,,,,,,,,,,,,,,
Jamelia,Superstar,,,,,,,,,,,,,,,,
James Figurine,55566688833,,,,,,,,,,,,,,,,
Manic Street Preachers,Life Becoming A Landslide,,,,,,,,,,,,,,,,
Pearl Jam,Last Exit,,,,,,,,,,,,,,,,
James,Born Of Frustration,,,,,,,,,,,,,,,,
Pearl Jam,Cropduster,,,,,,,,,,,,,,,,
Alison Krauss,Maybe,,,,,,,,,,,,,,,,
Alison Krauss,It Wouldn'T Have Made Any Difference,,,,,,,,,,,,,,,,
De La Soul,A Little Bit Of Soap,,,,,,,,,,,,,,,,
Children Of Bodom,Talk Dirty To Me,,,,,,,,,,,,,,,,
The Killers,Glamorous Indie Rock & Roll,,,,,,,,,,,,,,,,
James Morrison,The Last Goodbye,,,,,,,,,,,,,,,,
Brian Wilson,Heroes And Villains,,,,,,,,,,,,,,,,
Gravity Kills,Here,,,,,,,,,,,,,,,,
The Protomen,Funeral For A Son,,,,,,,,,,,,,,,,
Bright Eyes,Amy In The White Coat,,,,,,,,,,,,,,,,
Gravity Kills,Drown,,,,,,,,,,,,,,,,
Orbital,Waving Not Drowning,,,,,,,,,,,,,,,,
Kent,Kungen Är Död,,,,,,,,,,,,,,,,
Deadbeat,Slow Rot From Rhetoric,,,,,,,,,,,,,,,,
The Whitest Kids U' Know,Dinosaur Rap,,,,,,,,,,,,,,,,
Andrea Bocelli,Con Te Partirò,,,,,,,,,,,,,,,,
Motion City Soundtrack,It Had To Be You,,,,,,,,,,,,,,,,
Volbeat,Soulweeper,,,,,,,,,,,,,,,,
Grandaddy,At My Post,,,,,,,,,,,,,,,,
Rainbow,Long Live Rock 'N' Roll,,,,,,,,,,,,,,,,
The Cure,The Exploding Boy,,,,,,,,,,,,,,,,
Kylie Minogue,Dancefloor,,,,,,,,,,,,,,,,
Rise Against,Heaven Knows,,,,,,,,,,,,,,,,
The San Francisco Gay Men'S Chorus,We Sail The Ocean Blue,,,,,,,,,,,,,,,,
Bonobo,If You Stayed Over (Reprise),,,,,,,,,,,,,,,,
The Saturdays,Up,,,,,,,,,,,,,,,,
Kyuss,Thee Ol' Boozeroony,,,,,,,,,,,,,,,,
Brian Eno,Under Stars,,,,,,,,,,,,,,,,
Ramones,Baby I Love You,,,,,,,,,,,,,,,,
Rinaldi Sings,A Matter Of Life & Death,,,,,,,,,,,,,,,,
Ringside,Tired Of Being Sorry,,,,,,,,,,,,,,,,
Gemini Five,Babylon Rockets,1.0,0.8,0.0,0.2,1.0,0.8,0.0,0.0,0.0,0.0,0.0,0.0,0.0,0.0,0.8,0.0
Kyuss,Jumbo Blimp Jumbo,,,,,,,,,,,,,,,,
Bear Vs. Shark,What A Horrible Night For A Curse,,,,,,,,,,,,,,,,
The Cinematic Orchestra,Yoyo Waltz,,,,,,,,,,,,,,,,
Rise Against,Anywhere But Here,,,,,,,,,,,,,,,,
The Cinematic Orchestra,Everyday,,,,,,,,,,,,,,,,
Brian Mcfadden,Real To Me,,,,,,,,,,,,,,,,
The Psychedelic Furs,Here Come Cowboys,,,,,,,,,,,,,,,,
The Psychedelic Furs,Into You Like A Train,,,,,,,,,,,,,,,,
Absurd Minds,Essence,,,,,,,,,,,,,,,,
Brian Reitzell,On The Subway,,,,,,,,,,,,,,,,
Keren Ann,Dimanche En Hiver,0.4,0.2,0.0,0.6,0.2,0.0,0.8,0.6,0.0,0.6,0.0,0.0,0.2,0.2,0.6,0.0
The White Stripes,Well It'S True That We Love One Another,,,,,,,,,,,,,,,,
Ani Difranco,Dilate,,,,,,,,,,,,,,,,
Manic Street Preachers,Socialist Serenade,,,,,,,,,,,,,,,,
Kent,Mannen I Den Vita Hatten (16 År Senare),,,,,,,,,,,,,,,,
Gouryella,Tenshi,,,,,,,,,,,,,,,,
Volbeat,River Queen,,,,,,,,,,,,,,,,
Graham Coxon,You & I,,,,,,,,,,,,,,,,
Kettcar,Handyfeuerzeug Gratis Dazu,,,,,,,,,,,,,,,,
Ketil Bjørnstad,Prelude 19,,,,,,,,,,,,,,,,
Andrew Bird,Darkmatter,,,,,,,,,,,,,,,,
Emily Haines,Bore,,,,,,,,,,,,,,,,
Mims,This Is Why I'M Hot (Radio),0.0,0.0,1.0,0.2,0.0,0.0,0.0,0.0,0.0,0.0,0.0,0.0,0.8,0.6,0.0,0.0
Elizabeth Fraser And Jeff Buckley,All Flowers In Time,,,,,,,,,,,,,,,,
Orbital,The Box,,,,,,,,,,,,,,,,
Small Faces,It'S Too Late,,,,,,,,,,,,,,,,
Slowdive,Celia'S Dream,,,,,,,,,,,,,,,,
The San Francisco Gay Men'S Chorus,My Gallant Crew,,,,,,,,,,,,,,,,
Manic Street Preachers,Drug Drug Druggy,,,,,,,,,,,,,,,,
Children Of Bodom,One Day You Will Cry,,,,,,,,,,,,,,,,
Bent,As You Fall,,,,,,,,,,,,,,,,
Manic Street Preachers,Emily,,,,,,,,,,,,,,,,
Children Of Bodom,Smile Pretty For The Devil,,,,,,,,,,,,,,,,
Ella Fitzgerald,I Get A Kick Out Of You,,,,,,,,,,,,,,,,
Emily Haines & The Soft Skeleton,Sprig,,,,,,,,,,,,,,,,
Pearl Jam,Alive (Live),,,,,,,,,,,,,,,,
At The Drive-In,Blue Tag,,,,,,,,,,,,,,,,
Mindless Self Indulgence,Backmask,,,,,,,,,,,,,,,,
Mindless Self Indulgence,Boomin',,,,,,,,,,,,,,,,
The Beta Band,Rhododendron,,,,,,,,,,,,,,,,
Antidote,No Nazis In Punk,,,,,,,,,,,,,,,,
The Beta Band,Round The Bend,,,,,,,,,,,,,,,,
Unkle,Broken,,,,,,,,,,,,,,,,
Mandy Moore,Only Hope,,,,,,,,,,,,,,,,
Lucas Prata,And She Said (Valentin Radio Mix),,,,,,,,,,,,,,,,
Tonic,You Wanted More,,,,,,,,,,,,,,,,
T.A.T.U.,Nas Ne Dogonyat,,,,,,,,,,,,,,,,
Azure Ray,Sea Of Doubts,,,,,,,,,,,,,,,,
Mos Def,Fear Not Of Man,,,,,,,,,,,,,,,,
Mors Principium Est,Two Steps Away,,,,,,,,,,,,,,,,
Dream Theater,Never Enough,,,,,,,,,,,,,,,,
Gorillaz,The Swagga,,,,,,,,,,,,,,,,
Pavement,At & T,,,,,,,,,,,,,,,,
Alif Tree,I Feel Blue,,,,,,,,,,,,,,,,
The Juliana Hatfield Three,Spin The Bottle,,,,,,,,,,,,,,,,
The Juliana Hatfield Three,For The Birds,,,,,,,,,,,,,,,,
Cassius,All I Want,,,,,,,,,,,,,,,,
The Kelly Family,Fell In Love With An Alien,,,,,,,,,,,,,,,,
Jamal,Policeman,,,,,,,,,,,,,,,,
Children Of Bodom,Bed Of Nails,,,,,,,,,,,,,,,,
Saul Williams,Tr(N)Igger,,,,,,,,,,,,,,,,
Alanis Morissette,Spineless,,,,,,,,,,,,,,,,
Thrice,For Miles,,,,,,,,,,,,,,,,
Idlewild,Actually It'S Darkness,,,,,,,,,,,,,,,,
Iced Earth,Dragon'S Child,,,,,,,,,,,,,,,,
Iced Earth,My Own Savior,,,,,,,,,,,,,,,,
Morrissey,Used To Be A Sweet Boy,,,,,,,,,,,,,,,,
Ida Maria,Oh My God,,,,,,,,,,,,,,,,
Combichrist,I'M Happy Anyway,,,,,,,,,,,,,,,,
Brian Eno & David Byrne,Mea Culpa,,,,,,,,,,,,,,,,
Gorillaz,Dirty Harry (Feat. Bootie Brown),,,,,,,,,,,,,,,,
Beck,He'S A Mighty Good Leader,,,,,,,,,,,,,,,,
Mors Principium Est,Sinners Defeat,,,,,,,,,,,,,,,,
Idlewild,Goodnight,,,,,,,,,,,,,,,,
Os Mutantes,Adeus Maria Fulô,,,,,,,,,,,,,,,,
Ministry,Deity,,,,,,,,,,,,,,,,
Kurtis Blow,The Breaks,,,,,,,,,,,,,,,,
Booka Shade,Control Me,,,,,,,,,,,,,,,,
Booka Shade,Body Language,,,,,,,,,,,,,,,,
Andrew Lloyd Webber,Angel Of Music,,,,,,,,,,,,,,,,
Ramones,I Want You Around,,,,,,,,,,,,,,,,
Combichrist,Feed Your Anger,,,,,,,,,,,,,,,,
Édith Piaf,Padam Padam,,,,,,,,,,,,,,,,
The Unicorns,Evacuatin' Somethin' Warm,,,,,,,,,,,,,,,,
Saves The Day,Wednesday The Third,,,,,,,,,,,,,,,,
Saxon Shore,Marked With The Knowledge,,,,,,,,,,,,,,,,
Avantasia,Prelude,,,,,,,,,,,,,,,,
Feel,W Odpowiedzi Na Twój List,,,,,,,,,,,,,,,,
Jakalope,Feel It,,,,,,,,,,,,,,,,
Alanis Morissette,That Particular Time,,,,,,,,,,,,,,,,
Genesis,Alone Tonight,,,,,,,,,,,,,,,,
X,The World'S A Mess; It'S In My Kiss,,,,,,,,,,,,,,,,
Atmosphere,Suicidegirls,,,,,,,,,,,,,,,,
Don'T Panic,Coldplay,,,,,,,,,,,,,,,,
1200 Micrograms,Stoned Henge,,,,,,,,,,,,,,,,
Mando Diao,Mr. Moon,,,,,,,,,,,,,,,,
Dance Nation,Sunshine (Cor Fijneman'S Feel Fine Remix),,,,,,,,,,,,,,,,
Tom Waits,House Where Nobody Lives,,,,,,,,,,,,,,,,
Feist,Lovertits,,,,,,,,,,,,,,,,
Eva Cassidy,Time Is A Healer,,,,,,,,,,,,,,,,
Unkle,Inside,,,,,,,,,,,,,,,,
Émilie Simon,Dernier Lit,,,,,,,,,,,,,,,,
Brian Eno,Silver Morning,,,,,,,,,,,,,,,,
Covenant,Prometheus,,,,,,,,,,,,,,,,
Ringside,Criminal,,,,,,,,,,,,,,,,
The Warlocks,Bleed Without You Babe,,,,,,,,,,,,,,,,
Gene,Fill Her Up,,,,,,,,,,,,,,,,
Savage Garden,Santa Monica,,,,,,,,,,,,,,,,
Avantasia,The Scarecrow,,,,,,,,,,,,,,,,
Dido,See The Sun,,,,,,,,,,,,,,,,
Kid Rock,American Bad Ass,,,,,,,,,,,,,,,,
Mors Principium Est,The Harmony Remains,,,,,,,,,,,,,,,,
Wu-Tang Clan,Unpredictable (Feat. Dexter Wiggle),0.4,0.4,0.8,0.4,0.2,0.0,0.0,0.0,0.0,0.0,0.0,0.0,0.6,0.6,0.6,0.0
Arab Strap,Fine Tuning,,,,,,,,,,,,,,,,
Unkle,Panic Attack,,,,,,,,,,,,,,,,
Booka Shade,Solo City,,,,,,,,,,,,,,,,
Dashboard Confessional,For You To Notice,,,,,,,,,,,,,,,,
Cat Power,Woman Left Lonely,,,,,,,,,,,,,,,,
The Georgia Satellites,Dan Takes Five,,,,,,,,,,,,,,,,
Jack Off Jill,Losing His Touch,,,,,,,,,,,,,,,,
Other Men,Uhhhh…,,,,,,,,,,,,,,,,
Otis Redding,A Change Is Gonna Come,,,,,,,,,,,,,,,,
The Cure,Labyrinth,,,,,,,,,,,,,,,,
Combichrist,Today We Are All Demons,,,,,,,,,,,,,,,,
The Cure,Lets Go To Bed,,,,,,,,,,,,,,,,
Stateless,Bloodstream,0.4,0.4,0.6,0.6,0.4,0.2,0.0,0.0,0.0,0.2,0.0,0.0,0.8,0.6,0.6,0.0
T.A.T.U.,All The Things She Said (Karaoke Mix),,,,,,,,,,,,,,,,
Ramsey Lewis,Sun Goddess,,,,,,,,,,,,,,,,
Kill Hannah,Kennedy,,,,,,,,,,,,,,,,
Rancid,The Way I Feel,,,,,,,,,,,,,,,,
Beastie Boys,Futterman'S Rule,,,,,,,,,,,,,,,,
Atmosphere,Can'T Break,,,,,,,,,,,,,,,,
Idlewild,Finished It Remains,,,,,,,,,,,,,,,,
Static-X,Burn To Burn,,,,,,,,,,,,,,,,
Rancid,Life Won'T Wait,,,,,,,,,,,,,,,,
Ayreon,Age Of Shadows (Edit),,,,,,,,,,,,,,,,
The Pussycat Dolls,Wait A Minute,,,,,,,,,,,,,,,,
Morning Runner,Work,,,,,,,,,,,,,,,,
Jaga Jazzist,Swedenborgske Rom,,,,,,,,,,,,,,,,
The Juliana Hatfield Three,This Is The Sound,,,,,,,,,,,,,,,,
The Juliana Hatfield Three,A Dame With A Rod,,,,,,,,,,,,,,,,
Three Drives,Greece 2000 (Dj Shog Remix),,,,,,,,,,,,,,,,
The Gathering,When The Sun Hits,0.8,0.6,0.0,0.2,0.8,0.8,0.0,0.0,0.0,0.0,0.0,0.0,0.6,0.4,0.8,0.0
Chicks On Speed,Warm Leatherette,,,,,,,,,,,,,,,,
Thrice,Between The End And Where We Lie,,,,,,,,,,,,,,,,
Chikinki,Hate Tv,,,,,,,,,,,,,,,,
Drain Sth,Serve The Shame,,,,,,,,,,,,,,,,
Man Man,Black Mission Goggles,,,,,,,,,,,,,,,,
Lucybell,Sembrando,,,,,,,,,,,,,,,,
Manchester Orchestra,Wolves At Night,,,,,,,,,,,,,,,,
Blue Man Group,Tension Song,,,,,,,,,,,,,,,,
Blue Man Group,Feast Picking,,,,,,,,,,,,,,,,
The Tea Party,Walking Wounded,,,,,,,,,,,,,,,,
Blind Guardian,The Bard'S Song: The Hobbit,,,,,,,,,,,,,,,,
Dream Theater,Blind Faith,,,,,,,,,,,,,,,,
The Russian Futurists,Hurtin' 4 Certain,,,,,,,,,,,,,,,,
Department Of Eagles,Therapy Car Noise,,,,,,,,,,,,,,,,
Moonspell,Full Moon Madness,,,,,,,,,,,,,,,,
Moonspell,Ruin & Misery,,,,,,,,,,,,,,,,
Killing The Dream,Save. Our. Ship,,,,,,,,,,,,,,,,
Turin Brakes,Long Distance,,,,,,,,,,,,,,,,
Dread Zeppelin,The Girl I Love,,,,,,,,,,,,,,,,
The Warlocks,Evil Eyes Again,,,,,,,,,,,,,,,,
F.R. David,Words,,,,,,,,,,,,,,,,
Ride,Not Fazed,,,,,,,,,,,,,,,,
The Russian Futurists,Two Dots On A Map,,,,,,,,,,,,,,,,
Fahrenheit,Por Ti,,,,,,,,,,,,,,,,
The Rumble Strips,Motorcycle,,,,,,,,,,,,,,,,
Kt Tunstall,White Bird,,,,,,,,,,,,,,,,
Shakira,Estoy Aquí,,,,,,,,,,,,,,,,
Jaga Jazzist,Going Down,,,,,,,,,,,,,,,,
Otep,Blood Pigs,,,,,,,,,,,,,,,,
Alanis Morissette,Wunderkind,,,,,,,,,,,,,,,,
Booka Shade,The Sun & The Neon Light,,,,,,,,,,,,,,,,
Booka Shade,Redemption,,,,,,,,,,,,,,,,
Tom Waits,Grapefruit Moon,,,,,,,,,,,,,,,,
The Go! Team,Hold Yr Terror Close,0.8,0.6,0.2,0.8,0.4,0.2,0.0,0.4,0.6,0.0,0.2,0.0,0.6,0.4,0.6,0.0
Jack Peñate,Run For Your Life,,,,,,,,,,,,,,,,
Black Moth Super Rainbow,Sun Lips,,,,,,,,,,,,,,,,
Rata Blanca,Blues,,,,,,,,,,,,,,,,
Spiritualized,The Slide Song,,,,,,,,,,,,,,,,
Chevelle,Family System,,,,,,,,,,,,,,,,
Chet Baker,Let'S Get Lost,0.0,0.0,0.0,0.0,0.0,0.0,0.0,0.0,1.0,0.6,0.0,0.0,0.0,0.0,0.0,0.8
Armin Van Buuren,Fine Without You (Feat. Jennifer Rene),,,,,,,,,,,,,,,,
Gomez,Love Is Better Than A Warm Trombone,,,,,,,,,,,,,,,,
The Raconteurs,These Stones Will Shout,,,,,,,,,,,,,,,,
Tori Amos,Rattlesnakes,,,,,,,,,,,,,,,,
De-Phazz,Happiness,,,,,,,,,,,,,,,,
Randy Newman,Mcqueen'S Lost,,,,,,,,,,,,,,,,
Randy Newman,It'S A Jungle Out There,,,,,,,,,,,,,,,,
Vive La Fête,Maladie D'Un Fou,,,,,,,,,,,,,,,,
Vive La Fête,Kl,,,,,,,,,,,,,,,,
Morbid Angel,World Of Shit (The Promised Land),1.0,1.0,0.0,0.0,1.0,1.0,0.0,0.0,0.0,0.0,0.0,0.0,0.0,0.0,1.0,0.0
Gomez,78 Stone Wobble,,,,,,,,,,,,,,,,
Tenacious D,Cosmic Shame,,,,,,,,,,,,,,,,
Killing The Dream,January 2Nd,,,,,,,,,,,,,,,,
Killswitch Engage,Holy Diver (Live),,,,,,,,,,,,,,,,
The John Butler Trio,Zebra,,,,,,,,,,,,,,,,
Morcheeba,Shallow End,,,,,,,,,,,,,,,,
Good Charlotte,The World Is Black,,,,,,,,,,,,,,,,
The Raconteurs,Rich Kid Blues,,,,,,,,,,,,,,,,
The Sword,Barael'S Blade,,,,,,,,,,,,,,,,
The Sword,Celestial Crown,,,,,,,,,,,,,,,,
Blue October,Sound Of Pulling Heaven Down,,,,,,,,,,,,,,,,
Blind Guardian,Somewhere Far Beyond,,,,,,,,,,,,,,,,
Slayer,Dittohead,,,,,,,,,,,,,,,,
Embrace,Out Of Nothing,,,,,,,,,,,,,,,,
Slagsmålsklubben,The World Welcomes Fame,,,,,,,,,,,,,,,,
Blind Guardian,Spread Your Wings,,,,,,,,,,,,,,,,
Moonspell,At The Image Of Pain,,,,,,,,,,,,,,,,
George Michael,Move On,,,,,,,,,,,,,,,,
Tom Petty And The Heartbreakers,Runnin' Down A Dream,,,,,,,,,,,,,,,,
Scarling.,City Noise,,,,,,,,,,,,,,,,
Damian Marley,All Night,,,,,,,,,,,,,,,,
The Beautiful South,We Are Each Other,,,,,,,,,,,,,,,,
Andrés Calamaro,Corazón En Venta,,,,,,,,,,,,,,,,
Gojira,Yama'S Messengers,,,,,,,,,,,,,,,,
Scarlett Johansson,Falling Down,,,,,,,,,,,,,,,,
Mono,Are You There?,,,,,,,,,,,,,,,,
Aberfeldy,A Friend Like You,,,,,,,,,,,,,,,,
The Cult,Wild Flower,,,,,,,,,,,,,,,,
Monster Magnet,Space Lord,,,,,,,,,,,,,,,,
Kimya Dawson,Underground,,,,,,,,,,,,,,,,
Moonspell,A Walk On The Darkside,,,,,,,,,,,,,,,,
Iván Ferreiro,Turnedo,,,,,,,,,,,,,,,,
Goldfrapp,Strict Machine (Single Mix),,,,,,,,,,,,,,,,
Gojira,Remembrance,,,,,,,,,,,,,,,,
Mamonas Assassinas,Mundo Animal,,,,,,,,,,,,,,,,
The Cure,Dressing Up,,,,,,,,,,,,,,,,
Ratatat,Shempi (Zongamin Remix),,,,,,,,,,,,,,,,
Vive La Fête,Joyeux,,,,,,,,,,,,,,,,
The Cure,Boys Don'T Cry (Acoustic),,,,,,,,,,,,,,,,
Idlewild,You And I Are Both Away,,,,,,,,,,,,,,,,
Idlewild,Safe And Sound,,,,,,,,,,,,,,,,
Paul Van Dyk,A Magical Moment,,,,,,,,,,,,,,,,
Cat Stevens,On The Road To Find Out,,,,,,,,,,,,,,,,
Alien Ant Farm,Sticks And Stones,,,,,,,,,,,,,,,,
Cat Stevens,Into White,,,,,,,,,,,,,,,,
Alien Ant Farm,Flesh And Bone,1.0,0.8,0.0,0.2,1.0,0.8,0.0,0.0,0.0,0.0,0.0,0.0,0.0,0.0,0.8,0.0
Paul Van Dyk,Vega,,,,,,,,,,,,,,,,
Brendan Benson,Feel Like Myself,,,,,,,,,,,,,,,,
Kings Of Leon,Head To Toe,,,,,,,,,,,,,,,,
Kings Of Convenience,Singing,,,,,,,,,,,,,,,,
Mokoma,En Elä Talven Yli,,,,,,,,,,,,,,,,
Abba,Happy New Year,,,,,,,,,,,,,,,,
Abba,Eagle,,,,,,,,,,,,,,,,
Gogol Bordello,Punk Rock Parranda,,,,,,,,,,,,,,,,
Abba,Gimme Gimme Gimme,,,,,,,,,,,,,,,,
Atb,9 Pm (Till I Come),,,,,,,,,,,,,,,,
The Aliens,Rox,,,,,,,,,,,,,,,,
Evanescence,Origin,,,,,,,,,,,,,,,,
Mokoma,Marjat,,,,,,,,,,,,,,,,
Kings Of Leon,Trani (Live),,,,,,,,,,,,,,,,
Moloko,I Want You,,,,,,,,,,,,,,,,
Monaco,What Do You Want From Me?,1.0,0.6,0.0,0.4,1.0,0.8,0.0,0.0,0.0,0.0,0.0,0.0,0.6,0.6,1.0,0.0
Brendan Benson,Eventually,,,,,,,,,,,,,,,,
Boozoo Bajou,Under My Sensi,,,,,,,,,,,,,,,,
The Roots,Take It There,,,,,,,,,,,,,,,,
Richard Hell & The Voidoids,Another World,,,,,,,,,,,,,,,,
Atlas Sound,The Time I Spent With Nico (Quiet),,,,,,,,,,,,,,,,
Dope Stars Inc.,Beatcrusher,,,,,,,,,,,,,,,,
Staind,Can'T Believe,,,,,,,,,,,,,,,,
Dope,Die Mf Die,,,,,,,,,,,,,,,,
Catatonia,Johnny Come Lately,,,,,,,,,,,,,,,,
Staind,Change,,,,,,,,,,,,,,,,
Outkast,Wheelz Of Steel,,,,,,,,,,,,,,,,
Alicia Keys,Go Ahead,,,,,,,,,,,,,,,,
J. Karjalainen,Telepatiaa,,,,,,,,,,,,,,,,
Outkast,Return Of The G,,,,,,,,,,,,,,,,
George Harrison,All Things Must Pass,,,,,,,,,,,,,,,,
The Clash,Hitsville U.K.,,,,,,,,,,,,,,,,
Paul Oakenfold,Faster Kill Pussycat (Feat. Brittany Murphy),,,,,,,,,,,,,,,,
Counting Crows,Catapult,,,,,,,,,,,,,,,,
Blu Cantrell,The One,0.6,0.4,0.6,0.6,0.4,0.2,0.0,0.4,0.0,0.4,0.0,0.0,0.6,0.4,0.6,0.0
The Go-Betweens,Cattle And Cane,,,,,,,,,,,,,,,,
Woven Hand,Truly Golden,,,,,,,,,,,,,,,,
Die Apokalyptischen Reiter,Riders On The Storm,,,,,,,,,,,,,,,,
Die Apokalyptischen Reiter,Revolution,,,,,,,,,,,,,,,,
Supafly Inc.,Moving Too Fast,,,,,,,,,,,,,,,,
Alicia Keys,Jane Doe,,,,,,,,,,,,,,,,
Scar Symmetry,Morphogenesis,,,,,,,,,,,,,,,,
Paul Lekakis,Boom Boom (Let'S Go Back To My Room) (Skitz Radio Mix),,,,,,,,,,,,,,,,
Alicia Keys,Lesson Learned (Feat. John Mayer),,,,,,,,,,,,,,,,
The God Machine,The Flower Song,,,,,,,,,,,,,,,,
Paul Giovanni And Magnet,Willow'S Song,,,,,,,,,,,,,,,,
Slayer,Love To Hate,,,,,,,,,,,,,,,,
Ataxia,Another,,,,,,,,,,,,,,,,
Eve 6,Rescue,,,,,,,,,,,,,,,,
Sébastien Tellier,Broadway,,,,,,,,,,,,,,,,
Shinedown,Stranger Inside,,,,,,,,,,,,,,,,
Gogol Bordello,East Infection,,,,,,,,,,,,,,,,
Dope Stars Inc.,Play 'N' Kill,,,,,,,,,,,,,,,,
P!Nk,Who Knew (Bimbo Jones Radio Edit),,,,,,,,,,,,,,,,
P!Nk,Waiting For Love,,,,,,,,,,,,,,,,
Dragonforce,Fields Of Despair,,,,,,,,,,,,,,,,
Dragonforce,Valley Of The Damned,,,,,,,,,,,,,,,,
Turin Brakes,Feeling Oblivion,,,,,,,,,,,,,,,,
Dragonforce,Above The Winter Moonlight,,,,,,,,,,,,,,,,
Breaking Benjamin,Topless,,,,,,,,,,,,,,,,
Säkert!,Vi Kommer Att Dö Samtidigt,,,,,,,,,,,,,,,,
Szymon Wydra & Carpe Diem,Życie Jak Poemat,,,,,,,,,,,,,,,,
Elliott Smith,Waltz #2,,,,,,,,,,,,,,,,
Depeche Mode,Corrupt,,,,,,,,,,,,,,,,
Slipknot,Psychosocial (Album Version),,,,,,,,,,,,,,,,
Islands,We Swim,,,,,,,,,,,,,,,,
P. Diddy,Last Night (Feat. Keyshia Cole),,,,,,,,,,,,,,,,
Art Brut,Jealous Guy,,,,,,,,,,,,,,,,
The Weepies,Not Dead Yet,,,,,,,,,,,,,,,,
Art Brut,Moving To La,,,,,,,,,,,,,,,,
Finntroll,Midnattens Widunder,,,,,,,,,,,,,,,,
Anton Maiden,To Tame A Land,,,,,,,,,,,,,,,,
Damian Marley,The Master Has Come Back,,,,,,,,,,,,,,,,
Die Apokalyptischen Reiter,Der Adler,,,,,,,,,,,,,,,,
Dir En Grey,Raison Detre,,,,,,,,,,,,,,,,
Isobel Campbell & Mark Lanegan,The Circus Is Leaving Town,0.4,0.2,0.0,0.4,0.2,0.0,0.8,0.6,0.0,0.0,0.0,0.0,0.0,0.0,0.6,0.0
This Mortal Coil,Waves Become Wings,,,,,,,,,,,,,,,,
P!Nk,Mean,,,,,,,,,,,,,,,,
Godsmack,Releasing The Demons,,,,,,,,,,,,,,,,
Andy Mckee,Nocturne,,,,,,,,,,,,,,,,
The Cryptkeeper Five,Gimme Gimme Your Heart,,,,,,,,,,,,,,,,
Black Box Recorder,Child Psychology,,,,,,,,,,,,,,,,
School Of Seven Bells,Face To Face On High Places,,,,,,,,,,,,,,,,
Scars On Broadway,World Long Gone,,,,,,,,,,,,,,,,
Mogwai,Xmas Steps,,,,,,,,,,,,,,,,
Finntroll,Marknadsvisan,,,,,,,,,,,,,,,,
A Silver Mt. Zion,Blown-Out Joy From Heaven'S Mercied Hole,,,,,,,,,,,,,,,,
Minus The Bear,Throwin' Shapes,,,,,,,,,,,,,,,,
Mirah,The Struggle,,,,,,,,,,,,,,,,
Проверочная Линейка,Дрожь,,,,,,,,,,,,,,,,
Miranda Lambert,Easy From Now On,,,,,,,,,,,,,,,,
Abandoned Pools,Armed To The Teeth,,,,,,,,,,,,,,,,
Iron Maiden,Quest For Fire,,,,,,,,,,,,,,,,
Abandoned Pools,Lethal Killers,,,,,,,,,,,,,,,,
Paul Mccartney,Only Mama Knows,,,,,,,,,,,,,,,,
Klaus Badelt,Blood Ritual,,,,,,,,,,,,,,,,
The Jesus And Mary Chain,Psycho Candy,,,,,,,,,,,,,,,,
Bloodhound Gang,Yummy Down On This,,,,,,,,,,,,,,,,
The Temptations,Ain'T Too Proud To Beg,,,,,,,,,,,,,,,,
Inxs,The One Thing,,,,,,,,,,,,,,,,
Mahogany,Optimism,,,,,,,,,,,,,,,,
Iron Maiden,Tailgunner,,,,,,,,,,,,,,,,
Patti Smith,Privilege (Set Me Free),,,,,,,,,,,,,,,,
The Goo Goo Dolls,Only One,,,,,,,,,,,,,,,,
Alice In Chains,Swing On This,,,,,,,,,,,,,,,,
Paavoharju,Ikuisuuden Maailma,,,,,,,,,,,,,,,,
Immortal Technique,Creation & Destruction,,,,,,,,,,,,,,,,
Ill Niño,This Time'S For Real,,,,,,,,,,,,,,,,
Paul Mccartney,No More Lonely Nights,,,,,,,,,,,,,,,,
Eyes Set To Kill,Darling,,,,,,,,,,,,,,,,
Get Cape. Wear Cape. Fly,The Chronicles Of A Bohemian Teenager (Part One),,,,,,,,,,,,,,,,
Darker My Love,Opening,,,,,,,,,,,,,,,,
Extreme,Color Me Blind,,,,,,,,,,,,,,,,
Seabound,The Promise,,,,,,,,,,,,,,,,
Felix Da Housecat,What Does It Feel Like?,,,,,,,,,,,,,,,,
Extreme,When I'M President,,,,,,,,,,,,,,,,
Seabound,Watching Over You,,,,,,,,,,,,,,,,
Everclear,White Men In Black Suits,,,,,,,,,,,,,,,,
Everclear,Summerland,,,,,,,,,,,,,,,,
Every Move A Picture,Chemical Burns,,,,,,,,,,,,,,,,
Conjure One,Redemption,,,,,,,,,,,,,,,,
Klaxons,My Love,,,,,,,,,,,,,,,,
Bebe,El Golpe,,,,,,,,,,,,,,,,
Klaus Badelt,Will And Elizabeth,,,,,,,,,,,,,,,,
Sportfreunde Stiller,Ein Kompliment,,,,,,,,,,,,,,,,
The Rakes,Terror,,,,,,,,,,,,,,,,
Dr. Octagon,Blue Flowers,,,,,,,,,,,,,,,,
Squarepusher,Cronecker King,,,,,,,,,,,,,,,,
Spoon,Rhythm And Soul,,,,,,,,,,,,,,,,
The Raveonettes,Little Animal,,,,,,,,,,,,,,,,
Kmfdm,Sucks,,,,,,,,,,,,,,,,
Modest Mouse,Dukes Up,,,,,,,,,,,,,,,,
George Michael,Freedom 90,,,,,,,,,,,,,,,,
Modest Mouse,Head South,,,,,,,,,,,,,,,,
Doug Burr,Come To My Senses,,,,,,,,,,,,,,,,
Staind,Trippy,,,,,,,,,,,,,,,,
Modest Mouse,Ohio,0.8,0.6,0.0,0.6,0.8,0.4,0.0,0.0,0.0,0.0,0.0,0.0,0.0,0.0,0.8,0.0
Brazilian Girls,Le Territoire,,,,,,,,,,,,,,,,
Klint,Diamond,,,,,,,,,,,,,,,,
Klimt 1918,Dopoguerra,,,,,,,,,,,,,,,,
Kmfdm,Free Your Hate,,,,,,,,,,,,,,,,
Mainstay,Danger,,,,,,,,,,,,,,,,
Felix Da Housecat,Glitz Rock,,,,,,,,,,,,,,,,
Sean Lennon,Friendly Fire,,,,,,,,,,,,,,,,
Finger Eleven,Thousand Mile Wish,,,,,,,,,,,,,,,,
Stacie Orrico,I'M Not Missing You,,,,,,,,,,,,,,,,
Dana International,Nosa'At Le Petra,,,,,,,,,,,,,,,,
Tom Vek,I Aint Saying My Goodbyes,,,,,,,,,,,,,,,,
Mirah,This Dance,,,,,,,,,,,,,,,,
De-Phazz,Online,,,,,,,,,,,,,,,,
Slayer,Spill The Blood,,,,,,,,,,,,,,,,
De-Phazz,Sabbatical,,,,,,,,,,,,,,,,
Slayer,Seven Faces,,,,,,,,,,,,,,,,
Alela Diane,Can You Blame The Sky?,,,,,,,,,,,,,,,,
Pain,Nailed To The Ground,,,,,,,,,,,,,,,,
The Jesus And Mary Chain,Cracked,,,,,,,,,,,,,,,,
Lumsk,I Trollehender,,,,,,,,,,,,,,,,
Final Fantasy,(Reverse),,,,,,,,,,,,,,,,
Pale Saints,Shell,,,,,,,,,,,,,,,,
Sleeping At Last,Tension & Thrill,,,,,,,,,,,,,,,,
Cave In,Rubber And Glue,,,,,,,,,,,,,,,,
Alestorm,Nancy The Tavern Wench,,,,,,,,,,,,,,,,
Kreator,Son Of Evil,,,,,,,,,,,,,,,,
Cave In,Youth Overrided (Live Acoustic),,,,,,,,,,,,,,,,
The Jam,Strange Town,,,,,,,,,,,,,,,,
Kreator,Terrible Certainty,,,,,,,,,,,,,,,,
Tom Waits,Anywhere I Lay My Head,,,,,,,,,,,,,,,,
Damien Rice,Blower'S Daughter,,,,,,,,,,,,,,,,
Filter,Captain Bligh,,,,,,,,,,,,,,,,
Sunset Strippers,Falling Stars,,,,,,,,,,,,,,,,
Van Halen,Drop Dead Legs,,,,,,,,,,,,,,,,
Sugababes,Back Down,,,,,,,,,,,,,,,,
Brave,Escape,,,,,,,,,,,,,,,,
Brazilian Girls,All About Us,,,,,,,,,,,,,,,,
Staind,Falling,,,,,,,,,,,,,,,,
Black Lips,Fairy Stories,,,,,,,,,,,,,,,,
Ghostface Killah,Outta Town Shit,,,,,,,,,,,,,,,,
Ghostface Killah,Apollo Kids,,,,,,,,,,,,,,,,
Ghinzu,Mine,,,,,,,,,,,,,,,,
Reagan Youth,(Are You) Happy?,,,,,,,,,,,,,,,,
The Rolling Stones,She Saw Me Coming,,,,,,,,,,,,,,,,
Real Mccoy,Another Night,,,,,,,,,,,,,,,,
Conor Oberst,I Don'T Want To (Die In A Hospital),,,,,,,,,,,,,,,,
Violins,Vendedor De Rins,,,,,,,,,,,,,,,,
Reatards,You Fucked Up My Dreams,,,,,,,,,,,,,,,,
Gnarls Barkley,No Time Soon,,,,,,,,,,,,,,,,
Reagan Youth,I Hate Hate,,,,,,,,,,,,,,,,
Kmfdm,Jihad,,,,,,,,,,,,,,,,
Wolfsheim,Approaching Lightspeed,,,,,,,,,,,,,,,,
Wire,A Touching Display,,,,,,,,,,,,,,,,
Patrick Wolf,Oblivion,,,,,,,,,,,,,,,,
Alice In Chains,Get Born Again,,,,,,,,,,,,,,,,
The Jackson 5,Never Can Say Goodbye,,,,,,,,,,,,,,,,
Imperiet,Du Ska Va President,,,,,,,,,,,,,,,,
The Jam,Batman Theme,,,,,,,,,,,,,,,,
Cd Pool,Bastian / You'Ve Got My Love (Chocolate Puma Vocal Mix),,,,,,,,,,,,,,,,
Corona,Rhythm Of The Night,,,,,,,,,,,,,,,,
Brandi Carlile,Closer To You,,,,,,,,,,,,,,,,
Repo! The Genetic Opera,Mark It Up,,,,,,,,,,,,,,,,
Angelspit,Grind,,,,,,,,,,,,,,,,
Viikate,Vesi Jota Pelkäät,,,,,,,,,,,,,,,,
Elvis Costello,Everyday I Write The Book,,,,,,,,,,,,,,,,
Patrick Wolf,Hard Times,,,,,,,,,,,,,,,,
Eluveitie,The Somber Lay,,,,,,,,,,,,,,,,
Tin Tin Out,Here'S Where The Story Ends,,,,,,,,,,,,,,,,
Evil Nine,You Are Not Through,,,,,,,,,,,,,,,,
Ex Pistols,Silly Thing,,,,,,,,,,,,,,,,
The American Analog Set,Gone To Earth,,,,,,,,,,,,,,,,
Modern Life Is War,Late Bloomers,1.0,1.0,0.0,0.0,1.0,1.0,0.0,0.0,0.0,0.0,0.0,0.0,0.0,0.0,1.0,0.0
Ewan Mcgregor,Your Song,,,,,,,,,,,,,,,,
Kmfdm,Ultra,,,,,,,,,,,,,,,,
Bad Brains,Banned In Dc,,,,,,,,,,,,,,,,
The Wedding Present,Getting Nowhere Fast,,,,,,,,,,,,,,,,
Slipknot,Butcher'S Hook,,,,,,,,,,,,,,,,
Arovane,Instant Gods Out Of The Box,,,,,,,,,,,,,,,,
Bertrand Burgalat,Aux Cyclades Electronique,,,,,,,,,,,,,,,,
Chemistry,Ai No Wa,,,,,,,,,,,,,,,,
Chelo,Cha Cha,,,,,,,,,,,,,,,,
Evil Nine,We Have The Energy,,,,,,,,,,,,,,,,
Lush,Thoughtforms,,,,,,,,,,,,,,,,
Lush,Nothing Natural,,,,,,,,,,,,,,,,
Madvillain,Operation Lifesaver Aka Mint Test,,,,,,,,,,,,,,,,
In Flames,Graveland,,,,,,,,,,,,,,,,
Charta 77,Lilla Björn Och Lilla Tiger,,,,,,,,,,,,,,,,
Bad Brains,Right Brigade,,,,,,,,,,,,,,,,
Teitur,One And Only,,,,,,,,,,,,,,,,
Red Hot Chili Peppers,Stone Cold Bush,,,,,,,,,,,,,,,,
Red Hot Chili Peppers,Gong Li,,,,,,,,,,,,,,,,
Atb,Made Of Glass,,,,,,,,,,,,,,,,
Tina Turner,Better Be Good To Me,,,,,,,,,,,,,,,,
Atb,Mysterious Skies,,,,,,,,,,,,,,,,
Antony And The Johnsons,The Horror Has Gone,,,,,,,,,,,,,,,,
Corona,Baby Baby,,,,,,,,,,,,,,,,
Mae,Breakdown,,,,,,,,,,,,,,,,
Atb,These Days,,,,,,,,,,,,,,,,
Lux,100 Billion Stars,,,,,,,,,,,,,,,,
The Concretes,Chosen One,,,,,,,,,,,,,,,,
The Rolling Stones,Loving Cup,,,,,,,,,,,,,,,,
Miss Kittin,Barefoot Tonight,,,,,,,,,,,,,,,,
Red Hot Chili Peppers,One Big Mob,,,,,,,,,,,,,,,,
Red Hot Chili Peppers,Pretty Little Ditty,,,,,,,,,,,,,,,,
Celldweller,The Last Firstborn,,,,,,,,,,,,,,,,
Blood For Blood,Livin' In Exile,,,,,,,,,,,,,,,,
In Flames,Lord Hypnos,,,,,,,,,,,,,,,,
Violent Femmes,Waiting For The Bus,,,,,,,,,,,,,,,,
Wire,Heartbeat,,,,,,,,,,,,,,,,
The Thrills,Hollywood Kids,,,,,,,,,,,,,,,,
Mae,Sun,,,,,,,,,,,,,,,,
Lush,Tinkerbell,,,,,,,,,,,,,,,,
Antony And The Johnsons,Soft Black Stars,,,,,,,,,,,,,,,,
Teitur,Halfway Between,,,,,,,,,,,,,,,,
Elvis Costello & The Attractions,Pump It Up,,,,,,,,,,,,,,,,
The Haunted,My Shadow,,,,,,,,,,,,,,,,
The Haunted,Burnt To A Shell,,,,,,,,,,,,,,,,
Insomnium,Closing Words,,,,,,,,,,,,,,,,
Wire,Map Ref. 41°N 93°W,,,,,,,,,,,,,,,,
Scorpions,321,,,,,,,,,,,,,,,,
Telefon Tel Aviv,Your Mouth,,,,,,,,,,,,,,,,
Korn,4 U,,,,,,,,,,,,,,,,
The Rolling Stones,Get Off My Cloud,,,,,,,,,,,,,,,,
Sham 69,Borstal Breakout,,,,,,,,,,,,,,,,
Giant Drag,My D*** S*** Live,,,,,,,,,,,,,,,,
The Cool Kids,Jingling,,,,,,,,,,,,,,,,
The Honorary Title,Cut Short,,,,,,,,,,,,,,,,
Inspectah Deck,Vendetta,,,,,,,,,,,,,,,,
Bad Brains,I And I Survive,,,,,,,,,,,,,,,,
Мои Ракеты Вверх,Passing On A Bicycle By A Green Fence,,,,,,,,,,,,,,,,
Korn,Seed,,,,,,,,,,,,,,,,
Koop,Baby,,,,,,,,,,,,,,,,
Bran Van 3000,Astounded,,,,,,,,,,,,,,,,
Brand New,Jesus,,,,,,,,,,,,,,,,
The Red Jumpsuit Apparatus,Waiting,,,,,,,,,,,,,,,,
Black Flag,Damaged Ii,,,,,,,,,,,,,,,,
Black Flag,American Waste,,,,,,,,,,,,,,,,
Chelo,Yummy (Remix F. Too Short),0.6,0.4,0.8,0.6,0.4,0.2,0.0,0.0,0.0,0.0,0.0,0.0,0.8,0.6,0.6,0.0
Pantera,Killers (Iron Maiden Cover),,,,,,,,,,,,,,,,
The Grates,19-20-20,,,,,,,,,,,,,,,,
Cheese People,O.M.E.,,,,,,,,,,,,,,,,
Moby,257.Zero,,,,,,,,,,,,,,,,
The Replacements,Androgynous,,,,,,,,,,,,,,,,
Brakes,What'S In It For Me?,,,,,,,,,,,,,,,,
Fennesz,Onsay,,,,,,,,,,,,,,,,
Mobb Deep,The Start Of Your Ending (41St Side),,,,,,,,,,,,,,,,
Valeria,Rhythm Of The Night,,,,,,,,,,,,,,,,
Blonde Redhead,Mother,,,,,,,,,,,,,,,,
Blonde Redhead,Girl Boy,,,,,,,,,,,,,,,,
Antti Tuisku,Lämpö,,,,,,,,,,,,,,,,
Insomnium,Death Walked The Earth,,,,,,,,,,,,,,,,
Chad Kroeger,Hero,,,,,,,,,,,,,,,,
Korn,Tearjerker,,,,,,,,,,,,,,,,
A-Ha,Cry Wolf,,,,,,,,,,,,,,,,
Paradise Lost,Let Me Drown,,,,,,,,,,,,,,,,
A-Ha,The Blood That Moves The Body,,,,,,,,,,,,,,,,
Converge,Homewrecker,,,,,,,,,,,,,,,,
Doug Burr,Slow Southern Home,,,,,,,,,,,,,,,,
St. Vincent,The Neighbors,,,,,,,,,,,,,,,,
Fergie,Big Girls Don'T Cry (Personal),,,,,,,,,,,,,,,,
Scouting For Girls,Keep On Walking,,,,,,,,,,,,,,,,
The Cranberries,Electric Blue,,,,,,,,,,,,,,,,
Red House Painters,Take Me Out,,,,,,,,,,,,,,,,
The Weakerthans,Virtute The Cat Explains Her Departure,,,,,,,,,,,,,,,,
Black Label Society,Destruction Overdrive,,,,,,,,,,,,,,,,
The Cranberries,I Will Always,,,,,,,,,,,,,,,,
The Republic Tigers,Buildings And Mountains,,,,,,,,,,,,,,,,
Glassjaw,When One Eight Becomes Two Zeros,,,,,,,,,,,,,,,,
Reel Big Fish,Where Have You Been?,,,,,,,,,,,,,,,,
Figurine,Impossible,,,,,,,,,,,,,,,,
St. Vincent,Actor Out Of Work,0.8,0.6,0.2,0.4,1.0,0.8,0.0,0.0,0.0,0.0,0.0,0.0,0.6,0.6,0.8,0.0
Damien Rice,The Professor & La Fille Danse,,,,,,,,,,,,,,,,
Blitzen Trapper,Furr,0.6,0.4,0.0,0.4,0.4,0.2,1.0,0.0,0.0,0.0,0.0,0.0,0.0,0.0,0.6,0.0
Field Music,In Context,,,,,,,,,,,,,,,,
Dan Arborise,Take Heart In You Hope / Paths,,,,,,,,,,,,,,,,
Tunng,Sweet William,,,,,,,,,,,,,,,,
Atheist,Unquestionable Presence,,,,,,,,,,,,,,,,
Doves,Birds Flew Backwards,,,,,,,,,,,,,,,,
Black Kids,Hit The Heartbreaks,,,,,,,,,,,,,,,,
Mobb Deep,Back At You,,,,,,,,,,,,,,,,
Bloc Party,Hunting For Witches (Crystal Castles Remix),,,,,,,,,,,,,,,,
Blitz,Attack,,,,,,,,,,,,,,,,
鼓童,Ibuki Reconstruction,,,,,,,,,,,,,,,,
Kotiteollisuus,Vuonna Yksi Ja Kaksi,,,,,,,,,,,,,,,,
Kotiteollisuus,Valtakunta,,,,,,,,,,,,,,,,
Sum 41,Introduction To Destruction,,,,,,,,,,,,,,,,
Kraftwerk,Geiger Counter,,,,,,,,,,,,,,,,
Machine Head,I'M Your God Now,,,,,,,,,,,,,,,,
Miss Kittin & The Hacker,Life On Mtv,,,,,,,,,,,,,,,,
Mission Of Burma,Red,,,,,,,,,,,,,,,,
Mission Of Burma,That'S How I Escaped My Certain Fate,,,,,,,,,,,,,,,,
Mitch Hedberg,Candy Bars,,,,,,,,,,,,,,,,
Paradise Lost,Mystify,,,,,,,,,,,,,,,,
Beth Orton,Carmella,,,,,,,,,,,,,,,,
Mobb Deep,Can'T Get Enough Of It,,,,,,,,,,,,,,,,
Inkubus Sukkubus,Hecate Cerridwyn,,,,,,,,,,,,,,,,
Sea Wolf,Black Dirt,,,,,,,,,,,,,,,,
Atc,Around The World (La La La La La),,,,,,,,,,,,,,,,
Fergie,Mary Jane Shoes,,,,,,,,,,,,,,,,
The Rocket Summer,Around The Clock,,,,,,,,,,,,,,,,
The Rocket Summer,Brat Pack,,,,,,,,,,,,,,,,
Ingrid Michaelson,Die Alone,0.6,0.2,0.0,0.6,0.0,0.0,0.6,0.0,0.0,0.8,0.0,0.0,0.0,0.0,0.6,0.0
Inara George,Fools In Love,,,,,,,,,,,,,,,,
Alexi Murdoch,Blue Mind,0.4,0.2,0.0,0.6,0.0,0.0,1.0,0.0,0.0,0.0,0.0,0.0,0.0,0.0,0.4,0.0
The Hellacopters,All New Low,,,,,,,,,,,,,,,,
Sleater-Kinney,Buy Her Candy,,,,,,,,,,,,,,,,
The Haunted,The Drowning,,,,,,,,,,,,,,,,
Alexi Murdoch,Dream About Flying,,,,,,,,,,,,,,,,
The Haunted,The Reflection,1.0,1.0,0.0,0.2,1.0,1.0,0.0,0.0,0.0,0.0,0.0,0.0,0.0,0.0,1.0,0.0
John Williams,A New Hope / End Credits,,,,,,,,,,,,,,,,
Hefner,The Hymn For The Cigarettes,,,,,,,,,,,,,,,,
Pony Up,Dance For Me,,,,,,,,,,,,,,,,
Cliff Martinez,Hi Energy Proton Accelerator,,,,,,,,,,,,,,,,
Clinic,The Bridge,,,,,,,,,,,,,,,,
The Music,Turn Out The Light,,,,,,,,,,,,,,,,
The Dresden Dolls,Thirty Whacks,,,,,,,,,,,,,,,,
Enya,Paint The Sky With Stars,,,,,,,,,,,,,,,,
Machinae Supremacy,Dreadnaught,,,,,,,,,,,,,,,,
M83,Night,,,,,,,,,,,,,,,,
Devin Townsend,Earth Day,,,,,,,,,,,,,,,,
Swan Lake,Widow'S Walk,,,,,,,,,,,,,,,,
Story Of The Year,Swallow The Knife,,,,,,,,,,,,,,,,
Mazzy Star,Roseblood,,,,,,,,,,,,,,,,
Nick Cave & The Bad Seeds,Hallelujah,,,,,,,,,,,,,,,,
Dinosaur Jr.,Back To Your Heart,,,,,,,,,,,,,,,,
Sugababes,Open The Door,,,,,,,,,,,,,,,,
高梨康治/刃-Yaiba-,疾風伝,,,,,,,,,,,,,,,,
Nick Cave & The Bad Seeds,Hiding All Away,,,,,,,,,,,,,,,,
Dimmu Borgir,Metal Heart,,,,,,,,,,,,,,,,
Sugababes,Run For Cover,,,,,,,,,,,,,,,,
Dingo,Autiotalo,,,,,,,,,,,,,,,,
Diesler,Sandcastles,,,,,,,,,,,,,,,,
高梨康治/刃-Yaiba-,暁,0.6,0.6,0.0,0.4,0.8,0.6,0.0,1.0,0.0,0.4,0.0,0.0,0.6,0.4,0.8,0.0
Suicide,Cheree (Remix),,,,,,,,,,,,,,,,
Macy Gray,Sexual Revolution,0.8,0.6,0.2,0.6,0.6,0.4,0.0,0.2,0.8,0.4,0.6,0.0,0.4,0.4,0.8,0.8
+44,Interlude,,,,,,,,,,,,,,,,
M-Flo♥Monday満ちる,A.D.D.P. (Magdarise Remix),,,,,,,,,,,,,,,,
M-Flo Loves Kahimi Karie,Cozmo-Naughty (Sugiurumn House Mission Mix),,,,,,,,,,,,,,,,
Ferry Corsten,Punk,,,,,,,,,,,,,,,,
The Twilight Sad,And She Would Darken The Memory,,,,,,,,,,,,,,,,
The Tragically Hip,New Orleans Is Sinking,,,,,,,,,,,,,,,,
Tribalistas,Velha Infância,,,,,,,,,,,,,,,,
이효리,Any Club [Feat. Teddy],,,,,,,,,,,,,,,,
Suicide,I Remember,,,,,,,,,,,,,,,,
Madeleine Peyroux,Weary Blues,,,,,,,,,,,,,,,,
The Turtles,Outside Chance,,,,,,,,,,,,,,,,
Blockhead,Crashing Down,,,,,,,,,,,,,,,,
M. Ward,Well-Tempered Clavier,,,,,,,,,,,,,,,,
Bloc Party,Plans (Replanned By Mogwai),,,,,,,,,,,,,,,,
Blink-182,Please Take Me Home,,,,,,,,,,,,,,,,
Ferry Corsten,L.E.F.,,,,,,,,,,,,,,,,
Tribalistas,Passe Em Casa,0.4,0.2,0.0,0.8,0.0,0.0,0.6,0.0,0.0,0.0,0.0,0.0,0.0,0.0,0.6,0.0
Madonna,I Want You (Feat. Massive Attack),,,,,,,,,,,,,,,,
Madonna,I'Ll Remember,,,,,,,,,,,,,,,,
Blockhead,Triptych Part 3,,,,,,,,,,,,,,,,
Madonna,Give It 2 Me (Paul Oakenfold Edit),,,,,,,,,,,,,,,,
M. Ward,Afterword / Rag,,,,,,,,,,,,,,,,
+44,Weatherman,,,,,,,,,,,,,,,,
Sum 41,Some Say,,,,,,,,,,,,,,,,
Bliss,Remember My Name,,,,,,,,,,,,,,,,
The Tough Alliance,Looking For Gold,,,,,,,,,,,,,,,,
The Riverboat Gamblers,Don'T Bury Me... I'M Still Not Dead,,,,,,,,,,,,,,,,
Boys Noize,Feel Good (Tv=Off),,,,,,,,,,,,,,,,
Mission Of Burma,Wounded World,,,,,,,,,,,,,,,,
Missy Higgins,Nightminds,,,,,,,,,,,,,,,,
Kotiteollisuus,Routa Ei Lopu,,,,,,,,,,,,,,,,
Kraftwerk,Das Model,,,,,,,,,,,,,,,,
Kraak & Smaak,Danse Macabre,,,,,,,,,,,,,,,,
Mission Of Burma,Einstein'S Day,,,,,,,,,,,,,,,,
Seabear,Good Morning Scarecrow,,,,,,,,,,,,,,,,
Ferry Corsten,Down On Love,,,,,,,,,,,,,,,,
Fergie,All That I Got (The Make Up Song),,,,,,,,,,,,,,,,
Paradise Lost,Xavier,,,,,,,,,,,,,,,,
Paradise Lost,Symbol Of Life,,,,,,,,,,,,,,,,
Information Society,What'S On Your Mind (Pure Energy),,,,,,,,,,,,,,,,
Beth Orton,How Far,,,,,,,,,,,,,,,,
The Holloways,Two Left Feet,,,,,,,,,,,,,,,,
Madonna,Nobody'S Perfect,,,,,,,,,,,,,,,,
Madonna,Mer Girl,,,,,,,,,,,,,,,,
.38 Special,Back To Paradise,,,,,,,,,,,,,,,,
Lynyrd Skynyrd,Swamp Music,,,,,,,,,,,,,,,,
Lynyrd Skynyrd,The Needle And The Spoon,,,,,,,,,,,,,,,,
Madonna,Intervention,,,,,,,,,,,,,,,,
Scripture,No Word Needed,,,,,,,,,,,,,,,,
...And You Will Know Us By The Trail Of Dead,Source Tags & Codes,,,,,,,,,,,,,,,,
The Hoosiers,Worst Case Scenario,,,,,,,,,,,,,,,,
Beto Cuevas,Vuelvo,,,,,,,,,,,,,,,,
Ceremony,Living Hell,,,,,,,,,,,,,,,,
Insomnium,The Moment Of Reckoning,,,,,,,,,,,,,,,,
Antti Tuisku,Lähtemässä,,,,,,,,,,,,,,,,
The Twilight Singers,Railroad Lullaby,,,,,,,,,,,,,,,,
Insomnium,Bereavement,,,,,,,,,,,,,,,,
Armin Van Buuren,Zocalo (Feat. Gabriel & Dresden),,,,,,,,,,,,,,,,
Panzer Ag,God Eats God,,,,,,,,,,,,,,,,
Lykke Li,Tonight,,,,,,,,,,,,,,,,
Elvis Costello,Welcome To The Working Week,,,,,,,,,,,,,,,,
Beth Orton,This One'S Gonna Bruise,,,,,,,,,,,,,,,,
The Hidden Cameras,Boys Of Melody,,,,,,,,,,,,,,,,
Chairlift,Evident Utensil,,,,,,,,,,,,,,,,
Chairlift,Garbage,,,,,,,,,,,,,,,,
Paradise Lost,I Can Hate You,,,,,,,,,,,,,,,,
Brand New,Last Chance To Lose Your Keys,,,,,,,,,,,,,,,,
Moby,Anthem,,,,,,,,,,,,,,,,
Bran Van 3000,Discosis,,,,,,,,,,,,,,,,
Мои Ракеты Вверх,Gash,,,,,,,,,,,,,,,,
Korn,Let'S Get This Party Started,,,,,,,,,,,,,,,,
Korn,Lost,,,,,,,,,,,,,,,,
Atb,Some Things Just Are The Way They Are,,,,,,,,,,,,,,,,
The Reindeer Section,Strike Me Down,,,,,,,,,,,,,,,,
Extreme,Tragic Comic,,,,,,,,,,,,,,,,
The Rolling Stones,Dangerous Beauty,,,,,,,,,,,,,,,,
Black Label Society,Forever Down,,,,,,,,,,,,,,,,
The Wedding Present,Brassneck,,,,,,,,,,,,,,,,
Black Flag,Clocked In,,,,,,,,,,,,,,,,
Miss Kittin,Allergic,,,,,,,,,,,,,,,,
Misfits,Witch Hunt,,,,,,,,,,,,,,,,
Brand New,Sowing Season,,,,,,,,,,,,,,,,
Darkwell,The Rejuvination,,,,,,,,,,,,,,,,
The American Analog Set,The Kindness Of Strangers,,,,,,,,,,,,,,,,
Shankar-Ehsaan-Loy,Kal Ho Naa Ho (Sad),,,,,,,,,,,,,,,,
Darkwell,Realm Of Darkness,,,,,,,,,,,,,,,,
Darkthrone,Summer Of The Diabolical Holocaust,,,,,,,,,,,,,,,,
Shakira & Alejandro Sanz,La Tortura,,,,,,,,,,,,,,,,
Extreme,Li'L Jack Horny,,,,,,,,,,,,,,,,
Extreme,It ('S A Monster),,,,,,,,,,,,,,,,
Contemporary Noise Quintet,Army Of The Sun,,,,,,,,,,,,,,,,
The Cranberries,Dying Inside,,,,,,,,,,,,,,,,
Red House Painters,Dragonflies,,,,,,,,,,,,,,,,
Glenn Branca,The Ascension,,,,,,,,,,,,,,,,
Ayria,The Radio,,,,,,,,,,,,,,,,
St. Germain,My Mama Said,,,,,,,,,,,,,,,,
Douglas Heart,Smoke Screen,,,,,,,,,,,,,,,,
Bandalusa,Fui À Cidade,,,,,,,,,,,,,,,,
Viikate,Unholan Urut,,,,,,,,,,,,,,,,
The Concretes,Lonely As Can Be,0.6,0.4,0.0,0.4,0.6,0.4,0.4,0.0,0.0,0.2,0.6,0.0,0.0,0.0,0.6,0.0
Moby,Whispering Wind,,,,,,,,,,,,,,,,
Modern Life Is War,Breaking The Cycle,,,,,,,,,,,,,,,,
Modern Life Is War,Clarity,,,,,,,,,,,,,,,,
Modern Life Is War,D.E.A.D.R.A.M.O.N.E.S.,,,,,,,,,,,,,,,,
The Almost,I Mostly Copy Other People,,,,,,,,,,,,,,,,
The American Analog Set,Million Young,,,,,,,,,,,,,,,,
The Rolling Stones,It Won'T Take Long,,,,,,,,,,,,,,,,
Bourbon Crow,Drink 'Till You Ain'T Ugly,,,,,,,,,,,,,,,,
Reverend And The Makers,The State Of Things,,,,,,,,,,,,,,,,
Reverend And The Makers,Open Your Window,,,,,,,,,,,,,,,,
Beastie Boys,To All The Girls,,,,,,,,,,,,,,,,
Beastie Boys,Time To Get Ill,,,,,,,,,,,,,,,,
Violator,Artillery Attack,,,,,,,,,,,,,,,,
The Clientele,My Own Face Inside The Trees,,,,,,,,,,,,,,,,
The Cranberries,Liar,,,,,,,,,,,,,,,,
Constantines,Justice,,,,,,,,,,,,,,,,
Constantines,Nighttime/Anytime (It'S Alright),,,,,,,,,,,,,,,,
Kraftwerk,The Man-Machine,,,,,,,,,,,,,,,,
Globus,Diem Ex Dei,,,,,,,,,,,,,,,,
Black Label Society,Death March,,,,,,,,,,,,,,,,
The Rolling Stones,I'M Free,,,,,,,,,,,,,,,,
Dr. Dre,Big Ego'S,,,,,,,,,,,,,,,,
Squarepusher,Welcome To Europe,,,,,,,,,,,,,,,,
Dr. Dog,The World May Never Know,,,,,,,,,,,,,,,,
Dr. Dog,Weekend,,,,,,,,,,,,,,,,
Dr. Dre,The Day The Niggaz Took Over,,,,,,,,,,,,,,,,
Dr. Dre,The Next Episode (Feat. Snoop Dogg),,,,,,,,,,,,,,,,
Turbonegro,Gimme Some,,,,,,,,,,,,,,,,
Violator,Destined To Die,,,,,,,,,,,,,,,,
Rbd,Wanna Play,,,,,,,,,,,,,,,,
Reagan Youth,In Dog We Trust,,,,,,,,,,,,,,,,
Reagan Youth,Jesus Was A Communist,,,,,,,,,,,,,,,,
God Lives Underwater,Lonely Again,,,,,,,,,,,,,,,,
Virgin Prunes,Baby Turns Blue,,,,,,,,,,,,,,,,
Modeselektor,The First Rebirth,,,,,,,,,,,,,,,,
Modest Mouse,A Life Of Artic Sounds,,,,,,,,,,,,,,,,
Mogwai,Like Herod (Live),,,,,,,,,,,,,,,,
Kmfdm,Disobedience,,,,,,,,,,,,,,,,
Ghostland Observatory,Stranger Lover,,,,,,,,,,,,,,,,
The Rapture,Whoo! Alright - Yeah... Uh Huh.,,,,,,,,,,,,,,,,
The Wedding Present,My Favourite Dress,,,,,,,,,,,,,,,,
Rebel Meets Rebel,Rebel Meets Rebel,,,,,,,,,,,,,,,,
The Raveonettes,Let'S Rave On,,,,,,,,,,,,,,,,
Rebel Meets Rebel,Heart Worn Highway,,,,,,,,,,,,,,,,
Ane Brun,Song No 6,,,,,,,,,,,,,,,,
The Rolling Stones,She Smiled Sweetly,,,,,,,,,,,,,,,,
Gerry & The Pacemakers,You'Ll Never Walk Alone,,,,,,,,,,,,,,,,
Gepe,No Te Mueras Tanto,,,,,,,,,,,,,,,,
Revolting Cocks,We Shall Cleanse The World,,,,,,,,,,,,,,,,
Rhapsody Of Fire,Holy Thunderforce,,,,,,,,,,,,,,,,
Rhapsody Of Fire,Unholy Warcry,,,,,,,,,,,,,,,,
Beastie Boys,The Biz Vs. The Nuge,,,,,,,,,,,,,,,,
Viikate,Rauta-Airot,,,,,,,,,,,,,,,,
Shapeshifters,Incredible,,,,,,,,,,,,,,,,
Moby,Raining Again (Steve Angello'S Vocal Mix),,,,,,,,,,,,,,,,
Kreator,Terror Zone,,,,,,,,,,,,,,,,
Misfits,Rat Fink,,,,,,,,,,,,,,,,
Bosque Brown,Still Afraid,,,,,,,,,,,,,,,,
The Rolling Stones,Respectable,,,,,,,,,,,,,,,,
Misfits,Bloodfeast,,,,,,,,,,,,,,,,
Mogwai,Punk Rock:,,,,,,,,,,,,,,,,
Misfits,Abominable Dr. Phibes,,,,,,,,,,,,,,,,
Bebe,Ella,,,,,,,,,,,,,,,,
God Is An Astronaut,Radau,,,,,,,,,,,,,,,,
Bebel Gilberto,Aganjú  (The Latin Project Remix),,,,,,,,,,,,,,,,
Evanescence,Wash It All Away,,,,,,,,,,,,,,,,
Timo Rautiainen & Trio Niskalaukaus,Hämmennys Ja Viha,,,,,,,,,,,,,,,,
Tomte,So Soll Es Sein,,,,,,,,,,,,,,,,
Everclear,So Much For The Afterglow,,,,,,,,,,,,,,,,
Angra,Heroes Of Sand,,,,,,,,,,,,,,,,
Darkthrone,Fucked Up And Ready To Die,,,,,,,,,,,,,,,,
Darkthrone,Graven Tåkeheimens Saler,,,,,,,,,,,,,,,,
Extreme,Get The Funk Out,,,,,,,,,,,,,,,,
Eyes Set To Kill,Beauty Through Broken Glass,,,,,,,,,,,,,,,,
The Rakes,1989,,,,,,,,,,,,,,,,
Mojo Project,Could You (David Penn Dub),,,,,,,,,,,,,,,,
The Apples In Stereo,Dots 1-2-3,,,,,,,,,,,,,,,,
Kmfdm,A Hole In The Wall,,,,,,,,,,,,,,,,
Modwheelmood,As I Stand Here,,,,,,,,,,,,,,,,
The Weepies,Antarctica,,,,,,,,,,,,,,,,
Staind,Suffer,,,,,,,,,,,,,,,,
Dottie Danger,Sasha,,,,,,,,,,,,,,,,
Atb,Dooley'S World,,,,,,,,,,,,,,,,
Dot Allison,Substance (Felix Da Housecat Mix),,,,,,,,,,,,,,,,
Richard Davis,The Truth,,,,,,,,,,,,,,,,
Turbonegro,High On The Crime,,,,,,,,,,,,,,,,
Dottie Danger,Тихие Дни,,,,,,,,,,,,,,,,
Atb,Ecstasy (At&B Airplay Mix),,,,,,,,,,,,,,,,
Spın̈Al Tap,Hell Hole,,,,,,,,,,,,,,,,
Atb,Circular Symetry,,,,,,,,,,,,,,,,
System F,Reaching Your Soul,,,,,,,,,,,,,,,,
Depeche Mode,Home (Grantby Mix),,,,,,,,,,,,,,,,
The Weepies,All That I Want,,,,,,,,,,,,,,,,
The Weepies,All Good Things,,,,,,,,,,,,,,,,
Evanescence,The Last Day,,,,,,,,,,,,,,,,
Atlas Sound,The Time I Spent With Nico (Loud),,,,,,,,,,,,,,,,
Mokoma,Tämän Maailman Ruhtinaan Hovi,,,,,,,,,,,,,,,,
Minutemen,It'S Expected I'M Gone,0.8,0.8,0.0,0.0,1.0,0.6,0.0,0.0,0.0,0.0,0.0,0.0,0.0,0.0,1.0,0.0
The Radio Dept.,Lost And Found,,,,,,,,,,,,,,,,
Depeche Mode,Fly On The Windscreen-Final,,,,,,,,,,,,,,,,
Dragonette,Get Lucky,,,,,,,,,,,,,,,,
Minutemen,Do You Want New Wave Or Do You Want The Truth?,,,,,,,,,,,,,,,,
Miranda!,Enamorada,,,,,,,,,,,,,,,,
A Silver Mt. Zion,Could'Ve Moved Mountains...,,,,,,,,,,,,,,,,
Black Light Burns,Iodine Sky,,,,,,,,,,,,,,,,
Minutemen,This Ain'T No Picnic,,,,,,,,,,,,,,,,
Black Lips,I'Ll Be With You,,,,,,,,,,,,,,,,
God'S Bow,Intro,,,,,,,,,,,,,,,,
The Warlocks,The Tangent,,,,,,,,,,,,,,,,
God'S Bow,Hopefull Minds,,,,,,,,,,,,,,,,
God Is An Astronaut,Tempus Horizon,,,,,,,,,,,,,,,,
Godsmack,I Am,,,,,,,,,,,,,,,,
Klaus Nomi,Ding Dong,,,,,,,,,,,,,,,,
The Apples In Stereo,Can You Feel It?,,,,,,,,,,,,,,,,
Mirah,You'Ve Gone Away Enough,,,,,,,,,,,,,,,,
Ricardo Arjona,Mojado,,,,,,,,,,,,,,,,
Evil Nine,Crooked,,,,,,,,,,,,,,,,
The Radio Dept.,You And Me Then?,,,,,,,,,,,,,,,,
Mokoma,Lujaa Tekoa,,,,,,,,,,,,,,,,
The Weepies,Old Coyote,,,,,,,,,,,,,,,,
The Weepies,Orbiting,,,,,,,,,,,,,,,,
The Cribs,Things You Should Be Knowing,,,,,,,,,,,,,,,,
King Crimson,Three Of A Perfect Pair,,,,,,,,,,,,,,,,
Razor,Instant Death,,,,,,,,,,,,,,,,
Richard Davis,Honest With You,,,,,,,,,,,,,,,,
Kimya Dawson,My Mom,,,,,,,,,,,,,,,,
King Creosote,All The 3'S,,,,,,,,,,,,,,,,
Common,The People,,,,,,,,,,,,,,,,
Vitalic,U And I,,,,,,,,,,,,,,,,
Gojira,Adoration For None,,,,,,,,,,,,,,,,
Richard Hawley,Coles Corner,,,,,,,,,,,,,,,,
Gojira,Embrace The World,,,,,,,,,,,,,,,,
George Harrison,While My Guitar Gently Weeps,,,,,,,,,,,,,,,,
Richard O'Brien,Over At The Frankenstein Place,,,,,,,,,,,,,,,,
Richard Hawley,The Ocean,,,,,,,,,,,,,,,,
George Harrison,Something,,,,,,,,,,,,,,,,
Richard Hell & The Voidoids,I'M Your Man,,,,,,,,,,,,,,,,
Richard Cheese,Down With The Sickness,,,,,,,,,,,,,,,,
Counting Crows,Have You Seen Me Lately?,,,,,,,,,,,,,,,,
Kiss,I Want You,,,,,,,,,,,,,,,,
Kiss,Domino,,,,,,,,,,,,,,,,
Vision Divine,Waiting For The Dawn,,,,,,,,,,,,,,,,
Aqua Timez,Alones (Tv Size),,,,,,,,,,,,,,,,
Dope Stars Inc.,Bang Your Head,,,,,,,,,,,,,,,,
The Album Leaf,The Mp,,,,,,,,,,,,,,,,
Gojira,Lizard Skin,,,,,,,,,,,,,,,,
Staffan Hellstrand,Fanfar,,,,,,,,,,,,,,,,
Mokoma,Avoin Hauta,,,,,,,,,,,,,,,,
Breaking Benjamin,The Diary Of Jane (Acoustic),,,,,,,,,,,,,,,,
Moneybrother,Reconsider Me,,,,,,,,,,,,,,,,
The White Stripes,Candy Cane Children,,,,,,,,,,,,,,,,
Abba,Voulez-Vous,,,,,,,,,,,,,,,,
Abba,Summer Night City,,,,,,,,,,,,,,,,
Faber Drive,Tongue Tied,,,,,,,,,,,,,,,,
Shake My Hand,Rosey Fingers,,,,,,,,,,,,,,,,
Gentle Touch,Smedby,,,,,,,,,,,,,,,,
Fad Gadget,Back To Nature,,,,,,,,,,,,,,,,
Abba,On And On And On,,,,,,,,,,,,,,,,
Moloko,Absent Minded Friends,,,,,,,,,,,,,,,,
Booka Shade,Sweet Lies,,,,,,,,,,,,,,,,
T. Rex,One Inch Rock,,,,,,,,,,,,,,,,
T. Rex,Teenage Dream,,,,,,,,,,,,,,,,
Denise Rosenthal,No Quiero Escuchar Tu Voz,,,,,,,,,,,,,,,,
Minus The Bear,Andy Wolff,,,,,,,,,,,,,,,,
Sébastien Tellier,Pomme,,,,,,,,,,,,,,,,
Sébastien Tellier,Slow Lynch,,,,,,,,,,,,,,,,
Sébastien Tellier,Look,,,,,,,,,,,,,,,,
Sébastien Tellier,Le Long De La Rivière Tendre,,,,,,,,,,,,,,,,
Moonspell,Love Crimes,,,,,,,,,,,,,,,,
The Rosebuds,Silja Line,,,,,,,,,,,,,,,,
The Warlocks,So Paranoid,,,,,,,,,,,,,,,,
Goldmund,Door Of Our Home,,,,,,,,,,,,,,,,
Ólafur Arnalds,3055,0.0,0.0,0.0,0.0,0.0,0.0,0.0,1.0,0.0,1.0,0.0,0.0,0.6,0.2,0.0,0.0
Andrés Calamaro,El Salmón,0.6,0.4,0.0,0.4,0.6,0.2,0.6,0.0,0.0,0.4,0.6,0.0,0.2,0.2,0.6,0.0
Killswitch Engage,Unbroken,,,,,,,,,,,,,,,,
Killradio,Freedom?,,,,,,,,,,,,,,,,
Killing Joke,Multitudes,,,,,,,,,,,,,,,,
Killswitch Engage,Just Barely Breathing,,,,,,,,,,,,,,,,
Abingdon Boys School,Fre@K $How,,,,,,,,,,,,,,,,
Björk,Pabbi Minn,,,,,,,,,,,,,,,,
Ray Charles,(Night Time Is) The Right Time,,,,,,,,,,,,,,,,
Vive La Fête,Aventures Fictives,,,,,,,,,,,,,,,,
Turisas,The Messenger,,,,,,,,,,,,,,,,
Eurythmics,When Tomorrow Comes,,,,,,,,,,,,,,,,
Above & Beyond,Alone Tonight,,,,,,,,,,,,,,,,
Vive La Fête,Mais,,,,,,,,,,,,,,,,
Gomez,Here Comes The Breeze,,,,,,,,,,,,,,,,
Rasputina,When I Was A Young Girl,,,,,,,,,,,,,,,,
Rasputina,Possum Of The Grotto,,,,,,,,,,,,,,,,
Eurythmics,Who'S That Girl,,,,,,,,,,,,,,,,
Kidneythieves,Serene Dream,,,,,,,,,,,,,,,,
Morrissey,Disappointed,,,,,,,,,,,,,,,,
Dream Theater,Act I: Scene Two: Ii. Strange Déjà Vu,,,,,,,,,,,,,,,,
Tracy Chapman,She'S Got Her Ticket,,,,,,,,,,,,,,,,
Beastie Boys,All Lifestyles,,,,,,,,,,,,,,,,
The Clash,Capital Radio One,,,,,,,,,,,,,,,,
The Clash,1-2 Crush On You,,,,,,,,,,,,,,,,
T. Rex,Lean Woman Blues,,,,,,,,,,,,,,,,
Kid Dynamite,S.O.S.,,,,,,,,,,,,,,,,
Rihanna,If It'S Lovin' That You Want,,,,,,,,,,,,,,,,
Morrissey,He Knows I'D Love To See Him,,,,,,,,,,,,,,,,
Dashboard Confessional,Keep Watch For The Mines,,,,,,,,,,,,,,,,
Unkle,Keys To The Kingdom,,,,,,,,,,,,,,,,
Symphony X,The Damnation Game,,,,,,,,,,,,,,,,
Atmosphere,Wild Wild Horses,,,,,,,,,,,,,,,,
Gemma Hayes,Two Step,,,,,,,,,,,,,,,,
Stars,Write What You Know,,,,,,,,,,,,,,,,
Atmosphere,The Bass And The Movement,,,,,,,,,,,,,,,,
Covenant,Invisible & Silent,,,,,,,,,,,,,,,,
Genesis,Dodo/Lurker,,,,,,,,,,,,,,,,
Rancor,Pau No Cu Da Mídia Corporativista,,,,,,,,,,,,,,,,
Goodbooks,Alice,,,,,,,,,,,,,,,,
Goodbooks,Good Life Salesman,,,,,,,,,,,,,,,,
Aborym,Disgust And Rage (Sic Transit Gloria Mundi),,,,,,,,,,,,,,,,
Symphony X,The Bird-Serpent War-Cataclysm,,,,,,,,,,,,,,,,
Combichrist,Without Emotions,,,,,,,,,,,,,,,,
Aborym,Generator,,,,,,,,,,,,,,,,
Symphony X,Revelation (Divus Pennae Ex Tragoedia),,,,,,,,,,,,,,,,
Mindless Self Indulgence,Lights Out,,,,,,,,,,,,,,,,
Mindless Self Indulgence,Evening Wear,,,,,,,,,,,,,,,,
A Heartwell Ending,Memory,,,,,,,,,,,,,,,,
Mortal Love,Beautiful One,,,,,,,,,,,,,,,,
Kylie Minogue,Secret (Take You Home),,,,,,,,,,,,,,,,
At The Drive-In,Fahrenheit,,,,,,,,,,,,,,,,
Dream Theater,Trial Of Tears,,,,,,,,,,,,,,,,
Kult,Odnawianie Restauracji,,,,,,,,,,,,,,,,
Ricky Martin,I Don'T Care (Feat. Fat Joe & Amerie),,,,,,,,,,,,,,,,
Kurd Maverick,The Rub (I Never Rock),,,,,,,,,,,,,,,,
Comando Nuclear,Batalhão Infernal,,,,,,,,,,,,,,,,
Georg Friedrich Händel,Bourrée,,,,,,,,,,,,,,,,
Ministry,Burning Inside,,,,,,,,,,,,,,,,
Ministry,I Prefer,,,,,,,,,,,,,,,,
Milosh,Your Taste,,,,,,,,,,,,,,,,
Ramones,What'S Your Game,,,,,,,,,,,,,,,,
Kwan,Tainted Love,,,,,,,,,,,,,,,,
Gorillaz,Ghosttrain,,,,,,,,,,,,,,,,
Andrew Lloyd Webber,All I Ask Of You,,,,,,,,,,,,,,,,
Combichrist,Prince Of E-Ville,,,,,,,,,,,,,,,,
Gorillaz,Kids With Guns (Hot Chip Remix),,,,,,,,,,,,,,,,
Ramones,Merry Christmas (I Don'T Want To Fight Tonight),,,,,,,,,,,,,,,,
Angus And Julia Stone,Private Lawns,,,,,,,,,,,,,,,,
Georg Friedrich Händel,Minuet,,,,,,,,,,,,,,,,
Dream Theater,Scarred,,,,,,,,,,,,,,,,
Mors Principium Est,Into Illusion,,,,,,,,,,,,,,,,
Khoiba,Me And My Victory,,,,,,,,,,,,,,,,
Khadja Nin,Sambolera Mayi Son,,,,,,,,,,,,,,,,
The Pussycat Dolls,Don'T Cha (Live),,,,,,,,,,,,,,,,
Evanescence,Ascension Of The Spirit,,,,,,,,,,,,,,,,
Keyshia Cole,Never,,,,,,,,,,,,,,,,
Keyshia Cole,Momma,,,,,,,,,,,,,,,,
Moshic,Nine Gates,,,,,,,,,,,,,,,,
Ketil Bjørnstad,Days In Paris,,,,,,,,,,,,,,,,
Kettcar,Ausgetrunken,,,,,,,,,,,,,,,,
Volbeat,Guitar Gangsters & Cadillac Blood,,,,,,,,,,,,,,,,
Timbuktu,Alla Vill Till Himmelen Men Ingen Vill Dö,,,,,,,,,,,,,,,,
Ketil Bjørnstad,The Memory,,,,,,,,,,,,,,,,
Ani Difranco,Hypnotized,,,,,,,,,,,,,,,,
The Cinematic Orchestra,Work It! (Man With The Movie Camera),,,,,,,,,,,,,,,,
Keyshia Cole,Thought You Had My Back,,,,,,,,,,,,,,,,
Keyshia Cole,Shoulda Let You Go,,,,,,,,,,,,,,,,
Kyuss,Asteroid,,,,,,,,,,,,,,,,
The Psychedelic Furs,Imitation Of Christ,,,,,,,,,,,,,,,,
Motion City Soundtrack,Shiver,,,,,,,,,,,,,,,,
Keren Ann,For You And I,,,,,,,,,,,,,,,,
Keren Ann,On Est Loin,,,,,,,,,,,,,,,,
Moshic,Inside Doors,,,,,,,,,,,,,,,,
Brian Eno & David Byrne,Moonlight In Glory,,,,,,,,,,,,,,,,
Kylie Minogue,Better The Devil You Know,,,,,,,,,,,,,,,,
Gemini Five,Sinners Parade,,,,,,,,,,,,,,,,
Milosh,It'S Over,,,,,,,,,,,,,,,,
Ani Difranco,Fire Door,,,,,,,,,,,,,,,,
The Cinematic Orchestra,Time And Space,,,,,,,,,,,,,,,,
Ramones,Howling At The Moon (Sha-La-La),,,,,,,,,,,,,,,,
Rise Against,Dancing For Rain,,,,,,,,,,,,,,,,
Tonossepia,Sex On The Beach Con La Simpática Gringa,,,,,,,,,,,,,,,,
Tito & Tarantula,After Dark,,,,,,,,,,,,,,,,
Gothminister,The Holy One,,,,,,,,,,,,,,,,
Moshic,Salamat,,,,,,,,,,,,,,,,
Unkle,Getting Ahead In The Lucrative Field Of Artist Management,,,,,,,,,,,,,,,,
Mos Def,Speed Law,,,,,,,,,,,,,,,,
Moshic,Those Good Old Days,,,,,,,,,,,,,,,,
L'Âme Immortelle,Phönix,,,,,,,,,,,,,,,,
Moshic,El Brujo,,,,,,,,,,,,,,,,
Miley Cyrus,Girls Just Wanna Have Fun,,,,,,,,,,,,,,,,
The Dandy Warhols,The Dandy Warhols' T.V. Theme Song,,,,,,,,,,,,,,,,
Motörhead,Hellraiser,,,,,,,,,,,,,,,,
Bear Vs. Shark,Campfire,,,,,,,,,,,,,,,,
Cradle Of Filth,Absinthe With Faust,,,,,,,,,,,,,,,,
Static-X,Otsegolation,,,,,,,,,,,,,,,,
The Cinematic Orchestra,And Relax!,,,,,,,,,,,,,,,,
The Prodigy,Their Law (Feat. Pop Will Eat Itself),,,,,,,,,,,,,,,,
The Damned,Love Song,,,,,,,,,,,,,,,,
The Damned,Born To Kill,,,,,,,,,,,,,,,,
Grant Lee Buffalo,Rock Of Ages,,,,,,,,,,,,,,,,
Anders Ilar,Downhill,,,,,,,,,,,,,,,,
The Cure,The Reasons Why,,,,,,,,,,,,,,,,
The Damned,Shadow Of Love,,,,,,,,,,,,,,,,
Grandaddy,Fuck The Valley Fudge,,,,,,,,,,,,,,,,
Miles Davis,Milestones,,,,,,,,,,,,,,,,
Тіна Кароль,Show Me Your Love (Ukraine),,,,,,,,,,,,,,,,
Motörhead,Bite The Bullet,,,,,,,,,,,,,,,,
Motörhead,Be My Baby,,,,,,,,,,,,,,,,
Ac/Dc,Breaking The Rules,,,,,,,,,,,,,,,,
Ac/Dc,Big Gun,,,,,,,,,,,,,,,,
Ac/Dc,Come And Get It,,,,,,,,,,,,,,,,
Motorcycle,As The Rush Comes (Exclusive Demo Mix),,,,,,,,,,,,,,,,
Kent,Bianca,,,,,,,,,,,,,,,,
Kent,Kevlarsjäl,,,,,,,,,,,,,,,,
The White Stripes,You'Re Pretty Good Looking,,,,,,,,,,,,,,,,
Motion City Soundtrack,Better Open The Door,,,,,,,,,,,,,,,,
Sex Pistols,Did You No Wrong,1.0,1.0,0.0,0.0,1.0,0.8,0.0,0.0,0.0,0.0,0.0,0.0,0.0,0.0,1.0,0.0
Grand Alchemist,Psyche And A Flower To The New Lifetime,,,,,,,,,,,,,,,,
Beck,Truckdrivin Neighbors Downstairs (Yellow Sweat),,,,,,,,,,,,,,,,
Gran Bel Fisher,Bound By Love,,,,,,,,,,,,,,,,
Voltaire,When You'Re Evil,,,,,,,,,,,,,,,,
Apparat,Arcadia (Telefon Tel Aviv Remix),,,,,,,,,,,,,,,,
Kelly Clarkson,If I Can'T Have You,,,,,,,,,,,,,,,,
Kelly Osbourne,Papa Don'T Preach,,,,,,,,,,,,,,,,
Motörhead,Tales Of Glory,,,,,,,,,,,,,,,,
Sex Pistols,I Wanna Be Me,,,,,,,,,,,,,,,,
Moulin Rouge,Your Song,,,,,,,,,,,,,,,,
Motörhead,Devil I Know,,,,,,,,,,,,,,,,
Don Johnson Big Band,No. 2 At The Hamburg Concept,,,,,,,,,,,,,,,,
State Radio,Black Cab Motorcade,,,,,,,,,,,,,,,,
Rjd2,F.H.H.,,,,,,,,,,,,,,,,
Dark Tranquillity,Not Built To Last,,,,,,,,,,,,,,,,
Cradle Of Filth,Gilded Cunt,,,,,,,,,,,,,,,,
Shout Out Louds,100 Degrees,0.8,0.6,0.4,0.4,0.8,0.4,0.2,0.0,0.0,0.0,0.0,0.0,0.6,0.6,0.8,0.0
Bang Gang,Forward And Reverse,,,,,,,,,,,,,,,,
Dark Tranquillity,Dobermann,,,,,,,,,,,,,,,,
Apostle Of Hustle,¡Rafaga!,,,,,,,,,,,,,,,,
Daughters Of Gaia,Ancient Mother,,,,,,,,,,,,,,,,
Ac/Dc,Gone Shootin',1.0,0.8,0.0,0.0,1.0,0.8,0.0,0.0,0.0,0.0,0.0,0.0,0.0,0.0,1.0,0.0
Daughters Of Gaia,Rock The Goddess,,,,,,,,,,,,,,,,
Dolores O'Riordan,Human Spirit,,,,,,,,,,,,,,,,
Static-X,Skinnyman,,,,,,,,,,,,,,,,
Dolores O'Riordan,Loser,,,,,,,,,,,,,,,,
Dredg,The Canyon Behind Her,,,,,,,,,,,,,,,,
T.I.,Every Chance I Get,,,,,,,,,,,,,,,,
Graveworm,Bloodwork,,,,,,,,,,,,,,,,
Spiritualized,Anyway That You Want Me,,,,,,,,,,,,,,,,
Dredg,Brushstroke: Reprise,,,,,,,,,,,,,,,,
The Dandy Warhols,All The Money Or The Simple Life Honey,,,,,,,,,,,,,,,,
Daughters Of Gaia,Lady Spin,,,,,,,,,,,,,,,,
R.E.M.,King Of Birds,,,,,,,,,,,,,,,,
Craig Armstrong,Snow,,,,,,,,,,,,,,,,
Mud,Lonely This Christmas,,,,,,,,,,,,,,,,
Katy Perry,Lost,,,,,,,,,,,,,,,,
Kc And The Sunshine Band,Get Down Tonight,,,,,,,,,,,,,,,,
Kc And The Sunshine Band,Give It Up,,,,,,,,,,,,,,,,
Bright Eyes,You Will. You Will. You Will. You Will,,,,,,,,,,,,,,,,
[Unknown],Pista 17,,,,,,,,,,,,,,,,
Mike Oldfield,In Dulci Jubilo,,,,,,,,,,,,,,,,
The Selecter,On My Radio,,,,,,,,,,,,,,,,
Midnight Juggernauts,45 And Rising (Cut Copy Remix),,,,,,,,,,,,,,,,
Midnight Juggernauts,45 & Rising (Cut Copy Remix),,,,,,,,,,,,,,,,
Rob Thomas,Lonely No More (Acoustic),,,,,,,,,,,,,,,,
Gary Numan,Conversation,,,,,,,,,,,,,,,,
The Aislers Set,Through The Swells,,,,,,,,,,,,,,,,
Sia,Blow It All Away,,,,,,,,,,,,,,,,
Kelly Clarkson,Anytime,,,,,,,,,,,,,,,,
Bonnie Raitt,Spit Of Love,,,,,,,,,,,,,,,,
La Oreja De Van Gogh,Perdida,,,,,,,,,,,,,,,,
Apostle Of Hustle,Cheap Like Sebastien,,,,,,,,,,,,,,,,
The Sea And Cake,Too Strong,,,,,,,,,,,,,,,,
La Bionda,I Wanna Be Your Lover,,,,,,,,,,,,,,,,
The Dandy Warhols,Genius,,,,,,,,,,,,,,,,
Great Northern,Just A Dream,,,,,,,,,,,,,,,,
Radiohead,Good Morning Mr. Magpie,,,,,,,,,,,,,,,,
Demetri Martin,Sames And Opposites,,,,,,,,,,,,,,,,
The Dave Brubeck Quartet,Pick Up Sticks,,,,,,,,,,,,,,,,
Drive-By Truckers,Danko/Manuel,,,,,,,,,,,,,,,,
T.M.Revolution,Brigade,,,,,,,,,,,,,,,,
Dogs Die In Hot Cars,Celebrity Sanctum,,,,,,,,,,,,,,,,
Tracy Chapman,Behind The Wall,,,,,,,,,,,,,,,,
Stephen Malkmus,Black Book,,,,,,,,,,,,,,,,
Kate Bush,Top Of The City,,,,,,,,,,,,,,,,
Kate Havnevik,New Day,,,,,,,,,,,,,,,,
Bishop Allen,Flight 180,,,,,,,,,,,,,,,,
Acda En De Munnik,Ren Lenny Ren,,,,,,,,,,,,,,,,
Dave Matthews Band,Raven,,,,,,,,,,,,,,,,
Labradford,Wr,,,,,,,,,,,,,,,,
Lacuna Coil,Veins Of Glass,,,,,,,,,,,,,,,,
Laakso,High Drama,,,,,,,,,,,,,,,,
Lacuna Coil,In Visible Light,,,,,,,,,,,,,,,,
Descendents,Myage,,,,,,,,,,,,,,,,
Michael Nyman,Impromptu For 12 Fingers,,,,,,,,,,,,,,,,
Ladyhawk,I Don'T Always Know What You'Re Saying,,,,,,,,,,,,,,,,
Coldplay,Now My Feet Won'T Touch The Ground,0.0,0.0,0.0,0.0,0.0,0.0,1.0,0.6,0.0,0.0,0.0,0.0,0.0,0.0,0.2,0.0
Muchy,Wyścigi,,,,,,,,,,,,,,,,
Descendents,'Merican,,,,,,,,,,,,,,,,
Brightblack Morning Light,Black Feather Wishes Rise,,,,,,,,,,,,,,,,
R.E.M.,How The West Was Won And Where It Got Us,,,,,,,,,,,,,,,,
Grizzly Bear,All We Ask,,,,,,,,,,,,,,,,
Wagon Christ,Shimmering Haze,,,,,,,,,,,,,,,,
Wagon Christ,Tally Ho!,,,,,,,,,,,,,,,,
Grinderman,Love Bomb,,,,,,,,,,,,,,,,
The Dandy Warhols,The Last High,,,,,,,,,,,,,,,,
Kathleen Edwards,Asking For Flowers,,,,,,,,,,,,,,,,
Tim Hecker,Palimpsest Ii,,,,,,,,,,,,,,,,
Bedouin Soundclash,St. Andrews,,,,,,,,,,,,,,,,
Kathleen Edwards,The Cheapest Key,,,,,,,,,,,,,,,,
Muddy Waters,Got My Mojo Working,,,,,,,,,,,,,,,,
Brightblack Morning Light,All We Have Broken Shines,,,,,,,,,,,,,,,,
キンヤ,Blaze (Tvサイズ),,,,,,,,,,,,,,,,
The Walkmen,Dónde Está La Playa,,,,,,,,,,,,,,,,
Ladytron,Discotrax,,,,,,,,,,,,,,,,
Katatonia,Dancing December,,,,,,,,,,,,,,,,
Before The Dawn,Hiding,,,,,,,,,,,,,,,,
Sparta,Rx Coup,,,,,,,,,,,,,,,,
Dsl,Find Me In The World,,,,,,,,,,,,,,,,
Sparklehorse,Morning Hollow,,,,,,,,,,,,,,,,
Tiësto,In The Dark (Feat. Christian Burns),,,,,,,,,,,,,,,,
Rob Zombie,Let It All Bleed Out,,,,,,,,,,,,,,,,
Rob Zombie,Return Of The Phantom Stranger,,,,,,,,,,,,,,,,
Garden Of Eden,Álomkéz,,,,,,,,,,,,,,,,
The Chemical Brothers,Left Right,,,,,,,,,,,,,,,,
Syd Barrett,Waving My Arms In The Air,,,,,,,,,,,,,,,,
Coldplay,Lovers In Japan (Osaka Sun Mix),,,,,,,,,,,,,,,,
The Chemical Brothers,Loops Of Fury,,,,,,,,,,,,,,,,
The Chemical Brothers,Midnight Madness,,,,,,,,,,,,,,,,
Mudvayne,Dig,,,,,,,,,,,,,,,,
Derrick Morgan,The Hop,,,,,,,,,,,,,,,,
Derrick Morgan,Forward March,,,,,,,,,,,,,,,,
Ladyhawke,Oh My,,,,,,,,,,,,,,,,
Seu Jorge,Changes,0.6,0.2,0.0,0.6,0.0,0.0,0.8,0.0,0.0,0.0,0.0,0.0,0.0,0.0,0.6,0.0
Garbage,So Like A Rose,,,,,,,,,,,,,,,,
Espen Lind,Yum Yum Gimme Some,,,,,,,,,,,,,,,,
Esg,Moody (Spaced Out),,,,,,,,,,,,,,,,
The Afghan Whigs,When We Two Parted,,,,,,,,,,,,,,,,
Espen Lind,American Love,,,,,,,,,,,,,,,,
Siam Shade,1/3 No Junjou Na Kanjouo,,,,,,,,,,,,,,,,
Esg,Ufo,,,,,,,,,,,,,,,,
Dave Edmunds,Let'S Talk About Us,1.0,0.6,0.0,0.4,0.8,0.4,0.0,0.0,0.0,0.0,0.4,0.0,0.0,0.0,0.8,0.0
Sick Terror,Massa Faminta,,,,,,,,,,,,,,,,
Faith No More,She Loves Me Not,,,,,,,,,,,,,,,,
Set Your Goals,Dead Men Tell No Tales,,,,,,,,,,,,,,,,
Laika,Black Cat Bone,,,,,,,,,,,,,,,,
Take That,Hold On,,,,,,,,,,,,,,,,
Set Your Goals,This Song Is Definitely Not About A Girl,,,,,,,,,,,,,,,,
Zz Top,Bad Girl,,,,,,,,,,,,,,,,
The Dears,22: The Death Of All The Romance,,,,,,,,,,,,,,,,
Cold,Just Got Wicked,,,,,,,,,,,,,,,,
Michael Jackson,Ghosts,,,,,,,,,,,,,,,,
Ladytron,Weekend (James Iha Mix),,,,,,,,,,,,,,,,
Michael Bublé,Try A Little Tenderness,,,,,,,,,,,,,,,,
Michael Jackson,Girlfriend,,,,,,,,,,,,,,,,
Robbie Williams,Monsoon,,,,,,,,,,,,,,,,
Faithless,Flowerstand Man,,,,,,,,,,,,,,,,
Murcof,Marmol,,,,,,,,,,,,,,,,
Robbie Williams,It Was A Very Good Year,,,,,,,,,,,,,,,,
Uriah Heep,Easy Livin',,,,,,,,,,,,,,,,
Coldplay,I Ran Away,,,,,,,,,,,,,,,,
Coldplay,Have Yourself A Merry Little Christmas,,,,,,,,,,,,,,,,
Anastacia,Heavy Rotation,,,,,,,,,,,,,,,,
Before The Dawn,Angel'S Tombstone,,,,,,,,,,,,,,,,
R.E.M.,Bittersweet Me,,,,,,,,,,,,,,,,
Dubioza Kolektiv,Bosnafaria,,,,,,,,,,,,,,,,
Kate Bush,Blow Away (For Bill),,,,,,,,,,,,,,,,
Ladytron,Miss Black,,,,,,,,,,,,,,,,
Coldcut,This Island Earth,,,,,,,,,,,,,,,,
Kate Bush,Aerial,,,,,,,,,,,,,,,,
The Who,Sally Simpson,,,,,,,,,,,,,,,,
Zz Top,Waitin' For The Bus,,,,,,,,,,,,,,,,
Murs,Intro,,,,,,,,,,,,,,,,
Dntel,Pillowcase,,,,,,,,,,,,,,,,
Guided By Voices,Blimps Go 90,,,,,,,,,,,,,,,,
Kataklysm,The Resurrected,,,,,,,,,,,,,,,,
Swollen Members,Pressure,,,,,,,,,,,,,,,,
Sound Team,Movie Monster,,,,,,,,,,,,,,,,
The Who,Summertime Blues (Live),,,,,,,,,,,,,,,,
Gang Of Four,A Hole In The Wallet,,,,,,,,,,,,,,,,
Walter Meego,Forever,,,,,,,,,,,,,,,,
Guided By Voices,(I Wanna Be A) Dumbcharger,,,,,,,,,,,,,,,,
Queensrÿche,Speed Of Light,,,,,,,,,,,,,,,,
:Wumpscut:,Krolok,,,,,,,,,,,,,,,,
Desireless,Voyage Voyage,,,,,,,,,,,,,,,,
Trackademicks,Trilogy (Trackademicks Remix) - Kelis,,,,,,,,,,,,,,,,
Atreyu,Right Side Of The Bed,,,,,,,,,,,,,,,,
Stephen Malkmus And The Jicks,We Can'T Help You,,,,,,,,,,,,,,,,
Stephen Sondheim,The Contest,,,,,,,,,,,,,,,,
Do Make Say Think,When Day Chokes The Night,,,,,,,,,,,,,,,,
Dntel,Why I'M So Unhappy,,,,,,,,,,,,,,,,
My Brightest Diamond,Apples,,,,,,,,,,,,,,,,
Kanye West,Bring Me Down,,,,,,,,,,,,,,,,
Muse,Muscle Museum (Soulwax Remix),,,,,,,,,,,,,,,,
My Bloody Valentine,She Loves You No Less,,,,,,,,,,,,,,,,
My Bloody Valentine,Can I Touch You,,,,,,,,,,,,,,,,
Kanye West,Two Words,,,,,,,,,,,,,,,,
Tv On The Radio,Freeway,,,,,,,,,,,,,,,,
The Willowz,Something,,,,,,,,,,,,,,,,
The Dears,Warm And Sunny Days,,,,,,,,,,,,,,,,
Quiet Village,Pacific Rhythm,,,,,,,,,,,,,,,,
Gruff Rhys,The Court Of King Arthur,,,,,,,,,,,,,,,,
Gruff Rhys,Gyrru Gyrru Gyrru,,,,,,,,,,,,,,,,
Muscles,My Friend Richard,,,,,,,,,,,,,,,,
Muse,Fury (Bonustrack For Japan),,,,,,,,,,,,,,,,
Britney Spears,Where Are You Now,,,,,,,,,,,,,,,,
Kasabian,Heroes,,,,,,,,,,,,,,,,
Britney Spears,When I Found You,,,,,,,,,,,,,,,,
The Presets,Anywhere,,,,,,,,,,,,,,,,
Kaizers Orchestra,Delikatessen,,,,,,,,,,,,,,,,
Kalmah,Bitter Metallic Side,,,,,,,,,,,,,,,,
Kaki King,Second Brain,,,,,,,,,,,,,,,,
Kaki King,Doing The Wrong Thing,,,,,,,,,,,,,,,,
Gang Starr,Tonz 'O' Gunz,,,,,,,,,,,,,,,,
Kaki King,Can Anyone Who Has Heard This Music Really Be A Bad Person?,,,,,,,,,,,,,,,,
The Charlatans,You'Re Not Very Well,,,,,,,,,,,,,,,,
The Sins Of Thy Beloved,All Alone,,,,,,,,,,,,,,,,
Michael Andrews,Liquid Spear Waltz,,,,,,,,,,,,,,,,
:Wumpscut:,Jesus Antichristus (Edit),,,,,,,,,,,,,,,,
Lamb Of God,As The Palaces Burn,,,,,,,,,,,,,,,,
Dmitry Koldun,Work Your Magic,,,,,,,,,,,,,,,,
Ada,Our Love Never Dies,,,,,,,,,,,,,,,,
Kaki King,Air And Kilometers,,,,,,,,,,,,,,,,
Kalmah,With Terminal Intensity,,,,,,,,,,,,,,,,
Adam Ant,Antmusic,,,,,,,,,,,,,,,,
My Favorite Highway,Unaware,,,,,,,,,,,,,,,,
My Favorite,Burning Hearts,,,,,,,,,,,,,,,,
Soundgarden,Kickstand,,,,,,,,,,,,,,,,
Astral Projection,Kabalah,,,,,,,,,,,,,,,,
Guerre Froide,Demain Berlin,,,,,,,,,,,,,,,,
Guided By Voices,Indian Fables,,,,,,,,,,,,,,,,
Warlock,All We Are,,,,,,,,,,,,,,,,
Guided By Voices,Don'T Stop Now,,,,,,,,,,,,,,,,
Zoot Woman,Half Full Of Happiness,,,,,,,,,,,,,,,,
Ada,Eve,0.6,0.4,0.8,0.4,0.2,0.0,0.0,0.0,0.0,0.0,0.0,0.0,1.0,0.8,0.4,0.0
Zoot Woman,Losing Sight,,,,,,,,,,,,,,,,
Fall Out Boy,My Heart Is The Worst Kind Of Weapon,,,,,,,,,,,,,,,,
Serj Tankian,Empty Walls (Acoustic),,,,,,,,,,,,,,,,
Britney Spears,My Only Wish (This Year),,,,,,,,,,,,,,,,
Switchfoot,I Dare You To Move,,,,,,,,,,,,,,,,
The Sisters Of Mercy,Body And Soul,,,,,,,,,,,,,,,,
The Sisters Of Mercy,Detonation Boulevard,,,,,,,,,,,,,,,,
Lao Che,1939 / Przed Burzą,,,,,,,,,,,,,,,,
The Poppadoms,Only Do Good In The Things I Like,,,,,,,,,,,,,,,,
Justin Timberlake,Still On My Brain,,,,,,,,,,,,,,,,
Justin Timberlake,Pose,,,,,,,,,,,,,,,,
Jóhann Jóhannsson,Melodia (I),,,,,,,,,,,,,,,,
Biosphere,Birds Fly By Flapping Their Wings,,,,,,,,,,,,,,,,
Mystery Jets,Purple Prose,,,,,,,,,,,,,,,,
Broadcast,Distorsion,,,,,,,,,,,,,,,,
Stereophonics,I Stopped To Fill My Car Up,,,,,,,,,,,,,,,,
Broadcast,Long Was The Year,,,,,,,,,,,,,,,,
Duran Duran,The Chauffeur,0.2,0.2,0.8,0.4,0.0,0.0,0.0,0.0,0.0,0.0,0.0,0.0,1.0,0.6,0.8,0.0
The Ark,Absolutely No Decorum,,,,,,,,,,,,,,,,
Adam Green,Bungee,,,,,,,,,,,,,,,,
Wax Poetic,Rootgroove,,,,,,,,,,,,,,,,
Queen,Ride The Wild Wind,,,,,,,,,,,,,,,,
Soundgarden,I Awake,,,,,,,,,,,,,,,,
Adam Green,C-Birds,,,,,,,,,,,,,,,,
Myslovitz,Scenariusz Dla Moich Sąsiadów,,,,,,,,,,,,,,,,
Dusty Springfield,I Just Don'T Know What To Do With Myself,,,,,,,,,,,,,,,,
Tool,H,,,,,,,,,,,,,,,,
The Afghan Whigs,Debonair,,,,,,,,,,,,,,,,
Erroll Garner,Misty,,,,,,,,,,,,,,,,
Amy Winehouse,What Is It About Men,,,,,,,,,,,,,,,,
Dave Matthews Band,Let You Down,,,,,,,,,,,,,,,,
Behemoth,Sculpting The Throne Ov Seth,,,,,,,,,,,,,,,,
Behemoth,Slaying The Prophets Ov Isa,,,,,,,,,,,,,,,,
Guster,Two Points For Honesty,,,,,,,,,,,,,,,,
An Albatross,Electric Suits And Cowboy Boots,,,,,,,,,,,,,,,,
Robots In Disguise,The Tears,0.6,0.4,0.8,0.2,0.6,0.6,0.0,0.0,0.0,0.0,0.0,0.0,0.8,0.8,0.6,0.0
Guster,Ruby Falls,,,,,,,,,,,,,,,,
Guster,I Spy,,,,,,,,,,,,,,,,
Gza/Genius,Cold World,,,,,,,,,,,,,,,,
Gönül Akkor,Bir Gece Ansızın Gelebilirim,,,,,,,,,,,,,,,,
Gåte,Knut Liten Og Sylvelin,,,,,,,,,,,,,,,,
Gåte,Sjå Attende,,,,,,,,,,,,,,,,
Mägo De Oz,Obertura Mdxx,,,,,,,,,,,,,,,,
Gal Costa,A Felicidade,,,,,,,,,,,,,,,,
Robots In Disguise,Argument,,,,,,,,,,,,,,,,
Mew,Then I Run,,,,,,,,,,,,,,,,
Mötley Crüe,Treat Me Like The Dog I Am,,,,,,,,,,,,,,,,
Mötley Crüe,Piece Of Your Action,,,,,,,,,,,,,,,,
Just Jack,No Time,,,,,,,,,,,,,,,,
Mötley Crüe,Don'T Go Away Mad (Just Go Away),,,,,,,,,,,,,,,,
Quasimoto,Basic Instinct,,,,,,,,,,,,,,,,
Quasimoto,Return Of The Loop Digga,,,,,,,,,,,,,,,,
Lapko,I Have A Name,,,,,,,,,,,,,,,,
:Wumpscut:,Christfuck,,,,,,,,,,,,,,,,
Mägo De Oz,El Árbol De La Noche Triste,,,,,,,,,,,,,,,,
Rocky Votolato,Makers,0.4,0.2,0.0,0.2,0.4,0.0,0.8,0.0,0.0,0.0,0.0,0.0,0.0,0.0,0.6,0.0
The Sisters Of Mercy,Marian,,,,,,,,,,,,,,,,
Be Your Own Pet,Let'S Get Sandy (Big Problem),,,,,,,,,,,,,,,,
Mägo De Oz,Celta,,,,,,,,,,,,,,,,
Mägo De Oz,El Santo Grial,,,,,,,,,,,,,,,,
Mägo De Oz,El Ángel Caído,,,,,,,,,,,,,,,,
Gustavo Cerati,Al Fin Sucede,,,,,,,,,,,,,,,,
Guster,All The Way Up To Heaven,,,,,,,,,,,,,,,,
Waylon Jennings,Amanda,,,,,,,,,,,,,,,,
Queen,Driven By You,,,,,,,,,,,,,,,,
Roger Waters,Me Or Him,0.4,0.2,0.0,0.2,0.6,0.2,0.2,0.0,0.0,0.4,0.4,0.0,0.8,0.6,0.6,0.0
Guster,Rainy Day,,,,,,,,,,,,,,,,
Public Enemy,Show 'Em Whatcha Got,,,,,,,,,,,,,,,,
Nada Surf,Here Goes Something,,,,,,,,,,,,,,,,
Nada Surf,Happy Kid,,,,,,,,,,,,,,,,
The Pogues,The Old Main Drag,,,,,,,,,,,,,,,,
The Pogues,I'M A Man You Don'T Meet Every Day,,,,,,,,,,,,,,,,
Zenzile,Long Ride,,,,,,,,,,,,,,,,
The Pogues,Transmetropolitan,,,,,,,,,,,,,,,,
Deströyer 666,The Last Revelation,,,,,,,,,,,,,,,,
Rogue Wave,Postage Stamp World,,,,,,,,,,,,,,,,
Funeral Mist,Agnus Dei,,,,,,,,,,,,,,,,
Ron Gelfer Feat. Tiger Lily,Your Beat Sounds Like (Rasmus Faber'S Deep Journey),,,,,,,,,,,,,,,,
Rocky Votolato,Tinfoil Hats,,,,,,,,,,,,,,,,
Rodrigo Y Gabriela,Diem,,,,,,,,,,,,,,,,
Rodrigo Y Gabriela,Stairway To Heaven,,,,,,,,,,,,,,,,
Roger Waters,Radio Waves,0.4,0.2,0.8,0.2,0.4,0.4,0.0,0.0,0.0,0.0,0.0,0.0,0.8,0.8,0.6,0.0
Bronski Beat,Why?,,,,,,,,,,,,,,,,
The Police,Tea In The Sahara,,,,,,,,,,,,,,,,
Múm,Rhuubarbidoo,,,,,,,,,,,,,,,,
Mötley Crüe,Starry Eyes,,,,,,,,,,,,,,,,
Deus,W.C.S. (First Draft),,,,,,,,,,,,,,,,
Steve Earle,The Devil'S Right Hand,,,,,,,,,,,,,,,,
ムック,Isho,,,,,,,,,,,,,,,,
Stereophonics,Soldiers Make Good Targets,,,,,,,,,,,,,,,,
N.E.R.D.,Happy,,,,,,,,,,,,,,,,
Sophie Milman,Agua De Beber,,,,,,,,,,,,,,,,
N.E.R.D.,My Drive Thru,,,,,,,,,,,,,,,,
Sopor Aeternus & The Ensemble Of Shadows,Dead Souls,,,,,,,,,,,,,,,,
Junior Senior,Shake Your Coconuts,,,,,,,,,,,,,,,,
Soulfly,Arise Again,,,,,,,,,,,,,,,,
Juno Reactor,Guardian Angel,,,,,,,,,,,,,,,,
Bromheads Jacket,Woolley Bridge,,,,,,,,,,,,,,,,
The Charlatans,A Day For Letting Go,,,,,,,,,,,,,,,,
The Charlatans,A Man Needs To Be Told,,,,,,,,,,,,,,,,
Tomahawk,Point And Click,0.8,0.8,0.0,0.4,0.8,0.8,0.0,0.0,0.0,0.0,0.0,0.0,0.4,0.6,0.8,0.0
Sepultura,Straighthate,,,,,,,,,,,,,,,,
Arch Enemy,Kill With Power,,,,,,,,,,,,,,,,
Seraphim Shock,Annabell,,,,,,,,,,,,,,,,
Danny Elfman,Violet Beauregarde,,,,,,,,,,,,,,,,
Deftones,Be Quiet And Drive (Far Away) (Acoustic),,,,,,,,,,,,,,,,
The Sisters Of Mercy,Torch,,,,,,,,,,,,,,,,
Metricks,Bitter Than Higher,,,,,,,,,,,,,,,,
ムック,Tsubasa O Kudasai,,,,,,,,,,,,,,,,
999,Emergency,,,,,,,,,,,,,,,,
8Mm,Liar,,,,,,,,,,,,,,,,
Bombay Bicycle Club,Sixteen,,,,,,,,,,,,,,,,
Nalin & Kane,Open Your Eyes,,,,,,,,,,,,,,,,
Bomb The Music Industry!,25!!!,,,,,,,,,,,,,,,,
The Chap,Surgery,,,,,,,,,,,,,,,,
The Delgados,The Light Before We Land,,,,,,,,,,,,,,,,
We Followed Tigers,The People From The Sky Said They'D Return.,,,,,,,,,,,,,,,,
Haggard,Awaking The Centuries,,,,,,,,,,,,,,,,
Psyopus,Play Some Skynyrd,,,,,,,,,,,,,,,,
Pulp,Ansaphone,,,,,,,,,,,,,,,,
The Adicts,Lullaby,,,,,,,,,,,,,,,,
Destruction,Invincible Force,,,,,,,,,,,,,,,,
Junior Boys,Last Exit,,,,,,,,,,,,,,,,
David Archuleta,A Little Too Not Over You,,,,,,,,,,,,,,,,
Psyopus,2,,,,,,,,,,,,,,,,
The Adicts,Troubadour,,,,,,,,,,,,,,,,
The Adicts,Straight Jacket,,,,,,,,,,,,,,,,
Hallucinogen,Snarling Black Mabel,,,,,,,,,,,,,,,,
Adult.,Hand To Phone (Cordless Mix),,,,,,,,,,,,,,,,
Julieta Venegas,Lento,,,,,,,,,,,,,,,,
Danny Elfman,Veruca Salt,,,,,,,,,,,,,,,,
Eric Prydz Vs. Floyd,Proper Education (Radio Edit),,,,,,,,,,,,,,,,
Creedence Clearwater Revival,Before You Accuse Me,,,,,,,,,,,,,,,,
Funeral For A Friend,Alvarez,1.0,1.0,0.0,0.2,1.0,0.8,0.0,0.0,0.0,0.0,0.0,0.0,0.0,0.0,0.8,0.0
Black Stone Cherry,Lonely Train,,,,,,,,,,,,,,,,
The Chameleons,Pleasure And Pain,,,,,,,,,,,,,,,,
Bruce Springsteen,Mrs. Mcgrath,,,,,,,,,,,,,,,,
Bruce Springsteen,Jacob'S Ladder,,,,,,,,,,,,,,,,
E.S. Posthumus,Isfahan,,,,,,,,,,,,,,,,
Hallucinogen,Jiggle Of The Sphinx,,,,,,,,,,,,,,,,
Silver Jews,Buckingham Rabbit,,,,,,,,,,,,,,,,
Erik Mongrain,I Am Not,,,,,,,,,,,,,,,,
Erik Mongrain,Airtap!,,,,,,,,,,,,,,,,
Silver Jews,People,,,,,,,,,,,,,,,,
Erik Mongrain,Confusion #8,,,,,,,,,,,,,,,,
Silent Circle,Touch In The Night,,,,,,,,,,,,,,,,
Halou,The Ratio Of Freckles To Stars,,,,,,,,,,,,,,,,
Halou,Everything Is Ok,,,,,,,,,,,,,,,,
Judas Priest,Defenders Of The Faith,,,,,,,,,,,,,,,,
Judas Priest,Delivering The Goods,,,,,,,,,,,,,,,,
Assemblage 23,Naked (God Module Remix),,,,,,,,,,,,,,,,
Deftones,Battle-Axe,,,,,,,,,,,,,,,,
The Young Knives,Turn Tail,,,,,,,,,,,,,,,,
Natalie Imbruglia,On The Run,,,,,,,,,,,,,,,,
Toxic Holocaust,Wild Dogs,,,,,,,,,,,,,,,,
Billy Ocean,Caribbean Queen,,,,,,,,,,,,,,,,
Cobra Starship,The Church Of Hot Addiction,0.8,0.6,0.8,0.4,0.8,0.6,0.0,0.0,0.0,0.0,0.0,0.0,0.8,0.6,0.8,0.0
Bruce Springsteen,Bobby Jean,,,,,,,,,,,,,,,,
Judas Priest,Dissident Aggressor,,,,,,,,,,,,,,,,
Judas Priest,Prophecy,,,,,,,,,,,,,,,,
Bruce Dickinson,The Alchemist,,,,,,,,,,,,,,,,
Hall & Oates,Kiss On My List,,,,,,,,,,,,,,,,
The Devin Townsend Band,Vampolka,,,,,,,,,,,,,,,,
The Dillinger Escape Plan,Highway Robbery,,,,,,,,,,,,,,,,
The Dillinger Escape Plan,Sugar Coated Sour,,,,,,,,,,,,,,,,
Hall & Oates,Sara Smile,,,,,,,,,,,,,,,,
Nathan Johnson With The Cinematic Underground,Emily'S Theme,,,,,,,,,,,,,,,,
Yves Larock,Rise Up (Club Mix),,,,,,,,,,,,,,,,
Fugazi,Forensic Scene,,,,,,,,,,,,,,,,
Bruce Springsteen,Sad Eyes,,,,,,,,,,,,,,,,
Fugazi,Bed For The Scraping,,,,,,,,,,,,,,,,
Rooney,Simply Because,,,,,,,,,,,,,,,,
Cro-Mags,It'S The Limit,,,,,,,,,,,,,,,,
Cro-Mags,Don'T Tread On Me,,,,,,,,,,,,,,,,
Bryan Adams,Cloud Number Nine,,,,,,,,,,,,,,,,
Deus,Serpentine,,,,,,,,,,,,,,,,
Cock Robin,Only The Very Best,,,,,,,,,,,,,,,,
Judas Priest,Desert Plains,,,,,,,,,,,,,,,,
Proem,Invisible For All,,,,,,,,,,,,,,,,
Judas Priest,Between The Hammer & The Anvil,,,,,,,,,,,,,,,,
Devendra Banhart,Happy Happy Oh,,,,,,,,,,,,,,,,
Steve Miller Band,Jungle Love,,,,,,,,,,,,,,,,
Dj Shog,Running Water,,,,,,,,,,,,,,,,
Fugazi,Smallpox Champion,,,,,,,,,,,,,,,,
Bruce Springsteen,Livin' In The Future,,,,,,,,,,,,,,,,
Natalie Portman'S Shaved Head,Me + Yr Daughter,,,,,,,,,,,,,,,,
Hammerfall,Dreams Come True,,,,,,,,,,,,,,,,
Natalie Portman'S Shaved Head,Holding Hands In The Shower,,,,,,,,,,,,,,,,
Tiger Lou,Patterns,,,,,,,,,,,,,,,,
Propellerheads,On Her Majesty'S Secret Service,,,,,,,,,,,,,,,,
Tiger Lou,Nixon,,,,,,,,,,,,,,,,
The Orb,Delta Mk Ii,,,,,,,,,,,,,,,,
Wednesday 13,House By The Cemetery,,,,,,,,,,,,,,,,
Crossfade,Colors,,,,,,,,,,,,,,,,
The Orb,Toxygene,,,,,,,,,,,,,,,,
Aerosmith,Sick As A Dog,,,,,,,,,,,,,,,,
Silverchair,Waiting All Day,1.0,0.8,0.0,0.2,1.0,1.0,0.0,0.0,0.0,0.0,0.0,0.0,0.0,0.0,0.8,0.0
Meshuggah,Dehumanization,,,,,,,,,,,,,,,,
Underworld,Pearls Girl,,,,,,,,,,,,,,,,
Meryl Streep,The Winner Takes It All,,,,,,,,,,,,,,,,
Ann Lee,Two Times,,,,,,,,,,,,,,,,
The Calling,Nothing'S Changed,,,,,,,,,,,,,,,,
Crowded House,Four Seasons In One Day,,,,,,,,,,,,,,,,
Crowded House,Pineapple Head,,,,,,,,,,,,,,,,
Rotting Christ,Threnody,,,,,,,,,,,,,,,,
Necrophagist,Ignominious And Pale,,,,,,,,,,,,,,,,
Nazareth,Hair Of The Dog,,,,,,,,,,,,,,,,
Bryan Adams,(I Wanna Be) Your Underwear,,,,,,,,,,,,,,,,
Bryan Adams,I'M Ready,,,,,,,,,,,,,,,,
Metallica,2X4,1.0,1.0,0.0,0.0,1.0,1.0,0.0,0.0,0.0,0.0,0.0,0.0,0.0,0.0,1.0,0.0
Deus,Sun Ra,,,,,,,,,,,,,,,,
Joss Stone,Proper Nice,,,,,,,,,,,,,,,,
Def Leppard,Let It Go,,,,,,,,,,,,,,,,
Deftones,Crenshaw Punch/I'Ll Throw Rocks At You,,,,,,,,,,,,,,,,
Earlimart,Happy Alone,,,,,,,,,,,,,,,,
Eagles Of Death Metal,Keep Your Head Up,,,,,,,,,,,,,,,,
The Zombies,I Want Her She Wants Me,0.6,0.4,0.0,0.4,0.4,0.0,0.4,0.0,0.0,0.0,0.0,0.0,0.0,0.0,0.8,0.0
Tom Waits,Top Of The Hill,0.8,0.6,0.0,0.6,0.6,0.4,0.0,0.0,0.4,0.0,0.0,0.0,0.0,0.0,0.8,0.0
Billy Joel,Scenes From An Italian Restaurant,,,,,,,,,,,,,,,,
Sonic Youth,Jc,,,,,,,,,,,,,,,,
Danny Elfman,Beautiful New World / Home Sweet Home,,,,,,,,,,,,,,,,
Tom Waits,You Can Never Hold Back Spring,,,,,,,,,,,,,,,,
The Offspring,No Hero,,,,,,,,,,,,,,,,
The Babys,Kikoenai Uta,,,,,,,,,,,,,,,,
Jordin Sparks & Chris Brown,No Air,,,,,,,,,,,,,,,,
Buckethead & Friends,Three Fingers,,,,,,,,,,,,,,,,
The Offspring,Special Delivery,,,,,,,,,,,,,,,,
Mercenary,Firesoul,,,,,,,,,,,,,,,,
Leela James,Soul Food,,,,,,,,,,,,,,,,
Mercenary,Bloodsong,,,,,,,,,,,,,,,,
The B-52'S,Hero Worship,,,,,,,,,,,,,,,,
The Smashing Pumpkins,Untitled,,,,,,,,,,,,,,,,
Mercenary,Soul Decision,,,,,,,,,,,,,,,,
Clueso,Chicago,0.6,0.4,0.6,0.6,0.4,0.2,0.8,0.4,0.0,0.6,0.0,0.0,0.4,0.4,0.6,0.0
Danny Elfman,Making Christmas,,,,,,,,,,,,,,,,
Danny Elfman,Kidnap The Sandy Claws,,,,,,,,,,,,,,,,
Hank Williams Iii,What Did Love Ever Do To You,,,,,,,,,,,,,,,,
Hank Williams Iii,Move It On Over,,,,,,,,,,,,,,,,
Josh Ritter,The Temptation Of Adam,,,,,,,,,,,,,,,,
Josh Pyke,Forever Song,,,,,,,,,,,,,,,,
Billy Joel,Don'T Ask Me Why,,,,,,,,,,,,,,,,
Led Zeppelin,Wearing And Tearing,,,,,,,,,,,,,,,,
Eric Benet & Faith Evans,Georgy Porgy,,,,,,,,,,,,,,,,
Joss Whedon & Christophe Beck,Walk Through The Fire,,,,,,,,,,,,,,,,
Joss Stone,Killing Time,,,,,,,,,,,,,,,,
Buckethead,Lone Sal Bug,,,,,,,,,,,,,,,,
Underworld,Twist,,,,,,,,,,,,,,,,
The Distillers,I Am A Revenant,,,,,,,,,,,,,,,,
Clutch,White'S Ferry,,,,,,,,,,,,,,,,
The Offspring,Beheaded,,,,,,,,,,,,,,,,
Cmx,Elokuun Kruunu,,,,,,,,,,,,,,,,
Buddy Holly,True Love Ways,,,,,,,,,,,,,,,,
Aesop Rock,Oxygen,,,,,,,,,,,,,,,,
Aesop Rock,Prosperity,,,,,,,,,,,,,,,,
The Divine Comedy,National Express,,,,,,,,,,,,,,,,
The Divine Comedy,Mother Dear,,,,,,,,,,,,,,,,
The Offspring,Come Out And Play (Keep 'Em Separated),,,,,,,,,,,,,,,,
Roxy Music,India,,,,,,,,,,,,,,,,
Roxette,Neverending Love,,,,,,,,,,,,,,,,
Roxette,The First Girl On The Moon,,,,,,,,,,,,,,,,
Crystal Castles,Insecticon,,,,,,,,,,,,,,,,
The Bug,Jah War (Feat. Flowdan),,,,,,,,,,,,,,,,
Frozen Silence,Presence,,,,,,,,,,,,,,,,
Asobi Seksu,Taiyo,,,,,,,,,,,,,,,,
Frozen Silence,Sadness,,,,,,,,,,,,,,,,
Buddy Holly,Words Of Love,,,,,,,,,,,,,,,,
Asobi Seksu,In The Sky,,,,,,,,,,,,,,,,
Asobi Seksu,Glacially,,,,,,,,,,,,,,,,
Sonic Youth,Death Valley '69,,,,,,,,,,,,,,,,
Asobi Seksu,It'S Too Late,,,,,,,,,,,,,,,,
Lemon Jelly,'79 Aka The Shouty Track,,,,,,,,,,,,,,,,
土屋アンナ,Rose,,,,,,,,,,,,,,,,
50 Cent,Intro,,,,,,,,,,,,,,,,
Josh Groban,To Where You Are,,,,,,,,,,,,,,,,
Neil Young,After The Garden,,,,,,,,,,,,,,,,
Townes Van Zandt,Rex'S Blues,,,,,,,,,,,,,,,,
Earth,Left In The Desert,,,,,,,,,,,,,,,,
Babasónicos,Irresponsables,0.8,0.6,0.4,0.6,0.8,0.6,0.4,0.0,0.0,0.0,0.0,0.0,0.6,0.4,0.8,0.0
Buckethead,The Bight Of Benin,,,,,,,,,,,,,,,,
Townes Van Zandt,Snake Mountain Blues,,,,,,,,,,,,,,,,
Asp,Stile Der Nacht,,,,,,,,,,,,,,,,
Easyworld,Don'T Expect You To Notice,,,,,,,,,,,,,,,,
Babes In Toyland,Bruise Violet,,,,,,,,,,,,,,,,
Prince,Pussy Control,,,,,,,,,,,,,,,,
Hanzel Und Gretyl,Number 1 In Deutschland,,,,,,,,,,,,,,,,
Amon Amarth,The Fate Of Norns,,,,,,,,,,,,,,,,
Prince,Play In The Sunshine,,,,,,,,,,,,,,,,
Dj Shadow,(Letter From Home),,,,,,,,,,,,,,,,
Hanson,Save Me,,,,,,,,,,,,,,,,
Megadriver,Mad Rager (Top Gear),,,,,,,,,,,,,,,,
Roxy Music,Tara,,,,,,,,,,,,,,,,
Roxy Music,Take A Chance With Me,,,,,,,,,,,,,,,,
From First To Last,I Liked You Better Before You Were Naked On The Internet,,,,,,,,,,,,,,,,
From Ashes Rise,Reaction,,,,,,,,,,,,,,,,
Hanoi Rocks,Beating Gets Faster,,,,,,,,,,,,,,,,
Crystal Kay,テレパシー,,,,,,,,,,,,,,,,
Hanne Hukkelberg,Ease,,,,,,,,,,,,,,,,
Hanne Hukkelberg,Balloon,,,,,,,,,,,,,,,,
Hannah Montana,The Best Of Both Worlds,,,,,,,,,,,,,,,,
The Offspring,Neocon,,,,,,,,,,,,,,,,
The Offspring,Never Gonna Find Me,,,,,,,,,,,,,,,,
Stevie Ray Vaughan,Testify,,,,,,,,,,,,,,,,
Sting,Desert Rose (Feat. Cheb Mami),,,,,,,,,,,,,,,,
Cloud Cult,The Ghost Inside Our House,,,,,,,,,,,,,,,,
Tiga,Sunglasses At Night,,,,,,,,,,,,,,,,
Amon Amarth,Where Death Seems To Dwell,,,,,,,,,,,,,,,,
Cloud Cult,Pretty Voice,,,,,,,,,,,,,,,,
Cloud Cult,Everybody Here Is A Cloud,,,,,,,,,,,,,,,,
Amon Amarth,Where Is Your God?,,,,,,,,,,,,,,,,
Hans Zimmer,Hoist The Colours,,,,,,,,,,,,,,,,
Apocalyptica,Wherever I May Roam,,,,,,,,,,,,,,,,
Sepultura,Dictatorshit,,,,,,,,,,,,,,,,
Apocalyptica,Path Vol. 2 (Feat. Sandra Nasic),,,,,,,,,,,,,,,,
Fantômas,Twin Peaks: Fire Walk With Me,,,,,,,,,,,,,,,,
Neurosis,The Eye Of Every Storm,,,,,,,,,,,,,,,,
Nelly Furtado,Island Of Wonder,,,,,,,,,,,,,,,,
Megadeth,Psychotron,,,,,,,,,,,,,,,,
Neon Neon,Michael Douglas,,,,,,,,,,,,,,,,
Megadeth,Tears In A Vial,,,,,,,,,,,,,,,,
Culture Club,Miss Me Blind,0.8,0.6,0.4,0.4,0.6,0.4,0.0,0.0,0.0,0.0,0.0,0.0,0.6,0.6,0.8,0.0
Megadeth,Hook In Mouth,,,,,,,,,,,,,,,,
Megadeth,Paranoid,,,,,,,,,,,,,,,,
The Brides,Hi!,,,,,,,,,,,,,,,,
Fantômas,Henry: Portrait Of A Serial Killer,,,,,,,,,,,,,,,,
Apocalyptica,Toreador,,,,,,,,,,,,,,,,
Silverstein,Fist Wrapped In Blood,,,,,,,,,,,,,,,,
Billy Corgan,Sorrows (In Blue),,,,,,,,,,,,,,,,
Underworld,Little Speaker,,,,,,,,,,,,,,,,
Hard-Fi,We Need Love,,,,,,,,,,,,,,,,
The Notorious B.I.G.,Unbelievable,,,,,,,,,,,,,,,,
Two Gallants,Las Cruces Jail,,,,,,,,,,,,,,,,
Easyworld,Enjoy The Silence,,,,,,,,,,,,,,,,
Cloud Cult,Intro,,,,,,,,,,,,,,,,
Cloud Cult,Journey Of The Featherless,,,,,,,,,,,,,,,,
Cloud Cult,Brain Gateway,,,,,,,,,,,,,,,,
Happy Rhodes,100 Years,,,,,,,,,,,,,,,,
Happy Mondays,Donovan,,,,,,,,,,,,,,,,
Billy Bragg & Wilco,Way Over Yonder In The Minor Key,,,,,,,,,,,,,,,,
Amon Amarth,Free Will Sacrifice,,,,,,,,,,,,,,,,
Prefab Sprout,When Love Breaks Down,,,,,,,,,,,,,,,,
Prefab Sprout,The King Of Rock 'N' Roll,,,,,,,,,,,,,,,,
Prefuse 73,Detchibe,,,,,,,,,,,,,,,,
Hawthorne Heights,Light Sleeper,,,,,,,,,,,,,,,,
Portishead,Sheared Box,,,,,,,,,,,,,,,,
Belly,Angel,,,,,,,,,,,,,,,,
The Nightwatchman,Flesh Shapes The Day,,,,,,,,,,,,,,,,
The 69 Eyes,No Hesitation,,,,,,,,,,,,,,,,
Medeski Martin And Wood,Where'S Sly?,,,,,,,,,,,,,,,,
The Sonics,Strychnine,,,,,,,,,,,,,,,,
Mediengruppe Telekommander,Trend,,,,,,,,,,,,,,,,
Au Revoir Simone,Through The Backyards,,,,,,,,,,,,,,,,
Stone,No Commands,,,,,,,,,,,,,,,,
Nevermore,Create The Infinite,,,,,,,,,,,,,,,,
Built To Spill,Fly Around My Pretty Little Miss,,,,,,,,,,,,,,,,
Hauschka,Heimat,,,,,,,,,,,,,,,,
Archive,So Few Words,,,,,,,,,,,,,,,,
Echo & The Bunnymen,Clay,,,,,,,,,,,,,,,,
Ween,Push Th' Little Daisies,,,,,,,,,,,,,,,,
Silvio Rodríguez,Debo Partirme En Dos,,,,,,,,,,,,,,,,
Hawkwind,Angels Of Death,,,,,,,,,,,,,,,,
Amerie,Some Like It,,,,,,,,,,,,,,,,
Jolie Holland,You'Re Not Satisfied,,,,,,,,,,,,,,,,
Megadeth,Play For Blood,,,,,,,,,,,,,,,,
Primal Scream,Shoot Speed/Kill Light,,,,,,,,,,,,,,,,
David Bowie,I Would Be Your Slave,,,,,,,,,,,,,,,,
Ween,I'Ll Be Your Johnny On The Spot,,,,,,,,,,,,,,,,
Underworld,Best Mamgu Ever,,,,,,,,,,,,,,,,
Simon & Garfunkel,Scarborough Fair,,,,,,,,,,,,,,,,
Echo & The Bunnymen,Nocturnal Me,,,,,,,,,,,,,,,,
Architecture In Helsinki,Do The Whirlwind (Hot Chip Remix),,,,,,,,,,,,,,,,
Sondre Lerche,She'S Fantastic,,,,,,,,,,,,,,,,
The New Brubeck Quartet,Blue Rondo A La Turk,,,,,,,,,,,,,,,,
Bullet For My Valentine,10 Years Today,,,,,,,,,,,,,,,,
New Order,Elegia,,,,,,,,,,,,,,,,
Johnny Cash,Mary Of The Wild Moor,,,,,,,,,,,,,,,,
New Order,Ecstasy,,,,,,,,,,,,,,,,
New Order,Every Little Counts,,,,,,,,,,,,,,,,
New Order,All The Way,,,,,,,,,,,,,,,,
New Order,Bizarre Love Triangle (Shep Pettibone Extended Remix),,,,,,,,,,,,,,,,
Townes Van Zandt,Dollar Bill Blues,,,,,,,,,,,,,,,,
Son Volt,Underground Dream,,,,,,,,,,,,,,,,
Ed Harcourt,Ghost Writer,,,,,,,,,,,,,,,,
Sonata Arctica,Blank File,,,,,,,,,,,,,,,,
The Brian Jonestown Massacre,Prozac Vs. Heroin,1.0,0.6,0.0,0.4,0.8,0.6,0.0,0.0,0.0,0.0,0.0,0.0,0.2,0.2,0.8,0.0
Sonata Arctica,Fade To Black,,,,,,,,,,,,,,,,
Sonata Arctica,My Selene,,,,,,,,,,,,,,,,
Bullet For My Valentine,Just Another Star,,,,,,,,,,,,,,,,
Sonata Arctica,I Want Out,,,,,,,,,,,,,,,,
Frightened Rabbit,Behave!,,,,,,,,,,,,,,,,
Les Rythmes Digitales,Jacques Your Body (Make Me Sweat),,,,,,,,,,,,,,,,
Meat Loaf,Heaven Can Wait,,,,,,,,,,,,,,,,
Letters To Cleo,Fast Way,,,,,,,,,,,,,,,,
Meat Loaf,Out Of The Frying Pan (And Into The Fire),,,,,,,,,,,,,,,,
Deepest Blue,Late September,,,,,,,,,,,,,,,,
Sondre Lerche,Europa And The Pirate Twins (Bonus Track),,,,,,,,,,,,,,,,
American Nightmare,Farewell,,,,,,,,,,,,,,,,
Enya,The Memory Of Trees,,,,,,,,,,,,,,,,
Epica,Sancta Terra,,,,,,,,,,,,,,,,
Built To Spill,Kicked It In The Sun,,,,,,,,,,,,,,,,
Frida Sandén,Nu Eller Aldrig (Karaoke Version),,,,,,,,,,,,,,,,
Rufus Wainwright,In My Arms,,,,,,,,,,,,,,,,
The New Pornographers,The Mary Martin Show,,,,,,,,,,,,,,,,
Rufus Wainwright,Crumb By Crumb,,,,,,,,,,,,,,,,
Levellers,What A Beautiful Day,,,,,,,,,,,,,,,,
Nick Cave & The Bad Seeds,Cannibal'S Hymn,,,,,,,,,,,,,,,,
Torche,Fire,,,,,,,,,,,,,,,,
The National,Cherry Tree,,,,,,,,,,,,,,,,
Heaven 17,Let'S All Make A Bomb,,,,,,,,,,,,,,,,
Enya,Drifting,,,,,,,,,,,,,,,,
Torche,Mentor,,,,,,,,,,,,,,,,
Cursive,The Sunks,,,,,,,,,,,,,,,,
Entwine,New Dawn,,,,,,,,,,,,,,,,
Freemasons,Love On My Mind,,,,,,,,,,,,,,,,
Ruoska,Viiden Tähden Helvetti,,,,,,,,,,,,,,,,
Ruoska,Taivas Palaa,,,,,,,,,,,,,,,,
Ruki Na Odeyalo,Son,,,,,,,,,,,,,,,,
The Brian Jonestown Massacre,Hyperventilation,,,,,,,,,,,,,,,,
Venetian Snares,Einstein-Rosen Bridge,,,,,,,,,,,,,,,,
Mclusky,The World Loves Us And Is Our Bitch,,,,,,,,,,,,,,,,
Headland,Space Invader Dream,,,,,,,,,,,,,,,,
Head Automatica,Oxy Contin,,,,,,,,,,,,,,,,
Clipse,Trill,,,,,,,,,,,,,,,,
Thee More Shallows,2 Am,,,,,,,,,,,,,,,,
Young And Sexy,Herculean Bellboy,,,,,,,,,,,,,,,,
The Soviettes,¡Paranoia Cha Cha Cha!,,,,,,,,,,,,,,,,
The Soundtrack Of Our Lives,Bigtime,,,,,,,,,,,,,,,,
Lianne Hall,Want You Alive,,,,,,,,,,,,,,,,
Lianne Hall,Running Out,,,,,,,,,,,,,,,,
After Forever,Strong,,,,,,,,,,,,,,,,
Head Automatica,Curious,0.8,0.6,0.4,0.4,0.8,0.6,0.0,0.0,0.0,0.0,0.2,0.0,0.6,0.6,0.8,0.0
Billie The Vision & The Dancers,I'M Pablo,,,,,,,,,,,,,,,,
Tiesto Feat Jes,Everything,,,,,,,,,,,,,,,,
Belleruche,Northern Girls,,,,,,,,,,,,,,,,
Port-Royal,Bahnhof Zoo,,,,,,,,,,,,,,,,
Porn Sword Tobacco,Comme-Il-Faut (6 År),,,,,,,,,,,,,,,,
Client,Lights Go Out,,,,,,,,,,,,,,,,
Weird Al Yankovic,Virus Alert,,,,,,,,,,,,,,,,
Client,Pornography,,,,,,,,,,,,,,,,
Weiß,Velvet Underworld,,,,,,,,,,,,,,,,
Poe,Haunted,,,,,,,,,,,,,,,,
The Duke Spirit,Dark Is Light Enough,,,,,,,,,,,,,,,,
The Duke Spirit,Souvenir,,,,,,,,,,,,,,,,
Yo La Tengo,Upside-Down,,,,,,,,,,,,,,,,
Daniel Powter,Lost On The Stoop,,,,,,,,,,,,,,,,
The Band,Long Black Veil,,,,,,,,,,,,,,,,
September,La La La (Never Give It Up),,,,,,,,,,,,,,,,
September,Candy Love,,,,,,,,,,,,,,,,
The Band,Rockin' Chair,,,,,,,,,,,,,,,,
Trivium,Suffocating Sight,1.0,1.0,0.0,0.0,1.0,1.0,0.0,0.0,0.0,0.0,0.0,0.0,0.0,0.0,1.0,0.0
Apocalyptica,Betrayal/Forgiveness,,,,,,,,,,,,,,,,
Story Of The Year,Five Against The World,1.0,1.0,0.0,0.2,1.0,1.0,0.0,0.0,0.0,0.0,0.0,0.0,0.0,0.0,0.8,0.0
Nick Cave,I'M Your Man,0.8,0.6,0.0,0.4,0.6,0.4,0.0,0.8,0.0,0.6,0.4,0.0,0.4,0.2,0.8,0.2
Ed Harcourt,Those Crimson Tears,,,,,,,,,,,,,,,,
Liekki,Korppi,,,,,,,,,,,,,,,,
Avril Lavigne,My World,0.8,0.4,0.0,0.2,0.6,0.4,0.6,0.0,0.0,0.4,0.0,0.0,0.2,0.2,0.8,0.0
Swallow The Sun,Hold This Woe,1.0,0.8,0.0,0.0,1.0,1.0,0.0,0.6,0.0,0.2,0.0,0.0,0.6,0.4,0.8,0.0
Sentenced,Ode To The End,1.0,1.0,0.0,0.0,1.0,1.0,0.0,0.0,0.0,0.0,0.0,0.0,0.0,0.0,1.0,0.0
Liekki,Pienokainen,,,,,,,,,,,,,,,,
Swallow The Sun,Hope,,,,,,,,,,,,,,,,
Entwine,Six Feet Down Below,,,,,,,,,,,,,,,,
The Music,I Need Love,,,,,,,,,,,,,,,,
Clint Mansell,Fall: Cleaning Apartment,,,,,,,,,,,,,,,,
Clinic,Memories,,,,,,,,,,,,,,,,
Poisonblack,The Living Dead,,,,,,,,,,,,,,,,
The Music,Vision,,,,,,,,,,,,,,,,
Pony Up,Marlon Brando'S Laundromat,,,,,,,,,,,,,,,,
Nick Cave & The Bad Seeds,Lay Me Low,,,,,,,,,,,,,,,,
Asia,Who Will Stop The Rain,,,,,,,,,,,,,,,,
Talking Heads,Who Is It?,,,,,,,,,,,,,,,,
Something Corporate,The Runaway,,,,,,,,,,,,,,,,
Edan,I See Colours,,,,,,,,,,,,,,,,
Edan,Fumbling Over Words That Rhyme,,,,,,,,,,,,,,,,
Ed Harcourt,Loneliness,,,,,,,,,,,,,,,,
John Maus,Pure Rockets,,,,,,,,,,,,,,,,
Billie Holiday,Body And Soul,,,,,,,,,,,,,,,,
Ed Harcourt,The Storm Is Coming,,,,,,,,,,,,,,,,
Bush,Distant Voices,,,,,,,,,,,,,,,,
Against Me!,Untitled,,,,,,,,,,,,,,,,
Nickel Creek,Smoothie Song,,,,,,,,,,,,,,,,
Nickel Creek,Spit On A Stranger,,,,,,,,,,,,,,,,
Against Me!,Even At Our Worst We'Re Still Better Than Most (The Roller),,,,,,,,,,,,,,,,
4 Strings,Sunrise,,,,,,,,,,,,,,,,
Towers Of London,Kill The Pop Scene,,,,,,,,,,,,,,,,
Nick Lowe,So It Goes,,,,,,,,,,,,,,,,
Mazarin,Louise,,,,,,,,,,,,,,,,
Lifehouse,The Joke,,,,,,,,,,,,,,,,
Lifehouse,Storm,,,,,,,,,,,,,,,,
Lifehouse,Make Me Over,,,,,,,,,,,,,,,,
大谷幸,Prologue ~To The Ancient Land~,,,,,,,,,,,,,,,,
Maxïmo Park,Wasteland,,,,,,,,,,,,,,,,
Lightning Bolt,13 Monsters,,,,,,,,,,,,,,,,
Sentenced,Shadegrown,,,,,,,,,,,,,,,,
Faster Pussycat,Little Dove,,,,,,,,,,,,,,,,
Yo La Tengo,Watch Out For Me Ronnie,,,,,,,,,,,,,,,,
Sentenced,The Rain Comes Falling Down,,,,,,,,,,,,,,,,
Mc5,Ramblin' Rose,,,,,,,,,,,,,,,,
The Breeders,Regalame Esta Noche,,,,,,,,,,,,,,,,
Mazzy Star,Free,,,,,,,,,,,,,,,,
The Spinners,I'Ll Be Around,,,,,,,,,,,,,,,,
Tyler Bates,To Victory,,,,,,,,,,,,,,,,
Entwine,Closer (My Love),,,,,,,,,,,,,,,,
Entwine,Break Me,,,,,,,,,,,,,,,,
Entwine,Chameleon Halo,,,,,,,,,,,,,,,,
Solange,I Decided (Freemasons Radio Edit),,,,,,,,,,,,,,,,
Sinéad O'Connor,Black Boys On Mopeds,,,,,,,,,,,,,,,,
Bill Withers,Grandma'S Hands,,,,,,,,,,,,,,,,
The Moody Blues,Night In White Satin,,,,,,,,,,,,,,,,
The Breeders,Istanbul,,,,,,,,,,,,,,,,
Battlelore,Storm Of The Blades,,,,,,,,,,,,,,,,
Edit,Ashtray,,,,,,,,,,,,,,,,
Tyler Bates,Fever Dream,,,,,,,,,,,,,,,,
Soko,Shitty Day,,,,,,,,,,,,,,,,
Pleasant Grove,Wide Open,,,,,,,,,,,,,,,,
Bush,Synapse,,,,,,,,,,,,,,,,
Badly Drawn Boy,The Time Of Times,,,,,,,,,,,,,,,,
Pleasant Grove,Reset The Code,,,,,,,,,,,,,,,,
宇多田ヒカル,Dareka No Negai Ga Kanau Koro,,,,,,,,,,,,,,,,
Lightspeed Champion,I Could Have Done This Myself,,,,,,,,,,,,,,,,
Rush,Bravado,1.0,0.6,0.0,0.4,1.0,0.6,0.0,0.0,0.0,0.0,0.0,0.0,0.6,0.4,0.8,0.0
Rush,Malignant Narcissism,,,,,,,,,,,,,,,,
Rush,Hand Over Fist,,,,,,,,,,,,,,,,
Rush,Between Sun & Moon,,,,,,,,,,,,,,,,
The Mountain Goats,How To Embrace A Swamp Creature,,,,,,,,,,,,,,,,
The Breeders,Doe,,,,,,,,,,,,,,,,
Hella,Republic Of Rough And Ready,,,,,,,,,,,,,,,,
Helloween,Dr. Stein,,,,,,,,,,,,,,,,
Bush,Inflatable,,,,,,,,,,,,,,,,
The Duskfall,Source,,,,,,,,,,,,,,,,
The Duke Spirit,Sovereign,,,,,,,,,,,,,,,,
John Mayer,Come Back To Bed,,,,,,,,,,,,,,,,
Against Me!,Untitled 2,,,,,,,,,,,,,,,,
Velvet Revolver,For A Brother,,,,,,,,,,,,,,,,
Françoise Hardy,Ça A Raté,,,,,,,,,,,,,,,,
Bülent Ortaçgil,Bu İş Çok Zor Yonca,,,,,,,,,,,,,,,,
Ryan Adams,Avalanche,,,,,,,,,,,,,,,,
The Moldy Peaches,Greyhound Bus,,,,,,,,,,,,,,,,
Françoise Hardy,Ton Meilleur Ami,,,,,,,,,,,,,,,,
The Moldy Peaches,The Ballad Of Helen Keller & Rip Van Winkle,,,,,,,,,,,,,,,,
Nicole Atkins,Together We'Re Both Alone,,,,,,,,,,,,,,,,
Strapping Young Lad,Aaa,,,,,,,,,,,,,,,,
Deep Forest,Sweet Lullaby (Nature'S Dancin' Mix),0.4,0.2,0.8,0.8,0.0,0.0,0.0,0.4,0.0,0.2,0.0,0.0,1.0,0.6,0.2,0.0
Bob Dylan,Outlaw Blues,,,,,,,,,,,,,,,,
Strapping Young Lad,Landscape,,,,,,,,,,,,,,,,
Cut Off Your Hands,Still Fond,,,,,,,,,,,,,,,,
The Bravery,Bad Sun,,,,,,,,,,,,,,,,
Cute Is What We Aim For,Curse Of The Curves,,,,,,,,,,,,,,,,
Ryan Adams,Shakedown On 9Th Street,,,,,,,,,,,,,,,,
Franz Ferdinand,What You Waiting For?,,,,,,,,,,,,,,,,
Something Corporate,I Kissed A Drunk Girl,,,,,,,,,,,,,,,,
Deep Forest,Hunting,,,,,,,,,,,,,,,,
Deep Dish,Swallow Me,,,,,,,,,,,,,,,,
Trivium,Departure,0.8,0.8,0.0,0.4,1.0,0.8,0.6,0.0,0.0,0.0,0.0,0.0,0.0,0.0,0.8,0.0
Editors,Dust In The Sunlight,,,,,,,,,,,,,,,,
Avril Lavigne,Contagious,,,,,,,,,,,,,,,,
Devo,Come Back Jonee,,,,,,,,,,,,,,,,
Butthole Surfers,Sweat Loaf,,,,,,,,,,,,,,,,
Therapy?,Unbeliever,,,,,,,,,,,,,,,,
Buzzcocks,Why Can'T I Touch It,,,,,,,,,,,,,,,,
Buzzcocks,You Tear Me Up,,,,,,,,,,,,,,,,
Buzzcocks,Sixteen,,,,,,,,,,,,,,,,
John Lennon,Give Me Some Truth,,,,,,,,,,,,,,,,
Yo La Tengo,Superstar-Watcher,,,,,,,,,,,,,,,,
John Lennon,Remember,,,,,,,,,,,,,,,,
Amanda Palmer,Guitar Hero,,,,,,,,,,,,,,,,
Wham!,Careless Whisper,,,,,,,,,,,,,,,,
What Made Milwaukee Famous,Cheap Wine,,,,,,,,,,,,,,,,
Wham!,Wake Me Up Before You Go Go,,,,,,,,,,,,,,,,
The End,My Abyss,,,,,,,,,,,,,,,,
The End,Throwing Stones,,,,,,,,,,,,,,,,
The End,The Never Ever Aftermath,,,,,,,,,,,,,,,,
Clann Zú,Words For Snow,,,,,,,,,,,,,,,,
Ryan Adams,I See Monsters,,,,,,,,,,,,,,,,
Bob Dylan,Make You Feel My Love,,,,,,,,,,,,,,,,
The Be Good Tanyas,The Junkie Song,,,,,,,,,,,,,,,,
The Mary Onettes,Pleasure Songs,,,,,,,,,,,,,,,,
Cachorro Grande,Dia Perfeito,,,,,,,,,,,,,,,,
Café Del Mar,Feel Good,,,,,,,,,,,,,,,,
Nicolle Chirino,Perfectly Perfect,,,,,,,,,,,,,,,,
Nicole Scherzinger,Whatever U Like,,,,,,,,,,,,,,,,
Ryan Adams,Dear Chicago,,,,,,,,,,,,,,,,
Ryan Adams,Anybody Wanna Take Me Home,,,,,,,,,,,,,,,,
Freak Kitchen,Raw,,,,,,,,,,,,,,,,
36 Crazyfists,At The End Of August,,,,,,,,,,,,,,,,
The 69 Eyes,Hot Butterfly,,,,,,,,,,,,,,,,
Helloween,Invitation,,,,,,,,,,,,,,,,
Helloween,We Burn,,,,,,,,,,,,,,,,
Nicole Atkins,War Torn,,,,,,,,,,,,,,,,
Matthew Good,Near Fantastica,0.8,0.6,0.2,0.4,0.8,0.6,0.6,0.0,0.0,0.2,0.0,0.0,0.4,0.4,0.8,0.0
The Early November,Take Time And Find,,,,,,,,,,,,,,,,
Ben Folds,Not The Same (Northampton Ma 6/7/02 Calvin Theatre),,,,,,,,,,,,,,,,
The Early November,Decoration,,,,,,,,,,,,,,,,
Herbie Hancock,Maiden Voyage,,,,,,,,,,,,,,,,
Cake,Jesus Wrote A Blank Check,,,,,,,,,,,,,,,,
Tatjana,Santa Maria (Wah-Hey Mix),,,,,,,,,,,,,,,,
Taylor Swift,Love Story (Digital Dog Edit),,,,,,,,,,,,,,,,
Soil,Something Real,,,,,,,,,,,,,,,,
Death In Vegas,Killing Smile,,,,,,,,,,,,,,,,
Siouxsie And The Banshees,Stargazer,,,,,,,,,,,,,,,,
Siouxsie And The Banshees,The Staircase (Mystery),,,,,,,,,,,,,,,,
Soil,Suffering,,,,,,,,,,,,,,,,
Devotchka,Venus In Furs,,,,,,,,,,,,,,,,
Dixie Chicks,Baby Hold On,,,,,,,,,,,,,,,,
Devotchka,Dearly Departed,,,,,,,,,,,,,,,,
Bob Dylan,Black Crow Blues,,,,,,,,,,,,,,,,
Matt Costa,Wash Away,,,,,,,,,,,,,,,,
Mates Of State,These Days,,,,,,,,,,,,,,,,
Nightwish,A Return To The Sea,,,,,,,,,,,,,,,,
Matt & Kim,Dash After Dash,,,,,,,,,,,,,,,,
Matt & Kim,It'S A Fact (Printed Stained),,,,,,,,,,,,,,,,
Deep Dish,Awake Enough,,,,,,,,,,,,,,,,
Tarja Turunen,Boy And The Ghost,,,,,,,,,,,,,,,,
Tarja Turunen,Die Alive,,,,,,,,,,,,,,,,
Aghora,Satya,,,,,,,,,,,,,,,,
Nightmare Of You,Marry Me,,,,,,,,,,,,,,,,
Amadou & Mariam,La Paix,,,,,,,,,,,,,,,,
Lily Chou-Chou,Arabesque,,,,,,,,,,,,,,,,
John Foxx,Metal Beat,,,,,,,,,,,,,,,,
Clann Zú,Hope This Day,,,,,,,,,,,,,,,,
Placebo,Every You Every Me (Live),,,,,,,,,,,,,,,,
John Frusciante,Interior Two,,,,,,,,,,,,,,,,
Nightmares On Wax,Fire In The Middle,,,,,,,,,,,,,,,,
John Frusciante,Falling,,,,,,,,,,,,,,,,
Nightmares On Wax,Soul Purpose,,,,,,,,,,,,,,,,
Nightmares On Wax,Soul-Ho,,,,,,,,,,,,,,,,
Nile,Dusk Falls Upon The Temple Of The Serpent On The Mount Of Sunrise,,,,,,,,,,,,,,,,
The Mamas & The Papas,Go Where You Wanna Go,,,,,,,,,,,,,,,,
Nile,Unas Slayer Of The Gods,,,,,,,,,,,,,,,,
Calexico,Pepita,,,,,,,,,,,,,,,,
The Stills,Oh Shoplifter,0.8,0.6,0.0,0.2,1.0,0.8,0.0,0.0,0.0,0.0,0.0,0.0,0.0,0.0,0.8,0.0
Calexico,Attack El Robot! Attack!,,,,,,,,,,,,,,,,
Agonoize,Eternal Darkness,,,,,,,,,,,,,,,,
Agonoize,Die For Blood,,,,,,,,,,,,,,,,
Nightwish,She Is My Sin (Live),,,,,,,,,,,,,,,,
Ryan Adams,The Shadowlands,,,,,,,,,,,,,,,,
Ryan Adams & The Cardinals,Sweet Illusions,,,,,,,,,,,,,,,,
Annihilator,W.T.Y.D.,,,,,,,,,,,,,,,,
Frank Zappa,Watermelon In Easter Hay,,,,,,,,,,,,,,,,
Mates Of State,Separate The People,,,,,,,,,,,,,,,,
Sussie 4,El Rey Del Biutiful,,,,,,,,,,,,,,,,
Sussie 4,Solo Voy,,,,,,,,,,,,,,,,
City And Colour,In The Water I Am Beautiful,,,,,,,,,,,,,,,,
Whigfield,Saturday Night,,,,,,,,,,,,,,,,
Hey,Z Rejestru Strasznych Snów,,,,,,,,,,,,,,,,
John Coltrane,Syeeda'S Song Flute,,,,,,,,,,,,,,,,
City And Colour,Waiting...,,,,,,,,,,,,,,,,
Limp Bizkit,The Truth,,,,,,,,,,,,,,,,
The Verve,All In The Mind,,,,,,,,,,,,,,,,
Blackmore'S Night,Written In The Stars,,,,,,,,,,,,,,,,
The Mars Volta,Cygnus... Vismund Cygnus,,,,,,,,,,,,,,,,
The Mars Volta,Cassandra Gemini,,,,,,,,,,,,,,,,
Cake,World Of Two,,,,,,,,,,,,,,,,
Cake,Walk On By,,,,,,,,,,,,,,,,
Cake,Guitar,,,,,,,,,,,,,,,,
Nightwish,Higher Than Hope,,,,,,,,,,,,,,,,
John Cameron Mitchell,Wig In A Box,,,,,,,,,,,,,,,,
Cky,Sporadic Movement,,,,,,,,,,,,,,,,
Nine Black Alps,Headlights,,,,,,,,,,,,,,,,
Nine Black Alps,Just Friends,,,,,,,,,,,,,,,,
Nina Simone,The Other Woman,,,,,,,,,,,,,,,,
Badly Drawn Boy,Epitaph,,,,,,,,,,,,,,,,
The 69 Eyes,All-American Dream,,,,,,,,,,,,,,,,
Enigma,Hello And Welcome,,,,,,,,,,,,,,,,
Enigma,Silence Must Be Heard,,,,,,,,,,,,,,,,
Enigma,Sitting On The Moon,,,,,,,,,,,,,,,,
S.H.E,天灰,,,,,,,,,,,,,,,,
The Books,None But Shining Hours,,,,,,,,,,,,,,,,
Cynic,Uroboric Forms,,,,,,,,,,,,,,,,
Saalschutz,Mein Pop Dein Pop,,,,,,,,,,,,,,,,
The Books,Vogt Dig For Kloppervok,0.2,0.0,0.2,0.8,0.0,0.0,0.4,0.4,0.0,0.6,0.0,0.0,0.6,0.4,0.0,0.0
Linkin Park,Frgt10,,,,,,,,,,,,,,,,
Matchbox Twenty,3Am,,,,,,,,,,,,,,,,
Matchbox Twenty,Disease (Acoustic),,,,,,,,,,,,,,,,
Pixies,Weird At My School,,,,,,,,,,,,,,,,
Strike Anywhere,Laughter In A Police State,,,,,,,,,,,,,,,,
The Exploding Hearts,I'M A Pretender,,,,,,,,,,,,,,,,
White Willow,The Book Of Love,,,,,,,,,,,,,,,,
The Exploding Hearts,Thorns In Roses,,,,,,,,,,,,,,,,
Uverworld,Gekidou (Tv Size),,,,,,,,,,,,,,,,
Basshunter,Strand Tylösand,,,,,,,,,,,,,,,,
Vector Lovers,Girl + Robot,,,,,,,,,,,,,,,,
Type O Negative,Machine Screw,,,,,,,,,,,,,,,,
Efterklang,Monopolist,,,,,,,,,,,,,,,,
Death Cab For Cutie,Underwater!,,,,,,,,,,,,,,,,
Sohodolls,Trash The Rental (Crystal Castles Remix),,,,,,,,,,,,,,,,
Eiffel 65,Move Your Body,,,,,,,,,,,,,,,,
Type O Negative,Pyretta Blaze,,,,,,,,,,,,,,,,
The Magnetic Fields,Mr. Mistletoe,,,,,,,,,,,,,,,,
Einstürzende Neubauten,Letztes Biest (Am Himmel),,,,,,,,,,,,,,,,
Calla,Fear Of Fireflies,,,,,,,,,,,,,,,,
Einstürzende Neubauten,Ich Hatte Ein Wort,,,,,,,,,,,,,,,,
High School Musical Cast,Work This Out,,,,,,,,,,,,,,,,
Camel,Sanctuary,,,,,,,,,,,,,,,,
Circa Survive,Mandala,,,,,,,,,,,,,,,,
Camel,Never Let Go,,,,,,,,,,,,,,,,
Circa Survive,We'Re All Thieves,,,,,,,,,,,,,,,,
High Tension Wires,Clear Is Coast,,,,,,,,,,,,,,,,
Frank Sinatra,Moon River,,,,,,,,,,,,,,,,
Vaya Con Dios,What'S A Woman,,,,,,,,,,,,,,,,
Basshunter,Hallå Där,,,,,,,,,,,,,,,,
The Beatles,Bad Boy,,,,,,,,,,,,,,,,
Aphex Twin,[Weathered Stone],,,,,,,,,,,,,,,,
Faust,Just A Second (Starts Like That!) / Picnic On A Frozen River / Deuxieme Tableux,,,,,,,,,,,,,,,,
Seether,Gasoline,,,,,,,,,,,,,,,,
Fatboy Slim,Mad Flava,,,,,,,,,,,,,,,,
Joe Satriani,Up In The Sky,,,,,,,,,,,,,,,,
Joe Satriani,Starry Night,,,,,,,,,,,,,,,,
Calloways,Kalamazoo,,,,,,,,,,,,,,,,
The Stills,Yesterday Never Tomorrows,,,,,,,,,,,,,,,,
Matanza,Bom É Quando Faz Mal,,,,,,,,,,,,,,,,
Linkin Park,Pts.Of.Athrty (Jay Gordon),,,,,,,,,,,,,,,,
Mat Kearney,Undeniable,,,,,,,,,,,,,,,,
3 Doors Down,Sarah Yellin',,,,,,,,,,,,,,,,
The Fall,Totally Wired,,,,,,,,,,,,,,,,
Chłopcy Z Placu Broni,Kocham Cię,,,,,,,,,,,,,,,,
Yellowcard,Three Flights Up,,,,,,,,,,,,,,,,
Yellowcard,Gifts And Curses,,,,,,,,,,,,,,,,
Joe Gibbs,African Dub Chapter Three,,,,,,,,,,,,,,,,
Little Dragon,Forever,,,,,,,,,,,,,,,,
Joe Satriani,Cryin',,,,,,,,,,,,,,,,
Nine Inch Nails,Closer (Precursor),,,,,,,,,,,,,,,,
Little Dragon,Turn Left,,,,,,,,,,,,,,,,
The Magic Numbers,All I See,,,,,,,,,,,,,,,,
Little Birdy,Come On Come On,,,,,,,,,,,,,,,,
Massacre,La Octava Maravilla,,,,,,,,,,,,,,,,
Dispatch,Past The Falls,,,,,,,,,,,,,,,,
Stéphane Pompougnac,Better Days (Feat. Varano & Tiger Lily),,,,,,,,,,,,,,,,
Babyshambles,Gang Of Gin,,,,,,,,,,,,,,,,
Social Distortion,Highway 101,,,,,,,,,,,,,,,,
Lionel Richie,All Night Long,,,,,,,,,,,,,,,,
Masta Ace,Good Ol' Love,,,,,,,,,,,,,,,,
Seeed,Music Monks,,,,,,,,,,,,,,,,
Masta Killa,D.T.D,,,,,,,,,,,,,,,,
Massive Attack,I Want You,,,,,,,,,,,,,,,,
Lisa Lisa & Cult Jam,Can You Feel The Beat (Feat. Full Force),,,,,,,,,,,,,,,,
The Velvet Underground,Temptation Inside Your Heart,,,,,,,,,,,,,,,,
Alter Bridge,In Loving Memory,,,,,,,,,,,,,,,,
Pink Floyd,Up The Khyber,,,,,,,,,,,,,,,,
Hinda Hicks,You Think You Own Me,,,,,,,,,,,,,,,,
Whitesnake,Medicine Man,,,,,,,,,,,,,,,,
Him,You Are The One,,,,,,,,,,,,,,,,
Chuck Berry,Too Much Monkey Business,,,,,,,,,,,,,,,,
Hird,Buddy Rich,,,,,,,,,,,,,,,,
Camel,The Snow Goose,0.6,0.4,0.0,0.4,0.6,0.2,0.4,0.6,0.0,0.4,0.6,0.0,0.6,0.2,0.6,0.0
Seeed,Jackpot Girl,,,,,,,,,,,,,,,,
High Tension Wires,Gillette Napoleon,,,,,,,,,,,,,,,,
Pink Martini,Song Of The Black Swan,,,,,,,,,,,,,,,,
The Fall,Prole Art Threat,,,,,,,,,,,,,,,,
Yello,Oh Yeah 'Oh Six (Booka Shade Remix),,,,,,,,,,,,,,,,
Cibo Matto,Birthday Cake,,,,,,,,,,,,,,,,
Whitesnake,Don'T Turn Away,,,,,,,,,,,,,,,,
En Vogue,My Lovin' (You'Re Never Gonna Get It),0.6,0.4,0.8,0.6,0.0,0.0,0.0,0.0,0.0,0.0,0.0,0.0,0.6,0.6,0.6,0.0
Pink Mountaintops,New Drug Queens,,,,,,,,,,,,,,,,
Aimee Mann,Today'S The Day,,,,,,,,,,,,,,,,
Yeah Yeah Yeahs,Skeletons (Acoustic),,,,,,,,,,,,,,,,
Hird,Fading Blues,,,,,,,,,,,,,,,,
Pink Floyd,Master Of Ceremonies,,,,,,,,,,,,,,,,
Engenheiros Do Hawaii,O Exército De Um Homem Só,,,,,,,,,,,,,,,,
The 5Th Dimension,(Last Night) I Didn'T Get To Sleep At All,,,,,,,,,,,,,,,,
Skindred,Roots Rock Riot,,,,,,,,,,,,,,,,
Sage Francis,Lie Detector Test,,,,,,,,,,,,,,,,
Sage Francis,Smoke And Mirrors,,,,,,,,,,,,,,,,
Sage Francis,Sun Vs. Moon,,,,,,,,,,,,,,,,
Sage Francis,Midgets And Giants,,,,,,,,,,,,,,,,
Saint Etienne,He'S On The Phone (Radio Edit),,,,,,,,,,,,,,,,
Basshunter,All I Ever Wanted,,,,,,,,,,,,,,,,
Live,Overcome,,,,,,,,,,,,,,,,
Frank Sinatra,Luck Be A Lady,,,,,,,,,,,,,,,,
Nits,A Touch Of Henry Moore,,,,,,,,,,,,,,,,
Aimee Mann,Satellite,,,,,,,,,,,,,,,,
Nirvana,Stain,,,,,,,,,,,,,,,,
Camera Obscura,My Maudlin Career,,,,,,,,,,,,,,,,
The Lucksmiths,Camera-Shy,,,,,,,,,,,,,,,,
Diablo,The Art Of Self-Destruction,,,,,,,,,,,,,,,,
Diablo,Light Of The End,,,,,,,,,,,,,,,,
Disturbed,Haunted,,,,,,,,,,,,,,,,
Social Distortion,Dear Lover,,,,,,,,,,,,,,,,
Social Distortion,I Was Wrong,,,,,,,,,,,,,,,,
Social Distortion,Prison Bound,,,,,,,,,,,,,,,,
Soda Stereo,Angel Eléctrico,,,,,,,,,,,,,,,,
Snowden,Like Bullets,,,,,,,,,,,,,,,,
Snow Patrol Feat. Martha Wainwright,Set The Fire To The Third Bar,,,,,,,,,,,,,,,,
Camera Obscura,The Sweetest Thing,,,,,,,,,,,,,,,,
2Pac,Skandalouz,0.4,0.4,1.0,0.2,0.0,0.0,0.0,0.0,0.0,0.0,0.0,0.0,0.6,0.4,0.4,0.0
Seeed,Waterpumpee,,,,,,,,,,,,,,,,
Camera Obscura,You Told A Lie,,,,,,,,,,,,,,,,
Faust,Munic/Yesterday,,,,,,,,,,,,,,,,
Cannibal Corpse,Entrails Ripped From A Virgin'S Cunt,,,,,,,,,,,,,,,,
Cannibal Corpse,I Will Kill You,,,,,,,,,,,,,,,,
El Ten Eleven,Central Nervous Piston,,,,,,,,,,,,,,,,
Elbow,Can'T Stop,,,,,,,,,,,,,,,,
Snowden,Black Eyes (Le Castle Vania Remix),,,,,,,,,,,,,,,,
Boards Of Canada,Finity,,,,,,,,,,,,,,,,
Maserati,Ambassador Of Cinema,,,,,,,,,,,,,,,,
植松伸夫,Encounter,,,,,,,,,,,,,,,,
Marvin May,I Want You,,,,,,,,,,,,,,,,
Mary J. Blige,Good Woman Down,,,,,,,,,,,,,,,,
Blancmange,Blind Vision,,,,,,,,,,,,,,,,
Noir Désir,Des Visages Des Figures,,,,,,,,,,,,,,,,
植松伸夫,Prelude,,,,,,,,,,,,,,,,
Nofx,The Cause,,,,,,,,,,,,,,,,
Jimi Hendrix,Changes,,,,,,,,,,,,,,,,
No Doubt,World Go 'Round,,,,,,,,,,,,,,,,
Candlemass,At The Gallows End,,,,,,,,,,,,,,,,
Yeah Yeah Yeahs,Cheated Hearts (Peaches Remix),,,,,,,,,,,,,,,,
Jimmy Eat World,Rockstar,,,,,,,,,,,,,,,,
Little Man Tate,Man I Hate Your Band,,,,,,,,,,,,,,,,
Engenheiros Do Hawaii,O Papa É Pop,,,,,,,,,,,,,,,,
Engenheiros Do Hawaii,Armas Químicas E Poemas,,,,,,,,,,,,,,,,
Air,Kelly Watch The Stars (Edit),,,,,,,,,,,,,,,,
Télépopmusik,Another Day,,,,,,,,,,,,,,,,
Pinback,Bbtone,,,,,,,,,,,,,,,,
Canned Heat,Let'S Work Together,,,,,,,,,,,,,,,,
Ben Kweller,Red Eye,,,,,,,,,,,,,,,,
Jill Scott,Hate On Me,,,,,,,,,,,,,,,,
Jill Scott,Epiphany,,,,,,,,,,,,,,,,
Superpitcher,Sad Boys,,,,,,,,,,,,,,,,
Supersuckers,Bubblegum And Beer,,,,,,,,,,,,,,,,
Jim Sturgess & Joe Anderson,With A Little Help From My Friends,,,,,,,,,,,,,,,,
Jets To Brazil,Resistance Is Futile,,,,,,,,,,,,,,,,
Tori Amos,Dark Side Of The Sun,,,,,,,,,,,,,,,,
David Gray,Real Love,,,,,,,,,,,,,,,,
Locksley,Don'T Make Me Wait,,,,,,,,,,,,,,,,
2Pac,Bury Me A G,,,,,,,,,,,,,,,,
London After Midnight,Where Good Girls Go To Die,,,,,,,,,,,,,,,,
London After Midnight,Sally'S Song,,,,,,,,,,,,,,,,
Mark Farina,Ripshop - Shoplif [Feat. Mr. Lif] [Instrumentals],,,,,,,,,,,,,,,,
Supergrass,Wait For The Sun,,,,,,,,,,,,,,,,
Supergrass,Time,,,,,,,,,,,,,,,,
The Black Mages,J-E-N-O-V-A,,,,,,,,,,,,,,,,
植松伸夫,Still More Fighting,,,,,,,,,,,,,,,,
Supermode,Tell Me Why (Radio Edit),,,,,,,,,,,,,,,,
2Pac,Hail Mary,,,,,,,,,,,,,,,,
Martin Solveig,Everybody,,,,,,,,,,,,,,,,
椎名林檎,Kuki,,,,,,,,,,,,,,,,
Markus Schulz,You Won'T See Me Cry 2005,,,,,,,,,,,,,,,,
Martin Solveig,Rocking Music,,,,,,,,,,,,,,,,
The Field,Mobilia,,,,,,,,,,,,,,,,
The Fiery Furnaces,Bow Wow,,,,,,,,,,,,,,,,
Why?,Speech Bubbles,,,,,,,,,,,,,,,,
Piglet,Pangea Reunion,,,,,,,,,,,,,,,,
Skid Row,Creepshow,,,,,,,,,,,,,,,,
Christmas In New England,Louis Armstrong,,,,,,,,,,,,,,,,
Francisca Valenzuela,Muleta,,,,,,,,,,,,,,,,
Saint Etienne,Who Do You Think You Are,,,,,,,,,,,,,,,,
Saint Etienne,Soft Like Me,,,,,,,,,,,,,,,,
Salem Al Fakir,Dream Girl,,,,,,,,,,,,,,,,
Dissection,Internal Fire,,,,,,,,,,,,,,,,
Team Sleep,Our Ride To The Rectory,,,,,,,,,,,,,,,,
Mark Mothersbaugh,Let Me Tell You About My Boat,,,,,,,,,,,,,,,,
Dissection,Night'S Blood,,,,,,,,,,,,,,,,
As Blood Runs Black,Pouring Reign,,,,,,,,,,,,,,,,
As Blood Runs Black,The Beautiful Mistake,,,,,,,,,,,,,,,,
Vasco Rossi,Brava,,,,,,,,,,,,,,,,
Samantha Mumba,Lately,,,,,,,,,,,,,,,,
Samamidon,Saro,,,,,,,,,,,,,,,,
The Black Keys,Hold Me In Your Arms,,,,,,,,,,,,,,,,
The Black Keys,The Breaks,,,,,,,,,,,,,,,,
Basia Bulat,Snakes And Ladders,,,,,,,,,,,,,,,,
Saint Etienne,People Get Real,,,,,,,,,,,,,,,,
The Lemonheads,Pittsburgh,0.8,0.4,0.0,0.4,0.8,0.4,0.8,0.0,0.0,0.0,0.0,0.0,0.0,0.0,0.8,0.0
Jesse Mccartney,Because You Live,,,,,,,,,,,,,,,,
Ajattara,Ägräs,,,,,,,,,,,,,,,,
Jesu,We All Faulter,,,,,,,,,,,,,,,,
Jesu,Dead Eyes,,,,,,,,,,,,,,,,
The Lemonheads,Mrs. Robinson,,,,,,,,,,,,,,,,
Jill Scott,The Way,,,,,,,,,,,,,,,,
Subhumans,All Gone Dead,,,,,,,,,,,,,,,,
David Gray,Be Mine,,,,,,,,,,,,,,,,
Badly Drawn Boy,A Minor Incident,,,,,,,,,,,,,,,,
Tori Amos,Concertina,,,,,,,,,,,,,,,,
Thao,Swimming Pools,,,,,,,,,,,,,,,,
They Might Be Giants,The World'S Address,,,,,,,,,,,,,,,,
Cannibal Corpse,Split Wide Open,,,,,,,,,,,,,,,,
The Lemonheads,Dawn Can'T Decide,,,,,,,,,,,,,,,,
Philip Glass,Metamorphosis Five,,,,,,,,,,,,,,,,
Jefferson Airplane,How Do You Feel,,,,,,,,,,,,,,,,
Tom Baxter,Half A Man,,,,,,,,,,,,,,,,
Philip Glass,Facades,,,,,,,,,,,,,,,,
Wilco,That'S Not The Issue,,,,,,,,,,,,,,,,
Christian Kjellvander,Words In The Wires,,,,,,,,,,,,,,,,
Tori Amos,Father'S Son,,,,,,,,,,,,,,,,
Marine Research,Parallel Horizontal,,,,,,,,,,,,,,,,
Lordi,Shotgun Divorce,,,,,,,,,,,,,,,,
Fountains Of Wayne,Mexican Wine,,,,,,,,,,,,,,,,
The Black Heart Procession,The Spell,,,,,,,,,,,,,,,,
The Streets,Prangin' Out,,,,,,,,,,,,,,,,
Fountains Of Wayne,All Kinds Of Time,,,,,,,,,,,,,,,,
Fort Minor,Introduction,,,,,,,,,,,,,,,,
Basement Jaxx,Tonight (Feat. Phoebe),,,,,,,,,,,,,,,,
Wilco,Pick Up The Change,,,,,,,,,,,,,,,,
Wilco,Outta Mind (Outta Sight),,,,,,,,,,,,,,,,
Horrorpops,Julia,,,,,,,,,,,,,,,,
Thurston Moore,Free Noise Among Friends,,,,,,,,,,,,,,,,
The Flaming Lips,It Overtakes Me,,,,,,,,,,,,,,,,
Big L,M.V.P.,,,,,,,,,,,,,,,,
Bo Diddley,Bo Diddley,,,,,,,,,,,,,,,,
The Stranglers,Something Better Change,,,,,,,,,,,,,,,,
As Blood Runs Black,In Dying Days,,,,,,,,,,,,,,,,
Hooverphonic,Others Delight,,,,,,,,,,,,,,,,
Hooverphonic,No More Sweet Music,,,,,,,,,,,,,,,,
Phyllis Dillon,Leave It In The Hands Of Love,,,,,,,,,,,,,,,,
The Be Good Tanyas,Waiting Around To Die,,,,,,,,,,,,,,,,
Christina Aguilera,Enter The Circus,,,,,,,,,,,,,,,,
Hoobastank,From The Heart,,,,,,,,,,,,,,,,
Yann Tiersen,Mother Will Die,,,,,,,,,,,,,,,,
Phoenix,Rome,,,,,,,,,,,,,,,,
Christian Death,Mysterium Iniquitatis,,,,,,,,,,,,,,,,
Pharrell Williams,Number One (Feat. Kanye West),,,,,,,,,,,,,,,,
Beneath The Massacre,Modern Age Slavery,,,,,,,,,,,,,,,,
The Flaming Lips,The Abandoned Hospital Ship,,,,,,,,,,,,,,,,
Thursday,M. Shepard,,,,,,,,,,,,,,,,
The Flaming Lips,Waitin' For A Superman (Mokran Mix),,,,,,,,,,,,,,,,
Oasis,It'S Gettin' Better (Man!!),,,,,,,,,,,,,,,,
Howard Shore,The King Of The Golden Hall,,,,,,,,,,,,,,,,
Feeder,Bitter Glass,,,,,,,,,,,,,,,,
Sebastian,Dolami,,,,,,,,,,,,,,,,
Los Campesinos!,It Started With A Mixx,,,,,,,,,,,,,,,,
Avenged Sevenfold,Chapter Four,,,,,,,,,,,,,,,,
All Time Low,The Beach,,,,,,,,,,,,,,,,
The Flaming Lips,Moth In The Incubator,,,,,,,,,,,,,,,,
Philip Glass,An Unwelcome Friend,,,,,,,,,,,,,,,,
Philip Bailey & Phil Collins,Easy Lover,,,,,,,,,,,,,,,,
Marillion,Heart Of Lothian,,,,,,,,,,,,,,,,
Marillion,Warm Wet Circles,,,,,,,,,,,,,,,,
Danger Mouse,December 4Th,,,,,,,,,,,,,,,,
Los Bunkers,Ahora Que No Estás,,,,,,,,,,,,,,,,
Aphex Twin,Omgyjya-Switch 7,,,,,,,,,,,,,,,,
Fear Factory,Drones,,,,,,,,,,,,,,,,
Emperor,Into The Infinity Of Thoughts,,,,,,,,,,,,,,,,
Fear Factory,Cyberwaste,,,,,,,,,,,,,,,,
Fear Factory,Body Hammer,,,,,,,,,,,,,,,,
Skinny Puppy,Dogshit,,,,,,,,,,,,,,,,
Skinny Puppy,Daddyuwarbash,,,,,,,,,,,,,,,,
Skinny Puppy,Glass Houses,,,,,,,,,,,,,,,,
Benassi Bros.,Hit My Heart,,,,,,,,,,,,,,,,
Jenny Wilson,Summer Time - The Roughest Time,,,,,,,,,,,,,,,,
Jenny Lewis,Jack Killed Mom,,,,,,,,,,,,,,,,
Loreena Mckennitt,Tango To Evora,,,,,,,,,,,,,,,,
D.R.I.,Enemy Within,,,,,,,,,,,,,,,,
The Black Crowes,There'S Gold In Them Hills,,,,,,,,,,,,,,,,
清春,Slow -Single Version-,,,,,,,,,,,,,,,,
Jay-Z,My 1St Song,,,,,,,,,,,,,,,,
Oh No Oh My,Reeks And Seeks,,,,,,,,,,,,,,,,
Lostprophets,Five Is A Four Letter Word,,,,,,,,,,,,,,,,
Maria Mena,Nevermind Me,,,,,,,,,,,,,,,,
Maria Taylor,One For The Shareholder,,,,,,,,,,,,,,,,
Phantom Planet,In Our Darkest Hour,,,,,,,,,,,,,,,,
Death,Leprosy,1.0,1.0,0.0,0.0,1.0,1.0,0.0,0.0,0.0,0.0,0.0,0.0,0.0,0.0,1.0,0.0
Thursday,A0001,,,,,,,,,,,,,,,,
Hot Snakes,Automatic Midnight,,,,,,,,,,,,,,,,
Skinny Puppy,State Aid,,,,,,,,,,,,,,,,
Supergrass,Kiss Of Life,,,,,,,,,,,,,,,,
Supergrass,Sitting Up Straight,,,,,,,,,,,,,,,,
Disarmonia Mundi,Quicksand Symmetry,,,,,,,,,,,,,,,,
Sublime,Under My Voodoo,,,,,,,,,,,,,,,,
Jedi Mind Tricks,Pariah Demise (Interlude),,,,,,,,,,,,,,,,
U2,Heartland,,,,,,,,,,,,,,,,
Electric Six,Don'T Be Afraid Of The Robot,,,,,,,,,,,,,,,,
Death,Secret Face,,,,,,,,,,,,,,,,
Jedi Mind Tricks,Blood In Blood Out,,,,,,,,,,,,,,,,
Of Montreal,Requiem For O.M.M.,,,,,,,,,,,,,,,,
Of Montreal,This Feeling (Derek'S Theme),,,,,,,,,,,,,,,,
The Kovenant,The Sulphur Feast,,,,,,,,,,,,,,,,
Skinny Puppy,Love,,,,,,,,,,,,,,,,
Arise From Thorns,Persia,,,,,,,,,,,,,,,,
The Kovenant,The Birth Of Tragedy,,,,,,,,,,,,,,,,
Skinny Puppy,Lust Chance,,,,,,,,,,,,,,,,
Big Cyc,Nie Wierzcie Elektrykom,,,,,,,,,,,,,,,,
The Black Crowes,No Speak No Slave,,,,,,,,,,,,,,,,
Oceansize,You Can'T Keep A Bad Man Down,,,,,,,,,,,,,,,,
Oceansize,Mine Host,,,,,,,,,,,,,,,,
Lou Reed,Lady Day,,,,,,,,,,,,,,,,
The Knife,Like A Pen (Radio Edit),,,,,,,,,,,,,,,,
Thin Lizzy,The Rocker,,,,,,,,,,,,,,,,
Tears For Fears,Laid So Low (Tears Roll Down),,,,,,,,,,,,,,,,
Flykkiller,Flykkiller,0.6,0.4,0.8,0.4,0.4,0.6,0.0,0.0,0.0,0.0,0.0,0.0,0.8,0.8,0.6,0.0
Death,Born Dead,,,,,,,,,,,,,,,,
Death,Destiny,,,,,,,,,,,,,,,,
The Black Angels,Winter '68,,,,,,,,,,,,,,,,
The Black Angels,Black Angel Exit / Shine,,,,,,,,,,,,,,,,
The Black Crowes,Black Moon Creeping,,,,,,,,,,,,,,,,
The Black Crowes,Bad Luck Blue Eyes Goodbye,,,,,,,,,,,,,,,,
Death,Forgotten Past,,,,,,,,,,,,,,,,
Vangelis,Blade Runner Blues,,,,,,,,,,,,,,,,
The Black Crowes,Evergreen,,,,,,,,,,,,,,,,
Jay-Z,Lucifer,,,,,,,,,,,,,,,,
Ohgr,Chaos,,,,,,,,,,,,,,,,
Akron/Family,Before And Again,,,,,,,,,,,,,,,,
玉置成実,Believe (Gundam Seed Version),,,,,,,,,,,,,,,,
Lostprophets,The Fake Sound Of Progress,,,,,,,,,,,,,,,,
Lou Reed / John Cale,Faces And Names,,,,,,,,,,,,,,,,
Of Montreal,Pancakes For One,,,,,,,,,,,,,,,,
Lou Reed / John Cale,Trouble With Classicists,,,,,,,,,,,,,,,,
Skinny Puppy,One Time One Place,,,,,,,,,,,,,,,,
Chris Vrenna,Wonderland Woods,,,,,,,,,,,,,,,,
Emma Bunton,What Took You So Long,,,,,,,,,,,,,,,,
Thursday,I1100,,,,,,,,,,,,,,,,
Peter Murphy,Deep Ocean Vast Sea,,,,,,,,,,,,,,,,
Peter Doherty,New Love Grows On Trees,,,,,,,,,,,,,,,,
Jay-Z,Never Change,,,,,,,,,,,,,,,,
Peter Doherty,Palace Of Bone,,,,,,,,,,,,,,,,
Aphex Twin,Funny Little Man,,,,,,,,,,,,,,,,
Sarah Brightman,Eden,,,,,,,,,,,,,,,,
Feeder,We Can'T Rewind,,,,,,,,,,,,,,,,
Suede,Electricity,,,,,,,,,,,,,,,,
Trio Odemira,Malaguena,,,,,,,,,,,,,,,,
Suede,Killing Of A Flash Boy,,,,,,,,,,,,,,,,
Jars Of Clay,Silence,,,,,,,,,,,,,,,,
Xploding Plastix,6-Hours Starlight,,,,,,,,,,,,,,,,
Lou Bega,Mambo No. 5,,,,,,,,,,,,,,,,
Ok Go,Shortly Before The End,,,,,,,,,,,,,,,,
Suede,Daddy'S Speeding,,,,,,,,,,,,,,,,
Dire Straits,You And Your Friend,,,,,,,,,,,,,,,,
Super Furry Animals,Venus & Serena,,,,,,,,,,,,,,,,
Flying Lotus,Sao Paulo,,,,,,,,,,,,,,,,
Flying Lotus,Pet Monster Shotglass,,,,,,,,,,,,,,,,
Barenaked Ladies,Another Postcard,,,,,,,,,,,,,,,,
Thunderbirds Are Now!,Better Safe Than Safari,,,,,,,,,,,,,,,,
Thunderbirds Are Now!,Bodies Adjust,,,,,,,,,,,,,,,,
Hurt,System,,,,,,,,,,,,,,,,
Hurt,Zdejmij Ten Krzyż,,,,,,,,,,,,,,,,
All Girl Summer Fun Band,Video Game Heart,,,,,,,,,,,,,,,,
Thunderbirds Are Now!,(Aquatic Cupid'S) Harpoons Of Love,,,,,,,,,,,,,,,,
Husky Rescue,The Man Who Flew Away,,,,,,,,,,,,,,,,
The Knife,Marble House (Davidandrewsitek'S Knifehorse Remix),,,,,,,,,,,,,,,,
Sneaker Pimps,Six Underground,,,,,,,,,,,,,,,,
Ohgr,Timebomb,,,,,,,,,,,,,,,,
Jay Reatard,Not A Substitute,,,,,,,,,,,,,,,,
Big Black,Kasimir S. Pulaski Day,,,,,,,,,,,,,,,,
Elena,The Balkan Girls,,,,,,,,,,,,,,,,
Smoke City,It'S Amazing,,,,,,,,,,,,,,,,
Daedelus,Like Clockwork Springs,,,,,,,,,,,,,,,,
Big Black,The Model,,,,,,,,,,,,,,,,
Bad Religion,No Control,,,,,,,,,,,,,,,,
Chris Daughtry,Breakdown,,,,,,,,,,,,,,,,
Snakefinger,The Model,0.6,0.4,0.0,0.4,0.6,0.4,0.0,0.0,0.0,0.0,0.0,0.0,0.8,0.8,0.6,0.0
Chris Cornell,Poison Eye,,,,,,,,,,,,,,,,
Louis Xiv,Illegal Tender,,,,,,,,,,,,,,,,
Manu Chao,Mr. Bobby,,,,,,,,,,,,,,,,
Flogging Molly,Screaming At The Wailing Wall,,,,,,,,,,,,,,,,
Sarah Mclachlan,Song For A Winter'S Night,,,,,,,,,,,,,,,,
Sarah Mclachlan,I Love You,,,,,,,,,,,,,,,,
Flogging Molly,Far Away Boys,,,,,,,,,,,,,,,,
Sarah Mclachlan,Witness,,,,,,,,,,,,,,,,
Flogging Molly,Grace Of God Go I,,,,,,,,,,,,,,,,
Jawbreaker,Chemistry,,,,,,,,,,,,,,,,
Jawbreaker,Do You Still Hate Me?,,,,,,,,,,,,,,,,
Al English,Constantine,,,,,,,,,,,,,,,,
Al Green,Aint No Sunshine,,,,,,,,,,,,,,,,
Okkervil River,Dead Dog Song,,,,,,,,,,,,,,,,
Lovage,Ladies Love Chest Rockwell,,,,,,,,,,,,,,,,
Lovage,Book Of The Month,,,,,,,,,,,,,,,,
Carmen Consoli,Signor Tentenna,,,,,,,,,,,,,,,,
Ola Podrida,Jordanna,,,,,,,,,,,,,,,,
Maná,Como Dueles En Los Labios,,,,,,,,,,,,,,,,
Pet Shop Boys,The Sodom And Gomorrah Show,,,,,,,,,,,,,,,,
Pet Shop Boys,God Willing,,,,,,,,,,,,,,,,
Testament,Careful What You Wish For,,,,,,,,,,,,,,,,
Xploding Plastix,Doubletalk Gets Through To You,,,,,,,,,,,,,,,,
Okkervil River,The Velocity Of Saul At The Time Of His Conversion,,,,,,,,,,,,,,,,
16 Horsepower,For Heaven'S Sake,,,,,,,,,,,,,,,,
The Submarines,Xavia,,,,,,,,,,,,,,,,
Manowar,Hand Of Doom,,,,,,,,,,,,,,,,
The Subways,Shake! Shake!,1.0,1.0,0.0,0.2,1.0,0.8,0.0,0.0,0.0,0.0,0.0,0.0,0.0,0.0,1.0,0.0
Low,Pissing,,,,,,,,,,,,,,,,
16 Horsepower,Alone And Forsaken,,,,,,,,,,,,,,,,
Jamie Cullum,Blame It On My Youth,,,,,,,,,,,,,,,,
Jamiroquai,Black Crow,,,,,,,,,,,,,,,,
Peeping Tom,Caipirinha (Feat. Bebel Gilberto),,,,,,,,,,,,,,,,
Days Of The New,What'S Left For Me?,,,,,,,,,,,,,,,,
Bad Religion,I Want To Conquer The World,,,,,,,,,,,,,,,,
Emilíana Torrini,Big Jumps,,,,,,,,,,,,,,,,
Teriyaki Boyz,Tokyo Drift,,,,,,,,,,,,,,,,
Emilíana Torrini,Me And Armini,,,,,,,,,,,,,,,,
Blind Guardian,And Then There Was Silence,,,,,,,,,,,,,,,,
石井竜也,River (Gundam Seed Version),,,,,,,,,,,,,,,,
Chris Bell,Speed Of Sound,,,,,,,,,,,,,,,,
Japan,Gentlemen Take Polaroids,,,,,,,,,,,,,,,,
Japan,European Son,,,,,,,,,,,,,,,,
Janelle Monáe,Violet Stars Happy Hunting!,,,,,,,,,,,,,,,,
Jan Johansson,Emigrantvisa,,,,,,,,,,,,,,,,
Pelican,Winds With Hands,,,,,,,,,,,,,,,,
I Was A Cub Scout,Our Smallest Adventures,,,,,,,,,,,,,,,,
Alkaline Trio,Another Innocent Girl,,,,,,,,,,,,,,,,
Ted Nugent,Stranglehold,,,,,,,,,,,,,,,,
Chris Clark,Early Moss,,,,,,,,,,,,,,,,
Jason Collett,Roll On Oblivion,,,,,,,,,,,,,,,,
Jarabe De Palo,La Flaca,,,,,,,,,,,,,,,,
Jar.,Cavalry,,,,,,,,,,,,,,,,
I Am Kloot,Coincidence,,,,,,,,,,,,,,,,
Blind Guardian,Lost In The Twilight Hall,,,,,,,,,,,,,,,,
I Am Kloot,From Your Favourite Sky,,,,,,,,,,,,,,,,
Daft Punk,Digital Love(Feat. Dj Sneak),,,,,,,,,,,,,,,,
Peace Orchestra,Who Am I? (Animatrix Edit),,,,,,,,,,,,,,,,
Flogging Molly,The Kilburn High Road,,,,,,,,,,,,,,,,
I Am Kloot,86 Tv'S,,,,,,,,,,,,,,,,
Bent,The Handbrake,,,,,,,,,,,,,,,,
Flickerstick,Teenage Dope Fiend,0.8,0.6,0.0,0.4,0.8,0.6,0.0,0.0,0.0,0.0,0.0,0.0,0.2,0.2,0.8,0.0
Orchestral Manoeuvres In The Dark,Almost,,,,,,,,,,,,,,,,
James Brown,The Payback,,,,,,,,,,,,,,,,
Pearl Jam,Wash,,,,,,,,,,,,,,,,
Benoît Pioulard,Coup De Foudre,,,,,,,,,,,,,,,,
Manic Street Preachers,Further Away,,,,,,,,,,,,,,,,
Manic Street Preachers,Love'S Sweet Exile,,,,,,,,,,,,,,,,
Daft Punk,Robot Rock (Soulwax Remix),,,,,,,,,,,,,,,,
Flight Of The Conchords,Think About It,,,,,,,,,,,,,,,,
Satyricon,Repined Bastard Nation,,,,,,,,,,,,,,,,
Skye,What'S Wrong With Me,,,,,,,,,,,,,,,,
Opeth,Hex Omega,,,,,,,,,,,,,,,,
Opeth,Moonlapse Vertigo,,,,,,,,,,,,,,,,
Opeth,Prologue,,,,,,,,,,,,,,,,
Opeth,Heir Apparent,,,,,,,,,,,,,,,,
Thirteen Senses,Last Forever,,,,,,,,,,,,,,,,
Tori Amos,Ireland,,,,,,,,,,,,,,,,
Teedra Moses,You'Ll Never Find (A Better Woman),,,,,,,,,,,,,,,,
Chiodos,Expired In Goreville,,,,,,,,,,,,,,,,
Small Faces,Rene,,,,,,,,,,,,,,,,
Deadman,This Day. This Rain.,,,,,,,,,,,,,,,,
Small Faces,Shake,,,,,,,,,,,,,,,,
Tricky,Puppy Toy,0.4,0.6,0.8,0.4,0.6,0.8,0.0,0.0,0.0,0.0,0.0,0.0,0.8,0.8,0.8,0.0
Deadman,Sakura To Ame,,,,,,,,,,,,,,,,
Biffy Clyro,Christopher'S River,,,,,,,,,,,,,,,,
Jamiroquai,Space Cowboy (Album Version),,,,,,,,,,,,,,,,
Avantasia,The Toy Master,,,,,,,,,,,,,,,,
The Juliana Theory,Into The Dark,,,,,,,,,,,,,,,,
The Juliana Hatfield Three,Mabel,,,,,,,,,,,,,,,,
Cassius,Till We Got You And Me,,,,,,,,,,,,,,,,
Orchestral Manoeuvres In The Dark,The New Stone Age,,,,,,,,,,,,,,,,
Alanis Morissette,Not All Me,,,,,,,,,,,,,,,,
Pavement,Here (Peel Session),,,,,,,,,,,,,,,,
Saves The Day,As Your Ghost Takes Flight,,,,,,,,,,,,,,,,
Saves The Day,Driving In The Dark,,,,,,,,,,,,,,,,
The Beta Band,The House Song,,,,,,,,,,,,,,,,
Tom Petty And The Heartbreakers,Even The Losers,,,,,,,,,,,,,,,,
Van She,Here With You,,,,,,,,,,,,,,,,
Antiloop,Only U,,,,,,,,,,,,,,,,
Van She,Mission,,,,,,,,,,,,,,,,
Savage Garden,A Thousand Words,,,,,,,,,,,,,,,,
Ella Fitzgerald,Ev'Ry Time We Say Goodbye,,,,,,,,,,,,,,,,
Pearl Jam,I Won'T Back Down,,,,,,,,,,,,,,,,
Pearl Jam,Faithful,,,,,,,,,,,,,,,,
Pearl Jam,Brain Of J.,,,,,,,,,,,,,,,,
Blind Guardian,The New Order,,,,,,,,,,,,,,,,
Manic Street Preachers,Door To The River,,,,,,,,,,,,,,,,
Dana Rayne,Object Of My Desire,,,,,,,,,,,,,,,,
Saves The Day,All-Star Me,,,,,,,,,,,,,,,,
James Morrison,One Last Chance,,,,,,,,,,,,,,,,
Alanis Morissette,Front Row,,,,,,,,,,,,,,,,
Pearl Jam,Sad,,,,,,,,,,,,,,,,
Tenacious D,Jesus Ranch,,,,,,,,,,,,,,,,
Teenage Fanclub,Everything Flows,,,,,,,,,,,,,,,,
U2,Surrender,,,,,,,,,,,,,,,,
Small Faces,Come On Children,,,,,,,,,,,,,,,,
Small Faces,Mad John,,,,,,,,,,,,,,,,
Barenaked Ladies,For You,,,,,,,,,,,,,,,,
Feist,It'S Cool To Love Your Family,,,,,,,,,,,,,,,,
The Sunshine Underground,My Army,1.0,0.8,0.0,0.4,0.8,0.6,0.0,0.0,0.0,0.0,0.0,0.0,0.6,0.6,0.8,0.0
Aphex Twin,Afx237 V7,,,,,,,,,,,,,,,,
Feindflug,Stromtod,,,,,,,,,,,,,,,,
Feindflug,Schmerzgrenze,,,,,,,,,,,,,,,,
Ott,A Load Up At Nunney Catch,,,,,,,,,,,,,,,,
Ott,Billy The Kid Strikes Back,,,,,,,,,,,,,,,,
Suffokate,Slaughter Your Enemies,,,,,,,,,,,,,,,,
Avantasia,In Quest For,,,,,,,,,,,,,,,,
Dictaphone,Sonne Free,,,,,,,,,,,,,,,,
Avantasia,The Glory Of Rome,,,,,,,,,,,,,,,,
Avantasia,Serpents In Paradise,,,,,,,,,,,,,,,,
Feel,A Gdy Jest Już Ciemno,,,,,,,,,,,,,,,,
Dictaphone,La Piscine,,,,,,,,,,,,,,,,
Feeder,Suffocate,,,,,,,,,,,,,,,,
Idlewild,Once In Your Life,,,,,,,,,,,,,,,,
Idlewild,Out Of Routine,,,,,,,,,,,,,,,,
Idlewild,Close The Door,,,,,,,,,,,,,,,,
Idlewild,I'M Happy To Be Here Tonight,,,,,,,,,,,,,,,,
Idlewild,4 People Do Good,,,,,,,,,,,,,,,,
Alanis Morissette,The Couch,,,,,,,,,,,,,,,,
Jakalope,Pretty Life,,,,,,,,,,,,,,,,
Jakarta,One Desire (Mondotek Edit Mix),,,,,,,,,,,,,,,,
Pavement,Fight This Generation,,,,,,,,,,,,,,,,
Iced Earth,Dante'S Inferno,,,,,,,,,,,,,,,,
Windy & Carl,Lighthouse (Demo),,,,,,,,,,,,,,,,
Iced Earth,Transylvania,,,,,,,,,,,,,,,,
Orbital,Technologicque Park,,,,,,,,,,,,,,,,
Cat Power,Love And Communication,,,,,,,,,,,,,,,,
Pavement,Ann Don'T Cry,,,,,,,,,,,,,,,,
The Undertones,True Confessions,,,,,,,,,,,,,,,,
Icon & The Black Roses,Sweetest Emptiness Of Love,,,,,,,,,,,,,,,,
Blue Foundation,Sweep,,,,,,,,,,,,,,,,
The Tea Party,The Bazaar,,,,,,,,,,,,,,,,
Blue Foundation,Bonfires,,,,,,,,,,,,,,,,
Ludacris,What'S Your Fantasy,,,,,,,,,,,,,,,,
Lucybell,Raptame Del Fin,,,,,,,,,,,,,,,,
This Mortal Coil,Fond Affections,,,,,,,,,,,,,,,,
Wu-Tang Clan,Rules,,,,,,,,,,,,,,,,
Embrace,Looking As You Are,,,,,,,,,,,,,,,,
Lucinda Williams,Drunken Angel,,,,,,,,,,,,,,,,
Mando Diao,You Can'T Steal My Love (Video Edit),,,,,,,,,,,,,,,,
Blind Guardian,When Sorrow Sang,,,,,,,,,,,,,,,,
Mando Diao,Misty Mountains,,,,,,,,,,,,,,,,
Alaska In Winter,Balkan Low Rider Anthem,0.4,0.2,0.8,0.8,0.0,0.0,0.0,0.6,0.8,0.0,0.0,0.0,0.8,0.6,0.0,0.0
1200 Micrograms,Double Helix,,,,,,,,,,,,,,,,
Lucinda Williams,Steal Your Love,,,,,,,,,,,,,,,,
Jack Johnson,People Watching,,,,,,,,,,,,,,,,
Jack'S Mannequin,Drop Out - The So Unknown,,,,,,,,,,,,,,,,
De La Soul,Can U Keep A Secret,,,,,,,,,,,,,,,,
Otis Redding,That'S How Strong My Love Is,,,,,,,,,,,,,,,,
Jack'S Mannequin,Spinning,,,,,,,,,,,,,,,,
Slayer,Cleanse The Soul,,,,,,,,,,,,,,,,
Slayer,Born Of Fire,,,,,,,,,,,,,,,,
Jack Peñate,Have I Been A Fool?,,,,,,,,,,,,,,,,
Ott,Rogue Bagel,,,,,,,,,,,,,,,,
Cat Power,What Would The Community Think,,,,,,,,,,,,,,,,
Dead Poetic,The Dream Club Murders,,,,,,,,,,,,,,,,
Ellen Allien,Cloudy City,,,,,,,,,,,,,,,,
P!Nk,Crystal Ball,,,,,,,,,,,,,,,,
Iliketrains,Epiphany,,,,,,,,,,,,,,,,
Woven Hand,To Make A Ring,,,,,,,,,,,,,,,,
Out Hud,Old Nude,,,,,,,,,,,,,,,,
Iliketrains,No Military Parade,,,,,,,,,,,,,,,,
Iliketrains,Stainless Steel,,,,,,,,,,,,,,,,
Iliketrains,A Rook House For Bobby,,,,,,,,,,,,,,,,
Paul Oakenfold,Get Em Up,,,,,,,,,,,,,,,,
Chet Baker,It'S Always You,,,,,,,,,,,,,,,,
Scanners,Bombs,0.8,0.6,0.4,0.4,0.8,0.6,0.0,0.0,0.0,0.0,0.0,0.0,0.6,0.6,0.8,0.0
Scala & Kolacny Brothers,Heartbeats,,,,,,,,,,,,,,,,
The Beta Band,Monolith,,,,,,,,,,,,,,,,
Fito Páez,Al Lado Del Camino,,,,,,,,,,,,,,,,
The Bees,Listening Man,,,,,,,,,,,,,,,,
Saves The Day,My Sweet Fracture,,,,,,,,,,,,,,,,
Trentemøller,Chameleon,,,,,,,,,,,,,,,,
Catatonia,Why I Can'T Stand One Night Stands,,,,,,,,,,,,,,,,
Sloan,Coax Me,,,,,,,,,,,,,,,,
Art Of Noise,Backbeat,,,,,,,,,,,,,,,,
Outkast,The Way You Move,0.6,0.4,1.0,0.8,0.0,0.0,0.0,0.0,0.8,0.0,0.4,0.4,0.6,0.6,1.0,0.0
Wu-Tang Clan,Gun Will Go (Feat. Sunny Valentine),,,,,,,,,,,,,,,,
Van Morrison,And It Stoned Me,,,,,,,,,,,,,,,,
The Beatles,You Know My Name (Look Up The Number),,,,,,,,,,,,,,,,
Say Hi To Your Mom,Hooplas Involving Circus Tricks,,,,,,,,,,,,,,,,
Iggy Pop,Tell Me A Story,,,,,,,,,,,,,,,,
Scar Symmetry,The Eleventh Sphere,,,,,,,,,,,,,,,,
Ten Years After,I'D Love To Change The World,,,,,,,,,,,,,,,,
Elvis Presley,She'S Not You,,,,,,,,,,,,,,,,
Malena Ernman,La Voix,0.6,0.4,0.6,0.4,0.2,0.0,0.2,0.8,0.6,0.4,0.0,0.0,0.6,0.4,0.4,0.0
De La Soul,Say No Go,,,,,,,,,,,,,,,,
Chet Baker,There Will Never Be Another You,,,,,,,,,,,,,,,,
Wu-Tang Clan,As High As Wu-Tang Get,,,,,,,,,,,,,,,,
Sloan,Listen To The Radio,,,,,,,,,,,,,,,,
Tegan And Sara,Divided,,,,,,,,,,,,,,,,
The Teenagers,Make It Happen,,,,,,,,,,,,,,,,
10Cc,The Dean And I,,,,,,,,,,,,,,,,
Iron Maiden,The Duellists,,,,,,,,,,,,,,,,
Bloodbath,Soul Evisceration,,,,,,,,,,,,,,,,
Iron Maiden,The Apparition,,,,,,,,,,,,,,,,
Islands,Abominable Snow,,,,,,,,,,,,,,,,
P.O.D.,Goodbye For Now,,,,,,,,,,,,,,,,
Blu Cantrell,Lady,,,,,,,,,,,,,,,,
Finntroll,Under Varje Rot Och Sten,,,,,,,,,,,,,,,,
Finntroll,Hemkomst,,,,,,,,,,,,,,,,
Anton Maiden,When Two Worlds Collide,,,,,,,,,,,,,,,,
Scars On Broadway,Chemicals,,,,,,,,,,,,,,,,
Tortoise,Almost Always Is Nearly Enough,,,,,,,,,,,,,,,,
Schiller,Miles And Miles (Mit Moya Brennan),,,,,,,,,,,,,,,,
Elliott Smith,Whatever (Folk Song In C),,,,,,,,,,,,,,,,
The Teenagers,French Kiss,,,,,,,,,,,,,,,,
Elton John,I Guess That'S Why They Call It The Blues,,,,,,,,,,,,,,,,
Islands,Pieces Of You,,,,,,,,,,,,,,,,
Between The Buried And Me,Mordecai,,,,,,,,,,,,,,,,
The Jesus And Mary Chain,Sugar Ray,,,,,,,,,,,,,,,,
Dir En Grey,Bottom Of The Death Valley,,,,,,,,,,,,,,,,
Blu Cantrell,I'Ll Find A Way,,,,,,,,,,,,,,,,
Patty Griffin,Top Of The World,,,,,,,,,,,,,,,,
Iggy Pop,Tiny Girls,,,,,,,,,,,,,,,,
Chevelle,Anticipation,,,,,,,,,,,,,,,,
Chicago,Hard Habit To Break,,,,,,,,,,,,,,,,
Paul Oakenfold,Sex 'N' Money,,,,,,,,,,,,,,,,
Alice In Chains,Right Turn,,,,,,,,,,,,,,,,
Patsy Cline,She'S Got You,,,,,,,,,,,,,,,,
De/Vision,Moments We Shared,,,,,,,,,,,,,,,,
P!Nk,Who Knew (Album Version),,,,,,,,,,,,,,,,
Slayer,Read Between The Lies,,,,,,,,,,,,,,,,
Slayer,Payback,,,,,,,,,,,,,,,,
De-Phazz,Trash Box,,,,,,,,,,,,,,,,
Iron Maiden,Tail Gunner,1.0,0.8,0.0,0.0,1.0,0.8,0.0,0.0,0.0,0.0,0.0,0.0,0.0,0.0,0.8,0.0
The Jesus And Mary Chain,Drop,,,,,,,,,,,,,,,,
Iron Maiden,Sea Of Madness,,,,,,,,,,,,,,,,
Iron Maiden,Lightning Strikes Twice,,,,,,,,,,,,,,,,
Sunny Day Real Estate,Round,,,,,,,,,,,,,,,,
Sunset Rubdown,A Day In The Graveyard,,,,,,,,,,,,,,,,
The Jam,To Be Someone (Didn'T We Have A Nice Time),,,,,,,,,,,,,,,,
The Jesus And Mary Chain,Bo Diddley Is Jesus,,,,,,,,,,,,,,,,
The Jesus And Mary Chain,Cracking Up,,,,,,,,,,,,,,,,
Chemistry,白の吐息,,,,,,,,,,,,,,,,
De/Vision,Your Hands On My Skin,,,,,,,,,,,,,,,,
Bad Company Uk,The Nine,,,,,,,,,,,,,,,,
Lupe Fiasco,Hip-Hop Saved My Life (Feat. Nikki Jean),,,,,,,,,,,,,,,,
Lupe Fiasco,Baba Says Cool For Thought,,,,,,,,,,,,,,,,
Mahavishnu Orchestra,Meeting Of The Spirits,,,,,,,,,,,,,,,,
Seal,Waiting For You (Album Version),,,,,,,,,,,,,,,,
Seal,Amazing,,,,,,,,,,,,,,,,
Aoki Takamasa + Tujiko Noriko,Doki Doki Last Night,,,,,,,,,,,,,,,,
The Twilight Singers,The Twilite Kid,,,,,,,,,,,,,,,,
Paul Mccartney,Pipes Of Peace,0.6,0.2,0.6,0.8,0.2,0.0,0.6,0.8,0.0,0.4,0.0,0.0,0.6,0.4,0.8,0.0
Sunny Day Real Estate,The Blankets Were The Stairs,,,,,,,,,,,,,,,,
Paul Mccartney,This Never Happened Before,,,,,,,,,,,,,,,,
Immortal Technique,Crossing The Boundary,,,,,,,,,,,,,,,,
Immortal Technique,Dominant Species,,,,,,,,,,,,,,,,
Immortal Technique,Obnoxious,,,,,,,,,,,,,,,,
The Goo Goo Dolls,Fallin' Down,,,,,,,,,,,,,,,,
The Goo Goo Dolls,Burnin' Up,,,,,,,,,,,,,,,,
Patti Smith,Ghost Dance,,,,,,,,,,,,,,,,
Celtic Frost,Procreation (Of The Wicked),,,,,,,,,,,,,,,,
The Hush Sound,Medicine Man,0.8,0.4,0.0,0.4,0.6,0.2,0.0,0.0,0.0,1.0,0.2,0.0,0.0,0.0,0.8,0.0
The Hush Sound,Magnolia,,,,,,,,,,,,,,,,
Celebration,Pressure,0.8,0.6,0.4,0.6,0.6,0.4,0.0,0.0,0.0,0.0,0.8,0.0,0.8,0.6,0.8,0.0
Inxs,By My Side,0.6,0.4,0.0,0.2,0.6,0.4,0.6,0.2,0.0,0.6,0.0,0.0,0.0,0.0,0.6,0.0
Bertine Zetlitz,Snow On A Hot Day,,,,,,,,,,,,,,,,
Alice In Chains,Frogs,,,,,,,,,,,,,,,,
Antony And The Johnsons,Poorest Ear,,,,,,,,,,,,,,,,
Antony And The Johnsons,Knockin' On Heaven'S Door,,,,,,,,,,,,,,,,
Patrick Wolf,Damaris,,,,,,,,,,,,,,,,
Pain Of Salvation,Rope Ends,1.0,0.8,0.0,0.4,0.8,0.8,0.2,0.4,0.0,0.0,0.0,0.0,0.6,0.6,1.0,0.0
The Beatles,Thank You Girl,,,,,,,,,,,,,,,,
Damien Jurado,Tragedy,,,,,,,,,,,,,,,,
Finch,Without You Here,,,,,,,,,,,,,,,,
Blondie,Union City Blue,1.0,0.6,0.0,0.2,0.8,0.4,0.0,0.0,0.0,0.0,0.0,0.0,0.6,0.4,0.8,0.0
The Thermals,St. Rosa And The Swallows,,,,,,,,,,,,,,,,
Mae,The Everglow,0.8,0.6,0.0,0.4,0.6,0.4,0.6,0.4,0.0,1.0,0.2,0.0,0.4,0.4,0.8,0.0
Sufjan Stevens,We'Re Goin' To The Country!,,,,,,,,,,,,,,,,
Iron & Wine,Carried Home,,,,,,,,,,,,,,,,
Sugababes,3 Spoons Of Suga,,,,,,,,,,,,,,,,
Sunset Rubdown,The Dust You Kick Up Is Too Fine,,,,,,,,,,,,,,,,
Scooter,Nessaja,0.4,0.6,1.0,0.2,0.0,0.0,0.0,0.0,0.0,0.0,0.0,0.0,1.0,1.0,0.0,0.0
Pambo,Perdon,,,,,,,,,,,,,,,,
Filter,My Long Walk To Jail,,,,,,,,,,,,,,,,
Inxs,Just Keep Walking,0.8,0.6,0.0,0.2,0.8,0.4,0.0,0.0,0.0,0.0,0.0,0.0,0.2,0.4,0.8,0.0
Scooter,Lass Uns Tanzen,0.6,0.8,1.0,0.2,0.0,0.0,0.0,0.0,0.0,0.0,0.0,0.0,1.0,1.0,0.0,0.0
