artist_name,track_name,Drum Set,Drum Aggressiveness,Synthetic Drums,Percussion,Electric Guitar,Electric Guitar Distortion,Acoustic Guitar,String Ensemble,Horn Ensemble,Piano,Organ,Rhodes,Synthesizer,Synth Timbre,Bass Guitar,Reed Instrument
Emma Bunton,No Sign Of Life,,,,,,,,,,,,,,,,
David Gilmour,On An Island,,,,,,,,,,,,,,,,
Depeche Mode,Puppets,,,,,,,,,,,,,,,,
Emma Bunton,Free Me,,,,,,,,,,,,,,,,
The Who,The Song Is Over,,,,,,,,,,,,,,,,
Children Of Bodom,Tie My Rope,,,,,,,,,,,,,,,,
Basement Jaxx,Bingo Bango,,,,,,,,,,,,,,,,
Metallica,Cure,,,,,,,,,,,,,,,,
The Black Crowes,Locust Street,,,,,,,,,,,,,,,,
Emperor,Thus Spake The Nightspirit,,,,,,,,,,,,,,,,
Massive Attack,Eurochild,,,,,,,,,,,,,,,,
Grizzly Bear,Deep Sea Diver,,,,,,,,,,,,,,,,
Athlete,You Got The Style,,,,,,,,,,,,,,,,
Blur,Caravan,,,,,,,,,,,,,,,,
Jimi Hendrix,Voodoo Child,,,,,,,,,,,,,,,,
Timbaland,Time (Feat. She Wants Revenge),,,,,,,,,,,,,,,,
Patti Smith,Rock N Roll Nigger,,,,,,,,,,,,,,,,
Scissor Sisters,The Other Side,,,,,,,,,,,,,,,,
James Brown,I Feel Good,1.0,0.8,0.0,0.6,0.8,0.2,0.0,0.0,1.0,0.0,0.0,0.0,0.0,0.0,1.0,0.0
The Darkness,Bald,,,,,,,,,,,,,,,,
Buzzcocks,Just Lust,,,,,,,,,,,,,,,,
T.M.Revolution,ウルワシキセカイ,,,,,,,,,,,,,,,,
Editors,Distance,,,,,,,,,,,,,,,,
Morrissey,At Last I Am Born,,,,,,,,,,,,,,,,
Mr. Bungle,Carousel,,,,,,,,,,,,,,,,
Robyn,Cobrastyle,,,,,,,,,,,,,,,,
The Futureheads,News And Tributes,,,,,,,,,,,,,,,,
Atmosphere,Trying To Find A Balance,,,,,,,,,,,,,,,,
Stars,Life Effect,,,,,,,,,,,,,,,,
Ayreon,Day Sixteen: Loser,,,,,,,,,,,,,,,,
Gomez,Charley Patton Songs,,,,,,,,,,,,,,,,
Cocorosie,Haitian Love Songs,,,,,,,,,,,,,,,,
Erykah Badu,The Healer,,,,,,,,,,,,,,,,
Muse,Hyper Chondriac Music,,,,,,,,,,,,,,,,
Queens Of The Stone Age,First It Giveth Number One,,,,,,,,,,,,,,,,
Miranda Lambert,Desperation,,,,,,,,,,,,,,,,
Muse,Forced In,,,,,,,,,,,,,,,,
Neil Young,Tell Me Why,,,,,,,,,,,,,,,,
Jane'S Addiction,Been Caught Stealing,,,,,,,,,,,,,,,,
Aesop Rock,Boombox,,,,,,,,,,,,,,,,
Pearl Jam,Wasted Reprise,,,,,,,,,,,,,,,,
Liquid Tension Experiment,Acid Rain,,,,,,,,,,,,,,,,
The New Pornographers,Testament To Youth In Verse,,,,,,,,,,,,,,,,
The Black Angels,Deer-Ree-Shee,,,,,,,,,,,,,,,,
Black Flag,Beat My Head Against The Wall,,,,,,,,,,,,,,,,
Nightwish,The Carpenter,,,,,,,,,,,,,,,,
The Cramps,Goo Goo Muck,,,,,,,,,,,,,,,,
Duels,The Slow Build,,,,,,,,,,,,,,,,
The Bravery,No Breaks,,,,,,,,,,,,,,,,
The Offspring,She'S Got Issues,,,,,,,,,,,,,,,,
Tenacious D,Pod,0.0,0.0,0.0,0.6,0.0,0.0,0.4,0.0,0.0,0.0,0.0,0.0,0.0,0.0,0.2,0.0
The Airborne Toxic Event,Sometime Around Midnight,,,,,,,,,,,,,,,,
Neil Young,Don'T Let It Bring You Down,,,,,,,,,,,,,,,,
Ayreon,Day One: Vigil,,,,,,,,,,,,,,,,
The Gathering,Your Troubles Are Over,,,,,,,,,,,,,,,,
Atmosphere,Shoulda Known,,,,,,,,,,,,,,,,
Gomez,Woman! Man!,,,,,,,,,,,,,,,,
Neutral Milk Hotel,Avery Island / April 1St,,,,,,,,,,,,,,,,
Deep Purple,Stormbringer,,,,,,,,,,,,,,,,
Emilie Autumn,Marry Me,,,,,,,,,,,,,,,,
John Legend,Number One,,,,,,,,,,,,,,,,
Mogwai,Secret Pint,,,,,,,,,,,,,,,,
ユンナ,Houki Boshi,,,,,,,,,,,,,,,,
Christina Aguilera,Oh Mother,,,,,,,,,,,,,,,,
Okkervil River,Title Track,,,,,,,,,,,,,,,,
Diablo,Read My Scars,,,,,,,,,,,,,,,,
Burial,Southern Comfort,,,,,,,,,,,,,,,,
Creed,My Own Prison,,,,,,,,,,,,,,,,
Moi Caprice,Who Served Caviar In The Sky,,,,,,,,,,,,,,,,
Hello Saferide,Get Sick Soon,,,,,,,,,,,,,,,,
Apoptygma Berzerk,Eclipse,,,,,,,,,,,,,,,,
The Avalanches,Flight Tonight,,,,,,,,,,,,,,,,
The Automatic,On The Campaign Trail,,,,,,,,,,,,,,,,
Anathema,Violence,,,,,,,,,,,,,,,,
Bitter:Sweet,Our Remains,,,,,,,,,,,,,,,,
Mr. Big,To Be With You,0.6,0.4,0.0,0.2,0.4,0.2,1.0,0.0,0.0,0.0,0.0,0.0,0.0,0.0,0.6,0.0
Bel Canto,Sleep In Deep,,,,,,,,,,,,,,,,
Esthero,Lounge,,,,,,,,,,,,,,,,
Don Lennon,God,,,,,,,,,,,,,,,,
Built To Spill,Gone,,,,,,,,,,,,,,,,
The Zombies,The Way I Feel Inside,,,,,,,,,,,,,,,,
Coheed And Cambria,The Ring In Return,,,,,,,,,,,,,,,,
The Coral,Bill Mccai,,,,,,,,,,,,,,,,
Nick Cave & The Bad Seeds,As I Sat Sadly By Her Side,,,,,,,,,,,,,,,,
Creedence Clearwater Revisited,Long As I Can See The Light,,,,,,,,,,,,,,,,
Plain White T'S,Take Me Away,,,,,,,,,,,,,,,,
Air,Caramel Prisoner,,,,,,,,,,,,,,,,
Uriah Heep,Lady In Black,,,,,,,,,,,,,,,,
Dark Funeral,Attera Totus Sanctus,,,,,,,,,,,,,,,,
Hypocrisy,Fire In The Sky,,,,,,,,,,,,,,,,
Bonobo,Something For Windy,,,,,,,,,,,,,,,,
Kylie Minogue,No More Rain,,,,,,,,,,,,,,,,
Judas Priest,Night Crawler,,,,,,,,,,,,,,,,
Laura Marling,New Romantic,,,,,,,,,,,,,,,,
Audioslave,Nothing Left To Say But Goodbye,,,,,,,,,,,,,,,,
Kitty F Band,Smile,,,,,,,,,,,,,,,,
Ted Leo And The Pharmacists,The Angels' Share,,,,,,,,,,,,,,,,
Ted Leo And The Pharmacists,Under The Hedge,,,,,,,,,,,,,,,,
Straylight Run,Mistakes We Knew We Were Making,,,,,,,,,,,,,,,,
Of Montreal,Death Of A Shade Of A Hue,,,,,,,,,,,,,,,,
Citizen Cope,Pablo Picasso,,,,,,,,,,,,,,,,
City And Colour,Casey'S Song,,,,,,,,,,,,,,,,
Andrew W.K.,Party Til You Puke,,,,,,,,,,,,,,,,
Ramones,Pet Semetary,,,,,,,,,,,,,,,,
Flogging Molly,What'S Left Of The Flag,,,,,,,,,,,,,,,,
Rufus Wainwright,Dinner At Eight,0.0,0.0,0.0,0.0,0.0,0.0,0.0,1.0,0.0,1.0,0.0,0.0,0.0,0.0,0.0,0.0
Shout Out Louds,Normandie,,,,,,,,,,,,,,,,
R.E.M.,Laughing,,,,,,,,,,,,,,,,
Iggy Pop,I Wanna Be Your Dog,,,,,,,,,,,,,,,,
Three Days Grace,It'S All Over,,,,,,,,,,,,,,,,
Brian Eno,Some Of Them Are Old,0.0,0.0,0.0,0.4,0.2,0.0,0.6,0.0,0.0,0.4,0.0,0.0,0.6,0.2,0.2,0.0
Joan As Police Woman,Real Life,,,,,,,,,,,,,,,,
Goose,Check,,,,,,,,,,,,,,,,
Ac/Dc,Live Wire,,,,,,,,,,,,,,,,
Akira Yamaoka,Room Of Angel,,,,,,,,,,,,,,,,
Girl Talk,Peak Out,,,,,,,,,,,,,,,,
Taking Back Sunday,Bike Scene,,,,,,,,,,,,,,,,
Oasis,Magic Pie,,,,,,,,,,,,,,,,
Morrissey,I'M Throwing My Arms Around Paris,,,,,,,,,,,,,,,,
The Fiery Furnaces,Quay Cur,,,,,,,,,,,,,,,,
Hooverphonic,Pink Fluffy Dinosaurs,,,,,,,,,,,,,,,,
Cocteau Twins,Tishbite,,,,,,,,,,,,,,,,
Fahrenheit,Euforia,,,,,,,,,,,,,,,,
Slowdive,Good Day Sunshine,,,,,,,,,,,,,,,,
Genesis,I Know What I Like (In Your Wardrobe),,,,,,,,,,,,,,,,
Tilly And The Wall,Bessa,,,,,,,,,,,,,,,,
The Fiery Furnaces,Straight Street,,,,,,,,,,,,,,,,
The Warlocks,Baby Blue,,,,,,,,,,,,,,,,
The Beatles,This Boy,,,,,,,,,,,,,,,,
The Velvet Underground,Lonesome Cowboy Bill,,,,,,,,,,,,,,,,
The Cure,Pornography,,,,,,,,,,,,,,,,
The Stooges,No Fun,,,,,,,,,,,,,,,,
The Stooges,Shake Appeal,,,,,,,,,,,,,,,,
Smile Empty Soul,For You,,,,,,,,,,,,,,,,
Shakespear'S Sister,Stay,,,,,,,,,,,,,,,,
Natasha Bedingfield,I Bruise Easily,,,,,,,,,,,,,,,,
Bruce Springsteen,Lonesome Day,,,,,,,,,,,,,,,,
Lindstrøm,I Feel Space,,,,,,,,,,,,,,,,
Kamelot,Ghost Opera,,,,,,,,,,,,,,,,
James S. Taylor,You'Ve Got A Friend,,,,,,,,,,,,,,,,
Devo,Dr. Detroit,,,,,,,,,,,,,,,,
My Morning Jacket,Dondante,,,,,,,,,,,,,,,,
Adam Green,Choke On A Cock,,,,,,,,,,,,,,,,
Ra Ra Riot,Each Year,,,,,,,,,,,,,,,,
Division #9,Karjala,,,,,,,,,,,,,,,,
Blancmange,Living On The Ceiling,,,,,,,,,,,,,,,,
Devo,Uncontrollable Urge,,,,,,,,,,,,,,,,
Beirut,Venice,,,,,,,,,,,,,,,,
Émilie Simon,Dame De Lotus,,,,,,,,,,,,,,,,
Morrissey,Something Is Squeezing My Skull,,,,,,,,,,,,,,,,
Andrew Bird,Oh No,,,,,,,,,,,,,,,,
Sloan,Everything You'Ve Done Wrong,,,,,,,,,,,,,,,,
Jimmy Eat World,Firefight,,,,,,,,,,,,,,,,
The Cardigans,Little Black Cloud,,,,,,,,,,,,,,,,
Echo & The Bunnymen,My Kingdom,,,,,,,,,,,,,,,,
U2,Window In The Skies,,,,,,,,,,,,,,,,
Tegan And Sara,Frozen,,,,,,,,,,,,,,,,
Stereophonics,Pick A Part That'S New,,,,,,,,,,,,,,,,
Stereophonics,I'M Alright (You Gotta Go There To Come Back),,,,,,,,,,,,,,,,
Idlewild,Welcome Home,,,,,,,,,,,,,,,,
Unkle,In A State,,,,,,,,,,,,,,,,
Dashboard Confessional,Ender Will Save Us All,,,,,,,,,,,,,,,,
Eva Cassidy,Over The Rainbow,,,,,,,,,,,,,,,,
Stereophonics,Lying In The Sun,,,,,,,,,,,,,,,,
The Raveonettes,Sad Transmission,,,,,,,,,,,,,,,,
The Haunted,Abysmal,1.0,1.0,0.0,0.0,1.0,1.0,0.0,0.0,0.0,0.0,0.0,0.0,0.0,0.0,1.0,0.0
Motörhead,No Class,,,,,,,,,,,,,,,,
Tori Amos,Raspberry Swirl,,,,,,,,,,,,,,,,
Sleater-Kinney,Light Rail Coyote,,,,,,,,,,,,,,,,
Guns N' Roses,Dust N' Bones,,,,,,,,,,,,,,,,
Guns N' Roses,Coma,,,,,,,,,,,,,,,,
The New Pornographers,Centre For Holy Wars,,,,,,,,,,,,,,,,
Coheed And Cambria,The Lying Lies & Dirty Secrets Of Miss Erica Court,,,,,,,,,,,,,,,,
Amy Winehouse,Valerie,,,,,,,,,,,,,,,,
Blur,Brothers And Sisters,,,,,,,,,,,,,,,,
Metro Station,Control,,,,,,,,,,,,,,,,
Dj Brisk,I Died In Aberdeen (Interstate,,,,,,,,,,,,,,,,
Andrew Bird,The Naming Of Things,,,,,,,,,,,,,,,,
Last Alliance,Shissou,,,,,,,,,,,,,,,,
Britney Spears,Rock Me In,,,,,,,,,,,,,,,,
Massive Attack,Three,,,,,,,,,,,,,,,,
Explosions In The Sky,Day One,,,,,,,,,,,,,,,,
Kettcar,48 Stunden,,,,,,,,,,,,,,,,
The Fiery Furnaces,I'M In No Mood,,,,,,,,,,,,,,,,
Sonic Syndicate,Enhance My Nightmare,1.0,1.0,0.0,0.2,1.0,1.0,0.0,0.0,0.0,0.0,0.0,0.0,0.6,0.8,1.0,0.0
The Presets,Worms,,,,,,,,,,,,,,,,
The Pussycat Dolls,Beep,,,,,,,,,,,,,,,,
The Brian Jonestown Massacre,Straight Up And Down,,,,,,,,,,,,,,,,
Regina Spektor,Flyin',,,,,,,,,,,,,,,,
George Michael,Too Funky,,,,,,,,,,,,,,,,
Regina Spektor,Lounge,,,,,,,,,,,,,,,,
Nightmares On Wax,Passion,,,,,,,,,,,,,,,,
Elvis Presley,A Little Less Conversation,,,,,,,,,,,,,,,,
The Cardigans,Do You Believe,,,,,,,,,,,,,,,,
Amiina,Rugla,0.2,0.2,0.0,0.6,0.0,0.0,0.0,0.8,0.0,0.4,0.0,0.0,0.6,0.2,0.0,0.0
Megadeth,She-Wolf,,,,,,,,,,,,,,,,
The Velvet Underground,Here She Comes Now,,,,,,,,,,,,,,,,
The Raveonettes,You Want The Candy,,,,,,,,,,,,,,,,
Anna Ternheim,I'Ll Follow You Tonight,,,,,,,,,,,,,,,,
Brand New,Welcome To Bangkok,,,,,,,,,,,,,,,,
Joan As Police Woman,The Ride,,,,,,,,,,,,,,,,
New Order,Everything'S Gone Green,,,,,,,,,,,,,,,,
Paul Oakenfold,Starry Eyed Surprise,,,,,,,,,,,,,,,,
Dead Can Dance,Rakim,,,,,,,,,,,,,,,,
Evanescence,Eternal,,,,,,,,,,,,,,,,
Jamiroquai,High Times,,,,,,,,,,,,,,,,
Journey,Don'T Stop Believing,,,,,,,,,,,,,,,,
Scar Symmetry,Dreaming 24/7,,,,,,,,,,,,,,,,
Jack Johnson,All At Once,,,,,,,,,,,,,,,,
Jack Johnson,Angel,,,,,,,,,,,,,,,,
She & Him,Change Is Hard,,,,,,,,,,,,,,,,
R.E.M.,Lotus,,,,,,,,,,,,,,,,
Devendra Banhart,The Charles C. Leary,,,,,,,,,,,,,,,,
Avril Lavigne,Mobile,,,,,,,,,,,,,,,,
Ramones,Chain Saw,,,,,,,,,,,,,,,,
Gotan Project,Triptico,,,,,,,,,,,,,,,,
Ramones,Chinese Rock,,,,,,,,,,,,,,,,
Brazilian Girls,Long,,,,,,,,,,,,,,,,
Michael Andrews,Mad World (Feat. Gary Jules),,,,,,,,,,,,,,,,
Bob Marley,Stir It Up,,,,,,,,,,,,,,,,
Bauhaus,Who Killed Mr. Moonlight,,,,,,,,,,,,,,,,
Lynyrd Skynyrd,Gimme Back My Bullets,,,,,,,,,,,,,,,,
Pet Shop Boys,Domino Dancing,,,,,,,,,,,,,,,,
Deerhunter,Providence,,,,,,,,,,,,,,,,
Massive Attack,Weather Storm,,,,,,,,,,,,,,,,
Guns N' Roses,Sorry,,,,,,,,,,,,,,,,
E Nomine,Schwarze Sonne,,,,,,,,,,,,,,,,
Daft Punk,Technologic (Vitalic Remix),,,,,,,,,,,,,,,,
The Jimi Hendrix Experience,May This Be Love,,,,,,,,,,,,,,,,
Modest Mouse,Grey Ice Water,,,,,,,,,,,,,,,,
Limp Bizkit,Livin' It Up,,,,,,,,,,,,,,,,
Kanye West,Heard 'Em Say (Live),,,,,,,,,,,,,,,,
Evanescence,Good Enough,,,,,,,,,,,,,,,,
Of Montreal,An Eluardian Instance,,,,,,,,,,,,,,,,
M83,Car Chase Terror,,,,,,,,,,,,,,,,
Pulp,A Little Soul,,,,,,,,,,,,,,,,
Bad Brains,Attitude,,,,,,,,,,,,,,,,
Bob Dylan,Mississippi,,,,,,,,,,,,,,,,
Paul Mccartney & Wings,Band On The Run,,,,,,,,,,,,,,,,
Beck,Nitemare Hippy Girl,,,,,,,,,,,,,,,,
Kamelot,The Edge Of Paradise,,,,,,,,,,,,,,,,
Menomena,Muscle'N Flo,,,,,,,,,,,,,,,,
My Dying Bride,Love'S Intolerable Pain,,,,,,,,,,,,,,,,
Billie Holiday,These Foolish Things,,,,,,,,,,,,,,,,
Modest Mouse,Might,,,,,,,,,,,,,,,,
The Fiery Furnaces,Asthma Attack,,,,,,,,,,,,,,,,
Bauhaus,Silent Hedges,,,,,,,,,,,,,,,,
Rhapsody Of Fire,Dawn Of Victory (Live),,,,,,,,,,,,,,,,
Eagles Of Death Metal,I Got A Feeling (Just Nineteen),,,,,,,,,,,,,,,,
Babasónicos,Carismático,,,,,,,,,,,,,,,,
Asobi Seksu,Nefi + Girly,,,,,,,,,,,,,,,,
Bonnie 'Prince' Billy,Cursed Sleep,,,,,,,,,,,,,,,,
Bel Canto,Happy Times Fly Fast!,,,,,,,,,,,,,,,,
Vnv Nation,Fearless,,,,,,,,,,,,,,,,
Mando Diao,Little Boy Jr,,,,,,,,,,,,,,,,
Ben Folds Five,One Angry Dwarf And 200 Solemn Faces,,,,,,,,,,,,,,,,
1200 Micrograms,Salvia Divinorum,,,,,,,,,,,,,,,,
Eve 6,Here'S To The Night,,,,,,,,,,,,,,,,
Gorillaz,Latin Simone,,,,,,,,,,,,,,,,
Band Aid Ii,Do They Know It'S Christmas?,,,,,,,,,,,,,,,,
Lacuna Coil,Unspoken,,,,,,,,,,,,,,,,
Tiga,(Far From) Home,,,,,,,,,,,,,,,,
Múm,Random Summer,,,,,,,,,,,,,,,,
Sun Kil Moon,Neverending Math Equation,,,,,,,,,,,,,,,,
Sebastian,Greel,,,,,,,,,,,,,,,,
And One,Goodbye Germany,,,,,,,,,,,,,,,,
Clinic,Walking With Thee,,,,,,,,,,,,,,,,
Aphex Twin,Fenix Funk 5,,,,,,,,,,,,,,,,
Múm,Awake On A Train,,,,,,,,,,,,,,,,
Patrick Wolf,Land'S End,,,,,,,,,,,,,,,,
The Black Keys,Remember When (Side B),,,,,,,,,,,,,,,,
British Sea Power,How Will I Ever Find My Way Home?,,,,,,,,,,,,,,,,
The Black Keys,Lies,,,,,,,,,,,,,,,,
Cat Power,Don'T Explain,0.0,0.0,0.0,0.0,0.0,0.0,0.0,0.0,0.0,1.0,0.0,0.0,0.0,0.0,0.0,0.0
Lemon Jelly,Elements,,,,,,,,,,,,,,,,
Infected Mushroom,In Front Of Me,,,,,,,,,,,,,,,,
Tom Waits,Little Drop Of Poison,,,,,,,,,,,,,,,,
Meat Whiplash,Don'T Slip Up,,,,,,,,,,,,,,,,
Lifehouse,Cling And Clatter,,,,,,,,,,,,,,,,
The Verve,No Knock On My Door,,,,,,,,,,,,,,,,
The Spencer Davis Group,Gimme Some Lovin',,,,,,,,,,,,,,,,
Lamb,Wonder,,,,,,,,,,,,,,,,
Melvins,A History Of Drunks,1.0,1.0,0.0,0.0,1.0,1.0,0.0,0.0,0.0,0.0,0.0,0.0,0.0,0.0,0.8,0.0
Kimya Dawson,I Like Giants,,,,,,,,,,,,,,,,
Against Me!,Up The Cuts,,,,,,,,,,,,,,,,
Babyshambles,I Wish,,,,,,,,,,,,,,,,
Sugababes,Stronger,,,,,,,,,,,,,,,,
Lacuna Coil,Angel'S Punishment,,,,,,,,,,,,,,,,
Queen,Doing All Right,,,,,,,,,,,,,,,,
Adiemus,Adiemus,,,,,,,,,,,,,,,,
The Flaming Lips,The Spiderbite Song,,,,,,,,,,,,,,,,
Pantera,Rise,,,,,,,,,,,,,,,,
Death From Above 1979,Romantic Rights (Erol Alkan'S Love From Below Re-Edit),,,,,,,,,,,,,,,,
Hot Hot Heat,Ladies And Gentlemen,,,,,,,,,,,,,,,,
John Mayer,Clarity,,,,,,,,,,,,,,,,
The Chemical Brothers,Chico'S Groove,,,,,,,,,,,,,,,,
Pantera,Slaughtered,,,,,,,,,,,,,,,,
Pantera,The Great Southern Trendkill,,,,,,,,,,,,,,,,
Type O Negative,Summer Breeze,,,,,,,,,,,,,,,,
Soil,Breaking Me Down,,,,,,,,,,,,,,,,
The Charlatans,Weirdo,,,,,,,,,,,,,,,,
The Human League,Empire State Human,,,,,,,,,,,,,,,,
Death Cab For Cutie,Technicolor Girls,0.6,0.4,0.0,0.4,0.2,0.0,0.8,0.0,0.0,0.0,0.0,0.0,0.0,0.0,0.6,0.0
Before The Dawn,Wrath,,,,,,,,,,,,,,,,
Dir En Grey,C,,,,,,,,,,,,,,,,
Thievery Corporation,The Hong Kong Triad,,,,,,,,,,,,,,,,
Björk,Scatterheart,,,,,,,,,,,,,,,,
Garbage,Fix Me Now,,,,,,,,,,,,,,,,
The 69 Eyes,Rocker,,,,,,,,,,,,,,,,
Cat Power,Great Expectations,,,,,,,,,,,,,,,,
Télépopmusik,Last Train To Wherever,,,,,,,,,,,,,,,,
Against Me!,Slurring The Rhythms,,,,,,,,,,,,,,,,
Social Distortion,Ball And Chain,,,,,,,,,,,,,,,,
Dr. Dre,Forgot About Dre,,,,,,,,,,,,,,,,
Depeche Mode,Insight,,,,,,,,,,,,,,,,
Four Tet,And They All Look Broken Hearted,,,,,,,,,,,,,,,,
The Prodigy,Medusa'S Path,,,,,,,,,,,,,,,,
Kate Bush,Under Ice,,,,,,,,,,,,,,,,
Bob Dylan,You'Re Gonna Make Me Lonesome When You Go,,,,,,,,,,,,,,,,
Billy Talent,Worker Bees,,,,,,,,,,,,,,,,
Him,Lose You Tonight,,,,,,,,,,,,,,,,
Thievery Corporation,Sol Tapado (Feat. Patrick De Santos),,,,,,,,,,,,,,,,
Enya,Shepherd Moons,,,,,,,,,,,,,,,,
Blood Red Shoes,It'S Getting Boring By The Sea,,,,,,,,,,,,,,,,
Lupe Fiasco,Intruder Alert (Feat. Sarah Green),,,,,,,,,,,,,,,,
Gogol Bordello,Tribal Connection,,,,,,,,,,,,,,,,
Coldcut,True Skool,,,,,,,,,,,,,,,,
Bauhaus,Terror Couple Kill Colonel,,,,,,,,,,,,,,,,
Elliott Smith,Looking Over My Shoulder,,,,,,,,,,,,,,,,
Alicia Keys,How Come You Don'T Call Me,,,,,,,,,,,,,,,,
Roxette,Milk And Toast And Honey,,,,,,,,,,,,,,,,
Van Morrison,Sweet Thing,,,,,,,,,,,,,,,,
Say Anything,The Futile,,,,,,,,,,,,,,,,
Chris Garneau,Baby'S Romance,0.0,0.0,0.0,0.2,0.0,0.0,0.0,0.8,0.0,1.0,0.0,0.0,0.0,0.0,0.0,0.0
The Pains Of Being Pure At Heart,Everything With You,,,,,,,,,,,,,,,,
The Wombats,Backfire At The Disco,,,,,,,,,,,,,,,,
Modest Mouse,Talking Shit About A Pretty Sunset,,,,,,,,,,,,,,,,
Benny Benassi,I Love My Sex,,,,,,,,,,,,,,,,
The Specials,Blank Expression,,,,,,,,,,,,,,,,
Ghostface Killah,Be Easy (Feat. Trife),,,,,,,,,,,,,,,,
Bob Marley,Lively Up Yourself,,,,,,,,,,,,,,,,
Motion City Soundtrack,Broken Heart,,,,,,,,,,,,,,,,
Revl9N,Someone Like You,0.8,0.6,1.0,0.4,0.8,0.8,0.0,0.0,0.0,0.0,0.0,0.0,1.0,1.0,0.6,0.0
Inxs,Burn For You,,,,,,,,,,,,,,,,
Kent,Pärlor,,,,,,,,,,,,,,,,
Bel Canto,Le Temps Dégagé,,,,,,,,,,,,,,,,
Bel Canto,Ladonia,,,,,,,,,,,,,,,,
Pinback,Your Sickness,,,,,,,,,,,,,,,,
Crystal Castles,Dolls,,,,,,,,,,,,,,,,
Wu-Tang Clan,Reunited,,,,,,,,,,,,,,,,
The Beta Band,It'S Not Too Beautiful,,,,,,,,,,,,,,,,
Wu-Tang Clan,Triumph,,,,,,,,,,,,,,,,
Vnv Nation,Endless Skies,,,,,,,,,,,,,,,,
Stiff Little Fingers,Alternative Ulster,,,,,,,,,,,,,,,,
Iliketrains,Terra Nova,,,,,,,,,,,,,,,,
Menomena,Air Aid,,,,,,,,,,,,,,,,
Saves The Day,Certain Tragedy,,,,,,,,,,,,,,,,
The Enemy,We'Ll Live And Die In These Towns,,,,,,,,,,,,,,,,
1200 Micrograms,Marijuana,,,,,,,,,,,,,,,,
Stone Temple Pilots,Vasoline,,,,,,,,,,,,,,,,
Avril Lavigne,Anything But Ordinary,,,,,,,,,,,,,,,,
Devendra Banhart,Todo Los Dolores,,,,,,,,,,,,,,,,
Amanda Palmer,Strength Through Music,,,,,,,,,,,,,,,,
Deftones,Kimdracula,,,,,,,,,,,,,,,,
The Cooper Temple Clause,Into My Arms,,,,,,,,,,,,,,,,
She & Him,Take It Back,,,,,,,,,,,,,,,,
M. Ward,Magic Trick,,,,,,,,,,,,,,,,
Sons And Daughters,Medicine,,,,,,,,,,,,,,,,
Sonic Youth,Dripping Dream,,,,,,,,,,,,,,,,
Townes Van Zandt,No Place To Fall,,,,,,,,,,,,,,,,
Guns N' Roses,The Garden,,,,,,,,,,,,,,,,
The Shortwave Set,Just Goes To Show,,,,,,,,,,,,,,,,
Lamb Of God,Walk With Me In Hell,,,,,,,,,,,,,,,,
In Flames,The Hive,,,,,,,,,,,,,,,,
The Kooks,California,,,,,,,,,,,,,,,,
Camille Jones,The Creeps (Fedde Le Grand Remix),,,,,,,,,,,,,,,,
M83,Lower Your Eyelids To Die With The Sun,,,,,,,,,,,,,,,,
Aerosmith,Mama Kin,,,,,,,,,,,,,,,,
宮野真守,Guilty Beauty Love,,,,,,,,,,,,,,,,
Kanye West,Drive Slow,,,,,,,,,,,,,,,,
Cocteau Twins,Ivo,,,,,,,,,,,,,,,,
Kanye West,Coldest Winter,,,,,,,,,,,,,,,,
Roxette,Wish I Could Fly,,,,,,,,,,,,,,,,
Bel Canto,Die Geschichte Einer Mutter,,,,,,,,,,,,,,,,
Alphabeat,Fascination,,,,,,,,,,,,,,,,
Pinback,The Yellow Ones,,,,,,,,,,,,,,,,
Thievery Corporation,Focus On Sight,,,,,,,,,,,,,,,,
Hypocrisy,New World,,,,,,,,,,,,,,,,
Bonnie 'Prince' Billy,Death To Everyone,,,,,,,,,,,,,,,,
No Age,Eraser,,,,,,,,,,,,,,,,
R.E.M.,Sitting Still,,,,,,,,,,,,,,,,
Amerie,Take Control,,,,,,,,,,,,,,,,
Marilyn Manson,Ka-Boom Ka-Boom,,,,,,,,,,,,,,,,
Sonic Youth,Disconnection Notice,,,,,,,,,,,,,,,,
Finntroll,Vargtimmen,,,,,,,,,,,,,,,,
Johnny Cash,I Won'T Back Down,,,,,,,,,,,,,,,,
Public Enemy,Fight The Power,,,,,,,,,,,,,,,,
Echo & The Bunnymen,Never Stop,,,,,,,,,,,,,,,,
Echo & The Bunnymen,A Promise,,,,,,,,,,,,,,,,
Thirteen Senses,Gone,,,,,,,,,,,,,,,,
The Presets,Yippiyo-Ay,,,,,,,,,,,,,,,,
The Cardigans,Fine,,,,,,,,,,,,,,,,
Britney Spears,Quicksand,,,,,,,,,,,,,,,,
The Russian Futurists,Let'S Get Ready To Crumble,,,,,,,,,,,,,,,,
The Rosebuds,Leaves Do Fall,,,,,,,,,,,,,,,,
The Hold Steady,One For The Cutters,,,,,,,,,,,,,,,,
Frightened Rabbit,Good Arms Vs. Bad Arms,,,,,,,,,,,,,,,,
Ac/Dc,Fire Your Guns,,,,,,,,,,,,,,,,
Ben Kweller,How It Should Be (Sha Sha),,,,,,,,,,,,,,,,
Kanye West,My Way Home (Feat. Common),0.0,0.0,0.6,0.0,0.0,0.0,0.0,0.0,0.0,0.0,0.0,0.0,0.0,0.0,0.6,0.0
Chromeo,Woman Friend,,,,,,,,,,,,,,,,
My Morning Jacket,It Beats For You,,,,,,,,,,,,,,,,
Weezer,Crab,,,,,,,,,,,,,,,,
Crystal Castles,Xxzxczx Me,,,,,,,,,,,,,,,,
Ulrich Schnauss,Gone Forever,,,,,,,,,,,,,,,,
Alan Braxe & Fred Falke,Intro,,,,,,,,,,,,,,,,
Sting,Every Breath You Take,,,,,,,,,,,,,,,,
Cascada,Everytime We Touch (Radio Mix),,,,,,,,,,,,,,,,
Son Volt,Drown,,,,,,,,,,,,,,,,
Le Tigre,Don'T Drink Poison,,,,,,,,,,,,,,,,
The Clash,Bankrobber,,,,,,,,,,,,,,,,
The Smashing Pumpkins,Tales Of A Scorched Earth,,,,,,,,,,,,,,,,
Ride,Taste,,,,,,,,,,,,,,,,
Jack Johnson,Sleep Through The Static,,,,,,,,,,,,,,,,
Kubb,Wicked Soul,,,,,,,,,,,,,,,,
Sloan,Flying High Again,,,,,,,,,,,,,,,,
Holger Czukay,Fragrance,,,,,,,,,,,,,,,,
Ministry,Lay Lady Lay,,,,,,,,,,,,,,,,
Tristania,Tender Trip On Earth,,,,,,,,,,,,,,,,
Mates Of State,Beautiful Dreamer,,,,,,,,,,,,,,,,
Devotchka,You Love Me,,,,,,,,,,,,,,,,
R.E.M.,Star Me Kitten,,,,,,,,,,,,,,,,
Dashboard Confessional,The Best Deceptions,,,,,,,,,,,,,,,,
Shakira,Dreams For Plans,,,,,,,,,,,,,,,,
Shitdisco,Ok,,,,,,,,,,,,,,,,
Arab Strap,Don'T Ask Me To Dance,,,,,,,,,,,,,,,,
Ride,Kaleidoscope,,,,,,,,,,,,,,,,
Iggy Pop,Sister Midnight,,,,,,,,,,,,,,,,
Will.I.Am,Heartbreaker,,,,,,,,,,,,,,,,
Will.I.Am,I Got It From My Mama,,,,,,,,,,,,,,,,
Amy Winehouse,Monkey Man,,,,,,,,,,,,,,,,
Built To Spill,The Wait,,,,,,,,,,,,,,,,
The Raveonettes,Sleepwalking,,,,,,,,,,,,,,,,
Rufus Wainwright,The Tower Of Learning,,,,,,,,,,,,,,,,
Girl Talk,Non-Stop Party Now,,,,,,,,,,,,,,,,
Mark Ronson,Oh My God (Feat. Lily Allen),,,,,,,,,,,,,,,,
Savage Garden,Tears Of Pearls,,,,,,,,,,,,,,,,
Matisyahu,Youth,,,,,,,,,,,,,,,,
Carola,Evighet,,,,,,,,,,,,,,,,
Puscifer,Queen B,,,,,,,,,,,,,,,,
Blur,Sweet Song,,,,,,,,,,,,,,,,
Okkervil River,Red,,,,,,,,,,,,,,,,
Shpongle,Levitation Nation,,,,,,,,,,,,,,,,
Sonata Arctica,My Land,,,,,,,,,,,,,,,,
Guns N' Roses,Black Leather,,,,,,,,,,,,,,,,
Ted Leo And The Pharmacists,The Ballad Of The Sin Eater,,,,,,,,,,,,,,,,
Loreena Mckennitt,Prologue,,,,,,,,,,,,,,,,
Pete Yorn,Just Another,,,,,,,,,,,,,,,,
Machinae Supremacy,Conveyer,,,,,,,,,,,,,,,,
Antony And The Johnsons,Aeon,,,,,,,,,,,,,,,,
Black Mountain,Stay Free,0.8,0.6,0.0,0.4,0.8,0.6,0.2,0.0,0.0,0.0,0.6,0.0,0.6,0.4,0.8,0.0
Ac/Dc,Money Talks,,,,,,,,,,,,,,,,
Tristania,My Lost Lenore,,,,,,,,,,,,,,,,
Blackmore'S Night,I Still Remember,0.0,0.0,0.0,0.8,0.2,0.0,1.0,0.8,0.0,0.0,0.0,0.0,0.0,0.0,0.4,0.0
Carcass,Arbeit Macht Fleisch,,,,,,,,,,,,,,,,
Primal Scream,Miss Lucifer,,,,,,,,,,,,,,,,
Motörhead,Stay Clean,,,,,,,,,,,,,,,,
Stereophonics,Hurry Up And Wait,,,,,,,,,,,,,,,,
Goran Bregović,Ederlezi,,,,,,,,,,,,,,,,
Something Corporate,Walking By,,,,,,,,,,,,,,,,
Citizen Cope,Sideways,,,,,,,,,,,,,,,,
Ride,Leave Them All Behind,,,,,,,,,,,,,,,,
Husky Rescue,Nightless Night,,,,,,,,,,,,,,,,
Combichrist,Play Dead,,,,,,,,,,,,,,,,
Queen,My Fairy King,,,,,,,,,,,,,,,,
The Future Sound Of London,We Have Explosive,,,,,,,,,,,,,,,,
Oasis,Underneath The Sky,,,,,,,,,,,,,,,,
Cake,Jolene,,,,,,,,,,,,,,,,
Tomcraft,Loneliness,,,,,,,,,,,,,,,,
Fall Out Boy,Calm Before The Storm,,,,,,,,,,,,,,,,
Fall Out Boy,Dead On Arrival,,,,,,,,,,,,,,,,
Clor,Outlines,,,,,,,,,,,,,,,,
Rammstein,Bück Dich,,,,,,,,,,,,,,,,
Mindless Self Indulgence,Faggot,,,,,,,,,,,,,,,,
Graham Coxon,Bittersweet Bundle Of Misery,,,,,,,,,,,,,,,,
Travis,Why Does It Always Rain On Me,,,,,,,,,,,,,,,,
Sarah Mclachlan,World On Fire,,,,,,,,,,,,,,,,
Sarbel,Yassou Maria,,,,,,,,,,,,,,,,
Tiamat,Divided,,,,,,,,,,,,,,,,
Hall & Oates,Rich Girl,,,,,,,,,,,,,,,,
Armand Van Helden,My My My,,,,,,,,,,,,,,,,
Nada Surf,Popular,,,,,,,,,,,,,,,,
The Young Knives,Part Timer,,,,,,,,,,,,,,,,
The Avalanches,Pablo'S Cruise,,,,,,,,,,,,,,,,
Muse,Yes Please,,,,,,,,,,,,,,,,
Dntel,Anywhere Anyone,,,,,,,,,,,,,,,,
Blue October,Calling You,,,,,,,,,,,,,,,,
Caribou,Brahminy Kite,,,,,,,,,,,,,,,,
Dolores O'Riordan,Ordinary Day,,,,,,,,,,,,,,,,
Syd Barrett,Octopus,,,,,,,,,,,,,,,,
Sarah Mclachlan,Stupid,,,,,,,,,,,,,,,,
Soundgarden,Mailman,1.0,0.8,0.0,0.4,1.0,1.0,0.0,0.0,0.0,0.0,0.0,0.0,0.0,0.0,0.8,0.0
Pink Floyd,Get Your Filthy Hands Off My Desert,,,,,,,,,,,,,,,,
Tenacious D,Rock Your Socks,,,,,,,,,,,,,,,,
The Coral,Shadows Fall,,,,,,,,,,,,,,,,
Pain Of Salvation,This Heart Of Mine (I Pledge),,,,,,,,,,,,,,,,
The Who,Eyesight To The Blind (The Hawker),,,,,,,,,,,,,,,,
Iron Maiden,Face In The Sand,,,,,,,,,,,,,,,,
Queens Of The Stone Age,A Song For The Deaf,,,,,,,,,,,,,,,,
Dubstar,Stars,,,,,,,,,,,,,,,,
Gomez,Chasing Ghosts With Alcohol,,,,,,,,,,,,,,,,
Thievery Corporation,Samba Tranquille,,,,,,,,,,,,,,,,
Lamb Of God,Ashes Of The Wake,,,,,,,,,,,,,,,,
Neil Young,Rockin' In The Free World,,,,,,,,,,,,,,,,
Union Of Knives,Evil Has Never,0.6,0.4,0.8,0.4,0.6,0.6,0.2,0.0,0.0,0.0,0.0,0.0,0.8,0.8,0.6,0.0
Peeping Tom,Mojo (Feat. Rahzel And Dan The Automator),,,,,,,,,,,,,,,,
Bon Jovi,Living On A Prayer,,,,,,,,,,,,,,,,
The Black Angels,You In Color,,,,,,,,,,,,,,,,
Onerepublic,Come Home,,,,,,,,,,,,,,,,
Rush,The Main Monkey Business,,,,,,,,,,,,,,,,
Queen,You Don'T Fool Me,,,,,,,,,,,,,,,,
Tina Turner,What'S Love Got To Do With It,,,,,,,,,,,,,,,,
Dub Pistols,Cyclone,,,,,,,,,,,,,,,,
Annie,Heartbeat (Alan Braxe Remix),,,,,,,,,,,,,,,,
Tv On The Radio,Young Liars,,,,,,,,,,,,,,,,
Emilíana Torrini,Fisherman'S Woman,,,,,,,,,,,,,,,,
Rush,Tears,,,,,,,,,,,,,,,,
Emilie Autumn,Unlaced,,,,,,,,,,,,,,,,
Idlewild,No Emotion,,,,,,,,,,,,,,,,
The Gathering,Stonegarden (2003),,,,,,,,,,,,,,,,
Poets Of The Fall,Lift,,,,,,,,,,,,,,,,
The Jimi Hendrix Experience,Foxy Lady,,,,,,,,,,,,,,,,
Electric Six,Improper Dancing,,,,,,,,,,,,,,,,
Dean Martin,Sway,,,,,,,,,,,,,,,,
Nico,I'Ll Keep It With Mine,,,,,,,,,,,,,,,,
Pet Shop Boys,What Have I Done To Deserve This?,,,,,,,,,,,,,,,,
Someone Still Loves You Boris Yeltsin,I Am Warm & Powerful,,,,,,,,,,,,,,,,
Magazine,The Light Pours Out Of Me,,,,,,,,,,,,,,,,
Bitter:Sweet,Moody,,,,,,,,,,,,,,,,
Guns N' Roses,Garden Of Eden,,,,,,,,,,,,,,,,
Glasvegas,Go Square Go,,,,,,,,,,,,,,,,
Red House Painters,Brockwell Park,,,,,,,,,,,,,,,,
Skold,Remember,,,,,,,,,,,,,,,,
Judas Priest,Ram It Down,,,,,,,,,,,,,,,,
Black Lips,Bad Kids,,,,,,,,,,,,,,,,
Misfits,Helena,,,,,,,,,,,,,,,,
Incubus,Have You Ever,,,,,,,,,,,,,,,,
Ben Folds,Gracie,,,,,,,,,,,,,,,,
Leonel Nunes,Mulher Ingrata,,,,,,,,,,,,,,,,
Helloween,Future World,,,,,,,,,,,,,,,,
Weezer,My Best Friend,,,,,,,,,,,,,,,,
James Brown,Papa'S Got A Brand New Bag,,,,,,,,,,,,,,,,
4 Non Blondes,What'S Up?,,,,,,,,,,,,,,,,
Lifehouse,Take Me Away,,,,,,,,,,,,,,,,
Burial,Homeless,,,,,,,,,,,,,,,,
Rainbow,Since You'Ve Been Gone,,,,,,,,,,,,,,,,
Genesis,Abacab,,,,,,,,,,,,,,,,
The National,About Today,,,,,,,,,,,,,,,,
Rilo Kiley,Give A Little Love,,,,,,,,,,,,,,,,
Kill Hannah,Believer,,,,,,,,,,,,,,,,
Étienne Daho,Week-End À Rome,,,,,,,,,,,,,,,,
Morrissey,Glamorous Glue,,,,,,,,,,,,,,,,
Azure Ray,For No One,,,,,,,,,,,,,,,,
Robots In Disguise,Hot Gossip,,,,,,,,,,,,,,,,
Wilco,Monday,,,,,,,,,,,,,,,,
Skinny Puppy,Testure,,,,,,,,,,,,,,,,
Madonna,Spanish Lesson,,,,,,,,,,,,,,,,
Afx,Batine Acid,,,,,,,,,,,,,,,,
Robert Plant & Alison Krauss,Sister Rosetta Goes Before Us,,,,,,,,,,,,,,,,
Cat Power,Song To Bobby,,,,,,,,,,,,,,,,
Afx,Crying In Your Face,,,,,,,,,,,,,,,,
Marilyn Manson,Are You The Rabbit?,,,,,,,,,,,,,,,,
Amusement Parks On Fire,Venus In Cancer,,,,,,,,,,,,,,,,
3 Doors Down,Ticket To Heaven,,,,,,,,,,,,,,,,
Agathodaimon,An Angel'S Funeral,,,,,,,,,,,,,,,,
The Charlatans,My Beautiful Friend,,,,,,,,,,,,,,,,
Death Cab For Cutie,Hindsight,,,,,,,,,,,,,,,,
Weezer,Hold Me,,,,,,,,,,,,,,,,
Leonard Cohen,Master Song,,,,,,,,,,,,,,,,
Mystery Jets,Veiled In Grey,,,,,,,,,,,,,,,,
The Lemonheads,It'S A Shame About Ray,,,,,,,,,,,,,,,,
Alice In Chains,Sludge Factory,,,,,,,,,,,,,,,,
Nick Cave & The Bad Seeds,I Let Love In,,,,,,,,,,,,,,,,
The Fall Of Troy,F.C.P.R.E.M.I.X.,,,,,,,,,,,,,,,,
Myslovitz,Sprzedawcy Marzeń,,,,,,,,,,,,,,,,
Diablo,The Preacher,,,,,,,,,,,,,,,,
Death,Spirit Crusher,,,,,,,,,,,,,,,,
Paradise Lost,Ash & Debris,,,,,,,,,,,,,,,,
Phoenix,I'M An Actor,,,,,,,,,,,,,,,,
Snow Patrol,Days Without Paracetamol,,,,,,,,,,,,,,,,
Nas,Represent,,,,,,,,,,,,,,,,
Adult.,Glue Your Eyelids Together,,,,,,,,,,,,,,,,
Sara Bareilles,Between The Lines,,,,,,,,,,,,,,,,
Erykah Badu,Certainly,,,,,,,,,,,,,,,,
Tool,Cold And Ugly,,,,,,,,,,,,,,,,
Saosin,I Never Wanted To,,,,,,,,,,,,,,,,
Jolie Holland,Springtime Can Kill You,,,,,,,,,,,,,,,,
David Guetta,Love Is Gone,,,,,,,,,,,,,,,,
The Mamas & The Papas,Dedicated To The One I Love,,,,,,,,,,,,,,,,
Iamx,You Stick It In Me,,,,,,,,,,,,,,,,
The Who,Going Mobile,,,,,,,,,,,,,,,,
*Nsync,It'S Gonna Be Me,0.6,0.4,1.0,0.4,0.0,0.0,0.0,0.0,0.0,0.0,0.0,0.0,0.8,0.8,0.6,0.0
Athlete,Modern Mafia,,,,,,,,,,,,,,,,
田中理恵,Quiet Night C.E. 73,,,,,,,,,,,,,,,,
The Kinks,Death Of A Clown,,,,,,,,,,,,,,,,
Queens Of The Stone Age,God Is In The Radio,,,,,,,,,,,,,,,,
Peaches,Set It Off,,,,,,,,,,,,,,,,
Thrice,Stare At The Sun,,,,,,,,,,,,,,,,
Beck,Beercan,,,,,,,,,,,,,,,,
Lucky Twice,Lucky,,,,,,,,,,,,,,,,
At The Gates,Into The Dead Sky,,,,,,,,,,,,,,,,
Afi,Rabbits Are Roadkill On Rt. 37,,,,,,,,,,,,,,,,
Red Hot Chili Peppers,Savior,,,,,,,,,,,,,,,,
Him,Resurrection,,,,,,,,,,,,,,,,
Maná,Ojalá Pudiera Borrarte,,,,,,,,,,,,,,,,
Pearl Jam,Inside Job,,,,,,,,,,,,,,,,
Iamx,Heatwave,,,,,,,,,,,,,,,,
Beth Gibbons & Rustin Man,Show,,,,,,,,,,,,,,,,
Dream Theater,New Millennium,,,,,,,,,,,,,,,,
Bat For Lashes,Two Planets,,,,,,,,,,,,,,,,
Foo Fighters,Lonely As You,,,,,,,,,,,,,,,,
Yellowcard,Believe,,,,,,,,,,,,,,,,
Scorpions,Loving You Sunday Morning,,,,,,,,,,,,,,,,
Muscles,Sweaty,,,,,,,,,,,,,,,,
Green Day,Hitchin' A Ride,,,,,,,,,,,,,,,,
Augustana,Wasteland,,,,,,,,,,,,,,,,
Suede,Breakdown,,,,,,,,,,,,,,,,
Wire,Lowdown,,,,,,,,,,,,,,,,
Grandaddy,Rear View Mirror,,,,,,,,,,,,,,,,
Porcupine Tree,Stranger By The Minute,,,,,,,,,,,,,,,,
The Magnetic Fields,The Cactus Where Your Heart Should Be,,,,,,,,,,,,,,,,
Miles Davis,Jeru,,,,,,,,,,,,,,,,
Nada Surf,Blonde On Blonde,,,,,,,,,,,,,,,,
The Decemberists,Sons And Daughters,,,,,,,,,,,,,,,,
Scouting For Girls,It'S Not About You,,,,,,,,,,,,,,,,
Metallica,Ronnie,,,,,,,,,,,,,,,,
Beyoncé,Listen,,,,,,,,,,,,,,,,
September,Cry For You (Single Edit),,,,,,,,,,,,,,,,
Gavin Degraw,Chariot,,,,,,,,,,,,,,,,
Los Hermanos,Morena,,,,,,,,,,,,,,,,
Siouxsie And The Banshees,The Killing Jar,,,,,,,,,,,,,,,,
Zeigeist,Cuffs,,,,,,,,,,,,,,,,
Grandaddy,Jeez Louise,0.8,0.4,0.4,0.2,0.8,0.8,0.0,0.0,0.0,0.0,0.6,0.0,0.8,0.6,0.6,0.0
Bono & Secret Machines,I Am The Walrus,,,,,,,,,,,,,,,,
Yazoo,Nobody'S Diary,,,,,,,,,,,,,,,,
Farben Lehre,Rozkołysanka,,,,,,,,,,,,,,,,
Bonobo,If You Stayed Over (Feat. Fink),,,,,,,,,,,,,,,,
Spiritualized,Stay With Me,,,,,,,,,,,,,,,,
The Streets,Wouldn'T Have It Any Other Way,,,,,,,,,,,,,,,,
The Gathering,Even The Spirits Are Afraid,,,,,,,,,,,,,,,,
M. Ward,Outta My Head,,,,,,,,,,,,,,,,
Beirut,My Family'S Role In The World Revolution,0.4,0.2,0.0,0.6,0.0,0.0,0.2,0.2,0.8,0.4,0.0,0.0,0.0,0.0,0.4,0.0
Howling Bells,The Bell Hit,,,,,,,,,,,,,,,,
Ok Go,Crash The Party,,,,,,,,,,,,,,,,
Groove Armada,I See You Baby (Fatboy Slim Radio Edit),,,,,,,,,,,,,,,,
Athlete,I Love,,,,,,,,,,,,,,,,
Deathstars,Synthetic Generation,,,,,,,,,,,,,,,,
St. Vincent,Paris Is Burning,,,,,,,,,,,,,,,,
Britney Spears,Bombastic Love,,,,,,,,,,,,,,,,
R.E.M.,Crush With Eyeliner,,,,,,,,,,,,,,,,
The Rolling Stones,Midnight Rambler,,,,,,,,,,,,,,,,
Foo Fighters,Home,,,,,,,,,,,,,,,,
Blink-182,Reckless Abandon,,,,,,,,,,,,,,,,
Bonobo,Dismantling Frank,,,,,,,,,,,,,,,,
Voxtrot,Missing Pieces,,,,,,,,,,,,,,,,
Grandaddy,Summer Here Kids,,,,,,,,,,,,,,,,
Super Junior,돈 돈! (Don'T Don),,,,,,,,,,,,,,,,
Milburn,Cheshire Cat Smile,,,,,,,,,,,,,,,,
Supergrass,Diamond Hoo Ha Man,,,,,,,,,,,,,,,,
Helios,Coast Off,,,,,,,,,,,,,,,,
The Drill,The Drill,,,,,,,,,,,,,,,,
Sculptured,Snow Covers All,,,,,,,,,,,,,,,,
Sean Lennon,Dead Meat,0.6,0.4,0.0,0.4,0.4,0.2,0.6,0.2,0.0,0.6,0.0,0.0,0.0,0.0,0.6,0.0
Poisonblack,With Her I Die,,,,,,,,,,,,,,,,
Boards Of Canada,A Is To B As B Is To C,,,,,,,,,,,,,,,,
The Beatles,I'Ll Cry Instead,,,,,,,,,,,,,,,,
Mates Of State,Like U Crazy,,,,,,,,,,,,,,,,
Cliff Martinez,First Sleep,,,,,,,,,,,,,,,,
Hanoi Rocks,Tragedy,0.8,0.6,0.0,0.4,0.8,0.6,0.2,0.0,0.0,0.0,0.2,0.0,0.2,0.2,0.8,0.0
Poison,I Won'T Forget You,,,,,,,,,,,,,,,,
Silverchair,Abuse Me,,,,,,,,,,,,,,,,
The Maccabees,Lego,,,,,,,,,,,,,,,,
Foo Fighters,The One,,,,,,,,,,,,,,,,
Ensiferum,Intro,,,,,,,,,,,,,,,,
The Cranberries,You And Me,,,,,,,,,,,,,,,,
Sinéad O'Connor,Nothing Compares To You,,,,,,,,,,,,,,,,
Chemistry,Top Of The World,,,,,,,,,,,,,,,,
:Wumpscut:,Embryodead,,,,,,,,,,,,,,,,
Larrikin Love,Downing Street Kindling,,,,,,,,,,,,,,,,
The Jesus And Mary Chain,Down On Me,,,,,,,,,,,,,,,,
Leaves' Eyes,Temptation,,,,,,,,,,,,,,,,
The Jesus And Mary Chain,Far Gone And Out,,,,,,,,,,,,,,,,
Tunng,Woodcat,,,,,,,,,,,,,,,,
St. Germain,La Goutte D'Or,,,,,,,,,,,,,,,,
The White Stripes,A Boy'S Best Friend,,,,,,,,,,,,,,,,
Gojira,Ocean Planet,,,,,,,,,,,,,,,,
Type O Negative,Die With Me,,,,,,,,,,,,,,,,
Riverside,Stuck Between,,,,,,,,,,,,,,,,
Elbow,Friend Of Ours,,,,,,,,,,,,,,,,
Yo La Tengo,The Summer,,,,,,,,,,,,,,,,
Radiohead,Permanent Daylight,,,,,,,,,,,,,,,,
Tom Waits,Frank'S Wild Years,,,,,,,,,,,,,,,,
Norah Jones,In The Morning,,,,,,,,,,,,,,,,
Pearl Jam,Betterman,,,,,,,,,,,,,,,,
Go-Go'S,Our Lips Are Sealed,,,,,,,,,,,,,,,,
Eels,Selective Memory,,,,,,,,,,,,,,,,
Justin Timberlake,Lovestoned,,,,,,,,,,,,,,,,
Enya,It'S In The Rain,,,,,,,,,,,,,,,,
Coheed And Cambria,Always & Never,,,,,,,,,,,,,,,,
Beirut,La Llorona,,,,,,,,,,,,,,,,
Soilwork,20 More Miles,,,,,,,,,,,,,,,,
Depeche Mode,Lovetheme,,,,,,,,,,,,,,,,
Doves,Friday'S Dust,,,,,,,,,,,,,,,,
Katatonia,Cold Ways,,,,,,,,,,,,,,,,
David Bowie,Sense Of Doubt,0.2,0.0,0.0,0.0,0.0,0.0,0.0,0.6,0.0,0.0,0.0,0.0,0.8,0.4,0.0,0.0
Nine Inch Nails,Piggy (Nothing Can Stop Me Now),,,,,,,,,,,,,,,,
The Cure,A Reflection,,,,,,,,,,,,,,,,
Joe Cocker,You Can Leave Your Hat On,,,,,,,,,,,,,,,,
Basement Jaxx,Hey U,,,,,,,,,,,,,,,,
Depeche Mode,Comatose,,,,,,,,,,,,,,,,
Sentenced,Drown Together,,,,,,,,,,,,,,,,
The 69 Eyes,From Dusk Till Dawn,,,,,,,,,,,,,,,,
Katie Melua,Blue Shoes,,,,,,,,,,,,,,,,
Amon Tobin,Ever Falling,,,,,,,,,,,,,,,,
Enya,Book Of Days,,,,,,,,,,,,,,,,
Wednesday 13,Look What The Bats Dragged In,,,,,,,,,,,,,,,,
Cock Robin,A Little Innocence,,,,,,,,,,,,,,,,
Machine Head,Now I Lay Thee Down,,,,,,,,,,,,,,,,
Just Jack,Writer'S Block,,,,,,,,,,,,,,,,
Blind Guardian,Otherland,,,,,,,,,,,,,,,,
Ｃｈｅｍｉｓｔｒｙ/Crystal Kay,Two As One -Chemistry × Crystal Kay,,,,,,,,,,,,,,,,
Alice Cooper,Under My Wheels,,,,,,,,,,,,,,,,
Lacuna Coil,Comalies,,,,,,,,,,,,,,,,
Matchbox Twenty,Long Day,,,,,,,,,,,,,,,,
Biffy Clyro,Living Is A Problem Because Everything Dies,,,,,,,,,,,,,,,,
Madonna,Hollywood,,,,,,,,,,,,,,,,
The 69 Eyes,Stolen Season,,,,,,,,,,,,,,,,
Conjure One,Tears From The Moon,,,,,,,,,,,,,,,,
Kate Bush,Joanni,,,,,,,,,,,,,,,,
Pavement,Two States,,,,,,,,,,,,,,,,
Erasure,Always,,,,,,,,,,,,,,,,
Vast,I'M Dying,,,,,,,,,,,,,,,,
Lacuna Coil,Stars,,,,,,,,,,,,,,,,
Underoath,I Don'T Feel Very Receptive Today,,,,,,,,,,,,,,,,
Dragonette,Competition,,,,,,,,,,,,,,,,
Ian Van Dahl,Castles In The Sky,0.6,0.4,1.0,0.4,0.0,0.0,0.0,0.0,0.0,0.0,0.0,0.0,1.0,0.8,0.0,0.0
The Dodos,Eyelids,,,,,,,,,,,,,,,,
Katatonia,A Darkness Coming,,,,,,,,,,,,,,,,
Depeche Mode,Higher Love,,,,,,,,,,,,,,,,
Kraftwerk,Elektro Kardiogramm,,,,,,,,,,,,,,,,
The Cult,Love Removal Machine,,,,,,,,,,,,,,,,
Sufjan Stevens,No Man'S Land,,,,,,,,,,,,,,,,
Alice Cooper,Feed My Frankenstein,,,,,,,,,,,,,,,,
In Flames,Everything Counts,,,,,,,,,,,,,,,,
Black Rebel Motorcycle Club,Open Invitation,,,,,,,,,,,,,,,,
Broken Social Scene,Market Fresh,,,,,,,,,,,,,,,,
Junior Jack,Thrill Me,,,,,,,,,,,,,,,,
Dio,Don'T Talk To Strangers,,,,,,,,,,,,,,,,
Dangerdoom,Space Ho'S,,,,,,,,,,,,,,,,
The Chemical Brothers,Fuck Up Beats,,,,,,,,,,,,,,,,
Alanis Morissette,Joining You,,,,,,,,,,,,,,,,
Adam And The Ants,Dog Eat Dog,,,,,,,,,,,,,,,,
Story One,Lanes,,,,,,,,,,,,,,,,
José González,The Nest,,,,,,,,,,,,,,,,
Ladytron,Cease2Xist,,,,,,,,,,,,,,,,
Thirteen Senses,Do No Wrong,,,,,,,,,,,,,,,,
Andy Mckee,Art Of Motion,,,,,,,,,,,,,,,,
Bob Marley & The Wailers,No Woman No Cry,,,,,,,,,,,,,,,,
Anberlin,The Feel Good Drag,,,,,,,,,,,,,,,,
Sun Kil Moon,Trucker'S Atlas,,,,,,,,,,,,,,,,
British Sea Power,Like A Honeycomb,,,,,,,,,,,,,,,,
Moonsorrow,Kivenkantaja,,,,,,,,,,,,,,,,
Dangerdoom,Benzie Box (Feat. Cee-Lo),0.2,0.2,0.8,0.6,0.0,0.0,0.0,0.0,0.0,0.0,0.0,0.0,0.4,0.4,0.6,0.0
The Chemical Brothers,Hold Tight London,,,,,,,,,,,,,,,,
The Jesus And Mary Chain,Something'S Wrong,,,,,,,,,,,,,,,,
The Black Keys,Remember When (Side A),,,,,,,,,,,,,,,,
Infected Mushroom,Converting Vegetarians,,,,,,,,,,,,,,,,
Infected Mushroom,Heavyweight,,,,,,,,,,,,,,,,
Guided By Voices,A Salty Salute,,,,,,,,,,,,,,,,
Before The Dawn,Fear Me,,,,,,,,,,,,,,,,
Godsmack,I Fucking Hate You,,,,,,,,,,,,,,,,
Lamb,Gold,,,,,,,,,,,,,,,,
Kim Wilde,You Came,,,,,,,,,,,,,,,,
笠松広司,Kaishou,0.6,0.4,0.0,0.6,0.4,0.2,0.8,0.6,0.0,0.6,0.0,0.0,0.8,0.4,0.6,0.0
Jet,Last Chance,,,,,,,,,,,,,,,,
The Dandy Warhols,Good Morning,,,,,,,,,,,,,,,,
Midnight Juggernauts,Nine Lives,,,,,,,,,,,,,,,,
The Dandy Warhols,Be-In,,,,,,,,,,,,,,,,
Metallica,Tuesday'S Gone,,,,,,,,,,,,,,,,
Cat Power,Kingsport Town,,,,,,,,,,,,,,,,
Dangerdoom,A.T.H.F.,,,,,,,,,,,,,,,,
Múm,There Is A Number Of Small Things,,,,,,,,,,,,,,,,
Bob Marley & The Wailers,No Woman No Cry (Live),,,,,,,,,,,,,,,,
Metallica,Thorn Within,,,,,,,,,,,,,,,,
The Knife,Real Life Television,,,,,,,,,,,,,,,,
Sunset Swish,My Pace,,,,,,,,,,,,,,,,
Garbage,Nobody Loves You,,,,,,,,,,,,,,,,
Dan Le Sac Vs. Scroobius Pip,Thou Shalt Always Kill,,,,,,,,,,,,,,,,
Butthole Surfers,Human Cannonball,,,,,,,,,,,,,,,,
The Dandy Warhols,Orange,,,,,,,,,,,,,,,,
Gravy Train!!!!,Hella Nervous,,,,,,,,,,,,,,,,
Colleen,Your Heart On Your Sleeve,,,,,,,,,,,,,,,,
Sufjan Stevens,Concerning The Ufo Sightings,,,,,,,,,,,,,,,,
The Gun Club,Sex Beat,,,,,,,,,,,,,,,,
Le Sport,Your Brother Is My Only Hope,,,,,,,,,,,,,,,,
雅-Miyavi-,Hime,,,,,,,,,,,,,,,,
Atb,Humanity (Live Video Edit),,,,,,,,,,,,,,,,
M. Ward,Requiem,,,,,,,,,,,,,,,,
The Notwist,Sleep,,,,,,,,,,,,,,,,
Guano Apes,You Can'T Stop Me,,,,,,,,,,,,,,,,
Kraftwerk,Metropolis,,,,,,,,,,,,,,,,
Within Temptation,Final Destination,,,,,,,,,,,,,,,,
Kraak & Smaak,Squeeze Me,,,,,,,,,,,,,,,,
The Black Keys,Just Got To Be,,,,,,,,,,,,,,,,
British Sea Power,Down On The Ground,,,,,,,,,,,,,,,,
Ben Harper,Morning Yearning,,,,,,,,,,,,,,,,
R.E.M.,(Don'T Go Back To) Rockville,,,,,,,,,,,,,,,,
Between The Buried And Me,Croakies And Boatshoes,,,,,,,,,,,,,,,,
Zero 7,Salt Water Sound,,,,,,,,,,,,,,,,
Andy Mckee,When She Cries,,,,,,,,,,,,,,,,
Green Carnation,Alone,,,,,,,,,,,,,,,,
Clutch,10001110101,,,,,,,,,,,,,,,,
Autolux,Plantlife,,,,,,,,,,,,,,,,
Malajube,Étienne D'Août,,,,,,,,,,,,,,,,
Jefferson Airplane,It'S No Secret,,,,,,,,,,,,,,,,
Iced Earth,I Died For You,,,,,,,,,,,,,,,,
Bloodbath,Buried By The Dead,,,,,,,,,,,,,,,,
The Cribs,We Can No Longer Cheat You,,,,,,,,,,,,,,,,
Squeeze,Cool For Cats,,,,,,,,,,,,,,,,
Bell X1,In Every Sunflower,,,,,,,,,,,,,,,,
Toots & The Maytals,54-46 Was My Number,,,,,,,,,,,,,,,,
The The,This Is The Day,,,,,,,,,,,,,,,,
Enya,Wild Child,0.0,0.0,0.0,0.4,0.0,0.0,0.0,1.0,0.0,0.0,0.0,0.0,0.8,0.2,0.0,0.0
Cary Brothers,Ride,,,,,,,,,,,,,,,,
Janet Jackson,All Nite (Don'T Stop),,,,,,,,,,,,,,,,
Enya,The River Sings,,,,,,,,,,,,,,,,
Benassi Bros.,Every Single Day,,,,,,,,,,,,,,,,
Orchestral Manoeuvres In The Dark,Messages,,,,,,,,,,,,,,,,
Aphex Twin,Ventolin (Video Version),,,,,,,,,,,,,,,,
The Chemical Brothers,The Boxer,,,,,,,,,,,,,,,,
Mates Of State,Parachutes (Funeral Song),,,,,,,,,,,,,,,,
Radiohead,Melatonin,,,,,,,,,,,,,,,,
The White Stripes,Aluminum,,,,,,,,,,,,,,,,
Agalloch,You Were But A Ghost In My Arms,,,,,,,,,,,,,,,,
The Music,Breakin',1.0,0.8,0.0,0.2,1.0,0.8,0.0,0.0,0.0,0.0,0.0,0.0,0.4,0.4,0.8,0.0
The Mountain Goats,Woke Up New,,,,,,,,,,,,,,,,
Ferry Corsten,Beautiful,,,,,,,,,,,,,,,,
The Dandy Warhols,I Love You,,,,,,,,,,,,,,,,
Health,Triceratops (Cfcf Remix),,,,,,,,,,,,,,,,
Manic Street Preachers,She Is Suffering,,,,,,,,,,,,,,,,
Black Star,Re:Definition,,,,,,,,,,,,,,,,
Poison,Suffragette City,,,,,,,,,,,,,,,,
Nelly Furtado,Let My Hair Down,,,,,,,,,,,,,,,,
Erasure,Sometimes,,,,,,,,,,,,,,,,
Jonas Brothers,One Man Show,,,,,,,,,,,,,,,,
Four Tet,A Joy,0.6,0.4,1.0,0.4,0.0,0.0,0.0,0.0,0.0,0.0,0.0,0.0,0.8,0.8,0.0,0.0
British Sea Power,Canvey Island,,,,,,,,,,,,,,,,
Dr. Dre,What'S The Difference (Feat. Eminem & Xzibit),,,,,,,,,,,,,,,,
Frank Sinatra,Love And Marriage,,,,,,,,,,,,,,,,
Lily Allen,Naïve,,,,,,,,,,,,,,,,
Iron Maiden,Only The Good Die Young,,,,,,,,,,,,,,,,
P!Nk,U + Ur Hand (Bimbo Jones Radio Edit),,,,,,,,,,,,,,,,
Iron Maiden,Paschendale,,,,,,,,,,,,,,,,
Mae,This Time Is The Last Time,,,,,,,,,,,,,,,,
The Verve,Life'S An Ocean,,,,,,,,,,,,,,,,
The 69 Eyes,Radical,,,,,,,,,,,,,,,,
Grant Lee Buffalo,Happiness,,,,,,,,,,,,,,,,
Suede,We Are The Pigs,,,,,,,,,,,,,,,,
Nick Cave & The Bad Seeds,Up Jumped The Devil,,,,,,,,,,,,,,,,
U2,40,,,,,,,,,,,,,,,,
Robbie Williams,Tripping,,,,,,,,,,,,,,,,
The Beach Boys,Pet Sounds,,,,,,,,,,,,,,,,
Lamb Of God,Again We Rise,,,,,,,,,,,,,,,,
Nada Surf,If You Leave,,,,,,,,,,,,,,,,
Ok Go,It'S A Disaster,,,,,,,,,,,,,,,,
Supergrass,Grace,,,,,,,,,,,,,,,,
Riverside,In Two Minds,,,,,,,,,,,,,,,,
Diana Ross & The Supremes,Baby Love,,,,,,,,,,,,,,,,
Apocalyptica,Harmageddon,,,,,,,,,,,,,,,,
Soilwork,Structure Divine,,,,,,,,,,,,,,,,
Soilwork,Neurotica Rampage,,,,,,,,,,,,,,,,
Animal Collective,Water Curses,,,,,,,,,,,,,,,,
Nada Surf,See These Bones,,,,,,,,,,,,,,,,
The Music,Freedom Fighters,,,,,,,,,,,,,,,,
Robert Plant,Red For Danger,,,,,,,,,,,,,,,,
Daniel Powter,Lie To Me,,,,,,,,,,,,,,,,
Puscifer,The Undertaker,,,,,,,,,,,,,,,,
Lil Wayne,Lollipop (Feat. Static Major),,,,,,,,,,,,,,,,
Thursday,Asleep In The Chapel,,,,,,,,,,,,,,,,
John Lennon,Mind Games,0.8,0.4,0.0,0.4,0.6,0.4,0.0,0.4,0.0,0.4,0.0,0.0,0.6,0.2,0.6,0.0
Manowar,Hail And Kill,,,,,,,,,,,,,,,,
Scorpions,Always Somewhere,,,,,,,,,,,,,,,,
Alice In Chains,Bleed The Freak,1.0,0.8,0.0,0.2,1.0,1.0,0.0,0.0,0.0,0.0,0.0,0.0,0.0,0.0,0.8,0.0
Aysel & Arash,Always,,,,,,,,,,,,,,,,
Elbow,Puncture Repair,,,,,,,,,,,,,,,,
Doves,Intro,,,,,,,,,,,,,,,,
Billy Bragg & Wilco,Remember The Mountain Bed,,,,,,,,,,,,,,,,
Kaskade,Be Still,,,,,,,,,,,,,,,,
Acid House Kings,Do What You Wanna Do,,,,,,,,,,,,,,,,
Silverchair,Emotion Sickness,,,,,,,,,,,,,,,,
Drain Sth,Klotera,,,,,,,,,,,,,,,,
Dream Theater,Constant Motion,,,,,,,,,,,,,,,,
Nelly Furtado,I Will Make U Cry,,,,,,,,,,,,,,,,
Spoon,Merchants Of Soul,,,,,,,,,,,,,,,,
Ane Brun,Balloon Ranger,,,,,,,,,,,,,,,,
Sepultura,Biotech Is Godzilla,,,,,,,,,,,,,,,,
Daniel Powter,Free Loop,,,,,,,,,,,,,,,,
Jimi Hendrix,Angel,,,,,,,,,,,,,,,,
Brian Eno,Dead Finks Don'T Talk,0.8,0.4,0.0,0.4,0.8,0.6,0.0,0.0,0.0,0.0,0.6,0.0,0.6,0.4,0.6,0.0
Grandaddy,Where I'M Anymore,,,,,,,,,,,,,,,,
Chemistry,伝説の草原 (Patrick Stump Remix),,,,,,,,,,,,,,,,
U2,If God Will Send His Angels,,,,,,,,,,,,,,,,
Beach House,Heart Of Chambers,,,,,,,,,,,,,,,,
Billy Talent,Line & Sinker,,,,,,,,,,,,,,,,
U2,Everlasting Love,,,,,,,,,,,,,,,,
The Cinematic Orchestra,Man With The Movie Camera,,,,,,,,,,,,,,,,
Electric Six,Electric Demons In Love,,,,,,,,,,,,,,,,
Paradise Lost,Mouth,,,,,,,,,,,,,,,,
Black,Wonderful Life,,,,,,,,,,,,,,,,
Serena-Maneesh,Un-Deux,,,,,,,,,,,,,,,,
The Beatles,Rocky Racoon,,,,,,,,,,,,,,,,
Panda Bear,I'M Not,,,,,,,,,,,,,,,,
Mystery Jets,Mj,,,,,,,,,,,,,,,,
65Daysofstatic,A Failsafe,,,,,,,,,,,,,,,,
Gojira,Esoteric Surgery,,,,,,,,,,,,,,,,
Led Zeppelin,For Your Life,,,,,,,,,,,,,,,,
Mana,En El Muelle De San Blas,,,,,,,,,,,,,,,,
Zz Top,Sleeping Bag,,,,,,,,,,,,,,,,
Archie Bronson Outfit,Cuckoo,,,,,,,,,,,,,,,,
P!Nk,Please Don'T Leave Me,,,,,,,,,,,,,,,,
Ensemble Orchestral Synaxis,Les Jours Tristes [Instrumental],,,,,,,,,,,,,,,,
Reamonn,Tonight,,,,,,,,,,,,,,,,
David Bowie,Sons Of The Silent Age,,,,,,,,,,,,,,,,
A Tribe Called Quest,Sucka Nigga,,,,,,,,,,,,,,,,
Air Traffic,Charlotte,,,,,,,,,,,,,,,,
Róisín Murphy,Footprints,,,,,,,,,,,,,,,,
The 69 Eyes,Forever More,,,,,,,,,,,,,,,,
Grandaddy,Elevate Myself,,,,,,,,,,,,,,,,
Morrissey,All You Need Is Me,,,,,,,,,,,,,,,,
Burial,Distant Lights,,,,,,,,,,,,,,,,
Someone Still Loves You Boris Yeltsin,House Fire,,,,,,,,,,,,,,,,
Orange Juice,Falling And Laughing,,,,,,,,,,,,,,,,
Morcheeba,Way Beyond,,,,,,,,,,,,,,,,
Bedouin Soundclash,Shelter,,,,,,,,,,,,,,,,
Genesis,Mama,,,,,,,,,,,,,,,,
Disturbed,Sacred Lie,,,,,,,,,,,,,,,,
Nicole Kidman,One Day I'Ll Fly Away,,,,,,,,,,,,,,,,
The Spinto Band,Did I Tell You,,,,,,,,,,,,,,,,
Air France,Collapsing At Your Doorstep,,,,,,,,,,,,,,,,
Bloodhound Gang,Three Point One Four,,,,,,,,,,,,,,,,
A Tribe Called Quest,Luck Of Lucien,,,,,,,,,,,,,,,,
Erick Morillo & P. Diddy,Dance I Said (Soulcast Remix),,,,,,,,,,,,,,,,
Groove Armada,But I Feel Good,,,,,,,,,,,,,,,,
The Maccabees,All In Your Rows,,,,,,,,,,,,,,,,
Longview,When You Sleep,,,,,,,,,,,,,,,,
Eric Prydz,Pjanoo,,,,,,,,,,,,,,,,
Boards Of Canada,Zoetrope,,,,,,,,,,,,,,,,
Sigur Rós,Veröld Ný Og Óð,,,,,,,,,,,,,,,,
Nine Inch Nails,22 Ghosts Iii,,,,,,,,,,,,,,,,
The Distillers,City Of Angels,,,,,,,,,,,,,,,,
Nine Inch Nails,24 Ghosts Iii,,,,,,,,,,,,,,,,
M. Ward,Right In The Head,,,,,,,,,,,,,,,,
Sirenia,Sister Nightfall,1.0,1.0,0.0,0.4,1.0,1.0,0.0,0.8,0.0,0.0,0.0,0.0,0.6,0.4,0.8,0.0
Cmx,Palvelemaan Konetta,,,,,,,,,,,,,,,,
David Bowie,The Width Of A Circle,,,,,,,,,,,,,,,,
The Notorious B.I.G.,Big Poppa,,,,,,,,,,,,,,,,
The Ark,One Of Us Is Gonna Die Young,,,,,,,,,,,,,,,,
Beyoncé,Deja Vu (Feat. Jay-Z),,,,,,,,,,,,,,,,
Faith No More,Stripsearch,,,,,,,,,,,,,,,,
The Unicorns,Inoculate The Innocuous,,,,,,,,,,,,,,,,
No Doubt,End It On This,,,,,,,,,,,,,,,,
The Long Blondes,Erin O'Connor,,,,,,,,,,,,,,,,
Okkervil River,You Can'T Hold The Hand Of A Rock And Roll Man,,,,,,,,,,,,,,,,
Disturbed,Remember,,,,,,,,,,,,,,,,
Dapunksportif,Summer Boys,,,,,,,,,,,,,,,,
Manic Street Preachers,Australia,,,,,,,,,,,,,,,,
Mylo,Emotion 98.6,,,,,,,,,,,,,,,,
Έλενα Παπαρίζου,Gigolo (Greek Version),,,,,,,,,,,,,,,,
Yellowcard,Back Home,,,,,,,,,,,,,,,,
Ted Leo And The Pharmacists,Biomusicology,,,,,,,,,,,,,,,,
Pavement,Box Elder,,,,,,,,,,,,,,,,
Robyn,Who'S That Girl,,,,,,,,,,,,,,,,
Neil Young,Words (Between The Lines Of Age),,,,,,,,,,,,,,,,
Maps,To The Sky,,,,,,,,,,,,,,,,
Sigur Rós,Ba Ba,,,,,,,,,,,,,,,,
Sigur Rós,Hún Jörð ...,,,,,,,,,,,,,,,,
Arch Enemy,End Of The Line,,,,,,,,,,,,,,,,
Dream Theater,Learning To Live,,,,,,,,,,,,,,,,
Annuals,Brother,,,,,,,,,,,,,,,,
Queens Of The Stone Age,Feel Good Hit Of The Summer (Reprise),,,,,,,,,,,,,,,,
Warrel Dane,Your Chosen Misery,,,,,,,,,,,,,,,,
Britney Spears,Before The Goodbye,,,,,,,,,,,,,,,,
Groove Armada,Get Down,,,,,,,,,,,,,,,,
Neko Case,Hex,,,,,,,,,,,,,,,,
Ichimaru Gin (Yusa Koji),Sekai Wa Sude Ni Azamuki No Ue Ni,,,,,,,,,,,,,,,,
Maná,Sabanas Frias,,,,,,,,,,,,,,,,
Black Mountain,Set Us Free,,,,,,,,,,,,,,,,
Judas Priest,Diamonds And Rust,0.8,0.8,0.0,0.2,1.0,0.8,0.6,0.0,0.0,0.0,0.0,0.0,0.0,0.0,0.8,0.0
Tristania,Lethean River,0.8,0.8,0.0,0.4,0.8,0.8,0.2,0.6,0.0,0.4,0.0,0.0,0.6,0.4,0.8,0.0
Van Halen,I'Ll Wait,0.8,0.6,0.0,0.0,0.6,0.6,0.0,0.0,0.0,0.0,0.0,0.0,1.0,0.8,0.8,0.0
The Beatles,Tell Me What You See,0.6,0.4,0.0,0.8,0.2,0.0,0.6,0.0,0.0,0.0,0.0,0.0,0.0,0.0,0.6,0.0
The Goo Goo Dolls,Hate This Place,,,,,,,,,,,,,,,,
Bang Gang,Find What You Get,,,,,,,,,,,,,,,,
Ben Folds,Late,,,,,,,,,,,,,,,,
Dark Funeral,An Apprentice Of Satan,,,,,,,,,,,,,,,,
Talking Heads,The Book I Read,,,,,,,,,,,,,,,,
Talking Heads,Stay Hungry,,,,,,,,,,,,,,,,
Gabriel & Dresden,Arcadia,,,,,,,,,,,,,,,,
Brian Eno,On Some Faraway Beach,,,,,,,,,,,,,,,,
U2,Out Of Control,,,,,,,,,,,,,,,,
Rihanna,Lemme Get That,,,,,,,,,,,,,,,,
Pink Floyd,Yet Another Movie,0.8,0.6,0.4,0.4,0.8,0.6,0.2,0.4,0.0,0.0,0.2,0.0,0.8,0.4,0.8,0.0
Mogwai,The Precipice,,,,,,,,,,,,,,,,
Queen,Love Of My Life,,,,,,,,,,,,,,,,
Rilo Kiley,August,,,,,,,,,,,,,,,,
Empire Of The Sun,Delta Bay,,,,,,,,,,,,,,,,
Alter Ego,Rocker,,,,,,,,,,,,,,,,
David Gilmour,This Heaven,,,,,,,,,,,,,,,,
Brand New,Sudden Death In Carolina,,,,,,,,,,,,,,,,
Oasis,Soldier On,,,,,,,,,,,,,,,,
Beth Gibbons & Rustin Man,Funny Time Of Year,,,,,,,,,,,,,,,,
Dream Theater,The Dance Of Eternity,1.0,1.0,0.0,0.4,1.0,0.8,0.0,0.2,0.0,0.2,0.0,0.0,0.6,0.6,1.0,0.0
Dream Theater,The Glass Prison,,,,,,,,,,,,,,,,
Whitesnake,Don'T Break My Heart Again,,,,,,,,,,,,,,,,
Violent Femmes,Confessions,,,,,,,,,,,,,,,,
Dream Theater,One Last Time,,,,,,,,,,,,,,,,
Anthrax,Deathrider,,,,,,,,,,,,,,,,
Foo Fighters,What If I Do?,,,,,,,,,,,,,,,,
Enigma,Mea Culpa,,,,,,,,,,,,,,,,
Britney Spears,State Of Grace,,,,,,,,,,,,,,,,
Weezer,Dope Nose,,,,,,,,,,,,,,,,
Beck,The Information,,,,,,,,,,,,,,,,
Backyard Babies,Come Undone,,,,,,,,,,,,,,,,
Yoshihisa Hirano And Hideki Taniuchi,L'S Theme,,,,,,,,,,,,,,,,
Natalie Imbruglia,Glorious,,,,,,,,,,,,,,,,
Jack Johnson,F-Stop Blues,,,,,,,,,,,,,,,,
Clap Your Hands Say Yeah,Goodbye To Mother And The Cove,,,,,,,,,,,,,,,,
Wu-Tang Clan,Tearz,,,,,,,,,,,,,,,,
Clap Your Hands Say Yeah,Yankee Go Home,,,,,,,,,,,,,,,,
The Doors,The Wasp (Texas Radio And The Big Beat),,,,,,,,,,,,,,,,
Travis,Somewhere Else,,,,,,,,,,,,,,,,
Finntroll,Kitteldags,,,,,,,,,,,,,,,,
U2,Trip Through Your Wires,,,,,,,,,,,,,,,,
The Velvet Underground,Jesus,,,,,,,,,,,,,,,,
Staind,It'S Been A While,,,,,,,,,,,,,,,,
Holy Fuck,Echo Sam,,,,,,,,,,,,,,,,
The Gathering,South American Ghost Ride,,,,,,,,,,,,,,,,
Hallucinogen,Lsd,,,,,,,,,,,,,,,,
The Rolling Stones,Shake Your Hips,,,,,,,,,,,,,,,,
Afi,Totalimmortal,,,,,,,,,,,,,,,,
Emperor,Alsvartr (The Oath),,,,,,,,,,,,,,,,
Tori Amos,Devils And Gods,,,,,,,,,,,,,,,,
Skinny Puppy,Deep Down Trauma Hounds,,,,,,,,,,,,,,,,
Pj Harvey,Man-Size Sextet,,,,,,,,,,,,,,,,
Dave Matthews Band,The Best Of What'S Around,,,,,,,,,,,,,,,,
The Fiery Furnaces,Single Again,,,,,,,,,,,,,,,,
Talking Heads,Houses In Motion,,,,,,,,,,,,,,,,
Thievery Corporation,Un Simple Histoire (A Simple Story),,,,,,,,,,,,,,,,
Coheed And Cambria,Three Evils (Embodied In Love And Shadow),,,,,,,,,,,,,,,,
Meshuggah,Disenchantment,,,,,,,,,,,,,,,,
Crime In Stereo,Amsterdamned!,,,,,,,,,,,,,,,,
Pulp,The Fear,,,,,,,,,,,,,,,,
Backyard Babies,People Like People Like People Like Us,,,,,,,,,,,,,,,,
The Cardigans,Paralyzed,,,,,,,,,,,,,,,,
U2,Yahweh,,,,,,,,,,,,,,,,
Strapping Young Lad,Wrong Side,,,,,,,,,,,,,,,,
Thomas Dolby,One Of Our Submarines,,,,,,,,,,,,,,,,
The Delgados,Coming In From The Cold,,,,,,,,,,,,,,,,
The Offspring,Have You Ever,,,,,,,,,,,,,,,,
Azure Ray,Rise,0.4,0.2,0.0,0.6,0.0,0.0,0.8,0.6,0.0,0.8,0.0,0.0,0.4,0.2,0.6,0.0
Ween,Fiesta,,,,,,,,,,,,,,,,
Muse,House Of The Rising Sun,,,,,,,,,,,,,,,,
Ayreon,Day Six: Childhood,,,,,,,,,,,,,,,,
Born Ruffians,I Need A Life,,,,,,,,,,,,,,,,
Gonzales,Meischeid,,,,,,,,,,,,,,,,
Mew,The Seething Rain Weeps For You (Uda Pruda),,,,,,,,,,,,,,,,
Born Ruffians,Little Garçon,,,,,,,,,,,,,,,,
Velvet Revolver,The Last Fight,,,,,,,,,,,,,,,,
Ayreon,Day Five: Voices,,,,,,,,,,,,,,,,
Ayo,Down On My Knees,,,,,,,,,,,,,,,,
Stars,Time Can Never Kill The True Heart,,,,,,,,,,,,,,,,
Shakira,How Do You Do,,,,,,,,,,,,,,,,
Finntroll,Skogens Hämnd,,,,,,,,,,,,,,,,
Talking Heads,Air,,,,,,,,,,,,,,,,
Juanes,Es Por Tí,,,,,,,,,,,,,,,,
Rush,Witch Hunt,,,,,,,,,,,,,,,,
Yo La Tengo,Everyday,,,,,,,,,,,,,,,,
Deerhoof,Panda Panda Panda,,,,,,,,,,,,,,,,
Sonic Syndicate,Enclave,,,,,,,,,,,,,,,,
The Clash,Four Horsemen,,,,,,,,,,,,,,,,
Lynyrd Skynyrd,What'S Your Name,,,,,,,,,,,,,,,,
The Cardigans,Higher,,,,,,,,,,,,,,,,
The Pussycat Dolls,Beep (Feat. Will.I.Am),,,,,,,,,,,,,,,,
Édith Piaf,Milord,,,,,,,,,,,,,,,,
Sonic Syndicate,Callous,,,,,,,,,,,,,,,,
Sondre Lerche,On The Tower,,,,,,,,,,,,,,,,
Explosions In The Sky,Day Five,,,,,,,,,,,,,,,,
New Order,This Time Of Night,,,,,,,,,,,,,,,,
The Doors,Queen Of The Highway,,,,,,,,,,,,,,,,
Beulah,Hello Resolven,0.8,0.6,0.0,0.4,0.6,0.4,0.6,0.0,0.0,0.4,0.0,0.0,0.0,0.0,0.8,0.0
Starsailor,Good Souls,,,,,,,,,,,,,,,,
Atmosphere,Like The Rest Of Us,,,,,,,,,,,,,,,,
Stars,On Peak Hill,,,,,,,,,,,,,,,,
Stars,The Woods,,,,,,,,,,,,,,,,
The Waterboys,Fisherman'S Blues,,,,,,,,,,,,,,,,
Black Light Burns,The Mark,,,,,,,,,,,,,,,,
Calexico,Yours And Mine,,,,,,,,,,,,,,,,
Air,How Does It Make You Feel,0.6,0.4,0.8,0.4,0.2,0.0,0.0,0.2,0.0,0.0,0.4,0.0,1.0,0.6,0.6,0.0
Moby,I Love To Move In Here,,,,,,,,,,,,,,,,
Tv On The Radio,Don'T Love You,,,,,,,,,,,,,,,,
Black Sabbath,Rat Salad,,,,,,,,,,,,,,,,
Pink Floyd,Shine On You Crazy Diamond (Parts Vi-Ix),,,,,,,,,,,,,,,,
Uffie,F1Rst Love,0.0,0.0,1.0,0.2,0.0,0.0,0.0,0.0,0.0,0.0,0.0,0.0,0.8,0.8,0.0,0.0
The Courteeners,Not Nineteen Forever,,,,,,,,,,,,,,,,
Liquido,Narcotic,,,,,,,,,,,,,,,,
The Moldy Peaches,Jorge Regula,,,,,,,,,,,,,,,,
Andrew Bird,Spare-Ohs,,,,,,,,,,,,,,,,
Lisa Gerrard,Come Tenderness,,,,,,,,,,,,,,,,
Kettcar,Landungsbrücken Raus,,,,,,,,,,,,,,,,
Shania Twain,You'Re Still The One,,,,,,,,,,,,,,,,
Elliott Smith,Kiwi Maddog 20/20,,,,,,,,,,,,,,,,
Art Brut,Late Sunday Evening,,,,,,,,,,,,,,,,
Blind Guardian,Turn The Page,1.0,0.8,0.0,0.4,1.0,0.8,0.4,0.8,0.0,0.0,0.0,0.0,0.4,0.4,0.8,0.0
Sonic Youth,I Love You Golden Blue,,,,,,,,,,,,,,,,
Avril Lavigne,Things I'Ll Never Say,,,,,,,,,,,,,,,,
Devendra Banhart,Tit Smoking In The Temple Of Artesan Mimicry,,,,,,,,,,,,,,,,
Vnv Nation,Lightwave,,,,,,,,,,,,,,,,
Trivium,Tread The Floods,,,,,,,,,,,,,,,,
Datarock,The Most Beautiful Girl,,,,,,,,,,,,,,,,
Mando Diao,Lady,,,,,,,,,,,,,,,,
Mr. Bungle,Squeeze Me Macaroni,,,,,,,,,,,,,,,,
Ween,Learnin' To Love,,,,,,,,,,,,,,,,
Muse,Shine Acoustic,,,,,,,,,,,,,,,,
Blue October,Into The Ocean,,,,,,,,,,,,,,,,
Alexisonfire,It Was Fear Of Myself That Made Me Odd,,,,,,,,,,,,,,,,
Dulce Liquido,Under The Silence,,,,,,,,,,,,,,,,
Jenny Owen Youngs,Voice On Tape,,,,,,,,,,,,,,,,
Tactical Sekt,Awaken The Ghost (Final Awakening),,,,,,,,,,,,,,,,
The Breeders,I Just Wanna Get Along,,,,,,,,,,,,,,,,
Rush,The Pass,,,,,,,,,,,,,,,,
Glass Candy,Etheric Device,,,,,,,,,,,,,,,,
Tori Amos,I'M Not In Love,,,,,,,,,,,,,,,,
Teräsbetoni,Taivas Lyö Tulta,,,,,,,,,,,,,,,,
Chris Garneau,Castle-Time,,,,,,,,,,,,,,,,
Anathema,A Fine Day To Exit,,,,,,,,,,,,,,,,
Shearwater,Home Life,,,,,,,,,,,,,,,,
Ben Kweller,Penny On The Train Track,,,,,,,,,,,,,,,,
Chromeo,Intro,,,,,,,,,,,,,,,,
The Rapture,Echoes,,,,,,,,,,,,,,,,
Motion City Soundtrack,Attractive Today,,,,,,,,,,,,,,,,
The Doors,Summer'S Almost Gone,,,,,,,,,,,,,,,,
Au Revoir Simone,Back In Time,,,,,,,,,,,,,,,,
Au Revoir Simone,I Couldn'T Sleep,,,,,,,,,,,,,,,,
Belle And Sebastian,Slow Graffiti,,,,,,,,,,,,,,,,
Anathema,Emotional Winter,,,,,,,,,,,,,,,,
Kamelot,Solitaire,,,,,,,,,,,,,,,,
Anathema,Feel,,,,,,,,,,,,,,,,
Unkle,Chaos,,,,,,,,,,,,,,,,
Kanye West,Workout Plan,,,,,,,,,,,,,,,,
Esthero,Superheroes,0.8,0.4,0.6,0.6,0.4,0.2,0.0,0.4,0.0,0.6,0.0,0.0,0.8,0.6,0.8,0.0
The Wildhearts,The Miles Away Girl,,,,,,,,,,,,,,,,
The Rolling Stones,Torn And Frayed,,,,,,,,,,,,,,,,
Warsaw,They Walked In Line,,,,,,,,,,,,,,,,
Duran Duran,Wild Boys,,,,,,,,,,,,,,,,
Ultravox,Paths And Angles,,,,,,,,,,,,,,,,
Bel Canto,Unicorn,,,,,,,,,,,,,,,,
Bitter:Sweet,Dirty Laundry,,,,,,,,,,,,,,,,
Cake,Mexico,,,,,,,,,,,,,,,,
Shpongle,Schmaltz Herring,,,,,,,,,,,,,,,,
Shpongle,Shnitzled In The Negev,,,,,,,,,,,,,,,,
Pain,Eleanor Rigby,,,,,,,,,,,,,,,,
Corinne Bailey Rae,I'D Like To,,,,,,,,,,,,,,,,
Nevermore,The Sound Of Silence,,,,,,,,,,,,,,,,
Thirteen Senses,The Salt Wound Routine,,,,,,,,,,,,,,,,
Andrew Lloyd Webber,Heaven On Their Minds,,,,,,,,,,,,,,,,
Matchbox Twenty,Crutch,,,,,,,,,,,,,,,,
Dashboard Confessional,Morning Calls,,,,,,,,,,,,,,,,
Au Revoir Simone,Stars,,,,,,,,,,,,,,,,
Au Revoir Simone,The Disco Song,,,,,,,,,,,,,,,,
Brazilian Girls,Jique,,,,,,,,,,,,,,,,
Pet Shop Boys,Heart,,,,,,,,,,,,,,,,
Lady Sovereign,Love Me Or Hate Me (Live),,,,,,,,,,,,,,,,
The Clash,Stay Free,1.0,0.6,0.0,0.4,0.8,0.6,0.2,0.0,0.0,0.0,0.0,0.0,0.0,0.0,0.8,0.0
New Order,Leave Me Alone,,,,,,,,,,,,,,,,
Elton John,Don'T Let The Sun Go Down On Me,0.8,0.4,0.0,0.4,0.6,0.2,0.0,0.8,0.0,1.0,0.0,0.0,0.6,0.2,0.8,0.0
Crystal Castles,Bitter Hearts,,,,,,,,,,,,,,,,
Bauhaus,Mask,,,,,,,,,,,,,,,,
Vnv Nation,Distant (Rubicon Ii),,,,,,,,,,,,,,,,
The Used,Wake The Dead,,,,,,,,,,,,,,,,
John Frusciante,Carvel,,,,,,,,,,,,,,,,
William Shatner,Common People,,,,,,,,,,,,,,,,
Tegan And Sara,Proud,,,,,,,,,,,,,,,,
Cocteau Twins,Serpentskirt,,,,,,,,,,,,,,,,
Alkaline Trio,Stupid Kid,,,,,,,,,,,,,,,,
The Microphones,Headless Horsemen,,,,,,,,,,,,,,,,
The Microphones,The Moon,,,,,,,,,,,,,,,,
Viikate,Uurastaja,,,,,,,,,,,,,,,,
Hypocrisy,Stillborn,,,,,,,,,,,,,,,,
Hypocrisy,Roswell 47,,,,,,,,,,,,,,,,
Soulfly,Babylon,,,,,,,,,,,,,,,,
M83,Slowly,,,,,,,,,,,,,,,,
Sons And Daughters,The Nest,,,,,,,,,,,,,,,,
Sons And Daughters,Red Receiver,,,,,,,,,,,,,,,,
Iggy Pop,Candy,,,,,,,,,,,,,,,,
Unkle,Morning Rage,,,,,,,,,,,,,,,,
Paul Van Dyk,We Are Alive,,,,,,,,,,,,,,,,
Beck,It'S All In Your Mind,,,,,,,,,,,,,,,,
Devendra Banhart,Fall,,,,,,,,,,,,,,,,
Moderat,Seamonkey,,,,,,,,,,,,,,,,
Rufus Wainwright,Tulsa,0.4,0.2,0.0,0.2,0.2,0.0,0.6,0.4,0.0,0.6,0.0,0.0,0.4,0.2,0.6,0.0
Bob Dylan,Isis,,,,,,,,,,,,,,,,
Taking Back Sunday,I Am Fred Astaire,,,,,,,,,,,,,,,,
Rush,Anthem,,,,,,,,,,,,,,,,
Taking Back Sunday,Ghost Man On Third,,,,,,,,,,,,,,,,
Jeff Buckley,Jewel Box,,,,,,,,,,,,,,,,
I Love You But I'Ve Chosen Darkness,At Last Is All,,,,,,,,,,,,,,,,
Girls Aloud,Biology,,,,,,,,,,,,,,,,
Stereophonics,A Thousand Trees,0.8,0.6,0.0,0.4,0.8,0.6,0.4,0.0,0.0,0.0,0.0,0.0,0.0,0.0,0.8,0.0
Belle And Sebastian,Nice Day For A Sulk,,,,,,,,,,,,,,,,
Ac/Dc,Let'S Get It Up,,,,,,,,,,,,,,,,
Jedi Mind Tricks,Intro,,,,,,,,,,,,,,,,
Akira Yamaoka,Theme Of Laura,,,,,,,,,,,,,,,,
Paradise Lost,Sedative God,,,,,,,,,,,,,,,,
Soulwax,Accidents And Compliments,,,,,,,,,,,,,,,,
The Brian Jonestown Massacre,Sailor,,,,,,,,,,,,,,,,
Slayer,Skeleton Christ,,,,,,,,,,,,,,,,
Nightwish,Dead Boy'S Poem,,,,,,,,,,,,,,,,
Regina Spektor,2.99 Cent Blues,,,,,,,,,,,,,,,,
Modest Mouse,Baby Blue Sedan,,,,,,,,,,,,,,,,
Pj Harvey,The Mountain,,,,,,,,,,,,,,,,
Shout Out Louds,Wish I Was Dead,,,,,,,,,,,,,,,,
Shout Out Louds,Impossible,,,,,,,,,,,,,,,,
Joshua Radin,Star Mile,,,,,,,,,,,,,,,,
Kanye West,Homecoming,,,,,,,,,,,,,,,,
Rufus Wainwright,Peach Trees,,,,,,,,,,,,,,,,
Dj Shadow,Blood On The Motorway,,,,,,,,,,,,,,,,
Incubus,Blood On The Ground,,,,,,,,,,,,,,,,
The Organ,Sinking Hearts,,,,,,,,,,,,,,,,
Love,A House Is Not A Motel,,,,,,,,,,,,,,,,
Inxs,Mystify,,,,,,,,,,,,,,,,
M. Ward,Eyes On The Prize,,,,,,,,,,,,,,,,
The Raveonettes,Blitzed,,,,,,,,,,,,,,,,
3 Doors Down,It'S Not Me,,,,,,,,,,,,,,,,
Modest Mouse,Lounge,,,,,,,,,,,,,,,,
Johnny Cash,One Piece At A Time,,,,,,,,,,,,,,,,
Los Campesinos!,Don'T Tell Me To Do The Math(S),,,,,,,,,,,,,,,,
Teitur,I Was Just Thinking,,,,,,,,,,,,,,,,
Eluvium,Radio Ballet,,,,,,,,,,,,,,,,
Unkle,Unreal,,,,,,,,,,,,,,,,
The Roots,The Seed 2.0,,,,,,,,,,,,,,,,
Dj Shadow,...Meets His Maker,,,,,,,,,,,,,,,,
Minus The Bear,Let'S Play Clowns,,,,,,,,,,,,,,,,
Pink Floyd,Green Is The Colour,0.6,0.2,0.0,0.6,0.4,0.0,1.0,0.6,0.0,0.0,0.0,0.0,0.0,0.0,0.6,0.0
Yeasayer,Germs,,,,,,,,,,,,,,,,
Devendra Banhart,Cosmos And Demos,,,,,,,,,,,,,,,,
Regina Spektor,Rejazz,,,,,,,,,,,,,,,,
Carole King,So Far Away,,,,,,,,,,,,,,,,
The Brian Jonestown Massacre,Wisdom,,,,,,,,,,,,,,,,
Pink Floyd,Cirrus Minor,,,,,,,,,,,,,,,,
Sugarplum Fairy,She,,,,,,,,,,,,,,,,
Machinae Supremacy,Deus Ex Machinae,,,,,,,,,,,,,,,,
Chrisette Michele,Work It Out,,,,,,,,,,,,,,,,
Queen,'39,,,,,,,,,,,,,,,,
Babyshambles,Pipe Down,,,,,,,,,,,,,,,,
The Chemical Brothers,Harpoons,,,,,,,,,,,,,,,,
Jay-Z,Feelin' It,,,,,,,,,,,,,,,,
And One,Krieger,,,,,,,,,,,,,,,,
Cat Power,Faces,,,,,,,,,,,,,,,,
Norah Jones,My Dear Country,,,,,,,,,,,,,,,,
Gwen Stefani,Now That You Got It,,,,,,,,,,,,,,,,
Thursday,Sugar In The Sacrament,,,,,,,,,,,,,,,,
The Chemical Brothers,Hoops,,,,,,,,,,,,,,,,
Tiësto,Bright Morningstar,,,,,,,,,,,,,,,,
Manic Street Preachers,Umbrella,,,,,,,,,,,,,,,,
Phil Collins,Against All Odds,,,,,,,,,,,,,,,,
Mötley Crüe,Ten Seconds To Love,,,,,,,,,,,,,,,,
植松伸夫,Savior,,,,,,,,,,,,,,,,
Cansei De Ser Sexy,Superafim,,,,,,,,,,,,,,,,
Norah Jones,The Long Way Home,,,,,,,,,,,,,,,,
Lacuna Coil,When A Dead Man Walks,,,,,,,,,,,,,,,,
Dinosaur Jr.,Kracked,,,,,,,,,,,,,,,,
Cat Power,Bathysphere,,,,,,,,,,,,,,,,
Mötley Crüe,Saints Of Los Angeles,,,,,,,,,,,,,,,,
Machinae Supremacy,Skin,,,,,,,,,,,,,,,,
Feist,Mushaboom (K-Os Mix),,,,,,,,,,,,,,,,
Mötley Crüe,Too Fast For Love,,,,,,,,,,,,,,,,
13 & God,Perfect Speed,,,,,,,,,,,,,,,,
Aphex Twin,Jynweythek,,,,,,,,,,,,,,,,
Múm,These Eyes Are Berries,,,,,,,,,,,,,,,,
Thievery Corporation,Air Batucada,,,,,,,,,,,,,,,,
Télépopmusik,Brighton Beach,,,,,,,,,,,,,,,,
Télépopmusik,Dance Me,,,,,,,,,,,,,,,,
Soda Stereo,Juego De Seducción,,,,,,,,,,,,,,,,
Manic Street Preachers,Yes,,,,,,,,,,,,,,,,
Kings Of Convenience,The Build-Up,,,,,,,,,,,,,,,,
Kings Of Convenience,I Don'T Know What I Can Save You From (Röyksopp Remix),,,,,,,,,,,,,,,,
Télépopmusik,Anyway,,,,,,,,,,,,,,,,
Pantera,War Nerve,,,,,,,,,,,,,,,,
Soda Stereo,Juego De Seduccion,,,,,,,,,,,,,,,,
Jaguar Love,Highways Of Gold,,,,,,,,,,,,,,,,
Bobby Helms,Jingle Bell Rock,,,,,,,,,,,,,,,,
Lemon Jelly,The Curse Of Ka'Zar,,,,,,,,,,,,,,,,
Timbaland,Bombay (Feat. Amar & Jim Beanz),,,,,,,,,,,,,,,,
Dio,We Rock,,,,,,,,,,,,,,,,
Social Distortion,Ring Of Fire,,,,,,,,,,,,,,,,
Architecture In Helsinki,It'S 5!,,,,,,,,,,,,,,,,
Miss Kittin,Professional Distortion,,,,,,,,,,,,,,,,
Four Tet,Twenty Three,,,,,,,,,,,,,,,,
Peaches,Fuck Or Kill,,,,,,,,,,,,,,,,
Dr. Dre,Still D.R.E.,,,,,,,,,,,,,,,,
Tom Baxter,Better,,,,,,,,,,,,,,,,
David Bowie,I'M Deranged,,,,,,,,,,,,,,,,
Underoath,A Boy Brushed Red... Living In Black And White,,,,,,,,,,,,,,,,
The Cure,Torture,,,,,,,,,,,,,,,,
The Notwist,Gloomy Planets,,,,,,,,,,,,,,,,
Jonas Brothers,Goodnight And Goodbye,,,,,,,,,,,,,,,,
The Kinks,Apeman,,,,,,,,,,,,,,,,
The Blood Brothers,Teen Heat,,,,,,,,,,,,,,,,
Simon & Garfunkel,Mrs Robinson,,,,,,,,,,,,,,,,
The 69 Eyes,Wages Of Sin,,,,,,,,,,,,,,,,
Fat Joe,Make It Rain (Feat. Lil' Wayne),,,,,,,,,,,,,,,,
Buena Vista Social Club,Buena Vista Social Club,,,,,,,,,,,,,,,,
Elastica,2:1,,,,,,,,,,,,,,,,
Ani Difranco,Not A Pretty Girl,,,,,,,,,,,,,,,,
The Radio Dept.,A Window,,,,,,,,,,,,,,,,
Soilwork,Chainheart Machine,,,,,,,,,,,,,,,,
Manic Street Preachers,You Love Us,,,,,,,,,,,,,,,,
Thursday,Signals Over The Air,,,,,,,,,,,,,,,,
Zero 7,Crosses,,,,,,,,,,,,,,,,
Depeche Mode,Jazz Thieves,,,,,,,,,,,,,,,,
Jonas Brothers,Shelf,,,,,,,,,,,,,,,,
Casiotone For The Painfully Alone,Nashville Parthenon,,,,,,,,,,,,,,,,
The Black Keys,All You Ever Wanted,,,,,,,,,,,,,,,,
The Beach Boys,Let'S Go Away For Awhile,,,,,,,,,,,,,,,,
Cansei De Ser Sexy,Beautiful Song,,,,,,,,,,,,,,,,
Ambulance Ltd,Young Urban,,,,,,,,,,,,,,,,
Run-D.M.C.,It'S Like That,,,,,,,,,,,,,,,,
Datarock,Nightflight To Uranus,,,,,,,,,,,,,,,,
Senses Fail,Calling All Cars,,,,,,,,,,,,,,,,
Tori Amos,Playboy Mommy,,,,,,,,,,,,,,,,
Guns N' Roses,Breakdown,,,,,,,,,,,,,,,,
Dustin O'Halloran,Opus 36,,,,,,,,,,,,,,,,
Deftones,No Ordinary Love,,,,,,,,,,,,,,,,
Dustin'S Bar Mitzvah,Kick Him Out,,,,,,,,,,,,,,,,
The Who,Cousin Kevin,,,,,,,,,,,,,,,,
Evanescence,Forgive Me,,,,,,,,,,,,,,,,
The Streets,Geezers Need Excitement,,,,,,,,,,,,,,,,
The Streets,All Goes Out The Window,,,,,,,,,,,,,,,,
Evanescence,Even In Death,,,,,,,,,,,,,,,,
Aimee Mann,You Do,,,,,,,,,,,,,,,,
Wolfsheim,Once In A Lifetime,,,,,,,,,,,,,,,,
Three Days Grace,On My Own,,,,,,,,,,,,,,,,
Limp Bizkit,Re-Arranged,,,,,,,,,,,,,,,,
Deftones,Lifter,,,,,,,,,,,,,,,,
Deftones,Engine No. 9,,,,,,,,,,,,,,,,
M. Pokora,They Talk Shit About Me (Feat. Verse),,,,,,,,,,,,,,,,
The Used,Hospital,,,,,,,,,,,,,,,,
The Cooper Temple Clause,Been Training Dogs,1.0,0.8,0.4,0.2,1.0,0.8,0.0,0.0,0.0,0.0,0.0,0.0,0.8,0.8,1.0,0.0
Limp Bizkit,Eat You Alive,,,,,,,,,,,,,,,,
Louis Xiv,Louis Xiv,,,,,,,,,,,,,,,,
Sleater-Kinney,Words And Guitar,,,,,,,,,,,,,,,,
Dead Can Dance,Black Sun,,,,,,,,,,,,,,,,
The Whitest Boy Alive,Keep A Secret,,,,,,,,,,,,,,,,
Blur,Music Is My Radar,,,,,,,,,,,,,,,,
Ulrich Schnauss,Clear Day,,,,,,,,,,,,,,,,
Bullet For My Valentine,The Poison,,,,,,,,,,,,,,,,
Nightmares On Wax,Damn,,,,,,,,,,,,,,,,
Ac/Dc,Heatseeker,,,,,,,,,,,,,,,,
Celebration,Hands Off My Gold (Simian Mobile Disco Remix),,,,,,,,,,,,,,,,
Pinback,Subbing For Eden,,,,,,,,,,,,,,,,
Bel Canto,Dorothy'S Victory,,,,,,,,,,,,,,,,
Bullet For My Valentine,Room 409,,,,,,,,,,,,,,,,
The Used,The Ripper,,,,,,,,,,,,,,,,
Bullet For My Valentine,Cries In Vain,,,,,,,,,,,,,,,,
Keren Ann,Lay Your Head Down,,,,,,,,,,,,,,,,
Blur,It Could Be You,,,,,,,,,,,,,,,,
Deus,Suds & Soda,,,,,,,,,,,,,,,,
Idlewild,Roseability,,,,,,,,,,,,,,,,
Minus The Bear,Double Vision Quest,,,,,,,,,,,,,,,,
Massive Attack,Bullet Boy,,,,,,,,,,,,,,,,
Sons And Daughters,Rebel With The Ghost,,,,,,,,,,,,,,,,
Minus The Bear,Dr. L'Ling,,,,,,,,,,,,,,,,
Dusty Springfield,You Don'T Have To Say You Love Me,,,,,,,,,,,,,,,,
Grizzly Bear,Shift,0.2,0.2,0.0,0.4,0.2,0.0,0.8,0.0,0.0,0.4,0.0,0.0,0.4,0.2,0.6,0.0
Slayer,Die By The Sword,,,,,,,,,,,,,,,,
The Microphones,I Want Wind To Blow,,,,,,,,,,,,,,,,
The Brian Jonestown Massacre,Vacuum Boots,0.8,0.4,0.0,0.4,1.0,0.8,0.0,0.0,0.0,0.0,0.6,0.0,0.0,0.0,0.6,0.0
Hüsker Dü,Don'T Want To Know If You Are Lonely,,,,,,,,,,,,,,,,
Refused,The Deadly Rhythm,,,,,,,,,,,,,,,,
Nightwish,Creek Mary'S Blood,,,,,,,,,,,,,,,,
Pink Floyd,Chapter 24,0.6,0.2,0.0,0.4,0.4,0.2,0.0,0.0,0.0,0.0,0.4,0.0,0.8,0.4,0.4,0.0
Oasis,Lord Don'T Slow Me Down,,,,,,,,,,,,,,,,
Elvis Presley,That'S All Right,,,,,,,,,,,,,,,,
Slayer,Hell Awaits,,,,,,,,,,,,,,,,
Tori Amos,Secret Spell,,,,,,,,,,,,,,,,
Public Image Ltd.,Memories,,,,,,,,,,,,,,,,
Paradise Lost,Perfect Mask,,,,,,,,,,,,,,,,
New Model Army,Vagabonds,,,,,,,,,,,,,,,,
Regina Spektor,Daniel Cowman,,,,,,,,,,,,,,,,
Leona Lewis,Bleeding Love (Moto Blanco Radio Edit),,,,,,,,,,,,,,,,
Stereophonics,I Wouldn'T Believe Your Radio,,,,,,,,,,,,,,,,
Slayer,Aggressive Perfector,,,,,,,,,,,,,,,,
Corinne Bailey Rae,Butterfly,,,,,,,,,,,,,,,,
Iron Maiden,Fear Of The Dark (Live),1.0,1.0,0.0,0.0,1.0,0.8,0.0,0.0,0.0,0.0,0.0,0.0,0.0,0.0,1.0,0.0
Guns N' Roses,Back Off Bitch,,,,,,,,,,,,,,,,
Slagsmålsklubben,Smart Drag Mr. Christer,,,,,,,,,,,,,,,,
The Pains Of Being Pure At Heart,Stay Alive,,,,,,,,,,,,,,,,
Soundgarden,Jesus Christ Pose,,,,,,,,,,,,,,,,
Saves The Day,She,,,,,,,,,,,,,,,,
The New Pornographers,To Wild Homes,,,,,,,,,,,,,,,,
Esthero,Dragonfly'S Outro,,,,,,,,,,,,,,,,
Pj Harvey,Ecstasy,,,,,,,,,,,,,,,,
Pj Harvey,Teclo,,,,,,,,,,,,,,,,
New Found Glory,It'S Not Your Fault,,,,,,,,,,,,,,,,
Sonic Youth,Tuff Gnarl,,,,,,,,,,,,,,,,
Vnv Nation,Descent,,,,,,,,,,,,,,,,
1200 Micrograms,Lsd,,,,,,,,,,,,,,,,
Gorillaz,Dracula,,,,,,,,,,,,,,,,
Placebo,I Feel You,,,,,,,,,,,,,,,,
Assemblage 23,Horizon,0.6,0.4,1.0,0.2,0.0,0.0,0.0,0.0,0.0,0.0,0.0,0.0,1.0,0.8,0.0,0.0
Shinedown,45,,,,,,,,,,,,,,,,
Aqua,Good Morning Sunshine,,,,,,,,,,,,,,,,
Ac/Dc,Are You Ready,,,,,,,,,,,,,,,,
Madonna,What It Feels Like For A Girl,,,,,,,,,,,,,,,,
Slipknot,My Plague,,,,,,,,,,,,,,,,
Ghostface Killah,One,,,,,,,,,,,,,,,,
Brazilian Girls,Homme,,,,,,,,,,,,,,,,
Giant Drag,You'Re Full Of Shit (Check Out My Sweet Riffs),,,,,,,,,,,,,,,,
Gheorghe Zamfir,The Lonely Shepherd,,,,,,,,,,,,,,,,
Paradise Lost,Sweetness,,,,,,,,,,,,,,,,
Sonic Youth,Tom Violence,,,,,,,,,,,,,,,,
Delta 5,Mind Your Own Business,,,,,,,,,,,,,,,,
Bitter:Sweet,Moving Forward,,,,,,,,,,,,,,,,
Skye,Love Show,,,,,,,,,,,,,,,,
Emily Haines & The Soft Skeleton,The Bank,0.4,0.2,0.0,0.4,0.0,0.0,0.0,0.6,0.0,0.8,0.0,0.0,0.2,0.2,0.4,0.0
Cat Stevens,Hard Headed Woman,,,,,,,,,,,,,,,,
Harry Nilsson,Everybody'S Talkin',,,,,,,,,,,,,,,,
Jens Lekman,Someone To Share My Life With,,,,,,,,,,,,,,,,
Esthero,Heaven Sent,,,,,,,,,,,,,,,,
Woven Hand,Whistling Girl,,,,,,,,,,,,,,,,
Say Hi,Northwestern Girls,,,,,,,,,,,,,,,,
Gomez,Tear Your Love Apart,,,,,,,,,,,,,,,,
Stone Sour,Socio,,,,,,,,,,,,,,,,
Lupe Fiasco,Superstar (Feat. Matthew Santos),,,,,,,,,,,,,,,,
Tactical Sekt,Uncivil Liberties,,,,,,,,,,,,,,,,
The Rapture,Calling Me,0.8,0.6,0.0,0.4,0.8,0.6,0.0,0.0,0.0,0.0,0.0,0.0,0.4,0.6,0.8,0.0
The Smashing Pumpkins,For Martha,,,,,,,,,,,,,,,,
Keren Ann,Not Going Anywhere,,,,,,,,,,,,,,,,
Bob Marley & The Wailers,Jammin,,,,,,,,,,,,,,,,
Venetian Snares,Öngyilkos Vasárnap,,,,,,,,,,,,,,,,
Bonnie 'Prince' Billy,A Minor Place,,,,,,,,,,,,,,,,
Bob Marley,Jamming,,,,,,,,,,,,,,,,
Of Montreal,For Our Elegant Caste,,,,,,,,,,,,,,,,
The Brian Jonestown Massacre,Evergreen,,,,,,,,,,,,,,,,
Shpongle,Around The World In A Tea Daze,,,,,,,,,,,,,,,,
The Wildhearts,Everlone,,,,,,,,,,,,,,,,
Kamelot,Soul Society,,,,,,,,,,,,,,,,
Menomena,Weird,,,,,,,,,,,,,,,,
Britney Spears,Overprotected (Darkchild Remix),,,,,,,,,,,,,,,,
Nightwish,The Phantom Of The Opera,,,,,,,,,,,,,,,,
Sparks,Amateur Hour,,,,,,,,,,,,,,,,
Three Days Grace,Gone Forever,,,,,,,,,,,,,,,,
Chuck Berry,Roll Over Beethoven,,,,,,,,,,,,,,,,
Pink Floyd,The Final Cut,,,,,,,,,,,,,,,,
The New Pornographers,Star Bodies,0.8,0.4,0.0,0.2,0.8,0.6,0.0,0.0,0.0,0.0,0.0,0.0,0.4,0.4,1.0,0.0
Pink Floyd,The Gnome,,,,,,,,,,,,,,,,
The Jimi Hendrix Experience,Burning Of The Midnight Lamp,,,,,,,,,,,,,,,,
Travis,Luv,,,,,,,,,,,,,,,,
Sia,Death By Chocolate,,,,,,,,,,,,,,,,
A Perfect Circle,Over,,,,,,,,,,,,,,,,
Thirteen Senses,All The Love In Your Hands,,,,,,,,,,,,,,,,
Exodus,Exodus,,,,,,,,,,,,,,,,
Iron Maiden,Journeyman,,,,,,,,,,,,,,,,
Whitesnake,You'Re Gonna Break My Heart Again,,,,,,,,,,,,,,,,
Black Sabbath,Lord Of This World,,,,,,,,,,,,,,,,
Moby,Inside,,,,,,,,,,,,,,,,
Hypocrisy,Born Dead Buried Alive,,,,,,,,,,,,,,,,
Uffie,Pop The Glock (Sebastian Remix),,,,,,,,,,,,,,,,
Keyshia Cole,Got To Get My Heart Back,,,,,,,,,,,,,,,,
Kevin Rudolf,Let It Rock,,,,,,,,,,,,,,,,
The Perishers,Trouble Sleeping,,,,,,,,,,,,,,,,
Blur,Best Days,,,,,,,,,,,,,,,,
Gotan Project,La Vigüela,,,,,,,,,,,,,,,,
Atreyu,Ex'S And Oh'S,,,,,,,,,,,,,,,,
Bikini Kill,New Radio,,,,,,,,,,,,,,,,
Rammstein,Wollt Ihr Das Bett In Flammen Sehen,,,,,,,,,,,,,,,,
Stephen Malkmus,Baby C'Mon,,,,,,,,,,,,,,,,
Vnv Nation,Saviour,,,,,,,,,,,,,,,,
Vnv Nation,Rubicon,,,,,,,,,,,,,,,,
Bonde Do Rolê,Solta O Frango,,,,,,,,,,,,,,,,
Jason Mraz,Who Needs Shelter,,,,,,,,,,,,,,,,
Ugly Casanova,Hotcha Girls,,,,,,,,,,,,,,,,
Tori Amos,Gold Dust,,,,,,,,,,,,,,,,
Texas,Black Eyed Boy,,,,,,,,,,,,,,,,
Alizée,J'En Ai Marre,,,,,,,,,,,,,,,,
Propellerheads,Spybreak!,,,,,,,,,,,,,,,,
Cocteau Twins,Blue Bell Knoll,,,,,,,,,,,,,,,,
Thievery Corporation,Meu Destino (My Destiny),,,,,,,,,,,,,,,,
Lamb Of God,Pathetic,,,,,,,,,,,,,,,,
Dark Tranquillity,The Endless Feed,,,,,,,,,,,,,,,,
The Honorary Title,Frame By Frame,,,,,,,,,,,,,,,,
Natalie Imbruglia,Smoke,,,,,,,,,,,,,,,,
Ryan Adams,Halloweenhead,,,,,,,,,,,,,,,,
My Morning Jacket,Golden,,,,,,,,,,,,,,,,
Emma Bunton,I'Ll Be There,,,,,,,,,,,,,,,,
New Order,The Village,,,,,,,,,,,,,,,,
Ub40,Kingston Town,,,,,,,,,,,,,,,,
Devo,Gates Of Steel,,,,,,,,,,,,,,,,
Velvet Revolver,Just Sixteen,,,,,,,,,,,,,,,,
The Fiery Furnaces,I'M Gonna Run,,,,,,,,,,,,,,,,
Keyshia Cole,We Could Be,,,,,,,,,,,,,,,,
Echo & The Bunnymen,Nothing Lasts Forever,,,,,,,,,,,,,,,,
Talking Heads,(Nothing But) Flowers,,,,,,,,,,,,,,,,
Echo & The Bunnymen,Ocean Rain,,,,,,,,,,,,,,,,
Idlewild,Not Just Sometimes But Always,,,,,,,,,,,,,,,,
Eskobar,Someone New (Feat. Heather Nova),,,,,,,,,,,,,,,,
Depeche Mode,World Full Of Nothing,,,,,,,,,,,,,,,,
The Airborne Toxic Event,Does This Mean You'Re Moving On?,,,,,,,,,,,,,,,,
Arcade Fire,Vampire/Forest Fire,,,,,,,,,,,,,,,,
The Clash,Ghetto Defendant,,,,,,,,,,,,,,,,
Neil Young,Down By The River,,,,,,,,,,,,,,,,
Powerman 5000,When Worlds Collide,,,,,,,,,,,,,,,,
Brian Reitzell & Roger J. Manning Jr,On The Subway,,,,,,,,,,,,,,,,
Alexisonfire,Rough Hands,,,,,,,,,,,,,,,,
Paramore,Whoa,,,,,,,,,,,,,,,,
Infected Mushroom,Special Place,1.0,0.6,1.0,0.4,0.6,0.4,0.0,0.0,0.0,0.4,0.0,0.0,1.0,0.8,0.8,0.0
Bel Canto,Waking Will,,,,,,,,,,,,,,,,
The Jesus And Mary Chain,Uv Ray,,,,,,,,,,,,,,,,
Maria Mena,Just Hold Me,,,,,,,,,,,,,,,,
Tori Amos,Crazy,,,,,,,,,,,,,,,,
Bel Canto,Dewy Fields,,,,,,,,,,,,,,,,
Teenagersintokyo,End It Tonight,,,,,,,,,,,,,,,,
Morrissey,Now My Heart Is Full,,,,,,,,,,,,,,,,
Holy Fuck,Frenchy'S,,,,,,,,,,,,,,,,
The White Stripes,Let'S Build A Home,,,,,,,,,,,,,,,,
Tegan And Sara,Back In Your Head (Tyler Fedchuk'S 1/2Alive Disco Remix),,,,,,,,,,,,,,,,
Dark Tranquillity,Single Part Of Two,,,,,,,,,,,,,,,,
Demons & Wizards,Fiddler On The Green,,,,,,,,,,,,,,,,
The Fiery Furnaces,Sing For Me,,,,,,,,,,,,,,,,
Gentle Giant,The Advent Of Panurge,,,,,,,,,,,,,,,,
Coheed And Cambria,Time Consumer,,,,,,,,,,,,,,,,
Sonata Arctica,San Sebastian,,,,,,,,,,,,,,,,
Ellen Allien,Augenblick,,,,,,,,,,,,,,,,
Ellen Allien,Erdbeermund,,,,,,,,,,,,,,,,
Funeral For A Friend,Bend Your Arms To Look Like Wings,,,,,,,,,,,,,,,,
Thievery Corporation,Pela Janela (Feat. Gigi Rezende),,,,,,,,,,,,,,,,
Born Ruffians,Barnacle Goose,,,,,,,,,,,,,,,,
Neil Young,Cortez The Killer,,,,,,,,,,,,,,,,
Mew,Snowflake,,,,,,,,,,,,,,,,
Mewithoutyou,Nice And Blue,,,,,,,,,,,,,,,,
Devo,That'S Good,,,,,,,,,,,,,,,,
Sia,Playground,,,,,,,,,,,,,,,,
Jenny Lewis,Acid Tongue,,,,,,,,,,,,,,,,
Devo,(I Can'T Get No) Satisfaction,,,,,,,,,,,,,,,,
Backyard Babies,Dysfunctional Professional,,,,,,,,,,,,,,,,
The Used,Let It Bleed,,,,,,,,,,,,,,,,
Endorphin,Satie 1,,,,,,,,,,,,,,,,
Misfits,Hollywood Babylon,,,,,,,,,,,,,,,,
Keane,Pretend That You'Re Alone,,,,,,,,,,,,,,,,
Skid Row,The Threat,,,,,,,,,,,,,,,,
Backyard Babies,Ex-Files,,,,,,,,,,,,,,,,
Cute Is What We Aim For,Risqué,,,,,,,,,,,,,,,,
Travis,The Cage,,,,,,,,,,,,,,,,
Booka Shade,Charlotte,,,,,,,,,,,,,,,,
Dark Tranquillity,One Thought,,,,,,,,,,,,,,,,
Yeah Yeah Yeahs,Déjà Vu,,,,,,,,,,,,,,,,
Bruce Springsteen,Born In The Usa,,,,,,,,,,,,,,,,
Fair To Midland,April Fools And Eggmen,,,,,,,,,,,,,,,,
Aereogramme,Living Backwards,,,,,,,,,,,,,,,,
Françoise Hardy,Tous Les Garcons Et Les Filles,,,,,,,,,,,,,,,,
Velvet Revolver,American Man,,,,,,,,,,,,,,,,
Velvet Revolver,Headspace,,,,,,,,,,,,,,,,
Le Tigre,Viz,,,,,,,,,,,,,,,,
The Clash,Deny,,,,,,,,,,,,,,,,
New Order,Vicious Streak,,,,,,,,,,,,,,,,
65Daysofstatic,These Things You Can'T Unlearn,,,,,,,,,,,,,,,,
Catherine Wheel,Crank,,,,,,,,,,,,,,,,
Yelle,Mal Poli,,,,,,,,,,,,,,,,
Afterlife,Dub In Ya Mind (Beach Club Mix),,,,,,,,,,,,,,,,
The Cure,Burn,,,,,,,,,,,,,,,,
Common,Be,,,,,,,,,,,,,,,,
The Cure,Doing The Unstuck,,,,,,,,,,,,,,,,
Camera Obscura,Happy New Year,,,,,,,,,,,,,,,,
The Hives,Dead Quote Olympics,,,,,,,,,,,,,,,,
Throbbing Gristle,Hot On The Heels Of Love,0.0,0.0,1.0,0.0,0.0,0.0,0.0,0.0,0.0,0.0,0.0,0.0,1.0,0.8,0.0,0.0
Warrel Dane,August,,,,,,,,,,,,,,,,
Blur,Colin Zeal,,,,,,,,,,,,,,,,
Kavinsky,Testarossa Autodrive,,,,,,,,,,,,,,,,
Department Of Eagles,Classical Records,,,,,,,,,,,,,,,,
Louis Armstrong,We Have All The Time In The World,,,,,,,,,,,,,,,,
Afi,The Boy Who Destroyed The World,,,,,,,,,,,,,,,,
Mandalay,Beautiful (7'' Canny Mix),,,,,,,,,,,,,,,,
Mando Diao,Bring 'Em In,,,,,,,,,,,,,,,,
Judas Priest,Johnny B. Goode,,,,,,,,,,,,,,,,
Jack Johnson,Symbol In My Driveway,,,,,,,,,,,,,,,,
The Elected,Not Going Home,,,,,,,,,,,,,,,,
Judas Priest,Eat Me Alive,,,,,,,,,,,,,,,,
Air,Californie,,,,,,,,,,,,,,,,
Black Sabbath,Solitude,,,,,,,,,,,,,,,,
Ted Leo And The Pharmacists,Heart Problems,,,,,,,,,,,,,,,,
Bloc Party,So Here We Are (Four Tet Remix),,,,,,,,,,,,,,,,
Thievery Corporation,So Com Voce,0.4,0.2,0.6,0.8,0.0,0.0,0.0,0.0,0.0,0.0,0.0,0.0,0.4,0.2,0.6,0.0
En Vogue,Free Your Mind,,,,,,,,,,,,,,,,
Chingon,Malagueña Salerosa,,,,,,,,,,,,,,,,
Beastie Boys,B For My Name,,,,,,,,,,,,,,,,
Beastie Boys,An Open Letter To Nyc,,,,,,,,,,,,,,,,
Blur,Strange News From Another Star,,,,,,,,,,,,,,,,
Rocky Votolato,Suicide Medicine,,,,,,,,,,,,,,,,
Blur,Top Man,,,,,,,,,,,,,,,,
Rodrigo Y Gabriela,Tamacun,,,,,,,,,,,,,,,,
Pink Floyd,The Trial,,,,,,,,,,,,,,,,
Violent Femmes,Promise,,,,,,,,,,,,,,,,
Korn,Good God,,,,,,,,,,,,,,,,
Blur,Clover Over Dover,,,,,,,,,,,,,,,,
Ryan Adams,Nuclear,,,,,,,,,,,,,,,,
The Used,Paralyzed,,,,,,,,,,,,,,,,
David Bowie,V-2 Schneider,,,,,,,,,,,,,,,,
Neon Neon,I Lust U,,,,,,,,,,,,,,,,
Misfits,Horror Hotel,,,,,,,,,,,,,,,,
Nine Inch Nails,19 Ghosts Iii,0.4,0.6,1.0,0.2,0.4,0.6,0.0,0.0,0.0,0.0,0.0,0.0,1.0,1.0,0.4,0.0
Dream Theater,Lines In The Sand,,,,,,,,,,,,,,,,
The Streets,Has It Come To This?,,,,,,,,,,,,,,,,
Red Hot Chili Peppers,Knock Me Down,,,,,,,,,,,,,,,,
Dream Theater,Burning My Soul,,,,,,,,,,,,,,,,
Mindless Self Indulgence,Clarissa,,,,,,,,,,,,,,,,
Rammstein,Bestrafe Mich,,,,,,,,,,,,,,,,
Kaiser Chiefs,Learnt My Lesson Well,,,,,,,,,,,,,,,,
Kaiser Chiefs,Like It Too Much,,,,,,,,,,,,,,,,
Faithless,No Roots,,,,,,,,,,,,,,,,
Her Space Holiday,My Girlfriend'S Boyfriend,,,,,,,,,,,,,,,,
Julee Cruise,Falling,,,,,,,,,,,,,,,,
Hoobastank,Out Of Control,,,,,,,,,,,,,,,,
The Darkness,English Country Garden,,,,,,,,,,,,,,,,
Xploding Plastix,Behind The Eightball,,,,,,,,,,,,,,,,
Manic Street Preachers,I'M Just A Patsy,,,,,,,,,,,,,,,,
Manic Street Preachers,Everything Must Go,,,,,,,,,,,,,,,,
Ratatat,Mumtaz Khan,,,,,,,,,,,,,,,,
My Morning Jacket,The Way That He Sings,,,,,,,,,,,,,,,,
Manic Street Preachers,Die In The Summertime,,,,,,,,,,,,,,,,
Marilyn Manson,The Last Day On Earth,,,,,,,,,,,,,,,,
Ratatat,Wildcat (E*Vax Remix),,,,,,,,,,,,,,,,
Lordi,Would You Love A Monsterman,,,,,,,,,,,,,,,,
Pavement,Black Out,,,,,,,,,,,,,,,,
Peter Bjorn And John,Money,,,,,,,,,,,,,,,,
Hurt,Kapitalizm,,,,,,,,,,,,,,,,
The Goo Goo Dolls,Sympathy,,,,,,,,,,,,,,,,
Hank Williams Iii,Thrown Out Of The Bar,,,,,,,,,,,,,,,,
Katie Melua,Shy Boy,,,,,,,,,,,,,,,,
Dispatch,Bats In The Belfry,,,,,,,,,,,,,,,,
Róisín Murphy,If We'Re In Love,,,,,,,,,,,,,,,,
Siouxsie And The Banshees,Carousel,,,,,,,,,,,,,,,,
Gnarls Barkley,Run,,,,,,,,,,,,,,,,
A-Ha,Summer Moved On,,,,,,,,,,,,,,,,
Something Corporate,I Want To Save You,,,,,,,,,,,,,,,,
...And You Will Know Us By The Trail Of Dead,After The Laughter,,,,,,,,,,,,,,,,
Something Corporate,As You Sleep,,,,,,,,,,,,,,,,
Myslovitz,Dla Ciebie,,,,,,,,,,,,,,,,
Mägo De Oz,La Costa Del Silencio,,,,,,,,,,,,,,,,
Mägo De Oz,Hasta Que Tu Muerte Nos Separe,,,,,,,,,,,,,,,,
The Polyphonic Spree,It'S The Sun,,,,,,,,,,,,,,,,
Greenskeepers,Lotion,,,,,,,,,,,,,,,,
Disturbed,Darkness,,,,,,,,,,,,,,,,
The Cure,Six Different Ways,,,,,,,,,,,,,,,,
Final Fantasy,An Arrow In The Side Of Final Fantasy,,,,,,,,,,,,,,,,
The National,Available,,,,,,,,,,,,,,,,
John Frusciante,The Real,,,,,,,,,,,,,,,,
The Streets,Who Got The Funk?,,,,,,,,,,,,,,,,
The Offspring,Americana,,,,,,,,,,,,,,,,
Michael Jackson,Give In To Me,,,,,,,,,,,,,,,,
Breaking Benjamin,Forget It,,,,,,,,,,,,,,,,
Morning Runner,Gone Up In Flames,,,,,,,,,,,,,,,,
Boards Of Canada,The Devil Is In The Details,0.0,0.0,1.0,0.4,0.0,0.0,0.0,0.0,0.0,0.0,0.0,0.0,1.0,0.8,0.0,0.0
Boards Of Canada,You Could Feel The Sky,,,,,,,,,,,,,,,,
10Cc,The Things We Do For Love,,,,,,,,,,,,,,,,
The Faders,No Sleep Tonight,,,,,,,,,,,,,,,,
The Books,It Never Changes To Stop,,,,,,,,,,,,,,,,
Disturbed,Mistress,,,,,,,,,,,,,,,,
Hello Saferide,I Thought You Said Summer Is Going To Take The Pain Away,,,,,,,,,,,,,,,,
Iron Maiden,The Ides Of March,,,,,,,,,,,,,,,,
The Bluetones,Slight Return,,,,,,,,,,,,,,,,
Groove Armada,Paris,,,,,,,,,,,,,,,,
Hilary Duff,Fly,,,,,,,,,,,,,,,,
Iron Maiden,Wildest Dreams,,,,,,,,,,,,,,,,
Joe Satriani,Super Colossal,,,,,,,,,,,,,,,,
Dream Theater,Endless Sacrifice,,,,,,,,,,,,,,,,
Ani Difranco,Both Hands,,,,,,,,,,,,,,,,
Apocalyptica,One,,,,,,,,,,,,,,,,
Snow Patrol,Ask Me How I Am,,,,,,,,,,,,,,,,
The Cinematic Orchestra,Ode To The Big Sea,,,,,,,,,,,,,,,,
Mazzy Star,Take Everything,,,,,,,,,,,,,,,,
U2,Gone,,,,,,,,,,,,,,,,
Infected Mushroom,Change The Formality,,,,,,,,,,,,,,,,
Porcupine Tree,Sleep Together,,,,,,,,,,,,,,,,
Andrés Calamaro,Flaca,,,,,,,,,,,,,,,,
A Tribe Called Quest,I Left My Wallet In El Segundo,,,,,,,,,,,,,,,,
Korn,Word Up,,,,,,,,,,,,,,,,
Damien Rice,Woman Like A Man,,,,,,,,,,,,,,,,
Backstreet Boys,Everybody (Backstreet'S Back),,,,,,,,,,,,,,,,
Sepultura,We Who Are Not As Others,,,,,,,,,,,,,,,,
Wolfmother,Tales From The Forest Of Gnomes,,,,,,,,,,,,,,,,
Nas,It Ain'T Hard To Tell,,,,,,,,,,,,,,,,
The Notwist,Good Lies,,,,,,,,,,,,,,,,
A-Ha,Crying In The Rain,,,,,,,,,,,,,,,,
Zz Top,Tush,,,,,,,,,,,,,,,,
Neko Case,Look For Me (I'Ll Be Around),,,,,,,,,,,,,,,,
Billy Talent,Standing In The Rain,,,,,,,,,,,,,,,,
The 69 Eyes,Wrap Your Troubles In Dreams,,,,,,,,,,,,,,,,
Pavement,No Life Singed Her,,,,,,,,,,,,,,,,
Santana,Smooth (Feat. Rob Thomas),,,,,,,,,,,,,,,,
Miles Davis,Sanctuary,,,,,,,,,,,,,,,,
L7,Shitlist,,,,,,,,,,,,,,,,
Nick Drake,Time Of No Reply,,,,,,,,,,,,,,,,
The Beatles,Old Brown Shoe,,,,,,,,,,,,,,,,
The Knife,Like A Pen (Heartthrob Remix),,,,,,,,,,,,,,,,
Morcheeba,Daylight Robbery,,,,,,,,,,,,,,,,
The Subways,Rock And Roll Queen,,,,,,,,,,,,,,,,
Kyuss,800,,,,,,,,,,,,,,,,
The Decemberists,The Rake'S Song,,,,,,,,,,,,,,,,
Ashley Tisdale,Goin' Crazy,,,,,,,,,,,,,,,,
Jim Noir,Eanie Meany,,,,,,,,,,,,,,,,
Fightstar,You & I,,,,,,,,,,,,,,,,
Gojira,Oroborus,,,,,,,,,,,,,,,,
Yellowcard,Waiting Game,,,,,,,,,,,,,,,,
Nine Inch Nails,Home,,,,,,,,,,,,,,,,
Dragonforce,Fury Of The Storm,,,,,,,,,,,,,,,,
Little Dragon,Twice,,,,,,,,,,,,,,,,
Draconian,It Grieves My Heart,,,,,,,,,,,,,,,,
Spoon,1020 Am,,,,,,,,,,,,,,,,
Doves,Jetstream,,,,,,,,,,,,,,,,
Diana Krall,I'Ve Got You Under My Skin,,,,,,,,,,,,,,,,
Yann Tiersen,From Prison To Hospital,,,,,,,,,,,,,,,,
Turin Brakes,Rain City,,,,,,,,,,,,,,,,
The Black Eyed Peas,Fly Away,,,,,,,,,,,,,,,,
Poison,Little Willy,1.0,0.6,0.0,0.4,1.0,0.8,0.0,0.0,0.0,0.0,0.0,0.0,0.2,0.2,1.0,0.0
Isis,Wrists Of Kings,,,,,,,,,,,,,,,,
Dr. Dre,The Next Episode,,,,,,,,,,,,,,,,
The Black Eyed Peas,Hands Up,,,,,,,,,,,,,,,,
Belle And Sebastian,Beautiful,,,,,,,,,,,,,,,,
Squarepusher,Tommib Help Buss,,,,,,,,,,,,,,,,
Turbonegro,Boys From Nowhere,,,,,,,,,,,,,,,,
Gogol Bordello,Alcohol,,,,,,,,,,,,,,,,
Gogol Bordello,Never Young Again,,,,,,,,,,,,,,,,
Black Light Burns,Cruel Melody,,,,,,,,,,,,,,,,
Matt Pond Pa,It Is Safe,,,,,,,,,,,,,,,,
Katatonia,This Punishment,,,,,,,,,,,,,,,,
Sade,Like A Tattoo,,,,,,,,,,,,,,,,
Samuel Barber,Adagio For Strings,,,,,,,,,,,,,,,,
Lupe Fiasco,Go Go Gadget Flow,,,,,,,,,,,,,,,,
Fort Minor,Where'D You Go (Feat. Holly Brook And Jonah Matranga),,,,,,,,,,,,,,,,
Iron Maiden,Where Eagles Dare,,,,,,,,,,,,,,,,
Elbow,Switching Off,,,,,,,,,,,,,,,,
Yo La Tengo,We'Re An American Band,,,,,,,,,,,,,,,,
Killswitch Engage,Break The Silence,,,,,,,,,,,,,,,,
Jill Scott,Come See Me,,,,,,,,,,,,,,,,
Suede,Moving,,,,,,,,,,,,,,,,
Bonnie 'Prince' Billy,Master And Everyone,,,,,,,,,,,,,,,,
Grandmaster Flash & The Furious Five,The Message,,,,,,,,,,,,,,,,
The View,Face For The Radio,,,,,,,,,,,,,,,,
Black Sabbath,A National Acrobat,,,,,,,,,,,,,,,,
Helios,The Toy Garden,,,,,,,,,,,,,,,,
Riverside,Dance With The Shadow,,,,,,,,,,,,,,,,
Chrisette Michele,If I Have My Way,,,,,,,,,,,,,,,,
Deathstars,Trinity Fields,,,,,,,,,,,,,,,,
Death From Above 1979,Sexy Results (Mstrkrft Edition),0.8,0.6,0.8,0.2,0.8,0.8,0.0,0.0,0.0,0.0,0.0,0.0,1.0,1.0,1.0,0.0
Lamb Of God,Break You,,,,,,,,,,,,,,,,
Death Cab For Cutie,President Of What,,,,,,,,,,,,,,,,
Death From Above 1979,My Love Is Shared,,,,,,,,,,,,,,,,
Eels,Trouble With Dreams,,,,,,,,,,,,,,,,
Gang Of Four,Why Theory?,,,,,,,,,,,,,,,,
Télépopmusik,Love'S Almighty,,,,,,,,,,,,,,,,
Megadeth,Countdown To Extinction,,,,,,,,,,,,,,,,
The Beatles,Being For The Benefit Of Mr. Kite! / I Want You (She'S So Heavy) / Helter Skelter,,,,,,,,,,,,,,,,
Télépopmusik,Stop Running Away,,,,,,,,,,,,,,,,
Avantasia,Carry Me Over,,,,,,,,,,,,,,,,
The Dandy Warhols,The Dandy Warhols Love Almost Everyone,,,,,,,,,,,,,,,,
Moonspell,Soulitary Vice,,,,,,,,,,,,,,,,
Philip Glass,Metamorphosis One,,,,,,,,,,,,,,,,
Trentemøller,Take Me Into Your Skin,,,,,,,,,,,,,,,,
Boards Of Canada,One Very Important Thought,,,,,,,,,,,,,,,,
The Horrors,Death At The Chapel,,,,,,,,,,,,,,,,
Queensrÿche,Spreading The Disease,,,,,,,,,,,,,,,,
The Jesus And Mary Chain,My Little Underground,,,,,,,,,,,,,,,,
The Morning After Girls,Always Mine,,,,,,,,,,,,,,,,
Archive,Fuck U,,,,,,,,,,,,,,,,
Architecture In Helsinki,Vanishing,,,,,,,,,,,,,,,,
The Specials,Monkey Man,,,,,,,,,,,,,,,,
Spoon,Take A Walk,,,,,,,,,,,,,,,,
Jupiter One,Mystery Man,,,,,,,,,,,,,,,,
Caribou,Irene,,,,,,,,,,,,,,,,
The Spinto Band,Trust Vs. Mistrust,,,,,,,,,,,,,,,,
Turbonegro,Stroke The Shaft,1.0,0.8,0.0,0.2,1.0,0.8,0.0,0.0,0.0,0.0,0.0,0.0,0.0,0.0,0.8,0.0
*Nsync,Tearin' Up My Heart,,,,,,,,,,,,,,,,
Blind Guardian,Mr. Sandman,,,,,,,,,,,,,,,,
Feeder,High,,,,,,,,,,,,,,,,
British Sea Power,A Trip Out,,,,,,,,,,,,,,,,
British Sea Power,No Need To Cry,,,,,,,,,,,,,,,,
British Sea Power,Men Together Today,,,,,,,,,,,,,,,,
Ramones,Needles And Pins,,,,,,,,,,,,,,,,
The Roots,False Media,,,,,,,,,,,,,,,,
My Brightest Diamond,Disappear,,,,,,,,,,,,,,,,
Ramones,Loudmouth,,,,,,,,,,,,,,,,
The Rosebuds,Boxcar,,,,,,,,,,,,,,,,
Primal Scream,Can'T Go Back,,,,,,,,,,,,,,,,
Shiny Toy Guns,Jackie Will Save Me,,,,,,,,,,,,,,,,
The Organ,Memorize The City,,,,,,,,,,,,,,,,
Devendra Banhart,We All Know,,,,,,,,,,,,,,,,
Public Enemy,Don'T Believe The Hype,,,,,,,,,,,,,,,,
The Brian Jonestown Massacre,Take It From The Man,,,,,,,,,,,,,,,,
Bright Eyes,Blue Angels Air Show,,,,,,,,,,,,,,,,
Devendra Banhart,Seahorse,,,,,,,,,,,,,,,,
Minus The Bear,Spritz!!! Spritz!!!,,,,,,,,,,,,,,,,
Devendra Banhart,Rejoicing In The Hands,,,,,,,,,,,,,,,,
Steve Miller Band,Abracadabra,,,,,,,,,,,,,,,,
The Chemical Brothers,Dig Your Own Hole,,,,,,,,,,,,,,,,
Pantera,By Demons Be Driven,,,,,,,,,,,,,,,,
Dimmu Borgir,For The World To Dictate Our Death,,,,,,,,,,,,,,,,
Madeleine Peyroux,Once In A While,,,,,,,,,,,,,,,,
Lacuna Coil,Aeon,,,,,,,,,,,,,,,,
Sugarcult,Champagne,,,,,,,,,,,,,,,,
Dimmu Borgir,Unorthodox Manifesto,,,,,,,,,,,,,,,,
The Brian Jonestown Massacre,Servo,,,,,,,,,,,,,,,,
Moonsorrow,Tuulen Tytär / Soturin Tie,,,,,,,,,,,,,,,,
Kimya Dawson,The Beer,,,,,,,,,,,,,,,,
Moonsorrow,Pimeä,,,,,,,,,,,,,,,,
Social Distortion,Reach For The Sky,,,,,,,,,,,,,,,,
Guster,Careful,,,,,,,,,,,,,,,,
Babyshambles,Back From The Dead,,,,,,,,,,,,,,,,
The Chemical Brothers,It Began In Afrika,,,,,,,,,,,,,,,,
Lo-Fi-Fnk,What'S On Your Mind?,0.6,0.4,0.8,0.4,0.2,0.0,0.0,0.0,0.0,0.0,0.0,0.0,0.8,0.6,0.4,0.0
Phantom Planet,Always On My Mind,,,,,,,,,,,,,,,,
The Tough Alliance,First Class Riot,,,,,,,,,,,,,,,,
Radiohead,Killer Cars,,,,,,,,,,,,,,,,
Feeder,Shatter,,,,,,,,,,,,,,,,
And One,Panzermensch,,,,,,,,,,,,,,,,
In Flames,December Flower,1.0,1.0,0.0,0.0,1.0,1.0,0.0,0.0,0.0,0.0,0.0,0.0,0.0,0.0,0.8,0.0
Dimmu Borgir,The Maelstrom Mephisto,,,,,,,,,,,,,,,,
Epica,Never Enough,1.0,1.0,0.0,0.4,1.0,1.0,0.0,0.8,0.0,0.2,0.0,0.0,0.6,0.4,0.8,0.0
Lifehouse,Somebody Else'S Song,,,,,,,,,,,,,,,,
Silversun Pickups,The Royal We,,,,,,,,,,,,,,,,
Leaves' Eyes,For Amelie,,,,,,,,,,,,,,,,
Jefferson Airplane,Lather,,,,,,,,,,,,,,,,
Draconian,The Solitude,,,,,,,,,,,,,,,,
Bob Dylan,When The Deal Goes Down,,,,,,,,,,,,,,,,
Depeche Mode,Enjoy The Silence (Reinterpreted),,,,,,,,,,,,,,,,
The Jesus And Mary Chain,Happy Place,,,,,,,,,,,,,,,,
Enya,Watermark,,,,,,,,,,,,,,,,
Underoath,I'M Content With Losing,,,,,,,,,,,,,,,,
Timbaland,Fantasy (Feat. Money),,,,,,,,,,,,,,,,
The La'S,Son Of A Gun,,,,,,,,,,,,,,,,
Bebel Gilberto,Samba Da Benção,,,,,,,,,,,,,,,,
Sufjan Stevens,Kaskaskia River,,,,,,,,,,,,,,,,
Jet,Rollover D.J.,,,,,,,,,,,,,,,,
Sufjan Stevens,Out Of Egypt,,,,,,,,,,,,,,,,
The Gutter Twins,The Stations,,,,,,,,,,,,,,,,
Dido,Take My Hand,,,,,,,,,,,,,,,,
Dinosaur Jr.,In A Jar,,,,,,,,,,,,,,,,
Mazzy Star,Give You My Lovin',,,,,,,,,,,,,,,,
Pantera,Use My Third Arm,,,,,,,,,,,,,,,,
Broken Social Scene,Anthems For A Seventeen Year Old Girl,,,,,,,,,,,,,,,,
Hot Chip,In The Privacy Of Our Love,,,,,,,,,,,,,,,,
Dionne Warwick,Walk On By,,,,,,,,,,,,,,,,
Dio,Stand Up And Shout,,,,,,,,,,,,,,,,
Fc Kahuna,Hayling,,,,,,,,,,,,,,,,
Bob Marley & The Wailers,Exodus,,,,,,,,,,,,,,,,
Madonna,Impressive Instant,,,,,,,,,,,,,,,,
Pixies,Bird Dream Of The Olympus Mons,,,,,,,,,,,,,,,,
Gwen Stefani,Danger Zone,,,,,,,,,,,,,,,,
The Jesus And Mary Chain,Nine Million Rainy Days,,,,,,,,,,,,,,,,
Thrice,The Artist In The Ambulance,,,,,,,,,,,,,,,,
Kraftwerk,Spacelab,,,,,,,,,,,,,,,,
Enya,Afer Ventus,,,,,,,,,,,,,,,,
Children Of Bodom,Children Of Bodom,,,,,,,,,,,,,,,,
Him,Bleed Well,,,,,,,,,,,,,,,,
Him,Our Diabolikal Rapture,,,,,,,,,,,,,,,,
Bloodbath,Ways To The Grave,,,,,,,,,,,,,,,,
The Cult,Rain,,,,,,,,,,,,,,,,
Arctic Monkeys,Space Invaders,,,,,,,,,,,,,,,,
Mamonas Assassinas,Chopis Centis,,,,,,,,,,,,,,,,
Lunatic Calm,Leave You Far Behind,,,,,,,,,,,,,,,,
Cansei De Ser Sexy,Fuck Off Is Not The Only Thing You Have To Show,,,,,,,,,,,,,,,,
Bruce Dickinson,Abduction,,,,,,,,,,,,,,,,
שירי מימון,Time To Say Goodbye,,,,,,,,,,,,,,,,
The Pogues,Streams Of Whiskey,,,,,,,,,,,,,,,,
Patrick Wolf,The Shadowsea,,,,,,,,,,,,,,,,
Tiësto,Touch Me,,,,,,,,,,,,,,,,
Fergie,Labels Or Love,,,,,,,,,,,,,,,,
Soft Cell,Sex Dwarf,,,,,,,,,,,,,,,,
Boards Of Canada,Hi Scores,,,,,,,,,,,,,,,,
The Dandy Warhols,I Am Sound,,,,,,,,,,,,,,,,
Jonas Brothers,Video Girl,,,,,,,,,,,,,,,,
John Mayer,Why Georgia,,,,,,,,,,,,,,,,
Black Star,Thieves In The Night,,,,,,,,,,,,,,,,
David Bowie,Song For Bob Dylan,,,,,,,,,,,,,,,,
Doves,Someday Soon,,,,,,,,,,,,,,,,
Acceptance,In The Cold,,,,,,,,,,,,,,,,
The Black Keys,Brooklyn Bound,,,,,,,,,,,,,,,,
Acceptance,The Letter,,,,,,,,,,,,,,,,
Röyksopp,Remind Me (Someone Else'S Radio Remix),,,,,,,,,,,,,,,,
Warrel Dane,Let You Down,,,,,,,,,,,,,,,,
At The Gates,World Of Lies,,,,,,,,,,,,,,,,
Tiamat,Wings Of Heaven,,,,,,,,,,,,,,,,
Grateful Dead,Brokedown Palace,,,,,,,,,,,,,,,,
Rage Against The Machine,Down On The Street,,,,,,,,,,,,,,,,
Korpiklaani,Beer Beer,,,,,,,,,,,,,,,,
The Dandy Warhols,Insincere Because I,,,,,,,,,,,,,,,,
Snow Patrol,The Last Shot Ringing In My Ears,,,,,,,,,,,,,,,,
Sentenced,Neverlasting,,,,,,,,,,,,,,,,
Gary Numan,Are 'Friends' Electric?,,,,,,,,,,,,,,,,
Billie Holiday,Good Morning Heartache,,,,,,,,,,,,,,,,
Pearl Jam,Mfc,,,,,,,,,,,,,,,,
Sea Wolf,You'Re A Wolf,,,,,,,,,,,,,,,,
Craig Armstrong,In My Own Words,,,,,,,,,,,,,,,,
Sculptured,Lit By The Light Of Morning,,,,,,,,,,,,,,,,
The Be Good Tanyas,The Littlest Birds,,,,,,,,,,,,,,,,
:Wumpscut:,Don'T Go,,,,,,,,,,,,,,,,
The Prodigy,No Good,0.8,0.8,1.0,0.4,0.0,0.0,0.0,0.0,0.0,0.0,0.0,0.0,1.0,1.0,0.0,0.0
Nine Inch Nails,31 Ghosts Iv,,,,,,,,,,,,,,,,
Brakes,Ring A Ding Ding,,,,,,,,,,,,,,,,
A-Ha,Train Of Thought,,,,,,,,,,,,,,,,
Korpiklaani,Fields In Flames,,,,,,,,,,,,,,,,
Doves,Rise,,,,,,,,,,,,,,,,
Katatonia,Day,,,,,,,,,,,,,,,,
Boy Kill Boy,On And On,,,,,,,,,,,,,,,,
P.O.D.,Sleeping Awake,,,,,,,,,,,,,,,,
St. Germain,Deep In It,,,,,,,,,,,,,,,,
Doves,Kingdom Of Rust,,,,,,,,,,,,,,,,
Boards Of Canada,Opening The Mouth,,,,,,,,,,,,,,,,
Elbow,Coming Second,,,,,,,,,,,,,,,,
The Black Keys,Act Nice And Gentle,,,,,,,,,,,,,,,,
Lamb Of God,Blood Of The Scribe,,,,,,,,,,,,,,,,
Moloko,Cannot Contain This,,,,,,,,,,,,,,,,
Sentenced,With Bitterness And Joy,,,,,,,,,,,,,,,,
Eels,It'S A Motherfucker,,,,,,,,,,,,,,,,
Lamb,Zero,,,,,,,,,,,,,,,,
Voxtrot,Firecracker,,,,,,,,,,,,,,,,
Interpol,Precipitate,,,,,,,,,,,,,,,,
The Knife,Vegetarian Restaurant,,,,,,,,,,,,,,,,
The Shins,Know Your Onion,,,,,,,,,,,,,,,,
Eels,Elizabeth On The Bathroom Floor,,,,,,,,,,,,,,,,
Weezer,Simple Pages,,,,,,,,,,,,,,,,
Orbital,Halcyon + On + On,,,,,,,,,,,,,,,,
Helios,Paper Tiger,,,,,,,,,,,,,,,,
Porcupine Tree,Russia On Ice,,,,,,,,,,,,,,,,
Poison,Dead Flowers,,,,,,,,,,,,,,,,
Os Mutantes,Bat Macumba,,,,,,,,,,,,,,,,
Gojira,Where Dragons Dwell,,,,,,,,,,,,,,,,
Boards Of Canada,Corsair,,,,,,,,,,,,,,,,
Metallica,Instrumental,,,,,,,,,,,,,,,,
Nine Inch Nails,Starfuckers Inc.,,,,,,,,,,,,,,,,
Maná,Un Lobo Por Tu Amor,,,,,,,,,,,,,,,,
Basement Jaxx,Get Me Off,,,,,,,,,,,,,,,,
Maps,It Will Find You,,,,,,,,,,,,,,,,
A Tribe Called Quest,Mr. Muhammad,,,,,,,,,,,,,,,,
Enigma,Page Of Cups,,,,,,,,,,,,,,,,
The Hives,See Through Head,,,,,,,,,,,,,,,,
Ennio Morricone,For A Few Dollars More,,,,,,,,,,,,,,,,
Loreena Mckennitt,Dante'S Prayer,,,,,,,,,,,,,,,,
Hammerfall,Always Will Be,,,,,,,,,,,,,,,,
Nine Inch Nails,26 Ghosts Iii,,,,,,,,,,,,,,,,
Madonna,Cherish,,,,,,,,,,,,,,,,
The Knife,High School Poem,,,,,,,,,,,,,,,,
Los Bunkers,Canción Para Mañana,,,,,,,,,,,,,,,,
Cappadonna,Slang Editorial,,,,,,,,,,,,,,,,
Marilyn Manson,Antichrist Superstar,,,,,,,,,,,,,,,,
Mia.,$20,,,,,,,,,,,,,,,,
The Vines,Highly Evolved,,,,,,,,,,,,,,,,
Beirut,The Concubine,0.4,0.2,0.0,0.8,0.0,0.0,0.0,0.6,0.8,0.0,0.0,0.0,0.0,0.0,0.4,0.0
The Radio Dept.,Slottet #2,,,,,,,,,,,,,,,,
The Radio Dept.,South Side,,,,,,,,,,,,,,,,
The Radio Dept.,Strange Things Will Happen,,,,,,,,,,,,,,,,
Soilwork,Song Of The Damned,,,,,,,,,,,,,,,,
Los Campesinos!,Broken Heartbeats Sound Like Breakbeats,,,,,,,,,,,,,,,,
Moonspell,Finisterra,,,,,,,,,,,,,,,,
Soilwork,Needlefeast,,,,,,,,,,,,,,,,
Eels,Bus Stop Boxer,,,,,,,,,,,,,,,,
Sepultura,Dead Embryonic Cells,,,,,,,,,,,,,,,,
Afi,Synesthesia,,,,,,,,,,,,,,,,
Supergrass,Late In The Day,,,,,,,,,,,,,,,,
David Bowie,Velvet Goldmine,,,,,,,,,,,,,,,,
Skid Row,Piece Of Me,,,,,,,,,,,,,,,,
Dream Theater,Solitary Shell,,,,,,,,,,,,,,,,
Dream Theater,Hell'S Kitchen,,,,,,,,,,,,,,,,
Enigma,Feel Me Heaven,,,,,,,,,,,,,,,,
Prince & The Revolution,Let'S Go Crazy,,,,,,,,,,,,,,,,
Beth Gibbons & Rustin Man,Romance,,,,,,,,,,,,,,,,
Within Temptation,Caged,,,,,,,,,,,,,,,,
Prince & The Revolution,Purple Rain,,,,,,,,,,,,,,,,
Within Temptation,A Dangerous Mind,,,,,,,,,,,,,,,,
St. Vincent,Marry Me,,,,,,,,,,,,,,,,
The Kills,Sweet Cloud,,,,,,,,,,,,,,,,
Bloodhound Gang,The Inevitable Return Of The Great White Dope,,,,,,,,,,,,,,,,
Leonard Cohen,Who By Fire,,,,,,,,,,,,,,,,
Leann Rimes,Can'T Fight The Moonlight,,,,,,,,,,,,,,,,
Misfits,Lost In Space,,,,,,,,,,,,,,,,
Joaquin Phoenix,Ring Of Fire,,,,,,,,,,,,,,,,
Alter Bridge,Broken Wings,,,,,,,,,,,,,,,,
Mobb Deep,Temperature'S Rising,,,,,,,,,,,,,,,,
Ryan Adams,Oh My Sweet Carolina,,,,,,,,,,,,,,,,
Larrikin Love,Meet Me By The Getaway Car,,,,,,,,,,,,,,,,
The Dead Milkmen,Punk Rock Girl,,,,,,,,,,,,,,,,
Korn,Hypocrites,,,,,,,,,,,,,,,,
Oasis,I Am The Walrus (Live),,,,,,,,,,,,,,,,
Nick Cave & The Bad Seeds,Loverman,,,,,,,,,,,,,,,,
Brian Eno,In Dark Trees,,,,,,,,,,,,,,,,
Elbow,Powder Blue,,,,,,,,,,,,,,,,
As Blood Runs Black,My Fears Have Become Phobias,,,,,,,,,,,,,,,,
Howling Bells,Velvet Girl,,,,,,,,,,,,,,,,
Narsilion,El Llanto De Las Sirenas,,,,,,,,,,,,,,,,
The White Stripes,I Can Learn,,,,,,,,,,,,,,,,
Brian Eno,1/1,,,,,,,,,,,,,,,,
Broadcast,Still Feels Like Tears,,,,,,,,,,,,,,,,
Fightstar,Waste A Moment,,,,,,,,,,,,,,,,
Grandaddy,Guide Down Denied,,,,,,,,,,,,,,,,
Dissection,Maha Kali,,,,,,,,,,,,,,,,
Foo Fighters,On The Mend,,,,,,,,,,,,,,,,
Neko Case,Favorite,,,,,,,,,,,,,,,,
Nanne,Håll Om Mig,,,,,,,,,,,,,,,,
Arch Enemy,Enter The Machine,,,,,,,,,,,,,,,,
Britney Spears,Chaotic,,,,,,,,,,,,,,,,
Stam1Na,Likainen Parketti,,,,,,,,,,,,,,,,
Black Lips,Cold Hands,,,,,,,,,,,,,,,,
Mewithoutyou,Tie Me Up! Untie Me!,,,,,,,,,,,,,,,,
Korn,Alone I Break,,,,,,,,,,,,,,,,
Constantines,Working Full-Time,,,,,,,,,,,,,,,,
Constantines,Hard Feelings,,,,,,,,,,,,,,,,
The Gathering,Box,,,,,,,,,,,,,,,,
Blue Man Group,Rods And Cones,,,,,,,,,,,,,,,,
Catherine Wheel,Black Metallic,,,,,,,,,,,,,,,,
Tori Amos,Cloud On My Tongue,,,,,,,,,,,,,,,,
Tori Amos,Black-Dove (January),,,,,,,,,,,,,,,,
Skinny Puppy,Addiction,,,,,,,,,,,,,,,,
Rachael Yamagata,1963,,,,,,,,,,,,,,,,
Dispatch,Drive,,,,,,,,,,,,,,,,
Morbid Angel,Immortal Rites,,,,,,,,,,,,,,,,
Robert Plant & Alison Krauss,Stick With Me Baby,,,,,,,,,,,,,,,,
Jimi Hendrix,Third Stone From The Sun,,,,,,,,,,,,,,,,
Serena-Maneesh,Don'T Come Down Here,,,,,,,,,,,,,,,,
Vhs Or Beta,You Got Me,,,,,,,,,,,,,,,,
Nico,Little Sister,,,,,,,,,,,,,,,,
...And You Will Know Us By The Trail Of Dead,The Summer Of '91,,,,,,,,,,,,,,,,
Lily Allen,Cheryl Tweedy,,,,,,,,,,,,,,,,
John Legend,Each Day Gets Better,,,,,,,,,,,,,,,,
Peter Gabriel,In Your Eyes,,,,,,,,,,,,,,,,
Howling Bells,Wishing Stone,,,,,,,,,,,,,,,,
Electric Light Orchestra Part Ii,Roll Over Beethoven,,,,,,,,,,,,,,,,
Death,Bite The Pain,,,,,,,,,,,,,,,,
Xiu Xiu,Blacks,,,,,,,,,,,,,,,,
Tears For Fears,Memories Fade,,,,,,,,,,,,,,,,
Mewithoutyou,January 1979,,,,,,,,,,,,,,,,
The Black Crowes,Hotel Illness,,,,,,,,,,,,,,,,
Mew,Wherever,,,,,,,,,,,,,,,,
Dave Matthews Band,Two Step,,,,,,,,,,,,,,,,
坂本龍一,Merry Christmas Mr. Lawrence,,,,,,,,,,,,,,,,
Bad Religion,Punk Rock Song,,,,,,,,,,,,,,,,
Skinny Puppy,Tormentor,,,,,,,,,,,,,,,,
Mewithoutyou,We Know Who Our Enemies Are,,,,,,,,,,,,,,,,
Caribou,After Hours,,,,,,,,,,,,,,,,
Vive La Fête,Nuit Blanche,,,,,,,,,,,,,,,,
Stan Getz & João Gilberto,Desafinado,,,,,,,,,,,,,,,,
Espen Lind,Black Sunday,,,,,,,,,,,,,,,,
Aesop Rock,Coma,,,,,,,,,,,,,,,,
The Offspring,Killboy Powerhead,,,,,,,,,,,,,,,,
Afx,Boxing Day,,,,,,,,,,,,,,,,
Mystery Jets,Alas Agnes,,,,,,,,,,,,,,,,
The Automatic,That'S What She Said,,,,,,,,,,,,,,,,
Disturbed,Breathe,,,,,,,,,,,,,,,,
Michael Jackson,Billy Jean,,,,,,,,,,,,,,,,
Morrissey,Bengali In Platforms,,,,,,,,,,,,,,,,
Robert Plant & Alison Krauss,Rich Woman,,,,,,,,,,,,,,,,
Étienne Daho,Tombé Pour La France,,,,,,,,,,,,,,,,
Ladytron,Zmeyka,,,,,,,,,,,,,,,,
Michael Jackson,Leave Me Alone,,,,,,,,,,,,,,,,
Avenue D,2D2F,,,,,,,,,,,,,,,,
Madonna,Devil Wouldn'T Recognize You,,,,,,,,,,,,,,,,
Leonard Cohen,Last Year'S Man,,,,,,,,,,,,,,,,
Broadcast,Until Then,,,,,,,,,,,,,,,,
Broadcast,Michael A Grammar,,,,,,,,,,,,,,,,
Yo La Tengo,Paul Is Dead,,,,,,,,,,,,,,,,
Broadcast,Pendulum,,,,,,,,,,,,,,,,
Gonzales,Paristocrats,,,,,,,,,,,,,,,,
Glenn Branca,Lesson No. 1 For Electric Guitar,0.0,0.0,0.0,0.0,1.0,1.0,0.0,0.0,0.0,0.0,0.0,0.0,0.0,0.0,0.0,0.0
Amon Tobin,Verbal (Feat. Mc Decimal R),,,,,,,,,,,,,,,,
I Love You But I'Ve Chosen Darkness,Long Walk,,,,,,,,,,,,,,,,
Les Savy Fav,Rage In The Plague Age,,,,,,,,,,,,,,,,
Hammerfall,Crimson Thunder,,,,,,,,,,,,,,,,
Neutral Milk Hotel,Gardenhead/Leave Me Alone,,,,,,,,,,,,,,,,
Dave Gahan,Saw Something,,,,,,,,,,,,,,,,
Massive Attack,Incantations,,,,,,,,,,,,,,,,
Shpongle,Periscopes Of Consciousness,,,,,,,,,,,,,,,,
Drive-By Truckers,Goddamn Lonely Love,,,,,,,,,,,,,,,,
The Black Angels,The Return,,,,,,,,,,,,,,,,
The Format,Dead End,,,,,,,,,,,,,,,,
Something Corporate,Space,,,,,,,,,,,,,,,,
Burial,U Hurt Me,,,,,,,,,,,,,,,,
Johnny Cash,A Satisfied Mind,,,,,,,,,,,,,,,,
Weezer,Pardon Me,,,,,,,,,,,,,,,,
The Frames,Falling Slowly,,,,,,,,,,,,,,,,
Tristania,...Of Ruins And A Red Nightfall,,,,,,,,,,,,,,,,
Van Halen,Finish What Ya Started,,,,,,,,,,,,,,,,
Hooverphonic,Vinegar & Salt,,,,,,,,,,,,,,,,
Filter,Dose,1.0,0.8,0.0,0.2,1.0,1.0,0.0,0.0,0.0,0.0,0.0,0.0,0.0,0.0,0.8,0.0
Radiohead,4 Minute Warning,,,,,,,,,,,,,,,,
The Wallflowers,Sleepwalker,,,,,,,,,,,,,,,,
Grabba Grabba Tape,Dr. Groxtronix & Lil Kül Lol,,,,,,,,,,,,,,,,
Esthero,Country Livin' (The World I Know),,,,,,,,,,,,,,,,
The Zutons,Railroad,,,,,,,,,,,,,,,,
Flying Lotus,Tea Leaf Dancers,,,,,,,,,,,,,,,,
Moby,Jam For The Ladies,,,,,,,,,,,,,,,,
Black Flag,Can'T Decide,,,,,,,,,,,,,,,,
The Feeling,I Thought It Was Over,,,,,,,,,,,,,,,,
Glen Hansard,Lies,,,,,,,,,,,,,,,,
Rush,Show Don'T Tell,,,,,,,,,,,,,,,,
Koop,The Moonbounce,,,,,,,,,,,,,,,,
Shpongle,Outer Shpongolia,,,,,,,,,,,,,,,,
Jenny Wilson,Let My Shoes Lead Me Forward,0.6,0.4,0.8,0.6,0.0,0.0,0.0,0.0,0.0,0.2,0.0,0.0,0.8,0.6,0.6,0.0
My Bloody Valentine,Cigarette In Your Bed,,,,,,,,,,,,,,,,
The Sisters Of Mercy,A Rock And A Hard Place,,,,,,,,,,,,,,,,
Blind Guardian,This Will Never End,,,,,,,,,,,,,,,,
Goodbooks,Leni,,,,,,,,,,,,,,,,
Stephen Malkmus,Jenny And The Ess-Dog,,,,,,,,,,,,,,,,
Descendents,Suburban Home,,,,,,,,,,,,,,,,
Bruce Dickinson,Power Of The Sun,,,,,,,,,,,,,,,,
Faithless,We Come One,,,,,,,,,,,,,,,,
Travis,The Humpty Dumpty Love Song,,,,,,,,,,,,,,,,
Dapunksportif,My World Got Itself In A Hurry,,,,,,,,,,,,,,,,
The Cure,Secrets,,,,,,,,,,,,,,,,
The Cure,Push,,,,,,,,,,,,,,,,
Ted Leo And The Pharmacists,The High Party,,,,,,,,,,,,,,,,
Opeth,The Funeral Portrait,,,,,,,,,,,,,,,,
Smog,Cold Blooded Old Times,,,,,,,,,,,,,,,,
Björk,In The Musicals,,,,,,,,,,,,,,,,
Combichrist,This Is My Rifle,,,,,,,,,,,,,,,,
Hard-Fi,Watch Me Fall Apart,,,,,,,,,,,,,,,,
The Birthday Massacre,Blue,,,,,,,,,,,,,,,,
Status Quo,Caroline,,,,,,,,,,,,,,,,
Ramones,Poison Heart,,,,,,,,,,,,,,,,
Destroyer,3000 Flowers,,,,,,,,,,,,,,,,
Stereophonics,Daisy Lane,,,,,,,,,,,,,,,,
Destiny'S Child,Say My Name,,,,,,,,,,,,,,,,
Tactical Sekt,Devils Work,,,,,,,,,,,,,,,,
Tv On The Radio,Wash The Day,,,,,,,,,,,,,,,,
Shpongle,Nothing Lasts...,,,,,,,,,,,,,,,,
The Wildhearts,My Baby Is A Headfuck,,,,,,,,,,,,,,,,
Madvillain,Sickfit,,,,,,,,,,,,,,,,
Spacemen 3,Feel So Good,,,,,,,,,,,,,,,,
Girls Aloud,No Good Advice,,,,,,,,,,,,,,,,
Refused,Bruitist Pome #5,,,,,,,,,,,,,,,,
New Young Pony Club,Fan,,,,,,,,,,,,,,,,
Johnny Cash,A Legend In My Time,,,,,,,,,,,,,,,,
Mindless Self Indulgence,Prom,,,,,,,,,,,,,,,,
Millencolin,No Cigar,,,,,,,,,,,,,,,,
Carla Bruni,Chanson Triste,,,,,,,,,,,,,,,,
Herbert,Those Feelings,,,,,,,,,,,,,,,,
Tom Vek,A Little Word In Your Ear,,,,,,,,,,,,,,,,
Plain White T'S,All That We Needed,,,,,,,,,,,,,,,,
Husky Rescue,Gasoline Girl,,,,,,,,,,,,,,,,
Zana Aliu,Vljubena (Fyr Macedonia),,,,,,,,,,,,,,,,
Judas Priest,Heavy Metal,,,,,,,,,,,,,,,,
Manu Chao,La Primavera,0.6,0.4,0.0,0.8,0.6,0.2,0.8,0.0,0.0,0.0,0.0,0.0,0.0,0.0,0.6,0.0
Dark Funeral,666 Voices Inside,,,,,,,,,,,,,,,,
Helloween,Where The Rain Grows,,,,,,,,,,,,,,,,
Faithless,Swingers,,,,,,,,,,,,,,,,
Bic Runga,Sway,,,,,,,,,,,,,,,,
The Bird And The Bee,Polite Dance Song,,,,,,,,,,,,,,,,
Eurythmics,Right By Your Side,,,,,,,,,,,,,,,,
Josh Ritter,Right Moves,,,,,,,,,,,,,,,,
Built To Spill,Saturday,,,,,,,,,,,,,,,,
Pj Harvey,The Life & Death Of Mr. Badmouth,0.8,0.8,0.0,0.4,0.8,0.8,0.0,0.0,0.0,0.0,0.0,0.0,0.0,0.0,0.8,0.0
Pain Of Salvation,Undertow,,,,,,,,,,,,,,,,
Amorphis,Shaman,,,,,,,,,,,,,,,,
Emilie Autumn,God Help Me,,,,,,,,,,,,,,,,
Kelly Clarkson,You Found Me,,,,,,,,,,,,,,,,
Slayer,Blood Red,,,,,,,,,,,,,,,,
Built To Spill,In The Morning,,,,,,,,,,,,,,,,
Flipsyde,Someday,,,,,,,,,,,,,,,,
Stereophonics,You'Re My Star,,,,,,,,,,,,,,,,
Ac/Dc,Smash 'N' Grab,,,,,,,,,,,,,,,,
Mr. Bungle,Stubb (A Dub),,,,,,,,,,,,,,,,
Rush,Jacob'S Ladder,,,,,,,,,,,,,,,,
Lush,Ladykillers,,,,,,,,,,,,,,,,
The Frames,Revelate,,,,,,,,,,,,,,,,
Ellen Allien,Naked Rain,,,,,,,,,,,,,,,,
Echo & The Bunnymen,Stars Are Stars,,,,,,,,,,,,,,,,
U2,Unchained Melody,,,,,,,,,,,,,,,,
The Rakes,All Too Human,,,,,,,,,,,,,,,,
Chris Garneau,Relief,,,,,,,,,,,,,,,,
To/Die/For,Crimson Twins,,,,,,,,,,,,,,,,
The Frames,Finally,,,,,,,,,,,,,,,,
Mogwai,Radar Maker,,,,,,,,,,,,,,,,
Apostle Of Hustle,My Sword Hand'S Anger,,,,,,,,,,,,,,,,
Volbeat,Still Counting,,,,,,,,,,,,,,,,
Dark Tranquillity,Dry Run,,,,,,,,,,,,,,,,
Faith No More,The Real Thing,,,,,,,,,,,,,,,,
Imogen Heap,Candlelight,,,,,,,,,,,,,,,,
Antony And The Johnsons,Dust And Water,,,,,,,,,,,,,,,,
Finley Quaye & William Orbit,Dice,,,,,,,,,,,,,,,,
Antony And The Johnsons,Everglade,,,,,,,,,,,,,,,,
Idlewild,These Wooden Ideas,,,,,,,,,,,,,,,,
Flipsyde,Happy Birthday,,,,,,,,,,,,,,,,
Ramones,Surfin' Bird,,,,,,,,,,,,,,,,
Kanye West,Hey Mama,,,,,,,,,,,,,,,,
Destroyer,European Oils,,,,,,,,,,,,,,,,
Slagsmålsklubben,Rakade Ögonbryn Ska Det Vara,,,,,,,,,,,,,,,,
De La Soul,Eye Know,,,,,,,,,,,,,,,,
De La Soul,Change In Speak,,,,,,,,,,,,,,,,
Oasis,My Big Mouth,,,,,,,,,,,,,,,,
Amy Winehouse,You Sent Me Flying / Cherry,,,,,,,,,,,,,,,,
Nightwish,Kuolema Tekee Taiteilijan,,,,,,,,,,,,,,,,
Nouvelle Vague,Fade To Grey,,,,,,,,,,,,,,,,
Yann Tiersen,Mother,,,,,,,,,,,,,,,,
Booka Shade,Paper Moon,0.2,0.2,1.0,0.6,0.0,0.0,0.0,0.0,0.0,0.0,0.0,0.0,1.0,0.8,0.0,0.0
Bel Canto,Buthania,,,,,,,,,,,,,,,,
Beck,Pay No Mind (Snoozer),,,,,,,,,,,,,,,,
Morrissey,Sunny,,,,,,,,,,,,,,,,
Sloan,Everybody Wants You,,,,,,,,,,,,,,,,
Rick James,Super Freak,,,,,,,,,,,,,,,,
Hawthorne Heights,This Is Who We Are,,,,,,,,,,,,,,,,
Beth Orton,Safe In Your Arms,,,,,,,,,,,,,,,,
Shakedown,At Night,,,,,,,,,,,,,,,,
Beth Orton,Stolen Car,,,,,,,,,,,,,,,,
John Frusciante,Time Tonight,,,,,,,,,,,,,,,,
Pinback,Afk,,,,,,,,,,,,,,,,
Pulp,Happy Endings,,,,,,,,,,,,,,,,
Minus The Bear,The Game Needed Me,,,,,,,,,,,,,,,,
Fleetwood Mac,Gold Dust Woman,,,,,,,,,,,,,,,,
Joan As Police Woman,Christobel,0.8,0.4,0.0,0.4,0.4,0.0,0.0,0.0,0.0,0.8,0.0,0.6,0.2,0.2,0.8,0.0
Travis,Colder,,,,,,,,,,,,,,,,
Dj Shadow,Napalm Brain/Scatter Brain,,,,,,,,,,,,,,,,
Incubus,Pantomime,,,,,,,,,,,,,,,,
Devendra Banhart,I Feel Just Like A Child,,,,,,,,,,,,,,,,
Kelly Clarkson,I Hate Myself For Losing You,,,,,,,,,,,,,,,,
Iron & Wine,Sixteen Maybe Less,,,,,,,,,,,,,,,,
Taking Back Sunday,Little Devotional,,,,,,,,,,,,,,,,
Rufus Wainwright,Slideshow,,,,,,,,,,,,,,,,
Oasis,Who Feels Love?,,,,,,,,,,,,,,,,
Jeff Buckley,Morning Theft,,,,,,,,,,,,,,,,
The Futureheads,Favours For Favours,,,,,,,,,,,,,,,,
Pendulum,Violet Hill,,,,,,,,,,,,,,,,
The Future Sound Of London,Herd Killing,,,,,,,,,,,,,,,,
Cake,Let Me Go,,,,,,,,,,,,,,,,
My Latest Novel,Pretty In A Panic,,,,,,,,,,,,,,,,
Audio Lotion,Aquitane,,,,,,,,,,,,,,,,
Dark Tranquillity,To A Bitter Halt,,,,,,,,,,,,,,,,
Holy Fuck,Super Inuit (Studio),,,,,,,,,,,,,,,,
Fiona Apple,Waltz (Better Than Fine),,,,,,,,,,,,,,,,
Jack Johnson,Losing Hope,,,,,,,,,,,,,,,,
Keyshia Cole,Was It Worth It,,,,,,,,,,,,,,,,
Hadouken!,Game Over,,,,,,,,,,,,,,,,
Rooney,Blueside,,,,,,,,,,,,,,,,
Get Set Go,Wait,,,,,,,,,,,,,,,,
The Velvet Underground,Lisa Says,,,,,,,,,,,,,,,,
Sonic Syndicate,Unknown Entity,,,,,,,,,,,,,,,,
Ac/Dc,Put The Finger On You,,,,,,,,,,,,,,,,
Ac/Dc,It'S A Long Way To The Top (If You Wanna Rock 'N' Roll),,,,,,,,,,,,,,,,
The Futureheads,Area,,,,,,,,,,,,,,,,
Rufus Wainwright,Cigarettes And Chocolate Milk (Reprise),,,,,,,,,,,,,,,,
Deftones,Teenager (Idiot Version),,,,,,,,,,,,,,,,
Jeff Buckley,Opened Once,,,,,,,,,,,,,,,,
Bright Eyes,Falling Out Of Love At This Volume,,,,,,,,,,,,,,,,
Marilyn Manson,Mutilation Is The Most Sincere Form Of Flattery,,,,,,,,,,,,,,,,
Guns N' Roses,Human Being,,,,,,,,,,,,,,,,
Pati Yang,Reverse The Day,,,,,,,,,,,,,,,,
Evan Rachel Wood,Blackbird,,,,,,,,,,,,,,,,
Evan Rachel Wood,Hold Me Tight,,,,,,,,,,,,,,,,
Motörhead,Metropolis,,,,,,,,,,,,,,,,
The Raveonettes,Seductress Of Bums,,,,,,,,,,,,,,,,
Marilyn Manson,Cryptorchid,0.6,0.4,0.8,0.4,0.4,0.6,0.0,0.6,0.0,0.0,0.4,0.0,0.8,1.0,0.4,0.0
Manu Chao,Merry Blues,,,,,,,,,,,,,,,,
Aqualung,You Turn Me Round,,,,,,,,,,,,,,,,
Love,The Red Telephone,,,,,,,,,,,,,,,,
Outkast,Roses,,,,,,,,,,,,,,,,
Limp Bizkit,Full Nelson,,,,,,,,,,,,,,,,
Shakira,Te Dejo Madrid,,,,,,,,,,,,,,,,
Shakira,Moscas En La Casa,,,,,,,,,,,,,,,,
Ministry,N.W.O.,,,,,,,,,,,,,,,,
Rammstein,Heirate Mich,,,,,,,,,,,,,,,,
Boards Of Canada,Under The Coke Sign,,,,,,,,,,,,,,,,
Slipknot,Vermillion,1.0,1.0,0.0,0.2,1.0,1.0,0.0,0.0,0.0,0.0,0.0,0.0,0.0,0.0,1.0,0.0
Suzanne Vega,Marlene On The Wall,0.8,0.4,0.0,0.6,0.2,0.0,0.8,0.0,0.0,0.0,0.0,0.0,0.0,0.0,0.6,0.0
Opeth,Bleak,,,,,,,,,,,,,,,,
Ugly Casanova,Spilled Milk Factory,,,,,,,,,,,,,,,,
Lamb Of God,Descending,,,,,,,,,,,,,,,,
Deerhunter,Heatherwood,,,,,,,,,,,,,,,,
The Clash,Police On My Back,,,,,,,,,,,,,,,,
:Wumpscut:,Hard To Bear,,,,,,,,,,,,,,,,
Dead Meadow,At Her Open Door,,,,,,,,,,,,,,,,
山根ミチル,Crucifix Held Close,,,,,,,,,,,,,,,,
My Brightest Diamond,Freak Out,,,,,,,,,,,,,,,,
Kante,Wenn Man Im Atmen Innehält,,,,,,,,,,,,,,,,
Evanescence,Lies,,,,,,,,,,,,,,,,
Anna Ternheim,Better Be,0.4,0.2,0.0,0.4,0.2,0.0,0.8,0.6,0.0,0.6,0.0,0.0,0.0,0.0,0.4,0.0
The Brian Jonestown Massacre,Who Cares Why,,,,,,,,,,,,,,,,
The Hold Steady,Constructive Summer,,,,,,,,,,,,,,,,
Telefon Tel Aviv,Ttv,,,,,,,,,,,,,,,,
Regina Spektor,Real Love,,,,,,,,,,,,,,,,
Marilyn Manson,New Model No. 15,,,,,,,,,,,,,,,,
The Go! Team,Doing It Right,,,,,,,,,,,,,,,,
Cake,Arco Arena,,,,,,,,,,,,,,,,
José González,Love Will Tear Us Apart,,,,,,,,,,,,,,,,
Jamie T,Dry Off Your Cheeks,,,,,,,,,,,,,,,,
Sham 69,If The Kids Are United,,,,,,,,,,,,,,,,
Akira Yamaoka,Your Rain,,,,,,,,,,,,,,,,
Pati Yang,Unquiet,,,,,,,,,,,,,,,,
Hawkwind,Brainstorm,,,,,,,,,,,,,,,,
Hawkwind,The Watcher,,,,,,,,,,,,,,,,
The Beatles,You Can'T Do That,,,,,,,,,,,,,,,,
Gotan Project,Notas,,,,,,,,,,,,,,,,
Can,I Want More,,,,,,,,,,,,,,,,
Carcass,Keep On Rotting In The Free World,,,,,,,,,,,,,,,,
Strapping Young Lad,Shine,,,,,,,,,,,,,,,,
The Beatles,You Like Me Too Much,,,,,,,,,,,,,,,,
Beastie Boys,Remote Control,,,,,,,,,,,,,,,,
The Go! Team,The Wrath Of Marcie,,,,,,,,,,,,,,,,
Why?,Crushed Bones,,,,,,,,,,,,,,,,
Metronomy,A Thing For Me,,,,,,,,,,,,,,,,
Beastie Boys,Suco De Tangerina,,,,,,,,,,,,,,,,
The Killers,Who Let You Go?,,,,,,,,,,,,,,,,
Bauhaus,Telegram Sam,,,,,,,,,,,,,,,,
Bonnie 'Prince' Billy,Easy Does It,,,,,,,,,,,,,,,,
Brave,Dark Waters,,,,,,,,,,,,,,,,
Au Revoir Simone,The Winter Song,,,,,,,,,,,,,,,,
Ramones,I Remember You,,,,,,,,,,,,,,,,
The Raveonettes,Expelled From Love,,,,,,,,,,,,,,,,
Ulrich Schnauss,Between Us And Them,0.6,0.4,1.0,0.0,0.0,0.0,0.0,0.6,0.0,0.0,0.0,0.0,1.0,0.2,0.0,0.0
Kent,Ff,,,,,,,,,,,,,,,,
Combichrist,Can'T Change The Beat,0.0,0.0,1.0,0.0,0.0,0.0,0.0,0.0,0.0,0.0,0.0,0.0,1.0,1.0,0.0,0.0
Darkthrone,The Beast,1.0,1.0,0.0,0.0,1.0,1.0,0.0,0.0,0.0,0.0,0.0,0.0,0.0,0.0,0.8,0.0
The Pains Of Being Pure At Heart,Contender,,,,,,,,,,,,,,,,
Tori Amos,The Power Of Orange Knickers,,,,,,,,,,,,,,,,
Scar Symmetry,Oscillation Point,,,,,,,,,,,,,,,,
Telefon Tel Aviv,My Week Beats Your Year,,,,,,,,,,,,,,,,
Say Anything,Spidersong,,,,,,,,,,,,,,,,
She & Him,Black Hole,,,,,,,,,,,,,,,,
Scar Symmetry,Dominion,,,,,,,,,,,,,,,,
Shearwater,Century Eyes,0.8,0.6,0.0,0.4,0.8,0.6,0.0,0.0,0.0,0.0,0.0,0.0,0.4,0.4,0.8,0.0
Scar Symmetry,Obscure Alliance,,,,,,,,,,,,,,,,
Roxy Music,Ladytron,0.6,0.4,0.0,0.2,0.4,0.2,0.0,0.2,0.0,0.0,0.0,0.0,0.8,0.6,0.8,0.0
The Smashing Pumpkins,7 Shades Of Black,,,,,,,,,,,,,,,,
Placebo,Soulmates,,,,,,,,,,,,,,,,
The Twilight Singers,King Only,,,,,,,,,,,,,,,,
The National,Wasp Nest,,,,,,,,,,,,,,,,
Pinback,Bouquet,,,,,,,,,,,,,,,,
Anton Maiden,No Prayer For The Dying,,,,,,,,,,,,,,,,
Tegan And Sara,Terrible Storm,,,,,,,,,,,,,,,,
Au Revoir Simone,Backyards Of Our Neighbors,,,,,,,,,,,,,,,,
Anathema,Don'T Look Too Far,,,,,,,,,,,,,,,,
Blur,He Thought Of Cars,,,,,,,,,,,,,,,,
Hypocrisy,Seeds Of The Chosen One,,,,,,,,,,,,,,,,
The Raveonettes,Attack Of The Ghost Riders,,,,,,,,,,,,,,,,
Amorphis,Summer'S End,,,,,,,,,,,,,,,,
Toxic Holocaust,War Is Hell,,,,,,,,,,,,,,,,
My Dying Bride,My Wine In Silence,,,,,,,,,,,,,,,,
Yann Tiersen,La Parade,,,,,,,,,,,,,,,,
The Long Blondes,Round The Hairpin,,,,,,,,,,,,,,,,
Can,Mushroom,,,,,,,,,,,,,,,,
The All-American Rejects,Your Star,,,,,,,,,,,,,,,,
Everclear,I Will Buy You A New Life,,,,,,,,,,,,,,,,
Beyoncé & Shakira,Beautiful Liar (Freemasons Radio Vox),,,,,,,,,,,,,,,,
Machinae Supremacy,Overworld,,,,,,,,,,,,,,,,
The Beatles,Eleanor Rigby (Mono),,,,,,,,,,,,,,,,
The Prodigy,Break & Enter,,,,,,,,,,,,,,,,
The Blow,Hey Boy,,,,,,,,,,,,,,,,
Machinae Supremacy,Ninja,,,,,,,,,,,,,,,,
Underoath,The Blue Note,,,,,,,,,,,,,,,,
Kate Bush,Mother Stands For Comfort,,,,,,,,,,,,,,,,
Clutch,The Mob Goes Wild,,,,,,,,,,,,,,,,
Atb,Believe In Me,,,,,,,,,,,,,,,,
Kings Of Convenience,Know-How,,,,,,,,,,,,,,,,
Thursday,Marches And Maneuvers,,,,,,,,,,,,,,,,
The Black Keys,You'Re The One,,,,,,,,,,,,,,,,
Christian Death,Figurative Theatre,,,,,,,,,,,,,,,,
The Verve,So It Goes,,,,,,,,,,,,,,,,
Dimmu Borgir,The Fallen Arises,,,,,,,,,,,,,,,,
Eisley,Lost At Sea,,,,,,,,,,,,,,,,
Monrose,Even Heaven Cries (Single Version 2007),,,,,,,,,,,,,,,,
Poisonblack,The Darkest Lie,,,,,,,,,,,,,,,,
Mazzy Star,Blue Flower,,,,,,,,,,,,,,,,
Feist,Still True,,,,,,,,,,,,,,,,
In Flames,Black And White,,,,,,,,,,,,,,,,
Mclusky,Lightsabre Cocksucking Blues,,,,,,,,,,,,,,,,
Melanie C,I Wonder What It Would Be Like,,,,,,,,,,,,,,,,
The Stooges,Death Trip,,,,,,,,,,,,,,,,
And One,Speicherbar,,,,,,,,,,,,,,,,
A Fine Frenzy,Hope For The Hopeless,,,,,,,,,,,,,,,,
Patrick Wolf,Accident And Emergency,,,,,,,,,,,,,,,,
Sun Kil Moon,Floating,,,,,,,,,,,,,,,,
The Grates,Lies Are Much More Fun,,,,,,,,,,,,,,,,
In Flames,Clay Man,,,,,,,,,,,,,,,,
Melanie C,First Day Of My Life,,,,,,,,,,,,,,,,
Mötley Crüe,Bastard,,,,,,,,,,,,,,,,
Juno Reactor,Pistolero,,,,,,,,,,,,,,,,
Lacuna Coil,The Ghost Woman And The Hunter,,,,,,,,,,,,,,,,
Porcupine Tree,Don'T Hate Me,,,,,,,,,,,,,,,,
Lemon Jelly,In The Bath,,,,,,,,,,,,,,,,
Cat Power,Keep On Runnin',,,,,,,,,,,,,,,,
Dido,This Land Is Mine,,,,,,,,,,,,,,,,
Robbie Williams,Let Love Be Your Energy,,,,,,,,,,,,,,,,
Tiësto,Love Comes Again,,,,,,,,,,,,,,,,
Low,Monkey,,,,,,,,,,,,,,,,
Adele,Tired,,,,,,,,,,,,,,,,
John Mayer,Love Song For No One,,,,,,,,,,,,,,,,
Faust,The Sad Skinhead,,,,,,,,,,,,,,,,
Broken Social Scene,Ambulance For The Ambience,,,,,,,,,,,,,,,,
Fatboy Slim,Slash Dot Dash,,,,,,,,,,,,,,,,
The Beatles,Being For The Benefit Of Mr. Kite,,,,,,,,,,,,,,,,
The Damned,Anything,,,,,,,,,,,,,,,,
Poisonblack,Nail,,,,,,,,,,,,,,,,
High And Mighty Color,遠雷 ～遠くにある明かり～,,,,,,,,,,,,,,,,
Rob Thomas,All That I Am,,,,,,,,,,,,,,,,
Godsmack,Sick Of Life,,,,,,,,,,,,,,,,
Rob Thomas,Something To Be,,,,,,,,,,,,,,,,
Rjd2,Salud,,,,,,,,,,,,,,,,
Lamb,Lusty,,,,,,,,,,,,,,,,
The Knife,New Year'S Eve,,,,,,,,,,,,,,,,
Death Cab For Cutie,Wait,,,,,,,,,,,,,,,,
Him,Bury Me Deep Inside Your Heart,,,,,,,,,,,,,,,,
The Crystal Method,Keep Hope Alive,,,,,,,,,,,,,,,,
Kraftwerk,Home Computer,,,,,,,,,,,,,,,,
Calvin Harris,Vegas,,,,,,,,,,,,,,,,
The Gathering,Confusion,,,,,,,,,,,,,,,,
Four Tet,Spirit Fingers,,,,,,,,,,,,,,,,
Pixies,Distance Equals Rate Times Time,,,,,,,,,,,,,,,,
Pixies,Blown Away,,,,,,,,,,,,,,,,
Cansei De Ser Sexy,Give Up,,,,,,,,,,,,,,,,
Norah Jones,Broken,,,,,,,,,,,,,,,,
The Thermals,A Pillar Of Salt,,,,,,,,,,,,,,,,
The Blow,Eat Your Heart Up,,,,,,,,,,,,,,,,
Sade,Nothing Can Come Between Us,,,,,,,,,,,,,,,,
Sade,Pearls,,,,,,,,,,,,,,,,
Enya,If I Could Be Where You Are,,,,,,,,,,,,,,,,
Britney Spears,Mona Lisa,,,,,,,,,,,,,,,,
Basshunter,Now You'Re Gone,,,,,,,,,,,,,,,,
Ozzy Osbourne,Over The Mountain,,,,,,,,,,,,,,,,
My Chemical Romance,I'M Not Ok,,,,,,,,,,,,,,,,
The Beta Band,Assessment,,,,,,,,,,,,,,,,
The Whitest Boy Alive,Rollercoaster Ride,,,,,,,,,,,,,,,,
Motörhead,Bomber,,,,,,,,,,,,,,,,
Dead Boys,All This And More,,,,,,,,,,,,,,,,
Pink Floyd,Cluster One,,,,,,,,,,,,,,,,
Fischerspooner,Tone Poem,,,,,,,,,,,,,,,,
The Smashing Pumpkins,Behold! The Night Mare,,,,,,,,,,,,,,,,
Scar Symmetry,The Kaleidoscopic God,,,,,,,,,,,,,,,,
Shearwater,The Snow Leopard,,,,,,,,,,,,,,,,
Jimmy Eat World,Believe In What You Want,,,,,,,,,,,,,,,,
Story Of The Year,In The Shadows,,,,,,,,,,,,,,,,
Kent,Kärleken Väntar,,,,,,,,,,,,,,,,
Pinback,Torch,,,,,,,,,,,,,,,,
Vnv Nation,Intro,,,,,,,,,,,,,,,,
1 Giant Leap,My Culture,,,,,,,,,,,,,,,,
Bel Canto,Im Best'N Beihs,,,,,,,,,,,,,,,,
Hocico,Untold Blasphemies,,,,,,,,,,,,,,,,
Sonic Youth,Screaming Skull,,,,,,,,,,,,,,,,
Dead Can Dance,The Wind That Shakes The Barley,,,,,,,,,,,,,,,,
Stone Sour,1St Person,,,,,,,,,,,,,,,,
Hatebreed,To The Threshold,,,,,,,,,,,,,,,,
Slipknot,(Sic),1.0,1.0,0.0,0.2,1.0,1.0,0.0,0.0,0.0,0.0,0.0,0.0,0.0,0.0,0.8,0.0
Trivium,Rain,,,,,,,,,,,,,,,,
Au Revoir Simone,Lark,,,,,,,,,,,,,,,,
Anton Maiden,Heaven Can Wait,,,,,,,,,,,,,,,,
Pinback,Concrete Seconds,,,,,,,,,,,,,,,,
Cocteau Twins,I Wear Your Ring,,,,,,,,,,,,,,,,
Lady Sovereign,9 To 5,,,,,,,,,,,,,,,,
Ben Kweller,I Gotta Move,,,,,,,,,,,,,,,,
Jamie Lidell,Little Bit Of Feel Good,,,,,,,,,,,,,,,,
Ween,Spinal Meningitis (Got Me Down),,,,,,,,,,,,,,,,
Chromeo,Waiting 4 U,,,,,,,,,,,,,,,,
Elliott Smith,Seen How Things Are Hard,,,,,,,,,,,,,,,,
Nightwish,10Th Man Down,,,,,,,,,,,,,,,,
Sleater-Kinney,Funeral Song,,,,,,,,,,,,,,,,
Last Winter,Girl Next Door,,,,,,,,,,,,,,,,
Liz Phair,Divorce Song,,,,,,,,,,,,,,,,
Late Of The Pier,White Snake,,,,,,,,,,,,,,,,
In Flames,Zombie Inc.,,,,,,,,,,,,,,,,
Gotan Project,Chunga'S Revenge,,,,,,,,,,,,,,,,
Tom Vek,Cover,,,,,,,,,,,,,,,,
Gotan Project,El Capitalismo Foraneo,,,,,,,,,,,,,,,,
Frou Frou,Holding Out For A Hero,,,,,,,,,,,,,,,,
Lucero,Slow Dancing,,,,,,,,,,,,,,,,
Ghosts,The World Is Outside,,,,,,,,,,,,,,,,
Gorillaz,Left Hand Suzuki Method,,,,,,,,,,,,,,,,
A Place To Bury Strangers,I Know I'Ll See You,,,,,,,,,,,,,,,,
Bodyrox And Luciana,Yeah Yeah,,,,,,,,,,,,,,,,
Motion City Soundtrack,The Future Freaks Me Out,,,,,,,,,,,,,,,,
Dead Can Dance,Enigma Of The Absolute,,,,,,,,,,,,,,,,
Motion City Soundtrack,Feel Like Rain,,,,,,,,,,,,,,,,
Alex Gaudino,Destination Calabria,,,,,,,,,,,,,,,,
Amadou & Mariam,Coulibaly,,,,,,,,,,,,,,,,
Ac/Dc,Can I Sit Next To You Girl,,,,,,,,,,,,,,,,
Ben Folds Five,Kate,,,,,,,,,,,,,,,,
3 Doors Down,Changes,,,,,,,,,,,,,,,,
Mastodon,Hail To Fire,1.0,1.0,0.0,0.0,1.0,1.0,0.0,0.0,0.0,0.0,0.0,0.0,0.0,0.0,1.0,0.0
Lady Sovereign,Hoodie,,,,,,,,,,,,,,,,
Mates Of State,The Kissaway,0.8,0.4,0.0,0.4,0.6,0.2,0.0,0.0,0.0,0.2,0.0,0.0,0.6,0.6,0.4,0.0
The Organ,A Sudden Death,,,,,,,,,,,,,,,,
Blur,Bang,,,,,,,,,,,,,,,,
Van She,Changes,,,,,,,,,,,,,,,,
Anathema,Hope,,,,,,,,,,,,,,,,
Amy Winehouse,Moody'S Mood For Love,,,,,,,,,,,,,,,,
Taking Back Sunday,This Photograph Is Proof (I Know You Know),,,,,,,,,,,,,,,,
Johnny Cash,The Long Black Veil,,,,,,,,,,,,,,,,
Slayer,Tormentor,,,,,,,,,,,,,,,,
James William Hindle,You Will Be Safe,,,,,,,,,,,,,,,,
Shakira,Tú,,,,,,,,,,,,,,,,
Darkthrone,(The) Grimness Of Which Shepherds Mourn,,,,,,,,,,,,,,,,
Shakira,Timor,,,,,,,,,,,,,,,,
Shakira,Rules,,,,,,,,,,,,,,,,
Darkthrone,Sempiternal Sepulchrality,,,,,,,,,,,,,,,,
Lightning Bolt,On Fire,,,,,,,,,,,,,,,,
Jason Mraz,Sleep All Day,,,,,,,,,,,,,,,,
Ricardo Villalobos,Dexter,,,,,,,,,,,,,,,,
Ugly Casanova,Cat Faces,,,,,,,,,,,,,,,,
The Raveonettes,Somewhere In Texas,,,,,,,,,,,,,,,,
Lamb Of God,Black Label,,,,,,,,,,,,,,,,
The Smashing Pumpkins,United States,,,,,,,,,,,,,,,,
Sonic Youth,Hot Wire My Heart,,,,,,,,,,,,,,,,
Pulp,Like A Friend,,,,,,,,,,,,,,,,
Black Flag,I Love You,,,,,,,,,,,,,,,,
Frightened Rabbit,I Feel Better,,,,,,,,,,,,,,,,
The Hold Steady,Chillout Tent,,,,,,,,,,,,,,,,
The Kinks,See My Friend,,,,,,,,,,,,,,,,
My Chemical Romance,Cubicles,,,,,,,,,,,,,,,,
Elvis Presley,It'S Now Or Never,0.6,0.2,0.0,0.4,0.0,0.0,0.4,0.6,0.6,0.0,0.0,0.0,0.0,0.0,0.6,0.0
Rufus Wainwright,Instant Pleasure,,,,,,,,,,,,,,,,
Matt Pokora,Dangerous (Feat. Timbaland & Sebastian),,,,,,,,,,,,,,,,
The Aliens,Robot Man,,,,,,,,,,,,,,,,
Rufus Wainwright,Release The Stars,,,,,,,,,,,,,,,,
Amanda Palmer,Oasis,,,,,,,,,,,,,,,,
They Might Be Giants,Istanbul (Not Constantinople),,,,,,,,,,,,,,,,
Devendra Banhart,Pensando Enti,,,,,,,,,,,,,,,,
Iko,Rosetta,,,,,,,,,,,,,,,,
Adam Green,Dance With Me,,,,,,,,,,,,,,,,
Oasis,Listen Up,,,,,,,,,,,,,,,,
Shakira,Dónde Están Los Ladrones?,,,,,,,,,,,,,,,,
My Morning Jacket,It Beats 4 U,,,,,,,,,,,,,,,,
Apparat,Komponent,,,,,,,,,,,,,,,,
My Morning Jacket,I'M Amazed,,,,,,,,,,,,,,,,
The Mars Volta,Cut That City,,,,,,,,,,,,,,,,
Talking Heads,Artists Only,,,,,,,,,,,,,,,,
Akira Yamaoka,Rain Of Brass Petals (Three Voices Edit),,,,,,,,,,,,,,,,
Metallica,Blitzkrieg,,,,,,,,,,,,,,,,
Talking Heads,Born Under Punches (The Heat Goes On),,,,,,,,,,,,,,,,
Jack Johnson,Go On,,,,,,,,,,,,,,,,
Brian Eno & David Byrne,I Feel My Stuff,,,,,,,,,,,,,,,,
Juanes,Volverte A Ver,,,,,,,,,,,,,,,,
The Stone Roses,Mersey Paradise,,,,,,,,,,,,,,,,
Morrissey,Why Don'T You Find Out For Yourself,,,,,,,,,,,,,,,,
The Brian Jonestown Massacre,Nevertheless,,,,,,,,,,,,,,,,
The Young Knives,She'S Attracted To,,,,,,,,,,,,,,,,
Tom Vek,The Lower The Sun,,,,,,,,,,,,,,,,
The Velvet Underground,Lady Godiva'S Operation,,,,,,,,,,,,,,,,
The Modern Lovers,Astral Plane,,,,,,,,,,,,,,,,
Freeland,Big Wednesday,,,,,,,,,,,,,,,,
The Rapture,Killing,,,,,,,,,,,,,,,,
The Cardigans,Daddy'S Car,,,,,,,,,,,,,,,,
Moby,Ooh Yeah,,,,,,,,,,,,,,,,
Ultravox,Sleepwalk,,,,,,,,,,,,,,,,
Slayer,Catatonic,,,,,,,,,,,,,,,,
Bel Canto,The Glassmaker,,,,,,,,,,,,,,,,
Eva Cassidy,Time After Time,,,,,,,,,,,,,,,,
Dashboard Confessional,Remember To Breathe,,,,,,,,,,,,,,,,
Shiny Toy Guns,Sky Fell Over Me,,,,,,,,,,,,,,,,
Booka Shade,In White Rooms,,,,,,,,,,,,,,,,
Nouvelle Vague,Human Fly (The Cramps),,,,,,,,,,,,,,,,
Mark Knopfler,Sailing To Philadelphia,,,,,,,,,,,,,,,,
Air,Night Sight,,,,,,,,,,,,,,,,
The Coral,Jacqueline,,,,,,,,,,,,,,,,
Ladytron,Nuhorizons,,,,,,,,,,,,,,,,
Lykke Li,My Love,,,,,,,,,,,,,,,,
Soundgarden,Mind Riot,,,,,,,,,,,,,,,,
Soundgarden,My Wave,,,,,,,,,,,,,,,,
Tegan And Sara,And Darling (This Thing That Breaks My Heart),,,,,,,,,,,,,,,,
U2,Tryin' To Throw Your Arms Around The World,,,,,,,,,,,,,,,,
Fugazi,Bad Mouth,,,,,,,,,,,,,,,,
Klaxons,Hall Of Records,,,,,,,,,,,,,,,,
The Fiery Furnaces,Chief Inspector Blancheflower,,,,,,,,,,,,,,,,
Pulp,She'S A Lady,,,,,,,,,,,,,,,,
U2,When I Look At The World,,,,,,,,,,,,,,,,
Bryan Ferry,Let'S Stick Together,,,,,,,,,,,,,,,,
Minus The Bear,Michio'S Death Drive,,,,,,,,,,,,,,,,
Kruder & Dorfmeister,Boogie Woogie,,,,,,,,,,,,,,,,
Morrissey,That'S Entertainment,,,,,,,,,,,,,,,,
Fun Lovin' Criminals,The Fun Lovin' Criminal,,,,,,,,,,,,,,,,
Soundgarden,Superunknown,,,,,,,,,,,,,,,,
Crime In Stereo,Slow Math,,,,,,,,,,,,,,,,
Fujiya & Miyagi,Knickerbocker,,,,,,,,,,,,,,,,
Ac/Dc,Skies On Fire,,,,,,,,,,,,,,,,
Slade,Merry Xmas Everybody,,,,,,,,,,,,,,,,
Iron & Wine,Jesus The Mexican Boy,,,,,,,,,,,,,,,,
Iron Maiden,Invaders,,,,,,,,,,,,,,,,
Built To Spill,Reasons,,,,,,,,,,,,,,,,
Hey,Mimo Wszystko,,,,,,,,,,,,,,,,
Rickie Lee Jones,Living It Up (Junior'S Arena Anthem),,,,,,,,,,,,,,,,
The Doors,Land Ho!,,,,,,,,,,,,,,,,
Limp Bizkit,N 2 Gether Now,,,,,,,,,,,,,,,,
Pet Shop Boys,Numb,,,,,,,,,,,,,,,,
Coheed And Cambria,Delirium Trigger,,,,,,,,,,,,,,,,
Coheed And Cambria,Cuts Marked In The March Of Men,,,,,,,,,,,,,,,,
Ride,In A Different Place,,,,,,,,,,,,,,,,
The Rakes,On A Mission,,,,,,,,,,,,,,,,
Chris Isaak,You Owe Me Some Kind Of Love,,,,,,,,,,,,,,,,
Faces,Ooh La La,,,,,,,,,,,,,,,,
The Goo Goo Dolls,Feel The Silence,,,,,,,,,,,,,,,,
Mindless Self Indulgence,Molly,,,,,,,,,,,,,,,,
Natalie Imbruglia,Counting Down The Days,,,,,,,,,,,,,,,,
Eva Cassidy,Autumn Leaves,,,,,,,,,,,,,,,,
Dark Tranquillity,Senses Tied,,,,,,,,,,,,,,,,
Dark Tranquillity,Out Of Nothing,,,,,,,,,,,,,,,,
Faith No More,The Morning After,,,,,,,,,,,,,,,,
Combichrist,Kickstart The Fight,,,,,,,,,,,,,,,,
Camera Obscura,Swimming Pool,,,,,,,,,,,,,,,,
Ramones,Swallow My Pride,,,,,,,,,,,,,,,,
Saul Williams,Wtf!,,,,,,,,,,,,,,,,
The Bird And The Bee,Fucking Boyfriend,,,,,,,,,,,,,,,,
Ramones,Suzy Is A Headbanger,,,,,,,,,,,,,,,,
Spacemen 3,Come Down Easy,,,,,,,,,,,,,,,,
Cut Copy,Glittering Clouds,,,,,,,,,,,,,,,,
Beck,Hollywood Freaks,,,,,,,,,,,,,,,,
Rush,Entre Nous,,,,,,,,,,,,,,,,
Combichrist,Shut Up And Swallow,,,,,,,,,,,,,,,,
Grinderman,Get It On,1.0,0.8,0.0,0.4,1.0,1.0,0.0,0.0,0.0,0.0,0.0,0.0,0.0,0.0,0.8,0.0
Straylight Run,The Tension And The Terror,,,,,,,,,,,,,,,,
Chicane,Autumn Tactics,,,,,,,,,,,,,,,,
Flunk,Blue Monday,,,,,,,,,,,,,,,,
Beck,Get Real Paid,,,,,,,,,,,,,,,,
Ride,Ox4,,,,,,,,,,,,,,,,
Rachael Yamagata,Meet Me By The Water,,,,,,,,,,,,,,,,
Paul Johnson,Get Get Down,,,,,,,,,,,,,,,,
City And Colour,Day Old Hate,0.6,0.4,0.0,0.2,0.4,0.2,1.0,0.0,0.0,0.0,0.0,0.0,0.0,0.0,0.6,0.0
The Wildhearts,Tv Tan,,,,,,,,,,,,,,,,
Husky Rescue,Sleep Tight Tiger,,,,,,,,,,,,,,,,
Le Sport,It'S Not The End Of The World,,,,,,,,,,,,,,,,
Slowdive,Missing You,,,,,,,,,,,,,,,,
Johnny Cash,Further On Up The Road,,,,,,,,,,,,,,,,
Slowdive,Country Rain,,,,,,,,,,,,,,,,
Slowdive,Catch The Breeze,,,,,,,,,,,,,,,,
Beastie Boys,Electric Worm,,,,,,,,,,,,,,,,
Beastie Boys,Gratitude,,,,,,,,,,,,,,,,
Fleetwood Mac,Songbird,0.0,0.0,0.0,0.0,0.0,0.0,0.0,0.0,0.0,1.0,0.0,0.0,0.0,0.0,0.0,0.0
Flogging Molly,May The Living Be Dead (In Our Wake),,,,,,,,,,,,,,,,
Eurythmics,I'Ve Got A Life,,,,,,,,,,,,,,,,
The Killers,Romeo And Juliet,,,,,,,,,,,,,,,,
Dashboard Confessional,Shirts And Gloves,,,,,,,,,,,,,,,,
Coheed And Cambria,The Velourium Camper Ii: Backend Of Forever,,,,,,,,,,,,,,,,
Josh Rouse,Directions,,,,,,,,,,,,,,,,
The Rolling Stones,You Got Me Rocking,,,,,,,,,,,,,,,,
Seu Jorge,Rock N' Roll Suicide,,,,,,,,,,,,,,,,
Disturbed,Awaken,,,,,,,,,,,,,,,,
X-Ray Spex,Obsessed With You,,,,,,,,,,,,,,,,
Jenny Lewis With The Watson Twins,Born Secular,,,,,,,,,,,,,,,,
Blind Guardian,Skalds And Shadows,,,,,,,,,,,,,,,,
My Bloody Valentine,Several Girls Galore,,,,,,,,,,,,,,,,
Boris,Woman On The Screen,,,,,,,,,,,,,,,,
Kaiser Chiefs,Can'T Say What I Mean,,,,,,,,,,,,,,,,
Fall Out Boy,Sending Postcards From A Plane Crash (Wish You Were Here),,,,,,,,,,,,,,,,
Kaiser Chiefs,Retirement,,,,,,,,,,,,,,,,
Tristania,December Elegy,,,,,,,,,,,,,,,,
My Bloody Valentine,Drive It All Over Me,,,,,,,,,,,,,,,,
Bloc Party,This Is Not A Competition,,,,,,,,,,,,,,,,
Average White Band,Pick Up The Pieces,,,,,,,,,,,,,,,,
Manu Chao,El Kitapena,,,,,,,,,,,,,,,,
Talking Heads,I'M Not In Love,,,,,,,,,,,,,,,,
Puscifer,Vagina Mine,,,,,,,,,,,,,,,,
Urma,Buy Me A Coffee,,,,,,,,,,,,,,,,
Nick Cave & The Bad Seeds,Bring It On,,,,,,,,,,,,,,,,
Ted Leo And The Pharmacists,Shake The Sheets,,,,,,,,,,,,,,,,
Hypocrisy,Fractured Millennium,,,,,,,,,,,,,,,,
Rocky Votolato,Tennessee Train Tracks,,,,,,,,,,,,,,,,
Graham Coxon,Spectacular,,,,,,,,,,,,,,,,
Flying Lotus,1983,,,,,,,,,,,,,,,,
Volbeat,Radio Girl,,,,,,,,,,,,,,,,
The Birthday Massacre,Falling Down,,,,,,,,,,,,,,,,
Primal Scream,Rocks,,,,,,,,,,,,,,,,
Uniting Nation,Out Of Touch,,,,,,,,,,,,,,,,
Don Johnson Big Band,Cocoa Cacao,,,,,,,,,,,,,,,,
Sonata Arctica,Misplaced,,,,,,,,,,,,,,,,
U2,Numb,,,,,,,,,,,,,,,,
Sonata Arctica,Blinded No More,,,,,,,,,,,,,,,,
Kid Loco,Love Me Sweet,,,,,,,,,,,,,,,,
Hoobastank,Inside Of You,,,,,,,,,,,,,,,,
Ted Leo And The Pharmacists,Building Skyscrapers In The Basement,,,,,,,,,,,,,,,,
Le Tigre,Seconds,,,,,,,,,,,,,,,,
Mat Kearney,All I Need,,,,,,,,,,,,,,,,
Josh Ritter,In The Dark,,,,,,,,,,,,,,,,
Neil Young,Are You Ready For The Country?,,,,,,,,,,,,,,,,
Onerepublic,Someone To Save You,,,,,,,,,,,,,,,,
Hooverphonic,Waves,,,,,,,,,,,,,,,,
Wilco,Hotel Arizona,,,,,,,,,,,,,,,,
Hooverphonic,Jackie Cane,,,,,,,,,,,,,,,,
Peter Bjorn And John,Poor Cow,,,,,,,,,,,,,,,,
Yo La Tengo,One Pm Again,,,,,,,,,,,,,,,,
Mogwai,With Portfolio,,,,,,,,,,,,,,,,
Έλενα Παπαρίζου,To Fili Tis Zois,,,,,,,,,,,,,,,,
The Format,The Compromise,,,,,,,,,,,,,,,,
Green Day,Minority,,,,,,,,,,,,,,,,
Scissor Sisters,Paul Mccartney,,,,,,,,,,,,,,,,
Judas Priest,Rock Hard Ride Free,,,,,,,,,,,,,,,,
Hellogoodbye,Bonnie Taylor Shakedown... 2K1,,,,,,,,,,,,,,,,
The Lonely Island,Jizz In My Pants,,,,,,,,,,,,,,,,
Head Automatica,Laughing At You,,,,,,,,,,,,,,,,
Wilco,In A Future Age,,,,,,,,,,,,,,,,
Alexisonfire,.44 Caliber Love Letter,,,,,,,,,,,,,,,,
Velvet Revolver,Sucker Train Blues,,,,,,,,,,,,,,,,
Les Savy Fav,Meet Me In The Dollar Bin,,,,,,,,,,,,,,,,
Mutya Buena,Real Girl,,,,,,,,,,,,,,,,
The Birthday Massacre,Remember Me,,,,,,,,,,,,,,,,
The New Pornographers,Stacked Crooked,,,,,,,,,,,,,,,,
Gaelle,Love U More,,,,,,,,,,,,,,,,
Museum,For The Very First Time,,,,,,,,,,,,,,,,
Robots In Disguise,You Really Got Me,,,,,,,,,,,,,,,,
Rainbow,Starstruck,,,,,,,,,,,,,,,,
Depeche Mode,The Dead Of Night,,,,,,,,,,,,,,,,
Stunt,Raindrops (Radio Edit),,,,,,,,,,,,,,,,
Fall Out Boy,I'Ve Got All This Ringing In My Ears And None On My Fingers,,,,,,,,,,,,,,,,
Thievery Corporation,Liberation Front,,,,,,,,,,,,,,,,
Morcheeba,World Looking In,,,,,,,,,,,,,,,,
Foo Fighters,Aurora,,,,,,,,,,,,,,,,
Mokoma,Kasvot Kohti Itää,,,,,,,,,,,,,,,,
Sneaker Pimps,The Fuel,,,,,,,,,,,,,,,,
Rihanna,Sell Me Candy,,,,,,,,,,,,,,,,
Something Corporate,Bad Days,,,,,,,,,,,,,,,,
Ayreon,Day Nine: Playground,0.8,0.6,0.2,0.6,0.6,0.4,0.6,0.8,0.4,0.4,0.2,0.0,0.6,0.4,0.8,0.0
Les Savy Fav,Hold On To Your Genre,,,,,,,,,,,,,,,,
The Smashing Pumpkins,Silverfuck,,,,,,,,,,,,,,,,
Good Charlotte,Misery,,,,,,,,,,,,,,,,
Vivian Girls,Such A Joke,,,,,,,,,,,,,,,,
Rock Kills Kid,Paralyzed,,,,,,,,,,,,,,,,
Someone Still Loves You Boris Yeltsin,Pangea,,,,,,,,,,,,,,,,
Mystery Jets,Behind The Bunhouse,,,,,,,,,,,,,,,,
Vive La Fête,Touche Pas,,,,,,,,,,,,,,,,
Sepultura,Spit,,,,,,,,,,,,,,,,
The Smashing Pumpkins,Porcelina Of The Vast Oceans,,,,,,,,,,,,,,,,
Eskobar,On The Ground,,,,,,,,,,,,,,,,
Dispatch,Mission,,,,,,,,,,,,,,,,
The Futureheads,The Return Of The Berserker,,,,,,,,,,,,,,,,
Peeping Tom,Don'T Even Trip (Feat. Amon Tobin),,,,,,,,,,,,,,,,
Anathema,Re-Connect,,,,,,,,,,,,,,,,
T.I.,My Life Your Entertainment (Feat. Usher),,,,,,,,,,,,,,,,
Azure Ray,New Resolution,,,,,,,,,,,,,,,,
Supertramp,Crime Of The Century,,,,,,,,,,,,,,,,
Supersuckers,Dead In The Water,,,,,,,,,,,,,,,,
Dave Matthews Band,What Would You Say,,,,,,,,,,,,,,,,
Between The Buried And Me,Roboturner,,,,,,,,,,,,,,,,
Galaxie 500,Strange,,,,,,,,,,,,,,,,
Edvard Grieg,In The Hall Of The Mountain King,,,,,,,,,,,,,,,,
The Knife,Christmas Reindeer,,,,,,,,,,,,,,,,
Blue Man Group,Drumbone,,,,,,,,,,,,,,,,
Ashley Tisdale,Positivity,,,,,,,,,,,,,,,,
Alexisonfire,To A Friend,,,,,,,,,,,,,,,,
The Lonely Island,Like A Boss,,,,,,,,,,,,,,,,
Rachel'S,Water From The Same Source,,,,,,,,,,,,,,,,
Air France,June Evenings,,,,,,,,,,,,,,,,
Built To Spill,Conventional Wisdom,0.8,0.6,0.0,0.2,1.0,0.8,0.0,0.0,0.0,0.0,0.2,0.0,0.0,0.0,0.8,0.0
Dave Matthews Band,Rhyme & Reason,,,,,,,,,,,,,,,,
Blue Foundation,As I Moved On,,,,,,,,,,,,,,,,
Erlend Øye,Ghost Trains (Feat. Morgan Geist),,,,,,,,,,,,,,,,
Howling Bells,Blessed Night,,,,,,,,,,,,,,,,
Sara Bareilles,Gravity,,,,,,,,,,,,,,,,
Gemini Five,When The Body Speaks,,,,,,,,,,,,,,,,
Beastie Boys,14Th St. Break,,,,,,,,,,,,,,,,
Lostprophets,Make A Move,,,,,,,,,,,,,,,,
Cocteau Twins,Carolyn'S Fingers,,,,,,,,,,,,,,,,
Rush,Spindrift,1.0,0.8,0.0,0.2,1.0,0.8,0.0,0.0,0.0,0.0,0.0,0.0,0.2,0.2,1.0,0.0
Maria Mena,You'Re The Only One,,,,,,,,,,,,,,,,
Skinny Puppy,Spasmolytic,,,,,,,,,,,,,,,,
Bel Canto,You Rock My World Tonight,,,,,,,,,,,,,,,,
Cocteau Twins,Half-Gifts,,,,,,,,,,,,,,,,
Rush,Vital Signs,,,,,,,,,,,,,,,,
Björk,Overture,,,,,,,,,,,,,,,,
The Fixx,Red Skies,,,,,,,,,,,,,,,,
Morcheeba,God Bless And Goodbye,,,,,,,,,,,,,,,,
Beach House,House On The Hill,,,,,,,,,,,,,,,,
Thursday,Autobiography Of A Nation,,,,,,,,,,,,,,,,
Chris Vrenna,I'M Not Edible,,,,,,,,,,,,,,,,
Nancy Sinatra & Lee Hazlewood,Summer Wine,,,,,,,,,,,,,,,,
Manowar,Warriors Of The World United,,,,,,,,,,,,,,,,
Bat For Lashes,Travelling Woman,,,,,,,,,,,,,,,,
The Hush Sound,Wine Red,,,,,,,,,,,,,,,,
Mystery Jets,Hideaway,,,,,,,,,,,,,,,,
In Flames,Insipid 2000,,,,,,,,,,,,,,,,
The Duke Spirit,Neptune'S Call,,,,,,,,,,,,,,,,
Cat Power,Wealthy Man,,,,,,,,,,,,,,,,
Meat Beat Manifesto,Prime Audio Soup,,,,,,,,,,,,,,,,
Leonard Cohen,Lady Midnight,,,,,,,,,,,,,,,,
Mazzy Star,Rhymes Of An Hour,,,,,,,,,,,,,,,,
Leonard Cohen,In My Secret Life,,,,,,,,,,,,,,,,
Muse,Easily,,,,,,,,,,,,,,,,
Sublime,Summertime,,,,,,,,,,,,,,,,
Britney Spears,Cold As Fire,,,,,,,,,,,,,,,,
Grandaddy,Oxygen/Aux Send,,,,,,,,,,,,,,,,
Chemistry,Point Of No Return (ケツメイシのRemix。),,,,,,,,,,,,,,,,
Augustana,California'S Burning,,,,,,,,,,,,,,,,
Alexisonfire,Mailbox Arson,,,,,,,,,,,,,,,,
Infected Mushroom,Suliman,,,,,,,,,,,,,,,,
Mr. Flash,Disco Dynamite,,,,,,,,,,,,,,,,
Ac/Dc,War Machine,,,,,,,,,,,,,,,,
Camera Obscura,Pen And Notebook,,,,,,,,,,,,,,,,
Aim,Cold Water Music,,,,,,,,,,,,,,,,
Neil Young,When You Dance You Can Really Love,,,,,,,,,,,,,,,,
Common,Testify,,,,,,,,,,,,,,,,
For My Pain...,Dancer In The Dark,,,,,,,,,,,,,,,,
Amon Amarth,Gods Of War Arise,,,,,,,,,,,,,,,,
Mana,Arde El Cielo,,,,,,,,,,,,,,,,
Eric Prydz,Call On Me (Radio Edit),,,,,,,,,,,,,,,,
Arch Enemy,Taking Back My Soul,,,,,,,,,,,,,,,,
Afi,Sacrifice Theory,,,,,,,,,,,,,,,,
Yellowcard,Fighting,,,,,,,,,,,,,,,,
Yellowcard,Everywhere,,,,,,,,,,,,,,,,
Department Of Eagles,Floating On The Lehigh,,,,,,,,,,,,,,,,
R.E.M.,Electron Blue,,,,,,,,,,,,,,,,
Spiritualized,Sweet Talk,,,,,,,,,,,,,,,,
R.E.M.,All The Right Friends,,,,,,,,,,,,,,,,
The Sisters Of Mercy,Marian (Version),,,,,,,,,,,,,,,,
The Teenagers,Fuck Nicole,,,,,,,,,,,,,,,,
Santogold,Anne,,,,,,,,,,,,,,,,
Lao Che,Hydropiekłowstąpienie,,,,,,,,,,,,,,,,
Joaquin Phoenix & Reese Witherspoon,It Ain'T Me Babe,,,,,,,,,,,,,,,,
Kreator,Suicide Terrorist,,,,,,,,,,,,,,,,
Marilyn Manson,The Golden Age Of Grotesque,,,,,,,,,,,,,,,,
Boston,Rock & Roll Band,,,,,,,,,,,,,,,,
R.E.M.,Belong,,,,,,,,,,,,,,,,
The Gathering,Probably Built In The Fifties,,,,,,,,,,,,,,,,
Isis,Backlit,,,,,,,,,,,,,,,,
Pixies,Space (I Believe In),,,,,,,,,,,,,,,,
Lenny Kravitz,Black Velveteen,,,,,,,,,,,,,,,,
Red Hot Chili Peppers,Save The Population,,,,,,,,,,,,,,,,
Hinoiチーム,Ike Ike,,,,,,,,,,,,,,,,
Dream Theater,Innocence Faded,,,,,,,,,,,,,,,,
Korn,Love Song,,,,,,,,,,,,,,,,
Annihilator,Alison Hell,,,,,,,,,,,,,,,,
Franz Ferdinand,Van Tango,,,,,,,,,,,,,,,,
Ryan Adams,La Cienga Just Smiled,,,,,,,,,,,,,,,,
Bright Eyes,Saturday As Usual,,,,,,,,,,,,,,,,
Mia.,Come Around,,,,,,,,,,,,,,,,
Sixx:A.M.,Life Is Beautiful,,,,,,,,,,,,,,,,
Led Zeppelin,Hots On For Nowhere,,,,,,,,,,,,,,,,
Forgotten Boys,Stand By The D.A.N.C.E,,,,,,,,,,,,,,,,
Kreator,Phobia,,,,,,,,,,,,,,,,
Gang Of Four,Outside The Trains Don'T Run On Time,,,,,,,,,,,,,,,,
Nellie Mckay,Baby Watch Your Back,,,,,,,,,,,,,,,,
Peter Doherty,Last Of The English Roses,,,,,,,,,,,,,,,,
Madonna,Jump (Radio Edit),,,,,,,,,,,,,,,,
Blur,Sunday Sunday,,,,,,,,,,,,,,,,
Howling Bells,A Ballad For The Bleeding Hearts,,,,,,,,,,,,,,,,
The Verve,Star Sail,,,,,,,,,,,,,,,,
At The Gates,Unto Others,,,,,,,,,,,,,,,,
Miles Davis,Spanish Key,,,,,,,,,,,,,,,,
Norah Jones,Until The End,,,,,,,,,,,,,,,,
The Pipettes,One Night Stand,,,,,,,,,,,,,,,,
Suede,Everything Will Flow,,,,,,,,,,,,,,,,
Nancy Sinatra,Let Me Kiss You,,,,,,,,,,,,,,,,
Apocalyptica,Misconstruction,,,,,,,,,,,,,,,,
Yo La Tengo,Speeding Motorcycle,,,,,,,,,,,,,,,,
Tom Waits,Earth Died Screaming,,,,,,,,,,,,,,,,
At The Drive-In,Metronome Arthritis,,,,,,,,,,,,,,,,
Bat For Lashes,Good Love,,,,,,,,,,,,,,,,
Korn,Word Up!,,,,,,,,,,,,,,,,
Enigma,Dreaming Of Andromeda,,,,,,,,,,,,,,,,
Avenged Sevenfold,Blinded In Chains,,,,,,,,,,,,,,,,
Enigma,Eppur Si Muove,,,,,,,,,,,,,,,,
The 69 Eyes,August Moon,,,,,,,,,,,,,,,,
Hank Williams Iii,Mississippi Mud,,,,,,,,,,,,,,,,
Jesu,Silver,,,,,,,,,,,,,,,,
Kate Bush,An Architect'S Dream,,,,,,,,,,,,,,,,
Basement Jaxx,Rendez-Vu,,,,,,,,,,,,,,,,
The Reindeer Section,Cartwheels,0.6,0.2,0.0,0.4,0.4,0.0,0.8,0.6,0.0,0.4,0.0,0.0,0.0,0.0,0.6,0.0
Pearl Jam,Gods' Dice,,,,,,,,,,,,,,,,
The Cranberries,Wanted,,,,,,,,,,,,,,,,
Snow Patrol,Nyc,,,,,,,,,,,,,,,,
Korn,Throw Me Away,,,,,,,,,,,,,,,,
Snow Patrol,Make Up,,,,,,,,,,,,,,,,
Cannibal Corpse,Hammer Smashed Face,,,,,,,,,,,,,,,,
Snow Patrol,Mahogany,,,,,,,,,,,,,,,,
Apocalyptica,Fatal Error,,,,,,,,,,,,,,,,
The Faint,Dropkick The Punks,,,,,,,,,,,,,,,,
The Who,The Acid Queen,,,,,,,,,,,,,,,,
Pixies,Hang Wire,,,,,,,,,,,,,,,,
Eels,Love Of The Loveless,,,,,,,,,,,,,,,,
Gang Starr,Work,,,,,,,,,,,,,,,,
Akurat,Lubię Mówić Z Tobą,,,,,,,,,,,,,,,,
Cradle Of Filth,Nymphetamine Fix,,,,,,,,,,,,,,,,
Howard Shore,The Ride Of The Rohirrim,,,,,,,,,,,,,,,,
Riverside,Loose Heart,,,,,,,,,,,,,,,,
Thursday,I Am The Killer,,,,,,,,,,,,,,,,
Gavin Degraw,Follow Through,,,,,,,,,,,,,,,,
Nellie Mckay,Cupcake,,,,,,,,,,,,,,,,
David Bowie,1984,,,,,,,,,,,,,,,,
The Velvet Underground,The Murder Mystery,,,,,,,,,,,,,,,,
David Bowie,All The Madmen,,,,,,,,,,,,,,,,
Yann Tiersen,Dishes,,,,,,,,,,,,,,,,
The Velvet Underground,Train Round The Bend,,,,,,,,,,,,,,,,
Dick Dale And His Del-Tones,Misirlou,,,,,,,,,,,,,,,,
The 69 Eyes,Dawn'S Highway,,,,,,,,,,,,,,,,
Porcupine Tree,Slave Called Shiver,,,,,,,,,,,,,,,,
Bear Vs. Shark,Catamaran,,,,,,,,,,,,,,,,
At The Gates,Under A Serpent Sun,,,,,,,,,,,,,,,,
Siouxsie And The Banshees,Face To Face,,,,,,,,,,,,,,,,
Korn,My Gift To You,,,,,,,,,,,,,,,,
The Replacements,Unsatisfied,,,,,,,,,,,,,,,,
The 69 Eyes,Hand Of God,,,,,,,,,,,,,,,,
Thursday,The Lovesong Writer,,,,,,,,,,,,,,,,
Wilco,Summer Teeth,,,,,,,,,,,,,,,,
Suede,Stay Together,,,,,,,,,,,,,,,,
Voxtrot,Raised By Wolves,,,,,,,,,,,,,,,,
Kyuss,One Inch Man,,,,,,,,,,,,,,,,
Justin Timberlake,What Goes Around...,,,,,,,,,,,,,,,,
The Duke Spirit,Fades The Sun,,,,,,,,,,,,,,,,
Elastica,Annie,,,,,,,,,,,,,,,,
Grandaddy,Summer... It'S Gone,,,,,,,,,,,,,,,,
Rjd2,Chicken-Bone Circuit,,,,,,,,,,,,,,,,
Craig Armstrong,Balcony Scene,,,,,,,,,,,,,,,,
Rjd2,Work It Out,,,,,,,,,,,,,,,,
Hot Chip,Colours (Fred Falke Remix),,,,,,,,,,,,,,,,
Billie Holiday,Gloomy Sunday,,,,,,,,,,,,,,,,
Rjd2,Iced Lightning,,,,,,,,,,,,,,,,
Eels,Railroad Man,,,,,,,,,,,,,,,,
Bugge Wesseltoft,Existence (Edit),,,,,,,,,,,,,,,,
Pearl Jam,Not For You,,,,,,,,,,,,,,,,
Brakes,Heard About Your Band,,,,,,,,,,,,,,,,
Korpiklaani,Happy Little Boozer,,,,,,,,,,,,,,,,
Nine Inch Nails,20 Ghosts Iii,,,,,,,,,,,,,,,,
The Jesus And Mary Chain,Deep One Perfect Morning,,,,,,,,,,,,,,,,
Bon Iver,Beach Baby,,,,,,,,,,,,,,,,
Death From Above 1979,We Don'T Sleep At Night,,,,,,,,,,,,,,,,
Rjd2,Intro,,,,,,,,,,,,,,,,
Télépopmusik,Swamp,,,,,,,,,,,,,,,,
The Chemical Brothers,All Rights Reversed (Fight The Drabs Mix),,,,,,,,,,,,,,,,
Garbage,Hammering In My Head,,,,,,,,,,,,,,,,
The Horrors,Little Victories,,,,,,,,,,,,,,,,
Type O Negative,Set Me On Fire,,,,,,,,,,,,,,,,
Polysics,My Room,1.0,0.8,0.8,0.4,0.8,0.6,0.0,0.0,0.0,0.0,0.0,0.0,1.0,1.0,0.8,0.0
Sufjan Stevens,Chicago (Adult Contemporary Easy Listening Version),,,,,,,,,,,,,,,,
Dire Straits,Calling Elvis,,,,,,,,,,,,,,,,
Sculptured,Between Goldberg,,,,,,,,,,,,,,,,
Garbage,Parade,,,,,,,,,,,,,,,,
The Stone Roses,All Across The Sands,,,,,,,,,,,,,,,,
The White Stripes,Cannon,,,,,,,,,,,,,,,,
Wolf Parade,Call It A Ritual,,,,,,,,,,,,,,,,
Moonspell,Vampiria,,,,,,,,,,,,,,,,
The Knife,Silent Shout (Shinedoe Remix),,,,,,,,,,,,,,,,
The Black Keys,Busted,,,,,,,,,,,,,,,,
Kreator,Flag Of Hate,,,,,,,,,,,,,,,,
Bloodbath,Like Fire,,,,,,,,,,,,,,,,
Neko Case,This Tornado Loves You,,,,,,,,,,,,,,,,
Jonathan Larson,Light My Candle,,,,,,,,,,,,,,,,
Manic Street Preachers,La Tristesse Durera (Scream To A Sigh),,,,,,,,,,,,,,,,
Róisín Murphy,Night Of The Dancing Flame,,,,,,,,,,,,,,,,
Sculptured,Almond Beauty,,,,,,,,,,,,,,,,
Four Tet,Glue Of The World,,,,,,,,,,,,,,,,
The 69 Eyes,Frankenhooker,,,,,,,,,,,,,,,,
Queensrÿche,Anarchy-X,,,,,,,,,,,,,,,,
Guided By Voices,Game Of Pricks,,,,,,,,,,,,,,,,
David Bowie,Sweet Thing,,,,,,,,,,,,,,,,
Andy Bell,Crazy,,,,,,,,,,,,,,,,
Gogol Bordello,I Would Never Wanna Be Young Again,,,,,,,,,,,,,,,,
Clinic,Welcome,,,,,,,,,,,,,,,,
Lacuna Coil,Cold Heritage,,,,,,,,,,,,,,,,
Jefferson Airplane,Blues From An Airplane,,,,,,,,,,,,,,,,
鼓童,Strobe'S Nanafushi (Satori Mix),,,,,,,,,,,,,,,,
Digitalism,Jupiter Approach,,,,,,,,,,,,,,,,
Dimmu Borgir,Perfection Or Vanity,,,,,,,,,,,,,,,,
Dimmu Borgir,Eradication Instincts Defined,,,,,,,,,,,,,,,,
Dimmu Borgir,Cataclysm Children,,,,,,,,,,,,,,,,
Eisley,Brightly Wound,,,,,,,,,,,,,,,,
Andy Mckee,Into The Ocean,,,,,,,,,,,,,,,,
Jet,That'S All Lies,,,,,,,,,,,,,,,,
Patrick Park,Something Pretty,,,,,,,,,,,,,,,,
Madeleine Peyroux,Don'T Wait Too Long,,,,,,,,,,,,,,,,
Kotoko,Re-Sublimity,,,,,,,,,,,,,,,,
Jupiter Rising,Wicked (Trevor Simpson Radio Edit),,,,,,,,,,,,,,,,
The Spill Canvas,The Tide,,,,,,,,,,,,,,,,
The La'S,Doledrum,,,,,,,,,,,,,,,,
Pop Levi,Sugar Assault Me Now,,,,,,,,,,,,,,,,
Jefferson Airplane,Plastic Fantastic Lover,,,,,,,,,,,,,,,,
Max Richter,The Blue Notebooks,,,,,,,,,,,,,,,,
65Daysofstatic,Little Victories,,,,,,,,,,,,,,,,
Architecture In Helsinki,Where You'Ve Been Hiding,,,,,,,,,,,,,,,,
Silversun Pickups,There'S No Secrets This Year,,,,,,,,,,,,,,,,
Sébastien Tellier,La Ritournelle (Metronomy Mix),,,,,,,,,,,,,,,,
Equilibrium,Wingthors Hammer,,,,,,,,,,,,,,,,
The Dears,You And I Are A Gang Of Losers,,,,,,,,,,,,,,,,
Godsmack,Make Me Believe,,,,,,,,,,,,,,,,
The Hives,Here We Go Again,,,,,,,,,,,,,,,,
The Black Keys,Same Old Thing,,,,,,,,,,,,,,,,
Kraftwerk,Computer World,,,,,,,,,,,,,,,,
Iron Maiden,The Prophecy,,,,,,,,,,,,,,,,
Katatonia,We Must Bury You,,,,,,,,,,,,,,,,
Underoath,It'S Dangerous Business Walking Out Your Front Door,,,,,,,,,,,,,,,,
The Go! Team,Keys To The City,,,,,,,,,,,,,,,,
