artist_name,track_name,Drum Set,Drum Aggressiveness,Synthetic Drums,Percussion,Electric Guitar,Electric Guitar Distortion,Acoustic Guitar,String Ensemble,Horn Ensemble,Piano,Organ,Rhodes,Synthesizer,Synth Timbre,Bass Guitar,Reed Instrument
Akufen,Wet Floors,,,,,,,,,,,,,,,,
Akufen,Skidoos,,,,,,,,,,,,,,,,
The Kinks,Where Have All The Good Times Gone,,,,,,,,,,,,,,,,
The Kissaway Trail,Smother + Evil = Hurt,,,,,,,,,,,,,,,,
Big Brother & The Holding Company,Summertime,,,,,,,,,,,,,,,,
Oasis,Champange Supernova,,,,,,,,,,,,,,,,
Oasis,The Girl In The Dirty Shirt,,,,,,,,,,,,,,,,
Oceansize,You Wish,,,,,,,,,,,,,,,,
Oasis,Let'S All Make Believe,,,,,,,,,,,,,,,,
The Knife,The Captain(Silent Shout Tour),,,,,,,,,,,,,,,,
Stereophonics,Bank Holiday Monday,1.0,0.8,0.0,0.2,1.0,0.8,0.0,0.0,0.0,0.0,0.0,0.0,0.0,0.0,0.8,0.0
The Knife,Jens'S Sneaking,,,,,,,,,,,,,,,,
ポルノグラフィティ,Melissa,,,,,,,,,,,,,,,,
Destroyer,Foam Hands,,,,,,,,,,,,,,,,
Jedi Mind Tricks,Uncommon Valor: A Vietnam Story (Feat. R.A. The Rugged Man),,,,,,,,,,,,,,,,
Jedi Mind Tricks,Saviorself (Feat. Killah Priest),,,,,,,,,,,,,,,,
The Sisters Of Mercy,Body Electric,,,,,,,,,,,,,,,,
Sepultura,Beneath The Remains,,,,,,,,,,,,,,,,
Stereolab,Metronomic Underground,,,,,,,,,,,,,,,,
Mgmt,Love Always Remains,0.6,0.4,0.8,0.4,0.4,0.2,0.0,0.2,0.0,0.0,0.0,0.0,1.0,0.6,0.6,0.0
Barbara Morgenstern,The Operator,,,,,,,,,,,,,,,,
Sepultura,Intro,,,,,,,,,,,,,,,,
Mew,Web,,,,,,,,,,,,,,,,
The Sisters Of Mercy,More,,,,,,,,,,,,,,,,
Free On Stage Feat. Sound Players,Like In Heaven (Original Mix),,,,,,,,,,,,,,,,
Black Sabbath,Spiral Architect,,,,,,,,,,,,,,,,
Mewithoutyou,I Never Said That I Was Brave,,,,,,,,,,,,,,,,
Backyard Babies,Idiots,,,,,,,,,,,,,,,,
Rush,Bastille Day,1.0,0.8,0.0,0.2,1.0,0.8,0.0,0.0,0.0,0.0,0.0,0.0,0.0,0.0,1.0,0.0
Free The Robots,Jazzhole,,,,,,,,,,,,,,,,
Cursive,Opening The Hymnal / Babies,,,,,,,,,,,,,,,,
Sepultura,Murder,,,,,,,,,,,,,,,,
Apocalyptica,Refuse/Resist,,,,,,,,,,,,,,,,
Frightened Rabbit,The Twist,,,,,,,,,,,,,,,,
Olive,You'Re Not Alone,,,,,,,,,,,,,,,,
Olivia Ruiz,Les Vieux Amoureux,,,,,,,,,,,,,,,,
Ted Leo And The Pharmacists,Walking To Do,,,,,,,,,,,,,,,,
Anna Ternheim,I Say No,,,,,,,,,,,,,,,,
Jason Mraz,Did You Get My Message?,,,,,,,,,,,,,,,,
Teddy Geiger,These Walls,,,,,,,,,,,,,,,,
Le Tigre,Mediocrity Rules,,,,,,,,,,,,,,,,
Le Tigre,Sixteen,,,,,,,,,,,,,,,,
Hatebreed,Destroy Everything,,,,,,,,,,,,,,,,
Battlelore,Chazad-Dum Pt.2,,,,,,,,,,,,,,,,
One Day As A Lion,Wild International,,,,,,,,,,,,,,,,
Primal Scream,Beautiful Future,,,,,,,,,,,,,,,,
Janet Jackson,Someone To Call My Lover,,,,,,,,,,,,,,,,
Prefuse 73,The Wrong Side Of Reflection,,,,,,,,,,,,,,,,
Pretty Girls Make Graves,Blue Lights,,,,,,,,,,,,,,,,
Biffy Clyro,Mountains,1.0,0.8,0.0,0.4,1.0,0.8,0.0,0.0,0.0,0.0,0.0,0.0,0.2,0.2,1.0,0.0
Biffy Clyro,Now I'M Everyone,,,,,,,,,,,,,,,,
Methods Of Mayhem,Get Naked,,,,,,,,,,,,,,,,
Laurent Wolf,Wash My World,,,,,,,,,,,,,,,,
Metallica,Too Late Too Late,,,,,,,,,,,,,,,,
Dj Shadow,Transmission 1,,,,,,,,,,,,,,,,
Metallica,53Rd & 3Rd,,,,,,,,,,,,,,,,
Black Tambourine,Pack You Up,,,,,,,,,,,,,,,,
Lene Lovich,Lucky Number,,,,,,,,,,,,,,,,
Dj Shadow,This Time (I'M Gonna Try It My Way),,,,,,,,,,,,,,,,
Meshuggah,Neurotica,,,,,,,,,,,,,,,,
Melvins,Honey Bucket,,,,,,,,,,,,,,,,
Lenny Kravitz,If You Can'T Say No,,,,,,,,,,,,,,,,
The View,Wasted Little Djs,,,,,,,,,,,,,,,,
Stevie Ray Vaughan And Double Trouble,Mary Had A Little Lamb,,,,,,,,,,,,,,,,
Devendra Banhart,Tonada Yanomaminista,,,,,,,,,,,,,,,,
Stevie Ray Vaughan And Double Trouble,Pride And Joy,,,,,,,,,,,,,,,,
Small Faces,Long Agos And Worlds Apart,,,,,,,,,,,,,,,,
Jamiroquai,Talulah,,,,,,,,,,,,,,,,
Metallica,Prince Charming,,,,,,,,,,,,,,,,
Cascada,Ready For Love,,,,,,,,,,,,,,,,
Biffy Clyro,As Dust Dances,,,,,,,,,,,,,,,,
The Vines,Mary Jane,,,,,,,,,,,,,,,,
Portishead & Moloko,Fun For Me,,,,,,,,,,,,,,,,
The Vines,Winning Days,,,,,,,,,,,,,,,,
Smokey Robinson & The Miracles,Tears Of A Clown,,,,,,,,,,,,,,,,
Big Black,Bad Penny,,,,,,,,,,,,,,,,
Jason Mraz,Song For A Friend,,,,,,,,,,,,,,,,
Jason Mraz,Clockwatching,,,,,,,,,,,,,,,,
James Murphy & Pat Mahoney,I Need You Tonight,,,,,,,,,,,,,,,,
X-Ray Spex,I Am A Cliche,,,,,,,,,,,,,,,,
Freeland,L.I.F.E.,,,,,,,,,,,,,,,,
X-Ray Spex,Genetic Engineering,,,,,,,,,,,,,,,,
September,Can'T Get Over (Radio Edit),0.6,0.4,1.0,0.2,0.0,0.0,0.0,0.0,0.0,0.0,0.0,0.0,1.0,0.8,0.0,0.0
Freeland,Physical World,,,,,,,,,,,,,,,,
Apocalyptica,From Out Of Nowhere,,,,,,,,,,,,,,,,
Leaves' Eyes,Return To Life,,,,,,,,,,,,,,,,
Led Zeppelin,Night Flight,,,,,,,,,,,,,,,,
65Daysofstatic,Massive Star At The End Of Its Burning Cycle,,,,,,,,,,,,,,,,
Freak Kitchen,The Rights To You,,,,,,,,,,,,,,,,
Rush,Resist (Live),,,,,,,,,,,,,,,,
Rush,Scars,,,,,,,,,,,,,,,,
Rush,Roll The Bones,,,,,,,,,,,,,,,,
Annie,Helpless Fool For Love (Patrick Wolf Remix),,,,,,,,,,,,,,,,
The Breeders,Mad Lucas,,,,,,,,,,,,,,,,
Cut Chemist,Metrorail Thru Space,0.6,0.4,0.8,0.8,0.2,0.0,0.0,0.0,0.0,0.0,0.0,0.0,0.6,0.6,0.4,0.0
Beyoncé & Shakira,Beautiful Liar,,,,,,,,,,,,,,,,
Orchestral Manoeuvres In The Dark,Telegraph,,,,,,,,,,,,,,,,
Alanis Morissette,Wake Up,,,,,,,,,,,,,,,,
The Juliana Hatfield Three,My Sister,,,,,,,,,,,,,,,,
Orchestral Manoeuvres In The Dark,Radio Waves,,,,,,,,,,,,,,,,
Beyoncé Knowles Featuring Jay-Z,Deja Vu (Offer Nissim Mix),,,,,,,,,,,,,,,,
Alanis Morissette,21 Things I Want In A Lover,,,,,,,,,,,,,,,,
Sway,Hype Boys,,,,,,,,,,,,,,,,
Hawkwind,The Awakening,,,,,,,,,,,,,,,,
Trivium,Unrepentant,,,,,,,,,,,,,,,,
David Bowie,Little Wonder,,,,,,,,,,,,,,,,
Enya,Silver Inches,,,,,,,,,,,,,,,,
Weezer,Freak Me Out,,,,,,,,,,,,,,,,
Weezer,Cold Dark World,,,,,,,,,,,,,,,,
Simple Minds,I Travel,,,,,,,,,,,,,,,,
Epica,The Divine Conspiracy,,,,,,,,,,,,,,,,
Melanie C,Don'T Need This,,,,,,,,,,,,,,,,
Lenny Kravitz,Always On The Run,,,,,,,,,,,,,,,,
Megadeth,Holy Wars,,,,,,,,,,,,,,,,
Megadeth,High Speed Dirt,,,,,,,,,,,,,,,,
Bob Sinclar,Love Generation (Radio Edit),,,,,,,,,,,,,,,,
Megadeth,Angry Again,,,,,,,,,,,,,,,,
The Sonics,Have Love Will Travel,0.8,1.0,0.0,0.4,0.8,0.8,0.0,0.0,0.0,0.0,0.6,0.0,0.0,0.0,0.8,0.4
Lesley Gore,It'S My Party,,,,,,,,,,,,,,,,
Cat Stevens,Where Do The Children Play,,,,,,,,,,,,,,,,
Cat Stevens,Sad Lisa,,,,,,,,,,,,,,,,
Teenagersintokyo,Very Vampyr,,,,,,,,,,,,,,,,
Stone Temple Pilots,Trippin' On A Hole In A Paper Heart,,,,,,,,,,,,,,,,
Mdfmk,Torpedoes,,,,,,,,,,,,,,,,
Ozric Tentacles,Bizarre Bazaar,,,,,,,,,,,,,,,,
The Specials,Gangsters,,,,,,,,,,,,,,,,
Story Of The Year,Stereo,,,,,,,,,,,,,,,,
Porcupine Tree,Baby Dream In Cellophane,,,,,,,,,,,,,,,,
Heaven 17,(We Don'T Need This) Fascist Groove Thang,,,,,,,,,,,,,,,,
Clinic,Pet Eunuch,,,,,,,,,,,,,,,,
Cliff Martinez,Will She Come Back,,,,,,,,,,,,,,,,
Clinic,Dj Shangri-La,,,,,,,,,,,,,,,,
Clinic,The Return Of Evil Bill,,,,,,,,,,,,,,,,
Out Hud,How Long,,,,,,,,,,,,,,,,
Out Of Office,Hands Up (Vocal Mix),,,,,,,,,,,,,,,,
Slowdive,Slowdive,,,,,,,,,,,,,,,,
Slowdive,Miranda,,,,,,,,,,,,,,,,
Weezer,The Angel And The One,,,,,,,,,,,,,,,,
Weezer,The Sister Song,,,,,,,,,,,,,,,,
Health,Glitter Pills,0.4,0.6,1.0,0.2,0.6,0.8,0.0,0.0,0.0,0.0,0.0,0.0,1.0,1.0,0.4,0.0
The Dresden Dolls,Christopher Lydon,,,,,,,,,,,,,,,,
Clor,Stuck In A Tight Spot,,,,,,,,,,,,,,,,
Velvet,Mi Amore,,,,,,,,,,,,,,,,
Entwine,Frozen By The Sun,,,,,,,,,,,,,,,,
Velvet,Fix Me,,,,,,,,,,,,,,,,
Freak Kitchen,Chest Pain Waltz,,,,,,,,,,,,,,,,
Ryan Adams,Amy,,,,,,,,,,,,,,,,
Ryan Adams,The Sun Also Sets,,,,,,,,,,,,,,,,
Semisonic,Dnd,,,,,,,,,,,,,,,,
Meat Loaf,I'D Lie For You (And That'S The Truth),,,,,,,,,,,,,,,,
Meat Puppets,Lake Of Fire,,,,,,,,,,,,,,,,
The Books,Bonanza,,,,,,,,,,,,,,,,
The Books,There Is No There,,,,,,,,,,,,,,,,
Cypress Hill,(Rock) Superstar,,,,,,,,,,,,,,,,
The Books,A Little Longing Goes Away,,,,,,,,,,,,,,,,
The Boomtown Rats,Rat Trap,,,,,,,,,,,,,,,,
Annihilator,Wicked Mystic,,,,,,,,,,,,,,,,
Fatboy Slim,I See You Baby (Groove Armada Fbs Remix),,,,,,,,,,,,,,,,
Alanis Morissette,Utopia,,,,,,,,,,,,,,,,
Cat Power,Paths Of Victory,,,,,,,,,,,,,,,,
Jackson And His Computer Band,Fast Life,,,,,,,,,,,,,,,,
Woven Hand,Winter Shaker,,,,,,,,,,,,,,,,
Backyard Babies,You Tell Me You Love Me You Lie,,,,,,,,,,,,,,,,
Beulah,Burned By The Sun,,,,,,,,,,,,,,,,
Beulah,Cruel Minor Change,,,,,,,,,,,,,,,,
Róisín Murphy,Leaving The City,,,,,,,,,,,,,,,,
Sting With Eric Clapton,It'S Probably Me,,,,,,,,,,,,,,,,
Sloan,Something'S Wrong,,,,,,,,,,,,,,,,
U2,Your Blue Room,,,,,,,,,,,,,,,,
The John Butler Trio,Ocean,,,,,,,,,,,,,,,,
Sloan,Set In Motion,,,,,,,,,,,,,,,,
Frank Sinatra,The Girl From Ipanema,,,,,,,,,,,,,,,,
Otis Redding,I'Ve Been Loving You Too Long,,,,,,,,,,,,,,,,
Teenagersintokyo,Robocat,,,,,,,,,,,,,,,,
Sabaton,Attero Dominatus,,,,,,,,,,,,,,,,
Lifehouse,We'Ll Never Know,,,,,,,,,,,,,,,,
Mazzy Star,I'Ve Been Let Down,,,,,,,,,,,,,,,,
The Specials,It'S Up To You,,,,,,,,,,,,,,,,
Mazzy Star,Look On Down From The Bridge,,,,,,,,,,,,,,,,
Bob Dylan,Workingman'S Blues #2,,,,,,,,,,,,,,,,
Lifehouse,Come Back Down,,,,,,,,,,,,,,,,
Iron & Wine,The Sea And The Rhythm,,,,,,,,,,,,,,,,
Isis,Grinning Mouths,,,,,,,,,,,,,,,,
Dani,Te Doy Mi Voz (Spain),,,,,,,,,,,,,,,,
Isis,Carry,,,,,,,,,,,,,,,,
Fatboy Slim,Ya Mama,,,,,,,,,,,,,,,,
Frank Sinatra,Young At Heart,,,,,,,,,,,,,,,,
Frank Sinatra,The Best Is Yet To Come,,,,,,,,,,,,,,,,
Seether,Fine Again,,,,,,,,,,,,,,,,
Tori Amos,1000 Oceans,,,,,,,,,,,,,,,,
David Bowie,Sweet Thing (Reprise),0.6,0.4,0.0,0.4,0.6,0.4,0.4,0.4,0.0,0.6,0.0,0.0,0.6,0.4,0.6,0.0
Plain White T'S,A Lonely September,,,,,,,,,,,,,,,,
Herbert,Just Once,,,,,,,,,,,,,,,,
The Jesus And Mary Chain,Everything'S Alright When You'Re Down,,,,,,,,,,,,,,,,
Helloween,Twilight Of The Gods,,,,,,,,,,,,,,,,
Bettye Lavette,Little Sparrow,,,,,,,,,,,,,,,,
The Jam,The Modern World,,,,,,,,,,,,,,,,
Catamenia,The Heart Of Darkness,,,,,,,,,,,,,,,,
J Dilla,People,,,,,,,,,,,,,,,,
Strapping Young Lad,Two Weeks,,,,,,,,,,,,,,,,
Catamenia,The Crystal Stream,,,,,,,,,,,,,,,,
Plastic Bertrand,Ca Plane Pour Moi,,,,,,,,,,,,,,,,
Matt Pond Pa,The Butcher,,,,,,,,,,,,,,,,
Poets Of The Fall,Overboard,,,,,,,,,,,,,,,,
Sinéad O'Connor,I Am Stretched On Your Grave,,,,,,,,,,,,,,,,
Poison,Can'T You See,,,,,,,,,,,,,,,,
Max Richter,Sunlight,,,,,,,,,,,,,,,,
Matt Pond Pa,Closest (Look Out),,,,,,,,,,,,,,,,
Tristania,Pale Enchantress,,,,,,,,,,,,,,,,
山根ミチル,Bad Situation,,,,,,,,,,,,,,,,
Dixie Chicks,Bitter End,,,,,,,,,,,,,,,,
Cave In,Jupiter,,,,,,,,,,,,,,,,
Matt Nathanson,Car Crash,,,,,,,,,,,,,,,,
The Jam,Mr. Clean,,,,,,,,,,,,,,,,
Inxs,What You Need,,,,,,,,,,,,,,,,
Limp Bizkit,It'Ll Be Ok,,,,,,,,,,,,,,,,
Alestorm,Over The Seas,,,,,,,,,,,,,,,,
Dead Can Dance,The Song Of The Sibyl,,,,,,,,,,,,,,,,
Iron & Wine And Calexico,Dead Man'S Will,,,,,,,,,,,,,,,,
Iron & Wine And Calexico,History Of Lovers,,,,,,,,,,,,,,,,
The Veronicas,Everything I'M Not,,,,,,,,,,,,,,,,
The Invisibles,London Zoo,,,,,,,,,,,,,,,,
Slipknot,Only One,,,,,,,,,,,,,,,,
Between The Buried And Me,Sun Of Nothing,,,,,,,,,,,,,,,,
P!Nk,Most Girls,,,,,,,,,,,,,,,,
Beulah,Hey Brother,,,,,,,,,,,,,,,,
Panic At The Disco,She'S A Handsome Woman,,,,,,,,,,,,,,,,
Panic At The Disco,That Green Gentleman (Things Have Changed),,,,,,,,,,,,,,,,
Strapping Young Lad,Antiproduct,,,,,,,,,,,,,,,,
Dixie Chicks,Everybody Knows,,,,,,,,,,,,,,,,
Max Richter,Vladimir'S Blues,,,,,,,,,,,,,,,,
Strapping Young Lad,Detox,,,,,,,,,,,,,,,,
Lil Wayne,Got Money (Feat. T-Pain),,,,,,,,,,,,,,,,
Slipknot,Gehenna,,,,,,,,,,,,,,,,
Slick Rick,Children'S Story,,,,,,,,,,,,,,,,
Röyksopp,Only This Moment (Radio Edit),,,,,,,,,,,,,,,,
Four Tet,No More Mosquitoes,,,,,,,,,,,,,,,,
Saint Etienne,Stars Above Us,,,,,,,,,,,,,,,,
Frank Black,Headache,,,,,,,,,,,,,,,,
The Beatles,All Together Now,,,,,,,,,,,,,,,,
Franco Battiato,Un'Altra Vita,,,,,,,,,,,,,,,,
The Black Keys,Strange Desire,0.8,0.6,0.0,0.4,1.0,0.8,0.0,0.0,0.0,0.0,0.4,0.0,0.0,0.0,0.8,0.0
Papa Roach,Broken Home,,,,,,,,,,,,,,,,
Ingrid Michaelson,Keep Breathing,,,,,,,,,,,,,,,,
The Black Keys,Midnight In Her Eyes,,,,,,,,,,,,,,,,
Sleater-Kinney,You'Re No Rock 'N' Roll Fun,,,,,,,,,,,,,,,,
Four Tet,Untangle,,,,,,,,,,,,,,,,
D'Sound,Green Eyes,,,,,,,,,,,,,,,,
Basement Jaxx,Romeo (Acoustic Mix),,,,,,,,,,,,,,,,
Tokyo Police Club,The Baskervilles,,,,,,,,,,,,,,,,
The Enemy,You'Re Not Alone,,,,,,,,,,,,,,,,
Salt-N-Pepa,Let'S Talk About Sex,,,,,,,,,,,,,,,,
Tori Amos,'97 Bonnie & Clyde,,,,,,,,,,,,,,,,
Cky,Close Yet Far,,,,,,,,,,,,,,,,
Hevein,As Far As The Eye Can See,,,,,,,,,,,,,,,,
Papa Roach,Dead Cell,,,,,,,,,,,,,,,,
Paradise Lost,Angel Tears,,,,,,,,,,,,,,,,
Paradise Lost,No Celebration,,,,,,,,,,,,,,,,
Beth Orton,Live As You Dream,,,,,,,,,,,,,,,,
Bob Dylan,Beyond The Horizon,,,,,,,,,,,,,,,,
Vast,Winter In My Heart,,,,,,,,,,,,,,,,
Céline Dion,The Power Of Love,,,,,,,,,,,,,,,,
Basshunter,Now You'Re Gone (Radio Edit),,,,,,,,,,,,,,,,
Iron Maiden,Gangland,,,,,,,,,,,,,,,,
Placebo,Nancy Boy (Sex Mix),,,,,,,,,,,,,,,,
Pain Of Salvation,People Passing By,,,,,,,,,,,,,,,,
Within Temptation,What Have You Done,,,,,,,,,,,,,,,,
The Streets,Can'T Con An Honest John,,,,,,,,,,,,,,,,
The Stranglers,Duchess,,,,,,,,,,,,,,,,
Hevein,Breakout The Hammers,,,,,,,,,,,,,,,,
3 Doors Down,Here Without You (Acoustic),,,,,,,,,,,,,,,,
Mark Ronson,God Put A Smile Upon Your Face (Feat. The Daptone Horns),,,,,,,,,,,,,,,,
3 Doors Down,Father'S Son,,,,,,,,,,,,,,,,
3 Doors Down,It'S Not My Time,,,,,,,,,,,,,,,,
3 Doors Down,Live For Today,,,,,,,,,,,,,,,,
Telefon Tel Aviv,Fahrenheit Far Away,,,,,,,,,,,,,,,,
Dead Can Dance,Music For Vampires,,,,,,,,,,,,,,,,
India.Arie,Ready For Love,,,,,,,,,,,,,,,,
Sleater-Kinney,The Size Of Our Love,,,,,,,,,,,,,,,,
Infected Mushroom,I Wish,,,,,,,,,,,,,,,,
Dead Can Dance,As The Bell Rings The Maypole Spins,,,,,,,,,,,,,,,,
Ingrid Michaelson,The Hat,,,,,,,,,,,,,,,,
Within Temptation,The Promise,,,,,,,,,,,,,,,,
Insomnium,At The Gates Of Sleep,0.8,1.0,0.0,0.0,1.0,1.0,0.4,0.6,0.0,0.0,0.0,0.0,0.4,0.2,0.8,0.0
The Hush Sound,Momentum,,,,,,,,,,,,,,,,
The Innocence Mission,Going Away,,,,,,,,,,,,,,,,
Chapterhouse,Mesmerise,,,,,,,,,,,,,,,,
Incubus,Stellar (Acoustic),,,,,,,,,,,,,,,,
Ulrich Schnauss,Blumenwiese Neben Autobahn,,,,,,,,,,,,,,,,
Tori Amos,Sweet Sangria,,,,,,,,,,,,,,,,
Charlie,Spacer Woman,,,,,,,,,,,,,,,,
Seeed,Respectness,,,,,,,,,,,,,,,,
311,Down,,,,,,,,,,,,,,,,
Limp Bizkit,No Sex,,,,,,,,,,,,,,,,
Tori Amos,Time,,,,,,,,,,,,,,,,
Lindsey De Paul,Sugar Me,,,,,,,,,,,,,,,,
Pantera,Hard Ride,,,,,,,,,,,,,,,,
Sleater-Kinney,Banned From The End Of The World,,,,,,,,,,,,,,,,
Insomnium,The Day It All Came Down,,,,,,,,,,,,,,,,
Bad Brains,Fearless Vampire Killers,,,,,,,,,,,,,,,,
Sleater-Kinney,Call The Doctor,,,,,,,,,,,,,,,,
Wire,The Other Window,,,,,,,,,,,,,,,,
Wire,Start To Move,,,,,,,,,,,,,,,,
Bertine Zetlitz,Abigail,,,,,,,,,,,,,,,,
The Haunted,The Flood,,,,,,,,,,,,,,,,
Alice In Chains,Sunshine,,,,,,,,,,,,,,,,
In Flames,Cloud Connected (Club Connected Remix),,,,,,,,,,,,,,,,
Patti Smith,Land,,,,,,,,,,,,,,,,
In Flames,Dead Eternity,,,,,,,,,,,,,,,,
Patrick Watson,The Great Escape,,,,,,,,,,,,,,,,
Army Of Lovers,Crucified,,,,,,,,,,,,,,,,
Dead Boys,Ain'T Nothin' To Do,,,,,,,,,,,,,,,,
Sleater-Kinney,Little Babies,,,,,,,,,,,,,,,,
Live,The Dolphins Cry,,,,,,,,,,,,,,,,
The Haunted,Who Will Decide,,,,,,,,,,,,,,,,
Marvin Gaye,What'S Happening Brother,,,,,,,,,,,,,,,,
Alva Noto + Ryuichi Sakamoto,Logic Moon,,,,,,,,,,,,,,,,
City And Colour,Sometimes (I Wish),,,,,,,,,,,,,,,,
Tiamat,Brighter Than The Sun,,,,,,,,,,,,,,,,
David Bowie,Within You,,,,,,,,,,,,,,,,
Him,I Love You (Prelude To Tragedy),,,,,,,,,,,,,,,,
Ennio Morricone,A Fistful Of Dollars,,,,,,,,,,,,,,,,
Boards Of Canada,Nova Scotia Robots,,,,,,,,,,,,,,,,
Dispatch,Flying Horses,,,,,,,,,,,,,,,,
Supertramp,Ain'T Nobody But Me,,,,,,,,,,,,,,,,
Diablo,In Flesh,,,,,,,,,,,,,,,,
Tristania,Deadlocked,,,,,,,,,,,,,,,,
Travis,Walking In The Sun,,,,,,,,,,,,,,,,
Martha Wainwright,G.P.T.,,,,,,,,,,,,,,,,
The Stone Roses,What The World Is Waiting For,,,,,,,,,,,,,,,,
Lollobrigida Feat Una Bitcharka Na Travi,Lollobrigida Incorporated,,,,,,,,,,,,,,,,
Mark Lanegan,Methamphetamine Blues,,,,,,,,,,,,,,,,
Maroon 5,Back At Your Door,,,,,,,,,,,,,,,,
2Pac,Dear Mama,,,,,,,,,,,,,,,,
Diana King,Shy Guy,,,,,,,,,,,,,,,,
Alter Ego,Rocker (Dub Mix),,,,,,,,,,,,,,,,
Him,Please Don'T Let It Go,,,,,,,,,,,,,,,,
Aphex Twin,Iz-Us,,,,,,,,,,,,,,,,
Fear Factory,Bite The Hand That Bleeds,,,,,,,,,,,,,,,,
Fort Minor,Get Me Gone,,,,,,,,,,,,,,,,
The Black Ghosts,Face (The Teenagers Remix),,,,,,,,,,,,,,,,
The Black Heart Procession,Tropics Of Love,,,,,,,,,,,,,,,,
Martha And The Vandellas,Jimmy Mack,,,,,,,,,,,,,,,,
Ll Cool J,Control Myself,,,,,,,,,,,,,,,,
Aphex Twin,Kesson Daslef,,,,,,,,,,,,,,,,
Chemistry,You Go Your Way,,,,,,,,,,,,,,,,
Saosin,3Rd Measurement In C,,,,,,,,,,,,,,,,
Chemistry,Solid Dream,,,,,,,,,,,,,,,,
The Black Crowes,My Morning Song,,,,,,,,,,,,,,,,
Forgotten Boys,Bla Bla Bla,,,,,,,,,,,,,,,,
Basement Jaxx,Broken Dreams,,,,,,,,,,,,,,,,
Forgotten Boys,Watching Over You,,,,,,,,,,,,,,,,
Basement Jaxx,Intro,,,,,,,,,,,,,,,,
The Goo Goo Dolls,Lazy Eye,,,,,,,,,,,,,,,,
Iliketrains,We All Fall Down,,,,,,,,,,,,,,,,
Bad Company,Bad Company,,,,,,,,,,,,,,,,
Patrick Wolf,Vulture,,,,,,,,,,,,,,,,
Patrick Wolf,X,,,,,,,,,,,,,,,,
Imogen Heap,Useless,,,,,,,,,,,,,,,,
The Goo Goo Dolls,We'Ll Be Here (When You'Re Gone),,,,,,,,,,,,,,,,
Alice In Chains,God Smack,,,,,,,,,,,,,,,,
Sublime,Scarlet Begonias,,,,,,,,,,,,,,,,
Los Hermanos,Retrato Pra Iaiá,,,,,,,,,,,,,,,,
Mariah Carey,Say Somethin' (Morales Edit),,,,,,,,,,,,,,,,
Blur,Jets,,,,,,,,,,,,,,,,
Foo Fighters,Halo,1.0,0.6,0.0,0.2,1.0,0.6,0.4,0.0,0.0,0.0,0.0,0.0,0.0,0.0,0.8,0.0
Avenged Sevenfold,Sidewinder,,,,,,,,,,,,,,,,
Anthrax,Antisocial,,,,,,,,,,,,,,,,
Trio Odemira,No Reino Do Amor,,,,,,,,,,,,,,,,
Louis Xiv,God Killed The Queen,,,,,,,,,,,,,,,,
河辺千恵子,Sakura Kiss (Tv Size),,,,,,,,,,,,,,,,
22-20S,Devil In Me,,,,,,,,,,,,,,,,
Marilyn Manson,Minute Of Decay,,,,,,,,,,,,,,,,
Marilyn Manson,User Friendly,,,,,,,,,,,,,,,,
The Streets,Such A Twat,,,,,,,,,,,,,,,,
Sublime,We'Re Only Gonna Die For Our Arrogance,,,,,,,,,,,,,,,,
Pinback,Soaked,,,,,,,,,,,,,,,,
Hocico,Twisted Lines,,,,,,,,,,,,,,,,
Paul Van Dyk,Forbidden Fruit,,,,,,,,,,,,,,,,
Iggy Pop,I'M Bored,,,,,,,,,,,,,,,,
Paul Van Dyk Feat. Rea Garvey,Let Go,,,,,,,,,,,,,,,,
Paul Van Dyk,Nothing But You,,,,,,,,,,,,,,,,
Iggy Pop,Mass Production,,,,,,,,,,,,,,,,
Ben Harper,When It'S Good,,,,,,,,,,,,,,,,
Skid Row,Riot Act,,,,,,,,,,,,,,,,
Pink Floyd,03 - Time,,,,,,,,,,,,,,,,
Ben Kweller,I Need You Back,,,,,,,,,,,,,,,,
Engenheiros Do Hawaii,3X4,,,,,,,,,,,,,,,,
Alphabeat,Boyfriend,,,,,,,,,,,,,,,,
Lou Reed,This Magic Moment,,,,,,,,,,,,,,,,
Suede,The Chemistry Between Us,,,,,,,,,,,,,,,,
Mariah Carey,Don'T Forget About Us,,,,,,,,,,,,,,,,
Anthrax,Panic,,,,,,,,,,,,,,,,
Super Furry Animals,Zoom!,,,,,,,,,,,,,,,,
Tom Waits,Jersey Girl,,,,,,,,,,,,,,,,
Lovage,Anger Management,,,,,,,,,,,,,,,,
Sarah Mclachlan,Full Of Grace,,,,,,,,,,,,,,,,
Lotus Plaza,What Grows?,,,,,,,,,,,,,,,,
Sarah Mclachlan,Do What You Have To Do,,,,,,,,,,,,,,,,
Flo Rida,Right Round (Feat. Kesha),,,,,,,,,,,,,,,,
Feeder,Insomnia,,,,,,,,,,,,,,,,
The Bird And The Bee,My Fair Lady,,,,,,,,,,,,,,,,
Flogging Molly,Another Bag Of Bricks,,,,,,,,,,,,,,,,
Sebadoh,Not Too Amused,,,,,,,,,,,,,,,,
Pierrot,Agitator,,,,,,,,,,,,,,,,
Thao,Bag Of Hammers,,,,,,,,,,,,,,,,
The Fiery Furnaces,Teach Me Sweetheart,,,,,,,,,,,,,,,,
Flogging Molly,If I Ever Leave This World Alive,0.8,0.6,0.0,0.4,0.6,0.4,0.8,0.0,0.0,0.0,0.0,0.0,0.0,0.0,0.8,0.0
Christina Aguilera,El Beso Del Final,,,,,,,,,,,,,,,,
Christina Aguilera,Welcome,,,,,,,,,,,,,,,,
Pavement,Major Leagues,,,,,,,,,,,,,,,,
Slayer,Here Comes The Pain,,,,,,,,,,,,,,,,
Dir En Grey,The Fatal Believer,,,,,,,,,,,,,,,,
Slayer,Live Undead,1.0,1.0,0.0,0.0,1.0,1.0,0.0,0.0,0.0,0.0,0.0,0.0,0.0,0.0,1.0,0.0
Iko,Prom Song,,,,,,,,,,,,,,,,
The Fiery Furnaces,Clear Signal From Cairo,,,,,,,,,,,,,,,,
The Fiery Furnaces,Inca Rag/Name Game,,,,,,,,,,,,,,,,
The Fiery Furnaces,Benton Harbor Blues,,,,,,,,,,,,,,,,
The Field,Silent,,,,,,,,,,,,,,,,
Lullacry,Better Days,,,,,,,,,,,,,,,,
Thåström,Kärlek Är För Dom,,,,,,,,,,,,,,,,
Sufjan Stevens,Chicago (Multiple Personality Disorder Version),,,,,,,,,,,,,,,,
Dir En Grey,Drain Away,,,,,,,,,,,,,,,,
菅野よう子,Tank!,,,,,,,,,,,,,,,,
Manu Chao,El Dorado 1997,,,,,,,,,,,,,,,,
Love Is All,Untitled,,,,,,,,,,,,,,,,
The Sugarcubes,Sick For Toys,,,,,,,,,,,,,,,,
Blind Guardian,Barbara Ann,,,,,,,,,,,,,,,,
Emily Haines & The Soft Skeleton,Rowboat,,,,,,,,,,,,,,,,
Tori Amos,Little Amsterdam,,,,,,,,,,,,,,,,
Peaches,Rock The Shocker,,,,,,,,,,,,,,,,
Tricky,Makes Me Wanna Die,,,,,,,,,,,,,,,,
The Undertones,My Perfect Cousin,,,,,,,,,,,,,,,,
Mandalay,Beautiful,,,,,,,,,,,,,,,,
Lucybell,Cuando Respiro En Tu Boca,,,,,,,,,,,,,,,,
Lucybell,A Perderse,,,,,,,,,,,,,,,,
Pearl Jam,Rats,,,,,,,,,,,,,,,,
Pearl Jam,Indifference,,,,,,,,,,,,,,,,
Tenacious D,Karate Schnitzel,,,,,,,,,,,,,,,,
The Game,Ol' English (Produced By Hi Tek),,,,,,,,,,,,,,,,
Tenacious D,Exploding Brains,,,,,,,,,,,,,,,,
The Gathering,Debris,,,,,,,,,,,,,,,,
Iamx,White Suburb Impressionism,,,,,,,,,,,,,,,,
Pavement,Summer Babe,,,,,,,,,,,,,,,,
Pearl Jam,Present Tense,0.6,0.4,0.0,0.4,0.4,0.2,0.8,0.0,0.0,0.0,0.0,0.0,0.0,0.0,0.6,0.0
Chikinki,Assassinator 13,,,,,,,,,,,,,,,,
Icon & The Black Roses,Remember,,,,,,,,,,,,,,,,
Icon & The Black Roses,Dreams And Silver Tears,,,,,,,,,,,,,,,,
De La Soul,Ghetto Thang,,,,,,,,,,,,,,,,
Alien Ant Farm,Glow,,,,,,,,,,,,,,,,
Idlewild,Everything (As It Moves),,,,,,,,,,,,,,,,
Autechre,Paralel Suns,,,,,,,,,,,,,,,,
Scar Symmetry,The Path Of Least Resistance,,,,,,,,,,,,,,,,
The Beautiful Mistake,My Reminder,,,,,,,,,,,,,,,,
Scar Symmetry,Orchestrate The Infinite,,,,,,,,,,,,,,,,
The Beatles,Every Little Thing,,,,,,,,,,,,,,,,
Feeder,Turn,,,,,,,,,,,,,,,,
Fleetwood Mac,Oh Daddy,,,,,,,,,,,,,,,,
Alkaline Trio,The Poison,1.0,0.8,0.0,0.2,1.0,0.8,0.0,0.0,0.0,0.0,0.0,0.0,0.0,0.0,1.0,0.0
Hot Chip,Whistle For Will,,,,,,,,,,,,,,,,
William Shatner,It Hasn'T Happened Yet,,,,,,,,,,,,,,,,
I Am Kloot,The Same Deep Water As Me,,,,,,,,,,,,,,,,
Mae,Runaway,,,,,,,,,,,,,,,,
Blood Red Shoes,Adhd,,,,,,,,,,,,,,,,
The Thermals,Here'S Your Future,,,,,,,,,,,,,,,,
Christina Aguilera,Can'T Hold Us Down (Feat. Lil' Kim),,,,,,,,,,,,,,,,
Wilco,Kingpin,,,,,,,,,,,,,,,,
Philip Glass,Mad Rush,,,,,,,,,,,,,,,,
Thurston Moore,Silver&Gt;Blue,,,,,,,,,,,,,,,,
Phoenix,Congratulations,,,,,,,,,,,,,,,,
Skinny Puppy,Candle,,,,,,,,,,,,,,,,
Skinny Puppy,Scrapyard,,,,,,,,,,,,,,,,
David Guetta,Winner Of The Game (Feat. Jd Davis),,,,,,,,,,,,,,,,
The Subways,Alright,,,,,,,,,,,,,,,,
Manu Chao,A Cosa,0.6,0.4,0.0,0.6,0.6,0.4,0.8,0.0,0.0,0.0,0.0,0.0,0.0,0.0,0.6,0.0
Blind Guardian,The Quest For Tanelorn,,,,,,,,,,,,,,,,
Manic Street Preachers,Suicide Is Painless,,,,,,,,,,,,,,,,
Blind Guardian,Theatre Of Pain,,,,,,,,,,,,,,,,
Peaches,Aa Xxx,,,,,,,,,,,,,,,,
Tori Amos,Little Earthquakes,,,,,,,,,,,,,,,,
Madeleine Peyroux,I'Ll Look Around,,,,,,,,,,,,,,,,
Fennesz & Sakamoto,Oto,,,,,,,,,,,,,,,,
M83,At The Party,,,,,,,,,,,,,,,,
Madness,Michael Caine,,,,,,,,,,,,,,,,
The Tough Alliance,Take No Heroes,,,,,,,,,,,,,,,,
M.I.A.,Dash The Curry Skit,,,,,,,,,,,,,,,,
*Nsync,Girlfriend,,,,,,,,,,,,,,,,
+44,Little Death,,,,,,,,,,,,,,,,
Chris Vrenna,Falling Down The Rabbit Hole,,,,,,,,,,,,,,,,
Eminem,When I'M Gone,,,,,,,,,,,,,,,,
Hot Snakes,Xox,,,,,,,,,,,,,,,,
Thursday,At This Velocity,,,,,,,,,,,,,,,,
Howard Shore,Twilight And Shadow,,,,,,,,,,,,,,,,
Dillinger,Cocaine In My Brain,,,,,,,,,,,,,,,,
Peter Murphy,I'Ll Fall With Your Knife,,,,,,,,,,,,,,,,
Dimmu Borgir,Entrance,,,,,,,,,,,,,,,,
Die Fantastischen Vier,Hoffnung,,,,,,,,,,,,,,,,
Sugababes,Back When,0.8,0.4,1.0,0.4,0.0,0.0,0.0,0.2,0.0,0.0,0.0,0.0,0.8,0.6,0.6,0.0
Thursday,Concealer,,,,,,,,,,,,,,,,
Sufjan Stevens,To The Workers Of The Rockford River Valley Region,,,,,,,,,,,,,,,,
Hot Hot Heat,Elevator,,,,,,,,,,,,,,,,
Phil Collins,Easy Lover,,,,,,,,,,,,,,,,
...And You Will Know Us By The Trail Of Dead,Life,,,,,,,,,,,,,,,,
...And You Will Know Us By The Trail Of Dead,Gold Heart Mountain Top Queen Directory,,,,,,,,,,,,,,,,
Bloodbath,Brave New Hell,,,,,,,,,,,,,,,,
Bloodhound Gang,Ralph Wiggum,,,,,,,,,,,,,,,,
Malajube,Montreal -40C,,,,,,,,,,,,,,,,
Bloodhound Gang,Magna Cum Nada,,,,,,,,,,,,,,,,
Sunny Day Real Estate,Song About An Angel,1.0,0.8,0.0,0.0,1.0,0.8,0.0,0.0,0.0,0.0,0.0,0.0,0.0,0.0,1.0,0.0
God'S Bow,My Fault,,,,,,,,,,,,,,,,
Godsmack,Hollow,,,,,,,,,,,,,,,,
Mahogany,Supervitesse (Robin Guthrie Mix),,,,,,,,,,,,,,,,
Ane Brun,A Temporary Dive,,,,,,,,,,,,,,,,
The Cribs,You'Re Gonna Lose Us,,,,,,,,,,,,,,,,
Kanye West,Never Let You Down,,,,,,,,,,,,,,,,
Kanye West,Good Life,,,,,,,,,,,,,,,,
Spacemen 3,Walkin' With Jesus,,,,,,,,,,,,,,,,
Rebel Meets Rebel,Nothin' To Lose,,,,,,,,,,,,,,,,
Shelby Lynne,Dream Some,,,,,,,,,,,,,,,,
The Allman Brothers Band,Statesboro Blues,,,,,,,,,,,,,,,,
Conor Oberst,I Don'T Want To Die (In The Hospital),,,,,,,,,,,,,,,,
Conjure One,Years,,,,,,,,,,,,,,,,
Everclear,Learning How To Smile,,,,,,,,,,,,,,,,
Shearwater,The Hunter'S Star,,,,,,,,,,,,,,,,
M. Ward,Sweethearts On Parade,,,,,,,,,,,,,,,,
Madonna,Candy Perfume Girl,,,,,,,,,,,,,,,,
Blink-182,Story Of A Lonely Guy,,,,,,,,,,,,,,,,
M. Ward,Duet For Guitars #3,,,,,,,,,,,,,,,,
Blockhead,Expiration Date,,,,,,,,,,,,,,,,
Blink-182,Obvious,,,,,,,,,,,,,,,,
Scsi-9,Eclair De Lune,,,,,,,,,,,,,,,,
M83,Sitting,,,,,,,,,,,,,,,,
Reagan Youth,No Class,,,,,,,,,,,,,,,,
Machinae Supremacy,Oki Kuma'S Adventure,,,,,,,,,,,,,,,,
Ferry Corsten,Possession,,,,,,,,,,,,,,,,
Scott Matthew,Lithium Flower,,,,,,,,,,,,,,,,
Fields,Brittlesticks,,,,,,,,,,,,,,,,
Dan Deacon,Okie Dokie,,,,,,,,,,,,,,,,
Dimmu Borgir,Hybrid Stigmata - The Apostasy,,,,,,,,,,,,,,,,
Sugarcult,Daddy'S Little Defect,,,,,,,,,,,,,,,,
Blockhead,Jet Son,,,,,,,,,,,,,,,,
Bloc Party,Luno (Bloc Party Vs. Death From Above 1979),,,,,,,,,,,,,,,,
Madness,Wings Of A Dove,,,,,,,,,,,,,,,,
+44,Lillian,,,,,,,,,,,,,,,,
Scar Symmetry,Seeds Of Rebellion,,,,,,,,,,,,,,,,
Lupe Fiasco,Sunshine,,,,,,,,,,,,,,,,
Tricky,Hell Is Round The Corner,,,,,,,,,,,,,,,,
Autechre,Piezo,,,,,,,,,,,,,,,,
Dios (Malos),Starting Five,,,,,,,,,,,,,,,,
Van She,Kelly (Alan Braxe And Fred Falke Remix),,,,,,,,,,,,,,,,
Dana Fuchs And Jim Sturgess,All You Need Is Love,,,,,,,,,,,,,,,,
Fleetwood Mac,Black Magic Woman,,,,,,,,,,,,,,,,
Say Anything,Admit It!!!,,,,,,,,,,,,,,,,
Saves The Day,Cars & Calories,,,,,,,,,,,,,,,,
The Besnard Lakes,And You Lied To Me,,,,,,,,,,,,,,,,
The Beta Band,B + A,,,,,,,,,,,,,,,,
The Beta Band,Dogs Got A Bone,,,,,,,,,,,,,,,,
Blue Foundation,History,,,,,,,,,,,,,,,,
Lucky Soul,Baby I'M Broke,,,,,,,,,,,,,,,,
The Sword,Freya,,,,,,,,,,,,,,,,
Blind Guardian,Welcome To Dying,,,,,,,,,,,,,,,,
Lucinda Williams,Car Wheels On A Gravel Road,,,,,,,,,,,,,,,,
Mando Diao,Kingdom & Glory,,,,,,,,,,,,,,,,
Savage Garden,Break Me Shake Me,,,,,,,,,,,,,,,,
Manu Chao,Minha Galera,0.6,0.4,0.0,0.8,0.4,0.2,0.6,0.0,0.0,0.0,0.0,0.0,0.0,0.0,0.6,0.0
Blues Traveler,Stand,,,,,,,,,,,,,,,,
The Teenagers,We Are The Teenagers,,,,,,,,,,,,,,,,
Sufjan Stevens,Demetrius,,,,,,,,,,,,,,,,
Love,Old Man,,,,,,,,,,,,,,,,
Wilco,Someone Else'S Song,,,,,,,,,,,,,,,,
Thursday,Steps Ascending,,,,,,,,,,,,,,,,
Trentemøller,Snowflake,,,,,,,,,,,,,,,,
Wilco,Someday Soon,,,,,,,,,,,,,,,,
Blue Foundation,02.17 Am,,,,,,,,,,,,,,,,
Christina Aguilera,Falsas Esperanzas,,,,,,,,,,,,,,,,
Peaches,Cum Undun,,,,,,,,,,,,,,,,
Peaches,Do Ya,,,,,,,,,,,,,,,,
Peaches,Talk To Me,,,,,,,,,,,,,,,,
Pearl Jam,Blood,,,,,,,,,,,,,,,,
Emperor,Cosmic Keys To My Creations And Times,,,,,,,,,,,,,,,,
Hot Club De Paris,Shipwreck,,,,,,,,,,,,,,,,
Skinny Puppy,Death,,,,,,,,,,,,,,,,
The Flaming Lips,Race For The Prize (Remix),,,,,,,,,,,,,,,,
Emperor,The Loss And Curse Of Reverence,,,,,,,,,,,,,,,,
David Guetta,Love Don'T Let Me Go (House Remix),,,,,,,,,,,,,,,,
Emma Bunton,Breathing,,,,,,,,,,,,,,,,
I Love You But I'Ve Chosen Darkness,-,,,,,,,,,,,,,,,,
Pelican,Far From Fields,,,,,,,,,,,,,,,,
David Guetta,You'Re Not Alone (Feat. Tara Mcdonald),,,,,,,,,,,,,,,,
The Funky Lowlives,Sail Into The Sun,,,,,,,,,,,,,,,,
Alkaline Trio,Mr. Chainsaw,,,,,,,,,,,,,,,,
The Funky Lowlives,Time To Let You Go,,,,,,,,,,,,,,,,
Alkaline Trio,We'Ve Had Enough,,,,,,,,,,,,,,,,
Håkan Hellström,En Midsommarnattsdröm,,,,,,,,,,,,,,,,
Benjamin Diamond,Let'S Get High (Alan Braxe Remix),,,,,,,,,,,,,,,,
Alkaline Trio,Take Lots With Alcohol,,,,,,,,,,,,,,,,
Pedro The Lion,Big Trucks,1.0,0.6,0.0,0.0,1.0,0.6,0.0,0.0,0.0,0.0,0.0,0.0,0.0,0.0,1.0,0.0
Peeping Tom,How U Feelin? (Feat. Doseone),,,,,,,,,,,,,,,,
The Game,My Life (Feat. Lil' Wayne),,,,,,,,,,,,,,,,
Peeping Tom,Kill The Dj (Feat. Massive Attack),,,,,,,,,,,,,,,,
Emilíana Torrini,Fingertips,,,,,,,,,,,,,,,,
Days Of The New,Solitude,,,,,,,,,,,,,,,,
Peeping Tom,Getaway (Feat. Kool Keith),,,,,,,,,,,,,,,,
Tori Amos,Code Red,,,,,,,,,,,,,,,,
David Draiman,Forsaken,,,,,,,,,,,,,,,,
David Gilmour,Then I Close My Eyes,,,,,,,,,,,,,,,,
The Fiery Furnaces,Evergreen,,,,,,,,,,,,,,,,
Paul Mccartney & Wings,Jet,,,,,,,,,,,,,,,,
Alif Tree,Belle,,,,,,,,,,,,,,,,
Iio,At The End,,,,,,,,,,,,,,,,
Why?,Fall Saddles,,,,,,,,,,,,,,,,
Windir,Todeswalzer,,,,,,,,,,,,,,,,
Christina Aguilera,On Our Way,,,,,,,,,,,,,,,,
Christina Aguilera,I Got Trouble,,,,,,,,,,,,,,,,
Hooverphonic,One,,,,,,,,,,,,,,,,
Iced Earth,Wolf,,,,,,,,,,,,,,,,
Phosphorescent,I Am A Full Grown Man (I Will Lay In The Grass All Day),,,,,,,,,,,,,,,,
The Fiery Furnaces,Worry Worry,,,,,,,,,,,,,,,,
Slayer,Black Serenade,,,,,,,,,,,,,,,,
Slayer,Darkness Of Christ,,,,,,,,,,,,,,,,
Slayer,Cast Down,,,,,,,,,,,,,,,,
Chicks On Speed,We Don'T Play Guitars,,,,,,,,,,,,,,,,
Bad Religion,Against The Grain,,,,,,,,,,,,,,,,
Thrice,Atlantic,,,,,,,,,,,,,,,,
Windy & Carl,Lighthouse (Alt Version),,,,,,,,,,,,,,,,
Ida Maria,I Like You So Much Better When You'Re Naked,,,,,,,,,,,,,,,,
Slagsmålsklubben,Erd Ist Froh,,,,,,,,,,,,,,,,
Iamx,Think Of England,,,,,,,,,,,,,,,,
Ultravox,The Thin Wall,,,,,,,,,,,,,,,,
Children Of Bodom,The Nail,,,,,,,,,,,,,,,,
Chicane,Low Sun,,,,,,,,,,,,,,,,
The Get Up Kids,I'Ll Catch You,,,,,,,,,,,,,,,,
Bertrand Burgalat,Ma Rencontre,,,,,,,,,,,,,,,,
Emilie Autumn,How Strange,,,,,,,,,,,,,,,,
Dead Boys,I Need Lunch,,,,,,,,,,,,,,,,
Chemistry,Nothing (Takagi Masakatsu Remix),,,,,,,,,,,,,,,,
Chemistry,Your World,,,,,,,,,,,,,,,,
Immortal Technique,Industrial Revolution,,,,,,,,,,,,,,,,
Iliketrains,The Deception,,,,,,,,,,,,,,,,
Immortal Technique,The 4Th Branch,,,,,,,,,,,,,,,,
The 4-Skins,One Law For Them,,,,,,,,,,,,,,,,
Immortal,One By One,,,,,,,,,,,,,,,,
Pink Floyd,Paintbox,,,,,,,,,,,,,,,,
Pink Floyd,Signs Of Life,,,,,,,,,,,,,,,,
Pink Martini,Lilly,,,,,,,,,,,,,,,,
Pink Martini,Aspettami,,,,,,,,,,,,,,,,
Ben Harper,Waiting For You,,,,,,,,,,,,,,,,
The Fall,New Face In Hell,,,,,,,,,,,,,,,,
Hilary Duff,Gypsy Woman,,,,,,,,,,,,,,,,
Tori Amos,Programmable Soda,,,,,,,,,,,,,,,,
Television Personalities,Jackanory Stories,,,,,,,,,,,,,,,,
De-Phazz,Death By Chocolate,,,,,,,,,,,,,,,,
Idlewild,Too Long Awake,0.8,0.6,0.0,0.2,1.0,0.8,0.0,0.0,0.0,0.0,0.0,0.0,0.0,0.0,0.8,0.0
Iggy Pop,Fall In Love With Me,,,,,,,,,,,,,,,,
Pinback,Hurley,,,,,,,,,,,,,,,,
Hocico,Spirals Of Time,,,,,,,,,,,,,,,,
Badly Drawn Boy,Camping Next To Water,,,,,,,,,,,,,,,,
Chevelle,An Evening With El Diablo,,,,,,,,,,,,,,,,
Iggy Pop,Real Wild Child,,,,,,,,,,,,,,,,
Chevelle,The Clincher,,,,,,,,,,,,,,,,
Armin Van Buuren,Going Wrong,,,,,,,,,,,,,,,,
Slayer,Ghosts Of War,,,,,,,,,,,,,,,,
Temple Of The Dog,Pushin Forward Back,,,,,,,,,,,,,,,,
Temple Of The Dog,Say Hello 2 Heaven,,,,,,,,,,,,,,,,
De La Soul,Transmitting Live From Mars,,,,,,,,,,,,,,,,
The Hold Steady,Magazines,,,,,,,,,,,,,,,,
Pj Harvey & Thom Yorke,This Mess We'Re In,,,,,,,,,,,,,,,,
Infected Mushroom,Dancing With Kadafi,,,,,,,,,,,,,,,,
Teitur,Rough Around The Edges,,,,,,,,,,,,,,,,
Sleater-Kinney,Start Together,,,,,,,,,,,,,,,,
Indochine,Alice & June,,,,,,,,,,,,,,,,
Infadels,Topboy,,,,,,,,,,,,,,,,
The Hellacopters,Down On Freestreet,,,,,,,,,,,,,,,,
Circle Takes The Square,Same Shade As Concrete,,,,,,,,,,,,,,,,
Circle Jerks,Beverly Hills,,,,,,,,,,,,,,,,
Circle Takes The Square,In The Nervous Light,,,,,,,,,,,,,,,,
The Faint,Sex Is Personal,,,,,,,,,,,,,,,,
Alva Noto + Ryuichi Sakamoto,Moon,,,,,,,,,,,,,,,,
Pixies,Velvety Instrumental Version,,,,,,,,,,,,,,,,
Whiskeytown,Drank Like A River,,,,,,,,,,,,,,,,
The Haunted,No Compromise,,,,,,,,,,,,,,,,
Sleater-Kinney,#1 Must Have,,,,,,,,,,,,,,,,
Ben Harper,By My Side,,,,,,,,,,,,,,,,
Chemistry,Move On,,,,,,,,,,,,,,,,
Circa Survive,The Difference Between Medicine And Poison Is In The Dose,,,,,,,,,,,,,,,,
Circa Survive,Living Together,,,,,,,,,,,,,,,,
Circa Survive,Stop The Fuckin' Car,,,,,,,,,,,,,,,,
Alice Russell,Someday,,,,,,,,,,,,,,,,
The Faint,Take Me To The Hospital,,,,,,,,,,,,,,,,
High Contrast,If We Ever,,,,,,,,,,,,,,,,
Cherry Ghost,People Help The People,,,,,,,,,,,,,,,,
Immortal,Tyrants,,,,,,,,,,,,,,,,
Iliketrains,Death Of An Idealist,,,,,,,,,,,,,,,,
In Flames,Wayfaerer,,,,,,,,,,,,,,,,
The Haunted,Sweet Relief,,,,,,,,,,,,,,,,
Heróis Do Mar,Fado,,,,,,,,,,,,,,,,
Hevein,Beg To Differ,,,,,,,,,,,,,,,,
Whale,Hobo Humpin' Slobo Babe,,,,,,,,,,,,,,,,
Herman Düne,With A Tankful Of Gas,,,,,,,,,,,,,,,,
Clannad,World Of Difference,,,,,,,,,,,,,,,,
Sleeping At Last,Quicksand,,,,,,,,,,,,,,,,
Dead Can Dance,The Writing On My Father'S Hand,,,,,,,,,,,,,,,,
Cky,Flesh Into Gear,,,,,,,,,,,,,,,,
Arovane,Pink Lilies,,,,,,,,,,,,,,,,
Siouxsie And The Banshees,Jigsaw Feeling,,,,,,,,,,,,,,,,
Siouxsie And The Banshees,Playground Twist,,,,,,,,,,,,,,,,
Tiamat,Gaia,,,,,,,,,,,,,,,,
The Engine Room,A Perfect Lie (Theme Song) (Gabriel & Dresden Remix),,,,,,,,,,,,,,,,
Ben Folds Five,Missing The War,,,,,,,,,,,,,,,,
Clannad,Theme From Harry'S Game,,,,,,,,,,,,,,,,
The Horrors,Gil Sleeping,,,,,,,,,,,,,,,,
Papa Roach,Done With You,,,,,,,,,,,,,,,,
The Human League,All I Ever Wanted,,,,,,,,,,,,,,,,
Papa Roach,Blanket Of Fear,,,,,,,,,,,,,,,,
Papa Roach,Stop Looking,,,,,,,,,,,,,,,,
Beth Orton,Sugar Boy,,,,,,,,,,,,,,,,
The Holloways,Dancefloor,,,,,,,,,,,,,,,,
Placebo,Allergic,,,,,,,,,,,,,,,,
Incubus,Pendulous Threads,,,,,,,,,,,,,,,,
Wisin Y Yandel,Pam Pam,,,,,,,,,,,,,,,,
The Hush Sound,Sweet Tangerine,,,,,,,,,,,,,,,,
Interference,Gold,,,,,,,,,,,,,,,,
Eluvium,Under The Water It Glowed,,,,,,,,,,,,,,,,
Pantera,Throes Of Rejection,,,,,,,,,,,,,,,,
Wolf Parade,Bang Your Drum,,,,,,,,,,,,,,,,
Wolf Parade,Language City,,,,,,,,,,,,,,,,
Poison,Let Me Go To The Show,,,,,,,,,,,,,,,,
Poison,Just What I Needed,,,,,,,,,,,,,,,,
Poison,#1 Bad Boy,,,,,,,,,,,,,,,,
Poison,Something To Believe In,,,,,,,,,,,,,,,,
Poison,What I Like About You,,,,,,,,,,,,,,,,
The Jimi Hendrix Experience,Stone Free,,,,,,,,,,,,,,,,
Beyoncé,Check On It,,,,,,,,,,,,,,,,
Tiamat,To Have And Have Not,,,,,,,,,,,,,,,,
Sloan,Ana Lucia,,,,,,,,,,,,,,,,
Plumb,Cut (Bronleewe & Bose Mix),,,,,,,,,,,,,,,,
Plumb,In My Arms (Bimbo Jones Radio Edit),,,,,,,,,,,,,,,,
Her Space Holiday,Sleepy California,,,,,,,,,,,,,,,,
The Early November,All We Ever Needed,,,,,,,,,,,,,,,,
Ensiferum,Little Dreamer (Väinämöinen Part Ii),,,,,,,,,,,,,,,,
The Duke Spirit,X,,,,,,,,,,,,,,,,
Poison,Blame It On You,,,,,,,,,,,,,,,,
Ugly Casanova,Smoke Like Ribbons,,,,,,,,,,,,,,,,
Isis,Holy Tears,,,,,,,,,,,,,,,,
Isis,Maritime,,,,,,,,,,,,,,,,
Cats On Fire,Born Again Christian,,,,,,,,,,,,,,,,
Iron Maiden,Back In The Village,,,,,,,,,,,,,,,,
Cats On Fire,If You Must Tell Him,,,,,,,,,,,,,,,,
Plain White T'S,Our Time Now,,,,,,,,,,,,,,,,
Arovane,Ten Hours,,,,,,,,,,,,,,,,
Planet Asia Ft. Ghostface,Coast 2 Coast,,,,,,,,,,,,,,,,
The Jam,Pretty Green,,,,,,,,,,,,,,,,
The Jam,It'S Too Bad,,,,,,,,,,,,,,,,
Woven Hand,Down In Yon Forest,0.8,0.6,0.0,0.6,0.6,0.4,0.8,0.0,0.0,0.0,0.6,0.0,0.4,0.4,0.6,0.0
The Jacksons,Blame It On The Boogie,,,,,,,,,,,,,,,,
Woven Hand,Elktooth,,,,,,,,,,,,,,,,
Ugly Casanova,Beesting,,,,,,,,,,,,,,,,
Elliott Smith,How To Take A Fall,,,,,,,,,,,,,,,,
Heaven 17,Crushed By The Wheels Of Industry,,,,,,,,,,,,,,,,
James Morrison,Please Don'T Stop The Rain,,,,,,,,,,,,,,,,
Alanis Morissette,Excuses,,,,,,,,,,,,,,,,
Casiotone For The Painfully Alone,Holly Hobby (Version),,,,,,,,,,,,,,,,
Slowdive,Morningrise,,,,,,,,,,,,,,,,
Small Faces,Afterglow (Of Your Love),,,,,,,,,,,,,,,,
Orchestral Manoeuvres In The Dark,She'S Leaving,,,,,,,,,,,,,,,,
Alanis Morissette,So Unsexy,,,,,,,,,,,,,,,,
Cliff Martinez,Can I Sit Next To You,,,,,,,,,,,,,,,,
Clint Mansell,Dr. Pill,,,,,,,,,,,,,,,,
Poisonblack,Pain Becomes Me,,,,,,,,,,,,,,,,
Arcturus,Hibernation Sickness Complete,,,,,,,,,,,,,,,,
Clinic,Mr. Moonlight,,,,,,,,,,,,,,,,
Arcturus,Ad Astra,,,,,,,,,,,,,,,,
Arcturus,Star-Crossed,,,,,,,,,,,,,,,,
Cat Power,Satisfaction,,,,,,,,,,,,,,,,
Amel Larrieux,All I Got,,,,,,,,,,,,,,,,
Sloan,Will I Belong?,,,,,,,,,,,,,,,,
Dead Meadow,Such Hawks Such Hounds,,,,,,,,,,,,,,,,
U2,Wild Honey,,,,,,,,,,,,,,,,
Dead Poetic,New Medicines,,,,,,,,,,,,,,,,
The Johnston Brothers,Hernando'S Hideaway,,,,,,,,,,,,,,,,
Jacek Kaczmarski,Postmodernizm,,,,,,,,,,,,,,,,
Wu-Tang Clan,Rushing Elephants,,,,,,,,,,,,,,,,
Sloan,Blackout,,,,,,,,,,,,,,,,
Ub40,Can'T Help Falling In Love,,,,,,,,,,,,,,,,
Between The Trees,Darlin',,,,,,,,,,,,,,,,
Ozzy Osbourne,I Don'T Wanna Stop,,,,,,,,,,,,,,,,
X,Nausea,,,,,,,,,,,,,,,,
Beulah,Emma Blowgun'S Last Stand,,,,,,,,,,,,,,,,
The Jimi Hendrix Experience,Red House,,,,,,,,,,,,,,,,
The Jimi Hendrix Experience,Ain'T No Telling,,,,,,,,,,,,,,,,
Elio E Le Storie Tese,Heavy Samba,,,,,,,,,,,,,,,,
Smash Mouth,I'M A Believer,,,,,,,,,,,,,,,,
U2,Seconds,,,,,,,,,,,,,,,,
Opeth,Coil,,,,,,,,,,,,,,,,
X-Ray Spex,Let'S Submerge,,,,,,,,,,,,,,,,
Opeth,Karma,,,,,,,,,,,,,,,,
Pretty Girls Make Graves,Pyrite Pedestal,,,,,,,,,,,,,,,,
Jarade De Palo,Bonito,,,,,,,,,,,,,,,,
X-Ray Spex,I Live Off You,,,,,,,,,,,,,,,,
One Of Us,Faith And Fanatics,,,,,,,,,,,,,,,,
Jamiroquai,Stop Don'T Panic,,,,,,,,,,,,,,,,
Jane'S Addiction,Classic Girl,,,,,,,,,,,,,,,,
Jan Jelinek,Universal Band Silhouette,,,,,,,,,,,,,,,,
Hawthorne Heights,Silver Bullet,1.0,0.8,0.0,0.2,1.0,1.0,0.0,0.0,0.0,0.0,0.0,0.0,0.0,0.0,0.8,0.0
Jamiroquai,Supersonic,,,,,,,,,,,,,,,,
The Kills,No Wow (Mstrkrft Remix),,,,,,,,,,,,,,,,
The 69 Eyes,Motor City Resurrection,,,,,,,,,,,,,,,,
Belle And Sebastian,Put The Book Back On The Shelf,,,,,,,,,,,,,,,,
The Doors,Tell All The People,,,,,,,,,,,,,,,,
Oren Lavie,Her Morning Elegance,,,,,,,,,,,,,,,,
Hawkwind,Aerospace Age Inferno,,,,,,,,,,,,,,,,
Hawthorne Heights,Dead In The Water,,,,,,,,,,,,,,,,
Powerman 5000,Bombshell,,,,,,,,,,,,,,,,
Alanis Morissette,This Grudge,,,,,,,,,,,,,,,,
Alanis Morissette,Torch,,,,,,,,,,,,,,,,
Jaffa,Sneakin',,,,,,,,,,,,,,,,
Cat Power,Half Of You,,,,,,,,,,,,,,,,
Os Mutantes,Le Premier Bonheur Du Jour,,,,,,,,,,,,,,,,
Weezer,American Gigolo,,,,,,,,,,,,,,,,
Electric Six,I Buy The Drugs,,,,,,,,,,,,,,,,
U2,Miss Sarajevo,,,,,,,,,,,,,,,,
Electronic,Reality,,,,,,,,,,,,,,,,
Underoath,Returning Empty Handed,,,,,,,,,,,,,,,,
The Knife,Like A Pen (Heartthrob Dub),,,,,,,,,,,,,,,,
Death,A Moment Of Clarity,,,,,,,,,,,,,,,,
The Knife,Like A Pen (Thomas Schumacher Dub),,,,,,,,,,,,,,,,
Okkervil River,The War Criminal Rises And Speaks,,,,,,,,,,,,,,,,
The Klf,Pulling Out Of Ricardo And The Dusk Is Falling Fast,,,,,,,,,,,,,,,,
Archive,Headspace,,,,,,,,,,,,,,,,
Ween,Mutilated Lips,,,,,,,,,,,,,,,,
Undertheigloo,Silence In Space,,,,,,,,,,,,,,,,
Thin Lizzy,Emerald,,,,,,,,,,,,,,,,
The Doors,Hello I Love You,,,,,,,,,,,,,,,,
Ohgr,Pepper,,,,,,,,,,,,,,,,
Akufen,Even White Horizons,,,,,,,,,,,,,,,,
Elefant,Now That I Miss Her,,,,,,,,,,,,,,,,
The Doors,My Wild Love,,,,,,,,,,,,,,,,
Prefuse 73,One Word Extinguisher,,,,,,,,,,,,,,,,
Primal Scream,Hell'S Comin' Down,1.0,0.8,0.0,0.4,1.0,1.0,0.0,0.0,0.0,0.0,0.0,0.0,0.2,0.2,1.0,0.0
Silvio Rodríguez,Y Nada Más,,,,,,,,,,,,,,,,
Amiina,Lúpína,,,,,,,,,,,,,,,,
Simian,Never Be Alone,,,,,,,,,,,,,,,,
Equilibrium,Die Prophezeiung,,,,,,,,,,,,,,,,
Simon & Garfunkel,Scarborough Fair / Canticle,,,,,,,,,,,,,,,,
Ted Leo And The Pharmacists,Dial Up,,,,,,,,,,,,,,,,
Old 97'S,No Baby I,,,,,,,,,,,,,,,,
The Kinks,Party Line,,,,,,,,,,,,,,,,
Olspur,Stop Acting All Cool Like Kanye West,,,,,,,,,,,,,,,,
Third Eye Blind,Good For You,,,,,,,,,,,,,,,,
Jarabe De Palo,Agua,,,,,,,,,,,,,,,,
Japan,.....Rhodesia,,,,,,,,,,,,,,,,
Jarabe De Palo,Depende,,,,,,,,,,,,,,,,
The Lemonheads,If I Could Talk I'D Tell You,,,,,,,,,,,,,,,,
Nosowska,Era Retuszera,,,,,,,,,,,,,,,,
Norther,Mirror Of Madness,,,,,,,,,,,,,,,,
Jesse & Joy,Ya No Quiero,,,,,,,,,,,,,,,,
Norther,Frozen Angel,,,,,,,,,,,,,,,,
Electrelane,Cut And Run,,,,,,,,,,,,,,,,
Electrelane,Enter Laughing,,,,,,,,,,,,,,,,
Tiga,Good As Gold / Flexible Skulls (Interlude),0.2,0.2,1.0,0.4,0.0,0.0,0.0,0.0,0.0,0.0,0.0,0.0,1.0,1.0,0.0,0.0
Tosca,Heidi Bruehl,,,,,,,,,,,,,,,,
Tiga,Hot In Herre,,,,,,,,,,,,,,,,
Prince & The Revolution,When Doves Cry,,,,,,,,,,,,,,,,
The Divine Comedy,To Die A Virgin,,,,,,,,,,,,,,,,
Club 8,Whatever You Want,,,,,,,,,,,,,,,,
Hank Williams Iii,Me & My Friends,,,,,,,,,,,,,,,,
Ocean Colour Scene,Hundred Mile High City,,,,,,,,,,,,,,,,
The Divine Comedy,Everybody Knows (Except You),,,,,,,,,,,,,,,,
Of Montreal,In Dreams I Dance With You,,,,,,,,,,,,,,,,
Jeanette,Porque Te Vas,,,,,,,,,,,,,,,,
Of Montreal,Everything Disappears When You Come Around,,,,,,,,,,,,,,,,
Thievery Corporation,Wires And Watchtowers (Feat. Sista Pat),,,,,,,,,,,,,,,,
Silversun Pickups,Sort Of,,,,,,,,,,,,,,,,
Silverchair,Tomorrow,,,,,,,,,,,,,,,,
U2,If You Wear That Velvet Dress,,,,,,,,,,,,,,,,
Primus,John The Fisherman,,,,,,,,,,,,,,,,
The Kinks,Village Green,,,,,,,,,,,,,,,,
Electric Light Orchestra,So Serious,,,,,,,,,,,,,,,,
U2,Grace,,,,,,,,,,,,,,,,
Jedi Mind Tricks,Serenity In Murder,,,,,,,,,,,,,,,,
Oceansize,Rinsed,,,,,,,,,,,,,,,,
Thievery Corporation,The Glass Bead Game,,,,,,,,,,,,,,,,
Oceansize,One Day All This Could Be Yours,,,,,,,,,,,,,,,,
Amon Tobin,Rhino Jockey,,,,,,,,,,,,,,,,
Aimee Mann,Video,,,,,,,,,,,,,,,,
Camp Rock,We Rock,,,,,,,,,,,,,,,,
Aimee Mann & Michael Penn,Two Of Us,,,,,,,,,,,,,,,,
No Age,Sleeper Hold,,,,,,,,,,,,,,,,
Jimmy Eat World,Ten,,,,,,,,,,,,,,,,
The Long Blondes,Nostalgia (Glass Candy Remix),,,,,,,,,,,,,,,,
The Longcut,A Last Act Of Desperate Men,,,,,,,,,,,,,,,,
Amon Tobin,Bridge,,,,,,,,,,,,,,,,
The Distillers,Die On A Rope,,,,,,,,,,,,,,,,
Amon Tobin,Creatures,,,,,,,,,,,,,,,,
Hank Williams Iii,5 Shots Of Whiskey,,,,,,,,,,,,,,,,
The Dirtbombs,Chains Of Love,,,,,,,,,,,,,,,,
Cock Robin,Hunting Down A Killer,,,,,,,,,,,,,,,,
Eri Nobuchika,Inner Glow,,,,,,,,,,,,,,,,
Handsome Furs,Can Not Get Started,,,,,,,,,,,,,,,,
Airbourne,Runnin' Wild,,,,,,,,,,,,,,,,
Elbow,Buttons And Zips,,,,,,,,,,,,,,,,
El Ten Eleven,Lorge,,,,,,,,,,,,,,,,
Jethro Tull,Mother Goose,,,,,,,,,,,,,,,,
Cannibal Ox,Iron Galaxy,,,,,,,,,,,,,,,,
Clutch,One Eye Dollar,,,,,,,,,,,,,,,,
Norah Jones,Creepin' In,,,,,,,,,,,,,,,,
Jewell,Intuition,,,,,,,,,,,,,,,,
As I Lay Dying,Confined,,,,,,,,,,,,,,,,
Captain & Tennille,Love Will Keep Us Together,,,,,,,,,,,,,,,,
Carcass,Room 101,,,,,,,,,,,,,,,,
Carcass,R**K The Vote,,,,,,,,,,,,,,,,
Akeboshi,Wind,,,,,,,,,,,,,,,,
Noir Désir,Le Grand Incendie,,,,,,,,,,,,,,,,
Noah And The Whale,Jocasta,,,,,,,,,,,,,,,,
Nofx,Don'T Call Me White,,,,,,,,,,,,,,,,
Eisley,Laughing City,,,,,,,,,,,,,,,,
The Lucksmiths,A Hiccup In Your Happiness,,,,,,,,,,,,,,,,
The Lucksmiths,Sunlight In A Jar,,,,,,,,,,,,,,,,
Aimee Mann,I Was Thinking I Could Clean Up For Christmas,,,,,,,,,,,,,,,,
Nirvana,Mexican Seafood,,,,,,,,,,,,,,,,
Joaquin Phoenix,Cocaine Blues,,,,,,,,,,,,,,,,
Aimee Mann,Going Through The Motions,,,,,,,,,,,,,,,,
Hallucinogen,Alpha Centauri,,,,,,,,,,,,,,,,
Nirvana,Turnaround,,,,,,,,,,,,,,,,
Amorphis,Alone (Edit),,,,,,,,,,,,,,,,
Cocteau Twins,Oomingmak,,,,,,,,,,,,,,,,
Psapp,Rear Moth,,,,,,,,,,,,,,,,
Camel,Your Love Is Stranger Than Mine,,,,,,,,,,,,,,,,
Yellowcard,Martin Sheen Or Jfk,,,,,,,,,,,,,,,,
Hadouken!,Girls,,,,,,,,,,,,,,,,
Cocteau Twins,Lazy Calm,,,,,,,,,,,,,,,,
Halou,Tubefed,,,,,,,,,,,,,,,,
Air France,No Way Down,,,,,,,,,,,,,,,,
Belinda,Bella Traición,,,,,,,,,,,,,,,,
Unearth,Giles,,,,,,,,,,,,,,,,
Hammerfall,Glory To The Brave,,,,,,,,,,,,,,,,
Arch Enemy,Symphony Of Destruction,,,,,,,,,,,,,,,,
Yeah Yeah Yeahs,Let Me Know (Demo),,,,,,,,,,,,,,,,
No Doubt,Don'T Let Me Down,,,,,,,,,,,,,,,,
Belanova,Rosa Pastel,,,,,,,,,,,,,,,,
Eric Clapton,Running On Faith,,,,,,,,,,,,,,,,
The Lonely Island,Shrooms (Interlude),,,,,,,,,,,,,,,,
Yeah Yeah Yeahs,10 X 10,,,,,,,,,,,,,,,,
Jimi Hendrix,Power Of Soul,,,,,,,,,,,,,,,,
The Little Ones,Cha Cha Cha,,,,,,,,,,,,,,,,
No Doubt,The Climb,,,,,,,,,,,,,,,,
Queen,I Was Born To Love You,,,,,,,,,,,,,,,,
Jimmy Eat World,Dizzy,,,,,,,,,,,,,,,,
Gustavo Cerati,Paseo Inmoral,,,,,,,,,,,,,,,,
Gustavo Cerati,Karaoke,,,,,,,,,,,,,,,,
Gusgus,David,,,,,,,,,,,,,,,,
Puscifer,Dozo,0.8,0.6,0.8,0.4,0.6,0.6,0.0,0.0,0.0,0.0,0.0,0.0,1.0,1.0,0.6,0.0
Guns N' Roses,Reckless Life,,,,,,,,,,,,,,,,
Coheed And Cambria,The Running Free,,,,,,,,,,,,,,,,
The Mars Volta,Ilyena,,,,,,,,,,,,,,,,
Bill Haley & His Comets,Rock Around The Clock,,,,,,,,,,,,,,,,
Beirut,Fountains And Tramways,,,,,,,,,,,,,,,,
Quasimoto,Real Eyes,,,,,,,,,,,,,,,,
Guy Clark,New Cut Road,,,,,,,,,,,,,,,,
Gwen Stefani,Breakin' Up,,,,,,,,,,,,,,,,
Gza/Genius,Shadowboxin',,,,,,,,,,,,,,,,
Yes,And You And I,,,,,,,,,,,,,,,,
Jingle Bells,Rosemary Clooney,0.6,0.2,0.0,0.8,0.0,0.0,0.0,0.0,0.6,0.6,0.0,0.0,0.0,0.0,0.6,0.0
Bikini Kill,Rah! Rah! Replica,,,,,,,,,,,,,,,,
Joe Purdy,The City,,,,,,,,,,,,,,,,
Amorphis,The Castaway,,,,,,,,,,,,,,,,
The Maccabees,Mary,,,,,,,,,,,,,,,,
Pulp,Wickerman,,,,,,,,,,,,,,,,
Arch Enemy,Skeleton Dance,,,,,,,,,,,,,,,,
Therion,The Wild Hunt,,,,,,,,,,,,,,,,
Nina Simone,Ain'T Got No - I Got Life,,,,,,,,,,,,,,,,
Soft Cell,Memorabilia,,,,,,,,,,,,,,,,
Death From Above 1979,Black History Month (Sammy Danger Remix),,,,,,,,,,,,,,,,
Babylon Zoo,Spaceman,,,,,,,,,,,,,,,,
Eels,The Other Shoe,,,,,,,,,,,,,,,,
Joe Satriani,Echo,,,,,,,,,,,,,,,,
The Dead Milkmen,Surfin' Cow,,,,,,,,,,,,,,,,
Groove Armada,The Things That We Could Share,,,,,,,,,,,,,,,,
Groove Armada,Lovebox,,,,,,,,,,,,,,,,
Groove Armada,I See You Baby,,,,,,,,,,,,,,,,
John Maus,Rights For Gays,,,,,,,,,,,,,,,,
The Morning After Girls,Shadows Evolve,,,,,,,,,,,,,,,,
John Lennon,I Don'T Want To Be A Soldier,,,,,,,,,,,,,,,,
The Most Serene Republic,Present Of Future End,,,,,,,,,,,,,,,,
Erykah Badu,Drama,,,,,,,,,,,,,,,,
Dave Matthews Band,Lover Lay Down,,,,,,,,,,,,,,,,
Queens Of The Stone Age,Millionaire,,,,,,,,,,,,,,,,
Queensrÿche,Signs Say Go,,,,,,,,,,,,,,,,
Guided By Voices,Dusted,,,,,,,,,,,,,,,,
Cold,End Of The World,,,,,,,,,,,,,,,,
Queensrÿche,Suite Sister Mary,,,,,,,,,,,,,,,,
Wall Of Voodoo,Back In Flesh,,,,,,,,,,,,,,,,
The Microphones,I'Ll Not Contain You,,,,,,,,,,,,,,,,
Nightingale,The Journey'S End,,,,,,,,,,,,,,,,
Toto,I'Ll Be Over You,,,,,,,,,,,,,,,,
John Frusciante,666,,,,,,,,,,,,,,,,
Eels,Christmas Is Going To The Dogs,,,,,,,,,,,,,,,,
Tilly And The Wall,Rainbows In The Dark,,,,,,,,,,,,,,,,
Therion,Raven Of Dispersion,,,,,,,,,,,,,,,,
Type O Negative,Black No. 1,,,,,,,,,,,,,,,,
Coheed And Cambria,The Light & The Glass,,,,,,,,,,,,,,,,
Agonoize,999,,,,,,,,,,,,,,,,
Cake,Opera Singer,,,,,,,,,,,,,,,,
The Mars Volta,Asilos Magdalena,,,,,,,,,,,,,,,,
Calexico,Service And Repair,,,,,,,,,,,,,,,,
The Mighty Boosh,Cricket,,,,,,,,,,,,,,,,
The Microphones,(Something),,,,,,,,,,,,,,,,
John Mayer,Victoria,,,,,,,,,,,,,,,,
Against Me!,Animal,,,,,,,,,,,,,,,,
Nickel Creek,The Fox,,,,,,,,,,,,,,,,
Against Me!,Justin,,,,,,,,,,,,,,,,
Nickel Creek,Ode To A Butterfly,,,,,,,,,,,,,,,,
Bush,A Tendency To Start Fires,,,,,,,,,,,,,,,,
The Mountain Goats,If You See Light,,,,,,,,,,,,,,,,
The Mountain Goats,Game Shows Touch Our Lives,,,,,,,,,,,,,,,,
Grinderman,Grinderman,,,,,,,,,,,,,,,,
Rachael Yamagata,Jesus Was A Crossmaker,,,,,,,,,,,,,,,,
Tycho,Dictaphone'S Lament,,,,,,,,,,,,,,,,
Talking Heads,Tentative Decisions,,,,,,,,,,,,,,,,
Yo La Tengo,Tiny Birds,,,,,,,,,,,,,,,,
Rachel'S,Packet Switching,,,,,,,,,,,,,,,,
Coldplay,Moses,,,,,,,,,,,,,,,,
Escape The Fate,Situations,,,,,,,,,,,,,,,,
Coldplay,Lovers In Japan (Acoustic Version),,,,,,,,,,,,,,,,
Dave Gahan,Dirty Sticky Floors,,,,,,,,,,,,,,,,
Dave Gahan,Use You,,,,,,,,,,,,,,,,
Grizzly Bear,Showcase,,,,,,,,,,,,,,,,
John Legend,Let'S Get Lifted Again,,,,,,,,,,,,,,,,
John Legend,Maxine'S Interlude,,,,,,,,,,,,,,,,
Grizzly Bear,Shift (Alternate Version),,,,,,,,,,,,,,,,
Grizzly Bear,Deep Blue Sea,,,,,,,,,,,,,,,,
John Frusciante,The World'S Edge,,,,,,,,,,,,,,,,
The Mission,Tower Of Strength,,,,,,,,,,,,,,,,
John Frusciante,What I Saw,,,,,,,,,,,,,,,,
John Frusciante,I'M Around,,,,,,,,,,,,,,,,
The Mighty Boosh,Ape Of Death,,,,,,,,,,,,,,,,
Groove Armada,Hasta Luego Mr. Fab (Interlude),,,,,,,,,,,,,,,,
Anberlin,Inevitable,,,,,,,,,,,,,,,,
Bedouin Soundclash,Music My Rock,,,,,,,,,,,,,,,,
The Airborne Toxic Event,Something New,,,,,,,,,,,,,,,,
And One,Don'T Need The Drugs,,,,,,,,,,,,,,,,
Green Carnation,9-29-045,,,,,,,,,,,,,,,,
The Offspring,Da Hui,,,,,,,,,,,,,,,,
Nekropsi,Crying Game,,,,,,,,,,,,,,,,
And One,Wet Spot,0.0,0.0,1.0,0.0,0.0,0.0,0.0,0.0,0.0,0.0,0.0,0.0,1.0,1.0,0.0,0.0
Nevermore,Dreaming Neon Black,,,,,,,,,,,,,,,,
Nevermore,Sell My Heart For Stones,,,,,,,,,,,,,,,,
Built To Spill,In Your Mind,,,,,,,,,,,,,,,,
Young Divas,Happening All Over Again,,,,,,,,,,,,,,,,
New Order,Close Range,,,,,,,,,,,,,,,,
Rachel Stevens,Sweet Dreams My L.A. Ex,,,,,,,,,,,,,,,,
Estelle,American Boy (Radio Edit),,,,,,,,,,,,,,,,
The Alan Parsons Project,Don'T Answer Me,,,,,,,,,,,,,,,,
Nick Cave & The Bad Seeds,New Morning,,,,,,,,,,,,,,,,
Nick Drake,Hanging On A Star,,,,,,,,,,,,,,,,
Burial,Forgive,,,,,,,,,,,,,,,,
Nick Cave & The Bad Seeds,Slowly Goes The Night,,,,,,,,,,,,,,,,
The Nightwatchman,The Road I Must Travel,,,,,,,,,,,,,,,,
Neu!,Isi,,,,,,,,,,,,,,,,
Built To Spill,Bad Light,,,,,,,,,,,,,,,,
Afi,Weathered Tome,,,,,,,,,,,,,,,,
After Forever,Ex Cathedra (Ouverture),,,,,,,,,,,,,,,,
Bullet For My Valentine,Hearts Burst Into Fire,,,,,,,,,,,,,,,,
Sonata Arctica,Land Of The Free,,,,,,,,,,,,,,,,
Johnny Cash,Jackson (Feat. June Carter),,,,,,,,,,,,,,,,
Bullet For My Valentine,Scream Aim Fire,,,,,,,,,,,,,,,,
New Order,Way Of Life,,,,,,,,,,,,,,,,
New York Dolls,Subway Train,,,,,,,,,,,,,,,,
Beck,Sweet Sunshine,,,,,,,,,,,,,,,,
Josie And The Pussycats,3 Small Words,,,,,,,,,,,,,,,,
Buckethead,Datura,,,,,,,,,,,,,,,,
Easy Star All-Stars,Step It Pon The Rastaman Scene (Feat. Ranking Joe),,,,,,,,,,,,,,,,
Asobi Seksu,Familiar Light,,,,,,,,,,,,,,,,
Deerhunter,Vox Humana,,,,,,,,,,,,,,,,
Josh Groban,Oceano,,,,,,,,,,,,,,,,
The Offspring,Walla Walla,,,,,,,,,,,,,,,,
Voxtrot,Four Long Days,,,,,,,,,,,,,,,,
Grandaddy,50%,,,,,,,,,,,,,,,,
The Cure,To Wish Impossible Things,,,,,,,,,,,,,,,,
Beck,We Live Again,,,,,,,,,,,,,,,,
Grandaddy,Away Birdies With Special Sounds,,,,,,,,,,,,,,,,
Rainbow,Ariel,,,,,,,,,,,,,,,,
The Cure,Shiver And Shake,,,,,,,,,,,,,,,,
Afi,Perfect Fit,,,,,,,,,,,,,,,,
Jonas Brothers,Sorry,,,,,,,,,,,,,,,,
Rage Against The Machine,Year Of Tha Boomerang,,,,,,,,,,,,,,,,
Afi,Now The World,,,,,,,,,,,,,,,,
And One,Sternradio,,,,,,,,,,,,,,,,
Shpongle,My Head Feels Like A Frisbee,,,,,,,,,,,,,,,,
Grateful Dead,Uncle John'S Band,,,,,,,,,,,,,,,,
Daughtry,Breakdown,,,,,,,,,,,,,,,,
And One,Traumfrau,,,,,,,,,,,,,,,,
Deerhoof,Spirit Ditties Of No Tone,,,,,,,,,,,,,,,,
Youth Group,Start Today Tomorrow,,,,,,,,,,,,,,,,
Jonathan Larson,Rent,,,,,,,,,,,,,,,,
Asian Kung-Fu Generation,Rewrite,,,,,,,,,,,,,,,,
Aesthetic Perfection,I Belong To You,,,,,,,,,,,,,,,,
Songs: Ohia,The Black Crow,,,,,,,,,,,,,,,,
Billy Bragg & Wilco,Hoodoo Voodoo,,,,,,,,,,,,,,,,
Gossip,Dark Lines,,,,,,,,,,,,,,,,
Gorillaz,Feel Good Inc. (Feat. De La Soul),,,,,,,,,,,,,,,,
Buena Vista Social Club,Murmullo,,,,,,,,,,,,,,,,
Judas Priest,Love You To Death,,,,,,,,,,,,,,,,
Bruce Springsteen,Human Touch,,,,,,,,,,,,,,,,
The Zombies,Brief Candles,,,,,,,,,,,,,,,,
Billy Joel,She'S Got A Way,,,,,,,,,,,,,,,,
Andrew Bird,I,,,,,,,,,,,,,,,,
Bruno Coulais,Les Choristes,,,,,,,,,,,,,,,,
Comando Nuclear,Caçada Mortal Aos Falsos,,,,,,,,,,,,,,,,
Comando Nuclear,Comando Nuclear,,,,,,,,,,,,,,,,
Dashboard Confessional,So Beautiful,,,,,,,,,,,,,,,,
Shocking Pinks,This Aching Deal,,,,,,,,,,,,,,,,
Dashboard Confessional,The Shade Of Poison Trees,,,,,,,,,,,,,,,,
Gotan Project,Época,,,,,,,,,,,,,,,,
Gossip,Yr Mangled Heart,,,,,,,,,,,,,,,,
Sonic Youth,Paper Cup Exit,,,,,,,,,,,,,,,,
Josh Ritter,To The Dogs Or Whoever,,,,,,,,,,,,,,,,
Buckethead,Angel Monster,,,,,,,,,,,,,,,,
Buckethead,Hills Of Eternity,,,,,,,,,,,,,,,,
Buckethead,Kansas Storm,,,,,,,,,,,,,,,,
The Cure,Screw,,,,,,,,,,,,,,,,
Coma,Spadam,,,,,,,,,,,,,,,,
Aesop Rock,Basic Cable,,,,,,,,,,,,,,,,
Aesop Rock,Bring Back Pluto,,,,,,,,,,,,,,,,
The Zutons,Moons And Horror Shows,,,,,,,,,,,,,,,,
Aesthetic Perfection,Pale (Beta Edit),,,,,,,,,,,,,,,,
Neil Young,The Painter,,,,,,,,,,,,,,,,
Aesop Rock,Big Bang,,,,,,,,,,,,,,,,
Goldfrapp,Yes Sir,0.4,0.2,1.0,0.2,0.0,0.0,0.0,0.0,0.0,0.0,0.0,0.0,1.0,0.8,0.2,0.0
Rasputina,Secret Message,,,,,,,,,,,,,,,,
The Pains Of Being Pure At Heart,Doing All The Things That Wouldn'T Make Your Parents Proud,,,,,,,,,,,,,,,,
Eagles Of Death Metal,Already Died,,,,,,,,,,,,,,,,
Gomez,Get Miles,,,,,,,,,,,,,,,,
Broadcast,Message From Home,,,,,,,,,,,,,,,,
Sound Team,Back In Town,,,,,,,,,,,,,,,,
Mylo,Destroy Rock And Roll,,,,,,,,,,,,,,,,
Myslovitz,Good Day My Angel,,,,,,,,,,,,,,,,
Unkle,What Are You To Me?,,,,,,,,,,,,,,,,
Deftones,When Girls Telephone Boys,,,,,,,,,,,,,,,,
Shiny Toy Guns,Ghost Town,,,,,,,,,,,,,,,,
Dashboard Confessional,These Bones,,,,,,,,,,,,,,,,
Gorefest,For The Masses,,,,,,,,,,,,,,,,
Combichrist,The Kill V2,,,,,,,,,,,,,,,,
Julieta Venegas,Limón Y Sal,0.8,0.4,0.0,0.8,0.6,0.2,0.6,0.0,0.0,0.4,0.0,0.0,0.0,0.0,0.8,0.0
Rancid,Warsaw,,,,,,,,,,,,,,,,
Vive La Fête,Noir Désir,,,,,,,,,,,,,,,,
Rancid,You Don'T Care Nothin',,,,,,,,,,,,,,,,
Gorillaz,Dare (Dfa Remix),,,,,,,,,,,,,,,,
Nas,Get Down,,,,,,,,,,,,,,,,
Nancy Sinatra & Lee Hazlewood,Leather & Lace,,,,,,,,,,,,,,,,
Andrew Lloyd Webber,Pilate'S Dream,,,,,,,,,,,,,,,,
Vnv Nation,As It Fades,,,,,,,,,,,,,,,,
Beck,Its All In Your Mind,,,,,,,,,,,,,,,,
Vnv Nation,Carry You,,,,,,,,,,,,,,,,
Sons And Daughters,The Bell,,,,,,,,,,,,,,,,
Jurassic 5,Quality Control,,,,,,,,,,,,,,,,
E-40,Tell Me When To Go,,,,,,,,,,,,,,,,
Dym,The Invilid,,,,,,,,,,,,,,,,
Dwight Yoakam,Blame The Vain,,,,,,,,,,,,,,,,
Sophie Milman,Something In The Air Between Us,,,,,,,,,,,,,,,,
The Platters,Only You,,,,,,,,,,,,,,,,
Britney Spears,Let Go,,,,,,,,,,,,,,,,
Duran Duran,What Happens Tomorrow,,,,,,,,,,,,,,,,
Nada Surf,Fruit Fly,,,,,,,,,,,,,,,,
Delays,Bedroom Scene,,,,,,,,,,,,,,,,
Astral Projection,Nilaya,,,,,,,,,,,,,,,,
Soundgarden,Nothing To Say,,,,,,,,,,,,,,,,
Biosphere,Times When I Know You'Ll Be Sad,,,,,,,,,,,,,,,,
Kaki King,Playing With Pink Noise,,,,,,,,,,,,,,,,
Gogol Bordello,Strange Uncles From Abroad,,,,,,,,,,,,,,,,
Gogol Bordello,Through The Roof 'N' Underground,,,,,,,,,,,,,,,,
Ray Lamontagne,How Come,,,,,,,,,,,,,,,,
Gogol Bordello,Madagascar-Roumania (Tu Jésty Fáta),,,,,,,,,,,,,,,,
The Crüxshadows,Monsters,,,,,,,,,,,,,,,,
My Chemical Romance,Desolation Row,,,,,,,,,,,,,,,,
Britney Spears,One Kiss From You,,,,,,,,,,,,,,,,
God Lives Underwater,Vapors,,,,,,,,,,,,,,,,
Goldfrapp,Ooh La La (Benny Benassi Remix),,,,,,,,,,,,,,,,
Múm,I Was Her Horse,,,,,,,,,,,,,,,,
Shinedown,Fly From The Inside,,,,,,,,,,,,,,,,
The Aliens,Setting Sun,,,,,,,,,,,,,,,,
Even As We Speak,Falling Down The Stairs,,,,,,,,,,,,,,,,
Shiny Toy Guns,I Promise You Walls,,,,,,,,,,,,,,,,
Soulwax,Teachers,,,,,,,,,,,,,,,,
Myslovitz,Długość Dźwięku Samotności,,,,,,,,,,,,,,,,
Taking Back Sunday,Slowdance On The Inside,,,,,,,,,,,,,,,,
Duran Duran,Sound Of Thunder,,,,,,,,,,,,,,,,
Mägo De Oz,Kelpie,,,,,,,,,,,,,,,,
Mägo De Oz,Dama Negra,,,,,,,,,,,,,,,,
Justin Timberlake,My Love [Feat T.I & Timbaland],,,,,,,,,,,,,,,,
Zero 7 Featuring Jose Gonzalez,Futures (Metronomy Remix),,,,,,,,,,,,,,,,
Sparklehorse,King Of Nails,,,,,,,,,,,,,,,,
Sparklehorse,Ghost In The Sky,,,,,,,,,,,,,,,,
Kate Bush,Rubberband Girl,,,,,,,,,,,,,,,,
Municipal Waste,Intro / Deathripper,,,,,,,,,,,,,,,,
Murcof,Muim,,,,,,,,,,,,,,,,
Kashmir,Ophelia,,,,,,,,,,,,,,,,
Murcof,Camino,,,,,,,,,,,,,,,,
Britney Spears,Baby One More Time,,,,,,,,,,,,,,,,
Visage,Moon Over Moscow,,,,,,,,,,,,,,,,
Shearwater,South Col,,,,,,,,,,,,,,,,
Apulanta,Vasten Mun Kasvojani,,,,,,,,,,,,,,,,
The Cribs,Ancient History,,,,,,,,,,,,,,,,
Everything But The Girl,Mirrorball,,,,,,,,,,,,,,,,
Goblin,Suspiria,,,,,,,,,,,,,,,,
Karen Overtone,Your Loving Arms,,,,,,,,,,,,,,,,
Tactical Sekt,4 Steps To Dysfunction,,,,,,,,,,,,,,,,
Tracy Chapman,Across The Lines,,,,,,,,,,,,,,,,
Gnarls Barkley,Would Be Killer,,,,,,,,,,,,,,,,
My Bloody Valentine,I Can See It (But I Can'T Feel It),,,,,,,,,,,,,,,,
Visage,Visage,,,,,,,,,,,,,,,,
The Who,Young Man Blues,,,,,,,,,,,,,,,,
Kanye West,Bring Me Down (Feat. Brandy),,,,,,,,,,,,,,,,
My Brightest Diamond,Magic Rabbit,,,,,,,,,,,,,,,,
Kaizers Orchestra,Knekker Deg Til Sist,,,,,,,,,,,,,,,,
Kaizers Orchestra,Bøn Fra Helvete,,,,,,,,,,,,,,,,
Tactical Sekt,Chosen One,0.8,0.6,1.0,0.4,0.4,0.4,0.0,0.0,0.0,0.0,0.0,0.0,1.0,1.0,0.6,0.0
Kaizers Orchestra,Kontroll På Kontinentet,,,,,,,,,,,,,,,,
Muse,Exo-Polotics,,,,,,,,,,,,,,,,
Vinylshakerz,One Night In Bangkok,,,,,,,,,,,,,,,,
Muscles,Lauren From Glebe,,,,,,,,,,,,,,,,
Take That,Greatest Day,,,,,,,,,,,,,,,,
Contemporary Noise Quintet,Million Faces,,,,,,,,,,,,,,,,
Tactical Sekt,Xfixiation (Myer Burns The Dancefloor Remix By Haujobb),,,,,,,,,,,,,,,,
The Coral,In The Rain,0.6,0.4,0.0,0.4,0.8,0.6,0.6,0.0,0.0,0.0,0.6,0.0,0.2,0.2,0.8,0.0
Copeland,No One Really Wins,,,,,,,,,,,,,,,,
Cool Joke,Undo,0.8,0.6,0.0,0.2,0.8,0.6,0.0,0.0,0.0,0.0,0.0,0.0,0.0,0.0,0.8,0.0
Dream Theater,The Great Debate,1.0,0.8,0.0,0.4,1.0,0.8,0.0,0.0,0.0,0.4,0.0,0.0,0.8,0.6,1.0,0.0
Motörhead,Marching Off To War,,,,,,,,,,,,,,,,
Mos Def,Ms. Fat Booty,,,,,,,,,,,,,,,,
Motörhead,Jailbait,,,,,,,,,,,,,,,,
Mos Def,Got,,,,,,,,,,,,,,,,
Shaznay Lewis,Never Felt Like This Before,,,,,,,,,,,,,,,,
Motörhead,Rock It,,,,,,,,,,,,,,,,
Ac/Dc,She'S Got Balls,,,,,,,,,,,,,,,,
Red House Painters,Brown Eyes [Demo],,,,,,,,,,,,,,,,
Red House Painters,Shadows,,,,,,,,,,,,,,,,
The Prodigy,You'Ll Be Under My Wheels,,,,,,,,,,,,,,,,
Azure Ray,Safe And Sound,,,,,,,,,,,,,,,,
Motörhead,Dance,,,,,,,,,,,,,,,,
Kent,En Himmelsk Drog,,,,,,,,,,,,,,,,
Demons & Wizards,Beneath These Waves,,,,,,,,,,,,,,,,
Demi Lovato,Two Worlds Collide,,,,,,,,,,,,,,,,
Ac/Dc,C.O.D.,,,,,,,,,,,,,,,,
Ac/Dc,First Blood,,,,,,,,,,,,,,,,
The Prodigy,Stand Up,,,,,,,,,,,,,,,,
T.I.,Slide Show (Feat. John Legend),,,,,,,,,,,,,,,,
Ac/Dc,Show Business,,,,,,,,,,,,,,,,
Katie Melua,My Aphrodisiac Is You,,,,,,,,,,,,,,,,
Keane,Allemande,,,,,,,,,,,,,,,,
Beastie Boys,Time For Livin',,,,,,,,,,,,,,,,
Kate Bush,Nocturn,,,,,,,,,,,,,,,,
Bishop Allen,Click Click Click Click,,,,,,,,,,,,,,,,
Mucc,Wine Red No Kokoro,,,,,,,,,,,,,,,,
The Clientele,(I Can'T Seem To) Make You Mine,,,,,,,,,,,,,,,,
Morrissey,We'Ll Let You Know,0.6,0.4,0.0,0.4,0.4,0.2,0.6,0.6,0.0,0.2,0.0,0.0,0.0,0.0,0.6,0.0
Rhapsody Of Fire,Epicus Furor,,,,,,,,,,,,,,,,
The Clash,The Call Up,,,,,,,,,,,,,,,,
King Crimson,Book Of Saturday,,,,,,,,,,,,,,,,
King Crimson,Starless,,,,,,,,,,,,,,,,
Turisas,Among Ancestors,,,,,,,,,,,,,,,,
Moonsorrow,Köyliönjärven Jäällä (Pakanavedet Ii),,,,,,,,,,,,,,,,
Mors Principium Est,Life In Black,,,,,,,,,,,,,,,,
Shankar Jaikishan,Title Music From Merchant Ivory'S Film Bombay Talkie,,,,,,,,,,,,,,,,
Explosions In The Sky,Day Eight,,,,,,,,,,,,,,,,
Darkwell,Fate Prisoner,,,,,,,,,,,,,,,,
Darkwell,Ladies' Choice,,,,,,,,,,,,,,,,
Giant Drag,Everythings Worse,,,,,,,,,,,,,,,,
Dream Theater,Goodnight Kiss,,,,,,,,,,,,,,,,
The Cloud Room,Sunlight Reprise,,,,,,,,,,,,,,,,
Tracy Chapman,Wedding Song,,,,,,,,,,,,,,,,
Tracy Chapman,You'Re The One,,,,,,,,,,,,,,,,
Kid Cudi Vs. Crookers,Day 'N' Nite (Radio Edit),0.2,0.4,1.0,0.0,0.0,0.0,0.0,0.0,0.0,0.0,0.0,0.0,0.8,1.0,0.0,0.0
Spiritualized,Lay Back In The Sun,,,,,,,,,,,,,,,,
Émilie Simon,Swimming,,,,,,,,,,,,,,,,
Spiritualized,Let It Flow,,,,,,,,,,,,,,,,
Motion City Soundtrack,Cambridge,1.0,0.8,0.0,0.2,1.0,0.8,0.0,0.0,0.0,0.0,0.0,0.0,0.4,0.4,1.0,0.0
Azure Ray,The Drinks We Drank Last Night,,,,,,,,,,,,,,,,
The Pussycat Dolls,Bottle Pop (Feat. Snoop Dogg),,,,,,,,,,,,,,,,
Dream Theater,You Not Me,,,,,,,,,,,,,,,,
Dendemann,Check Mal Die Rhetorik Ab,,,,,,,,,,,,,,,,
The Prodigy,Your Love,,,,,,,,,,,,,,,,
T. Rex,Life'S A Gas,,,,,,,,,,,,,,,,
Moto Boy,Young Love,,,,,,,,,,,,,,,,
Mos Def,Hip Hop,,,,,,,,,,,,,,,,
Dragonette,Take It Like A Man,,,,,,,,,,,,,,,,
Kiss,Hard Luck Woman,,,,,,,,,,,,,,,,
Dragonforce,Soldiers Of The Wasteland,,,,,,,,,,,,,,,,
Draconian,Akherousia,,,,,,,,,,,,,,,,
Moloko,Familiar Feelings,,,,,,,,,,,,,,,,
Kinnie Starr,Alright,,,,,,,,,,,,,,,,
Darkthrone,Blackwinged,,,,,,,,,,,,,,,,
Get Cape. Wear Cape. Fly,Call Me Ishmael,,,,,,,,,,,,,,,,
Kiss,Christine Sixteen,,,,,,,,,,,,,,,,
Mono,The Kidnapper Bell,,,,,,,,,,,,,,,,
George Michael,Kissing A Fool,,,,,,,,,,,,,,,,
Beastie Boys,Looking Down The Barrel Of A Gun,,,,,,,,,,,,,,,,
Breaking Benjamin,Breakdown,,,,,,,,,,,,,,,,
Counting Crows,Recovering The Satellites,,,,,,,,,,,,,,,,
Breaking Benjamin,So Cold (Acoustic),,,,,,,,,,,,,,,,
Morcheeba,Enjoy The Ride (Feat. Judy Tzuke),,,,,,,,,,,,,,,,
Killing Joke,Tabazan,,,,,,,,,,,,,,,,
Morcheeba,Women Lose Weight (Feat. Slick Rick),,,,,,,,,,,,,,,,
Beastie Boys,Right Right Now Now,,,,,,,,,,,,,,,,
Richard Ashcroft,Cry Til The Morning,0.8,0.4,0.0,0.4,0.8,0.4,0.6,0.2,0.0,0.4,0.0,0.0,0.2,0.2,0.8,0.0
Shakira,Ojos Así,,,,,,,,,,,,,,,,
Darkthrone,Graveyard Slut,,,,,,,,,,,,,,,,
Sérgio Mendes & Brasil '66,Mais Que Nada,,,,,,,,,,,,,,,,
Darkthrone,Gather For Attack On The Pearly Gates,,,,,,,,,,,,,,,,
Turin Brakes,Underdog (Save Me),,,,,,,,,,,,,,,,
Depeche Mode,Any Second Now (Voices),,,,,,,,,,,,,,,,
Moonspell,Memento Mori,,,,,,,,,,,,,,,,
Moonspell,In Memoriam,,,,,,,,,,,,,,,,
Brian Eno,Another Green World,,,,,,,,,,,,,,,,
Killing The Dream,10 1/2,,,,,,,,,,,,,,,,
Morcheeba,Big Calm,,,,,,,,,,,,,,,,
Dr. Dog,Worst Trip,,,,,,,,,,,,,,,,
Ayọ,And It'S Supposed To Be Love,,,,,,,,,,,,,,,,
Dr. Dog,Ain'T It Strange,,,,,,,,,,,,,,,,
Atb,Stars Come Out,,,,,,,,,,,,,,,,
A. R. Rahman & M.I.A.,O... Saya,,,,,,,,,,,,,,,,
Koop,Drum Rhythm A (Music For Ballet Exercises),,,,,,,,,,,,,,,,
Black Flag,Damaged I,,,,,,,,,,,,,,,,
Covenant,Pulse,,,,,,,,,,,,,,,,
Rihanna,Say It,,,,,,,,,,,,,,,,
Kmfdm,Mysterious Ways,,,,,,,,,,,,,,,,
Tiromancino,L'Autostrada,,,,,,,,,,,,,,,,
The Cinematic Orchestra,Odessa,,,,,,,,,,,,,,,,
The Cinematics,Chase,,,,,,,,,,,,,,,,
Black Flag,Drinking And Driving,,,,,,,,,,,,,,,,
The Red Jumpsuit Apparatus,In Fate'S Hands,,,,,,,,,,,,,,,,
Klaxons,Atlantis To Interzone (Germlin Remix),,,,,,,,,,,,,,,,
The Raincoats,Fairytale In The Supermarket,,,,,,,,,,,,,,,,
The Weepies,Painting By Chagall,,,,,,,,,,,,,,,,
Beastie Boys,Finger Lickin' Good,,,,,,,,,,,,,,,,
Fahrenheit,Nuevos Tiempos,,,,,,,,,,,,,,,,
Dark Tranquillity,The Enemy,,,,,,,,,,,,,,,,
Gentle Giant,The Boys In The Band,,,,,,,,,,,,,,,,
Ride,Drive Blind,,,,,,,,,,,,,,,,
Moonsorrow,Hiidenpelto / Häpeän Hiljaiset Vedet,,,,,,,,,,,,,,,,
Mogwai,Christmas Song,,,,,,,,,,,,,,,,
Moonsorrow,Jotunheim,,,,,,,,,,,,,,,,
Depeche Mode,Ice Machine,,,,,,,,,,,,,,,,
Turbonegro,Intro,,,,,,,,,,,,,,,,
Klimt 1918,Snow Of '85,,,,,,,,,,,,,,,,
Spın̈Al Tap,Stonehenge,,,,,,,,,,,,,,,,
The Rolling Stones,Factory Girl,,,,,,,,,,,,,,,,
Tunng,Tale From Black,,,,,,,,,,,,,,,,
Doves,Ambition,,,,,,,,,,,,,,,,
Tunng,The Wind Up Bird,,,,,,,,,,,,,,,,
Athlete,Westside,,,,,,,,,,,,,,,,
Athlete,Airport Disco,,,,,,,,,,,,,,,,
Riverside,Rainbow Box,,,,,,,,,,,,,,,,
Athlete,Shake Those Windows,,,,,,,,,,,,,,,,
Doug Burr,Should'Ve Known,,,,,,,,,,,,,,,,
Riverside,Parasomnia,,,,,,,,,,,,,,,,
Rites Of Spring,For Want Of,,,,,,,,,,,,,,,,
Faith No More,King For A Day,,,,,,,,,,,,,,,,
Ani Difranco,Little Plastic Castle,,,,,,,,,,,,,,,,
Cradle Of Filth,Temptation,,,,,,,,,,,,,,,,
Rjd2,Bonus Beat,,,,,,,,,,,,,,,,
Black Flag,Three Nights,,,,,,,,,,,,,,,,
Rob Zombie,Demon Speeding,,,,,,,,,,,,,,,,
Korn,Predictable,,,,,,,,,,,,,,,,
Korn,Open Up,,,,,,,,,,,,,,,,
Bear Vs. Shark,Baraga Embankment,,,,,,,,,,,,,,,,
Kmfdm,Beast,0.6,0.8,1.0,0.4,0.8,1.0,0.0,0.0,0.0,0.0,0.0,0.0,1.0,1.0,0.8,0.0
Bear Vs. Shark,Buses/No Buses,,,,,,,,,,,,,,,,
Bear Vs. Shark,Seven Stop Hold Restart,,,,,,,,,,,,,,,,
Bear Vs. Shark,The Great Dinosaurs With Fifties Section,,,,,,,,,,,,,,,,
Riverside,Ok,,,,,,,,,,,,,,,,
The Raveonettes,Heartbreak Stroll,,,,,,,,,,,,,,,,
Korpiklaani,Midsummer Night,,,,,,,,,,,,,,,,
Depeche Mode,Monument,,,,,,,,,,,,,,,,
Depeche Mode,New Dress,,,,,,,,,,,,,,,,
Depeche Mode,Macrovision,,,,,,,,,,,,,,,,
The Replacements,Sixteen Blue,,,,,,,,,,,,,,,,
The Replacements,We'Re Comin' Out,,,,,,,,,,,,,,,,
Kreator,Total Death,,,,,,,,,,,,,,,,
Black Label Society,The Blessed Hellride,,,,,,,,,,,,,,,,
Misfits,Queen Wasp,,,,,,,,,,,,,,,,
Misfits,Horror Business,,,,,,,,,,,,,,,,
A Tribe Called Quest,Ham 'N' Eggs,,,,,,,,,,,,,,,,
The Rosebuds,Night Of The Furies,,,,,,,,,,,,,,,,
The Rolling Stones,Don'T Stop,,,,,,,,,,,,,,,,
Box Car Racer,There Is,,,,,,,,,,,,,,,,
Animal Alpha,Bundy,,,,,,,,,,,,,,,,
Gang Starr,Moment Of Truth,,,,,,,,,,,,,,,,
The Rolling Stones,Sweet Black Angel,,,,,,,,,,,,,,,,
Ayreon,Temple Of The Cat,,,,,,,,,,,,,,,,
Misfits,Crimson Ghost,,,,,,,,,,,,,,,,
Born Ruffians,In A Mirror,,,,,,,,,,,,,,,,
Mirwais,Miss You,,,,,,,,,,,,,,,,
Rob Zombie,Scum Of The Earth,,,,,,,,,,,,,,,,
The Aquabats!,Fashion Zombies,,,,,,,,,,,,,,,,
Dark Tranquillity,Auctioned,,,,,,,,,,,,,,,,
Dark Funeral,Thus I Have Spoken,,,,,,,,,,,,,,,,
Robbie Williams,Sin Sin Sin,,,,,,,,,,,,,,,,
Robbie Williams & Nicole Kidman,Something Stupid,,,,,,,,,,,,,,,,
Robbie Williams,She'S Madonna,,,,,,,,,,,,,,,,
The Chemical Brothers,Alive Alone,,,,,,,,,,,,,,,,
Miss Kittin,Neukölln 2,,,,,,,,,,,,,,,,
Kotiteollisuus,Kuningas Mammona,,,,,,,,,,,,,,,,
Missy Elliott,Gossip Folks,,,,,,,,,,,,,,,,
The Weakerthans,A New Name For Everything,,,,,,,,,,,,,,,,
Boy Kill Boy,Six Minutes,,,,,,,,,,,,,,,,
Korpiklaani,Spirit Of The Forest,,,,,,,,,,,,,,,,
Ani Difranco,Talk To Me Now,,,,,,,,,,,,,,,,
Donna Summer,Power Of Love (Offer Nissim Remix),,,,,,,,,,,,,,,,
The Chemical Brothers,Music: Response,,,,,,,,,,,,,,,,
Symphony X,The Walls Of Babylon,,,,,,,,,,,,,,,,
Depeche Mode,Told You So,,,,,,,,,,,,,,,,
Black Mountain,Druganaut,,,,,,,,,,,,,,,,
State Radio,Right Me Up,,,,,,,,,,,,,,,,
Kt Tunstall,Hopeless,,,,,,,,,,,,,,,,
Black Mountain,Bright Lights,,,,,,,,,,,,,,,,
The Russian Futurists,Still Life,0.6,0.4,0.8,0.2,0.2,0.2,0.0,0.0,0.0,0.0,0.0,0.0,0.8,0.6,0.4,0.0
Gaelle,Moonsglow,,,,,,,,,,,,,,,,
Vertical Horizon,Best I Ever Had,,,,,,,,,,,,,,,,
Cream,Sweet Wine,,,,,,,,,,,,,,,,
Be Your Own Pet,The Kelly Affair,,,,,,,,,,,,,,,,
Kult,Brooklyńska Rada Żydów,,,,,,,,,,,,,,,,
Atmosphere,Apple,,,,,,,,,,,,,,,,
Ministry,Roadhouse Blues,,,,,,,,,,,,,,,,
Minutemen,Cohesion,,,,,,,,,,,,,,,,
Ministry,The Land Of Rape And Honey,,,,,,,,,,,,,,,,
Gang Gang Dance,Bebey,,,,,,,,,,,,,,,,
Gang Starr,Battle,,,,,,,,,,,,,,,,
Crazy Town,Revolving Door,,,,,,,,,,,,,,,,
Urma,Perfect Spot,,,,,,,,,,,,,,,,
Fall Out Boy,The Patron Saint Of Liars And Fakes,,,,,,,,,,,,,,,,
Dapunksportif,Friends (Come And Go),,,,,,,,,,,,,,,,
Minor Threat,In My Eyes,,,,,,,,,,,,,,,,
Dario Marianelli,Dawn,,,,,,,,,,,,,,,,
The Warlocks,Thursday'S Radiation,,,,,,,,,,,,,,,,
The Warlocks,We Need Starpower,,,,,,,,,,,,,,,,
The Warlocks,The Dope Feels Good,,,,,,,,,,,,,,,,
Minus The Bear,When We Escape,,,,,,,,,,,,,,,,
The Rolling Stones,You Gotta Move,,,,,,,,,,,,,,,,
The Roots,Don'T Feel Right,,,,,,,,,,,,,,,,
To/Die/For,Live In You,0.8,0.8,0.0,0.2,0.8,0.8,0.0,0.4,0.0,0.0,0.0,0.0,0.6,0.6,0.8,0.0
Black Lips,It Feels Alright,,,,,,,,,,,,,,,,
Stephen Malkmus,Post-Paint Boy,,,,,,,,,,,,,,,,
The Cardigans,Been It,,,,,,,,,,,,,,,,
Boney M.,Rasputin,,,,,,,,,,,,,,,,
Ladytron,Abercrombie,,,,,,,,,,,,,,,,
Lacuna Coil,To The Edge,,,,,,,,,,,,,,,,
Lacuna Coil,Stately Lover,,,,,,,,,,,,,,,,
The Searchers,Needles And Pins,,,,,,,,,,,,,,,,
Mindless Self Indulgence,Diabolical,,,,,,,,,,,,,,,,
Bonobo,The Shark,,,,,,,,,,,,,,,,
Black Mountain,No Satisfaction,,,,,,,,,,,,,,,,
Funeral For A Friend,The Diary,,,,,,,,,,,,,,,,
The Automatic,By My Side,,,,,,,,,,,,,,,,
Fugazi,Greed,,,,,,,,,,,,,,,,
The B-52'S,Dance This Mess Around,,,,,,,,,,,,,,,,
Rooney,I Should'Ve Been After You,,,,,,,,,,,,,,,,
The Script,Before The Worst,,,,,,,,,,,,,,,,
The Wallflowers,Heroes,,,,,,,,,,,,,,,,
Kyoto Jazz Massive,Between The Lights,,,,,,,,,,,,,,,,
L'Arc~En~Ciel,Blurry Eyes,,,,,,,,,,,,,,,,
Ké,Strange World (Junior'S Sound Factory Edit Music),,,,,,,,,,,,,,,,
Kyuss,Phototropic,,,,,,,,,,,,,,,,
Bonobo,Nightlite,,,,,,,,,,,,,,,,
Mindless Self Indulgence,Cocaine And Toupees,,,,,,,,,,,,,,,,
Boomkat,Wasting My Time,,,,,,,,,,,,,,,,
The Rumble Strips,Alarm Clock,,,,,,,,,,,,,,,,
The Walkmen,My Old Man,,,,,,,,,,,,,,,,
The Rosebuds,Wildcat,,,,,,,,,,,,,,,,
Static-X,Love Dump (Demo),,,,,,,,,,,,,,,,
Bonnie Tyler,Holding Out For A Hero,,,,,,,,,,,,,,,,
Miho Hatori,Night Light,,,,,,,,,,,,,,,,
The Walkmen,New Year'S Eve,,,,,,,,,,,,,,,,
The Sisters Of Mercy,Alice,,,,,,,,,,,,,,,,
Mia.,Mango Pickle Down River,,,,,,,,,,,,,,,,
Stereophonics,Girl,,,,,,,,,,,,,,,,
Stereolab,Percolator,,,,,,,,,,,,,,,,
Michael Andrews,Carpathian Ridge,0.0,0.0,0.0,0.0,0.0,0.0,0.0,1.0,0.0,0.8,0.0,0.0,0.8,0.4,0.0,0.0
Black Sabbath,Megalomania,,,,,,,,,,,,,,,,
Sweet,Hell Raiser,,,,,,,,,,,,,,,,
Crowded House,Locked Out,,,,,,,,,,,,,,,,
Tom Waits,Virginia Avenue,,,,,,,,,,,,,,,,
The Sisters Of Mercy,1959,,,,,,,,,,,,,,,,
Front 242,Operating Tracks,,,,,,,,,,,,,,,,
Roxette,Real Sugar,,,,,,,,,,,,,,,,
Roxette,I Don'T Want To Get Hurt,,,,,,,,,,,,,,,,
Bauhaus,Burning From The Inside,,,,,,,,,,,,,,,,
Lamya,Judas Kiss (Brutus Diss),,,,,,,,,,,,,,,,
Lali Puna,Micronomic,,,,,,,,,,,,,,,,
Boney M.,Sunny,,,,,,,,,,,,,,,,
Rotting Christ,Rege Diabolicus,,,,,,,,,,,,,,,,
Rotting Christ,Enuma Elish,,,,,,,,,,,,,,,,
Crossfade,So Far Away,,,,,,,,,,,,,,,,
Rotting Christ,Gaia Tellus,,,,,,,,,,,,,,,,
Ladytron,Ladybird,,,,,,,,,,,,,,,,
Fuel,Bittersweet,,,,,,,,,,,,,,,,
Lamb Of God,Ruin,,,,,,,,,,,,,,,,
Lamb,Darkness,,,,,,,,,,,,,,,,
Descendents,Sick-O-Me,,,,,,,,,,,,,,,,
Descendents,Talking,,,,,,,,,,,,,,,,
Do Make Say Think,Fredericia,,,,,,,,,,,,,,,,
Do Make Say Think,Auberge Le Mouton Noir,,,,,,,,,,,,,,,,
Battlelore,Forked Height,,,,,,,,,,,,,,,,
Cursive,Driftwood: A Fairy Tale,,,,,,,,,,,,,,,,
Lali Puna,B-Movie,,,,,,,,,,,,,,,,
Stephen Sondheim,My Friends,,,,,,,,,,,,,,,,
Le Tigre,Get Off The Internet,,,,,,,,,,,,,,,,
Meshuggah,In Death - Is Death,,,,,,,,,,,,,,,,
Black Tambourine,I Was Wrong,,,,,,,,,,,,,,,,
Bodyrockers,I Like The Way You Move,,,,,,,,,,,,,,,,
Devendra Banhart,Little Boys,,,,,,,,,,,,,,,,
Bodyrox And Luciana,What Planet You On? (Radio Edit),,,,,,,,,,,,,,,,
The Bronx,Dirty Leaves,,,,,,,,,,,,,,,,
Fantômas,The Omen (Ave Satani),,,,,,,,,,,,,,,,
The Bronx,Gun Without Bullets,,,,,,,,,,,,,,,,
Sepultura,Lookaway,,,,,,,,,,,,,,,,
Rufus Wainwright,Sanssouci,,,,,,,,,,,,,,,,
Ruki Na Odeyalo,Acab,,,,,,,,,,,,,,,,
The Brian Jonestown Massacre,Monster,,,,,,,,,,,,,,,,
Cursive,Butcher The Song,,,,,,,,,,,,,,,,
Deus,Theme From Turnpike,,,,,,,,,,,,,,,,
Stereophonics,Maybe,,,,,,,,,,,,,,,,
Lasgo,All Night Long (Radio Edit),,,,,,,,,,,,,,,,
Lars Winnerbäck,Om Du Lämnade Mig Nu,,,,,,,,,,,,,,,,
Metronomy,On Dancefloors,,,,,,,,,,,,,,,,
Black Sabbath,Who Are You,,,,,,,,,,,,,,,,
Bon Jovi,One Wild Night,,,,,,,,,,,,,,,,
Mf Doom,Rapp Snitch Knishes (Feat. Mr. Fantastik),,,,,,,,,,,,,,,,
Michael Andrews,The Tangent Universe,,,,,,,,,,,,,,,,
The Sins Of Thy Beloved,My Love,,,,,,,,,,,,,,,,
ユンナ,Houki Boshi (Tv Size),,,,,,,,,,,,,,,,
The Skatalites,Guns Of Navarone,,,,,,,,,,,,,,,,
メリー,Japanese Modernist,,,,,,,,,,,,,,,,
Metro Station,Kelsey,,,,,,,,,,,,,,,,
Deus,Jigsaw You,,,,,,,,,,,,,,,,
Stereophonics,Stone,,,,,,,,,,,,,,,,
Megadeth,Dawn Patrol,,,,,,,,,,,,,,,,
Stone Sour,Inhale,,,,,,,,,,,,,,,,
Avril Lavigne,Runaway,,,,,,,,,,,,,,,,
Avril Lavigne,One Of Those Girls,,,,,,,,,,,,,,,,
Mediæval Bæbes,Averil,,,,,,,,,,,,,,,,
Bob Marley & The Wailers,So Much Trouble In The World,,,,,,,,,,,,,,,,
Megadeth,My Last Words,,,,,,,,,,,,,,,,
Mediæval Bæbes,Undrentide,,,,,,,,,,,,,,,,
Battlelore,Starlight Kingdom,,,,,,,,,,,,,,,,
Daniel Powter,Next Plane Home,,,,,,,,,,,,,,,,
Rush,Driven,,,,,,,,,,,,,,,,
Fredo Viola,The Sad Song,,,,,,,,,,,,,,,,
Cut Chemist,Motivational Speaker,,,,,,,,,,,,,,,,
Rush,Middletown Dreams,1.0,0.6,0.0,0.4,0.8,0.6,0.0,0.0,0.0,0.0,0.6,0.0,0.8,0.6,1.0,0.0
Cut Copy,Hearts On Fire (Joakim Remix),,,,,,,,,,,,,,,,
Cut Copy,Drop The Bomb,0.4,0.4,0.8,0.2,0.4,0.6,0.0,0.0,0.0,0.0,0.0,0.0,1.0,0.8,0.6,0.0
Melanie C,Never Say Never,,,,,,,,,,,,,,,,
Melvins,Hooch,,,,,,,,,,,,,,,,
Leftöver Crack,Gang Control,,,,,,,,,,,,,,,,
Leftöver Crack,Burn Them Prisons,,,,,,,,,,,,,,,,
The Vines,Factory,,,,,,,,,,,,,,,,
Apocalyptica,Epilogue (Relief),,,,,,,,,,,,,,,,
Devendra Banhart,Luna De Margarita,,,,,,,,,,,,,,,,
Mercury Rev,The Happy End (The Drunk Room),,,,,,,,,,,,,,,,
Meshuggah,New Millennium Cyanide Christ,,,,,,,,,,,,,,,,
Metallica,It'S Electric,,,,,,,,,,,,,,,,
The Slits,I Heard It Through The Grapevine,,,,,,,,,,,,,,,,
The Smashing Pumpkins,Age Of Innocence,,,,,,,,,,,,,,,,
Devendra Banhart,Sawkill River,,,,,,,,,,,,,,,,
Travis,Happy,,,,,,,,,,,,,,,,
Stevie Wonder,Uptight (Everything'S Alright),,,,,,,,,,,,,,,,
Travis,New Amsterdam,,,,,,,,,,,,,,,,
Lightning Bolt,Longstockings,,,,,,,,,,,,,,,,
Lightning Bolt,Dead Cowboy,,,,,,,,,,,,,,,,
Blackmore'S Night,All Because Of You,,,,,,,,,,,,,,,,
Bob Dylan,The Lonesome Death Of Hattie Carroll,,,,,,,,,,,,,,,,
The Stands,Outside Your Door,,,,,,,,,,,,,,,,
Bob Dylan,She Belongs To Me,,,,,,,,,,,,,,,,
Aphrodite,Calcutta,,,,,,,,,,,,,,,,
Bob Dylan,You Ain'T Goin' Nowhere,,,,,,,,,,,,,,,,
Daniel Johnston,The Lennon Song,,,,,,,,,,,,,,,,
Annuals,Confessor,,,,,,,,,,,,,,,,
Röyksopp,Go With The Flow,,,,,,,,,,,,,,,,
Annihilator,Crystal Ann,,,,,,,,,,,,,,,,
Annwn,Faili Faili Oro,,,,,,,,,,,,,,,,
Max Graham Vs. Yes,Owner Of A Lonely Heart,,,,,,,,,,,,,,,,
Devildriver,Hold Back The Day,,,,,,,,,,,,,,,,
Story Of The Year,Our Time Is Now,,,,,,,,,,,,,,,,
Max Richter,Arboretum,,,,,,,,,,,,,,,,
The Specials,Concrete Jungle,,,,,,,,,,,,,,,,
Devildriver,I Could Care Less,,,,,,,,,,,,,,,,
Devildriver,Digging Up The Corpses,,,,,,,,,,,,,,,,
Les Savy Fav,One Way Window,,,,,,,,,,,,,,,,
Bob Marley,Jammin',,,,,,,,,,,,,,,,
Less Than Jake,Bad Scene And A Basement Show,,,,,,,,,,,,,,,,
Megadeth,Mechanix,,,,,,,,,,,,,,,,
Lifehouse,Sky Is Falling,,,,,,,,,,,,,,,,
The View,The Don,,,,,,,,,,,,,,,,
Megadeth,Prince Of Darkness,,,,,,,,,,,,,,,,
The View,Skag Trendy,,,,,,,,,,,,,,,,
Mazzy Star,I'M Sailin',,,,,,,,,,,,,,,,
The Specials,Doesn'T Make It Alright,,,,,,,,,,,,,,,,
Bob Marley,African Herbsman,,,,,,,,,,,,,,,,
Dexys Midnight Runners,Geno,,,,,,,,,,,,,,,,
Devotchka,The Enemy Guns,,,,,,,,,,,,,,,,
Blackmore'S Night,Fires At Midnight,,,,,,,,,,,,,,,,
Lily Allen,The Fear (Wideboys Prime Time Radio Edit),,,,,,,,,,,,,,,,
Matthew Dear,Elementary Lover,,,,,,,,,,,,,,,,
Max Richter,Harmonium,,,,,,,,,,,,,,,,
Max Richter,Song,,,,,,,,,,,,,,,,
Vast,I Don'T Have Anything,,,,,,,,,,,,,,,,
Vast,Somewhere Else To Be,,,,,,,,,,,,,,,,
Vast,Free,,,,,,,,,,,,,,,,
Matisyahu,Aish Tamid,,,,,,,,,,,,,,,,
Limp Bizkit,Show Me What You Got,,,,,,,,,,,,,,,,
Matt Costa,Mr. Pitiful,0.8,0.4,0.0,0.6,0.6,0.2,0.8,0.0,0.4,0.6,0.8,0.0,0.0,0.0,0.8,0.0
Trivium,Ascendancy,,,,,,,,,,,,,,,,
Lifehouse,Walking Away,0.6,0.4,0.0,0.2,0.8,0.4,0.6,0.0,0.0,0.0,0.0,0.0,0.0,0.0,0.6,0.0
Straylight Run,The Perfect Ending,,,,,,,,,,,,,,,,
Seeed,Grosshirn,,,,,,,,,,,,,,,,
Uverworld,Chance!,,,,,,,,,,,,,,,,
Fatima Meets Kuriaki,Covenant,,,,,,,,,,,,,,,,
Fatboy Slim,The Weekend Starts Here,,,,,,,,,,,,,,,,
The Beach Boys,Sloop John B.,,,,,,,,,,,,,,,,
Daniel Diamond,Champu,,,,,,,,,,,,,,,,
大谷幸,Swift Horse,,,,,,,,,,,,,,,,
The Verve,She'S A Superstar,,,,,,,,,,,,,,,,
The Books,All Bad Ends All,,,,,,,,,,,,,,,,
4 Strings,Take Me Away (Into The Night),,,,,,,,,,,,,,,,
Frank Sinatra,The Way You Look Tonight,,,,,,,,,,,,,,,,
Cypress Hill,Lick A Shot,,,,,,,,,,,,,,,,
Mary J. Blige,What Love Is,,,,,,,,,,,,,,,,
Diablo,In Sorrow We Trust,,,,,,,,,,,,,,,,
Supersuckers,Pretty Fucked Up,,,,,,,,,,,,,,,,
Diablo,Together As Lost,,,,,,,,,,,,,,,,
Massive Attack,Black Melt,,,,,,,,,,,,,,,,
Lordi,Blood Red Sandman,,,,,,,,,,,,,,,,
The Velvet Underground,The Gift,,,,,,,,,,,,,,,,
The Velvet Underground,That'S The Story Of My Life,,,,,,,,,,,,,,,,
Sam Sparro,Hot Mess,,,,,,,,,,,,,,,,
Francisca Valenzuela,Peces,,,,,,,,,,,,,,,,
Samantha James,Rise,,,,,,,,,,,,,,,,
The Black Keys,Give Your Heart Away,,,,,,,,,,,,,,,,
Boards Of Canada,Farewell Fire,,,,,,,,,,,,,,,,
Forgotten Boys,Musketeer,,,,,,,,,,,,,,,,
Tom Baxter,Tell Her Today,,,,,,,,,,,,,,,,
Matt Nathanson,Laid,,,,,,,,,,,,,,,,
Blackmore'S Night,Way To Mandalay,,,,,,,,,,,,,,,,
Live,Dance With You,,,,,,,,,,,,,,,,
Matisyahu,Jerusalem,,,,,,,,,,,,,,,,
Saliva,Click Click Boom,,,,,,,,,,,,,,,,
The Blood Brothers,Beautiful Horses,,,,,,,,,,,,,,,,
Tom Waits,Ol' 55,,,,,,,,,,,,,,,,
Max Richter,Organum,,,,,,,,,,,,,,,,
Franco Battiato,Di Passaggio,,,,,,,,,,,,,,,,
Dangerdoom,Bada Bing,,,,,,,,,,,,,,,,
Boards Of Canada,Skyliner,,,,,,,,,,,,,,,,
Strike Anywhere,Detonation,,,,,,,,,,,,,,,,
Matanza,Bota Com Buraco De Bala,,,,,,,,,,,,,,,,
Strike Anywhere,Timebomb Generation,,,,,,,,,,,,,,,,
Strike Anywhere,Sunset On 32Nd,,,,,,,,,,,,,,,,
Strike Anywhere,Prisoner Echoes,,,,,,,,,,,,,,,,
Blur,Oily Water,,,,,,,,,,,,,,,,
Los Bunkers,Deudas,,,,,,,,,,,,,,,,
Marianne Faithfull,Working Class Hero,,,,,,,,,,,,,,,,
The Veronicas,When It All Falls Apart,,,,,,,,,,,,,,,,
Los Bunkers,Los Premios,,,,,,,,,,,,,,,,
Lordi,My Heaven Is Your Hell,,,,,,,,,,,,,,,,
Los Bunkers,La Exiliada Del Sur,,,,,,,,,,,,,,,,
Marius Nedelcu Feat. Giulia,Rain,,,,,,,,,,,,,,,,
22-20S,Why Don'T You Do It For Me?,,,,,,,,,,,,,,,,
For My Pain...,Queen Misery,,,,,,,,,,,,,,,,
Sara Bareilles,Fairytale,,,,,,,,,,,,,,,,
Santogold,You'Ll Find A Way (Switch & Sinden Remix),,,,,,,,,,,,,,,,
Maria Taylor,Light House,,,,,,,,,,,,,,,,
Anthrax,I'M Eighteen,,,,,,,,,,,,,,,,
Diana Ross & The Supremes,Stop! In The Name Of Love,,,,,,,,,,,,,,,,
Martin Solveig,Rejection,,,,,,,,,,,,,,,,
Avenged Sevenfold,Unholy Confessions,,,,,,,,,,,,,,,,
The Black Heart Procession,Tangled,,,,,,,,,,,,,,,,
Martijn Ten Velden,I Wish You Would (12 Mix),,,,,,,,,,,,,,,,
Sebastian,Dog,,,,,,,,,,,,,,,,
Aphex Twin,Mt Saint Michel Mix + St Michaels Mount,0.8,0.6,1.0,0.4,0.0,0.0,0.0,0.0,0.0,0.0,0.0,0.0,1.0,1.0,0.0,0.0
The Black Ghosts,Anyway You Choose To Give It,,,,,,,,,,,,,,,,
Mark Ronson,Apply Some Pressure,,,,,,,,,,,,,,,,
The Black Eyed Peas,The Apl Song,,,,,,,,,,,,,,,,
Dispatch,Elias,,,,,,,,,,,,,,,,
Dissection,Reinkaos,,,,,,,,,,,,,,,,
Sublime,Burritos,,,,,,,,,,,,,,,,
Lo-Fi-Fnk,Change Channel,,,,,,,,,,,,,,,,
Logh,In Cold Blood,,,,,,,,,,,,,,,,
Mark Lanegan,Hit The City,,,,,,,,,,,,,,,,
Martin L. Gore,Compulsion,,,,,,,,,,,,,,,,
Flight Of The Conchords,Ladies Of The World,,,,,,,,,,,,,,,,
The Sunshine Underground,Borders,0.8,0.6,0.2,0.4,0.8,0.6,0.0,0.0,0.0,0.0,0.0,0.0,0.6,0.6,0.8,0.0
Mando Diao,Sheepdog (Live),,,,,,,,,,,,,,,,
Manic Street Preachers,Prologue To History,,,,,,,,,,,,,,,,
Super Furry Animals,Juxtapozed With U,,,,,,,,,,,,,,,,
The Sundays,Can'T Be Sure,,,,,,,,,,,,,,,,
Mano Negra,King Kong Five,,,,,,,,,,,,,,,,
Flying Lotus,Hello,,,,,,,,,,,,,,,,
Aphex Twin,Gwarek2,,,,,,,,,,,,,,,,
Sarah Vaughan,Whatever Lola Wants (Gotan Project Remix),,,,,,,,,,,,,,,,
Sarah Mclachlan,Blackbird,,,,,,,,,,,,,,,,
Flying Lotus,Robertaflack (Feat. Dolly),,,,,,,,,,,,,,,,
Sarah Brightman,Who Wants To Live Forever,,,,,,,,,,,,,,,,
Margot & The Nuclear So And So'S,Dress Me Like A Clown,,,,,,,,,,,,,,,,
Flunk,Spring To Kingdom Come,,,,,,,,,,,,,,,,
Flight Of The Conchords,Boom,,,,,,,,,,,,,,,,
Saosin,Lost Symphonies,,,,,,,,,,,,,,,,
Los Prisioneros,Tren Al Sur,,,,,,,,,,,,,,,,
Vangelis,Blush Response,,,,,,,,,,,,,,,,
Feindflug,Feindbild,,,,,,,,,,,,,,,,
Feindflug,Glaubenskrieg,,,,,,,,,,,,,,,,
Manu Chao,Malegria,,,,,,,,,,,,,,,,
Louise Attaque,Du Nord Au Sud,,,,,,,,,,,,,,,,
Love,Always See Your Face,,,,,,,,,,,,,,,,
Lovage,Lies And Alibis,,,,,,,,,,,,,,,,
Maná,Fe,,,,,,,,,,,,,,,,
Super Junior,사랑이 떠나다 (She'S Gone),,,,,,,,,,,,,,,,
Suede,By The Sea,,,,,,,,,,,,,,,,
Louie,One Big Repeat,,,,,,,,,,,,,,,,
Van Halen,House Of Pain,1.0,0.8,0.0,0.0,1.0,1.0,0.0,0.0,0.0,0.0,0.0,0.0,0.0,0.0,0.8,0.0
Scissor Sisters,Better Luck Next Time (Demo),,,,,,,,,,,,,,,,
Scissor Sisters,Everybody Wants The Same Thing,,,,,,,,,,,,,,,,
Van Halen,Dancing In The Street,,,,,,,,,,,,,,,,
Van Halen,Ice Cream Man,,,,,,,,,,,,,,,,
Filter,The Only Way (Is The Wrong Way),,,,,,,,,,,,,,,,
Dan Le Sac Vs. Scroobius Pip,Angles,0.0,0.0,1.0,0.4,0.0,0.0,0.0,0.0,0.0,0.0,0.0,0.0,0.8,0.8,0.0,0.0
Machinae Supremacy,Anthem Apocalyptica,,,,,,,,,,,,,,,,
Lupe Fiasco,The Coolest,,,,,,,,,,,,,,,,
Sum 41,With Me,,,,,,,,,,,,,,,,
Madonna,Paradise (Not For Me),,,,,,,,,,,,,,,,
The Undertones,Get Over You,1.0,0.8,0.0,0.0,1.0,0.6,0.0,0.0,0.0,0.0,0.0,0.0,0.0,0.0,0.8,0.0
Madvillain,Monkey Suite,,,,,,,,,,,,,,,,
Van Halen,On Fire,,,,,,,,,,,,,,,,
Finntroll,Maktens Spira,1.0,1.0,0.0,0.8,1.0,1.0,0.0,0.6,0.4,0.0,0.0,0.0,0.6,0.8,0.8,0.0
Damien Jurado,How I Broke My Legs,,,,,,,,,,,,,,,,
Malajube,Jus De Canneberges,,,,,,,,,,,,,,,,
Seabear,Hands Remember,,,,,,,,,,,,,,,,
Malajube,Le Crabe,,,,,,,,,,,,,,,,
Blink-182,Easy Target,,,,,,,,,,,,,,,,
Sunny Day Real Estate,Pillars,,,,,,,,,,,,,,,,
Sunny Day Real Estate,Grendel,,,,,,,,,,,,,,,,
鈴村健一,刹那の羽,,,,,,,,,,,,,,,,
Sufjan Stevens,Year Of The Ox,,,,,,,,,,,,,,,,
Sugababes,Caught In A Moment,,,,,,,,,,,,,,,,
Dinosaur Jr.,Pick Me Up,,,,,,,,,,,,,,,,
Sufjan Stevens,They Are Night Zombies,,,,,,,,,,,,,,,,
Sufjan Stevens,They Also Mourn Who Do Not Wear Black (For The Homeless In Muskegon),,,,,,,,,,,,,,,,
Lupe Fiasco,Intro,,,,,,,,,,,,,,,,
Blood Red Shoes,Take The Weight,,,,,,,,,,,,,,,,
Luomo,Tessio,,,,,,,,,,,,,,,,
The The,Uncertain Smile,,,,,,,,,,,,,,,,
Hot Hot Heat,This Town,,,,,,,,,,,,,,,,
The Flaming Lips,When You Smile,,,,,,,,,,,,,,,,
Hypocrisy,The Abyss,,,,,,,,,,,,,,,,
Hot Hot Heat,Aveda,,,,,,,,,,,,,,,,
Testament,Over The Wall,,,,,,,,,,,,,,,,
Chris Isaak,Blue Hotel,,,,,,,,,,,,,,,,
Howard Shore,A Knife In The Dark,,,,,,,,,,,,,,,,
Testament,Practice What You Preach,,,,,,,,,,,,,,,,
Howard Shore,The Riders Of Rohan,,,,,,,,,,,,,,,,
Howard Shore,The Ring Goes South,,,,,,,,,,,,,,,,
Howie Day,Perfect Time Of Day,,,,,,,,,,,,,,,,
Chris Vrenna,Fortress Of Doors,,,,,,,,,,,,,,,,
Hot Snakes,Retrofit,,,,,,,,,,,,,,,,
Arise From Thorns,Time Alone,,,,,,,,,,,,,,,,
The Flaming Lips,The Sound Of Failure,,,,,,,,,,,,,,,,
M.O.P.,Cold As Ice,,,,,,,,,,,,,,,,
Bloc Party,Storm & Stress,,,,,,,,,,,,,,,,
Suicide,Johnny,,,,,,,,,,,,,,,,
Dimmu Borgir,Burn In Hell,,,,,,,,,,,,,,,,
!!!,Me And Giuliani Down By The School Yard (A True Story),,,,,,,,,,,,,,,,
Machinae Supremacy,Ronin,,,,,,,,,,,,,,,,
The Format,Inches And Falling,,,,,,,,,,,,,,,,
Madonna,Burning Up,,,,,,,,,,,,,,,,
+44,Lycanthrope,,,,,,,,,,,,,,,,
Fila Brazillia,Nature Boy,,,,,,,,,,,,,,,,
M-Flo,Tripod Baby (Shinichi Osawa Remix),,,,,,,,,,,,,,,,
Fields,If You Fail We All Fail,,,,,,,,,,,,,,,,
Scouting For Girls,The Airplane Song,,,,,,,,,,,,,,,,
Dan Arborise,Around In Circles,,,,,,,,,,,,,,,,
Digitalism,Jupiter Room (Martian Assault Mix),,,,,,,,,,,,,,,,
Scsi-9,Senorita Tristeza,,,,,,,,,,,,,,,,
M83,Beauties Can Die,,,,,,,,,,,,,,,,
M83,Strong And Wasted,,,,,,,,,,,,,,,,
The Tough Alliance,Miami,,,,,,,,,,,,,,,,
関智一,Shourishatachi No Banka,,,,,,,,,,,,,,,,
Dead Can Dance,Mephisto,,,,,,,,,,,,,,,,
Tom Waits,Get Behind The Mule,,,,,,,,,,,,,,,,
Dimmu Borgir,The Invaluable Darkness,,,,,,,,,,,,,,,,
Blink-182,Here'S Your Letter,,,,,,,,,,,,,,,,
高梨康治/刃-Yaiba-,秘めたる闘志,,,,,,,,,,,,,,,,
Dead Can Dance,Indus,,,,,,,,,,,,,,,,
Infected Mushroom,Drop Out,,,,,,,,,,,,,,,,
Ween,Baby Bitch,,,,,,,,,,,,,,,,
The Dodos,Jodi,,,,,,,,,,,,,,,,
Neko Case,Never Turn Your Back On Mother Earth,,,,,,,,,,,,,,,,
Hanoi Rocks,Back To Mystery City,,,,,,,,,,,,,,,,
Neko Case,Magpie To The Morning,,,,,,,,,,,,,,,,
Tiga & Zyntherius,Sunglasses At Night,,,,,,,,,,,,,,,,
Billy Corgan,Tolovesomebody,,,,,,,,,,,,,,,,
Sonic Youth,Intro,,,,,,,,,,,,,,,,
Aesop Rock,Forest Crunk,,,,,,,,,,,,,,,,
Buckethead,Ghost,,,,,,,,,,,,,,,,
Josh Ritter,Monster Ballads,,,,,,,,,,,,,,,,
Clutch,Big Fat Pig,,,,,,,,,,,,,,,,
Deerhunter,Slow Swords,,,,,,,,,,,,,,,,
The Honorary Title,Anything Else But The Truth,,,,,,,,,,,,,,,,
The Distillers,Sick Of It All,,,,,,,,,,,,,,,,
Buckethead,The Way To Heaven,,,,,,,,,,,,,,,,
Chaka Khan,I'M Every Woman,,,,,,,,,,,,,,,,
The Honorary Title,Untouched And Intact,,,,,,,,,,,,,,,,
Para One,Dudun-Dun (Mstrkrft Remix),,,,,,,,,,,,,,,,
Paradise Lost,Deus,,,,,,,,,,,,,,,,
The Helio Sequence,Can'T Say No,,,,,,,,,,,,,,,,
Wire,Sand In My Joints,,,,,,,,,,,,,,,,
Beth Orton,Rectify,,,,,,,,,,,,,,,,
In Flames,World Of Promises,,,,,,,,,,,,,,,,
Blonde Redhead,Luv Machine,,,,,,,,,,,,,,,,
Blink-182,I'M Lost Without You,,,,,,,,,,,,,,,,
Fields,Heretic,,,,,,,,,,,,,,,,
Madonna,Runaway Lover,,,,,,,,,,,,,,,,
Madonna,Secret,,,,,,,,,,,,,,,,
Blondie,Will Anything Happen?,,,,,,,,,,,,,,,,
Lykke Li,Window Blues,,,,,,,,,,,,,,,,
Tom Waits,Blue Valentines,,,,,,,,,,,,,,,,
Joss Whedon & Christophe Beck,Under Your Spell,,,,,,,,,,,,,,,,
Def Leppard,When Love And Hate Collide,,,,,,,,,,,,,,,,
Erasure,You Surround Me,,,,,,,,,,,,,,,,
Josh Groban,You Are Loved (Don'T Give Up),,,,,,,,,,,,,,,,
Hank Williams Iii,Long Hauls & Close Calls,1.0,1.0,0.0,0.2,0.8,1.0,0.0,0.0,0.0,0.0,0.0,0.0,0.0,0.0,0.8,0.0
Josh Pyke,Middle Of The Hill,,,,,,,,,,,,,,,,
Amon Tobin,Golfer Vrs Boxer,,,,,,,,,,,,,,,,
Eric Carmen,Hungry Eyes,,,,,,,,,,,,,,,,
The Offspring,A Lot Like Me,,,,,,,,,,,,,,,,
Sonic Youth,Brave Men Run (In My Family),,,,,,,,,,,,,,,,
The Oscar Peterson Trio,I Got It Bad (And That Ain'T Good),,,,,,,,,,,,,,,,
Buck 65,Wicked And Weird,,,,,,,,,,,,,,,,
Easy Star All-Stars,Any Colour You Like,,,,,,,,,,,,,,,,
Happy Mondays,Loose Fit,,,,,,,,,,,,,,,,
Happy Mondays,Grandbag'S Funeral,,,,,,,,,,,,,,,,
Prince,Diamonds And Pearls,,,,,,,,,,,,,,,,
Amon Amarth,Bleed For Ancient Gods,,,,,,,,,,,,,,,,
Prince & The Revolution,Darling Nikki,,,,,,,,,,,,,,,,
Ceremony,Kersed,,,,,,,,,,,,,,,,
Papa Roach,Do Or Die,,,,,,,,,,,,,,,,
Dead Can Dance,Ariadne,,,,,,,,,,,,,,,,
Paradise Lost,Over The Madness,,,,,,,,,,,,,,,,
Wolf Parade,Kissing The Beehive,,,,,,,,,,,,,,,,
Filter,The Best Things,,,,,,,,,,,,,,,,
Antony And The Johnsons,Bird Girl,,,,,,,,,,,,,,,,
Van Halen,Judgement Day,,,,,,,,,,,,,,,,
Van Halen,Give To Live,,,,,,,,,,,,,,,,
Diplo,Big Lost,,,,,,,,,,,,,,,,
The Thermals,Returning To The Fold,,,,,,,,,,,,,,,,
The Honorary Title,Points Underneath,,,,,,,,,,,,,,,,
The Twilight Singers,Teenage Wristband,,,,,,,,,,,,,,,,
Final Fantasy,Better Than Worse,,,,,,,,,,,,,,,,
Damien Rice,Prague,,,,,,,,,,,,,,,,
Lumsk,Det Var Irlands Kongi Bold,,,,,,,,,,,,,,,,
Dir En Grey,Ain'T Afraid To Die,0.8,0.6,0.0,0.4,0.8,0.6,0.4,0.8,0.0,0.6,0.0,0.0,0.2,0.2,0.8,0.0
Seabound,Doubleplusungood,,,,,,,,,,,,,,,,
Felix Da Housecat,Walk With Me,,,,,,,,,,,,,,,,
Aoki Takamasa + Tujiko Noriko,Vinyl Words,,,,,,,,,,,,,,,,
Charlotte Hatherley,Kim Wilde,,,,,,,,,,,,,,,,
Charlotte Church,Crazy Chick,,,,,,,,,,,,,,,,
Malajube,Fille À Plumes,,,,,,,,,,,,,,,,
Malajube,La Russe,,,,,,,,,,,,,,,,
Blood Red Throne,Mephitication,,,,,,,,,,,,,,,,
The Teenagers,Sunset Beach,,,,,,,,,,,,,,,,
In Flames,Lunar Strain,,,,,,,,,,,,,,,,
Wire,Pink Flag,,,,,,,,,,,,,,,,
Insomnium,Devoid Of Caring,,,,,,,,,,,,,,,,
Tori Amos,Twinkle,,,,,,,,,,,,,,,,
Billy Bragg & Wilco,Walt Whitman'S Niece,,,,,,,,,,,,,,,,
Elvis Costello & The Attractions,Oliver'S Army,,,,,,,,,,,,,,,,
Deerhoof,The Forbidden Fruits,,,,,,,,,,,,,,,,
Sonic Youth,Androgynous Mind,,,,,,,,,,,,,,,,
Deerhoof,Sealed With A Kiss,,,,,,,,,,,,,,,,
Cock Sparrer,England Belongs To Me,,,,,,,,,,,,,,,,
The Dillinger Escape Plan,Unretrofied,,,,,,,,,,,,,,,,
The Pains Of Being Pure At Heart,Gentle Sons,,,,,,,,,,,,,,,,
The Devin Townsend Band,Triumph,,,,,,,,,,,,,,,,
Journey,Faithfully,,,,,,,,,,,,,,,,
Eagles Of Death Metal,Bad Dream Mama,,,,,,,,,,,,,,,,
Assemblage 23,I Am The Rain,,,,,,,,,,,,,,,,
Joy Division,From Safety To Where...?,,,,,,,,,,,,,,,,
Amon Tobin,Nightlife,,,,,,,,,,,,,,,,
Natalie Imbruglia,Big Mistake,,,,,,,,,,,,,,,,
The Innocence Mission,Bright As Yellow,0.6,0.2,0.0,0.4,0.4,0.2,0.8,0.0,0.0,0.4,0.0,0.0,0.0,0.0,0.4,0.0
Amon Tobin,Ruthless,,,,,,,,,,,,,,,,
Def Leppard,Stagefright,,,,,,,,,,,,,,,,
Sonic Youth,Starfield Road,,,,,,,,,,,,,,,,
The Grates,Sukkafish,,,,,,,,,,,,,,,,
Scars On Broadway,Insane,,,,,,,,,,,,,,,,
Scars On Broadway,Serious,,,,,,,,,,,,,,,,
Eluvium,(Intermission),,,,,,,,,,,,,,,,
Finntroll,Korpens Saga,,,,,,,,,,,,,,,,
Alice Cooper,Is It My Body,,,,,,,,,,,,,,,,
The Teenagers,Love No,,,,,,,,,,,,,,,,
Sufjan Stevens,Lo! How A Rose E'Er Blooming,,,,,,,,,,,,,,,,
Dir En Grey,Disabled Complexes,,,,,,,,,,,,,,,,
Tricky,Pumpkin,,,,,,,,,,,,,,,,
Coconut Records,Summer Day,,,,,,,,,,,,,,,,
Cock Sparrer,Because You'Re Young,,,,,,,,,,,,,,,,
Cock Sparrer,We'Re Coming Back,,,,,,,,,,,,,,,,
Sonja Aldén,För Att Du Finns,,,,,,,,,,,,,,,,
Protest The Hero,Heretics & Killers,,,,,,,,,,,,,,,,
Hammerfall,At The End Of The Rainbow,,,,,,,,,,,,,,,,
Deftones,Change (In The House Of Flies) (Acoustic),,,,,,,,,,,,,,,,
Hammerfall,Hearts On Fire,,,,,,,,,,,,,,,,
Billy Bragg & Wilco,At My Window Sad And Lonely,,,,,,,,,,,,,,,,
Wednesday 13,God Is A Lie,,,,,,,,,,,,,,,,
Aesthetic Perfection,Spit It Out,,,,,,,,,,,,,,,,
Joy Zipper,2 Dreams I Had,,,,,,,,,,,,,,,,
Bruce Springsteen,Working On The Highway,,,,,,,,,,,,,,,,
Underworld,Dinosaur Adventure 3D,,,,,,,,,,,,,,,,
Archie Star,Let'S Get Married,,,,,,,,,,,,,,,,
The Youth Ahead,Has Anyone Seen My Underwear,,,,,,,,,,,,,,,,
Nelly Furtado,Forca,,,,,,,,,,,,,,,,
Nelly Furtado,Força,,,,,,,,,,,,,,,,
Nelly Furtado,Fresh Off The Boat,,,,,,,,,,,,,,,,
Jonathan Larson,Out Tonight,,,,,,,,,,,,,,,,
The Teardrop Explodes,Reward,,,,,,,,,,,,,,,,
Blu Cantrell,So Blu,,,,,,,,,,,,,,,,
The Beta Band,Gone,,,,,,,,,,,,,,,,
Blue Man Group,Opening Mandelbrot,,,,,,,,,,,,,,,,
Tom Petty And The Heartbreakers,Listen To Her Heart,,,,,,,,,,,,,,,,
Mando Diao,Gloria,,,,,,,,,,,,,,,,
1200 Micrograms,1001 Arabian Nights,,,,,,,,,,,,,,,,
Mando Diao,Macadam Cowboy,,,,,,,,,,,,,,,,
Beseech,Illusionate,,,,,,,,,,,,,,,,
Silverchair,Reflections Of A Sound,,,,,,,,,,,,,,,,
Into Eternity,Splintered Visions,,,,,,,,,,,,,,,,
Silverchair,The Man That Knew Too Much,,,,,,,,,,,,,,,,
Inxs,Taste It,,,,,,,,,,,,,,,,
Silversun Pickups,Sci-Fi Lullaby,,,,,,,,,,,,,,,,
Amon Tobin,The Lighthouse,,,,,,,,,,,,,,,,
David Bowie,Black Country Rock,,,,,,,,,,,,,,,,
Judas Priest,Running Wild,,,,,,,,,,,,,,,,
Judas Priest,Pain And Pleasure,,,,,,,,,,,,,,,,
The Young Knives,Dialing Darling,,,,,,,,,,,,,,,,
Hark ! The Herald Angels Sing,Mahalla Jackson,0.0,0.0,0.0,0.0,0.0,0.0,0.0,0.4,0.0,0.0,0.6,0.0,0.0,0.0,0.0,0.0
Assemblage 23,Opened,,,,,,,,,,,,,,,,
Sonic Youth,Sympathy For The Strawberry,,,,,,,,,,,,,,,,
Arch Enemy,Machtkampf,,,,,,,,,,,,,,,,
Juliette And The Licks,Hot Kiss,1.0,0.8,0.0,0.2,1.0,0.8,0.0,0.0,0.0,0.0,0.0,0.0,0.0,0.0,0.8,0.0
Underoath,There Could Be Nothing After This,,,,,,,,,,,,,,,,
Silver Jews,Send In The Clouds,,,,,,,,,,,,,,,,
Primal Scream,Shine Like Stars,,,,,,,,,,,,,,,,
Archive,Nothing Else,,,,,,,,,,,,,,,,
Adult.,I Feel Worse When I'M With You,,,,,,,,,,,,,,,,
Toots & The Maytals,Louie Louie,,,,,,,,,,,,,,,,
June,Baby It'S You,,,,,,,,,,,,,,,,
Primitive Radio Gods,Standing Outside A Broken Phone Booth With Money In My Hand,,,,,,,,,,,,,,,,
Julieta Venegas,Andar Conmigo,,,,,,,,,,,,,,,,
Psapp,Northdown Flat B1,,,,,,,,,,,,,,,,
Pale Saints,There Is No Day,,,,,,,,,,,,,,,,
The Pink Spiders,Little Razorblade,,,,,,,,,,,,,,,,
Inxs,Pretty Vegas,,,,,,,,,,,,,,,,
Amorphis,First Doom,,,,,,,,,,,,,,,,
Thompson Twins,Judy Do,,,,,,,,,,,,,,,,
In Flagranti,Bang Bang,,,,,,,,,,,,,,,,
Mando Diao,Train On Fire,,,,,,,,,,,,,,,,
Blue States,Stereo 99,,,,,,,,,,,,,,,,
Feindflug,Tauchfahrt,,,,,,,,,,,,,,,,
Pale Saints,Sight Of You,,,,,,,,,,,,,,,,
Saves The Day,Sound The Alarm,,,,,,,,,,,,,,,,
Feindflug,Ätherkrieg,,,,,,,,,,,,,,,,
The Beta Band,Human Being,,,,,,,,,,,,,,,,
Dir En Grey,Saku,,,,,,,,,,,,,,,,
Avantasia,Malleus Maleficarum,,,,,,,,,,,,,,,,
Dire Straits,Southbound Again,,,,,,,,,,,,,,,,
Public Image Ltd.,Home,,,,,,,,,,,,,,,,
Dire Straits,Water Of Love,,,,,,,,,,,,,,,,
Junior Murvin,Police And Thieves,,,,,,,,,,,,,,,,
Bel Canto,Baltic Ice-Breaker,,,,,,,,,,,,,,,,
Amorphis,Black Winter Day,,,,,,,,,,,,,,,,
Nada Surf,Killian'S Red,,,,,,,,,,,,,,,,
Bel Canto,Bombay,,,,,,,,,,,,,,,,
Nada Surf,If You Leave (Omd Cover),,,,,,,,,,,,,,,,
Soulfly,I And I,1.0,1.0,0.0,0.4,1.0,1.0,0.0,0.0,0.0,0.0,0.0,0.0,0.0,0.0,1.0,0.0
Hadouken!,Tuning In (H! Re-Rub),,,,,,,,,,,,,,,,
Sophia,I Left You,,,,,,,,,,,,,,,,
Manic Street Preachers,The Intense Humming Of Evil,,,,,,,,,,,,,,,,
Savage Garden,Two Beds And A Coffee Machine,,,,,,,,,,,,,,,,
Avantasia,Twisted Mind,,,,,,,,,,,,,,,,
Dzihan & Kamien,Where'S Johny Sabatino,,,,,,,,,,,,,,,,
Blue Öyster Cult,Cities On Flame With Rock And Roll,,,,,,,,,,,,,,,,
Dead Can Dance,Windfall,,,,,,,,,,,,,,,,
Tom Petty And The Heartbreakers,Don'T Do Me Like That,,,,,,,,,,,,,,,,
Manic Street Preachers,Raindrops Keep Falling On My Head,,,,,,,,,,,,,,,,
Inxs,I Need You Tonight,,,,,,,,,,,,,,,,
Chemistry,Itoshii Hito(Single Ver.),,,,,,,,,,,,,,,,
Eluveitie,Samon,,,,,,,,,,,,,,,,
Chemistry,Mirage In Blue,,,,,,,,,,,,,,,,
Erlend Øye,A While Ago And Recently (Feat. Kilogram),,,,,,,,,,,,,,,,
Dxdxox,Salvaremos A América E O Mundo,,,,,,,,,,,,,,,,
Beirut,The Shrew,,,,,,,,,,,,,,,,
Sigur Rós,Hlemmur 2,,,,,,,,,,,,,,,,
Sorta,Sink Or Swim,,,,,,,,,,,,,,,,
The Doors,Roadhouse Blues (Live),,,,,,,,,,,,,,,,
Sigur Rós,Jósep Tekur Fimmuna Í Vinnuna,,,,,,,,,,,,,,,,
Habakuk,Rozczochrany Łeb,,,,,,,,,,,,,,,,
Pretty Girls Make Graves,Holy Names,,,,,,,,,,,,,,,,
Amiina,Lóri,,,,,,,,,,,,,,,,
Sigur Rós,Fyrsta Ferð,,,,,,,,,,,,,,,,
Jokers Of The Scene,One Bloody Sunday,,,,,,,,,,,,,,,,
Pure Reason Revolution,Bullitts Dominæ,,,,,,,,,,,,,,,,
Amiina,Saga,,,,,,,,,,,,,,,,
Afi,Smile,,,,,,,,,,,,,,,,
Jolie Holland,Darlin Ukelele,,,,,,,,,,,,,,,,
Era,Don'T You Forget,,,,,,,,,,,,,,,,
Hatebreed,This Is Now,,,,,,,,,,,,,,,,
Amii Stewart,Knock On Wood,,,,,,,,,,,,,,,,
Pain Of Salvation,Vocari Dei,,,,,,,,,,,,,,,,
Amerie,Why Don'T We Fall In Love,,,,,,,,,,,,,,,,
Eluveitie,Primordial Breath,,,,,,,,,,,,,,,,
Eluveitie,Bloodstained Ground,,,,,,,,,,,,,,,,
Hawkwind,Seven By Seven,,,,,,,,,,,,,,,,
Alela Diane,The Rifle,,,,,,,,,,,,,,,,
Low,Breaker,,,,,,,,,,,,,,,,
Sasha,Magnetic North,,,,,,,,,,,,,,,,
The Unicorns,The Unicorns: 2014,,,,,,,,,,,,,,,,
Manitoba,I'Ve Lived On A Dirt Road All My Life,,,,,,,,,,,,,,,,
The Bird And The Bee,Birds And The Bees,,,,,,,,,,,,,,,,
Savage Garden,Chained To You,,,,,,,,,,,,,,,,
Manic Street Preachers,We Are All Bourgeois Now,,,,,,,,,,,,,,,,
Satyricon,The Pentagram Burns,,,,,,,,,,,,,,,,
Daft Punk,Aerodynamite,,,,,,,,,,,,,,,,
Blues Brothers,She Caught The Katy,,,,,,,,,,,,,,,,
Love Spirals Downwards,Will You Fade,,,,,,,,,,,,,,,,
Manowar,Heart Of Steel,,,,,,,,,,,,,,,,
The Nightwatchman,One Man Revolution,,,,,,,,,,,,,,,,
Sondre Lerche,Tragic Mirror,,,,,,,,,,,,,,,,
Sonata Arctica,Picturing The Past,,,,,,,,,,,,,,,,
Belle And Sebastian,Lazy Line Painter Jane,,,,,,,,,,,,,,,,
Gym Class Heroes,Taxi Driver,,,,,,,,,,,,,,,,
Pulp,My Legendary Girlfriend,,,,,,,,,,,,,,,,
Mötley Crüe,Bad Boy Boogie,,,,,,,,,,,,,,,,
Deerhoof,Dummy Discards A Heart,,,,,,,,,,,,,,,,
The Police,Truth Hits Everybody,,,,,,,,,,,,,,,,
Múm,Abandoned Ship Bells,,,,,,,,,,,,,,,,
Hatebreed,Live For This,,,,,,,,,,,,,,,,
Sondre Lerche,Sleep On Needles,,,,,,,,,,,,,,,,
Johnossi,18 Karat Gold,,,,,,,,,,,,,,,,
Johnny Foreigner,Our Bipolar Friends,,,,,,,,,,,,,,,,
Johnossi,Family Values,,,,,,,,,,,,,,,,
Amusement Parks On Fire,Venosa,,,,,,,,,,,,,,,,
Guster,C'Mon,,,,,,,,,,,,,,,,
Soundgarden,Hands All Over,,,,,,,,,,,,,,,,
Tracey Thorn,It'S All True,,,,,,,,,,,,,,,,
The Birthday Massacre,Promise Me,0.8,0.6,0.8,0.2,0.8,0.8,0.0,0.4,0.0,0.4,0.0,0.0,1.0,0.8,0.8,0.0
Blind Guardian,Another Holy War,1.0,1.0,0.0,0.0,1.0,1.0,0.0,0.0,0.0,0.0,0.0,0.0,0.0,0.0,0.8,0.0
Myslovitz,Mieć Czy Być,,,,,,,,,,,,,,,,
Mägo De Oz,Duerme...,,,,,,,,,,,,,,,,
Gustavo Cerati,Medium,,,,,,,,,,,,,,,,
Amusement Parks On Fire,Wiper,,,,,,,,,,,,,,,,
16 Horsepower,Scrawled In Sap,,,,,,,,,,,,,,,,
Queen,Brighton Rock,,,,,,,,,,,,,,,,
Mansun,Shotgun,,,,,,,,,,,,,,,,
Blur,Coping,,,,,,,,,,,,,,,,
Sarah Mcleod,White Horse (Whelan & Discala Remix),,,,,,,,,,,,,,,,
Elvis Presley,Hard Headed Woman,,,,,,,,,,,,,,,,
Dead Boys,Not Anymore,,,,,,,,,,,,,,,,
Blur,Come Together,,,,,,,,,,,,,,,,
De-Phazz,The Mambo Craze,,,,,,,,,,,,,,,,
Slayer,Overt Enemy,,,,,,,,,,,,,,,,
De-Phazz,Radio Sol,,,,,,,,,,,,,,,,
De-Phazz,Something Special,,,,,,,,,,,,,,,,
Patsy Cline,Walkin' After Midnight,,,,,,,,,,,,,,,,
Chemistry,いとしい人 (Single Ver.),,,,,,,,,,,,,,,,
Coheed And Cambria,The Velourium Camper Iii: Al The Killer,1.0,0.8,0.0,0.4,1.0,0.8,0.0,0.0,0.0,0.0,0.0,0.0,0.0,0.0,1.0,0.0
Britney Spears,What You Sippin' On,,,,,,,,,,,,,,,,
Broken Social Scene,All My Friends,,,,,,,,,,,,,,,,
The Polyphonic Spree,Section 9: Light & Day/Reach For The Sun,,,,,,,,,,,,,,,,
My Morning Jacket,Just One Thing,,,,,,,,,,,,,,,,
Mägo De Oz,Polla Dura No Cree En Dios,,,,,,,,,,,,,,,,
Justin Timberlake,Until The End Of Time,,,,,,,,,,,,,,,,
Justin Timberlake,Señorita,,,,,,,,,,,,,,,,
Mägo De Oz,Belfast,,,,,,,,,,,,,,,,
Coheed And Cambria,No World For Tomorrow,,,,,,,,,,,,,,,,
Takida,Curly Sue,,,,,,,,,,,,,,,,
Dusty Springfield,Just A Little Lovin',,,,,,,,,,,,,,,,
Adam Green,Vultures,,,,,,,,,,,,,,,,
Adam Green,Hey Dude,,,,,,,,,,,,,,,,
New Found Glory,Taken Back By You,,,,,,,,,,,,,,,,
Kaiser Chiefs,Hard Times Send Me,,,,,,,,,,,,,,,,
Sophie Ellis-Bextor,Heartbreak Make Me A Dancer,,,,,,,,,,,,,,,,
Simple Minds,Promised You A Miracle,,,,,,,,,,,,,,,,
Deftones,Moana,,,,,,,,,,,,,,,,
Isis,Syndic Calls,,,,,,,,,,,,,,,,
Isis,Wills Dissolve,,,,,,,,,,,,,,,,
Elliott Smith,Fear City,,,,,,,,,,,,,,,,
Feindflug,Alptraum,,,,,,,,,,,,,,,,
Trio Odemira,Essa Mulher,,,,,,,,,,,,,,,,
Isis,Firdous E Bareen,,,,,,,,,,,,,,,,
Isis,Garden Of Light,,,,,,,,,,,,,,,,
Flying Lotus,Orbit Brazil,,,,,,,,,,,,,,,,
Flyleaf,Fully Alive,,,,,,,,,,,,,,,,
Feeder,Oxygen,,,,,,,,,,,,,,,,
Feeder,Lost & Found,,,,,,,,,,,,,,,,
Sebadoh,Ocean,,,,,,,,,,,,,,,,
Dire Straits,Setting Me Up,,,,,,,,,,,,,,,,
Dire Straits,Six Blade Knife,,,,,,,,,,,,,,,,
Tom Waits,Jesus Gonna Be Here,,,,,,,,,,,,,,,,
Lotus Plaza,Hamburg,,,,,,,,,,,,,,,,
Feindflug,Ak 47,,,,,,,,,,,,,,,,
Lou Reed,Street Hassle,,,,,,,,,,,,,,,,
Sarah Brightman,Scarborough Fair,,,,,,,,,,,,,,,,
Maná,Si No Te Hubieras Ido,,,,,,,,,,,,,,,,
Lostprophets,Start Something,,,,,,,,,,,,,,,,
Blur,Essex Dogs,,,,,,,,,,,,,,,,
The Black Crowes,High Head Blues,,,,,,,,,,,,,,,,
Saosin,Some Sense Of Security,,,,,,,,,,,,,,,,
Elliott Smith,See You Later,,,,,,,,,,,,,,,,
Lostprophets,Sway,,,,,,,,,,,,,,,,
Elliott Smith,Big Decision,,,,,,,,,,,,,,,,
Alice In Chains,It Ain'T Like That,,,,,,,,,,,,,,,,
Alice In Chains,Sea Of Sorrow,,,,,,,,,,,,,,,,
Los Prisioneros,El Baile De Los Que Sobran,,,,,,,,,,,,,,,,
Thornley,Beautiful,,,,,,,,,,,,,,,,
Uh Huh Her,Explode,,,,,,,,,,,,,,,,
New Order,As It Is When It Was,,,,,,,,,,,,,,,,
Hawthorne Heights,The Transition,,,,,,,,,,,,,,,,
Portugal. The Man,Gold Fronts,,,,,,,,,,,,,,,,
Arctic Monkeys,Chun Li'S Spinning Bird Kick,,,,,,,,,,,,,,,,
Kalmah,Hades,,,,,,,,,,,,,,,,
New Order,Here To Stay,,,,,,,,,,,,,,,,
Talking Heads,Seen And Not Seen,,,,,,,,,,,,,,,,
Johnny Cash,The Kneeling Drunkard'S Plea,,,,,,,,,,,,,,,,
Tool,(-) Ions,,,,,,,,,,,,,,,,
Guided By Voices,Watch Me Jumpstart,,,,,,,,,,,,,,,,
Erykah Badu,My People,,,,,,,,,,,,,,,,
Kamelot,Descent Of The Archangel,,,,,,,,,,,,,,,,
Britney Spears,Rock Boy,,,,,,,,,,,,,,,,
My Morning Jacket,Aluminum Park,,,,,,,,,,,,,,,,
Erykah Badu,Afro (Freestyle Skit),,,,,,,,,,,,,,,,
Kaki King,Solipsist,,,,,,,,,,,,,,,,
Dave Matthews Band,Typical Situation,,,,,,,,,,,,,,,,
Erykah Badu,The Cell,,,,,,,,,,,,,,,,
Tool,4°,,,,,,,,,,,,,,,,
Dave Matthews Band,You Never Know,,,,,,,,,,,,,,,,
Dave Matthews Band,The Stone,,,,,,,,,,,,,,,,
The Goo Goo Dolls,Can'T Let It Go,,,,,,,,,,,,,,,,
Catherine O'Hara,Sally'S Song,,,,,,,,,,,,,,,,
The Black Eyed Peas,The Boogie That Be,,,,,,,,,,,,,,,,
Alcazar,Crying At The Discoteque,,,,,,,,,,,,,,,,
The Black Eyed Peas,My Style (Feat. Justin Timberlake),,,,,,,,,,,,,,,,
Foo Fighters,Times Like These (Acoustic),,,,,,,,,,,,,,,,
The Black Eyed Peas,Smells Like Funk,,,,,,,,,,,,,,,,
Sublime,What I Got (Reprise),,,,,,,,,,,,,,,,
Maria Taylor,Birmingham 1982,,,,,,,,,,,,,,,,
Avenged Sevenfold,The Wicked End,,,,,,,,,,,,,,,,
Health,Crimewave (Crystal Castles Vs. Health),,,,,,,,,,,,,,,,
Discharge,Never Again,,,,,,,,,,,,,,,,
Subway,Persuasion,,,,,,,,,,,,,,,,
Kaki King,Saving Days In A Frozen Head,,,,,,,,,,,,,,,,
Sonata Arctica,...Of Silence,,,,,,,,,,,,,,,,
Talking Heads,Life During Wartime (Live),,,,,,,,,,,,,,,,
Kaki King,Montreal,,,,,,,,,,,,,,,,
The Presets,Girl (You Chew My Mind Up),,,,,,,,,,,,,,,,
Weezer,Love Explosion,,,,,,,,,,,,,,,,
Kaki King,Open Mouth,,,,,,,,,,,,,,,,
Head Automatica,Graduation Day,,,,,,,,,,,,,,,,
Head Automatica,Dance Party Plus,,,,,,,,,,,,,,,,
Clor,Magic Touch,,,,,,,,,,,,,,,,
Guided By Voices,Chasing Heather Crazy,,,,,,,,,,,,,,,,
Talking Heads,Girlfriend Is Better,,,,,,,,,,,,,,,,
New Order,Run,,,,,,,,,,,,,,,,
Bullet For My Valentine,Waking The Demon,,,,,,,,,,,,,,,,
Johnny Cash,Long Black Veil,,,,,,,,,,,,,,,,
Delays,Hideaway,,,,,,,,,,,,,,,,
New Order,Sub-Culture,,,,,,,,,,,,,,,,
Guided By Voices,Beat Your Wings,0.8,0.6,0.0,0.4,1.0,0.8,0.0,0.0,0.0,0.0,0.0,0.0,0.0,0.0,0.8,0.0
Zongamin,Spiral,,,,,,,,,,,,,,,,
Colbie Caillat,Feelings Show,,,,,,,,,,,,,,,,
Secret Machines,I Hate Pretending,,,,,,,,,,,,,,,,
Queensrÿche,Eyes Of A Stranger,,,,,,,,,,,,,,,,
Supergrass,Lenny,,,,,,,,,,,,,,,,
Secret Machines,Daddy'S In The Doldrums,0.8,0.8,0.0,0.4,1.0,0.8,0.0,0.0,0.0,0.0,0.0,0.0,0.6,0.4,0.8,0.0
Marillion,Assassing,,,,,,,,,,,,,,,,
Mariah Carey,Migrate (Feat. T-Pain),,,,,,,,,,,,,,,,
Tom Baxter,Miracle,,,,,,,,,,,,,,,,
Paul Van Dyk,Seven Ways,,,,,,,,,,,,,,,,
Los Hermanos,Aline,,,,,,,,,,,,,,,,
Iliketrains,Come Over,,,,,,,,,,,,,,,,
Santana,Corazon Espinado (Feat. Maná),,,,,,,,,,,,,,,,
Los Bunkers,Las Cosas Que Cambie Y Deje Por Ti,,,,,,,,,,,,,,,,
Los Del Río,Macarena,,,,,,,,,,,,,,,,
Iliketrains,Remnants Of An Army,,,,,,,,,,,,,,,,
Paul Mccartney,Coming Up,,,,,,,,,,,,,,,,
Mariah Carey,Side Effects (Feat. Young Jeezy),,,,,,,,,,,,,,,,
Guano Apes,Living In A Lie,,,,,,,,,,,,,,,,
Zoot Woman,Grey Day,,,,,,,,,,,,,,,,
Duran Duran,Falling Down,,,,,,,,,,,,,,,,
Kanye West,Wake Up Mr. West,,,,,,,,,,,,,,,,
New Order,Weirdo,,,,,,,,,,,,,,,,
The Dears,Bandwagoneers,,,,,,,,,,,,,,,,
The Presidents Of The United States Of America,We Are Not Going To Make It,,,,,,,,,,,,,,,,
Muse,Jimmy Kane,,,,,,,,,,,,,,,,
Chicago,Street Player,,,,,,,,,,,,,,,,
Chetes,Poco A Poco,,,,,,,,,,,,,,,,
Slayer,Hallowed Point,,,,,,,,,,,,,,,,
Marilyn Manson,Born Again,,,,,,,,,,,,,,,,
The Strike Boys,Cocaine Is A Sin,,,,,,,,,,,,,,,,
Blaqk Audio,Between Breaths (An Xx Perspective),,,,,,,,,,,,,,,,
De La Soul,Take It Off,,,,,,,,,,,,,,,,
Vasco Rossi,Albachiara,,,,,,,,,,,,,,,,
Fort Minor,Believe Me,,,,,,,,,,,,,,,,
Tom Baxter,Skybound,,,,,,,,,,,,,,,,
Basement Jaxx,Smoke Bubbles,,,,,,,,,,,,,,,,
Supergrass,I'D Like To Know,,,,,,,,,,,,,,,,
Loreena Mckennitt,The English Ladye And The Knight,,,,,,,,,,,,,,,,
Arcturus,The Chaos Path,,,,,,,,,,,,,,,,
Marjorie Fair,Empty Room,,,,,,,,,,,,,,,,
Longview,Falling Without You,,,,,,,,,,,,,,,,
You Say Party! We Say Die!,Cold Hands! Hot Bodies!,,,,,,,,,,,,,,,,
Heaven Shall Burn,The Weapon They Fear,,,,,,,,,,,,,,,,
Amel Larrieux,For Real,,,,,,,,,,,,,,,,
Burial,Uk,,,,,,,,,,,,,,,,
Billie Holiday,Stormy Weather,,,,,,,,,,,,,,,,
Yonderboi,Sinking Slowly,,,,,,,,,,,,,,,,
Clint Mansell,Summer: Crimin' & Dealin',,,,,,,,,,,,,,,,
Sparta,Echodyne Harmonic,0.8,0.8,0.0,0.4,1.0,0.8,0.0,0.0,0.0,0.0,0.0,0.0,0.4,0.2,0.8,0.0
Spank Rock,Rick Rubin,,,,,,,,,,,,,,,,
Before The Dawn,Reign Of Fire,,,,,,,,,,,,,,,,
Kate Bush,And So Is Love,,,,,,,,,,,,,,,,
Coldcut,Everything Is Under Control,,,,,,,,,,,,,,,,
Dubtribe Sound System,This Is The Time,,,,,,,,,,,,,,,,
Spank Rock,Chilly Will,,,,,,,,,,,,,,,,
Coldcut,Sound Mirrors,,,,,,,,,,,,,,,,
Sparklehorse,More Yellow Birds,,,,,,,,,,,,,,,,
Groove Armada,Soundboy Rock,,,,,,,,,,,,,,,,
Katatonia,Gone,,,,,,,,,,,,,,,,
Sublime,5446 That'S My Number/Ball And Chain,,,,,,,,,,,,,,,,
Dissection,God Of Forbidden Light,,,,,,,,,,,,,,,,
Sublime,Chica Me Tipo,,,,,,,,,,,,,,,,
Dissection,Chaosophia,,,,,,,,,,,,,,,,
Supersuckers,Blow You Away,,,,,,,,,,,,,,,,
Augustana,Empty Days,,,,,,,,,,,,,,,,
Franco Battiato,Shock In My Town,,,,,,,,,,,,,,,,
Dead Kennedys,Terminal Preppie,,,,,,,,,,,,,,,,
Art Of Noise,Moments In Love (7 Master Rejected),,,,,,,,,,,,,,,,
Sloan,Before The End Of The Race,,,,,,,,,,,,,,,,
London After Midnight,Shatter (All My Dead Friends),,,,,,,,,,,,,,,,
Lollobrigida,Katarina Velika,,,,,,,,,,,,,,,,
Wu-Tang Clan,Campfire,,,,,,,,,,,,,,,,
Boa,I Did It For Love,,,,,,,,,,,,,,,,
Ellen Allien,The Brain Is Lost,,,,,,,,,,,,,,,,
Katatonia,Dissolving Bonds,0.8,0.6,0.2,0.2,1.0,0.8,0.0,0.4,0.0,0.0,0.0,0.0,0.6,0.4,0.8,0.0
Ellen Allien,She Is With Me,,,,,,,,,,,,,,,,
Paul Mccartney,Vintage Clothes,,,,,,,,,,,,,,,,
Ozzy Osbourne,Hellraiser,,,,,,,,,,,,,,,,
Tim Buckley,Phantasmagoria In Two,,,,,,,,,,,,,,,,
Muse,Assasain,,,,,,,,,,,,,,,,
Murcof,Reflejo,,,,,,,,,,,,,,,,
Esg,Dance,,,,,,,,,,,,,,,,
The Prodigy,One Love (Edit),,,,,,,,,,,,,,,,
Mudvayne,Determined,,,,,,,,,,,,,,,,
Kate Bush,Eat The Music,,,,,,,,,,,,,,,,
Kate Bush,L'Amour Looks Something Like You,,,,,,,,,,,,,,,,
Dave Matthews,An' Another Thing,,,,,,,,,,,,,,,,
[Disney],What I'Ve Been Looking For,,,,,,,,,,,,,,,,
Kate Havnevik,Nowhere Warm,,,,,,,,,,,,,,,,
Simple Plan,Your Love Is A Lie,,,,,,,,,,,,,,,,
The Dresden Dolls,The Time Has Come,,,,,,,,,,,,,,,,
Mark Ronson,Just (Feat. Phantom Planet),,,,,,,,,,,,,,,,
Clinic,Earth Angel,,,,,,,,,,,,,,,,
Disturbed,Enough,,,,,,,,,,,,,,,,
Tom Waits,Ol' '55,,,,,,,,,,,,,,,,
Aphex Twin,Radiator,,,,,,,,,,,,,,,,
Martijn Ten Velden,I Wish U Would,,,,,,,,,,,,,,,,
Danger Mouse,Change Clothes,,,,,,,,,,,,,,,,
Uverworld,Colors Of The Heart,,,,,,,,,,,,,,,,
Seeed,Double Soul,,,,,,,,,,,,,,,,
Marvin Gaye & Tammi Terrell,Ain'T No Mountain High Enough,,,,,,,,,,,,,,,,
Fragma,Toca'S Miracle (Radio Edit),,,,,,,,,,,,,,,,
Vasco Rossi,Siamo Solo Noi,,,,,,,,,,,,,,,,
Four Tet,Turtle Turtle Up,,,,,,,,,,,,,,,,
Nick Drake,Rider On The Wheel,,,,,,,,,,,,,,,,
The Mountain Goats,So Desperate,,,,,,,,,,,,,,,,
The Music,The Left Side,,,,,,,,,,,,,,,,
Yo La Tengo,Winter A-Go-Go,,,,,,,,,,,,,,,,
The Music,Too High,,,,,,,,,,,,,,,,
Grizzly Bear,Granny Dinner,,,,,,,,,,,,,,,,
Grizzly Bear,Little Brother (Electric Version),,,,,,,,,,,,,,,,
Mr. Bungle,Pink Cigarette,,,,,,,,,,,,,,,,
The Music,Guide,,,,,,,,,,,,,,,,
Keane,She Opens Her Eyes,,,,,,,,,,,,,,,,
Mstrkrft,Got Love To Kill (Juliette And The Licks Remix),,,,,,,,,,,,,,,,
Poison,Squeeze Box,,,,,,,,,,,,,,,,
Bee Gees,Staying Alive,,,,,,,,,,,,,,,,
Muchy,21 Dni,,,,,,,,,,,,,,,,
The Daylights,If Words Were Bullets,,,,,,,,,,,,,,,,
Clickclickdecker,Niemand Tanzt So Kacke Wie Ich,,,,,,,,,,,,,,,,
Yo La Tengo,The Whole Of The Law,,,,,,,,,,,,,,,,
Coldplay,Things I Don'T Understand,,,,,,,,,,,,,,,,
Coldplay,No More Keeping My Feet On The Ground,,,,,,,,,,,,,,,,
Anathema,A Dying Wish,,,,,,,,,,,,,,,,
Catamenia,Strength And Honor,,,,,,,,,,,,,,,,
Mary J. Blige,One,,,,,,,,,,,,,,,,
Alicia Keys,Sure Looks Good To Me,,,,,,,,,,,,,,,,
Sloan,False Alarm,,,,,,,,,,,,,,,,
Outkast,Intro,,,,,,,,,,,,,,,,
J.J. Cale,Cocaine,,,,,,,,,,,,,,,,
J Dilla,The Diff'Rence,,,,,,,,,,,,,,,,
Sage Francis,Agony In Her Body,,,,,,,,,,,,,,,,
Céline Dion,Taking Chances,,,,,,,,,,,,,,,,
The Blood Brothers,Live At The Apocalypse Cabaret,,,,,,,,,,,,,,,,
Mary J. Blige,Just Fine (Moto Blanco Radio Edit),0.6,0.4,1.0,0.6,0.0,0.0,0.0,0.0,0.0,0.0,0.0,0.0,0.8,0.6,0.6,0.0
The Stone Roses,Standing Here,,,,,,,,,,,,,,,,
The Blood Brothers,Rats And Rats And Rats For Candy,,,,,,,,,,,,,,,,
Dissection,Where Dead Angels Lie,,,,,,,,,,,,,,,,
Saint Etienne,Nothing Can Stop Us,,,,,,,,,,,,,,,,
The Mountain Goats,New Zion,,,,,,,,,,,,,,,,
Supersuckers,The Captain,,,,,,,,,,,,,,,,
The Duke Spirit,A House Is Not A Motel,,,,,,,,,,,,,,,,
Dropkick Murphys,Walk Away,,,,,,,,,,,,,,,,
Against Me!,T.S.R. (This Shit Rules),,,,,,,,,,,,,,,,
Special Needs,A Time To Remember,,,,,,,,,,,,,,,,
John Mayer,Quiet,,,,,,,,,,,,,,,,
Demi Lovato,Gonna Get Caught,,,,,,,,,,,,,,,,
The Mountain Goats,Moon Over Goldsboro,,,,,,,,,,,,,,,,
Rachel Stevens,Crazy Boys,,,,,,,,,,,,,,,,
Kelly Clarkson,Maybe,,,,,,,,,,,,,,,,
Gregory And The Hawk,Isabelle,,,,,,,,,,,,,,,,
Gregory And The Hawk,A Wish,,,,,,,,,,,,,,,,
Demi Lovato,The Middle,,,,,,,,,,,,,,,,
Mr. Bungle,Goodbye Sober Day,,,,,,,,,,,,,,,,
Ac/Dc,The Honey Roll,,,,,,,,,,,,,,,,
The Beatles,Ain'T She Sweet,,,,,,,,,,,,,,,,
Wagon Christ,Bend Over,,,,,,,,,,,,,,,,
Seeed,Goosebumps,,,,,,,,,,,,,,,,
Aphex Twin,[Grass],,,,,,,,,,,,,,,,
Boards Of Canada,Dayvan Cowboy (Odd Nosdam Remix),,,,,,,,,,,,,,,,
3 Doors Down,Never Will I Break,,,,,,,,,,,,,,,,
The Veronicas,Hook Me Up,,,,,,,,,,,,,,,,
Jack Off Jill,Cinnamon Spider,,,,,,,,,,,,,,,,
Matchbox Twenty,Unwell (Live Acoustic),,,,,,,,,,,,,,,,
Matchbox Twenty,3 A.M.,,,,,,,,,,,,,,,,
Matchbook Romance,Promise,,,,,,,,,,,,,,,,
Wu-Tang Clan,Take It Back,,,,,,,,,,,,,,,,
Matchbox Twenty,Busted,,,,,,,,,,,,,,,,
Armin Van Buuren,Face To Face,,,,,,,,,,,,,,,,
Slayer,God Send Death,,,,,,,,,,,,,,,,
Paul Van Dyk,Another Way,,,,,,,,,,,,,,,,
The Mountain Goats,Going To Georgia,,,,,,,,,,,,,,,,
Jack Johnson,Broken,,,,,,,,,,,,,,,,
Television Personalities,Part Time Punks,,,,,,,,,,,,,,,,
Jack Peñate,Learning Lines,,,,,,,,,,,,,,,,
John Maus,Love Letters From Hell,,,,,,,,,,,,,,,,
Ben Folds,Bitches Ain'T Shit (Dr. Dre),,,,,,,,,,,,,,,,
Helloween,Keeper Of The Seven Keys,,,,,,,,,,,,,,,,
Hellogoodbye,Dear Jamie... Sincerely Me,0.6,0.2,0.8,0.4,0.2,0.0,0.2,0.0,0.0,0.0,0.0,0.0,0.8,0.6,0.6,0.0
Hellogoodbye,Touchdown Turnaround (Demo),,,,,,,,,,,,,,,,
Helloween,If I Could Fly,,,,,,,,,,,,,,,,
The Prodigy,Speedway (Theme From Fastlane),,,,,,,,,,,,,,,,
The Most Serene Republic,(Oh) God,,,,,,,,,,,,,,,,
Nickelback,Follow You Home,,,,,,,,,,,,,,,,
Estelle,So Much Out The Way,,,,,,,,,,,,,,,,
Estelle,American Boy (Ts7 Remix),,,,,,,,,,,,,,,,
Ac/Dc,Love Hungry Man,,,,,,,,,,,,,,,,
The Alan Parsons Project,A Dream Within A Dream (Instrumental),,,,,,,,,,,,,,,,
Shriekback,Nemesis,,,,,,,,,,,,,,,,
The Airborne Toxic Event,Missy,,,,,,,,,,,,,,,,
Mastodon,Workhorse,,,,,,,,,,,,,,,,
Embrace,All You Good Good People,,,,,,,,,,,,,,,,
The Books,S Is For Evrysing,,,,,,,,,,,,,,,,
Chicane,Saltwater,,,,,,,,,,,,,,,,
有坂美香,Life Goes On Tv-Size Type3,,,,,,,,,,,,,,,,
Mates Of State,Fraud In The '80S,,,,,,,,,,,,,,,,
Audioslave,Number 1 Zero,,,,,,,,,,,,,,,,
Frank Sinatra,They Can'T Take That Away From Me,,,,,,,,,,,,,,,,
Cynic,The Eagle Nature,,,,,,,,,,,,,,,,
Ac/Dc,Boogie Man,,,,,,,,,,,,,,,,
Bright Eyes,God Rest Ye Merry Gentlemen,0.6,0.4,0.0,0.4,0.4,0.4,0.8,0.6,0.0,0.4,0.0,0.0,0.2,0.2,0.4,0.0
And One,Stand The Pain,,,,,,,,,,,,,,,,
Motörhead,Killed By Death,,,,,,,,,,,,,,,,
And One,My Story,,,,,,,,,,,,,,,,
Värttinä,Morsian,,,,,,,,,,,,,,,,
Motörhead,Fast And Loose,,,,,,,,,,,,,,,,
Bedouin Soundclash,12:59 Lullaby,,,,,,,,,,,,,,,,
Ensiferum,Old Man (Väinämöinen),,,,,,,,,,,,,,,,
Colleen,I'Ll Read You A Story,,,,,,,,,,,,,,,,
And One,Enjoy The Unknown,,,,,,,,,,,,,,,,
Plants And Animals,Good Friend,,,,,,,,,,,,,,,,
Badly Drawn Boy,S.P.A.T.,,,,,,,,,,,,,,,,
Plastilina Mosh,Millionaire,,,,,,,,,,,,,,,,
David Bowie,The Bewlay Brothers,,,,,,,,,,,,,,,,
John Maus,Navy Seals,,,,,,,,,,,,,,,,
U2,Ultra Violet (Light My Way),,,,,,,,,,,,,,,,
John Maus,Do Your Best,,,,,,,,,,,,,,,,
Deep Purple,Flight Of The Rat,,,,,,,,,,,,,,,,
Jacques Brel,Amsterdam,,,,,,,,,,,,,,,,
Os Mutantes,Senhor F,,,,,,,,,,,,,,,,
Frankmusik,Better Off As Two,,,,,,,,,,,,,,,,
Frank Zappa,Bobby Brown Goes Down,,,,,,,,,,,,,,,,
Ryan Adams,This House Is Not For Sale,,,,,,,,,,,,,,,,
Oscar Peterson,Summertime,,,,,,,,,,,,,,,,
Velvet,Fix Me (Radio Edit),,,,,,,,,,,,,,,,
Matt & Kim,Daylight,,,,,,,,,,,,,,,,
The Stills,Destroyer,,,,,,,,,,,,,,,,
The Stills,Ready For It,,,,,,,,,,,,,,,,
Matt Monro,From Russia With Love,,,,,,,,,,,,,,,,
The Bouncing Souls,Midnight Mile,,,,,,,,,,,,,,,,
Dead Meadow,Get Up On Down,,,,,,,,,,,,,,,,
John Legend,Green Light (Feat. Andre 3000),,,,,,,,,,,,,,,,
Division #9,Winter '04,,,,,,,,,,,,,,,,
Limp Bizkit,Getcha Groove On,,,,,,,,,,,,,,,,
Slayer,Fight Till Death,,,,,,,,,,,,,,,,
Someone Still Loves You Boris Yeltsin,Gwyneth,,,,,,,,,,,,,,,,
Deep Dish,Dreams (Feat. Stevie Nicks),,,,,,,,,,,,,,,,
Talulah Gosh,Beatnik Boy,,,,,,,,,,,,,,,,
Unkle,Broken (Feat. Gavin Clark),,,,,,,,,,,,,,,,
Bright Eyes,Contrast And Compare,,,,,,,,,,,,,,,,
Shpongle,Vapour Rumours,,,,,,,,,,,,,,,,
Eternal Tears Of Sorrow,Heart Of Wilderness,,,,,,,,,,,,,,,,
Motörhead,Born To Raise Hell,,,,,,,,,,,,,,,,
Nico,Chelsea Girls,,,,,,,,,,,,,,,,
Shpongle,Circuits Of The Imagination,,,,,,,,,,,,,,,,
Kent,Klåparen,,,,,,,,,,,,,,,,
Kent,Om Du Var Här,,,,,,,,,,,,,,,,
Esthero,Fastlane (Feat. Jemeni And Jelleestone),,,,,,,,,,,,,,,,
Straylight Run,Hands In The Sky (Big Shot),,,,,,,,,,,,,,,,
Audion,Just Fucking (Roman Flügel'S 23 Positions In A One-Night Stand Remix),,,,,,,,,,,,,,,,
Senses Fail,Lady In A Blue Dress,,,,,,,,,,,,,,,,
Aphrodelics,Rollin' On Chrome (Wild Motherfucker Dub),,,,,,,,,,,,,,,,
Ryan Adams,Please Do Not Let Me Go,,,,,,,,,,,,,,,,
Freak Kitchen,See You In Pittsburgh,,,,,,,,,,,,,,,,
The Stills,Being Here,,,,,,,,,,,,,,,,
Lily Allen,Oh My God (Kaiser Chiefs Cover),,,,,,,,,,,,,,,,
Senses Fail,Bite To Break Skin,,,,,,,,,,,,,,,,
Semifinalists,You Said,,,,,,,,,,,,,,,,
Semiramis Pekkan,Bana Yalan Söylediler,,,,,,,,,,,,,,,,
Daniel Johnston,Impossible Love,,,,,,,,,,,,,,,,
Idlewild,Idea Track,,,,,,,,,,,,,,,,
Matt Pond Pa,Emblems,,,,,,,,,,,,,,,,
Chikinki,Like It Or Leave It,,,,,,,,,,,,,,,,
The Gathering,The Quiet One,,,,,,,,,,,,,,,,
Kent,Velvet,,,,,,,,,,,,,,,,
Idlewild,I Don'T Have The Map,,,,,,,,,,,,,,,,
Radiohead,Life In A Glasshouse,,,,,,,,,,,,,,,,
The White Stripes,Your Southern Can Is Mine,,,,,,,,,,,,,,,,
The Projects,Entertainment,,,,,,,,,,,,,,,,
Kent,Celsius,,,,,,,,,,,,,,,,
Gravediggaz,1-800 Suicide,,,,,,,,,,,,,,,,
Radiohead,Sail To The Moon.,,,,,,,,,,,,,,,,
Graveworm,Hateful Design,,,,,,,,,,,,,,,,
Bright Eyes,Devil Town,,,,,,,,,,,,,,,,
John Frusciante,This Cold,,,,,,,,,,,,,,,,
John Lennon,Crippled Inside,,,,,,,,,,,,,,,,
Bôa,Duvet (Tv Sized),,,,,,,,,,,,,,,,
Grapefruit,Another Game,,,,,,,,,,,,,,,,
Ben Folds Five,Alice Childress,,,,,,,,,,,,,,,,
Tiamat,Ten Thousand Tentacles,,,,,,,,,,,,,,,,
The Early November,Sunday Drive,,,,,,,,,,,,,,,,
Pavement,Extradition,,,,,,,,,,,,,,,,
Orchestral Manoeuvres In The Dark,Firegun,,,,,,,,,,,,,,,,
Max Richter,Shadow Journal,,,,,,,,,,,,,,,,
Pavement,Fillmore Jive,,,,,,,,,,,,,,,,
Pavement,Flux = Rad,,,,,,,,,,,,,,,,
Jaga Jazzist,Oslo Skyline,,,,,,,,,,,,,,,,
Orchestral Manoeuvres In The Dark,Statues,,,,,,,,,,,,,,,,
Bob Dylan,One Too Many Mornings,,,,,,,,,,,,,,,,
Matt Pond Pa,The Moviegoer,,,,,,,,,,,,,,,,
Ryan Adams,English Girls Approximately,,,,,,,,,,,,,,,,
Ryan Adams,Gonna Make You Love Me,,,,,,,,,,,,,,,,
Motion City Soundtrack,Last Night,,,,,,,,,,,,,,,,
Freak Kitchen,Infidelity Ghost,,,,,,,,,,,,,,,,
Matt Pond Pa,Several Arrows Later,,,,,,,,,,,,,,,,
Maurice Williams And The Zodiacs,Stay,,,,,,,,,,,,,,,,
Blackmore'S Night,Loreley,,,,,,,,,,,,,,,,
Max Richter,Flowers For Yulia,,,,,,,,,,,,,,,,
The Modern Lovers,Pablo Picasso,,,,,,,,,,,,,,,,
John Frusciante,Leap Your Bar,,,,,,,,,,,,,,,,
John Frusciante,Someone'S,,,,,,,,,,,,,,,,
The Protomen,Unrest In The House Of Light,,,,,,,,,,,,,,,,
Andrea Bocelli,Time To Say Goodbye,,,,,,,,,,,,,,,,
The Migrants By Play Paul,I Thought That (Dj Prom Mix),,,,,,,,,,,,,,,,
Grandaddy,Pull The Curtains,,,,,,,,,,,,,,,,
Yo La Tengo,From Black To Blue,,,,,,,,,,,,,,,,
Absurd Minds,Captivated,,,,,,,,,,,,,,,,
Motion City Soundtrack,Together We'Ll Ring In The New Year,,,,,,,,,,,,,,,,
Absurd Minds,The Question,,,,,,,,,,,,,,,,
The Cure,The Dream,,,,,,,,,,,,,,,,
Dixie Chicks,Favorite Year,0.6,0.2,0.0,0.2,0.4,0.0,1.0,0.0,0.0,0.4,0.0,0.0,0.0,0.0,0.8,0.0
Plaid,Ralome,,,,,,,,,,,,,,,,
Suzi Quatro,Devil Gate Drive,,,,,,,,,,,,,,,,
Plaid,Eyen,,,,,,,,,,,,,,,,
Hevein,Only Human,,,,,,,,,,,,,,,,
Placebo,Passive Agressive,,,,,,,,,,,,,,,,
John Frusciante,Inside A Break,,,,,,,,,,,,,,,,
Hevein,Hold Fast,,,,,,,,,,,,,,,,
Devo,Praying Hands,,,,,,,,,,,,,,,,
Dixie Chicks,Lullaby,,,,,,,,,,,,,,,,
Story Of The Year,Page Avenue,,,,,,,,,,,,,,,,
Lifehouse,Undone,0.8,0.4,0.0,0.2,0.6,0.2,0.8,0.0,0.0,0.4,0.0,0.0,0.0,0.0,0.8,0.0
Maxïmo Park,Sandblasted And Set Free,,,,,,,,,,,,,,,,
Rush,Best I Can,,,,,,,,,,,,,,,,
Rush,Different Strings,,,,,,,,,,,,,,,,
Rush,By-Tor And The Snow Dog,,,,,,,,,,,,,,,,
The Breeders,Huffer,,,,,,,,,,,,,,,,
Mazarin,For Energy Infinite,,,,,,,,,,,,,,,,
Rush,Lakeside Park,,,,,,,,,,,,,,,,
Children Of Bodom,Cryvahoc: Repent,,,,,,,,,,,,,,,,
The Gathering,Monsters,,,,,,,,,,,,,,,,
Elitsa Todorova And Stoyan Yankoukov,Water (Bulgaria),,,,,,,,,,,,,,,,
U2,Spanish Eyes,,,,,,,,,,,,,,,,
Alanis Morissette,King Of Pain,,,,,,,,,,,,,,,,
Alanis Morissette,Knees Of My Bees,,,,,,,,,,,,,,,,
Maxïmo Park,Fear Of Falling,,,,,,,,,,,,,,,,
Ashley Tisdale,Don'T Touch,,,,,,,,,,,,,,,,
The Microphones,The Mansion,,,,,,,,,,,,,,,,
Caia,Le Telecabine,,,,,,,,,,,,,,,,
The Mighty Boosh,Love Games,,,,,,,,,,,,,,,,
Graham Coxon,Girl Done Gone,,,,,,,,,,,,,,,,
Graham Coxon,No Good Time,,,,,,,,,,,,,,,,
Dendemann,Endlich Nichtschwimmer,,,,,,,,,,,,,,,,
Soilwork,Neon Rebels,,,,,,,,,,,,,,,,
The Cure,Tainted Love,,,,,,,,,,,,,,,,
Beck,Steal My Body Home,,,,,,,,,,,,,,,,
Kettcar,Einer,,,,,,,,,,,,,,,,
Touch And Go,Straight To... Number One,,,,,,,,,,,,,,,,
The Cure,The 13Th,,,,,,,,,,,,,,,,
John Dahlbäck,Pyramid (Dirty South Remix),0.4,0.6,1.0,0.4,0.0,0.0,0.0,0.0,0.0,0.0,0.0,0.0,1.0,0.8,0.0,0.0
Decoration,Job In London,,,,,,,,,,,,,,,,
Andrew Bird,Skin,,,,,,,,,,,,,,,,
James,Out To Get You,,,,,,,,,,,,,,,,
The Gathering,Fear The Sea,,,,,,,,,,,,,,,,
Bent,Stay Out All Night,,,,,,,,,,,,,,,,
The Spill Canvas,All Hail The Heartbreaker,,,,,,,,,,,,,,,,
Slade,Get Down And Get With It,,,,,,,,,,,,,,,,
Alanis Morissette,Doth I Protest Too Much,,,,,,,,,,,,,,,,
Pearl Jam,Grievance,,,,,,,,,,,,,,,,
The Spill Canvas,Your Evil Soul,,,,,,,,,,,,,,,,
Slowdive,Crazy For You,,,,,,,,,,,,,,,,
The Specials,(Dawning Of A) New Era,,,,,,,,,,,,,,,,
Lifehouse,All In All,,,,,,,,,,,,,,,,
Blackfield,The Hole In Me,,,,,,,,,,,,,,,,
The Brian Jonestown Massacre,A New Low In Getting High,,,,,,,,,,,,,,,,
Dashboard Confessional,Turpentine Chaser,,,,,,,,,,,,,,,,
Yo La Tengo,Beach Party Tonight,,,,,,,,,,,,,,,,
Siria,I Will Believe It (Cascada Radio Edit),,,,,,,,,,,,,,,,
Eels,Friendly Ghost,,,,,,,,,,,,,,,,
Hevein,Worth Fighting For,,,,,,,,,,,,,,,,
Soil,Pride,,,,,,,,,,,,,,,,
The Album Leaf,Red-Eye,0.4,0.2,0.8,0.6,0.4,0.2,0.0,0.0,0.0,0.0,0.0,0.0,0.8,0.4,0.6,0.0
Eurythmics,It'S Alright (Baby'S Coming Back),,,,,,,,,,,,,,,,
Eternal Tears Of Sorrow,Prophetian,,,,,,,,,,,,,,,,
Ian Brown,Time Is My Everything,0.6,0.4,0.4,0.4,0.8,0.2,0.6,0.0,0.0,0.0,0.4,0.0,0.6,0.6,0.8,0.0
Vnv Nation,Solitary,,,,,,,,,,,,,,,,
Gotan Project,La Del Ruso,,,,,,,,,,,,,,,,
Mos Def,I Against I,,,,,,,,,,,,,,,,
Ramones,Durango 95,,,,,,,,,,,,,,,,
The Psychedelic Furs,Sister Europe,,,,,,,,,,,,,,,,
Arab Strap,The Shy Retirer,,,,,,,,,,,,,,,,
Opeth,The Lotus Eater,,,,,,,,,,,,,,,,
Emilie Autumn,Bohemian Rhapsody,,,,,,,,,,,,,,,,
Slade,Far Far Away,,,,,,,,,,,,,,,,
Rui Da Silva,Touch Me,,,,,,,,,,,,,,,,
Travis,Mid-Life Krysis,,,,,,,,,,,,,,,,
増田俊郎,Bad Situation,,,,,,,,,,,,,,,,
Mclusky,Without Msg I Am Nothing,,,,,,,,,,,,,,,,
Meat Loaf,Wasted Youth,,,,,,,,,,,,,,,,
James,Five-O,,,,,,,,,,,,,,,,
The Brian Jonestown Massacre,Fucker,,,,,,,,,,,,,,,,
Peaches,Lovertits,,,,,,,,,,,,,,,,
The Gathering,In Motion #1,,,,,,,,,,,,,,,,
X-Press,Lazy,,,,,,,,,,,,,,,,
James Morrison,This Boy,,,,,,,,,,,,,,,,
The Pussycat Dolls,Bite The Dust,,,,,,,,,,,,,,,,
Casiotone For The Painfully Alone,Hey Eleanor,,,,,,,,,,,,,,,,
Azure Ray,The Devil'S Feet,,,,,,,,,,,,,,,,
Timbuktu & Chords & Supreme,Det Löser Sej,,,,,,,,,,,,,,,,
Ramones,Wart Hog,,,,,,,,,,,,,,,,
Morrissey,Sister I'M A Poet,,,,,,,,,,,,,,,,
Combichrist,In The Pit,,,,,,,,,,,,,,,,
Combichrist,New Form Of Silence,,,,,,,,,,,,,,,,
Combichrist,Brain Bypass,,,,,,,,,,,,,,,,
Mors Principium Est,Inhumanity,,,,,,,,,,,,,,,,
City And Colour,... Off By Heart,,,,,,,,,,,,,,,,
John Coltrane,Cousin Mary,,,,,,,,,,,,,,,,
Hey,Sans Toi,,,,,,,,,,,,,,,,
The Cure,Open,,,,,,,,,,,,,,,,
Deathstars,Semi-Automatic,,,,,,,,,,,,,,,,
Yo La Tengo,A Worrying Thing,,,,,,,,,,,,,,,,
Anna Ternheim,Little Lies,,,,,,,,,,,,,,,,
Frida Sandén,Nu Eller Aldrig (Live Junior Eurovision Song Contest 2007 Final),,,,,,,,,,,,,,,,
The View,Comin' Down,,,,,,,,,,,,,,,,
Fresh,The Immortal,,,,,,,,,,,,,,,,
Frida Hyvönen,I Drive My Friend,,,,,,,,,,,,,,,,
Mediæval Bæbes,Isabella,,,,,,,,,,,,,,,,
Opeth,By The Pain I See In Others,,,,,,,,,,,,,,,,
Trivium,The End Of Everything,,,,,,,,,,,,,,,,
Operation Ivy,Sound System,,,,,,,,,,,,,,,,
Freestylers,Push Up,,,,,,,,,,,,,,,,
Cascada,Perfect Day (Digital Dog Remix),,,,,,,,,,,,,,,,
Opeth,Requiem,,,,,,,,,,,,,,,,
Opeth,Patterns In The Ivy Ii,,,,,,,,,,,,,,,,
The Killers,Mr. Brightside (Jacques Lu Cont'S Thin White Duke Remix),,,,,,,,,,,,,,,,
Jamie Cullum,I Could Have Danced All Night,,,,,,,,,,,,,,,,
Jamie Lidell,Out Of My System,,,,,,,,,,,,,,,,
Eva Cassidy,Wayfaring Stranger,,,,,,,,,,,,,,,,
Morrissey,Break Up The Family,,,,,,,,,,,,,,,,
Shirley Bassey,Big Spender,,,,,,,,,,,,,,,,
Arab Strap,Confessions Of A Big Brother,,,,,,,,,,,,,,,,
Nightwish,The Islander (Instrumental),,,,,,,,,,,,,,,,
Émilie Simon,Rose Hybride De Thé,,,,,,,,,,,,,,,,
Nightwish,The Kinslayer (Live),,,,,,,,,,,,,,,,
Ramones,She'S The One,,,,,,,,,,,,,,,,
Shitdisco,3D Sex Show,,,,,,,,,,,,,,,,
Khoiba,Pathetic,,,,,,,,,,,,,,,,
Khoiba,Pure Hands,,,,,,,,,,,,,,,,
Björk,I Go Humble,,,,,,,,,,,,,,,,
Émilie Simon,Il Pleut,,,,,,,,,,,,,,,,
Brian Eno,Little Fishes,,,,,,,,,,,,,,,,
Chiodos,The Words 'Best Friend' Become Redefined,,,,,,,,,,,,,,,,
Bent,As Seen From Space,,,,,,,,,,,,,,,,
The Game,Put You On The Game,,,,,,,,,,,,,,,,
Small Faces,The Journey,,,,,,,,,,,,,,,,
Small Faces,Sha La La La Lee,,,,,,,,,,,,,,,,
Small Faces,What'Cha Gonna Do About It,,,,,,,,,,,,,,,,
The Sonics,Psycho,,,,,,,,,,,,,,,,
Chiodos,All Nereids Beware,,,,,,,,,,,,,,,,
Leonel Nunes,O Bombeiro,,,,,,,,,,,,,,,,
Sepultura,Breed Apart,,,,,,,,,,,,,,,,
Megadeth,Architecture Of Aggression,,,,,,,,,,,,,,,,
Mediengruppe Telekommander,Was Ganz Feines,,,,,,,,,,,,,,,,
Bob Sinclar,What I Want,,,,,,,,,,,,,,,,
Sepultura,Dusted,,,,,,,,,,,,,,,,
Sepultura,Inner Self,,,,,,,,,,,,,,,,
Medeski Martin And Wood,Chubb Sub,,,,,,,,,,,,,,,,
Fantômas,One Step Beyond,,,,,,,,,,,,,,,,
Pixies,Lovely Day,,,,,,,,,,,,,,,,
Pixies,In Heaven (Lady In The Radiator Song),,,,,,,,,,,,,,,,
Pixies,Manta Ray,,,,,,,,,,,,,,,,
Circle Takes The Square,Non-Objective Portrait Of Karma,,,,,,,,,,,,,,,,
Caliban,The Beloved And The Hatred,1.0,1.0,0.0,0.0,1.0,1.0,0.0,0.0,0.0,0.0,0.0,0.0,0.0,0.0,1.0,0.0
Califone,Don'T Let Me Die Nervous,,,,,,,,,,,,,,,,
Death Cab For Cutie,Title And Registration (Original Version),,,,,,,,,,,,,,,,
Eels,Tiger In My Tank,,,,,,,,,,,,,,,,
Rancid,Hyena,,,,,,,,,,,,,,,,
High And Mighty Color,Style - Get Glory In This Hand,,,,,,,,,,,,,,,,
Rancid,Hooligans,,,,,,,,,,,,,,,,
Alva Noto + Ryuichi Sakamoto,Aurora,,,,,,,,,,,,,,,,
Goose,Modern Vision,0.8,0.6,0.0,0.4,0.8,0.6,0.0,0.0,0.0,0.0,0.2,0.0,0.8,0.6,0.8,0.0
The Cure,Lost,,,,,,,,,,,,,,,,
Hi_Tack,Say Say Say (Waiting 4 U),,,,,,,,,,,,,,,,
Beck,Fuckin With My Head (Mountain Dew Rock),,,,,,,,,,,,,,,,
Abney Park,Stigmata Martyr,,,,,,,,,,,,,,,,
Megadeth,The Conjuring,,,,,,,,,,,,,,,,
Leonard Cohen,Take This Longing,0.0,0.0,0.0,0.4,0.0,0.0,0.6,0.6,0.0,0.0,0.0,0.0,0.0,0.0,0.4,0.0
Frightened Rabbit,Bright Pink Bookmark,,,,,,,,,,,,,,,,
Melvins,Blood Witch,,,,,,,,,,,,,,,,
Lenny Kravitz,Mr. Cab Driver,,,,,,,,,,,,,,,,
Melanie C,Lose Myself In You,,,,,,,,,,,,,,,,
Frog Eyes,Bushels,,,,,,,,,,,,,,,,
Crystal Stilts,Shattered Shine,,,,,,,,,,,,,,,,
Crystal Stilts,Crystal Stilts,,,,,,,,,,,,,,,,
50 Cent,Ayo Technology (Feat. Justin Timberlake & Timbaland),,,,,,,,,,,,,,,,
Roxy Music,Out Of The Blue,,,,,,,,,,,,,,,,
Roxy Music,While My Heart Is Still Beating,,,,,,,,,,,,,,,,
Small Faces,The Hungry Intruder,,,,,,,,,,,,,,,,
Roxy Music,The Space Between,,,,,,,,,,,,,,,,
Cascada,Truly Madly Deeply (Uk Radio Edit),,,,,,,,,,,,,,,,
Smash Mouth,Diggin' Your Scene,,,,,,,,,,,,,,,,
Teddybears Sthlm & Mad Cobra,Cobrastyle,,,,,,,,,,,,,,,,
Bauhaus,Antonin Artaud,,,,,,,,,,,,,,,,
Meligrove Band,Everyone'S A Winner,,,,,,,,,,,,,,,,
Leo Quinteros,Invisibilidad,,,,,,,,,,,,,,,,
Dj Shadow,Changeling / Transmission 1,,,,,,,,,,,,,,,,
Stevie Ray Vaughan,Love Struck Baby,,,,,,,,,,,,,,,,
Xiu Xiu,Clowne Towne,,,,,,,,,,,,,,,,
Jan Hammer,Crockett'S Theme,,,,,,,,,,,,,,,,
Xiu Xiu,Fabulous Muscles (Mama Black Widow Version),,,,,,,,,,,,,,,,
Bad Religion,Flat Earth Society,,,,,,,,,,,,,,,,
Jan Jelinek,Do Dekor,,,,,,,,,,,,,,,,
Elio E Le Storie Tese,Plafone,,,,,,,,,,,,,,,,
Elio E Le Storie Tese,Suicidio A Sorpresa: Allegro,,,,,,,,,,,,,,,,
One Night Only,Just For Tonight,,,,,,,,,,,,,,,,
Roxette,Stars,,,,,,,,,,,,,,,,
The Bumblebeez,Vila Attack (M83 Remix),,,,,,,,,,,,,,,,
Devendra Banhart,Pumpkin Seeds,0.8,0.4,0.0,0.6,0.4,0.2,1.0,0.0,0.0,0.0,0.0,0.0,0.2,0.2,0.8,0.0
Bauhaus,Dive,,,,,,,,,,,,,,,,
The Byrds,One Hundred Years From Now,,,,,,,,,,,,,,,,
Roxette,June Afternoon,,,,,,,,,,,,,,,,
To/Die/For,Together Complete,,,,,,,,,,,,,,,,
Roxy Music,In Every Dream Home A Heartache,,,,,,,,,,,,,,,,
Melanie C,Water,,,,,,,,,,,,,,,,
The Cure,Faith,,,,,,,,,,,,,,,,
Moonsorrow,Karhunkynsi,,,,,,,,,,,,,,,,
Moonspell,Upon The Blood Of Men,,,,,,,,,,,,,,,,
Uncle Tupelo,Graveyard Shift,,,,,,,,,,,,,,,,
Killing The Dream,Picking Up The Pieces,,,,,,,,,,,,,,,,
The Cure,Foxy Lady,,,,,,,,,,,,,,,,
Gomez,Get Myself Arrested,,,,,,,,,,,,,,,,
Pixies,Dancing The Manta Ray,,,,,,,,,,,,,,,,
Death In Vegas,Leather,,,,,,,,,,,,,,,,
Death In Vegas,Soul Auctioneer,,,,,,,,,,,,,,,,
Barbara Morgenstern,Alles Was Lebt Bewegt Sich,0.6,0.4,0.8,0.4,0.0,0.0,0.0,0.0,0.0,0.0,0.0,0.0,1.0,0.8,0.4,0.0
The Magnetic Fields,Parades Go By,,,,,,,,,,,,,,,,
Brian Eno,2/1,,,,,,,,,,,,,,,,
Enigma,Turn Around,,,,,,,,,,,,,,,,
Led Zeppelin,South Bound Saurez,,,,,,,,,,,,,,,,
Enigma,Total Eclipse Of The Moon,,,,,,,,,,,,,,,,
Mercyful Fate,Gypsy,,,,,,,,,,,,,,,,
Engenheiros Do Hawaii,Piano Bar,,,,,,,,,,,,,,,,
Danny Elfman,Jack'S Obsession,,,,,,,,,,,,,,,,
Le Sport,Business Girls,,,,,,,,,,,,,,,,
The B-52'S,Lava,,,,,,,,,,,,,,,,
Mellowdrone,Fashionably Uninvited,,,,,,,,,,,,,,,,
Lemon Demon,The Ultimate Showdown Of Ultimate Destiny,,,,,,,,,,,,,,,,
Jane'S Addiction,Mountain Song,,,,,,,,,,,,,,,,
Danny Elfman,Into The Forest,,,,,,,,,,,,,,,,
Tenhi,Varpuspäivä,,,,,,,,,,,,,,,,
Terence Trent D'Arby,Wishing Well,,,,,,,,,,,,,,,,
David Thomas Broughton,Unmarked Grave,,,,,,,,,,,,,,,,
Danny Elfman,Castle On The Hill,,,,,,,,,,,,,,,,
Anna Järvinen,Götgatan,,,,,,,,,,,,,,,,
The Smithereens,Behind The Wall Of Sleep,,,,,,,,,,,,,,,,
Nine Inch Nails,33 Ghosts Iv,,,,,,,,,,,,,,,,
Joe Satriani,I Believe,,,,,,,,,,,,,,,,
Nina Simone,Ne Me Quitte Pas,,,,,,,,,,,,,,,,
Tori Amos,Angels,,,,,,,,,,,,,,,,
Kingston Wall,Palékastro,,,,,,,,,,,,,,,,
King Tubby,Roots Of Dub,,,,,,,,,,,,,,,,
Kiss,Goin' Blind,,,,,,,,,,,,,,,,
Molly Sandén,Så Vill Stjärnorna,,,,,,,,,,,,,,,,
Abc,All Of My Heart,,,,,,,,,,,,,,,,
Mono,Yearning,,,,,,,,,,,,,,,,
King Crimson,Walking On Air,,,,,,,,,,,,,,,,
Andrés Calamaro,Te Quiero Igual,,,,,,,,,,,,,,,,
Bebel Gilberto,Sem Contenção,,,,,,,,,,,,,,,,
Alkaline Trio,Sadie,,,,,,,,,,,,,,,,
Timo Maas,Pictures,,,,,,,,,,,,,,,,
The Kinks,Big Sky,,,,,,,,,,,,,,,,
Cartel,Last Chance,,,,,,,,,,,,,,,,
The Smashing Pumpkins,Neverlost,,,,,,,,,,,,,,,,
I Am Kloot,The Stars Look Familiar,,,,,,,,,,,,,,,,
Biffy Clyro,The Conversation Is...,,,,,,,,,,,,,,,,
Biffy Clyro,The Go-Slow,,,,,,,,,,,,,,,,
Rosa,Europe'S Living A Celebration,,,,,,,,,,,,,,,,
Fucked Up,No Epiphany,,,,,,,,,,,,,,,,
Leftfield,Black Flute,,,,,,,,,,,,,,,,
Rose Royce,Car Wash,,,,,,,,,,,,,,,,
Baustelle,Charlie Fa Surf,,,,,,,,,,,,,,,,
Fucked Up,Crusades,,,,,,,,,,,,,,,,
The Smashing Pumpkins,Mayonaise (Acoustic),,,,,,,,,,,,,,,,
Metallica,2 X 4,,,,,,,,,,,,,,,,
The Radio Dept.,Sleeping In,,,,,,,,,,,,,,,,
Bree Sharp,David Duchovny,,,,,,,,,,,,,,,,
Spoon,Back To The Life,,,,,,,,,,,,,,,,
Eve 6,Promise,,,,,,,,,,,,,,,,
Ray Charles,I'Ve Got A Woman,,,,,,,,,,,,,,,,
Dragonette,Black Limousine,,,,,,,,,,,,,,,,
Vision Divine,The 25Th Hour,,,,,,,,,,,,,,,,
Evanescence,I Must Be Dreaming,,,,,,,,,,,,,,,,
Evanescence,October,,,,,,,,,,,,,,,,
Sébastien Tellier,Fingers Of Steel,,,,,,,,,,,,,,,,
Ray Lamontagne,All The Wild Horses,,,,,,,,,,,,,,,,
Shinedown,Burning Bright,,,,,,,,,,,,,,,,
The Album Leaf,Wherever I Go,,,,,,,,,,,,,,,,
Nine Inch Nails,Metal,,,,,,,,,,,,,,,,
The Maccabees,Mon Aventure,,,,,,,,,,,,,,,,
Devendra Banhart,Cripple Crow,,,,,,,,,,,,,,,,
The Maccabees,Tissue Shoulders,,,,,,,,,,,,,,,,
Lauryn Hill,Ex Factor,,,,,,,,,,,,,,,,
Ciara Feat. Chamillionaire,Get Up,,,,,,,,,,,,,,,,
Anja Garbarek,The Last Trick,,,,,,,,,,,,,,,,
Fugazi,Birthday Pony,,,,,,,,,,,,,,,,
Fugazi,Epic Problem,,,,,,,,,,,,,,,,
Cro-Mags,World Peace,1.0,1.0,0.0,0.0,1.0,1.0,0.0,0.0,0.0,0.0,0.0,0.0,0.0,0.0,0.8,0.0
Alkaline Trio,I'M Dying Tomorrow,,,,,,,,,,,,,,,,
Devendra Banhart,Freely,,,,,,,,,,,,,,,,
U2,Peace On Earth,,,,,,,,,,,,,,,,
Devendra Banhart,Legless Love...,,,,,,,,,,,,,,,,
Alkaline Trio,Fatally Yours,,,,,,,,,,,,,,,,
The Fall Of Troy,Problem!?,,,,,,,,,,,,,,,,
Ash,Walking Barefoot,,,,,,,,,,,,,,,,
Whitesnake,Children Of The Night,,,,,,,,,,,,,,,,
Yellowcard,Inside Out,,,,,,,,,,,,,,,,
Έλενα Παπαρίζου,Heroes,,,,,,,,,,,,,,,,
Έλενα Παπαρίζου,Min Fevgis,,,,,,,,,,,,,,,,
Circa Survive,Wish Resign,,,,,,,,,,,,,,,,
The Crüxshadows,Sophia,,,,,,,,,,,,,,,,
Circa Survive,The Glorious Nosebleed,,,,,,,,,,,,,,,,
The Fall,Living Too Late,,,,,,,,,,,,,,,,
Andy Mckee,Practice Is Perfect,,,,,,,,,,,,,,,,
Vision Divine,My Angel Died,,,,,,,,,,,,,,,,
Mojave 3,Truck Driving Man,,,,,,,,,,,,,,,,
The Radio Dept.,The City Limit,,,,,,,,,,,,,,,,
The Cribs,You & I,,,,,,,,,,,,,,,,
The Weepies,Wish I Could Forget,,,,,,,,,,,,,,,,
Ray Parker Snr.,Ghostbusters,,,,,,,,,,,,,,,,
Mokoma,Minä Elän!,,,,,,,,,,,,,,,,
Kling Klang,Vander,,,,,,,,,,,,,,,,
Tragedy,Vengeance,,,,,,,,,,,,,,,,
Az,At Night,,,,,,,,,,,,,,,,
System Of A Down,Version 7-0,,,,,,,,,,,,,,,,
Klaxons,The Night,,,,,,,,,,,,,,,,
The Radio Dept.,What Will Give?,,,,,,,,,,,,,,,,
Mokoma,Irvikuva,,,,,,,,,,,,,,,,
Έλενα Παπαρίζου,The Game Of Love,,,,,,,,,,,,,,,,
Conjure One,Manic Star,,,,,,,,,,,,,,,,
Everclear,Amphetamine,,,,,,,,,,,,,,,,
The Rakes,Leave The City And Come Home,,,,,,,,,,,,,,,,
Tones On Tail,Go!,,,,,,,,,,,,,,,,
Klaxons,Atlantis To Interzone (Metronomy Remix),,,,,,,,,,,,,,,,
The Feeling,Turn It Up,,,,,,,,,,,,,,,,
Atb,Feel Alive,,,,,,,,,,,,,,,,
The Weepies,How You Survived The War,,,,,,,,,,,,,,,,
The All-American Rejects,Don'T Leave Me,,,,,,,,,,,,,,,,
Whitesnake,Give Me More Time,,,,,,,,,,,,,,,,
Håkan Hellström,Dom Kommer Kliva På Dig Igen,,,,,,,,,,,,,,,,
The Feelies,When Company Comes,,,,,,,,,,,,,,,,
Bikini Kill,Demirep,,,,,,,,,,,,,,,,
God Is An Astronaut,Frozen Twilight,0.8,0.4,0.2,0.4,0.8,0.6,0.0,0.6,0.0,0.0,0.0,0.0,0.6,0.2,0.8,0.0
Smokie,Living Next Door To Alice,,,,,,,,,,,,,,,,
Pere Ubu,Life Stinks,,,,,,,,,,,,,,,,
Pet Shop Boys,Jealousy,,,,,,,,,,,,,,,,
Elena,Before I Sleep (Frank Knebel Remix),,,,,,,,,,,,,,,,
Smolik,Cye,,,,,,,,,,,,,,,,
Crime In Stereo,The Impending Glory Of American Adulthood,,,,,,,,,,,,,,,,
Metallica,Damage Case,,,,,,,,,,,,,,,,
Metallica,Killing Time,,,,,,,,,,,,,,,,
The Chalets,Sexy Mistake,,,,,,,,,,,,,,,,
Fugazi,Public Witness Program,,,,,,,,,,,,,,,,
Fugazi,Turnover,,,,,,,,,,,,,,,,
Crime In Stereo,Bicycles For Afghanistan,,,,,,,,,,,,,,,,
Fujiya & Miyagi,Goosebumps,,,,,,,,,,,,,,,,
Jason Mraz,The Boy'S Gone,,,,,,,,,,,,,,,,
Pet Shop Boys,The Way It Used To Be,,,,,,,,,,,,,,,,
Okkervil River,Love To A Monster,,,,,,,,,,,,,,,,
Pet Shop Boys,All Over The World,,,,,,,,,,,,,,,,
Old 97'S,Jagged,,,,,,,,,,,,,,,,
Barbara Morgenstern,Das Schöne Einheitsbild,,,,,,,,,,,,,,,,
Metallica,Shoot Me Again,,,,,,,,,,,,,,,,
Danny Elfman,The Cookie Factory,,,,,,,,,,,,,,,,
Laura Veirs,Magnetized,,,,,,,,,,,,,,,,
Metallica,The Small Hours,,,,,,,,,,,,,,,,
Metric,Dead Disco (Kylie Kills Mix),,,,,,,,,,,,,,,,
Seraphim Shock,Some Sick Dream,,,,,,,,,,,,,,,,
Apollo 440,Krupa,,,,,,,,,,,,,,,,
The Automatic,Team Drama,,,,,,,,,,,,,,,,
Laurent Wolf,No Stress,,,,,,,,,,,,,,,,
Chris Cornell,She'Ll Never Be Your Man,,,,,,,,,,,,,,,,
Serge Gainsbourg,Docteur Jekyll Et Monsieur Hyde,,,,,,,,,,,,,,,,
Camille,Senza,,,,,,,,,,,,,,,,
Hypocrisy,Unfold The Sorrow,,,,,,,,,,,,,,,,
Metricks,Merci - Feat. Lisa T,,,,,,,,,,,,,,,,
The Lovely Feathers,Frantic,,,,,,,,,,,,,,,,
Nirvana,Big Long Now,,,,,,,,,,,,,,,,
Camel,The Great Marsh,,,,,,,,,,,,,,,,
Nitin Sawhney,Sunset,,,,,,,,,,,,,,,,
Camille,Paris,,,,,,,,,,,,,,,,
The Cranberries,Waltzing Back,,,,,,,,,,,,,,,,
The Crazy World Of Arthur Brown,Fire,,,,,,,,,,,,,,,,
Télépopmusik,Animal Man,0.0,0.0,0.8,0.4,0.0,0.0,0.0,0.0,0.0,0.0,0.0,0.0,0.8,0.6,0.0,0.0
Klimt 1918,Lomo,,,,,,,,,,,,,,,,
Modest Mouse,Medication,,,,,,,,,,,,,,,,
The Rasmus,First Day Of My Life,,,,,,,,,,,,,,,,
Gnarls Barkley,Whatever,,,,,,,,,,,,,,,,
Jimmy Eat World,Nothingwrong,,,,,,,,,,,,,,,,
Laura Marling,Shine,,,,,,,,,,,,,,,,
Bomfunk Mc'S,Uprocking Beats,,,,,,,,,,,,,,,,
Skalpel,Konfusion,,,,,,,,,,,,,,,,
ムック,Waga Arubeki Basho,,,,,,,,,,,,,,,,
Late Night Alumni,Empty Streets,,,,,,,,,,,,,,,,
Creedence Clearwater Revival,Molina,,,,,,,,,,,,,,,,
Romeo Void,Never Say Never,,,,,,,,,,,,,,,,
Black Sabbath,The Writ,,,,,,,,,,,,,,,,
Rogue Wave,Catform,,,,,,,,,,,,,,,,
Gabriel & Dresden,Let Go,,,,,,,,,,,,,,,,
Eminem,Kill You,,,,,,,,,,,,,,,,
Eminem,Cleaning Out My Closet,,,,,,,,,,,,,,,,
Testament,Allegiance,,,,,,,,,,,,,,,,
Testament,3 Days In Darkness,,,,,,,,,,,,,,,,
Testament,Legions Of The Dead,,,,,,,,,,,,,,,,
Test Icicles,What'S Your Damage? (Braxe/Falke Remix),,,,,,,,,,,,,,,,
Test Icicles,Catch It!,,,,,,,,,,,,,,,,
Pet Shop Boys,Casanova In Hell,,,,,,,,,,,,,,,,
Okkervil River,Yellow,,,,,,,,,,,,,,,,
Camp Rock,This Is Me,,,,,,,,,,,,,,,,
Skindred,Selector,,,,,,,,,,,,,,,,
Skinny Puppy,Amnesia,,,,,,,,,,,,,,,,
Skid Row,Sweet Little Sister,,,,,,,,,,,,,,,,
A. R. Rahman,Riots,,,,,,,,,,,,,,,,
Yeah Yeah Yeahs,Y Control (The Faint Remix),,,,,,,,,,,,,,,,
The American Analog Set,Like Foxes Through Fences,,,,,,,,,,,,,,,,
Ayọ,Watching You,,,,,,,,,,,,,,,,
Evo Trio,Green Dolphin Street(2007),,,,,,,,,,,,,,,,
A.C. Newman,35 In The Shade,,,,,,,,,,,,,,,,
Gloria Estefan,Conga,,,,,,,,,,,,,,,,
The Cranberries,Pretty Eyes,,,,,,,,,,,,,,,,
The Cranberries,Loud And Clear,,,,,,,,,,,,,,,,
Thunderbirds Are Now!,From: Skulls,,,,,,,,,,,,,,,,
Thunderbirds Are Now!,To: Skulls,,,,,,,,,,,,,,,,
Al Green,I Can'T Get Next To You,,,,,,,,,,,,,,,,
Jawbreaker,Accident Prone,,,,,,,,,,,,,,,,
Mewithoutyou,Silencer,,,,,,,,,,,,,,,,
Lasgo,Out Of My Mind (Radio Edit),,,,,,,,,,,,,,,,
Rock Kills Kid,Midnight,,,,,,,,,,,,,,,,
Rocco,I Don'T Know,,,,,,,,,,,,,,,,
A. R. Rahman,Mausam & Escape,,,,,,,,,,,,,,,,
Kmfdm,Search & Destroy,,,,,,,,,,,,,,,,
Red Hot Chili Peppers,Buckle Down,,,,,,,,,,,,,,,,
The Raveonettes,With My Eyes Closed,,,,,,,,,,,,,,,,
Red Carpet,Alright,,,,,,,,,,,,,,,,
Violent Femmes,Jesus Walking On The Water,,,,,,,,,,,,,,,,
Violator,Atomic Nightmare,,,,,,,,,,,,,,,,
Red House Painters,Grace Cathedral Park,,,,,,,,,,,,,,,,
Moby,James Bond Theme,,,,,,,,,,,,,,,,
Aterciopelados,Complemento,,,,,,,,,,,,,,,,
Glasvegas,S.A.D. Light,,,,,,,,,,,,,,,,
Moby,I'M In Love,,,,,,,,,,,,,,,,
Red House Painters,Moments,,,,,,,,,,,,,,,,
Atb,Intencity,,,,,,,,,,,,,,,,
Red House Painters,Helicopter [Demo],,,,,,,,,,,,,,,,
Contemporary Noise Quintet,Goodbye Monster,,,,,,,,,,,,,,,,
Depeche Mode,It Doesn'T Matter,,,,,,,,,,,,,,,,
Moby,Evening Rain,,,,,,,,,,,,,,,,
The Reindeer Section,Budapest,,,,,,,,,,,,,,,,
Glass Candy,Miss Broadway (Belle Epoque),,,,,,,,,,,,,,,,
No Doubt,You Can Do It,,,,,,,,,,,,,,,,
Korn,Dead,,,,,,,,,,,,,,,,
Jimi Hendrix,Wait Until Tomorrow,,,,,,,,,,,,,,,,
Brakes,Jackson,,,,,,,,,,,,,,,,
Air France,Windmill Wedding,,,,,,,,,,,,,,,,
Yazoo,Situation,,,,,,,,,,,,,,,,
Nofx,Leave It Alone,,,,,,,,,,,,,,,,
Korn,Deep Inside,,,,,,,,,,,,,,,,
Air Traffic,Never Even Told Me Her Name,,,,,,,,,,,,,,,,
Galaxie 500,When Will You Come Home,,,,,,,,,,,,,,,,
Robin Thicke,Magic,,,,,,,,,,,,,,,,
Bon Jovi,Never Say Goodbye,,,,,,,,,,,,,,,,
Galaxie 500,Plastic Bird,,,,,,,,,,,,,,,,
Seu Jorge,Five Years,,,,,,,,,,,,,,,,
Stereolab,Emperor Tomato Ketchup,0.8,0.4,0.8,0.6,0.6,0.4,0.0,0.0,0.0,0.0,0.6,0.0,1.0,0.6,0.8,0.0
Fall Out Boy,America'S Suitehearts,,,,,,,,,,,,,,,,
The Sins Of Thy Beloved,Worthy Of You,,,,,,,,,,,,,,,,
Stereolab,Spark Plug,,,,,,,,,,,,,,,,
Axwell Feat. Steve Edwards,Watch The Sunrise,,,,,,,,,,,,,,,,
Jawbreaker,Boxcar,,,,,,,,,,,,,,,,
Apoptygma Berzerk,Backdraft,,,,,,,,,,,,,,,,
Pete Philly & Perquisite,Insomnia,,,,,,,,,,,,,,,,
Black Sabbath,Never Say Die,,,,,,,,,,,,,,,,
The Sins Of Thy Beloved,The Kiss,,,,,,,,,,,,,,,,
The Frames,Underglass,,,,,,,,,,,,,,,,
The Frames,Happy,,,,,,,,,,,,,,,,
Sneaker Pimps,Waterbaby,,,,,,,,,,,,,,,,
Skid Row,Psycho Love,,,,,,,,,,,,,,,,
End Of Fashion,O Yeah,,,,,,,,,,,,,,,,
Bragga,Dagga Dat,,,,,,,,,,,,,,,,
A-Ha,Cosy Prisons,,,,,,,,,,,,,,,,
Copeland,Choose The One Who Loves You More,0.6,0.4,0.0,0.4,0.6,0.4,0.6,0.0,0.0,0.4,0.0,0.0,0.6,0.4,0.6,0.0
Kotiteollisuus,+-0,,,,,,,,,,,,,,,,
Down,Lifer,,,,,,,,,,,,,,,,
Glass Candy,Geto Boys (Drums),,,,,,,,,,,,,,,,
System Of A Down,Snowblind,,,,,,,,,,,,,,,,
Girls Aloud,Some Kind Of Miracle,0.4,0.2,0.8,0.2,0.2,0.0,0.0,0.4,0.0,0.2,0.0,0.0,0.8,0.6,0.4,0.0
Girls Aloud,Untouchable,,,,,,,,,,,,,,,,
Girls Aloud,Wake Me Up,,,,,,,,,,,,,,,,
Pinback,Anti-Hu,,,,,,,,,,,,,,,,
Download,Bell Ringoor,,,,,,,,,,,,,,,,
The Knife,We Share Our Mothers' Health (Original Version),,,,,,,,,,,,,,,,
Electronic,The Patience Of A Saint,,,,,,,,,,,,,,,,
Girls Aloud Vs. Sugababes,Walk This Way,,,,,,,,,,,,,,,,
Thin Lizzy,Don'T Believe A Word,,,,,,,,,,,,,,,,
Ohgr,Three,,,,,,,,,,,,,,,,
The Shortwave Set,Slingshot,,,,,,,,,,,,,,,,
The Shortwave Set,Yr Room,0.6,0.4,0.8,0.6,0.4,0.2,0.0,0.6,0.0,0.2,0.0,0.0,0.8,0.6,0.6,0.0
Robby Poitevin,Bubba Dub Bossa,,,,,,,,,,,,,,,,
Lamb,Closer,,,,,,,,,,,,,,,,
Robert Johnson,When You Got A Good Friend,,,,,,,,,,,,,,,,
Gang Of Four,Cheeseburger,,,,,,,,,,,,,,,,
The Associates,Party Fears Two,,,,,,,,,,,,,,,,
The Charlatans,White Shirt,,,,,,,,,,,,,,,,
El-P,Up All Night,,,,,,,,,,,,,,,,
The Fiery Furnaces,Japanese Slippers,,,,,,,,,,,,,,,,
The Fiery Furnaces,Duplexes Of The Dead,,,,,,,,,,,,,,,,
Pinback,3X0,,,,,,,,,,,,,,,,
Babyshambles,What Katy Did Next,,,,,,,,,,,,,,,,
Kraftwerk,Titanium,,,,,,,,,,,,,,,,
The Coral,In The Forest,,,,,,,,,,,,,,,,
The Rocket Summer,Never Knew,,,,,,,,,,,,,,,,
Relient K,The Best Thing,,,,,,,,,,,,,,,,
Missing Persons,Words,,,,,,,,,,,,,,,,
Relient K,Bite My Tongue,,,,,,,,,,,,,,,,
The Rolling Stones,Back Of My Hand,,,,,,,,,,,,,,,,
