artist_name,track_name,Drum Set,Drum Aggressiveness,Synthetic Drums,Percussion,Electric Guitar,Electric Guitar Distortion,Acoustic Guitar,String Ensemble,Horn Ensemble,Piano,Organ,Rhodes,Synthesizer,Synth Timbre,Bass Guitar,Reed Instrument
Lali Puna,Harrison Reverse,,,,,,,,,,,,,,,,
Ania Dąbrowska,Nie Mogę Cię Zapomnieć,,,,,,,,,,,,,,,,
Michael Jackson,Dangerous,,,,,,,,,,,,,,,,
Michael Jackson,Keep The Faith,,,,,,,,,,,,,,,,
Peter Bjorn And John,Start Making Sense,,,,,,,,,,,,,,,,
Michael Jackson,Come Together,,,,,,,,,,,,,,,,
Chris Vrenna,Village Of The Doomed,,,,,,,,,,,,,,,,
Faithless,Baseball Cap,,,,,,,,,,,,,,,,
Chrisette Michele,Good Girl,,,,,,,,,,,,,,,,
Robbie Williams,Me And My Monkey,,,,,,,,,,,,,,,,
Darkthrone,The Pagan Winter,,,,,,,,,,,,,,,,
Of Montreal,Jacques Lamure,,,,,,,,,,,,,,,,
Peter Doherty,A Little Death Around The Eyes,,,,,,,,,,,,,,,,
Peter Luts & Dominico,What A Feeling (Radio Edit),,,,,,,,,,,,,,,,
Kotiteollisuus,Pohjanmaan Kautta,,,,,,,,,,,,,,,,
Darkthrone,To Walk The Infernal Fields,,,,,,,,,,,,,,,,
Kraftwerk,Prologue,,,,,,,,,,,,,,,,
St. Vincent,We Put A Pearl In The Ground,,,,,,,,,,,,,,,,
Darkthrone,The Dance Of Eternal Shadows,,,,,,,,,,,,,,,,
A Tribe Called Quest,Verses From The Abstract,,,,,,,,,,,,,,,,
Kreator,Storm Of The Beast,,,,,,,,,,,,,,,,
Boy Kill Boy,Ivy Parker,,,,,,,,,,,,,,,,
Kreator,Endless Pain,,,,,,,,,,,,,,,,
A Tribe Called Quest,Jazz (We'Ve Got),,,,,,,,,,,,,,,,
A Tribe Called Quest,Description Of A Fool,,,,,,,,,,,,,,,,
Boy Kill Boy,Killer,,,,,,,,,,,,,,,,
The Coffinshakers,Pale Man In Black,0.8,0.6,0.0,0.4,1.0,0.8,0.0,0.0,0.0,0.0,0.6,0.0,0.0,0.0,0.8,0.0
Ghostface Killah,Wildflower,,,,,,,,,,,,,,,,
The Clash,The Prisoner,,,,,,,,,,,,,,,,
Miss Kittin,3Eme Sexe,,,,,,,,,,,,,,,,
Noisettes,The Count Of Monte Christo,0.8,0.6,0.0,0.4,0.6,0.4,0.0,0.0,0.0,0.0,0.0,0.0,0.0,0.0,0.8,0.0
Jet,Lazy Gun,1.0,0.8,0.0,0.4,1.0,0.6,0.0,0.0,0.0,0.0,0.0,0.0,0.0,0.0,0.8,0.0
Hollywood Undead,No. 5,,,,,,,,,,,,,,,,
Pierrot,Neo Grotesque,,,,,,,,,,,,,,,,
Bad Religion,Walk Away,,,,,,,,,,,,,,,,
Why?,The Hoofs,,,,,,,,,,,,,,,,
Black Light Burns,4 Walls,,,,,,,,,,,,,,,,
Skinny Puppy,Empte,,,,,,,,,,,,,,,,
Xtc,King For A Day,,,,,,,,,,,,,,,,
Jay-Z,Jigga That Nigga,,,,,,,,,,,,,,,,
Emma Bunton,Free Me (Dr. Octavo Seduction Remix),,,,,,,,,,,,,,,,
Hot Snakes,Hi-Lites,,,,,,,,,,,,,,,,
Garden Of Eden,Vampires Of Eden,,,,,,,,,,,,,,,,
Of Montreal,I Can'T Stop Your Memory,,,,,,,,,,,,,,,,
Descendents,Cameage,,,,,,,,,,,,,,,,
Of Montreal,Sleeping In The Beetle Bug,,,,,,,,,,,,,,,,
Vetiver,Without A Song,,,,,,,,,,,,,,,,
Rob Zombie,Sawdust In The Blood,,,,,,,,,,,,,,,,
The Chemical Brothers,Believe (Feat Kele Okereke),,,,,,,,,,,,,,,,
Robbie Williams,Lazy Days,,,,,,,,,,,,,,,,
Carla Bruni,Le Ciel Dans Une Chambre,,,,,,,,,,,,,,,,
Michael Jackson,The Lady In My Life,,,,,,,,,,,,,,,,
Michael Nyman,A Wild And Distant Shore,,,,,,,,,,,,,,,,
A Fine Frenzy,Ashes And Wine,,,,,,,,,,,,,,,,
Jet,Rollover Dj,,,,,,,,,,,,,,,,
Atlas Sound,A Ghost Story,,,,,,,,,,,,,,,,
Tiësto,Magik Journey,,,,,,,,,,,,,,,,
Atjazz,Touch The Sun,,,,,,,,,,,,,,,,
Ghostland Observatory,Sad Sad City,,,,,,,,,,,,,,,,
Viikate,Padat,,,,,,,,,,,,,,,,
Atlas Sound,Ativan,,,,,,,,,,,,,,,,
Misfits,Dead Kings Rise (Demo),,,,,,,,,,,,,,,,
Counting Crows,Angels Of The Silences,,,,,,,,,,,,,,,,
Beastie Boys,Posse In Effect,,,,,,,,,,,,,,,,
The Chemical Brothers,The Pills Won'T Help You Now (Feat. Midlake),,,,,,,,,,,,,,,,
Misfits,Fiend Club,,,,,,,,,,,,,,,,
Norther,Drowning,,,,,,,,,,,,,,,,
Bonnie 'Prince' Billy,Song For The New Breed,,,,,,,,,,,,,,,,
Rob Zombie,Death Of It All,,,,,,,,,,,,,,,,
Rob Thomas,I Am An Illusion,,,,,,,,,,,,,,,,
Midlake,Kingfish Pies,,,,,,,,,,,,,,,,
Rjd2,Someday,,,,,,,,,,,,,,,,
Oceansize,I Am The Morning,,,,,,,,,,,,,,,,
Oceanlab,Beautiful Together (Signum Remix),,,,,,,,,,,,,,,,
Skold,Neverland,,,,,,,,,,,,,,,,
Hoobastank,Without A Fight,,,,,,,,,,,,,,,,
Christina Aguilera,Save Me From Myself,,,,,,,,,,,,,,,,
Christina Aguilera,Hurt (Deeper-Mindset Mixshow),,,,,,,,,,,,,,,,
Norah Jones,Toes,,,,,,,,,,,,,,,,
Hoobastank,Finally Awake,,,,,,,,,,,,,,,,
Jesu,Transfigure,,,,,,,,,,,,,,,,
The Lawrence Arms,Beyond The Embarrassing Style,,,,,,,,,,,,,,,,
Christina Aguilera,Still Dirrty,,,,,,,,,,,,,,,,
Ben Moody Feat. Anastacia,Everything Burns,,,,,,,,,,,,,,,,
The Fiery Furnaces,Tropical Iceland,,,,,,,,,,,,,,,,
U2,Drowning Man,,,,,,,,,,,,,,,,
Kristine W,Stronger (Junior Vasquez Radio),,,,,,,,,,,,,,,,
Nouvelle Vague,Just Can'T Get Enough (Depeche Mode),,,,,,,,,,,,,,,,
Miranda!,Prisionero,,,,,,,,,,,,,,,,
Minutemen,D'S Car Jam / Anxious Mo-Fo,,,,,,,,,,,,,,,,
Miho Hatori,Barracuda,,,,,,,,,,,,,,,,
Electric Light Orchestra,Love Is Like Oxygen,,,,,,,,,,,,,,,,
Snow Patrol,Chasing Cars (Edit),,,,,,,,,,,,,,,,
Mike Doughty,Looking At The World From The Bottom Of A Well,,,,,,,,,,,,,,,,
Death,Zombie Ritual,,,,,,,,,,,,,,,,
Gary Numan,We Are Glass,,,,,,,,,,,,,,,,
Cradle Of Filth,The Forest Whispers My Name,,,,,,,,,,,,,,,,
Static-X,Push It,,,,,,,,,,,,,,,,
Dark Tranquillity,Cathode Ray Sunshine,,,,,,,,,,,,,,,,
Bonnie Raitt,I Sho Do,,,,,,,,,,,,,,,,
A Fine Frenzy,The Minnow & The Trout,,,,,,,,,,,,,,,,
Starsailor,Talk Her Down,,,,,,,,,,,,,,,,
Static-X,The Only,,,,,,,,,,,,,,,,
Cradle Of Filth,Gabrielle,,,,,,,,,,,,,,,,
Minor Threat,Cashing In,,,,,,,,,,,,,,,,
The Rosebuds,My Punishment For Fighting,,,,,,,,,,,,,,,,
Stabbing Westward,Goodbye,,,,,,,,,,,,,,,,
Tindersticks,Tiny Tears,0.6,0.2,0.0,0.6,0.6,0.2,0.0,1.0,0.0,0.4,0.0,0.0,0.0,0.0,0.6,0.0
Philip Glass,Dead Things,,,,,,,,,,,,,,,,
Philip Glass,I'M Going To Make A Cake,,,,,,,,,,,,,,,,
Dope Stars Inc.,Multiplatform Paradise,,,,,,,,,,,,,,,,
Atmosphere,A Song About A Friend,,,,,,,,,,,,,,,,
Dope Stars Inc.,Self Destructive Corp.,,,,,,,,,,,,,,,,
Ayreon,Day Twelve: Trauma,,,,,,,,,,,,,,,,
Rick Astley,Together Forever,0.6,0.4,0.8,0.4,0.2,0.0,0.0,0.0,0.0,0.0,0.0,0.0,0.8,0.6,0.6,0.0
Hooverphonic,This Strange Effect,,,,,,,,,,,,,,,,
Christina Aguilera,Cruz,,,,,,,,,,,,,,,,
Captain Sensible,Wot,,,,,,,,,,,,,,,,
The Lawrence Arms,Recovering The Opposable Thumb,,,,,,,,,,,,,,,,
The Walkmen,On The Water,,,,,,,,,,,,,,,,
L'Âme Immortelle,Will You?,,,,,,,,,,,,,,,,
Static-X,I Am,,,,,,,,,,,,,,,,
Faith No More,I'M Easy,,,,,,,,,,,,,,,,
Bear Vs. Shark,Bloodgiver,,,,,,,,,,,,,,,,
Faith No More,Just A Man,,,,,,,,,,,,,,,,
Milburn,Lipstick Lickin',,,,,,,,,,,,,,,,
Hot Club De Paris,Clockwork Toy,,,,,,,,,,,,,,,,
Bear Vs. Shark,Out Loud Hey Hey,,,,,,,,,,,,,,,,
Severed Heads,Dead Eyes Opened (Extended Mix),,,,,,,,,,,,,,,,
Bono,Lucy In The Sky With Diamonds,,,,,,,,,,,,,,,,
Black Rebel Motorcycle Club,Down Here,,,,,,,,,,,,,,,,
Thievery Corporation,Shaolin Satellite,0.6,0.2,0.8,0.6,0.2,0.0,0.0,0.2,0.0,0.0,0.0,0.4,0.8,0.4,0.6,0.0
Carcass,Firm Hand,,,,,,,,,,,,,,,,
Howard Shore,Flight To The Ford,,,,,,,,,,,,,,,,
Nouvelle Vague,Dancing With Myself (Billy Idol),,,,,,,,,,,,,,,,
Jens Lekman,The Wrong Hands,,,,,,,,,,,,,,,,
Jenny Owen Youngs,From Here,,,,,,,,,,,,,,,,
Carcass,Childs Play,,,,,,,,,,,,,,,,
Jenny Lewis,See Fernando,,,,,,,,,,,,,,,,
Shakira,Fool,,,,,,,,,,,,,,,,
Atmosphere,The Keys To Life Vs. 15 Minutes Of Fame,,,,,,,,,,,,,,,,
Shakin' Stevens,Merry Christmas Everyone,,,,,,,,,,,,,,,,
Minor Threat,No Reason,,,,,,,,,,,,,,,,
The Rosebuds,Warm Where You Lay,,,,,,,,,,,,,,,,
A Perfect Circle,The Hollow (Take 2),,,,,,,,,,,,,,,,
Kudai,Déjame Gritar,0.8,0.6,0.4,0.4,0.8,0.6,0.2,0.0,0.0,0.0,0.0,0.0,0.6,0.6,1.0,0.0
The Apples In Stereo,Mellotron 1,,,,,,,,,,,,,,,,
Rihanna,Good Girl Gone Bad,,,,,,,,,,,,,,,,
Booka Shade,Hallelujah Usa,,,,,,,,,,,,,,,,
Bonobo,Super 8,,,,,,,,,,,,,,,,
Genesis,Keep It Dark,,,,,,,,,,,,,,,,
Kult,Dziewczyna Bez Zęba Na Przedzie,,,,,,,,,,,,,,,,
Kult,Grzesznik,,,,,,,,,,,,,,,,
Rie Fu,Life Is Like A Boat,,,,,,,,,,,,,,,,
Rihanna,Kisses Don'T Lie,,,,,,,,,,,,,,,,
David Guetta,Love Is Gone (Fred Rister & Joachim Garraud Remix),,,,,,,,,,,,,,,,
Kult,Arahja,,,,,,,,,,,,,,,,
Atmosphere,Cats Van Bags,,,,,,,,,,,,,,,,
Donna Summer,Stamp Your Feet (Jason Nevins Radio Edit),,,,,,,,,,,,,,,,
The Clash,1977,,,,,,,,,,,,,,,,
Rilo Kiley,Glendora,,,,,,,,,,,,,,,,
Atmosphere,Me,,,,,,,,,,,,,,,,
Kult,Gdy Nie Ma Dzieci,,,,,,,,,,,,,,,,
Booka Shade,The Birds And The Beats / At The Window,,,,,,,,,,,,,,,,
Skinny Puppy,Shore Lined Poison,,,,,,,,,,,,,,,,
Big Face,I Wanna Be A Style Crusader (Data Remix),,,,,,,,,,,,,,,,
Caribou,Desiree,,,,,,,,,,,,,,,,
David Guetta,Do Something Love,,,,,,,,,,,,,,,,
Oasis,Be Here Now,,,,,,,,,,,,,,,,
The Last Shadow Puppets,The Time Has Come Again,,,,,,,,,,,,,,,,
Philip Glass,The Kiss,,,,,,,,,,,,,,,,
Novika,California Dreaming,,,,,,,,,,,,,,,,
The Last Shadow Puppets,Meeting Place,,,,,,,,,,,,,,,,
David Gray,Hospital Food,,,,,,,,,,,,,,,,
Yann Tiersen,Kala,,,,,,,,,,,,,,,,
Rise Against,The First Drop,,,,,,,,,,,,,,,,
The Cinematic Orchestra,Theme De Yoyo,,,,,,,,,,,,,,,,
The La'S,Liberty Ship,,,,,,,,,,,,,,,,
Jefferson Airplane,She Has Funny Cars,,,,,,,,,,,,,,,,
Nuspirit Helsinki,String Interlude,,,,,,,,,,,,,,,,
Bonobo,Days To Come,,,,,,,,,,,,,,,,
Akira,Piece Of Heaven (Alex K Remix),,,,,,,,,,,,,,,,
The Cinematic Orchestra,Oregon,,,,,,,,,,,,,,,,
Rise Against,Blood To Bleed,,,,,,,,,,,,,,,,
Bonobo,Between The Lines,,,,,,,,,,,,,,,,
Sunn O))),It Took The Night To Believe,,,,,,,,,,,,,,,,
Telefon Tel Aviv,At The Edge Of The World You Will Still Float,,,,,,,,,,,,,,,,
Alexisonfire,Polaroids Of Polar Bears,,,,,,,,,,,,,,,,
Barenaked Ladies,What A Good Boy,,,,,,,,,,,,,,,,
Madeleine Peyroux,Lonesome Road,,,,,,,,,,,,,,,,
The Beatles,Mean Mr Mustard,,,,,,,,,,,,,,,,
Blink-182,Violence,,,,,,,,,,,,,,,,
Teitur,Sleeping With The Lights On,,,,,,,,,,,,,,,,
Madness,The Prince,1.0,0.6,0.0,0.2,0.6,0.4,0.0,0.0,0.8,0.0,0.0,0.0,0.0,0.0,1.0,0.0
黒夢,Nite&Day-New Take-,,,,,,,,,,,,,,,,
Machinae Supremacy,Elite,,,,,,,,,,,,,,,,
M. Ward,Four Hours In Washington,,,,,,,,,,,,,,,,
Yppah,Again With The Subtitles,,,,,,,,,,,,,,,,
Sum 41,We'Re All To Blame,,,,,,,,,,,,,,,,
Scsi-9,Elegia,,,,,,,,,,,,,,,,
Aesop Rock,9-5Ers Anthem,,,,,,,,,,,,,,,,
Tom Waits,Chocolate Jesus,,,,,,,,,,,,,,,,
Lupe Fiasco,Streets On Fire,,,,,,,,,,,,,,,,
Sunn O))),Sin Nanna,,,,,,,,,,,,,,,,
M-Flo,Let Go (Reggae Disco Rockers Remix),,,,,,,,,,,,,,,,
Valeria,Girl I Told Ya,,,,,,,,,,,,,,,,
...And You Will Know Us By The Trail Of Dead,The Lost City Of Refuge,,,,,,,,,,,,,,,,
Ferry Corsten,Galaxia,,,,,,,,,,,,,,,,
Seabear,Cat Piano,,,,,,,,,,,,,,,,
M-Flo,To Your Beat (Gagle Re-Treatment Remix),,,,,,,,,,,,,,,,
Ini Kamoze,Here Comes The Hotstepper,,,,,,,,,,,,,,,,
Paramore,My Hero,,,,,,,,,,,,,,,,
Parts & Labor,Fractured Skies,,,,,,,,,,,,,,,,
Infantwo,Modern Robot Chorus,,,,,,,,,,,,,,,,
Paris Combo,Je Suis Sourde,,,,,,,,,,,,,,,,
The Hives,The Hives - Declare Guerre Nucleaire,,,,,,,,,,,,,,,,
Paradise Lost,Your Own Reality,,,,,,,,,,,,,,,,
Scouting For Girls,James Bond,,,,,,,,,,,,,,,,
Beth Orton,Mount Washington,,,,,,,,,,,,,,,,
...And You Will Know Us By The Trail Of Dead,Mistakes & Regrets,,,,,,,,,,,,,,,,
Screamin' Jay Hawkins,I Put A Spell On You,,,,,,,,,,,,,,,,
Fennesz,The Point Of It All,,,,,,,,,,,,,,,,
Fennesz,City Of Light,,,,,,,,,,,,,,,,
Lynyrd Skynyrd,Down South Jukin',,,,,,,,,,,,,,,,
Madonna,Mother And Father,,,,,,,,,,,,,,,,
Van Halen,(Oh) Pretty Woman,,,,,,,,,,,,,,,,
The Haunted,The Prosecution,1.0,1.0,0.0,0.0,1.0,1.0,0.0,0.0,0.0,0.0,0.0,0.0,0.0,0.0,1.0,0.0
In Flames,Starforsaken,,,,,,,,,,,,,,,,
Wire,The Commercial,,,,,,,,,,,,,,,,
Sleater-Kinney,Far Away,,,,,,,,,,,,,,,,
The Hold Steady,The Swish,,,,,,,,,,,,,,,,
Beth Orton,Whenever,,,,,,,,,,,,,,,,
Joss Stone,Sleep Like A Child,,,,,,,,,,,,,,,,
Scorpions,Bad Boys Running Wild,,,,,,,,,,,,,,,,
Aesop Rock,Bent Life,,,,,,,,,,,,,,,,
Sonic Youth,Karen Revisited,,,,,,,,,,,,,,,,
Scorpions,Tease Me Please Me,,,,,,,,,,,,,,,,
Blindside,Pitiful,,,,,,,,,,,,,,,,
Damien Rice,Woman Like A Man (Live Unplugged),,,,,,,,,,,,,,,,
Neko Case,Fever,,,,,,,,,,,,,,,,
Damien Rice,Volcano (Instrumental),,,,,,,,,,,,,,,,
Neko Case,I Missed The Point,,,,,,,,,,,,,,,,
Negative,Lost Soul,,,,,,,,,,,,,,,,
Hank Williams Iii,The Grand Ole Opry (Ain'T So Grand),,,,,,,,,,,,,,,,
The Ordinary Boys,Life Will Be The Death Of Me,,,,,,,,,,,,,,,,
Hank Williams Iii,I Wish I Knew,,,,,,,,,,,,,,,,
Scissor Sisters,Monkey Baby,,,,,,,,,,,,,,,,
Cmx,Kultanaamio,,,,,,,,,,,,,,,,
Hank Williams Iii,Cocaine Blues,,,,,,,,,,,,,,,,
The Thrills,Say It Ain'T So,,,,,,,,,,,,,,,,
The Thrills,Deckchairs And Cigarettes,,,,,,,,,,,,,,,,
Wolf Eyes,Stabbed In The Face,,,,,,,,,,,,,,,,
Panzer Ag,Chemical Breed,,,,,,,,,,,,,,,,
Hanne Hukkelberg,Cast Anchor,,,,,,,,,,,,,,,,
Wolf Parade,An Animal In Your Care,,,,,,,,,,,,,,,,
Shakira,Hey You,,,,,,,,,,,,,,,,
Yann Tiersen,La Veillée,,,,,,,,,,,,,,,,
Ayreon,Comatose,,,,,,,,,,,,,,,,
Shakira,La Tortura,,,,,,,,,,,,,,,,
Apparat,Schallstrom,,,,,,,,,,,,,,,,
Wilco,Box Full Of Letters,,,,,,,,,,,,,,,,
Jenny Owen Youngs,Lightning Rod,,,,,,,,,,,,,,,,
Carcass,Generation Hexed,,,,,,,,,,,,,,,,
The Russian Futurists,It'S Not Really Cold When It Snows,,,,,,,,,,,,,,,,
Kumm,Different Parties,,,,,,,,,,,,,,,,
Kula Shaker,Tattva,,,,,,,,,,,,,,,,
Fahrenheit,Vuelvo A Vivir,,,,,,,,,,,,,,,,
The Russian Futurists,Precious Metals,,,,,,,,,,,,,,,,
Ricky Martin,She Bangs,,,,,,,,,,,,,,,,
A Perfect Circle,Passive (Radio Edit),,,,,,,,,,,,,,,,
Fahrenheit,Inimaginable,,,,,,,,,,,,,,,,
Jennifer Lopez,I'M Real,,,,,,,,,,,,,,,,
Thursday,The Other Side Of The Crash / Over And Out (Of Control),,,,,,,,,,,,,,,,
Yann Tiersen,L'Homme Aux Bras Ballants,,,,,,,,,,,,,,,,
Philip Glass,Something She Has To Do,,,,,,,,,,,,,,,,
Rilo Kiley,Teenage Love Song,,,,,,,,,,,,,,,,
Rihanna,Don'T Stop The Music (Jody Den Broeder Remix),,,,,,,,,,,,,,,,
Genesis,Lilywhite Lilith,,,,,,,,,,,,,,,,
Emperor,The Wanderer,,,,,,,,,,,,,,,,
Rie Fu,I Wanna Go To A Place..,,,,,,,,,,,,,,,,
L7,Monster,,,,,,,,,,,,,,,,
L'Arc~En~Ciel,Heaven'S Drive,,,,,,,,,,,,,,,,
Kyuss,Capsized,,,,,,,,,,,,,,,,
Nuclear Assault,Sin,,,,,,,,,,,,,,,,
L'Arc~En~Ciel,The Fourth Avenue Cafe,,,,,,,,,,,,,,,,
The Flaming Lips,Be My Head,,,,,,,,,,,,,,,,
The Lawrence Arms,Lose Your Illusion 1,,,,,,,,,,,,,,,,
Hot Chip,Over And Over (Solid Groove Remix),,,,,,,,,,,,,,,,
Angus And Julia Stone,The Beast,,,,,,,,,,,,,,,,
Jenny Lewis,Carpetbaggers,,,,,,,,,,,,,,,,
Atlas Sound,Let The Blind Lead Those Who Can See But Cannot Feel,,,,,,,,,,,,,,,,
Atlas Sound,Children'S Hospital (Screaming In The Face Of Death #2),,,,,,,,,,,,,,,,
Boozoo Bajou,Night Over Manaus,,,,,,,,,,,,,,,,
Dope Stars Inc.,10.000 Watts,,,,,,,,,,,,,,,,
Bang Gang,It'S Allright,,,,,,,,,,,,,,,,
Riverside,Reality Dream,,,,,,,,,,,,,,,,
Cradle Of Filth,A Gothic Romance,,,,,,,,,,,,,,,,
Mindless Self Indulgence,Futures,,,,,,,,,,,,,,,,
Bonobo,Magicman,,,,,,,,,,,,,,,,
The Walkmen,No Christmas While I'M Talking,,,,,,,,,,,,,,,,
Christina Aguilera,Dirrty (Feat. Redman),,,,,,,,,,,,,,,,
Christina Aguilera,Candyman (Offer Nissim Club Mix),,,,,,,,,,,,,,,,
Oasis,Helter Skelter,,,,,,,,,,,,,,,,
Howard Shore,Cirith Ungol,,,,,,,,,,,,,,,,
Hot Chip,Sexual Chocolate,,,,,,,,,,,,,,,,
Milburn,Showroom,,,,,,,,,,,,,,,,
Faith No More,Collision,,,,,,,,,,,,,,,,
Cradle Of Filth,At The Gates Of Midian,,,,,,,,,,,,,,,,
The Script,Talk You Down,,,,,,,,,,,,,,,,
Noumena,The End Of The Century,,,,,,,,,,,,,,,,
Wilco,Less Than You Think,,,,,,,,,,,,,,,,
Gavin Degraw,More Than Anyone,0.8,0.4,0.0,0.4,0.4,0.2,0.8,0.2,0.0,1.0,0.0,0.0,0.0,0.0,0.8,0.0
Phoenix,Embuscade,,,,,,,,,,,,,,,,
A Silver Mt. Zion,Horses In The Sky,0.4,0.4,0.0,0.6,0.6,0.4,0.0,1.0,0.0,0.0,0.0,0.0,0.0,0.0,0.4,0.0
Hooverphonic,Someone,,,,,,,,,,,,,,,,
Hot Hot Heat,Save Us S.O.S.,,,,,,,,,,,,,,,,
The Flaming Lips,Pilot Can At The Queer Of God,,,,,,,,,,,,,,,,
Depeche Mode,Shout,,,,,,,,,,,,,,,,
Explosions In The Sky,Lonely Train,,,,,,,,,,,,,,,,
Akira Yamaoka,Alex Theme,,,,,,,,,,,,,,,,
Oasis,Headshrinker,,,,,,,,,,,,,,,,
Ayreon,Waking Dreams,,,,,,,,,,,,,,,,
Apple Scruffs,(Smokin')The Fairy Tale Of Blood And Bile,,,,,,,,,,,,,,,,
Boris,Nothing Special,,,,,,,,,,,,,,,,
Проверочная Линейка,Освободите Сцену,,,,,,,,,,,,,,,,
Death,Lack Of Comprehension,,,,,,,,,,,,,,,,
Jeff Buckley,Yard Of Blonde Girls,,,,,,,,,,,,,,,,
Electric Six,Vibrator,,,,,,,,,,,,,,,,
As Blood Runs Black,Hester Prynne,,,,,,,,,,,,,,,,
Electrelane,The Valleys,,,,,,,,,,,,,,,,
Electric Six,Synthesizer,,,,,,,,,,,,,,,,
Hot Chip,My Piano,,,,,,,,,,,,,,,,
Staygold,Never Sleep Alone,,,,,,,,,,,,,,,,
Status Quo,Down Down,,,,,,,,,,,,,,,,
Cradle Of Filth,Sleepless,,,,,,,,,,,,,,,,
La Quinta Estación,Me Muero,,,,,,,,,,,,,,,,
La Oreja De Van Gogh,Jueves,,,,,,,,,,,,,,,,
Richard O'Brien,Sweet Transvestite,,,,,,,,,,,,,,,,
La Roux,In For The Kill,,,,,,,,,,,,,,,,
A Fine Frenzy,Near To You,,,,,,,,,,,,,,,,
George Harrison,Apple Scruffs,,,,,,,,,,,,,,,,
Richard Ashcroft,Check The Meaning,,,,,,,,,,,,,,,,
Richard Ashcroft,World Keeps Turning,,,,,,,,,,,,,,,,
A Smile And A Ribbon,A Nice Walk In The Park,,,,,,,,,,,,,,,,
Stam1Na,Edessäni,,,,,,,,,,,,,,,,
Stabbing Westward,Throw,,,,,,,,,,,,,,,,
Lacuna Coil,A Current Obsession,,,,,,,,,,,,,,,,
Midge Ure,If I Was,,,,,,,,,,,,,,,,
Riverside,The Curtain Falls,,,,,,,,,,,,,,,,
Riverside,Ultimate Trip,,,,,,,,,,,,,,,,
Rjd2,Through The Walls,,,,,,,,,,,,,,,,
Noumena,Prey Of The Tempter,,,,,,,,,,,,,,,,
Midlake,I Guess I'Ll Take Care,,,,,,,,,,,,,,,,
Noumena,Slain Memories,,,,,,,,,,,,,,,,
Misfits,Death Comes Ripping,,,,,,,,,,,,,,,,
Oceansize,Unravel,,,,,,,,,,,,,,,,
Rob Dougan,I'M Not Driving Anymore,,,,,,,,,,,,,,,,
Bonnie 'Prince' Billy,Mrs William,,,,,,,,,,,,,,,,
Rob Dougan,Instrumental,,,,,,,,,,,,,,,,
Rob Dougan,Will You Follow Me?,,,,,,,,,,,,,,,,
Bonnie 'Prince' Billy,Ohio River Boat Song,,,,,,,,,,,,,,,,
The Chemical Brothers,Surrender,,,,,,,,,,,,,,,,
Gary Numan,I Die: You Die,,,,,,,,,,,,,,,,
Thievery Corporation,The Time We Lost Our Way (Feat. Loulou),,,,,,,,,,,,,,,,
Oceansize,No Tomorrow,,,,,,,,,,,,,,,,
Oceansize,Amputee,,,,,,,,,,,,,,,,
Umbrellas,The City Lights,,,,,,,,,,,,,,,,
Oceansize,Music For A Nurse,,,,,,,,,,,,,,,,
Jedi Mind Tricks,When All Light Dies,,,,,,,,,,,,,,,,
Oasis,Where Did It All Go Wrong?,0.8,0.4,0.0,0.4,0.6,0.4,0.8,0.0,0.0,0.4,0.0,0.0,0.0,0.0,0.8,0.0
Jeff Buckley,Corpus Christi Carol (Cut),,,,,,,,,,,,,,,,
Backstreet Boys,As Long As You Love Me,,,,,,,,,,,,,,,,
Miriam Makeba,Pata Pata,,,,,,,,,,,,,,,,
Bachman-Turner Overdrive,You Ain'T Seen Nothing Yet,,,,,,,,,,,,,,,,
Christina Aguilera,Loving Me 4 Me,,,,,,,,,,,,,,,,
Christina Aguilera,Lady Marmalade,,,,,,,,,,,,,,,,
Christina Aguilera,Without You,,,,,,,,,,,,,,,,
The Walkmen,Everyone Who Pretended To Like Me Is Gone,,,,,,,,,,,,,,,,
Ani Difranco,Superhero,,,,,,,,,,,,,,,,
Tears For Fears,I Believe,,,,,,,,,,,,,,,,
Christina Aguilera,Make Over,,,,,,,,,,,,,,,,
The Knife,We Share Our Mothers Health,,,,,,,,,,,,,,,,
Robbie Williams,Bongo Bong And Je Ne T'Aime Plus,,,,,,,,,,,,,,,,
Noisettes,Bridge To Canada,,,,,,,,,,,,,,,,
Christine Guldbrandsen,Alvedansen (Norway),,,,,,,,,,,,,,,,
David Guetta,Never Take Away My Freedom,,,,,,,,,,,,,,,,
Ben Macklin,Feel Together (Vocal Dub) (Feat. Tiger Lilly),,,,,,,,,,,,,,,,
Syd Barrett,Two Of A Kind,,,,,,,,,,,,,,,,
Lady Gaga,Poker Face (Jody Den Broeder Remix),,,,,,,,,,,,,,,,
Black Rebel Motorcycle Club,U.S. Government,,,,,,,,,,,,,,,,
Derrick Morgan,Blazing Fire,,,,,,,,,,,,,,,,
Rob Zombie,Meet The Creeper,,,,,,,,,,,,,,,,
Rob Zombie,17 Year Locust,,,,,,,,,,,,,,,,
Garbage,Sleep,,,,,,,,,,,,,,,,
Atlas Sound,Blue Moon,,,,,,,,,,,,,,,,
Laibach,Tanz Mit Laibach,,,,,,,,,,,,,,,,
Pierce Brosnan And Meryl Streep,Sos,,,,,,,,,,,,,,,,
The Lemonheads,The Turnpike Down,,,,,,,,,,,,,,,,
Lake Of Tears,So Fell Autumn Rain,,,,,,,,,,,,,,,,
Stephanie,Friends,,,,,,,,,,,,,,,,
Misfits,Cough/Cool,,,,,,,,,,,,,,,,
Misfits,Crawling Eye,,,,,,,,,,,,,,,,
Geri Halliwell,It'S Raining Men,,,,,,,,,,,,,,,,
Viikate,Karmiini Juhlasali,,,,,,,,,,,,,,,,
Beastie Boys,Shambala,,,,,,,,,,,,,,,,
Norther,Betrayed,,,,,,,,,,,,,,,,
Viikate,Otteita Syksystä,,,,,,,,,,,,,,,,
Rhapsody Of Fire,Lamento Eroico,,,,,,,,,,,,,,,,
Atheist,Mother Man,,,,,,,,,,,,,,,,
Ghost Of The Robot,Angel,,,,,,,,,,,,,,,,
Darkwell,Suspiria,,,,,,,,,,,,,,,,
Exodus,Strike Of The Beast,,,,,,,,,,,,,,,,
Darkwell,The Beginning,,,,,,,,,,,,,,,,
The Contours,Do You Love Me,,,,,,,,,,,,,,,,
The Cool Kids,Mikey Rocks,,,,,,,,,,,,,,,,
Extreme,Politicalamity,,,,,,,,,,,,,,,,
The Cooper Temple Clause,Connect,,,,,,,,,,,,,,,,
Kreator,When Death Takes Its Dominion,,,,,,,,,,,,,,,,
Beastie Boys,Tough Guy,,,,,,,,,,,,,,,,
Black Label Society,We Live No More,,,,,,,,,,,,,,,,
Kreator,Dying Race Apocalypse,,,,,,,,,,,,,,,,
Boston,Don'T Look Back,,,,,,,,,,,,,,,,
St. Germain,Sentimental Mood,,,,,,,,,,,,,,,,
St. Vincent,Human Racing,,,,,,,,,,,,,,,,
The Cool Kids,Bassment Party,,,,,,,,,,,,,,,,
Ghostface Killah,Winter Warz,,,,,,,,,,,,,,,,
The Rolling Stones,Let Me Down Slow,,,,,,,,,,,,,,,,
A Tribe Called Quest,Clap Your Hands,,,,,,,,,,,,,,,,
Gigi D'Agostino,La Passion,,,,,,,,,,,,,,,,
Kreator,One Evil Comes - A Million Follow,,,,,,,,,,,,,,,,
Repo! The Genetic Opera,21St Century Cure,,,,,,,,,,,,,,,,
Gigi D'Agostino,I'Ll Fly With You,,,,,,,,,,,,,,,,
The Coffinshakers,Black Sunday,,,,,,,,,,,,,,,,
Skinny Puppy,Far Too Frail,,,,,,,,,,,,,,,,
Tori Amos,Don'T Make Me Come To Vegas,,,,,,,,,,,,,,,,
Skinny Puppy,Hardset Head,,,,,,,,,,,,,,,,
Black Light Burns,Coward,,,,,,,,,,,,,,,,
Black Label Society,Say What You Will,,,,,,,,,,,,,,,,
Miss Kittin,Dub About Me,,,,,,,,,,,,,,,,
A Tribe Called Quest,Show Business,,,,,,,,,,,,,,,,
Box Car Racer,The End With You,,,,,,,,,,,,,,,,
Mission Of Burma,This Is Not A Photograph,,,,,,,,,,,,,,,,
Kotiteollisuus,Tämän Taivaan Alla,,,,,,,,,,,,,,,,
Miss Kittin,Play Me A Tape,,,,,,,,,,,,,,,,
The Cooper Temple Clause,Music Box,,,,,,,,,,,,,,,,
Kraftwerk,The Man Machine,,,,,,,,,,,,,,,,
Regina Spektor,Lulliby,,,,,,,,,,,,,,,,
The Shins,Mild Child,,,,,,,,,,,,,,,,
El Ten Eleven,My Only Swerving,,,,,,,,,,,,,,,,
Faith No More,Midnight Cowboy,,,,,,,,,,,,,,,,
The Apples In Stereo,Winter Must Be Cold,,,,,,,,,,,,,,,,
The Coral,She Sings The Mourning,,,,,,,,,,,,,,,,
Dark Funeral,Thy Legions Come,,,,,,,,,,,,,,,,
Boys Like Girls,On Top Of The World,,,,,,,,,,,,,,,,
Do Make Say Think,It'S Gonna Rain,,,,,,,,,,,,,,,,
Desmond Dekker,007 (Shanty Town),,,,,,,,,,,,,,,,
Veruca Salt,With David Bowie,0.8,0.6,0.0,0.2,1.0,0.8,0.0,0.0,0.0,0.0,0.0,0.0,0.0,0.0,0.8,0.0
Boy Omega,We Might Not Be Real,,,,,,,,,,,,,,,,
Peter Doherty,1939 Returning,,,,,,,,,,,,,,,,
Chris Vrenna,Flying On The Wings Of Steam,,,,,,,,,,,,,,,,
The Shape Shifters,Back To Basics,,,,,,,,,,,,,,,,
Michael Jackson,Scream,,,,,,,,,,,,,,,,
:Wumpscut:,Troops Under Fire,,,,,,,,,,,,,,,,
A-Ha,Birthright,,,,,,,,,,,,,,,,
Ania,Trudno Mi Się Przyznać,,,,,,,,,,,,,,,,
Robbie Williams,Sexed Up,,,,,,,,,,,,,,,,
Boyz Ii Men,End Of The Road,,,,,,,,,,,,,,,,
Boys Noize,Arcade Robot,,,,,,,,,,,,,,,,
Thursday,Into The Blinding Light,,,,,,,,,,,,,,,,
Emma Bunton,Let Your Baby Show You How To Move,,,,,,,,,,,,,,,,
Chris Rea,On The Beach,,,,,,,,,,,,,,,,
Black Label Society,Blackened Waters,,,,,,,,,,,,,,,,
Tears For Fears,Suffer The Children,,,,,,,,,,,,,,,,
Death,Individual Thought Patterns,,,,,,,,,,,,,,,,
Jay-Z,U Don'T Know,,,,,,,,,,,,,,,,
Death,In Human Form,,,,,,,,,,,,,,,,
Dean Martin,Let It Snow! Let It Snow! Let It Snow!,,,,,,,,,,,,,,,,
Ohgr,Jako,,,,,,,,,,,,,,,,
Tiësto,Ur,,,,,,,,,,,,,,,,
U2,Mlk,,,,,,,,,,,,,,,,
The Fiery Furnaces,My Egyptian Grammar,,,,,,,,,,,,,,,,
Black Sabbath,Dirty Women,,,,,,,,,,,,,,,,
Land Of Talk,All My Friends,,,,,,,,,,,,,,,,
Lamb,Small,,,,,,,,,,,,,,,,
Lamya,Black Mona Lisa,,,,,,,,,,,,,,,,
The Shins,Weird Divide (Original),,,,,,,,,,,,,,,,
Sneaker Pimps,Blue Movie,,,,,,,,,,,,,,,,
Holly Golightly,Walk A Mile,,,,,,,,,,,,,,,,
Dntel,The Distance (Metronomy Remix),,,,,,,,,,,,,,,,
Dar Williams,February,,,,,,,,,,,,,,,,
Piglet,Anthropology Anthology,,,,,,,,,,,,,,,,
Cream,Outside Woman Blues,,,,,,,,,,,,,,,,
The Chemical Brothers,Battle Scars,,,,,,,,,,,,,,,,
Animal Collective,It'S You,,,,,,,,,,,,,,,,
The Charlatans,How High,,,,,,,,,,,,,,,,
El Ten Eleven,Sorry About Your Irony,,,,,,,,,,,,,,,,
Cannibal Corpse,Make Them Suffer,,,,,,,,,,,,,,,,
Canned Heat,Going Up The Country,,,,,,,,,,,,,,,,
Hole,Reasons To Be Beautiful,,,,,,,,,,,,,,,,
Stereophonics,Lolita,,,,,,,,,,,,,,,,
The Field Mice,Sensitive,,,,,,,,,,,,,,,,
Snow Patrol,Make Love To Me Forever,,,,,,,,,,,,,,,,
Jethro Tull,Slipstream,,,,,,,,,,,,,,,,
Stereophonics,Deadhead,,,,,,,,,,,,,,,,
The Field,Sun & Ice,,,,,,,,,,,,,,,,
Swervedriver,Duel,,,,,,,,,,,,,,,,
:Wumpscut:,Concrete Rage,,,,,,,,,,,,,,,,
Serge Gainsbourg,Ford Mustang,,,,,,,,,,,,,,,,
Akurat,Łyżeczka,,,,,,,,,,,,,,,,
Chris Garneau,We Don'T Try,,,,,,,,,,,,,,,,
Air Traffic,No More Running Away,,,,,,,,,,,,,,,,
Arvo Pärt,Für Alina,,,,,,,,,,,,,,,,
Jimi Hendrix,Who Knows,,,,,,,,,,,,,,,,
The Frames,Trying,,,,,,,,,,,,,,,,
Nofx,The Quass,,,,,,,,,,,,,,,,
Ok Go,What To Do,,,,,,,,,,,,,,,,
Sweet Coffee,Keep On Running (Sterac Electronics Remix),,,,,,,,,,,,,,,,
Michael Andrews,F***,,,,,,,,,,,,,,,,
Ben Kweller,I Don'T Know Why,,,,,,,,,,,,,,,,
Ben Kweller,Nothing Happening,,,,,,,,,,,,,,,,
Skalpel,Test Drive,,,,,,,,,,,,,,,,
Ben Kweller,Thirteen,,,,,,,,,,,,,,,,
Chromeo,Destination: Overdrive,,,,,,,,,,,,,,,,
Ben Kweller,Magic,,,,,,,,,,,,,,,,
Hocico,Un Alma Y El Vacio,,,,,,,,,,,,,,,,
Doves,Compulsion,,,,,,,,,,,,,,,,
Chris Lake & Emma Hewitt,Carry Me Away,,,,,,,,,,,,,,,,
Doves,House Of Mirrors,,,,,,,,,,,,,,,,
St. Germain,Easy To Remember,,,,,,,,,,,,,,,,
Girls Aloud,I'Ll Stand By You,,,,,,,,,,,,,,,,
Ben Lee,Ache For You,,,,,,,,,,,,,,,,
The Research,Lonely Hearts Still Beat The Same,,,,,,,,,,,,,,,,
Girls Aloud,The Loving Kind,,,,,,,,,,,,,,,,
The Coral,Secret Kiss,,,,,,,,,,,,,,,,
Black Flag,No More,,,,,,,,,,,,,,,,
The Red Jumpsuit Apparatus,Seventeen Ain'T So Sweet,,,,,,,,,,,,,,,,
Black Flag,Nothing Left Inside,,,,,,,,,,,,,,,,
Korn,10 Or A 2-Way,,,,,,,,,,,,,,,,
Moby,Into The Blue,,,,,,,,,,,,,,,,
The Raveonettes,Untamed Girls,,,,,,,,,,,,,,,,
Tina Dickow,Room With A View,,,,,,,,,,,,,,,,
Brandi Carlile,What Can I Say,,,,,,,,,,,,,,,,
Modeselektor,Sucker Pin,,,,,,,,,,,,,,,,
Violent Femmes,Gimme The Car,,,,,,,,,,,,,,,,
Ayọ,Life Is Real,,,,,,,,,,,,,,,,
Red Hot Chili Peppers,Taste The Pain,,,,,,,,,,,,,,,,
Constantines,Lizaveta,,,,,,,,,,,,,,,,
The Wedding Present,Everyone Thinks He Looks Daft,,,,,,,,,,,,,,,,
Constantines,St. You,,,,,,,,,,,,,,,,
The Wedding Present,Dalliance,,,,,,,,,,,,,,,,
Korn,It'S Gonna Go Away,,,,,,,,,,,,,,,,
Glasvegas,Ice Cream Van,,,,,,,,,,,,,,,,
The Weakerthans,Watermark,,,,,,,,,,,,,,,,
Gisela,Casanova,,,,,,,,,,,,,,,,
Red Sparowes,Mechanical Sounds Cascaded Through The City Walls And Everyone Reveled In Their Ignorance.,,,,,,,,,,,,,,,,
Red House Painters,Song For A Blue Guitar,,,,,,,,,,,,,,,,
Dr. Dog,The Old Days,,,,,,,,,,,,,,,,
Candie Payne,I Wish I Could Have Loved You More,,,,,,,,,,,,,,,,
Korn,I'M Done,,,,,,,,,,,,,,,,
Korn,Evolution,,,,,,,,,,,,,,,,
Korpiklaani,Let'S Drink,,,,,,,,,,,,,,,,
The Reindeer Section,I'Ll Be Here When You Wake,,,,,,,,,,,,,,,,
Korpiklaani,Kirki,,,,,,,,,,,,,,,,
The Replacements,Alex Chilton,,,,,,,,,,,,,,,,
Modest Mouse,Exit Does Not Exist,,,,,,,,,,,,,,,,
Everything But The Girl,Corcovado,,,,,,,,,,,,,,,,
Sheena Easton,For Your Eyes Only,,,,,,,,,,,,,,,,
Exodus,Deliver Us To Evil,,,,,,,,,,,,,,,,
Sharon Jones And The Dap-Kings,Nobody'S Baby,,,,,,,,,,,,,,,,
Shayne Ward,No Promises,,,,,,,,,,,,,,,,
The American Analog Set,Cool Kids Keep,,,,,,,,,,,,,,,,
Stereophonics,More Life In A Tramps Vest,,,,,,,,,,,,,,,,
Atb,Sun Goes Down,,,,,,,,,,,,,,,,
Mew,Coffee Break,,,,,,,,,,,,,,,,
Ok Go,A Million Ways (Album Version),,,,,,,,,,,,,,,,
Jawbreaker,Fireman,,,,,,,,,,,,,,,,
Xploding Plastix,Tintinnamputation,,,,,,,,,,,,,,,,
Okkervil River,Lady Liberty,,,,,,,,,,,,,,,,
Will Smith,Men In Black,,,,,,,,,,,,,,,,
Mew,Panda,,,,,,,,,,,,,,,,
Okkervil River,Okkervil River Song,,,,,,,,,,,,,,,,
Galaxie 500,Don'T Let Our Youth Go To Waste,,,,,,,,,,,,,,,,
Cream,Sitting On Top Of The World,,,,,,,,,,,,,,,,
Robots In Disguise,Mirror,,,,,,,,,,,,,,,,
The Sisters Of Mercy,Something Fast,,,,,,,,,,,,,,,,
Mew,Shespider,,,,,,,,,,,,,,,,
Deus,Favourite Game,,,,,,,,,,,,,,,,
Robyn,Should Have Known,0.2,0.2,1.0,0.4,0.2,0.2,0.0,0.0,0.0,0.0,0.0,0.0,1.0,0.8,0.4,0.0
Black Sabbath,Trashed,,,,,,,,,,,,,,,,
The Sisters Of Mercy,Nine While Nine,0.4,0.4,1.0,0.0,0.6,0.6,0.0,0.0,0.0,0.0,0.0,0.0,0.6,0.8,1.0,0.0
Mf Doom,Fig Leaf Bi-Carbonate,,,,,,,,,,,,,,,,
Mf Doom,Potholderz (Feat. Count Bass D),,,,,,,,,,,,,,,,
Black Sabbath,Supertzar,,,,,,,,,,,,,,,,
Mf Doom,Poo-Putt Platter,,,,,,,,,,,,,,,,
Gaelle,Falling,,,,,,,,,,,,,,,,
Metronomy,Black Eye / Burnt Thumb,,,,,,,,,,,,,,,,
Soda Stereo,Pasos,,,,,,,,,,,,,,,,
The Rapture,Out Of The Races And Onto The Tracks,1.0,0.8,0.0,0.6,0.8,0.6,0.0,0.0,0.0,0.0,0.0,0.0,0.6,0.8,1.0,0.0
Skalpel,Hiperbole,,,,,,,,,,,,,,,,
Modest Mouse,You'Re The Good Things,,,,,,,,,,,,,,,,
Ane Brun,The Fight Song,,,,,,,,,,,,,,,,
Brazilian Girls,Never Met A German,,,,,,,,,,,,,,,,
Stereophonics,Pedalpusher,,,,,,,,,,,,,,,,
Stereophonics,Pass The Buck,,,,,,,,,,,,,,,,
Kmfdm,Flesh,,,,,,,,,,,,,,,,
Steve Angello,Teasing Mister Charlie,,,,,,,,,,,,,,,,
Rome,A Burden Of Flowers,,,,,,,,,,,,,,,,
Roger Waters,Who Needs Information,,,,,,,,,,,,,,,,
Funki Porcini,Purrfect,,,,,,,,,,,,,,,,
Rod Stewart,Lady Luck,,,,,,,,,,,,,,,,
The Sisters Of Mercy,Under The Gun,,,,,,,,,,,,,,,,
The Longcut,Transition,,,,,,,,,,,,,,,,
Jimmy Eat World,12.23.95,,,,,,,,,,,,,,,,
Test Icicles,What'S Your Damage?,,,,,,,,,,,,,,,,
Testament,First Strike Is Deadly,,,,,,,,,,,,,,,,
Jimmy Eat World,Be Sensible,,,,,,,,,,,,,,,,
Sweeney Todd,The Worst Pies In London,,,,,,,,,,,,,,,,
Eminem,Curtains Up,,,,,,,,,,,,,,,,
Sweet,Blockbuster,,,,,,,,,,,,,,,,
Dr. Dog,Keep A Friend,,,,,,,,,,,,,,,,
Fugazi,Sweet And Low,0.8,0.6,0.0,0.2,0.8,0.6,0.0,0.0,0.0,0.0,0.0,0.0,0.0,0.0,0.8,0.0
Evil'S Toy,I Want To Believe,,,,,,,,,,,,,,,,
Moby,Southside (Feat. Gwen Stefani),,,,,,,,,,,,,,,,
Metallica,Die Die My Darling,1.0,1.0,0.0,0.0,1.0,1.0,0.0,0.0,0.0,0.0,0.0,0.0,0.0,0.0,0.8,0.0
Can,One More Night,,,,,,,,,,,,,,,,
Jimi Hendrix,Remember,,,,,,,,,,,,,,,,
Air,You Make It Easy (Feat. Beth Hirsch),,,,,,,,,,,,,,,,
The Long Blondes,Darts,,,,,,,,,,,,,,,,
Noah And The Whale,2 Atoms In A Molecule,,,,,,,,,,,,,,,,
Fugazi,Target,,,,,,,,,,,,,,,,
The Chameleons,Don'T Fall,,,,,,,,,,,,,,,,
Meshuggah,Transfixion,,,,,,,,,,,,,,,,
Funeral For A Friend,The Great Wide Open,,,,,,,,,,,,,,,,
Ted Leo And The Pharmacists,The Gold Finch And The Red Oak Tree,,,,,,,,,,,,,,,,
Fun Lovin' Criminals,King Of New York,,,,,,,,,,,,,,,,
Laura Veirs,Black Gold Blues,,,,,,,,,,,,,,,,
Laurel Music,Dreams And Lies,,,,,,,,,,,,,,,,
Laura Veirs,Rapture,,,,,,,,,,,,,,,,
Hushpuppies,You'Re Gonna Say Yeah,1.0,0.8,0.0,0.4,1.0,0.8,0.0,0.0,0.0,0.0,0.0,0.0,0.0,0.0,0.8,0.0
Jason Mraz,Make It Mine,,,,,,,,,,,,,,,,
Al Green,Let'S Get Married,,,,,,,,,,,,,,,,
Test Icicles,Sharks,,,,,,,,,,,,,,,,
Crippled Black Phoenix,Long Cold Summer,,,,,,,,,,,,,,,,
Camille,Au Port,,,,,,,,,,,,,,,,
Pink Floyd,Wot'S... Uh The Deal,,,,,,,,,,,,,,,,
The Audition,You'Ve Made Us Conscious,,,,,,,,,,,,,,,,
The Kinks,Sitting By The Riverside,,,,,,,,,,,,,,,,
Chris Cornell,Billie Jean,,,,,,,,,,,,,,,,
The Sleepy Jackson,God Lead Your Soul,,,,,,,,,,,,,,,,
Bomb The Music Industry!,(Shut) Up The Punx!!!,,,,,,,,,,,,,,,,
The Avalanches,Little Journey,,,,,,,,,,,,,,,,
Gnarls Barkley,She Knows,,,,,,,,,,,,,,,,
Modest Mouse,Sleepwalkin',,,,,,,,,,,,,,,,
Ane Brun,Wooden Body,,,,,,,,,,,,,,,,
Ane Brun,So You Did It Again,,,,,,,,,,,,,,,,
Conjure One,Premonition (Reprise),,,,,,,,,,,,,,,,
Gnarls Barkley,Open Book,,,,,,,,,,,,,,,,
The Cribs,Baby Don'T Sweat,,,,,,,,,,,,,,,,
Bebel Gilberto,Close Your Eyes,,,,,,,,,,,,,,,,
Aimee Mann,King Of The Jailhouse,,,,,,,,,,,,,,,,
The Crystal Method,Jaded,,,,,,,,,,,,,,,,
Sofia Talvik,Ghosts,,,,,,,,,,,,,,,,
Klaus Badelt,Moonlight Serenade,,,,,,,,,,,,,,,,
Έλενα Παπαρίζου,Mambo (English Version),,,,,,,,,,,,,,,,
Sofa Surfers,Sofa Rockers,,,,,,,,,,,,,,,,
Ben Harper,Steal My Kisses,,,,,,,,,,,,,,,,
Everything But The Girl,Rollercoaster,,,,,,,,,,,,,,,,
Klimt 1918,Naif Watercolour,,,,,,,,,,,,,,,,
Hilary Duff,Beat Of My Heart,,,,,,,,,,,,,,,,
The Whip,Divebomb,,,,,,,,,,,,,,,,
Dr. Hook,Sylvia'S Mother,0.6,0.4,0.0,0.2,0.6,0.2,1.0,0.0,0.0,0.4,0.6,0.0,0.0,0.0,0.8,0.0
Conjure One,Face The Music,,,,,,,,,,,,,,,,
Andy Mckee,Shanghai,,,,,,,,,,,,,,,,
The Cribs,What About Me,,,,,,,,,,,,,,,,
Godspeed You! Black Emperor,Blaise Bailey Finnegan Iii,,,,,,,,,,,,,,,,
Chuck Berry,Sweet Little Sixteen,,,,,,,,,,,,,,,,
Pink Floyd,The Scarecrow,0.4,0.2,0.0,0.6,0.6,0.2,0.6,0.0,0.0,0.0,0.4,0.0,0.0,0.0,0.4,0.0
Him,Venus (In Our Blood),,,,,,,,,,,,,,,,
The Feeling,Rose,,,,,,,,,,,,,,,,
Einstürzende Neubauten,Total Eclipse Of The Sun,,,,,,,,,,,,,,,,
Pink Military,Did You See Her,,,,,,,,,,,,,,,,
Ted Leo And The Pharmacists,Dead Voices,,,,,,,,,,,,,,,,
Ted Leo And The Pharmacists,Colleen,,,,,,,,,,,,,,,,
Mojave 3,In Love With A View,,,,,,,,,,,,,,,,
The Weepies,Citywide Rodeo,,,,,,,,,,,,,,,,
The Fratellis,Acid Jazz Singer,,,,,,,,,,,,,,,,
Ted Leo And The Pharmacists,The Crane Takes Flight,,,,,,,,,,,,,,,,
The Fratellis,The Gutterati?,,,,,,,,,,,,,,,,
Pere Ubu,Humor Me,,,,,,,,,,,,,,,,
Tortoise,Swung From The Gutters,,,,,,,,,,,,,,,,
Szymon Wydra & Carpe Diem,Pozwól Mi Lepszym Być,0.6,0.4,0.0,0.2,0.6,0.4,0.8,0.0,0.0,0.4,0.0,0.0,0.0,0.0,0.6,0.0
Pere Ubu,Real World,,,,,,,,,,,,,,,,
Gogol Bordello,Copycat,,,,,,,,,,,,,,,,
Evanescence,Surrender,,,,,,,,,,,,,,,,
Gogol Bordello,Super Taranta!,,,,,,,,,,,,,,,,
Joe Purdy,I Love The Rain The Most,,,,,,,,,,,,,,,,
Deutsch Amerikanische Freundschaft,Der Mussolini,,,,,,,,,,,,,,,,
Spoon,Chloroform,,,,,,,,,,,,,,,,
Dragonette,True Believer,,,,,,,,,,,,,,,,
Fugazi,Margin Walker,,,,,,,,,,,,,,,,
Mokoma,Vainottu,,,,,,,,,,,,,,,,
The Slickers,Johnny Too Bad,,,,,,,,,,,,,,,,
Metallica,Outlaw Torn,,,,,,,,,,,,,,,,
Bikini Kill,Suck My Left One,,,,,,,,,,,,,,,,
The Cast,Auld Lang Syne,,,,,,,,,,,,,,,,
Bikini Kill,Sugar,,,,,,,,,,,,,,,,
Fugazi,Sieve-Fisted Find,,,,,,,,,,,,,,,,
Fugazi,Brendan #1,,,,,,,,,,,,,,,,
Fujiya & Miyagi,Sore Thumb,,,,,,,,,,,,,,,,
The Magic Numbers,Let Somebody In,,,,,,,,,,,,,,,,
The Cardigans,Please Sister,,,,,,,,,,,,,,,,
Anja Garbarek,Can I Keep Him?,,,,,,,,,,,,,,,,
The Smashing Pumpkins,I Of The Mourning,,,,,,,,,,,,,,,,
Aiden,Die Romantic,,,,,,,,,,,,,,,,
Devendra Banhart,Dragonflys,,,,,,,,,,,,,,,,
Le Tigre,Dyke March 2001,,,,,,,,,,,,,,,,
Japan,Methods Of Dance,,,,,,,,,,,,,,,,
Olspur,Are You Ready For This Mon?,,,,,,,,,,,,,,,,
Steve Reich,Pulses,,,,,,,,,,,,,,,,
Elin Sigvardsson,Where To Start,,,,,,,,,,,,,,,,
Third Eye Blind,God Of Wine,,,,,,,,,,,,,,,,
Metallica,- Human,,,,,,,,,,,,,,,,
Kiss,C'Mon And Love Me,,,,,,,,,,,,,,,,
Kings Of Convenience,Manhattan Skyline,,,,,,,,,,,,,,,,
Kiss,I Wanna Rock And Roll All Night,,,,,,,,,,,,,,,,
Björk,Verandi,,,,,,,,,,,,,,,,
I Am Kloot,Astray,,,,,,,,,,,,,,,,
Common,Real People,,,,,,,,,,,,,,,,
Common,Love Is...,,,,,,,,,,,,,,,,
Mokoma,Poltetun Maan Taktiikkaa,,,,,,,,,,,,,,,,
Ratatat,Gipsy Threat,,,,,,,,,,,,,,,,
Alkaline Trio,Hell Yes,,,,,,,,,,,,,,,,
Pelican,Autumn Into Summer,,,,,,,,,,,,,,,,
The Smashing Pumpkins,Marquis In Spades,,,,,,,,,,,,,,,,
To/Die/For,In The Heat Of The Night,,,,,,,,,,,,,,,,
Leftfield,Dusted,,,,,,,,,,,,,,,,
King Creosote,Just After 11 She Left,,,,,,,,,,,,,,,,
Timo Maas,First Day (Feat. Brian Molko),,,,,,,,,,,,,,,,
Crossover,Dark Blue,,,,,,,,,,,,,,,,
King Crimson,Elephant Talk,,,,,,,,,,,,,,,,
King Crimson,Heartbeat,,,,,,,,,,,,,,,,
Black Tambourine,We Can'T Be Friends,,,,,,,,,,,,,,,,
I Am Kloot,Hong Kong Lullaby,,,,,,,,,,,,,,,,
Le Tigre,Très Bien,,,,,,,,,,,,,,,,
Rotting Christ,Helios Hyperion,,,,,,,,,,,,,,,,
Monty Python,Money Song,,,,,,,,,,,,,,,,
I Am Kloot,A Strange Arrangement Of Colour,,,,,,,,,,,,,,,,
I Am Kloot,An Ordinary Girl,,,,,,,,,,,,,,,,
Bauhaus,Rosegarden Funeral Of Sores,,,,,,,,,,,,,,,,
Draconian,Reversio Ad Secessum,,,,,,,,,,,,,,,,
Mono,The Flames Beyond The Cold Mountain,,,,,,,,,,,,,,,,
Eels,My Descent Into Madness,0.4,0.2,0.0,0.6,0.4,0.2,0.0,0.8,0.0,0.6,0.0,0.0,0.0,0.0,0.4,0.2
Le Tigre,Much Finer,,,,,,,,,,,,,,,,
Dreadful Shadows,Twist In My Sobriety,1.0,0.8,0.0,0.4,1.0,1.0,0.0,0.6,0.0,0.0,0.4,0.0,0.6,0.6,1.0,0.0
The Smashing Pumpkins,Raindrops + Sunshowers,,,,,,,,,,,,,,,,
Ennio Morricone,A Silhouette Of Doom,,,,,,,,,,,,,,,,
Moonspell,Once It Was Ours!,,,,,,,,,,,,,,,,
Morbid Angel,Suffocation,,,,,,,,,,,,,,,,
Morcheeba,Let It Go,,,,,,,,,,,,,,,,
Brian Eno,Drift,,,,,,,,,,,,,,,,
Depeche Mode,And Then...,,,,,,,,,,,,,,,,
Leftöver Crack,Feed The Children (Books Of Lies),,,,,,,,,,,,,,,,
Le Tigre,Fyr,,,,,,,,,,,,,,,,
Leftfield,Inspection (Check One),,,,,,,,,,,,,,,,
The Magnetic Fields,Boa Constrictor,,,,,,,,,,,,,,,,
Enigma,Smell Of Desire,,,,,,,,,,,,,,,,
The Magnetic Fields,I Don'T Really Love You Anymore,,,,,,,,,,,,,,,,
Rotting Christ,Χάος Γένετο (The Sign Of Prime Creation),,,,,,,,,,,,,,,,
The Magnetic Fields,Either You Don'T Love Me Or I Don'T Love You,,,,,,,,,,,,,,,,
Roxette,Fireworks,,,,,,,,,,,,,,,,
The Back Horn,Wana,,,,,,,,,,,,,,,,
The Babys,Shounen Knife,,,,,,,,,,,,,,,,
Danny Elfman,Sally'S Song,,,,,,,,,,,,,,,,
Tom Waits,Watch Her Disappear,,,,,,,,,,,,,,,,
Leftöver Crack,Born To Die,,,,,,,,,,,,,,,,
Nina Simone,Little Girl Blue,,,,,,,,,,,,,,,,
The Magic Numbers,You Never Had It,,,,,,,,,,,,,,,,
Joe Walsh,Life'S Been Good,,,,,,,,,,,,,,,,
Mercury Rev,The Funny Bird,,,,,,,,,,,,,,,,
Leela James,Music,,,,,,,,,,,,,,,,
Ben Harper,Never Leave Lonely Alone,,,,,,,,,,,,,,,,
Led Zeppelin,I'M Gonna Crawl,,,,,,,,,,,,,,,,
Megadeth,Rust In Peace... Polaris,,,,,,,,,,,,,,,,
Crystal Castles,Black Fag (No Version),,,,,,,,,,,,,,,,
The View,Wasted Little Dj'S,,,,,,,,,,,,,,,,
Deniece Williams,Let'S Hear It For The Boy,,,,,,,,,,,,,,,,
Lene Lovich,Say When,,,,,,,,,,,,,,,,
Melanie C,Never Be The Same Again (Single Edit),,,,,,,,,,,,,,,,
One Day As A Lion,Last Letter,,,,,,,,,,,,,,,,
One Day As A Lion,If You Fear Dying,,,,,,,,,,,,,,,,
Dream Theater,Finally Free,,,,,,,,,,,,,,,,
Peeping Tom,Celebrity Death Match (Feat. Kid Koala),,,,,,,,,,,,,,,,
Crystal Castles,Trash Hologram,0.4,0.2,1.0,0.0,0.0,0.0,0.0,0.0,0.0,0.0,0.0,0.0,1.0,1.0,0.0,0.0
Db Boulebard,Point Of View,,,,,,,,,,,,,,,,
The Bronx,Heart Attack American,,,,,,,,,,,,,,,,
Stevie Ray Vaughan,Mary Had A Little Lamb,,,,,,,,,,,,,,,,
The Bug,Freak Freak,,,,,,,,,,,,,,,,
Front 242,Lovely Day,,,,,,,,,,,,,,,,
Roxy Music,Editions Of You,,,,,,,,,,,,,,,,
The Bronx,History'S Stranglers,,,,,,,,,,,,,,,,
Bauhaus,Kick In The Eye 2,,,,,,,,,,,,,,,,
Front 242,Welcome To Paradise,,,,,,,,,,,,,,,,
The Kills,Monkey 23,,,,,,,,,,,,,,,,
Smash Mouth,Satellite,,,,,,,,,,,,,,,,
Jamiroquai,Soul Education,,,,,,,,,,,,,,,,
Moonspell,Can'T Bee,,,,,,,,,,,,,,,,
Moonspell,Sanguine,,,,,,,,,,,,,,,,
Melvins,Joan Of Arc,,,,,,,,,,,,,,,,
Dream Theater,Losing Time / Grand Finale,,,,,,,,,,,,,,,,
The Raconteurs,Carolina Drama,,,,,,,,,,,,,,,,
Melvins,Lizzy,,,,,,,,,,,,,,,,
50 Cent,If I Can'T,,,,,,,,,,,,,,,,
Bent,Private Road,,,,,,,,,,,,,,,,
Benoît Pioulard,La Guerre De Sept Ans,,,,,,,,,,,,,,,,
Benoît Pioulard,Ext. Leslie Park,,,,,,,,,,,,,,,,
Toni Braxton,Trippin' (That'S The Way Love Works),,,,,,,,,,,,,,,,
Morrissey,Redondo Beach,,,,,,,,,,,,,,,,
Abra Moore,Family Affair,,,,,,,,,,,,,,,,
Medeski Martin And Wood,Last Chance To Dance Trance (Perhaps),,,,,,,,,,,,,,,,
Brian Eno,The Secret Place,,,,,,,,,,,,,,,,
Émilie Simon,Opium,,,,,,,,,,,,,,,,
Leonel Nunes,Vida Fixe,,,,,,,,,,,,,,,,
The Bronx,False Alarm,,,,,,,,,,,,,,,,
The Game,Da Shit (Produced By Dj Khalil),,,,,,,,,,,,,,,,
Bad Religion,Let Them Eat War,,,,,,,,,,,,,,,,
Chocolate Puma,A Star Is Born,,,,,,,,,,,,,,,,
Pearl Jam,Sometimes,,,,,,,,,,,,,,,,
Pixies,Winterlong,,,,,,,,,,,,,,,,
I Wish Every Day Could Be Like Christmas,Brook Benton,,,,,,,,,,,,,,,,
Pixies,Havalina,,,,,,,,,,,,,,,,
High And Mighty Color,G∞Ver,,,,,,,,,,,,,,,,
Fantômas,The Devil Rides Out (Remix),1.0,1.0,0.0,0.2,0.8,1.0,0.0,0.0,0.0,0.0,0.0,0.0,0.6,0.8,0.8,0.0
High And Mighty Color,Pride (Tv Size),,,,,,,,,,,,,,,,
Nile,User-Maat-Re,,,,,,,,,,,,,,,,
The Smiths,Wonderful Woman,,,,,,,,,,,,,,,,
Goose,3T4,,,,,,,,,,,,,,,,
Fantômas,Night Of The Hunter (Remix),,,,,,,,,,,,,,,,
Morcheeba,Small Town,,,,,,,,,,,,,,,,
Goodbooks,Beautiful To Watch,,,,,,,,,,,,,,,,
Alva Noto + Ryuichi Sakamoto,Iano,,,,,,,,,,,,,,,,
Morning Runner,Have A Good Time,,,,,,,,,,,,,,,,
Efterklang,Tortuous Tracks,,,,,,,,,,,,,,,,
Alva Noto + Ryuichi Sakamoto,Morning,,,,,,,,,,,,,,,,
Soil,Cross My Heart,,,,,,,,,,,,,,,,
The Briefs,Getting Hit On At The Bank,,,,,,,,,,,,,,,,
Leonard Cohen,Closing Time,,,,,,,,,,,,,,,,
Megadeth,Never Walk Alone... A Call To Arms,,,,,,,,,,,,,,,,
Citizen Cope,My Way Home,,,,,,,,,,,,,,,,
Keyshia Cole,Let It Go (Feat. Missy Elliot & Lil' Kim),,,,,,,,,,,,,,,,
Megadeth,Anarchy In The U.K.,,,,,,,,,,,,,,,,
The View,Street Lights,,,,,,,,,,,,,,,,
City And Colour,Confessions,,,,,,,,,,,,,,,,
Cake,Sad Songs And Waltzes,,,,,,,,,,,,,,,,
Trivium,This World Can'T Tear Us Apart,,,,,,,,,,,,,,,,
Stone Temple Pilots,Down,,,,,,,,,,,,,,,,
Stone Temple Pilots,Still Remains,,,,,,,,,,,,,,,,
Devics,Song For A Sleeping Girl,,,,,,,,,,,,,,,,
Hey,List,,,,,,,,,,,,,,,,
Anna Ternheim,Bring Down Like I,,,,,,,,,,,,,,,,
The Brian Jonestown Massacre,Super-Sonic,,,,,,,,,,,,,,,,
Nightwish,Phantom Of The Opera,,,,,,,,,,,,,,,,
City And Colour,Forgive Me,,,,,,,,,,,,,,,,
Megadeth,Dread And The Fugitive Mind,,,,,,,,,,,,,,,,
Nightwish,Sacrament Of Wilderness (Live),,,,,,,,,,,,,,,,
Willy Mason,We Can Be Strong,,,,,,,,,,,,,,,,
Jamie Lidell,Hurricane,,,,,,,,,,,,,,,,
The Killers,Who Let You Go,,,,,,,,,,,,,,,,
Avril Lavigne,Unwanted,,,,,,,,,,,,,,,,
Cake,Is This Love?,,,,,,,,,,,,,,,,
Unkle,Invasion,,,,,,,,,,,,,,,,
Dashboard Confessional,Heaven Here,,,,,,,,,,,,,,,,
The Mars Volta,Cassandra Gemini I,,,,,,,,,,,,,,,,
Therion,Wine Of Aluqah,,,,,,,,,,,,,,,,
The Mamas & The Papas,Creeque Alley,,,,,,,,,,,,,,,,
Hey,A Ty?,,,,,,,,,,,,,,,,
Aly & Aj,Like It Or Leave It,,,,,,,,,,,,,,,,
Alison Krauss,Ghost In This House,,,,,,,,,,,,,,,,
The Gathering,Broken Glass (Piano Version),,,,,,,,,,,,,,,,
T.A.T.U.,Cosmos (Outer Space),,,,,,,,,,,,,,,,
Willy Mason,All You Can Do,,,,,,,,,,,,,,,,
Dream Theater,Overture,,,,,,,,,,,,,,,,
Tenacious D,Kyle Took A Bullet For Me,,,,,,,,,,,,,,,,
Emilie Autumn,Always Look On The Bright Side Of Life,,,,,,,,,,,,,,,,
Dream Theater,Perfect Strangers,,,,,,,,,,,,,,,,
Lianne Hall,Trouble,,,,,,,,,,,,,,,,
Ruiner,Adhering To Superstition,,,,,,,,,,,,,,,,
The Brian Jonestown Massacre,B.S.A.,,,,,,,,,,,,,,,,
Running Wild,Under Jolly Roger,,,,,,,,,,,,,,,,
Andrew Lloyd Webber,Gethsemane (I Only Want To Say),,,,,,,,,,,,,,,,
Strapping Young Lad,Velvet Kevorkian,,,,,,,,,,,,,,,,
Cursive,Flag And Family,,,,,,,,,,,,,,,,
Liekki,Veit Omasi Lentoon,,,,,,,,,,,,,,,,
The Brian Jonestown Massacre,Jennifer,,,,,,,,,,,,,,,,
Andrew Lloyd Webber,Hosanna,,,,,,,,,,,,,,,,
Émilie Simon,Never Fall In Love,,,,,,,,,,,,,,,,
At The Drive-In,Heliotrope,,,,,,,,,,,,,,,,
At The Drive-In,For Now..We Toast,,,,,,,,,,,,,,,,
Alanis Morissette,Citizen Of The Planet,,,,,,,,,,,,,,,,
Morrissey,You Were Good In Your Time,,,,,,,,,,,,,,,,
Gorillaz,12D3,,,,,,,,,,,,,,,,
The Killers,Andy You'Re A Star,,,,,,,,,,,,,,,,
The Psychedelic Furs,Until She Comes,,,,,,,,,,,,,,,,
Casiotone For The Painfully Alone,Love Connection,,,,,,,,,,,,,,,,
Ramones,My Brain Is Hanging Upside Down (Bonzo Goes To Bitburg),,,,,,,,,,,,,,,,
Comando Nuclear,Vingança Metal,,,,,,,,,,,,,,,,
Andrew Lloyd Webber,Everything'S Alright,,,,,,,,,,,,,,,,
Ramones,I Don'T Wanna Walk Around With You,,,,,,,,,,,,,,,,
Children Of Bodom,Roadkill Morning,1.0,1.0,0.0,0.0,1.0,1.0,0.0,0.0,0.0,0.0,0.0,0.0,0.6,0.6,0.8,0.0
Blackfield,This Killer,,,,,,,,,,,,,,,,
Blackfield,End Of The World,,,,,,,,,,,,,,,,
Pavement,You Are A Light,,,,,,,,,,,,,,,,
Alisha'S Attic,Pretender Got My Heart,,,,,,,,,,,,,,,,
Pearl Jam,Ghost,,,,,,,,,,,,,,,,
Children Of Bodom,Lobodomy,,,,,,,,,,,,,,,,
Alanis Morissette,Baba,,,,,,,,,,,,,,,,
The Band,To Kingdom Come,,,,,,,,,,,,,,,,
The Breeders,S.O.S.,,,,,,,,,,,,,,,,
Mazzy Star,Happy,,,,,,,,,,,,,,,,
Mazzy Star,Disappear,,,,,,,,,,,,,,,,
Liars,Drum Gets A Glimpse,,,,,,,,,,,,,,,,
Liars,The Wrong Coat For You Mt. Heart Attack,,,,,,,,,,,,,,,,
Liars,Houseclouds,,,,,,,,,,,,,,,,
Utada,The Workout,,,,,,,,,,,,,,,,
Clan Of Xymox,Louise,,,,,,,,,,,,,,,,
Cake,Nugget,,,,,,,,,,,,,,,,
Tiamat,For Her Pleasure,,,,,,,,,,,,,,,,
The 69 Eyes,Barbarella,,,,,,,,,,,,,,,,
Story Of The Year,We Don'T Care Anymore,,,,,,,,,,,,,,,,
Sirenia,In Sumerian Haze,,,,,,,,,,,,,,,,
Spiritualized,Harmony 2,,,,,,,,,,,,,,,,
Story One,Count To 3,,,,,,,,,,,,,,,,
Shout Out Louds,Time Left For Love,,,,,,,,,,,,,,,,
Sentenced,Keep My Grave Open,,,,,,,,,,,,,,,,
Gotan Project,Vuelvo Al Sur,,,,,,,,,,,,,,,,
The Psychedelic Furs,Mr. Jones,,,,,,,,,,,,,,,,
Brian Mcfadden,Almost Here,,,,,,,,,,,,,,,,
Unkle,Eye For An Eye,,,,,,,,,,,,,,,,
Unkle,Glow,,,,,,,,,,,,,,,,
Shivaree,Gone Too Far,,,,,,,,,,,,,,,,
Devo,Snowball,,,,,,,,,,,,,,,,
John Frusciante,Interstate Sex,,,,,,,,,,,,,,,,
Lightning Bolt,Crown Of Storms,,,,,,,,,,,,,,,,
Travis,Quite Free,,,,,,,,,,,,,,,,
Ben Folds Five,Mess,,,,,,,,,,,,,,,,
Ac/Dc,Ballbreaker,,,,,,,,,,,,,,,,
Motion City Soundtrack,Capital H,,,,,,,,,,,,,,,,
Motion City Soundtrack,Indoor Living,,,,,,,,,,,,,,,,
The Bravery,Rites Of Spring,,,,,,,,,,,,,,,,
Rush,Marathon,,,,,,,,,,,,,,,,
Rush,Digital Man,,,,,,,,,,,,,,,,
Rush,Red Sector A,,,,,,,,,,,,,,,,
Lightspeed Champion,All To Shit,,,,,,,,,,,,,,,,
The Breeders,Hag,,,,,,,,,,,,,,,,
Lightning Bolt,Wonderful Rainbow,,,,,,,,,,,,,,,,
Ralph Myerz And The Jack Herren Band,Think Twice,,,,,,,,,,,,,,,,
Graham Coxon,Hopeless Friend,,,,,,,,,,,,,,,,
Dream Theater,The Mirror,,,,,,,,,,,,,,,,
Nightmare Of You,Heaven Runs On Oil,,,,,,,,,,,,,,,,
Tara Z,Imagine If (Front Radio Edit),,,,,,,,,,,,,,,,
Cachorro Grande,Você Não Sabe O Que Perdeu,,,,,,,,,,,,,,,,
Tarja Turunen,Lost Northern Star,,,,,,,,,,,,,,,,
The Mighty Boosh,Freak,,,,,,,,,,,,,,,,
Ensiferum,Victory Song,,,,,,,,,,,,,,,,
Tanya Donelly,Darkside,,,,,,,,,,,,,,,,
Graham Coxon,Are You Ready?,,,,,,,,,,,,,,,,
Europe,Dreamer,,,,,,,,,,,,,,,,
Shocking Blue,Venus,,,,,,,,,,,,,,,,
Raised Fist,Breaking Me Up,,,,,,,,,,,,,,,,
Beck,Ramshackle,,,,,,,,,,,,,,,,
Helloween,Sole Survivor,,,,,,,,,,,,,,,,
Andrew Bird,Don'T Be Scared,,,,,,,,,,,,,,,,
Herbie Hancock,Jane'S Theme,,,,,,,,,,,,,,,,
Ben Folds Five,Cigarette,,,,,,,,,,,,,,,,
Nicole Atkins,Maybe Tonight,,,,,,,,,,,,,,,,
Orgy,Fiction (Dreams In Digital),0.4,0.6,0.8,0.0,0.6,0.6,0.0,0.0,0.0,0.0,0.0,0.0,0.8,0.8,0.8,0.0
John Legend,Another Again,,,,,,,,,,,,,,,,
Therapy?,Nowhere,,,,,,,,,,,,,,,,
The Monkees,Last Train To Clarksville,,,,,,,,,,,,,,,,
The Damned,In Dulce Decorum,,,,,,,,,,,,,,,,
Alanis Morissette,Sympathetic Character,,,,,,,,,,,,,,,,
Alanis Morissette,Straitjacket,,,,,,,,,,,,,,,,
Pavement,5 - 4 = Unity,,,,,,,,,,,,,,,,
Pavement,Stop Breathin,,,,,,,,,,,,,,,,
Children Of Bodom,In The Shadows,,,,,,,,,,,,,,,,
Iced Earth,Jack,,,,,,,,,,,,,,,,
Avril Lavigne,Everything Back But You,,,,,,,,,,,,,,,,
Rush,Red Tide,,,,,,,,,,,,,,,,
Children Of Bodom,Don'T Stop At The Top,,,,,,,,,,,,,,,,
Bob Dylan,Most Of The Time,,,,,,,,,,,,,,,,
Lil Wayne,Mrs. Officer (Feat. Bobby Valentino),,,,,,,,,,,,,,,,
Cassius,This Song,,,,,,,,,,,,,,,,
宇多田ヒカル,Movin' On Without You,,,,,,,,,,,,,,,,
Blackmore'S Night,Locked Within The Crystal Ball,,,,,,,,,,,,,,,,
The Starting Line,I Could Be Wrong,,,,,,,,,,,,,,,,
Rainbow,Can'T Let You Go,,,,,,,,,,,,,,,,
Rainbow,I Surrender,,,,,,,,,,,,,,,,
Grandaddy,Kim You Bore Me To Death,,,,,,,,,,,,,,,,
Grandaddy,Why Took Your Advice,,,,,,,,,,,,,,,,
Kettcar,Tränengas Im High-End-Leben,,,,,,,,,,,,,,,,
John Frusciante,Look On,0.8,0.6,0.0,0.0,1.0,0.8,0.0,0.0,0.0,0.4,0.0,0.0,0.0,0.0,0.8,0.0
Helltrain,Route 666,,,,,,,,,,,,,,,,
Spiritualized,All Of My Tears,,,,,,,,,,,,,,,,
Dredg,Brushstroke: Walk In The Park,,,,,,,,,,,,,,,,
The Alan Parsons Project,The Tell-Tale Heart,,,,,,,,,,,,,,,,
Daughters Of Gaia,Daughters Of Gaia,,,,,,,,,,,,,,,,
Daughters Of Gaia,Born Of Water,,,,,,,,,,,,,,,,
T.I.,On Top Of The World (Feat. Ludacris & B.O.B.),,,,,,,,,,,,,,,,
Daughtry,Gone,,,,,,,,,,,,,,,,
Shpongle,Once Upon The Sea Of Blissful Awareness,,,,,,,,,,,,,,,,
Devotchka,Transliterator,,,,,,,,,,,,,,,,
Rush,Turn The Page,,,,,,,,,,,,,,,,
Strapping Young Lad,Oh My Fucking God,,,,,,,,,,,,,,,,
Triumph,Fight The Good Fight,,,,,,,,,,,,,,,,
Straylight Run,Now It'S Done,,,,,,,,,,,,,,,,
Kent,Owc,,,,,,,,,,,,,,,,
The Protomen,The Will Of One,,,,,,,,,,,,,,,,
Ornatos Violeta,Capitão Romance,,,,,,,,,,,,,,,,
Alien Sex Fiend,Boneshaker Baby,,,,,,,,,,,,,,,,
Idlewild,Future Works,,,,,,,,,,,,,,,,
Icon & The Black Roses,Black Cage,,,,,,,,,,,,,,,,
Senses Fail,Tie Her Down,1.0,1.0,0.0,0.2,1.0,1.0,0.0,0.0,0.0,0.0,0.0,0.0,0.0,0.0,0.8,0.0
Thrice,Deadbolt,,,,,,,,,,,,,,,,
Fatboy Slim,Because We Can,,,,,,,,,,,,,,,,
Aphrodite,Heat Haze,,,,,,,,,,,,,,,,
Kent,Duett,0.8,0.6,0.6,0.4,0.8,0.6,0.0,0.4,0.0,0.0,0.0,0.0,0.8,0.6,0.8,0.0
Voxtrot,Easy,,,,,,,,,,,,,,,,
The Whitest Boy Alive,Golden Cage (Fred Falke Remix),,,,,,,,,,,,,,,,
The Prodigy,You Will Be Under My Wheels,,,,,,,,,,,,,,,,
Radiohead,Paperbag Writer,,,,,,,,,,,,,,,,
Gravity Kills,Crashing,,,,,,,,,,,,,,,,
The Damned,Fan Club,,,,,,,,,,,,,,,,
Radiohead,Last Flowers To The Hospital,,,,,,,,,,,,,,,,
Enter Shikari,Anything Can Happen In The Next Half Hour,,,,,,,,,,,,,,,,
Colleen,Everyone Alive Wants Answers,,,,,,,,,,,,,,,,
Bitter:Sweet,Salty Air,,,,,,,,,,,,,,,,
Great Lake Swimmers,Let'S Trade Skins,,,,,,,,,,,,,,,,
Bedouin Soundclash,Shadow Of A Man,,,,,,,,,,,,,,,,
Demons & Wizards,Terror Train,,,,,,,,,,,,,,,,
Demons & Wizards,Seize The Day,,,,,,,,,,,,,,,,
Demons & Wizards,Wicked Witch,,,,,,,,,,,,,,,,
Annwn,Ay Linda Amiga,,,,,,,,,,,,,,,,
Frank Zappa,Willie The Pimp,,,,,,,,,,,,,,,,
Velvet,In & Out Of Love,,,,,,,,,,,,,,,,
Otis Redding,My Girl,,,,,,,,,,,,,,,,
The Juan Maclean,Give Me Every Little Thing,,,,,,,,,,,,,,,,
U2,Ultraviolet (Light My Way),,,,,,,,,,,,,,,,
Sloan,The Lines You Amend,,,,,,,,,,,,,,,,
Ella Fitzgerald & Louis Armstrong,Can Anyone Explain?,,,,,,,,,,,,,,,,
Limp Bizkit,Nobody Like You,,,,,,,,,,,,,,,,
Badly Drawn Boy,This Song,,,,,,,,,,,,,,,,
Dead Meadow,Greensky Greenlake,,,,,,,,,,,,,,,,
U2,Van Diemen'S Land,,,,,,,,,,,,,,,,
Limp Bizkit,Just Like This,,,,,,,,,,,,,,,,
Róisín Murphy,Ramalama (Bang Bang),,,,,,,,,,,,,,,,
The Boxer Rebellion,All You Do Is Talk,0.8,0.6,0.4,0.2,0.8,0.6,0.0,0.0,0.0,0.0,0.0,0.0,0.8,0.4,1.0,0.0
The Dandy Warhols,Best Friend,,,,,,,,,,,,,,,,
Motörhead,Damage Case,,,,,,,,,,,,,,,,
Yo La Tengo,Pablo And Andrea,,,,,,,,,,,,,,,,
Yo La Tengo,Song For Mahila,,,,,,,,,,,,,,,,
John Lennon,Cold Turkey,,,,,,,,,,,,,,,,
Soko,The Dandy Cowboys,,,,,,,,,,,,,,,,
Something Corporate,I Won'T Make You,,,,,,,,,,,,,,,,
Talulah Gosh,Talulah Gosh,,,,,,,,,,,,,,,,
Bad Religion,Anesthesia,,,,,,,,,,,,,,,,
Ott,Escape From Tulse Hell,,,,,,,,,,,,,,,,
Embrace,Someday,,,,,,,,,,,,,,,,
Slayer,Death'S Head,,,,,,,,,,,,,,,,
Jack Johnson & Ben Harper,High Tide Or Low Tide,,,,,,,,,,,,,,,,
The Aislers Set,Attraction Action Reaction,,,,,,,,,,,,,,,,
Green Day,Poprocks & Coke,,,,,,,,,,,,,,,,
T.Love,Jest Super,,,,,,,,,,,,,,,,
Green Day,Coming Clean,,,,,,,,,,,,,,,,
Armchair Cynics,Bang,,,,,,,,,,,,,,,,
Embrace,Nature'S Law,,,,,,,,,,,,,,,,
Bad Religion,21St Century (Digital Boy),,,,,,,,,,,,,,,,
De La Soul,Cool Breeze On The Rocks,,,,,,,,,,,,,,,,
The Georgia Satellites,Don'T Pass Me By,,,,,,,,,,,,,,,,
Matchbox Twenty,The Difference,,,,,,,,,,,,,,,,
The Georgia Satellites,Down And Down,,,,,,,,,,,,,,,,
Travis,Slide Show,,,,,,,,,,,,,,,,
Czesław Śpiewa,Wesoły Kapelusz,,,,,,,,,,,,,,,,
Czesław Śpiewa,Ucieczka Z Wesołego Miasteczka,,,,,,,,,,,,,,,,
Matchbox Twenty,Angry,,,,,,,,,,,,,,,,
Cynic,Sentiment,,,,,,,,,,,,,,,,
Cat Power,Still In Love,,,,,,,,,,,,,,,,
Jack'S Mannequin,Swim,,,,,,,,,,,,,,,,
Ac/Dc,Evil Walks,,,,,,,,,,,,,,,,
Ac/Dc,Flick Of The Switch,,,,,,,,,,,,,,,,
Ac/Dc,Hail Caesar,,,,,,,,,,,,,,,,
Green Day,Nice Guys Finish Last,,,,,,,,,,,,,,,,
Tristania,Sanguine Sky,,,,,,,,,,,,,,,,
W.A.S.P.,Blind In Texas,,,,,,,,,,,,,,,,
Strike Anywhere,Hollywood Cemetery,,,,,,,,,,,,,,,,
Tristania,Hatred Grows,,,,,,,,,,,,,,,,
Ra Ra Riot,St. Peter'S Day Festival,,,,,,,,,,,,,,,,
Coldplay,X And Y,,,,,,,,,,,,,,,,
R.E.M.,The One I Love (Live),,,,,,,,,,,,,,,,
Spiha,Altamont,,,,,,,,,,,,,,,,
Demetri Martin,Other Jokes,,,,,,,,,,,,,,,,
Spin Doctors,Little Miss Can'T Be Wrong,,,,,,,,,,,,,,,,
Drop The Lime,Butterscotch,,,,,,,,,,,,,,,,
Spice Girls,Holler,,,,,,,,,,,,,,,,
Sage Francis,Escape Artist,,,,,,,,,,,,,,,,
The Veronicas,Revenge Is Sweeter (Than You Ever Were),,,,,,,,,,,,,,,,
Mastodon,Ol'E Nessie,,,,,,,,,,,,,,,,
Mastodon,Call Of The Mastodon,,,,,,,,,,,,,,,,
Mastodon,Crack The Skye,,,,,,,,,,,,,,,,
Bush,40 Miles From The Sun,,,,,,,,,,,,,,,,
Hella,Biblical Violence,,,,,,,,,,,,,,,,
川井憲次,Main Theme,,,,,,,,,,,,,,,,
Masta Ace,Do It Man (Feat. Big Noyd),,,,,,,,,,,,,,,,
Matchbox Twenty,Rest Stop,,,,,,,,,,,,,,,,
Armin Van Buuren,Never Say Never (Feat. Jacqueline Govaert),,,,,,,,,,,,,,,,
John Mayer,83,,,,,,,,,,,,,,,,
De-Phazz,Better Now,,,,,,,,,,,,,,,,
Matanza,O Último Bar,,,,,,,,,,,,,,,,
Matanza,Maldito Hippie Sujo,,,,,,,,,,,,,,,,
Green Day,Maria,,,,,,,,,,,,,,,,
Estelle,American Boy (Soulseekerz Radio Remix),,,,,,,,,,,,,,,,
Estelle,Wait A Minute (Just A Touch),,,,,,,,,,,,,,,,
Bright Eyes,Lime Tree,,,,,,,,,,,,,,,,
Matanza,Todo Ódio Da Vingança De Jack Buffalo Head,1.0,0.8,0.0,0.2,1.0,0.8,0.0,0.0,0.0,0.0,0.0,0.0,0.0,0.0,0.8,0.0
The Most Serene Republic,The Men Who Live Upstairs,0.8,0.6,0.4,0.4,0.6,0.4,0.2,0.2,0.0,0.6,0.0,0.0,0.4,0.4,0.8,0.0
Kelly Clarkson,Since You'Ve Been Gone,,,,,,,,,,,,,,,,
Butterfly Boucher,Life Is Short,,,,,,,,,,,,,,,,
Poe,Hey Pretty,,,,,,,,,,,,,,,,
Poets Of The Fall,Stay,,,,,,,,,,,,,,,,
R.E.M.,I Wanted To Be Wrong,,,,,,,,,,,,,,,,
Katy Perry,I Kissed A Girl (Rock Mix),,,,,,,,,,,,,,,,
Katy Perry,One Of The Boys,,,,,,,,,,,,,,,,
The Who,Fortune Teller,,,,,,,,,,,,,,,,
Wu-Tang Clan,Get Them Out Ya Way Pa,,,,,,,,,,,,,,,,
Live,Iris,,,,,,,,,,,,,,,,
Grizzly Bear,Cheerleader,0.6,0.4,0.0,0.4,0.8,0.6,0.2,0.4,0.0,0.2,0.0,0.0,0.4,0.4,0.8,0.0
Wu-Tang Clan,Older Gods,,,,,,,,,,,,,,,,
Outwork,Elektro,,,,,,,,,,,,,,,,
Chicane,Overture,,,,,,,,,,,,,,,,
Saint Etienne,He'S On The Phone,,,,,,,,,,,,,,,,
Paul Van Dyk,Together We Will Conquer,,,,,,,,,,,,,,,,
The Get Up Kids,Holiday,,,,,,,,,,,,,,,,
Chicane,Don'T Give Up,,,,,,,,,,,,,,,,
Blake Lewis,Break Anotha,,,,,,,,,,,,,,,,
Sage Francis,Different,,,,,,,,,,,,,,,,
Auf Der Maur,I Need I Want I Will,,,,,,,,,,,,,,,,
Tristan Prettyman,Madly,,,,,,,,,,,,,,,,
Sade,Never As Good As The First Time,,,,,,,,,,,,,,,,
Sads,Sherry,,,,,,,,,,,,,,,,
Nickel Creek,Sabra Girl,,,,,,,,,,,,,,,,
Spear Of Destiny,Never Take Me Alive,,,,,,,,,,,,,,,,
Diablo,Blackheart,,,,,,,,,,,,,,,,
John Mayer,St. Patrick'S Day,,,,,,,,,,,,,,,,
Ed Harcourt,This One'S For You,,,,,,,,,,,,,,,,
Something Corporate,Space Partial,,,,,,,,,,,,,,,,
Poison,Rock And Roll All Night,,,,,,,,,,,,,,,,
Poison,Valley Of Lost Souls,,,,,,,,,,,,,,,,
Poisonblack,Illusion/Delusion,,,,,,,,,,,,,,,,
Nick Cave & The Bad Seeds,Sugar Sugar Sugar,,,,,,,,,,,,,,,,
Polysics,My Sharona,,,,,,,,,,,,,,,,
Clinic,C.Q.,,,,,,,,,,,,,,,,
Nick Cave & The Bad Seeds,Nature Boy,,,,,,,,,,,,,,,,
Belphegor,The Goatchrist,,,,,,,,,,,,,,,,
Esbjörn Svensson Trio,Tide Of Trepidation,,,,,,,,,,,,,,,,
Ace Of Base,Wheel Of Fortune,,,,,,,,,,,,,,,,
Grizzly Bear,He Hit Me,,,,,,,,,,,,,,,,
Martin L. Gore,In A Manner Of Speaking,,,,,,,,,,,,,,,,
The Stooges,We Will Fall,,,,,,,,,,,,,,,,
2Pac,California Love,,,,,,,,,,,,,,,,
植松伸夫,Beyond The Wasteland,,,,,,,,,,,,,,,,
Studio B,I See Girls (Crazy) (Radio Edit),,,,,,,,,,,,,,,,
Mark Ronson,Diversion,,,,,,,,,,,,,,,,
Yoko Ono,Walking On Thin Ice,,,,,,,,,,,,,,,,
Logh,My Teacher'S Bed,,,,,,,,,,,,,,,,
Longview,I Would,,,,,,,,,,,,,,,,
Little Dragon,No Love,,,,,,,,,,,,,,,,
Seeed,Psychedelic Kingdom,,,,,,,,,,,,,,,,
Seeed,Schwinger,,,,,,,,,,,,,,,,
The Velvet Underground,One Of These Days,,,,,,,,,,,,,,,,
See-Saw,Kimi Wa Boku Ni Niteiru,,,,,,,,,,,,,,,,
Clint Mansell,Fall: Ghosts-Falling,,,,,,,,,,,,,,,,
Billie Holiday,I'Ll Be Seeing You,,,,,,,,,,,,,,,,
The Music,Human,,,,,,,,,,,,,,,,
Samael,Moongate,,,,,,,,,,,,,,,,
Sam Sparro,Pocket,,,,,,,,,,,,,,,,
Tom Waits,Lowside Of The Road,,,,,,,,,,,,,,,,
27,The Cause,,,,,,,,,,,,,,,,
Marilyn Manson & The Spooky Kids,My Monkey,,,,,,,,,,,,,,,,
Looptroop,21 Grams,,,,,,,,,,,,,,,,
Coldcut,Timber,,,,,,,,,,,,,,,,
Katatonia,Last Resort,,,,,,,,,,,,,,,,
Billie Holiday,Solitude,,,,,,,,,,,,,,,,
Cold War Kids,Something Is Not Right With Me,,,,,,,,,,,,,,,,
The National,Beautiful Head,,,,,,,,,,,,,,,,
Clint Mansell,Overture,,,,,,,,,,,,,,,,
Weezer,The Greatest Man That Ever Lived (Variations On A Shaker Hymn),,,,,,,,,,,,,,,,
Yoshimoto,Du What U Du (Trentemøller Remix),,,,,,,,,,,,,,,,
Sloan,Live On,,,,,,,,,,,,,,,,
P!Nk,Eventually,,,,,,,,,,,,,,,,
Supergrass,When I Needed You,,,,,,,,,,,,,,,,
Augustana,I Still Ain'T Over You,,,,,,,,,,,,,,,,
Groove Armada,Song 4 Mutya (Out Of Control),,,,,,,,,,,,,,,,
Ub40,One In Ten,,,,,,,,,,,,,,,,
Before The Dawn,Eternal,,,,,,,,,,,,,,,,
Elliott Smith,All Cleaned Out,,,,,,,,,,,,,,,,
Chet Baker,The Thrill Is Gone,,,,,,,,,,,,,,,,
Chet Baker,But Not For Me,,,,,,,,,,,,,,,,
Alicia Keys,Fallin,,,,,,,,,,,,,,,,
Paul Oakenfold,Time Of Your Life,,,,,,,,,,,,,,,,
U2,Zooropa,,,,,,,,,,,,,,,,
Arcana,Angel Of Sorrow,,,,,,,,,,,,,,,,
Sloan,Can'T You Figure It Out?,,,,,,,,,,,,,,,,
The Jimi Hendrix Experience,House Burning Down,,,,,,,,,,,,,,,,
Sloan,Fading Into Obscurity,,,,,,,,,,,,,,,,
Kavinsky,Transistor,,,,,,,,,,,,,,,,
Eskobar,As The World Turns,,,,,,,,,,,,,,,,
Bishop Allen,The Monitor,,,,,,,,,,,,,,,,
Bright Eyes,Theme From Piñata,,,,,,,,,,,,,,,,
Waking The Cadaver,Chased Through The Woods By A Rapist,,,,,,,,,,,,,,,,
Mujuice,Reforgets,,,,,,,,,,,,,,,,
Tactical Sekt,Devil'S Work,,,,,,,,,,,,,,,,
Tactical Sekt,Damage Limitation (Limited Suffering Remix By Dj Rexx Arkana),,,,,,,,,,,,,,,,
The Who,Summertime Blues,,,,,,,,,,,,,,,,
The Pretenders,Message Of Love,,,,,,,,,,,,,,,,
Enya,Aldebaran,,,,,,,,,,,,,,,,
Dungen,Ta Det Lugnt,,,,,,,,,,,,,,,,
Kanye West,Young Folks,,,,,,,,,,,,,,,,
The Glove,A Blues In Drag,0.0,0.0,0.0,0.4,0.0,0.0,0.0,1.0,0.0,0.0,0.0,0.0,0.8,0.4,0.6,0.0
Kanye West,Skit #2,,,,,,,,,,,,,,,,
Zwan,Baby Let'S Rock,,,,,,,,,,,,,,,,
Tori Amos,New Age,,,,,,,,,,,,,,,,
Bad Religion,A Walk,,,,,,,,,,,,,,,,
Ozzy Osbourne,Gets Me Through,,,,,,,,,,,,,,,,
Afterhours,Voglio Una Pelle Splendida,,,,,,,,,,,,,,,,
Johnny Cash,Dark As The Dungeon,,,,,,,,,,,,,,,,
Johnny Cash,Desperado,,,,,,,,,,,,,,,,
Johnny Cash,Busted,,,,,,,,,,,,,,,,
Tom Baxter,A Night Like This,,,,,,,,,,,,,,,,
Four Tet,You Could Ruin My Day,,,,,,,,,,,,,,,,
Lordi,Hard Rock Hallelujah (Finland),,,,,,,,,,,,,,,,
Blaqk Audio,Where Would You Like Them Left?,,,,,,,,,,,,,,,,
Blur,Slow Down,,,,,,,,,,,,,,,,
Blur,Trailerpark,,,,,,,,,,,,,,,,
New Young Pony Club,Gotta Get Into You,,,,,,,,,,,,,,,,
Ikara Colt,At The Lodge,,,,,,,,,,,,,,,,
Marilyn Manson,Coma Black,,,,,,,,,,,,,,,,
Entwine,Snow White Suicide,,,,,,,,,,,,,,,,
Marilyn Manson,Target Audience (Narcissus Narcosis),,,,,,,,,,,,,,,,
Weird Al Yankovic,Canadian Idiot,,,,,,,,,,,,,,,,
The Veils,The Leavers Dance,,,,,,,,,,,,,,,,
The Streets,Has It Come To This,,,,,,,,,,,,,,,,
The Black Heart Procession,The Replacement,,,,,,,,,,,,,,,,
Sandi Thom,I Wish I Was A Punk Rocker (With Flowers In My Hair),,,,,,,,,,,,,,,,
Supergrass,Strange Ones,,,,,,,,,,,,,,,,
Supergrass,Rebel In You,,,,,,,,,,,,,,,,
Aphex Twin,Mt Saint Michel + Saint Michaels Mount,,,,,,,,,,,,,,,,
Supergrass,Going Out,,,,,,,,,,,,,,,,
Queensrÿche,The Chase,,,,,,,,,,,,,,,,
R.E.M.,9-9,,,,,,,,,,,,,,,,
Zoot Woman,Information First,,,,,,,,,,,,,,,,
New Order,Run Wild,,,,,,,,,,,,,,,,
Fear Factory,Invisible Wounds (Dark Bodies),,,,,,,,,,,,,,,,
Santana,Africa Bamba,,,,,,,,,,,,,,,,
Los Hermanos,O Vento,,,,,,,,,,,,,,,,
Secret Machines,Faded Lines,,,,,,,,,,,,,,,,
Secret Machines,Flying,,,,,,,,,,,,,,,,
Sebadoh,Not A Friend,,,,,,,,,,,,,,,,
Kamelot,Nothing Ever Dies,,,,,,,,,,,,,,,,
Paul Mccartney,Band On The Run,,,,,,,,,,,,,,,,
Soundgarden,Searching With My Good Eye Closed,,,,,,,,,,,,,,,,
Immortal,Sons Of Northern Darkness,,,,,,,,,,,,,,,,
Soundhack,B1,,,,,,,,,,,,,,,,
Walls Of Jericho,A Trigger Full Of Promises,,,,,,,,,,,,,,,,
Paul Mccartney,Jenny Wren,,,,,,,,,,,,,,,,
Marillion,Incommunicado,,,,,,,,,,,,,,,,
The Dears,Hate Then Love,,,,,,,,,,,,,,,,
Duman,Aman Aman,,,,,,,,,,,,,,,,
Paul Oakenfold,Hold Your Hand,0.8,0.6,1.0,0.4,0.0,0.0,0.0,0.0,0.0,0.0,0.0,0.0,1.0,0.8,0.0,0.0
Quim Barreiros,Os Bichos Da Fazenda,,,,,,,,,,,,,,,,
Quincy Jones,Soul Bossa Nova,,,,,,,,,,,,,,,,
Gruff Rhys,Beacon In The Darkness,,,,,,,,,,,,,,,,
Quim Barreiros,De Língua,,,,,,,,,,,,,,,,
Delbo,Saldo,,,,,,,,,,,,,,,,
Paul Oakenfold,Hypnotised,,,,,,,,,,,,,,,,
Dave Matthews Band,Mother Father,,,,,,,,,,,,,,,,
My Dying Bride,The Wreckage Of My Flesh,,,,,,,,,,,,,,,,
My Dying Bride,Symphonaire Infernus Et Spera Empyrium,,,,,,,,,,,,,,,,
Built To Spill,Temporarily Blind,,,,,,,,,,,,,,,,
Talking Heads,Sax And Violins,,,,,,,,,,,,,,,,
The Presets,Bad Up Your Betterness,,,,,,,,,,,,,,,,
P!Nk,One Foot Wrong,,,,,,,,,,,,,,,,
Forgotten Boys,Cumm On,,,,,,,,,,,,,,,,
Islands,Kids Don'T Know Shit,,,,,,,,,,,,,,,,
Isobel Campbell & Mark Lanegan,Revolver,,,,,,,,,,,,,,,,
Ozzy Osbourne,Suicide Solution,,,,,,,,,,,,,,,,
P!Nk,There You Go,,,,,,,,,,,,,,,,
Catherine Wheel,I Want To Touch You,,,,,,,,,,,,,,,,
The Black Eyed Peas,Labor Day (It'S A Holiday),,,,,,,,,,,,,,,,
Iliketrains,The Accident,,,,,,,,,,,,,,,,
Foo Fighters,Skin And Bones,,,,,,,,,,,,,,,,
Santana,Put Your Lights On,,,,,,,,,,,,,,,,
Basement Jaxx,Intro (Reprise),,,,,,,,,,,,,,,,
Vanilla Ninja,Dangerzone (Long Version),,,,,,,,,,,,,,,,
Maria Taylor,Nature Song,0.4,0.2,0.0,0.6,0.2,0.0,0.8,0.6,0.0,0.4,0.0,0.0,0.0,0.0,0.6,0.0
The National,So Far Around The Bend,,,,,,,,,,,,,,,,
Forgotten Boys,Babylon,,,,,,,,,,,,,,,,
Forgotten Boys,You See Bad Luck,,,,,,,,,,,,,,,,
Clor,Gifted,,,,,,,,,,,,,,,,
Port O'Brien,I Woke Up Today,,,,,,,,,,,,,,,,
Porcupine Tree,Radioactive Toy,,,,,,,,,,,,,,,,
Asian Dub Foundation,Fortress Europe,,,,,,,,,,,,,,,,
Porcupine Tree,Signify,,,,,,,,,,,,,,,,
Blur,Miss America,,,,,,,,,,,,,,,,
Supergrass,Fin,,,,,,,,,,,,,,,,
Aphex Twin,Hedphelym,,,,,,,,,,,,,,,,
Aphex Twin,Come To Daddy (Little Lord Faulteroy Mix),,,,,,,,,,,,,,,,
Vanessa Hudgens,Let'S Dance,0.8,0.6,1.0,0.4,0.0,0.0,0.0,0.0,0.0,0.0,0.0,0.0,0.8,0.6,0.8,0.0
The Jesus And Mary Chain,Head,,,,,,,,,,,,,,,,
Trio Odemira,Baila Morena,,,,,,,,,,,,,,,,
Isis,Celestial (The Tower),,,,,,,,,,,,,,,,
Lovage,Lifeboat,,,,,,,,,,,,,,,,
Trio Odemira,Margarida,,,,,,,,,,,,,,,,
Trio,Da Da Da,,,,,,,,,,,,,,,,
Louis Armstrong,La Vie En Rose,,,,,,,,,,,,,,,,
Maná,Te Llevaré Al Cielo,,,,,,,,,,,,,,,,
Lou Reed,Goodnight Ladies,,,,,,,,,,,,,,,,
Dire Straits,Telegraph Road,,,,,,,,,,,,,,,,
Superego,Get Inside,,,,,,,,,,,,,,,,
Dead Kennedys,Moon Over Marin,,,,,,,,,,,,,,,,
Uverworld,Ｕｎｋｎｏｗｎ　Ｏｒｃｈｅｓｔｒａ（Ａｌｂｕｍ　Ｖｅｒ．）,,,,,,,,,,,,,,,,
Elliott Smith,Waltz No. 1,,,,,,,,,,,,,,,,
Dictaphone,Disconnected,,,,,,,,,,,,,,,,
Mariah Carey,Bringin' On The Heartbreak (Deep Influence Anthem),,,,,,,,,,,,,,,,
P. Diddy,Tell Me (Feat. Christina Aguilera),,,,,,,,,,,,,,,,
The Black Crowes,A Conspiracy,,,,,,,,,,,,,,,,
The Birthday Massacre,Walking With Strangers,,,,,,,,,,,,,,,,
Marco Borsato,Rood,,,,,,,,,,,,,,,,
Built To Spill,The Weather,,,,,,,,,,,,,,,,
After Forever,Equally Destructive,,,,,,,,,,,,,,,,
Sara Bareilles,Love On The Rocks,,,,,,,,,,,,,,,,
Blind Guardian,Battle Of Sudden Flame,1.0,1.0,0.0,0.2,1.0,1.0,0.2,0.8,0.0,0.0,0.0,0.0,0.4,0.2,0.8,0.0
Built To Spill,The Source,,,,,,,,,,,,,,,,
After Forever,Imperfect Tenses,,,,,,,,,,,,,,,,
Arctic Monkeys,Knock A Door Run,,,,,,,,,,,,,,,,
Paavoharju,Valo Tihkuu Kaiken Läpi,,,,,,,,,,,,,,,,
Sarah Mclachlan,River,,,,,,,,,,,,,,,,
Alice In Chains,Over Now (Unplugged),,,,,,,,,,,,,,,,
Love Affair,Everlasting Love,,,,,,,,,,,,,,,,
Flogging Molly,Cruel Mistress,,,,,,,,,,,,,,,,
Blues Traveler,The Mountains Win Again,,,,,,,,,,,,,,,,
Blind Guardian,Ashes To Ashes,,,,,,,,,,,,,,,,
Suede,She'S In Fashion,,,,,,,,,,,,,,,,
Mansun,Inverse Midas,,,,,,,,,,,,,,,,
Slayer,The Final Command,,,,,,,,,,,,,,,,
Tori Amos,Smokey Joe,,,,,,,,,,,,,,,,
Iron Maiden,The Thin Line Between Love And Hate,,,,,,,,,,,,,,,,
Bertine Zetlitz,Getting Out,,,,,,,,,,,,,,,,
石井妥師,The World Without Logos,,,,,,,,,,,,,,,,
Manu Chao,Mentira,,,,,,,,,,,,,,,,
The Postal Service,The District Sleeps Alone Tonight (Dj Downfall Persistent Beat Mix),0.0,0.0,1.0,0.2,0.0,0.0,0.0,0.0,0.0,0.0,0.0,0.0,1.0,0.8,0.0,0.0
Love,The Good Humor Man He Sees Everything Like This,,,,,,,,,,,,,,,,
Daft Punk,Crescendolls (Laidback Luke Remix),,,,,,,,,,,,,,,,
Soulwax,I Love Techno,,,,,,,,,,,,,,,,
Myslovitz,Sound Of Solitude,,,,,,,,,,,,,,,,
Queen,Tear It Up,,,,,,,,,,,,,,,,
Deftones,Rivière,,,,,,,,,,,,,,,,
Behemoth,Rome 64 C.E.,,,,,,,,,,,,,,,,
My Morning Jacket,Look At You,,,,,,,,,,,,,,,,
Britney Spears,She'Ll Never Be Me,,,,,,,,,,,,,,,,
The Jesus And Mary Chain,Hit,0.8,0.6,0.0,0.2,1.0,1.0,0.0,0.0,0.0,0.0,0.0,0.0,0.6,0.4,0.8,0.0
Iliketrains,The Voice Of Reason,,,,,,,,,,,,,,,,
Iron Maiden,Twilight Zone,,,,,,,,,,,,,,,,
Johnny Cash,Rose Of My Heart,,,,,,,,,,,,,,,,
Iliketrains,We Go Hunting,,,,,,,,,,,,,,,,
Epica,The Obsessive Devotion,,,,,,,,,,,,,,,,
Enya,Tempus Vernum,,,,,,,,,,,,,,,,
Soulwax,Another Excuse,,,,,,,,,,,,,,,,
Adolescents,Amoeba,,,,,,,,,,,,,,,,
Gym Class Heroes,6Th Period: Viva La White Girl,,,,,,,,,,,,,,,,
Gym Class Heroes,Cookie Jar,0.8,0.6,0.8,0.6,0.6,0.4,0.0,0.0,0.0,0.4,0.0,0.0,0.6,0.6,0.8,0.0
Quasi,The Curse Of Having It All,,,,,,,,,,,,,,,,
Mötley Crüe,Dancing On Glass,,,,,,,,,,,,,,,,
Beirut,Napoleon On The Bellerophon,,,,,,,,,,,,,,,,
Gym Class Heroes,Cupid'S Chokehold (Feat. Patrick Stump),,,,,,,,,,,,,,,,
Hauschka,Rode Null,,,,,,,,,,,,,,,,
Pure Reason Revolution,The Bright Ambassadors Of Morning,,,,,,,,,,,,,,,,
Hawkwind,Lost Johnny,,,,,,,,,,,,,,,,
Amerie,Crazy Wonderful,,,,,,,,,,,,,,,,
Belle And Sebastian,The Loneliness Of A Middle Distance Runner,,,,,,,,,,,,,,,,
Deerhoof,Come See The Duck,,,,,,,,,,,,,,,,
Adeste Fideles (O Come All Ye Faithfull),Bing Crosby,,,,,,,,,,,,,,,,
Mötley Crüe,Nona,,,,,,,,,,,,,,,,
Mötley Crüe,Merry-Go-Round,,,,,,,,,,,,,,,,
Quasimoto,Bad Character,,,,,,,,,,,,,,,,
Billie The Vision & The Dancers,Nobel Square,,,,,,,,,,,,,,,,
Built To Spill,Randy Described Eternity,,,,,,,,,,,,,,,,
Built To Spill,Sidewalk,,,,,,,,,,,,,,,,
Johnny Foreigner,Eyes Wide Terrified,,,,,,,,,,,,,,,,
New Found Glory,Sonny,,,,,,,,,,,,,,,,
New Found Glory,All Downhill From Here,1.0,0.8,0.0,0.2,1.0,0.8,0.0,0.0,0.0,0.0,0.0,0.0,0.0,0.0,0.8,0.0
Hawkwind,Goat Willow,,,,,,,,,,,,,,,,
Suede,The Power,,,,,,,,,,,,,,,,
The Decemberists,The Hazards Of Love 1 (The Prettiest Whistles Won'T Wrestle The Thistles Undone),,,,,,,,,,,,,,,,
Queen,It'S A Beautiful Day,,,,,,,,,,,,,,,,
Gusgus,Why?,,,,,,,,,,,,,,,,
Guster,Dear Valentine,,,,,,,,,,,,,,,,
Guster,The New Underground,,,,,,,,,,,,,,,,
Amy Diamond,It Can Only Get Better,,,,,,,,,,,,,,,,
Juvelen,Watch Your Step (Revlon Remix),,,,,,,,,,,,,,,,
Armin Van Buuren,Shivers,,,,,,,,,,,,,,,,
Hatebreed,Doomsayer,,,,,,,,,,,,,,,,
Silvio Rodríguez,Ojalá,,,,,,,,,,,,,,,,
Silvio Rodríguez,Te Amaré,,,,,,,,,,,,,,,,
Jojo,Leave (Get Out),,,,,,,,,,,,,,,,
Neu!,Hero,,,,,,,,,,,,,,,,
Johnossi,There'S A Lot Of Things To Do Before You Die,,,,,,,,,,,,,,,,
Sigur Rós,Hvalir Í Útrýmingarhættu,,,,,,,,,,,,,,,,
Tom Petty,You Wreck Me,,,,,,,,,,,,,,,,
Daft Punk,Human After All (Sebastian Remix),,,,,,,,,,,,,,,,
Sash!,Adelante,,,,,,,,,,,,,,,,
Sash!,Ecuador,,,,,,,,,,,,,,,,
Flowers From The Man Who Shot Your Cousin,Lay Down Your Arms,,,,,,,,,,,,,,,,
Cave In,Anchor,,,,,,,,,,,,,,,,
Tori Amos,Smells Like Teen Spirit,,,,,,,,,,,,,,,,
Super Furry Animals,It'S Not The End Of The World?,,,,,,,,,,,,,,,,
Two-Mix,White Reflection,,,,,,,,,,,,,,,,
Iron Maiden,Gates Of Tomorrow,,,,,,,,,,,,,,,,
Blues Traveler,Crash Burn,,,,,,,,,,,,,,,,
Dido,Northern Skies,,,,,,,,,,,,,,,,
Mansun,Anti Everything,,,,,,,,,,,,,,,,
Mano Negra,Mano Negra,,,,,,,,,,,,,,,,
Low,Everybody'S Song,,,,,,,,,,,,,,,,
Satyricon,A New Enemy,,,,,,,,,,,,,,,,
The Wrens,Ex-Girl Collection,,,,,,,,,,,,,,,,
Puscifer,Trekka,,,,,,,,,,,,,,,,
Justin Timberlake,(Oh No) What You Got,,,,,,,,,,,,,,,,
Puscifer,Sour Grapes,,,,,,,,,,,,,,,,
Echo Image,Like A Child,,,,,,,,,,,,,,,,
Gza/Genius,Gold,,,,,,,,,,,,,,,,
Sonata Arctica,The Power Of One,,,,,,,,,,,,,,,,
Sonata Arctica,Paid In Full,,,,,,,,,,,,,,,,
The Police,Darkness,,,,,,,,,,,,,,,,
Sigue Sigue Sputnik,Love Missile F1-11,,,,,,,,,,,,,,,,
Soulfly,Back To The Primitive,,,,,,,,,,,,,,,,
E Nomine,Das Omen Im Kreis Des Bösen,,,,,,,,,,,,,,,,
E Nomine,Mitternacht,,,,,,,,,,,,,,,,
Cocteau Twins,The Thinner The Air,,,,,,,,,,,,,,,,
Billy Talent,Cut The Curtains,,,,,,,,,,,,,,,,
The Departure,Be My Enemy,,,,,,,,,,,,,,,,
Manic Street Preachers,Glasnost,,,,,,,,,,,,,,,,
Fleetwood Mac,I Don'T Want To Know,,,,,,,,,,,,,,,,
13 & God,Afterclap,,,,,,,,,,,,,,,,
Manic Street Preachers,1985,,,,,,,,,,,,,,,,
Saul Williams,Break,,,,,,,,,,,,,,,,
Blind Guardian,The Script For My Requiem,,,,,,,,,,,,,,,,
Tricky,The Love Cats,,,,,,,,,,,,,,,,
Arovane,Passage To Nagoya,,,,,,,,,,,,,,,,
Arovane,Lilies,,,,,,,,,,,,,,,,
Arovane,Tokyo Ghost Stories,,,,,,,,,,,,,,,,
The Unicorns,The Unicorns: 2014 (Demo Version),,,,,,,,,,,,,,,,
Manic Street Preachers,Sleepflower,,,,,,,,,,,,,,,,
Saul Williams,Niggytardust,,,,,,,,,,,,,,,,
Manic Street Preachers,Enola/Alone,,,,,,,,,,,,,,,,
Blue Öyster Cult,This Ain'T The Summer Of Love,,,,,,,,,,,,,,,,
Bel Canto,Agassiz,,,,,,,,,,,,,,,,
Sigur Rós,Njósnavélin,,,,,,,,,,,,,,,,
N.E.R.D.,Sooner Or Later,,,,,,,,,,,,,,,,
Sophie Milman,My Heart Belongs To Daddy,,,,,,,,,,,,,,,,
Inxs,Mediate,,,,,,,,,,,,,,,,
Inxs,Disappear,,,,,,,,,,,,,,,,
Tori Amos,Wampum Prayer,,,,,,,,,,,,,,,,
Sleeping At Last,Careful Hands,,,,,,,,,,,,,,,,
Chemistry,Still In My Heart,,,,,,,,,,,,,,,,
Bertoli & Mannoia,Pescatore,,,,,,,,,,,,,,,,
Pale Saints,Ordeal,,,,,,,,,,,,,,,,
Wir Sind Helden,Die Zeit Heilt Alle Wunder,,,,,,,,,,,,,,,,
Arovane,Windy Wish Trees,,,,,,,,,,,,,,,,
Cave In,Requiem,,,,,,,,,,,,,,,,
Judith Holofernes,Außer Dir,,,,,,,,,,,,,,,,
Feel,W Ciemną Noc,,,,,,,,,,,,,,,,
Judas Priest,The Ripper,,,,,,,,,,,,,,,,
Saves The Day,Where Are You,,,,,,,,,,,,,,,,
Aphex Twin,Beetles,,,,,,,,,,,,,,,,
Saves The Day,All I'M Losing Is Me,,,,,,,,,,,,,,,,
Sebadoh,Dreams,,,,,,,,,,,,,,,,
Feist,Gatekeeper (One Room One Hour Mix),,,,,,,,,,,,,,,,
Mando Diao,Lauren'S Cathedral,,,,,,,,,,,,,,,,
Mœnia,Sufre Conmigo,,,,,,,,,,,,,,,,
N.E.R.D.,You Know What,,,,,,,,,,,,,,,,
1200 Micrograms,Renaissance Superman,,,,,,,,,,,,,,,,
Cocteau Twins,Beatrix,,,,,,,,,,,,,,,,
The Platters,The Great Pretender,,,,,,,,,,,,,,,,
Dido,Grafton Street,,,,,,,,,,,,,,,,
Avantasia,Farewell,,,,,,,,,,,,,,,,
Hall & Oates,Private Eyes,,,,,,,,,,,,,,,,
Dire Straits,Love Over Gold (Live),,,,,,,,,,,,,,,,
Billy Talent,Living In The Shadows,,,,,,,,,,,,,,,,
Bel Canto,Kloeberdanz,,,,,,,,,,,,,,,,
Amorphis,Weeper On The Shore,,,,,,,,,,,,,,,,
Hadouken!,Liquid Lives (H! Re-Rub),,,,,,,,,,,,,,,,
The Pogues,Boys From The County Hell,,,,,,,,,,,,,,,,
Hakimakli,Dilly Dally,,,,,,,,,,,,,,,,
Judy Torres,Faithfully (Valentin'S Dance Edit),,,,,,,,,,,,,,,,
N.W.A,I Ain'T Tha 1,,,,,,,,,,,,,,,,
Eric Clapton,One Day,,,,,,,,,,,,,,,,
Hail Social,Heaven (Stabwounds Remix),,,,,,,,,,,,,,,,
Arch Enemy,Instinct,,,,,,,,,,,,,,,,
The Young Knives,Weekends And Bleak Days,,,,,,,,,,,,,,,,
Judas Priest,Worth Fighting For,,,,,,,,,,,,,,,,
The Academy Is...,Lax To O'Hare,,,,,,,,,,,,,,,,
Natalia Barbu,Over,,,,,,,,,,,,,,,,
Judas Priest,Steeler,,,,,,,,,,,,,,,,
Ween,Piss Up A Rope,,,,,,,,,,,,,,,,
Primal Scream,The 99Th Floor,,,,,,,,,,,,,,,,
The 69 Eyes,Only Fools Don'T Fall Once More,,,,,,,,,,,,,,,,
The 69 Eyes,Tang,,,,,,,,,,,,,,,,
Toots & The Maytals,Monkey Man,,,,,,,,,,,,,,,,
The 69 Eyes,Voodoo Queen,,,,,,,,,,,,,,,,
Silver Jews,Federal Dust,,,,,,,,,,,,,,,,
Equilibrium,Heimdalls Ruf,,,,,,,,,,,,,,,,
Julie Christmas,The Platters,,,,,,,,,,,,,,,,
Theatre Of Tragedy,Aoede,,,,,,,,,,,,,,,,
Nas,Hip Hop Is Dead,,,,,,,,,,,,,,,,
Belle And Sebastian,Fuck This Shit,,,,,,,,,,,,,,,,
Afi,The Last Kiss,,,,,,,,,,,,,,,,
Primal Scream,Keep Your Dreams,,,,,,,,,,,,,,,,
Nemesis,Number One In Heaven,,,,,,,,,,,,,,,,
Primal Scream,Mbv Arkestra (If They Move Kill 'Em),,,,,,,,,,,,,,,,
Hallucinogen,Dark Magus,0.0,0.0,1.0,0.4,0.0,0.0,0.0,0.0,0.0,0.0,0.0,0.0,1.0,1.0,0.0,0.0
Halou,Morsecode,,,,,,,,,,,,,,,,
Nas,N.Y. State Of Mind,,,,,,,,,,,,,,,,
Hall & Oates,She'S Gone,,,,,,,,,,,,,,,,
Psapp,Tricycle,,,,,,,,,,,,,,,,
Hallucinogen,Horrorgram,,,,,,,,,,,,,,,,
Hallucinogen,Snarling (Remix),,,,,,,,,,,,,,,,
Hard-Fi,Help Me Please,,,,,,,,,,,,,,,,
The Notorious B.I.G.,Ten Crack Commandments,,,,,,,,,,,,,,,,
Nellie Mckay,The Big One,,,,,,,,,,,,,,,,
Billy Bragg & Wilco,Ingrid Bergman,,,,,,,,,,,,,,,,
Aerosmith,Girls Of Summer,,,,,,,,,,,,,,,,
Aerosmith,Deuces Are Wild,,,,,,,,,,,,,,,,
Hammerfall,Remember Yesterday,,,,,,,,,,,,,,,,
Blue Man Group,Piano Smasher,,,,,,,,,,,,,,,,
Blind Melon,Tones Of Home,0.8,0.6,0.0,0.4,0.8,0.4,0.6,0.0,0.0,0.0,0.0,0.0,0.0,0.0,0.8,0.0
The Tea Party,Temptation,,,,,,,,,,,,,,,,
Saves The Day,The End,,,,,,,,,,,,,,,,
The Besnard Lakes,Disaster,,,,,,,,,,,,,,,,
Blue Man Group,Pvc Iv,,,,,,,,,,,,,,,,
Blu Cantrell,Risk It All,,,,,,,,,,,,,,,,
The Jam,Away From The Numbers,,,,,,,,,,,,,,,,
Panic At The Disco,Pas De Cheval,,,,,,,,,,,,,,,,
Blind Melon,I Wonder,,,,,,,,,,,,,,,,
Lucybell,Divina Guía,,,,,,,,,,,,,,,,
Blind Guardian,Traveler In Time,,,,,,,,,,,,,,,,
Blue Foundation,Embers,,,,,,,,,,,,,,,,
Man Man,Engwish Bwudd,,,,,,,,,,,,,,,,
Primus,Tommy The Cat,,,,,,,,,,,,,,,,
Architecture In Helsinki,The Cemetary,,,,,,,,,,,,,,,,
Blue Man Group,Above,,,,,,,,,,,,,,,,
Nelly Furtado,Build You Up,,,,,,,,,,,,,,,,
Charta 77,Mitt Kors,,,,,,,,,,,,,,,,
Jona Lewie,Stop The Cavalry,,,,,,,,,,,,,,,,
Thom Yorke,Skip Divided (Modeselektor Remix),,,,,,,,,,,,,,,,
Celebration,Evergreen,,,,,,,,,,,,,,,,
The Zombies,Hung Up On A Dream,,,,,,,,,,,,,,,,
Townes Van Zandt,Waiting Around To Die,,,,,,,,,,,,,,,,
Promoe,Long Distance Runner,,,,,,,,,,,,,,,,
Billy Joel,Movin' Out (Anthony'S Song),,,,,,,,,,,,,,,,
Promoe,These Walls Don'T Lie,,,,,,,,,,,,,,,,
Bruce Springsteen,You'Ll Be Comin' Down,,,,,,,,,,,,,,,,
Teitur,Josephine,,,,,,,,,,,,,,,,
Aromabar,Winter Pagent,,,,,,,,,,,,,,,,
Panic! At The Disco,Boys Will Be Boys,,,,,,,,,,,,,,,,
The Grates,Rock Boys,,,,,,,,,,,,,,,,
Panic At The Disco,Do You Know What I'M Seeing?,,,,,,,,,,,,,,,,
The Hush Sound,Where We Went Wrong,,,,,,,,,,,,,,,,
Charon,Sister Misery,,,,,,,,,,,,,,,,
Finntroll,Rök,,,,,,,,,,,,,,,,
Finntroll,Vindfärd / Människopesten,,,,,,,,,,,,,,,,
Damian Marley,There For You,,,,,,,,,,,,,,,,
Elvis Costello,(I Don'T Want To Go To) Chelsea,,,,,,,,,,,,,,,,
10Cc,Rubber Bullets,,,,,,,,,,,,,,,,
Scars On Broadway,Funny,,,,,,,,,,,,,,,,
Finntroll,Ur Djupet,,,,,,,,,,,,,,,,
Coconut Records,Nighttiming,0.6,0.4,0.2,0.4,0.6,0.4,0.6,0.0,0.0,0.4,0.0,0.0,0.4,0.4,0.6,0.0
Elvis Costello,Accidents Will Happen,,,,,,,,,,,,,,,,
The Zombies,Beechwood Park,,,,,,,,,,,,,,,,
Bruce Springsteen,Ramrod,,,,,,,,,,,,,,,,
Hank Williams Iii,If The Shoe Fits,,,,,,,,,,,,,,,,
Tricky,Christiansands,,,,,,,,,,,,,,,,
The Tears,Refugees,,,,,,,,,,,,,,,,
Dir En Grey,Embryo,,,,,,,,,,,,,,,,
Dir En Grey,Itoshisa Ha Fuhai Nitsuki,,,,,,,,,,,,,,,,
Finntroll,Nedgång,,,,,,,,,,,,,,,,
Dio,The Last In Line,,,,,,,,,,,,,,,,
Sufjan Stevens,Silent Night,,,,,,,,,,,,,,,,
Autechre,Tankakern,,,,,,,,,,,,,,,,
Sufjan Stevens,The Pick-Up,,,,,,,,,,,,,,,,
Van Halen,Everybody Wants Some!!,,,,,,,,,,,,,,,,
Antony And The Johnsons,Mysteries Of Love,,,,,,,,,,,,,,,,
The Thermals,Test Pattern,,,,,,,,,,,,,,,,
Seal,Love'S Divine,,,,,,,,,,,,,,,,
Autechre,Clipper,,,,,,,,,,,,,,,,
Trentemøller,Like Two Strangers,,,,,,,,,,,,,,,,
Dir En Grey,Obscure,,,,,,,,,,,,,,,,
The Honorary Title,Petals,,,,,,,,,,,,,,,,
Dir En Grey,Grief,,,,,,,,,,,,,,,,
The Honorary Title,Stuck At Sea,,,,,,,,,,,,,,,,
Beth Orton,Shopping Trolley,,,,,,,,,,,,,,,,
Malajube,Montréal -40°C,,,,,,,,,,,,,,,,
Luna,Chinatown,,,,,,,,,,,,,,,,
Luis Bacalov,Summertime Killer,,,,,,,,,,,,,,,,
Bloodbath,Trail Of Insects,,,,,,,,,,,,,,,,
Bloodhound Gang,Mama'S Boy,,,,,,,,,,,,,,,,
Aphex Twin,Actium,,,,,,,,,,,,,,,,
Scissor Sisters,Get It Get It,,,,,,,,,,,,,,,,
The Devin Townsend Band,Let It Roll,,,,,,,,,,,,,,,,
Fejd,Huldran,,,,,,,,,,,,,,,,
Babasónicos,Putita,,,,,,,,,,,,,,,,
The Dillinger Escape Plan,43% Burnt,,,,,,,,,,,,,,,,
Aesthetic Perfection,Coward,,,,,,,,,,,,,,,,
Ebba Grön,Die Mauer,,,,,,,,,,,,,,,,
Alice Cooper,Hell Is Living Without You,,,,,,,,,,,,,,,,
Thomas Newman,Mr. Smarty-Man,,,,,,,,,,,,,,,,
Elvis Presley,(Marie'S The Name) His Latest Flame,,,,,,,,,,,,,,,,
Fictionjunction Yuuka,Silly-Go-Round,,,,,,,,,,,,,,,,
Within Temptation,Blooded,,,,,,,,,,,,,,,,
Infected Mushroom,Blink,,,,,,,,,,,,,,,,
M-Flo,Starstruck`The Return Of The Luvbytes,,,,,,,,,,,,,,,,
Dimmu Borgir,Sympozium,,,,,,,,,,,,,,,,
Suicide,Keep Your Dreams,0.0,0.0,1.0,0.0,0.0,0.0,0.0,0.0,0.0,0.0,0.0,0.0,1.0,0.8,0.0,0.0
The Tough Alliance,Something Special,,,,,,,,,,,,,,,,
The Divine Comedy,The Light Of Day,,,,,,,,,,,,,,,,
Fergie,Velvet,,,,,,,,,,,,,,,,
Hanoi Rocks,Mental Beat,,,,,,,,,,,,,,,,
Hanne Hukkelberg,Conversion,,,,,,,,,,,,,,,,
Indochine,7000 Danses,,,,,,,,,,,,,,,,
M-Flo,Prism,,,,,,,,,,,,,,,,
Telefon Tel Aviv,When It Happens It Moves All By Itself,,,,,,,,,,,,,,,,
Blonde Redhead,Melody Of Certain Three,,,,,,,,,,,,,,,,
The Divine Comedy,Becoming More Like Alfie,,,,,,,,,,,,,,,,
Field Mob,Smilin (Feat. Ludacris),,,,,,,,,,,,,,,,
Amon Tobin,Bitter & Twisted,,,,,,,,,,,,,,,,
Hank Williams Iii,On My Own,,,,,,,,,,,,,,,,
Billy Corgan,Walking Shade,,,,,,,,,,,,,,,,
Billy Corgan,The Cameraeye,,,,,,,,,,,,,,,,
Aesop Rock,Gun For The Whole Family,,,,,,,,,,,,,,,,
Cloud Cult,When Water Comes To Life,,,,,,,,,,,,,,,,
The Honorary Title,Cats In Heat,,,,,,,,,,,,,,,,
The Divine Comedy,Songs Of Love,,,,,,,,,,,,,,,,
Josh Kelley,Almost Honest,,,,,,,,,,,,,,,,
Sonic Youth,Hits Of Sunshine (For Allen Ginsberg),,,,,,,,,,,,,,,,
The Hellacopters,On The Line,,,,,,,,,,,,,,,,
Clutch,Small Upsetters,,,,,,,,,,,,,,,,
Hank Williams Iii,Wild & Free,,,,,,,,,,,,,,,,
The Distillers,The Young Crazed Peeling,,,,,,,,,,,,,,,,
The Distillers,Seneca Falls,,,,,,,,,,,,,,,,
Milosh,You Make Me Feel,,,,,,,,,,,,,,,,
Black Mountain,Modern Music,,,,,,,,,,,,,,,,
Bonobo,Scuba (Amon Tobin Remix),,,,,,,,,,,,,,,,
Kylie Minogue,Give It To Me,,,,,,,,,,,,,,,,
Стефан Вълдобрев,Фойерверк,,,,,,,,,,,,,,,,
Kyuss,Gloria Lewis,,,,,,,,,,,,,,,,
Rinaldi Sings,On A Magic Carpet Ride,,,,,,,,,,,,,,,,
Rilo Kiley,The Frug,,,,,,,,,,,,,,,,
Infected Mushroom,Illuminaughty,,,,,,,,,,,,,,,,
Paramore,Circle,,,,,,,,,,,,,,,,
M. Ward,You Still Believe In Me,,,,,,,,,,,,,,,,
Ulrich Schnauss,Suddenly The Trees Are Giving Way,,,,,,,,,,,,,,,,
Machinae Supremacy,Machinae Prime,,,,,,,,,,,,,,,,
高梨康治/刃-Yaiba-,電光石火,,,,,,,,,,,,,,,,
Sleater-Kinney,Turn It On,,,,,,,,,,,,,,,,
Mad'House,Like A Prayer,,,,,,,,,,,,,,,,
The Offspring,Living In Chaos,,,,,,,,,,,,,,,,
Dimmu Borgir,Tormentor Of Christian Souls,,,,,,,,,,,,,,,,
高橋瞳,僕たちの行方,,,,,,,,,,,,,,,,
Blockhead,Serenade,,,,,,,,,,,,,,,,
M. Ward,Fool Says,,,,,,,,,,,,,,,,
Infected Mushroom,Psycho,,,,,,,,,,,,,,,,
Sugababes,I Bet You Look Good On The Dancefloor,,,,,,,,,,,,,,,,
Screaming Trees,Nearly Lost You,,,,,,,,,,,,,,,,
Dinosaur Jr.,Out There,,,,,,,,,,,,,,,,
Autechre,Simmm,,,,,,,,,,,,,,,,
Mae,Giving It Away,,,,,,,,,,,,,,,,
Dan Deacon,Pink Batman,0.4,0.4,0.8,0.6,0.0,0.0,0.0,0.0,0.0,0.0,0.0,0.0,1.0,0.8,0.0,0.0
Madvillain,Strange Ways,,,,,,,,,,,,,,,,
豊口めぐみ,Please,,,,,,,,,,,,,,,,
Suicide,Che,,,,,,,,,,,,,,,,
Mae,Skyline Drive,,,,,,,,,,,,,,,,
Sugarcult,Bouncing Off The Walls,,,,,,,,,,,,,,,,
...And You Will Know Us By The Trail Of Dead,And The Rest Will Follow,,,,,,,,,,,,,,,,
Scott Walker,If You Go Away,,,,,,,,,,,,,,,,
Madonna,Die Another Day (Radio Edit),,,,,,,,,,,,,,,,
Fennesz & Sakamoto,Cendre,,,,,,,,,,,,,,,,
Fennesz & Sakamoto,Haru,,,,,,,,,,,,,,,,
Fennesz & Sakamoto,Kuni,,,,,,,,,,,,,,,,
Sunn O))),Orthodox Caveman,,,,,,,,,,,,,,,,
Madeleine Peyroux,La Vie En Rose,,,,,,,,,,,,,,,,
Madeleine Peyroux,Careless Love,,,,,,,,,,,,,,,,
Sunn O))),Cursed Realms (Of The Winterdemons),,,,,,,,,,,,,,,,
Dead Can Dance,I Am Stretched On Your Grave,,,,,,,,,,,,,,,,
Alexisonfire,That Girl Possessed,,,,,,,,,,,,,,,,
Alexisonfire,Pulmonary Archery,,,,,,,,,,,,,,,,
Ulrich Schnauss,Nobody'S Home,,,,,,,,,,,,,,,,
Dead Can Dance,Nierika,,,,,,,,,,,,,,,,
Infected Mushroom,The Gathering,,,,,,,,,,,,,,,,
Luz Divina,Sorry (Radio Edit),,,,,,,,,,,,,,,,
Madvillain,Figaro,,,,,,,,,,,,,,,,
Mae,Someone Else'S Arms,,,,,,,,,,,,,,,,
Dinosaur Jr.,I Got Lost,,,,,,,,,,,,,,,,
Sunfreakz Feat. Andrea Britton,Counting Down The Days (Axwell Remix),,,,,,,,,,,,,,,,
Dinosaur Jr.,Tarpit,,,,,,,,,,,,,,,,
...And You Will Know Us By The Trail Of Dead,Summer 91,,,,,,,,,,,,,,,,
Lyfe Jennings,Let'S Stay Together,,,,,,,,,,,,,,,,
...And You Will Know Us By The Trail Of Dead,Segue: In The Realms Of The Unreal,,,,,,,,,,,,,,,,
鈴村健一,Moving,,,,,,,,,,,,,,,,
Field Music,If Only The Moon Were Up,,,,,,,,,,,,,,,,
Antti Tuisku,Ensimmäinen Kerta,,,,,,,,,,,,,,,,
鈴村健一,Sexy Boy,,,,,,,,,,,,,,,,
Scooter,Posse,,,,,,,,,,,,,,,,
Tom Waits,Diamonds On My Windshield,,,,,,,,,,,,,,,,
Field Music,It'S Not The Only Way To Feel Happy,,,,,,,,,,,,,,,,
Incubus,Hilikus,,,,,,,,,,,,,,,,
Wire,Single K.O.,,,,,,,,,,,,,,,,
Bestial War,Satã Chama Você,,,,,,,,,,,,,,,,
In Flames,Stand Ablaze,,,,,,,,,,,,,,,,
The Haunted,Nothing Right,,,,,,,,,,,,,,,,
Within Temptation,The Other Half (Of Me),,,,,,,,,,,,,,,,
Blondie,Die Young Stay Pretty,,,,,,,,,,,,,,,,
The Hold Steady,Your Little Hoodrat Friend,,,,,,,,,,,,,,,,
Sunny Day Real Estate,Seven,,,,,,,,,,,,,,,,
The Hood Internet,Girls Just Wanna Fix Up (Dizzee Rascal Vs. Cyndi Lauper),,,,,,,,,,,,,,,,
Maia Hirasawa,And I Found This Boy,,,,,,,,,,,,,,,,
Mai Yamane With Seatbelts,The Real Folk Blues,,,,,,,,,,,,,,,,
The Twilight Singers,The Killer,,,,,,,,,,,,,,,,
Chairlift,Planet Health,,,,,,,,,,,,,,,,
The Hellacopters,Carry Me Home,,,,,,,,,,,,,,,,
Pat Benatar,Here'S My Heart,,,,,,,,,,,,,,,,
Neko Case,The Tigers Have Spoken,,,,,,,,,,,,,,,,
Nathan Fake,Superpositions,,,,,,,,,,,,,,,,
Belinda,Ni Freud Ni Tu Mamá,,,,,,,,,,,,,,,,
The Devin Townsend Band,Babysong,,,,,,,,,,,,,,,,
Hank Williams,Lost Highway,,,,,,,,,,,,,,,,
The Dillinger Escape Plan,Sunshine The Werewolf,,,,,,,,,,,,,,,,
Hank Williams Iii,Six Pack Of Beer,,,,,,,,,,,,,,,,
Billy Joel,The Stranger,,,,,,,,,,,,,,,,
Billy Corgan,Dia,,,,,,,,,,,,,,,,
Deerhoof,Rrrrrrright,,,,,,,,,,,,,,,,
Neko Case And Her Boyfriends,Set Out Running,,,,,,,,,,,,,,,,
Prince,When You Were Mine,,,,,,,,,,,,,,,,
Neko Case,Soulful Shade Of Blue,,,,,,,,,,,,,,,,
Youth Group,Someone Else'S Dream,,,,,,,,,,,,,,,,
Deerhoof,Wrong Time Capsule,,,,,,,,,,,,,,,,
Hank Williams Iii,87 Southbound,,,,,,,,,,,,,,,,
Aesthetic Perfection,Schadenfreude,,,,,,,,,,,,,,,,
Bt,Remember,,,,,,,,,,,,,,,,
Buck-Tick,Long Distance Call,,,,,,,,,,,,,,,,
Bubba Sparxxx,Deliverance,,,,,,,,,,,,,,,,
Jordan & Baker,Explode,,,,,,,,,,,,,,,,
Josh Ritter,Thin Blue Flame,,,,,,,,,,,,,,,,
Neko Case,I'M An Animal,,,,,,,,,,,,,,,,
Joss Stone,Jet Lag,,,,,,,,,,,,,,,,
Silverchair,Dearest Helpless,,,,,,,,,,,,,,,,
Billy Bragg & Wilco,She Came Along To Me,,,,,,,,,,,,,,,,
Silverchair,The Greatest View,,,,,,,,,,,,,,,,
Eri Nobuchika,I Hear The Music In My Soul (Album Mix),,,,,,,,,,,,,,,,
Underworld,Moaner,,,,,,,,,,,,,,,,
Silverchair,Black Tangled Heart,,,,,,,,,,,,,,,,
Silverchair,Tuna In The Brine,,,,,,,,,,,,,,,,
Amon Tobin,Mighty Micro People,,,,,,,,,,,,,,,,
Bruce Springsteen,Born To Run (Acoustic),,,,,,,,,,,,,,,,
Judas Priest,Rock Forever,,,,,,,,,,,,,,,,
Bruce Springsteen,Gypsy Biker,,,,,,,,,,,,,,,,
Judas Priest,Devil'S Child,,,,,,,,,,,,,,,,
The Academy Is...,Pour Yourself A Drink (Basement Demo),,,,,,,,,,,,,,,,
Sigur Rós,[Álafoss],,,,,,,,,,,,,,,,
Erik Mongrain,Fates,,,,,,,,,,,,,,,,
Sigur Rós,Ti Ki,,,,,,,,,,,,,,,,
Afi,A Winter'S Tale,,,,,,,,,,,,,,,,
Nelly Furtado,All Good Things,,,,,,,,,,,,,,,,
Buffalo Tom,I'M Allowed,,,,,,,,,,,,,,,,
Erasure,Take A Chance On Me,,,,,,,,,,,,,,,,
Erasure,Sunday Girl,,,,,,,,,,,,,,,,
Primus,Wynona'S Big Brown Beaver,,,,,,,,,,,,,,,,
David Bowie,Because You'Re Young,,,,,,,,,,,,,,,,
Bruce Springsteen,Johnny 99,,,,,,,,,,,,,,,,
Joy Division,Sister Ray,,,,,,,,,,,,,,,,
Natalie Portman'S Shaved Head,Beard Lust,,,,,,,,,,,,,,,,
Billy Mack,Christmas Is All Around,,,,,,,,,,,,,,,,
Aesthetic Perfection,The Great Depression,,,,,,,,,,,,,,,,
Afi,...But Home Is Nowhere (Demo),,,,,,,,,,,,,,,,
Sonic Youth,Secret Girl,,,,,,,,,,,,,,,,
Youth Group,Baby Body,,,,,,,,,,,,,,,,
Eagles Of Death Metal,Stacks O' Money,,,,,,,,,,,,,,,,
Eagles Of Death Metal,The Ballad Of Queen Bee And Baby Duck,,,,,,,,,,,,,,,,
Natasha St-Pier,Tu Trouveras,,,,,,,,,,,,,,,,
Talib Kweli,Shock Body,,,,,,,,,,,,,,,,
Bruce Springsteen,Long Time Comin',,,,,,,,,,,,,,,,
Assemblage 23,Infinite,,,,,,,,,,,,,,,,
Juanes,Fotografía,,,,,,,,,,,,,,,,
Halou,Separation,,,,,,,,,,,,,,,,
Psapp,Needle And Thread,,,,,,,,,,,,,,,,
Psapp,Chapter,,,,,,,,,,,,,,,,
N.W.A,Gangsta Gangsta,0.4,0.6,1.0,0.0,0.0,0.0,0.0,0.0,0.0,0.0,0.0,0.0,0.0,0.0,0.0,0.0
Halou,Alaska,,,,,,,,,,,,,,,,
Brother Ali,Take Me Home,,,,,,,,,,,,,,,,
N.W.A,If It Ain'T Ruff,,,,,,,,,,,,,,,,
Nada Surf,Blizzard Of '77,,,,,,,,,,,,,,,,
Neon Neon,Steel Your Girl,,,,,,,,,,,,,,,,
Neon Neon,Dream Cars,,,,,,,,,,,,,,,,
Neurosis,Burn,,,,,,,,,,,,,,,,
Jon Brion,Knock Yourself Out,,,,,,,,,,,,,,,,
Nada Surf,Treading Water,,,,,,,,,,,,,,,,
Nas,Still Dreaming,,,,,,,,,,,,,,,,
Zebrahead,Falling Apart,,,,,,,,,,,,,,,,
Hallucinogen,Trancespotter,,,,,,,,,,,,,,,,
Simon & Garfunkel,April Come She Will,,,,,,,,,,,,,,,,
David Bowie,I'M Deranged (Edit),,,,,,,,,,,,,,,,
Archive,Numb,,,,,,,,,,,,,,,,
Simon & Garfunkel,Old Friends,,,,,,,,,,,,,,,,
Primal Scream,Sometimes I Feel So Lonely,,,,,,,,,,,,,,,,
Primal Scream,Suicide Bomb,,,,,,,,,,,,,,,,
Theatre Of Tragedy,Automatic Lover,,,,,,,,,,,,,,,,
The Nightwatchman,Let Freedom Ring,,,,,,,,,,,,,,,,
Belanova,Baila Mi Corazon,,,,,,,,,,,,,,,,
Cocteau Twins,Cico Buff,,,,,,,,,,,,,,,,
E.S. Posthumus,Ebla,,,,,,,,,,,,,,,,
Sonic Youth,The Burning Spear,,,,,,,,,,,,,,,,
E.S. Posthumus,Pompeii,,,,,,,,,,,,,,,,
The Wrens,Thirteen Grand,,,,,,,,,,,,,,,,
Erasure,Breath Of Life,,,,,,,,,,,,,,,,
Assemblage 23,Complacent,,,,,,,,,,,,,,,,
Adema,Giving In,,,,,,,,,,,,,,,,
Assemblage 23,Document,,,,,,,,,,,,,,,,
Gåte,Fredlysning,,,,,,,,,,,,,,,,
Pulp,The Night That Minnie Timperley Died,,,,,,,,,,,,,,,,
Pulp,Sorted For E'S And Whizz,,,,,,,,,,,,,,,,
The Decemberists,Won'T Want For Love (Margaret In The Taiga),,,,,,,,,,,,,,,,
Qed,Islands (Valentin Radio Mix),,,,,,,,,,,,,,,,
Neu!,Super 16,,,,,,,,,,,,,,,,
Pulp,Tv Movie,,,,,,,,,,,,,,,,
The Adicts,Love Sucks,,,,,,,,,,,,,,,,
Gym Class Heroes,New Friend Request,,,,,,,,,,,,,,,,
Pretty Girls Make Graves,Mr. Club,,,,,,,,,,,,,,,,
Juno Reactor,Hotaka,0.4,0.6,0.8,0.6,0.6,0.6,0.0,0.4,0.0,0.0,0.0,0.0,0.8,0.8,0.6,0.0
Pretty Girls Make Graves,The Teeth Collector,,,,,,,,,,,,,,,,
Belle And Sebastian,Take Your Carriage Clock And Shove It,0.6,0.4,0.0,0.4,0.4,0.2,1.0,0.6,0.0,0.6,0.0,0.0,0.0,0.0,0.6,0.0
Primal Scream,I Love To Hurt (You Love To Be Hurt),,,,,,,,,,,,,,,,
Juno Reactor,God Is God,,,,,,,,,,,,,,,,
Sonata Arctica,Wildfire,,,,,,,,,,,,,,,,
Juno Reactor,Feel The Universe,,,,,,,,,,,,,,,,
Sigur Rós,E-Bow,,,,,,,,,,,,,,,,
Erlend Øye,The Talk (Feat. Björn Torske),,,,,,,,,,,,,,,,
Erlend Øye,Prego Amore (Feat. Jolly Music),,,,,,,,,,,,,,,,
Sigur Rós,Njosnavelin (Nothing Song),,,,,,,,,,,,,,,,
Public Enemy,Mind Terrorist,,,,,,,,,,,,,,,,
Public Enemy,Terminator X To The Edge Of Panic,,,,,,,,,,,,,,,,
Pull Tiger Tail,Animator,,,,,,,,,,,,,,,,
Public Image Ltd.,Seattle,,,,,,,,,,,,,,,,
Hadouken!,Tuning In,,,,,,,,,,,,,,,,
Cocteau Twins,Treasure Hiding,,,,,,,,,,,,,,,,
Code 64,Guardian,,,,,,,,,,,,,,,,
Billy Talent,Prisoners Of Today,,,,,,,,,,,,,,,,
Mägo De Oz,El Templo Del Adiós,,,,,,,,,,,,,,,,
Broken Social Scene,Da Da Da Da,,,,,,,,,,,,,,,,
Mägo De Oz,Maritormes,,,,,,,,,,,,,,,,
Biosphere,The Things I Tell You,,,,,,,,,,,,,,,,
Amy Winehouse,Cupid (Deluxe Version),0.8,0.4,0.0,0.6,0.4,0.0,0.0,0.0,0.8,0.4,0.0,0.0,0.0,0.0,0.8,0.0
The Postal Service,Grow Old With Me,,,,,,,,,,,,,,,,
Queen,Spread Your Wings,,,,,,,,,,,,,,,,
Coheed And Cambria,The Reaping,0.6,0.4,0.0,0.4,0.8,0.6,1.0,0.0,0.0,0.0,0.0,0.0,0.0,0.0,0.6,0.0
Billie The Vision & The Dancers,One More Full Length Record,,,,,,,,,,,,,,,,
Soundgarden,Half,,,,,,,,,,,,,,,,
Mägo De Oz,Judas,,,,,,,,,,,,,,,,
Quasimoto,Goodmorning Sunshine,,,,,,,,,,,,,,,,
Mägo De Oz,La Leyenda De La Mancha,,,,,,,,,,,,,,,,
Quasimoto,Welcome To Violence,,,,,,,,,,,,,,,,
Mägo De Oz,Domingo De Gramos,,,,,,,,,,,,,,,,
Gustavo Cerati,Caravana,,,,,,,,,,,,,,,,
Hawthorne Heights,Dissolve And Decay,,,,,,,,,,,,,,,,
Prefuse 73,Dubs That Don'T Match,,,,,,,,,,,,,,,,
Prefuse 73,Bad Memory Interlude One,,,,,,,,,,,,,,,,
Hawthorne Heights,Language Lessons,,,,,,,,,,,,,,,,
Young Marble Giants,Eating Noddemix,,,,,,,,,,,,,,,,
Haujobb,Penetration (Fuck The Floor),,,,,,,,,,,,,,,,
Nevermore,Seed Awakening,,,,,,,,,,,,,,,,
Mötley Crüe,Bitter Pill,,,,,,,,,,,,,,,,
Nevermore,The Psalm Of Lydia,,,,,,,,,,,,,,,,
Justice,D.A.N.C.E (Extended),,,,,,,,,,,,,,,,
Sondre Lerche,To Be Surprised,0.6,0.4,0.0,0.4,0.4,0.2,0.8,0.2,0.0,0.6,0.0,0.0,0.0,0.0,0.6,0.0
Sondre Lerche,Stupid Memory,,,,,,,,,,,,,,,,
Mötley Crüe,Knock 'Em Dead Kid,,,,,,,,,,,,,,,,
Echo & The Bunnymen,Over The Wall,,,,,,,,,,,,,,,,
Postgirobygget,En Solskinnsdag,,,,,,,,,,,,,,,,
Portishead,Revenge Of The Number,,,,,,,,,,,,,,,,
Arcana,Our God Weeps,,,,,,,,,,,,,,,,
Dave Matthews Band,Say Goodbye,,,,,,,,,,,,,,,,
My Morning Jacket,At Dawn,,,,,,,,,,,,,,,,
Two-Mix,Rhythm Emotion,,,,,,,,,,,,,,,,
Talking Heads,Happy Day,,,,,,,,,,,,,,,,
Bullet For My Valentine,Her Voice Resides,,,,,,,,,,,,,,,,
Kaki King,So Much For So Little,,,,,,,,,,,,,,,,
Sonata Arctica,Die With Your Boots On,,,,,,,,,,,,,,,,
Talking Heads,Swamp,,,,,,,,,,,,,,,,
Kamelot,Interlude I: Dei Gratia,,,,,,,,,,,,,,,,
After Forever,My Pledge Of Allegiance #1: The Sealed Fate,,,,,,,,,,,,,,,,
Erykah Badu,Master Teacher,0.6,0.4,0.8,0.4,0.4,0.2,0.0,0.0,0.0,0.4,0.0,0.8,0.4,0.2,0.6,0.0
Kamelot,Interlude I: Opiate Soul,,,,,,,,,,,,,,,,
Kamelot,Interlude Ii: Un Assassinio Molto Silenzioso,,,,,,,,,,,,,,,,
Erykah Badu,No Love,,,,,,,,,,,,,,,,
Erykah Badu,Didn'T Cha Know,,,,,,,,,,,,,,,,
Underoath,Moving For The Sake Of Motion,,,,,,,,,,,,,,,,
Enya,On My Way Home,,,,,,,,,,,,,,,,
Underoath,Casting Such A Thin Shadow,,,,,,,,,,,,,,,,
Johnny Cash,Rowboat,,,,,,,,,,,,,,,,
Johnny Cash,Memories Are Made Of This,,,,,,,,,,,,,,,,
After Forever,Forever,,,,,,,,,,,,,,,,
New Order,Chosen Time,,,,,,,,,,,,,,,,
Queen,Sweet Lady,,,,,,,,,,,,,,,,
The Pop Group,She Is Beyond Good And Evil,,,,,,,,,,,,,,,,
Guns N' Roses,I Used To Love Her,,,,,,,,,,,,,,,,
Kaiser Chiefs,Another Number,,,,,,,,,,,,,,,,
Soulwax,Dance 2 Slow,,,,,,,,,,,,,,,,
Deine Lakaien,Love Me To The End,,,,,,,,,,,,,,,,
New Found Glory,On My Mind,,,,,,,,,,,,,,,,
Portishead,Lot More,,,,,,,,,,,,,,,,
Kamelot,Nights Of Arabia,,,,,,,,,,,,,,,,
Kamelot,Moonlight,,,,,,,,,,,,,,,,
Britney Spears,Brave New Girl,,,,,,,,,,,,,,,,
Duran Duran,Friends Of Mine,0.8,0.6,0.4,0.4,0.8,0.6,0.0,0.0,0.0,0.0,0.0,0.0,1.0,0.8,0.8,0.0
Quim Barreiros,Eco Na Voz,,,,,,,,,,,,,,,,
Gruff Rhys,Candylion,,,,,,,,,,,,,,,,
The Dears,There Goes My Outfit,,,,,,,,,,,,,,,,
Duke Special,Freewheel,,,,,,,,,,,,,,,,
Queensrÿche,One Foot In Hell,,,,,,,,,,,,,,,,
Spacemen 3,Call The Doctor,,,,,,,,,,,,,,,,
Take That,Relight My Fire,,,,,,,,,,,,,,,,
Soundgarden,Somewhere,,,,,,,,,,,,,,,,
Take That,The Garden,,,,,,,,,,,,,,,,
My Dying Bride,Black God,,,,,,,,,,,,,,,,
My Dying Bride,Under Your Wings And Into Your Arms,,,,,,,,,,,,,,,,
Britney Spears,Overprotected (The Darkchild Remix),,,,,,,,,,,,,,,,
My Dying Bride,Your River,,,,,,,,,,,,,,,,
Queensrÿche,Hostage,,,,,,,,,,,,,,,,
Guided By Voices,My Kind Of Soldier,,,,,,,,,,,,,,,,
Afterhours,Strategie,,,,,,,,,,,,,,,,
Queensrÿche,The Hands,,,,,,,,,,,,,,,,
Queensrÿche,Re-Arrange You,,,,,,,,,,,,,,,,
Colbie Caillat,Tailor Made,,,,,,,,,,,,,,,,
Head Automatica,Scandalous,,,,,,,,,,,,,,,,
Deepest Blue,Is It A Sin,,,,,,,,,,,,,,,,
Head Automatica,Lying Through Your Teeth,,,,,,,,,,,,,,,,
Porn Sword Tobacco,Tools For Trains,,,,,,,,,,,,,,,,
Clor,Garden Of Love,,,,,,,,,,,,,,,,
New Order,Love Less,,,,,,,,,,,,,,,,
Health,Crimewave,,,,,,,,,,,,,,,,
British Sea Power,Blackout,,,,,,,,,,,,,,,,
Tim Deluxe,It Just Won'T Do,,,,,,,,,,,,,,,,
Katie Melua,Blame It On The Moon,,,,,,,,,,,,,,,,
The Prodigy,Ruff In The Jungle Bizness,,,,,,,,,,,,,,,,
The Prodigy,No Man Army,,,,,,,,,,,,,,,,
Tv On The Radio,Dirty Whirlwind,0.8,0.6,0.8,0.4,0.6,0.4,0.0,0.0,0.0,0.0,0.0,0.0,1.0,0.8,0.8,0.0
Esg,My Love For You,,,,,,,,,,,,,,,,
The Aggrovators,Rock My Boat Dub,,,,,,,,,,,,,,,,
Sparta,Air,,,,,,,,,,,,,,,,
Escape The Fate,There'S No Sympathy For The Dead,,,,,,,,,,,,,,,,
T.M.Revolution,Invoke-インヴォーク-(Tv Size),,,,,,,,,,,,,,,,
Coldcut,Mr Nichols,,,,,,,,,,,,,,,,
Deltron 3030,Memory Loss,,,,,,,,,,,,,,,,
Groove Armada,Drifted,,,,,,,,,,,,,,,,
Groove Theory,Hey U,,,,,,,,,,,,,,,,
Johnette Napolitano & Danny Lohner,The Scientist,,,,,,,,,,,,,,,,
Groove Armada,Save My Soul,,,,,,,,,,,,,,,,
Clipse,We Got It For Cheap (Intro),,,,,,,,,,,,,,,,
The 69 Eyes,Grey,,,,,,,,,,,,,,,,
The 69 Eyes,In My Name,,,,,,,,,,,,,,,,
Burial,Spaceape (Feat. Spaceape),,,,,,,,,,,,,,,,
John Williams,Duel Of The Fates,,,,,,,,,,,,,,,,
Nick Cave & The Bad Seeds,Brompton Oratory,,,,,,,,,,,,,,,,
Tada Hirano,Motteke! Sailor Fuku,,,,,,,,,,,,,,,,
Nick Cave & The Bad Seeds,Avalanche,,,,,,,,,,,,,,,,
My Bloody Valentine,The Things I Miss,,,,,,,,,,,,,,,,
My Brightest Diamond,From The Top Of The World,,,,,,,,,,,,,,,,
Kaoma,Lambada,,,,,,,,,,,,,,,,
Musetta,Dark Star,,,,,,,,,,,,,,,,
Karen Ramirez,Looking For Love,,,,,,,,,,,,,,,,
Billie Holiday,The Very Thought Of You,,,,,,,,,,,,,,,,
Arcturus,The Throne Of Tragedy,,,,,,,,,,,,,,,,
Accept,Fast As A Shark,,,,,,,,,,,,,,,,
Keane,Wolf At The Door,,,,,,,,,,,,,,,,
Katy Perry,Self Inflicted,,,,,,,,,,,,,,,,
Ms. Dynamite,Dy-Na-Mi-Tee,,,,,,,,,,,,,,,,
Anastacia,Pieces Of A Dream,,,,,,,,,,,,,,,,
R.E.M.,Let Me In,,,,,,,,,,,,,,,,
R.E.M.,I'M Gonna Dj,1.0,0.8,0.0,0.2,1.0,0.8,0.0,0.0,0.0,0.0,0.0,0.0,0.0,0.0,1.0,0.0
The Dead 60S,Loaded Gun,,,,,,,,,,,,,,,,
Weird Al Yankovic,Pancreas,,,,,,,,,,,,,,,,
Arcturus,Ad Absurdum,,,,,,,,,,,,,,,,
Tierra Santa,El Caballo De Troya,,,,,,,,,,,,,,,,
Against Me!,8 Full Hours Of Sleep,,,,,,,,,,,,,,,,
Billie Holiday,Lover Man,,,,,,,,,,,,,,,,
Nick Cave & The Bad Seeds,There Is A Kingdom,,,,,,,,,,,,,,,,
British Sea Power,A Lovely Day Tomorrow,,,,,,,,,,,,,,,,
Nick Cave & The Bad Seeds,West Country Girl,,,,,,,,,,,,,,,,
Mr. Bungle,Desert Search For Techno Allah,,,,,,,,,,,,,,,,
Nick Cave & The Bad Seeds,Lime Tree Arbour,,,,,,,,,,,,,,,,
Client,Radio,,,,,,,,,,,,,,,,
Cliff Martinez,Death Shall Have No Dominion,,,,,,,,,,,,,,,,
Cliff Martinez,Wear Your Seat Belt,,,,,,,,,,,,,,,,
Polarkreis 18,Allein Allein,,,,,,,,,,,,,,,,
Pony Up,Speed Of Light,,,,,,,,,,,,,,,,
Weird Al Yankovic,Do I Creep You Out,,,,,,,,,,,,,,,,
Kate Bush,Them Heavy People,,,,,,,,,,,,,,,,
The Prodigy,Everybody In The Place (155 And Rising),,,,,,,,,,,,,,,,
Dave Matthews Band,Grace Is Gone,,,,,,,,,,,,,,,,
Kate Bush,Feel It,,,,,,,,,,,,,,,,
Kate Bush,Watching You Without Me,,,,,,,,,,,,,,,,
Katatonia,Quiet World,,,,,,,,,,,,,,,,
Mujuice,Фейерверк,,,,,,,,,,,,,,,,
The Who,Odorono,,,,,,,,,,,,,,,,
Mr. Bungle,The Air-Conditioned Nightmare,,,,,,,,,,,,,,,,
R.E.M.,Star 69,,,,,,,,,,,,,,,,
Anathema,Suicide Veil,,,,,,,,,,,,,,,,
Ac/Dc,The Furor,,,,,,,,,,,,,,,,
The Dandy Warhols,Wasp In The Lotus,,,,,,,,,,,,,,,,
Ac/Dc,Soul Stripper,,,,,,,,,,,,,,,,
Grendel,Dirty,,,,,,,,,,,,,,,,
Mr. Bungle,Carry Stress In The Jaw,,,,,,,,,,,,,,,,
Heidi Marie Vestrheim,Pants,0.6,0.4,0.0,0.4,0.6,0.2,0.8,0.0,0.0,0.6,0.0,0.0,0.4,0.2,0.6,0.0
Talking Heads,The Lady Don'T Mind,,,,,,,,,,,,,,,,
Against Me!,Cavalier Eternal,,,,,,,,,,,,,,,,
The Mountain Goats,Jeff Davis County Blues,,,,,,,,,,,,,,,,
The Mountain Goats,New Monster Avenue,,,,,,,,,,,,,,,,
Ben Folds,Adelaide,,,,,,,,,,,,,,,,
Drive-By Truckers,Gravity'S Gone,,,,,,,,,,,,,,,,
Drive-By Truckers,3 Dimes Down,,,,,,,,,,,,,,,,
Dropkick Murphys,The Dirty Glass,,,,,,,,,,,,,,,,
Client,Price Of Love,,,,,,,,,,,,,,,,
The Duke Spirit,A Message To A Pretty,,,,,,,,,,,,,,,,
Son Volt,Beacon Soul,,,,,,,,,,,,,,,,
Son Volt,Adrenaline And Heresy,,,,,,,,,,,,,,,,
Talking Heads,Slippery People (Live),,,,,,,,,,,,,,,,
The Duke Spirit,007,1.0,0.6,0.0,0.4,0.8,0.6,0.0,0.0,0.0,0.0,0.0,0.0,0.0,0.0,0.8,0.0
Eddie Cochran,C'Mon Everybody,,,,,,,,,,,,,,,,
Mucc,Shiki No Uta,,,,,,,,,,,,,,,,
Wagon Christ,Piano Playa Hata,,,,,,,,,,,,,,,,
Coldplay,The Escapist,,,,,,,,,,,,,,,,
R.E.M.,It'S The End Of The World As We Know It,,,,,,,,,,,,,,,,
The Mountain Goats,Song For Lonely Giants,,,,,,,,,,,,,,,,
Radiohead,Arpeggi,0.6,0.4,0.0,0.4,0.4,0.2,0.6,0.0,0.0,0.0,0.0,0.0,0.8,0.4,0.6,0.0
The Duke Spirit,Nine & Scramble,,,,,,,,,,,,,,,,
Green Day,Stuck With Me,,,,,,,,,,,,,,,,
The Aislers Set,Mission Bells,,,,,,,,,,,,,,,,
The Aislers Set,Emotional Levy,,,,,,,,,,,,,,,,
Demons & Wizards,The Gunslinger,,,,,,,,,,,,,,,,
T.M.Revolution,Black Or White? Version 3,,,,,,,,,,,,,,,,
Agalloch,Odal,,,,,,,,,,,,,,,,
Motörhead,Die You Bastard,,,,,,,,,,,,,,,,
T.M.Revolution,Heart Of Sword ～夜明け前～,,,,,,,,,,,,,,,,
Kelly Clarkson,Don'T Waste Your Time,,,,,,,,,,,,,,,,
Bright Eyes,I Will Be Grateful For This Day,,,,,,,,,,,,,,,,
Bright Eyes,N'En Parlons Plus,,,,,,,,,,,,,,,,
Esthero,Everyday Is A Holiday (With You) (Feat. Sean Lennon),,,,,,,,,,,,,,,,
Helloween,A Little Time,,,,,,,,,,,,,,,,
Baltimora,Tarzan Boy,,,,,,,,,,,,,,,,
Bright Eyes,Puella Quam Amo Est Pulchra,,,,,,,,,,,,,,,,
Hella,Been A Long Time Cousin,,,,,,,,,,,,,,,,
Hello Saferide,Highschool Stalker,,,,,,,,,,,,,,,,
The Mountain Goats,Cubs In Five,,,,,,,,,,,,,,,,
Busta Rhymes,We Made It (Feat. Linkin Park),,,,,,,,,,,,,,,,
John Mayer,City Love,,,,,,,,,,,,,,,,
Busy P,To Protect And Entertain (Feat. Murs),,,,,,,,,,,,,,,,
The Mountain Goats,Magpie,,,,,,,,,,,,,,,,
Nickelback,Flat On The Floor,,,,,,,,,,,,,,,,
The Mountain Goats,International Small Arms Traffic Blues,,,,,,,,,,,,,,,,
The Early November,Every Night'S Another Story,,,,,,,,,,,,,,,,
Against Me!,Wagon Wheel,,,,,,,,,,,,,,,,
The Dø,The Bridge Is Broken,,,,,,,,,,,,,,,,
Plants And Animals,Bye Bye Bye,,,,,,,,,,,,,,,,
Plants And Animals,Faerie Dance,,,,,,,,,,,,,,,,
The Duskfall,Going Down Screaming,,,,,,,,,,,,,,,,
Spiritualized,Born Never Asked,,,,,,,,,,,,,,,,
Azure Ray,Raining In Athens,,,,,,,,,,,,,,,,
Demi Lovato,Trainwreck,,,,,,,,,,,,,,,,
Azure Ray,Rest Your Eyes,,,,,,,,,,,,,,,,
Colleen,Carry-Cot,,,,,,,,,,,,,,,,
Arcade Fire,Born On A Train,,,,,,,,,,,,,,,,
Daughters Of Gaia,Standing In My Power,,,,,,,,,,,,,,,,
The Damned,Wait For The Blackout,,,,,,,,,,,,,,,,
Pleasant Grove,Demonic,,,,,,,,,,,,,,,,
Someone Still Loves You Boris Yeltsin,Anna Lee,,,,,,,,,,,,,,,,
Soko,Take My Heart,,,,,,,,,,,,,,,,
Deep Forest,Sweet Lullaby (Ambient Mix),,,,,,,,,,,,,,,,
Therapy?,Die Laughing,,,,,,,,,,,,,,,,
Ac/Dc,Can'T Stand Still,,,,,,,,,,,,,,,,
The Morning After Girls,Introduction,0.8,0.6,0.0,0.4,0.8,0.6,0.4,0.0,0.0,0.2,0.0,0.0,0.4,0.2,0.8,0.0
Bright Eyes,Hungry For A Holiday,,,,,,,,,,,,,,,,
Kelly Rowland,Work (Freemasons Radio Edit),,,,,,,,,,,,,,,,
The Whitest Kids U' Know,Let'S Wake Up The Neighbors,,,,,,,,,,,,,,,,
Enter Shikari,Today Won'T Go Down In History,,,,,,,,,,,,,,,,
Bright Eyes,Little Drummer Boy,,,,,,,,,,,,,,,,
Siobhan Donaghy,Don'T Give It Up,,,,,,,,,,,,,,,,
Entwine,Bleeding For The Cure,,,,,,,,,,,,,,,,
Entombed,Out Of Hand,,,,,,,,,,,,,,,,
David Bowie,Teenage Wildlife,,,,,,,,,,,,,,,,
Ac/Dc,Playing With Girls,,,,,,,,,,,,,,,,
Motörhead,God Save The Queen,,,,,,,,,,,,,,,,
The Dandy Warhols,Now You Love Me,,,,,,,,,,,,,,,,
Ac/Dc,Hell Or High Water,,,,,,,,,,,,,,,,
The Dandy Warhols,Cool As Kim Deal,,,,,,,,,,,,,,,,
Great Northern,Our Bleeding Hearts,,,,,,,,,,,,,,,,
Keren Ann,Jardin D'Hiver,0.2,0.0,0.0,0.4,0.0,0.0,0.6,0.6,0.0,0.6,0.0,0.0,0.0,0.0,0.4,0.0
And One,Not The Only One,,,,,,,,,,,,,,,,
John Frusciante,Wind Up Space,,,,,,,,,,,,,,,,
Ketil Bjørnstad,Prelude 13,,,,,,,,,,,,,,,,
The Dandy Warhols,Hard On For Jesus,,,,,,,,,,,,,,,,
Absurd Minds,Doors,,,,,,,,,,,,,,,,
Mother Love Bone,Chloe Dancer/Crown Of Thorns,,,,,,,,,,,,,,,,
Motion City Soundtrack,Modern Chemistry,,,,,,,,,,,,,,,,
Grandaddy,Am180,,,,,,,,,,,,,,,,
Rage Against The Machine,Street Fighting Man,,,,,,,,,,,,,,,,
Pnau,Baby,,,,,,,,,,,,,,,,
Westlife,When You'Re Looking Like That,,,,,,,,,,,,,,,,
Nicole Atkins,The Way It Is,,,,,,,,,,,,,,,,
Nicola Conte,Bossa Per Due (Thievery Corporation Mix),,,,,,,,,,,,,,,,
Clark,Dirty Pixie,,,,,,,,,,,,,,,,
The Minders,Don'T You Stop,,,,,,,,,,,,,,,,
John Frusciante,Emptiness,,,,,,,,,,,,,,,,
Motorcycle,As The Rush Comes (Radio Edit),,,,,,,,,,,,,,,,
The Cure,Underneath The Stars,,,,,,,,,,,,,,,,
Graveworm,I - The Machine,,,,,,,,,,,,,,,,
Grateful Dead,Casey Jones,,,,,,,,,,,,,,,,
Collie Buddz,Come Around (Lutin Remix),,,,,,,,,,,,,,,,
John Legend,It Don'T Have To Change,,,,,,,,,,,,,,,,
Yo La Tengo,Nothing But You And Me,,,,,,,,,,,,,,,,
Ben Folds,Time,,,,,,,,,,,,,,,,
Spiritualized,Any Way That You Want Me,,,,,,,,,,,,,,,,
Dredg,Whoa Is Me,0.8,0.6,0.0,0.4,0.6,0.4,0.0,0.4,0.0,0.0,0.0,0.0,0.6,0.4,0.8,0.0
Demons & Wizards,Blood On My Hands,,,,,,,,,,,,,,,,
Demons & Wizards,Heaven Denies,,,,,,,,,,,,,,,,
Bright Eyes,A New Arrangement,,,,,,,,,,,,,,,,
Bright Eyes,A Poetic Retelling Of An Unfortunate Seduction,,,,,,,,,,,,,,,,
Ac/Dc,Back In Business,,,,,,,,,,,,,,,,
Keyshia Cole,Didn'T I Tell You (Feat. Too $Hort),,,,,,,,,,,,,,,,
Kent,Sverige,,,,,,,,,,,,,,,,
Mors Principium Est,The Unborn,,,,,,,,,,,,,,,,
Mortal Decay,Butcher Knife Phlebotomy,,,,,,,,,,,,,,,,
Grabba Grabba Tape,Almighty Bigot,,,,,,,,,,,,,,,,
Coma,Leszek Żukowski,,,,,,,,,,,,,,,,
Graham Coxon,People Of The Earth,,,,,,,,,,,,,,,,
Graham Coxon,All Over Me,,,,,,,,,,,,,,,,
Raised Fist,Get This Right!,,,,,,,,,,,,,,,,
The Melodians,It Comes And Goes,,,,,,,,,,,,,,,,
Nightmares On Wax,Bless My Soul,,,,,,,,,,,,,,,,
Nightmare Of You,My Name Is Trouble,,,,,,,,,,,,,,,,
Soilwork,Millionflame,,,,,,,,,,,,,,,,
Nightingale,Remorse And Regret,,,,,,,,,,,,,,,,
Dendemann,Das Erste Mal,,,,,,,,,,,,,,,,
Soilwork,Possessing The Angels,,,,,,,,,,,,,,,,
T.A.T.U.,Sacrifice,,,,,,,,,,,,,,,,
Nigel Kennedy & The Kroke Band,Lullaby For Kamila,,,,,,,,,,,,,,,,
Hevein,Iota,,,,,,,,,,,,,,,,
Ben Folds Five,Narcolepsy,,,,,,,,,,,,,,,,
Amanda Palmer,The Point Of It All,,,,,,,,,,,,,,,,
Hercules And Love Affair,Blind (Frankie Knuckles Remix),,,,,,,,,,,,,,,,
Plaid,Squance,,,,,,,,,,,,,,,,
Placebo,Jackie,,,,,,,,,,,,,,,,
Grand Archives,Sleepdriving,,,,,,,,,,,,,,,,
Rainbow,Rainbow Eyes,,,,,,,,,,,,,,,,
Amanda Palmer,Guitar Hero [Feat. East Bay Ray],,,,,,,,,,,,,,,,
Grand Funk Railroad,We'Re An American Band,1.0,0.8,0.0,0.4,1.0,0.6,0.0,0.0,0.0,0.0,0.0,0.0,0.0,0.0,0.8,0.0
Volbeat,Soulweeper #2,,,,,,,,,,,,,,,,
Grand National,Drink To Moving On,,,,,,,,,,,,,,,,
Grand Funk Railroad,Some Kind Of Wonderful,,,,,,,,,,,,,,,,
Ramones,Do You Wanna Dance?,,,,,,,,,,,,,,,,
Motion City Soundtrack,Hold Me Down,,,,,,,,,,,,,,,,
Vnv Nation,Honour,,,,,,,,,,,,,,,,
Shout Out Louds,Ill Wills,,,,,,,,,,,,,,,,
The White Stripes,One More Cup Of Coffee,,,,,,,,,,,,,,,,
Morrissey,The Boy Racer,,,,,,,,,,,,,,,,
Dream Theater,Vacant,,,,,,,,,,,,,,,,
Morrissey,The Never Played Symphonies,,,,,,,,,,,,,,,,
David Bowie,Up The Hill Backwards,,,,,,,,,,,,,,,,
Clan Of Xymox,Theme I,,,,,,,,,,,,,,,,
Type O Negative,Bloody Kisses,,,,,,,,,,,,,,,,
Type O Negative,Blood & Fire,,,,,,,,,,,,,,,,
The Psychedelic Furs,She Is Mine,,,,,,,,,,,,,,,,
Toni Braxton,Unbreak My Heart,,,,,,,,,,,,,,,,
The Mars Volta,Day Of The Baphomets,,,,,,,,,,,,,,,,
Eurythmics,Sisters Are Doin' It For Themselves,,,,,,,,,,,,,,,,
Cajun Dance Party,Amylase,,,,,,,,,,,,,,,,
Sirenia,Meridian,,,,,,,,,,,,,,,,
Uncut,Day Breaks Red Light,,,,,,,,,,,,,,,,
Siouxsie And The Banshees,Rhapsody,,,,,,,,,,,,,,,,
Siouxsie Sioux,About To Happen,,,,,,,,,,,,,,,,
Badly Drawn Boy,All Possibilities,,,,,,,,,,,,,,,,
Enon,Sold!,,,,,,,,,,,,,,,,
Badly Drawn Boy,Nothing'S Gonna Change Your Mind,,,,,,,,,,,,,,,,
Shocking Pinks,Second Hand Girl,,,,,,,,,,,,,,,,
Dashboard Confessional,The Brilliant Dance,,,,,,,,,,,,,,,,
Gotye,Hearts A Mess,,,,,,,,,,,,,,,,
Etta Jones,I'D Rather Go Blind,,,,,,,,,,,,,,,,
Kettcar,Anders Als Gedacht,,,,,,,,,,,,,,,,
Dashboard Confessional,Thick As Thieves,0.8,0.6,0.0,0.4,0.6,0.4,0.8,0.0,0.0,0.0,0.0,0.0,0.0,0.0,0.6,0.0
Nightwish,Amaranth (Instrumental),,,,,,,,,,,,,,,,
Editors,You Are Fading,,,,,,,,,,,,,,,,
Shitdisco,Another,,,,,,,,,,,,,,,,
Shitdisco,Fear Of The Future,,,,,,,,,,,,,,,,
Therion,O Fortuna,,,,,,,,,,,,,,,,
Above & Beyond,World On Fire,,,,,,,,,,,,,,,,
Morrissey,Pregnant For The Last Time,,,,,,,,,,,,,,,,
Morrissey,My Love Life,,,,,,,,,,,,,,,,
Khoiba,Ohio,,,,,,,,,,,,,,,,
Calexico,Close Behind,,,,,,,,,,,,,,,,
Cake,When You Sleep,,,,,,,,,,,,,,,,
Hey,Zazdrość,,,,,,,,,,,,,,,,
Cky,Sink Into The Underground,,,,,,,,,,,,,,,,
Eva Cassidy,I Know You By Heart,,,,,,,,,,,,,,,,
Khoiba,Sonic Parts,,,,,,,,,,,,,,,,
Shirley Bassey,Moonraker,,,,,,,,,,,,,,,,
Unkle,Twilight,,,,,,,,,,,,,,,,
Aquarian Dream,Love And Tears,,,,,,,,,,,,,,,,
Cake,Pretty Pink Ribbon,,,,,,,,,,,,,,,,
Deborah Cox,Just Be Good To Me,,,,,,,,,,,,,,,,
Citizen Cope,Penitentiary,,,,,,,,,,,,,,,,
Pj Harvey,The Mess We'Re In,,,,,,,,,,,,,,,,
Nightwish,Eva (Instrumental),,,,,,,,,,,,,,,,
City And Colour,Sam Malone,,,,,,,,,,,,,,,,
Pj Harvey,That Was My Veil,,,,,,,,,,,,,,,,
Wheat,Don'T I Hold You,,,,,,,,,,,,,,,,
Morrissey,The Lazy Sunbathers,,,,,,,,,,,,,,,,
Gorillaz,Ghost Train,,,,,,,,,,,,,,,,
Brian Eno & David Byrne,Regiment,,,,,,,,,,,,,,,,
The Cure,Out Of This World,,,,,,,,,,,,,,,,
Mors Principium Est,Cleansing Rain,,,,,,,,,,,,,,,,
Combichrist,Deathbed,,,,,,,,,,,,,,,,
Dream Theater,Honor Thy Father,,,,,,,,,,,,,,,,
Mors Principium Est,The Lust Called Knowledge,,,,,,,,,,,,,,,,
Brian Eno,Weightless,,,,,,,,,,,,,,,,
Dream Theater,Lifting Shadows Off A Dream,,,,,,,,,,,,,,,,
T. Rex,Ballrooms Of Mars,,,,,,,,,,,,,,,,
Tracy Chapman,The Promise,,,,,,,,,,,,,,,,
Above & Beyond,Can'T Sleep,,,,,,,,,,,,,,,,
Kid Loco,She'S My Lover (A Song For R.),,,,,,,,,,,,,,,,
Randy Crawford,Street Life,,,,,,,,,,,,,,,,
Andrew W.K.,Take It Off,,,,,,,,,,,,,,,,
Rancid,New Dress,,,,,,,,,,,,,,,,
Morphine,Mary Won'T You Call My Name?,,,,,,,,,,,,,,,,
Kimya Dawson,Lullaby For The Taken,,,,,,,,,,,,,,,,
Rancid,Poison,,,,,,,,,,,,,,,,
T. Rex,Solid Gold Easy Action,,,,,,,,,,,,,,,,
Rancid,Red Hot Moon,,,,,,,,,,,,,,,,
T. Rex,New York City,,,,,,,,,,,,,,,,
Kill Hannah,Outro,,,,,,,,,,,,,,,,
Alva Noto + Ryuichi Sakamoto,Berlin,0.0,0.0,0.6,0.0,0.0,0.0,0.0,0.0,0.0,1.0,0.0,0.0,0.8,0.6,0.0,0.0
Morbid Angel,Chapel Of Ghouls,,,,,,,,,,,,,,,,
Alva Noto + Ryuichi Sakamoto,Uoon Ii,,,,,,,,,,,,,,,,
The Pussycat Dolls,Takin' Over The World,,,,,,,,,,,,,,,,
Efterklang,Chapter 6,,,,,,,,,,,,,,,,
Alva Noto + Ryuichi Sakamoto,Avaol,,,,,,,,,,,,,,,,
Nina Hagen,African Reggae,,,,,,,,,,,,,,,,
Combichrist,Spit (Happy Pig Whore Mom),,,,,,,,,,,,,,,,
Nina Simone,Don'T Smoke In Bed,,,,,,,,,,,,,,,,
Therion,Vanaheim,,,,,,,,,,,,,,,,
Nik Kershaw,Wouldn'T It Be Good,,,,,,,,,,,,,,,,
The Faint,Cars Pass In Cold Blood,,,,,,,,,,,,,,,,
Björk,Who Is It (Vitalic Mix),,,,,,,,,,,,,,,,
Pixies,Build High,,,,,,,,,,,,,,,,
Nik Kershaw,The Riddle,,,,,,,,,,,,,,,,
Nile,Ramses Bringer Of War,,,,,,,,,,,,,,,,
Vive La Fête,Jaloux,,,,,,,,,,,,,,,,
Goldfinger,Spokesman,,,,,,,,,,,,,,,,
Kings Of Convenience,The Build Up,,,,,,,,,,,,,,,,
King Creosote,Home In A Sentence,,,,,,,,,,,,,,,,
Spoon,Chicago At Night,,,,,,,,,,,,,,,,
Agonoize,The True Church Of God,,,,,,,,,,,,,,,,
Enigma,Age Of Loneliness,,,,,,,,,,,,,,,,
These New Puritans,Mkk3,,,,,,,,,,,,,,,,
Dragonland,Majesty Of The Mithrill Mountains,,,,,,,,,,,,,,,,
Death In Vegas,So You Say You Lost Your Baby,,,,,,,,,,,,,,,,
Joe Strummer & The Mescaleros,Coma Girl,,,,,,,,,,,,,,,,
The Magnetic Fields,If There'S Such A Thing As Love,,,,,,,,,,,,,,,,
Eels,The Good Old Days,0.6,0.4,0.0,0.4,0.4,0.2,0.8,0.0,0.0,0.4,0.0,0.0,0.0,0.0,0.6,0.0
Yes,Mood For A Day,,,,,,,,,,,,,,,,
Mokoma,Sudet Ihmisten Vaatteissa,,,,,,,,,,,,,,,,
Morcheeba,Gained The World (Feat. Manda),,,,,,,,,,,,,,,,
Killing Joke,Darkness Before Dawn,,,,,,,,,,,,,,,,
Killing The Dream,Before You Fall Asleep,,,,,,,,,,,,,,,,
Depeche Mode,But Not Tonight,,,,,,,,,,,,,,,,
Morcheeba,Get Along (Feat. Pace Won),,,,,,,,,,,,,,,,
Abney Park,Breathe,,,,,,,,,,,,,,,,
Eels,To Lick Your Boots,,,,,,,,,,,,,,,,
Good Charlotte,Good Morning Revival,,,,,,,,,,,,,,,,
Gomez,These 3 Sins,,,,,,,,,,,,,,,,
Spiritualized,These Blues,,,,,,,,,,,,,,,,
Spiritualized,She Kissed Me (It Felt Like A Hit),,,,,,,,,,,,,,,,
The Cure,It'S Not You,,,,,,,,,,,,,,,,
At The Drive-In,Ticklish,,,,,,,,,,,,,,,,
Rasputina,Transylvanian Concubine,,,,,,,,,,,,,,,,
Mokoma,Mene Ja Tiedä,,,,,,,,,,,,,,,,
Good Shoes,Ice Age,,,,,,,,,,,,,,,,
The Weepies,Suicide Blonde,,,,,,,,,,,,,,,,
Mokoma,Perspektiivi,,,,,,,,,,,,,,,,
Breaking Benjamin,Away,,,,,,,,,,,,,,,,
Kitchens Of Distinction,Skin,,,,,,,,,,,,,,,,
Everclear,Normal Like You,,,,,,,,,,,,,,,,
Kling Klang,Heavydale,,,,,,,,,,,,,,,,
The Whigs,Right Hand On My Heart,,,,,,,,,,,,,,,,
Ash,Meltdown,,,,,,,,,,,,,,,,
Cibo Matto,Beef Jerky,,,,,,,,,,,,,,,,
Ash,Sometimes,,,,,,,,,,,,,,,,
Alterkicks,Do Everything I Taught You,,,,,,,,,,,,,,,,
Klaus Badelt,The Medallion Calls,,,,,,,,,,,,,,,,
The Crüxshadows,Winter Born (This Sacrifice),,,,,,,,,,,,,,,,
Godsmack,Spiral,,,,,,,,,,,,,,,,
Joe Satriani,Rubina,,,,,,,,,,,,,,,,
Nine Inch Nails,Burn,,,,,,,,,,,,,,,,
Joe Lean & The Jing Jang Jong,Lucio Starts Fires,,,,,,,,,,,,,,,,
Camel,Echoes,,,,,,,,,,,,,,,,
Joe Satriani,Crystal Planet,,,,,,,,,,,,,,,,
Yellowcard,Twentythree,,,,,,,,,,,,,,,,
God Lives Underwater,Tricked,,,,,,,,,,,,,,,,
Him,Love You Like I Do,,,,,,,,,,,,,,,,
Ciccone Youth,Into The Groovey,,,,,,,,,,,,,,,,
Atb,9Pm (Till I Come),,,,,,,,,,,,,,,,
Tragedy,Conflicting Ideas,,,,,,,,,,,,,,,,
Spoon,Metal School,,,,,,,,,,,,,,,,
Evanescence,Anything For You,,,,,,,,,,,,,,,,
Aqua,Doctor Jones,,,,,,,,,,,,,,,,
Sébastien Tellier,Elle,,,,,,,,,,,,,,,,
Vision Divine,Out Of A Distant Night (Voices),,,,,,,,,,,,,,,,
Ray Lamontagne,Forever My Friend,,,,,,,,,,,,,,,,
Kmfdm,Light,,,,,,,,,,,,,,,,
The Cribs,Shoot The Poets,,,,,,,,,,,,,,,,
Nirvana,Beeswax,,,,,,,,,,,,,,,,
Reagan Youth,Go Nowhere,,,,,,,,,,,,,,,,
Gnarls Barkley,Surprise,,,,,,,,,,,,,,,,
Violins,Manobrista De Homens,,,,,,,,,,,,,,,,
Black Devil Disco Club,On Just Foot,,,,,,,,,,,,,,,,
The Raveonettes,Ode To L.A.,,,,,,,,,,,,,,,,
God Is An Astronaut,Crystal Canyon,,,,,,,,,,,,,,,,
Him,The Heartless,,,,,,,,,,,,,,,,
Aimee Mann,I Can'T Get My Head Around It,,,,,,,,,,,,,,,,
Snowden,Anti-Anti (Treasure Fingers Remix),,,,,,,,,,,,,,,,
Social Distortion,Let It Be Me,,,,,,,,,,,,,,,,
Camouflage,Thief,,,,,,,,,,,,,,,,
The Lords Of The New Church,Dance With Me,,,,,,,,,,,,,,,,
Mojave 3,Love Songs On The Radio,,,,,,,,,,,,,,,,
Einstürzende Neubauten,Silence Is Sexy,,,,,,,,,,,,,,,,
Sodom,Bombenhagel,,,,,,,,,,,,,,,,
Modest Mouse,Karma'S Payment,,,,,,,,,,,,,,,,
Mojave 3,Puzzles Like You,,,,,,,,,,,,,,,,
Chuck Berry,Rock And Roll Music,,,,,,,,,,,,,,,,
The Raincoats,In Love,0.4,0.2,0.0,0.4,0.6,0.4,0.6,0.0,0.0,0.0,0.0,0.0,0.0,0.0,0.8,0.0
The Fall Of Troy,We Better Learn To Hotwire A Uterus,,,,,,,,,,,,,,,,
Tomte,Was Den Himmel Erhellt,0.8,0.6,0.0,0.4,0.8,0.6,0.4,0.0,0.0,0.4,0.4,0.0,0.4,0.4,0.8,0.0
Conjure One,Damascus,,,,,,,,,,,,,,,,
Shelby Lynne,I Cry Everyday,,,,,,,,,,,,,,,,
Alter Bridge,Ties That Bind,,,,,,,,,,,,,,,,
God Lives Underwater,No More Love,,,,,,,,,,,,,,,,
Pink Martini,Andalucía,,,,,,,,,,,,,,,,
Klaxons,No Diggity,,,,,,,,,,,,,,,,
The Weepies,Little Bird,0.4,0.2,0.0,0.4,0.0,0.0,1.0,0.0,0.0,0.0,0.0,0.0,0.0,0.0,0.6,0.0
Everyday Sunday,Find Me Tonight,,,,,,,,,,,,,,,,
Black Flag,I Don'T Care,,,,,,,,,,,,,,,,
A1,Caught In The Middle,,,,,,,,,,,,,,,,
Мои Ракеты Вверх,Anymore,,,,,,,,,,,,,,,,
Constantines,Draw Us Lines,,,,,,,,,,,,,,,,
Violent Femmes,Black Girls,,,,,,,,,,,,,,,,
Consul The Educated Monkey,Can I Scream,,,,,,,,,,,,,,,,
Moby,Hymn,,,,,,,,,,,,,,,,
The Long Blondes,Fulwood Babylon,,,,,,,,,,,,,,,,
Yeah Yeah Yeahs,Diamond Sea,,,,,,,,,,,,,,,,
Jimi Hendrix,Sunshine Of Your Love,,,,,,,,,,,,,,,,
Ayọ,Without You,,,,,,,,,,,,,,,,
Shayne Ward,If That'S Ok With You,,,,,,,,,,,,,,,,
Whitey,Non Stop,,,,,,,,,,,,,,,,
Exodus,Metal Command,,,,,,,,,,,,,,,,
Red Hot Chili Peppers,Fight Like A Brave,,,,,,,,,,,,,,,,
No Age,Neck Escaper,,,,,,,,,,,,,,,,
Skalpel,Long Distance Call,,,,,,,,,,,,,,,,
Darren Hayes,Step Into The Light (Moto Blanco Radio Edit),,,,,,,,,,,,,,,,
Pink Floyd,Round And Around,,,,,,,,,,,,,,,,
Aimee Mann,The Fall Of The World'S Own Optimist,,,,,,,,,,,,,,,,
Can,Paperhouse,,,,,,,,,,,,,,,,
Jimmy Eat World,Seventeen,,,,,,,,,,,,,,,,
Kmfdm,Brute,,,,,,,,,,,,,,,,
Jimmy Eat World,Just Tonight,,,,,,,,,,,,,,,,
Modest Mouse,The Fruit That Ate Itself,,,,,,,,,,,,,,,,
The Rapture,Sister Saviour,,,,,,,,,,,,,,,,
Soda Stereo,Claroscuro,,,,,,,,,,,,,,,,
Brazilian Girls,Last Call,,,,,,,,,,,,,,,,
Modest Mouse,Tundra/Desert,,,,,,,,,,,,,,,,
Social Distortion,Don'T Drag Me Down,,,,,,,,,,,,,,,,
Télépopmusik,Hollywood On My Toothpaste,,,,,,,,,,,,,,,,
Girls Aloud,Long Hot Summer,,,,,,,,,,,,,,,,
Copeland,Sleep,,,,,,,,,,,,,,,,
Girls Aloud,Wild Horses,,,,,,,,,,,,,,,,
Vincent Gallo,Honey Bunny,,,,,,,,,,,,,,,,
Doves,Spellbound,,,,,,,,,,,,,,,,
Ayọ,How Many Times?,,,,,,,,,,,,,,,,
Doves,The Greatest Denier,,,,,,,,,,,,,,,,
Ayọ,Only You,,,,,,,,,,,,,,,,
Whomadewho,Satisfaction,,,,,,,,,,,,,,,,
Ben Kweller,Wasted And Ready,,,,,,,,,,,,,,,,
Pink Floyd,Childhood'S End,,,,,,,,,,,,,,,,
Ben Kweller,On My Way,,,,,,,,,,,,,,,,
Hole,Jennifer'S Body,,,,,,,,,,,,,,,,
Ben Kweller,No Reason,,,,,,,,,,,,,,,,
The Replacements,Black Diamond,,,,,,,,,,,,,,,,
Koop,Modal Mile,,,,,,,,,,,,,,,,
Tindersticks,Bathtime,,,,,,,,,,,,,,,,
Copeland,Love Is A Fast Song,,,,,,,,,,,,,,,,
Black Flag,Life Of Pain,,,,,,,,,,,,,,,,
Big Star,The Ballad Of El Goodo,,,,,,,,,,,,,,,,
Nofx,The Brews,,,,,,,,,,,,,,,,
The London Oratory School Schola,Twilight And Shadow,,,,,,,,,,,,,,,,
As I Lay Dying,An Ocean Between Us,,,,,,,,,,,,,,,,
No Doubt,Underneath It All (Feat. Lady Saw),,,,,,,,,,,,,,,,
Violator,The Plague Never Dies,,,,,,,,,,,,,,,,
Violator,Let The Violation Begin,,,,,,,,,,,,,,,,
Atb,Renegade,,,,,,,,,,,,,,,,
Moby,Hyenas,,,,,,,,,,,,,,,,
The Weakerthans,Time'S Arrow,,,,,,,,,,,,,,,,
Extreme,Peacemaker Die,1.0,0.8,0.0,0.4,1.0,0.8,0.0,0.0,0.0,0.0,0.6,0.0,0.0,0.0,0.8,0.0
The Replacements,Tommy Gets His Tonsils Out,,,,,,,,,,,,,,,,
Korpiklaani,Native Land,,,,,,,,,,,,,,,,
The Replacements,Can'T Hardly Wait,,,,,,,,,,,,,,,,
The Riverboat Gamblers,True Crime,,,,,,,,,,,,,,,,
Give Up The Ghost,Since Always,,,,,,,,,,,,,,,,
A Tribe Called Quest,Public Enemy,,,,,,,,,,,,,,,,
The Cooper Temple Clause,House Of Cards,,,,,,,,,,,,,,,,
Darkthrone,Unholy Black Metal,,,,,,,,,,,,,,,,
Unwritten Law,Save Me,,,,,,,,,,,,,,,,
The Coral,Badman,,,,,,,,,,,,,,,,
Reggie Buie Trio,That'S All,,,,,,,,,,,,,,,,
Remember Remember,Genie (For Amaya),,,,,,,,,,,,,,,,
Remember Remember,The Dancing,,,,,,,,,,,,,,,,
Regina Spektor,Uh-Merica,,,,,,,,,,,,,,,,
Boy Kill Boy,Showdown,,,,,,,,,,,,,,,,
A-Ha,Analogue,,,,,,,,,,,,,,,,
Thåström,Fanfanfan (Kl 03.00 På Natten),,,,,,,,,,,,,,,,
The Fiery Furnaces,Don'T Dance Her Down,,,,,,,,,,,,,,,,
Chromatics,Killing Spree,0.6,0.4,1.0,0.4,0.4,0.2,0.0,0.0,0.0,0.0,0.0,0.0,0.8,0.8,0.6,0.0
Holly Golightly,Tell Me Now So I Know,,,,,,,,,,,,,,,,
Tosca,Suzuki,,,,,,,,,,,,,,,,
El Perro Del Mar,It'S All Good,,,,,,,,,,,,,,,,
Doves,Reprise,,,,,,,,,,,,,,,,
El Guincho,Palmitos Park,,,,,,,,,,,,,,,,
Chromatics,Healer,,,,,,,,,,,,,,,,
St. Germain,Dub Experience,,,,,,,,,,,,,,,,
Whitney Houston,I'M Your Baby Tonight,,,,,,,,,,,,,,,,
St. Germain,Dub Experience Ii,,,,,,,,,,,,,,,,
The Fiery Furnaces,Duffer St. George,,,,,,,,,,,,,,,,
The Fiery Furnaces,Navy Nurse,,,,,,,,,,,,,,,,
Jet,Hold On,,,,,,,,,,,,,,,,
Hole,She Walks On Me,,,,,,,,,,,,,,,,
Pinback,B,,,,,,,,,,,,,,,,
Staind,Open Your Eyes,,,,,,,,,,,,,,,,
Depeche Mode,Pleasure Little Treasure,,,,,,,,,,,,,,,,
Stam1Na,Koirapoika,,,,,,,,,,,,,,,,
Beastie Boys,The Update,,,,,,,,,,,,,,,,
Rhapsody Of Fire,The March Of The Swordmaster,,,,,,,,,,,,,,,,
Holy Fuck,Tonebank Jungle,,,,,,,,,,,,,,,,
David Ford,What Would You Have Me Do?,,,,,,,,,,,,,,,,
Pidżama Porno,Ezoteryczny Poznań,,,,,,,,,,,,,,,,
Pidżama Porno,Nie Wszystko Co Pozytywne Jest Legalne,,,,,,,,,,,,,,,,
Tindersticks,Rented Rooms,,,,,,,,,,,,,,,,
Jets To Brazil,Starry Configurations,,,,,,,,,,,,,,,,
Tori Amos,Doughnut Song,,,,,,,,,,,,,,,,
Jet,Shiny Magazine,,,,,,,,,,,,,,,,
Yann Tiersen,The Deutsch Mark Is Coming,,,,,,,,,,,,,,,,
Black Label Society,Too Tough To Die,,,,,,,,,,,,,,,,
The Rolling Stones,It'S Only Rock 'N Roll,,,,,,,,,,,,,,,,
The Cloud Room,Beautiful Mess,,,,,,,,,,,,,,,,
Beastie Boys,Triple Trouble,,,,,,,,,,,,,,,,
Renato Rascel,Ein Swei March,,,,,,,,,,,,,,,,
Cannibal Corpse,The Discipline Of Revenge,,,,,,,,,,,,,,,,
The Libertines,Music When The Lights Go Out (Demo),,,,,,,,,,,,,,,,
Big Star,In The Street,,,,,,,,,,,,,,,,
Ayria,Disease,,,,,,,,,,,,,,,,
The American Analog Set,The Green Green Grass,,,,,,,,,,,,,,,,
Boy George,The Crying Game,,,,,,,,,,,,,,,,
Kraftwerk,Radioland,,,,,,,,,,,,,,,,
Ayria,My Revenge On The World,,,,,,,,,,,,,,,,
Athlete,The Outsiders,,,,,,,,,,,,,,,,
Doves,10:03,,,,,,,,,,,,,,,,
Stacie Orrico,(There'S Gotta Be) More To Life,,,,,,,,,,,,,,,,
Miss Kittin,Solidasarockstar,,,,,,,,,,,,,,,,
Ricardo Arjona,Pinguinos En La Cama,,,,,,,,,,,,,,,,
Doug Burr,In The Garden,,,,,,,,,,,,,,,,
The Rosebuds,The Lovers' Rights,,,,,,,,,,,,,,,,
Stabbing Westward,The Thing I Hate,,,,,,,,,,,,,,,,
Miranda Lambert,Dry Town,,,,,,,,,,,,,,,,
George Michael & Queen & Lisa Stansfield,A Different Corner,,,,,,,,,,,,,,,,
Booty Luv,Some Kinda Rush (Radio Edit),,,,,,,,,,,,,,,,
Georgie Fame,Yeh Yeh,,,,,,,,,,,,,,,,
Shakira,Suerte,,,,,,,,,,,,,,,,
Darkthrone,In The Shadow Of The Horns,,,,,,,,,,,,,,,,
Miranda!,Perfecta (Con Julieta Venegas),,,,,,,,,,,,,,,,
Extreme,Warheads,1.0,0.8,0.0,0.2,1.0,0.8,0.0,0.0,0.0,0.0,0.0,0.0,0.0,0.0,0.8,0.0
Get Cape. Wear Cape. Fly,The Chronicles Of A Bohemian Teenager: Part One,,,,,,,,,,,,,,,,
Darkthrone,Paragon Belial,,,,,,,,,,,,,,,,
Nouvelle Vague,Don'T Go (Yazoo),,,,,,,,,,,,,,,,
Snow Patrol,Get Balsamic Vinegar... Quick You Fool,,,,,,,,,,,,,,,,
The Rolling Stones,Undercover Of The Night,,,,,,,,,,,,,,,,
Electrelane,Between The Wolf And The Dog,,,,,,,,,,,,,,,,
Get Cape. Wear Cape. Fly,The Lighthousekeeper,,,,,,,,,,,,,,,,
The 4-Skins,Jack The Lad,,,,,,,,,,,,,,,,
Black Lips,Starting Over,,,,,,,,,,,,,,,,
Tosca,Honey,,,,,,,,,,,,,,,,
Minutemen,#1 Hit Song,,,,,,,,,,,,,,,,
The Clash,Junco Partner,,,,,,,,,,,,,,,,
The Lemonheads,My Drug Buddy,,,,,,,,,,,,,,,,
Beastie Boys,Slow Ride,,,,,,,,,,,,,,,,
Jesu,Old Year,,,,,,,,,,,,,,,,
Misfits,Great Balls Of Fire,,,,,,,,,,,,,,,,
Beastie Boys,Shadrach,,,,,,,,,,,,,,,,
Beastie Boys,The Move,,,,,,,,,,,,,,,,
Ricky Martin,It'S Alright,,,,,,,,,,,,,,,,
The Lemonheads,No Backbone,,,,,,,,,,,,,,,,
Ricky Martin & Christina Aguilera,Nobody Wants To Be Lonely,,,,,,,,,,,,,,,,
Dark Tranquillity,The Dividing Line,,,,,,,,,,,,,,,,
Minmi,Shiki No Uta,,,,,,,,,,,,,,,,
Mindless Self Indulgence,Pussy All Night,,,,,,,,,,,,,,,,
The Rosewood Thieves,Los Angeles,,,,,,,,,,,,,,,,
The Ruby Suns,Tane Mahuta,,,,,,,,,,,,,,,,
Minmi,Who'S Theme,,,,,,,,,,,,,,,,
Ajda Pekkan,Üç Kalp,,,,,,,,,,,,,,,,
Symphony X,The Sacrifice,,,,,,,,,,,,,,,,
Jenny Lewis With The Watson Twins,It Wasn'T Me,,,,,,,,,,,,,,,,
Shake My Hand,Indie Disco,,,,,,,,,,,,,,,,
Shaggy,Hey Sexy Lady,,,,,,,,,,,,,,,,
Dark Tranquillity,Indifferent Suns,,,,,,,,,,,,,,,,
Fad Gadget,Lady Shave,,,,,,,,,,,,,,,,
Star Music,Licor Milagroso (Levanta O Pau),,,,,,,,,,,,,,,,
Black Lips,Short Fuse,,,,,,,,,,,,,,,,
Shakira,Costume Makes The Clown,,,,,,,,,,,,,,,,
The Lawrence Arms,Requiem Revisited,,,,,,,,,,,,,,,,
Wilco,Shouldn'T Be Ashamed,,,,,,,,,,,,,,,,
Philip Glass,For Your Own Benefit,,,,,,,,,,,,,,,,
Yann Tiersen,Les Bras De Mer,,,,,,,,,,,,,,,,
Nouvelle Vague,Dance With Me (Lords Of The New Church),,,,,,,,,,,,,,,,
Counting Crows,Hard Candy,,,,,,,,,,,,,,,,
The Clash,Inoculated City,,,,,,,,,,,,,,,,
The Clash,Ivan Meets G.I. Joe,,,,,,,,,,,,,,,,
Jeremy Enigk,Abegail Anne,,,,,,,,,,,,,,,,
Counting Crows,Another Horsedreamer'S Blues,,,,,,,,,,,,,,,,
Richard Hell & The Voidoids,Who Says?,,,,,,,,,,,,,,,,
Counting Crows,Mrs. Potter'S Lullaby,,,,,,,,,,,,,,,,
Richard Hell & The Voidoids,Down At The Rock And Roll Club,,,,,,,,,,,,,,,,
Stan Getz & João Gilberto,The Girl From Ipanema,,,,,,,,,,,,,,,,
Gemini Five,Flesh For Fantasy,,,,,,,,,,,,,,,,
Mindless Self Indulgence,Get It Up,,,,,,,,,,,,,,,,
Kylie Minogue,Fragile,,,,,,,,,,,,,,,,
Black Mountain,Night Walks,,,,,,,,,,,,,,,,
Kvety Nikotínu,Kura,,,,,,,,,,,,,,,,
Mindless Self Indulgence,Dicks Are For My Friends,,,,,,,,,,,,,,,,
Miles Davis,Flamenco Sketches (Alternate Take),,,,,,,,,,,,,,,,
Yann Tiersen,Déjà Loin,,,,,,,,,,,,,,,,
Bear Vs. Shark,Entrance Of The Elected,,,,,,,,,,,,,,,,
Jennifer Lopez,Let'S Get Loud,,,,,,,,,,,,,,,,
Kyuss,Supa Scoopa And Mighty Scoop,0.8,0.8,0.0,0.2,1.0,1.0,0.0,0.0,0.0,0.0,0.0,0.0,0.0,0.0,0.8,0.0
Miles Davis,Two Bass Hit,,,,,,,,,,,,,,,,
Kyoto Jazz Massive,Stargazer,,,,,,,,,,,,,,,,
Rise Against,To Them These Streets Belong,,,,,,,,,,,,,,,,
Rilo Kiley,Small Figures In A Vast Expanse,,,,,,,,,,,,,,,,
Rinaldi Sings,Melody,,,,,,,,,,,,,,,,
Genesis,Heathaze,,,,,,,,,,,,,,,,
Stars,The Very Thing,,,,,,,,,,,,,,,,
David Guetta,Love Is Gone (Fred Riester & Joachim Garraud Radio Edit Remix),,,,,,,,,,,,,,,,
Emperor,The Acclamation Of Bonds,,,,,,,,,,,,,,,,
Philip Glass,The Hours,,,,,,,,,,,,,,,,
Skinny Puppy,Reclamation,,,,,,,,,,,,,,,,
Mineral,Gloria,,,,,,,,,,,,,,,,
Nuspirit Helsinki,Trying,,,,,,,,,,,,,,,,
Mineral,Slower,,,,,,,,,,,,,,,,
Kumm,Hi Fi Poetry,,,,,,,,,,,,,,,,
Kury,Szatan,,,,,,,,,,,,,,,,
Kult,Komu Bije Dzwon,,,,,,,,,,,,,,,,
Mindless Self Indulgence,London Bridge,,,,,,,,,,,,,,,,
Beastie Boys,Bobo On The Corner,,,,,,,,,,,,,,,,
Sex Pistols,Friggin' In The Riggin',,,,,,,,,,,,,,,,
Apoptygma Berzerk,Until The End Of The World,,,,,,,,,,,,,,,,
The Cinematics,Race To The City,,,,,,,,,,,,,,,,
Dark Tranquillity,Haven,,,,,,,,,,,,,,,,
Apostle Of Hustle,The Naked & Alone,,,,,,,,,,,,,,,,
Dark Tranquillity,Lethe,,,,,,,,,,,,,,,,
Dark Tranquillity,My Negation,,,,,,,,,,,,,,,,
Cradle Of Filth,Malice Through The Looking Glass,,,,,,,,,,,,,,,,
Don Johnson Big Band,Don Johnson Big Band,,,,,,,,,,,,,,,,
U2,Elvis Presley And America,,,,,,,,,,,,,,,,
Snow Patrol,Chasing Cars (Diffusion Radio Edit),,,,,,,,,,,,,,,,
Death,Overactive Imagination,,,,,,,,,,,,,,,,
Death,Nothing Is Everything,,,,,,,,,,,,,,,,
Jedi Mind Tricks,Rise Of The Machines (Feat. Ras Kass),,,,,,,,,,,,,,,,
Mika,Ring Ring,,,,,,,,,,,,,,,,
Midlake,Mopper'S Medley,,,,,,,,,,,,,,,,
Mike Doughty,I Hear The Bells,,,,,,,,,,,,,,,,
Milburn,Well Well Well,,,,,,,,,,,,,,,,
Milburn,Storm In A Teacup,,,,,,,,,,,,,,,,
Oasis,Hung In A Bad Place,,,,,,,,,,,,,,,,
The Kovenant,The Memory Remains,,,,,,,,,,,,,,,,
Benassi Bros.,Make Me Feel,,,,,,,,,,,,,,,,
The Cinematic Orchestra,Drunken Tune,,,,,,,,,,,,,,,,
U2,Lemon,,,,,,,,,,,,,,,,
Ritchie Valens,La Bamba,,,,,,,,,,,,,,,,
Oasis,Force Of Nature,,,,,,,,,,,,,,,,
Riverside,Embryonic,,,,,,,,,,,,,,,,
Riverside,Acronym Love,,,,,,,,,,,,,,,,
Cradle Of Filth,Hallowed Be Thy Name,,,,,,,,,,,,,,,,
Riverside,I Believe (Live),,,,,,,,,,,,,,,,
Bang Gang,There Was A Whisper,,,,,,,,,,,,,,,,
Milburn,What You Could'Ve Won,,,,,,,,,,,,,,,,
Tiësto,Forever Today,,,,,,,,,,,,,,,,
Ani Difranco,Untouchable Face,,,,,,,,,,,,,,,,
Stephen Malkmus,Loud Cloud Crowd,,,,,,,,,,,,,,,,
コタニキンヤ,Spicy Marmalade,,,,,,,,,,,,,,,,
Stellastarr*,Somewhere Across Forever,,,,,,,,,,,,,,,,
Syd Barrett,Feel,,,,,,,,,,,,,,,,
Syd Barrett,If It'S In You,,,,,,,,,,,,,,,,
Michael Jackson,This Time Around,,,,,,,,,,,,,,,,
Eminem,White America,,,,,,,,,,,,,,,,
Of Montreal,Spoonful Of Sugar,,,,,,,,,,,,,,,,
Jazzanova,Glow And Glare,,,,,,,,,,,,,,,,
Jay-Z,Song Cry,,,,,,,,,,,,,,,,
Of Montreal,How Lester Lost His Wife,,,,,,,,,,,,,,,,
Jazzanova,No Use,,,,,,,,,,,,,,,,
Michael Jackson,Baby Be Mine,,,,,,,,,,,,,,,,
The Chemical Brothers,The Sunshine Underground,,,,,,,,,,,,,,,,
Rjd2,One Day,,,,,,,,,,,,,,,,
Rjd2,True Confessions,,,,,,,,,,,,,,,,
Oceansize,New Pin,1.0,0.6,0.0,0.2,1.0,0.6,0.0,0.0,0.0,0.0,0.0,0.0,0.6,0.4,1.0,0.0
Oceansize,The Charm Offensive,,,,,,,,,,,,,,,,
Jedi Mind Tricks,The Worst,,,,,,,,,,,,,,,,
The Kooks,Higher Ground,,,,,,,,,,,,,,,,
State Radio,Man In The Hall,,,,,,,,,,,,,,,,
Static-X,Love Dump,,,,,,,,,,,,,,,,
Lacuna Coil,Wave Of Anguish,,,,,,,,,,,,,,,,
Michelle Williams,We Break The Dawn (Karmatronic Radio Edit),,,,,,,,,,,,,,,,
Lacuna Coil,Closer,,,,,,,,,,,,,,,,
Michoacan,2 Bullets,,,,,,,,,,,,,,,,
Riverside,Schizophrenic Prayer,,,,,,,,,,,,,,,,
Rjd2,To All Of You,,,,,,,,,,,,,,,,
Black Sabbath,Evil Woman,,,,,,,,,,,,,,,,
Black Sabbath,Falling Off The Edge Of The World,,,,,,,,,,,,,,,,
The Charlatans,You'Re So Pretty - We'Re So Pretty,,,,,,,,,,,,,,,,
Crass,Punk Is Dead,,,,,,,,,,,,,,,,
Cream,Spoonful,,,,,,,,,,,,,,,,
Gang Of Four,I Love A Man In Uniform,,,,,,,,,,,,,,,,
Galaxie 500,Tell Me,,,,,,,,,,,,,,,,
Gang Gang Dance,Princes,,,,,,,,,,,,,,,,
Thin Lizzy,Dancing In The Moonlight,,,,,,,,,,,,,,,,
The Knife,Marble House (Ptr Remix),,,,,,,,,,,,,,,,
Lali Puna,The Failure Of The Leading Sign Industry,0.4,0.2,0.8,0.2,0.4,0.2,0.0,0.0,0.0,0.0,0.0,0.0,1.0,0.6,0.6,0.0
Sneaker Pimps,How Do,,,,,,,,,,,,,,,,
Elefant,Sunlight Makes Me Paranoid,,,,,,,,,,,,,,,,
Michael Andrews,Slipping Away,,,,,,,,,,,,,,,,
Electronic,Get The Message,,,,,,,,,,,,,,,,
Lamb Of God,Confessional,,,,,,,,,,,,,,,,
:Wumpscut:,Schwarzer Tod,,,,,,,,,,,,,,,,
Lamb Of God,Blood Junkie,,,,,,,,,,,,,,,,
Ania Dąbrowska,Zima '81,,,,,,,,,,,,,,,,
Howard Shore,Minas Morgul,,,,,,,,,,,,,,,,
Lali Puna,Call 1-800-Fear,,,,,,,,,,,,,,,,
Jay-Z,Dead Presidents,,,,,,,,,,,,,,,,
Jay-Z,The Ruler'S Back,,,,,,,,,,,,,,,,
Oingo Boingo,Dead Man'S Party,,,,,,,,,,,,,,,,
Michael Nyman,Here To There,,,,,,,,,,,,,,,,
Do Make Say Think,Horns Of A Rabbit,,,,,,,,,,,,,,,,
Stephen Sondheim,Green Finch And Linnet Bird,,,,,,,,,,,,,,,,
Switchfoot,Only Hope,,,,,,,,,,,,,,,,
Apoptygma Berzerk,In This Together,,,,,,,,,,,,,,,,
The Appleseed Cast,Fight Song,,,,,,,,,,,,,,,,
Gaelle,Parkway,,,,,,,,,,,,,,,,
Seu Jorge,Ziggy Stardust,,,,,,,,,,,,,,,,
The Apples In Stereo,Sunndal Song,,,,,,,,,,,,,,,,
Be Your Own Pet,Love Your Shotgun,,,,,,,,,,,,,,,,
Creed,Are You Ready?,,,,,,,,,,,,,,,,
Mf Doom,Kon Karne,,,,,,,,,,,,,,,,
The Sisters Of Mercy,Floorshow,,,,,,,,,,,,,,,,
Rocky Votolato,Every Red Cent,,,,,,,,,,,,,,,,
Larrikin Love,Forever Untitled,,,,,,,,,,,,,,,,
The Frames,A Caution To The Birds,,,,,,,,,,,,,,,,
Hurt,Ważne Jest,,,,,,,,,,,,,,,,
Thunderbirds Are Now!,This World Is Made Of Paper,,,,,,,,,,,,,,,,
Hurt,Jesteś Mały,,,,,,,,,,,,,,,,
Chris Isaak,Baby Did A Bad Bad Thing,,,,,,,,,,,,,,,,
Okkervil River,Listening To Otis Redding At Home During Christmas,,,,,,,,,,,,,,,,
Stereophonics,A Minute Longer,,,,,,,,,,,,,,,,
Robots In Disguise,I Don'T Have A God,,,,,,,,,,,,,,,,
Deus,Right As Rain,,,,,,,,,,,,,,,,
Lamb Of God,Letter To The Unborn,,,,,,,,,,,,,,,,
Dmx,Where The Hood At?,,,,,,,,,,,,,,,,
Lamb Of God,Remorse Is For The Dead,,,,,,,,,,,,,,,,
The Frames,The Cost,,,,,,,,,,,,,,,,
Jawbreaker,Jet Black,,,,,,,,,,,,,,,,
The Knife,Like A Pen (Demo Version),,,,,,,,,,,,,,,,
The Frames,When Your Mind'S Made Up,,,,,,,,,,,,,,,,
Stephen Sondheim,Pirelli'S Miracle Elixir,,,,,,,,,,,,,,,,
Stephen Sondheim,Opening Title,,,,,,,,,,,,,,,,
Land Of Talk,Some Are Lakes,,,,,,,,,,,,,,,,
Mgmt,Destrokk,,,,,,,,,,,,,,,,
The Ark,Clamour For Glamour,,,,,,,,,,,,,,,,
Danzig,Twist Of Cain,,,,,,,,,,,,,,,,
Stereophonics,Doorman,,,,,,,,,,,,,,,,
The Ark,This Piece Of Poetry Is Meant To Do Harm,,,,,,,,,,,,,,,,
Laura Veirs,Rialto,,,,,,,,,,,,,,,,
Lauryn Hill,Superstar,,,,,,,,,,,,,,,,
Metallica,The Prince,,,,,,,,,,,,,,,,
Metallica,…And Justice For All,,,,,,,,,,,,,,,,
Method Man,Judgement Day,,,,,,,,,,,,,,,,
Fall Out Boy,What'S This?,,,,,,,,,,,,,,,,
Serena-Maneesh,Candlelighted,,,,,,,,,,,,,,,,
Familjen,Nu Händer Det Igen,,,,,,,,,,,,,,,,
Carly Comando,Everyday,,,,,,,,,,,,,,,,
Pet Shop Boys,Building A Wall,,,,,,,,,,,,,,,,
Third Eye Blind,Anything,,,,,,,,,,,,,,,,
Okkervil River,Maine Island Lovers,,,,,,,,,,,,,,,,
Carola,Invincible (Sweden),,,,,,,,,,,,,,,,
Old 97'S,King Of All The World,,,,,,,,,,,,,,,,
Black Stone Cherry,Rain Wizard,,,,,,,,,,,,,,,,
Stereophonics,Nothing Compares 2 U,,,,,,,,,,,,,,,,
Deus,Bad Timing,,,,,,,,,,,,,,,,
Sweet,Action,,,,,,,,,,,,,,,,
Eminem,Hailie'S Song,,,,,,,,,,,,,,,,
Skunk Anansie,All I Want,,,,,,,,,,,,,,,,
Deus,What We Talk About (When We Talk About Love),,,,,,,,,,,,,,,,
Husky Rescue,Mean Street,,,,,,,,,,,,,,,,
Mia.,Down River,,,,,,,,,,,,,,,,
Black Sabbath,Under The Sun,,,,,,,,,,,,,,,,
Rollins Band,Liar,,,,,,,,,,,,,,,,
Rogue Wave,10:1,,,,,,,,,,,,,,,,
Black Sabbath,Wishing Well,,,,,,,,,,,,,,,,
Rocky Votolato,Uppers Aren'T Necessary,,,,,,,,,,,,,,,,
Deus,If You Don'T Get What You Want,,,,,,,,,,,,,,,,
The Smashing Pumpkins,...Said Sadly,,,,,,,,,,,,,,,,
Funeral For A Friend,Out Of Reach,,,,,,,,,,,,,,,,
Fugazi,Merchandise,,,,,,,,,,,,,,,,
Lauryn Hill,To Zion,0.8,0.4,0.0,0.6,0.0,0.0,0.4,0.8,0.0,0.6,0.0,0.0,0.0,0.0,0.8,0.0
Le Tigre,Deceptacon (Dfa Remix),,,,,,,,,,,,,,,,
The Cars,Heartbeat City,,,,,,,,,,,,,,,,
The Cars,Hello Again,,,,,,,,,,,,,,,,
Devendra Banhart,Autumn'S Child,,,,,,,,,,,,,,,,
Devendra Banhart,Bluebird,,,,,,,,,,,,,,,,
Metallica,Mercyful Fate,,,,,,,,,,,,,,,,
Roni Size,Heroes (Kruder'S Long Loose Bossa),,,,,,,,,,,,,,,,
Metallica,Dirty Window,,,,,,,,,,,,,,,,
Funeral For A Friend,Storytelling,,,,,,,,,,,,,,,,
Smoke City,Jamie Pan,,,,,,,,,,,,,,,,
Fugees,The Beast,,,,,,,,,,,,,,,,
Fugees,Family Business,,,,,,,,,,,,,,,,
Chris Cornell,Safe And Sound,,,,,,,,,,,,,,,,
Fugazi,Two Beats Off,,,,,,,,,,,,,,,,
Hypocrisy,Turn The Page,,,,,,,,,,,,,,,,
Chris De Burgh,The Lady In Red,,,,,,,,,,,,,,,,
Pet Shop Boys,King Of Rome,,,,,,,,,,,,,,,,
The Fratellis,Tell Me A Lie,,,,,,,,,,,,,,,,
Elf Power,Come Lie Down With Me (And Sing My Song),,,,,,,,,,,,,,,,
Backyard Babies,Blitzkrieg Loveshock,1.0,1.0,0.0,0.2,1.0,1.0,0.0,0.0,0.0,0.0,0.0,0.0,0.0,0.0,1.0,0.0
Creedence Clearwater Revival,Good Golly Miss Molly,,,,,,,,,,,,,,,,
Bomb The Music Industry!,Stuff That I Like,,,,,,,,,,,,,,,,
The Skids,Into The Valley,1.0,0.6,0.0,0.2,1.0,0.8,0.0,0.0,0.0,0.0,0.0,0.0,0.0,0.0,0.8,0.0
Carpark North,Berlin,,,,,,,,,,,,,,,,
Metricks,Memoire Des Temps Perdu,,,,,,,,,,,,,,,,
Chris Cornell,Sweet Euphoria,,,,,,,,,,,,,,,,
Chris Cornell,Arms Around Your Love,,,,,,,,,,,,,,,,
Hypocrisy,Let The Knife Do The Talking,,,,,,,,,,,,,,,,
Dannii Minogue & The Soul Seekerz,Perfection (Dancing Djs Remix),,,,,,,,,,,,,,,,
Led Zeppelin,Black Country Woman,,,,,,,,,,,,,,,,
Danny Elfman,Introduction (Titles),0.0,0.0,0.0,0.6,0.0,0.0,0.0,1.0,0.8,0.0,0.0,0.0,0.0,0.0,0.0,0.0
Bodies Without Organs,Temple Of Love (Soundfactory Radio Mix),,,,,,,,,,,,,,,,
Melvins,The Mechanical Bride,,,,,,,,,,,,,,,,
Mellowdrone,Beautiful Day,,,,,,,,,,,,,,,,
Roxette,Almost Unreal,,,,,,,,,,,,,,,,
Led Zeppelin,Bonzo'S Montreux,1.0,1.0,0.0,0.2,0.0,0.0,0.0,0.0,0.0,0.0,0.0,0.0,0.0,0.0,0.0,0.0
Om,Kapila'S Theme,,,,,,,,,,,,,,,,
The Kinks,David Watts,,,,,,,,,,,,,,,,
Janis Joplin,A Woman Left Lonely,,,,,,,,,,,,,,,,
Led Zeppelin,Ozone Baby,,,,,,,,,,,,,,,,
The Future Sound Of London,Everyone In The World Is Doing Something Without Me,0.0,0.0,0.8,0.6,0.0,0.0,0.0,0.0,0.0,0.0,0.0,0.0,1.0,0.8,0.0,0.0
Frozen Silence,Loneliness,,,,,,,,,,,,,,,,
Led Zeppelin,The Girl I Love She Got Long Black Wavy Hair,,,,,,,,,,,,,,,,
The Future Sound Of London,Antique Toy,,,,,,,,,,,,,,,,
I Am Kloot,I Believe,,,,,,,,,,,,,,,,
The Cardigans,Love Fool,0.6,0.2,0.0,0.4,0.4,0.0,0.6,0.8,0.0,0.4,0.0,0.0,0.6,0.4,0.6,0.0
I Am Kloot,Gods And Monsters,,,,,,,,,,,,,,,,
I Am Kloot,No Direction Home,,,,,,,,,,,,,,,,
Xiu Xiu,Pink City,,,,,,,,,,,,,,,,
William Shatner,I Can'T Get Behind That (Feat. Henry Rollins),,,,,,,,,,,,,,,,
Olivia Inspi' Reira (Trapnest),Wish,,,,,,,,,,,,,,,,
Fujiya & Miyagi,Pickpocket,,,,,,,,,,,,,,,,
Room 5,Make Luv,,,,,,,,,,,,,,,,
Devendra Banhart,I Love That Man,,,,,,,,,,,,,,,,
Dj Shadow,You Made It (Feat. Chris James),,,,,,,,,,,,,,,,
Bauhaus,Honeymoon Croon,,,,,,,,,,,,,,,,
Dj Shadow,Transmission 2,,,,,,,,,,,,,,,,
Front 242,Happiness,,,,,,,,,,,,,,,,
Front 242,Don'T Crash,,,,,,,,,,,,,,,,
Lcd Soundsystem,Yeah (Pretentious Version),,,,,,,,,,,,,,,,
Leftöver Crack,Homeo-Apathy,,,,,,,,,,,,,,,,
Black Tie Dynasty,Tender,,,,,,,,,,,,,,,,
From First To Last,Emily,,,,,,,,,,,,,,,,
Dj Sammy,Heaven,,,,,,,,,,,,,,,,
Melanie C,Warrior,0.8,0.6,0.6,0.4,0.6,0.4,0.0,0.0,0.0,0.0,0.0,0.0,0.8,0.6,0.8,0.0
The Bronx,I Got Chills,,,,,,,,,,,,,,,,
Devendra Banhart,My Dearest Friend,,,,,,,,,,,,,,,,
Backyard Babies,Hold 'Em Down,,,,,,,,,,,,,,,,
Sting,A Thousand Years,,,,,,,,,,,,,,,,
Awful Sparks,Note To Self,,,,,,,,,,,,,,,,
Front 242,U-Men,,,,,,,,,,,,,,,,
Roxette,The Big L.,,,,,,,,,,,,,,,,
Emilíana Torrini,Gollum'S Song,,,,,,,,,,,,,,,,
Tenhi,Salain,,,,,,,,,,,,,,,,
Pedro The Lion,Keep Swinging,,,,,,,,,,,,,,,,
Tenhi,Kuulut Kesiin,,,,,,,,,,,,,,,,
Pedro The Lion,When They Really Get To Know You They Will Run,,,,,,,,,,,,,,,,
Jan Johansson,Visa Från Utanmyra,,,,,,,,,,,,,,,,
Oomph!,Augen Auf,,,,,,,,,,,,,,,,
Mercury Rev,Pick Up If You'Re There,,,,,,,,,,,,,,,,
Jane'S Addiction,Stop!,,,,,,,,,,,,,,,,
The Smashing Pumpkins,This Time,,,,,,,,,,,,,,,,
The Smashing Pumpkins,The End Is The Beginning Is The End,,,,,,,,,,,,,,,,
Biffy Clyro,Joy.Discovery.Invention,,,,,,,,,,,,,,,,
Mercury Rev,I Collect Coins,,,,,,,,,,,,,,,,
Mercenary,My World Is Ending,,,,,,,,,,,,,,,,
The View,Claudia,,,,,,,,,,,,,,,,
Leonard Cohen,Bird On A Wire,,,,,,,,,,,,,,,,
The Kinks,Animal Farm,,,,,,,,,,,,,,,,
Battlelore,Trollshaws,,,,,,,,,,,,,,,,
Les Savy Fav,No Sleeves,,,,,,,,,,,,,,,,
Toadies,Tyler,,,,,,,,,,,,,,,,
The Brian Jonestown Massacre,We Are The Niggers Of The World,,,,,,,,,,,,,,,,
Run-D.M.C.,My Adidas,,,,,,,,,,,,,,,,
Jamie Lidell,Game For Fools,,,,,,,,,,,,,,,,
Megadeth,Back In The Day,,,,,,,,,,,,,,,,
Bob Sinclar,Tennessee,,,,,,,,,,,,,,,,
Medeski Martin And Wood,Strance Of The Spirit Red Gator,,,,,,,,,,,,,,,,
The Sounds,Hurt You,,,,,,,,,,,,,,,,
The Bronx,Rape Zombie,,,,,,,,,,,,,,,,
Apocalyptica,M.B.,,,,,,,,,,,,,,,,
The Gaslight Anthem,Miles Davis & The Cool,,,,,,,,,,,,,,,,
Barbara Morgenstern,Polar,,,,,,,,,,,,,,,,
Benoît Pioulard,Ash Into The Sky,,,,,,,,,,,,,,,,
Chiodos,There'S No Penguins In Alaska,,,,,,,,,,,,,,,,
Chiodos,One Day Women Will All Become Monsters,,,,,,,,,,,,,,,,
Tori Amos,I Can'T See New York,,,,,,,,,,,,,,,,
Tori Amos,I I E E E,,,,,,,,,,,,,,,,
Jamie Lidell,All I Wanna Do,,,,,,,,,,,,,,,,
Megadeth,United Abominations,,,,,,,,,,,,,,,,
Stevie Ray Vaughan And Double Trouble,Love Struck Baby,,,,,,,,,,,,,,,,
Travis,Coming Around,,,,,,,,,,,,,,,,
Travis,Get Up,,,,,,,,,,,,,,,,
Oomph!,Sex Hat Keine Macht,,,,,,,,,,,,,,,,
Small Faces,Ogdens' Nut Gone Flake,,,,,,,,,,,,,,,,
The Game,Shout Outs (Produced By Just Blaze),,,,,,,,,,,,,,,,
Jamiroquai,Half The Man,,,,,,,,,,,,,,,,
Travis,More Than Us,,,,,,,,,,,,,,,,
Me First And The Gimme Gimmes,Tainted Love,,,,,,,,,,,,,,,,
増田俊郎,Need To Be Strong,,,,,,,,,,,,,,,,
Ruki Na Odeyalo,Soya,,,,,,,,,,,,,,,,
Cursive,Retreat!,,,,,,,,,,,,,,,,
The Brian Jonestown Massacre,Just For Today,,,,,,,,,,,,,,,,
The Brian Jonestown Massacre,Golden Frost,,,,,,,,,,,,,,,,
The Brian Jonestown Massacre,Let Me Stand Next To Your Flower,,,,,,,,,,,,,,,,
Tenacious D,History Of Tenacious D,,,,,,,,,,,,,,,,
Opeth,Madrigal,,,,,,,,,,,,,,,,
Alison Krauss,Forget About It,,,,,,,,,,,,,,,,
Bad Religion,Blenderhead,,,,,,,,,,,,,,,,
Slayer,Behind The Crooked Cross,,,,,,,,,,,,,,,,
Swallow The Sun,Through Her Silvery Body,,,,,,,,,,,,,,,,
Pearl Jam,Pilate,,,,,,,,,,,,,,,,
Pearl Jam,Lukin,,,,,,,,,,,,,,,,
Devendra Banhart,There Was Sun,,,,,,,,,,,,,,,,
Travis,How Many Hearts,,,,,,,,,,,,,,,,
Megadeth,A Tout Le Monde (Set Me Free),,,,,,,,,,,,,,,,
Operation Ivy,Knowledge,,,,,,,,,,,,,,,,
Thirteen Senses,History,,,,,,,,,,,,,,,,
Jamie Lidell,When I Come Back Around,,,,,,,,,,,,,,,,
Thirteen Senses,Lead Us,,,,,,,,,,,,,,,,
Bob Marley & The Wailers,Positive Vibration,,,,,,,,,,,,,,,,
Stone Sour,Cardiff,,,,,,,,,,,,,,,,
X-Ray Spex,I Can'T Do Anything,,,,,,,,,,,,,,,,
Sting,Send Your Love,,,,,,,,,,,,,,,,
Stone,Get Stoned,,,,,,,,,,,,,,,,
Stone Sour,Orchids,,,,,,,,,,,,,,,,
Devics,Red Morning,,,,,,,,,,,,,,,,
The Be Good Tanyas,Broken Telephone,,,,,,,,,,,,,,,,
Devendra Banhart,When The Sun Shone On Vetiver,,,,,,,,,,,,,,,,
Tom Waits,The Piano Has Been Drinking,,,,,,,,,,,,,,,,
The Ballet,Corduroy,,,,,,,,,,,,,,,,
Story One,Coming Up,,,,,,,,,,,,,,,,
Story One,Saving Grace,,,,,,,,,,,,,,,,
The Band,Across The Great Divide,,,,,,,,,,,,,,,,
The Ballet,In My Head,,,,,,,,,,,,,,,,
Rush,Emotion Detector,,,,,,,,,,,,,,,,
Ian Carey,Keep On Rising (Radio Mix),,,,,,,,,,,,,,,,
Pearl Jam,Evacuation,,,,,,,,,,,,,,,,
Emilie Autumn,Thank God I'M Pretty,,,,,,,,,,,,,,,,
The Verve,Mover,,,,,,,,,,,,,,,,
Lifehouse,Better Luck Next Time,,,,,,,,,,,,,,,,
The Band,Tears Of Rage,,,,,,,,,,,,,,,,
Liars,It'S All Blooming Now Mt. Heart Attack,,,,,,,,,,,,,,,,
The Sounds,Tony The Beat (Push It),,,,,,,,,,,,,,,,
Opeth,White Cluster,,,,,,,,,,,,,,,,
Apocalyptica,Inquisition Symphony,,,,,,,,,,,,,,,,
Alan Stivell,Brian Boru,,,,,,,,,,,,,,,,
James Brown,Living In America,,,,,,,,,,,,,,,,
James Morrison,Undiscovered,,,,,,,,,,,,,,,,
Ian Van Dahl,Try [Original Radio Edit] [Www.Hardbeats.Tk],,,,,,,,,,,,,,,,
Jamelia,Something About You,,,,,,,,,,,,,,,,
Pearl Jam,Crazy Mary,,,,,,,,,,,,,,,,
The Brian Jonestown Massacre,Ballad Of Jim Jones,,,,,,,,,,,,,,,,
Ruoska,Alasin,,,,,,,,,,,,,,,,
Bob Marley,Duppy Conqueror,,,,,,,,,,,,,,,,
Bob Marley & The Wailers,Burnin' And Lootin',,,,,,,,,,,,,,,,
Ruoska,Pure Minua,,,,,,,,,,,,,,,,
Mecano,Ya Viene El Sol,,,,,,,,,,,,,,,,
Meat Loaf,Dead Ringer For Love,,,,,,,,,,,,,,,,
The Bravery,This Is Not The End,,,,,,,,,,,,,,,,
Blackalicious,Chemical Calisthentics,,,,,,,,,,,,,,,,
Annie Lennox,Into The West,,,,,,,,,,,,,,,,
Cut Off Your Hands,You And I,,,,,,,,,,,,,,,,
Franz Ferdinand,Words So Leisured,,,,,,,,,,,,,,,,
Tristania,The Shining Path,,,,,,,,,,,,,,,,
Tristania,The Modern End,,,,,,,,,,,,,,,,
Tristania,Sirene,,,,,,,,,,,,,,,,
Cassius,15 Again,,,,,,,,,,,,,,,,
Bob Dylan,Love Minus Zero/No Limit,,,,,,,,,,,,,,,,
Blackmore'S Night,Mid Winter'S Night,,,,,,,,,,,,,,,,
Max Richter,Fragment,,,,,,,,,,,,,,,,
Lily Allen,Naive (Kooks Cover),,,,,,,,,,,,,,,,
Lil Wayne,Tie My Hands (Feat. Robin Thicke),,,,,,,,,,,,,,,,
Freak Kitchen,Speak When Spoken To,,,,,,,,,,,,,,,,
U2,The Wanderer,,,,,,,,,,,,,,,,
Deadbeat,N'Importe Quoi,,,,,,,,,,,,,,,,
Annie,Loco,,,,,,,,,,,,,,,,
Alanis Morissette,In Praise Of The Vulnerable Man,,,,,,,,,,,,,,,,
Benzos,Pere,,,,,,,,,,,,,,,,
Paul Westerberg,Dyslexic Heart,,,,,,,,,,,,,,,,
Pavement,Motion Suggests,,,,,,,,,,,,,,,,
The Breeders,German Studies,,,,,,,,,,,,,,,,
Windy & Carl,Balance (Trembling),,,,,,,,,,,,,,,,
Alanis Morissette,Narcissus,,,,,,,,,,,,,,,,
Annie,Heartbeat (Mstrkrft Remix),,,,,,,,,,,,,,,,
宇多田ヒカル,Colors,,,,,,,,,,,,,,,,
Bob Dylan,The Man In Me,,,,,,,,,,,,,,,,
4 Non Blondes,Old Mr. Heffer,,,,,,,,,,,,,,,,
Lifehouse,Everybody Is Someone,,,,,,,,,,,,,,,,
4 Strings,Into The Night,,,,,,,,,,,,,,,,
Elizabeth Fraser,At Last I Am Free,,,,,,,,,,,,,,,,
Lindsay Lohan,Over,,,,,,,,,,,,,,,,
Ryan Adams,This Is It,,,,,,,,,,,,,,,,
Annuals,Carry Around,,,,,,,,,,,,,,,,
Annwn,El Rey De Francia,,,,,,,,,,,,,,,,
Róisín Murphy,Off On It,,,,,,,,,,,,,,,,
Matt Costa,Cold December,,,,,,,,,,,,,,,,
The Stills,Helicopters,,,,,,,,,,,,,,,,
Matt & Kim,Grand,,,,,,,,,,,,,,,,
Icon & The Black Roses,Who Do You Hurt Now,,,,,,,,,,,,,,,,
Jaco Pastorius,Donna Lee,,,,,,,,,,,,,,,,
Beyoncé,Sweet Dreams,,,,,,,,,,,,,,,,
Os Mutantes,A Minha Menina (My Girl),,,,,,,,,,,,,,,,
X,Sex And Dying In High Society,,,,,,,,,,,,,,,,
Other Men,Other People,,,,,,,,,,,,,,,,
Otep,Battle Ready,,,,,,,,,,,,,,,,
Velvet,The Queen,,,,,,,,,,,,,,,,
Cat Power,Peking Saint,,,,,,,,,,,,,,,,
Barbara Morgenstern,Juist,,,,,,,,,,,,,,,,
Jakarta,One Desire,,,,,,,,,,,,,,,,
The Georgia Satellites,All Over But The Cryin',,,,,,,,,,,,,,,,
Idlewild,Let Me Sleep (Next To The Mirror),,,,,,,,,,,,,,,,
The Gathering,Third Chance,0.8,0.6,0.0,0.2,0.6,0.6,0.4,0.6,0.0,0.0,0.6,0.0,0.4,0.2,0.8,0.0
Paula Cole,Feelin' Love,,,,,,,,,,,,,,,,
Pavement,5-4=Unity,,,,,,,,,,,,,,,,
Devotchka,Along The Way,,,,,,,,,,,,,,,,
Devotchka,Charlotte Mittnacht (The Fabulous Destiny Of...),,,,,,,,,,,,,,,,
Suzanne Vega,Small Blue Thing,,,,,,,,,,,,,,,,
Bob Dylan,Cold Irons Bound,,,,,,,,,,,,,,,,
The Beach Boys,Little Saint Nick,,,,,,,,,,,,,,,,
Ryan Adams,Off Broadway,,,,,,,,,,,,,,,,
Tristania,Midwintertears,,,,,,,,,,,,,,,,
Fatboy Slim,Fucking In Heaven,,,,,,,,,,,,,,,,
311,Beautiful Disaster,,,,,,,,,,,,,,,,
Matchbox Twenty,Leave,,,,,,,,,,,,,,,,
Mates Of State,Abercrombie,,,,,,,,,,,,,,,,
Matchbox Twenty,Push (Live),,,,,,,,,,,,,,,,
Little Jackie,The World Should Revolve Around Me,,,,,,,,,,,,,,,,
梁靜茹,半个月亮,,,,,,,,,,,,,,,,
The Books,Take Time,,,,,,,,,,,,,,,,
