artist_name,track_name,Drum Set,Drum Aggressiveness,Synthetic Drums,Percussion,Electric Guitar,Electric Guitar Distortion,Acoustic Guitar,String Ensemble,Horn Ensemble,Piano,Organ,Rhodes,Synthesizer,Synth Timbre,Bass Guitar,Reed Instrument
Mando Diao,Sweet Ride,,,,,,,,,,,,,,,,
Elliott Smith,Don'T Go Down,,,,,,,,,,,,,,,,
Pink Martini,Sympathique,,,,,,,,,,,,,,,,
Babyshambles,In Love With A Feeling,,,,,,,,,,,,,,,,
Battles,Snare Hangar,,,,,,,,,,,,,,,,
The Faint,Worked Up So Sexual,,,,,,,,,,,,,,,,
Sheryl Crow,Real Gone,,,,,,,,,,,,,,,,
New Order,60 Miles An Hour,,,,,,,,,,,,,,,,
Elbow,Leaders Of The Free World,,,,,,,,,,,,,,,,
The New Pornographers,Challengers,,,,,,,,,,,,,,,,
Kanye West,We Don'T Care,,,,,,,,,,,,,,,,
Rage Against The Machine,Settle For Nothing,,,,,,,,,,,,,,,,
Jet,Move On,,,,,,,,,,,,,,,,
Bob Dylan,Idiot Wind,,,,,,,,,,,,,,,,
Within Temptation,All I Need,,,,,,,,,,,,,,,,
Kate Bush,The Dreaming,,,,,,,,,,,,,,,,
Architecture In Helsinki,Need To Shout,,,,,,,,,,,,,,,,
The Dresden Dolls,Mandy Goes To Med School,,,,,,,,,,,,,,,,
Britney Spears,Lonely,,,,,,,,,,,,,,,,
Rage Against The Machine,Township Rebellion,,,,,,,,,,,,,,,,
Aphex Twin,I,,,,,,,,,,,,,,,,
David Bowie,Speed Of Life,,,,,,,,,,,,,,,,
Radiohead,Lurgee,,,,,,,,,,,,,,,,
Islands,Jogging Gorgeous Summer,,,,,,,,,,,,,,,,
Patti Smith,Because The Night,,,,,,,,,,,,,,,,
In Flames,Satellites And Astronauts,,,,,,,,,,,,,,,,
Death Cab For Cutie,For What Reason,,,,,,,,,,,,,,,,
Beirut,After The Curtain,,,,,,,,,,,,,,,,
Cat Power,Shaking Paper,,,,,,,,,,,,,,,,
My Brightest Diamond,Something Of An End,,,,,,,,,,,,,,,,
Lady Gaga,I Like It Rough,,,,,,,,,,,,,,,,
Björk,Human Behavior,,,,,,,,,,,,,,,,
Grandaddy,Underneath The Weeping Willow,,,,,,,,,,,,,,,,
Amorphis,Towards And Against,,,,,,,,,,,,,,,,
Deepest Blue,Deepest Blue,,,,,,,,,,,,,,,,
Tegan And Sara,Dark Come Soon,,,,,,,,,,,,,,,,
Marilyn Manson,Coma White,,,,,,,,,,,,,,,,
Secret Machines,The Leaves Are Gone,,,,,,,,,,,,,,,,
Sugababes,About You Now,,,,,,,,,,,,,,,,
Amorphis,Empty Opening,,,,,,,,,,,,,,,,
Blur,For Tomorrow,,,,,,,,,,,,,,,,
Brand New,Guernica,,,,,,,,,,,,,,,,
Chemistry,We Are One,,,,,,,,,,,,,,,,
Band Of Horses,Window Blues,,,,,,,,,,,,,,,,
Queen,Friends Will Be Friends,,,,,,,,,,,,,,,,
Tegan And Sara,Floorplan,,,,,,,,,,,,,,,,
Foo Fighters,Breakout,,,,,,,,,,,,,,,,
The Kooks,Got No Love,,,,,,,,,,,,,,,,
Tokyo Police Club,Be Good,,,,,,,,,,,,,,,,
The New Pornographers,The Electric Version,,,,,,,,,,,,,,,,
The Beach Boys,You Still Believe In Me,,,,,,,,,,,,,,,,
The Organ,Brother,,,,,,,,,,,,,,,,
The Album Leaf,On Your Way,,,,,,,,,,,,,,,,
Shiny Toy Guns,When They Came For Us,,,,,,,,,,,,,,,,
Klaxons,Gravity'S Rainbow (Van She Remix),,,,,,,,,,,,,,,,
Norah Jones,Shoot The Moon,,,,,,,,,,,,,,,,
Aphex Twin,Tha,,,,,,,,,,,,,,,,
Wilco,Misunderstood,,,,,,,,,,,,,,,,
Mando Diao,Paralyzed,,,,,,,,,,,,,,,,
Him,Pretending,,,,,,,,,,,,,,,,
Elliott Smith,Can'T Make A Sound,,,,,,,,,,,,,,,,
T.I.,Live Your Life (Feat. Rihanna),,,,,,,,,,,,,,,,
Incubus,The Warmth,,,,,,,,,,,,,,,,
Sentenced,Cross My Heart And Hope To Die,,,,,,,,,,,,,,,,
The White Stripes,White Moon,,,,,,,,,,,,,,,,
Children Of Bodom,Angels Don'T Kill,,,,,,,,,,,,,,,,
David Bowie,Kooks,,,,,,,,,,,,,,,,
Goldfrapp,Caravan Girl,,,,,,,,,,,,,,,,
Architecture In Helsinki,Underwater,,,,,,,,,,,,,,,,
Ladytron,Mu-Tron,,,,,,,,,,,,,,,,
Disturbed,Sons Of Plunder,,,,,,,,,,,,,,,,
Frou Frou,The Dumbing Down Of Love,,,,,,,,,,,,,,,,
The Feeling,Love It When You Call,,,,,,,,,,,,,,,,
P!Nk,Family Portrait,,,,,,,,,,,,,,,,
The 69 Eyes,Gothic Girl,,,,,,,,,,,,,,,,
Misfits,Angelfuck,,,,,,,,,,,,,,,,
Staind,It'S Been Awhile,,,,,,,,,,,,,,,,
Amy Winehouse,Take The Box,,,,,,,,,,,,,,,,
Kings Of Convenience,The Girl From Back Then,,,,,,,,,,,,,,,,
System Of A Down,Attack,,,,,,,,,,,,,,,,
Radiohead,The Gloaming. (Softly Open Our Mouths In The Cold.),,,,,,,,,,,,,,,,
Björk,Cover Me,0.0,0.0,0.6,0.4,0.0,0.0,0.0,0.4,0.0,0.0,0.0,0.0,0.8,0.4,0.0,0.0
Pj Harvey,Shame,,,,,,,,,,,,,,,,
Goose,British Mode,,,,,,,,,,,,,,,,
Tom Petty And The Heartbreakers,Mary Jane'S Last Dance,,,,,,,,,,,,,,,,
Art Of Noise,Close (To The Edit),,,,,,,,,,,,,,,,
Funeral For A Friend,History,,,,,,,,,,,,,,,,
Pj Harvey,Kamikaze,,,,,,,,,,,,,,,,
David Bowie,Time,,,,,,,,,,,,,,,,
Maxïmo Park,Now I'M All Over The Shop,,,,,,,,,,,,,,,,
Frou Frou,Flicks,,,,,,,,,,,,,,,,
Akira Yamaoka,Theme Of Laura (Reprise),,,,,,,,,,,,,,,,
Bauhaus,In The Flat Field,,,,,,,,,,,,,,,,
Rob Zombie,Living Dead Girl,,,,,,,,,,,,,,,,
Nouvelle Vague,Heart Of Glass,,,,,,,,,,,,,,,,
Manic Street Preachers,You Stole The Sun From My Heart,,,,,,,,,,,,,,,,
The Chemical Brothers,The Test,,,,,,,,,,,,,,,,
Jens Lekman,Shirin,,,,,,,,,,,,,,,,
The Academy Is...,Black Mamba,,,,,,,,,,,,,,,,
Rachael Yamagata,Be Be Your Love,,,,,,,,,,,,,,,,
The Smashing Pumpkins,Tonight Tonight,,,,,,,,,,,,,,,,
The Fratellis,Cuntry Boys & City Girls,,,,,,,,,,,,,,,,
Kiss,Deuce,,,,,,,,,,,,,,,,
The Cranberries,Just My Imagination,,,,,,,,,,,,,,,,
Emily Haines & The Soft Skeleton,Nothing & Nowhere,,,,,,,,,,,,,,,,
The Cure,Primary,,,,,,,,,,,,,,,,
Bright Eyes,Middleman,,,,,,,,,,,,,,,,
The Cranberries,Everything I Said,,,,,,,,,,,,,,,,
Afi,Miseria Cantare: The Beginning,,,,,,,,,,,,,,,,
Basement Jaxx,Take Me Back To Your House,,,,,,,,,,,,,,,,
Air,Lucky And Unhappy,,,,,,,,,,,,,,,,
Fever Ray,Dry And Dusty,,,,,,,,,,,,,,,,
Metallica,My Friend Of Misery,,,,,,,,,,,,,,,,
Röyksopp,Röyksopp Forever,,,,,,,,,,,,,,,,
Eddie Vedder,Setting Forth,,,,,,,,,,,,,,,,
Queens Of The Stone Age,You Would Know,,,,,,,,,,,,,,,,
Andrew Bird,Plasticities,,,,,,,,,,,,,,,,
Kiss,Shout It Out Loud,,,,,,,,,,,,,,,,
Ac/Dc,Have A Drink On Me,,,,,,,,,,,,,,,,
Judas Priest,Metal Gods,,,,,,,,,,,,,,,,
Faith No More,Evidence,,,,,,,,,,,,,,,,
Iron Maiden,For The Greater Good Of God,,,,,,,,,,,,,,,,
The Chemical Brothers,Chemical Beats,,,,,,,,,,,,,,,,
Final Fantasy,The Chronicles Of Sarnia,,,,,,,,,,,,,,,,
The Verve,Catching The Butterfly,,,,,,,,,,,,,,,,
Scissor Sisters,Lovers In The Backseat,,,,,,,,,,,,,,,,
Animal Collective,No More Runnin,,,,,,,,,,,,,,,,
Nick Drake,Harvest Breed,,,,,,,,,,,,,,,,
The Strokes,Red Light,,,,,,,,,,,,,,,,
Outkast,Ms. Jackson,,,,,,,,,,,,,,,,
Bright Eyes,Classic Cars,,,,,,,,,,,,,,,,
Radiohead,Creep (Acoustic),,,,,,,,,,,,,,,,
Apparat,Fractales Part 1,,,,,,,,,,,,,,,,
Marillion,Kayleigh,,,,,,,,,,,,,,,,
Kings Of Leon,Genius,,,,,,,,,,,,,,,,
The White Stripes,A Martyr For My Love For You,,,,,,,,,,,,,,,,
Babyshambles,Albion,,,,,,,,,,,,,,,,
Porcupine Tree,How Is Your Life Today?,,,,,,,,,,,,,,,,
Editors,When Anger Shows,,,,,,,,,,,,,,,,
Christian Death,Romeo'S Distress,,,,,,,,,,,,,,,,
Abba,Fernando,,,,,,,,,,,,,,,,
Green Day,Welcome To Paradise,,,,,,,,,,,,,,,,
Morcheeba,Otherwise,,,,,,,,,,,,,,,,
The Used,Take It Away,,,,,,,,,,,,,,,,
Rilo Kiley,Ripchord,,,,,,,,,,,,,,,,
Razorlight,Stumble And Fall,,,,,,,,,,,,,,,,
Fiona Apple,Tymps (The Sick In The Head Song),,,,,,,,,,,,,,,,
Sun Kil Moon,Carry Me Ohio,,,,,,,,,,,,,,,,
Dimmu Borgir,The Serpentine Offering,,,,,,,,,,,,,,,,
Rilo Kiley,My Slumbering Heart,,,,,,,,,,,,,,,,
U2,Miracle Drug,,,,,,,,,,,,,,,,
Ted Leo And The Pharmacists,Me And Mia,,,,,,,,,,,,,,,,
Kaiser Chiefs,I Can Do It Without You,,,,,,,,,,,,,,,,
Placebo,I Do,,,,,,,,,,,,,,,,
Iron & Wine,Promise What You Will,,,,,,,,,,,,,,,,
Broken Social Scene,Feel Good Lost,,,,,,,,,,,,,,,,
Alanis Morissette,Crazy,,,,,,,,,,,,,,,,
Weezer,Photograph,,,,,,,,,,,,,,,,
The Cranberries,Salvation,,,,,,,,,,,,,,,,
Pink Floyd,Interstellar Overdrive,,,,,,,,,,,,,,,,
The Magic Numbers,Which Way To Happy,,,,,,,,,,,,,,,,
Wham!,Last Christmas,,,,,,,,,,,,,,,,
Fugees,Ready Or Not,,,,,,,,,,,,,,,,
Télépopmusik,Love Can Damage Your Health,,,,,,,,,,,,,,,,
Pink Floyd,Shine On You Crazy Diamond (Parts I-V),,,,,,,,,,,,,,,,
Explosions In The Sky,Catastrophe And The Cure,,,,,,,,,,,,,,,,
Explosions In The Sky,Yasmin The Light,,,,,,,,,,,,,,,,
Primal Scream,Loaded,,,,,,,,,,,,,,,,
Lamb,Angelica,,,,,,,,,,,,,,,,
Fischerspooner,All We Are,,,,,,,,,,,,,,,,
Covenant,Bullet,,,,,,,,,,,,,,,,
The Specials,A Message To You Rudy,,,,,,,,,,,,,,,,
Wilco,Hell Is Chrome,,,,,,,,,,,,,,,,
Cat Power,Ramblin' (Wo)Man,,,,,,,,,,,,,,,,
Cut Copy,Bright Neon Payphone,,,,,,,,,,,,,,,,
Berlin,Take My Breath Away,,,,,,,,,,,,,,,,
The Duke Spirit,Send A Little Love Token,,,,,,,,,,,,,,,,
The Strokes,Alone Together,,,,,,,,,,,,,,,,
Nightwish,Ever Dream,,,,,,,,,,,,,,,,
The Smashing Pumpkins,Soma,,,,,,,,,,,,,,,,
Joanna Newsom,En Gallop,,,,,,,,,,,,,,,,
Iron Maiden,Phantom Of The Opera,,,,,,,,,,,,,,,,
Misfits,She,,,,,,,,,,,,,,,,
Moby,Go,,,,,,,,,,,,,,,,
Joanna Newsom,Swansea,,,,,,,,,,,,,,,,
Mastodon,Circle Of Cysquatch,,,,,,,,,,,,,,,,
Ratatat,Flynn,,,,,,,,,,,,,,,,
Cartel,Runaway,,,,,,,,,,,,,,,,
Pulp,Do You Remember The First Time?,,,,,,,,,,,,,,,,
Evanescence,Lose Control,,,,,,,,,,,,,,,,
Him,Under The Rose,,,,,,,,,,,,,,,,
Les Savy Fav,Patty Lee,,,,,,,,,,,,,,,,
Of Montreal,Forecast Fascist Future,,,,,,,,,,,,,,,,
Rufus Wainwright,Beautiful Child,,,,,,,,,,,,,,,,
Chicane,No Ordinary Morning,,,,,,,,,,,,,,,,
Architecture In Helsinki,The Cemetery,,,,,,,,,,,,,,,,
U2 And Green Day,The Saints Are Coming,,,,,,,,,,,,,,,,
Three Days Grace,Riot,,,,,,,,,,,,,,,,
Ellen Allien & Apparat,Do Not Break,,,,,,,,,,,,,,,,
Daft Punk,Emotion,,,,,,,,,,,,,,,,
Beastie Boys,So What'Cha Want,,,,,,,,,,,,,,,,
David Bowie,Star,,,,,,,,,,,,,,,,
Norah Jones,Lonestar,,,,,,,,,,,,,,,,
At The Drive-In,Pattern Against User,,,,,,,,,,,,,,,,
Guns N' Roses,Anything Goes,,,,,,,,,,,,,,,,
The Smiths,Stretch Out And Wait,,,,,,,,,,,,,,,,
Counting Crows,Round Here,,,,,,,,,,,,,,,,
Audioslave,One And The Same,,,,,,,,,,,,,,,,
Disturbed,Voices,,,,,,,,,,,,,,,,
Audioslave,Your Time Has Come,,,,,,,,,,,,,,,,
Iamx,Song Of Imaginary Beings,,,,,,,,,,,,,,,,
Explosions In The Sky,Look Into The Air,,,,,,,,,,,,,,,,
Queens Of The Stone Age,Another Love Song,,,,,,,,,,,,,,,,
Keane,Snowed Under,,,,,,,,,,,,,,,,
David Gray,Please Forgive Me,,,,,,,,,,,,,,,,
The Darkness,Love Is Only A Feeling,,,,,,,,,,,,,,,,
Sentenced,You Are The One,,,,,,,,,,,,,,,,
Andrew Bird,Measuring Cups,,,,,,,,,,,,,,,,
Jack'S Mannequin,I'M Ready,,,,,,,,,,,,,,,,
Mandalay,Beautiful (7 Canny Mix),,,,,,,,,,,,,,,,
Keane,Better Than This,,,,,,,,,,,,,,,,
Deftones,Bored,,,,,,,,,,,,,,,,
Black Kids,Love Me Already,,,,,,,,,,,,,,,,
Razorlight,Vice,,,,,,,,,,,,,,,,
Fiona Apple,To Your Love,,,,,,,,,,,,,,,,
Kasabian,By My Side,,,,,,,,,,,,,,,,
Kasabian,British Legion,,,,,,,,,,,,,,,,
The Dandy Warhols,Solid,,,,,,,,,,,,,,,,
The Dandy Warhols,Horse Pills,,,,,,,,,,,,,,,,
Soilwork,Exile,,,,,,,,,,,,,,,,
Natalie Imbruglia,That Day,,,,,,,,,,,,,,,,
The Doors,Love Street,,,,,,,,,,,,,,,,
Queens Of The Stone Age,Quick And To The Pointless,,,,,,,,,,,,,,,,
Sonic Youth,Drunken Butterfly,,,,,,,,,,,,,,,,
Kings Of Convenience,Little Kids,,,,,,,,,,,,,,,,
Gnarls Barkley,Feng Shui,,,,,,,,,,,,,,,,
Gloria Gaynor,I Will Survive,,,,,,,,,,,,,,,,
Animal Collective,Chores,,,,,,,,,,,,,,,,
Judas Priest,You'Ve Got Another Thing Comin',,,,,,,,,,,,,,,,
Sleater-Kinney,Wilderness,,,,,,,,,,,,,,,,
The Decemberists,California One/Youth And Beauty Brigade,,,,,,,,,,,,,,,,
Mystery Jets,You Can'T Fool Me Dennis,,,,,,,,,,,,,,,,
Massive Attack,A Prayer For England,,,,,,,,,,,,,,,,
Linkin Park,Hands Held High,,,,,,,,,,,,,,,,
Cold War Kids,Saint John,,,,,,,,,,,,,,,,
Thievery Corporation,Omid (Hope),,,,,,,,,,,,,,,,
The Jam,That'S Entertainment,,,,,,,,,,,,,,,,
Bright Eyes,Hit The Switch,,,,,,,,,,,,,,,,
M83,Safe,,,,,,,,,,,,,,,,
The Pipettes,Tell Me What You Want,,,,,,,,,,,,,,,,
The Cinematic Orchestra,Prelude,,,,,,,,,,,,,,,,
Fever Ray,I'M Not Done,,,,,,,,,,,,,,,,
Tapes 'N Tapes,The Iliad,,,,,,,,,,,,,,,,
Soilwork,Sworn To A Great Divide,,,,,,,,,,,,,,,,
Slowdive,Machine Gun,,,,,,,,,,,,,,,,
植松伸夫,Battle In The Forgotten City,,,,,,,,,,,,,,,,
Kanye West,Say You Will,,,,,,,,,,,,,,,,
Broadcast,Corporeal,,,,,,,,,,,,,,,,
3 Doors Down,When I'M Gone,,,,,,,,,,,,,,,,
!!!,Pardon My Freedom,,,,,,,,,,,,,,,,
In Flames,Egonomic,,,,,,,,,,,,,,,,
In Flames,Vacuum,,,,,,,,,,,,,,,,
שירי מימון,Ahava Ktana,0.4,0.2,0.4,0.6,0.0,0.0,0.8,0.8,0.0,0.6,0.0,0.0,0.4,0.2,0.6,0.0
In Flames,Dead End,,,,,,,,,,,,,,,,
Four Tet,Smile Around The Face,,,,,,,,,,,,,,,,
Röyksopp,Vision One,,,,,,,,,,,,,,,,
!!!,Dear Can,,,,,,,,,,,,,,,,
Autolux,Subzero Fun,,,,,,,,,,,,,,,,
Dido,I'M No Angel,,,,,,,,,,,,,,,,
Pulp,This Is Hardcore,,,,,,,,,,,,,,,,
Guster,Satellite,,,,,,,,,,,,,,,,
Pj Harvey,No Child Of Mine,,,,,,,,,,,,,,,,
Goldfrapp,Hairy Trees,,,,,,,,,,,,,,,,
Lykke Li,Hanging High,,,,,,,,,,,,,,,,
Lykke Li,This Trumpet In My Head,,,,,,,,,,,,,,,,
Yeasayer,2080,,,,,,,,,,,,,,,,
Dustin O'Halloran,Opus 23,,,,,,,,,,,,,,,,
Pixies,The Holiday Song,,,,,,,,,,,,,,,,
Télépopmusik,Don'T Look Back,,,,,,,,,,,,,,,,
Taking Back Sunday,Spin,,,,,,,,,,,,,,,,
Ramones,Gimme Gimme Shock Treatment,,,,,,,,,,,,,,,,
Red Hot Chili Peppers,Emit Remmus,,,,,,,,,,,,,,,,
Yeah Yeah Yeahs,Little Shadow,0.6,0.2,0.0,0.2,0.6,0.4,0.0,0.0,0.0,0.0,0.0,0.0,0.6,0.4,0.8,0.0
The Verve,Sit And Wonder,,,,,,,,,,,,,,,,
Dj Shadow,Walkie Talkie,,,,,,,,,,,,,,,,
Deep Dish,Say Hello,,,,,,,,,,,,,,,,
The Academy Is...,Slow Down,,,,,,,,,,,,,,,,
No Doubt,Excuse Me Mr.,,,,,,,,,,,,,,,,
Paolo Nutini,Rewind,,,,,,,,,,,,,,,,
Auf Der Maur,Real A Lie,,,,,,,,,,,,,,,,
Mew,Snow Brigade,,,,,,,,,,,,,,,,
Massive Attack,Sly,,,,,,,,,,,,,,,,
Neil Young,After The Gold Rush,,,,,,,,,,,,,,,,
Staind,Epiphany,,,,,,,,,,,,,,,,
After Forever,Monolith Of Doubt,,,,,,,,,,,,,,,,
Babyshambles,Side Of The Road,,,,,,,,,,,,,,,,
Amy Macdonald,Footballer'S Wife,,,,,,,,,,,,,,,,
Blur,Badhead,,,,,,,,,,,,,,,,
Ellen Allien & Apparat,Floating Points,,,,,,,,,,,,,,,,
Mando Diao,You Don'T Understand Me,,,,,,,,,,,,,,,,
Rufus Wainwright,Go Or Go Ahead,,,,,,,,,,,,,,,,
Snow Patrol,Ways & Means,,,,,,,,,,,,,,,,
The Beatles,I Want To Tell You,,,,,,,,,,,,,,,,
Mylo,Zenophile,,,,,,,,,,,,,,,,
Groove Armada,Superstylin',,,,,,,,,,,,,,,,
This Will Destroy You,Quiet,,,,,,,,,,,,,,,,
Massive Attack,Danny The Dog,,,,,,,,,,,,,,,,
Embrace,Gravity,,,,,,,,,,,,,,,,
Zero 7,Over Our Heads,,,,,,,,,,,,,,,,
Nine Inch Nails,The Only Time,,,,,,,,,,,,,,,,
Blackfield,Blackfield,,,,,,,,,,,,,,,,
Rilo Kiley,A Better Son/Daughter,,,,,,,,,,,,,,,,
Thursday,Understanding In A Car Crash,,,,,,,,,,,,,,,,
Blonde Redhead,Anticipation,,,,,,,,,,,,,,,,
Lamb,What Sound,,,,,,,,,,,,,,,,
Bloc Party,The Answer,,,,,,,,,,,,,,,,
Funeral For A Friend,Drive,,,,,,,,,,,,,,,,
Pearl Jam,Gone,,,,,,,,,,,,,,,,
Joy Division,Ceremony,,,,,,,,,,,,,,,,
The Beatles,Your Mother Should Know,,,,,,,,,,,,,,,,
Architecture In Helsinki,It'S Almost A Trap,,,,,,,,,,,,,,,,
Clan Of Xymox,Stranger,,,,,,,,,,,,,,,,
Noah And The Whale,5 Years Time,,,,,,,,,,,,,,,,
Pink Floyd,A Great Day For Freedom,,,,,,,,,,,,,,,,
Buzzcocks,Promises,,,,,,,,,,,,,,,,
Rage Against The Machine,Revolver,,,,,,,,,,,,,,,,
Oasis,The Meaning Of Soul,,,,,,,,,,,,,,,,
Slipknot,Circle,,,,,,,,,,,,,,,,
The Zutons,Pressure Point,,,,,,,,,,,,,,,,
Black Sabbath,Supernaut,,,,,,,,,,,,,,,,
The Black Angels,Bloodhounds On My Trail,,,,,,,,,,,,,,,,
Explosions In The Sky,Snow And Lights,,,,,,,,,,,,,,,,
The Cure,A Strange Day,,,,,,,,,,,,,,,,
Disturbed,Ten Thousand Fists,,,,,,,,,,,,,,,,
Grandaddy,Miner At The Dial-A-View,,,,,,,,,,,,,,,,
The Flaming Lips,Free Radicals,,,,,,,,,,,,,,,,
Girl Talk,Bounce That,,,,,,,,,,,,,,,,
Yann Tiersen,Comptine D'Un Autre Été: L'Après Midi,0.0,0.0,0.0,0.0,0.0,0.0,0.0,0.0,0.0,1.0,0.0,0.0,0.0,0.0,0.0,0.0
Wolfmother,Love Train,,,,,,,,,,,,,,,,
M.I.A.,Fire Fire,0.4,0.6,1.0,0.8,0.2,0.0,0.0,0.0,0.0,0.0,0.0,0.0,0.8,0.8,0.6,0.0
Soilwork,Light Discovering Darkness,,,,,,,,,,,,,,,,
The Doors,When The Music'S Over,,,,,,,,,,,,,,,,
Pink Floyd,Fat Old Sun,,,,,,,,,,,,,,,,
U2,A Man And A Woman,,,,,,,,,,,,,,,,
Sébastien Tellier,Fantino,,,,,,,,,,,,,,,,
The Chemical Brothers,Out Of Control,,,,,,,,,,,,,,,,
Nick Drake,Saturday Sun,,,,,,,,,,,,,,,,
Nick Drake,Way To Blue,,,,,,,,,,,,,,,,
Yo La Tengo,You Can Have It All,,,,,,,,,,,,,,,,
The Beatles,Run For Your Life,,,,,,,,,,,,,,,,
The Police,So Lonely,,,,,,,,,,,,,,,,
Nine Inch Nails,Help Me I Am In Hell,,,,,,,,,,,,,,,,
The Dresden Dolls,Delilah,,,,,,,,,,,,,,,,
Porcupine Tree,Piano Lessons,0.8,0.6,0.0,0.2,0.8,0.6,0.4,0.0,0.0,0.6,0.0,0.0,0.6,0.4,0.8,0.0
David Bowie,Warszawa,,,,,,,,,,,,,,,,
Mirah,Recommendation,,,,,,,,,,,,,,,,
Paradise Lost,The Enemy,,,,,,,,,,,,,,,,
Green Day,Give Me Novacaine,,,,,,,,,,,,,,,,
A Perfect Circle,Peace Love And Understanding,,,,,,,,,,,,,,,,
Sigur Rós,Sorglega,0.4,0.2,0.0,0.6,0.4,0.2,0.2,0.8,0.0,0.4,0.2,0.0,0.8,0.2,0.6,0.0
Fiona Apple,A Mistake,,,,,,,,,,,,,,,,
Animal Collective,Kids On Holiday,,,,,,,,,,,,,,,,
Tori Amos,Tear In Your Hand,,,,,,,,,,,,,,,,
Björk,Vökuró,,,,,,,,,,,,,,,,
Nick Drake,Poor Boy,,,,,,,,,,,,,,,,
Scissor Sisters,It Can'T Come Quickly Enough,,,,,,,,,,,,,,,,
The Who,Bargain,,,,,,,,,,,,,,,,
Oasis,All Around The World,,,,,,,,,,,,,,,,
Doves,Snowden,,,,,,,,,,,,,,,,
Hot Chip,We'Re Looking For A Lot Of Love,,,,,,,,,,,,,,,,
Dire Straits,Private Investigations,,,,,,,,,,,,,,,,
Hot Chip,So Glad To See You,,,,,,,,,,,,,,,,
Timbaland,Apologize,,,,,,,,,,,,,,,,
The Velvet Underground,Some Kinda Love,,,,,,,,,,,,,,,,
Cocorosie,Brazilian Sun,,,,,,,,,,,,,,,,
Britney Spears,Everybody,,,,,,,,,,,,,,,,
The Smashing Pumpkins,Quiet,,,,,,,,,,,,,,,,
Shout Out Louds,Please Please Please,,,,,,,,,,,,,,,,
Echo & The Bunnymen,Rescue,,,,,,,,,,,,,,,,
Backyard Babies,Earn The Crown,,,,,,,,,,,,,,,,
Gustavo Cerati,Lago En El Cielo,,,,,,,,,,,,,,,,
Blink-182,Always,,,,,,,,,,,,,,,,
Alice In Chains,Dam That River,,,,,,,,,,,,,,,,
The Knife,Neon,,,,,,,,,,,,,,,,
Rage Against The Machine,Born As Ghosts,,,,,,,,,,,,,,,,
The All-American Rejects,Can'T Take It,,,,,,,,,,,,,,,,
Arctic Monkeys,Scummy,,,,,,,,,,,,,,,,
Ratatat,Germany To Germany,,,,,,,,,,,,,,,,
Santogold,Shove It,,,,,,,,,,,,,,,,
Tv On The Radio,Blues From Down Here,,,,,,,,,,,,,,,,
Tv On The Radio,Dlz,,,,,,,,,,,,,,,,
Jack Johnson,Tomorrow Morning,,,,,,,,,,,,,,,,
Cocteau Twins,Lorelei,,,,,,,,,,,,,,,,
Plain White T'S,Hate (I Really Don'T Like You),,,,,,,,,,,,,,,,
Santogold,I'M A Lady,,,,,,,,,,,,,,,,
Rush,Subdivisions,,,,,,,,,,,,,,,,
Neutral Milk Hotel,Untitled,,,,,,,,,,,,,,,,
Brian Eno,Deep Blue Day,,,,,,,,,,,,,,,,
Iio,Rapture,,,,,,,,,,,,,,,,
The Beatles,Being For The Benefit Of Mr. Kite!,,,,,,,,,,,,,,,,
The Knife,Bird,0.0,0.0,1.0,0.4,0.0,0.0,0.0,0.0,0.0,0.0,0.0,0.0,1.0,0.8,0.2,0.0
Evanescence,Like You,,,,,,,,,,,,,,,,
Franz Ferdinand,Katherine Kiss Me,,,,,,,,,,,,,,,,
The Unicorns,I Don'T Wanna Die,,,,,,,,,,,,,,,,
Pj Harvey,Yuri-G,,,,,,,,,,,,,,,,
Fall Out Boy,Of All The Gin Joints In All The World,,,,,,,,,,,,,,,,
Mastodon,Capillarian Crest,,,,,,,,,,,,,,,,
Death Cab For Cutie,Why You'D Want To Live Here,,,,,,,,,,,,,,,,
Jens Lekman,Black Cab,,,,,,,,,,,,,,,,
The Dresden Dolls,First Orgasm,,,,,,,,,,,,,,,,
Emilie Autumn,Misery Loves Company,,,,,,,,,,,,,,,,
Sondre Lerche,Two Way Monologue,,,,,,,,,,,,,,,,
Wilco,Reservations,,,,,,,,,,,,,,,,
Yo La Tengo,From A Motel 6,,,,,,,,,,,,,,,,
Andreas Johnson,Glorious,,,,,,,,,,,,,,,,
System Of A Down,Roulette,,,,,,,,,,,,,,,,
Nightwish,Passion And The Opera,,,,,,,,,,,,,,,,
Graham Coxon,Freakin' Out,,,,,,,,,,,,,,,,
Nelly Furtado,Showtime,0.4,0.2,1.0,0.6,0.0,0.0,0.0,0.0,0.0,0.0,0.0,0.0,0.8,0.6,0.4,0.0
Shiny Toy Guns,Stripped,,,,,,,,,,,,,,,,
Depeche Mode,Little 15,,,,,,,,,,,,,,,,
Backyard Babies,A Song For The Outcast,1.0,0.8,0.0,0.2,1.0,0.8,0.0,0.0,0.0,0.0,0.0,0.0,0.0,0.0,0.8,0.0
Neil Young,Southern Man,,,,,,,,,,,,,,,,
The White Stripes,Little Bird,,,,,,,,,,,,,,,,
Kimya Dawson,So Nice So Smart,,,,,,,,,,,,,,,,
Enya,A Day Without Rain,,,,,,,,,,,,,,,,
Kevin Shields,Are You Awake?,,,,,,,,,,,,,,,,
King Crimson,I Talk To The Wind,,,,,,,,,,,,,,,,
The Beatles,I Me Mine,,,,,,,,,,,,,,,,
The Hold Steady,Stuck Between Stations,,,,,,,,,,,,,,,,
The Doors,You'Re Lost Little Girl,,,,,,,,,,,,,,,,
Rise Against,Swing Life Away,,,,,,,,,,,,,,,,
Emily Haines & The Soft Skeleton,The Last Page,,,,,,,,,,,,,,,,
R.E.M.,So. Central Rain,,,,,,,,,,,,,,,,
Katatonia,Complicity,,,,,,,,,,,,,,,,
Van Halen,Why Can'T This Be Love,,,,,,,,,,,,,,,,
Pantera,Becoming,,,,,,,,,,,,,,,,
Jens Lekman,If I Could Cry (It Would Feel Like This),,,,,,,,,,,,,,,,
Stars,Soft Revolution,,,,,,,,,,,,,,,,
Kings Of Leon,Arizona,,,,,,,,,,,,,,,,
Britney Spears,The Hook Up,,,,,,,,,,,,,,,,
Jack Johnson,Inaudible Melodies,,,,,,,,,,,,,,,,
Empire Of The Sun,We Are The People,,,,,,,,,,,,,,,,
Thievery Corporation,Facing East,,,,,,,,,,,,,,,,
A Perfect Circle,Renholdër,,,,,,,,,,,,,,,,
The Smiths,Paint A Vulgar Picture,,,,,,,,,,,,,,,,
Sonic Youth,Candle,,,,,,,,,,,,,,,,
The Rifles,Local Boy,,,,,,,,,,,,,,,,
Goldfrapp,Deep Honey,0.4,0.2,1.0,0.4,0.0,0.0,0.0,0.0,0.0,0.0,0.0,0.0,1.0,0.8,0.0,0.0
Jack Johnson,Belle,,,,,,,,,,,,,,,,
The Duke Spirit,Into The Fold,,,,,,,,,,,,,,,,
Ministry,Stigmata,,,,,,,,,,,,,,,,
She & Him,Why Do You Let Me Stay Here?,,,,,,,,,,,,,,,,
Him,Solitary Man,,,,,,,,,,,,,,,,
Him,Join Me In Death,,,,,,,,,,,,,,,,
Tom Petty And The Heartbreakers,American Girl,,,,,,,,,,,,,,,,
The Smashing Pumpkins,Cupid De Locke,,,,,,,,,,,,,,,,
Ladytron,The Way That I Found You,,,,,,,,,,,,,,,,
Belle And Sebastian,I Could Be Dreaming,,,,,,,,,,,,,,,,
Blind Guardian,Mirror Mirror,,,,,,,,,,,,,,,,
Bright Eyes,Make A Plan To Love Me,,,,,,,,,,,,,,,,
Children Of Bodom,Towards Dead End,,,,,,,,,,,,,,,,
Art Brut,Fight!,,,,,,,,,,,,,,,,
Elliott Smith,I Better Be Quiet Now,,,,,,,,,,,,,,,,
Ray Lamontagne,Empty,0.0,0.0,0.0,0.2,0.0,0.0,1.0,0.0,0.0,0.4,0.0,0.0,0.0,0.0,0.6,0.0
Placebo,Peeping Tom,,,,,,,,,,,,,,,,
Creedence Clearwater Revisited,Lookin' Out My Back Door,,,,,,,,,,,,,,,,
The Smiths,Unloveable,,,,,,,,,,,,,,,,
The Beatles,Boys,,,,,,,,,,,,,,,,
The Magic Numbers,The Mule,,,,,,,,,,,,,,,,
Saosin,Voices,,,,,,,,,,,,,,,,
Saosin,Bury Your Head,,,,,,,,,,,,,,,,
Serj Tankian,Saving Us,,,,,,,,,,,,,,,,
Serj Tankian,The Unthinking Majority,,,,,,,,,,,,,,,,
Kt Tunstall,False Alarm,0.8,0.6,0.4,0.6,0.6,0.4,1.0,0.2,0.0,0.4,0.0,0.0,0.6,0.4,0.6,0.0
Garbage,Breaking Up The Girl,,,,,,,,,,,,,,,,
Animal Collective,Daffy Duck,,,,,,,,,,,,,,,,
Robbie Williams,The Road To Mandalay,,,,,,,,,,,,,,,,
Garbage,Metal Heart,,,,,,,,,,,,,,,,
Iamx,Bring Me Back A Dog,,,,,,,,,,,,,,,,
St. Germain,Sure Thing,,,,,,,,,,,,,,,,
Paradise Lost,Say Just Words,,,,,,,,,,,,,,,,
Sentenced,Killing Me Killing You,,,,,,,,,,,,,,,,
Doves,The Man Who Told Everything,,,,,,,,,,,,,,,,
The Beach Boys,Barbara Ann,,,,,,,,,,,,,,,,
Creedence Clearwater Revisited,Green River,,,,,,,,,,,,,,,,
The Sisters Of Mercy,No Time To Cry,,,,,,,,,,,,,,,,
Rilo Kiley,Paint'S Peeling,,,,,,,,,,,,,,,,
Slipknot,People = Shit,,,,,,,,,,,,,,,,
Hellogoodbye,All Of Your Love,,,,,,,,,,,,,,,,
Regina Spektor,Consequence Of Sounds,,,,,,,,,,,,,,,,
The White Stripes,The Same Boy You'Ve Always Known,,,,,,,,,,,,,,,,
Poisonblack,Love Infernal,,,,,,,,,,,,,,,,
Sigur Rós,Samskeyti,,,,,,,,,,,,,,,,
The Black Eyed Peas,Where Is The Love,,,,,,,,,,,,,,,,
We Are Scientists,Chick Lit,,,,,,,,,,,,,,,,
The Pussycat Dolls,I Don'T Need A Man,,,,,,,,,,,,,,,,
Beck,Derelict,,,,,,,,,,,,,,,,
Daft Punk,Phoenix,,,,,,,,,,,,,,,,
Tokyo Police Club,Shoulders & Arms,,,,,,,,,,,,,,,,
Black Rebel Motorcycle Club,Grind My Bones,,,,,,,,,,,,,,,,
Entwine,Bitter Sweet,,,,,,,,,,,,,,,,
Maroon 5,Nothing Lasts Forever,,,,,,,,,,,,,,,,
Dido,Isobel,,,,,,,,,,,,,,,,
The White Stripes,Red Rain,,,,,,,,,,,,,,,,
Boards Of Canada,Seeya Later,,,,,,,,,,,,,,,,
Andrew W.K.,Party Hard,,,,,,,,,,,,,,,,
Evanescence,Lacrymosa,,,,,,,,,,,,,,,,
Opeth,To Rid The Disease,,,,,,,,,,,,,,,,
Kasabian,Sun Rise Light Flies,,,,,,,,,,,,,,,,
Death Cab For Cutie,Company Calls,,,,,,,,,,,,,,,,
The Album Leaf,The Outer Banks,,,,,,,,,,,,,,,,
Moby,Down Slow,,,,,,,,,,,,,,,,
The White Stripes,Hypnotize,,,,,,,,,,,,,,,,
Ratatat,Shiller,,,,,,,,,,,,,,,,
Jarvis Cocker,Don'T Let Him Waste Your Time,,,,,,,,,,,,,,,,
Lcd Soundsystem,Great Release,,,,,,,,,,,,,,,,
Al Green,Love And Happiness,,,,,,,,,,,,,,,,
Alice In Chains,Angry Chair,,,,,,,,,,,,,,,,
Patrick Wolf,Jacob'S Ladder,,,,,,,,,,,,,,,,
Cake,Frank Sinatra,,,,,,,,,,,,,,,,
Marilyn Manson,Man That You Fear,,,,,,,,,,,,,,,,
Sum 41,In Too Deep,,,,,,,,,,,,,,,,
Beirut,The Flying Club Cup,,,,,,,,,,,,,,,,
Broken Social Scene,Passport Radio,,,,,,,,,,,,,,,,
In Flames,...As The Future Repeats Today,,,,,,,,,,,,,,,,
Lostprophets,Rooftops (A Liberation Broadcast),,,,,,,,,,,,,,,,
Billy Idol,Dancing With Myself,,,,,,,,,,,,,,,,
Foo Fighters,Summer'S End,,,,,,,,,,,,,,,,
Basement Jaxx,Good Luck,,,,,,,,,,,,,,,,
Devendra Banhart,Lazy Butterfly,,,,,,,,,,,,,,,,
Sepultura,Roots Bloody Roots,,,,,,,,,,,,,,,,
Killswitch Engage,The Arms Of Sorrow,,,,,,,,,,,,,,,,
Ben Folds,Still Fighting It,,,,,,,,,,,,,,,,
Porcupine Tree,The Creator Has A Mastertape,,,,,,,,,,,,,,,,
U2,Crumbs From Your Table,,,,,,,,,,,,,,,,
My Chemical Romance,Thank You For The Venom,,,,,,,,,,,,,,,,
Röyksopp,Tristesse Globale,,,,,,,,,,,,,,,,
The Rakes,The Guilt,,,,,,,,,,,,,,,,
Sia,Numb,,,,,,,,,,,,,,,,
Air,Dirty Trip,,,,,,,,,,,,,,,,
Pj Harvey,The Letter,,,,,,,,,,,,,,,,
Maxïmo Park,The Unshockable,,,,,,,,,,,,,,,,
Explosions In The Sky,Time Stops,,,,,,,,,,,,,,,,
Aphex Twin,Goon Gumpas,,,,,,,,,,,,,,,,
Fleetwood Mac,The Chain,,,,,,,,,,,,,,,,
Mogwai,Stanley Kubrick,,,,,,,,,,,,,,,,
Badly Drawn Boy,Something To Talk About,,,,,,,,,,,,,,,,
Maroon 5,Sweetest Goodbye,,,,,,,,,,,,,,,,
Sufjan Stevens,Abraham,,,,,,,,,,,,,,,,
The Beatles,Flying,,,,,,,,,,,,,,,,
Afi,...But Home Is Nowhere,,,,,,,,,,,,,,,,
Variety Lab,London In The Rain,,,,,,,,,,,,,,,,
Sugababes,Round Round,,,,,,,,,,,,,,,,
!!!,Bend Over Beethoven,,,,,,,,,,,,,,,,
The Jesus And Mary Chain,Taste Of Cindy,,,,,,,,,,,,,,,,
Black Rebel Motorcycle Club,The Likes Of You,,,,,,,,,,,,,,,,
M83,In Church,,,,,,,,,,,,,,,,
Lily Allen,Fuck You,,,,,,,,,,,,,,,,
Rufus Wainwright,Vicious World,,,,,,,,,,,,,,,,
Pavement,Elevate Me Later,,,,,,,,,,,,,,,,
The Cure,Accuracy,,,,,,,,,,,,,,,,
Kent,Max 500,,,,,,,,,,,,,,,,
Pearl Jam,Off He Goes,,,,,,,,,,,,,,,,
Led Zeppelin,Achilles Last Stand,,,,,,,,,,,,,,,,
Razorlight,To The Sea,,,,,,,,,,,,,,,,
Zz Top,Thug,,,,,,,,,,,,,,,,
Ludwig Van Beethoven,Symphony No. 2 - Scherzo,,,,,,,,,,,,,,,,
Rage Against The Machine,Mic Check,,,,,,,,,,,,,,,,
Metallica,Phantom Lord,,,,,,,,,,,,,,,,
Nightwish,Cadence Of Her Last Breath,,,,,,,,,,,,,,,,
The 69 Eyes,Perfect Skin,,,,,,,,,,,,,,,,
The Smashing Pumpkins,Bodies,,,,,,,,,,,,,,,,
Travis,Selfish Jean,,,,,,,,,,,,,,,,
Nick Cave & The Bad Seeds,Nobody'S Baby Now,,,,,,,,,,,,,,,,
Jamie Lidell,Multiply,,,,,,,,,,,,,,,,
Death In Vegas,Dirge,,,,,,,,,,,,,,,,
Phoenix,Napoleon Says,,,,,,,,,,,,,,,,
This Will Destroy You,The World Is Our ___,,,,,,,,,,,,,,,,
Angels & Airwaves,Do It For Me Now,0.8,0.6,0.0,0.4,0.8,0.6,0.0,0.0,0.0,0.0,0.0,0.0,0.8,0.4,0.6,0.0
Final Fantasy,This Lamb Sells Condos,,,,,,,,,,,,,,,,
M.I.A.,Banana Skit,,,,,,,,,,,,,,,,
The Cranberries,Promises,,,,,,,,,,,,,,,,
Kraftwerk,Autobahn,,,,,,,,,,,,,,,,
Aphex Twin,Jynweythek Ylow,,,,,,,,,,,,,,,,
John Mayer,Belief,,,,,,,,,,,,,,,,
Roxette,Listen To Your Heart,0.6,0.4,0.4,0.2,0.6,0.6,0.4,0.6,0.0,0.8,0.0,0.0,0.6,0.2,0.8,0.0
Tom Vek,C-C (You Set The Fire In Me),,,,,,,,,,,,,,,,
Clap Your Hands Say Yeah,Satan Said Dance,,,,,,,,,,,,,,,,
Sonic Syndicate,Aftermath,,,,,,,,,,,,,,,,
The Smashing Pumpkins,Here Is No Why,,,,,,,,,,,,,,,,
Jamiroquai,Dynamite,,,,,,,,,,,,,,,,
Kylie Minogue,Chocolate,,,,,,,,,,,,,,,,
The Feeling,Never Be Lonely,,,,,,,,,,,,,,,,
Madonna,Heartbeat,,,,,,,,,,,,,,,,
Rogue Wave,Publish My Love,,,,,,,,,,,,,,,,
The Verve,This Is Music,,,,,,,,,,,,,,,,
The Smiths,Suffer Little Children,,,,,,,,,,,,,,,,
The Rolling Stones,Tumbling Dice,,,,,,,,,,,,,,,,
Amy Macdonald,Barrowland Ballroom,,,,,,,,,,,,,,,,
The Decemberists,Billy Liar,,,,,,,,,,,,,,,,
Cat Power,Moonshiner,,,,,,,,,,,,,,,,
Cat Power,Red Apples,,,,,,,,,,,,,,,,
Belle And Sebastian,You'Re Just A Baby,,,,,,,,,,,,,,,,
Travis,The Beautiful Occupation,,,,,,,,,,,,,,,,
Asobi Seksu,New Years,,,,,,,,,,,,,,,,
Tori Amos,Teenage Hustling,,,,,,,,,,,,,,,,
The Whitest Boy Alive,Golden Cage,,,,,,,,,,,,,,,,
Iron & Wine,Upward Over The Mountain,,,,,,,,,,,,,,,,
The Stone Roses,Love Spreads,,,,,,,,,,,,,,,,
Depeche Mode,Spacewalker,,,,,,,,,,,,,,,,
Blink-182,First Date,,,,,,,,,,,,,,,,
The Futureheads,Stupid And Shallow,,,,,,,,,,,,,,,,
Tori Amos,Mr. Zebra,,,,,,,,,,,,,,,,
Belle And Sebastian,Stay Loose,,,,,,,,,,,,,,,,
Clint Mansell,Summer: Hope Overture,,,,,,,,,,,,,,,,
David Bowie,Boys Keep Swinging,,,,,,,,,,,,,,,,
Black Label Society,Fire It Up,,,,,,,,,,,,,,,,
Pink Floyd,Dogs,,,,,,,,,,,,,,,,
Peter Bjorn And John,Start To Melt,,,,,,,,,,,,,,,,
John Mayer,The Heart Of Life,,,,,,,,,,,,,,,,
Ac/Dc,T.N.T.,,,,,,,,,,,,,,,,
Tori Amos,Happy Phantom,,,,,,,,,,,,,,,,
R.E.M.,Man-Sized Wreath,,,,,,,,,,,,,,,,
Weezer,Knock-Down Drag-Out,,,,,,,,,,,,,,,,
Junior Boys,The Equalizer,,,,,,,,,,,,,,,,
Pet Shop Boys,It'S A Sin,,,,,,,,,,,,,,,,
Red Hot Chili Peppers,Throw Away Your Television,,,,,,,,,,,,,,,,
The Raconteurs,Many Shades Of Black,,,,,,,,,,,,,,,,
Dredg,Not That Simple,,,,,,,,,,,,,,,,
Echo & The Bunnymen,Seven Seas,,,,,,,,,,,,,,,,
The Notorious B.I.G.,Juicy,,,,,,,,,,,,,,,,
The Knife,Hangin' Out,,,,,,,,,,,,,,,,
Rage Against The Machine,Fistful Of Steel,,,,,,,,,,,,,,,,
Amon Tobin,Four Ton Mantis,,,,,,,,,,,,,,,,
Tokyo Police Club,Tessellate,,,,,,,,,,,,,,,,
Cut Copy,The Twilight,,,,,,,,,,,,,,,,
Iron Maiden,Out Of The Shadows,,,,,,,,,,,,,,,,
Neutral Milk Hotel,A Baby For Pree,,,,,,,,,,,,,,,,
The Decemberists,The Chimbley Sweep,,,,,,,,,,,,,,,,
The Sisters Of Mercy,Walk Away,,,,,,,,,,,,,,,,
Justice,D.A.N.C.E. (Mstrkrft Remix),,,,,,,,,,,,,,,,
Britney Spears,I Love Rock 'N' Roll,,,,,,,,,,,,,,,,
The Sisters Of Mercy,This Corrosion,,,,,,,,,,,,,,,,
Depeche Mode,Introspectre,,,,,,,,,,,,,,,,
Nirvana,Radio Friendly Unit Shifter,,,,,,,,,,,,,,,,
Yann Tiersen,La Valse D'Amelie,,,,,,,,,,,,,,,,
Beck,The Golden Age,,,,,,,,,,,,,,,,
The Cure,Subway Song,,,,,,,,,,,,,,,,
Rammstein,Dalai Lama,,,,,,,,,,,,,,,,
The Futureheads,Man Ray,1.0,0.8,0.0,0.2,1.0,0.6,0.0,0.0,0.0,0.0,0.0,0.0,0.0,0.0,1.0,0.0
The Kooks,Stormy Weather,,,,,,,,,,,,,,,,
Wilco,Spiders (Kidsmoke),,,,,,,,,,,,,,,,
Air,The Word 'Hurricane',,,,,,,,,,,,,,,,
Within Temptation,Hand Of Sorrow,,,,,,,,,,,,,,,,
Bob Dylan,Visions Of Johanna,,,,,,,,,,,,,,,,
Norah Jones,Cold Cold Heart,,,,,,,,,,,,,,,,
James Blunt,Out Of My Mind,,,,,,,,,,,,,,,,
Fever Ray,Triangle Walks,,,,,,,,,,,,,,,,
Rob Zombie,Superbeast,,,,,,,,,,,,,,,,
In Flames,Reroute To Remain,,,,,,,,,,,,,,,,
Tapes 'N Tapes,Cowbell,,,,,,,,,,,,,,,,
Metallica,No Remorse,,,,,,,,,,,,,,,,
The Smashing Pumpkins,The Everlasting Gaze,,,,,,,,,,,,,,,,
Black Rebel Motorcycle Club,Steal A Ride,,,,,,,,,,,,,,,,
Sufjan Stevens,Come On! Feel The Illinoise! - Part I: The World'S Columbian Exposition - Part Ii: Carl Sandburg Visits Me In A Dream,,,,,,,,,,,,,,,,
Manic Street Preachers,Empty Souls,,,,,,,,,,,,,,,,
Tenacious D,Hard Fucking,,,,,,,,,,,,,,,,
David Bowie,Be My Wife,,,,,,,,,,,,,,,,
The Horrors,Jack The Ripper,,,,,,,,,,,,,,,,
Bush,Little Things,,,,,,,,,,,,,,,,
The Jesus And Mary Chain,Taste The Floor,,,,,,,,,,,,,,,,
Dir En Grey,Merciless Cult,,,,,,,,,,,,,,,,
We Are Scientists,Worth The Wait,,,,,,,,,,,,,,,,
Digitalism,Moonlight,,,,,,,,,,,,,,,,
Slowdive,40 Days,,,,,,,,,,,,,,,,
Pulp,Razzmatazz,,,,,,,,,,,,,,,,
Morcheeba,Everybody Loves A Loser,,,,,,,,,,,,,,,,
Róisín Murphy,Ruby Blue,,,,,,,,,,,,,,,,
Ted Leo And The Pharmacists,Counting Down The Hours,,,,,,,,,,,,,,,,
Deerhoof,+81,,,,,,,,,,,,,,,,
Cat Power,Ice Water,,,,,,,,,,,,,,,,
Pixies,Letter To Memphis,,,,,,,,,,,,,,,,
Alice In Chains,Got Me Wrong,,,,,,,,,,,,,,,,
Brand New,Sic Transit Gloria...Glory Fades,,,,,,,,,,,,,,,,
Cat Power,In This Hole,,,,,,,,,,,,,,,,
Mando Diao,Ochrasy,,,,,,,,,,,,,,,,
The Album Leaf,Thule,,,,,,,,,,,,,,,,
Ratatat,Mi Viejo,,,,,,,,,,,,,,,,
Elbow,Some Riot,,,,,,,,,,,,,,,,
The 69 Eyes,Dance D'Amour,0.8,0.6,0.0,0.4,0.8,0.6,0.0,0.6,0.0,0.0,0.0,0.0,0.4,0.4,0.8,0.0
Alanis Morissette,That I Would Be Good,,,,,,,,,,,,,,,,
The Cure,One Hundred Years,,,,,,,,,,,,,,,,
The Presets,Talk Like That,,,,,,,,,,,,,,,,
Britney Spears,Phonography,,,,,,,,,,,,,,,,
Pj Harvey,Man-Size,,,,,,,,,,,,,,,,
Whitesnake,The Deeper The Love,,,,,,,,,,,,,,,,
Taking Back Sunday,Twenty-Twenty Surgery,,,,,,,,,,,,,,,,
Belle And Sebastian,My Wandering Days Are Over,,,,,,,,,,,,,,,,
Combichrist,Get Your Body Beat,,,,,,,,,,,,,,,,
Soda Stereo,En Remolinos,,,,,,,,,,,,,,,,
Disturbed,Liberate,,,,,,,,,,,,,,,,
Cat Power,No Sense,,,,,,,,,,,,,,,,
The Libertines,Tomblands,,,,,,,,,,,,,,,,
The Libertines,Tell The King,,,,,,,,,,,,,,,,
Pantera,Cemetary Gates,,,,,,,,,,,,,,,,
Crystal Castles,Through The Hosiery,,,,,,,,,,,,,,,,
Janis Joplin,Summertime,,,,,,,,,,,,,,,,
Guns N' Roses,Perfect Crime,,,,,,,,,,,,,,,,
Snow Patrol,Signal Fire,,,,,,,,,,,,,,,,
Bran Van 3000,Drinking In L.A.,,,,,,,,,,,,,,,,
Mando Diao,The Wildfire (If It Was True),,,,,,,,,,,,,,,,
Ratatat,Dura,,,,,,,,,,,,,,,,
Spiritualized,Broken Heart,,,,,,,,,,,,,,,,
Him,Endless Dark,,,,,,,,,,,,,,,,
Le Tigre,Eau D'Bedroom Dancing,,,,,,,,,,,,,,,,
Bauhaus,Ziggy Stardust,,,,,,,,,,,,,,,,
At The Gates,Blinded By Fear,,,,,,,,,,,,,,,,
Spiritualized,I Think I'M In Love,,,,,,,,,,,,,,,,
Wu-Tang Clan,Clan In Da Front,,,,,,,,,,,,,,,,
Placebo,Something Rotten,,,,,,,,,,,,,,,,
Modest Mouse,Convenient Parking,,,,,,,,,,,,,,,,
Broken Social Scene,Blues For Uncle Gibb,,,,,,,,,,,,,,,,
Justin Timberlake,Sexyback (Feat. Timbaland),,,,,,,,,,,,,,,,
Adam Green,Carolina,,,,,,,,,,,,,,,,
Ride,Vapour Trail,,,,,,,,,,,,,,,,
10Cc,Dreadlock Holiday,,,,,,,,,,,,,,,,
Rammstein,Stein Um Stein,,,,,,,,,,,,,,,,
Air,Bathroom Girl,,,,,,,,,,,,,,,,
Rammstein,Spieluhr,,,,,,,,,,,,,,,,
Within Temptation,Our Farewell,,,,,,,,,,,,,,,,
The Prodigy,World'S On Fire,,,,,,,,,,,,,,,,
Bonobo,Terrapin,,,,,,,,,,,,,,,,
Paramore,Miracle,,,,,,,,,,,,,,,,
Foals,Red Socks Pugie,0.8,0.6,0.2,0.6,0.8,0.4,0.0,0.0,0.0,0.0,0.0,0.0,0.6,0.4,0.8,0.0
The Presets,Are You The One?,,,,,,,,,,,,,,,,
The White Stripes,Offend In Every Way,,,,,,,,,,,,,,,,
Shakira,Día De Enero,,,,,,,,,,,,,,,,
Curtis Mayfield,Move On Up,,,,,,,,,,,,,,,,
Iio,Is It Love (Radio Edit),,,,,,,,,,,,,,,,
Regina Spektor,Your Honor,,,,,,,,,,,,,,,,
Wilco,Forget The Flowers,,,,,,,,,,,,,,,,
Jackson And His Computer Band,Tropical Metal,,,,,,,,,,,,,,,,
Doves,Words,,,,,,,,,,,,,,,,
Giant Drag,Yflmd,,,,,,,,,,,,,,,,
Secret Machines,First Wave Intact,,,,,,,,,,,,,,,,
Eels,My Beloved Monster,,,,,,,,,,,,,,,,
Opeth,Hours Of Wealth,,,,,,,,,,,,,,,,
Black Sabbath,Changes,,,,,,,,,,,,,,,,
Alanis Morissette,Right Through You,,,,,,,,,,,,,,,,
Hot Chocolate,You Sexy Thing,,,,,,,,,,,,,,,,
Soilwork,The Crestfallen,,,,,,,,,,,,,,,,
Cat Power,After It All,,,,,,,,,,,,,,,,
Alanis Morissette,Perfect,,,,,,,,,,,,,,,,
Ashley Tisdale,Not Like That,,,,,,,,,,,,,,,,
Green Day,St. Jimmy,,,,,,,,,,,,,,,,
Faith No More,Everything'S Ruined,,,,,,,,,,,,,,,,
Travis,Pipe Dreams,,,,,,,,,,,,,,,,
Metric,White Gold,,,,,,,,,,,,,,,,
Hercules And Love Affair,This Is My Love,,,,,,,,,,,,,,,,
Belle And Sebastian,Roy Walker,,,,,,,,,,,,,,,,
Pendulum,Out Here,,,,,,,,,,,,,,,,
Jack Johnson,Cookie Jar,,,,,,,,,,,,,,,,
The Young Knives,Weekends And Bleak Days (Hot Summer),,,,,,,,,,,,,,,,
Television,Venus,,,,,,,,,,,,,,,,
Bright Eyes,From A Balance Beam,,,,,,,,,,,,,,,,
The Futureheads,The Beginning Of The Twist,,,,,,,,,,,,,,,,
The Futureheads,The City Is Here For You To Use,,,,,,,,,,,,,,,,
Deerhunter,Microcastle,,,,,,,,,,,,,,,,
Why?,The Hollows,,,,,,,,,,,,,,,,
Cocorosie,Armageddon,0.0,0.0,0.8,0.6,0.2,0.2,0.4,0.4,0.0,0.4,0.0,0.0,0.8,0.6,0.4,0.0
Black Sabbath,Electric Funeral,,,,,,,,,,,,,,,,
Shout Out Louds,Very Loud,,,,,,,,,,,,,,,,
Shiny Toy Guns,We Are Pilots,,,,,,,,,,,,,,,,
Incubus,When It Comes,,,,,,,,,,,,,,,,
Slayer,Epidemic,,,,,,,,,,,,,,,,
Boards Of Canada,Happy Cycling,,,,,,,,,,,,,,,,
Saosin,You'Re Not Alone,,,,,,,,,,,,,,,,
The Beatles,Rocky Raccoon,0.2,0.2,0.0,0.4,0.0,0.0,1.0,0.0,0.0,0.8,0.0,0.0,0.0,0.0,0.6,0.0
Red Hot Chili Peppers,Aeroplane,,,,,,,,,,,,,,,,
Marilyn Manson,If I Was Your Vampire,,,,,,,,,,,,,,,,
John Mayer,Slow Dancing In A Burning Room,0.6,0.4,0.0,0.4,1.0,0.6,0.0,0.0,0.0,0.0,0.0,0.0,0.0,0.0,0.8,0.0
M.I.A.,Come Around (Feat. Timbaland),,,,,,,,,,,,,,,,
Nick Drake,Free Ride,,,,,,,,,,,,,,,,
Garbage,It'S All Over But The Crying,,,,,,,,,,,,,,,,
Fergie,Glamorous,,,,,,,,,,,,,,,,
The Beatles,Mean Mr. Mustard,,,,,,,,,,,,,,,,
Múm,The Ghosts You Draw On My Back,,,,,,,,,,,,,,,,
Katatonia,Chrome,,,,,,,,,,,,,,,,
Yann Tiersen,La Valse Des Vieux Os,,,,,,,,,,,,,,,,
The Rolling Stones,Dead Flowers,,,,,,,,,,,,,,,,
Tenacious D,History,,,,,,,,,,,,,,,,
Emf,Unbelievable,,,,,,,,,,,,,,,,
Andrew Bird,Armchairs,,,,,,,,,,,,,,,,
Yann Tiersen,L'Autre Valse D'Amélie,,,,,,,,,,,,,,,,
The Verve,On Your Own,,,,,,,,,,,,,,,,
Fever Ray,Now'S The Only Time I Know,,,,,,,,,,,,,,,,
Manic Street Preachers,If You Tolerate This Your Children Will Be Next,,,,,,,,,,,,,,,,
Tool,Triad,,,,,,,,,,,,,,,,
Annie,Me Plus One,,,,,,,,,,,,,,,,
Stereophonics,Superman,,,,,,,,,,,,,,,,
Foo Fighters,In Your Honor,,,,,,,,,,,,,,,,
Charlotte Gainsbourg,The Operation,,,,,,,,,,,,,,,,
Dido,All You Want,,,,,,,,,,,,,,,,
Metallica,...And Justice For All,,,,,,,,,,,,,,,,
Róisín Murphy,Primitive,,,,,,,,,,,,,,,,
Matchbox Twenty,3 Am,,,,,,,,,,,,,,,,
The Strokes,Ize Of The World,,,,,,,,,,,,,,,,
Iron & Wine,Weary Memory,,,,,,,,,,,,,,,,
Aphex Twin,Bbydhyonchord,,,,,,,,,,,,,,,,
Mastodon,Seabeast,,,,,,,,,,,,,,,,
Spandau Ballet,True,,,,,,,,,,,,,,,,
Dream Theater,Pull Me Under,,,,,,,,,,,,,,,,
!!!,Hello? Is This Thing On?,,,,,,,,,,,,,,,,
At The Gates,Slaughter Of The Soul,,,,,,,,,,,,,,,,
Yo La Tengo,Return To Hot Chicken,,,,,,,,,,,,,,,,
Rilo Kiley,The Good That Won'T Come Out,,,,,,,,,,,,,,,,
Electric Six,Dance Commander,,,,,,,,,,,,,,,,
Katatonia,Burn The Remembrance,,,,,,,,,,,,,,,,
Yo La Tengo,Our Way To Fall,,,,,,,,,,,,,,,,
Air,People In The City,,,,,,,,,,,,,,,,
Rage Against The Machine,Renegades Of Funk,,,,,,,,,,,,,,,,
Ryan Adams,Two,,,,,,,,,,,,,,,,
Nelly Furtado,Explode,,,,,,,,,,,,,,,,
Elliott Smith,Good To Go,,,,,,,,,,,,,,,,
The Darkness,One Way Ticket,,,,,,,,,,,,,,,,
Slipknot,Vermilion,,,,,,,,,,,,,,,,
Boards Of Canada,In A Beautiful Place Out In The Country,,,,,,,,,,,,,,,,
Cold War Kids,Hair Down,,,,,,,,,,,,,,,,
The Darkness,Knockers,,,,,,,,,,,,,,,,
The Cure,The Same Deep Water As You,,,,,,,,,,,,,,,,
Razorlight,Back To The Start,,,,,,,,,,,,,,,,
Red Hot Chili Peppers,Hey,,,,,,,,,,,,,,,,
Bright Eyes,Method Acting,,,,,,,,,,,,,,,,
Bright Eyes,Landlocked Blues,,,,,,,,,,,,,,,,
Faith No More,Land Of Sunshine,,,,,,,,,,,,,,,,
Anton Maiden,Children Of The Damned,,,,,,,,,,,,,,,,
R.E.M.,At My Most Beautiful,,,,,,,,,,,,,,,,
The Flaming Lips,What Is The Light?,,,,,,,,,,,,,,,,
Orchestral Manoeuvres In The Dark,Electricity,,,,,,,,,,,,,,,,
Elvis Presley,Blue Suede Shoes,,,,,,,,,,,,,,,,
Animal Collective,Turn Into Something,,,,,,,,,,,,,,,,
A.C. Newman,Come Crash,,,,,,,,,,,,,,,,
Brandi Carlile,The Story,,,,,,,,,,,,,,,,
Animal Collective,We Tigers,,,,,,,,,,,,,,,,
Death Cab For Cutie,The Employment Pages,,,,,,,,,,,,,,,,
Elvis Presley,Love Me Tender,,,,,,,,,,,,,,,,
Evan Rachel Wood,It Won'T Be Long,,,,,,,,,,,,,,,,
Dirty Pretty Things,If You Love A Woman,,,,,,,,,,,,,,,,
Marilyn Manson & The Spooky Kids,Dope Hat,,,,,,,,,,,,,,,,
Sia,Academia,,,,,,,,,,,,,,,,
Neutral Milk Hotel,Someone Is Waiting,,,,,,,,,,,,,,,,
Prince,Cream,,,,,,,,,,,,,,,,
The New Pornographers,The Fake Headlines,,,,,,,,,,,,,,,,
Björk,I See Who You Are,0.0,0.0,0.0,1.0,0.0,0.0,0.0,0.6,0.0,0.0,0.0,0.0,0.0,0.0,0.0,0.6
Ryan Adams,Come Pick Me Up,,,,,,,,,,,,,,,,
The Notwist,Pick Up The Phone,,,,,,,,,,,,,,,,
Ramones,Pinhead,,,,,,,,,,,,,,,,
The Dandy Warhols,Boys Better,,,,,,,,,,,,,,,,
The White Stripes,It'S True That We Love One Another,,,,,,,,,,,,,,,,
The Vines,Ride,,,,,,,,,,,,,,,,
The Academy Is...,Checkmarks,,,,,,,,,,,,,,,,
The Beatles,Revolution 1,,,,,,,,,,,,,,,,
David Bowie,The Secret Life Of Arabia,,,,,,,,,,,,,,,,
Fiona Apple,On The Bound,,,,,,,,,,,,,,,,
Van Halen,Right Now,,,,,,,,,,,,,,,,
Why?,Fatalist Palmistry,,,,,,,,,,,,,,,,
Katie Melua,The Closest Thing To Crazy,,,,,,,,,,,,,,,,
Keane,On A Day Like Today,,,,,,,,,,,,,,,,
Bright Eyes,A Perfect Sonnet,,,,,,,,,,,,,,,,
The Rolling Stones,Let'S Spend The Night Together,,,,,,,,,,,,,,,,
Black Rebel Motorcycle Club,Whenever You'Re Ready,,,,,,,,,,,,,,,,
The Sounds,Dance With Me,,,,,,,,,,,,,,,,
James Morrison,You Give Me Something,,,,,,,,,,,,,,,,
Goldfrapp,Eat Yourself,,,,,,,,,,,,,,,,
Queens Of The Stone Age,Six Shooter,,,,,,,,,,,,,,,,
Tapes 'N Tapes,Crazy Eights,,,,,,,,,,,,,,,,
Björk,Who Is It,,,,,,,,,,,,,,,,
Orson,No Tomorrow,,,,,,,,,,,,,,,,
Explosions In The Sky,Remember Me As A Time Of Day,,,,,,,,,,,,,,,,
The Holloways,Generator,,,,,,,,,,,,,,,,
Rooney,When Did Your Heart Go Missing?,,,,,,,,,,,,,,,,
Creedence Clearwater Revisited,Travelin' Band,,,,,,,,,,,,,,,,
Nick Cave & The Bad Seeds,Deanna,0.8,0.6,0.0,0.4,0.8,0.4,0.0,0.0,0.0,0.0,0.6,0.0,0.0,0.0,0.8,0.0
System Of A Down,Suggestions,,,,,,,,,,,,,,,,
Fujiya & Miyagi,Transparent Things,,,,,,,,,,,,,,,,
Hot Chip,Down With Prince,0.4,0.6,0.8,0.4,0.6,0.6,0.0,0.0,0.0,0.0,0.0,0.0,1.0,0.8,0.6,0.0
System Of A Down,Soil,,,,,,,,,,,,,,,,
Elliott Smith,Roman Candle,,,,,,,,,,,,,,,,
Art Brut,Moving To L.A.,,,,,,,,,,,,,,,,
The White Stripes,The Union Forever,,,,,,,,,,,,,,,,
Anton Maiden,Wasting Love,,,,,,,,,,,,,,,,
Metallica,The Shortest Straw,,,,,,,,,,,,,,,,
Deftones,Minerva,,,,,,,,,,,,,,,,
Antony And The Johnsons,Hitler In My Heart,,,,,,,,,,,,,,,,
Scissor Sisters,Kiss You Off,,,,,,,,,,,,,,,,
Rancid,Time Bomb,1.0,0.8,0.0,0.4,1.0,0.6,0.0,0.0,0.8,0.0,0.0,0.0,0.0,0.0,1.0,0.0
Led Zeppelin,Ten Years Gone,,,,,,,,,,,,,,,,
Jamiroquai,Electric Mistress,,,,,,,,,,,,,,,,
Spoon,Stay Don'T Go,,,,,,,,,,,,,,,,
Camera Obscura,I Don'T Do Crowds,,,,,,,,,,,,,,,,
Yeah Yeah Yeahs,Art Star,,,,,,,,,,,,,,,,
Tv On The Radio,Shout Me Out,,,,,,,,,,,,,,,,
Johnny Cash,Sam Hall,,,,,,,,,,,,,,,,
Mazzy Star,Bells Ring,,,,,,,,,,,,,,,,
Katatonia,A Premonition,,,,,,,,,,,,,,,,
Abba,Waterloo,,,,,,,,,,,,,,,,
Toploader,Dancing In The Moonlight,,,,,,,,,,,,,,,,
Bangles,Manic Monday,,,,,,,,,,,,,,,,
The Hives,No Pun Intended,,,,,,,,,,,,,,,,
Cat Power,Colors And The Kids,,,,,,,,,,,,,,,,
Explosions In The Sky,What Do You Go Home To?,,,,,,,,,,,,,,,,
Kt Tunstall,Miniature Disasters,,,,,,,,,,,,,,,,
Eels,Susan'S House,,,,,,,,,,,,,,,,
Anna Nalick,In The Rough,,,,,,,,,,,,,,,,
The Bird And The Bee,Again & Again,,,,,,,,,,,,,,,,
Crystal Castles,Tell Me What To Swallow,,,,,,,,,,,,,,,,
Kanye West,Big Brother,,,,,,,,,,,,,,,,
Ratatat,Bird Priest,,,,,,,,,,,,,,,,
The Black Angels,Manipulation,,,,,,,,,,,,,,,,
Mando Diao,The New Boy,,,,,,,,,,,,,,,,
Soundgarden,Rusty Cage,1.0,0.8,0.0,0.2,1.0,0.8,0.0,0.0,0.0,0.0,0.0,0.0,0.0,0.0,0.8,0.0
John Frusciante,Murderers,,,,,,,,,,,,,,,,
The New Pornographers,All The Things That Go To Make Heaven And Earth,,,,,,,,,,,,,,,,
Depeche Mode,Shine,,,,,,,,,,,,,,,,
Audioslave,Broken City,,,,,,,,,,,,,,,,
Avril Lavigne,Don'T Tell Me,,,,,,,,,,,,,,,,
The Faint,Posed To Death,,,,,,,,,,,,,,,,
Blur,Bank Holiday,,,,,,,,,,,,,,,,
John Mayer,Your Body Is A Wonderland,,,,,,,,,,,,,,,,
Inxs,Devil Inside,,,,,,,,,,,,,,,,
Chromeo,Bonafied Lovin' (Tough Guys),,,,,,,,,,,,,,,,
The Clash,The Card Cheat,,,,,,,,,,,,,,,,
Red Hot Chili Peppers,Fortune Faded,,,,,,,,,,,,,,,,
Anathema,A Natural Disaster,,,,,,,,,,,,,,,,
Santogold,L.E.S Artistes,,,,,,,,,,,,,,,,
Sufjan Stevens,Dear Mr. Supercomputer,,,,,,,,,,,,,,,,
Machinae Supremacy,Attack Music,,,,,,,,,,,,,,,,
Sufjan Stevens,Chicago (Acoustic Version),,,,,,,,,,,,,,,,
Nouvelle Vague,Marian,,,,,,,,,,,,,,,,
Charlotte Gainsbourg,Af607105,,,,,,,,,,,,,,,,
Digitalism,Departure From Cairo,,,,,,,,,,,,,,,,
Maroon 5,The Sun,,,,,,,,,,,,,,,,
Rammstein,Los,,,,,,,,,,,,,,,,
Alice In Chains,Heaven Beside You,0.8,0.6,0.0,0.2,0.8,0.4,1.0,0.0,0.0,0.0,0.0,0.0,0.0,0.0,0.8,0.0
Sneaker Pimps,Low Place Like Home,,,,,,,,,,,,,,,,
Death Cab For Cutie,Little Fury Bugs,,,,,,,,,,,,,,,,
Cocorosie,Tekno Love Song,,,,,,,,,,,,,,,,
Daughtry,It'S Not Over,,,,,,,,,,,,,,,,
The Bravery,Believe,,,,,,,,,,,,,,,,
The Zutons,You Will You Won'T,,,,,,,,,,,,,,,,
Cocorosie,South 2Nd,,,,,,,,,,,,,,,,
Texas,Summer Son,0.6,0.4,0.4,0.4,0.8,0.6,0.2,0.0,0.0,0.2,0.0,0.0,0.6,0.6,0.8,0.0
Third Eye Blind,How'S It Going To Be,,,,,,,,,,,,,,,,
Mew,Behind The Drapes,,,,,,,,,,,,,,,,
Esthero,Wikked Lil' Grrrls,,,,,,,,,,,,,,,,
M.I.A.,Sunshowers,,,,,,,,,,,,,,,,
Cat Power,Naked If I Want To,,,,,,,,,,,,,,,,
Apocalyptica,The Unforgiven,,,,,,,,,,,,,,,,
Fall Out Boy,I'Ve Got A Dark Alley And A Bad Idea That Says You Should Shut Your Mouth (Summer Song),,,,,,,,,,,,,,,,
Boards Of Canada,Triangles & Rhombuses,,,,,,,,,,,,,,,,
Love Is All,Busy Doing Nothing,,,,,,,,,,,,,,,,
Modest Mouse,Teeth Like God'S Shoeshine,,,,,,,,,,,,,,,,
Gang Of Four,Return The Gift,,,,,,,,,,,,,,,,
In Flames,Dawn Of A New Day,,,,,,,,,,,,,,,,
The Subways,Mary,,,,,,,,,,,,,,,,
Modest Mouse,Lounge (Closing Time),,,,,,,,,,,,,,,,
Beulah,Popular Mechanics For Lovers,,,,,,,,,,,,,,,,
System Of A Down,Highway Song,,,,,,,,,,,,,,,,
Broken Social Scene,Prison Province,,,,,,,,,,,,,,,,
Blur,Chinese Bombs,,,,,,,,,,,,,,,,
Velvet Revolver,Get Out The Door,,,,,,,,,,,,,,,,
Alien Ant Farm,Movies,,,,,,,,,,,,,,,,
Lcd Soundsystem,Thrills,,,,,,,,,,,,,,,,
The Gathering,Rescue Me,,,,,,,,,,,,,,,,
Jon Brion,Phone Call,,,,,,,,,,,,,,,,
Howling Bells,Low Happening,,,,,,,,,,,,,,,,
Tears For Fears,Pale Shelter,0.6,0.4,0.8,0.2,0.4,0.2,0.0,0.0,0.0,0.2,0.0,0.0,0.8,0.6,0.6,0.0
James Blunt,Cry,,,,,,,,,,,,,,,,
Soilwork,Light The Torch,,,,,,,,,,,,,,,,
Eddie Vedder,The Wolf,,,,,,,,,,,,,,,,
The Radio Dept.,Why Won'T You Talk About It?,,,,,,,,,,,,,,,,
Gogol Bordello,Avenue B,,,,,,,,,,,,,,,,
The Velvet Underground,White Light/White Heat,,,,,,,,,,,,,,,,
Frank Sinatra,I'Ve Got You Under My Skin,,,,,,,,,,,,,,,,
Queen,Breakthru,,,,,,,,,,,,,,,,
Röyksopp,Miss It So Much,,,,,,,,,,,,,,,,
Jens Lekman,Pocketful Of Money,,,,,,,,,,,,,,,,
Mstrkrft,Street Justice,,,,,,,,,,,,,,,,
Sufjan Stevens,Saul Bellow,,,,,,,,,,,,,,,,
Sneaker Pimps,Post-Modern Sleaze,,,,,,,,,,,,,,,,
Chemistry,Grind For Me,,,,,,,,,,,,,,,,
In Flames,Pacing Death'S Trail,,,,,,,,,,,,,,,,
Aesop Rock,No Regrets,,,,,,,,,,,,,,,,
Funeral For A Friend,All The Rage,,,,,,,,,,,,,,,,
David Bowie,Beauty And The Beast,,,,,,,,,,,,,,,,
Sufjan Stevens,A Good Man Is Hard To Find,,,,,,,,,,,,,,,,
Mylo,Destroy Rock & Roll,,,,,,,,,,,,,,,,
Adam Green,The Prince'S Bed,,,,,,,,,,,,,,,,
Animal Collective,Winters Love,,,,,,,,,,,,,,,,
Christian Death,Spiritual Cramp,,,,,,,,,,,,,,,,
Dead Kennedys,Forward To Death,,,,,,,,,,,,,,,,
Garbage,Cherry Lips,,,,,,,,,,,,,,,,
Marilyn Manson & The Spooky Kids,Lunchbox,,,,,,,,,,,,,,,,
Bonobo,Kota,,,,,,,,,,,,,,,,
Mindless Self Indulgence,Tom Sawyer,,,,,,,,,,,,,,,,
Friendly Fires,Jump In The Pool,,,,,,,,,,,,,,,,
Anna Nalick,Catalyst,,,,,,,,,,,,,,,,
Opeth,Blackwater Park,,,,,,,,,,,,,,,,
Tool,Ænima,,,,,,,,,,,,,,,,
Roxy Music,Angel Eyes,,,,,,,,,,,,,,,,
Architecture In Helsinki,Like It Or Not,,,,,,,,,,,,,,,,
Queen,Keep Yourself Alive,,,,,,,,,,,,,,,,
The Cure,The End Of The World,,,,,,,,,,,,,,,,
Queen,I'M Going Slightly Mad,,,,,,,,,,,,,,,,
Goldfrapp,Time Out From The World,,,,,,,,,,,,,,,,
Aphex Twin,Kladfvgbung Micshk,,,,,,,,,,,,,,,,
David Bowie,Breaking Glass,,,,,,,,,,,,,,,,
Bush,Machinehead,,,,,,,,,,,,,,,,
Moby,Sunday (The Day Before My Birthday),,,,,,,,,,,,,,,,
This Will Destroy You,I Believe In Your Victory,,,,,,,,,,,,,,,,
Pj Harvey,Oh My Lover,,,,,,,,,,,,,,,,
The Subways,With You,,,,,,,,,,,,,,,,
Zeigeist,Fight With Shattered Mirrors,,,,,,,,,,,,,,,,
Red Hot Chili Peppers,Don'T Forget Me,,,,,,,,,,,,,,,,
Asobi Seksu,I'M Happy But You Don'T Like Me,,,,,,,,,,,,,,,,
Hot Chip,Playboy,,,,,,,,,,,,,,,,
Something Corporate,Punk Rock Princess,,,,,,,,,,,,,,,,
Joy Division,Ice Age,,,,,,,,,,,,,,,,
Nouvelle Vague,O Pamela,,,,,,,,,,,,,,,,
Kleerup,Until We Bleed (Feat. Lykke Li),,,,,,,,,,,,,,,,
Children Of Bodom,Mask Of Sanity,,,,,,,,,,,,,,,,
Kanye West,Barry Bonds (Feat. Lil Wayne),0.0,0.0,1.0,0.0,0.0,0.0,0.0,0.0,0.0,0.0,0.0,0.0,0.8,0.6,0.0,0.0
Aesop Rock,Battery,,,,,,,,,,,,,,,,
Children Of Bodom,Needled 24/7,,,,,,,,,,,,,,,,
The Whitest Boy Alive,Above You,,,,,,,,,,,,,,,,
Misfits,Astro Zombies,,,,,,,,,,,,,,,,
Bob Marley,No Woman No Cry,,,,,,,,,,,,,,,,
The Doors,Peace Frog,,,,,,,,,,,,,,,,
Black Kids,Look At Me (When I Rock Wichoo),,,,,,,,,,,,,,,,
Garbage,Drive You Home,,,,,,,,,,,,,,,,
Sex Pistols,Problems,,,,,,,,,,,,,,,,
The Futureheads,Alms,,,,,,,,,,,,,,,,
Shakira,Hips Don'T Lie,,,,,,,,,,,,,,,,
Sting,Shape Of My Heart,,,,,,,,,,,,,,,,
Avril Lavigne,Sk8Er Boi,,,,,,,,,,,,,,,,
Nine Inch Nails,Suck,,,,,,,,,,,,,,,,
Goldfrapp,Slippage,,,,,,,,,,,,,,,,
Soilwork,Stalemate,,,,,,,,,,,,,,,,
Opeth,Reverie/Harlequin Forest,1.0,0.8,0.0,0.2,1.0,0.8,0.6,0.0,0.0,0.0,0.6,0.0,0.2,0.0,0.8,0.0
Explosions In The Sky,The Moon Is Down,,,,,,,,,,,,,,,,
Shakira,Día Especial (Feat. Gustavo Cerati),,,,,,,,,,,,,,,,
Taking Back Sunday,You'Re So Last Summer,,,,,,,,,,,,,,,,
Black Rebel Motorcycle Club,Whatever Happened To My Rock And Roll,,,,,,,,,,,,,,,,
Elton John,Saturday Night'S Alright For Fighting,,,,,,,,,,,,,,,,
Brazilian Girls,Don'T Stop,,,,,,,,,,,,,,,,
System Of A Down,Streamline,,,,,,,,,,,,,,,,
Hole,Violet,,,,,,,,,,,,,,,,
Ben Folds,Jesusland,,,,,,,,,,,,,,,,
Animal Collective,The Softest Voice,,,,,,,,,,,,,,,,
Mystery Jets,Two Doors Down,,,,,,,,,,,,,,,,
Garbage,As Heaven Is Wide,,,,,,,,,,,,,,,,
The Pigeon Detectives,I'M Not Sorry,,,,,,,,,,,,,,,,
Metallica,Orion,,,,,,,,,,,,,,,,
Bush,Everything Zen,,,,,,,,,,,,,,,,
Moonsorrow,Jumalten Kaupunki / Tuhatvuotinen Perintö,,,,,,,,,,,,,,,,
Carcass,Heartwork,,,,,,,,,,,,,,,,
Pixies,Brick Is Red,,,,,,,,,,,,,,,,
Grizzly Bear,Lullabye,,,,,,,,,,,,,,,,
Badly Drawn Boy,Once Around The Block,,,,,,,,,,,,,,,,
Pakito,Living On Video,,,,,,,,,,,,,,,,
Kings Of Convenience,Gold In The Air Of Summer,,,,,,,,,,,,,,,,
Nirvana,Jesus Doesn'T Want Me For A Sunbeam,,,,,,,,,,,,,,,,
Bat For Lashes,What'S A Girl To Do,,,,,,,,,,,,,,,,
Joni Mitchell,River,,,,,,,,,,,,,,,,
Mew,Her Voice Is Beyond Her Years,,,,,,,,,,,,,,,,
Joseph Arthur,In The Sun,,,,,,,,,,,,,,,,
The Decemberists,Song For Myla Goldberg,,,,,,,,,,,,,,,,
Boards Of Canada,Pete Standing Alone,,,,,,,,,,,,,,,,
Incubus,New Skin,,,,,,,,,,,,,,,,
Beck,Lord Only Knows,,,,,,,,,,,,,,,,
My Bloody Valentine,Cupid Come,,,,,,,,,,,,,,,,
Soda Stereo,Hombre Al Agua,,,,,,,,,,,,,,,,
M.I.A.,Hussel (Feat. Afrikan Boy),,,,,,,,,,,,,,,,
Misfits,Night Of The Living Dead,,,,,,,,,,,,,,,,
Tom Vek,If You Want,,,,,,,,,,,,,,,,
Red Hot Chili Peppers,Soul To Squeeze,,,,,,,,,,,,,,,,
Tenacious D,Baby,,,,,,,,,,,,,,,,
The Jimi Hendrix Experience,Hey Joe,,,,,,,,,,,,,,,,
Oasis,A Bell Will Ring,,,,,,,,,,,,,,,,
Ac/Dc,Let Me Put My Love Into You,,,,,,,,,,,,,,,,
Moby,Machete,,,,,,,,,,,,,,,,
Caribou,Barnowl,,,,,,,,,,,,,,,,
New Young Pony Club,Grey,,,,,,,,,,,,,,,,
The Radio Dept.,We Climb The Wired Fences,,,,,,,,,,,,,,,,
Peter Bjorn And John,Paris 2004,,,,,,,,,,,,,,,,
Metric,Rock Me Now,,,,,,,,,,,,,,,,
Fischerspooner,Everything To Gain,,,,,,,,,,,,,,,,
Lykke Li,Complaint Department,,,,,,,,,,,,,,,,
Radiohead,Gagging Order,,,,,,,,,,,,,,,,
Gotan Project,Celos,,,,,,,,,,,,,,,,
Metallica,Mama Said,,,,,,,,,,,,,,,,
Morningwood,Nth Degree,,,,,,,,,,,,,,,,
Amorphis,The Smoke,,,,,,,,,,,,,,,,
Amorphis,Her Alone,,,,,,,,,,,,,,,,
Tokyo Police Club,Juno,,,,,,,,,,,,,,,,
Autolux,Great Days For The Passenger Element,,,,,,,,,,,,,,,,
White Rose Movement,Love Is A Number,,,,,,,,,,,,,,,,
Iron Maiden,The Pilgrim,,,,,,,,,,,,,,,,
The Beatles,I Wanna Be Your Man,,,,,,,,,,,,,,,,
Whitesnake,Looking For Love,,,,,,,,,,,,,,,,
Digitalism,Jupiter Room,,,,,,,,,,,,,,,,
Morcheeba,Rome Wasn'T Built In A Day,,,,,,,,,,,,,,,,
Yo La Tengo,The Race Is On Again,,,,,,,,,,,,,,,,
T.A.T.U.,Not Gonna Get Us,,,,,,,,,,,,,,,,
At The Drive-In,Arcarsenal,,,,,,,,,,,,,,,,
Korn,Dead Bodies Everywhere,,,,,,,,,,,,,,,,
The Beatles,Honey Pie,,,,,,,,,,,,,,,,
Whitesnake,Slide It In,,,,,,,,,,,,,,,,
Morcheeba,Wonders Never Cease,,,,,,,,,,,,,,,,
Miles Davis,All Blues,,,,,,,,,,,,,,,,
Ladyhawke,Back Of The Van,,,,,,,,,,,,,,,,
Mastodon,The Wolf Is Loose,,,,,,,,,,,,,,,,
Backyard Babies,Heaven 2.9,,,,,,,,,,,,,,,,
Midlake,Branches,,,,,,,,,,,,,,,,
Queens Of The Stone Age,Hispanic Impressions,,,,,,,,,,,,,,,,
In Flames,Vanishing Light,,,,,,,,,,,,,,,,
A Flock Of Seagulls,I Ran,0.8,0.4,0.6,0.0,0.8,0.6,0.0,0.0,0.0,0.0,0.0,0.0,0.8,0.6,0.6,0.0
Bright Eyes,Down In A Rabbit Hole,,,,,,,,,,,,,,,,
Jet,Put Your Money Where Your Mouth Is,,,,,,,,,,,,,,,,
Ensiferum,Slayer Of Light,,,,,,,,,,,,,,,,
U2,Love And Peace Or Else,,,,,,,,,,,,,,,,
Jimmy Eat World,Lucky Denver Mint,,,,,,,,,,,,,,,,
The Black Keys,Set You Free,,,,,,,,,,,,,,,,
Charlotte Gainsbourg,Tel Que Tu Es,,,,,,,,,,,,,,,,
Fischerspooner,Wednesday,,,,,,,,,,,,,,,,
65Daysofstatic,Radio Protector,,,,,,,,,,,,,,,,
Lykke Li,Melodies & Desires,,,,,,,,,,,,,,,,
Dj Shadow,Why Hip Hop Sucks In '96,,,,,,,,,,,,,,,,
Elliott Smith,A Question Mark,,,,,,,,,,,,,,,,
Adam Green,Musical Ladders,,,,,,,,,,,,,,,,
Grandaddy,Chartsengrafs,,,,,,,,,,,,,,,,
Adam Green,Bunnyranch,,,,,,,,,,,,,,,,
The Cribs,Our Bovine Public,,,,,,,,,,,,,,,,
Adam Green,Country Road,,,,,,,,,,,,,,,,
Slayer,Bloodline,,,,,,,,,,,,,,,,
Porcupine Tree,Hatesong,,,,,,,,,,,,,,,,
Cat Power,American Flag,,,,,,,,,,,,,,,,
Feeder,Just The Way I'M Feeling,,,,,,,,,,,,,,,,
Pj Harvey,O Stella,,,,,,,,,,,,,,,,
Pj Harvey,The Sky Lit Up,,,,,,,,,,,,,,,,
Ennio Morricone,Chi Mai,,,,,,,,,,,,,,,,
Moby,Rushing,,,,,,,,,,,,,,,,
Yo La Tengo,Deeper Into Movies,,,,,,,,,,,,,,,,
30 Seconds To Mars,Oblivion,,,,,,,,,,,,,,,,
Björk,You'Ve Been Flirting Again,,,,,,,,,,,,,,,,
The Radio Dept.,1995,0.6,0.4,0.8,0.4,0.4,0.2,0.0,0.0,0.0,0.0,0.0,0.0,1.0,0.6,0.6,0.0
Opeth,Weakness,,,,,,,,,,,,,,,,
Bob Marley & The Wailers,Stir It Up,,,,,,,,,,,,,,,,
The Sounds,Ego,,,,,,,,,,,,,,,,
Of Montreal,Labyrinthian Pomp,,,,,,,,,,,,,,,,
Soilwork,Black Star Deceiver,,,,,,,,,,,,,,,,
M83,Can'T Stop,,,,,,,,,,,,,,,,
Kamelot,March Of Mephisto,,,,,,,,,,,,,,,,
Jewel,Foolish Games,,,,,,,,,,,,,,,,
Rooney,I'M Shakin',,,,,,,,,,,,,,,,
Soilwork,No More Angels,,,,,,,,,,,,,,,,
Animal Collective,#1,,,,,,,,,,,,,,,,
Ensiferum,Guardians Of Fate,,,,,,,,,,,,,,,,
The Dresden Dolls,Necessary Evil,,,,,,,,,,,,,,,,
Cream,Strange Brew,,,,,,,,,,,,,,,,
Fujiya & Miyagi,Conductor 71,,,,,,,,,,,,,,,,
Joy Division,Something Must Break,,,,,,,,,,,,,,,,
Born Ruffians,Hummingbird,,,,,,,,,,,,,,,,
Cream,I Feel Free,,,,,,,,,,,,,,,,
Elliott Smith,Angel In The Snow,,,,,,,,,,,,,,,,
Uffie,Ready To Uff,,,,,,,,,,,,,,,,
Grateful Dead,Friend Of The Devil,,,,,,,,,,,,,,,,
The Beatles,Savoy Truffle,,,,,,,,,,,,,,,,
Bob Marley & The Wailers,Easy Skanking,,,,,,,,,,,,,,,,
Robbie Williams,Let Me Entertain You,,,,,,,,,,,,,,,,
Iamx,The Negative Sex,0.6,0.6,0.8,0.4,0.6,0.8,0.0,0.0,0.0,0.0,0.0,0.0,1.0,0.8,0.6,0.0
Scorpions,No One Like You,,,,,,,,,,,,,,,,
Metallica,The God That Failed,,,,,,,,,,,,,,,,
Dragonette,I Get Around (Midnight Juggernauts Remix),,,,,,,,,,,,,,,,
Jimi Hendrix,Voodoo Child (Slight Return),,,,,,,,,,,,,,,,
Creedence Clearwater Revisited,Lodi,0.8,0.4,0.0,0.2,0.8,0.4,0.0,0.0,0.0,0.0,0.0,0.0,0.0,0.0,0.8,0.0
Hawkwind,D-Rider,,,,,,,,,,,,,,,,
Gomez,How We Operate,,,,,,,,,,,,,,,,
Zero 7,You'Re My Flame,,,,,,,,,,,,,,,,
Pixies,Silver,,,,,,,,,,,,,,,,
A.C. Newman,Most Of Us Prizefighters,,,,,,,,,,,,,,,,
Spoon,Was It You?,,,,,,,,,,,,,,,,
Ambulance Ltd,Primitive (The Way I Treat You),,,,,,,,,,,,,,,,
The Used,Blue And Yellow,,,,,,,,,,,,,,,,
Interpol,Scale,,,,,,,,,,,,,,,,
Wilco,What Light,,,,,,,,,,,,,,,,
The Beatles,Don'T Bother Me,,,,,,,,,,,,,,,,
Deftones,Elite,,,,,,,,,,,,,,,,
Garbage,Bleed Like Me,,,,,,,,,,,,,,,,
Sophie Ellis-Bextor,Murder On The Dancefloor,,,,,,,,,,,,,,,,
Spoon,All The Pretty Girls Go To The City,,,,,,,,,,,,,,,,
Lamb,Heaven,,,,,,,,,,,,,,,,
Jamie T,If You Got The Money,,,,,,,,,,,,,,,,
Belle And Sebastian,Women'S Realm,,,,,,,,,,,,,,,,
Madonna,Like It Or Not,,,,,,,,,,,,,,,,
The Zombies,She'S Not There,,,,,,,,,,,,,,,,
The Verve,Judas,,,,,,,,,,,,,,,,
Bonobo,Flutter,,,,,,,,,,,,,,,,
Belle And Sebastian,Dirty Dream Number Two,,,,,,,,,,,,,,,,
Black Rebel Motorcycle Club,Generation,,,,,,,,,,,,,,,,
Rufus Wainwright,Gay Messiah,,,,,,,,,,,,,,,,
The New Pornographers,My Rights Versus Yours,,,,,,,,,,,,,,,,
The Black Angels,The Sniper At The Gates Of Heaven,,,,,,,,,,,,,,,,
The Academy Is...,Skeptics And True Believers,,,,,,,,,,,,,,,,
The Academy Is...,Almost Here,,,,,,,,,,,,,,,,
Bob Marley,Could You Be Loved,,,,,,,,,,,,,,,,
Bright Eyes,Waste Of Paint,,,,,,,,,,,,,,,,
Rufus Wainwright,Vibrate,,,,,,,,,,,,,,,,
Lamb Of God,Redneck,,,,,,,,,,,,,,,,
The 69 Eyes,Feel Berlin,,,,,,,,,,,,,,,,
Pixies,Alec Eiffel,,,,,,,,,,,,,,,,
Iron Maiden,Brave New World,,,,,,,,,,,,,,,,
Brand New,Play Crack The Sky,,,,,,,,,,,,,,,,
Fiona Apple,Carrion,,,,,,,,,,,,,,,,
The Verve,Weeping Willow,,,,,,,,,,,,,,,,
Green Day,She'S A Rebel,,,,,,,,,,,,,,,,
Turbonegro,All My Friends Are Dead,,,,,,,,,,,,,,,,
Clark,Herr Bar,,,,,,,,,,,,,,,,
Dead Disco,The Treatment (Metronomy Remix),,,,,,,,,,,,,,,,
Jem,Flying High,,,,,,,,,,,,,,,,
The Decemberists,Cocoon,,,,,,,,,,,,,,,,
The 69 Eyes,Angels,,,,,,,,,,,,,,,,
Elvis Presley,Always On My Mind,,,,,,,,,,,,,,,,
Mando Diao,If I Leave You,,,,,,,,,,,,,,,,
Cut Chemist,The Garden,,,,,,,,,,,,,,,,
Shiny Toy Guns,Waiting,,,,,,,,,,,,,,,,
Red Hot Chili Peppers,The Power Of Equality,,,,,,,,,,,,,,,,
Zz Top,I Got The Six,,,,,,,,,,,,,,,,
Red Hot Chili Peppers,She Looks To Me,,,,,,,,,,,,,,,,
Boards Of Canada,Rue The Whirl,,,,,,,,,,,,,,,,
Incubus,Oil And Water,,,,,,,,,,,,,,,,
Killswitch Engage,My Last Serenade,,,,,,,,,,,,,,,,
L7,Pretend We'Re Dead,,,,,,,,,,,,,,,,
Snow Patrol,The Planets Bend Between Us,,,,,,,,,,,,,,,,
Suede,The Drowners,,,,,,,,,,,,,,,,
Slowdive,Here She Comes,,,,,,,,,,,,,,,,
Katatonia,Increase,,,,,,,,,,,,,,,,
Peaches,Downtown,,,,,,,,,,,,,,,,
Gorillaz,Sound Check (Gravity),,,,,,,,,,,,,,,,
U2,Original Of The Species,,,,,,,,,,,,,,,,
Shout Out Louds,Tonight I Have To Leave It,,,,,,,,,,,,,,,,
Sublime,40 Oz. To Freedom,,,,,,,,,,,,,,,,
Vnv Nation,Beloved,,,,,,,,,,,,,,,,
The Hives,Abra Cadaver,,,,,,,,,,,,,,,,
The Kinks,Everybody'S Gonna Be Happy,,,,,,,,,,,,,,,,
Amorphis,Perkele (The God Of Fire),,,,,,,,,,,,,,,,
Hall & Oates,Maneater,,,,,,,,,,,,,,,,
Amorphis,Leaves Scar,,,,,,,,,,,,,,,,
The Avalanches,Radio,,,,,,,,,,,,,,,,
Sonic Youth,Bull In The Heather,,,,,,,,,,,,,,,,
Soda Stereo,De Música Ligera,,,,,,,,,,,,,,,,
Justin Timberlake,Sexy Ladies/Let Me Talk To You (Prelude),,,,,,,,,,,,,,,,
Placebo,Narcoleptic,,,,,,,,,,,,,,,,
Nick Drake,Three Hours,0.0,0.0,0.0,0.6,0.0,0.0,0.8,0.0,0.0,0.0,0.0,0.0,0.0,0.0,0.4,0.0
The Flaming Lips,Feeling Yourself Disintegrate,,,,,,,,,,,,,,,,
Depeche Mode,Somebody,,,,,,,,,,,,,,,,
Phoenix,One Time Too Many,,,,,,,,,,,,,,,,
Nightwish,Last Of The Wilds,,,,,,,,,,,,,,,,
The Flaming Lips,Haven'T Got A Clue,,,,,,,,,,,,,,,,
Hellogoodbye,Call N' Return,,,,,,,,,,,,,,,,
Athlete,El Salvador,,,,,,,,,,,,,,,,
E.S. Posthumus,Nara,,,,,,,,,,,,,,,,
Sonic Youth,Total Trash,,,,,,,,,,,,,,,,
Grits,Ooh Ahh,,,,,,,,,,,,,,,,
Emma Bunton,Maybe,,,,,,,,,,,,,,,,
In Flames,Versus Terminus,,,,,,,,,,,,,,,,
In Flames,Brush The Dust Away,,,,,,,,,,,,,,,,
Iron Maiden,Holy Smoke,,,,,,,,,,,,,,,,
The Chemical Brothers,The Private Psychedelic Reel,,,,,,,,,,,,,,,,
Spoon,Paper Tiger,,,,,,,,,,,,,,,,
Maná,Oye Mi Amor,,,,,,,,,,,,,,,,
Sugarcult,Memory,,,,,,,,,,,,,,,,
Rise Against,Injection,,,,,,,,,,,,,,,,
Kasabian,L.S.F (Lost Souls Forever),,,,,,,,,,,,,,,,
The Cinematic Orchestra,Into You,,,,,,,,,,,,,,,,
David Guetta,Baby When The Light (Feat. Cozi),,,,,,,,,,,,,,,,
The Notorious B.I.G.,Machine Gun Funk,,,,,,,,,,,,,,,,
Frank Sinatra,Fly Me To The Moon,,,,,,,,,,,,,,,,
Electric Light Orchestra Part Ii,Turn To Stone,,,,,,,,,,,,,,,,
The Black Keys,When The Lights Go Out,,,,,,,,,,,,,,,,
Maxïmo Park,Karaoke Plays,,,,,,,,,,,,,,,,
Okkervil River,Black Sheep Boy,,,,,,,,,,,,,,,,
Mastodon,Colony Of Birchmen,,,,,,,,,,,,,,,,
Radiohead,I Can'T,,,,,,,,,,,,,,,,
Radiohead,Go Slowly,,,,,,,,,,,,,,,,
!!!,Break In Case Of Anything,,,,,,,,,,,,,,,,
The Last Shadow Puppets,The Chamber,,,,,,,,,,,,,,,,
In Flames,Minus,,,,,,,,,,,,,,,,
Lacuna Coil,Our Truth,,,,,,,,,,,,,,,,
Red House Painters,Have You Forgotten,,,,,,,,,,,,,,,,
Sambassadeur,Kate,,,,,,,,,,,,,,,,
Madvillain,Meat Grinder,,,,,,,,,,,,,,,,
Sonic Youth,Tunic (Song For Karen),0.8,0.4,0.0,0.2,1.0,0.6,0.0,0.0,0.0,0.0,0.0,0.0,0.0,0.0,0.8,0.0
Love Is All,Ageing Had Never Been His Friend,,,,,,,,,,,,,,,,
Athlete,Chances,,,,,,,,,,,,,,,,
Jack Johnson,Drink The Water,,,,,,,,,,,,,,,,
These New Puritans,Elvis,,,,,,,,,,,,,,,,
Adele,Make You Feel My Love,,,,,,,,,,,,,,,,
Slayer,Seasons In The Abyss,,,,,,,,,,,,,,,,
Animal Collective,Visiting Friends,,,,,,,,,,,,,,,,
Jack'S Mannequin,La La Lie,,,,,,,,,,,,,,,,
Modest Mouse,Broke,,,,,,,,,,,,,,,,
Anberlin,Godspeed,,,,,,,,,,,,,,,,
Eagles Of Death Metal,I Want You So Hard (Boy'S Bad News),,,,,,,,,,,,,,,,
The 69 Eyes,Devils,,,,,,,,,,,,,,,,
Bob Marley,One Love,,,,,,,,,,,,,,,,
Fatboy Slim,Wonderful Night,,,,,,,,,,,,,,,,
Amy Winehouse,Stronger Than Me,,,,,,,,,,,,,,,,
Fiona Apple,Oh Well,,,,,,,,,,,,,,,,
Adele,Hometown Glory,,,,,,,,,,,,,,,,
Massive Attack,Blue Lines,,,,,,,,,,,,,,,,
Maroon 5,Kiwi,,,,,,,,,,,,,,,,
The Beatles,You Really Got A Hold On Me,,,,,,,,,,,,,,,,
The Chameleons,Swamp Thing,,,,,,,,,,,,,,,,
Kaiser Chiefs,Team Mate,,,,,,,,,,,,,,,,
Manic Street Preachers,Faster,,,,,,,,,,,,,,,,
Rage Against The Machine,Down Rodeo,,,,,,,,,,,,,,,,
The Who,My Wife,,,,,,,,,,,,,,,,
Arctic Monkeys,Cigarette Smoke,,,,,,,,,,,,,,,,
Jeff Buckley,Everybody Here Wants You,,,,,,,,,,,,,,,,
Reamonn,Supergirl,,,,,,,,,,,,,,,,
Mogwai,Terrific Speech 2,,,,,,,,,,,,,,,,
Broadcast,Accidentals,,,,,,,,,,,,,,,,
Deep Forest,Sweet Lullaby,,,,,,,,,,,,,,,,
Van Morrison,Moondance,,,,,,,,,,,,,,,,
Joy Division,The Only Mistake,,,,,,,,,,,,,,,,
Blink-182,Feeling This,,,,,,,,,,,,,,,,
Robots In Disguise,The Dj'S Got A Gun,,,,,,,,,,,,,,,,
Cream,Crossroads,,,,,,,,,,,,,,,,
Cansei De Ser Sexy,Left Behind,,,,,,,,,,,,,,,,
Timbaland,Release (Feat. Justin Timberlake),,,,,,,,,,,,,,,,
Thievery Corporation,Satyam Shivam Sundaram (Feat. Gunjan),,,,,,,,,,,,,,,,
Jackson And His Computer Band,Headache,,,,,,,,,,,,,,,,
Ac/Dc,Given The Dog A Bone,,,,,,,,,,,,,,,,
Mstrkrft,The Looks,,,,,,,,,,,,,,,,
Taking Back Sunday,Great Romances Of The 20Th Century,,,,,,,,,,,,,,,,
Taking Back Sunday,A Decade Under The Influence,,,,,,,,,,,,,,,,
The Beach Boys,I Know There'S An Answer,,,,,,,,,,,,,,,,
Ives Larock,Rise Up,,,,,,,,,,,,,,,,
Secret Machines,The Road Leads Where It'S Led,,,,,,,,,,,,,,,,
Mötley Crüe,Dr. Feelgood,,,,,,,,,,,,,,,,
Ladytron,Flicking Your Switch,,,,,,,,,,,,,,,,
Anton Maiden,Running Free,,,,,,,,,,,,,,,,
Anton Maiden,The Clairvoyant,,,,,,,,,,,,,,,,
Johnny Cash,First Time Ever I Saw Your Face,,,,,,,,,,,,,,,,
Adam Green,Frozen In Time,,,,,,,,,,,,,,,,
Deep Purple,Fireball,,,,,,,,,,,,,,,,
Gnarls Barkley,Go-Go Gadget Gospel,,,,,,,,,,,,,,,,
Faith No More,Be Aggressive,,,,,,,,,,,,,,,,
The Darkness,Is It Just Me?,,,,,,,,,,,,,,,,
Late Of The Pier,Heartbeat,,,,,,,,,,,,,,,,
Faith No More,Ashes To Ashes,,,,,,,,,,,,,,,,
Travis,Battleships,,,,,,,,,,,,,,,,
Simian Mobile Disco,Hotdog,,,,,,,,,,,,,,,,
...And You Will Know Us By The Trail Of Dead,It Was There That I Saw You,,,,,,,,,,,,,,,,
Travis,Eyes Wide Open,,,,,,,,,,,,,,,,
Devendra Banhart,This Is The Way,,,,,,,,,,,,,,,,
Bob Sinclar,World Hold On,0.6,0.4,0.8,0.4,0.2,0.0,0.0,0.0,0.0,0.0,0.0,0.0,0.8,0.6,0.6,0.0
Sting,Desert Rose,,,,,,,,,,,,,,,,
The Smashing Pumpkins,Drown,,,,,,,,,,,,,,,,
Led Zeppelin,Hats Off To (Roy) Harper,,,,,,,,,,,,,,,,
Devendra Banhart,Now That I Know,,,,,,,,,,,,,,,,
Led Zeppelin,Custard Pie,,,,,,,,,,,,,,,,
Opeth,The Grand Conjuration,,,,,,,,,,,,,,,,
Johnny Cash,In My Life,,,,,,,,,,,,,,,,
Of Montreal,Faberge Falls For Shuggie,,,,,,,,,,,,,,,,
The National,Val Jester,,,,,,,,,,,,,,,,
The Decemberists,The Bachelor And The Bride,,,,,,,,,,,,,,,,
Rage Against The Machine,Vietnow,,,,,,,,,,,,,,,,
The Jackson 5,I Want You Back,,,,,,,,,,,,,,,,
Mötley Crüe,Home Sweet Home,,,,,,,,,,,,,,,,
Ozzy Osbourne,Bark At The Moon,,,,,,,,,,,,,,,,
Yo La Tengo,Here Comes My Baby,,,,,,,,,,,,,,,,
Eels,Not Ready Yet,,,,,,,,,,,,,,,,
Straylight Run,Existentialism On Prom Night,,,,,,,,,,,,,,,,
Audioslave,Heaven'S Dead,,,,,,,,,,,,,,,,
Audioslave,Moth,,,,,,,,,,,,,,,,
Pearl Jam,Nothingman,,,,,,,,,,,,,,,,
Beck,Already Dead,,,,,,,,,,,,,,,,
Audioslave,The Worm,,,,,,,,,,,,,,,,
Type O Negative,Green Man,,,,,,,,,,,,,,,,
Ministry,Just One Fix,,,,,,,,,,,,,,,,
Friendly Fires,Skeleton Boy,,,,,,,,,,,,,,,,
Lifehouse,Sick Cycle Carousel,,,,,,,,,,,,,,,,
Babyshambles,French Dog Blues,,,,,,,,,,,,,,,,
The Gathering,Eléanor,,,,,,,,,,,,,,,,
Tv On The Radio,Satellite,,,,,,,,,,,,,,,,
Lamb,Little Things,,,,,,,,,,,,,,,,
Belle And Sebastian,The Model,,,,,,,,,,,,,,,,
The Doors,Take It As It Comes,,,,,,,,,,,,,,,,
Björk,Vertebrae By Vertebrae,,,,,,,,,,,,,,,,
Korn,Make Me Bad,,,,,,,,,,,,,,,,
Black Kids,I'M Making Eyes At You,,,,,,,,,,,,,,,,
Zero 7,Today,0.6,0.4,0.8,0.4,0.0,0.0,0.0,0.6,0.0,0.6,0.0,0.4,0.8,0.4,0.6,0.0
Fever Ray,Seven,,,,,,,,,,,,,,,,
Bob Dylan,Masters Of War,,,,,,,,,,,,,,,,
Oasis,To Be Where There'S Life,0.6,0.4,0.6,0.8,0.6,0.4,0.4,0.0,0.0,0.0,0.0,0.0,0.6,0.4,0.8,0.0
Black Flag,Police Story,,,,,,,,,,,,,,,,
Jamiroquai,Runaway,,,,,,,,,,,,,,,,
Rush,A Passage To Bangkok,,,,,,,,,,,,,,,,
Kings Of Convenience,Leaning Against The Wall,,,,,,,,,,,,,,,,
The Last Shadow Puppets,Black Plant,0.8,0.6,0.0,0.6,0.6,0.2,0.0,0.8,0.0,0.4,0.0,0.0,0.0,0.0,0.8,0.0
Bright Eyes,Soul Singer In A Session Band,,,,,,,,,,,,,,,,
Late Of The Pier,The Bears Are Coming,,,,,,,,,,,,,,,,
Of Montreal,Will You Come And Fetch Me,,,,,,,,,,,,,,,,
Tegan And Sara,Come On,,,,,,,,,,,,,,,,
Queen,Flash,,,,,,,,,,,,,,,,
Belle And Sebastian,A Space Boy Dream,,,,,,,,,,,,,,,,
Muse,Shrinking Universe,,,,,,,,,,,,,,,,
The Stranglers,No More Heroes,,,,,,,,,,,,,,,,
The Doors,Alabama Song (Whiskey Bar),,,,,,,,,,,,,,,,
The Knife,We Share Our Mother'S Health,,,,,,,,,,,,,,,,
Incubus,A Crow Left Of The Murder,,,,,,,,,,,,,,,,
Snow Patrol,Lifeboats,,,,,,,,,,,,,,,,
Cocorosie,Bear Hides And Buffalo,0.0,0.0,1.0,0.8,0.0,0.0,0.0,0.0,0.0,0.2,0.0,0.0,0.8,0.6,0.4,0.0
Madonna,Ray Of Light,,,,,,,,,,,,,,,,
Hadouken!,Liquid Lives,,,,,,,,,,,,,,,,
Chapterhouse,Pearl,,,,,,,,,,,,,,,,
...And You Will Know Us By The Trail Of Dead,Worlds Apart,,,,,,,,,,,,,,,,
Zz Top,Tv Dinners,,,,,,,,,,,,,,,,
Gorillaz,November Has Come (Feat. Mf Doom),,,,,,,,,,,,,,,,
The Strokes,Evening Sun,,,,,,,,,,,,,,,,
Buggles,Video Killed The Radio Star,,,,,,,,,,,,,,,,
Zero 7,If I Can'T Have You,0.6,0.4,0.8,0.4,0.2,0.0,0.4,0.6,0.0,0.4,0.0,0.6,0.8,0.4,0.6,0.0
Hadouken!,Get Smashed Gate Crash,,,,,,,,,,,,,,,,
Morcheeba,Blindfold,,,,,,,,,,,,,,,,
Okkervil River,The Latest Toughs,,,,,,,,,,,,,,,,
Tv On The Radio,Love Dog,,,,,,,,,,,,,,,,
Brand New,Me Vs. Maradona Vs. Elvis,,,,,,,,,,,,,,,,
Depeche Mode,Clean,,,,,,,,,,,,,,,,
Pulp,Monday Morning,,,,,,,,,,,,,,,,
Death Cab For Cutie,Amputations,,,,,,,,,,,,,,,,
Gary Numan,Metal,,,,,,,,,,,,,,,,
Sunset Rubdown,The Mending Of The Gown,,,,,,,,,,,,,,,,
David Gray,Sail Away,,,,,,,,,,,,,,,,
Maxïmo Park,By The Monument,,,,,,,,,,,,,,,,
Lou Reed,Andy'S Chest,,,,,,,,,,,,,,,,
Sam Sparro,21St Century Life,,,,,,,,,,,,,,,,
Sigur Rós,Sigur Rós,,,,,,,,,,,,,,,,
Misfits,Halloween,,,,,,,,,,,,,,,,
The Darkness,Black Shuck,,,,,,,,,,,,,,,,
Radiohead,Vegetable,,,,,,,,,,,,,,,,
Ane Brun,To Let Myself Go,,,,,,,,,,,,,,,,
Thievery Corporation,The Outernationalist,,,,,,,,,,,,,,,,
Sambassadeur,Ice & Snow,,,,,,,,,,,,,,,,
Röyksopp,True To Life,,,,,,,,,,,,,,,,
Metallica,Holier Than Thou,,,,,,,,,,,,,,,,
Telefon Tel Aviv,Fahrenheit Fair Enough,,,,,,,,,,,,,,,,
Moby,7,,,,,,,,,,,,,,,,
The Damned,Neat Neat Neat,1.0,0.8,0.0,0.0,1.0,0.6,0.0,0.0,0.0,0.0,0.0,0.0,0.0,0.0,1.0,0.0
Kate Nash,Birds,,,,,,,,,,,,,,,,
Guillemots,Made Up Love Song #43,,,,,,,,,,,,,,,,
Black Flag,Spray Paint,,,,,,,,,,,,,,,,
Him,Salt In Our Wounds,,,,,,,,,,,,,,,,
Andrew Bird,The Supine,,,,,,,,,,,,,,,,
Dragonette,I Get Around,,,,,,,,,,,,,,,,
Pulp,Mile End,0.8,0.4,0.0,0.4,0.6,0.4,0.2,0.0,0.0,0.0,0.0,0.0,0.4,0.2,1.0,0.0
Radiohead,Scatterbrain,,,,,,,,,,,,,,,,
Tapes 'N Tapes,Omaha,,,,,,,,,,,,,,,,
The Jesus And Mary Chain,Inside Me,,,,,,,,,,,,,,,,
Elbow,The Fix,,,,,,,,,,,,,,,,
The Faint,The Conductor,,,,,,,,,,,,,,,,
Morcheeba,Ten Men,,,,,,,,,,,,,,,,
Dashboard Confessional,Vindicated,,,,,,,,,,,,,,,,
Daft Punk,High Fidelity,,,,,,,,,,,,,,,,
Disturbed,Just Stop,,,,,,,,,,,,,,,,
Disturbed,Guarded,,,,,,,,,,,,,,,,
Architecture In Helsinki,Red Turned White,,,,,,,,,,,,,,,,
Bitter:Sweet,The Mating Game,,,,,,,,,,,,,,,,
The Smiths,Unhappy Birthday,,,,,,,,,,,,,,,,
Matchbox Twenty,All I Need,,,,,,,,,,,,,,,,
Kaiser Chiefs,Highroyds,,,,,,,,,,,,,,,,
Abc,The Look Of Love,,,,,,,,,,,,,,,,
Joy Division,Sound Of Music,,,,,,,,,,,,,,,,
Moloko,Fun For Me,,,,,,,,,,,,,,,,
Jack Johnson,Middle Man,,,,,,,,,,,,,,,,
Deerhunter,Octet,,,,,,,,,,,,,,,,
Aqualung,Good Times Gonna Come,,,,,,,,,,,,,,,,
Air,Radio #1,,,,,,,,,,,,,,,,
Staind,Outside,,,,,,,,,,,,,,,,
Modest Mouse,Trailer Trash,,,,,,,,,,,,,,,,
Busy P,Rainbow Man,,,,,,,,,,,,,,,,
Rhapsody Of Fire,Emerald Sword,,,,,,,,,,,,,,,,
Spoon,Jonathon Fisk,,,,,,,,,,,,,,,,
The Kinks,Dead End Street,,,,,,,,,,,,,,,,
Uffie,Hot Chick,,,,,,,,,,,,,,,,
Elliott Smith,Color Bars,,,,,,,,,,,,,,,,
Bonobo,Days To Come (Feat. Bajka),,,,,,,,,,,,,,,,
Gotan Project,Una Musica Brutal,,,,,,,,,,,,,,,,
Incubus,Favorite Things,,,,,,,,,,,,,,,,
José González,Down The Line,,,,,,,,,,,,,,,,
Razorlight,Pop Song 2006,,,,,,,,,,,,,,,,
Fleet Foxes,Oliver James,,,,,,,,,,,,,,,,
Rise Against,Drones,,,,,,,,,,,,,,,,
Audioslave,Man Or Animal,,,,,,,,,,,,,,,,
Faith No More,A Small Victory,,,,,,,,,,,,,,,,
Daft Punk,The Brainwasher,,,,,,,,,,,,,,,,
Belle And Sebastian,Lord Anthony,,,,,,,,,,,,,,,,
Opeth,Face Of Melinda (Live At The Roundhouse),,,,,,,,,,,,,,,,
Jem,Finally Woken,,,,,,,,,,,,,,,,
Elliott Smith,Condor Ave.,,,,,,,,,,,,,,,,
Ellen Allien & Apparat,Leave Me Alone,,,,,,,,,,,,,,,,
Red Hot Chili Peppers,Make You Feel Better,,,,,,,,,,,,,,,,
Rush,Far Cry,,,,,,,,,,,,,,,,
A Perfect Circle,Annihilation,,,,,,,,,,,,,,,,
Kelly Clarkson,Gone,,,,,,,,,,,,,,,,
Sara Bareilles,Bottle It Up,,,,,,,,,,,,,,,,
Tenacious D,Beelzeboss (The Final Showdown),,,,,,,,,,,,,,,,
Lamb,God Bless,,,,,,,,,,,,,,,,
The Maccabees,About Your Dress,,,,,,,,,,,,,,,,
Janis Joplin,Mercedes Benz,0.0,0.0,0.0,0.0,0.0,0.0,0.0,0.0,0.0,0.0,0.0,0.0,0.0,0.0,0.0,0.0
The Beatles,Everybody'S Got Something To Hide Except Me And My Monkey,,,,,,,,,,,,,,,,
Pixies,Rock Music,,,,,,,,,,,,,,,,
The Jesus And Mary Chain,The Living End,,,,,,,,,,,,,,,,
White Lies,To Lose My Life,,,,,,,,,,,,,,,,
The Flaming Lips,Approaching Pavonis Mons By Balloon (Utopia Planitia),,,,,,,,,,,,,,,,
Sia,I Go To Sleep,,,,,,,,,,,,,,,,
The Smashing Pumpkins,Spaceboy,,,,,,,,,,,,,,,,
Bad Brains,Pay To Cum,,,,,,,,,,,,,,,,
Bruce Springsteen,Born In The U.S.A.,,,,,,,,,,,,,,,,
The 69 Eyes,Betty Blue,,,,,,,,,,,,,,,,
The Smashing Pumpkins,Love,,,,,,,,,,,,,,,,
Madonna,Don'T Tell Me,,,,,,,,,,,,,,,,
Final Fantasy,Furniture,,,,,,,,,,,,,,,,
Ben Folds,Zak And Sara,,,,,,,,,,,,,,,,
Fiona Apple,I Know,,,,,,,,,,,,,,,,
Bob Marley & The Wailers,I Shot The Sheriff,,,,,,,,,,,,,,,,
Saves The Day,Anywhere With You,,,,,,,,,,,,,,,,
Glasvegas,It'S My Own Cheating Heart That Makes Me Cry,,,,,,,,,,,,,,,,
Asobi Seksu,Walk On The Moon,,,,,,,,,,,,,,,,
System Of A Down,Thetawaves,,,,,,,,,,,,,,,,
Björk,Sun In My Mouth,,,,,,,,,,,,,,,,
Dream Theater,Another Day,,,,,,,,,,,,,,,,
Matthew Dear,Don And Sherri,,,,,,,,,,,,,,,,
Garbage,Dog New Tricks,,,,,,,,,,,,,,,,
Taking Back Sunday,My Blue Heaven,,,,,,,,,,,,,,,,
Alanis Morissette,Mary Jane,,,,,,,,,,,,,,,,
Wu-Tang Clan,C.R.E.A.M.,,,,,,,,,,,,,,,,
Green Day,Letterbomb,,,,,,,,,,,,,,,,
Against Me!,Walking Is Still Honest,,,,,,,,,,,,,,,,
Green Day,Good Riddance (Time Of Your Life),,,,,,,,,,,,,,,,
Madness,Baggy Trousers,,,,,,,,,,,,,,,,
Deep Purple,Black Night,,,,,,,,,,,,,,,,
Gogol Bordello,Dogs Were Barking,,,,,,,,,,,,,,,,
Starsailor,Four To The Floor,,,,,,,,,,,,,,,,
Kt Tunstall,Stoppin' The Love,,,,,,,,,,,,,,,,
Blur,Girls And Boys,,,,,,,,,,,,,,,,
The Magic Numbers,Long Legs,,,,,,,,,,,,,,,,
Opeth,A Fair Judgement,,,,,,,,,,,,,,,,
Blur,Good Song,,,,,,,,,,,,,,,,
The Sounds,Rock 'N Roll,,,,,,,,,,,,,,,,
Stars,Bitches In Tokyo,,,,,,,,,,,,,,,,
The Verve,Valium Skies,,,,,,,,,,,,,,,,
Mogwai,Scotland'S Shame,,,,,,,,,,,,,,,,
The Horrors,She Is The New Thing,,,,,,,,,,,,,,,,
Corinne Bailey Rae,Call Me When You Get This,,,,,,,,,,,,,,,,
The Raveonettes,The Christmas Song,,,,,,,,,,,,,,,,
Adam Green,Salty Candy,,,,,,,,,,,,,,,,
Mindless Self Indulgence,1989,,,,,,,,,,,,,,,,
Cat Power,He Turns Down,,,,,,,,,,,,,,,,
Soda Stereo,Nada Personal,,,,,,,,,,,,,,,,
The Libertines,Radio America,,,,,,,,,,,,,,,,
The Who,Sparks,,,,,,,,,,,,,,,,
Nine Inch Nails,Leaving Hope,,,,,,,,,,,,,,,,
Incubus,Nowhere Fast,1.0,0.8,0.0,0.2,1.0,0.8,0.0,0.0,0.0,0.0,0.0,0.0,0.2,0.2,1.0,0.0
Cat Power,(I Can'T Get No) Satisfaction,,,,,,,,,,,,,,,,
Anathema,Release,,,,,,,,,,,,,,,,
Mateo Messina,Up The Spout,,,,,,,,,,,,,,,,
Zz Top,Dirty Dog,,,,,,,,,,,,,,,,
Cat Power,Baby Doll,,,,,,,,,,,,,,,,
Dark Tranquillity,Misery'S Crown,,,,,,,,,,,,,,,,
Against Me!,Pints Of Guinness Make You Strong,,,,,,,,,,,,,,,,
Motion City Soundtrack,Everything Is Alright,,,,,,,,,,,,,,,,
Linkin Park,Pushing Me Away,,,,,,,,,,,,,,,,
The Beach Boys,Don'T Worry Baby,,,,,,,,,,,,,,,,
Amon Amarth,Death In Fire,,,,,,,,,,,,,,,,
Gorillaz,5/4,,,,,,,,,,,,,,,,
The Raconteurs,Old Enough,,,,,,,,,,,,,,,,
Moonspell,Opium,,,,,,,,,,,,,,,,
Babyshambles,There She Goes,,,,,,,,,,,,,,,,
Iron Maiden,The Wicker Man,,,,,,,,,,,,,,,,
Morcheeba,Living Hell,,,,,,,,,,,,,,,,
Cyndi Lauper,Girls Just Wanna Have Fun,,,,,,,,,,,,,,,,
Maxïmo Park,Russian Literature,,,,,,,,,,,,,,,,
Mastodon,Crystal Skull,,,,,,,,,,,,,,,,
Midlake,Van Occupanther,,,,,,,,,,,,,,,,
Alicia Keys,If I Ain'T Got You,,,,,,,,,,,,,,,,
Múm,Sing Me Out The Window,,,,,,,,,,,,,,,,
The Knife,We Share Our Mother'S Health (Ratatat Remix),,,,,,,,,,,,,,,,
Ryan Adams,Everybody Knows,0.6,0.4,0.0,0.4,0.6,0.4,0.8,0.0,0.0,0.4,0.0,0.0,0.0,0.0,0.6,0.0
Patti Smith,Free Money,,,,,,,,,,,,,,,,
Red Hot Chili Peppers,Porcelain,,,,,,,,,,,,,,,,
Autolux,Here Comes Everybody,1.0,0.6,0.2,0.2,0.8,0.8,0.0,0.0,0.0,0.0,0.0,0.0,0.8,0.6,0.8,0.0
Mogwai,Mogwai Fear Satan,,,,,,,,,,,,,,,,
Massive Attack,Be Thankful For What You'Ve Got,,,,,,,,,,,,,,,,
Bauhaus,Stigmata Martyr,,,,,,,,,,,,,,,,
Saint Etienne,Only Love Can Break Your Heart,,,,,,,,,,,,,,,,
Lustra,Scotty Doesn'T Know,,,,,,,,,,,,,,,,
Dio,Rainbow In The Dark,,,,,,,,,,,,,,,,
Kiss,Strutter,,,,,,,,,,,,,,,,
Le Tigre,I'M So Excited,0.0,0.0,0.8,0.4,0.0,0.0,0.0,0.0,0.0,0.0,0.0,0.0,1.0,0.8,0.4,0.0
Within Temptation,The Howling,,,,,,,,,,,,,,,,
Riverside,I Turned You Down,,,,,,,,,,,,,,,,
Agalloch,In The Shadow Of Our Pale Companion,,,,,,,,,,,,,,,,
Kinobe,Slip Into Something More Comfortable,,,,,,,,,,,,,,,,
Journey,Don'T Stop Believin',,,,,,,,,,,,,,,,
Fischerspooner,Happy,,,,,,,,,,,,,,,,
Fujiya & Miyagi,Photocopier,,,,,,,,,,,,,,,,
Whitesnake,Slow An' Easy,,,,,,,,,,,,,,,,
Joni Mitchell,California,,,,,,,,,,,,,,,,
The Verve,Numbness,,,,,,,,,,,,,,,,
Agalloch,Kneel To The Cross,,,,,,,,,,,,,,,,
T. Rex,Cosmic Dancer,,,,,,,,,,,,,,,,
Rise Against,Ready To Fall,,,,,,,,,,,,,,,,
Turisas,Battle Metal,,,,,,,,,,,,,,,,
Him,Beautiful,,,,,,,,,,,,,,,,
The Chemical Brothers,Where Do I Begin,,,,,,,,,,,,,,,,
Bob Dylan,Desolation Row,,,,,,,,,,,,,,,,
Fischerspooner,L.A. Song,,,,,,,,,,,,,,,,
65Daysofstatic,Await Rescue,,,,,,,,,,,,,,,,
65Daysofstatic,Another Code Against The Gone,,,,,,,,,,,,,,,,
Paolo Nutini,These Streets,,,,,,,,,,,,,,,,
The Russian Futurists,Paul Simon,,,,,,,,,,,,,,,,
Shakira,Animal City,,,,,,,,,,,,,,,,
Sufjan Stevens,Vito'S Ordination Song,,,,,,,,,,,,,,,,
Sneaker Pimps,Walking Zero,,,,,,,,,,,,,,,,
The Knife,Marble House (Rex The Dog Remix),,,,,,,,,,,,,,,,
Sum 41,Pieces,,,,,,,,,,,,,,,,
In Flames,Drifter,,,,,,,,,,,,,,,,
Madvillain,Accordion,,,,,,,,,,,,,,,,
Sugababes,In The Middle,,,,,,,,,,,,,,,,
The Knife,Marble House (Booka Shade Remix),,,,,,,,,,,,,,,,
Incubus,Clean,,,,,,,,,,,,,,,,
The Sisters Of Mercy,Lucretia My Reflection,,,,,,,,,,,,,,,,
In Flames,Colony,,,,,,,,,,,,,,,,
Dido,Slide,,,,,,,,,,,,,,,,
Dave Matthews Band,Crash Into Me,,,,,,,,,,,,,,,,
Incubus,Circles,,,,,,,,,,,,,,,,
Röyksopp,Tricky Tricky,,,,,,,,,,,,,,,,
Dido,Don'T Believe In Love,,,,,,,,,,,,,,,,
Pj Harvey,Rub 'Til It Bleeds,,,,,,,,,,,,,,,,
Nightwish,Astral Romance,,,,,,,,,,,,,,,,
The Streets,Don'T Mug Yourself,,,,,,,,,,,,,,,,
Dirty Pretty Things,Wondering,,,,,,,,,,,,,,,,
Slipknot,Opium Of The People,,,,,,,,,,,,,,,,
Death Cab For Cutie,The Face That Launched 1000 Shits,,,,,,,,,,,,,,,,
Tapes 'N Tapes,Just Drums,,,,,,,,,,,,,,,,
Cat Power,Hate,,,,,,,,,,,,,,,,
The Cribs,You Were Always The One,,,,,,,,,,,,,,,,
Cat Power,Back Of Your Head,,,,,,,,,,,,,,,,
Nine Inch Nails,Another Version Of The Truth,,,,,,,,,,,,,,,,
The Cure,Inbetween Days,,,,,,,,,,,,,,,,
Klaxons,Atlantis To Interzone (Crystal Castles Remix),,,,,,,,,,,,,,,,
Jamiroquai,Starchild,,,,,,,,,,,,,,,,
Mr. Scruff,Get A Move On,,,,,,,,,,,,,,,,
Anathema,Flying,,,,,,,,,,,,,,,,
Daft Punk,Rollin' & Scratchin',,,,,,,,,,,,,,,,
Opeth,Isolation Years,,,,,,,,,,,,,,,,
My Chemical Romance,The Jetset Life Is Gonna Kill You,,,,,,,,,,,,,,,,
Acceptance,Breathless,,,,,,,,,,,,,,,,
Porcupine Tree,Mellotron Scratch,,,,,,,,,,,,,,,,
Deep Dish,Flashdance,,,,,,,,,,,,,,,,
Foo Fighters,Ballad Of The Beaconsfield Miners,,,,,,,,,,,,,,,,
Ratatat,Desert Eagle,,,,,,,,,,,,,,,,
Nouvelle Vague,Friday Night Saturday Morning,,,,,,,,,,,,,,,,
Kt Tunstall,Under The Weather,,,,,,,,,,,,,,,,
Apparat,Birds,,,,,,,,,,,,,,,,
Mokoma,Kuu Saa Valtansa Auringolta,,,,,,,,,,,,,,,,
Tom Tom Club,Wordy Rappinghood,,,,,,,,,,,,,,,,
Tapes 'N Tapes,In Houston,,,,,,,,,,,,,,,,
Katie Melua,Spider'S Web,,,,,,,,,,,,,,,,
Antony And The Johnsons,Atrocities,,,,,,,,,,,,,,,,
Garbage,Cup Of Coffee,,,,,,,,,,,,,,,,
Ben Harper,Another Lonely Day,,,,,,,,,,,,,,,,
Soilwork,Mindfields,,,,,,,,,,,,,,,,
Eels,Beautiful Freak,,,,,,,,,,,,,,,,
Taking Back Sunday,Miami,,,,,,,,,,,,,,,,
Kraftwerk,Pocket Calculator,,,,,,,,,,,,,,,,
Janet Jackson,Feedback,,,,,,,,,,,,,,,,
Chromeo,Tenderoni,,,,,,,,,,,,,,,,
Glen Hansard & Markéta Irglová,When Your Mind'S Made Up,,,,,,,,,,,,,,,,
Tom Waits,Diamonds & Gold,,,,,,,,,,,,,,,,
Goldfrapp,Monster Love,,,,,,,,,,,,,,,,
Hercules And Love Affair,Easy,,,,,,,,,,,,,,,,
Nas/Scarface,In Between Us,,,,,,,,,,,,,,,,
Sentenced,Excuse Me While I Kill Myself,,,,,,,,,,,,,,,,
Van Halen,Best Of Both Worlds,1.0,0.8,0.0,0.0,1.0,0.8,0.0,0.0,0.0,0.0,0.0,0.0,0.6,0.4,0.8,0.0
Nick Drake,Cello Song,,,,,,,,,,,,,,,,
Queens Of The Stone Age,Skin On Skin,,,,,,,,,,,,,,,,
Van Halen,When It'S Love,,,,,,,,,,,,,,,,
Wolfmother,Joker And The Thief,,,,,,,,,,,,,,,,
Phoenix,Courtesy Laughs,,,,,,,,,,,,,,,,
Unkle,Chemistry,,,,,,,,,,,,,,,,
Onerepublic,All Fall Down,,,,,,,,,,,,,,,,
System Of A Down,Vicinity Of Obscenity,,,,,,,,,,,,,,,,
Andrew W.K.,Ready To Die,,,,,,,,,,,,,,,,
Justice,D.A.N.C.E,,,,,,,,,,,,,,,,
Avenged Sevenfold,Seize The Day,,,,,,,,,,,,,,,,
Cabaret Voltaire,Sensoria,,,,,,,,,,,,,,,,
Dave Brubeck,Take Five,,,,,,,,,,,,,,,,
Keane,Try Again,,,,,,,,,,,,,,,,
Katatonia,Sweet Nurse,,,,,,,,,,,,,,,,
The Clash,What'S My Name,,,,,,,,,,,,,,,,
Ac/Dc,Shake A Leg,,,,,,,,,,,,,,,,
Pj Harvey,Rid Of Me,,,,,,,,,,,,,,,,
The Clash,Wrong 'Em Boyo,,,,,,,,,,,,,,,,
Minor Threat,Screaming At A Wall,1.0,1.0,0.0,0.0,1.0,0.8,0.0,0.0,0.0,0.0,0.0,0.0,0.0,0.0,1.0,0.0
Jimi Hendrix,Stone Free,,,,,,,,,,,,,,,,
Lemon Jelly,Ramblin' Man,,,,,,,,,,,,,,,,
Bright Eyes,Easy/Lucky/Free,,,,,,,,,,,,,,,,
A Perfect Circle,When The Levee Breaks,,,,,,,,,,,,,,,,
The Darkness,Growing On Me,,,,,,,,,,,,,,,,
The Avalanches,Two Hearts In 3/4 Time,0.6,0.4,1.0,0.6,0.0,0.0,0.0,0.0,0.0,0.0,0.0,0.0,0.8,0.6,0.6,0.0
Agonoize,Sacrifice,,,,,,,,,,,,,,,,
Ac/Dc,High Voltage,1.0,0.8,0.0,0.0,1.0,0.6,0.0,0.0,0.0,0.0,0.0,0.0,0.0,0.0,0.8,0.0
Silverchair,Ana'S Song (Open Fire),,,,,,,,,,,,,,,,
Nina Simone,Don'T Let Me Be Misunderstood,,,,,,,,,,,,,,,,
The Killers,Tranquilize (Feat. Lou Reed),,,,,,,,,,,,,,,,
Audioslave,Yesterday To Tomorrow,,,,,,,,,,,,,,,,
Elvis Presley,Don'T Be Cruel,,,,,,,,,,,,,,,,
Iamx,Your Joy Is My Low,,,,,,,,,,,,,,,,
Pearl Jam,State Of Love And Trust,,,,,,,,,,,,,,,,
After Forever,Intrinsic,,,,,,,,,,,,,,,,
Mando Diao,To China With Love,,,,,,,,,,,,,,,,
God Is An Astronaut,Fire Flies And Empty Skies,,,,,,,,,,,,,,,,
Johnny Cash,Cocaine Blues,,,,,,,,,,,,,,,,
Thievery Corporation,The Cosmic Game,,,,,,,,,,,,,,,,
Stars,Celebration Guns,,,,,,,,,,,,,,,,
Incubus,Echo,,,,,,,,,,,,,,,,
Amorphis,The Way,,,,,,,,,,,,,,,,
The Bravery,Give In,,,,,,,,,,,,,,,,
Soundgarden,Blow Up The Outside World,,,,,,,,,,,,,,,,
Beastie Boys,Sure Shot,,,,,,,,,,,,,,,,
The Zutons,Zuton Fever,,,,,,,,,,,,,,,,
Norah Jones,Nightingale,,,,,,,,,,,,,,,,
Ladytron,Season Of Illusions,,,,,,,,,,,,,,,,
Norah Jones,Feelin' The Same Way,,,,,,,,,,,,,,,,
Incubus,Here In My Room,,,,,,,,,,,,,,,,
The Goo Goo Dolls,Dizzy,,,,,,,,,,,,,,,,
The New Pornographers,The Slow Descent Into Alcoholism,,,,,,,,,,,,,,,,
The Chemical Brothers,The Big Jump,,,,,,,,,,,,,,,,
Lcd Soundsystem,Beat Connection,,,,,,,,,,,,,,,,
The Chemical Brothers,Shake Break Bounce,,,,,,,,,,,,,,,,
Deerhunter,Hazel St.,,,,,,,,,,,,,,,,
Hawkwind,The Psychedelic Warlords (Disappear In Smoke),,,,,,,,,,,,,,,,
Lamb,I Cry,,,,,,,,,,,,,,,,
Newton Faulkner,Dream Catch Me,,,,,,,,,,,,,,,,
Evanescence,Field Of Innocence,,,,,,,,,,,,,,,,
Arch Enemy,We Will Rise,,,,,,,,,,,,,,,,
She Wants Revenge,Sister,,,,,,,,,,,,,,,,
Kings Of Leon,Cold Desert,,,,,,,,,,,,,,,,
Auf Der Maur,Lightning Is My Girl,,,,,,,,,,,,,,,,
The Rakes,The World Was A Mess But His Hair Was Perfect,,,,,,,,,,,,,,,,
David Bowie,Andy Warhol,,,,,,,,,,,,,,,,
Chemistry,Nothing,,,,,,,,,,,,,,,,
Oasis,Married With Children,,,,,,,,,,,,,,,,
Jimmy Eat World,Get It Faster,,,,,,,,,,,,,,,,
Ladyhawke,Love Don'T Live Here,,,,,,,,,,,,,,,,
The Cinematic Orchestra,As The Stars Fall,,,,,,,,,,,,,,,,
Rammstein,Stirb Nicht Vor Mir (Don'T Die Before I Do),,,,,,,,,,,,,,,,
Radiohead,Life In A Glass House,,,,,,,,,,,,,,,,
Oasis,Talk Tonight,,,,,,,,,,,,,,,,
Spice Girls,Say You'Ll Be There,,,,,,,,,,,,,,,,
Radiohead,Myxomatosis,,,,,,,,,,,,,,,,
Junior Boys,First Time,,,,,,,,,,,,,,,,
Ben Harper,Waiting On An Angel,,,,,,,,,,,,,,,,
Marilyn Manson,Great Big White World,,,,,,,,,,,,,,,,
Yo La Tengo,Moby Octopad,,,,,,,,,,,,,,,,
Datarock,Princess,,,,,,,,,,,,,,,,
Korn,Shoots And Ladders,,,,,,,,,,,,,,,,
Ben Harper,Walk Away,,,,,,,,,,,,,,,,
Grizzly Bear,Little Brother,,,,,,,,,,,,,,,,
Massive Attack,Hymn Of The Big Wheel,,,,,,,,,,,,,,,,
The Blow,True Affection,,,,,,,,,,,,,,,,
Sleater-Kinney,Rollercoaster,,,,,,,,,,,,,,,,
The Verve,One Day,,,,,,,,,,,,,,,,
Alice In Chains,Dirt,,,,,,,,,,,,,,,,
Machinae Supremacy,Gimme More (Sid),,,,,,,,,,,,,,,,
The Whitest Boy Alive,Figures,,,,,,,,,,,,,,,,
Mazzy Star,Mary Of Silence,,,,,,,,,,,,,,,,
La Roux,Quicksand,,,,,,,,,,,,,,,,
Hellogoodbye,Homewrecker,,,,,,,,,,,,,,,,
Sonata Arctica,Black Sheep,,,,,,,,,,,,,,,,
The Streets,It'S Too Late,,,,,,,,,,,,,,,,
The Kooks,Love It All,,,,,,,,,,,,,,,,
Grandaddy,I'M On Standby,,,,,,,,,,,,,,,,
Voxtrot,Kid Gloves,,,,,,,,,,,,,,,,
Marilyn Manson,Irresponsible Hate Anthem,,,,,,,,,,,,,,,,
Dido,Sand In My Shoes,,,,,,,,,,,,,,,,
Deerhunter,Activa,,,,,,,,,,,,,,,,
Wire,Three Girl Rhumba,,,,,,,,,,,,,,,,
Jimmy Cliff,You Can Get It If You Really Want,,,,,,,,,,,,,,,,
Blonde Redhead,Maddening Cloud,,,,,,,,,,,,,,,,
Boards Of Canada,Hey Saturday Sun,,,,,,,,,,,,,,,,
Incubus,Consequence,,,,,,,,,,,,,,,,
Beirut,In The Mausoluem,,,,,,,,,,,,,,,,
The Decemberists,The Soldiering Life,,,,,,,,,,,,,,,,
The Knife,A Lung,,,,,,,,,,,,,,,,
Foo Fighters,Low,,,,,,,,,,,,,,,,
The Stooges,Penetration,,,,,,,,,,,,,,,,
The Knife,Behind The Bushes,,,,,,,,,,,,,,,,
Linkin Park,Session,,,,,,,,,,,,,,,,
Röyksopp,You Don'T Have A Clue,,,,,,,,,,,,,,,,
The Goo Goo Dolls,Naked,,,,,,,,,,,,,,,,
Joni Mitchell,All I Want,,,,,,,,,,,,,,,,
The Kooks,See The Sun,,,,,,,,,,,,,,,,
Massive Attack,Small Time Shot Away,,,,,,,,,,,,,,,,
In Flames,Episode 666,,,,,,,,,,,,,,,,
Black Sabbath,Killing Yourself To Live,,,,,,,,,,,,,,,,
Architecture In Helsinki,Lazy (Lazy),,,,,,,,,,,,,,,,
Yazoo,Midnight,,,,,,,,,,,,,,,,
Michael Jackson,I Just Can'T Stop Loving You,,,,,,,,,,,,,,,,
Red Hot Chili Peppers,C'Mon Girl,,,,,,,,,,,,,,,,
My Brightest Diamond,Golden Star,,,,,,,,,,,,,,,,
Ratatat,Breaking Away,,,,,,,,,,,,,,,,
Mirwais,Disco Science,,,,,,,,,,,,,,,,
Pantera,Shattered,,,,,,,,,,,,,,,,
Beach House,Turtle Island,,,,,,,,,,,,,,,,
Clark,Ted,,,,,,,,,,,,,,,,
The 69 Eyes,Velvet Touch,,,,,,,,,,,,,,,,
Auf Der Maur,My Foggy Notion,,,,,,,,,,,,,,,,
Yelle,Ce Jeu,,,,,,,,,,,,,,,,
Madonna,Love Profusion,,,,,,,,,,,,,,,,
Kings Of Leon,Rememo,,,,,,,,,,,,,,,,
The Smashing Pumpkins,Pug,,,,,,,,,,,,,,,,
Michael Bublé,Home,,,,,,,,,,,,,,,,
Shiny Toy Guns,Shaken,,,,,,,,,,,,,,,,
Kings Of Leon,Trunk,,,,,,,,,,,,,,,,
The Streets,Let'S Push Things Forward,,,,,,,,,,,,,,,,
Derek And The Dominos,Layla,,,,,,,,,,,,,,,,
Ambulance Ltd,Yoga Means Union,,,,,,,,,,,,,,,,
The Academy Is...,Attention,,,,,,,,,,,,,,,,
Yann Tiersen,La Redécouverte,,,,,,,,,,,,,,,,
Gustavo Cerati,Me Quedo Aquí,,,,,,,,,,,,,,,,
Broadcast,Poem Of Dead Song,,,,,,,,,,,,,,,,
The Zutons,Confusion,,,,,,,,,,,,,,,,
The New Pornographers,From Blown Speakers,,,,,,,,,,,,,,,,
Sigur Rós,Untitled,,,,,,,,,,,,,,,,
Oasis,Ain'T Got Nothin',,,,,,,,,,,,,,,,
Nightwish,The Pharaoh Sails To Orion,,,,,,,,,,,,,,,,
Gang Of Four,Guns Before Butter,,,,,,,,,,,,,,,,
Anna Nalick,Wreck Of The Day,,,,,,,,,,,,,,,,
Hawthorne Heights,Ohio Is For Lovers,,,,,,,,,,,,,,,,
Slayer,War Ensemble,,,,,,,,,,,,,,,,
I'M From Barcelona,Oversleeping,,,,,,,,,,,,,,,,
Pendulum,Fasten Your Seatbelt (Feat. The Freestylers),,,,,,,,,,,,,,,,
Yellowcard,Breathing,,,,,,,,,,,,,,,,
Placebo,Bionic,0.8,0.6,0.0,0.2,0.8,0.6,0.0,0.0,0.0,0.0,0.0,0.0,0.6,0.6,0.8,0.0
Audioslave,Sound Of A Gun,,,,,,,,,,,,,,,,
Fall Out Boy,Fame < Infamy,,,,,,,,,,,,,,,,
Gnarls Barkley,The Last Time,,,,,,,,,,,,,,,,
Mogwai,Tracy,,,,,,,,,,,,,,,,
Panzer Ag,When Death Embrace Me,,,,,,,,,,,,,,,,
Radiohead,Blow Out,,,,,,,,,,,,,,,,
Garbage,A Stroke Of Luck,,,,,,,,,,,,,,,,
Sonic Youth,My Friend Goo,,,,,,,,,,,,,,,,
Phoenix,Rally,,,,,,,,,,,,,,,,
Glasvegas,Daddy'S Gone,,,,,,,,,,,,,,,,
Interpol,Song Seven,,,,,,,,,,,,,,,,
Judas Priest,Living After Midnight,,,,,,,,,,,,,,,,
Misfits,Skulls,,,,,,,,,,,,,,,,
Scorpions,Holiday,,,,,,,,,,,,,,,,
Wilco,Red-Eyed And Blue,,,,,,,,,,,,,,,,
The Dandy Warhols,Mohammed,,,,,,,,,,,,,,,,
Aqualung,Tongue-Tied,,,,,,,,,,,,,,,,
Hard-Fi,Gotta Reason,,,,,,,,,,,,,,,,
Blackfield,Pain,,,,,,,,,,,,,,,,
The Doors,End Of The Night,,,,,,,,,,,,,,,,
Rufus Wainwright,The One You Love,,,,,,,,,,,,,,,,
Keane,Untitled 1,,,,,,,,,,,,,,,,
Lamb Of God,Laid To Rest,,,,,,,,,,,,,,,,
Nouvelle Vague,Teenage Kicks,,,,,,,,,,,,,,,,
The Prodigy,Serial Thrilla,,,,,,,,,,,,,,,,
The Raveonettes,Dead Sound,,,,,,,,,,,,,,,,
The Flaming Lips,Vein Of Stars,,,,,,,,,,,,,,,,
Anna Nalick,Forever Love (Digame),,,,,,,,,,,,,,,,
Ratatat,Lapland,,,,,,,,,,,,,,,,
Opeth,Ending Credits,,,,,,,,,,,,,,,,
My Chemical Romance,I Never Told You What I Do For A Living,,,,,,,,,,,,,,,,
Bob Marley & The Wailers,Sun Is Shining,,,,,,,,,,,,,,,,
The Bird And The Bee,How Deep Is Your Love,,,,,,,,,,,,,,,,
The Used,The Taste Of Ink,,,,,,,,,,,,,,,,
Roxy Music,Do The Strand,,,,,,,,,,,,,,,,
Michael Jackson,Earth Song,,,,,,,,,,,,,,,,
Paramore,All We Know,,,,,,,,,,,,,,,,
Bob Dylan,You'Re A Big Girl Now,,,,,,,,,,,,,,,,
Beck,Novacane,,,,,,,,,,,,,,,,
Moby,Run On,,,,,,,,,,,,,,,,
Santogold,Unstoppable,,,,,,,,,,,,,,,,
Bob Dylan,Simple Twist Of Fate,,,,,,,,,,,,,,,,
Vnv Nation,Darkangel,,,,,,,,,,,,,,,,
Gorillaz,El Mañana,,,,,,,,,,,,,,,,
Boards Of Canada,Sixtyniner,,,,,,,,,,,,,,,,
Art Brut,Direct Hit,,,,,,,,,,,,,,,,
Mando Diao,Josephine,,,,,,,,,,,,,,,,
Faithless,One Step Too Far,0.4,0.2,0.8,0.4,0.0,0.0,0.0,0.0,0.0,0.2,0.0,0.0,0.8,0.6,0.6,0.0
Garbage,The Trick Is To Keep Breathing,,,,,,,,,,,,,,,,
Nancy Sinatra,These Boots Are Made For Walking,,,,,,,,,,,,,,,,
The Smiths,I Won'T Share You,,,,,,,,,,,,,,,,
Sophie Ellis-Bextor,Catch You,,,,,,,,,,,,,,,,
Thievery Corporation,Marching The Hate Machines (Into The Sun) (Feat. The Flaming Lips),,,,,,,,,,,,,,,,
Fall Out Boy,Chicago Is So Two Years Ago,,,,,,,,,,,,,,,,
Porcupine Tree,Four Chords That Made A Million,,,,,,,,,,,,,,,,
The Cure,A Letter To Elise,,,,,,,,,,,,,,,,
The Subways,Holiday,,,,,,,,,,,,,,,,
Pinback,From Nothing To Nowhere,,,,,,,,,,,,,,,,
The Jesus And Mary Chain,You Trip Me Up,,,,,,,,,,,,,,,,
Yes,Roundabout,,,,,,,,,,,,,,,,
Serj Tankian,Baby,,,,,,,,,,,,,,,,
Creedence Clearwater Revisited,Run Through The Jungle,,,,,,,,,,,,,,,,
Soundgarden,Pretty Noose,,,,,,,,,,,,,,,,
Depeche Mode,Goodnight Lovers,,,,,,,,,,,,,,,,
The Rolling Stones,19Th Nervous Breakdown,,,,,,,,,,,,,,,,
Marilyn Manson,Posthuman,,,,,,,,,,,,,,,,
A.C. Newman,Better Than Most,,,,,,,,,,,,,,,,
The Libertines,The Saga,,,,,,,,,,,,,,,,
Dangerdoom,El Chupa Nibre,,,,,,,,,,,,,,,,
Soulwax,Krack,,,,,,,,,,,,,,,,
The Beach Boys,Don'T Talk (Put Your Head On My Shoulder),,,,,,,,,,,,,,,,
P!Nk,'Cuz I Can,,,,,,,,,,,,,,,,
P!Nk,Leave Me Alone (I'M Lonely),,,,,,,,,,,,,,,,
Limp Bizkit,Take A Look Around,,,,,,,,,,,,,,,,
Zeigeist,Humanitarianism,,,,,,,,,,,,,,,,
Morrissey,On The Streets I Ran,0.8,0.4,0.0,0.4,0.8,0.6,0.0,0.6,0.0,0.0,0.6,0.0,0.4,0.2,0.8,0.0
Neutral Milk Hotel,Naomi,,,,,,,,,,,,,,,,
Pavement,Blue Hawaiian,,,,,,,,,,,,,,,,
Rod Stewart,Maggie May,,,,,,,,,,,,,,,,
This Will Destroy You,Happiness: We'Re All In It Together,,,,,,,,,,,,,,,,
Pj Harvey,Before Departure,,,,,,,,,,,,,,,,
The Mountain Goats,No Children,,,,,,,,,,,,,,,,
65Daysofstatic,This Cat Is A Landmine,,,,,,,,,,,,,,,,
Morrissey,To Me You Are A Work Of Art,,,,,,,,,,,,,,,,
Morrissey,The World Is Full Of Crashing Bores,,,,,,,,,,,,,,,,
Pendulum,The Terminal,,,,,,,,,,,,,,,,
Amy Winehouse,I Heard Love Is Blind,,,,,,,,,,,,,,,,
Ladytron,Burning Up,,,,,,,,,,,,,,,,
The Cure,The Caterpillar,,,,,,,,,,,,,,,,
The Smashing Pumpkins,Galapogos,,,,,,,,,,,,,,,,
Nine Inch Nails,Eraser,,,,,,,,,,,,,,,,
Amy Macdonald,A Wish For Something More,,,,,,,,,,,,,,,,
Dark Tranquillity,The Lesser Faith,,,,,,,,,,,,,,,,
Emilie Autumn,Swallow,,,,,,,,,,,,,,,,
Archive,Again,,,,,,,,,,,,,,,,
Coldplay,X & Y,,,,,,,,,,,,,,,,
Édith Piaf,La Vie En Rose,,,,,,,,,,,,,,,,
Sublime,Caress Me Down,,,,,,,,,,,,,,,,
Cocorosie,Madonna,,,,,,,,,,,,,,,,
Pj Harvey,C'Mon Billy,,,,,,,,,,,,,,,,
Built To Spill,Car,,,,,,,,,,,,,,,,
Tactical Sekt,Bring Me Violence,,,,,,,,,,,,,,,,
White Lies,Death,,,,,,,,,,,,,,,,
The Black Keys,All Hands Against His Own,,,,,,,,,,,,,,,,
Basement Jaxx,Romeo,,,,,,,,,,,,,,,,
Pixies,Levitate Me,,,,,,,,,,,,,,,,
Spiritualized,Come Together,,,,,,,,,,,,,,,,
Amorphis,Under A Soil And Black Stone,,,,,,,,,,,,,,,,
Britney Spears,Get Back,,,,,,,,,,,,,,,,
Counting Crows,Rain King,,,,,,,,,,,,,,,,
Him,Rip Out The Wings Of A Butterfly,,,,,,,,,,,,,,,,
Iron & Wine,Gray Stables,,,,,,,,,,,,,,,,
Ensiferum,Sword Chant,,,,,,,,,,,,,,,,
Kate Nash,Skeleton Song,,,,,,,,,,,,,,,,
Le Tigre,The The Empty,,,,,,,,,,,,,,,,
Manic Street Preachers,Send Away The Tigers,,,,,,,,,,,,,,,,
The Beatles,I'Ll Follow The Sun,,,,,,,,,,,,,,,,
Stereophonics,Mr. Writer,,,,,,,,,,,,,,,,
Junior Boys,Count Souvenirs,,,,,,,,,,,,,,,,
Minus The Bear,Monkey!!! Knife!!! Fight!!!,,,,,,,,,,,,,,,,
Blink-182,Stay Together For The Kids,,,,,,,,,,,,,,,,
The Jesus And Mary Chain,Happy When It Rains,,,,,,,,,,,,,,,,
Husky Rescue,Summertime Cowboy,,,,,,,,,,,,,,,,
The Format,The First Single,,,,,,,,,,,,,,,,
Peter Bjorn And John,Up Against The Wall,,,,,,,,,,,,,,,,
Strapping Young Lad,Love?,1.0,1.0,0.0,0.2,1.0,1.0,0.0,0.0,0.0,0.0,0.2,0.0,0.6,0.8,1.0,0.0
The Smashing Pumpkins,Daphne Descends,,,,,,,,,,,,,,,,
Okkervil River,A Stone,,,,,,,,,,,,,,,,
Soilwork,Departure Plan,,,,,,,,,,,,,,,,
Leonard Cohen,The Partisan,,,,,,,,,,,,,,,,
The Killers,Sweet Talk,,,,,,,,,,,,,,,,
Sunset Rubdown,Shut Up I Am Dreaming Of Places Where Lovers Have Wings,,,,,,,,,,,,,,,,
Dark Tranquillity,The Mundane And The Magic,,,,,,,,,,,,,,,,
Goldfrapp,Pilots,,,,,,,,,,,,,,,,
Metric,Monster Hospital (Mstrkrft Remix),,,,,,,,,,,,,,,,
A Fine Frenzy,Almost Lover,0.2,0.2,0.0,0.2,0.0,0.0,0.8,0.6,0.0,1.0,0.0,0.0,0.0,0.0,0.4,0.0
Sunset Rubdown,The Men Are Called Horsemen There,,,,,,,,,,,,,,,,
David Gray,This Years Love,,,,,,,,,,,,,,,,
Sunrise Avenue,Fairytale Gone Bad,,,,,,,,,,,,,,,,
Patrick Wolf,The Stars,,,,,,,,,,,,,,,,
Electric Light Orchestra Part Ii,Livin' Thing,,,,,,,,,,,,,,,,
The Haunted,99,,,,,,,,,,,,,,,,
Francisca Valenzuela,Afortunada,,,,,,,,,,,,,,,,
Kasabian,I.D.,,,,,,,,,,,,,,,,
In Flames,Square Nothing,,,,,,,,,,,,,,,,
Chemistry,It Takes Two,,,,,,,,,,,,,,,,
The Goo Goo Dolls,Broadway,,,,,,,,,,,,,,,,
Foo Fighters,Razor,,,,,,,,,,,,,,,,
Slow Train Soul,Naturally,,,,,,,,,,,,,,,,
Kid Loco,Relaxin' With Cherry,,,,,,,,,,,,,,,,
Alice In Chains,We Die Young,,,,,,,,,,,,,,,,
Dimmu Borgir,Allehelgens Død I Helveds Rike,,,,,,,,,,,,,,,,
Midlake,We Gathered In Spring,,,,,,,,,,,,,,,,
Cartel,Burn This City,,,,,,,,,,,,,,,,
Black Sabbath,Heaven And Hell,,,,,,,,,,,,,,,,
Grizzly Bear,Central And Remote,,,,,,,,,,,,,,,,
Basement Jaxx,Oh My Gosh,,,,,,,,,,,,,,,,
The Zutons,Why Won'T You Give Me Your Love?,,,,,,,,,,,,,,,,
Dispatch,The General,,,,,,,,,,,,,,,,
Neil Young,Harvest,,,,,,,,,,,,,,,,
Katatonia,I Break,,,,,,,,,,,,,,,,
Funeral For A Friend,Monsters,,,,,,,,,,,,,,,,
The Maccabees,Precious Time,,,,,,,,,,,,,,,,
M83,Be Wild,,,,,,,,,,,,,,,,
Morrissey,Interesting Drug,,,,,,,,,,,,,,,,
Tenacious D,One Note Song,,,,,,,,,,,,,,,,
Tori Amos,Mother,,,,,,,,,,,,,,,,
The Weepies,World Spins Madly On,,,,,,,,,,,,,,,,
God Is An Astronaut,Fragile,,,,,,,,,,,,,,,,
Nine Inch Nails,And All That Could Have Been,,,,,,,,,,,,,,,,
Jimmy Eat World,Polaris,,,,,,,,,,,,,,,,
Air,J'Ai Dormi Sous L'Eau,,,,,,,,,,,,,,,,
Brand New,Not The Sun,,,,,,,,,,,,,,,,
Kasabian,Orange (Interlude),,,,,,,,,,,,,,,,
Death Cab For Cutie,Coney Island,,,,,,,,,,,,,,,,
Cocorosie,Bloody Twins,,,,,,,,,,,,,,,,
Pixies,Into The White,,,,,,,,,,,,,,,,
Bob Dylan,Highway 61 Revisited,,,,,,,,,,,,,,,,
Tegan And Sara,My Number,,,,,,,,,,,,,,,,
Elton John,Candle In The Wind,,,,,,,,,,,,,,,,
The Clash,I'M Not Down,,,,,,,,,,,,,,,,
Zero 7,Your Place,,,,,,,,,,,,,,,,
The Long Blondes,Guilt,,,,,,,,,,,,,,,,
The Long Blondes,Only Lovers Left Alive,,,,,,,,,,,,,,,,
Johnossi,Man Must Dance,,,,,,,,,,,,,,,,
Moby,Great Escape,,,,,,,,,,,,,,,,
Oasis,The Nature Of Reality,,,,,,,,,,,,,,,,
Everlast,What It'S Like,,,,,,,,,,,,,,,,
I Love You But I'Ve Chosen Darkness,According To Plan,,,,,,,,,,,,,,,,
Mogwai,Take Me Somewhere Nice,,,,,,,,,,,,,,,,
Amon Tobin,Esther'S,0.4,0.4,0.8,0.6,0.0,0.0,0.0,0.0,0.0,0.0,0.0,0.0,1.0,0.8,0.0,0.0
Poisonblack,Rush,,,,,,,,,,,,,,,,
Michael Jackson,They Don'T Care About Us,,,,,,,,,,,,,,,,
The Von Bondies,C'Mon C'Mon,,,,,,,,,,,,,,,,
Blur,Coffee And Tv,,,,,,,,,,,,,,,,
M83,Cyborg,,,,,,,,,,,,,,,,
Nine Inch Nails,Complication,,,,,,,,,,,,,,,,
Devendra Banhart,Quedate Luna,,,,,,,,,,,,,,,,
Pj Harvey,Pocket Knife,,,,,,,,,,,,,,,,
Iron & Wine,Freedom Hangs Like Heaven,,,,,,,,,,,,,,,,
Fever Ray,Concrete Walls,,,,,,,,,,,,,,,,
Miss Kittin & The Hacker,Frank Sinatra,,,,,,,,,,,,,,,,
Blur,Death Of A Party,,,,,,,,,,,,,,,,
Viikate,Ei Enkeleitä,,,,,,,,,,,,,,,,
The Rifles,One Night Stand,,,,,,,,,,,,,,,,
Gorillaz,Starshine,,,,,,,,,,,,,,,,
Tiga,Louder Than A Bomb,,,,,,,,,,,,,,,,
Blind Guardian,The Bard'S Song: In The Forest,,,,,,,,,,,,,,,,
Onerepublic,All We Are,,,,,,,,,,,,,,,,
Ash,Goldfinger,,,,,,,,,,,,,,,,
Mason Vs. Princess Superstar,Perfect Exceeder,,,,,,,,,,,,,,,,
Deepest Blue,Give It Away,,,,,,,,,,,,,,,,
Weezer,We Are All On Drugs,,,,,,,,,,,,,,,,
Arctic Monkeys,Cigarette Smoker Fiona,,,,,,,,,,,,,,,,
Hellogoodbye,I Saw It On Your Keyboard,,,,,,,,,,,,,,,,
Helios,Bless This Morning Year,,,,,,,,,,,,,,,,
Cat Power,Say,,,,,,,,,,,,,,,,
Elliott Smith,No Name #3,,,,,,,,,,,,,,,,
Godsmack,I Stand Alone,,,,,,,,,,,,,,,,
Kettcar,Balu,,,,,,,,,,,,,,,,
Razorlight,Up All Night,,,,,,,,,,,,,,,,
Red Hot Chili Peppers,If You Have To Ask,,,,,,,,,,,,,,,,
My Morning Jacket,What A Wonderful Man,,,,,,,,,,,,,,,,
The Jimi Hendrix Experience,Fire,,,,,,,,,,,,,,,,
Porcupine Tree,Pure Narcotic,,,,,,,,,,,,,,,,
P!Nk,Nobody Knows,,,,,,,,,,,,,,,,
Weezer,Troublemaker,,,,,,,,,,,,,,,,
Muse,Overdue,0.0,0.0,0.0,0.0,0.0,0.0,1.0,0.0,0.0,0.0,0.0,0.0,0.0,0.0,0.0,0.0
Anberlin,The Unwinding Cable Car,,,,,,,,,,,,,,,,
Green Day,Time Of Your Life,,,,,,,,,,,,,,,,
The Jam,Down In The Tube Station At Midnight,,,,,,,,,,,,,,,,
Mastodon,Ísland,,,,,,,,,,,,,,,,
The Beach Boys,California Girls,,,,,,,,,,,,,,,,
Judas Priest,The Hellion,,,,,,,,,,,,,,,,
Agalloch,Falling Snow,,,,,,,,,,,,,,,,
Sonic Youth,Swimsuit Issue,,,,,,,,,,,,,,,,
Nightwish,End Of All Hope,,,,,,,,,,,,,,,,
Nightwish,Moondance,,,,,,,,,,,,,,,,
The Beatles,The Night Before,,,,,,,,,,,,,,,,
Eisley,I Wasn'T Prepared,0.6,0.4,0.0,0.4,0.6,0.4,0.8,0.4,0.0,0.6,0.0,0.0,0.2,0.0,0.6,0.0
The Gathering,Frail (You Might As Well Be Me),,,,,,,,,,,,,,,,
Rachel Stevens,Some Girls,,,,,,,,,,,,,,,,
Jamie T,So Lonely Was The Ballad,,,,,,,,,,,,,,,,
Deerhoof,The Galaxist,,,,,,,,,,,,,,,,
Infected Mushroom,Becoming Insane,,,,,,,,,,,,,,,,
Hellogoodbye,All Time Lows,,,,,,,,,,,,,,,,
Bonobo,Sleepy Seven,,,,,,,,,,,,,,,,
Rufus Wainwright,Agnus Dei,,,,,,,,,,,,,,,,
Good Charlotte,I Just Wanna Live,1.0,0.8,0.8,0.4,1.0,0.8,0.0,0.0,0.0,0.0,0.0,0.0,0.6,0.8,0.8,0.0
Children Of Bodom,Taste Of My Scythe,,,,,,,,,,,,,,,,
Disturbed,Decadence,,,,,,,,,,,,,,,,
Devendra Banhart,The Body Breaks,,,,,,,,,,,,,,,,
Babyshambles,8 Dead Boys,,,,,,,,,,,,,,,,
Aqualung,Breaking My Heart,,,,,,,,,,,,,,,,
Good Charlotte,The River (Feat. M. Shadows And Synyster Gates),,,,,,,,,,,,,,,,
Rufus Wainwright,Little Sister,,,,,,,,,,,,,,,,
Rufus Wainwright,Grey Gardens,,,,,,,,,,,,,,,,
Keane,Again And Again,,,,,,,,,,,,,,,,
Eisley,Marvelous Things,,,,,,,,,,,,,,,,
Badly Drawn Boy,Silent Sigh,0.6,0.2,0.4,0.4,0.0,0.0,0.6,0.6,0.0,0.6,0.0,0.0,0.6,0.4,0.6,0.0
Arcade Fire,Haïti,,,,,,,,,,,,,,,,
Queens Of The Stone Age,Song For The Dead,,,,,,,,,,,,,,,,
Björk,Desired Constellation,,,,,,,,,,,,,,,,
Arctic Monkeys,Who The Fuck Are Arctic Monkeys?,,,,,,,,,,,,,,,,
Apocalyptica,Enter Sandman,,,,,,,,,,,,,,,,
Elliott Smith,Little One,,,,,,,,,,,,,,,,
Adele,Right As Rain,,,,,,,,,,,,,,,,
Ash,Girl From Mars,,,,,,,,,,,,,,,,
Cunninlynguists,Lynguistics,,,,,,,,,,,,,,,,
Pearl Jam,Marker In The Sand,,,,,,,,,,,,,,,,
Gustavo Cerati,Crimen,,,,,,,,,,,,,,,,
Arctic Monkeys,No Buses,,,,,,,,,,,,,,,,
Nirvana,Plateau,,,,,,,,,,,,,,,,
Placebo,Where Is My Mind,,,,,,,,,,,,,,,,
Matthew Dear,Deserter,,,,,,,,,,,,,,,,
Nick Drake,Sunday,,,,,,,,,,,,,,,,
Iamx,Sailor,,,,,,,,,,,,,,,,
Placebo,Second Sight,,,,,,,,,,,,,,,,
Nick Cave & The Bad Seeds,Song Of Joy,,,,,,,,,,,,,,,,
Doves,Break Me Gently,0.6,0.4,0.2,0.4,0.6,0.4,0.0,0.0,0.0,0.4,0.6,0.0,0.6,0.4,0.6,0.0
+44,No It Isn'T,,,,,,,,,,,,,,,,
Clap Your Hands Say Yeah,Gimme Some Salt,,,,,,,,,,,,,,,,
Antony And The Johnsons,River Of Sorrow,,,,,,,,,,,,,,,,
Doves,Some Cities,,,,,,,,,,,,,,,,
Björk,Pneumonia,,,,,,,,,,,,,,,,
Deftones,Pink Cellphone,,,,,,,,,,,,,,,,
Beck,Everybody'S Gotta Learn Sometime,,,,,,,,,,,,,,,,
Garbage,Bad Boyfriend,,,,,,,,,,,,,,,,
Alanis Morissette,Forgiven,,,,,,,,,,,,,,,,
The Doors,I Looked At You,,,,,,,,,,,,,,,,
Late Of The Pier,Focker,,,,,,,,,,,,,,,,
Pendulum,Girl In The Fire,,,,,,,,,,,,,,,,
Shakira,Inevitable,,,,,,,,,,,,,,,,
Darkthrone,The Claws Of Time,,,,,,,,,,,,,,,,
Ladytron,Commodore Rock,,,,,,,,,,,,,,,,
Black Lips,Veni Vidi Vici,,,,,,,,,,,,,,,,
Frank Sinatra,I Get A Kick Out Of You,,,,,,,,,,,,,,,,
Paradise Lost,One Second,,,,,,,,,,,,,,,,
Manu Chao,Rainin In Paradize,,,,,,,,,,,,,,,,
Soilwork,Observation Slave,,,,,,,,,,,,,,,,
Him,The Path,,,,,,,,,,,,,,,,
Brand New,Degausser,,,,,,,,,,,,,,,,
The Beatles,I'M A Loser,,,,,,,,,,,,,,,,
The Goo Goo Dolls,Let Love In,,,,,,,,,,,,,,,,
Ladyhawke,Manipulating Woman,,,,,,,,,,,,,,,,
Les Savy Fav,The Year Before The Year 2000,,,,,,,,,,,,,,,,
Craig Armstrong,Weather Storm,,,,,,,,,,,,,,,,
Rilo Kiley,So Long,,,,,,,,,,,,,,,,
Pink Floyd,On The Turning Away,,,,,,,,,,,,,,,,
T.M.Revolution,Invoke -インヴォーク-,,,,,,,,,,,,,,,,
Black Flag,Nervous Breakdown,,,,,,,,,,,,,,,,
The Unicorns,Let'S Get Known,,,,,,,,,,,,,,,,
Public Image Ltd.,This Is Not A Love Song,,,,,,,,,,,,,,,,
Zero 7,Morning Song,,,,,,,,,,,,,,,,
The Jesus And Mary Chain,Blues From A Gun,,,,,,,,,,,,,,,,
Kent,400 Slag,,,,,,,,,,,,,,,,
Ulrich Schnauss,A Letter From Home,,,,,,,,,,,,,,,,
At The Drive-In,Enfilade,,,,,,,,,,,,,,,,
Elliott Smith,The Last Hour,,,,,,,,,,,,,,,,
Oasis,Digsy'S Dinner,,,,,,,,,,,,,,,,
The Beatles,Mother Nature'S Son,,,,,,,,,,,,,,,,
Bright Eyes,Cleanse Song,,,,,,,,,,,,,,,,
Kent,Dom Andra,,,,,,,,,,,,,,,,
Rilo Kiley,A Man/Me/Then Jim,,,,,,,,,,,,,,,,
Queens Of The Stone Age,Give The Mule What He Wants,,,,,,,,,,,,,,,,
Him,Drunk On Shadows,,,,,,,,,,,,,,,,
John Lennon,Woman,,,,,,,,,,,,,,,,
Tom Waits,Hang Down Your Head,,,,,,,,,,,,,,,,
Dream Theater,The Spirit Carries On,,,,,,,,,,,,,,,,
Pink Floyd,Summer '68,,,,,,,,,,,,,,,,
Jarvis Cocker,Black Magic,,,,,,,,,,,,,,,,
Morrissey,I Just Want To See The Boy Happy,,,,,,,,,,,,,,,,
Morrissey,I Like You,,,,,,,,,,,,,,,,
Morrissey,I'M Not Sorry,,,,,,,,,,,,,,,,
The Long Blondes,You Could Have Both,,,,,,,,,,,,,,,,
Sufjan Stevens,Adlai Stevenson,,,,,,,,,,,,,,,,
Alice In Chains,Would,,,,,,,,,,,,,,,,
Moby,Another Woman,,,,,,,,,,,,,,,,
Seal,Crazy,,,,,,,,,,,,,,,,
Manu Chao,Me Llaman Calle,,,,,,,,,,,,,,,,
Björk,Heirloom,,,,,,,,,,,,,,,,
The Kooks,Down To The Market,,,,,,,,,,,,,,,,
Soilwork,Natural Born Chaos,,,,,,,,,,,,,,,,
Keyshia Cole,You'Ve Changed,,,,,,,,,,,,,,,,
Late Of The Pier,Broken,,,,,,,,,,,,,,,,
Mirah,Mt. St. Helens,,,,,,,,,,,,,,,,
Porcupine Tree,Shesmovedon,,,,,,,,,,,,,,,,
The Flaming Lips,She Don'T Use Jelly,,,,,,,,,,,,,,,,
Editors,Spiders,,,,,,,,,,,,,,,,
Camera Obscura,Keep It Clean,,,,,,,,,,,,,,,,
Robots In Disguise,Voodoo,,,,,,,,,,,,,,,,
Modest Mouse,All Night Diner,,,,,,,,,,,,,,,,
Adele,My Same,,,,,,,,,,,,,,,,
Adele,Melt My Heart To Stone,,,,,,,,,,,,,,,,
Angels & Airwaves,Valkyrie Missile,,,,,,,,,,,,,,,,
Depeche Mode,Macro,,,,,,,,,,,,,,,,
Sons And Daughters,Gilt Complex,,,,,,,,,,,,,,,,
The Stills,Love And Death,,,,,,,,,,,,,,,,
The Beatles,Two Of Us,,,,,,,,,,,,,,,,
Nirvana,Floyd The Barber,,,,,,,,,,,,,,,,
Wilco,The Late Greats,,,,,,,,,,,,,,,,
Zwan,Declarations Of Faith,,,,,,,,,,,,,,,,
Daft Punk,Burnin',,,,,,,,,,,,,,,,
Dead Kennedys,When Ya Get Drafted,,,,,,,,,,,,,,,,
Slipknot,Prelude 3.0,,,,,,,,,,,,,,,,
Elliott Smith,Pretty Mary K,,,,,,,,,,,,,,,,
Elliott Smith,Last Call,,,,,,,,,,,,,,,,
Blackfield,Glow,,,,,,,,,,,,,,,,
Engineers,Let'S Just See,,,,,,,,,,,,,,,,
System Of A Down,U-Fig,,,,,,,,,,,,,,,,
Mazzy Star,Blue Light,,,,,,,,,,,,,,,,
Kings Of Convenience,The Weight Of My Words,,,,,,,,,,,,,,,,
Catatonia,Mulder And Scully,,,,,,,,,,,,,,,,
Camera Obscura,Razzle Dazzle Rose,,,,,,,,,,,,,,,,
Tori Amos,Parasol,,,,,,,,,,,,,,,,
Stone Sour,Come What(Ever) May,,,,,,,,,,,,,,,,
Modest Mouse,What People Are Made Of,,,,,,,,,,,,,,,,
Modest Mouse,Polar Opposites,,,,,,,,,,,,,,,,
Deerhunter,Green Jacket,,,,,,,,,,,,,,,,
Judas Priest,A Touch Of Evil,,,,,,,,,,,,,,,,
Cold War Kids,Robbers,,,,,,,,,,,,,,,,
Modest Mouse,Out Of Gas,,,,,,,,,,,,,,,,
Radiohead,A Punchup At A Wedding. (No No No No No No No No.),,,,,,,,,,,,,,,,
A.C. Newman,Secretarial,0.8,0.6,0.0,0.4,0.6,0.2,0.4,0.0,0.0,0.4,0.0,0.0,0.6,0.4,0.8,0.0
Elvis Presley,All Shook Up,,,,,,,,,,,,,,,,
Primal Scream,Higher Than The Sun,,,,,,,,,,,,,,,,
Kanye West,All Falls Down,,,,,,,,,,,,,,,,
The Magnetic Fields,A Chicken With Its Head Cut Off,,,,,,,,,,,,,,,,
Nightwish,Sacrament Of Wilderness,,,,,,,,,,,,,,,,
The Verve,Space And Time,,,,,,,,,,,,,,,,
Modest Mouse,Jesus Christ Was An Only Child,,,,,,,,,,,,,,,,
Sentenced,Blood & Tears,,,,,,,,,,,,,,,,
Black Flag,Depression,,,,,,,,,,,,,,,,
Pj Harvey,50Ft Queenie,,,,,,,,,,,,,,,,
Giant Drag,Wicked Game,,,,,,,,,,,,,,,,
Nightmares On Wax,Les Nuits,,,,,,,,,,,,,,,,
Acceptance,Take Cover,0.8,0.6,0.4,0.2,0.8,0.6,0.4,0.0,0.0,0.0,0.0,0.0,0.4,0.4,0.8,0.0
Limp Bizkit,My Generation,,,,,,,,,,,,,,,,
A.C. Newman,The Cloud Prayer,0.8,0.4,0.0,0.6,0.6,0.2,0.8,0.0,0.0,0.4,0.2,0.0,0.4,0.2,0.8,0.0
Katy Perry,Ur So Gay,,,,,,,,,,,,,,,,
The 69 Eyes,Framed In Blood,,,,,,,,,,,,,,,,
Radiohead,Down Is The New Up,,,,,,,,,,,,,,,,
Jimmy Eat World,Your House,,,,,,,,,,,,,,,,
Gorillaz,El Mañana (Metronomy Remix),,,,,,,,,,,,,,,,
Pj Harvey,Meet Ze Monsta,,,,,,,,,,,,,,,,
The Cure,Other Voices,,,,,,,,,,,,,,,,
Razorlight,Los Angeles Waltz,,,,,,,,,,,,,,,,
The Duke Spirit,Bottom Of The Sea,0.8,0.6,0.0,0.4,1.0,0.8,0.0,0.0,0.0,0.0,0.0,0.0,0.0,0.0,0.8,0.0
Noir Désir,Le Vent Nous Portera,,,,,,,,,,,,,,,,
Keyshia Cole,Situations,,,,,,,,,,,,,,,,
Faith No More,Last Cup Of Sorrow,,,,,,,,,,,,,,,,
Red Hot Chili Peppers,I Like Dirt,,,,,,,,,,,,,,,,
Porcupine Tree,.3,,,,,,,,,,,,,,,,
System Of A Down,36,,,,,,,,,,,,,,,,
Animal Collective,Sweet Road,,,,,,,,,,,,,,,,
Stars,The Beginning After The End,,,,,,,,,,,,,,,,
Joy Division,Komakino,,,,,,,,,,,,,,,,
Lazlo Bane,Superman,,,,,,,,,,,,,,,,
Red Hot Chili Peppers,If,,,,,,,,,,,,,,,,
Belle And Sebastian,We Rule The School,,,,,,,,,,,,,,,,
The Velvet Underground,Cool It Down,,,,,,,,,,,,,,,,
Ramones,Now I Wanna Sniff Some Glue,,,,,,,,,,,,,,,,
Death Cab For Cutie,Scientist Studies,,,,,,,,,,,,,,,,
Télépopmusik,Smile,,,,,,,,,,,,,,,,
Boys Noize,Lava Lava,,,,,,,,,,,,,,,,
The Clash,Know Your Rights,,,,,,,,,,,,,,,,
Le Tigre,Nanny Nanny Boo Boo,,,,,,,,,,,,,,,,
Secret Machines,You Are Chains,,,,,,,,,,,,,,,,
Le Tigre,What'S Yr Take On Cassavetes,,,,,,,,,,,,,,,,
Death Cab For Cutie,Styrofoam Plates,,,,,,,,,,,,,,,,
The Verve,Appalachian Springs,,,,,,,,,,,,,,,,
Zz Top,If I Could Only Flag Her Down,,,,,,,,,,,,,,,,
Foo Fighters,Statues,,,,,,,,,,,,,,,,
The Kills,Wait,,,,,,,,,,,,,,,,
Amon Tobin,Bloodstone,,,,,,,,,,,,,,,,
The Kills,What New York Used To Be,,,,,,,,,,,,,,,,
Pet Shop Boys,Love Etc.,,,,,,,,,,,,,,,,
M83,Dark Moves Of Love,,,,,,,,,,,,,,,,
Rage Against The Machine,Voice Of The Voiceless,,,,,,,,,,,,,,,,
Depeche Mode,Something To Do,,,,,,,,,,,,,,,,
Stars,Look Up,,,,,,,,,,,,,,,,
Jakatta,American Dream,0.4,0.2,0.8,0.6,0.2,0.0,0.0,0.4,0.0,0.6,0.0,0.0,0.8,0.6,0.6,0.0
Eddie Vedder,End Of The Road,,,,,,,,,,,,,,,,
Deep Purple,Perfect Strangers,,,,,,,,,,,,,,,,
Deep Purple,Space Truckin',,,,,,,,,,,,,,,,
Opeth,Bleak (Live At The Roundhouse),,,,,,,,,,,,,,,,
The White Stripes,Apple Blossom,,,,,,,,,,,,,,,,
The Cardigans,Explode,,,,,,,,,,,,,,,,
Stars,Midnight Coward,,,,,,,,,,,,,,,,
Audioslave,Until We Fall,,,,,,,,,,,,,,,,
The Gathering,Amity,,,,,,,,,,,,,,,,
Audioslave,Jewel Of The Summertime,,,,,,,,,,,,,,,,
Devo,Mongoloid,,,,,,,,,,,,,,,,
Serj Tankian,Feed Us,,,,,,,,,,,,,,,,
Anna Nalick,Satellite,,,,,,,,,,,,,,,,
Dangerdoom,Old School (Feat. Talib Kweli),1.0,0.4,1.0,0.0,0.0,0.0,0.0,0.0,0.0,0.0,0.0,0.0,0.6,0.4,0.6,0.0
The Concretes,You Can'T Hurry Love,,,,,,,,,,,,,,,,
Cut Copy,Strangers In The Wind,,,,,,,,,,,,,,,,
The Breeders,Divine Hammer,,,,,,,,,,,,,,,,
Incubus,Southern Girl,,,,,,,,,,,,,,,,
Built To Spill,Big Dipper,,,,,,,,,,,,,,,,
The Beatles,Drive My Car / The Word / What You'Re Doing,1.0,0.6,0.0,0.4,0.8,0.2,0.0,0.0,0.0,0.0,0.6,0.0,0.0,0.0,1.0,0.0
The Dandy Warhols,Every Day Should Be A Holiday,,,,,,,,,,,,,,,,
Cocteau Twins,Seekers Who Are Lovers,,,,,,,,,,,,,,,,
Circa Survive,Act Appalled,,,,,,,,,,,,,,,,
Gotan Project,Queremos Paz,0.4,0.2,0.8,0.6,0.2,0.0,0.2,0.6,0.0,0.2,0.0,0.0,0.6,0.4,0.4,0.0
Martha And The Vandellas,Nowhere To Run,,,,,,,,,,,,,,,,
Norah Jones,I'Ve Got To See You Again,,,,,,,,,,,,,,,,
Oasis,Part Of The Queue,,,,,,,,,,,,,,,,
Ensiferum,Token Of Time,,,,,,,,,,,,,,,,
Madonna,Papa Don'T Preach,,,,,,,,,,,,,,,,
Led Zeppelin,Living Loving Maid (She'S Just A Woman),,,,,,,,,,,,,,,,
The White Stripes,I Can'T Wait,,,,,,,,,,,,,,,,
Mando Diao,Clean Town,,,,,,,,,,,,,,,,
Rammstein,Stripped,,,,,,,,,,,,,,,,
The Academy Is...,Season,,,,,,,,,,,,,,,,
They Might Be Giants,Birdhouse In Your Soul,,,,,,,,,,,,,,,,
Fall Out Boy,Bang The Doldrums,,,,,,,,,,,,,,,,
Leftfield,Open Up,,,,,,,,,,,,,,,,
Serj Tankian,Honking Antelope,,,,,,,,,,,,,,,,
Ellen Allien & Apparat,Under,0.6,0.4,1.0,0.2,0.0,0.0,0.0,0.0,0.0,0.0,0.0,0.0,1.0,1.0,0.0,0.0
Fun Lovin' Criminals,Scooby Snacks,,,,,,,,,,,,,,,,
Groove Armada,If Everybody Looked The Same,,,,,,,,,,,,,,,,
Devotchka,How It Ends,,,,,,,,,,,,,,,,
Stars Of The Lid,Dungtitled (In A Major),,,,,,,,,,,,,,,,
Creedence Clearwater Revisited,Commotion,,,,,,,,,,,,,,,,
Xtc,Making Plans For Nigel,,,,,,,,,,,,,,,,
Of Montreal,Oslo In The Summertime,,,,,,,,,,,,,,,,
Ratatat,Tacobel Canon,,,,,,,,,,,,,,,,
Santa Esmiralda,Don'T Let Me Be Misunderstood,,,,,,,,,,,,,,,,
Kamelot,Rule The World,,,,,,,,,,,,,,,,
Grizzly Bear,Marla,,,,,,,,,,,,,,,,
Menomena,The Pelican,,,,,,,,,,,,,,,,
Tokyo Police Club,If It Works,,,,,,,,,,,,,,,,
Autolux,Blanket,,,,,,,,,,,,,,,,
Kelly Clarkson,Addicted,,,,,,,,,,,,,,,,
Coldplay,Such A Rush,,,,,,,,,,,,,,,,
The Knife,N.Y. Hotel,,,,,,,,,,,,,,,,
Boards Of Canada,Open The Light,,,,,,,,,,,,,,,,
The Stooges,Your Pretty Face Is Going To Hell,,,,,,,,,,,,,,,,
U2,Running To Stand Still,,,,,,,,,,,,,,,,
In Flames,Alias,,,,,,,,,,,,,,,,
Madvillain,Bistro,,,,,,,,,,,,,,,,
The Cinematic Orchestra,Ma Fleur,0.6,0.2,0.0,0.6,0.0,0.0,0.4,0.8,0.0,0.6,0.0,0.0,0.4,0.2,0.4,0.0
Tricky Means,Fullmoon,,,,,,,,,,,,,,,,
Lostprophets,4:Am Forever,,,,,,,,,,,,,,,,
Neutral Milk Hotel,Where You'Ll Find Me Now,,,,,,,,,,,,,,,,
In Flames,Resin,,,,,,,,,,,,,,,,
Bloc Party,Ion Square,,,,,,,,,,,,,,,,
Nelly Furtado,Afraid,,,,,,,,,,,,,,,,
Joni Mitchell,A Case Of You,,,,,,,,,,,,,,,,
Mastodon,Sleeping Giant,,,,,,,,,,,,,,,,
Midlake,It Covers The Hillsides,,,,,,,,,,,,,,,,
Alice In Chains,Nutshell,,,,,,,,,,,,,,,,
R.E.M.,Living Well Is The Best Revenge,,,,,,,,,,,,,,,,
Dir En Grey,Ryoujoku No Ame,,,,,,,,,,,,,,,,
The Boy Least Likely To,Fur Soft As Fur,,,,,,,,,,,,,,,,
Foo Fighters,The Last Song,,,,,,,,,,,,,,,,
In Flames,Transparent,,,,,,,,,,,,,,,,
Ac/Dc,Who Made Who,,,,,,,,,,,,,,,,
Foo Fighters,This Is A Call,,,,,,,,,,,,,,,,
The Black Angels,The Prodigal Sun,,,,,,,,,,,,,,,,
A Fine Frenzy,Rangers,,,,,,,,,,,,,,,,
Pet Shop Boys,Two Divided By Zero,,,,,,,,,,,,,,,,
Bright Eyes,Make War,,,,,,,,,,,,,,,,
Paramore,My Heart,,,,,,,,,,,,,,,,
The Smashing Pumpkins,By Starlight,,,,,,,,,,,,,,,,
Tom Petty And The Heartbreakers,Don'T Come Around Here No More,,,,,,,,,,,,,,,,
A Perfect Circle,Lullaby,,,,,,,,,,,,,,,,
Yann Tiersen,Comptine D'Un Autre Été,,,,,,,,,,,,,,,,
Cold War Kids,Passing The Hat,,,,,,,,,,,,,,,,
Tenacious D,The Government Totally Sucks,,,,,,,,,,,,,,,,
Bright Eyes,The Calendar Hung Itself,,,,,,,,,,,,,,,,
Stevie Ray Vaughan,Pride And Joy,,,,,,,,,,,,,,,,
The Horrors,Excellent Choice,,,,,,,,,,,,,,,,
The Flaming Lips,The Gash,,,,,,,,,,,,,,,,
Stars,Window Bird,,,,,,,,,,,,,,,,
Creedence Clearwater Revival,Susie Q,1.0,0.6,0.0,0.4,1.0,0.6,0.0,0.0,0.0,0.0,0.0,0.0,0.0,0.0,0.8,0.0
Belle And Sebastian,Mary Jo,0.6,0.2,0.0,0.4,0.6,0.0,1.0,0.0,0.0,0.0,0.0,0.0,0.0,0.0,0.8,0.0
The American Analog Set,Born On The Cusp,,,,,,,,,,,,,,,,
Jenny Lewis With The Watson Twins,Run Devil Run,,,,,,,,,,,,,,,,
Kings Of Leon,Where Nobody Knows,,,,,,,,,,,,,,,,
Kings Of Convenience,Parallel Lines,,,,,,,,,,,,,,,,
鈴村健一,モノクローム Lost In You,,,,,,,,,,,,,,,,
Air,The Vagabond,,,,,,,,,,,,,,,,
Lamb,One,,,,,,,,,,,,,,,,
Beck,Emergency Exit,,,,,,,,,,,,,,,,
My Chemical Romance,Disenchanted,,,,,,,,,,,,,,,,
Babyshambles,Unstookie Titled,1.0,0.6,0.0,0.4,0.8,0.6,0.0,0.0,0.0,0.0,0.0,0.0,0.0,0.0,0.8,0.0
The Long Blondes,In The Company Of Women,,,,,,,,,,,,,,,,
Björk,It'S In Our Hands,,,,,,,,,,,,,,,,
Beck,Lonesome Tears,,,,,,,,,,,,,,,,
The Cure,M,,,,,,,,,,,,,,,,
Madonna,Into The Groove,,,,,,,,,,,,,,,,
Tiga,Pleasure From The Bass,,,,,,,,,,,,,,,,
Gorillaz,Hong Kong,,,,,,,,,,,,,,,,
Muse,Tsp,,,,,,,,,,,,,,,,
April March,Chick Habit,,,,,,,,,,,,,,,,
Deep Blue Something,Breakfast At Tiffany'S,,,,,,,,,,,,,,,,
Late Of The Pier,Random Firl,,,,,,,,,,,,,,,,
Björk,Hope,,,,,,,,,,,,,,,,
Malcolm Mclaren,About Her,,,,,,,,,,,,,,,,
Katatonia,Omerta,,,,,,,,,,,,,,,,
30 Seconds To Mars,Was It A Dream,0.8,0.6,0.4,0.2,0.8,0.6,0.0,0.4,0.0,0.0,0.0,0.0,0.6,0.4,0.6,0.0
Weezer,Don'T Let Go,,,,,,,,,,,,,,,,
American Spring,Fallin' In Love,,,,,,,,,,,,,,,,
Soilwork,Blind Eye Halo,,,,,,,,,,,,,,,,
Lordi,Hard Rock Hallelujah,,,,,,,,,,,,,,,,
Katatonia,Sleeper,,,,,,,,,,,,,,,,
Opeth,Beneath The Mire,,,,,,,,,,,,,,,,
Gomez,See The World,,,,,,,,,,,,,,,,
Queen,It'S A Hard Life,,,,,,,,,,,,,,,,
The Sounds,Much Too Long,,,,,,,,,,,,,,,,
Hot Chip,Take Care,,,,,,,,,,,,,,,,
Robert Plant & Alison Krauss,Gone Gone Gone (Done Moved On),,,,,,,,,,,,,,,,
Love Is All,Turn The Radio Off,,,,,,,,,,,,,,,,
Jenny Lewis With The Watson Twins,Rise Up With Fists!!,,,,,,,,,,,,,,,,
The Smashing Pumpkins,Crestfallen,,,,,,,,,,,,,,,,
M83,A Guitar And A Heart,,,,,,,,,,,,,,,,
Queens Of The Stone Age,You Can'T Quit Me Baby,,,,,,,,,,,,,,,,
Animal Collective,Unsolved Mysteries,,,,,,,,,,,,,,,,
Slayer,South Of Heaven,,,,,,,,,,,,,,,,
Scissor Sisters,Better Luck,,,,,,,,,,,,,,,,
The Flaming Lips,A Spoonful Weighs A Ton,,,,,,,,,,,,,,,,
Lily Allen,Back To The Start,,,,,,,,,,,,,,,,
System Of A Down,Ego Brain,,,,,,,,,,,,,,,,
Adam Green,Gemstones,,,,,,,,,,,,,,,,
Kaiser Chiefs,My Kind Of Guy,,,,,,,,,,,,,,,,
The Magic Numbers,This Love,,,,,,,,,,,,,,,,
Shakira,The One,,,,,,,,,,,,,,,,
Shakira,No Creo,,,,,,,,,,,,,,,,
Ray Lamontagne,Hold You In My Arms,,,,,,,,,,,,,,,,
Dark Tranquillity,Nothing To No One,,,,,,,,,,,,,,,,
Clint Mansell,Lux Aeterna,,,,,,,,,,,,,,,,
Madonna,She'S Not Me,,,,,,,,,,,,,,,,
The Smiths,Death At One'S Elbow,,,,,,,,,,,,,,,,
Vitalic,No Fun,,,,,,,,,,,,,,,,
Kate Bush,King Of The Mountain,,,,,,,,,,,,,,,,
Vitalic,Poney Part 1,,,,,,,,,,,,,,,,
Nine Inch Nails,Ringfinger,,,,,,,,,,,,,,,,
Nine Inch Nails,Pilgrimage,,,,,,,,,,,,,,,,
Blur,She'S So High,,,,,,,,,,,,,,,,
Vitalic,Newman,,,,,,,,,,,,,,,,
Doves,Catch The Sun,,,,,,,,,,,,,,,,
Why?,The Fall Of Mr. Fifths,,,,,,,,,,,,,,,,
Engineers,Home,0.6,0.4,0.6,0.2,0.6,0.4,0.0,0.8,0.0,0.2,0.0,0.0,0.8,0.4,0.6,0.0
Nick Cave & The Bad Seeds,We Call Upon The Author,,,,,,,,,,,,,,,,
Van Halen,Poundcake,,,,,,,,,,,,,,,,
The Beatles,Till There Was You,,,,,,,,,,,,,,,,
Panda Bear,Comfy In Nautica,,,,,,,,,,,,,,,,
The Beatles,Sgt. Pepper'S Lonely Hearts Club Band (Reprise),,,,,,,,,,,,,,,,
The Chemical Brothers,Burst Generator,,,,,,,,,,,,,,,,
Tegan And Sara,We Didn'T Do It,,,,,,,,,,,,,,,,
Enigma,Gravity Of Love,,,,,,,,,,,,,,,,
System Of A Down,She'S Like Heroin,,,,,,,,,,,,,,,,
Spoon,Small Stakes,,,,,,,,,,,,,,,,
Garbage,Temptation Waits,,,,,,,,,,,,,,,,
The Duke Spirit,This Ship Was Built To Last,,,,,,,,,,,,,,,,
Clark,Herzog,,,,,,,,,,,,,,,,
Asobi Seksu,Goodbye,,,,,,,,,,,,,,,,
Red Hot Chili Peppers,Turn It Again,,,,,,,,,,,,,,,,
Sonic Syndicate,Freelancer (Bonus Track),,,,,,,,,,,,,,,,
Agonoize,Nekropolis,,,,,,,,,,,,,,,,
Mogwai,Helps Both Ways,,,,,,,,,,,,,,,,
Rage Against The Machine,Ashes In The Fall,,,,,,,,,,,,,,,,
Mogwai,Half Time,,,,,,,,,,,,,,,,
Sonic Youth,Disappearer,,,,,,,,,,,,,,,,
Nightwish,Slaying The Dreamer,,,,,,,,,,,,,,,,
Mogwai,The Sun Smells Too Loud,,,,,,,,,,,,,,,,
Cat Power,Silver Stallion,,,,,,,,,,,,,,,,
Bob Marley & The Wailers,Jamming,,,,,,,,,,,,,,,,
Kate Nash,Play,,,,,,,,,,,,,,,,
The Rifles,She'S Got Standards,,,,,,,,,,,,,,,,
Dread Zeppelin,Nobody'S Fault But Mine,,,,,,,,,,,,,,,,
Him,Venus Doom,,,,,,,,,,,,,,,,
John Mayer,Comfortable,,,,,,,,,,,,,,,,
John Mayer,Stop This Train,,,,,,,,,,,,,,,,
The Prodigy,Omen Reprise,,,,,,,,,,,,,,,,
Maroon 5,Through With You,,,,,,,,,,,,,,,,
The Libertines,Begging,,,,,,,,,,,,,,,,
Spoon,Anything You Want,,,,,,,,,,,,,,,,
The Beatles,Misery,,,,,,,,,,,,,,,,
Massive Attack,Lately,,,,,,,,,,,,,,,,
Tegan And Sara,Wake Up Exhausted,,,,,,,,,,,,,,,,
Dredg,Jamais Vu,,,,,,,,,,,,,,,,
Lily Allen,I Could Say,,,,,,,,,,,,,,,,
Lily Allen,Who'D Have Known,,,,,,,,,,,,,,,,
Ghostface Killah & Amy Winehouse,You Know I'M No Good,,,,,,,,,,,,,,,,
The Clash,The Magnificent Seven,,,,,,,,,,,,,,,,
Cake,Commissioning A Symphony In C,0.8,0.4,0.0,0.4,0.8,0.4,0.2,0.0,0.0,0.4,0.0,0.0,0.0,0.0,0.8,0.0
Secret Machines,Now Here Is Nowhere,,,,,,,,,,,,,,,,
Pj Harvey,Cat On The Wall,,,,,,,,,,,,,,,,
The Mars Volta,Miranda That Ghost Just Isn'T Holy Anymore,,,,,,,,,,,,,,,,
The Beatles,Hold Me Tight,,,,,,,,,,,,,,,,
Bright Eyes,A Song To Pass The Time,,,,,,,,,,,,,,,,
Nightwish,Beauty And The Beast,,,,,,,,,,,,,,,,
The Raveonettes,Lust,,,,,,,,,,,,,,,,
Mark Ronson,Stop Me (Feat. Daniel Merriweather),,,,,,,,,,,,,,,,
Siouxsie And The Banshees,Arabian Knights,,,,,,,,,,,,,,,,
Siouxsie And The Banshees,Dear Prudence,,,,,,,,,,,,,,,,
Whitesnake,Crying In The Rain,0.8,0.8,0.0,0.2,1.0,0.8,0.0,0.0,0.0,0.0,0.0,0.0,0.0,0.0,0.8,0.0
Beyoncé,Beautiful Liar (Feat. Gwen Stefani),0.2,0.2,0.8,0.6,0.0,0.0,0.0,0.0,0.0,0.0,0.0,0.0,0.8,0.6,0.0,0.0
Pixies,Allison,1.0,0.6,0.0,0.0,0.8,0.8,0.0,0.0,0.0,0.0,0.0,0.0,0.0,0.0,1.0,0.0
Marilyn Manson,I Don'T Like The Drugs (But The Drugs Like Me),,,,,,,,,,,,,,,,
Blur,This Is A Low,,,,,,,,,,,,,,,,
Tom Waits,Goin' Out West,,,,,,,,,,,,,,,,
Broken Social Scene,Stomach Song,,,,,,,,,,,,,,,,
Him,Behind The Crimson Door,,,,,,,,,,,,,,,,
Koop,Come To Me,,,,,,,,,,,,,,,,
Genesis,I Can'T Dance,,,,,,,,,,,,,,,,
Love,Alone Again Or,0.8,0.4,0.0,0.6,0.6,0.2,1.0,0.6,0.8,0.0,0.0,0.0,0.0,0.0,0.8,0.0
P!Nk,Long Way To Happy,,,,,,,,,,,,,,,,
Tv On The Radio,Poppy,,,,,,,,,,,,,,,,
Kate Nash,Dickhead,,,,,,,,,,,,,,,,
Richard Ashcroft,Music Is Power,,,,,,,,,,,,,,,,
Suede,Lazy,0.8,0.4,0.0,0.2,0.6,0.4,0.0,0.0,0.0,0.0,0.0,0.4,0.4,0.4,0.6,0.0
Annie,Always Too Late,,,,,,,,,,,,,,,,
The Hives,A Little More For Little You,,,,,,,,,,,,,,,,
The Gathering,Locked Away,,,,,,,,,,,,,,,,
Children Of Bodom,Children Of Decadence,,,,,,,,,,,,,,,,
Pavement,Embassy Row,,,,,,,,,,,,,,,,
Children Of Bodom,Follow The Reaper,,,,,,,,,,,,,,,,
Keane,Is It Any Wonder,,,,,,,,,,,,,,,,
Manu Chao,Je Ne T'Aime Plus,,,,,,,,,,,,,,,,
Anathema,Shroud Of False,,,,,,,,,,,,,,,,
Camera Obscura,Teenager,0.6,0.2,0.0,0.4,0.6,0.4,0.4,0.6,0.0,0.0,0.2,0.0,0.0,0.0,0.6,0.0
Flying Lotus,Melt!,,,,,,,,,,,,,,,,
Avril Lavigne,Nobody'S Home,,,,,,,,,,,,,,,,
Public Image Ltd.,Rise,,,,,,,,,,,,,,,,
Mando Diao,Dance With Somebody,,,,,,,,,,,,,,,,
The Long Blondes,Swallow Tattoo,,,,,,,,,,,,,,,,
Ramones,Cretin Hop,,,,,,,,,,,,,,,,
Kasabian,Ovary Stripe,,,,,,,,,,,,,,,,
Cocteau Twins,Amelia,,,,,,,,,,,,,,,,
Jimmy Eat World,My Sundown,,,,,,,,,,,,,,,,
Buena Vista Social Club,El Cuarto De Tula,,,,,,,,,,,,,,,,
British Sea Power,Waving Flags,,,,,,,,,,,,,,,,
U2,No Line On The Horizon,,,,,,,,,,,,,,,,
Patrick Wolf,Enchanted,,,,,,,,,,,,,,,,
Tokyo Police Club,Listen To The Math,,,,,,,,,,,,,,,,
Arch Enemy,My Apocalypse,,,,,,,,,,,,,,,,
Okkervil River,In A Radio Song,,,,,,,,,,,,,,,,
The Who,The Kids Are Alright,,,,,,,,,,,,,,,,
U2,One Tree Hill,,,,,,,,,,,,,,,,
The Knife,The Bridge,,,,,,,,,,,,,,,,
Jason Mraz,Absolutely Zero,,,,,,,,,,,,,,,,
Rammstein,Amour,,,,,,,,,,,,,,,,
We Are Scientists,What'S The Word,,,,,,,,,,,,,,,,
Amorphis,Weaving The Incantation,,,,,,,,,,,,,,,,
Mastodon,This Mortal Soil,,,,,,,,,,,,,,,,
Morcheeba,Let Me See,,,,,,,,,,,,,,,,
U2,I'Ll Go Crazy If I Don'T Go Crazy Tonight,,,,,,,,,,,,,,,,
Bel Canto,Spiderdust,,,,,,,,,,,,,,,,
Britney Spears,Breathe On Me,,,,,,,,,,,,,,,,
Kasabian,Orange,,,,,,,,,,,,,,,,
Mindless Self Indulgence,Bitches,0.6,0.8,1.0,0.0,0.6,0.8,0.0,0.0,0.0,0.0,0.0,0.0,1.0,1.0,0.4,0.0
Arcade Fire,My Heart Is An Apple,,,,,,,,,,,,,,,,
Kyuss,Green Machine,,,,,,,,,,,,,,,,
Rufus Wainwright,Pretty Things,,,,,,,,,,,,,,,,
Audioslave,Shape Of Things To Come,,,,,,,,,,,,,,,,
Rufus Wainwright,Complainte De La Butte,,,,,,,,,,,,,,,,
Rufus Wainwright,This Love Affair,,,,,,,,,,,,,,,,
Rachael Yamagata,Worn Me Down,,,,,,,,,,,,,,,,
Anathema,Parisienne Moonlight,,,,,,,,,,,,,,,,
The Last Shadow Puppets,Only The Truth,,,,,,,,,,,,,,,,
Ac/Dc,Tnt,,,,,,,,,,,,,,,,
Lamb Of God,Hourglass,,,,,,,,,,,,,,,,
Ac/Dc,The Jack,,,,,,,,,,,,,,,,
Jenny Owen Youngs,Fuck Was I,,,,,,,,,,,,,,,,
Incubus,Pistola,,,,,,,,,,,,,,,,
Kyuss,50 Million Year Trip (Downside Up),,,,,,,,,,,,,,,,
Metallica,Trapped Under Ice,,,,,,,,,,,,,,,,
Rush,Freewill,,,,,,,,,,,,,,,,
Yo La Tengo,I Should Have Known Better,,,,,,,,,,,,,,,,
Buena Vista Social Club,Dos Gardenias,,,,,,,,,,,,,,,,
Aphex Twin,Green Calx,,,,,,,,,,,,,,,,
Pixies,Isla De Encanta,,,,,,,,,,,,,,,,
Sparklehorse,Piano Fire,,,,,,,,,,,,,,,,
Beastie Boys,Fight For Your Right,,,,,,,,,,,,,,,,
Brand New,You Won'T Know,,,,,,,,,,,,,,,,
The Clash,Clash City Rockers,,,,,,,,,,,,,,,,
Moby,Spiders,,,,,,,,,,,,,,,,
Múm,I'M 9 Today,,,,,,,,,,,,,,,,
Tegan And Sara,The First,,,,,,,,,,,,,,,,
Mf Doom,Doomsday,,,,,,,,,,,,,,,,
Iron Maiden,Rainmaker,,,,,,,,,,,,,,,,
Timbaland,Kill Yourself (Feat. Sebastian & Attitude),,,,,,,,,,,,,,,,
The Jesus And Mary Chain,In A Hole,,,,,,,,,,,,,,,,
Yo La Tengo,Little Honda,,,,,,,,,,,,,,,,
Him,Dark Light,,,,,,,,,,,,,,,,
Him,Circle Of Fear,,,,,,,,,,,,,,,,
The Polyphonic Spree,Light And Day,,,,,,,,,,,,,,,,
Out Hud,It'S For You,0.2,0.2,1.0,0.4,0.6,0.4,0.0,0.0,0.0,0.0,0.0,0.0,1.0,0.8,0.6,0.0
Ben Folds Five,The Ascent Of Stan,,,,,,,,,,,,,,,,
Jack Johnson,Posters,,,,,,,,,,,,,,,,
Modest Mouse,Cowboy Dan,,,,,,,,,,,,,,,,
Deftones,Rats! Rats! Rats!,,,,,,,,,,,,,,,,
Sentenced,Noose,,,,,,,,,,,,,,,,
Nightwish,Devil & The Deep Dark Ocean,,,,,,,,,,,,,,,,
Taking Back Sunday,Up Against (Blackout),,,,,,,,,,,,,,,,
Moby,Very,,,,,,,,,,,,,,,,
Secret Machines,Pharaoh'S Daughter,,,,,,,,,,,,,,,,
Marilyn Manson,Long Hard Road Out Of Hell,,,,,,,,,,,,,,,,
Giant Drag,Cordial Invitation,,,,,,,,,,,,,,,,
Broken Social Scene,Last Place,,,,,,,,,,,,,,,,
Buzzcocks,Love You More,,,,,,,,,,,,,,,,
Rilo Kiley,Pictures Of Success,,,,,,,,,,,,,,,,
Soundgarden,The Day I Tried To Live,,,,,,,,,,,,,,,,
Tom Waits,Hold On,,,,,,,,,,,,,,,,
Rise Against,Roadside,,,,,,,,,,,,,,,,
John Lennon,Love,,,,,,,,,,,,,,,,
Tom Waits,Downtown Train,,,,,,,,,,,,,,,,
Blondie,Denis,,,,,,,,,,,,,,,,
Oasis,Fade Away,,,,,,,,,,,,,,,,
Bad Brains,Sailin' On,,,,,,,,,,,,,,,,
Pink Floyd,Remember A Day,,,,,,,,,,,,,,,,
Dread Zeppelin,The Rover,,,,,,,,,,,,,,,,
Mstrkrft,She'S Good For Business,,,,,,,,,,,,,,,,
Pink Floyd,Fearless,,,,,,,,,,,,,,,,
The Weakerthans,The Reasons,,,,,,,,,,,,,,,,
Pink Floyd,Matilda Mother,,,,,,,,,,,,,,,,
The Dresden Dolls,Mrs. O,,,,,,,,,,,,,,,,
Rob Zombie,Feel So Numb,,,,,,,,,,,,,,,,
The Magnetic Fields,I Don'T Believe In The Sun,,,,,,,,,,,,,,,,
The Sounds,Seven Days A Week,,,,,,,,,,,,,,,,
Jim Sturgess,Across The Universe,,,,,,,,,,,,,,,,
Underoath,Writing On The Walls,,,,,,,,,,,,,,,,
Jean Michel Jarre,Revolutions,,,,,,,,,,,,,,,,
The Duke Spirit,Wooden Heart,,,,,,,,,,,,,,,,
K'S Choice,Not An Addict,,,,,,,,,,,,,,,,
Serena-Maneesh,Drain Cosmetics,,,,,,,,,,,,,,,,
Red Hot Chili Peppers,Minor Thing,,,,,,,,,,,,,,,,
Modest Mouse,Never Ending Math Equation,,,,,,,,,,,,,,,,
The Cranberries,Empty,,,,,,,,,,,,,,,,
Regina Spektor,Buildings,,,,,,,,,,,,,,,,
Squarepusher,Hello Meow,,,,,,,,,,,,,,,,
Pink Floyd,Arnold Layne,,,,,,,,,,,,,,,,
Modest Mouse,Long Distance Drunk,,,,,,,,,,,,,,,,
Billy Talent,River Below,,,,,,,,,,,,,,,,
John Mayer,No Such Thing,,,,,,,,,,,,,,,,
The Pipettes,Because It'S Not Love (But It'S Still A Feeling),,,,,,,,,,,,,,,,
System Of A Down,Nüguns,,,,,,,,,,,,,,,,
Melanie Brown,I Want You Back,,,,,,,,,,,,,,,,
Bright Eyes,Arc Of Time (Time Code),,,,,,,,,,,,,,,,
The Stooges,1969,,,,,,,,,,,,,,,,
Engineers,Forgiveness,,,,,,,,,,,,,,,,
Against Me!,Don'T Lose Touch,,,,,,,,,,,,,,,,
Depeche Mode,Judas,,,,,,,,,,,,,,,,
Doves,Firesuite,0.8,0.6,0.0,0.6,0.8,0.6,0.0,0.0,0.0,0.0,0.0,0.0,0.6,0.4,0.8,0.0
Holy Fuck,Royal Gregory,,,,,,,,,,,,,,,,
Vitalic,The Past,,,,,,,,,,,,,,,,
Misfits,Teenagers From Mars,,,,,,,,,,,,,,,,
Grandaddy,Broken Household Appliance National Forest,,,,,,,,,,,,,,,,
Gojira,Backbone,,,,,,,,,,,,,,,,
Morrissey,You Know I Couldn'T Last,,,,,,,,,,,,,,,,
Beck,Timebomb,,,,,,,,,,,,,,,,
Grandaddy,So You'Ll Aim Toward The Sky,,,,,,,,,,,,,,,,
Simian Mobile Disco,Wooden,,,,,,,,,,,,,,,,
Editors,Well Worn Hand,,,,,,,,,,,,,,,,
Dark Tranquillity,Terminus (Where Death Is Most Alive),,,,,,,,,,,,,,,,
Mogwai,Yes! I Am A Long Way From Home,,,,,,,,,,,,,,,,
Jaffa,Elevator,,,,,,,,,,,,,,,,
65Daysofstatic,Hole,,,,,,,,,,,,,,,,
Red Hot Chili Peppers,Apache Rose Peacock,,,,,,,,,,,,,,,,
Dark Funeral,Atrum Regina,,,,,,,,,,,,,,,,
The Flaming Lips,My Cosmic Autumn Rebellion,0.8,0.4,0.0,0.6,0.6,0.4,0.0,0.4,0.0,0.6,0.0,0.0,1.0,0.4,0.8,0.0
Nick Drake,The Thoughts Of Mary Jane,,,,,,,,,,,,,,,,
System Of A Down,Dreaming,,,,,,,,,,,,,,,,
Christina Aguilera,Dirrty,,,,,,,,,,,,,,,,
Misfits,I Turned Into A Martian,,,,,,,,,,,,,,,,
Keane,Black Burning Heart,,,,,,,,,,,,,,,,
Tori Amos,Blood Roses,0.6,0.6,0.0,0.4,0.0,0.0,0.0,0.0,0.0,1.0,0.0,0.0,0.0,0.0,0.0,0.0
Radiohead,2 + 2 = 5,,,,,,,,,,,,,,,,
Pantera,A New Level,,,,,,,,,,,,,,,,
Pantera,Medicine Man,,,,,,,,,,,,,,,,
Robots In Disguise,La Nuit,,,,,,,,,,,,,,,,
Depeche Mode,Sacred,,,,,,,,,,,,,,,,
Stars,Death To Death,,,,,,,,,,,,,,,,
Saves The Day,Tomorrow Too Late,,,,,,,,,,,,,,,,
The Smashing Pumpkins,Appels + Oranjes,,,,,,,,,,,,,,,,
Eva Cassidy,Fields Of Gold,,,,,,,,,,,,,,,,
Creedence Clearwater Revisited,Born On The Bayou,,,,,,,,,,,,,,,,
Belle And Sebastian,Seymour Stein,,,,,,,,,,,,,,,,
The Doors,The End (Edit Version From The Film Apocalypse Now),,,,,,,,,,,,,,,,
Type O Negative,Christian Woman,1.0,0.8,0.0,0.2,1.0,1.0,0.0,0.0,0.0,0.0,0.8,0.0,0.4,0.4,1.0,0.0
The White Stripes,As Ugly As I Seem,,,,,,,,,,,,,,,,
Eels,Flower,,,,,,,,,,,,,,,,
Portishead,Western Eyes,,,,,,,,,,,,,,,,
Of Montreal,My British Tour Diary,,,,,,,,,,,,,,,,
Goldfrapp,Forever,,,,,,,,,,,,,,,,
Shakira,Objection (Tango),,,,,,,,,,,,,,,,
Goldfinger,Superman,,,,,,,,,,,,,,,,
Weezer,Getchoo,,,,,,,,,,,,,,,,
The Kinks,Days,,,,,,,,,,,,,,,,
Death Cab For Cutie,President Of What?,,,,,,,,,,,,,,,,
Télépopmusik,Into Everything,,,,,,,,,,,,,,,,
Gossip,Standing In The Way Of Control (Soulwax Nite Version),,,,,,,,,,,,,,,,
Jamiroquai,World That He Wants,,,,,,,,,,,,,,,,
Ramones,We'Re A Happy Family,,,,,,,,,,,,,,,,
Air,Wonder Milky Bitch,,,,,,,,,,,,,,,,
The Kills,Dead Road 7,,,,,,,,,,,,,,,,
Katatonia,The Future Of Speech,,,,,,,,,,,,,,,,
The Raconteurs,Top Yourself,,,,,,,,,,,,,,,,
She Wants Revenge,Broken Promises For Broken Hearts,,,,,,,,,,,,,,,,
Mando Diao,Song For Aberdeen,,,,,,,,,,,,,,,,
José González,Broken Arrows,0.0,0.0,0.0,0.8,0.0,0.0,1.0,0.0,0.0,0.0,0.0,0.0,0.0,0.0,0.0,0.0
Kings Of Leon,Camaro,,,,,,,,,,,,,,,,
Johnny Cash,Danny Boy,,,,,,,,,,,,,,,,
Funeral For A Friend,Bullet Theory,,,,,,,,,,,,,,,,
Embrace,Ashes,,,,,,,,,,,,,,,,
Tori Amos,Muhammad My Friend,,,,,,,,,,,,,,,,
Groove Armada,Think Twice,,,,,,,,,,,,,,,,
Saves The Day,In My Waking Life,,,,,,,,,,,,,,,,
Steve Miller Band,The Joker,,,,,,,,,,,,,,,,
Bob Dylan,Stuck Inside Of Mobile With The Memphis Blues Again,,,,,,,,,,,,,,,,
The Fratellis,Baby Fratelli,,,,,,,,,,,,,,,,
Roxy Music,Avalon,,,,,,,,,,,,,,,,
The National,Gospel,,,,,,,,,,,,,,,,
Beth Gibbons & Rustin Man,Sand River,,,,,,,,,,,,,,,,
Built To Spill,Goin' Against Your Mind,,,,,,,,,,,,,,,,
Bat For Lashes,Sleep Alone,,,,,,,,,,,,,,,,
Sufjan Stevens,Size Too Small,,,,,,,,,,,,,,,,
Neko Case,Deep Red Bells,,,,,,,,,,,,,,,,
Lacuna Coil,Daylight Dancer,,,,,,,,,,,,,,,,
Suede,Filmstar,,,,,,,,,,,,,,,,
Bonnie Pink,It'S Gonna Rain!,,,,,,,,,,,,,,,,
Dire Straits,Tunnel Of Love,,,,,,,,,,,,,,,,
Midnight Juggernauts,Road To Recovery,,,,,,,,,,,,,,,,
Ladyhawke,Better Than Sunday,,,,,,,,,,,,,,,,
Röyksopp,Silver Cruiser,,,,,,,,,,,,,,,,
玉置成実,Reason,,,,,,,,,,,,,,,,
The Boy Least Likely To,I'M Glad I Hitched My Apple Wagon To Your Star,,,,,,,,,,,,,,,,
Charlotte Gainsbourg,5:55,,,,,,,,,,,,,,,,
Sunset Rubdown,The Courtesan Has Sung,,,,,,,,,,,,,,,,
Machinae Supremacy,Bouff,,,,,,,,,,,,,,,,
Tori Amos,Father Lucifer,,,,,,,,,,,,,,,,
Sum 41,Still Waiting,,,,,,,,,,,,,,,,
Wire,Ex Lion Tamer,,,,,,,,,,,,,,,,
Autolux,Robots In The Garden,,,,,,,,,,,,,,,,
Chemistry,Long Long Way,,,,,,,,,,,,,,,,
Jenny Lewis With The Watson Twins,The Charging Sky,,,,,,,,,,,,,,,,
Foo Fighters,My Poor Brain,,,,,,,,,,,,,,,,
Tom Jones,She'S A Lady,,,,,,,,,,,,,,,,
The Black Keys,Strange Times,,,,,,,,,,,,,,,,
Lou Reed,I'M So Free,,,,,,,,,,,,,,,,
In Flames,Evil In A Closet,0.8,0.4,0.0,0.2,0.8,0.4,0.8,0.0,0.0,0.0,0.0,0.0,0.0,0.0,0.8,0.0
Lotus Plaza,Dot Gain,,,,,,,,,,,,,,,,
Skinny Puppy,Jaher,,,,,,,,,,,,,,,,
In Flames,Touch Of Red,,,,,,,,,,,,,,,,
Blur,M.O.R.,,,,,,,,,,,,,,,,
Incubus,A Kiss To Send Us Off,,,,,,,,,,,,,,,,
Slowdive,Sing,,,,,,,,,,,,,,,,
Jimmy Cliff,Many Rivers To Cross,,,,,,,,,,,,,,,,
Beck,Round The Bend,,,,,,,,,,,,,,,,
Beck,Rental Car,,,,,,,,,,,,,,,,
Imogen Heap,Whatever,,,,,,,,,,,,,,,,
Cake,Daria,,,,,,,,,,,,,,,,
Wheatus,A Little Respect,,,,,,,,,,,,,,,,
Pj Harvey,Hook,,,,,,,,,,,,,,,,
The Verve,Already There,,,,,,,,,,,,,,,,
Rammstein,Tier,,,,,,,,,,,,,,,,
Ok Go,Do What You Want,,,,,,,,,,,,,,,,
Foals,Mathletics,,,,,,,,,,,,,,,,
Sneaker Pimps,Loretta Young Silks,,,,,,,,,,,,,,,,
Boards Of Canada,Oirectine,,,,,,,,,,,,,,,,
Pearl Jam,Dissident,,,,,,,,,,,,,,,,
Pearl Jam,Deep,,,,,,,,,,,,,,,,
Amon Tobin,Get Your Snack On,,,,,,,,,,,,,,,,
Mindless Self Indulgence,Stupid Mf,,,,,,,,,,,,,,,,
The Wannadies,You And Me Song,,,,,,,,,,,,,,,,
The Brian Jonestown Massacre,Who?,,,,,,,,,,,,,,,,
Friendly Fires,Photobooth,,,,,,,,,,,,,,,,
Rufus Wainwright,Harvester Of Hearts,,,,,,,,,,,,,,,,
Rufus Wainwright,Do I Disappoint You,,,,,,,,,,,,,,,,
Bonobo,Pick Up,,,,,,,,,,,,,,,,
Engineers,Come In Out Of The Rain,,,,,,,,,,,,,,,,
Before The Dawn,Faithless,,,,,,,,,,,,,,,,
Oasis,(Get Off Your) High Horse Lady,,,,,,,,,,,,,,,,
The New Pornographers,Myriad Harbour,,,,,,,,,,,,,,,,
New Order,Krafty,,,,,,,,,,,,,,,,
Joss Stone,You Had Me,,,,,,,,,,,,,,,,
Tori Amos,Jamaica Inn,,,,,,,,,,,,,,,,
Dead Boys,Sonic Reducer,,,,,,,,,,,,,,,,
Queens Of The Stone Age,Sick Sick Sick,,,,,,,,,,,,,,,,
Pendulum,Through The Loop,,,,,,,,,,,,,,,,
The Gathering,Shrink,,,,,,,,,,,,,,,,
Cocorosie,Honey Or Tar,,,,,,,,,,,,,,,,
Au Revoir Simone,Stay Golden,,,,,,,,,,,,,,,,
The Kinks,Picture Book,,,,,,,,,,,,,,,,
Stone Temple Pilots,Creep,,,,,,,,,,,,,,,,
Jason Mraz,Curbside Prophet,,,,,,,,,,,,,,,,
Queens Of The Stone Age,Long Slow Goodbye,,,,,,,,,,,,,,,,
The Killers,Leave The Bourbon On The Shelf,,,,,,,,,,,,,,,,
Soilwork,Mercury Shadow,,,,,,,,,,,,,,,,
30 Seconds To Mars,Was It A Dream?,,,,,,,,,,,,,,,,
Cocorosie,Animals,,,,,,,,,,,,,,,,
Sia,Little Black Sandals,,,,,,,,,,,,,,,,
Mew,White Lips Kissed,,,,,,,,,,,,,,,,
The Radio Dept.,Against The Tide,,,,,,,,,,,,,,,,
Eels,Fresh Feeling,,,,,,,,,,,,,,,,
My Chemical Romance,Vampires Will Never Hurt You,,,,,,,,,,,,,,,,
Corinne Bailey Rae,Breathless,0.6,0.4,0.0,0.4,0.0,0.0,0.8,0.2,0.0,0.6,0.0,0.4,0.0,0.0,0.6,0.0
Red Sparowes,The Soundless Dawn Came Alive As Cities Began To Mark The Horizon.,,,,,,,,,,,,,,,,
Sonic Youth,Sleepin Around,,,,,,,,,,,,,,,,
Vnv Nation,Homeward,,,,,,,,,,,,,,,,
Laura Marling,Failure,,,,,,,,,,,,,,,,
White Rose Movement,Alsatian,,,,,,,,,,,,,,,,
The Faint,I Disappear,,,,,,,,,,,,,,,,
Tool,Third Eye,,,,,,,,,,,,,,,,
South,Paint The Silence,,,,,,,,,,,,,,,,
Mastodon,Megalodon,,,,,,,,,,,,,,,,
Le Tigre,Phanta,,,,,,,,,,,,,,,,
Aphex Twin,To Cure A Weakling Child,,,,,,,,,,,,,,,,
Mötley Crüe,Looks That Kill,,,,,,,,,,,,,,,,
P!Nk,Sober,,,,,,,,,,,,,,,,
Brand New,Jaws Theme Swimming,,,,,,,,,,,,,,,,
Kiss,Lick It Up,,,,,,,,,,,,,,,,
Beck,Sissyneck,,,,,,,,,,,,,,,,
The Long Blondes,Century,,,,,,,,,,,,,,,,
Kiss,Love Gun,,,,,,,,,,,,,,,,
Kiss,Hotter Than Hell,,,,,,,,,,,,,,,,
Deathstars,Play God,,,,,,,,,,,,,,,,
The Apples In Stereo,Energy,,,,,,,,,,,,,,,,
Husky Rescue,City Lights,,,,,,,,,,,,,,,,
Minor Threat,I Don'T Wanna Hear It,,,,,,,,,,,,,,,,
Radiohead,Punchdrunk Lovesick Singalong,,,,,,,,,,,,,,,,
I'M From Barcelona,Collection Of Stamps,,,,,,,,,,,,,,,,
Minor Threat,Filler,,,,,,,,,,,,,,,,
The Cardigans,You'Re The Storm,,,,,,,,,,,,,,,,
Bullet For My Valentine,Hand Of Blood,,,,,,,,,,,,,,,,
Blur,The Debt Collector,,,,,,,,,,,,,,,,
Johnny Cash,Jackson,,,,,,,,,,,,,,,,
The Darkness,Givin' Up,,,,,,,,,,,,,,,,
Zero 7,Left Behind,,,,,,,,,,,,,,,,
Broken Social Scene,Tremoloa Debut,,,,,,,,,,,,,,,,
The Avalanches,Diners Only,,,,,,,,,,,,,,,,
Him,In The Nightside Of Eden,,,,,,,,,,,,,,,,
Brand New,Millstone,,,,,,,,,,,,,,,,
Red Hot Chili Peppers,Venice Queen,,,,,,,,,,,,,,,,
Grandaddy,El Caminos In The West,,,,,,,,,,,,,,,,
Megadeth,Sweating Bullets,,,,,,,,,,,,,,,,
The Knife,This Is Now,,,,,,,,,,,,,,,,
U2,Unknown Caller,,,,,,,,,,,,,,,,
Fantômas,Rosemary'S Baby,,,,,,,,,,,,,,,,
Echo & The Bunnymen,In Bluer Skies,,,,,,,,,,,,,,,,
Sepultura,Territory,,,,,,,,,,,,,,,,
Sonic Syndicate,Misanthropic Coil,,,,,,,,,,,,,,,,
Hellogoodbye,Figures A And B (Means You And Me),,,,,,,,,,,,,,,,
Sentenced,No One There,,,,,,,,,,,,,,,,
The Rolling Stones,Mother'S Little Helper,,,,,,,,,,,,,,,,
Hot Chip,Crap Kraft Dinner,,,,,,,,,,,,,,,,
Pantera,Message In Blood,,,,,,,,,,,,,,,,
Pantera,Clash With Reality,,,,,,,,,,,,,,,,
Athlete,Tourist,,,,,,,,,,,,,,,,
The Beatles,Why Don'T We Do It In The Road?,0.8,0.8,0.0,0.0,0.0,0.0,0.0,0.0,0.0,0.0,0.0,0.0,0.0,0.0,0.6,0.0
Guns N' Roses,Bad Obsession,,,,,,,,,,,,,,,,
Beach House,You Came To Me,,,,,,,,,,,,,,,,
Tori Amos,You Can Bring Your Dog,,,,,,,,,,,,,,,,
Gogol Bordello,Wonderlust King,,,,,,,,,,,,,,,,
Depeche Mode,Nothing,,,,,,,,,,,,,,,,
Bebel Gilberto,Lonely,,,,,,,,,,,,,,,,
Joe Satriani,Ten Words,,,,,,,,,,,,,,,,
Godspeed You! Black Emperor,The Dead Flag Blues,,,,,,,,,,,,,,,,
Weezer,Falling For You,,,,,,,,,,,,,,,,
Soilwork,The Bringer,,,,,,,,,,,,,,,,
Killing Joke,Eighties,,,,,,,,,,,,,,,,
Kate Bush,The Big Sky,,,,,,,,,,,,,,,,
The Duke Spirit,My Sunken Treasure,,,,,,,,,,,,,,,,
Les Savy Fav,The Equestrian,,,,,,,,,,,,,,,,
Mors Principium Est,Pure,,,,,,,,,,,,,,,,
Amy Winehouse,Intro / Stronger Than Me,,,,,,,,,,,,,,,,
Guns N' Roses,Pretty Tied Up,,,,,,,,,,,,,,,,
Korn,It'S On!,,,,,,,,,,,,,,,,
At The Drive-In,Sleepwalk Capsules,,,,,,,,,,,,,,,,
Simple Minds,Home,,,,,,,,,,,,,,,,
The Jesus And Mary Chain,Coast To Coast,,,,,,,,,,,,,,,,
T.A.T.U.,How Soon Is Now?,,,,,,,,,,,,,,,,
Iron Maiden,Lord Of Light,,,,,,,,,,,,,,,,
Cibo Matto,Sugar Water,,,,,,,,,,,,,,,,
Bob Marley & The Wailers,One Love/ People Get Ready,,,,,,,,,,,,,,,,
Ensiferum,Tale Of Revenge,,,,,,,,,,,,,,,,
David Bowie,Under Pressure,,,,,,,,,,,,,,,,
Scissor Sisters,I Can'T Decide,,,,,,,,,,,,,,,,
The Charlatans,The Only One I Know,0.8,0.6,0.0,0.2,0.6,0.4,0.0,0.0,0.0,0.0,1.0,0.0,0.0,0.0,0.8,0.0
Why?,Good Friday,,,,,,,,,,,,,,,,
Doves,Sea Song,,,,,,,,,,,,,,,,
Pantera,Hollow,,,,,,,,,,,,,,,,
Minus The Bear,Women We Haven'T Met Yet,,,,,,,,,,,,,,,,
Garbage,Happy Home,,,,,,,,,,,,,,,,
Depeche Mode,Mercy In You,,,,,,,,,,,,,,,,
The Mountain Goats,You Or Your Memory,,,,,,,,,,,,,,,,
Missy Elliott,Get Ur Freak On,,,,,,,,,,,,,,,,
Pink Floyd,If,,,,,,,,,,,,,,,,
Iron & Wine,Muddy Hymnal,,,,,,,,,,,,,,,,
Pink Floyd,Take Up Thy Stethoscope And Walk,,,,,,,,,,,,,,,,
Tegan And Sara,I Hear Noises,,,,,,,,,,,,,,,,
Zeigeist,Pressurized Chamber,,,,,,,,,,,,,,,,
The Pipettes,A Winter'S Sky,,,,,,,,,,,,,,,,
T. Rex,I Love To Boogie,,,,,,,,,,,,,,,,
Korn,Twist,,,,,,,,,,,,,,,,
Dream Evil,Break The Chains,1.0,1.0,0.0,0.2,1.0,1.0,0.0,0.0,0.0,0.0,0.0,0.0,0.0,0.0,1.0,0.0
The Beatles,One After 909,,,,,,,,,,,,,,,,
Garbage,Til The Day I Die,0.6,0.4,0.8,0.4,0.6,0.6,0.0,0.0,0.0,0.0,0.0,0.0,1.0,0.8,0.8,0.0
Guns N' Roses,Catcher In The Rye,,,,,,,,,,,,,,,,
Damien Rice,Sleep Don'T Weep,,,,,,,,,,,,,,,,
Art Brut,Pump Up The Volume,,,,,,,,,,,,,,,,
Iron Maiden,Bring Your Daughter... To The Slaughter,,,,,,,,,,,,,,,,
Iron Maiden,Blood Brothers,,,,,,,,,,,,,,,,
Turbonegro,Rock Against Ass,,,,,,,,,,,,,,,,
Bob Dylan,It Ain'T Me Babe,,,,,,,,,,,,,,,,
Pinback,Non Photo-Blue,,,,,,,,,,,,,,,,
Cansei De Ser Sexy,Acho Um Pouco Bom,,,,,,,,,,,,,,,,
The Subways,Young For Eternity,,,,,,,,,,,,,,,,
Garbage,My Lover'S Box,0.8,0.6,0.6,0.4,0.8,0.8,0.0,0.0,0.0,0.0,0.0,0.0,0.8,0.6,0.8,0.0
Deerhoof,Believe E.S.P.,,,,,,,,,,,,,,,,
The Streets,Same Old Thing,,,,,,,,,,,,,,,,
Agalloch,...And The Great Cold Death Of The Earth,,,,,,,,,,,,,,,,
The Dresden Dolls,Truce,,,,,,,,,,,,,,,,
Metric,Gimme Sympathy,,,,,,,,,,,,,,,,
Red Hot Chili Peppers,Cabron,,,,,,,,,,,,,,,,
Ambulance Ltd,Ophelia,,,,,,,,,,,,,,,,
Weezer,Tired Of Sex,,,,,,,,,,,,,,,,
Metallica,Astronomy,,,,,,,,,,,,,,,,
Keane,You Haven'T Told Me Anything,,,,,,,,,,,,,,,,
Muse,Map Of Your Head,,,,,,,,,,,,,,,,
Snow Patrol,Please Just Take These Photos From My Hands,,,,,,,,,,,,,,,,
Esthero,Junglebook,,,,,,,,,,,,,,,,
Shpongle,Divine Moments Of Truth,,,,,,,,,,,,,,,,
Sunset Rubdown,Swimming,,,,,,,,,,,,,,,,
Leonard Cohen,Dance Me To The End Of Love,,,,,,,,,,,,,,,,
Soda Stereo,Imágenes Retro,,,,,,,,,,,,,,,,
Four Tet,She Moves She,,,,,,,,,,,,,,,,
The Blow,Pile Of Gold,,,,,,,,,,,,,,,,
Onerepublic,Prodigal,,,,,,,,,,,,,,,,
The Verve,Neon Wilderness,,,,,,,,,,,,,,,,
Jens Lekman,It Was A Strange Time In My Life,,,,,,,,,,,,,,,,
Children Of Bodom,Hate Me!,,,,,,,,,,,,,,,,
Unkle,Lonely Soul,,,,,,,,,,,,,,,,
The Gathering,Great Ocean Road,,,,,,,,,,,,,,,,
The New Pornographers,The End Of Medicine,,,,,,,,,,,,,,,,
Foo Fighters,Free Me,1.0,1.0,0.0,0.2,1.0,1.0,0.0,0.0,0.0,0.0,0.0,0.0,0.0,0.0,0.8,0.0
Foo Fighters,Doll,,,,,,,,,,,,,,,,
Hawkwind,You'D Better Believe It,,,,,,,,,,,,,,,,
Eels,Rags To Rags,,,,,,,,,,,,,,,,
Peaches,Tent In Your Pants,,,,,,,,,,,,,,,,
Black Rebel Motorcycle Club,And I'M Aching,0.8,0.6,0.0,0.2,1.0,0.8,0.0,0.0,0.0,0.0,0.6,0.0,0.0,0.0,0.8,0.0
Darren Hayes,Strange Relationship,,,,,,,,,,,,,,,,
Nine Inch Nails,Zero-Sum,,,,,,,,,,,,,,,,
30 Seconds To Mars,93 Million Miles,,,,,,,,,,,,,,,,
Björk,Öll Birtan,,,,,,,,,,,,,,,,
Jamie T,Calm Down Dearest,,,,,,,,,,,,,,,,
Shiny Toy Guns,Chemistry Of A Car Crash,,,,,,,,,,,,,,,,
Camille,Ta Douleur,,,,,,,,,,,,,,,,
Ratatat,Imperials,,,,,,,,,,,,,,,,
The Smashing Pumpkins,Rocket,,,,,,,,,,,,,,,,
Camera Obscura,I Need All The Friends I Can Get,0.6,0.2,0.0,0.4,0.4,0.0,0.6,0.4,0.0,0.0,0.0,0.0,0.0,0.0,0.8,0.0
Ratatat,Everest,0.8,0.6,0.8,0.6,1.0,0.8,0.0,0.0,0.0,0.0,0.0,0.0,0.8,0.6,0.8,0.0
Datarock,Sex Me Up,,,,,,,,,,,,,,,,
Menomena,Wet And Rusting,0.6,0.4,0.0,0.6,0.4,0.2,0.0,0.0,0.0,0.6,0.0,0.0,0.4,0.4,0.6,0.0
Darkthrone,To The Death (Under The King),0.8,1.0,0.0,0.0,1.0,1.0,0.0,0.0,0.0,0.0,0.0,0.0,0.0,0.0,0.8,0.0
Moloko,Sing It Back (Boris Musical Mix),0.8,0.6,1.0,0.6,0.0,0.0,0.0,0.0,0.0,0.0,0.0,0.0,1.0,0.8,0.8,0.0
Tenacious D,Double Team,,,,,,,,,,,,,,,,
Shitdisco,Reactor Party,0.8,0.6,0.6,0.4,0.8,0.6,0.0,0.0,0.0,0.0,0.0,0.0,0.8,0.8,0.6,0.0
Children Of Bodom,Downfall,1.0,1.0,0.0,0.0,1.0,1.0,0.0,0.4,0.0,0.0,0.0,0.0,0.6,0.6,1.0,0.0
Supergrass,St. Petersburg,,,,,,,,,,,,,,,,
Saosin,It'S So Simple,,,,,,,,,,,,,,,,
Joni Mitchell,Both Sides Now,0.0,0.0,0.0,0.0,0.0,0.0,1.0,0.6,0.0,0.0,0.0,0.0,0.0,0.0,0.0,0.0
Goose,Black Gloves,1.0,0.8,0.2,0.4,0.6,0.4,0.2,0.0,0.0,0.0,0.0,0.0,0.8,0.8,1.0,0.0
Soda Stereo,Zoom,,,,,,,,,,,,,,,,
