artist_name,track_name,Drum Set,Drum Aggressiveness,Synthetic Drums,Percussion,Electric Guitar,Electric Guitar Distortion,Acoustic Guitar,String Ensemble,Horn Ensemble,Piano,Organ,Rhodes,Synthesizer,Synth Timbre,Bass Guitar,Reed Instrument
Ladytron,Weekend,,,,,,,,,,,,,,,,
The Decemberists,O Valencia!,,,,,,,,,,,,,,,,
The Mars Volta,Eriatarka,,,,,,,,,,,,,,,,
Hot Chip,Shake A Fist,,,,,,,,,,,,,,,,
Blur,Charmless Man,,,,,,,,,,,,,,,,
Metallica,The End Of The Line,,,,,,,,,,,,,,,,
The White Stripes,The Air Near My Fingers,,,,,,,,,,,,,,,,
Tom Waits,Clap Hands,,,,,,,,,,,,,,,,
Regina Spektor,Ode To Divorce,,,,,,,,,,,,,,,,
Marilyn Manson,Disposable Teens,,,,,,,,,,,,,,,,
My Chemical Romance,Mama,,,,,,,,,,,,,,,,
Kings Of Leon,Day Old Blues,,,,,,,,,,,,,,,,
Death In Vegas,Hands Around My Throat,,,,,,,,,,,,,,,,
My Chemical Romance,House Of Wolves,,,,,,,,,,,,,,,,
The Prodigy,Voodoo People,,,,,,,,,,,,,,,,
Eels,Novocaine For The Soul,,,,,,,,,,,,,,,,
She Wants Revenge,Tear You Apart,,,,,,,,,,,,,,,,
The Beatles,Think For Yourself,,,,,,,,,,,,,,,,
Panic At The Disco,Introduction,,,,,,,,,,,,,,,,
Nightwish,Nemo,,,,,,,,,,,,,,,,
Ben Folds Five,Brick,,,,,,,,,,,,,,,,
Nick Drake,Fly,,,,,,,,,,,,,,,,
Pendulum,Granite,,,,,,,,,,,,,,,,
The National,Abel,,,,,,,,,,,,,,,,
Placebo,Days Before You Came,,,,,,,,,,,,,,,,
Depeche Mode,In Your Room,,,,,,,,,,,,,,,,
Gnarls Barkley,The Boogie Monster,,,,,,,,,,,,,,,,
Nirvana,Where Did You Sleep Last Night?,,,,,,,,,,,,,,,,
Ratatat,Gettysburg,,,,,,,,,,,,,,,,
Deftones,Passenger,,,,,,,,,,,,,,,,
The Knife,Still Light,,,,,,,,,,,,,,,,
The Rolling Stones,Start Me Up,,,,,,,,,,,,,,,,
Hot Hot Heat,Bandages,,,,,,,,,,,,,,,,
Kylie Minogue,Can'T Get You Out Of My Head,,,,,,,,,,,,,,,,
Guns N' Roses,Since I Don'T Have You,,,,,,,,,,,,,,,,
Rihanna,Breakin' Dishes,,,,,,,,,,,,,,,,
Ladytron,The Last One Standing,,,,,,,,,,,,,,,,
Boards Of Canada,Bocuma,,,,,,,,,,,,,,,,
Manu Chao,Clandestino,,,,,,,,,,,,,,,,
Alice Cooper,School'S Out,,,,,,,,,,,,,,,,
Iron & Wine,Innocent Bones,,,,,,,,,,,,,,,,
Depeche Mode,Barrel Of A Gun,,,,,,,,,,,,,,,,
Red Hot Chili Peppers,Easily,,,,,,,,,,,,,,,,
Iron & Wine,Teeth In The Grass,,,,,,,,,,,,,,,,
Marilyn Manson,Mobscene,,,,,,,,,,,,,,,,
Depeche Mode,Condemnation,,,,,,,,,,,,,,,,
Neutral Milk Hotel,Song Against Sex,,,,,,,,,,,,,,,,
Damien Rice,Coconut Skins,,,,,,,,,,,,,,,,
Wilco,Handshake Drugs,,,,,,,,,,,,,,,,
The Flaming Lips,Ego Tripping At The Gates Of Hell,,,,,,,,,,,,,,,,
Weezer,The Good Life,,,,,,,,,,,,,,,,
Stars,Sleep Tonight,,,,,,,,,,,,,,,,
Depeche Mode,Useless,,,,,,,,,,,,,,,,
The Stooges,Gimme Danger,,,,,,,,,,,,,,,,
Stars,Reunion,,,,,,,,,,,,,,,,
Stars,Take Me To The Riot,,,,,,,,,,,,,,,,
Nine Inch Nails,Reptile,,,,,,,,,,,,,,,,
Mstrkrft,Work On You,,,,,,,,,,,,,,,,
Radiohead,Morning Bell/Amnesiac,,,,,,,,,,,,,,,,
Whitesnake,Love Ain'T No Stranger,,,,,,,,,,,,,,,,
Tom Vek,Nothing But Green Lights,,,,,,,,,,,,,,,,
Tegan And Sara,Relief Next To Me,,,,,,,,,,,,,,,,
Kings Of Convenience,Love Is No Big Truth,,,,,,,,,,,,,,,,
Beck,Black Tambourine,,,,,,,,,,,,,,,,
Tv On The Radio,A Method,,,,,,,,,,,,,,,,
Nine Inch Nails,The Collector,,,,,,,,,,,,,,,,
Tegan And Sara,So Jealous,,,,,,,,,,,,,,,,
The Smiths,Is It Really So Strange?,,,,,,,,,,,,,,,,
Cut Copy,Voices In Quartz,,,,,,,,,,,,,,,,
Fiona Apple,Extraordinary Machine,,,,,,,,,,,,,,,,
Iamx,The Alternative,,,,,,,,,,,,,,,,
Tool,Pushit,,,,,,,,,,,,,,,,
Jimmy Eat World,23,,,,,,,,,,,,,,,,
Soundgarden,Burden In My Hand,,,,,,,,,,,,,,,,
Paramore,That'S What You Get,,,,,,,,,,,,,,,,
Nirvana,Stay Away,,,,,,,,,,,,,,,,
The La'S,There She Goes,,,,,,,,,,,,,,,,
Nirvana,You Know You'Re Right,,,,,,,,,,,,,,,,
Mogwai,7.25,0.8,0.6,0.2,0.2,0.8,0.8,0.0,0.0,0.0,0.0,0.0,0.0,0.6,0.4,0.8,0.0
Beck,Youthless,,,,,,,,,,,,,,,,
Emily Haines & The Soft Skeleton,Reading In Bed,,,,,,,,,,,,,,,,
Rammstein,Ohne Dich,,,,,,,,,,,,,,,,
The Beach Boys,Sloop John B,,,,,,,,,,,,,,,,
Tori Amos,Professional Widow,,,,,,,,,,,,,,,,
The Ting Tings,We Walk,,,,,,,,,,,,,,,,
Ozzy Osbourne,Crazy Train,,,,,,,,,,,,,,,,
A Perfect Circle,Thomas,,,,,,,,,,,,,,,,
The National,Karen,,,,,,,,,,,,,,,,
Lamb,Gorecki,,,,,,,,,,,,,,,,
Belle And Sebastian,Dress Up In You,,,,,,,,,,,,,,,,
The Stone Roses,Bye Bye Badman,,,,,,,,,,,,,,,,
Oasis,The Masterplan,,,,,,,,,,,,,,,,
Bat For Lashes,The Wizard,,,,,,,,,,,,,,,,
Guns N' Roses,Yesterdays,,,,,,,,,,,,,,,,
Jamiroquai,Feels Just Like It Should,,,,,,,,,,,,,,,,
In Flames,My Sweet Shadow,,,,,,,,,,,,,,,,
Dead Kennedys,Holiday In Cambodia,,,,,,,,,,,,,,,,
Dido,Hunter,,,,,,,,,,,,,,,,
Kim Wilde,Kids In America,,,,,,,,,,,,,,,,
Bat For Lashes,Sad Eyes,,,,,,,,,,,,,,,,
The Decemberists,The Perfect Crime #2,,,,,,,,,,,,,,,,
The Clash,Janie Jones,,,,,,,,,,,,,,,,
Architecture In Helsinki,Neverevereverdid,,,,,,,,,,,,,,,,
Modest Mouse,Interlude (Milo),,,,,,,,,,,,,,,,
Silversun Pickups,Waste It On,,,,,,,,,,,,,,,,
Paolo Nutini,Jenny Don'T Be Hasty,,,,,,,,,,,,,,,,
Placebo,Brick Shithouse,,,,,,,,,,,,,,,,
Hot Chip,Careful,,,,,,,,,,,,,,,,
The Teenagers,Homecoming,,,,,,,,,,,,,,,,
Sigur Rós,Fljótavík,,,,,,,,,,,,,,,,
Sigur Rós,Von,,,,,,,,,,,,,,,,
Joy Division,Novelty,,,,,,,,,,,,,,,,
Zz Top,Gimme All Your Lovin',,,,,,,,,,,,,,,,
Zero 7,This World,,,,,,,,,,,,,,,,
Rihanna,Sos,,,,,,,,,,,,,,,,
Mogwai,I Chose Horses,,,,,,,,,,,,,,,,
Britney Spears,Mmm Papi,,,,,,,,,,,,,,,,
Athlete,Half Light,,,,,,,,,,,,,,,,
The Police,Can'T Stand Losing You,,,,,,,,,,,,,,,,
Pixies,Planet Of Sound,,,,,,,,,,,,,,,,
Datarock,Computer Camp Love,0.0,0.0,1.0,0.6,0.4,0.0,0.0,0.0,0.0,0.0,0.0,0.0,1.0,0.8,0.8,0.0
Nirvana,Lake Of Fire,,,,,,,,,,,,,,,,
Tv On The Radio,Hours,,,,,,,,,,,,,,,,
Taking Back Sunday,Liar (It Takes One To Know One),,,,,,,,,,,,,,,,
Oasis,Bring It On Down,,,,,,,,,,,,,,,,
Suede,Animal Nitrate,,,,,,,,,,,,,,,,
Yeah Yeah Yeahs,Modern Romance,,,,,,,,,,,,,,,,
Norah Jones,Sunrise,,,,,,,,,,,,,,,,
The Prodigy,Girls,,,,,,,,,,,,,,,,
Deerhunter,Agoraphobia,,,,,,,,,,,,,,,,
Tom Waits,Time,,,,,,,,,,,,,,,,
Kaiser Chiefs,Love'S Not A Competition (But I'M Winning),,,,,,,,,,,,,,,,
Pendulum,Mutiny,,,,,,,,,,,,,,,,
My Morning Jacket,Wordless Chorus,,,,,,,,,,,,,,,,
Metallica,The Four Horsemen,,,,,,,,,,,,,,,,
Fergie,Fergalicious (Feat. Will.I.Am),,,,,,,,,,,,,,,,
Snow Patrol,Crack The Shutters,,,,,,,,,,,,,,,,
Ok Go,Get Over It,,,,,,,,,,,,,,,,
Animal Collective,Banshee Beat,,,,,,,,,,,,,,,,
Sentenced,May Today Become The Day,,,,,,,,,,,,,,,,
Phoenix,Everything Is Everything,,,,,,,,,,,,,,,,
The Black Eyed Peas,Don'T Phunk With My Heart,,,,,,,,,,,,,,,,
The Doors,The End,,,,,,,,,,,,,,,,
The Notorious B.I.G.,Things Done Changed,,,,,,,,,,,,,,,,
Oasis,Stop Crying Your Heart Out,,,,,,,,,,,,,,,,
Radiohead,Stop Whispering,,,,,,,,,,,,,,,,
Jason Mraz,You And I Both,,,,,,,,,,,,,,,,
Snow Patrol,Grazed Knees,0.4,0.2,0.0,0.0,0.4,0.0,0.6,0.0,0.0,0.4,0.0,0.0,0.2,0.2,0.4,0.0
Red Hot Chili Peppers,Especially In Michigan,,,,,,,,,,,,,,,,
Pulp,Pencil Skirt,,,,,,,,,,,,,,,,
Shakira,La Pared,,,,,,,,,,,,,,,,
Red Hot Chili Peppers,Breaking The Girl,,,,,,,,,,,,,,,,
Bright Eyes,Train Under Water,,,,,,,,,,,,,,,,
The Beatles,Carry That Weight,,,,,,,,,,,,,,,,
Travis,Why Does It Always Rain On Me?,,,,,,,,,,,,,,,,
Pearl Jam,Daughter,,,,,,,,,,,,,,,,
Jack Johnson,Taylor,,,,,,,,,,,,,,,,
Modest Mouse,Spitting Venom,,,,,,,,,,,,,,,,
Voxtrot,The Start Of Something,,,,,,,,,,,,,,,,
Placebo,One Of A Kind,,,,,,,,,,,,,,,,
Deerhunter,Never Stops,,,,,,,,,,,,,,,,
The Smiths,London,,,,,,,,,,,,,,,,
Fugees,Killing Me Softly,,,,,,,,,,,,,,,,
R.E.M.,Bad Day,,,,,,,,,,,,,,,,
Belle And Sebastian,To Be Myself Completely,,,,,,,,,,,,,,,,
Boards Of Canada,Julie And Candy,,,,,,,,,,,,,,,,
Sublime,What I Got,,,,,,,,,,,,,,,,
Oasis,Fuckin' In The Bushes,,,,,,,,,,,,,,,,
Portishead,Mourning Air,,,,,,,,,,,,,,,,
Belle And Sebastian,Mayfly,,,,,,,,,,,,,,,,
Queens Of The Stone Age,Do It Again,,,,,,,,,,,,,,,,
Of Montreal,Requiem For O.M.M.2,0.6,0.4,0.0,0.4,0.6,0.2,0.8,0.0,0.0,0.0,0.0,0.0,0.0,0.0,0.6,0.0
The Beatles,Golden Slumbers,0.6,0.2,0.0,0.4,0.0,0.0,0.0,0.8,0.0,1.0,0.0,0.0,0.0,0.0,0.6,0.0
Pulp,Underwear,,,,,,,,,,,,,,,,
Ladytron,Cmyk,,,,,,,,,,,,,,,,
Maxïmo Park,Books From Boxes,,,,,,,,,,,,,,,,
The Mars Volta,Drunkship Of Lanterns,,,,,,,,,,,,,,,,
Garbage,Milk,,,,,,,,,,,,,,,,
Elliott Smith,Pretty (Ugly Before),,,,,,,,,,,,,,,,
Feist,Honey Honey,,,,,,,,,,,,,,,,
Death Cab For Cutie,Your New Twin Sized Bed,0.6,0.4,0.0,0.4,0.6,0.2,0.8,0.0,0.0,0.4,0.0,0.0,0.0,0.0,0.6,0.0
Of Montreal,Rapture Rapes The Muses,,,,,,,,,,,,,,,,
Travis,Big Chair,,,,,,,,,,,,,,,,
Scorpions,Rock You Like A Hurricane,,,,,,,,,,,,,,,,
Of Montreal,Cato As A Pun,,,,,,,,,,,,,,,,
Mika,Any Other World,,,,,,,,,,,,,,,,
Natasha Bedingfield,Unwritten,0.8,0.4,0.6,0.6,0.2,0.0,0.4,0.4,0.0,0.0,0.0,0.0,0.6,0.4,0.4,0.0
The Hives,Two-Timing Touch And Broken Bones,,,,,,,,,,,,,,,,
Franz Ferdinand,You Could Have It So Much Better,0.8,0.8,0.0,0.2,0.8,0.6,0.0,0.0,0.0,0.0,0.0,0.0,0.4,0.6,0.8,0.0
The Beatles,Magical Mystery Tour,,,,,,,,,,,,,,,,
Tv On The Radio,Dancing Choose,,,,,,,,,,,,,,,,
Mando Diao,Killer Kaczynski,,,,,,,,,,,,,,,,
Him,Right Here In My Arms,,,,,,,,,,,,,,,,
Crystal Castles,Knights,,,,,,,,,,,,,,,,
Keane,Sunshine,,,,,,,,,,,,,,,,
A.C. Newman,On The Table,,,,,,,,,,,,,,,,
The Cinematic Orchestra,To Build A Home,,,,,,,,,,,,,,,,
Buena Vista Social Club,Chan Chan,,,,,,,,,,,,,,,,
Suede,Beautiful Ones,,,,,,,,,,,,,,,,
Bloc Party,Little Thoughts,,,,,,,,,,,,,,,,
Girl Talk,Still Here,,,,,,,,,,,,,,,,
The Kills,Black Balloon,,,,,,,,,,,,,,,,
My Chemical Romance,Cancer,,,,,,,,,,,,,,,,
Oasis,Don'T Go Away,,,,,,,,,,,,,,,,
Oasis,Songbird,,,,,,,,,,,,,,,,
Leonard Cohen,Famous Blue Raincoat,,,,,,,,,,,,,,,,
Bat For Lashes,Daniel,,,,,,,,,,,,,,,,
Linkin Park,Points Of Authority,,,,,,,,,,,,,,,,
Foo Fighters,Let It Die,,,,,,,,,,,,,,,,
Death Cab For Cutie,405,,,,,,,,,,,,,,,,
Siouxsie And The Banshees,Spellbound,,,,,,,,,,,,,,,,
Cansei De Ser Sexy,Css Suxxx,,,,,,,,,,,,,,,,
Elbow,One Day Like This,0.8,0.4,0.0,0.4,0.4,0.2,0.4,1.0,0.0,0.6,0.0,0.0,0.0,0.0,0.6,0.0
Ray Charles,Hit The Road Jack,,,,,,,,,,,,,,,,
Nine Inch Nails,Down In It,,,,,,,,,,,,,,,,
Garbage,Cherry Lips (Go Baby Go!),0.6,0.4,1.0,0.4,0.2,0.2,0.0,0.0,0.0,0.0,0.0,0.0,0.8,0.6,0.6,0.0
The Kills,Hook And Line,,,,,,,,,,,,,,,,
Ladytron,Black Cat,,,,,,,,,,,,,,,,
A Perfect Circle,Thinking Of You,,,,,,,,,,,,,,,,
Girl Talk,Minute By Minute,,,,,,,,,,,,,,,,
The White Stripes,Little Ghost,,,,,,,,,,,,,,,,
Eric Clapton,Layla,,,,,,,,,,,,,,,,
Regina Spektor,The Flowers,,,,,,,,,,,,,,,,
The Beatles,You'Ve Got To Hide Your Love Away,,,,,,,,,,,,,,,,
Mando Diao,God Knows,,,,,,,,,,,,,,,,
Modest Mouse,Alone Down There,,,,,,,,,,,,,,,,
The Beta Band,Dry The Rain,,,,,,,,,,,,,,,,
Fujiya & Miyagi,Ankle Injuries,,,,,,,,,,,,,,,,
Black Rebel Motorcycle Club,Heart + Soul,,,,,,,,,,,,,,,,
Katatonia,Deliberation,,,,,,,,,,,,,,,,
Cocorosie,Not For Sale,,,,,,,,,,,,,,,,
Ellen Allien & Apparat,Way Out,,,,,,,,,,,,,,,,
The National,Looking For Astronauts,,,,,,,,,,,,,,,,
Death Cab For Cutie,Talking Bird,,,,,,,,,,,,,,,,
System Of A Down,Forest,,,,,,,,,,,,,,,,
Foals,Like Swimming,0.8,0.4,0.2,0.4,0.6,0.4,0.2,0.0,0.0,0.0,0.0,0.0,0.8,0.6,0.8,0.0
Stars,What I'M Trying To Say,,,,,,,,,,,,,,,,
Scissor Sisters,Mary,,,,,,,,,,,,,,,,
Pj Harvey,Grow Grow Grow,,,,,,,,,,,,,,,,
Goldfrapp,Let It Take You,,,,,,,,,,,,,,,,
Misfits,Hybrid Moments,,,,,,,,,,,,,,,,
Rush,Red Barchetta,,,,,,,,,,,,,,,,
Boards Of Canada,Gyroscope,,,,,,,,,,,,,,,,
Justice,The Party,,,,,,,,,,,,,,,,
Pavement,Range Life,,,,,,,,,,,,,,,,
Air,New Star In The Sky (Chanson Pour Solal),,,,,,,,,,,,,,,,
The Duke Spirit,The Step And The Walk,0.8,0.6,0.0,0.4,0.8,0.6,0.0,0.0,0.0,0.0,0.0,0.0,0.2,0.2,0.8,0.0
Gang Of Four,At Home He'S A Tourist,,,,,,,,,,,,,,,,
Pj Harvey,When Under Ether,,,,,,,,,,,,,,,,
Sia,Sunday,,,,,,,,,,,,,,,,
Yann Tiersen,La Valse D'Amélie,,,,,,,,,,,,,,,,
Placebo,Bigmouth Strikes Again,,,,,,,,,,,,,,,,
Placebo,My Sweet Prince,,,,,,,,,,,,,,,,
The Kills,Love Is A Deserter,,,,,,,,,,,,,,,,
Vampire Weekend,I Stand Corrected,,,,,,,,,,,,,,,,
The New Pornographers,The Laws Have Changed,,,,,,,,,,,,,,,,
José González,Remain,,,,,,,,,,,,,,,,
Children Of Bodom,If You Want Peace... Prepare For War,,,,,,,,,,,,,,,,
30 Seconds To Mars,The Story,,,,,,,,,,,,,,,,
Weezer,Holiday,,,,,,,,,,,,,,,,
Alice In Chains,Would?,,,,,,,,,,,,,,,,
Anathema,Empty,,,,,,,,,,,,,,,,
Elliott Smith,Miss Misery,,,,,,,,,,,,,,,,
The White Stripes,Rag And Bone,,,,,,,,,,,,,,,,
The Unicorns,Jellybones,,,,,,,,,,,,,,,,
Morrissey,I Will See You In Far Off Places,,,,,,,,,,,,,,,,
Rob Zombie,Dragula,,,,,,,,,,,,,,,,
Pj Harvey,Sheela-Na-Gig,,,,,,,,,,,,,,,,
The Bravery,No Brakes,,,,,,,,,,,,,,,,
Art Brut,Modern Art,,,,,,,,,,,,,,,,
A Perfect Circle,Gravity,,,,,,,,,,,,,,,,
Air,Lost Message,,,,,,,,,,,,,,,,
The Gathering,Red Is A Slow Colour,,,,,,,,,,,,,,,,
Muse,Sober,,,,,,,,,,,,,,,,
José González,Save Your Day,,,,,,,,,,,,,,,,
Hot Chip,Out At The Pictures,,,,,,,,,,,,,,,,
Pearl Jam,Yellow Ledbetter,,,,,,,,,,,,,,,,
The Beatles,I'M Looking Through You,,,,,,,,,,,,,,,,
The White Stripes,Ball And Biscuit,,,,,,,,,,,,,,,,
The Knife,She'S Having A Baby,,,,,,,,,,,,,,,,
Queens Of The Stone Age,Regular John,,,,,,,,,,,,,,,,
Fiona Apple,Slow Like Honey,,,,,,,,,,,,,,,,
Paramore,Let The Flames Begin,,,,,,,,,,,,,,,,
30 Seconds To Mars,Edge Of The Earth,,,,,,,,,,,,,,,,
Pixies,U-Mass,,,,,,,,,,,,,,,,
Pixies,Cecilia Ann,,,,,,,,,,,,,,,,
Suzanne Vega,Caramel,,,,,,,,,,,,,,,,
Cut Copy,Zap Zap,,,,,,,,,,,,,,,,
Refused,New Noise,,,,,,,,,,,,,,,,
Opeth,Death Whispered A Lullaby,,,,,,,,,,,,,,,,
Panic At The Disco,Intermission,,,,,,,,,,,,,,,,
Nick Drake,Hazey Jane Ii,,,,,,,,,,,,,,,,
Pink Floyd,Sheep,,,,,,,,,,,,,,,,
Nine Inch Nails,Demon Seed,,,,,,,,,,,,,,,,
The Dresden Dolls,The Perfect Fit,,,,,,,,,,,,,,,,
Radiohead,We Suck Young Blood,,,,,,,,,,,,,,,,
Stone Temple Pilots,Plush,,,,,,,,,,,,,,,,
The Dresden Dolls,The Jeep Song,,,,,,,,,,,,,,,,
The Libertines,Don'T Be Shy,,,,,,,,,,,,,,,,
Lou Reed,Vicious,,,,,,,,,,,,,,,,
Tom Waits,Jockey Full Of Bourbon,,,,,,,,,,,,,,,,
Sneaker Pimps,Becoming X,,,,,,,,,,,,,,,,
Black Rebel Motorcycle Club,Pretend,,,,,,,,,,,,,,,,
Buffalo Springfield,For What It'S Worth,,,,,,,,,,,,,,,,
Sufjan Stevens,The Predatory Wasp Of The Palisades Is Out To Get Us!,,,,,,,,,,,,,,,,
Patrick Wolf,Paris,,,,,,,,,,,,,,,,
The Strokes,Ask Me Anything,,,,,,,,,,,,,,,,
Chemistry,Almost In Love,,,,,,,,,,,,,,,,
Audioslave,Hypnotize,,,,,,,,,,,,,,,,
Yann Tiersen,Sur Le Fil,,,,,,,,,,,,,,,,
Porcupine Tree,Heartattack In A Layby,,,,,,,,,,,,,,,,
Nine Inch Nails,Meet Your Master,,,,,,,,,,,,,,,,
Clint Mansell,The Last Man,,,,,,,,,,,,,,,,
Led Zeppelin Jam,I Can'T Quit You Baby,,,,,,,,,,,,,,,,
Regina Spektor,Braille,,,,,,,,,,,,,,,,
Black Rebel Motorcycle Club,The Line,,,,,,,,,,,,,,,,
Elliott Smith,Memory Lane,,,,,,,,,,,,,,,,
Jimmy Eat World,Kill,,,,,,,,,,,,,,,,
Damien Rice,The Animals Were Gone,,,,,,,,,,,,,,,,
Incubus,I Miss You,,,,,,,,,,,,,,,,
The Flaming Lips,Are You A Hypnotist??,,,,,,,,,,,,,,,,
Placebo,Twenty Years,,,,,,,,,,,,,,,,
Mindless Self Indulgence,Straight To Video,,,,,,,,,,,,,,,,
Judas Priest,Breaking The Law,,,,,,,,,,,,,,,,
Jimmy Eat World,Bleed American,,,,,,,,,,,,,,,,
Anton Maiden,Aces High,,,,,,,,,,,,,,,,
Queens Of The Stone Age,I Never Came,,,,,,,,,,,,,,,,
Joy Division,These Days,,,,,,,,,,,,,,,,
Sigur Rós,Viðrar Vel Til Loftárása,0.6,0.2,0.0,0.4,0.4,0.2,0.0,1.0,0.0,0.6,0.0,0.0,0.6,0.2,0.6,0.0
Guns N' Roses,Estranged,,,,,,,,,,,,,,,,
Slowdive,Alison,,,,,,,,,,,,,,,,
Moloko,Sing It Back,,,,,,,,,,,,,,,,
Kaiser Chiefs,Heat Dies Down,,,,,,,,,,,,,,,,
The Fray,Vienna,,,,,,,,,,,,,,,,
The Wombats,Let'S Dance To Joy Division,,,,,,,,,,,,,,,,
Simian Mobile Disco,It'S The Beat,,,,,,,,,,,,,,,,
Sonic Youth,100%,,,,,,,,,,,,,,,,
Rage Against The Machine,People Of The Sun,,,,,,,,,,,,,,,,
Daft Punk,Make Love,,,,,,,,,,,,,,,,
Slayer,Jesus Saves,,,,,,,,,,,,,,,,
Pink Floyd,Another Brick In The Wall (Part Ii),,,,,,,,,,,,,,,,
The Mars Volta,Cicatriz Esp,,,,,,,,,,,,,,,,
Fischerspooner,The 15Th,,,,,,,,,,,,,,,,
Bob Dylan,Positively 4Th Street,,,,,,,,,,,,,,,,
R.E.M.,Orange Crush,,,,,,,,,,,,,,,,
Yann Tiersen,Le Moulin,,,,,,,,,,,,,,,,
Depeche Mode,I Want It All,,,,,,,,,,,,,,,,
Guano Apes,Open Your Eyes,,,,,,,,,,,,,,,,
The Bravery,Tyrant,,,,,,,,,,,,,,,,
Jack'S Mannequin,Holiday From Real,,,,,,,,,,,,,,,,
Katatonia,In The White,,,,,,,,,,,,,,,,
Yeah Yeah Yeahs,Down Boy,,,,,,,,,,,,,,,,
The Black Eyed Peas,Don'T Lie,,,,,,,,,,,,,,,,
Megadeth,Symphony Of Destruction,,,,,,,,,,,,,,,,
Mika,Happy Ending,,,,,,,,,,,,,,,,
The Clash,(White Man) In Hammersmith Palais,,,,,,,,,,,,,,,,
Morrissey,In The Future When All'S Well,,,,,,,,,,,,,,,,
Elliott Smith,Easy Way Out,,,,,,,,,,,,,,,,
Death Cab For Cutie,Champagne From A Paper Cup,,,,,,,,,,,,,,,,
Wu-Tang Clan,Bring Da Ruckus,0.6,0.8,1.0,0.2,0.0,0.0,0.0,0.0,0.0,0.0,0.0,0.0,0.0,0.0,0.6,0.0
Aphex Twin,Heliosphan,,,,,,,,,,,,,,,,
Pj Harvey,White Chalk,,,,,,,,,,,,,,,,
Snow Patrol,Tiny Little Fractures,,,,,,,,,,,,,,,,
Bat For Lashes,Tahiti,,,,,,,,,,,,,,,,
Combichrist,This S*It Will Fcuk You Up,,,,,,,,,,,,,,,,
Band Of Horses,Detlef Schrempf,,,,,,,,,,,,,,,,
Neko Case,Dirty Knife,,,,,,,,,,,,,,,,
Nirvana,Frances Farmer Will Have Her Revenge On Seattle,,,,,,,,,,,,,,,,
Beck,Profanity Prayers,,,,,,,,,,,,,,,,
Of Montreal,Sink The Seine,,,,,,,,,,,,,,,,
Bloc Party,Two More Years,0.8,0.8,0.4,0.2,1.0,0.6,0.0,0.0,0.0,0.0,0.0,0.0,0.6,0.6,0.8,0.0
Gwen Stefani,Early Winter,,,,,,,,,,,,,,,,
Duffy,Distant Dreamer,,,,,,,,,,,,,,,,
Within Temptation,Mother Earth,,,,,,,,,,,,,,,,
Damien Rice,The Blowers Daughter,,,,,,,,,,,,,,,,
The Rolling Stones,Under My Thumb,,,,,,,,,,,,,,,,
Goldfrapp,Koko,,,,,,,,,,,,,,,,
Moby,Beautiful,,,,,,,,,,,,,,,,
Patrick Wolf,Secret Garden,,,,,,,,,,,,,,,,
Wilco,Muzzle Of Bees,,,,,,,,,,,,,,,,
Art Brut,Good Weekend,,,,,,,,,,,,,,,,
Kings Of Convenience,Stay Out Of Trouble,,,,,,,,,,,,,,,,
Supergrass,Alright,,,,,,,,,,,,,,,,
Babyshambles,Carry On Up The Morning,,,,,,,,,,,,,,,,
Roger Sanchez,Another Chance,,,,,,,,,,,,,,,,
The Kooks,Matchbox,,,,,,,,,,,,,,,,
The Doors,Moonlight Drive,,,,,,,,,,,,,,,,
Eric Clapton,Cocaine,,,,,,,,,,,,,,,,
Joy Division,Incubation,,,,,,,,,,,,,,,,
Maroon 5,If I Never See Your Face Again,,,,,,,,,,,,,,,,
Misfits,Last Caress,,,,,,,,,,,,,,,,
Sonic Youth,Hey Joni,,,,,,,,,,,,,,,,
Placebo,Centrefolds,,,,,,,,,,,,,,,,
The Fray,Little House,,,,,,,,,,,,,,,,
Clint Mansell,Death Is The Road To Awe,,,,,,,,,,,,,,,,
Sonic Youth,What A Waste,,,,,,,,,,,,,,,,
The Bravery,Honest Mistake,,,,,,,,,,,,,,,,
The Prodigy,Diesel Power,,,,,,,,,,,,,,,,
Mstrkrft,Easy Love,,,,,,,,,,,,,,,,
Spoon,Everything Hits At Once,,,,,,,,,,,,,,,,
The Ting Tings,Impacilla Carpisung,,,,,,,,,,,,,,,,
Tv On The Radio,Golden Age,,,,,,,,,,,,,,,,
Acceptance,Different,1.0,0.6,0.0,0.2,1.0,0.6,0.0,0.0,0.0,0.0,0.0,0.0,0.0,0.0,0.8,0.0
Dread Zeppelin,Thank You,,,,,,,,,,,,,,,,
Moby,In My Heart,,,,,,,,,,,,,,,,
Fiona Apple,Sullen Girl,,,,,,,,,,,,,,,,
The Black Eyed Peas,Shut Up,,,,,,,,,,,,,,,,
Ladytron,Ghosts,,,,,,,,,,,,,,,,
Pink Floyd,Breathe,,,,,,,,,,,,,,,,
Serj Tankian,Lie Lie Lie,,,,,,,,,,,,,,,,
Pink Floyd,See Emily Play,,,,,,,,,,,,,,,,
The Smiths,What She Said,,,,,,,,,,,,,,,,
Bloc Party,The Pioneers,,,,,,,,,,,,,,,,
Hot Chip,The Warning,,,,,,,,,,,,,,,,
Jack Johnson,Times Like These,,,,,,,,,,,,,,,,
Depeche Mode,Sweetest Perfection,,,,,,,,,,,,,,,,
Daft Punk,Television Rules The Nation / Crescendolls,,,,,,,,,,,,,,,,
Pink Floyd,Speak To Me,,,,,,,,,,,,,,,,
Late Of The Pier,Space And The Woods,,,,,,,,,,,,,,,,
T.A.T.U.,All The Things She Said,,,,,,,,,,,,,,,,
Ladyhawke,Paris Is Burning,,,,,,,,,,,,,,,,
Alphaville,Forever Young,,,,,,,,,,,,,,,,
Nine Inch Nails,Last,,,,,,,,,,,,,,,,
Au Revoir Simone,Sad Song,,,,,,,,,,,,,,,,
Soilwork,One With The Flies,,,,,,,,,,,,,,,,
The Prodigy,Take Me To The Hospital,,,,,,,,,,,,,,,,
Jeff Buckley,Corpus Christi Carol,,,,,,,,,,,,,,,,
Slowdive,When The Sun Hits,,,,,,,,,,,,,,,,
Beck,Elevator Music,,,,,,,,,,,,,,,,
Hercules And Love Affair,Hercules Theme,,,,,,,,,,,,,,,,
Metallica,Ride The Lightning,,,,,,,,,,,,,,,,
Queens Of The Stone Age,Avon,,,,,,,,,,,,,,,,
Depeche Mode,See You,,,,,,,,,,,,,,,,
The Raconteurs,Yellow Sun,,,,,,,,,,,,,,,,
M83,I Guess I'M Floating,,,,,,,,,,,,,,,,
Scissor Sisters,Filthy/Gorgeous,,,,,,,,,,,,,,,,
Björk,Enjoy,,,,,,,,,,,,,,,,
Jimi Hendrix,Castles Made Of Sand,,,,,,,,,,,,,,,,
Iron & Wine,Lovesong Of The Buzzard,,,,,,,,,,,,,,,,
Radiohead,The Gloaming,,,,,,,,,,,,,,,,
Placebo,Blue American,,,,,,,,,,,,,,,,
The Libertines,What Became Of The Likely Lads,,,,,,,,,,,,,,,,
Porcupine Tree,Gravity Eyelids,,,,,,,,,,,,,,,,
Beck,Missing,,,,,,,,,,,,,,,,
Green Day,Extraordinary Girl,,,,,,,,,,,,,,,,
Nick Cave & The Bad Seeds,Henry Lee,,,,,,,,,,,,,,,,
Sufjan Stevens,Prairie Fire That Wanders About,,,,,,,,,,,,,,,,
Soundgarden,Spoonman,,,,,,,,,,,,,,,,
Pj Harvey,Down By The Water,,,,,,,,,,,,,,,,
Cat Power,Love & Communication,,,,,,,,,,,,,,,,
The Strokes,The Way It Is,,,,,,,,,,,,,,,,
A.C. Newman,Miracle Drug,,,,,,,,,,,,,,,,
Muse,Falling Down,,,,,,,,,,,,,,,,
Joanna Newsom,Emily,,,,,,,,,,,,,,,,
Björk,Alarm Call,,,,,,,,,,,,,,,,
Sonic Youth,Silver Rocket,,,,,,,,,,,,,,,,
The White Stripes,You'Ve Got Her In Your Pocket,,,,,,,,,,,,,,,,
The New Pornographers,These Are The Fables,,,,,,,,,,,,,,,,
Kaiser Chiefs,Never Miss A Beat,1.0,0.8,0.0,0.4,0.8,0.6,0.0,0.0,0.0,0.0,0.0,0.0,0.6,0.6,0.8,0.0
Pearl Jam,Elderly Woman Behind The Counter In A Small Town,,,,,,,,,,,,,,,,
Blur,On Your Own,,,,,,,,,,,,,,,,
Daft Punk,Too Long,,,,,,,,,,,,,,,,
Suzanne Vega,Tom'S Diner,,,,,,,,,,,,,,,,
Emily Haines & The Soft Skeleton,Mostly Waving,,,,,,,,,,,,,,,,
Peter Bjorn And John,Let'S Call It Off,,,,,,,,,,,,,,,,
10Cc,I'M Not In Love,,,,,,,,,,,,,,,,
Goldfrapp,Train,,,,,,,,,,,,,,,,
Bob Dylan,Ballad Of A Thin Man,,,,,,,,,,,,,,,,
Metallica,Turn The Page,,,,,,,,,,,,,,,,
Doves,Pounding,,,,,,,,,,,,,,,,
M83,Graveyard Girl,,,,,,,,,,,,,,,,
Sonic Youth,Rats,,,,,,,,,,,,,,,,
Sigur Rós,Hjartað Hamast (Bamm Bamm Bamm),,,,,,,,,,,,,,,,
The Gathering,Travel,,,,,,,,,,,,,,,,
Queens Of The Stone Age,Auto Pilot,,,,,,,,,,,,,,,,
P!Nk,Just Like A Pill,,,,,,,,,,,,,,,,
The Sounds,Living In America,,,,,,,,,,,,,,,,
Led Zeppelin Jam,You Shook Me,,,,,,,,,,,,,,,,
Oasis,Little By Little,,,,,,,,,,,,,,,,
The Kills,Alphabet Pony,,,,,,,,,,,,,,,,
Girl Talk,Set It Off,,,,,,,,,,,,,,,,
Evanescence,Missing,,,,,,,,,,,,,,,,
Spoon,Eddie'S Ragga,,,,,,,,,,,,,,,,
Metallica,The Unforgiven Ii,,,,,,,,,,,,,,,,
The Coral,In The Morning,,,,,,,,,,,,,,,,
Nick Cave & The Bad Seeds,The Weeping Song,,,,,,,,,,,,,,,,
Rufus Wainwright,Going To A Town,,,,,,,,,,,,,,,,
Patrick Wolf,The Childcatcher,,,,,,,,,,,,,,,,
M.I.A.,Pull Up The People,,,,,,,,,,,,,,,,
M83,Skin Of The Night,,,,,,,,,,,,,,,,
Weezer,No One Else,,,,,,,,,,,,,,,,
Foals,The French Open,,,,,,,,,,,,,,,,
The Beach Boys,I Get Around,,,,,,,,,,,,,,,,
System Of A Down,Shimmy,,,,,,,,,,,,,,,,
Foals,Hummer,,,,,,,,,,,,,,,,
Iamx,Kiss And Swallow,,,,,,,,,,,,,,,,
Goldfrapp,Crystalline Green,,,,,,,,,,,,,,,,
Keane,Atlantic,,,,,,,,,,,,,,,,
My Morning Jacket,Off The Record,,,,,,,,,,,,,,,,
Nine Inch Nails,10 Ghosts Ii,0.4,0.4,0.8,0.2,0.0,0.0,0.0,0.0,0.0,0.0,0.0,0.0,1.0,0.8,0.4,0.0
The Who,Substitute,,,,,,,,,,,,,,,,
Simian Mobile Disco,Tits & Acid,,,,,,,,,,,,,,,,
The Avalanches,Since I Left You,,,,,,,,,,,,,,,,
Björk,Aeroplane,,,,,,,,,,,,,,,,
Weezer,Pink Triangle,,,,,,,,,,,,,,,,
Ac/Dc,Shoot To Thrill,,,,,,,,,,,,,,,,
Jimmy Eat World,A Praise Chorus,,,,,,,,,,,,,,,,
Him,In Joy And Sorrow,,,,,,,,,,,,,,,,
Anathema,One Last Goodbye,,,,,,,,,,,,,,,,
Patrick Wolf,Don'T Say No,0.6,0.4,0.8,0.4,0.6,0.4,0.4,0.8,0.0,0.6,0.0,0.0,0.8,0.6,0.6,0.0
Asobi Seksu,Strawberries,,,,,,,,,,,,,,,,
Ladytron,Discotraxx,,,,,,,,,,,,,,,,
Cocorosie,Tahiti Rain Song,,,,,,,,,,,,,,,,
Rilo Kiley,The Absence Of God,,,,,,,,,,,,,,,,
Goldfrapp,Number 1,,,,,,,,,,,,,,,,
Asobi Seksu,Strings,,,,,,,,,,,,,,,,
Sonic Youth,Dirty Boots,,,,,,,,,,,,,,,,
Him,Vampire Heart,,,,,,,,,,,,,,,,
Yeah Yeah Yeahs,Dull Life,,,,,,,,,,,,,,,,
Carla Bruni,Quelqu'Un M'A Dit,,,,,,,,,,,,,,,,
Stars,The First Five Times,,,,,,,,,,,,,,,,
Bat For Lashes,Bat'S Mouth,,,,,,,,,,,,,,,,
The Kills,Getting Down,,,,,,,,,,,,,,,,
The White Stripes,The Nurse,,,,,,,,,,,,,,,,
Afi,This Celluloid Dream,,,,,,,,,,,,,,,,
Beck,Chemtrails,,,,,,,,,,,,,,,,
Coheed And Cambria,Welcome Home,,,,,,,,,,,,,,,,
Shivaree,Goodnight Moon,,,,,,,,,,,,,,,,
Cocorosie,Butterscotch,0.2,0.2,0.8,0.4,0.2,0.0,0.2,0.2,0.0,0.4,0.0,0.0,0.6,0.4,0.4,0.0
Pj Harvey,This Mess We'Re In,,,,,,,,,,,,,,,,
Depeche Mode,Sister Of Night,,,,,,,,,,,,,,,,
Depeche Mode,The Sinner In Me,,,,,,,,,,,,,,,,
Janis Joplin,Me And Bobby Mcgee,0.6,0.4,0.0,0.6,0.4,0.2,0.8,0.0,0.0,0.0,0.0,0.0,0.0,0.0,0.8,0.0
The Kooks,Do You Wanna,,,,,,,,,,,,,,,,
Elliott Smith,Single File,,,,,,,,,,,,,,,,
The Beatles,I Will,0.0,0.0,0.0,0.8,0.0,0.0,1.0,0.0,0.0,0.0,0.0,0.0,0.0,0.0,0.8,0.0
Neko Case,Lion'S Jaws,,,,,,,,,,,,,,,,
Junior Senior,Move Your Feet,,,,,,,,,,,,,,,,
Pantera,Domination,,,,,,,,,,,,,,,,
Blonde Redhead,Misery Is A Butterfly,,,,,,,,,,,,,,,,
The Smiths,Rubber Ring,,,,,,,,,,,,,,,,
U2,Walk On,,,,,,,,,,,,,,,,
Imogen Heap,Speeding Cars,,,,,,,,,,,,,,,,
Iron & Wine,Free Until They Cut Me Down,0.2,0.2,0.0,0.6,0.4,0.2,1.0,0.0,0.0,0.0,0.0,0.0,0.0,0.0,0.6,0.0
My Chemical Romance,You Know What They Do To Guys Like Us In Prison,,,,,,,,,,,,,,,,
Katatonia,Consternation,,,,,,,,,,,,,,,,
Marvin Gaye,What'S Going On,0.6,0.2,0.0,0.8,0.4,0.0,0.0,0.6,0.8,0.4,0.2,0.0,0.0,0.0,0.8,0.6
No Doubt,Spiderwebs,,,,,,,,,,,,,,,,
Band Of Horses,Marry Song,,,,,,,,,,,,,,,,
Ex Pistols,Anarchy In The U.K.,,,,,,,,,,,,,,,,
Nick Drake,Parasite,,,,,,,,,,,,,,,,
Kate Bush,Hounds Of Love,,,,,,,,,,,,,,,,
Animal Collective,Guys Eyes,,,,,,,,,,,,,,,,
Jem,Just A Ride,,,,,,,,,,,,,,,,
Children Of Bodom,Are You Dead Yet?,,,,,,,,,,,,,,,,
Damien Rice,Dogs,0.2,0.0,0.0,0.4,0.0,0.0,1.0,0.8,0.0,0.0,0.0,0.0,0.0,0.0,0.4,0.0
New Order,Regret,,,,,,,,,,,,,,,,
Soilwork,Follow The Hollow,,,,,,,,,,,,,,,,
Wolfmother,Pyramid,,,,,,,,,,,,,,,,
Wolfmother,Mind'S Eye,,,,,,,,,,,,,,,,
The Beatles,She Came In Through The Bathroom Window,,,,,,,,,,,,,,,,
Mando Diao,The Band,,,,,,,,,,,,,,,,
Scissor Sisters,Music Is The Victim,,,,,,,,,,,,,,,,
Pearl Jam,Rearviewmirror,,,,,,,,,,,,,,,,
M.I.A.,Xr2,,,,,,,,,,,,,,,,
Björk,All Neon Like,,,,,,,,,,,,,,,,
Wilco,Hate It Here,,,,,,,,,,,,,,,,
Buzzcocks,Ever Fallen In Love?,,,,,,,,,,,,,,,,
Uffie,Pop The Glock,,,,,,,,,,,,,,,,
Belle And Sebastian,Act Of The Apostle Ii,,,,,,,,,,,,,,,,
The Cure,Disintegration,,,,,,,,,,,,,,,,
Pixies,No. 13 Baby,,,,,,,,,,,,,,,,
The Album Leaf,Always For You,,,,,,,,,,,,,,,,
Kanye West,Amazing (Feat. Young Jeezy),,,,,,,,,,,,,,,,
The Red Jumpsuit Apparatus,Your Guardian Angel,,,,,,,,,,,,,,,,
The Dandy Warhols,Nietzsche,,,,,,,,,,,,,,,,
Evanescence,Snow White Queen,,,,,,,,,,,,,,,,
Tori Amos,Bouncing Off Clouds,,,,,,,,,,,,,,,,
Pink Floyd,One Of My Turns,,,,,,,,,,,,,,,,
Nine Inch Nails,A Warm Place,,,,,,,,,,,,,,,,
Radiohead,Sail To The Moon,,,,,,,,,,,,,,,,
Cat Power,Fool,,,,,,,,,,,,,,,,
The White Stripes,I'M Slowly Turning Into You,,,,,,,,,,,,,,,,
Kate Nash,Mouthwash,,,,,,,,,,,,,,,,
The Faint,Glass Danse,,,,,,,,,,,,,,,,
Paramore,Emergency,,,,,,,,,,,,,,,,
Audioslave,Doesn'T Remind Me,,,,,,,,,,,,,,,,
Pj Harvey,Victory,,,,,,,,,,,,,,,,
Pj Harvey,One Line,,,,,,,,,,,,,,,,
Wolf Parade,Dinner Bells,,,,,,,,,,,,,,,,
The Sounds,Painted By Numbers,,,,,,,,,,,,,,,,
Cat Power,Werewolf,,,,,,,,,,,,,,,,
The Sounds,Queen Of Apology,,,,,,,,,,,,,,,,
Pearl Jam,Garden,,,,,,,,,,,,,,,,
Beck,We Dance Alone,,,,,,,,,,,,,,,,
Dread Zeppelin,No Quarter,,,,,,,,,,,,,,,,
Depeche Mode,Freelove,,,,,,,,,,,,,,,,
Norah Jones,Seven Years,,,,,,,,,,,,,,,,
Grandaddy,A.M. 180,,,,,,,,,,,,,,,,
Pink Floyd,Keep Talking,,,,,,,,,,,,,,,,
The Velvet Underground,Who Loves The Sun,,,,,,,,,,,,,,,,
The Knife,Rock Classics,,,,,,,,,,,,,,,,
Slowdive,Souvlaki Space Station,,,,,,,,,,,,,,,,
Nine Inch Nails,Getting Smaller,,,,,,,,,,,,,,,,
The Feeling,Fill My Little World,,,,,,,,,,,,,,,,
The Stone Roses,I Am The Resurrection,,,,,,,,,,,,,,,,
Kaiser Chiefs,Everything Is Average Nowadays,,,,,,,,,,,,,,,,
Fall Out Boy,Don'T You Know Who I Think I Am?,,,,,,,,,,,,,,,,
Adam Green,Hard To Be A Girl,,,,,,,,,,,,,,,,
Red Hot Chili Peppers,Get On Top,,,,,,,,,,,,,,,,
Bloc Party,Signs,,,,,,,,,,,,,,,,
No Doubt,Sunday Morning,,,,,,,,,,,,,,,,
Beck,Walls,,,,,,,,,,,,,,,,
The Beatles,Wait,,,,,,,,,,,,,,,,
Girl Talk,Ask About Me,,,,,,,,,,,,,,,,
Sufjan Stevens,Say Yes! To M!Ch!Gan!,0.4,0.2,0.0,0.6,0.2,0.0,0.4,0.8,0.0,0.6,0.0,0.0,0.4,0.2,0.6,0.0
Girl Talk,Hand Clap,,,,,,,,,,,,,,,,
Emilie Autumn,Opheliac,,,,,,,,,,,,,,,,
Justin Timberlake,What Goes Around.../...Comes Around Interlude,,,,,,,,,,,,,,,,
Rufus Wainwright,Oh What A World,,,,,,,,,,,,,,,,
The New Pornographers,Broken Breads,,,,,,,,,,,,,,,,
Afi,The Leaving Song,,,,,,,,,,,,,,,,
Babyshambles,You Talk,,,,,,,,,,,,,,,,
Evanescence,Anywhere,,,,,,,,,,,,,,,,
Kanye West,Homecoming (Feat. Chris Martin),0.8,0.6,1.0,0.4,0.4,0.2,0.0,0.0,0.0,0.8,0.0,0.0,0.6,0.6,0.6,0.0
Guns N' Roses,Don'T Cry (Original),,,,,,,,,,,,,,,,
Within Temptation,Stand My Ground,,,,,,,,,,,,,,,,
In Flames,System,,,,,,,,,,,,,,,,
Black Rebel Motorcycle Club,Whatever Happened To My Rock 'N' Roll,,,,,,,,,,,,,,,,
Zero 7,The Space Between,,,,,,,,,,,,,,,,
Elliott Smith,Coming Up Roses,,,,,,,,,,,,,,,,
Paolo Nutini,Last Request,,,,,,,,,,,,,,,,
Incubus,Agoraphobia,,,,,,,,,,,,,,,,
The Clash,London'S Burning,,,,,,,,,,,,,,,,
The Clash,The Right Profile,,,,,,,,,,,,,,,,
Lez Zeppelin,The Ocean,,,,,,,,,,,,,,,,
Wolfmother,Joker & The Thief,,,,,,,,,,,,,,,,
Amy Winehouse,Fuck Me Pumps,,,,,,,,,,,,,,,,
Kevin Shields,Ikebana,,,,,,,,,,,,,,,,
Slayer,Altar Of Sacrifice,,,,,,,,,,,,,,,,
The Velvet Underground,What Goes On,,,,,,,,,,,,,,,,
Soilwork,Weapon Of Vanity,,,,,,,,,,,,,,,,
Death From Above 1979,Sexy Results,,,,,,,,,,,,,,,,
Soilwork,As We Speak,,,,,,,,,,,,,,,,
Bright Eyes,Land Locked Blues,,,,,,,,,,,,,,,,
Ratatat,Tropicana,,,,,,,,,,,,,,,,
Marilyn Manson,The Fight Song,,,,,,,,,,,,,,,,
The Automatic,Monster,,,,,,,,,,,,,,,,
Yann Tiersen,Les Jours Tristes (Instrumental),,,,,,,,,,,,,,,,
Black Rebel Motorcycle Club,Wishing Well,,,,,,,,,,,,,,,,
Whitesnake,Fool For Your Loving,,,,,,,,,,,,,,,,
Violent Femmes,Gone Daddy Gone,,,,,,,,,,,,,,,,
Boy Kill Boy,Suzie,,,,,,,,,,,,,,,,
The B-52'S,Love Shack,,,,,,,,,,,,,,,,
Inxs,Need You Tonight,,,,,,,,,,,,,,,,
Matchbox Twenty,If You'Re Gone,,,,,,,,,,,,,,,,
Britney Spears,Perfect Lover,,,,,,,,,,,,,,,,
Mika,Stuck In The Middle,,,,,,,,,,,,,,,,
The Rolling Stones,(I Can'T Get No) Satisfaction,,,,,,,,,,,,,,,,
The Human League,Don'T You Want Me,,,,,,,,,,,,,,,,
Lynyrd Skynyrd,Simple Man,,,,,,,,,,,,,,,,
In Flames,Crawl Through Knives,,,,,,,,,,,,,,,,
Múm,Now There'S That Fear Again,,,,,,,,,,,,,,,,
Feist,1 2 3 4,,,,,,,,,,,,,,,,
Audioslave,Set It Off,,,,,,,,,,,,,,,,
Imogen Heap,Closing In,0.6,0.4,0.8,0.2,0.0,0.0,0.0,0.0,0.0,0.0,0.0,0.0,1.0,0.8,0.0,0.0
The Cure,Last Dance,,,,,,,,,,,,,,,,
Lifehouse,Everything,,,,,,,,,,,,,,,,
Maxïmo Park,Acrobat,0.6,0.4,0.0,0.2,0.6,0.4,0.0,0.0,0.0,0.0,0.0,0.0,0.6,0.4,0.6,0.0
Zero 7,Speed Dial No. 2,,,,,,,,,,,,,,,,
Aesop Rock,None Shall Pass,,,,,,,,,,,,,,,,
Pj Harvey,Silence,,,,,,,,,,,,,,,,
Placebo,Ask For Answers,,,,,,,,,,,,,,,,
Mew,Circuitry Of The Wolf,,,,,,,,,,,,,,,,
My Bloody Valentine,Lose My Breath,,,,,,,,,,,,,,,,
Hot Chip,Bendable Poseable,,,,,,,,,,,,,,,,
Wilco,Side With The Seeds,,,,,,,,,,,,,,,,
Pantera,Mouth For War,,,,,,,,,,,,,,,,
Bob Marley & The Wailers,Waiting In Vain,,,,,,,,,,,,,,,,
Tegan And Sara,I Bet It Stung,,,,,,,,,,,,,,,,
Rammstein,Moskau,,,,,,,,,,,,,,,,
Tv On The Radio,Crying,,,,,,,,,,,,,,,,
Camera Obscura,Come Back Margaret,,,,,,,,,,,,,,,,
Regina Spektor,Chemo Limo,,,,,,,,,,,,,,,,
The Stills,Lola Stars And Stripes,,,,,,,,,,,,,,,,
Feist,One Two Three Four,,,,,,,,,,,,,,,,
Elliott Smith,Christian Brothers,0.8,0.4,0.0,0.2,0.6,0.4,1.0,0.0,0.0,0.0,0.0,0.0,0.0,0.0,0.6,0.0
The Long Blondes,Separated By Motorways,,,,,,,,,,,,,,,,
Regina Spektor,Somedays,,,,,,,,,,,,,,,,
Iron & Wine,Resurrection Fern,,,,,,,,,,,,,,,,
Nick Drake,Horn,,,,,,,,,,,,,,,,
Nightwish,Gethsemane,,,,,,,,,,,,,,,,
Scissor Sisters,Return To Oz,,,,,,,,,,,,,,,,
Tokyo Police Club,Your English Is Good,,,,,,,,,,,,,,,,
Nine Inch Nails,In This Twilight,,,,,,,,,,,,,,,,
Calvin Harris,Acceptable In The 80S,,,,,,,,,,,,,,,,
We Are Scientists,After Hours,,,,,,,,,,,,,,,,
Beirut,The Gulag Orkestar,,,,,,,,,,,,,,,,
Black Rebel Motorcycle Club,Shade Of Blue,,,,,,,,,,,,,,,,
Antony And The Johnsons,Free At Last,,,,,,,,,,,,,,,,
Smoke City,Underwater Love,,,,,,,,,,,,,,,,
Arctic Monkeys,505,,,,,,,,,,,,,,,,
David Bowie,Life On Mars,,,,,,,,,,,,,,,,
Pink Floyd,Set The Controls For The Heart Of The Sun,,,,,,,,,,,,,,,,
The Pipettes,Your Kisses Are Wasted On Me,,,,,,,,,,,,,,,,
The Velvet Underground,I'M Sticking With You,0.2,0.2,0.0,0.0,0.0,0.0,0.6,0.8,0.0,0.4,0.0,0.0,0.0,0.0,0.0,0.0
Garbage,#1 Crush,,,,,,,,,,,,,,,,
Daft Punk,Touch It / Technologic,,,,,,,,,,,,,,,,
Black Kids,I'Ve Underestimated My Charm (Again),,,,,,,,,,,,,,,,
Led Zeppelin Jam,Moby Dick,,,,,,,,,,,,,,,,
The Black Angels,Black Grease,,,,,,,,,,,,,,,,
The National,Ada,,,,,,,,,,,,,,,,
Hot Chip,Hold On,,,,,,,,,,,,,,,,
James Blunt,Tears And Rain,0.6,0.4,0.0,0.2,0.0,0.0,1.0,0.6,0.0,0.8,0.0,0.0,0.0,0.0,0.6,0.0
Belle And Sebastian,The Boy Done Wrong Again,,,,,,,,,,,,,,,,
Robyn,Konichiwa Bitches,,,,,,,,,,,,,,,,
Daft Punk,One More Time / Aerodynamic,,,,,,,,,,,,,,,,
Depeche Mode,Leave In Silence,,,,,,,,,,,,,,,,
Him,Soul On Fire,,,,,,,,,,,,,,,,
Sonic Youth,The Sprawl,,,,,,,,,,,,,,,,
Apocalyptica,Bittersweet,,,,,,,,,,,,,,,,
The Ting Tings,Traffic Light,,,,,,,,,,,,,,,,
Bloc Party,Halo,,,,,,,,,,,,,,,,
M.I.A.,20 Dollar,0.2,0.4,1.0,0.4,0.6,0.6,0.0,0.0,0.0,0.0,0.0,0.0,0.8,0.8,0.4,0.0
Spoon,Sister Jack,,,,,,,,,,,,,,,,
Clint Mansell,Together We Will Live Forever,,,,,,,,,,,,,,,,
The Last Shadow Puppets,My Mistakes Were Made For You,,,,,,,,,,,,,,,,
Black Sabbath,Planet Caravan,,,,,,,,,,,,,,,,
Crystal Castles,Black Panther,,,,,,,,,,,,,,,,
Anton Maiden,Fear Of The Dark,,,,,,,,,,,,,,,,
Metric,Hardwire,,,,,,,,,,,,,,,,
Nick Drake,Introduction,,,,,,,,,,,,,,,,
Porcupine Tree,Collapse The Light Into Earth,,,,,,,,,,,,,,,,
A Perfect Circle,Vanishing,,,,,,,,,,,,,,,,
Bat For Lashes,Sarah,,,,,,,,,,,,,,,,
The Libertines,What A Waster,,,,,,,,,,,,,,,,
Arctic Monkeys,Bigger Boys And Stolen Sweethearts,,,,,,,,,,,,,,,,
The Sounds,Song With A Mission,,,,,,,,,,,,,,,,
The Dandy Warhols,Godless,,,,,,,,,,,,,,,,
Pulp,Sorted For E'S & Wizz,,,,,,,,,,,,,,,,
Iron & Wine,Pagan Angel And A Borrowed Car,,,,,,,,,,,,,,,,
Ladytron,Fighting In Built Up Areas,,,,,,,,,,,,,,,,
Mirah,Cold Cold Water,,,,,,,,,,,,,,,,
Animal Collective,Taste,,,,,,,,,,,,,,,,
Gym Class Heroes,Cupid'S Chokehold,,,,,,,,,,,,,,,,
Beck,Strange Apparition,,,,,,,,,,,,,,,,
Röyksopp,Dead To The World,,,,,,,,,,,,,,,,
Mylo,Guilty Of Love,,,,,,,,,,,,,,,,
Architecture In Helsinki,Hold Music,,,,,,,,,,,,,,,,
Pink Floyd,Echoes,0.8,0.4,0.0,0.4,0.8,0.4,0.0,0.0,0.0,0.0,0.8,0.0,0.8,0.4,0.8,0.0
Andrew Bird,A Nervous Tic Motion Of The Head To The Left,,,,,,,,,,,,,,,,
Bright Eyes,Take It Easy (Love Nothing),,,,,,,,,,,,,,,,
Daft Punk,The Prime Time Of Your Life,,,,,,,,,,,,,,,,
Oasis,I'M Outta Time,,,,,,,,,,,,,,,,
Girl Talk,No Pause,,,,,,,,,,,,,,,,
Travis,Re-Offender,,,,,,,,,,,,,,,,
Belle And Sebastian,She'S Losing It,,,,,,,,,,,,,,,,
Scissor Sisters,Tits On The Radio,,,,,,,,,,,,,,,,
Tool,Hush,,,,,,,,,,,,,,,,
Slayer,Piece By Piece,,,,,,,,,,,,,,,,
Pearl Jam,Porch,,,,,,,,,,,,,,,,
Tori Amos,Precious Things,,,,,,,,,,,,,,,,
Yann Tiersen,La Dispute,,,,,,,,,,,,,,,,
Red Hot Chili Peppers,My Friends,,,,,,,,,,,,,,,,
Emily Haines & The Soft Skeleton,The Maid Needs A Maid,,,,,,,,,,,,,,,,
Tori Amos,Leather,,,,,,,,,,,,,,,,
Wilco,Hummingbird,,,,,,,,,,,,,,,,
Panic At The Disco,I Constantly Thank God For Esteban,,,,,,,,,,,,,,,,
Hot Hot Heat,You Owe Me An Iou,,,,,,,,,,,,,,,,
Dj Shadow,The Number Song,,,,,,,,,,,,,,,,
The Kooks,Shine On,0.8,0.4,0.0,0.4,0.8,0.2,0.6,0.0,0.0,0.0,0.0,0.0,0.0,0.0,0.8,0.0
The Chemical Brothers,Saturate,,,,,,,,,,,,,,,,
Camera Obscura,Dory Previn,,,,,,,,,,,,,,,,
30 Seconds To Mars,Capricorn (A Brand New Name),,,,,,,,,,,,,,,,
The National,Daughters Of The Soho Riots,,,,,,,,,,,,,,,,
Placebo,Protège Moi,,,,,,,,,,,,,,,,
Broken Social Scene,I'M Still Your Fag,,,,,,,,,,,,,,,,
Black Rebel Motorcycle Club,Complicated Situation,,,,,,,,,,,,,,,,
The Clash,Death Or Glory,,,,,,,,,,,,,,,,
Neutral Milk Hotel,The Fool,,,,,,,,,,,,,,,,
Blondie,Picture This,,,,,,,,,,,,,,,,
Pj Harvey,Big Exit,,,,,,,,,,,,,,,,
The Jesus And Mary Chain,The Hardest Walk,,,,,,,,,,,,,,,,
Patrick Wolf,Get Lost,,,,,,,,,,,,,,,,
Afi,Dancing Through Sunday,,,,,,,,,,,,,,,,
Tokyo Police Club,Citizens Of Tomorrow,,,,,,,,,,,,,,,,
Girl Talk,What It'S All About,,,,,,,,,,,,,,,,
Boards Of Canada,In The Annexe,,,,,,,,,,,,,,,,
System Of A Down,Soldier Side (Intro),,,,,,,,,,,,,,,,
System Of A Down,X,,,,,,,,,,,,,,,,
System Of A Down,Psycho,,,,,,,,,,,,,,,,
Nightwish,Over The Hills And Far Away,,,,,,,,,,,,,,,,
Radiohead,Backdrifts,,,,,,,,,,,,,,,,
Something Corporate,Konstantine,,,,,,,,,,,,,,,,
M.I.A.,Bird Flu,,,,,,,,,,,,,,,,
The Stone Roses,This Is The One,,,,,,,,,,,,,,,,
Deftones,Feiticeira,,,,,,,,,,,,,,,,
Ladytron,Soft Power,,,,,,,,,,,,,,,,
Pink Floyd,In The Flesh?,,,,,,,,,,,,,,,,
Lcd Soundsystem,Watch The Tapes,,,,,,,,,,,,,,,,
Bright Eyes,Hot Knives,,,,,,,,,,,,,,,,
Pinback,Fortress,,,,,,,,,,,,,,,,
Sleater-Kinney,Modern Girl,,,,,,,,,,,,,,,,
The Radio Dept.,The Worst Taste In Music,,,,,,,,,,,,,,,,
Sigur Rós,Straumnes,,,,,,,,,,,,,,,,
Fall Out Boy,Sophomore Slump Or Comeback Of The Year,,,,,,,,,,,,,,,,
The Velvet Underground,Beginning To See The Light,,,,,,,,,,,,,,,,
Death In Vegas,Girls,,,,,,,,,,,,,,,,
The Cloud Room,Hey Now Now,,,,,,,,,,,,,,,,
Thirteen Senses,Into The Fire,,,,,,,,,,,,,,,,
Sufjan Stevens,Flint (For The Unemployed And Underpaid),,,,,,,,,,,,,,,,
Kings Of Convenience,Sorry Or Please,,,,,,,,,,,,,,,,
The Beatles,The Fool On The Hill,,,,,,,,,,,,,,,,
The Magic Numbers,Mornings Eleven,,,,,,,,,,,,,,,,
Dread Zeppelin,The Song Remains The Same,,,,,,,,,,,,,,,,
No Doubt,Bathwater,,,,,,,,,,,,,,,,
Metallica,The Unforgiven Iii,,,,,,,,,,,,,,,,
Him,Poison Girl,,,,,,,,,,,,,,,,
Bloc Party,Tulips,,,,,,,,,,,,,,,,
Of Montreal,A Sentence Of Sorts In Kongsvinger,,,,,,,,,,,,,,,,
Goldfrapp,Clowns,,,,,,,,,,,,,,,,
Katie Melua,Nine Million Bicycles,,,,,,,,,,,,,,,,
The Libertines,Vertigo,,,,,,,,,,,,,,,,
Moby,Bodyrock,,,,,,,,,,,,,,,,
Sonic Syndicate,Jailbreak,,,,,,,,,,,,,,,,
Elliott Smith,Wouldn'T Mama Be Proud?,,,,,,,,,,,,,,,,
Architecture In Helsinki,To And Fro,,,,,,,,,,,,,,,,
Neil Young,The Needle And The Damage Done,,,,,,,,,,,,,,,,
Architecture In Helsinki,Fumble,,,,,,,,,,,,,,,,
Elbow,Forget Myself,,,,,,,,,,,,,,,,
Linkin Park,With You,,,,,,,,,,,,,,,,
The Flaming Lips,The W.A.N.D.,,,,,,,,,,,,,,,,
Autolux,Turnstile Blues,,,,,,,,,,,,,,,,
The Cure,Catch,0.6,0.4,0.0,0.4,0.6,0.2,0.0,0.0,0.0,0.2,0.0,0.0,0.8,0.4,0.8,0.0
Beach House,Master Of None,,,,,,,,,,,,,,,,
Basement Jaxx,Red Alert,,,,,,,,,,,,,,,,
The Dresden Dolls,Shores Of California,,,,,,,,,,,,,,,,
Radiohead,Sit Down. Stand Up. (Snakes & Ladders.),,,,,,,,,,,,,,,,
Melanie C,Beautiful Intentions,,,,,,,,,,,,,,,,
Hard-Fi,Tied Up Too Tight,,,,,,,,,,,,,,,,
Katatonia,Follower,,,,,,,,,,,,,,,,
The Beatles,Polythene Pam,,,,,,,,,,,,,,,,
Aphex Twin,Vordhosbn,,,,,,,,,,,,,,,,
Modest Mouse,Heart Cooks Brain,,,,,,,,,,,,,,,,
The Raveonettes,Love In A Trashcan,,,,,,,,,,,,,,,,
Tool,Intolerance,,,,,,,,,,,,,,,,
Madonna,4 Minutes (Feat. Justin Timberlake),,,,,,,,,,,,,,,,
Björk,Declare Independence,,,,,,,,,,,,,,,,
M.I.A.,10 Dollar,0.4,0.6,1.0,0.4,0.0,0.0,0.0,0.0,0.0,0.0,0.0,0.0,0.8,0.8,0.0,0.0
Björk,Hyper-Ballad,,,,,,,,,,,,,,,,
Eddie Vedder,No Ceiling,,,,,,,,,,,,,,,,
Camera Obscura,If Looks Could Kill,,,,,,,,,,,,,,,,
The Black Angels,Young Men Dead,,,,,,,,,,,,,,,,
Nouvelle Vague,A Forest,,,,,,,,,,,,,,,,
Orchestral Manoeuvres In The Dark,Enola Gay,,,,,,,,,,,,,,,,
Jens Lekman,And I Remember Every Kiss,,,,,,,,,,,,,,,,
The Doors,Alabama Song,,,,,,,,,,,,,,,,
Joanna Newsom,Only Skin,,,,,,,,,,,,,,,,
Battles,Rainbow,,,,,,,,,,,,,,,,
Mew,Am I Wry? No,,,,,,,,,,,,,,,,
Emily Haines & The Soft Skeleton,Detective Daughter,,,,,,,,,,,,,,,,
Mew,A Dark Design,,,,,,,,,,,,,,,,
Girl Talk,Like This,,,,,,,,,,,,,,,,
Beirut,Prenzlaurberg,0.4,0.2,0.0,0.8,0.0,0.0,0.4,0.6,0.8,0.0,0.0,0.0,0.0,0.0,0.0,0.0
My Chemical Romance,The End.,,,,,,,,,,,,,,,,
Nirvana,Scentless Apprentice,,,,,,,,,,,,,,,,
In Flames,Bullet Ride,,,,,,,,,,,,,,,,
Nelly Furtado,Glow,,,,,,,,,,,,,,,,
M83,In The Cold I'M Standing,,,,,,,,,,,,,,,,
The White Stripes,Passive Manipulation,,,,,,,,,,,,,,,,
Wolf Parade,This Heart'S On Fire,,,,,,,,,,,,,,,,
Hot Chip,Look After Me,,,,,,,,,,,,,,,,
Snow Patrol,Take Back The City,,,,,,,,,,,,,,,,
Ladytron,He Took Her To A Movie,,,,,,,,,,,,,,,,
Santogold,Lights Out,,,,,,,,,,,,,,,,
Patrick Wolf,Pigeon Song,,,,,,,,,,,,,,,,
Wolfmother,Apple Tree,,,,,,,,,,,,,,,,
Beach House,Gila,,,,,,,,,,,,,,,,
Björk,There'S More To Life Than This,,,,,,,,,,,,,,,,
Björk,Oceania,,,,,,,,,,,,,,,,
Explosions In The Sky,A Song For Our Fathers,,,,,,,,,,,,,,,,
Tool,Useful Idiot,,,,,,,,,,,,,,,,
Cut Copy,Autobahn Music Box,,,,,,,,,,,,,,,,
Fleet Foxes,Mykonos,,,,,,,,,,,,,,,,
Lcd Soundsystem,Disco Infiltrator,,,,,,,,,,,,,,,,
Just Jack,Starz In Their Eyes,,,,,,,,,,,,,,,,
Amy Macdonald,Poison Prince,,,,,,,,,,,,,,,,
Bob Dylan,Girl From The North Country,,,,,,,,,,,,,,,,
Jim Sturgess,I'Ve Just Seen A Face,,,,,,,,,,,,,,,,
The Zutons,Valerie,,,,,,,,,,,,,,,,
Kings Of Leon,Velvet Snow,,,,,,,,,,,,,,,,
The Kooks,Match Box,,,,,,,,,,,,,,,,
Rufus Wainwright,Poses,,,,,,,,,,,,,,,,
Ratatat,Crips,,,,,,,,,,,,,,,,
Placebo,Summer'S Gone,,,,,,,,,,,,,,,,
Kasabian,L.S.F. (Lost Souls Forever),,,,,,,,,,,,,,,,
Red Hot Chili Peppers,Torture Me,,,,,,,,,,,,,,,,
Gorillaz,Demon Days,,,,,,,,,,,,,,,,
Feist,How My Heart Behaves,,,,,,,,,,,,,,,,
Kylie Minogue,Speakerphone,,,,,,,,,,,,,,,,
Spoon,The Delicate Place,,,,,,,,,,,,,,,,
Three Days Grace,I Hate Everything About You,,,,,,,,,,,,,,,,
Kylie Minogue,2 Hearts,,,,,,,,,,,,,,,,
Bullet For My Valentine,Tears Don'T Fall,,,,,,,,,,,,,,,,
The Smiths,Nowhere Fast,,,,,,,,,,,,,,,,
Oasis,Mucky Fingers,,,,,,,,,,,,,,,,
Bush,Swallowed,,,,,,,,,,,,,,,,
Vampire Weekend,One (Blake'S Got A New Face),,,,,,,,,,,,,,,,
Black Rebel Motorcycle Club,Ha Ha High Babe,,,,,,,,,,,,,,,,
The Decemberists,Oceanside,,,,,,,,,,,,,,,,
Nine Inch Nails,Even Deeper,,,,,,,,,,,,,,,,
Pj Harvey,You Said Something,,,,,,,,,,,,,,,,
Boards Of Canada,Everything You Do Is A Balloon,,,,,,,,,,,,,,,,
Pink Floyd,Nobody Home,,,,,,,,,,,,,,,,
Sigur Rós,Illgresi,,,,,,,,,,,,,,,,
Frou Frou,Only Got One,,,,,,,,,,,,,,,,
Mew,156,,,,,,,,,,,,,,,,
Nine Inch Nails,With Teeth,,,,,,,,,,,,,,,,
Eurythmics,Sweet Dreams (Are Made Of This),,,,,,,,,,,,,,,,
Pink Floyd,Another Brick In The Wall,,,,,,,,,,,,,,,,
Modest Mouse,Blame It On The Tetons,,,,,,,,,,,,,,,,
The Psychedelic Furs,Love My Way,,,,,,,,,,,,,,,,
The Go! Team,Friendship Update,,,,,,,,,,,,,,,,
Björk,Frosti,,,,,,,,,,,,,,,,
Keane,Perfect Symmetry,,,,,,,,,,,,,,,,
Green Day,Are We The Waiting,,,,,,,,,,,,,,,,
Bedouin Soundclash,When The Night Feels My Song,,,,,,,,,,,,,,,,
Kings Of Convenience,Failure,,,,,,,,,,,,,,,,
Belle And Sebastian,Electronic Renaissance,,,,,,,,,,,,,,,,
Jens Lekman,Your Arms Around Me,,,,,,,,,,,,,,,,
Fall Out Boy,Nobody Puts Baby In The Corner,,,,,,,,,,,,,,,,
The New Pornographers,Mass Romantic,,,,,,,,,,,,,,,,
Chemistry,約束の場所,,,,,,,,,,,,,,,,
Fiona Apple,Sally'S Song,0.4,0.2,0.0,0.6,0.0,0.0,0.0,0.8,0.0,1.0,0.0,0.0,0.0,0.0,0.4,0.0
Kanye West,Robocop,,,,,,,,,,,,,,,,
Creedence Clearwater Revisited,Down On The Corner,,,,,,,,,,,,,,,,
The Album Leaf,Eastern Glow,,,,,,,,,,,,,,,,
Zero 7,Passing By,,,,,,,,,,,,,,,,
Moby,Where You End,,,,,,,,,,,,,,,,
The Album Leaf,Over The Pond,,,,,,,,,,,,,,,,
Seether (Feat. Amy Lee),Broken,,,,,,,,,,,,,,,,
Queens Of The Stone Age,If Only,,,,,,,,,,,,,,,,
Damien Rice,Elephant,,,,,,,,,,,,,,,,
Maroon 5,Little Of Your Time,,,,,,,,,,,,,,,,
Pet Shop Boys,West End Girls,,,,,,,,,,,,,,,,
Deftones,Cherry Waves,0.8,0.4,0.0,0.2,0.8,0.6,0.0,0.0,0.0,0.0,0.0,0.0,0.8,0.4,0.8,0.0
Pendulum,Hold Your Colour,,,,,,,,,,,,,,,,
Pearl Jam,Why Go,,,,,,,,,,,,,,,,
Linkin Park,My December,,,,,,,,,,,,,,,,
Deftones,Beware,,,,,,,,,,,,,,,,
Iron & Wine,Faded From The Winter,,,,,,,,,,,,,,,,
Wilco,Via Chicago,,,,,,,,,,,,,,,,
Disturbed,I'M Alive,,,,,,,,,,,,,,,,
Band Of Horses,Lamb On The Lam (In The City),,,,,,,,,,,,,,,,
Gang Of Four,Not Great Men,,,,,,,,,,,,,,,,
Mogwai,Ratts Of The Capital,,,,,,,,,,,,,,,,
Sex Pistols,Bodies,,,,,,,,,,,,,,,,
Him,Gone With The Sin,,,,,,,,,,,,,,,,
Robots In Disguise,Turn It Up,,,,,,,,,,,,,,,,
Marilyn Manson,Sweet Dreams (Are Made Of This),,,,,,,,,,,,,,,,
Lily Allen,Everyone'S At It,,,,,,,,,,,,,,,,
Kings Of Leon,Be Somebody,,,,,,,,,,,,,,,,
Modest Mouse,The Cold Part,,,,,,,,,,,,,,,,
Led Zeppelin,Houses Of The Holy,,,,,,,,,,,,,,,,
U2,All Because Of You,0.8,0.8,0.0,0.2,1.0,0.6,0.0,0.0,0.0,0.0,0.0,0.0,0.0,0.0,0.6,0.0
Modest Mouse,Steam Engenius,,,,,,,,,,,,,,,,
Suede,Trash,,,,,,,,,,,,,,,,
Wilco,Please Be Patient With Me,,,,,,,,,,,,,,,,
Johnny Cash,God'S Gonna Cut You Down,,,,,,,,,,,,,,,,
Lcd Soundsystem,Too Much Love,,,,,,,,,,,,,,,,
Fiona Apple,Get Him Back,,,,,,,,,,,,,,,,
The Decemberists,The Bagman'S Gambit,,,,,,,,,,,,,,,,
Lacuna Coil,Enjoy The Silence,,,,,,,,,,,,,,,,
Maná,Hechicera,,,,,,,,,,,,,,,,
Dimmu Borgir,Progenies Of The Great Apocalypse,,,,,,,,,,,,,,,,
Patrick Wolf,London,,,,,,,,,,,,,,,,
Goldfrapp,Satin Chic,,,,,,,,,,,,,,,,
The Smiths,The Hand That Rocks The Cradle,,,,,,,,,,,,,,,,
Fiona Apple,The Way Things Are,,,,,,,,,,,,,,,,
Paramore,Hallelujah,,,,,,,,,,,,,,,,
Amy Macdonald,Mr Rock & Roll,,,,,,,,,,,,,,,,
Architecture In Helsinki,City Calm Down,,,,,,,,,,,,,,,,
David Bowie,Queen Bitch,,,,,,,,,,,,,,,,
Amorphis,Silent Waters,,,,,,,,,,,,,,,,
Depeche Mode,Black Celebration,,,,,,,,,,,,,,,,
Visage,Fade To Grey,,,,,,,,,,,,,,,,
The Chemical Brothers,Star Guitar,,,,,,,,,,,,,,,,
Type O Negative,My Girlfriend'S Girlfriend,,,,,,,,,,,,,,,,
Cary Brothers,Blue Eyes,,,,,,,,,,,,,,,,
Björk,Pleasure Is All Mine,,,,,,,,,,,,,,,,
Regina Spektor,Lady,,,,,,,,,,,,,,,,
Yo La Tengo,Beanbag Chair,,,,,,,,,,,,,,,,
The Beatles,Yer Blues,,,,,,,,,,,,,,,,
Korn,Falling Away From Me,,,,,,,,,,,,,,,,
Iron & Wine,Passing Afternoon,,,,,,,,,,,,,,,,
Mogwai,Golden Porsche,,,,,,,,,,,,,,,,
Elliott Smith,I Didn'T Understand,,,,,,,,,,,,,,,,
The Postal Service,Be Still My Heart,,,,,,,,,,,,,,,,
The Presets,Girl And The Sea,,,,,,,,,,,,,,,,
Bruce Springsteen,Thunder Road,,,,,,,,,,,,,,,,
David Bowie,Lady Stardust,,,,,,,,,,,,,,,,
Queens Of The Stone Age,Better Living Through Chemistry,,,,,,,,,,,,,,,,
Bloc Party,One Month Off,,,,,,,,,,,,,,,,
Kate Bush,Cloudbusting,,,,,,,,,,,,,,,,
M83,Moonchild,,,,,,,,,,,,,,,,
Deftones,Rx Queen,,,,,,,,,,,,,,,,
Queens Of The Stone Age,Someone'S In The Wolf,,,,,,,,,,,,,,,,
Portishead,Seven Months,,,,,,,,,,,,,,,,
Nouvelle Vague,Blue Monday,,,,,,,,,,,,,,,,
Tool,Intermission,,,,,,,,,,,,,,,,
Minus The Bear,Absinthe Party At The Fly Honey Warehouse,,,,,,,,,,,,,,,,
Mogwai,Moses? I Amn'T,,,,,,,,,,,,,,,,
Television,See No Evil,,,,,,,,,,,,,,,,
Beck,Replica,,,,,,,,,,,,,,,,
Estelle,American Boy (Feat. Kanye West),,,,,,,,,,,,,,,,
Yeah Yeah Yeahs,Soft Shock,,,,,,,,,,,,,,,,
Mando Diao,Tv & Me,,,,,,,,,,,,,,,,
Camera Obscura,The False Contender,,,,,,,,,,,,,,,,
The Clash,Complete Control,,,,,,,,,,,,,,,,
Thievery Corporation,Until The Morning,,,,,,,,,,,,,,,,
Le Tigre,Tko,,,,,,,,,,,,,,,,
Placebo,In The Cold Light Of Morning,,,,,,,,,,,,,,,,
Counting Crows,Mr. Jones,,,,,,,,,,,,,,,,
Yelle,À Cause Des Garçons,,,,,,,,,,,,,,,,
Sigur Rós,Agaetis Byrjun,,,,,,,,,,,,,,,,
Moby,Everloving,,,,,,,,,,,,,,,,
Jens Lekman,A Postcard To Nina,0.8,0.4,0.0,0.4,0.4,0.0,0.6,0.0,0.0,0.0,0.0,0.0,0.0,0.0,0.6,0.0
The Decemberists,Clementine,,,,,,,,,,,,,,,,
Santogold,My Superman,,,,,,,,,,,,,,,,
Iamx,Nightlife,,,,,,,,,,,,,,,,
The Prodigy,Out Of Space,,,,,,,,,,,,,,,,
Porcupine Tree,Arriving Somewhere But Not Here,,,,,,,,,,,,,,,,
Pink Floyd,Coming Back To Life,0.6,0.4,0.0,0.2,0.8,0.4,0.6,0.0,0.0,0.0,0.6,0.0,0.4,0.2,0.8,0.0
Queens Of The Stone Age,Into The Hollow,,,,,,,,,,,,,,,,
Rammstein,Mutter,,,,,,,,,,,,,,,,
The Offspring,Want You Bad,,,,,,,,,,,,,,,,
Kylie Minogue,I Believe In You,,,,,,,,,,,,,,,,
M83,Couleurs,,,,,,,,,,,,,,,,
Black Rebel Motorcycle Club,American X,,,,,,,,,,,,,,,,
Kylie Minogue,Like A Drug,,,,,,,,,,,,,,,,
Bright Eyes,Bowl Of Oranges,,,,,,,,,,,,,,,,
Bob Marley & The Wailers,Is This Love,,,,,,,,,,,,,,,,
Vitalic,My Friend Dario,,,,,,,,,,,,,,,,
Burial,Shell Of Light,,,,,,,,,,,,,,,,
The Beatles,You Won'T See Me,,,,,,,,,,,,,,,,
The Who,Magic Bus,,,,,,,,,,,,,,,,
65Daysofstatic,Drove Through Ghosts To Get Here,,,,,,,,,,,,,,,,
Explosions In The Sky,The Birth And Death Of The Day,,,,,,,,,,,,,,,,
A Tribe Called Quest,Can I Kick It?,,,,,,,,,,,,,,,,
Björk,Cocoon,,,,,,,,,,,,,,,,
Dead Kennedys,California Über Alles,,,,,,,,,,,,,,,,
Massive Attack,Five Man Army,,,,,,,,,,,,,,,,
Wilco,Shake It Off,,,,,,,,,,,,,,,,
Katatonia,Saw You Drown,,,,,,,,,,,,,,,,
Jimi Hendrix,Red House,,,,,,,,,,,,,,,,
Sufjan Stevens,In The Devil'S Territory,,,,,,,,,,,,,,,,
The Wombats,Moving To New York,,,,,,,,,,,,,,,,
Rilo Kiley,More Adventurous,,,,,,,,,,,,,,,,
Santogold,Creator,,,,,,,,,,,,,,,,
Of Montreal,The Party'S Crashing Us,,,,,,,,,,,,,,,,
Pendulum,Showdown,,,,,,,,,,,,,,,,
Bon Jovi,It'S My Life,,,,,,,,,,,,,,,,
Of Montreal,The Past Is A Grotesque Animal,,,,,,,,,,,,,,,,
Tool,Viginti Tres,,,,,,,,,,,,,,,,
Ok Go,A Million Ways,,,,,,,,,,,,,,,,
The Decemberists,The Legionnaire'S Lament,,,,,,,,,,,,,,,,
Bonnie 'Prince' Billy,I See A Darkness,,,,,,,,,,,,,,,,
!!!,A New Name,,,,,,,,,,,,,,,,
Tricky,Overcome,,,,,,,,,,,,,,,,
Linkin Park,Runaway,,,,,,,,,,,,,,,,
Tenacious D,Kickapoo,,,,,,,,,,,,,,,,
Tenacious D,Kielbasa,,,,,,,,,,,,,,,,
The Last Shadow Puppets,Standing Next To Me,0.6,0.4,0.0,0.2,0.6,0.2,0.0,0.8,0.0,0.0,0.0,0.0,0.0,0.0,0.6,0.0
The Pipettes,It Hurts To See You Dance So Well,,,,,,,,,,,,,,,,
The Subways,I Want To Hear What You Have Got To Say,,,,,,,,,,,,,,,,
Glen Hansard & Markéta Irglová,Falling Slowly,0.0,0.0,0.0,0.0,0.0,0.0,1.0,0.6,0.0,0.8,0.0,0.0,0.0,0.0,0.0,0.0
Roxette,It Must Have Been Love,,,,,,,,,,,,,,,,
The Avalanches,Frontier Psychiatrist,,,,,,,,,,,,,,,,
Stars,Calendar Girl,,,,,,,,,,,,,,,,
Sigur Rós,Hoppipolla Afturabak,,,,,,,,,,,,,,,,
Belle And Sebastian,Wrapped Up In Books,0.6,0.4,0.0,0.4,0.6,0.2,0.6,0.4,0.0,0.0,0.0,0.0,0.2,0.2,0.8,0.0
The Automatic,Raoul,,,,,,,,,,,,,,,,
Broken Social Scene,Superconnected,,,,,,,,,,,,,,,,
Mew,Why Are You Looking Grave?,,,,,,,,,,,,,,,,
Opeth,Hope Leaves,,,,,,,,,,,,,,,,
Frida Sandén,Nu Eller Aldrig,,,,,,,,,,,,,,,,
Kings Of Convenience,Know How,,,,,,,,,,,,,,,,
Garbage,Run Baby Run,,,,,,,,,,,,,,,,
Black Rebel Motorcycle Club,Window,,,,,,,,,,,,,,,,
The Academy Is...,The Phrase That Pays,,,,,,,,,,,,,,,,
The Prodigy,Thunder,,,,,,,,,,,,,,,,
Placebo,I'Ll Be Yours,,,,,,,,,,,,,,,,
Daft Punk,Fresh,,,,,,,,,,,,,,,,
Cat Power,Empty Shell,,,,,,,,,,,,,,,,
Dredg,Catch Without Arms,,,,,,,,,,,,,,,,
Lenny Kravitz,Are You Gonna Go My Way,,,,,,,,,,,,,,,,
Aphex Twin,Xtal,,,,,,,,,,,,,,,,
The Rakes,Binary Love,,,,,,,,,,,,,,,,
Nine Inch Nails,The Great Destroyer,,,,,,,,,,,,,,,,
Talking Heads,Heaven,,,,,,,,,,,,,,,,
Spoon,Rhthm And Soul,,,,,,,,,,,,,,,,
Green Day,Jesus Of Suburbia,,,,,,,,,,,,,,,,
Fall Out Boy,I'M Like A Lawyer With The Way I'M Always Trying To Get You Off (Me & You),,,,,,,,,,,,,,,,
Queens Of The Stone Age,Turnin' On The Screw,,,,,,,,,,,,,,,,
U2,Bad,,,,,,,,,,,,,,,,
Sufjan Stevens,The Upper Peninsula,,,,,,,,,,,,,,,,
Katatonia,July,,,,,,,,,,,,,,,,
In Flames,Gyroscope,,,,,,,,,,,,,,,,
Killswitch Engage,My Curse,,,,,,,,,,,,,,,,
The Raconteurs,Blue Veins,,,,,,,,,,,,,,,,
Pj Harvey,Broken Harp,,,,,,,,,,,,,,,,
Metallica,Motorbreath,,,,,,,,,,,,,,,,
Metallica,The Call Of Ktulu,,,,,,,,,,,,,,,,
Him,Sweet Pandemonium,,,,,,,,,,,,,,,,
Type O Negative,Love You To Death,,,,,,,,,,,,,,,,
Hercules And Love Affair,You Belong,,,,,,,,,,,,,,,,
Matchbox Twenty,Disease,,,,,,,,,,,,,,,,
Goldfrapp,Slide In,,,,,,,,,,,,,,,,
Queens Of The Stone Age,Hangin' Tree,,,,,,,,,,,,,,,,
Björk,Like Someone In Love,,,,,,,,,,,,,,,,
Patrick Wolf,Wolf Song,,,,,,,,,,,,,,,,
David Bowie,Cracked Actor,,,,,,,,,,,,,,,,
The Jesus And Mary Chain,Never Understand,,,,,,,,,,,,,,,,
Cat Power,Willie,,,,,,,,,,,,,,,,
Guns N' Roses,Ain'T It Fun,,,,,,,,,,,,,,,,
Idlewild,You Held The World In Your Arms,,,,,,,,,,,,,,,,
Rammstein,Wo Bist Du,,,,,,,,,,,,,,,,
The Beatles,When I'M Sixty-Four,,,,,,,,,,,,,,,,
David Bowie,Soul Love,,,,,,,,,,,,,,,,
Scissor Sisters,I Don'T Feel Like Dancing,,,,,,,,,,,,,,,,
Nick Drake,Time Has Told Me,,,,,,,,,,,,,,,,
Iron & Wine,Jezebel,,,,,,,,,,,,,,,,
The Prodigy,Colours,,,,,,,,,,,,,,,,
Apparat,Hailin From The Edge,,,,,,,,,,,,,,,,
Nine Inch Nails,Please,,,,,,,,,,,,,,,,
Iron & Wine,The Devil Never Sleeps,,,,,,,,,,,,,,,,
Led Zeppelin,Dancing Days,,,,,,,,,,,,,,,,
Faithless,God Is A Dj,,,,,,,,,,,,,,,,
Atb,Ecstasy,,,,,,,,,,,,,,,,
Editors,Open Your Arms,,,,,,,,,,,,,,,,
Maroon 5,Can'T Stop,,,,,,,,,,,,,,,,
Nine Inch Nails,Sanctified,,,,,,,,,,,,,,,,
The Libertines,The Ha Ha Wall,,,,,,,,,,,,,,,,
Nine Inch Nails,Ruiner,,,,,,,,,,,,,,,,
My Chemical Romance,To The End,,,,,,,,,,,,,,,,
David Bowie,Rock 'N' Roll Suicide,,,,,,,,,,,,,,,,
Queens Of The Stone Age,Leg Of Lamb,,,,,,,,,,,,,,,,
She Wants Revenge,These Things,,,,,,,,,,,,,,,,
The Stone Roses,Don'T Stop,,,,,,,,,,,,,,,,
Babyshambles,La Belle Et La Bête,,,,,,,,,,,,,,,,
Mariah Carey,All I Want For Christmas Is You,,,,,,,,,,,,,,,,
Sonic Youth,Turquoise Boy,,,,,,,,,,,,,,,,
Linkin Park,A Place For My Head,,,,,,,,,,,,,,,,
Babyshambles,The 32Nd Of December,,,,,,,,,,,,,,,,
Soda Stereo,En La Ciudad De La Furia,,,,,,,,,,,,,,,,
Porcupine Tree,Lightbulb Sun,,,,,,,,,,,,,,,,
Sigur Rós,Hafsól,,,,,,,,,,,,,,,,
The Decemberists,Grace Cathedral Hill,,,,,,,,,,,,,,,,
Spoon,Finer Feelings,,,,,,,,,,,,,,,,
Serj Tankian,Sky Is Over,,,,,,,,,,,,,,,,
Sébastien Tellier,La Ritournelle,,,,,,,,,,,,,,,,
Mylo,Rikki,,,,,,,,,,,,,,,,
Fall Out Boy,I Slept With Someone In Fall Out Boy And All I Got Was This Stupid Song Written About Me,,,,,,,,,,,,,,,,
Yeah Yeah Yeahs,Runaway,,,,,,,,,,,,,,,,
The Radio Dept.,Pulling Our Weight,,,,,,,,,,,,,,,,
Múm,K/Half Noise,,,,,,,,,,,,,,,,
Jem,Save Me,,,,,,,,,,,,,,,,
Broken Social Scene,Almost Crimes,0.8,0.6,0.0,0.4,0.8,0.6,0.2,0.0,0.0,0.0,0.0,0.0,0.6,0.4,0.8,0.0
Queen,Now I'M Here,,,,,,,,,,,,,,,,
Blur,Tender,,,,,,,,,,,,,,,,
The Beatles,Wild Honey Pie,,,,,,,,,,,,,,,,
Hot Chip,No Fit State,,,,,,,,,,,,,,,,
Gorillaz,Punk,,,,,,,,,,,,,,,,
Ratatat,Montanita,,,,,,,,,,,,,,,,
Múm,Hú Hviss - A Ship,,,,,,,,,,,,,,,,
Ratatat,El Pico,,,,,,,,,,,,,,,,
Elvis Presley,Hound Dog,,,,,,,,,,,,,,,,
Nirvana,Serve The Servants,,,,,,,,,,,,,,,,
The Faint,Agenda Suicide,,,,,,,,,,,,,,,,
Kanye West,Everything I Am,,,,,,,,,,,,,,,,
Nirvana,Very Ape,,,,,,,,,,,,,,,,
Pixies,Is She Weird,,,,,,,,,,,,,,,,
Nirvana,School,,,,,,,,,,,,,,,,
Depeche Mode,Waiting For The Night,,,,,,,,,,,,,,,,
The Verve,The Rolling People,,,,,,,,,,,,,,,,
Sufjan Stevens,The Henney Buggy Band,,,,,,,,,,,,,,,,
Guns N' Roses,Think About You,,,,,,,,,,,,,,,,
Mötley Crüe,Shout At The Devil,,,,,,,,,,,,,,,,
Joy Division,The Eternal,,,,,,,,,,,,,,,,
Modest Mouse,Dramamine,,,,,,,,,,,,,,,,
Placebo,Plasticine,,,,,,,,,,,,,,,,
Placebo,Scared Of Girls,,,,,,,,,,,,,,,,
Soda Stereo,Cuando Pase El Temblor,,,,,,,,,,,,,,,,
Bernard Herrmann,Twisted Nerve,,,,,,,,,,,,,,,,
Metallica,Bleeding Me,,,,,,,,,,,,,,,,
Friendly Fires,Paris,,,,,,,,,,,,,,,,
Within Temptation,Forsaken,,,,,,,,,,,,,,,,
Battles,Bad Trails,,,,,,,,,,,,,,,,
Blur,No Distance Left To Run,,,,,,,,,,,,,,,,
System Of A Down,Science,,,,,,,,,,,,,,,,
Nick Cave & The Bad Seeds,Into My Arms,,,,,,,,,,,,,,,,
The Futureheads,Skip To The End,,,,,,,,,,,,,,,,
Burial,Untrue,,,,,,,,,,,,,,,,
The Jesus And Mary Chain,Cut Dead,,,,,,,,,,,,,,,,
Belle And Sebastian,Is It Wicked Not To Care?,,,,,,,,,,,,,,,,
Yellowcard,Only One,,,,,,,,,,,,,,,,
Primal Scream,Movin' On Up,,,,,,,,,,,,,,,,
Nine Inch Nails,Happiness In Slavery,,,,,,,,,,,,,,,,
The Gathering,Marooned,,,,,,,,,,,,,,,,
Elliott Smith,St. Ides Heaven,,,,,,,,,,,,,,,,
The Decemberists,Odalisque,,,,,,,,,,,,,,,,
Elliott Smith,The Biggest Lie,,,,,,,,,,,,,,,,
Super Furry Animals,Hello Sunshine,,,,,,,,,,,,,,,,
Cut Copy,Time Stands Still,,,,,,,,,,,,,,,,
Grandaddy,Hewlett'S Daughter,,,,,,,,,,,,,,,,
Talk Talk,It'S My Life,,,,,,,,,,,,,,,,
The Whitest Boy Alive,Inflation,,,,,,,,,,,,,,,,
The Flaming Lips,All We Have Is Now,,,,,,,,,,,,,,,,
The Flaming Lips,It'S Summertime,,,,,,,,,,,,,,,,
Radiohead,A Wolf At The Door,,,,,,,,,,,,,,,,
The Mars Volta,This Apparatus Must Be Unearthed,,,,,,,,,,,,,,,,
Sleater-Kinney,Entertain,,,,,,,,,,,,,,,,
Björk,Wanderlust,,,,,,,,,,,,,,,,
Klaxons,Four Horsemen Of 2012,,,,,,,,,,,,,,,,
Wilco,At Least That'S What You Said,,,,,,,,,,,,,,,,
Deep Purple,Soldier Of Fortune,,,,,,,,,,,,,,,,
Porcupine Tree,Halo,,,,,,,,,,,,,,,,
The Beatles,The Continuing Story Of Bungalow Bill,,,,,,,,,,,,,,,,
Cat Power,I Found A Reason,,,,,,,,,,,,,,,,
The Cure,All Cats Are Grey,,,,,,,,,,,,,,,,
Fall Out Boy,Golden,,,,,,,,,,,,,,,,
Fedde Le Grand,Put Your Hands Up For Detroit,,,,,,,,,,,,,,,,
Deerhunter,Calvary Scars,,,,,,,,,,,,,,,,
Blondie,The Tide Is High,,,,,,,,,,,,,,,,
Nine Inch Nails,Big Man With A Gun,,,,,,,,,,,,,,,,
The Prodigy,Mindfields,,,,,,,,,,,,,,,,
Final Fantasy,The Cn Tower Belongs To The Dead,,,,,,,,,,,,,,,,
Mando Diao,Long Before Rock 'N' Roll,,,,,,,,,,,,,,,,
Oasis,Slide Away,,,,,,,,,,,,,,,,
The Jesus And Mary Chain,Head On,1.0,0.8,0.4,0.2,1.0,1.0,0.0,0.0,0.0,0.0,0.0,0.0,0.2,0.2,0.8,0.0
Ladyhawke,Magic,,,,,,,,,,,,,,,,
Tiga,You Gonna Want Me,,,,,,,,,,,,,,,,
Mando Diao,Down In The Past,,,,,,,,,,,,,,,,
Lady Gaga,Boys Boys Boys,,,,,,,,,,,,,,,,
Gorillaz,Rock The House,,,,,,,,,,,,,,,,
Porcupine Tree,The Rest Will Flow,,,,,,,,,,,,,,,,
Metallica,Leper Messiah,,,,,,,,,,,,,,,,
Backyard Babies,Minus Celsius,,,,,,,,,,,,,,,,
Foo Fighters,Walking After You,,,,,,,,,,,,,,,,
Duran Duran,Girls On Film,,,,,,,,,,,,,,,,
Pj Harvey,The Whores Hustle And The Hustlers Whore,,,,,,,,,,,,,,,,
Bat For Lashes,Seal Jubilee,,,,,,,,,,,,,,,,
Brian Eno,2/2,,,,,,,,,,,,,,,,
Tegan And Sara,Fix You Up,,,,,,,,,,,,,,,,
Olspur,It'S Time To Rock,,,,,,,,,,,,,,,,
Björk,I'Ve Seen It All,,,,,,,,,,,,,,,,
M. Ward,Transfiguration #1,0.2,0.2,0.0,0.4,0.2,0.0,1.0,0.0,0.0,0.4,0.0,0.0,0.0,0.0,0.2,0.0
Vnv Nation,Standing,,,,,,,,,,,,,,,,
Tonic,If You Could Only See,,,,,,,,,,,,,,,,
Clint Mansell,Xibalba,,,,,,,,,,,,,,,,
Radiohead,Nice Dream,,,,,,,,,,,,,,,,
Death Cab For Cutie,Pity And Fear,,,,,,,,,,,,,,,,
Oasis,Go Let It Out,,,,,,,,,,,,,,,,
Children Of Bodom,Sixpounder,,,,,,,,,,,,,,,,
Rage Against The Machine,Born Of A Broken Man,,,,,,,,,,,,,,,,
Ladyhawke,My Delirium,,,,,,,,,,,,,,,,
Editors,Bones,,,,,,,,,,,,,,,,
Iron & Wine,Southern Anthem,,,,,,,,,,,,,,,,
Los Campesinos!,You! Me! Dancing!,,,,,,,,,,,,,,,,
Deep Purple,Child In Time,,,,,,,,,,,,,,,,
Silversun Pickups,Kissing Families,,,,,,,,,,,,,,,,
Keane,Put It Behind You,,,,,,,,,,,,,,,,
Weezer,Why Bother?,,,,,,,,,,,,,,,,
Johnny Cash,I Still Miss Someone,,,,,,,,,,,,,,,,
Johnny Cash,Give My Love To Rose,0.0,0.0,0.0,0.0,0.0,0.0,1.0,0.0,0.0,0.0,0.0,0.0,0.0,0.0,0.0,0.0
Timbaland,The Way I Are,,,,,,,,,,,,,,,,
Tegan And Sara,I Won'T Be Left,0.8,0.6,0.0,0.4,0.6,0.4,0.6,0.0,0.0,0.0,0.0,0.0,0.4,0.4,0.6,0.0
The 69 Eyes,Brandon Lee,,,,,,,,,,,,,,,,
Regina Spektor,Summer In The City,,,,,,,,,,,,,,,,
Phoenix,Consolation Prizes,,,,,,,,,,,,,,,,
Lady Gaga,The Fame,,,,,,,,,,,,,,,,
The Decemberists,Red Right Ankle,0.0,0.0,0.0,0.2,0.0,0.0,1.0,0.0,0.0,0.0,0.0,0.0,0.0,0.0,0.0,0.0
Talking Heads,Road To Nowhere,,,,,,,,,,,,,,,,
Sex Pistols,Liar,,,,,,,,,,,,,,,,
Iron & Wine,Wolves (Song Of The Shepherd'S Dog),,,,,,,,,,,,,,,,
Ambulance Ltd,Heavy Lifting,,,,,,,,,,,,,,,,
The Clash,Straight To Hell,,,,,,,,,,,,,,,,
The Decemberists,Of Angels And Angles,,,,,,,,,,,,,,,,
Andrew Bird,Fiery Crash,,,,,,,,,,,,,,,,
Guns N' Roses,Better,,,,,,,,,,,,,,,,
The Bravery,Swollen Summer,,,,,,,,,,,,,,,,
The Smiths,I Don'T Owe You Anything,,,,,,,,,,,,,,,,
Depeche Mode,In Sympathy,,,,,,,,,,,,,,,,
José González,Teardrop,,,,,,,,,,,,,,,,
Nina Simone,My Baby Just Cares For Me,,,,,,,,,,,,,,,,
Yann Tiersen,La Valse D'Amélie (Version Piano),,,,,,,,,,,,,,,,
Placebo,Passive Aggressive,,,,,,,,,,,,,,,,
Tool,Bottom,,,,,,,,,,,,,,,,
Digitalism,Magnets,,,,,,,,,,,,,,,,
Rilo Kiley,I Never,,,,,,,,,,,,,,,,
Black Rebel Motorcycle Club,Rise Or Fall,,,,,,,,,,,,,,,,
Everything But The Girl,Missing,,,,,,,,,,,,,,,,
Bruce Springsteen,Streets Of Philadelphia,,,,,,,,,,,,,,,,
Bob Dylan,Hurricane,,,,,,,,,,,,,,,,
Elliott Smith,A Passing Feeling,,,,,,,,,,,,,,,,
Mew,She Came Home For Christmas,,,,,,,,,,,,,,,,
Jack Johnson,Bubble Toes,,,,,,,,,,,,,,,,
Sonic Youth,Schizophrenia,,,,,,,,,,,,,,,,
Mazzy Star,Five String Serenade,,,,,,,,,,,,,,,,
Korn,Got The Life,,,,,,,,,,,,,,,,
Pulp,I Spy,,,,,,,,,,,,,,,,
Maxïmo Park,Girls Who Play Guitars,,,,,,,,,,,,,,,,
Imogen Heap,The Moment I Said It,,,,,,,,,,,,,,,,
Sufjan Stevens,Holland,,,,,,,,,,,,,,,,
Patrick Wolf,The Kiss,,,,,,,,,,,,,,,,
Grizzly Bear,Easier,,,,,,,,,,,,,,,,
Röyksopp,Sombre Detune,,,,,,,,,,,,,,,,
Audioslave,Getaway Car,,,,,,,,,,,,,,,,
Finntroll,Trollhammaren,,,,,,,,,,,,,,,,
Beck,Dark Star,,,,,,,,,,,,,,,,
David Bowie,Drive-In Saturday,,,,,,,,,,,,,,,,
Siouxsie And The Banshees,Happy House,0.8,0.6,0.0,0.2,0.8,0.4,0.0,0.0,0.0,0.0,0.0,0.0,0.4,0.4,0.8,0.0
Regina Spektor,Love Affair,,,,,,,,,,,,,,,,
Bonobo,Ketto,,,,,,,,,,,,,,,,
Daft Punk,Too Long / Steam Machine,,,,,,,,,,,,,,,,
Katatonia,Rusted,,,,,,,,,,,,,,,,
Spoon,My Little Japanese Cigarette Case,,,,,,,,,,,,,,,,
Matchbox Twenty,Downfall,,,,,,,,,,,,,,,,
Nine Inch Nails,Pinion,,,,,,,,,,,,,,,,
System Of A Down,I-E-A-I-A-I-O,,,,,,,,,,,,,,,,
Eddie Vedder,Rise,,,,,,,,,,,,,,,,
Tori Amos,Sweet The Sting,,,,,,,,,,,,,,,,
Van Halen,Eruption,,,,,,,,,,,,,,,,
Calvin Harris,Acceptable In The 80'S,,,,,,,,,,,,,,,,
Mew,Fox Cub,,,,,,,,,,,,,,,,
The Kooks,If Only,,,,,,,,,,,,,,,,
The Cure,High,,,,,,,,,,,,,,,,
Andrew Bird,Sovay,,,,,,,,,,,,,,,,
The Fray,Dead Wrong,,,,,,,,,,,,,,,,
Of Montreal,I Was Never Young,,,,,,,,,,,,,,,,
Opeth,The Drapery Falls,,,,,,,,,,,,,,,,
Beck,Earthquake Weather,,,,,,,,,,,,,,,,
Tv On The Radio,Let The Devil In,,,,,,,,,,,,,,,,
Of Montreal,Bunny Ain'T No Kind Of Rider,,,,,,,,,,,,,,,,
Kanye West,Welcome To Heartbreak (Feat. Kid Cudi),,,,,,,,,,,,,,,,
Killswitch Engage,Rose Of Sharyn,,,,,,,,,,,,,,,,
Manic Street Preachers,A Design For Life,,,,,,,,,,,,,,,,
Elbow,The Bones Of You,,,,,,,,,,,,,,,,
Hadouken!,That Boy That Girl,0.4,0.6,1.0,0.2,0.4,0.6,0.0,0.0,0.0,0.0,0.0,0.0,0.8,1.0,0.4,0.0
The Strokes,Killing Lies,,,,,,,,,,,,,,,,
Blonde Redhead,Heroine,,,,,,,,,,,,,,,,
The Kinks,Till The End Of The Day,,,,,,,,,,,,,,,,
Rilo Kiley,The Execution Of All Things,0.8,0.4,0.0,0.6,0.6,0.4,0.6,0.0,0.0,0.0,0.0,0.0,0.0,0.0,0.8,0.0
Beirut,Prenzlauerberg,,,,,,,,,,,,,,,,
The New Pornographers,Letter From An Occupant,1.0,0.6,0.0,0.2,0.8,0.6,0.0,0.0,0.0,0.0,0.4,0.0,0.4,0.4,0.8,0.0
!!!,Sweet Life,,,,,,,,,,,,,,,,
The Clash,Career Opportunities,,,,,,,,,,,,,,,,
Muse,Can'T Take My Eyes Off You,,,,,,,,,,,,,,,,
Red Hot Chili Peppers,Universally Speaking,,,,,,,,,,,,,,,,
Deathstars,Cyanide,,,,,,,,,,,,,,,,
Flogging Molly,Drunken Lullabies,,,,,,,,,,,,,,,,
Megadeth,Peace Sells,,,,,,,,,,,,,,,,
Ozzy Osbourne,Mr. Crowley,,,,,,,,,,,,,,,,
Augustana,Stars And Boulevards,,,,,,,,,,,,,,,,
Nightwish,For The Heart I Once Had,,,,,,,,,,,,,,,,
Joy Division,Glass,0.8,0.6,0.0,0.0,0.8,0.4,0.0,0.0,0.0,0.0,0.0,0.0,0.4,0.4,1.0,0.0
Feeder,Just A Day,1.0,0.8,0.0,0.2,1.0,0.8,0.0,0.0,0.0,0.0,0.0,0.0,0.0,0.0,0.8,0.0
Pearl Jam,Animal,,,,,,,,,,,,,,,,
Audioslave,Out Of Exile,,,,,,,,,,,,,,,,
Depeche Mode,Martyr,,,,,,,,,,,,,,,,
Led Zeppelin,Bron-Yr-Aur Stomp,,,,,,,,,,,,,,,,
Black Flag,Rise Above,,,,,,,,,,,,,,,,
Travis,My Eyes,,,,,,,,,,,,,,,,
Dj Shadow,Best Foot Forward,,,,,,,,,,,,,,,,
Garbage,Sex Is Not The Enemy,,,,,,,,,,,,,,,,
Jamie T,Salvador,,,,,,,,,,,,,,,,
Idlewild,Love Steals Us From Loneliness,,,,,,,,,,,,,,,,
Cat Power,The Moon,,,,,,,,,,,,,,,,
Girl Talk,Summer Smoke,,,,,,,,,,,,,,,,
Girl Talk,Hands In The Air,,,,,,,,,,,,,,,,
Uffie,Dismissed,,,,,,,,,,,,,,,,
Adam Green,Emily,,,,,,,,,,,,,,,,
Aphex Twin,Ageispolis,0.4,0.2,1.0,0.0,0.0,0.0,0.0,0.0,0.0,0.0,0.0,0.0,1.0,0.8,0.0,0.0
The Beatles,The Word,,,,,,,,,,,,,,,,
Iron Maiden,Wrathchild,,,,,,,,,,,,,,,,
Les Savy Fav,The Sweat Descends,,,,,,,,,,,,,,,,
The Kooks,Jackie Big Tits,,,,,,,,,,,,,,,,
Eric Prydz,Call On Me,,,,,,,,,,,,,,,,
Zero 7,When It Falls,,,,,,,,,,,,,,,,
Queens Of The Stone Age,The Sky Is Fallin',,,,,,,,,,,,,,,,
Sneaker Pimps,Tesko Suicide,,,,,,,,,,,,,,,,
Girl Talk,Friday Night,,,,,,,,,,,,,,,,
U2,Bullet The Blue Sky,,,,,,,,,,,,,,,,
Nine Inch Nails,Where Is Everybody?,,,,,,,,,,,,,,,,
Bloc Party,Ares,,,,,,,,,,,,,,,,
Kate Nash,Merry Happy,,,,,,,,,,,,,,,,
Afi,Bleed Black,,,,,,,,,,,,,,,,
Tokyo Police Club,In A Cave,,,,,,,,,,,,,,,,
Black Rebel Motorcycle Club,Killing The Light,,,,,,,,,,,,,,,,
M83,Unrecorded,,,,,,,,,,,,,,,,
Cocorosie,Jesus Loves Me,,,,,,,,,,,,,,,,
Led Zeppelin Jam,Bring It On Home,,,,,,,,,,,,,,,,
Dido,Honestly Ok,,,,,,,,,,,,,,,,
Fiona Apple,Pale September,,,,,,,,,,,,,,,,
Joanna Newsom,Cosmia,,,,,,,,,,,,,,,,
Zwan,Honestly,,,,,,,,,,,,,,,,
Nirvana,Milk It,,,,,,,,,,,,,,,,
Daft Punk,Television Rules The Nation,,,,,,,,,,,,,,,,
Marilyn Manson,Personal Jesus,,,,,,,,,,,,,,,,
Queens Of The Stone Age,In The Fade,,,,,,,,,,,,,,,,
The Velvet Underground,Oh! Sweet Nuthin',,,,,,,,,,,,,,,,
Thievery Corporation,Heaven'S Gonna Burn Your Eyes,,,,,,,,,,,,,,,,
Thievery Corporation,All That We Perceive,,,,,,,,,,,,,,,,
Laura Marling,Ghosts,0.4,0.2,0.0,0.6,0.2,0.0,1.0,0.2,0.0,0.0,0.0,0.0,0.0,0.0,0.6,0.0
Radiohead,Ripcord,,,,,,,,,,,,,,,,
Radiohead,Sail To The Moon. (Brush The Cobwebs Out Of The Sky.),,,,,,,,,,,,,,,,
Nouvelle Vague,Bela Lugosi'S Dead,,,,,,,,,,,,,,,,
The Rakes,We Danced Together,,,,,,,,,,,,,,,,
Ladytron,All The Way,,,,,,,,,,,,,,,,
The Cribs,Men'S Needs,,,,,,,,,,,,,,,,
Bright Eyes,Gold Mine Gutted,,,,,,,,,,,,,,,,
M.I.A.,World Town,,,,,,,,,,,,,,,,
Kings Of Leon,Spiral Staircase,,,,,,,,,,,,,,,,
Ellen Allien & Apparat,Turbo Dreams,,,,,,,,,,,,,,,,
The Beatles,Sexy Sadie,,,,,,,,,,,,,,,,
Simian Mobile Disco,I Got This Down,,,,,,,,,,,,,,,,
Yeah Yeah Yeahs,Dragon Queen,,,,,,,,,,,,,,,,
Jackson And His Computer Band,Oh Boy,,,,,,,,,,,,,,,,
Elliott Smith,Satellite,,,,,,,,,,,,,,,,
Goldfrapp,Tiptoe,,,,,,,,,,,,,,,,
The Kooks,Sway,,,,,,,,,,,,,,,,
Katatonia,Ghost Of The Sun,,,,,,,,,,,,,,,,
Cat Power,Maybe Not,,,,,,,,,,,,,,,,
Beyoncé,If I Were A Boy,,,,,,,,,,,,,,,,
Jamie T,Sheila,,,,,,,,,,,,,,,,
Iron & Wine,Woman King,,,,,,,,,,,,,,,,
Goldfrapp,Deer Stop,,,,,,,,,,,,,,,,
The Beatles,Don'T Pass Me By,,,,,,,,,,,,,,,,
Death Cab For Cutie,We Laugh Indoors,,,,,,,,,,,,,,,,
Fiona Apple,Across The Universe,,,,,,,,,,,,,,,,
Tool,Opiate,,,,,,,,,,,,,,,,
Iron Maiden,These Colours Don'T Run,,,,,,,,,,,,,,,,
The Jesus And Mary Chain,April Skies,,,,,,,,,,,,,,,,
Nine Inch Nails,The Mark Has Been Made,,,,,,,,,,,,,,,,
Fall Out Boy,Thriller,,,,,,,,,,,,,,,,
The Cranberries,I Can'T Be With You,,,,,,,,,,,,,,,,
Death Cab For Cutie,Steadier Footing,,,,,,,,,,,,,,,,
Nightwish,Wishmaster,,,,,,,,,,,,,,,,
Red Hot Chili Peppers,Strip My Mind,,,,,,,,,,,,,,,,
Slayer,Necrophobic,,,,,,,,,,,,,,,,
Nightwish,Eva,,,,,,,,,,,,,,,,
Prince,Purple Rain,,,,,,,,,,,,,,,,
The Stills,Still In Love Song,,,,,,,,,,,,,,,,
Wu-Tang Clan,Gravel Pit,,,,,,,,,,,,,,,,
Amy Macdonald,Run,,,,,,,,,,,,,,,,
Placebo,Haemoglobin,,,,,,,,,,,,,,,,
Foo Fighters,Resolve,,,,,,,,,,,,,,,,
Elvis Presley,Jailhouse Rock,,,,,,,,,,,,,,,,
Gustavo Cerati,Adiós,,,,,,,,,,,,,,,,
Hot Chip,Tchaparian,,,,,,,,,,,,,,,,
The Beatles,Doctor Robert,,,,,,,,,,,,,,,,
Björk,I Miss You,,,,,,,,,,,,,,,,
Le Tigre,My My Metrocard,,,,,,,,,,,,,,,,
Steppenwolf,Born To Be Wild,,,,,,,,,,,,,,,,
Beirut,In The Mausoleum,,,,,,,,,,,,,,,,
Patrick Wolf,Apparition,,,,,,,,,,,,,,,,
Blonde Redhead,Falling Man,,,,,,,,,,,,,,,,
Lcd Soundsystem,Us V Them,,,,,,,,,,,,,,,,
Dashboard Confessional,Screaming Infidelities,,,,,,,,,,,,,,,,
Afi,The Great Disappointment,,,,,,,,,,,,,,,,
Sufjan Stevens,In This Temple As In The Hearts Of Man For Whom He Saved The Earth,,,,,,,,,,,,,,,,
Joanna Newsom,Sawdust & Diamonds,,,,,,,,,,,,,,,,
Hot Chip,Arrest Yourself,,,,,,,,,,,,,,,,
Lcd Soundsystem,Movement,,,,,,,,,,,,,,,,
The Doors,The Unknown Soldier,,,,,,,,,,,,,,,,
Rihanna,Pon De Replay,,,,,,,,,,,,,,,,
Feist,L'Amour Ne Dure Pas Toujours,,,,,,,,,,,,,,,,
T. Rex,20Th Century Boy,,,,,,,,,,,,,,,,
Pj Harvey,Beautiful Feeling,,,,,,,,,,,,,,,,
Moby,Signs Of Love,,,,,,,,,,,,,,,,
Placebo,Broken Promise (Feat. Michael Stipe),,,,,,,,,,,,,,,,
The Radio Dept.,Keen On Boys,,,,,,,,,,,,,,,,
Linkin Park,From The Inside,,,,,,,,,,,,,,,,
Charlotte Gainsbourg,The Songs That We Sing,,,,,,,,,,,,,,,,
Porcupine Tree,Deadwing,,,,,,,,,,,,,,,,
Clint Mansell,Tree Of Life,,,,,,,,,,,,,,,,
Pantera,Heresy,,,,,,,,,,,,,,,,
The Rakes,Terror!,,,,,,,,,,,,,,,,
Dangerdoom,Sofa King,,,,,,,,,,,,,,,,
Stone Temple Pilots,Interstate Love Song,,,,,,,,,,,,,,,,
Radiohead,Where I End And You Begin. (The Sky Is Falling In.),,,,,,,,,,,,,,,,
Fiona Apple,The First Taste,,,,,,,,,,,,,,,,
Fiona Apple,Not About Love,,,,,,,,,,,,,,,,
Oasis,Shakermaker,,,,,,,,,,,,,,,,
Cat Power,Where Is My Love,0.0,0.0,0.0,0.0,0.0,0.0,0.0,0.6,0.0,0.6,0.0,0.0,0.0,0.0,0.0,0.0
Mogwai,Black Spider,,,,,,,,,,,,,,,,
Jack Johnson,The Horizon Has Been Defeated,,,,,,,,,,,,,,,,
Tool,Part Of Me,,,,,,,,,,,,,,,,
The Vines,Get Free,,,,,,,,,,,,,,,,
Modest Mouse,The Stars Are Projectors,,,,,,,,,,,,,,,,
Children Of Bodom,Punch Me I Bleed,,,,,,,,,,,,,,,,
Children Of Bodom,Living Dead Beat,,,,,,,,,,,,,,,,
Ozzy Osbourne,Dreamer,,,,,,,,,,,,,,,,
Sigur Rós,Gong Endir,,,,,,,,,,,,,,,,
Britney Spears,Blur,,,,,,,,,,,,,,,,
Ellen Allien & Apparat,Jet,0.6,0.4,1.0,0.4,0.0,0.0,0.0,0.0,0.0,0.0,0.0,0.0,1.0,1.0,0.0,0.0
Arcade Fire,Headlights Look Like Diamonds,,,,,,,,,,,,,,,,
Atb,Humanity,0.6,0.4,0.6,0.4,0.4,0.2,0.0,0.6,0.0,0.0,0.0,0.0,0.8,0.6,0.4,0.0
Rammstein,Morgenstern,,,,,,,,,,,,,,,,
Dirty Pretty Things,Blood Thirsty Bastards,,,,,,,,,,,,,,,,
Beck,Scarecrow,,,,,,,,,,,,,,,,
Spoon,The Infinite Pet,,,,,,,,,,,,,,,,
The Decemberists,A Cautionary Song,,,,,,,,,,,,,,,,
Violent Femmes,Add It Up,,,,,,,,,,,,,,,,
Fall Out Boy,Hum Hallelujah,,,,,,,,,,,,,,,,
The Beatles,It Won'T Be Long,,,,,,,,,,,,,,,,
Pantera,This Love,,,,,,,,,,,,,,,,
Tori Amos,Big Wheel,,,,,,,,,,,,,,,,
John Lennon,Working Class Hero,,,,,,,,,,,,,,,,
Animal Collective,Bees,,,,,,,,,,,,,,,,
Ladytron,Black Plastic,,,,,,,,,,,,,,,,
Against Me!,Reinventing Axl Rose,,,,,,,,,,,,,,,,
The 5.6.7.8'S,Woo Hoo,,,,,,,,,,,,,,,,
The White Stripes,Little Room,,,,,,,,,,,,,,,,
Muse,Darkshines,,,,,,,,,,,,,,,,
Gnarls Barkley,Transformer,,,,,,,,,,,,,,,,
Belle And Sebastian,A Summer Wasting,,,,,,,,,,,,,,,,
R.E.M.,The Sidewinder Sleeps Tonite,,,,,,,,,,,,,,,,
Depeche Mode,Fragile Tension,,,,,,,,,,,,,,,,
Andrew Bird,Imitosis,,,,,,,,,,,,,,,,
Iron Maiden,Different World,,,,,,,,,,,,,,,,
Black Rebel Motorcycle Club,20 Hours,,,,,,,,,,,,,,,,
Daft Punk,Robot Rock / Oh Yeah,,,,,,,,,,,,,,,,
Madonna,Beat Goes On,,,,,,,,,,,,,,,,
Eddie Vedder,Society,,,,,,,,,,,,,,,,
Placebo,Hang On To Your Iq,,,,,,,,,,,,,,,,
Limp Bizkit,Break Stuff,,,,,,,,,,,,,,,,
Fever Ray,When I Grow Up,,,,,,,,,,,,,,,,
Black Rebel Motorcycle Club,The Show'S About To Begin,,,,,,,,,,,,,,,,
Air,Highschool Lover,,,,,,,,,,,,,,,,
The White Stripes,I'M Finding It Harder To Be A Gentleman,,,,,,,,,,,,,,,,
M83,Up!,,,,,,,,,,,,,,,,
Yann Tiersen,La Valse Des Monstres,,,,,,,,,,,,,,,,
Billy Talent,Surrender,,,,,,,,,,,,,,,,
The Beatles,Roll Over Beethoven,,,,,,,,,,,,,,,,
Tv On The Radio,Dreams,,,,,,,,,,,,,,,,
The Cure,Jumping Someone Else'S Train,,,,,,,,,,,,,,,,
Travis,Driftwood,,,,,,,,,,,,,,,,
Sam Sparro,Black And Gold,,,,,,,,,,,,,,,,
Pj Harvey,Dress,,,,,,,,,,,,,,,,
Beirut,Gulag Orkestar,,,,,,,,,,,,,,,,
Incubus,A Certain Shade Of Green,,,,,,,,,,,,,,,,
The Chemical Brothers,Do It Again,,,,,,,,,,,,,,,,
The Knife,Got 2 Let U,,,,,,,,,,,,,,,,
Kiss,I Was Made For Lovin' You,,,,,,,,,,,,,,,,
Boards Of Canada,Aquarius,,,,,,,,,,,,,,,,
Joseph Arthur,Honey And The Moon,,,,,,,,,,,,,,,,
Björk,Innocence,,,,,,,,,,,,,,,,
Radiohead,I Will,,,,,,,,,,,,,,,,
30 Seconds To Mars,R-Evolve,,,,,,,,,,,,,,,,
The Jam,Going Underground,,,,,,,,,,,,,,,,
The Magnetic Fields,All My Little Words,,,,,,,,,,,,,,,,
Adam Green,Bluebirds,,,,,,,,,,,,,,,,
Him,Beyond Redemption,,,,,,,,,,,,,,,,
Lykke Li,Dance Dance Dance,,,,,,,,,,,,,,,,
Silversun Pickups,Common Reactor,,,,,,,,,,,,,,,,
The Cure,Play For Today,,,,,,,,,,,,,,,,
Sex Pistols,Seventeen,,,,,,,,,,,,,,,,
Sublime,Date Rape,,,,,,,,,,,,,,,,
Frou Frou,Maddening Shroud,,,,,,,,,,,,,,,,
The Black Angels,The First Vietnamese War,,,,,,,,,,,,,,,,
Incubus,Talk Shows On Mute,,,,,,,,,,,,,,,,
Death Cab For Cutie,Company Calls Epilogue,,,,,,,,,,,,,,,,
The Rolling Stones,She'S A Rainbow,,,,,,,,,,,,,,,,
Fiona Apple,Window,,,,,,,,,,,,,,,,
Nightwish,Elvenpath,,,,,,,,,,,,,,,,
Fischerspooner,Just Let Go,,,,,,,,,,,,,,,,
Oasis,Let There Be Love,,,,,,,,,,,,,,,,
David Bowie,It Ain'T Easy,0.8,0.6,0.0,0.4,0.8,0.6,0.6,0.0,0.0,0.6,0.0,0.0,0.0,0.0,0.8,0.0
Depeche Mode,I Feel Loved,,,,,,,,,,,,,,,,
Anton Maiden,Wasted Years,,,,,,,,,,,,,,,,
Blink-182,What'S My Age Again?,,,,,,,,,,,,,,,,
Alphaville,Big In Japan,,,,,,,,,,,,,,,,
Fiona Apple,Limp,,,,,,,,,,,,,,,,
The Doors,Five To One,,,,,,,,,,,,,,,,
Ellen Allien & Apparat,Retina,,,,,,,,,,,,,,,,
Queen,Innuendo,,,,,,,,,,,,,,,,
The Streets,Turn The Page,,,,,,,,,,,,,,,,
Air,One Hell Of A Party,,,,,,,,,,,,,,,,
Johnny Cash,Bridge Over Troubled Water,,,,,,,,,,,,,,,,
Pearl Jam,Go,,,,,,,,,,,,,,,,
Ambulance Ltd,Anecdote,,,,,,,,,,,,,,,,
Gogol Bordello,Not A Crime,,,,,,,,,,,,,,,,
The Radio Dept.,Where Damage Isn'T Already Done,,,,,,,,,,,,,,,,
Buzzcocks,What Do I Get?,,,,,,,,,,,,,,,,
Kings Of Leon,Trani,,,,,,,,,,,,,,,,
The Dresden Dolls,Sex Changes,,,,,,,,,,,,,,,,
Arctic Monkeys,Leave Before The Lights Come On,,,,,,,,,,,,,,,,
Metallica,Whiplash,,,,,,,,,,,,,,,,
Depeche Mode,New Life,,,,,,,,,,,,,,,,
Junior Boys,Double Shadow,,,,,,,,,,,,,,,,
Queens Of The Stone Age,River In The Road,,,,,,,,,,,,,,,,
Oasis,Bag It Up,,,,,,,,,,,,,,,,
Sigur Rós,Hufupukar,,,,,,,,,,,,,,,,
Rilo Kiley,Close Call,,,,,,,,,,,,,,,,
Bright Eyes,Something Vague,,,,,,,,,,,,,,,,
Nick Drake,From The Morning,,,,,,,,,,,,,,,,
Rilo Kiley,Dejalo,,,,,,,,,,,,,,,,
Tom Vek,I Ain'T Saying My Goodbyes,,,,,,,,,,,,,,,,
The Libertines,The Good Old Days,,,,,,,,,,,,,,,,
Architecture In Helsinki,Kindling,,,,,,,,,,,,,,,,
Nirvana,Been A Son,,,,,,,,,,,,,,,,
Digitalism,Anything New,,,,,,,,,,,,,,,,
Zero 7,The Pageant Of The Bizarre,,,,,,,,,,,,,,,,
Brian Eno,An Ending (Ascent),,,,,,,,,,,,,,,,
The Flaming Lips,Race For The Prize,,,,,,,,,,,,,,,,
Dimmu Borgir,Puritania,,,,,,,,,,,,,,,,
Massive Attack,False Flags,,,,,,,,,,,,,,,,
The Knife,Kino,,,,,,,,,,,,,,,,
M83,Too Late,,,,,,,,,,,,,,,,
Nelly Furtado,I'M Like A Bird,,,,,,,,,,,,,,,,
Patrick Wolf,The Shadow Sea,,,,,,,,,,,,,,,,
Lacuna Coil,Swamped,,,,,,,,,,,,,,,,
Hypocrisy,Eraser,,,,,,,,,,,,,,,,
Tom Waits,Singapore,,,,,,,,,,,,,,,,
Richard Ashcroft,Break The Night With Colour,,,,,,,,,,,,,,,,
The Mars Volta,Take The Veil Cerpin Taxt,,,,,,,,,,,,,,,,
System Of A Down,Kill Rock 'N Roll,,,,,,,,,,,,,,,,
System Of A Down,Suite-Pee,,,,,,,,,,,,,,,,
Britney Spears,Me Against The Music,,,,,,,,,,,,,,,,
Pixies,Tony'S Theme,,,,,,,,,,,,,,,,
The Smashing Pumpkins,In The Arms Of Sleep,,,,,,,,,,,,,,,,
Joanna Newsom,Cassiopeia,,,,,,,,,,,,,,,,
Guns N' Roses,Out Ta Get Me,,,,,,,,,,,,,,,,
65Daysofstatic,Retreat! Retreat!,,,,,,,,,,,,,,,,
Razorlight,I Can'T Stop This Feeling I'Ve Got,,,,,,,,,,,,,,,,
R.E.M.,Sweetness Follows,,,,,,,,,,,,,,,,
Elliott Smith,Coast To Coast,,,,,,,,,,,,,,,,
Cut Copy,That Was Just A Dream,,,,,,,,,,,,,,,,
Dido,Don'T Think Of Me,,,,,,,,,,,,,,,,
Radiohead,Backdrifts. (Honeymoon Is Over.),,,,,,,,,,,,,,,,
M. Ward,Chinese Translation,0.6,0.4,0.0,0.6,0.4,0.0,1.0,0.0,0.0,0.0,0.2,0.0,0.0,0.0,0.6,0.0
Midlake,Head Home,,,,,,,,,,,,,,,,
Patrick Wolf,Ghost Song,,,,,,,,,,,,,,,,
Sonic Youth,The Neutral,,,,,,,,,,,,,,,,
Gwen Stefani,What You Waiting For,,,,,,,,,,,,,,,,
Björk,Show Me Forgiveness,,,,,,,,,,,,,,,,
Elliott Smith,A Distorted Reality Is Now A Necessity To Be Free,,,,,,,,,,,,,,,,
30 Seconds To Mars,Savior,,,,,,,,,,,,,,,,
Johnny Cash,I Hung My Head,,,,,,,,,,,,,,,,
Stars,The Night Starts Here,,,,,,,,,,,,,,,,
Fleetwood Mac,Don'T Stop,,,,,,,,,,,,,,,,
The Police,Walking On The Moon,,,,,,,,,,,,,,,,
Incubus,Make Yourself,,,,,,,,,,,,,,,,
We Are Scientists,Callbacks,,,,,,,,,,,,,,,,
Mew,An Envoy To The Open Fields,,,,,,,,,,,,,,,,
Nelly Furtado,Te Busque (Feat. Juanes),,,,,,,,,,,,,,,,
Miles Davis,So What,,,,,,,,,,,,,,,,
The Jesus And Mary Chain,On The Wall,,,,,,,,,,,,,,,,
Kanye West,Paranoid (Feat. Mr. Hudson),,,,,,,,,,,,,,,,
Islands,Where There'S A Will There'S A Whalebone,,,,,,,,,,,,,,,,
Pink Floyd,Marooned,,,,,,,,,,,,,,,,
Billy Talent,Fallen Leaves,,,,,,,,,,,,,,,,
Beck,Hotwax,,,,,,,,,,,,,,,,
Animal Collective,For Reverend Green,,,,,,,,,,,,,,,,
The Shins,We Will Become Silhouettes,,,,,,,,,,,,,,,,
Aphex Twin,Windowlicker,,,,,,,,,,,,,,,,
Red Hot Chili Peppers,I Could Have Lied,,,,,,,,,,,,,,,,
Wilco,Leave Me (Like You Found Me),,,,,,,,,,,,,,,,
The Beatles,All I'Ve Got To Do,0.6,0.2,0.0,0.0,0.6,0.2,0.0,0.0,0.0,0.0,0.0,0.0,0.0,0.0,0.8,0.0
Marilyn Manson,Heart-Shaped Glasses (When The Heart Guides The Hand),,,,,,,,,,,,,,,,
The Killers,Move Away,,,,,,,,,,,,,,,,
Burial,Dog Shelter,,,,,,,,,,,,,,,,
Tool,Message To Harry Manback,,,,,,,,,,,,,,,,
My Chemical Romance,Sleep,,,,,,,,,,,,,,,,
Gogol Bordello,Sally,,,,,,,,,,,,,,,,
Him,Join Me,,,,,,,,,,,,,,,,
The Cure,Prayers For Rain,,,,,,,,,,,,,,,,
Shakira,Hips Don'T Lie (Feat. Wyclef Jean),,,,,,,,,,,,,,,,
Shakira,La Tortura (Feat. Alejandro Sanz),,,,,,,,,,,,,,,,
Tegan And Sara,Call It Off,,,,,,,,,,,,,,,,
Tegan And Sara,Living Room,,,,,,,,,,,,,,,,
Arcade Fire,Cold Wind,,,,,,,,,,,,,,,,
Janis Joplin,Piece Of My Heart,,,,,,,,,,,,,,,,
Death Cab For Cutie,I Was A Kaleidoscope,,,,,,,,,,,,,,,,
Apocalyptica,Path,,,,,,,,,,,,,,,,
Talking Heads,Life During Wartime,,,,,,,,,,,,,,,,
Pearl Jam,Corduroy,,,,,,,,,,,,,,,,
Pendulum,The Tempest,,,,,,,,,,,,,,,,
Bob Dylan,A Hard Rain'S A-Gonna Fall,,,,,,,,,,,,,,,,
Soda Stereo,Persiana Americana,,,,,,,,,,,,,,,,
Modest Mouse,One Chance,,,,,,,,,,,,,,,,
Jim Sturgess,All My Loving,,,,,,,,,,,,,,,,
Eddie Vedder,Hard Sun,,,,,,,,,,,,,,,,
Sonata Arctica,Don'T Say A Word,,,,,,,,,,,,,,,,
Pendulum,Midnight Runner,,,,,,,,,,,,,,,,
...And You Will Know Us By The Trail Of Dead,Another Morning Stoner,,,,,,,,,,,,,,,,
Madonna,4 Minutes,,,,,,,,,,,,,,,,
Buzzcocks,Everybody'S Happy Nowadays,,,,,,,,,,,,,,,,
Chromeo,Fancy Footwork,,,,,,,,,,,,,,,,
The Libertines,I Get Along,,,,,,,,,,,,,,,,
Panic At The Disco,Nine In The Afternoon,,,,,,,,,,,,,,,,
Rammstein,Engel,,,,,,,,,,,,,,,,
Hot Chip,(Just Like We) Breakdown,,,,,,,,,,,,,,,,
Joanna Newsom,This Side Of The Blue,,,,,,,,,,,,,,,,
Iamx,Lulled By Numbers,,,,,,,,,,,,,,,,
Iron & Wine,An Angry Blade,,,,,,,,,,,,,,,,
Depeche Mode,Peace,,,,,,,,,,,,,,,,
Tool,Sweat,,,,,,,,,,,,,,,,
Jack'S Mannequin,Dark Blue,,,,,,,,,,,,,,,,
Chromeo,Needy Girl,,,,,,,,,,,,,,,,
The Decemberists,Shankill Butchers,,,,,,,,,,,,,,,,
Apocalyptica,Nothing Else Matters,,,,,,,,,,,,,,,,
Nightwish,The Kinslayer,,,,,,,,,,,,,,,,
Deerhunter,Nothing Ever Happened,,,,,,,,,,,,,,,,
Rhianna,Rehab,,,,,,,,,,,,,,,,
Eurythmics,Here Comes The Rain Again,,,,,,,,,,,,,,,,
Queens Of The Stone Age,Misfit Love,,,,,,,,,,,,,,,,
Pearl Jam,Severed Hand,,,,,,,,,,,,,,,,
Mogwai,Wake Up And Go Berserk,,,,,,,,,,,,,,,,
Foo Fighters,Stranger Things Have Happened,,,,,,,,,,,,,,,,
Dashboard Confessional,Don'T Wait,,,,,,,,,,,,,,,,
Afi,37Mm,,,,,,,,,,,,,,,,
Dj Shadow,Six Days,,,,,,,,,,,,,,,,
Damien Rice,Accidental Babies,,,,,,,,,,,,,,,,
Dimmu Borgir,Mourning Palace,,,,,,,,,,,,,,,,
The Beatles,Julia,,,,,,,,,,,,,,,,
Black Sabbath,Sabbath Bloody Sabbath,,,,,,,,,,,,,,,,
I'M From Barcelona,Treehouse,,,,,,,,,,,,,,,,
Ultravox,Vienna,,,,,,,,,,,,,,,,
Riverside,Conceiving You,,,,,,,,,,,,,,,,
The Pipettes,Dirty Mind,,,,,,,,,,,,,,,,
Blink-182,Adam'S Song,,,,,,,,,,,,,,,,
Afi,Paper Airplanes (Makeshift Wings),,,,,,,,,,,,,,,,
Okkervil River,Our Life Is Not A Movie Or Maybe,,,,,,,,,,,,,,,,
Paramore,Fences,,,,,,,,,,,,,,,,
Porcupine Tree,Where We Would Be,,,,,,,,,,,,,,,,
Within Temptation,See Who I Am,,,,,,,,,,,,,,,,
The Strokes,Fear Of Sleep,,,,,,,,,,,,,,,,
Múm,Faraway Swimmingpool,,,,,,,,,,,,,,,,
Iningrid Michaelson,The Way I Am,,,,,,,,,,,,,,,,
U2,Kite,,,,,,,,,,,,,,,,
M.I.A.,Hombre,,,,,,,,,,,,,,,,
M.I.A.,Galang,,,,,,,,,,,,,,,,
Metallica,The Judas Kiss,,,,,,,,,,,,,,,,
Rocky Votolato,White Daisy Passing,0.8,0.2,0.0,0.4,0.6,0.2,1.0,0.0,0.0,0.0,0.0,0.0,0.0,0.0,0.6,0.0
System Of A Down,Soldier Side,,,,,,,,,,,,,,,,
Scar Symmetry,The Illusionist,,,,,,,,,,,,,,,,
Metallica,Fight Fire With Fire,,,,,,,,,,,,,,,,
Deerhunter,Intro,,,,,,,,,,,,,,,,
Justin Timberlake,Losing My Way,,,,,,,,,,,,,,,,
Beck,Soldier Jane,,,,,,,,,,,,,,,,
Red Hot Chili Peppers,Dosed,,,,,,,,,,,,,,,,
Beirut,St. Apollonia,,,,,,,,,,,,,,,,
Justin Timberlake,Lovestoned/I Think She Knows Interlude,,,,,,,,,,,,,,,,
Marilyn Manson,The Love Song,,,,,,,,,,,,,,,,
Goldfrapp,Twist,,,,,,,,,,,,,,,,
Black Flag,Six Pack,,,,,,,,,,,,,,,,
Him,Heartache Every Moment,,,,,,,,,,,,,,,,
Jimmy Eat World,Big Casino,,,,,,,,,,,,,,,,
Pavement,Shady Lane,,,,,,,,,,,,,,,,
Nine Inch Nails,Into The Void,,,,,,,,,,,,,,,,
The Streets,Fit But You Know It,,,,,,,,,,,,,,,,
Gorillaz,Re-Hash,,,,,,,,,,,,,,,,
Girl Talk,Give Me A Beat,,,,,,,,,,,,,,,,
Fiona Apple,Parting Gift,,,,,,,,,,,,,,,,
Sofie,Hypnotized,,,,,,,,,,,,,,,,
Beach House,Saltwater,,,,,,,,,,,,,,,,
Justice,Tthhee Ppaarrttyy,,,,,,,,,,,,,,,,
Arctic Monkeys,Love Machine,,,,,,,,,,,,,,,,
Harold Budd & Brian Eno,First Light,,,,,,,,,,,,,,,,
Blonde Redhead,Melody,,,,,,,,,,,,,,,,
Robbie Williams,Supreme,,,,,,,,,,,,,,,,
Keane,Hamburg Song,,,,,,,,,,,,,,,,
Nico,The Fairest Of The Seasons,,,,,,,,,,,,,,,,
Zero 7,End Theme,,,,,,,,,,,,,,,,
Television,Marquee Moon,,,,,,,,,,,,,,,,
Animal Collective,Flesh Canoe,,,,,,,,,,,,,,,,
Armin Van Buuren,In And Out Of Love (Feat. Sharon Den Adel),,,,,,,,,,,,,,,,
Johnny Cash,Cry! Cry! Cry!,,,,,,,,,,,,,,,,
Fischerspooner,A Kick In The Teeth,,,,,,,,,,,,,,,,
The Sunshine Underground,Commercial Breakdown,,,,,,,,,,,,,,,,
Black Kids,Hit The Heartbrakes,,,,,,,,,,,,,,,,
Pixies,Oh My Golly!,,,,,,,,,,,,,,,,
Maria Taylor,Song Beneath The Song,,,,,,,,,,,,,,,,
Johnny Cash,One,,,,,,,,,,,,,,,,
Gogol Bordello,60 Revolutions,,,,,,,,,,,,,,,,
Daft Punk,Face To Face / Short Circuit,,,,,,,,,,,,,,,,
Vitalic,La Rock 01,,,,,,,,,,,,,,,,
Black Flag,Gimmie Gimmie Gimmie,,,,,,,,,,,,,,,,
M.I.A.,Bingo,,,,,,,,,,,,,,,,
Metric,Raw Sugar,,,,,,,,,,,,,,,,
The Specials,Ghost Town,,,,,,,,,,,,,,,,
Rihanna,Sos (Rescue Me),,,,,,,,,,,,,,,,
The Prodigy,Narayan,,,,,,,,,,,,,,,,
Radiohead,A Punchup At A Wedding,,,,,,,,,,,,,,,,
Radiohead,How Do You?,,,,,,,,,,,,,,,,
Coldplay,Til Kingdom Come,,,,,,,,,,,,,,,,
Santogold,Starstruck,,,,,,,,,,,,,,,,
The Doors,Twentieth Century Fox,,,,,,,,,,,,,,,,
Pink Floyd,The Show Must Go On,,,,,,,,,,,,,,,,
Dirty Pretty Things,You Fucking Love It,,,,,,,,,,,,,,,,
Elbow,Station Approach,,,,,,,,,,,,,,,,
Elbow,Mirrorball,,,,,,,,,,,,,,,,
Moby,Find My Baby,,,,,,,,,,,,,,,,
Tv On The Radio,Stork & Owl,0.6,0.4,0.6,0.4,0.4,0.2,0.0,0.0,0.0,0.0,0.0,0.0,0.6,0.4,0.6,0.0
Róisín Murphy,You Know Me Better,,,,,,,,,,,,,,,,
Camera Obscura,Eighties Fan,,,,,,,,,,,,,,,,
The Jesus And Mary Chain,Some Candy Talking,,,,,,,,,,,,,,,,
Sufjan Stevens,Redford (For Yia-Yia & Pappou),,,,,,,,,,,,,,,,
Midlake,Young Bride,,,,,,,,,,,,,,,,
Dido,Life For Rent,,,,,,,,,,,,,,,,
The Cure,Charlotte Sometimes,,,,,,,,,,,,,,,,
Foo Fighters,Hell,,,,,,,,,,,,,,,,
Britney Spears,My Prerogative,,,,,,,,,,,,,,,,
The Goo Goo Dolls,Better Days,,,,,,,,,,,,,,,,
Miles Davis,Blue In Green,,,,,,,,,,,,,,,,
Brian Eno,Baby'S On Fire,,,,,,,,,,,,,,,,
The Fratellis,Everybody Knows You Cried Last Night,,,,,,,,,,,,,,,,
The Pipettes,Judy,,,,,,,,,,,,,,,,
Robbie Williams,Feel,,,,,,,,,,,,,,,,
Paradise Lost,Grey,,,,,,,,,,,,,,,,
Mae,Suspension,,,,,,,,,,,,,,,,
Basement Jaxx,Where'S Your Head At,,,,,,,,,,,,,,,,
The Unicorns,Tuff Ghost,,,,,,,,,,,,,,,,
Lacuna Coil,Heaven'S A Lie,,,,,,,,,,,,,,,,
Richard Ashcroft,A Song For The Lovers,,,,,,,,,,,,,,,,
Röyksopp,Boys,,,,,,,,,,,,,,,,
Sunset Rubdown,They Took A Vote And Said No,,,,,,,,,,,,,,,,
Kt Tunstall,Silent Sea,,,,,,,,,,,,,,,,
Pantera,I'M Broken,1.0,1.0,0.0,0.0,1.0,1.0,0.0,0.0,0.0,0.0,0.0,0.0,0.0,0.0,1.0,0.0
Porcupine Tree,Fear Of A Blank Planet,,,,,,,,,,,,,,,,
The Prodigy,Poison,,,,,,,,,,,,,,,,
The Flaming Lips,Pompeii Am Götterdämmerung,,,,,,,,,,,,,,,,
Pantera,5 Minutes Alone,,,,,,,,,,,,,,,,
Ladytron,Amtv,,,,,,,,,,,,,,,,
Clint Mansell,Holy Dread!,,,,,,,,,,,,,,,,
The Horrors,Sheena Is A Parasite,,,,,,,,,,,,,,,,
Wilco,How To Fight Loneliness,,,,,,,,,,,,,,,,
Aphex Twin,Pulsewidth,,,,,,,,,,,,,,,,
Giant Drag,Kevin Is Gay,,,,,,,,,,,,,,,,
Mc Hammer,U Can'T Touch This,,,,,,,,,,,,,,,,
Kings Of Convenience,Live Long,,,,,,,,,,,,,,,,
Iamx,After Every Party I Die,,,,,,,,,,,,,,,,
Fiona Apple,O' Sailor,,,,,,,,,,,,,,,,
Architecture In Helsinki,It'5!,,,,,,,,,,,,,,,,
Audioslave,Light My Way,,,,,,,,,,,,,,,,
Sentenced,Ever-Frost,,,,,,,,,,,,,,,,
Doves,There Goes The Fear,,,,,,,,,,,,,,,,
Nightwish,Bye Bye Beautiful,,,,,,,,,,,,,,,,
Blonde Redhead,My Impure Hair,,,,,,,,,,,,,,,,
Elliott Smith,The White Lady Loves You More,,,,,,,,,,,,,,,,
Semisonic,Closing Time,,,,,,,,,,,,,,,,
Air,Somewhere Between Waking And Sleeping,,,,,,,,,,,,,,,,
Sonic Youth,Lights Out,,,,,,,,,,,,,,,,
Jack'S Mannequin,Bruised,,,,,,,,,,,,,,,,
Kate Bush,Babooshka,,,,,,,,,,,,,,,,
Björk,Undo,,,,,,,,,,,,,,,,
Rammstein,Benzin,,,,,,,,,,,,,,,,
Death Cab For Cutie,Title Track,,,,,,,,,,,,,,,,
Kylie Minogue,Red Blooded Woman,,,,,,,,,,,,,,,,
Yeah Yeah Yeahs,Kiss Kiss,,,,,,,,,,,,,,,,
Funeral For A Friend,Streetcar,,,,,,,,,,,,,,,,
Bob Dylan,Tombstone Blues,,,,,,,,,,,,,,,,
Modest Mouse,People As Places As People,,,,,,,,,,,,,,,,
The Cardigans,Erase/Rewind,,,,,,,,,,,,,,,,
Mogwai,Boring Machines Disturbs Sleep,,,,,,,,,,,,,,,,
Yeah Yeah Yeahs,Shame And Fortune,0.8,0.8,0.0,0.2,0.8,0.6,0.0,0.0,0.0,0.0,0.0,0.0,0.2,0.2,0.8,0.0
Glasvegas,Geraldine,,,,,,,,,,,,,,,,
Nick Drake,Day Is Done,,,,,,,,,,,,,,,,
Oasis,Columbia,,,,,,,,,,,,,,,,
Clint Mansell,Stay With Me,,,,,,,,,,,,,,,,
Portishead,Elysium,,,,,,,,,,,,,,,,
Dread Zeppelin,The Lemon Song,,,,,,,,,,,,,,,,
Spoon,Black Like Me,,,,,,,,,,,,,,,,
Jack Johnson,Traffic In The Sky,,,,,,,,,,,,,,,,
Bob Dylan,Just Like Tom Thumb'S Blues,,,,,,,,,,,,,,,,
Belle And Sebastian,I Fought In A War,,,,,,,,,,,,,,,,
The Psychedelic Furs,Pretty In Pink,,,,,,,,,,,,,,,,
Daft Punk,Steam Machine,,,,,,,,,,,,,,,,
Slipknot,The Blister Exists,,,,,,,,,,,,,,,,
Apollo 440,Stop The Rock,,,,,,,,,,,,,,,,
Pink Floyd,Bike,,,,,,,,,,,,,,,,
Apparat,Arcadia,,,,,,,,,,,,,,,,
Gogol Bordello,Immigrant Punk,,,,,,,,,,,,,,,,
Nine Inch Nails,I Do Not Want This,,,,,,,,,,,,,,,,
Death Cab For Cutie,Pictures In An Exhibition,,,,,,,,,,,,,,,,
Elliott Smith,2:45 Am,,,,,,,,,,,,,,,,
P!Nk,I'M Not Dead,,,,,,,,,,,,,,,,
P!Nk,Dear Mr. President,,,,,,,,,,,,,,,,
The Streets,Dry Your Eyes,,,,,,,,,,,,,,,,
Mando Diao,Amsterdam,,,,,,,,,,,,,,,,
Tool,Die Eier Von Satan,,,,,,,,,,,,,,,,
Beck,New Round,,,,,,,,,,,,,,,,
Led Zeppelin,Gallows Pole,,,,,,,,,,,,,,,,
Yeah Yeah Yeahs,Skeletons,,,,,,,,,,,,,,,,
Apparat,Not A Number,,,,,,,,,,,,,,,,
Cartel,Say Anything (Else),,,,,,,,,,,,,,,,
Morrissey,Life Is A Pigsty,,,,,,,,,,,,,,,,
Goldfrapp,Road To Somewhere,,,,,,,,,,,,,,,,
Placebo,Allergic (To Thoughts Of Mother Earth),,,,,,,,,,,,,,,,
The Futureheads,A To B,,,,,,,,,,,,,,,,
The Pipettes,We Are The Pipettes,,,,,,,,,,,,,,,,
Caribou,Melody Day,,,,,,,,,,,,,,,,
Evanescence,Cloud Nine,,,,,,,,,,,,,,,,
Killing Joke,Love Like Blood,,,,,,,,,,,,,,,,
Nick Cave & The Bad Seeds,Red Right Hand,0.6,0.4,0.0,0.4,0.4,0.8,0.0,0.0,0.0,0.2,0.6,0.0,0.2,0.4,0.8,0.0
The White Stripes,Instinct Blues,,,,,,,,,,,,,,,,
The Smashing Pumpkins,Stand Inside Your Love,,,,,,,,,,,,,,,,
Sunset Rubdown,Winged/Wicked Things,,,,,,,,,,,,,,,,
Tv On The Radio,Red Dress,,,,,,,,,,,,,,,,
The Notwist,Consequence,,,,,,,,,,,,,,,,
Rage Against The Machine,Freedom,,,,,,,,,,,,,,,,
Έλενα Παπαρίζου,Teardrops,,,,,,,,,,,,,,,,
The Beatles,Anna (Go To Him),,,,,,,,,,,,,,,,
Broken Social Scene,I Slept With Bonhomme At The Cbc,,,,,,,,,,,,,,,,
Architecture In Helsinki,Spring 2008,,,,,,,,,,,,,,,,
Sentenced,Dead Moon Rising,,,,,,,,,,,,,,,,
M.I.A.,The Turn,,,,,,,,,,,,,,,,
Wolfmother,Where Eagles Have Been,,,,,,,,,,,,,,,,
Girl Talk,In Step,,,,,,,,,,,,,,,,
Wilco,Company In My Back,,,,,,,,,,,,,,,,
Rage Against The Machine,Maria,,,,,,,,,,,,,,,,
Pj Harvey,You Come Through,,,,,,,,,,,,,,,,
T. Rex,Children Of The Revolution,,,,,,,,,,,,,,,,
The Velvet Underground,Candy Says,,,,,,,,,,,,,,,,
Morrissey,I Have Forgiven Jesus,,,,,,,,,,,,,,,,
Killswitch Engage,A Bid Farewell,,,,,,,,,,,,,,,,
Zz Top,La Grange,,,,,,,,,,,,,,,,
The Long Blondes,Weekend Without Makeup,,,,,,,,,,,,,,,,
Foo Fighters,Big Me,,,,,,,,,,,,,,,,
Zz Top,Got Me Under Pressure,,,,,,,,,,,,,,,,
The Dead 60S,Riot Radio,,,,,,,,,,,,,,,,
Nine Inch Nails,The Line Begins To Blur,,,,,,,,,,,,,,,,
Elbow,Weather To Fly,,,,,,,,,,,,,,,,
Fergie,London Bridge (Radio Edit),,,,,,,,,,,,,,,,
Kraftwerk,The Model,,,,,,,,,,,,,,,,
Band Of Horses,Islands On The Coast,,,,,,,,,,,,,,,,
The Jam,In The City,,,,,,,,,,,,,,,,
The Cranberries,Animal Instinct,,,,,,,,,,,,,,,,
Rage Against The Machine,Beautiful World,,,,,,,,,,,,,,,,
Beulah,Gravity'S Bringing Us Down,0.8,0.6,0.0,0.4,0.6,0.4,0.6,0.0,0.6,0.0,0.4,0.0,0.2,0.2,0.8,0.0
Opeth,Ghost Of Perdition,,,,,,,,,,,,,,,,
Metallica,Through The Never,,,,,,,,,,,,,,,,
Secret Machines,Sad And Lonely,,,,,,,,,,,,,,,,
Battles,Prismism,,,,,,,,,,,,,,,,
Katatonia,Teargas,,,,,,,,,,,,,,,,
Jem,Wish I,,,,,,,,,,,,,,,,
Belle And Sebastian,You Don'T Send Me,,,,,,,,,,,,,,,,
Scissor Sisters,She'S My Man,,,,,,,,,,,,,,,,
Matchbox Twenty,Push,,,,,,,,,,,,,,,,
The Stone Roses,Shoot You Down,,,,,,,,,,,,,,,,
Guano Apes,Big In Japan,,,,,,,,,,,,,,,,
Explosions In The Sky,Magic Hours,,,,,,,,,,,,,,,,
Nine Inch Nails,Kinda I Want To,,,,,,,,,,,,,,,,
Sublime,Wrong Way,,,,,,,,,,,,,,,,
Alexi Murdoch,Orange Sky,,,,,,,,,,,,,,,,
The Kooks,Mr. Maker,,,,,,,,,,,,,,,,
King Crimson,21St Century Schizoid Man,,,,,,,,,,,,,,,,
Hard-Fi,Suburban Knights,,,,,,,,,,,,,,,,
Wilco,She'S A Jar,,,,,,,,,,,,,,,,
Queens Of The Stone Age,A Song For The Dead,,,,,,,,,,,,,,,,
Wilco,Walken,,,,,,,,,,,,,,,,
Eddie Vedder,Far Behind,,,,,,,,,,,,,,,,
The Verve,History,,,,,,,,,,,,,,,,
Iron & Wine,Peace Beneath The City,,,,,,,,,,,,,,,,
Jack Johnson,Fortunate Fool,,,,,,,,,,,,,,,,
Le Tigre,Hot Topic,,,,,,,,,,,,,,,,
Black Kids,Listen To Your Body Tonight,,,,,,,,,,,,,,,,
Clint Mansell,First Snow,,,,,,,,,,,,,,,,
The Dandy Warhols,Not If You Were The Last Junkie On Earth,,,,,,,,,,,,,,,,
Yo La Tengo,I Feel Like Going Home,,,,,,,,,,,,,,,,
Depeche Mode,The Things You Said,,,,,,,,,,,,,,,,
Nicola Conte,Bossa Per Due,,,,,,,,,,,,,,,,
Marilyn Manson,I Put A Spell On You,,,,,,,,,,,,,,,,
The White Stripes,Expecting,,,,,,,,,,,,,,,,
Yeah Yeah Yeahs,Miles Away,,,,,,,,,,,,,,,,
Pearl Jam,Unemployable,,,,,,,,,,,,,,,,
Marilyn Manson,(S)Aint,,,,,,,,,,,,,,,,
Muse,Escape,,,,,,,,,,,,,,,,
Nouvelle Vague,Human Fly,,,,,,,,,,,,,,,,
Radiohead,A Wolf At The Door. (It Girl. Rag Doll.),,,,,,,,,,,,,,,,
Eddie Vedder,Long Nights,,,,,,,,,,,,,,,,
Zero 7,Look Up,,,,,,,,,,,,,,,,
James Blunt,Billy,,,,,,,,,,,,,,,,
Sex Pistols,Anarchy In The Uk,,,,,,,,,,,,,,,,
Stars,My Favourite Book,,,,,,,,,,,,,,,,
Jojo,Too Little Too Late,,,,,,,,,,,,,,,,
Pulp,Live Bed Show,,,,,,,,,,,,,,,,
Daft Punk,Daftendirekt,,,,,,,,,,,,,,,,
Apparat,Holdon,,,,,,,,,,,,,,,,
Pulp,Lipgloss,,,,,,,,,,,,,,,,
Joy Division,Failures,,,,,,,,,,,,,,,,
The Smiths,Oscillate Wildly,,,,,,,,,,,,,,,,
Be Your Own Pet,Bunk Trunk Skunk,1.0,1.0,0.0,0.2,1.0,1.0,0.0,0.0,0.0,0.0,0.0,0.0,0.0,0.0,0.8,0.0
Regina Spektor,Sailor Song,,,,,,,,,,,,,,,,
Slipknot,Pulse Of The Maggots,,,,,,,,,,,,,,,,
Dio,Holy Diver,,,,,,,,,,,,,,,,
The Stone Roses,(Song For My) Sugar Spun Sister,,,,,,,,,,,,,,,,
Ratatat,Kennedy,,,,,,,,,,,,,,,,
Dredg,Sang Real,,,,,,,,,,,,,,,,
Kanye West,Street Lights,,,,,,,,,,,,,,,,
Foo Fighters,Erase/Replace,,,,,,,,,,,,,,,,
Alanis Morissette,All I Really Want,,,,,,,,,,,,,,,,
Garbage,Not My Idea,,,,,,,,,,,,,,,,
Evanescence,Weight Of The World,,,,,,,,,,,,,,,,
Metallica,Creeping Death,,,,,,,,,,,,,,,,
Moby,Raining Again,,,,,,,,,,,,,,,,
Garbage,The World Is Not Enough,,,,,,,,,,,,,,,,
Joanna Newsom,Three Little Babes,,,,,,,,,,,,,,,,
Coldplay,See You Soon,,,,,,,,,,,,,,,,
The Sounds,24 Hours,,,,,,,,,,,,,,,,
Muse,Dark Shines,,,,,,,,,,,,,,,,
The Ting Tings,We Started Nothing,,,,,,,,,,,,,,,,
!!!,Yadnus,,,,,,,,,,,,,,,,
Nine Inch Nails,The Greater Good,,,,,,,,,,,,,,,,
Minus The Bear,Pachuca Sunrise,,,,,,,,,,,,,,,,
Beyoncé,Ring The Alarm,,,,,,,,,,,,,,,,
Mastodon,Iron Tusk,,,,,,,,,,,,,,,,
Echo & The Bunnymen,Bring On The Dancing Horses,,,,,,,,,,,,,,,,
Jackson And His Computer Band,Tv Dogs (Cathodica'S Letter) (Feat. Mike Ladd),,,,,,,,,,,,,,,,
Queens Of The Stone Age,Battery Acid,,,,,,,,,,,,,,,,
Tv On The Radio,Tonight,,,,,,,,,,,,,,,,
Animal Collective,Winter Wonder Land,,,,,,,,,,,,,,,,
New Young Pony Club,Tight Fit,,,,,,,,,,,,,,,,
Manu Chao,Desaparecido,,,,,,,,,,,,,,,,
Belle And Sebastian,Ease Your Feet In The Sea,,,,,,,,,,,,,,,,
Rilo Kiley,Under The Blacklight,,,,,,,,,,,,,,,,
Elvis Presley,Heartbreak Hotel,,,,,,,,,,,,,,,,
Depeche Mode,Breathe,,,,,,,,,,,,,,,,
Jimmy Eat World,Drugs Or Me,,,,,,,,,,,,,,,,
The Police,Invisible Sun,,,,,,,,,,,,,,,,
Soilwork,The Flameout,,,,,,,,,,,,,,,,
Iron Maiden,Iron Maiden,,,,,,,,,,,,,,,,
My Morning Jacket,Gideon,,,,,,,,,,,,,,,,
The Zombies,Time Of The Season,,,,,,,,,,,,,,,,
Daft Punk,Harder Better Faster Stronger,,,,,,,,,,,,,,,,
Nelly Furtado,Wait For You,,,,,,,,,,,,,,,,
Battles,Tij,1.0,0.8,0.2,0.6,0.8,0.6,0.0,0.0,0.0,0.0,0.0,0.0,0.8,0.8,0.4,0.0
Patti Smith,Gloria,,,,,,,,,,,,,,,,
Air,Electronic Performers,,,,,,,,,,,,,,,,
Camera Obscura,Country Mile,,,,,,,,,,,,,,,,
The Doors,Back Door Man,,,,,,,,,,,,,,,,
T.V. Carpio,I Want To Hold Your Hand,,,,,,,,,,,,,,,,
Louis Xiv,Finding Out True Love Is Blind,,,,,,,,,,,,,,,,
Hard-Fi,Living For The Weekend,,,,,,,,,,,,,,,,
Kt Tunstall,Another Place To Fall,,,,,,,,,,,,,,,,
Jens Lekman,Sipping On The Sweet Nectar,,,,,,,,,,,,,,,,
Jay-Z And Linkin Park,Numb/Encore,,,,,,,,,,,,,,,,
The White Stripes,St. Andrew (This Battle Is In The Air),,,,,,,,,,,,,,,,
The Dresden Dolls,Modern Moonlight,,,,,,,,,,,,,,,,
Anathema,Fragile Dreams,,,,,,,,,,,,,,,,
Red Hot Chili Peppers,This Velvet Glove,,,,,,,,,,,,,,,,
布袋寅泰,Battle Without Honor Or Humanity,,,,,,,,,,,,,,,,
Jack Johnson,Holes To Heaven,,,,,,,,,,,,,,,,
Abba,Mamma Mia,,,,,,,,,,,,,,,,
Hercules And Love Affair,Athene,,,,,,,,,,,,,,,,
The Raconteurs,Salute Your Solution,,,,,,,,,,,,,,,,
Kevin Shields,City Girl,,,,,,,,,,,,,,,,
Bob Marley & The Wailers,Get Up Stand Up,,,,,,,,,,,,,,,,
Elliott Smith,Ostrich & Chirping,,,,,,,,,,,,,,,,
Elliott Smith,Bottle Up And Explode!,,,,,,,,,,,,,,,,
Έλενα Παπαρίζου,My Number One,,,,,,,,,,,,,,,,
Heaven 17,Temptation,,,,,,,,,,,,,,,,
Mogwai,Stop Coming To My House,,,,,,,,,,,,,,,,
System Of A Down,Ddevil,,,,,,,,,,,,,,,,
Mötley Crüe,Kickstart My Heart,,,,,,,,,,,,,,,,
Deftones,Be Quiet And Drive (Far Away),,,,,,,,,,,,,,,,
Metric,Help I'M Alive,,,,,,,,,,,,,,,,
Kimya Dawson,My Rollercoaster,,,,,,,,,,,,,,,,
Hercules And Love Affair,Time Will,,,,,,,,,,,,,,,,
Stars,He Lied About Death,,,,,,,,,,,,,,,,
The Stooges,Raw Power,,,,,,,,,,,,,,,,
Bonobo,The Fever,,,,,,,,,,,,,,,,
Porcupine Tree,Feel So Low,,,,,,,,,,,,,,,,
Slayer,Dead Skin Mask,,,,,,,,,,,,,,,,
Bob Marley & The Wailers,Could You Be Loved,,,,,,,,,,,,,,,,
Clint Mansell,Death Is A Disease,,,,,,,,,,,,,,,,
Echo & The Bunnymen,Lips Like Sugar,,,,,,,,,,,,,,,,
Misfits,We Are 138,,,,,,,,,,,,,,,,
Yo La Tengo,Black Flowers,,,,,,,,,,,,,,,,
The Black Keys,10 A.M. Automatic,,,,,,,,,,,,,,,,
Lady Gaga,Just Dance (Feat. Colby O'Donis),,,,,,,,,,,,,,,,
Justice,One Minute To Midnight,,,,,,,,,,,,,,,,
Blink-182,Down,,,,,,,,,,,,,,,,
Midnight Juggernauts,Into The Galaxy,,,,,,,,,,,,,,,,
Oasis,The Turning,,,,,,,,,,,,,,,,
The Prodigy,Funky Shit,,,,,,,,,,,,,,,,
Oasis,Waiting For The Rapture,,,,,,,,,,,,,,,,
Gotan Project,Diferente,,,,,,,,,,,,,,,,
Broken Social Scene,Alive In 85,,,,,,,,,,,,,,,,
Elbow,The Loneliness Of A Tower Crane Driver,,,,,,,,,,,,,,,,
Yeah Yeah Yeahs,Bang,,,,,,,,,,,,,,,,
Love Is All,Make Out Fall Out Make Up,,,,,,,,,,,,,,,,
The Kills,Fried My Little Brains,,,,,,,,,,,,,,,,
Rob Dougan,Clubbed To Death,,,,,,,,,,,,,,,,
Kanye West,The Glory,,,,,,,,,,,,,,,,
Whitesnake,Still Of The Night,,,,,,,,,,,,,,,,
Goldfrapp,Little Bird,,,,,,,,,,,,,,,,
Dirty Pretty Things,Gin & Milk,,,,,,,,,,,,,,,,
The Libertines,Horrorshow,,,,,,,,,,,,,,,,
Depeche Mode,Hole To Feed,,,,,,,,,,,,,,,,
Bruce Springsteen,Atlantic City,,,,,,,,,,,,,,,,
Nightwish,Stargazers,,,,,,,,,,,,,,,,
Ghostface Killah,9 Milli Bros. (Feat. Wu-Tang Clan),,,,,,,,,,,,,,,,
Nightwish,Sahara,,,,,,,,,,,,,,,,
Modest Mouse,I Came As A Rat,,,,,,,,,,,,,,,,
Queen,Save Me,,,,,,,,,,,,,,,,
Amy Winehouse,In My Bed,,,,,,,,,,,,,,,,
Elbow,An Audience With The Pope,,,,,,,,,,,,,,,,
In Flames,Jotun,,,,,,,,,,,,,,,,
Morrissey,Dear God Please Help Me,,,,,,,,,,,,,,,,
Nick Drake,At The Chime Of A City Clock,,,,,,,,,,,,,,,,
Tori Amos,Sleeps With Butterflies,,,,,,,,,,,,,,,,
Death Cab For Cutie,Blacking Out The Friction,,,,,,,,,,,,,,,,
The Cure,Fire In Cairo,,,,,,,,,,,,,,,,
Rufus Wainwright,California,,,,,,,,,,,,,,,,
Ben Folds,Annie Waits,,,,,,,,,,,,,,,,
The Smashing Pumpkins,Mellon Collie And The Infinite Sadness,,,,,,,,,,,,,,,,
Blonde Redhead,Messenger,,,,,,,,,,,,,,,,
Snow Patrol,If There'S A Rocket Tie Me To It,,,,,,,,,,,,,,,,
Sunset Rubdown,The Empty Threats Of Little Lord,,,,,,,,,,,,,,,,
Devendra Banhart,Long Haired Child,,,,,,,,,,,,,,,,
Dj Shadow,Stem/Long Stem,,,,,,,,,,,,,,,,
Bloc Party,Trojan Horse,,,,,,,,,,,,,,,,
Peter Bjorn And John,The Chills,,,,,,,,,,,,,,,,
The Horrors,Count In Fives,,,,,,,,,,,,,,,,
All Saints,Black Coffee,,,,,,,,,,,,,,,,
Jackson And His Computer Band,Hard Tits,,,,,,,,,,,,,,,,
Metallica,Suicide & Redemption,,,,,,,,,,,,,,,,
Creedence Clearwater Revisited,Up Around The Bend,,,,,,,,,,,,,,,,
Mew,Chinaberry Tree,,,,,,,,,,,,,,,,
Jackson And His Computer Band,Teen Beat Ocean,,,,,,,,,,,,,,,,
Him,And Love Said No,,,,,,,,,,,,,,,,
Pj Harvey,Angelene,,,,,,,,,,,,,,,,
Audioslave,Drown Me Slowly,,,,,,,,,,,,,,,,
Iron & Wine And Calexico,He Lays In The Reins,,,,,,,,,,,,,,,,
Inxs,New Sensation,,,,,,,,,,,,,,,,
Broadcast,Tender Buttons,,,,,,,,,,,,,,,,
Sarah Mclachlan,Angel,,,,,,,,,,,,,,,,
Danny Elfman,This Is Halloween,,,,,,,,,,,,,,,,
Guns N' Roses,Rocket Queen,,,,,,,,,,,,,,,,
The Unicorns,Child Star,,,,,,,,,,,,,,,,
+44,When Your Heart Stops Beating,,,,,,,,,,,,,,,,
The Magnetic Fields,I Think I Need A New Heart,,,,,,,,,,,,,,,,
The Whitest Boy Alive,Done With You,,,,,,,,,,,,,,,,
The Smiths,Well I Wonder,,,,,,,,,,,,,,,,
Rufus Wainwright,14Th Street,,,,,,,,,,,,,,,,
Yo La Tengo,Sometimes I Don'T Get You,,,,,,,,,,,,,,,,
Placebo,Come Home,,,,,,,,,,,,,,,,
Jimmy Eat World,Always Be,,,,,,,,,,,,,,,,
Elliott Smith,Alphabet Town,,,,,,,,,,,,,,,,
Porcupine Tree,Prodigal,,,,,,,,,,,,,,,,
The Magnetic Fields,Absolutely Cuckoo,,,,,,,,,,,,,,,,
Mission Of Burma,That'S When I Reach For My Revolver,,,,,,,,,,,,,,,,
Sigur Rós,Vaka,,,,,,,,,,,,,,,,
Children Of Bodom,In Your Face,,,,,,,,,,,,,,,,
Kasabian,I.D,,,,,,,,,,,,,,,,
Jack Johnson,Gone,,,,,,,,,,,,,,,,
Cat Power,Wild Is The Wind,0.2,0.0,0.0,0.0,0.2,0.0,0.8,0.4,0.0,0.6,0.0,0.0,0.0,0.0,0.2,0.0
Adam Green,I Wanna Die,,,,,,,,,,,,,,,,
The White Stripes,Hello Operator,,,,,,,,,,,,,,,,
Clint Mansell,Finish It,,,,,,,,,,,,,,,,
Tool,Undertow,,,,,,,,,,,,,,,,
Porcupine Tree,A Smart Kid,,,,,,,,,,,,,,,,
30 Seconds To Mars,Fallen,0.8,0.6,0.2,0.2,0.8,0.8,0.0,0.4,0.0,0.0,0.0,0.0,0.6,0.6,0.8,0.0
Turin Brakes,Pain Killer,,,,,,,,,,,,,,,,
Bright Eyes,No One Would Riot For Less,,,,,,,,,,,,,,,,
Jens Lekman,Into Eternity,,,,,,,,,,,,,,,,
The Chemical Brothers,Let Forever Be,,,,,,,,,,,,,,,,
Maroon 5,Goodnight Goodnight,,,,,,,,,,,,,,,,
Sinéad O'Connor,Nothing Compares 2 U,,,,,,,,,,,,,,,,
Radiohead,We Suck Young Blood. (Your Time Is Up.),,,,,,,,,,,,,,,,
Squarepusher,Tommib,,,,,,,,,,,,,,,,
Beck,Soul Of A Man,0.8,0.6,0.2,0.4,0.8,0.8,0.0,0.0,0.0,0.0,0.0,0.0,0.6,0.6,0.8,0.0
Radiohead,Prove Yourself,,,,,,,,,,,,,,,,
Creedence Clearwater Revisited,I Put A Spell On You,,,,,,,,,,,,,,,,
System Of A Down,Chic 'N' Stu,,,,,,,,,,,,,,,,
The Rakes,Open Book,,,,,,,,,,,,,,,,
Regina Spektor,Ghost Of Corporate Future,,,,,,,,,,,,,,,,
The Smiths,Death Of A Disco Dancer,,,,,,,,,,,,,,,,
Justin Timberlake,Sexy Back,,,,,,,,,,,,,,,,
Eisley,Telescope Eyes,,,,,,,,,,,,,,,,
Bloc Party,Price Of Gasoline,,,,,,,,,,,,,,,,
The Black Keys,Girl Is On My Mind,,,,,,,,,,,,,,,,
Oasis,Up In The Sky,,,,,,,,,,,,,,,,
Björk,The Dull Flame Of Desire,,,,,,,,,,,,,,,,
The Kills,I Hate The Way You Love,,,,,,,,,,,,,,,,
Coheed And Cambria,A Favor House Atlantic,,,,,,,,,,,,,,,,
Youth Group,Forever Young,,,,,,,,,,,,,,,,
Digitalism,Digitalism In Cairo,,,,,,,,,,,,,,,,
Islands,Tsuxiit,,,,,,,,,,,,,,,,
Autolux,Angry Candy,,,,,,,,,,,,,,,,
The White Stripes,I Think I Smell A Rat,,,,,,,,,,,,,,,,
Sufjan Stevens,The Avalanche,,,,,,,,,,,,,,,,
Fort Minor,Where'D You Go,,,,,,,,,,,,,,,,
Britney Spears,Lace And Leather,,,,,,,,,,,,,,,,
Metallica,Harvester Of Sorrow,,,,,,,,,,,,,,,,
Four Tet,As Serious As Your Life,,,,,,,,,,,,,,,,
Okkervil River,For Real,,,,,,,,,,,,,,,,
She Wants Revenge,Out Of Control,,,,,,,,,,,,,,,,
Ratatat,Swisha,,,,,,,,,,,,,,,,
Midlake,Bandits,,,,,,,,,,,,,,,,
Ramones,The Kkk Took My Baby Away,,,,,,,,,,,,,,,,
Elliott Smith,L.A.,,,,,,,,,,,,,,,,
No Doubt,New,,,,,,,,,,,,,,,,
The Clash,Remote Control,,,,,,,,,,,,,,,,
Lykke Li,Let It Fall,,,,,,,,,,,,,,,,
Nirvana,Blew,,,,,,,,,,,,,,,,
Dirty Pretty Things,Doctors And Dealers,,,,,,,,,,,,,,,,
Pj Harvey,A Place Called Home,,,,,,,,,,,,,,,,
Pj Harvey,A Perfect Day Elise,,,,,,,,,,,,,,,,
The Kills,Cat Claw,,,,,,,,,,,,,,,,
M83,America,,,,,,,,,,,,,,,,
The Smiths,Barbarism Begins At Home,,,,,,,,,,,,,,,,
Katatonia,Will I Arrive,,,,,,,,,,,,,,,,
Beck,Volcano,,,,,,,,,,,,,,,,
Björk,The Modern Things,,,,,,,,,,,,,,,,
Elliott Smith,Strung Out Again,,,,,,,,,,,,,,,,
Disturbed,The Game,,,,,,,,,,,,,,,,
The Who,Who Are You,,,,,,,,,,,,,,,,
Kylie Minogue,Spinning Around,,,,,,,,,,,,,,,,
Machinae Supremacy,Cryosleep,,,,,,,,,,,,,,,,
Blackfield,Cloudy Now,,,,,,,,,,,,,,,,
Depeche Mode,Little Soul,,,,,,,,,,,,,,,,
Goldfrapp,Cologne Cerrone Houdini,,,,,,,,,,,,,,,,
The Sugarcubes,Birthday,,,,,,,,,,,,,,,,
Gorillaz,19-2000 (Soulchild Remix),,,,,,,,,,,,,,,,
Pj Harvey,To Talk To You,,,,,,,,,,,,,,,,
Gorillaz,Double Bass,,,,,,,,,,,,,,,,
Arcade Fire,I'M Sleeping In A Submarine,,,,,,,,,,,,,,,,
Garbage,You Look So Fine,,,,,,,,,,,,,,,,
Britney Spears,Why Should I Be Sad,,,,,,,,,,,,,,,,
Crowded House,Don'T Dream It'S Over,,,,,,,,,,,,,,,,
Rilo Kiley,Dreamworld,,,,,,,,,,,,,,,,
Stone Sour,30/30-150,,,,,,,,,,,,,,,,
Buzzcocks,I Don'T Mind,,,,,,,,,,,,,,,,
Björk,5 Years,,,,,,,,,,,,,,,,
Ac/Dc,For Those About To Rock (We Salute You),,,,,,,,,,,,,,,,
The Decemberists,16 Military Wives,,,,,,,,,,,,,,,,
The Decemberists,Leslie Anne Levine,,,,,,,,,,,,,,,,
The Smashing Pumpkins,To Sheila,,,,,,,,,,,,,,,,
Rilo Kiley,The Moneymaker,,,,,,,,,,,,,,,,
Rammstein,Adios,,,,,,,,,,,,,,,,
Katatonia,Evidence,,,,,,,,,,,,,,,,
Nightwish,The Poet And The Pendulum,,,,,,,,,,,,,,,,
The Magnetic Fields,I Don'T Want To Get Over You,,,,,,,,,,,,,,,,
Phoenix,Run Run Run,,,,,,,,,,,,,,,,
Deftones,Knife Prty,,,,,,,,,,,,,,,,
Kate Nash,Mariella,,,,,,,,,,,,,,,,
Pantera,Primal Concrete Sledge,,,,,,,,,,,,,,,,
Kate Nash,We Get On,,,,,,,,,,,,,,,,
Ben Folds,The Luckiest,,,,,,,,,,,,,,,,
Yo La Tengo,The Room Got Heavy,,,,,,,,,,,,,,,,
Damien Rice,Grey Room,,,,,,,,,,,,,,,,
Jethro Tull,Aqualung,,,,,,,,,,,,,,,,
3 Doors Down,Let Me Go,,,,,,,,,,,,,,,,
Opeth,Benighted,,,,,,,,,,,,,,,,
Yann Tiersen,Le Banquet,,,,,,,,,,,,,,,,
The 13Th Floor Elevators,You'Re Gonna Miss Me,,,,,,,,,,,,,,,,
Minor Threat,Straight Edge,,,,,,,,,,,,,,,,
Queen,One Vision,,,,,,,,,,,,,,,,
Black Rebel Motorcycle Club,Suddenly,,,,,,,,,,,,,,,,
Apparat,Useless Information,,,,,,,,,,,,,,,,
Maroon 5,Shiver,,,,,,,,,,,,,,,,
The Rapture,Get Myself Into It,,,,,,,,,,,,,,,,
The Cinematic Orchestra,Child Song,,,,,,,,,,,,,,,,
Bloc Party,Biko,,,,,,,,,,,,,,,,
Ensiferum,Ferrum Aeternum,,,,,,,,,,,,,,,,
System Of A Down,Fuck The System,,,,,,,,,,,,,,,,
Funeral For A Friend,Roses For The Dead,,,,,,,,,,,,,,,,
Pink Floyd,Bring The Boys Back Home,,,,,,,,,,,,,,,,
Röyksopp,This Must Be It,,,,,,,,,,,,,,,,
Husky Rescue,New Light Of Tomorrow,,,,,,,,,,,,,,,,
Devendra Banhart,Heard Somebody Say,,,,,,,,,,,,,,,,
Buddy Holly,Dearest,,,,,,,,,,,,,,,,
The Chemical Brothers,No Path To Follow,,,,,,,,,,,,,,,,
Crystal Castles,Reckless,,,,,,,,,,,,,,,,
The National,Friend Of Mine,,,,,,,,,,,,,,,,
Within Temptation,Our Solemn Hour,,,,,,,,,,,,,,,,
Zero 7,In Time,,,,,,,,,,,,,,,,
Yo La Tengo,Little Eyes,,,,,,,,,,,,,,,,
The Prodigy,Run With The Wolves,,,,,,,,,,,,,,,,
Ladytron,True Mathematics,,,,,,,,,,,,,,,,
Red Hot Chili Peppers,Hard To Concentrate,,,,,,,,,,,,,,,,
Boards Of Canada,The Smallest Weird Number,,,,,,,,,,,,,,,,
Red Hot Chili Peppers,21St Century,,,,,,,,,,,,,,,,
Radiohead,Go To Sleep. (Little Man Being Erased.),,,,,,,,,,,,,,,,
Babyshambles,Unbilotitled,,,,,,,,,,,,,,,,
Fischerspooner,We Need A War,0.6,0.6,1.0,0.2,0.6,0.8,0.0,0.0,0.0,0.0,0.0,0.0,1.0,1.0,0.6,0.0
Kasabian,Last Trip (In Flight),,,,,,,,,,,,,,,,
Cocorosie,Candyland,,,,,,,,,,,,,,,,
Patrick Wolf,Demolition,,,,,,,,,,,,,,,,
U2,Zoo Station,,,,,,,,,,,,,,,,
The Beatles,Cry Baby Cry,,,,,,,,,,,,,,,,
Judas Priest,Turbo Lover,,,,,,,,,,,,,,,,
Beyoncé,Single Ladies (Put A Ring On It),,,,,,,,,,,,,,,,
Cat Power,Islands,,,,,,,,,,,,,,,,
The Kills,M.E.X.I.C.O.,,,,,,,,,,,,,,,,
New Order,Your Silent Face,,,,,,,,,,,,,,,,
Gabin,Sweet Sadness,,,,,,,,,,,,,,,,
Ac/Dc,Rock 'N' Roll Train,,,,,,,,,,,,,,,,
Bloc Party,Zephyrus,,,,,,,,,,,,,,,,
Yann Tiersen,Guilty,,,,,,,,,,,,,,,,
Billy Talent,Devil In A Midnight Mass,,,,,,,,,,,,,,,,
The Bravery,Public Service Announcement,,,,,,,,,,,,,,,,
Sonic Youth,Eric'S Trip,0.8,0.8,0.0,0.2,1.0,1.0,0.0,0.0,0.0,0.0,0.0,0.0,0.0,0.0,0.6,0.0
Tool,Crawl Away,,,,,,,,,,,,,,,,
Mando Diao,Cut The Rope,,,,,,,,,,,,,,,,
The Clash,Koka Kola,,,,,,,,,,,,,,,,
Bill Withers,Ain'T No Sunshine,,,,,,,,,,,,,,,,
Buzzcocks,Ever Fallen In Love (With Someone You Shouldn'T'Ve),1.0,0.8,0.0,0.0,1.0,0.8,0.0,0.0,0.0,0.0,0.0,0.0,0.0,0.0,0.8,0.0
Broken Social Scene,Mossbraker,,,,,,,,,,,,,,,,
Eurythmics,Sweet Dreams,,,,,,,,,,,,,,,,
Blondie,Rapture,,,,,,,,,,,,,,,,
Coheed And Cambria,The Suffering,,,,,,,,,,,,,,,,
Grandaddy,Now It'S On,,,,,,,,,,,,,,,,
Pink Floyd,Sorrow,,,,,,,,,,,,,,,,
A Tribe Called Quest,Electric Relaxation,,,,,,,,,,,,,,,,
Björk,Pluto,,,,,,,,,,,,,,,,
Kanye West,Bad News,,,,,,,,,,,,,,,,
Unkle,Hold My Hand,,,,,,,,,,,,,,,,
Pink Floyd,What Do You Want From Me,,,,,,,,,,,,,,,,
Morrissey,The Father Who Must Be Killed,,,,,,,,,,,,,,,,
System Of A Down,Bubbles,,,,,,,,,,,,,,,,
Zero 7,This Fine Social Scene,,,,,,,,,,,,,,,,
M.I.A.,Amazon,,,,,,,,,,,,,,,,
No Doubt,Ex-Girlfriend,,,,,,,,,,,,,,,,
Anton Maiden,Flight Of Icarus,,,,,,,,,,,,,,,,
Pendulum,Different,1.0,1.0,1.0,0.0,0.8,0.8,0.0,0.0,0.0,0.0,0.0,0.0,1.0,1.0,0.8,0.0
Maroon 5,Secret,0.8,0.4,0.2,0.6,0.6,0.4,0.0,0.0,0.0,0.0,0.0,0.0,0.6,0.4,0.8,0.0
The Futureheads,Robot,,,,,,,,,,,,,,,,
Deftones,Xerces,,,,,,,,,,,,,,,,
Linkin Park,In Between,,,,,,,,,,,,,,,,
Billy Bragg,A New England,,,,,,,,,,,,,,,,
Daft Punk,Around The World / Harder Better Faster Stronger,,,,,,,,,,,,,,,,
Beth Gibbons & Rustin Man,Mysteries,,,,,,,,,,,,,,,,
Anberlin,Paperthin Hymn,,,,,,,,,,,,,,,,
Rufus Wainwright,Natasha,,,,,,,,,,,,,,,,
The Automatic,Recover,,,,,,,,,,,,,,,,
Gang Of Four,I Found That Essence Rare,,,,,,,,,,,,,,,,
Kylie Minogue,Wow,,,,,,,,,,,,,,,,
Sleater-Kinney,The Fox,,,,,,,,,,,,,,,,
Rufus Wainwright,One Man Guy,,,,,,,,,,,,,,,,
Slayer,Reborn,,,,,,,,,,,,,,,,
Razorlight,Hold On,,,,,,,,,,,,,,,,
Robbie Williams,Rudebox,,,,,,,,,,,,,,,,
Razorlight,Kirby'S House,,,,,,,,,,,,,,,,
Opeth,Closure,,,,,,,,,,,,,,,,
Múm,Finally We Are No One,,,,,,,,,,,,,,,,
Gang Of Four,Ether,,,,,,,,,,,,,,,,
Lenny Kravitz,It Ain'T Over 'Til It'S Over,,,,,,,,,,,,,,,,
Rammstein,Mann Gegen Mann,,,,,,,,,,,,,,,,
Bob Dylan,Shelter From The Storm,,,,,,,,,,,,,,,,
Sigur Rós,Viorar Vel Til Loftarasa,,,,,,,,,,,,,,,,
Bauhaus,Dark Entries,,,,,,,,,,,,,,,,
Fall Out Boy,The (After) Life Of The Party,,,,,,,,,,,,,,,,
Amy Macdonald,L.A.,,,,,,,,,,,,,,,,
Stars,One More Night,,,,,,,,,,,,,,,,
Faith No More,From Out Of Nowhere,,,,,,,,,,,,,,,,
In Flames,Scream,1.0,1.0,0.0,0.0,1.0,1.0,0.0,0.0,0.0,0.0,0.0,0.0,0.0,0.0,1.0,0.0
Morrissey,November Spawned A Monster,,,,,,,,,,,,,,,,
Kasabian,Apnoea,,,,,,,,,,,,,,,,
Stereo Mcs,Connected,,,,,,,,,,,,,,,,
Neko Case,If You Knew,,,,,,,,,,,,,,,,
Emilíana Torrini,To Be Free,,,,,,,,,,,,,,,,
Dropkick Murphys,I'M Shipping Up To Boston,,,,,,,,,,,,,,,,
The Raconteurs,Call It A Day,,,,,,,,,,,,,,,,
Children Of Bodom,Bodom Beach Terror,,,,,,,,,,,,,,,,
The Blow,Parentheses,,,,,,,,,,,,,,,,
Dj Shadow,Fixed Income,,,,,,,,,,,,,,,,
The Chemical Brothers,Leave Home,,,,,,,,,,,,,,,,
Tv On The Radio,Dirtywhirl,,,,,,,,,,,,,,,,
Gwen Stefani,Rich Girl,,,,,,,,,,,,,,,,
Jackson And His Computer Band,Minidoux,,,,,,,,,,,,,,,,
Nena,99 Luftballons,,,,,,,,,,,,,,,,
In Flames,Swim,,,,,,,,,,,,,,,,
Róisín Murphy,Let Me Know,,,,,,,,,,,,,,,,
Tokyo Police Club,Cheer It On,,,,,,,,,,,,,,,,
Alice In Chains,I Stay Away,,,,,,,,,,,,,,,,
Nelly Furtado,In God'S Hands,,,,,,,,,,,,,,,,
Bloc Party,Better Than Heaven,,,,,,,,,,,,,,,,
The Blood Brothers,Love Rhymes With Hideous Car Wreck,,,,,,,,,,,,,,,,
Metallica,Hit The Lights,,,,,,,,,,,,,,,,
Bloc Party,Always New Depths,,,,,,,,,,,,,,,,
Jay-Z,99 Problems,1.0,0.8,0.2,0.4,0.6,0.4,0.0,0.0,0.0,0.0,0.0,0.0,0.0,0.0,0.6,0.0
Evanescence,Whisper,,,,,,,,,,,,,,,,
Dido,My Lover'S Gone,,,,,,,,,,,,,,,,
Tv On The Radio,King Eternal,,,,,,,,,,,,,,,,
Tv On The Radio,Family Tree,,,,,,,,,,,,,,,,
In Flames,Jester Script Transfigured,,,,,,,,,,,,,,,,
Ok Go,You'Re So Damn Hot,,,,,,,,,,,,,,,,
Hot Chip,Wrestlers,,,,,,,,,,,,,,,,
Dread Zeppelin,The Rain Song,,,,,,,,,,,,,,,,
Depeche Mode,Come Back,,,,,,,,,,,,,,,,
Lostprophets,Can'T Catch Tomorrow (Good Shoes Won'T Save You This Time),,,,,,,,,,,,,,,,
Sufjan Stevens,We Won'T Need Legs To Stand,,,,,,,,,,,,,,,,
Garbage,Shut Your Mouth,,,,,,,,,,,,,,,,
The Libertines,Campaign Of Hate,,,,,,,,,,,,,,,,
Yeah Yeah Yeahs,Hysteric,,,,,,,,,,,,,,,,
The Unicorns,Ghost Mountain,,,,,,,,,,,,,,,,
Red Hot Chili Peppers,I Could Die For You,,,,,,,,,,,,,,,,
The Monkees,I'M A Believer,,,,,,,,,,,,,,,,
Hot Chip,Made In The Dark,,,,,,,,,,,,,,,,
Nouvelle Vague,Don'T Go,,,,,,,,,,,,,,,,
The New Brubeck Quartet,Take Five,,,,,,,,,,,,,,,,
Metric,The Twist,0.8,0.6,0.0,0.4,0.8,0.6,0.0,0.0,0.0,0.0,0.0,0.0,0.8,0.8,0.8,0.0
Iron & Wine,My Lady'S House,,,,,,,,,,,,,,,,
Iron & Wine,Promising Light,,,,,,,,,,,,,,,,
Dragonforce,Through The Fire And Flames,,,,,,,,,,,,,,,,
Children Of Bodom,Everytime I Die,,,,,,,,,,,,,,,,
Black Kids,I Wanna Be Your Limousine,,,,,,,,,,,,,,,,
Kasabian,Pinch Roller,,,,,,,,,,,,,,,,
The Cribs,Hey Scenesters!,,,,,,,,,,,,,,,,
Pendulum,Visions,,,,,,,,,,,,,,,,
Snow Patrol,The Finish Line,,,,,,,,,,,,,,,,
Queen,Play The Game,,,,,,,,,,,,,,,,
Paramore,When It Rains,,,,,,,,,,,,,,,,
The Kinks,Victoria,,,,,,,,,,,,,,,,
Dread Zeppelin,Out On The Tiles,,,,,,,,,,,,,,,,
The Stone Roses,Elizabeth My Dear,,,,,,,,,,,,,,,,
Dirty Pretty Things,The Gentry Cove,,,,,,,,,,,,,,,,
T.A.T.U.,All About Us,,,,,,,,,,,,,,,,
Tori Amos,Girl,,,,,,,,,,,,,,,,
N.E.R.D.,She Wants To Move,,,,,,,,,,,,,,,,
Yann Tiersen,La Valse D'Amélie (Version Orchestre),,,,,,,,,,,,,,,,
Nick Cave & The Bad Seeds,Stagger Lee,,,,,,,,,,,,,,,,
A.C. Newman,The Battle For Straight Time,,,,,,,,,,,,,,,,
Madonna,Candy Shop,,,,,,,,,,,,,,,,
Pj Harvey,The Piano,,,,,,,,,,,,,,,,
Wire,The 15Th,,,,,,,,,,,,,,,,
The White Stripes,You'Re Pretty Good Looking (For A Girl),,,,,,,,,,,,,,,,
Bonnie Somerville,Winding Road,,,,,,,,,,,,,,,,
Robbie Williams,Come Undone,,,,,,,,,,,,,,,,
Psapp,Cosy In The Rocket,,,,,,,,,,,,,,,,
Ministry,Jesus Built My Hotrod,,,,,,,,,,,,,,,,
Cat Power,Names,,,,,,,,,,,,,,,,
The Streets,Blinded By The Lights,,,,,,,,,,,,,,,,
Bloc Party,Staying Fat,,,,,,,,,,,,,,,,
Beck,Minus,,,,,,,,,,,,,,,,
Travis,Turn,,,,,,,,,,,,,,,,
Rilo Kiley,With Arms Outstretched,,,,,,,,,,,,,,,,
Nightwish,Master Passion Greed,,,,,,,,,,,,,,,,
Asobi Seksu,Lions And Tigers,,,,,,,,,,,,,,,,
Morrissey,The Last Of The Famous International Playboys,,,,,,,,,,,,,,,,
Led Zeppelin,Four Sticks,,,,,,,,,,,,,,,,
Nick Drake,Know,,,,,,,,,,,,,,,,
Jamiroquai,You Give Me Something,,,,,,,,,,,,,,,,
Onerepublic,Mercy,,,,,,,,,,,,,,,,
The Futureheads,Danger Of The Water,,,,,,,,,,,,,,,,
Cat Stevens,Father And Son,,,,,,,,,,,,,,,,
Cansei De Ser Sexy,Let'S Make Love And Listen Death From Above,,,,,,,,,,,,,,,,
Depeche Mode,In Chains,,,,,,,,,,,,,,,,
Beth Gibbons & Rustin Man,Tom The Model,,,,,,,,,,,,,,,,
The Beatles,Birthday,,,,,,,,,,,,,,,,
Paramore,We Are Broken,,,,,,,,,,,,,,,,
Incubus,Warning,,,,,,,,,,,,,,,,
Simian Mobile Disco,Sleep Deprivation,,,,,,,,,,,,,,,,
The Chemical Brothers,Song To The Siren,,,,,,,,,,,,,,,,
Wilco,I'M Always In Love,,,,,,,,,,,,,,,,
A Perfect Circle,Breña,,,,,,,,,,,,,,,,
Pj Harvey,Snake,,,,,,,,,,,,,,,,
Beck,Broken Drum,,,,,,,,,,,,,,,,
Joanna Newsom,Monkey & Bear,,,,,,,,,,,,,,,,
The Verve,Rather Be,,,,,,,,,,,,,,,,
Black Sabbath,The Wizard,,,,,,,,,,,,,,,,
Okkervil River,Black,,,,,,,,,,,,,,,,
Depeche Mode,Blue Dress,,,,,,,,,,,,,,,,
Radiohead,I Will. (No Man'S Land.),,,,,,,,,,,,,,,,
Judas Priest,Electric Eye,,,,,,,,,,,,,,,,
Mötley Crüe,Wild Side,,,,,,,,,,,,,,,,
Nick Drake,Fruit Tree,,,,,,,,,,,,,,,,
Hot Chip,The Beach Party,,,,,,,,,,,,,,,,
Pearl Jam,Life Wasted,,,,,,,,,,,,,,,,
Black Sabbath,Black Sabbath,,,,,,,,,,,,,,,,
Amy Macdonald,Let'S Start A Band,,,,,,,,,,,,,,,,
Queens Of The Stone Age,The Blood Is Love,,,,,,,,,,,,,,,,
Pixies,Ana,,,,,,,,,,,,,,,,
Lcd Soundsystem,Sound Of Silver,,,,,,,,,,,,,,,,
Foo Fighters,Come Alive,,,,,,,,,,,,,,,,
Metallica,Jump In The Fire,,,,,,,,,,,,,,,,
James Blunt,No Bravery,,,,,,,,,,,,,,,,
The Smashing Pumpkins,To Forgive,,,,,,,,,,,,,,,,
The Offspring,(Can'T Get My) Head Around You,,,,,,,,,,,,,,,,
Jack Johnson,Constellations,,,,,,,,,,,,,,,,
The Flaming Lips,Mr. Ambulance Driver,,,,,,,,,,,,,,,,
Pink Floyd,Goodbye Cruel World,,,,,,,,,,,,,,,,
Deep Purple,Burn,,,,,,,,,,,,,,,,
Zero 7,Seeing Things,,,,,,,,,,,,,,,,
Fever Ray,If I Had A Heart,,,,,,,,,,,,,,,,
Yelle,Je Veux Te Voir,,,,,,,,,,,,,,,,
Uverworld,D-Tecnolife,,,,,,,,,,,,,,,,
Mastodon,I Am Ahab,,,,,,,,,,,,,,,,
Mogwai,I Do Have Weapons,,,,,,,,,,,,,,,,
Beck,Devil'S Haircut,,,,,,,,,,,,,,,,
Aqualung,Easier To Lie,,,,,,,,,,,,,,,,
Michael Bublé,Feeling Good,,,,,,,,,,,,,,,,
Four Tet,My Angel Rocks Back And Forth,,,,,,,,,,,,,,,,
Sunset Rubdown,Stadiums And Shrines Ii,,,,,,,,,,,,,,,,
Air,Cemetary Party,,,,,,,,,,,,,,,,
Animal Collective,Loch Raven,,,,,,,,,,,,,,,,
Mew,Symmetry,,,,,,,,,,,,,,,,
The Cardigans,Carnival,,,,,,,,,,,,,,,,
Razorlight,Rip It Up,,,,,,,,,,,,,,,,
Within Temptation,Frozen,,,,,,,,,,,,,,,,
Pixies,Down To The Well,,,,,,,,,,,,,,,,
Auf Der Maur,Followed The Waves,,,,,,,,,,,,,,,,
The Format,On Your Porch,,,,,,,,,,,,,,,,
Tori Amos,Caught A Lite Sneeze,,,,,,,,,,,,,,,,
Tori Amos,Digital Ghost,,,,,,,,,,,,,,,,
Rufus Wainwright,I Don'T Know What It Is,,,,,,,,,,,,,,,,
Fiona Apple,The Child Is Gone,,,,,,,,,,,,,,,,
Modest Mouse,Lives,,,,,,,,,,,,,,,,
Belle And Sebastian,If You Find Yourself Caught In Love,,,,,,,,,,,,,,,,
Within Temptation,Memories,,,,,,,,,,,,,,,,
Siouxsie And The Banshees,Cities In Dust,,,,,,,,,,,,,,,,
Pantera,Psycho Holiday,,,,,,,,,,,,,,,,
Deftones,Rapture,,,,,,,,,,,,,,,,
Pavement,In The Mouth A Desert,,,,,,,,,,,,,,,,
Mando Diao,Motown Blood,,,,,,,,,,,,,,,,
Wu-Tang Clan,Shame On A Nigga,,,,,,,,,,,,,,,,
Sentenced,Vengeance Is Mine,,,,,,,,,,,,,,,,
Ramones,I Wanna Be Your Boyfriend,,,,,,,,,,,,,,,,
Explosions In The Sky,Have You Passed Through This Night?,,,,,,,,,,,,,,,,
Nightwish,Walking In The Air,,,,,,,,,,,,,,,,
Nightwish,Sleeping Sun,,,,,,,,,,,,,,,,
Asobi Seksu,Exotic Animal Paradise,,,,,,,,,,,,,,,,
Deerhunter,Strange Lights,,,,,,,,,,,,,,,,
The B-52'S,Rock Lobster,,,,,,,,,,,,,,,,
Wilco,A Shot In The Arm,,,,,,,,,,,,,,,,
Coolio,Gangsta'S Paradise,,,,,,,,,,,,,,,,
Soda Stereo,Prófugos,,,,,,,,,,,,,,,,
Belle And Sebastian,I Don'T Love Anyone,,,,,,,,,,,,,,,,
New Young Pony Club,Get Dancey,,,,,,,,,,,,,,,,
Art Brut,Bad Weekend,,,,,,,,,,,,,,,,
The Velvet Underground,Sweet Jane,,,,,,,,,,,,,,,,
Morrissey,I'Ll Never Be Anybody'S Hero Now,,,,,,,,,,,,,,,,
The Velvet Underground,Stephanie Says,,,,,,,,,,,,,,,,
Pavement,Gold Soundz,,,,,,,,,,,,,,,,
Shakira,Don'T Bother,1.0,0.8,0.2,0.4,1.0,0.8,0.2,0.0,0.0,0.0,0.0,0.0,0.4,0.4,1.0,0.0
Violent Femmes,Kiss Off,,,,,,,,,,,,,,,,
Tool,Swamp Song,,,,,,,,,,,,,,,,
Jamiroquai,Space Cowboy,,,,,,,,,,,,,,,,
The Smashing Pumpkins,Landslide,,,,,,,,,,,,,,,,
Daft Punk,Teachers,,,,,,,,,,,,,,,,
The Cinematic Orchestra,Familiar Ground,,,,,,,,,,,,,,,,
The Dresden Dolls,672,,,,,,,,,,,,,,,,
Björk,Aurora,,,,,,,,,,,,,,,,
Emilíana Torrini,Sunnyroad,,,,,,,,,,,,,,,,
Cocorosie,Japan,,,,,,,,,,,,,,,,
The Chemical Brothers,Setting Sun,,,,,,,,,,,,,,,,
Nightwish,Bless The Child,,,,,,,,,,,,,,,,
Poets Of The Fall,Carnival Of Rust,,,,,,,,,,,,,,,,
Amy Winehouse,Me & Mr. Jones,,,,,,,,,,,,,,,,
Radiohead,The Trickster,,,,,,,,,,,,,,,,
Jamiroquai,Little L,,,,,,,,,,,,,,,,
David Bowie,Diamond Dogs,,,,,,,,,,,,,,,,
The View,Same Jeans,,,,,,,,,,,,,,,,
Jenny Lewis With The Watson Twins,Handle With Care,,,,,,,,,,,,,,,,
Slayer,Postmortem,,,,,,,,,,,,,,,,
Foals,Red Sock Pugie,1.0,0.6,0.0,0.4,0.8,0.6,0.0,0.0,0.0,0.0,0.0,0.0,0.6,0.4,0.8,0.0
Slayer,Criminally Insane,,,,,,,,,,,,,,,,
The Chemical Brothers,The Salmon Dance,,,,,,,,,,,,,,,,
Pearl Jam,Parachutes,,,,,,,,,,,,,,,,
The Smashing Pumpkins,Once Upon A Time,,,,,,,,,,,,,,,,
In Flames,Free Fall,1.0,1.0,0.0,0.2,1.0,1.0,0.0,0.0,0.0,0.0,0.0,0.0,0.2,0.4,1.0,0.0
Beck,Guess I'M Doing Fine,,,,,,,,,,,,,,,,
The Chemical Brothers,We Are The Night,,,,,,,,,,,,,,,,
In Flames,Dismiss The Cynics,,,,,,,,,,,,,,,,
Lcd Soundsystem,Never As Tired As When I'M Waking Up,,,,,,,,,,,,,,,,
Mew,Comforting Sounds,,,,,,,,,,,,,,,,
Chemistry,伝説の草原,,,,,,,,,,,,,,,,
Electric Light Orchestra Part Ii,Evil Woman,,,,,,,,,,,,,,,,
Delerium,Silence,,,,,,,,,,,,,,,,
Sunset Rubdown,Us Ones In Between,,,,,,,,,,,,,,,,
Patrick Wolf,The Railway House,,,,,,,,,,,,,,,,
The Thrills,Big Sur,,,,,,,,,,,,,,,,
Mika,Relax (Take It Easy),,,,,,,,,,,,,,,,
Nightwish,Dark Chest Of Wonders,,,,,,,,,,,,,,,,
Kasabian,Stuntman,,,,,,,,,,,,,,,,
The Unicorns,Sea Ghost,,,,,,,,,,,,,,,,
Kanye West,Gold Digger,,,,,,,,,,,,,,,,
Sublime,Badfish,,,,,,,,,,,,,,,,
Pavement,Here,,,,,,,,,,,,,,,,
Foals,Tron,,,,,,,,,,,,,,,,
The Fratellis,Doginabag,,,,,,,,,,,,,,,,
Digitalism,The Pulse,,,,,,,,,,,,,,,,
Incubus,Sick Sad Little World,,,,,,,,,,,,,,,,
The Flaming Lips,Yeah Yeah Yeah Song,,,,,,,,,,,,,,,,
Rufus Wainwright,The Art Teacher,,,,,,,,,,,,,,,,
Mana,Clavado En Un Bar,,,,,,,,,,,,,,,,
No Doubt,Underneath It All,,,,,,,,,,,,,,,,
Kanye West,Touch The Sky (Feat. Lupe Fiasco),,,,,,,,,,,,,,,,
The All-American Rejects,Top Of The World,,,,,,,,,,,,,,,,
The Stills,Changes Are No Good,,,,,,,,,,,,,,,,
Suede,Metal Mickey,,,,,,,,,,,,,,,,
Manic Street Preachers,Autumnsong,,,,,,,,,,,,,,,,
Red Hot Chili Peppers,Higher Ground,,,,,,,,,,,,,,,,
Red Hot Chili Peppers,Funky Monks,,,,,,,,,,,,,,,,
Nightwish,She Is My Sin,,,,,,,,,,,,,,,,
Megadeth,Hangar 18,,,,,,,,,,,,,,,,
The Beatles,The End,,,,,,,,,,,,,,,,
Bruce Dickinson,Tears Of The Dragon,0.8,0.6,0.0,0.4,0.8,0.6,0.8,0.4,0.0,0.2,0.0,0.0,0.0,0.0,0.8,0.0
King Crimson,Epitaph,,,,,,,,,,,,,,,,
Bomfunk Mc'S,Freestyler,,,,,,,,,,,,,,,,
Ac/Dc,Rock And Roll Ain'T Noise Pollution,,,,,,,,,,,,,,,,
Brand New,I Will Play My Game Beneath The Spin Light,,,,,,,,,,,,,,,,
Yeah Yeah Yeahs,Rockers To Swallow,,,,,,,,,,,,,,,,
Rage Against The Machine,Snakecharmer,,,,,,,,,,,,,,,,
Massive Attack,Special Cases,,,,,,,,,,,,,,,,
鈴村健一,Primal Innocence,,,,,,,,,,,,,,,,
Counting Crows,Omaha,,,,,,,,,,,,,,,,
Adele,Cold Shoulder,,,,,,,,,,,,,,,,
The Radio Dept.,It'S Personal,,,,,,,,,,,,,,,,
This Will Destroy You,Grandfather Clock,,,,,,,,,,,,,,,,
The Killers,The Ballad Of Michael Valentine,,,,,,,,,,,,,,,,
Camera Obscura,Suspended From Class,,,,,,,,,,,,,,,,
Eddie Vedder,Tuolumne,,,,,,,,,,,,,,,,
Matchbox Twenty,How Far We'Ve Come,,,,,,,,,,,,,,,,
Múm,The Ballad Of The Broken Birdie Records,,,,,,,,,,,,,,,,
Goldfrapp,Some People,,,,,,,,,,,,,,,,
Alice In Chains,No Excuses,,,,,,,,,,,,,,,,
Cocorosie,Promise,,,,,,,,,,,,,,,,
Opeth,Dirge For November,,,,,,,,,,,,,,,,
Soilwork,Distance,,,,,,,,,,,,,,,,
30 Seconds To Mars,End Of The Beginning,,,,,,,,,,,,,,,,
Alice In Chains,Rain When I Die,1.0,0.8,0.0,0.0,1.0,1.0,0.0,0.0,0.0,0.0,0.0,0.0,0.0,0.0,1.0,0.0
Paramore,Born For This,,,,,,,,,,,,,,,,
The Libertines,The Boy Looked At Johnny,,,,,,,,,,,,,,,,
The Cribs,Mirror Kissers,,,,,,,,,,,,,,,,
Moby,One Of These Mornings,,,,,,,,,,,,,,,,
Pixies,There Goes My Gun,,,,,,,,,,,,,,,,
Bloc Party,Banquet (Phones Disco Edit),,,,,,,,,,,,,,,,
Sufjan Stevens,Tahquamenon Falls,,,,,,,,,,,,,,,,
Neko Case,Things That Scare Me,,,,,,,,,,,,,,,,
Mark Ronson,Valerie (Feat. Amy Winehouse),,,,,,,,,,,,,,,,
Deerhunter,Cryptograms,,,,,,,,,,,,,,,,
Cocteau Twins,Fifty-Fifty Clown,,,,,,,,,,,,,,,,
Maroon 5,Tangled,,,,,,,,,,,,,,,,
Cocteau Twins,Heaven Or Las Vegas,,,,,,,,,,,,,,,,
Black Rebel Motorcycle Club,Us Government,,,,,,,,,,,,,,,,
Cut Copy,Saturdays (Reprise),,,,,,,,,,,,,,,,
System Of A Down,Boom!,,,,,,,,,,,,,,,,
Midnight Juggernauts,Tombstone,,,,,,,,,,,,,,,,
Sufjan Stevens,Sister,,,,,,,,,,,,,,,,
Live,Lightning Crashes,,,,,,,,,,,,,,,,
The Cure,A Night Like This,,,,,,,,,,,,,,,,
Architecture In Helsinki,Debbie,,,,,,,,,,,,,,,,
Queens Of The Stone Age,How To Handle A Rope,,,,,,,,,,,,,,,,
Underworld,Cowgirl,,,,,,,,,,,,,,,,
Apparat,Limelight,,,,,,,,,,,,,,,,
Metric,On The Sly,,,,,,,,,,,,,,,,
Bikini Kill,Rebel Girl,,,,,,,,,,,,,,,,
Arch Enemy,Nemesis,,,,,,,,,,,,,,,,
Deftones,Mein,,,,,,,,,,,,,,,,
Fiona Apple,Better Version Of Me,,,,,,,,,,,,,,,,
Nick Drake,Bryter Layter,,,,,,,,,,,,,,,,
Judas Priest,Painkiller,,,,,,,,,,,,,,,,
Bangles,Eternal Flame,,,,,,,,,,,,,,,,
Red Hot Chili Peppers,Warlocks,,,,,,,,,,,,,,,,
The Strokes,What Ever Happened,,,,,,,,,,,,,,,,
Kling Klang,Rocker,,,,,,,,,,,,,,,,
Hercules And Love Affair,Iris,,,,,,,,,,,,,,,,
Oasis,Love Like A Bomb,,,,,,,,,,,,,,,,
Jack Johnson,Dreams Be Dreams,,,,,,,,,,,,,,,,
Placebo,20Th Century Boy,,,,,,,,,,,,,,,,
The Chameleons,Up The Down Escalator,,,,,,,,,,,,,,,,
Air,Radian,,,,,,,,,,,,,,,,
Deftones,Street Carp,,,,,,,,,,,,,,,,
Sonic Youth,'Cross The Breeze,1.0,0.8,0.0,0.0,1.0,1.0,0.0,0.0,0.0,0.0,0.0,0.0,0.0,0.0,0.8,0.0
Art Brut,Rusted Guns Of Milan,,,,,,,,,,,,,,,,
Boards Of Canada,Smokes Quantity,,,,,,,,,,,,,,,,
Metallica,Eye Of The Beholder,,,,,,,,,,,,,,,,
Felix Da Housecat,Silver Screen Shower Scene,,,,,,,,,,,,,,,,
Rilo Kiley,Capturing Moods,,,,,,,,,,,,,,,,
Hot Chip,Touch Too Much,,,,,,,,,,,,,,,,
Iron Maiden,Be Quick Or Be Dead,,,,,,,,,,,,,,,,
The Whitest Boy Alive,Fireworks,,,,,,,,,,,,,,,,
Black Sabbath,Sweet Leaf,,,,,,,,,,,,,,,,
Pixies,All Over The World,,,,,,,,,,,,,,,,
The Duke Spirit,Lassoo,,,,,,,,,,,,,,,,
Ramones,Rock 'N' Roll High School,,,,,,,,,,,,,,,,
The Presets,This Boy'S In Love,,,,,,,,,,,,,,,,
Blur,Tracy Jacks,,,,,,,,,,,,,,,,
Aimee Mann,Save Me,,,,,,,,,,,,,,,,
Nightwish,Whoever Brings The Night,,,,,,,,,,,,,,,,
Pink Floyd,Don'T Leave Me Now,,,,,,,,,,,,,,,,
Abba,The Winner Takes It All,,,,,,,,,,,,,,,,
Guns N' Roses,So Fine,,,,,,,,,,,,,,,,
Of Montreal,Lysergic Bliss,,,,,,,,,,,,,,,,
Tilly And The Wall,Fell Down The Stairs,,,,,,,,,,,,,,,,
Led Zeppelin Jam,How Many More Times,,,,,,,,,,,,,,,,
The Dandy Warhols,You Were The Last High,,,,,,,,,,,,,,,,
Blonde Redhead,Doll Is Mine,,,,,,,,,,,,,,,,
Pink Floyd,Lucifer Sam,,,,,,,,,,,,,,,,
Spoon,They Never Got You,,,,,,,,,,,,,,,,
Bangles,Walk Like An Egyptian,,,,,,,,,,,,,,,,
Deathstars,Tongues,,,,,,,,,,,,,,,,
Red Hot Chili Peppers,Readymade,,,,,,,,,,,,,,,,
M83,Birds,,,,,,,,,,,,,,,,
Ensiferum,Iron,,,,,,,,,,,,,,,,
Veruca Salt,Volcano Girls,,,,,,,,,,,,,,,,
Corinne Bailey Rae,Trouble Sleeping,,,,,,,,,,,,,,,,
Red Hot Chili Peppers,This Is The Place,,,,,,,,,,,,,,,,
The White Stripes,Little Acorns,,,,,,,,,,,,,,,,
The New Pornographers,All For Swinging You Around,,,,,,,,,,,,,,,,
My Bloody Valentine,Soft As Snow (But Warm Inside),,,,,,,,,,,,,,,,
She Wants Revenge,I Don'T Want To Fall In Love,,,,,,,,,,,,,,,,
The Beatles,Baby You'Re A Rich Man,,,,,,,,,,,,,,,,
The Hold Steady,Chips Ahoy!,,,,,,,,,,,,,,,,
The Gathering,Strange Machines,,,,,,,,,,,,,,,,
Julie London,Cry Me A River,,,,,,,,,,,,,,,,
Islands,Humans,,,,,,,,,,,,,,,,
The Jam,Town Called Malice,,,,,,,,,,,,,,,,
The Offspring,Self Esteem,,,,,,,,,,,,,,,,
System Of A Down,Know,,,,,,,,,,,,,,,,
Aphex Twin,We Are The Music Makers,,,,,,,,,,,,,,,,
Sigur Rós,Untitled #1,,,,,,,,,,,,,,,,
M83,Highway Of Endless Dreams,,,,,,,,,,,,,,,,
Cake,Friend Is A Four Letter Word,,,,,,,,,,,,,,,,
System Of A Down,Tentative,,,,,,,,,,,,,,,,
Prince,Raspberry Beret,,,,,,,,,,,,,,,,
System Of A Down,War?,,,,,,,,,,,,,,,,
Beck,Everybody'S Gotta Learn Sometimes,,,,,,,,,,,,,,,,
Bright Eyes,If The Brakeman Turns My Way,,,,,,,,,,,,,,,,
Tenacious D,Master Exploder,,,,,,,,,,,,,,,,
The Cranberries,Ridiculous Thoughts,,,,,,,,,,,,,,,,
Ladytron,Runaway,,,,,,,,,,,,,,,,
Nine Inch Nails,La Mer,,,,,,,,,,,,,,,,
Calvin Harris,The Girls,,,,,,,,,,,,,,,,
Shakira,Las De La Intuición,,,,,,,,,,,,,,,,
Audioslave,The Last Remaining Light,,,,,,,,,,,,,,,,
Modest Mouse,Invisible,,,,,,,,,,,,,,,,
Cky,96 Quite Bitter Beings,,,,,,,,,,,,,,,,
The Postal Service,There'S Never Enough Time,0.4,0.2,1.0,0.2,0.2,0.0,0.0,0.0,0.0,0.0,0.0,0.0,1.0,0.6,0.2,0.0
Bright Eyes,I Believe In Symmetry,0.8,0.6,0.0,0.4,0.6,0.4,0.4,0.2,0.0,0.6,0.0,0.0,0.4,0.2,0.8,0.0
Queens Of The Stone Age,Tension Head,,,,,,,,,,,,,,,,
Queens Of The Stone Age,Walkin' On The Sidewalks,,,,,,,,,,,,,,,,
The Futureheads,Carnival Kids,,,,,,,,,,,,,,,,
The Doors,Spanish Caravan,,,,,,,,,,,,,,,,
Melanie C,Better Alone,,,,,,,,,,,,,,,,
The Doors,Waiting For The Sun,,,,,,,,,,,,,,,,
I Monster,Daydream In Blue,,,,,,,,,,,,,,,,
The Smashing Pumpkins,Jellybelly,,,,,,,,,,,,,,,,
Bauhaus,Double Dare,,,,,,,,,,,,,,,,
Fleetwood Mac,Rhiannon,,,,,,,,,,,,,,,,
Air,Don'T Be Light,,,,,,,,,,,,,,,,
Gossip,Listen Up!,,,,,,,,,,,,,,,,
Zz Top,I Need You Tonight,,,,,,,,,,,,,,,,
Jimmy Eat World,The Authority Song,,,,,,,,,,,,,,,,
The Rapture,Don Gon Do It,,,,,,,,,,,,,,,,
Hard-Fi,Better Do Better,,,,,,,,,,,,,,,,
Muse,In Your World,,,,,,,,,,,,,,,,
The Kooks,Gap,,,,,,,,,,,,,,,,
The Rapture,House Of Jealous Lovers,,,,,,,,,,,,,,,,
Hercules And Love Affair,Raise Me Up,,,,,,,,,,,,,,,,
Belle And Sebastian,For The Price Of A Cup Of Tea,,,,,,,,,,,,,,,,
Jack Johnson,Cupid,,,,,,,,,,,,,,,,
Beck,Go It Alone,,,,,,,,,,,,,,,,
Kings Of Convenience,Singing Softly To Me,,,,,,,,,,,,,,,,
Queens Of The Stone Age,Mexicola,,,,,,,,,,,,,,,,
The Gathering,In Motion Part Ii,,,,,,,,,,,,,,,,
The Album Leaf,Window,,,,,,,,,,,,,,,,
Sex Pistols,No Feelings,,,,,,,,,,,,,,,,
Ac/Dc,Whole Lotta Rosie,,,,,,,,,,,,,,,,
Opeth,The Leper Affinity,,,,,,,,,,,,,,,,
Kings Of Leon,Happy Alone,,,,,,,,,,,,,,,,
Rammstein,Spring,,,,,,,,,,,,,,,,
Black Sabbath,Snowblind,,,,,,,,,,,,,,,,
Joy Division,Exercise One,,,,,,,,,,,,,,,,
Rammstein,Sehnsucht,,,,,,,,,,,,,,,,
The Stone Roses,Sally Cinnamon,,,,,,,,,,,,,,,,
Rise Against,Prayer Of The Refugee,,,,,,,,,,,,,,,,
Rammstein,Te Quiero Puta!,,,,,,,,,,,,,,,,
Anathema,Inner Silence,,,,,,,,,,,,,,,,
Moby,Dream About Me,,,,,,,,,,,,,,,,
Brand New,The Boy Who Blocked His Own Shot,,,,,,,,,,,,,,,,
Cocorosie,Raphael,,,,,,,,,,,,,,,,
Metallica,Disposable Heroes,,,,,,,,,,,,,,,,
Έλενα Παπαρίζου,Gigolo,,,,,,,,,,,,,,,,
Lcd Soundsystem,Losing My Edge,,,,,,,,,,,,,,,,
Patrick Wolf,Prelude,0.0,0.0,0.0,0.0,0.0,0.0,0.0,1.0,0.0,0.6,0.0,0.0,0.0,0.0,0.0,0.0
Cat Power,New York,,,,,,,,,,,,,,,,
The All-American Rejects,Stab My Back,,,,,,,,,,,,,,,,
The Cure,The Hanging Garden,,,,,,,,,,,,,,,,
The All-American Rejects,Change Your Mind,,,,,,,,,,,,,,,,
Islands,If,,,,,,,,,,,,,,,,
Autolux,Sugarless,,,,,,,,,,,,,,,,
Lady Gaga,Money Honey,,,,,,,,,,,,,,,,
Coheed And Cambria,Blood Red Summer,,,,,,,,,,,,,,,,
Haddaway,What Is Love,,,,,,,,,,,,,,,,
Death Cab For Cutie,Bend To Squares,,,,,,,,,,,,,,,,
The Cure,Closedown,,,,,,,,,,,,,,,,
Maroon 5,Not Falling Apart,,,,,,,,,,,,,,,,
Depeche Mode,Perfect,,,,,,,,,,,,,,,,
Something Corporate,I Woke Up In A Car,,,,,,,,,,,,,,,,
Wilco,Wishful Thinking,,,,,,,,,,,,,,,,
The Bravery,Out Of Line,,,,,,,,,,,,,,,,
Deerhoof,The Perfect Me,,,,,,,,,,,,,,,,
Snow Patrol,Same,,,,,,,,,,,,,,,,
The Rapture,I Need Your Love,,,,,,,,,,,,,,,,
The Smiths,Back To The Old House,,,,,,,,,,,,,,,,
Suede,So Young,,,,,,,,,,,,,,,,
Moby,Disco Lies,,,,,,,,,,,,,,,,
The Notwist,One With The Freaks,,,,,,,,,,,,,,,,
Lcd Soundsystem,On Repeat,,,,,,,,,,,,,,,,
Nick Cave & The Bad Seeds,The Mercy Seat,1.0,0.8,0.0,0.4,0.6,0.4,0.0,0.2,0.0,0.4,0.6,0.0,0.0,0.0,0.8,0.0
Lostprophets,A Town Called Hypocrisy,,,,,,,,,,,,,,,,
Audioslave,Dandelion,,,,,,,,,,,,,,,,
Islands,Volcanoes,,,,,,,,,,,,,,,,
Pixies,Holiday Song,,,,,,,,,,,,,,,,
Tv On The Radio,Ambulance,,,,,,,,,,,,,,,,
Islands,Swans (Life After Death),,,,,,,,,,,,,,,,
A Perfect Circle,Crimes,,,,,,,,,,,,,,,,
Queens Of The Stone Age,Suture Up Your Future,,,,,,,,,,,,,,,,
Opeth,Deliverance,,,,,,,,,,,,,,,,
Jamiroquai,(Don'T) Give Hate A Chance,,,,,,,,,,,,,,,,
Jamiroquai,Corner Of The Earth,,,,,,,,,,,,,,,,
The Pipettes,Why Did You Stay?,,,,,,,,,,,,,,,,
Turbonegro,The Age Of Pamparius,,,,,,,,,,,,,,,,
Ac/Dc,What Do You Do For Money Honey,,,,,,,,,,,,,,,,
Within Temptation,Restless,,,,,,,,,,,,,,,,
Marvin Gaye,Let'S Get It On,,,,,,,,,,,,,,,,
The Beatles,Piggies,,,,,,,,,,,,,,,,
Editors,Push Your Head Towards The Air,,,,,,,,,,,,,,,,
Caribou,Bees,,,,,,,,,,,,,,,,
Explosions In The Sky,It'S Natural To Be Afraid,,,,,,,,,,,,,,,,
Matchbox Twenty,Bent,,,,,,,,,,,,,,,,
Linkin Park,No More Sorrow,,,,,,,,,,,,,,,,
Ac/Dc,Dirty Deeds Done Dirt Cheap,,,,,,,,,,,,,,,,
Tori Amos,Jackie'S Strength,,,,,,,,,,,,,,,,
The Duke Spirit,You Really Wake Up The Love In Me,,,,,,,,,,,,,,,,
The Magnetic Fields,The Luckiest Guy On The Lower East Side,,,,,,,,,,,,,,,,
Ladytron,Cracked Lcd,,,,,,,,,,,,,,,,
The Last Shadow Puppets,Separate And Ever Deadly,,,,,,,,,,,,,,,,
Queens Of The Stone Age,Mosquito Song,,,,,,,,,,,,,,,,
Television,Friction,,,,,,,,,,,,,,,,
The Replacements,I Will Dare,,,,,,,,,,,,,,,,
Black Kids,Partie Traumatic,,,,,,,,,,,,,,,,
The Rasmus,In The Shadows,,,,,,,,,,,,,,,,
Black Flag,Tv Party,,,,,,,,,,,,,,,,
Dread Zeppelin,Black Mountain Side,,,,,,,,,,,,,,,,
Razorlight,Who Needs Love?,0.8,0.6,0.0,0.4,1.0,0.6,0.0,0.0,0.0,0.0,0.0,0.0,0.0,0.0,0.8,0.0
Art Brut,Bang Bang Rock And Roll,,,,,,,,,,,,,,,,
Dead Kennedys,Let'S Lynch The Landlord,,,,,,,,,,,,,,,,
Deerhunter,Little Kids,,,,,,,,,,,,,,,,
Metallica,Don'T Tread On Me,,,,,,,,,,,,,,,,
Jamiroquai,Deeper Underground,,,,,,,,,,,,,,,,
Fischerspooner,Cloud,,,,,,,,,,,,,,,,
New Order,The Perfect Kiss,,,,,,,,,,,,,,,,
Say Anything,Alive With The Glory Of Love,,,,,,,,,,,,,,,,
Beck,No Complaints,,,,,,,,,,,,,,,,
Amy Macdonald,Youth Of Today,,,,,,,,,,,,,,,,
Explosions In The Sky,Greet Death,,,,,,,,,,,,,,,,
Ladytron,I'M Not Scared,,,,,,,,,,,,,,,,
The Presets,My People,,,,,,,,,,,,,,,,
Ramones,Teenage Lobotomy,,,,,,,,,,,,,,,,
Nirvana,Negative Creep,,,,,,,,,,,,,,,,
Lykke Li,Breaking It Up,,,,,,,,,,,,,,,,
Buzzcocks,Harmony In My Head,,,,,,,,,,,,,,,,
The Unicorns,The Clap,,,,,,,,,,,,,,,,
Justice Vs. Simian,We Are Your Friends,,,,,,,,,,,,,,,,
Feist,My Moon My Man (Boys Noize Remix),0.4,0.6,1.0,0.2,0.0,0.0,0.0,0.0,0.0,0.0,0.0,0.0,1.0,1.0,0.6,0.0
Fall Out Boy,7 Minutes In Heaven (Atavan Halen),,,,,,,,,,,,,,,,
Turbonegro,Selfdestructo Bust,,,,,,,,,,,,,,,,
Tenacious D,Dio,,,,,,,,,,,,,,,,
Tom Waits,Cemetery Polka,,,,,,,,,,,,,,,,
The Smashing Pumpkins,Siva,,,,,,,,,,,,,,,,
Jack Johnson,Wasting Time,,,,,,,,,,,,,,,,
Daft Punk,Alive,,,,,,,,,,,,,,,,
The Raconteurs,Consoler Of The Lonely,,,,,,,,,,,,,,,,
Daft Punk,Burnin' / Too Long,,,,,,,,,,,,,,,,
The Pussycat Dolls,Don'T Cha (Feat. Busta Rhymes),,,,,,,,,,,,,,,,
The White Stripes,Jolene,,,,,,,,,,,,,,,,
Of Montreal,So Begins Our Alabee,,,,,,,,,,,,,,,,
Cocorosie,K-Hole,,,,,,,,,,,,,,,,
Adam And The Ants,Kings Of The Wild Frontier,,,,,,,,,,,,,,,,
Marilyn Manson,The Nobodies,,,,,,,,,,,,,,,,
Leonard Cohen,Sisters Of Mercy,,,,,,,,,,,,,,,,
Massive Attack,Spying Glass,,,,,,,,,,,,,,,,
The Kills,No Wow,,,,,,,,,,,,,,,,
The Sounds,Night After Night,,,,,,,,,,,,,,,,
Sublime,Smoke Two Joints,,,,,,,,,,,,,,,,
Arcade Fire,The Woodland National Anthem,,,,,,,,,,,,,,,,
Iron Maiden,The Longest Day,,,,,,,,,,,,,,,,
Xiu Xiu,I Luv The Valley Oh!,,,,,,,,,,,,,,,,
Nine Inch Nails,That'S What I Get,,,,,,,,,,,,,,,,
The Maccabees,First Love,,,,,,,,,,,,,,,,
Pavement,Stereo,,,,,,,,,,,,,,,,
Sarah Mclachlan,Fallen,,,,,,,,,,,,,,,,
Jenny Lewis With The Watson Twins,You Are What You Love,,,,,,,,,,,,,,,,
Mando Diao,Tony Zoulias (Lustful Life),,,,,,,,,,,,,,,,
Bright Eyes,Nothing Gets Crossed Out,,,,,,,,,,,,,,,,
Shiny Toy Guns,Starts With One,,,,,,,,,,,,,,,,
Iron Maiden,The Reincarnation Of Benjamin Breeg,,,,,,,,,,,,,,,,
The Chemical Brothers,Das Spiegel,,,,,,,,,,,,,,,,
Kasabian,Seek & Destroy,,,,,,,,,,,,,,,,
Kaiser Chiefs,Thank You Very Much,,,,,,,,,,,,,,,,
Grandaddy,Jed'S Other Poem (Beautiful Ground),,,,,,,,,,,,,,,,
Metallica,Devil'S Dance,,,,,,,,,,,,,,,,
Santana,Smooth,,,,,,,,,,,,,,,,
The All-American Rejects,Dance Inside,,,,,,,,,,,,,,,,
Elbow,Starlings,,,,,,,,,,,,,,,,
Doves,Caught By The River,,,,,,,,,,,,,,,,
Lily Allen,22,,,,,,,,,,,,,,,,
The Beach Boys,That'S Not Me,,,,,,,,,,,,,,,,
Jimi Hendrix,Manic Depression,,,,,,,,,,,,,,,,
The Duke Spirit,Dog Roses,,,,,,,,,,,,,,,,
Angels & Airwaves,A Little'S Enough,,,,,,,,,,,,,,,,
System Of A Down,Holy Mountains,,,,,,,,,,,,,,,,
The Last Shadow Puppets,Calm Like You,0.6,0.4,0.0,0.4,0.6,0.4,0.0,0.8,0.0,0.0,0.0,0.0,0.0,0.0,0.6,0.0
Megadeth,A Tout Le Monde,,,,,,,,,,,,,,,,
Afi,The Days Of The Phoenix,,,,,,,,,,,,,,,,
System Of A Down,Innervision,,,,,,,,,,,,,,,,
Architecture In Helsinki,Feather In A Baseball Cap,,,,,,,,,,,,,,,,
Mana,Vivir Sin Aire,,,,,,,,,,,,,,,,
Beck,Paper Tiger,,,,,,,,,,,,,,,,
Billy Talent,Pins And Needles,,,,,,,,,,,,,,,,
Coldplay,Lovers In Japan,,,,,,,,,,,,,,,,
Vampire Weekend,The Kids Don'T Stand A Chance,,,,,,,,,,,,,,,,
Red Hot Chili Peppers,Blood Sugar Sex Magik,1.0,0.8,0.0,0.6,1.0,0.6,0.0,0.0,0.0,0.0,0.0,0.0,0.0,0.0,1.0,0.0
Nick Drake,Hazey Jane I,,,,,,,,,,,,,,,,
Nightwish,The Islander,,,,,,,,,,,,,,,,
Turbonegro,Get It On,,,,,,,,,,,,,,,,
Robbie Williams,Rock Dj,,,,,,,,,,,,,,,,
Beyoncé,Halo,,,,,,,,,,,,,,,,
Iron Maiden,Brighter Than A Thousand Suns,,,,,,,,,,,,,,,,
The Fray,Over My Head,0.8,0.4,0.0,0.2,0.6,0.2,0.4,0.0,0.0,1.0,0.0,0.0,0.0,0.0,0.6,0.0
Jenny Lewis With The Watson Twins,Melt Your Heart,,,,,,,,,,,,,,,,
Kiss,I Was Made For Loving You,,,,,,,,,,,,,,,,
Soilwork,Figure Number Five,,,,,,,,,,,,,,,,
A Perfect Circle,What'S Going On,,,,,,,,,,,,,,,,
Metric,Torture Me,,,,,,,,,,,,,,,,
Nine Inch Nails,Beside You In Time,,,,,,,,,,,,,,,,
Red Hot Chili Peppers,Mellowship Slinky In B Major,,,,,,,,,,,,,,,,
Nina Simone,I Put A Spell On You,,,,,,,,,,,,,,,,
The Futureheads,First Day,,,,,,,,,,,,,,,,
Pendulum,Prelude,,,,,,,,,,,,,,,,
Kt Tunstall,Universe & U,,,,,,,,,,,,,,,,
The Fray,Trust Me,,,,,,,,,,,,,,,,
Tenacious D,The Metal,,,,,,,,,,,,,,,,
Editors,Escape The Nest,,,,,,,,,,,,,,,,
Jens Lekman,I'M Leaving You Because I Don'T Love You,,,,,,,,,,,,,,,,
Fever Ray,Keep The Streets Empty For Me,,,,,,,,,,,,,,,,
Skinny Puppy,Pedafly,,,,,,,,,,,,,,,,
311,Amber,,,,,,,,,,,,,,,,
The Beatles,If I Needed Someone,,,,,,,,,,,,,,,,
System Of A Down,Pictures,,,,,,,,,,,,,,,,
Kasabian,Butcher Blues,,,,,,,,,,,,,,,,
Calvin Harris,Merrymaking At My Place,,,,,,,,,,,,,,,,
Audioslave,Somedays,,,,,,,,,,,,,,,,
Nick Cave & The Bad Seeds,Today'S Lesson,,,,,,,,,,,,,,,,
Explosions In The Sky,Glittering Blackness,,,,,,,,,,,,,,,,
Linkin Park,By Myself,,,,,,,,,,,,,,,,
Audioslave,Bring 'Em Back Alive,,,,,,,,,,,,,,,,
Adam Green,Friends Of Mine,,,,,,,,,,,,,,,,
Massive Attack,One Love,,,,,,,,,,,,,,,,
Bruce Springsteen,The River,,,,,,,,,,,,,,,,
Massive Attack,Everywhen,,,,,,,,,,,,,,,,
Air,Dark Messages,,,,,,,,,,,,,,,,
Beach House,Apple Orchard,,,,,,,,,,,,,,,,
Rammstein,Du Riechst So Gut,,,,,,,,,,,,,,,,
Pink Floyd,Vera,,,,,,,,,,,,,,,,
T. Rex,Jeepster,,,,,,,,,,,,,,,,
Deftones,Teenager,,,,,,,,,,,,,,,,
Amy Winehouse,Me And Mr Jones,,,,,,,,,,,,,,,,
Belle And Sebastian,It Could Have Been A Brilliant Career,,,,,,,,,,,,,,,,
Creedence Clearwater Revival,Have You Ever Seen The Rain,,,,,,,,,,,,,,,,
Creedence Clearwater Revisited,Who'Ll Stop The Rain,,,,,,,,,,,,,,,,
System Of A Down,Stealing Society,,,,,,,,,,,,,,,,
Mogwai,Cody,,,,,,,,,,,,,,,,
Nightwish,Swanheart,,,,,,,,,,,,,,,,
Abba,Chiquitita,,,,,,,,,,,,,,,,
Aphex Twin,4,,,,,,,,,,,,,,,,
The Darkness,Get Your Hands Off My Woman,,,,,,,,,,,,,,,,
Zero 7,Likufanele,,,,,,,,,,,,,,,,
Stars,Heart,,,,,,,,,,,,,,,,
Mstrkrft,Paris,1.0,0.6,1.0,0.4,0.0,0.0,0.0,0.0,0.0,0.0,0.0,0.0,1.0,1.0,0.0,0.0
Yo La Tengo,Mr. Tough,,,,,,,,,,,,,,,,
Nirvana,Love Buzz,1.0,1.0,0.0,0.0,1.0,0.8,0.0,0.0,0.0,0.0,0.0,0.0,0.0,0.0,1.0,0.0
Michael Jackson,Don'T Stop 'Til You Get Enough,,,,,,,,,,,,,,,,
Peaches,Operate,,,,,,,,,,,,,,,,
Arcade Fire,Old Flame,,,,,,,,,,,,,,,,
Disturbed,Stupify,,,,,,,,,,,,,,,,
Kings Of Convenience,Summer On The Westhill,,,,,,,,,,,,,,,,
Les Savy Fav,What Would Wolves Do?,,,,,,,,,,,,,,,,
Linkin Park,Valentine'S Day,,,,,,,,,,,,,,,,
Kings Of Convenience,Surprise Ice,,,,,,,,,,,,,,,,
