artist_name,track_name,Drum Set,Drum Aggressiveness,Synthetic Drums,Percussion,Electric Guitar,Electric Guitar Distortion,Acoustic Guitar,String Ensemble,Horn Ensemble,Piano,Organ,Rhodes,Synthesizer,Synth Timbre,Bass Guitar,Reed Instrument
Backyard Babies,The Ship,,,,,,,,,,,,,,,,
The Books And José González,Cello Song,,,,,,,,,,,,,,,,
Strike Anywhere,Gunpowder,,,,,,,,,,,,,,,,
Czesław Śpiewa,Efekt Uboczny Trzeźwości,,,,,,,,,,,,,,,,
Slayer,Desire,,,,,,,,,,,,,,,,
Cynic,Evolutionary Sleeper,,,,,,,,,,,,,,,,
Cypress Hill,When The Shit Goes Down,,,,,,,,,,,,,,,,
Strike Anywhere,Instinct,,,,,,,,,,,,,,,,
Slagsmålsklubben,Kom Igen Kommissarien,,,,,,,,,,,,,,,,
The Books,An Owl With Knees,,,,,,,,,,,,,,,,
Jack'S Mannequin,Into The Airwaves,,,,,,,,,,,,,,,,
Jack Johnson,Walk Alone,,,,,,,,,,,,,,,,
Matt Costa,Yellow Taxi,,,,,,,,,,,,,,,,
Bob Dylan,Boots Of Spanish Leather,,,,,,,,,,,,,,,,
Matisyahu,Fire Of Heaven/Altar Of Earth,,,,,,,,,,,,,,,,
Jack Johnson,Monsoon,,,,,,,,,,,,,,,,
Wu-Tang Clan,Wu-Tang Clan Ain'T Nuthing Ta F' Wit,,,,,,,,,,,,,,,,
Matt Nathanson,Bent,,,,,,,,,,,,,,,,
U2,When Love Comes To Town,,,,,,,,,,,,,,,,
Matt Costa,Oh Dear,,,,,,,,,,,,,,,,
The Stooges,Little Doll,0.8,0.8,0.0,0.0,0.8,0.8,0.0,0.0,0.0,0.0,0.0,0.0,0.0,0.0,0.6,0.0
Teenagersintokyo,Black Bones,,,,,,,,,,,,,,,,
Frank Sinatra,Have Yourself A Merry Little Christmas,,,,,,,,,,,,,,,,
Martin L. Gore,Never Turn Your Back On Mother Earth,,,,,,,,,,,,,,,,
Lo-Fi-Fnk,Heartache,,,,,,,,,,,,,,,,
Lisa Loeb,Fools Like Me,,,,,,,,,,,,,,,,
Mason,Exceeder,,,,,,,,,,,,,,,,
The Stooges,L.A. Blues,,,,,,,,,,,,,,,,
Supersuckers,Roamin' Round,,,,,,,,,,,,,,,,
Dead Poetic,Vanus Empty,,,,,,,,,,,,,,,,
Cat Stevens,Trouble,,,,,,,,,,,,,,,,
Over It,Siren On The 101,,,,,,,,,,,,,,,,
Cat Stevens,Miles From Nowhere,,,,,,,,,,,,,,,,
Surkin,White Knight Two,,,,,,,,,,,,,,,,
3 Doors Down,Not Enough,,,,,,,,,,,,,,,,
Frank Sinatra,I Did It My Way,,,,,,,,,,,,,,,,
Little Joy,No One'S Better Sake,,,,,,,,,,,,,,,,
Anoushka Shankar,Beloved,,,,,,,,,,,,,,,,
The Stills,The Mountain,,,,,,,,,,,,,,,,
植松伸夫,J-E-N-O-V-A (Ffvii Ac Version),,,,,,,,,,,,,,,,
Our Lady Peace,Superman'S Dead,,,,,,,,,,,,,,,,
Out Hud,One Life To Leave,,,,,,,,,,,,,,,,
Jack Off Jill,When I Am Queen,,,,,,,,,,,,,,,,
3 Doors Down,Here By Me,,,,,,,,,,,,,,,,
Outkast,Elevators (Me & You),,,,,,,,,,,,,,,,
Lisa Gerrard,Abwoon,,,,,,,,,,,,,,,,
Catamenia,Kaamos Warrior,,,,,,,,,,,,,,,,
Paul Van Dyk Feat. Jessica Sutta,White Lies (Radio Edit),,,,,,,,,,,,,,,,
3 Doors Down,By My Side,,,,,,,,,,,,,,,,
Masta Killa,Masta Killa,,,,,,,,,,,,,,,,
Fatboy Slim,Soul Surfing,,,,,,,,,,,,,,,,
Mastodon,Mother Puncher,,,,,,,,,,,,,,,,
Frank Sinatra,Night And Day,,,,,,,,,,,,,,,,
The Black Ghosts,Face,,,,,,,,,,,,,,,,
Marilyn Manson,Fundamentally Loathsome,,,,,,,,,,,,,,,,
Vasco Rossi,...E Poi Mi Parli Di Una Vita Insieme,,,,,,,,,,,,,,,,
Loreena Mckennitt,Beneath A Phrygian Sky,,,,,,,,,,,,,,,,
The Black Heart Procession,Return To Burn,,,,,,,,,,,,,,,,
Fountains Of Wayne,Hackensack,,,,,,,,,,,,,,,,
The Black Heart Procession,The Letter,,,,,,,,,,,,,,,,
Lordi,Devil Is A Loser,,,,,,,,,,,,,,,,
Dead Kennedys,Take This Job And Shove It,1.0,0.8,0.0,0.0,1.0,0.8,0.0,0.0,0.0,0.0,0.0,0.0,0.0,0.0,0.8,0.0
Diana Krall,I'Ll String Along With You,,,,,,,,,,,,,,,,
Mark Lanegan,Like Little Willie John,,,,,,,,,,,,,,,,
Sloan,Hfxnshc,,,,,,,,,,,,,,,,
Mark Lanegan,When Your Number Isn'T Up,,,,,,,,,,,,,,,,
植松伸夫,One-Winged Angel,,,,,,,,,,,,,,,,
Loreena Mckennitt,The Highwayman,,,,,,,,,,,,,,,,
Mark Lanegan,One Hundred Days,,,,,,,,,,,,,,,,
Between The Trees,The Way She Feels,,,,,,,,,,,,,,,,
Mary J. Blige,Fade Away,,,,,,,,,,,,,,,,
Longwave,Everywhere You Turn,,,,,,,,,,,,,,,,
Frank Black,(I Want To Live On An) Abstract Plain,,,,,,,,,,,,,,,,
Styrofoam,Couches In Alleys (Feat. Ben Gibbard),,,,,,,,,,,,,,,,
D'Espairsray,Infection,,,,,,,,,,,,,,,,
Four Tet,Clouding,,,,,,,,,,,,,,,,
Seeed,Aufstehn! (Feat. Cee-Lo Green),0.8,0.6,0.8,0.8,0.4,0.2,0.0,0.0,0.8,0.0,0.0,0.0,0.6,0.4,0.8,0.0
Tom Waits,Midnight Lullaby,,,,,,,,,,,,,,,,
Danger,11H30,,,,,,,,,,,,,,,,
Martha Wainwright,These Flowers,,,,,,,,,,,,,,,,
Sublime,Hope,,,,,,,,,,,,,,,,
Franco Battiato,Atlantide,,,,,,,,,,,,,,,,
The Blood Brothers,Devastator,,,,,,,,,,,,,,,,
Salem Al Fakir,This Is Who I Am,,,,,,,,,,,,,,,,
Martha Wainwright,Don'T Forget,,,,,,,,,,,,,,,,
Foo Fighters,X-Static,,,,,,,,,,,,,,,,
Supergrass,Sad Girl,0.6,0.4,0.0,0.4,0.6,0.4,0.0,0.0,0.0,0.4,0.0,0.0,0.0,0.0,0.6,0.0
Los Campesinos!,We Are All Accelerated Readers,,,,,,,,,,,,,,,,
The Black Crowes,Sometimes Salvation,,,,,,,,,,,,,,,,
Vangelis,Rachel'S Song,,,,,,,,,,,,,,,,
For My Pain...,My Wound Is Deeper Than Yours,,,,,,,,,,,,,,,,
Foo Fighters,Live-In Skin,,,,,,,,,,,,,,,,
Marillion,Easter,,,,,,,,,,,,,,,,
Isolée,Schrapnell,,,,,,,,,,,,,,,,
P!Nk,The One That Got Away,,,,,,,,,,,,,,,,
Islands,J'Aime Vous Voire Quitter,,,,,,,,,,,,,,,,
Islands,Life In Jail,,,,,,,,,,,,,,,,
The Black Eyed Peas,Disco Club,,,,,,,,,,,,,,,,
Forgotten Boys,Stoner,,,,,,,,,,,,,,,,
Basement Jaxx,Everybody,,,,,,,,,,,,,,,,
Forgotten Boys,On The Hillside,,,,,,,,,,,,,,,,
The God Machine,The Train Song,,,,,,,,,,,,,,,,
Iliketrains,Citizen,,,,,,,,,,,,,,,,
The Goo Goo Dolls,Become,,,,,,,,,,,,,,,,
The Jimi Hendrix Experience,Come On (Let The Good Times Roll),,,,,,,,,,,,,,,,
Iliketrains,The Beeching Report,,,,,,,,,,,,,,,,
P!Nk,Bad Influence,,,,,,,,,,,,,,,,
The Jesus Lizard,Boilermaker,,,,,,,,,,,,,,,,
The Jimi Hendrix Experience,...And The Gods Made Love,,,,,,,,,,,,,,,,
The Velvet Underground,Andy'S Chest,,,,,,,,,,,,,,,,
Supergrass,Road To Rouen,,,,,,,,,,,,,,,,
Los Campesinos!,Knee Deep At Atp,,,,,,,,,,,,,,,,
Basement Jaxx,Lucky Star (Feat. Dizzee Rascal),,,,,,,,,,,,,,,,
Fear Factory,Self Bias Resistor,,,,,,,,,,,,,,,,
Feindflug,Feuerpause,0.8,0.8,1.0,0.4,0.6,0.6,0.0,0.0,0.0,0.0,0.0,0.0,1.0,1.0,0.4,0.0
Marilyn Manson,A Place In The Dirt,,,,,,,,,,,,,,,,
Los Hermanos,Todo Carnaval Tem Seu Fim,,,,,,,,,,,,,,,,
Folk & Røvere,Yess!,,,,,,,,,,,,,,,,
Feel,No Pokaż Na Co Cię Stać,,,,,,,,,,,,,,,,
The God Machine,It'S All Over,,,,,,,,,,,,,,,,
Feeder,Save Us,,,,,,,,,,,,,,,,
Flying Saucer Attack,Instrumental Wish,,,,,,,,,,,,,,,,
Manowar,Kill With Power,,,,,,,,,,,,,,,,
Suede,My Dark Star,,,,,,,,,,,,,,,,
Manowar,Kingdom Come,,,,,,,,,,,,,,,,
Chemistry,最期の川,,,,,,,,,,,,,,,,
Dirty Pretty Things,If You Were Wondering,,,,,,,,,,,,,,,,
Alice Nine.,Q.,,,,,,,,,,,,,,,,
Immortal Technique,Harlem Streets,,,,,,,,,,,,,,,,
Isis,The Other,,,,,,,,,,,,,,,,
Dirty Pretty Things,Tired Of England,,,,,,,,,,,,,,,,
The Jesus And Mary Chain,Rollercoaster,,,,,,,,,,,,,,,,
Feindflug,Einmarsch,,,,,,,,,,,,,,,,
Los Nikis,El Imperio Contraataca,,,,,,,,,,,,,,,,
Lostprophets,Burn Burn,,,,,,,,,,,,,,,,
Mariah Carey,O Holy Night,,,,,,,,,,,,,,,,
Los Prisioneros,Muevan Las Industrias,,,,,,,,,,,,,,,,
Chemistry,最後の夜,,,,,,,,,,,,,,,,
Lostprophets,To Hell We Ride,,,,,,,,,,,,,,,,
Ugly Casanova,Things I Don'T Remember,,,,,,,,,,,,,,,,
Arsis,Maddening Disdain,,,,,,,,,,,,,,,,
Art Brut,Bang Bang Rock & Roll,,,,,,,,,,,,,,,,
Anthrax,Got The Time,,,,,,,,,,,,,,,,
The Black Crowes,Sting Me,,,,,,,,,,,,,,,,
Dabrye,Hyped-Up Plus Tax,,,,,,,,,,,,,,,,
Foo Fighters,Burn Away,,,,,,,,,,,,,,,,
Saul Williams,Banged And Blown Through,,,,,,,,,,,,,,,,
Satyricon,I Got Erection,,,,,,,,,,,,,,,,
Daft Punk,Face To Face (Demon Remix),,,,,,,,,,,,,,,,
Flyleaf,I'M Sorry,,,,,,,,,,,,,,,,
Lou Reed / John Cale,Starlight,,,,,,,,,,,,,,,,
玉置成実,Get Wild,,,,,,,,,,,,,,,,
Daft Punk,Prime Time Of Your Life / Brainwasher / Rollin' And Scratchin' / Alive,,,,,,,,,,,,,,,,
Lovedrug,Pretend You'Re Alive,,,,,,,,,,,,,,,,
Mano Negra,Indios De Barcelona,,,,,,,,,,,,,,,,
Manic Street Preachers,There By The Grace Of God,,,,,,,,,,,,,,,,
Dead Boys,Hey Little Girl,,,,,,,,,,,,,,,,
The Subways,She Sun,,,,,,,,,,,,,,,,
Iron Maiden,Fear Is The Key,,,,,,,,,,,,,,,,
Alestorm,The Huntmaster,,,,,,,,,,,,,,,,
Pain,The Third Wave,,,,,,,,,,,,,,,,
The Jesus And Mary Chain,Come On,,,,,,,,,,,,,,,,
Eluveitie,Anagantios,,,,,,,,,,,,,,,,
Pain Of Salvation,Chain Sling,,,,,,,,,,,,,,,,
Dead Can Dance,The End Of Words,,,,,,,,,,,,,,,,
Working For A Nuclear Free City,Troubled Son,,,,,,,,,,,,,,,,
Slayer,Supremist,,,,,,,,,,,,,,,,
Love,Live And Let Live,,,,,,,,,,,,,,,,
Manu Chao,The Bleedin Clown,,,,,,,,,,,,,,,,
Flunk,Probably,,,,,,,,,,,,,,,,
Iron Maiden,The Nomad,,,,,,,,,,,,,,,,
Manu Chao,Mr Bobby,,,,,,,,,,,,,,,,
The Subways,Girls & Boys,,,,,,,,,,,,,,,,
Mansun,Six,,,,,,,,,,,,,,,,
Tori Amos,Roosterspur Bridge,,,,,,,,,,,,,,,,
The Beatles,Here Comes The Sun / The Inner Light (Transition),,,,,,,,,,,,,,,,
Daedelus,Viva Vida,,,,,,,,,,,,,,,,
Flyleaf,Cassie,,,,,,,,,,,,,,,,
Blessed By Hate,Sangue Nos Olhos,,,,,,,,,,,,,,,,
The Birthday Massacre,The Dream,,,,,,,,,,,,,,,,
Daedelus,Nouveau Nova,,,,,,,,,,,,,,,,
The Bird And The Bee,Preparedness,,,,,,,,,,,,,,,,
Feel,To Długa Rzeka,,,,,,,,,,,,,,,,
Feindflug,Standgericht,,,,,,,,,,,,,,,,
Barenaked Ladies,Maybe Katie,,,,,,,,,,,,,,,,
Imperiet,C.C. Cowboys,,,,,,,,,,,,,,,,
Flamin' Groovies,Slow Death,,,,,,,,,,,,,,,,
In Flames,Behind Space '99,,,,,,,,,,,,,,,,
Super Furry Animals,Show Your Hand,,,,,,,,,,,,,,,,
Saxon Shore,Isolated By The Secrets Of Your Fellow Men,,,,,,,,,,,,,,,,
Flamin' Groovies,Shake Some Action,,,,,,,,,,,,,,,,
Wir Sind Helden,Ist Das So?,,,,,,,,,,,,,,,,
The Sundays,Summertime,,,,,,,,,,,,,,,,
Patrick Wolf,Souvenirs,,,,,,,,,,,,,,,,
Chemistry,Running Away,,,,,,,,,,,,,,,,
Blind Guardian,Imaginations From The Other Side,,,,,,,,,,,,,,,,
Cavalera Conspiracy,Sanctuary,,,,,,,,,,,,,,,,
Blind Guardian,Inquisition,,,,,,,,,,,,,,,,
Eluvium,Ostinato,,,,,,,,,,,,,,,,
Blind Guardian,Precious Jerusalem,,,,,,,,,,,,,,,,
The Sundays,Wild Horses,,,,,,,,,,,,,,,,
The Beta Band,Out-Side,,,,,,,,,,,,,,,,
The Sugarcubes,Traitor,,,,,,,,,,,,,,,,
Wire,106 Beats That,,,,,,,,,,,,,,,,
Manowar,Nessun Dorma,,,,,,,,,,,,,,,,
Sufjan Stevens,Dumb I Sound,,,,,,,,,,,,,,,,
Sufjan Stevens,Henney Buggy Band,,,,,,,,,,,,,,,,
Trentemøller,The Very Last Resort,,,,,,,,,,,,,,,,
Tom Petty,Learning To Fly,,,,,,,,,,,,,,,,
16 Horsepower,Blessed Persistence,,,,,,,,,,,,,,,,
Saul Williams,Convict Colony,,,,,,,,,,,,,,,,
Trentemøller,While The Cold Winter Waiting,,,,,,,,,,,,,,,,
Maj Karma,Sodankylä,,,,,,,,,,,,,,,,
Barenaked Ladies,War On Drugs,,,,,,,,,,,,,,,,
Felix Da Housecat,Analog City,,,,,,,,,,,,,,,,
Van Halen,The Seventh Seal,,,,,,,,,,,,,,,,
Panzer Ag,Panzer,,,,,,,,,,,,,,,,
The Beatles,Long Tall Sally,,,,,,,,,,,,,,,,
Dead Can Dance,Persian Love Song,,,,,,,,,,,,,,,,
Van Halen,The Full Bug,,,,,,,,,,,,,,,,
Seafood,Western Battle,,,,,,,,,,,,,,,,
Finntroll,Ormhäxan,,,,,,,,,,,,,,,,
Van Halen,Mine All Mine,,,,,,,,,,,,,,,,
Dir En Grey,Kasumi,,,,,,,,,,,,,,,,
Autechre,Bike,,,,,,,,,,,,,,,,
Mandy Moore,Cry,,,,,,,,,,,,,,,,
Wire,Feeling Called Love,,,,,,,,,,,,,,,,
Inxs,The Loved One,,,,,,,,,,,,,,,,
Panic At The Disco,We'Re So Starving,,,,,,,,,,,,,,,,
Alice Cooper,Only Women Bleed,,,,,,,,,,,,,,,,
The Grates,Feels Like Pain,,,,,,,,,,,,,,,,
Tori Amos,The Beekeeper,,,,,,,,,,,,,,,,
Interpol,5,,,,,,,,,,,,,,,,
The Unicorns,Peach Moon,,,,,,,,,,,,,,,,
Trent Reznor,Videodrones; Questions,,,,,,,,,,,,,,,,
The Tear Garden,In Search Of My Rose,,,,,,,,,,,,,,,,
Avantasia,A New Dimension,,,,,,,,,,,,,,,,
The Supremes,Stop! In The Name Of Love,,,,,,,,,,,,,,,,
Manchester Orchestra,I Can Feel A Hot One,,,,,,,,,,,,,,,,
The Beta Band,Lion Thief,,,,,,,,,,,,,,,,
Van Halen,In 'N' Out,,,,,,,,,,,,,,,,
Finntroll,En Mäktig Här,,,,,,,,,,,,,,,,
Filter,I'M Not The Only One,,,,,,,,,,,,,,,,
Final Fantasy,The Pooka Sings,,,,,,,,,,,,,,,,
Filter,Stuck In Here,,,,,,,,,,,,,,,,
Tricky,Excess,,,,,,,,,,,,,,,,
Autechre,Steels,,,,,,,,,,,,,,,,
Autechre,Stud,,,,,,,,,,,,,,,,
Papa Roach,Snakes,,,,,,,,,,,,,,,,
Wolf Parade,Fine Young Cannibals,,,,,,,,,,,,,,,,
Papa Roach,Revenge,,,,,,,,,,,,,,,,
Thomas Dolby,Airwaves,,,,,,,,,,,,,,,,
Paradise Lost,Over The Madness (String Dub Mix),,,,,,,,,,,,,,,,
Paradise Lost,Lydia,,,,,,,,,,,,,,,,
Paradise Lost,Ordinary Days,,,,,,,,,,,,,,,,
Papa Roach,Binge,,,,,,,,,,,,,,,,
Tori Amos,Velvet Revolution,,,,,,,,,,,,,,,,
Elvis Frogsley,Blue Christmas,,,,,,,,,,,,,,,,
Malvina Reynolds,Little Boxes,,,,,,,,,,,,,,,,
Sleater-Kinney,Pompeii,,,,,,,,,,,,,,,,
Wire,On Returning,,,,,,,,,,,,,,,,
Insomnium,In The Groves Of Death,,,,,,,,,,,,,,,,
Fink,This Is The Thing,,,,,,,,,,,,,,,,
Felix Da Housecat,Voicemail (Feat. Miss Kittin),,,,,,,,,,,,,,,,
Wolf Parade,California Dreamer,,,,,,,,,,,,,,,,
Finntroll,Det Iskalla Trollblodet,,,,,,,,,,,,,,,,
Mahogany,Tesselation (Formerly Plateau One),,,,,,,,,,,,,,,,
Tom Waits,16 Shells From A Thirty-Ought-Six,,,,,,,,,,,,,,,,
Blind Stare,Shotgun Symphony,,,,,,,,,,,,,,,,
Seabear,Libraries,,,,,,,,,,,,,,,,
Bloodhound Gang,A Lap Dance Is So Much Better When The Stripper Is Crying,,,,,,,,,,,,,,,,
Sleater-Kinney,The Drama You'Ve Been Craving,,,,,,,,,,,,,,,,
Madness,Grey Day,,,,,,,,,,,,,,,,
M83,My Own Strange Path,,,,,,,,,,,,,,,,
Machine Head,Descend The Shades Of Night,,,,,,,,,,,,,,,,
!Cube,Glide,,,,,,,,,,,,,,,,
Machinae Supremacy,Nemesis,,,,,,,,,,,,,,,,
Infected Mushroom,Deeply Disturbed,,,,,,,,,,,,,,,,
Suicidal Tendencies,I Shot The Devil,,,,,,,,,,,,,,,,
Indica,Pahinta Tänään,,,,,,,,,,,,,,,,
Dilated Peoples,Worst Comes To Worst,,,,,,,,,,,,,,,,
Chapterhouse,Confusion Trip,,,,,,,,,,,,,,,,
The Hives,Automatic Schmuck,,,,,,,,,,,,,,,,
Incubus,You Will Be A Hot Dancer,,,,,,,,,,,,,,,,
Incubus,Neither Of Us Can See,,,,,,,,,,,,,,,,
Sleater-Kinney,Taking Me Home,,,,,,,,,,,,,,,,
The Hives,Untutored Youth,,,,,,,,,,,,,,,,
Telefon Tel Aviv,Introductory Nomenclature,,,,,,,,,,,,,,,,
Within Temptation,The Swan Song (Bonustrack),,,,,,,,,,,,,,,,
Beth Orton,A Place Aside,,,,,,,,,,,,,,,,
Paradise Lost,Primal,,,,,,,,,,,,,,,,
Alexi Murdoch,Home,,,,,,,,,,,,,,,,
Within Temptation,The Last Time (Demo),,,,,,,,,,,,,,,,
Paramore,Let This Go,,,,,,,,,,,,,,,,
The Hives,Statecontrol,,,,,,,,,,,,,,,,
Sun Kil Moon,Ocean Breathes Salty,,,,,,,,,,,,,,,,
Fergie,Big Girls Dont Cry,,,,,,,,,,,,,,,,
Scsi-9,Sweets And Love,,,,,,,,,,,,,,,,
Sculptured,Embodiment,,,,,,,,,,,,,,,,
Scsi-9,Little Leaves Fall,,,,,,,,,,,,,,,,
Scsi-9,Endlich,,,,,,,,,,,,,,,,
Ferris Mc,Tanz Mit Mir,,,,,,,,,,,,,,,,
Madonna,Sorry (Man With Guitar Mix),,,,,,,,,,,,,,,,
Buckethead,Mustang,,,,,,,,,,,,,,,,
The Zutons,How Does It Feel?,,,,,,,,,,,,,,,,
The Offspring,Spare Me The Details,,,,,,,,,,,,,,,,
Def Leppard,Two Steps Behind,,,,,,,,,,,,,,,,
Joss Stone,Girl They Won'T Believe It,,,,,,,,,,,,,,,,
Negative,The Moment Of Our Love,,,,,,,,,,,,,,,,
Josh Ritter,Idaho,,,,,,,,,,,,,,,,
Josh Ritter,Best For The Best,,,,,,,,,,,,,,,,
The Offspring,Lightning Rod,,,,,,,,,,,,,,,,
Clutch,Careful With That Mic...,,,,,,,,,,,,,,,,
Hank Williams Iii,You'Re The Reason,,,,,,,,,,,,,,,,
Hanna Pakarinen,Leave Me Alone (Finland),,,,,,,,,,,,,,,,
Asobi Seksu,Gliss,,,,,,,,,,,,,,,,
Buckethead,The Redeem Team,,,,,,,,,,,,,,,,
Deerhunter,Wash Off,,,,,,,,,,,,,,,,
Eartha Kitt,Santa Baby,,,,,,,,,,,,,,,,
Hanoi Rocks,Lick Summer Love,,,,,,,,,,,,,,,,
Amon Amarth,Thousand Years Of Oppression,,,,,,,,,,,,,,,,
Amon Amarth,With Oden On Our Side,1.0,1.0,0.0,0.0,1.0,1.0,0.0,0.0,0.0,0.0,0.0,0.0,0.0,0.0,1.0,0.0
Amon Amarth,Victorious March,,,,,,,,,,,,,,,,
Hanoi Rocks,Tooting Bec Wreck,,,,,,,,,,,,,,,,
Cloud Cult,Take Your Medicine,,,,,,,,,,,,,,,,
Machinae Supremacy,Flagcarrier,,,,,,,,,,,,,,,,
The Offspring,Cool To Hate,,,,,,,,,,,,,,,,
Machinae Supremacy,The Cavern Of Lost Time,,,,,,,,,,,,,,,,
Blink-182,Shut Up,,,,,,,,,,,,,,,,
+44,Baby Come On,,,,,,,,,,,,,,,,
The Donnas,Fall Behind Me,,,,,,,,,,,,,,,,
Sun,Ends Of The Earth (Eric Kupper Remix),,,,,,,,,,,,,,,,
Yppah,Ending With You,,,,,,,,,,,,,,,,
The Offspring,Long Way Home,,,,,,,,,,,,,,,,
Sum 41,Crazy Amanda Bunkface,1.0,1.0,0.0,0.2,1.0,0.8,0.0,0.0,0.0,0.0,0.0,0.0,0.0,0.0,0.8,0.0
The Offspring,Not The One,,,,,,,,,,,,,,,,
Suicide,Frankie Teardrop,,,,,,,,,,,,,,,,
Suicidal Tendencies,Subliminal,,,,,,,,,,,,,,,,
Dimmu Borgir,Prudence'S Fall,,,,,,,,,,,,,,,,
Dimmu Borgir,Alt Lys Er Svunnet Hen,,,,,,,,,,,,,,,,
The Tough Alliance,Tough Ii,,,,,,,,,,,,,,,,
Machine Head,Bulldozer,,,,,,,,,,,,,,,,
Bliss,Time Time Time,,,,,,,,,,,,,,,,
Sum 41,Best Of Me,,,,,,,,,,,,,,,,
Korpiklaani,Ryyppäjäiset,,,,,,,,,,,,,,,,
Korpiklaani,Pixies Dance,,,,,,,,,,,,,,,,
Korpiklaani,Rise,,,,,,,,,,,,,,,,
Black Kids,I'M Not Gonna Teach Your Boyfriend How To Dance With You (The Twelves Remix),,,,,,,,,,,,,,,,
Kraftwerk,Airwaves,,,,,,,,,,,,,,,,
The Riverboat Gamblers,The Song We Used To Call Wasting Time,,,,,,,,,,,,,,,,
Squirrel Nut Zippers,Put A Lid On It,,,,,,,,,,,,,,,,
Miss Kittin & The Hacker,You And Us,,,,,,,,,,,,,,,,
The Research,I Bet If We Kissed,,,,,,,,,,,,,,,,
Boy Kill Boy,On My Own,,,,,,,,,,,,,,,,
Scsi-9,On The Edge,,,,,,,,,,,,,,,,
Alexisonfire,Jubella,,,,,,,,,,,,,,,,
Ingrid Michaelson,December Baby,,,,,,,,,,,,,,,,
Paradise Lost,So Much Is Lost,,,,,,,,,,,,,,,,
Sculptured,A Moment Of Uncertainty,,,,,,,,,,,,,,,,
Alexi Murdoch,Wait,,,,,,,,,,,,,,,,
Beth Orton,Heartland Truckstop,,,,,,,,,,,,,,,,
Beth Orton,Countenance,,,,,,,,,,,,,,,,
Incubus,Calgone,,,,,,,,,,,,,,,,
Pati Yang,Easy Flow,,,,,,,,,,,,,,,,
Ulrich Schnauss,A Strangely Isolated Place,,,,,,,,,,,,,,,,
Telefon Tel Aviv,Helen Of Troy,,,,,,,,,,,,,,,,
Tori Amos,Space Dog,,,,,,,,,,,,,,,,
Cool Kids Of Death,Zdelegalizować Szczęście,,,,,,,,,,,,,,,,
Machinae Supremacy,Sidology Episode 2: Trinity,,,,,,,,,,,,,,,,
Coralie Clément,Samba De Mon Coeur Qui Bat,,,,,,,,,,,,,,,,
Copperpot,Everyone Is Coming Over,,,,,,,,,,,,,,,,
A-Ha,I Call Your Name,,,,,,,,,,,,,,,,
Mo' Horizons,Foto Viva,,,,,,,,,,,,,,,,
Regina Spektor,Bon Idée,,,,,,,,,,,,,,,,
The Cooper Temple Clause,Let'S Kill Music,,,,,,,,,,,,,,,,
Gipsy Kings,Canastero,,,,,,,,,,,,,,,,
Beth Orton,Someone'S Daughter,,,,,,,,,,,,,,,,
Ayria,Sapphire,,,,,,,,,,,,,,,,
The Cooper Temple Clause,Once More With Feeling,,,,,,,,,,,,,,,,
The Hood Internet,Some Cut Like A Knife (Trillville Feat. Cutty Vs. The Knife),,,,,,,,,,,,,,,,
The Coral,Don'T Think You'Re The First,,,,,,,,,,,,,,,,
The Herbaliser,Song For Mary,,,,,,,,,,,,,,,,
Chairlift,Earwig Town,,,,,,,,,,,,,,,,
Inme,White Butterfly,,,,,,,,,,,,,,,,
Paradise Lost,Blood Of Another,,,,,,,,,,,,,,,,
The Tidy Ups,Dizzy Heights,,,,,,,,,,,,,,,,
Madrugada,Quite Emotional,,,,,,,,,,,,,,,,
The Horrors,Crawdaddy Simone,,,,,,,,,,,,,,,,
Lyfe Jennings,Hmmm,,,,,,,,,,,,,,,,
Paolo Conte,Via Con Me,,,,,,,,,,,,,,,,
Lyfe Jennings,Never Never Land,,,,,,,,,,,,,,,,
Scouting For Girls,I Need A Holiday,,,,,,,,,,,,,,,,
Madonna,Santa Baby,,,,,,,,,,,,,,,,
Lynyrd Skynyrd,I Know A Little,,,,,,,,,,,,,,,,
Korn,Wake Up,,,,,,,,,,,,,,,,
Korn,Need To,,,,,,,,,,,,,,,,
The Replacements,Skyway,0.0,0.0,0.0,0.0,0.0,0.0,1.0,0.0,0.0,0.0,0.0,0.0,0.0,0.0,0.0,0.0
Tunng,Beautiful And Light,,,,,,,,,,,,,,,,
Give Up The Ghost,Bluem,,,,,,,,,,,,,,,,
Glassjaw,Her Middle Name Was Boom,,,,,,,,,,,,,,,,
Red Sparowes,A Message Of Avarice Rained Down Upon Us And Carried Us Away Into False Dreams Of Endless Riches.,,,,,,,,,,,,,,,,
Korn,No Place To Hide,,,,,,,,,,,,,,,,
The Cramps,I Was A Teenage Werewolf,,,,,,,,,,,,,,,,
Atheist,Enthralled In Essence,,,,,,,,,,,,,,,,
Converge,Concubine,,,,,,,,,,,,,,,,
Controlled Collapse,Insane Asylum,,,,,,,,,,,,,,,,
St. Germain,Soul Salsa Soul,,,,,,,,,,,,,,,,
Fightstar,Unfamiliar Ceilings,,,,,,,,,,,,,,,,
Teleradio Donoso,Bailar Y Llorar,,,,,,,,,,,,,,,,
Fightstar,Here Again (Last Conversation),,,,,,,,,,,,,,,,
Field Music,A Gap Has Appeared,,,,,,,,,,,,,,,,
Fields Of The Nephilim,Moonchild,,,,,,,,,,,,,,,,
Red House Painters,Uncle Joe,,,,,,,,,,,,,,,,
Charlotte Perrelli,Hero,,,,,,,,,,,,,,,,
Pantera,Yesterday Don'T Mean Shit,,,,,,,,,,,,,,,,
Charlotte Gainsbourg,Morning Song,,,,,,,,,,,,,,,,
Dead Can Dance,Sanvean,,,,,,,,,,,,,,,,
The Honorary Title,Thin Layer,,,,,,,,,,,,,,,,
The Honorary Title,Disengage,,,,,,,,,,,,,,,,
Sleater-Kinney,Male Model,,,,,,,,,,,,,,,,
Pantera,Goddamn Electric,,,,,,,,,,,,,,,,
Sleater-Kinney,Off With Your Head,,,,,,,,,,,,,,,,
The Honorary Title,The Smoking Pose,,,,,,,,,,,,,,,,
Bad Brains,How Low Can A Punk Get,,,,,,,,,,,,,,,,
Pantera,Hellbound,,,,,,,,,,,,,,,,
A Tribe Called Quest,Vibes And Stuff,,,,,,,,,,,,,,,,
The Cooper Temple Clause,Head,,,,,,,,,,,,,,,,
Republika,Mamona,,,,,,,,,,,,,,,,
The Rolling Stones,Casino Boogie,,,,,,,,,,,,,,,,
Korn,Chi,,,,,,,,,,,,,,,,
Gloria Jones,Tainted Love,,,,,,,,,,,,,,,,
Darkwell,Path To Salvation,,,,,,,,,,,,,,,,
Black Label Society,Final Solution,,,,,,,,,,,,,,,,
Moby,Forever,,,,,,,,,,,,,,,,
Korn,Kiss,,,,,,,,,,,,,,,,
Brakes,Ny Pie,,,,,,,,,,,,,,,,
Мои Ракеты Вверх,Reflection,,,,,,,,,,,,,,,,
Korn,Everything I'Ve Known,,,,,,,,,,,,,,,,
Cheese People,Sombrero,,,,,,,,,,,,,,,,
Dead Can Dance,Severance,,,,,,,,,,,,,,,,
Korn,Bitch We Got A Problem,,,,,,,,,,,,,,,,
Wire,I Feel Mysterious Today,,,,,,,,,,,,,,,,
The Human League,Together In Electric Dreams,,,,,,,,,,,,,,,,
Patrick Swayze,She'S Like The Wind,,,,,,,,,,,,,,,,
In Flames,Coerced Coexistence,,,,,,,,,,,,,,,,
Madvillain,America'S Most Blunted,,,,,,,,,,,,,,,,
Bad Brains,Re-Ignition,,,,,,,,,,,,,,,,
The Gutter Twins,The Body,,,,,,,,,,,,,,,,
Lux,Northern Lights,,,,,,,,,,,,,,,,
Field Music,Shorter Shorter,,,,,,,,,,,,,,,,
The Hamsters,Rocket In My Pocket,,,,,,,,,,,,,,,,
Fila Brazillia,The Bugs Will Bite,,,,,,,,,,,,,,,,
Field Music,Luck Is A Fine Thing,,,,,,,,,,,,,,,,
The Twilight Singers,Forty Dollars,0.8,0.6,0.2,0.4,0.8,0.6,0.0,0.0,0.0,0.6,0.0,0.0,0.4,0.4,0.8,0.0
Lush,Sunbathing,,,,,,,,,,,,,,,,
Bottla,Pieces,0.8,0.6,0.0,0.4,0.8,0.6,0.4,0.0,0.0,0.0,0.0,0.0,0.6,0.4,0.8,0.0
Atb,Let U Go,,,,,,,,,,,,,,,,
Atb,Let U Go (2005 Reworked),,,,,,,,,,,,,,,,
Moby,Homeward Angel,,,,,,,,,,,,,,,,
Dr. Dog,Alaska,,,,,,,,,,,,,,,,
Red Hot Chili Peppers,Get Up And Jump,,,,,,,,,,,,,,,,
Constantines,Thieves,,,,,,,,,,,,,,,,
Squarepusher,Iambic 5 Poetry,,,,,,,,,,,,,,,,
Red House Painters,Down Colorful Hill,,,,,,,,,,,,,,,,
A Tribe Called Quest,Go Ahead In The Rain,,,,,,,,,,,,,,,,
Corpus Delicti,Noxious (The Demon'S Game),0.8,0.8,0.0,0.4,0.8,0.8,0.0,0.0,0.0,0.0,0.0,0.0,0.6,0.6,0.8,0.0
A Tribe Called Quest,Everything Is Fair,,,,,,,,,,,,,,,,
Revolting Cocks,Fire Engine,,,,,,,,,,,,,,,,
Constantines,National Hum,,,,,,,,,,,,,,,,
Kraftwerk,Tour De France (Etape 1),,,,,,,,,,,,,,,,
Repo! The Genetic Opera,Crucifixus,,,,,,,,,,,,,,,,
The Clientele,Step Into The Light,,,,,,,,,,,,,,,,
Corrupt Souls,Skullfucked,,,,,,,,,,,,,,,,
The Cloud Room,The Hunger,,,,,,,,,,,,,,,,
The Hush Sound,Don'T Wake Me Up,,,,,,,,,,,,,,,,
Finch,New Beginnings,,,,,,,,,,,,,,,,
The Jam,Fly,,,,,,,,,,,,,,,,
The Hush Sound,Honey,,,,,,,,,,,,,,,,
Panda,Narcisista Por Excelencia,,,,,,,,,,,,,,,,
Pale Saints,Thread Of Light,,,,,,,,,,,,,,,,
Chemistry,Here I Am (Chemistry Brothers Mix By Nirgilis),,,,,,,,,,,,,,,,
Wir Sind Helden,Außer Dir,,,,,,,,,,,,,,,,
Panic At The Disco,I Have Friends In Holy Spaces,,,,,,,,,,,,,,,,
Dead Can Dance,Saldek,,,,,,,,,,,,,,,,
In Flames,Acoustic Medley,,,,,,,,,,,,,,,,
Wire,Blessed State,,,,,,,,,,,,,,,,
The Raveonettes,Remember,,,,,,,,,,,,,,,,
Modeselektor,Edgar,,,,,,,,,,,,,,,,
Modeselektor,Em Ocean,,,,,,,,,,,,,,,,
The Allman Brothers Band,Heart Of Stone,,,,,,,,,,,,,,,,
Angelspit,Paint Hell Red,,,,,,,,,,,,,,,,
The Almost,Drive There Now,,,,,,,,,,,,,,,,
The Raveonettes,Veronica Fever,,,,,,,,,,,,,,,,
Kmfdm,That'S All,,,,,,,,,,,,,,,,
Modeselektor,Hasir,,,,,,,,,,,,,,,,
Kmfdm,Revolution,,,,,,,,,,,,,,,,
A. R. Rahman,Mumbai Theme Tune,,,,,,,,,,,,,,,,
Boston,Foreplay / Long Time,,,,,,,,,,,,,,,,
Exodus,No Love,,,,,,,,,,,,,,,,
Apulanta,Anna Mulle Piiskaa,,,,,,,,,,,,,,,,
The Rolling Stones,Rough Justice,,,,,,,,,,,,,,,,
Beatsteaks,Loyal To None,,,,,,,,,,,,,,,,
The Cranberries,Shattered,,,,,,,,,,,,,,,,
Dead Can Dance,The Carnival Is Over,,,,,,,,,,,,,,,,
Sufjan Stevens,The Palm Sunday Tornado Hits Crystal Lake,,,,,,,,,,,,,,,,
Alestorm,Of Treasure,1.0,0.8,0.0,0.4,1.0,0.8,0.0,0.0,0.0,0.0,0.0,0.0,0.4,0.6,1.0,0.0
Blood Red Shoes,Try Harder,,,,,,,,,,,,,,,,
Pain Of Salvation,Fandango,,,,,,,,,,,,,,,,
Pain Of Salvation,Lilium Cruentus,,,,,,,,,,,,,,,,
Alestorm,Set Sail And Conquer,,,,,,,,,,,,,,,,
Alestorm,Wenches & Mead,,,,,,,,,,,,,,,,
Filter,Skinny,,,,,,,,,,,,,,,,
Scooter,Fire,,,,,,,,,,,,,,,,
Black Lips,Boomerang,,,,,,,,,,,,,,,,
Misfits,Hellhound,,,,,,,,,,,,,,,,
Misfits,Pumpkin Head,,,,,,,,,,,,,,,,
Go Tell It On The Mountain,Swan Silverstones,,,,,,,,,,,,,,,,
The Clash,Pressure Drop,,,,,,,,,,,,,,,,
Viikate,Tie,,,,,,,,,,,,,,,,
Angie Stone,Wish I Didn'T Miss You,,,,,,,,,,,,,,,,
Conor Oberst,Souled Out!!!,,,,,,,,,,,,,,,,
Kmfdm,Leid Und Elend,,,,,,,,,,,,,,,,
Modest Mouse,Dog Paddle,,,,,,,,,,,,,,,,
Spın̈Al Tap,Gimme Some Money,,,,,,,,,,,,,,,,
Klaxons,Trick Or Treatz (Klaxons Remix),,,,,,,,,,,,,,,,
Mogwai,A Cheery Wave From Stranded Youngsters (Third Eye Foundation Tet Offensive Remix),,,,,,,,,,,,,,,,
Klimt 1918,Sleepwalk In Rome,,,,,,,,,,,,,,,,
Squarepusher,The Exploding Psychology,,,,,,,,,,,,,,,,
Kling Klang,Radio Hotel,,,,,,,,,,,,,,,,
Turbonegro,Remain Untamed,,,,,,,,,,,,,,,,
Kmfdm,From Here On Out,,,,,,,,,,,,,,,,
Stabbing Westward,Desperate Now,,,,,,,,,,,,,,,,
Turbonegro,The Blizzard Of Flames,,,,,,,,,,,,,,,,
Turbonegro,Ride With Us,,,,,,,,,,,,,,,,
Stabbing Westward,Everything I Touch,,,,,,,,,,,,,,,,
Stabbing Westward,How Can I Hold On,,,,,,,,,,,,,,,,
Modwheelmood,Things Will Change,,,,,,,,,,,,,,,,
Shania Twain,I'M Gonna Getcha Good!,,,,,,,,,,,,,,,,
Felix Da Housecat,Happy Hour,,,,,,,,,,,,,,,,
George Michael,Flawless (Go To The City),,,,,,,,,,,,,,,,
Staind,Fray,,,,,,,,,,,,,,,,
Dana Fuchs,Why Don'T We Do It In The Road?,,,,,,,,,,,,,,,,
Dan Le Sac Vs. Scroobius Pip,Development,,,,,,,,,,,,,,,,
Pain,Does It Really Matter,,,,,,,,,,,,,,,,
Damien Jurado,Ohio,,,,,,,,,,,,,,,,
Luna,23 Minutes In Brussels,,,,,,,,,,,,,,,,
Elvis Presley,Are You Lonesome Tonight?,,,,,,,,,,,,,,,,
Lumsk,Ormin Lange,,,,,,,,,,,,,,,,
De-Phazz,Nu Chic,,,,,,,,,,,,,,,,
De-Phazz,The Mambo Craze (Ur Craze Remix),,,,,,,,,,,,,,,,
De-Phazz,Squeeze The Trigger,,,,,,,,,,,,,,,,
Alela Diane,Tired Feet,,,,,,,,,,,,,,,,
Alela Diane,The Pirate'S Gospel,,,,,,,,,,,,,,,,
Catupecu Machu,Y Lo Que Quiero Es Que Pises Sin El Suelo,,,,,,,,,,,,,,,,
Alejandro Sanz,Corazón Partío,,,,,,,,,,,,,,,,
Ultrabeat,Pretty Green Eyes,,,,,,,,,,,,,,,,
The Jesus And Mary Chain,Psycho Candy (John Peel Session),,,,,,,,,,,,,,,,
The Jesus And Mary Chain,Here It Comes Again,,,,,,,,,,,,,,,,
Immortal Technique,Dance With The Devil,,,,,,,,,,,,,,,,
The Teenagers,Streets Of Paris,,,,,,,,,,,,,,,,
Isis,False Light,,,,,,,,,,,,,,,,
Luna,Sideshow By The Seashore,,,,,,,,,,,,,,,,
Iron Maiden,Losfer Words (Big 'Orra),,,,,,,,,,,,,,,,
Patti Smith,Smells Like Teen Spirit,,,,,,,,,,,,,,,,
Alice In Videoland,Cut The Crap,,,,,,,,,,,,,,,,
Alice In Chains,Over Now,,,,,,,,,,,,,,,,
Immortal Technique,The Cause Of Death,,,,,,,,,,,,,,,,
Seabear,Arms,,,,,,,,,,,,,,,,
Bloodbath,Bastard Son Of God,,,,,,,,,,,,,,,,
Mahogany,The View From The People Wall,,,,,,,,,,,,,,,,
Lupe Fiasco,Hi-Definition (Feat. Snoop Dogg & Pooh Bear),,,,,,,,,,,,,,,,
Apparat,Warm Signal,,,,,,,,,,,,,,,,
The Apples In Stereo,Benefits Of Lying (With Your Friend),,,,,,,,,,,,,,,,
The Animals,We Gotta Get Out Of This Place,,,,,,,,,,,,,,,,
Klaxons,As Above So Below,,,,,,,,,,,,,,,,
Έλενα Παπαρίζου,Mambo!,,,,,,,,,,,,,,,,
The Weepies,Living In Twilight,,,,,,,,,,,,,,,,
Klaus Nomi,Simple Man,,,,,,,,,,,,,,,,
Darkthrone,Eon,,,,,,,,,,,,,,,,
Conjure One,Make A Wish,,,,,,,,,,,,,,,,
Tomte,New York,,,,,,,,,,,,,,,,
Mogwai,Rollerball,,,,,,,,,,,,,,,,
God Is An Astronaut,Grace Descending,,,,,,,,,,,,,,,,
God Lives Underwater,Don'T Know How To Be,,,,,,,,,,,,,,,,
Breaking Benjamin,Polyamorous,,,,,,,,,,,,,,,,
Evergrey,Harmless Wishes,,,,,,,,,,,,,,,,
Everything But The Girl,Walking Wounded,,,,,,,,,,,,,,,,
Klaus Nomi,Total Eclipse,,,,,,,,,,,,,,,,
Islands,In The Rushes,,,,,,,,,,,,,,,,
Elliott Smith,Half Right,,,,,,,,,,,,,,,,
Beulah,Ballad Of The Lonely Argonaut,,,,,,,,,,,,,,,,
Arsis,The Face Of My Innocence,,,,,,,,,,,,,,,,
The Jesus Lizard,Puss,,,,,,,,,,,,,,,,
Beulah,Calm Go The Wild Seas,,,,,,,,,,,,,,,,
Antonio Vivaldi,Concerto In G,0.0,0.0,0.0,0.0,0.0,0.0,0.0,1.0,0.0,0.0,0.0,0.0,0.0,0.0,0.0,0.0
Elton John,Don'T Let The Sun Go Down On Me (Live),,,,,,,,,,,,,,,,
Dir En Grey,Lie Buried With A Vengeance,,,,,,,,,,,,,,,,
The Beatles,When I'M Sixty Four,,,,,,,,,,,,,,,,
Scary Kids Scaring Kids,My Darkest Hour,,,,,,,,,,,,,,,,
Firehouse,Get In Touch,,,,,,,,,,,,,,,,
Finntroll,Ursvamp,,,,,,,,,,,,,,,,
School Of Seven Bells,Iamundernodisguise,,,,,,,,,,,,,,,,
Everything But The Girl,Missing (Todd Terry Remix),,,,,,,,,,,,,,,,
The Radio Dept.,This Past Week,,,,,,,,,,,,,,,,
Razor,Iron Hammer,,,,,,,,,,,,,,,,
Breaking Benjamin,Believe,,,,,,,,,,,,,,,,
Vision Divine,Eyes Of A Child,,,,,,,,,,,,,,,,
Vision Divine,Alpha & Omega,,,,,,,,,,,,,,,,
God Lives Underwater,72 Hour Hold,,,,,,,,,,,,,,,,
Minutemen,Shit From An Old Notebook,,,,,,,,,,,,,,,,
The Crystal Method,Weapons Of Mass Distortion,,,,,,,,,,,,,,,,
Dope Stars Inc.,Infection 13,,,,,,,,,,,,,,,,
Ricardo Arjona,Minutos,,,,,,,,,,,,,,,,
Communiqué,Evaporate,,,,,,,,,,,,,,,,
Miranda!,El Profe,,,,,,,,,,,,,,,,
Black Lips,Let It Grow,,,,,,,,,,,,,,,,
Black Lips,Take My Heart,,,,,,,,,,,,,,,,
Minus The Bear,Part 2,,,,,,,,,,,,,,,,
Miranda!,Traición,,,,,,,,,,,,,,,,
Minus The Bear,White Mystery,,,,,,,,,,,,,,,,
Saves The Day,Monkey,,,,,,,,,,,,,,,,
The Go! Team,We Listen Everyday,,,,,,,,,,,,,,,,
Trentemøller,Killer Kat,,,,,,,,,,,,,,,,
Scar Symmetry,Carved In Stone,,,,,,,,,,,,,,,,
Paul Oakenfold,Dread Rock,,,,,,,,,,,,,,,,
The Jimi Hendrix Experience,Castles Made Of Sand,,,,,,,,,,,,,,,,
The Jimi Hendrix Experience,1983... (A Merman I Should Turn To Be),,,,,,,,,,,,,,,,
Cher,Strong Enough,,,,,,,,,,,,,,,,
Paul Anka,Wonderwall,,,,,,,,,,,,,,,,
Slipknot,I Am Hated,,,,,,,,,,,,,,,,
Isobel Campbell,Amorino,,,,,,,,,,,,,,,,
Slayer,New Faith,,,,,,,,,,,,,,,,
Kiss,Plaster Caster,,,,,,,,,,,,,,,,
Paavoharju,Syvyys,,,,,,,,,,,,,,,,
Isobel Campbell,Johnny Come Home,,,,,,,,,,,,,,,,
The Roots,Livin' In A New World,,,,,,,,,,,,,,,,
Black Lips,Trapped In A Basement,,,,,,,,,,,,,,,,
Stam1Na,Merestä Maalle,,,,,,,,,,,,,,,,
Dope Stars Inc.,Braindamage,,,,,,,,,,,,,,,,
Shinedown,Lost In The Crowd,,,,,,,,,,,,,,,,
Spoon,Car Radio,,,,,,,,,,,,,,,,
Breaking Benjamin,Unknown Soldier,,,,,,,,,,,,,,,,
Kings Of Convenience,Weight Of My Words,,,,,,,,,,,,,,,,
Kingston Wall,Shine On Me,,,,,,,,,,,,,,,,
The Radio Dept.,Someone Else,,,,,,,,,,,,,,,,
Common,Chi City,,,,,,,,,,,,,,,,
Abdullah Ibrahim,Blue Bolero,,,,,,,,,,,,,,,,
Shiny Toy Guns,Joel'S Theme,,,,,,,,,,,,,,,,
The Aliens,I Am The Unknown,,,,,,,,,,,,,,,,
Kiss,Do You Remember Rock 'N' Roll Radio,,,,,,,,,,,,,,,,
Vision Divine,The Daemon You Hide,,,,,,,,,,,,,,,,
Mokoma,Pois Se Minusta,,,,,,,,,,,,,,,,
Minor Threat,Guilty Of Being White,,,,,,,,,,,,,,,,
Stam1Na,Voima Vastaan Viha,,,,,,,,,,,,,,,,
The Clash,Guns Of Brixton,,,,,,,,,,,,,,,,
Richard Buckner,Lil Wallet Picture,,,,,,,,,,,,,,,,
Catatonia,Road Rage,,,,,,,,,,,,,,,,
P!Nk,I Don'T Believe You,,,,,,,,,,,,,,,,
Beulah,Silverado Days,,,,,,,,,,,,,,,,
Sloan,Ill Placed Trust,,,,,,,,,,,,,,,,
Art Of Noise,Peter Gunn,,,,,,,,,,,,,,,,
Over The Rhine,Born,,,,,,,,,,,,,,,,
Backyard Babies,Voodoo Love Bow,,,,,,,,,,,,,,,,
Iio,Is It Love (Kotala Radio Edit),,,,,,,,,,,,,,,,
Ellen Allien & Apparat,Rotary,,,,,,,,,,,,,,,,
Elliott Smith,Condor Ave,,,,,,,,,,,,,,,,
Catatonia,Game On,,,,,,,,,,,,,,,,
Ufo,Lights Out,,,,,,,,,,,,,,,,
Scarling.,Band Aid Covers The Bullet Hole,,,,,,,,,,,,,,,,
Scarling.,The Last Day I Was Happy,,,,,,,,,,,,,,,,
Wu-Tang Clan,Heaterz,,,,,,,,,,,,,,,,
Tom Petty And The Heartbreakers,It'Ll All Work Out,,,,,,,,,,,,,,,,
Fischerspooner,Just Let Go (Thin White Duke Remix),,,,,,,,,,,,,,,,
Scars On Broadway,Babylon,,,,,,,,,,,,,,,,
Damian Marley,Confrontation,,,,,,,,,,,,,,,,
Say Hi To Your Mom,Pop Music Of The Future,,,,,,,,,,,,,,,,
The Roots,You Got Me,,,,,,,,,,,,,,,,
Kimya Dawson,It'S Been Raining,,,,,,,,,,,,,,,,
The Rosebuds,4-Track Love Song,,,,,,,,,,,,,,,,
Boozoo Bajou,Camioux,,,,,,,,,,,,,,,,
Bebel Gilberto,Sem Contencao,,,,,,,,,,,,,,,,
The Rosebuds,I Better Run,,,,,,,,,,,,,,,,
The Rosebuds,Shake Our Tree,,,,,,,,,,,,,,,,
The Cure,Apart,,,,,,,,,,,,,,,,
Abigail Washburn,Sometimes,,,,,,,,,,,,,,,,
The Cult,Sweet Soul Sister,,,,,,,,,,,,,,,,
Gojira,Blow Me Away You(Niverse),,,,,,,,,,,,,,,,
Dream Evil,My Number One,,,,,,,,,,,,,,,,
Turisas,Rex Regi Rebellis,,,,,,,,,,,,,,,,
Gomez,Make No Sound,,,,,,,,,,,,,,,,
Overkill,Rotten To The Core,,,,,,,,,,,,,,,,
Goldfrapp,Utopia (New Ears Mix),0.4,0.2,1.0,0.4,0.2,0.2,0.0,0.4,0.0,0.0,0.0,0.0,1.0,0.8,0.4,0.0
J Dilla,Glazed,,,,,,,,,,,,,,,,
Cat Stevens,Tea For The Tillerman,,,,,,,,,,,,,,,,
Catamenia,Kuolon Tanssi,,,,,,,,,,,,,,,,
Beyoncé,Baby Boy (Feat. Sean Paul),,,,,,,,,,,,,,,,
Tori Amos,Pandora'S Aquarium,,,,,,,,,,,,,,,,
Alien Ant Farm,Courage,,,,,,,,,,,,,,,,
Idlewild,Tell Me Ten Words,,,,,,,,,,,,,,,,
Elvis Presley,Return To Sender,,,,,,,,,,,,,,,,
Alicia Keys,Wake Up,,,,,,,,,,,,,,,,
Wu-Tang Clan,Wolves (Feat. George Clinton),,,,,,,,,,,,,,,,
Idlewild,Listen To What You'Ve Got,,,,,,,,,,,,,,,,
Chet Baker,Time After Time,,,,,,,,,,,,,,,,
Paul Van Dyk,Beautiful Place,,,,,,,,,,,,,,,,
The Go! Team,Flashlight Fight (Live),,,,,,,,,,,,,,,,
Good Riddance,Shame,,,,,,,,,,,,,,,,
Rasputina,High On Life,,,,,,,,,,,,,,,,
Gomez,Shot Shot,,,,,,,,,,,,,,,,
Rasputina,Rock And Roll,,,,,,,,,,,,,,,,
Killing Joke,Kings And Queens,,,,,,,,,,,,,,,,
Gomez,We Haven'T Turned Around,,,,,,,,,,,,,,,,
Turisas,Katuman Kaiku,,,,,,,,,,,,,,,,
Good Charlotte,All Black,,,,,,,,,,,,,,,,
Beck,Cell Phone'S Dead,,,,,,,,,,,,,,,,
Killing Joke,Requiem,,,,,,,,,,,,,,,,
Moonspell,Sons Of Earth,,,,,,,,,,,,,,,,
Killswitch Engage,Rise Inside,,,,,,,,,,,,,,,,
Tragedy,Eyes Of Madness,,,,,,,,,,,,,,,,
Morcheeba,A Well Deserved Break,,,,,,,,,,,,,,,,
The White Stripes,Icky Thump (Album),,,,,,,,,,,,,,,,
Killing Joke,Wardance,,,,,,,,,,,,,,,,
Chicane,Saltwater (Original Mix),,,,,,,,,,,,,,,,
The Georgia Satellites,Hard Luck Boy,,,,,,,,,,,,,,,,
The Georgia Satellites,Hippy Hippy Shake,,,,,,,,,,,,,,,,
Ultravox,Astradyne,,,,,,,,,,,,,,,,
The Georgia Satellites,Another Chance,,,,,,,,,,,,,,,,
Beyoncé,Dangerously In Love 2,,,,,,,,,,,,,,,,
Elvis Presley,Stuck On You,,,,,,,,,,,,,,,,
Lucinda Williams,I Lost It,,,,,,,,,,,,,,,,
The Supernaturals,I Wasn'T Built To Get Up,,,,,,,,,,,,,,,,
Elza Soarez,Mas Que Nada,,,,,,,,,,,,,,,,
1200 Micrograms,Numberstruck,,,,,,,,,,,,,,,,
Mandalay,Deep Love (Nitin Sawhney Remix),,,,,,,,,,,,,,,,
12 Stones,Stay,,,,,,,,,,,,,,,,
Blind Melon,Change,,,,,,,,,,,,,,,,
Lucky Soul,The Great Unwanted,,,,,,,,,,,,,,,,
Sérgio Mendes,Mas Que Nada,,,,,,,,,,,,,,,,
The Warlocks,Moving Mountains,,,,,,,,,,,,,,,,
Minus 8,Starlight,,,,,,,,,,,,,,,,
Fad Gadget,Love Parasite,,,,,,,,,,,,,,,,
Sébastien Tellier,Sexual Sportswear,,,,,,,,,,,,,,,,
Beastie Boys,Eugene'S Lament,,,,,,,,,,,,,,,,
Ministry,You Know What You Are,,,,,,,,,,,,,,,,
The Apples In Stereo,Joanie Don'T U Worry,,,,,,,,,,,,,,,,
Dark Tranquillity,The Sun Fired Blanks,,,,,,,,,,,,,,,,
Dark Tranquillity,The Gallery,,,,,,,,,,,,,,,,
Booka Shade,Outskirts,,,,,,,,,,,,,,,,
Tortoise,Eden 2,,,,,,,,,,,,,,,,
Fahrenheit,Siente El Silencio,,,,,,,,,,,,,,,,
Teenager,Pony,,,,,,,,,,,,,,,,
Dead Poetic,Hostages,,,,,,,,,,,,,,,,
Jack Off Jill,Vivica,,,,,,,,,,,,,,,,
Ott,Jack'S Cheese And Bread Snack,,,,,,,,,,,,,,,,
Cat Power,Not What You Want,,,,,,,,,,,,,,,,
Other Men,In This Wind,,,,,,,,,,,,,,,,
Other Men,Kind Of Off To The Side A Bit,,,,,,,,,,,,,,,,
Cat Power,We All Die,,,,,,,,,,,,,,,,
Other Men,Self-Fulfilling Boss Coffee Vending Machine Prophecy,,,,,,,,,,,,,,,,
Tortoise,I Set My Face To The Hillside,,,,,,,,,,,,,,,,
Slowdive,Visions Of La,,,,,,,,,,,,,,,,
Ellen Allien,Down,,,,,,,,,,,,,,,,
Sloan,Love Is All Around,,,,,,,,,,,,,,,,
The Georgia Satellites,Almost Saturday Night / Rockin' All Over The World,,,,,,,,,,,,,,,,
Ott,Cley Hill,,,,,,,,,,,,,,,,
Other Men,Strapped,,,,,,,,,,,,,,,,
Jack Off Jill,Nazi Halo,,,,,,,,,,,,,,,,
Jack Johnson,What You Thought You Need,,,,,,,,,,,,,,,,
This Is Your Captain Speaking,Gathering Pieces,,,,,,,,,,,,,,,,
Dream Theater,Space-Dye Vest,,,,,,,,,,,,,,,,
T. Rex,The Motivator,,,,,,,,,,,,,,,,
Azure Ray,Another Week,,,,,,,,,,,,,,,,
Combichrist,Happy Fcuking Birthday,,,,,,,,,,,,,,,,
Morcheeba,What New York Couples Fight About,,,,,,,,,,,,,,,,
Come Home For Christmas,The Platters,,,,,,,,,,,,,,,,
Andrew W.K.,Never Let Down,,,,,,,,,,,,,,,,
The Cure,Just One Kiss,,,,,,,,,,,,,,,,
Ramones,Outsider,,,,,,,,,,,,,,,,
Rancid,Out Of Control,,,,,,,,,,,,,,,,
Morning Runner,The Great Escape,,,,,,,,,,,,,,,,
Good Shoes,Photos,,,,,,,,,,,,,,,,
The Warlocks,House Of Glass,,,,,,,,,,,,,,,,
Symphony X,Seven,,,,,,,,,,,,,,,,
Rancid,Hoover Street,,,,,,,,,,,,,,,,
The Warlocks,Above Earth,,,,,,,,,,,,,,,,
The Gathering,Shot To Pieces,,,,,,,,,,,,,,,,
The Gathering,Solace,,,,,,,,,,,,,,,,
Idlewild,I'M A Message,,,,,,,,,,,,,,,,
Blind Guardian,The Soulforged,,,,,,,,,,,,,,,,
Dire Straits,Love Over Gold,,,,,,,,,,,,,,,,
Tricky,You Don'T,,,,,,,,,,,,,,,,
Dir En Grey,朔-Saku-,,,,,,,,,,,,,,,,
1200 Micrograms,Shiva'S India,,,,,,,,,,,,,,,,
Genesis,Cul-De-Sac,,,,,,,,,,,,,,,,
Dictaphone,M.=Addiction,,,,,,,,,,,,,,,,
Barenaked Ladies,Celebrity,,,,,,,,,,,,,,,,
Morrissey,Margaret On The Guillotine,,,,,,,,,,,,,,,,
Brian Eno,No One Receiving,,,,,,,,,,,,,,,,
Brian Eno,Over Fire Island,,,,,,,,,,,,,,,,
Covenant,One World One Sky,,,,,,,,,,,,,,,,
Ramones,Rock N Roll High School,,,,,,,,,,,,,,,,
Genesis,The Battle Of Epping Forest,,,,,,,,,,,,,,,,
Ramones,Strength To Endure,,,,,,,,,,,,,,,,
Unkle,Restless,,,,,,,,,,,,,,,,
Gorefest,You Could Make Me Kill,,,,,,,,,,,,,,,,
Toni Braxton,I Wanna Be (Your Baby),,,,,,,,,,,,,,,,
Mors Principium Est,The Glass Womb,,,,,,,,,,,,,,,,
Tracy Chapman,Speak The Word,,,,,,,,,,,,,,,,
Shitdisco,Lover Of Others,,,,,,,,,,,,,,,,
Eurythmics,Would I Lie To You?,,,,,,,,,,,,,,,,
Savage Garden,Promises,,,,,,,,,,,,,,,,
Pavement,Grave Architecture,,,,,,,,,,,,,,,,
Bent,Strictly Bongo,,,,,,,,,,,,,,,,
Orchestral Manoeuvres In The Dark,Gravity Never Failed,,,,,,,,,,,,,,,,
Orchestral Manoeuvres In The Dark,Pretending To See The Future,,,,,,,,,,,,,,,,
Alanis Morissette,So-Called Chaos,,,,,,,,,,,,,,,,
Thrice,Hold Fast Hope,,,,,,,,,,,,,,,,
Iced Earth,Ghost Of Freedom,,,,,,,,,,,,,,,,
Alanis Morissette,Tapes,,,,,,,,,,,,,,,,
Orson,Bright Idea,,,,,,,,,,,,,,,,
Oscar Peterson,Tenderly,,,,,,,,,,,,,,,,
Ramones,I Don'T Want You,,,,,,,,,,,,,,,,
Khoiba,Mellowdrama,,,,,,,,,,,,,,,,
Brian Eno & David Byrne,Help Me Somebody,,,,,,,,,,,,,,,,
Mors Principium Est,Finality,,,,,,,,,,,,,,,,
Andrew Lloyd Webber,I Don'T Know How To Love Him,,,,,,,,,,,,,,,,
The White Stripes,Screwdriver,,,,,,,,,,,,,,,,
Andrew Lloyd Webber,The Music Of The Night,,,,,,,,,,,,,,,,
Ministry,Destruction,,,,,,,,,,,,,,,,
Booka Shade,Lost High,,,,,,,,,,,,,,,,
A Perfect Circle,Gimmie Gimmie Gimmie,,,,,,,,,,,,,,,,
Black Mountain,No Hits,,,,,,,,,,,,,,,,
Серебро,Song No. 1 (Russia),,,,,,,,,,,,,,,,
Ministry,No W,,,,,,,,,,,,,,,,
Milosh,You Fill Me,,,,,,,,,,,,,,,,
Kult,Do Ani,,,,,,,,,,,,,,,,
Ministry,Supermanic Soul,,,,,,,,,,,,,,,,
Alison Krauss,It Don'T Matter Now,,,,,,,,,,,,,,,,
U2,Staring At The Sun (New Mix),,,,,,,,,,,,,,,,
Slowdive,Blue Skied An' Clear,,,,,,,,,,,,,,,,
Pearl Jam,Black (Remix),,,,,,,,,,,,,,,,
Slowdive,Shine,,,,,,,,,,,,,,,,
Orbital,You Lot,,,,,,,,,,,,,,,,
Alison Krauss,When You Say Nothing At All,,,,,,,,,,,,,,,,
Manic Street Preachers,A Song For Departure,,,,,,,,,,,,,,,,
Manic Street Preachers,4 Ever Delayed,,,,,,,,,,,,,,,,
Tom Waits,Gun Street Girl,,,,,,,,,,,,,,,,
13 & God,Soft Atlas,,,,,,,,,,,,,,,,
Saves The Day,Jukebox Breakdown,,,,,,,,,,,,,,,,
Mortal Love,Hate To Feel,,,,,,,,,,,,,,,,
Saves The Day,In Reverie,,,,,,,,,,,,,,,,
T.A.T.U.,Clowns (Can You See Me Now?),,,,,,,,,,,,,,,,
Kylie Minogue,Promises,,,,,,,,,,,,,,,,
Dream Theater,The Silent Man,,,,,,,,,,,,,,,,
The Album Leaf,Into The Sea,,,,,,,,,,,,,,,,
Spiritualized,Cool Waves,,,,,,,,,,,,,,,,
Dashboard Confessional,Saints And Sailors,,,,,,,,,,,,,,,,
Kylie Minogue,Red Blooded Women,0.4,0.4,0.8,0.4,0.2,0.0,0.0,0.0,0.0,0.4,0.0,0.0,0.8,0.6,0.6,0.0
The Album Leaf,Broken Arrow,,,,,,,,,,,,,,,,
Andrew Bird,Weather Systems,,,,,,,,,,,,,,,,
The Cinematic Orchestra,Evolution (Versao Portuense),,,,,,,,,,,,,,,,
The Cinematic Orchestra,Theme Reprise,,,,,,,,,,,,,,,,
Covenant,Go Film,,,,,,,,,,,,,,,,
Rilo Kiley,Sword,,,,,,,,,,,,,,,,
Ani Difranco,Dog Coffee,,,,,,,,,,,,,,,,
Rinaldi Sings,Come Again,,,,,,,,,,,,,,,,
Keren Ann,Dans Ma Ville,,,,,,,,,,,,,,,,
Volbeat,Boa (Jdm),,,,,,,,,,,,,,,,
Keren Ann,Sur Le Fil,,,,,,,,,,,,,,,,
Ketil Bjørnstad,Shimmering,,,,,,,,,,,,,,,,
Grabba Grabba Tape,Jaaj Ajja: Juanlumigas En Los Ojos,,,,,,,,,,,,,,,,
Beck,Sing It Again,,,,,,,,,,,,,,,,
Peaches,Give 'Er,,,,,,,,,,,,,,,,
Bent,Waiting For You,,,,,,,,,,,,,,,,
Manic Street Preachers,So Why So Sad,,,,,,,,,,,,,,,,
Caspian,Some Are White Light,,,,,,,,,,,,,,,,
Orbital,Belfast,,,,,,,,,,,,,,,,
James Blunt,Fall At Your Feet,,,,,,,,,,,,,,,,
Tori Amos,Mary,,,,,,,,,,,,,,,,
Bad Religion,Come Join Us,,,,,,,,,,,,,,,,
James Blunt,I Really Want You,,,,,,,,,,,,,,,,
Iamx,S.H.E,,,,,,,,,,,,,,,,
Orbital,The Girl With The Sun In Her Head,,,,,,,,,,,,,,,,
Teenage Fanclub,Satan,,,,,,,,,,,,,,,,
The Protomen,Vengeance,,,,,,,,,,,,,,,,
Teenage Fanclub,Star Sign,,,,,,,,,,,,,,,,
The Protomen,Hope Rides Alone,,,,,,,,,,,,,,,,
Radiohead,Lull,,,,,,,,,,,,,,,,
Timbaland,The Way I Are (Feat. Keri Hilson And D.O.E.),,,,,,,,,,,,,,,,
Grand Archives,Torn Blue Foam Couch,,,,,,,,,,,,,,,,
Kent,Sömnen,,,,,,,,,,,,,,,,
The Prodigy,Your Love (Remix),,,,,,,,,,,,,,,,
The Cure,The Upstairs Room,,,,,,,,,,,,,,,,
Grandaddy,Florida,,,,,,,,,,,,,,,,
The Cure,There Is No If ...,,,,,,,,,,,,,,,,
T.I.,Porn Star,,,,,,,,,,,,,,,,
Björk,Arabadrengurinn,,,,,,,,,,,,,,,,
Björk,Anchor Song,,,,,,,,,,,,,,,,
The Damned,Stab Your Back,,,,,,,,,,,,,,,,
The Prodigy,We Are The Ruffest,,,,,,,,,,,,,,,,
Radiohead,Sit Down. Stand Up,,,,,,,,,,,,,,,,
Unkle,Blade In The Back (Feat. Gavin Clark),,,,,,,,,,,,,,,,
The Prodigy,Weather Experience,,,,,,,,,,,,,,,,
Voxtrot,Trouble,,,,,,,,,,,,,,,,
Grant Lee Buffalo,The Whole Shebang,,,,,,,,,,,,,,,,
Faith No More,Helpless,,,,,,,,,,,,,,,,
Bang Gang,Stop In The Name Of Love,,,,,,,,,,,,,,,,
L'Arc~En~Ciel,Link -Kiss Mix-,,,,,,,,,,,,,,,,
Kyuss,Allen'S Wrench,,,,,,,,,,,,,,,,
The Walkmen,The North Pole,,,,,,,,,,,,,,,,
Kyuss,Mondo Generator,,,,,,,,,,,,,,,,
Gavin Rossdale,Adrenaline (Tweaker Remix),,,,,,,,,,,,,,,,
Gatsbys American Dream,Theatre,,,,,,,,,,,,,,,,
L7,Wargasm,,,,,,,,,,,,,,,,
Milburn,Lipstick Licking,,,,,,,,,,,,,,,,
Symarip,Skinhead Moonstomp,,,,,,,,,,,,,,,,
Static-X,I'M The One,,,,,,,,,,,,,,,,
Symphony X,Egypt,,,,,,,,,,,,,,,,
Jamie T,Alicia Quays,,,,,,,,,,,,,,,,
Cradle Of Filth,Beauty Slept In Sodom,,,,,,,,,,,,,,,,
Ani Difranco,Joyful Girl,,,,,,,,,,,,,,,,
Pearl Jam,Wishlist (Live),0.8,0.4,0.0,0.2,0.8,0.4,0.6,0.0,0.0,0.0,0.0,0.0,0.0,0.0,0.8,0.0
Peeping Tom,Your Neighborhood Spaceman (Feat. Jel And Odd Nosdam),,,,,,,,,,,,,,,,
Pearl Jam,W.M.A.,,,,,,,,,,,,,,,,
Satyricon,Filthgrinder,,,,,,,,,,,,,,,,
Manic Street Preachers,Mr Carbohydrate,,,,,,,,,,,,,,,,
The Gaslight Anthem,High Lonesome,,,,,,,,,,,,,,,,
L7,One More Thing,,,,,,,,,,,,,,,,
Sash!,Mysterious Times,,,,,,,,,,,,,,,,
Saul Williams,Act Iii Scene 2 (Shakespeare),,,,,,,,,,,,,,,,
The Sugarhill Gang,Apache,,,,,,,,,,,,,,,,
Flosstradamus,Act A Fool (Ravestradamus Myspace),,,,,,,,,,,,,,,,
Sasha,Cloud Cuckoo,,,,,,,,,,,,,,,,
Biffy Clyro,Get Fucked Stud,1.0,1.0,0.0,0.4,1.0,1.0,0.0,0.0,0.0,0.0,0.0,0.0,0.4,0.6,1.0,0.0
Jamie Cullum,These Are The Days,,,,,,,,,,,,,,,,
Jamiroquai,Radio,,,,,,,,,,,,,,,,
Jamiroquai,Feel So Good,,,,,,,,,,,,,,,,
Jamiroquai,Falling,,,,,,,,,,,,,,,,
Jamiroquai,Black Capricorn Day,,,,,,,,,,,,,,,,
Deadman,Blue Berry (Blue Page New Version),,,,,,,,,,,,,,,,
Cascada,Because The Night,,,,,,,,,,,,,,,,
The Kills,No Wow/Telephone Radio Germany,0.6,0.6,0.8,0.2,0.8,0.8,0.0,0.0,0.0,0.0,0.0,0.0,0.4,0.6,0.6,0.0
Teddybears Sthlm,Yours To Keep,,,,,,,,,,,,,,,,
Teenage Fanclub,December,,,,,,,,,,,,,,,,
Ximena Abarca,Amor Violento,,,,,,,,,,,,,,,,
Emilie Autumn,Leech Jar,,,,,,,,,,,,,,,,
Jamie Cullum,Get Your Way,,,,,,,,,,,,,,,,
Backyard Babies,Heroes & Heroines,,,,,,,,,,,,,,,,
The Dandy Warhols,Love Song,,,,,,,,,,,,,,,,
Dredg,Brushstroke: An Elephant In The Delta Waves,,,,,,,,,,,,,,,,
The Dandy Warhols,Talk Radio,,,,,,,,,,,,,,,,
Motörhead,On Parole,,,,,,,,,,,,,,,,
The Cinematic Orchestra,Durian,,,,,,,,,,,,,,,,
Eternal Tears Of Sorrow,Autumn'S Grief,,,,,,,,,,,,,,,,
Uniting Nations,Ai No Corrida,,,,,,,,,,,,,,,,
Arab Strap,The First Big Weekend,,,,,,,,,,,,,,,,
T.A.T.U.,Show Me Love (Extended Version),,,,,,,,,,,,,,,,
Daughters Of Gaia,Blessed Be,,,,,,,,,,,,,,,,
Rjd2,Ghostwriter (Remix),,,,,,,,,,,,,,,,
T.A.T.U.,Ya Soshla S Uma,,,,,,,,,,,,,,,,
Status Quo,Roll Over Lay Down,,,,,,,,,,,,,,,,
Dolores O'Riordan,In The Garden,,,,,,,,,,,,,,,,
Starsailor,She Just Wept,,,,,,,,,,,,,,,,
The Kills,Ticket Man,0.8,0.6,0.4,0.6,1.0,0.8,0.0,0.0,0.0,0.0,0.0,0.0,0.0,0.0,0.8,0.0
Daughters Of Gaia,Womanspirit,,,,,,,,,,,,,,,,
Cradle Of Filth,Funeral In Carpathia,,,,,,,,,,,,,,,,
State Radio,Gunship Politico,,,,,,,,,,,,,,,,
Janis Joplin,Maybe,,,,,,,,,,,,,,,,
Dawn Of Ashes,A Blade In The Dark,,,,,,,,,,,,,,,,
Ulver,It Is Not Sound,,,,,,,,,,,,,,,,
The Used,Bulimic,,,,,,,,,,,,,,,,
Blur,Bad Day,,,,,,,,,,,,,,,,
Manowar,Shell Shock,,,,,,,,,,,,,,,,
Blind Guardian,Battlefield,,,,,,,,,,,,,,,,
Mansun,Negative,,,,,,,,,,,,,,,,
Manson Vs. Princess Superstars,Perfect (Exceeder),,,,,,,,,,,,,,,,
The Submarines,Brighter Discontent,,,,,,,,,,,,,,,,
Blues Traveler,Freedom,,,,,,,,,,,,,,,,
Blues Brothers,Sweet Home Chicago,,,,,,,,,,,,,,,,
Manowar,An American Trilogy,,,,,,,,,,,,,,,,
Manowar,Master Of The Wind,,,,,,,,,,,,,,,,
Ac/Dc,Rock 'N' Roll Damnation,,,,,,,,,,,,,,,,
Apostle Of Hustle,Haul Away,,,,,,,,,,,,,,,,
Manowar,Metal Warriors,,,,,,,,,,,,,,,,
Apparat,Cerro Largo,,,,,,,,,,,,,,,,
Ac/Dc,Night Of The Long Knives,,,,,,,,,,,,,,,,
Motörhead,Orgasmatron,,,,,,,,,,,,,,,,
Björk,After Five Years,,,,,,,,,,,,,,,,
Bedouin Soundclash,Jeb Rand,,,,,,,,,,,,,,,,
The Dandy Warhols,And Then I Dreamt Of Yes,,,,,,,,,,,,,,,,
Great Lake Swimmers,Changing Colours,0.6,0.4,0.0,0.4,0.4,0.2,0.8,0.0,0.0,0.2,0.0,0.0,0.0,0.0,0.6,0.0
The Dandy Warhols,Easy,,,,,,,,,,,,,,,,
Bright Eyes,Happy Birthday To Me (Feb. 15),,,,,,,,,,,,,,,,
And One,So Klingt Liebe,,,,,,,,,,,,,,,,
And One,Für Immer,,,,,,,,,,,,,,,,
Ac/Dc,You Ain'T Got A Hold On Me,,,,,,,,,,,,,,,,
R.E.M.,The Outsiders,,,,,,,,,,,,,,,,
Great Lake Swimmers,I Could Be Nothing,,,,,,,,,,,,,,,,
The Future Sound Of London,My Kingdom,,,,,,,,,,,,,,,,
Olivia Inspi' Reira (Trapnest),A Little Pain,,,,,,,,,,,,,,,,
Janet Jackson,Doesn'T Really Matter,,,,,,,,,,,,,,,,
Olspur,The Flight Of Olspur Over Mount Olympus,,,,,,,,,,,,,,,,
Pentagram,Forever My Queen,,,,,,,,,,,,,,,,
Japan,Adolescent Sex,,,,,,,,,,,,,,,,
Värttinä,Vot I Kaalina,,,,,,,,,,,,,,,,
Pendulum,Propane Nightmares (Celldweller Remix),,,,,,,,,,,,,,,,
I Am Kloot,Strange Without You,,,,,,,,,,,,,,,,
Drive-By Truckers,My Sweet Annette,0.8,0.4,0.0,0.4,0.8,0.4,0.6,0.0,0.0,0.0,0.0,0.0,0.0,0.0,0.6,0.0
Pelle Carlberg,Clever Girls Like Clever Boys Much More Than Clever Boys Like Clever Girls,,,,,,,,,,,,,,,,
Pendulum,Blood Sugar,,,,,,,,,,,,,,,,
One Night Only,You And Me,,,,,,,,,,,,,,,,
Emily King,It Was You,,,,,,,,,,,,,,,,
The Futureheads,Broke Up The Time,,,,,,,,,,,,,,,,
Janet Jackson,All For You,,,,,,,,,,,,,,,,
Turning Point,Behind This Wall,,,,,,,,,,,,,,,,
Emily King,E Melody,,,,,,,,,,,,,,,,
Drive-By Truckers,Self Destructive Zones,,,,,,,,,,,,,,,,
Esthero,Anywayz,,,,,,,,,,,,,,,,
Anberlin,Time & Confusion,,,,,,,,,,,,,,,,
The Aislers Set,Langour In The Balcony,,,,,,,,,,,,,,,,
La Oreja De Van Gogh,El Último Vals,,,,,,,,,,,,,,,,
Bonnie Raitt,No Way To Treat A Lady,,,,,,,,,,,,,,,,
Estelle,Back In Love,,,,,,,,,,,,,,,,
The Seeds,Can'T Seem To Make You Mine,,,,,,,,,,,,,,,,
Arcana,Like Statues In The Garden Of Dreaming,,,,,,,,,,,,,,,,
The Sea And Cake,Up On Crutches,,,,,,,,,,,,,,,,
Lacrimas Profundere,Sweet Caroline,,,,,,,,,,,,,,,,
Rob Dougan,Chateau,,,,,,,,,,,,,,,,
Rob Dougan,Clubbed To Death (Kurayamino Variation),,,,,,,,,,,,,,,,
Rob Thomas,Now Comes The Night,,,,,,,,,,,,,,,,
The Sea Urchins,Please Rain Fall,,,,,,,,,,,,,,,,
Daedelus,Samba Legrand,,,,,,,,,,,,,,,,
Midlake,They Cannot Let It Expand,,,,,,,,,,,,,,,,
Smoke City,Can You Feel That?,,,,,,,,,,,,,,,,
Daedelus,Lights Out,,,,,,,,,,,,,,,,
Ted Leo And The Pharmacists,The Anointed One,,,,,,,,,,,,,,,,
Tortoise,Tnt,,,,,,,,,,,,,,,,
William Shatner,Has Been,,,,,,,,,,,,,,,,
The Fratellis,Vince The Lovable Stoner,,,,,,,,,,,,,,,,
Dean Martin,Ain'T That A Kick In The Head,,,,,,,,,,,,,,,,
Ted Leo And The Pharmacists,Since U Been Gone,,,,,,,,,,,,,,,,
Pere Ubu,Sentimental Journey,,,,,,,,,,,,,,,,
Backyard Babies,Let'S Go To Hell,,,,,,,,,,,,,,,,
Chris Cornell,Sunshower,,,,,,,,,,,,,,,,
Biffy Clyro,The Ideal Height,,,,,,,,,,,,,,,,
Chris Daughtry,Over You,,,,,,,,,,,,,,,,
Jason Mraz,Butterfly,,,,,,,,,,,,,,,,
Katy Perry,I'M Still Breathing,,,,,,,,,,,,,,,,
Keane,Call Me What You Like,,,,,,,,,,,,,,,,
Gary Numan,Complex,,,,,,,,,,,,,,,,
Bright Eyes,The Awful Sweetness Of Escaping Sweat,,,,,,,,,,,,,,,,
Anathema,Regret,,,,,,,,,,,,,,,,
Vhs Or Beta,Burn It All Down,,,,,,,,,,,,,,,,
Keane,Under Pressure,,,,,,,,,,,,,,,,
Ac/Dc,There'S Gonna Be Some Rockin',,,,,,,,,,,,,,,,
Rachel Stevens,Je M'Appelle,,,,,,,,,,,,,,,,
Tim Hecker,Dungeoneering,,,,,,,,,,,,,,,,
Colin Hay,Waiting For My Real Life To Begin,,,,,,,,,,,,,,,,
Rachel'S,Esperanza,,,,,,,,,,,,,,,,
Old Crow Medicine Show,Wagon Wheel,,,,,,,,,,,,,,,,
Jason Mraz,A Beautiful Mess,,,,,,,,,,,,,,,,
Test Icicles,Maintain The Focus,,,,,,,,,,,,,,,,
The Kissaway Trail,Tracy,,,,,,,,,,,,,,,,
Testament,Down For Life,,,,,,,,,,,,,,,,
Eminem,Marshall Mathers,,,,,,,,,,,,,,,,
Okkervil River,Happy Hearts,,,,,,,,,,,,,,,,
Flogging Molly,The Likes Of You Again,,,,,,,,,,,,,,,,
Louis Xiv,Paper Doll,,,,,,,,,,,,,,,,
Louise Attaque,J'T'Emmène Au Vent,,,,,,,,,,,,,,,,
Wagon Christ,Musipal,,,,,,,,,,,,,,,,
Flying Lotus,Babble,,,,,,,,,,,,,,,,
Acceptance,Permanent,,,,,,,,,,,,,,,,
Flying Lotus,Bad Actors,,,,,,,,,,,,,,,,
Manu Chao,Mi Vida,,,,,,,,,,,,,,,,
Muchy,Najważniejszy Dzień,,,,,,,,,,,,,,,,
R.E.M.,Low Desert,,,,,,,,,,,,,,,,
Anathema,...Alone,,,,,,,,,,,,,,,,
Bonnie 'Prince' Billy,I Am Drinking Again,,,,,,,,,,,,,,,,
Riverside,Us,,,,,,,,,,,,,,,,
A Change Of Pace,Loose Lips Sink Ships,,,,,,,,,,,,,,,,
A Camp,Stronger Than Jesus,,,,,,,,,,,,,,,,
A Certain Ratio,Shack Up,,,,,,,,,,,,,,,,
Lacrimas Profundere,To Love Her On Knees,,,,,,,,,,,,,,,,
Descendents,I Wanna Be A Bear,,,,,,,,,,,,,,,,
Descendents,Caught,,,,,,,,,,,,,,,,
Lacrimas Profundere,Again It'S Over,,,,,,,,,,,,,,,,
Pete & The Pirates,Mr Understanding,,,,,,,,,,,,,,,,
Descendents,Coolidge,,,,,,,,,,,,,,,,
Thunderball,Solar,,,,,,,,,,,,,,,,
The Knife,Like A Pen (Club Mix),,,,,,,,,,,,,,,,
The Frames,Sad Songs,,,,,,,,,,,,,,,,
Dictaphone,Dictaphone,,,,,,,,,,,,,,,,
Jay Reatard,My Shadow,,,,,,,,,,,,,,,,
Ok Go,The House Wins,,,,,,,,,,,,,,,,
Chris Holmes,Friends,,,,,,,,,,,,,,,,
Dirty Pretty Things,B.U.R.M.A,1.0,0.8,0.0,0.2,1.0,0.8,0.0,0.0,0.0,0.0,0.0,0.0,0.0,0.0,0.8,0.0
Diary Of Dreams,Son Of A Thief,,,,,,,,,,,,,,,,
Flying Lotus,Shifty,,,,,,,,,,,,,,,,
Lou Reed,Caroline Says Ii,,,,,,,,,,,,,,,,
The Prodigy,Everybody In The Place,,,,,,,,,,,,,,,,
1990S,You Made Me Like It,,,,,,,,,,,,,,,,
The Beatles,Eleanor Rigby / Julia (Transition),,,,,,,,,,,,,,,,
Lou Reed,Berlin,,,,,,,,,,,,,,,,
Dave Matthews Band,Captain,,,,,,,,,,,,,,,,
The Prodigy,Claustrophobic Sting,,,,,,,,,,,,,,,,
Dogs,London Bridge,,,,,,,,,,,,,,,,
Stephen Duffy,Kiss Me,,,,,,,,,,,,,,,,
Kate Bush,The Morning Fog,,,,,,,,,,,,,,,,
Stephen Malkmus,Mama,,,,,,,,,,,,,,,,
Dave Edmunds,Juju Man,,,,,,,,,,,,,,,,
Syd Barrett,Milky Way,,,,,,,,,,,,,,,,
Syd Barrett,It Is Obvious,,,,,,,,,,,,,,,,
The Chemical Brothers,Pioneer Skies,,,,,,,,,,,,,,,,
Rob Zombie,The Scorpion Sleeps,,,,,,,,,,,,,,,,
The Chemical Brothers,Get Yourself High,,,,,,,,,,,,,,,,
Dem Franchize Boyz,Oh I Think Dey Like Me,,,,,,,,,,,,,,,,
T.M.Revolution,Meteor -ミーティア-,,,,,,,,,,,,,,,,
Delta Goodrem,In This Life,,,,,,,,,,,,,,,,
Roadrunner United,The End,,,,,,,,,,,,,,,,
Kate Bush,Pull Out The Pin,,,,,,,,,,,,,,,,
Sparks,When I'M With You,,,,,,,,,,,,,,,,
Dubtribe Sound System,Raggatronique,,,,,,,,,,,,,,,,
Acid Bath,Tranquilized,,,,,,,,,,,,,,,,
Kate Havnevik,Kaleidoscope,,,,,,,,,,,,,,,,
Dublex Inc.,Tango Forte,,,,,,,,,,,,,,,,
Spacemen 3,Take Me To The Other Side,,,,,,,,,,,,,,,,
Spacemen 3,Things'Ll Never Be The Same,,,,,,,,,,,,,,,,
Kaskade,Angel On My Shoulder (Edx Radio Edit),,,,,,,,,,,,,,,,
The Black Crowes,Movin' On Down The Line,,,,,,,,,,,,,,,,
The Black Crowes,Oh Josephine,,,,,,,,,,,,,,,,
[:Sitd:],Wegweiser (Club Version),,,,,,,,,,,,,,,,
Jawbreaker,Million,,,,,,,,,,,,,,,,
Katatonia,No Good Can Come Of This,,,,,,,,,,,,,,,,
Elefant,Make Up,,,,,,,,,,,,,,,,
Akufen,Installation,,,,,,,,,,,,,,,,
The Knife,We Share Our Mothers' Health (Radio Slave Remix),,,,,,,,,,,,,,,,
Ted Leo And The Pharmacists,A Bottle Of Buckie,,,,,,,,,,,,,,,,
Xtc,Life Begins At The Hop,,,,,,,,,,,,,,,,
Xtc,Dear God,,,,,,,,,,,,,,,,
Oh Laura,Release Me,,,,,,,,,,,,,,,,
The Knife,Kino(Silent Shout Tour),,,,,,,,,,,,,,,,
The Knife,From Off To On(Silent Shout Tour),,,,,,,,,,,,,,,,
The Knife,A Different Way,,,,,,,,,,,,,,,,
Ohgr,Water,,,,,,,,,,,,,,,,
The Knife,Like A Pen (Album Version),,,,,,,,,,,,,,,,
British Sea Power,The Land Beyond,,,,,,,,,,,,,,,,
R.E.M.,Circus Envy,,,,,,,,,,,,,,,,
Katatonia,Brave,,,,,,,,,,,,,,,,
Coldcut,Just For The Kick,,,,,,,,,,,,,,,,
Municipal Waste,Set To Destruct,,,,,,,,,,,,,,,,
Coldplay,Chinese Sleep Chant,,,,,,,,,,,,,,,,
Robbie Williams,Straighten Up And Fly Right,,,,,,,,,,,,,,,,
Murcof,Rios,,,,,,,,,,,,,,,,
Ania Dąbrowska,Inna,,,,,,,,,,,,,,,,
Michael Jackson,Gone Too Soon,,,,,,,,,,,,,,,,
Lake Of Tears,Lady Rosenred,,,,,,,,,,,,,,,,
Bone Thugs-N-Harmony,Thug Mentality,,,,,,,,,,,,,,,,
:Wumpscut:,Soylent Green,,,,,,,,,,,,,,,,
Apoptygma Berzerk,Spiritual Reality,,,,,,,,,,,,,,,,
Lali Puna,People I Know,,,,,,,,,,,,,,,,
Chris Vrenna,The Funhouse,,,,,,,,,,,,,,,,
Howard Shore,The Uruk-Hai,,,,,,,,,,,,,,,,
Skinny Puppy,Neuwerld,,,,,,,,,,,,,,,,
Of Montreal,Montreal,,,,,,,,,,,,,,,,
The Format,If Work Permits,,,,,,,,,,,,,,,,
Maria Peszek,Czarny Worek,,,,,,,,,,,,,,,,
Chris Rea,The Road To Hell,,,,,,,,,,,,,,,,
玉置成実,Realize,,,,,,,,,,,,,,,,
Sara Bareilles,Come Round Soon,,,,,,,,,,,,,,,,
Saosin,Seven Years (Acoustic),,,,,,,,,,,,,,,,
The Birthday Party,Release The Bats,,,,,,,,,,,,,,,,
Lostprophets,Everybody'S Screaming!!!,,,,,,,,,,,,,,,,
Margaret Berger,Samantha,,,,,,,,,,,,,,,,
王心凌,I'Ll Leave My Heart,,,,,,,,,,,,,,,,
Cold,It'S All Good,,,,,,,,,,,,,,,,
Faithless,Postcards,,,,,,,,,,,,,,,,
Cold War Kids,Every Valley Is Not A Lake,,,,,,,,,,,,,,,,
Set Your Goals,To Be Continued,,,,,,,,,,,,,,,,
Faithless,Nate'S Tune,,,,,,,,,,,,,,,,
The Dears,We Can Have It,,,,,,,,,,,,,,,,
Gruff Rhys,Cycle Of Violence,,,,,,,,,,,,,,,,
Grovesnor,Notemoves,,,,,,,,,,,,,,,,
The Pretenders,Stop Your Sobbing,,,,,,,,,,,,,,,,
Quim Barreiros,Eu Comi A Sobra,,,,,,,,,,,,,,,,
Kanye West,Pinocchio Story (Freestyle Live From Singapore),,,,,,,,,,,,,,,,
Kanye West,School Spirit (Skit 1),,,,,,,,,,,,,,,,
My Bloody Valentine,I Believe,,,,,,,,,,,,,,,,
Testament,Souls Of Black,1.0,1.0,0.0,0.0,1.0,1.0,0.0,0.0,0.0,0.0,0.0,0.0,0.0,0.0,1.0,0.0
Kanye West,Celebration,,,,,,,,,,,,,,,,
Testament,The Haunting,,,,,,,,,,,,,,,,
Vangelis,Memories Of Green,,,,,,,,,,,,,,,,
Eminem,Soldier,,,,,,,,,,,,,,,,
Testament,Riding The Snake,,,,,,,,,,,,,,,,
Forgotten Boys,Falling Higher,,,,,,,,,,,,,,,,
Avenged Sevenfold,Gunslinger,,,,,,,,,,,,,,,,
Suburban Kids With Biblical Names,Trumpets And Violins,,,,,,,,,,,,,,,,
David Guetta,This Is Not A Love Song (Feat. Jd Davis),,,,,,,,,,,,,,,,
Supergrass,Rush Hour Soul,,,,,,,,,,,,,,,,
Foo Fighters,New Way Home,,,,,,,,,,,,,,,,
Maria Mena,This Bottle Of Wine,,,,,,,,,,,,,,,,
Foo Fighters,Wattershed,,,,,,,,,,,,,,,,
Maria Taylor,Two Of Those Two,,,,,,,,,,,,,,,,
Vangelis,Wait For Me,,,,,,,,,,,,,,,,
Foo Fighters,Marigold,,,,,,,,,,,,,,,,
Mariah Carey,Love Story,,,,,,,,,,,,,,,,
Santana,Samba Pa Ti,,,,,,,,,,,,,,,,
Zwan,Lyric,,,,,,,,,,,,,,,,
Mustasch,Dogwash,,,,,,,,,,,,,,,,
Mute Math,You Are Mine,,,,,,,,,,,,,,,,
Tiësto & Christian Burns,In The Dark,0.8,0.6,1.0,0.4,0.2,0.0,0.0,0.0,0.0,0.0,0.0,0.0,0.8,0.8,0.2,0.0
Kap Bambino,Hey!,,,,,,,,,,,,,,,,
My Bloody Valentine,Clair,,,,,,,,,,,,,,,,
Action Action,The Game,,,,,,,,,,,,,,,,
Dungen,Lipsill,,,,,,,,,,,,,,,,
Stephen Sondheim,Johanna,,,,,,,,,,,,,,,,
Dungen,Lejonet & Kulan,,,,,,,,,,,,,,,,
Take That,Beautiful World,,,,,,,,,,,,,,,,
Gang Of Four,If I Could Keep It For Myself,,,,,,,,,,,,,,,,
Dntel,Umbrella,,,,,,,,,,,,,,,,
Lamb,Here,,,,,,,,,,,,,,,,
Oceansize,Women Who Love Men Who Love Drugs,,,,,,,,,,,,,,,,
Fall Out Boy,Our Lawyers Made Us Change The Name Of This Song So We Wouldn'T Get Sued,,,,,,,,,,,,,,,,
Oceansize,Remember Where You Are,,,,,,,,,,,,,,,,
Descendents,Tonyage,,,,,,,,,,,,,,,,
Galaxie 500,Leave The Planet,,,,,,,,,,,,,,,,
The Charlatans,Impossible,,,,,,,,,,,,,,,,
Death,Out Of Touch,,,,,,,,,,,,,,,,
Carl Perkins,Blue Suede Shoes,,,,,,,,,,,,,,,,
Electric Light Orchestra Part Ii,Rockaria!,,,,,,,,,,,,,,,,
Death,See Through Dreams,1.0,1.0,0.0,0.0,1.0,1.0,0.0,0.0,0.0,0.0,0.0,0.0,0.0,0.0,1.0,0.0
Jazzanova,Takes You Back (Unexpected Dub),,,,,,,,,,,,,,,,
Xtc,Summer'S Cauldron,,,,,,,,,,,,,,,,
Carla Bruni,Promises Like Pie Crust,,,,,,,,,,,,,,,,
U2,Hold Me Thrill Me Kiss Me Kill Me,,,,,,,,,,,,,,,,
Of Montreal,Erroneous Escape Into Erik Eckles,,,,,,,,,,,,,,,,
Texas,Halo,,,,,,,,,,,,,,,,
David Guetta Vs. The Egg,Love Don'T Let Me Go (Walking Away),,,,,,,,,,,,,,,,
Akon,Beautiful (Radio Edit Without Rap),,,,,,,,,,,,,,,,
Phantom Planet,Hey Now Girl,,,,,,,,,,,,,,,,
Duran Duran,Electric Barbarella,,,,,,,,,,,,,,,,
Veruca Salt,Don'T Make Me Prove It,,,,,,,,,,,,,,,,
My Dying Bride,Sear Me Iii,,,,,,,,,,,,,,,,
Gang Gang Dance,Vacuum,,,,,,,,,,,,,,,,
Astral Projection,Enlightened Evolution,,,,,,,,,,,,,,,,
Gang Gang Dance,House Jam,,,,,,,,,,,,,,,,
An Albatross,The Revolutionary Politics Of Dance,,,,,,,,,,,,,,,,
Colbie Caillat,Battle,,,,,,,,,,,,,,,,
My Dying Bride,Some Velvet Morning,,,,,,,,,,,,,,,,
Zoot Woman,Hope In The Mirror,,,,,,,,,,,,,,,,
Queensrÿche,Freiheit Ouvertüre,,,,,,,,,,,,,,,,
My Dying Bride,The Dreadful Hours,,,,,,,,,,,,,,,,
Biosphere,Uva-Ursi,,,,,,,,,,,,,,,,
Guided By Voices,Teenage Fbi,,,,,,,,,,,,,,,,
My Dying Bride,The Blue Lotus,,,,,,,,,,,,,,,,
Queens Of The Stone Age,Era Vulgaris,,,,,,,,,,,,,,,,
Kamelot,Forever,,,,,,,,,,,,,,,,
Kamelot,A Feast For The Vain,,,,,,,,,,,,,,,,
Danger Mouse,Dirt Off Your Shoulder,,,,,,,,,,,,,,,,
Fear Factory,Cars,,,,,,,,,,,,,,,,
Mariajose,Quien Eres Tu,,,,,,,,,,,,,,,,
Sebadoh,Soul And Fire,,,,,,,,,,,,,,,,
Sebadoh,Together Or Alone,,,,,,,,,,,,,,,,
Foreign Objects,They Come In Peace,,,,,,,,,,,,,,,,
Bendj Ft. Sushy,Me & Myself (Wolfgang Gartner Remix) Edit),,,,,,,,,,,,,,,,
The Flaming Lips,Slow Motion,,,,,,,,,,,,,,,,
Howard Shore,A Storm Is Coming,,,,,,,,,,,,,,,,
Hot Hot Heat,Soldier In A Box,,,,,,,,,,,,,,,,
The Kovenant,Via Negativa,,,,,,,,,,,,,,,,
Oceansize,Massive Bereavement,,,,,,,,,,,,,,,,
O.A.R.,Love And Memories,,,,,,,,,,,,,,,,
Take That,What Is Love,,,,,,,,,,,,,,,,
Lamb Of God,11Th Hour,,,,,,,,,,,,,,,,
Take That,You,,,,,,,,,,,,,,,,
Kalmah,Defeat,,,,,,,,,,,,,,,,
Take That,How Did It Come To This,,,,,,,,,,,,,,,,
Duran Duran,My Own Way,,,,,,,,,,,,,,,,
Black Sabbath,Jack The Stripper / Fairies Wear Boots,,,,,,,,,,,,,,,,
The Charlatans,Up At The Lake,,,,,,,,,,,,,,,,
The Shortwave Set,Roadside,,,,,,,,,,,,,,,,
Black Sabbath,Country Girl,,,,,,,,,,,,,,,,
Descendents,Rotting Out,,,,,,,,,,,,,,,,
Lamb,Ear Parcel,,,,,,,,,,,,,,,,
Micatone,Shake It Baby,,,,,,,,,,,,,,,,
Lamb Of God,A Devil In God'S Country,,,,,,,,,,,,,,,,
Lamb Of God,The Black Dahlia,,,,,,,,,,,,,,,,
Michael Andrews,Manipulated Living,,,,,,,,,,,,,,,,
Michael Andrews,Middlesex Times,,,,,,,,,,,,,,,,
Nuspirit Helsinki,Subzero,,,,,,,,,,,,,,,,
Yann Tiersen,Father And Mother,,,,,,,,,,,,,,,,
Marilyn Manson,Para-Noir,,,,,,,,,,,,,,,,
The Black Keys,Do The Rump,,,,,,,,,,,,,,,,
Horse Feathers,Finch On Saturday,,,,,,,,,,,,,,,,
Tom Baxter,The Last Shot,,,,,,,,,,,,,,,,
Skinny Puppy,Morpheus Laughing,,,,,,,,,,,,,,,,
Oasis,Born On A Different Cloud,,,,,,,,,,,,,,,,
Jennifer Lopez,Ain'T It Funny,,,,,,,,,,,,,,,,
Jenny Lewis,Godspeed,,,,,,,,,,,,,,,,
Skinny Puppy,Blood On The Wall,,,,,,,,,,,,,,,,
D.R.I.,Beneath The Wheel,,,,,,,,,,,,,,,,
Tom Baxter,Tragic,,,,,,,,,,,,,,,,
Loreena Mckennitt,Bonny Portmore,,,,,,,,,,,,,,,,
Marilyn Manson,Heart-Shaped Glasses,,,,,,,,,,,,,,,,
2 Unlimited,Let The Beat Control Your Body,,,,,,,,,,,,,,,,
The Vaselines,Jesus Wants Me For A Sunbeam,,,,,,,,,,,,,,,,
Wilco,Casino Queen,,,,,,,,,,,,,,,,
Thurston Moore,American Coffin,,,,,,,,,,,,,,,,
Hooverphonic,Wake Up,,,,,,,,,,,,,,,,
Hooverphonic,Wardrope,,,,,,,,,,,,,,,,
Wilco,I Must Be High,,,,,,,,,,,,,,,,
Hope Sandoval & The Warm Inventions,Drop,,,,,,,,,,,,,,,,
The Lemonheads,Alison'S Starting To Happen,,,,,,,,,,,,,,,,
Phoenix,Funky Squaredance,,,,,,,,,,,,,,,,
Basement Jaxx,Plug It In (Feat. Jc Chasez),,,,,,,,,,,,,,,,
Bo Diddley,I'M A Man,,,,,,,,,,,,,,,,
Marit Larsen,Only A Fool,,,,,,,,,,,,,,,,
Stereolab,Get A Shot Of The Refrigerator,0.8,0.4,0.8,0.4,0.6,0.4,0.0,0.0,0.0,0.0,0.0,0.0,1.0,0.6,0.8,0.0
Looper,Mondo '77,,,,,,,,,,,,,,,,
Fountains Of Wayne,Hey Julie,,,,,,,,,,,,,,,,
Fort Minor,Remember The Name (Feat. Styles Of Beyond),,,,,,,,,,,,,,,,
Sandra Oxenryd,Through My Window (Estonia),,,,,,,,,,,,,,,,
Lamb Of God,In The Absence Of The Sacred,,,,,,,,,,,,,,,,
The Streets,Two Nations,,,,,,,,,,,,,,,,
Sangue Misto,La Porra,,,,,,,,,,,,,,,,
Erykah Badu,Twinkle,,,,,,,,,,,,,,,,
Kaki King,Sad American,,,,,,,,,,,,,,,,
Dave Matthews Band,When The World Ends,,,,,,,,,,,,,,,,
Adam Green,Chubby Princess,,,,,,,,,,,,,,,,
Adam Green,Her Father And Her,,,,,,,,,,,,,,,,
Adam Green,Secret Tongues,,,,,,,,,,,,,,,,
Guns N' Roses,Bad Apples,,,,,,,,,,,,,,,,
Kaizers Orchestra,170,,,,,,,,,,,,,,,,
Amy Lee,Broken,,,,,,,,,,,,,,,,
Behemoth,Slaves Shall Serve,,,,,,,,,,,,,,,,
Amy Winehouse,Rehab (Ded Remix),,,,,,,,,,,,,,,,
Kaiser Chiefs,Addicted To Drugs,,,,,,,,,,,,,,,,
Amy Winehouse,Amy Amy Amy / Outro,,,,,,,,,,,,,,,,
Coheed And Cambria,Mother Superior,,,,,,,,,,,,,,,,
Amy Winehouse,Help Yourself,,,,,,,,,,,,,,,,
Myslovitz,Man Of Glass,,,,,,,,,,,,,,,,
Taking Back Sunday,Error Operator,,,,,,,,,,,,,,,,
Soundgarden,Big Dumb Sex,,,,,,,,,,,,,,,,
Behemoth,Towards Babylon,,,,,,,,,,,,,,,,
Broadcast,Locusts,,,,,,,,,,,,,,,,
Deichkind,Limit,,,,,,,,,,,,,,,,
As I Lay Dying,Falling Upon Deaf Ears,,,,,,,,,,,,,,,,
Myslovitz,Znów Wszystko Poszło Nie Tak,,,,,,,,,,,,,,,,
Sound Team,Handful Of Billions,,,,,,,,,,,,,,,,
Elbow,Snooks (Progress Report),,,,,,,,,,,,,,,,
Electrelane,Bells,,,,,,,,,,,,,,,,
Frank Black,Hang On To Your Ego,,,,,,,,,,,,,,,,
Hooverphonic,Nirvana Blue,,,,,,,,,,,,,,,,
Alpha,Sometime Later,,,,,,,,,,,,,,,,
Snow Patrol,Favourite Friend,,,,,,,,,,,,,,,,
Electrelane,Only One Thing Is Needed,,,,,,,,,,,,,,,,
The Fiery Furnaces,Tropical-Iceland,,,,,,,,,,,,,,,,
The Fiery Furnaces,The Philadelphia Grand Jury,,,,,,,,,,,,,,,,
Thurston Moore,Psychic Hearts,,,,,,,,,,,,,,,,
Christina Aguilera,Soar,,,,,,,,,,,,,,,,
Jeremy Enigk,Been Here Before,,,,,,,,,,,,,,,,
Jeremy Soule,Sands Of Kryta,,,,,,,,,,,,,,,,
Piano Magic,Deleted Scenes,,,,,,,,,,,,,,,,
Jeremy Enigk,Return Of The Frog Queen,,,,,,,,,,,,,,,,
Zob,Cantec De Dragoste,,,,,,,,,,,,,,,,
My Teenage Stride,Ears Like Golden Bats,,,,,,,,,,,,,,,,
Broadcast,Unchanging Window,,,,,,,,,,,,,,,,
My Teenage Stride,They Are Alone In Their Principles,,,,,,,,,,,,,,,,
Stereolab,Interlock,,,,,,,,,,,,,,,,
Stereolab,The Noise Of Carpet,,,,,,,,,,,,,,,,
Gamma Ray,Man On A Mission,,,,,,,,,,,,,,,,
Urma,Off My Wave,,,,,,,,,,,,,,,,
Galaxie 500,Snowstorm,,,,,,,,,,,,,,,,
Galaxie 500,Oblivious,,,,,,,,,,,,,,,,
Bangles,Hazy Shade Of Winter,,,,,,,,,,,,,,,,
Darin,Want Ya!,,,,,,,,,,,,,,,,
Dapunksportif,Lady 666,,,,,,,,,,,,,,,,
Falkenbach,...When Gjallarhorn Will Sound...,,,,,,,,,,,,,,,,
The Ark,Tell Me This Night Is Over,,,,,,,,,,,,,,,,
Noumena,The First Drop,,,,,,,,,,,,,,,,
Jesu,Stanlow,,,,,,,,,,,,,,,,
Norther,Midnight Walker,,,,,,,,,,,,,,,,
Norther,Norther,,,,,,,,,,,,,,,,
Big L,Stretch & Bobbito '95 Freestyle (Feat. Jay-Z),,,,,,,,,,,,,,,,
Big L,Street Struck,,,,,,,,,,,,,,,,
Noir Désir,Son Style 1,,,,,,,,,,,,,,,,
Yann Tiersen,Western,,,,,,,,,,,,,,,,
Jet,Stand Up,,,,,,,,,,,,,,,,
Jet,Timothy,,,,,,,,,,,,,,,,
Jill Scott,Not Like Crazy,,,,,,,,,,,,,,,,
Noumena,A Day To Depart,,,,,,,,,,,,,,,,
Samantha Fox,Touch Me (I Want Your Body) (The Blue Mix),,,,,,,,,,,,,,,,
France Gall,Laisse Tomber Les Filles,,,,,,,,,,,,,,,,
Sublime,New Thrash,,,,,,,,,,,,,,,,
Tripswitch,Calabi Yau,,,,,,,,,,,,,,,,
The Black Keys,Run Me Down,,,,,,,,,,,,,,,,
Styles Of Beyond,Nine Thou (Superstars Remix),,,,,,,,,,,,,,,,
Four Tet,Space Of Two Weeks,,,,,,,,,,,,,,,,
Franco Battiato,Up Patriots To Arms,,,,,,,,,,,,,,,,
Justin Timberlake,Sexyback Remix Ft. Clipse,,,,,,,,,,,,,,,,
Justin Timberlake,Until The End Of Time (Feat. The Benjamin Wright),,,,,,,,,,,,,,,,
Urma,Only Human,,,,,,,,,,,,,,,,
The Wrens,Hopeless,,,,,,,,,,,,,,,,
Gustavo Cerati,Bomba De Tiempo,,,,,,,,,,,,,,,,
The Decemberists,The Perfect Crime No.2,,,,,,,,,,,,,,,,
Quasimoto,Low Class Conspiracy,,,,,,,,,,,,,,,,
Landon Pigg,Can'T Let Go,,,,,,,,,,,,,,,,
Landscape,Einstein A Go-Go,,,,,,,,,,,,,,,,
Add N To (X),Plug Me In,,,,,,,,,,,,,,,,
Bon Jovi,Raise Your Hands,,,,,,,,,,,,,,,,
The Sisters Of Mercy,Gimme Shelter,,,,,,,,,,,,,,,,
Lao Che,Barykada,,,,,,,,,,,,,,,,
Gabriel Rios,Broad Daylight,0.6,0.4,0.4,0.8,0.4,0.2,0.6,0.0,0.0,0.0,0.0,0.0,0.2,0.2,0.6,0.0
Jewel,Morning Song,,,,,,,,,,,,,,,,
Mia.,Paper Planes,,,,,,,,,,,,,,,,
Jewel,Near You Always,,,,,,,,,,,,,,,,
The 3Rd And The Mortal,Ring Of Fire,,,,,,,,,,,,,,,,
The Stooges,Not Right,,,,,,,,,,,,,,,,
Supergrass,Tonight,,,,,,,,,,,,,,,,
Emmy The Great,My Party Is Better Than Yours (Demo),,,,,,,,,,,,,,,,
Emmylou Harris,A Love That Will Never Grow Old,,,,,,,,,,,,,,,,
Noumena,Here We Lie,,,,,,,,,,,,,,,,
David Gilmour,A Pocketful Of Stones,,,,,,,,,,,,,,,,
Norther,Everything,,,,,,,,,,,,,,,,
The Lemonheads,Bit Part,,,,,,,,,,,,,,,,
The 4-Skins,Yesterday'S Hero,,,,,,,,,,,,,,,,
Creed,Torn,,,,,,,,,,,,,,,,
Cream,Blue Condition,,,,,,,,,,,,,,,,
Be Your Own Pet,Becky,,,,,,,,,,,,,,,,
Mötley Crüe,L.A.M.F.,,,,,,,,,,,,,,,,
Cream,I'M So Glad,,,,,,,,,,,,,,,,
Mötley Crüe,All In The Name Of...,,,,,,,,,,,,,,,,
Justice,Phantom Pt.2 (Soulwax Remix),,,,,,,,,,,,,,,,
Pzychobitch,Go Pussy Go,,,,,,,,,,,,,,,,
Gwen Stefani,U Started It,,,,,,,,,,,,,,,,
Justice,Waters Of Nazareth (Erol Alkan'S Durrr Durrr Durrrrrr Re-Edit),1.0,0.8,1.0,0.0,0.4,0.8,0.0,0.0,0.0,0.0,0.0,0.0,1.0,1.0,0.0,0.0
Gym Class Heroes,1St Period: The Queen And I,,,,,,,,,,,,,,,,
Gza/Genius,Stay In Line,,,,,,,,,,,,,,,,
Coheed And Cambria,33,,,,,,,,,,,,,,,,
Mötley Crüe,Afraid,,,,,,,,,,,,,,,,
Justin Timberlake,Lovestoned/I Think She Knows,,,,,,,,,,,,,,,,
Faust,It'S A Bit Of A Pain,,,,,,,,,,,,,,,,
Elastica,Vaseline,,,,,,,,,,,,,,,,
Piglet,Bug Stomp,,,,,,,,,,,,,,,,
As Tall As Lions,Ghost Of York,,,,,,,,,,,,,,,,
The Fiery Furnaces,Automatic Husband,,,,,,,,,,,,,,,,
U2,Bass Trap,,,,,,,,,,,,,,,,
Why?,Twenty Eight,,,,,,,,,,,,,,,,
Pink Floyd,Breathe In The Air,,,,,,,,,,,,,,,,
Whitney Houston,It'S Not Right But It'S Okay,,,,,,,,,,,,,,,,
Whitney Houston,If I Told You That,,,,,,,,,,,,,,,,
Pinhani,Hele Bi Gel,,,,,,,,,,,,,,,,
Pink Floyd,05 - Money,,,,,,,,,,,,,,,,
London After Midnight,Feeling Fascist?,,,,,,,,,,,,,,,,
Sons And Daughters,Blood,,,,,,,,,,,,,,,,
Marnie Stern,Grapefruit,,,,,,,,,,,,,,,,
Soraya Arnelas,La Noche Es Para Mí (The Night Is For Me),,,,,,,,,,,,,,,,
Arch Enemy,Exist To Exit,,,,,,,,,,,,,,,,
Arcangelo Corelli,Trio Sonata In C Major,,,,,,,,,,,,,,,,
Mötley Crüe,Sumthin' For Nuthin',,,,,,,,,,,,,,,,
E-Type,I Just Wanna Be With You,,,,,,,,,,,,,,,,
Sophia,If Only,,,,,,,,,,,,,,,,
Juno Reactor,Komit,,,,,,,,,,,,,,,,
Stereophonics,Looks Like Chaplin,,,,,,,,,,,,,,,,
Deus,Opening Night,,,,,,,,,,,,,,,,
Stereophonics,She Takes Her Clothes Off,,,,,,,,,,,,,,,,
Rocky Votolato,The Light And The Sound,,,,,,,,,,,,,,,,
Mötley Crüe,Same Ol' Situation,,,,,,,,,,,,,,,,
Creedence Clearwater Revisited,Cotton Fields,,,,,,,,,,,,,,,,
No Doubt,Tragic Kingdom,,,,,,,,,,,,,,,,
Rogue Wave,Love'S Lost Guarantee,,,,,,,,,,,,,,,,
Jimmy Cliff,I Can See Clearly Now,,,,,,,,,,,,,,,,
Jimmy Eat World,Distraction,,,,,,,,,,,,,,,,
The Longcut,Gravity In Crisis,,,,,,,,,,,,,,,,
No Age,Every Artist Needs A Tragedy,,,,,,,,,,,,,,,,
Boards Of Canada,Aquarius (Version 3),,,,,,,,,,,,,,,,
Jimi Hendrix,Wild Thing,,,,,,,,,,,,,,,,
Little Wings,Look At What The Light Did Now,,,,,,,,,,,,,,,,
Liv Kristine,Waves Of Green,,,,,,,,,,,,,,,,
2Pac,Picture Me Rollin,,,,,,,,,,,,,,,,
See See Rider,Roxy Singer,,,,,,,,,,,,,,,,
Tom Waits,Lost In The Harbour,,,,,,,,,,,,,,,,
Tom Waits,Little Trip To Heaven (On The Wings Of Your Love),,,,,,,,,,,,,,,,
Robyn,Eclipse,,,,,,,,,,,,,,,,
The Charlatans,Come In Number 21,,,,,,,,,,,,,,,,
The Pogues,Waxie'S Dargle,,,,,,,,,,,,,,,,
Nada Surf,Comes A Time,,,,,,,,,,,,,,,,
Rogue Wave,Salesman At The Day Of The Parade,,,,,,,,,,,,,,,,
The Pogues,Dark Streets Of London,,,,,,,,,,,,,,,,
Arch Enemy,Despicable Heroes,,,,,,,,,,,,,,,,
Junior Boys,More Than Real,,,,,,,,,,,,,,,,
Mœnia,Lo Que Tú Digas,,,,,,,,,,,,,,,,
Arch Enemy,Rise Of The Tyrant,,,,,,,,,,,,,,,,
Nas,Hold Down The Block,,,,,,,,,,,,,,,,
Nas,Watch Dem Niggas,,,,,,,,,,,,,,,,
Juliette And The Licks,Comin' Around,,,,,,,,,,,,,,,,
Sage Francis,Voice Mail Bomb Threat,,,,,,,,,,,,,,,,
The Blood Brothers,Nausea Shreds Yr Head,,,,,,,,,,,,,,,,
Arch Enemy,Enemy Within,,,,,,,,,,,,,,,,
Vast,Thrown Away,,,,,,,,,,,,,,,,
Vast,Temptation,,,,,,,,,,,,,,,,
Saint Etienne,Lose That Girl,,,,,,,,,,,,,,,,
Whitey,Leave Them All Behind,,,,,,,,,,,,,,,,
The 69 Eyes,30,,,,,,,,,,,,,,,,
Alphaville,Summer In Berlin,,,,,,,,,,,,,,,,
Unai,Blissful Burden,,,,,,,,,,,,,,,,
Skin,Purple,,,,,,,,,,,,,,,,
Pinback,Crutch,,,,,,,,,,,,,,,,
Whitey,Tantrum,,,,,,,,,,,,,,,,
Skindred,State Of Emergency,,,,,,,,,,,,,,,,
Skinny Puppy,Chainsaw,,,,,,,,,,,,,,,,
As I Lay Dying,Behind Me Lies Another Fallen Soldier,,,,,,,,,,,,,,,,
Pinback,Prog,,,,,,,,,,,,,,,,
Chromeo,Mercury Tears,,,,,,,,,,,,,,,,
Engenheiros Do Hawaii,Infinita Highway,,,,,,,,,,,,,,,,
Soda Stereo,Juegos De Seducción,,,,,,,,,,,,,,,,
Nancy Sinatra,It Ain'T Me Babe,,,,,,,,,,,,,,,,
Julie London,Fly Me To The Moon,,,,,,,,,,,,,,,,
Amorphis,Mourning Soil,,,,,,,,,,,,,,,,
Amorphis,Killing Goodness,,,,,,,,,,,,,,,,
Amorphis,In The Beginning,,,,,,,,,,,,,,,,
Psyopus,The Pig Keeper'S Daughter,,,,,,,,,,,,,,,,
Billy Talent,The Navy Song,,,,,,,,,,,,,,,,
Public Enemy,Louder Than A Bomb,,,,,,,,,,,,,,,,
Zen Café,Eipä Tiennyt Tyttö,,,,,,,,,,,,,,,,
Serena-Maneesh,Her Name Is Suicide,0.8,0.8,0.0,0.4,1.0,1.0,0.0,0.4,0.0,0.0,0.0,0.0,0.6,0.6,0.8,0.0
Metricks,Waterfoam,,,,,,,,,,,,,,,,
Serge Gainsbourg,Ballade De Melody Nelson,0.8,0.2,0.0,0.2,0.6,0.2,0.0,1.0,0.0,0.0,0.0,0.0,0.0,0.0,0.8,0.0
Black Star,Hater Players,,,,,,,,,,,,,,,,
Bomb The Music Industry!,Wednesday Night Drinkball,,,,,,,,,,,,,,,,
Metronomy,Danger Song,,,,,,,,,,,,,,,,
Black Sabbath,War Pigs / Luke'S Wall,,,,,,,,,,,,,,,,
Black Sabbath,Voodoo,,,,,,,,,,,,,,,,
The Chameleons,Monkeyland,,,,,,,,,,,,,,,,
Soda Stereo,El Cuerpo Del Delito,,,,,,,,,,,,,,,,
Ash,Polaris,,,,,,,,,,,,,,,,
Tossic,Cazzi Di Pane,,,,,,,,,,,,,,,,
Camouflage,That Smiling Face,,,,,,,,,,,,,,,,
Yeasayer,Forgiveness,,,,,,,,,,,,,,,,
Supertramp,Rudy,,,,,,,,,,,,,,,,
Camille,Janine Ii,,,,,,,,,,,,,,,,
Aimee Mann,Pavlov'S Bell,,,,,,,,,,,,,,,,
The Lovin' Spoonful,Do You Believe In Magic?,,,,,,,,,,,,,,,,
The Blood Brothers,I Know Where The Canaries And The Crows Go,,,,,,,,,,,,,,,,
Bruce Dickinson,Jerusalem,1.0,0.8,0.0,0.2,1.0,0.8,0.0,0.8,0.0,0.0,0.0,0.0,0.2,0.2,1.0,0.0
Basque Dub Foundation,Hope,,,,,,,,,,,,,,,,
Diablo,Condition Red,,,,,,,,,,,,,,,,
Travis,Under The Moonlight,,,,,,,,,,,,,,,,
Vast,Don'T Take Your Love Away,,,,,,,,,,,,,,,,
Sage Francis,Climb Trees,,,,,,,,,,,,,,,,
The Pigeon Detectives,Wait For Me,,,,,,,,,,,,,,,,
Bruce Dickinson,Man Of Sorrows,,,,,,,,,,,,,,,,
Arch Enemy,Mechanic God Creation,,,,,,,,,,,,,,,,
Hallucinogen,Shamanix,,,,,,,,,,,,,,,,
Hall & Oates,Out Of Touch,,,,,,,,,,,,,,,,
Amorphis,Elegy,,,,,,,,,,,,,,,,
Cocteau Twins,Aloysius,,,,,,,,,,,,,,,,
Sonic Youth,Waist,,,,,,,,,,,,,,,,
The 69 Eyes,You Ain'T The Reason,,,,,,,,,,,,,,,,
Sodom,Ausgebombt,1.0,1.0,0.0,0.0,1.0,1.0,0.0,0.0,0.0,0.0,0.0,0.0,0.0,0.0,0.8,0.0
Sons And Daughters,Gone,,,,,,,,,,,,,,,,
Alter Bridge,Before Tomorrow Comes,,,,,,,,,,,,,,,,
Pink Martini,Dansez-Vous,,,,,,,,,,,,,,,,
Pink Martini,Una Notte A Napoli,,,,,,,,,,,,,,,,
Camera Obscura,Double Feature,,,,,,,,,,,,,,,,
The Lucksmiths,The Music Next Door,,,,,,,,,,,,,,,,
Camel,Wait,,,,,,,,,,,,,,,,
Liquid Tension Experiment,Osmosis,,,,,,,,,,,,,,,,
Lisa Stansfield,Never Gonna Fall [Junior'S Return To 27Th & 10Th Anthem],,,,,,,,,,,,,,,,
梁靜茹,我喜歡,,,,,,,,,,,,,,,,
Live,We Walk In The Dream,,,,,,,,,,,,,,,,
Einstürzende Neubauten,Was Ist Ist,,,,,,,,,,,,,,,,
Mastodon,Deep Sea Creature,,,,,,,,,,,,,,,,
森山直太朗,君は五番目の季節,,,,,,,,,,,,,,,,
Dispatch,Carry You,,,,,,,,,,,,,,,,
Masta Killa,Grab The Mic,,,,,,,,,,,,,,,,
Massive Attack,Small Time Shoot 'Em Up,,,,,,,,,,,,,,,,
Liquid Tension Experiment,Biaxident,,,,,,,,,,,,,,,,
Lawrence,Swap,,,,,,,,,,,,,,,,
The Academy Is...,Black Mamba (Teddybears Remix),,,,,,,,,,,,,,,,
Eric Clapton,Sunshine Of Your Love,,,,,,,,,,,,,,,,
The Slides,Dna,,,,,,,,,,,,,,,,
The Desert Sessions,Covered In Punks Blood,,,,,,,,,,,,,,,,
The Smashing Pumpkins,(Come On) Let'S Go!,,,,,,,,,,,,,,,,
Crippled Black Phoenix,The Northern Cobbler,0.8,0.6,0.0,0.4,0.8,0.8,0.0,0.6,0.0,0.4,0.6,0.0,0.6,0.4,0.8,0.0
Metallica,Damage Inc.,,,,,,,,,,,,,,,,
Funeral For A Friend,Waking Up,,,,,,,,,,,,,,,,
Black Stone Cherry,Backwoods Gold,,,,,,,,,,,,,,,,
The Sleepy Jackson,Miniskirt,,,,,,,,,,,,,,,,
Seether,Needles,,,,,,,,,,,,,,,,
The Cars,My Best Friend'S Girl,,,,,,,,,,,,,,,,
久石譲,The Legend Of Ashitaka,,,,,,,,,,,,,,,,
Fun Lovin' Criminals,The Grave And The Constant,,,,,,,,,,,,,,,,
Meshuggah,Vanished,,,,,,,,,,,,,,,,
Seeed,Love Is The Queen,,,,,,,,,,,,,,,,
The Blow,Knowing The Things That I Know,,,,,,,,,,,,,,,,
Sodom,Don'T Walk Away,,,,,,,,,,,,,,,,
Sodom,Remember The Fallen,,,,,,,,,,,,,,,,
Einstürzende Neubauten,The Garden,,,,,,,,,,,,,,,,
Joaquin Phoenix,Folsom Prison Blues,,,,,,,,,,,,,,,,
Circa Survive,Kicking Your Crosses Down,,,,,,,,,,,,,,,,
Sofia Talvik,Blue Moon,,,,,,,,,,,,,,,,
Him,In Love And Lonely,,,,,,,,,,,,,,,,
The Fall,Hip Priest,,,,,,,,,,,,,,,,
Natasha Bedingfield,Pocketful Of Sunshine (Stonebridge Radio Edit),,,,,,,,,,,,,,,,
Hammerfall,Riders Of The Storm,,,,,,,,,,,,,,,,
The Detroit Cobras,Now You'Re Gone,,,,,,,,,,,,,,,,
Cock Sparrer,Riot Squad,,,,,,,,,,,,,,,,
Hank Williams Iii,If You Can'T Help Your Own,,,,,,,,,,,,,,,,
Hank Williams Iii,Lonesome For You,,,,,,,,,,,,,,,,
Dj Shadow,What Does Your Soul Look Like?,,,,,,,,,,,,,,,,
Amon Tobin,Sordid,,,,,,,,,,,,,,,,
Cro-Mags,Life Of My Own,,,,,,,,,,,,,,,,
Judas Priest,Deal With The Devil,,,,,,,,,,,,,,,,
Cro-Mags,By Myself,,,,,,,,,,,,,,,,
Dj Shadow,High Noon,,,,,,,,,,,,,,,,
Fujiya & Miyagi,Rook To Queen'S Pawn Six,,,,,,,,,,,,,,,,
Deus,Slow,,,,,,,,,,,,,,,,
Cro-Mags,Malfunction,,,,,,,,,,,,,,,,
The Cardigans,Nil,,,,,,,,,,,,,,,,
The Dismemberment Plan,What Do You Want Me To Say?,,,,,,,,,,,,,,,,
The Dirtbombs,Underdog,,,,,,,,,,,,,,,,
Wednesday 13,Morgue Than Words,,,,,,,,,,,,,,,,
Cock Sparrer,Teenage Heart,,,,,,,,,,,,,,,,
The Dillinger Escape Plan,Phone Home,,,,,,,,,,,,,,,,
Nathan Fake,Stops,,,,,,,,,,,,,,,,
The Dillinger Escape Plan,Setting Fire To Sleeping Giants,,,,,,,,,,,,,,,,
The Fall Of Troy,Tom Waits,,,,,,,,,,,,,,,,
Ciara,Oh (Feat. Ludacris),,,,,,,,,,,,,,,,
Camel,Fritha,,,,,,,,,,,,,,,,
The Maccabees,O.A.V.I.P.,,,,,,,,,,,,,,,,
Camel,Lunar Sea,,,,,,,,,,,,,,,,
Cam'Ron,Hey Ma,,,,,,,,,,,,,,,,
Calvin Harris,Certified,,,,,,,,,,,,,,,,
Nine Inch Nails,Hurt (Live),,,,,,,,,,,,,,,,
Bill Callahan,Honeymoon Child,,,,,,,,,,,,,,,,
Joe Satriani,Big Bad Moon,,,,,,,,,,,,,,,,
Blackstreet,No Diggity,,,,,,,,,,,,,,,,
The Magic Numbers,Undecided,,,,,,,,,,,,,,,,
Camel,Down On The Farm,,,,,,,,,,,,,,,,
Yes,The Fish (Schindleria Praematurus),,,,,,,,,,,,,,,,
Vaya Con Dios,Nah Neh Nah,,,,,,,,,,,,,,,,
Céline Dion,If You Asked Me To,,,,,,,,,,,,,,,,
Sage Francis,Got Up This Morning,,,,,,,,,,,,,,,,
Sabaton,Reign Of Terror,,,,,,,,,,,,,,,,
Asobi Seksu,Risky And Pretty,,,,,,,,,,,,,,,,
The Calling,Unstoppable,,,,,,,,,,,,,,,,
Le Tigre,Dude. Yr So Crazy!,,,,,,,,,,,,,,,,
Bryan Adams,When You'Re Gone,,,,,,,,,,,,,,,,
Joy Denalane,One In A Million,,,,,,,,,,,,,,,,
Billy Joel,She'S Always A Woman,,,,,,,,,,,,,,,,
Le Volume Courbe,I Killed My Best Friend,,,,,,,,,,,,,,,,
Cynic,I'M But A Wave To...,,,,,,,,,,,,,,,,
Matchbox Twenty,The Burn,,,,,,,,,,,,,,,,
Leann Rimes,How Do I Live,,,,,,,,,,,,,,,,
S-Tone Inc.,Rendez-Vous À Minuit,,,,,,,,,,,,,,,,
Cynic,Adam'S Murmur,,,,,,,,,,,,,,,,
Ben Harper,Reason To Mourn,,,,,,,,,,,,,,,,
The 69 Eyes,Always,,,,,,,,,,,,,,,,
Cynic,The Space For This,,,,,,,,,,,,,,,,
Nina Simone,I Wish I Knew How It Would Feel To Be Free,,,,,,,,,,,,,,,,
Enigma,20.000 Miles Over The Sea,,,,,,,,,,,,,,,,
Aretha Franklin,You'Re All I Need To Get By,,,,,,,,,,,,,,,,
Enigma,Weightless,,,,,,,,,,,,,,,,
Enigma,Why!...,,,,,,,,,,,,,,,,
Ben Harper,Please Me Like You Want To,,,,,,,,,,,,,,,,
Enigma,The Piano,,,,,,,,,,,,,,,,
David Bowie,Word On A Wing,,,,,,,,,,,,,,,,
Circa Survive,On Letting Go,,,,,,,,,,,,,,,,
These New Puritans,£4,,,,,,,,,,,,,,,,
Circa Survive,In The Morning And Amazing...,,,,,,,,,,,,,,,,
The Magnetic Fields,Love Is Like A Bottle Of Gin,,,,,,,,,,,,,,,,
The Orchids,Tiny Words,,,,,,,,,,,,,,,,
Fuck Buttons,Ribs Out,,,,,,,,,,,,,,,,
The Ordinary Boys,I Luv U,,,,,,,,,,,,,,,,
Fuck Buttons,Bright Tomorrow,,,,,,,,,,,,,,,,
Hank Williams Iii,Candidate For Suicide,,,,,,,,,,,,,,,,
Negative,Naive,,,,,,,,,,,,,,,,
The Cardigans,Holy Love,,,,,,,,,,,,,,,,
Buck 65,Kennedy Killed The Hat,,,,,,,,,,,,,,,,
Negative,Misery,,,,,,,,,,,,,,,,
The Zombies,Tell Her No,,,,,,,,,,,,,,,,
Joss Stone,Security,,,,,,,,,,,,,,,,
The Distillers,Beat Your Heart Out,,,,,,,,,,,,,,,,
The Organ,It'S Time To Go,,,,,,,,,,,,,,,,
Eri Nobuchika,Hidamari,,,,,,,,,,,,,,,,
Archers Of Loaf,Web In Front,,,,,,,,,,,,,,,,
Eri Nobuchika,Yume No Kakera,,,,,,,,,,,,,,,,
Archie Bronson Outfit,Dead Funny,,,,,,,,,,,,,,,,
Silverchair,Pop Song For Us Rejects,,,,,,,,,,,,,,,,
Efterklang,Him Poe Poe,,,,,,,,,,,,,,,,
The Magnetic Fields,Punk Love,,,,,,,,,,,,,,,,
Asher Wynne,Eight Trembling Fingers,,,,,,,,,,,,,,,,
Type O Negative,Kill All The White People,,,,,,,,,,,,,,,,
Type O Negative,I Like Goils,,,,,,,,,,,,,,,,
Death In June,Rose Clouds Of Holocaust,,,,,,,,,,,,,,,,
S Club 7,Bring It All Back,0.6,0.2,0.8,0.4,0.2,0.0,0.4,0.0,0.0,0.2,0.0,0.0,0.8,0.6,0.6,0.0
High School Musical Cast,Breaking Free,,,,,,,,,,,,,,,,
High Places,Granola,,,,,,,,,,,,,,,,
Aphex Twin,[Blur],,,,,,,,,,,,,,,,
Strike Anywhere,Allies,,,,,,,,,,,,,,,,
Strike Anywhere,The Promise,,,,,,,,,,,,,,,,
Czesław Śpiewa,Żaba Tonie W Betonie,0.6,0.4,0.0,0.6,0.4,0.2,0.8,0.4,0.2,0.6,0.0,0.0,0.2,0.2,0.6,0.0
Hidden In Plain View,Bleed For You,,,,,,,,,,,,,,,,
The Bolshoi,Someone'S Daughter,,,,,,,,,,,,,,,,
Cypress Hill,Killafornia,,,,,,,,,,,,,,,,
Clutch,Gullah,,,,,,,,,,,,,,,,
The Ditty Bops,Wishful Thinking,,,,,,,,,,,,,,,,
Buckethead,For Mom,,,,,,,,,,,,,,,,
土屋アンナ,My Fate,,,,,,,,,,,,,,,,
Leftöver Crack,One Dead Cop,,,,,,,,,,,,,,,,
Roxette,A Thing About You,,,,,,,,,,,,,,,,
Menomena,Ghostship,,,,,,,,,,,,,,,,
Bodies Without Organs,Conquering America,,,,,,,,,,,,,,,,
Leftöver Crack,Crack City Rockers,,,,,,,,,,,,,,,,
Melvins,Teet,,,,,,,,,,,,,,,,
311,All Mixed Up,,,,,,,,,,,,,,,,
The B-52'S,Roam,,,,,,,,,,,,,,,,
Danny Elfman,Overture,,,,,,,,,,,,,,,,
Ryan Adams,You Will Always Be The Same,,,,,,,,,,,,,,,,
Therion,Typhon,,,,,,,,,,,,,,,,
The Magnetic Fields,Till The Bitter End,,,,,,,,,,,,,,,,
Nightwish,Wishmaster (Live),,,,,,,,,,,,,,,,
Calexico,Deep Down,,,,,,,,,,,,,,,,
Agonoize,Koprolalie,,,,,,,,,,,,,,,,
Nile,Lashed To The Slave Stick,,,,,,,,,,,,,,,,
Nightwish,Sahara (Instrumental),,,,,,,,,,,,,,,,
Agonoize,Chains Of Love,,,,,,,,,,,,,,,,
Nina Simone,Don'T Explain,,,,,,,,,,,,,,,,
Type O Negative,My Girlfriend'S Girlfriend (Cheese Organ Mix),,,,,,,,,,,,,,,,
Nina Simone,I Want A Little Sugar In My Bowl,,,,,,,,,,,,,,,,
Agonoize,Circle Of Death,,,,,,,,,,,,,,,,
Nightwish,While Your Lips Are Still Red,,,,,,,,,,,,,,,,
Aesop Rock,Commencement At The Obedience Academy,,,,,,,,,,,,,,,,
Agonoize,Golipe,,,,,,,,,,,,,,,,
Neil Young,Tonight'S The Night,,,,,,,,,,,,,,,,
Danny Elfman,Doctor Finklestein / In The Forest,,,,,,,,,,,,,,,,
The Offspring,One Fine Day,1.0,1.0,0.0,0.0,1.0,0.8,0.0,0.0,0.0,0.0,0.0,0.0,0.0,0.0,1.0,0.0
The Offspring,So Alone,,,,,,,,,,,,,,,,
Aesop Rock,Bazooka Tooth,,,,,,,,,,,,,,,,
The Zutons,Dirty Dancehall,,,,,,,,,,,,,,,,
The Zutons,Hello Conscience,,,,,,,,,,,,,,,,
Melvins,Going Blind,,,,,,,,,,,,,,,,
Men Without Hats,Safety Dance,,,,,,,,,,,,,,,,
Lemon Jelly,'93 Aka Don'T Stop Now,,,,,,,,,,,,,,,,
Roxette,I Was So Lucky,,,,,,,,,,,,,,,,
Melvins,Rat Faced Granny,,,,,,,,,,,,,,,,
Melanie C,Good Girl,,,,,,,,,,,,,,,,
Front 242,Take One,,,,,,,,,,,,,,,,
Roxy Music,Beauty Queen,,,,,,,,,,,,,,,,
Lene Lovich,Be Stiff,,,,,,,,,,,,,,,,
City And Colour,What Makes A Man?,,,,,,,,,,,,,,,,
City And Colour,Body In A Box,,,,,,,,,,,,,,,,
Nightwish,Bare Grace Misery,,,,,,,,,,,,,,,,
Pj Harvey,The Desperate Kingdom Of Love,,,,,,,,,,,,,,,,
Nightwish,Bye Bye Beautiful (Instrumental),,,,,,,,,,,,,,,,
Placebo,20 Years,,,,,,,,,,,,,,,,
Aly & Aj,Silence,,,,,,,,,,,,,,,,
The Boy Least Likely To,My Tiger My Heart,,,,,,,,,,,,,,,,
Ryan Adams & The Cardinals,The Hardest Part,,,,,,,,,,,,,,,,
Annwn,Bwthyn Fy Nain,,,,,,,,,,,,,,,,
Matt & Kim,No More Long Years,,,,,,,,,,,,,,,,
Annwn,Cuncti Simus,,,,,,,,,,,,,,,,
Röyksopp,Only This Moment (Alan Braxe & Fred Falke Remix),,,,,,,,,,,,,,,,
Boards Of Canada,Trapped,,,,,,,,,,,,,,,,
Stevie Ray Vaughan And Double Trouble,Wall Of Denial,,,,,,,,,,,,,,,,
Stillgazer,So Easy,,,,,,,,,,,,,,,,
Stina Nordenstam,Little Star,,,,,,,,,,,,,,,,
Roxy Music,Re-Make/Re-Model,,,,,,,,,,,,,,,,
Stina Nordenstam,Get On With Your Life,,,,,,,,,,,,,,,,
Crystal Castles,Cry Babies,,,,,,,,,,,,,,,,
The Offspring,I Wanna Be Sedated,,,,,,,,,,,,,,,,
Aesop Rock,One Brick (Feat. Illogic),,,,,,,,,,,,,,,,
The Offspring,Dirty Magic,,,,,,,,,,,,,,,,
The Bronx,Oceans Of Class,,,,,,,,,,,,,,,,
Aesop Rock,The Harbor Is Yours,,,,,,,,,,,,,,,,
Dj Shadow,Monosylabik,,,,,,,,,,,,,,,,
Stevie Ray Vaughan,Little Wing,,,,,,,,,,,,,,,,
Stevie Ray Vaughan And Double Trouble,Lenny,,,,,,,,,,,,,,,,
From First To Last,The One Armed Boxer Vs. The Flying Guillotine,,,,,,,,,,,,,,,,
Stevie Ray Vaughan,Rude Mood,,,,,,,,,,,,,,,,
Stevie Ray Vaughan And Double Trouble,Scuttle Buttin',,,,,,,,,,,,,,,,
Stevie Ray Vaughan And Double Trouble,Look At Little Sister,,,,,,,,,,,,,,,,
Deathstars,Death In Vogue,,,,,,,,,,,,,,,,
Eels,Dirty Girl,,,,,,,,,,,,,,,,
Dizzee Rascal,World Outside,,,,,,,,,,,,,,,,
Deathstars,Greatest Fight On Earth,,,,,,,,,,,,,,,,
Deathstars,Termination Bliss,,,,,,,,,,,,,,,,
Eels,Estate Sale,,,,,,,,,,,,,,,,
The 69 Eyes,D.I.D.,,,,,,,,,,,,,,,,
Badly Drawn Boy,Pissing In The Wind,,,,,,,,,,,,,,,,
Nightwish,Master Passion Greed (Instrumental),,,,,,,,,,,,,,,,
Ensiferum,Ad Victoriam,,,,,,,,,,,,,,,,
Clan Of Xymox,Michelle,,,,,,,,,,,,,,,,
Ensiferum,Goblin'S Dance [Bonus Track],,,,,,,,,,,,,,,,
Aretha Franklin,I Never Loved A Man (The Way I Love You),,,,,,,,,,,,,,,,
Frog Eyes,Idle Songs,,,,,,,,,,,,,,,,
Townes Van Zandt,If I Needed You,,,,,,,,,,,,,,,,
Bauhaus,Adrenalin,,,,,,,,,,,,,,,,
Prince,Gett Off,,,,,,,,,,,,,,,,
Deerhoof,My Diamond Star Car,,,,,,,,,,,,,,,,
Nellie Mckay,It'S A Pose,,,,,,,,,,,,,,,,
Primus,Too Many Puppies,,,,,,,,,,,,,,,,
Ween,Help Me Scrape The Mucus Off My Brain,,,,,,,,,,,,,,,,
Ammoncontact,One For Ayler,,,,,,,,,,,,,,,,
Cloud Cult,No One Said It Would Be Easy,,,,,,,,,,,,,,,,
Jonas Brothers,Out Of This World,,,,,,,,,,,,,,,,
Jonas Brothers,Hollywood,,,,,,,,,,,,,,,,
The Mary Onettes,Void,,,,,,,,,,,,,,,,
Silverstein,Defend You,,,,,,,,,,,,,,,,
Silverstein,Discovering The Waterfront,,,,,,,,,,,,,,,,
Nelly Furtado,All Good Things (Come To An End) (Radio Edit),,,,,,,,,,,,,,,,
Deborah Cox,Who Do U Love (Junior Vasquez Dmc Mix),,,,,,,,,,,,,,,,
Therion,Helheim,,,,,,,,,,,,,,,,
Therion,Gothic Kabbalah,,,,,,,,,,,,,,,,
Nightmare Of You,In The Bathroom Is Where I Want You,,,,,,,,,,,,,,,,
Soilwork,Steelbath Suicide,,,,,,,,,,,,,,,,
Tarja Turunen,My Little Phoenix,,,,,,,,,,,,,,,,
Tymon & Transistors,Cellulitis,,,,,,,,,,,,,,,,
Aphrodite'S Child,The Four Horsemen,,,,,,,,,,,,,,,,
Fatboy Slim,Kalifornia,0.4,0.4,0.8,0.4,0.4,0.4,0.0,0.0,0.0,0.0,0.0,0.0,1.0,0.8,0.6,0.0
Aphex Twin,[Mold],,,,,,,,,,,,,,,,
Fat Segal,Skins Theme Tune,,,,,,,,,,,,,,,,
Sentenced,Burn,,,,,,,,,,,,,,,,
Lily Allen,Him,,,,,,,,,,,,,,,,
Dizzee Rascal,Stop Dat,,,,,,,,,,,,,,,,
Bob Dylan,Gates Of Eden,,,,,,,,,,,,,,,,
Limp Bizkit,Rollin' (Urban Assault Vehicle),,,,,,,,,,,,,,,,
Devotchka,Till The End Of Time,,,,,,,,,,,,,,,,
Easyworld,Bleach,,,,,,,,,,,,,,,,
Jonathan Larson,Today 4 U,,,,,,,,,,,,,,,,
Tristania,Wormwood,,,,,,,,,,,,,,,,
Jonas Brothers,Take On Me,,,,,,,,,,,,,,,,
Afi,Days Of The Phoenix,,,,,,,,,,,,,,,,
Megadeth,The Scorpion,,,,,,,,,,,,,,,,
Easy Star All-Stars,Exit Music (For A Dub),,,,,,,,,,,,,,,,
Ebba Grön,Staten & Kapitalet,,,,,,,,,,,,,,,,
Youth Group,Drowned,,,,,,,,,,,,,,,,
Talk Talk,The Last Time,,,,,,,,,,,,,,,,
Blackalicious,Blazing Arrow,0.4,0.4,0.8,0.6,0.2,0.0,0.0,0.0,0.0,0.2,0.0,0.0,0.4,0.4,0.6,0.0
Leona Lewis,Run,,,,,,,,,,,,,,,,
Apocalyptica,Ion,,,,,,,,,,,,,,,,
Culture Club,The War Song,,,,,,,,,,,,,,,,
Dannii Minogue,He'S The Greatest Dancer (Lmc Edit),,,,,,,,,,,,,,,,
Dannii Minogue,I Begin To Wonder (Radio Edit),0.8,0.4,1.0,0.4,0.0,0.0,0.0,0.0,0.0,0.0,0.0,0.0,1.0,0.6,0.4,0.0
The Beach Boys,Help Me Rhonda,,,,,,,,,,,,,,,,
The Mighty Boosh,Tv Tundra,0.8,0.6,0.0,0.6,0.4,0.2,0.0,0.0,0.0,0.0,0.0,0.0,1.0,0.8,0.8,0.0
Therion,Clavicula Nox,,,,,,,,,,,,,,,,
Matt Pond Pa,Lily Two,,,,,,,,,,,,,,,,
The Matches,Salty Eyes,,,,,,,,,,,,,,,,
Matt Pond Pa,Brooklyn Stars,,,,,,,,,,,,,,,,
The Mighty Boosh,Mod Wolves,,,,,,,,,,,,,,,,
Here Comes Santa Claus,Bing Crosby & The Andrews Sisters,,,,,,,,,,,,,,,,
Plaid,Assault On Precinct Zero,,,,,,,,,,,,,,,,
Daniel Lanois,San Juan,,,,,,,,,,,,,,,,
Therion,An Arrow From The Sun,,,,,,,,,,,,,,,,
Baby Oliver,Primetime (Uptown Express),,,,,,,,,,,,,,,,
The Enemy,It'S Not Ok,,,,,,,,,,,,,,,,
Amadou & Mariam,M'Bifé,,,,,,,,,,,,,,,,
Tiamat,Prey,,,,,,,,,,,,,,,,
Placebo,The Ballad Of Melody Nelson,,,,,,,,,,,,,,,,
Therion,Quetzalcoatl,,,,,,,,,,,,,,,,
Nightmares On Wax,Morse,,,,,,,,,,,,,,,,
Yo La Tengo,Griselda,,,,,,,,,,,,,,,,
Jokke & Valentinerne,Spenn,,,,,,,,,,,,,,,,
Nelly Furtado,Undercover,,,,,,,,,,,,,,,,
Primal Scream,Little Death,,,,,,,,,,,,,,,,
Younger Brother,Finger,,,,,,,,,,,,,,,,
Buffalo Tom,Pendleton,,,,,,,,,,,,,,,,
Neon Neon,Trick For Treat,,,,,,,,,,,,,,,,
Belle And Sebastian,Night Walk,,,,,,,,,,,,,,,,
Primal Scream,The Glory Of Love,,,,,,,,,,,,,,,,
Primal Scream,Swastika Eyes (Jagz Kooner Mix),,,,,,,,,,,,,,,,
Underworld,Faxed Invitation,,,,,,,,,,,,,,,,
Primal Scream,Zombie Man,,,,,,,,,,,,,,,,
Ween,Ocean Man,,,,,,,,,,,,,,,,
Talking Heads,Born Under Punches,,,,,,,,,,,,,,,,
Echo & The Bunnymen,In The Margins,,,,,,,,,,,,,,,,
Archive,Lights,,,,,,,,,,,,,,,,
Deerhoof,Heart Failure,,,,,,,,,,,,,,,,
Simon & Garfunkel,Overs,,,,,,,,,,,,,,,,
The Modern Lovers,I'M Straight,,,,,,,,,,,,,,,,
The Bravery,Angelina,,,,,,,,,,,,,,,,
Ryan Adams,Blue Sky Blues,,,,,,,,,,,,,,,,
Strapping Young Lad,Polyphony,1.0,1.0,0.2,0.2,1.0,1.0,0.0,0.0,0.0,0.0,0.0,0.0,0.6,0.8,1.0,0.0
Herbert,Leave Me Now,,,,,,,,,,,,,,,,
Herbie Hancock,Cantaloupe Island,,,,,,,,,,,,,,,,
Plain White T'S,Sad Story,,,,,,,,,,,,,,,,
John Frusciante,With No One,,,,,,,,,,,,,,,,
Planka,Knife In The Pocket,,,,,,,,,,,,,,,,
Russian Circles,Harper Lewis,,,,,,,,,,,,,,,,
Placebo,Where Is My Mind (Xfm Live Version),,,,,,,,,,,,,,,,
Lil Wayne,Comfortable (Feat. Babyface),,,,,,,,,,,,,,,,
Lily Allen,Don'T Get Me Wrong,,,,,,,,,,,,,,,,
Ryan Adams,La Cienega Just Smiled,,,,,,,,,,,,,,,,
Blackmore'S Night,Memmingen,,,,,,,,,,,,,,,,
Ruslana,Wild Dances,,,,,,,,,,,,,,,,
Sondre Lerche,Counter Spark,,,,,,,,,,,,,,,,
Pretty Girls Make Graves,Ghosts In The Radio,,,,,,,,,,,,,,,,
Hawkwind,Earth Calling,,,,,,,,,,,,,,,,
Echo & The Bunnymen,The Puppet,,,,,,,,,,,,,,,,
Neu!,After Eight,,,,,,,,,,,,,,,,
Prefuse 73,Nuno,,,,,,,,,,,,,,,,
Priestess,Lay Down,,,,,,,,,,,,,,,,
Simian,La Breeze,,,,,,,,,,,,,,,,
Barbara Morgenstern,The Grass Is Always Greener,,,,,,,,,,,,,,,,
The Broken Family Band,John Belushi,,,,,,,,,,,,,,,,
坂本真綾,Vector,,,,,,,,,,,,,,,,
Leonard Cohen,Chelsea Hotel #2,,,,,,,,,,,,,,,,
Megadeth,Foreclosure Of A Dream,,,,,,,,,,,,,,,,
Avril Lavigne,Slipped Away,,,,,,,,,,,,,,,,
Medeski Martin And Wood,Hermeto'S Daydream,,,,,,,,,,,,,,,,
Medeski Martin And Wood,Is There Anybody Here That Love My Jesus,,,,,,,,,,,,,,,,
Avril Lavigne,Who Knows,,,,,,,,,,,,,,,,
Medeski Martin And Wood,The Lover,,,,,,,,,,,,,,,,
John Lennon,How?,,,,,,,,,,,,,,,,
John Lennon,Well Well Well,,,,,,,,,,,,,,,,
John Lennon,I'M Losing You,,,,,,,,,,,,,,,,
John Lennon,Hold On,,,,,,,,,,,,,,,,
Deep Dish,Everybody'S Wearing My Head,,,,,,,,,,,,,,,,
Nico,Somewhere There'S A Feather,,,,,,,,,,,,,,,,
Yo La Tengo,Sudden Organ,,,,,,,,,,,,,,,,
Buzzcocks,Something'S Gone Wrong Again,,,,,,,,,,,,,,,,
Dizzee Rascal,Stand Up Tall,,,,,,,,,,,,,,,,
Nickelback,Side Of A Bullet,,,,,,,,,,,,,,,,
Devo,Be Stiff,,,,,,,,,,,,,,,,
Deep Purple,Love Don'T Mean A Thing,,,,,,,,,,,,,,,,
Strapping Young Lad,Decimator,,,,,,,,,,,,,,,,
Devendra Banhart,Soon Is Good,,,,,,,,,,,,,,,,
Trivium,The Deceived,,,,,,,,,,,,,,,,
Sting,Let Your Soul Be Your Pilot,,,,,,,,,,,,,,,,
Mediæval Bæbes,Besse Bunting,,,,,,,,,,,,,,,,
Megadeth,Ashes In Your Mouth,,,,,,,,,,,,,,,,
Nevermore,Dead Heart In A Dead World,,,,,,,,,,,,,,,,
Young Marble Giants,Searching For Mr Right,,,,,,,,,,,,,,,,
Billy Bragg,To Have And To Have Not,,,,,,,,,,,,,,,,
Travis,Long Way Down,,,,,,,,,,,,,,,,
Travis,Last Words,,,,,,,,,,,,,,,,
Hauschka,Freibad,,,,,,,,,,,,,,,,
The Nightwatchman,California'S Dark,,,,,,,,,,,,,,,,
Hawthorne Heights,Blue Burns Orange,,,,,,,,,,,,,,,,
Pram,Mother Of Pearl,,,,,,,,,,,,,,,,
Deerhoof,L'Amour Stories,,,,,,,,,,,,,,,,
Prefuse 73,Dave'S Bonus Beats,,,,,,,,,,,,,,,,
Belle And Sebastian,Your Cover'S Blown,,,,,,,,,,,,,,,,
Ween,Waving My Dick In The Wind,,,,,,,,,,,,,,,,
Anneli Drecker,You Don'T Have To Change,,,,,,,,,,,,,,,,
Rush,Finding My Way,,,,,,,,,,,,,,,,
Rush,Good News First,,,,,,,,,,,,,,,,
Lightning Bolt,Forcefield,,,,,,,,,,,,,,,,
Rush,Force Ten,,,,,,,,,,,,,,,,
Blackmore'S Night,Again Someday,,,,,,,,,,,,,,,,
Tori Amos,Almost Rosey,,,,,,,,,,,,,,,,
The Breeders,Little Fury,,,,,,,,,,,,,,,,
David Bowie,She Shook Me Cold,,,,,,,,,,,,,,,,
Buzzcocks,Raison D'Etre,,,,,,,,,,,,,,,,
Edguy,King Of Fools,,,,,,,,,,,,,,,,
The Morning After Girls,Interlude,,,,,,,,,,,,,,,,
Enter Shikari,No Sssweat,,,,,,,,,,,,,,,,
Enter Shikari,Return To Energiser,,,,,,,,,,,,,,,,
Johnny Cash,Sea Of Heartbreak,,,,,,,,,,,,,,,,
Portugal. The Man,Chicago,,,,,,,,,,,,,,,,
Arctic Monkeys,Put Your Dukes Up John,,,,,,,,,,,,,,,,
David Bowie,Letter To Hermione,,,,,,,,,,,,,,,,
Torche,Charge Of The Brown Recluse,,,,,,,,,,,,,,,,
The 69 Eyes,Mr. Pain,,,,,,,,,,,,,,,,
Simple Minds,Waterfront,,,,,,,,,,,,,,,,
Built To Spill,Some,,,,,,,,,,,,,,,,
Johnny Cash,The Beast In Me,,,,,,,,,,,,,,,,
Anna Ternheim,Somebody'S Outside,,,,,,,,,,,,,,,,
Rufus Wainwright,Across The Universe (Remix),,,,,,,,,,,,,,,,
The Mountain Goats,Alpha Incipiens,,,,,,,,,,,,,,,,
New Found Glory,Coming Home,,,,,,,,,,,,,,,,
Butthole Surfers,Graveyard,,,,,,,,,,,,,,,,
Hello Saferide,Loneliness Is Better When You'Re Not Alone,,,,,,,,,,,,,,,,
The Duskfall,Guidance,,,,,,,,,,,,,,,,
The Dust Brothers,Stealing Fat,,,,,,,,,,,,,,,,
Poets Of The Fall,All The Way / 4U,,,,,,,,,,,,,,,,
Lightning Bolt,The Faire Folk,,,,,,,,,,,,,,,,
Annie,I Know Ur Girlfriend Hates Me,,,,,,,,,,,,,,,,
The Eames Era,Could Be Anything,,,,,,,,,,,,,,,,
Bob Dylan,The Levee'S Gonna Break,,,,,,,,,,,,,,,,
Rush,Mystic Rhythms,,,,,,,,,,,,,,,,
Rush,Nobody'S Hero,,,,,,,,,,,,,,,,
The Brian Jonestown Massacre,Yeah-Yeah,,,,,,,,,,,,,,,,
Bob Marley & The Wailers,Johnny Was,,,,,,,,,,,,,,,,
Cursive,At Conception,,,,,,,,,,,,,,,,
The Brian Jonestown Massacre,Starcleaner,,,,,,,,,,,,,,,,
Rufus Wainwright,Baby,,,,,,,,,,,,,,,,
Cunninlynguists,Rain,,,,,,,,,,,,,,,,
Anna Ternheim,A French Love (Naked Version),,,,,,,,,,,,,,,,
Deep Purple,The Mule,,,,,,,,,,,,,,,,
Sondre Lerche,Face The Blood,,,,,,,,,,,,,,,,
Deep Purple,You Keep On Moving,,,,,,,,,,,,,,,,
Blackfield,Christenings,0.6,0.4,0.0,0.4,0.6,0.4,0.6,0.4,0.0,0.4,0.0,0.2,0.6,0.4,0.8,0.0
Talking Heads,Listening Wind,,,,,,,,,,,,,,,,
Bullet For My Valentine,Curses,,,,,,,,,,,,,,,,
The Verve,Stormy Clouds (Live Usa),,,,,,,,,,,,,,,,
Talking Heads,Slippery People,,,,,,,,,,,,,,,,
New Order,Broken Promise,,,,,,,,,,,,,,,,
The Stands,Here She Comes Again,,,,,,,,,,,,,,,,
Bush,Bonedriven,,,,,,,,,,,,,,,,
Mazzy Star,All Your Sisters,,,,,,,,,,,,,,,,
Blackfield,Epidemic,,,,,,,,,,,,,,,,
Maybeshewill,The Paris Hilton Sex Tape,,,,,,,,,,,,,,,,
Lifehouse,Into The Sun,,,,,,,,,,,,,,,,
Against Me!,A Brief Yet Triumphant Intermission,,,,,,,,,,,,,,,,
Against Me!,T.S.R.,,,,,,,,,,,,,,,,
Asian Dub Foundation,04 - Asian Dub Foundation - Buzzing,,,,,,,,,,,,,,,,
New Order,Paradise,,,,,,,,,,,,,,,,
New Order,True Faith '94,,,,,,,,,,,,,,,,
Weezer,Fall Together,,,,,,,,,,,,,,,,
Theatre Of Tragedy,Venus,,,,,,,,,,,,,,,,
Afterhours,Male Di Miele,,,,,,,,,,,,,,,,
Portishead,A Tribute To Monk & Canatella,,,,,,,,,,,,,,,,
Mclusky,Fuck This Band,1.0,1.0,0.0,0.0,1.0,1.0,0.0,0.0,0.0,0.0,0.0,0.0,0.0,0.0,1.0,0.0
Porn Sword Tobacco,En Hyllning Till Cyckeln,,,,,,,,,,,,,,,,
Porn Sword Tobacco,Copyright The Universe,,,,,,,,,,,,,,,,
Blackfield,Once,,,,,,,,,,,,,,,,
After Forever,Zenith,,,,,,,,,,,,,,,,
Less Than Jake,The Science Of Selling Yourself Short,,,,,,,,,,,,,,,,
Lianne Hall,Peace,,,,,,,,,,,,,,,,
Cursive,Dorothy Dreams Of Tornados,,,,,,,,,,,,,,,,
Run-D.M.C.,King Of Rock,,,,,,,,,,,,,,,,
Lianne Hall,Chain Smoking,0.6,0.4,0.0,0.6,0.2,0.0,0.8,0.0,0.0,0.4,0.0,0.0,0.0,0.0,0.6,0.0
Freemasons,When You Touch Me,,,,,,,,,,,,,,,,
Meat Puppets,Aurora Borealis,,,,,,,,,,,,,,,,
September,Because I Love You,,,,,,,,,,,,,,,,
Tycho,Send And Receive,,,,,,,,,,,,,,,,
The Band,Chest Fever,,,,,,,,,,,,,,,,
Apocalyptica,Conclusion,,,,,,,,,,,,,,,,
Someone Still Loves You Boris Yeltsin,Think I Wanna Die,,,,,,,,,,,,,,,,
The Duke Spirit,Masca,,,,,,,,,,,,,,,,
The Duke Spirit,I'M So Glad,0.8,0.6,0.0,0.2,0.8,0.6,0.0,0.0,0.0,0.0,0.0,0.0,0.0,0.0,0.8,0.0
Poison,Strange Days Of Uncle Jack,,,,,,,,,,,,,,,,
Lianne Hall,Spirits,,,,,,,,,,,,,,,,
The Mountain Goats,Tianchi Lake,,,,,,,,,,,,,,,,
Mc5,Looking At You,,,,,,,,,,,,,,,,
New Young Pony Club,Ice Cream (Van She Remix),,,,,,,,,,,,,,,,
Nick Cave & The Bad Seeds,What A Wonderful World,,,,,,,,,,,,,,,,
News,Sayaendo,,,,,,,,,,,,,,,,
Pop Levi,Blue Honey,,,,,,,,,,,,,,,,
French Kicks,Close To Modern,,,,,,,,,,,,,,,,
Cursive,Big Bang,,,,,,,,,,,,,,,,
Freezepop,Plastic Stars,,,,,,,,,,,,,,,,
Weezer,Thought I Knew,,,,,,,,,,,,,,,,
Arcturus,Shipwrecked Frontier Pioneer,,,,,,,,,,,,,,,,
David Bowie,Saviour Machine,,,,,,,,,,,,,,,,
Johnny Cash,A Thing Called Love,,,,,,,,,,,,,,,,
Thelma Houston,Don'T Leave Me This Way,,,,,,,,,,,,,,,,
Nick Cave & The Bad Seeds,Christina The Astonishing,,,,,,,,,,,,,,,,
Nick Cave & The Bad Seeds,Get Ready For Love,,,,,,,,,,,,,,,,
New Order,Shellshock,,,,,,,,,,,,,,,,
Entwine,Nothing Left To Say,,,,,,,,,,,,,,,,
Afterhours,La Vedova Bianca,,,,,,,,,,,,,,,,
The Dresden Dolls,Pretty In Pink,,,,,,,,,,,,,,,,
Clinic,Sunlight Bathes Our Home,,,,,,,,,,,,,,,,
The Music,Into The Night,,,,,,,,,,,,,,,,
Nick Cave & The Bad Seeds,Well Of Misery,,,,,,,,,,,,,,,,
Nick Cave & The Bad Seeds,Papa Won'T Leave You Henry,,,,,,,,,,,,,,,,
The Music,Get Through It,,,,,,,,,,,,,,,,
Poisonblack,The State,,,,,,,,,,,,,,,,
Arctic Monkeys,You Probably Couldn'T See For The Lights,,,,,,,,,,,,,,,,
Clinic,Family,,,,,,,,,,,,,,,,
Client,Come On,,,,,,,,,,,,,,,,
Sven Libaek,Shark Attack Theme,,,,,,,,,,,,,,,,
Life Of Agony,River Runs Red,,,,,,,,,,,,,,,,
John Williams,The Imperial March (Darth Vader'S Theme),,,,,,,,,,,,,,,,
Newton Faulkner,Feels Like Home,,,,,,,,,,,,,,,,
Nick Cave & The Bad Seeds,Love Letter,,,,,,,,,,,,,,,,
The Bastard Fairies,Apple Pie,,,,,,,,,,,,,,,,
Mazzy Star,Still Cold,,,,,,,,,,,,,,,,
Audio Bullys,I Won'T Let You Down,,,,,,,,,,,,,,,,
!!!,Intensify,,,,,,,,,,,,,,,,
M83,Dancing Mountains,,,,,,,,,,,,,,,,
The Beatles,Matchbox,,,,,,,,,,,,,,,,
M-Flo,The Other Side Of Love (Cubismo Grafico Mix),,,,,,,,,,,,,,,,
...And You Will Know Us By The Trail Of Dead,Clair De Lune,,,,,,,,,,,,,,,,
Madonna,Human Nature,,,,,,,,,,,,,,,,
Bloc Party,Waiting For The 7:18,,,,,,,,,,,,,,,,
Blockhead,A Better Place,,,,,,,,,,,,,,,,
Dif Juz,Re,,,,,,,,,,,,,,,,
Sum 41,Summer,,,,,,,,,,,,,,,,
The Troggs,Cousin Jane,,,,,,,,,,,,,,,,
The Ting Tings,Shut Up And Let Me Go (Haji & Emanuel Radio Edit),,,,,,,,,,,,,,,,
Beth Gibbons & Rustin Man,Rustin Man,,,,,,,,,,,,,,,,
Incubus,Summer Romance,,,,,,,,,,,,,,,,
Infadels,Jagger '67,,,,,,,,,,,,,,,,
Infected Mushroom,Bombat,,,,,,,,,,,,,,,,
Fennesz & Sakamoto,Aware,,,,,,,,,,,,,,,,
Diego Torres,Andando,,,,,,,,,,,,,,,,
Infected Mushroom,Pletzturra,,,,,,,,,,,,,,,,
Sunn O))),Candlegoat,,,,,,,,,,,,,,,,
Sunday Munich,Scathed (Intimate Clobber Mix),,,,,,,,,,,,,,,,
Within Temptation,Grace,,,,,,,,,,,,,,,,
Sugababes,Follow Me Home,,,,,,,,,,,,,,,,
Sunloverz,Shine On,,,,,,,,,,,,,,,,
Sugababes,Hole In The Head (Clean Radio Edit),,,,,,,,,,,,,,,,
Field Music,You Can Decide,,,,,,,,,,,,,,,,
Dinosaur Jr.,We'Re Not Alone,0.8,0.8,0.0,0.2,1.0,0.8,0.0,0.0,0.0,0.0,0.0,0.0,0.2,0.2,0.8,0.0
Field Mob,At The Park,,,,,,,,,,,,,,,,
Fennesz & Sakamoto,Trace,,,,,,,,,,,,,,,,
Scorpions,You And I,,,,,,,,,,,,,,,,
Machine Head,All Falls Down,,,,,,,,,,,,,,,,
Trespassers William,Lie In The Sound,,,,,,,,,,,,,,,,
Scout Niblett,Kiss,,,,,,,,,,,,,,,,
鈴村健一,荒野の嵐,,,,,,,,,,,,,,,,
Sugababes,Easy,,,,,,,,,,,,,,,,
Autechre,Yulquen,,,,,,,,,,,,,,,,
Dinosaur Jr.,This Is All I Came To Do,,,,,,,,,,,,,,,,
Fergie,Finally,,,,,,,,,,,,,,,,
Diecast,Fade Away,,,,,,,,,,,,,,,,
Paris Hilton,Screwed,,,,,,,,,,,,,,,,
Infected Mushroom,Avratz,,,,,,,,,,,,,,,,
鈴村健一,それから (オリジナルカラオケ),,,,,,,,,,,,,,,,
Paramore,Here We Go Again (Acoustic),,,,,,,,,,,,,,,,
Vincent Gallo,When,,,,,,,,,,,,,,,,
Squire,Take A Look,,,,,,,,,,,,,,,,
The Coral,Milkwood Blues,,,,,,,,,,,,,,,,
Ulrich Schnauss,Never Be The Same,,,,,,,,,,,,,,,,
Dead Can Dance,I Can See Now,,,,,,,,,,,,,,,,
*Nsync,This I Promise You,,,,,,,,,,,,,,,,
Infected Mushroom,Return Of The Shadows,,,,,,,,,,,,,,,,
Angelspit,100%,,,,,,,,,,,,,,,,
Angelo Badalamenti,Haunting & Heartbreaking,,,,,,,,,,,,,,,,
Морэ & Рэльсы,Весёлые Истории,,,,,,,,,,,,,,,,
Glass Candy,Computer Love,,,,,,,,,,,,,,,,
Korpiklaani,Pellonpekko,,,,,,,,,,,,,,,,
The Research,I Love You But...,,,,,,,,,,,,,,,,
Copeland,Don'T Slow Down,,,,,,,,,,,,,,,,
The Coral,A Warning To The Curious,,,,,,,,,,,,,,,,
Miss Kittin,I Come.Com,,,,,,,,,,,,,,,,
Refused,Rather Be Dead,,,,,,,,,,,,,,,,
Remember Remember,Fountain,,,,,,,,,,,,,,,,
Relient K,I'M Taking You With Me,,,,,,,,,,,,,,,,
Ville Valo,Jykevää On Rakkaus,,,,,,,,,,,,,,,,
Kraftwerk,Trans Europa Express,0.0,0.0,1.0,0.0,0.0,0.0,0.0,0.0,0.0,0.0,0.0,0.0,1.0,1.0,0.0,0.0
The Cooper Temple Clause,Panzer Attack,,,,,,,,,,,,,,,,
Papa Roach,Blood,,,,,,,,,,,,,,,,
Insomnium,Resonance,,,,,,,,,,,,,,,,
The Honorary Title,Revealing Too Much,,,,,,,,,,,,,,,,
Beth Orton,Thinking About Tomorrow,,,,,,,,,,,,,,,,
Charles Trenet,La Mer,,,,,,,,,,,,,,,,
Gipsy Kings,Volare,,,,,,,,,,,,,,,,
The Herbaliser,Gadget Funk,,,,,,,,,,,,,,,,
Heidi Marie Vestrheim,Favourite Song,,,,,,,,,,,,,,,,
Girls Aloud,Control Of The Knife,,,,,,,,,,,,,,,,
Son Volt,Action,,,,,,,,,,,,,,,,
Something Corporate,(Hurricane) The Formal Weather Pattern,,,,,,,,,,,,,,,,
Tycho,From Home,,,,,,,,,,,,,,,,
Story One,Fatherland,,,,,,,,,,,,,,,,
Daniel Licht,Wink,0.6,0.4,0.0,0.8,0.4,0.2,0.0,1.0,0.0,0.6,0.0,0.0,0.0,0.0,0.4,0.0
The Mountain Goats,Southwood Plantation Road,,,,,,,,,,,,,,,,
Cliff Martinez,Maybe You'Re My Puppet,,,,,,,,,,,,,,,,
The Breeders,Night Of Joy,,,,,,,,,,,,,,,,
John Parish & Polly Jean Harvey,Black Hearted Love,,,,,,,,,,,,,,,,
John Parish & Polly Jean Harvey,The Chair,,,,,,,,,,,,,,,,
Pogo,Alice,,,,,,,,,,,,,,,,
Poison,Swampjuice (Soul-O),,,,,,,,,,,,,,,,
Amber,I'M A Dreamer,,,,,,,,,,,,,,,,
Heidi Marie Vestrheim,Rings,,,,,,,,,,,,,,,,
Heidi Marie Vestrheim,Desert Song,,,,,,,,,,,,,,,,
America,The Last Unicorn,,,,,,,,,,,,,,,,
Heather Small,Proud,,,,,,,,,,,,,,,,
Porcupine Tree,Chloroform,,,,,,,,,,,,,,,,
The Brian Jonestown Massacre,Ljósmyndir,,,,,,,,,,,,,,,,
Nick Cave & The Bad Seeds,Black Betty,,,,,,,,,,,,,,,,
Ruoska,Sika,,,,,,,,,,,,,,,,
Buscemi Feat. Isabele Antena,Nothing To Worry About,,,,,,,,,,,,,,,,
Ruoska,Mies Yli Laidan,,,,,,,,,,,,,,,,
Entwine,Refill My Soul,,,,,,,,,,,,,,,,
New Order,Who'S Joe?,,,,,,,,,,,,,,,,
Johnny Cash,Boy Named Sue,,,,,,,,,,,,,,,,
Arcturus,Nocturnal Vision Revisited,,,,,,,,,,,,,,,,
Torche,Fuck Addict,1.0,1.0,0.0,0.0,1.0,1.0,0.0,0.0,0.0,0.0,0.0,0.0,0.0,0.0,1.0,0.0
Arcturus,Radical Cut,,,,,,,,,,,,,,,,
Enya,Adiemus,,,,,,,,,,,,,,,,
Billie Holiday,Don'T Explain,,,,,,,,,,,,,,,,
You Say Party! We Say Die!,Opportunity,,,,,,,,,,,,,,,,
The Mountain Goats,Maybe Sprout Wings,,,,,,,,,,,,,,,,
4 Non Blondes,Superfly,,,,,,,,,,,,,,,,
Lifehouse,Easier To Be,,,,,,,,,,,,,,,,
Bush,Communicator,,,,,,,,,,,,,,,,
Lifehouse,The End Has Only Begun,,,,,,,,,,,,,,,,
Maxïmo Park,Parisian Skies,,,,,,,,,,,,,,,,
Nickel Creek,Green And Gray,,,,,,,,,,,,,,,,
Lifehouse,Disarray,,,,,,,,,,,,,,,,
Towers Of London,Beaujolais,,,,,,,,,,,,,,,,
Asian Dub Foundation,03 - Asian Dub Foundation - Black White,,,,,,,,,,,,,,,,
After Forever,Transitory,1.0,1.0,0.0,0.2,1.0,1.0,0.0,0.8,0.0,0.0,0.0,0.0,0.6,0.6,0.8,0.0
John Mayer,New Deep,,,,,,,,,,,,,,,,
The Mountain Goats,In The Craters On The Moon,,,,,,,,,,,,,,,,
Against Me!,How Low,,,,,,,,,,,,,,,,
John Mayer,Home Life,,,,,,,,,,,,,,,,
The Dream Syndicate,Tell Me When It'S Over,,,,,,,,,,,,,,,,
Bush,Swim,,,,,,,,,,,,,,,,
New Order,Sooner Than You Think,,,,,,,,,,,,,,,,
Head Automatica,Disco Hades Ii,,,,,,,,,,,,,,,,
New Order,Perfect Kiss,0.8,0.4,0.8,0.6,0.6,0.2,0.0,0.0,0.0,0.2,0.0,0.0,0.8,0.8,0.8,0.2
Ed Harcourt,Something In My Eye,,,,,,,,,,,,,,,,
Bunbury & Vegas,Puta Desagradecida,,,,,,,,,,,,,,,,
The Breeders,Spark,,,,,,,,,,,,,,,,
Johnny Cash,Home Of The Blues,,,,,,,,,,,,,,,,
Danielson,Did I Step On Your Trumpet,,,,,,,,,,,,,,,,
Meat Puppets,Plateau,,,,,,,,,,,,,,,,
Rush,A Farewell To Kings,,,,,,,,,,,,,,,,
Bob Marley,Exodus,,,,,,,,,,,,,,,,
Headlights,Tv,,,,,,,,,,,,,,,,
Bob Marley & The Wailers,Kinky Reggae,,,,,,,,,,,,,,,,
The Mountain Goats,Idylls Of The King,0.4,0.2,0.0,0.4,0.4,0.0,0.8,0.0,0.0,0.4,0.0,0.0,0.0,0.0,0.6,0.0
Porcupine Tree,She'S Moved On,,,,,,,,,,,,,,,,
The Early November,Baby Blue,,,,,,,,,,,,,,,,
Lightspeed Champion,Devil Tricks For A Bitch,,,,,,,,,,,,,,,,
Her Space Holiday,Tech Romance,,,,,,,,,,,,,,,,
Lightspeed Champion,Dry Lips,,,,,,,,,,,,,,,,
Agalloch,I Am The Wooden Doors,,,,,,,,,,,,,,,,
Anna Ternheim,Girl Laying Down,,,,,,,,,,,,,,,,
Clem Snide,Don'T Let The Sun Go Down On Your Grievience,,,,,,,,,,,,,,,,
Freundeskreis,Mit Dir,,,,,,,,,,,,,,,,
Hello Saferide,I Can'T Believe It'S Not Love!,,,,,,,,,,,,,,,,
The Brian Jonestown Massacre,Nailing Honey To The Bee,,,,,,,,,,,,,,,,
Rush,Madrigal,,,,,,,,,,,,,,,,
Megadeth,Blessed Are The Dead,,,,,,,,,,,,,,,,
The Stands,I'Ve Waited So Long,,,,,,,,,,,,,,,,
The Brian Jonestown Massacre,Stolen,,,,,,,,,,,,,,,,
Bob Dylan,Señor (Tales Of Yankee Power),,,,,,,,,,,,,,,,
Townes Van Zandt,Dead Flowers,,,,,,,,,,,,,,,,
The Verve,So Sister,0.6,0.4,0.0,0.2,0.6,0.4,0.6,0.0,0.0,0.0,0.0,0.0,0.6,0.4,0.6,0.0
Deepest Blue,Can'T Believe,,,,,,,,,,,,,,,,
4Hero,Les Fleur,,,,,,,,,,,,,,,,
Deepest Blue,Be Still My Heart,,,,,,,,,,,,,,,,
Lesiëm,Caritas (Charity),,,,,,,,,,,,,,,,
Meat Loaf,Back Into Hell,,,,,,,,,,,,,,,,
The Brian Jonestown Massacre,Whoever You Are,,,,,,,,,,,,,,,,
Mecano,La Fuerza Del Destino,,,,,,,,,,,,,,,,
大谷幸,Epilogue ~Those Who Remain~,,,,,,,,,,,,,,,,
The Breeders,We'Re Gonna Rise,,,,,,,,,,,,,,,,
The National,The Thrilling Of Claire,,,,,,,,,,,,,,,,
After Forever,Free Of Doubt,,,,,,,,,,,,,,,,
After Forever,Discord,,,,,,,,,,,,,,,,
New Order,All Day Long,,,,,,,,,,,,,,,,
Portugal. The Man,Marching With 6,,,,,,,,,,,,,,,,
Bullet For My Valentine,The End,,,,,,,,,,,,,,,,
Portugal. The Man,Elephants,,,,,,,,,,,,,,,,
The 69 Eyes,Ghettoway Car,,,,,,,,,,,,,,,,
Hawthorne Heights,Wake Up Call,,,,,,,,,,,,,,,,
Butthole Surfers,The Wooden Song,,,,,,,,,,,,,,,,
Entwine,Curtained Life,,,,,,,,,,,,,,,,
Underoath,Salmarnir,,,,,,,,,,,,,,,,
American Nightmare,Hearts,,,,,,,,,,,,,,,,
The 69 Eyes,Lady Luck,,,,,,,,,,,,,,,,
Epica,The Phantom Agony,,,,,,,,,,,,,,,,
Ensiferum,One More Magic Potion,,,,,,,,,,,,,,,,
Epica,Blank Infinity,,,,,,,,,,,,,,,,
Billie The Vision & The Dancers,Ghost,,,,,,,,,,,,,,,,
Billie The Vision & The Dancers,Good And Bad,,,,,,,,,,,,,,,,
Johnny Kidd & The Pirates,Shakin' All Over,,,,,,,,,,,,,,,,
The Mountain Goats,Hast Thou Considered The Tetrapod,,,,,,,,,,,,,,,,
New Found Glory,Understatement,,,,,,,,,,,,,,,,
Rufus Wainwright,Imaginary Love,,,,,,,,,,,,,,,,
Frida Hyvönen,You Never Got Me Right,,,,,,,,,,,,,,,,
New Found Glory,Make Your Move,,,,,,,,,,,,,,,,
Bob Marley & The Wailers,Put It On,,,,,,,,,,,,,,,,
Rufus Wainwright,Old Whore'S Diet,,,,,,,,,,,,,,,,
Neverending White Lights,The Grace,,,,,,,,,,,,,,,,
The Duskfall,Age Of Errors,,,,,,,,,,,,,,,,
Poets Of The Fall,Everything Fades,,,,,,,,,,,,,,,,
Poets Of The Fall,Illusion & Dream,,,,,,,,,,,,,,,,
Nickelback,Fight For All The Wrong Reasons,,,,,,,,,,,,,,,,
Hellogoodbye,Here In Your Arms (Tommie Sunshine Remix),,,,,,,,,,,,,,,,
Billie Holiday,All Of Me,,,,,,,,,,,,,,,,
Helloween,I'M Alive,,,,,,,,,,,,,,,,
John Martyn,Small Hours,,,,,,,,,,,,,,,,
Megadeth,Blackmail The Universe,,,,,,,,,,,,,,,,
Story One,Trebuchet,,,,,,,,,,,,,,,,
Strapping Young Lad,Hope,,,,,,,,,,,,,,,,
Blackmore'S Night,Castles And Dreams,,,,,,,,,,,,,,,,
Strapping Young Lad,Consequence,,,,,,,,,,,,,,,,
Strapping Young Lad,Devour,,,,,,,,,,,,,,,,
Strapping Young Lad,Home Nucleonics,,,,,,,,,,,,,,,,
Hawkwind,You Know You'Re Only Dreaming,,,,,,,,,,,,,,,,
Cute Is What We Aim For,Lyrical Lies,,,,,,,,,,,,,,,,
Hawkwind,Sonic Attack,,,,,,,,,,,,,,,,
Hawkwind,Welcome To The Future,,,,,,,,,,,,,,,,
Hawkwind,Lord Of Light,,,,,,,,,,,,,,,,
Johnossi,Press Hold,,,,,,,,,,,,,,,,
Neutral Milk Hotel,Pree-Sisters Swallowing A Donkey'S Eye,,,,,,,,,,,,,,,,
The Nightwatchman,House Gone Up In Flames,,,,,,,,,,,,,,,,
The Breeders,Glorious,,,,,,,,,,,,,,,,
Rush,Cygnus X-1,,,,,,,,,,,,,,,,
Lightning Bolt,Wee Ones Parade,,,,,,,,,,,,,,,,
Portishead,Sheared Times,,,,,,,,,,,,,,,,
Lightning Bolt,Into The Mist 2,,,,,,,,,,,,,,,,
Sting,Stolen Car (Take Me Dancing),,,,,,,,,,,,,,,,
Bugge Wesseltoft,You Might Say,,,,,,,,,,,,,,,,
Hatebreed,I Will Be Heard,,,,,,,,,,,,,,,,
Hem,My Father'S Waltz,,,,,,,,,,,,,,,,
Pleasant Grove,Commander Whatever,,,,,,,,,,,,,,,,
Lightning Bolt,Bizarro Bike,,,,,,,,,,,,,,,,
The Breeders,Here No More,,,,,,,,,,,,,,,,
Tori Amos,Agent Orange,,,,,,,,,,,,,,,,
Eddie Money,Two Tickets To Paradise,,,,,,,,,,,,,,,,
Help She Can'T Swim,Are You Feeling Fashionable?,,,,,,,,,,,,,,,,
Henry Mancini,Moon River,,,,,,,,,,,,,,,,
The Nightwatchman,The Garden Of Gethsemane,,,,,,,,,,,,,,,,
Max Richter,Autumn Music 2,0.0,0.0,0.0,0.0,0.0,0.0,0.0,1.0,0.0,0.6,0.0,0.0,0.4,0.2,0.0,0.0
Jolie Holland,Poor Girl,,,,,,,,,,,,,,,,
Annihilator,Burns Like A Buzzsaw Blade,,,,,,,,,,,,,,,,
Lil Wayne,I'M Me,,,,,,,,,,,,,,,,
Russian Circles,Station,,,,,,,,,,,,,,,,
Leonel Nunes,O Papagaio Da Rosa,,,,,,,,,,,,,,,,
The Bronx,Mouth Money,,,,,,,,,,,,,,,,
Annie,The Wedding,,,,,,,,,,,,,,,,
Bob Dylan,If Not For You,,,,,,,,,,,,,,,,
Ween,The Mollusk,,,,,,,,,,,,,,,,
Nerina Pallot,Sophia,,,,,,,,,,,,,,,,
Ween,Sweetheart In The Summer,,,,,,,,,,,,,,,,
Pretty Girls Make Graves,The New Romance,,,,,,,,,,,,,,,,
Something Corporate,If You C Jordan,,,,,,,,,,,,,,,,
Something Corporate,Good News,,,,,,,,,,,,,,,,
Sondre Lerche,Days That Are Over,,,,,,,,,,,,,,,,
John Legend,Where Did My Baby Go,,,,,,,,,,,,,,,,
Tift Merritt,Wait It Out,,,,,,,,,,,,,,,,
John Legend,Again,,,,,,,,,,,,,,,,
Avril Lavigne,Tomorrow,,,,,,,,,,,,,,,,
Mediæval Bæbes,Cantiga,,,,,,,,,,,,,,,,
Bob Sinclar,Together (Feat. Steve Edwards),,,,,,,,,,,,,,,,
Mediæval Bæbes,E Volentieri,,,,,,,,,,,,,,,,
Devo,It'S Not Right,,,,,,,,,,,,,,,,
Strapping Young Lad,Fucker,,,,,,,,,,,,,,,,
Devo,Space Junk,,,,,,,,,,,,,,,,
Trivium,Contempt Breeds Contamination,,,,,,,,,,,,,,,,
Trivium,Ignition,,,,,,,,,,,,,,,,
Tamia,Dear John,,,,,,,,,,,,,,,,
Agathodaimon,Sacred Divinity,,,,,,,,,,,,,,,,
Yo La Tengo,Swing For Life,,,,,,,,,,,,,,,,
Sepultura,Manifest,,,,,,,,,,,,,,,,
Tanita Tikaram,Twist In My Sobriety,,,,,,,,,,,,,,,,
Nightmares On Wax,Me!,,,,,,,,,,,,,,,,
Nightmares On Wax,Say-Say,,,,,,,,,,,,,,,,
The Mighty Boosh,The Hitcher,,,,,,,,,,,,,,,,
The Milestone Corporation,Suburban Boredom,,,,,,,,,,,,,,,,
Placebo,Leni,,,,,,,,,,,,,,,,
Ben Folds Five,Magic,,,,,,,,,,,,,,,,
The 69 Eyes,Skanky Man,,,,,,,,,,,,,,,,
Nelly Furtado,Trynna Finda Way,,,,,,,,,,,,,,,,
Billy Bragg,The Milkman Of Human Kindness,,,,,,,,,,,,,,,,
The Notorious B.I.G.,Me & My Bitch,,,,,,,,,,,,,,,,
Neu!,Weissensee,,,,,,,,,,,,,,,,
The Doors,Easy Ride,,,,,,,,,,,,,,,,
Apocalyptica,Worlds Collide,,,,,,,,,,,,,,,,
Apocalyptica,Toreador Ii,,,,,,,,,,,,,,,,
Agentss,Agentss,,,,,,,,,,,,,,,,
Nicola Conte,The In Samba (Kyoto Jazz Massive Remix),,,,,,,,,,,,,,,,
Deerhoof,Giga Dance,,,,,,,,,,,,,,,,
Sondre Lerche,Wet Ground,,,,,,,,,,,,,,,,
Sondre Lerche,You Know So Well,,,,,,,,,,,,,,,,
Underworld,Ess Gee,,,,,,,,,,,,,,,,
Tiamat,So Much For Suicide,,,,,,,,,,,,,,,,
Underworld,Cuddle Bunny Vs The Celtic Villages,,,,,,,,,,,,,,,,
Underworld,Dark & Long,,,,,,,,,,,,,,,,
The Electric Soft Parade,Start Again,,,,,,,,,,,,,,,,
Plain White T'S,Friends Don'T Let Friends Dial Drunk,,,,,,,,,,,,,,,,
Helmet,Crashing Foreign Cars,1.0,1.0,0.0,0.0,1.0,1.0,0.0,0.0,0.0,0.0,0.0,0.0,0.0,0.0,1.0,0.0
Herbert,Suddenly,,,,,,,,,,,,,,,,
Planet Funk,Chase The Sun,,,,,,,,,,,,,,,,
Plump Djs,Remember My Name,,,,,,,,,,,,,,,,
Yo La Tengo,How To Make A Baby Elephant Float,,,,,,,,,,,,,,,,
Audioslave,#1 Zero,,,,,,,,,,,,,,,,
Devotchka,The Clockwise Witness,,,,,,,,,,,,,,,,
John Frusciante,Control,,,,,,,,,,,,,,,,
John Foxx,He'S A Liquid,,,,,,,,,,,,,,,,
Blackmore'S Night,Shadow Of The Moon,,,,,,,,,,,,,,,,
John Foxx,No-One Driving,,,,,,,,,,,,,,,,
Nightmares On Wax,Ease Jimi,,,,,,,,,,,,,,,,
Tarja Turunen,The Reign,,,,,,,,,,,,,,,,
Sonic Youth,Catholic Block,,,,,,,,,,,,,,,,
Sonic Youth,Bone,,,,,,,,,,,,,,,,
Youth Group,The Frankston Line,,,,,,,,,,,,,,,,
The Notorious B.I.G.,Respect,,,,,,,,,,,,,,,,
Nelly,Ride Wit Me,,,,,,,,,,,,,,,,
Echo & The Bunnymen,All That Jazz,,,,,,,,,,,,,,,,
Bob Dylan,4Th Time Around,,,,,,,,,,,,,,,,
Suzanne Smith,Closer (Al B. Rich Radio Remix),,,,,,,,,,,,,,,,
Megadeth,Kill The King,,,,,,,,,,,,,,,,
The View,Dance Into The Night,,,,,,,,,,,,,,,,
Leonard Cohen,Joan Of Arc,,,,,,,,,,,,,,,,
坂本真綾,Mameshiba,,,,,,,,,,,,,,,,
Leonard Cohen,A Thousand Kisses Deep,,,,,,,,,,,,,,,,
Megadeth,Reckoning Day,,,,,,,,,,,,,,,,
Barbara Morgenstern,Ein Paar Sekunden,,,,,,,,,,,,,,,,
Megadeth,Set The World Afire,,,,,,,,,,,,,,,,
The Beach Boys,Be True To Your School,,,,,,,,,,,,,,,,
The Beach Boys,Do You Wanna Dance,,,,,,,,,,,,,,,,
Matt Pond Pa,From Debris,,,,,,,,,,,,,,,,
Limp Bizkit,9 Teen 90 Nine,,,,,,,,,,,,,,,,
Matt Pond Pa,Kc,,,,,,,,,,,,,,,,
The 69 Eyes,Be My Speed,,,,,,,,,,,,,,,,
Eels,From Which I Came/A Magic Word,,,,,,,,,,,,,,,,
Dannii Minogue,I Begin To Wonder,,,,,,,,,,,,,,,,
Badly Drawn Boy,Body Rap,,,,,,,,,,,,,,,,
Eels,Electro-Shock Blues,,,,,,,,,,,,,,,,
Cake,Rock 'N' Roll Lifestyle,,,,,,,,,,,,,,,,
Clan Of Xymox,Medusa,,,,,,,,,,,,,,,,
Deathspell Omega,I,1.0,1.0,0.0,0.0,1.0,1.0,0.0,0.0,0.0,0.0,0.0,0.0,0.0,0.0,1.0,0.0
Front 242,No Shuffle,,,,,,,,,,,,,,,,
Roxy Music,Mother Of Pearl,,,,,,,,,,,,,,,,
The Essex Green,By The Sea,,,,,,,,,,,,,,,,
Nightwish,Nightquest,,,,,,,,,,,,,,,,
Clan Of Xymox,Jasmine And Rose,,,,,,,,,,,,,,,,
Sir Edward Elgar,Variations On An Original Theme 'Enigma' (Nimrod),,,,,,,,,,,,,,,,
Enigma,Following The Sun,,,,,,,,,,,,,,,,
Hans Zimmer,Sorrow,,,,,,,,,,,,,,,,
Prince,Dirty Mind,,,,,,,,,,,,,,,,
Prince,Uptown,,,,,,,,,,,,,,,,
Townes Van Zandt,Kathleen,,,,,,,,,,,,,,,,
Hans Zimmer,Progeny,,,,,,,,,,,,,,,,
Toto,I Won'T Hold You Back,,,,,,,,,,,,,,,,
Amon Amarth,The Dragons' Flight Across The Waves,,,,,,,,,,,,,,,,
Amon Amarth,Prediction Of Warfare,,,,,,,,,,,,,,,,
Crystal Castles,No Skin,,,,,,,,,,,,,,,,
The Mary Onettes,Explosions,,,,,,,,,,,,,,,,
The Notwist,Chemicals,,,,,,,,,,,,,,,,
Therion,Lemuria,,,,,,,,,,,,,,,,
Erasure,Ship Of Fools,0.6,0.4,1.0,0.4,0.2,0.0,0.0,0.0,0.0,0.0,0.0,0.0,1.0,0.8,0.6,0.0
The Boxer Rebellion,Watermelon,0.8,0.6,0.4,0.4,0.6,0.4,0.2,0.0,0.0,0.2,0.0,0.0,0.6,0.4,0.8,0.0
Underworld,Good Morning Cockerel,,,,,,,,,,,,,,,,
Silverstein,The Ides Of March,,,,,,,,,,,,,,,,
Bob Dylan,All I Really Want To Do,0.6,0.2,0.0,0.4,0.0,0.0,0.6,0.0,0.0,0.0,0.0,0.0,0.0,0.0,0.4,0.0
Prince,Head,,,,,,,,,,,,,,,,
Annwn,Palästinalied,,,,,,,,,,,,,,,,
Tiamat,Church Of Tiamat,,,,,,,,,,,,,,,,
Yndi Halda,We Flood Empty Lakes,,,,,,,,,,,,,,,,
Ben Harper,Better Way,,,,,,,,,,,,,,,,
Citizen Cope,Nite Becomes Day,,,,,,,,,,,,,,,,
Placebo,A Song To Say Goodbye,,,,,,,,,,,,,,,,
Anna Inspi' Nana (Black Stones),Rose,,,,,,,,,,,,,,,,
Billy Corgan,All Things Change,,,,,,,,,,,,,,,,
Frank Zappa,My Guitar Wants To Kill Your Mama,,,,,,,,,,,,,,,,
Róisín Murphy,Modern Timing,,,,,,,,,,,,,,,,
Franz Ferdinand,L. Wells,,,,,,,,,,,,,,,,
Cyndi Lauper,Into The Nightlife,,,,,,,,,,,,,,,,
Lina,Come To Mama,0.6,0.4,0.2,0.8,0.4,0.2,0.0,0.0,0.6,0.4,0.0,0.0,0.4,0.4,0.8,0.2
The Bronx,White Tar,,,,,,,,,,,,,,,,
The Bronx,They Will Kill Us All (Without Mercy),,,,,,,,,,,,,,,,
Hanoi Rocks,Sailing Down The Tears,,,,,,,,,,,,,,,,
The Bronx,Señor Hombre De Tamale,,,,,,,,,,,,,,,,
Travis,Good Day To Die,,,,,,,,,,,,,,,,
Sting,Dienda,0.6,0.2,0.0,0.0,0.0,0.0,0.0,0.0,0.0,1.0,0.0,0.0,0.0,0.0,0.6,0.0
Aesop Rock,I'Ll Be Ok (Feat. Slug),,,,,,,,,,,,,,,,
Matt Nathanson,Suspended,,,,,,,,,,,,,,,,
The Donnas,Who Invited You,,,,,,,,,,,,,,,,
Matt & Kim,5K,,,,,,,,,,,,,,,,
Matt & Kim,Someday,,,,,,,,,,,,,,,,
Roxy Music,To Turn You On,,,,,,,,,,,,,,,,
Stratovarius,4000 Rainy Nights,,,,,,,,,,,,,,,,
Division #9,Takaisin Kotiin,,,,,,,,,,,,,,,,
Calexico,Across The Wire,,,,,,,,,,,,,,,,
From First To Last,The Latest Plague,,,,,,,,,,,,,,,,
Nina Simone,Gin House Blues,,,,,,,,,,,,,,,,
Nile,The Burning Pits Of The Duat,,,,,,,,,,,,,,,,
Calexico,Alone Again Or,,,,,,,,,,,,,,,,
Calexico,Not Even Stevie Nicks...,,,,,,,,,,,,,,,,
Yppah,I'Ll Hit The Breaks,,,,,,,,,,,,,,,,
Agonoize,Paranoid Destruction,,,,,,,,,,,,,,,,
Nile,Multitude Of Foes,,,,,,,,,,,,,,,,
The Magnetic Fields,Xavier Says,,,,,,,,,,,,,,,,
Neil Young,The Restless Consumer,,,,,,,,,,,,,,,,
The Zutons,Secrets,,,,,,,,,,,,,,,,
Barbara Morgenstern,Die Japanische Schranke,,,,,,,,,,,,,,,,
John Cale,Andalucia,,,,,,,,,,,,,,,,
Danny Elfman,Etiquette Lesson,,,,,,,,,,,,,,,,
Therion,The Opening,,,,,,,,,,,,,,,,
Therion,Symphony Of The Dead,,,,,,,,,,,,,,,,
The Vines,I'M Only Sleeping,,,,,,,,,,,,,,,,
Asobi Seksu,Layers,,,,,,,,,,,,,,,,
Sonic Youth,I'M Insane,,,,,,,,,,,,,,,,
Lemon Jelly,'75 Aka Stay With You,,,,,,,,,,,,,,,,
Sonic Youth,I Love Her All The Time,,,,,,,,,,,,,,,,
The Offspring,The Worst Hangover Ever,,,,,,,,,,,,,,,,
Sonic Youth,Kim Gordon And The Arthur Doyle Hand Cream,,,,,,,,,,,,,,,,
Pj Harvey,[Seagulls],,,,,,,,,,,,,,,,
Cky,Rio Bravo,,,,,,,,,,,,,,,,
John Cale,Graham Greene,,,,,,,,,,,,,,,,
Nightwish,Nightwish,,,,,,,,,,,,,,,,
John Cale,Hanky Panky Nohow,,,,,,,,,,,,,,,,
The Evens,All These Governors,,,,,,,,,,,,,,,,
Melanie C,Next Best Superstar,,,,,,,,,,,,,,,,
Melanie Doane,I Can'T Take My Eyes Off You,,,,,,,,,,,,,,,,
Cynic,Integral Birth,,,,,,,,,,,,,,,,
Czesław Śpiewa,Mieszko I Dobrawa Jako Początek Państwa Polskiego,,,,,,,,,,,,,,,,
Strike Anywhere,Speak To Our Empty Pockets,,,,,,,,,,,,,,,,
Straylight Run,Tool Sheds And Hot Tubs,,,,,,,,,,,,,,,,
Straylight Run,Your Name Here (Sunrise Highway),,,,,,,,,,,,,,,,
Tristania,Mercyside,,,,,,,,,,,,,,,,
Pixies,Evil Hearted You,,,,,,,,,,,,,,,,
Clutch,Circus Maximus,,,,,,,,,,,,,,,,
Clutch,Electric Worry,,,,,,,,,,,,,,,,
The Exploding Hearts,Throwaway Style,,,,,,,,,,,,,,,,
Cluster,Hollywood,,,,,,,,,,,,,,,,
Clutch,Escape From The Prison Planet,,,,,,,,,,,,,,,,
Joshua Radin & Schuyler Fisk,Paperweight,,,,,,,,,,,,,,,,
Clutch,Power Player,,,,,,,,,,,,,,,,
Easyworld,A Lot Of Miles From Home,,,,,,,,,,,,,,,,
Amon Tobin,Defocus,,,,,,,,,,,,,,,,
The Vines,Sunshinin',,,,,,,,,,,,,,,,
Anna Inspi' Nana (Black Stones),Kuroi Namida,,,,,,,,,,,,,,,,
Frou Frou,Close Up,,,,,,,,,,,,,,,,
Led Zeppelin,We'Re Gonna Groove,,,,,,,,,,,,,,,,
Josh Ritter,One More Mouth,,,,,,,,,,,,,,,,
Josh Ritter,Next To The Last Romantic,,,,,,,,,,,,,,,,
Josh Rouse,Quiet Town,,,,,,,,,,,,,,,,
Strike Anywhere,Two Thousand Voices,1.0,1.0,0.0,0.2,1.0,1.0,0.0,0.0,0.0,0.0,0.0,0.0,0.0,0.0,1.0,0.0
Dfc,Censura,,,,,,,,,,,,,,,,
Mercury Rev,Nite And Fog,,,,,,,,,,,,,,,,
Danny Elfman,Edwardo The Barber,,,,,,,,,,,,,,,,
Strike Anywhere,Refusal,,,,,,,,,,,,,,,,
Tom Waits,Union Square,,,,,,,,,,,,,,,,
Engenheiros Do Hawaii,Toda Forma De Poder,,,,,,,,,,,,,,,,
Engenheiros Do Hawaii,Somos Quem Podemos Ser,,,,,,,,,,,,,,,,
The Faint,The Geeks Were Right,,,,,,,,,,,,,,,,
Badly Drawn Boy,Everybody'S Stalking,,,,,,,,,,,,,,,,
Ben Harper,Pleasure And Pain,,,,,,,,,,,,,,,,
Bell X1,Rocky Took A Lover,,,,,,,,,,,,,,,,
Yes,Wonderous Stories,,,,,,,,,,,,,,,,
The Magnetic Fields,I Was Born,,,,,,,,,,,,,,,,
Negative Approach,Can'T Tell No One,,,,,,,,,,,,,,,,
Agonoize,Under The Cross,,,,,,,,,,,,,,,,
Hank Williams Iii,H8 Line,,,,,,,,,,,,,,,,
The Ordinary Boys,Maybe Someday,,,,,,,,,,,,,,,,
Tiger Army,Forever Fades Away,,,,,,,,,,,,,,,,
Fu Manchu,Evil Eye,,,,,,,,,,,,,,,,
The Cardigans,Give Me Your Eyes,,,,,,,,,,,,,,,,
Joshua Radin,Amy'S Song,,,,,,,,,,,,,,,,
The Faint,Victim Convenience,,,,,,,,,,,,,,,,
Camel,Metrognome,,,,,,,,,,,,,,,,
The Distillers,Love Is Paranoid,,,,,,,,,,,,,,,,
Underworld,Surfboy,,,,,,,,,,,,,,,,
Cmx,Punainen Komentaja,,,,,,,,,,,,,,,,
Cmx,Melankolia,,,,,,,,,,,,,,,,
Tool,Third Eye (Live),,,,,,,,,,,,,,,,
Underworld,Ring Road,,,,,,,,,,,,,,,,
David Bowie,Afraid,,,,,,,,,,,,,,,,
Alva Noto + Ryuichi Sakamoto,Uoon I,,,,,,,,,,,,,,,,
High Places,Sandy Feat (7 Version),,,,,,,,,,,,,,,,
Hidden In Plain View,Garden Statement,,,,,,,,,,,,,,,,
The Magnetic Fields,The Death Of Ferdinand De Saussure,,,,,,,,,,,,,,,,
Hide,Pink Spider,,,,,,,,,,,,,,,,
Ben Harper,Ground On Down,,,,,,,,,,,,,,,,
The Magnetic Fields,No One Will Ever Love You,,,,,,,,,,,,,,,,
Twisted Sister,Burn In Hell,,,,,,,,,,,,,,,,
Dangerous Muse,The Rejection,,,,,,,,,,,,,,,,
The Magnetic Fields,Old Fools,,,,,,,,,,,,,,,,
Another Sunny Day,Anorak City,,,,,,,,,,,,,,,,
Sabaton,Stalingrad,1.0,1.0,0.0,0.4,1.0,1.0,0.0,0.4,0.0,0.0,0.0,0.0,0.6,0.6,1.0,0.0
The Veronicas,Popular,,,,,,,,,,,,,,,,
Matanza,Interceptor V-6,,,,,,,,,,,,,,,,
Frank Sinatra,Somethin' Stupid,,,,,,,,,,,,,,,,
Mastodon,Quintessence,,,,,,,,,,,,,,,,
Necrophagist,Diminished To B,,,,,,,,,,,,,,,,
The Paddingtons,Panic Attack,,,,,,,,,,,,,,,,
Eagles Of Death Metal,Shasta Beast,,,,,,,,,,,,,,,,
José González,Instr.,,,,,,,,,,,,,,,,
The Zombies,Maybe After He'S Gone,,,,,,,,,,,,,,,,
Def Leppard,Rock Rock (Till You Drop),,,,,,,,,,,,,,,,
The Back Horn,罠,,,,,,,,,,,,,,,,
Def Leppard,Die Hard The Hunter,,,,,,,,,,,,,,,,
Danny Elfman,Augustus Gloop,,,,,,,,,,,,,,,,
Metallica,Attitude,,,,,,,,,,,,,,,,
佐橋俊彦,Shutsugeki! Impulse,,,,,,,,,,,,,,,,
佐橋俊彦,Mission Kaishi,,,,,,,,,,,,,,,,
Bryan Adams,Have You Ever Really Loved A Woman?,,,,,,,,,,,,,,,,
Meshuggah,Sane,,,,,,,,,,,,,,,,
Bryan Adams,When You'Re Gone (Feat. Melanie C),,,,,,,,,,,,,,,,
Nina Simone,To Love Somebody,,,,,,,,,,,,,,,,
S'Express,Theme From S'Express,,,,,,,,,,,,,,,,
Matchbox Twenty,You Won'T Be Mine,,,,,,,,,,,,,,,,
Fuel,Hemorrhage,,,,,,,,,,,,,,,,
Fucked Up,Baiting The Public,,,,,,,,,,,,,,,,
Fuel,Most Of All,0.8,0.8,0.0,0.4,0.8,0.6,0.6,0.0,0.0,0.0,0.0,0.0,0.0,0.0,0.8,0.0
Le Volume Courbe,Ain'T Got No... I Got Life,,,,,,,,,,,,,,,,
Merle Haggard,Are The Good Times Really Over (I Wish A Buck Was Still Silver),,,,,,,,,,,,,,,,
Fugazi,Bulldog Front,,,,,,,,,,,,,,,,
Fuel,Sunburn,,,,,,,,,,,,,,,,
Cro-Mags,Face The Facts,,,,,,,,,,,,,,,,
Dj Shadow,Six Days (Soulwax Remix),,,,,,,,,,,,,,,,
Dj Shadow,Reconstruction Medley,,,,,,,,,,,,,,,,
Handsome Furs,Handsome Furs Hate This City,0.6,0.6,1.0,0.0,0.6,0.4,0.0,0.0,0.0,0.0,0.0,0.0,1.0,0.8,0.6,0.0
Fugazi,Glue Man,,,,,,,,,,,,,,,,
Bruno Coulais,Vois Sur Ton Chemin,0.0,0.0,0.0,0.6,0.0,0.0,0.0,1.0,0.0,0.0,0.0,0.0,0.0,0.0,0.0,0.0
久石譲,The Promise Of The World,,,,,,,,,,,,,,,,
Bruce Springsteen,Your Own Worst Enemy,,,,,,,,,,,,,,,,
Handsome Furs,Dead + Rural,,,,,,,,,,,,,,,,
Handsome Furs,Evangeline,,,,,,,,,,,,,,,,
Handsome Furs,What We Had,,,,,,,,,,,,,,,,
Aerosmith,Dude Looks Like A Lady,,,,,,,,,,,,,,,,
Ronnie Laws,Always There,,,,,,,,,,,,,,,,
Nathan Johnson With The Cinematic Underground,Emily'S Theme 2 (The White Rabbit),,,,,,,,,,,,,,,,
Billy Miles,A Friend Like You,,,,,,,,,,,,,,,,
Cmx,Ruisperkele,,,,,,,,,,,,,,,,
Nathan Johnson With The Cinematic Underground,Emily'S Theme 3 (Lunch Is Difficult),,,,,,,,,,,,,,,,
Wednesday 13,My Home Sweet Homicide,,,,,,,,,,,,,,,,
Belinda,Luz Sin Gravedad,,,,,,,,,,,,,,,,
Cock Robin,After Here Through Midland,,,,,,,,,,,,,,,,
Joe Satriani,Chords Of Life,,,,,,,,,,,,,,,,
The Magnetic Fields,Epitaph For My Heart,,,,,,,,,,,,,,,,
Joe Satriani,Sleep Walk,,,,,,,,,,,,,,,,
Joe Satriani,Circles,,,,,,,,,,,,,,,,
The Machinist,Psalm 6581,,,,,,,,,,,,,,,,
The Fall Of Troy,Semi-Fiction,,,,,,,,,,,,,,,,
Joe Satriani,A Love Eternal,,,,,,,,,,,,,,,,
Einstürzende Neubauten,Dead Friends (Around The Corner),,,,,,,,,,,,,,,,
Sofia Talvik,Beautiful Naked,,,,,,,,,,,,,,,,
Eisley,One Day I Slowly Floated Away,,,,,,,,,,,,,,,,
Nirvana,(New Wave) Polly,0.6,0.6,0.0,0.0,0.6,0.4,0.8,0.0,0.0,0.0,0.0,0.0,0.0,0.0,0.6,0.0
Eisley,Go Away,,,,,,,,,,,,,,,,
Einstürzende Neubauten,Trinklied,,,,,,,,,,,,,,,,
Camel,Wing And A Prayer,,,,,,,,,,,,,,,,
Sodom,Tired And Red,,,,,,,,,,,,,,,,
Einstürzende Neubauten,Nnnaaammm,,,,,,,,,,,,,,,,
Camel,Friendship,0.6,0.4,0.0,0.4,0.6,0.2,0.0,0.8,0.0,0.2,0.6,0.0,0.6,0.4,0.6,0.0
Joaquin Phoenix & Reese Witherspoon,Jackson,,,,,,,,,,,,,,,,
Altered Images,I Could Be Happy,,,,,,,,,,,,,,,,
Cibo Matto,White Pepper Ice Cream,,,,,,,,,,,,,,,,
Ben Harper,Sweet Nothing Serenade,,,,,,,,,,,,,,,,
The Fall,Lie Dream Of A Casino Soul,0.8,0.8,0.0,0.2,0.8,0.6,0.0,0.0,0.0,0.0,0.0,0.0,0.0,0.0,0.8,0.0
Hilary Duff,Dignity,,,,,,,,,,,,,,,,
Handsome Boy Modeling School,I'Ve Been Thinking,,,,,,,,,,,,,,,,
Propellerheads,Spybreak! (Short One),,,,,,,,,,,,,,,,
Hammerfall,The Unforgiving Blade,,,,,,,,,,,,,,,,
Protest The Hero,Bury The Hatchet,,,,,,,,,,,,,,,,
Bruce Springsteen,Last To Die,0.8,0.6,0.0,0.2,0.8,0.6,0.0,0.0,0.0,0.4,0.6,0.0,0.4,0.4,0.8,0.0
Venus Hum,Montana,,,,,,,,,,,,,,,,
Yelle,Ce Jeu (The Twelves Remix),,,,,,,,,,,,,,,,
Devendra Banhart,Lend Me Your Teeth,,,,,,,,,,,,,,,,
Wednesday 13,Haunt Me,,,,,,,,,,,,,,,,
Steve Reich,Section I,,,,,,,,,,,,,,,,
Dj Shadow,Outsider Intro,,,,,,,,,,,,,,,,
Halou,Wholeness,,,,,,,,,,,,,,,,
Proyecto Uno,Lo Que Quieres Ver,,,,,,,,,,,,,,,,
Amon Tobin,Verbal,,,,,,,,,,,,,,,,
Natalie Imbruglia,Do You Love?,,,,,,,,,,,,,,,,
Mastodon,Burning Man,,,,,,,,,,,,,,,,
The Stone Roses,Breaking Into Heaven,,,,,,,,,,,,,,,,
3 Doors Down,Let Me Be Myself,,,,,,,,,,,,,,,,
The Feeling,Rosé,,,,,,,,,,,,,,,,
Bikini Kill,Alien She,,,,,,,,,,,,,,,,
Sodom,Agent Orange,,,,,,,,,,,,,,,,
Soda Stereo,Toma La Ruta,,,,,,,,,,,,,,,,
Pink Floyd,The Gunner'S Dream,,,,,,,,,,,,,,,,
Tool,Message To Harry Manback Ii,,,,,,,,,,,,,,,,
Laura Veirs,Through The Glow,,,,,,,,,,,,,,,,
Lawrence,The Night Will Last Forever,,,,,,,,,,,,,,,,
Sigur Rós,Untitled #4 From ( ),,,,,,,,,,,,,,,,
Little Joy,Brand New Start,,,,,,,,,,,,,,,,
Silver Jews,Punks In The Beerlight,,,,,,,,,,,,,,,,
Lit,Miserable,,,,,,,,,,,,,,,,
Mastodon,Trampled Under Hoof,,,,,,,,,,,,,,,,
Crime In Stereo,Everything Changes/Nothing Is Ever Truly Lost,,,,,,,,,,,,,,,,
Crime In Stereo,For Exes,,,,,,,,,,,,,,,,
Black Stone Cherry,When The Weight Comes Down,,,,,,,,,,,,,,,,
Crime In Stereo,It Ain'T All Hugs And Handshakes,,,,,,,,,,,,,,,,
The Smashing Pumpkins,Blew Away,,,,,,,,,,,,,,,,
Danny Elfman,Mike Teavee,,,,,,,,,,,,,,,,
Fatboy Slim,You'Re Not From Brighton,,,,,,,,,,,,,,,,
Creedence Clearwater Revival,Hello Mary Lou,,,,,,,,,,,,,,,,
Laurent Garnier,Forgotten Thoughts,,,,,,,,,,,,,,,,
Seether,The Gift,,,,,,,,,,,,,,,,
Sel,Saulės Miestas,,,,,,,,,,,,,,,,
Metallica,Last Caress,,,,,,,,,,,,,,,,
Céline Dion,Eyes On Me,,,,,,,,,,,,,,,,
Metallica,Invisible Kid,,,,,,,,,,,,,,,,
Metallica,Justice Medley,,,,,,,,,,,,,,,,
Vast,Here,,,,,,,,,,,,,,,,
Dissection,Unhallowed,,,,,,,,,,,,,,,,
Disturbed,Inside The Fire (Album Version),,,,,,,,,,,,,,,,
Nitin Sawhney,Breathing Light,,,,,,,,,,,,,,,,
Disturbed,Perfect Insanity,,,,,,,,,,,,,,,,
Diablo,Rebellion Of One,,,,,,,,,,,,,,,,
Nirvana,Intro,,,,,,,,,,,,,,,,
Aimee Mann,Just Like Anyone,,,,,,,,,,,,,,,,
Judas Priest,Parental Guidance,,,,,,,,,,,,,,,,
Cocteau Twins,Otterley,,,,,,,,,,,,,,,,
The Young Knives,Half Timer,,,,,,,,,,,,,,,,
The Young Knives,Up All Night,,,,,,,,,,,,,,,,
Céline Dion,Where Does My Heart Beat Now,,,,,,,,,,,,,,,,
Seraphim Shock,Little Gothic,,,,,,,,,,,,,,,,
Assemblage 23,Regret,,,,,,,,,,,,,,,,
Vast,Dirty Hole,,,,,,,,,,,,,,,,
Deftones,My Own Summer,,,,,,,,,,,,,,,,
Cocteau Twins,For Phoebe Still A Baby,,,,,,,,,,,,,,,,
Cocteau Twins,Donimo,,,,,,,,,,,,,,,,
Cocteau Twins,Athol-Brose,,,,,,,,,,,,,,,,
Sons And Daughters,Broken Bones,0.8,0.6,0.0,0.4,0.8,0.6,0.0,0.0,0.0,0.0,0.0,0.0,0.0,0.0,0.8,0.0
Psapp,The Counter,,,,,,,,,,,,,,,,
Adult.,Mouth To Mouth,0.4,0.2,1.0,0.0,0.0,0.0,0.0,0.0,0.0,0.0,0.0,0.0,1.0,1.0,0.4,0.0
Psapp,This Way,,,,,,,,,,,,,,,,
Pink Floyd,Wish You Were Here (Live),,,,,,,,,,,,,,,,
The Feelies,Original Love,,,,,,,,,,,,,,,,
Sonic Youth,Wildflower Soul,,,,,,,,,,,,,,,,
E.S. Posthumus,Antissa,,,,,,,,,,,,,,,,
The Feelies,Raised Eyebrows,,,,,,,,,,,,,,,,
Sonic Youth,Theresa'S Sound-World,,,,,,,,,,,,,,,,
Yeah Yeah Yeahs,Soft Shock (Acoustic),,,,,,,,,,,,,,,,
Pink Floyd,Ibiza Bar,,,,,,,,,,,,,,,,
Skindred,Destroy The Dancefloor,,,,,,,,,,,,,,,,
Aimee Mann,This Is How It Goes,,,,,,,,,,,,,,,,
Pink Floyd,Stop,,,,,,,,,,,,,,,,
Naglfar,I Am Vengeance,,,,,,,,,,,,,,,,
Céline Dion,Think Twice,,,,,,,,,,,,,,,,
Pink Floyd,Terminal Frost,,,,,,,,,,,,,,,,
Whitesnake,Spit It Out,1.0,0.8,0.0,0.2,1.0,0.8,0.0,0.0,0.0,0.0,0.0,0.0,0.0,0.0,0.8,0.0
Alphaville,Fallen Angel,,,,,,,,,,,,,,,,
Bruce Dickinson,Road To Hell,,,,,,,,,,,,,,,,
Bruce Dickinson,All The Young Dudes,,,,,,,,,,,,,,,,
Bruce Dickinson,Accident Of Birth,,,,,,,,,,,,,,,,
Jimmy Eat World,Nothing Wrong,,,,,,,,,,,,,,,,
Danzig,Blood And Tears,,,,,,,,,,,,,,,,
Skindred,Alright,,,,,,,,,,,,,,,,
Skindred,Ratrace,,,,,,,,,,,,,,,,
Danny Elfman,The Piano Duet,,,,,,,,,,,,,,,,
The Chameleons,Thursday'S Child,,,,,,,,,,,,,,,,
Metricks,Pearl,,,,,,,,,,,,,,,,
Bruce Dickinson,Gates Of Urizen,,,,,,,,,,,,,,,,
Metronomy,Love Song For Dog,,,,,,,,,,,,,,,,
Pulp,Countdown,,,,,,,,,,,,,,,,
Soda Stereo,Ecos,,,,,,,,,,,,,,,,
Pulp,F.E.E.L.I.N.G.C.A.L.L.E.D.L.O.V.E.,,,,,,,,,,,,,,,,
Death Cab For Cutie,Stability,,,,,,,,,,,,,,,,
Télépopmusik,Tuesday,,,,,,,,,,,,,,,,
Snowden,Black Eyes,,,,,,,,,,,,,,,,
El Perro Del Mar,I Can'T Talk About It,,,,,,,,,,,,,,,,
Seraphim Shock,Kitty'S Dead,,,,,,,,,,,,,,,,
Serge Gainsbourg,Bonnie And Clyde,,,,,,,,,,,,,,,,
Little Barrie,Free Salute,,,,,,,,,,,,,,,,
Livin Boy,Dreamer,,,,,,,,,,,,,,,,
Maryslim,This Corrosion,,,,,,,,,,,,,,,,
The Stooges,Ann,,,,,,,,,,,,,,,,
The Long Blondes,Peterborough,,,,,,,,,,,,,,,,
No Age,My Life'S Alright Without You,,,,,,,,,,,,,,,,
Jimmy Eat World,Blister,,,,,,,,,,,,,,,,
No Age,Errand Boy,,,,,,,,,,,,,,,,
Further Seems Forever,Snowbirds And Townies,,,,,,,,,,,,,,,,
Funeral For A Friend,Novella,,,,,,,,,,,,,,,,
The Lonely Island,Sax Man (Feat. Jack Black),,,,,,,,,,,,,,,,
Tom Waits,Long Way Home,,,,,,,,,,,,,,,,
Tom Waits,Kommienezuspadt,,,,,,,,,,,,,,,,
Salem Al Fakir,Tell Me,,,,,,,,,,,,,,,,
Tom Waits,Old Shoes (& Picture Postcards),,,,,,,,,,,,,,,,
Seefeel,Climactic Phase 3,,,,,,,,,,,,,,,,
Franco Battiato,Amata Solitudine,,,,,,,,,,,,,,,,
The Academy Is...,Same Blood,,,,,,,,,,,,,,,,
Brother Ali,Forest Whitiker,,,,,,,,,,,,,,,,
Public Enemy,Rebel Without A Pause,,,,,,,,,,,,,,,,
Brother Ali,Lookin' At Me Sideways,,,,,,,,,,,,,,,,
Nada Surf,From Now On,,,,,,,,,,,,,,,,
Nada Surf,Là Pour Ça,,,,,,,,,,,,,,,,
Rod Stewart,Leave Virginia Alone,,,,,,,,,,,,,,,,
Nada Surf,What Is Your Secret,,,,,,,,,,,,,,,,
Juliette And The Licks,Got Love To Kill,,,,,,,,,,,,,,,,
Mary J. Blige,Mjb Da Mvp,,,,,,,,,,,,,,,,
Zeraphine,Die Macht In Dir,,,,,,,,,,,,,,,,
David & The Citizens,I'Ve Been Floating Upstream Since We Parted,,,,,,,,,,,,,,,,
Arch Enemy,Heart Of Darkness,,,,,,,,,,,,,,,,
Junior Boys,Under The Sun,,,,,,,,,,,,,,,,
Junkie Xl,Cities In Dust,,,,,,,,,,,,,,,,
植松伸夫,The Chase Of Highway (Feat. 河盛慶次),,,,,,,,,,,,,,,,
Martin L. Gore,Gone,0.2,0.2,1.0,0.2,0.4,0.4,0.0,0.0,0.0,0.0,0.2,0.0,1.0,0.8,0.0,0.0
Ben Kweller,Hospital Bed,,,,,,,,,,,,,,,,
Hladno Pivo,Šamar,,,,,,,,,,,,,,,,
Whitey,Wrap It Up,,,,,,,,,,,,,,,,
The Field,The Deal,,,,,,,,,,,,,,,,
Soraya,Llévame,,,,,,,,,,,,,,,,
As I Lay Dying,Within Destruction,,,,,,,,,,,,,,,,
Dwight Yoakam,Population Me,,,,,,,,,,,,,,,,
Soulfly,Frontlines,,,,,,,,,,,,,,,,
Erlend Øye,Sheltered Life (Remix) / Fine Night (A Cappella),,,,,,,,,,,,,,,,
Mark Knopfler,Why Aye Man,,,,,,,,,,,,,,,,
Erika Jayne,Stars (Moto Blanco'S Radio Mix),,,,,,,,,,,,,,,,
Logh,The Passage,,,,,,,,,,,,,,,,
Lo-Fi-Fnk,Wake Up (Kocky Remix),,,,,,,,,,,,,,,,
Rogue Wave,Kicking The Heart Out,,,,,,,,,,,,,,,,
Mewithoutyou,(A),,,,,,,,,,,,,,,,
Metronomy,How Say,,,,,,,,,,,,,,,,
Mötley Crüe,Without You,,,,,,,,,,,,,,,,
Stereophonics,My Friends,,,,,,,,,,,,,,,,
Jurassic 5,Freedom,,,,,,,,,,,,,,,,
Mötley Crüe,Too Young To Fall In Love (Remix),,,,,,,,,,,,,,,,
The Little Ones,Let Them Ring The Bells,,,,,,,,,,,,,,,,
Sophia,Oh My Love,,,,,,,,,,,,,,,,
No Doubt,In My Head,,,,,,,,,,,,,,,,
Jimi Hendrix,Are You Experienced?,,,,,,,,,,,,,,,,
Nofx,Dying Degree,,,,,,,,,,,,,,,,
Jimi Hendrix,Night Bird Flying,,,,,,,,,,,,,,,,
Gabriel & Dresden,Dust In The Wind,,,,,,,,,,,,,,,,
Deus,Include Me Out,,,,,,,,,,,,,,,,
Cannonball Adderley,Sticks,0.8,0.4,0.0,0.4,0.0,0.0,0.0,0.0,0.6,0.6,0.0,0.0,0.0,0.0,0.0,1.0
Creed,With Arms Wide Open (Strings Version),,,,,,,,,,,,,,,,
Noumena,Everlasting Ward,,,,,,,,,,,,,,,,
Jesse Mccartney,Right Where You Want Me,,,,,,,,,,,,,,,,
Christina Aguilera,Impossible,,,,,,,,,,,,,,,,
Cannibal Corpse,Necrosadistic Warning,,,,,,,,,,,,,,,,
Big Star,I'M In Love With A Girl,,,,,,,,,,,,,,,,
They Might Be Giants,Take Out The Trash,,,,,,,,,,,,,,,,
Justice,Carpates,,,,,,,,,,,,,,,,
Cannibal Corpse,Five Nails Through The Neck,,,,,,,,,,,,,,,,
Galaxie 500,Another Day,,,,,,,,,,,,,,,,
Robots In Disguise,Boys,,,,,,,,,,,,,,,,
Gaelle,Repetition,,,,,,,,,,,,,,,,
Vertical Horizon,Echo,,,,,,,,,,,,,,,,
Mägo De Oz,Yankees Go Home,1.0,0.8,0.0,0.6,0.8,0.8,0.6,0.6,0.0,0.0,0.2,0.0,0.0,0.0,0.8,0.0
Cream,Take It Back,,,,,,,,,,,,,,,,
The Wrens,Everyone Choose Sides,,,,,,,,,,,,,,,,
Just Surrender,Your Life And Mine,,,,,,,,,,,,,,,,
Creed,Freedom Fighter,,,,,,,,,,,,,,,,
Puscifer,Indigo Children,,,,,,,,,,,,,,,,
Justice,Waters Of Nazareth (Justice Remix),,,,,,,,,,,,,,,,
Mötley Crüe,Five Years Dead,,,,,,,,,,,,,,,,
Guy Clark,La Freeway,,,,,,,,,,,,,,,,
Why?,Exegesis,,,,,,,,,,,,,,,,
Guster,Lightning Rod,,,,,,,,,,,,,,,,
Why?,Waterfalls,,,,,,,,,,,,,,,,
El Perro Del Mar,People,,,,,,,,,,,,,,,,
El Perro Del Mar,Coming Down The Hill,,,,,,,,,,,,,,,,
Faust,Läuft...Heist Das Es Läuft Oder Es Kommt Bald...Läuft,,,,,,,,,,,,,,,,
Seeed,Fire In The Morning,,,,,,,,,,,,,,,,
The Delgados,Everybody Come Down,,,,,,,,,,,,,,,,
Faust,J'Ai Mal Aux Dents,,,,,,,,,,,,,,,,
Guru Josh Project,Infinity 2008 (Klaas Vocal Edit),,,,,,,,,,,,,,,,
Gustavo Santaolalla,Can Dry Leaves Help Us?,,,,,,,,,,,,,,,,
Justin Timberlake,Nothin' Else,,,,,,,,,,,,,,,,
The Polyphonic Spree,Soldier Girl,,,,,,,,,,,,,,,,
The Black Keys,Modern Times,,,,,,,,,,,,,,,,
The Black Keys,Leavin' Trunk,,,,,,,,,,,,,,,,
The Stranglers,All Day And All Of The Night,,,,,,,,,,,,,,,,
Amy Diamond,What'S In It For Me,,,,,,,,,,,,,,,,
Mägo De Oz,Jiga Irlandesa,,,,,,,,,,,,,,,,
Guster,Demons,,,,,,,,,,,,,,,,
Mägo De Oz,La Canción De Pedro,,,,,,,,,,,,,,,,
Waylon Jennings,I'Ve Always Been Crazy,,,,,,,,,,,,,,,,
Gustavo Cerati,Jugo De Luna,,,,,,,,,,,,,,,,
Mägo De Oz,El Cantar De La Luna Oscura,,,,,,,,,,,,,,,,
Queen,Good Company,,,,,,,,,,,,,,,,
Boa,Eat You Up,,,,,,,,,,,,,,,,
Superpitcher,Love Me Forever,,,,,,,,,,,,,,,,
Diana Ross,Ain'T No Mountain High Enough,,,,,,,,,,,,,,,,
Lao Che,Godzina W,,,,,,,,,,,,,,,,
Gadjo,So Many Times,,,,,,,,,,,,,,,,
Rocky Votolato,Montana,,,,,,,,,,,,,,,,
ムック,Akatsuki Yami,,,,,,,,,,,,,,,,
Mf Doom,Red & Gold,,,,,,,,,,,,,,,,
David Gray,Caroline,,,,,,,,,,,,,,,,
David Gilmour,Where We Start,,,,,,,,,,,,,,,,
Why?,Whispers Into The Other,,,,,,,,,,,,,,,,
The (International) Noise Conspiracy,Communist Moon,,,,,,,,,,,,,,,,
Pidżama Porno,Wirtualni Chłopcy,,,,,,,,,,,,,,,,
Jewel,Pieces Of You,,,,,,,,,,,,,,,,
Jewel,Stand,,,,,,,,,,,,,,,,
Jets To Brazil,Morning New Disease,,,,,,,,,,,,,,,,
Novice,Don'T Leave,,,,,,,,,,,,,,,,
Jeremy Soule,King And Country,,,,,,,,,,,,,,,,
Yann Tiersen,Loin Des Villes,,,,,,,,,,,,,,,,
Hope Of The States,Enemies/Friends,,,,,,,,,,,,,,,,
Thurston Moore,Off Work,,,,,,,,,,,,,,,,
Christina Aguilera,Mercy On Me,,,,,,,,,,,,,,,,
Christina Milian,Firefly,,,,,,,,,,,,,,,,
Kaiser Chiefs,Always Happens Like That,1.0,0.6,0.2,0.4,0.6,0.4,0.0,0.0,0.0,0.0,0.0,0.0,0.4,0.6,0.8,0.0
Destroyer,Blue Flower/Blue Flame,,,,,,,,,,,,,,,,
The Fiery Furnaces,The Old Hag Is Sleeping,,,,,,,,,,,,,,,,
Swervedriver,Son Of Mustang Ford,,,,,,,,,,,,,,,,
K.Ito + D.K.,Sleepless Beauty,,,,,,,,,,,,,,,,
My Morning Jacket,Two Halves,,,,,,,,,,,,,,,,
Myslovitz,Acidland,,,,,,,,,,,,,,,,
My Robot Friend,One More Try,,,,,,,,,,,,,,,,
Switches,Lay Down The Law,,,,,,,,,,,,,,,,
Dapunksportif,I Can'T Move (But My Head Runs Like A Horse),,,,,,,,,,,,,,,,
The Sisters Of Mercy,Flood Ii,,,,,,,,,,,,,,,,
Urma,Lonely Pub,,,,,,,,,,,,,,,,
Apoptygma Berzerk,All Tomorrow'S Parties,,,,,,,,,,,,,,,,
Dario Marianelli,Stars And Butterflies,,,,,,,,,,,,,,,,
Darin,Breathing Your Love (Feat. Kat Deluna),,,,,,,,,,,,,,,,
Stereophonics,Climbing The Wall,,,,,,,,,,,,,,,,
Vasco Rossi,Colpa D'Alfredo,,,,,,,,,,,,,,,,
Foxy Shazam,No. Don'T Shoot,,,,,,,,,,,,,,,,
Sub Focus,Flamenco,,,,,,,,,,,,,,,,
Norther,Cry,,,,,,,,,,,,,,,,
Ajattara,Naaras,,,,,,,,,,,,,,,,
Jesca Hoop,Summertime,,,,,,,,,,,,,,,,
Yann Tiersen,Plus D'Hiver,,,,,,,,,,,,,,,,
Fall Out Boy,She'S My Winona,,,,,,,,,,,,,,,,
Guns N' Roses,Knocking On Heavens Door,,,,,,,,,,,,,,,,
Adam Green,Morning After Midnight,,,,,,,,,,,,,,,,
The Decemberists,Prelude,,,,,,,,,,,,,,,,
Kaiser Chiefs,Take My Temperature,,,,,,,,,,,,,,,,
Errors,Hans Herman,,,,,,,,,,,,,,,,
Errors,Ah Ha Ha,,,,,,,,,,,,,,,,
Dave Matthews Band,What You Are,,,,,,,,,,,,,,,,
Coheed And Cambria,Mother May I,,,,,,,,,,,,,,,,
Amy Millan,Skinny Boy,0.6,0.4,0.0,0.6,0.4,0.2,0.8,0.2,0.0,0.4,0.0,0.6,0.0,0.0,0.6,0.0
Queen,The Prophet'S Song,,,,,,,,,,,,,,,,
Broadcast,Before We Begin,,,,,,,,,,,,,,,,
Queen,Sail Away Sweet Sister,,,,,,,,,,,,,,,,
Amy Winehouse,Cupid,,,,,,,,,,,,,,,,
Behemoth,Prometherion,,,,,,,,,,,,,,,,
Tilly And The Wall,Pot Kettle Black,,,,,,,,,,,,,,,,
Guns N' Roses,Knockin On Heavens Door,,,,,,,,,,,,,,,,
Broadcast,Goodbye Girls,,,,,,,,,,,,,,,,
Broadcast,Black Umbrellas,,,,,,,,,,,,,,,,
Myslovitz,Ty I Ja I Wszystko Co Mamy,,,,,,,,,,,,,,,,
Sophie Ellis-Bextor,Get Over You,,,,,,,,,,,,,,,,
Jóhann Jóhannsson,Odi Et Amo,,,,,,,,,,,,,,,,
Queen,Ogre Battle,,,,,,,,,,,,,,,,
The Fiery Furnaces,Waiting To Know You,,,,,,,,,,,,,,,,
Taking Back Sunday,Your Own Disaster,,,,,,,,,,,,,,,,
Coheed And Cambria,Gravemakers & Gunslingers,,,,,,,,,,,,,,,,
Tosca,Busenfreund (Baby Mammoth Version 3),,,,,,,,,,,,,,,,
The 4-Skins,Chaos,,,,,,,,,,,,,,,,
Death Cab For Cutie,Company Calls Epilogue (Alternate),,,,,,,,,,,,,,,,
Team Sleep,Princeton Review,0.8,0.6,0.4,0.4,0.6,0.4,0.0,0.0,0.0,0.0,0.4,0.0,0.6,0.4,0.8,0.0
As I Lay Dying,Meaning In Tragedy,,,,,,,,,,,,,,,,
The 4-Skins,I'Ll Stick To My Guns,,,,,,,,,,,,,,,,
Franco Battiato,La Stagione Dell'Amore,,,,,,,,,,,,,,,,
The Lemonheads,Become The Enemy,,,,,,,,,,,,,,,,
Hope Sandoval & The Warm Inventions,Suzanne,,,,,,,,,,,,,,,,
Phonjaxx & Cosi Costi,Sensual (Radio Edit),,,,,,,,,,,,,,,,
Hooverphonic,Sad Song,,,,,,,,,,,,,,,,
Hope Of The States,The Red The White The Black The Blue,,,,,,,,,,,,,,,,
Loreena Mckennitt,Penelope'S Song,,,,,,,,,,,,,,,,
Loreena Mckennitt,Cymbeline,,,,,,,,,,,,,,,,
Blutengel,Seelenschmerz,,,,,,,,,,,,,,,,
Los Bunkers,Culpable,,,,,,,,,,,,,,,,
The Black Heart Procession,The Fix,,,,,,,,,,,,,,,,
The Black Keys,Aeroplane Blues,,,,,,,,,,,,,,,,
The Veils,Not Yet,,,,,,,,,,,,,,,,
Captain Jack,Captain Jack,,,,,,,,,,,,,,,,
The Fixx,Saved By Zero,,,,,,,,,,,,,,,,
Destroyer,Watercolours Into The Ocean,,,,,,,,,,,,,,,,
Captain,Glorious,,,,,,,,,,,,,,,,
Britney Spears,The Answer,,,,,,,,,,,,,,,,
Adam Freeland,We Want Your Soul,,,,,,,,,,,,,,,,
Destroyer,My Favorite Year,,,,,,,,,,,,,,,,
Bonde Do Rolê,Caminhao De Gas,,,,,,,,,,,,,,,,
ナイトメア,The World,,,,,,,,,,,,,,,,
Fountains Of Wayne,Valley Winter Song,,,,,,,,,,,,,,,,
The Afghan Whigs,Fountain And Fairfax,,,,,,,,,,,,,,,,
Esbjörn Svensson Trio,The Unstable Table & The Infamous Fable,,,,,,,,,,,,,,,,
My Morning Jacket,Bermuda Highway,,,,,,,,,,,,,,,,
Kaki King,Night After Sidewalk,,,,,,,,,,,,,,,,
Erykah Badu,That Hump,,,,,,,,,,,,,,,,
Guillemots,If The World Ends,0.6,0.4,0.0,0.8,0.2,0.0,0.6,0.8,0.0,0.4,0.0,0.0,0.4,0.2,0.6,0.0
Queens Of The Stone Age,3'S And 7'S,,,,,,,,,,,,,,,,
Oasis,A Quick Peep,0.0,0.0,0.0,0.4,0.0,0.0,0.6,0.4,0.0,0.0,0.0,0.0,0.0,0.0,0.6,0.0
Britney Spears,Soda Pop,,,,,,,,,,,,,,,,
Delays,No Ending,,,,,,,,,,,,,,,,
Delays,Sink Like A Stone,,,,,,,,,,,,,,,,
My Dying Bride,Like Gods Of The Sun,,,,,,,,,,,,,,,,
Delays,Stay Where You Are,,,,,,,,,,,,,,,,
Jedi Mind Tricks,A Blood Red Path,,,,,,,,,,,,,,,,
Skinny Puppy,Incision,,,,,,,,,,,,,,,,
Howard Shore,Foundations Of Stone,,,,,,,,,,,,,,,,
The Wake,Heartburn,,,,,,,,,,,,,,,,
Michael Bublé,Fever,,,,,,,,,,,,,,,,
Taken By Trees,Lost And Found,,,,,,,,,,,,,,,,
Take That,Said It All,,,,,,,,,,,,,,,,
Zoot Woman,Gem,,,,,,,,,,,,,,,,
Kamelot,Wander,,,,,,,,,,,,,,,,
Jenna Drey,Why Should I Believe You (Dance Remix),,,,,,,,,,,,,,,,
My Dying Bride,Catherine Blake,,,,,,,,,,,,,,,,
Yann Tiersen,A Secret Place,,,,,,,,,,,,,,,,
Forgotten Boys,The Ballad Of,,,,,,,,,,,,,,,,
Basement Jaxx,Where'S Your Head At?,,,,,,,,,,,,,,,,
Samantha Jade,Step Up,,,,,,,,,,,,,,,,
Lamb Of God,The Subtle Arts Of Murder And Persuasion,,,,,,,,,,,,,,,,
Micatone,D-D-D-D-Dance,,,,,,,,,,,,,,,,
Skinny Puppy,Film,,,,,,,,,,,,,,,,
Lamb Of God,Terror And Hubris In The House Of Frank Pollard,,,,,,,,,,,,,,,,
Benassi Bros.,Castaway,,,,,,,,,,,,,,,,
The Last Goodnight,Back Where We Belong,,,,,,,,,,,,,,,,
David Gray,Silver Lining,,,,,,,,,,,,,,,,
David Gray,White Ladder,,,,,,,,,,,,,,,,
Arise From Thorns,Lovelorn,,,,,,,,,,,,,,,,
Yann Tiersen,I Saw Daddy Today,,,,,,,,,,,,,,,,
Bad Religion,Stranger Than Fiction,,,,,,,,,,,,,,,,
Soundgarden,Room A Thousand Years Wide,,,,,,,,,,,,,,,,
Gang Gang Dance,Blue Nile,,,,,,,,,,,,,,,,
Queensrÿche,I'M American,,,,,,,,,,,,,,,,
David Hasselhoff,Looking For Freedom,,,,,,,,,,,,,,,,
The Kooks,Crazy (Live Lounge 30/3/06),,,,,,,,,,,,,,,,
Houston Calls,Bob And Bonnie,,,,,,,,,,,,,,,,
Petra Haden And Bill Frisell,Yellow,,,,,,,,,,,,,,,,
