artist_name,track_name,Drum Set,Drum Aggressiveness,Synthetic Drums,Percussion,Electric Guitar,Electric Guitar Distortion,Acoustic Guitar,String Ensemble,Horn Ensemble,Piano,Organ,Rhodes,Synthesizer,Synth Timbre,Bass Guitar,Reed Instrument
Robbie Williams,I Will Talk And Hollywood Will Listen,,,,,,,,,,,,,,,,
Travis,Safe,,,,,,,,,,,,,,,,
New Order,Guilt Is A Useless Emotion,,,,,,,,,,,,,,,,
Bob Dylan,Ain'T Talkin',,,,,,,,,,,,,,,,
Van She,Strangers,,,,,,,,,,,,,,,,
Los Campesinos!,Drop It Doe Eyes,,,,,,,,,,,,,,,,
Travis,She'S So Strange,,,,,,,,,,,,,,,,
Londonbeat,I'Ve Been Thinking About You,,,,,,,,,,,,,,,,
The Chemical Brothers,Come With Us,,,,,,,,,,,,,,,,
Negative,Planet Of The Sun,,,,,,,,,,,,,,,,
The Brunettes,Loopy Loopy Love,,,,,,,,,,,,,,,,
Ra Ra Riot,Too Too Too Fast,,,,,,,,,,,,,,,,
Brand New,Magazines,,,,,,,,,,,,,,,,
Flight Of The Conchords,Inner City Pressure,,,,,,,,,,,,,,,,
Mastodon,Crusher Destroyer,,,,,,,,,,,,,,,,
Black Sabbath,Behind The Wall Of Sleep,,,,,,,,,,,,,,,,
Flight Of The Conchords,Robots,,,,,,,,,,,,,,,,
Coldplay,Yellow (Acoustic Version),,,,,,,,,,,,,,,,
The Isley Brothers,That Lady,,,,,,,,,,,,,,,,
Chromeo,Rage!,,,,,,,,,,,,,,,,
Pantera,10'S,,,,,,,,,,,,,,,,
Guru Josh Project,Infinity 2008 (Klaas Remix),,,,,,,,,,,,,,,,
Dead Or Alive,You Spin Me Round,,,,,,,,,,,,,,,,
The Virgins,Rich Girls,,,,,,,,,,,,,,,,
The Runaways,Cherry Bomb,,,,,,,,,,,,,,,,
Joe Satriani,The Meaning Of Love,,,,,,,,,,,,,,,,
Late Of The Pier,The Enemy Are The Future,,,,,,,,,,,,,,,,
The Bird And The Bee,La La La,,,,,,,,,,,,,,,,
Sloan,The Other Man,,,,,,,,,,,,,,,,
John Farnham,You'Re The Voice,,,,,,,,,,,,,,,,
Badly Drawn Boy,The Further I Slide,,,,,,,,,,,,,,,,
The Coral,Wildfire,,,,,,,,,,,,,,,,
Depeche Mode,Tora! Tora! Tora!,,,,,,,,,,,,,,,,
Christina Aguilera,Understand,,,,,,,,,,,,,,,,
Backyard Babies,Star War,,,,,,,,,,,,,,,,
Beatsteaks,Monster,,,,,,,,,,,,,,,,
David Bowie,Station To Station,,,,,,,,,,,,,,,,
Sister Sledge,We Are Family,,,,,,,,,,,,,,,,
Tiamat,Light In Extension,,,,,,,,,,,,,,,,
Deerhoof,Chatterboxes,,,,,,,,,,,,,,,,
Refused,Protest Song '68,,,,,,,,,,,,,,,,
Lucinda Williams,Right In Time,,,,,,,,,,,,,,,,
Behemoth,The Nephilim Rising,,,,,,,,,,,,,,,,
The Knife,We Share Our Mothers Health (Trentemøller Remix),,,,,,,,,,,,,,,,
Rank 1,Airwave (Rank 1 Vs. Dutch Force Mix),,,,,,,,,,,,,,,,
Sons And Daughters,Hunt,,,,,,,,,,,,,,,,
Ensiferum,Treacherous Gods,,,,,,,,,,,,,,,,
Good Shoes,Blue Eyes,,,,,,,,,,,,,,,,
65Daysofstatic,Wax Futures,,,,,,,,,,,,,,,,
Clutch,The Regulator,,,,,,,,,,,,,,,,
Queen,Let Me Live,,,,,,,,,,,,,,,,
Queen,Liar,,,,,,,,,,,,,,,,
The Organ,There Is Nothing I Can Do,,,,,,,,,,,,,,,,
Lovage,To Catch A Thief,,,,,,,,,,,,,,,,
Tiamat,Love In Chains,,,,,,,,,,,,,,,,
Leftöver Crack,Rock The 40 Oz.,,,,,,,,,,,,,,,,
Atmosphere,The Skinny,,,,,,,,,,,,,,,,
Joss Stone,Music (Feat. Lauryn Hill),,,,,,,,,,,,,,,,
Megadeth,This Was My Life,,,,,,,,,,,,,,,,
Jimmy Eat World,Just Tonight...,,,,,,,,,,,,,,,,
Belle And Sebastian,Legal Man,,,,,,,,,,,,,,,,
Melanie C,Northern Star,,,,,,,,,,,,,,,,
Creed,What'S This Life For,,,,,,,,,,,,,,,,
Rogue Wave,Lake Michigan,,,,,,,,,,,,,,,,
Ane Brun,This Voice,,,,,,,,,,,,,,,,
Chemistry Set,New Hope Pa,,,,,,,,,,,,,,,,
Thievery Corporation,Doors Of Perception (Feat. Gunjan),,,,,,,,,,,,,,,,
Tristania,Lost,,,,,,,,,,,,,,,,
Cat Stevens,The First Cut Is The Deepest,,,,,,,,,,,,,,,,
Elvenking,Under The Tree Of Us'Dum,,,,,,,,,,,,,,,,
Gary Numan,Are Friends Electric,,,,,,,,,,,,,,,,
Funeral For A Friend,Walk Away,,,,,,,,,,,,,,,,
The Chameleons,Nostalgia,,,,,,,,,,,,,,,,
Funkerman,Speed Up,,,,,,,,,,,,,,,,
The Notwist,Alphabet,,,,,,,,,,,,,,,,
Kent,Before It All Ends,,,,,,,,,,,,,,,,
The Chameleons,Second Skin,,,,,,,,,,,,,,,,
Kent,Elefanter,,,,,,,,,,,,,,,,
Rjd2,2 More Dead,,,,,,,,,,,,,,,,
Ac/Dc,Danger,,,,,,,,,,,,,,,,
Guano Apes,Rain,,,,,,,,,,,,,,,,
The Crystal Method,Cherry Twist,,,,,,,,,,,,,,,,
Thrice,The Earth Will Shake,,,,,,,,,,,,,,,,
Ulrich Schnauss,Blumenthal,,,,,,,,,,,,,,,,
Slowdive,Waves,,,,,,,,,,,,,,,,
Pulp,Dishes,,,,,,,,,,,,,,,,
Sloan,Someone That I Can Be True With,,,,,,,,,,,,,,,,
Hooverphonic,2Wicky,,,,,,,,,,,,,,,,
The Fiery Furnaces,Up In The North,,,,,,,,,,,,,,,,
Morrissey,It'S Not Your Birthday Anymore,,,,,,,,,,,,,,,,
Morrissey,Mama Lay Softly On The Riverbed,,,,,,,,,,,,,,,,
Thievery Corporation,The State Of The Union,,,,,,,,,,,,,,,,
My Brightest Diamond,The Robin'S Jar,,,,,,,,,,,,,,,,
Kamelot,Center Of The Universe,,,,,,,,,,,,,,,,
The Jimi Hendrix Experience,Third Stone From The Sun,,,,,,,,,,,,,,,,
Andrew Bird,Fitz And The Dizzyspells,,,,,,,,,,,,,,,,
No Doubt,Hey You,,,,,,,,,,,,,,,,
The All-American Rejects,Why Worry,,,,,,,,,,,,,,,,
J Dilla,Stop,,,,,,,,,,,,,,,,
No Doubt,Making Out,,,,,,,,,,,,,,,,
Stars Of The Lid,Even If You'Re Never Awake (Deuxième),,,,,,,,,,,,,,,,
Travis,U16 Girls,,,,,,,,,,,,,,,,
Enigma,Shadows In Silence,,,,,,,,,,,,,,,,
Mirah,Million Miles,,,,,,,,,,,,,,,,
My Dying Bride,The Cry Of Mankind,,,,,,,,,,,,,,,,
Tristania,Dementia,,,,,,,,,,,,,,,,
Darkthrone,The Serpents Harvest,,,,,,,,,,,,,,,,
Stars Of The Lid,Even (Out) +,,,,,,,,,,,,,,,,
The Jesus And Mary Chain,Gimme Hell,,,,,,,,,,,,,,,,
Ben Harper,She'S Only Happy In The Sun,,,,,,,,,,,,,,,,
The Jesus And Mary Chain,Cherry Came Too,0.8,0.4,0.0,0.4,0.8,0.6,0.0,0.0,0.0,0.0,0.0,0.0,0.0,0.0,0.8,0.0
Iron Maiden,Another Life,1.0,1.0,0.0,0.0,1.0,0.8,0.0,0.0,0.0,0.0,0.0,0.0,0.0,0.0,0.8,0.0
Stars,In Our Bedroom After The War,,,,,,,,,,,,,,,,
Ben Harper,The Drugs Don'T Work,,,,,,,,,,,,,,,,
Sons And Daughters,Monsters,,,,,,,,,,,,,,,,
Mirah,The Light,,,,,,,,,,,,,,,,
Matchbox Twenty,Damn,,,,,,,,,,,,,,,,
The Slits,Shoplifting,,,,,,,,,,,,,,,,
The Frames,Dream Awake,,,,,,,,,,,,,,,,
E-Funk Feat. Donica Thorton,Shout,,,,,,,,,,,,,,,,
Craig Armstrong,Sea Song,,,,,,,,,,,,,,,,
Soilwork,Final Fatal Force,,,,,,,,,,,,,,,,
Joy Division,Twenty-Four Hours,,,,,,,,,,,,,,,,
Darkthrone,Slottet I Det Fjerne,,,,,,,,,,,,,,,,
Kaki King,Life Being What It Is,,,,,,,,,,,,,,,,
The Used,A Box Full Of Sharp Objects,,,,,,,,,,,,,,,,
Regina Spektor,Reading Time With Pickle,,,,,,,,,,,,,,,,
Echo & The Bunnymen,Do It Clean,,,,,,,,,,,,,,,,
The Kooks,One Last Time,,,,,,,,,,,,,,,,
Mgmt,Kids (Soulwax Remix),,,,,,,,,,,,,,,,
Pink Floyd,Two Suns In The Sunset,,,,,,,,,,,,,,,,
Japan,Ghosts,,,,,,,,,,,,,,,,
Gramme,Like You,,,,,,,,,,,,,,,,
Neneh Cherry,Buffalo Stance,,,,,,,,,,,,,,,,
Accept,Metal Heart,,,,,,,,,,,,,,,,
Bright Eyes,The City Has Sex,,,,,,,,,,,,,,,,
Rainbow,Gates Of Babylon,,,,,,,,,,,,,,,,
The Streets,What Is He Thinking?,,,,,,,,,,,,,,,,
A Silver Mt. Zion,God Bless Our Dead Marines,0.2,0.2,0.0,0.4,0.6,0.4,0.4,1.0,0.0,0.4,0.0,0.0,0.0,0.0,0.6,0.0
Pedro The Lion,Pedro The Lion - Track 07,,,,,,,,,,,,,,,,
Beth Orton,Central Reservation (Original Version),,,,,,,,,,,,,,,,
Spacemen 3,May The Circle Be Unbroken,,,,,,,,,,,,,,,,
Children Of Bodom,She Is Beautiful,1.0,1.0,0.0,0.0,1.0,1.0,0.0,0.0,0.0,0.0,0.0,0.0,0.8,0.8,1.0,0.0
The Streets,Hotel Expressionism,,,,,,,,,,,,,,,,
Cream,We'Re Going Wrong,,,,,,,,,,,,,,,,
Dungen,Festival,,,,,,,,,,,,,,,,
The Beatles,You'Re Going To Lose That Girl,,,,,,,,,,,,,,,,
Delerium,Euphoria (Firefly),,,,,,,,,,,,,,,,
Róisín Murphy,Through Time,,,,,,,,,,,,,,,,
Marilyn Manson,Lamb Of God,,,,,,,,,,,,,,,,
Kid Loco,She Woolf Daydreaming,,,,,,,,,,,,,,,,
Kid Loco,A Grand Love Theme,,,,,,,,,,,,,,,,
Kid Loco,Sister Curare,,,,,,,,,,,,,,,,
Metronomy,Back On The Motorway,,,,,,,,,,,,,,,,
Beck,Soul Suckin Jerk,,,,,,,,,,,,,,,,
Metric,Siamese Cities,,,,,,,,,,,,,,,,
My Morning Jacket,Lowdown,,,,,,,,,,,,,,,,
Kamelot,Love You To Death,,,,,,,,,,,,,,,,
Fair To Midland,Say When,,,,,,,,,,,,,,,,
Metallica,Slither,,,,,,,,,,,,,,,,
Mates Of State,An Experiment,,,,,,,,,,,,,,,,
Air France,Maundy Thursday,,,,,,,,,,,,,,,,
Kamelot,Anthem,,,,,,,,,,,,,,,,
Lighthouse Family,High,,,,,,,,,,,,,,,,
The Apples In Stereo,Innerspace,,,,,,,,,,,,,,,,
Bad Brains,Sacred Love,,,,,,,,,,,,,,,,
The Cure,The Holy Hour,,,,,,,,,,,,,,,,
My Morning Jacket,Highly Suspicious,,,,,,,,,,,,,,,,
J Dilla,Time: The Donut Of The Heart,,,,,,,,,,,,,,,,
Kaizers Orchestra,Ompa Til Du Dør,,,,,,,,,,,,,,,,
Communiqué,Perfect Weapon,,,,,,,,,,,,,,,,
Bright Eyes,Black Comedy,,,,,,,,,,,,,,,,
Sleater-Kinney,Sympathy,1.0,0.8,0.0,0.0,1.0,0.6,0.0,0.0,0.0,0.0,0.0,0.0,0.0,0.0,0.8,0.0
Dr. Alban,It'S My Life,,,,,,,,,,,,,,,,
Tiger Lou,The Loyal,,,,,,,,,,,,,,,,
Dead Can Dance,Song Of Sophia,,,,,,,,,,,,,,,,
The Cooper Temple Clause,All I See Is You,,,,,,,,,,,,,,,,
Richard Ashcroft,Why Not Nothing?,,,,,,,,,,,,,,,,
Peaches,I U She,,,,,,,,,,,,,,,,
Depeche Mode,To Have And To Hold,,,,,,,,,,,,,,,,
The New Pornographers,Execution Day,,,,,,,,,,,,,,,,
The Bronx,Small Stone,,,,,,,,,,,,,,,,
The Music,Strength In Numbers,,,,,,,,,,,,,,,,
Animal Collective,Whaddit I Done,,,,,,,,,,,,,,,,
Gwen Stefani,Wonderful Life,,,,,,,,,,,,,,,,
T'Pau,China In Your Hand,,,,,,,,,,,,,,,,
Gang Of Four,5.45,,,,,,,,,,,,,,,,
Marillion,Pseudo Silk Kimono,,,,,,,,,,,,,,,,
Emperor,Ye Entrancemperium,,,,,,,,,,,,,,,,
The Music,Float,,,,,,,,,,,,,,,,
Big Brother & The Holding Company,Piece Of My Heart,,,,,,,,,,,,,,,,
Gwen Stefani,Yummy,,,,,,,,,,,,,,,,
Ok Go,Don'T Ask Me,,,,,,,,,,,,,,,,
Thievery Corporation,Resolution,,,,,,,,,,,,,,,,
Gang Starr,Above The Clouds,,,,,,,,,,,,,,,,
Beirut,My Wife,,,,,,,,,,,,,,,,
Max Richter,Autumn Music 1,,,,,,,,,,,,,,,,
Vivian Girls,Wild Eyes,,,,,,,,,,,,,,,,
Ryan Adams,So Alive,,,,,,,,,,,,,,,,
Caribou,Sundialing,,,,,,,,,,,,,,,,
Nelly Furtado,Maneater (Radio Version),,,,,,,,,,,,,,,,
Whitesnake,Hungry For Love,,,,,,,,,,,,,,,,
Skinny Puppy,I'Mmortal,,,,,,,,,,,,,,,,
The Horrors,Thunderclaps,,,,,,,,,,,,,,,,
Chapterhouse,Falling Down,,,,,,,,,,,,,,,,
Alkaline Trio,Armageddon,,,,,,,,,,,,,,,,
Gonzales,Manifesto,,,,,,,,,,,,,,,,
Vivian Girls,Going Insane,,,,,,,,,,,,,,,,
Beth Orton,Conceived,,,,,,,,,,,,,,,,
Duffy,Rain On Your Parade,,,,,,,,,,,,,,,,
Judas Priest,Come And Get It,1.0,1.0,0.0,0.2,1.0,1.0,0.0,0.0,0.0,0.0,0.0,0.0,0.0,0.0,1.0,0.0
Rasputina,If Your Kisses Can'T Hold The Man You Love,,,,,,,,,,,,,,,,
Depeche Mode,Stories Of Old,,,,,,,,,,,,,,,,
Herman'S Hermits,No Milk Today,,,,,,,,,,,,,,,,
Dispatch,Open Up,,,,,,,,,,,,,,,,
Clap Your Hands Say Yeah,Five Easy Pieces,,,,,,,,,,,,,,,,
Para One,Midnight Swim (Surkin Drowning Mix),,,,,,,,,,,,,,,,
Richard Ashcroft,You On My Mind In My Sleep,,,,,,,,,,,,,,,,
Deftones,Lhabia,,,,,,,,,,,,,,,,
Jack Johnson,Enemy,,,,,,,,,,,,,,,,
David Gray,The One I Love,,,,,,,,,,,,,,,,
Blind Guardian,A Past And Future Secret,,,,,,,,,,,,,,,,
Chemistry,約束の場所 (Less Vocal),,,,,,,,,,,,,,,,
Deerhunter,Vox Celeste,,,,,,,,,,,,,,,,
John Frusciante,Ramparts,,,,,,,,,,,,,,,,
The Pierces,Secret,,,,,,,,,,,,,,,,
Deerhunter,Twilight At Carbon Lake,,,,,,,,,,,,,,,,
Biosphere,Kobresia,,,,,,,,,,,,,,,,
The Human League,Being Boiled,,,,,,,,,,,,,,,,
The Flaming Lips,The Sound Of Failure / It'S Dark... Is It Always This Dark??,,,,,,,,,,,,,,,,
Incubus,I Wish You Were Here,,,,,,,,,,,,,,,,
Icon & The Black Roses,Black Roses,,,,,,,,,,,,,,,,
Icon & The Black Roses,Endless,,,,,,,,,,,,,,,,
Engenheiros Do Hawaii,? Até Quando Você Vai Ficar ?,1.0,0.6,0.0,0.2,0.8,0.6,0.4,0.0,0.0,0.0,0.2,0.0,0.2,0.2,0.8,0.0
Cocteau Twins,Fotzepolitic,,,,,,,,,,,,,,,,
Built To Spill,Fling,,,,,,,,,,,,,,,,
The Streets,The Irony Of It All,,,,,,,,,,,,,,,,
Hawkwind,Wind Of Change,,,,,,,,,,,,,,,,
David E. Sugar,To Yourself,,,,,,,,,,,,,,,,
Ciara,Get Up (Feat. Chamillionaire),,,,,,,,,,,,,,,,
Eels,Theme From Blinking Lights,,,,,,,,,,,,,,,,
Incubus,Glass,,,,,,,,,,,,,,,,
Morrissey,Black Cloud,,,,,,,,,,,,,,,,
Phoenix,Holdin' On Together,,,,,,,,,,,,,,,,
Electric Six,I Invented The Night,,,,,,,,,,,,,,,,
Billie Holiday,What A Little Moonlight Can Do,,,,,,,,,,,,,,,,
Beth Gibbons & Rustin Man,Resolve,,,,,,,,,,,,,,,,
The National,90-Mile Water Wall,,,,,,,,,,,,,,,,
Okkervil River,Starry Stairs,,,,,,,,,,,,,,,,
Nick Cave & The Bad Seeds,Do You Love Me? Part 2,,,,,,,,,,,,,,,,
Ray Charles,I Got A Woman,,,,,,,,,,,,,,,,
Gogol Bordello,American Wedding,,,,,,,,,,,,,,,,
St,I'Ll Meet You There,,,,,,,,,,,,,,,,
Down,Stone The Crow,,,,,,,,,,,,,,,,
Judas Priest,I'M A Rocker,,,,,,,,,,,,,,,,
Panic At The Disco,Northern Downpour,,,,,,,,,,,,,,,,
Built To Spill,Center Of The Universe,,,,,,,,,,,,,,,,
The Innocence Mission,When Mac Was Swimming,,,,,,,,,,,,,,,,
Weezer,Automatic,,,,,,,,,,,,,,,,
Weezer,Dreamin',,,,,,,,,,,,,,,,
Sex Pistols,My Way,,,,,,,,,,,,,,,,
Afi,The Lost Souls,,,,,,,,,,,,,,,,
Emperor,I Am The Black Wizards,,,,,,,,,,,,,,,,
Ac/Dc,Wheels,,,,,,,,,,,,,,,,
Pink Floyd,Corporal Clegg,,,,,,,,,,,,,,,,
The Kinks,I'M Not Like Everybody Else,,,,,,,,,,,,,,,,
Deftones,Headup,,,,,,,,,,,,,,,,
Deftones,Hexagram,,,,,,,,,,,,,,,,
Tom Vek,On The Road,,,,,,,,,,,,,,,,
The Submarines,Peace And Hate,,,,,,,,,,,,,,,,
Bruce Springsteen,Devils And Dust,0.4,0.2,0.0,0.4,0.0,0.0,0.8,0.0,0.0,0.6,0.0,0.0,0.0,0.0,0.6,0.0
The Postal Service,The District Sleeps Tonight,,,,,,,,,,,,,,,,
Diablo,Symbol Of Eternity,,,,,,,,,,,,,,,,
The Young Knives,Terra Firma,,,,,,,,,,,,,,,,
Jack Johnson,We'Re Going To Be Friends,,,,,,,,,,,,,,,,
Remy Zero,Prophecy,,,,,,,,,,,,,,,,
Judas Priest,Jawbreaker,,,,,,,,,,,,,,,,
Pleasant Grove,Nothing This Beautiful,,,,,,,,,,,,,,,,
Manowar,Blow Your Speakers,,,,,,,,,,,,,,,,
The Appleseed Cast,Losing Touching Searching,,,,,,,,,,,,,,,,
John Frusciante,Fallout,,,,,,,,,,,,,,,,
Skinny Puppy,Love In Vein,,,,,,,,,,,,,,,,
Margot & The Nuclear So And So'S,Vampires In Blue Dresses,,,,,,,,,,,,,,,,
John Lennon,Mother,,,,,,,,,,,,,,,,
Brendan Benson,Cold Hands Warm Heart,,,,,,,,,,,,,,,,
Rjd2,Ring Finger,,,,,,,,,,,,,,,,
Dissection,Starless Aeon,,,,,,,,,,,,,,,,
Apoptygma Berzerk,Cambodia,,,,,,,,,,,,,,,,
Agalloch,Our Fortress Is Burning... Ii: Bloodbirds,,,,,,,,,,,,,,,,
Herbie Hancock,Watermelon Man,,,,,,,,,,,,,,,,
Michael Bublé,Save The Last Dance For Me,,,,,,,,,,,,,,,,
Disco Ensemble,We Might Fall Apart,,,,,,,,,,,,,,,,
Atlas Sound,After Class,,,,,,,,,,,,,,,,
Skinny Puppy,Ugli,,,,,,,,,,,,,,,,
Yelle,Mon Meilleur Ami,,,,,,,,,,,,,,,,
Rush,Working Man,,,,,,,,,,,,,,,,
Diana Krall,The Look Of Love,0.6,0.2,0.0,0.4,0.0,0.0,0.0,0.8,0.6,0.8,0.0,0.0,0.0,0.0,0.6,0.8
Supersuckers,Barricade,,,,,,,,,,,,,,,,
Beth Orton,Touch Me With Your Love,,,,,,,,,,,,,,,,
Mariah Carey,It'S Like That,,,,,,,,,,,,,,,,
Nick Cave & The Bad Seeds,O'Malley'S Bar,,,,,,,,,,,,,,,,
Dispatch,Here We Go,,,,,,,,,,,,,,,,
Faith No More,Caralho Voador,,,,,,,,,,,,,,,,
Dishwalla,Angels Or Devils,,,,,,,,,,,,,,,,
Jimi Hendrix,May This Be Love,,,,,,,,,,,,,,,,
Within Temptation,Jillian,,,,,,,,,,,,,,,,
The Hives,Puppet On A String,,,,,,,,,,,,,,,,
Brian Eno,Driving Me Backwards,,,,,,,,,,,,,,,,
Hope Of The States,Sing It Out,,,,,,,,,,,,,,,,
Phoenix,(You Can'T Blame It On) Anybody,,,,,,,,,,,,,,,,
Robots In Disguise,We'Re In The Music Biz,,,,,,,,,,,,,,,,
The Chemical Brothers,It Doesn'T Matter,,,,,,,,,,,,,,,,
Korn,Justin,,,,,,,,,,,,,,,,
Phil Collins,You Can'T Hurry Love,,,,,,,,,,,,,,,,
Tiësto,He'S A Pirate,,,,,,,,,,,,,,,,
Judas Priest,Subterfuge,,,,,,,,,,,,,,,,
Akcent,Kylie,,,,,,,,,,,,,,,,
Weezer,Keep Fishin',,,,,,,,,,,,,,,,
Poets Of The Fall,Desire,,,,,,,,,,,,,,,,
Poets Of The Fall,Delicious,,,,,,,,,,,,,,,,
Misfits,Violent World,,,,,,,,,,,,,,,,
Russian Circles,Micah,,,,,,,,,,,,,,,,
Finch,What It Is To Burn,,,,,,,,,,,,,,,,
Meat Loaf,Everything Louder Than Everything Else,,,,,,,,,,,,,,,,
The Moldy Peaches,Nothing Came Out,,,,,,,,,,,,,,,,
The Moldy Peaches,Downloading Porn With Davo,,,,,,,,,,,,,,,,
Phil Collins,You'Ll Be In My Heart,,,,,,,,,,,,,,,,
Amon Tobin,Yasawas,,,,,,,,,,,,,,,,
The Rapture,Heaven,,,,,,,,,,,,,,,,
The Mighty Diamonds,Dreadlocks Time Dub,,,,,,,,,,,,,,,,
L'Arc~En~Ciel,Driver'S High,,,,,,,,,,,,,,,,
Miles Davis,Godchild,,,,,,,,,,,,,,,,
Kaiser Chiefs,Spanish Metal,,,,,,,,,,,,,,,,
Norther,Blackhearted,,,,,,,,,,,,,,,,
Madvillain,Do Not Fire!,,,,,,,,,,,,,,,,
Tunng,It'S Because... We'Ve Got Hair,,,,,,,,,,,,,,,,
Hello Saferide,Nothing Like You (When You'Re Gone),,,,,,,,,,,,,,,,
Fanny Lú,Tu No Eres Para Mi,,,,,,,,,,,,,,,,
Biosphere,Chukhung,,,,,,,,,,,,,,,,
Nevermore,Bittersweet Feast,,,,,,,,,,,,,,,,
Jack Peñate,Torn On The Platform,,,,,,,,,,,,,,,,
Suede,Picnic By The Motorway,,,,,,,,,,,,,,,,
Whitesnake,Sailing Ships,,,,,,,,,,,,,,,,
Boston,Smokin',,,,,,,,,,,,,,,,
Oi Va Voi,Refugee,,,,,,,,,,,,,,,,
Eminem,Say Goodbye Hollywood,,,,,,,,,,,,,,,,
Madonna,I Deserve It,,,,,,,,,,,,,,,,
Kaiser Chiefs,I Heard It Through The Grapevine,,,,,,,,,,,,,,,,
Rush,Circumstances,,,,,,,,,,,,,,,,
Broadcast,I Found The End,,,,,,,,,,,,,,,,
Emilie Autumn,I Know Where You Sleep,,,,,,,,,,,,,,,,
Fall Out Boy,The Pros And Cons Of Breathing,,,,,,,,,,,,,,,,
Head Automatica,Brooklyn Is Burning,,,,,,,,,,,,,,,,
Serj Tankian,Elect The Dead,,,,,,,,,,,,,,,,
Final Fantasy,Do You Love?,,,,,,,,,,,,,,,,
Pnau,Embrace,,,,,,,,,,,,,,,,
Beck,Beautiful Way,,,,,,,,,,,,,,,,
At The Drive-In,Paid Vacation Time,,,,,,,,,,,,,,,,
Moby,Alice,,,,,,,,,,,,,,,,
Therion,Birth Of Venus Illegitima,,,,,,,,,,,,,,,,
The Rapture,Open Up Your Heart,,,,,,,,,,,,,,,,
Nada Surf,Weightless,,,,,,,,,,,,,,,,
Nada Surf,The Way You Wear Your Head,,,,,,,,,,,,,,,,
The Doors,You Make Me Real,,,,,,,,,,,,,,,,
Morphine,A Head With Wings,,,,,,,,,,,,,,,,
Glenn Miller,In The Mood,,,,,,,,,,,,,,,,
My Teenage Stride,To Live And Die In The Airport Lounge,,,,,,,,,,,,,,,,
Bruce Dickinson,Believil,,,,,,,,,,,,,,,,
Sepultura,Nomad,,,,,,,,,,,,,,,,
The Beatles,Revolution 9,,,,,,,,,,,,,,,,
Fantômas,Cape Fear,,,,,,,,,,,,,,,,
Apocalyptica,Welcome Home (Sanitarium),,,,,,,,,,,,,,,,
Bedouin Soundclash,Rude Boy Don'T Cry,,,,,,,,,,,,,,,,
Constantines,Million Star Hotel,,,,,,,,,,,,,,,,
Matchbox Twenty,Bed Of Lies,,,,,,,,,,,,,,,,
Constantines,New King,,,,,,,,,,,,,,,,
Lil Wayne,Dr. Carter,,,,,,,,,,,,,,,,
Violent Femmes,Color Me Once,,,,,,,,,,,,,,,,
Bad Religion,Modern Man,,,,,,,,,,,,,,,,
The Pussycat Dolls,Sway,,,,,,,,,,,,,,,,
Oasis,Put Yer Money Where Yer Mouth Is,,,,,,,,,,,,,,,,
Constantines,Good Nurse,,,,,,,,,,,,,,,,
Mount Sims,No Yellow Lines,,,,,,,,,,,,,,,,
Thrice,Music Box,,,,,,,,,,,,,,,,
Magazine,Parade,,,,,,,,,,,,,,,,
Yellowcard,Down On My Head,,,,,,,,,,,,,,,,
St. Vincent,Your Lips Are Red,,,,,,,,,,,,,,,,
Cut Copy,Going Nowhere (Whitey Remix),,,,,,,,,,,,,,,,
The Moldy Peaches,Steak For Chicken,,,,,,,,,,,,,,,,
Marlena Shaw,California Soul,,,,,,,,,,,,,,,,
Blue Öyster Cult,Astronomy,,,,,,,,,,,,,,,,
Mägo De Oz,El Pacto,,,,,,,,,,,,,,,,
Ben Folds,Sentimental Guy,,,,,,,,,,,,,,,,
Mystery Jets,First To Know,,,,,,,,,,,,,,,,
Ben Folds,Fired,,,,,,,,,,,,,,,,
Tori Amos,Hoochie Woman,,,,,,,,,,,,,,,,
Red Hot Chili Peppers,They'Re Red Hot,,,,,,,,,,,,,,,,
The Gathering,Rollercoaster,,,,,,,,,,,,,,,,
Iamx,I Like Pretending,,,,,,,,,,,,,,,,
Pearl Jam,Red Mosquito,,,,,,,,,,,,,,,,
Nina Simone,I Loves You Porgy,,,,,,,,,,,,,,,,
Viikate,Köysistä Parhain,0.8,0.6,0.0,0.2,0.8,0.6,0.4,0.0,0.0,0.0,0.4,0.0,0.0,0.0,0.8,0.0
Viikate,Kuolleen Miehen Kupletti,,,,,,,,,,,,,,,,
Ghinzu,The Dragster-Wave,,,,,,,,,,,,,,,,
Liars,Drum And The Uncomfortable Can,,,,,,,,,,,,,,,,
At The Drive-In,Rascuache,1.0,0.8,0.0,0.2,1.0,0.8,0.0,0.0,0.0,0.0,0.0,0.0,0.0,0.0,0.8,0.0
U2,Gloria,,,,,,,,,,,,,,,,
Morcheeba,Slow Down,,,,,,,,,,,,,,,,
Black Flag,White Minority,,,,,,,,,,,,,,,,
Oasis,Fade In-Out,,,,,,,,,,,,,,,,
Modest Mouse,Summer,,,,,,,,,,,,,,,,
Death,Suicide Machine,,,,,,,,,,,,,,,,
Snow Patrol,An Olive Grove Facing The Sea,,,,,,,,,,,,,,,,
The New Pornographers,Miss Teen Wordpower,,,,,,,,,,,,,,,,
Motörhead,The Chase Is Better Than The Catch,,,,,,,,,,,,,,,,
Ac/Dc,House Of Jazz,,,,,,,,,,,,,,,,
Ac/Dc,Inject The Venom,,,,,,,,,,,,,,,,
Slayer,Stain Of Mind,,,,,,,,,,,,,,,,
Venetian Snares,Galamb Egyedül,,,,,,,,,,,,,,,,
Rufus Wainwright,11:11,,,,,,,,,,,,,,,,
Guided By Voices,The Best Of Jill Hives,,,,,,,,,,,,,,,,
Black Rebel Motorcycle Club,The Weight Is More,,,,,,,,,,,,,,,,
Super Junior - K.R.Y.,Han Sarammaneul,,,,,,,,,,,,,,,,
Bruce Dickinson,Kill Devil Hill,,,,,,,,,,,,,,,,
The Sugarcubes,Blue Eyed Pop,,,,,,,,,,,,,,,,
Of Montreal,Climb The Ladder,,,,,,,,,,,,,,,,
The Breeders,Bang On,,,,,,,,,,,,,,,,
Rush,Faithless,,,,,,,,,,,,,,,,
Clinic,Come Into Our Room,,,,,,,,,,,,,,,,
Sleater-Kinney,Combat Rock,,,,,,,,,,,,,,,,
Manic Street Preachers,Mausoleum,,,,,,,,,,,,,,,,
Green Day,Chump,,,,,,,,,,,,,,,,
Dire Straits,Heavy Fuel,,,,,,,,,,,,,,,,
Dire Straits,Down To The Waterline,,,,,,,,,,,,,,,,
Radiohead,Mk 2,,,,,,,,,,,,,,,,
Norah Jones,Be My Somebody,,,,,,,,,,,,,,,,
Coldplay,Brothers And Sisters,,,,,,,,,,,,,,,,
Radiohead,Palo Alto,,,,,,,,,,,,,,,,
Kelly Clarkson,Behind These Hazel Eyes (Hardbounce Remix),,,,,,,,,,,,,,,,
Lush,Sweetness And Light,,,,,,,,,,,,,,,,
Ac/Dc,Sink The Pink,,,,,,,,,,,,,,,,
Amorphis,Drowned Maid,,,,,,,,,,,,,,,,
Iron Maiden,Childhood'S End,,,,,,,,,,,,,,,,
Sculptured,Washing My Hands Of It,,,,,,,,,,,,,,,,
Metallica,The Wait,,,,,,,,,,,,,,,,
Black Star,K.O.S. (Determination),,,,,,,,,,,,,,,,
Dan Deacon,Woody Woodpecker,,,,,,,,,,,,,,,,
Morcheeba,Bullet Proof,,,,,,,,,,,,,,,,
Ash,Starcrossed,,,,,,,,,,,,,,,,
Stabbing Westward,What Do I Have To Do?,,,,,,,,,,,,,,,,
Marit Larsen,Under The Surface,0.6,0.4,0.0,0.6,0.2,0.0,1.0,0.8,0.0,0.6,0.0,0.0,0.0,0.0,0.4,0.0
Matthew Good,Weapon,,,,,,,,,,,,,,,,
Pink Floyd,Free Four,,,,,,,,,,,,,,,,
Ghinzu,Do You Read Me,,,,,,,,,,,,,,,,
Rhapsody Of Fire,Power Of The Dragonflame,,,,,,,,,,,,,,,,
Sentenced,The River,,,,,,,,,,,,,,,,
The Libertines,Skag & Bone Man,,,,,,,,,,,,,,,,
Billy Talent,Perfect World,,,,,,,,,,,,,,,,
Fields,Charming The Flames,,,,,,,,,,,,,,,,
Sentenced,Fragile,,,,,,,,,,,,,,,,
Sentenced,Crumbling Down (Give Up Hope),,,,,,,,,,,,,,,,
Iron & Wine,Communion Cups And Someone'S Coat,,,,,,,,,,,,,,,,
Mötley Crüe,In The Beginning,,,,,,,,,,,,,,,,
Mötley Crüe,Mutherfucker Of The Year,,,,,,,,,,,,,,,,
Green Day,Brain Stew,,,,,,,,,,,,,,,,
Sugarplum Fairy,Last Chance,,,,,,,,,,,,,,,,
John Frusciante,Ascension,,,,,,,,,,,,,,,,
Suicide,Rocket Usa,,,,,,,,,,,,,,,,
Machinae Supremacy,Rise,,,,,,,,,,,,,,,,
The Dandy Warhols,Green,,,,,,,,,,,,,,,,
The Beatles,Dig It,,,,,,,,,,,,,,,,
Radiohead,No Suprises,,,,,,,,,,,,,,,,
Radiohead,Myxamatosis,,,,,,,,,,,,,,,,
Pavement,Serpentine Pad,,,,,,,,,,,,,,,,
Viva Voce,Alive With Pleasure,,,,,,,,,,,,,,,,
Pain,Shut Your Mouth,,,,,,,,,,,,,,,,
Gojira,World To Come,,,,,,,,,,,,,,,,
Poisonblack,Soul In Flames,,,,,,,,,,,,,,,,
Sonic Youth,New Hampshire,,,,,,,,,,,,,,,,
Tricky,Evolution Revolution Love,,,,,,,,,,,,,,,,
Múm,Slow Bicycle,,,,,,,,,,,,,,,,
Dinosaur Jr.,The Wagon,,,,,,,,,,,,,,,,
Morcheeba,Never An Easy Way,0.8,0.4,0.6,0.6,0.6,0.2,0.0,0.0,0.0,0.0,0.4,0.0,0.6,0.4,0.8,0.0
Secret Machines,Lightning Blue Eyes,,,,,,,,,,,,,,,,
The Beatles,Everybody'S Trying To Be My Baby,,,,,,,,,,,,,,,,
Uverworld,Gekidou,,,,,,,,,,,,,,,,
Orchestral Manoeuvres In The Dark,Tesla Girls,,,,,,,,,,,,,,,,
Lemon Jelly,Experiment Number Six,,,,,,,,,,,,,,,,
Live,Sparkle,,,,,,,,,,,,,,,,
Lacrimosa,Halt Mich,,,,,,,,,,,,,,,,
Underworld,Rez,,,,,,,,,,,,,,,,
Kat Deluna,Run The Show (Feat. Busta Rhymes),,,,,,,,,,,,,,,,
Bonnie 'Prince' Billy,You Want That Picture,,,,,,,,,,,,,,,,
Rise Against,Survive,,,,,,,,,,,,,,,,
Murcof,Mapa,,,,,,,,,,,,,,,,
Rise Against,Paper Wings,,,,,,,,,,,,,,,,
Mokoma,Täyttä Ymmärrystä Vailla,,,,,,,,,,,,,,,,
Minus The Bear,I Lost All My Money At The Cock Fights,,,,,,,,,,,,,,,,
The Academy Is...,We'Ve Got A Big Mess On Our Hands,,,,,,,,,,,,,,,,
Slipknot,All Hope Is Gone,,,,,,,,,,,,,,,,
Madonna,You'Ll See,,,,,,,,,,,,,,,,
Clutch,Mice And Gods,,,,,,,,,,,,,,,,
Moonsorrow,Tyven,,,,,,,,,,,,,,,,
Silverstein,My Heroine,,,,,,,,,,,,,,,,
Within Temptation,Gatekeeper,,,,,,,,,,,,,,,,
Belle And Sebastian,(I Believe In) Travellin' Light,,,,,,,,,,,,,,,,
Eagles Of Death Metal,So Easy,,,,,,,,,,,,,,,,
Billy Corgan,Mina Loy (M.O.H.),,,,,,,,,,,,,,,,
Sonic Youth,Scooter + Jinx,,,,,,,,,,,,,,,,
Midlake,Balloon Maker,,,,,,,,,,,,,,,,
:Wumpscut:,Wreath Of Barbs,,,,,,,,,,,,,,,,
Chemistry,Move On (Album Version),,,,,,,,,,,,,,,,
Blondie,11:59,,,,,,,,,,,,,,,,
The Twilight Singers,Last Temptation,,,,,,,,,,,,,,,,
Bauhaus,Too Much 21St Century,,,,,,,,,,,,,,,,
Xploding Plastix,More Powah To Yah,,,,,,,,,,,,,,,,
Machine Head,Wolves,,,,,,,,,,,,,,,,
Brian Eno,Becalmed,0.0,0.0,0.0,0.0,0.0,0.0,0.0,0.0,0.0,0.0,0.0,0.0,1.0,0.0,0.0,0.0
Dimmu Borgir,The Fundamental Alienation,,,,,,,,,,,,,,,,
Machinae Supremacy,Multiball,,,,,,,,,,,,,,,,
Melanie C,Independence Day,,,,,,,,,,,,,,,,
Cansei De Ser Sexy,Believe Achieve,,,,,,,,,,,,,,,,
Melanie C,Go!,,,,,,,,,,,,,,,,
The Clash,Somebody Got Murdered,,,,,,,,,,,,,,,,
Beastie Boys,The Gala Event,,,,,,,,,,,,,,,,
Bonnie 'Prince' Billy,(Keep Eye On) Other'S Gain,,,,,,,,,,,,,,,,
The Verve,Drive You Home,,,,,,,,,,,,,,,,
The Walkmen,In The New Year,,,,,,,,,,,,,,,,
The Stooges,Dirt,,,,,,,,,,,,,,,,
Machinae Supremacy,Throttle And Mask,,,,,,,,,,,,,,,,
Sun Kil Moon,Space Travel Is Boring,,,,,,,,,,,,,,,,
Chemistry,Believin',,,,,,,,,,,,,,,,
The Lemonheads,Rudderless,,,,,,,,,,,,,,,,
Sun Kil Moon,Duk Koo Kim,,,,,,,,,,,,,,,,
Tricky,Aftermath,,,,,,,,,,,,,,,,
N-Trance,Set You Free,,,,,,,,,,,,,,,,
Junior M.A.F.I.A.,Player'S Anthem,,,,,,,,,,,,,,,,
Tom Waits,Lonely,,,,,,,,,,,,,,,,
The Fratellis,Look Out Sunshine!,,,,,,,,,,,,,,,,
Clinic,T.K.,,,,,,,,,,,,,,,,
Cat Power,King Rides By,,,,,,,,,,,,,,,,
Meg & Dia,Monster,,,,,,,,,,,,,,,,
...And You Will Know Us By The Trail Of Dead,To Russia My Homeland,,,,,,,,,,,,,,,,
Mazzy Star,She Hangs Brightly,,,,,,,,,,,,,,,,
Mclusky,What We'Ve Learned,,,,,,,,,,,,,,,,
Dream Theater,Panic Attack,,,,,,,,,,,,,,,,
Mclusky,She Will Only Bring You Happiness,,,,,,,,,,,,,,,,
Demons & Wizards,Love'S Tragedy Asunder,,,,,,,,,,,,,,,,
T.A.T.U.,Stars,,,,,,,,,,,,,,,,
L'Âme Immortelle,Fallen Angel,,,,,,,,,,,,,,,,
Dir En Grey,Agitated Screams Of Maggots,,,,,,,,,,,,,,,,
Low,California,,,,,,,,,,,,,,,,
Poisonblack,All Else Is Hollow,,,,,,,,,,,,,,,,
Sculptured,Taking My Body Apart,,,,,,,,,,,,,,,,
Fennesz,Rivers Of Sand,,,,,,,,,,,,,,,,
Fatboy Slim,Punk To Funk,,,,,,,,,,,,,,,,
Celldweller,Switchback,,,,,,,,,,,,,,,,
Panda Bear,Ponytail,,,,,,,,,,,,,,,,
Poni Hoax,Budapest,,,,,,,,,,,,,,,,
The Gutter Twins,I Was In Love With You,,,,,,,,,,,,,,,,
The Grates,Trampoline,,,,,,,,,,,,,,,,
Casiotone For The Painfully Alone,Don'T They Have Payphones Wherever You Were Last Night,,,,,,,,,,,,,,,,
Chris Cornell,No Such Thing,,,,,,,,,,,,,,,,
Of Montreal,Baby,,,,,,,,,,,,,,,,
Gigi D'Agostino,L'Amour Toujours,,,,,,,,,,,,,,,,
Kelly Clarkson,Never Again (Jason Nevins Radio Mix),,,,,,,,,,,,,,,,
Viikate,Unen Nukkuja,,,,,,,,,,,,,,,,
Bright Eyes,Padraic My Prince,,,,,,,,,,,,,,,,
The Prodigy,The Way It Is,,,,,,,,,,,,,,,,
Children Of Bodom,Banned From Heaven,,,,,,,,,,,,,,,,
Emilíana Torrini,Thinking Out Loud,,,,,,,,,,,,,,,,
Beck,Bottle Of Blues,,,,,,,,,,,,,,,,
Nevermore,Medicated Nation,,,,,,,,,,,,,,,,
Rufus Wainwright,Foolish Love,,,,,,,,,,,,,,,,
Rush,Dreamline,,,,,,,,,,,,,,,,
Cut Chemist,The Lift,,,,,,,,,,,,,,,,
Rush,Natural Science,,,,,,,,,,,,,,,,
Joanna Newsom,Clam Crab Cockle Cowrie,,,,,,,,,,,,,,,,
Paul Weller,Wild Wood,,,,,,,,,,,,,,,,
Ida Corr Vs. Fedde Le Grand,Let Me Think About It (Radio Edit),,,,,,,,,,,,,,,,
Idlewild,As If I Hadn'T Slept,,,,,,,,,,,,,,,,
Guillemots,We'Re Here,,,,,,,,,,,,,,,,
Guillemots,Redwings,,,,,,,,,,,,,,,,
Guillemots,Blue Would Still Be Blue,,,,,,,,,,,,,,,,
Matt Pond Pa,Champagne Supernova,,,,,,,,,,,,,,,,
Cursive,Bloody Murderer,,,,,,,,,,,,,,,,
Ac/Dc,Riff Raff,,,,,,,,,,,,,,,,
Battlelore,The War Of Wrath,,,,,,,,,,,,,,,,
Depeche Mode,Nodisco,,,,,,,,,,,,,,,,
Iron Maiden,Dream Of Mirrors,,,,,,,,,,,,,,,,
Elvis Presley,(You'Re The) Devil In Disguise,,,,,,,,,,,,,,,,
Groove Armada,Inside My Mind (Blue Skies),,,,,,,,,,,,,,,,
Groove Armada,Superstylin,,,,,,,,,,,,,,,,
Leaves' Eyes,Ocean'S Way,,,,,,,,,,,,,,,,
Tunng,Red And Green,,,,,,,,,,,,,,,,
Nickel Creek,This Side,,,,,,,,,,,,,,,,
Gary Numan,Me! I Disconnect From You,,,,,,,,,,,,,,,,
Agalloch,Our Fortress Is Burning... Iii: The Grain,,,,,,,,,,,,,,,,
The Morning After Girls,Lazy Greys,0.8,0.6,0.0,0.4,0.8,0.6,0.0,0.0,0.0,0.0,0.0,0.0,0.6,0.4,0.8,0.0
鈴村健一・藤田圭宣,僕らのLove Style,,,,,,,,,,,,,,,,
Soda Stereo,Sobredosis De Tv,,,,,,,,,,,,,,,,
Oingo Boingo,Little Girls,,,,,,,,,,,,,,,,
The Mountain Goats,Heretic Pride,,,,,,,,,,,,,,,,
Skinny Puppy,Tin Omen,,,,,,,,,,,,,,,,
Testament,True Believer,,,,,,,,,,,,,,,,
Quantic,Time Is The Enemy,,,,,,,,,,,,,,,,
Billie Holiday,Blue Moon,,,,,,,,,,,,,,,,
Guster,What You Wish For,,,,,,,,,,,,,,,,
Rush,Spirit Of Radio,,,,,,,,,,,,,,,,
Brendan Benson,Cold Hands (Warm Heart),,,,,,,,,,,,,,,,
John Lennon,Oh Yoko,,,,,,,,,,,,,,,,
Amon Tobin,Triple Science,,,,,,,,,,,,,,,,
Eminem,Drug Ballad,,,,,,,,,,,,,,,,
Testament,Alone In The Dark,,,,,,,,,,,,,,,,
*Nsync,I Want You Back,,,,,,,,,,,,,,,,
Bow Wow Wow,Aphrodisiac,,,,,,,,,,,,,,,,
The Rolling Stones,I Got The Blues,,,,,,,,,,,,,,,,
The Rolling Stones,Heart Of Stone,,,,,,,,,,,,,,,,
The Bravery,Hot Pursuit,,,,,,,,,,,,,,,,
Kreator,Dystopia,,,,,,,,,,,,,,,,
Bad Religion,Infected,,,,,,,,,,,,,,,,
Tori Amos,Liquid Diamonds,,,,,,,,,,,,,,,,
Mr. Bungle,Vanity Fair,,,,,,,,,,,,,,,,
Sparks,Beat The Clock,,,,,,,,,,,,,,,,
The Stone Roses,Begging You,,,,,,,,,,,,,,,,
Iron & Wine And Calexico,Prison On Route 41,,,,,,,,,,,,,,,,
Lamb Of God,One Gun,,,,,,,,,,,,,,,,
Hird,Getting Closer,,,,,,,,,,,,,,,,
Halou,Honeythief,,,,,,,,,,,,,,,,
Misfits,Children In Heat,,,,,,,,,,,,,,,,
Insomnium,The Gale,,,,,,,,,,,,,,,,
The Gathering,The Mirror Waters (2003),,,,,,,,,,,,,,,,
Efterklang,Prey And Predator,,,,,,,,,,,,,,,,
Death From Above 1979,Romantic Rights (Marczech Makuziak Remix),,,,,,,,,,,,,,,,
Psapp,Velvet Pony,,,,,,,,,,,,,,,,
The Shins,Baby Boomerang,,,,,,,,,,,,,,,,
Ala Boratyn,Angel,,,,,,,,,,,,,,,,
Television,Torn Curtain,,,,,,,,,,,,,,,,
Whitney Houston,I Wanna Dance With Somebody,,,,,,,,,,,,,,,,
Carrie Underwood,Before He Cheats,,,,,,,,,,,,,,,,
The Rolling Stones,Shine A Light,,,,,,,,,,,,,,,,
Built To Spill,Distopian Dream Girl,,,,,,,,,,,,,,,,
David Gray,We'Re Not Right,,,,,,,,,,,,,,,,
Gustavo Santaolalla,The Wings,,,,,,,,,,,,,,,,
Misfits,Devilock,,,,,,,,,,,,,,,,
Guster,Center Of Attention,,,,,,,,,,,,,,,,
Gwen Stefani,Fluorescent,,,,,,,,,,,,,,,,
Chromeo,100%,,,,,,,,,,,,,,,,
Venetian Snares,Második Galamb,,,,,,,,,,,,,,,,
Ruch,Sin Señal,,,,,,,,,,,,,,,,
Lostprophets,I Don'T Know,,,,,,,,,,,,,,,,
Old 97'S,Victoria,,,,,,,,,,,,,,,,
Frightened Rabbit,Be Less Rude,,,,,,,,,,,,,,,,
Maria Taylor,Leap Year,,,,,,,,,,,,,,,,
Maria Peszek,Moje Miasto,,,,,,,,,,,,,,,,
Yann Tiersen,Comptine D'Un Autre Été : L'Après Midi,,,,,,,,,,,,,,,,
Lostprophets,Hello Again,,,,,,,,,,,,,,,,
Joanna Newsom,The Fray,,,,,,,,,,,,,,,,
Mgmt,Boogie Down,0.6,0.4,0.8,0.4,0.6,0.4,0.2,0.0,0.0,0.0,0.4,0.2,1.0,0.8,0.8,0.0
Testament,The New Order,,,,,,,,,,,,,,,,
Mewithoutyou,The Soviet,,,,,,,,,,,,,,,,
Pink Floyd,The Gunners Dream,,,,,,,,,,,,,,,,
Cocorosie,Girl And The Geese,,,,,,,,,,,,,,,,
Mf Doom,Beef Rapp,,,,,,,,,,,,,,,,
Tactical Sekt,Syncope,,,,,,,,,,,,,,,,
Ayọ,Help Is Coming,,,,,,,,,,,,,,,,
Pedro The Lion,The Longer I Lay Here,,,,,,,,,,,,,,,,
Yann Tiersen,C'Était Ici,,,,,,,,,,,,,,,,
Dr. Dog,My Old Ways,,,,,,,,,,,,,,,,
Brightblack Morning Light,Friend Of Time,,,,,,,,,,,,,,,,
Bright Eyes,You Will. You? Will. You? Will. You? Will,,,,,,,,,,,,,,,,
Roxy Music,Oh Yeah,,,,,,,,,,,,,,,,
Cute Is What We Aim For,There'S A Class For This,,,,,,,,,,,,,,,,
The Detroit Cobras,Mean Man,,,,,,,,,,,,,,,,
Stars,Better Be Heaven,,,,,,,,,,,,,,,,
Paradise Lost,Year Of Summer,,,,,,,,,,,,,,,,
Moby,I Like It,,,,,,,,,,,,,,,,
The Housemartins,Caravan Of Love,,,,,,,,,,,,,,,,
The Gathering,Fatigue,,,,,,,,,,,,,,,,
Ulrich Schnauss,Monday - Paracetamol,,,,,,,,,,,,,,,,
Telefon Tel Aviv,Bubble And Spike,,,,,,,,,,,,,,,,
Eels,World Of Shit,,,,,,,,,,,,,,,,
Empire Of The Sun,Swordfish Hotkiss Night,,,,,,,,,,,,,,,,
Cold,Confession,,,,,,,,,,,,,,,,
Whitesnake,Gambler,,,,,,,,,,,,,,,,
Bad Religion,Turn On The Light,,,,,,,,,,,,,,,,
Tori Amos,Dragon,,,,,,,,,,,,,,,,
David Gray,Say Hello Wave Goodbye,,,,,,,,,,,,,,,,
Badly Drawn Boy,Dead Duck,,,,,,,,,,,,,,,,
Beck,Diamond Dogs,,,,,,,,,,,,,,,,
Nelly Furtado,No Hay Igual (Feat. Calle 13),,,,,,,,,,,,,,,,
Cmx,Kauneus Pettää,,,,,,,,,,,,,,,,
Annwn,La Rosa Enflorece,,,,,,,,,,,,,,,,
Good Charlotte,Beautiful Place,,,,,,,,,,,,,,,,
Gonzales,Bermuda Triangle,,,,,,,,,,,,,,,,
Afi,Clove Smoke Catharsis,,,,,,,,,,,,,,,,
Annwn,Madre Deus,,,,,,,,,,,,,,,,
Amon Tobin,Proper Hoodidge,0.6,0.4,1.0,0.6,0.0,0.0,0.0,0.0,0.0,0.0,0.0,0.0,0.8,0.8,0.2,0.0
Ac/Dc,Decibel,,,,,,,,,,,,,,,,
Ben Kweller,Lizzy,,,,,,,,,,,,,,,,
Siouxsie And The Banshees,The Passenger,,,,,,,,,,,,,,,,
Ben Kweller,Make It Up,,,,,,,,,,,,,,,,
The Church,Reptile,,,,,,,,,,,,,,,,
Riverside,02 Panic Room,,,,,,,,,,,,,,,,
Megadeth,Sleepwalker,,,,,,,,,,,,,,,,
Eluvium,After Nature,,,,,,,,,,,,,,,,
The New Pornographers,Adventures In Solitude,,,,,,,,,,,,,,,,
Bikini Kill,Strawberry Julius,0.8,0.8,0.0,0.2,1.0,0.8,0.0,0.0,0.0,0.0,0.0,0.0,0.0,0.0,0.8,0.0
Calvin Harris,I'M Not Alone,,,,,,,,,,,,,,,,
Calvin Harris,Traffic Cops,,,,,,,,,,,,,,,,
Mirah,Light The Match,,,,,,,,,,,,,,,,
The Jam,English Rose,,,,,,,,,,,,,,,,
Bad Brains,Don'T Need It,,,,,,,,,,,,,,,,
The Rolling Stones,Streets Of Love,,,,,,,,,,,,,,,,
The Crystal Method,She'S My Pusher,,,,,,,,,,,,,,,,
Stars,One More Night (Your Ex-Lover Remains Dead),,,,,,,,,,,,,,,,
Badly Drawn Boy,Bewilder,,,,,,,,,,,,,,,,
Starsailor,Love Is Here,,,,,,,,,,,,,,,,
Ben Harper & The Innocent Criminals,Fight Outta You,,,,,,,,,,,,,,,,
Soilwork,Wings Of Domain,,,,,,,,,,,,,,,,
Nickelback,Hero,,,,,,,,,,,,,,,,
Hank Williams Iii,Cecil Brown,,,,,,,,,,,,,,,,
Cynic,Veil Of Maya,,,,,,,,,,,,,,,,
Joe Satriani,Mind Storm,,,,,,,,,,,,,,,,
Coralie Clément,La Mer Opale,,,,,,,,,,,,,,,,
S Club 7,Don'T Stop Movin',,,,,,,,,,,,,,,,
Enya,Flora'S Secret,,,,,,,,,,,,,,,,
Kate Bush,The Painter'S Link,,,,,,,,,,,,,,,,
Röyksopp,Teppefall,,,,,,,,,,,,,,,,
Entwine,Still Remains,,,,,,,,,,,,,,,,
Arcturus,Painting My Horror,,,,,,,,,,,,,,,,
Enya,A Moment Lost,,,,,,,,,,,,,,,,
Iron Maiden,The Fallen Angel,,,,,,,,,,,,,,,,
Iron Maiden,Genghis Khan,,,,,,,,,,,,,,,,
Amon Tobin,Straight Psyche,,,,,,,,,,,,,,,,
Annwn,Herr Mannelig,,,,,,,,,,,,,,,,
The Venus In Furs,Tumbling Down,,,,,,,,,,,,,,,,
Idlewild,If It Takes You Home,,,,,,,,,,,,,,,,
:Wumpscut:,Perdition,,,,,,,,,,,,,,,,
A. R. Rahman,Jai Ho,0.6,0.4,0.8,1.0,0.4,0.2,0.4,0.6,0.4,0.6,0.0,0.0,0.8,0.6,0.6,0.0
Glen Hansard,Leave,,,,,,,,,,,,,,,,
Syd Barrett,No Man'S Land,,,,,,,,,,,,,,,,
Arcturus,Master Of Disguise,,,,,,,,,,,,,,,,
High School Musical Cast,We'Re All In This Together,,,,,,,,,,,,,,,,
State Radio,People To People,,,,,,,,,,,,,,,,
Girls Aloud,Can'T Speak French,,,,,,,,,,,,,,,,
Acceptance,In Too Far,,,,,,,,,,,,,,,,
Depeche Mode,Uselink,,,,,,,,,,,,,,,,
Craig Armstrong,Let It Be Love,,,,,,,,,,,,,,,,
Soviet,Candy Girl,,,,,,,,,,,,,,,,
Leona Lewis,Take A Bow,,,,,,,,,,,,,,,,
Dead Can Dance,Summoning Of The Muse,,,,,,,,,,,,,,,,
Lusine,Drip (Apparat Remix),,,,,,,,,,,,,,,,
Roy Orbison,Only The Lonely,,,,,,,,,,,,,,,,
Black Lips,Not A Problem,,,,,,,,,,,,,,,,
Stephen Malkmus,The Hook,,,,,,,,,,,,,,,,
Stephen Malkmus,Troubbble,,,,,,,,,,,,,,,,
Syd Barrett,Baby Lemonade,,,,,,,,,,,,,,,,
Camera Obscura,Let Me Go Home,,,,,,,,,,,,,,,,
Nirvana,Molly'S Lips,,,,,,,,,,,,,,,,
Gustavo Santaolalla,Can Light Be Found In The Darkness?,,,,,,,,,,,,,,,,
Bullet For My Valentine,Suffocating Under Words Of Sorrow (What Can I Do),,,,,,,,,,,,,,,,
Johnny Cash,Love'S Been Good To Me,,,,,,,,,,,,,,,,
Why?,By Torpedo Or Crohn'S,,,,,,,,,,,,,,,,
Tori Amos,Your Cloud,,,,,,,,,,,,,,,,
New Order,Rock The Shack,0.8,0.6,0.2,0.4,1.0,0.8,0.2,0.0,0.0,0.0,0.0,0.0,0.4,0.4,0.8,0.0
Johnny Cash,I'Ve Been Everywhere,,,,,,,,,,,,,,,,
Eels,Cancer For The Cure,,,,,,,,,,,,,,,,
Him,Don'T Close Your Heart,,,,,,,,,,,,,,,,
1000 Homo Djs,Supernaut,,,,,,,,,,,,,,,,
Red House Painters,Mistress,,,,,,,,,,,,,,,,
Red Hot Chili Peppers,Warm Tape,,,,,,,,,,,,,,,,
Atb,Long Way Home,,,,,,,,,,,,,,,,
Dead Can Dance,Wilderness,,,,,,,,,,,,,,,,
Dead Can Dance,Ullyses,,,,,,,,,,,,,,,,
Dead Can Dance,Yulunga (Spirit Dance),,,,,,,,,,,,,,,,
Afi,A Story At Three,,,,,,,,,,,,,,,,
Jens Lekman,You Are The Light (By Which I Travel Into This And That),,,,,,,,,,,,,,,,
The Blow,The Big U,,,,,,,,,,,,,,,,
Jens Lekman,At The Dept. Of Forgotten Songs,,,,,,,,,,,,,,,,
Rancid,The 11Th Hour,,,,,,,,,,,,,,,,
Underoath,Everyone Looks So Good From Here,,,,,,,,,,,,,,,,
Mokoma,Sinä Riität,,,,,,,,,,,,,,,,
The Notwist,On Planet Off,,,,,,,,,,,,,,,,
Buena Vista Social Club,Orgullecida,,,,,,,,,,,,,,,,
Thursday,Counting 5-4-3-2-1,,,,,,,,,,,,,,,,
Architecture In Helsinki,It'5,,,,,,,,,,,,,,,,
Bloodbath,Cancer Of The Soul,,,,,,,,,,,,,,,,
Bloodhound Gang,Fire Water Burn,,,,,,,,,,,,,,,,
Alien Ant Farm,Wish,,,,,,,,,,,,,,,,
The 69 Eyes,Truck On,,,,,,,,,,,,,,,,
The Dodos,Winter,,,,,,,,,,,,,,,,
Babyshambles,Á Rebours,,,,,,,,,,,,,,,,
El Perro Del Mar,Party,,,,,,,,,,,,,,,,
Isis,Over Root And Thorn,,,,,,,,,,,,,,,,
Foxy Shazam,The French Passion Of Animality Opera,,,,,,,,,,,,,,,,
High Contrast,Kiss Kiss Bang Bang,,,,,,,,,,,,,,,,
Mary J. Blige,One (Feat. U2),,,,,,,,,,,,,,,,
Malajube,Pâte Filo,,,,,,,,,,,,,,,,
The Black Keys,No Trust,,,,,,,,,,,,,,,,
Kraftwerk,Abzug,,,,,,,,,,,,,,,,
Miss Kittin & The Hacker,Stock Exchange,,,,,,,,,,,,,,,,
Kraftwerk,Kometenmelodie 2,,,,,,,,,,,,,,,,
Turbonegro,Hot And Filthy,,,,,,,,,,,,,,,,
Depeche Mode,I Am You,,,,,,,,,,,,,,,,
Depeche Mode,If You Want,,,,,,,,,,,,,,,,
Violator,Thrash Maniacs,,,,,,,,,,,,,,,,
Moonspell,Darkness And Hope,,,,,,,,,,,,,,,,
Amon Tobin,Marine Machines,,,,,,,,,,,,,,,,
Simple Minds,Alive And Kicking,,,,,,,,,,,,,,,,
Andrew W.K.,Don'T Stop Living In The Red,,,,,,,,,,,,,,,,
Erasure,Chains Of Love,,,,,,,,,,,,,,,,
The Vines,Anysound,,,,,,,,,,,,,,,,
Swod,Fugitif 1,,,,,,,,,,,,,,,,
Mokoma,Tulkki,,,,,,,,,,,,,,,,
Oasis,Roll It Over,,,,,,,,,,,,,,,,
I Am Kloot,Over My Shoulder,,,,,,,,,,,,,,,,
Blur,Mellow Song,0.4,0.2,0.0,0.4,0.6,0.4,0.6,0.0,0.0,0.0,0.0,0.0,0.4,0.2,0.6,0.0
People In Planes,If You Talk Too Much (My Head Will Explode),,,,,,,,,,,,,,,,
Covenant,The Men,,,,,,,,,,,,,,,,
The Radio Dept.,Gibraltar,0.6,0.4,0.8,0.4,0.4,0.4,0.0,0.0,0.0,0.0,0.0,0.2,1.0,0.6,0.6,0.0
Mokoma,Veriveljet,,,,,,,,,,,,,,,,
Mokoma,Takatalvi,,,,,,,,,,,,,,,,
The Cinematic Orchestra,Reel Life (Evolution Ii),,,,,,,,,,,,,,,,
Le Tigre,Keep On Livin',,,,,,,,,,,,,,,,
Black Tambourine,By Tomorrow,,,,,,,,,,,,,,,,
Travis,Chinese Blues,,,,,,,,,,,,,,,,
Bauhaus,Hair Of The Dog,,,,,,,,,,,,,,,,
The Rosebuds,Silence By The Lakeside,,,,,,,,,,,,,,,,
Underworld,Mmm Skyscraper I Love You,,,,,,,,,,,,,,,,
Little Richard,Long Tall Sally,,,,,,,,,,,,,,,,
Hank Williams Iii,Smoke & Wine,,,,,,,,,,,,,,,,
Amon Tobin,Chomp Samba,,,,,,,,,,,,,,,,
Maserati,The World Outside,,,,,,,,,,,,,,,,
Wolf Parade,Soldier'S Grin,,,,,,,,,,,,,,,,
Babyshambles,Pentonville,,,,,,,,,,,,,,,,
Hot Chip,One One One,,,,,,,,,,,,,,,,
Blondie,I'M Gonna Love You Too,,,,,,,,,,,,,,,,
Within Temptation,Enter,,,,,,,,,,,,,,,,
Le Tigre,Fake French,,,,,,,,,,,,,,,,
Franco Battiato,Il Vuoto,,,,,,,,,,,,,,,,
Paradise Lost,Beneath Black Skies,,,,,,,,,,,,,,,,
Devendra Banhart,Inaniel,,,,,,,,,,,,,,,,
Rilo Kiley,Bulletproof,,,,,,,,,,,,,,,,
Neko Case,Pretty Girls,,,,,,,,,,,,,,,,
Jonathan Larson,Life Support,,,,,,,,,,,,,,,,
Nellie Mckay,I Wanna Get Married,,,,,,,,,,,,,,,,
Municipal Waste,Accelerated Vision,,,,,,,,,,,,,,,,
Amon Amarth,Bloodshed,,,,,,,,,,,,,,,,
Metallica,Free Speech For The Dumb,,,,,,,,,,,,,,,,
Amon Amarth,Across The Rainbow Bridge,,,,,,,,,,,,,,,,
Minus The Bear,Pony Up!,,,,,,,,,,,,,,,,
Wings,Mull Of Kintyre,,,,,,,,,,,,,,,,
Belle And Sebastian,I Know Where The Summer Goes,,,,,,,,,,,,,,,,
Ben Kweller,Walk On Me,,,,,,,,,,,,,,,,
Live,All Over You,,,,,,,,,,,,,,,,
雅-Miyavi-,Kimi Ni Negai Wo,,,,,,,,,,,,,,,,
David Bowie,All The Young Dudes,,,,,,,,,,,,,,,,
Godsmack,Whatever,,,,,,,,,,,,,,,,
Ray Lamontagne,Till The Sun Turns Black,,,,,,,,,,,,,,,,
Andy Mckee,Drifting,,,,,,,,,,,,,,,,
Gui Boratto,Beautiful Life,,,,,,,,,,,,,,,,
Ian Van Dahl,Just A Girl (Radio Edit),,,,,,,,,,,,,,,,
Billie Holiday,They Can'T Take That Away From Me,,,,,,,,,,,,,,,,
Sigur Rós,Sigur 4 (Untitled),,,,,,,,,,,,,,,,
Basement Jaxx,On The Train,,,,,,,,,,,,,,,,
Elton John,I Want Love,,,,,,,,,,,,,,,,
Elton John,Can You Feel The Love Tonight,,,,,,,,,,,,,,,,
Bauhaus,Endless Summer Of The Damned,,,,,,,,,,,,,,,,
Bauhaus,Of Lillies And Remains,,,,,,,,,,,,,,,,
Spoon,Utilitarian,,,,,,,,,,,,,,,,
The Source,You Got The Love,,,,,,,,,,,,,,,,
Jonas Brothers,That'S Just The Way We Roll,,,,,,,,,,,,,,,,
Aimee Mann,One,,,,,,,,,,,,,,,,
David Bowie,Alabama Song,,,,,,,,,,,,,,,,
Murcof,Maiz,,,,,,,,,,,,,,,,
Alkaline Trio,Fall Victim,1.0,1.0,0.0,0.2,1.0,0.8,0.0,0.0,0.0,0.0,0.0,0.0,0.0,0.0,0.8,0.0
The Black Keys,Countdown,,,,,,,,,,,,,,,,
Forgotten Boys,All You See,,,,,,,,,,,,,,,,
Forgotten Boys,So So,,,,,,,,,,,,,,,,
Rilo Kiley,Don'T Deconstruct,,,,,,,,,,,,,,,,
Yo La Tengo,Season Of The Shark,,,,,,,,,,,,,,,,
Acidman,Kisetsu No Akari,,,,,,,,,,,,,,,,
Dj Shadow,In/Flux,,,,,,,,,,,,,,,,
Leonel Nunes,Porque Não Tem Talo O Nabo,,,,,,,,,,,,,,,,
Muse,Agitated,,,,,,,,,,,,,,,,
The Used,Listening,,,,,,,,,,,,,,,,
Lady Sovereign,Tango,,,,,,,,,,,,,,,,
Minus The Bear,El Torrente,,,,,,,,,,,,,,,,
Marilyn Manson,Wormboy,,,,,,,,,,,,,,,,
A Place To Bury Strangers,Another Step Away,,,,,,,,,,,,,,,,
Rosemary,Suburban Kings,,,,,,,,,,,,,,,,
Rilo Kiley,Plane Crash In C,,,,,,,,,,,,,,,,
A Place To Bury Strangers,She Dies,,,,,,,,,,,,,,,,
Devendra Banhart,Queen Bee,,,,,,,,,,,,,,,,
Pulp,Have You Seen Her Lately?,,,,,,,,,,,,,,,,
Andy Mckee,Heather'S Song,,,,,,,,,,,,,,,,
The Cribs,The Light Went Out,,,,,,,,,,,,,,,,
The Cribs,Be Safe,,,,,,,,,,,,,,,,
Conjure One,Endless Dream,,,,,,,,,,,,,,,,
Conor Oberst,Valle Místico (Ruben'S Song),,,,,,,,,,,,,,,,
Bon Jovi,I'Ll Be There For You,,,,,,,,,,,,,,,,
Refused,Refused Are Fuckin Dead,,,,,,,,,,,,,,,,
Aesthetic Perfection,Living The Wasted Life,,,,,,,,,,,,,,,,
The Cooper Temple Clause,Waiting Game,,,,,,,,,,,,,,,,
Joni Mitchell,The Last Time I Saw Richard,,,,,,,,,,,,,,,,
Corinne Bailey Rae,Seasons Change,,,,,,,,,,,,,,,,
Santigold,Shove It (Feat. Spank Rock),,,,,,,,,,,,,,,,
Arch Enemy,Ravenous,,,,,,,,,,,,,,,,
Eric Clapton,My Father'S Eyes,,,,,,,,,,,,,,,,
Vnv Nation,Firstlight,,,,,,,,,,,,,,,,
Britney Spears,Can'T Make You Love Me,,,,,,,,,,,,,,,,
Between The Buried And Me,Prequel To The Sequel,,,,,,,,,,,,,,,,
Mewithoutyou,Torches Together,,,,,,,,,,,,,,,,
Neko Case,Rated X,,,,,,,,,,,,,,,,
Mokoma,Hiljaisuuden Julistaja,,,,,,,,,,,,,,,,
Britney Spears,Early Mornin',,,,,,,,,,,,,,,,
Agathodaimon,Serpent'S Embrace,,,,,,,,,,,,,,,,
Lucky Soul,Struck Dumb,,,,,,,,,,,,,,,,
The Offspring,Feelings,,,,,,,,,,,,,,,,
Devendra Banhart,Water May Walk,,,,,,,,,,,,,,,,
Lady Gaga,Starstruck,,,,,,,,,,,,,,,,
Michael Jackson,The Girl Is Mine (Feat. Paul Mccartney),,,,,,,,,,,,,,,,
Lamb,Soft Mistake,,,,,,,,,,,,,,,,
Vnv Nation,Forsaken,,,,,,,,,,,,,,,,
Metronomy,Side 2,,,,,,,,,,,,,,,,
Elliott Smith,Almost Over,,,,,,,,,,,,,,,,
The Decemberists,The Wanting Comes In Waves/Repaid,,,,,,,,,,,,,,,,
Ania Dąbrowska,Tego Chciałam,,,,,,,,,,,,,,,,
Black Sabbath,Lady Evil,,,,,,,,,,,,,,,,
Against Me!,Pretty Girls (The Mover),,,,,,,,,,,,,,,,
Metronomy,You Could Easily Have Me,,,,,,,,,,,,,,,,
Boards Of Canada,Skimming Stones,,,,,,,,,,,,,,,,
Megadeth,Poison Was The Cure,,,,,,,,,,,,,,,,
Peeping Tom,Five Seconds (Feat. Odd Nosdam),,,,,,,,,,,,,,,,
Pearl Jam,Thumbing My Way,,,,,,,,,,,,,,,,
Woven Hand,My Russia,,,,,,,,,,,,,,,,
Sigur Rós,Í Gær,,,,,,,,,,,,,,,,
Islands,Creeper,,,,,,,,,,,,,,,,
The Streets,Empty Cans,,,,,,,,,,,,,,,,
The Faint,In Concert,,,,,,,,,,,,,,,,
Happy Mondays,Bob'S Yer Uncle,,,,,,,,,,,,,,,,
The Black Angels,Call To Arms,,,,,,,,,,,,,,,,
Amon Amarth,An Ancient Sign Of Coming Storm,,,,,,,,,,,,,,,,
The Jimi Hendrix Experience,Can You See Me,,,,,,,,,,,,,,,,
Josh Ritter,Good Man,,,,,,,,,,,,,,,,
Jamiroquai,Hot Tequila Brown,,,,,,,,,,,,,,,,
Ween,Shamemaker,,,,,,,,,,,,,,,,
Between The Buried And Me,White Walls,,,,,,,,,,,,,,,,
Lady Sovereign,Public Warning,,,,,,,,,,,,,,,,
Yann Tiersen,La Valse D'Amélie (Orchestra Version),,,,,,,,,,,,,,,,
The Aislers Set,Catherine Says,,,,,,,,,,,,,,,,
The Go! Team,Fake Id,,,,,,,,,,,,,,,,
Dave Gahan,Deeper And Deeper,0.6,0.6,1.0,0.2,0.4,0.4,0.0,0.0,0.0,0.0,0.0,0.0,0.8,0.8,0.6,0.0
Neil Young,I Believe In You,,,,,,,,,,,,,,,,
Primus,Jerry Was A Race Car Driver,,,,,,,,,,,,,,,,
Madonna,Skin,,,,,,,,,,,,,,,,
Rooney,If It Were Up To Me,,,,,,,,,,,,,,,,
Metallica,Breadfan,,,,,,,,,,,,,,,,
Metallica,Carpe Diem Baby,,,,,,,,,,,,,,,,
Björk,Isobel (Deodato Mix),,,,,,,,,,,,,,,,
Brian Eno & David Byrne,The Jezebel Spirit,,,,,,,,,,,,,,,,
Johnny Cash,Country Trash,,,,,,,,,,,,,,,,
Foo Fighters,Disenchanted Lullaby,,,,,,,,,,,,,,,,
Neko Case,Stinging Velvet,,,,,,,,,,,,,,,,
Bob Dylan,To Ramona,,,,,,,,,,,,,,,,
Erykah Badu,Me,,,,,,,,,,,,,,,,
Yann Tiersen,La Terrasse,,,,,,,,,,,,,,,,
R.E.M.,Texarkana,,,,,,,,,,,,,,,,
Astrud Gilberto,Light My Fire,,,,,,,,,,,,,,,,
Zwan,Heartsong,,,,,,,,,,,,,,,,
Erykah Badu,Sometimes (Mix #9),,,,,,,,,,,,,,,,
The Fiery Furnaces,Birdie Brain,0.8,0.4,0.0,0.6,0.6,0.4,0.0,0.0,0.0,0.4,0.0,0.0,0.4,0.4,0.6,0.0
Flogging Molly,Death Valley Queen,,,,,,,,,,,,,,,,
Hardcore Superstar,Blood On Me,,,,,,,,,,,,,,,,
The Goo Goo Dolls,Amigone,,,,,,,,,,,,,,,,
Flogging Molly,Seven Deadly Sins,,,,,,,,,,,,,,,,
Thievery Corporation,Illumination,,,,,,,,,,,,,,,,
Shpongle,Monster Hit,,,,,,,,,,,,,,,,
Story Of The Year,Take Me Back,,,,,,,,,,,,,,,,
Blind Guardian,Straight Through The Mirror,1.0,0.8,0.0,0.4,1.0,0.8,0.2,0.6,0.0,0.0,0.4,0.0,0.4,0.4,0.8,0.0
The Fiery Furnaces,Mason City,,,,,,,,,,,,,,,,
Ramones,Blitzkreig Bob,1.0,0.8,0.0,0.2,1.0,0.8,0.0,0.0,0.0,0.0,0.0,0.0,0.0,0.0,0.8,0.0
The Pussycat Dolls,Hot Stuff (I Want You Back),,,,,,,,,,,,,,,,
Björk,Cvalda,,,,,,,,,,,,,,,,
Sarah Brightman,Time To Say Goodbye,,,,,,,,,,,,,,,,
Turbonegro,Turbonegro Must Be Destroyed,,,,,,,,,,,,,,,,
Bob Dylan,Someday Baby,,,,,,,,,,,,,,,,
1200 Micrograms,Dmt,,,,,,,,,,,,,,,,
The Replacements,Here Comes A Regular,,,,,,,,,,,,,,,,
Pidżama Porno,Egzystencjalny Paw,,,,,,,,,,,,,,,,
Dragonforce,Trail Of Broken Hearts,,,,,,,,,,,,,,,,
Dragonforce,Storming The Burning Fields,,,,,,,,,,,,,,,,
Draconian,The Cry Of Silence,,,,,,,,,,,,,,,,
The Zutons,Someone Watching Over Me,0.8,0.6,0.0,0.4,0.8,0.6,0.4,0.0,0.6,0.0,0.0,0.0,0.0,0.0,0.8,0.6
Turbonegro,You Must Bleed/All Night Long,,,,,,,,,,,,,,,,
Vnv Nation,Secluded Spaces,,,,,,,,,,,,,,,,
Dave Armstrong & Redroche,Love Has Gone (Full Vocal Radio Edit),,,,,,,,,,,,,,,,
Jimmy Eat World,Just Watch The Fireworks,,,,,,,,,,,,,,,,
Queen,Lazing On A Sunday Afternoon,,,,,,,,,,,,,,,,
Akon,Smack That (Feat. Eminem),,,,,,,,,,,,,,,,
Pete & The Pirates,Come On Feet,,,,,,,,,,,,,,,,
Dzihan & Kamien,Stiff Jazz,,,,,,,,,,,,,,,,
Strapping Young Lad,You Suck,,,,,,,,,,,,,,,,
Primal Scream,Damaged,,,,,,,,,,,,,,,,
Flo Rida,Elevator (Feat. Timbaland),,,,,,,,,,,,,,,,
Bon Iver,Wisconsin,,,,,,,,,,,,,,,,
The Album Leaf,Twentytwofourteen,,,,,,,,,,,,,,,,
Matisyahu,Time Of Your Song,,,,,,,,,,,,,,,,
Dashboard Confessional,The Places You Have Come To Fear The Most,,,,,,,,,,,,,,,,
Nick Cave & The Bad Seeds,Watching Alice,,,,,,,,,,,,,,,,
Dropkick Murphys,Sunshine Highway,,,,,,,,,,,,,,,,
Dashboard Confessional,The Secret'S In The Telling,,,,,,,,,,,,,,,,
Nick Drake,Been Smoking Too Long,,,,,,,,,,,,,,,,
Ministry,Tv Ii,,,,,,,,,,,,,,,,
The Stone Roses,Here It Comes,,,,,,,,,,,,,,,,
Rihanna,Break It Off (Feat. Sean Paul),,,,,,,,,,,,,,,,
Dizzee Rascal,I Luv U,,,,,,,,,,,,,,,,
Stratovarius,Speed Of Light,,,,,,,,,,,,,,,,
Buckethead,Witches On The Heath,,,,,,,,,,,,,,,,
Sloan,I'Ve Gotta Try,,,,,,,,,,,,,,,,
Bel Canto,Birds Of Passage,,,,,,,,,,,,,,,,
Slow Motion Reign,Space,,,,,,,,,,,,,,,,
The Cardigans,Overload,,,,,,,,,,,,,,,,
Melanie C,You Will See,,,,,,,,,,,,,,,,
Sébastien Tellier,Roche,,,,,,,,,,,,,,,,
Depeche Mode,A Photograph Of You,,,,,,,,,,,,,,,,
Hurt,Falls Apart,,,,,,,,,,,,,,,,
Blaqk Audio,Snuff On Digital,,,,,,,,,,,,,,,,
Hurt,Rapture,,,,,,,,,,,,,,,,
Josh Ritter,Wolves,,,,,,,,,,,,,,,,
Shout Out Louds,There'S Nothing,,,,,,,,,,,,,,,,
The God Machine,Boy By The Roadside,,,,,,,,,,,,,,,,
Sonata Arctica,Ain'T Your Fairytale,,,,,,,,,,,,,,,,
Amiina,Sexfaldur,,,,,,,,,,,,,,,,
Shout Out Louds,Suit Yourself,,,,,,,,,,,,,,,,
Biffy Clyro,A Whole Child Ago,,,,,,,,,,,,,,,,
Catatonia,Dead From The Waist Down,,,,,,,,,,,,,,,,
Lovage,Pit Stop (Take Me Home),,,,,,,,,,,,,,,,
Maná,Chaman,,,,,,,,,,,,,,,,
Ride,Twisterella,,,,,,,,,,,,,,,,
Paradise Lost,Pray Nightfall,,,,,,,,,,,,,,,,
Meshuggah,Mind'S Mirrors,,,,,,,,,,,,,,,,
R.E.M.,Tongue,,,,,,,,,,,,,,,,
Ra Ra Riot,Suspended In Gaffa,,,,,,,,,,,,,,,,
The Smashing Pumpkins,Tristessa,,,,,,,,,,,,,,,,
The Jimi Hendrix Experience,Little Wing,,,,,,,,,,,,,,,,
The Jimi Hendrix Experience,Highway Chile,,,,,,,,,,,,,,,,
Susumu Yokota,Wani Natte,,,,,,,,,,,,,,,,
Joe Satriani,Theme For A Strange World,,,,,,,,,,,,,,,,
Nine Inch Nails,Deep,,,,,,,,,,,,,,,,
Joe Satriani,It'S So Good,,,,,,,,,,,,,,,,
Cocteau Twins,Ups,,,,,,,,,,,,,,,,
Hadouken!,Liquid Lives (Noisia Remix),,,,,,,,,,,,,,,,
Ronan Keating,When You Say Nothing At All,,,,,,,,,,,,,,,,
Fun Boy Three,Our Lips Are Sealed,,,,,,,,,,,,,,,,
Ride,Here And Now,0.8,0.6,0.0,0.2,1.0,0.8,0.0,0.0,0.0,0.0,0.2,0.0,0.4,0.2,0.8,0.0
Jawbreaker,I Love You So Much It'S Killing Us Both,,,,,,,,,,,,,,,,
Placebo,Battle For The Sun,,,,,,,,,,,,,,,,
Javine,Touch My Fire,,,,,,,,,,,,,,,,
Nine Inch Nails,35 Ghosts Iv,,,,,,,,,,,,,,,,
Megadeth,Use The Man,,,,,,,,,,,,,,,,
Moonspell,Everything Invaded,,,,,,,,,,,,,,,,
Pantera,Regular People (Conceit),,,,,,,,,,,,,,,,
Razorlight,Who Needs Love,,,,,,,,,,,,,,,,
The Essex Green,Mrs. Bean,,,,,,,,,,,,,,,,
Ministry,Hero,,,,,,,,,,,,,,,,
The Presidents Of The United States Of America,Dune Buggy,,,,,,,,,,,,,,,,
Britney Spears,Over To You Now,,,,,,,,,,,,,,,,
Ben Folds Five,Fair,,,,,,,,,,,,,,,,
Hooverphonic,Autoharp,,,,,,,,,,,,,,,,
Immortal Technique,The Prophecy,,,,,,,,,,,,,,,,
Hooverphonic,Out Of Tune,,,,,,,,,,,,,,,,
Imogen Heap,Angry Angel,,,,,,,,,,,,,,,,
The Presidents Of The United States Of America,Kick Out The Jams,,,,,,,,,,,,,,,,
Hooverphonic,Renaissance Affair,,,,,,,,,,,,,,,,
The Reindeer Section,Grand Parade,,,,,,,,,,,,,,,,
Sondre Lerche,The Tape,,,,,,,,,,,,,,,,
Brakes,I Can'T Stand To Stand Beside You,,,,,,,,,,,,,,,,
Beatsteaks,Hello Joe,,,,,,,,,,,,,,,,
The Beta Band,Wonderful,,,,,,,,,,,,,,,,
The Chameleons,In Shreds,,,,,,,,,,,,,,,,
The Organ,I Am Not Surprised,,,,,,,,,,,,,,,,
Bel Canto,Continuum,,,,,,,,,,,,,,,,
Kid Koala,Fender Bender,,,,,,,,,,,,,,,,
The Beta Band,I Know,,,,,,,,,,,,,,,,
Émilie Simon,Le Vieil Amant,,,,,,,,,,,,,,,,
The Fiery Furnaces,Smelling Cigarettes,,,,,,,,,,,,,,,,
Gentle Giant,Raconteur Troubadour,,,,,,,,,,,,,,,,
The Fiery Furnaces,Paw Paw Tree,,,,,,,,,,,,,,,,
1200 Micrograms,Garden Of Eden,,,,,,,,,,,,,,,,
50 Cent,U Not Like Me,,,,,,,,,,,,,,,,
Cascada,Miracle,,,,,,,,,,,,,,,,
The Aliens,Only Waiting,,,,,,,,,,,,,,,,
Aqua,My Oh My,,,,,,,,,,,,,,,,
The All-American Rejects,Happy Endings,,,,,,,,,,,,,,,,
Joss Stone,Right To Be Wrong,,,,,,,,,,,,,,,,
Husky Rescue,My World,,,,,,,,,,,,,,,,
Shearwater,On The Death Of The Waters,,,,,,,,,,,,,,,,
Ne-Yo,Because Of You (Sunfreakz Remix),,,,,,,,,,,,,,,,
Cat Stevens,Where Do The Children Play?,,,,,,,,,,,,,,,,
Sussie 4,Fly,,,,,,,,,,,,,,,,
Kylie Minogue,More More More,,,,,,,,,,,,,,,,
The Everly Brothers,Bye Bye Love,,,,,,,,,,,,,,,,
Rammstein,Das Modell,,,,,,,,,,,,,,,,
Madeleine Peyroux,No More,,,,,,,,,,,,,,,,
Sherwood,Song In My Head,,,,,,,,,,,,,,,,
E Nomine,Nebelpfade,,,,,,,,,,,,,,,,
E Nomine,Vater Unser,,,,,,,,,,,,,,,,
Mastodon,Joseph Merrick,,,,,,,,,,,,,,,,
Pet Shop Boys,More Than A Dream,,,,,,,,,,,,,,,,
Chris Garneau,Saturday,,,,,,,,,,,,,,,,
Black Box Recorder,The Facts Of Life,,,,,,,,,,,,,,,,
Ane Brun,Where Friend Rhymes With End,,,,,,,,,,,,,,,,
Morrissey,I Don'T Mind If You Forget Me,,,,,,,,,,,,,,,,
Pearl Jam,Evenflow,,,,,,,,,,,,,,,,
Johnny Cash,A Boy Named Sue (Live),,,,,,,,,,,,,,,,
M. Ward,Paul'S Song,,,,,,,,,,,,,,,,
Dream Theater,6:00,,,,,,,,,,,,,,,,
My Darling You!,Please Don'T Talk To Me I Fall In Love So Easily,,,,,,,,,,,,,,,,
Wintersun,Winter Madness,,,,,,,,,,,,,,,,
This Mortal Coil,Kangaroo,,,,,,,,,,,,,,,,
The Lemonheads,Confetti,,,,,,,,,,,,,,,,
Wintersun,Battle Against Time,,,,,,,,,,,,,,,,
Imogen Heap,Rake It In,,,,,,,,,,,,,,,,
Paul Mccartney,Mr. Bellamy,,,,,,,,,,,,,,,,
Leftfield,Phat Planet,,,,,,,,,,,,,,,,
Queens Of The Stone Age,You Think I Ain'T Worth A Dollar But I Feel Like A Millionaire,,,,,,,,,,,,,,,,
Children Of Bodom,Silent Scream,,,,,,,,,,,,,,,,
Counting Crows,A Murder Of One,,,,,,,,,,,,,,,,
Repo! The Genetic Opera,Zydrate Anatomy,,,,,,,,,,,,,,,,
Songs: Ohia,Coxcomb Red,,,,,,,,,,,,,,,,
3 Doors Down,Duck And Run,,,,,,,,,,,,,,,,
Darkthrone,Iconoclasm Sweeps Cappadocia,,,,,,,,,,,,,,,,
Darkthrone,Majestic Desolate Eye,,,,,,,,,,,,,,,,
Yves Larock,Rise Up (Radio Edit),,,,,,,,,,,,,,,,
Darkthrone,Ravnajuv,,,,,,,,,,,,,,,,
Smog,Let Me See The Colts,,,,,,,,,,,,,,,,
Hooverphonic,Inhaler,,,,,,,,,,,,,,,,
Christina Aguilera,Makes Me Wanna Pray,,,,,,,,,,,,,,,,
Hawthorne Heights,Pens And Needles,,,,,,,,,,,,,,,,
Yes,Starship Trooper,,,,,,,,,,,,,,,,
Rome,Das Unbedingte,0.8,0.4,0.0,0.4,0.6,0.4,0.4,0.8,0.0,0.0,0.0,0.0,0.6,0.4,0.8,0.0
Pretty Girls Make Graves,The Nocturnal House,,,,,,,,,,,,,,,,
Manu Chao,Besoin De La Lune,,,,,,,,,,,,,,,,
Hawthorne Heights,Breathing In Sequence,,,,,,,,,,,,,,,,
Richard Ashcroft,Science Of Silence,,,,,,,,,,,,,,,,
Disturbed,Intoxication,,,,,,,,,,,,,,,,
Scar Symmetry,Hybrid Cult,,,,,,,,,,,,,,,,
Yonderboi,Fairy Of The Lake,,,,,,,,,,,,,,,,
Kylie Minogue,Nu-Di-Ty,,,,,,,,,,,,,,,,
The Isley Brothers,Summer Breeze,,,,,,,,,,,,,,,,
M-Flo♥Bennie K,Taste Your Stuff (Happy Drive),,,,,,,,,,,,,,,,
The Cool Kids,A Little Bit Cooler,,,,,,,,,,,,,,,,
Immortal,Damned In Black,,,,,,,,,,,,,,,,
Everlast,White Trash Beautiful,,,,,,,,,,,,,,,,
The Allman Brothers Band,Blue Sky,,,,,,,,,,,,,,,,
Explosions In The Sky,From West Texas,,,,,,,,,,,,,,,,
Bonobo,Terrapin (Sonorous Mix),,,,,,,,,,,,,,,,
Kaki King,Jessica,,,,,,,,,,,,,,,,
Placebo,Slackerbitch,,,,,,,,,,,,,,,,
Kyle Jennings,Down The River,,,,,,,,,,,,,,,,
Richard Ashcroft,C'Mon People (We'Re Making It Now),,,,,,,,,,,,,,,,
Judas Priest,Angel,,,,,,,,,,,,,,,,
Dark Tranquillity,Punish My Heaven,,,,,,,,,,,,,,,,
Dark Tranquillity,Damage Done,,,,,,,,,,,,,,,,
John Frusciante,Scratches,,,,,,,,,,,,,,,,
The Pigeon Detectives,Caught In Your Trap,,,,,,,,,,,,,,,,
The Presets,Aeons,,,,,,,,,,,,,,,,
Outkast,B.O.B.,,,,,,,,,,,,,,,,
Natalie Merchant,Carnival,,,,,,,,,,,,,,,,
Westlife,Uptown Girl,,,,,,,,,,,,,,,,
Finntroll,Kyrkovisan,,,,,,,,,,,,,,,,
Blackmore'S Night,Wish You Were Here,,,,,,,,,,,,,,,,
Faith No More,Star A.D.,,,,,,,,,,,,,,,,
Outkast,Rosa Parks,,,,,,,,,,,,,,,,
Tracy Chapman,Telling Stories,,,,,,,,,,,,,,,,
Matchbox Twenty,Cold,,,,,,,,,,,,,,,,
Los Bunkers,Me Muelen A Palos,,,,,,,,,,,,,,,,
Nine Inch Nails,21 Ghosts Iii,,,,,,,,,,,,,,,,
Joe Strummer & The Mescaleros,Mondo Bongo,,,,,,,,,,,,,,,,
Turisas,One More,,,,,,,,,,,,,,,,
Grandaddy,Everything Beautiful Is Far Away,,,,,,,,,,,,,,,,
The Postal Service,We Will Become Silhouettes (Matthew Dear'S Not Scared Mix),,,,,,,,,,,,,,,,
Patti Smith,Break It Up,,,,,,,,,,,,,,,,
Supreme Beings Of Leisure,Under The Gun,,,,,,,,,,,,,,,,
Rachel'S,Moscow Is In The Telephone,,,,,,,,,,,,,,,,
Ok Go,C-C-C-Cinnamon Lips,0.8,0.4,0.6,0.8,0.6,0.4,0.0,0.0,0.0,0.0,0.0,0.0,0.8,0.6,0.6,0.0
Opeth,Face Of Melinda,,,,,,,,,,,,,,,,
Blade Loki,No Pasaran,,,,,,,,,,,,,,,,
Cascada,What Hurts The Most (Radio Edit),,,,,,,,,,,,,,,,
Opeth,Demon Of The Fall (Live At The Roundhouse),,,,,,,,,,,,,,,,
In Flames,Morphing Into Primal,,,,,,,,,,,,,,,,
In Flames,Scorn,,,,,,,,,,,,,,,,
Set Your Goals,Mutiny!,,,,,,,,,,,,,,,,
Alice Cooper,Bed Of Nails,,,,,,,,,,,,,,,,
Chemistry,アシタヘカエル,,,,,,,,,,,,,,,,
Dark Funeral,The Secrets Of The Black Arts,,,,,,,,,,,,,,,,
Assemblage 23,Cocoon,,,,,,,,,,,,,,,,
Morrissey,Boxers,,,,,,,,,,,,,,,,
Manu Chao,Bixo,,,,,,,,,,,,,,,,
Morphine,The Saddest Song,,,,,,,,,,,,,,,,
Ben Folds Five,Smoke,,,,,,,,,,,,,,,,
The Egg,Walking Away (Tocadisco Remix),,,,,,,,,,,,,,,,
Leftfield,Afrika Shox,,,,,,,,,,,,,,,,
Herbert,Movie Star,,,,,,,,,,,,,,,,
X-Ray Spex,Art-I-Ficial,,,,,,,,,,,,,,,,
The Eighties Matchbox B-Line Disaster,Celebrate Your Mother,,,,,,,,,,,,,,,,
Amos Lee,Arms Of A Woman,,,,,,,,,,,,,,,,
Nick Cave & The Bad Seeds,Straight To You,,,,,,,,,,,,,,,,
The Honorary Title,Far More,,,,,,,,,,,,,,,,
Puscifer,Drunk With Power,,,,,,,,,,,,,,,,
Electric Six,I'M The Bomb,,,,,,,,,,,,,,,,
Electric Six,Naked Pictures (Of Your Mother),,,,,,,,,,,,,,,,
Stéphane Pompougnac,Closer To Julie,,,,,,,,,,,,,,,,
Morrissey,Certain People I Know,,,,,,,,,,,,,,,,
Xploding Plastix,Happy Jizz Girls,,,,,,,,,,,,,,,,
Van Halen,It'S About Time,,,,,,,,,,,,,,,,
Broadcast,Arc Of A Journey,,,,,,,,,,,,,,,,
Klaxons,Electrickery,,,,,,,,,,,,,,,,
Alexandre Desplat,Prologue,,,,,,,,,,,,,,,,
The Postal Service,Nothing Better (Styrofoam Remix),,,,,,,,,,,,,,,,
K.D. Lang,Constant Craving,,,,,,,,,,,,,,,,
Fall Out Boy,Homesick At Space Camp,,,,,,,,,,,,,,,,
Nas,One Love,,,,,,,,,,,,,,,,
Mylo,Musclecar Reform Reprise,,,,,,,,,,,,,,,,
Hypocrisy,Dead Sky Dawning,,,,,,,,,,,,,,,,
The Walkmen,Thinking Of A Dream I Had,,,,,,,,,,,,,,,,
Helloween,I Want Out,1.0,1.0,0.0,0.0,1.0,1.0,0.0,0.0,0.0,0.0,0.0,0.0,0.0,0.0,0.8,0.0
The Stooges,Fun House,,,,,,,,,,,,,,,,
Radiohead,You And Whose Army,,,,,,,,,,,,,,,,
The Lightning Seeds,Lucky You,,,,,,,,,,,,,,,,
Death,Painkiller,,,,,,,,,,,,,,,,
Hello Saferide,I Don'T Sleep Well,,,,,,,,,,,,,,,,
Alanis Morissette,Eight Easy Steps,,,,,,,,,,,,,,,,
Judas Priest,You Don'T Have To Be Old To Be Wise,,,,,,,,,,,,,,,,
Antony And The Johnsons,I Fell In Love With A Dead Boy,,,,,,,,,,,,,,,,
Final Fantasy,This Is The Dream Of Win And Regine,,,,,,,,,,,,,,,,
Kmfdm,Juke Joint Jezebel,,,,,,,,,,,,,,,,
A-Ha,Velvet,,,,,,,,,,,,,,,,
Modest Mouse,Make Everyone Happy / Mechanical Birds,,,,,,,,,,,,,,,,
Rock Kills Kid,Hideaway,,,,,,,,,,,,,,,,
Vertical Horizon,Forever,,,,,,,,,,,,,,,,
Pearl Jam,Love Boat Captain,,,,,,,,,,,,,,,,
Dream Theater,Forsaken,1.0,0.8,0.0,0.2,1.0,0.8,0.0,0.6,0.0,0.4,0.0,0.0,0.6,0.6,1.0,0.0
M-Flo,DopemanH (Maboroshi Remix),,,,,,,,,,,,,,,,
Electric Six,Getting Into The Jam,,,,,,,,,,,,,,,,
X-Ray Spex,Warrior In Woolworths,,,,,,,,,,,,,,,,
The Pillows,Subhuman,,,,,,,,,,,,,,,,
The Young Knives,In The Pink,,,,,,,,,,,,,,,,
Miles Davis,Rocker,,,,,,,,,,,,,,,,
Jim Noir,My Patch,,,,,,,,,,,,,,,,
Cannibal Corpse,I Cum Blood,,,,,,,,,,,,,,,,
Bonnie 'Prince' Billy,Even If Love,,,,,,,,,,,,,,,,
Damon Albarn,Closet Romantic,,,,,,,,,,,,,,,,
Weezer,Slob,,,,,,,,,,,,,,,,
Orbital,Halcyon And On And On,,,,,,,,,,,,,,,,
Dan Deacon,Wham City,,,,,,,,,,,,,,,,
Aaliyah,We Need A Resolution,,,,,,,,,,,,,,,,
Bonnie 'Prince' Billy,For Every Field There'S A Mole,,,,,,,,,,,,,,,,
Ghostface Killah,Poisonous Darts,,,,,,,,,,,,,,,,
Richard Ashcroft,Brave New World,,,,,,,,,,,,,,,,
Guns N' Roses,Sweet Child Of Mine,,,,,,,,,,,,,,,,
Nancy Sinatra & Lee Hazlewood,You'Ve Lost That Lovin' Feelin',,,,,,,,,,,,,,,,
Manowar,Swords In The Wind,,,,,,,,,,,,,,,,
Fightstar,Floods,,,,,,,,,,,,,,,,
The Duke Spirit,So Good To Hear,,,,,,,,,,,,,,,,
Fightstar,Hazy Eyes,,,,,,,,,,,,,,,,
Mansun,Fall Out,,,,,,,,,,,,,,,,
Death,Perennial Quest,,,,,,,,,,,,,,,,
Mastodon,Thank You For This,,,,,,,,,,,,,,,,
Red Hot Chili Peppers,Road Trippin,,,,,,,,,,,,,,,,
Mastodon,Oblivion,,,,,,,,,,,,,,,,
Max Richter,Horizon Variations,,,,,,,,,,,,,,,,
Matthew Dear,Give Me More,,,,,,,,,,,,,,,,
Jimi Hendrix,Love Or Confusion,,,,,,,,,,,,,,,,
Constantines,Hotline Operator,,,,,,,,,,,,,,,,
Voxtrot,Long Haul,,,,,,,,,,,,,,,,
The Avalanches,Summer Crane,,,,,,,,,,,,,,,,
Sepultura,Troops Of Doom,,,,,,,,,,,,,,,,
Jack White & Alicia Keys,Another Way To Die,,,,,,,,,,,,,,,,
Broadcast,Ddl,,,,,,,,,,,,,,,,
Electric Light Orchestra Part Ii,Showdown,,,,,,,,,,,,,,,,
The B-52'S,52 Girls,,,,,,,,,,,,,,,,
Mägo De Oz,Requiem,,,,,,,,,,,,,,,,
Sepultura,Kaiowas,,,,,,,,,,,,,,,,
Scouting For Girls,She'S So Lovely,,,,,,,,,,,,,,,,
Helios,Sons Of Light And Darkness,,,,,,,,,,,,,,,,
Chemistry,Now Or Never,,,,,,,,,,,,,,,,
שירי מימון,The Silence That Remains (Israel),,,,,,,,,,,,,,,,
Patrick Wolf,Running Up That Hill,,,,,,,,,,,,,,,,
Antônio Carlos Jobim,The Girl From Ipanema,,,,,,,,,,,,,,,,
Dan Deacon,Snake Mistakes,,,,,,,,,,,,,,,,
Utada,Tippy Toe,,,,,,,,,,,,,,,,
Sentenced,No More Beating As One,,,,,,,,,,,,,,,,
Utada,Let Me Give You My Love,,,,,,,,,,,,,,,,
Fatboy Slim,Brimful Of Asha (Cornershop Fbs Remix),,,,,,,,,,,,,,,,
The Libertines,The Delaney,,,,,,,,,,,,,,,,
The Beatles,Real Love,,,,,,,,,,,,,,,,
Billy Talent,Lies,,,,,,,,,,,,,,,,
Cansei De Ser Sexy,I Fly,,,,,,,,,,,,,,,,
Electrelane,This Deed,,,,,,,,,,,,,,,,
Electrelane,Take The Bit Between Your Teeth,,,,,,,,,,,,,,,,
Sentenced,Mourn,1.0,1.0,0.0,0.0,1.0,1.0,0.0,0.0,0.0,0.0,0.0,0.0,0.0,0.0,1.0,0.0
Os Mutantes,O Relógio,,,,,,,,,,,,,,,,
Metallica,Sabbra Cadabra,,,,,,,,,,,,,,,,
Daniel Johnston,Walking The Cow,,,,,,,,,,,,,,,,
Alanis Morissette,You Owe Me Nothing In Return,,,,,,,,,,,,,,,,
Constantines,Love In Fear,,,,,,,,,,,,,,,,
...And You Will Know Us By The Trail Of Dead,The Best,,,,,,,,,,,,,,,,
Nikki Clan,No Me Digas Que No,,,,,,,,,,,,,,,,
The Magnetic Fields,Too Drunk To Dream,,,,,,,,,,,,,,,,
The Magnetic Fields,Three-Way,,,,,,,,,,,,,,,,
The Magnetic Fields,When My Boy Walks Down The Street,,,,,,,,,,,,,,,,
U2,Hawkmoon 269,,,,,,,,,,,,,,,,
T.A.T.U.,Dangerous And Moving,,,,,,,,,,,,,,,,
The Tough Alliance,Neo Violence,,,,,,,,,,,,,,,,
Ghosts,Stay The Night,,,,,,,,,,,,,,,,
Orchestral Manoeuvres In The Dark,Maid Of Orleans,0.6,0.4,1.0,0.2,0.2,0.0,0.0,0.4,0.0,0.0,0.0,0.0,1.0,0.8,0.4,0.0
Lacuna Coil,Falling Again,,,,,,,,,,,,,,,,
And One,You Don'T Love Me Anymore,,,,,,,,,,,,,,,,
Green Carnation,Maybe?,,,,,,,,,,,,,,,,
Bloc Party,Helicopter (Whitey Version),,,,,,,,,,,,,,,,
Lacuna Coil,Purify,,,,,,,,,,,,,,,,
Cat Power,Enough,,,,,,,,,,,,,,,,
At The Drive-In,Ebroglio,,,,,,,,,,,,,,,,
Team Sleep,Natalie Portman,,,,,,,,,,,,,,,,
These New Puritans,Doppelgänger,,,,,,,,,,,,,,,,
U2,Do You Feel Loved,,,,,,,,,,,,,,,,
Machine Head,Halo,,,,,,,,,,,,,,,,
Dinosaur Jr.,Raisans,,,,,,,,,,,,,,,,
In Flames,Artifacts Of The Black Rain,,,,,,,,,,,,,,,,
Aphex Twin,Logan Rock Witch,,,,,,,,,,,,,,,,
Sebadoh,Skull,,,,,,,,,,,,,,,,
Fear Factory,Slave Labor,,,,,,,,,,,,,,,,
Trentemøller,Always Something Better,,,,,,,,,,,,,,,,
Aphex Twin,Mookid,,,,,,,,,,,,,,,,
Aphex Twin,Btoum-Roumada,,,,,,,,,,,,,,,,
Múm,Schoolsong Misfortune,,,,,,,,,,,,,,,,
Orchestral Manoeuvres In The Dark,Waiting For The Man,,,,,,,,,,,,,,,,
Autechre,Montreal,,,,,,,,,,,,,,,,
Dangerous Muse,Break Up,,,,,,,,,,,,,,,,
Dangerous Muse,Give Me Danger,,,,,,,,,,,,,,,,
Cat Power,Good Clean Fun,,,,,,,,,,,,,,,,
Cass Elliot,Make Your Own Kind Of Music,0.8,0.4,0.0,0.6,0.4,0.0,0.0,0.4,0.8,0.6,0.0,0.0,0.0,0.0,1.0,0.0
The Beatles,Honey Don'T,,,,,,,,,,,,,,,,
Junior Senior,Can I Get Get Get,,,,,,,,,,,,,,,,
Fedo Mora & Camurri,After The Rain,,,,,,,,,,,,,,,,
Bel Canto,The Dinosaur-Slipper-Man,,,,,,,,,,,,,,,,
Freeland,We Want Your Soul,,,,,,,,,,,,,,,,
Amorphis,Crimson Wave,,,,,,,,,,,,,,,,
Nightwish,Two For Tragedy,,,,,,,,,,,,,,,,
Amorphis,Forever More,,,,,,,,,,,,,,,,
Amorphis,Far From The Sun,,,,,,,,,,,,,,,,
Pink Floyd,One Slip,,,,,,,,,,,,,,,,
Iron Maiden,Flash Of The Blade,,,,,,,,,,,,,,,,
Freeland,Mind Killer,,,,,,,,,,,,,,,,
Misfits,Spinal Remains,,,,,,,,,,,,,,,,
The Brian Jonestown Massacre,All Around You (Intro),,,,,,,,,,,,,,,,
Slayer,Bitter Peace,,,,,,,,,,,,,,,,
Curtis Mayfield,Pusherman,,,,,,,,,,,,,,,,
Slagsmålsklubben,Övningsköra,,,,,,,,,,,,,,,,
Bel Canto,Paradise,,,,,,,,,,,,,,,,
Bel Canto,Oyster,,,,,,,,,,,,,,,,
Tenacious D,City Hall,,,,,,,,,,,,,,,,
Ali Project,Yuukyou Seishunka,,,,,,,,,,,,,,,,
Rufus Wainwright,Everybody Knows,,,,,,,,,,,,,,,,
Within Temptation,Candles,,,,,,,,,,,,,,,,
Depeche Mode,Miles Away/The Truth Is,,,,,,,,,,,,,,,,
St. Germain,Land Of...,,,,,,,,,,,,,,,,
Mr. Bungle,Slowly Growing Deaf,,,,,,,,,,,,,,,,
Broken Social Scene,Time = Cause,,,,,,,,,,,,,,,,
Cassius,Rock Number One,,,,,,,,,,,,,,,,
Mae,Soundtrack For Our Movie,,,,,,,,,,,,,,,,
Michael Nyman,The Scent Of Love,,,,,,,,,,,,,,,,
And One,Life To Lose,,,,,,,,,,,,,,,,
Lacuna Coil,To Live Is To Hide,,,,,,,,,,,,,,,,
Live,Sun,,,,,,,,,,,,,,,,
This Will Destroy You,They Move On Tracks Of Never-Ending Light,0.6,0.4,0.0,0.2,1.0,0.6,0.0,0.0,0.0,0.0,0.0,0.0,0.8,0.2,0.6,0.0
Tenacious D,Drive-Thru,,,,,,,,,,,,,,,,
Sum 41,Mr. Amsterdam,,,,,,,,,,,,,,,,
Great Lake Swimmers,Song For The Angels,,,,,,,,,,,,,,,,
Zero 7,Waiting To Die,,,,,,,,,,,,,,,,
Heaven 17,Let Me Go,,,,,,,,,,,,,,,,
Manic Street Preachers,The Girl Who Wanted To Be God,,,,,,,,,,,,,,,,
Sun Kil Moon,Exit Does Not Exist,,,,,,,,,,,,,,,,
The Sounds,Riot,,,,,,,,,,,,,,,,
Sun Kil Moon,Jesus Christ Was An Only Child,,,,,,,,,,,,,,,,
Lacuna Coil,The Prophet Said,,,,,,,,,,,,,,,,
The Specials,Nite Klub,,,,,,,,,,,,,,,,
Sun Kil Moon,Grey Ice Water,,,,,,,,,,,,,,,,
Sugarcult,Pretty Girl (The Way),,,,,,,,,,,,,,,,
Sonic Youth,Purr,,,,,,,,,,,,,,,,
Pet Shop Boys,Luna Park,,,,,,,,,,,,,,,,
Clinic,Distortions,0.6,0.4,0.0,0.2,0.6,0.6,0.0,0.0,0.0,0.0,0.8,0.0,0.4,0.4,0.6,0.0
Just Jack,I Talk Too Much,,,,,,,,,,,,,,,,
The Wrens,She Sends Kisses,,,,,,,,,,,,,,,,
The Killers,Forget About What I Said,0.8,0.6,0.0,0.2,0.6,0.4,0.0,0.8,0.0,0.8,0.0,0.0,0.6,0.4,0.8,0.0
N.W.A,Fuck Tha Police,,,,,,,,,,,,,,,,
The Wrens,This Boy Is Exhausted,,,,,,,,,,,,,,,,
Manic Street Preachers,Little Baby Nothing,,,,,,,,,,,,,,,,
Dir En Grey,Cage,,,,,,,,,,,,,,,,
Autechre,Io,,,,,,,,,,,,,,,,
Dido,Look No Further,,,,,,,,,,,,,,,,
Jean-Jacques Burnel,You Won'T See Me Coming (Tv Size),,,,,,,,,,,,,,,,
Nightmares On Wax,Deepdown,,,,,,,,,,,,,,,,
Justin Timberlake,Chop Me Up,,,,,,,,,,,,,,,,
Apocalyptica,Cortége,,,,,,,,,,,,,,,,
Apocalyptica,Creeping Death,,,,,,,,,,,,,,,,
Mägo De Oz,Noche Toledana,,,,,,,,,,,,,,,,
Lauryn Hill,Can'T Take My Eyes Off Of You,,,,,,,,,,,,,,,,
The Dandy Warhols,Ride,,,,,,,,,,,,,,,,
The Beach Boys,Surfin' U.S.A.,,,,,,,,,,,,,,,,
Anberlin,The Runaways,,,,,,,,,,,,,,,,
Metallica,Purify,,,,,,,,,,,,,,,,
Alanis Morissette,Versions Of Violence,,,,,,,,,,,,,,,,
Metallica,The Unnamed Feeling,,,,,,,,,,,,,,,,
Ferry Corsten,Rock Your Body Rock,,,,,,,,,,,,,,,,
Timbaland,Miscommunication (Feat. Keri Hilson & Sebastian),,,,,,,,,,,,,,,,
Jacques Brel,Ne Me Quitte Pas,,,,,,,,,,,,,,,,
Jethro Tull,My God,,,,,,,,,,,,,,,,
U2,Mofo,,,,,,,,,,,,,,,,
Midlake,You Never Arrived,,,,,,,,,,,,,,,,
Sneaker Pimps,6 Underground (Nellee Hooper Edit),,,,,,,,,,,,,,,,
Christina Aguilera,Back In The Day,,,,,,,,,,,,,,,,
Christina Aguilera,Can'T Hold Us Down,,,,,,,,,,,,,,,,
Backyard Babies,I Love To Roll,,,,,,,,,,,,,,,,
Thurston Moore,The Shape Is In A Trance,0.8,0.6,0.0,0.2,1.0,0.8,0.0,0.0,0.0,0.0,0.0,0.0,0.0,0.0,0.6,0.0
Wilco,Cars Can'T Escape,,,,,,,,,,,,,,,,
Los Bunkers,Llueve Sobre La Ciudad,,,,,,,,,,,,,,,,
Marillion,Hooks In You,,,,,,,,,,,,,,,,
Nine Inch Nails,32 Ghosts Iv,,,,,,,,,,,,,,,,
Animal Collective,Prospect Hummer,,,,,,,,,,,,,,,,
The Streets,Stay Positive,,,,,,,,,,,,,,,,
Yes,Siberian Khatru,,,,,,,,,,,,,,,,
Pearl Jam,Sleight Of Hand,,,,,,,,,,,,,,,,
Gza/Genius,Living In The World Today,,,,,,,,,,,,,,,,
At The Gates,Need,,,,,,,,,,,,,,,,
Robyn,Robotboy,,,,,,,,,,,,,,,,
Morphine,Thursday,,,,,,,,,,,,,,,,
Melanie C,Something'S Gonna Happen,,,,,,,,,,,,,,,,
Lene Marlin,Sitting Down Here,,,,,,,,,,,,,,,,
We Are Scientists,That'S What Counts,,,,,,,,,,,,,,,,
The Hives,Square One Here I Come,,,,,,,,,,,,,,,,
Morphine,All Wrong,,,,,,,,,,,,,,,,
3 Doors Down,The Real Life,,,,,,,,,,,,,,,,
Electric President,Insomnia,,,,,,,,,,,,,,,,
Electric Light Orchestra Part Ii,Can'T Get It Out Of My Head,,,,,,,,,,,,,,,,
Electric Light Orchestra Part Ii,Hold On Tight,,,,,,,,,,,,,,,,
Morcheeba,Moog Island,,,,,,,,,,,,,,,,
Death,Flesh And The Power It Holds,,,,,,,,,,,,,,,,
Robots In Disguise,Mirror Mirror,,,,,,,,,,,,,,,,
The Music,Cessation,,,,,,,,,,,,,,,,
Phoenix,Definitive Breaks,,,,,,,,,,,,,,,,
U2,Acrobat,,,,,,,,,,,,,,,,
The Music,Drugs,,,,,,,,,,,,,,,,
Veruca Salt,Seether,,,,,,,,,,,,,,,,
A-Ha,Lifelines,,,,,,,,,,,,,,,,
Ellen Allien,Ghost Train,,,,,,,,,,,,,,,,
Ellen Allien,Secret,,,,,,,,,,,,,,,,
Fujiya & Miyagi,Uh,,,,,,,,,,,,,,,,
Brian Eno,Sombre Reptiles,,,,,,,,,,,,,,,,
Morrissey,One Day Goodbye Will Be Farewell,,,,,,,,,,,,,,,,
Morrissey,Our Frank,,,,,,,,,,,,,,,,
Ane Brun,Rubber & Soul,,,,,,,,,,,,,,,,
The Mountain Goats,Palmcorder Yajna,,,,,,,,,,,,,,,,
Madonna,Nobody Knows Me,,,,,,,,,,,,,,,,
Crime In Stereo,Compass And Square,,,,,,,,,,,,,,,,
The Rembrandts,I'Ll Be There For You,,,,,,,,,,,,,,,,
The Charlatans,You Cross My Path,,,,,,,,,,,,,,,,
Hooverphonic,Out Of Sight,0.6,0.4,0.4,0.4,0.4,0.2,0.0,0.8,0.0,0.4,0.0,0.0,0.8,0.6,0.6,0.0
Go-Go'S,We Got The Beat,,,,,,,,,,,,,,,,
Reagan Youth,New Aryans,,,,,,,,,,,,,,,,
Slumber,Conflict,,,,,,,,,,,,,,,,
Small Faces,Happiness Stan,,,,,,,,,,,,,,,,
Teenagersintokyo,Death Rides A Horse,,,,,,,,,,,,,,,,
Korn,Reclaim My Place,,,,,,,,,,,,,,,,
Brian Eno,The True Wheel,,,,,,,,,,,,,,,,
Funker Vogt,Under Deck (Beborn Beton Remix),,,,,,,,,,,,,,,,
Red Hot Chili Peppers,Havana Affair,,,,,,,,,,,,,,,,
G-Spot Radio Version,N-R-G,,,,,,,,,,,,,,,,
Marilyn Manson,In The Shadow Of The Valley Of Death,,,,,,,,,,,,,,,,
Creed,What If,,,,,,,,,,,,,,,,
The Delgados,I Fought The Angels,0.6,0.4,0.0,0.4,0.6,0.4,0.0,0.8,0.0,0.6,0.2,0.0,0.4,0.4,0.6,0.0
The Cranberries,Never Grow Old,,,,,,,,,,,,,,,,
Bent,Magic Love,,,,,,,,,,,,,,,,
Elastica,S.O.F.T.,,,,,,,,,,,,,,,,
Elastica,Blue,,,,,,,,,,,,,,,,
The Psychedelic Furs,Dumb Waiters,,,,,,,,,,,,,,,,
Kettcar,Ich Danke Der Academy,,,,,,,,,,,,,,,,
Jarvis Cocker,Big Julie,,,,,,,,,,,,,,,,
Brian Eno & David Byrne,One Fine Day,,,,,,,,,,,,,,,,
Brian Eno & David Byrne,Wanted For Life,,,,,,,,,,,,,,,,
Slipknot,Vendetta,,,,,,,,,,,,,,,,
Fugazi,Give Me The Cure,,,,,,,,,,,,,,,,
鈴村健一,Value,,,,,,,,,,,,,,,,
The Game,Church For Thugs,,,,,,,,,,,,,,,,
Wilco,Sunken Treasure,,,,,,,,,,,,,,,,
Philip Glass,Opening,,,,,,,,,,,,,,,,
The Cardigans,Feathers And Down,,,,,,,,,,,,,,,,
Why?,Gemini (Birthday Song),,,,,,,,,,,,,,,,
Dragonforce,Cry For Eternity,,,,,,,,,,,,,,,,
Spoon,Metal Detektor,,,,,,,,,,,,,,,,
Pidżama Porno,Bułgarskie Centrum Hujozy,,,,,,,,,,,,,,,,
Dragonforce,The Flame Of Youth,1.0,1.0,0.0,0.0,1.0,1.0,0.0,0.0,0.0,0.0,0.0,0.0,0.6,0.6,0.8,0.0
Korpiklaani,Wooden Pints,,,,,,,,,,,,,,,,
Mors Principium Est,The Animal Within,,,,,,,,,,,,,,,,
Cro-Mags,Show You No Mercy,,,,,,,,,,,,,,,,
Cro-Mags,Hard Times,,,,,,,,,,,,,,,,
Peaches,You Love It,,,,,,,,,,,,,,,,
Bel Canto,Blank Sheets,,,,,,,,,,,,,,,,
Pure Reason Revolution,Apprentice Of The Universe,,,,,,,,,,,,,,,,
Pulp,Weeds,,,,,,,,,,,,,,,,
Morrissey,Such A Little Thing Makes Such A Big Difference,,,,,,,,,,,,,,,,
Why?,Sanddollars,,,,,,,,,,,,,,,,
Why?,Simeon'S Dilemma,,,,,,,,,,,,,,,,
Social Distortion,Story Of My Life,,,,,,,,,,,,,,,,
King Crimson,Matte Kudasai,,,,,,,,,,,,,,,,
Amy Winehouse,Will You Still Love Me Tomorrow,,,,,,,,,,,,,,,,
Kim Sozzi,Feel Your Love (Original Extended),,,,,,,,,,,,,,,,
Guillemots,Kriss Kross,,,,,,,,,,,,,,,,
Depeche Mode,Freestate,,,,,,,,,,,,,,,,
Kraftwerk,Dentaku,,,,,,,,,,,,,,,,
Kraftwerk,Aero Dynamik,,,,,,,,,,,,,,,,
Björk,Big Time Sensuality (The Fluke Minimix),,,,,,,,,,,,,,,,
The Decemberists,A Bower Scene,,,,,,,,,,,,,,,,
Anna Nalick,Breathe,,,,,,,,,,,,,,,,
Indochine,Stef Ii,,,,,,,,,,,,,,,,
The Hives,Inspection Wise 1999,,,,,,,,,,,,,,,,
The Flaming Lips,It Overtakes Me/The Stars Are So Big... I Am So Small... Do I Stand A Chance?,,,,,,,,,,,,,,,,
Death Cab For Cutie,Tv Trays,,,,,,,,,,,,,,,,
Razor,Evil Invaders,,,,,,,,,,,,,,,,
Aberdeen City,Another Seven Years,,,,,,,,,,,,,,,,
Jason Mraz,O. Lover,,,,,,,,,,,,,,,,
M. Ward,Hi-Fi,,,,,,,,,,,,,,,,
+44,155,,,,,,,,,,,,,,,,
M. Ward,I'Ll Be Yr Bird,,,,,,,,,,,,,,,,
Elliott Smith,Placeholder,,,,,,,,,,,,,,,,
Ac/Dc,Bad Boy Boogie,,,,,,,,,,,,,,,,
Bob Marley,Mellow Mood,,,,,,,,,,,,,,,,
Depeche Mode,Everything Counts (Live),,,,,,,,,,,,,,,,
Ugly Kid Joe,Cats In The Cradle,0.8,0.6,0.0,0.4,0.8,0.8,0.2,0.0,0.0,0.0,0.0,0.0,0.0,0.0,0.8,0.0
Spın̈Al Tap,Big Bottom,,,,,,,,,,,,,,,,
The Cribs,It Was Only Love,,,,,,,,,,,,,,,,
Joe Satriani,Redshift Riders,,,,,,,,,,,,,,,,
Leaves' Eyes,Lovelorn,,,,,,,,,,,,,,,,
65Daysofstatic,Primer,,,,,,,,,,,,,,,,
The Cribs,The Wrong Way To Be,,,,,,,,,,,,,,,,
Eluvium,The Well-Meaning Professor,,,,,,,,,,,,,,,,
Tori Amos,The Wrong Band,,,,,,,,,,,,,,,,
The Jackson 5,The Love You Save,,,,,,,,,,,,,,,,
Alphaville,Dance With Me,,,,,,,,,,,,,,,,
Pale Saints,Throwing Back The Apple,,,,,,,,,,,,,,,,
Inxs,Don'T Change,,,,,,,,,,,,,,,,
Alex Gaudino,Destination Unknown,,,,,,,,,,,,,,,,
Queensrÿche,The Needle Lies,,,,,,,,,,,,,,,,
Black Flag,Forever Time,,,,,,,,,,,,,,,,
Pearl Jam,Smile,,,,,,,,,,,,,,,,
Pantera,Cat Scratch Fever,,,,,,,,,,,,,,,,
Pantera,13 Steps To Nowhere,,,,,,,,,,,,,,,,
The Chemical Brothers,Denmark,,,,,,,,,,,,,,,,
Mclusky,Day Of The Deadringers,,,,,,,,,,,,,,,,
After Forever,Silence From Afar,,,,,,,,,,,,,,,,
Mclusky,No New Wave No Fun,,,,,,,,,,,,,,,,
Pinback,This Red Book,,,,,,,,,,,,,,,,
Johnny Cash,I'M So Lonesome I Could Cry,,,,,,,,,,,,,,,,
Johnny Cash,If You Could Read My Mind,,,,,,,,,,,,,,,,
Johnny Cash,It Ain'T Me Babe,,,,,,,,,,,,,,,,
Amorphis,The Night Is Over,,,,,,,,,,,,,,,,
Kraftwerk,Trans-Europe Express,,,,,,,,,,,,,,,,
Kraftwerk,Tour De France Étape 1,,,,,,,,,,,,,,,,
Kent,Elvis,,,,,,,,,,,,,,,,
Pavement,Hit The Plane Down,,,,,,,,,,,,,,,,
Kraftwerk,Kometenmelodie 1,,,,,,,,,,,,,,,,
Blur,Jubilee,,,,,,,,,,,,,,,,
Cocteau Twins,Pandora,,,,,,,,,,,,,,,,
Elliott Smith,The Enemy Is You,,,,,,,,,,,,,,,,
Amorphis,Rusty Moon,,,,,,,,,,,,,,,,
Bauhaus,In Fear Of Fear,,,,,,,,,,,,,,,,
Front 242,Im Rhythmus Bleiben,,,,,,,,,,,,,,,,
Sleater-Kinney,I Wanna Be Your Joey Ramone,,,,,,,,,,,,,,,,
Armor For Sleep,Dream To Make Believe,,,,,,,,,,,,,,,,
Tori Amos,She'S Your Cocaine,,,,,,,,,,,,,,,,
Johnny Cash,So Doggone Lonesome,,,,,,,,,,,,,,,,
Bright Eyes,I Watched You Taking Off,,,,,,,,,,,,,,,,
Elvis Presley,Too Much,,,,,,,,,,,,,,,,
Ac/Dc,If You Want Blood (You'Ve Got It),,,,,,,,,,,,,,,,
Tiësto,Break My Fall,,,,,,,,,,,,,,,,
Rob Zombie,Dragula (Hot Rod Herman Remix),,,,,,,,,,,,,,,,
Robbie Williams,Beyond The Sea,,,,,,,,,,,,,,,,
Montefiori Cocktail,Gipsy Woman,,,,,,,,,,,,,,,,
Sparks,La Dolce Vita,,,,,,,,,,,,,,,,
The Rolling Stones,Good Times,,,,,,,,,,,,,,,,
Sparks,Here In Heaven,,,,,,,,,,,,,,,,
Blake Lewis,How Many Words,,,,,,,,,,,,,,,,
Telefon Tel Aviv,Your Face Reminds Me Of When I Was Old,,,,,,,,,,,,,,,,
Pain Of Salvation,Of Two Beginnings,,,,,,,,,,,,,,,,
Frightened Rabbit,Head Rolls Off,,,,,,,,,,,,,,,,
Pink Floyd,Crying Song,,,,,,,,,,,,,,,,
Jarvis Cocker,From A To I,,,,,,,,,,,,,,,,
Ultra Naté,Automatic (Discode Mix),,,,,,,,,,,,,,,,
All That Remains,Not Alone,,,,,,,,,,,,,,,,
The Gathering,Kevin'S Telescope,,,,,,,,,,,,,,,,
Queensrÿche,Operation: Mindcrime,,,,,,,,,,,,,,,,
Joe Satriani,Made Of Tears,,,,,,,,,,,,,,,,
Gym Class Heroes,The Queen And I,,,,,,,,,,,,,,,,
Eluvium,Requiem On Frankfort Ave.,,,,,,,,,,,,,,,,
The Crystal Method,Comin' Back,,,,,,,,,,,,,,,,
Yann Tiersen,Bagatelle,,,,,,,,,,,,,,,,
Telefon Tel Aviv,I Lied,,,,,,,,,,,,,,,,
Ulrich Schnauss,Molfsee,,,,,,,,,,,,,,,,
Cake,Short Skirt/Long Jacket,,,,,,,,,,,,,,,,
Nightwish,Tutankhamen,,,,,,,,,,,,,,,,
Guillemots,Made Up Lovesong #43,,,,,,,,,,,,,,,,
Rob Thomas,Problem Girl,,,,,,,,,,,,,,,,
Yellowcard,Five Becomes Four,,,,,,,,,,,,,,,,
Halifax,Broken Glass Syndrome,,,,,,,,,,,,,,,,
Kelly Rowland,Can'T Nobody,,,,,,,,,,,,,,,,
Rob Zombie,Blitzkrieg Bop,,,,,,,,,,,,,,,,
Mae,The Ocean,,,,,,,,,,,,,,,,
Ac/Dc,Stormy May Day,,,,,,,,,,,,,,,,
Alphaville,The Jet Set,,,,,,,,,,,,,,,,
Johnny Foreigner,Hennings Favourite,,,,,,,,,,,,,,,,
Johnny Cash & June Carter,Jackson,,,,,,,,,,,,,,,,
Calexico,Lucky Dime,,,,,,,,,,,,,,,,
Slayer,Expendable Youth,,,,,,,,,,,,,,,,
This Will Destroy You,The Mighty Rio Grande,,,,,,,,,,,,,,,,
Ultravox,New Europeans,,,,,,,,,,,,,,,,
Sparklehorse,Apple Bed,,,,,,,,,,,,,,,,
Bel Canto,Rush,,,,,,,,,,,,,,,,
Freestylers,In Love With You,,,,,,,,,,,,,,,,
The Prodigy,The Heat (The Energy),,,,,,,,,,,,,,,,
Embrace,Wish 'Em All Away,,,,,,,,,,,,,,,,
Lush,De-Luxe,,,,,,,,,,,,,,,,
Venetian Snares,Hiszékeny,,,,,,,,,,,,,,,,
Ruki Na Odeyalo,Hills And,,,,,,,,,,,,,,,,
Anna Ternheim,My Secret,,,,,,,,,,,,,,,,
Depeche Mode,Lie To Me,,,,,,,,,,,,,,,,
Yellowcard,Sure Thing Falling,,,,,,,,,,,,,,,,
Infadels,Can'T Get Enough,,,,,,,,,,,,,,,,
De La Soul,Intro,,,,,,,,,,,,,,,,
Tenacious D,Car Chase City,,,,,,,,,,,,,,,,
Velvet Revolver,You Got No Right,,,,,,,,,,,,,,,,
Russian Circles,New Macabre,,,,,,,,,,,,,,,,
Chuck Berry,Maybellene,,,,,,,,,,,,,,,,
David Guetta,Tomorow Can Wait (Radio Edit),,,,,,,,,,,,,,,,
Skinny Puppy,Vx Gas Attack,,,,,,,,,,,,,,,,
Jay-Z,Dirt Off Your Shoulder,,,,,,,,,,,,,,,,
Atlas Sound,Bite Marks,,,,,,,,,,,,,,,,
Stabbing Westward,Haunting Me,,,,,,,,,,,,,,,,
Therapy?,Diane,,,,,,,,,,,,,,,,
Michael Bublé,Lost,,,,,,,,,,,,,,,,
Hot Snakes,Suicide Invoice,,,,,,,,,,,,,,,,
Wednesday 13,Bad Things,,,,,,,,,,,,,,,,
Black Label Society,Suicide Messiah,,,,,,,,,,,,,,,,
The Rolling Stones,Parachute Woman,,,,,,,,,,,,,,,,
Madness,Shut Up,,,,,,,,,,,,,,,,
Ulver,The Future Sound Of Music,,,,,,,,,,,,,,,,
Johnossi,Glory Days To Come,,,,,,,,,,,,,,,,
Yellow Generation,Tobira No Mukou He,,,,,,,,,,,,,,,,
Testament,D.N.R. (Do Not Resuscitate),,,,,,,,,,,,,,,,
Black Sabbath,The Mob Rules,,,,,,,,,,,,,,,,
Cocteau Twins,Bluebeard,,,,,,,,,,,,,,,,
Beck,1000Bpm,0.6,0.8,1.0,0.4,0.6,0.8,0.0,0.0,0.0,0.0,0.0,0.0,1.0,1.0,0.4,0.0
Emilíana Torrini,Tuna Fish,,,,,,,,,,,,,,,,
Annie,Greatest Hit,,,,,,,,,,,,,,,,
Madvillain,Shadows Of Tomorrow (Feat. Lord Quas),,,,,,,,,,,,,,,,
Rush,Between The Wheels,,,,,,,,,,,,,,,,
Marilyn Manson,The Bright Young Things,,,,,,,,,,,,,,,,
Emilíana Torrini,Next Time Around,,,,,,,,,,,,,,,,
The Dead Milkmen,Dean'S Dream,,,,,,,,,,,,,,,,
Death In Vegas,Aisha,,,,,,,,,,,,,,,,
Efterklang,Foetus,,,,,,,,,,,,,,,,
The Hours,Ali In The Jungle,0.8,0.6,0.0,0.2,0.8,0.4,0.0,0.0,0.0,0.6,0.0,0.0,0.2,0.2,0.6,0.0
Duels,Potential Futures,,,,,,,,,,,,,,,,
Coldplay,Lost,,,,,,,,,,,,,,,,
Dope Stars Inc.,Lost,,,,,,,,,,,,,,,,
Stam1Na,Peto Rakasti Sinua,,,,,,,,,,,,,,,,
Efterklang,Swarming,,,,,,,,,,,,,,,,
David Gilmour,The Blue,,,,,,,,,,,,,,,,
Lamb Of God,Vigil,,,,,,,,,,,,,,,,
David Gilmour,Castellorizon,,,,,,,,,,,,,,,,
Skalpel,1958,,,,,,,,,,,,,,,,
Bad Religion,Sorrow,,,,,,,,,,,,,,,,
Skid Row,Big Guns,,,,,,,,,,,,,,,,
Skinny Puppy,Rash Reflection,,,,,,,,,,,,,,,,
Chikinki,Ether Radio,,,,,,,,,,,,,,,,
Death From Above 1979,Romantic Rights (Dahlback Remix),,,,,,,,,,,,,,,,
Afi,Wester,,,,,,,,,,,,,,,,
Keane,Love Is The End,,,,,,,,,,,,,,,,
David Gilmour,Take A Breath,,,,,,,,,,,,,,,,
Bel Canto,Without You,,,,,,,,,,,,,,,,
Rush,War Paint,,,,,,,,,,,,,,,,
The Gathering,Sand And Mercury,,,,,,,,,,,,,,,,
Hallucinogen,Demention,,,,,,,,,,,,,,,,
Belanova,Por Ti,,,,,,,,,,,,,,,,
Bel Canto,White-Out Conditions,,,,,,,,,,,,,,,,
Belanova,Niño,,,,,,,,,,,,,,,,
The Hives,The Hives - Introduce The Metric System In Time,,,,,,,,,,,,,,,,
Riverside,Through The Other Side,,,,,,,,,,,,,,,,
Soilwork,Centro De Predominio,,,,,,,,,,,,,,,,
Eels,That'S Not Really Funny,,,,,,,,,,,,,,,,
Siouxsie And The Banshees,Helter Skelter,,,,,,,,,,,,,,,,
Him,Dead Lovers' Lane,,,,,,,,,,,,,,,,
Mirah,Promise To Me,,,,,,,,,,,,,,,,
Enigma,From East To West,,,,,,,,,,,,,,,,
Ensiferum,Eternal Wait,,,,,,,,,,,,,,,,
Iron Maiden,Sun And Steel,,,,,,,,,,,,,,,,
Enigma,The Eyes Of Truth,,,,,,,,,,,,,,,,
Enigma,The Child In Us,,,,,,,,,,,,,,,,
Enigma,Look Of Today,,,,,,,,,,,,,,,,
The Boy Least Likely To,God Takes Care Of The Little Things,,,,,,,,,,,,,,,,
The Books,That Right Ain'T Shit,,,,,,,,,,,,,,,,
Mucc,Sugao,,,,,,,,,,,,,,,,
Rza,Ode To Oren Ishii,,,,,,,,,,,,,,,,
Jolie Holland,Mexican Blue,,,,,,,,,,,,,,,,
Amon Tobin,Saboteur,,,,,,,,,,,,,,,,
1990S,You'Re Supposed To Be My Friend,,,,,,,,,,,,,,,,
Starsailor,In The Crossfire,,,,,,,,,,,,,,,,
Atmosphere,History,,,,,,,,,,,,,,,,
Atmosphere,Modern Man'S Hustle,,,,,,,,,,,,,,,,
Mirah,Sweepstakes Prize,,,,,,,,,,,,,,,,
System F,Spread Your Wings,,,,,,,,,,,,,,,,
Afi,No Poetic Device,,,,,,,,,,,,,,,,
Blur,Chemical World,,,,,,,,,,,,,,,,
Enigma,Incognito,,,,,,,,,,,,,,,,
Uncle Tupelo,New Madrid,,,,,,,,,,,,,,,,
Pink Martini,Brazil,,,,,,,,,,,,,,,,
Neu!,Hallogallo,,,,,,,,,,,,,,,,
Nerina Pallot,Everybody'S Gone To War,,,,,,,,,,,,,,,,
The Gathering,These Good People,,,,,,,,,,,,,,,,
Aesthetic Perfection,The Siren,,,,,,,,,,,,,,,,
Enter Shikari,Labyrinth,,,,,,,,,,,,,,,,
Handsome Boy Modeling School,Modeling Sucks,,,,,,,,,,,,,,,,
Vivian Girls,No,,,,,,,,,,,,,,,,
Good Charlotte,Predictable,,,,,,,,,,,,,,,,
Mokoma,Punainen Kukko,,,,,,,,,,,,,,,,
Good Charlotte,Where Would We Be Now,,,,,,,,,,,,,,,,
Mokoma,Silmäterä,,,,,,,,,,,,,,,,
The Cinematic Orchestra,All Things,,,,,,,,,,,,,,,,
Cradle Of Filth,Coffin Fodder,,,,,,,,,,,,,,,,
Cradle Of Filth,No Time To Cry,1.0,1.0,0.0,0.2,1.0,1.0,0.0,0.8,0.0,0.0,0.6,0.0,0.6,0.6,1.0,0.0
Cradle Of Filth,Nemesis,,,,,,,,,,,,,,,,
Eels,Grace Kelly Blues,,,,,,,,,,,,,,,,
Glass Candy,Life After Sundown,,,,,,,,,,,,,,,,
Gomez,Silence,,,,,,,,,,,,,,,,
Good Charlotte,Break Apart Her Heart,,,,,,,,,,,,,,,,
Beck,Dead Melodies,,,,,,,,,,,,,,,,
Good Shoes,Nazanin,,,,,,,,,,,,,,,,
David Bowie,Strangers When We Meet,,,,,,,,,,,,,,,,
The Distillers,Dismantle Me,,,,,,,,,,,,,,,,
Lotus Plaza,Sunday Night In Atlanta,,,,,,,,,,,,,,,,
The Jesus And Mary Chain,Happy Place (John Peel Session),,,,,,,,,,,,,,,,
Bettye Lavette,Down To Zero,,,,,,,,,,,,,,,,
Ciara,Make It Last Forever,0.4,0.2,0.8,0.4,0.0,0.0,0.0,0.0,0.0,0.0,0.0,0.0,0.6,0.6,0.6,0.0
Iron Maiden,New Frontier,,,,,,,,,,,,,,,,
Badly Drawn Boy,Rachel'S Flat,,,,,,,,,,,,,,,,
Cibo Matto,Spoon,,,,,,,,,,,,,,,,
Enrique Iglesias,Do You Know (The Ping Pong Song) (Ralphi Rosario And Craig Cjs Radio Edit),,,,,,,,,,,,,,,,
The Get Up Kids,Overdue,,,,,,,,,,,,,,,,
Howard Shore,The Treason Of Isengard,,,,,,,,,,,,,,,,
All Saints,Rock Steady (Mstrkrft Edition),,,,,,,,,,,,,,,,
Kiss,Heaven'S On Fire,,,,,,,,,,,,,,,,
Chris Vrenna,Time To Die,,,,,,,,,,,,,,,,
Peter Gabriel,Red Rain,,,,,,,,,,,,,,,,
The Books,An Animated Description Of Mr. Maps.,0.0,0.0,1.0,0.4,0.0,0.0,0.0,0.2,0.0,0.0,0.0,0.0,0.6,0.4,0.2,0.0
Dntel,(This Is) The Dream Of Evan And Chan,,,,,,,,,,,,,,,,
Sade,Jezebel,,,,,,,,,,,,,,,,
Nelly Furtado,Legend,,,,,,,,,,,,,,,,
Cypress Hill,Hits From The Bong,,,,,,,,,,,,,,,,
Amon Tobin,Kokubo Sosho Stealth,,,,,,,,,,,,,,,,
Tindersticks,Another Night In,,,,,,,,,,,,,,,,
Soilwork,Grand Failure Anthem,,,,,,,,,,,,,,,,
Soilwork,Sadistic Lullabye,,,,,,,,,,,,,,,,
Soilwork,Like The Average Stalker,,,,,,,,,,,,,,,,
State Radio,Camilo,,,,,,,,,,,,,,,,
Desaparecidos,Hole In One,,,,,,,,,,,,,,,,
Good Shoes,May Lannoye,,,,,,,,,,,,,,,,
Goodbooks,The Illness,,,,,,,,,,,,,,,,
Jens Lekman,Sky Phenomenon,,,,,,,,,,,,,,,,
Desaparecidos,Greater Omaha,1.0,1.0,0.0,0.0,1.0,1.0,0.0,0.0,0.0,0.0,0.0,0.0,0.0,0.0,1.0,0.0
Jenny Owen Youngs,P.S.,,,,,,,,,,,,,,,,
Basshunter,Dota,,,,,,,,,,,,,,,,
Him,Love In Cold Blood,,,,,,,,,,,,,,,,
Simply Red,Sunrise,,,,,,,,,,,,,,,,
Arcturus,La Masquerade Infernale,,,,,,,,,,,,,,,,
Status Quo,Pictures Of Matchstick Men,,,,,,,,,,,,,,,,
Don Johnson Big Band,Busy Relaxin',,,,,,,,,,,,,,,,
Static-X,I'M With Stupid,,,,,,,,,,,,,,,,
Dolores O'Riordan,When We Were Young,,,,,,,,,,,,,,,,
Enya,Someone Said Goodbye,,,,,,,,,,,,,,,,
Destroyer,Painter In Your Pocket,,,,,,,,,,,,,,,,
Erasure,Blue Savannah,,,,,,,,,,,,,,,,
Aimee Mann,Calling It Quits,,,,,,,,,,,,,,,,
Joan As Police Woman,Feed The Light,,,,,,,,,,,,,,,,
Beck,Lazy Flies,,,,,,,,,,,,,,,,
Behemoth,Demigod,,,,,,,,,,,,,,,,
Mark Ronson,Oh My God,,,,,,,,,,,,,,,,
Soilwork,Skin After Skin,,,,,,,,,,,,,,,,
Guns N' Bombs,Nothing Is Getting Us Anywhere,,,,,,,,,,,,,,,,
Joakim,I Wish You Were Gone,,,,,,,,,,,,,,,,
Girls Aloud,Life Got Cold,,,,,,,,,,,,,,,,
Afi,Catch A Hot One,,,,,,,,,,,,,,,,
Archive,Goodbye,0.6,0.4,0.6,0.2,0.6,0.6,0.0,0.6,0.0,0.6,0.0,0.0,0.8,0.6,0.6,0.0
Iron Maiden,The Loneliness Of The Long Distance Runner,,,,,,,,,,,,,,,,
Malajube,La Monogamie,,,,,,,,,,,,,,,,
The Blood Brothers,Six Nightmares At The Pinball Masquerade,,,,,,,,,,,,,,,,
Janet Jackson,Rock With U,,,,,,,,,,,,,,,,
Janis Joplin,Try (Just A Little Bit Harder),,,,,,,,,,,,,,,,
Kate Havnevik,Grace,,,,,,,,,,,,,,,,
Kate Nash,Foundations (Metronomy Remix),,,,,,,,,,,,,,,,
Black Lips,Lock And Key,,,,,,,,,,,,,,,,
David Bowie,Look Back In Anger,1.0,0.6,0.0,0.2,0.8,0.6,0.0,0.0,0.0,0.0,0.0,0.0,0.6,0.6,0.8,0.0
A Silver Mt. Zion,Sit In The Middle Of Three Galloping Dogs,,,,,,,,,,,,,,,,
Decoration,I Just Froze,,,,,,,,,,,,,,,,
Boris,Blackout,,,,,,,,,,,,,,,,
Stephen Malkmus,Discretion Grove,,,,,,,,,,,,,,,,
Swod,Attends,,,,,,,,,,,,,,,,
Stephen Fretwell,Emily,,,,,,,,,,,,,,,,
Stephen Malkmus,Pencil Rot,,,,,,,,,,,,,,,,
Circa Survive,Holding Someone'S Hair Back,,,,,,,,,,,,,,,,
Basshunter,Patrik Och Lillen - Vifta Med Händerna,,,,,,,,,,,,,,,,
Aimee Mann,Dear John,,,,,,,,,,,,,,,,
The Velvet Underground,Chelsea Girls,,,,,,,,,,,,,,,,
Silverchair,Slave,,,,,,,,,,,,,,,,
Silverchair,Straight Lines,,,,,,,,,,,,,,,,
Forgotten Boys,I Wanna Live Until I Die,,,,,,,,,,,,,,,,
Basement Jaxx,Run 4 Cover,,,,,,,,,,,,,,,,
D'Nash,I Love You Mi Vida (Spain),,,,,,,,,,,,,,,,
Deus,The Architect,,,,,,,,,,,,,,,,
Forgotten Boys,R'N'R Band,,,,,,,,,,,,,,,,
Moby,Love Should,,,,,,,,,,,,,,,,
Papa Roach,Sometimes,,,,,,,,,,,,,,,,
Rinaldi Sings,Come Fly With Me,,,,,,,,,,,,,,,,
Rise Against,Like The Angel,,,,,,,,,,,,,,,,
Mokoma,Uni Saa Tulla,,,,,,,,,,,,,,,,
R.E.M.,I Took Your Name,,,,,,,,,,,,,,,,
Municipal Waste,Guilty Of Being Tight,,,,,,,,,,,,,,,,
Underworld,Beautiful Burnout,,,,,,,,,,,,,,,,
Nellie Mckay,Waiter,,,,,,,,,,,,,,,,
Iggy Pop,Baby,,,,,,,,,,,,,,,,
Hank Williams Iii,One Horse Town,,,,,,,,,,,,,,,,
Neko Case,Tightly,,,,,,,,,,,,,,,,
Devendra Banhart,I Do Dig A Certain Girl,,,,,,,,,,,,,,,,
Combichrist,Turmoil,,,,,,,,,,,,,,,,
Hank Williams Iii,Lovin' & Huggin',,,,,,,,,,,,,,,,
Coldplay,Postcards From Far Away,,,,,,,,,,,,,,,,
Sam Sparro,Cottonmouth,,,,,,,,,,,,,,,,
The Black Keys,Goodbye Babylon,,,,,,,,,,,,,,,,
Vast,Be With Me,,,,,,,,,,,,,,,,
Iggy Pop,Tonight,,,,,,,,,,,,,,,,
Dethklok,Awaken,,,,,,,,,,,,,,,,
Taking Back Sunday,The Blue Channel,,,,,,,,,,,,,,,,
Soulwax,E Talking (Tiga'S Disco Drama Remix),,,,,,,,,,,,,,,,
Pelican,Sirius,,,,,,,,,,,,,,,,
The 69 Eyes,Star Of Fate,,,,,,,,,,,,,,,,
Kasabian,Empire (Single Edit),,,,,,,,,,,,,,,,
Minus The Bear,Burying Luck,,,,,,,,,,,,,,,,
A Place To Bury Strangers,Breathe,,,,,,,,,,,,,,,,
Pati Yang,19:53 North West,,,,,,,,,,,,,,,,
Amon Amarth,Valhall Awaits Me,,,,,,,,,,,,,,,,
For My Pain...,Killing Romance,,,,,,,,,,,,,,,,
Cake,Open Book,,,,,,,,,,,,,,,,
The Waitresses,Christmas Wrapping,,,,,,,,,,,,,,,,
Cake,Race Car Ya-Yas,,,,,,,,,,,,,,,,
Air,All I Need (Feat. Beth Hirsch),,,,,,,,,,,,,,,,
The Future Sound Of London,Her Face Forms In Summertime,,,,,,,,,,,,,,,,
Jeff Buckley,Vancouver,,,,,,,,,,,,,,,,
Chevelle,Point #1,,,,,,,,,,,,,,,,
Passion Pit,I'Ve Got Your Number,,,,,,,,,,,,,,,,
Belle And Sebastian,A Century Of Fakers,,,,,,,,,,,,,,,,
The Who,Tattoo,,,,,,,,,,,,,,,,
Nellie Mckay,There You Are In Me,,,,,,,,,,,,,,,,
Lcd Soundsystem,New York I Love You,,,,,,,,,,,,,,,,
The Faint,Dust,,,,,,,,,,,,,,,,
Lcd Soundsystem,Tired,,,,,,,,,,,,,,,,
Lao Che,Bóg Zapłać,,,,,,,,,,,,,,,,
Eric Clapton,Knockin' On Heaven'S Door,,,,,,,,,,,,,,,,
David Bowie,After All,,,,,,,,,,,,,,,,
Live,Feel The Quiet River Rage,,,,,,,,,,,,,,,,
Aimee Mann,Nothing Is Good Enough,,,,,,,,,,,,,,,,
Ramones,Listen To My Heart,,,,,,,,,,,,,,,,
Marilyn Manson,Burning Flag,,,,,,,,,,,,,,,,
Erykah Badu,Rimshot (Intro),,,,,,,,,,,,,,,,
Dave Matthews Band,Rapunzel,,,,,,,,,,,,,,,,
Pixies,Motorway To Roswell,,,,,,,,,,,,,,,,
Esbjörn Svensson Trio,The Well-Wisher,,,,,,,,,,,,,,,,
Dave Matthews Band,So Much To Say,,,,,,,,,,,,,,,,
Sara Bareilles,Vegas,,,,,,,,,,,,,,,,
Loreena Mckennitt,Samain Night,,,,,,,,,,,,,,,,
Erykah Badu,Amerykahn Promise,,,,,,,,,,,,,,,,
Genesis,Duchess,,,,,,,,,,,,,,,,
Nicole,Veneno,,,,,,,,,,,,,,,,
Blink-182,Josie,,,,,,,,,,,,,,,,
The Twang,Wide Awake,,,,,,,,,,,,,,,,
Ed Harcourt,Let Love Not Weigh Me Down,,,,,,,,,,,,,,,,
Blink-182,Everytime I Look For You,,,,,,,,,,,,,,,,
Arch Enemy,I Will Live Again,,,,,,,,,,,,,,,,
Vnv Nation,Entropy,,,,,,,,,,,,,,,,
Gorillaz,Highway (Under Construction),,,,,,,,,,,,,,,,
Ramones,I Wanna Be Well,,,,,,,,,,,,,,,,
Travis,Dear Diary,,,,,,,,,,,,,,,,
Devendra Banhart,This Beard Is For Siobhan,,,,,,,,,,,,,,,,
Woven Hand,Swedish Purse,,,,,,,,,,,,,,,,
The Used,Find A Way,,,,,,,,,,,,,,,,
Maps,Elouise,,,,,,,,,,,,,,,,
Metronomy,Nights Intro,,,,,,,,,,,,,,,,
Muse,Ashamed,,,,,,,,,,,,,,,,
The Offspring,Can'T Repeat,,,,,,,,,,,,,,,,
Muscles,One Inch Badge Pin,,,,,,,,,,,,,,,,
Errors,Crew Cut,,,,,,,,,,,,,,,,
Gossip,Eyes Open,,,,,,,,,,,,,,,,
Primal Scream,Trainspotting,,,,,,,,,,,,,,,,
The Birthday Massacre,Science,,,,,,,,,,,,,,,,
Daedelus,Fair Weather Friends,,,,,,,,,,,,,,,,
Vanessa Hudgens,Say Ok,,,,,,,,,,,,,,,,
Zwan,El Sol,,,,,,,,,,,,,,,,
Daughtry,Crashed,,,,,,,,,,,,,,,,
Penguin Cafe Orchestra,Perpetuum Mobile,,,,,,,,,,,,,,,,
The Zutons,Oh Stacey (Look What You'Ve Done!),,,,,,,,,,,,,,,,
Modest Mouse,Dirty Fingernails,,,,,,,,,,,,,,,,
Deftones,Rickets,,,,,,,,,,,,,,,,
Marilyn Manson,Godeatgod,,,,,,,,,,,,,,,,
Pet Shop Boys,Vulnerable,,,,,,,,,,,,,,,,
John Legend,Slow Dance,,,,,,,,,,,,,,,,
Of Montreal,St. Exquisite'S Confessions,,,,,,,,,,,,,,,,
Of Montreal,Du Og Meg,,,,,,,,,,,,,,,,
Shuggie Otis,Strawberry Letter 23,,,,,,,,,,,,,,,,
Sara Bareilles,Morningside,,,,,,,,,,,,,,,,
Anathema,Destiny Is Dead,,,,,,,,,,,,,,,,
No Age,Miner,,,,,,,,,,,,,,,,
Between The Buried And Me,Informal Gluttony,,,,,,,,,,,,,,,,
Guns N' Roses,Buick Makane (Big Dumb Sex),,,,,,,,,,,,,,,,
Isobel Campbell & Mark Lanegan,Ballad Of The Broken Seas,,,,,,,,,,,,,,,,
Yann Tiersen,Le Matin,,,,,,,,,,,,,,,,
The Birthday Massacre,Violet,,,,,,,,,,,,,,,,
Nouvelle Vague,Marianne,,,,,,,,,,,,,,,,
Paul Mccartney,Vanilla Sky,,,,,,,,,,,,,,,,
Dave Matthews Band,Angel,,,,,,,,,,,,,,,,
Da Buzz,Alive (Radio Edit),,,,,,,,,,,,,,,,
Joseph Arthur,Echo Park,,,,,,,,,,,,,,,,
Prince,I Could Never Take The Place Of Your Man,,,,,,,,,,,,,,,,
Strapping Young Lad,Aftermath,,,,,,,,,,,,,,,,
The Warlocks,Come Save Us,,,,,,,,,,,,,,,,
The Hold Steady,Navy Sheets,,,,,,,,,,,,,,,,
Strapping Young Lad,We Ride,,,,,,,,,,,,,,,,
Eurythmics,Missionary Man,,,,,,,,,,,,,,,,
Kt Tunstall,If Only,,,,,,,,,,,,,,,,
The Album Leaf,The Light,,,,,,,,,,,,,,,,
Neil Young,Comes A Time,,,,,,,,,,,,,,,,
The Sisters Of Mercy,Possession,,,,,,,,,,,,,,,,
Flight Of The Conchords,Bowie,,,,,,,,,,,,,,,,
Shout Out Louds,Shut Your Eyes,,,,,,,,,,,,,,,,
Queen,Nevermore,,,,,,,,,,,,,,,,
Unkle,Back And Forth,,,,,,,,,,,,,,,,
Towers Of London,Air Guitar,,,,,,,,,,,,,,,,
Within Temptation,What Have You Done (Rock Mix),,,,,,,,,,,,,,,,
Something Corporate,The Astronaut,,,,,,,,,,,,,,,,
The Velvet Underground,Sweet Jane (Full Length Version),,,,,,,,,,,,,,,,
Swallow The Sun,Deadly Nightshade,,,,,,,,,,,,,,,,
Carcass,Doctrinal Expletives,,,,,,,,,,,,,,,,
Devin Townsend,Bad Devil,,,,,,,,,,,,,,,,
Tiamat,Cold Seed,,,,,,,,,,,,,,,,
Cloud Cult,Chemicals Collide,,,,,,,,,,,,,,,,
Daedelus,Sundown,,,,,,,,,,,,,,,,
Eternal Tears Of Sorrow,Blood Of Hatred,,,,,,,,,,,,,,,,
Wreckless Eric,Whole Wide World,,,,,,,,,,,,,,,,
Pj Harvey,One Time Too Many,,,,,,,,,,,,,,,,
Devendra Banhart,So Long Old Bean,,,,,,,,,,,,,,,,
The Go! Team,Titanic Vandalism,0.8,0.6,0.4,0.8,0.6,0.4,0.0,0.0,0.6,0.0,0.0,0.0,0.4,0.6,0.6,0.0
Avril Lavigne,Together,,,,,,,,,,,,,,,,
Vnv Nation,Liebestod,,,,,,,,,,,,,,,,
Le Tigre,Les And Ray,,,,,,,,,,,,,,,,
The Long Winters,Pushover,,,,,,,,,,,,,,,,
Andrew Bird,Tenuousness,,,,,,,,,,,,,,,,
Hypocrisy,Elastic Inverted Visions,,,,,,,,,,,,,,,,
Leftfield,Storm 3000,,,,,,,,,,,,,,,,
Carcass,Cross My Heart,,,,,,,,,,,,,,,,
Manu Chao,Trapped By Love,,,,,,,,,,,,,,,,
Amiina,Kolapot,,,,,,,,,,,,,,,,
Aerosmith,Toys In The Attic,,,,,,,,,,,,,,,,
My Bloody Valentine,You Made Me Realise,,,,,,,,,,,,,,,,
The Warlocks,Gypsy Nightmare,,,,,,,,,,,,,,,,
Beverley Craven,Promise Me,,,,,,,,,,,,,,,,
Jamiroquai,Everyday,,,,,,,,,,,,,,,,
Booka Shade,Wasting Time,,,,,,,,,,,,,,,,
Rammstein,Weisses Fleisch,,,,,,,,,,,,,,,,
Leona Naess,Christmas,,,,,,,,,,,,,,,,
Sons And Daughters,Johnny Cash,,,,,,,,,,,,,,,,
Gentle Giant,Knots,,,,,,,,,,,,,,,,
Saul Williams,Grippo,,,,,,,,,,,,,,,,
Saul Williams,Telegram,,,,,,,,,,,,,,,,
Kanye West,Gone (Feat. Consequence & Cam'Ron),,,,,,,,,,,,,,,,
Satyricon,Delirium,,,,,,,,,,,,,,,,
Dizzee Rascal,Sirens,,,,,,,,,,,,,,,,
Jamiroquai,Drifting Along,,,,,,,,,,,,,,,,
Bon Iver,Woods,,,,,,,,,,,,,,,,
Kanye West,School Spirit,,,,,,,,,,,,,,,,
Dashboard Confessional,So Impossible,,,,,,,,,,,,,,,,
Dashboard Confessional,The Good Fight,,,,,,,,,,,,,,,,
Belle And Sebastian,Jonathan David,,,,,,,,,,,,,,,,
Primal Scream,Exterminator,,,,,,,,,,,,,,,,
Coldplay,Trouble (Acoustic),,,,,,,,,,,,,,,,
P!Nk,Fingers,,,,,,,,,,,,,,,,
The Bird And The Bee,I Hate Camera,,,,,,,,,,,,,,,,
Placebo,Swallow,,,,,,,,,,,,,,,,
Van Morrison,Ballerina,,,,,,,,,,,,,,,,
The American Analog Set,Punk As Fuck,,,,,,,,,,,,,,,,
Darren Hayes,So Beautiful,0.6,0.2,0.8,0.4,0.4,0.2,0.6,0.4,0.0,0.4,0.0,0.0,0.8,0.6,0.6,0.0
My Chemical Romance,Early Sunsets Over Monroeville,,,,,,,,,,,,,,,,
Paul Mccartney,Maybe I'M Amazed,,,,,,,,,,,,,,,,
Diablo,Queen Of Entity,,,,,,,,,,,,,,,,
Iliketrains,Twenty Five Sins,,,,,,,,,,,,,,,,
Deerhoof,Running Thoughts,,,,,,,,,,,,,,,,
Chris Garneau,Not Nice,,,,,,,,,,,,,,,,
The Rakes,Down With Moonlight,,,,,,,,,,,,,,,,
Sonata Arctica,Sing In Silence,,,,,,,,,,,,,,,,
Chris Garneau,So Far,,,,,,,,,,,,,,,,
Sophia,Directionless,,,,,,,,,,,,,,,,
Hevein,Bleed The Day,,,,,,,,,,,,,,,,
The Lawrence Arms,The Devil'S Takin' Names,,,,,,,,,,,,,,,,
Mindless Self Indulgence,Tornado,,,,,,,,,,,,,,,,
Black Mountain,Tyrants,,,,,,,,,,,,,,,,
The Beta Band,Dr. Baker,,,,,,,,,,,,,,,,
Mando Diao,I Don'T Care What The People Say,,,,,,,,,,,,,,,,
Placebo,Holocaust,,,,,,,,,,,,,,,,
Scar Symmetry,Detach From The Outcome,,,,,,,,,,,,,,,,
Coheed And Cambria,The Velourium Camper I: Faint Of Hearts,,,,,,,,,,,,,,,,
Dashboard Confessional,Currents,,,,,,,,,,,,,,,,
Echo & The Bunnymen,Stormy Weather,,,,,,,,,,,,,,,,
Tiga,Down In It,,,,,,,,,,,,,,,,
Dashboard Confessional,Age Six Racer,,,,,,,,,,,,,,,,
Mando Diao,One Blood,,,,,,,,,,,,,,,,
José González,Fold,,,,,,,,,,,,,,,,
Jamie Lidell,Wait For Me,,,,,,,,,,,,,,,,
London After Midnight,Kiss,,,,,,,,,,,,,,,,
Rachel Stevens,Negotiate With Love,,,,,,,,,,,,,,,,
The Cure,Sinking,,,,,,,,,,,,,,,,
Augie March,One Crowded Hour,,,,,,,,,,,,,,,,
Beck,Side Of The Road,,,,,,,,,,,,,,,,
Bruce Springsteen,Nebraska,,,,,,,,,,,,,,,,
Rachel Stevens,So Good,,,,,,,,,,,,,,,,
Bruce Springsteen,My City Of Ruins,,,,,,,,,,,,,,,,
Coleman Hawkins,Michelle,,,,,,,,,,,,,,,,
Anathema,Wings Of God,,,,,,,,,,,,,,,,
Deerhoof,Look Away,,,,,,,,,,,,,,,,
Beastie Boys,Jimmy James,,,,,,,,,,,,,,,,
Richard Hell & The Voidoids,New Pleasure,,,,,,,,,,,,,,,,
Richard Ashcroft,Why Do Lovers?,,,,,,,,,,,,,,,,
Blind Guardian,Black Chamber,,,,,,,,,,,,,,,,
The Cure,Speak My Language,,,,,,,,,,,,,,,,
Metallica,Stone Dead Forever,,,,,,,,,,,,,,,,
The American Analog Set,Hard To Find,,,,,,,,,,,,,,,,
Antonio Pinto,Requiem,,,,,,,,,,,,,,,,
Rage Against The Machine,Maggie'S Farm,,,,,,,,,,,,,,,,
Darkthrone,Under A Funeral Moon,,,,,,,,,,,,,,,,
Fischerspooner,Fucker,,,,,,,,,,,,,,,,
Rachel'S,Even/Odd,,,,,,,,,,,,,,,,
The Cool Kids,What Up Man,,,,,,,,,,,,,,,,
The Kooks,Tick Of Time,,,,,,,,,,,,,,,,
Regina Spektor,The Call,,,,,,,,,,,,,,,,
Kylie Minogue,Magnetic Electric [Bonus Track],,,,,,,,,,,,,,,,
Andrew Bird,Effigy,,,,,,,,,,,,,,,,
Rammstein,Alter Mann,,,,,,,,,,,,,,,,
Linkin Park,P5Hng Me A*Wy,,,,,,,,,,,,,,,,
Tift Merritt,Stray Paper,,,,,,,,,,,,,,,,
The Style Council,Shout To The Top,,,,,,,,,,,,,,,,
30 Seconds To Mars,Buddha For Mary,,,,,,,,,,,,,,,,
Judas Priest,Before The Dawn,,,,,,,,,,,,,,,,
Fink,Pretty Little Thing,,,,,,,,,,,,,,,,
Faith No More,Edge Of The World,,,,,,,,,,,,,,,,
Diana Krall,Devil May Care,,,,,,,,,,,,,,,,
Dissection,Black Dragon,,,,,,,,,,,,,,,,
Jimi Hendrix,Are You Experienced,,,,,,,,,,,,,,,,
The Pigeon Detectives,Don'T Know How To Say Goodbye,,,,,,,,,,,,,,,,
Portishead,Theme From To Kill A Dead Man,,,,,,,,,,,,,,,,
Dark Tranquillity,Hours Passed In Exile,,,,,,,,,,,,,,,,
Blind Guardian,Blood Tears,,,,,,,,,,,,,,,,
Blind Guardian,Another Stranger Me,,,,,,,,,,,,,,,,
Richard Ashcroft,On A Beach,,,,,,,,,,,,,,,,
Beth Orton,Worms,,,,,,,,,,,,,,,,
Deftones,Back To School (Live),,,,,,,,,,,,,,,,
Biosphere,Poa Alpina,,,,,,,,,,,,,,,,
Rachel'S,Expect Delays,,,,,,,,,,,,,,,,
Jimi Hendrix,Can You See Me,,,,,,,,,,,,,,,,
Supersuckers,Hungover Together,,,,,,,,,,,,,,,,
Norther,Throwing My Life Away,,,,,,,,,,,,,,,,
Chemistry,空の奇跡,,,,,,,,,,,,,,,,
The Spinto Band,Mountains,,,,,,,,,,,,,,,,
Norther,Omen,,,,,,,,,,,,,,,,
Bruce Springsteen,Old Dan Tucker,,,,,,,,,,,,,,,,
Leftfield,Melt,,,,,,,,,,,,,,,,
Big Star,Thirteen,,,,,,,,,,,,,,,,
Shakira,The Day And The Time (Feat. Gustavo Cerati),,,,,,,,,,,,,,,,
The Stills,Fevered,,,,,,,,,,,,,,,,
Fiona Apple,Waltz,,,,,,,,,,,,,,,,
Metro Area,Miura,,,,,,,,,,,,,,,,
Adam Green,Nat King Cole,0.6,0.4,0.0,0.6,0.4,0.2,1.0,0.0,0.0,0.6,0.0,0.0,0.0,0.0,0.8,0.0
Bob Marley & The Wailers,Satisfy My Soul,,,,,,,,,,,,,,,,
The Moldy Peaches,What Went Wrong,,,,,,,,,,,,,,,,
Fall Out Boy,Grenade Jumper,,,,,,,,,,,,,,,,
Adam Green,Teddy Boys,,,,,,,,,,,,,,,,
Myslovitz,Chciałbym Umrzeć Z Miłości,,,,,,,,,,,,,,,,
Manic Street Preachers,Elvis Impersonator: Blackpool Pier,,,,,,,,,,,,,,,,
Adam Green,Losing On A Tuesday,,,,,,,,,,,,,,,,
Jamie Cullum,I Get A Kick Out Of You,,,,,,,,,,,,,,,,
30 Seconds To Mars,Hunter,,,,,,,,,,,,,,,,
Portishead,Airbus Reconstruction,,,,,,,,,,,,,,,,
Opeth,Porcelain Heart,,,,,,,,,,,,,,,,
Faithless,Bluegrass,,,,,,,,,,,,,,,,
Angra,Bleeding Heart,,,,,,,,,,,,,,,,
John Frusciante,Lever Pulled,,,,,,,,,,,,,,,,
Assemblage 23,Let Me Be Your Armor,,,,,,,,,,,,,,,,
Bob Dylan,Sara,,,,,,,,,,,,,,,,
Her Space Holiday,Something To Do With My Hands,,,,,,,,,,,,,,,,
Ben Folds,Trusted,0.8,0.6,0.0,0.2,0.4,0.0,0.0,0.0,0.0,1.0,0.0,0.0,0.0,0.0,0.8,0.0
Wire,Marooned,,,,,,,,,,,,,,,,
Wire,Practice Makes Perfect,,,,,,,,,,,,,,,,
Manu Chao,La Despedida,0.6,0.4,0.0,0.8,0.4,0.0,0.8,0.0,0.0,0.0,0.0,0.0,0.0,0.0,0.6,0.0
Wire,Men 2Nd,,,,,,,,,,,,,,,,
Hello Saferide,2006,,,,,,,,,,,,,,,,
Judas Priest,Take On The World,,,,,,,,,,,,,,,,
James S. Taylor,Fire And Rain,,,,,,,,,,,,,,,,
Tiffany,I Think We'Re Alone Now,,,,,,,,,,,,,,,,
Judas Priest,Hard As Iron,,,,,,,,,,,,,,,,
Dark Funeral,Angel Flesh Impaled,,,,,,,,,,,,,,,,
Beyoncé,Freakum Dress,,,,,,,,,,,,,,,,
Casiotone For The Painfully Alone,Cold White Christmas,,,,,,,,,,,,,,,,
Beyoncé,Diva,,,,,,,,,,,,,,,,
Jack Johnson,Same Girl,,,,,,,,,,,,,,,,
Beastie Boys,She'S Crafty,,,,,,,,,,,,,,,,
Bob Dylan,Not Dark Yet,,,,,,,,,,,,,,,,
September,Satellites (Us Mix),0.4,0.2,1.0,0.4,0.0,0.0,0.0,0.0,0.0,0.0,0.0,0.0,1.0,0.8,0.0,0.0
Fatboy Slim,Don'T Let The Man Get You Down,0.6,0.4,0.8,0.2,0.0,0.0,0.0,0.0,0.0,0.0,0.0,0.0,0.6,0.6,0.4,0.0
Farben Lehre,Judasz,,,,,,,,,,,,,,,,
Weezer,Take Control,,,,,,,,,,,,,,,,
The Libertines,Mayday,,,,,,,,,,,,,,,,
The Be Good Tanyas,In Spite Of All The Damage,,,,,,,,,,,,,,,,
Dir En Grey,The Pledge,,,,,,,,,,,,,,,,
Miles Davis,Boplicity,,,,,,,,,,,,,,,,
L.P.,Wasted,,,,,,,,,,,,,,,,
Field Music,A House Is Not A Home,,,,,,,,,,,,,,,,
Blind Guardian,Carry The Blessed Home,,,,,,,,,,,,,,,,
Bruce Dickinson,The Tower,,,,,,,,,,,,,,,,
Babasónicos,El Colmo,,,,,,,,,,,,,,,,
The Automatic,Steve Mcqueen,,,,,,,,,,,,,,,,
Get Cape. Wear Cape. Fly,Get Cape. Wear Cape. Fly,,,,,,,,,,,,,,,,
Mystery Jets,Umbrellahead,,,,,,,,,,,,,,,,
Sepultura,Orgasmatron,,,,,,,,,,,,,,,,
Broadcast,Winter Now,,,,,,,,,,,,,,,,
Danny Elfman,Opening,,,,,,,,,,,,,,,,
The Avalanches,Tonight,,,,,,,,,,,,,,,,
Mägo De Oz,El Atrapasueños,,,,,,,,,,,,,,,,
The Stone Roses,Tell Me,,,,,,,,,,,,,,,,
Helloween,Halloween,,,,,,,,,,,,,,,,
Filter,The Missing,,,,,,,,,,,,,,,,
Grandaddy,Collective Dreamwish Of Upperclass Elegance,,,,,,,,,,,,,,,,
Antony And The Johnsons,You Are My Sister (Radio Edit),,,,,,,,,,,,,,,,
Grandaddy,Go Progress Chrome,,,,,,,,,,,,,,,,
Grandaddy,Nonphenomenal Lineage,,,,,,,,,,,,,,,,
Voxtrot,Ghost,,,,,,,,,,,,,,,,
Milburn,Brewster,,,,,,,,,,,,,,,,
Dinosaur Jr.,The Lung,,,,,,,,,,,,,,,,
Bob Dylan,Talkin' World War Iii Blues,,,,,,,,,,,,,,,,
The Clash,Sean Flynn,,,,,,,,,,,,,,,,
The Marvelettes,Too Many Fish In The Sea,,,,,,,,,,,,,,,,
Machinae Supremacy,Seventeen,,,,,,,,,,,,,,,,
In Flames,Dead End (Feat Lisa Miskovsky),,,,,,,,,,,,,,,,
And One,Kein Anfang,,,,,,,,,,,,,,,,
Aphex Twin,Meltphace 6,,,,,,,,,,,,,,,,
Aphex Twin,Lornaderek,,,,,,,,,,,,,,,,
Fear Factory,Zero Signal,,,,,,,,,,,,,,,,
Matchbox Twenty,If You'Re Gone (Live),,,,,,,,,,,,,,,,
Mates Of State,So Many Ways,,,,,,,,,,,,,,,,
Mates Of State,Sound It Off,,,,,,,,,,,,,,,,
Sean Lennon,Wait For Me,,,,,,,,,,,,,,,,
Aphex Twin,Bucephalus Bouncing Ball,,,,,,,,,,,,,,,,
植松伸夫,Those Who Fight (Ffvii Ac Version),,,,,,,,,,,,,,,,
Amel Larrieux,We Can Be New,,,,,,,,,,,,,,,,
Broken Social Scene,Weddings,,,,,,,,,,,,,,,,
Barenaked Ladies,It'S All Been Done,,,,,,,,,,,,,,,,
The Police,Don'T Stand So Close To Me '86,,,,,,,,,,,,,,,,
Fear Factory,Linchpin,,,,,,,,,,,,,,,,
Junior Boys,High Come Down,,,,,,,,,,,,,,,,
The Beatles,I Don'T Want To Spoil The Party,,,,,,,,,,,,,,,,
Clint Mansell,Fall: Marion Barfs,,,,,,,,,,,,,,,,
Midnight Juggernauts,So Many Frequencies,,,,,,,,,,,,,,,,
Melvins,Civilized Worm,,,,,,,,,,,,,,,,
Metric,Down,,,,,,,,,,,,,,,,
Jet,Get Me Outta Here,,,,,,,,,,,,,,,,
Poison,Play Dirty,,,,,,,,,,,,,,,,
Sunny Day Real Estate,In Circles,,,,,,,,,,,,,,,,
Caliban,I Will Never Let You Down,,,,,,,,,,,,,,,,
...And You Will Know Us By The Trail Of Dead,Stand In Silence,,,,,,,,,,,,,,,,
Constantines,Shower Of Stones,,,,,,,,,,,,,,,,
Oasis,She Is Love,,,,,,,,,,,,,,,,
Thin Lizzy,Whiskey In The Jar,,,,,,,,,,,,,,,,
The Wedding Present,A Million Miles,,,,,,,,,,,,,,,,
Okkervil River,On Tour With Zykos,,,,,,,,,,,,,,,,
Liam Finn,Second Chance,,,,,,,,,,,,,,,,
Galaxie 500,Tugboat,,,,,,,,,,,,,,,,
Violent Femmes,To The Kill,,,,,,,,,,,,,,,,
The Knife,Afraid Of You,,,,,,,,,,,,,,,,
Death,To Forgive Is To Suffer,,,,,,,,,,,,,,,,
The Hush Sound,A Dark Congregation,,,,,,,,,,,,,,,,
Kill Hannah,Under The Milky Way,,,,,,,,,,,,,,,,
Benoît Pioulard,Moth Wings,,,,,,,,,,,,,,,,
Calexico,Two Silver Trees,,,,,,,,,,,,,,,,
Demons & Wizards,Dorian,,,,,,,,,,,,,,,,
At The Drive-In,198D,,,,,,,,,,,,,,,,
Dream Theater,Misunderstood,,,,,,,,,,,,,,,,
Within Temptation,Somewhere,,,,,,,,,,,,,,,,
Dream Theater,Through My Words,,,,,,,,,,,,,,,,
Dream Theater,War Inside My Head,,,,,,,,,,,,,,,,
Wire,Being Sucked In Again,,,,,,,,,,,,,,,,
Wire,Brazil,,,,,,,,,,,,,,,,
Death,Together As One,,,,,,,,,,,,,,,,
Death Cab For Cutie,Christmas (Baby Please Come Home),,,,,,,,,,,,,,,,
The Flaming Lips,Brainville,,,,,,,,,,,,,,,,
Elbow,Presuming Ed (Rest Easy),,,,,,,,,,,,,,,,
The Verve,Make It Till Monday,,,,,,,,,,,,,,,,
Björk,Mouth'S Cradle,,,,,,,,,,,,,,,,
The Walkmen,Louisiana,,,,,,,,,,,,,,,,
Lo-Fi-Fnk,System (Feat. Maiden),,,,,,,,,,,,,,,,
Lacuna Coil,What I See,,,,,,,,,,,,,,,,
Machinae Supremacy,Masquerade,,,,,,,,,,,,,,,,
In Flames,Condemned,,,,,,,,,,,,,,,,
In Flames,Black & White,,,,,,,,,,,,,,,,
Aphex Twin,Cock/Ver10,,,,,,,,,,,,,,,,
Machine Head,Clenching The Fists Of Dissent,,,,,,,,,,,,,,,,
Autechre,Perlence,,,,,,,,,,,,,,,,
Sufjan Stevens,The Predatory Wasp Of The Palisades Is Out To Get Us,,,,,,,,,,,,,,,,
Autechre,The Plc,,,,,,,,,,,,,,,,
Secret Machines,All At Once (It'S Not Important),,,,,,,,,,,,,,,,
Fear Factory,Replica,,,,,,,,,,,,,,,,
Origa,Rise,,,,,,,,,,,,,,,,
Feist,Mushaboom (Postal Service Mix),,,,,,,,,,,,,,,,
Jaga Jazzist,All I Know Is Tonight,,,,,,,,,,,,,,,,
Melody.& Yamamoto Ryohei,Miss You,,,,,,,,,,,,,,,,
Bonnie 'Prince' Billy,Today I Was An Evil One,,,,,,,,,,,,,,,,
Jaga Jazzist,For All You Happy People,,,,,,,,,,,,,,,,
The Shadows,Apache,,,,,,,,,,,,,,,,
Graveworm,Losing My Religion,,,,,,,,,,,,,,,,
Bonnie 'Prince' Billy,Nomadic Revery (All Around),,,,,,,,,,,,,,,,
Townes Van Zandt,Pancho And Lefty,,,,,,,,,,,,,,,,
Of Montreal,Gallery Piece,,,,,,,,,,,,,,,,
Liquid Tension Experiment,Paradigm Shift,,,,,,,,,,,,,,,,
The Mission,Butterfly On A Wheel,,,,,,,,,,,,,,,,
Pere Ubu,Nonalignment Pact,,,,,,,,,,,,,,,,
3 Doors Down,Life Of My Own,,,,,,,,,,,,,,,,
Modwheelmood,Going Nowhere,,,,,,,,,,,,,,,,
Beastie Boys,The Rat Cage,,,,,,,,,,,,,,,,
Ghinzu,'Til You Faint,,,,,,,,,,,,,,,,
Counting Crows,American Girls,,,,,,,,,,,,,,,,
Get Cape. Wear Cape. Fly,Once More With Feeling,,,,,,,,,,,,,,,,
John Foxx,Plaza,,,,,,,,,,,,,,,,
Café Del Mar,Easter Song,,,,,,,,,,,,,,,,
I Am Kloot,Avenue Of Hope,,,,,,,,,,,,,,,,
Pere Ubu,Laughing,,,,,,,,,,,,,,,,
Hypocrisy,Scrutinized,,,,,,,,,,,,,,,,
Cliff Martinez,Don'T Blow It,0.0,0.0,1.0,0.0,0.0,0.0,0.0,0.0,0.0,0.0,0.0,0.0,1.0,0.6,0.0,0.0
Just Jack,Hold On,,,,,,,,,,,,,,,,
Metallica,Sweet Amber,,,,,,,,,,,,,,,,
Cat Power,Fate Of The Human Carbine,,,,,,,,,,,,,,,,
Danger Mouse,99 Problems,,,,,,,,,,,,,,,,
Manna,でてこいとびきりZenkaiパワー!,,,,,,,,,,,,,,,,
Manitoba,Jacknuggeted,,,,,,,,,,,,,,,,
N.E.R.D.,Provider,,,,,,,,,,,,,,,,
Poisonblack,Hollow Be My Name,,,,,,,,,,,,,,,,
Seether,Fade Away,,,,,,,,,,,,,,,,
Fennesz,Endless Summer,,,,,,,,,,,,,,,,
Felix Da Housecat,Control Freaq,,,,,,,,,,,,,,,,
Dana Fuchs & Martin Luther Mccoy,Oh! Darling,,,,,,,,,,,,,,,,
Dir En Grey,Jesus Christ R'N R,,,,,,,,,,,,,,,,
Sufjan Stevens,Inaugural Pop Music For Jane Margaret Byrne,,,,,,,,,,,,,,,,
Autechre,Eutow,,,,,,,,,,,,,,,,
Trentemøller,Evil Dub,,,,,,,,,,,,,,,,
Beth Orton,Concrete Sky,,,,,,,,,,,,,,,,
Viikate,Ajakaa!,,,,,,,,,,,,,,,,
Deftones,Fireal,,,,,,,,,,,,,,,,
Fatboy Slim,Song For Lindy,,,,,,,,,,,,,,,,
Klimt 1918,That Girl,,,,,,,,,,,,,,,,
Kleerup,Tower Of Trellick,,,,,,,,,,,,,,,,
The Honorary Title,Snow Day,,,,,,,,,,,,,,,,
The Honorary Title,Stay Away,,,,,,,,,,,,,,,,
Blackmore'S Night,Be Mine Tonight,,,,,,,,,,,,,,,,
M-Flo♥Sowelu,So Exclusive (Clazziquai Project Remix),0.6,0.4,0.8,0.6,0.2,0.0,0.0,0.0,0.0,0.6,0.0,0.4,0.8,0.6,0.6,0.0
Kmfdm,Wwiii,,,,,,,,,,,,,,,,
M-Flo♥Emyli & Yoshika,Loop In My Heart (Home Grown Remix),,,,,,,,,,,,,,,,
Mogwai,Dial: Revenge,,,,,,,,,,,,,,,,
The Rapture,Love Is All,,,,,,,,,,,,,,,,
Black Rebel Motorcycle Club,Last Chance For Love,,,,,,,,,,,,,,,,
Black Rebel Motorcycle Club,Loaded Gun,,,,,,,,,,,,,,,,
Junior Boys,Birthday,,,,,,,,,,,,,,,,
Super Furry Animals,Liberty Belle,,,,,,,,,,,,,,,,
Black Star,Intro,,,,,,,,,,,,,,,,
Scsi-9,The Line Of Nine,,,,,,,,,,,,,,,,
Bon Iver,Babys,,,,,,,,,,,,,,,,
The Dandy Warhols,Smoke It,,,,,,,,,,,,,,,,
Sentenced,For The Love I Bear,,,,,,,,,,,,,,,,
Sentenced,Dead Leaves,,,,,,,,,,,,,,,,
Alice Cooper,Generation Landslide,,,,,,,,,,,,,,,,
Beastie Boys,Get It Together,,,,,,,,,,,,,,,,
Meshuggah,Re-Inanimate,,,,,,,,,,,,,,,,
Talking Heads,Electric Guitar,,,,,,,,,,,,,,,,
Utada,Animato,,,,,,,,,,,,,,,,
Sondre Lerche,After All,,,,,,,,,,,,,,,,
The Weepies,Nobody Knows Me At All,,,,,,,,,,,,,,,,
The Weepies,Can'T Go Back Now,,,,,,,,,,,,,,,,
Sondre Lerche,Modern Nature,,,,,,,,,,,,,,,,
B.J. Thomas,Raindrops Keep Falling On My Head,,,,,,,,,,,,,,,,
Giant Drag,My Dick Sux,,,,,,,,,,,,,,,,
The Frames,Song For Someone,,,,,,,,,,,,,,,,
The Clash,Garageland,,,,,,,,,,,,,,,,
Beastie Boys,Johnny Ryall,,,,,,,,,,,,,,,,
Remember Remember,Imagining Things (Ii),,,,,,,,,,,,,,,,
Fantômas,Der Golem,,,,,,,,,,,,,,,,
Jump,Cathedrals,,,,,,,,,,,,,,,,
Poison,(Flesh & Blood) Sacrifice,,,,,,,,,,,,,,,,
Daniel Powter,Jimmy Gets High,,,,,,,,,,,,,,,,
Bruce Dickinson,Born In '58,,,,,,,,,,,,,,,,
Julieta Venegas,Eres Para Mi,,,,,,,,,,,,,,,,
Apocalyptica,Heat,,,,,,,,,,,,,,,,
Jethro Tull,Up To Me,,,,,,,,,,,,,,,,
The Velvet Underground,Ocean,,,,,,,,,,,,,,,,
Milburn,Send In The Boys,,,,,,,,,,,,,,,,
The Sugarcubes,Delicious Demon,,,,,,,,,,,,,,,,
Fightstar,Lost Like Tears In Rain,,,,,,,,,,,,,,,,
Bonnie 'Prince' Billy,Missing One,,,,,,,,,,,,,,,,
Super Junior,거울 (Mirror),,,,,,,,,,,,,,,,
Pete Yorn,Ever Fallen In Love,,,,,,,,,,,,,,,,
Super Furry Animals,The Man Don'T Give A Fuck,,,,,,,,,,,,,,,,
The Decemberists,The Abduction Of Margaret,,,,,,,,,,,,,,,,
Jazzanova,Another New Day,,,,,,,,,,,,,,,,
Pete & The Pirates,Knots,,,,,,,,,,,,,,,,
Vicarious Bliss,Theme From Vicarious Bliss (Justice Remix),,,,,,,,,,,,,,,,
Meshuggah,Beneath,,,,,,,,,,,,,,,,
The Clash,City Of The Dead,,,,,,,,,,,,,,,,
The Wrens,Happy,0.8,0.6,0.0,0.2,0.8,0.6,0.0,0.0,0.0,0.0,0.0,0.0,0.0,0.0,0.8,0.0
Genesis,Guide Vocal,,,,,,,,,,,,,,,,
The Mars Volta,Vicarious Atonement,,,,,,,,,,,,,,,,
Alexi Murdoch,All My Days,,,,,,,,,,,,,,,,
The Mars Volta,Viscera Eyes,,,,,,,,,,,,,,,,
Håkan Hellström,Hurricane Gilbert,,,,,,,,,,,,,,,,
Pet Shop Boys,Minimal,,,,,,,,,,,,,,,,
Håkan Hellström,Ramlar,,,,,,,,,,,,,,,,
The Wreckers,The Good Kind,,,,,,,,,,,,,,,,
Danny Elfman,Wonka'S Welcome Song,,,,,,,,,,,,,,,,
Jack'S Mannequin,Lonely For Her,,,,,,,,,,,,,,,,
Tom Zé,Cademar,,,,,,,,,,,,,,,,
Apocalyptica,Sad But True,,,,,,,,,,,,,,,,
Tom Waits,Town With No Cheer,,,,,,,,,,,,,,,,
Grateful Dead,Attics Of My Life,,,,,,,,,,,,,,,,
Jimi Hendrix,Izabella,,,,,,,,,,,,,,,,
Cat Power,Salty Dog,,,,,,,,,,,,,,,,
Mystery Jets,The Boy Who Ran Away,,,,,,,,,,,,,,,,
Dirty Projectors + David Byrne,Knotty Pine,,,,,,,,,,,,,,,,
Suede,Can'T Get Enough,,,,,,,,,,,,,,,,
Lo-Fi-Fnk,Boylife,,,,,,,,,,,,,,,,
Something Corporate,Cavanaugh Park,,,,,,,,,,,,,,,,
Something Corporate,Fall,,,,,,,,,,,,,,,,
Blonde Redhead,Ballad Of Lemons,,,,,,,,,,,,,,,,
Blonde Redhead,Distilled,0.8,0.6,0.0,0.2,0.8,0.6,0.0,0.0,0.0,0.0,0.0,0.0,0.6,0.4,0.8,0.0
Deep Purple,Maybe I'M A Leo,,,,,,,,,,,,,,,,
Ladytron,Laughing Cavalier,,,,,,,,,,,,,,,,
Something Corporate,Break Myself,,,,,,,,,,,,,,,,
Regina Spektor,I Want To Sing,,,,,,,,,,,,,,,,
Marilyn Manson,Spade,,,,,,,,,,,,,,,,
Sound Team,Born To Please,,,,,,,,,,,,,,,,
Toy,Rabbit Pushing Mower,,,,,,,,,,,,,,,,
Jeff Buckley,Nightmares By The Sea,,,,,,,,,,,,,,,,
Regina Spektor,* * *,,,,,,,,,,,,,,,,
Head Automatica,At The Speed Of A Yellow Bullet,,,,,,,,,,,,,,,,
Black Flag,I'Ve Had It,,,,,,,,,,,,,,,,
The Doors,Wintertime Love,,,,,,,,,,,,,,,,
Juliette And The Licks,You'Re Speaking My Language,,,,,,,,,,,,,,,,
Biosphere,Hyperborea,,,,,,,,,,,,,,,,
Blind Guardian,The Maiden And The Minstrel Knight,,,,,,,,,,,,,,,,
Judas Priest,The Sentinel,,,,,,,,,,,,,,,,
James Brown,It'S A Man'S Man'S Man'S World,,,,,,,,,,,,,,,,
Judas Priest,Love Bites,,,,,,,,,,,,,,,,
Grandaddy,Laughing Stock,,,,,,,,,,,,,,,,
Anberlin,Autobahn,,,,,,,,,,,,,,,,
Jet,Come Around Again,,,,,,,,,,,,,,,,
Kylie Minogue,Where The Wild Roses Grow,,,,,,,,,,,,,,,,
Grandaddy,For The Dishwasher,,,,,,,,,,,,,,,,
Moby,Look Back In,,,,,,,,,,,,,,,,
Modern Life Is War,I'M Not Ready,,,,,,,,,,,,,,,,
Moderat,Porc # 2,,,,,,,,,,,,,,,,
Moby,Sweet Apocalypse,,,,,,,,,,,,,,,,
Covenant,Ritual Noise,,,,,,,,,,,,,,,,
The Cinematic Orchestra,The Magician,,,,,,,,,,,,,,,,
Pendulum,Tarantula,,,,,,,,,,,,,,,,
John Lennon,Oh Yoko!,,,,,,,,,,,,,,,,
Mokoma,Kolmannen Asteen Kuulustelu,,,,,,,,,,,,,,,,
Deep Dish,Sacramento,,,,,,,,,,,,,,,,
The Future Sound Of London,Dead Cities,,,,,,,,,,,,,,,,
Genesis,Hold On My Heart,,,,,,,,,,,,,,,,
Dark Funeral,Feed On The Mortals,,,,,,,,,,,,,,,,
Dark Funeral,Final Ritual,,,,,,,,,,,,,,,,
Dark Funeral,Diabolis Interium,,,,,,,,,,,,,,,,
Faithless,Love Lives On My Street,,,,,,,,,,,,,,,,
Mylo,Muscle Car (Reform Reprise),,,,,,,,,,,,,,,,
Faith No More,Ugly In The Morning,,,,,,,,,,,,,,,,
Faithless,Bombs,,,,,,,,,,,,,,,,
Manic Street Preachers,I Live To Fall Asleep,,,,,,,,,,,,,,,,
Opeth,April Ethereal,,,,,,,,,,,,,,,,
The Pigeon Detectives,I Can'T Control Myself,,,,,,,,,,,,,,,,
Dapunksportif,Kids Don'T Wanna Know,,,,,,,,,,,,,,,,
Helmet,Unsung,,,,,,,,,,,,,,,,
The Early November,Hair,,,,,,,,,,,,,,,,
Beyoncé,Disappear,,,,,,,,,,,,,,,,
Alice In Chains,Put You Down,,,,,,,,,,,,,,,,
Chemistry,Your Name Never Gone,,,,,,,,,,,,,,,,
Avenged Sevenfold,Walk (Pantera Cover),,,,,,,,,,,,,,,,
Suburban Kids With Biblical Names,Rent A Wreck,,,,,,,,,,,,,,,,
Faithless,Sweep,,,,,,,,,,,,,,,,
Soilwork,In A Close Encounter,,,,,,,,,,,,,,,,
Soilwork,Shadowchild,,,,,,,,,,,,,,,,
Set Fire To Flames,This Thing Between Us Is A Rickety Bridge Of Impossible Crossing / Bonfires For Nobody...,,,,,,,,,,,,,,,,
Soilwork,Generation Speedkill,,,,,,,,,,,,,,,,
Ashley Tisdale,We'Ll Be Together,,,,,,,,,,,,,,,,
Decoration,Only A Plague Can Stop Us Now,,,,,,,,,,,,,,,,
Yo La Tengo,Saturday,,,,,,,,,,,,,,,,
Peter Bjorn And John,Nothing To Worry About,,,,,,,,,,,,,,,,
The Decemberists,The Hazards Of Love 2 (Wager All),,,,,,,,,,,,,,,,
Soilwork,The Analyst,,,,,,,,,,,,,,,,
Of Montreal,Wicked Wisdom,,,,,,,,,,,,,,,,
Nightwish,Fantasmic,,,,,,,,,,,,,,,,
The Knife,Three Boys,,,,,,,,,,,,,,,,
John Coltrane,Blue Train,,,,,,,,,,,,,,,,
Yeti,Never Lose Your Sense Of Wonder,,,,,,,,,,,,,,,,
John Lennon,Whatever Gets You Thru The Night,,,,,,,,,,,,,,,,
Soundgarden,Drawing Flies,,,,,,,,,,,,,,,,
John Legend,Heaven,,,,,,,,,,,,,,,,
Cake,You Part The Waters,,,,,,,,,,,,,,,,
Nico,Afraid,,,,,,,,,,,,,,,,
Judas Priest,Fever,,,,,,,,,,,,,,,,
The Killers,Sam'S Town (Abbey Road Version),,,,,,,,,,,,,,,,
The Upsetters,Return Of Django,,,,,,,,,,,,,,,,
Dark Funeral,King Antichrist,,,,,,,,,,,,,,,,
The Cure,The Final Sound,,,,,,,,,,,,,,,,
Jimi Hendrix,Freedom,,,,,,,,,,,,,,,,
The Vines,Homesick,,,,,,,,,,,,,,,,
The Vines,Gross Out,,,,,,,,,,,,,,,,
Bruce Springsteen,Downbound Train,,,,,,,,,,,,,,,,
Amerie,Rolling Down My Face,,,,,,,,,,,,,,,,
Chemistry,遠影 (Feat. John Legend),,,,,,,,,,,,,,,,
Diablo,Shadow World,,,,,,,,,,,,,,,,
Supersuckers,Non-Addictive Marijuana,,,,,,,,,,,,,,,,
Yann Tiersen,Quimper 94,,,,,,,,,,,,,,,,
The Lemonheads,Rockin Stroll,,,,,,,,,,,,,,,,
Craig Armstrong,Glasgow Love Theme,,,,,,,,,,,,,,,,
Ashlee Simpson,Autobiography,,,,,,,,,,,,,,,,
Craig Armstrong,Miracle,,,,,,,,,,,,,,,,
Green Day,Homecoming,,,,,,,,,,,,,,,,
Mokoma,Turvaa Selusta,,,,,,,,,,,,,,,,
Copeland,You Have My Attention,,,,,,,,,,,,,,,,
Give Up The Ghost,Young Hearts Be Free Tonight,,,,,,,,,,,,,,,,
Rjd2,Final Frontier (Remix),,,,,,,,,,,,,,,,
Rjd2,Have Mercy,,,,,,,,,,,,,,,,
The Coral,Something Inside Of Me,,,,,,,,,,,,,,,,
Ladytron,Deep Blue,,,,,,,,,,,,,,,,
Reel People,Amazing (Feat. Tony Momrelle & Imaani),,,,,,,,,,,,,,,,
Ashlee Simpson,Invisible,,,,,,,,,,,,,,,,
Glass Candy,Rolling Down The Hills,,,,,,,,,,,,,,,,
Matchbox Twenty,You'Re So Real,,,,,,,,,,,,,,,,
Placebo,Without You I'M Nothing (Feat. David Bowie),,,,,,,,,,,,,,,,
Finntroll,Slagbröder,,,,,,,,,,,,,,,,
Bruce Springsteen,Long Walk Home,,,,,,,,,,,,,,,,
Weezer,Burndt Jamb,,,,,,,,,,,,,,,,
Diablo,Damien,,,,,,,,,,,,,,,,
Alice In Chains,Whale & Wasp,,,,,,,,,,,,,,,,
Placebo,Slave To The Wage (Radio Edit),,,,,,,,,,,,,,,,
J Dilla,Mash,,,,,,,,,,,,,,,,
Mazarin,Another One Goes By,,,,,,,,,,,,,,,,
The Lonely Island,Boombox (Feat. Julian Casablancas),,,,,,,,,,,,,,,,
The Apple Scruffs,E,,,,,,,,,,,,,,,,
Shakira,Sombra De Ti,,,,,,,,,,,,,,,,
Diablo,Trail Of Kings,,,,,,,,,,,,,,,,
Kylie Minogue,I Feel For You,,,,,,,,,,,,,,,,
Supreme Beings Of Leisure,Never The Same,,,,,,,,,,,,,,,,
Therapy?,Knives,,,,,,,,,,,,,,,,
Black Sabbath,Am I Going Insane (Radio),,,,,,,,,,,,,,,,
Jay Reatard,Oh It'S Such A Shame,,,,,,,,,,,,,,,,
Kiss,Black Diamond,,,,,,,,,,,,,,,,
Lamb,Sweetheart,,,,,,,,,,,,,,,,
The Housemartins,Happy Hour,,,,,,,,,,,,,,,,
Howard Shore,Hope And Memory,,,,,,,,,,,,,,,,
Death From Above 1979,Do It! (Live),,,,,,,,,,,,,,,,
Eels,The Medication Is Wearing Off,,,,,,,,,,,,,,,,
Paradise Lost,Two Worlds,,,,,,,,,,,,,,,,
Eels,Suicide Life,,,,,,,,,,,,,,,,
Tada Hirano,Hare Hare Yukai,,,,,,,,,,,,,,,,
Alexisonfire,Keep It On Wax,,,,,,,,,,,,,,,,
Darkthrone,Blasphemer,,,,,,,,,,,,,,,,
The Shins,My Seventh Rib,,,,,,,,,,,,,,,,
Darkthrone,Skald Av Satans Sol,,,,,,,,,,,,,,,,
Darkthrone,Grave With A View,,,,,,,,,,,,,,,,
Darkthrone,Black Victory Of Death,,,,,,,,,,,,,,,,
Apparat,Steinholz,,,,,,,,,,,,,,,,
Hawkwind,Space Is Deep,,,,,,,,,,,,,,,,
Hawthorne Heights,I Am On Your Side,,,,,,,,,,,,,,,,
Judas Priest,Blood Red Skies,,,,,,,,,,,,,,,,
Metric,Soft Rock Star (Jimmy Vs. Joe Mix),,,,,,,,,,,,,,,,
Last Alliance,Shissou (Tv Size),,,,,,,,,,,,,,,,
Last Alliance,疾走,,,,,,,,,,,,,,,,
Rainbow,Stargazer,,,,,,,,,,,,,,,,
The Mountain Goats,Lion'S Teeth,,,,,,,,,,,,,,,,
Rainbow,Catch The Rainbow,,,,,,,,,,,,,,,,
Quasimoto,Microphone Mathematics,,,,,,,,,,,,,,,,
Nickelback,Next Contestant,,,,,,,,,,,,,,,,
Guster,Either Way,,,,,,,,,,,,,,,,
Tiësto,Elements Of Life,,,,,,,,,,,,,,,,
John Mayer,Something'S Missing,,,,,,,,,,,,,,,,
Einstürzende Neubauten,Sand,,,,,,,,,,,,,,,,
Queens Of The Stone Age,I Was A Teenage Hand Model,,,,,,,,,,,,,,,,
Akurat,Do Prostego Człowieka,,,,,,,,,,,,,,,,
Queens Of The Stone Age,Everybody'S Gonna Be Happy,,,,,,,,,,,,,,,,
Dubtribe Sound System,Do It Now,,,,,,,,,,,,,,,,
The Mountain Goats,Dinu Lipatti'S Bones,,,,,,,,,,,,,,,,
Darkwell,Blackheart,,,,,,,,,,,,,,,,
Travis,Tied To The 90'S,,,,,,,,,,,,,,,,
Diablo,C22,,,,,,,,,,,,,,,,
Extreme,Decadence Dance,,,,,,,,,,,,,,,,
Darkthrone,The Watchtower,,,,,,,,,,,,,,,,
The Presets,Hill Stuck,,,,,,,,,,,,,,,,
Grabba Grabba Tape,Bué Da Fixe,,,,,,,,,,,,,,,,
Rammstein,Herzeleid,,,,,,,,,,,,,,,,
The Long Blondes,Big Infatuation,,,,,,,,,,,,,,,,
Mindless Self Indulgence,Bring The Pain,,,,,,,,,,,,,,,,
Sussie 4,Waiting For The Ride (Tonight),,,,,,,,,,,,,,,,
She & Him,Got Me,,,,,,,,,,,,,,,,
Catamenia,My Blood Stained Path,1.0,1.0,0.0,0.4,1.0,1.0,0.0,0.4,0.0,0.0,0.0,0.0,0.6,0.4,0.8,0.0
Joy Division,Love Will Tear Us Apart (Permanent Mix),,,,,,,,,,,,,,,,
Madeleine Peyroux,Blue Alert,,,,,,,,,,,,,,,,
Bloc Party,Storm And Stress,,,,,,,,,,,,,,,,
Tomte,Ich Sang Die Ganze Zeit Von Dir,,,,,,,,,,,,,,,,
Britney Spears,Me Against The Music (Rishi Rich'S Desi Kulcha Remix),,,,,,,,,,,,,,,,
Ozzy Osbourne,Flying High Again,,,,,,,,,,,,,,,,
Ozzy Osbourne,My Little Man,,,,,,,,,,,,,,,,
Kamelot,This Pain,,,,,,,,,,,,,,,,
The Jimi Hendrix Experience,Voodoo Chile,,,,,,,,,,,,,,,,
Mindless Self Indulgence,Revenge,,,,,,,,,,,,,,,,
Bonobo,The Sicilian,,,,,,,,,,,,,,,,
Imogen Heap,Shine,,,,,,,,,,,,,,,,
Tom Petty And The Heartbreakers,I Won'T Back Down,,,,,,,,,,,,,,,,
Paul Kantner,Nothing'S Gonna Stop Us Now,,,,,,,,,,,,,,,,
Ben Folds Five,Jackson Cannery,,,,,,,,,,,,,,,,
Amadou & Mariam,Camions Sauvages,,,,,,,,,,,,,,,,
The Presidents Of The United States Of America,Feather Pluckn,,,,,,,,,,,,,,,,
Philip Glass,The Poet Acts,,,,,,,,,,,,,,,,
Wilco,The Lonely 1,,,,,,,,,,,,,,,,
Against Me!,Unprotected Sex With Multiple Partners,,,,,,,,,,,,,,,,
Elastica,Smile,,,,,,,,,,,,,,,,
Soda Stereo,En Camino,,,,,,,,,,,,,,,,
Glen Hansard,Fallen From The Sky,,,,,,,,,,,,,,,,
Socratic,I Am The Doctor,,,,,,,,,,,,,,,,
Red House Painters,San Geronimo,,,,,,,,,,,,,,,,
Soda Stereo,Disco Eterno,,,,,,,,,,,,,,,,
Kim Sozzi,Break Up (Cascada Radio Mix),,,,,,,,,,,,,,,,
Against Me!,Violence,,,,,,,,,,,,,,,,
Elastica,Hold Me Now,,,,,,,,,,,,,,,,
Korn,All In The Family,,,,,,,,,,,,,,,,
Sparklehorse,Return To Me,,,,,,,,,,,,,,,,
Benoît Pioulard,Palimend,,,,,,,,,,,,,,,,
Dashboard Confessional,A Plain Morning,,,,,,,,,,,,,,,,
Saves The Day,Morning In The Moonlight,,,,,,,,,,,,,,,,
Van Morrison,Into The Mystic,,,,,,,,,,,,,,,,
Say Anything,Yellow Cat (Slash) Red Cat,,,,,,,,,,,,,,,,
Van Morrison,Someone Like You,,,,,,,,,,,,,,,,
Jamie Cullum,But For Now,0.4,0.2,0.0,0.4,0.0,0.0,0.0,0.0,0.0,1.0,0.0,0.0,0.0,0.0,0.6,0.0
Jamiroquai,Loveblind,,,,,,,,,,,,,,,,
Jamiroquai,Little L (Album Version),,,,,,,,,,,,,,,,
Rammstein,Laichzeit,,,,,,,,,,,,,,,,
Yeah Yeah Yeahs,Graveyard,,,,,,,,,,,,,,,,
The Paddingtons,Tommy'S Disease,,,,,,,,,,,,,,,,
Mark Mothersbaugh,Ping Island / Lightning Strike Rescue Op,,,,,,,,,,,,,,,,
Rachael Yamagata,Under My Skin,,,,,,,,,,,,,,,,
Anathema,Sentient,,,,,,,,,,,,,,,,
Yann Tiersen,Le Jour D'Avant,,,,,,,,,,,,,,,,
Carcass,Corporal Jigsore Quandary,,,,,,,,,,,,,,,,
No Doubt,Detective,,,,,,,,,,,,,,,,
Melvins,The Hawk,,,,,,,,,,,,,,,,
Los Enanitos Verdes,Lamento Boliviano,,,,,,,,,,,,,,,,
The Mountain Goats,Tallahassee,,,,,,,,,,,,,,,,
Animal Collective,Hey Light,,,,,,,,,,,,,,,,
Beck,Peaches & Cream,,,,,,,,,,,,,,,,
The Charlatans,Then,,,,,,,,,,,,,,,,
2 Unlimited,No Limit,,,,,,,,,,,,,,,,
The Mountain Goats,Wild Sage,0.0,0.0,0.0,0.0,0.0,0.0,1.0,0.0,0.0,0.0,0.0,0.0,0.0,0.0,0.0,0.0
Wolfgang Amadeus Mozart,Lacrimosa,,,,,,,,,,,,,,,,
The Music,Bleed From Within,,,,,,,,,,,,,,,,
Yo La Tengo,Today Is The Day,,,,,,,,,,,,,,,,
Azure Ray,How Will You Survive,,,,,,,,,,,,,,,,
Azzido Da Bass,Dooms Night,,,,,,,,,,,,,,,,
Brand New,Failure By Design,,,,,,,,,,,,,,,,
Sparklehorse,Some Sweet Day,,,,,,,,,,,,,,,,
Against Me!,Scream It Until You'Re Coughing Up Blood,,,,,,,,,,,,,,,,
Peeping Tom,Sucker (Feat. Norah Jones),,,,,,,,,,,,,,,,
The Game,Higher,,,,,,,,,,,,,,,,
Sparklehorse,Mountains,,,,,,,,,,,,,,,,
Amida,Class Of 2000,,,,,,,,,,,,,,,,
Matisyahu,Got No Water,,,,,,,,,,,,,,,,
Limp Bizkit,Hold On,,,,,,,,,,,,,,,,
Limp Bizkit,I'M Broke,,,,,,,,,,,,,,,,
Nouvelle Vague,Heart Of Glass (Blondie),,,,,,,,,,,,,,,,
My Bloody Valentine,Never Say Goodbye,,,,,,,,,,,,,,,,
The Lawrence Arms,Cut It Up,,,,,,,,,,,,,,,,
Joss Stone,Snakes And Ladders,,,,,,,,,,,,,,,,
Nouvelle Vague,Blue Monday (New Order),,,,,,,,,,,,,,,,
Dashboard Confessional,Reason To Believe,,,,,,,,,,,,,,,,
My Brightest Diamond,Ice & The Storm,,,,,,,,,,,,,,,,
Catamenia,Perintö Pohjolan,,,,,,,,,,,,,,,,
Okkervil River,Blue Tulip,,,,,,,,,,,,,,,,
A Perfect Circle,Gimme Gimme Gimme,,,,,,,,,,,,,,,,
Trivium,And Sadness Will Sear,,,,,,,,,,,,,,,,
Booka Shade,Take A Ride,,,,,,,,,,,,,,,,
Aqualung,Strange And Beautiful,,,,,,,,,,,,,,,,
Robert Plant & Alison Krauss,Trampled Rose,,,,,,,,,,,,,,,,
Tristania,Simbelmynë,,,,,,,,,,,,,,,,
Snow Patrol,Finish Line,,,,,,,,,,,,,,,,
The Fixx,One Thing Leads To Another,,,,,,,,,,,,,,,,
Elbow,Scattered Black And Whites,,,,,,,,,,,,,,,,
Bob Dylan,Nettie Moore,,,,,,,,,,,,,,,,
Nick Cave & The Bad Seeds,Stranger Than Kindness,,,,,,,,,,,,,,,,
Nick Cave & The Bad Seeds,Sweetheart Come,,,,,,,,,,,,,,,,
Nick Cave & The Bad Seeds,Sunday'S Slave,,,,,,,,,,,,,,,,
Constantines,Time Can Be Overcome,,,,,,,,,,,,,,,,
...And You Will Know Us By The Trail Of Dead,Ode To Isis,,,,,,,,,,,,,,,,
The Music,Getaway,,,,,,,,,,,,,,,,
P!Nk,Feel Good Time,,,,,,,,,,,,,,,,
The Dave Brubeck Quartet,Kathy'S Waltz,,,,,,,,,,,,,,,,
Coldplay,What If?,,,,,,,,,,,,,,,,
Van She,Sex City,,,,,,,,,,,,,,,,
Ra Ra Riot,Winter '05,,,,,,,,,,,,,,,,
The Smashing Pumpkins,We Only Come Out At Night,,,,,,,,,,,,,,,,
The Russian Futurists,It'S Actually Going To Happen,,,,,,,,,,,,,,,,
Saul Williams,Talk To Strangers,,,,,,,,,,,,,,,,
The Rubettes,Sugar Baby Love,,,,,,,,,,,,,,,,
The Warlocks,Shake The Dope Out,,,,,,,,,,,,,,,,
Kt Tunstall,Little Favours,,,,,,,,,,,,,,,,
Dizzee Rascal,Jus' A Rascal,,,,,,,,,,,,,,,,
Black Sabbath,Walk Away,,,,,,,,,,,,,,,,
Liars,Let'S Not Wrestle Mt. Heart Attack,,,,,,,,,,,,,,,,
The Russian Futurists,Our Pen'S Out Of Ink,,,,,,,,,,,,,,,,
The Album Leaf,Moss Mountain Town,,,,,,,,,,,,,,,,
Better Than Ezra,A Lifetime,,,,,,,,,,,,,,,,
Strapping Young Lad,Skeksis,,,,,,,,,,,,,,,,
Abney Park,The Wrong Side,,,,,,,,,,,,,,,,
Morcheeba,Charango (Feat. Pace Won),,,,,,,,,,,,,,,,
The Hush Sound,Lighthouse,,,,,,,,,,,,,,,,
The Hush Sound,City Traffic Puzzle,,,,,,,,,,,,,,,,
Spiritualized,Electric Mainline,,,,,,,,,,,,,,,,
Liars,A Visit From Drum,0.2,0.4,1.0,0.6,0.0,0.0,0.0,0.0,0.0,0.0,0.0,0.0,0.8,0.8,0.6,0.0
Nick Cave & The Bad Seeds,Idiot Prayer,,,,,,,,,,,,,,,,
Nick Cave & The Bad Seeds,Mercy,,,,,,,,,,,,,,,,
At The Drive-In,Hulahoop Wounds,,,,,,,,,,,,,,,,
At The Drive-In,Catacombs,,,,,,,,,,,,,,,,
Azure Ray,Across The Ocean,,,,,,,,,,,,,,,,
Nick Cave & The Bad Seeds,Jangling Jack,,,,,,,,,,,,,,,,
Limp Bizkit,The One,1.0,0.8,0.2,0.4,0.8,0.8,0.0,0.0,0.0,0.0,0.0,0.0,0.6,0.6,1.0,0.0
Mclusky,Collagen Rock,,,,,,,,,,,,,,,,
Demons & Wizards,Down Where I Am,,,,,,,,,,,,,,,,
Amadou & Mariam,Artistiya,,,,,,,,,,,,,,,,
The Sisters Of Mercy,Vision Thing,,,,,,,,,,,,,,,,
The Presidents Of The United States Of America,Stranger,,,,,,,,,,,,,,,,
Matisyahu,Close My Eyes,,,,,,,,,,,,,,,,
Eternal Tears Of Sorrow,Aurora Borealis,,,,,,,,,,,,,,,,
The Zutons,Don'T Ever Think (Too Much),,,,,,,,,,,,,,,,
Nouvelle Vague,The Guns Of Brixton,,,,,,,,,,,,,,,,
Kanye West,Wake Up Mr. West (Instrumental),,,,,,,,,,,,,,,,
Tiamat,Do You Dream Of Me?,,,,,,,,,,,,,,,,
In Flames,Superhero Of The Computer Rage,,,,,,,,,,,,,,,,
Novembers Doom,Twilight Innocence,,,,,,,,,,,,,,,,
In Flames,Your Bedtime Story Is Scaring Everyone,,,,,,,,,,,,,,,,
Bananarama,Look On The Floor (Hypnotic Tango),,,,,,,,,,,,,,,,
Isobel Campbell & Mark Lanegan,It'S Hard To Kill A Bad Thing,,,,,,,,,,,,,,,,
Avril Lavigne,How Does It Feel,,,,,,,,,,,,,,,,
Belle And Sebastian,Fiction,,,,,,,,,,,,,,,,
Cream,Dance The Night Away,,,,,,,,,,,,,,,,
Hard-Fi,Television,,,,,,,,,,,,,,,,
Flunk,Blind My Mind,,,,,,,,,,,,,,,,
Creed,Don'T Stop Dancing,,,,,,,,,,,,,,,,
Rocky Votolato,She Was Only In It For The Rain,,,,,,,,,,,,,,,,
Meat Loaf,Lost Boys And Golden Girls,,,,,,,,,,,,,,,,
Allison Moorer,Tumbling Down,,,,,,,,,,,,,,,,
Cream,World Of Pain,,,,,,,,,,,,,,,,
The Smiths,Jeane,,,,,,,,,,,,,,,,
Pearl Jam,Low Light,,,,,,,,,,,,,,,,
Death,Pull The Plug,,,,,,,,,,,,,,,,
Korn,Liar,,,,,,,,,,,,,,,,
Brian Eno,Golden Hours,,,,,,,,,,,,,,,,
The Pussycat Dolls,Whatcha Think About That (Feat. Missy Elliott),,,,,,,,,,,,,,,,
My Bloody Valentine,Glider,,,,,,,,,,,,,,,,
Music Go Music,Warm In The Shadows,,,,,,,,,,,,,,,,
Britney Spears,Got Me High,,,,,,,,,,,,,,,,
The Wildhearts,News Of The World,,,,,,,,,,,,,,,,
The Wildhearts,Suckerpunch,,,,,,,,,,,,,,,,
Eternal Tears Of Sorrow,Aeon,,,,,,,,,,,,,,,,
12 Stones,Photograph,,,,,,,,,,,,,,,,
Esthero,Flipher Overture,,,,,,,,,,,,,,,,
Esthero,I Drive Alone,,,,,,,,,,,,,,,,
1200 Micrograms,Acid For Nothing,,,,,,,,,,,,,,,,
The Sunshine Underground,Dead Scene,,,,,,,,,,,,,,,,
Ozric Tentacles,Strangeitude,,,,,,,,,,,,,,,,
Story Of The Year,Dive Right In,,,,,,,,,,,,,,,,
Ted Leo And The Pharmacists,The Sons Of Cain,1.0,0.8,0.0,0.2,1.0,0.6,0.0,0.0,0.0,0.0,0.0,0.0,0.0,0.0,0.8,0.0
Union Of Knives,I Decline,,,,,,,,,,,,,,,,
Phoenix,Party Time,,,,,,,,,,,,,,,,
Stone Sour,Your God,,,,,,,,,,,,,,,,
Smog,I'M New Here,,,,,,,,,,,,,,,,
U2,Please,,,,,,,,,,,,,,,,
Jason Mraz,The Remedy,,,,,,,,,,,,,,,,
Thurston Moore,Honest James,,,,,,,,,,,,,,,,
Electrocute,I Need A Freak,,,,,,,,,,,,,,,,
Kidneythieves,Before I'M Dead,,,,,,,,,,,,,,,,
Snoop Dogg,Drop It Like It'S Hot,,,,,,,,,,,,,,,,
Morphine,You Look Like Rain,,,,,,,,,,,,,,,,
U2,Love Is Blindness,,,,,,,,,,,,,,,,
Yes,Yours Is No Disgrace,,,,,,,,,,,,,,,,
Nina Simone,Work Song,,,,,,,,,,,,,,,,
Marilyn Manson,The Death Song,,,,,,,,,,,,,,,,
Loquat,Swingset Chain,,,,,,,,,,,,,,,,
Nina Simone,Mississippi Goddam,,,,,,,,,,,,,,,,
The Hives,Love In Plaster,,,,,,,,,,,,,,,,
Alcazar,Stay The Night,,,,,,,,,,,,,,,,
Jamisonparker,Best Mistake,,,,,,,,,,,,,,,,
Daedelus,At My Heels,,,,,,,,,,,,,,,,
Xiu Xiu,Buzz Saw,,,,,,,,,,,,,,,,
Primal Scream,Suicide Sally & Johnny Guitar,,,,,,,,,,,,,,,,
Espen Lind,Yum Yum Gimme Some (Original Single Edit),,,,,,,,,,,,,,,,
Jan Jelinek,Tendency,,,,,,,,,,,,,,,,
Isobel Campbell & Mark Lanegan,Honey Child What Can I Do?,,,,,,,,,,,,,,,,
The Airborne Toxic Event,Happiness Is Overrated,0.8,0.6,0.0,0.4,0.8,0.4,0.0,0.0,0.0,0.0,0.0,0.0,0.0,0.0,0.6,0.0
The Airborne Toxic Event,Papillon,,,,,,,,,,,,,,,,
The Airborne Toxic Event,This Is Nowhere,,,,,,,,,,,,,,,,
Sia,Pictures,,,,,,,,,,,,,,,,
Neko Case,The Next Time You Say Forever,,,,,,,,,,,,,,,,
Tom Jones,Baby It'S Cold Outside,,,,,,,,,,,,,,,,
Alicia Keys,Girlfriend,,,,,,,,,,,,,,,,
Da Buzz,Take All My Love (Dance Remix),,,,,,,,,,,,,,,,
Blink-182,Roller Coaster,,,,,,,,,,,,,,,,
Liars,It Fit When I Was A Kid,,,,,,,,,,,,,,,,
Bent,Beautiful Otherness,,,,,,,,,,,,,,,,
Queens Of The Stone Age,Song For The Deaf,,,,,,,,,,,,,,,,
U2,Promenade,,,,,,,,,,,,,,,,
Blink-182,Stockholm Syndrome,,,,,,,,,,,,,,,,
Elio E Le Storie Tese,Servi Della Gleba,,,,,,,,,,,,,,,,
Okkervil River,Pop Lie,,,,,,,,,,,,,,,,
Rodrigo Y Gabriela,Diablo Rojo,,,,,,,,,,,,,,,,
The Kissaway Trail,Bleeding Hearts,,,,,,,,,,,,,,,,
M.A.N.D.Y. Vs. Booka Shade,Body Language,,,,,,,,,,,,,,,,
Morrissey,How Soon Is Now?,,,,,,,,,,,,,,,,
U2,Mothers Of The Disappeared,,,,,,,,,,,,,,,,
Turisas,To Holmgard And Beyond,,,,,,,,,,,,,,,,
Britney Spears,Don'T Go Knockin' On My Door,,,,,,,,,,,,,,,,
Ramones,Oh Oh I Love Her So,,,,,,,,,,,,,,,,
Dave Matthews,Gravedigger,,,,,,,,,,,,,,,,
Aesop Rock,Fumes,,,,,,,,,,,,,,,,
Tool,Disgustipated,,,,,,,,,,,,,,,,
Au Revoir Simone,Night Majestic,,,,,,,,,,,,,,,,
Blind Guardian,Time Stands Still (At The Iron Hill),,,,,,,,,,,,,,,,
Dj Lee,X-Perience,,,,,,,,,,,,,,,,
Ramones,I'M Against It,,,,,,,,,,,,,,,,
Vnv Nation,Fragments,,,,,,,,,,,,,,,,
Andrew Lloyd Webber,Overture,,,,,,,,,,,,,,,,
The Used,Hard To Say,,,,,,,,,,,,,,,,
Neil Young & Pearl Jam,I'M The Ocean,,,,,,,,,,,,,,,,
Megadeth,Gears Of War,,,,,,,,,,,,,,,,
The Zutons,Tired Of Hanging Around,,,,,,,,,,,,,,,,
Holy Ghost!,Hold On,,,,,,,,,,,,,,,,
Hollywood Undead,My Black Dahlia,,,,,,,,,,,,,,,,
Alison Krauss,Stay,,,,,,,,,,,,,,,,
Alison Krauss,That Kind Of Love,,,,,,,,,,,,,,,,
Émilie Simon,To The Dancers In The Rain,,,,,,,,,,,,,,,,
Morphine,In Spite Of Me,,,,,,,,,,,,,,,,
Teenage Fanclub,Don'T Look Back,,,,,,,,,,,,,,,,
Hooverphonic,Lung,,,,,,,,,,,,,,,,
The Fiery Furnaces,Spaniolated,,,,,,,,,,,,,,,,
New York Dolls,Pills,,,,,,,,,,,,,,,,
Backyard Babies,Drool,,,,,,,,,,,,,,,,
New York Dolls,Bad Girl,,,,,,,,,,,,,,,,
Teenage Fanclub,Sparky'S Dream,,,,,,,,,,,,,,,,
Backyard Babies,Made Me Madman,,,,,,,,,,,,,,,,
Buddy Holly,Maybe Baby,,,,,,,,,,,,,,,,
Mew,Beautiful Balloon,,,,,,,,,,,,,,,,
The Veronicas,This Love,,,,,,,,,,,,,,,,
Devendra Banhart,Samba Vexillographica,,,,,,,,,,,,,,,,
The Used,Light With A Sharpened Edge,,,,,,,,,,,,,,,,
Marilyn Manson,Vodevil,,,,,,,,,,,,,,,,
Minus The Bear,Fine + 2 Pts,,,,,,,,,,,,,,,,
Kt Tunstall,Funnyman,,,,,,,,,,,,,,,,
A Place To Bury Strangers,Ocean,,,,,,,,,,,,,,,,
Woven Hand,Cripplegate (Standing On Glass),,,,,,,,,,,,,,,,
The Jesus And Mary Chain,Who Do You Love,,,,,,,,,,,,,,,,
Fugazi,Cashout,,,,,,,,,,,,,,,,
The Teenagers,Feeling Better,,,,,,,,,,,,,,,,
The Temptations,I Can'T Get Next To You,,,,,,,,,,,,,,,,
Crippled Black Phoenix,You Take The Devil Out Of Me,,,,,,,,,,,,,,,,
Blue Boy,Remember Me,,,,,,,,,,,,,,,,
The Cardigans,Junk Of The Hearts,,,,,,,,,,,,,,,,
Beirut,The Long Island Sound,,,,,,,,,,,,,,,,
Rooney,Stay Away,,,,,,,,,,,,,,,,
Lenny Kravitz,Calling All Angels,,,,,,,,,,,,,,,,
Ellen Allien,Come,,,,,,,,,,,,,,,,
Crime In Stereo,Sudan,,,,,,,,,,,,,,,,
Nine Inch Nails,29 Ghosts Iv,,,,,,,,,,,,,,,,
Pearl Jam,Of The Girl,,,,,,,,,,,,,,,,
Crime In Stereo,What A Strange Turn Of Events,,,,,,,,,,,,,,,,
Crime In Stereo,Abre Los Ojos,,,,,,,,,,,,,,,,
Hanoi Rocks,Strange Boys Play Weird Openings,,,,,,,,,,,,,,,,
The Adicts,England,1.0,0.8,0.0,0.2,1.0,0.8,0.0,0.0,0.0,0.0,0.0,0.0,0.0,0.0,1.0,0.0
Santana,I'M Feeling You (Feat. Michelle Branch & The Wreckers),,,,,,,,,,,,,,,,
Man Man,Feathers,,,,,,,,,,,,,,,,
Neko Case,Polar Nettles,,,,,,,,,,,,,,,,
Sigur Rós,Syndir Guðs (Opinberun Frelsarans),,,,,,,,,,,,,,,,
Jimmy Eat World,Table For Glasses,,,,,,,,,,,,,,,,
Hanne Hukkelberg,Searching,,,,,,,,,,,,,,,,
Hanoi Rocks,Until I Get You,,,,,,,,,,,,,,,,
Hanson,Mmmbop,0.8,0.4,0.0,0.6,0.6,0.2,0.8,0.0,0.0,0.4,0.0,0.0,0.6,0.4,0.8,0.0
Kruder & Dorfmeister,Original Bedroom Rockers,,,,,,,,,,,,,,,,
The Lords Of The New Church,Russian Roulette,,,,,,,,,,,,,,,,
Eri Nobuchika,Voice (Album Mix),,,,,,,,,,,,,,,,
Archie Bronson Outfit,Modern Lovers,,,,,,,,,,,,,,,,
Metallica,Last Caress / Green Hell,,,,,,,,,,,,,,,,
Basement Jaxx,Good Luck (Feat. Lisa Kekaula),,,,,,,,,,,,,,,,
鈴村健一,Hitotsu,,,,,,,,,,,,,,,,
Brian Eno & David Byrne,Poor Boy,,,,,,,,,,,,,,,,
Johnny Cash,Before My Time,,,,,,,,,,,,,,,,
The Decemberists,An Interlude,,,,,,,,,,,,,,,,
Why?,Rubber Traits,,,,,,,,,,,,,,,,
Morrissey,Sing Your Life,,,,,,,,,,,,,,,,
Johnny Cash,I Came To Believe,,,,,,,,,,,,,,,,
Dragon Ash,Way U Move,,,,,,,,,,,,,,,,
New Order,State Of The Nation,,,,,,,,,,,,,,,,
The Fiery Furnaces,My Dog Was Lost But Now He'S Found,,,,,,,,,,,,,,,,
Hole,Rock Star,,,,,,,,,,,,,,,,
The Fiery Furnaces,Bitter Tea,,,,,,,,,,,,,,,,
Home Made 家族,Thank You!!,,,,,,,,,,,,,,,,
Dread Zeppelin,Hot Dog,,,,,,,,,,,,,,,,
The Research,C'Mon Chameleon,,,,,,,,,,,,,,,,
Korpiklaani,Under The Sun,,,,,,,,,,,,,,,,
The Weakerthans,Uncorrected Proofs,,,,,,,,,,,,,,,,
Underworld,Dirty Epic,0.4,0.4,0.8,0.2,0.0,0.0,0.0,0.0,0.0,0.0,0.0,0.0,1.0,0.8,0.0,0.0
Britney Spears,(I Got That) Boom Boom,,,,,,,,,,,,,,,,
Draconian,Silent Winter,,,,,,,,,,,,,,,,
The Faint,Symptom Finger,,,,,,,,,,,,,,,,
The Faint,Paranoiattack,,,,,,,,,,,,,,,,
Eri Nobuchika,Kutsu Wo Nara Sou,,,,,,,,,,,,,,,,
White Rose Movement,Kick,,,,,,,,,,,,,,,,
Murcof,Rostro,,,,,,,,,,,,,,,,
Murcof,Resignación,,,,,,,,,,,,,,,,
Live,Face And Ghost (The Children'S Song),,,,,,,,,,,,,,,,
Little Man Tate,House Party At Boothy'S,,,,,,,,,,,,,,,,
Devendra Banhart,Hows About Tellin A Story,,,,,,,,,,,,,,,,
Silverchair,Steam Will Rise,,,,,,,,,,,,,,,,
Aimee Mann,Momentum,,,,,,,,,,,,,,,,
:Wumpscut:,Flangegod,,,,,,,,,,,,,,,,
Madonna,Sorry (Radio Edit),,,,,,,,,,,,,,,,
Third Eye Blind,10 Days Late,,,,,,,,,,,,,,,,
Jason Mraz,No Stopping Us,,,,,,,,,,,,,,,,
Uffie,Hot Chick (Feadz Edit) (Fabriclive 33),,,,,,,,,,,,,,,,
Slipknot,Snuff,,,,,,,,,,,,,,,,
Kettcar,Balkon Gegenüber,1.0,0.6,0.0,0.2,0.8,0.4,0.6,0.0,0.0,0.0,0.0,0.0,0.0,0.0,0.8,0.0
The Verve,Stormy Clouds,,,,,,,,,,,,,,,,
Kotoko,Face Of Fact,,,,,,,,,,,,,,,,
God Lives Underwater,All Wrong,0.8,0.6,1.0,0.4,0.8,0.8,0.0,0.0,0.0,0.0,0.0,0.0,0.8,0.8,0.8,0.0
Ugly Casanova,Diamonds On The Face Of Evil,,,,,,,,,,,,,,,,
Caribou,Niobe,,,,,,,,,,,,,,,,
Lamb Of God,Forgotten (Lost Angels),,,,,,,,,,,,,,,,
The La'S,Feelin',,,,,,,,,,,,,,,,
Razorlight,Hostage Of Love,,,,,,,,,,,,,,,,
Paco De Lucía,Entre Dos Aguas,,,,,,,,,,,,,,,,
The Black Keys,Black Door,,,,,,,,,,,,,,,,
Nellie Mckay,Change The World,,,,,,,,,,,,,,,,
Fort Minor,Kenji,,,,,,,,,,,,,,,,
Underworld,Crocodile,,,,,,,,,,,,,,,,
Silversun Pickups,Catch And Release,,,,,,,,,,,,,,,,
David Bowie,Big Brother,,,,,,,,,,,,,,,,
Fort Minor,Petrified,,,,,,,,,,,,,,,,
Kate Bush,Aerial Tal,,,,,,,,,,,,,,,,
Kate Bush,Breathing,,,,,,,,,,,,,,,,
Clutch,Spleen Merchant,,,,,,,,,,,,,,,,
Devendra Banhart,Chinese Children,,,,,,,,,,,,,,,,
Devendra Banhart,Korean Dogwood,,,,,,,,,,,,,,,,
Steve Vai,For The Love Of God,,,,,,,,,,,,,,,,
Devendra Banhart,Insect Eyes,,,,,,,,,,,,,,,,
Mclusky,Alan Is A Cowboy Killer,,,,,,,,,,,,,,,,
The Soundtrack Of Our Lives,Sister Surround,,,,,,,,,,,,,,,,
Bob Marley,Iron Lion Zion,,,,,,,,,,,,,,,,
Motion City Soundtrack,Make Out Kids,,,,,,,,,,,,,,,,
Draconian,The Amaranth,,,,,,,,,,,,,,,,
Razorlight,Dalston,,,,,,,,,,,,,,,,
The Field,The Little Heart Beats So Fast,,,,,,,,,,,,,,,,
Godsmack,Faceless,,,,,,,,,,,,,,,,
Godsmack,Greed,,,,,,,,,,,,,,,,
Jason Collett,Out Of Time,,,,,,,,,,,,,,,,
Bebe,Malo,,,,,,,,,,,,,,,,
Bauhaus,Third Uncle,,,,,,,,,,,,,,,,
Rotting Christ,Nemecic,,,,,,,,,,,,,,,,
Basement Jaxx,Zoomalude,,,,,,,,,,,,,,,,
The National,It Never Happened,,,,,,,,,,,,,,,,
Dethklok,Go Forth And Die,,,,,,,,,,,,,,,,
Dethklok,Go Into The Water,,,,,,,,,,,,,,,,
David Bowie,Future Legend,,,,,,,,,,,,,,,,
Deux,Sometimes,,,,,,,,,,,,,,,,
Bloodbath,Death Delirium,,,,,,,,,,,,,,,,
Silversun Pickups,Draining,,,,,,,,,,,,,,,,
Bloodbath,The Soulcollector,,,,,,,,,,,,,,,,
Francisca Valenzuela,Dulce,,,,,,,,,,,,,,,,
Bloodbath,Bathe In Blood,,,,,,,,,,,,,,,,
Bloodhound Gang,Bad Touch,,,,,,,,,,,,,,,,
Destroyer,Looters' Follies,,,,,,,,,,,,,,,,
This Providence,A Wolf In Sheep'S Clothing,,,,,,,,,,,,,,,,
Stereolab,Lo Boob Oscillator,,,,,,,,,,,,,,,,
Sam Sparro,Recycle It!,,,,,,,,,,,,,,,,
Sweet,Little Willy,,,,,,,,,,,,,,,,
Alicia Keys,Stolen Moments,,,,,,,,,,,,,,,,
Slipknot,Gently,,,,,,,,,,,,,,,,
Live,Meltdown,,,,,,,,,,,,,,,,
The Byrds,Eight Miles High,,,,,,,,,,,,,,,,
Slipknot,Danger - Keep Away,,,,,,,,,,,,,,,,
Before The Dawn,Morning Sun,1.0,0.8,0.0,0.2,1.0,1.0,0.0,0.0,0.0,0.0,0.0,0.0,0.4,0.4,1.0,0.0
Kent,Vy Från Ett Luftslott,,,,,,,,,,,,,,,,
Bel Canto,Look 3,,,,,,,,,,,,,,,,
Bel Canto,Nornagest,,,,,,,,,,,,,,,,
The Twilight Singers,Esta Noche,,,,,,,,,,,,,,,,
Roxette,How Do You Do,,,,,,,,,,,,,,,,
Rouge Rouge,L'Amour,,,,,,,,,,,,,,,,
M. Ward,Involuntary,,,,,,,,,,,,,,,,
M. Ward,Let'S Dance,,,,,,,,,,,,,,,,
Walls Of Jericho,I Know Hollywood And You Ain'T It,,,,,,,,,,,,,,,,
Cats On Fire,Draw In The Reins,,,,,,,,,,,,,,,,
Frank Black,Los Angeles,,,,,,,,,,,,,,,,
The Black Keys,Thickfreakness,,,,,,,,,,,,,,,,
Madonna,Amazing,,,,,,,,,,,,,,,,
Saint Etienne,You'Re In A Bad Way,0.4,0.2,0.8,0.6,0.2,0.0,0.0,0.0,0.0,0.0,0.0,0.0,0.8,0.6,0.6,0.0
The Black Keys,Till I Get My Way,,,,,,,,,,,,,,,,
The Black Keys,Just A Little Heat,,,,,,,,,,,,,,,,
Theatre Of Tragedy,And When He Falleth,,,,,,,,,,,,,,,,
Sage Francis,Gunz Yo,,,,,,,,,,,,,,,,
Simon & Garfunkel,Keep The Customer Satisfied,,,,,,,,,,,,,,,,
Destroyer,Priest'S Knees,,,,,,,,,,,,,,,,
White Rose Movement,Testcard Girl,,,,,,,,,,,,,,,,
Clutch,Burning Beard,,,,,,,,,,,,,,,,
British Sea Power,North Hanging Rock,,,,,,,,,,,,,,,,
Silversun Pickups,The Fuzz,,,,,,,,,,,,,,,,
Era,Ameno (Remix),,,,,,,,,,,,,,,,
Rancid,Listed M.I.A.,1.0,0.8,0.0,0.0,1.0,0.8,0.0,0.0,0.0,0.0,0.0,0.0,0.0,0.0,1.0,0.0
Ce Ce Peniston,Finally,0.0,0.0,1.0,0.6,0.0,0.0,0.0,0.0,0.0,0.0,0.0,0.0,1.0,0.8,0.8,0.0
Goran Bregović,Kalasnjikov,,,,,,,,,,,,,,,,
Swod,I Think He Was A Journalist,,,,,,,,,,,,,,,,
Eluveitie,Gray Sublime Archon,,,,,,,,,,,,,,,,
Tegan And Sara,This Is Everything,,,,,,,,,,,,,,,,
Hocico,Twisted Lines (Boiling Turmoil Remix By Solitary Experiments),,,,,,,,,,,,,,,,
Blur,Mr. Robinson'S Quango,,,,,,,,,,,,,,,,
Blur,Moroccan Peoples Revolutionary Bowls Club,0.8,0.6,0.2,0.6,0.6,0.6,0.0,0.0,0.0,0.0,0.4,0.0,0.4,0.4,0.6,0.0
Amorphis,Veil Of Sin,,,,,,,,,,,,,,,,
Amorphis,Tuonela,,,,,,,,,,,,,,,,
After Forever,The Evil That Men Do,,,,,,,,,,,,,,,,
Sade,Slave Song,,,,,,,,,,,,,,,,
Kotiteollisuus,Rakastaa/Ei Rakasta,,,,,,,,,,,,,,,,
Toktok Vs. Soffy O.,Missy Queen'S Gonna Die,,,,,,,,,,,,,,,,
The Blow,Come On Petunia,,,,,,,,,,,,,,,,
Epica,Solitary Ground,,,,,,,,,,,,,,,,
Do Make Say Think,Ontario Plates,,,,,,,,,,,,,,,,
Stephen Sondheim,No Place Like London,,,,,,,,,,,,,,,,
Minutemen,Viet Nam,,,,,,,,,,,,,,,,
Stephen Sondheim,The Worst Pies In London,,,,,,,,,,,,,,,,
Underoath,You'Re Ever So Inviting,,,,,,,,,,,,,,,,
Kate Bush,Get Out Of My House,,,,,,,,,,,,,,,,
Mumm-Ra,She'S Got You High,,,,,,,,,,,,,,,,
Mirah,Nobody Has To Stay,,,,,,,,,,,,,,,,
The 69 Eyes,Only You Can Save Me,,,,,,,,,,,,,,,,
The Kinks,Dandy,,,,,,,,,,,,,,,,
Descendents,I'M Not A Loser,,,,,,,,,,,,,,,,
The 69 Eyes,Pitchblack,,,,,,,,,,,,,,,,
David Bowie,Nature Boy,,,,,,,,,,,,,,,,
Stephen Malkmus,Pink India,,,,,,,,,,,,,,,,
Stellastarr*,My Coco,,,,,,,,,,,,,,,,
Elvis Costello,She,,,,,,,,,,,,,,,,
Dead Can Dance,Fortune Presents Gifts Not According To The Book,,,,,,,,,,,,,,,,
Pain Of Salvation,Chapter Ii: Dryad Of The Woods,0.4,0.2,0.0,0.4,0.0,0.0,1.0,0.8,0.0,0.6,0.0,0.0,0.0,0.0,0.4,0.0
Dr. Dre,Forgot About Dre (Feat. Eminem),,,,,,,,,,,,,,,,
Sleater-Kinney,Stay Where You Are,,,,,,,,,,,,,,,,
Alestorm,Captain Morgan'S Revenge,1.0,1.0,0.0,0.6,1.0,1.0,0.0,0.4,0.0,0.0,0.0,0.0,0.2,0.4,1.0,0.0
Cave In,In The Stream Of Commerce,,,,,,,,,,,,,,,,
