artist_name,track_name,Drum Set,Drum Aggressiveness,Synthetic Drums,Percussion,Electric Guitar,Electric Guitar Distortion,Acoustic Guitar,String Ensemble,Horn Ensemble,Piano,Organ,Rhodes,Synthesizer,Synth Timbre,Bass Guitar,Reed Instrument
The Decemberists,Bridges And Balloons,,,,,,,,,,,,,,,,
Faith No More,Jizzlobber,,,,,,,,,,,,,,,,
Faith No More,Anne'S Song,,,,,,,,,,,,,,,,
The Dears,The Second Part,,,,,,,,,,,,,,,,
Q And Not U,Wonderful People,,,,,,,,,,,,,,,,
Joe Strummer,Love Kills,,,,,,,,,,,,,,,,
Swallow The Sun,Silence Of The Womb,,,,,,,,,,,,,,,,
Yes,Long Distance Runaround,,,,,,,,,,,,,,,,
Joe Strummer & The Mescaleros,Redemption Song,,,,,,,,,,,,,,,,
Pennywise,Perfect People,,,,,,,,,,,,,,,,
Q Project,Champion Sound (Bad Company Remix),0.0,0.0,1.0,0.4,0.0,0.0,0.0,0.0,0.0,0.0,0.0,0.0,0.8,1.0,0.0,0.0
Cold,She Said,,,,,,,,,,,,,,,,
Yes,Don'T Kill The Whale,,,,,,,,,,,,,,,,
Dapunksportif,Private Disco,,,,,,,,,,,,,,,,
Travis,Happy To Hang Around,,,,,,,,,,,,,,,,
Swan Lake,City Calls,,,,,,,,,,,,,,,,
Alice Russell,Hurry On Now,,,,,,,,,,,,,,,,
The Dears,No Cities Left,,,,,,,,,,,,,,,,
Cold,Bleed,,,,,,,,,,,,,,,,
Alice Russell,To Know This,,,,,,,,,,,,,,,,
Blink-182,Asthenia,,,,,,,,,,,,,,,,
Blonde Redhead,Violent Life,,,,,,,,,,,,,,,,
The Offspring,Smash,,,,,,,,,,,,,,,,
The Offspring,Stuff Is Messed Up,,,,,,,,,,,,,,,,
A Flock Of Seagulls,Modern Love Is Automatic,,,,,,,,,,,,,,,,
M. Ward,Get To The Table On Time,,,,,,,,,,,,,,,,
A Fine Frenzy,Borrowed Time,,,,,,,,,,,,,,,,
Megadeth,I Ain'T Superstitious,,,,,,,,,,,,,,,,
Say Hi To Your Mom,The Death Of Girl Number Two,,,,,,,,,,,,,,,,
Five For Fighting,Superman (It'S Not Easy),,,,,,,,,,,,,,,,
Asian Dub Foundation,Take Back The Power,,,,,,,,,,,,,,,,
Oceansize,Ornament/The Last Wrongs,,,,,,,,,,,,,,,,
Deltron 3030,St. Catherine St.,,,,,,,,,,,,,,,,
The Offspring,All Along,,,,,,,,,,,,,,,,
Two-Mix,Break,,,,,,,,,,,,,,,,
Devo,Satisfaction,,,,,,,,,,,,,,,,
Devin Townsend,Truth,,,,,,,,,,,,,,,,
T.M.Revolution,Hot Limit,,,,,,,,,,,,,,,,
Johan,She'S Got A Way With Men,,,,,,,,,,,,,,,,
Devo,Cold War,0.8,0.6,1.0,0.2,0.6,0.4,0.0,0.0,0.0,0.0,0.0,0.0,0.8,0.8,0.8,0.0
Coheed And Cambria,Hearshot Kid Disaster,,,,,,,,,,,,,,,,
The Decemberists,Shankhill Butchers,,,,,,,,,,,,,,,,
Behemoth,Mysterium Coniunctionis (Hermanubis),,,,,,,,,,,,,,,,
The Decemberists,Human Behaviour,,,,,,,,,,,,,,,,
The Number Twelve Looks Like You,Like A Cat,,,,,,,,,,,,,,,,
Marcy Playground,A Cloak Of Elvenkind,,,,,,,,,,,,,,,,
Håkan Hellström,Nu Kan Du Få Mig Så Lätt,,,,,,,,,,,,,,,,
Asian Dub Foundation,Rise To The Challenge,,,,,,,,,,,,,,,,
Bob Marley & The Wailers,Want More,,,,,,,,,,,,,,,,
Midnattsol,Unpayable Silence,,,,,,,,,,,,,,,,
Brian Eno,Under Stars Ii,,,,,,,,,,,,,,,,
Saybia,The Day After Tomorrow,,,,,,,,,,,,,,,,
Fito Páez,Contigo (Ft. Joaquin Sabina),,,,,,,,,,,,,,,,
Alice In Chains,Godsmack,,,,,,,,,,,,,,,,
Midlake,The Reprimand,,,,,,,,,,,,,,,,
Patrick Wolf,The Bachelor,,,,,,,,,,,,,,,,
Billy Corgan,A100,,,,,,,,,,,,,,,,
Silver Jews,Like Like The The The Death,,,,,,,,,,,,,,,,
People Press Play,These Days,,,,,,,,,,,,,,,,
Tomahawk,Pop 1,,,,,,,,,,,,,,,,
The Pussycat Dolls,Magic,,,,,,,,,,,,,,,,
The Pussycat Dolls,Right Now,,,,,,,,,,,,,,,,
Billy Bragg & Wilco,Birds And Ships,,,,,,,,,,,,,,,,
Midnight Juggernauts,Aurora,,,,,,,,,,,,,,,,
Buffalo Tom,Late At Night,,,,,,,,,,,,,,,,
Echo & The Bunnymen,My White Devil,,,,,,,,,,,,,,,,
Echo & The Bunnymen,Higher Hell,,,,,,,,,,,,,,,,
Sondre Lerche,The Curse Of Being In Love,,,,,,,,,,,,,,,,
La Oreja De Van Gogh,La Playa,,,,,,,,,,,,,,,,
The Notorious B.I.G.,Fuck Me (Interlude),,,,,,,,,,,,,,,,
La Mancha De Rolando,Antes,,,,,,,,,,,,,,,,
Sads,Masquerade,,,,,,,,,,,,,,,,
Quasimoto,Come On Feet,,,,,,,,,,,,,,,,
Guster,Diane,,,,,,,,,,,,,,,,
Skin,Faithfulness,,,,,,,,,,,,,,,,
Coheed And Cambria,God Send Conspirator,,,,,,,,,,,,,,,,
Bel Canto,Chaideinoi,,,,,,,,,,,,,,,,
Skindred,Babylon,,,,,,,,,,,,,,,,
Devo,Too Much Paranoias,,,,,,,,,,,,,,,,
Pram,The Last Astronaut (Andy Votel Mix),,,,,,,,,,,,,,,,
Demi Lovato,On The Line (Feat. Jonas Brothers),,,,,,,,,,,,,,,,
Nina Simone,Backlash Blues,,,,,,,,,,,,,,,,
Hauschka,Nadelwald,0.0,0.0,0.0,0.6,0.0,0.0,0.0,0.6,0.0,0.8,0.0,0.0,0.0,0.0,0.0,0.0
Hauschka,Barfuß Durchs Gras,,,,,,,,,,,,,,,,
Prefuse 73,Altoid Addiction (Interlude),,,,,,,,,,,,,,,,
Echo & The Bunnymen,All Because Of You Days,,,,,,,,,,,,,,,,
Leonel Nunes,Um Pepino Entre Os Tomates,,,,,,,,,,,,,,,,
Songs: Ohia,Almost Was Good Enough,,,,,,,,,,,,,,,,
Sabrina,Boys (Summertime Love) (Dub Version),,,,,,,,,,,,,,,,
Vast,The Last One Alive,,,,,,,,,,,,,,,,
Songs: Ohia,Peoria Lunch Box Blues,,,,,,,,,,,,,,,,
Wir Sind Helden,Wenn Es Passiert,,,,,,,,,,,,,,,,
Torche,Vampyro,,,,,,,,,,,,,,,,
Songs: Ohia,Nervous Bride,,,,,,,,,,,,,,,,
Tom Waits,Who Are You,,,,,,,,,,,,,,,,
M. Ward,Deep Dark Well,,,,,,,,,,,,,,,,
Håkan Hellström,Mitt Gullbergs Kaj Paradis,,,,,,,,,,,,,,,,
In Flames,Clad In Shadows,,,,,,,,,,,,,,,,
Sick Of It All,Built To Last,,,,,,,,,,,,,,,,
Delinquent (Feat. Kcat),My Destiny (Delio D'Cruz Vs. Paul Emmanuel Radio Edit),,,,,,,,,,,,,,,,
Ween,The Hiv Song,,,,,,,,,,,,,,,,
Of Montreal,Everyday Feels Like Sunday,,,,,,,,,,,,,,,,
Of Montreal,Isn'T It Nice?,,,,,,,,,,,,,,,,
Cocteau Twins,Throughout The Dark Months Of April And May,,,,,,,,,,,,,,,,
Cocteau Twins,Sugar Hiccup,,,,,,,,,,,,,,,,
Nile,The Language Of The Shadows,1.0,1.0,0.0,0.4,1.0,1.0,0.0,0.4,0.0,0.0,0.0,0.0,0.0,0.0,1.0,0.0
Margot & The Nuclear So And So'S,Talking In Code,,,,,,,,,,,,,,,,
Faithless,Crazy English Summer,,,,,,,,,,,,,,,,
Code 64,Sea Of Stars,,,,,,,,,,,,,,,,
Faith No More,What A Day,,,,,,,,,,,,,,,,
Faithless,Dirty Ol' Man,,,,,,,,,,,,,,,,
Faith No More,Mouth To Mouth,,,,,,,,,,,,,,,,
Miles Davis,Bye Bye Blackbird,0.8,0.2,0.0,0.0,0.0,0.0,0.0,0.0,0.0,0.8,0.0,0.0,0.0,0.0,0.8,1.0
Beirut,Mimizan,,,,,,,,,,,,,,,,
Avril Lavigne,Girlfriend (Feat. Lil' Mama),,,,,,,,,,,,,,,,
Gustavo Santaolalla,Opening,,,,,,,,,,,,,,,,
Björk,Kata Rokkar,,,,,,,,,,,,,,,,
Easyworld,Junkies And Whores,,,,,,,,,,,,,,,,
Easyworld,Til The Day,,,,,,,,,,,,,,,,
Built To Spill,Happiness,,,,,,,,,,,,,,,,
Easy Star All-Stars,Subterranean Homesick Alien,,,,,,,,,,,,,,,,
4Lyn,The Good Life Period,,,,,,,,,,,,,,,,
Megadeth,Almost Honest,,,,,,,,,,,,,,,,
Brian Eno,And Then So Clear,,,,,,,,,,,,,,,,
Sonic Roots,Take You High,,,,,,,,,,,,,,,,
Saalschutz,Das Lied Mit Den Suggestivfragen,,,,,,,,,,,,,,,,
Easyworld,All I Can Remember,,,,,,,,,,,,,,,,
Miles Davis,Concierto De Aranjuez (Adagio),,,,,,,,,,,,,,,,
Billie The Vision & The Dancers,Goodnight Sweetheart,,,,,,,,,,,,,,,,
The Quantic Soul Orchestra,Feeling Good (Feat. Alice Russell),,,,,,,,,,,,,,,,
Nightwish,This Moment Is Eternity,,,,,,,,,,,,,,,,
Nightwish,Whoever Brings The Night (Live),,,,,,,,,,,,,,,,
Gustavo Cerati,Dios Nos Libre,,,,,,,,,,,,,,,,
Gustavo Cerati,Otra Piel,,,,,,,,,,,,,,,,
清春,Horizon,,,,,,,,,,,,,,,,
Bel Canto,Tree,,,,,,,,,,,,,,,,
Skindred,Trouble,,,,,,,,,,,,,,,,
Arise,Another World To Consume,,,,,,,,,,,,,,,,
Emperor,Towards The Pantheon,,,,,,,,,,,,,,,,
Deltron 3030,National Movie Review,,,,,,,,,,,,,,,,
The Clientele,Missing,,,,,,,,,,,,,,,,
The Clientele,Geometry Of Lawns,0.6,0.2,0.0,0.4,0.6,0.2,0.4,0.6,0.0,0.0,0.4,0.0,0.2,0.2,0.6,0.0
Nikka Costa,Everybody Got Their Something,,,,,,,,,,,,,,,,
Shape Of Despair,Night'S Dew,,,,,,,,,,,,,,,,
Shapeshifters,Lola'S Theme (Eric Prydz Mix),,,,,,,,,,,,,,,,
Siouxsie And The Banshees,The Last Beat Of My Heart,,,,,,,,,,,,,,,,
Miles Davis,My Funny Valentine,,,,,,,,,,,,,,,,
L'Arc~En~Ciel,Lover Boy,,,,,,,,,,,,,,,,
Van Halen,Won'T Get Fooled Again,,,,,,,,,,,,,,,,
Odyssey,Who,,,,,,,,,,,,,,,,
In Flames,Eye Of The Beholder,,,,,,,,,,,,,,,,
All Bets Off,Earthquake Weather,,,,,,,,,,,,,,,,
Eskobar,Hallelujah New World,,,,,,,,,,,,,,,,
The 69 Eyes,Dream Master,,,,,,,,,,,,,,,,
David Bowie,Thursday'S Child,,,,,,,,,,,,,,,,
Danny Elfman,Casting A Spell,,,,,,,,,,,,,,,,
Badly Drawn Boy,I Was Wrong,,,,,,,,,,,,,,,,
In Flames,Drenched In Fear,,,,,,,,,,,,,,,,
Madonna,Don'T Cry For Me Argentina,,,,,,,,,,,,,,,,
...And You Will Know Us By The Trail Of Dead,Blight Takes All,,,,,,,,,,,,,,,,
John Coltrane,Like Someone In Love,,,,,,,,,,,,,,,,
Beastie Boys,Just A Test,,,,,,,,,,,,,,,,
米倉千尋,10 Years After (Always Mix),,,,,,,,,,,,,,,,
Boards Of Canada,Original Nlogax,,,,,,,,,,,,,,,,
The Detroit Cobras,Baby Let Me Hold Your Hand,,,,,,,,,,,,,,,,
Dfc,Coexistência Do Caos,,,,,,,,,,,,,,,,
The Detroit Cobras,Try Love,,,,,,,,,,,,,,,,
Guri Schanke,Ven A Bailar Conmigo (Norway),,,,,,,,,,,,,,,,
Seu Jorge,Carolina,,,,,,,,,,,,,,,,
Seu Jorge,Lady Stardust,,,,,,,,,,,,,,,,
Wax Stag,Short Road,,,,,,,,,,,,,,,,
Alice Cooper,I'M Your Gun,,,,,,,,,,,,,,,,
Mediengruppe Telekommander,Ein Kleiner Widerstand,,,,,,,,,,,,,,,,
Sonic Youth,I Dreamed I Dream,,,,,,,,,,,,,,,,
Miley Cyrus,Nobody'S Perfect,,,,,,,,,,,,,,,,
Theatre Of Tragedy,Universal Race,0.8,0.8,0.6,0.0,0.8,0.8,0.0,0.4,0.0,0.0,0.0,0.0,0.8,0.8,0.6,0.0
The White Stripes,I Fought Piranhas,,,,,,,,,,,,,,,,
Earth,Mirage,,,,,,,,,,,,,,,,
Asobi Seksu,Stay,,,,,,,,,,,,,,,,
The National,Patterns Of Fairytales,,,,,,,,,,,,,,,,
The National,The Perfect Song,,,,,,,,,,,,,,,,
Anorexia Nervosa,The Shining,,,,,,,,,,,,,,,,
Mediengruppe Telekommander,Mach Das Leiser,,,,,,,,,,,,,,,,
Mediengruppe Telekommander,Kommanda,,,,,,,,,,,,,,,,
Sonic Youth,Saucer-Like,,,,,,,,,,,,,,,,
Fischerspooner,!@*$%#,,,,,,,,,,,,,,,,
Hypocrisy,Disconnected Magnetic Corridors,,,,,,,,,,,,,,,,
Millencolin,Fox,,,,,,,,,,,,,,,,
Daniel Powter,Styrofoam,,,,,,,,,,,,,,,,
Sonic Youth,Master-Dik,,,,,,,,,,,,,,,,
Kylie Minogue,Still Standing,,,,,,,,,,,,,,,,
Hypocrisy,Blooddrenched,,,,,,,,,,,,,,,,
Hypocrisy,A Coming Race,,,,,,,,,,,,,,,,
Incredible Bongo Band,Apache,,,,,,,,,,,,,,,,
Nightwish,Crimson Tide / Deep Blue Sea (Live),1.0,0.8,0.2,0.4,1.0,0.8,0.0,0.8,0.0,0.4,0.4,0.0,0.8,0.6,1.0,0.0
Bob Sinclar,Rock This Party (Everybody Dance Now) (Radio Edit),,,,,,,,,,,,,,,,
Akon & Eminem,Smack That,0.6,0.6,1.0,0.6,0.2,0.0,0.0,0.0,0.0,0.0,0.0,0.0,0.8,0.8,0.8,0.0
Susperia,Release,,,,,,,,,,,,,,,,
Susanna And The Magical Orchestra,Believer,,,,,,,,,,,,,,,,
Susanna And The Magical Orchestra,It'S A Long Way To The Top,,,,,,,,,,,,,,,,
Maria Peszek,Mgła,,,,,,,,,,,,,,,,
Maria Mena,Blame It On Me,,,,,,,,,,,,,,,,
Cock Sparrer,Chip On My Shoulder,,,,,,,,,,,,,,,,
Della Reese,With Pen In Hand,,,,,,,,,,,,,,,,
Beastie Boys,Something'S Got To Give,,,,,,,,,,,,,,,,
The Stone Roses,How Do You Sleep,,,,,,,,,,,,,,,,
Amerie,Nothing Like Loving You,,,,,,,,,,,,,,,,
Tactical Sekt,You'Re Fired,,,,,,,,,,,,,,,,
Tactical Sekt,Genetic Mistrust,0.0,0.0,1.0,0.0,0.0,0.0,0.0,0.0,0.0,0.0,0.0,0.0,1.0,1.0,0.0,0.0
Róisín Murphy,The Closing Of The Doors,,,,,,,,,,,,,,,,
Arcana,The Oath,,,,,,,,,,,,,,,,
Eric Clapton,Lonely Stranger,,,,,,,,,,,,,,,,
All Girl Summer Fun Band,Girl #3,,,,,,,,,,,,,,,,
Hypocrisy,Craving For Another Killing,,,,,,,,,,,,,,,,
The 5Th Dimension,Aquarius/Let The Sun Shine In,,,,,,,,,,,,,,,,
Meck Feat. Dino,Feels Like Home (Radio Edit),,,,,,,,,,,,,,,,
The Music,The Last One,,,,,,,,,,,,,,,,
Earlimart,Fakey Fake,,,,,,,,,,,,,,,,
Kylie Minogue,Obsession,,,,,,,,,,,,,,,,
Róisín Murphy,Prelude To Love In The Making,,,,,,,,,,,,,,,,
Billie Holiday,Lady Sings The Blues,,,,,,,,,,,,,,,,
The White Stripes,Cold Cold Night,,,,,,,,,,,,,,,,
Kyau & Albert,Kiksu (Original Mix),,,,,,,,,,,,,,,,
Nightmares On Wax,(Man) Tha Journey,0.4,0.2,0.8,0.6,0.0,0.0,0.0,0.0,0.0,0.0,0.0,0.6,0.8,0.4,0.8,0.0
The Raconteurs,Pull This Blanket Off,,,,,,,,,,,,,,,,
Björk,So Broken,,,,,,,,,,,,,,,,
Frank Zappa,Trouble Every Day,,,,,,,,,,,,,,,,
Kylie Minogue,After Dark,,,,,,,,,,,,,,,,
Assemblage 23,Apart,,,,,,,,,,,,,,,,
Milosh,The Sky Is Grey,,,,,,,,,,,,,,,,
Nightmares On Wax,Groove St.,,,,,,,,,,,,,,,,
Nightmare Of You,Why Am I Always Right?,,,,,,,,,,,,,,,,
John Foxx,030,,,,,,,,,,,,,,,,
Nightmares On Wax,Chime Out,,,,,,,,,,,,,,,,
Nightmares On Wax,Ethnic Majority,,,,,,,,,,,,,,,,
The Dillinger Escape Plan,Fix Your Face,,,,,,,,,,,,,,,,
Diablo,Omerta,,,,,,,,,,,,,,,,
John Foxx,Miles Away,,,,,,,,,,,,,,,,
The View,Gran'S For Tea,,,,,,,,,,,,,,,,
Cock Robin,Stumble And Fall,,,,,,,,,,,,,,,,
Set Your Goals,Work In Progress,,,,,,,,,,,,,,,,
Skinny Puppy,Curcible,,,,,,,,,,,,,,,,
Cobra Starship,The World Has Its Shine (But I Would Drop It On A Dime),0.6,0.6,0.8,0.2,0.4,0.4,0.0,0.0,0.0,0.0,0.0,0.0,0.8,0.8,0.8,0.0
The Music,Idle,0.8,0.8,0.0,0.4,0.6,0.6,0.0,0.0,0.0,0.0,0.0,0.0,0.4,0.4,0.8,0.0
Nightmares On Wax,Pipes Honour,,,,,,,,,,,,,,,,
Cobra Starship,The City Is At War,,,,,,,,,,,,,,,,
The Devin Townsend Band,Mental Tan,,,,,,,,,,,,,,,,
Assemblage 23,Fallen Down,,,,,,,,,,,,,,,,
The Be Good Tanyas,Light Enough To Travel,,,,,,,,,,,,,,,,
The Radio Dept.,Closing Scene,,,,,,,,,,,,,,,,
Part Chimp,Hello Bastards,,,,,,,,,,,,,,,,
The White Stripes,Black Math (Live Under Blackpool Lights),,,,,,,,,,,,,,,,
The Radio Dept.,Let Me Have This,,,,,,,,,,,,,,,,
The Be Good Tanyas,House Of The Rising Sun,,,,,,,,,,,,,,,,
Parts & Labor,Brighter Days,,,,,,,,,,,,,,,,
Parts & Labor,The Gold We'Re Digging,,,,,,,,,,,,,,,,
...And You Will Know Us By The Trail Of Dead,Insatiable (One),,,,,,,,,,,,,,,,
Los Lobos,Wake Up Dolores,,,,,,,,,,,,,,,,
India.Arie,I Am Not My Hair (Feat. Akon),,,,,,,,,,,,,,,,
Pet Shop Boys,My October Symphony,,,,,,,,,,,,,,,,
The Smiths,What Difference Does It Make (Peel Session),,,,,,,,,,,,,,,,
Nightingale,Game Over,,,,,,,,,,,,,,,,
John Foxx,Touch And Go,,,,,,,,,,,,,,,,
The Clash,Cheapskates,,,,,,,,,,,,,,,,
Delerium,Silence (Niels Van Gogh Vs. Thomas Gold Remix),,,,,,,,,,,,,,,,
Yo La Tengo,Double Dare,,,,,,,,,,,,,,,,
Manic Street Preachers,Slash 'N' Burn,,,,,,,,,,,,,,,,
Covenant,Brave New World,,,,,,,,,,,,,,,,
Delerium,Duende,,,,,,,,,,,,,,,,
Covenant,Monochrome,,,,,,,,,,,,,,,,
Portishead,Toy Box,,,,,,,,,,,,,,,,
Portugal. The Man,Shade,,,,,,,,,,,,,,,,
Covenant,No Man'S Land,,,,,,,,,,,,,,,,
David Ford,I Don'T Care What You Call Me (Radio Edit),,,,,,,,,,,,,,,,
The Stone Roses,One Love,,,,,,,,,,,,,,,,
Kult,Wódka,,,,,,,,,,,,,,,,
Sonique,Sky,,,,,,,,,,,,,,,,
Mindless Self Indulgence,Unsociable,,,,,,,,,,,,,,,,
Eagle-Eye Cherry,Are You Still Having Fun,,,,,,,,,,,,,,,,
Kult,Piotr Pielgrzym,,,,,,,,,,,,,,,,
Ministry,Faith Collapsing,,,,,,,,,,,,,,,,
Burzum,Dunkelheit,,,,,,,,,,,,,,,,
Ryan Adams,Two Hearts,,,,,,,,,,,,,,,,
Annihilator,Word Salad,,,,,,,,,,,,,,,,
Minilogue,Jamaica,,,,,,,,,,,,,,,,
Sono,A New Cage,,,,,,,,,,,,,,,,
Ministry,Grace,,,,,,,,,,,,,,,,
The Vines,Country Yard,,,,,,,,,,,,,,,,
Superpitcher,People,,,,,,,,,,,,,,,,
Nicole,Ajaton,,,,,,,,,,,,,,,,
Nicola Hitchcock,You Will Feel Like This,,,,,,,,,,,,,,,,
Supersuckers,A Good Night For My Drinkin',,,,,,,,,,,,,,,,
Los Hermanos,O Vencedor,,,,,,,,,,,,,,,,
John Frusciante,The First Season,,,,,,,,,,,,,,,,
John Frusciante,I Can'T See Until I See Your Eyes,,,,,,,,,,,,,,,,
Warmen,Somebody'S Watching Me,,,,,,,,,,,,,,,,
Queens Of The Stone Age,Infinity,,,,,,,,,,,,,,,,
The Dismemberment Plan,A Life Of Possibilities,,,,,,,,,,,,,,,,
Queens Of The Stone Age,Never Say Never,,,,,,,,,,,,,,,,
Supersuckers,Roadworn And Weary,,,,,,,,,,,,,,,,
Warrel Dane,This Old Man,,,,,,,,,,,,,,,,
Kult,Czarne Słońca,,,,,,,,,,,,,,,,
Queens Of The Stone Age,God Is On The Radio,,,,,,,,,,,,,,,,
Queens Of The Stone Age,Born To Hula,,,,,,,,,,,,,,,,
Kult,Czekając Na Królestwo J.H.W.H.,,,,,,,,,,,,,,,,
Kult,3 Gwiazdy,,,,,,,,,,,,,,,,
Frankmusik,In Step,,,,,,,,,,,,,,,,
E*Vax,The Process Of Leaving,,,,,,,,,,,,,,,,
Breaking Benjamin,Follow,,,,,,,,,,,,,,,,
Scatman John,Scatman,,,,,,,,,,,,,,,,
Björk,Where Is The Line?,,,,,,,,,,,,,,,,
The Mountain Goats,In The Hidden Places,,,,,,,,,,,,,,,,
Ryan Adams,Pearls On A String,,,,,,,,,,,,,,,,
The Mountain Goats,Half Dead,,,,,,,,,,,,,,,,
Dååth,From The Blind,,,,,,,,,,,,,,,,
Dååth,Subterfuge,,,,,,,,,,,,,,,,
Astor Piazzolla,Libertango,,,,,,,,,,,,,,,,
Kubichek!,Nightjoy,,,,,,,,,,,,,,,,
Yo La Tengo,Pass The Hatchet,,,,,,,,,,,,,,,,
Ryan Adams,Nightbirds,,,,,,,,,,,,,,,,
Gui Boratto,Terminal,,,,,,,,,,,,,,,,
Diana Krall,When I Look In Your Eyes,,,,,,,,,,,,,,,,
John Lennon,How Do You Sleep?,,,,,,,,,,,,,,,,
Take That,Hello,,,,,,,,,,,,,,,,
American Nightmare,Protest Song #00,,,,,,,,,,,,,,,,
Clutch,Tripping The Alarm,,,,,,,,,,,,,,,,
Delays,Too Much In Your Life,,,,,,,,,,,,,,,,
Nico,Janitor Of Lunacy,,,,,,,,,,,,,,,,
Boa,The Love Bug,,,,,,,,,,,,,,,,
The Cinematic Orchestra,Diabolus,,,,,,,,,,,,,,,,
Ohgr,Devil,,,,,,,,,,,,,,,,
Oh No Oh My,On The Town,,,,,,,,,,,,,,,,
Titus Andronicus,My Time Outside The Womb,,,,,,,,,,,,,,,,
Cracker,Low,,,,,,,,,,,,,,,,
Akufen,Jeep Sex,,,,,,,,,,,,,,,,
Siouxsie Sioux,If It Doesn'T Kill You,,,,,,,,,,,,,,,,
The Cinematic Orchestra,The Animated Tripod,,,,,,,,,,,,,,,,
Elio E Le Storie Tese,Cartoni Animati Giapponesi,,,,,,,,,,,,,,,,
School Of Seven Bells,Wired For Light,,,,,,,,,,,,,,,,
The Beach Boys,Let'S Go Away For A While,,,,,,,,,,,,,,,,
Ryan Adams,Bartering Lines,,,,,,,,,,,,,,,,
Minus 8,Elysian Fields,,,,,,,,,,,,,,,,
Butcher Boy,I Could Be In Love With Anyone,,,,,,,,,,,,,,,,
Daniel Johnston,Syrup Of Tears,,,,,,,,,,,,,,,,
Tom Waits,Shake It,,,,,,,,,,,,,,,,
Hurt,Overdose,,,,,,,,,,,,,,,,
Supergrass,It'S Not Me,,,,,,,,,,,,,,,,
Supergrass,G-Song,,,,,,,,,,,,,,,,
Quietdrive,Take A Drink,,,,,,,,,,,,,,,,
Agalloch,As Embers Dress The Sky,,,,,,,,,,,,,,,,
Nickelback,I'D Come For You,,,,,,,,,,,,,,,,
John Mayer,Not Myself,,,,,,,,,,,,,,,,
Agalloch,Foliorum Viridium,,,,,,,,,,,,,,,,
Agalloch,Hallways Of Enchanted Ebony,,,,,,,,,,,,,,,,
Guano Apes,Dick,,,,,,,,,,,,,,,,
Guano Apes,Counting The Days,,,,,,,,,,,,,,,,
Walls Of Jericho,No Saving Me,,,,,,,,,,,,,,,,
Set Fire To Flames,'I Will Be True... ' (From Lips Of Lying Dying Wonder Body #1) / Reign Rebuilder (Head),,,,,,,,,,,,,,,,
Set Fire To Flames,And The Birds Are About To Bust Their Guts With Singing,,,,,,,,,,,,,,,,
Los Hermanos,A Flor,,,,,,,,,,,,,,,,
Agathodaimon,Body Of Clay,,,,,,,,,,,,,,,,
Nickelback,Someone That You'Re With,,,,,,,,,,,,,,,,
Nickelback,Woke Up This Morning,,,,,,,,,,,,,,,,
Françoise Hardy,La Fille Avec Toi,,,,,,,,,,,,,,,,
Parov Stelar,Sometimes (Feat. Anita Riegler),,,,,,,,,,,,,,,,
The Raincoats,Black And White,,,,,,,,,,,,,,,,
Hurt,Jezus,,,,,,,,,,,,,,,,
Breaking Benjamin,Natural Life,,,,,,,,,,,,,,,,
Less Than Jake,Is This Thing On?,,,,,,,,,,,,,,,,
The Weepies,Just Blue,,,,,,,,,,,,,,,,
Butthole Surfers,Who Was In My Room Last Night,,,,,,,,,,,,,,,,
Kruder & Dorfmeister,Black Baby,,,,,,,,,,,,,,,,
Dzihan & Kamien,Ford Transit,,,,,,,,,,,,,,,,
Sopho,Visionary Dream (Georgia),,,,,,,,,,,,,,,,
Freak Kitchen,Guilt Trip,,,,,,,,,,,,,,,,
Buzzcocks,Are Everything,,,,,,,,,,,,,,,,
Freak Kitchen,Becky,,,,,,,,,,,,,,,,
Freak Kitchen,Seven Days In June,,,,,,,,,,,,,,,,
Freak Kitchen,Mussolini Mind,,,,,,,,,,,,,,,,
Freak Kitchen,Look Bored,,,,,,,,,,,,,,,,
Daniel Garcia,El Reino Del Tiempo,,,,,,,,,,,,,,,,
The Beatles,12-Wait,,,,,,,,,,,,,,,,
Blood For Blood,Ain'T Like You (Wasted Youth Ii),,,,,,,,,,,,,,,,
Texas Lightning,No No Never,,,,,,,,,,,,,,,,
鈴村健一,とりあえずそれで行こう,,,,,,,,,,,,,,,,
Pete Shelley,Witness The Change,,,,,,,,,,,,,,,,
...And You Will Know Us By The Trail Of Dead,Fields Of Coal,,,,,,,,,,,,,,,,
David Guetta,When Love Takes Over (Feat. Kelly Rowland),,,,,,,,,,,,,,,,
Bad Religion,The Gray Race,,,,,,,,,,,,,,,,
Bad Religion,Sinister Rouge,,,,,,,,,,,,,,,,
Nick Lowe,I Love The Sound Of Breaking Glass,,,,,,,,,,,,,,,,
Against Me!,Borne On The Fm Waves Of The Heart,,,,,,,,,,,,,,,,
John Murphy,Rage,,,,,,,,,,,,,,,,
Clouddead,Son Of A Gun,,,,,,,,,,,,,,,,
Clouddead,The Keen Teen Skip,,,,,,,,,,,,,,,,
Head Automatica,King Caesar,,,,,,,,,,,,,,,,
Bear Vs. Shark,I Fucked Your Dad,,,,,,,,,,,,,,,,
Marianne Faithfull,The Ballad Of Lucy Jordan,,,,,,,,,,,,,,,,
The Dixie Cups,Chapel Of Love,,,,,,,,,,,,,,,,
Clouddead,Physics Of A Unicycle,,,,,,,,,,,,,,,,
Emma Pollock,Limbs,,,,,,,,,,,,,,,,
Rush,The Body Electric,,,,,,,,,,,,,,,,
Finntroll,Svartberg,,,,,,,,,,,,,,,,
A Sunny Day In Glasgow,5:15 Train,,,,,,,,,,,,,,,,
Finntroll,Under Två Runor,,,,,,,,,,,,,,,,
Fiona Apple,Please Send Me Someone To Love,,,,,,,,,,,,,,,,
The Modern Lovers,Someone I Care About,,,,,,,,,,,,,,,,
Dwight Yoakam,Close Up The Honky Tonks,,,,,,,,,,,,,,,,
Misfits,Diana,,,,,,,,,,,,,,,,
The Modern Lovers,Old World,,,,,,,,,,,,,,,,
Rush,The Seeker,,,,,,,,,,,,,,,,
Rush,In The Mood,,,,,,,,,,,,,,,,
Misfits,Braineaters,,,,,,,,,,,,,,,,
Misfits,Dream Lover,,,,,,,,,,,,,,,,
The Monkees,(I'M Not Your) Steppin' Stone,,,,,,,,,,,,,,,,
The Mission,Stay With Me,,,,,,,,,,,,,,,,
Annie,Gimme Your Money,,,,,,,,,,,,,,,,
The Modern Lovers,Hospital,,,,,,,,,,,,,,,,
Belle And Sebastian,Dirty Dream #2,,,,,,,,,,,,,,,,
The Doors,Crystal Ship,,,,,,,,,,,,,,,,
John Parr Vs. Tommyknockers,New Horizon,,,,,,,,,,,,,,,,
Gruff Rhys,This Is Just The Beginning,,,,,,,,,,,,,,,,
Gruff Rhys,Painting People Blue,,,,,,,,,,,,,,,,
Cloud Cult,Chain Reaction,,,,,,,,,,,,,,,,
Nick Drake,Mayfair,,,,,,,,,,,,,,,,
Grupo De Expertos Solynieve,Alegato Meridional,,,,,,,,,,,,,,,,
Jay-Z,Encore,,,,,,,,,,,,,,,,
The Vines,Vision Valley,,,,,,,,,,,,,,,,
The Smashing Pumpkins,Wound,,,,,,,,,,,,,,,,
Xtc,Helicopter,,,,,,,,,,,,,,,,
Cradle Of Filth,Cruelty Brought Thee Orchids,,,,,,,,,,,,,,,,
Weezer,Death And Destruction,,,,,,,,,,,,,,,,
Manic Street Preachers,Found That Soul,,,,,,,,,,,,,,,,
Belle And Sebastian,Big John Shaft,,,,,,,,,,,,,,,,
Akufen,In Dog We Trust,,,,,,,,,,,,,,,,
Jay-Z,Friend Or Foe,,,,,,,,,,,,,,,,
Xtc,Grass,,,,,,,,,,,,,,,,
The Rapture,Infatuation,,,,,,,,,,,,,,,,
Misfits,Resurrection,,,,,,,,,,,,,,,,
The Rapture,Sister Savior,,,,,,,,,,,,,,,,
Tweet,Oops Oh My,,,,,,,,,,,,,,,,
鈴村健一,フリートーク「結崎 亮とわたくし」,,,,,,,,,,,,,,,,
Within Temptation,Running Up That Hill (Live At The Edisons Amsterdam),,,,,,,,,,,,,,,,
...And You Will Know Us By The Trail Of Dead,The Far Pavilions,,,,,,,,,,,,,,,,
Peter Doherty,Sweet By + By,,,,,,,,,,,,,,,,
Super Junior,U,,,,,,,,,,,,,,,,
Tiga,3 Weeks,,,,,,,,,,,,,,,,
Jay Reatard,My Family,,,,,,,,,,,,,,,,
Nick Cave & The Bad Seeds,There Is A Town,,,,,,,,,,,,,,,,
Nick Cave & The Bad Seeds,The Lyre Of Orpheus,,,,,,,,,,,,,,,,
Belly,Dusted,,,,,,,,,,,,,,,,
Belleruche,Bird Mess,,,,,,,,,,,,,,,,
Belleruche,Reflection,,,,,,,,,,,,,,,,
The Vines,Nothin'S Comin',,,,,,,,,,,,,,,,
Skinny Puppy,Past Present,,,,,,,,,,,,,,,,
Skinny Puppy,Process,,,,,,,,,,,,,,,,
Yo La Tengo,Tired Hippo,,,,,,,,,,,,,,,,
Kreator,Cry War,,,,,,,,,,,,,,,,
Nick Drake,All My Trials,,,,,,,,,,,,,,,,
John Parish & Polly Jean Harvey,Leaving California,,,,,,,,,,,,,,,,
The Wedding Present,I'M Not Always So Stupid,,,,,,,,,,,,,,,,
Kraftwerk,Tour De France Étape 3,,,,,,,,,,,,,,,,
Belle And Sebastian,I Don'T Want To Play Football,,,,,,,,,,,,,,,,
Elio E Le Storie Tese,Il Vitello Dai Piedi Di Balsa,,,,,,,,,,,,,,,,
Elio E Le Storie Tese,Suicidio A Sorpresa: Allegretto,,,,,,,,,,,,,,,,
A*Teens,Floorfiller,,,,,,,,,,,,,,,,
Tweaker,Happy Child (Feat. Will Oldham),,,,,,,,,,,,,,,,
Krazy Baldhead,Strings Of Death,,,,,,,,,,,,,,,,
Sound Team,Tv Torso,,,,,,,,,,,,,,,,
Nick Cave & The Bad Seeds,Oh My Lord,,,,,,,,,,,,,,,,
Freemasons,Love On My Mind (Radio Edit),,,,,,,,,,,,,,,,
John Travolta,Greased Lightnin',,,,,,,,,,,,,,,,
Urma,After All,,,,,,,,,,,,,,,,
Take That,Reach Out,,,,,,,,,,,,,,,,
Take That,Like I Never Loved You At All,,,,,,,,,,,,,,,,
Weezer,Jamie,,,,,,,,,,,,,,,,
Groove Armada,Remember,,,,,,,,,,,,,,,,
The Dresden Dolls,Dear Jenny,,,,,,,,,,,,,,,,
Clipse,Hello New World,,,,,,,,,,,,,,,,
Jay Reatard,Nightmares,,,,,,,,,,,,,,,,
Cradle Of Filth,Cemetery And Sundown,,,,,,,,,,,,,,,,
Cradle Of Filth,The Graveyard By Moonlight,,,,,,,,,,,,,,,,
The Chocolate Watch Band,Gossamer Wings,,,,,,,,,,,,,,,,
Oingo Boingo,Grey Matter,,,,,,,,,,,,,,,,
Kraftwerk,Heimcomputer,,,,,,,,,,,,,,,,
Kraftwerk,News,,,,,,,,,,,,,,,,
Kraftwerk,Morgenspaziergang,,,,,,,,,,,,,,,,
The Rascals,Stockings To Suit,,,,,,,,,,,,,,,,
A*Teens,Can'T Help Falling In Love,,,,,,,,,,,,,,,,
The Microphones,Ice,,,,,,,,,,,,,,,,
The Microphones,I Am Bored,,,,,,,,,,,,,,,,
Mission Of Burma,2Wice,,,,,,,,,,,,,,,,
Soundpool,Pleasure & Pain,,,,,,,,,,,,,,,,
Soundgarden,New Damage,,,,,,,,,,,,,,,,
Astral Projection,Mahadeva,,,,,,,,,,,,,,,,
Venetian Snares,Eurocore Mvp,,,,,,,,,,,,,,,,
Small Faces,Hey Girl,,,,,,,,,,,,,,,,
Small Faces,I Can'T Make It,,,,,,,,,,,,,,,,
The Meeting Places,Now I Know You Could Never Be The One,,,,,,,,,,,,,,,,
Fall Out Boy,Reinventing The Wheel To Run Myself Over,1.0,1.0,0.0,0.0,1.0,0.8,0.0,0.0,0.0,0.0,0.0,0.0,0.0,0.0,0.8,0.0
Mission Of Burma,Max Ernst,,,,,,,,,,,,,,,,
Dido,It Comes And It Goes,,,,,,,,,,,,,,,,
Missippi John Hurt,Frankie,,,,,,,,,,,,,,,,
Super Furry Animals,God! Show Me Magic,,,,,,,,,,,,,,,,
Soundgarden,Zero Chance,,,,,,,,,,,,,,,,
The Dresden Dolls,Sorry Bunch,,,,,,,,,,,,,,,,
Super Furry Animals,Ohio Heat,,,,,,,,,,,,,,,,
Nick Cave & The Bad Seeds,Abattoir Blues,,,,,,,,,,,,,,,,
Newton Faulkner,People Should Smile More,,,,,,,,,,,,,,,,
Avantasia,Lost In Space,,,,,,,,,,,,,,,,
R.E.M.,Diminished,,,,,,,,,,,,,,,,
Avantasia,The Final Sacrifice,,,,,,,,,,,,,,,,
Super Furry Animals,Oi Frango,,,,,,,,,,,,,,,,
Tierra Santa,La Canción Del Pirata (Ii),,,,,,,,,,,,,,,,
Clint Mansell,Fall: Sara Goldfarb Has Left The Building,,,,,,,,,,,,,,,,
Nick Cave & The Bad Seeds,John Finn'S Wife,,,,,,,,,,,,,,,,
Clint Mansell,Requiem For A Dream,,,,,,,,,,,,,,,,
Anna Ternheim,Such A Lonely Soul,,,,,,,,,,,,,,,,
Anna Ternheim,Today Is A Good Day,,,,,,,,,,,,,,,,
Anna Ternheim,What Have I Done,,,,,,,,,,,,,,,,
Paradise Lost,Self-Obsessed,,,,,,,,,,,,,,,,
Underworld,River Of Bass,,,,,,,,,,,,,,,,
The Thermals,How We Know,,,,,,,,,,,,,,,,
Within Temptation,The Dance,,,,,,,,,,,,,,,,
Testament,Electric Crown,,,,,,,,,,,,,,,,
Alexisonfire,A Dagger Through The Heart Of St. Angeles,,,,,,,,,,,,,,,,
David Sanborn,The Dream,,,,,,,,,,,,,,,,
Alexi Murdoch,Love You More,,,,,,,,,,,,,,,,
...And You Will Know Us By The Trail Of Dead,Mark David Chapman,,,,,,,,,,,,,,,,
Silverchair,Shade,,,,,,,,,,,,,,,,
Silverchair,Satin Sheets,,,,,,,,,,,,,,,,
American Football,Honestly?,,,,,,,,,,,,,,,,
Grizzly Bear,About Face,,,,,,,,,,,,,,,,
Archie Beel & The Drells,Tighten Up,,,,,,,,,,,,,,,,
Lucero,Ain'T So Lonely,,,,,,,,,,,,,,,,
The Stranglers,96 Tears,,,,,,,,,,,,,,,,
Client,Down To The Underground,,,,,,,,,,,,,,,,
New York Dolls,Babylon,,,,,,,,,,,,,,,,
Clinic,2Nd Foot Stomp,,,,,,,,,,,,,,,,
Johnathan Rice,So Sweet,0.8,0.4,0.0,0.4,0.6,0.4,0.6,0.0,0.0,0.4,0.0,0.0,0.0,0.0,0.6,0.0
Black Tambourine,Pam'S Tan,,,,,,,,,,,,,,,,
The Smashing Pumpkins,Hello Kitty Kat,,,,,,,,,,,,,,,,
Avantasia,Avantasia,,,,,,,,,,,,,,,,
Newton Faulkner,I Need Something,,,,,,,,,,,,,,,,
Grizzly Bear,La Duchess Anne,,,,,,,,,,,,,,,,
Los Amigos Invisibles,Yo No Sé,,,,,,,,,,,,,,,,
Clinic,Tomorrow,,,,,,,,,,,,,,,,
Misty'S Big Adventure,The Story Of Love,,,,,,,,,,,,,,,,
Ruch,Dónde,,,,,,,,,,,,,,,,
Barenaked Ladies,Aluminum,,,,,,,,,,,,,,,,
The Matches,Sick Little Suicide,,,,,,,,,,,,,,,,
From Ashes Rise,They,,,,,,,,,,,,,,,,
Fink,Blueberry Pancakes,,,,,,,,,,,,,,,,
From Ashes Rise,Hell In The Darkness,,,,,,,,,,,,,,,,
From Ashes Rise,Nightmares,,,,,,,,,,,,,,,,
From Ashes Rise,On The Fray,,,,,,,,,,,,,,,,
Kosheen,Pride,,,,,,,,,,,,,,,,
The Raveonettes,Chains,,,,,,,,,,,,,,,,
Brave,Out Of Focus,,,,,,,,,,,,,,,,
Brave,Spirit,0.6,0.4,0.0,0.4,0.8,0.6,0.0,0.4,0.0,0.0,0.0,0.0,0.6,0.4,0.8,0.0
Cake,Dime,,,,,,,,,,,,,,,,
Therion,Ginnungagap,,,,,,,,,,,,,,,,
Kosheen,Empty Skies,,,,,,,,,,,,,,,,
Kosheen,Harder,,,,,,,,,,,,,,,,
Roy Ayers,Everybody Loves The Sunshine,,,,,,,,,,,,,,,,
Howard Shore,Treebeard,,,,,,,,,,,,,,,,
Dana Fuchs,Don'T Let Me Down,,,,,,,,,,,,,,,,
Howe Gelb,But I Did Not,,,,,,,,,,,,,,,,
Paradise Lost,Don'T Belong (String Dub Mix),,,,,,,,,,,,,,,,
Blood On The Wall,Stoner Jam,,,,,,,,,,,,,,,,
Underworld,Mo Move,,,,,,,,,,,,,,,,
The Beatles,I'Ll Get You,,,,,,,,,,,,,,,,
Paradise Lost,I Am Nothing,,,,,,,,,,,,,,,,
New Order,Working Overtime,,,,,,,,,,,,,,,,
New Order,World,,,,,,,,,,,,,,,,
Anathema,Everything,,,,,,,,,,,,,,,,
R.E.M.,Second Guessing,,,,,,,,,,,,,,,,
Old Canes,Taxi On Vermont,,,,,,,,,,,,,,,,
Marilyn Manson,Coma Black: A) Eden Eye / B) The Apple Of Discord,,,,,,,,,,,,,,,,
Marillion,White Feather,,,,,,,,,,,,,,,,
Ok Go,1000 Miles Per Hour,,,,,,,,,,,,,,,,
Client,Don'T Call Me Baby,,,,,,,,,,,,,,,,
The Duke Spirit,A Wild Hope,,,,,,,,,,,,,,,,
The Chiffons,He'S So Fine,,,,,,,,,,,,,,,,
Cradle Of Filth,Tonight In Flames,,,,,,,,,,,,,,,,
Grinderman,Honey Bee (Let'S Fly To Mars),,,,,,,,,,,,,,,,
Porn Sword Tobacco,Do The Astrowaltz,,,,,,,,,,,,,,,,
Porn Sword Tobacco,Cubical Fever,,,,,,,,,,,,,,,,
Howie Day,She Says,,,,,,,,,,,,,,,,
Lynyrd Skynyrd,Poison Whiskey,,,,,,,,,,,,,,,,
Barenaked Ladies,It'S Only Me (The Wizard Of Magicland),,,,,,,,,,,,,,,,
Cake,Hem Of Your Garment,,,,,,,,,,,,,,,,
The Beatles,I Call Your Name,,,,,,,,,,,,,,,,
Barenaked Ladies,Jane,,,,,,,,,,,,,,,,
Spacemen 3,Hypnotized,,,,,,,,,,,,,,,,
Cake,Where Would I Be?,,,,,,,,,,,,,,,,
Front 242,Kampfbereit,,,,,,,,,,,,,,,,
Cake,The Guitar Man,,,,,,,,,,,,,,,,
Cake,She'Ll Come Back To Me,,,,,,,,,,,,,,,,
Serena-Maneesh,Chorale Lick,,,,,,,,,,,,,,,,
Afterhours,Elymania,,,,,,,,,,,,,,,,
Calexico,Dub Latina,,,,,,,,,,,,,,,,
Van Halen,Hang 'Em High,,,,,,,,,,,,,,,,
Korn,Swallow,,,,,,,,,,,,,,,,
New Order,Round And Round,,,,,,,,,,,,,,,,
New Order,Mr. Disco,,,,,,,,,,,,,,,,
Front 242,Moldavia,,,,,,,,,,,,,,,,
R.E.M.,Undertow,,,,,,,,,,,,,,,,
Porcupine Tree,Start Of Something Beautiful,,,,,,,,,,,,,,,,
Old 97'S,Color Of A Lonely Heart Is Blue,,,,,,,,,,,,,,,,
Beady Belle,Game,,,,,,,,,,,,,,,,
The Chemical Brothers,The Pills Won'T Help You Now,,,,,,,,,,,,,,,,
The Duke Spirit,Scratching Around (Demo),,,,,,,,,,,,,,,,
Sunny Sweeney,Slow Swinging Westerntunes,,,,,,,,,,,,,,,,
Jason Collett,We All Lose One Another,,,,,,,,,,,,,,,,
The Stranglers,(Get A) Grip (On Yourself),,,,,,,,,,,,,,,,
Мои Ракеты Вверх,First Time,,,,,,,,,,,,,,,,
Scooter,Enola Gay,0.4,0.6,1.0,0.2,0.2,0.2,0.0,0.0,0.0,0.0,0.0,0.0,1.0,0.8,0.0,0.0
Korn,Hollow Life,,,,,,,,,,,,,,,,
Korn,Love And Luxury,,,,,,,,,,,,,,,,
Lianne Hall,Tether,,,,,,,,,,,,,,,,
Duchess Says,Black Flag,,,,,,,,,,,,,,,,
Lianne Hall,Come Save Me,,,,,,,,,,,,,,,,
Anna Nalick,In The Rough [Radio Version],,,,,,,,,,,,,,,,
Roxette,Paint,,,,,,,,,,,,,,,,
Calexico,Whipping The Horse'S Eyes,,,,,,,,,,,,,,,,
Calexico,Writer'S Minor Holiday,,,,,,,,,,,,,,,,
Ленина Пакет,Салам Feat. Rjb,,,,,,,,,,,,,,,,
Ленина Пакет,Про Танцы,,,,,,,,,,,,,,,,
Ленина Пакет,Масловский Ii,,,,,,,,,,,,,,,,
Ulver,Your Call,,,,,,,,,,,,,,,,
Dublex Inc.,Introduction,,,,,,,,,,,,,,,,
Ленина Пакет,Кляксы,,,,,,,,,,,,,,,,
Gregory And The Hawk,Fin Song 8 (Orange River Remix),,,,,,,,,,,,,,,,
Therion,To Mega Therion,,,,,,,,,,,,,,,,
Loreena Mckennitt,Caravanserai,,,,,,,,,,,,,,,,
Jason Collett,Sorry Lori,,,,,,,,,,,,,,,,
Jason Collett,I'Ll Bring The Sun,,,,,,,,,,,,,,,,
Jason Collett,Through The Night These Days,,,,,,,,,,,,,,,,
Old 97'S,Timebomb,,,,,,,,,,,,,,,,
Old 97'S,The Fool,,,,,,,,,,,,,,,,
R.E.M.,You,,,,,,,,,,,,,,,,
Deftones,If Only Tonight We Could Sleep,,,,,,,,,,,,,,,,
Polysics,Buggie Technica,,,,,,,,,,,,,,,,
Evil Nine,Hired Goons,,,,,,,,,,,,,,,,
Evil'S Toy,Vanished Soul,,,,,,,,,,,,,,,,
Evil Nine,Restless,,,,,,,,,,,,,,,,
New Order,Hey Now What You Doing,,,,,,,,,,,,,,,,
New Order,I Told You So,,,,,,,,,,,,,,,,
Sunny Day Real Estate,48,,,,,,,,,,,,,,,,
Be Your Own Pet,Fuuuuun,,,,,,,,,,,,,,,,
Frou Frou,Old Piano,,,,,,,,,,,,,,,,
Be Your Own Pet,Fill My Pill,,,,,,,,,,,,,,,,
Frou Frou,Breathe In (Watkins Vocal Mix),,,,,,,,,,,,,,,,
Koop,Relaxin' At Club F****N,,,,,,,,,,,,,,,,
The Beatles,It'S All Too Much,,,,,,,,,,,,,,,,
Mcfly,All About You,,,,,,,,,,,,,,,,
The Magnetic Fields,You And Me And The Moon,,,,,,,,,,,,,,,,
Dan Hill,Sometimes When We Touch,,,,,,,,,,,,,,,,
鈴村健一,Damn It!,,,,,,,,,,,,,,,,
Dan Le Sac Vs. Scroobius Pip,Magician'S Assistant,,,,,,,,,,,,,,,,
Inme,Far-Reaching,,,,,,,,,,,,,,,,
鈴村健一,Save Your Back,,,,,,,,,,,,,,,,
Dan Le Sac Vs. Scroobius Pip,Tommy C,,,,,,,,,,,,,,,,
Howard Shore,The Great River,,,,,,,,,,,,,,,,
浜崎あゆみ,Evolution,,,,,,,,,,,,,,,,
Sunblock & Sandy,Baby Baby (Radio Edit),,,,,,,,,,,,,,,,
Ben Folds,Rent A Cop,,,,,,,,,,,,,,,,
Tiamat,Vote For Love,,,,,,,,,,,,,,,,
Rachael Yamagata,Moments With Oliver,,,,,,,,,,,,,,,,
The Slits,Ping Pong Affair,,,,,,,,,,,,,,,,
Die Toten Hosen,Hier Kommt Alex,,,,,,,,,,,,,,,,
After Forever,No Control,,,,,,,,,,,,,,,,
Anathema,The Beloved,,,,,,,,,,,,,,,,
New Order,Angel Dust,,,,,,,,,,,,,,,,
After Forever,Beyond Me,,,,,,,,,,,,,,,,
After Forever,Energize Me,,,,,,,,,,,,,,,,
After Forever,Boundaries Are Open,,,,,,,,,,,,,,,,
Rachael Yamagata,Quiet,,,,,,,,,,,,,,,,
Treva Whateva,Bouncing Bomb,,,,,,,,,,,,,,,,
Johnny Cash,Tear Stained Letter,,,,,,,,,,,,,,,,
The Smashing Pumpkins,Bury Me,,,,,,,,,,,,,,,,
Johnny Cash,Send A Picture Of Mother,,,,,,,,,,,,,,,,
Johnny Cash,Tennessee Stud,,,,,,,,,,,,,,,,
Japan,My New Career,,,,,,,,,,,,,,,,
Johnny Cash,That Lucky Old Sun (Just Rolls Around Heaven All Day),,,,,,,,,,,,,,,,
Townes Van Zandt,Tecumseh Valley,,,,,,,,,,,,,,,,
Deerhunter,These Hands,,,,,,,,,,,,,,,,
Weird Al Yankovic,Dare To Be Stupid,,,,,,,,,,,,,,,,
Weird Al Yankovic,Don'T Download This Song,,,,,,,,,,,,,,,,
Anberlin,Ready Fuels,,,,,,,,,,,,,,,,
The Electric Soft Parade,Empty At The End,,,,,,,,,,,,,,,,
Green Day,Redundant,,,,,,,,,,,,,,,,
Lordi,Who'S Your Daddy?,,,,,,,,,,,,,,,,
The Slip,Children Of December,,,,,,,,,,,,,,,,
Nevermore,This Godless Endeavor,,,,,,,,,,,,,,,,
Ben Folds,Prison Food,0.6,0.4,0.0,0.4,0.2,0.0,0.0,0.0,0.0,1.0,0.0,0.0,0.0,0.0,0.6,0.0
Johnny Flynn,Tickle Me Pink,,,,,,,,,,,,,,,,
Johnny Foreigner,Djs Get Doubts,,,,,,,,,,,,,,,,
New Found Glory,Too Good To Be,,,,,,,,,,,,,,,,
New Found Glory,I Don'T Wanna Know,,,,,,,,,,,,,,,,
Die Ärzte,Zu Spät,,,,,,,,,,,,,,,,
Sparklehorse,Knives Of Summertime,,,,,,,,,,,,,,,,
Greenskeepers,Keep It Down,,,,,,,,,,,,,,,,
Frozen Silence,Lucid Dream,,,,,,,,,,,,,,,,
Sparklehorse,It'S Not So Hard,,,,,,,,,,,,,,,,
The Raveonettes,The Truth About Johnny,,,,,,,,,,,,,,,,
A.C. Newman,Submarines Of Stockholm,,,,,,,,,,,,,,,,
The Magnetic Fields,Love Goes Home To Paris In The Spring,,,,,,,,,,,,,,,,
Brand New,Untitled 07,,,,,,,,,,,,,,,,
Liekki,Lilja,,,,,,,,,,,,,,,,
U2,Silver And Gold,,,,,,,,,,,,,,,,
Slowdive,Brighter,,,,,,,,,,,,,,,,
Antti Tuisku,Pois,,,,,,,,,,,,,,,,
Antti Tuisku,Kaunein Unesi,,,,,,,,,,,,,,,,
Modern Life Is War,Martin Achet,,,,,,,,,,,,,,,,
Black Stone Cherry,Crosstown Woman,,,,,,,,,,,,,,,,
Sparks,This Town Ain'T Big Enough For The Both Of Us,,,,,,,,,,,,,,,,
Lordi,Good To Be Bad,,,,,,,,,,,,,,,,
Def Leppard,Don'T Shoot Shotgun,1.0,0.8,0.2,0.4,1.0,0.8,0.0,0.0,0.0,0.0,0.0,0.0,0.4,0.4,0.8,0.0
Young Marble Giants,Constantly Changing,,,,,,,,,,,,,,,,
Eminem,My 1St Single,,,,,,,,,,,,,,,,
Eminem,Evil Deeds,,,,,,,,,,,,,,,,
Ben Folds Five,Regrets,,,,,,,,,,,,,,,,
Nevermore,Ophidian,,,,,,,,,,,,,,,,
Tiamat,Teonanacatl,,,,,,,,,,,,,,,,
The Electric Soft Parade,Why Do You Try So Hard To Hate Me,,,,,,,,,,,,,,,,
Be Your Own Pet,Heart Throb,,,,,,,,,,,,,,,,
The Charlatans,Loving You Is Easy,,,,,,,,,,,,,,,,
Weird Al Yankovic,I'Ll Sue Ya,,,,,,,,,,,,,,,,
Def Leppard,Comin' Under Fire,,,,,,,,,,,,,,,,
The Magnetic Fields,Busby Berkeley Dreams,,,,,,,,,,,,,,,,
Bill Callahan,Diamond Dancer,,,,,,,,,,,,,,,,
Bloodbath,The Ascension,,,,,,,,,,,,,,,,
Calvin Harris,Love Souvenir,,,,,,,,,,,,,,,,
Tom Waits,Come On Up To The House,,,,,,,,,,,,,,,,
Tom Waits,Cold Cold Ground,,,,,,,,,,,,,,,,
The The,The Sinking Feeling,,,,,,,,,,,,,,,,
Underworld,Cups,,,,,,,,,,,,,,,,
Fucked Up,Carried Out To The Sea,,,,,,,,,,,,,,,,
Barenaked Ladies,Straw Hat And Old Dirty Hank,,,,,,,,,,,,,,,,
Wild Orchid,My Tambourine,,,,,,,,,,,,,,,,
Barenaked Ladies,Shopping,,,,,,,,,,,,,,,,
Modeselektor,Ziq Zaq,,,,,,,,,,,,,,,,
Bikini Kill,Speed Heart,,,,,,,,,,,,,,,,
Knowtoryus,Bomberclad Joint,,,,,,,,,,,,,,,,
Fucked Up,Golden Seal,,,,,,,,,,,,,,,,
Fucked Up,Son The Father,,,,,,,,,,,,,,,,
Sparta,Breaking The Broken,,,,,,,,,,,,,,,,
Black Flag,Louie Louie,,,,,,,,,,,,,,,,
Asura,Code Eternity,,,,,,,,,,,,,,,,
Asura,Fahrenheit,,,,,,,,,,,,,,,,
A1,Same Old Brand New You,,,,,,,,,,,,,,,,
Anna Abreu,Ivory Tower,,,,,,,,,,,,,,,,
Turning Point,Broken,,,,,,,,,,,,,,,,
Asura,Lost Eden,,,,,,,,,,,,,,,,
Fuel,Die Like This,,,,,,,,,,,,,,,,
Camel,Migration,,,,,,,,,,,,,,,,
The Maccabees,Bicycles,,,,,,,,,,,,,,,,
Елена Ристеска,Ninanajna (F.Y.R. Macedonia),,,,,,,,,,,,,,,,
Neurosis,Through Silver In Blood,,,,,,,,,,,,,,,,
Fugazi,Combination Lock,,,,,,,,,,,,,,,,
Green Cortinas,Good Today,,,,,,,,,,,,,,,,
Johnossi,The Show Tonight,,,,,,,,,,,,,,,,
Green Carnation,High Tide Waves,,,,,,,,,,,,,,,,
Clannad,Lady Marian,,,,,,,,,,,,,,,,
Neutral Milk Hotel,Everything Is,,,,,,,,,,,,,,,,
And One,A Kind Of Deutsch,,,,,,,,,,,,,,,,
Apocalyptica,Seemann,,,,,,,,,,,,,,,,
Skunk Anansie,Brazen (Weep),,,,,,,,,,,,,,,,
Clannad,Robin (The Hooded Man),,,,,,,,,,,,,,,,
The End,The Moth And I,,,,,,,,,,,,,,,,
Tiamat,Planets,,,,,,,,,,,,,,,,
Sum 41,Over My Head (Better Off Dead),,,,,,,,,,,,,,,,
The Wedding Present,Don'T Be So Hard,0.8,0.6,0.0,0.2,0.8,0.6,0.0,0.0,0.0,0.0,0.0,0.0,0.0,0.0,0.8,0.0
Black Flag,Annihilate This Week,,,,,,,,,,,,,,,,
Final Fantasy,Arctic Circle,,,,,,,,,,,,,,,,
Insomnium,The Elder,,,,,,,,,,,,,,,,
Insomnium,Under The Plaintive Sky,,,,,,,,,,,,,,,,
Camel,Freefall,,,,,,,,,,,,,,,,
Fugazi,Cassavetes,,,,,,,,,,,,,,,,
Fugazi,Great Cop,,,,,,,,,,,,,,,,
Phantom Planet,Big Brat,,,,,,,,,,,,,,,,
Barrio Jazz Gang,Linda Canção,,,,,,,,,,,,,,,,
Hot Snakes,Think About Carbs,,,,,,,,,,,,,,,,
Estelle,Shine,,,,,,,,,,,,,,,,
Madrugada,Stories From The Streets,,,,,,,,,,,,,,,,
Estelle Feat. Kanye West,American Boy,,,,,,,,,,,,,,,,
Eminem,Cleanin Out My Closet,,,,,,,,,,,,,,,,
Skunk Anansie,Lately,,,,,,,,,,,,,,,,
Emilíana Torrini,Serenade,,,,,,,,,,,,,,,,
The Sleepy Jackson,Devil Was In My Yard,,,,,,,,,,,,,,,,
Townes Van Zandt,Lungs,,,,,,,,,,,,,,,,
Great Northern,Telling Lies,,,,,,,,,,,,,,,,
Clan Of Xymox,Theme Ii,,,,,,,,,,,,,,,,
Great Northern,The Middle,,,,,,,,,,,,,,,,
菅野よう子,Nowhere And Everywhere,,,,,,,,,,,,,,,,
Townes Van Zandt,Flyin' Shoes,,,,,,,,,,,,,,,,
Creedence Clearwater Revival,Wrote A Song For Everyone,,,,,,,,,,,,,,,,
Ben Folds Five,Your Redneck Past,,,,,,,,,,,,,,,,
The Chameleons,Tears,,,,,,,,,,,,,,,,
Neurosis,Locust Star,,,,,,,,,,,,,,,,
Deerhoof,Dinner For Two,,,,,,,,,,,,,,,,
They Might Be Giants,Dead,,,,,,,,,,,,,,,,
Special D.,Come With Me (Single Edit),,,,,,,,,,,,,,,,
Papa Roach,...To Be Loved,,,,,,,,,,,,,,,,
U2,The Refugee,,,,,,,,,,,,,,,,
Scooter,One (Always Hardcore),,,,,,,,,,,,,,,,
Papa Roach,Lovehatetragedy,,,,,,,,,,,,,,,,
U2,The Ocean,,,,,,,,,,,,,,,,
Camel,Tell Me,,,,,,,,,,,,,,,,
Camel,Unevensong,,,,,,,,,,,,,,,,
Bran Van 3000,Problems,,,,,,,,,,,,,,,,
Ella Fitzgerald,Let'S Do It (Let'S Fall In Love),,,,,,,,,,,,,,,,
Dropkick Murphys,The Outcast,,,,,,,,,,,,,,,,
Modest Mouse,Sunspots In The House Of The Late Scapegoat,,,,,,,,,,,,,,,,
The Evens,Around The Corner,,,,,,,,,,,,,,,,
Camera Obscura,Let'S Go Bowling,,,,,,,,,,,,,,,,
Верка Сердючка,Dancing Lasha Tumbai (Ukraine),,,,,,,,,,,,,,,,
Radiohead,How I Made My Millions,,,,,,,,,,,,,,,,
Jolie Holland,Nothing To Do But Dream,,,,,,,,,,,,,,,,
Suicide,Las Vegas Man,,,,,,,,,,,,,,,,
Ulver,Dead City Centres,,,,,,,,,,,,,,,,
September Collective,The Return,,,,,,,,,,,,,,,,
Looptroop,Trrism,,,,,,,,,,,,,,,,
Great Lake Swimmers,Imaginary Bars,,,,,,,,,,,,,,,,
Great Lake Swimmers,Moving Pictures Silent Films,,,,,,,,,,,,,,,,
The Evens,Crude Bomb,,,,,,,,,,,,,,,,
Jokke & Valentinerne,Sitter På En Bombe,,,,,,,,,,,,,,,,
Apocalyptica,Pandemonium,1.0,1.0,0.0,0.4,0.8,0.8,0.0,1.0,0.0,0.0,0.0,0.0,0.0,0.0,0.8,0.0
Jolie Holland,Crazy Dreams,,,,,,,,,,,,,,,,
Skunk Anansie,She'S My Heroine,,,,,,,,,,,,,,,,
Trial,Are These Our Lives?,,,,,,,,,,,,,,,,
Great Lake Swimmers,To Leave It Behind,,,,,,,,,,,,,,,,
They Might Be Giants,Experimental Film,,,,,,,,,,,,,,,,
Neu!,Lila Engel (Lilac Angel),,,,,,,,,,,,,,,,
Fila Brazillia,Place De La Concorde,,,,,,,,,,,,,,,,
Filo & Peri,The Anthem (Radio Edit),,,,,,,,,,,,,,,,
Black Flag,Scream,,,,,,,,,,,,,,,,
Camera Obscura,Swans,,,,,,,,,,,,,,,,
Camille,Vertige,,,,,,,,,,,,,,,,
Camille,Gospel With No Lord,,,,,,,,,,,,,,,,
Pants Yell!,Kids Are The Same,,,,,,,,,,,,,,,,
Modest Mouse,Worms Vs. Birds,,,,,,,,,,,,,,,,
Alley Life,Out With The Old,,,,,,,,,,,,,,,,
Tenhi,Sarastuskävijä,,,,,,,,,,,,,,,,
Fugees,How Many Mics,,,,,,,,,,,,,,,,
Hot Hot Heat,In Cairo,,,,,,,,,,,,,,,,
Tepr,Minuit Jacuzzi (Data Remix),,,,,,,,,,,,,,,,
Talking Heads,Love → Building On Fire,,,,,,,,,,,,,,,,
Talking Heads,Mr. Jones,,,,,,,,,,,,,,,,
The Cat Empire,Hello,,,,,,,,,,,,,,,,
Dimension Zero,He Who Shall Not Bleed,,,,,,,,,,,,,,,,
Townes Van Zandt,Colorado Girl,,,,,,,,,,,,,,,,
Ben Harper,Get It Like You Like It,,,,,,,,,,,,,,,,
The Exploding Hearts,You'Re Black And Blue,,,,,,,,,,,,,,,,
Jon Kennedy,Tell Me How You Feel (Bonobo Mix),,,,,,,,,,,,,,,,
Nelly Furtado,Promiscious,,,,,,,,,,,,,,,,
Younger Brother,Evil & Harm,,,,,,,,,,,,,,,,
Ben Harper,Cryin' Won'T Help You Now,0.6,0.4,0.0,0.4,0.6,0.2,0.8,0.0,0.0,0.6,0.0,0.0,0.0,0.0,0.6,0.0
Ulver,For The Love Of God,,,,,,,,,,,,,,,,
Radiohead,Inside My Head,,,,,,,,,,,,,,,,
Ben Harper,Brown Eyed Blues,,,,,,,,,,,,,,,,
Nena Daconte,Tenía Tanto Que Darte,,,,,,,,,,,,,,,,
Tiamat,Atlantis As A Lover,,,,,,,,,,,,,,,,
Pharrell Williams,Can I Have It Like That (Feat. Gwen Stefani),,,,,,,,,,,,,,,,
Hot Snakes,Kreative Kontrol,,,,,,,,,,,,,,,,
Damien Rice,Delicate (Live In Dublin),,,,,,,,,,,,,,,,
Fujiya & Miyagi,Pterodactyls,,,,,,,,,,,,,,,,
All The Saints,Farmacia,,,,,,,,,,,,,,,,
Fugazi,Version,,,,,,,,,,,,,,,,
Fujiya & Miyagi,Dishwasher,,,,,,,,,,,,,,,,
Spiha,If I Ever Let You Go,,,,,,,,,,,,,,,,
Full Frontal,You Think You'Re A Man,,,,,,,,,,,,,,,,
They Might Be Giants,It'S Not My Birthday,,,,,,,,,,,,,,,,
Klimt 1918,Parade Of Adolescence,,,,,,,,,,,,,,,,
Emilíana Torrini,Hold Heart,,,,,,,,,,,,,,,,
Bomb The Music Industry!,Gang Of Four Meets The Stooges (But Boring),,,,,,,,,,,,,,,,
The Exploding Hearts,Sleeping Aides And Razorblades,,,,,,,,,,,,,,,,
Nelly Furtado,Man Eater,,,,,,,,,,,,,,,,
Aesthetic Perfection,The Violence,,,,,,,,,,,,,,,,
Jonas Brothers,Games,,,,,,,,,,,,,,,,
Black Sabbath,Warning,,,,,,,,,,,,,,,,
Black Sabbath,Tomorrows Dream,,,,,,,,,,,,,,,,
Blaqk Audio,The Love Letter,,,,,,,,,,,,,,,,
She Wants Revenge,Written In Blood,,,,,,,,,,,,,,,,
Janet Jackson,So Excited (Feat. Khia),,,,,,,,,,,,,,,,
Enslaved,I Lenker Til Ragnarok,,,,,,,,,,,,,,,,
Μ-Ziq,Dexedrine Girl,,,,,,,,,,,,,,,,
Ensiferum,Wanderer,,,,,,,,,,,,,,,,
Klee,Gold,,,,,,,,,,,,,,,,
Camp Rock,Who Will I Be?,,,,,,,,,,,,,,,,
Ronan Keating,If Tomorrow Never Comes,,,,,,,,,,,,,,,,
Mogwai,Sad Dc,,,,,,,,,,,,,,,,
The Longcut,A Tried And Tested Method,,,,,,,,,,,,,,,,
Funeral For A Friend,Kiss And Make Up (All Bets Are Off),,,,,,,,,,,,,,,,
Funeral For A Friend,This Year'S Most Open Heartbreak,1.0,1.0,0.0,0.4,1.0,1.0,0.0,0.0,0.0,0.0,0.0,0.0,0.0,0.0,0.8,0.0
Funeral For A Friend,One For The Road,,,,,,,,,,,,,,,,
Scorpions,Another Piece Of Meat,,,,,,,,,,,,,,,,
Elle Milano,Swearing'S For Art Students,,,,,,,,,,,,,,,,
Klaxons,Atlantis To Interzone (Digitalism Remix),,,,,,,,,,,,,,,,
Rome,Wilde Lager,,,,,,,,,,,,,,,,
They Might Be Giants,Purple Toupee,,,,,,,,,,,,,,,,
Klaus Badelt,To The Pirates' Cave!,,,,,,,,,,,,,,,,
Youth Group,Last Quarter,,,,,,,,,,,,,,,,
Youth Group,Lillian Lies,,,,,,,,,,,,,,,,
The Sisters Of Mercy,Logic,,,,,,,,,,,,,,,,
Farben Lehre,Spodnie Z Gs-U,,,,,,,,,,,,,,,,
Grant Lee Buffalo,Honey Don'T Think,,,,,,,,,,,,,,,,
Black Star,Respiration (Feat. Common),,,,,,,,,,,,,,,,
Circa Survive,Semi Constructive Criticism,,,,,,,,,,,,,,,,
Ben Harper,Power Of The Gospel,,,,,,,,,,,,,,,,
Tribalistas,É Você,,,,,,,,,,,,,,,,
Ben Harper,More Than Sorry,0.4,0.2,0.0,0.6,0.4,0.0,0.8,0.0,0.0,0.0,0.0,0.0,0.0,0.0,0.6,0.0
Voxtrot,Your Biggest Fan,,,,,,,,,,,,,,,,
Jonathan Larson,Another Day,,,,,,,,,,,,,,,,
Radiohead,Vegetable (Live),,,,,,,,,,,,,,,,
Ben Harper,Excuse Me Mr.,,,,,,,,,,,,,,,,
Nelly,Dilemma (Feat. Kelly Rowland),,,,,,,,,,,,,,,,
Candie Payne,All I Need To Hear,,,,,,,,,,,,,,,,
Funeral For A Friend,Waking Up Inside My Own Paralysis,,,,,,,,,,,,,,,,
Sloan,Nothing Left To Make Me Want To Stay,,,,,,,,,,,,,,,,
Scorpions,Coming Home,,,,,,,,,,,,,,,,
Fightstar,Wake Up,,,,,,,,,,,,,,,,
Mojave 3,Ghost Ship Waiting,,,,,,,,,,,,,,,,
Dressy Bessy,Hey May,,,,,,,,,,,,,,,,
Rollergirl,Dear Jessie,,,,,,,,,,,,,,,,
Rogue Wave,Medicine Ball,,,,,,,,,,,,,,,,
Drive Like Jehu,Human Interest,,,,,,,,,,,,,,,,
Abba,Gimme! Gimme! Gimme!,,,,,,,,,,,,,,,,
Άννα Βίσση,Welcome To The Party,,,,,,,,,,,,,,,,
Dressy Bessy,The Things That You Say That You Do,,,,,,,,,,,,,,,,
Nellie Mckay,Long And Lazy River,0.6,0.2,0.0,0.6,0.0,0.0,0.4,0.6,0.8,0.8,0.0,0.0,0.0,0.0,0.6,0.8
Spiritual Front,A Bastard Angel,,,,,,,,,,,,,,,,
Funki Porcini,Sleepy,0.6,0.2,0.8,0.4,0.0,0.0,0.0,0.0,0.0,0.0,0.0,0.0,0.8,0.4,0.6,0.0
Sentenced,Intro - The Gate,,,,,,,,,,,,,,,,
Nekropsi,Erciyes Şokta,,,,,,,,,,,,,,,,
Towers Of London,On A Noose,,,,,,,,,,,,,,,,
Towers Of London,Fuck It Up (Acoustic),,,,,,,,,,,,,,,,
Poets Of The Fall,Sleep,,,,,,,,,,,,,,,,
Talking Heads,Psycho Killer (Live),,,,,,,,,,,,,,,,
Xiu Xiu,Bog People,,,,,,,,,,,,,,,,
Towers Of London,Good Time,,,,,,,,,,,,,,,,
One Night Only,It'S About Time,,,,,,,,,,,,,,,,
Everything But The Girl,Missing (Todd Terry Club Mix),,,,,,,,,,,,,,,,
Sentenced,Karu,,,,,,,,,,,,,,,,
One Self,Bluebird,,,,,,,,,,,,,,,,
Deep Purple,Sail Away,,,,,,,,,,,,,,,,
The Cars,Moving In Stereo,,,,,,,,,,,,,,,,
To/Die/For,(I Just) Died In Your Arms,,,,,,,,,,,,,,,,
Blatz,Dolly,,,,,,,,,,,,,,,,
The Streets,War Of The Sexes,,,,,,,,,,,,,,,,
Big Star,Way Out West,,,,,,,,,,,,,,,,
The Weakerthans,Pamphleteer,,,,,,,,,,,,,,,,
大谷幸,Prohibited Art,,,,,,,,,,,,,,,,
The Beautiful South,Let Love Speak Up Itself,0.8,0.4,0.0,0.6,0.4,0.2,0.8,0.4,0.0,0.6,0.0,0.0,0.0,0.0,0.8,0.0
4 Non Blondes,Calling All The People,,,,,,,,,,,,,,,,
Lightning Bolt,Ride The Sky,,,,,,,,,,,,,,,,
Mokoma,Sirppi,,,,,,,,,,,,,,,,
Mokoma,Viholliset,,,,,,,,,,,,,,,,
Dredg,Hungover On A Tuesday,,,,,,,,,,,,,,,,
Rogue Wave,Are You On My Side,,,,,,,,,,,,,,,,
Damien Jurado,Eyes For Windows,,,,,,,,,,,,,,,,
Pantera,Nothin' On (But The Radio),,,,,,,,,,,,,,,,
Tenacious D,Rocketsauce V.2,,,,,,,,,,,,,,,,
All The Saints,Regal Regalia,,,,,,,,,,,,,,,,
Bad Religion,Faith Alone,1.0,0.8,0.0,0.2,1.0,0.8,0.0,0.0,0.0,0.0,0.0,0.0,0.0,0.0,0.8,0.0
Archive,Beautiful World,,,,,,,,,,,,,,,,
All The Saints,Hornett,,,,,,,,,,,,,,,,
The Fall,The Classical,,,,,,,,,,,,,,,,
Voltaire,The Vampire Club,,,,,,,,,,,,,,,,
Ciara,Goodies,,,,,,,,,,,,,,,,
International Peoples Gang,This One,,,,,,,,,,,,,,,,
Dinosaur Jr.,On The Brink,,,,,,,,,,,,,,,,
Jordin Sparks,Permanent Monday,,,,,,,,,,,,,,,,
Mark Farina,Puts - Suite For Beaver Pt. 1,0.8,0.4,0.6,0.6,0.4,0.2,0.0,0.0,0.0,0.0,0.0,0.0,0.6,0.4,0.8,0.0
Neko Case,Knock Loud,,,,,,,,,,,,,,,,
Neil Young & Crazy Horse,Down By The River,,,,,,,,,,,,,,,,
Jonny Mcgovern,Soccer Practice,,,,,,,,,,,,,,,,
Grandaddy,Hand Crank Transmitter,,,,,,,,,,,,,,,,
Cibo Matto,Moonchild,,,,,,,,,,,,,,,,
Vonda Shepard,Searchin' My Soul,,,,,,,,,,,,,,,,
Mark Farina,Maspyke - Truth In Position [Instrumental],0.4,0.2,0.8,0.6,0.0,0.0,0.0,0.0,0.0,0.0,0.0,0.4,0.6,0.4,0.6,0.0
The Von Bondies,Not That Social,,,,,,,,,,,,,,,,
Farben Lehre,Miasto Końca Wieku,,,,,,,,,,,,,,,,
Aesop Rock,No City,,,,,,,,,,,,,,,,
Aesop Rock,None Shall Pass (Prod. By Blockhead),,,,,,,,,,,,,,,,
Thåström,Varför Är Du Så Tyst,,,,,,,,,,,,,,,,
Željko Joksimović,Lane Moje,,,,,,,,,,,,,,,,
Automatic Loveletter,The Answer,,,,,,,,,,,,,,,,
Abba,Ring Ring,,,,,,,,,,,,,,,,
Spiritualized,Do It All Over Again,,,,,,,,,,,,,,,,
Roger Waters,The Bravery Of Being Out Of Range,,,,,,,,,,,,,,,,
Scorpions,Hour I,,,,,,,,,,,,,,,,
Max Richter,Time Passing,,,,,,,,,,,,,,,,
At The Drive-In,A Devil Among The Tailors,,,,,,,,,,,,,,,,
The Lightning Seeds,The Life Of Riley,,,,,,,,,,,,,,,,
Roger Waters,The Tide Is Turning (After Live Aid),,,,,,,,,,,,,,,,
Dream Theater,Sacrificed Sons,,,,,,,,,,,,,,,,
Abba,Sos,,,,,,,,,,,,,,,,
They Might Be Giants,Twisting,,,,,,,,,,,,,,,,
Turisas,A Portage To The Unknown,,,,,,,,,,,,,,,,
Blur,Yuko And Hiro,,,,,,,,,,,,,,,,
Cannibal Corpse,Fucked With A Knife,,,,,,,,,,,,,,,,
The Vaselines,Son Of A Gun,,,,,,,,,,,,,,,,
Sinéad O'Connor,Y Mas Gan,,,,,,,,,,,,,,,,
Mando Diao,Give Me Fire,,,,,,,,,,,,,,,,
Ciara,Can'T Leave 'Em Alone (Feat. 50 Cent),,,,,,,,,,,,,,,,
Deep Purple,Kentucky Woman,,,,,,,,,,,,,,,,
Ciara,Bang It Up,,,,,,,,,,,,,,,,
Deep Purple,Help,,,,,,,,,,,,,,,,
Dio,Invisible,,,,,,,,,,,,,,,,
Andrea,Time To Pray,,,,,,,,,,,,,,,,
Neil Young,The Loner,,,,,,,,,,,,,,,,
Andrea Bocelli,La Donna E Mobile,,,,,,,,,,,,,,,,
The Libertines,Skint And Minted (Demo),,,,,,,,,,,,,,,,
Scorpions,Make It Real,,,,,,,,,,,,,,,,
Wilco,Passenger Side,,,,,,,,,,,,,,,,
Ellen Allien & Apparat,Sleepless,,,,,,,,,,,,,,,,
The Bees,Got To Let Go,,,,,,,,,,,,,,,,
Ellen Allien,Magma,,,,,,,,,,,,,,,,
Rodrigo Y Gabriela,Juan Loco,,,,,,,,,,,,,,,,
Inxs,Baby Don'T Cry,,,,,,,,,,,,,,,,
Archive,Hate,,,,,,,,,,,,,,,,
Arcade Fire,Cars And Telephones,,,,,,,,,,,,,,,,
Panjabi Mc,Mundian To Bach Ke,,,,,,,,,,,,,,,,
Interpol,Obstacle 1 (Black Session),,,,,,,,,,,,,,,,
The Beauty Room,Holding On,,,,,,,,,,,,,,,,
Turisas,Fields Of Gold,,,,,,,,,,,,,,,,
Tenacious D,Kikapoo,,,,,,,,,,,,,,,,
At The Gates,The Flames Of The End,,,,,,,,,,,,,,,,
Wolfgang Amadeus Mozart,Requiem,,,,,,,,,,,,,,,,
Into Eternity,Beginning Of The End,,,,,,,,,,,,,,,,
De La Soul,Oodles Of O'S,,,,,,,,,,,,,,,,
Luz Divina,You Shine On Me (Johnny Budz Remix),,,,,,,,,,,,,,,,
The Feelies,The Boy With The Perpetual Nervousness,,,,,,,,,,,,,,,,
Neil Young,Human Highway,,,,,,,,,,,,,,,,
Rain Parade,I Look Around,,,,,,,,,,,,,,,,
Bon Jovi,Lost Highway,,,,,,,,,,,,,,,,
Grand Alchemist,Down Again,,,,,,,,,,,,,,,,
Chuck Mangione,Children Of Sanchez,,,,,,,,,,,,,,,,
Aphrodite,Put A Cut On It (Feat. Rah Digga),,,,,,,,,,,,,,,,
London After Midnight,America'S A Fucking Disease,,,,,,,,,,,,,,,,
Onerepublic,Sleep,,,,,,,,,,,,,,,,
Jan Johansson,Vallåt Från Jämtland,,,,,,,,,,,,,,,,
Chumbawamba,Smith & Taylor,,,,,,,,,,,,,,,,
Mando Diao,Hail The Sunny Days,,,,,,,,,,,,,,,,
Neil Young,Living With War,,,,,,,,,,,,,,,,
Cross Canadian Ragweed,Fightin' For,,,,,,,,,,,,,,,,
Every Time I Die,The New Black,,,,,,,,,,,,,,,,
The Cardigans,Lead Me Into The Night,,,,,,,,,,,,,,,,
Veronica Lipgloss And The Evil Eyes,Strip Mall Glass,,,,,,,,,,,,,,,,
The Cardigans,Sabbath Bloody Sabbath,,,,,,,,,,,,,,,,
Gabin,La Maison,,,,,,,,,,,,,,,,
Abc,Valentine'S Day,,,,,,,,,,,,,,,,
Abc,Show Me,,,,,,,,,,,,,,,,
Max Richter,Lullaby,,,,,,,,,,,,,,,,
Turin Brakes,Fishing For A Dream,,,,,,,,,,,,,,,,
Spoon,30 Gallon Tank,,,,,,,,,,,,,,,,
Rockers Hi-Fi,Going Under (Evil Love And Insanity Dub),,,,,,,,,,,,,,,,
Lil Wayne,Black Republicans (Feat. Juelz Santana),,,,,,,,,,,,,,,,
Kings Of Leon,Woo Hoo,,,,,,,,,,,,,,,,
The Lemonheads,Let'S Just Laugh,,,,,,,,,,,,,,,,
Rocket From The Crypt,On A Rope,,,,,,,,,,,,,,,,
Kings Of Convenience,Failure (Alfie Version),,,,,,,,,,,,,,,,
Animosity,Instilling The Affliction,,,,,,,,,,,,,,,,
Aesop Rock,Fascination,,,,,,,,,,,,,,,,
Blur,Repetition,,,,,,,,,,,,,,,,
The Sins Of Thy Beloved,Silent Pain,,,,,,,,,,,,,,,,
Grand Alchemist,A Nailed Visual Effect,,,,,,,,,,,,,,,,
Crowded House,Mean To Me,,,,,,,,,,,,,,,,
Blur,Villa Rosie,,,,,,,,,,,,,,,,
Jamiroquai,You Are My Love,,,,,,,,,,,,,,,,
Aesop Rock,Bracket Basher,,,,,,,,,,,,,,,,
Mono,16.12,,,,,,,,,,,,,,,,
Kings Of Convenience,The Weight Of My Words (Four Tet Remix),,,,,,,,,,,,,,,,
Max Pezzali,Eccoti,,,,,,,,,,,,,,,,
Madvillain,Great Day Today,,,,,,,,,,,,,,,,
Mono,Lost Snow,,,,,,,,,,,,,,,,
Madvillain,Do Not Fire! (Instrumental),0.6,0.4,1.0,0.2,0.0,0.0,0.0,0.0,0.0,0.0,0.0,0.0,0.8,0.6,0.0,0.0
Gaelle,Rain,,,,,,,,,,,,,,,,
Lusine Icl,Stones Throw,,,,,,,,,,,,,,,,
Eternal Tears Of Sorrow,Sweet Lilith Of My Dreams,,,,,,,,,,,,,,,,
Pale Saints,She Rides The Waves,,,,,,,,,,,,,,,,
Mono,Mere Your Pathetique Light,,,,,,,,,,,,,,,,
Mono,High Life,0.6,0.4,0.0,0.2,0.6,0.4,0.4,1.0,0.0,0.8,0.0,0.0,0.2,0.2,0.6,0.0
The Legendary Pink Dots,The Brightest Star,,,,,,,,,,,,,,,,
Turin Brakes,Emergency 72,,,,,,,,,,,,,,,,
The Beta Band,Liquid Bird,,,,,,,,,,,,,,,,
Robots In Disguise,Can'T Stop Getting Wasted,,,,,,,,,,,,,,,,
Robots In Disguise,Don'T Copy Me,,,,,,,,,,,,,,,,
Spoon,Don'T Buy The Realistic,,,,,,,,,,,,,,,,
Robots In Disguise,Animals,,,,,,,,,,,,,,,,
Robots In Disguise,I'M Hit,,,,,,,,,,,,,,,,
Scorpions,We Were Born To Fly,,,,,,,,,,,,,,,,
Scorpions,We Will Rise Again,,,,,,,,,,,,,,,,
Spoon,Reservations,,,,,,,,,,,,,,,,
Atb,9 Am,,,,,,,,,,,,,,,,
The Fiery Furnaces,Nevers,,,,,,,,,,,,,,,,
Volbeat,Find That Soul,,,,,,,,,,,,,,,,
The Fiery Furnaces,Oh Sweet Woods,,,,,,,,,,,,,,,,
Emilie Autumn,Chambermaid,,,,,,,,,,,,,,,,
Sufjan Stevens,Rice Pudding,,,,,,,,,,,,,,,,
The Sins Of Thy Beloved,Lake Of Sorrow,,,,,,,,,,,,,,,,
Aesop Rock,Appleseed Intro,,,,,,,,,,,,,,,,
Neil Sedaka,Happy Birthday Sweet Sixteen,,,,,,,,,,,,,,,,
Josh Groban,Silent Night,,,,,,,,,,,,,,,,
The Fiery Furnaces,Cousin Chris,,,,,,,,,,,,,,,,
Josh Groban,Remember When It Rained,,,,,,,,,,,,,,,,
Sufjan Stevens,Super Sexy Woman,,,,,,,,,,,,,,,,
London After Midnight,Psycho Magnet,,,,,,,,,,,,,,,,
Sufjan Stevens,The One I Love,,,,,,,,,,,,,,,,
Josh Ritter,Rumors,,,,,,,,,,,,,,,,
Tricky,For Real,,,,,,,,,,,,,,,,
Rainbow,The Temple Of The King,,,,,,,,,,,,,,,,
Atb,After The Flame,,,,,,,,,,,,,,,,
The Lawrence Arms,Key To The City,,,,,,,,,,,,,,,,
Aberdeen,Fran,,,,,,,,,,,,,,,,
The Bird And The Bee,Meteor,,,,,,,,,,,,,,,,
Daft Punk,Human After All (Justice Remix),,,,,,,,,,,,,,,,
King Crimson,Thrak,,,,,,,,,,,,,,,,
Big L,All Black,,,,,,,,,,,,,,,,
Television Personalities,Look Back In Anger,,,,,,,,,,,,,,,,
Turbonegro,Locked Down,,,,,,,,,,,,,,,,
Shout Out Louds,Hurry Up Let'S Go,,,,,,,,,,,,,,,,
Silvio Rodríguez,Playa Girón,,,,,,,,,,,,,,,,
Madvillain,Raid (Feat. Med),,,,,,,,,,,,,,,,
Autechre,Doctrine,,,,,,,,,,,,,,,,
Yui,Rolling Star,,,,,,,,,,,,,,,,
Logic,Fucking Swedish,,,,,,,,,,,,,,,,
Thyrane,Dance In The Air,,,,,,,,,,,,,,,,
Graham Colton Band,Since You Broke It,,,,,,,,,,,,,,,,
Ben Lee,We'Re All In This Together,,,,,,,,,,,,,,,,
Christina Aguilera,Keep On Singin' My Song,,,,,,,,,,,,,,,,
Christina Aguilera,Underappreciated,,,,,,,,,,,,,,,,
Thåström,Flicka Med Guld,,,,,,,,,,,,,,,,
Neil Diamond,Cracklin' Rosie,,,,,,,,,,,,,,,,
Dir En Grey,Marmalade Chainsaw,,,,,,,,,,,,,,,,
Dir En Grey,Filth,,,,,,,,,,,,,,,,
The Fiery Furnaces,Whistle Rhapsody,,,,,,,,,,,,,,,,
King Crimson,One More Red Nightmare,,,,,,,,,,,,,,,,
Gang Gang Dance,Afoot,,,,,,,,,,,,,,,,
King Creosote,I'Ll Fly By The Seat Of My Pants,0.6,0.4,0.0,0.4,0.4,0.2,0.8,0.0,0.0,0.4,0.0,0.0,0.0,0.0,0.6,0.0
Dr. Octagon,3000,,,,,,,,,,,,,,,,
The Last Dance,Wonderlust,,,,,,,,,,,,,,,,
King Crimson,Easy Money,,,,,,,,,,,,,,,,
Animal Collective,Street Flash,,,,,,,,,,,,,,,,
Spın̈Al Tap,Tonight I'M Gonna Rock You Tonight,,,,,,,,,,,,,,,,
Animal Collective,Infant Dressing Table,,,,,,,,,,,,,,,,
Squarepusher,Rotate Electrolyte,,,,,,,,,,,,,,,,
Atb,Killer,,,,,,,,,,,,,,,,
The Fixx,Deeper And Deeper,,,,,,,,,,,,,,,,
2Pac,All About U,,,,,,,,,,,,,,,,
Semisonic,Gone To The Movies,,,,,,,,,,,,,,,,
The Wake,Patrol,,,,,,,,,,,,,,,,
Lok,Skrubbsår,,,,,,,,,,,,,,,,
Jamie T,If You Got The Money (Miloco Demo Version),,,,,,,,,,,,,,,,
Tamia,Almost,,,,,,,,,,,,,,,,
Joss Stone,Bad Habit,,,,,,,,,,,,,,,,
Mandalay,Flowers Bloom,,,,,,,,,,,,,,,,
Plushgun,Just Impolite,,,,,,,,,,,,,,,,
Cruachan,Some Say The Devil Is Dead,,,,,,,,,,,,,,,,
Joss Stone,Some Kind Of Wonderful,,,,,,,,,,,,,,,,
Mandalay,Insensible,,,,,,,,,,,,,,,,
Plej,Evum,,,,,,,,,,,,,,,,
Operation Ivy,Bombshell,,,,,,,,,,,,,,,,
Tamia,When A Woman,,,,,,,,,,,,,,,,
Deep Forest,Deep Forest,,,,,,,,,,,,,,,,
Art Brut,The Great Escape,,,,,,,,,,,,,,,,
The Weakerthans,Civil Twilight,,,,,,,,,,,,,,,,
Field Mob,Blacker The Berry,,,,,,,,,,,,,,,,
Turbonegro,Denim Demon,,,,,,,,,,,,,,,,
Moonspell,Capricorn At Her Feet,,,,,,,,,,,,,,,,
Gang Starr,All 4 Tha Ca$H,,,,,,,,,,,,,,,,
Atb,The Chosen Ones,,,,,,,,,,,,,,,,
Kim Leoni,Medicine (Radio Edit),,,,,,,,,,,,,,,,
Slipknot,Wherein Lies Continue,,,,,,,,,,,,,,,,
Dr. Dre,The Chronic (Intro),,,,,,,,,,,,,,,,
Moonspell,Awake,,,,,,,,,,,,,,,,
Thievery Corporation,The Foundation,,,,,,,,,,,,,,,,
Moonspell,Raven Claws,,,,,,,,,,,,,,,,
Kim Wilde,Cambodia,,,,,,,,,,,,,,,,
Gang Starr,Robbin Hood Theory,,,,,,,,,,,,,,,,
Slade,Coz I Luv You,,,,,,,,,,,,,,,,
Aphrodite,All Over Me (Feat. Barrington Levy),,,,,,,,,,,,,,,,
Necrophagist,Epitaph,,,,,,,,,,,,,,,,
Dire Straits,Your Latest Trick,,,,,,,,,,,,,,,,
Christian Kjellvander,Deliverance,,,,,,,,,,,,,,,,
Raised Fist,Some Of These Times,,,,,,,,,,,,,,,,
Aphilas,Lifelong Fiction,,,,,,,,,,,,,,,,
Fatboy Slim,Michael Jackson,,,,,,,,,,,,,,,,
Dire Straits,In The Gallery,,,,,,,,,,,,,,,,
Tricky,Veronika,,,,,,,,,,,,,,,,
Sufjan Stevens,A Sun Came,,,,,,,,,,,,,,,,
Yung Joc,Bout It,,,,,,,,,,,,,,,,
Killswitch Engage,Numbered Days,,,,,,,,,,,,,,,,
José Feliciano,Feliz Navidad,,,,,,,,,,,,,,,,
Dr. Dog,Hang On,,,,,,,,,,,,,,,,
Matthew Good,The Devil'S In Your Details,,,,,,,,,,,,,,,,
Animal Collective,I Remember Learning How To Dive,,,,,,,,,,,,,,,,
The Birthday Massacre,Under The Stairs,,,,,,,,,,,,,,,,
Dr. Dog,The Way The Lazy Do,,,,,,,,,,,,,,,,
The Birthday Massacre,Play Dead,,,,,,,,,,,,,,,,
Phosphorescent,Not A Heel,,,,,,,,,,,,,,,,
Killradio,Entertained,,,,,,,,,,,,,,,,
Television Personalities,Parties In Chelsea,,,,,,,,,,,,,,,,
The Kooks,Be Mine,,,,,,,,,,,,,,,,
Carla Bruni,La Dernière Minute,,,,,,,,,,,,,,,,
Hooverphonic,Sometimes,,,,,,,,,,,,,,,,
Hooverphonic,L'Odeur Animale,,,,,,,,,,,,,,,,
Wolfsheim,Touch,,,,,,,,,,,,,,,,
Wilco,(Was I) In Your Dreams,,,,,,,,,,,,,,,,
Simian Vs Justice Feat. Missy,4 My Friends (Dix Edit),,,,,,,,,,,,,,,,
Arab Strap,There Is No Ending,,,,,,,,,,,,,,,,
Blu Cantrell,Sleep In The Middle,,,,,,,,,,,,,,,,
Andrew Bird,Mx Missiles,,,,,,,,,,,,,,,,
The Flaming Lips,Psychiatric Explorations Of The Fetus With Needles,,,,,,,,,,,,,,,,
Suede,My Insatiable One,,,,,,,,,,,,,,,,
Chrisette Michele,Your Joy,,,,,,,,,,,,,,,,
Dirty Pretty Things,Buzzards & Crows,,,,,,,,,,,,,,,,
Andrew Bird,First Song,,,,,,,,,,,,,,,,
Fatboy Slim,Sho Nuff,,,,,,,,,,,,,,,,
Black Sabbath,E5150,,,,,,,,,,,,,,,,
Black Sabbath,Crazy Train,,,,,,,,,,,,,,,,
Marnie Stern,Precious Metal,,,,,,,,,,,,,,,,
Joy Denalane,Change (Feat. Lupe Fiasco),,,,,,,,,,,,,,,,
Joy Division,Auto-Suggestion,,,,,,,,,,,,,,,,
The Flaming Lips,Superhumans,,,,,,,,,,,,,,,,
Grace Jones,Private Life,,,,,,,,,,,,,,,,
Rammstein,Das Alte Leid,,,,,,,,,,,,,,,,
Grace Jones,I'Ve Seen That Face Before (Libertango),,,,,,,,,,,,,,,,
Raised Fist,You Ignore Them All,,,,,,,,,,,,,,,,
Suede,The Next Life,,,,,,,,,,,,,,,,
Dire Straits,Why Worry,,,,,,,,,,,,,,,,
Nearly,Straight To Nowhere,,,,,,,,,,,,,,,,
Suede,The Living Dead,,,,,,,,,,,,,,,,
Carla Bruni,L'Amour,,,,,,,,,,,,,,,,
Carla Bruni,Before The World Was Made,,,,,,,,,,,,,,,,
Veruca Salt,The Morning Sad,0.8,0.6,0.0,0.0,1.0,0.8,0.0,0.0,0.0,0.0,0.0,0.0,0.0,0.0,0.8,0.0
Pain Of Salvation,Ii. Machinassiah: Lilium Cruentus (Deus Nova),,,,,,,,,,,,,,,,
Killing Joke,The Death & Resurrection Show,,,,,,,,,,,,,,,,
Morandi,Angels,,,,,,,,,,,,,,,,
Atb,Tristan Da Cunha,,,,,,,,,,,,,,,,
Matthew Good,I'M A Window,,,,,,,,,,,,,,,,
Fictionjunction Yuuka,焔の扉,,,,,,,,,,,,,,,,
Matthew Good,Pledge Of Allegiance,,,,,,,,,,,,,,,,
Elliott Smith,Brand New Game,,,,,,,,,,,,,,,,
Download,Uhm,,,,,,,,,,,,,,,,
Squirrel Nut Zippers,Hell,,,,,,,,,,,,,,,,
Dirty Vegas,Days Go By (Acoustic Version),0.0,0.0,0.0,0.4,0.0,0.0,1.0,0.0,0.0,0.0,0.0,0.0,0.0,0.0,0.4,0.0
Bauhaus,Nerves,,,,,,,,,,,,,,,,
Dirty Pretty Things,Plastik Hearts,1.0,0.8,0.0,0.4,1.0,1.0,0.0,0.0,0.0,0.0,0.0,0.0,0.0,0.0,1.0,0.0
The Brunettes,The Moon In June Stuff,,,,,,,,,,,,,,,,
Gossip,Standing In The Way Of Control (Soulwax Mix),,,,,,,,,,,,,,,,
Natasha Bedingfield,Love Like This (Feat. Sean Kingston),,,,,,,,,,,,,,,,
Natasha St-Pier,Ce Silence,,,,,,,,,,,,,,,,
Nathan Fake,Bumblechord,0.4,0.2,0.8,0.2,0.0,0.0,0.0,0.0,0.0,0.0,0.0,0.0,1.0,0.8,0.0,0.0
Nathan Fake,You Are Here,,,,,,,,,,,,,,,,
Selena Gomez,Tell Me Something I Don'T Know,,,,,,,,,,,,,,,,
Dirty Pretty Things,Hippy'S Son,,,,,,,,,,,,,,,,
Gotan Project,Domingo,,,,,,,,,,,,,,,,
Slagsmålsklubben,I Hennes Majestäts Hemliga Hatt,,,,,,,,,,,,,,,,
Matt Pond Pa,Taught To Look Away,,,,,,,,,,,,,,,,
The Rolling Stones,All Down The Line,,,,,,,,,,,,,,,,
Morbid Angel,Maze Of Torment,,,,,,,,,,,,,,,,
Ania,Wiosna,,,,,,,,,,,,,,,,
Matt Pond Pa,So Much Trouble,,,,,,,,,,,,,,,,
The Knife,Forest Families(Silent Shout Tour),,,,,,,,,,,,,,,,
Boys Noize,Superfresh,,,,,,,,,,,,,,,,
Gare Du Nord,Sold My Soul,,,,,,,,,,,,,,,,
Boys Noize,& Down (Siriusmo Vs. Boys Noize Mix),,,,,,,,,,,,,,,,
St. Christopher,All Of A Tremble,,,,,,,,,,,,,,,,
Robbie Williams,Have You Met Miss Jones?,,,,,,,,,,,,,,,,
Garden Of Eden,Lélekmadár,,,,,,,,,,,,,,,,
Morcheeba,What New York Couples Fight About (Feat. Kurt Wagner),,,,,,,,,,,,,,,,
Uffie,Pop The Glock (Curtis Vodka Rmx),,,,,,,,,,,,,,,,
Scotty,Draw Your Brakes,,,,,,,,,,,,,,,,
Gare Du Nord,How Was It For You,,,,,,,,,,,,,,,,
Ultravox,Passionate Reply,,,,,,,,,,,,,,,,
Aerosmith,Cryin,,,,,,,,,,,,,,,,
Kill Hannah,No One Dreams Anyway,,,,,,,,,,,,,,,,
Maroon 5,Ragdoll,,,,,,,,,,,,,,,,
Chris Vrenna,Fungiferous Flora,,,,,,,,,,,,,,,,
Natalie Merchant,Kind & Generous,,,,,,,,,,,,,,,,
Dirty Vegas,Ghosts,,,,,,,,,,,,,,,,
Vnv Nation,Joy,,,,,,,,,,,,,,,,
Chris Vrenna,Skool Daze,,,,,,,,,,,,,,,,
Opeth,Epilogue,,,,,,,,,,,,,,,,
The Klf,Last Train To Trancentral,0.8,0.6,1.0,0.4,0.2,0.2,0.0,0.0,0.0,0.0,0.0,0.0,0.8,0.8,0.4,0.0
Jamie Cullum,What A Difference A Day Made,,,,,,,,,,,,,,,,
Jamie Cullum,Oh God,,,,,,,,,,,,,,,,
Lucybell,Luces No Bélicas,,,,,,,,,,,,,,,,
Bleeding Through,Kill To Believe,,,,,,,,,,,,,,,,
The Klf,3 A.M. Somewhere Out Of Beaumont,,,,,,,,,,,,,,,,
The Klf,Church Of The Klf,,,,,,,,,,,,,,,,
Pain,Clouds Of Ecstasy,,,,,,,,,,,,,,,,
Blur,Entertain Me,,,,,,,,,,,,,,,,
Archive,Meon,,,,,,,,,,,,,,,,
Robbie Rivera,Back To Zero (Miami Vocal Radio Mix),,,,,,,,,,,,,,,,
Blind Stare,Ender,,,,,,,,,,,,,,,,
Hoof,And The Colours,,,,,,,,,,,,,,,,
Blind Melon,Soak The Sin,,,,,,,,,,,,,,,,
Hooverphonic,Frosted Flake Wood,,,,,,,,,,,,,,,,
Daedelus,Get Off Your Hi-Hats,,,,,,,,,,,,,,,,
Gorgoroth,Litani Til Satan,,,,,,,,,,,,,,,,
Hooverphonic,Dictionary,,,,,,,,,,,,,,,,
The Birthday Massacre,Weekend,,,,,,,,,,,,,,,,
Judas Priest,Sinner,,,,,,,,,,,,,,,,
Alanis Morissette,Can'T Not,,,,,,,,,,,,,,,,
Herbert Grönemeyer,Demo (Letzter Tag),,,,,,,,,,,,,,,,
Plain White T'S,Breakdown,,,,,,,,,,,,,,,,
Ramones,Now I Wanna Be A Good Boy,,,,,,,,,,,,,,,,
Judas Priest,Tyrant,,,,,,,,,,,,,,,,
The Four Seasons,Big Girls Don'T Cry,,,,,,,,,,,,,,,,
Slagsmålsklubben,Terror Flynn Ok Ok,,,,,,,,,,,,,,,,
Natalia Lafourcade,En El 2000,,,,,,,,,,,,,,,,
Thunderbirds Are Now!,198090,,,,,,,,,,,,,,,,
Gorillaz,Sound Check,,,,,,,,,,,,,,,,
Juanes,La Paga,,,,,,,,,,,,,,,,
Andrew Lloyd Webber,The Temple,,,,,,,,,,,,,,,,
Gorillaz,Stop The Dams,,,,,,,,,,,,,,,,
Andrew Lloyd Webber,Superstar,,,,,,,,,,,,,,,,
Rob Zombie,Spookshow Baby,,,,,,,,,,,,,,,,
The Kinks,Wonderboy,,,,,,,,,,,,,,,,
Carmen Mcrae,The Very Thought Of You,,,,,,,,,,,,,,,,
Carmen Consoli,Piccolo Cesare,,,,,,,,,,,,,,,,
Thingy,Plenty,,,,,,,,,,,,,,,,
Big Black,Ergot,,,,,,,,,,,,,,,,
Rob Zombie,Pussy Liquor,,,,,,,,,,,,,,,,
宇多田ヒカル,Traveling,,,,,,,,,,,,,,,,
Rob Zombie,Perversion 99,,,,,,,,,,,,,,,,
Boy Omega,East,,,,,,,,,,,,,,,,
Morningwood,Jetsetter,,,,,,,,,,,,,,,,
Third Eye Blind,1000 Julys,,,,,,,,,,,,,,,,
Above & Beyond,Far From In Love (Original Mix),,,,,,,,,,,,,,,,
Carpathian Forest,Bloodcleansing,,,,,,,,,,,,,,,,
The Kinks,Starstruck,,,,,,,,,,,,,,,,
Fats Domino,Blueberry Hill,,,,,,,,,,,,,,,,
Seether,Broken,,,,,,,,,,,,,,,,
Sublime,Get Ready,,,,,,,,,,,,,,,,
Embrace,Fireworks,,,,,,,,,,,,,,,,
Crystal Kay,Motherland,,,,,,,,,,,,,,,,
Crystal Castles,Rot,,,,,,,,,,,,,,,,
Crystal Kay,Flowers,,,,,,,,,,,,,,,,
To/Die/For,Wicked Circle,,,,,,,,,,,,,,,,
The Brunettes,Cupid,,,,,,,,,,,,,,,,
Plan B,No More Eatin' (Hadouken! Mix),,,,,,,,,,,,,,,,
St. Vincent,The Bed,,,,,,,,,,,,,,,,
Alanis Morissette,Are You Still Mad,,,,,,,,,,,,,,,,
Alanis Morissette,Giggling Again For No Reason,,,,,,,,,,,,,,,,
Sinéad O'Connor,The Last Day Of Our Acquaintance,,,,,,,,,,,,,,,,
Sinéad O'Connor,Feel So Different,,,,,,,,,,,,,,,,
St. Germain,Street Scene (4 Shazz),,,,,,,,,,,,,,,,
Rob Zombie,Dead Girl Superstar,,,,,,,,,,,,,,,,
St. Vincent,Laughing With A Mouth Of Blood,,,,,,,,,,,,,,,,
St. Germain,What'S New?,,,,,,,,,,,,,,,,
St. Vincent,Black Rainbow,,,,,,,,,,,,,,,,
Doug Burr,Thing About Trouble,,,,,,,,,,,,,,,,
Page France,Chariot,,,,,,,,,,,,,,,,
St. Vincent,Save Me From What I Want,,,,,,,,,,,,,,,,
Telefon Tel Aviv,Mostly Translucent,,,,,,,,,,,,,,,,
Telefon Tel Aviv,Stay Away From Being Maybe,,,,,,,,,,,,,,,,
Bad Brains,Supertouch/Shitfit,,,,,,,,,,,,,,,,
Dead Can Dance,In Power We Entrust The Love Advocated,,,,,,,,,,,,,,,,
Dead Can Dance,Bird,,,,,,,,,,,,,,,,
Hoobastank,Moving Forward,,,,,,,,,,,,,,,,
Dead Boys,Ain'T It Fun,,,,,,,,,,,,,,,,
Telefon Tel Aviv,What It Is Without The Hand That Wields It,,,,,,,,,,,,,,,,
Iron Maiden,Chains Of Misery,,,,,,,,,,,,,,,,
Rancid,Gave It Away,,,,,,,,,,,,,,,,
Chris Brown,Kiss Kiss,,,,,,,,,,,,,,,,
Rancid,Disorder And Disarray,,,,,,,,,,,,,,,,
Chris Brown,Kiss Kiss (Feat. T-Pain),,,,,,,,,,,,,,,,
Naomi,Anybody Here?,,,,,,,,,,,,,,,,
Martha Wainwright,This Life,,,,,,,,,,,,,,,,
Naomi,White,,,,,,,,,,,,,,,,
The Walkmen,Danny'S At The Wedding,,,,,,,,,,,,,,,,
Martha Wainwright,Comin' Tonight,,,,,,,,,,,,,,,,
Dismember,Casket Garden,,,,,,,,,,,,,,,,
The Fray,We Build Then We Break,,,,,,,,,,,,,,,,
Nas,The Message,,,,,,,,,,,,,,,,
Gorefest,Rogue State,,,,,,,,,,,,,,,,
Nas,Take It In Blood,,,,,,,,,,,,,,,,
Gorefest,Exorcism,,,,,,,,,,,,,,,,
Sublime,D.J.S,,,,,,,,,,,,,,,,
Gorefest,Man To Fall,,,,,,,,,,,,,,,,
Gorefest,Freedom,,,,,,,,,,,,,,,,
Dishwalla,Every Little Thing,,,,,,,,,,,,,,,,
Third Eye Blind,Can'T Get Away,,,,,,,,,,,,,,,,
Slipknot,No Life,,,,,,,,,,,,,,,,
Rob Dougan,There'S Only Me,,,,,,,,,,,,,,,,
Morrissey,Dagenham Dave,,,,,,,,,,,,,,,,
Stabbing Westward,On Your Way Down,,,,,,,,,,,,,,,,
Kid Loco,La Seduzione,,,,,,,,,,,,,,,,
Cartel,The City Never Sleeps,,,,,,,,,,,,,,,,
Doug Burr,How Can The Lark (My Dear Theo),,,,,,,,,,,,,,,,
Morrissey,Interlude,,,,,,,,,,,,,,,,
Scouting For Girls,I'M Not Over You,,,,,,,,,,,,,,,,
Gary Moore,Over The Hills And Far Away,,,,,,,,,,,,,,,,
Kid Dynamite,Bookworm,,,,,,,,,,,,,,,,
Ferry Corsten,Are You Ready,,,,,,,,,,,,,,,,
Roachford & M.Y.N.C. Project,Ride The Storm (Life Goes On Club Mix),,,,,,,,,,,,,,,,
Stabbing Westward,Nothing,,,,,,,,,,,,,,,,
The Broken Family Band,It'S All Over,,,,,,,,,,,,,,,,
Oranger,Crooked In The Weird Of The Catacombs,,,,,,,,,,,,,,,,
Tarja Turunen,Seeking For The Reign,,,,,,,,,,,,,,,,
Tarja Turunen,Our Great Divide,,,,,,,,,,,,,,,,
Vivian Or Kazuma,Moment,,,,,,,,,,,,,,,,
The Future Sound Of London,Max,,,,,,,,,,,,,,,,
Rancid,Radio,,,,,,,,,,,,,,,,
Dissection,Retribution - Storm Of The Light'S Bane,,,,,,,,,,,,,,,,
Andrew White,Greenstone Waters,,,,,,,,,,,,,,,,
Uverworld,-妙策号外Orchestra-,,,,,,,,,,,,,,,,
Chris Brown,Run It,,,,,,,,,,,,,,,,
Aphex Twin,[White Blur 1],,,,,,,,,,,,,,,,
Styx,Boat On The River,,,,,,,,,,,,,,,,
Rancid,The Ballad Of Jimmy & Johnny,,,,,,,,,,,,,,,,
Rancid,Holiday Sunrise,,,,,,,,,,,,,,,,
Chris Cornell,Follow My Way,,,,,,,,,,,,,,,,
Goose,Safari Beach,,,,,,,,,,,,,,,,
Andrew White,To Say Goodbye To You,,,,,,,,,,,,,,,,
Rancid,It'S Quite Alright,,,,,,,,,,,,,,,,
The Kills,Night Train (Bonus Track),,,,,,,,,,,,,,,,
Émilie Simon,Alicia,,,,,,,,,,,,,,,,
安室奈美恵,Hide & Seek,,,,,,,,,,,,,,,,
Émilie Simon,Chanson De Toile,,,,,,,,,,,,,,,,
Matt Pond Pa,Claire,,,,,,,,,,,,,,,,
Morrissey,Speedway,,,,,,,,,,,,,,,,
Basement Jaxx,If I Ever Recover,,,,,,,,,,,,,,,,
Atlas Sound,Scraping Past,,,,,,,,,,,,,,,,
Bad Brains,Leaving Babylon,,,,,,,,,,,,,,,,
Dottie Danger,Medusae,,,,,,,,,,,,,,,,
Simon & Garfunkel,Bye Bye Love,,,,,,,,,,,,,,,,
Paavoharju,Kuu Lohduttaa Huolestuneita,,,,,,,,,,,,,,,,
Dead Can Dance,Desert Song,,,,,,,,,,,,,,,,
Teitur,Poetry & Aeroplanes,,,,,,,,,,,,,,,,
Piebald,American Hearts,,,,,,,,,,,,,,,,
The Black Crowes,Thorn In My Pride,,,,,,,,,,,,,,,,
Plaid,Zamami,,,,,,,,,,,,,,,,
Llorca,Indigo Blues,,,,,,,,,,,,,,,,
Naglfar,Abysmal Descent,,,,,,,,,,,,,,,,
The Black Crowes,God'S Got It,,,,,,,,,,,,,,,,
Man Man,Spider Cider,0.8,0.6,0.0,1.0,0.4,0.4,0.0,0.0,0.8,0.6,0.4,0.0,0.4,0.4,0.6,0.4
Blessthefall,Guys Like You Make Us Look Bad,,,,,,,,,,,,,,,,
Plain White T'S,You And Me,,,,,,,,,,,,,,,,
Orange Range,Asterisk(Ost Version),,,,,,,,,,,,,,,,
Crystal Waters Vs. Speakerbox,Dancefloor (Speakerbox Radio Edit),,,,,,,,,,,,,,,,
Orange Juice,Rip It Up,,,,,,,,,,,,,,,,
Man Man,Push The Eagle'S Stomach,,,,,,,,,,,,,,,,
Everlast,Ends,,,,,,,,,,,,,,,,
The Bronx,Transsexual Blackout (The Movement),,,,,,,,,,,,,,,,
Man Man,Skin Tension,,,,,,,,,,,,,,,,
Cascada,Can'T Stop The Rain,,,,,,,,,,,,,,,,
Cascada,How Do You Do,,,,,,,,,,,,,,,,
Khoiba,Terribly,,,,,,,,,,,,,,,,
Biffy Clyro,Semi-Mental,,,,,,,,,,,,,,,,
Khoiba,That Reason,,,,,,,,,,,,,,,,
Biffy Clyro,Hero Management,,,,,,,,,,,,,,,,
The Killers,Sam'S Town (Live From Abbey Road),,,,,,,,,,,,,,,,
Mors Principium Est,D.I.B.,,,,,,,,,,,,,,,,
Cascada,A Neverending Dream,,,,,,,,,,,,,,,,
Bowery Electric,Sounds In Motion,,,,,,,,,,,,,,,,
Dot Allison,Close Your Eyes,,,,,,,,,,,,,,,,
Ani Difranco,Rockabye,,,,,,,,,,,,,,,,
Staind,Schizophrenic Conversations,,,,,,,,,,,,,,,,
Fergie,Losing My Ground,,,,,,,,,,,,,,,,
Audioslave,Turn To Gold,,,,,,,,,,,,,,,,
Morrissey & Siouxsie,Interlude,,,,,,,,,,,,,,,,
Gomez,Free To Run,,,,,,,,,,,,,,,,
June Madrona,Five Views Of Rainier,,,,,,,,,,,,,,,,
Chiodos,Prelude,,,,,,,,,,,,,,,,
Zeraphine,I Never Want To Be Like You,,,,,,,,,,,,,,,,
N.W.A,Parental Discretion Iz Advised,,,,,,,,,,,,,,,,
Strike Anywhere,S.S.T.,,,,,,,,,,,,,,,,
The Game,Intro,,,,,,,,,,,,,,,,
Tristania,Equilibrium,,,,,,,,,,,,,,,,
The Futureheads,Think Tonight,,,,,,,,,,,,,,,,
Nada Surf,In The Mirror,,,,,,,,,,,,,,,,
Ll Saints,All Hooked Up,,,,,,,,,,,,,,,,
Nada Surf,Paper Boats,,,,,,,,,,,,,,,,
Ll Cool J,Around The Way Girl,,,,,,,,,,,,,,,,
Juliette And The Licks,Shelter Your Needs,,,,,,,,,,,,,,,,
Auf Der Maur,Taste You (French Version),,,,,,,,,,,,,,,,
The Futureheads,This Is Not The World,,,,,,,,,,,,,,,,
Mortal Love,All The Beauty,,,,,,,,,,,,,,,,
Mortal Decay,The Ravenous Addiction,,,,,,,,,,,,,,,,
Bad Brains,Coptic Times,,,,,,,,,,,,,,,,
Staind,Pressure,,,,,,,,,,,,,,,,
Dead Can Dance,Xavier,,,,,,,,,,,,,,,,
Lush,Downer,,,,,,,,,,,,,,,,
Dead Can Dance,Wild In The Woods,,,,,,,,,,,,,,,,
Ismael Serrano,Últimamente,0.6,0.4,0.0,0.4,0.2,0.0,0.8,0.6,0.0,0.6,0.0,0.0,0.0,0.0,0.6,0.0
Blue Man Group,Klein Mandelbrot,,,,,,,,,,,,,,,,
Caspian,Further In,,,,,,,,,,,,,,,,
Da Buzz,Without Breaking (Yoni Radio Edit),,,,,,,,,,,,,,,,
Basement Jaxx,Do Your Thing (Jaxx Club Mix),,,,,,,,,,,,,,,,
Riverside,The Time I Was Daydreaming,,,,,,,,,,,,,,,,
Bent,Cylons In Love,0.4,0.2,1.0,0.4,0.2,0.0,0.0,0.0,0.0,0.0,0.0,0.0,1.0,0.8,0.4,0.0
Children Of Bodom,Oops! I Did It Again,,,,,,,,,,,,,,,,
Lush,Baby Talk,,,,,,,,,,,,,,,,
Dizzee Rascal,Brand New Day,,,,,,,,,,,,,,,,
Junior Senior,Rhythm Bandits,,,,,,,,,,,,,,,,
Rata Blanca,Indigo,,,,,,,,,,,,,,,,
The Gathering,Beautiful War,,,,,,,,,,,,,,,,
Bent,Exercise 7,,,,,,,,,,,,,,,,
The Sea And Cake,Middlenight,,,,,,,,,,,,,,,,
Zero 7,Futures (Feat. José González),,,,,,,,,,,,,,,,
Dizzee Rascal,Dream,,,,,,,,,,,,,,,,
Fennesz & Sakamoto,Amorph,0.0,0.0,0.0,0.0,0.0,0.0,0.0,0.6,0.0,0.8,0.0,0.0,0.6,0.2,0.0,0.0
植松伸夫,Opening,,,,,,,,,,,,,,,,
Straylight Run,It'S For The Best,,,,,,,,,,,,,,,,
The Game,Runnin' (Feat. Tony Yayo & Dion),,,,,,,,,,,,,,,,
Gomez,Bubble Gum Years,,,,,,,,,,,,,,,,
Fennesz & Sakamoto,Kokoro,,,,,,,,,,,,,,,,
Caspian,Our Breaths In Winter,,,,,,,,,,,,,,,,
Riverside,Cybernetic Pillow,,,,,,,,,,,,,,,,
The Rolling Stones,It'S Only Rock N' Roll,,,,,,,,,,,,,,,,
Gatsbys American Dream,Just Like Heaven,,,,,,,,,,,,,,,,
Cassino,Platano,0.8,0.6,0.0,0.6,0.4,0.2,0.8,0.0,0.0,0.0,0.0,0.0,0.0,0.0,0.6,0.0
Screaming Trees,All I Know,,,,,,,,,,,,,,,,
Pigeon John,Money Back Guarantee,,,,,,,,,,,,,,,,
Holly Brook,All Will Be Forgotten,,,,,,,,,,,,,,,,
Pilot,Magic,,,,,,,,,,,,,,,,
The Black Heart Procession,A Heart Like Mine,,,,,,,,,,,,,,,,
Basement Jaxx,Keep Keep On,,,,,,,,,,,,,,,,
Unkle,I Need Something Stronger,,,,,,,,,,,,,,,,
Tortoise,A Simple Way To Go Faster Than Light That Does Not Work,,,,,,,,,,,,,,,,
The Black Ghosts,I Want Nothing,,,,,,,,,,,,,,,,
The Black Eyed Peas,Sexy,,,,,,,,,,,,,,,,
The Gathering,In Power We Entrust The Love Advocated,,,,,,,,,,,,,,,,
Marvin Gaye,Flyin' High (In The Friendly Sky),,,,,,,,,,,,,,,,
Fear,Let'S Have A War,,,,,,,,,,,,,,,,
Juno Reactor,Giant,,,,,,,,,,,,,,,,
The Gathering,Mandylion,,,,,,,,,,,,,,,,
Bent,I Love My Man,,,,,,,,,,,,,,,,
Bent,King Wisp,,,,,,,,,,,,,,,,
Plaid,Light Rain,,,,,,,,,,,,,,,,
Dizzee Rascal,Da Feelin',,,,,,,,,,,,,,,,
The Gathering,Colorado Incident,,,,,,,,,,,,,,,,
Amanda Seyfried & Stellan Skarsgård,The Name Of The Game,,,,,,,,,,,,,,,,
Placebo,Then The Clouds Will Open For Me,,,,,,,,,,,,,,,,
Placebo,Where Is My Mind?,,,,,,,,,,,,,,,,
James Figurine,Apologies,,,,,,,,,,,,,,,,
The Briefs,Can'T Get Enough,,,,,,,,,,,,,,,,
Sherwood,The Best In Me,,,,,,,,,,,,,,,,
Bad Brains,At The Movies,,,,,,,,,,,,,,,,
Blind Guardian,Age Of False Innocence,,,,,,,,,,,,,,,,
Caspian,The Dropsonde,,,,,,,,,,,,,,,,
Bad Brains,Jah Calling,,,,,,,,,,,,,,,,
Dead Kennedys,Government Flu,,,,,,,,,,,,,,,,
Tegan And Sara,Love Type Thing,,,,,,,,,,,,,,,,
D.R.I.,Thrashard,,,,,,,,,,,,,,,,
Kerli,Walking On Air,,,,,,,,,,,,,,,,
Motion City Soundtrack,Boombox Generation,,,,,,,,,,,,,,,,
Cassius,Cassius 1999,,,,,,,,,,,,,,,,
Stan Getz & João Gilberto,Doralice,,,,,,,,,,,,,,,,
Keren Ann,Sailor & Widow,,,,,,,,,,,,,,,,
Keren Ann,Seule,,,,,,,,,,,,,,,,
Bottla,Cardinal Sin,,,,,,,,,,,,,,,,
Stanley Myers,Saxophone Concerto,,,,,,,,,,,,,,,,
Keren Ann,Seventeen,,,,,,,,,,,,,,,,
¡All-Time Quarterback!,Dinner At Eight In The Suburbs,,,,,,,,,,,,,,,,
Ac/Dc,Bedlam In Belgium,,,,,,,,,,,,,,,,
Marvin Gaye,Save The Children,,,,,,,,,,,,,,,,
Slayer,Filler / I Don'T Want To Hear It,,,,,,,,,,,,,,,,
Bermuda Triangle,Secret Pillow (Lindstrorm Remix),,,,,,,,,,,,,,,,
Mötley Crüe,New Tattoo,,,,,,,,,,,,,,,,
Ray Charles,I Can'T Stop Loving You,,,,,,,,,,,,,,,,
Slayer,Dissident Aggressor,,,,,,,,,,,,,,,,
Uverworld,Rush,,,,,,,,,,,,,,,,
Aphex Twin,Taking Control,,,,,,,,,,,,,,,,
The Sea And Cake,Left Side Clouded,,,,,,,,,,,,,,,,
Gojira,5988 Trillions De Tonnes,,,,,,,,,,,,,,,,
Múm,Rhubarbidoo,,,,,,,,,,,,,,,,
Ray Charles,Drown In My Own Tears,,,,,,,,,,,,,,,,
Slayer,Divine Intervention,,,,,,,,,,,,,,,,
Goldfinger,Open Your Eyes,,,,,,,,,,,,,,,,
Gojira,All The Tears,,,,,,,,,,,,,,,,
Gojira,Wolf Down The Earth,,,,,,,,,,,,,,,,
Aoki Takamasa,Dear People,,,,,,,,,,,,,,,,
Mötley Crüe,Punched In The Teeth By Love,,,,,,,,,,,,,,,,
Elsiane,Prosaic,,,,,,,,,,,,,,,,
Limp Bizkit,Stuck,,,,,,,,,,,,,,,,
Pinback,Manchuria,,,,,,,,,,,,,,,,
Pinback,Grey Machine,,,,,,,,,,,,,,,,
Atmosphere,Guns And Cigarettes,,,,,,,,,,,,,,,,
Pinback,Microtonic Wave,,,,,,,,,,,,,,,,
The Tea Party,Release,,,,,,,,,,,,,,,,
D'Sound,Real Name,,,,,,,,,,,,,,,,
The Black Heart Procession,The Waiter #5,,,,,,,,,,,,,,,,
Hole,Hit So Hard,,,,,,,,,,,,,,,,
Strapping Young Lad,S.Y.L.,1.0,1.0,0.0,0.0,1.0,1.0,0.0,0.0,0.0,0.0,0.0,0.0,0.6,1.0,1.0,0.0
Strapping Young Lad,In The Rainy Season,,,,,,,,,,,,,,,,
Alanis Morissette,Incomplete,0.8,0.4,0.0,0.4,0.6,0.2,0.6,0.0,0.0,0.4,0.0,0.0,0.2,0.2,0.8,0.0
Vision Divine,Essence Of Time,,,,,,,,,,,,,,,,
Deathstars,New Dead Nation,,,,,,,,,,,,,,,,
Ray Charles,Mary Ann,,,,,,,,,,,,,,,,
Hevein,New Hope,,,,,,,,,,,,,,,,
Battles,Uw,,,,,,,,,,,,,,,,
Strapping Young Lad,Monument,,,,,,,,,,,,,,,,
What Made Milwaukee Famous,For The Birds,,,,,,,,,,,,,,,,
The Brian Jonestown Massacre,You Have Been Disconnected,,,,,,,,,,,,,,,,
Deathspell Omega,Ii,1.0,1.0,0.0,0.0,1.0,1.0,0.0,0.0,0.0,0.0,0.0,0.0,0.0,0.0,1.0,0.0
Lupe Fiasco,Hurt Me Soul,,,,,,,,,,,,,,,,
Motörhead,Loser,,,,,,,,,,,,,,,,
Matmos,Germs Burn For Darby Crash,,,,,,,,,,,,,,,,
Ac/Dc,Damned,,,,,,,,,,,,,,,,
Screeching Weasel,My Right,,,,,,,,,,,,,,,,
Ken Ring,Sthlm City,,,,,,,,,,,,,,,,
Stars,Counting Stars On The Ceiling,,,,,,,,,,,,,,,,
Fennesz,Asusu,,,,,,,,,,,,,,,,
Cat Power,I Love You ( Me Either ),,,,,,,,,,,,,,,,
Atmosphere,Saves The Day,,,,,,,,,,,,,,,,
Cat Stevens,Matthew And Son,,,,,,,,,,,,,,,,
Ani Difranco,Hour Follows Hour,,,,,,,,,,,,,,,,
Ac/Dc,Nervous Shakedown,,,,,,,,,,,,,,,,
Genesis,Back In N.Y.C.,,,,,,,,,,,,,,,,
Linda Ronstadt,It'S So Easy,,,,,,,,,,,,,,,,
Math And Physics Club,Weekends Away,,,,,,,,,,,,,,,,
Beulah,Warmer,,,,,,,,,,,,,,,,
Atmosphere,If I Was Santa Claus,,,,,,,,,,,,,,,,
Boston,Something About You,1.0,0.8,0.0,0.4,1.0,0.6,0.0,0.0,0.0,0.0,0.8,0.0,0.0,0.0,0.8,0.0
The Jimi Hendrix Experience,Remember,,,,,,,,,,,,,,,,
The Jimi Hendrix Experience,Little Miss Lover,,,,,,,,,,,,,,,,
Don Omar,Salio El Sol,,,,,,,,,,,,,,,,
The Jimi Hendrix Experience,She'S So Fine,,,,,,,,,,,,,,,,
Catatonia,Don'T Need The Sunshine,,,,,,,,,,,,,,,,
Atomic Kitten,Eternal Flame,,,,,,,,,,,,,,,,
Godsmack,Changes,,,,,,,,,,,,,,,,
Justin Timberlake,Let Me Talk To You (Prelude) / My Love,,,,,,,,,,,,,,,,
Justice Vs. Simian,Never Be Alone,,,,,,,,,,,,,,,,
The Get Up Kids,Like A Man Possessed,,,,,,,,,,,,,,,,
Godsmack,The Enemy,,,,,,,,,,,,,,,,
Ray Lamontagne,Burn,,,,,,,,,,,,,,,,
Gogol Bordello,Ave. B,,,,,,,,,,,,,,,,
Chicane,Offshore,,,,,,,,,,,,,,,,
The Jesus Lizard,Nub,,,,,,,,,,,,,,,,
Godspeed You! Black Emperor,Sleep,,,,,,,,,,,,,,,,
Live,T.B.D.,,,,,,,,,,,,,,,,
Black Label Society,Suffering Overdue,,,,,,,,,,,,,,,,
Fear Factory,Bonescraper,,,,,,,,,,,,,,,,
Beulah,The Rise And Fall Of Our Hero'S Reward,,,,,,,,,,,,,,,,
Ozzy Osbourne,Miracle Man,,,,,,,,,,,,,,,,
Ozzy Osbourne,No Bone Movies,,,,,,,,,,,,,,,,
Tortoise,Djed,,,,,,,,,,,,,,,,
Teenager,The Good Fight,,,,,,,,,,,,,,,,
The Sword,Winter'S Wolves,,,,,,,,,,,,,,,,
D'Espairsray,Dears,,,,,,,,,,,,,,,,
Ozzy Osbourne,Mr. Tinkertrain,,,,,,,,,,,,,,,,
Lupe Fiasco,Free Chilly (Feat. Sarah Green & Gemstones),,,,,,,,,,,,,,,,
The Black Keys,Keep Me,,,,,,,,,,,,,,,,
Dead Meadow,Wayfarers All,,,,,,,,,,,,,,,,
Basement Jaxx,Wheres Your Head At,,,,,,,,,,,,,,,,
Ozzy Osbourne,Rock 'N' Roll Rebel,,,,,,,,,,,,,,,,
Woven Hand,Off The Cuff,,,,,,,,,,,,,,,,
Teenager,Alone Again,,,,,,,,,,,,,,,,
The Subways,Rock 'N' Roll Queen,,,,,,,,,,,,,,,,
Pj Harvey,The Life And Death Of Mr. Badmouth,,,,,,,,,,,,,,,,
Alanis Morissette,Sister Blister,,,,,,,,,,,,,,,,
The Supremes,You Can'T Hurry Love,,,,,,,,,,,,,,,,
Dead Poetic,Dimmer Light,,,,,,,,,,,,,,,,
Everclear,Volvo Driving Soccer Mom,,,,,,,,,,,,,,,,
Hey,To Tu,,,,,,,,,,,,,,,,
God'S Bow,Cleopatra,,,,,,,,,,,,,,,,
Battlelore,Cloaked In Her Unlight,,,,,,,,,,,,,,,,
Curtis Mayfield,Eddie You Should Know Better,,,,,,,,,,,,,,,,
Chevelle,Well Enough Alone,,,,,,,,,,,,,,,,
God'S Bow,Shrink,,,,,,,,,,,,,,,,
Justin Timberlake,Rock Your Body (Sander Kleinenberg'S Just In The Club Mix),,,,,,,,,,,,,,,,
God'S Bow,Twilight,,,,,,,,,,,,,,,,
Orchestral Manoeuvres In The Dark,Electricity (Dindisc 1980 Version),,,,,,,,,,,,,,,,
Mägo De Oz,La Posada De Los Muertos,,,,,,,,,,,,,,,,
Chiasm,Disorder,,,,,,,,,,,,,,,,
Armin Van Buuren,Imagine,,,,,,,,,,,,,,,,
Justin Timberlake,Right For Me,,,,,,,,,,,,,,,,
Tujiko Noriko,White Film,,,,,,,,,,,,,,,,
Starsailor,Fidelity,,,,,,,,,,,,,,,,
Boston,Hitch A Ride,,,,,,,,,,,,,,,,
Starsailor,Counterfeit Life,,,,,,,,,,,,,,,,
Genesis,Me And Sarah Jane,,,,,,,,,,,,,,,,
Genesis,More Fool Me,,,,,,,,,,,,,,,,
Justin Timberlake,Sexyback (Dirty Edit),,,,,,,,,,,,,,,,
Valencia,Backs Against The Wall,,,,,,,,,,,,,,,,
Aoki Takamasa + Tujiko Noriko,Fly2,,,,,,,,,,,,,,,,
The Jesus And Mary Chain,Rider,,,,,,,,,,,,,,,,
The Rolling Stones,Sing This All Together,,,,,,,,,,,,,,,,
Kelly Clarkson,Don'T Let Me Stop You,,,,,,,,,,,,,,,,
Kelly Osbourne,One Word (Chris Cox Radio Mix),,,,,,,,,,,,,,,,
Seabound,Every Last Grain,,,,,,,,,,,,,,,,
Seabound,Domination,,,,,,,,,,,,,,,,
Mouse On Mars,Blood Comes,,,,,,,,,,,,,,,,
Ac/Dc,That'S The Way I Wanna Rock 'N' Roll,,,,,,,,,,,,,,,,
The Rolling Stones,The Spider And The Fly,,,,,,,,,,,,,,,,
This Providence,My Beautiful Rescue,,,,,,,,,,,,,,,,
This Mortal Coil,You And Your Sister,,,,,,,,,,,,,,,,
Mägo De Oz,Jesús De Chamberí,1.0,0.8,0.0,0.6,1.0,0.8,0.6,0.4,0.0,0.0,0.0,0.0,0.0,0.0,0.8,0.0
Ridgewalkers,Find,,,,,,,,,,,,,,,,
Little Wings,Next Time,,,,,,,,,,,,,,,,
God Is An Astronaut,Lost Symphony,,,,,,,,,,,,,,,,
The San Francisco Gay Men'S Chorus,The Navy Knows,,,,,,,,,,,,,,,,
God Module,Inside Out,,,,,,,,,,,,,,,,
God'S Bow,I'M Going There,,,,,,,,,,,,,,,,
Bonobo,Kota (Bonobo Rework),,,,,,,,,,,,,,,,
Mägo De Oz,Génesis,,,,,,,,,,,,,,,,
Whirlpool Productions,From Disco To Disco,,,,,,,,,,,,,,,,
Orbital,Tootled,,,,,,,,,,,,,,,,
God Lives Underwater,Whatever You'Ve Got,,,,,,,,,,,,,,,,
Aly & Aj,If I Could Have You Back,,,,,,,,,,,,,,,,
Alva Noto + Ryuichi Sakamoto,Duoon,,,,,,,,,,,,,,,,
White Denim,Mess Your Hair Up,,,,,,,,,,,,,,,,
Taylor Swift,You'Re Not Sorry,,,,,,,,,,,,,,,,
Taylor Swift,The Best Day,,,,,,,,,,,,,,,,
Taylor Swift,Breathe,,,,,,,,,,,,,,,,
Dj Furax,Calabria,,,,,,,,,,,,,,,,
The Go-Betweens,Here Comes A City,,,,,,,,,,,,,,,,
Stone Sour,Monolith,,,,,,,,,,,,,,,,
Little Joy,The Next Time Around,,,,,,,,,,,,,,,,
Rbd,Sálvame,,,,,,,,,,,,,,,,
Boogie Down Productions,Stop The Violence,,,,,,,,,,,,,,,,
Slayer,Perversions Of Pain,,,,,,,,,,,,,,,,
Slayer,Sex. Murder. Art.,,,,,,,,,,,,,,,,
Little Joy,With Strangers,,,,,,,,,,,,,,,,
Bertine Zetlitz,Adore Me,,,,,,,,,,,,,,,,
Aphex Twin,Prep Gwarlek 3B,,,,,,,,,,,,,,,,
God Is An Astronaut,Route 666,,,,,,,,,,,,,,,,
Stone Temple Pilots,Piece Of Pie,,,,,,,,,,,,,,,,
Violins,Seu Corpo E Só,,,,,,,,,,,,,,,,
Chevelle,Grab Thy Hand,,,,,,,,,,,,,,,,
Chevelle,Wonder What'S Next,,,,,,,,,,,,,,,,
Ane Brun,Song No. 6 (Feat. Ron Sexsmith),,,,,,,,,,,,,,,,
God Lives Underwater,Miss You More Than Anything,,,,,,,,,,,,,,,,
God Is An Astronaut,Sunrise In Aries,,,,,,,,,,,,,,,,
Mägo De Oz,Dime Con Quién Andas,,,,,,,,,,,,,,,,
Mystery Jets,Little Bag Of Hair,,,,,,,,,,,,,,,,
Mystery Jets,Soluble In Air,,,,,,,,,,,,,,,,
Cats On Fire,My Friend In A Comfortable Chair,,,,,,,,,,,,,,,,
Teenage Fanclub,Neil Jung,,,,,,,,,,,,,,,,
Seabound,Sapphire,,,,,,,,,,,,,,,,
Elton John,This Train Don'T Stop There Anymore,,,,,,,,,,,,,,,,
Borova,Ipanema Lady (Extended Club Mix),,,,,,,,,,,,,,,,
Woven Hand,White Bird,,,,,,,,,,,,,,,,
Gentle Giant,Think Of Me With Kindness,,,,,,,,,,,,,,,,
Ive Mendes,If You Leave Me Now,,,,,,,,,,,,,,,,
Hocico,Spit As An Offense (Suicide Commando Remix),,,,,,,,,,,,,,,,
Hocico,Taste The Waste,,,,,,,,,,,,,,,,
Evan Dando,All My Life,,,,,,,,,,,,,,,,
Teenage Fanclub,Start Again,,,,,,,,,,,,,,,,
Ivy,Keep Moving,,,,,,,,,,,,,,,,
Pinback,Talby,,,,,,,,,,,,,,,,
Simple Minds,Big Sleep,,,,,,,,,,,,,,,,
Tokyo Police Club,Be Good (Rac Mix),,,,,,,,,,,,,,,,
Jaguar Love,Bats Over The Pacific Ocean,,,,,,,,,,,,,,,,
The Breeders,Roi (Reprise),,,,,,,,,,,,,,,,
The Breeders,Walk It Off,,,,,,,,,,,,,,,,
The Breeders,When I Was A Painter,,,,,,,,,,,,,,,,
Kaiser Chiefs,Hessles,,,,,,,,,,,,,,,,
Violins,Ensaio Sobre Poligamia,,,,,,,,,,,,,,,,
The Goo Goo Dolls,January Friend,,,,,,,,,,,,,,,,
Teairra Mari,No Daddy,,,,,,,,,,,,,,,,
Sting,Never Coming Home,,,,,,,,,,,,,,,,
Reatards,Lick On My Leather,,,,,,,,,,,,,,,,
The Goo Goo Dolls,Extra Pale,,,,,,,,,,,,,,,,
The Goo Goo Dolls,Flat Top,,,,,,,,,,,,,,,,
Dj Jazzy Jeff & The Fresh Prince,Summertime,,,,,,,,,,,,,,,,
Dj Jean,Feel It,,,,,,,,,,,,,,,,
Mouse On Mars,Wipe That Sound,,,,,,,,,,,,,,,,
Kelis,80'S Joint,,,,,,,,,,,,,,,,
My Vitriol,Always: Your Way,,,,,,,,,,,,,,,,
Maserati,Synchronicity Iv,,,,,,,,,,,,,,,,
State Radio,Waitress,,,,,,,,,,,,,,,,
State Radio,The Diner Song,,,,,,,,,,,,,,,,
Felix Da Housecat,Pray For A Star,,,,,,,,,,,,,,,,
Linkin Park,Frgt/10 (Alchemist Feat. Chali 2Na),,,,,,,,,,,,,,,,
Angus And Julia Stone,Hollywood,,,,,,,,,,,,,,,,
The Jesus And Mary Chain,Catchfire,,,,,,,,,,,,,,,,
The Rolling Stones,Stealing My Heart,,,,,,,,,,,,,,,,
Sleeping At Last,Heaven Breaks,,,,,,,,,,,,,,,,
Felix Da Housecat,Rocket Ride,,,,,,,,,,,,,,,,
Black Lips,Again & Again,,,,,,,,,,,,,,,,
The Jam,That'S Entertainment (Demo Version),,,,,,,,,,,,,,,,
Ac/Dc,Up To My Neck In You,,,,,,,,,,,,,,,,
Mr. Bungle,After School Special,,,,,,,,,,,,,,,,
Adam Green,My Shadow Tags On Behind,,,,,,,,,,,,,,,,
The Jealous Sound,Hope For Us,,,,,,,,,,,,,,,,
Stina Nordenstam,When Debbie'S Back From Texas,,,,,,,,,,,,,,,,
Red Hot Chili Peppers,Catholic School Girls Rule,,,,,,,,,,,,,,,,
2Raumwohnung,Ich Und Elaine,,,,,,,,,,,,,,,,
Little Dragon,After The Rain,,,,,,,,,,,,,,,,
梅林茂,Yumeji'S Theme,,,,,,,,,,,,,,,,
Chemistry,You Got Me,,,,,,,,,,,,,,,,
Gloria Estefan,Rhythm Is Gonna Get You,,,,,,,,,,,,,,,,
The Brian Jonestown Massacre,#1 Hit Jam,,,,,,,,,,,,,,,,
Pizzicato Five,Baby Love Child,,,,,,,,,,,,,,,,
Alanis Morissette,Surrendering,,,,,,,,,,,,,,,,
Pixies,Vamos (Live),,,,,,,,,,,,,,,,
The Brian Jonestown Massacre,Everyone Says,,,,,,,,,,,,,,,,
Seal,Future Love Paradise,,,,,,,,,,,,,,,,
The Brian Jonestown Massacre,Going To Hell,,,,,,,,,,,,,,,,
Black Lips,Old Man,,,,,,,,,,,,,,,,
Mr. Bungle,The Holy Filament,,,,,,,,,,,,,,,,
Hocico,A Fatal Desire,0.4,0.6,1.0,0.2,0.2,0.0,0.0,0.0,0.0,0.0,0.0,0.0,1.0,1.0,0.0,0.0
Cazals,Life Is Boring,,,,,,,,,,,,,,,,
Céline Dion,I Want You To Need Me,,,,,,,,,,,,,,,,
Overkill,Elimination,,,,,,,,,,,,,,,,
J Dilla,So Far To Go (Feat. Common & D'Angelo),,,,,,,,,,,,,,,,
Teenage Fanclub,About You,,,,,,,,,,,,,,,,
Basshunter,Angel In The Night,,,,,,,,,,,,,,,,
Tortoise,Glass Museum,,,,,,,,,,,,,,,,
Pinhani,Beni Al,,,,,,,,,,,,,,,,
Cœur De Pirate,Comme Des Enfants,,,,,,,,,,,,,,,,
Deadboy & The Elephantmen,Ancient Man,,,,,,,,,,,,,,,,
Deadman,Degreeds Centigrade,,,,,,,,,,,,,,,,
My Morning Jacket,Dancefloors,,,,,,,,,,,,,,,,
Violator,Ordered To Thrash,,,,,,,,,,,,,,,,
Stillwater,Fever Dog,,,,,,,,,,,,,,,,
The Saints,(I'M) Stranded,,,,,,,,,,,,,,,,
Stiff Little Fingers,At The Edge,,,,,,,,,,,,,,,,
Kaki King,Carmine St.,,,,,,,,,,,,,,,,
Kaki King,Yellowcake,,,,,,,,,,,,,,,,
Thompson Twins,Hold Me Now (Extended Edit By Phil Thornalley),,,,,,,,,,,,,,,,
Stillgazer,What I Want,,,,,,,,,,,,,,,,
Kaki King,Ingots,,,,,,,,,,,,,,,,
Chemistry,Grind For Me (Pum Pum Mix Chemistry Feat. Boy-Ken),,,,,,,,,,,,,,,,
Chemistry,Two As One / Chemistry Crystal Kay（Depapepe Remix）,,,,,,,,,,,,,,,,
Global Communication,12:18,,,,,,,,,,,,,,,,
Kaizers Orchestra,Dr. Mowinckel,,,,,,,,,,,,,,,,
Kaizers Orchestra,Rullett,,,,,,,,,,,,,,,,
Little Man Tate,Down On Marie,,,,,,,,,,,,,,,,
Chemistry,It Takes Two (Octopussy Remix) (Feat. Lisa),,,,,,,,,,,,,,,,
Violent Femmes,Blister 2000,,,,,,,,,,,,,,,,
Red Hot Chili Peppers,Fire,1.0,0.8,0.0,0.0,1.0,0.8,0.0,0.0,0.0,0.0,0.0,0.0,0.0,0.0,1.0,0.0
Richard Hawley,Just Like The Rain,,,,,,,,,,,,,,,,
George Michael,Heal The Pain,,,,,,,,,,,,,,,,
Status Quo,Whatever You Want,,,,,,,,,,,,,,,,
George Mccrae,Rock Your Baby,,,,,,,,,,,,,,,,
Mr. Oizo,Intra,,,,,,,,,,,,,,,,
Linkin Park,Opening,,,,,,,,,,,,,,,,
Black Light Burns,One Of Yours,,,,,,,,,,,,,,,,
Richard Hawley,Hotel Room,,,,,,,,,,,,,,,,
Black Lips,Sea Of Blasphemy,,,,,,,,,,,,,,,,
Borknagar,Oceans Rise,,,,,,,,,,,,,,,,
Richard Davis,Sometime,,,,,,,,,,,,,,,,
Staygold,Ring Toss,,,,,,,,,,,,,,,,
Dolores O'Riordan,October,,,,,,,,,,,,,,,,
George Michael,Older,,,,,,,,,,,,,,,,
Glen Hansard & Markéta Irglová,Once,,,,,,,,,,,,,,,,
Kalmah,Svieri Doroga,,,,,,,,,,,,,,,,
Dolores O'Riordan,Black Widow,,,,,,,,,,,,,,,,
Dolphin Boy,Shake It Loose,,,,,,,,,,,,,,,,
Glenn Branca,My Relationship,,,,,,,,,,,,,,,,
The Warlocks,Hurricane Heart Attack,,,,,,,,,,,,,,,,
Jaga Jazzist,Kitty Wú,,,,,,,,,,,,,,,,
Massacre,La Reina De Marte,,,,,,,,,,,,,,,,
Jaga Jazzist,Airborne,,,,,,,,,,,,,,,,
Violator,Brainwash Possession,,,,,,,,,,,,,,,,
Enya,I Want Tomorrow,,,,,,,,,,,,,,,,
White Rabbits,The Plot,,,,,,,,,,,,,,,,
Babyshambles,Merry Go Round,,,,,,,,,,,,,,,,
High Contrast,Everything'S Different,,,,,,,,,,,,,,,,
Blind Guardian,Born In A Mourning Hall,,,,,,,,,,,,,,,,
Tosca,Superrob,,,,,,,,,,,,,,,,
Cut Chemist,Spoon,,,,,,,,,,,,,,,,
Atreyu,Deanne The Arsonist,,,,,,,,,,,,,,,,
Mstrkrft,Sexy Results [Death From Above 1979],,,,,,,,,,,,,,,,
Alphaville,To Germany With Love,,,,,,,,,,,,,,,,
Matanza,Busted,,,,,,,,,,,,,,,,
Celestial Aeon Project,Hope For Rebirth,,,,,,,,,,,,,,,,
Czesław Śpiewa,Język Węża,,,,,,,,,,,,,,,,
Gepe,Hebra Prima,,,,,,,,,,,,,,,,
Acda En De Munnik,Groeten Uit Maaiveld,,,,,,,,,,,,,,,,
Celestial Aeon Project,Alchemist,,,,,,,,,,,,,,,,
Mahmut Durgun,Abdulkadir Geylani (Baris Atilgan Mix),,,,,,,,,,,,,,,,
Deadman,Seija No Koushin,,,,,,,,,,,,,,,,
Blind Guardian,Sadly Sings Destiny,,,,,,,,,,,,,,,,
Teedra Moses,Rescue Me,,,,,,,,,,,,,,,,
My Dying Bride,The Crown Of Sympathy,,,,,,,,,,,,,,,,
My Dying Bride,The Raven And The Rose,,,,,,,,,,,,,,,,
Blind Guardian,Wait For An Answer,,,,,,,,,,,,,,,,
Luna Amară,Somn,,,,,,,,,,,,,,,,
Red House Painters,Smokey,,,,,,,,,,,,,,,,
Armor For Sleep,Awkward Last Words,,,,,,,,,,,,,,,,
Red House Painters,Shock Me,,,,,,,,,,,,,,,,
Red House Painters,Rollercoaster,,,,,,,,,,,,,,,,
Glassjaw,Lovebites And Razorlines,,,,,,,,,,,,,,,,
Red House Painters,I Am A Rock,,,,,,,,,,,,,,,,
Kamelot,Lost & Damned,,,,,,,,,,,,,,,,
Red House Painters,Instrumental,,,,,,,,,,,,,,,,
Kamelot,Serenade,,,,,,,,,,,,,,,,
Massacre,Vienen Zombies,,,,,,,,,,,,,,,,
Massacre,Clavos Y Globos,,,,,,,,,,,,,,,,
The Innocence Mission,You Are The Light,,,,,,,,,,,,,,,,
Pink Floyd,Cymbaline,,,,,,,,,,,,,,,,
Mucc,Kasa Ga Nai,,,,,,,,,,,,,,,,
Celldweller,Frozen,,,,,,,,,,,,,,,,
J.J. Cale & Eric Clapton,Danger,,,,,,,,,,,,,,,,
Ghost Dance,River Of No Return,0.6,0.4,0.0,0.4,0.8,0.6,0.0,0.0,0.0,0.0,0.4,0.0,0.2,0.2,0.8,0.0
Ricardo Arjona,Acompañame A Estar Solo,,,,,,,,,,,,,,,,
Mastodon,Trainwreck,,,,,,,,,,,,,,,,
Katie Melua,Crawling Up A Hill,,,,,,,,,,,,,,,,
Stellastarr*,Pulp Song,0.8,0.6,0.0,0.2,0.8,0.6,0.0,0.0,0.0,0.0,0.0,0.0,0.6,0.4,0.8,0.0
Ace Of Base,Beautiful Morning,,,,,,,,,,,,,,,,
Sean Paul,Give It Up To Me,,,,,,,,,,,,,,,,
Angra,Wuthering Heights,,,,,,,,,,,,,,,,
Stephen Malkmus,Kindling For The Master,,,,,,,,,,,,,,,,
Cutting Crew,I Just Died In Your Arms,,,,,,,,,,,,,,,,
Team Sleep,Your Skull Is Red,,,,,,,,,,,,,,,,
Team Sleep,Ataraxia,,,,,,,,,,,,,,,,
Ghost Dance,Celebrate,,,,,,,,,,,,,,,,
Other Men,Anaglyphic,,,,,,,,,,,,,,,,
Shinedown,All I Ever Wanted,,,,,,,,,,,,,,,,
Thomas Newman,Meteor Shower,0.4,0.2,0.0,0.6,0.0,0.0,0.0,1.0,0.0,0.6,0.0,0.0,0.6,0.2,0.0,0.0
Charon,Desire You,,,,,,,,,,,,,,,,
Thomas Newman,Dead Already,,,,,,,,,,,,,,,,
Aqua Timez,Alones,,,,,,,,,,,,,,,,
Zongamin,Serious Trouble,,,,,,,,,,,,,,,,
The Russian Futurists,Telegram From The Future,,,,,,,,,,,,,,,,
Massive Attack,Collar Stays On,,,,,,,,,,,,,,,,
The Russian Futurists,Science Of The Seasons,,,,,,,,,,,,,,,,
Deaf Center,White Lake,0.0,0.0,0.0,0.0,0.0,0.0,0.0,0.8,0.0,0.8,0.0,0.0,0.8,0.2,0.0,0.0
Red Sparowes,I Saw The Sky In The North Open To The Ground And Fire Poured Out.,,,,,,,,,,,,,,,,
My Dying Bride,And My Fury Stands Ready,,,,,,,,,,,,,,,,
Kammerflimmer Kollektief,Über Die Wasserscheide,,,,,,,,,,,,,,,,
My Dying Bride,For You,,,,,,,,,,,,,,,,
Girlschool,Race With The Devil,,,,,,,,,,,,,,,,
Mugison,I Want You,,,,,,,,,,,,,,,,
Kathleen Edwards,Six O'Clock News,,,,,,,,,,,,,,,,
Borknagar,Ad Noctum,,,,,,,,,,,,,,,,
Mujuice,Piano Version,,,,,,,,,,,,,,,,
Rhapsody Of Fire,Rain Of A Thousand Flames,,,,,,,,,,,,,,,,
Ghost Of The Robot,Valerie,,,,,,,,,,,,,,,,
Rhapsody Of Fire,Knightrider Of Doom,,,,,,,,,,,,,,,,
Cypress Hill,Lowrider,,,,,,,,,,,,,,,,
Backyard Babies,Bigger W/A Trigger,,,,,,,,,,,,,,,,
Cypress Hill,How I Could Just Kill A Man,0.6,0.6,0.8,0.6,0.0,0.0,0.0,0.0,0.0,0.0,0.0,0.0,0.0,0.0,0.6,0.0
Jack Black,Let'S Get It On,,,,,,,,,,,,,,,,
Aqualung,Nowhere,0.6,0.2,0.0,0.4,0.2,0.0,0.0,0.6,0.0,0.8,0.0,0.0,0.8,0.4,0.4,0.0
Pink Floyd,One Of These Days (Live),,,,,,,,,,,,,,,,
Outkast,Jazzy Belle,,,,,,,,,,,,,,,,
Kanye West,Diamonds From Sierra Leone (Live),,,,,,,,,,,,,,,,
Girls Aloud,Je Ne Parle Pas Français,,,,,,,,,,,,,,,,
My Brightest Diamond,Golden Star (Alias Remix),,,,,,,,,,,,,,,,
The Haunted,The Fallout,,,,,,,,,,,,,,,,
Refused,Tannhäuser / Derivè,,,,,,,,,,,,,,,,
Vincent Gallo,Laura,,,,,,,,,,,,,,,,
Vincent Gallo,Yes I'M Lonely,,,,,,,,,,,,,,,,
My Brightest Diamond,To Pluto'S Moon,,,,,,,,,,,,,,,,
Sleater-Kinney,Hollywood Ending,,,,,,,,,,,,,,,,
Cut Copy,Stars,,,,,,,,,,,,,,,,
My Brightest Diamond,Workhorse,,,,,,,,,,,,,,,,
Angelo Badalamenti,Laura Palmer'S Theme,,,,,,,,,,,,,,,,
Shinedown,45 (Acoustic),,,,,,,,,,,,,,,,
Zoot Woman,Woman Wonder,,,,,,,,,,,,,,,,
Mujuice,Mertvii Malchik,,,,,,,,,,,,,,,,
Viikate,Kivi Itkee Vihreää,,,,,,,,,,,,,,,,
Viikate,Leimu,,,,,,,,,,,,,,,,
Kate Havnevik,Sleepless,,,,,,,,,,,,,,,,
Kate Havnevik,I Don'T Know You,,,,,,,,,,,,,,,,
The House Of Love,Shine On,,,,,,,,,,,,,,,,
Do Make Say Think,Classic Noodlanding,,,,,,,,,,,,,,,,
Kate Bush,Reaching Out,,,,,,,,,,,,,,,,
Angelspit,Red,,,,,,,,,,,,,,,,
Toru Okada,Ruined Tongues,,,,,,,,,,,,,,,,
Kanye West,Welcome To Heartbreak,,,,,,,,,,,,,,,,
The Helio Sequence,Blood Bleeds,,,,,,,,,,,,,,,,
Massive Attack,Karma Coma,,,,,,,,,,,,,,,,
My Brightest Diamond,Black & Costaud,,,,,,,,,,,,,,,,
The Hellacopters,Fiends & Frankensteins,,,,,,,,,,,,,,,,
Massive Attack,Polaroid Girl,,,,,,,,,,,,,,,,
Zwan,Number Of The Beast,,,,,,,,,,,,,,,,
Kanye West,Lil Jimmy (Skit),,,,,,,,,,,,,,,,
Girl Talk,Bodies Hit The Floor,,,,,,,,,,,,,,,,
Dntel,Fear Of Corners,,,,,,,,,,,,,,,,
The Roots,In The Music,,,,,,,,,,,,,,,,
Kate Bush,Experiment Iv,,,,,,,,,,,,,,,,
Kate Bush,Heads We'Re Dancing,,,,,,,,,,,,,,,,
Cynic,How Could I,,,,,,,,,,,,,,,,
Cyne,Steady,,,,,,,,,,,,,,,,
Acid Bath,Paegan Love Song,,,,,,,,,,,,,,,,
The Hood Internet,Snatch Da Crystal Cat Back (Khia Vs. Dan Deacon),,,,,,,,,,,,,,,,
Pink Martini,Clémentime,,,,,,,,,,,,,,,,
Pink Martini,Taya Tan,,,,,,,,,,,,,,,,
Pink Martini,Song Of The Black Lizard,,,,,,,,,,,,,,,,
Techno Matic,Atb - 9Pm,,,,,,,,,,,,,,,,
Wu-Tang Clan,Sunlight,,,,,,,,,,,,,,,,
Luna Amară,Lume Oarbă,,,,,,,,,,,,,,,,
Cynic,The Unknown Guest,,,,,,,,,,,,,,,,
Alter Bridge,Watch Over You,,,,,,,,,,,,,,,,
Bassi Maestro,Tu Lo Sai,,,,,,,,,,,,,,,,
Shinedown,Simple Man,,,,,,,,,,,,,,,,
Rescue The Astronauts,I Am The President Of Your Fanclub (And Last Night I Followed You Home),,,,,,,,,,,,,,,,
Chairlift,Somewhere Around Here,,,,,,,,,,,,,,,,
Giant Drag,Swan Song,,,,,,,,,,,,,,,,
Thomas Dolby,Hyperactive,,,,,,,,,,,,,,,,
Dean Martin,Memories Are Made Of This,,,,,,,,,,,,,,,,
Beth Orton,Sweetest Decline,,,,,,,,,,,,,,,,
Kataklysm,It Turns To Rust,,,,,,,,,,,,,,,,
Kataklysm,As I Slither,,,,,,,,,,,,,,,,
Acid House Kings,Sunday Morning,,,,,,,,,,,,,,,,
Feindflug,Sturmwalze(R),,,,,,,,,,,,,,,,
Relient K,Come Right Out And Say It,,,,,,,,,,,,,,,,
Elvis Costello & The Attractions,Accidents Will Happen,,,,,,,,,,,,,,,,
Mutya Buena,Just A Little Bit,,,,,,,,,,,,,,,,
Massive Attack,Inertia ?,,,,,,,,,,,,,,,,
The Rosebuds,Get Up Get Out,0.8,0.6,0.0,0.8,0.8,0.4,0.0,0.0,0.0,0.0,0.0,0.0,0.6,0.4,0.8,0.0
Cute Is What We Aim For,I Put The Metro In Metronome,,,,,,,,,,,,,,,,
Cyantific,Flashback Feat. Logistics,,,,,,,,,,,,,,,,
Otis Redding,Cigarettes And Coffee,,,,,,,,,,,,,,,,
White Rose Movement,Cruella,,,,,,,,,,,,,,,,
Reik,Noviembre Sin Ti,,,,,,,,,,,,,,,,
Relient K,Give,,,,,,,,,,,,,,,,
Relient K,Devastation And Reform,,,,,,,,,,,,,,,,
Jack'S Mannequin,Hammer And Strings (A Lullaby),,,,,,,,,,,,,,,,
Maj Karma,Avaus,,,,,,,,,,,,,,,,
Death,Trapped In A Corner,,,,,,,,,,,,,,,,
Hilary Duff,With Love (A. Castillo Radio Edit),,,,,,,,,,,,,,,,
Arcturus,Evacuation Code Deciphered,,,,,,,,,,,,,,,,
Stereolab,Blue Milk,,,,,,,,,,,,,,,,
Repo! The Genetic Opera,Legal Assassin,,,,,,,,,,,,,,,,
Gigi D'Agostino,Bla Bla Bla,,,,,,,,,,,,,,,,
Chamillionaire,Ridin' (Feat. Krayzie Bone),,,,,,,,,,,,,,,,
Dmx,Get It On The Floor (Feat. Swizz Beatz),,,,,,,,,,,,,,,,
Beth Orton,Love Like Laughter,,,,,,,,,,,,,,,,
The Hollies,Long Cool Woman In A Black Dress,,,,,,,,,,,,,,,,
Murder By Death,The Devil In Mexico,,,,,,,,,,,,,,,,
Murderdolls,Dead In Hollywood,,,,,,,,,,,,,,,,
Arnos Cost & Arias,Magenta,,,,,,,,,,,,,,,,
Angelspit,Devilicious,,,,,,,,,,,,,,,,
Stereolab,Cosmic Country Noir,,,,,,,,,,,,,,,,
Beth Orton,Paris Train,,,,,,,,,,,,,,,,
Muse,Hypermusic,,,,,,,,,,,,,,,,
Muse,Coma,,,,,,,,,,,,,,,,
Jack Off Jill,Horrible,,,,,,,,,,,,,,,,
Kasabian,Vlad The Impaler,,,,,,,,,,,,,,,,
Muse,Pink Ego Box,,,,,,,,,,,,,,,,
Trüby Trio,Donaueschingen (Peter Kruder'S Donaudampfschifffahrtsgesellschaftskapitänskajütenremix),,,,,,,,,,,,,,,,
The Books,Motherless Bastard,,,,,,,,,,,,,,,,
Remiss,My First Dawn Chorus,,,,,,,,,,,,,,,,
The Hidden Cameras,Ban Marriage,,,,,,,,,,,,,,,,
Muse,Minimum,,,,,,,,,,,,,,,,
Sebadoh,Give Up,,,,,,,,,,,,,,,,
Charles Mingus,Fables Of Faubus,,,,,,,,,,,,,,,,
Stereophonics,Roll Up And Shine,,,,,,,,,,,,,,,,
Museum,Flowers And Dust,,,,,,,,,,,,,,,,
Booty Luv,Boogie 2Nite (Seamus Haji Big Love Remix),,,,,,,,,,,,,,,,
The Rosebuds,Let Us Go,,,,,,,,,,,,,,,,
Masta Ace,Da Grind (Feat. Apocalypse),,,,,,,,,,,,,,,,
Tosca,Boss On The Boat,,,,,,,,,,,,,,,,
Remy Zero,Gramarye,,,,,,,,,,,,,,,,
Remiss,The Planets Below,,,,,,,,,,,,,,,,
Angelspit,Lust Worthy,,,,,,,,,,,,,,,,
Django Reinhardt,Minor Swing,,,,,,,,,,,,,,,,
Zz Top,My Head'S In Mississippi,,,,,,,,,,,,,,,,
Stereolab,Parsec,,,,,,,,,,,,,,,,
Boozoo Bajou,Second To None,,,,,,,,,,,,,,,,
Backstreet Boys,Get Another Boyfriend,,,,,,,,,,,,,,,,
Death,Infernal Death,,,,,,,,,,,,,,,,
Lumsk,I Lytinne Två,,,,,,,,,,,,,,,,
10Cc,The Wall Street Shuffle,,,,,,,,,,,,,,,,
Lumsk,Hår Som Spunnid Gull,,,,,,,,,,,,,,,,
Legowelt,Sturmvogel,,,,,,,,,,,,,,,,
Mercenary,This Eternal Instant,,,,,,,,,,,,,,,,
El-P,Run The Numbers,,,,,,,,,,,,,,,,
The Wombats,School Uniforms,,,,,,,,,,,,,,,,
The Presets,Talk Like That (Jence Remix),,,,,,,,,,,,,,,,
As I Lay Dying,Nothing Left,,,,,,,,,,,,,,,,
As I Lay Dying,I Never Wanted,,,,,,,,,,,,,,,,
Bebel Gilberto,All Around,,,,,,,,,,,,,,,,
Bob Dylan,My Back Pages,,,,,,,,,,,,,,,,
Jes,Imagination (Kaskade Remix),,,,,,,,,,,,,,,,
Erik Truffaz,Yasmina,,,,,,,,,,,,,,,,
Unearth,Endless,,,,,,,,,,,,,,,,
黒夢,Shounen,,,,,,,,,,,,,,,,
Jeru The Damaja,Come Clean,,,,,,,,,,,,,,,,
Happy Mondays,God'S Cop,,,,,,,,,,,,,,,,
Britney Spears,E-Mail My Heart,,,,,,,,,,,,,,,,
Menomena,Strongest Man In The World,,,,,,,,,,,,,,,,
Melvins,Set Me Straight,,,,,,,,,,,,,,,,
The Almost,Southern Weather,,,,,,,,,,,,,,,,
The Almost,Amazing Because It Is,,,,,,,,,,,,,,,,
Pearl Jam,All Or None,,,,,,,,,,,,,,,,
The Aislers Set,Sara'S Song,,,,,,,,,,,,,,,,
Britney Spears,Me Against The Music (The Mad Brit Mixshow),,,,,,,,,,,,,,,,
Lee Scratch Perry,The Man Zion,,,,,,,,,,,,,,,,
Pavement,Fin,,,,,,,,,,,,,,,,
Mad Season,All Alone,,,,,,,,,,,,,,,,
The Aliens,Tomorrow,,,,,,,,,,,,,,,,
Dashboard Confessional,Hey Girl,,,,,,,,,,,,,,,,
Machinae Supremacy,Arcade,,,,,,,,,,,,,,,,
Satyricon,Forhekset,,,,,,,,,,,,,,,,
The Alan Parsons Project,The Turn Of A Friendly Card: Ii. Snake Eyes,,,,,,,,,,,,,,,,
Windir,Martyrium,,,,,,,,,,,,,,,,
The Alan Parsons Project,The Turn Of A Friendly Card: Iii. The Ace Of Swords,,,,,,,,,,,,,,,,
Alif Tree,Forgotten Places,,,,,,,,,,,,,,,,
The Aliens,Honest Again,,,,,,,,,,,,,,,,
Toni Basil,Hey Mickey,,,,,,,,,,,,,,,,
The Aliens,She Don'T Love Me No More,,,,,,,,,,,,,,,,
Saturday Looks Good To Me,All Over Town,,,,,,,,,,,,,,,,
Amon Amarth,The Hero,,,,,,,,,,,,,,,,
Jesca Hoop,Money,,,,,,,,,,,,,,,,
Norther,Released,,,,,,,,,,,,,,,,
Norther,Nothing Left,,,,,,,,,,,,,,,,
Norther,Victorious One,,,,,,,,,,,,,,,,
Bebe,Razones,,,,,,,,,,,,,,,,
Norther,Evil Ladies,,,,,,,,,,,,,,,,
Prince,Darling Nikki,,,,,,,,,,,,,,,,
System Of A Down,Inner Vision,,,,,,,,,,,,,,,,
Depeche Mode,Pipeline,,,,,,,,,,,,,,,,
Flobots,Stand Up,1.0,0.6,0.0,0.6,0.6,0.4,0.0,0.0,1.0,0.0,0.0,0.0,0.0,0.0,0.8,0.0
Vanessa Carlton,Who'S To Say,,,,,,,,,,,,,,,,
Britney Spears,Girl In The Mirror,,,,,,,,,,,,,,,,
Anti-Nowhere League,So What,,,,,,,,,,,,,,,,
Snow Patrol,When I Get Home For Christmas,,,,,,,,,,,,,,,,
Jesse L. Martin / Wilson Jermaine Heredia,I'Ll Cover You,,,,,,,,,,,,,,,,
Norther,Dream,,,,,,,,,,,,,,,,
Norther,Deep Inside,,,,,,,,,,,,,,,,
Blackmore'S Night,Benzai-Ten,,,,,,,,,,,,,,,,
Blackmore'S Night,Cartouche,,,,,,,,,,,,,,,,
Bob Dylan,Summer Days,,,,,,,,,,,,,,,,
Shalabi Effect,Aim At Me,,,,,,,,,,,,,,,,
Shakira,Vuelve,,,,,,,,,,,,,,,,
Jerk,Sucked In,,,,,,,,,,,,,,,,
Happy Rhodes,Roy (Back From The Offworld),,,,,,,,,,,,,,,,
Nouvelle Vague,A Forest (The Cure),,,,,,,,,,,,,,,,
Noumena,All Veiled,,,,,,,,,,,,,,,,
Jeru The Damaja,D Original,,,,,,,,,,,,,,,,
Muse,Host,0.4,0.2,0.6,0.2,0.4,0.4,0.0,0.0,0.0,0.0,0.0,0.0,0.8,0.4,0.4,0.0
The Cribs,Things Aren'T Gonna Change,,,,,,,,,,,,,,,,
Ayria,Infiltrating My Way Through The System,,,,,,,,,,,,,,,,
System Of A Down,Marmalade,,,,,,,,,,,,,,,,
Zz Top,Jesus Just Left Chicago,,,,,,,,,,,,,,,,
Karl Blau,The Business,,,,,,,,,,,,,,,,
Muse,Glorious (Japanese Bonus Track),,,,,,,,,,,,,,,,
Toru Okada,Fields Burn Golden,,,,,,,,,,,,,,,,
Muse,Con-Science,,,,,,,,,,,,,,,,
Murderdolls,Love At First Fright,,,,,,,,,,,,,,,,
Zz Top,Velcro Fly,,,,,,,,,,,,,,,,
Ulrich Schnauss,Nothing Happens In June,,,,,,,,,,,,,,,,
Muse,Glorious (Bonus Track),,,,,,,,,,,,,,,,
Gillian Welch,Red Clay Halo,,,,,,,,,,,,,,,,
Sleater-Kinney,The Last Song,,,,,,,,,,,,,,,,
Feel,Paul,,,,,,,,,,,,,,,,
Sebadoh,Drama Mine,,,,,,,,,,,,,,,,
Gilles Peterson,Mario Basanov & Vidis ‘Test’,,,,,,,,,,,,,,,,
Feel,Ale Kiedy Przy Mnie Śpisz,,,,,,,,,,,,,,,,
Stereolab,Olv 26,,,,,,,,,,,,,,,,
The Rosebuds,Hold On To This Coat,,,,,,,,,,,,,,,,
Stereophonics,Watch Them Fly Sundays,,,,,,,,,,,,,,,,
Mutya Buena,B Boy Baby,,,,,,,,,,,,,,,,
2Wo,I Am A Pig,,,,,,,,,,,,,,,,
The Herbaliser,Put It On Tape,,,,,,,,,,,,,,,,
Gillian Welch,My First Lover,,,,,,,,,,,,,,,,
The Herbaliser,Mr. Chombee Has The Flaw,,,,,,,,,,,,,,,,
Alaska In Winter,Close Your Eyes - We Are Blind,,,,,,,,,,,,,,,,
Death,Jealousy,,,,,,,,,,,,,,,,
Death,Cosmic Sea,,,,,,,,,,,,,,,,
White Zombie,Black Sunshine,,,,,,,,,,,,,,,,
Him,It'S All Tears (Drown In This Love),,,,,,,,,,,,,,,,
White Zombie,Super-Charger Heaven,,,,,,,,,,,,,,,,
Remiss,You Can'T Get It Back,,,,,,,,,,,,,,,,
Pitchshifter,Genius,,,,,,,,,,,,,,,,
Cute Is What We Aim For,Finger Twist & Split,,,,,,,,,,,,,,,,
Relient K,I Need You,,,,,,,,,,,,,,,,
Reik,Yo Quisiera,,,,,,,,,,,,,,,,
Booty Luv,Shine (Radio Edit),,,,,,,,,,,,,,,,
Kat Deluna,Whine Up (Feat. Elephant Man),,,,,,,,,,,,,,,,
Elvis Costello,No Action,,,,,,,,,,,,,,,,
Hilary Duff,Sweet Sixteen,,,,,,,,,,,,,,,,
Black Moth Super Rainbow,I Think It Is Beautiful That You Are 256 Colors Too,,,,,,,,,,,,,,,,
Arcturus,Hufsa,,,,,,,,,,,,,,,,
Jack'S Mannequin,The Resolution,0.8,0.6,0.0,0.2,0.6,0.4,0.0,0.0,0.0,1.0,0.0,0.0,0.0,0.0,0.8,0.0
Enya,From Where I Am,,,,,,,,,,,,,,,,
Arcturus,Du Nordavind,,,,,,,,,,,,,,,,
Lumsk,Skomegyvri,,,,,,,,,,,,,,,,
Jack'S Mannequin,American Love,,,,,,,,,,,,,,,,
Stereolab,Eye Of The Volcano,,,,,,,,,,,,,,,,
The Hold Steady,Multitude Of Casualties,,,,,,,,,,,,,,,,
The Hold Steady,Hornets! Hornets!,,,,,,,,,,,,,,,,
Repo! The Genetic Opera,Bravi!,,,,,,,,,,,,,,,,
Repo! The Genetic Opera,Chase The Morning,,,,,,,,,,,,,,,,
Death,Mutilation,,,,,,,,,,,,,,,,
Repo! The Genetic Opera,Thankless Job,,,,,,,,,,,,,,,,
Repo! The Genetic Opera,Infected,,,,,,,,,,,,,,,,
Stereolab,Margerine Rock,,,,,,,,,,,,,,,,
Kashmir,The Aftermath,,,,,,,,,,,,,,,,
The Hold Steady,Stevie Nix,,,,,,,,,,,,,,,,
Lisa Andreas,Stronger Every Minute (Cyprus),,,,,,,,,,,,,,,,
Kaskade,I Like The Way,,,,,,,,,,,,,,,,
The Hold Steady,Charlemagne In Sweatpants,,,,,,,,,,,,,,,,
The Hold Steady,Positive Jam,,,,,,,,,,,,,,,,
Beth Orton,Couldn'T Cause Me Harm,,,,,,,,,,,,,,,,
The Warlocks,Stickman Blues,,,,,,,,,,,,,,,,
Katatonia,Strained,,,,,,,,,,,,,,,,
Sleep,Dragonaut,,,,,,,,,,,,,,,,
Masta Killa,Whatever,,,,,,,,,,,,,,,,
Reverend And The Makers,Bandits,,,,,,,,,,,,,,,,
Black Lips,Veni Vidi Vici (Diplo Remix),,,,,,,,,,,,,,,,
Ghostland Observatory,Midnight Voyage,,,,,,,,,,,,,,,,
Do Make Say Think,In Mind,,,,,,,,,,,,,,,,
Shinedown,Left Out,,,,,,,,,,,,,,,,
Luna Amară,Luni De Fiere,,,,,,,,,,,,,,,,
Evanescence,Understanding (Sound Asleep Version),,,,,,,,,,,,,,,,
The Unicorns,I Do (It),,,,,,,,,,,,,,,,
Alaska In Winter,Your Red Dress (Wedding Song At Cemetery),,,,,,,,,,,,,,,,
Cynic,Textures,,,,,,,,,,,,,,,,
Katatonia,In Silence Enshrined,,,,,,,,,,,,,,,,
Dntel,Life Is Full Of Possibilities,,,,,,,,,,,,,,,,
Rescue The Astronauts,Skirts,,,,,,,,,,,,,,,,
Katatonia,12,,,,,,,,,,,,,,,,
Cypress Hill,3 Lil' Putos,,,,,,,,,,,,,,,,
Alter Bridge,One Day Remains,,,,,,,,,,,,,,,,
Ted Leo And The Pharmacists,Army Bound,,,,,,,,,,,,,,,,
Ted Leo And The Pharmacists,Fourth World War,,,,,,,,,,,,,,,,
Enya,Pilgrim,,,,,,,,,,,,,,,,
Arctic Monkeys,Plastic Tramp,,,,,,,,,,,,,,,,
The Roots,Clock With No Hands,,,,,,,,,,,,,,,,
Feindflug,Stukas Im Visier,,,,,,,,,,,,,,,,
Feindflug,Blutorgel,,,,,,,,,,,,,,,,
Stereolab,...Sudden Stars,,,,,,,,,,,,,,,,
Viikate,Sylvian Joululaulu,,,,,,,,,,,,,,,,
Rescue The Astronauts,Nothing To Say,,,,,,,,,,,,,,,,
The Hood Internet,Absorb The Lipgloss (Lil Mama Vs. Marnie Stern),,,,,,,,,,,,,,,,
Beth Orton,Stars All Seem To Weep,,,,,,,,,,,,,,,,
Kate Bush,Never Be Mine,,,,,,,,,,,,,,,,
Mulatu Astatqé,Yegelle Tezeta,,,,,,,,,,,,,,,,
Mulatu Astatqé,Yekermo Sew,,,,,,,,,,,,,,,,
Do Make Say Think,Executioner Blues,,,,,,,,,,,,,,,,
Do Make Say Think,Bruce E Kinesis,,,,,,,,,,,,,,,,
Kate Bush,The Wedding List,,,,,,,,,,,,,,,,
Kate Bush,The Kick Inside,,,,,,,,,,,,,,,,
The Hellacopters,No Salvation,,,,,,,,,,,,,,,,
Mujuice,Кристаллы Не Плачут,,,,,,,,,,,,,,,,
My American Heart,The Process,,,,,,,,,,,,,,,,
The Hellacopters,Turn The Wrong Key,,,,,,,,,,,,,,,,
My Bloody Valentine,(Please) Lose Yourself In Me,,,,,,,,,,,,,,,,
Otis Rush,I Can'T Quit You Baby,,,,,,,,,,,,,,,,
The Hoosiers,Cops And Robbers,,,,,,,,,,,,,,,,
Dntel,The Distance (Feat. Arthur & Yu),,,,,,,,,,,,,,,,
Do Make Say Think,Outer Inner & Secret,,,,,,,,,,,,,,,,
Massive Attack,Opening Title,,,,,,,,,,,,,,,,
Feeder,Silent Cry,,,,,,,,,,,,,,,,
Feeder,Radioman,,,,,,,,,,,,,,,,
Massive Attack,P Is For Piano,,,,,,,,,,,,,,,,
Attack In Black,You'Re Such An Only Child,,,,,,,,,,,,,,,,
Regina Spektor,Baobabs,,,,,,,,,,,,,,,,
The Hellacopters,It'S Good But It Just Ain'T Right,,,,,,,,,,,,,,,,
Ville Valo,Paratiisi,,,,,,,,,,,,,,,,
Girl Talk,Touch 2 Feel,,,,,,,,,,,,,,,,
Charlie Feathers,Can'T Hardly Stand It,,,,,,,,,,,,,,,,
Charlie Parker,Now'S The Time,,,,,,,,,,,,,,,,
Regina Spektor,Another Town,,,,,,,,,,,,,,,,
Gipsy Kings,Volare (Nel Blu Dipinto Di Blu),,,,,,,,,,,,,,,,
Bestial War,Evil Force To Kill,,,,,,,,,,,,,,,,
The Hellacopters,Blinded By The Light,,,,,,,,,,,,,,,,
The Hellacopters,Crimson Ballroom,,,,,,,,,,,,,,,,
Zoot Woman,Taken It All,,,,,,,,,,,,,,,,
My Brightest Diamond,If I Were Queen,,,,,,,,,,,,,,,,
Dj Shadow,Keep Em Close (Feat. Nump),,,,,,,,,,,,,,,,
The Ruby Suns,Kenya Dig It?,,,,,,,,,,,,,,,,
Refused,The Apollo Programme Was A Hoax,,,,,,,,,,,,,,,,
Girls Aloud,Girl Overboard,,,,,,,,,,,,,,,,
Mahogany,The Mystique Of The Locomotive,,,,,,,,,,,,,,,,
Whitesnake,Standing In The Shadow,,,,,,,,,,,,,,,,
Cut Off Your Hands,Expectations,,,,,,,,,,,,,,,,
Jaco Pastorius,Continuum,,,,,,,,,,,,,,,,
Oscar Peterson,Nuages,,,,,,,,,,,,,,,,
Pixies,Alison,,,,,,,,,,,,,,,,
Baccara,Yes Sir I Can Boogie,,,,,,,,,,,,,,,,
Death Cab For Cutie,Flustered/Hey Tomcat!,,,,,,,,,,,,,,,,
Bacilos,Caraluna,,,,,,,,,,,,,,,,
Pitty,Na Sua Estante,,,,,,,,,,,,,,,,
Ghostface Killah,Beauty Jackson,,,,,,,,,,,,,,,,
The Human League,Darkness,,,,,,,,,,,,,,,,
Mujuice,Extra Enough!,,,,,,,,,,,,,,,,
Hird,Love Again,,,,,,,,,,,,,,,,
High Places,Shared Islands,,,,,,,,,,,,,,,,
Pitty,Anacrônico,,,,,,,,,,,,,,,,
Bat For Lashes,I'M On Fire,,,,,,,,,,,,,,,,
The Hot Puppies,Green Eyeliner,,,,,,,,,,,,,,,,
Cut Off Your Hands,Blue On Blue,,,,,,,,,,,,,,,,
Feist,Lonely Lonely (Frisbee'D Mix),0.6,0.4,0.6,0.4,0.4,0.2,0.4,0.0,0.0,0.0,0.0,0.0,0.8,0.6,0.6,0.0
Kate Bush,Violin,,,,,,,,,,,,,,,,
Kate Bush,The Red Shoes,,,,,,,,,,,,,,,,
Ghostface Killah,Nutmeg,,,,,,,,,,,,,,,,
Viikate,Kurjat Kurjet,,,,,,,,,,,,,,,,
Viikate,Kaunis Kotkan Käsi,,,,,,,,,,,,,,,,
Tosca,Gute Laune,,,,,,,,,,,,,,,,
Other Men,Indiscriminate Proposals Of Little Mercy,,,,,,,,,,,,,,,,
High School Musical Cast,I Want It All,,,,,,,,,,,,,,,,
Ceremony,Throwing Bricks,,,,,,,,,,,,,,,,
Aqua,Happy Boys & Girls,,,,,,,,,,,,,,,,
Mudvayne,Forget To Remember,,,,,,,,,,,,,,,,
Aphex Twin,Blue Calx,,,,,,,,,,,,,,,,
Kathleen Edwards,Summerlong,,,,,,,,,,,,,,,,
Rhapsody Of Fire,The Magic Of The Wizard'S Dream,,,,,,,,,,,,,,,,
My Dying Bride,A Sea To Suffer In,,,,,,,,,,,,,,,,
Boom Bip,Dumb Day,,,,,,,,,,,,,,,,
Lite,Contemporary Disease,,,,,,,,,,,,,,,,
The Russian Futurists,Your Big Brown Eyes And My Broken Heart,,,,,,,,,,,,,,,,
Massive Attack,Confused Images,,,,,,,,,,,,,,,,
Reel People,Anything You Want (Feat. Tasita D'Mour),,,,,,,,,,,,,,,,
My Chemical Romance,Give 'Em Hell Kid,,,,,,,,,,,,,,,,
Girls Aloud,Wake Me Up (Original Version),,,,,,,,,,,,,,,,
The Human League,Tell Me When,,,,,,,,,,,,,,,,
Centro-Matic,All The Lightning Rods,,,,,,,,,,,,,,,,
Thomas Andersson,Washing Up (Tiga Mix),,,,,,,,,,,,,,,,
Sleeper,Atomic,,,,,,,,,,,,,,,,
Feist,One Evening (Vv Mix),,,,,,,,,,,,,,,,
Rednex,Wish You Were Here,,,,,,,,,,,,,,,,
My Dying Bride,It Will Come,,,,,,,,,,,,,,,,
Thomas Bangalter,Club Soda,,,,,,,,,,,,,,,,
Pink Floyd,Stay,,,,,,,,,,,,,,,,
Aqualung,You Turn Me Around,,,,,,,,,,,,,,,,
Tortoise,The Suspension Bridge At Iguazú Falls,,,,,,,,,,,,,,,,
Ted Leo And The Pharmacists,The Great Communicator,,,,,,,,,,,,,,,,
The Bolshoi,Sunday Morning,,,,,,,,,,,,,,,,
Alter Bridge,Rise Today,,,,,,,,,,,,,,,,
Deaf Center,Eloy,,,,,,,,,,,,,,,,
Deaf Center,Lobby,,,,,,,,,,,,,,,,
Glassjaw,Ry Ry'S Song,,,,,,,,,,,,,,,,
Dj Sammy,Sunlight,,,,,,,,,,,,,,,,
Stevie Ray Vaughan,Tell Me,,,,,,,,,,,,,,,,
Charon,Rain,,,,,,,,,,,,,,,,
Charon,Little Angel,,,,,,,,,,,,,,,,
Dj Shadow,3 Freaks (Feat. Keak Da Sneak & Turf Talk),,,,,,,,,,,,,,,,
Charon,Sorrowsong,,,,,,,,,,,,,,,,
Red House Painters,Golden,,,,,,,,,,,,,,,,
Red House Painters,Cabezon,,,,,,,,,,,,,,,,
Céline Dion,A New Day Has Come,,,,,,,,,,,,,,,,
Stevie Wonder,If Your Love Cannot Be Moved (Feat. Kim Burrell),,,,,,,,,,,,,,,,
Cheap Trick,She'S Tight,,,,,,,,,,,,,,,,
The Gun Club,For The Love Of Ivy,,,,,,,,,,,,,,,,
Feeder,Burn The Bridges,,,,,,,,,,,,,,,,
My Dying Bride,Turn Loose The Swans,,,,,,,,,,,,,,,,
Glassjaw,Pretty Lush,,,,,,,,,,,,,,,,
Get Cape. Wear Cape. Fly,Waiting For The Monster To Drown,,,,,,,,,,,,,,,,
Get Set Go,I Hate Everyone,,,,,,,,,,,,,,,,
The Innocence Mission,Snow,,,,,,,,,,,,,,,,
Muddy Waters,Hoochie Coochie Man,,,,,,,,,,,,,,,,
The Blow,Hock It,,,,,,,,,,,,,,,,
Massacre,Invasoras Amazonas,,,,,,,,,,,,,,,,
Glen Campbell,Wichita Lineman,,,,,,,,,,,,,,,,
Adam Green,Animal Dreams,,,,,,,,,,,,,,,,
Dogs,Selfish Ways,,,,,,,,,,,,,,,,
Stephen Malkmus,Trojan Curfew,,,,,,,,,,,,,,,,
Rhesus,Sad Disco,,,,,,,,,,,,,,,,
Feist,Mushaboom (Mocky Mix),,,,,,,,,,,,,,,,
The Hush Sound,As You Cry,,,,,,,,,,,,,,,,
Stephen Fretwell,Lines,,,,,,,,,,,,,,,,
The Hush Sound,The Boys Are Too Refined,,,,,,,,,,,,,,,,
3 Doors Down,Smack,,,,,,,,,,,,,,,,
Jaga Jazzist,Another Day,,,,,,,,,,,,,,,,
Orishas,A Lo Cubano,,,,,,,,,,,,,,,,
Malajube,St-Fortunat,,,,,,,,,,,,,,,,
Enya,Exile,,,,,,,,,,,,,,,,
Babyshambles,Do You Know Me,,,,,,,,,,,,,,,,
Glen Hansard & Markéta Irglová,Sleeping,,,,,,,,,,,,,,,,
Kalmah,The Groan Of Wind,,,,,,,,,,,,,,,,
Massacre,Divorcio,,,,,,,,,,,,,,,,
The Breeders,Fortunately Gone,,,,,,,,,,,,,,,,
Orson,Broken Watch,,,,,,,,,,,,,,,,
High Contrast,Music Is Everything,,,,,,,,,,,,,,,,
Jacques Brel,Quand On N'A Que L'Amour,,,,,,,,,,,,,,,,
Orson,Radio,,,,,,,,,,,,,,,,
Malcolm Middleton,Break My Heart,,,,,,,,,,,,,,,,
Malcolm Middleton,Loneliness Shines,,,,,,,,,,,,,,,,
Gerli Padar,Partners In Crime (Estonia),,,,,,,,,,,,,,,,
Blind Guardian,Noldor (Dead Winter Reigns),,,,,,,,,,,,,,,,
Wu-Tang Clan,For Heaven'S Sake,,,,,,,,,,,,,,,,
Whitey,Intro / In The Limelight,,,,,,,,,,,,,,,,
Wu-Tang Clan,Intro (Shaolin Finger Jab) / Chamber Music,0.6,0.6,0.8,0.2,0.0,0.0,0.0,0.0,0.0,0.0,0.0,0.0,0.0,0.0,0.6,0.0
Tubeway Army,Are Friends Electric,,,,,,,,,,,,,,,,
Mstrkrft,Heartbreaker (Feat. John Legend),,,,,,,,,,,,,,,,
Matchbox Twenty,All Your Reasons,,,,,,,,,,,,,,,,
Jade Ewen,It'S My Time,,,,,,,,,,,,,,,,
Teedra Moses,You Better Tell Her,,,,,,,,,,,,,,,,
The Unicorns,52 Favourite Things,,,,,,,,,,,,,,,,
Luna Amară,Umbră Copil,,,,,,,,,,,,,,,,
Luna Sea,Storm,,,,,,,,,,,,,,,,
Blue States,Spit And Soar,,,,,,,,,,,,,,,,
Blind Guardian,The Bard'S Song (Live),,,,,,,,,,,,,,,,
Deadman,Taion,,,,,,,,,,,,,,,,
Pink Floyd,Main Theme,,,,,,,,,,,,,,,,
Kaki King,Lies,,,,,,,,,,,,,,,,
Kaki King,Kewpie Station,,,,,,,,,,,,,,,,
Kalliope,Lunar Landings,0.6,0.4,0.8,0.4,0.6,0.4,0.2,0.6,0.0,0.4,0.2,0.0,1.0,0.6,0.6,0.0
Violator,Lethal Injection,,,,,,,,,,,,,,,,
The Grates,Inside Outside,,,,,,,,,,,,,,,,
J Dilla,E=Mc2 (Feat. Common),,,,,,,,,,,,,,,,
Hocico,Doomed To Perish,,,,,,,,,,,,,,,,
Chemistry,恋するカレン,,,,,,,,,,,,,,,,
Shiny Toy Guns,Cold War,,,,,,,,,,,,,,,,
Kaizers Orchestra,Den Andre Er Meg,,,,,,,,,,,,,,,,
Bertrand Burgalat,Sunshine Yellow,,,,,,,,,,,,,,,,
Chemistry,輝く夜,,,,,,,,,,,,,,,,
Thomas Newman,The Question,0.0,0.0,0.0,0.6,0.0,0.0,0.0,0.8,0.0,0.6,0.0,0.0,0.6,0.2,0.0,0.0
Kaizers Orchestra,Bastard Sønn,,,,,,,,,,,,,,,,
Bertrand Burgalat,Chaque Jour,,,,,,,,,,,,,,,,
Richard F,5 In The Morning (Original Mix),,,,,,,,,,,,,,,,
George Michael,I Can'T Make You Love Me,,,,,,,,,,,,,,,,
Sean Lennon,Spectacle,,,,,,,,,,,,,,,,
Glenn Miller,Moonlight Serenade,,,,,,,,,,,,,,,,
Matchbook Romance,Tiger Lily,,,,,,,,,,,,,,,,
The Jam,Boy About Town,,,,,,,,,,,,,,,,
Vader,Helleluyah!!! (God Is Dead),,,,,,,,,,,,,,,,
Kc And The Sunshine Band,I'M Your Boogie Man,,,,,,,,,,,,,,,,
George Michael,Amazing (Full Intention Club Mix),,,,,,,,,,,,,,,,
Dolores O'Riordan,Accept Things,,,,,,,,,,,,,,,,
Dolores O'Riordan,Apple Of My Eye,,,,,,,,,,,,,,,,
Steel Pulse,Klu Klux Klan,,,,,,,,,,,,,,,,
Kazik,Jeśli Nie Chcesz,,,,,,,,,,,,,,,,
Thom Yorke,And It Rained All Night (Burial Remix),,,,,,,,,,,,,,,,
My Morning Jacket,Run Thru,1.0,0.8,0.0,0.4,1.0,0.8,0.4,0.0,0.0,0.0,0.6,0.0,0.2,0.2,0.8,0.0
Dolores O'Riordan,Stay With Me,,,,,,,,,,,,,,,,
Mr. Oizo,Yves,,,,,,,,,,,,,,,,
Red Hot Chili Peppers,Deep Kick,,,,,,,,,,,,,,,,
Kaizers Orchestra,Fra Sjåfør Til Passasjer,,,,,,,,,,,,,,,,
My Morning Jacket,One In The Same,,,,,,,,,,,,,,,,
My Morning Jacket,Mahgeeta,,,,,,,,,,,,,,,,
George Harrison,Here Comes The Sun,,,,,,,,,,,,,,,,
Maserati,Cities,,,,,,,,,,,,,,,,
The Brian Jonestown Massacre,If Love Is The Drug,,,,,,,,,,,,,,,,
Alanis Morissette,These R The Thoughts,,,,,,,,,,,,,,,,
X,Sugarlight,,,,,,,,,,,,,,,,
Curtis Mayfield,People Get Ready,,,,,,,,,,,,,,,,
Tc,Borrowed Time,,,,,,,,,,,,,,,,
The Brian Jonestown Massacre,I Love You,,,,,,,,,,,,,,,,
Battles,Ipt2,,,,,,,,,,,,,,,,
Sting,Roxanne,,,,,,,,,,,,,,,,
Black Lips,I Saw A Ghost (Lean),,,,,,,,,,,,,,,,
Felix Da Housecat,Madame Hollywood (Tiga'S Mister Hollywood Version),,,,,,,,,,,,,,,,
The Jam,Sounds From The Street,,,,,,,,,,,,,,,,
Everclear,Local God,,,,,,,,,,,,,,,,
Static-X,This Is Not,,,,,,,,,,,,,,,,
Static-X,Start A War,,,,,,,,,,,,,,,,
Everclear,Am Radio,,,,,,,,,,,,,,,,
The Sugarcubes,Coldsweat,,,,,,,,,,,,,,,,
Pink Floyd,Apples And Oranges,,,,,,,,,,,,,,,,
Keane,He Used To Be A Lovely Boy,0.8,0.4,0.0,0.4,0.4,0.2,0.0,0.0,0.0,1.0,0.0,0.0,0.6,0.4,0.6,0.0
J. Karjalainen,Villejä Lupiineja,,,,,,,,,,,,,,,,
Pink Floyd,Biding My Time,,,,,,,,,,,,,,,,
Pink Floyd,A Spanish Piece,,,,,,,,,,,,,,,,
George Harrison,Awaiting On You All,,,,,,,,,,,,,,,,
Matchbox Twenty,Hang,,,,,,,,,,,,,,,,
The Rolling Stones,This Place Is Empty,,,,,,,,,,,,,,,,
Kaiser Chiefs,Every Day I Love You Less And Less,,,,,,,,,,,,,,,,
Origin Unknown,Valley Of The Shadows,,,,,,,,,,,,,,,,
High And Mighty Color,Feel Like Dance,,,,,,,,,,,,,,,,
Jaguar Love,Georgia,,,,,,,,,,,,,,,,
Dead Poetic,Bury The Difference,,,,,,,,,,,,,,,,
The Submarines,Submarine Symphonika,,,,,,,,,,,,,,,,
Death From Above 1979,Do It!,,,,,,,,,,,,,,,,
My Teenage Stride,We'Ll Meet At Emily'S,,,,,,,,,,,,,,,,
Ozzy Osbourne,Black Rain,,,,,,,,,,,,,,,,
My!Gay!Husband!,Austine Au Soleil Re Edit,,,,,,,,,,,,,,,,
Reamonn,Swim,,,,,,,,,,,,,,,,
Cherish,Killa,,,,,,,,,,,,,,,,
Violins,Ok Ok,,,,,,,,,,,,,,,,
Stisch,Turn Around (Barfly Mix),,,,,,,,,,,,,,,,
Kaija Koo,Sydän Laulaa,,,,,,,,,,,,,,,,
Angus And Julia Stone,Just A Boy,,,,,,,,,,,,,,,,
The Goo Goo Dolls,Eyes Wide Open,,,,,,,,,,,,,,,,
Angus And Julia Stone,Mango Tree,,,,,,,,,,,,,,,,
The Jayhawks,All The Right Reasons,,,,,,,,,,,,,,,,
Kejsi Tola,Carry Me In Your Dreams,,,,,,,,,,,,,,,,
The Jesus And Mary Chain,Good For My Soul,,,,,,,,,,,,,,,,
Tortoise,Firefly,,,,,,,,,,,,,,,,
Richard Swift,Most Of What I Know,,,,,,,,,,,,,,,,
The Jayhawks,Angelyne,,,,,,,,,,,,,,,,
K-Os,Sunday Morning,,,,,,,,,,,,,,,,
Mozez,Spinning Top,,,,,,,,,,,,,,,,
Real Mccoy,Run Away,,,,,,,,,,,,,,,,
Black Lips,Everybody'S Doin' It,,,,,,,,,,,,,,,,
Seabound,Smoke,,,,,,,,,,,,,,,,
The Rolling Stones,Stop Breaking Down,,,,,,,,,,,,,,,,
Elusive,Ride,,,,,,,,,,,,,,,,
Angus And Julia Stone,Here We Go Again,,,,,,,,,,,,,,,,
Aly & Aj,Flattery,,,,,,,,,,,,,,,,
Orchestral Manoeuvres In The Dark,Annex,,,,,,,,,,,,,,,,
James,She'S A Star,,,,,,,,,,,,,,,,
The Brian Jonestown Massacre,Just Like Kicking Jesus,,,,,,,,,,,,,,,,
The Brian Jonestown Massacre,Spanish Bee,,,,,,,,,,,,,,,,
Adem,Statued,,,,,,,,,,,,,,,,
Chevelle,Another Know It All,,,,,,,,,,,,,,,,
Ane Brun,Drowning In Those Eyes,,,,,,,,,,,,,,,,
Stone Temple Pilots,Unglued,,,,,,,,,,,,,,,,
Little Richard,Good Golly Miss Molly,,,,,,,,,,,,,,,,
Goblin Cock,Stumped,,,,,,,,,,,,,,,,
Stone Temple Pilots,Dead & Bloated,,,,,,,,,,,,,,,,
Fear Factory,Shock,,,,,,,,,,,,,,,,
The Go! Team,Everyone'S A Vip To Someone,,,,,,,,,,,,,,,,
Little Richard,Lucille,,,,,,,,,,,,,,,,
Trivium,The Crusade,,,,,,,,,,,,,,,,
Ride,Chrome Waves,,,,,,,,,,,,,,,,
Ride,Close My Eyes,,,,,,,,,,,,,,,,
Don Johnson Big Band,Hidden Rainbow,,,,,,,,,,,,,,,,
Kelly Clarkson,Because Of You (Jason Nevins Club Mix),,,,,,,,,,,,,,,,
Jóhann Jóhannsson,Fordlândia,,,,,,,,,,,,,,,,
God Lives Underwater,Happy?,,,,,,,,,,,,,,,,
Shirley Bassey,Get The Party Started,,,,,,,,,,,,,,,,
Seabound,Scorch The Ground (Version),,,,,,,,,,,,,,,,
Magnolia Electric Co.,The Dark Don'T Hide It,,,,,,,,,,,,,,,,
Ozzy Osbourne,Dee,,,,,,,,,,,,,,,,
Pinback,Tres,,,,,,,,,,,,,,,,
Ozric Tentacles,Space Between Your Ears,,,,,,,,,,,,,,,,
Ozric Tentacles,Phalarn Dawn,,,,,,,,,,,,,,,,
Ride,Chelsea Girl,0.8,0.6,0.0,0.4,0.8,0.6,0.0,0.0,0.0,0.0,0.0,0.0,0.2,0.2,0.6,0.0
Kelley Stoltz,Ever Thought Of Coming Back,,,,,,,,,,,,,,,,
Alanis Morissette,Princes Familiar,,,,,,,,,,,,,,,,
The Black Keys,Keep Your Hands Off Her,,,,,,,,,,,,,,,,
Everclear,The Boys Are Back In Town,,,,,,,,,,,,,,,,
Everclear,Sex With A Movie Star,,,,,,,,,,,,,,,,
Lupe Fiasco,Just Might Be Ok (Feat. Gemini),,,,,,,,,,,,,,,,
Dead Or Alive,I Wanna Be A Toy,,,,,,,,,,,,,,,,
Ozzy Osbourne,Now You See It (Now You Don'T),,,,,,,,,,,,,,,,
D'Espairsray,Grudge,,,,,,,,,,,,,,,,
The San Francisco Gay Men'S Chorus,Can I Survive (Part One),,,,,,,,,,,,,,,,
The Walkmen,Wake Up,,,,,,,,,,,,,,,,
Armin Van Buuren,Hold On To Me (Feat. Audrey Gallagher),,,,,,,,,,,,,,,,
Story Of The Year,Razorblades,,,,,,,,,,,,,,,,
Chevelle,Prove To You,,,,,,,,,,,,,,,,
Justin Timberlake,Take It From Here,,,,,,,,,,,,,,,,
Orchestral Manoeuvres In The Dark,Motion And Heart,,,,,,,,,,,,,,,,
Orchestral Manoeuvres In The Dark,Julia'S Song,,,,,,,,,,,,,,,,
Kelly Clarkson,Cry,,,,,,,,,,,,,,,,
Mouse On Mars,Gogonal,,,,,,,,,,,,,,,,
Kelly Clarkson,Go,,,,,,,,,,,,,,,,
Seabound,Castaway,,,,,,,,,,,,,,,,
The Jesus And Mary Chain,She,,,,,,,,,,,,,,,,
Tujiko Noriko,Endless End,,,,,,,,,,,,,,,,
Genesis,Please Don'T Ask,,,,,,,,,,,,,,,,
Mägo De Oz,En Un Lugar...,,,,,,,,,,,,,,,,
Mägo De Oz,El Señor De Los Gramillos,,,,,,,,,,,,,,,,
The San Francisco Gay Men'S Chorus,My Mother Taught Me Well,,,,,,,,,,,,,,,,
The San Francisco Gay Men'S Chorus,Now Give Three Cheers,,,,,,,,,,,,,,,,
Catherine Wheel,I Confess,,,,,,,,,,,,,,,,
Mary J. Blige,Your Child (Junior Vasquez Remix),,,,,,,,,,,,,,,,
The San Francisco Gay Men'S Chorus,When I Was A Girl,,,,,,,,,,,,,,,,
Atomic Kitten,Whole Again,,,,,,,,,,,,,,,,
Strachy Na Lachy,Btw (Mamy Tylko Siebie),,,,,,,,,,,,,,,,
The San Francisco Gay Men'S Chorus,Can I Survive (Part Two),,,,,,,,,,,,,,,,
Godsmack,Bad Religion,,,,,,,,,,,,,,,,
Ac/Dc,Whiskey On The Rocks,,,,,,,,,,,,,,,,
Motörhead,Tear Ya Down,,,,,,,,,,,,,,,,
Moulin Rouge,El Tango De Roxanne,,,,,,,,,,,,,,,,
This Mortal Coil,I Come And Stand At Every Door,,,,,,,,,,,,,,,,
Catatonia,Karaoke Queen,,,,,,,,,,,,,,,,
Catamenia,The Ancient,,,,,,,,,,,,,,,,
Justin Timberlake,Lovestoned/I Think She Knows (Kaskade Remix),,,,,,,,,,,,,,,,
Chicane,Love On The Run,,,,,,,,,,,,,,,,
Godsmack,Moon Baby,,,,,,,,,,,,,,,,
Godsmack,Running Blind,,,,,,,,,,,,,,,,
Justin Timberlake,Sexy Ladies,,,,,,,,,,,,,,,,
Three Dead Trolls In A Baggie,Every Os Sucks,,,,,,,,,,,,,,,,
Andy Williams,Moon River,,,,,,,,,,,,,,,,
Andy Moor,Halcyon,,,,,,,,,,,,,,,,
Live,Shit Towne,1.0,0.8,0.0,0.2,1.0,0.6,0.0,0.0,0.0,0.0,0.0,0.0,0.0,0.0,0.8,0.0
Live,Stage,,,,,,,,,,,,,,,,
Bono Must Die,We'Re Better Than You,,,,,,,,,,,,,,,,
Chicane,Halcyon,,,,,,,,,,,,,,,,
Bonnie Tyler,It'S A Heartache,,,,,,,,,,,,,,,,
Strapping Young Lad,Critic,,,,,,,,,,,,,,,,
Chicane,Leaving Town,,,,,,,,,,,,,,,,
Ozzy Osbourne,I Don'T Know (Live),,,,,,,,,,,,,,,,
D'Espairsray,Marry Of The Blood,,,,,,,,,,,,,,,,
Ozzy Osbourne,Iron Man,,,,,,,,,,,,,,,,
The Get Up Kids,All That I Know,,,,,,,,,,,,,,,,
Rihanna,Umbrella (Jody Den Broeder Lush Club Remix),,,,,,,,,,,,,,,,
Black Label Society,You Must Be Blind,1.0,1.0,0.0,0.2,1.0,1.0,0.0,0.0,0.0,0.0,0.4,0.0,0.0,0.0,1.0,0.0
Kelpe,Shipwreck Glue,,,,,,,,,,,,,,,,
Fellini,Rock Europeu,,,,,,,,,,,,,,,,
Rise Against,Black Masks & Gasoline,,,,,,,,,,,,,,,,
Ac/Dc,D.T.,,,,,,,,,,,,,,,,
The Black Heart Procession,Did You Wonder,,,,,,,,,,,,,,,,
The Black Heart Procession,Gps,,,,,,,,,,,,,,,,
Alcoholic Death,Bitch Harlot,,,,,,,,,,,,,,,,
Woven Hand,Deerskin Doll,,,,,,,,,,,,,,,,
Ozzy Osbourne,The Almighty Dollar,,,,,,,,,,,,,,,,
Ozzy Osbourne,You'Re No Different,,,,,,,,,,,,,,,,
The Rolling Stones,Look What The Cat Dragged In,1.0,0.8,0.0,0.4,1.0,0.8,0.0,0.0,0.0,0.0,0.0,0.0,0.0,0.0,0.8,0.0
Motörhead,Going To Brazil,,,,,,,,,,,,,,,,
Rinaldi Sings,This Time Tomorrow,,,,,,,,,,,,,,,,
Motörhead,Emergency,,,,,,,,,,,,,,,,
Elton John,I Don'T Wanna Go On With You Like That,,,,,,,,,,,,,,,,
Ani Difranco,Anticipate,,,,,,,,,,,,,,,,
Ac/Dc,Hold Me Back,,,,,,,,,,,,,,,,
Fennesz,Circassian,,,,,,,,,,,,,,,,
Ani Difranco,As Is,,,,,,,,,,,,,,,,
Cat Stevens,Sitting,,,,,,,,,,,,,,,,
Motörhead,Ridin' With The Driver,,,,,,,,,,,,,,,,
Beyoncé,Green Light,,,,,,,,,,,,,,,,
Motörhead,Motorhead,,,,,,,,,,,,,,,,
Stars,Ageless Beauty (The Most Serene Republic Remix),,,,,,,,,,,,,,,,
Atmosphere,In Her Music Box,,,,,,,,,,,,,,,,
Ani Difranco,Coming Up,,,,,,,,,,,,,,,,
Genesis,After The Ordeal,,,,,,,,,,,,,,,,
Genesis,Aisle Of Plenty,,,,,,,,,,,,,,,,
Donell Jones,I'M Gonna Be,,,,,,,,,,,,,,,,
Slick Idiot,Lazy,,,,,,,,,,,,,,,,
Matisyahu,Exaltation,,,,,,,,,,,,,,,,
Ken Ring,Ta Det Lugnt,,,,,,,,,,,,,,,,
The Rolling Stones,Prodigal Son,,,,,,,,,,,,,,,,
P!Nk,It'S All Your Fault,,,,,,,,,,,,,,,,
Hole,Gold Dust Woman,,,,,,,,,,,,,,,,
Basement Jaxx,Take Me Home,,,,,,,,,,,,,,,,
Ozzy Osbourne,That I Never Had,,,,,,,,,,,,,,,,
Tegan And Sara,Don'T Confess,,,,,,,,,,,,,,,,
Atmosphere,Hair,,,,,,,,,,,,,,,,
Atmosphere,Godlovesugly,,,,,,,,,,,,,,,,
Rise Against,Everchanging,,,,,,,,,,,,,,,,
Mötley Crüe,Dragstrip Superstar,,,,,,,,,,,,,,,,
Justice,Intro,,,,,,,,,,,,,,,,
Strapping Young Lad,Relentless,,,,,,,,,,,,,,,,
Strange Cargo,Million Town,,,,,,,,,,,,,,,,
The Get Up Kids,Forgive And Forget,,,,,,,,,,,,,,,,
Strapping Young Lad,The New Black,,,,,,,,,,,,,,,,
The Tea Party,Psychopomp,,,,,,,,,,,,,,,,
P Diddy Ft Keisha Cole,Last Night,,,,,,,,,,,,,,,,
What Made Milwaukee Famous,The Right Place,,,,,,,,,,,,,,,,
Cunninlynguists,Nothing To Give,,,,,,,,,,,,,,,,
Cunninlynguists,Old School,,,,,,,,,,,,,,,,
James Brown,Get Up (I Feel Like Being A) Sex Machine,,,,,,,,,,,,,,,,
Battles,Tras,,,,,,,,,,,,,,,,
Battles,Tras 3,,,,,,,,,,,,,,,,
Gogol Bordello,Your Country,,,,,,,,,,,,,,,,
Heróis Do Mar,Nunca Mais,,,,,,,,,,,,,,,,
Magnet & Gemma Hayes,Lay Lady Lay,,,,,,,,,,,,,,,,
Unkle,Persons & Machinery (Instrumental),,,,,,,,,,,,,,,,
Amadou & Mariam,Beau Dimanche,,,,,,,,,,,,,,,,
Ludwig Van Beethoven,5Th Symphony,,,,,,,,,,,,,,,,
Pj Harvey,Who The Fuck,,,,,,,,,,,,,,,,
What Made Milwaukee Famous,Sultan,,,,,,,,,,,,,,,,
Mamonas Assassinas,Robocop Gay,,,,,,,,,,,,,,,,
Alanis Morissette,I'M A Bitch,,,,,,,,,,,,,,,,
Entwine,Losing The Ground,,,,,,,,,,,,,,,,
Pj Harvey,Who Will Love Me Now?,,,,,,,,,,,,,,,,
Rise Against,The Strength To Go On,,,,,,,,,,,,,,,,
Keren Ann,It Ain'T No Crime,,,,,,,,,,,,,,,,
Ani Difranco,Light Of Some Kind,,,,,,,,,,,,,,,,
Gay Against You,Gay Unicorn,,,,,,,,,,,,,,,,
Zero 7,You'Re My Flame (Dabrye Remix),0.8,0.4,1.0,0.6,0.0,0.0,0.0,0.0,0.0,0.4,0.0,0.0,1.0,0.6,0.8,0.0
Matt Costa,Desire'S Only Fling,,,,,,,,,,,,,,,,
Ani Difranco,Letter To A John,,,,,,,,,,,,,,,,
Vitalic,Juliet India,,,,,,,,,,,,,,,,
Marvin Gaye,Right On,,,,,,,,,,,,,,,,
Gojira,Clone,,,,,,,,,,,,,,,,
Elvis Presley,Wooden Heart,,,,,,,,,,,,,,,,
Ultrasport,Nothing Can Go Wrong,,,,,,,,,,,,,,,,
Cat Power,Babydoll,,,,,,,,,,,,,,,,
Mötley Crüe,Porno Star,,,,,,,,,,,,,,,,
Placebo,Been Smoking Too Long,,,,,,,,,,,,,,,,
The Juliana Hatfield Three,Feelin' Massachusetts,,,,,,,,,,,,,,,,
Cat Power,Blue,,,,,,,,,,,,,,,,
Stratovarius,Destiny,,,,,,,,,,,,,,,,
Jurassic 5,Contact,,,,,,,,,,,,,,,,
Stratovarius,Hunting High And Low,,,,,,,,,,,,,,,,
Vitalic,My Friend Dario (Dima Prefers Newbeat Mix),,,,,,,,,,,,,,,,
Gojira,Torii,,,,,,,,,,,,,,,,
Kent,Oprofessionell,,,,,,,,,,,,,,,,
Kent,Things She Said,,,,,,,,,,,,,,,,
Kent,Saker Man Ser,,,,,,,,,,,,,,,,
Aoki Takamasa,Cover Your Ears,,,,,,,,,,,,,,,,
Kent,Ensammast I Sverige,,,,,,,,,,,,,,,,
Botch,Japam,,,,,,,,,,,,,,,,
The Juliana Hatfield Three,President Garfield,,,,,,,,,,,,,,,,
Fennesz,The Other Face,,,,,,,,,,,,,,,,
D.R.I.,Strategy,,,,,,,,,,,,,,,,
Israel KamakawiwoʻOle,Over The Rainbow,,,,,,,,,,,,,,,,
Isolée,Jelly Baby/Fish,,,,,,,,,,,,,,,,
Unkle,Burn My Shadow (Feat. Ian Astbury),,,,,,,,,,,,,,,,
Blind Guardian,Thorn,,,,,,,,,,,,,,,,
Motel,Y Te Vas,,,,,,,,,,,,,,,,
Kettcar,Lattenmessen,,,,,,,,,,,,,,,,
Basement Jaxx,Plug It In,,,,,,,,,,,,,,,,
Westlife,Unbreakable,,,,,,,,,,,,,,,,
The Briefs,Normal Jerks,,,,,,,,,,,,,,,,
The Brilliant Green,Ash Like Snow,,,,,,,,,,,,,,,,
Children Of Bodom,Shot In The Dark,,,,,,,,,,,,,,,,
The Gathering,In Motion #2,,,,,,,,,,,,,,,,
Slayer,Can'T Stand You,,,,,,,,,,,,,,,,
The Gathering,On Most Surfaces,,,,,,,,,,,,,,,,
The Briefs,Genital General,,,,,,,,,,,,,,,,
Placebo,Running Up That Hill (Live From Santiago),,,,,,,,,,,,,,,,
Sinking Ships,Grace,,,,,,,,,,,,,,,,
The Submarines,Brightest Hour,,,,,,,,,,,,,,,,
Placebo,Pure Morning (Radio Edit),,,,,,,,,,,,,,,,
Holly Vallanee,Kiss Kiss,,,,,,,,,,,,,,,,
Bottla,Awake Since Eight,0.8,0.6,0.0,0.4,1.0,0.8,0.0,0.0,0.0,0.0,0.0,0.0,0.2,0.2,0.8,0.0
The Briefs,Stuck On You,,,,,,,,,,,,,,,,
Tarwater,Across The Dial,,,,,,,,,,,,,,,,
Bottla,None Of My Business,,,,,,,,,,,,,,,,
Motion City Soundtrack,Fell In Love Without You,,,,,,,,,,,,,,,,
Dead Kennedys,Halloween,,,,,,,,,,,,,,,,
Ketil Bjørnstad,The Sea Part Ii,,,,,,,,,,,,,,,,
Ketil Bjørnstad,Blue Man,,,,,,,,,,,,,,,,
Moto Boy,Blue Motorbike,,,,,,,,,,,,,,,,
Absurd Minds,The Focus,,,,,,,,,,,,,,,,
Man Man,Hot Bat,,,,,,,,,,,,,,,,
The Killers,Change Your Mind (Bonus Track),,,,,,,,,,,,,,,,
Da Buzz,Wonder Where You Are,,,,,,,,,,,,,,,,
Da Buzz,Last Goodbye,,,,,,,,,,,,,,,,
Blue Man Group,Chant Jam,,,,,,,,,,,,,,,,
Magazine,Recoil,,,,,,,,,,,,,,,,
Straylight Run,Dignity And Money,,,,,,,,,,,,,,,,
Dead Can Dance,Threshold,,,,,,,,,,,,,,,,
The Gaslight Anthem,Meet Me By The River'S Edge,,,,,,,,,,,,,,,,
Rasputina,Wicked Dickie,,,,,,,,,,,,,,,,
Pierrot,Smiley Skeleton,,,,,,,,,,,,,,,,
Children Of Bodom,Oops I Did It Again! (Britney Spears Cover),,,,,,,,,,,,,,,,
Heróis Do Mar,Cachopa,,,,,,,,,,,,,,,,
Debbie Loeb,Faraway (Valentin Radio Edit),,,,,,,,,,,,,,,,
What Made Milwaukee Famous,Prevailing Wind,,,,,,,,,,,,,,,,
The Briefs,Move Too Slow,,,,,,,,,,,,,,,,
Stream Of Passion,Deceiver,,,,,,,,,,,,,,,,
The Gaslight Anthem,1930,,,,,,,,,,,,,,,,
Goldmund,Marching Through Georgia,,,,,,,,,,,,,,,,
Slayer,Captor Of Sin,,,,,,,,,,,,,,,,
The Game,Let'S Ride (Produced By Scott Storch),,,,,,,,,,,,,,,,
Junior Senior,Itch U Can'T Skratch,,,,,,,,,,,,,,,,
The Gaslight Anthem,Even Cowgirls Get The Blues,,,,,,,,,,,,,,,,
See-Saw,君は僕に似ている,,,,,,,,,,,,,,,,
Mother Love Bone,Bone China,,,,,,,,,,,,,,,,
Limp Bizkit,Let Me Down,,,,,,,,,,,,,,,,
Limp Bizkit,Indigo Flow,,,,,,,,,,,,,,,,
Elton John,Captain Fantastic And The Brown Dirt Cowboy,,,,,,,,,,,,,,,,
Matt Nathanson,I Saw,,,,,,,,,,,,,,,,
Dope Stars Inc.,Technologic Age,,,,,,,,,,,,,,,,
Zeraphine,Blind Camera I,,,,,,,,,,,,,,,,
Mos Def,Know That,,,,,,,,,,,,,,,,
Benoît Pioulard,Corpus Chant,0.0,0.0,0.0,0.4,0.0,0.0,0.6,0.0,0.0,0.0,0.0,0.0,0.6,0.4,0.0,0.0
Ani Difranco,Modulation,,,,,,,,,,,,,,,,
Staind,Fade (Album Version),,,,,,,,,,,,,,,,
Doro,Fall For Me Again,,,,,,,,,,,,,,,,
Mors Principium Est,Another Creation,,,,,,,,,,,,,,,,
Staind,Mudshovel,,,,,,,,,,,,,,,,
Mors Principium Est,The Oppressed Will Rise,,,,,,,,,,,,,,,,
Dorsal Atlântica,Caçador Da Noite,,,,,,,,,,,,,,,,
The Game,Angel (Feat. Common),,,,,,,,,,,,,,,,
Nada Surf,Ice On The Wing,,,,,,,,,,,,,,,,
Nada Surf,Armies Walk,,,,,,,,,,,,,,,,
Jumbo,Fotografia,,,,,,,,,,,,,,,,
Junior Boys,Three Words,,,,,,,,,,,,,,,,
Junior Boys,Neon Rider,,,,,,,,,,,,,,,,
Straylight Run,Sympathy For The Martyr,,,,,,,,,,,,,,,,
Casiotone For The Painfully Alone,Students For Scarves & Charm,,,,,,,,,,,,,,,,
Zeraphine,I Feel Your Trace,,,,,,,,,,,,,,,,
Casiotone For The Painfully Alone,Half Ghost,,,,,,,,,,,,,,,,
Good Charlotte,The River,,,,,,,,,,,,,,,,
Good Charlotte,Riot Girl,,,,,,,,,,,,,,,,
Pierrot,Yuuyami Suicide,1.0,1.0,0.0,0.2,1.0,0.8,0.0,0.0,0.0,0.0,0.0,0.0,0.2,0.6,0.8,0.0
Disturbed,Torn,,,,,,,,,,,,,,,,
Dive,Dead Or Alive,,,,,,,,,,,,,,,,
The Futureheads,Thursday,,,,,,,,,,,,,,,,
Stroke 9,Little Black Backpack,,,,,,,,,,,,,,,,
D.R.I.,You Say I'M Scum,,,,,,,,,,,,,,,,
Caspian,Moksha,,,,,,,,,,,,,,,,
Stam1Na,Kaikki Kääntyy Vielä Parhain Päin,,,,,,,,,,,,,,,,
Keyshia Cole,Down And Dirty,,,,,,,,,,,,,,,,
Casiotone For The Painfully Alone,Blue Corolla,,,,,,,,,,,,,,,,
Andrius Mamontovas,Kitą Kartą,,,,,,,,,,,,,,,,
Mortal Decay,Consumption,,,,,,,,,,,,,,,,
Mortal Love,In The Sun,,,,,,,,,,,,,,,,
Bonnie 'Prince' Billy,Then The Letting Go,,,,,,,,,,,,,,,,
Martha Wainwright,Tv Show,,,,,,,,,,,,,,,,
Dead Can Dance,Frontier,,,,,,,,,,,,,,,,
Llorca,Lights Behind Windows,,,,,,,,,,,,,,,,
Dabrye,D-Town Tabernacle Choir,,,,,,,,,,,,,,,,
Orange Juice,Louise Louise,,,,,,,,,,,,,,,,
The Black Crowes,Nonfiction,,,,,,,,,,,,,,,,
Optimystic,Best Thing In The World [Radio Mix],,,,,,,,,,,,,,,,
Plain White T'S,Fireworks,,,,,,,,,,,,,,,,
The Bronx,Cobra Lucha,,,,,,,,,,,,,,,,
Vivian Or Kazuma,Moment 〜Tv Edit〜,,,,,,,,,,,,,,,,
Disturbed,Criminal,,,,,,,,,,,,,,,,
Choking Victim,Infested,,,,,,,,,,,,,,,,
Biffy Clyro,Diary Of Always,,,,,,,,,,,,,,,,
Disturbed,Divide,,,,,,,,,,,,,,,,
Biffy Clyro,Solution Devices,,,,,,,,,,,,,,,,
Tarja Turunen,Poison,,,,,,,,,,,,,,,,
Orange Juice,Consolation Prize,,,,,,,,,,,,,,,,
Ludacris,The Potion,,,,,,,,,,,,,,,,
Man Man,Young Einstein On The Beach,,,,,,,,,,,,,,,,
Blind Guardian,Banish From Sanctuary,,,,,,,,,,,,,,,,
Orange Juice,Moscow,,,,,,,,,,,,,,,,
Box Car Racer,And I,,,,,,,,,,,,,,,,
Ani Difranco,Roll With It,,,,,,,,,,,,,,,,
Box Car Racer,Watch The World,,,,,,,,,,,,,,,,
Bowery Electric,Deep Sky Objects,,,,,,,,,,,,,,,,
Bowery Electric,Passages,,,,,,,,,,,,,,,,
Bowerbirds,In Our Talons,,,,,,,,,,,,,,,,
Stacie Orrico,Take Me Away,,,,,,,,,,,,,,,,
Limp Bizkit,Creamer (Radio Is Dead),,,,,,,,,,,,,,,,
Dottie Danger,Почва,,,,,,,,,,,,,,,,
Stabbing Westward,Why,,,,,,,,,,,,,,,,
Kid Dynamite,Bench Warmer,,,,,,,,,,,,,,,,
Rob Costlow,Oceans,,,,,,,,,,,,,,,,
Matt Pond Pa,Measure 3,,,,,,,,,,,,,,,,
Uh Huh Her,Not A Love Song,,,,,,,,,,,,,,,,
Ferry Corsten,Fire,,,,,,,,,,,,,,,,
Rancor,Dogma Punk,,,,,,,,,,,,,,,,
The Future Sound Of London,Quagmire,,,,,,,,,,,,,,,,
Rancid,Salvation,,,,,,,,,,,,,,,,
Orange Sector,Kalt Wie Stahl,,,,,,,,,,,,,,,,
The Broken West,Shiftee,,,,,,,,,,,,,,,,
The Broken West,So It Goes,,,,,,,,,,,,,,,,
West Coast Valerie,Official Theme Of Valerie (Minitel Rose Remix),,,,,,,,,,,,,,,,
Morrissey,Reader Meet Author,,,,,,,,,,,,,,,,
Matt Pond Pa,Foreign Bedrooms,0.8,0.4,0.0,0.6,0.6,0.2,0.8,0.6,0.0,0.2,0.0,0.0,0.2,0.2,0.6,0.0
Matt Pond Pa,Closer,,,,,,,,,,,,,,,,
Nancy Sinatra & Lee Hazlewood,Paris Summer,,,,,,,,,,,,,,,,
Goran Bregović,Ederlezi (Scena Durdevdana Na Rijeci),,,,,,,,,,,,,,,,
Napalm Death,Scum,,,,,,,,,,,,,,,,
Seeed,Walk Upright,,,,,,,,,,,,,,,,
Blind Melon,Dear Ol' Dad,,,,,,,,,,,,,,,,
Dispatch,Walk With You,,,,,,,,,,,,,,,,
The Black Crowes,Wounded Bird,,,,,,,,,,,,,,,,
Simon & Garfunkel,Leaves That Are Green,,,,,,,,,,,,,,,,
The Tear Garden,Ascension Day,,,,,,,,,,,,,,,,
The Black Crowes,Cursed Diamond,,,,,,,,,,,,,,,,
Bad Brains,How Low Can A Punk Get?,,,,,,,,,,,,,,,,
Dottie Danger,Leather Rebel (Judas Priest),,,,,,,,,,,,,,,,
Dead Can Dance,Orbis De Ignis,,,,,,,,,,,,,,,,
Lush,Leaves Me Cold,,,,,,,,,,,,,,,,
The Walkmen,Canadian Girl,0.8,0.6,0.0,0.4,0.8,0.4,0.0,0.0,0.0,0.6,0.0,0.0,0.4,0.2,0.6,0.0
The Birthday Party,Happy Birthday,,,,,,,,,,,,,,,,
Telefon Tel Aviv,Sound In A Dark Room,,,,,,,,,,,,,,,,
Working For A Nuclear Free City,Quiet Place,,,,,,,,,,,,,,,,
The Kinks,Powerman,,,,,,,,,,,,,,,,
Black Label Society,Electric Hellfire,,,,,,,,,,,,,,,,
St. Vincent,The Party,,,,,,,,,,,,,,,,
Rancid,As One,,,,,,,,,,,,,,,,
Boxcutter,Windfall,,,,,,,,,,,,,,,,
The Fray,Syndicate,,,,,,,,,,,,,,,,
Chris Clark,Umbilical Hut,,,,,,,,,,,,,,,,
Rancid,Corruption,,,,,,,,,,,,,,,,
Dead By April,Losing You,,,,,,,,,,,,,,,,
Telefon Tel Aviv,What It Was Will Never Again,,,,,,,,,,,,,,,,
Blue,Breathe Easy,,,,,,,,,,,,,,,,
Gorefest,When The Dead Walk The Earth,,,,,,,,,,,,,,,,
Juelz Santana,There It Go (The Whistle Song),,,,,,,,,,,,,,,,
Kid Sister,Girlie Rock,,,,,,,,,,,,,,,,
Chris De Burgh,Missing You,,,,,,,,,,,,,,,,
Dishwalla,Collide,,,,,,,,,,,,,,,,
Sublime,Greatest-Hits,,,,,,,,,,,,,,,,
Rob Dickinson,Handsome,,,,,,,,,,,,,,,,
Chris Cornell,Preaching The End Of The World,,,,,,,,,,,,,,,,
Ramones,We Want The Airwaves,,,,,,,,,,,,,,,,
Tunng,Engine Room,,,,,,,,,,,,,,,,
Atlas Sound,April 13,,,,,,,,,,,,,,,,
Doug Burr,Whippoorwill,,,,,,,,,,,,,,,,
Carpathian Forest,Martyr / Sacrificulum,,,,,,,,,,,,,,,,
The Kinks,Do You Remember Walter,,,,,,,,,,,,,,,,
Carpathian Forest,Intro - Damnation Chant,,,,,,,,,,,,,,,,
Carpathian Forest,Theme From Nekromantikk,,,,,,,,,,,,,,,,
Morning Runner,Hold Your Breath,,,,,,,,,,,,,,,,
Scout Niblett,Kidnapped By Neptune,,,,,,,,,,,,,,,,
Morning State,Push The Color,,,,,,,,,,,,,,,,
The Kinks,Too Much On My Mind,,,,,,,,,,,,,,,,
Embrace,No Use Crying,,,,,,,,,,,,,,,,
Kika,Tal Vez,,,,,,,,,,,,,,,,
Down,Hail The Leaf,,,,,,,,,,,,,,,,
Down,Lysergik Funeral Procession,,,,,,,,,,,,,,,,
Morgan,Tra 5 Min.,,,,,,,,,,,,,,,,
Triosk Meets Jan Jelinek,Munmorah,,,,,,,,,,,,,,,,
Atheist,The Formative Years,,,,,,,,,,,,,,,,
Atheist,Your Life'S Retribution,,,,,,,,,,,,,,,,
Nat King Cole,Nature Boy,,,,,,,,,,,,,,,,
Aterciopelados,Cancion Protesta,,,,,,,,,,,,,,,,
The Frames,The Side You Never Get To See,,,,,,,,,,,,,,,,
Opeth,The Twilight Is My Robe,,,,,,,,,,,,,,,,
Matt Pond Pa,Sunlight,,,,,,,,,,,,,,,,
Atheist,And The Psychic Saw,,,,,,,,,,,,,,,,
Ramones,Questioningly,,,,,,,,,,,,,,,,
Sublime,Krs-One,,,,,,,,,,,,,,,,
Natacha Atlas,I Put A Spell On You,,,,,,,,,,,,,,,,
The Frames,True,,,,,,,,,,,,,,,,
Embrace,A Glorious Day,,,,,,,,,,,,,,,,
Embrace,I Can'T Come Down,,,,,,,,,,,,,,,,
Sinéad O'Connor,The Emperor'S New Clothes,,,,,,,,,,,,,,,,
Sinéad O'Connor,Jump In The River,,,,,,,,,,,,,,,,
Rob Zombie,House Of 1000 Corpses,,,,,,,,,,,,,,,,
Matt Pond Pa,Locate The Pieces,,,,,,,,,,,,,,,,
Entombed,Left Hand Path,,,,,,,,,,,,,,,,
Her Space Holiday,The Luxury Of Loneliness,,,,,,,,,,,,,,,,
Euphoria,Little Gem,,,,,,,,,,,,,,,,
James Taylor,Her Town Too,,,,,,,,,,,,,,,,
Crystal Stilts,Graveyard Orbit,,,,,,,,,,,,,,,,
Archive,Seamless,,,,,,,,,,,,,,,,
Daedelus,Our Last Stand,,,,,,,,,,,,,,,,
Pain,Psalms Of Extinction,,,,,,,,,,,,,,,,
Pain Of Salvation,Ashes,,,,,,,,,,,,,,,,
Alela Diane,Pieces Of String,,,,,,,,,,,,,,,,
Alesana,Apology,,,,,,,,,,,,,,,,
Pain,Save Your Prayers,,,,,,,,,,,,,,,,
Bauhaus,Crowds,,,,,,,,,,,,,,,,
Plain White T'S,Tearin' Us Apart,,,,,,,,,,,,,,,,
Andrew W.K.,Free Jumps,,,,,,,,,,,,,,,,
Oppenheimer,Breakfast In Nyc,,,,,,,,,,,,,,,,
Archive,Now And Then,,,,,,,,,,,,,,,,
Pain,Walking On Glass,,,,,,,,,,,,,,,,
Archive,Organ Song,,,,,,,,,,,,,,,,
Archive,Old Artist,,,,,,,,,,,,,,,,
Thunderclap Newman,Something In The Air,,,,,,,,,,,,,,,,
Bonnie 'Prince' Billy,After I Made Love To You,,,,,,,,,,,,,,,,
Ramones,Love Kills,,,,,,,,,,,,,,,,
Gorilla Biscuits,Stand Still,,,,,,,,,,,,,,,,
Sublime,Live At E'S,,,,,,,,,,,,,,,,
Down,Learn From This Mistake,1.0,0.8,0.0,0.2,1.0,0.8,0.0,0.0,0.0,0.0,0.6,0.0,0.0,0.0,0.8,0.0
Judas Priest,Victim Of Changes,,,,,,,,,,,,,,,,
The Frames,Ship Caught In The Bay,,,,,,,,,,,,,,,,
Natalia Barbu,Fight (Live Eurovision Song Contest 2007 Final),,,,,,,,,,,,,,,,
Down,Losing All,,,,,,,,,,,,,,,,
Down,On March The Saints,,,,,,,,,,,,,,,,
Hooverphonic,Barabas,,,,,,,,,,,,,,,,
Andrew Lloyd Webber,Damned For All Time/Blood Money,,,,,,,,,,,,,,,,
Thunderbirds Are Now!,Cobra Feet,,,,,,,,,,,,,,,,
Subtle,A Tale Of Apes Ii,0.6,0.4,0.8,0.6,0.4,0.2,0.0,0.0,0.0,0.0,0.0,0.0,0.8,0.6,0.6,0.0
Disco Inferno,Summer'S Last Sound,,,,,,,,,,,,,,,,
Slipknot,The Blister Exists (Live),,,,,,,,,,,,,,,,
Discharge,Hear Nothing See Nothing Say Nothing,,,,,,,,,,,,,,,,
Elliott Smith,Lucky 3 Video - Thirteen (Big Star Cover),,,,,,,,,,,,,,,,
Robbie Williams,Ghosts,,,,,,,,,,,,,,,,
The Knife,Handy-Man (Tobias Von Hofsten Remix),,,,,,,,,,,,,,,,
Kill Hannah,Raining All The Time,,,,,,,,,,,,,,,,
Carlos Gardel,Por Una Cabeza,,,,,,,,,,,,,,,,
Pleasant Grove,Cone Equation,,,,,,,,,,,,,,,,
The Knife,Intro(Silent Shout Tour),,,,,,,,,,,,,,,,
Chris Rea,Winter Song,,,,,,,,,,,,,,,,
Pleasant Grove,We Made Our Way,,,,,,,,,,,,,,,,
Suburban Kids With Biblical Names,A Couple Of Instruments,,,,,,,,,,,,,,,,
Pleasant Grove,Impossible,,,,,,,,,,,,,,,,
Zabili Mi Żółwia,Dezerter,,,,,,,,,,,,,,,,
Aereogramme,Yes,,,,,,,,,,,,,,,,
Marsen Jules,Couer Saignant,,,,,,,,,,,,,,,,
The Used,On My Own,,,,,,,,,,,,,,,,
Blur,Gene By Gene,,,,,,,,,,,,,,,,
Wes Montgomery,D-Natural Blues,,,,,,,,,,,,,,,,
X-Ray Spex,Germfree Adolescents,,,,,,,,,,,,,,,,
The Bug,Angry (Feat. Tippa Irie),,,,,,,,,,,,,,,,
The Bug,Warning (Feat. Flowdan),,,,,,,,,,,,,,,,
Operation Ivy,Unity,,,,,,,,,,,,,,,,
The Klf,Justified And Ancient Seems A Long Time Ago,,,,,,,,,,,,,,,,
Jamie Cullum,Old Devil Moon,,,,,,,,,,,,,,,,
Rob Zombie,The Ballad Of Resurrection Joe And Rosa Whore,,,,,,,,,,,,,,,,
The Klf,3 A.M. Eternal (Live At The S.S.L.),,,,,,,,,,,,,,,,
Morgan,Amore Assurdo,,,,,,,,,,,,,,,,
Thingy,Mayday,,,,,,,,,,,,,,,,
Lillebjørn Nilsen,Fort Gjort Å Glemme,,,,,,,,,,,,,,,,
Slipknot,This Cold Black,,,,,,,,,,,,,,,,
Opeth,Serenity Painted Death,,,,,,,,,,,,,,,,
Ludacris,Blueberry Yum Yum (Feat. Sleepy Brown),,,,,,,,,,,,,,,,
The Brunettes,Summer Love,,,,,,,,,,,,,,,,
Morbid Angel,Rapture,,,,,,,,,,,,,,,,
Lucybell,Milagro,,,,,,,,,,,,,,,,
Thieves Like Us,Fass,,,,,,,,,,,,,,,,
Killing Joke,Europe,,,,,,,,,,,,,,,,
Thin Lizzy,Rosalie,,,,,,,,,,,,,,,,
Nathan Fake,The Sky Was Pink,,,,,,,,,,,,,,,,
Vnv Nation,Procession,,,,,,,,,,,,,,,,
Vetiver,Been So Long,,,,,,,,,,,,,,,,
Suede,Black Or Blue,,,,,,,,,,,,,,,,
Suburban Tribe,While The World Awaits,0.8,0.8,0.0,0.2,0.8,0.8,0.2,0.0,0.0,0.0,0.0,0.0,0.4,0.4,0.8,0.0
Suburban Tribe,Silent Rain,,,,,,,,,,,,,,,,
Natasha St-Pier,Nos Rendez-Vous,,,,,,,,,,,,,,,,
Opeth,The Moor,,,,,,,,,,,,,,,,
The Flashbulb,Passage D,,,,,,,,,,,,,,,,
Andrew Bird,The Privateers,,,,,,,,,,,,,,,,
2Pac,Ghetto Gospel,,,,,,,,,,,,,,,,
Benga,E Trips,,,,,,,,,,,,,,,,
Christian Death,Awake At The Wall,,,,,,,,,,,,,,,,
Slagsmålsklubben,His Morning Promenade,,,,,,,,,,,,,,,,
Slagsmålsklubben,Dysparennia,,,,,,,,,,,,,,,,
Boys Like Girls,Learning To Fall,0.8,0.4,0.0,0.2,0.8,0.4,0.6,0.0,0.0,0.0,0.0,0.0,0.0,0.0,0.8,0.0
Fatboy Slim,Retox,,,,,,,,,,,,,,,,
Nathan Fake,Dinamo,,,,,,,,,,,,,,,,
Morcheeba,Run Honey Run (Feat. Bradley),,,,,,,,,,,,,,,,
Abney Park,The Secret Life Of Dr. Calgori,,,,,,,,,,,,,,,,
Boys Like Girls,Up Against The Wall,,,,,,,,,,,,,,,,
Boys Like Girls,Broken Man,,,,,,,,,,,,,,,,
Ania,Zostań,,,,,,,,,,,,,,,,
Boy Omega,Golden Jaw,,,,,,,,,,,,,,,,
Irma Thomas,Time Is On My Side,,,,,,,,,,,,,,,,
Ania Dąbrowska,Pamiętać Chcę,,,,,,,,,,,,,,,,
Era,Ameno,,,,,,,,,,,,,,,,
Pain Of Salvation,Nauticus (Drifting),,,,,,,,,,,,,,,,
Hooverphonic,Revolver,,,,,,,,,,,,,,,,
Hooverphonic,Nr 9,,,,,,,,,,,,,,,,
Daedelus,Welcome Home (Feat. Mike Ladd),,,,,,,,,,,,,,,,
Wilco,Airline To Heaven,,,,,,,,,,,,,,,,
