========================================
Job ID       : 55336755
Array Task   : 12 / 16
Node         : uri-cpu078
Start        : Thu Apr  9 05:23:02 AM UTC 2026
Python       : /home/skandagatla_umass_edu/.conda/envs/698ds/bin/python
========================================
Selected features (16): ['Drum Set', 'Drum Aggressiveness', 'Synthetic Drums', 'Percussion', 'Electric Guitar', 'Electric Guitar Distortion', 'Acoustic Guitar', 'String Ensemble', 'Horn Ensemble', 'Piano', 'Organ', 'Rhodes', 'Synthesizer', 'Synth Timbre', 'Bass Guitar', 'Reed Instrument']
Seed annotations loaded: 5200 tracks (will be skipped in full generation)
Node 12/16
Total unique tracks to generate: 47805
Shard [35856:38844] - 2988 tracks
Failed for Kalmah - Heroes To Us: Error code: 429 - {'error': {'message': 'Too Many Requests', 'type': 'too_many_requests', 'param': None, 'code': 'too_many_requests'}}
0/2988 done
Failed for Kamelot - Edenecho: Error code: 429 - {'error': {'message': 'Too Many Requests', 'type': 'too_many_requests', 'param': None, 'code': 'too_many_requests'}}
Failed for The Flaming Lips - Plastic Jesus: Error code: 429 - {'error': {'message': 'Too Many Requests', 'type': 'too_many_requests', 'param': None, 'code': 'too_many_requests'}}
Failed for Guillemots - Get Over It: Error code: 429 - {'error': {'message': 'Too Many Requests', 'type': 'too_many_requests', 'param': None, 'code': 'too_many_requests'}}
Failed for Carla Bruni - Those Dancing Days Are Gone: Error code: 429 - {'error': {'message': 'Too Many Requests', 'type': 'too_many_requests', 'param': None, 'code': 'too_many_requests'}}
Failed for Kalmah - To The Gallows: Error code: 429 - {'error': {'message': 'Too Many Requests', 'type': 'too_many_requests', 'param': None, 'code': 'too_many_requests'}}
Failed for Guided By Voices - Evil Speakers: Error code: 429 - {'error': {'message': 'Too Many Requests', 'type': 'too_many_requests', 'param': None, 'code': 'too_many_requests'}}
Failed for Guillemots - Falling Out Of Reach: Error code: 429 - {'error': {'message': 'Too Many Requests', 'type': 'too_many_requests', 'param': None, 'code': 'too_many_requests'}}
Failed for Behemoth - Before The Æons Came: Error code: 429 - {'error': {'message': 'Too Many Requests', 'type': 'too_many_requests', 'param': None, 'code': 'too_many_requests'}}
Failed for My Dying Bride - Silent Dance: Error code: 429 - {'error': {'message': 'Too Many Requests', 'type': 'too_many_requests', 'param': None, 'code': 'too_many_requests'}}
Failed for The Flaming Lips - Turn It On: Error code: 429 - {'error': {'message': 'Too Many Requests', 'type': 'too_many_requests', 'param': None, 'code': 'too_many_requests'}}
Failed for Uverworld - －妙策号外Ｏｒｃｈｅｓｔｒａ－: Error code: 429 - {'error': {'message': 'Too Many Requests', 'type': 'too_many_requests', 'param': None, 'code': 'too_many_requests'}}
Failed for Aphex Twin - On: Error code: 429 - {'error': {'message': 'Too Many Requests', 'type': 'too_many_requests', 'param': None, 'code': 'too_many_requests'}}
Failed for Marilyn Manson - Apple Of Sodom: Error code: 429 - {'error': {'message': 'Too Many Requests', 'type': 'too_many_requests', 'param': None, 'code': 'too_many_requests'}}
Failed for Sebastian Waldejer - If I Could: Error code: 429 - {'error': {'message': 'Too Many Requests', 'type': 'too_many_requests', 'param': None, 'code': 'too_many_requests'}}
Failed for Uverworld - 神集め: Error code: 429 - {'error': {'message': 'Too Many Requests', 'type': 'too_many_requests', 'param': None, 'code': 'too_many_requests'}}
Failed for Christian Death - Resurrection - Sixth Communion: Error code: 429 - {'error': {'message': 'Too Many Requests', 'type': 'too_many_requests', 'param': None, 'code': 'too_many_requests'}}
Failed for Adam F - Circles: Error code: 429 - {'error': {'message': 'Too Many Requests', 'type': 'too_many_requests', 'param': None, 'code': 'too_many_requests'}}
Failed for Christian Death - Burnt Offerings: Error code: 429 - {'error': {'message': 'Too Many Requests', 'type': 'too_many_requests', 'param': None, 'code': 'too_many_requests'}}
Failed for Britney Spears - Piece Of Me (Tiësto Remix): Error code: 429 - {'error': {'message': 'Too Many Requests', 'type': 'too_many_requests', 'param': None, 'code': 'too_many_requests'}}
Failed for Toru Okada - Sacrine Leaves: Error code: 429 - {'error': {'message': 'Too Many Requests', 'type': 'too_many_requests', 'param': None, 'code': 'too_many_requests'}}
Failed for Hot Hot Heat - Let Me In: Error code: 429 - {'error': {'message': 'Too Many Requests', 'type': 'too_many_requests', 'param': None, 'code': 'too_many_requests'}}
Failed for Forget Cassettes - Lonely Does It: Error code: 429 - {'error': {'message': 'Too Many Requests', 'type': 'too_many_requests', 'param': None, 'code': 'too_many_requests'}}
Failed for Supergrass - She'S So Loose: Error code: 429 - {'error': {'message': 'Too Many Requests', 'type': 'too_many_requests', 'param': None, 'code': 'too_many_requests'}}
Failed for Santigold - I'M A Lady (Feat. Trouble Andrew): Error code: 429 - {'error': {'message': 'Too Many Requests', 'type': 'too_many_requests', 'param': None, 'code': 'too_many_requests'}}
Failed for Christian Death - Cervix Couch: Error code: 429 - {'error': {'message': 'Too Many Requests', 'type': 'too_many_requests', 'param': None, 'code': 'too_many_requests'}}
Failed for Activ - Visez: Error code: 429 - {'error': {'message': 'Too Many Requests', 'type': 'too_many_requests', 'param': None, 'code': 'too_many_requests'}}
Failed for Jeff Tweedy - Simple Twist Of Fate: Error code: 429 - {'error': {'message': 'Too Many Requests', 'type': 'too_many_requests', 'param': None, 'code': 'too_many_requests'}}
Failed for Dirty Vegas - Walk Into The Sun (Radio Edit): Error code: 429 - {'error': {'message': 'Too Many Requests', 'type': 'too_many_requests', 'param': None, 'code': 'too_many_requests'}}
Failed for Christian Death - Sleepwalk: Error code: 429 - {'error': {'message': 'Too Many Requests', 'type': 'too_many_requests', 'param': None, 'code': 'too_many_requests'}}
Failed for Avenged Sevenfold - Strength Of The World: Error code: 429 - {'error': {'message': 'Too Many Requests', 'type': 'too_many_requests', 'param': None, 'code': 'too_many_requests'}}
Failed for Lamb - Merge: Error code: 429 - {'error': {'message': 'Too Many Requests', 'type': 'too_many_requests', 'param': None, 'code': 'too_many_requests'}}
Failed for Tactical Sekt - Left For Dead: Error code: 429 - {'error': {'message': 'Too Many Requests', 'type': 'too_many_requests', 'param': None, 'code': 'too_many_requests'}}
Failed for Swod - Tucholskystr.34: Error code: 429 - {'error': {'message': 'Too Many Requests', 'type': 'too_many_requests', 'param': None, 'code': 'too_many_requests'}}
Failed for Avenged Sevenfold - Critical Acclaim: Error code: 429 - {'error': {'message': 'Too Many Requests', 'type': 'too_many_requests', 'param': None, 'code': 'too_many_requests'}}
Failed for Lamb - Learn: Error code: 429 - {'error': {'message': 'Too Many Requests', 'type': 'too_many_requests', 'param': None, 'code': 'too_many_requests'}}
Failed for Swod - Walz 57: Error code: 429 - {'error': {'message': 'Too Many Requests', 'type': 'too_many_requests', 'param': None, 'code': 'too_many_requests'}}
Failed for Supergrass - Rough Knuckles: Error code: 429 - {'error': {'message': 'Too Many Requests', 'type': 'too_many_requests', 'param': None, 'code': 'too_many_requests'}}
Failed for Delerium - Flowers Become Screens: Error code: 429 - {'error': {'message': 'Too Many Requests', 'type': 'too_many_requests', 'param': None, 'code': 'too_many_requests'}}
Failed for Duran Duran - All She Wants Is: Error code: 429 - {'error': {'message': 'Too Many Requests', 'type': 'too_many_requests', 'param': None, 'code': 'too_many_requests'}}
Failed for Jedi Mind Tricks - On The Eve Of War (Feat. Gza): Error code: 429 - {'error': {'message': 'Too Many Requests', 'type': 'too_many_requests', 'param': None, 'code': 'too_many_requests'}}
Failed for My Bloody Valentine - I Don'T Need You: Error code: 429 - {'error': {'message': 'Too Many Requests', 'type': 'too_many_requests', 'param': None, 'code': 'too_many_requests'}}
Failed for Robbie Williams & Nicole Kidman - Somethin' Stupid: Error code: 429 - {'error': {'message': 'Too Many Requests', 'type': 'too_many_requests', 'param': None, 'code': 'too_many_requests'}}
Failed for Gang Of Four - The Republic: Error code: 429 - {'error': {'message': 'Too Many Requests', 'type': 'too_many_requests', 'param': None, 'code': 'too_many_requests'}}
Failed for Steppenwolf - The Pusher: Error code: 429 - {'error': {'message': 'Too Many Requests', 'type': 'too_many_requests', 'param': None, 'code': 'too_many_requests'}}
Failed for Obituary - Infected: Error code: 429 - {'error': {'message': 'Too Many Requests', 'type': 'too_many_requests', 'param': None, 'code': 'too_many_requests'}}
Failed for As Blood Runs Black - Beneath The Surface: Error code: 429 - {'error': {'message': 'Too Many Requests', 'type': 'too_many_requests', 'param': None, 'code': 'too_many_requests'}}
Failed for Animal Collective - Native Belle: Error code: 429 - {'error': {'message': 'Too Many Requests', 'type': 'too_many_requests', 'param': None, 'code': 'too_many_requests'}}
Failed for Descendents - She Don'T Care: Error code: 429 - {'error': {'message': 'Too Many Requests', 'type': 'too_many_requests', 'param': None, 'code': 'too_many_requests'}}
Failed for Jedi Mind Tricks - Shadow Business: Error code: 429 - {'error': {'message': 'Too Many Requests', 'type': 'too_many_requests', 'param': None, 'code': 'too_many_requests'}}
Failed for Vangelis - Damask Rose: Error code: 429 - {'error': {'message': 'Too Many Requests', 'type': 'too_many_requests', 'param': None, 'code': 'too_many_requests'}}
Failed for Anthrax - Soldiers Of Metal: Error code: 429 - {'error': {'message': 'Too Many Requests', 'type': 'too_many_requests', 'param': None, 'code': 'too_many_requests'}}
Failed for Jedi Mind Tricks - Heavy Metal Kings (Feat. Ill Bill): Error code: 429 - {'error': {'message': 'Too Many Requests', 'type': 'too_many_requests', 'param': None, 'code': 'too_many_requests'}}
Failed for Electric Six - Jimmy Carter: Error code: 429 - {'error': {'message': 'Too Many Requests', 'type': 'too_many_requests', 'param': None, 'code': 'too_many_requests'}}
Failed for Jedi Mind Tricks - Put Em In The Grave: Error code: 429 - {'error': {'message': 'Too Many Requests', 'type': 'too_many_requests', 'param': None, 'code': 'too_many_requests'}}
Failed for 田中理恵 - Fields Of Hope: Error code: 429 - {'error': {'message': 'Too Many Requests', 'type': 'too_many_requests', 'param': None, 'code': 'too_many_requests'}}
Failed for Death - Open Casket: Error code: 429 - {'error': {'message': 'Too Many Requests', 'type': 'too_many_requests', 'param': None, 'code': 'too_many_requests'}}
Failed for Tears For Fears - I Choose You: Error code: 429 - {'error': {'message': 'Too Many Requests', 'type': 'too_many_requests', 'param': None, 'code': 'too_many_requests'}}
Failed for Oasis - Take Me Away: Error code: 429 - {'error': {'message': 'Too Many Requests', 'type': 'too_many_requests', 'param': None, 'code': 'too_many_requests'}}
Failed for Foals - The Race For Radio Supremacy: Error code: 429 - {'error': {'message': 'Too Many Requests', 'type': 'too_many_requests', 'param': None, 'code': 'too_many_requests'}}
Failed for The Used - Poetic Tragedy: Error code: 429 - {'error': {'message': 'Too Many Requests', 'type': 'too_many_requests', 'param': None, 'code': 'too_many_requests'}}
Failed for Foals - Big Big Love (Fig.1): Error code: 429 - {'error': {'message': 'Too Many Requests', 'type': 'too_many_requests', 'param': None, 'code': 'too_many_requests'}}
Failed for Guano Apes - Kiss The Dawn: Error code: 429 - {'error': {'message': 'Too Many Requests', 'type': 'too_many_requests', 'param': None, 'code': 'too_many_requests'}}
Failed for The Dears - The Way The World Treats You: Error code: 429 - {'error': {'message': 'Too Many Requests', 'type': 'too_many_requests', 'param': None, 'code': 'too_many_requests'}}
Failed for Ohgr - Earthworm: Error code: 429 - {'error': {'message': 'Too Many Requests', 'type': 'too_many_requests', 'param': None, 'code': 'too_many_requests'}}
Failed for Guano Apes - Break The Line: Error code: 429 - {'error': {'message': 'Too Many Requests', 'type': 'too_many_requests', 'param': None, 'code': 'too_many_requests'}}
Failed for Jay-Z - Lost Ones (Feat. Chrissette Michelle): Error code: 429 - {'error': {'message': 'Too Many Requests', 'type': 'too_many_requests', 'param': None, 'code': 'too_many_requests'}}
Failed for Quiet Village - Pillow Talk: Error code: 429 - {'error': {'message': 'Too Many Requests', 'type': 'too_many_requests', 'param': None, 'code': 'too_many_requests'}}
Failed for Quim Barreiros - Carvalho: Error code: 429 - {'error': {'message': 'Too Many Requests', 'type': 'too_many_requests', 'param': None, 'code': 'too_many_requests'}}
Failed for Guano Apes - Dödel Up: Error code: 429 - {'error': {'message': 'Too Many Requests', 'type': 'too_many_requests', 'param': None, 'code': 'too_many_requests'}}
Failed for Guano Apes - High: Error code: 429 - {'error': {'message': 'Too Many Requests', 'type': 'too_many_requests', 'param': None, 'code': 'too_many_requests'}}
Failed for Take That - Hold Up A Light: Error code: 429 - {'error': {'message': 'Too Many Requests', 'type': 'too_many_requests', 'param': None, 'code': 'too_many_requests'}}
Failed for Action Painting! - These Things Happen: Error code: 429 - {'error': {'message': 'Too Many Requests', 'type': 'too_many_requests', 'param': None, 'code': 'too_many_requests'}}
Failed for My Brightest Diamond - The Good & The Bad Guy: Error code: 429 - {'error': {'message': 'Too Many Requests', 'type': 'too_many_requests', 'param': None, 'code': 'too_many_requests'}}
Failed for The Primitives - Crash: Error code: 429 - {'error': {'message': 'Too Many Requests', 'type': 'too_many_requests', 'param': None, 'code': 'too_many_requests'}}
Failed for Ada - Cool My Fire (I'M Burning): Error code: 429 - {'error': {'message': 'Too Many Requests', 'type': 'too_many_requests', 'param': None, 'code': 'too_many_requests'}}
Failed for Britney Spears - Breathe On Me (Jacques Lu Cont'S Thin White Duke Mix): Error code: 429 - {'error': {'message': 'Too Many Requests', 'type': 'too_many_requests', 'param': None, 'code': 'too_many_requests'}}
Failed for Muscles - Hey Muscles I Love You: Error code: 429 - {'error': {'message': 'Too Many Requests', 'type': 'too_many_requests', 'param': None, 'code': 'too_many_requests'}}
Failed for Ada - The Red Shoes: Error code: 429 - {'error': {'message': 'Too Many Requests', 'type': 'too_many_requests', 'param': None, 'code': 'too_many_requests'}}
Failed for Muscles - Chocolate Raspberry Lemon & Lime: Error code: 429 - {'error': {'message': 'Too Many Requests', 'type': 'too_many_requests', 'param': None, 'code': 'too_many_requests'}}
Failed for Suburban Kids With Biblical Names - Marry Me: Error code: 429 - {'error': {'message': 'Too Many Requests', 'type': 'too_many_requests', 'param': None, 'code': 'too_many_requests'}}
Failed for Skinny Puppy - Who'S Laughing Now?: Error code: 429 - {'error': {'message': 'Too Many Requests', 'type': 'too_many_requests', 'param': None, 'code': 'too_many_requests'}}
Failed for Hot Snakes - I Hate The Kids: Error code: 429 - {'error': {'message': 'Too Many Requests', 'type': 'too_many_requests', 'param': None, 'code': 'too_many_requests'}}
Failed for Skinny Puppy - Yes He Ran: Error code: 429 - {'error': {'message': 'Too Many Requests', 'type': 'too_many_requests', 'param': None, 'code': 'too_many_requests'}}
Failed for My Bloody Valentine - Thorn: Error code: 429 - {'error': {'message': 'Too Many Requests', 'type': 'too_many_requests', 'param': None, 'code': 'too_many_requests'}}
Failed for Eminem - Still Don'T Give A Fuck: Error code: 429 - {'error': {'message': 'Too Many Requests', 'type': 'too_many_requests', 'param': None, 'code': 'too_many_requests'}}
Failed for Zz Top - Stages: Error code: 429 - {'error': {'message': 'Too Many Requests', 'type': 'too_many_requests', 'param': None, 'code': 'too_many_requests'}}
Failed for Eminem - When The Music Stop: Error code: 429 - {'error': {'message': 'Too Many Requests', 'type': 'too_many_requests', 'param': None, 'code': 'too_many_requests'}}
Failed for Skold - Neverland (Fuzzy Klub Mix I): Error code: 429 - {'error': {'message': 'Too Many Requests', 'type': 'too_many_requests', 'param': None, 'code': 'too_many_requests'}}
Failed for Thunderball - Vai Vai: Error code: 429 - {'error': {'message': 'Too Many Requests', 'type': 'too_many_requests', 'param': None, 'code': 'too_many_requests'}}
Failed for Jay-Jay Johanson - Far Away: Error code: 429 - {'error': {'message': 'Too Many Requests', 'type': 'too_many_requests', 'param': None, 'code': 'too_many_requests'}}
Failed for The Knife - Heartbeats(Silent Shout Tour): Error code: 429 - {'error': {'message': 'Too Many Requests', 'type': 'too_many_requests', 'param': None, 'code': 'too_many_requests'}}
Failed for R.E.M. - Endgame: Error code: 429 - {'error': {'message': 'Too Many Requests', 'type': 'too_many_requests', 'param': None, 'code': 'too_many_requests'}}
Failed for The Knife - Silent Shout (Williams Remix): Error code: 429 - {'error': {'message': 'Too Many Requests', 'type': 'too_many_requests', 'param': None, 'code': 'too_many_requests'}}
Failed for Colder - To The Music: Error code: 429 - {'error': {'message': 'Too Many Requests', 'type': 'too_many_requests', 'param': None, 'code': 'too_many_requests'}}
Failed for The Knife - Pass This On (M.A.N.D.Y. Remix): Error code: 429 - {'error': {'message': 'Too Many Requests', 'type': 'too_many_requests', 'param': None, 'code': 'too_many_requests'}}
Failed for Oh No Oh My - Jane Is Fat: Error code: 429 - {'error': {'message': 'Too Many Requests', 'type': 'too_many_requests', 'param': None, 'code': 'too_many_requests'}}
Failed for Groove Armada - What'S Your Version: Error code: 429 - {'error': {'message': 'Too Many Requests', 'type': 'too_many_requests', 'param': None, 'code': 'too_many_requests'}}
Failed for The Dead Milkmen - Nutrition: Error code: 429 - {'error': {'message': 'Too Many Requests', 'type': 'too_many_requests', 'param': None, 'code': 'too_many_requests'}}
Failed for The Knife - Marble House (Planningtorock Remix): Error code: 429 - {'error': {'message': 'Too Many Requests', 'type': 'too_many_requests', 'param': None, 'code': 'too_many_requests'}}
100/2988 done
Failed for Groove Armada - Healing: Error code: 429 - {'error': {'message': 'Too Many Requests', 'type': 'too_many_requests', 'param': None, 'code': 'too_many_requests'}}
Failed for Groove Armada - Be Careful What You Say: Error code: 429 - {'error': {'message': 'Too Many Requests', 'type': 'too_many_requests', 'param': None, 'code': 'too_many_requests'}}
Failed for The Who - The Dirty Jobs: Error code: 429 - {'error': {'message': 'Too Many Requests', 'type': 'too_many_requests', 'param': None, 'code': 'too_many_requests'}}
Failed for Ania Dąbrowska - Nie Ma Nic...: Error code: 429 - {'error': {'message': 'Too Many Requests', 'type': 'too_many_requests', 'param': None, 'code': 'too_many_requests'}}
Failed for Faithless - Muhammed Ali: Error code: 429 - {'error': {'message': 'Too Many Requests', 'type': 'too_many_requests', 'param': None, 'code': 'too_many_requests'}}
Failed for Apoptygma Berzerk - Stitch: Error code: 429 - {'error': {'message': 'Too Many Requests', 'type': 'too_many_requests', 'param': None, 'code': 'too_many_requests'}}
Failed for The Aquabats! - Nerd Alert!: Error code: 429 - {'error': {'message': 'Too Many Requests', 'type': 'too_many_requests', 'param': None, 'code': 'too_many_requests'}}
Failed for Lali Puna - Geography-5: Error code: 429 - {'error': {'message': 'Too Many Requests', 'type': 'too_many_requests', 'param': None, 'code': 'too_many_requests'}}
Failed for Robbie Williams - Things: Error code: 429 - {'error': {'message': 'Too Many Requests', 'type': 'too_many_requests', 'param': None, 'code': 'too_many_requests'}}
Failed for Jazzfinger - Shribble By The Shoals And Stepping Stones: Error code: 429 - {'error': {'message': 'Too Many Requests', 'type': 'too_many_requests', 'param': None, 'code': 'too_many_requests'}}
Failed for Michael Jackson - Is It Scary: Error code: 429 - {'error': {'message': 'Too Many Requests', 'type': 'too_many_requests', 'param': None, 'code': 'too_many_requests'}}
Failed for Peter Doherty - Albion: Error code: 429 - {'error': {'message': 'Too Many Requests', 'type': 'too_many_requests', 'param': None, 'code': 'too_many_requests'}}
Failed for Chris Montez - Let'S Dance: Error code: 429 - {'error': {'message': 'Too Many Requests', 'type': 'too_many_requests', 'param': None, 'code': 'too_many_requests'}}
Failed for Peter Doherty - Salome: Error code: 429 - {'error': {'message': 'Too Many Requests', 'type': 'too_many_requests', 'param': None, 'code': 'too_many_requests'}}
Failed for The Format - Career Day: Error code: 429 - {'error': {'message': 'Too Many Requests', 'type': 'too_many_requests', 'param': None, 'code': 'too_many_requests'}}
Failed for Chris Vrenna - Tweedle-Dee And Tweedle-Dum: Error code: 429 - {'error': {'message': 'Too Many Requests', 'type': 'too_many_requests', 'param': None, 'code': 'too_many_requests'}}
Failed for Howard Shore - The White Tree: Error code: 429 - {'error': {'message': 'Too Many Requests', 'type': 'too_many_requests', 'param': None, 'code': 'too_many_requests'}}
Failed for Rob Costlow - I Do: Error code: 429 - {'error': {'message': 'Too Many Requests', 'type': 'too_many_requests', 'param': None, 'code': 'too_many_requests'}}
Failed for Skinny Puppy - Knowhere?: Error code: 429 - {'error': {'message': 'Too Many Requests', 'type': 'too_many_requests', 'param': None, 'code': 'too_many_requests'}}
Failed for Ladytron - Playgirl (Felix Da Housecat Glitz Clubhead Mix): Error code: 429 - {'error': {'message': 'Too Many Requests', 'type': 'too_many_requests', 'param': None, 'code': 'too_many_requests'}}
Failed for Bonnie 'Prince' Billy - Lessons From What'S Poor: Error code: 429 - {'error': {'message': 'Too Many Requests', 'type': 'too_many_requests', 'param': None, 'code': 'too_many_requests'}}
Failed for A - Nothing: Error code: 429 - {'error': {'message': 'Too Many Requests', 'type': 'too_many_requests', 'param': None, 'code': 'too_many_requests'}}
Failed for Robbie Williams - Better Man: Error code: 429 - {'error': {'message': 'Too Many Requests', 'type': 'too_many_requests', 'param': None, 'code': 'too_many_requests'}}
Failed for The Chemical Brothers - Orange Wedge: Error code: 429 - {'error': {'message': 'Too Many Requests', 'type': 'too_many_requests', 'param': None, 'code': 'too_many_requests'}}
Failed for Ani Difranco - Two Little Girls: Error code: 429 - {'error': {'message': 'Too Many Requests', 'type': 'too_many_requests', 'param': None, 'code': 'too_many_requests'}}
Failed for Kate Bush - Delius (Song Of Summer): Error code: 429 - {'error': {'message': 'Too Many Requests', 'type': 'too_many_requests', 'param': None, 'code': 'too_many_requests'}}
Failed for Mujuice - Шелтер Шелтер: Error code: 429 - {'error': {'message': 'Too Many Requests', 'type': 'too_many_requests', 'param': None, 'code': 'too_many_requests'}}
Failed for The Who - Our Love Was: Error code: 429 - {'error': {'message': 'Too Many Requests', 'type': 'too_many_requests', 'param': None, 'code': 'too_many_requests'}}
Failed for Delroy Wilson - Golden Touch: Error code: 429 - {'error': {'message': 'Too Many Requests', 'type': 'too_many_requests', 'param': None, 'code': 'too_many_requests'}}
Failed for Coldcut - Aid Dealer: Error code: 429 - {'error': {'message': 'Too Many Requests', 'type': 'too_many_requests', 'param': None, 'code': 'too_many_requests'}}
Failed for Sparks - Talent Is An Asset: Error code: 429 - {'error': {'message': 'Too Many Requests', 'type': 'too_many_requests', 'param': None, 'code': 'too_many_requests'}}
Failed for Turning Point - Thursday: Error code: 429 - {'error': {'message': 'Too Many Requests', 'type': 'too_many_requests', 'param': None, 'code': 'too_many_requests'}}
Failed for Daddy Yankee - Impacto (Remix) (Feat. Fergie): Error code: 429 - {'error': {'message': 'Too Many Requests', 'type': 'too_many_requests', 'param': None, 'code': 'too_many_requests'}}
Failed for Katatonia - Had To (Leave): Error code: 429 - {'error': {'message': 'Too Many Requests', 'type': 'too_many_requests', 'param': None, 'code': 'too_many_requests'}}
Failed for Kat Deluna - Unstoppable (Feat. Lil Wayne): Error code: 429 - {'error': {'message': 'Too Many Requests', 'type': 'too_many_requests', 'param': None, 'code': 'too_many_requests'}}
Failed for Murder By Death - I'M Afraid Of Who'S Afraid Of Virginia Woolf: Error code: 429 - {'error': {'message': 'Too Many Requests', 'type': 'too_many_requests', 'param': None, 'code': 'too_many_requests'}}
Failed for Murderdolls - I Love To Say Fuck: Error code: 429 - {'error': {'message': 'Too Many Requests', 'type': 'too_many_requests', 'param': None, 'code': 'too_many_requests'}}
Failed for Kashmir - Rocket Brothers: Error code: 429 - {'error': {'message': 'Too Many Requests', 'type': 'too_many_requests', 'param': None, 'code': 'too_many_requests'}}
Failed for The Who - Sensation: Error code: 429 - {'error': {'message': 'Too Many Requests', 'type': 'too_many_requests', 'param': None, 'code': 'too_many_requests'}}
Failed for Akurat - Droga Długa Jest: Error code: 429 - {'error': {'message': 'Too Many Requests', 'type': 'too_many_requests', 'param': None, 'code': 'too_many_requests'}}
Failed for Electric Six - Radio Ga Ga: Error code: 429 - {'error': {'message': 'Too Many Requests', 'type': 'too_many_requests', 'param': None, 'code': 'too_many_requests'}}
Failed for Sneaker Pimps - Grazes: Error code: 429 - {'error': {'message': 'Too Many Requests', 'type': 'too_many_requests', 'param': None, 'code': 'too_many_requests'}}
Failed for Akufen - Heaven Can Wait: Error code: 429 - {'error': {'message': 'Too Many Requests', 'type': 'too_many_requests', 'param': None, 'code': 'too_many_requests'}}
Failed for Kate Bush - Moving: Error code: 429 - {'error': {'message': 'Too Many Requests', 'type': 'too_many_requests', 'param': None, 'code': 'too_many_requests'}}
Failed for Toru Okada - A Graveled Street: Error code: 429 - {'error': {'message': 'Too Many Requests', 'type': 'too_many_requests', 'param': None, 'code': 'too_many_requests'}}
Failed for Jawbreaker - Oyster: Error code: 429 - {'error': {'message': 'Too Many Requests', 'type': 'too_many_requests', 'param': None, 'code': 'too_many_requests'}}
Failed for The Knife - Manhood: Error code: 429 - {'error': {'message': 'Too Many Requests', 'type': 'too_many_requests', 'param': None, 'code': 'too_many_requests'}}
Failed for Anthrax - Keep It In The Family: Error code: 429 - {'error': {'message': 'Too Many Requests', 'type': 'too_many_requests', 'param': None, 'code': 'too_many_requests'}}
Failed for Jay Reatard - Death Is Forming: Error code: 429 - {'error': {'message': 'Too Many Requests', 'type': 'too_many_requests', 'param': None, 'code': 'too_many_requests'}}
Failed for Chris Lake Feat. Nastala - Changes: Error code: 429 - {'error': {'message': 'Too Many Requests', 'type': 'too_many_requests', 'param': None, 'code': 'too_many_requests'}}
Failed for Jay Reatard - It'S So Easy: Error code: 429 - {'error': {'message': 'Too Many Requests', 'type': 'too_many_requests', 'param': None, 'code': 'too_many_requests'}}
Failed for Jawbreaker - Lurker Ii: Dark Son Of Night: Error code: 429 - {'error': {'message': 'Too Many Requests', 'type': 'too_many_requests', 'param': None, 'code': 'too_many_requests'}}
Failed for Jay Gordon - Slept So Long: Error code: 429 - {'error': {'message': 'Too Many Requests', 'type': 'too_many_requests', 'param': None, 'code': 'too_many_requests'}}
Failed for Pete & The Pirates - She Doesn'T Belong To Me: Error code: 429 - {'error': {'message': 'Too Many Requests', 'type': 'too_many_requests', 'param': None, 'code': 'too_many_requests'}}
Failed for The Frames - Rise: Error code: 429 - {'error': {'message': 'Too Many Requests', 'type': 'too_many_requests', 'param': None, 'code': 'too_many_requests'}}
Failed for Secondhand Serenade - Your Call: Error code: 429 - {'error': {'message': 'Too Many Requests', 'type': 'too_many_requests', 'param': None, 'code': 'too_many_requests'}}
Failed for Maps - Lost My Soul: Error code: 429 - {'error': {'message': 'Too Many Requests', 'type': 'too_many_requests', 'param': None, 'code': 'too_many_requests'}}
Failed for Lou Reed - How Do You Think It Feels: Error code: 429 - {'error': {'message': 'Too Many Requests', 'type': 'too_many_requests', 'param': None, 'code': 'too_many_requests'}}
Failed for The Beatles - Besame Mucho: Error code: 429 - {'error': {'message': 'Too Many Requests', 'type': 'too_many_requests', 'param': None, 'code': 'too_many_requests'}}
Failed for The Beatles - Come Together / Dear Prudence / Cry Baby Cry (Transition): Error code: 429 - {'error': {'message': 'Too Many Requests', 'type': 'too_many_requests', 'param': None, 'code': 'too_many_requests'}}
Failed for The Agnostic Mountain Gospel Choir - Go Back Home: Error code: 429 - {'error': {'message': 'Too Many Requests', 'type': 'too_many_requests', 'param': None, 'code': 'too_many_requests'}}
Failed for Maná - Pobre Juan: Error code: 429 - {'error': {'message': 'Too Many Requests', 'type': 'too_many_requests', 'param': None, 'code': 'too_many_requests'}}
Failed for Diary Of Dreams - The Plague: Error code: 429 - {'error': {'message': 'Too Many Requests', 'type': 'too_many_requests', 'param': None, 'code': 'too_many_requests'}}
Failed for Maná - Relax: Error code: 429 - {'error': {'message': 'Too Many Requests', 'type': 'too_many_requests', 'param': None, 'code': 'too_many_requests'}}
Failed for Kate Bush - Somewhere In Between: Error code: 429 - {'error': {'message': 'Too Many Requests', 'type': 'too_many_requests', 'param': None, 'code': 'too_many_requests'}}
Failed for Bishop Allen - Butterfly Nets: Error code: 429 - {'error': {'message': 'Too Many Requests', 'type': 'too_many_requests', 'param': None, 'code': 'too_many_requests'}}
Failed for Atreyu - Bleeding Mascara: Error code: 429 - {'error': {'message': 'Too Many Requests', 'type': 'too_many_requests', 'param': None, 'code': 'too_many_requests'}}
Failed for Dave Gahan - Miracles: Error code: 429 - {'error': {'message': 'Too Many Requests', 'type': 'too_many_requests', 'param': None, 'code': 'too_many_requests'}}
Failed for Dave Edmunds - Git It: Error code: 429 - {'error': {'message': 'Too Many Requests', 'type': 'too_many_requests', 'param': None, 'code': 'too_many_requests'}}
Failed for Stellastarr* - Love And Longing: Error code: 429 - {'error': {'message': 'Too Many Requests', 'type': 'too_many_requests', 'param': None, 'code': 'too_many_requests'}}
Failed for Feel - Jak Anioła Głos: Error code: 429 - {'error': {'message': 'Too Many Requests', 'type': 'too_many_requests', 'param': None, 'code': 'too_many_requests'}}
Failed for R.E.M. - Harborcoat: Error code: 429 - {'error': {'message': 'Too Many Requests', 'type': 'too_many_requests', 'param': None, 'code': 'too_many_requests'}}
Failed for Dogs Die In Hot Cars - Lounger: Error code: 429 - {'error': {'message': 'Too Many Requests', 'type': 'too_many_requests', 'param': None, 'code': 'too_many_requests'}}
Failed for Sarah Brightman - Beautiful: Error code: 429 - {'error': {'message': 'Too Many Requests', 'type': 'too_many_requests', 'param': None, 'code': 'too_many_requests'}}
Failed for Coldplay - Lost! (Feat. Jay-Z): Error code: 429 - {'error': {'message': 'Too Many Requests', 'type': 'too_many_requests', 'param': None, 'code': 'too_many_requests'}}
Failed for Sick Terror - Boicote-Me Por Favor: Error code: 429 - {'error': {'message': 'Too Many Requests', 'type': 'too_many_requests', 'param': None, 'code': 'too_many_requests'}}
Failed for Escape The Fate - Not Good Enough For Truth In Cliche: Error code: 429 - {'error': {'message': 'Too Many Requests', 'type': 'too_many_requests', 'param': None, 'code': 'too_many_requests'}}
Failed for Okkervil River - Westfall: Error code: 429 - {'error': {'message': 'Too Many Requests', 'type': 'too_many_requests', 'param': None, 'code': 'too_many_requests'}}
Failed for Tony Moran Feat. Kristine W. - Walk Away (Tony Moran & Warren Rigg Evolution Radio - Intro): Error code: 429 - {'error': {'message': 'Too Many Requests', 'type': 'too_many_requests', 'param': None, 'code': 'too_many_requests'}}
Failed for Okkervil River - Blanket And Crib: Error code: 429 - {'error': {'message': 'Too Many Requests', 'type': 'too_many_requests', 'param': None, 'code': 'too_many_requests'}}
Failed for Skream - Colourful: Error code: 429 - {'error': {'message': 'Too Many Requests', 'type': 'too_many_requests', 'param': None, 'code': 'too_many_requests'}}
Failed for Tori Amos - Hotel: Error code: 429 - {'error': {'message': 'Too Many Requests', 'type': 'too_many_requests', 'param': None, 'code': 'too_many_requests'}}
Failed for Dave Matthews Band - Dancing Nancies: Error code: 429 - {'error': {'message': 'Too Many Requests', 'type': 'too_many_requests', 'param': None, 'code': 'too_many_requests'}}
Failed for Testament - Eyes Of Wrath: Error code: 429 - {'error': {'message': 'Too Many Requests', 'type': 'too_many_requests', 'param': None, 'code': 'too_many_requests'}}
Failed for Carly Simon - Let The River Run: Error code: 429 - {'error': {'message': 'Too Many Requests', 'type': 'too_many_requests', 'param': None, 'code': 'too_many_requests'}}
Failed for Hypocrisy - Compulsive Psychosis: Error code: 429 - {'error': {'message': 'Too Many Requests', 'type': 'too_many_requests', 'param': None, 'code': 'too_many_requests'}}
Failed for Pet Shop Boys - Integral: Error code: 429 - {'error': {'message': 'Too Many Requests', 'type': 'too_many_requests', 'param': None, 'code': 'too_many_requests'}}
Failed for Flying Lotus - Auntie'S Harp: Error code: 429 - {'error': {'message': 'Too Many Requests', 'type': 'too_many_requests', 'param': None, 'code': 'too_many_requests'}}
Failed for Love - Bummer In The Summer: Error code: 429 - {'error': {'message': 'Too Many Requests', 'type': 'too_many_requests', 'param': None, 'code': 'too_many_requests'}}
Failed for Love - You Set The Scene: Error code: 429 - {'error': {'message': 'Too Many Requests', 'type': 'too_many_requests', 'param': None, 'code': 'too_many_requests'}}
Failed for The Used - Greener With The Scenery: Error code: 429 - {'error': {'message': 'Too Many Requests', 'type': 'too_many_requests', 'param': None, 'code': 'too_many_requests'}}
Failed for Sarah Mclachlan - Ice Cream: Error code: 429 - {'error': {'message': 'Too Many Requests', 'type': 'too_many_requests', 'param': None, 'code': 'too_many_requests'}}
Failed for Louise Attaque - Ton Invitation: Error code: 429 - {'error': {'message': 'Too Many Requests', 'type': 'too_many_requests', 'param': None, 'code': 'too_many_requests'}}
Failed for Louis Xiv - Hey Teacher: Error code: 429 - {'error': {'message': 'Too Many Requests', 'type': 'too_many_requests', 'param': None, 'code': 'too_many_requests'}}
Failed for Muchy - Miasto Doznań: Error code: 429 - {'error': {'message': 'Too Many Requests', 'type': 'too_many_requests', 'param': None, 'code': 'too_many_requests'}}
200/2988 done
Failed for Anathema - Far Away: Error code: 429 - {'error': {'message': 'Too Many Requests', 'type': 'too_many_requests', 'param': None, 'code': 'too_many_requests'}}
Failed for Anathema - Alternative 4: Error code: 429 - {'error': {'message': 'Too Many Requests', 'type': 'too_many_requests', 'param': None, 'code': 'too_many_requests'}}
Failed for Mstrkrft - Vuvuvu: Error code: 429 - {'error': {'message': 'Too Many Requests', 'type': 'too_many_requests', 'param': None, 'code': 'too_many_requests'}}
Failed for Kathleen Edwards - In State: Error code: 429 - {'error': {'message': 'Too Many Requests', 'type': 'too_many_requests', 'param': None, 'code': 'too_many_requests'}}
Failed for Katie Melua - Call Off The Search: Error code: 429 - {'error': {'message': 'Too Many Requests', 'type': 'too_many_requests', 'param': None, 'code': 'too_many_requests'}}
Failed for Mujuice - Sleza Olenia Shitayshego Sebia Severnim Siyaniem: Error code: 429 - {'error': {'message': 'Too Many Requests', 'type': 'too_many_requests', 'param': None, 'code': 'too_many_requests'}}
Failed for Lady Gaga - Fashion: Error code: 429 - {'error': {'message': 'Too Many Requests', 'type': 'too_many_requests', 'param': None, 'code': 'too_many_requests'}}
Failed for Kate Nash - Fluorescent Adolescent: Error code: 429 - {'error': {'message': 'Too Many Requests', 'type': 'too_many_requests', 'param': None, 'code': 'too_many_requests'}}
Failed for Bonnie 'Prince' Billy - Rich Wife Full Of Happiness: Error code: 429 - {'error': {'message': 'Too Many Requests', 'type': 'too_many_requests', 'param': None, 'code': 'too_many_requests'}}
Failed for Lady Sovereign - Blah Blah: Error code: 429 - {'error': {'message': 'Too Many Requests', 'type': 'too_many_requests', 'param': None, 'code': 'too_many_requests'}}
Failed for ᛬ᚻᛖᛚᚱᚢᚾᚨᚱ᛬ - Frostnacht: Error code: 429 - {'error': {'message': 'Too Many Requests', 'type': 'too_many_requests', 'param': None, 'code': 'too_many_requests'}}
Failed for Lacuna Coil - 1.19: Error code: 429 - {'error': {'message': 'Too Many Requests', 'type': 'too_many_requests', 'param': None, 'code': 'too_many_requests'}}
Failed for Coldplay - Only Superstition: Error code: 429 - {'error': {'message': 'Too Many Requests', 'type': 'too_many_requests', 'param': None, 'code': 'too_many_requests'}}
Failed for Cartel - Write This Down: Error code: 429 - {'error': {'message': 'Too Many Requests', 'type': 'too_many_requests', 'param': None, 'code': 'too_many_requests'}}
Failed for Lacuna Coil - Circle: Error code: 429 - {'error': {'message': 'Too Many Requests', 'type': 'too_many_requests', 'param': None, 'code': 'too_many_requests'}}
Failed for Coldplay - Rainy Day: Error code: 429 - {'error': {'message': 'Too Many Requests', 'type': 'too_many_requests', 'param': None, 'code': 'too_many_requests'}}
Failed for Carry On - Roll With The Punches: Error code: 429 - {'error': {'message': 'Too Many Requests', 'type': 'too_many_requests', 'param': None, 'code': 'too_many_requests'}}
Failed for The Kinks - Strangers: Error code: 429 - {'error': {'message': 'Too Many Requests', 'type': 'too_many_requests', 'param': None, 'code': 'too_many_requests'}}
Failed for The Kinks - Supersonic Rocket Ship: Error code: 429 - {'error': {'message': 'Too Many Requests', 'type': 'too_many_requests', 'param': None, 'code': 'too_many_requests'}}
Failed for Hypocrisy - Paradox: Error code: 429 - {'error': {'message': 'Too Many Requests', 'type': 'too_many_requests', 'param': None, 'code': 'too_many_requests'}}
Failed for Jason Collett - Papercut Hearts: Error code: 429 - {'error': {'message': 'Too Many Requests', 'type': 'too_many_requests', 'param': None, 'code': 'too_many_requests'}}
Failed for Hypocrisy - Killing Art: Error code: 429 - {'error': {'message': 'Too Many Requests', 'type': 'too_many_requests', 'param': None, 'code': 'too_many_requests'}}
Failed for Rob Zombie - 100 Ways: Error code: 429 - {'error': {'message': 'Too Many Requests', 'type': 'too_many_requests', 'param': None, 'code': 'too_many_requests'}}
Failed for Mr. Bungle - Violenza Domestica: Error code: 429 - {'error': {'message': 'Too Many Requests', 'type': 'too_many_requests', 'param': None, 'code': 'too_many_requests'}}
Failed for Bright Eyes - Spent On Rainy Days: Error code: 429 - {'error': {'message': 'Too Many Requests', 'type': 'too_many_requests', 'param': None, 'code': 'too_many_requests'}}
Failed for Kavinsky - Testarossa Nightdrive: Error code: 429 - {'error': {'message': 'Too Many Requests', 'type': 'too_many_requests', 'param': None, 'code': 'too_many_requests'}}
Failed for Gary Numan - A Question Of Faith: Error code: 429 - {'error': {'message': 'Too Many Requests', 'type': 'too_many_requests', 'param': None, 'code': 'too_many_requests'}}
Failed for Craig Armstrong - Finding Beauty: Error code: 429 - {'error': {'message': 'Too Many Requests', 'type': 'too_many_requests', 'param': None, 'code': 'too_many_requests'}}
Failed for Jane'S Addiction - Three Days: Error code: 429 - {'error': {'message': 'Too Many Requests', 'type': 'too_many_requests', 'param': None, 'code': 'too_many_requests'}}
Failed for Greenskeepers - Filipino Phil: Error code: 429 - {'error': {'message': 'Too Many Requests', 'type': 'too_many_requests', 'param': None, 'code': 'too_many_requests'}}
Failed for W.A.S.P. - On Your Knees: Error code: 429 - {'error': {'message': 'Too Many Requests', 'type': 'too_many_requests', 'param': None, 'code': 'too_many_requests'}}
Failed for Mr. Bungle - Egg: Error code: 429 - {'error': {'message': 'Too Many Requests', 'type': 'too_many_requests', 'param': None, 'code': 'too_many_requests'}}
Failed for The Alan Parsons Project - Sirius: Error code: 429 - {'error': {'message': 'Too Many Requests', 'type': 'too_many_requests', 'param': None, 'code': 'too_many_requests'}}
Failed for Tim Hecker - Harmony In Blue I: Error code: 429 - {'error': {'message': 'Too Many Requests', 'type': 'too_many_requests', 'param': None, 'code': 'too_many_requests'}}
Failed for Bright Eyes - Touch: Error code: 429 - {'error': {'message': 'Too Many Requests', 'type': 'too_many_requests', 'param': None, 'code': 'too_many_requests'}}
Failed for The Who - Fiddle About: Error code: 429 - {'error': {'message': 'Too Many Requests', 'type': 'too_many_requests', 'param': None, 'code': 'too_many_requests'}}
Failed for Jason Mraz - Love For A Child: Error code: 429 - {'error': {'message': 'Too Many Requests', 'type': 'too_many_requests', 'param': None, 'code': 'too_many_requests'}}
Failed for Jarvis Cocker - I Can'T Forget: Error code: 429 - {'error': {'message': 'Too Many Requests', 'type': 'too_many_requests', 'param': None, 'code': 'too_many_requests'}}
Failed for Feeder - Miss You: Error code: 429 - {'error': {'message': 'Too Many Requests', 'type': 'too_many_requests', 'param': None, 'code': 'too_many_requests'}}
Failed for Kate Voegele - One Way Or Another: Error code: 429 - {'error': {'message': 'Too Many Requests', 'type': 'too_many_requests', 'param': None, 'code': 'too_many_requests'}}
Failed for Mudvayne - Not Falling: Error code: 429 - {'error': {'message': 'Too Many Requests', 'type': 'too_many_requests', 'param': None, 'code': 'too_many_requests'}}
Failed for Anathema - The Silent Enigma: Error code: 429 - {'error': {'message': 'Too Many Requests', 'type': 'too_many_requests', 'param': None, 'code': 'too_many_requests'}}
Failed for Tenhi - Vähäinen Violetissa: Error code: 429 - {'error': {'message': 'Too Many Requests', 'type': 'too_many_requests', 'param': None, 'code': 'too_many_requests'}}
Failed for Mujuice - Dampdemo: Error code: 429 - {'error': {'message': 'Too Many Requests', 'type': 'too_many_requests', 'param': None, 'code': 'too_many_requests'}}
Failed for Tenhi - Viimeiseen: Error code: 429 - {'error': {'message': 'Too Many Requests', 'type': 'too_many_requests', 'param': None, 'code': 'too_many_requests'}}
Failed for Kate Voegele - Only Fooling Myself: Error code: 429 - {'error': {'message': 'Too Many Requests', 'type': 'too_many_requests', 'param': None, 'code': 'too_many_requests'}}
Failed for Jan Jelinek - Moiré (Strings): Error code: 429 - {'error': {'message': 'Too Many Requests', 'type': 'too_many_requests', 'param': None, 'code': 'too_many_requests'}}
Failed for Pelican - Aurora Borealis: Error code: 429 - {'error': {'message': 'Too Many Requests', 'type': 'too_many_requests', 'param': None, 'code': 'too_many_requests'}}
Failed for Pelican - City Of Echoes: Error code: 429 - {'error': {'message': 'Too Many Requests', 'type': 'too_many_requests', 'param': None, 'code': 'too_many_requests'}}
Failed for Alkaline Trio - You'Re Dead: Error code: 429 - {'error': {'message': 'Too Many Requests', 'type': 'too_many_requests', 'param': None, 'code': 'too_many_requests'}}
Failed for Demi Lovato - Party: Error code: 429 - {'error': {'message': 'Too Many Requests', 'type': 'too_many_requests', 'param': None, 'code': 'too_many_requests'}}
Failed for Ra Ra Riot - Run My Mouth: Error code: 429 - {'error': {'message': 'Too Many Requests', 'type': 'too_many_requests', 'param': None, 'code': 'too_many_requests'}}
Failed for R.E.M. - Radio Song: Error code: 429 - {'error': {'message': 'Too Many Requests', 'type': 'too_many_requests', 'param': None, 'code': 'too_many_requests'}}
Failed for Grendel - Harsh Generation: Error code: 429 - {'error': {'message': 'Too Many Requests', 'type': 'too_many_requests', 'param': None, 'code': 'too_many_requests'}}
Failed for Emilíana Torrini - If You Go Away: Error code: 429 - {'error': {'message': 'Too Many Requests', 'type': 'too_many_requests', 'param': None, 'code': 'too_many_requests'}}
Failed for Emilíana Torrini - Fireheads: Error code: 429 - {'error': {'message': 'Too Many Requests', 'type': 'too_many_requests', 'param': None, 'code': 'too_many_requests'}}
Failed for Shugo Tokumaru - Parachute: Error code: 429 - {'error': {'message': 'Too Many Requests', 'type': 'too_many_requests', 'param': None, 'code': 'too_many_requests'}}
Failed for Bad Religion - Generator: Error code: 429 - {'error': {'message': 'Too Many Requests', 'type': 'too_many_requests', 'param': None, 'code': 'too_many_requests'}}
Failed for Daughtry - There And Back Again: Error code: 429 - {'error': {'message': 'Too Many Requests', 'type': 'too_many_requests', 'param': None, 'code': 'too_many_requests'}}
Failed for Demarco - Duppy Know Who Fi Frighten: Error code: 429 - {'error': {'message': 'Too Many Requests', 'type': 'too_many_requests', 'param': None, 'code': 'too_many_requests'}}
Failed for The Aislers Set - Hit The Snow: Error code: 429 - {'error': {'message': 'Too Many Requests', 'type': 'too_many_requests', 'param': None, 'code': 'too_many_requests'}}
Failed for Anberlin - Love Song: Error code: 429 - {'error': {'message': 'Too Many Requests', 'type': 'too_many_requests', 'param': None, 'code': 'too_many_requests'}}
Failed for William Shatner - Common People (Feat. Joe Jackson): Error code: 429 - {'error': {'message': 'Too Many Requests', 'type': 'too_many_requests', 'param': None, 'code': 'too_many_requests'}}
Failed for Mouse On Mars - Download Sofist: Error code: 429 - {'error': {'message': 'Too Many Requests', 'type': 'too_many_requests', 'param': None, 'code': 'too_many_requests'}}
Failed for Fluke - Zion: Error code: 429 - {'error': {'message': 'Too Many Requests', 'type': 'too_many_requests', 'param': None, 'code': 'too_many_requests'}}
Failed for Pere Ubu - Over My Head: Error code: 429 - {'error': {'message': 'Too Many Requests', 'type': 'too_many_requests', 'param': None, 'code': 'too_many_requests'}}
Failed for Fluke - Absurd: Error code: 429 - {'error': {'message': 'Too Many Requests', 'type': 'too_many_requests', 'param': None, 'code': 'too_many_requests'}}
Failed for Ted Leo And The Pharmacists - Hearts Of Oak: Error code: 429 - {'error': {'message': 'Too Many Requests', 'type': 'too_many_requests', 'param': None, 'code': 'too_many_requests'}}
Failed for The Bird And The Bee - My Love: Error code: 429 - {'error': {'message': 'Too Many Requests', 'type': 'too_many_requests', 'param': None, 'code': 'too_many_requests'}}
Failed for Flying Lotus - Auntie'S Lock/Infinitium (Feat. Laura Darlington): Error code: 429 - {'error': {'message': 'Too Many Requests', 'type': 'too_many_requests', 'param': None, 'code': 'too_many_requests'}}
Failed for Bluetech - Prayers For The Rain (In Dub): Error code: 429 - {'error': {'message': 'Too Many Requests', 'type': 'too_many_requests', 'param': None, 'code': 'too_many_requests'}}
Failed for The Submarines - Vote: Error code: 429 - {'error': {'message': 'Too Many Requests', 'type': 'too_many_requests', 'param': None, 'code': 'too_many_requests'}}
Failed for Rob Dougan - Clubbed To Death (Kurayamino Mix): Error code: 429 - {'error': {'message': 'Too Many Requests', 'type': 'too_many_requests', 'param': None, 'code': 'too_many_requests'}}
Failed for Daedelus - Bahia: Error code: 429 - {'error': {'message': 'Too Many Requests', 'type': 'too_many_requests', 'param': None, 'code': 'too_many_requests'}}
Failed for 16 Horsepower - Splinters: Error code: 429 - {'error': {'message': 'Too Many Requests', 'type': 'too_many_requests', 'param': None, 'code': 'too_many_requests'}}
Failed for 16 Horsepower - Silver Saddle: Error code: 429 - {'error': {'message': 'Too Many Requests', 'type': 'too_many_requests', 'param': None, 'code': 'too_many_requests'}}
Failed for Flykkiller - Peroxide: Error code: 429 - {'error': {'message': 'Too Many Requests', 'type': 'too_many_requests', 'param': None, 'code': 'too_many_requests'}}
Failed for Third Eye Blind - Wounded: Error code: 429 - {'error': {'message': 'Too Many Requests', 'type': 'too_many_requests', 'param': None, 'code': 'too_many_requests'}}
Failed for Biffy Clyro - Love Has A Diameter: Error code: 429 - {'error': {'message': 'Too Many Requests', 'type': 'too_many_requests', 'param': None, 'code': 'too_many_requests'}}
Failed for Kelly Clarkson - Judas: Error code: 429 - {'error': {'message': 'Too Many Requests', 'type': 'too_many_requests', 'param': None, 'code': 'too_many_requests'}}
Failed for Apostle Of Hustle - Chances Are: Error code: 429 - {'error': {'message': 'Too Many Requests', 'type': 'too_many_requests', 'param': None, 'code': 'too_many_requests'}}
Failed for Low - Silver Rider: Error code: 429 - {'error': {'message': 'Too Many Requests', 'type': 'too_many_requests', 'param': None, 'code': 'too_many_requests'}}
Failed for Motörhead - On Your Feet Or On Your Knees: Error code: 429 - {'error': {'message': 'Too Many Requests', 'type': 'too_many_requests', 'param': None, 'code': 'too_many_requests'}}
Failed for Dark Tranquillity - Fabric: Error code: 429 - {'error': {'message': 'Too Many Requests', 'type': 'too_many_requests', 'param': None, 'code': 'too_many_requests'}}
Failed for Manu Chao - El Hoyo: Error code: 429 - {'error': {'message': 'Too Many Requests', 'type': 'too_many_requests', 'param': None, 'code': 'too_many_requests'}}
Failed for Manowar - I Believe: Error code: 429 - {'error': {'message': 'Too Many Requests', 'type': 'too_many_requests', 'param': None, 'code': 'too_many_requests'}}
Failed for Green Day - Armatage Shanks: Error code: 429 - {'error': {'message': 'Too Many Requests', 'type': 'too_many_requests', 'param': None, 'code': 'too_many_requests'}}
Failed for The Submarines - Clouds: Error code: 429 - {'error': {'message': 'Too Many Requests', 'type': 'too_many_requests', 'param': None, 'code': 'too_many_requests'}}
Failed for Colleen - Floating In The Clearest Night: Error code: 429 - {'error': {'message': 'Too Many Requests', 'type': 'too_many_requests', 'param': None, 'code': 'too_many_requests'}}
Failed for Ac/Dc - Love At First Feel: Error code: 429 - {'error': {'message': 'Too Many Requests', 'type': 'too_many_requests', 'param': None, 'code': 'too_many_requests'}}
Failed for Mouse On Mars - Yippie: Error code: 429 - {'error': {'message': 'Too Many Requests', 'type': 'too_many_requests', 'param': None, 'code': 'too_many_requests'}}
Failed for Motörhead - Sucker: Error code: 429 - {'error': {'message': 'Too Many Requests', 'type': 'too_many_requests', 'param': None, 'code': 'too_many_requests'}}
Failed for Kelis - Millionaire (Feat. André 3000): Error code: 429 - {'error': {'message': 'Too Many Requests', 'type': 'too_many_requests', 'param': None, 'code': 'too_many_requests'}}
Failed for Mount Eerie - I Hold Nothing: Error code: 429 - {'error': {'message': 'Too Many Requests', 'type': 'too_many_requests', 'param': None, 'code': 'too_many_requests'}}
Failed for I Am Kloot - Mermaids: Error code: 429 - {'error': {'message': 'Too Many Requests', 'type': 'too_many_requests', 'param': None, 'code': 'too_many_requests'}}
Failed for Kelis - Bossy: Error code: 429 - {'error': {'message': 'Too Many Requests', 'type': 'too_many_requests', 'param': None, 'code': 'too_many_requests'}}
300/2988 done
Failed for Xiu Xiu - The Pineapple Vs. The Watermelon: Error code: 429 - {'error': {'message': 'Too Many Requests', 'type': 'too_many_requests', 'param': None, 'code': 'too_many_requests'}}
Failed for The Kinks - Do You Remember Walter?: Error code: 429 - {'error': {'message': 'Too Many Requests', 'type': 'too_many_requests', 'param': None, 'code': 'too_many_requests'}}
Failed for Om - Annapurna: Error code: 429 - {'error': {'message': 'Too Many Requests', 'type': 'too_many_requests', 'param': None, 'code': 'too_many_requests'}}
Failed for Janet Jackson - That'S The Way Love Goes: Error code: 429 - {'error': {'message': 'Too Many Requests', 'type': 'too_many_requests', 'param': None, 'code': 'too_many_requests'}}
Failed for One Day As A Lion - One Day As A Lion: Error code: 429 - {'error': {'message': 'Too Many Requests', 'type': 'too_many_requests', 'param': None, 'code': 'too_many_requests'}}
Failed for Jamiroquai - Use The Force: Error code: 429 - {'error': {'message': 'Too Many Requests', 'type': 'too_many_requests', 'param': None, 'code': 'too_many_requests'}}
Failed for Wagon Christ - Cris Chana: Error code: 429 - {'error': {'message': 'Too Many Requests', 'type': 'too_many_requests', 'param': None, 'code': 'too_many_requests'}}
Failed for R.E.M. - Sad Professor: Error code: 429 - {'error': {'message': 'Too Many Requests', 'type': 'too_many_requests', 'param': None, 'code': 'too_many_requests'}}
Failed for Xiu Xiu - Fast Car: Error code: 429 - {'error': {'message': 'Too Many Requests', 'type': 'too_many_requests', 'param': None, 'code': 'too_many_requests'}}
Failed for Deadbeat - Port-Au-Prince: Error code: 429 - {'error': {'message': 'Too Many Requests', 'type': 'too_many_requests', 'param': None, 'code': 'too_many_requests'}}
Failed for Jane'S Addiction - Up The Beach: Error code: 429 - {'error': {'message': 'Too Many Requests', 'type': 'too_many_requests', 'param': None, 'code': 'too_many_requests'}}
Failed for Deadmau5 - Not Exactly: Error code: 429 - {'error': {'message': 'Too Many Requests', 'type': 'too_many_requests', 'param': None, 'code': 'too_many_requests'}}
Failed for Teedra Moses - Caution: Error code: 429 - {'error': {'message': 'Too Many Requests', 'type': 'too_many_requests', 'param': None, 'code': 'too_many_requests'}}
Failed for Jamie Cullum - Frontin': Error code: 429 - {'error': {'message': 'Too Many Requests', 'type': 'too_many_requests', 'param': None, 'code': 'too_many_requests'}}
Failed for Manowar - The Gods Made Heavy Metal: Error code: 429 - {'error': {'message': 'Too Many Requests', 'type': 'too_many_requests', 'param': None, 'code': 'too_many_requests'}}
Failed for Elio E Le Storie Tese - Urna: Error code: 429 - {'error': {'message': 'Too Many Requests', 'type': 'too_many_requests', 'param': None, 'code': 'too_many_requests'}}
Failed for Opeth - Burden: Error code: 429 - {'error': {'message': 'Too Many Requests', 'type': 'too_many_requests', 'param': None, 'code': 'too_many_requests'}}
Failed for Armand Van Helden - Sugar: Error code: 429 - {'error': {'message': 'Too Many Requests', 'type': 'too_many_requests', 'param': None, 'code': 'too_many_requests'}}
Failed for Emilie Autumn - Dominant: Error code: 429 - {'error': {'message': 'Too Many Requests', 'type': 'too_many_requests', 'param': None, 'code': 'too_many_requests'}}
Failed for Emilie Autumn - Girls Just Wanna Have Fun: Error code: 429 - {'error': {'message': 'Too Many Requests', 'type': 'too_many_requests', 'param': None, 'code': 'too_many_requests'}}
Failed for James Morrison - You Make It Real: Error code: 429 - {'error': {'message': 'Too Many Requests', 'type': 'too_many_requests', 'param': None, 'code': 'too_many_requests'}}
Failed for Emilie Autumn - A Cure?: Error code: 429 - {'error': {'message': 'Too Many Requests', 'type': 'too_many_requests', 'param': None, 'code': 'too_many_requests'}}
Failed for The Sea And Cake - Crossing Line: Error code: 429 - {'error': {'message': 'Too Many Requests', 'type': 'too_many_requests', 'param': None, 'code': 'too_many_requests'}}
Failed for Tim Vanhamel - Like A Fire: Error code: 429 - {'error': {'message': 'Too Many Requests', 'type': 'too_many_requests', 'param': None, 'code': 'too_many_requests'}}
Failed for Datarock - Fa Fa Fa: Error code: 429 - {'error': {'message': 'Too Many Requests', 'type': 'too_many_requests', 'param': None, 'code': 'too_many_requests'}}
Failed for The Album Leaf - Another Day (Revised): Error code: 429 - {'error': {'message': 'Too Many Requests', 'type': 'too_many_requests', 'param': None, 'code': 'too_many_requests'}}
Failed for Daughters Of Gaia - Reawakening: Error code: 429 - {'error': {'message': 'Too Many Requests', 'type': 'too_many_requests', 'param': None, 'code': 'too_many_requests'}}
Failed for Green Day - Long View: Error code: 429 - {'error': {'message': 'Too Many Requests', 'type': 'too_many_requests', 'param': None, 'code': 'too_many_requests'}}
Failed for Ulver - Catalept: Error code: 429 - {'error': {'message': 'Too Many Requests', 'type': 'too_many_requests', 'param': None, 'code': 'too_many_requests'}}
Failed for Ac/Dc - Go Down: Error code: 429 - {'error': {'message': 'Too Many Requests', 'type': 'too_many_requests', 'param': None, 'code': 'too_many_requests'}}
Failed for Drive Like Jehu - Here Come The Rome Plows: Error code: 429 - {'error': {'message': 'Too Many Requests', 'type': 'too_many_requests', 'param': None, 'code': 'too_many_requests'}}
Failed for Alabama 3 - Woke Up This Morning: Error code: 429 - {'error': {'message': 'Too Many Requests', 'type': 'too_many_requests', 'param': None, 'code': 'too_many_requests'}}
Failed for State Radio - Mr. Larkin: Error code: 429 - {'error': {'message': 'Too Many Requests', 'type': 'too_many_requests', 'param': None, 'code': 'too_many_requests'}}
Failed for The Chills - Pink Frost: Error code: 429 - {'error': {'message': 'Too Many Requests', 'type': 'too_many_requests', 'param': None, 'code': 'too_many_requests'}}
Failed for Cradle Of Filth - Tortured Soul Asylum: Error code: 429 - {'error': {'message': 'Too Many Requests', 'type': 'too_many_requests', 'param': None, 'code': 'too_many_requests'}}
Failed for Cradle Of Filth - Dusk And Her Embrace: Error code: 429 - {'error': {'message': 'Too Many Requests', 'type': 'too_many_requests', 'param': None, 'code': 'too_many_requests'}}
Failed for State Radio - Riddle In Londontown: Error code: 429 - {'error': {'message': 'Too Many Requests', 'type': 'too_many_requests', 'param': None, 'code': 'too_many_requests'}}
Failed for The Damned - Feel The Pain: Error code: 429 - {'error': {'message': 'Too Many Requests', 'type': 'too_many_requests', 'param': None, 'code': 'too_many_requests'}}
Failed for The Sea And Cake - Coconut: Error code: 429 - {'error': {'message': 'Too Many Requests', 'type': 'too_many_requests', 'param': None, 'code': 'too_many_requests'}}
Failed for The Wallflowers - 6Th Avenue Heartache: Error code: 429 - {'error': {'message': 'Too Many Requests', 'type': 'too_many_requests', 'param': None, 'code': 'too_many_requests'}}
Failed for The Damned - Smash It Up: Error code: 429 - {'error': {'message': 'Too Many Requests', 'type': 'too_many_requests', 'param': None, 'code': 'too_many_requests'}}
Failed for L.A. Guns - No Mercy: Error code: 429 - {'error': {'message': 'Too Many Requests', 'type': 'too_many_requests', 'param': None, 'code': 'too_many_requests'}}
Failed for Ac/Dc - Cover You In Oil: Error code: 429 - {'error': {'message': 'Too Many Requests', 'type': 'too_many_requests', 'param': None, 'code': 'too_many_requests'}}
Failed for Radiohead - Wonderwall: Error code: 429 - {'error': {'message': 'Too Many Requests', 'type': 'too_many_requests', 'param': None, 'code': 'too_many_requests'}}
Failed for Voxtrot - Real Live Version: Error code: 429 - {'error': {'message': 'Too Many Requests', 'type': 'too_many_requests', 'param': None, 'code': 'too_many_requests'}}
Failed for Benoît Pioulard - Together & Down: Error code: 429 - {'error': {'message': 'Too Many Requests', 'type': 'too_many_requests', 'param': None, 'code': 'too_many_requests'}}
Failed for Ac/Dc - Burnin' Alive: Error code: 429 - {'error': {'message': 'Too Many Requests', 'type': 'too_many_requests', 'param': None, 'code': 'too_many_requests'}}
Failed for Opeth - Remember Tomorrow: Error code: 429 - {'error': {'message': 'Too Many Requests', 'type': 'too_many_requests', 'param': None, 'code': 'too_many_requests'}}
Failed for Cradle Of Filth - Heaven Torn Asunder: Error code: 429 - {'error': {'message': 'Too Many Requests', 'type': 'too_many_requests', 'param': None, 'code': 'too_many_requests'}}
Failed for Symphony X - Communion And The Oracle: Error code: 429 - {'error': {'message': 'Too Many Requests', 'type': 'too_many_requests', 'param': None, 'code': 'too_many_requests'}}
Failed for Gavin Degraw - Just Friends: Error code: 429 - {'error': {'message': 'Too Many Requests', 'type': 'too_many_requests', 'param': None, 'code': 'too_many_requests'}}
Failed for Riverside - Beyond The Eyelids: Error code: 429 - {'error': {'message': 'Too Many Requests', 'type': 'too_many_requests', 'param': None, 'code': 'too_many_requests'}}
Failed for Lovedrug - Down Towards The Healing: Error code: 429 - {'error': {'message': 'Too Many Requests', 'type': 'too_many_requests', 'param': None, 'code': 'too_many_requests'}}
Failed for Bono & Edge - Slow Dancing: Error code: 429 - {'error': {'message': 'Too Many Requests', 'type': 'too_many_requests', 'param': None, 'code': 'too_many_requests'}}
Failed for Manic Street Preachers - Interiors (Song For Willem De Kooning): Error code: 429 - {'error': {'message': 'Too Many Requests', 'type': 'too_many_requests', 'param': None, 'code': 'too_many_requests'}}
Failed for The Futureheads - Walking Backwards: Error code: 429 - {'error': {'message': 'Too Many Requests', 'type': 'too_many_requests', 'param': None, 'code': 'too_many_requests'}}
Failed for The Bird And The Bee - Carol Of The Bells: Error code: 429 - {'error': {'message': 'Too Many Requests', 'type': 'too_many_requests', 'param': None, 'code': 'too_many_requests'}}
Failed for The Bird And The Bee - Birthday: Error code: 429 - {'error': {'message': 'Too Many Requests', 'type': 'too_many_requests', 'param': None, 'code': 'too_many_requests'}}
Failed for Cascada - Bad Boy: Error code: 429 - {'error': {'message': 'Too Many Requests', 'type': 'too_many_requests', 'param': None, 'code': 'too_many_requests'}}
Failed for The Killers - Why Don'T You Find Out For Yourself (Radio 1 Session): Error code: 429 - {'error': {'message': 'Too Many Requests', 'type': 'too_many_requests', 'param': None, 'code': 'too_many_requests'}}
Failed for Peggy Lee - Black Coffee: Error code: 429 - {'error': {'message': 'Too Many Requests', 'type': 'too_many_requests', 'param': None, 'code': 'too_many_requests'}}
Failed for 菅野よう子 - Gotta Knock A Little Harder: Error code: 429 - {'error': {'message': 'Too Many Requests', 'type': 'too_many_requests', 'param': None, 'code': 'too_many_requests'}}
Failed for Daft Punk - Harder Better Faster Stronger (Alive Radio Edit): Error code: 429 - {'error': {'message': 'Too Many Requests', 'type': 'too_many_requests', 'param': None, 'code': 'too_many_requests'}}
Failed for Blue Öyster Cult - Take Me Away: Error code: 429 - {'error': {'message': 'Too Many Requests', 'type': 'too_many_requests', 'param': None, 'code': 'too_many_requests'}}
Failed for Flowing Tears - Serpentine: Error code: 429 - {'error': {'message': 'Too Many Requests', 'type': 'too_many_requests', 'param': None, 'code': 'too_many_requests'}}
Failed for Flight Of The Conchords - The Prince Of Parties: Error code: 429 - {'error': {'message': 'Too Many Requests', 'type': 'too_many_requests', 'param': None, 'code': 'too_many_requests'}}
Failed for Saul Williams - African Student Movement: Error code: 429 - {'error': {'message': 'Too Many Requests', 'type': 'too_many_requests', 'param': None, 'code': 'too_many_requests'}}
Failed for Flight Of The Conchords - I'M Not Crying: Error code: 429 - {'error': {'message': 'Too Many Requests', 'type': 'too_many_requests', 'param': None, 'code': 'too_many_requests'}}
Failed for Low - Just Stand Back: Error code: 429 - {'error': {'message': 'Too Many Requests', 'type': 'too_many_requests', 'param': None, 'code': 'too_many_requests'}}
Failed for Orange Juice - Blue Boy: Error code: 429 - {'error': {'message': 'Too Many Requests', 'type': 'too_many_requests', 'param': None, 'code': 'too_many_requests'}}
Failed for Orange Range - * ~Asterisk~: Error code: 429 - {'error': {'message': 'Too Many Requests', 'type': 'too_many_requests', 'param': None, 'code': 'too_many_requests'}}
Failed for James - Say Something: Error code: 429 - {'error': {'message': 'Too Many Requests', 'type': 'too_many_requests', 'param': None, 'code': 'too_many_requests'}}
Failed for Jamelia - Superstar: Error code: 429 - {'error': {'message': 'Too Many Requests', 'type': 'too_many_requests', 'param': None, 'code': 'too_many_requests'}}
Failed for James Figurine - 55566688833: Error code: 429 - {'error': {'message': 'Too Many Requests', 'type': 'too_many_requests', 'param': None, 'code': 'too_many_requests'}}
Failed for Manic Street Preachers - Life Becoming A Landslide: Error code: 429 - {'error': {'message': 'Too Many Requests', 'type': 'too_many_requests', 'param': None, 'code': 'too_many_requests'}}
Failed for Pearl Jam - Last Exit: Error code: 429 - {'error': {'message': 'Too Many Requests', 'type': 'too_many_requests', 'param': None, 'code': 'too_many_requests'}}
Failed for James - Born Of Frustration: Error code: 429 - {'error': {'message': 'Too Many Requests', 'type': 'too_many_requests', 'param': None, 'code': 'too_many_requests'}}
Failed for Pearl Jam - Cropduster: Error code: 429 - {'error': {'message': 'Too Many Requests', 'type': 'too_many_requests', 'param': None, 'code': 'too_many_requests'}}
Failed for Alison Krauss - Maybe: Error code: 429 - {'error': {'message': 'Too Many Requests', 'type': 'too_many_requests', 'param': None, 'code': 'too_many_requests'}}
Failed for Alison Krauss - It Wouldn'T Have Made Any Difference: Error code: 429 - {'error': {'message': 'Too Many Requests', 'type': 'too_many_requests', 'param': None, 'code': 'too_many_requests'}}
Failed for De La Soul - A Little Bit Of Soap: Error code: 429 - {'error': {'message': 'Too Many Requests', 'type': 'too_many_requests', 'param': None, 'code': 'too_many_requests'}}
Failed for Children Of Bodom - Talk Dirty To Me: Error code: 429 - {'error': {'message': 'Too Many Requests', 'type': 'too_many_requests', 'param': None, 'code': 'too_many_requests'}}
Failed for The Killers - Glamorous Indie Rock & Roll: Error code: 429 - {'error': {'message': 'Too Many Requests', 'type': 'too_many_requests', 'param': None, 'code': 'too_many_requests'}}
Failed for James Morrison - The Last Goodbye: Error code: 429 - {'error': {'message': 'Too Many Requests', 'type': 'too_many_requests', 'param': None, 'code': 'too_many_requests'}}
Failed for Brian Wilson - Heroes And Villains: Error code: 429 - {'error': {'message': 'Too Many Requests', 'type': 'too_many_requests', 'param': None, 'code': 'too_many_requests'}}
Failed for Gravity Kills - Here: Error code: 429 - {'error': {'message': 'Too Many Requests', 'type': 'too_many_requests', 'param': None, 'code': 'too_many_requests'}}
Failed for The Protomen - Funeral For A Son: Error code: 429 - {'error': {'message': 'Too Many Requests', 'type': 'too_many_requests', 'param': None, 'code': 'too_many_requests'}}
Failed for Bright Eyes - Amy In The White Coat: Error code: 429 - {'error': {'message': 'Too Many Requests', 'type': 'too_many_requests', 'param': None, 'code': 'too_many_requests'}}
Failed for Gravity Kills - Drown: Error code: 429 - {'error': {'message': 'Too Many Requests', 'type': 'too_many_requests', 'param': None, 'code': 'too_many_requests'}}
Failed for Orbital - Waving Not Drowning: Error code: 429 - {'error': {'message': 'Too Many Requests', 'type': 'too_many_requests', 'param': None, 'code': 'too_many_requests'}}
Failed for Kent - Kungen Är Död: Error code: 429 - {'error': {'message': 'Too Many Requests', 'type': 'too_many_requests', 'param': None, 'code': 'too_many_requests'}}
Failed for Deadbeat - Slow Rot From Rhetoric: Error code: 429 - {'error': {'message': 'Too Many Requests', 'type': 'too_many_requests', 'param': None, 'code': 'too_many_requests'}}
Failed for The Whitest Kids U' Know - Dinosaur Rap: Error code: 429 - {'error': {'message': 'Too Many Requests', 'type': 'too_many_requests', 'param': None, 'code': 'too_many_requests'}}
Failed for Andrea Bocelli - Con Te Partirò: Error code: 429 - {'error': {'message': 'Too Many Requests', 'type': 'too_many_requests', 'param': None, 'code': 'too_many_requests'}}
Failed for Motion City Soundtrack - It Had To Be You: Error code: 429 - {'error': {'message': 'Too Many Requests', 'type': 'too_many_requests', 'param': None, 'code': 'too_many_requests'}}
Failed for Volbeat - Soulweeper: Error code: 429 - {'error': {'message': 'Too Many Requests', 'type': 'too_many_requests', 'param': None, 'code': 'too_many_requests'}}
Failed for Grandaddy - At My Post: Error code: 429 - {'error': {'message': 'Too Many Requests', 'type': 'too_many_requests', 'param': None, 'code': 'too_many_requests'}}
400/2988 done
Failed for Rainbow - Long Live Rock 'N' Roll: Error code: 429 - {'error': {'message': 'Too Many Requests', 'type': 'too_many_requests', 'param': None, 'code': 'too_many_requests'}}
Failed for The Cure - The Exploding Boy: Error code: 429 - {'error': {'message': 'Too Many Requests', 'type': 'too_many_requests', 'param': None, 'code': 'too_many_requests'}}
Failed for Kylie Minogue - Dancefloor: Error code: 429 - {'error': {'message': 'Too Many Requests', 'type': 'too_many_requests', 'param': None, 'code': 'too_many_requests'}}
Failed for Rise Against - Heaven Knows: Error code: 429 - {'error': {'message': 'Too Many Requests', 'type': 'too_many_requests', 'param': None, 'code': 'too_many_requests'}}
Failed for The San Francisco Gay Men'S Chorus - We Sail The Ocean Blue: Error code: 429 - {'error': {'message': 'Too Many Requests', 'type': 'too_many_requests', 'param': None, 'code': 'too_many_requests'}}
Failed for Bonobo - If You Stayed Over (Reprise): Error code: 429 - {'error': {'message': 'Too Many Requests', 'type': 'too_many_requests', 'param': None, 'code': 'too_many_requests'}}
Failed for The Saturdays - Up: Error code: 429 - {'error': {'message': 'Too Many Requests', 'type': 'too_many_requests', 'param': None, 'code': 'too_many_requests'}}
Failed for Kyuss - Thee Ol' Boozeroony: Error code: 429 - {'error': {'message': 'Too Many Requests', 'type': 'too_many_requests', 'param': None, 'code': 'too_many_requests'}}
Failed for Brian Eno - Under Stars: Error code: 429 - {'error': {'message': 'Too Many Requests', 'type': 'too_many_requests', 'param': None, 'code': 'too_many_requests'}}
Failed for Ramones - Baby I Love You: Error code: 429 - {'error': {'message': 'Too Many Requests', 'type': 'too_many_requests', 'param': None, 'code': 'too_many_requests'}}
Failed for Rinaldi Sings - A Matter Of Life & Death: Error code: 429 - {'error': {'message': 'Too Many Requests', 'type': 'too_many_requests', 'param': None, 'code': 'too_many_requests'}}
Failed for Ringside - Tired Of Being Sorry: Error code: 429 - {'error': {'message': 'Too Many Requests', 'type': 'too_many_requests', 'param': None, 'code': 'too_many_requests'}}
Failed for Kyuss - Jumbo Blimp Jumbo: Error code: 429 - {'error': {'message': 'Too Many Requests', 'type': 'too_many_requests', 'param': None, 'code': 'too_many_requests'}}
Failed for Bear Vs. Shark - What A Horrible Night For A Curse: Error code: 429 - {'error': {'message': 'Too Many Requests', 'type': 'too_many_requests', 'param': None, 'code': 'too_many_requests'}}
Failed for The Cinematic Orchestra - Yoyo Waltz: Error code: 429 - {'error': {'message': 'Too Many Requests', 'type': 'too_many_requests', 'param': None, 'code': 'too_many_requests'}}
Failed for Rise Against - Anywhere But Here: Error code: 429 - {'error': {'message': 'Too Many Requests', 'type': 'too_many_requests', 'param': None, 'code': 'too_many_requests'}}
Failed for The Cinematic Orchestra - Everyday: Error code: 429 - {'error': {'message': 'Too Many Requests', 'type': 'too_many_requests', 'param': None, 'code': 'too_many_requests'}}
Failed for Brian Mcfadden - Real To Me: Error code: 429 - {'error': {'message': 'Too Many Requests', 'type': 'too_many_requests', 'param': None, 'code': 'too_many_requests'}}
Failed for The Psychedelic Furs - Here Come Cowboys: Error code: 429 - {'error': {'message': 'Too Many Requests', 'type': 'too_many_requests', 'param': None, 'code': 'too_many_requests'}}
Failed for The Psychedelic Furs - Into You Like A Train: Error code: 429 - {'error': {'message': 'Too Many Requests', 'type': 'too_many_requests', 'param': None, 'code': 'too_many_requests'}}
Failed for Absurd Minds - Essence: Error code: 429 - {'error': {'message': 'Too Many Requests', 'type': 'too_many_requests', 'param': None, 'code': 'too_many_requests'}}
Failed for Brian Reitzell - On The Subway: Error code: 429 - {'error': {'message': 'Too Many Requests', 'type': 'too_many_requests', 'param': None, 'code': 'too_many_requests'}}
Failed for The White Stripes - Well It'S True That We Love One Another: Error code: 429 - {'error': {'message': 'Too Many Requests', 'type': 'too_many_requests', 'param': None, 'code': 'too_many_requests'}}
Failed for Ani Difranco - Dilate: Error code: 429 - {'error': {'message': 'Too Many Requests', 'type': 'too_many_requests', 'param': None, 'code': 'too_many_requests'}}
Failed for Manic Street Preachers - Socialist Serenade: Error code: 429 - {'error': {'message': 'Too Many Requests', 'type': 'too_many_requests', 'param': None, 'code': 'too_many_requests'}}
Failed for Kent - Mannen I Den Vita Hatten (16 År Senare): Error code: 429 - {'error': {'message': 'Too Many Requests', 'type': 'too_many_requests', 'param': None, 'code': 'too_many_requests'}}
Failed for Gouryella - Tenshi: Error code: 429 - {'error': {'message': 'Too Many Requests', 'type': 'too_many_requests', 'param': None, 'code': 'too_many_requests'}}
Failed for Volbeat - River Queen: Error code: 429 - {'error': {'message': 'Too Many Requests', 'type': 'too_many_requests', 'param': None, 'code': 'too_many_requests'}}
Failed for Graham Coxon - You & I: Error code: 429 - {'error': {'message': 'Too Many Requests', 'type': 'too_many_requests', 'param': None, 'code': 'too_many_requests'}}
Failed for Kettcar - Handyfeuerzeug Gratis Dazu: Error code: 429 - {'error': {'message': 'Too Many Requests', 'type': 'too_many_requests', 'param': None, 'code': 'too_many_requests'}}
Failed for Ketil Bjørnstad - Prelude 19: Error code: 429 - {'error': {'message': 'Too Many Requests', 'type': 'too_many_requests', 'param': None, 'code': 'too_many_requests'}}
Failed for Andrew Bird - Darkmatter: Error code: 429 - {'error': {'message': 'Too Many Requests', 'type': 'too_many_requests', 'param': None, 'code': 'too_many_requests'}}
Failed for Emily Haines - Bore: Error code: 429 - {'error': {'message': 'Too Many Requests', 'type': 'too_many_requests', 'param': None, 'code': 'too_many_requests'}}
Failed for Elizabeth Fraser And Jeff Buckley - All Flowers In Time: Error code: 429 - {'error': {'message': 'Too Many Requests', 'type': 'too_many_requests', 'param': None, 'code': 'too_many_requests'}}
Failed for Orbital - The Box: Error code: 429 - {'error': {'message': 'Too Many Requests', 'type': 'too_many_requests', 'param': None, 'code': 'too_many_requests'}}
Failed for Small Faces - It'S Too Late: Error code: 429 - {'error': {'message': 'Too Many Requests', 'type': 'too_many_requests', 'param': None, 'code': 'too_many_requests'}}
Failed for Slowdive - Celia'S Dream: Error code: 429 - {'error': {'message': 'Too Many Requests', 'type': 'too_many_requests', 'param': None, 'code': 'too_many_requests'}}
Failed for The San Francisco Gay Men'S Chorus - My Gallant Crew: Error code: 429 - {'error': {'message': 'Too Many Requests', 'type': 'too_many_requests', 'param': None, 'code': 'too_many_requests'}}
Failed for Manic Street Preachers - Drug Drug Druggy: Error code: 429 - {'error': {'message': 'Too Many Requests', 'type': 'too_many_requests', 'param': None, 'code': 'too_many_requests'}}
Failed for Children Of Bodom - One Day You Will Cry: Error code: 429 - {'error': {'message': 'Too Many Requests', 'type': 'too_many_requests', 'param': None, 'code': 'too_many_requests'}}
Failed for Bent - As You Fall: Error code: 429 - {'error': {'message': 'Too Many Requests', 'type': 'too_many_requests', 'param': None, 'code': 'too_many_requests'}}
Failed for Manic Street Preachers - Emily: Error code: 429 - {'error': {'message': 'Too Many Requests', 'type': 'too_many_requests', 'param': None, 'code': 'too_many_requests'}}
Failed for Children Of Bodom - Smile Pretty For The Devil: Error code: 429 - {'error': {'message': 'Too Many Requests', 'type': 'too_many_requests', 'param': None, 'code': 'too_many_requests'}}
Failed for Ella Fitzgerald - I Get A Kick Out Of You: Error code: 429 - {'error': {'message': 'Too Many Requests', 'type': 'too_many_requests', 'param': None, 'code': 'too_many_requests'}}
Failed for Emily Haines & The Soft Skeleton - Sprig: Error code: 429 - {'error': {'message': 'Too Many Requests', 'type': 'too_many_requests', 'param': None, 'code': 'too_many_requests'}}
Failed for Pearl Jam - Alive (Live): Error code: 429 - {'error': {'message': 'Too Many Requests', 'type': 'too_many_requests', 'param': None, 'code': 'too_many_requests'}}
Failed for At The Drive-In - Blue Tag: Error code: 429 - {'error': {'message': 'Too Many Requests', 'type': 'too_many_requests', 'param': None, 'code': 'too_many_requests'}}
Failed for Mindless Self Indulgence - Backmask: Error code: 429 - {'error': {'message': 'Too Many Requests', 'type': 'too_many_requests', 'param': None, 'code': 'too_many_requests'}}
Failed for Mindless Self Indulgence - Boomin': Error code: 429 - {'error': {'message': 'Too Many Requests', 'type': 'too_many_requests', 'param': None, 'code': 'too_many_requests'}}
Failed for The Beta Band - Rhododendron: Error code: 429 - {'error': {'message': 'Too Many Requests', 'type': 'too_many_requests', 'param': None, 'code': 'too_many_requests'}}
Failed for Antidote - No Nazis In Punk: Error code: 429 - {'error': {'message': 'Too Many Requests', 'type': 'too_many_requests', 'param': None, 'code': 'too_many_requests'}}
Failed for The Beta Band - Round The Bend: Error code: 429 - {'error': {'message': 'Too Many Requests', 'type': 'too_many_requests', 'param': None, 'code': 'too_many_requests'}}
Failed for Unkle - Broken: Error code: 429 - {'error': {'message': 'Too Many Requests', 'type': 'too_many_requests', 'param': None, 'code': 'too_many_requests'}}
Failed for Mandy Moore - Only Hope: Error code: 429 - {'error': {'message': 'Too Many Requests', 'type': 'too_many_requests', 'param': None, 'code': 'too_many_requests'}}
Failed for Lucas Prata - And She Said (Valentin Radio Mix): Error code: 429 - {'error': {'message': 'Too Many Requests', 'type': 'too_many_requests', 'param': None, 'code': 'too_many_requests'}}
Failed for Tonic - You Wanted More: Error code: 429 - {'error': {'message': 'Too Many Requests', 'type': 'too_many_requests', 'param': None, 'code': 'too_many_requests'}}
Failed for T.A.T.U. - Nas Ne Dogonyat: Error code: 429 - {'error': {'message': 'Too Many Requests', 'type': 'too_many_requests', 'param': None, 'code': 'too_many_requests'}}
Failed for Azure Ray - Sea Of Doubts: Error code: 429 - {'error': {'message': 'Too Many Requests', 'type': 'too_many_requests', 'param': None, 'code': 'too_many_requests'}}
Failed for Mos Def - Fear Not Of Man: Error code: 429 - {'error': {'message': 'Too Many Requests', 'type': 'too_many_requests', 'param': None, 'code': 'too_many_requests'}}
Failed for Mors Principium Est - Two Steps Away: Error code: 429 - {'error': {'message': 'Too Many Requests', 'type': 'too_many_requests', 'param': None, 'code': 'too_many_requests'}}
Failed for Dream Theater - Never Enough: Error code: 429 - {'error': {'message': 'Too Many Requests', 'type': 'too_many_requests', 'param': None, 'code': 'too_many_requests'}}
Failed for Gorillaz - The Swagga: Error code: 429 - {'error': {'message': 'Too Many Requests', 'type': 'too_many_requests', 'param': None, 'code': 'too_many_requests'}}
Failed for Pavement - At & T: Error code: 429 - {'error': {'message': 'Too Many Requests', 'type': 'too_many_requests', 'param': None, 'code': 'too_many_requests'}}
Failed for Alif Tree - I Feel Blue: Error code: 429 - {'error': {'message': 'Too Many Requests', 'type': 'too_many_requests', 'param': None, 'code': 'too_many_requests'}}
Failed for The Juliana Hatfield Three - Spin The Bottle: Error code: 429 - {'error': {'message': 'Too Many Requests', 'type': 'too_many_requests', 'param': None, 'code': 'too_many_requests'}}
Failed for The Juliana Hatfield Three - For The Birds: Error code: 429 - {'error': {'message': 'Too Many Requests', 'type': 'too_many_requests', 'param': None, 'code': 'too_many_requests'}}
Failed for Cassius - All I Want: Error code: 429 - {'error': {'message': 'Too Many Requests', 'type': 'too_many_requests', 'param': None, 'code': 'too_many_requests'}}
Failed for The Kelly Family - Fell In Love With An Alien: Error code: 429 - {'error': {'message': 'Too Many Requests', 'type': 'too_many_requests', 'param': None, 'code': 'too_many_requests'}}
Failed for Jamal - Policeman: Error code: 429 - {'error': {'message': 'Too Many Requests', 'type': 'too_many_requests', 'param': None, 'code': 'too_many_requests'}}
Failed for Children Of Bodom - Bed Of Nails: Error code: 429 - {'error': {'message': 'Too Many Requests', 'type': 'too_many_requests', 'param': None, 'code': 'too_many_requests'}}
Failed for Saul Williams - Tr(N)Igger: Error code: 429 - {'error': {'message': 'Too Many Requests', 'type': 'too_many_requests', 'param': None, 'code': 'too_many_requests'}}
Failed for Alanis Morissette - Spineless: Error code: 429 - {'error': {'message': 'Too Many Requests', 'type': 'too_many_requests', 'param': None, 'code': 'too_many_requests'}}
Failed for Thrice - For Miles: Error code: 429 - {'error': {'message': 'Too Many Requests', 'type': 'too_many_requests', 'param': None, 'code': 'too_many_requests'}}
Failed for Idlewild - Actually It'S Darkness: Error code: 429 - {'error': {'message': 'Too Many Requests', 'type': 'too_many_requests', 'param': None, 'code': 'too_many_requests'}}
Failed for Iced Earth - Dragon'S Child: Error code: 429 - {'error': {'message': 'Too Many Requests', 'type': 'too_many_requests', 'param': None, 'code': 'too_many_requests'}}
Failed for Iced Earth - My Own Savior: Error code: 429 - {'error': {'message': 'Too Many Requests', 'type': 'too_many_requests', 'param': None, 'code': 'too_many_requests'}}
Failed for Morrissey - Used To Be A Sweet Boy: Error code: 429 - {'error': {'message': 'Too Many Requests', 'type': 'too_many_requests', 'param': None, 'code': 'too_many_requests'}}
Failed for Ida Maria - Oh My God: Error code: 429 - {'error': {'message': 'Too Many Requests', 'type': 'too_many_requests', 'param': None, 'code': 'too_many_requests'}}
Failed for Combichrist - I'M Happy Anyway: Error code: 429 - {'error': {'message': 'Too Many Requests', 'type': 'too_many_requests', 'param': None, 'code': 'too_many_requests'}}
Failed for Brian Eno & David Byrne - Mea Culpa: Error code: 429 - {'error': {'message': 'Too Many Requests', 'type': 'too_many_requests', 'param': None, 'code': 'too_many_requests'}}
Failed for Gorillaz - Dirty Harry (Feat. Bootie Brown): Error code: 429 - {'error': {'message': 'Too Many Requests', 'type': 'too_many_requests', 'param': None, 'code': 'too_many_requests'}}
Failed for Beck - He'S A Mighty Good Leader: Error code: 429 - {'error': {'message': 'Too Many Requests', 'type': 'too_many_requests', 'param': None, 'code': 'too_many_requests'}}
Failed for Mors Principium Est - Sinners Defeat: Error code: 429 - {'error': {'message': 'Too Many Requests', 'type': 'too_many_requests', 'param': None, 'code': 'too_many_requests'}}
Failed for Idlewild - Goodnight: Error code: 429 - {'error': {'message': 'Too Many Requests', 'type': 'too_many_requests', 'param': None, 'code': 'too_many_requests'}}
Failed for Os Mutantes - Adeus Maria Fulô: Error code: 429 - {'error': {'message': 'Too Many Requests', 'type': 'too_many_requests', 'param': None, 'code': 'too_many_requests'}}
Failed for Ministry - Deity: Error code: 429 - {'error': {'message': 'Too Many Requests', 'type': 'too_many_requests', 'param': None, 'code': 'too_many_requests'}}
Failed for Kurtis Blow - The Breaks: Error code: 429 - {'error': {'message': 'Too Many Requests', 'type': 'too_many_requests', 'param': None, 'code': 'too_many_requests'}}
Failed for Booka Shade - Control Me: Error code: 429 - {'error': {'message': 'Too Many Requests', 'type': 'too_many_requests', 'param': None, 'code': 'too_many_requests'}}
Failed for Booka Shade - Body Language: Error code: 429 - {'error': {'message': 'Too Many Requests', 'type': 'too_many_requests', 'param': None, 'code': 'too_many_requests'}}
Failed for Andrew Lloyd Webber - Angel Of Music: Error code: 429 - {'error': {'message': 'Too Many Requests', 'type': 'too_many_requests', 'param': None, 'code': 'too_many_requests'}}
Failed for Ramones - I Want You Around: Error code: 429 - {'error': {'message': 'Too Many Requests', 'type': 'too_many_requests', 'param': None, 'code': 'too_many_requests'}}
Failed for Combichrist - Feed Your Anger: Error code: 429 - {'error': {'message': 'Too Many Requests', 'type': 'too_many_requests', 'param': None, 'code': 'too_many_requests'}}
Failed for Édith Piaf - Padam Padam: Error code: 429 - {'error': {'message': 'Too Many Requests', 'type': 'too_many_requests', 'param': None, 'code': 'too_many_requests'}}
Failed for The Unicorns - Evacuatin' Somethin' Warm: Error code: 429 - {'error': {'message': 'Too Many Requests', 'type': 'too_many_requests', 'param': None, 'code': 'too_many_requests'}}
Failed for Saves The Day - Wednesday The Third: Error code: 429 - {'error': {'message': 'Too Many Requests', 'type': 'too_many_requests', 'param': None, 'code': 'too_many_requests'}}
Failed for Saxon Shore - Marked With The Knowledge: Error code: 429 - {'error': {'message': 'Too Many Requests', 'type': 'too_many_requests', 'param': None, 'code': 'too_many_requests'}}
Failed for Avantasia - Prelude: Error code: 429 - {'error': {'message': 'Too Many Requests', 'type': 'too_many_requests', 'param': None, 'code': 'too_many_requests'}}
500/2988 done
Failed for Feel - W Odpowiedzi Na Twój List: Error code: 429 - {'error': {'message': 'Too Many Requests', 'type': 'too_many_requests', 'param': None, 'code': 'too_many_requests'}}
Failed for Jakalope - Feel It: Error code: 429 - {'error': {'message': 'Too Many Requests', 'type': 'too_many_requests', 'param': None, 'code': 'too_many_requests'}}
Failed for Alanis Morissette - That Particular Time: Error code: 429 - {'error': {'message': 'Too Many Requests', 'type': 'too_many_requests', 'param': None, 'code': 'too_many_requests'}}
Failed for Genesis - Alone Tonight: Error code: 429 - {'error': {'message': 'Too Many Requests', 'type': 'too_many_requests', 'param': None, 'code': 'too_many_requests'}}
Failed for X - The World'S A Mess; It'S In My Kiss: Error code: 429 - {'error': {'message': 'Too Many Requests', 'type': 'too_many_requests', 'param': None, 'code': 'too_many_requests'}}
Failed for Atmosphere - Suicidegirls: Error code: 429 - {'error': {'message': 'Too Many Requests', 'type': 'too_many_requests', 'param': None, 'code': 'too_many_requests'}}
Failed for Don'T Panic - Coldplay: Error code: 429 - {'error': {'message': 'Too Many Requests', 'type': 'too_many_requests', 'param': None, 'code': 'too_many_requests'}}
Failed for 1200 Micrograms - Stoned Henge: Error code: 429 - {'error': {'message': 'Too Many Requests', 'type': 'too_many_requests', 'param': None, 'code': 'too_many_requests'}}
Failed for Mando Diao - Mr. Moon: Error code: 429 - {'error': {'message': 'Too Many Requests', 'type': 'too_many_requests', 'param': None, 'code': 'too_many_requests'}}
Failed for Dance Nation - Sunshine (Cor Fijneman'S Feel Fine Remix): Error code: 429 - {'error': {'message': 'Too Many Requests', 'type': 'too_many_requests', 'param': None, 'code': 'too_many_requests'}}
Failed for Tom Waits - House Where Nobody Lives: Error code: 429 - {'error': {'message': 'Too Many Requests', 'type': 'too_many_requests', 'param': None, 'code': 'too_many_requests'}}
Failed for Feist - Lovertits: Error code: 429 - {'error': {'message': 'Too Many Requests', 'type': 'too_many_requests', 'param': None, 'code': 'too_many_requests'}}
Failed for Eva Cassidy - Time Is A Healer: Error code: 429 - {'error': {'message': 'Too Many Requests', 'type': 'too_many_requests', 'param': None, 'code': 'too_many_requests'}}
Failed for Unkle - Inside: Error code: 429 - {'error': {'message': 'Too Many Requests', 'type': 'too_many_requests', 'param': None, 'code': 'too_many_requests'}}
Failed for Émilie Simon - Dernier Lit: Error code: 429 - {'error': {'message': 'Too Many Requests', 'type': 'too_many_requests', 'param': None, 'code': 'too_many_requests'}}
Failed for Brian Eno - Silver Morning: Error code: 429 - {'error': {'message': 'Too Many Requests', 'type': 'too_many_requests', 'param': None, 'code': 'too_many_requests'}}
Failed for Covenant - Prometheus: Error code: 429 - {'error': {'message': 'Too Many Requests', 'type': 'too_many_requests', 'param': None, 'code': 'too_many_requests'}}
Failed for Ringside - Criminal: Error code: 429 - {'error': {'message': 'Too Many Requests', 'type': 'too_many_requests', 'param': None, 'code': 'too_many_requests'}}
Failed for The Warlocks - Bleed Without You Babe: Error code: 429 - {'error': {'message': 'Too Many Requests', 'type': 'too_many_requests', 'param': None, 'code': 'too_many_requests'}}
Failed for Gene - Fill Her Up: Error code: 429 - {'error': {'message': 'Too Many Requests', 'type': 'too_many_requests', 'param': None, 'code': 'too_many_requests'}}
Failed for Savage Garden - Santa Monica: Error code: 429 - {'error': {'message': 'Too Many Requests', 'type': 'too_many_requests', 'param': None, 'code': 'too_many_requests'}}
Failed for Avantasia - The Scarecrow: Error code: 429 - {'error': {'message': 'Too Many Requests', 'type': 'too_many_requests', 'param': None, 'code': 'too_many_requests'}}
Failed for Dido - See The Sun: Error code: 429 - {'error': {'message': 'Too Many Requests', 'type': 'too_many_requests', 'param': None, 'code': 'too_many_requests'}}
Failed for Kid Rock - American Bad Ass: Error code: 429 - {'error': {'message': 'Too Many Requests', 'type': 'too_many_requests', 'param': None, 'code': 'too_many_requests'}}
Failed for Mors Principium Est - The Harmony Remains: Error code: 429 - {'error': {'message': 'Too Many Requests', 'type': 'too_many_requests', 'param': None, 'code': 'too_many_requests'}}
Failed for Arab Strap - Fine Tuning: Error code: 429 - {'error': {'message': 'Too Many Requests', 'type': 'too_many_requests', 'param': None, 'code': 'too_many_requests'}}
Failed for Unkle - Panic Attack: Error code: 429 - {'error': {'message': 'Too Many Requests', 'type': 'too_many_requests', 'param': None, 'code': 'too_many_requests'}}
Failed for Booka Shade - Solo City: Error code: 429 - {'error': {'message': 'Too Many Requests', 'type': 'too_many_requests', 'param': None, 'code': 'too_many_requests'}}
Failed for Dashboard Confessional - For You To Notice: Error code: 429 - {'error': {'message': 'Too Many Requests', 'type': 'too_many_requests', 'param': None, 'code': 'too_many_requests'}}
Failed for Cat Power - Woman Left Lonely: Error code: 429 - {'error': {'message': 'Too Many Requests', 'type': 'too_many_requests', 'param': None, 'code': 'too_many_requests'}}
Failed for The Georgia Satellites - Dan Takes Five: Error code: 429 - {'error': {'message': 'Too Many Requests', 'type': 'too_many_requests', 'param': None, 'code': 'too_many_requests'}}
Failed for Jack Off Jill - Losing His Touch: Error code: 429 - {'error': {'message': 'Too Many Requests', 'type': 'too_many_requests', 'param': None, 'code': 'too_many_requests'}}
Failed for Other Men - Uhhhh…: Error code: 429 - {'error': {'message': 'Too Many Requests', 'type': 'too_many_requests', 'param': None, 'code': 'too_many_requests'}}
Failed for Otis Redding - A Change Is Gonna Come: Error code: 429 - {'error': {'message': 'Too Many Requests', 'type': 'too_many_requests', 'param': None, 'code': 'too_many_requests'}}
Failed for The Cure - Labyrinth: Error code: 429 - {'error': {'message': 'Too Many Requests', 'type': 'too_many_requests', 'param': None, 'code': 'too_many_requests'}}
Failed for Combichrist - Today We Are All Demons: Error code: 429 - {'error': {'message': 'Too Many Requests', 'type': 'too_many_requests', 'param': None, 'code': 'too_many_requests'}}
Failed for The Cure - Lets Go To Bed: Error code: 429 - {'error': {'message': 'Too Many Requests', 'type': 'too_many_requests', 'param': None, 'code': 'too_many_requests'}}
Failed for T.A.T.U. - All The Things She Said (Karaoke Mix): Error code: 429 - {'error': {'message': 'Too Many Requests', 'type': 'too_many_requests', 'param': None, 'code': 'too_many_requests'}}
Failed for Ramsey Lewis - Sun Goddess: Error code: 429 - {'error': {'message': 'Too Many Requests', 'type': 'too_many_requests', 'param': None, 'code': 'too_many_requests'}}
Failed for Kill Hannah - Kennedy: Error code: 429 - {'error': {'message': 'Too Many Requests', 'type': 'too_many_requests', 'param': None, 'code': 'too_many_requests'}}
Failed for Rancid - The Way I Feel: Error code: 429 - {'error': {'message': 'Too Many Requests', 'type': 'too_many_requests', 'param': None, 'code': 'too_many_requests'}}
Failed for Beastie Boys - Futterman'S Rule: Error code: 429 - {'error': {'message': 'Too Many Requests', 'type': 'too_many_requests', 'param': None, 'code': 'too_many_requests'}}
Failed for Atmosphere - Can'T Break: Error code: 429 - {'error': {'message': 'Too Many Requests', 'type': 'too_many_requests', 'param': None, 'code': 'too_many_requests'}}
Failed for Idlewild - Finished It Remains: Error code: 429 - {'error': {'message': 'Too Many Requests', 'type': 'too_many_requests', 'param': None, 'code': 'too_many_requests'}}
Failed for Static-X - Burn To Burn: Error code: 429 - {'error': {'message': 'Too Many Requests', 'type': 'too_many_requests', 'param': None, 'code': 'too_many_requests'}}
Failed for Rancid - Life Won'T Wait: Error code: 429 - {'error': {'message': 'Too Many Requests', 'type': 'too_many_requests', 'param': None, 'code': 'too_many_requests'}}
Failed for Ayreon - Age Of Shadows (Edit): Error code: 429 - {'error': {'message': 'Too Many Requests', 'type': 'too_many_requests', 'param': None, 'code': 'too_many_requests'}}
Failed for The Pussycat Dolls - Wait A Minute: Error code: 429 - {'error': {'message': 'Too Many Requests', 'type': 'too_many_requests', 'param': None, 'code': 'too_many_requests'}}
Failed for Morning Runner - Work: Error code: 429 - {'error': {'message': 'Too Many Requests', 'type': 'too_many_requests', 'param': None, 'code': 'too_many_requests'}}
Failed for Jaga Jazzist - Swedenborgske Rom: Error code: 429 - {'error': {'message': 'Too Many Requests', 'type': 'too_many_requests', 'param': None, 'code': 'too_many_requests'}}
Failed for The Juliana Hatfield Three - This Is The Sound: Error code: 429 - {'error': {'message': 'Too Many Requests', 'type': 'too_many_requests', 'param': None, 'code': 'too_many_requests'}}
Failed for The Juliana Hatfield Three - A Dame With A Rod: Error code: 429 - {'error': {'message': 'Too Many Requests', 'type': 'too_many_requests', 'param': None, 'code': 'too_many_requests'}}
Failed for Three Drives - Greece 2000 (Dj Shog Remix): Error code: 429 - {'error': {'message': 'Too Many Requests', 'type': 'too_many_requests', 'param': None, 'code': 'too_many_requests'}}
Failed for Chicks On Speed - Warm Leatherette: Error code: 429 - {'error': {'message': 'Too Many Requests', 'type': 'too_many_requests', 'param': None, 'code': 'too_many_requests'}}
Failed for Thrice - Between The End And Where We Lie: Error code: 429 - {'error': {'message': 'Too Many Requests', 'type': 'too_many_requests', 'param': None, 'code': 'too_many_requests'}}
Failed for Chikinki - Hate Tv: Error code: 429 - {'error': {'message': 'Too Many Requests', 'type': 'too_many_requests', 'param': None, 'code': 'too_many_requests'}}
Failed for Drain Sth - Serve The Shame: Error code: 429 - {'error': {'message': 'Too Many Requests', 'type': 'too_many_requests', 'param': None, 'code': 'too_many_requests'}}
Failed for Man Man - Black Mission Goggles: Error code: 429 - {'error': {'message': 'Too Many Requests', 'type': 'too_many_requests', 'param': None, 'code': 'too_many_requests'}}
Failed for Lucybell - Sembrando: Error code: 429 - {'error': {'message': 'Too Many Requests', 'type': 'too_many_requests', 'param': None, 'code': 'too_many_requests'}}
Failed for Manchester Orchestra - Wolves At Night: Error code: 429 - {'error': {'message': 'Too Many Requests', 'type': 'too_many_requests', 'param': None, 'code': 'too_many_requests'}}
Failed for Blue Man Group - Tension Song: Error code: 429 - {'error': {'message': 'Too Many Requests', 'type': 'too_many_requests', 'param': None, 'code': 'too_many_requests'}}
Failed for Blue Man Group - Feast Picking: Error code: 429 - {'error': {'message': 'Too Many Requests', 'type': 'too_many_requests', 'param': None, 'code': 'too_many_requests'}}
Failed for The Tea Party - Walking Wounded: Error code: 429 - {'error': {'message': 'Too Many Requests', 'type': 'too_many_requests', 'param': None, 'code': 'too_many_requests'}}
Failed for Blind Guardian - The Bard'S Song: The Hobbit: Error code: 429 - {'error': {'message': 'Too Many Requests', 'type': 'too_many_requests', 'param': None, 'code': 'too_many_requests'}}
Failed for Dream Theater - Blind Faith: Error code: 429 - {'error': {'message': 'Too Many Requests', 'type': 'too_many_requests', 'param': None, 'code': 'too_many_requests'}}
Failed for The Russian Futurists - Hurtin' 4 Certain: Error code: 429 - {'error': {'message': 'Too Many Requests', 'type': 'too_many_requests', 'param': None, 'code': 'too_many_requests'}}
Failed for Department Of Eagles - Therapy Car Noise: Error code: 429 - {'error': {'message': 'Too Many Requests', 'type': 'too_many_requests', 'param': None, 'code': 'too_many_requests'}}
Failed for Moonspell - Full Moon Madness: Error code: 429 - {'error': {'message': 'Too Many Requests', 'type': 'too_many_requests', 'param': None, 'code': 'too_many_requests'}}
Failed for Moonspell - Ruin & Misery: Error code: 429 - {'error': {'message': 'Too Many Requests', 'type': 'too_many_requests', 'param': None, 'code': 'too_many_requests'}}
Failed for Killing The Dream - Save. Our. Ship: Error code: 429 - {'error': {'message': 'Too Many Requests', 'type': 'too_many_requests', 'param': None, 'code': 'too_many_requests'}}
Failed for Turin Brakes - Long Distance: Error code: 429 - {'error': {'message': 'Too Many Requests', 'type': 'too_many_requests', 'param': None, 'code': 'too_many_requests'}}
Failed for Dread Zeppelin - The Girl I Love: Error code: 429 - {'error': {'message': 'Too Many Requests', 'type': 'too_many_requests', 'param': None, 'code': 'too_many_requests'}}
Failed for The Warlocks - Evil Eyes Again: Error code: 429 - {'error': {'message': 'Too Many Requests', 'type': 'too_many_requests', 'param': None, 'code': 'too_many_requests'}}
Failed for F.R. David - Words: Error code: 429 - {'error': {'message': 'Too Many Requests', 'type': 'too_many_requests', 'param': None, 'code': 'too_many_requests'}}
Failed for Ride - Not Fazed: Error code: 429 - {'error': {'message': 'Too Many Requests', 'type': 'too_many_requests', 'param': None, 'code': 'too_many_requests'}}
Failed for The Russian Futurists - Two Dots On A Map: Error code: 429 - {'error': {'message': 'Too Many Requests', 'type': 'too_many_requests', 'param': None, 'code': 'too_many_requests'}}
Failed for Fahrenheit - Por Ti: Error code: 429 - {'error': {'message': 'Too Many Requests', 'type': 'too_many_requests', 'param': None, 'code': 'too_many_requests'}}
Failed for The Rumble Strips - Motorcycle: Error code: 429 - {'error': {'message': 'Too Many Requests', 'type': 'too_many_requests', 'param': None, 'code': 'too_many_requests'}}
Failed for Kt Tunstall - White Bird: Error code: 429 - {'error': {'message': 'Too Many Requests', 'type': 'too_many_requests', 'param': None, 'code': 'too_many_requests'}}
Failed for Shakira - Estoy Aquí: Error code: 429 - {'error': {'message': 'Too Many Requests', 'type': 'too_many_requests', 'param': None, 'code': 'too_many_requests'}}
Failed for Jaga Jazzist - Going Down: Error code: 429 - {'error': {'message': 'Too Many Requests', 'type': 'too_many_requests', 'param': None, 'code': 'too_many_requests'}}
Failed for Otep - Blood Pigs: Error code: 429 - {'error': {'message': 'Too Many Requests', 'type': 'too_many_requests', 'param': None, 'code': 'too_many_requests'}}
Failed for Alanis Morissette - Wunderkind: Error code: 429 - {'error': {'message': 'Too Many Requests', 'type': 'too_many_requests', 'param': None, 'code': 'too_many_requests'}}
Failed for Booka Shade - The Sun & The Neon Light: Error code: 429 - {'error': {'message': 'Too Many Requests', 'type': 'too_many_requests', 'param': None, 'code': 'too_many_requests'}}
Failed for Booka Shade - Redemption: Error code: 429 - {'error': {'message': 'Too Many Requests', 'type': 'too_many_requests', 'param': None, 'code': 'too_many_requests'}}
Failed for Tom Waits - Grapefruit Moon: Error code: 429 - {'error': {'message': 'Too Many Requests', 'type': 'too_many_requests', 'param': None, 'code': 'too_many_requests'}}
Failed for Jack Peñate - Run For Your Life: Error code: 429 - {'error': {'message': 'Too Many Requests', 'type': 'too_many_requests', 'param': None, 'code': 'too_many_requests'}}
Failed for Black Moth Super Rainbow - Sun Lips: Error code: 429 - {'error': {'message': 'Too Many Requests', 'type': 'too_many_requests', 'param': None, 'code': 'too_many_requests'}}
Failed for Rata Blanca - Blues: Error code: 429 - {'error': {'message': 'Too Many Requests', 'type': 'too_many_requests', 'param': None, 'code': 'too_many_requests'}}
Failed for Spiritualized - The Slide Song: Error code: 429 - {'error': {'message': 'Too Many Requests', 'type': 'too_many_requests', 'param': None, 'code': 'too_many_requests'}}
Failed for Chevelle - Family System: Error code: 429 - {'error': {'message': 'Too Many Requests', 'type': 'too_many_requests', 'param': None, 'code': 'too_many_requests'}}
Failed for Armin Van Buuren - Fine Without You (Feat. Jennifer Rene): Error code: 429 - {'error': {'message': 'Too Many Requests', 'type': 'too_many_requests', 'param': None, 'code': 'too_many_requests'}}
Failed for Gomez - Love Is Better Than A Warm Trombone: Error code: 429 - {'error': {'message': 'Too Many Requests', 'type': 'too_many_requests', 'param': None, 'code': 'too_many_requests'}}
Failed for The Raconteurs - These Stones Will Shout: Error code: 429 - {'error': {'message': 'Too Many Requests', 'type': 'too_many_requests', 'param': None, 'code': 'too_many_requests'}}
Failed for Tori Amos - Rattlesnakes: Error code: 429 - {'error': {'message': 'Too Many Requests', 'type': 'too_many_requests', 'param': None, 'code': 'too_many_requests'}}
600/2988 done
Failed for De-Phazz - Happiness: Error code: 429 - {'error': {'message': 'Too Many Requests', 'type': 'too_many_requests', 'param': None, 'code': 'too_many_requests'}}
Failed for Randy Newman - Mcqueen'S Lost: Error code: 429 - {'error': {'message': 'Too Many Requests', 'type': 'too_many_requests', 'param': None, 'code': 'too_many_requests'}}
Failed for Randy Newman - It'S A Jungle Out There: Error code: 429 - {'error': {'message': 'Too Many Requests', 'type': 'too_many_requests', 'param': None, 'code': 'too_many_requests'}}
Failed for Vive La Fête - Maladie D'Un Fou: Error code: 429 - {'error': {'message': 'Too Many Requests', 'type': 'too_many_requests', 'param': None, 'code': 'too_many_requests'}}
Failed for Vive La Fête - Kl: Error code: 429 - {'error': {'message': 'Too Many Requests', 'type': 'too_many_requests', 'param': None, 'code': 'too_many_requests'}}
Failed for Gomez - 78 Stone Wobble: Error code: 429 - {'error': {'message': 'Too Many Requests', 'type': 'too_many_requests', 'param': None, 'code': 'too_many_requests'}}
Failed for Tenacious D - Cosmic Shame: Error code: 429 - {'error': {'message': 'Too Many Requests', 'type': 'too_many_requests', 'param': None, 'code': 'too_many_requests'}}
Failed for Killing The Dream - January 2Nd: Error code: 429 - {'error': {'message': 'Too Many Requests', 'type': 'too_many_requests', 'param': None, 'code': 'too_many_requests'}}
Failed for Killswitch Engage - Holy Diver (Live): Error code: 429 - {'error': {'message': 'Too Many Requests', 'type': 'too_many_requests', 'param': None, 'code': 'too_many_requests'}}
Failed for The John Butler Trio - Zebra: Error code: 429 - {'error': {'message': 'Too Many Requests', 'type': 'too_many_requests', 'param': None, 'code': 'too_many_requests'}}
Failed for Morcheeba - Shallow End: Error code: 429 - {'error': {'message': 'Too Many Requests', 'type': 'too_many_requests', 'param': None, 'code': 'too_many_requests'}}
Failed for Good Charlotte - The World Is Black: Error code: 429 - {'error': {'message': 'Too Many Requests', 'type': 'too_many_requests', 'param': None, 'code': 'too_many_requests'}}
Failed for The Raconteurs - Rich Kid Blues: Error code: 429 - {'error': {'message': 'Too Many Requests', 'type': 'too_many_requests', 'param': None, 'code': 'too_many_requests'}}
Failed for The Sword - Barael'S Blade: Error code: 429 - {'error': {'message': 'Too Many Requests', 'type': 'too_many_requests', 'param': None, 'code': 'too_many_requests'}}
Failed for The Sword - Celestial Crown: Error code: 429 - {'error': {'message': 'Too Many Requests', 'type': 'too_many_requests', 'param': None, 'code': 'too_many_requests'}}
Failed for Blue October - Sound Of Pulling Heaven Down: Error code: 429 - {'error': {'message': 'Too Many Requests', 'type': 'too_many_requests', 'param': None, 'code': 'too_many_requests'}}
Failed for Blind Guardian - Somewhere Far Beyond: Error code: 429 - {'error': {'message': 'Too Many Requests', 'type': 'too_many_requests', 'param': None, 'code': 'too_many_requests'}}
Failed for Slayer - Dittohead: Error code: 429 - {'error': {'message': 'Too Many Requests', 'type': 'too_many_requests', 'param': None, 'code': 'too_many_requests'}}
Failed for Embrace - Out Of Nothing: Error code: 429 - {'error': {'message': 'Too Many Requests', 'type': 'too_many_requests', 'param': None, 'code': 'too_many_requests'}}
Failed for Slagsmålsklubben - The World Welcomes Fame: Error code: 429 - {'error': {'message': 'Too Many Requests', 'type': 'too_many_requests', 'param': None, 'code': 'too_many_requests'}}
Failed for Blind Guardian - Spread Your Wings: Error code: 429 - {'error': {'message': 'Too Many Requests', 'type': 'too_many_requests', 'param': None, 'code': 'too_many_requests'}}
Failed for Moonspell - At The Image Of Pain: Error code: 429 - {'error': {'message': 'Too Many Requests', 'type': 'too_many_requests', 'param': None, 'code': 'too_many_requests'}}
Failed for George Michael - Move On: Error code: 429 - {'error': {'message': 'Too Many Requests', 'type': 'too_many_requests', 'param': None, 'code': 'too_many_requests'}}
Failed for Tom Petty And The Heartbreakers - Runnin' Down A Dream: Error code: 429 - {'error': {'message': 'Too Many Requests', 'type': 'too_many_requests', 'param': None, 'code': 'too_many_requests'}}
Failed for Scarling. - City Noise: Error code: 429 - {'error': {'message': 'Too Many Requests', 'type': 'too_many_requests', 'param': None, 'code': 'too_many_requests'}}
Failed for Damian Marley - All Night: Error code: 429 - {'error': {'message': 'Too Many Requests', 'type': 'too_many_requests', 'param': None, 'code': 'too_many_requests'}}
Failed for The Beautiful South - We Are Each Other: Error code: 429 - {'error': {'message': 'Too Many Requests', 'type': 'too_many_requests', 'param': None, 'code': 'too_many_requests'}}
Failed for Andrés Calamaro - Corazón En Venta: Error code: 429 - {'error': {'message': 'Too Many Requests', 'type': 'too_many_requests', 'param': None, 'code': 'too_many_requests'}}
Failed for Gojira - Yama'S Messengers: Error code: 429 - {'error': {'message': 'Too Many Requests', 'type': 'too_many_requests', 'param': None, 'code': 'too_many_requests'}}
Failed for Scarlett Johansson - Falling Down: Error code: 429 - {'error': {'message': 'Too Many Requests', 'type': 'too_many_requests', 'param': None, 'code': 'too_many_requests'}}
Failed for Mono - Are You There?: Error code: 429 - {'error': {'message': 'Too Many Requests', 'type': 'too_many_requests', 'param': None, 'code': 'too_many_requests'}}
Failed for Aberfeldy - A Friend Like You: Error code: 429 - {'error': {'message': 'Too Many Requests', 'type': 'too_many_requests', 'param': None, 'code': 'too_many_requests'}}
Failed for The Cult - Wild Flower: Error code: 429 - {'error': {'message': 'Too Many Requests', 'type': 'too_many_requests', 'param': None, 'code': 'too_many_requests'}}
Failed for Monster Magnet - Space Lord: Error code: 429 - {'error': {'message': 'Too Many Requests', 'type': 'too_many_requests', 'param': None, 'code': 'too_many_requests'}}
Failed for Kimya Dawson - Underground: Error code: 429 - {'error': {'message': 'Too Many Requests', 'type': 'too_many_requests', 'param': None, 'code': 'too_many_requests'}}
Failed for Moonspell - A Walk On The Darkside: Error code: 429 - {'error': {'message': 'Too Many Requests', 'type': 'too_many_requests', 'param': None, 'code': 'too_many_requests'}}
Failed for Iván Ferreiro - Turnedo: Error code: 429 - {'error': {'message': 'Too Many Requests', 'type': 'too_many_requests', 'param': None, 'code': 'too_many_requests'}}
Failed for Goldfrapp - Strict Machine (Single Mix): Error code: 429 - {'error': {'message': 'Too Many Requests', 'type': 'too_many_requests', 'param': None, 'code': 'too_many_requests'}}
Failed for Gojira - Remembrance: Error code: 429 - {'error': {'message': 'Too Many Requests', 'type': 'too_many_requests', 'param': None, 'code': 'too_many_requests'}}
Failed for Mamonas Assassinas - Mundo Animal: Error code: 429 - {'error': {'message': 'Too Many Requests', 'type': 'too_many_requests', 'param': None, 'code': 'too_many_requests'}}
Failed for The Cure - Dressing Up: Error code: 429 - {'error': {'message': 'Too Many Requests', 'type': 'too_many_requests', 'param': None, 'code': 'too_many_requests'}}
Failed for Ratatat - Shempi (Zongamin Remix): Error code: 429 - {'error': {'message': 'Too Many Requests', 'type': 'too_many_requests', 'param': None, 'code': 'too_many_requests'}}
Failed for Vive La Fête - Joyeux: Error code: 429 - {'error': {'message': 'Too Many Requests', 'type': 'too_many_requests', 'param': None, 'code': 'too_many_requests'}}
Failed for The Cure - Boys Don'T Cry (Acoustic): Error code: 429 - {'error': {'message': 'Too Many Requests', 'type': 'too_many_requests', 'param': None, 'code': 'too_many_requests'}}
Failed for Idlewild - You And I Are Both Away: Error code: 429 - {'error': {'message': 'Too Many Requests', 'type': 'too_many_requests', 'param': None, 'code': 'too_many_requests'}}
Failed for Idlewild - Safe And Sound: Error code: 429 - {'error': {'message': 'Too Many Requests', 'type': 'too_many_requests', 'param': None, 'code': 'too_many_requests'}}
Failed for Paul Van Dyk - A Magical Moment: Error code: 429 - {'error': {'message': 'Too Many Requests', 'type': 'too_many_requests', 'param': None, 'code': 'too_many_requests'}}
Failed for Cat Stevens - On The Road To Find Out: Error code: 429 - {'error': {'message': 'Too Many Requests', 'type': 'too_many_requests', 'param': None, 'code': 'too_many_requests'}}
Failed for Alien Ant Farm - Sticks And Stones: Error code: 429 - {'error': {'message': 'Too Many Requests', 'type': 'too_many_requests', 'param': None, 'code': 'too_many_requests'}}
Failed for Cat Stevens - Into White: Error code: 429 - {'error': {'message': 'Too Many Requests', 'type': 'too_many_requests', 'param': None, 'code': 'too_many_requests'}}
Failed for Paul Van Dyk - Vega: Error code: 429 - {'error': {'message': 'Too Many Requests', 'type': 'too_many_requests', 'param': None, 'code': 'too_many_requests'}}
Failed for Brendan Benson - Feel Like Myself: Error code: 429 - {'error': {'message': 'Too Many Requests', 'type': 'too_many_requests', 'param': None, 'code': 'too_many_requests'}}
Failed for Kings Of Leon - Head To Toe: Error code: 429 - {'error': {'message': 'Too Many Requests', 'type': 'too_many_requests', 'param': None, 'code': 'too_many_requests'}}
Failed for Kings Of Convenience - Singing: Error code: 429 - {'error': {'message': 'Too Many Requests', 'type': 'too_many_requests', 'param': None, 'code': 'too_many_requests'}}
Failed for Mokoma - En Elä Talven Yli: Error code: 429 - {'error': {'message': 'Too Many Requests', 'type': 'too_many_requests', 'param': None, 'code': 'too_many_requests'}}
Failed for Abba - Happy New Year: Error code: 429 - {'error': {'message': 'Too Many Requests', 'type': 'too_many_requests', 'param': None, 'code': 'too_many_requests'}}
Failed for Abba - Eagle: Error code: 429 - {'error': {'message': 'Too Many Requests', 'type': 'too_many_requests', 'param': None, 'code': 'too_many_requests'}}
Failed for Gogol Bordello - Punk Rock Parranda: Error code: 429 - {'error': {'message': 'Too Many Requests', 'type': 'too_many_requests', 'param': None, 'code': 'too_many_requests'}}
Failed for Abba - Gimme Gimme Gimme: Error code: 429 - {'error': {'message': 'Too Many Requests', 'type': 'too_many_requests', 'param': None, 'code': 'too_many_requests'}}
Failed for Atb - 9 Pm (Till I Come): Error code: 429 - {'error': {'message': 'Too Many Requests', 'type': 'too_many_requests', 'param': None, 'code': 'too_many_requests'}}
Failed for The Aliens - Rox: Error code: 429 - {'error': {'message': 'Too Many Requests', 'type': 'too_many_requests', 'param': None, 'code': 'too_many_requests'}}
Failed for Evanescence - Origin: Error code: 429 - {'error': {'message': 'Too Many Requests', 'type': 'too_many_requests', 'param': None, 'code': 'too_many_requests'}}
Failed for Mokoma - Marjat: Error code: 429 - {'error': {'message': 'Too Many Requests', 'type': 'too_many_requests', 'param': None, 'code': 'too_many_requests'}}
Failed for Kings Of Leon - Trani (Live): Error code: 429 - {'error': {'message': 'Too Many Requests', 'type': 'too_many_requests', 'param': None, 'code': 'too_many_requests'}}
Failed for Moloko - I Want You: Error code: 429 - {'error': {'message': 'Too Many Requests', 'type': 'too_many_requests', 'param': None, 'code': 'too_many_requests'}}
Failed for Brendan Benson - Eventually: Error code: 429 - {'error': {'message': 'Too Many Requests', 'type': 'too_many_requests', 'param': None, 'code': 'too_many_requests'}}
Failed for Boozoo Bajou - Under My Sensi: Error code: 429 - {'error': {'message': 'Too Many Requests', 'type': 'too_many_requests', 'param': None, 'code': 'too_many_requests'}}
Failed for The Roots - Take It There: Error code: 429 - {'error': {'message': 'Too Many Requests', 'type': 'too_many_requests', 'param': None, 'code': 'too_many_requests'}}
Failed for Richard Hell & The Voidoids - Another World: Error code: 429 - {'error': {'message': 'Too Many Requests', 'type': 'too_many_requests', 'param': None, 'code': 'too_many_requests'}}
Failed for Atlas Sound - The Time I Spent With Nico (Quiet): Error code: 429 - {'error': {'message': 'Too Many Requests', 'type': 'too_many_requests', 'param': None, 'code': 'too_many_requests'}}
Failed for Dope Stars Inc. - Beatcrusher: Error code: 429 - {'error': {'message': 'Too Many Requests', 'type': 'too_many_requests', 'param': None, 'code': 'too_many_requests'}}
Failed for Staind - Can'T Believe: Error code: 429 - {'error': {'message': 'Too Many Requests', 'type': 'too_many_requests', 'param': None, 'code': 'too_many_requests'}}
Failed for Dope - Die Mf Die: Error code: 429 - {'error': {'message': 'Too Many Requests', 'type': 'too_many_requests', 'param': None, 'code': 'too_many_requests'}}
Failed for Catatonia - Johnny Come Lately: Error code: 429 - {'error': {'message': 'Too Many Requests', 'type': 'too_many_requests', 'param': None, 'code': 'too_many_requests'}}
Failed for Staind - Change: Error code: 429 - {'error': {'message': 'Too Many Requests', 'type': 'too_many_requests', 'param': None, 'code': 'too_many_requests'}}
Failed for Outkast - Wheelz Of Steel: Error code: 429 - {'error': {'message': 'Too Many Requests', 'type': 'too_many_requests', 'param': None, 'code': 'too_many_requests'}}
Failed for Alicia Keys - Go Ahead: Error code: 429 - {'error': {'message': 'Too Many Requests', 'type': 'too_many_requests', 'param': None, 'code': 'too_many_requests'}}
Failed for J. Karjalainen - Telepatiaa: Error code: 429 - {'error': {'message': 'Too Many Requests', 'type': 'too_many_requests', 'param': None, 'code': 'too_many_requests'}}
Failed for Outkast - Return Of The G: Error code: 429 - {'error': {'message': 'Too Many Requests', 'type': 'too_many_requests', 'param': None, 'code': 'too_many_requests'}}
Failed for George Harrison - All Things Must Pass: Error code: 429 - {'error': {'message': 'Too Many Requests', 'type': 'too_many_requests', 'param': None, 'code': 'too_many_requests'}}
Failed for The Clash - Hitsville U.K.: Error code: 429 - {'error': {'message': 'Too Many Requests', 'type': 'too_many_requests', 'param': None, 'code': 'too_many_requests'}}
Failed for Paul Oakenfold - Faster Kill Pussycat (Feat. Brittany Murphy): Error code: 429 - {'error': {'message': 'Too Many Requests', 'type': 'too_many_requests', 'param': None, 'code': 'too_many_requests'}}
Failed for Counting Crows - Catapult: Error code: 429 - {'error': {'message': 'Too Many Requests', 'type': 'too_many_requests', 'param': None, 'code': 'too_many_requests'}}
Failed for The Go-Betweens - Cattle And Cane: Error code: 429 - {'error': {'message': 'Too Many Requests', 'type': 'too_many_requests', 'param': None, 'code': 'too_many_requests'}}
Failed for Woven Hand - Truly Golden: Error code: 429 - {'error': {'message': 'Too Many Requests', 'type': 'too_many_requests', 'param': None, 'code': 'too_many_requests'}}
Failed for Die Apokalyptischen Reiter - Riders On The Storm: Error code: 429 - {'error': {'message': 'Too Many Requests', 'type': 'too_many_requests', 'param': None, 'code': 'too_many_requests'}}
Failed for Die Apokalyptischen Reiter - Revolution: Error code: 429 - {'error': {'message': 'Too Many Requests', 'type': 'too_many_requests', 'param': None, 'code': 'too_many_requests'}}
Failed for Supafly Inc. - Moving Too Fast: Error code: 429 - {'error': {'message': 'Too Many Requests', 'type': 'too_many_requests', 'param': None, 'code': 'too_many_requests'}}
Failed for Alicia Keys - Jane Doe: Error code: 429 - {'error': {'message': 'Too Many Requests', 'type': 'too_many_requests', 'param': None, 'code': 'too_many_requests'}}
Failed for Scar Symmetry - Morphogenesis: Error code: 429 - {'error': {'message': 'Too Many Requests', 'type': 'too_many_requests', 'param': None, 'code': 'too_many_requests'}}
Failed for Paul Lekakis - Boom Boom (Let'S Go Back To My Room) (Skitz Radio Mix): Error code: 429 - {'error': {'message': 'Too Many Requests', 'type': 'too_many_requests', 'param': None, 'code': 'too_many_requests'}}
Failed for Alicia Keys - Lesson Learned (Feat. John Mayer): Error code: 429 - {'error': {'message': 'Too Many Requests', 'type': 'too_many_requests', 'param': None, 'code': 'too_many_requests'}}
Failed for The God Machine - The Flower Song: Error code: 429 - {'error': {'message': 'Too Many Requests', 'type': 'too_many_requests', 'param': None, 'code': 'too_many_requests'}}
Failed for Paul Giovanni And Magnet - Willow'S Song: Error code: 429 - {'error': {'message': 'Too Many Requests', 'type': 'too_many_requests', 'param': None, 'code': 'too_many_requests'}}
Failed for Slayer - Love To Hate: Error code: 429 - {'error': {'message': 'Too Many Requests', 'type': 'too_many_requests', 'param': None, 'code': 'too_many_requests'}}
Failed for Ataxia - Another: Error code: 429 - {'error': {'message': 'Too Many Requests', 'type': 'too_many_requests', 'param': None, 'code': 'too_many_requests'}}
700/2988 done
Failed for Eve 6 - Rescue: Error code: 429 - {'error': {'message': 'Too Many Requests', 'type': 'too_many_requests', 'param': None, 'code': 'too_many_requests'}}
Failed for Sébastien Tellier - Broadway: Error code: 429 - {'error': {'message': 'Too Many Requests', 'type': 'too_many_requests', 'param': None, 'code': 'too_many_requests'}}
Failed for Shinedown - Stranger Inside: Error code: 429 - {'error': {'message': 'Too Many Requests', 'type': 'too_many_requests', 'param': None, 'code': 'too_many_requests'}}
Failed for Gogol Bordello - East Infection: Error code: 429 - {'error': {'message': 'Too Many Requests', 'type': 'too_many_requests', 'param': None, 'code': 'too_many_requests'}}
Failed for Dope Stars Inc. - Play 'N' Kill: Error code: 429 - {'error': {'message': 'Too Many Requests', 'type': 'too_many_requests', 'param': None, 'code': 'too_many_requests'}}
Failed for P!Nk - Who Knew (Bimbo Jones Radio Edit): Error code: 429 - {'error': {'message': 'Too Many Requests', 'type': 'too_many_requests', 'param': None, 'code': 'too_many_requests'}}
Failed for P!Nk - Waiting For Love: Error code: 429 - {'error': {'message': 'Too Many Requests', 'type': 'too_many_requests', 'param': None, 'code': 'too_many_requests'}}
Failed for Dragonforce - Fields Of Despair: Error code: 429 - {'error': {'message': 'Too Many Requests', 'type': 'too_many_requests', 'param': None, 'code': 'too_many_requests'}}
Failed for Dragonforce - Valley Of The Damned: Error code: 429 - {'error': {'message': 'Too Many Requests', 'type': 'too_many_requests', 'param': None, 'code': 'too_many_requests'}}
Failed for Turin Brakes - Feeling Oblivion: Error code: 429 - {'error': {'message': 'Too Many Requests', 'type': 'too_many_requests', 'param': None, 'code': 'too_many_requests'}}
Failed for Dragonforce - Above The Winter Moonlight: Error code: 429 - {'error': {'message': 'Too Many Requests', 'type': 'too_many_requests', 'param': None, 'code': 'too_many_requests'}}
Failed for Breaking Benjamin - Topless: Error code: 429 - {'error': {'message': 'Too Many Requests', 'type': 'too_many_requests', 'param': None, 'code': 'too_many_requests'}}
Failed for Säkert! - Vi Kommer Att Dö Samtidigt: Error code: 429 - {'error': {'message': 'Too Many Requests', 'type': 'too_many_requests', 'param': None, 'code': 'too_many_requests'}}
Failed for Szymon Wydra & Carpe Diem - Życie Jak Poemat: Error code: 429 - {'error': {'message': 'Too Many Requests', 'type': 'too_many_requests', 'param': None, 'code': 'too_many_requests'}}
Failed for Elliott Smith - Waltz #2: Error code: 429 - {'error': {'message': 'Too Many Requests', 'type': 'too_many_requests', 'param': None, 'code': 'too_many_requests'}}
Failed for Depeche Mode - Corrupt: Error code: 429 - {'error': {'message': 'Too Many Requests', 'type': 'too_many_requests', 'param': None, 'code': 'too_many_requests'}}
Failed for Slipknot - Psychosocial (Album Version): Error code: 429 - {'error': {'message': 'Too Many Requests', 'type': 'too_many_requests', 'param': None, 'code': 'too_many_requests'}}
Failed for Islands - We Swim: Error code: 429 - {'error': {'message': 'Too Many Requests', 'type': 'too_many_requests', 'param': None, 'code': 'too_many_requests'}}
Failed for P. Diddy - Last Night (Feat. Keyshia Cole): Error code: 429 - {'error': {'message': 'Too Many Requests', 'type': 'too_many_requests', 'param': None, 'code': 'too_many_requests'}}
Failed for Art Brut - Jealous Guy: Error code: 429 - {'error': {'message': 'Too Many Requests', 'type': 'too_many_requests', 'param': None, 'code': 'too_many_requests'}}
Failed for The Weepies - Not Dead Yet: Error code: 429 - {'error': {'message': 'Too Many Requests', 'type': 'too_many_requests', 'param': None, 'code': 'too_many_requests'}}
Failed for Art Brut - Moving To La: Error code: 429 - {'error': {'message': 'Too Many Requests', 'type': 'too_many_requests', 'param': None, 'code': 'too_many_requests'}}
Failed for Finntroll - Midnattens Widunder: Error code: 429 - {'error': {'message': 'Too Many Requests', 'type': 'too_many_requests', 'param': None, 'code': 'too_many_requests'}}
Failed for Anton Maiden - To Tame A Land: Error code: 429 - {'error': {'message': 'Too Many Requests', 'type': 'too_many_requests', 'param': None, 'code': 'too_many_requests'}}
Failed for Damian Marley - The Master Has Come Back: Error code: 429 - {'error': {'message': 'Too Many Requests', 'type': 'too_many_requests', 'param': None, 'code': 'too_many_requests'}}
Failed for Die Apokalyptischen Reiter - Der Adler: Error code: 429 - {'error': {'message': 'Too Many Requests', 'type': 'too_many_requests', 'param': None, 'code': 'too_many_requests'}}
Failed for Dir En Grey - Raison Detre: Error code: 429 - {'error': {'message': 'Too Many Requests', 'type': 'too_many_requests', 'param': None, 'code': 'too_many_requests'}}
Failed for This Mortal Coil - Waves Become Wings: Error code: 429 - {'error': {'message': 'Too Many Requests', 'type': 'too_many_requests', 'param': None, 'code': 'too_many_requests'}}
Failed for P!Nk - Mean: Error code: 429 - {'error': {'message': 'Too Many Requests', 'type': 'too_many_requests', 'param': None, 'code': 'too_many_requests'}}
Failed for Godsmack - Releasing The Demons: Error code: 429 - {'error': {'message': 'Too Many Requests', 'type': 'too_many_requests', 'param': None, 'code': 'too_many_requests'}}
Failed for Andy Mckee - Nocturne: Error code: 429 - {'error': {'message': 'Too Many Requests', 'type': 'too_many_requests', 'param': None, 'code': 'too_many_requests'}}
Failed for The Cryptkeeper Five - Gimme Gimme Your Heart: Error code: 429 - {'error': {'message': 'Too Many Requests', 'type': 'too_many_requests', 'param': None, 'code': 'too_many_requests'}}
Failed for Black Box Recorder - Child Psychology: Error code: 429 - {'error': {'message': 'Too Many Requests', 'type': 'too_many_requests', 'param': None, 'code': 'too_many_requests'}}
Failed for School Of Seven Bells - Face To Face On High Places: Error code: 429 - {'error': {'message': 'Too Many Requests', 'type': 'too_many_requests', 'param': None, 'code': 'too_many_requests'}}
Failed for Scars On Broadway - World Long Gone: Error code: 429 - {'error': {'message': 'Too Many Requests', 'type': 'too_many_requests', 'param': None, 'code': 'too_many_requests'}}
Failed for Mogwai - Xmas Steps: Error code: 429 - {'error': {'message': 'Too Many Requests', 'type': 'too_many_requests', 'param': None, 'code': 'too_many_requests'}}
Failed for Finntroll - Marknadsvisan: Error code: 429 - {'error': {'message': 'Too Many Requests', 'type': 'too_many_requests', 'param': None, 'code': 'too_many_requests'}}
Failed for A Silver Mt. Zion - Blown-Out Joy From Heaven'S Mercied Hole: Error code: 429 - {'error': {'message': 'Too Many Requests', 'type': 'too_many_requests', 'param': None, 'code': 'too_many_requests'}}
Failed for Minus The Bear - Throwin' Shapes: Error code: 429 - {'error': {'message': 'Too Many Requests', 'type': 'too_many_requests', 'param': None, 'code': 'too_many_requests'}}
Failed for Mirah - The Struggle: Error code: 429 - {'error': {'message': 'Too Many Requests', 'type': 'too_many_requests', 'param': None, 'code': 'too_many_requests'}}
Failed for Проверочная Линейка - Дрожь: Error code: 429 - {'error': {'message': 'Too Many Requests', 'type': 'too_many_requests', 'param': None, 'code': 'too_many_requests'}}
Failed for Miranda Lambert - Easy From Now On: Error code: 429 - {'error': {'message': 'Too Many Requests', 'type': 'too_many_requests', 'param': None, 'code': 'too_many_requests'}}
Failed for Abandoned Pools - Armed To The Teeth: Error code: 429 - {'error': {'message': 'Too Many Requests', 'type': 'too_many_requests', 'param': None, 'code': 'too_many_requests'}}
Failed for Iron Maiden - Quest For Fire: Error code: 429 - {'error': {'message': 'Too Many Requests', 'type': 'too_many_requests', 'param': None, 'code': 'too_many_requests'}}
Failed for Abandoned Pools - Lethal Killers: Error code: 429 - {'error': {'message': 'Too Many Requests', 'type': 'too_many_requests', 'param': None, 'code': 'too_many_requests'}}
Failed for Paul Mccartney - Only Mama Knows: Error code: 429 - {'error': {'message': 'Too Many Requests', 'type': 'too_many_requests', 'param': None, 'code': 'too_many_requests'}}
Failed for Klaus Badelt - Blood Ritual: Error code: 429 - {'error': {'message': 'Too Many Requests', 'type': 'too_many_requests', 'param': None, 'code': 'too_many_requests'}}
Failed for The Jesus And Mary Chain - Psycho Candy: Error code: 429 - {'error': {'message': 'Too Many Requests', 'type': 'too_many_requests', 'param': None, 'code': 'too_many_requests'}}
Failed for Bloodhound Gang - Yummy Down On This: Error code: 429 - {'error': {'message': 'Too Many Requests', 'type': 'too_many_requests', 'param': None, 'code': 'too_many_requests'}}
Failed for The Temptations - Ain'T Too Proud To Beg: Error code: 429 - {'error': {'message': 'Too Many Requests', 'type': 'too_many_requests', 'param': None, 'code': 'too_many_requests'}}
Failed for Inxs - The One Thing: Error code: 429 - {'error': {'message': 'Too Many Requests', 'type': 'too_many_requests', 'param': None, 'code': 'too_many_requests'}}
Failed for Mahogany - Optimism: Error code: 429 - {'error': {'message': 'Too Many Requests', 'type': 'too_many_requests', 'param': None, 'code': 'too_many_requests'}}
Failed for Iron Maiden - Tailgunner: Error code: 429 - {'error': {'message': 'Too Many Requests', 'type': 'too_many_requests', 'param': None, 'code': 'too_many_requests'}}
Failed for Patti Smith - Privilege (Set Me Free): Error code: 429 - {'error': {'message': 'Too Many Requests', 'type': 'too_many_requests', 'param': None, 'code': 'too_many_requests'}}
Failed for The Goo Goo Dolls - Only One: Error code: 429 - {'error': {'message': 'Too Many Requests', 'type': 'too_many_requests', 'param': None, 'code': 'too_many_requests'}}
Failed for Alice In Chains - Swing On This: Error code: 429 - {'error': {'message': 'Too Many Requests', 'type': 'too_many_requests', 'param': None, 'code': 'too_many_requests'}}
Failed for Paavoharju - Ikuisuuden Maailma: Error code: 429 - {'error': {'message': 'Too Many Requests', 'type': 'too_many_requests', 'param': None, 'code': 'too_many_requests'}}
Failed for Immortal Technique - Creation & Destruction: Error code: 429 - {'error': {'message': 'Too Many Requests', 'type': 'too_many_requests', 'param': None, 'code': 'too_many_requests'}}
Failed for Ill Niño - This Time'S For Real: Error code: 429 - {'error': {'message': 'Too Many Requests', 'type': 'too_many_requests', 'param': None, 'code': 'too_many_requests'}}
Failed for Paul Mccartney - No More Lonely Nights: Error code: 429 - {'error': {'message': 'Too Many Requests', 'type': 'too_many_requests', 'param': None, 'code': 'too_many_requests'}}
Failed for Eyes Set To Kill - Darling: Error code: 429 - {'error': {'message': 'Too Many Requests', 'type': 'too_many_requests', 'param': None, 'code': 'too_many_requests'}}
Failed for Get Cape. Wear Cape. Fly - The Chronicles Of A Bohemian Teenager (Part One): Error code: 429 - {'error': {'message': 'Too Many Requests', 'type': 'too_many_requests', 'param': None, 'code': 'too_many_requests'}}
Failed for Darker My Love - Opening: Error code: 429 - {'error': {'message': 'Too Many Requests', 'type': 'too_many_requests', 'param': None, 'code': 'too_many_requests'}}
Failed for Extreme - Color Me Blind: Error code: 429 - {'error': {'message': 'Too Many Requests', 'type': 'too_many_requests', 'param': None, 'code': 'too_many_requests'}}
Failed for Seabound - The Promise: Error code: 429 - {'error': {'message': 'Too Many Requests', 'type': 'too_many_requests', 'param': None, 'code': 'too_many_requests'}}
Failed for Felix Da Housecat - What Does It Feel Like?: Error code: 429 - {'error': {'message': 'Too Many Requests', 'type': 'too_many_requests', 'param': None, 'code': 'too_many_requests'}}
Failed for Extreme - When I'M President: Error code: 429 - {'error': {'message': 'Too Many Requests', 'type': 'too_many_requests', 'param': None, 'code': 'too_many_requests'}}
Failed for Seabound - Watching Over You: Error code: 429 - {'error': {'message': 'Too Many Requests', 'type': 'too_many_requests', 'param': None, 'code': 'too_many_requests'}}
Failed for Everclear - White Men In Black Suits: Error code: 429 - {'error': {'message': 'Too Many Requests', 'type': 'too_many_requests', 'param': None, 'code': 'too_many_requests'}}
Failed for Everclear - Summerland: Error code: 429 - {'error': {'message': 'Too Many Requests', 'type': 'too_many_requests', 'param': None, 'code': 'too_many_requests'}}
Failed for Every Move A Picture - Chemical Burns: Error code: 429 - {'error': {'message': 'Too Many Requests', 'type': 'too_many_requests', 'param': None, 'code': 'too_many_requests'}}
Failed for Conjure One - Redemption: Error code: 429 - {'error': {'message': 'Too Many Requests', 'type': 'too_many_requests', 'param': None, 'code': 'too_many_requests'}}
Failed for Klaxons - My Love: Error code: 429 - {'error': {'message': 'Too Many Requests', 'type': 'too_many_requests', 'param': None, 'code': 'too_many_requests'}}
Failed for Bebe - El Golpe: Error code: 429 - {'error': {'message': 'Too Many Requests', 'type': 'too_many_requests', 'param': None, 'code': 'too_many_requests'}}
Failed for Klaus Badelt - Will And Elizabeth: Error code: 429 - {'error': {'message': 'Too Many Requests', 'type': 'too_many_requests', 'param': None, 'code': 'too_many_requests'}}
Failed for Sportfreunde Stiller - Ein Kompliment: Error code: 429 - {'error': {'message': 'Too Many Requests', 'type': 'too_many_requests', 'param': None, 'code': 'too_many_requests'}}
Failed for The Rakes - Terror: Error code: 429 - {'error': {'message': 'Too Many Requests', 'type': 'too_many_requests', 'param': None, 'code': 'too_many_requests'}}
Failed for Dr. Octagon - Blue Flowers: Error code: 429 - {'error': {'message': 'Too Many Requests', 'type': 'too_many_requests', 'param': None, 'code': 'too_many_requests'}}
Failed for Squarepusher - Cronecker King: Error code: 429 - {'error': {'message': 'Too Many Requests', 'type': 'too_many_requests', 'param': None, 'code': 'too_many_requests'}}
Failed for Spoon - Rhythm And Soul: Error code: 429 - {'error': {'message': 'Too Many Requests', 'type': 'too_many_requests', 'param': None, 'code': 'too_many_requests'}}
Failed for The Raveonettes - Little Animal: Error code: 429 - {'error': {'message': 'Too Many Requests', 'type': 'too_many_requests', 'param': None, 'code': 'too_many_requests'}}
Failed for Kmfdm - Sucks: Error code: 429 - {'error': {'message': 'Too Many Requests', 'type': 'too_many_requests', 'param': None, 'code': 'too_many_requests'}}
Failed for Modest Mouse - Dukes Up: Error code: 429 - {'error': {'message': 'Too Many Requests', 'type': 'too_many_requests', 'param': None, 'code': 'too_many_requests'}}
Failed for George Michael - Freedom 90: Error code: 429 - {'error': {'message': 'Too Many Requests', 'type': 'too_many_requests', 'param': None, 'code': 'too_many_requests'}}
Failed for Modest Mouse - Head South: Error code: 429 - {'error': {'message': 'Too Many Requests', 'type': 'too_many_requests', 'param': None, 'code': 'too_many_requests'}}
Failed for Doug Burr - Come To My Senses: Error code: 429 - {'error': {'message': 'Too Many Requests', 'type': 'too_many_requests', 'param': None, 'code': 'too_many_requests'}}
Failed for Staind - Trippy: Error code: 429 - {'error': {'message': 'Too Many Requests', 'type': 'too_many_requests', 'param': None, 'code': 'too_many_requests'}}
Failed for Brazilian Girls - Le Territoire: Error code: 429 - {'error': {'message': 'Too Many Requests', 'type': 'too_many_requests', 'param': None, 'code': 'too_many_requests'}}
Failed for Klint - Diamond: Error code: 429 - {'error': {'message': 'Too Many Requests', 'type': 'too_many_requests', 'param': None, 'code': 'too_many_requests'}}
Failed for Klimt 1918 - Dopoguerra: Error code: 429 - {'error': {'message': 'Too Many Requests', 'type': 'too_many_requests', 'param': None, 'code': 'too_many_requests'}}
Failed for Kmfdm - Free Your Hate: Error code: 429 - {'error': {'message': 'Too Many Requests', 'type': 'too_many_requests', 'param': None, 'code': 'too_many_requests'}}
Failed for Mainstay - Danger: Error code: 429 - {'error': {'message': 'Too Many Requests', 'type': 'too_many_requests', 'param': None, 'code': 'too_many_requests'}}
Failed for Felix Da Housecat - Glitz Rock: Error code: 429 - {'error': {'message': 'Too Many Requests', 'type': 'too_many_requests', 'param': None, 'code': 'too_many_requests'}}
Failed for Sean Lennon - Friendly Fire: Error code: 429 - {'error': {'message': 'Too Many Requests', 'type': 'too_many_requests', 'param': None, 'code': 'too_many_requests'}}
Failed for Finger Eleven - Thousand Mile Wish: Error code: 429 - {'error': {'message': 'Too Many Requests', 'type': 'too_many_requests', 'param': None, 'code': 'too_many_requests'}}
Failed for Stacie Orrico - I'M Not Missing You: Error code: 429 - {'error': {'message': 'Too Many Requests', 'type': 'too_many_requests', 'param': None, 'code': 'too_many_requests'}}
Failed for Dana International - Nosa'At Le Petra: Error code: 429 - {'error': {'message': 'Too Many Requests', 'type': 'too_many_requests', 'param': None, 'code': 'too_many_requests'}}
Failed for Tom Vek - I Aint Saying My Goodbyes: Error code: 429 - {'error': {'message': 'Too Many Requests', 'type': 'too_many_requests', 'param': None, 'code': 'too_many_requests'}}
800/2988 done
Failed for Mirah - This Dance: Error code: 429 - {'error': {'message': 'Too Many Requests', 'type': 'too_many_requests', 'param': None, 'code': 'too_many_requests'}}
Failed for De-Phazz - Online: Error code: 429 - {'error': {'message': 'Too Many Requests', 'type': 'too_many_requests', 'param': None, 'code': 'too_many_requests'}}
Failed for Slayer - Spill The Blood: Error code: 429 - {'error': {'message': 'Too Many Requests', 'type': 'too_many_requests', 'param': None, 'code': 'too_many_requests'}}
Failed for De-Phazz - Sabbatical: Error code: 429 - {'error': {'message': 'Too Many Requests', 'type': 'too_many_requests', 'param': None, 'code': 'too_many_requests'}}
Failed for Slayer - Seven Faces: Error code: 429 - {'error': {'message': 'Too Many Requests', 'type': 'too_many_requests', 'param': None, 'code': 'too_many_requests'}}
Failed for Alela Diane - Can You Blame The Sky?: Error code: 429 - {'error': {'message': 'Too Many Requests', 'type': 'too_many_requests', 'param': None, 'code': 'too_many_requests'}}
Failed for Pain - Nailed To The Ground: Error code: 429 - {'error': {'message': 'Too Many Requests', 'type': 'too_many_requests', 'param': None, 'code': 'too_many_requests'}}
Failed for The Jesus And Mary Chain - Cracked: Error code: 429 - {'error': {'message': 'Too Many Requests', 'type': 'too_many_requests', 'param': None, 'code': 'too_many_requests'}}
Failed for Lumsk - I Trollehender: Error code: 429 - {'error': {'message': 'Too Many Requests', 'type': 'too_many_requests', 'param': None, 'code': 'too_many_requests'}}
Failed for Final Fantasy - (Reverse): Error code: 429 - {'error': {'message': 'Too Many Requests', 'type': 'too_many_requests', 'param': None, 'code': 'too_many_requests'}}
Failed for Pale Saints - Shell: Error code: 429 - {'error': {'message': 'Too Many Requests', 'type': 'too_many_requests', 'param': None, 'code': 'too_many_requests'}}
Failed for Sleeping At Last - Tension & Thrill: Error code: 429 - {'error': {'message': 'Too Many Requests', 'type': 'too_many_requests', 'param': None, 'code': 'too_many_requests'}}
Failed for Cave In - Rubber And Glue: Error code: 429 - {'error': {'message': 'Too Many Requests', 'type': 'too_many_requests', 'param': None, 'code': 'too_many_requests'}}
Failed for Alestorm - Nancy The Tavern Wench: Error code: 429 - {'error': {'message': 'Too Many Requests', 'type': 'too_many_requests', 'param': None, 'code': 'too_many_requests'}}
Failed for Kreator - Son Of Evil: Error code: 429 - {'error': {'message': 'Too Many Requests', 'type': 'too_many_requests', 'param': None, 'code': 'too_many_requests'}}
Failed for Cave In - Youth Overrided (Live Acoustic): Error code: 429 - {'error': {'message': 'Too Many Requests', 'type': 'too_many_requests', 'param': None, 'code': 'too_many_requests'}}
Failed for The Jam - Strange Town: Error code: 429 - {'error': {'message': 'Too Many Requests', 'type': 'too_many_requests', 'param': None, 'code': 'too_many_requests'}}
Failed for Kreator - Terrible Certainty: Error code: 429 - {'error': {'message': 'Too Many Requests', 'type': 'too_many_requests', 'param': None, 'code': 'too_many_requests'}}
Failed for Tom Waits - Anywhere I Lay My Head: Error code: 429 - {'error': {'message': 'Too Many Requests', 'type': 'too_many_requests', 'param': None, 'code': 'too_many_requests'}}
Failed for Damien Rice - Blower'S Daughter: Error code: 429 - {'error': {'message': 'Too Many Requests', 'type': 'too_many_requests', 'param': None, 'code': 'too_many_requests'}}
Failed for Filter - Captain Bligh: Error code: 429 - {'error': {'message': 'Too Many Requests', 'type': 'too_many_requests', 'param': None, 'code': 'too_many_requests'}}
Failed for Sunset Strippers - Falling Stars: Error code: 429 - {'error': {'message': 'Too Many Requests', 'type': 'too_many_requests', 'param': None, 'code': 'too_many_requests'}}
Failed for Van Halen - Drop Dead Legs: Error code: 429 - {'error': {'message': 'Too Many Requests', 'type': 'too_many_requests', 'param': None, 'code': 'too_many_requests'}}
Failed for Sugababes - Back Down: Error code: 429 - {'error': {'message': 'Too Many Requests', 'type': 'too_many_requests', 'param': None, 'code': 'too_many_requests'}}
Failed for Brave - Escape: Error code: 429 - {'error': {'message': 'Too Many Requests', 'type': 'too_many_requests', 'param': None, 'code': 'too_many_requests'}}
Failed for Brazilian Girls - All About Us: Error code: 429 - {'error': {'message': 'Too Many Requests', 'type': 'too_many_requests', 'param': None, 'code': 'too_many_requests'}}
Failed for Staind - Falling: Error code: 429 - {'error': {'message': 'Too Many Requests', 'type': 'too_many_requests', 'param': None, 'code': 'too_many_requests'}}
Failed for Black Lips - Fairy Stories: Error code: 429 - {'error': {'message': 'Too Many Requests', 'type': 'too_many_requests', 'param': None, 'code': 'too_many_requests'}}
Failed for Ghostface Killah - Outta Town Shit: Error code: 429 - {'error': {'message': 'Too Many Requests', 'type': 'too_many_requests', 'param': None, 'code': 'too_many_requests'}}
Failed for Ghostface Killah - Apollo Kids: Error code: 429 - {'error': {'message': 'Too Many Requests', 'type': 'too_many_requests', 'param': None, 'code': 'too_many_requests'}}
Failed for Ghinzu - Mine: Error code: 429 - {'error': {'message': 'Too Many Requests', 'type': 'too_many_requests', 'param': None, 'code': 'too_many_requests'}}
Failed for Reagan Youth - (Are You) Happy?: Error code: 429 - {'error': {'message': 'Too Many Requests', 'type': 'too_many_requests', 'param': None, 'code': 'too_many_requests'}}
Failed for The Rolling Stones - She Saw Me Coming: Error code: 429 - {'error': {'message': 'Too Many Requests', 'type': 'too_many_requests', 'param': None, 'code': 'too_many_requests'}}
Failed for Real Mccoy - Another Night: Error code: 429 - {'error': {'message': 'Too Many Requests', 'type': 'too_many_requests', 'param': None, 'code': 'too_many_requests'}}
Failed for Conor Oberst - I Don'T Want To (Die In A Hospital): Error code: 429 - {'error': {'message': 'Too Many Requests', 'type': 'too_many_requests', 'param': None, 'code': 'too_many_requests'}}
Failed for Violins - Vendedor De Rins: Error code: 429 - {'error': {'message': 'Too Many Requests', 'type': 'too_many_requests', 'param': None, 'code': 'too_many_requests'}}
Failed for Reatards - You Fucked Up My Dreams: Error code: 429 - {'error': {'message': 'Too Many Requests', 'type': 'too_many_requests', 'param': None, 'code': 'too_many_requests'}}
Failed for Gnarls Barkley - No Time Soon: Error code: 429 - {'error': {'message': 'Too Many Requests', 'type': 'too_many_requests', 'param': None, 'code': 'too_many_requests'}}
Failed for Reagan Youth - I Hate Hate: Error code: 429 - {'error': {'message': 'Too Many Requests', 'type': 'too_many_requests', 'param': None, 'code': 'too_many_requests'}}
Failed for Kmfdm - Jihad: Error code: 429 - {'error': {'message': 'Too Many Requests', 'type': 'too_many_requests', 'param': None, 'code': 'too_many_requests'}}
Failed for Wolfsheim - Approaching Lightspeed: Error code: 429 - {'error': {'message': 'Too Many Requests', 'type': 'too_many_requests', 'param': None, 'code': 'too_many_requests'}}
Failed for Wire - A Touching Display: Error code: 429 - {'error': {'message': 'Too Many Requests', 'type': 'too_many_requests', 'param': None, 'code': 'too_many_requests'}}
Failed for Patrick Wolf - Oblivion: Error code: 429 - {'error': {'message': 'Too Many Requests', 'type': 'too_many_requests', 'param': None, 'code': 'too_many_requests'}}
Failed for Alice In Chains - Get Born Again: Error code: 429 - {'error': {'message': 'Too Many Requests', 'type': 'too_many_requests', 'param': None, 'code': 'too_many_requests'}}
Failed for The Jackson 5 - Never Can Say Goodbye: Error code: 429 - {'error': {'message': 'Too Many Requests', 'type': 'too_many_requests', 'param': None, 'code': 'too_many_requests'}}
Failed for Imperiet - Du Ska Va President: Error code: 429 - {'error': {'message': 'Too Many Requests', 'type': 'too_many_requests', 'param': None, 'code': 'too_many_requests'}}
Failed for The Jam - Batman Theme: Error code: 429 - {'error': {'message': 'Too Many Requests', 'type': 'too_many_requests', 'param': None, 'code': 'too_many_requests'}}
Failed for Cd Pool - Bastian / You'Ve Got My Love (Chocolate Puma Vocal Mix): Error code: 429 - {'error': {'message': 'Too Many Requests', 'type': 'too_many_requests', 'param': None, 'code': 'too_many_requests'}}
Failed for Corona - Rhythm Of The Night: Error code: 429 - {'error': {'message': 'Too Many Requests', 'type': 'too_many_requests', 'param': None, 'code': 'too_many_requests'}}
Failed for Brandi Carlile - Closer To You: Error code: 429 - {'error': {'message': 'Too Many Requests', 'type': 'too_many_requests', 'param': None, 'code': 'too_many_requests'}}
Failed for Repo! The Genetic Opera - Mark It Up: Error code: 429 - {'error': {'message': 'Too Many Requests', 'type': 'too_many_requests', 'param': None, 'code': 'too_many_requests'}}
Failed for Angelspit - Grind: Error code: 429 - {'error': {'message': 'Too Many Requests', 'type': 'too_many_requests', 'param': None, 'code': 'too_many_requests'}}
Failed for Viikate - Vesi Jota Pelkäät: Error code: 429 - {'error': {'message': 'Too Many Requests', 'type': 'too_many_requests', 'param': None, 'code': 'too_many_requests'}}
Failed for Elvis Costello - Everyday I Write The Book: Error code: 429 - {'error': {'message': 'Too Many Requests', 'type': 'too_many_requests', 'param': None, 'code': 'too_many_requests'}}
Failed for Patrick Wolf - Hard Times: Error code: 429 - {'error': {'message': 'Too Many Requests', 'type': 'too_many_requests', 'param': None, 'code': 'too_many_requests'}}
Failed for Eluveitie - The Somber Lay: Error code: 429 - {'error': {'message': 'Too Many Requests', 'type': 'too_many_requests', 'param': None, 'code': 'too_many_requests'}}
Failed for Tin Tin Out - Here'S Where The Story Ends: Error code: 429 - {'error': {'message': 'Too Many Requests', 'type': 'too_many_requests', 'param': None, 'code': 'too_many_requests'}}
Failed for Evil Nine - You Are Not Through: Error code: 429 - {'error': {'message': 'Too Many Requests', 'type': 'too_many_requests', 'param': None, 'code': 'too_many_requests'}}
Failed for Ex Pistols - Silly Thing: Error code: 429 - {'error': {'message': 'Too Many Requests', 'type': 'too_many_requests', 'param': None, 'code': 'too_many_requests'}}
Failed for The American Analog Set - Gone To Earth: Error code: 429 - {'error': {'message': 'Too Many Requests', 'type': 'too_many_requests', 'param': None, 'code': 'too_many_requests'}}
Failed for Ewan Mcgregor - Your Song: Error code: 429 - {'error': {'message': 'Too Many Requests', 'type': 'too_many_requests', 'param': None, 'code': 'too_many_requests'}}
Failed for Kmfdm - Ultra: Error code: 429 - {'error': {'message': 'Too Many Requests', 'type': 'too_many_requests', 'param': None, 'code': 'too_many_requests'}}
Failed for Bad Brains - Banned In Dc: Error code: 429 - {'error': {'message': 'Too Many Requests', 'type': 'too_many_requests', 'param': None, 'code': 'too_many_requests'}}
Failed for The Wedding Present - Getting Nowhere Fast: Error code: 429 - {'error': {'message': 'Too Many Requests', 'type': 'too_many_requests', 'param': None, 'code': 'too_many_requests'}}
Failed for Slipknot - Butcher'S Hook: Error code: 429 - {'error': {'message': 'Too Many Requests', 'type': 'too_many_requests', 'param': None, 'code': 'too_many_requests'}}
Failed for Arovane - Instant Gods Out Of The Box: Error code: 429 - {'error': {'message': 'Too Many Requests', 'type': 'too_many_requests', 'param': None, 'code': 'too_many_requests'}}
Failed for Bertrand Burgalat - Aux Cyclades Electronique: Error code: 429 - {'error': {'message': 'Too Many Requests', 'type': 'too_many_requests', 'param': None, 'code': 'too_many_requests'}}
Failed for Chemistry - Ai No Wa: Error code: 429 - {'error': {'message': 'Too Many Requests', 'type': 'too_many_requests', 'param': None, 'code': 'too_many_requests'}}
Failed for Chelo - Cha Cha: Error code: 429 - {'error': {'message': 'Too Many Requests', 'type': 'too_many_requests', 'param': None, 'code': 'too_many_requests'}}
Failed for Evil Nine - We Have The Energy: Error code: 429 - {'error': {'message': 'Too Many Requests', 'type': 'too_many_requests', 'param': None, 'code': 'too_many_requests'}}
Failed for Lush - Thoughtforms: Error code: 429 - {'error': {'message': 'Too Many Requests', 'type': 'too_many_requests', 'param': None, 'code': 'too_many_requests'}}
Failed for Lush - Nothing Natural: Error code: 429 - {'error': {'message': 'Too Many Requests', 'type': 'too_many_requests', 'param': None, 'code': 'too_many_requests'}}
Failed for Madvillain - Operation Lifesaver Aka Mint Test: Error code: 429 - {'error': {'message': 'Too Many Requests', 'type': 'too_many_requests', 'param': None, 'code': 'too_many_requests'}}
Failed for In Flames - Graveland: Error code: 429 - {'error': {'message': 'Too Many Requests', 'type': 'too_many_requests', 'param': None, 'code': 'too_many_requests'}}
Failed for Charta 77 - Lilla Björn Och Lilla Tiger: Error code: 429 - {'error': {'message': 'Too Many Requests', 'type': 'too_many_requests', 'param': None, 'code': 'too_many_requests'}}
Failed for Bad Brains - Right Brigade: Error code: 429 - {'error': {'message': 'Too Many Requests', 'type': 'too_many_requests', 'param': None, 'code': 'too_many_requests'}}
Failed for Teitur - One And Only: Error code: 429 - {'error': {'message': 'Too Many Requests', 'type': 'too_many_requests', 'param': None, 'code': 'too_many_requests'}}
Failed for Red Hot Chili Peppers - Stone Cold Bush: Error code: 429 - {'error': {'message': 'Too Many Requests', 'type': 'too_many_requests', 'param': None, 'code': 'too_many_requests'}}
Failed for Red Hot Chili Peppers - Gong Li: Error code: 429 - {'error': {'message': 'Too Many Requests', 'type': 'too_many_requests', 'param': None, 'code': 'too_many_requests'}}
Failed for Atb - Made Of Glass: Error code: 429 - {'error': {'message': 'Too Many Requests', 'type': 'too_many_requests', 'param': None, 'code': 'too_many_requests'}}
Failed for Tina Turner - Better Be Good To Me: Error code: 429 - {'error': {'message': 'Too Many Requests', 'type': 'too_many_requests', 'param': None, 'code': 'too_many_requests'}}
Failed for Atb - Mysterious Skies: Error code: 429 - {'error': {'message': 'Too Many Requests', 'type': 'too_many_requests', 'param': None, 'code': 'too_many_requests'}}
Failed for Antony And The Johnsons - The Horror Has Gone: Error code: 429 - {'error': {'message': 'Too Many Requests', 'type': 'too_many_requests', 'param': None, 'code': 'too_many_requests'}}
Failed for Corona - Baby Baby: Error code: 429 - {'error': {'message': 'Too Many Requests', 'type': 'too_many_requests', 'param': None, 'code': 'too_many_requests'}}
Failed for Mae - Breakdown: Error code: 429 - {'error': {'message': 'Too Many Requests', 'type': 'too_many_requests', 'param': None, 'code': 'too_many_requests'}}
Failed for Atb - These Days: Error code: 429 - {'error': {'message': 'Too Many Requests', 'type': 'too_many_requests', 'param': None, 'code': 'too_many_requests'}}
Failed for Lux - 100 Billion Stars: Error code: 429 - {'error': {'message': 'Too Many Requests', 'type': 'too_many_requests', 'param': None, 'code': 'too_many_requests'}}
Failed for The Concretes - Chosen One: Error code: 429 - {'error': {'message': 'Too Many Requests', 'type': 'too_many_requests', 'param': None, 'code': 'too_many_requests'}}
Failed for The Rolling Stones - Loving Cup: Error code: 429 - {'error': {'message': 'Too Many Requests', 'type': 'too_many_requests', 'param': None, 'code': 'too_many_requests'}}
Failed for Miss Kittin - Barefoot Tonight: Error code: 429 - {'error': {'message': 'Too Many Requests', 'type': 'too_many_requests', 'param': None, 'code': 'too_many_requests'}}
Failed for Red Hot Chili Peppers - One Big Mob: Error code: 429 - {'error': {'message': 'Too Many Requests', 'type': 'too_many_requests', 'param': None, 'code': 'too_many_requests'}}
Failed for Red Hot Chili Peppers - Pretty Little Ditty: Error code: 429 - {'error': {'message': 'Too Many Requests', 'type': 'too_many_requests', 'param': None, 'code': 'too_many_requests'}}
Failed for Celldweller - The Last Firstborn: Error code: 429 - {'error': {'message': 'Too Many Requests', 'type': 'too_many_requests', 'param': None, 'code': 'too_many_requests'}}
Failed for Blood For Blood - Livin' In Exile: Error code: 429 - {'error': {'message': 'Too Many Requests', 'type': 'too_many_requests', 'param': None, 'code': 'too_many_requests'}}
Failed for In Flames - Lord Hypnos: Error code: 429 - {'error': {'message': 'Too Many Requests', 'type': 'too_many_requests', 'param': None, 'code': 'too_many_requests'}}
Failed for Violent Femmes - Waiting For The Bus: Error code: 429 - {'error': {'message': 'Too Many Requests', 'type': 'too_many_requests', 'param': None, 'code': 'too_many_requests'}}
Failed for Wire - Heartbeat: Error code: 429 - {'error': {'message': 'Too Many Requests', 'type': 'too_many_requests', 'param': None, 'code': 'too_many_requests'}}
Failed for The Thrills - Hollywood Kids: Error code: 429 - {'error': {'message': 'Too Many Requests', 'type': 'too_many_requests', 'param': None, 'code': 'too_many_requests'}}
Failed for Mae - Sun: Error code: 429 - {'error': {'message': 'Too Many Requests', 'type': 'too_many_requests', 'param': None, 'code': 'too_many_requests'}}
900/2988 done
Failed for Lush - Tinkerbell: Error code: 429 - {'error': {'message': 'Too Many Requests', 'type': 'too_many_requests', 'param': None, 'code': 'too_many_requests'}}
Failed for Antony And The Johnsons - Soft Black Stars: Error code: 429 - {'error': {'message': 'Too Many Requests', 'type': 'too_many_requests', 'param': None, 'code': 'too_many_requests'}}
Failed for Teitur - Halfway Between: Error code: 429 - {'error': {'message': 'Too Many Requests', 'type': 'too_many_requests', 'param': None, 'code': 'too_many_requests'}}
Failed for Elvis Costello & The Attractions - Pump It Up: Error code: 429 - {'error': {'message': 'Too Many Requests', 'type': 'too_many_requests', 'param': None, 'code': 'too_many_requests'}}
Failed for The Haunted - My Shadow: Error code: 429 - {'error': {'message': 'Too Many Requests', 'type': 'too_many_requests', 'param': None, 'code': 'too_many_requests'}}
Failed for The Haunted - Burnt To A Shell: Error code: 429 - {'error': {'message': 'Too Many Requests', 'type': 'too_many_requests', 'param': None, 'code': 'too_many_requests'}}
Failed for Insomnium - Closing Words: Error code: 429 - {'error': {'message': 'Too Many Requests', 'type': 'too_many_requests', 'param': None, 'code': 'too_many_requests'}}
Failed for Wire - Map Ref. 41°N 93°W: Error code: 429 - {'error': {'message': 'Too Many Requests', 'type': 'too_many_requests', 'param': None, 'code': 'too_many_requests'}}
Failed for Scorpions - 321: Error code: 429 - {'error': {'message': 'Too Many Requests', 'type': 'too_many_requests', 'param': None, 'code': 'too_many_requests'}}
Failed for Telefon Tel Aviv - Your Mouth: Error code: 429 - {'error': {'message': 'Too Many Requests', 'type': 'too_many_requests', 'param': None, 'code': 'too_many_requests'}}
Failed for Korn - 4 U: Error code: 429 - {'error': {'message': 'Too Many Requests', 'type': 'too_many_requests', 'param': None, 'code': 'too_many_requests'}}
Failed for The Rolling Stones - Get Off My Cloud: Error code: 429 - {'error': {'message': 'Too Many Requests', 'type': 'too_many_requests', 'param': None, 'code': 'too_many_requests'}}
Failed for Sham 69 - Borstal Breakout: Error code: 429 - {'error': {'message': 'Too Many Requests', 'type': 'too_many_requests', 'param': None, 'code': 'too_many_requests'}}
Failed for Giant Drag - My D*** S*** Live: Error code: 429 - {'error': {'message': 'Too Many Requests', 'type': 'too_many_requests', 'param': None, 'code': 'too_many_requests'}}
Failed for The Cool Kids - Jingling: Error code: 429 - {'error': {'message': 'Too Many Requests', 'type': 'too_many_requests', 'param': None, 'code': 'too_many_requests'}}
Failed for The Honorary Title - Cut Short: Error code: 429 - {'error': {'message': 'Too Many Requests', 'type': 'too_many_requests', 'param': None, 'code': 'too_many_requests'}}
Failed for Inspectah Deck - Vendetta: Error code: 429 - {'error': {'message': 'Too Many Requests', 'type': 'too_many_requests', 'param': None, 'code': 'too_many_requests'}}
Failed for Bad Brains - I And I Survive: Error code: 429 - {'error': {'message': 'Too Many Requests', 'type': 'too_many_requests', 'param': None, 'code': 'too_many_requests'}}
Failed for Мои Ракеты Вверх - Passing On A Bicycle By A Green Fence: Error code: 429 - {'error': {'message': 'Too Many Requests', 'type': 'too_many_requests', 'param': None, 'code': 'too_many_requests'}}
Failed for Korn - Seed: Error code: 429 - {'error': {'message': 'Too Many Requests', 'type': 'too_many_requests', 'param': None, 'code': 'too_many_requests'}}
Failed for Koop - Baby: Error code: 429 - {'error': {'message': 'Too Many Requests', 'type': 'too_many_requests', 'param': None, 'code': 'too_many_requests'}}
Failed for Bran Van 3000 - Astounded: Error code: 429 - {'error': {'message': 'Too Many Requests', 'type': 'too_many_requests', 'param': None, 'code': 'too_many_requests'}}
Failed for Brand New - Jesus: Error code: 429 - {'error': {'message': 'Too Many Requests', 'type': 'too_many_requests', 'param': None, 'code': 'too_many_requests'}}
Failed for The Red Jumpsuit Apparatus - Waiting: Error code: 429 - {'error': {'message': 'Too Many Requests', 'type': 'too_many_requests', 'param': None, 'code': 'too_many_requests'}}
Failed for Black Flag - Damaged Ii: Error code: 429 - {'error': {'message': 'Too Many Requests', 'type': 'too_many_requests', 'param': None, 'code': 'too_many_requests'}}
Failed for Black Flag - American Waste: Error code: 429 - {'error': {'message': 'Too Many Requests', 'type': 'too_many_requests', 'param': None, 'code': 'too_many_requests'}}
Failed for Pantera - Killers (Iron Maiden Cover): Error code: 429 - {'error': {'message': 'Too Many Requests', 'type': 'too_many_requests', 'param': None, 'code': 'too_many_requests'}}
Failed for The Grates - 19-20-20: Error code: 429 - {'error': {'message': 'Too Many Requests', 'type': 'too_many_requests', 'param': None, 'code': 'too_many_requests'}}
Failed for Cheese People - O.M.E.: Error code: 429 - {'error': {'message': 'Too Many Requests', 'type': 'too_many_requests', 'param': None, 'code': 'too_many_requests'}}
Failed for Moby - 257.Zero: Error code: 429 - {'error': {'message': 'Too Many Requests', 'type': 'too_many_requests', 'param': None, 'code': 'too_many_requests'}}
Failed for The Replacements - Androgynous: Error code: 429 - {'error': {'message': 'Too Many Requests', 'type': 'too_many_requests', 'param': None, 'code': 'too_many_requests'}}
Failed for Brakes - What'S In It For Me?: Error code: 429 - {'error': {'message': 'Too Many Requests', 'type': 'too_many_requests', 'param': None, 'code': 'too_many_requests'}}
Failed for Fennesz - Onsay: Error code: 429 - {'error': {'message': 'Too Many Requests', 'type': 'too_many_requests', 'param': None, 'code': 'too_many_requests'}}
Failed for Mobb Deep - The Start Of Your Ending (41St Side): Error code: 429 - {'error': {'message': 'Too Many Requests', 'type': 'too_many_requests', 'param': None, 'code': 'too_many_requests'}}
Failed for Valeria - Rhythm Of The Night: Error code: 429 - {'error': {'message': 'Too Many Requests', 'type': 'too_many_requests', 'param': None, 'code': 'too_many_requests'}}
Failed for Blonde Redhead - Mother: Error code: 429 - {'error': {'message': 'Too Many Requests', 'type': 'too_many_requests', 'param': None, 'code': 'too_many_requests'}}
Failed for Blonde Redhead - Girl Boy: Error code: 429 - {'error': {'message': 'Too Many Requests', 'type': 'too_many_requests', 'param': None, 'code': 'too_many_requests'}}
Failed for Antti Tuisku - Lämpö: Error code: 429 - {'error': {'message': 'Too Many Requests', 'type': 'too_many_requests', 'param': None, 'code': 'too_many_requests'}}
Failed for Insomnium - Death Walked The Earth: Error code: 429 - {'error': {'message': 'Too Many Requests', 'type': 'too_many_requests', 'param': None, 'code': 'too_many_requests'}}
Failed for Chad Kroeger - Hero: Error code: 429 - {'error': {'message': 'Too Many Requests', 'type': 'too_many_requests', 'param': None, 'code': 'too_many_requests'}}
Failed for Korn - Tearjerker: Error code: 429 - {'error': {'message': 'Too Many Requests', 'type': 'too_many_requests', 'param': None, 'code': 'too_many_requests'}}
Failed for A-Ha - Cry Wolf: Error code: 429 - {'error': {'message': 'Too Many Requests', 'type': 'too_many_requests', 'param': None, 'code': 'too_many_requests'}}
Failed for Paradise Lost - Let Me Drown: Error code: 429 - {'error': {'message': 'Too Many Requests', 'type': 'too_many_requests', 'param': None, 'code': 'too_many_requests'}}
Failed for A-Ha - The Blood That Moves The Body: Error code: 429 - {'error': {'message': 'Too Many Requests', 'type': 'too_many_requests', 'param': None, 'code': 'too_many_requests'}}
Failed for Converge - Homewrecker: Error code: 429 - {'error': {'message': 'Too Many Requests', 'type': 'too_many_requests', 'param': None, 'code': 'too_many_requests'}}
Failed for Doug Burr - Slow Southern Home: Error code: 429 - {'error': {'message': 'Too Many Requests', 'type': 'too_many_requests', 'param': None, 'code': 'too_many_requests'}}
Failed for St. Vincent - The Neighbors: Error code: 429 - {'error': {'message': 'Too Many Requests', 'type': 'too_many_requests', 'param': None, 'code': 'too_many_requests'}}
Failed for Fergie - Big Girls Don'T Cry (Personal): Error code: 429 - {'error': {'message': 'Too Many Requests', 'type': 'too_many_requests', 'param': None, 'code': 'too_many_requests'}}
Failed for Scouting For Girls - Keep On Walking: Error code: 429 - {'error': {'message': 'Too Many Requests', 'type': 'too_many_requests', 'param': None, 'code': 'too_many_requests'}}
Failed for The Cranberries - Electric Blue: Error code: 429 - {'error': {'message': 'Too Many Requests', 'type': 'too_many_requests', 'param': None, 'code': 'too_many_requests'}}
Failed for Red House Painters - Take Me Out: Error code: 429 - {'error': {'message': 'Too Many Requests', 'type': 'too_many_requests', 'param': None, 'code': 'too_many_requests'}}
Failed for The Weakerthans - Virtute The Cat Explains Her Departure: Error code: 429 - {'error': {'message': 'Too Many Requests', 'type': 'too_many_requests', 'param': None, 'code': 'too_many_requests'}}
Failed for Black Label Society - Destruction Overdrive: Error code: 429 - {'error': {'message': 'Too Many Requests', 'type': 'too_many_requests', 'param': None, 'code': 'too_many_requests'}}
Failed for The Cranberries - I Will Always: Error code: 429 - {'error': {'message': 'Too Many Requests', 'type': 'too_many_requests', 'param': None, 'code': 'too_many_requests'}}
Failed for The Republic Tigers - Buildings And Mountains: Error code: 429 - {'error': {'message': 'Too Many Requests', 'type': 'too_many_requests', 'param': None, 'code': 'too_many_requests'}}
Failed for Glassjaw - When One Eight Becomes Two Zeros: Error code: 429 - {'error': {'message': 'Too Many Requests', 'type': 'too_many_requests', 'param': None, 'code': 'too_many_requests'}}
Failed for Reel Big Fish - Where Have You Been?: Error code: 429 - {'error': {'message': 'Too Many Requests', 'type': 'too_many_requests', 'param': None, 'code': 'too_many_requests'}}
Failed for Figurine - Impossible: Error code: 429 - {'error': {'message': 'Too Many Requests', 'type': 'too_many_requests', 'param': None, 'code': 'too_many_requests'}}
Failed for Damien Rice - The Professor & La Fille Danse: Error code: 429 - {'error': {'message': 'Too Many Requests', 'type': 'too_many_requests', 'param': None, 'code': 'too_many_requests'}}
Failed for Field Music - In Context: Error code: 429 - {'error': {'message': 'Too Many Requests', 'type': 'too_many_requests', 'param': None, 'code': 'too_many_requests'}}
Failed for Dan Arborise - Take Heart In You Hope / Paths: Error code: 429 - {'error': {'message': 'Too Many Requests', 'type': 'too_many_requests', 'param': None, 'code': 'too_many_requests'}}
Failed for Tunng - Sweet William: Error code: 429 - {'error': {'message': 'Too Many Requests', 'type': 'too_many_requests', 'param': None, 'code': 'too_many_requests'}}
Failed for Atheist - Unquestionable Presence: Error code: 429 - {'error': {'message': 'Too Many Requests', 'type': 'too_many_requests', 'param': None, 'code': 'too_many_requests'}}
Failed for Doves - Birds Flew Backwards: Error code: 429 - {'error': {'message': 'Too Many Requests', 'type': 'too_many_requests', 'param': None, 'code': 'too_many_requests'}}
Failed for Black Kids - Hit The Heartbreaks: Error code: 429 - {'error': {'message': 'Too Many Requests', 'type': 'too_many_requests', 'param': None, 'code': 'too_many_requests'}}
Failed for Mobb Deep - Back At You: Error code: 429 - {'error': {'message': 'Too Many Requests', 'type': 'too_many_requests', 'param': None, 'code': 'too_many_requests'}}
Failed for Bloc Party - Hunting For Witches (Crystal Castles Remix): Error code: 429 - {'error': {'message': 'Too Many Requests', 'type': 'too_many_requests', 'param': None, 'code': 'too_many_requests'}}
Failed for Blitz - Attack: Error code: 429 - {'error': {'message': 'Too Many Requests', 'type': 'too_many_requests', 'param': None, 'code': 'too_many_requests'}}
Failed for 鼓童 - Ibuki Reconstruction: Error code: 429 - {'error': {'message': 'Too Many Requests', 'type': 'too_many_requests', 'param': None, 'code': 'too_many_requests'}}
Failed for Kotiteollisuus - Vuonna Yksi Ja Kaksi: Error code: 429 - {'error': {'message': 'Too Many Requests', 'type': 'too_many_requests', 'param': None, 'code': 'too_many_requests'}}
Failed for Kotiteollisuus - Valtakunta: Error code: 429 - {'error': {'message': 'Too Many Requests', 'type': 'too_many_requests', 'param': None, 'code': 'too_many_requests'}}
Failed for Sum 41 - Introduction To Destruction: Error code: 429 - {'error': {'message': 'Too Many Requests', 'type': 'too_many_requests', 'param': None, 'code': 'too_many_requests'}}
Failed for Kraftwerk - Geiger Counter: Error code: 429 - {'error': {'message': 'Too Many Requests', 'type': 'too_many_requests', 'param': None, 'code': 'too_many_requests'}}
Failed for Machine Head - I'M Your God Now: Error code: 429 - {'error': {'message': 'Too Many Requests', 'type': 'too_many_requests', 'param': None, 'code': 'too_many_requests'}}
Failed for Miss Kittin & The Hacker - Life On Mtv: Error code: 429 - {'error': {'message': 'Too Many Requests', 'type': 'too_many_requests', 'param': None, 'code': 'too_many_requests'}}
Failed for Mission Of Burma - Red: Error code: 429 - {'error': {'message': 'Too Many Requests', 'type': 'too_many_requests', 'param': None, 'code': 'too_many_requests'}}
Failed for Mission Of Burma - That'S How I Escaped My Certain Fate: Error code: 429 - {'error': {'message': 'Too Many Requests', 'type': 'too_many_requests', 'param': None, 'code': 'too_many_requests'}}
Failed for Mitch Hedberg - Candy Bars: Error code: 429 - {'error': {'message': 'Too Many Requests', 'type': 'too_many_requests', 'param': None, 'code': 'too_many_requests'}}
Failed for Paradise Lost - Mystify: Error code: 429 - {'error': {'message': 'Too Many Requests', 'type': 'too_many_requests', 'param': None, 'code': 'too_many_requests'}}
Failed for Beth Orton - Carmella: Error code: 429 - {'error': {'message': 'Too Many Requests', 'type': 'too_many_requests', 'param': None, 'code': 'too_many_requests'}}
Failed for Mobb Deep - Can'T Get Enough Of It: Error code: 429 - {'error': {'message': 'Too Many Requests', 'type': 'too_many_requests', 'param': None, 'code': 'too_many_requests'}}
Failed for Inkubus Sukkubus - Hecate Cerridwyn: Error code: 429 - {'error': {'message': 'Too Many Requests', 'type': 'too_many_requests', 'param': None, 'code': 'too_many_requests'}}
Failed for Sea Wolf - Black Dirt: Error code: 429 - {'error': {'message': 'Too Many Requests', 'type': 'too_many_requests', 'param': None, 'code': 'too_many_requests'}}
Failed for Atc - Around The World (La La La La La): Error code: 429 - {'error': {'message': 'Too Many Requests', 'type': 'too_many_requests', 'param': None, 'code': 'too_many_requests'}}
Failed for Fergie - Mary Jane Shoes: Error code: 429 - {'error': {'message': 'Too Many Requests', 'type': 'too_many_requests', 'param': None, 'code': 'too_many_requests'}}
Failed for The Rocket Summer - Around The Clock: Error code: 429 - {'error': {'message': 'Too Many Requests', 'type': 'too_many_requests', 'param': None, 'code': 'too_many_requests'}}
Failed for The Rocket Summer - Brat Pack: Error code: 429 - {'error': {'message': 'Too Many Requests', 'type': 'too_many_requests', 'param': None, 'code': 'too_many_requests'}}
Failed for Inara George - Fools In Love: Error code: 429 - {'error': {'message': 'Too Many Requests', 'type': 'too_many_requests', 'param': None, 'code': 'too_many_requests'}}
Failed for The Hellacopters - All New Low: Error code: 429 - {'error': {'message': 'Too Many Requests', 'type': 'too_many_requests', 'param': None, 'code': 'too_many_requests'}}
Failed for Sleater-Kinney - Buy Her Candy: Error code: 429 - {'error': {'message': 'Too Many Requests', 'type': 'too_many_requests', 'param': None, 'code': 'too_many_requests'}}
Failed for The Haunted - The Drowning: Error code: 429 - {'error': {'message': 'Too Many Requests', 'type': 'too_many_requests', 'param': None, 'code': 'too_many_requests'}}
Failed for Alexi Murdoch - Dream About Flying: Error code: 429 - {'error': {'message': 'Too Many Requests', 'type': 'too_many_requests', 'param': None, 'code': 'too_many_requests'}}
Failed for John Williams - A New Hope / End Credits: Error code: 429 - {'error': {'message': 'Too Many Requests', 'type': 'too_many_requests', 'param': None, 'code': 'too_many_requests'}}
Failed for Hefner - The Hymn For The Cigarettes: Error code: 429 - {'error': {'message': 'Too Many Requests', 'type': 'too_many_requests', 'param': None, 'code': 'too_many_requests'}}
1000/2988 done
Failed for Pony Up - Dance For Me: Error code: 429 - {'error': {'message': 'Too Many Requests', 'type': 'too_many_requests', 'param': None, 'code': 'too_many_requests'}}
Failed for Cliff Martinez - Hi Energy Proton Accelerator: Error code: 429 - {'error': {'message': 'Too Many Requests', 'type': 'too_many_requests', 'param': None, 'code': 'too_many_requests'}}
Failed for Clinic - The Bridge: Error code: 429 - {'error': {'message': 'Too Many Requests', 'type': 'too_many_requests', 'param': None, 'code': 'too_many_requests'}}
Failed for The Music - Turn Out The Light: Error code: 429 - {'error': {'message': 'Too Many Requests', 'type': 'too_many_requests', 'param': None, 'code': 'too_many_requests'}}
Failed for The Dresden Dolls - Thirty Whacks: Error code: 429 - {'error': {'message': 'Too Many Requests', 'type': 'too_many_requests', 'param': None, 'code': 'too_many_requests'}}
Failed for Enya - Paint The Sky With Stars: Error code: 429 - {'error': {'message': 'Too Many Requests', 'type': 'too_many_requests', 'param': None, 'code': 'too_many_requests'}}
Failed for Machinae Supremacy - Dreadnaught: Error code: 429 - {'error': {'message': 'Too Many Requests', 'type': 'too_many_requests', 'param': None, 'code': 'too_many_requests'}}
Failed for M83 - Night: Error code: 429 - {'error': {'message': 'Too Many Requests', 'type': 'too_many_requests', 'param': None, 'code': 'too_many_requests'}}
Failed for Devin Townsend - Earth Day: Error code: 429 - {'error': {'message': 'Too Many Requests', 'type': 'too_many_requests', 'param': None, 'code': 'too_many_requests'}}
Failed for Swan Lake - Widow'S Walk: Error code: 429 - {'error': {'message': 'Too Many Requests', 'type': 'too_many_requests', 'param': None, 'code': 'too_many_requests'}}
Failed for Story Of The Year - Swallow The Knife: Error code: 429 - {'error': {'message': 'Too Many Requests', 'type': 'too_many_requests', 'param': None, 'code': 'too_many_requests'}}
Failed for Mazzy Star - Roseblood: Error code: 429 - {'error': {'message': 'Too Many Requests', 'type': 'too_many_requests', 'param': None, 'code': 'too_many_requests'}}
Failed for Nick Cave & The Bad Seeds - Hallelujah: Error code: 429 - {'error': {'message': 'Too Many Requests', 'type': 'too_many_requests', 'param': None, 'code': 'too_many_requests'}}
Failed for Dinosaur Jr. - Back To Your Heart: Error code: 429 - {'error': {'message': 'Too Many Requests', 'type': 'too_many_requests', 'param': None, 'code': 'too_many_requests'}}
Failed for Sugababes - Open The Door: Error code: 429 - {'error': {'message': 'Too Many Requests', 'type': 'too_many_requests', 'param': None, 'code': 'too_many_requests'}}
Failed for 高梨康治/刃-Yaiba- - 疾風伝: Error code: 429 - {'error': {'message': 'Too Many Requests', 'type': 'too_many_requests', 'param': None, 'code': 'too_many_requests'}}
Failed for Nick Cave & The Bad Seeds - Hiding All Away: Error code: 429 - {'error': {'message': 'Too Many Requests', 'type': 'too_many_requests', 'param': None, 'code': 'too_many_requests'}}
Failed for Dimmu Borgir - Metal Heart: Error code: 429 - {'error': {'message': 'Too Many Requests', 'type': 'too_many_requests', 'param': None, 'code': 'too_many_requests'}}
Failed for Sugababes - Run For Cover: Error code: 429 - {'error': {'message': 'Too Many Requests', 'type': 'too_many_requests', 'param': None, 'code': 'too_many_requests'}}
Failed for Dingo - Autiotalo: Error code: 429 - {'error': {'message': 'Too Many Requests', 'type': 'too_many_requests', 'param': None, 'code': 'too_many_requests'}}
Failed for Diesler - Sandcastles: Error code: 429 - {'error': {'message': 'Too Many Requests', 'type': 'too_many_requests', 'param': None, 'code': 'too_many_requests'}}
Failed for Suicide - Cheree (Remix): Error code: 429 - {'error': {'message': 'Too Many Requests', 'type': 'too_many_requests', 'param': None, 'code': 'too_many_requests'}}
Failed for +44 - Interlude: Error code: 429 - {'error': {'message': 'Too Many Requests', 'type': 'too_many_requests', 'param': None, 'code': 'too_many_requests'}}
Failed for M-Flo♥Monday満ちる - A.D.D.P. (Magdarise Remix): Error code: 429 - {'error': {'message': 'Too Many Requests', 'type': 'too_many_requests', 'param': None, 'code': 'too_many_requests'}}
Failed for M-Flo Loves Kahimi Karie - Cozmo-Naughty (Sugiurumn House Mission Mix): Error code: 429 - {'error': {'message': 'Too Many Requests', 'type': 'too_many_requests', 'param': None, 'code': 'too_many_requests'}}
Failed for Ferry Corsten - Punk: Error code: 429 - {'error': {'message': 'Too Many Requests', 'type': 'too_many_requests', 'param': None, 'code': 'too_many_requests'}}
Failed for The Twilight Sad - And She Would Darken The Memory: Error code: 429 - {'error': {'message': 'Too Many Requests', 'type': 'too_many_requests', 'param': None, 'code': 'too_many_requests'}}
Failed for The Tragically Hip - New Orleans Is Sinking: Error code: 429 - {'error': {'message': 'Too Many Requests', 'type': 'too_many_requests', 'param': None, 'code': 'too_many_requests'}}
Failed for Tribalistas - Velha Infância: Error code: 429 - {'error': {'message': 'Too Many Requests', 'type': 'too_many_requests', 'param': None, 'code': 'too_many_requests'}}
Failed for 이효리 - Any Club [Feat. Teddy]: Error code: 429 - {'error': {'message': 'Too Many Requests', 'type': 'too_many_requests', 'param': None, 'code': 'too_many_requests'}}
Failed for Suicide - I Remember: Error code: 429 - {'error': {'message': 'Too Many Requests', 'type': 'too_many_requests', 'param': None, 'code': 'too_many_requests'}}
Failed for Madeleine Peyroux - Weary Blues: Error code: 429 - {'error': {'message': 'Too Many Requests', 'type': 'too_many_requests', 'param': None, 'code': 'too_many_requests'}}
Failed for The Turtles - Outside Chance: Error code: 429 - {'error': {'message': 'Too Many Requests', 'type': 'too_many_requests', 'param': None, 'code': 'too_many_requests'}}
Failed for Blockhead - Crashing Down: Error code: 429 - {'error': {'message': 'Too Many Requests', 'type': 'too_many_requests', 'param': None, 'code': 'too_many_requests'}}
Failed for M. Ward - Well-Tempered Clavier: Error code: 429 - {'error': {'message': 'Too Many Requests', 'type': 'too_many_requests', 'param': None, 'code': 'too_many_requests'}}
Failed for Bloc Party - Plans (Replanned By Mogwai): Error code: 429 - {'error': {'message': 'Too Many Requests', 'type': 'too_many_requests', 'param': None, 'code': 'too_many_requests'}}
Failed for Blink-182 - Please Take Me Home: Error code: 429 - {'error': {'message': 'Too Many Requests', 'type': 'too_many_requests', 'param': None, 'code': 'too_many_requests'}}
Failed for Ferry Corsten - L.E.F.: Error code: 429 - {'error': {'message': 'Too Many Requests', 'type': 'too_many_requests', 'param': None, 'code': 'too_many_requests'}}
Failed for Madonna - I Want You (Feat. Massive Attack): Error code: 429 - {'error': {'message': 'Too Many Requests', 'type': 'too_many_requests', 'param': None, 'code': 'too_many_requests'}}
Failed for Madonna - I'Ll Remember: Error code: 429 - {'error': {'message': 'Too Many Requests', 'type': 'too_many_requests', 'param': None, 'code': 'too_many_requests'}}
Failed for Blockhead - Triptych Part 3: Error code: 429 - {'error': {'message': 'Too Many Requests', 'type': 'too_many_requests', 'param': None, 'code': 'too_many_requests'}}
Failed for Madonna - Give It 2 Me (Paul Oakenfold Edit): Error code: 429 - {'error': {'message': 'Too Many Requests', 'type': 'too_many_requests', 'param': None, 'code': 'too_many_requests'}}
Failed for M. Ward - Afterword / Rag: Error code: 429 - {'error': {'message': 'Too Many Requests', 'type': 'too_many_requests', 'param': None, 'code': 'too_many_requests'}}
Failed for +44 - Weatherman: Error code: 429 - {'error': {'message': 'Too Many Requests', 'type': 'too_many_requests', 'param': None, 'code': 'too_many_requests'}}
Failed for Sum 41 - Some Say: Error code: 429 - {'error': {'message': 'Too Many Requests', 'type': 'too_many_requests', 'param': None, 'code': 'too_many_requests'}}
Failed for Bliss - Remember My Name: Error code: 429 - {'error': {'message': 'Too Many Requests', 'type': 'too_many_requests', 'param': None, 'code': 'too_many_requests'}}
Failed for The Tough Alliance - Looking For Gold: Error code: 429 - {'error': {'message': 'Too Many Requests', 'type': 'too_many_requests', 'param': None, 'code': 'too_many_requests'}}
Failed for The Riverboat Gamblers - Don'T Bury Me... I'M Still Not Dead: Error code: 429 - {'error': {'message': 'Too Many Requests', 'type': 'too_many_requests', 'param': None, 'code': 'too_many_requests'}}
Failed for Boys Noize - Feel Good (Tv=Off): Error code: 429 - {'error': {'message': 'Too Many Requests', 'type': 'too_many_requests', 'param': None, 'code': 'too_many_requests'}}
Failed for Mission Of Burma - Wounded World: Error code: 429 - {'error': {'message': 'Too Many Requests', 'type': 'too_many_requests', 'param': None, 'code': 'too_many_requests'}}
Failed for Missy Higgins - Nightminds: Error code: 429 - {'error': {'message': 'Too Many Requests', 'type': 'too_many_requests', 'param': None, 'code': 'too_many_requests'}}
Failed for Kotiteollisuus - Routa Ei Lopu: Error code: 429 - {'error': {'message': 'Too Many Requests', 'type': 'too_many_requests', 'param': None, 'code': 'too_many_requests'}}
Failed for Kraftwerk - Das Model: Error code: 429 - {'error': {'message': 'Too Many Requests', 'type': 'too_many_requests', 'param': None, 'code': 'too_many_requests'}}
Failed for Kraak & Smaak - Danse Macabre: Error code: 429 - {'error': {'message': 'Too Many Requests', 'type': 'too_many_requests', 'param': None, 'code': 'too_many_requests'}}
Failed for Mission Of Burma - Einstein'S Day: Error code: 429 - {'error': {'message': 'Too Many Requests', 'type': 'too_many_requests', 'param': None, 'code': 'too_many_requests'}}
Failed for Seabear - Good Morning Scarecrow: Error code: 429 - {'error': {'message': 'Too Many Requests', 'type': 'too_many_requests', 'param': None, 'code': 'too_many_requests'}}
Failed for Ferry Corsten - Down On Love: Error code: 429 - {'error': {'message': 'Too Many Requests', 'type': 'too_many_requests', 'param': None, 'code': 'too_many_requests'}}
Failed for Fergie - All That I Got (The Make Up Song): Error code: 429 - {'error': {'message': 'Too Many Requests', 'type': 'too_many_requests', 'param': None, 'code': 'too_many_requests'}}
Failed for Paradise Lost - Xavier: Error code: 429 - {'error': {'message': 'Too Many Requests', 'type': 'too_many_requests', 'param': None, 'code': 'too_many_requests'}}
Failed for Paradise Lost - Symbol Of Life: Error code: 429 - {'error': {'message': 'Too Many Requests', 'type': 'too_many_requests', 'param': None, 'code': 'too_many_requests'}}
Failed for Information Society - What'S On Your Mind (Pure Energy): Error code: 429 - {'error': {'message': 'Too Many Requests', 'type': 'too_many_requests', 'param': None, 'code': 'too_many_requests'}}
Failed for Beth Orton - How Far: Error code: 429 - {'error': {'message': 'Too Many Requests', 'type': 'too_many_requests', 'param': None, 'code': 'too_many_requests'}}
Failed for The Holloways - Two Left Feet: Error code: 429 - {'error': {'message': 'Too Many Requests', 'type': 'too_many_requests', 'param': None, 'code': 'too_many_requests'}}
Failed for Madonna - Nobody'S Perfect: Error code: 429 - {'error': {'message': 'Too Many Requests', 'type': 'too_many_requests', 'param': None, 'code': 'too_many_requests'}}
Failed for Madonna - Mer Girl: Error code: 429 - {'error': {'message': 'Too Many Requests', 'type': 'too_many_requests', 'param': None, 'code': 'too_many_requests'}}
Failed for .38 Special - Back To Paradise: Error code: 429 - {'error': {'message': 'Too Many Requests', 'type': 'too_many_requests', 'param': None, 'code': 'too_many_requests'}}
Failed for Lynyrd Skynyrd - Swamp Music: Error code: 429 - {'error': {'message': 'Too Many Requests', 'type': 'too_many_requests', 'param': None, 'code': 'too_many_requests'}}
Failed for Lynyrd Skynyrd - The Needle And The Spoon: Error code: 429 - {'error': {'message': 'Too Many Requests', 'type': 'too_many_requests', 'param': None, 'code': 'too_many_requests'}}
Failed for Madonna - Intervention: Error code: 429 - {'error': {'message': 'Too Many Requests', 'type': 'too_many_requests', 'param': None, 'code': 'too_many_requests'}}
Failed for Scripture - No Word Needed: Error code: 429 - {'error': {'message': 'Too Many Requests', 'type': 'too_many_requests', 'param': None, 'code': 'too_many_requests'}}
Failed for ...And You Will Know Us By The Trail Of Dead - Source Tags & Codes: Error code: 429 - {'error': {'message': 'Too Many Requests', 'type': 'too_many_requests', 'param': None, 'code': 'too_many_requests'}}
Failed for The Hoosiers - Worst Case Scenario: Error code: 429 - {'error': {'message': 'Too Many Requests', 'type': 'too_many_requests', 'param': None, 'code': 'too_many_requests'}}
Failed for Beto Cuevas - Vuelvo: Error code: 429 - {'error': {'message': 'Too Many Requests', 'type': 'too_many_requests', 'param': None, 'code': 'too_many_requests'}}
Failed for Ceremony - Living Hell: Error code: 429 - {'error': {'message': 'Too Many Requests', 'type': 'too_many_requests', 'param': None, 'code': 'too_many_requests'}}
Failed for Insomnium - The Moment Of Reckoning: Error code: 429 - {'error': {'message': 'Too Many Requests', 'type': 'too_many_requests', 'param': None, 'code': 'too_many_requests'}}
Failed for Antti Tuisku - Lähtemässä: Error code: 429 - {'error': {'message': 'Too Many Requests', 'type': 'too_many_requests', 'param': None, 'code': 'too_many_requests'}}
Failed for The Twilight Singers - Railroad Lullaby: Error code: 429 - {'error': {'message': 'Too Many Requests', 'type': 'too_many_requests', 'param': None, 'code': 'too_many_requests'}}
Failed for Insomnium - Bereavement: Error code: 429 - {'error': {'message': 'Too Many Requests', 'type': 'too_many_requests', 'param': None, 'code': 'too_many_requests'}}
Failed for Armin Van Buuren - Zocalo (Feat. Gabriel & Dresden): Error code: 429 - {'error': {'message': 'Too Many Requests', 'type': 'too_many_requests', 'param': None, 'code': 'too_many_requests'}}
Failed for Panzer Ag - God Eats God: Error code: 429 - {'error': {'message': 'Too Many Requests', 'type': 'too_many_requests', 'param': None, 'code': 'too_many_requests'}}
Failed for Lykke Li - Tonight: Error code: 429 - {'error': {'message': 'Too Many Requests', 'type': 'too_many_requests', 'param': None, 'code': 'too_many_requests'}}
Failed for Elvis Costello - Welcome To The Working Week: Error code: 429 - {'error': {'message': 'Too Many Requests', 'type': 'too_many_requests', 'param': None, 'code': 'too_many_requests'}}
Failed for Beth Orton - This One'S Gonna Bruise: Error code: 429 - {'error': {'message': 'Too Many Requests', 'type': 'too_many_requests', 'param': None, 'code': 'too_many_requests'}}
Failed for The Hidden Cameras - Boys Of Melody: Error code: 429 - {'error': {'message': 'Too Many Requests', 'type': 'too_many_requests', 'param': None, 'code': 'too_many_requests'}}
Failed for Chairlift - Evident Utensil: Error code: 429 - {'error': {'message': 'Too Many Requests', 'type': 'too_many_requests', 'param': None, 'code': 'too_many_requests'}}
Failed for Chairlift - Garbage: Error code: 429 - {'error': {'message': 'Too Many Requests', 'type': 'too_many_requests', 'param': None, 'code': 'too_many_requests'}}
Failed for Paradise Lost - I Can Hate You: Error code: 429 - {'error': {'message': 'Too Many Requests', 'type': 'too_many_requests', 'param': None, 'code': 'too_many_requests'}}
Failed for Brand New - Last Chance To Lose Your Keys: Error code: 429 - {'error': {'message': 'Too Many Requests', 'type': 'too_many_requests', 'param': None, 'code': 'too_many_requests'}}
Failed for Moby - Anthem: Error code: 429 - {'error': {'message': 'Too Many Requests', 'type': 'too_many_requests', 'param': None, 'code': 'too_many_requests'}}
Failed for Bran Van 3000 - Discosis: Error code: 429 - {'error': {'message': 'Too Many Requests', 'type': 'too_many_requests', 'param': None, 'code': 'too_many_requests'}}
Failed for Мои Ракеты Вверх - Gash: Error code: 429 - {'error': {'message': 'Too Many Requests', 'type': 'too_many_requests', 'param': None, 'code': 'too_many_requests'}}
Failed for Korn - Let'S Get This Party Started: Error code: 429 - {'error': {'message': 'Too Many Requests', 'type': 'too_many_requests', 'param': None, 'code': 'too_many_requests'}}
Failed for Korn - Lost: Error code: 429 - {'error': {'message': 'Too Many Requests', 'type': 'too_many_requests', 'param': None, 'code': 'too_many_requests'}}
Failed for Atb - Some Things Just Are The Way They Are: Error code: 429 - {'error': {'message': 'Too Many Requests', 'type': 'too_many_requests', 'param': None, 'code': 'too_many_requests'}}
Failed for The Reindeer Section - Strike Me Down: Error code: 429 - {'error': {'message': 'Too Many Requests', 'type': 'too_many_requests', 'param': None, 'code': 'too_many_requests'}}
Failed for Extreme - Tragic Comic: Error code: 429 - {'error': {'message': 'Too Many Requests', 'type': 'too_many_requests', 'param': None, 'code': 'too_many_requests'}}
Failed for The Rolling Stones - Dangerous Beauty: Error code: 429 - {'error': {'message': 'Too Many Requests', 'type': 'too_many_requests', 'param': None, 'code': 'too_many_requests'}}
1100/2988 done
Failed for Black Label Society - Forever Down: Error code: 429 - {'error': {'message': 'Too Many Requests', 'type': 'too_many_requests', 'param': None, 'code': 'too_many_requests'}}
Failed for The Wedding Present - Brassneck: Error code: 429 - {'error': {'message': 'Too Many Requests', 'type': 'too_many_requests', 'param': None, 'code': 'too_many_requests'}}
Failed for Black Flag - Clocked In: Error code: 429 - {'error': {'message': 'Too Many Requests', 'type': 'too_many_requests', 'param': None, 'code': 'too_many_requests'}}
Failed for Miss Kittin - Allergic: Error code: 429 - {'error': {'message': 'Too Many Requests', 'type': 'too_many_requests', 'param': None, 'code': 'too_many_requests'}}
Failed for Misfits - Witch Hunt: Error code: 429 - {'error': {'message': 'Too Many Requests', 'type': 'too_many_requests', 'param': None, 'code': 'too_many_requests'}}
Failed for Brand New - Sowing Season: Error code: 429 - {'error': {'message': 'Too Many Requests', 'type': 'too_many_requests', 'param': None, 'code': 'too_many_requests'}}
Failed for Darkwell - The Rejuvination: Error code: 429 - {'error': {'message': 'Too Many Requests', 'type': 'too_many_requests', 'param': None, 'code': 'too_many_requests'}}
Failed for The American Analog Set - The Kindness Of Strangers: Error code: 429 - {'error': {'message': 'Too Many Requests', 'type': 'too_many_requests', 'param': None, 'code': 'too_many_requests'}}
Failed for Shankar-Ehsaan-Loy - Kal Ho Naa Ho (Sad): Error code: 429 - {'error': {'message': 'Too Many Requests', 'type': 'too_many_requests', 'param': None, 'code': 'too_many_requests'}}
Failed for Darkwell - Realm Of Darkness: Error code: 429 - {'error': {'message': 'Too Many Requests', 'type': 'too_many_requests', 'param': None, 'code': 'too_many_requests'}}
Failed for Darkthrone - Summer Of The Diabolical Holocaust: Error code: 429 - {'error': {'message': 'Too Many Requests', 'type': 'too_many_requests', 'param': None, 'code': 'too_many_requests'}}
Failed for Shakira & Alejandro Sanz - La Tortura: Error code: 429 - {'error': {'message': 'Too Many Requests', 'type': 'too_many_requests', 'param': None, 'code': 'too_many_requests'}}
Failed for Extreme - Li'L Jack Horny: Error code: 429 - {'error': {'message': 'Too Many Requests', 'type': 'too_many_requests', 'param': None, 'code': 'too_many_requests'}}
Failed for Extreme - It ('S A Monster): Error code: 429 - {'error': {'message': 'Too Many Requests', 'type': 'too_many_requests', 'param': None, 'code': 'too_many_requests'}}
Failed for Contemporary Noise Quintet - Army Of The Sun: Error code: 429 - {'error': {'message': 'Too Many Requests', 'type': 'too_many_requests', 'param': None, 'code': 'too_many_requests'}}
Failed for The Cranberries - Dying Inside: Error code: 429 - {'error': {'message': 'Too Many Requests', 'type': 'too_many_requests', 'param': None, 'code': 'too_many_requests'}}
Failed for Red House Painters - Dragonflies: Error code: 429 - {'error': {'message': 'Too Many Requests', 'type': 'too_many_requests', 'param': None, 'code': 'too_many_requests'}}
Failed for Glenn Branca - The Ascension: Error code: 429 - {'error': {'message': 'Too Many Requests', 'type': 'too_many_requests', 'param': None, 'code': 'too_many_requests'}}
Failed for Ayria - The Radio: Error code: 429 - {'error': {'message': 'Too Many Requests', 'type': 'too_many_requests', 'param': None, 'code': 'too_many_requests'}}
Failed for St. Germain - My Mama Said: Error code: 429 - {'error': {'message': 'Too Many Requests', 'type': 'too_many_requests', 'param': None, 'code': 'too_many_requests'}}
Failed for Douglas Heart - Smoke Screen: Error code: 429 - {'error': {'message': 'Too Many Requests', 'type': 'too_many_requests', 'param': None, 'code': 'too_many_requests'}}
Failed for Bandalusa - Fui À Cidade: Error code: 429 - {'error': {'message': 'Too Many Requests', 'type': 'too_many_requests', 'param': None, 'code': 'too_many_requests'}}
Failed for Viikate - Unholan Urut: Error code: 429 - {'error': {'message': 'Too Many Requests', 'type': 'too_many_requests', 'param': None, 'code': 'too_many_requests'}}
Failed for Moby - Whispering Wind: Error code: 429 - {'error': {'message': 'Too Many Requests', 'type': 'too_many_requests', 'param': None, 'code': 'too_many_requests'}}
Failed for Modern Life Is War - Breaking The Cycle: Error code: 429 - {'error': {'message': 'Too Many Requests', 'type': 'too_many_requests', 'param': None, 'code': 'too_many_requests'}}
Failed for Modern Life Is War - Clarity: Error code: 429 - {'error': {'message': 'Too Many Requests', 'type': 'too_many_requests', 'param': None, 'code': 'too_many_requests'}}
Failed for Modern Life Is War - D.E.A.D.R.A.M.O.N.E.S.: Error code: 429 - {'error': {'message': 'Too Many Requests', 'type': 'too_many_requests', 'param': None, 'code': 'too_many_requests'}}
Failed for The Almost - I Mostly Copy Other People: Error code: 429 - {'error': {'message': 'Too Many Requests', 'type': 'too_many_requests', 'param': None, 'code': 'too_many_requests'}}
Failed for The American Analog Set - Million Young: Error code: 429 - {'error': {'message': 'Too Many Requests', 'type': 'too_many_requests', 'param': None, 'code': 'too_many_requests'}}
Failed for The Rolling Stones - It Won'T Take Long: Error code: 429 - {'error': {'message': 'Too Many Requests', 'type': 'too_many_requests', 'param': None, 'code': 'too_many_requests'}}
Failed for Bourbon Crow - Drink 'Till You Ain'T Ugly: Error code: 429 - {'error': {'message': 'Too Many Requests', 'type': 'too_many_requests', 'param': None, 'code': 'too_many_requests'}}
Failed for Reverend And The Makers - The State Of Things: Error code: 429 - {'error': {'message': 'Too Many Requests', 'type': 'too_many_requests', 'param': None, 'code': 'too_many_requests'}}
Failed for Reverend And The Makers - Open Your Window: Error code: 429 - {'error': {'message': 'Too Many Requests', 'type': 'too_many_requests', 'param': None, 'code': 'too_many_requests'}}
Failed for Beastie Boys - To All The Girls: Error code: 429 - {'error': {'message': 'Too Many Requests', 'type': 'too_many_requests', 'param': None, 'code': 'too_many_requests'}}
Failed for Beastie Boys - Time To Get Ill: Error code: 429 - {'error': {'message': 'Too Many Requests', 'type': 'too_many_requests', 'param': None, 'code': 'too_many_requests'}}
Failed for Violator - Artillery Attack: Error code: 429 - {'error': {'message': 'Too Many Requests', 'type': 'too_many_requests', 'param': None, 'code': 'too_many_requests'}}
Failed for The Clientele - My Own Face Inside The Trees: Error code: 429 - {'error': {'message': 'Too Many Requests', 'type': 'too_many_requests', 'param': None, 'code': 'too_many_requests'}}
Failed for The Cranberries - Liar: Error code: 429 - {'error': {'message': 'Too Many Requests', 'type': 'too_many_requests', 'param': None, 'code': 'too_many_requests'}}
Failed for Constantines - Justice: Error code: 429 - {'error': {'message': 'Too Many Requests', 'type': 'too_many_requests', 'param': None, 'code': 'too_many_requests'}}
Failed for Constantines - Nighttime/Anytime (It'S Alright): Error code: 429 - {'error': {'message': 'Too Many Requests', 'type': 'too_many_requests', 'param': None, 'code': 'too_many_requests'}}
Failed for Kraftwerk - The Man-Machine: Error code: 429 - {'error': {'message': 'Too Many Requests', 'type': 'too_many_requests', 'param': None, 'code': 'too_many_requests'}}
Failed for Globus - Diem Ex Dei: Error code: 429 - {'error': {'message': 'Too Many Requests', 'type': 'too_many_requests', 'param': None, 'code': 'too_many_requests'}}
Failed for Black Label Society - Death March: Error code: 429 - {'error': {'message': 'Too Many Requests', 'type': 'too_many_requests', 'param': None, 'code': 'too_many_requests'}}
Failed for The Rolling Stones - I'M Free: Error code: 429 - {'error': {'message': 'Too Many Requests', 'type': 'too_many_requests', 'param': None, 'code': 'too_many_requests'}}
Failed for Dr. Dre - Big Ego'S: Error code: 429 - {'error': {'message': 'Too Many Requests', 'type': 'too_many_requests', 'param': None, 'code': 'too_many_requests'}}
Failed for Squarepusher - Welcome To Europe: Error code: 429 - {'error': {'message': 'Too Many Requests', 'type': 'too_many_requests', 'param': None, 'code': 'too_many_requests'}}
Failed for Dr. Dog - The World May Never Know: Error code: 429 - {'error': {'message': 'Too Many Requests', 'type': 'too_many_requests', 'param': None, 'code': 'too_many_requests'}}
Failed for Dr. Dog - Weekend: Error code: 429 - {'error': {'message': 'Too Many Requests', 'type': 'too_many_requests', 'param': None, 'code': 'too_many_requests'}}
Failed for Dr. Dre - The Day The Niggaz Took Over: Error code: 429 - {'error': {'message': 'Too Many Requests', 'type': 'too_many_requests', 'param': None, 'code': 'too_many_requests'}}
Failed for Dr. Dre - The Next Episode (Feat. Snoop Dogg): Error code: 429 - {'error': {'message': 'Too Many Requests', 'type': 'too_many_requests', 'param': None, 'code': 'too_many_requests'}}
Failed for Turbonegro - Gimme Some: Error code: 429 - {'error': {'message': 'Too Many Requests', 'type': 'too_many_requests', 'param': None, 'code': 'too_many_requests'}}
Failed for Violator - Destined To Die: Error code: 429 - {'error': {'message': 'Too Many Requests', 'type': 'too_many_requests', 'param': None, 'code': 'too_many_requests'}}
Failed for Rbd - Wanna Play: Error code: 429 - {'error': {'message': 'Too Many Requests', 'type': 'too_many_requests', 'param': None, 'code': 'too_many_requests'}}
Failed for Reagan Youth - In Dog We Trust: Error code: 429 - {'error': {'message': 'Too Many Requests', 'type': 'too_many_requests', 'param': None, 'code': 'too_many_requests'}}
Failed for Reagan Youth - Jesus Was A Communist: Error code: 429 - {'error': {'message': 'Too Many Requests', 'type': 'too_many_requests', 'param': None, 'code': 'too_many_requests'}}
Failed for God Lives Underwater - Lonely Again: Error code: 429 - {'error': {'message': 'Too Many Requests', 'type': 'too_many_requests', 'param': None, 'code': 'too_many_requests'}}
Failed for Virgin Prunes - Baby Turns Blue: Error code: 429 - {'error': {'message': 'Too Many Requests', 'type': 'too_many_requests', 'param': None, 'code': 'too_many_requests'}}
Failed for Modeselektor - The First Rebirth: Error code: 429 - {'error': {'message': 'Too Many Requests', 'type': 'too_many_requests', 'param': None, 'code': 'too_many_requests'}}
Failed for Modest Mouse - A Life Of Artic Sounds: Error code: 429 - {'error': {'message': 'Too Many Requests', 'type': 'too_many_requests', 'param': None, 'code': 'too_many_requests'}}
Failed for Mogwai - Like Herod (Live): Error code: 429 - {'error': {'message': 'Too Many Requests', 'type': 'too_many_requests', 'param': None, 'code': 'too_many_requests'}}
Failed for Kmfdm - Disobedience: Error code: 429 - {'error': {'message': 'Too Many Requests', 'type': 'too_many_requests', 'param': None, 'code': 'too_many_requests'}}
Failed for Ghostland Observatory - Stranger Lover: Error code: 429 - {'error': {'message': 'Too Many Requests', 'type': 'too_many_requests', 'param': None, 'code': 'too_many_requests'}}
Failed for The Rapture - Whoo! Alright - Yeah... Uh Huh.: Error code: 429 - {'error': {'message': 'Too Many Requests', 'type': 'too_many_requests', 'param': None, 'code': 'too_many_requests'}}
Failed for The Wedding Present - My Favourite Dress: Error code: 429 - {'error': {'message': 'Too Many Requests', 'type': 'too_many_requests', 'param': None, 'code': 'too_many_requests'}}
Failed for Rebel Meets Rebel - Rebel Meets Rebel: Error code: 429 - {'error': {'message': 'Too Many Requests', 'type': 'too_many_requests', 'param': None, 'code': 'too_many_requests'}}
Failed for The Raveonettes - Let'S Rave On: Error code: 429 - {'error': {'message': 'Too Many Requests', 'type': 'too_many_requests', 'param': None, 'code': 'too_many_requests'}}
Failed for Rebel Meets Rebel - Heart Worn Highway: Error code: 429 - {'error': {'message': 'Too Many Requests', 'type': 'too_many_requests', 'param': None, 'code': 'too_many_requests'}}
Failed for Ane Brun - Song No 6: Error code: 429 - {'error': {'message': 'Too Many Requests', 'type': 'too_many_requests', 'param': None, 'code': 'too_many_requests'}}
Failed for The Rolling Stones - She Smiled Sweetly: Error code: 429 - {'error': {'message': 'Too Many Requests', 'type': 'too_many_requests', 'param': None, 'code': 'too_many_requests'}}
Failed for Gerry & The Pacemakers - You'Ll Never Walk Alone: Error code: 429 - {'error': {'message': 'Too Many Requests', 'type': 'too_many_requests', 'param': None, 'code': 'too_many_requests'}}
Failed for Gepe - No Te Mueras Tanto: Error code: 429 - {'error': {'message': 'Too Many Requests', 'type': 'too_many_requests', 'param': None, 'code': 'too_many_requests'}}
Failed for Revolting Cocks - We Shall Cleanse The World: Error code: 429 - {'error': {'message': 'Too Many Requests', 'type': 'too_many_requests', 'param': None, 'code': 'too_many_requests'}}
Failed for Rhapsody Of Fire - Holy Thunderforce: Error code: 429 - {'error': {'message': 'Too Many Requests', 'type': 'too_many_requests', 'param': None, 'code': 'too_many_requests'}}
Failed for Rhapsody Of Fire - Unholy Warcry: Error code: 429 - {'error': {'message': 'Too Many Requests', 'type': 'too_many_requests', 'param': None, 'code': 'too_many_requests'}}
Failed for Beastie Boys - The Biz Vs. The Nuge: Error code: 429 - {'error': {'message': 'Too Many Requests', 'type': 'too_many_requests', 'param': None, 'code': 'too_many_requests'}}
Failed for Viikate - Rauta-Airot: Error code: 429 - {'error': {'message': 'Too Many Requests', 'type': 'too_many_requests', 'param': None, 'code': 'too_many_requests'}}
Failed for Shapeshifters - Incredible: Error code: 429 - {'error': {'message': 'Too Many Requests', 'type': 'too_many_requests', 'param': None, 'code': 'too_many_requests'}}
Failed for Moby - Raining Again (Steve Angello'S Vocal Mix): Error code: 429 - {'error': {'message': 'Too Many Requests', 'type': 'too_many_requests', 'param': None, 'code': 'too_many_requests'}}
Failed for Kreator - Terror Zone: Error code: 429 - {'error': {'message': 'Too Many Requests', 'type': 'too_many_requests', 'param': None, 'code': 'too_many_requests'}}
Failed for Misfits - Rat Fink: Error code: 429 - {'error': {'message': 'Too Many Requests', 'type': 'too_many_requests', 'param': None, 'code': 'too_many_requests'}}
Failed for Bosque Brown - Still Afraid: Error code: 429 - {'error': {'message': 'Too Many Requests', 'type': 'too_many_requests', 'param': None, 'code': 'too_many_requests'}}
Failed for The Rolling Stones - Respectable: Error code: 429 - {'error': {'message': 'Too Many Requests', 'type': 'too_many_requests', 'param': None, 'code': 'too_many_requests'}}
Failed for Misfits - Bloodfeast: Error code: 429 - {'error': {'message': 'Too Many Requests', 'type': 'too_many_requests', 'param': None, 'code': 'too_many_requests'}}
Failed for Mogwai - Punk Rock:: Error code: 429 - {'error': {'message': 'Too Many Requests', 'type': 'too_many_requests', 'param': None, 'code': 'too_many_requests'}}
Failed for Misfits - Abominable Dr. Phibes: Error code: 429 - {'error': {'message': 'Too Many Requests', 'type': 'too_many_requests', 'param': None, 'code': 'too_many_requests'}}
Failed for Bebe - Ella: Error code: 429 - {'error': {'message': 'Too Many Requests', 'type': 'too_many_requests', 'param': None, 'code': 'too_many_requests'}}
Failed for God Is An Astronaut - Radau: Error code: 429 - {'error': {'message': 'Too Many Requests', 'type': 'too_many_requests', 'param': None, 'code': 'too_many_requests'}}
Failed for Bebel Gilberto - Aganjú  (The Latin Project Remix): Error code: 429 - {'error': {'message': 'Too Many Requests', 'type': 'too_many_requests', 'param': None, 'code': 'too_many_requests'}}
Failed for Evanescence - Wash It All Away: Error code: 429 - {'error': {'message': 'Too Many Requests', 'type': 'too_many_requests', 'param': None, 'code': 'too_many_requests'}}
Failed for Timo Rautiainen & Trio Niskalaukaus - Hämmennys Ja Viha: Error code: 429 - {'error': {'message': 'Too Many Requests', 'type': 'too_many_requests', 'param': None, 'code': 'too_many_requests'}}
Failed for Tomte - So Soll Es Sein: Error code: 429 - {'error': {'message': 'Too Many Requests', 'type': 'too_many_requests', 'param': None, 'code': 'too_many_requests'}}
Failed for Everclear - So Much For The Afterglow: Error code: 429 - {'error': {'message': 'Too Many Requests', 'type': 'too_many_requests', 'param': None, 'code': 'too_many_requests'}}
Failed for Angra - Heroes Of Sand: Error code: 429 - {'error': {'message': 'Too Many Requests', 'type': 'too_many_requests', 'param': None, 'code': 'too_many_requests'}}
Failed for Darkthrone - Fucked Up And Ready To Die: Error code: 429 - {'error': {'message': 'Too Many Requests', 'type': 'too_many_requests', 'param': None, 'code': 'too_many_requests'}}
Failed for Darkthrone - Graven Tåkeheimens Saler: Error code: 429 - {'error': {'message': 'Too Many Requests', 'type': 'too_many_requests', 'param': None, 'code': 'too_many_requests'}}
Failed for Extreme - Get The Funk Out: Error code: 429 - {'error': {'message': 'Too Many Requests', 'type': 'too_many_requests', 'param': None, 'code': 'too_many_requests'}}
Failed for Eyes Set To Kill - Beauty Through Broken Glass: Error code: 429 - {'error': {'message': 'Too Many Requests', 'type': 'too_many_requests', 'param': None, 'code': 'too_many_requests'}}
Failed for The Rakes - 1989: Error code: 429 - {'error': {'message': 'Too Many Requests', 'type': 'too_many_requests', 'param': None, 'code': 'too_many_requests'}}
Failed for Mojo Project - Could You (David Penn Dub): Error code: 429 - {'error': {'message': 'Too Many Requests', 'type': 'too_many_requests', 'param': None, 'code': 'too_many_requests'}}
1200/2988 done
Failed for The Apples In Stereo - Dots 1-2-3: Error code: 429 - {'error': {'message': 'Too Many Requests', 'type': 'too_many_requests', 'param': None, 'code': 'too_many_requests'}}
Failed for Kmfdm - A Hole In The Wall: Error code: 429 - {'error': {'message': 'Too Many Requests', 'type': 'too_many_requests', 'param': None, 'code': 'too_many_requests'}}
Failed for Modwheelmood - As I Stand Here: Error code: 429 - {'error': {'message': 'Too Many Requests', 'type': 'too_many_requests', 'param': None, 'code': 'too_many_requests'}}
Failed for The Weepies - Antarctica: Error code: 429 - {'error': {'message': 'Too Many Requests', 'type': 'too_many_requests', 'param': None, 'code': 'too_many_requests'}}
Failed for Staind - Suffer: Error code: 429 - {'error': {'message': 'Too Many Requests', 'type': 'too_many_requests', 'param': None, 'code': 'too_many_requests'}}
Failed for Dottie Danger - Sasha: Error code: 429 - {'error': {'message': 'Too Many Requests', 'type': 'too_many_requests', 'param': None, 'code': 'too_many_requests'}}
Failed for Atb - Dooley'S World: Error code: 429 - {'error': {'message': 'Too Many Requests', 'type': 'too_many_requests', 'param': None, 'code': 'too_many_requests'}}
Failed for Dot Allison - Substance (Felix Da Housecat Mix): Error code: 429 - {'error': {'message': 'Too Many Requests', 'type': 'too_many_requests', 'param': None, 'code': 'too_many_requests'}}
Failed for Richard Davis - The Truth: Error code: 429 - {'error': {'message': 'Too Many Requests', 'type': 'too_many_requests', 'param': None, 'code': 'too_many_requests'}}
Failed for Turbonegro - High On The Crime: Error code: 429 - {'error': {'message': 'Too Many Requests', 'type': 'too_many_requests', 'param': None, 'code': 'too_many_requests'}}
Failed for Dottie Danger - Тихие Дни: Error code: 429 - {'error': {'message': 'Too Many Requests', 'type': 'too_many_requests', 'param': None, 'code': 'too_many_requests'}}
Failed for Atb - Ecstasy (At&B Airplay Mix): Error code: 429 - {'error': {'message': 'Too Many Requests', 'type': 'too_many_requests', 'param': None, 'code': 'too_many_requests'}}
Failed for Spın̈Al Tap - Hell Hole: Error code: 429 - {'error': {'message': 'Too Many Requests', 'type': 'too_many_requests', 'param': None, 'code': 'too_many_requests'}}
Failed for Atb - Circular Symetry: Error code: 429 - {'error': {'message': 'Too Many Requests', 'type': 'too_many_requests', 'param': None, 'code': 'too_many_requests'}}
Failed for System F - Reaching Your Soul: Error code: 429 - {'error': {'message': 'Too Many Requests', 'type': 'too_many_requests', 'param': None, 'code': 'too_many_requests'}}
Failed for Depeche Mode - Home (Grantby Mix): Error code: 429 - {'error': {'message': 'Too Many Requests', 'type': 'too_many_requests', 'param': None, 'code': 'too_many_requests'}}
Failed for The Weepies - All That I Want: Error code: 429 - {'error': {'message': 'Too Many Requests', 'type': 'too_many_requests', 'param': None, 'code': 'too_many_requests'}}
Failed for The Weepies - All Good Things: Error code: 429 - {'error': {'message': 'Too Many Requests', 'type': 'too_many_requests', 'param': None, 'code': 'too_many_requests'}}
Failed for Evanescence - The Last Day: Error code: 429 - {'error': {'message': 'Too Many Requests', 'type': 'too_many_requests', 'param': None, 'code': 'too_many_requests'}}
Failed for Atlas Sound - The Time I Spent With Nico (Loud): Error code: 429 - {'error': {'message': 'Too Many Requests', 'type': 'too_many_requests', 'param': None, 'code': 'too_many_requests'}}
Failed for Mokoma - Tämän Maailman Ruhtinaan Hovi: Error code: 429 - {'error': {'message': 'Too Many Requests', 'type': 'too_many_requests', 'param': None, 'code': 'too_many_requests'}}
Failed for The Radio Dept. - Lost And Found: Error code: 429 - {'error': {'message': 'Too Many Requests', 'type': 'too_many_requests', 'param': None, 'code': 'too_many_requests'}}
Failed for Depeche Mode - Fly On The Windscreen-Final: Error code: 429 - {'error': {'message': 'Too Many Requests', 'type': 'too_many_requests', 'param': None, 'code': 'too_many_requests'}}
Failed for Dragonette - Get Lucky: Error code: 429 - {'error': {'message': 'Too Many Requests', 'type': 'too_many_requests', 'param': None, 'code': 'too_many_requests'}}
Failed for Minutemen - Do You Want New Wave Or Do You Want The Truth?: Error code: 429 - {'error': {'message': 'Too Many Requests', 'type': 'too_many_requests', 'param': None, 'code': 'too_many_requests'}}
Failed for Miranda! - Enamorada: Error code: 429 - {'error': {'message': 'Too Many Requests', 'type': 'too_many_requests', 'param': None, 'code': 'too_many_requests'}}
Failed for A Silver Mt. Zion - Could'Ve Moved Mountains...: Error code: 429 - {'error': {'message': 'Too Many Requests', 'type': 'too_many_requests', 'param': None, 'code': 'too_many_requests'}}
Failed for Black Light Burns - Iodine Sky: Error code: 429 - {'error': {'message': 'Too Many Requests', 'type': 'too_many_requests', 'param': None, 'code': 'too_many_requests'}}
Failed for Minutemen - This Ain'T No Picnic: Error code: 429 - {'error': {'message': 'Too Many Requests', 'type': 'too_many_requests', 'param': None, 'code': 'too_many_requests'}}
Failed for Black Lips - I'Ll Be With You: Error code: 429 - {'error': {'message': 'Too Many Requests', 'type': 'too_many_requests', 'param': None, 'code': 'too_many_requests'}}
Failed for God'S Bow - Intro: Error code: 429 - {'error': {'message': 'Too Many Requests', 'type': 'too_many_requests', 'param': None, 'code': 'too_many_requests'}}
Failed for The Warlocks - The Tangent: Error code: 429 - {'error': {'message': 'Too Many Requests', 'type': 'too_many_requests', 'param': None, 'code': 'too_many_requests'}}
Failed for God'S Bow - Hopefull Minds: Error code: 429 - {'error': {'message': 'Too Many Requests', 'type': 'too_many_requests', 'param': None, 'code': 'too_many_requests'}}
Failed for God Is An Astronaut - Tempus Horizon: Error code: 429 - {'error': {'message': 'Too Many Requests', 'type': 'too_many_requests', 'param': None, 'code': 'too_many_requests'}}
Failed for Godsmack - I Am: Error code: 429 - {'error': {'message': 'Too Many Requests', 'type': 'too_many_requests', 'param': None, 'code': 'too_many_requests'}}
Failed for Klaus Nomi - Ding Dong: Error code: 429 - {'error': {'message': 'Too Many Requests', 'type': 'too_many_requests', 'param': None, 'code': 'too_many_requests'}}
Failed for The Apples In Stereo - Can You Feel It?: Error code: 429 - {'error': {'message': 'Too Many Requests', 'type': 'too_many_requests', 'param': None, 'code': 'too_many_requests'}}
Failed for Mirah - You'Ve Gone Away Enough: Error code: 429 - {'error': {'message': 'Too Many Requests', 'type': 'too_many_requests', 'param': None, 'code': 'too_many_requests'}}
Failed for Ricardo Arjona - Mojado: Error code: 429 - {'error': {'message': 'Too Many Requests', 'type': 'too_many_requests', 'param': None, 'code': 'too_many_requests'}}
Failed for Evil Nine - Crooked: Error code: 429 - {'error': {'message': 'Too Many Requests', 'type': 'too_many_requests', 'param': None, 'code': 'too_many_requests'}}
Failed for The Radio Dept. - You And Me Then?: Error code: 429 - {'error': {'message': 'Too Many Requests', 'type': 'too_many_requests', 'param': None, 'code': 'too_many_requests'}}
Failed for Mokoma - Lujaa Tekoa: Error code: 429 - {'error': {'message': 'Too Many Requests', 'type': 'too_many_requests', 'param': None, 'code': 'too_many_requests'}}
Failed for The Weepies - Old Coyote: Error code: 429 - {'error': {'message': 'Too Many Requests', 'type': 'too_many_requests', 'param': None, 'code': 'too_many_requests'}}
Failed for The Weepies - Orbiting: Error code: 429 - {'error': {'message': 'Too Many Requests', 'type': 'too_many_requests', 'param': None, 'code': 'too_many_requests'}}
Failed for The Cribs - Things You Should Be Knowing: Error code: 429 - {'error': {'message': 'Too Many Requests', 'type': 'too_many_requests', 'param': None, 'code': 'too_many_requests'}}
Failed for King Crimson - Three Of A Perfect Pair: Error code: 429 - {'error': {'message': 'Too Many Requests', 'type': 'too_many_requests', 'param': None, 'code': 'too_many_requests'}}
Failed for Razor - Instant Death: Error code: 429 - {'error': {'message': 'Too Many Requests', 'type': 'too_many_requests', 'param': None, 'code': 'too_many_requests'}}
Failed for Richard Davis - Honest With You: Error code: 429 - {'error': {'message': 'Too Many Requests', 'type': 'too_many_requests', 'param': None, 'code': 'too_many_requests'}}
Failed for Kimya Dawson - My Mom: Error code: 429 - {'error': {'message': 'Too Many Requests', 'type': 'too_many_requests', 'param': None, 'code': 'too_many_requests'}}
Failed for King Creosote - All The 3'S: Error code: 429 - {'error': {'message': 'Too Many Requests', 'type': 'too_many_requests', 'param': None, 'code': 'too_many_requests'}}
Failed for Common - The People: Error code: 429 - {'error': {'message': 'Too Many Requests', 'type': 'too_many_requests', 'param': None, 'code': 'too_many_requests'}}
Failed for Vitalic - U And I: Error code: 429 - {'error': {'message': 'Too Many Requests', 'type': 'too_many_requests', 'param': None, 'code': 'too_many_requests'}}
Failed for Gojira - Adoration For None: Error code: 429 - {'error': {'message': 'Too Many Requests', 'type': 'too_many_requests', 'param': None, 'code': 'too_many_requests'}}
Failed for Richard Hawley - Coles Corner: Error code: 429 - {'error': {'message': 'Too Many Requests', 'type': 'too_many_requests', 'param': None, 'code': 'too_many_requests'}}
Failed for Gojira - Embrace The World: Error code: 429 - {'error': {'message': 'Too Many Requests', 'type': 'too_many_requests', 'param': None, 'code': 'too_many_requests'}}
Failed for George Harrison - While My Guitar Gently Weeps: Error code: 429 - {'error': {'message': 'Too Many Requests', 'type': 'too_many_requests', 'param': None, 'code': 'too_many_requests'}}
Failed for Richard O'Brien - Over At The Frankenstein Place: Error code: 429 - {'error': {'message': 'Too Many Requests', 'type': 'too_many_requests', 'param': None, 'code': 'too_many_requests'}}
Failed for Richard Hawley - The Ocean: Error code: 429 - {'error': {'message': 'Too Many Requests', 'type': 'too_many_requests', 'param': None, 'code': 'too_many_requests'}}
Failed for George Harrison - Something: Error code: 429 - {'error': {'message': 'Too Many Requests', 'type': 'too_many_requests', 'param': None, 'code': 'too_many_requests'}}
Failed for Richard Hell & The Voidoids - I'M Your Man: Error code: 429 - {'error': {'message': 'Too Many Requests', 'type': 'too_many_requests', 'param': None, 'code': 'too_many_requests'}}
Failed for Richard Cheese - Down With The Sickness: Error code: 429 - {'error': {'message': 'Too Many Requests', 'type': 'too_many_requests', 'param': None, 'code': 'too_many_requests'}}
Failed for Counting Crows - Have You Seen Me Lately?: Error code: 429 - {'error': {'message': 'Too Many Requests', 'type': 'too_many_requests', 'param': None, 'code': 'too_many_requests'}}
Failed for Kiss - I Want You: Error code: 429 - {'error': {'message': 'Too Many Requests', 'type': 'too_many_requests', 'param': None, 'code': 'too_many_requests'}}
Failed for Kiss - Domino: Error code: 429 - {'error': {'message': 'Too Many Requests', 'type': 'too_many_requests', 'param': None, 'code': 'too_many_requests'}}
Failed for Vision Divine - Waiting For The Dawn: Error code: 429 - {'error': {'message': 'Too Many Requests', 'type': 'too_many_requests', 'param': None, 'code': 'too_many_requests'}}
Failed for Aqua Timez - Alones (Tv Size): Error code: 429 - {'error': {'message': 'Too Many Requests', 'type': 'too_many_requests', 'param': None, 'code': 'too_many_requests'}}
Failed for Dope Stars Inc. - Bang Your Head: Error code: 429 - {'error': {'message': 'Too Many Requests', 'type': 'too_many_requests', 'param': None, 'code': 'too_many_requests'}}
Failed for The Album Leaf - The Mp: Error code: 429 - {'error': {'message': 'Too Many Requests', 'type': 'too_many_requests', 'param': None, 'code': 'too_many_requests'}}
Failed for Gojira - Lizard Skin: Error code: 429 - {'error': {'message': 'Too Many Requests', 'type': 'too_many_requests', 'param': None, 'code': 'too_many_requests'}}
Failed for Staffan Hellstrand - Fanfar: Error code: 429 - {'error': {'message': 'Too Many Requests', 'type': 'too_many_requests', 'param': None, 'code': 'too_many_requests'}}
Failed for Mokoma - Avoin Hauta: Error code: 429 - {'error': {'message': 'Too Many Requests', 'type': 'too_many_requests', 'param': None, 'code': 'too_many_requests'}}
Failed for Breaking Benjamin - The Diary Of Jane (Acoustic): Error code: 429 - {'error': {'message': 'Too Many Requests', 'type': 'too_many_requests', 'param': None, 'code': 'too_many_requests'}}
Failed for Moneybrother - Reconsider Me: Error code: 429 - {'error': {'message': 'Too Many Requests', 'type': 'too_many_requests', 'param': None, 'code': 'too_many_requests'}}
Failed for The White Stripes - Candy Cane Children: Error code: 429 - {'error': {'message': 'Too Many Requests', 'type': 'too_many_requests', 'param': None, 'code': 'too_many_requests'}}
Failed for Abba - Voulez-Vous: Error code: 429 - {'error': {'message': 'Too Many Requests', 'type': 'too_many_requests', 'param': None, 'code': 'too_many_requests'}}
Failed for Abba - Summer Night City: Error code: 429 - {'error': {'message': 'Too Many Requests', 'type': 'too_many_requests', 'param': None, 'code': 'too_many_requests'}}
Failed for Faber Drive - Tongue Tied: Error code: 429 - {'error': {'message': 'Too Many Requests', 'type': 'too_many_requests', 'param': None, 'code': 'too_many_requests'}}
Failed for Shake My Hand - Rosey Fingers: Error code: 429 - {'error': {'message': 'Too Many Requests', 'type': 'too_many_requests', 'param': None, 'code': 'too_many_requests'}}
Failed for Gentle Touch - Smedby: Error code: 429 - {'error': {'message': 'Too Many Requests', 'type': 'too_many_requests', 'param': None, 'code': 'too_many_requests'}}
Failed for Fad Gadget - Back To Nature: Error code: 429 - {'error': {'message': 'Too Many Requests', 'type': 'too_many_requests', 'param': None, 'code': 'too_many_requests'}}
Failed for Abba - On And On And On: Error code: 429 - {'error': {'message': 'Too Many Requests', 'type': 'too_many_requests', 'param': None, 'code': 'too_many_requests'}}
Failed for Moloko - Absent Minded Friends: Error code: 429 - {'error': {'message': 'Too Many Requests', 'type': 'too_many_requests', 'param': None, 'code': 'too_many_requests'}}
Failed for Booka Shade - Sweet Lies: Error code: 429 - {'error': {'message': 'Too Many Requests', 'type': 'too_many_requests', 'param': None, 'code': 'too_many_requests'}}
Failed for T. Rex - One Inch Rock: Error code: 429 - {'error': {'message': 'Too Many Requests', 'type': 'too_many_requests', 'param': None, 'code': 'too_many_requests'}}
Failed for T. Rex - Teenage Dream: Error code: 429 - {'error': {'message': 'Too Many Requests', 'type': 'too_many_requests', 'param': None, 'code': 'too_many_requests'}}
Failed for Denise Rosenthal - No Quiero Escuchar Tu Voz: Error code: 429 - {'error': {'message': 'Too Many Requests', 'type': 'too_many_requests', 'param': None, 'code': 'too_many_requests'}}
Failed for Minus The Bear - Andy Wolff: Error code: 429 - {'error': {'message': 'Too Many Requests', 'type': 'too_many_requests', 'param': None, 'code': 'too_many_requests'}}
Failed for Sébastien Tellier - Pomme: Error code: 429 - {'error': {'message': 'Too Many Requests', 'type': 'too_many_requests', 'param': None, 'code': 'too_many_requests'}}
Failed for Sébastien Tellier - Slow Lynch: Error code: 429 - {'error': {'message': 'Too Many Requests', 'type': 'too_many_requests', 'param': None, 'code': 'too_many_requests'}}
Failed for Sébastien Tellier - Look: Error code: 429 - {'error': {'message': 'Too Many Requests', 'type': 'too_many_requests', 'param': None, 'code': 'too_many_requests'}}
Failed for Sébastien Tellier - Le Long De La Rivière Tendre: Error code: 429 - {'error': {'message': 'Too Many Requests', 'type': 'too_many_requests', 'param': None, 'code': 'too_many_requests'}}
Failed for Moonspell - Love Crimes: Error code: 429 - {'error': {'message': 'Too Many Requests', 'type': 'too_many_requests', 'param': None, 'code': 'too_many_requests'}}
Failed for The Rosebuds - Silja Line: Error code: 429 - {'error': {'message': 'Too Many Requests', 'type': 'too_many_requests', 'param': None, 'code': 'too_many_requests'}}
Failed for The Warlocks - So Paranoid: Error code: 429 - {'error': {'message': 'Too Many Requests', 'type': 'too_many_requests', 'param': None, 'code': 'too_many_requests'}}
Failed for Goldmund - Door Of Our Home: Error code: 429 - {'error': {'message': 'Too Many Requests', 'type': 'too_many_requests', 'param': None, 'code': 'too_many_requests'}}
Failed for Killswitch Engage - Unbroken: Error code: 429 - {'error': {'message': 'Too Many Requests', 'type': 'too_many_requests', 'param': None, 'code': 'too_many_requests'}}
Failed for Killradio - Freedom?: Error code: 429 - {'error': {'message': 'Too Many Requests', 'type': 'too_many_requests', 'param': None, 'code': 'too_many_requests'}}
1300/2988 done
Failed for Killing Joke - Multitudes: Error code: 429 - {'error': {'message': 'Too Many Requests', 'type': 'too_many_requests', 'param': None, 'code': 'too_many_requests'}}
Failed for Killswitch Engage - Just Barely Breathing: Error code: 429 - {'error': {'message': 'Too Many Requests', 'type': 'too_many_requests', 'param': None, 'code': 'too_many_requests'}}
Failed for Abingdon Boys School - Fre@K $How: Error code: 429 - {'error': {'message': 'Too Many Requests', 'type': 'too_many_requests', 'param': None, 'code': 'too_many_requests'}}
Failed for Björk - Pabbi Minn: Error code: 429 - {'error': {'message': 'Too Many Requests', 'type': 'too_many_requests', 'param': None, 'code': 'too_many_requests'}}
Failed for Ray Charles - (Night Time Is) The Right Time: Error code: 429 - {'error': {'message': 'Too Many Requests', 'type': 'too_many_requests', 'param': None, 'code': 'too_many_requests'}}
Failed for Vive La Fête - Aventures Fictives: Error code: 429 - {'error': {'message': 'Too Many Requests', 'type': 'too_many_requests', 'param': None, 'code': 'too_many_requests'}}
Failed for Turisas - The Messenger: Error code: 429 - {'error': {'message': 'Too Many Requests', 'type': 'too_many_requests', 'param': None, 'code': 'too_many_requests'}}
Failed for Eurythmics - When Tomorrow Comes: Error code: 429 - {'error': {'message': 'Too Many Requests', 'type': 'too_many_requests', 'param': None, 'code': 'too_many_requests'}}
Failed for Above & Beyond - Alone Tonight: Error code: 429 - {'error': {'message': 'Too Many Requests', 'type': 'too_many_requests', 'param': None, 'code': 'too_many_requests'}}
Failed for Vive La Fête - Mais: Error code: 429 - {'error': {'message': 'Too Many Requests', 'type': 'too_many_requests', 'param': None, 'code': 'too_many_requests'}}
Failed for Gomez - Here Comes The Breeze: Error code: 429 - {'error': {'message': 'Too Many Requests', 'type': 'too_many_requests', 'param': None, 'code': 'too_many_requests'}}
Failed for Rasputina - When I Was A Young Girl: Error code: 429 - {'error': {'message': 'Too Many Requests', 'type': 'too_many_requests', 'param': None, 'code': 'too_many_requests'}}
Failed for Rasputina - Possum Of The Grotto: Error code: 429 - {'error': {'message': 'Too Many Requests', 'type': 'too_many_requests', 'param': None, 'code': 'too_many_requests'}}
Failed for Eurythmics - Who'S That Girl: Error code: 429 - {'error': {'message': 'Too Many Requests', 'type': 'too_many_requests', 'param': None, 'code': 'too_many_requests'}}
Failed for Kidneythieves - Serene Dream: Error code: 429 - {'error': {'message': 'Too Many Requests', 'type': 'too_many_requests', 'param': None, 'code': 'too_many_requests'}}
Failed for Morrissey - Disappointed: Error code: 429 - {'error': {'message': 'Too Many Requests', 'type': 'too_many_requests', 'param': None, 'code': 'too_many_requests'}}
Failed for Dream Theater - Act I: Scene Two: Ii. Strange Déjà Vu: Error code: 429 - {'error': {'message': 'Too Many Requests', 'type': 'too_many_requests', 'param': None, 'code': 'too_many_requests'}}
Failed for Tracy Chapman - She'S Got Her Ticket: Error code: 429 - {'error': {'message': 'Too Many Requests', 'type': 'too_many_requests', 'param': None, 'code': 'too_many_requests'}}
Failed for Beastie Boys - All Lifestyles: Error code: 429 - {'error': {'message': 'Too Many Requests', 'type': 'too_many_requests', 'param': None, 'code': 'too_many_requests'}}
Failed for The Clash - Capital Radio One: Error code: 429 - {'error': {'message': 'Too Many Requests', 'type': 'too_many_requests', 'param': None, 'code': 'too_many_requests'}}
Failed for The Clash - 1-2 Crush On You: Error code: 429 - {'error': {'message': 'Too Many Requests', 'type': 'too_many_requests', 'param': None, 'code': 'too_many_requests'}}
Failed for T. Rex - Lean Woman Blues: Error code: 429 - {'error': {'message': 'Too Many Requests', 'type': 'too_many_requests', 'param': None, 'code': 'too_many_requests'}}
Failed for Kid Dynamite - S.O.S.: Error code: 429 - {'error': {'message': 'Too Many Requests', 'type': 'too_many_requests', 'param': None, 'code': 'too_many_requests'}}
Failed for Rihanna - If It'S Lovin' That You Want: Error code: 429 - {'error': {'message': 'Too Many Requests', 'type': 'too_many_requests', 'param': None, 'code': 'too_many_requests'}}
Failed for Morrissey - He Knows I'D Love To See Him: Error code: 429 - {'error': {'message': 'Too Many Requests', 'type': 'too_many_requests', 'param': None, 'code': 'too_many_requests'}}
Failed for Dashboard Confessional - Keep Watch For The Mines: Error code: 429 - {'error': {'message': 'Too Many Requests', 'type': 'too_many_requests', 'param': None, 'code': 'too_many_requests'}}
Failed for Unkle - Keys To The Kingdom: Error code: 429 - {'error': {'message': 'Too Many Requests', 'type': 'too_many_requests', 'param': None, 'code': 'too_many_requests'}}
Failed for Symphony X - The Damnation Game: Error code: 429 - {'error': {'message': 'Too Many Requests', 'type': 'too_many_requests', 'param': None, 'code': 'too_many_requests'}}
Failed for Atmosphere - Wild Wild Horses: Error code: 429 - {'error': {'message': 'Too Many Requests', 'type': 'too_many_requests', 'param': None, 'code': 'too_many_requests'}}
Failed for Gemma Hayes - Two Step: Error code: 429 - {'error': {'message': 'Too Many Requests', 'type': 'too_many_requests', 'param': None, 'code': 'too_many_requests'}}
Failed for Stars - Write What You Know: Error code: 429 - {'error': {'message': 'Too Many Requests', 'type': 'too_many_requests', 'param': None, 'code': 'too_many_requests'}}
Failed for Atmosphere - The Bass And The Movement: Error code: 429 - {'error': {'message': 'Too Many Requests', 'type': 'too_many_requests', 'param': None, 'code': 'too_many_requests'}}
Failed for Covenant - Invisible & Silent: Error code: 429 - {'error': {'message': 'Too Many Requests', 'type': 'too_many_requests', 'param': None, 'code': 'too_many_requests'}}
Failed for Genesis - Dodo/Lurker: Error code: 429 - {'error': {'message': 'Too Many Requests', 'type': 'too_many_requests', 'param': None, 'code': 'too_many_requests'}}
Failed for Rancor - Pau No Cu Da Mídia Corporativista: Error code: 429 - {'error': {'message': 'Too Many Requests', 'type': 'too_many_requests', 'param': None, 'code': 'too_many_requests'}}
Failed for Goodbooks - Alice: Error code: 429 - {'error': {'message': 'Too Many Requests', 'type': 'too_many_requests', 'param': None, 'code': 'too_many_requests'}}
Failed for Goodbooks - Good Life Salesman: Error code: 429 - {'error': {'message': 'Too Many Requests', 'type': 'too_many_requests', 'param': None, 'code': 'too_many_requests'}}
Failed for Aborym - Disgust And Rage (Sic Transit Gloria Mundi): Error code: 429 - {'error': {'message': 'Too Many Requests', 'type': 'too_many_requests', 'param': None, 'code': 'too_many_requests'}}
Failed for Symphony X - The Bird-Serpent War-Cataclysm: Error code: 429 - {'error': {'message': 'Too Many Requests', 'type': 'too_many_requests', 'param': None, 'code': 'too_many_requests'}}
Failed for Combichrist - Without Emotions: Error code: 429 - {'error': {'message': 'Too Many Requests', 'type': 'too_many_requests', 'param': None, 'code': 'too_many_requests'}}
Failed for Aborym - Generator: Error code: 429 - {'error': {'message': 'Too Many Requests', 'type': 'too_many_requests', 'param': None, 'code': 'too_many_requests'}}
Failed for Symphony X - Revelation (Divus Pennae Ex Tragoedia): Error code: 429 - {'error': {'message': 'Too Many Requests', 'type': 'too_many_requests', 'param': None, 'code': 'too_many_requests'}}
Failed for Mindless Self Indulgence - Lights Out: Error code: 429 - {'error': {'message': 'Too Many Requests', 'type': 'too_many_requests', 'param': None, 'code': 'too_many_requests'}}
Failed for Mindless Self Indulgence - Evening Wear: Error code: 429 - {'error': {'message': 'Too Many Requests', 'type': 'too_many_requests', 'param': None, 'code': 'too_many_requests'}}
Failed for A Heartwell Ending - Memory: Error code: 429 - {'error': {'message': 'Too Many Requests', 'type': 'too_many_requests', 'param': None, 'code': 'too_many_requests'}}
Failed for Mortal Love - Beautiful One: Error code: 429 - {'error': {'message': 'Too Many Requests', 'type': 'too_many_requests', 'param': None, 'code': 'too_many_requests'}}
Failed for Kylie Minogue - Secret (Take You Home): Error code: 429 - {'error': {'message': 'Too Many Requests', 'type': 'too_many_requests', 'param': None, 'code': 'too_many_requests'}}
Failed for At The Drive-In - Fahrenheit: Error code: 429 - {'error': {'message': 'Too Many Requests', 'type': 'too_many_requests', 'param': None, 'code': 'too_many_requests'}}
Failed for Dream Theater - Trial Of Tears: Error code: 429 - {'error': {'message': 'Too Many Requests', 'type': 'too_many_requests', 'param': None, 'code': 'too_many_requests'}}
Failed for Kult - Odnawianie Restauracji: Error code: 429 - {'error': {'message': 'Too Many Requests', 'type': 'too_many_requests', 'param': None, 'code': 'too_many_requests'}}
Failed for Ricky Martin - I Don'T Care (Feat. Fat Joe & Amerie): Error code: 429 - {'error': {'message': 'Too Many Requests', 'type': 'too_many_requests', 'param': None, 'code': 'too_many_requests'}}
Failed for Kurd Maverick - The Rub (I Never Rock): Error code: 429 - {'error': {'message': 'Too Many Requests', 'type': 'too_many_requests', 'param': None, 'code': 'too_many_requests'}}
Failed for Comando Nuclear - Batalhão Infernal: Error code: 429 - {'error': {'message': 'Too Many Requests', 'type': 'too_many_requests', 'param': None, 'code': 'too_many_requests'}}
Failed for Georg Friedrich Händel - Bourrée: Error code: 429 - {'error': {'message': 'Too Many Requests', 'type': 'too_many_requests', 'param': None, 'code': 'too_many_requests'}}
Failed for Ministry - Burning Inside: Error code: 429 - {'error': {'message': 'Too Many Requests', 'type': 'too_many_requests', 'param': None, 'code': 'too_many_requests'}}
Failed for Ministry - I Prefer: Error code: 429 - {'error': {'message': 'Too Many Requests', 'type': 'too_many_requests', 'param': None, 'code': 'too_many_requests'}}
Failed for Milosh - Your Taste: Error code: 429 - {'error': {'message': 'Too Many Requests', 'type': 'too_many_requests', 'param': None, 'code': 'too_many_requests'}}
Failed for Ramones - What'S Your Game: Error code: 429 - {'error': {'message': 'Too Many Requests', 'type': 'too_many_requests', 'param': None, 'code': 'too_many_requests'}}
Failed for Kwan - Tainted Love: Error code: 429 - {'error': {'message': 'Too Many Requests', 'type': 'too_many_requests', 'param': None, 'code': 'too_many_requests'}}
Failed for Gorillaz - Ghosttrain: Error code: 429 - {'error': {'message': 'Too Many Requests', 'type': 'too_many_requests', 'param': None, 'code': 'too_many_requests'}}
Failed for Andrew Lloyd Webber - All I Ask Of You: Error code: 429 - {'error': {'message': 'Too Many Requests', 'type': 'too_many_requests', 'param': None, 'code': 'too_many_requests'}}
Failed for Combichrist - Prince Of E-Ville: Error code: 429 - {'error': {'message': 'Too Many Requests', 'type': 'too_many_requests', 'param': None, 'code': 'too_many_requests'}}
Failed for Gorillaz - Kids With Guns (Hot Chip Remix): Error code: 429 - {'error': {'message': 'Too Many Requests', 'type': 'too_many_requests', 'param': None, 'code': 'too_many_requests'}}
Failed for Ramones - Merry Christmas (I Don'T Want To Fight Tonight): Error code: 429 - {'error': {'message': 'Too Many Requests', 'type': 'too_many_requests', 'param': None, 'code': 'too_many_requests'}}
Failed for Angus And Julia Stone - Private Lawns: Error code: 429 - {'error': {'message': 'Too Many Requests', 'type': 'too_many_requests', 'param': None, 'code': 'too_many_requests'}}
Failed for Georg Friedrich Händel - Minuet: Error code: 429 - {'error': {'message': 'Too Many Requests', 'type': 'too_many_requests', 'param': None, 'code': 'too_many_requests'}}
Failed for Dream Theater - Scarred: Error code: 429 - {'error': {'message': 'Too Many Requests', 'type': 'too_many_requests', 'param': None, 'code': 'too_many_requests'}}
Failed for Mors Principium Est - Into Illusion: Error code: 429 - {'error': {'message': 'Too Many Requests', 'type': 'too_many_requests', 'param': None, 'code': 'too_many_requests'}}
Failed for Khoiba - Me And My Victory: Error code: 429 - {'error': {'message': 'Too Many Requests', 'type': 'too_many_requests', 'param': None, 'code': 'too_many_requests'}}
Failed for Khadja Nin - Sambolera Mayi Son: Error code: 429 - {'error': {'message': 'Too Many Requests', 'type': 'too_many_requests', 'param': None, 'code': 'too_many_requests'}}
Failed for The Pussycat Dolls - Don'T Cha (Live): Error code: 429 - {'error': {'message': 'Too Many Requests', 'type': 'too_many_requests', 'param': None, 'code': 'too_many_requests'}}
Failed for Evanescence - Ascension Of The Spirit: Error code: 429 - {'error': {'message': 'Too Many Requests', 'type': 'too_many_requests', 'param': None, 'code': 'too_many_requests'}}
Failed for Keyshia Cole - Never: Error code: 429 - {'error': {'message': 'Too Many Requests', 'type': 'too_many_requests', 'param': None, 'code': 'too_many_requests'}}
Failed for Keyshia Cole - Momma: Error code: 429 - {'error': {'message': 'Too Many Requests', 'type': 'too_many_requests', 'param': None, 'code': 'too_many_requests'}}
Failed for Moshic - Nine Gates: Error code: 429 - {'error': {'message': 'Too Many Requests', 'type': 'too_many_requests', 'param': None, 'code': 'too_many_requests'}}
Failed for Ketil Bjørnstad - Days In Paris: Error code: 429 - {'error': {'message': 'Too Many Requests', 'type': 'too_many_requests', 'param': None, 'code': 'too_many_requests'}}
Failed for Kettcar - Ausgetrunken: Error code: 429 - {'error': {'message': 'Too Many Requests', 'type': 'too_many_requests', 'param': None, 'code': 'too_many_requests'}}
Failed for Volbeat - Guitar Gangsters & Cadillac Blood: Error code: 429 - {'error': {'message': 'Too Many Requests', 'type': 'too_many_requests', 'param': None, 'code': 'too_many_requests'}}
Failed for Timbuktu - Alla Vill Till Himmelen Men Ingen Vill Dö: Error code: 429 - {'error': {'message': 'Too Many Requests', 'type': 'too_many_requests', 'param': None, 'code': 'too_many_requests'}}
Failed for Ketil Bjørnstad - The Memory: Error code: 429 - {'error': {'message': 'Too Many Requests', 'type': 'too_many_requests', 'param': None, 'code': 'too_many_requests'}}
Failed for Ani Difranco - Hypnotized: Error code: 429 - {'error': {'message': 'Too Many Requests', 'type': 'too_many_requests', 'param': None, 'code': 'too_many_requests'}}
Failed for The Cinematic Orchestra - Work It! (Man With The Movie Camera): Error code: 429 - {'error': {'message': 'Too Many Requests', 'type': 'too_many_requests', 'param': None, 'code': 'too_many_requests'}}
Failed for Keyshia Cole - Thought You Had My Back: Error code: 429 - {'error': {'message': 'Too Many Requests', 'type': 'too_many_requests', 'param': None, 'code': 'too_many_requests'}}
Failed for Keyshia Cole - Shoulda Let You Go: Error code: 429 - {'error': {'message': 'Too Many Requests', 'type': 'too_many_requests', 'param': None, 'code': 'too_many_requests'}}
Failed for Kyuss - Asteroid: Error code: 429 - {'error': {'message': 'Too Many Requests', 'type': 'too_many_requests', 'param': None, 'code': 'too_many_requests'}}
Failed for The Psychedelic Furs - Imitation Of Christ: Error code: 429 - {'error': {'message': 'Too Many Requests', 'type': 'too_many_requests', 'param': None, 'code': 'too_many_requests'}}
Failed for Motion City Soundtrack - Shiver: Error code: 429 - {'error': {'message': 'Too Many Requests', 'type': 'too_many_requests', 'param': None, 'code': 'too_many_requests'}}
Failed for Keren Ann - For You And I: Error code: 429 - {'error': {'message': 'Too Many Requests', 'type': 'too_many_requests', 'param': None, 'code': 'too_many_requests'}}
Failed for Keren Ann - On Est Loin: Error code: 429 - {'error': {'message': 'Too Many Requests', 'type': 'too_many_requests', 'param': None, 'code': 'too_many_requests'}}
Failed for Moshic - Inside Doors: Error code: 429 - {'error': {'message': 'Too Many Requests', 'type': 'too_many_requests', 'param': None, 'code': 'too_many_requests'}}
Failed for Brian Eno & David Byrne - Moonlight In Glory: Error code: 429 - {'error': {'message': 'Too Many Requests', 'type': 'too_many_requests', 'param': None, 'code': 'too_many_requests'}}
Failed for Kylie Minogue - Better The Devil You Know: Error code: 429 - {'error': {'message': 'Too Many Requests', 'type': 'too_many_requests', 'param': None, 'code': 'too_many_requests'}}
Failed for Gemini Five - Sinners Parade: Error code: 429 - {'error': {'message': 'Too Many Requests', 'type': 'too_many_requests', 'param': None, 'code': 'too_many_requests'}}
Failed for Milosh - It'S Over: Error code: 429 - {'error': {'message': 'Too Many Requests', 'type': 'too_many_requests', 'param': None, 'code': 'too_many_requests'}}
Failed for Ani Difranco - Fire Door: Error code: 429 - {'error': {'message': 'Too Many Requests', 'type': 'too_many_requests', 'param': None, 'code': 'too_many_requests'}}
Failed for The Cinematic Orchestra - Time And Space: Error code: 429 - {'error': {'message': 'Too Many Requests', 'type': 'too_many_requests', 'param': None, 'code': 'too_many_requests'}}
Failed for Ramones - Howling At The Moon (Sha-La-La): Error code: 429 - {'error': {'message': 'Too Many Requests', 'type': 'too_many_requests', 'param': None, 'code': 'too_many_requests'}}
Failed for Rise Against - Dancing For Rain: Error code: 429 - {'error': {'message': 'Too Many Requests', 'type': 'too_many_requests', 'param': None, 'code': 'too_many_requests'}}
Failed for Tonossepia - Sex On The Beach Con La Simpática Gringa: Error code: 429 - {'error': {'message': 'Too Many Requests', 'type': 'too_many_requests', 'param': None, 'code': 'too_many_requests'}}
Failed for Tito & Tarantula - After Dark: Error code: 429 - {'error': {'message': 'Too Many Requests', 'type': 'too_many_requests', 'param': None, 'code': 'too_many_requests'}}
1400/2988 done
Failed for Gothminister - The Holy One: Error code: 429 - {'error': {'message': 'Too Many Requests', 'type': 'too_many_requests', 'param': None, 'code': 'too_many_requests'}}
Failed for Moshic - Salamat: Error code: 429 - {'error': {'message': 'Too Many Requests', 'type': 'too_many_requests', 'param': None, 'code': 'too_many_requests'}}
Failed for Unkle - Getting Ahead In The Lucrative Field Of Artist Management: Error code: 429 - {'error': {'message': 'Too Many Requests', 'type': 'too_many_requests', 'param': None, 'code': 'too_many_requests'}}
Failed for Mos Def - Speed Law: Error code: 429 - {'error': {'message': 'Too Many Requests', 'type': 'too_many_requests', 'param': None, 'code': 'too_many_requests'}}
Failed for Moshic - Those Good Old Days: Error code: 429 - {'error': {'message': 'Too Many Requests', 'type': 'too_many_requests', 'param': None, 'code': 'too_many_requests'}}
Failed for L'Âme Immortelle - Phönix: Error code: 429 - {'error': {'message': 'Too Many Requests', 'type': 'too_many_requests', 'param': None, 'code': 'too_many_requests'}}
Failed for Moshic - El Brujo: Error code: 429 - {'error': {'message': 'Too Many Requests', 'type': 'too_many_requests', 'param': None, 'code': 'too_many_requests'}}
Failed for Miley Cyrus - Girls Just Wanna Have Fun: Error code: 429 - {'error': {'message': 'Too Many Requests', 'type': 'too_many_requests', 'param': None, 'code': 'too_many_requests'}}
Failed for The Dandy Warhols - The Dandy Warhols' T.V. Theme Song: Error code: 429 - {'error': {'message': 'Too Many Requests', 'type': 'too_many_requests', 'param': None, 'code': 'too_many_requests'}}
Failed for Motörhead - Hellraiser: Error code: 429 - {'error': {'message': 'Too Many Requests', 'type': 'too_many_requests', 'param': None, 'code': 'too_many_requests'}}
Failed for Bear Vs. Shark - Campfire: Error code: 429 - {'error': {'message': 'Too Many Requests', 'type': 'too_many_requests', 'param': None, 'code': 'too_many_requests'}}
Failed for Cradle Of Filth - Absinthe With Faust: Error code: 429 - {'error': {'message': 'Too Many Requests', 'type': 'too_many_requests', 'param': None, 'code': 'too_many_requests'}}
Failed for Static-X - Otsegolation: Error code: 429 - {'error': {'message': 'Too Many Requests', 'type': 'too_many_requests', 'param': None, 'code': 'too_many_requests'}}
Failed for The Cinematic Orchestra - And Relax!: Error code: 429 - {'error': {'message': 'Too Many Requests', 'type': 'too_many_requests', 'param': None, 'code': 'too_many_requests'}}
Failed for The Prodigy - Their Law (Feat. Pop Will Eat Itself): Error code: 429 - {'error': {'message': 'Too Many Requests', 'type': 'too_many_requests', 'param': None, 'code': 'too_many_requests'}}
Failed for The Damned - Love Song: Error code: 429 - {'error': {'message': 'Too Many Requests', 'type': 'too_many_requests', 'param': None, 'code': 'too_many_requests'}}
Failed for The Damned - Born To Kill: Error code: 429 - {'error': {'message': 'Too Many Requests', 'type': 'too_many_requests', 'param': None, 'code': 'too_many_requests'}}
Failed for Grant Lee Buffalo - Rock Of Ages: Error code: 429 - {'error': {'message': 'Too Many Requests', 'type': 'too_many_requests', 'param': None, 'code': 'too_many_requests'}}
Failed for Anders Ilar - Downhill: Error code: 429 - {'error': {'message': 'Too Many Requests', 'type': 'too_many_requests', 'param': None, 'code': 'too_many_requests'}}
Failed for The Cure - The Reasons Why: Error code: 429 - {'error': {'message': 'Too Many Requests', 'type': 'too_many_requests', 'param': None, 'code': 'too_many_requests'}}
Failed for The Damned - Shadow Of Love: Error code: 429 - {'error': {'message': 'Too Many Requests', 'type': 'too_many_requests', 'param': None, 'code': 'too_many_requests'}}
Failed for Grandaddy - Fuck The Valley Fudge: Error code: 429 - {'error': {'message': 'Too Many Requests', 'type': 'too_many_requests', 'param': None, 'code': 'too_many_requests'}}
Failed for Miles Davis - Milestones: Error code: 429 - {'error': {'message': 'Too Many Requests', 'type': 'too_many_requests', 'param': None, 'code': 'too_many_requests'}}
Failed for Тіна Кароль - Show Me Your Love (Ukraine): Error code: 429 - {'error': {'message': 'Too Many Requests', 'type': 'too_many_requests', 'param': None, 'code': 'too_many_requests'}}
Failed for Motörhead - Bite The Bullet: Error code: 429 - {'error': {'message': 'Too Many Requests', 'type': 'too_many_requests', 'param': None, 'code': 'too_many_requests'}}
Failed for Motörhead - Be My Baby: Error code: 429 - {'error': {'message': 'Too Many Requests', 'type': 'too_many_requests', 'param': None, 'code': 'too_many_requests'}}
Failed for Ac/Dc - Breaking The Rules: Error code: 429 - {'error': {'message': 'Too Many Requests', 'type': 'too_many_requests', 'param': None, 'code': 'too_many_requests'}}
Failed for Ac/Dc - Big Gun: Error code: 429 - {'error': {'message': 'Too Many Requests', 'type': 'too_many_requests', 'param': None, 'code': 'too_many_requests'}}
Failed for Ac/Dc - Come And Get It: Error code: 429 - {'error': {'message': 'Too Many Requests', 'type': 'too_many_requests', 'param': None, 'code': 'too_many_requests'}}
Failed for Motorcycle - As The Rush Comes (Exclusive Demo Mix): Error code: 429 - {'error': {'message': 'Too Many Requests', 'type': 'too_many_requests', 'param': None, 'code': 'too_many_requests'}}
Failed for Kent - Bianca: Error code: 429 - {'error': {'message': 'Too Many Requests', 'type': 'too_many_requests', 'param': None, 'code': 'too_many_requests'}}
Failed for Kent - Kevlarsjäl: Error code: 429 - {'error': {'message': 'Too Many Requests', 'type': 'too_many_requests', 'param': None, 'code': 'too_many_requests'}}
Failed for The White Stripes - You'Re Pretty Good Looking: Error code: 429 - {'error': {'message': 'Too Many Requests', 'type': 'too_many_requests', 'param': None, 'code': 'too_many_requests'}}
Failed for Motion City Soundtrack - Better Open The Door: Error code: 429 - {'error': {'message': 'Too Many Requests', 'type': 'too_many_requests', 'param': None, 'code': 'too_many_requests'}}
Failed for Grand Alchemist - Psyche And A Flower To The New Lifetime: Error code: 429 - {'error': {'message': 'Too Many Requests', 'type': 'too_many_requests', 'param': None, 'code': 'too_many_requests'}}
Failed for Beck - Truckdrivin Neighbors Downstairs (Yellow Sweat): Error code: 429 - {'error': {'message': 'Too Many Requests', 'type': 'too_many_requests', 'param': None, 'code': 'too_many_requests'}}
Failed for Gran Bel Fisher - Bound By Love: Error code: 429 - {'error': {'message': 'Too Many Requests', 'type': 'too_many_requests', 'param': None, 'code': 'too_many_requests'}}
Failed for Voltaire - When You'Re Evil: Error code: 429 - {'error': {'message': 'Too Many Requests', 'type': 'too_many_requests', 'param': None, 'code': 'too_many_requests'}}
Failed for Apparat - Arcadia (Telefon Tel Aviv Remix): Error code: 429 - {'error': {'message': 'Too Many Requests', 'type': 'too_many_requests', 'param': None, 'code': 'too_many_requests'}}
Failed for Kelly Clarkson - If I Can'T Have You: Error code: 429 - {'error': {'message': 'Too Many Requests', 'type': 'too_many_requests', 'param': None, 'code': 'too_many_requests'}}
Failed for Kelly Osbourne - Papa Don'T Preach: Error code: 429 - {'error': {'message': 'Too Many Requests', 'type': 'too_many_requests', 'param': None, 'code': 'too_many_requests'}}
Failed for Motörhead - Tales Of Glory: Error code: 429 - {'error': {'message': 'Too Many Requests', 'type': 'too_many_requests', 'param': None, 'code': 'too_many_requests'}}
Failed for Sex Pistols - I Wanna Be Me: Error code: 429 - {'error': {'message': 'Too Many Requests', 'type': 'too_many_requests', 'param': None, 'code': 'too_many_requests'}}
Failed for Moulin Rouge - Your Song: Error code: 429 - {'error': {'message': 'Too Many Requests', 'type': 'too_many_requests', 'param': None, 'code': 'too_many_requests'}}
Failed for Motörhead - Devil I Know: Error code: 429 - {'error': {'message': 'Too Many Requests', 'type': 'too_many_requests', 'param': None, 'code': 'too_many_requests'}}
Failed for Don Johnson Big Band - No. 2 At The Hamburg Concept: Error code: 429 - {'error': {'message': 'Too Many Requests', 'type': 'too_many_requests', 'param': None, 'code': 'too_many_requests'}}
Failed for State Radio - Black Cab Motorcade: Error code: 429 - {'error': {'message': 'Too Many Requests', 'type': 'too_many_requests', 'param': None, 'code': 'too_many_requests'}}
Failed for Rjd2 - F.H.H.: Error code: 429 - {'error': {'message': 'Too Many Requests', 'type': 'too_many_requests', 'param': None, 'code': 'too_many_requests'}}
Failed for Dark Tranquillity - Not Built To Last: Error code: 429 - {'error': {'message': 'Too Many Requests', 'type': 'too_many_requests', 'param': None, 'code': 'too_many_requests'}}
Failed for Cradle Of Filth - Gilded Cunt: Error code: 429 - {'error': {'message': 'Too Many Requests', 'type': 'too_many_requests', 'param': None, 'code': 'too_many_requests'}}
Failed for Bang Gang - Forward And Reverse: Error code: 429 - {'error': {'message': 'Too Many Requests', 'type': 'too_many_requests', 'param': None, 'code': 'too_many_requests'}}
Failed for Dark Tranquillity - Dobermann: Error code: 429 - {'error': {'message': 'Too Many Requests', 'type': 'too_many_requests', 'param': None, 'code': 'too_many_requests'}}
Failed for Apostle Of Hustle - ¡Rafaga!: Error code: 429 - {'error': {'message': 'Too Many Requests', 'type': 'too_many_requests', 'param': None, 'code': 'too_many_requests'}}
Failed for Daughters Of Gaia - Ancient Mother: Error code: 429 - {'error': {'message': 'Too Many Requests', 'type': 'too_many_requests', 'param': None, 'code': 'too_many_requests'}}
Failed for Daughters Of Gaia - Rock The Goddess: Error code: 429 - {'error': {'message': 'Too Many Requests', 'type': 'too_many_requests', 'param': None, 'code': 'too_many_requests'}}
Failed for Dolores O'Riordan - Human Spirit: Error code: 429 - {'error': {'message': 'Too Many Requests', 'type': 'too_many_requests', 'param': None, 'code': 'too_many_requests'}}
Failed for Static-X - Skinnyman: Error code: 429 - {'error': {'message': 'Too Many Requests', 'type': 'too_many_requests', 'param': None, 'code': 'too_many_requests'}}
Failed for Dolores O'Riordan - Loser: Error code: 429 - {'error': {'message': 'Too Many Requests', 'type': 'too_many_requests', 'param': None, 'code': 'too_many_requests'}}
Failed for Dredg - The Canyon Behind Her: Error code: 429 - {'error': {'message': 'Too Many Requests', 'type': 'too_many_requests', 'param': None, 'code': 'too_many_requests'}}
Failed for T.I. - Every Chance I Get: Error code: 429 - {'error': {'message': 'Too Many Requests', 'type': 'too_many_requests', 'param': None, 'code': 'too_many_requests'}}
Failed for Graveworm - Bloodwork: Error code: 429 - {'error': {'message': 'Too Many Requests', 'type': 'too_many_requests', 'param': None, 'code': 'too_many_requests'}}
Failed for Spiritualized - Anyway That You Want Me: Error code: 429 - {'error': {'message': 'Too Many Requests', 'type': 'too_many_requests', 'param': None, 'code': 'too_many_requests'}}
Failed for Dredg - Brushstroke: Reprise: Error code: 429 - {'error': {'message': 'Too Many Requests', 'type': 'too_many_requests', 'param': None, 'code': 'too_many_requests'}}
Failed for The Dandy Warhols - All The Money Or The Simple Life Honey: Error code: 429 - {'error': {'message': 'Too Many Requests', 'type': 'too_many_requests', 'param': None, 'code': 'too_many_requests'}}
Failed for Daughters Of Gaia - Lady Spin: Error code: 429 - {'error': {'message': 'Too Many Requests', 'type': 'too_many_requests', 'param': None, 'code': 'too_many_requests'}}
Failed for R.E.M. - King Of Birds: Error code: 429 - {'error': {'message': 'Too Many Requests', 'type': 'too_many_requests', 'param': None, 'code': 'too_many_requests'}}
Failed for Craig Armstrong - Snow: Error code: 429 - {'error': {'message': 'Too Many Requests', 'type': 'too_many_requests', 'param': None, 'code': 'too_many_requests'}}
Failed for Mud - Lonely This Christmas: Error code: 429 - {'error': {'message': 'Too Many Requests', 'type': 'too_many_requests', 'param': None, 'code': 'too_many_requests'}}
Failed for Katy Perry - Lost: Error code: 429 - {'error': {'message': 'Too Many Requests', 'type': 'too_many_requests', 'param': None, 'code': 'too_many_requests'}}
Failed for Kc And The Sunshine Band - Get Down Tonight: Error code: 429 - {'error': {'message': 'Too Many Requests', 'type': 'too_many_requests', 'param': None, 'code': 'too_many_requests'}}
Failed for Kc And The Sunshine Band - Give It Up: Error code: 429 - {'error': {'message': 'Too Many Requests', 'type': 'too_many_requests', 'param': None, 'code': 'too_many_requests'}}
Failed for Bright Eyes - You Will. You Will. You Will. You Will: Error code: 429 - {'error': {'message': 'Too Many Requests', 'type': 'too_many_requests', 'param': None, 'code': 'too_many_requests'}}
Failed for [Unknown] - Pista 17: Error code: 429 - {'error': {'message': 'Too Many Requests', 'type': 'too_many_requests', 'param': None, 'code': 'too_many_requests'}}
Failed for Mike Oldfield - In Dulci Jubilo: Error code: 429 - {'error': {'message': 'Too Many Requests', 'type': 'too_many_requests', 'param': None, 'code': 'too_many_requests'}}
Failed for The Selecter - On My Radio: Error code: 429 - {'error': {'message': 'Too Many Requests', 'type': 'too_many_requests', 'param': None, 'code': 'too_many_requests'}}
Failed for Midnight Juggernauts - 45 And Rising (Cut Copy Remix): Error code: 429 - {'error': {'message': 'Too Many Requests', 'type': 'too_many_requests', 'param': None, 'code': 'too_many_requests'}}
Failed for Midnight Juggernauts - 45 & Rising (Cut Copy Remix): Error code: 429 - {'error': {'message': 'Too Many Requests', 'type': 'too_many_requests', 'param': None, 'code': 'too_many_requests'}}
Failed for Rob Thomas - Lonely No More (Acoustic): Error code: 429 - {'error': {'message': 'Too Many Requests', 'type': 'too_many_requests', 'param': None, 'code': 'too_many_requests'}}
Failed for Gary Numan - Conversation: Error code: 429 - {'error': {'message': 'Too Many Requests', 'type': 'too_many_requests', 'param': None, 'code': 'too_many_requests'}}
Failed for The Aislers Set - Through The Swells: Error code: 429 - {'error': {'message': 'Too Many Requests', 'type': 'too_many_requests', 'param': None, 'code': 'too_many_requests'}}
Failed for Sia - Blow It All Away: Error code: 429 - {'error': {'message': 'Too Many Requests', 'type': 'too_many_requests', 'param': None, 'code': 'too_many_requests'}}
Failed for Kelly Clarkson - Anytime: Error code: 429 - {'error': {'message': 'Too Many Requests', 'type': 'too_many_requests', 'param': None, 'code': 'too_many_requests'}}
Failed for Bonnie Raitt - Spit Of Love: Error code: 429 - {'error': {'message': 'Too Many Requests', 'type': 'too_many_requests', 'param': None, 'code': 'too_many_requests'}}
Failed for La Oreja De Van Gogh - Perdida: Error code: 429 - {'error': {'message': 'Too Many Requests', 'type': 'too_many_requests', 'param': None, 'code': 'too_many_requests'}}
Failed for Apostle Of Hustle - Cheap Like Sebastien: Error code: 429 - {'error': {'message': 'Too Many Requests', 'type': 'too_many_requests', 'param': None, 'code': 'too_many_requests'}}
Failed for The Sea And Cake - Too Strong: Error code: 429 - {'error': {'message': 'Too Many Requests', 'type': 'too_many_requests', 'param': None, 'code': 'too_many_requests'}}
Failed for La Bionda - I Wanna Be Your Lover: Error code: 429 - {'error': {'message': 'Too Many Requests', 'type': 'too_many_requests', 'param': None, 'code': 'too_many_requests'}}
Failed for The Dandy Warhols - Genius: Error code: 429 - {'error': {'message': 'Too Many Requests', 'type': 'too_many_requests', 'param': None, 'code': 'too_many_requests'}}
Failed for Great Northern - Just A Dream: Error code: 429 - {'error': {'message': 'Too Many Requests', 'type': 'too_many_requests', 'param': None, 'code': 'too_many_requests'}}
Failed for Radiohead - Good Morning Mr. Magpie: Error code: 429 - {'error': {'message': 'Too Many Requests', 'type': 'too_many_requests', 'param': None, 'code': 'too_many_requests'}}
Failed for Demetri Martin - Sames And Opposites: Error code: 429 - {'error': {'message': 'Too Many Requests', 'type': 'too_many_requests', 'param': None, 'code': 'too_many_requests'}}
Failed for The Dave Brubeck Quartet - Pick Up Sticks: Error code: 429 - {'error': {'message': 'Too Many Requests', 'type': 'too_many_requests', 'param': None, 'code': 'too_many_requests'}}
Failed for Drive-By Truckers - Danko/Manuel: Error code: 429 - {'error': {'message': 'Too Many Requests', 'type': 'too_many_requests', 'param': None, 'code': 'too_many_requests'}}
Failed for T.M.Revolution - Brigade: Error code: 429 - {'error': {'message': 'Too Many Requests', 'type': 'too_many_requests', 'param': None, 'code': 'too_many_requests'}}
Failed for Dogs Die In Hot Cars - Celebrity Sanctum: Error code: 429 - {'error': {'message': 'Too Many Requests', 'type': 'too_many_requests', 'param': None, 'code': 'too_many_requests'}}
Failed for Tracy Chapman - Behind The Wall: Error code: 429 - {'error': {'message': 'Too Many Requests', 'type': 'too_many_requests', 'param': None, 'code': 'too_many_requests'}}
Failed for Stephen Malkmus - Black Book: Error code: 429 - {'error': {'message': 'Too Many Requests', 'type': 'too_many_requests', 'param': None, 'code': 'too_many_requests'}}
1500/2988 done
Failed for Kate Bush - Top Of The City: Error code: 429 - {'error': {'message': 'Too Many Requests', 'type': 'too_many_requests', 'param': None, 'code': 'too_many_requests'}}
Failed for Kate Havnevik - New Day: Error code: 429 - {'error': {'message': 'Too Many Requests', 'type': 'too_many_requests', 'param': None, 'code': 'too_many_requests'}}
Failed for Bishop Allen - Flight 180: Error code: 429 - {'error': {'message': 'Too Many Requests', 'type': 'too_many_requests', 'param': None, 'code': 'too_many_requests'}}
Failed for Acda En De Munnik - Ren Lenny Ren: Error code: 429 - {'error': {'message': 'Too Many Requests', 'type': 'too_many_requests', 'param': None, 'code': 'too_many_requests'}}
Failed for Dave Matthews Band - Raven: Error code: 429 - {'error': {'message': 'Too Many Requests', 'type': 'too_many_requests', 'param': None, 'code': 'too_many_requests'}}
Failed for Labradford - Wr: Error code: 429 - {'error': {'message': 'Too Many Requests', 'type': 'too_many_requests', 'param': None, 'code': 'too_many_requests'}}
Failed for Lacuna Coil - Veins Of Glass: Error code: 429 - {'error': {'message': 'Too Many Requests', 'type': 'too_many_requests', 'param': None, 'code': 'too_many_requests'}}
Failed for Laakso - High Drama: Error code: 429 - {'error': {'message': 'Too Many Requests', 'type': 'too_many_requests', 'param': None, 'code': 'too_many_requests'}}
Failed for Lacuna Coil - In Visible Light: Error code: 429 - {'error': {'message': 'Too Many Requests', 'type': 'too_many_requests', 'param': None, 'code': 'too_many_requests'}}
Failed for Descendents - Myage: Error code: 429 - {'error': {'message': 'Too Many Requests', 'type': 'too_many_requests', 'param': None, 'code': 'too_many_requests'}}
Failed for Michael Nyman - Impromptu For 12 Fingers: Error code: 429 - {'error': {'message': 'Too Many Requests', 'type': 'too_many_requests', 'param': None, 'code': 'too_many_requests'}}
Failed for Ladyhawk - I Don'T Always Know What You'Re Saying: Error code: 429 - {'error': {'message': 'Too Many Requests', 'type': 'too_many_requests', 'param': None, 'code': 'too_many_requests'}}
Failed for Muchy - Wyścigi: Error code: 429 - {'error': {'message': 'Too Many Requests', 'type': 'too_many_requests', 'param': None, 'code': 'too_many_requests'}}
Failed for Descendents - 'Merican: Error code: 429 - {'error': {'message': 'Too Many Requests', 'type': 'too_many_requests', 'param': None, 'code': 'too_many_requests'}}
Failed for Brightblack Morning Light - Black Feather Wishes Rise: Error code: 429 - {'error': {'message': 'Too Many Requests', 'type': 'too_many_requests', 'param': None, 'code': 'too_many_requests'}}
Failed for R.E.M. - How The West Was Won And Where It Got Us: Error code: 429 - {'error': {'message': 'Too Many Requests', 'type': 'too_many_requests', 'param': None, 'code': 'too_many_requests'}}
Failed for Grizzly Bear - All We Ask: Error code: 429 - {'error': {'message': 'Too Many Requests', 'type': 'too_many_requests', 'param': None, 'code': 'too_many_requests'}}
Failed for Wagon Christ - Shimmering Haze: Error code: 429 - {'error': {'message': 'Too Many Requests', 'type': 'too_many_requests', 'param': None, 'code': 'too_many_requests'}}
Failed for Wagon Christ - Tally Ho!: Error code: 429 - {'error': {'message': 'Too Many Requests', 'type': 'too_many_requests', 'param': None, 'code': 'too_many_requests'}}
Failed for Grinderman - Love Bomb: Error code: 429 - {'error': {'message': 'Too Many Requests', 'type': 'too_many_requests', 'param': None, 'code': 'too_many_requests'}}
Failed for The Dandy Warhols - The Last High: Error code: 429 - {'error': {'message': 'Too Many Requests', 'type': 'too_many_requests', 'param': None, 'code': 'too_many_requests'}}
Failed for Kathleen Edwards - Asking For Flowers: Error code: 429 - {'error': {'message': 'Too Many Requests', 'type': 'too_many_requests', 'param': None, 'code': 'too_many_requests'}}
Failed for Tim Hecker - Palimpsest Ii: Error code: 429 - {'error': {'message': 'Too Many Requests', 'type': 'too_many_requests', 'param': None, 'code': 'too_many_requests'}}
Failed for Bedouin Soundclash - St. Andrews: Error code: 429 - {'error': {'message': 'Too Many Requests', 'type': 'too_many_requests', 'param': None, 'code': 'too_many_requests'}}
Failed for Kathleen Edwards - The Cheapest Key: Error code: 429 - {'error': {'message': 'Too Many Requests', 'type': 'too_many_requests', 'param': None, 'code': 'too_many_requests'}}
Failed for Muddy Waters - Got My Mojo Working: Error code: 429 - {'error': {'message': 'Too Many Requests', 'type': 'too_many_requests', 'param': None, 'code': 'too_many_requests'}}
Failed for Brightblack Morning Light - All We Have Broken Shines: Error code: 429 - {'error': {'message': 'Too Many Requests', 'type': 'too_many_requests', 'param': None, 'code': 'too_many_requests'}}
Failed for キンヤ - Blaze (Tvサイズ): Error code: 429 - {'error': {'message': 'Too Many Requests', 'type': 'too_many_requests', 'param': None, 'code': 'too_many_requests'}}
Failed for The Walkmen - Dónde Está La Playa: Error code: 429 - {'error': {'message': 'Too Many Requests', 'type': 'too_many_requests', 'param': None, 'code': 'too_many_requests'}}
Failed for Ladytron - Discotrax: Error code: 429 - {'error': {'message': 'Too Many Requests', 'type': 'too_many_requests', 'param': None, 'code': 'too_many_requests'}}
Failed for Katatonia - Dancing December: Error code: 429 - {'error': {'message': 'Too Many Requests', 'type': 'too_many_requests', 'param': None, 'code': 'too_many_requests'}}
Failed for Before The Dawn - Hiding: Error code: 429 - {'error': {'message': 'Too Many Requests', 'type': 'too_many_requests', 'param': None, 'code': 'too_many_requests'}}
Failed for Sparta - Rx Coup: Error code: 429 - {'error': {'message': 'Too Many Requests', 'type': 'too_many_requests', 'param': None, 'code': 'too_many_requests'}}
Failed for Dsl - Find Me In The World: Error code: 429 - {'error': {'message': 'Too Many Requests', 'type': 'too_many_requests', 'param': None, 'code': 'too_many_requests'}}
Failed for Sparklehorse - Morning Hollow: Error code: 429 - {'error': {'message': 'Too Many Requests', 'type': 'too_many_requests', 'param': None, 'code': 'too_many_requests'}}
Failed for Tiësto - In The Dark (Feat. Christian Burns): Error code: 429 - {'error': {'message': 'Too Many Requests', 'type': 'too_many_requests', 'param': None, 'code': 'too_many_requests'}}
Failed for Rob Zombie - Let It All Bleed Out: Error code: 429 - {'error': {'message': 'Too Many Requests', 'type': 'too_many_requests', 'param': None, 'code': 'too_many_requests'}}
Failed for Rob Zombie - Return Of The Phantom Stranger: Error code: 429 - {'error': {'message': 'Too Many Requests', 'type': 'too_many_requests', 'param': None, 'code': 'too_many_requests'}}
Failed for Garden Of Eden - Álomkéz: Error code: 429 - {'error': {'message': 'Too Many Requests', 'type': 'too_many_requests', 'param': None, 'code': 'too_many_requests'}}
Failed for The Chemical Brothers - Left Right: Error code: 429 - {'error': {'message': 'Too Many Requests', 'type': 'too_many_requests', 'param': None, 'code': 'too_many_requests'}}
Failed for Syd Barrett - Waving My Arms In The Air: Error code: 429 - {'error': {'message': 'Too Many Requests', 'type': 'too_many_requests', 'param': None, 'code': 'too_many_requests'}}
Failed for Coldplay - Lovers In Japan (Osaka Sun Mix): Error code: 429 - {'error': {'message': 'Too Many Requests', 'type': 'too_many_requests', 'param': None, 'code': 'too_many_requests'}}
Failed for The Chemical Brothers - Loops Of Fury: Error code: 429 - {'error': {'message': 'Too Many Requests', 'type': 'too_many_requests', 'param': None, 'code': 'too_many_requests'}}
Failed for The Chemical Brothers - Midnight Madness: Error code: 429 - {'error': {'message': 'Too Many Requests', 'type': 'too_many_requests', 'param': None, 'code': 'too_many_requests'}}
Failed for Mudvayne - Dig: Error code: 429 - {'error': {'message': 'Too Many Requests', 'type': 'too_many_requests', 'param': None, 'code': 'too_many_requests'}}
Failed for Derrick Morgan - The Hop: Error code: 429 - {'error': {'message': 'Too Many Requests', 'type': 'too_many_requests', 'param': None, 'code': 'too_many_requests'}}
Failed for Derrick Morgan - Forward March: Error code: 429 - {'error': {'message': 'Too Many Requests', 'type': 'too_many_requests', 'param': None, 'code': 'too_many_requests'}}
Failed for Ladyhawke - Oh My: Error code: 429 - {'error': {'message': 'Too Many Requests', 'type': 'too_many_requests', 'param': None, 'code': 'too_many_requests'}}
Failed for Garbage - So Like A Rose: Error code: 429 - {'error': {'message': 'Too Many Requests', 'type': 'too_many_requests', 'param': None, 'code': 'too_many_requests'}}
Failed for Espen Lind - Yum Yum Gimme Some: Error code: 429 - {'error': {'message': 'Too Many Requests', 'type': 'too_many_requests', 'param': None, 'code': 'too_many_requests'}}
Failed for Esg - Moody (Spaced Out): Error code: 429 - {'error': {'message': 'Too Many Requests', 'type': 'too_many_requests', 'param': None, 'code': 'too_many_requests'}}
Failed for The Afghan Whigs - When We Two Parted: Error code: 429 - {'error': {'message': 'Too Many Requests', 'type': 'too_many_requests', 'param': None, 'code': 'too_many_requests'}}
Failed for Espen Lind - American Love: Error code: 429 - {'error': {'message': 'Too Many Requests', 'type': 'too_many_requests', 'param': None, 'code': 'too_many_requests'}}
Failed for Siam Shade - 1/3 No Junjou Na Kanjouo: Error code: 429 - {'error': {'message': 'Too Many Requests', 'type': 'too_many_requests', 'param': None, 'code': 'too_many_requests'}}
Failed for Esg - Ufo: Error code: 429 - {'error': {'message': 'Too Many Requests', 'type': 'too_many_requests', 'param': None, 'code': 'too_many_requests'}}
Failed for Sick Terror - Massa Faminta: Error code: 429 - {'error': {'message': 'Too Many Requests', 'type': 'too_many_requests', 'param': None, 'code': 'too_many_requests'}}
Failed for Faith No More - She Loves Me Not: Error code: 429 - {'error': {'message': 'Too Many Requests', 'type': 'too_many_requests', 'param': None, 'code': 'too_many_requests'}}
Failed for Set Your Goals - Dead Men Tell No Tales: Error code: 429 - {'error': {'message': 'Too Many Requests', 'type': 'too_many_requests', 'param': None, 'code': 'too_many_requests'}}
Failed for Laika - Black Cat Bone: Error code: 429 - {'error': {'message': 'Too Many Requests', 'type': 'too_many_requests', 'param': None, 'code': 'too_many_requests'}}
Failed for Take That - Hold On: Error code: 429 - {'error': {'message': 'Too Many Requests', 'type': 'too_many_requests', 'param': None, 'code': 'too_many_requests'}}
Failed for Set Your Goals - This Song Is Definitely Not About A Girl: Error code: 429 - {'error': {'message': 'Too Many Requests', 'type': 'too_many_requests', 'param': None, 'code': 'too_many_requests'}}
Failed for Zz Top - Bad Girl: Error code: 429 - {'error': {'message': 'Too Many Requests', 'type': 'too_many_requests', 'param': None, 'code': 'too_many_requests'}}
Failed for The Dears - 22: The Death Of All The Romance: Error code: 429 - {'error': {'message': 'Too Many Requests', 'type': 'too_many_requests', 'param': None, 'code': 'too_many_requests'}}
Failed for Cold - Just Got Wicked: Error code: 429 - {'error': {'message': 'Too Many Requests', 'type': 'too_many_requests', 'param': None, 'code': 'too_many_requests'}}
Failed for Michael Jackson - Ghosts: Error code: 429 - {'error': {'message': 'Too Many Requests', 'type': 'too_many_requests', 'param': None, 'code': 'too_many_requests'}}
Failed for Ladytron - Weekend (James Iha Mix): Error code: 429 - {'error': {'message': 'Too Many Requests', 'type': 'too_many_requests', 'param': None, 'code': 'too_many_requests'}}
Failed for Michael Bublé - Try A Little Tenderness: Error code: 429 - {'error': {'message': 'Too Many Requests', 'type': 'too_many_requests', 'param': None, 'code': 'too_many_requests'}}
Failed for Michael Jackson - Girlfriend: Error code: 429 - {'error': {'message': 'Too Many Requests', 'type': 'too_many_requests', 'param': None, 'code': 'too_many_requests'}}
Failed for Robbie Williams - Monsoon: Error code: 429 - {'error': {'message': 'Too Many Requests', 'type': 'too_many_requests', 'param': None, 'code': 'too_many_requests'}}
Failed for Faithless - Flowerstand Man: Error code: 429 - {'error': {'message': 'Too Many Requests', 'type': 'too_many_requests', 'param': None, 'code': 'too_many_requests'}}
Failed for Murcof - Marmol: Error code: 429 - {'error': {'message': 'Too Many Requests', 'type': 'too_many_requests', 'param': None, 'code': 'too_many_requests'}}
Failed for Robbie Williams - It Was A Very Good Year: Error code: 429 - {'error': {'message': 'Too Many Requests', 'type': 'too_many_requests', 'param': None, 'code': 'too_many_requests'}}
Failed for Uriah Heep - Easy Livin': Error code: 429 - {'error': {'message': 'Too Many Requests', 'type': 'too_many_requests', 'param': None, 'code': 'too_many_requests'}}
Failed for Coldplay - I Ran Away: Error code: 429 - {'error': {'message': 'Too Many Requests', 'type': 'too_many_requests', 'param': None, 'code': 'too_many_requests'}}
Failed for Coldplay - Have Yourself A Merry Little Christmas: Error code: 429 - {'error': {'message': 'Too Many Requests', 'type': 'too_many_requests', 'param': None, 'code': 'too_many_requests'}}
Failed for Anastacia - Heavy Rotation: Error code: 429 - {'error': {'message': 'Too Many Requests', 'type': 'too_many_requests', 'param': None, 'code': 'too_many_requests'}}
Failed for Before The Dawn - Angel'S Tombstone: Error code: 429 - {'error': {'message': 'Too Many Requests', 'type': 'too_many_requests', 'param': None, 'code': 'too_many_requests'}}
Failed for R.E.M. - Bittersweet Me: Error code: 429 - {'error': {'message': 'Too Many Requests', 'type': 'too_many_requests', 'param': None, 'code': 'too_many_requests'}}
Failed for Dubioza Kolektiv - Bosnafaria: Error code: 429 - {'error': {'message': 'Too Many Requests', 'type': 'too_many_requests', 'param': None, 'code': 'too_many_requests'}}
Failed for Kate Bush - Blow Away (For Bill): Error code: 429 - {'error': {'message': 'Too Many Requests', 'type': 'too_many_requests', 'param': None, 'code': 'too_many_requests'}}
Failed for Ladytron - Miss Black: Error code: 429 - {'error': {'message': 'Too Many Requests', 'type': 'too_many_requests', 'param': None, 'code': 'too_many_requests'}}
Failed for Coldcut - This Island Earth: Error code: 429 - {'error': {'message': 'Too Many Requests', 'type': 'too_many_requests', 'param': None, 'code': 'too_many_requests'}}
Failed for Kate Bush - Aerial: Error code: 429 - {'error': {'message': 'Too Many Requests', 'type': 'too_many_requests', 'param': None, 'code': 'too_many_requests'}}
Failed for The Who - Sally Simpson: Error code: 429 - {'error': {'message': 'Too Many Requests', 'type': 'too_many_requests', 'param': None, 'code': 'too_many_requests'}}
Failed for Zz Top - Waitin' For The Bus: Error code: 429 - {'error': {'message': 'Too Many Requests', 'type': 'too_many_requests', 'param': None, 'code': 'too_many_requests'}}
Failed for Murs - Intro: Error code: 429 - {'error': {'message': 'Too Many Requests', 'type': 'too_many_requests', 'param': None, 'code': 'too_many_requests'}}
Failed for Dntel - Pillowcase: Error code: 429 - {'error': {'message': 'Too Many Requests', 'type': 'too_many_requests', 'param': None, 'code': 'too_many_requests'}}
Failed for Guided By Voices - Blimps Go 90: Error code: 429 - {'error': {'message': 'Too Many Requests', 'type': 'too_many_requests', 'param': None, 'code': 'too_many_requests'}}
Failed for Kataklysm - The Resurrected: Error code: 429 - {'error': {'message': 'Too Many Requests', 'type': 'too_many_requests', 'param': None, 'code': 'too_many_requests'}}
Failed for Swollen Members - Pressure: Error code: 429 - {'error': {'message': 'Too Many Requests', 'type': 'too_many_requests', 'param': None, 'code': 'too_many_requests'}}
Failed for Sound Team - Movie Monster: Error code: 429 - {'error': {'message': 'Too Many Requests', 'type': 'too_many_requests', 'param': None, 'code': 'too_many_requests'}}
Failed for The Who - Summertime Blues (Live): Error code: 429 - {'error': {'message': 'Too Many Requests', 'type': 'too_many_requests', 'param': None, 'code': 'too_many_requests'}}
Failed for Gang Of Four - A Hole In The Wallet: Error code: 429 - {'error': {'message': 'Too Many Requests', 'type': 'too_many_requests', 'param': None, 'code': 'too_many_requests'}}
Failed for Walter Meego - Forever: Error code: 429 - {'error': {'message': 'Too Many Requests', 'type': 'too_many_requests', 'param': None, 'code': 'too_many_requests'}}
Failed for Guided By Voices - (I Wanna Be A) Dumbcharger: Error code: 429 - {'error': {'message': 'Too Many Requests', 'type': 'too_many_requests', 'param': None, 'code': 'too_many_requests'}}
Failed for Queensrÿche - Speed Of Light: Error code: 429 - {'error': {'message': 'Too Many Requests', 'type': 'too_many_requests', 'param': None, 'code': 'too_many_requests'}}
Failed for :Wumpscut: - Krolok: Error code: 429 - {'error': {'message': 'Too Many Requests', 'type': 'too_many_requests', 'param': None, 'code': 'too_many_requests'}}
1600/2988 done
Failed for Desireless - Voyage Voyage: Error code: 429 - {'error': {'message': 'Too Many Requests', 'type': 'too_many_requests', 'param': None, 'code': 'too_many_requests'}}
Failed for Trackademicks - Trilogy (Trackademicks Remix) - Kelis: Error code: 429 - {'error': {'message': 'Too Many Requests', 'type': 'too_many_requests', 'param': None, 'code': 'too_many_requests'}}
Failed for Atreyu - Right Side Of The Bed: Error code: 429 - {'error': {'message': 'Too Many Requests', 'type': 'too_many_requests', 'param': None, 'code': 'too_many_requests'}}
Failed for Stephen Malkmus And The Jicks - We Can'T Help You: Error code: 429 - {'error': {'message': 'Too Many Requests', 'type': 'too_many_requests', 'param': None, 'code': 'too_many_requests'}}
Failed for Stephen Sondheim - The Contest: Error code: 429 - {'error': {'message': 'Too Many Requests', 'type': 'too_many_requests', 'param': None, 'code': 'too_many_requests'}}
Failed for Do Make Say Think - When Day Chokes The Night: Error code: 429 - {'error': {'message': 'Too Many Requests', 'type': 'too_many_requests', 'param': None, 'code': 'too_many_requests'}}
Failed for Dntel - Why I'M So Unhappy: Error code: 429 - {'error': {'message': 'Too Many Requests', 'type': 'too_many_requests', 'param': None, 'code': 'too_many_requests'}}
Failed for My Brightest Diamond - Apples: Error code: 429 - {'error': {'message': 'Too Many Requests', 'type': 'too_many_requests', 'param': None, 'code': 'too_many_requests'}}
Failed for Kanye West - Bring Me Down: Error code: 429 - {'error': {'message': 'Too Many Requests', 'type': 'too_many_requests', 'param': None, 'code': 'too_many_requests'}}
Failed for Muse - Muscle Museum (Soulwax Remix): Error code: 429 - {'error': {'message': 'Too Many Requests', 'type': 'too_many_requests', 'param': None, 'code': 'too_many_requests'}}
Failed for My Bloody Valentine - She Loves You No Less: Error code: 429 - {'error': {'message': 'Too Many Requests', 'type': 'too_many_requests', 'param': None, 'code': 'too_many_requests'}}
Failed for My Bloody Valentine - Can I Touch You: Error code: 429 - {'error': {'message': 'Too Many Requests', 'type': 'too_many_requests', 'param': None, 'code': 'too_many_requests'}}
Failed for Kanye West - Two Words: Error code: 429 - {'error': {'message': 'Too Many Requests', 'type': 'too_many_requests', 'param': None, 'code': 'too_many_requests'}}
Failed for Tv On The Radio - Freeway: Error code: 429 - {'error': {'message': 'Too Many Requests', 'type': 'too_many_requests', 'param': None, 'code': 'too_many_requests'}}
Failed for The Willowz - Something: Error code: 429 - {'error': {'message': 'Too Many Requests', 'type': 'too_many_requests', 'param': None, 'code': 'too_many_requests'}}
Failed for The Dears - Warm And Sunny Days: Error code: 429 - {'error': {'message': 'Too Many Requests', 'type': 'too_many_requests', 'param': None, 'code': 'too_many_requests'}}
Failed for Quiet Village - Pacific Rhythm: Error code: 429 - {'error': {'message': 'Too Many Requests', 'type': 'too_many_requests', 'param': None, 'code': 'too_many_requests'}}
Failed for Gruff Rhys - The Court Of King Arthur: Error code: 429 - {'error': {'message': 'Too Many Requests', 'type': 'too_many_requests', 'param': None, 'code': 'too_many_requests'}}
Failed for Gruff Rhys - Gyrru Gyrru Gyrru: Error code: 429 - {'error': {'message': 'Too Many Requests', 'type': 'too_many_requests', 'param': None, 'code': 'too_many_requests'}}
Failed for Muscles - My Friend Richard: Error code: 429 - {'error': {'message': 'Too Many Requests', 'type': 'too_many_requests', 'param': None, 'code': 'too_many_requests'}}
Failed for Muse - Fury (Bonustrack For Japan): Error code: 429 - {'error': {'message': 'Too Many Requests', 'type': 'too_many_requests', 'param': None, 'code': 'too_many_requests'}}
Failed for Britney Spears - Where Are You Now: Error code: 429 - {'error': {'message': 'Too Many Requests', 'type': 'too_many_requests', 'param': None, 'code': 'too_many_requests'}}
Failed for Kasabian - Heroes: Error code: 429 - {'error': {'message': 'Too Many Requests', 'type': 'too_many_requests', 'param': None, 'code': 'too_many_requests'}}
Failed for Britney Spears - When I Found You: Error code: 429 - {'error': {'message': 'Too Many Requests', 'type': 'too_many_requests', 'param': None, 'code': 'too_many_requests'}}
Failed for The Presets - Anywhere: Error code: 429 - {'error': {'message': 'Too Many Requests', 'type': 'too_many_requests', 'param': None, 'code': 'too_many_requests'}}
Failed for Kaizers Orchestra - Delikatessen: Error code: 429 - {'error': {'message': 'Too Many Requests', 'type': 'too_many_requests', 'param': None, 'code': 'too_many_requests'}}
Failed for Kalmah - Bitter Metallic Side: Error code: 429 - {'error': {'message': 'Too Many Requests', 'type': 'too_many_requests', 'param': None, 'code': 'too_many_requests'}}
Failed for Kaki King - Second Brain: Error code: 429 - {'error': {'message': 'Too Many Requests', 'type': 'too_many_requests', 'param': None, 'code': 'too_many_requests'}}
Failed for Kaki King - Doing The Wrong Thing: Error code: 429 - {'error': {'message': 'Too Many Requests', 'type': 'too_many_requests', 'param': None, 'code': 'too_many_requests'}}
Failed for Gang Starr - Tonz 'O' Gunz: Error code: 429 - {'error': {'message': 'Too Many Requests', 'type': 'too_many_requests', 'param': None, 'code': 'too_many_requests'}}
Failed for Kaki King - Can Anyone Who Has Heard This Music Really Be A Bad Person?: Error code: 429 - {'error': {'message': 'Too Many Requests', 'type': 'too_many_requests', 'param': None, 'code': 'too_many_requests'}}
Failed for The Charlatans - You'Re Not Very Well: Error code: 429 - {'error': {'message': 'Too Many Requests', 'type': 'too_many_requests', 'param': None, 'code': 'too_many_requests'}}
Failed for The Sins Of Thy Beloved - All Alone: Error code: 429 - {'error': {'message': 'Too Many Requests', 'type': 'too_many_requests', 'param': None, 'code': 'too_many_requests'}}
Failed for Michael Andrews - Liquid Spear Waltz: Error code: 429 - {'error': {'message': 'Too Many Requests', 'type': 'too_many_requests', 'param': None, 'code': 'too_many_requests'}}
Failed for :Wumpscut: - Jesus Antichristus (Edit): Error code: 429 - {'error': {'message': 'Too Many Requests', 'type': 'too_many_requests', 'param': None, 'code': 'too_many_requests'}}
Failed for Lamb Of God - As The Palaces Burn: Error code: 429 - {'error': {'message': 'Too Many Requests', 'type': 'too_many_requests', 'param': None, 'code': 'too_many_requests'}}
Failed for Dmitry Koldun - Work Your Magic: Error code: 429 - {'error': {'message': 'Too Many Requests', 'type': 'too_many_requests', 'param': None, 'code': 'too_many_requests'}}
Failed for Ada - Our Love Never Dies: Error code: 429 - {'error': {'message': 'Too Many Requests', 'type': 'too_many_requests', 'param': None, 'code': 'too_many_requests'}}
Failed for Kaki King - Air And Kilometers: Error code: 429 - {'error': {'message': 'Too Many Requests', 'type': 'too_many_requests', 'param': None, 'code': 'too_many_requests'}}
Failed for Kalmah - With Terminal Intensity: Error code: 429 - {'error': {'message': 'Too Many Requests', 'type': 'too_many_requests', 'param': None, 'code': 'too_many_requests'}}
Failed for Adam Ant - Antmusic: Error code: 429 - {'error': {'message': 'Too Many Requests', 'type': 'too_many_requests', 'param': None, 'code': 'too_many_requests'}}
Failed for My Favorite Highway - Unaware: Error code: 429 - {'error': {'message': 'Too Many Requests', 'type': 'too_many_requests', 'param': None, 'code': 'too_many_requests'}}
Failed for My Favorite - Burning Hearts: Error code: 429 - {'error': {'message': 'Too Many Requests', 'type': 'too_many_requests', 'param': None, 'code': 'too_many_requests'}}
Failed for Soundgarden - Kickstand: Error code: 429 - {'error': {'message': 'Too Many Requests', 'type': 'too_many_requests', 'param': None, 'code': 'too_many_requests'}}
Failed for Astral Projection - Kabalah: Error code: 429 - {'error': {'message': 'Too Many Requests', 'type': 'too_many_requests', 'param': None, 'code': 'too_many_requests'}}
Failed for Guerre Froide - Demain Berlin: Error code: 429 - {'error': {'message': 'Too Many Requests', 'type': 'too_many_requests', 'param': None, 'code': 'too_many_requests'}}
Failed for Guided By Voices - Indian Fables: Error code: 429 - {'error': {'message': 'Too Many Requests', 'type': 'too_many_requests', 'param': None, 'code': 'too_many_requests'}}
Failed for Warlock - All We Are: Error code: 429 - {'error': {'message': 'Too Many Requests', 'type': 'too_many_requests', 'param': None, 'code': 'too_many_requests'}}
Failed for Guided By Voices - Don'T Stop Now: Error code: 429 - {'error': {'message': 'Too Many Requests', 'type': 'too_many_requests', 'param': None, 'code': 'too_many_requests'}}
Failed for Zoot Woman - Half Full Of Happiness: Error code: 429 - {'error': {'message': 'Too Many Requests', 'type': 'too_many_requests', 'param': None, 'code': 'too_many_requests'}}
Failed for Zoot Woman - Losing Sight: Error code: 429 - {'error': {'message': 'Too Many Requests', 'type': 'too_many_requests', 'param': None, 'code': 'too_many_requests'}}
Failed for Fall Out Boy - My Heart Is The Worst Kind Of Weapon: Error code: 429 - {'error': {'message': 'Too Many Requests', 'type': 'too_many_requests', 'param': None, 'code': 'too_many_requests'}}
Failed for Serj Tankian - Empty Walls (Acoustic): Error code: 429 - {'error': {'message': 'Too Many Requests', 'type': 'too_many_requests', 'param': None, 'code': 'too_many_requests'}}
Failed for Britney Spears - My Only Wish (This Year): Error code: 429 - {'error': {'message': 'Too Many Requests', 'type': 'too_many_requests', 'param': None, 'code': 'too_many_requests'}}
Failed for Switchfoot - I Dare You To Move: Error code: 429 - {'error': {'message': 'Too Many Requests', 'type': 'too_many_requests', 'param': None, 'code': 'too_many_requests'}}
Failed for The Sisters Of Mercy - Body And Soul: Error code: 429 - {'error': {'message': 'Too Many Requests', 'type': 'too_many_requests', 'param': None, 'code': 'too_many_requests'}}
Failed for The Sisters Of Mercy - Detonation Boulevard: Error code: 429 - {'error': {'message': 'Too Many Requests', 'type': 'too_many_requests', 'param': None, 'code': 'too_many_requests'}}
Failed for Lao Che - 1939 / Przed Burzą: Error code: 429 - {'error': {'message': 'Too Many Requests', 'type': 'too_many_requests', 'param': None, 'code': 'too_many_requests'}}
Failed for The Poppadoms - Only Do Good In The Things I Like: Error code: 429 - {'error': {'message': 'Too Many Requests', 'type': 'too_many_requests', 'param': None, 'code': 'too_many_requests'}}
Failed for Justin Timberlake - Still On My Brain: Error code: 429 - {'error': {'message': 'Too Many Requests', 'type': 'too_many_requests', 'param': None, 'code': 'too_many_requests'}}
Failed for Justin Timberlake - Pose: Error code: 429 - {'error': {'message': 'Too Many Requests', 'type': 'too_many_requests', 'param': None, 'code': 'too_many_requests'}}
Failed for Jóhann Jóhannsson - Melodia (I): Error code: 429 - {'error': {'message': 'Too Many Requests', 'type': 'too_many_requests', 'param': None, 'code': 'too_many_requests'}}
Failed for Biosphere - Birds Fly By Flapping Their Wings: Error code: 429 - {'error': {'message': 'Too Many Requests', 'type': 'too_many_requests', 'param': None, 'code': 'too_many_requests'}}
Failed for Mystery Jets - Purple Prose: Error code: 429 - {'error': {'message': 'Too Many Requests', 'type': 'too_many_requests', 'param': None, 'code': 'too_many_requests'}}
Failed for Broadcast - Distorsion: Error code: 429 - {'error': {'message': 'Too Many Requests', 'type': 'too_many_requests', 'param': None, 'code': 'too_many_requests'}}
Failed for Stereophonics - I Stopped To Fill My Car Up: Error code: 429 - {'error': {'message': 'Too Many Requests', 'type': 'too_many_requests', 'param': None, 'code': 'too_many_requests'}}
Failed for Broadcast - Long Was The Year: Error code: 429 - {'error': {'message': 'Too Many Requests', 'type': 'too_many_requests', 'param': None, 'code': 'too_many_requests'}}
Failed for The Ark - Absolutely No Decorum: Error code: 429 - {'error': {'message': 'Too Many Requests', 'type': 'too_many_requests', 'param': None, 'code': 'too_many_requests'}}
Failed for Adam Green - Bungee: Error code: 429 - {'error': {'message': 'Too Many Requests', 'type': 'too_many_requests', 'param': None, 'code': 'too_many_requests'}}
Failed for Wax Poetic - Rootgroove: Error code: 429 - {'error': {'message': 'Too Many Requests', 'type': 'too_many_requests', 'param': None, 'code': 'too_many_requests'}}
Failed for Queen - Ride The Wild Wind: Error code: 429 - {'error': {'message': 'Too Many Requests', 'type': 'too_many_requests', 'param': None, 'code': 'too_many_requests'}}
Failed for Soundgarden - I Awake: Error code: 429 - {'error': {'message': 'Too Many Requests', 'type': 'too_many_requests', 'param': None, 'code': 'too_many_requests'}}
Failed for Adam Green - C-Birds: Error code: 429 - {'error': {'message': 'Too Many Requests', 'type': 'too_many_requests', 'param': None, 'code': 'too_many_requests'}}
Failed for Myslovitz - Scenariusz Dla Moich Sąsiadów: Error code: 429 - {'error': {'message': 'Too Many Requests', 'type': 'too_many_requests', 'param': None, 'code': 'too_many_requests'}}
Failed for Dusty Springfield - I Just Don'T Know What To Do With Myself: Error code: 429 - {'error': {'message': 'Too Many Requests', 'type': 'too_many_requests', 'param': None, 'code': 'too_many_requests'}}
Failed for Tool - H: Error code: 429 - {'error': {'message': 'Too Many Requests', 'type': 'too_many_requests', 'param': None, 'code': 'too_many_requests'}}
Failed for The Afghan Whigs - Debonair: Error code: 429 - {'error': {'message': 'Too Many Requests', 'type': 'too_many_requests', 'param': None, 'code': 'too_many_requests'}}
Failed for Erroll Garner - Misty: Error code: 429 - {'error': {'message': 'Too Many Requests', 'type': 'too_many_requests', 'param': None, 'code': 'too_many_requests'}}
Failed for Amy Winehouse - What Is It About Men: Error code: 429 - {'error': {'message': 'Too Many Requests', 'type': 'too_many_requests', 'param': None, 'code': 'too_many_requests'}}
Failed for Dave Matthews Band - Let You Down: Error code: 429 - {'error': {'message': 'Too Many Requests', 'type': 'too_many_requests', 'param': None, 'code': 'too_many_requests'}}
Failed for Behemoth - Sculpting The Throne Ov Seth: Error code: 429 - {'error': {'message': 'Too Many Requests', 'type': 'too_many_requests', 'param': None, 'code': 'too_many_requests'}}
Failed for Behemoth - Slaying The Prophets Ov Isa: Error code: 429 - {'error': {'message': 'Too Many Requests', 'type': 'too_many_requests', 'param': None, 'code': 'too_many_requests'}}
Failed for Guster - Two Points For Honesty: Error code: 429 - {'error': {'message': 'Too Many Requests', 'type': 'too_many_requests', 'param': None, 'code': 'too_many_requests'}}
Failed for An Albatross - Electric Suits And Cowboy Boots: Error code: 429 - {'error': {'message': 'Too Many Requests', 'type': 'too_many_requests', 'param': None, 'code': 'too_many_requests'}}
Failed for Guster - Ruby Falls: Error code: 429 - {'error': {'message': 'Too Many Requests', 'type': 'too_many_requests', 'param': None, 'code': 'too_many_requests'}}
Failed for Guster - I Spy: Error code: 429 - {'error': {'message': 'Too Many Requests', 'type': 'too_many_requests', 'param': None, 'code': 'too_many_requests'}}
Failed for Gza/Genius - Cold World: Error code: 429 - {'error': {'message': 'Too Many Requests', 'type': 'too_many_requests', 'param': None, 'code': 'too_many_requests'}}
Failed for Gönül Akkor - Bir Gece Ansızın Gelebilirim: Error code: 429 - {'error': {'message': 'Too Many Requests', 'type': 'too_many_requests', 'param': None, 'code': 'too_many_requests'}}
Failed for Gåte - Knut Liten Og Sylvelin: Error code: 429 - {'error': {'message': 'Too Many Requests', 'type': 'too_many_requests', 'param': None, 'code': 'too_many_requests'}}
Failed for Gåte - Sjå Attende: Error code: 429 - {'error': {'message': 'Too Many Requests', 'type': 'too_many_requests', 'param': None, 'code': 'too_many_requests'}}
Failed for Mägo De Oz - Obertura Mdxx: Error code: 429 - {'error': {'message': 'Too Many Requests', 'type': 'too_many_requests', 'param': None, 'code': 'too_many_requests'}}
Failed for Gal Costa - A Felicidade: Error code: 429 - {'error': {'message': 'Too Many Requests', 'type': 'too_many_requests', 'param': None, 'code': 'too_many_requests'}}
Failed for Robots In Disguise - Argument: Error code: 429 - {'error': {'message': 'Too Many Requests', 'type': 'too_many_requests', 'param': None, 'code': 'too_many_requests'}}
Failed for Mew - Then I Run: Error code: 429 - {'error': {'message': 'Too Many Requests', 'type': 'too_many_requests', 'param': None, 'code': 'too_many_requests'}}
Failed for Mötley Crüe - Treat Me Like The Dog I Am: Error code: 429 - {'error': {'message': 'Too Many Requests', 'type': 'too_many_requests', 'param': None, 'code': 'too_many_requests'}}
Failed for Mötley Crüe - Piece Of Your Action: Error code: 429 - {'error': {'message': 'Too Many Requests', 'type': 'too_many_requests', 'param': None, 'code': 'too_many_requests'}}
Failed for Just Jack - No Time: Error code: 429 - {'error': {'message': 'Too Many Requests', 'type': 'too_many_requests', 'param': None, 'code': 'too_many_requests'}}
1700/2988 done
Failed for Mötley Crüe - Don'T Go Away Mad (Just Go Away): Error code: 429 - {'error': {'message': 'Too Many Requests', 'type': 'too_many_requests', 'param': None, 'code': 'too_many_requests'}}
Failed for Quasimoto - Basic Instinct: Error code: 429 - {'error': {'message': 'Too Many Requests', 'type': 'too_many_requests', 'param': None, 'code': 'too_many_requests'}}
Failed for Quasimoto - Return Of The Loop Digga: Error code: 429 - {'error': {'message': 'Too Many Requests', 'type': 'too_many_requests', 'param': None, 'code': 'too_many_requests'}}
Failed for Lapko - I Have A Name: Error code: 429 - {'error': {'message': 'Too Many Requests', 'type': 'too_many_requests', 'param': None, 'code': 'too_many_requests'}}
Failed for :Wumpscut: - Christfuck: Error code: 429 - {'error': {'message': 'Too Many Requests', 'type': 'too_many_requests', 'param': None, 'code': 'too_many_requests'}}
Failed for Mägo De Oz - El Árbol De La Noche Triste: Error code: 429 - {'error': {'message': 'Too Many Requests', 'type': 'too_many_requests', 'param': None, 'code': 'too_many_requests'}}
Failed for The Sisters Of Mercy - Marian: Error code: 429 - {'error': {'message': 'Too Many Requests', 'type': 'too_many_requests', 'param': None, 'code': 'too_many_requests'}}
Failed for Be Your Own Pet - Let'S Get Sandy (Big Problem): Error code: 429 - {'error': {'message': 'Too Many Requests', 'type': 'too_many_requests', 'param': None, 'code': 'too_many_requests'}}
Failed for Mägo De Oz - Celta: Error code: 429 - {'error': {'message': 'Too Many Requests', 'type': 'too_many_requests', 'param': None, 'code': 'too_many_requests'}}
Failed for Mägo De Oz - El Santo Grial: Error code: 429 - {'error': {'message': 'Too Many Requests', 'type': 'too_many_requests', 'param': None, 'code': 'too_many_requests'}}
Failed for Mägo De Oz - El Ángel Caído: Error code: 429 - {'error': {'message': 'Too Many Requests', 'type': 'too_many_requests', 'param': None, 'code': 'too_many_requests'}}
Failed for Gustavo Cerati - Al Fin Sucede: Error code: 429 - {'error': {'message': 'Too Many Requests', 'type': 'too_many_requests', 'param': None, 'code': 'too_many_requests'}}
Failed for Guster - All The Way Up To Heaven: Error code: 429 - {'error': {'message': 'Too Many Requests', 'type': 'too_many_requests', 'param': None, 'code': 'too_many_requests'}}
Failed for Waylon Jennings - Amanda: Error code: 429 - {'error': {'message': 'Too Many Requests', 'type': 'too_many_requests', 'param': None, 'code': 'too_many_requests'}}
Failed for Queen - Driven By You: Error code: 429 - {'error': {'message': 'Too Many Requests', 'type': 'too_many_requests', 'param': None, 'code': 'too_many_requests'}}
Failed for Guster - Rainy Day: Error code: 429 - {'error': {'message': 'Too Many Requests', 'type': 'too_many_requests', 'param': None, 'code': 'too_many_requests'}}
Failed for Public Enemy - Show 'Em Whatcha Got: Error code: 429 - {'error': {'message': 'Too Many Requests', 'type': 'too_many_requests', 'param': None, 'code': 'too_many_requests'}}
Failed for Nada Surf - Here Goes Something: Error code: 429 - {'error': {'message': 'Too Many Requests', 'type': 'too_many_requests', 'param': None, 'code': 'too_many_requests'}}
Failed for Nada Surf - Happy Kid: Error code: 429 - {'error': {'message': 'Too Many Requests', 'type': 'too_many_requests', 'param': None, 'code': 'too_many_requests'}}
Failed for The Pogues - The Old Main Drag: Error code: 429 - {'error': {'message': 'Too Many Requests', 'type': 'too_many_requests', 'param': None, 'code': 'too_many_requests'}}
Failed for The Pogues - I'M A Man You Don'T Meet Every Day: Error code: 429 - {'error': {'message': 'Too Many Requests', 'type': 'too_many_requests', 'param': None, 'code': 'too_many_requests'}}
Failed for Zenzile - Long Ride: Error code: 429 - {'error': {'message': 'Too Many Requests', 'type': 'too_many_requests', 'param': None, 'code': 'too_many_requests'}}
Failed for The Pogues - Transmetropolitan: Error code: 429 - {'error': {'message': 'Too Many Requests', 'type': 'too_many_requests', 'param': None, 'code': 'too_many_requests'}}
Failed for Deströyer 666 - The Last Revelation: Error code: 429 - {'error': {'message': 'Too Many Requests', 'type': 'too_many_requests', 'param': None, 'code': 'too_many_requests'}}
Failed for Rogue Wave - Postage Stamp World: Error code: 429 - {'error': {'message': 'Too Many Requests', 'type': 'too_many_requests', 'param': None, 'code': 'too_many_requests'}}
Failed for Funeral Mist - Agnus Dei: Error code: 429 - {'error': {'message': 'Too Many Requests', 'type': 'too_many_requests', 'param': None, 'code': 'too_many_requests'}}
Failed for Ron Gelfer Feat. Tiger Lily - Your Beat Sounds Like (Rasmus Faber'S Deep Journey): Error code: 429 - {'error': {'message': 'Too Many Requests', 'type': 'too_many_requests', 'param': None, 'code': 'too_many_requests'}}
Failed for Rocky Votolato - Tinfoil Hats: Error code: 429 - {'error': {'message': 'Too Many Requests', 'type': 'too_many_requests', 'param': None, 'code': 'too_many_requests'}}
Failed for Rodrigo Y Gabriela - Diem: Error code: 429 - {'error': {'message': 'Too Many Requests', 'type': 'too_many_requests', 'param': None, 'code': 'too_many_requests'}}
Failed for Rodrigo Y Gabriela - Stairway To Heaven: Error code: 429 - {'error': {'message': 'Too Many Requests', 'type': 'too_many_requests', 'param': None, 'code': 'too_many_requests'}}
Failed for Bronski Beat - Why?: Error code: 429 - {'error': {'message': 'Too Many Requests', 'type': 'too_many_requests', 'param': None, 'code': 'too_many_requests'}}
Failed for The Police - Tea In The Sahara: Error code: 429 - {'error': {'message': 'Too Many Requests', 'type': 'too_many_requests', 'param': None, 'code': 'too_many_requests'}}
Failed for Múm - Rhuubarbidoo: Error code: 429 - {'error': {'message': 'Too Many Requests', 'type': 'too_many_requests', 'param': None, 'code': 'too_many_requests'}}
Failed for Mötley Crüe - Starry Eyes: Error code: 429 - {'error': {'message': 'Too Many Requests', 'type': 'too_many_requests', 'param': None, 'code': 'too_many_requests'}}
Failed for Deus - W.C.S. (First Draft): Error code: 429 - {'error': {'message': 'Too Many Requests', 'type': 'too_many_requests', 'param': None, 'code': 'too_many_requests'}}
Failed for Steve Earle - The Devil'S Right Hand: Error code: 429 - {'error': {'message': 'Too Many Requests', 'type': 'too_many_requests', 'param': None, 'code': 'too_many_requests'}}
Failed for ムック - Isho: Error code: 429 - {'error': {'message': 'Too Many Requests', 'type': 'too_many_requests', 'param': None, 'code': 'too_many_requests'}}
Failed for Stereophonics - Soldiers Make Good Targets: Error code: 429 - {'error': {'message': 'Too Many Requests', 'type': 'too_many_requests', 'param': None, 'code': 'too_many_requests'}}
Failed for N.E.R.D. - Happy: Error code: 429 - {'error': {'message': 'Too Many Requests', 'type': 'too_many_requests', 'param': None, 'code': 'too_many_requests'}}
Failed for Sophie Milman - Agua De Beber: Error code: 429 - {'error': {'message': 'Too Many Requests', 'type': 'too_many_requests', 'param': None, 'code': 'too_many_requests'}}
Failed for N.E.R.D. - My Drive Thru: Error code: 429 - {'error': {'message': 'Too Many Requests', 'type': 'too_many_requests', 'param': None, 'code': 'too_many_requests'}}
Failed for Sopor Aeternus & The Ensemble Of Shadows - Dead Souls: Error code: 429 - {'error': {'message': 'Too Many Requests', 'type': 'too_many_requests', 'param': None, 'code': 'too_many_requests'}}
Failed for Junior Senior - Shake Your Coconuts: Error code: 429 - {'error': {'message': 'Too Many Requests', 'type': 'too_many_requests', 'param': None, 'code': 'too_many_requests'}}
Failed for Soulfly - Arise Again: Error code: 429 - {'error': {'message': 'Too Many Requests', 'type': 'too_many_requests', 'param': None, 'code': 'too_many_requests'}}
Failed for Juno Reactor - Guardian Angel: Error code: 429 - {'error': {'message': 'Too Many Requests', 'type': 'too_many_requests', 'param': None, 'code': 'too_many_requests'}}
Failed for Bromheads Jacket - Woolley Bridge: Error code: 429 - {'error': {'message': 'Too Many Requests', 'type': 'too_many_requests', 'param': None, 'code': 'too_many_requests'}}
Failed for The Charlatans - A Day For Letting Go: Error code: 429 - {'error': {'message': 'Too Many Requests', 'type': 'too_many_requests', 'param': None, 'code': 'too_many_requests'}}
Failed for The Charlatans - A Man Needs To Be Told: Error code: 429 - {'error': {'message': 'Too Many Requests', 'type': 'too_many_requests', 'param': None, 'code': 'too_many_requests'}}
Failed for Sepultura - Straighthate: Error code: 429 - {'error': {'message': 'Too Many Requests', 'type': 'too_many_requests', 'param': None, 'code': 'too_many_requests'}}
Failed for Arch Enemy - Kill With Power: Error code: 429 - {'error': {'message': 'Too Many Requests', 'type': 'too_many_requests', 'param': None, 'code': 'too_many_requests'}}
Failed for Seraphim Shock - Annabell: Error code: 429 - {'error': {'message': 'Too Many Requests', 'type': 'too_many_requests', 'param': None, 'code': 'too_many_requests'}}
Failed for Danny Elfman - Violet Beauregarde: Error code: 429 - {'error': {'message': 'Too Many Requests', 'type': 'too_many_requests', 'param': None, 'code': 'too_many_requests'}}
Failed for Deftones - Be Quiet And Drive (Far Away) (Acoustic): Error code: 429 - {'error': {'message': 'Too Many Requests', 'type': 'too_many_requests', 'param': None, 'code': 'too_many_requests'}}
Failed for The Sisters Of Mercy - Torch: Error code: 429 - {'error': {'message': 'Too Many Requests', 'type': 'too_many_requests', 'param': None, 'code': 'too_many_requests'}}
Failed for Metricks - Bitter Than Higher: Error code: 429 - {'error': {'message': 'Too Many Requests', 'type': 'too_many_requests', 'param': None, 'code': 'too_many_requests'}}
Failed for ムック - Tsubasa O Kudasai: Error code: 429 - {'error': {'message': 'Too Many Requests', 'type': 'too_many_requests', 'param': None, 'code': 'too_many_requests'}}
Failed for 999 - Emergency: Error code: 429 - {'error': {'message': 'Too Many Requests', 'type': 'too_many_requests', 'param': None, 'code': 'too_many_requests'}}
Failed for 8Mm - Liar: Error code: 429 - {'error': {'message': 'Too Many Requests', 'type': 'too_many_requests', 'param': None, 'code': 'too_many_requests'}}
Failed for Bombay Bicycle Club - Sixteen: Error code: 429 - {'error': {'message': 'Too Many Requests', 'type': 'too_many_requests', 'param': None, 'code': 'too_many_requests'}}
Failed for Nalin & Kane - Open Your Eyes: Error code: 429 - {'error': {'message': 'Too Many Requests', 'type': 'too_many_requests', 'param': None, 'code': 'too_many_requests'}}
Failed for Bomb The Music Industry! - 25!!!: Error code: 429 - {'error': {'message': 'Too Many Requests', 'type': 'too_many_requests', 'param': None, 'code': 'too_many_requests'}}
Failed for The Chap - Surgery: Error code: 429 - {'error': {'message': 'Too Many Requests', 'type': 'too_many_requests', 'param': None, 'code': 'too_many_requests'}}
Failed for The Delgados - The Light Before We Land: Error code: 429 - {'error': {'message': 'Too Many Requests', 'type': 'too_many_requests', 'param': None, 'code': 'too_many_requests'}}
Failed for We Followed Tigers - The People From The Sky Said They'D Return.: Error code: 429 - {'error': {'message': 'Too Many Requests', 'type': 'too_many_requests', 'param': None, 'code': 'too_many_requests'}}
Failed for Haggard - Awaking The Centuries: Error code: 429 - {'error': {'message': 'Too Many Requests', 'type': 'too_many_requests', 'param': None, 'code': 'too_many_requests'}}
Failed for Psyopus - Play Some Skynyrd: Error code: 429 - {'error': {'message': 'Too Many Requests', 'type': 'too_many_requests', 'param': None, 'code': 'too_many_requests'}}
Failed for Pulp - Ansaphone: Error code: 429 - {'error': {'message': 'Too Many Requests', 'type': 'too_many_requests', 'param': None, 'code': 'too_many_requests'}}
Failed for The Adicts - Lullaby: Error code: 429 - {'error': {'message': 'Too Many Requests', 'type': 'too_many_requests', 'param': None, 'code': 'too_many_requests'}}
Failed for Destruction - Invincible Force: Error code: 429 - {'error': {'message': 'Too Many Requests', 'type': 'too_many_requests', 'param': None, 'code': 'too_many_requests'}}
Failed for Junior Boys - Last Exit: Error code: 429 - {'error': {'message': 'Too Many Requests', 'type': 'too_many_requests', 'param': None, 'code': 'too_many_requests'}}
Failed for David Archuleta - A Little Too Not Over You: Error code: 429 - {'error': {'message': 'Too Many Requests', 'type': 'too_many_requests', 'param': None, 'code': 'too_many_requests'}}
Failed for Psyopus - 2: Error code: 429 - {'error': {'message': 'Too Many Requests', 'type': 'too_many_requests', 'param': None, 'code': 'too_many_requests'}}
Failed for The Adicts - Troubadour: Error code: 429 - {'error': {'message': 'Too Many Requests', 'type': 'too_many_requests', 'param': None, 'code': 'too_many_requests'}}
Failed for The Adicts - Straight Jacket: Error code: 429 - {'error': {'message': 'Too Many Requests', 'type': 'too_many_requests', 'param': None, 'code': 'too_many_requests'}}
Failed for Hallucinogen - Snarling Black Mabel: Error code: 429 - {'error': {'message': 'Too Many Requests', 'type': 'too_many_requests', 'param': None, 'code': 'too_many_requests'}}
Failed for Adult. - Hand To Phone (Cordless Mix): Error code: 429 - {'error': {'message': 'Too Many Requests', 'type': 'too_many_requests', 'param': None, 'code': 'too_many_requests'}}
Failed for Julieta Venegas - Lento: Error code: 429 - {'error': {'message': 'Too Many Requests', 'type': 'too_many_requests', 'param': None, 'code': 'too_many_requests'}}
Failed for Danny Elfman - Veruca Salt: Error code: 429 - {'error': {'message': 'Too Many Requests', 'type': 'too_many_requests', 'param': None, 'code': 'too_many_requests'}}
Failed for Eric Prydz Vs. Floyd - Proper Education (Radio Edit): Error code: 429 - {'error': {'message': 'Too Many Requests', 'type': 'too_many_requests', 'param': None, 'code': 'too_many_requests'}}
Failed for Creedence Clearwater Revival - Before You Accuse Me: Error code: 429 - {'error': {'message': 'Too Many Requests', 'type': 'too_many_requests', 'param': None, 'code': 'too_many_requests'}}
Failed for Black Stone Cherry - Lonely Train: Error code: 429 - {'error': {'message': 'Too Many Requests', 'type': 'too_many_requests', 'param': None, 'code': 'too_many_requests'}}
Failed for The Chameleons - Pleasure And Pain: Error code: 429 - {'error': {'message': 'Too Many Requests', 'type': 'too_many_requests', 'param': None, 'code': 'too_many_requests'}}
Failed for Bruce Springsteen - Mrs. Mcgrath: Error code: 429 - {'error': {'message': 'Too Many Requests', 'type': 'too_many_requests', 'param': None, 'code': 'too_many_requests'}}
Failed for Bruce Springsteen - Jacob'S Ladder: Error code: 429 - {'error': {'message': 'Too Many Requests', 'type': 'too_many_requests', 'param': None, 'code': 'too_many_requests'}}
Failed for E.S. Posthumus - Isfahan: Error code: 429 - {'error': {'message': 'Too Many Requests', 'type': 'too_many_requests', 'param': None, 'code': 'too_many_requests'}}
Failed for Hallucinogen - Jiggle Of The Sphinx: Error code: 429 - {'error': {'message': 'Too Many Requests', 'type': 'too_many_requests', 'param': None, 'code': 'too_many_requests'}}
Failed for Silver Jews - Buckingham Rabbit: Error code: 429 - {'error': {'message': 'Too Many Requests', 'type': 'too_many_requests', 'param': None, 'code': 'too_many_requests'}}
Failed for Erik Mongrain - I Am Not: Error code: 429 - {'error': {'message': 'Too Many Requests', 'type': 'too_many_requests', 'param': None, 'code': 'too_many_requests'}}
Failed for Erik Mongrain - Airtap!: Error code: 429 - {'error': {'message': 'Too Many Requests', 'type': 'too_many_requests', 'param': None, 'code': 'too_many_requests'}}
Failed for Silver Jews - People: Error code: 429 - {'error': {'message': 'Too Many Requests', 'type': 'too_many_requests', 'param': None, 'code': 'too_many_requests'}}
Failed for Erik Mongrain - Confusion #8: Error code: 429 - {'error': {'message': 'Too Many Requests', 'type': 'too_many_requests', 'param': None, 'code': 'too_many_requests'}}
Failed for Silent Circle - Touch In The Night: Error code: 429 - {'error': {'message': 'Too Many Requests', 'type': 'too_many_requests', 'param': None, 'code': 'too_many_requests'}}
Failed for Halou - The Ratio Of Freckles To Stars: Error code: 429 - {'error': {'message': 'Too Many Requests', 'type': 'too_many_requests', 'param': None, 'code': 'too_many_requests'}}
Failed for Halou - Everything Is Ok: Error code: 429 - {'error': {'message': 'Too Many Requests', 'type': 'too_many_requests', 'param': None, 'code': 'too_many_requests'}}
Failed for Judas Priest - Defenders Of The Faith: Error code: 429 - {'error': {'message': 'Too Many Requests', 'type': 'too_many_requests', 'param': None, 'code': 'too_many_requests'}}
1800/2988 done
Failed for Judas Priest - Delivering The Goods: Error code: 429 - {'error': {'message': 'Too Many Requests', 'type': 'too_many_requests', 'param': None, 'code': 'too_many_requests'}}
Failed for Assemblage 23 - Naked (God Module Remix): Error code: 429 - {'error': {'message': 'Too Many Requests', 'type': 'too_many_requests', 'param': None, 'code': 'too_many_requests'}}
Failed for Deftones - Battle-Axe: Error code: 429 - {'error': {'message': 'Too Many Requests', 'type': 'too_many_requests', 'param': None, 'code': 'too_many_requests'}}
Failed for The Young Knives - Turn Tail: Error code: 429 - {'error': {'message': 'Too Many Requests', 'type': 'too_many_requests', 'param': None, 'code': 'too_many_requests'}}
Failed for Natalie Imbruglia - On The Run: Error code: 429 - {'error': {'message': 'Too Many Requests', 'type': 'too_many_requests', 'param': None, 'code': 'too_many_requests'}}
Failed for Toxic Holocaust - Wild Dogs: Error code: 429 - {'error': {'message': 'Too Many Requests', 'type': 'too_many_requests', 'param': None, 'code': 'too_many_requests'}}
Failed for Billy Ocean - Caribbean Queen: Error code: 429 - {'error': {'message': 'Too Many Requests', 'type': 'too_many_requests', 'param': None, 'code': 'too_many_requests'}}
Failed for Bruce Springsteen - Bobby Jean: Error code: 429 - {'error': {'message': 'Too Many Requests', 'type': 'too_many_requests', 'param': None, 'code': 'too_many_requests'}}
Failed for Judas Priest - Dissident Aggressor: Error code: 429 - {'error': {'message': 'Too Many Requests', 'type': 'too_many_requests', 'param': None, 'code': 'too_many_requests'}}
Failed for Judas Priest - Prophecy: Error code: 429 - {'error': {'message': 'Too Many Requests', 'type': 'too_many_requests', 'param': None, 'code': 'too_many_requests'}}
Failed for Bruce Dickinson - The Alchemist: Error code: 429 - {'error': {'message': 'Too Many Requests', 'type': 'too_many_requests', 'param': None, 'code': 'too_many_requests'}}
Failed for Hall & Oates - Kiss On My List: Error code: 429 - {'error': {'message': 'Too Many Requests', 'type': 'too_many_requests', 'param': None, 'code': 'too_many_requests'}}
Failed for The Devin Townsend Band - Vampolka: Error code: 429 - {'error': {'message': 'Too Many Requests', 'type': 'too_many_requests', 'param': None, 'code': 'too_many_requests'}}
Failed for The Dillinger Escape Plan - Highway Robbery: Error code: 429 - {'error': {'message': 'Too Many Requests', 'type': 'too_many_requests', 'param': None, 'code': 'too_many_requests'}}
Failed for The Dillinger Escape Plan - Sugar Coated Sour: Error code: 429 - {'error': {'message': 'Too Many Requests', 'type': 'too_many_requests', 'param': None, 'code': 'too_many_requests'}}
Failed for Hall & Oates - Sara Smile: Error code: 429 - {'error': {'message': 'Too Many Requests', 'type': 'too_many_requests', 'param': None, 'code': 'too_many_requests'}}
Failed for Nathan Johnson With The Cinematic Underground - Emily'S Theme: Error code: 429 - {'error': {'message': 'Too Many Requests', 'type': 'too_many_requests', 'param': None, 'code': 'too_many_requests'}}
Failed for Yves Larock - Rise Up (Club Mix): Error code: 429 - {'error': {'message': 'Too Many Requests', 'type': 'too_many_requests', 'param': None, 'code': 'too_many_requests'}}
Failed for Fugazi - Forensic Scene: Error code: 429 - {'error': {'message': 'Too Many Requests', 'type': 'too_many_requests', 'param': None, 'code': 'too_many_requests'}}
Failed for Bruce Springsteen - Sad Eyes: Error code: 429 - {'error': {'message': 'Too Many Requests', 'type': 'too_many_requests', 'param': None, 'code': 'too_many_requests'}}
Failed for Fugazi - Bed For The Scraping: Error code: 429 - {'error': {'message': 'Too Many Requests', 'type': 'too_many_requests', 'param': None, 'code': 'too_many_requests'}}
Failed for Rooney - Simply Because: Error code: 429 - {'error': {'message': 'Too Many Requests', 'type': 'too_many_requests', 'param': None, 'code': 'too_many_requests'}}
Failed for Cro-Mags - It'S The Limit: Error code: 429 - {'error': {'message': 'Too Many Requests', 'type': 'too_many_requests', 'param': None, 'code': 'too_many_requests'}}
Failed for Cro-Mags - Don'T Tread On Me: Error code: 429 - {'error': {'message': 'Too Many Requests', 'type': 'too_many_requests', 'param': None, 'code': 'too_many_requests'}}
Failed for Bryan Adams - Cloud Number Nine: Error code: 429 - {'error': {'message': 'Too Many Requests', 'type': 'too_many_requests', 'param': None, 'code': 'too_many_requests'}}
Failed for Deus - Serpentine: Error code: 429 - {'error': {'message': 'Too Many Requests', 'type': 'too_many_requests', 'param': None, 'code': 'too_many_requests'}}
Failed for Cock Robin - Only The Very Best: Error code: 429 - {'error': {'message': 'Too Many Requests', 'type': 'too_many_requests', 'param': None, 'code': 'too_many_requests'}}
Failed for Judas Priest - Desert Plains: Error code: 429 - {'error': {'message': 'Too Many Requests', 'type': 'too_many_requests', 'param': None, 'code': 'too_many_requests'}}
Failed for Proem - Invisible For All: Error code: 429 - {'error': {'message': 'Too Many Requests', 'type': 'too_many_requests', 'param': None, 'code': 'too_many_requests'}}
Failed for Judas Priest - Between The Hammer & The Anvil: Error code: 429 - {'error': {'message': 'Too Many Requests', 'type': 'too_many_requests', 'param': None, 'code': 'too_many_requests'}}
Failed for Devendra Banhart - Happy Happy Oh: Error code: 429 - {'error': {'message': 'Too Many Requests', 'type': 'too_many_requests', 'param': None, 'code': 'too_many_requests'}}
Failed for Steve Miller Band - Jungle Love: Error code: 429 - {'error': {'message': 'Too Many Requests', 'type': 'too_many_requests', 'param': None, 'code': 'too_many_requests'}}
Failed for Dj Shog - Running Water: Error code: 429 - {'error': {'message': 'Too Many Requests', 'type': 'too_many_requests', 'param': None, 'code': 'too_many_requests'}}
Failed for Fugazi - Smallpox Champion: Error code: 429 - {'error': {'message': 'Too Many Requests', 'type': 'too_many_requests', 'param': None, 'code': 'too_many_requests'}}
Failed for Bruce Springsteen - Livin' In The Future: Error code: 429 - {'error': {'message': 'Too Many Requests', 'type': 'too_many_requests', 'param': None, 'code': 'too_many_requests'}}
Failed for Natalie Portman'S Shaved Head - Me + Yr Daughter: Error code: 429 - {'error': {'message': 'Too Many Requests', 'type': 'too_many_requests', 'param': None, 'code': 'too_many_requests'}}
Failed for Hammerfall - Dreams Come True: Error code: 429 - {'error': {'message': 'Too Many Requests', 'type': 'too_many_requests', 'param': None, 'code': 'too_many_requests'}}
Failed for Natalie Portman'S Shaved Head - Holding Hands In The Shower: Error code: 429 - {'error': {'message': 'Too Many Requests', 'type': 'too_many_requests', 'param': None, 'code': 'too_many_requests'}}
Failed for Tiger Lou - Patterns: Error code: 429 - {'error': {'message': 'Too Many Requests', 'type': 'too_many_requests', 'param': None, 'code': 'too_many_requests'}}
Failed for Propellerheads - On Her Majesty'S Secret Service: Error code: 429 - {'error': {'message': 'Too Many Requests', 'type': 'too_many_requests', 'param': None, 'code': 'too_many_requests'}}
Failed for Tiger Lou - Nixon: Error code: 429 - {'error': {'message': 'Too Many Requests', 'type': 'too_many_requests', 'param': None, 'code': 'too_many_requests'}}
Failed for The Orb - Delta Mk Ii: Error code: 429 - {'error': {'message': 'Too Many Requests', 'type': 'too_many_requests', 'param': None, 'code': 'too_many_requests'}}
Failed for Wednesday 13 - House By The Cemetery: Error code: 429 - {'error': {'message': 'Too Many Requests', 'type': 'too_many_requests', 'param': None, 'code': 'too_many_requests'}}
Failed for Crossfade - Colors: Error code: 429 - {'error': {'message': 'Too Many Requests', 'type': 'too_many_requests', 'param': None, 'code': 'too_many_requests'}}
Failed for The Orb - Toxygene: Error code: 429 - {'error': {'message': 'Too Many Requests', 'type': 'too_many_requests', 'param': None, 'code': 'too_many_requests'}}
Failed for Aerosmith - Sick As A Dog: Error code: 429 - {'error': {'message': 'Too Many Requests', 'type': 'too_many_requests', 'param': None, 'code': 'too_many_requests'}}
Failed for Meshuggah - Dehumanization: Error code: 429 - {'error': {'message': 'Too Many Requests', 'type': 'too_many_requests', 'param': None, 'code': 'too_many_requests'}}
Failed for Underworld - Pearls Girl: Error code: 429 - {'error': {'message': 'Too Many Requests', 'type': 'too_many_requests', 'param': None, 'code': 'too_many_requests'}}
Failed for Meryl Streep - The Winner Takes It All: Error code: 429 - {'error': {'message': 'Too Many Requests', 'type': 'too_many_requests', 'param': None, 'code': 'too_many_requests'}}
Failed for Ann Lee - Two Times: Error code: 429 - {'error': {'message': 'Too Many Requests', 'type': 'too_many_requests', 'param': None, 'code': 'too_many_requests'}}
Failed for The Calling - Nothing'S Changed: Error code: 429 - {'error': {'message': 'Too Many Requests', 'type': 'too_many_requests', 'param': None, 'code': 'too_many_requests'}}
Failed for Crowded House - Four Seasons In One Day: Error code: 429 - {'error': {'message': 'Too Many Requests', 'type': 'too_many_requests', 'param': None, 'code': 'too_many_requests'}}
Failed for Crowded House - Pineapple Head: Error code: 429 - {'error': {'message': 'Too Many Requests', 'type': 'too_many_requests', 'param': None, 'code': 'too_many_requests'}}
Failed for Rotting Christ - Threnody: Error code: 429 - {'error': {'message': 'Too Many Requests', 'type': 'too_many_requests', 'param': None, 'code': 'too_many_requests'}}
Failed for Necrophagist - Ignominious And Pale: Error code: 429 - {'error': {'message': 'Too Many Requests', 'type': 'too_many_requests', 'param': None, 'code': 'too_many_requests'}}
Failed for Nazareth - Hair Of The Dog: Error code: 429 - {'error': {'message': 'Too Many Requests', 'type': 'too_many_requests', 'param': None, 'code': 'too_many_requests'}}
Failed for Bryan Adams - (I Wanna Be) Your Underwear: Error code: 429 - {'error': {'message': 'Too Many Requests', 'type': 'too_many_requests', 'param': None, 'code': 'too_many_requests'}}
Failed for Bryan Adams - I'M Ready: Error code: 429 - {'error': {'message': 'Too Many Requests', 'type': 'too_many_requests', 'param': None, 'code': 'too_many_requests'}}
Failed for Deus - Sun Ra: Error code: 429 - {'error': {'message': 'Too Many Requests', 'type': 'too_many_requests', 'param': None, 'code': 'too_many_requests'}}
Failed for Joss Stone - Proper Nice: Error code: 429 - {'error': {'message': 'Too Many Requests', 'type': 'too_many_requests', 'param': None, 'code': 'too_many_requests'}}
Failed for Def Leppard - Let It Go: Error code: 429 - {'error': {'message': 'Too Many Requests', 'type': 'too_many_requests', 'param': None, 'code': 'too_many_requests'}}
Failed for Deftones - Crenshaw Punch/I'Ll Throw Rocks At You: Error code: 429 - {'error': {'message': 'Too Many Requests', 'type': 'too_many_requests', 'param': None, 'code': 'too_many_requests'}}
Failed for Earlimart - Happy Alone: Error code: 429 - {'error': {'message': 'Too Many Requests', 'type': 'too_many_requests', 'param': None, 'code': 'too_many_requests'}}
Failed for Eagles Of Death Metal - Keep Your Head Up: Error code: 429 - {'error': {'message': 'Too Many Requests', 'type': 'too_many_requests', 'param': None, 'code': 'too_many_requests'}}
Failed for Billy Joel - Scenes From An Italian Restaurant: Error code: 429 - {'error': {'message': 'Too Many Requests', 'type': 'too_many_requests', 'param': None, 'code': 'too_many_requests'}}
Failed for Sonic Youth - Jc: Error code: 429 - {'error': {'message': 'Too Many Requests', 'type': 'too_many_requests', 'param': None, 'code': 'too_many_requests'}}
Failed for Danny Elfman - Beautiful New World / Home Sweet Home: Error code: 429 - {'error': {'message': 'Too Many Requests', 'type': 'too_many_requests', 'param': None, 'code': 'too_many_requests'}}
Failed for Tom Waits - You Can Never Hold Back Spring: Error code: 429 - {'error': {'message': 'Too Many Requests', 'type': 'too_many_requests', 'param': None, 'code': 'too_many_requests'}}
Failed for The Offspring - No Hero: Error code: 429 - {'error': {'message': 'Too Many Requests', 'type': 'too_many_requests', 'param': None, 'code': 'too_many_requests'}}
Failed for The Babys - Kikoenai Uta: Error code: 429 - {'error': {'message': 'Too Many Requests', 'type': 'too_many_requests', 'param': None, 'code': 'too_many_requests'}}
Failed for Jordin Sparks & Chris Brown - No Air: Error code: 429 - {'error': {'message': 'Too Many Requests', 'type': 'too_many_requests', 'param': None, 'code': 'too_many_requests'}}
Failed for Buckethead & Friends - Three Fingers: Error code: 429 - {'error': {'message': 'Too Many Requests', 'type': 'too_many_requests', 'param': None, 'code': 'too_many_requests'}}
Failed for The Offspring - Special Delivery: Error code: 429 - {'error': {'message': 'Too Many Requests', 'type': 'too_many_requests', 'param': None, 'code': 'too_many_requests'}}
Failed for Mercenary - Firesoul: Error code: 429 - {'error': {'message': 'Too Many Requests', 'type': 'too_many_requests', 'param': None, 'code': 'too_many_requests'}}
Failed for Leela James - Soul Food: Error code: 429 - {'error': {'message': 'Too Many Requests', 'type': 'too_many_requests', 'param': None, 'code': 'too_many_requests'}}
Failed for Mercenary - Bloodsong: Error code: 429 - {'error': {'message': 'Too Many Requests', 'type': 'too_many_requests', 'param': None, 'code': 'too_many_requests'}}
Failed for The B-52'S - Hero Worship: Error code: 429 - {'error': {'message': 'Too Many Requests', 'type': 'too_many_requests', 'param': None, 'code': 'too_many_requests'}}
Failed for The Smashing Pumpkins - Untitled: Error code: 429 - {'error': {'message': 'Too Many Requests', 'type': 'too_many_requests', 'param': None, 'code': 'too_many_requests'}}
Failed for Mercenary - Soul Decision: Error code: 429 - {'error': {'message': 'Too Many Requests', 'type': 'too_many_requests', 'param': None, 'code': 'too_many_requests'}}
Failed for Danny Elfman - Making Christmas: Error code: 429 - {'error': {'message': 'Too Many Requests', 'type': 'too_many_requests', 'param': None, 'code': 'too_many_requests'}}
Failed for Danny Elfman - Kidnap The Sandy Claws: Error code: 429 - {'error': {'message': 'Too Many Requests', 'type': 'too_many_requests', 'param': None, 'code': 'too_many_requests'}}
Failed for Hank Williams Iii - What Did Love Ever Do To You: Error code: 429 - {'error': {'message': 'Too Many Requests', 'type': 'too_many_requests', 'param': None, 'code': 'too_many_requests'}}
Failed for Hank Williams Iii - Move It On Over: Error code: 429 - {'error': {'message': 'Too Many Requests', 'type': 'too_many_requests', 'param': None, 'code': 'too_many_requests'}}
Failed for Josh Ritter - The Temptation Of Adam: Error code: 429 - {'error': {'message': 'Too Many Requests', 'type': 'too_many_requests', 'param': None, 'code': 'too_many_requests'}}
Failed for Josh Pyke - Forever Song: Error code: 429 - {'error': {'message': 'Too Many Requests', 'type': 'too_many_requests', 'param': None, 'code': 'too_many_requests'}}
Failed for Billy Joel - Don'T Ask Me Why: Error code: 429 - {'error': {'message': 'Too Many Requests', 'type': 'too_many_requests', 'param': None, 'code': 'too_many_requests'}}
Failed for Led Zeppelin - Wearing And Tearing: Error code: 429 - {'error': {'message': 'Too Many Requests', 'type': 'too_many_requests', 'param': None, 'code': 'too_many_requests'}}
Failed for Eric Benet & Faith Evans - Georgy Porgy: Error code: 429 - {'error': {'message': 'Too Many Requests', 'type': 'too_many_requests', 'param': None, 'code': 'too_many_requests'}}
Failed for Joss Whedon & Christophe Beck - Walk Through The Fire: Error code: 429 - {'error': {'message': 'Too Many Requests', 'type': 'too_many_requests', 'param': None, 'code': 'too_many_requests'}}
Failed for Joss Stone - Killing Time: Error code: 429 - {'error': {'message': 'Too Many Requests', 'type': 'too_many_requests', 'param': None, 'code': 'too_many_requests'}}
Failed for Buckethead - Lone Sal Bug: Error code: 429 - {'error': {'message': 'Too Many Requests', 'type': 'too_many_requests', 'param': None, 'code': 'too_many_requests'}}
Failed for Underworld - Twist: Error code: 429 - {'error': {'message': 'Too Many Requests', 'type': 'too_many_requests', 'param': None, 'code': 'too_many_requests'}}
Failed for The Distillers - I Am A Revenant: Error code: 429 - {'error': {'message': 'Too Many Requests', 'type': 'too_many_requests', 'param': None, 'code': 'too_many_requests'}}
Failed for Clutch - White'S Ferry: Error code: 429 - {'error': {'message': 'Too Many Requests', 'type': 'too_many_requests', 'param': None, 'code': 'too_many_requests'}}
1900/2988 done
Failed for The Offspring - Beheaded: Error code: 429 - {'error': {'message': 'Too Many Requests', 'type': 'too_many_requests', 'param': None, 'code': 'too_many_requests'}}
Failed for Cmx - Elokuun Kruunu: Error code: 429 - {'error': {'message': 'Too Many Requests', 'type': 'too_many_requests', 'param': None, 'code': 'too_many_requests'}}
Failed for Buddy Holly - True Love Ways: Error code: 429 - {'error': {'message': 'Too Many Requests', 'type': 'too_many_requests', 'param': None, 'code': 'too_many_requests'}}
Failed for Aesop Rock - Oxygen: Error code: 429 - {'error': {'message': 'Too Many Requests', 'type': 'too_many_requests', 'param': None, 'code': 'too_many_requests'}}
Failed for Aesop Rock - Prosperity: Error code: 429 - {'error': {'message': 'Too Many Requests', 'type': 'too_many_requests', 'param': None, 'code': 'too_many_requests'}}
Failed for The Divine Comedy - National Express: Error code: 429 - {'error': {'message': 'Too Many Requests', 'type': 'too_many_requests', 'param': None, 'code': 'too_many_requests'}}
Failed for The Divine Comedy - Mother Dear: Error code: 429 - {'error': {'message': 'Too Many Requests', 'type': 'too_many_requests', 'param': None, 'code': 'too_many_requests'}}
Failed for The Offspring - Come Out And Play (Keep 'Em Separated): Error code: 429 - {'error': {'message': 'Too Many Requests', 'type': 'too_many_requests', 'param': None, 'code': 'too_many_requests'}}
Failed for Roxy Music - India: Error code: 429 - {'error': {'message': 'Too Many Requests', 'type': 'too_many_requests', 'param': None, 'code': 'too_many_requests'}}
Failed for Roxette - Neverending Love: Error code: 429 - {'error': {'message': 'Too Many Requests', 'type': 'too_many_requests', 'param': None, 'code': 'too_many_requests'}}
Failed for Roxette - The First Girl On The Moon: Error code: 429 - {'error': {'message': 'Too Many Requests', 'type': 'too_many_requests', 'param': None, 'code': 'too_many_requests'}}
Failed for Crystal Castles - Insecticon: Error code: 429 - {'error': {'message': 'Too Many Requests', 'type': 'too_many_requests', 'param': None, 'code': 'too_many_requests'}}
Failed for The Bug - Jah War (Feat. Flowdan): Error code: 429 - {'error': {'message': 'Too Many Requests', 'type': 'too_many_requests', 'param': None, 'code': 'too_many_requests'}}
Failed for Frozen Silence - Presence: Error code: 429 - {'error': {'message': 'Too Many Requests', 'type': 'too_many_requests', 'param': None, 'code': 'too_many_requests'}}
Failed for Asobi Seksu - Taiyo: Error code: 429 - {'error': {'message': 'Too Many Requests', 'type': 'too_many_requests', 'param': None, 'code': 'too_many_requests'}}
Failed for Frozen Silence - Sadness: Error code: 429 - {'error': {'message': 'Too Many Requests', 'type': 'too_many_requests', 'param': None, 'code': 'too_many_requests'}}
Failed for Buddy Holly - Words Of Love: Error code: 429 - {'error': {'message': 'Too Many Requests', 'type': 'too_many_requests', 'param': None, 'code': 'too_many_requests'}}
Failed for Asobi Seksu - In The Sky: Error code: 429 - {'error': {'message': 'Too Many Requests', 'type': 'too_many_requests', 'param': None, 'code': 'too_many_requests'}}
Failed for Asobi Seksu - Glacially: Error code: 429 - {'error': {'message': 'Too Many Requests', 'type': 'too_many_requests', 'param': None, 'code': 'too_many_requests'}}
Failed for Sonic Youth - Death Valley '69: Error code: 429 - {'error': {'message': 'Too Many Requests', 'type': 'too_many_requests', 'param': None, 'code': 'too_many_requests'}}
Failed for Asobi Seksu - It'S Too Late: Error code: 429 - {'error': {'message': 'Too Many Requests', 'type': 'too_many_requests', 'param': None, 'code': 'too_many_requests'}}
Failed for Lemon Jelly - '79 Aka The Shouty Track: Error code: 429 - {'error': {'message': 'Too Many Requests', 'type': 'too_many_requests', 'param': None, 'code': 'too_many_requests'}}
Failed for 土屋アンナ - Rose: Error code: 429 - {'error': {'message': 'Too Many Requests', 'type': 'too_many_requests', 'param': None, 'code': 'too_many_requests'}}
Failed for 50 Cent - Intro: Error code: 429 - {'error': {'message': 'Too Many Requests', 'type': 'too_many_requests', 'param': None, 'code': 'too_many_requests'}}
Failed for Josh Groban - To Where You Are: Error code: 429 - {'error': {'message': 'Too Many Requests', 'type': 'too_many_requests', 'param': None, 'code': 'too_many_requests'}}
Failed for Neil Young - After The Garden: Error code: 429 - {'error': {'message': 'Too Many Requests', 'type': 'too_many_requests', 'param': None, 'code': 'too_many_requests'}}
Failed for Townes Van Zandt - Rex'S Blues: Error code: 429 - {'error': {'message': 'Too Many Requests', 'type': 'too_many_requests', 'param': None, 'code': 'too_many_requests'}}
Failed for Earth - Left In The Desert: Error code: 429 - {'error': {'message': 'Too Many Requests', 'type': 'too_many_requests', 'param': None, 'code': 'too_many_requests'}}
Failed for Buckethead - The Bight Of Benin: Error code: 429 - {'error': {'message': 'Too Many Requests', 'type': 'too_many_requests', 'param': None, 'code': 'too_many_requests'}}
Failed for Townes Van Zandt - Snake Mountain Blues: Error code: 429 - {'error': {'message': 'Too Many Requests', 'type': 'too_many_requests', 'param': None, 'code': 'too_many_requests'}}
Failed for Asp - Stile Der Nacht: Error code: 429 - {'error': {'message': 'Too Many Requests', 'type': 'too_many_requests', 'param': None, 'code': 'too_many_requests'}}
Failed for Easyworld - Don'T Expect You To Notice: Error code: 429 - {'error': {'message': 'Too Many Requests', 'type': 'too_many_requests', 'param': None, 'code': 'too_many_requests'}}
Failed for Babes In Toyland - Bruise Violet: Error code: 429 - {'error': {'message': 'Too Many Requests', 'type': 'too_many_requests', 'param': None, 'code': 'too_many_requests'}}
Failed for Prince - Pussy Control: Error code: 429 - {'error': {'message': 'Too Many Requests', 'type': 'too_many_requests', 'param': None, 'code': 'too_many_requests'}}
Failed for Hanzel Und Gretyl - Number 1 In Deutschland: Error code: 429 - {'error': {'message': 'Too Many Requests', 'type': 'too_many_requests', 'param': None, 'code': 'too_many_requests'}}
Failed for Amon Amarth - The Fate Of Norns: Error code: 429 - {'error': {'message': 'Too Many Requests', 'type': 'too_many_requests', 'param': None, 'code': 'too_many_requests'}}
Failed for Prince - Play In The Sunshine: Error code: 429 - {'error': {'message': 'Too Many Requests', 'type': 'too_many_requests', 'param': None, 'code': 'too_many_requests'}}
Failed for Dj Shadow - (Letter From Home): Error code: 429 - {'error': {'message': 'Too Many Requests', 'type': 'too_many_requests', 'param': None, 'code': 'too_many_requests'}}
Failed for Hanson - Save Me: Error code: 429 - {'error': {'message': 'Too Many Requests', 'type': 'too_many_requests', 'param': None, 'code': 'too_many_requests'}}
Failed for Megadriver - Mad Rager (Top Gear): Error code: 429 - {'error': {'message': 'Too Many Requests', 'type': 'too_many_requests', 'param': None, 'code': 'too_many_requests'}}
Failed for Roxy Music - Tara: Error code: 429 - {'error': {'message': 'Too Many Requests', 'type': 'too_many_requests', 'param': None, 'code': 'too_many_requests'}}
Failed for Roxy Music - Take A Chance With Me: Error code: 429 - {'error': {'message': 'Too Many Requests', 'type': 'too_many_requests', 'param': None, 'code': 'too_many_requests'}}
Failed for From First To Last - I Liked You Better Before You Were Naked On The Internet: Error code: 429 - {'error': {'message': 'Too Many Requests', 'type': 'too_many_requests', 'param': None, 'code': 'too_many_requests'}}
Failed for From Ashes Rise - Reaction: Error code: 429 - {'error': {'message': 'Too Many Requests', 'type': 'too_many_requests', 'param': None, 'code': 'too_many_requests'}}
Failed for Hanoi Rocks - Beating Gets Faster: Error code: 429 - {'error': {'message': 'Too Many Requests', 'type': 'too_many_requests', 'param': None, 'code': 'too_many_requests'}}
Failed for Crystal Kay - テレパシー: Error code: 429 - {'error': {'message': 'Too Many Requests', 'type': 'too_many_requests', 'param': None, 'code': 'too_many_requests'}}
Failed for Hanne Hukkelberg - Ease: Error code: 429 - {'error': {'message': 'Too Many Requests', 'type': 'too_many_requests', 'param': None, 'code': 'too_many_requests'}}
Failed for Hanne Hukkelberg - Balloon: Error code: 429 - {'error': {'message': 'Too Many Requests', 'type': 'too_many_requests', 'param': None, 'code': 'too_many_requests'}}
Failed for Hannah Montana - The Best Of Both Worlds: Error code: 429 - {'error': {'message': 'Too Many Requests', 'type': 'too_many_requests', 'param': None, 'code': 'too_many_requests'}}
Failed for The Offspring - Neocon: Error code: 429 - {'error': {'message': 'Too Many Requests', 'type': 'too_many_requests', 'param': None, 'code': 'too_many_requests'}}
Failed for The Offspring - Never Gonna Find Me: Error code: 429 - {'error': {'message': 'Too Many Requests', 'type': 'too_many_requests', 'param': None, 'code': 'too_many_requests'}}
Failed for Stevie Ray Vaughan - Testify: Error code: 429 - {'error': {'message': 'Too Many Requests', 'type': 'too_many_requests', 'param': None, 'code': 'too_many_requests'}}
Failed for Sting - Desert Rose (Feat. Cheb Mami): Error code: 429 - {'error': {'message': 'Too Many Requests', 'type': 'too_many_requests', 'param': None, 'code': 'too_many_requests'}}
Failed for Cloud Cult - The Ghost Inside Our House: Error code: 429 - {'error': {'message': 'Too Many Requests', 'type': 'too_many_requests', 'param': None, 'code': 'too_many_requests'}}
Failed for Tiga - Sunglasses At Night: Error code: 429 - {'error': {'message': 'Too Many Requests', 'type': 'too_many_requests', 'param': None, 'code': 'too_many_requests'}}
Failed for Amon Amarth - Where Death Seems To Dwell: Error code: 429 - {'error': {'message': 'Too Many Requests', 'type': 'too_many_requests', 'param': None, 'code': 'too_many_requests'}}
Failed for Cloud Cult - Pretty Voice: Error code: 429 - {'error': {'message': 'Too Many Requests', 'type': 'too_many_requests', 'param': None, 'code': 'too_many_requests'}}
Failed for Cloud Cult - Everybody Here Is A Cloud: Error code: 429 - {'error': {'message': 'Too Many Requests', 'type': 'too_many_requests', 'param': None, 'code': 'too_many_requests'}}
Failed for Amon Amarth - Where Is Your God?: Error code: 429 - {'error': {'message': 'Too Many Requests', 'type': 'too_many_requests', 'param': None, 'code': 'too_many_requests'}}
Failed for Hans Zimmer - Hoist The Colours: Error code: 429 - {'error': {'message': 'Too Many Requests', 'type': 'too_many_requests', 'param': None, 'code': 'too_many_requests'}}
Failed for Apocalyptica - Wherever I May Roam: Error code: 429 - {'error': {'message': 'Too Many Requests', 'type': 'too_many_requests', 'param': None, 'code': 'too_many_requests'}}
Failed for Sepultura - Dictatorshit: Error code: 429 - {'error': {'message': 'Too Many Requests', 'type': 'too_many_requests', 'param': None, 'code': 'too_many_requests'}}
Failed for Apocalyptica - Path Vol. 2 (Feat. Sandra Nasic): Error code: 429 - {'error': {'message': 'Too Many Requests', 'type': 'too_many_requests', 'param': None, 'code': 'too_many_requests'}}
Failed for Fantômas - Twin Peaks: Fire Walk With Me: Error code: 429 - {'error': {'message': 'Too Many Requests', 'type': 'too_many_requests', 'param': None, 'code': 'too_many_requests'}}
Failed for Neurosis - The Eye Of Every Storm: Error code: 429 - {'error': {'message': 'Too Many Requests', 'type': 'too_many_requests', 'param': None, 'code': 'too_many_requests'}}
Failed for Nelly Furtado - Island Of Wonder: Error code: 429 - {'error': {'message': 'Too Many Requests', 'type': 'too_many_requests', 'param': None, 'code': 'too_many_requests'}}
Failed for Megadeth - Psychotron: Error code: 429 - {'error': {'message': 'Too Many Requests', 'type': 'too_many_requests', 'param': None, 'code': 'too_many_requests'}}
Failed for Neon Neon - Michael Douglas: Error code: 429 - {'error': {'message': 'Too Many Requests', 'type': 'too_many_requests', 'param': None, 'code': 'too_many_requests'}}
Failed for Megadeth - Tears In A Vial: Error code: 429 - {'error': {'message': 'Too Many Requests', 'type': 'too_many_requests', 'param': None, 'code': 'too_many_requests'}}
Failed for Megadeth - Hook In Mouth: Error code: 429 - {'error': {'message': 'Too Many Requests', 'type': 'too_many_requests', 'param': None, 'code': 'too_many_requests'}}
Failed for Megadeth - Paranoid: Error code: 429 - {'error': {'message': 'Too Many Requests', 'type': 'too_many_requests', 'param': None, 'code': 'too_many_requests'}}
Failed for The Brides - Hi!: Error code: 429 - {'error': {'message': 'Too Many Requests', 'type': 'too_many_requests', 'param': None, 'code': 'too_many_requests'}}
Failed for Fantômas - Henry: Portrait Of A Serial Killer: Error code: 429 - {'error': {'message': 'Too Many Requests', 'type': 'too_many_requests', 'param': None, 'code': 'too_many_requests'}}
Failed for Apocalyptica - Toreador: Error code: 429 - {'error': {'message': 'Too Many Requests', 'type': 'too_many_requests', 'param': None, 'code': 'too_many_requests'}}
Failed for Silverstein - Fist Wrapped In Blood: Error code: 429 - {'error': {'message': 'Too Many Requests', 'type': 'too_many_requests', 'param': None, 'code': 'too_many_requests'}}
Failed for Billy Corgan - Sorrows (In Blue): Error code: 429 - {'error': {'message': 'Too Many Requests', 'type': 'too_many_requests', 'param': None, 'code': 'too_many_requests'}}
Failed for Underworld - Little Speaker: Error code: 429 - {'error': {'message': 'Too Many Requests', 'type': 'too_many_requests', 'param': None, 'code': 'too_many_requests'}}
Failed for Hard-Fi - We Need Love: Error code: 429 - {'error': {'message': 'Too Many Requests', 'type': 'too_many_requests', 'param': None, 'code': 'too_many_requests'}}
Failed for The Notorious B.I.G. - Unbelievable: Error code: 429 - {'error': {'message': 'Too Many Requests', 'type': 'too_many_requests', 'param': None, 'code': 'too_many_requests'}}
Failed for Two Gallants - Las Cruces Jail: Error code: 429 - {'error': {'message': 'Too Many Requests', 'type': 'too_many_requests', 'param': None, 'code': 'too_many_requests'}}
Failed for Easyworld - Enjoy The Silence: Error code: 429 - {'error': {'message': 'Too Many Requests', 'type': 'too_many_requests', 'param': None, 'code': 'too_many_requests'}}
Failed for Cloud Cult - Intro: Error code: 429 - {'error': {'message': 'Too Many Requests', 'type': 'too_many_requests', 'param': None, 'code': 'too_many_requests'}}
Failed for Cloud Cult - Journey Of The Featherless: Error code: 429 - {'error': {'message': 'Too Many Requests', 'type': 'too_many_requests', 'param': None, 'code': 'too_many_requests'}}
Failed for Cloud Cult - Brain Gateway: Error code: 429 - {'error': {'message': 'Too Many Requests', 'type': 'too_many_requests', 'param': None, 'code': 'too_many_requests'}}
Failed for Happy Rhodes - 100 Years: Error code: 429 - {'error': {'message': 'Too Many Requests', 'type': 'too_many_requests', 'param': None, 'code': 'too_many_requests'}}
Failed for Happy Mondays - Donovan: Error code: 429 - {'error': {'message': 'Too Many Requests', 'type': 'too_many_requests', 'param': None, 'code': 'too_many_requests'}}
Failed for Billy Bragg & Wilco - Way Over Yonder In The Minor Key: Error code: 429 - {'error': {'message': 'Too Many Requests', 'type': 'too_many_requests', 'param': None, 'code': 'too_many_requests'}}
Failed for Amon Amarth - Free Will Sacrifice: Error code: 429 - {'error': {'message': 'Too Many Requests', 'type': 'too_many_requests', 'param': None, 'code': 'too_many_requests'}}
Failed for Prefab Sprout - When Love Breaks Down: Error code: 429 - {'error': {'message': 'Too Many Requests', 'type': 'too_many_requests', 'param': None, 'code': 'too_many_requests'}}
Failed for Prefab Sprout - The King Of Rock 'N' Roll: Error code: 429 - {'error': {'message': 'Too Many Requests', 'type': 'too_many_requests', 'param': None, 'code': 'too_many_requests'}}
Failed for Prefuse 73 - Detchibe: Error code: 429 - {'error': {'message': 'Too Many Requests', 'type': 'too_many_requests', 'param': None, 'code': 'too_many_requests'}}
Failed for Hawthorne Heights - Light Sleeper: Error code: 429 - {'error': {'message': 'Too Many Requests', 'type': 'too_many_requests', 'param': None, 'code': 'too_many_requests'}}
Failed for Portishead - Sheared Box: Error code: 429 - {'error': {'message': 'Too Many Requests', 'type': 'too_many_requests', 'param': None, 'code': 'too_many_requests'}}
Failed for Belly - Angel: Error code: 429 - {'error': {'message': 'Too Many Requests', 'type': 'too_many_requests', 'param': None, 'code': 'too_many_requests'}}
Failed for The Nightwatchman - Flesh Shapes The Day: Error code: 429 - {'error': {'message': 'Too Many Requests', 'type': 'too_many_requests', 'param': None, 'code': 'too_many_requests'}}
Failed for The 69 Eyes - No Hesitation: Error code: 429 - {'error': {'message': 'Too Many Requests', 'type': 'too_many_requests', 'param': None, 'code': 'too_many_requests'}}
Failed for Medeski Martin And Wood - Where'S Sly?: Error code: 429 - {'error': {'message': 'Too Many Requests', 'type': 'too_many_requests', 'param': None, 'code': 'too_many_requests'}}
Failed for The Sonics - Strychnine: Error code: 429 - {'error': {'message': 'Too Many Requests', 'type': 'too_many_requests', 'param': None, 'code': 'too_many_requests'}}
2000/2988 done
Failed for Mediengruppe Telekommander - Trend: Error code: 429 - {'error': {'message': 'Too Many Requests', 'type': 'too_many_requests', 'param': None, 'code': 'too_many_requests'}}
Failed for Au Revoir Simone - Through The Backyards: Error code: 429 - {'error': {'message': 'Too Many Requests', 'type': 'too_many_requests', 'param': None, 'code': 'too_many_requests'}}
Failed for Stone - No Commands: Error code: 429 - {'error': {'message': 'Too Many Requests', 'type': 'too_many_requests', 'param': None, 'code': 'too_many_requests'}}
Failed for Nevermore - Create The Infinite: Error code: 429 - {'error': {'message': 'Too Many Requests', 'type': 'too_many_requests', 'param': None, 'code': 'too_many_requests'}}
Failed for Built To Spill - Fly Around My Pretty Little Miss: Error code: 429 - {'error': {'message': 'Too Many Requests', 'type': 'too_many_requests', 'param': None, 'code': 'too_many_requests'}}
Failed for Hauschka - Heimat: Error code: 429 - {'error': {'message': 'Too Many Requests', 'type': 'too_many_requests', 'param': None, 'code': 'too_many_requests'}}
Failed for Archive - So Few Words: Error code: 429 - {'error': {'message': 'Too Many Requests', 'type': 'too_many_requests', 'param': None, 'code': 'too_many_requests'}}
Failed for Echo & The Bunnymen - Clay: Error code: 429 - {'error': {'message': 'Too Many Requests', 'type': 'too_many_requests', 'param': None, 'code': 'too_many_requests'}}
Failed for Ween - Push Th' Little Daisies: Error code: 429 - {'error': {'message': 'Too Many Requests', 'type': 'too_many_requests', 'param': None, 'code': 'too_many_requests'}}
Failed for Silvio Rodríguez - Debo Partirme En Dos: Error code: 429 - {'error': {'message': 'Too Many Requests', 'type': 'too_many_requests', 'param': None, 'code': 'too_many_requests'}}
Failed for Hawkwind - Angels Of Death: Error code: 429 - {'error': {'message': 'Too Many Requests', 'type': 'too_many_requests', 'param': None, 'code': 'too_many_requests'}}
Failed for Amerie - Some Like It: Error code: 429 - {'error': {'message': 'Too Many Requests', 'type': 'too_many_requests', 'param': None, 'code': 'too_many_requests'}}
Failed for Jolie Holland - You'Re Not Satisfied: Error code: 429 - {'error': {'message': 'Too Many Requests', 'type': 'too_many_requests', 'param': None, 'code': 'too_many_requests'}}
Failed for Megadeth - Play For Blood: Error code: 429 - {'error': {'message': 'Too Many Requests', 'type': 'too_many_requests', 'param': None, 'code': 'too_many_requests'}}
Failed for Primal Scream - Shoot Speed/Kill Light: Error code: 429 - {'error': {'message': 'Too Many Requests', 'type': 'too_many_requests', 'param': None, 'code': 'too_many_requests'}}
Failed for David Bowie - I Would Be Your Slave: Error code: 429 - {'error': {'message': 'Too Many Requests', 'type': 'too_many_requests', 'param': None, 'code': 'too_many_requests'}}
Failed for Ween - I'Ll Be Your Johnny On The Spot: Error code: 429 - {'error': {'message': 'Too Many Requests', 'type': 'too_many_requests', 'param': None, 'code': 'too_many_requests'}}
Failed for Underworld - Best Mamgu Ever: Error code: 429 - {'error': {'message': 'Too Many Requests', 'type': 'too_many_requests', 'param': None, 'code': 'too_many_requests'}}
Failed for Simon & Garfunkel - Scarborough Fair: Error code: 429 - {'error': {'message': 'Too Many Requests', 'type': 'too_many_requests', 'param': None, 'code': 'too_many_requests'}}
Failed for Echo & The Bunnymen - Nocturnal Me: Error code: 429 - {'error': {'message': 'Too Many Requests', 'type': 'too_many_requests', 'param': None, 'code': 'too_many_requests'}}
Failed for Architecture In Helsinki - Do The Whirlwind (Hot Chip Remix): Error code: 429 - {'error': {'message': 'Too Many Requests', 'type': 'too_many_requests', 'param': None, 'code': 'too_many_requests'}}
Failed for Sondre Lerche - She'S Fantastic: Error code: 429 - {'error': {'message': 'Too Many Requests', 'type': 'too_many_requests', 'param': None, 'code': 'too_many_requests'}}
Failed for The New Brubeck Quartet - Blue Rondo A La Turk: Error code: 429 - {'error': {'message': 'Too Many Requests', 'type': 'too_many_requests', 'param': None, 'code': 'too_many_requests'}}
Failed for Bullet For My Valentine - 10 Years Today: Error code: 429 - {'error': {'message': 'Too Many Requests', 'type': 'too_many_requests', 'param': None, 'code': 'too_many_requests'}}
Failed for New Order - Elegia: Error code: 429 - {'error': {'message': 'Too Many Requests', 'type': 'too_many_requests', 'param': None, 'code': 'too_many_requests'}}
Failed for Johnny Cash - Mary Of The Wild Moor: Error code: 429 - {'error': {'message': 'Too Many Requests', 'type': 'too_many_requests', 'param': None, 'code': 'too_many_requests'}}
Failed for New Order - Ecstasy: Error code: 429 - {'error': {'message': 'Too Many Requests', 'type': 'too_many_requests', 'param': None, 'code': 'too_many_requests'}}
Failed for New Order - Every Little Counts: Error code: 429 - {'error': {'message': 'Too Many Requests', 'type': 'too_many_requests', 'param': None, 'code': 'too_many_requests'}}
Failed for New Order - All The Way: Error code: 429 - {'error': {'message': 'Too Many Requests', 'type': 'too_many_requests', 'param': None, 'code': 'too_many_requests'}}
Failed for New Order - Bizarre Love Triangle (Shep Pettibone Extended Remix): Error code: 429 - {'error': {'message': 'Too Many Requests', 'type': 'too_many_requests', 'param': None, 'code': 'too_many_requests'}}
Failed for Townes Van Zandt - Dollar Bill Blues: Error code: 429 - {'error': {'message': 'Too Many Requests', 'type': 'too_many_requests', 'param': None, 'code': 'too_many_requests'}}
Failed for Son Volt - Underground Dream: Error code: 429 - {'error': {'message': 'Too Many Requests', 'type': 'too_many_requests', 'param': None, 'code': 'too_many_requests'}}
Failed for Ed Harcourt - Ghost Writer: Error code: 429 - {'error': {'message': 'Too Many Requests', 'type': 'too_many_requests', 'param': None, 'code': 'too_many_requests'}}
Failed for Sonata Arctica - Blank File: Error code: 429 - {'error': {'message': 'Too Many Requests', 'type': 'too_many_requests', 'param': None, 'code': 'too_many_requests'}}
Failed for Sonata Arctica - Fade To Black: Error code: 429 - {'error': {'message': 'Too Many Requests', 'type': 'too_many_requests', 'param': None, 'code': 'too_many_requests'}}
Failed for Sonata Arctica - My Selene: Error code: 429 - {'error': {'message': 'Too Many Requests', 'type': 'too_many_requests', 'param': None, 'code': 'too_many_requests'}}
Failed for Bullet For My Valentine - Just Another Star: Error code: 429 - {'error': {'message': 'Too Many Requests', 'type': 'too_many_requests', 'param': None, 'code': 'too_many_requests'}}
Failed for Sonata Arctica - I Want Out: Error code: 429 - {'error': {'message': 'Too Many Requests', 'type': 'too_many_requests', 'param': None, 'code': 'too_many_requests'}}
Failed for Frightened Rabbit - Behave!: Error code: 429 - {'error': {'message': 'Too Many Requests', 'type': 'too_many_requests', 'param': None, 'code': 'too_many_requests'}}
Failed for Les Rythmes Digitales - Jacques Your Body (Make Me Sweat): Error code: 429 - {'error': {'message': 'Too Many Requests', 'type': 'too_many_requests', 'param': None, 'code': 'too_many_requests'}}
Failed for Meat Loaf - Heaven Can Wait: Error code: 429 - {'error': {'message': 'Too Many Requests', 'type': 'too_many_requests', 'param': None, 'code': 'too_many_requests'}}
Failed for Letters To Cleo - Fast Way: Error code: 429 - {'error': {'message': 'Too Many Requests', 'type': 'too_many_requests', 'param': None, 'code': 'too_many_requests'}}
Failed for Meat Loaf - Out Of The Frying Pan (And Into The Fire): Error code: 429 - {'error': {'message': 'Too Many Requests', 'type': 'too_many_requests', 'param': None, 'code': 'too_many_requests'}}
Failed for Deepest Blue - Late September: Error code: 429 - {'error': {'message': 'Too Many Requests', 'type': 'too_many_requests', 'param': None, 'code': 'too_many_requests'}}
Failed for Sondre Lerche - Europa And The Pirate Twins (Bonus Track): Error code: 429 - {'error': {'message': 'Too Many Requests', 'type': 'too_many_requests', 'param': None, 'code': 'too_many_requests'}}
Failed for American Nightmare - Farewell: Error code: 429 - {'error': {'message': 'Too Many Requests', 'type': 'too_many_requests', 'param': None, 'code': 'too_many_requests'}}
Failed for Enya - The Memory Of Trees: Error code: 429 - {'error': {'message': 'Too Many Requests', 'type': 'too_many_requests', 'param': None, 'code': 'too_many_requests'}}
Failed for Epica - Sancta Terra: Error code: 429 - {'error': {'message': 'Too Many Requests', 'type': 'too_many_requests', 'param': None, 'code': 'too_many_requests'}}
Failed for Built To Spill - Kicked It In The Sun: Error code: 429 - {'error': {'message': 'Too Many Requests', 'type': 'too_many_requests', 'param': None, 'code': 'too_many_requests'}}
Failed for Frida Sandén - Nu Eller Aldrig (Karaoke Version): Error code: 429 - {'error': {'message': 'Too Many Requests', 'type': 'too_many_requests', 'param': None, 'code': 'too_many_requests'}}
Failed for Rufus Wainwright - In My Arms: Error code: 429 - {'error': {'message': 'Too Many Requests', 'type': 'too_many_requests', 'param': None, 'code': 'too_many_requests'}}
Failed for The New Pornographers - The Mary Martin Show: Error code: 429 - {'error': {'message': 'Too Many Requests', 'type': 'too_many_requests', 'param': None, 'code': 'too_many_requests'}}
Failed for Rufus Wainwright - Crumb By Crumb: Error code: 429 - {'error': {'message': 'Too Many Requests', 'type': 'too_many_requests', 'param': None, 'code': 'too_many_requests'}}
Failed for Levellers - What A Beautiful Day: Error code: 429 - {'error': {'message': 'Too Many Requests', 'type': 'too_many_requests', 'param': None, 'code': 'too_many_requests'}}
Failed for Nick Cave & The Bad Seeds - Cannibal'S Hymn: Error code: 429 - {'error': {'message': 'Too Many Requests', 'type': 'too_many_requests', 'param': None, 'code': 'too_many_requests'}}
Failed for Torche - Fire: Error code: 429 - {'error': {'message': 'Too Many Requests', 'type': 'too_many_requests', 'param': None, 'code': 'too_many_requests'}}
Failed for The National - Cherry Tree: Error code: 429 - {'error': {'message': 'Too Many Requests', 'type': 'too_many_requests', 'param': None, 'code': 'too_many_requests'}}
Failed for Heaven 17 - Let'S All Make A Bomb: Error code: 429 - {'error': {'message': 'Too Many Requests', 'type': 'too_many_requests', 'param': None, 'code': 'too_many_requests'}}
Failed for Enya - Drifting: Error code: 429 - {'error': {'message': 'Too Many Requests', 'type': 'too_many_requests', 'param': None, 'code': 'too_many_requests'}}
Failed for Torche - Mentor: Error code: 429 - {'error': {'message': 'Too Many Requests', 'type': 'too_many_requests', 'param': None, 'code': 'too_many_requests'}}
Failed for Cursive - The Sunks: Error code: 429 - {'error': {'message': 'Too Many Requests', 'type': 'too_many_requests', 'param': None, 'code': 'too_many_requests'}}
Failed for Entwine - New Dawn: Error code: 429 - {'error': {'message': 'Too Many Requests', 'type': 'too_many_requests', 'param': None, 'code': 'too_many_requests'}}
Failed for Freemasons - Love On My Mind: Error code: 429 - {'error': {'message': 'Too Many Requests', 'type': 'too_many_requests', 'param': None, 'code': 'too_many_requests'}}
Failed for Ruoska - Viiden Tähden Helvetti: Error code: 429 - {'error': {'message': 'Too Many Requests', 'type': 'too_many_requests', 'param': None, 'code': 'too_many_requests'}}
Failed for Ruoska - Taivas Palaa: Error code: 429 - {'error': {'message': 'Too Many Requests', 'type': 'too_many_requests', 'param': None, 'code': 'too_many_requests'}}
Failed for Ruki Na Odeyalo - Son: Error code: 429 - {'error': {'message': 'Too Many Requests', 'type': 'too_many_requests', 'param': None, 'code': 'too_many_requests'}}
Failed for The Brian Jonestown Massacre - Hyperventilation: Error code: 429 - {'error': {'message': 'Too Many Requests', 'type': 'too_many_requests', 'param': None, 'code': 'too_many_requests'}}
Failed for Venetian Snares - Einstein-Rosen Bridge: Error code: 429 - {'error': {'message': 'Too Many Requests', 'type': 'too_many_requests', 'param': None, 'code': 'too_many_requests'}}
Failed for Mclusky - The World Loves Us And Is Our Bitch: Error code: 429 - {'error': {'message': 'Too Many Requests', 'type': 'too_many_requests', 'param': None, 'code': 'too_many_requests'}}
Failed for Headland - Space Invader Dream: Error code: 429 - {'error': {'message': 'Too Many Requests', 'type': 'too_many_requests', 'param': None, 'code': 'too_many_requests'}}
Failed for Head Automatica - Oxy Contin: Error code: 429 - {'error': {'message': 'Too Many Requests', 'type': 'too_many_requests', 'param': None, 'code': 'too_many_requests'}}
Failed for Clipse - Trill: Error code: 429 - {'error': {'message': 'Too Many Requests', 'type': 'too_many_requests', 'param': None, 'code': 'too_many_requests'}}
Failed for Thee More Shallows - 2 Am: Error code: 429 - {'error': {'message': 'Too Many Requests', 'type': 'too_many_requests', 'param': None, 'code': 'too_many_requests'}}
Failed for Young And Sexy - Herculean Bellboy: Error code: 429 - {'error': {'message': 'Too Many Requests', 'type': 'too_many_requests', 'param': None, 'code': 'too_many_requests'}}
Failed for The Soviettes - ¡Paranoia Cha Cha Cha!: Error code: 429 - {'error': {'message': 'Too Many Requests', 'type': 'too_many_requests', 'param': None, 'code': 'too_many_requests'}}
Failed for The Soundtrack Of Our Lives - Bigtime: Error code: 429 - {'error': {'message': 'Too Many Requests', 'type': 'too_many_requests', 'param': None, 'code': 'too_many_requests'}}
Failed for Lianne Hall - Want You Alive: Error code: 429 - {'error': {'message': 'Too Many Requests', 'type': 'too_many_requests', 'param': None, 'code': 'too_many_requests'}}
Failed for Lianne Hall - Running Out: Error code: 429 - {'error': {'message': 'Too Many Requests', 'type': 'too_many_requests', 'param': None, 'code': 'too_many_requests'}}
Failed for After Forever - Strong: Error code: 429 - {'error': {'message': 'Too Many Requests', 'type': 'too_many_requests', 'param': None, 'code': 'too_many_requests'}}
Failed for Billie The Vision & The Dancers - I'M Pablo: Error code: 429 - {'error': {'message': 'Too Many Requests', 'type': 'too_many_requests', 'param': None, 'code': 'too_many_requests'}}
Failed for Tiesto Feat Jes - Everything: Error code: 429 - {'error': {'message': 'Too Many Requests', 'type': 'too_many_requests', 'param': None, 'code': 'too_many_requests'}}
Failed for Belleruche - Northern Girls: Error code: 429 - {'error': {'message': 'Too Many Requests', 'type': 'too_many_requests', 'param': None, 'code': 'too_many_requests'}}
Failed for Port-Royal - Bahnhof Zoo: Error code: 429 - {'error': {'message': 'Too Many Requests', 'type': 'too_many_requests', 'param': None, 'code': 'too_many_requests'}}
Failed for Porn Sword Tobacco - Comme-Il-Faut (6 År): Error code: 429 - {'error': {'message': 'Too Many Requests', 'type': 'too_many_requests', 'param': None, 'code': 'too_many_requests'}}
Failed for Client - Lights Go Out: Error code: 429 - {'error': {'message': 'Too Many Requests', 'type': 'too_many_requests', 'param': None, 'code': 'too_many_requests'}}
Failed for Weird Al Yankovic - Virus Alert: Error code: 429 - {'error': {'message': 'Too Many Requests', 'type': 'too_many_requests', 'param': None, 'code': 'too_many_requests'}}
Failed for Client - Pornography: Error code: 429 - {'error': {'message': 'Too Many Requests', 'type': 'too_many_requests', 'param': None, 'code': 'too_many_requests'}}
Failed for Weiß - Velvet Underworld: Error code: 429 - {'error': {'message': 'Too Many Requests', 'type': 'too_many_requests', 'param': None, 'code': 'too_many_requests'}}
Failed for Poe - Haunted: Error code: 429 - {'error': {'message': 'Too Many Requests', 'type': 'too_many_requests', 'param': None, 'code': 'too_many_requests'}}
Failed for The Duke Spirit - Dark Is Light Enough: Error code: 429 - {'error': {'message': 'Too Many Requests', 'type': 'too_many_requests', 'param': None, 'code': 'too_many_requests'}}
Failed for The Duke Spirit - Souvenir: Error code: 429 - {'error': {'message': 'Too Many Requests', 'type': 'too_many_requests', 'param': None, 'code': 'too_many_requests'}}
Failed for Yo La Tengo - Upside-Down: Error code: 429 - {'error': {'message': 'Too Many Requests', 'type': 'too_many_requests', 'param': None, 'code': 'too_many_requests'}}
Failed for Daniel Powter - Lost On The Stoop: Error code: 429 - {'error': {'message': 'Too Many Requests', 'type': 'too_many_requests', 'param': None, 'code': 'too_many_requests'}}
Failed for The Band - Long Black Veil: Error code: 429 - {'error': {'message': 'Too Many Requests', 'type': 'too_many_requests', 'param': None, 'code': 'too_many_requests'}}
Failed for September - La La La (Never Give It Up): Error code: 429 - {'error': {'message': 'Too Many Requests', 'type': 'too_many_requests', 'param': None, 'code': 'too_many_requests'}}
Failed for September - Candy Love: Error code: 429 - {'error': {'message': 'Too Many Requests', 'type': 'too_many_requests', 'param': None, 'code': 'too_many_requests'}}
Failed for The Band - Rockin' Chair: Error code: 429 - {'error': {'message': 'Too Many Requests', 'type': 'too_many_requests', 'param': None, 'code': 'too_many_requests'}}
2100/2988 done
Failed for Apocalyptica - Betrayal/Forgiveness: Error code: 429 - {'error': {'message': 'Too Many Requests', 'type': 'too_many_requests', 'param': None, 'code': 'too_many_requests'}}
Failed for Ed Harcourt - Those Crimson Tears: Error code: 429 - {'error': {'message': 'Too Many Requests', 'type': 'too_many_requests', 'param': None, 'code': 'too_many_requests'}}
Failed for Liekki - Korppi: Error code: 429 - {'error': {'message': 'Too Many Requests', 'type': 'too_many_requests', 'param': None, 'code': 'too_many_requests'}}
Failed for Liekki - Pienokainen: Error code: 429 - {'error': {'message': 'Too Many Requests', 'type': 'too_many_requests', 'param': None, 'code': 'too_many_requests'}}
Failed for Swallow The Sun - Hope: Error code: 429 - {'error': {'message': 'Too Many Requests', 'type': 'too_many_requests', 'param': None, 'code': 'too_many_requests'}}
Failed for Entwine - Six Feet Down Below: Error code: 429 - {'error': {'message': 'Too Many Requests', 'type': 'too_many_requests', 'param': None, 'code': 'too_many_requests'}}
Failed for The Music - I Need Love: Error code: 429 - {'error': {'message': 'Too Many Requests', 'type': 'too_many_requests', 'param': None, 'code': 'too_many_requests'}}
Failed for Clint Mansell - Fall: Cleaning Apartment: Error code: 429 - {'error': {'message': 'Too Many Requests', 'type': 'too_many_requests', 'param': None, 'code': 'too_many_requests'}}
Failed for Clinic - Memories: Error code: 429 - {'error': {'message': 'Too Many Requests', 'type': 'too_many_requests', 'param': None, 'code': 'too_many_requests'}}
Failed for Poisonblack - The Living Dead: Error code: 429 - {'error': {'message': 'Too Many Requests', 'type': 'too_many_requests', 'param': None, 'code': 'too_many_requests'}}
Failed for The Music - Vision: Error code: 429 - {'error': {'message': 'Too Many Requests', 'type': 'too_many_requests', 'param': None, 'code': 'too_many_requests'}}
Failed for Pony Up - Marlon Brando'S Laundromat: Error code: 429 - {'error': {'message': 'Too Many Requests', 'type': 'too_many_requests', 'param': None, 'code': 'too_many_requests'}}
Failed for Nick Cave & The Bad Seeds - Lay Me Low: Error code: 429 - {'error': {'message': 'Too Many Requests', 'type': 'too_many_requests', 'param': None, 'code': 'too_many_requests'}}
Failed for Asia - Who Will Stop The Rain: Error code: 429 - {'error': {'message': 'Too Many Requests', 'type': 'too_many_requests', 'param': None, 'code': 'too_many_requests'}}
Failed for Talking Heads - Who Is It?: Error code: 429 - {'error': {'message': 'Too Many Requests', 'type': 'too_many_requests', 'param': None, 'code': 'too_many_requests'}}
Failed for Something Corporate - The Runaway: Error code: 429 - {'error': {'message': 'Too Many Requests', 'type': 'too_many_requests', 'param': None, 'code': 'too_many_requests'}}
Failed for Edan - I See Colours: Error code: 429 - {'error': {'message': 'Too Many Requests', 'type': 'too_many_requests', 'param': None, 'code': 'too_many_requests'}}
Failed for Edan - Fumbling Over Words That Rhyme: Error code: 429 - {'error': {'message': 'Too Many Requests', 'type': 'too_many_requests', 'param': None, 'code': 'too_many_requests'}}
Failed for Ed Harcourt - Loneliness: Error code: 429 - {'error': {'message': 'Too Many Requests', 'type': 'too_many_requests', 'param': None, 'code': 'too_many_requests'}}
Failed for John Maus - Pure Rockets: Error code: 429 - {'error': {'message': 'Too Many Requests', 'type': 'too_many_requests', 'param': None, 'code': 'too_many_requests'}}
Failed for Billie Holiday - Body And Soul: Error code: 429 - {'error': {'message': 'Too Many Requests', 'type': 'too_many_requests', 'param': None, 'code': 'too_many_requests'}}
Failed for Ed Harcourt - The Storm Is Coming: Error code: 429 - {'error': {'message': 'Too Many Requests', 'type': 'too_many_requests', 'param': None, 'code': 'too_many_requests'}}
Failed for Bush - Distant Voices: Error code: 429 - {'error': {'message': 'Too Many Requests', 'type': 'too_many_requests', 'param': None, 'code': 'too_many_requests'}}
Failed for Against Me! - Untitled: Error code: 429 - {'error': {'message': 'Too Many Requests', 'type': 'too_many_requests', 'param': None, 'code': 'too_many_requests'}}
Failed for Nickel Creek - Smoothie Song: Error code: 429 - {'error': {'message': 'Too Many Requests', 'type': 'too_many_requests', 'param': None, 'code': 'too_many_requests'}}
Failed for Nickel Creek - Spit On A Stranger: Error code: 429 - {'error': {'message': 'Too Many Requests', 'type': 'too_many_requests', 'param': None, 'code': 'too_many_requests'}}
Failed for Against Me! - Even At Our Worst We'Re Still Better Than Most (The Roller): Error code: 429 - {'error': {'message': 'Too Many Requests', 'type': 'too_many_requests', 'param': None, 'code': 'too_many_requests'}}
Failed for 4 Strings - Sunrise: Error code: 429 - {'error': {'message': 'Too Many Requests', 'type': 'too_many_requests', 'param': None, 'code': 'too_many_requests'}}
Failed for Towers Of London - Kill The Pop Scene: Error code: 429 - {'error': {'message': 'Too Many Requests', 'type': 'too_many_requests', 'param': None, 'code': 'too_many_requests'}}
Failed for Nick Lowe - So It Goes: Error code: 429 - {'error': {'message': 'Too Many Requests', 'type': 'too_many_requests', 'param': None, 'code': 'too_many_requests'}}
Failed for Mazarin - Louise: Error code: 429 - {'error': {'message': 'Too Many Requests', 'type': 'too_many_requests', 'param': None, 'code': 'too_many_requests'}}
Failed for Lifehouse - The Joke: Error code: 429 - {'error': {'message': 'Too Many Requests', 'type': 'too_many_requests', 'param': None, 'code': 'too_many_requests'}}
Failed for Lifehouse - Storm: Error code: 429 - {'error': {'message': 'Too Many Requests', 'type': 'too_many_requests', 'param': None, 'code': 'too_many_requests'}}
Failed for Lifehouse - Make Me Over: Error code: 429 - {'error': {'message': 'Too Many Requests', 'type': 'too_many_requests', 'param': None, 'code': 'too_many_requests'}}
Failed for 大谷幸 - Prologue ~To The Ancient Land~: Error code: 429 - {'error': {'message': 'Too Many Requests', 'type': 'too_many_requests', 'param': None, 'code': 'too_many_requests'}}
Failed for Maxïmo Park - Wasteland: Error code: 429 - {'error': {'message': 'Too Many Requests', 'type': 'too_many_requests', 'param': None, 'code': 'too_many_requests'}}
Failed for Lightning Bolt - 13 Monsters: Error code: 429 - {'error': {'message': 'Too Many Requests', 'type': 'too_many_requests', 'param': None, 'code': 'too_many_requests'}}
Failed for Sentenced - Shadegrown: Error code: 429 - {'error': {'message': 'Too Many Requests', 'type': 'too_many_requests', 'param': None, 'code': 'too_many_requests'}}
Failed for Faster Pussycat - Little Dove: Error code: 429 - {'error': {'message': 'Too Many Requests', 'type': 'too_many_requests', 'param': None, 'code': 'too_many_requests'}}
Failed for Yo La Tengo - Watch Out For Me Ronnie: Error code: 429 - {'error': {'message': 'Too Many Requests', 'type': 'too_many_requests', 'param': None, 'code': 'too_many_requests'}}
Failed for Sentenced - The Rain Comes Falling Down: Error code: 429 - {'error': {'message': 'Too Many Requests', 'type': 'too_many_requests', 'param': None, 'code': 'too_many_requests'}}
Failed for Mc5 - Ramblin' Rose: Error code: 429 - {'error': {'message': 'Too Many Requests', 'type': 'too_many_requests', 'param': None, 'code': 'too_many_requests'}}
Failed for The Breeders - Regalame Esta Noche: Error code: 429 - {'error': {'message': 'Too Many Requests', 'type': 'too_many_requests', 'param': None, 'code': 'too_many_requests'}}
Failed for Mazzy Star - Free: Error code: 429 - {'error': {'message': 'Too Many Requests', 'type': 'too_many_requests', 'param': None, 'code': 'too_many_requests'}}
Failed for The Spinners - I'Ll Be Around: Error code: 429 - {'error': {'message': 'Too Many Requests', 'type': 'too_many_requests', 'param': None, 'code': 'too_many_requests'}}
Failed for Tyler Bates - To Victory: Error code: 429 - {'error': {'message': 'Too Many Requests', 'type': 'too_many_requests', 'param': None, 'code': 'too_many_requests'}}
Failed for Entwine - Closer (My Love): Error code: 429 - {'error': {'message': 'Too Many Requests', 'type': 'too_many_requests', 'param': None, 'code': 'too_many_requests'}}
Failed for Entwine - Break Me: Error code: 429 - {'error': {'message': 'Too Many Requests', 'type': 'too_many_requests', 'param': None, 'code': 'too_many_requests'}}
Failed for Entwine - Chameleon Halo: Error code: 429 - {'error': {'message': 'Too Many Requests', 'type': 'too_many_requests', 'param': None, 'code': 'too_many_requests'}}
Failed for Solange - I Decided (Freemasons Radio Edit): Error code: 429 - {'error': {'message': 'Too Many Requests', 'type': 'too_many_requests', 'param': None, 'code': 'too_many_requests'}}
Failed for Sinéad O'Connor - Black Boys On Mopeds: Error code: 429 - {'error': {'message': 'Too Many Requests', 'type': 'too_many_requests', 'param': None, 'code': 'too_many_requests'}}
Failed for Bill Withers - Grandma'S Hands: Error code: 429 - {'error': {'message': 'Too Many Requests', 'type': 'too_many_requests', 'param': None, 'code': 'too_many_requests'}}
Failed for The Moody Blues - Night In White Satin: Error code: 429 - {'error': {'message': 'Too Many Requests', 'type': 'too_many_requests', 'param': None, 'code': 'too_many_requests'}}
Failed for The Breeders - Istanbul: Error code: 429 - {'error': {'message': 'Too Many Requests', 'type': 'too_many_requests', 'param': None, 'code': 'too_many_requests'}}
Failed for Battlelore - Storm Of The Blades: Error code: 429 - {'error': {'message': 'Too Many Requests', 'type': 'too_many_requests', 'param': None, 'code': 'too_many_requests'}}
Failed for Edit - Ashtray: Error code: 429 - {'error': {'message': 'Too Many Requests', 'type': 'too_many_requests', 'param': None, 'code': 'too_many_requests'}}
Failed for Tyler Bates - Fever Dream: Error code: 429 - {'error': {'message': 'Too Many Requests', 'type': 'too_many_requests', 'param': None, 'code': 'too_many_requests'}}
Failed for Soko - Shitty Day: Error code: 429 - {'error': {'message': 'Too Many Requests', 'type': 'too_many_requests', 'param': None, 'code': 'too_many_requests'}}
Failed for Pleasant Grove - Wide Open: Error code: 429 - {'error': {'message': 'Too Many Requests', 'type': 'too_many_requests', 'param': None, 'code': 'too_many_requests'}}
Failed for Bush - Synapse: Error code: 429 - {'error': {'message': 'Too Many Requests', 'type': 'too_many_requests', 'param': None, 'code': 'too_many_requests'}}
Failed for Badly Drawn Boy - The Time Of Times: Error code: 429 - {'error': {'message': 'Too Many Requests', 'type': 'too_many_requests', 'param': None, 'code': 'too_many_requests'}}
Failed for Pleasant Grove - Reset The Code: Error code: 429 - {'error': {'message': 'Too Many Requests', 'type': 'too_many_requests', 'param': None, 'code': 'too_many_requests'}}
Failed for 宇多田ヒカル - Dareka No Negai Ga Kanau Koro: Error code: 429 - {'error': {'message': 'Too Many Requests', 'type': 'too_many_requests', 'param': None, 'code': 'too_many_requests'}}
Failed for Lightspeed Champion - I Could Have Done This Myself: Error code: 429 - {'error': {'message': 'Too Many Requests', 'type': 'too_many_requests', 'param': None, 'code': 'too_many_requests'}}
Failed for Rush - Malignant Narcissism: Error code: 429 - {'error': {'message': 'Too Many Requests', 'type': 'too_many_requests', 'param': None, 'code': 'too_many_requests'}}
Failed for Rush - Hand Over Fist: Error code: 429 - {'error': {'message': 'Too Many Requests', 'type': 'too_many_requests', 'param': None, 'code': 'too_many_requests'}}
Failed for Rush - Between Sun & Moon: Error code: 429 - {'error': {'message': 'Too Many Requests', 'type': 'too_many_requests', 'param': None, 'code': 'too_many_requests'}}
Failed for The Mountain Goats - How To Embrace A Swamp Creature: Error code: 429 - {'error': {'message': 'Too Many Requests', 'type': 'too_many_requests', 'param': None, 'code': 'too_many_requests'}}
Failed for The Breeders - Doe: Error code: 429 - {'error': {'message': 'Too Many Requests', 'type': 'too_many_requests', 'param': None, 'code': 'too_many_requests'}}
Failed for Hella - Republic Of Rough And Ready: Error code: 429 - {'error': {'message': 'Too Many Requests', 'type': 'too_many_requests', 'param': None, 'code': 'too_many_requests'}}
Failed for Helloween - Dr. Stein: Error code: 429 - {'error': {'message': 'Too Many Requests', 'type': 'too_many_requests', 'param': None, 'code': 'too_many_requests'}}
Failed for Bush - Inflatable: Error code: 429 - {'error': {'message': 'Too Many Requests', 'type': 'too_many_requests', 'param': None, 'code': 'too_many_requests'}}
Failed for The Duskfall - Source: Error code: 429 - {'error': {'message': 'Too Many Requests', 'type': 'too_many_requests', 'param': None, 'code': 'too_many_requests'}}
Failed for The Duke Spirit - Sovereign: Error code: 429 - {'error': {'message': 'Too Many Requests', 'type': 'too_many_requests', 'param': None, 'code': 'too_many_requests'}}
Failed for John Mayer - Come Back To Bed: Error code: 429 - {'error': {'message': 'Too Many Requests', 'type': 'too_many_requests', 'param': None, 'code': 'too_many_requests'}}
Failed for Against Me! - Untitled 2: Error code: 429 - {'error': {'message': 'Too Many Requests', 'type': 'too_many_requests', 'param': None, 'code': 'too_many_requests'}}
Failed for Velvet Revolver - For A Brother: Error code: 429 - {'error': {'message': 'Too Many Requests', 'type': 'too_many_requests', 'param': None, 'code': 'too_many_requests'}}
Failed for Françoise Hardy - Ça A Raté: Error code: 429 - {'error': {'message': 'Too Many Requests', 'type': 'too_many_requests', 'param': None, 'code': 'too_many_requests'}}
Failed for Bülent Ortaçgil - Bu İş Çok Zor Yonca: Error code: 429 - {'error': {'message': 'Too Many Requests', 'type': 'too_many_requests', 'param': None, 'code': 'too_many_requests'}}
Failed for Ryan Adams - Avalanche: Error code: 429 - {'error': {'message': 'Too Many Requests', 'type': 'too_many_requests', 'param': None, 'code': 'too_many_requests'}}
Failed for The Moldy Peaches - Greyhound Bus: Error code: 429 - {'error': {'message': 'Too Many Requests', 'type': 'too_many_requests', 'param': None, 'code': 'too_many_requests'}}
Failed for Françoise Hardy - Ton Meilleur Ami: Error code: 429 - {'error': {'message': 'Too Many Requests', 'type': 'too_many_requests', 'param': None, 'code': 'too_many_requests'}}
Failed for The Moldy Peaches - The Ballad Of Helen Keller & Rip Van Winkle: Error code: 429 - {'error': {'message': 'Too Many Requests', 'type': 'too_many_requests', 'param': None, 'code': 'too_many_requests'}}
Failed for Nicole Atkins - Together We'Re Both Alone: Error code: 429 - {'error': {'message': 'Too Many Requests', 'type': 'too_many_requests', 'param': None, 'code': 'too_many_requests'}}
Failed for Strapping Young Lad - Aaa: Error code: 429 - {'error': {'message': 'Too Many Requests', 'type': 'too_many_requests', 'param': None, 'code': 'too_many_requests'}}
Failed for Bob Dylan - Outlaw Blues: Error code: 429 - {'error': {'message': 'Too Many Requests', 'type': 'too_many_requests', 'param': None, 'code': 'too_many_requests'}}
Failed for Strapping Young Lad - Landscape: Error code: 429 - {'error': {'message': 'Too Many Requests', 'type': 'too_many_requests', 'param': None, 'code': 'too_many_requests'}}
Failed for Cut Off Your Hands - Still Fond: Error code: 429 - {'error': {'message': 'Too Many Requests', 'type': 'too_many_requests', 'param': None, 'code': 'too_many_requests'}}
Failed for The Bravery - Bad Sun: Error code: 429 - {'error': {'message': 'Too Many Requests', 'type': 'too_many_requests', 'param': None, 'code': 'too_many_requests'}}
Failed for Cute Is What We Aim For - Curse Of The Curves: Error code: 429 - {'error': {'message': 'Too Many Requests', 'type': 'too_many_requests', 'param': None, 'code': 'too_many_requests'}}
Failed for Ryan Adams - Shakedown On 9Th Street: Error code: 429 - {'error': {'message': 'Too Many Requests', 'type': 'too_many_requests', 'param': None, 'code': 'too_many_requests'}}
Failed for Franz Ferdinand - What You Waiting For?: Error code: 429 - {'error': {'message': 'Too Many Requests', 'type': 'too_many_requests', 'param': None, 'code': 'too_many_requests'}}
Failed for Something Corporate - I Kissed A Drunk Girl: Error code: 429 - {'error': {'message': 'Too Many Requests', 'type': 'too_many_requests', 'param': None, 'code': 'too_many_requests'}}
2200/2988 done
Failed for Deep Forest - Hunting: Error code: 429 - {'error': {'message': 'Too Many Requests', 'type': 'too_many_requests', 'param': None, 'code': 'too_many_requests'}}
Failed for Deep Dish - Swallow Me: Error code: 429 - {'error': {'message': 'Too Many Requests', 'type': 'too_many_requests', 'param': None, 'code': 'too_many_requests'}}
Failed for Editors - Dust In The Sunlight: Error code: 429 - {'error': {'message': 'Too Many Requests', 'type': 'too_many_requests', 'param': None, 'code': 'too_many_requests'}}
Failed for Avril Lavigne - Contagious: Error code: 429 - {'error': {'message': 'Too Many Requests', 'type': 'too_many_requests', 'param': None, 'code': 'too_many_requests'}}
Failed for Devo - Come Back Jonee: Error code: 429 - {'error': {'message': 'Too Many Requests', 'type': 'too_many_requests', 'param': None, 'code': 'too_many_requests'}}
Failed for Butthole Surfers - Sweat Loaf: Error code: 429 - {'error': {'message': 'Too Many Requests', 'type': 'too_many_requests', 'param': None, 'code': 'too_many_requests'}}
Failed for Therapy? - Unbeliever: Error code: 429 - {'error': {'message': 'Too Many Requests', 'type': 'too_many_requests', 'param': None, 'code': 'too_many_requests'}}
Failed for Buzzcocks - Why Can'T I Touch It: Error code: 429 - {'error': {'message': 'Too Many Requests', 'type': 'too_many_requests', 'param': None, 'code': 'too_many_requests'}}
Failed for Buzzcocks - You Tear Me Up: Error code: 429 - {'error': {'message': 'Too Many Requests', 'type': 'too_many_requests', 'param': None, 'code': 'too_many_requests'}}
Failed for Buzzcocks - Sixteen: Error code: 429 - {'error': {'message': 'Too Many Requests', 'type': 'too_many_requests', 'param': None, 'code': 'too_many_requests'}}
Failed for John Lennon - Give Me Some Truth: Error code: 429 - {'error': {'message': 'Too Many Requests', 'type': 'too_many_requests', 'param': None, 'code': 'too_many_requests'}}
Failed for Yo La Tengo - Superstar-Watcher: Error code: 429 - {'error': {'message': 'Too Many Requests', 'type': 'too_many_requests', 'param': None, 'code': 'too_many_requests'}}
Failed for John Lennon - Remember: Error code: 429 - {'error': {'message': 'Too Many Requests', 'type': 'too_many_requests', 'param': None, 'code': 'too_many_requests'}}
Failed for Amanda Palmer - Guitar Hero: Error code: 429 - {'error': {'message': 'Too Many Requests', 'type': 'too_many_requests', 'param': None, 'code': 'too_many_requests'}}
Failed for Wham! - Careless Whisper: Error code: 429 - {'error': {'message': 'Too Many Requests', 'type': 'too_many_requests', 'param': None, 'code': 'too_many_requests'}}
Failed for What Made Milwaukee Famous - Cheap Wine: Error code: 429 - {'error': {'message': 'Too Many Requests', 'type': 'too_many_requests', 'param': None, 'code': 'too_many_requests'}}
Failed for Wham! - Wake Me Up Before You Go Go: Error code: 429 - {'error': {'message': 'Too Many Requests', 'type': 'too_many_requests', 'param': None, 'code': 'too_many_requests'}}
Failed for The End - My Abyss: Error code: 429 - {'error': {'message': 'Too Many Requests', 'type': 'too_many_requests', 'param': None, 'code': 'too_many_requests'}}
Failed for The End - Throwing Stones: Error code: 429 - {'error': {'message': 'Too Many Requests', 'type': 'too_many_requests', 'param': None, 'code': 'too_many_requests'}}
Failed for The End - The Never Ever Aftermath: Error code: 429 - {'error': {'message': 'Too Many Requests', 'type': 'too_many_requests', 'param': None, 'code': 'too_many_requests'}}
Failed for Clann Zú - Words For Snow: Error code: 429 - {'error': {'message': 'Too Many Requests', 'type': 'too_many_requests', 'param': None, 'code': 'too_many_requests'}}
Failed for Ryan Adams - I See Monsters: Error code: 429 - {'error': {'message': 'Too Many Requests', 'type': 'too_many_requests', 'param': None, 'code': 'too_many_requests'}}
Failed for Bob Dylan - Make You Feel My Love: Error code: 429 - {'error': {'message': 'Too Many Requests', 'type': 'too_many_requests', 'param': None, 'code': 'too_many_requests'}}
Failed for The Be Good Tanyas - The Junkie Song: Error code: 429 - {'error': {'message': 'Too Many Requests', 'type': 'too_many_requests', 'param': None, 'code': 'too_many_requests'}}
Failed for The Mary Onettes - Pleasure Songs: Error code: 429 - {'error': {'message': 'Too Many Requests', 'type': 'too_many_requests', 'param': None, 'code': 'too_many_requests'}}
Failed for Cachorro Grande - Dia Perfeito: Error code: 429 - {'error': {'message': 'Too Many Requests', 'type': 'too_many_requests', 'param': None, 'code': 'too_many_requests'}}
Failed for Café Del Mar - Feel Good: Error code: 429 - {'error': {'message': 'Too Many Requests', 'type': 'too_many_requests', 'param': None, 'code': 'too_many_requests'}}
Failed for Nicolle Chirino - Perfectly Perfect: Error code: 429 - {'error': {'message': 'Too Many Requests', 'type': 'too_many_requests', 'param': None, 'code': 'too_many_requests'}}
Failed for Nicole Scherzinger - Whatever U Like: Error code: 429 - {'error': {'message': 'Too Many Requests', 'type': 'too_many_requests', 'param': None, 'code': 'too_many_requests'}}
Failed for Ryan Adams - Dear Chicago: Error code: 429 - {'error': {'message': 'Too Many Requests', 'type': 'too_many_requests', 'param': None, 'code': 'too_many_requests'}}
Failed for Ryan Adams - Anybody Wanna Take Me Home: Error code: 429 - {'error': {'message': 'Too Many Requests', 'type': 'too_many_requests', 'param': None, 'code': 'too_many_requests'}}
Failed for Freak Kitchen - Raw: Error code: 429 - {'error': {'message': 'Too Many Requests', 'type': 'too_many_requests', 'param': None, 'code': 'too_many_requests'}}
Failed for 36 Crazyfists - At The End Of August: Error code: 429 - {'error': {'message': 'Too Many Requests', 'type': 'too_many_requests', 'param': None, 'code': 'too_many_requests'}}
Failed for The 69 Eyes - Hot Butterfly: Error code: 429 - {'error': {'message': 'Too Many Requests', 'type': 'too_many_requests', 'param': None, 'code': 'too_many_requests'}}
Failed for Helloween - Invitation: Error code: 429 - {'error': {'message': 'Too Many Requests', 'type': 'too_many_requests', 'param': None, 'code': 'too_many_requests'}}
Failed for Helloween - We Burn: Error code: 429 - {'error': {'message': 'Too Many Requests', 'type': 'too_many_requests', 'param': None, 'code': 'too_many_requests'}}
Failed for Nicole Atkins - War Torn: Error code: 429 - {'error': {'message': 'Too Many Requests', 'type': 'too_many_requests', 'param': None, 'code': 'too_many_requests'}}
Failed for The Early November - Take Time And Find: Error code: 429 - {'error': {'message': 'Too Many Requests', 'type': 'too_many_requests', 'param': None, 'code': 'too_many_requests'}}
Failed for Ben Folds - Not The Same (Northampton Ma 6/7/02 Calvin Theatre): Error code: 429 - {'error': {'message': 'Too Many Requests', 'type': 'too_many_requests', 'param': None, 'code': 'too_many_requests'}}
Failed for The Early November - Decoration: Error code: 429 - {'error': {'message': 'Too Many Requests', 'type': 'too_many_requests', 'param': None, 'code': 'too_many_requests'}}
Failed for Herbie Hancock - Maiden Voyage: Error code: 429 - {'error': {'message': 'Too Many Requests', 'type': 'too_many_requests', 'param': None, 'code': 'too_many_requests'}}
Failed for Cake - Jesus Wrote A Blank Check: Error code: 429 - {'error': {'message': 'Too Many Requests', 'type': 'too_many_requests', 'param': None, 'code': 'too_many_requests'}}
Failed for Tatjana - Santa Maria (Wah-Hey Mix): Error code: 429 - {'error': {'message': 'Too Many Requests', 'type': 'too_many_requests', 'param': None, 'code': 'too_many_requests'}}
Failed for Taylor Swift - Love Story (Digital Dog Edit): Error code: 429 - {'error': {'message': 'Too Many Requests', 'type': 'too_many_requests', 'param': None, 'code': 'too_many_requests'}}
Failed for Soil - Something Real: Error code: 429 - {'error': {'message': 'Too Many Requests', 'type': 'too_many_requests', 'param': None, 'code': 'too_many_requests'}}
Failed for Death In Vegas - Killing Smile: Error code: 429 - {'error': {'message': 'Too Many Requests', 'type': 'too_many_requests', 'param': None, 'code': 'too_many_requests'}}
Failed for Siouxsie And The Banshees - Stargazer: Error code: 429 - {'error': {'message': 'Too Many Requests', 'type': 'too_many_requests', 'param': None, 'code': 'too_many_requests'}}
Failed for Siouxsie And The Banshees - The Staircase (Mystery): Error code: 429 - {'error': {'message': 'Too Many Requests', 'type': 'too_many_requests', 'param': None, 'code': 'too_many_requests'}}
Failed for Soil - Suffering: Error code: 429 - {'error': {'message': 'Too Many Requests', 'type': 'too_many_requests', 'param': None, 'code': 'too_many_requests'}}
Failed for Devotchka - Venus In Furs: Error code: 429 - {'error': {'message': 'Too Many Requests', 'type': 'too_many_requests', 'param': None, 'code': 'too_many_requests'}}
Failed for Dixie Chicks - Baby Hold On: Error code: 429 - {'error': {'message': 'Too Many Requests', 'type': 'too_many_requests', 'param': None, 'code': 'too_many_requests'}}
Failed for Devotchka - Dearly Departed: Error code: 429 - {'error': {'message': 'Too Many Requests', 'type': 'too_many_requests', 'param': None, 'code': 'too_many_requests'}}
Failed for Bob Dylan - Black Crow Blues: Error code: 429 - {'error': {'message': 'Too Many Requests', 'type': 'too_many_requests', 'param': None, 'code': 'too_many_requests'}}
Failed for Matt Costa - Wash Away: Error code: 429 - {'error': {'message': 'Too Many Requests', 'type': 'too_many_requests', 'param': None, 'code': 'too_many_requests'}}
Failed for Mates Of State - These Days: Error code: 429 - {'error': {'message': 'Too Many Requests', 'type': 'too_many_requests', 'param': None, 'code': 'too_many_requests'}}
Failed for Nightwish - A Return To The Sea: Error code: 429 - {'error': {'message': 'Too Many Requests', 'type': 'too_many_requests', 'param': None, 'code': 'too_many_requests'}}
Failed for Matt & Kim - Dash After Dash: Error code: 429 - {'error': {'message': 'Too Many Requests', 'type': 'too_many_requests', 'param': None, 'code': 'too_many_requests'}}
Failed for Matt & Kim - It'S A Fact (Printed Stained): Error code: 429 - {'error': {'message': 'Too Many Requests', 'type': 'too_many_requests', 'param': None, 'code': 'too_many_requests'}}
Failed for Deep Dish - Awake Enough: Error code: 429 - {'error': {'message': 'Too Many Requests', 'type': 'too_many_requests', 'param': None, 'code': 'too_many_requests'}}
Failed for Tarja Turunen - Boy And The Ghost: Error code: 429 - {'error': {'message': 'Too Many Requests', 'type': 'too_many_requests', 'param': None, 'code': 'too_many_requests'}}
Failed for Tarja Turunen - Die Alive: Error code: 429 - {'error': {'message': 'Too Many Requests', 'type': 'too_many_requests', 'param': None, 'code': 'too_many_requests'}}
Failed for Aghora - Satya: Error code: 429 - {'error': {'message': 'Too Many Requests', 'type': 'too_many_requests', 'param': None, 'code': 'too_many_requests'}}
Failed for Nightmare Of You - Marry Me: Error code: 429 - {'error': {'message': 'Too Many Requests', 'type': 'too_many_requests', 'param': None, 'code': 'too_many_requests'}}
Failed for Amadou & Mariam - La Paix: Error code: 429 - {'error': {'message': 'Too Many Requests', 'type': 'too_many_requests', 'param': None, 'code': 'too_many_requests'}}
Failed for Lily Chou-Chou - Arabesque: Error code: 429 - {'error': {'message': 'Too Many Requests', 'type': 'too_many_requests', 'param': None, 'code': 'too_many_requests'}}
Failed for John Foxx - Metal Beat: Error code: 429 - {'error': {'message': 'Too Many Requests', 'type': 'too_many_requests', 'param': None, 'code': 'too_many_requests'}}
Failed for Clann Zú - Hope This Day: Error code: 429 - {'error': {'message': 'Too Many Requests', 'type': 'too_many_requests', 'param': None, 'code': 'too_many_requests'}}
Failed for Placebo - Every You Every Me (Live): Error code: 429 - {'error': {'message': 'Too Many Requests', 'type': 'too_many_requests', 'param': None, 'code': 'too_many_requests'}}
Failed for John Frusciante - Interior Two: Error code: 429 - {'error': {'message': 'Too Many Requests', 'type': 'too_many_requests', 'param': None, 'code': 'too_many_requests'}}
Failed for Nightmares On Wax - Fire In The Middle: Error code: 429 - {'error': {'message': 'Too Many Requests', 'type': 'too_many_requests', 'param': None, 'code': 'too_many_requests'}}
Failed for John Frusciante - Falling: Error code: 429 - {'error': {'message': 'Too Many Requests', 'type': 'too_many_requests', 'param': None, 'code': 'too_many_requests'}}
Failed for Nightmares On Wax - Soul Purpose: Error code: 429 - {'error': {'message': 'Too Many Requests', 'type': 'too_many_requests', 'param': None, 'code': 'too_many_requests'}}
Failed for Nightmares On Wax - Soul-Ho: Error code: 429 - {'error': {'message': 'Too Many Requests', 'type': 'too_many_requests', 'param': None, 'code': 'too_many_requests'}}
Failed for Nile - Dusk Falls Upon The Temple Of The Serpent On The Mount Of Sunrise: Error code: 429 - {'error': {'message': 'Too Many Requests', 'type': 'too_many_requests', 'param': None, 'code': 'too_many_requests'}}
Failed for The Mamas & The Papas - Go Where You Wanna Go: Error code: 429 - {'error': {'message': 'Too Many Requests', 'type': 'too_many_requests', 'param': None, 'code': 'too_many_requests'}}
Failed for Nile - Unas Slayer Of The Gods: Error code: 429 - {'error': {'message': 'Too Many Requests', 'type': 'too_many_requests', 'param': None, 'code': 'too_many_requests'}}
Failed for Calexico - Pepita: Error code: 429 - {'error': {'message': 'Too Many Requests', 'type': 'too_many_requests', 'param': None, 'code': 'too_many_requests'}}
Failed for Calexico - Attack El Robot! Attack!: Error code: 429 - {'error': {'message': 'Too Many Requests', 'type': 'too_many_requests', 'param': None, 'code': 'too_many_requests'}}
Failed for Agonoize - Eternal Darkness: Error code: 429 - {'error': {'message': 'Too Many Requests', 'type': 'too_many_requests', 'param': None, 'code': 'too_many_requests'}}
Failed for Agonoize - Die For Blood: Error code: 429 - {'error': {'message': 'Too Many Requests', 'type': 'too_many_requests', 'param': None, 'code': 'too_many_requests'}}
Failed for Nightwish - She Is My Sin (Live): Error code: 429 - {'error': {'message': 'Too Many Requests', 'type': 'too_many_requests', 'param': None, 'code': 'too_many_requests'}}
Failed for Ryan Adams - The Shadowlands: Error code: 429 - {'error': {'message': 'Too Many Requests', 'type': 'too_many_requests', 'param': None, 'code': 'too_many_requests'}}
Failed for Ryan Adams & The Cardinals - Sweet Illusions: Error code: 429 - {'error': {'message': 'Too Many Requests', 'type': 'too_many_requests', 'param': None, 'code': 'too_many_requests'}}
Failed for Annihilator - W.T.Y.D.: Error code: 429 - {'error': {'message': 'Too Many Requests', 'type': 'too_many_requests', 'param': None, 'code': 'too_many_requests'}}
Failed for Frank Zappa - Watermelon In Easter Hay: Error code: 429 - {'error': {'message': 'Too Many Requests', 'type': 'too_many_requests', 'param': None, 'code': 'too_many_requests'}}
Failed for Mates Of State - Separate The People: Error code: 429 - {'error': {'message': 'Too Many Requests', 'type': 'too_many_requests', 'param': None, 'code': 'too_many_requests'}}
Failed for Sussie 4 - El Rey Del Biutiful: Error code: 429 - {'error': {'message': 'Too Many Requests', 'type': 'too_many_requests', 'param': None, 'code': 'too_many_requests'}}
Failed for Sussie 4 - Solo Voy: Error code: 429 - {'error': {'message': 'Too Many Requests', 'type': 'too_many_requests', 'param': None, 'code': 'too_many_requests'}}
Failed for City And Colour - In The Water I Am Beautiful: Error code: 429 - {'error': {'message': 'Too Many Requests', 'type': 'too_many_requests', 'param': None, 'code': 'too_many_requests'}}
Failed for Whigfield - Saturday Night: Error code: 429 - {'error': {'message': 'Too Many Requests', 'type': 'too_many_requests', 'param': None, 'code': 'too_many_requests'}}
Failed for Hey - Z Rejestru Strasznych Snów: Error code: 429 - {'error': {'message': 'Too Many Requests', 'type': 'too_many_requests', 'param': None, 'code': 'too_many_requests'}}
Failed for John Coltrane - Syeeda'S Song Flute: Error code: 429 - {'error': {'message': 'Too Many Requests', 'type': 'too_many_requests', 'param': None, 'code': 'too_many_requests'}}
Failed for City And Colour - Waiting...: Error code: 429 - {'error': {'message': 'Too Many Requests', 'type': 'too_many_requests', 'param': None, 'code': 'too_many_requests'}}
Failed for Limp Bizkit - The Truth: Error code: 429 - {'error': {'message': 'Too Many Requests', 'type': 'too_many_requests', 'param': None, 'code': 'too_many_requests'}}
Failed for The Verve - All In The Mind: Error code: 429 - {'error': {'message': 'Too Many Requests', 'type': 'too_many_requests', 'param': None, 'code': 'too_many_requests'}}
Failed for Blackmore'S Night - Written In The Stars: Error code: 429 - {'error': {'message': 'Too Many Requests', 'type': 'too_many_requests', 'param': None, 'code': 'too_many_requests'}}
Failed for The Mars Volta - Cygnus... Vismund Cygnus: Error code: 429 - {'error': {'message': 'Too Many Requests', 'type': 'too_many_requests', 'param': None, 'code': 'too_many_requests'}}
2300/2988 done
Failed for The Mars Volta - Cassandra Gemini: Error code: 429 - {'error': {'message': 'Too Many Requests', 'type': 'too_many_requests', 'param': None, 'code': 'too_many_requests'}}
Failed for Cake - World Of Two: Error code: 429 - {'error': {'message': 'Too Many Requests', 'type': 'too_many_requests', 'param': None, 'code': 'too_many_requests'}}
Failed for Cake - Walk On By: Error code: 429 - {'error': {'message': 'Too Many Requests', 'type': 'too_many_requests', 'param': None, 'code': 'too_many_requests'}}
Failed for Cake - Guitar: Error code: 429 - {'error': {'message': 'Too Many Requests', 'type': 'too_many_requests', 'param': None, 'code': 'too_many_requests'}}
Failed for Nightwish - Higher Than Hope: Error code: 429 - {'error': {'message': 'Too Many Requests', 'type': 'too_many_requests', 'param': None, 'code': 'too_many_requests'}}
Failed for John Cameron Mitchell - Wig In A Box: Error code: 429 - {'error': {'message': 'Too Many Requests', 'type': 'too_many_requests', 'param': None, 'code': 'too_many_requests'}}
Failed for Cky - Sporadic Movement: Error code: 429 - {'error': {'message': 'Too Many Requests', 'type': 'too_many_requests', 'param': None, 'code': 'too_many_requests'}}
Failed for Nine Black Alps - Headlights: Error code: 429 - {'error': {'message': 'Too Many Requests', 'type': 'too_many_requests', 'param': None, 'code': 'too_many_requests'}}
Failed for Nine Black Alps - Just Friends: Error code: 429 - {'error': {'message': 'Too Many Requests', 'type': 'too_many_requests', 'param': None, 'code': 'too_many_requests'}}
Failed for Nina Simone - The Other Woman: Error code: 429 - {'error': {'message': 'Too Many Requests', 'type': 'too_many_requests', 'param': None, 'code': 'too_many_requests'}}
Failed for Badly Drawn Boy - Epitaph: Error code: 429 - {'error': {'message': 'Too Many Requests', 'type': 'too_many_requests', 'param': None, 'code': 'too_many_requests'}}
Failed for The 69 Eyes - All-American Dream: Error code: 429 - {'error': {'message': 'Too Many Requests', 'type': 'too_many_requests', 'param': None, 'code': 'too_many_requests'}}
Failed for Enigma - Hello And Welcome: Error code: 429 - {'error': {'message': 'Too Many Requests', 'type': 'too_many_requests', 'param': None, 'code': 'too_many_requests'}}
Failed for Enigma - Silence Must Be Heard: Error code: 429 - {'error': {'message': 'Too Many Requests', 'type': 'too_many_requests', 'param': None, 'code': 'too_many_requests'}}
Failed for Enigma - Sitting On The Moon: Error code: 429 - {'error': {'message': 'Too Many Requests', 'type': 'too_many_requests', 'param': None, 'code': 'too_many_requests'}}
Failed for S.H.E - 天灰: Error code: 429 - {'error': {'message': 'Too Many Requests', 'type': 'too_many_requests', 'param': None, 'code': 'too_many_requests'}}
Failed for The Books - None But Shining Hours: Error code: 429 - {'error': {'message': 'Too Many Requests', 'type': 'too_many_requests', 'param': None, 'code': 'too_many_requests'}}
Failed for Cynic - Uroboric Forms: Error code: 429 - {'error': {'message': 'Too Many Requests', 'type': 'too_many_requests', 'param': None, 'code': 'too_many_requests'}}
Failed for Saalschutz - Mein Pop Dein Pop: Error code: 429 - {'error': {'message': 'Too Many Requests', 'type': 'too_many_requests', 'param': None, 'code': 'too_many_requests'}}
Failed for Linkin Park - Frgt10: Error code: 429 - {'error': {'message': 'Too Many Requests', 'type': 'too_many_requests', 'param': None, 'code': 'too_many_requests'}}
Failed for Matchbox Twenty - 3Am: Error code: 429 - {'error': {'message': 'Too Many Requests', 'type': 'too_many_requests', 'param': None, 'code': 'too_many_requests'}}
Failed for Matchbox Twenty - Disease (Acoustic): Error code: 429 - {'error': {'message': 'Too Many Requests', 'type': 'too_many_requests', 'param': None, 'code': 'too_many_requests'}}
Failed for Pixies - Weird At My School: Error code: 429 - {'error': {'message': 'Too Many Requests', 'type': 'too_many_requests', 'param': None, 'code': 'too_many_requests'}}
Failed for Strike Anywhere - Laughter In A Police State: Error code: 429 - {'error': {'message': 'Too Many Requests', 'type': 'too_many_requests', 'param': None, 'code': 'too_many_requests'}}
Failed for The Exploding Hearts - I'M A Pretender: Error code: 429 - {'error': {'message': 'Too Many Requests', 'type': 'too_many_requests', 'param': None, 'code': 'too_many_requests'}}
Failed for White Willow - The Book Of Love: Error code: 429 - {'error': {'message': 'Too Many Requests', 'type': 'too_many_requests', 'param': None, 'code': 'too_many_requests'}}
Failed for The Exploding Hearts - Thorns In Roses: Error code: 429 - {'error': {'message': 'Too Many Requests', 'type': 'too_many_requests', 'param': None, 'code': 'too_many_requests'}}
Failed for Uverworld - Gekidou (Tv Size): Error code: 429 - {'error': {'message': 'Too Many Requests', 'type': 'too_many_requests', 'param': None, 'code': 'too_many_requests'}}
Failed for Basshunter - Strand Tylösand: Error code: 429 - {'error': {'message': 'Too Many Requests', 'type': 'too_many_requests', 'param': None, 'code': 'too_many_requests'}}
Failed for Vector Lovers - Girl + Robot: Error code: 429 - {'error': {'message': 'Too Many Requests', 'type': 'too_many_requests', 'param': None, 'code': 'too_many_requests'}}
Failed for Type O Negative - Machine Screw: Error code: 429 - {'error': {'message': 'Too Many Requests', 'type': 'too_many_requests', 'param': None, 'code': 'too_many_requests'}}
Failed for Efterklang - Monopolist: Error code: 429 - {'error': {'message': 'Too Many Requests', 'type': 'too_many_requests', 'param': None, 'code': 'too_many_requests'}}
Failed for Death Cab For Cutie - Underwater!: Error code: 429 - {'error': {'message': 'Too Many Requests', 'type': 'too_many_requests', 'param': None, 'code': 'too_many_requests'}}
Failed for Sohodolls - Trash The Rental (Crystal Castles Remix): Error code: 429 - {'error': {'message': 'Too Many Requests', 'type': 'too_many_requests', 'param': None, 'code': 'too_many_requests'}}
Failed for Eiffel 65 - Move Your Body: Error code: 429 - {'error': {'message': 'Too Many Requests', 'type': 'too_many_requests', 'param': None, 'code': 'too_many_requests'}}
Failed for Type O Negative - Pyretta Blaze: Error code: 429 - {'error': {'message': 'Too Many Requests', 'type': 'too_many_requests', 'param': None, 'code': 'too_many_requests'}}
Failed for The Magnetic Fields - Mr. Mistletoe: Error code: 429 - {'error': {'message': 'Too Many Requests', 'type': 'too_many_requests', 'param': None, 'code': 'too_many_requests'}}
Failed for Einstürzende Neubauten - Letztes Biest (Am Himmel): Error code: 429 - {'error': {'message': 'Too Many Requests', 'type': 'too_many_requests', 'param': None, 'code': 'too_many_requests'}}
Failed for Calla - Fear Of Fireflies: Error code: 429 - {'error': {'message': 'Too Many Requests', 'type': 'too_many_requests', 'param': None, 'code': 'too_many_requests'}}
Failed for Einstürzende Neubauten - Ich Hatte Ein Wort: Error code: 429 - {'error': {'message': 'Too Many Requests', 'type': 'too_many_requests', 'param': None, 'code': 'too_many_requests'}}
Failed for High School Musical Cast - Work This Out: Error code: 429 - {'error': {'message': 'Too Many Requests', 'type': 'too_many_requests', 'param': None, 'code': 'too_many_requests'}}
Failed for Camel - Sanctuary: Error code: 429 - {'error': {'message': 'Too Many Requests', 'type': 'too_many_requests', 'param': None, 'code': 'too_many_requests'}}
Failed for Circa Survive - Mandala: Error code: 429 - {'error': {'message': 'Too Many Requests', 'type': 'too_many_requests', 'param': None, 'code': 'too_many_requests'}}
Failed for Camel - Never Let Go: Error code: 429 - {'error': {'message': 'Too Many Requests', 'type': 'too_many_requests', 'param': None, 'code': 'too_many_requests'}}
Failed for Circa Survive - We'Re All Thieves: Error code: 429 - {'error': {'message': 'Too Many Requests', 'type': 'too_many_requests', 'param': None, 'code': 'too_many_requests'}}
Failed for High Tension Wires - Clear Is Coast: Error code: 429 - {'error': {'message': 'Too Many Requests', 'type': 'too_many_requests', 'param': None, 'code': 'too_many_requests'}}
Failed for Frank Sinatra - Moon River: Error code: 429 - {'error': {'message': 'Too Many Requests', 'type': 'too_many_requests', 'param': None, 'code': 'too_many_requests'}}
Failed for Vaya Con Dios - What'S A Woman: Error code: 429 - {'error': {'message': 'Too Many Requests', 'type': 'too_many_requests', 'param': None, 'code': 'too_many_requests'}}
Failed for Basshunter - Hallå Där: Error code: 429 - {'error': {'message': 'Too Many Requests', 'type': 'too_many_requests', 'param': None, 'code': 'too_many_requests'}}
Failed for The Beatles - Bad Boy: Error code: 429 - {'error': {'message': 'Too Many Requests', 'type': 'too_many_requests', 'param': None, 'code': 'too_many_requests'}}
Failed for Aphex Twin - [Weathered Stone]: Error code: 429 - {'error': {'message': 'Too Many Requests', 'type': 'too_many_requests', 'param': None, 'code': 'too_many_requests'}}
Failed for Faust - Just A Second (Starts Like That!) / Picnic On A Frozen River / Deuxieme Tableux: Error code: 429 - {'error': {'message': 'Too Many Requests', 'type': 'too_many_requests', 'param': None, 'code': 'too_many_requests'}}
Failed for Seether - Gasoline: Error code: 429 - {'error': {'message': 'Too Many Requests', 'type': 'too_many_requests', 'param': None, 'code': 'too_many_requests'}}
Failed for Fatboy Slim - Mad Flava: Error code: 429 - {'error': {'message': 'Too Many Requests', 'type': 'too_many_requests', 'param': None, 'code': 'too_many_requests'}}
Failed for Joe Satriani - Up In The Sky: Error code: 429 - {'error': {'message': 'Too Many Requests', 'type': 'too_many_requests', 'param': None, 'code': 'too_many_requests'}}
Failed for Joe Satriani - Starry Night: Error code: 429 - {'error': {'message': 'Too Many Requests', 'type': 'too_many_requests', 'param': None, 'code': 'too_many_requests'}}
Failed for Calloways - Kalamazoo: Error code: 429 - {'error': {'message': 'Too Many Requests', 'type': 'too_many_requests', 'param': None, 'code': 'too_many_requests'}}
Failed for The Stills - Yesterday Never Tomorrows: Error code: 429 - {'error': {'message': 'Too Many Requests', 'type': 'too_many_requests', 'param': None, 'code': 'too_many_requests'}}
Failed for Matanza - Bom É Quando Faz Mal: Error code: 429 - {'error': {'message': 'Too Many Requests', 'type': 'too_many_requests', 'param': None, 'code': 'too_many_requests'}}
Failed for Linkin Park - Pts.Of.Athrty (Jay Gordon): Error code: 429 - {'error': {'message': 'Too Many Requests', 'type': 'too_many_requests', 'param': None, 'code': 'too_many_requests'}}
Failed for Mat Kearney - Undeniable: Error code: 429 - {'error': {'message': 'Too Many Requests', 'type': 'too_many_requests', 'param': None, 'code': 'too_many_requests'}}
Failed for 3 Doors Down - Sarah Yellin': Error code: 429 - {'error': {'message': 'Too Many Requests', 'type': 'too_many_requests', 'param': None, 'code': 'too_many_requests'}}
Failed for The Fall - Totally Wired: Error code: 429 - {'error': {'message': 'Too Many Requests', 'type': 'too_many_requests', 'param': None, 'code': 'too_many_requests'}}
Failed for Chłopcy Z Placu Broni - Kocham Cię: Error code: 429 - {'error': {'message': 'Too Many Requests', 'type': 'too_many_requests', 'param': None, 'code': 'too_many_requests'}}
Failed for Yellowcard - Three Flights Up: Error code: 429 - {'error': {'message': 'Too Many Requests', 'type': 'too_many_requests', 'param': None, 'code': 'too_many_requests'}}
Failed for Yellowcard - Gifts And Curses: Error code: 429 - {'error': {'message': 'Too Many Requests', 'type': 'too_many_requests', 'param': None, 'code': 'too_many_requests'}}
Failed for Joe Gibbs - African Dub Chapter Three: Error code: 429 - {'error': {'message': 'Too Many Requests', 'type': 'too_many_requests', 'param': None, 'code': 'too_many_requests'}}
Failed for Little Dragon - Forever: Error code: 429 - {'error': {'message': 'Too Many Requests', 'type': 'too_many_requests', 'param': None, 'code': 'too_many_requests'}}
Failed for Joe Satriani - Cryin': Error code: 429 - {'error': {'message': 'Too Many Requests', 'type': 'too_many_requests', 'param': None, 'code': 'too_many_requests'}}
Failed for Nine Inch Nails - Closer (Precursor): Error code: 429 - {'error': {'message': 'Too Many Requests', 'type': 'too_many_requests', 'param': None, 'code': 'too_many_requests'}}
Failed for Little Dragon - Turn Left: Error code: 429 - {'error': {'message': 'Too Many Requests', 'type': 'too_many_requests', 'param': None, 'code': 'too_many_requests'}}
Failed for The Magic Numbers - All I See: Error code: 429 - {'error': {'message': 'Too Many Requests', 'type': 'too_many_requests', 'param': None, 'code': 'too_many_requests'}}
Failed for Little Birdy - Come On Come On: Error code: 429 - {'error': {'message': 'Too Many Requests', 'type': 'too_many_requests', 'param': None, 'code': 'too_many_requests'}}
Failed for Massacre - La Octava Maravilla: Error code: 429 - {'error': {'message': 'Too Many Requests', 'type': 'too_many_requests', 'param': None, 'code': 'too_many_requests'}}
Failed for Dispatch - Past The Falls: Error code: 429 - {'error': {'message': 'Too Many Requests', 'type': 'too_many_requests', 'param': None, 'code': 'too_many_requests'}}
Failed for Stéphane Pompougnac - Better Days (Feat. Varano & Tiger Lily): Error code: 429 - {'error': {'message': 'Too Many Requests', 'type': 'too_many_requests', 'param': None, 'code': 'too_many_requests'}}
Failed for Babyshambles - Gang Of Gin: Error code: 429 - {'error': {'message': 'Too Many Requests', 'type': 'too_many_requests', 'param': None, 'code': 'too_many_requests'}}
Failed for Social Distortion - Highway 101: Error code: 429 - {'error': {'message': 'Too Many Requests', 'type': 'too_many_requests', 'param': None, 'code': 'too_many_requests'}}
Failed for Lionel Richie - All Night Long: Error code: 429 - {'error': {'message': 'Too Many Requests', 'type': 'too_many_requests', 'param': None, 'code': 'too_many_requests'}}
Failed for Masta Ace - Good Ol' Love: Error code: 429 - {'error': {'message': 'Too Many Requests', 'type': 'too_many_requests', 'param': None, 'code': 'too_many_requests'}}
Failed for Seeed - Music Monks: Error code: 429 - {'error': {'message': 'Too Many Requests', 'type': 'too_many_requests', 'param': None, 'code': 'too_many_requests'}}
Failed for Masta Killa - D.T.D: Error code: 429 - {'error': {'message': 'Too Many Requests', 'type': 'too_many_requests', 'param': None, 'code': 'too_many_requests'}}
Failed for Massive Attack - I Want You: Error code: 429 - {'error': {'message': 'Too Many Requests', 'type': 'too_many_requests', 'param': None, 'code': 'too_many_requests'}}
Failed for Lisa Lisa & Cult Jam - Can You Feel The Beat (Feat. Full Force): Error code: 429 - {'error': {'message': 'Too Many Requests', 'type': 'too_many_requests', 'param': None, 'code': 'too_many_requests'}}
Failed for The Velvet Underground - Temptation Inside Your Heart: Error code: 429 - {'error': {'message': 'Too Many Requests', 'type': 'too_many_requests', 'param': None, 'code': 'too_many_requests'}}
Failed for Alter Bridge - In Loving Memory: Error code: 429 - {'error': {'message': 'Too Many Requests', 'type': 'too_many_requests', 'param': None, 'code': 'too_many_requests'}}
Failed for Pink Floyd - Up The Khyber: Error code: 429 - {'error': {'message': 'Too Many Requests', 'type': 'too_many_requests', 'param': None, 'code': 'too_many_requests'}}
Failed for Hinda Hicks - You Think You Own Me: Error code: 429 - {'error': {'message': 'Too Many Requests', 'type': 'too_many_requests', 'param': None, 'code': 'too_many_requests'}}
Failed for Whitesnake - Medicine Man: Error code: 429 - {'error': {'message': 'Too Many Requests', 'type': 'too_many_requests', 'param': None, 'code': 'too_many_requests'}}
Failed for Him - You Are The One: Error code: 429 - {'error': {'message': 'Too Many Requests', 'type': 'too_many_requests', 'param': None, 'code': 'too_many_requests'}}
Failed for Chuck Berry - Too Much Monkey Business: Error code: 429 - {'error': {'message': 'Too Many Requests', 'type': 'too_many_requests', 'param': None, 'code': 'too_many_requests'}}
Failed for Hird - Buddy Rich: Error code: 429 - {'error': {'message': 'Too Many Requests', 'type': 'too_many_requests', 'param': None, 'code': 'too_many_requests'}}
Failed for Seeed - Jackpot Girl: Error code: 429 - {'error': {'message': 'Too Many Requests', 'type': 'too_many_requests', 'param': None, 'code': 'too_many_requests'}}
Failed for High Tension Wires - Gillette Napoleon: Error code: 429 - {'error': {'message': 'Too Many Requests', 'type': 'too_many_requests', 'param': None, 'code': 'too_many_requests'}}
Failed for Pink Martini - Song Of The Black Swan: Error code: 429 - {'error': {'message': 'Too Many Requests', 'type': 'too_many_requests', 'param': None, 'code': 'too_many_requests'}}
Failed for The Fall - Prole Art Threat: Error code: 429 - {'error': {'message': 'Too Many Requests', 'type': 'too_many_requests', 'param': None, 'code': 'too_many_requests'}}
Failed for Yello - Oh Yeah 'Oh Six (Booka Shade Remix): Error code: 429 - {'error': {'message': 'Too Many Requests', 'type': 'too_many_requests', 'param': None, 'code': 'too_many_requests'}}
Failed for Cibo Matto - Birthday Cake: Error code: 429 - {'error': {'message': 'Too Many Requests', 'type': 'too_many_requests', 'param': None, 'code': 'too_many_requests'}}
2400/2988 done
Failed for Whitesnake - Don'T Turn Away: Error code: 429 - {'error': {'message': 'Too Many Requests', 'type': 'too_many_requests', 'param': None, 'code': 'too_many_requests'}}
Failed for Pink Mountaintops - New Drug Queens: Error code: 429 - {'error': {'message': 'Too Many Requests', 'type': 'too_many_requests', 'param': None, 'code': 'too_many_requests'}}
Failed for Aimee Mann - Today'S The Day: Error code: 429 - {'error': {'message': 'Too Many Requests', 'type': 'too_many_requests', 'param': None, 'code': 'too_many_requests'}}
Failed for Yeah Yeah Yeahs - Skeletons (Acoustic): Error code: 429 - {'error': {'message': 'Too Many Requests', 'type': 'too_many_requests', 'param': None, 'code': 'too_many_requests'}}
Failed for Hird - Fading Blues: Error code: 429 - {'error': {'message': 'Too Many Requests', 'type': 'too_many_requests', 'param': None, 'code': 'too_many_requests'}}
Failed for Pink Floyd - Master Of Ceremonies: Error code: 429 - {'error': {'message': 'Too Many Requests', 'type': 'too_many_requests', 'param': None, 'code': 'too_many_requests'}}
Failed for Engenheiros Do Hawaii - O Exército De Um Homem Só: Error code: 429 - {'error': {'message': 'Too Many Requests', 'type': 'too_many_requests', 'param': None, 'code': 'too_many_requests'}}
Failed for The 5Th Dimension - (Last Night) I Didn'T Get To Sleep At All: Error code: 429 - {'error': {'message': 'Too Many Requests', 'type': 'too_many_requests', 'param': None, 'code': 'too_many_requests'}}
Failed for Skindred - Roots Rock Riot: Error code: 429 - {'error': {'message': 'Too Many Requests', 'type': 'too_many_requests', 'param': None, 'code': 'too_many_requests'}}
Failed for Sage Francis - Lie Detector Test: Error code: 429 - {'error': {'message': 'Too Many Requests', 'type': 'too_many_requests', 'param': None, 'code': 'too_many_requests'}}
Failed for Sage Francis - Smoke And Mirrors: Error code: 429 - {'error': {'message': 'Too Many Requests', 'type': 'too_many_requests', 'param': None, 'code': 'too_many_requests'}}
Failed for Sage Francis - Sun Vs. Moon: Error code: 429 - {'error': {'message': 'Too Many Requests', 'type': 'too_many_requests', 'param': None, 'code': 'too_many_requests'}}
Failed for Sage Francis - Midgets And Giants: Error code: 429 - {'error': {'message': 'Too Many Requests', 'type': 'too_many_requests', 'param': None, 'code': 'too_many_requests'}}
Failed for Saint Etienne - He'S On The Phone (Radio Edit): Error code: 429 - {'error': {'message': 'Too Many Requests', 'type': 'too_many_requests', 'param': None, 'code': 'too_many_requests'}}
Failed for Basshunter - All I Ever Wanted: Error code: 429 - {'error': {'message': 'Too Many Requests', 'type': 'too_many_requests', 'param': None, 'code': 'too_many_requests'}}
Failed for Live - Overcome: Error code: 429 - {'error': {'message': 'Too Many Requests', 'type': 'too_many_requests', 'param': None, 'code': 'too_many_requests'}}
Failed for Frank Sinatra - Luck Be A Lady: Error code: 429 - {'error': {'message': 'Too Many Requests', 'type': 'too_many_requests', 'param': None, 'code': 'too_many_requests'}}
Failed for Nits - A Touch Of Henry Moore: Error code: 429 - {'error': {'message': 'Too Many Requests', 'type': 'too_many_requests', 'param': None, 'code': 'too_many_requests'}}
Failed for Aimee Mann - Satellite: Error code: 429 - {'error': {'message': 'Too Many Requests', 'type': 'too_many_requests', 'param': None, 'code': 'too_many_requests'}}
Failed for Nirvana - Stain: Error code: 429 - {'error': {'message': 'Too Many Requests', 'type': 'too_many_requests', 'param': None, 'code': 'too_many_requests'}}
Failed for Camera Obscura - My Maudlin Career: Error code: 429 - {'error': {'message': 'Too Many Requests', 'type': 'too_many_requests', 'param': None, 'code': 'too_many_requests'}}
Failed for The Lucksmiths - Camera-Shy: Error code: 429 - {'error': {'message': 'Too Many Requests', 'type': 'too_many_requests', 'param': None, 'code': 'too_many_requests'}}
Failed for Diablo - The Art Of Self-Destruction: Error code: 429 - {'error': {'message': 'Too Many Requests', 'type': 'too_many_requests', 'param': None, 'code': 'too_many_requests'}}
Failed for Diablo - Light Of The End: Error code: 429 - {'error': {'message': 'Too Many Requests', 'type': 'too_many_requests', 'param': None, 'code': 'too_many_requests'}}
Failed for Disturbed - Haunted: Error code: 429 - {'error': {'message': 'Too Many Requests', 'type': 'too_many_requests', 'param': None, 'code': 'too_many_requests'}}
Failed for Social Distortion - Dear Lover: Error code: 429 - {'error': {'message': 'Too Many Requests', 'type': 'too_many_requests', 'param': None, 'code': 'too_many_requests'}}
Failed for Social Distortion - I Was Wrong: Error code: 429 - {'error': {'message': 'Too Many Requests', 'type': 'too_many_requests', 'param': None, 'code': 'too_many_requests'}}
Failed for Social Distortion - Prison Bound: Error code: 429 - {'error': {'message': 'Too Many Requests', 'type': 'too_many_requests', 'param': None, 'code': 'too_many_requests'}}
Failed for Soda Stereo - Angel Eléctrico: Error code: 429 - {'error': {'message': 'Too Many Requests', 'type': 'too_many_requests', 'param': None, 'code': 'too_many_requests'}}
Failed for Snowden - Like Bullets: Error code: 429 - {'error': {'message': 'Too Many Requests', 'type': 'too_many_requests', 'param': None, 'code': 'too_many_requests'}}
Failed for Snow Patrol Feat. Martha Wainwright - Set The Fire To The Third Bar: Error code: 429 - {'error': {'message': 'Too Many Requests', 'type': 'too_many_requests', 'param': None, 'code': 'too_many_requests'}}
Failed for Camera Obscura - The Sweetest Thing: Error code: 429 - {'error': {'message': 'Too Many Requests', 'type': 'too_many_requests', 'param': None, 'code': 'too_many_requests'}}
Failed for Seeed - Waterpumpee: Error code: 429 - {'error': {'message': 'Too Many Requests', 'type': 'too_many_requests', 'param': None, 'code': 'too_many_requests'}}
Failed for Camera Obscura - You Told A Lie: Error code: 429 - {'error': {'message': 'Too Many Requests', 'type': 'too_many_requests', 'param': None, 'code': 'too_many_requests'}}
Failed for Faust - Munic/Yesterday: Error code: 429 - {'error': {'message': 'Too Many Requests', 'type': 'too_many_requests', 'param': None, 'code': 'too_many_requests'}}
Failed for Cannibal Corpse - Entrails Ripped From A Virgin'S Cunt: Error code: 429 - {'error': {'message': 'Too Many Requests', 'type': 'too_many_requests', 'param': None, 'code': 'too_many_requests'}}
Failed for Cannibal Corpse - I Will Kill You: Error code: 429 - {'error': {'message': 'Too Many Requests', 'type': 'too_many_requests', 'param': None, 'code': 'too_many_requests'}}
Failed for El Ten Eleven - Central Nervous Piston: Error code: 429 - {'error': {'message': 'Too Many Requests', 'type': 'too_many_requests', 'param': None, 'code': 'too_many_requests'}}
Failed for Elbow - Can'T Stop: Error code: 429 - {'error': {'message': 'Too Many Requests', 'type': 'too_many_requests', 'param': None, 'code': 'too_many_requests'}}
Failed for Snowden - Black Eyes (Le Castle Vania Remix): Error code: 429 - {'error': {'message': 'Too Many Requests', 'type': 'too_many_requests', 'param': None, 'code': 'too_many_requests'}}
Failed for Boards Of Canada - Finity: Error code: 429 - {'error': {'message': 'Too Many Requests', 'type': 'too_many_requests', 'param': None, 'code': 'too_many_requests'}}
Failed for Maserati - Ambassador Of Cinema: Error code: 429 - {'error': {'message': 'Too Many Requests', 'type': 'too_many_requests', 'param': None, 'code': 'too_many_requests'}}
Failed for 植松伸夫 - Encounter: Error code: 429 - {'error': {'message': 'Too Many Requests', 'type': 'too_many_requests', 'param': None, 'code': 'too_many_requests'}}
Failed for Marvin May - I Want You: Error code: 429 - {'error': {'message': 'Too Many Requests', 'type': 'too_many_requests', 'param': None, 'code': 'too_many_requests'}}
Failed for Mary J. Blige - Good Woman Down: Error code: 429 - {'error': {'message': 'Too Many Requests', 'type': 'too_many_requests', 'param': None, 'code': 'too_many_requests'}}
Failed for Blancmange - Blind Vision: Error code: 429 - {'error': {'message': 'Too Many Requests', 'type': 'too_many_requests', 'param': None, 'code': 'too_many_requests'}}
Failed for Noir Désir - Des Visages Des Figures: Error code: 429 - {'error': {'message': 'Too Many Requests', 'type': 'too_many_requests', 'param': None, 'code': 'too_many_requests'}}
Failed for 植松伸夫 - Prelude: Error code: 429 - {'error': {'message': 'Too Many Requests', 'type': 'too_many_requests', 'param': None, 'code': 'too_many_requests'}}
Failed for Nofx - The Cause: Error code: 429 - {'error': {'message': 'Too Many Requests', 'type': 'too_many_requests', 'param': None, 'code': 'too_many_requests'}}
Failed for Jimi Hendrix - Changes: Error code: 429 - {'error': {'message': 'Too Many Requests', 'type': 'too_many_requests', 'param': None, 'code': 'too_many_requests'}}
Failed for No Doubt - World Go 'Round: Error code: 429 - {'error': {'message': 'Too Many Requests', 'type': 'too_many_requests', 'param': None, 'code': 'too_many_requests'}}
Failed for Candlemass - At The Gallows End: Error code: 429 - {'error': {'message': 'Too Many Requests', 'type': 'too_many_requests', 'param': None, 'code': 'too_many_requests'}}
Failed for Yeah Yeah Yeahs - Cheated Hearts (Peaches Remix): Error code: 429 - {'error': {'message': 'Too Many Requests', 'type': 'too_many_requests', 'param': None, 'code': 'too_many_requests'}}
Failed for Jimmy Eat World - Rockstar: Error code: 429 - {'error': {'message': 'Too Many Requests', 'type': 'too_many_requests', 'param': None, 'code': 'too_many_requests'}}
Failed for Little Man Tate - Man I Hate Your Band: Error code: 429 - {'error': {'message': 'Too Many Requests', 'type': 'too_many_requests', 'param': None, 'code': 'too_many_requests'}}
Failed for Engenheiros Do Hawaii - O Papa É Pop: Error code: 429 - {'error': {'message': 'Too Many Requests', 'type': 'too_many_requests', 'param': None, 'code': 'too_many_requests'}}
Failed for Engenheiros Do Hawaii - Armas Químicas E Poemas: Error code: 429 - {'error': {'message': 'Too Many Requests', 'type': 'too_many_requests', 'param': None, 'code': 'too_many_requests'}}
Failed for Air - Kelly Watch The Stars (Edit): Error code: 429 - {'error': {'message': 'Too Many Requests', 'type': 'too_many_requests', 'param': None, 'code': 'too_many_requests'}}
Failed for Télépopmusik - Another Day: Error code: 429 - {'error': {'message': 'Too Many Requests', 'type': 'too_many_requests', 'param': None, 'code': 'too_many_requests'}}
Failed for Pinback - Bbtone: Error code: 429 - {'error': {'message': 'Too Many Requests', 'type': 'too_many_requests', 'param': None, 'code': 'too_many_requests'}}
Failed for Canned Heat - Let'S Work Together: Error code: 429 - {'error': {'message': 'Too Many Requests', 'type': 'too_many_requests', 'param': None, 'code': 'too_many_requests'}}
Failed for Ben Kweller - Red Eye: Error code: 429 - {'error': {'message': 'Too Many Requests', 'type': 'too_many_requests', 'param': None, 'code': 'too_many_requests'}}
Failed for Jill Scott - Hate On Me: Error code: 429 - {'error': {'message': 'Too Many Requests', 'type': 'too_many_requests', 'param': None, 'code': 'too_many_requests'}}
Failed for Jill Scott - Epiphany: Error code: 429 - {'error': {'message': 'Too Many Requests', 'type': 'too_many_requests', 'param': None, 'code': 'too_many_requests'}}
Failed for Superpitcher - Sad Boys: Error code: 429 - {'error': {'message': 'Too Many Requests', 'type': 'too_many_requests', 'param': None, 'code': 'too_many_requests'}}
Failed for Supersuckers - Bubblegum And Beer: Error code: 429 - {'error': {'message': 'Too Many Requests', 'type': 'too_many_requests', 'param': None, 'code': 'too_many_requests'}}
Failed for Jim Sturgess & Joe Anderson - With A Little Help From My Friends: Error code: 429 - {'error': {'message': 'Too Many Requests', 'type': 'too_many_requests', 'param': None, 'code': 'too_many_requests'}}
Failed for Jets To Brazil - Resistance Is Futile: Error code: 429 - {'error': {'message': 'Too Many Requests', 'type': 'too_many_requests', 'param': None, 'code': 'too_many_requests'}}
Failed for Tori Amos - Dark Side Of The Sun: Error code: 429 - {'error': {'message': 'Too Many Requests', 'type': 'too_many_requests', 'param': None, 'code': 'too_many_requests'}}
Failed for David Gray - Real Love: Error code: 429 - {'error': {'message': 'Too Many Requests', 'type': 'too_many_requests', 'param': None, 'code': 'too_many_requests'}}
Failed for Locksley - Don'T Make Me Wait: Error code: 429 - {'error': {'message': 'Too Many Requests', 'type': 'too_many_requests', 'param': None, 'code': 'too_many_requests'}}
Failed for 2Pac - Bury Me A G: Error code: 429 - {'error': {'message': 'Too Many Requests', 'type': 'too_many_requests', 'param': None, 'code': 'too_many_requests'}}
Failed for London After Midnight - Where Good Girls Go To Die: Error code: 429 - {'error': {'message': 'Too Many Requests', 'type': 'too_many_requests', 'param': None, 'code': 'too_many_requests'}}
Failed for London After Midnight - Sally'S Song: Error code: 429 - {'error': {'message': 'Too Many Requests', 'type': 'too_many_requests', 'param': None, 'code': 'too_many_requests'}}
Failed for Mark Farina - Ripshop - Shoplif [Feat. Mr. Lif] [Instrumentals]: Error code: 429 - {'error': {'message': 'Too Many Requests', 'type': 'too_many_requests', 'param': None, 'code': 'too_many_requests'}}
Failed for Supergrass - Wait For The Sun: Error code: 429 - {'error': {'message': 'Too Many Requests', 'type': 'too_many_requests', 'param': None, 'code': 'too_many_requests'}}
Failed for Supergrass - Time: Error code: 429 - {'error': {'message': 'Too Many Requests', 'type': 'too_many_requests', 'param': None, 'code': 'too_many_requests'}}
Failed for The Black Mages - J-E-N-O-V-A: Error code: 429 - {'error': {'message': 'Too Many Requests', 'type': 'too_many_requests', 'param': None, 'code': 'too_many_requests'}}
Failed for 植松伸夫 - Still More Fighting: Error code: 429 - {'error': {'message': 'Too Many Requests', 'type': 'too_many_requests', 'param': None, 'code': 'too_many_requests'}}
Failed for Supermode - Tell Me Why (Radio Edit): Error code: 429 - {'error': {'message': 'Too Many Requests', 'type': 'too_many_requests', 'param': None, 'code': 'too_many_requests'}}
Failed for 2Pac - Hail Mary: Error code: 429 - {'error': {'message': 'Too Many Requests', 'type': 'too_many_requests', 'param': None, 'code': 'too_many_requests'}}
Failed for Martin Solveig - Everybody: Error code: 429 - {'error': {'message': 'Too Many Requests', 'type': 'too_many_requests', 'param': None, 'code': 'too_many_requests'}}
Failed for 椎名林檎 - Kuki: Error code: 429 - {'error': {'message': 'Too Many Requests', 'type': 'too_many_requests', 'param': None, 'code': 'too_many_requests'}}
Failed for Markus Schulz - You Won'T See Me Cry 2005: Error code: 429 - {'error': {'message': 'Too Many Requests', 'type': 'too_many_requests', 'param': None, 'code': 'too_many_requests'}}
Failed for Martin Solveig - Rocking Music: Error code: 429 - {'error': {'message': 'Too Many Requests', 'type': 'too_many_requests', 'param': None, 'code': 'too_many_requests'}}
Failed for The Field - Mobilia: Error code: 429 - {'error': {'message': 'Too Many Requests', 'type': 'too_many_requests', 'param': None, 'code': 'too_many_requests'}}
Failed for The Fiery Furnaces - Bow Wow: Error code: 429 - {'error': {'message': 'Too Many Requests', 'type': 'too_many_requests', 'param': None, 'code': 'too_many_requests'}}
Failed for Why? - Speech Bubbles: Error code: 429 - {'error': {'message': 'Too Many Requests', 'type': 'too_many_requests', 'param': None, 'code': 'too_many_requests'}}
Failed for Piglet - Pangea Reunion: Error code: 429 - {'error': {'message': 'Too Many Requests', 'type': 'too_many_requests', 'param': None, 'code': 'too_many_requests'}}
Failed for Skid Row - Creepshow: Error code: 429 - {'error': {'message': 'Too Many Requests', 'type': 'too_many_requests', 'param': None, 'code': 'too_many_requests'}}
Failed for Christmas In New England - Louis Armstrong: Error code: 429 - {'error': {'message': 'Too Many Requests', 'type': 'too_many_requests', 'param': None, 'code': 'too_many_requests'}}
Failed for Francisca Valenzuela - Muleta: Error code: 429 - {'error': {'message': 'Too Many Requests', 'type': 'too_many_requests', 'param': None, 'code': 'too_many_requests'}}
Failed for Saint Etienne - Who Do You Think You Are: Error code: 429 - {'error': {'message': 'Too Many Requests', 'type': 'too_many_requests', 'param': None, 'code': 'too_many_requests'}}
Failed for Saint Etienne - Soft Like Me: Error code: 429 - {'error': {'message': 'Too Many Requests', 'type': 'too_many_requests', 'param': None, 'code': 'too_many_requests'}}
Failed for Salem Al Fakir - Dream Girl: Error code: 429 - {'error': {'message': 'Too Many Requests', 'type': 'too_many_requests', 'param': None, 'code': 'too_many_requests'}}
Failed for Dissection - Internal Fire: Error code: 429 - {'error': {'message': 'Too Many Requests', 'type': 'too_many_requests', 'param': None, 'code': 'too_many_requests'}}
Failed for Team Sleep - Our Ride To The Rectory: Error code: 429 - {'error': {'message': 'Too Many Requests', 'type': 'too_many_requests', 'param': None, 'code': 'too_many_requests'}}
Failed for Mark Mothersbaugh - Let Me Tell You About My Boat: Error code: 429 - {'error': {'message': 'Too Many Requests', 'type': 'too_many_requests', 'param': None, 'code': 'too_many_requests'}}
2500/2988 done
Failed for Dissection - Night'S Blood: Error code: 429 - {'error': {'message': 'Too Many Requests', 'type': 'too_many_requests', 'param': None, 'code': 'too_many_requests'}}
Failed for As Blood Runs Black - Pouring Reign: Error code: 429 - {'error': {'message': 'Too Many Requests', 'type': 'too_many_requests', 'param': None, 'code': 'too_many_requests'}}
Failed for As Blood Runs Black - The Beautiful Mistake: Error code: 429 - {'error': {'message': 'Too Many Requests', 'type': 'too_many_requests', 'param': None, 'code': 'too_many_requests'}}
Failed for Vasco Rossi - Brava: Error code: 429 - {'error': {'message': 'Too Many Requests', 'type': 'too_many_requests', 'param': None, 'code': 'too_many_requests'}}
Failed for Samantha Mumba - Lately: Error code: 429 - {'error': {'message': 'Too Many Requests', 'type': 'too_many_requests', 'param': None, 'code': 'too_many_requests'}}
Failed for Samamidon - Saro: Error code: 429 - {'error': {'message': 'Too Many Requests', 'type': 'too_many_requests', 'param': None, 'code': 'too_many_requests'}}
Failed for The Black Keys - Hold Me In Your Arms: Error code: 429 - {'error': {'message': 'Too Many Requests', 'type': 'too_many_requests', 'param': None, 'code': 'too_many_requests'}}
Failed for The Black Keys - The Breaks: Error code: 429 - {'error': {'message': 'Too Many Requests', 'type': 'too_many_requests', 'param': None, 'code': 'too_many_requests'}}
Failed for Basia Bulat - Snakes And Ladders: Error code: 429 - {'error': {'message': 'Too Many Requests', 'type': 'too_many_requests', 'param': None, 'code': 'too_many_requests'}}
Failed for Saint Etienne - People Get Real: Error code: 429 - {'error': {'message': 'Too Many Requests', 'type': 'too_many_requests', 'param': None, 'code': 'too_many_requests'}}
Failed for Jesse Mccartney - Because You Live: Error code: 429 - {'error': {'message': 'Too Many Requests', 'type': 'too_many_requests', 'param': None, 'code': 'too_many_requests'}}
Failed for Ajattara - Ägräs: Error code: 429 - {'error': {'message': 'Too Many Requests', 'type': 'too_many_requests', 'param': None, 'code': 'too_many_requests'}}
Failed for Jesu - We All Faulter: Error code: 429 - {'error': {'message': 'Too Many Requests', 'type': 'too_many_requests', 'param': None, 'code': 'too_many_requests'}}
Failed for Jesu - Dead Eyes: Error code: 429 - {'error': {'message': 'Too Many Requests', 'type': 'too_many_requests', 'param': None, 'code': 'too_many_requests'}}
Failed for The Lemonheads - Mrs. Robinson: Error code: 429 - {'error': {'message': 'Too Many Requests', 'type': 'too_many_requests', 'param': None, 'code': 'too_many_requests'}}
Failed for Jill Scott - The Way: Error code: 429 - {'error': {'message': 'Too Many Requests', 'type': 'too_many_requests', 'param': None, 'code': 'too_many_requests'}}
Failed for Subhumans - All Gone Dead: Error code: 429 - {'error': {'message': 'Too Many Requests', 'type': 'too_many_requests', 'param': None, 'code': 'too_many_requests'}}
Failed for David Gray - Be Mine: Error code: 429 - {'error': {'message': 'Too Many Requests', 'type': 'too_many_requests', 'param': None, 'code': 'too_many_requests'}}
Failed for Badly Drawn Boy - A Minor Incident: Error code: 429 - {'error': {'message': 'Too Many Requests', 'type': 'too_many_requests', 'param': None, 'code': 'too_many_requests'}}
Failed for Tori Amos - Concertina: Error code: 429 - {'error': {'message': 'Too Many Requests', 'type': 'too_many_requests', 'param': None, 'code': 'too_many_requests'}}
Failed for Thao - Swimming Pools: Error code: 429 - {'error': {'message': 'Too Many Requests', 'type': 'too_many_requests', 'param': None, 'code': 'too_many_requests'}}
Failed for They Might Be Giants - The World'S Address: Error code: 429 - {'error': {'message': 'Too Many Requests', 'type': 'too_many_requests', 'param': None, 'code': 'too_many_requests'}}
Failed for Cannibal Corpse - Split Wide Open: Error code: 429 - {'error': {'message': 'Too Many Requests', 'type': 'too_many_requests', 'param': None, 'code': 'too_many_requests'}}
Failed for The Lemonheads - Dawn Can'T Decide: Error code: 429 - {'error': {'message': 'Too Many Requests', 'type': 'too_many_requests', 'param': None, 'code': 'too_many_requests'}}
Failed for Philip Glass - Metamorphosis Five: Error code: 429 - {'error': {'message': 'Too Many Requests', 'type': 'too_many_requests', 'param': None, 'code': 'too_many_requests'}}
Failed for Jefferson Airplane - How Do You Feel: Error code: 429 - {'error': {'message': 'Too Many Requests', 'type': 'too_many_requests', 'param': None, 'code': 'too_many_requests'}}
Failed for Tom Baxter - Half A Man: Error code: 429 - {'error': {'message': 'Too Many Requests', 'type': 'too_many_requests', 'param': None, 'code': 'too_many_requests'}}
Failed for Philip Glass - Facades: Error code: 429 - {'error': {'message': 'Too Many Requests', 'type': 'too_many_requests', 'param': None, 'code': 'too_many_requests'}}
Failed for Wilco - That'S Not The Issue: Error code: 429 - {'error': {'message': 'Too Many Requests', 'type': 'too_many_requests', 'param': None, 'code': 'too_many_requests'}}
Failed for Christian Kjellvander - Words In The Wires: Error code: 429 - {'error': {'message': 'Too Many Requests', 'type': 'too_many_requests', 'param': None, 'code': 'too_many_requests'}}
Failed for Tori Amos - Father'S Son: Error code: 429 - {'error': {'message': 'Too Many Requests', 'type': 'too_many_requests', 'param': None, 'code': 'too_many_requests'}}
Failed for Marine Research - Parallel Horizontal: Error code: 429 - {'error': {'message': 'Too Many Requests', 'type': 'too_many_requests', 'param': None, 'code': 'too_many_requests'}}
Failed for Lordi - Shotgun Divorce: Error code: 429 - {'error': {'message': 'Too Many Requests', 'type': 'too_many_requests', 'param': None, 'code': 'too_many_requests'}}
Failed for Fountains Of Wayne - Mexican Wine: Error code: 429 - {'error': {'message': 'Too Many Requests', 'type': 'too_many_requests', 'param': None, 'code': 'too_many_requests'}}
Failed for The Black Heart Procession - The Spell: Error code: 429 - {'error': {'message': 'Too Many Requests', 'type': 'too_many_requests', 'param': None, 'code': 'too_many_requests'}}
Failed for The Streets - Prangin' Out: Error code: 429 - {'error': {'message': 'Too Many Requests', 'type': 'too_many_requests', 'param': None, 'code': 'too_many_requests'}}
Failed for Fountains Of Wayne - All Kinds Of Time: Error code: 429 - {'error': {'message': 'Too Many Requests', 'type': 'too_many_requests', 'param': None, 'code': 'too_many_requests'}}
Failed for Fort Minor - Introduction: Error code: 429 - {'error': {'message': 'Too Many Requests', 'type': 'too_many_requests', 'param': None, 'code': 'too_many_requests'}}
Failed for Basement Jaxx - Tonight (Feat. Phoebe): Error code: 429 - {'error': {'message': 'Too Many Requests', 'type': 'too_many_requests', 'param': None, 'code': 'too_many_requests'}}
Failed for Wilco - Pick Up The Change: Error code: 429 - {'error': {'message': 'Too Many Requests', 'type': 'too_many_requests', 'param': None, 'code': 'too_many_requests'}}
Failed for Wilco - Outta Mind (Outta Sight): Error code: 429 - {'error': {'message': 'Too Many Requests', 'type': 'too_many_requests', 'param': None, 'code': 'too_many_requests'}}
Failed for Horrorpops - Julia: Error code: 429 - {'error': {'message': 'Too Many Requests', 'type': 'too_many_requests', 'param': None, 'code': 'too_many_requests'}}
Failed for Thurston Moore - Free Noise Among Friends: Error code: 429 - {'error': {'message': 'Too Many Requests', 'type': 'too_many_requests', 'param': None, 'code': 'too_many_requests'}}
Failed for The Flaming Lips - It Overtakes Me: Error code: 429 - {'error': {'message': 'Too Many Requests', 'type': 'too_many_requests', 'param': None, 'code': 'too_many_requests'}}
Failed for Big L - M.V.P.: Error code: 429 - {'error': {'message': 'Too Many Requests', 'type': 'too_many_requests', 'param': None, 'code': 'too_many_requests'}}
Failed for Bo Diddley - Bo Diddley: Error code: 429 - {'error': {'message': 'Too Many Requests', 'type': 'too_many_requests', 'param': None, 'code': 'too_many_requests'}}
Failed for The Stranglers - Something Better Change: Error code: 429 - {'error': {'message': 'Too Many Requests', 'type': 'too_many_requests', 'param': None, 'code': 'too_many_requests'}}
Failed for As Blood Runs Black - In Dying Days: Error code: 429 - {'error': {'message': 'Too Many Requests', 'type': 'too_many_requests', 'param': None, 'code': 'too_many_requests'}}
Failed for Hooverphonic - Others Delight: Error code: 429 - {'error': {'message': 'Too Many Requests', 'type': 'too_many_requests', 'param': None, 'code': 'too_many_requests'}}
Failed for Hooverphonic - No More Sweet Music: Error code: 429 - {'error': {'message': 'Too Many Requests', 'type': 'too_many_requests', 'param': None, 'code': 'too_many_requests'}}
Failed for Phyllis Dillon - Leave It In The Hands Of Love: Error code: 429 - {'error': {'message': 'Too Many Requests', 'type': 'too_many_requests', 'param': None, 'code': 'too_many_requests'}}
Failed for The Be Good Tanyas - Waiting Around To Die: Error code: 429 - {'error': {'message': 'Too Many Requests', 'type': 'too_many_requests', 'param': None, 'code': 'too_many_requests'}}
Failed for Christina Aguilera - Enter The Circus: Error code: 429 - {'error': {'message': 'Too Many Requests', 'type': 'too_many_requests', 'param': None, 'code': 'too_many_requests'}}
Failed for Hoobastank - From The Heart: Error code: 429 - {'error': {'message': 'Too Many Requests', 'type': 'too_many_requests', 'param': None, 'code': 'too_many_requests'}}
Failed for Yann Tiersen - Mother Will Die: Error code: 429 - {'error': {'message': 'Too Many Requests', 'type': 'too_many_requests', 'param': None, 'code': 'too_many_requests'}}
Failed for Phoenix - Rome: Error code: 429 - {'error': {'message': 'Too Many Requests', 'type': 'too_many_requests', 'param': None, 'code': 'too_many_requests'}}
Failed for Christian Death - Mysterium Iniquitatis: Error code: 429 - {'error': {'message': 'Too Many Requests', 'type': 'too_many_requests', 'param': None, 'code': 'too_many_requests'}}
Failed for Pharrell Williams - Number One (Feat. Kanye West): Error code: 429 - {'error': {'message': 'Too Many Requests', 'type': 'too_many_requests', 'param': None, 'code': 'too_many_requests'}}
Failed for Beneath The Massacre - Modern Age Slavery: Error code: 429 - {'error': {'message': 'Too Many Requests', 'type': 'too_many_requests', 'param': None, 'code': 'too_many_requests'}}
Failed for The Flaming Lips - The Abandoned Hospital Ship: Error code: 429 - {'error': {'message': 'Too Many Requests', 'type': 'too_many_requests', 'param': None, 'code': 'too_many_requests'}}
Failed for Thursday - M. Shepard: Error code: 429 - {'error': {'message': 'Too Many Requests', 'type': 'too_many_requests', 'param': None, 'code': 'too_many_requests'}}
Failed for The Flaming Lips - Waitin' For A Superman (Mokran Mix): Error code: 429 - {'error': {'message': 'Too Many Requests', 'type': 'too_many_requests', 'param': None, 'code': 'too_many_requests'}}
Failed for Oasis - It'S Gettin' Better (Man!!): Error code: 429 - {'error': {'message': 'Too Many Requests', 'type': 'too_many_requests', 'param': None, 'code': 'too_many_requests'}}
Failed for Howard Shore - The King Of The Golden Hall: Error code: 429 - {'error': {'message': 'Too Many Requests', 'type': 'too_many_requests', 'param': None, 'code': 'too_many_requests'}}
Failed for Feeder - Bitter Glass: Error code: 429 - {'error': {'message': 'Too Many Requests', 'type': 'too_many_requests', 'param': None, 'code': 'too_many_requests'}}
Failed for Sebastian - Dolami: Error code: 429 - {'error': {'message': 'Too Many Requests', 'type': 'too_many_requests', 'param': None, 'code': 'too_many_requests'}}
Failed for Los Campesinos! - It Started With A Mixx: Error code: 429 - {'error': {'message': 'Too Many Requests', 'type': 'too_many_requests', 'param': None, 'code': 'too_many_requests'}}
Failed for Avenged Sevenfold - Chapter Four: Error code: 429 - {'error': {'message': 'Too Many Requests', 'type': 'too_many_requests', 'param': None, 'code': 'too_many_requests'}}
Failed for All Time Low - The Beach: Error code: 429 - {'error': {'message': 'Too Many Requests', 'type': 'too_many_requests', 'param': None, 'code': 'too_many_requests'}}
Failed for The Flaming Lips - Moth In The Incubator: Error code: 429 - {'error': {'message': 'Too Many Requests', 'type': 'too_many_requests', 'param': None, 'code': 'too_many_requests'}}
Failed for Philip Glass - An Unwelcome Friend: Error code: 429 - {'error': {'message': 'Too Many Requests', 'type': 'too_many_requests', 'param': None, 'code': 'too_many_requests'}}
Failed for Philip Bailey & Phil Collins - Easy Lover: Error code: 429 - {'error': {'message': 'Too Many Requests', 'type': 'too_many_requests', 'param': None, 'code': 'too_many_requests'}}
Failed for Marillion - Heart Of Lothian: Error code: 429 - {'error': {'message': 'Too Many Requests', 'type': 'too_many_requests', 'param': None, 'code': 'too_many_requests'}}
Failed for Marillion - Warm Wet Circles: Error code: 429 - {'error': {'message': 'Too Many Requests', 'type': 'too_many_requests', 'param': None, 'code': 'too_many_requests'}}
Failed for Danger Mouse - December 4Th: Error code: 429 - {'error': {'message': 'Too Many Requests', 'type': 'too_many_requests', 'param': None, 'code': 'too_many_requests'}}
Failed for Los Bunkers - Ahora Que No Estás: Error code: 429 - {'error': {'message': 'Too Many Requests', 'type': 'too_many_requests', 'param': None, 'code': 'too_many_requests'}}
Failed for Aphex Twin - Omgyjya-Switch 7: Error code: 429 - {'error': {'message': 'Too Many Requests', 'type': 'too_many_requests', 'param': None, 'code': 'too_many_requests'}}
Failed for Fear Factory - Drones: Error code: 429 - {'error': {'message': 'Too Many Requests', 'type': 'too_many_requests', 'param': None, 'code': 'too_many_requests'}}
Failed for Emperor - Into The Infinity Of Thoughts: Error code: 429 - {'error': {'message': 'Too Many Requests', 'type': 'too_many_requests', 'param': None, 'code': 'too_many_requests'}}
Failed for Fear Factory - Cyberwaste: Error code: 429 - {'error': {'message': 'Too Many Requests', 'type': 'too_many_requests', 'param': None, 'code': 'too_many_requests'}}
Failed for Fear Factory - Body Hammer: Error code: 429 - {'error': {'message': 'Too Many Requests', 'type': 'too_many_requests', 'param': None, 'code': 'too_many_requests'}}
Failed for Skinny Puppy - Dogshit: Error code: 429 - {'error': {'message': 'Too Many Requests', 'type': 'too_many_requests', 'param': None, 'code': 'too_many_requests'}}
Failed for Skinny Puppy - Daddyuwarbash: Error code: 429 - {'error': {'message': 'Too Many Requests', 'type': 'too_many_requests', 'param': None, 'code': 'too_many_requests'}}
Failed for Skinny Puppy - Glass Houses: Error code: 429 - {'error': {'message': 'Too Many Requests', 'type': 'too_many_requests', 'param': None, 'code': 'too_many_requests'}}
Failed for Benassi Bros. - Hit My Heart: Error code: 429 - {'error': {'message': 'Too Many Requests', 'type': 'too_many_requests', 'param': None, 'code': 'too_many_requests'}}
Failed for Jenny Wilson - Summer Time - The Roughest Time: Error code: 429 - {'error': {'message': 'Too Many Requests', 'type': 'too_many_requests', 'param': None, 'code': 'too_many_requests'}}
Failed for Jenny Lewis - Jack Killed Mom: Error code: 429 - {'error': {'message': 'Too Many Requests', 'type': 'too_many_requests', 'param': None, 'code': 'too_many_requests'}}
Failed for Loreena Mckennitt - Tango To Evora: Error code: 429 - {'error': {'message': 'Too Many Requests', 'type': 'too_many_requests', 'param': None, 'code': 'too_many_requests'}}
Failed for D.R.I. - Enemy Within: Error code: 429 - {'error': {'message': 'Too Many Requests', 'type': 'too_many_requests', 'param': None, 'code': 'too_many_requests'}}
Failed for The Black Crowes - There'S Gold In Them Hills: Error code: 429 - {'error': {'message': 'Too Many Requests', 'type': 'too_many_requests', 'param': None, 'code': 'too_many_requests'}}
Failed for 清春 - Slow -Single Version-: Error code: 429 - {'error': {'message': 'Too Many Requests', 'type': 'too_many_requests', 'param': None, 'code': 'too_many_requests'}}
Failed for Jay-Z - My 1St Song: Error code: 429 - {'error': {'message': 'Too Many Requests', 'type': 'too_many_requests', 'param': None, 'code': 'too_many_requests'}}
Failed for Oh No Oh My - Reeks And Seeks: Error code: 429 - {'error': {'message': 'Too Many Requests', 'type': 'too_many_requests', 'param': None, 'code': 'too_many_requests'}}
Failed for Lostprophets - Five Is A Four Letter Word: Error code: 429 - {'error': {'message': 'Too Many Requests', 'type': 'too_many_requests', 'param': None, 'code': 'too_many_requests'}}
Failed for Maria Mena - Nevermind Me: Error code: 429 - {'error': {'message': 'Too Many Requests', 'type': 'too_many_requests', 'param': None, 'code': 'too_many_requests'}}
Failed for Maria Taylor - One For The Shareholder: Error code: 429 - {'error': {'message': 'Too Many Requests', 'type': 'too_many_requests', 'param': None, 'code': 'too_many_requests'}}
Failed for Phantom Planet - In Our Darkest Hour: Error code: 429 - {'error': {'message': 'Too Many Requests', 'type': 'too_many_requests', 'param': None, 'code': 'too_many_requests'}}
Failed for Thursday - A0001: Error code: 429 - {'error': {'message': 'Too Many Requests', 'type': 'too_many_requests', 'param': None, 'code': 'too_many_requests'}}
2600/2988 done
Failed for Hot Snakes - Automatic Midnight: Error code: 429 - {'error': {'message': 'Too Many Requests', 'type': 'too_many_requests', 'param': None, 'code': 'too_many_requests'}}
Failed for Skinny Puppy - State Aid: Error code: 429 - {'error': {'message': 'Too Many Requests', 'type': 'too_many_requests', 'param': None, 'code': 'too_many_requests'}}
Failed for Supergrass - Kiss Of Life: Error code: 429 - {'error': {'message': 'Too Many Requests', 'type': 'too_many_requests', 'param': None, 'code': 'too_many_requests'}}
Failed for Supergrass - Sitting Up Straight: Error code: 429 - {'error': {'message': 'Too Many Requests', 'type': 'too_many_requests', 'param': None, 'code': 'too_many_requests'}}
Failed for Disarmonia Mundi - Quicksand Symmetry: Error code: 429 - {'error': {'message': 'Too Many Requests', 'type': 'too_many_requests', 'param': None, 'code': 'too_many_requests'}}
Failed for Sublime - Under My Voodoo: Error code: 429 - {'error': {'message': 'Too Many Requests', 'type': 'too_many_requests', 'param': None, 'code': 'too_many_requests'}}
Failed for Jedi Mind Tricks - Pariah Demise (Interlude): Error code: 429 - {'error': {'message': 'Too Many Requests', 'type': 'too_many_requests', 'param': None, 'code': 'too_many_requests'}}
Failed for U2 - Heartland: Error code: 429 - {'error': {'message': 'Too Many Requests', 'type': 'too_many_requests', 'param': None, 'code': 'too_many_requests'}}
Failed for Electric Six - Don'T Be Afraid Of The Robot: Error code: 429 - {'error': {'message': 'Too Many Requests', 'type': 'too_many_requests', 'param': None, 'code': 'too_many_requests'}}
Failed for Death - Secret Face: Error code: 429 - {'error': {'message': 'Too Many Requests', 'type': 'too_many_requests', 'param': None, 'code': 'too_many_requests'}}
Failed for Jedi Mind Tricks - Blood In Blood Out: Error code: 429 - {'error': {'message': 'Too Many Requests', 'type': 'too_many_requests', 'param': None, 'code': 'too_many_requests'}}
Failed for Of Montreal - Requiem For O.M.M.: Error code: 429 - {'error': {'message': 'Too Many Requests', 'type': 'too_many_requests', 'param': None, 'code': 'too_many_requests'}}
Failed for Of Montreal - This Feeling (Derek'S Theme): Error code: 429 - {'error': {'message': 'Too Many Requests', 'type': 'too_many_requests', 'param': None, 'code': 'too_many_requests'}}
Failed for The Kovenant - The Sulphur Feast: Error code: 429 - {'error': {'message': 'Too Many Requests', 'type': 'too_many_requests', 'param': None, 'code': 'too_many_requests'}}
Failed for Skinny Puppy - Love: Error code: 429 - {'error': {'message': 'Too Many Requests', 'type': 'too_many_requests', 'param': None, 'code': 'too_many_requests'}}
Failed for Arise From Thorns - Persia: Error code: 429 - {'error': {'message': 'Too Many Requests', 'type': 'too_many_requests', 'param': None, 'code': 'too_many_requests'}}
Failed for The Kovenant - The Birth Of Tragedy: Error code: 429 - {'error': {'message': 'Too Many Requests', 'type': 'too_many_requests', 'param': None, 'code': 'too_many_requests'}}
Failed for Skinny Puppy - Lust Chance: Error code: 429 - {'error': {'message': 'Too Many Requests', 'type': 'too_many_requests', 'param': None, 'code': 'too_many_requests'}}
Failed for Big Cyc - Nie Wierzcie Elektrykom: Error code: 429 - {'error': {'message': 'Too Many Requests', 'type': 'too_many_requests', 'param': None, 'code': 'too_many_requests'}}
Failed for The Black Crowes - No Speak No Slave: Error code: 429 - {'error': {'message': 'Too Many Requests', 'type': 'too_many_requests', 'param': None, 'code': 'too_many_requests'}}
Failed for Oceansize - You Can'T Keep A Bad Man Down: Error code: 429 - {'error': {'message': 'Too Many Requests', 'type': 'too_many_requests', 'param': None, 'code': 'too_many_requests'}}
Failed for Oceansize - Mine Host: Error code: 429 - {'error': {'message': 'Too Many Requests', 'type': 'too_many_requests', 'param': None, 'code': 'too_many_requests'}}
Failed for Lou Reed - Lady Day: Error code: 429 - {'error': {'message': 'Too Many Requests', 'type': 'too_many_requests', 'param': None, 'code': 'too_many_requests'}}
Failed for The Knife - Like A Pen (Radio Edit): Error code: 429 - {'error': {'message': 'Too Many Requests', 'type': 'too_many_requests', 'param': None, 'code': 'too_many_requests'}}
Failed for Thin Lizzy - The Rocker: Error code: 429 - {'error': {'message': 'Too Many Requests', 'type': 'too_many_requests', 'param': None, 'code': 'too_many_requests'}}
Failed for Tears For Fears - Laid So Low (Tears Roll Down): Error code: 429 - {'error': {'message': 'Too Many Requests', 'type': 'too_many_requests', 'param': None, 'code': 'too_many_requests'}}
Failed for Death - Born Dead: Error code: 429 - {'error': {'message': 'Too Many Requests', 'type': 'too_many_requests', 'param': None, 'code': 'too_many_requests'}}
Failed for Death - Destiny: Error code: 429 - {'error': {'message': 'Too Many Requests', 'type': 'too_many_requests', 'param': None, 'code': 'too_many_requests'}}
Failed for The Black Angels - Winter '68: Error code: 429 - {'error': {'message': 'Too Many Requests', 'type': 'too_many_requests', 'param': None, 'code': 'too_many_requests'}}
Failed for The Black Angels - Black Angel Exit / Shine: Error code: 429 - {'error': {'message': 'Too Many Requests', 'type': 'too_many_requests', 'param': None, 'code': 'too_many_requests'}}
Failed for The Black Crowes - Black Moon Creeping: Error code: 429 - {'error': {'message': 'Too Many Requests', 'type': 'too_many_requests', 'param': None, 'code': 'too_many_requests'}}
Failed for The Black Crowes - Bad Luck Blue Eyes Goodbye: Error code: 429 - {'error': {'message': 'Too Many Requests', 'type': 'too_many_requests', 'param': None, 'code': 'too_many_requests'}}
Failed for Death - Forgotten Past: Error code: 429 - {'error': {'message': 'Too Many Requests', 'type': 'too_many_requests', 'param': None, 'code': 'too_many_requests'}}
Failed for Vangelis - Blade Runner Blues: Error code: 429 - {'error': {'message': 'Too Many Requests', 'type': 'too_many_requests', 'param': None, 'code': 'too_many_requests'}}
Failed for The Black Crowes - Evergreen: Error code: 429 - {'error': {'message': 'Too Many Requests', 'type': 'too_many_requests', 'param': None, 'code': 'too_many_requests'}}
Failed for Jay-Z - Lucifer: Error code: 429 - {'error': {'message': 'Too Many Requests', 'type': 'too_many_requests', 'param': None, 'code': 'too_many_requests'}}
Failed for Ohgr - Chaos: Error code: 429 - {'error': {'message': 'Too Many Requests', 'type': 'too_many_requests', 'param': None, 'code': 'too_many_requests'}}
Failed for Akron/Family - Before And Again: Error code: 429 - {'error': {'message': 'Too Many Requests', 'type': 'too_many_requests', 'param': None, 'code': 'too_many_requests'}}
Failed for 玉置成実 - Believe (Gundam Seed Version): Error code: 429 - {'error': {'message': 'Too Many Requests', 'type': 'too_many_requests', 'param': None, 'code': 'too_many_requests'}}
Failed for Lostprophets - The Fake Sound Of Progress: Error code: 429 - {'error': {'message': 'Too Many Requests', 'type': 'too_many_requests', 'param': None, 'code': 'too_many_requests'}}
Failed for Lou Reed / John Cale - Faces And Names: Error code: 429 - {'error': {'message': 'Too Many Requests', 'type': 'too_many_requests', 'param': None, 'code': 'too_many_requests'}}
Failed for Of Montreal - Pancakes For One: Error code: 429 - {'error': {'message': 'Too Many Requests', 'type': 'too_many_requests', 'param': None, 'code': 'too_many_requests'}}
Failed for Lou Reed / John Cale - Trouble With Classicists: Error code: 429 - {'error': {'message': 'Too Many Requests', 'type': 'too_many_requests', 'param': None, 'code': 'too_many_requests'}}
Failed for Skinny Puppy - One Time One Place: Error code: 429 - {'error': {'message': 'Too Many Requests', 'type': 'too_many_requests', 'param': None, 'code': 'too_many_requests'}}
Failed for Chris Vrenna - Wonderland Woods: Error code: 429 - {'error': {'message': 'Too Many Requests', 'type': 'too_many_requests', 'param': None, 'code': 'too_many_requests'}}
Failed for Emma Bunton - What Took You So Long: Error code: 429 - {'error': {'message': 'Too Many Requests', 'type': 'too_many_requests', 'param': None, 'code': 'too_many_requests'}}
Failed for Thursday - I1100: Error code: 429 - {'error': {'message': 'Too Many Requests', 'type': 'too_many_requests', 'param': None, 'code': 'too_many_requests'}}
Failed for Peter Murphy - Deep Ocean Vast Sea: Error code: 429 - {'error': {'message': 'Too Many Requests', 'type': 'too_many_requests', 'param': None, 'code': 'too_many_requests'}}
Failed for Peter Doherty - New Love Grows On Trees: Error code: 429 - {'error': {'message': 'Too Many Requests', 'type': 'too_many_requests', 'param': None, 'code': 'too_many_requests'}}
Failed for Jay-Z - Never Change: Error code: 429 - {'error': {'message': 'Too Many Requests', 'type': 'too_many_requests', 'param': None, 'code': 'too_many_requests'}}
Failed for Peter Doherty - Palace Of Bone: Error code: 429 - {'error': {'message': 'Too Many Requests', 'type': 'too_many_requests', 'param': None, 'code': 'too_many_requests'}}
Failed for Aphex Twin - Funny Little Man: Error code: 429 - {'error': {'message': 'Too Many Requests', 'type': 'too_many_requests', 'param': None, 'code': 'too_many_requests'}}
Failed for Sarah Brightman - Eden: Error code: 429 - {'error': {'message': 'Too Many Requests', 'type': 'too_many_requests', 'param': None, 'code': 'too_many_requests'}}
Failed for Feeder - We Can'T Rewind: Error code: 429 - {'error': {'message': 'Too Many Requests', 'type': 'too_many_requests', 'param': None, 'code': 'too_many_requests'}}
Failed for Suede - Electricity: Error code: 429 - {'error': {'message': 'Too Many Requests', 'type': 'too_many_requests', 'param': None, 'code': 'too_many_requests'}}
Failed for Trio Odemira - Malaguena: Error code: 429 - {'error': {'message': 'Too Many Requests', 'type': 'too_many_requests', 'param': None, 'code': 'too_many_requests'}}
Failed for Suede - Killing Of A Flash Boy: Error code: 429 - {'error': {'message': 'Too Many Requests', 'type': 'too_many_requests', 'param': None, 'code': 'too_many_requests'}}
Failed for Jars Of Clay - Silence: Error code: 429 - {'error': {'message': 'Too Many Requests', 'type': 'too_many_requests', 'param': None, 'code': 'too_many_requests'}}
Failed for Xploding Plastix - 6-Hours Starlight: Error code: 429 - {'error': {'message': 'Too Many Requests', 'type': 'too_many_requests', 'param': None, 'code': 'too_many_requests'}}
Failed for Lou Bega - Mambo No. 5: Error code: 429 - {'error': {'message': 'Too Many Requests', 'type': 'too_many_requests', 'param': None, 'code': 'too_many_requests'}}
Failed for Ok Go - Shortly Before The End: Error code: 429 - {'error': {'message': 'Too Many Requests', 'type': 'too_many_requests', 'param': None, 'code': 'too_many_requests'}}
Failed for Suede - Daddy'S Speeding: Error code: 429 - {'error': {'message': 'Too Many Requests', 'type': 'too_many_requests', 'param': None, 'code': 'too_many_requests'}}
Failed for Dire Straits - You And Your Friend: Error code: 429 - {'error': {'message': 'Too Many Requests', 'type': 'too_many_requests', 'param': None, 'code': 'too_many_requests'}}
Failed for Super Furry Animals - Venus & Serena: Error code: 429 - {'error': {'message': 'Too Many Requests', 'type': 'too_many_requests', 'param': None, 'code': 'too_many_requests'}}
Failed for Flying Lotus - Sao Paulo: Error code: 429 - {'error': {'message': 'Too Many Requests', 'type': 'too_many_requests', 'param': None, 'code': 'too_many_requests'}}
Failed for Flying Lotus - Pet Monster Shotglass: Error code: 429 - {'error': {'message': 'Too Many Requests', 'type': 'too_many_requests', 'param': None, 'code': 'too_many_requests'}}
Failed for Barenaked Ladies - Another Postcard: Error code: 429 - {'error': {'message': 'Too Many Requests', 'type': 'too_many_requests', 'param': None, 'code': 'too_many_requests'}}
Failed for Thunderbirds Are Now! - Better Safe Than Safari: Error code: 429 - {'error': {'message': 'Too Many Requests', 'type': 'too_many_requests', 'param': None, 'code': 'too_many_requests'}}
Failed for Thunderbirds Are Now! - Bodies Adjust: Error code: 429 - {'error': {'message': 'Too Many Requests', 'type': 'too_many_requests', 'param': None, 'code': 'too_many_requests'}}
Failed for Hurt - System: Error code: 429 - {'error': {'message': 'Too Many Requests', 'type': 'too_many_requests', 'param': None, 'code': 'too_many_requests'}}
Failed for Hurt - Zdejmij Ten Krzyż: Error code: 429 - {'error': {'message': 'Too Many Requests', 'type': 'too_many_requests', 'param': None, 'code': 'too_many_requests'}}
Failed for All Girl Summer Fun Band - Video Game Heart: Error code: 429 - {'error': {'message': 'Too Many Requests', 'type': 'too_many_requests', 'param': None, 'code': 'too_many_requests'}}
Failed for Thunderbirds Are Now! - (Aquatic Cupid'S) Harpoons Of Love: Error code: 429 - {'error': {'message': 'Too Many Requests', 'type': 'too_many_requests', 'param': None, 'code': 'too_many_requests'}}
Failed for Husky Rescue - The Man Who Flew Away: Error code: 429 - {'error': {'message': 'Too Many Requests', 'type': 'too_many_requests', 'param': None, 'code': 'too_many_requests'}}
Failed for The Knife - Marble House (Davidandrewsitek'S Knifehorse Remix): Error code: 429 - {'error': {'message': 'Too Many Requests', 'type': 'too_many_requests', 'param': None, 'code': 'too_many_requests'}}
Failed for Sneaker Pimps - Six Underground: Error code: 429 - {'error': {'message': 'Too Many Requests', 'type': 'too_many_requests', 'param': None, 'code': 'too_many_requests'}}
Failed for Ohgr - Timebomb: Error code: 429 - {'error': {'message': 'Too Many Requests', 'type': 'too_many_requests', 'param': None, 'code': 'too_many_requests'}}
Failed for Jay Reatard - Not A Substitute: Error code: 429 - {'error': {'message': 'Too Many Requests', 'type': 'too_many_requests', 'param': None, 'code': 'too_many_requests'}}
Failed for Big Black - Kasimir S. Pulaski Day: Error code: 429 - {'error': {'message': 'Too Many Requests', 'type': 'too_many_requests', 'param': None, 'code': 'too_many_requests'}}
Failed for Elena - The Balkan Girls: Error code: 429 - {'error': {'message': 'Too Many Requests', 'type': 'too_many_requests', 'param': None, 'code': 'too_many_requests'}}
Failed for Smoke City - It'S Amazing: Error code: 429 - {'error': {'message': 'Too Many Requests', 'type': 'too_many_requests', 'param': None, 'code': 'too_many_requests'}}
Failed for Daedelus - Like Clockwork Springs: Error code: 429 - {'error': {'message': 'Too Many Requests', 'type': 'too_many_requests', 'param': None, 'code': 'too_many_requests'}}
Failed for Big Black - The Model: Error code: 429 - {'error': {'message': 'Too Many Requests', 'type': 'too_many_requests', 'param': None, 'code': 'too_many_requests'}}
Failed for Bad Religion - No Control: Error code: 429 - {'error': {'message': 'Too Many Requests', 'type': 'too_many_requests', 'param': None, 'code': 'too_many_requests'}}
Failed for Chris Daughtry - Breakdown: Error code: 429 - {'error': {'message': 'Too Many Requests', 'type': 'too_many_requests', 'param': None, 'code': 'too_many_requests'}}
Failed for Chris Cornell - Poison Eye: Error code: 429 - {'error': {'message': 'Too Many Requests', 'type': 'too_many_requests', 'param': None, 'code': 'too_many_requests'}}
Failed for Louis Xiv - Illegal Tender: Error code: 429 - {'error': {'message': 'Too Many Requests', 'type': 'too_many_requests', 'param': None, 'code': 'too_many_requests'}}
Failed for Manu Chao - Mr. Bobby: Error code: 429 - {'error': {'message': 'Too Many Requests', 'type': 'too_many_requests', 'param': None, 'code': 'too_many_requests'}}
Failed for Flogging Molly - Screaming At The Wailing Wall: Error code: 429 - {'error': {'message': 'Too Many Requests', 'type': 'too_many_requests', 'param': None, 'code': 'too_many_requests'}}
Failed for Sarah Mclachlan - Song For A Winter'S Night: Error code: 429 - {'error': {'message': 'Too Many Requests', 'type': 'too_many_requests', 'param': None, 'code': 'too_many_requests'}}
Failed for Sarah Mclachlan - I Love You: Error code: 429 - {'error': {'message': 'Too Many Requests', 'type': 'too_many_requests', 'param': None, 'code': 'too_many_requests'}}
Failed for Flogging Molly - Far Away Boys: Error code: 429 - {'error': {'message': 'Too Many Requests', 'type': 'too_many_requests', 'param': None, 'code': 'too_many_requests'}}
Failed for Sarah Mclachlan - Witness: Error code: 429 - {'error': {'message': 'Too Many Requests', 'type': 'too_many_requests', 'param': None, 'code': 'too_many_requests'}}
Failed for Flogging Molly - Grace Of God Go I: Error code: 429 - {'error': {'message': 'Too Many Requests', 'type': 'too_many_requests', 'param': None, 'code': 'too_many_requests'}}
Failed for Jawbreaker - Chemistry: Error code: 429 - {'error': {'message': 'Too Many Requests', 'type': 'too_many_requests', 'param': None, 'code': 'too_many_requests'}}
Failed for Jawbreaker - Do You Still Hate Me?: Error code: 429 - {'error': {'message': 'Too Many Requests', 'type': 'too_many_requests', 'param': None, 'code': 'too_many_requests'}}
Failed for Al English - Constantine: Error code: 429 - {'error': {'message': 'Too Many Requests', 'type': 'too_many_requests', 'param': None, 'code': 'too_many_requests'}}
Failed for Al Green - Aint No Sunshine: Error code: 429 - {'error': {'message': 'Too Many Requests', 'type': 'too_many_requests', 'param': None, 'code': 'too_many_requests'}}
2700/2988 done
Failed for Okkervil River - Dead Dog Song: Error code: 429 - {'error': {'message': 'Too Many Requests', 'type': 'too_many_requests', 'param': None, 'code': 'too_many_requests'}}
Failed for Lovage - Ladies Love Chest Rockwell: Error code: 429 - {'error': {'message': 'Too Many Requests', 'type': 'too_many_requests', 'param': None, 'code': 'too_many_requests'}}
Failed for Lovage - Book Of The Month: Error code: 429 - {'error': {'message': 'Too Many Requests', 'type': 'too_many_requests', 'param': None, 'code': 'too_many_requests'}}
Failed for Carmen Consoli - Signor Tentenna: Error code: 429 - {'error': {'message': 'Too Many Requests', 'type': 'too_many_requests', 'param': None, 'code': 'too_many_requests'}}
Failed for Ola Podrida - Jordanna: Error code: 429 - {'error': {'message': 'Too Many Requests', 'type': 'too_many_requests', 'param': None, 'code': 'too_many_requests'}}
Failed for Maná - Como Dueles En Los Labios: Error code: 429 - {'error': {'message': 'Too Many Requests', 'type': 'too_many_requests', 'param': None, 'code': 'too_many_requests'}}
Failed for Pet Shop Boys - The Sodom And Gomorrah Show: Error code: 429 - {'error': {'message': 'Too Many Requests', 'type': 'too_many_requests', 'param': None, 'code': 'too_many_requests'}}
Failed for Pet Shop Boys - God Willing: Error code: 429 - {'error': {'message': 'Too Many Requests', 'type': 'too_many_requests', 'param': None, 'code': 'too_many_requests'}}
Failed for Testament - Careful What You Wish For: Error code: 429 - {'error': {'message': 'Too Many Requests', 'type': 'too_many_requests', 'param': None, 'code': 'too_many_requests'}}
Failed for Xploding Plastix - Doubletalk Gets Through To You: Error code: 429 - {'error': {'message': 'Too Many Requests', 'type': 'too_many_requests', 'param': None, 'code': 'too_many_requests'}}
Failed for Okkervil River - The Velocity Of Saul At The Time Of His Conversion: Error code: 429 - {'error': {'message': 'Too Many Requests', 'type': 'too_many_requests', 'param': None, 'code': 'too_many_requests'}}
Failed for 16 Horsepower - For Heaven'S Sake: Error code: 429 - {'error': {'message': 'Too Many Requests', 'type': 'too_many_requests', 'param': None, 'code': 'too_many_requests'}}
Failed for The Submarines - Xavia: Error code: 429 - {'error': {'message': 'Too Many Requests', 'type': 'too_many_requests', 'param': None, 'code': 'too_many_requests'}}
Failed for Manowar - Hand Of Doom: Error code: 429 - {'error': {'message': 'Too Many Requests', 'type': 'too_many_requests', 'param': None, 'code': 'too_many_requests'}}
Failed for Low - Pissing: Error code: 429 - {'error': {'message': 'Too Many Requests', 'type': 'too_many_requests', 'param': None, 'code': 'too_many_requests'}}
Failed for 16 Horsepower - Alone And Forsaken: Error code: 429 - {'error': {'message': 'Too Many Requests', 'type': 'too_many_requests', 'param': None, 'code': 'too_many_requests'}}
Failed for Jamie Cullum - Blame It On My Youth: Error code: 429 - {'error': {'message': 'Too Many Requests', 'type': 'too_many_requests', 'param': None, 'code': 'too_many_requests'}}
Failed for Jamiroquai - Black Crow: Error code: 429 - {'error': {'message': 'Too Many Requests', 'type': 'too_many_requests', 'param': None, 'code': 'too_many_requests'}}
Failed for Peeping Tom - Caipirinha (Feat. Bebel Gilberto): Error code: 429 - {'error': {'message': 'Too Many Requests', 'type': 'too_many_requests', 'param': None, 'code': 'too_many_requests'}}
Failed for Days Of The New - What'S Left For Me?: Error code: 429 - {'error': {'message': 'Too Many Requests', 'type': 'too_many_requests', 'param': None, 'code': 'too_many_requests'}}
Failed for Bad Religion - I Want To Conquer The World: Error code: 429 - {'error': {'message': 'Too Many Requests', 'type': 'too_many_requests', 'param': None, 'code': 'too_many_requests'}}
Failed for Emilíana Torrini - Big Jumps: Error code: 429 - {'error': {'message': 'Too Many Requests', 'type': 'too_many_requests', 'param': None, 'code': 'too_many_requests'}}
Failed for Teriyaki Boyz - Tokyo Drift: Error code: 429 - {'error': {'message': 'Too Many Requests', 'type': 'too_many_requests', 'param': None, 'code': 'too_many_requests'}}
Failed for Emilíana Torrini - Me And Armini: Error code: 429 - {'error': {'message': 'Too Many Requests', 'type': 'too_many_requests', 'param': None, 'code': 'too_many_requests'}}
Failed for Blind Guardian - And Then There Was Silence: Error code: 429 - {'error': {'message': 'Too Many Requests', 'type': 'too_many_requests', 'param': None, 'code': 'too_many_requests'}}
Failed for 石井竜也 - River (Gundam Seed Version): Error code: 429 - {'error': {'message': 'Too Many Requests', 'type': 'too_many_requests', 'param': None, 'code': 'too_many_requests'}}
Failed for Chris Bell - Speed Of Sound: Error code: 429 - {'error': {'message': 'Too Many Requests', 'type': 'too_many_requests', 'param': None, 'code': 'too_many_requests'}}
Failed for Japan - Gentlemen Take Polaroids: Error code: 429 - {'error': {'message': 'Too Many Requests', 'type': 'too_many_requests', 'param': None, 'code': 'too_many_requests'}}
Failed for Japan - European Son: Error code: 429 - {'error': {'message': 'Too Many Requests', 'type': 'too_many_requests', 'param': None, 'code': 'too_many_requests'}}
Failed for Janelle Monáe - Violet Stars Happy Hunting!: Error code: 429 - {'error': {'message': 'Too Many Requests', 'type': 'too_many_requests', 'param': None, 'code': 'too_many_requests'}}
Failed for Jan Johansson - Emigrantvisa: Error code: 429 - {'error': {'message': 'Too Many Requests', 'type': 'too_many_requests', 'param': None, 'code': 'too_many_requests'}}
Failed for Pelican - Winds With Hands: Error code: 429 - {'error': {'message': 'Too Many Requests', 'type': 'too_many_requests', 'param': None, 'code': 'too_many_requests'}}
Failed for I Was A Cub Scout - Our Smallest Adventures: Error code: 429 - {'error': {'message': 'Too Many Requests', 'type': 'too_many_requests', 'param': None, 'code': 'too_many_requests'}}
Failed for Alkaline Trio - Another Innocent Girl: Error code: 429 - {'error': {'message': 'Too Many Requests', 'type': 'too_many_requests', 'param': None, 'code': 'too_many_requests'}}
Failed for Ted Nugent - Stranglehold: Error code: 429 - {'error': {'message': 'Too Many Requests', 'type': 'too_many_requests', 'param': None, 'code': 'too_many_requests'}}
Failed for Chris Clark - Early Moss: Error code: 429 - {'error': {'message': 'Too Many Requests', 'type': 'too_many_requests', 'param': None, 'code': 'too_many_requests'}}
Failed for Jason Collett - Roll On Oblivion: Error code: 429 - {'error': {'message': 'Too Many Requests', 'type': 'too_many_requests', 'param': None, 'code': 'too_many_requests'}}
Failed for Jarabe De Palo - La Flaca: Error code: 429 - {'error': {'message': 'Too Many Requests', 'type': 'too_many_requests', 'param': None, 'code': 'too_many_requests'}}
Failed for Jar. - Cavalry: Error code: 429 - {'error': {'message': 'Too Many Requests', 'type': 'too_many_requests', 'param': None, 'code': 'too_many_requests'}}
Failed for I Am Kloot - Coincidence: Error code: 429 - {'error': {'message': 'Too Many Requests', 'type': 'too_many_requests', 'param': None, 'code': 'too_many_requests'}}
Failed for Blind Guardian - Lost In The Twilight Hall: Error code: 429 - {'error': {'message': 'Too Many Requests', 'type': 'too_many_requests', 'param': None, 'code': 'too_many_requests'}}
Failed for I Am Kloot - From Your Favourite Sky: Error code: 429 - {'error': {'message': 'Too Many Requests', 'type': 'too_many_requests', 'param': None, 'code': 'too_many_requests'}}
Failed for Daft Punk - Digital Love(Feat. Dj Sneak): Error code: 429 - {'error': {'message': 'Too Many Requests', 'type': 'too_many_requests', 'param': None, 'code': 'too_many_requests'}}
Failed for Peace Orchestra - Who Am I? (Animatrix Edit): Error code: 429 - {'error': {'message': 'Too Many Requests', 'type': 'too_many_requests', 'param': None, 'code': 'too_many_requests'}}
Failed for Flogging Molly - The Kilburn High Road: Error code: 429 - {'error': {'message': 'Too Many Requests', 'type': 'too_many_requests', 'param': None, 'code': 'too_many_requests'}}
Failed for I Am Kloot - 86 Tv'S: Error code: 429 - {'error': {'message': 'Too Many Requests', 'type': 'too_many_requests', 'param': None, 'code': 'too_many_requests'}}
Failed for Bent - The Handbrake: Error code: 429 - {'error': {'message': 'Too Many Requests', 'type': 'too_many_requests', 'param': None, 'code': 'too_many_requests'}}
Failed for Orchestral Manoeuvres In The Dark - Almost: Error code: 429 - {'error': {'message': 'Too Many Requests', 'type': 'too_many_requests', 'param': None, 'code': 'too_many_requests'}}
Failed for James Brown - The Payback: Error code: 429 - {'error': {'message': 'Too Many Requests', 'type': 'too_many_requests', 'param': None, 'code': 'too_many_requests'}}
Failed for Pearl Jam - Wash: Error code: 429 - {'error': {'message': 'Too Many Requests', 'type': 'too_many_requests', 'param': None, 'code': 'too_many_requests'}}
Failed for Benoît Pioulard - Coup De Foudre: Error code: 429 - {'error': {'message': 'Too Many Requests', 'type': 'too_many_requests', 'param': None, 'code': 'too_many_requests'}}
Failed for Manic Street Preachers - Further Away: Error code: 429 - {'error': {'message': 'Too Many Requests', 'type': 'too_many_requests', 'param': None, 'code': 'too_many_requests'}}
Failed for Manic Street Preachers - Love'S Sweet Exile: Error code: 429 - {'error': {'message': 'Too Many Requests', 'type': 'too_many_requests', 'param': None, 'code': 'too_many_requests'}}
Failed for Daft Punk - Robot Rock (Soulwax Remix): Error code: 429 - {'error': {'message': 'Too Many Requests', 'type': 'too_many_requests', 'param': None, 'code': 'too_many_requests'}}
Failed for Flight Of The Conchords - Think About It: Error code: 429 - {'error': {'message': 'Too Many Requests', 'type': 'too_many_requests', 'param': None, 'code': 'too_many_requests'}}
Failed for Satyricon - Repined Bastard Nation: Error code: 429 - {'error': {'message': 'Too Many Requests', 'type': 'too_many_requests', 'param': None, 'code': 'too_many_requests'}}
Failed for Skye - What'S Wrong With Me: Error code: 429 - {'error': {'message': 'Too Many Requests', 'type': 'too_many_requests', 'param': None, 'code': 'too_many_requests'}}
Failed for Opeth - Hex Omega: Error code: 429 - {'error': {'message': 'Too Many Requests', 'type': 'too_many_requests', 'param': None, 'code': 'too_many_requests'}}
Failed for Opeth - Moonlapse Vertigo: Error code: 429 - {'error': {'message': 'Too Many Requests', 'type': 'too_many_requests', 'param': None, 'code': 'too_many_requests'}}
Failed for Opeth - Prologue: Error code: 429 - {'error': {'message': 'Too Many Requests', 'type': 'too_many_requests', 'param': None, 'code': 'too_many_requests'}}
Failed for Opeth - Heir Apparent: Error code: 429 - {'error': {'message': 'Too Many Requests', 'type': 'too_many_requests', 'param': None, 'code': 'too_many_requests'}}
Failed for Thirteen Senses - Last Forever: Error code: 429 - {'error': {'message': 'Too Many Requests', 'type': 'too_many_requests', 'param': None, 'code': 'too_many_requests'}}
Failed for Tori Amos - Ireland: Error code: 429 - {'error': {'message': 'Too Many Requests', 'type': 'too_many_requests', 'param': None, 'code': 'too_many_requests'}}
Failed for Teedra Moses - You'Ll Never Find (A Better Woman): Error code: 429 - {'error': {'message': 'Too Many Requests', 'type': 'too_many_requests', 'param': None, 'code': 'too_many_requests'}}
Failed for Chiodos - Expired In Goreville: Error code: 429 - {'error': {'message': 'Too Many Requests', 'type': 'too_many_requests', 'param': None, 'code': 'too_many_requests'}}
Failed for Small Faces - Rene: Error code: 429 - {'error': {'message': 'Too Many Requests', 'type': 'too_many_requests', 'param': None, 'code': 'too_many_requests'}}
Failed for Deadman - This Day. This Rain.: Error code: 429 - {'error': {'message': 'Too Many Requests', 'type': 'too_many_requests', 'param': None, 'code': 'too_many_requests'}}
Failed for Small Faces - Shake: Error code: 429 - {'error': {'message': 'Too Many Requests', 'type': 'too_many_requests', 'param': None, 'code': 'too_many_requests'}}
Failed for Deadman - Sakura To Ame: Error code: 429 - {'error': {'message': 'Too Many Requests', 'type': 'too_many_requests', 'param': None, 'code': 'too_many_requests'}}
Failed for Biffy Clyro - Christopher'S River: Error code: 429 - {'error': {'message': 'Too Many Requests', 'type': 'too_many_requests', 'param': None, 'code': 'too_many_requests'}}
Failed for Jamiroquai - Space Cowboy (Album Version): Error code: 429 - {'error': {'message': 'Too Many Requests', 'type': 'too_many_requests', 'param': None, 'code': 'too_many_requests'}}
Failed for Avantasia - The Toy Master: Error code: 429 - {'error': {'message': 'Too Many Requests', 'type': 'too_many_requests', 'param': None, 'code': 'too_many_requests'}}
Failed for The Juliana Theory - Into The Dark: Error code: 429 - {'error': {'message': 'Too Many Requests', 'type': 'too_many_requests', 'param': None, 'code': 'too_many_requests'}}
Failed for The Juliana Hatfield Three - Mabel: Error code: 429 - {'error': {'message': 'Too Many Requests', 'type': 'too_many_requests', 'param': None, 'code': 'too_many_requests'}}
Failed for Cassius - Till We Got You And Me: Error code: 429 - {'error': {'message': 'Too Many Requests', 'type': 'too_many_requests', 'param': None, 'code': 'too_many_requests'}}
Failed for Orchestral Manoeuvres In The Dark - The New Stone Age: Error code: 429 - {'error': {'message': 'Too Many Requests', 'type': 'too_many_requests', 'param': None, 'code': 'too_many_requests'}}
Failed for Alanis Morissette - Not All Me: Error code: 429 - {'error': {'message': 'Too Many Requests', 'type': 'too_many_requests', 'param': None, 'code': 'too_many_requests'}}
Failed for Pavement - Here (Peel Session): Error code: 429 - {'error': {'message': 'Too Many Requests', 'type': 'too_many_requests', 'param': None, 'code': 'too_many_requests'}}
Failed for Saves The Day - As Your Ghost Takes Flight: Error code: 429 - {'error': {'message': 'Too Many Requests', 'type': 'too_many_requests', 'param': None, 'code': 'too_many_requests'}}
Failed for Saves The Day - Driving In The Dark: Error code: 429 - {'error': {'message': 'Too Many Requests', 'type': 'too_many_requests', 'param': None, 'code': 'too_many_requests'}}
Failed for The Beta Band - The House Song: Error code: 429 - {'error': {'message': 'Too Many Requests', 'type': 'too_many_requests', 'param': None, 'code': 'too_many_requests'}}
Failed for Tom Petty And The Heartbreakers - Even The Losers: Error code: 429 - {'error': {'message': 'Too Many Requests', 'type': 'too_many_requests', 'param': None, 'code': 'too_many_requests'}}
Failed for Van She - Here With You: Error code: 429 - {'error': {'message': 'Too Many Requests', 'type': 'too_many_requests', 'param': None, 'code': 'too_many_requests'}}
Failed for Antiloop - Only U: Error code: 429 - {'error': {'message': 'Too Many Requests', 'type': 'too_many_requests', 'param': None, 'code': 'too_many_requests'}}
Failed for Van She - Mission: Error code: 429 - {'error': {'message': 'Too Many Requests', 'type': 'too_many_requests', 'param': None, 'code': 'too_many_requests'}}
Failed for Savage Garden - A Thousand Words: Error code: 429 - {'error': {'message': 'Too Many Requests', 'type': 'too_many_requests', 'param': None, 'code': 'too_many_requests'}}
Failed for Ella Fitzgerald - Ev'Ry Time We Say Goodbye: Error code: 429 - {'error': {'message': 'Too Many Requests', 'type': 'too_many_requests', 'param': None, 'code': 'too_many_requests'}}
Failed for Pearl Jam - I Won'T Back Down: Error code: 429 - {'error': {'message': 'Too Many Requests', 'type': 'too_many_requests', 'param': None, 'code': 'too_many_requests'}}
Failed for Pearl Jam - Faithful: Error code: 429 - {'error': {'message': 'Too Many Requests', 'type': 'too_many_requests', 'param': None, 'code': 'too_many_requests'}}
Failed for Pearl Jam - Brain Of J.: Error code: 429 - {'error': {'message': 'Too Many Requests', 'type': 'too_many_requests', 'param': None, 'code': 'too_many_requests'}}
Failed for Blind Guardian - The New Order: Error code: 429 - {'error': {'message': 'Too Many Requests', 'type': 'too_many_requests', 'param': None, 'code': 'too_many_requests'}}
Failed for Manic Street Preachers - Door To The River: Error code: 429 - {'error': {'message': 'Too Many Requests', 'type': 'too_many_requests', 'param': None, 'code': 'too_many_requests'}}
Failed for Dana Rayne - Object Of My Desire: Error code: 429 - {'error': {'message': 'Too Many Requests', 'type': 'too_many_requests', 'param': None, 'code': 'too_many_requests'}}
Failed for Saves The Day - All-Star Me: Error code: 429 - {'error': {'message': 'Too Many Requests', 'type': 'too_many_requests', 'param': None, 'code': 'too_many_requests'}}
Failed for James Morrison - One Last Chance: Error code: 429 - {'error': {'message': 'Too Many Requests', 'type': 'too_many_requests', 'param': None, 'code': 'too_many_requests'}}
Failed for Alanis Morissette - Front Row: Error code: 429 - {'error': {'message': 'Too Many Requests', 'type': 'too_many_requests', 'param': None, 'code': 'too_many_requests'}}
Failed for Pearl Jam - Sad: Error code: 429 - {'error': {'message': 'Too Many Requests', 'type': 'too_many_requests', 'param': None, 'code': 'too_many_requests'}}
2800/2988 done
Failed for Tenacious D - Jesus Ranch: Error code: 429 - {'error': {'message': 'Too Many Requests', 'type': 'too_many_requests', 'param': None, 'code': 'too_many_requests'}}
Failed for Teenage Fanclub - Everything Flows: Error code: 429 - {'error': {'message': 'Too Many Requests', 'type': 'too_many_requests', 'param': None, 'code': 'too_many_requests'}}
Failed for U2 - Surrender: Error code: 429 - {'error': {'message': 'Too Many Requests', 'type': 'too_many_requests', 'param': None, 'code': 'too_many_requests'}}
Failed for Small Faces - Come On Children: Error code: 429 - {'error': {'message': 'Too Many Requests', 'type': 'too_many_requests', 'param': None, 'code': 'too_many_requests'}}
Failed for Small Faces - Mad John: Error code: 429 - {'error': {'message': 'Too Many Requests', 'type': 'too_many_requests', 'param': None, 'code': 'too_many_requests'}}
Failed for Barenaked Ladies - For You: Error code: 429 - {'error': {'message': 'Too Many Requests', 'type': 'too_many_requests', 'param': None, 'code': 'too_many_requests'}}
Failed for Feist - It'S Cool To Love Your Family: Error code: 429 - {'error': {'message': 'Too Many Requests', 'type': 'too_many_requests', 'param': None, 'code': 'too_many_requests'}}
Failed for Aphex Twin - Afx237 V7: Error code: 429 - {'error': {'message': 'Too Many Requests', 'type': 'too_many_requests', 'param': None, 'code': 'too_many_requests'}}
Failed for Feindflug - Stromtod: Error code: 429 - {'error': {'message': 'Too Many Requests', 'type': 'too_many_requests', 'param': None, 'code': 'too_many_requests'}}
Failed for Feindflug - Schmerzgrenze: Error code: 429 - {'error': {'message': 'Too Many Requests', 'type': 'too_many_requests', 'param': None, 'code': 'too_many_requests'}}
Failed for Ott - A Load Up At Nunney Catch: Error code: 429 - {'error': {'message': 'Too Many Requests', 'type': 'too_many_requests', 'param': None, 'code': 'too_many_requests'}}
Failed for Ott - Billy The Kid Strikes Back: Error code: 429 - {'error': {'message': 'Too Many Requests', 'type': 'too_many_requests', 'param': None, 'code': 'too_many_requests'}}
Failed for Suffokate - Slaughter Your Enemies: Error code: 429 - {'error': {'message': 'Too Many Requests', 'type': 'too_many_requests', 'param': None, 'code': 'too_many_requests'}}
Failed for Avantasia - In Quest For: Error code: 429 - {'error': {'message': 'Too Many Requests', 'type': 'too_many_requests', 'param': None, 'code': 'too_many_requests'}}
Failed for Dictaphone - Sonne Free: Error code: 429 - {'error': {'message': 'Too Many Requests', 'type': 'too_many_requests', 'param': None, 'code': 'too_many_requests'}}
Failed for Avantasia - The Glory Of Rome: Error code: 429 - {'error': {'message': 'Too Many Requests', 'type': 'too_many_requests', 'param': None, 'code': 'too_many_requests'}}
Failed for Avantasia - Serpents In Paradise: Error code: 429 - {'error': {'message': 'Too Many Requests', 'type': 'too_many_requests', 'param': None, 'code': 'too_many_requests'}}
Failed for Feel - A Gdy Jest Już Ciemno: Error code: 429 - {'error': {'message': 'Too Many Requests', 'type': 'too_many_requests', 'param': None, 'code': 'too_many_requests'}}
Failed for Dictaphone - La Piscine: Error code: 429 - {'error': {'message': 'Too Many Requests', 'type': 'too_many_requests', 'param': None, 'code': 'too_many_requests'}}
Failed for Feeder - Suffocate: Error code: 429 - {'error': {'message': 'Too Many Requests', 'type': 'too_many_requests', 'param': None, 'code': 'too_many_requests'}}
Failed for Idlewild - Once In Your Life: Error code: 429 - {'error': {'message': 'Too Many Requests', 'type': 'too_many_requests', 'param': None, 'code': 'too_many_requests'}}
Failed for Idlewild - Out Of Routine: Error code: 429 - {'error': {'message': 'Too Many Requests', 'type': 'too_many_requests', 'param': None, 'code': 'too_many_requests'}}
Failed for Idlewild - Close The Door: Error code: 429 - {'error': {'message': 'Too Many Requests', 'type': 'too_many_requests', 'param': None, 'code': 'too_many_requests'}}
Failed for Idlewild - I'M Happy To Be Here Tonight: Error code: 429 - {'error': {'message': 'Too Many Requests', 'type': 'too_many_requests', 'param': None, 'code': 'too_many_requests'}}
Failed for Idlewild - 4 People Do Good: Error code: 429 - {'error': {'message': 'Too Many Requests', 'type': 'too_many_requests', 'param': None, 'code': 'too_many_requests'}}
Failed for Alanis Morissette - The Couch: Error code: 429 - {'error': {'message': 'Too Many Requests', 'type': 'too_many_requests', 'param': None, 'code': 'too_many_requests'}}
Failed for Jakalope - Pretty Life: Error code: 429 - {'error': {'message': 'Too Many Requests', 'type': 'too_many_requests', 'param': None, 'code': 'too_many_requests'}}
Failed for Jakarta - One Desire (Mondotek Edit Mix): Error code: 429 - {'error': {'message': 'Too Many Requests', 'type': 'too_many_requests', 'param': None, 'code': 'too_many_requests'}}
Failed for Pavement - Fight This Generation: Error code: 429 - {'error': {'message': 'Too Many Requests', 'type': 'too_many_requests', 'param': None, 'code': 'too_many_requests'}}
Failed for Iced Earth - Dante'S Inferno: Error code: 429 - {'error': {'message': 'Too Many Requests', 'type': 'too_many_requests', 'param': None, 'code': 'too_many_requests'}}
Failed for Windy & Carl - Lighthouse (Demo): Error code: 429 - {'error': {'message': 'Too Many Requests', 'type': 'too_many_requests', 'param': None, 'code': 'too_many_requests'}}
Failed for Iced Earth - Transylvania: Error code: 429 - {'error': {'message': 'Too Many Requests', 'type': 'too_many_requests', 'param': None, 'code': 'too_many_requests'}}
Failed for Orbital - Technologicque Park: Error code: 429 - {'error': {'message': 'Too Many Requests', 'type': 'too_many_requests', 'param': None, 'code': 'too_many_requests'}}
Failed for Cat Power - Love And Communication: Error code: 429 - {'error': {'message': 'Too Many Requests', 'type': 'too_many_requests', 'param': None, 'code': 'too_many_requests'}}
Failed for Pavement - Ann Don'T Cry: Error code: 429 - {'error': {'message': 'Too Many Requests', 'type': 'too_many_requests', 'param': None, 'code': 'too_many_requests'}}
Failed for The Undertones - True Confessions: Error code: 429 - {'error': {'message': 'Too Many Requests', 'type': 'too_many_requests', 'param': None, 'code': 'too_many_requests'}}
Failed for Icon & The Black Roses - Sweetest Emptiness Of Love: Error code: 429 - {'error': {'message': 'Too Many Requests', 'type': 'too_many_requests', 'param': None, 'code': 'too_many_requests'}}
Failed for Blue Foundation - Sweep: Error code: 429 - {'error': {'message': 'Too Many Requests', 'type': 'too_many_requests', 'param': None, 'code': 'too_many_requests'}}
Failed for The Tea Party - The Bazaar: Error code: 429 - {'error': {'message': 'Too Many Requests', 'type': 'too_many_requests', 'param': None, 'code': 'too_many_requests'}}
Failed for Blue Foundation - Bonfires: Error code: 429 - {'error': {'message': 'Too Many Requests', 'type': 'too_many_requests', 'param': None, 'code': 'too_many_requests'}}
Failed for Ludacris - What'S Your Fantasy: Error code: 429 - {'error': {'message': 'Too Many Requests', 'type': 'too_many_requests', 'param': None, 'code': 'too_many_requests'}}
Failed for Lucybell - Raptame Del Fin: Error code: 429 - {'error': {'message': 'Too Many Requests', 'type': 'too_many_requests', 'param': None, 'code': 'too_many_requests'}}
Failed for This Mortal Coil - Fond Affections: Error code: 429 - {'error': {'message': 'Too Many Requests', 'type': 'too_many_requests', 'param': None, 'code': 'too_many_requests'}}
Failed for Wu-Tang Clan - Rules: Error code: 429 - {'error': {'message': 'Too Many Requests', 'type': 'too_many_requests', 'param': None, 'code': 'too_many_requests'}}
Failed for Embrace - Looking As You Are: Error code: 429 - {'error': {'message': 'Too Many Requests', 'type': 'too_many_requests', 'param': None, 'code': 'too_many_requests'}}
Failed for Lucinda Williams - Drunken Angel: Error code: 429 - {'error': {'message': 'Too Many Requests', 'type': 'too_many_requests', 'param': None, 'code': 'too_many_requests'}}
Failed for Mando Diao - You Can'T Steal My Love (Video Edit): Error code: 429 - {'error': {'message': 'Too Many Requests', 'type': 'too_many_requests', 'param': None, 'code': 'too_many_requests'}}
Failed for Blind Guardian - When Sorrow Sang: Error code: 429 - {'error': {'message': 'Too Many Requests', 'type': 'too_many_requests', 'param': None, 'code': 'too_many_requests'}}
Failed for Mando Diao - Misty Mountains: Error code: 429 - {'error': {'message': 'Too Many Requests', 'type': 'too_many_requests', 'param': None, 'code': 'too_many_requests'}}
Failed for 1200 Micrograms - Double Helix: Error code: 429 - {'error': {'message': 'Too Many Requests', 'type': 'too_many_requests', 'param': None, 'code': 'too_many_requests'}}
Failed for Lucinda Williams - Steal Your Love: Error code: 429 - {'error': {'message': 'Too Many Requests', 'type': 'too_many_requests', 'param': None, 'code': 'too_many_requests'}}
Failed for Jack Johnson - People Watching: Error code: 429 - {'error': {'message': 'Too Many Requests', 'type': 'too_many_requests', 'param': None, 'code': 'too_many_requests'}}
Failed for Jack'S Mannequin - Drop Out - The So Unknown: Error code: 429 - {'error': {'message': 'Too Many Requests', 'type': 'too_many_requests', 'param': None, 'code': 'too_many_requests'}}
Failed for De La Soul - Can U Keep A Secret: Error code: 429 - {'error': {'message': 'Too Many Requests', 'type': 'too_many_requests', 'param': None, 'code': 'too_many_requests'}}
Failed for Otis Redding - That'S How Strong My Love Is: Error code: 429 - {'error': {'message': 'Too Many Requests', 'type': 'too_many_requests', 'param': None, 'code': 'too_many_requests'}}
Failed for Jack'S Mannequin - Spinning: Error code: 429 - {'error': {'message': 'Too Many Requests', 'type': 'too_many_requests', 'param': None, 'code': 'too_many_requests'}}
Failed for Slayer - Cleanse The Soul: Error code: 429 - {'error': {'message': 'Too Many Requests', 'type': 'too_many_requests', 'param': None, 'code': 'too_many_requests'}}
Failed for Slayer - Born Of Fire: Error code: 429 - {'error': {'message': 'Too Many Requests', 'type': 'too_many_requests', 'param': None, 'code': 'too_many_requests'}}
Failed for Jack Peñate - Have I Been A Fool?: Error code: 429 - {'error': {'message': 'Too Many Requests', 'type': 'too_many_requests', 'param': None, 'code': 'too_many_requests'}}
Failed for Ott - Rogue Bagel: Error code: 429 - {'error': {'message': 'Too Many Requests', 'type': 'too_many_requests', 'param': None, 'code': 'too_many_requests'}}
Failed for Cat Power - What Would The Community Think: Error code: 429 - {'error': {'message': 'Too Many Requests', 'type': 'too_many_requests', 'param': None, 'code': 'too_many_requests'}}
Failed for Dead Poetic - The Dream Club Murders: Error code: 429 - {'error': {'message': 'Too Many Requests', 'type': 'too_many_requests', 'param': None, 'code': 'too_many_requests'}}
Failed for Ellen Allien - Cloudy City: Error code: 429 - {'error': {'message': 'Too Many Requests', 'type': 'too_many_requests', 'param': None, 'code': 'too_many_requests'}}
Failed for P!Nk - Crystal Ball: Error code: 429 - {'error': {'message': 'Too Many Requests', 'type': 'too_many_requests', 'param': None, 'code': 'too_many_requests'}}
Failed for Iliketrains - Epiphany: Error code: 429 - {'error': {'message': 'Too Many Requests', 'type': 'too_many_requests', 'param': None, 'code': 'too_many_requests'}}
Failed for Woven Hand - To Make A Ring: Error code: 429 - {'error': {'message': 'Too Many Requests', 'type': 'too_many_requests', 'param': None, 'code': 'too_many_requests'}}
Failed for Out Hud - Old Nude: Error code: 429 - {'error': {'message': 'Too Many Requests', 'type': 'too_many_requests', 'param': None, 'code': 'too_many_requests'}}
Failed for Iliketrains - No Military Parade: Error code: 429 - {'error': {'message': 'Too Many Requests', 'type': 'too_many_requests', 'param': None, 'code': 'too_many_requests'}}
Failed for Iliketrains - Stainless Steel: Error code: 429 - {'error': {'message': 'Too Many Requests', 'type': 'too_many_requests', 'param': None, 'code': 'too_many_requests'}}
Failed for Iliketrains - A Rook House For Bobby: Error code: 429 - {'error': {'message': 'Too Many Requests', 'type': 'too_many_requests', 'param': None, 'code': 'too_many_requests'}}
Failed for Paul Oakenfold - Get Em Up: Error code: 429 - {'error': {'message': 'Too Many Requests', 'type': 'too_many_requests', 'param': None, 'code': 'too_many_requests'}}
Failed for Chet Baker - It'S Always You: Error code: 429 - {'error': {'message': 'Too Many Requests', 'type': 'too_many_requests', 'param': None, 'code': 'too_many_requests'}}
Failed for Scala & Kolacny Brothers - Heartbeats: Error code: 429 - {'error': {'message': 'Too Many Requests', 'type': 'too_many_requests', 'param': None, 'code': 'too_many_requests'}}
Failed for The Beta Band - Monolith: Error code: 429 - {'error': {'message': 'Too Many Requests', 'type': 'too_many_requests', 'param': None, 'code': 'too_many_requests'}}
Failed for Fito Páez - Al Lado Del Camino: Error code: 429 - {'error': {'message': 'Too Many Requests', 'type': 'too_many_requests', 'param': None, 'code': 'too_many_requests'}}
Failed for The Bees - Listening Man: Error code: 429 - {'error': {'message': 'Too Many Requests', 'type': 'too_many_requests', 'param': None, 'code': 'too_many_requests'}}
Failed for Saves The Day - My Sweet Fracture: Error code: 429 - {'error': {'message': 'Too Many Requests', 'type': 'too_many_requests', 'param': None, 'code': 'too_many_requests'}}
Failed for Trentemøller - Chameleon: Error code: 429 - {'error': {'message': 'Too Many Requests', 'type': 'too_many_requests', 'param': None, 'code': 'too_many_requests'}}
Failed for Catatonia - Why I Can'T Stand One Night Stands: Error code: 429 - {'error': {'message': 'Too Many Requests', 'type': 'too_many_requests', 'param': None, 'code': 'too_many_requests'}}
Failed for Sloan - Coax Me: Error code: 429 - {'error': {'message': 'Too Many Requests', 'type': 'too_many_requests', 'param': None, 'code': 'too_many_requests'}}
Failed for Art Of Noise - Backbeat: Error code: 429 - {'error': {'message': 'Too Many Requests', 'type': 'too_many_requests', 'param': None, 'code': 'too_many_requests'}}
Failed for Wu-Tang Clan - Gun Will Go (Feat. Sunny Valentine): Error code: 429 - {'error': {'message': 'Too Many Requests', 'type': 'too_many_requests', 'param': None, 'code': 'too_many_requests'}}
Failed for Van Morrison - And It Stoned Me: Error code: 429 - {'error': {'message': 'Too Many Requests', 'type': 'too_many_requests', 'param': None, 'code': 'too_many_requests'}}
Failed for The Beatles - You Know My Name (Look Up The Number): Error code: 429 - {'error': {'message': 'Too Many Requests', 'type': 'too_many_requests', 'param': None, 'code': 'too_many_requests'}}
Failed for Say Hi To Your Mom - Hooplas Involving Circus Tricks: Error code: 429 - {'error': {'message': 'Too Many Requests', 'type': 'too_many_requests', 'param': None, 'code': 'too_many_requests'}}
Failed for Iggy Pop - Tell Me A Story: Error code: 429 - {'error': {'message': 'Too Many Requests', 'type': 'too_many_requests', 'param': None, 'code': 'too_many_requests'}}
Failed for Scar Symmetry - The Eleventh Sphere: Error code: 429 - {'error': {'message': 'Too Many Requests', 'type': 'too_many_requests', 'param': None, 'code': 'too_many_requests'}}
Failed for Ten Years After - I'D Love To Change The World: Error code: 429 - {'error': {'message': 'Too Many Requests', 'type': 'too_many_requests', 'param': None, 'code': 'too_many_requests'}}
Failed for Elvis Presley - She'S Not You: Error code: 429 - {'error': {'message': 'Too Many Requests', 'type': 'too_many_requests', 'param': None, 'code': 'too_many_requests'}}
Failed for De La Soul - Say No Go: Error code: 429 - {'error': {'message': 'Too Many Requests', 'type': 'too_many_requests', 'param': None, 'code': 'too_many_requests'}}
Failed for Chet Baker - There Will Never Be Another You: Error code: 429 - {'error': {'message': 'Too Many Requests', 'type': 'too_many_requests', 'param': None, 'code': 'too_many_requests'}}
Failed for Wu-Tang Clan - As High As Wu-Tang Get: Error code: 429 - {'error': {'message': 'Too Many Requests', 'type': 'too_many_requests', 'param': None, 'code': 'too_many_requests'}}
Failed for Sloan - Listen To The Radio: Error code: 429 - {'error': {'message': 'Too Many Requests', 'type': 'too_many_requests', 'param': None, 'code': 'too_many_requests'}}
Failed for Tegan And Sara - Divided: Error code: 429 - {'error': {'message': 'Too Many Requests', 'type': 'too_many_requests', 'param': None, 'code': 'too_many_requests'}}
Failed for The Teenagers - Make It Happen: Error code: 429 - {'error': {'message': 'Too Many Requests', 'type': 'too_many_requests', 'param': None, 'code': 'too_many_requests'}}
2900/2988 done
Failed for 10Cc - The Dean And I: Error code: 429 - {'error': {'message': 'Too Many Requests', 'type': 'too_many_requests', 'param': None, 'code': 'too_many_requests'}}
Failed for Iron Maiden - The Duellists: Error code: 429 - {'error': {'message': 'Too Many Requests', 'type': 'too_many_requests', 'param': None, 'code': 'too_many_requests'}}
Failed for Bloodbath - Soul Evisceration: Error code: 429 - {'error': {'message': 'Too Many Requests', 'type': 'too_many_requests', 'param': None, 'code': 'too_many_requests'}}
Failed for Iron Maiden - The Apparition: Error code: 429 - {'error': {'message': 'Too Many Requests', 'type': 'too_many_requests', 'param': None, 'code': 'too_many_requests'}}
Failed for Islands - Abominable Snow: Error code: 429 - {'error': {'message': 'Too Many Requests', 'type': 'too_many_requests', 'param': None, 'code': 'too_many_requests'}}
Failed for P.O.D. - Goodbye For Now: Error code: 429 - {'error': {'message': 'Too Many Requests', 'type': 'too_many_requests', 'param': None, 'code': 'too_many_requests'}}
Failed for Blu Cantrell - Lady: Error code: 429 - {'error': {'message': 'Too Many Requests', 'type': 'too_many_requests', 'param': None, 'code': 'too_many_requests'}}
Failed for Finntroll - Under Varje Rot Och Sten: Error code: 429 - {'error': {'message': 'Too Many Requests', 'type': 'too_many_requests', 'param': None, 'code': 'too_many_requests'}}
Failed for Finntroll - Hemkomst: Error code: 429 - {'error': {'message': 'Too Many Requests', 'type': 'too_many_requests', 'param': None, 'code': 'too_many_requests'}}
Failed for Anton Maiden - When Two Worlds Collide: Error code: 429 - {'error': {'message': 'Too Many Requests', 'type': 'too_many_requests', 'param': None, 'code': 'too_many_requests'}}
Failed for Scars On Broadway - Chemicals: Error code: 429 - {'error': {'message': 'Too Many Requests', 'type': 'too_many_requests', 'param': None, 'code': 'too_many_requests'}}
Failed for Tortoise - Almost Always Is Nearly Enough: Error code: 429 - {'error': {'message': 'Too Many Requests', 'type': 'too_many_requests', 'param': None, 'code': 'too_many_requests'}}
Failed for Schiller - Miles And Miles (Mit Moya Brennan): Error code: 429 - {'error': {'message': 'Too Many Requests', 'type': 'too_many_requests', 'param': None, 'code': 'too_many_requests'}}
Failed for Elliott Smith - Whatever (Folk Song In C): Error code: 429 - {'error': {'message': 'Too Many Requests', 'type': 'too_many_requests', 'param': None, 'code': 'too_many_requests'}}
Failed for The Teenagers - French Kiss: Error code: 429 - {'error': {'message': 'Too Many Requests', 'type': 'too_many_requests', 'param': None, 'code': 'too_many_requests'}}
Failed for Elton John - I Guess That'S Why They Call It The Blues: Error code: 429 - {'error': {'message': 'Too Many Requests', 'type': 'too_many_requests', 'param': None, 'code': 'too_many_requests'}}
Failed for Islands - Pieces Of You: Error code: 429 - {'error': {'message': 'Too Many Requests', 'type': 'too_many_requests', 'param': None, 'code': 'too_many_requests'}}
Failed for Between The Buried And Me - Mordecai: Error code: 429 - {'error': {'message': 'Too Many Requests', 'type': 'too_many_requests', 'param': None, 'code': 'too_many_requests'}}
Failed for The Jesus And Mary Chain - Sugar Ray: Error code: 429 - {'error': {'message': 'Too Many Requests', 'type': 'too_many_requests', 'param': None, 'code': 'too_many_requests'}}
Failed for Dir En Grey - Bottom Of The Death Valley: Error code: 429 - {'error': {'message': 'Too Many Requests', 'type': 'too_many_requests', 'param': None, 'code': 'too_many_requests'}}
Failed for Blu Cantrell - I'Ll Find A Way: Error code: 429 - {'error': {'message': 'Too Many Requests', 'type': 'too_many_requests', 'param': None, 'code': 'too_many_requests'}}
Failed for Patty Griffin - Top Of The World: Error code: 429 - {'error': {'message': 'Too Many Requests', 'type': 'too_many_requests', 'param': None, 'code': 'too_many_requests'}}
Failed for Iggy Pop - Tiny Girls: Error code: 429 - {'error': {'message': 'Too Many Requests', 'type': 'too_many_requests', 'param': None, 'code': 'too_many_requests'}}
Failed for Chevelle - Anticipation: Error code: 429 - {'error': {'message': 'Too Many Requests', 'type': 'too_many_requests', 'param': None, 'code': 'too_many_requests'}}
Failed for Chicago - Hard Habit To Break: Error code: 429 - {'error': {'message': 'Too Many Requests', 'type': 'too_many_requests', 'param': None, 'code': 'too_many_requests'}}
Failed for Paul Oakenfold - Sex 'N' Money: Error code: 429 - {'error': {'message': 'Too Many Requests', 'type': 'too_many_requests', 'param': None, 'code': 'too_many_requests'}}
Failed for Alice In Chains - Right Turn: Error code: 429 - {'error': {'message': 'Too Many Requests', 'type': 'too_many_requests', 'param': None, 'code': 'too_many_requests'}}
Failed for Patsy Cline - She'S Got You: Error code: 429 - {'error': {'message': 'Too Many Requests', 'type': 'too_many_requests', 'param': None, 'code': 'too_many_requests'}}
Failed for De/Vision - Moments We Shared: Error code: 429 - {'error': {'message': 'Too Many Requests', 'type': 'too_many_requests', 'param': None, 'code': 'too_many_requests'}}
Failed for P!Nk - Who Knew (Album Version): Error code: 429 - {'error': {'message': 'Too Many Requests', 'type': 'too_many_requests', 'param': None, 'code': 'too_many_requests'}}
Failed for Slayer - Read Between The Lies: Error code: 429 - {'error': {'message': 'Too Many Requests', 'type': 'too_many_requests', 'param': None, 'code': 'too_many_requests'}}
Failed for Slayer - Payback: Error code: 429 - {'error': {'message': 'Too Many Requests', 'type': 'too_many_requests', 'param': None, 'code': 'too_many_requests'}}
Failed for De-Phazz - Trash Box: Error code: 429 - {'error': {'message': 'Too Many Requests', 'type': 'too_many_requests', 'param': None, 'code': 'too_many_requests'}}
Failed for The Jesus And Mary Chain - Drop: Error code: 429 - {'error': {'message': 'Too Many Requests', 'type': 'too_many_requests', 'param': None, 'code': 'too_many_requests'}}
Failed for Iron Maiden - Sea Of Madness: Error code: 429 - {'error': {'message': 'Too Many Requests', 'type': 'too_many_requests', 'param': None, 'code': 'too_many_requests'}}
Failed for Iron Maiden - Lightning Strikes Twice: Error code: 429 - {'error': {'message': 'Too Many Requests', 'type': 'too_many_requests', 'param': None, 'code': 'too_many_requests'}}
Failed for Sunny Day Real Estate - Round: Error code: 429 - {'error': {'message': 'Too Many Requests', 'type': 'too_many_requests', 'param': None, 'code': 'too_many_requests'}}
Failed for Sunset Rubdown - A Day In The Graveyard: Error code: 429 - {'error': {'message': 'Too Many Requests', 'type': 'too_many_requests', 'param': None, 'code': 'too_many_requests'}}
Failed for The Jam - To Be Someone (Didn'T We Have A Nice Time): Error code: 429 - {'error': {'message': 'Too Many Requests', 'type': 'too_many_requests', 'param': None, 'code': 'too_many_requests'}}
Failed for The Jesus And Mary Chain - Bo Diddley Is Jesus: Error code: 429 - {'error': {'message': 'Too Many Requests', 'type': 'too_many_requests', 'param': None, 'code': 'too_many_requests'}}
Failed for The Jesus And Mary Chain - Cracking Up: Error code: 429 - {'error': {'message': 'Too Many Requests', 'type': 'too_many_requests', 'param': None, 'code': 'too_many_requests'}}
Failed for Chemistry - 白の吐息: Error code: 429 - {'error': {'message': 'Too Many Requests', 'type': 'too_many_requests', 'param': None, 'code': 'too_many_requests'}}
Failed for De/Vision - Your Hands On My Skin: Error code: 429 - {'error': {'message': 'Too Many Requests', 'type': 'too_many_requests', 'param': None, 'code': 'too_many_requests'}}
Failed for Bad Company Uk - The Nine: Error code: 429 - {'error': {'message': 'Too Many Requests', 'type': 'too_many_requests', 'param': None, 'code': 'too_many_requests'}}
Failed for Lupe Fiasco - Hip-Hop Saved My Life (Feat. Nikki Jean): Error code: 429 - {'error': {'message': 'Too Many Requests', 'type': 'too_many_requests', 'param': None, 'code': 'too_many_requests'}}
Failed for Lupe Fiasco - Baba Says Cool For Thought: Error code: 429 - {'error': {'message': 'Too Many Requests', 'type': 'too_many_requests', 'param': None, 'code': 'too_many_requests'}}
Failed for Mahavishnu Orchestra - Meeting Of The Spirits: Error code: 429 - {'error': {'message': 'Too Many Requests', 'type': 'too_many_requests', 'param': None, 'code': 'too_many_requests'}}
Failed for Seal - Waiting For You (Album Version): Error code: 429 - {'error': {'message': 'Too Many Requests', 'type': 'too_many_requests', 'param': None, 'code': 'too_many_requests'}}
Failed for Seal - Amazing: Error code: 429 - {'error': {'message': 'Too Many Requests', 'type': 'too_many_requests', 'param': None, 'code': 'too_many_requests'}}
Failed for Aoki Takamasa + Tujiko Noriko - Doki Doki Last Night: Error code: 429 - {'error': {'message': 'Too Many Requests', 'type': 'too_many_requests', 'param': None, 'code': 'too_many_requests'}}
Failed for The Twilight Singers - The Twilite Kid: Error code: 429 - {'error': {'message': 'Too Many Requests', 'type': 'too_many_requests', 'param': None, 'code': 'too_many_requests'}}
Failed for Sunny Day Real Estate - The Blankets Were The Stairs: Error code: 429 - {'error': {'message': 'Too Many Requests', 'type': 'too_many_requests', 'param': None, 'code': 'too_many_requests'}}
Failed for Paul Mccartney - This Never Happened Before: Error code: 429 - {'error': {'message': 'Too Many Requests', 'type': 'too_many_requests', 'param': None, 'code': 'too_many_requests'}}
Failed for Immortal Technique - Crossing The Boundary: Error code: 429 - {'error': {'message': 'Too Many Requests', 'type': 'too_many_requests', 'param': None, 'code': 'too_many_requests'}}
Failed for Immortal Technique - Dominant Species: Error code: 429 - {'error': {'message': 'Too Many Requests', 'type': 'too_many_requests', 'param': None, 'code': 'too_many_requests'}}
Failed for Immortal Technique - Obnoxious: Error code: 429 - {'error': {'message': 'Too Many Requests', 'type': 'too_many_requests', 'param': None, 'code': 'too_many_requests'}}
Failed for The Goo Goo Dolls - Fallin' Down: Error code: 429 - {'error': {'message': 'Too Many Requests', 'type': 'too_many_requests', 'param': None, 'code': 'too_many_requests'}}
Failed for The Goo Goo Dolls - Burnin' Up: Error code: 429 - {'error': {'message': 'Too Many Requests', 'type': 'too_many_requests', 'param': None, 'code': 'too_many_requests'}}
Failed for Patti Smith - Ghost Dance: Error code: 429 - {'error': {'message': 'Too Many Requests', 'type': 'too_many_requests', 'param': None, 'code': 'too_many_requests'}}
Failed for Celtic Frost - Procreation (Of The Wicked): Error code: 429 - {'error': {'message': 'Too Many Requests', 'type': 'too_many_requests', 'param': None, 'code': 'too_many_requests'}}
Failed for The Hush Sound - Magnolia: Error code: 429 - {'error': {'message': 'Too Many Requests', 'type': 'too_many_requests', 'param': None, 'code': 'too_many_requests'}}
Failed for Bertine Zetlitz - Snow On A Hot Day: Error code: 429 - {'error': {'message': 'Too Many Requests', 'type': 'too_many_requests', 'param': None, 'code': 'too_many_requests'}}
Failed for Alice In Chains - Frogs: Error code: 429 - {'error': {'message': 'Too Many Requests', 'type': 'too_many_requests', 'param': None, 'code': 'too_many_requests'}}
Failed for Antony And The Johnsons - Poorest Ear: Error code: 429 - {'error': {'message': 'Too Many Requests', 'type': 'too_many_requests', 'param': None, 'code': 'too_many_requests'}}
Failed for Antony And The Johnsons - Knockin' On Heaven'S Door: Error code: 429 - {'error': {'message': 'Too Many Requests', 'type': 'too_many_requests', 'param': None, 'code': 'too_many_requests'}}
Failed for Patrick Wolf - Damaris: Error code: 429 - {'error': {'message': 'Too Many Requests', 'type': 'too_many_requests', 'param': None, 'code': 'too_many_requests'}}
Failed for The Beatles - Thank You Girl: Error code: 429 - {'error': {'message': 'Too Many Requests', 'type': 'too_many_requests', 'param': None, 'code': 'too_many_requests'}}
Failed for Damien Jurado - Tragedy: Error code: 429 - {'error': {'message': 'Too Many Requests', 'type': 'too_many_requests', 'param': None, 'code': 'too_many_requests'}}
Failed for Finch - Without You Here: Error code: 429 - {'error': {'message': 'Too Many Requests', 'type': 'too_many_requests', 'param': None, 'code': 'too_many_requests'}}
Failed for The Thermals - St. Rosa And The Swallows: Error code: 429 - {'error': {'message': 'Too Many Requests', 'type': 'too_many_requests', 'param': None, 'code': 'too_many_requests'}}
Failed for Sufjan Stevens - We'Re Goin' To The Country!: Error code: 429 - {'error': {'message': 'Too Many Requests', 'type': 'too_many_requests', 'param': None, 'code': 'too_many_requests'}}
Failed for Iron & Wine - Carried Home: Error code: 429 - {'error': {'message': 'Too Many Requests', 'type': 'too_many_requests', 'param': None, 'code': 'too_many_requests'}}
Failed for Sugababes - 3 Spoons Of Suga: Error code: 429 - {'error': {'message': 'Too Many Requests', 'type': 'too_many_requests', 'param': None, 'code': 'too_many_requests'}}
Failed for Sunset Rubdown - The Dust You Kick Up Is Too Fine: Error code: 429 - {'error': {'message': 'Too Many Requests', 'type': 'too_many_requests', 'param': None, 'code': 'too_many_requests'}}
Failed for Pambo - Perdon: Error code: 429 - {'error': {'message': 'Too Many Requests', 'type': 'too_many_requests', 'param': None, 'code': 'too_many_requests'}}
Failed for Filter - My Long Walk To Jail: Error code: 429 - {'error': {'message': 'Too Many Requests', 'type': 'too_many_requests', 'param': None, 'code': 'too_many_requests'}}
Saved 2988 tracks to /work/pi_dagarwal_umass_edu/project_7/srikar/E4SRec/metadata/instrument/output/instrument_annotations_shard_12.csv
========================================
End          : Thu Apr  9 06:04:34 AM UTC 2026
========================================
