========================================
Job ID       : 55336757
Array Task   : 14 / 16
Node         : uri-cpu078
Start        : Thu Apr  9 05:23:02 AM UTC 2026
Python       : /home/skandagatla_umass_edu/.conda/envs/698ds/bin/python
========================================
Selected features (16): ['Drum Set', 'Drum Aggressiveness', 'Synthetic Drums', 'Percussion', 'Electric Guitar', 'Electric Guitar Distortion', 'Acoustic Guitar', 'String Ensemble', 'Horn Ensemble', 'Piano', 'Organ', 'Rhodes', 'Synthesizer', 'Synth Timbre', 'Bass Guitar', 'Reed Instrument']
Seed annotations loaded: 5200 tracks (will be skipped in full generation)
Node 14/16
Total unique tracks to generate: 47805
Shard [41832:44820] - 2988 tracks
Failed for The Decemberists - Bridges And Balloons: Error code: 429 - {'error': {'message': 'Too Many Requests', 'type': 'too_many_requests', 'param': None, 'code': 'too_many_requests'}}
0/2988 done
Failed for Faith No More - Jizzlobber: Error code: 429 - {'error': {'message': 'Too Many Requests', 'type': 'too_many_requests', 'param': None, 'code': 'too_many_requests'}}
Failed for Faith No More - Anne'S Song: Error code: 429 - {'error': {'message': 'Too Many Requests', 'type': 'too_many_requests', 'param': None, 'code': 'too_many_requests'}}
Failed for The Dears - The Second Part: Error code: 429 - {'error': {'message': 'Too Many Requests', 'type': 'too_many_requests', 'param': None, 'code': 'too_many_requests'}}
Failed for Q And Not U - Wonderful People: Error code: 429 - {'error': {'message': 'Too Many Requests', 'type': 'too_many_requests', 'param': None, 'code': 'too_many_requests'}}
Failed for Joe Strummer - Love Kills: Error code: 429 - {'error': {'message': 'Too Many Requests', 'type': 'too_many_requests', 'param': None, 'code': 'too_many_requests'}}
Failed for Swallow The Sun - Silence Of The Womb: Error code: 429 - {'error': {'message': 'Too Many Requests', 'type': 'too_many_requests', 'param': None, 'code': 'too_many_requests'}}
Failed for Yes - Long Distance Runaround: Error code: 429 - {'error': {'message': 'Too Many Requests', 'type': 'too_many_requests', 'param': None, 'code': 'too_many_requests'}}
Failed for Joe Strummer & The Mescaleros - Redemption Song: Error code: 429 - {'error': {'message': 'Too Many Requests', 'type': 'too_many_requests', 'param': None, 'code': 'too_many_requests'}}
Failed for Pennywise - Perfect People: Error code: 429 - {'error': {'message': 'Too Many Requests', 'type': 'too_many_requests', 'param': None, 'code': 'too_many_requests'}}
Failed for Cold - She Said: Error code: 429 - {'error': {'message': 'Too Many Requests', 'type': 'too_many_requests', 'param': None, 'code': 'too_many_requests'}}
Failed for Yes - Don'T Kill The Whale: Error code: 429 - {'error': {'message': 'Too Many Requests', 'type': 'too_many_requests', 'param': None, 'code': 'too_many_requests'}}
Failed for Dapunksportif - Private Disco: Error code: 429 - {'error': {'message': 'Too Many Requests', 'type': 'too_many_requests', 'param': None, 'code': 'too_many_requests'}}
Failed for Travis - Happy To Hang Around: Error code: 429 - {'error': {'message': 'Too Many Requests', 'type': 'too_many_requests', 'param': None, 'code': 'too_many_requests'}}
Failed for Swan Lake - City Calls: Error code: 429 - {'error': {'message': 'Too Many Requests', 'type': 'too_many_requests', 'param': None, 'code': 'too_many_requests'}}
Failed for Alice Russell - Hurry On Now: Error code: 429 - {'error': {'message': 'Too Many Requests', 'type': 'too_many_requests', 'param': None, 'code': 'too_many_requests'}}
Failed for The Dears - No Cities Left: Error code: 429 - {'error': {'message': 'Too Many Requests', 'type': 'too_many_requests', 'param': None, 'code': 'too_many_requests'}}
Failed for Cold - Bleed: Error code: 429 - {'error': {'message': 'Too Many Requests', 'type': 'too_many_requests', 'param': None, 'code': 'too_many_requests'}}
Failed for Alice Russell - To Know This: Error code: 429 - {'error': {'message': 'Too Many Requests', 'type': 'too_many_requests', 'param': None, 'code': 'too_many_requests'}}
Failed for Blink-182 - Asthenia: Error code: 429 - {'error': {'message': 'Too Many Requests', 'type': 'too_many_requests', 'param': None, 'code': 'too_many_requests'}}
Failed for Blonde Redhead - Violent Life: Error code: 429 - {'error': {'message': 'Too Many Requests', 'type': 'too_many_requests', 'param': None, 'code': 'too_many_requests'}}
Failed for The Offspring - Smash: Error code: 429 - {'error': {'message': 'Too Many Requests', 'type': 'too_many_requests', 'param': None, 'code': 'too_many_requests'}}
Failed for The Offspring - Stuff Is Messed Up: Error code: 429 - {'error': {'message': 'Too Many Requests', 'type': 'too_many_requests', 'param': None, 'code': 'too_many_requests'}}
Failed for A Flock Of Seagulls - Modern Love Is Automatic: Error code: 429 - {'error': {'message': 'Too Many Requests', 'type': 'too_many_requests', 'param': None, 'code': 'too_many_requests'}}
Failed for M. Ward - Get To The Table On Time: Error code: 429 - {'error': {'message': 'Too Many Requests', 'type': 'too_many_requests', 'param': None, 'code': 'too_many_requests'}}
Failed for A Fine Frenzy - Borrowed Time: Error code: 429 - {'error': {'message': 'Too Many Requests', 'type': 'too_many_requests', 'param': None, 'code': 'too_many_requests'}}
Failed for Megadeth - I Ain'T Superstitious: Error code: 429 - {'error': {'message': 'Too Many Requests', 'type': 'too_many_requests', 'param': None, 'code': 'too_many_requests'}}
Failed for Say Hi To Your Mom - The Death Of Girl Number Two: Error code: 429 - {'error': {'message': 'Too Many Requests', 'type': 'too_many_requests', 'param': None, 'code': 'too_many_requests'}}
Failed for Five For Fighting - Superman (It'S Not Easy): Error code: 429 - {'error': {'message': 'Too Many Requests', 'type': 'too_many_requests', 'param': None, 'code': 'too_many_requests'}}
Failed for Asian Dub Foundation - Take Back The Power: Error code: 429 - {'error': {'message': 'Too Many Requests', 'type': 'too_many_requests', 'param': None, 'code': 'too_many_requests'}}
Failed for Oceansize - Ornament/The Last Wrongs: Error code: 429 - {'error': {'message': 'Too Many Requests', 'type': 'too_many_requests', 'param': None, 'code': 'too_many_requests'}}
Failed for Deltron 3030 - St. Catherine St.: Error code: 429 - {'error': {'message': 'Too Many Requests', 'type': 'too_many_requests', 'param': None, 'code': 'too_many_requests'}}
Failed for The Offspring - All Along: Error code: 429 - {'error': {'message': 'Too Many Requests', 'type': 'too_many_requests', 'param': None, 'code': 'too_many_requests'}}
Failed for Two-Mix - Break: Error code: 429 - {'error': {'message': 'Too Many Requests', 'type': 'too_many_requests', 'param': None, 'code': 'too_many_requests'}}
Failed for Devo - Satisfaction: Error code: 429 - {'error': {'message': 'Too Many Requests', 'type': 'too_many_requests', 'param': None, 'code': 'too_many_requests'}}
Failed for Devin Townsend - Truth: Error code: 429 - {'error': {'message': 'Too Many Requests', 'type': 'too_many_requests', 'param': None, 'code': 'too_many_requests'}}
Failed for T.M.Revolution - Hot Limit: Error code: 429 - {'error': {'message': 'Too Many Requests', 'type': 'too_many_requests', 'param': None, 'code': 'too_many_requests'}}
Failed for Johan - She'S Got A Way With Men: Error code: 429 - {'error': {'message': 'Too Many Requests', 'type': 'too_many_requests', 'param': None, 'code': 'too_many_requests'}}
Failed for Coheed And Cambria - Hearshot Kid Disaster: Error code: 429 - {'error': {'message': 'Too Many Requests', 'type': 'too_many_requests', 'param': None, 'code': 'too_many_requests'}}
Failed for The Decemberists - Shankhill Butchers: Error code: 429 - {'error': {'message': 'Too Many Requests', 'type': 'too_many_requests', 'param': None, 'code': 'too_many_requests'}}
Failed for Behemoth - Mysterium Coniunctionis (Hermanubis): Error code: 429 - {'error': {'message': 'Too Many Requests', 'type': 'too_many_requests', 'param': None, 'code': 'too_many_requests'}}
Failed for The Decemberists - Human Behaviour: Error code: 429 - {'error': {'message': 'Too Many Requests', 'type': 'too_many_requests', 'param': None, 'code': 'too_many_requests'}}
Failed for The Number Twelve Looks Like You - Like A Cat: Error code: 429 - {'error': {'message': 'Too Many Requests', 'type': 'too_many_requests', 'param': None, 'code': 'too_many_requests'}}
Failed for Marcy Playground - A Cloak Of Elvenkind: Error code: 429 - {'error': {'message': 'Too Many Requests', 'type': 'too_many_requests', 'param': None, 'code': 'too_many_requests'}}
Failed for Håkan Hellström - Nu Kan Du Få Mig Så Lätt: Error code: 429 - {'error': {'message': 'Too Many Requests', 'type': 'too_many_requests', 'param': None, 'code': 'too_many_requests'}}
Failed for Asian Dub Foundation - Rise To The Challenge: Error code: 429 - {'error': {'message': 'Too Many Requests', 'type': 'too_many_requests', 'param': None, 'code': 'too_many_requests'}}
Failed for Bob Marley & The Wailers - Want More: Error code: 429 - {'error': {'message': 'Too Many Requests', 'type': 'too_many_requests', 'param': None, 'code': 'too_many_requests'}}
Failed for Midnattsol - Unpayable Silence: Error code: 429 - {'error': {'message': 'Too Many Requests', 'type': 'too_many_requests', 'param': None, 'code': 'too_many_requests'}}
Failed for Brian Eno - Under Stars Ii: Error code: 429 - {'error': {'message': 'Too Many Requests', 'type': 'too_many_requests', 'param': None, 'code': 'too_many_requests'}}
Failed for Saybia - The Day After Tomorrow: Error code: 429 - {'error': {'message': 'Too Many Requests', 'type': 'too_many_requests', 'param': None, 'code': 'too_many_requests'}}
Failed for Fito Páez - Contigo (Ft. Joaquin Sabina): Error code: 429 - {'error': {'message': 'Too Many Requests', 'type': 'too_many_requests', 'param': None, 'code': 'too_many_requests'}}
Failed for Alice In Chains - Godsmack: Error code: 429 - {'error': {'message': 'Too Many Requests', 'type': 'too_many_requests', 'param': None, 'code': 'too_many_requests'}}
Failed for Midlake - The Reprimand: Error code: 429 - {'error': {'message': 'Too Many Requests', 'type': 'too_many_requests', 'param': None, 'code': 'too_many_requests'}}
Failed for Patrick Wolf - The Bachelor: Error code: 429 - {'error': {'message': 'Too Many Requests', 'type': 'too_many_requests', 'param': None, 'code': 'too_many_requests'}}
Failed for Billy Corgan - A100: Error code: 429 - {'error': {'message': 'Too Many Requests', 'type': 'too_many_requests', 'param': None, 'code': 'too_many_requests'}}
Failed for Silver Jews - Like Like The The The Death: Error code: 429 - {'error': {'message': 'Too Many Requests', 'type': 'too_many_requests', 'param': None, 'code': 'too_many_requests'}}
Failed for People Press Play - These Days: Error code: 429 - {'error': {'message': 'Too Many Requests', 'type': 'too_many_requests', 'param': None, 'code': 'too_many_requests'}}
Failed for Tomahawk - Pop 1: Error code: 429 - {'error': {'message': 'Too Many Requests', 'type': 'too_many_requests', 'param': None, 'code': 'too_many_requests'}}
Failed for The Pussycat Dolls - Magic: Error code: 429 - {'error': {'message': 'Too Many Requests', 'type': 'too_many_requests', 'param': None, 'code': 'too_many_requests'}}
Failed for The Pussycat Dolls - Right Now: Error code: 429 - {'error': {'message': 'Too Many Requests', 'type': 'too_many_requests', 'param': None, 'code': 'too_many_requests'}}
Failed for Billy Bragg & Wilco - Birds And Ships: Error code: 429 - {'error': {'message': 'Too Many Requests', 'type': 'too_many_requests', 'param': None, 'code': 'too_many_requests'}}
Failed for Midnight Juggernauts - Aurora: Error code: 429 - {'error': {'message': 'Too Many Requests', 'type': 'too_many_requests', 'param': None, 'code': 'too_many_requests'}}
Failed for Buffalo Tom - Late At Night: Error code: 429 - {'error': {'message': 'Too Many Requests', 'type': 'too_many_requests', 'param': None, 'code': 'too_many_requests'}}
Failed for Echo & The Bunnymen - My White Devil: Error code: 429 - {'error': {'message': 'Too Many Requests', 'type': 'too_many_requests', 'param': None, 'code': 'too_many_requests'}}
Failed for Echo & The Bunnymen - Higher Hell: Error code: 429 - {'error': {'message': 'Too Many Requests', 'type': 'too_many_requests', 'param': None, 'code': 'too_many_requests'}}
Failed for Sondre Lerche - The Curse Of Being In Love: Error code: 429 - {'error': {'message': 'Too Many Requests', 'type': 'too_many_requests', 'param': None, 'code': 'too_many_requests'}}
Failed for La Oreja De Van Gogh - La Playa: Error code: 429 - {'error': {'message': 'Too Many Requests', 'type': 'too_many_requests', 'param': None, 'code': 'too_many_requests'}}
Failed for The Notorious B.I.G. - Fuck Me (Interlude): Error code: 429 - {'error': {'message': 'Too Many Requests', 'type': 'too_many_requests', 'param': None, 'code': 'too_many_requests'}}
Failed for La Mancha De Rolando - Antes: Error code: 429 - {'error': {'message': 'Too Many Requests', 'type': 'too_many_requests', 'param': None, 'code': 'too_many_requests'}}
Failed for Sads - Masquerade: Error code: 429 - {'error': {'message': 'Too Many Requests', 'type': 'too_many_requests', 'param': None, 'code': 'too_many_requests'}}
Failed for Quasimoto - Come On Feet: Error code: 429 - {'error': {'message': 'Too Many Requests', 'type': 'too_many_requests', 'param': None, 'code': 'too_many_requests'}}
Failed for Guster - Diane: Error code: 429 - {'error': {'message': 'Too Many Requests', 'type': 'too_many_requests', 'param': None, 'code': 'too_many_requests'}}
Failed for Skin - Faithfulness: Error code: 429 - {'error': {'message': 'Too Many Requests', 'type': 'too_many_requests', 'param': None, 'code': 'too_many_requests'}}
Failed for Coheed And Cambria - God Send Conspirator: Error code: 429 - {'error': {'message': 'Too Many Requests', 'type': 'too_many_requests', 'param': None, 'code': 'too_many_requests'}}
Failed for Bel Canto - Chaideinoi: Error code: 429 - {'error': {'message': 'Too Many Requests', 'type': 'too_many_requests', 'param': None, 'code': 'too_many_requests'}}
Failed for Skindred - Babylon: Error code: 429 - {'error': {'message': 'Too Many Requests', 'type': 'too_many_requests', 'param': None, 'code': 'too_many_requests'}}
Failed for Devo - Too Much Paranoias: Error code: 429 - {'error': {'message': 'Too Many Requests', 'type': 'too_many_requests', 'param': None, 'code': 'too_many_requests'}}
Failed for Pram - The Last Astronaut (Andy Votel Mix): Error code: 429 - {'error': {'message': 'Too Many Requests', 'type': 'too_many_requests', 'param': None, 'code': 'too_many_requests'}}
Failed for Demi Lovato - On The Line (Feat. Jonas Brothers): Error code: 429 - {'error': {'message': 'Too Many Requests', 'type': 'too_many_requests', 'param': None, 'code': 'too_many_requests'}}
Failed for Nina Simone - Backlash Blues: Error code: 429 - {'error': {'message': 'Too Many Requests', 'type': 'too_many_requests', 'param': None, 'code': 'too_many_requests'}}
Failed for Hauschka - Barfuß Durchs Gras: Error code: 429 - {'error': {'message': 'Too Many Requests', 'type': 'too_many_requests', 'param': None, 'code': 'too_many_requests'}}
Failed for Prefuse 73 - Altoid Addiction (Interlude): Error code: 429 - {'error': {'message': 'Too Many Requests', 'type': 'too_many_requests', 'param': None, 'code': 'too_many_requests'}}
Failed for Echo & The Bunnymen - All Because Of You Days: Error code: 429 - {'error': {'message': 'Too Many Requests', 'type': 'too_many_requests', 'param': None, 'code': 'too_many_requests'}}
Failed for Leonel Nunes - Um Pepino Entre Os Tomates: Error code: 429 - {'error': {'message': 'Too Many Requests', 'type': 'too_many_requests', 'param': None, 'code': 'too_many_requests'}}
Failed for Songs: Ohia - Almost Was Good Enough: Error code: 429 - {'error': {'message': 'Too Many Requests', 'type': 'too_many_requests', 'param': None, 'code': 'too_many_requests'}}
Failed for Sabrina - Boys (Summertime Love) (Dub Version): Error code: 429 - {'error': {'message': 'Too Many Requests', 'type': 'too_many_requests', 'param': None, 'code': 'too_many_requests'}}
Failed for Vast - The Last One Alive: Error code: 429 - {'error': {'message': 'Too Many Requests', 'type': 'too_many_requests', 'param': None, 'code': 'too_many_requests'}}
Failed for Songs: Ohia - Peoria Lunch Box Blues: Error code: 429 - {'error': {'message': 'Too Many Requests', 'type': 'too_many_requests', 'param': None, 'code': 'too_many_requests'}}
Failed for Wir Sind Helden - Wenn Es Passiert: Error code: 429 - {'error': {'message': 'Too Many Requests', 'type': 'too_many_requests', 'param': None, 'code': 'too_many_requests'}}
Failed for Torche - Vampyro: Error code: 429 - {'error': {'message': 'Too Many Requests', 'type': 'too_many_requests', 'param': None, 'code': 'too_many_requests'}}
Failed for Songs: Ohia - Nervous Bride: Error code: 429 - {'error': {'message': 'Too Many Requests', 'type': 'too_many_requests', 'param': None, 'code': 'too_many_requests'}}
Failed for Tom Waits - Who Are You: Error code: 429 - {'error': {'message': 'Too Many Requests', 'type': 'too_many_requests', 'param': None, 'code': 'too_many_requests'}}
Failed for M. Ward - Deep Dark Well: Error code: 429 - {'error': {'message': 'Too Many Requests', 'type': 'too_many_requests', 'param': None, 'code': 'too_many_requests'}}
Failed for Håkan Hellström - Mitt Gullbergs Kaj Paradis: Error code: 429 - {'error': {'message': 'Too Many Requests', 'type': 'too_many_requests', 'param': None, 'code': 'too_many_requests'}}
Failed for In Flames - Clad In Shadows: Error code: 429 - {'error': {'message': 'Too Many Requests', 'type': 'too_many_requests', 'param': None, 'code': 'too_many_requests'}}
Failed for Sick Of It All - Built To Last: Error code: 429 - {'error': {'message': 'Too Many Requests', 'type': 'too_many_requests', 'param': None, 'code': 'too_many_requests'}}
Failed for Delinquent (Feat. Kcat) - My Destiny (Delio D'Cruz Vs. Paul Emmanuel Radio Edit): Error code: 429 - {'error': {'message': 'Too Many Requests', 'type': 'too_many_requests', 'param': None, 'code': 'too_many_requests'}}
Failed for Ween - The Hiv Song: Error code: 429 - {'error': {'message': 'Too Many Requests', 'type': 'too_many_requests', 'param': None, 'code': 'too_many_requests'}}
100/2988 done
Failed for Of Montreal - Everyday Feels Like Sunday: Error code: 429 - {'error': {'message': 'Too Many Requests', 'type': 'too_many_requests', 'param': None, 'code': 'too_many_requests'}}
Failed for Of Montreal - Isn'T It Nice?: Error code: 429 - {'error': {'message': 'Too Many Requests', 'type': 'too_many_requests', 'param': None, 'code': 'too_many_requests'}}
Failed for Cocteau Twins - Throughout The Dark Months Of April And May: Error code: 429 - {'error': {'message': 'Too Many Requests', 'type': 'too_many_requests', 'param': None, 'code': 'too_many_requests'}}
Failed for Cocteau Twins - Sugar Hiccup: Error code: 429 - {'error': {'message': 'Too Many Requests', 'type': 'too_many_requests', 'param': None, 'code': 'too_many_requests'}}
Failed for Margot & The Nuclear So And So'S - Talking In Code: Error code: 429 - {'error': {'message': 'Too Many Requests', 'type': 'too_many_requests', 'param': None, 'code': 'too_many_requests'}}
Failed for Faithless - Crazy English Summer: Error code: 429 - {'error': {'message': 'Too Many Requests', 'type': 'too_many_requests', 'param': None, 'code': 'too_many_requests'}}
Failed for Code 64 - Sea Of Stars: Error code: 429 - {'error': {'message': 'Too Many Requests', 'type': 'too_many_requests', 'param': None, 'code': 'too_many_requests'}}
Failed for Faith No More - What A Day: Error code: 429 - {'error': {'message': 'Too Many Requests', 'type': 'too_many_requests', 'param': None, 'code': 'too_many_requests'}}
Failed for Faithless - Dirty Ol' Man: Error code: 429 - {'error': {'message': 'Too Many Requests', 'type': 'too_many_requests', 'param': None, 'code': 'too_many_requests'}}
Failed for Faith No More - Mouth To Mouth: Error code: 429 - {'error': {'message': 'Too Many Requests', 'type': 'too_many_requests', 'param': None, 'code': 'too_many_requests'}}
Failed for Beirut - Mimizan: Error code: 429 - {'error': {'message': 'Too Many Requests', 'type': 'too_many_requests', 'param': None, 'code': 'too_many_requests'}}
Failed for Avril Lavigne - Girlfriend (Feat. Lil' Mama): Error code: 429 - {'error': {'message': 'Too Many Requests', 'type': 'too_many_requests', 'param': None, 'code': 'too_many_requests'}}
Failed for Gustavo Santaolalla - Opening: Error code: 429 - {'error': {'message': 'Too Many Requests', 'type': 'too_many_requests', 'param': None, 'code': 'too_many_requests'}}
Failed for Björk - Kata Rokkar: Error code: 429 - {'error': {'message': 'Too Many Requests', 'type': 'too_many_requests', 'param': None, 'code': 'too_many_requests'}}
Failed for Easyworld - Junkies And Whores: Error code: 429 - {'error': {'message': 'Too Many Requests', 'type': 'too_many_requests', 'param': None, 'code': 'too_many_requests'}}
Failed for Easyworld - Til The Day: Error code: 429 - {'error': {'message': 'Too Many Requests', 'type': 'too_many_requests', 'param': None, 'code': 'too_many_requests'}}
Failed for Built To Spill - Happiness: Error code: 429 - {'error': {'message': 'Too Many Requests', 'type': 'too_many_requests', 'param': None, 'code': 'too_many_requests'}}
Failed for Easy Star All-Stars - Subterranean Homesick Alien: Error code: 429 - {'error': {'message': 'Too Many Requests', 'type': 'too_many_requests', 'param': None, 'code': 'too_many_requests'}}
Failed for 4Lyn - The Good Life Period: Error code: 429 - {'error': {'message': 'Too Many Requests', 'type': 'too_many_requests', 'param': None, 'code': 'too_many_requests'}}
Failed for Megadeth - Almost Honest: Error code: 429 - {'error': {'message': 'Too Many Requests', 'type': 'too_many_requests', 'param': None, 'code': 'too_many_requests'}}
Failed for Brian Eno - And Then So Clear: Error code: 429 - {'error': {'message': 'Too Many Requests', 'type': 'too_many_requests', 'param': None, 'code': 'too_many_requests'}}
Failed for Sonic Roots - Take You High: Error code: 429 - {'error': {'message': 'Too Many Requests', 'type': 'too_many_requests', 'param': None, 'code': 'too_many_requests'}}
Failed for Saalschutz - Das Lied Mit Den Suggestivfragen: Error code: 429 - {'error': {'message': 'Too Many Requests', 'type': 'too_many_requests', 'param': None, 'code': 'too_many_requests'}}
Failed for Easyworld - All I Can Remember: Error code: 429 - {'error': {'message': 'Too Many Requests', 'type': 'too_many_requests', 'param': None, 'code': 'too_many_requests'}}
Failed for Miles Davis - Concierto De Aranjuez (Adagio): Error code: 429 - {'error': {'message': 'Too Many Requests', 'type': 'too_many_requests', 'param': None, 'code': 'too_many_requests'}}
Failed for Billie The Vision & The Dancers - Goodnight Sweetheart: Error code: 429 - {'error': {'message': 'Too Many Requests', 'type': 'too_many_requests', 'param': None, 'code': 'too_many_requests'}}
Failed for The Quantic Soul Orchestra - Feeling Good (Feat. Alice Russell): Error code: 429 - {'error': {'message': 'Too Many Requests', 'type': 'too_many_requests', 'param': None, 'code': 'too_many_requests'}}
Failed for Nightwish - This Moment Is Eternity: Error code: 429 - {'error': {'message': 'Too Many Requests', 'type': 'too_many_requests', 'param': None, 'code': 'too_many_requests'}}
Failed for Nightwish - Whoever Brings The Night (Live): Error code: 429 - {'error': {'message': 'Too Many Requests', 'type': 'too_many_requests', 'param': None, 'code': 'too_many_requests'}}
Failed for Gustavo Cerati - Dios Nos Libre: Error code: 429 - {'error': {'message': 'Too Many Requests', 'type': 'too_many_requests', 'param': None, 'code': 'too_many_requests'}}
Failed for Gustavo Cerati - Otra Piel: Error code: 429 - {'error': {'message': 'Too Many Requests', 'type': 'too_many_requests', 'param': None, 'code': 'too_many_requests'}}
Failed for 清春 - Horizon: Error code: 429 - {'error': {'message': 'Too Many Requests', 'type': 'too_many_requests', 'param': None, 'code': 'too_many_requests'}}
Failed for Bel Canto - Tree: Error code: 429 - {'error': {'message': 'Too Many Requests', 'type': 'too_many_requests', 'param': None, 'code': 'too_many_requests'}}
Failed for Skindred - Trouble: Error code: 429 - {'error': {'message': 'Too Many Requests', 'type': 'too_many_requests', 'param': None, 'code': 'too_many_requests'}}
Failed for Arise - Another World To Consume: Error code: 429 - {'error': {'message': 'Too Many Requests', 'type': 'too_many_requests', 'param': None, 'code': 'too_many_requests'}}
Failed for Emperor - Towards The Pantheon: Error code: 429 - {'error': {'message': 'Too Many Requests', 'type': 'too_many_requests', 'param': None, 'code': 'too_many_requests'}}
Failed for Deltron 3030 - National Movie Review: Error code: 429 - {'error': {'message': 'Too Many Requests', 'type': 'too_many_requests', 'param': None, 'code': 'too_many_requests'}}
Failed for The Clientele - Missing: Error code: 429 - {'error': {'message': 'Too Many Requests', 'type': 'too_many_requests', 'param': None, 'code': 'too_many_requests'}}
Failed for Nikka Costa - Everybody Got Their Something: Error code: 429 - {'error': {'message': 'Too Many Requests', 'type': 'too_many_requests', 'param': None, 'code': 'too_many_requests'}}
Failed for Shape Of Despair - Night'S Dew: Error code: 429 - {'error': {'message': 'Too Many Requests', 'type': 'too_many_requests', 'param': None, 'code': 'too_many_requests'}}
Failed for Shapeshifters - Lola'S Theme (Eric Prydz Mix): Error code: 429 - {'error': {'message': 'Too Many Requests', 'type': 'too_many_requests', 'param': None, 'code': 'too_many_requests'}}
Failed for Siouxsie And The Banshees - The Last Beat Of My Heart: Error code: 429 - {'error': {'message': 'Too Many Requests', 'type': 'too_many_requests', 'param': None, 'code': 'too_many_requests'}}
Failed for Miles Davis - My Funny Valentine: Error code: 429 - {'error': {'message': 'Too Many Requests', 'type': 'too_many_requests', 'param': None, 'code': 'too_many_requests'}}
Failed for L'Arc~En~Ciel - Lover Boy: Error code: 429 - {'error': {'message': 'Too Many Requests', 'type': 'too_many_requests', 'param': None, 'code': 'too_many_requests'}}
Failed for Van Halen - Won'T Get Fooled Again: Error code: 429 - {'error': {'message': 'Too Many Requests', 'type': 'too_many_requests', 'param': None, 'code': 'too_many_requests'}}
Failed for Odyssey - Who: Error code: 429 - {'error': {'message': 'Too Many Requests', 'type': 'too_many_requests', 'param': None, 'code': 'too_many_requests'}}
Failed for In Flames - Eye Of The Beholder: Error code: 429 - {'error': {'message': 'Too Many Requests', 'type': 'too_many_requests', 'param': None, 'code': 'too_many_requests'}}
Failed for All Bets Off - Earthquake Weather: Error code: 429 - {'error': {'message': 'Too Many Requests', 'type': 'too_many_requests', 'param': None, 'code': 'too_many_requests'}}
Failed for Eskobar - Hallelujah New World: Error code: 429 - {'error': {'message': 'Too Many Requests', 'type': 'too_many_requests', 'param': None, 'code': 'too_many_requests'}}
Failed for The 69 Eyes - Dream Master: Error code: 429 - {'error': {'message': 'Too Many Requests', 'type': 'too_many_requests', 'param': None, 'code': 'too_many_requests'}}
Failed for David Bowie - Thursday'S Child: Error code: 429 - {'error': {'message': 'Too Many Requests', 'type': 'too_many_requests', 'param': None, 'code': 'too_many_requests'}}
Failed for Danny Elfman - Casting A Spell: Error code: 429 - {'error': {'message': 'Too Many Requests', 'type': 'too_many_requests', 'param': None, 'code': 'too_many_requests'}}
Failed for Badly Drawn Boy - I Was Wrong: Error code: 429 - {'error': {'message': 'Too Many Requests', 'type': 'too_many_requests', 'param': None, 'code': 'too_many_requests'}}
Failed for In Flames - Drenched In Fear: Error code: 429 - {'error': {'message': 'Too Many Requests', 'type': 'too_many_requests', 'param': None, 'code': 'too_many_requests'}}
Failed for Madonna - Don'T Cry For Me Argentina: Error code: 429 - {'error': {'message': 'Too Many Requests', 'type': 'too_many_requests', 'param': None, 'code': 'too_many_requests'}}
Failed for ...And You Will Know Us By The Trail Of Dead - Blight Takes All: Error code: 429 - {'error': {'message': 'Too Many Requests', 'type': 'too_many_requests', 'param': None, 'code': 'too_many_requests'}}
Failed for John Coltrane - Like Someone In Love: Error code: 429 - {'error': {'message': 'Too Many Requests', 'type': 'too_many_requests', 'param': None, 'code': 'too_many_requests'}}
Failed for Beastie Boys - Just A Test: Error code: 429 - {'error': {'message': 'Too Many Requests', 'type': 'too_many_requests', 'param': None, 'code': 'too_many_requests'}}
Failed for 米倉千尋 - 10 Years After (Always Mix): Error code: 429 - {'error': {'message': 'Too Many Requests', 'type': 'too_many_requests', 'param': None, 'code': 'too_many_requests'}}
Failed for Boards Of Canada - Original Nlogax: Error code: 429 - {'error': {'message': 'Too Many Requests', 'type': 'too_many_requests', 'param': None, 'code': 'too_many_requests'}}
Failed for The Detroit Cobras - Baby Let Me Hold Your Hand: Error code: 429 - {'error': {'message': 'Too Many Requests', 'type': 'too_many_requests', 'param': None, 'code': 'too_many_requests'}}
Failed for Dfc - Coexistência Do Caos: Error code: 429 - {'error': {'message': 'Too Many Requests', 'type': 'too_many_requests', 'param': None, 'code': 'too_many_requests'}}
Failed for The Detroit Cobras - Try Love: Error code: 429 - {'error': {'message': 'Too Many Requests', 'type': 'too_many_requests', 'param': None, 'code': 'too_many_requests'}}
Failed for Guri Schanke - Ven A Bailar Conmigo (Norway): Error code: 429 - {'error': {'message': 'Too Many Requests', 'type': 'too_many_requests', 'param': None, 'code': 'too_many_requests'}}
Failed for Seu Jorge - Carolina: Error code: 429 - {'error': {'message': 'Too Many Requests', 'type': 'too_many_requests', 'param': None, 'code': 'too_many_requests'}}
Failed for Seu Jorge - Lady Stardust: Error code: 429 - {'error': {'message': 'Too Many Requests', 'type': 'too_many_requests', 'param': None, 'code': 'too_many_requests'}}
Failed for Wax Stag - Short Road: Error code: 429 - {'error': {'message': 'Too Many Requests', 'type': 'too_many_requests', 'param': None, 'code': 'too_many_requests'}}
Failed for Alice Cooper - I'M Your Gun: Error code: 429 - {'error': {'message': 'Too Many Requests', 'type': 'too_many_requests', 'param': None, 'code': 'too_many_requests'}}
Failed for Mediengruppe Telekommander - Ein Kleiner Widerstand: Error code: 429 - {'error': {'message': 'Too Many Requests', 'type': 'too_many_requests', 'param': None, 'code': 'too_many_requests'}}
Failed for Sonic Youth - I Dreamed I Dream: Error code: 429 - {'error': {'message': 'Too Many Requests', 'type': 'too_many_requests', 'param': None, 'code': 'too_many_requests'}}
Failed for Miley Cyrus - Nobody'S Perfect: Error code: 429 - {'error': {'message': 'Too Many Requests', 'type': 'too_many_requests', 'param': None, 'code': 'too_many_requests'}}
Failed for The White Stripes - I Fought Piranhas: Error code: 429 - {'error': {'message': 'Too Many Requests', 'type': 'too_many_requests', 'param': None, 'code': 'too_many_requests'}}
Failed for Earth - Mirage: Error code: 429 - {'error': {'message': 'Too Many Requests', 'type': 'too_many_requests', 'param': None, 'code': 'too_many_requests'}}
Failed for Asobi Seksu - Stay: Error code: 429 - {'error': {'message': 'Too Many Requests', 'type': 'too_many_requests', 'param': None, 'code': 'too_many_requests'}}
Failed for The National - Patterns Of Fairytales: Error code: 429 - {'error': {'message': 'Too Many Requests', 'type': 'too_many_requests', 'param': None, 'code': 'too_many_requests'}}
Failed for The National - The Perfect Song: Error code: 429 - {'error': {'message': 'Too Many Requests', 'type': 'too_many_requests', 'param': None, 'code': 'too_many_requests'}}
Failed for Anorexia Nervosa - The Shining: Error code: 429 - {'error': {'message': 'Too Many Requests', 'type': 'too_many_requests', 'param': None, 'code': 'too_many_requests'}}
Failed for Mediengruppe Telekommander - Mach Das Leiser: Error code: 429 - {'error': {'message': 'Too Many Requests', 'type': 'too_many_requests', 'param': None, 'code': 'too_many_requests'}}
Failed for Mediengruppe Telekommander - Kommanda: Error code: 429 - {'error': {'message': 'Too Many Requests', 'type': 'too_many_requests', 'param': None, 'code': 'too_many_requests'}}
Failed for Sonic Youth - Saucer-Like: Error code: 429 - {'error': {'message': 'Too Many Requests', 'type': 'too_many_requests', 'param': None, 'code': 'too_many_requests'}}
Failed for Fischerspooner - !@*$%#: Error code: 429 - {'error': {'message': 'Too Many Requests', 'type': 'too_many_requests', 'param': None, 'code': 'too_many_requests'}}
Failed for Hypocrisy - Disconnected Magnetic Corridors: Error code: 429 - {'error': {'message': 'Too Many Requests', 'type': 'too_many_requests', 'param': None, 'code': 'too_many_requests'}}
Failed for Millencolin - Fox: Error code: 429 - {'error': {'message': 'Too Many Requests', 'type': 'too_many_requests', 'param': None, 'code': 'too_many_requests'}}
Failed for Daniel Powter - Styrofoam: Error code: 429 - {'error': {'message': 'Too Many Requests', 'type': 'too_many_requests', 'param': None, 'code': 'too_many_requests'}}
Failed for Sonic Youth - Master-Dik: Error code: 429 - {'error': {'message': 'Too Many Requests', 'type': 'too_many_requests', 'param': None, 'code': 'too_many_requests'}}
Failed for Kylie Minogue - Still Standing: Error code: 429 - {'error': {'message': 'Too Many Requests', 'type': 'too_many_requests', 'param': None, 'code': 'too_many_requests'}}
Failed for Hypocrisy - Blooddrenched: Error code: 429 - {'error': {'message': 'Too Many Requests', 'type': 'too_many_requests', 'param': None, 'code': 'too_many_requests'}}
Failed for Hypocrisy - A Coming Race: Error code: 429 - {'error': {'message': 'Too Many Requests', 'type': 'too_many_requests', 'param': None, 'code': 'too_many_requests'}}
Failed for Incredible Bongo Band - Apache: Error code: 429 - {'error': {'message': 'Too Many Requests', 'type': 'too_many_requests', 'param': None, 'code': 'too_many_requests'}}
Failed for Bob Sinclar - Rock This Party (Everybody Dance Now) (Radio Edit): Error code: 429 - {'error': {'message': 'Too Many Requests', 'type': 'too_many_requests', 'param': None, 'code': 'too_many_requests'}}
Failed for Susperia - Release: Error code: 429 - {'error': {'message': 'Too Many Requests', 'type': 'too_many_requests', 'param': None, 'code': 'too_many_requests'}}
Failed for Susanna And The Magical Orchestra - Believer: Error code: 429 - {'error': {'message': 'Too Many Requests', 'type': 'too_many_requests', 'param': None, 'code': 'too_many_requests'}}
Failed for Susanna And The Magical Orchestra - It'S A Long Way To The Top: Error code: 429 - {'error': {'message': 'Too Many Requests', 'type': 'too_many_requests', 'param': None, 'code': 'too_many_requests'}}
Failed for Maria Peszek - Mgła: Error code: 429 - {'error': {'message': 'Too Many Requests', 'type': 'too_many_requests', 'param': None, 'code': 'too_many_requests'}}
Failed for Maria Mena - Blame It On Me: Error code: 429 - {'error': {'message': 'Too Many Requests', 'type': 'too_many_requests', 'param': None, 'code': 'too_many_requests'}}
200/2988 done
Failed for Cock Sparrer - Chip On My Shoulder: Error code: 429 - {'error': {'message': 'Too Many Requests', 'type': 'too_many_requests', 'param': None, 'code': 'too_many_requests'}}
Failed for Della Reese - With Pen In Hand: Error code: 429 - {'error': {'message': 'Too Many Requests', 'type': 'too_many_requests', 'param': None, 'code': 'too_many_requests'}}
Failed for Beastie Boys - Something'S Got To Give: Error code: 429 - {'error': {'message': 'Too Many Requests', 'type': 'too_many_requests', 'param': None, 'code': 'too_many_requests'}}
Failed for The Stone Roses - How Do You Sleep: Error code: 429 - {'error': {'message': 'Too Many Requests', 'type': 'too_many_requests', 'param': None, 'code': 'too_many_requests'}}
Failed for Amerie - Nothing Like Loving You: Error code: 429 - {'error': {'message': 'Too Many Requests', 'type': 'too_many_requests', 'param': None, 'code': 'too_many_requests'}}
Failed for Tactical Sekt - You'Re Fired: Error code: 429 - {'error': {'message': 'Too Many Requests', 'type': 'too_many_requests', 'param': None, 'code': 'too_many_requests'}}
Failed for Róisín Murphy - The Closing Of The Doors: Error code: 429 - {'error': {'message': 'Too Many Requests', 'type': 'too_many_requests', 'param': None, 'code': 'too_many_requests'}}
Failed for Arcana - The Oath: Error code: 429 - {'error': {'message': 'Too Many Requests', 'type': 'too_many_requests', 'param': None, 'code': 'too_many_requests'}}
Failed for Eric Clapton - Lonely Stranger: Error code: 429 - {'error': {'message': 'Too Many Requests', 'type': 'too_many_requests', 'param': None, 'code': 'too_many_requests'}}
Failed for All Girl Summer Fun Band - Girl #3: Error code: 429 - {'error': {'message': 'Too Many Requests', 'type': 'too_many_requests', 'param': None, 'code': 'too_many_requests'}}
Failed for Hypocrisy - Craving For Another Killing: Error code: 429 - {'error': {'message': 'Too Many Requests', 'type': 'too_many_requests', 'param': None, 'code': 'too_many_requests'}}
Failed for The 5Th Dimension - Aquarius/Let The Sun Shine In: Error code: 429 - {'error': {'message': 'Too Many Requests', 'type': 'too_many_requests', 'param': None, 'code': 'too_many_requests'}}
Failed for Meck Feat. Dino - Feels Like Home (Radio Edit): Error code: 429 - {'error': {'message': 'Too Many Requests', 'type': 'too_many_requests', 'param': None, 'code': 'too_many_requests'}}
Failed for The Music - The Last One: Error code: 429 - {'error': {'message': 'Too Many Requests', 'type': 'too_many_requests', 'param': None, 'code': 'too_many_requests'}}
Failed for Earlimart - Fakey Fake: Error code: 429 - {'error': {'message': 'Too Many Requests', 'type': 'too_many_requests', 'param': None, 'code': 'too_many_requests'}}
Failed for Kylie Minogue - Obsession: Error code: 429 - {'error': {'message': 'Too Many Requests', 'type': 'too_many_requests', 'param': None, 'code': 'too_many_requests'}}
Failed for Róisín Murphy - Prelude To Love In The Making: Error code: 429 - {'error': {'message': 'Too Many Requests', 'type': 'too_many_requests', 'param': None, 'code': 'too_many_requests'}}
Failed for Billie Holiday - Lady Sings The Blues: Error code: 429 - {'error': {'message': 'Too Many Requests', 'type': 'too_many_requests', 'param': None, 'code': 'too_many_requests'}}
Failed for The White Stripes - Cold Cold Night: Error code: 429 - {'error': {'message': 'Too Many Requests', 'type': 'too_many_requests', 'param': None, 'code': 'too_many_requests'}}
Failed for Kyau & Albert - Kiksu (Original Mix): Error code: 429 - {'error': {'message': 'Too Many Requests', 'type': 'too_many_requests', 'param': None, 'code': 'too_many_requests'}}
Failed for The Raconteurs - Pull This Blanket Off: Error code: 429 - {'error': {'message': 'Too Many Requests', 'type': 'too_many_requests', 'param': None, 'code': 'too_many_requests'}}
Failed for Björk - So Broken: Error code: 429 - {'error': {'message': 'Too Many Requests', 'type': 'too_many_requests', 'param': None, 'code': 'too_many_requests'}}
Failed for Frank Zappa - Trouble Every Day: Error code: 429 - {'error': {'message': 'Too Many Requests', 'type': 'too_many_requests', 'param': None, 'code': 'too_many_requests'}}
Failed for Kylie Minogue - After Dark: Error code: 429 - {'error': {'message': 'Too Many Requests', 'type': 'too_many_requests', 'param': None, 'code': 'too_many_requests'}}
Failed for Assemblage 23 - Apart: Error code: 429 - {'error': {'message': 'Too Many Requests', 'type': 'too_many_requests', 'param': None, 'code': 'too_many_requests'}}
Failed for Milosh - The Sky Is Grey: Error code: 429 - {'error': {'message': 'Too Many Requests', 'type': 'too_many_requests', 'param': None, 'code': 'too_many_requests'}}
Failed for Nightmares On Wax - Groove St.: Error code: 429 - {'error': {'message': 'Too Many Requests', 'type': 'too_many_requests', 'param': None, 'code': 'too_many_requests'}}
Failed for Nightmare Of You - Why Am I Always Right?: Error code: 429 - {'error': {'message': 'Too Many Requests', 'type': 'too_many_requests', 'param': None, 'code': 'too_many_requests'}}
Failed for John Foxx - 030: Error code: 429 - {'error': {'message': 'Too Many Requests', 'type': 'too_many_requests', 'param': None, 'code': 'too_many_requests'}}
Failed for Nightmares On Wax - Chime Out: Error code: 429 - {'error': {'message': 'Too Many Requests', 'type': 'too_many_requests', 'param': None, 'code': 'too_many_requests'}}
Failed for Nightmares On Wax - Ethnic Majority: Error code: 429 - {'error': {'message': 'Too Many Requests', 'type': 'too_many_requests', 'param': None, 'code': 'too_many_requests'}}
Failed for The Dillinger Escape Plan - Fix Your Face: Error code: 429 - {'error': {'message': 'Too Many Requests', 'type': 'too_many_requests', 'param': None, 'code': 'too_many_requests'}}
Failed for Diablo - Omerta: Error code: 429 - {'error': {'message': 'Too Many Requests', 'type': 'too_many_requests', 'param': None, 'code': 'too_many_requests'}}
Failed for John Foxx - Miles Away: Error code: 429 - {'error': {'message': 'Too Many Requests', 'type': 'too_many_requests', 'param': None, 'code': 'too_many_requests'}}
Failed for The View - Gran'S For Tea: Error code: 429 - {'error': {'message': 'Too Many Requests', 'type': 'too_many_requests', 'param': None, 'code': 'too_many_requests'}}
Failed for Cock Robin - Stumble And Fall: Error code: 429 - {'error': {'message': 'Too Many Requests', 'type': 'too_many_requests', 'param': None, 'code': 'too_many_requests'}}
Failed for Set Your Goals - Work In Progress: Error code: 429 - {'error': {'message': 'Too Many Requests', 'type': 'too_many_requests', 'param': None, 'code': 'too_many_requests'}}
Failed for Skinny Puppy - Curcible: Error code: 429 - {'error': {'message': 'Too Many Requests', 'type': 'too_many_requests', 'param': None, 'code': 'too_many_requests'}}
Failed for Nightmares On Wax - Pipes Honour: Error code: 429 - {'error': {'message': 'Too Many Requests', 'type': 'too_many_requests', 'param': None, 'code': 'too_many_requests'}}
Failed for Cobra Starship - The City Is At War: Error code: 429 - {'error': {'message': 'Too Many Requests', 'type': 'too_many_requests', 'param': None, 'code': 'too_many_requests'}}
Failed for The Devin Townsend Band - Mental Tan: Error code: 429 - {'error': {'message': 'Too Many Requests', 'type': 'too_many_requests', 'param': None, 'code': 'too_many_requests'}}
Failed for Assemblage 23 - Fallen Down: Error code: 429 - {'error': {'message': 'Too Many Requests', 'type': 'too_many_requests', 'param': None, 'code': 'too_many_requests'}}
Failed for The Be Good Tanyas - Light Enough To Travel: Error code: 429 - {'error': {'message': 'Too Many Requests', 'type': 'too_many_requests', 'param': None, 'code': 'too_many_requests'}}
Failed for The Radio Dept. - Closing Scene: Error code: 429 - {'error': {'message': 'Too Many Requests', 'type': 'too_many_requests', 'param': None, 'code': 'too_many_requests'}}
Failed for Part Chimp - Hello Bastards: Error code: 429 - {'error': {'message': 'Too Many Requests', 'type': 'too_many_requests', 'param': None, 'code': 'too_many_requests'}}
Failed for The White Stripes - Black Math (Live Under Blackpool Lights): Error code: 429 - {'error': {'message': 'Too Many Requests', 'type': 'too_many_requests', 'param': None, 'code': 'too_many_requests'}}
Failed for The Radio Dept. - Let Me Have This: Error code: 429 - {'error': {'message': 'Too Many Requests', 'type': 'too_many_requests', 'param': None, 'code': 'too_many_requests'}}
Failed for The Be Good Tanyas - House Of The Rising Sun: Error code: 429 - {'error': {'message': 'Too Many Requests', 'type': 'too_many_requests', 'param': None, 'code': 'too_many_requests'}}
Failed for Parts & Labor - Brighter Days: Error code: 429 - {'error': {'message': 'Too Many Requests', 'type': 'too_many_requests', 'param': None, 'code': 'too_many_requests'}}
Failed for Parts & Labor - The Gold We'Re Digging: Error code: 429 - {'error': {'message': 'Too Many Requests', 'type': 'too_many_requests', 'param': None, 'code': 'too_many_requests'}}
Failed for ...And You Will Know Us By The Trail Of Dead - Insatiable (One): Error code: 429 - {'error': {'message': 'Too Many Requests', 'type': 'too_many_requests', 'param': None, 'code': 'too_many_requests'}}
Failed for Los Lobos - Wake Up Dolores: Error code: 429 - {'error': {'message': 'Too Many Requests', 'type': 'too_many_requests', 'param': None, 'code': 'too_many_requests'}}
Failed for India.Arie - I Am Not My Hair (Feat. Akon): Error code: 429 - {'error': {'message': 'Too Many Requests', 'type': 'too_many_requests', 'param': None, 'code': 'too_many_requests'}}
Failed for Pet Shop Boys - My October Symphony: Error code: 429 - {'error': {'message': 'Too Many Requests', 'type': 'too_many_requests', 'param': None, 'code': 'too_many_requests'}}
Failed for The Smiths - What Difference Does It Make (Peel Session): Error code: 429 - {'error': {'message': 'Too Many Requests', 'type': 'too_many_requests', 'param': None, 'code': 'too_many_requests'}}
Failed for Nightingale - Game Over: Error code: 429 - {'error': {'message': 'Too Many Requests', 'type': 'too_many_requests', 'param': None, 'code': 'too_many_requests'}}
Failed for John Foxx - Touch And Go: Error code: 429 - {'error': {'message': 'Too Many Requests', 'type': 'too_many_requests', 'param': None, 'code': 'too_many_requests'}}
Failed for The Clash - Cheapskates: Error code: 429 - {'error': {'message': 'Too Many Requests', 'type': 'too_many_requests', 'param': None, 'code': 'too_many_requests'}}
Failed for Delerium - Silence (Niels Van Gogh Vs. Thomas Gold Remix): Error code: 429 - {'error': {'message': 'Too Many Requests', 'type': 'too_many_requests', 'param': None, 'code': 'too_many_requests'}}
Failed for Yo La Tengo - Double Dare: Error code: 429 - {'error': {'message': 'Too Many Requests', 'type': 'too_many_requests', 'param': None, 'code': 'too_many_requests'}}
Failed for Manic Street Preachers - Slash 'N' Burn: Error code: 429 - {'error': {'message': 'Too Many Requests', 'type': 'too_many_requests', 'param': None, 'code': 'too_many_requests'}}
Failed for Covenant - Brave New World: Error code: 429 - {'error': {'message': 'Too Many Requests', 'type': 'too_many_requests', 'param': None, 'code': 'too_many_requests'}}
Failed for Delerium - Duende: Error code: 429 - {'error': {'message': 'Too Many Requests', 'type': 'too_many_requests', 'param': None, 'code': 'too_many_requests'}}
Failed for Covenant - Monochrome: Error code: 429 - {'error': {'message': 'Too Many Requests', 'type': 'too_many_requests', 'param': None, 'code': 'too_many_requests'}}
Failed for Portishead - Toy Box: Error code: 429 - {'error': {'message': 'Too Many Requests', 'type': 'too_many_requests', 'param': None, 'code': 'too_many_requests'}}
Failed for Portugal. The Man - Shade: Error code: 429 - {'error': {'message': 'Too Many Requests', 'type': 'too_many_requests', 'param': None, 'code': 'too_many_requests'}}
Failed for Covenant - No Man'S Land: Error code: 429 - {'error': {'message': 'Too Many Requests', 'type': 'too_many_requests', 'param': None, 'code': 'too_many_requests'}}
Failed for David Ford - I Don'T Care What You Call Me (Radio Edit): Error code: 429 - {'error': {'message': 'Too Many Requests', 'type': 'too_many_requests', 'param': None, 'code': 'too_many_requests'}}
Failed for The Stone Roses - One Love: Error code: 429 - {'error': {'message': 'Too Many Requests', 'type': 'too_many_requests', 'param': None, 'code': 'too_many_requests'}}
Failed for Kult - Wódka: Error code: 429 - {'error': {'message': 'Too Many Requests', 'type': 'too_many_requests', 'param': None, 'code': 'too_many_requests'}}
Failed for Sonique - Sky: Error code: 429 - {'error': {'message': 'Too Many Requests', 'type': 'too_many_requests', 'param': None, 'code': 'too_many_requests'}}
Failed for Mindless Self Indulgence - Unsociable: Error code: 429 - {'error': {'message': 'Too Many Requests', 'type': 'too_many_requests', 'param': None, 'code': 'too_many_requests'}}
Failed for Eagle-Eye Cherry - Are You Still Having Fun: Error code: 429 - {'error': {'message': 'Too Many Requests', 'type': 'too_many_requests', 'param': None, 'code': 'too_many_requests'}}
Failed for Kult - Piotr Pielgrzym: Error code: 429 - {'error': {'message': 'Too Many Requests', 'type': 'too_many_requests', 'param': None, 'code': 'too_many_requests'}}
Failed for Ministry - Faith Collapsing: Error code: 429 - {'error': {'message': 'Too Many Requests', 'type': 'too_many_requests', 'param': None, 'code': 'too_many_requests'}}
Failed for Burzum - Dunkelheit: Error code: 429 - {'error': {'message': 'Too Many Requests', 'type': 'too_many_requests', 'param': None, 'code': 'too_many_requests'}}
Failed for Ryan Adams - Two Hearts: Error code: 429 - {'error': {'message': 'Too Many Requests', 'type': 'too_many_requests', 'param': None, 'code': 'too_many_requests'}}
Failed for Annihilator - Word Salad: Error code: 429 - {'error': {'message': 'Too Many Requests', 'type': 'too_many_requests', 'param': None, 'code': 'too_many_requests'}}
Failed for Minilogue - Jamaica: Error code: 429 - {'error': {'message': 'Too Many Requests', 'type': 'too_many_requests', 'param': None, 'code': 'too_many_requests'}}
Failed for Sono - A New Cage: Error code: 429 - {'error': {'message': 'Too Many Requests', 'type': 'too_many_requests', 'param': None, 'code': 'too_many_requests'}}
Failed for Ministry - Grace: Error code: 429 - {'error': {'message': 'Too Many Requests', 'type': 'too_many_requests', 'param': None, 'code': 'too_many_requests'}}
Failed for The Vines - Country Yard: Error code: 429 - {'error': {'message': 'Too Many Requests', 'type': 'too_many_requests', 'param': None, 'code': 'too_many_requests'}}
Failed for Superpitcher - People: Error code: 429 - {'error': {'message': 'Too Many Requests', 'type': 'too_many_requests', 'param': None, 'code': 'too_many_requests'}}
Failed for Nicole - Ajaton: Error code: 429 - {'error': {'message': 'Too Many Requests', 'type': 'too_many_requests', 'param': None, 'code': 'too_many_requests'}}
Failed for Nicola Hitchcock - You Will Feel Like This: Error code: 429 - {'error': {'message': 'Too Many Requests', 'type': 'too_many_requests', 'param': None, 'code': 'too_many_requests'}}
Failed for Supersuckers - A Good Night For My Drinkin': Error code: 429 - {'error': {'message': 'Too Many Requests', 'type': 'too_many_requests', 'param': None, 'code': 'too_many_requests'}}
Failed for Los Hermanos - O Vencedor: Error code: 429 - {'error': {'message': 'Too Many Requests', 'type': 'too_many_requests', 'param': None, 'code': 'too_many_requests'}}
Failed for John Frusciante - The First Season: Error code: 429 - {'error': {'message': 'Too Many Requests', 'type': 'too_many_requests', 'param': None, 'code': 'too_many_requests'}}
Failed for John Frusciante - I Can'T See Until I See Your Eyes: Error code: 429 - {'error': {'message': 'Too Many Requests', 'type': 'too_many_requests', 'param': None, 'code': 'too_many_requests'}}
Failed for Warmen - Somebody'S Watching Me: Error code: 429 - {'error': {'message': 'Too Many Requests', 'type': 'too_many_requests', 'param': None, 'code': 'too_many_requests'}}
Failed for Queens Of The Stone Age - Infinity: Error code: 429 - {'error': {'message': 'Too Many Requests', 'type': 'too_many_requests', 'param': None, 'code': 'too_many_requests'}}
Failed for The Dismemberment Plan - A Life Of Possibilities: Error code: 429 - {'error': {'message': 'Too Many Requests', 'type': 'too_many_requests', 'param': None, 'code': 'too_many_requests'}}
Failed for Queens Of The Stone Age - Never Say Never: Error code: 429 - {'error': {'message': 'Too Many Requests', 'type': 'too_many_requests', 'param': None, 'code': 'too_many_requests'}}
Failed for Supersuckers - Roadworn And Weary: Error code: 429 - {'error': {'message': 'Too Many Requests', 'type': 'too_many_requests', 'param': None, 'code': 'too_many_requests'}}
Failed for Warrel Dane - This Old Man: Error code: 429 - {'error': {'message': 'Too Many Requests', 'type': 'too_many_requests', 'param': None, 'code': 'too_many_requests'}}
300/2988 done
Failed for Kult - Czarne Słońca: Error code: 429 - {'error': {'message': 'Too Many Requests', 'type': 'too_many_requests', 'param': None, 'code': 'too_many_requests'}}
Failed for Queens Of The Stone Age - God Is On The Radio: Error code: 429 - {'error': {'message': 'Too Many Requests', 'type': 'too_many_requests', 'param': None, 'code': 'too_many_requests'}}
Failed for Queens Of The Stone Age - Born To Hula: Error code: 429 - {'error': {'message': 'Too Many Requests', 'type': 'too_many_requests', 'param': None, 'code': 'too_many_requests'}}
Failed for Kult - Czekając Na Królestwo J.H.W.H.: Error code: 429 - {'error': {'message': 'Too Many Requests', 'type': 'too_many_requests', 'param': None, 'code': 'too_many_requests'}}
Failed for Kult - 3 Gwiazdy: Error code: 429 - {'error': {'message': 'Too Many Requests', 'type': 'too_many_requests', 'param': None, 'code': 'too_many_requests'}}
Failed for Frankmusik - In Step: Error code: 429 - {'error': {'message': 'Too Many Requests', 'type': 'too_many_requests', 'param': None, 'code': 'too_many_requests'}}
Failed for E*Vax - The Process Of Leaving: Error code: 429 - {'error': {'message': 'Too Many Requests', 'type': 'too_many_requests', 'param': None, 'code': 'too_many_requests'}}
Failed for Breaking Benjamin - Follow: Error code: 429 - {'error': {'message': 'Too Many Requests', 'type': 'too_many_requests', 'param': None, 'code': 'too_many_requests'}}
Failed for Scatman John - Scatman: Error code: 429 - {'error': {'message': 'Too Many Requests', 'type': 'too_many_requests', 'param': None, 'code': 'too_many_requests'}}
Failed for Björk - Where Is The Line?: Error code: 429 - {'error': {'message': 'Too Many Requests', 'type': 'too_many_requests', 'param': None, 'code': 'too_many_requests'}}
Failed for The Mountain Goats - In The Hidden Places: Error code: 429 - {'error': {'message': 'Too Many Requests', 'type': 'too_many_requests', 'param': None, 'code': 'too_many_requests'}}
Failed for Ryan Adams - Pearls On A String: Error code: 429 - {'error': {'message': 'Too Many Requests', 'type': 'too_many_requests', 'param': None, 'code': 'too_many_requests'}}
Failed for The Mountain Goats - Half Dead: Error code: 429 - {'error': {'message': 'Too Many Requests', 'type': 'too_many_requests', 'param': None, 'code': 'too_many_requests'}}
Failed for Dååth - From The Blind: Error code: 429 - {'error': {'message': 'Too Many Requests', 'type': 'too_many_requests', 'param': None, 'code': 'too_many_requests'}}
Failed for Dååth - Subterfuge: Error code: 429 - {'error': {'message': 'Too Many Requests', 'type': 'too_many_requests', 'param': None, 'code': 'too_many_requests'}}
Failed for Astor Piazzolla - Libertango: Error code: 429 - {'error': {'message': 'Too Many Requests', 'type': 'too_many_requests', 'param': None, 'code': 'too_many_requests'}}
Failed for Kubichek! - Nightjoy: Error code: 429 - {'error': {'message': 'Too Many Requests', 'type': 'too_many_requests', 'param': None, 'code': 'too_many_requests'}}
Failed for Yo La Tengo - Pass The Hatchet: Error code: 429 - {'error': {'message': 'Too Many Requests', 'type': 'too_many_requests', 'param': None, 'code': 'too_many_requests'}}
Failed for Ryan Adams - Nightbirds: Error code: 429 - {'error': {'message': 'Too Many Requests', 'type': 'too_many_requests', 'param': None, 'code': 'too_many_requests'}}
Failed for Gui Boratto - Terminal: Error code: 429 - {'error': {'message': 'Too Many Requests', 'type': 'too_many_requests', 'param': None, 'code': 'too_many_requests'}}
Failed for Diana Krall - When I Look In Your Eyes: Error code: 429 - {'error': {'message': 'Too Many Requests', 'type': 'too_many_requests', 'param': None, 'code': 'too_many_requests'}}
Failed for John Lennon - How Do You Sleep?: Error code: 429 - {'error': {'message': 'Too Many Requests', 'type': 'too_many_requests', 'param': None, 'code': 'too_many_requests'}}
Failed for Take That - Hello: Error code: 429 - {'error': {'message': 'Too Many Requests', 'type': 'too_many_requests', 'param': None, 'code': 'too_many_requests'}}
Failed for American Nightmare - Protest Song #00: Error code: 429 - {'error': {'message': 'Too Many Requests', 'type': 'too_many_requests', 'param': None, 'code': 'too_many_requests'}}
Failed for Clutch - Tripping The Alarm: Error code: 429 - {'error': {'message': 'Too Many Requests', 'type': 'too_many_requests', 'param': None, 'code': 'too_many_requests'}}
Failed for Delays - Too Much In Your Life: Error code: 429 - {'error': {'message': 'Too Many Requests', 'type': 'too_many_requests', 'param': None, 'code': 'too_many_requests'}}
Failed for Nico - Janitor Of Lunacy: Error code: 429 - {'error': {'message': 'Too Many Requests', 'type': 'too_many_requests', 'param': None, 'code': 'too_many_requests'}}
Failed for Boa - The Love Bug: Error code: 429 - {'error': {'message': 'Too Many Requests', 'type': 'too_many_requests', 'param': None, 'code': 'too_many_requests'}}
Failed for The Cinematic Orchestra - Diabolus: Error code: 429 - {'error': {'message': 'Too Many Requests', 'type': 'too_many_requests', 'param': None, 'code': 'too_many_requests'}}
Failed for Ohgr - Devil: Error code: 429 - {'error': {'message': 'Too Many Requests', 'type': 'too_many_requests', 'param': None, 'code': 'too_many_requests'}}
Failed for Oh No Oh My - On The Town: Error code: 429 - {'error': {'message': 'Too Many Requests', 'type': 'too_many_requests', 'param': None, 'code': 'too_many_requests'}}
Failed for Titus Andronicus - My Time Outside The Womb: Error code: 429 - {'error': {'message': 'Too Many Requests', 'type': 'too_many_requests', 'param': None, 'code': 'too_many_requests'}}
Failed for Cracker - Low: Error code: 429 - {'error': {'message': 'Too Many Requests', 'type': 'too_many_requests', 'param': None, 'code': 'too_many_requests'}}
Failed for Akufen - Jeep Sex: Error code: 429 - {'error': {'message': 'Too Many Requests', 'type': 'too_many_requests', 'param': None, 'code': 'too_many_requests'}}
Failed for Siouxsie Sioux - If It Doesn'T Kill You: Error code: 429 - {'error': {'message': 'Too Many Requests', 'type': 'too_many_requests', 'param': None, 'code': 'too_many_requests'}}
Failed for The Cinematic Orchestra - The Animated Tripod: Error code: 429 - {'error': {'message': 'Too Many Requests', 'type': 'too_many_requests', 'param': None, 'code': 'too_many_requests'}}
Failed for Elio E Le Storie Tese - Cartoni Animati Giapponesi: Error code: 429 - {'error': {'message': 'Too Many Requests', 'type': 'too_many_requests', 'param': None, 'code': 'too_many_requests'}}
Failed for School Of Seven Bells - Wired For Light: Error code: 429 - {'error': {'message': 'Too Many Requests', 'type': 'too_many_requests', 'param': None, 'code': 'too_many_requests'}}
Failed for The Beach Boys - Let'S Go Away For A While: Error code: 429 - {'error': {'message': 'Too Many Requests', 'type': 'too_many_requests', 'param': None, 'code': 'too_many_requests'}}
Failed for Ryan Adams - Bartering Lines: Error code: 429 - {'error': {'message': 'Too Many Requests', 'type': 'too_many_requests', 'param': None, 'code': 'too_many_requests'}}
Failed for Minus 8 - Elysian Fields: Error code: 429 - {'error': {'message': 'Too Many Requests', 'type': 'too_many_requests', 'param': None, 'code': 'too_many_requests'}}
Failed for Butcher Boy - I Could Be In Love With Anyone: Error code: 429 - {'error': {'message': 'Too Many Requests', 'type': 'too_many_requests', 'param': None, 'code': 'too_many_requests'}}
Failed for Daniel Johnston - Syrup Of Tears: Error code: 429 - {'error': {'message': 'Too Many Requests', 'type': 'too_many_requests', 'param': None, 'code': 'too_many_requests'}}
Failed for Tom Waits - Shake It: Error code: 429 - {'error': {'message': 'Too Many Requests', 'type': 'too_many_requests', 'param': None, 'code': 'too_many_requests'}}
Failed for Hurt - Overdose: Error code: 429 - {'error': {'message': 'Too Many Requests', 'type': 'too_many_requests', 'param': None, 'code': 'too_many_requests'}}
Failed for Supergrass - It'S Not Me: Error code: 429 - {'error': {'message': 'Too Many Requests', 'type': 'too_many_requests', 'param': None, 'code': 'too_many_requests'}}
Failed for Supergrass - G-Song: Error code: 429 - {'error': {'message': 'Too Many Requests', 'type': 'too_many_requests', 'param': None, 'code': 'too_many_requests'}}
Failed for Quietdrive - Take A Drink: Error code: 429 - {'error': {'message': 'Too Many Requests', 'type': 'too_many_requests', 'param': None, 'code': 'too_many_requests'}}
Failed for Agalloch - As Embers Dress The Sky: Error code: 429 - {'error': {'message': 'Too Many Requests', 'type': 'too_many_requests', 'param': None, 'code': 'too_many_requests'}}
Failed for Nickelback - I'D Come For You: Error code: 429 - {'error': {'message': 'Too Many Requests', 'type': 'too_many_requests', 'param': None, 'code': 'too_many_requests'}}
Failed for John Mayer - Not Myself: Error code: 429 - {'error': {'message': 'Too Many Requests', 'type': 'too_many_requests', 'param': None, 'code': 'too_many_requests'}}
Failed for Agalloch - Foliorum Viridium: Error code: 429 - {'error': {'message': 'Too Many Requests', 'type': 'too_many_requests', 'param': None, 'code': 'too_many_requests'}}
Failed for Agalloch - Hallways Of Enchanted Ebony: Error code: 429 - {'error': {'message': 'Too Many Requests', 'type': 'too_many_requests', 'param': None, 'code': 'too_many_requests'}}
Failed for Guano Apes - Dick: Error code: 429 - {'error': {'message': 'Too Many Requests', 'type': 'too_many_requests', 'param': None, 'code': 'too_many_requests'}}
Failed for Guano Apes - Counting The Days: Error code: 429 - {'error': {'message': 'Too Many Requests', 'type': 'too_many_requests', 'param': None, 'code': 'too_many_requests'}}
Failed for Walls Of Jericho - No Saving Me: Error code: 429 - {'error': {'message': 'Too Many Requests', 'type': 'too_many_requests', 'param': None, 'code': 'too_many_requests'}}
Failed for Set Fire To Flames - 'I Will Be True... ' (From Lips Of Lying Dying Wonder Body #1) / Reign Rebuilder (Head): Error code: 429 - {'error': {'message': 'Too Many Requests', 'type': 'too_many_requests', 'param': None, 'code': 'too_many_requests'}}
Failed for Set Fire To Flames - And The Birds Are About To Bust Their Guts With Singing: Error code: 429 - {'error': {'message': 'Too Many Requests', 'type': 'too_many_requests', 'param': None, 'code': 'too_many_requests'}}
Failed for Los Hermanos - A Flor: Error code: 429 - {'error': {'message': 'Too Many Requests', 'type': 'too_many_requests', 'param': None, 'code': 'too_many_requests'}}
Failed for Agathodaimon - Body Of Clay: Error code: 429 - {'error': {'message': 'Too Many Requests', 'type': 'too_many_requests', 'param': None, 'code': 'too_many_requests'}}
Failed for Nickelback - Someone That You'Re With: Error code: 429 - {'error': {'message': 'Too Many Requests', 'type': 'too_many_requests', 'param': None, 'code': 'too_many_requests'}}
Failed for Nickelback - Woke Up This Morning: Error code: 429 - {'error': {'message': 'Too Many Requests', 'type': 'too_many_requests', 'param': None, 'code': 'too_many_requests'}}
Failed for Françoise Hardy - La Fille Avec Toi: Error code: 429 - {'error': {'message': 'Too Many Requests', 'type': 'too_many_requests', 'param': None, 'code': 'too_many_requests'}}
Failed for Parov Stelar - Sometimes (Feat. Anita Riegler): Error code: 429 - {'error': {'message': 'Too Many Requests', 'type': 'too_many_requests', 'param': None, 'code': 'too_many_requests'}}
Failed for The Raincoats - Black And White: Error code: 429 - {'error': {'message': 'Too Many Requests', 'type': 'too_many_requests', 'param': None, 'code': 'too_many_requests'}}
Failed for Hurt - Jezus: Error code: 429 - {'error': {'message': 'Too Many Requests', 'type': 'too_many_requests', 'param': None, 'code': 'too_many_requests'}}
Failed for Breaking Benjamin - Natural Life: Error code: 429 - {'error': {'message': 'Too Many Requests', 'type': 'too_many_requests', 'param': None, 'code': 'too_many_requests'}}
Failed for Less Than Jake - Is This Thing On?: Error code: 429 - {'error': {'message': 'Too Many Requests', 'type': 'too_many_requests', 'param': None, 'code': 'too_many_requests'}}
Failed for The Weepies - Just Blue: Error code: 429 - {'error': {'message': 'Too Many Requests', 'type': 'too_many_requests', 'param': None, 'code': 'too_many_requests'}}
Failed for Butthole Surfers - Who Was In My Room Last Night: Error code: 429 - {'error': {'message': 'Too Many Requests', 'type': 'too_many_requests', 'param': None, 'code': 'too_many_requests'}}
Failed for Kruder & Dorfmeister - Black Baby: Error code: 429 - {'error': {'message': 'Too Many Requests', 'type': 'too_many_requests', 'param': None, 'code': 'too_many_requests'}}
Failed for Dzihan & Kamien - Ford Transit: Error code: 429 - {'error': {'message': 'Too Many Requests', 'type': 'too_many_requests', 'param': None, 'code': 'too_many_requests'}}
Failed for Sopho - Visionary Dream (Georgia): Error code: 429 - {'error': {'message': 'Too Many Requests', 'type': 'too_many_requests', 'param': None, 'code': 'too_many_requests'}}
Failed for Freak Kitchen - Guilt Trip: Error code: 429 - {'error': {'message': 'Too Many Requests', 'type': 'too_many_requests', 'param': None, 'code': 'too_many_requests'}}
Failed for Buzzcocks - Are Everything: Error code: 429 - {'error': {'message': 'Too Many Requests', 'type': 'too_many_requests', 'param': None, 'code': 'too_many_requests'}}
Failed for Freak Kitchen - Becky: Error code: 429 - {'error': {'message': 'Too Many Requests', 'type': 'too_many_requests', 'param': None, 'code': 'too_many_requests'}}
Failed for Freak Kitchen - Seven Days In June: Error code: 429 - {'error': {'message': 'Too Many Requests', 'type': 'too_many_requests', 'param': None, 'code': 'too_many_requests'}}
Failed for Freak Kitchen - Mussolini Mind: Error code: 429 - {'error': {'message': 'Too Many Requests', 'type': 'too_many_requests', 'param': None, 'code': 'too_many_requests'}}
Failed for Freak Kitchen - Look Bored: Error code: 429 - {'error': {'message': 'Too Many Requests', 'type': 'too_many_requests', 'param': None, 'code': 'too_many_requests'}}
Failed for Daniel Garcia - El Reino Del Tiempo: Error code: 429 - {'error': {'message': 'Too Many Requests', 'type': 'too_many_requests', 'param': None, 'code': 'too_many_requests'}}
Failed for The Beatles - 12-Wait: Error code: 429 - {'error': {'message': 'Too Many Requests', 'type': 'too_many_requests', 'param': None, 'code': 'too_many_requests'}}
Failed for Blood For Blood - Ain'T Like You (Wasted Youth Ii): Error code: 429 - {'error': {'message': 'Too Many Requests', 'type': 'too_many_requests', 'param': None, 'code': 'too_many_requests'}}
Failed for Texas Lightning - No No Never: Error code: 429 - {'error': {'message': 'Too Many Requests', 'type': 'too_many_requests', 'param': None, 'code': 'too_many_requests'}}
Failed for 鈴村健一 - とりあえずそれで行こう: Error code: 429 - {'error': {'message': 'Too Many Requests', 'type': 'too_many_requests', 'param': None, 'code': 'too_many_requests'}}
Failed for Pete Shelley - Witness The Change: Error code: 429 - {'error': {'message': 'Too Many Requests', 'type': 'too_many_requests', 'param': None, 'code': 'too_many_requests'}}
Failed for ...And You Will Know Us By The Trail Of Dead - Fields Of Coal: Error code: 429 - {'error': {'message': 'Too Many Requests', 'type': 'too_many_requests', 'param': None, 'code': 'too_many_requests'}}
Failed for David Guetta - When Love Takes Over (Feat. Kelly Rowland): Error code: 429 - {'error': {'message': 'Too Many Requests', 'type': 'too_many_requests', 'param': None, 'code': 'too_many_requests'}}
Failed for Bad Religion - The Gray Race: Error code: 429 - {'error': {'message': 'Too Many Requests', 'type': 'too_many_requests', 'param': None, 'code': 'too_many_requests'}}
Failed for Bad Religion - Sinister Rouge: Error code: 429 - {'error': {'message': 'Too Many Requests', 'type': 'too_many_requests', 'param': None, 'code': 'too_many_requests'}}
Failed for Nick Lowe - I Love The Sound Of Breaking Glass: Error code: 429 - {'error': {'message': 'Too Many Requests', 'type': 'too_many_requests', 'param': None, 'code': 'too_many_requests'}}
Failed for Against Me! - Borne On The Fm Waves Of The Heart: Error code: 429 - {'error': {'message': 'Too Many Requests', 'type': 'too_many_requests', 'param': None, 'code': 'too_many_requests'}}
Failed for John Murphy - Rage: Error code: 429 - {'error': {'message': 'Too Many Requests', 'type': 'too_many_requests', 'param': None, 'code': 'too_many_requests'}}
Failed for Clouddead - Son Of A Gun: Error code: 429 - {'error': {'message': 'Too Many Requests', 'type': 'too_many_requests', 'param': None, 'code': 'too_many_requests'}}
Failed for Clouddead - The Keen Teen Skip: Error code: 429 - {'error': {'message': 'Too Many Requests', 'type': 'too_many_requests', 'param': None, 'code': 'too_many_requests'}}
Failed for Head Automatica - King Caesar: Error code: 429 - {'error': {'message': 'Too Many Requests', 'type': 'too_many_requests', 'param': None, 'code': 'too_many_requests'}}
Failed for Bear Vs. Shark - I Fucked Your Dad: Error code: 429 - {'error': {'message': 'Too Many Requests', 'type': 'too_many_requests', 'param': None, 'code': 'too_many_requests'}}
Failed for Marianne Faithfull - The Ballad Of Lucy Jordan: Error code: 429 - {'error': {'message': 'Too Many Requests', 'type': 'too_many_requests', 'param': None, 'code': 'too_many_requests'}}
Failed for The Dixie Cups - Chapel Of Love: Error code: 429 - {'error': {'message': 'Too Many Requests', 'type': 'too_many_requests', 'param': None, 'code': 'too_many_requests'}}
Failed for Clouddead - Physics Of A Unicycle: Error code: 429 - {'error': {'message': 'Too Many Requests', 'type': 'too_many_requests', 'param': None, 'code': 'too_many_requests'}}
Failed for Emma Pollock - Limbs: Error code: 429 - {'error': {'message': 'Too Many Requests', 'type': 'too_many_requests', 'param': None, 'code': 'too_many_requests'}}
400/2988 done
Failed for Rush - The Body Electric: Error code: 429 - {'error': {'message': 'Too Many Requests', 'type': 'too_many_requests', 'param': None, 'code': 'too_many_requests'}}
Failed for Finntroll - Svartberg: Error code: 429 - {'error': {'message': 'Too Many Requests', 'type': 'too_many_requests', 'param': None, 'code': 'too_many_requests'}}
Failed for A Sunny Day In Glasgow - 5:15 Train: Error code: 429 - {'error': {'message': 'Too Many Requests', 'type': 'too_many_requests', 'param': None, 'code': 'too_many_requests'}}
Failed for Finntroll - Under Två Runor: Error code: 429 - {'error': {'message': 'Too Many Requests', 'type': 'too_many_requests', 'param': None, 'code': 'too_many_requests'}}
Failed for Fiona Apple - Please Send Me Someone To Love: Error code: 429 - {'error': {'message': 'Too Many Requests', 'type': 'too_many_requests', 'param': None, 'code': 'too_many_requests'}}
Failed for The Modern Lovers - Someone I Care About: Error code: 429 - {'error': {'message': 'Too Many Requests', 'type': 'too_many_requests', 'param': None, 'code': 'too_many_requests'}}
Failed for Dwight Yoakam - Close Up The Honky Tonks: Error code: 429 - {'error': {'message': 'Too Many Requests', 'type': 'too_many_requests', 'param': None, 'code': 'too_many_requests'}}
Failed for Misfits - Diana: Error code: 429 - {'error': {'message': 'Too Many Requests', 'type': 'too_many_requests', 'param': None, 'code': 'too_many_requests'}}
Failed for The Modern Lovers - Old World: Error code: 429 - {'error': {'message': 'Too Many Requests', 'type': 'too_many_requests', 'param': None, 'code': 'too_many_requests'}}
Failed for Rush - The Seeker: Error code: 429 - {'error': {'message': 'Too Many Requests', 'type': 'too_many_requests', 'param': None, 'code': 'too_many_requests'}}
Failed for Rush - In The Mood: Error code: 429 - {'error': {'message': 'Too Many Requests', 'type': 'too_many_requests', 'param': None, 'code': 'too_many_requests'}}
Failed for Misfits - Braineaters: Error code: 429 - {'error': {'message': 'Too Many Requests', 'type': 'too_many_requests', 'param': None, 'code': 'too_many_requests'}}
Failed for Misfits - Dream Lover: Error code: 429 - {'error': {'message': 'Too Many Requests', 'type': 'too_many_requests', 'param': None, 'code': 'too_many_requests'}}
Failed for The Monkees - (I'M Not Your) Steppin' Stone: Error code: 429 - {'error': {'message': 'Too Many Requests', 'type': 'too_many_requests', 'param': None, 'code': 'too_many_requests'}}
Failed for The Mission - Stay With Me: Error code: 429 - {'error': {'message': 'Too Many Requests', 'type': 'too_many_requests', 'param': None, 'code': 'too_many_requests'}}
Failed for Annie - Gimme Your Money: Error code: 429 - {'error': {'message': 'Too Many Requests', 'type': 'too_many_requests', 'param': None, 'code': 'too_many_requests'}}
Failed for The Modern Lovers - Hospital: Error code: 429 - {'error': {'message': 'Too Many Requests', 'type': 'too_many_requests', 'param': None, 'code': 'too_many_requests'}}
Failed for Belle And Sebastian - Dirty Dream #2: Error code: 429 - {'error': {'message': 'Too Many Requests', 'type': 'too_many_requests', 'param': None, 'code': 'too_many_requests'}}
Failed for The Doors - Crystal Ship: Error code: 429 - {'error': {'message': 'Too Many Requests', 'type': 'too_many_requests', 'param': None, 'code': 'too_many_requests'}}
Failed for John Parr Vs. Tommyknockers - New Horizon: Error code: 429 - {'error': {'message': 'Too Many Requests', 'type': 'too_many_requests', 'param': None, 'code': 'too_many_requests'}}
Failed for Gruff Rhys - This Is Just The Beginning: Error code: 429 - {'error': {'message': 'Too Many Requests', 'type': 'too_many_requests', 'param': None, 'code': 'too_many_requests'}}
Failed for Gruff Rhys - Painting People Blue: Error code: 429 - {'error': {'message': 'Too Many Requests', 'type': 'too_many_requests', 'param': None, 'code': 'too_many_requests'}}
Failed for Cloud Cult - Chain Reaction: Error code: 429 - {'error': {'message': 'Too Many Requests', 'type': 'too_many_requests', 'param': None, 'code': 'too_many_requests'}}
Failed for Nick Drake - Mayfair: Error code: 429 - {'error': {'message': 'Too Many Requests', 'type': 'too_many_requests', 'param': None, 'code': 'too_many_requests'}}
Failed for Grupo De Expertos Solynieve - Alegato Meridional: Error code: 429 - {'error': {'message': 'Too Many Requests', 'type': 'too_many_requests', 'param': None, 'code': 'too_many_requests'}}
Failed for Jay-Z - Encore: Error code: 429 - {'error': {'message': 'Too Many Requests', 'type': 'too_many_requests', 'param': None, 'code': 'too_many_requests'}}
Failed for The Vines - Vision Valley: Error code: 429 - {'error': {'message': 'Too Many Requests', 'type': 'too_many_requests', 'param': None, 'code': 'too_many_requests'}}
Failed for The Smashing Pumpkins - Wound: Error code: 429 - {'error': {'message': 'Too Many Requests', 'type': 'too_many_requests', 'param': None, 'code': 'too_many_requests'}}
Failed for Xtc - Helicopter: Error code: 429 - {'error': {'message': 'Too Many Requests', 'type': 'too_many_requests', 'param': None, 'code': 'too_many_requests'}}
Failed for Cradle Of Filth - Cruelty Brought Thee Orchids: Error code: 429 - {'error': {'message': 'Too Many Requests', 'type': 'too_many_requests', 'param': None, 'code': 'too_many_requests'}}
Failed for Weezer - Death And Destruction: Error code: 429 - {'error': {'message': 'Too Many Requests', 'type': 'too_many_requests', 'param': None, 'code': 'too_many_requests'}}
Failed for Manic Street Preachers - Found That Soul: Error code: 429 - {'error': {'message': 'Too Many Requests', 'type': 'too_many_requests', 'param': None, 'code': 'too_many_requests'}}
Failed for Belle And Sebastian - Big John Shaft: Error code: 429 - {'error': {'message': 'Too Many Requests', 'type': 'too_many_requests', 'param': None, 'code': 'too_many_requests'}}
Failed for Akufen - In Dog We Trust: Error code: 429 - {'error': {'message': 'Too Many Requests', 'type': 'too_many_requests', 'param': None, 'code': 'too_many_requests'}}
Failed for Jay-Z - Friend Or Foe: Error code: 429 - {'error': {'message': 'Too Many Requests', 'type': 'too_many_requests', 'param': None, 'code': 'too_many_requests'}}
Failed for Xtc - Grass: Error code: 429 - {'error': {'message': 'Too Many Requests', 'type': 'too_many_requests', 'param': None, 'code': 'too_many_requests'}}
Failed for The Rapture - Infatuation: Error code: 429 - {'error': {'message': 'Too Many Requests', 'type': 'too_many_requests', 'param': None, 'code': 'too_many_requests'}}
Failed for Misfits - Resurrection: Error code: 429 - {'error': {'message': 'Too Many Requests', 'type': 'too_many_requests', 'param': None, 'code': 'too_many_requests'}}
Failed for The Rapture - Sister Savior: Error code: 429 - {'error': {'message': 'Too Many Requests', 'type': 'too_many_requests', 'param': None, 'code': 'too_many_requests'}}
Failed for Tweet - Oops Oh My: Error code: 429 - {'error': {'message': 'Too Many Requests', 'type': 'too_many_requests', 'param': None, 'code': 'too_many_requests'}}
Failed for 鈴村健一 - フリートーク「結崎 亮とわたくし」: Error code: 429 - {'error': {'message': 'Too Many Requests', 'type': 'too_many_requests', 'param': None, 'code': 'too_many_requests'}}
Failed for Within Temptation - Running Up That Hill (Live At The Edisons Amsterdam): Error code: 429 - {'error': {'message': 'Too Many Requests', 'type': 'too_many_requests', 'param': None, 'code': 'too_many_requests'}}
Failed for ...And You Will Know Us By The Trail Of Dead - The Far Pavilions: Error code: 429 - {'error': {'message': 'Too Many Requests', 'type': 'too_many_requests', 'param': None, 'code': 'too_many_requests'}}
Failed for Peter Doherty - Sweet By + By: Error code: 429 - {'error': {'message': 'Too Many Requests', 'type': 'too_many_requests', 'param': None, 'code': 'too_many_requests'}}
Failed for Super Junior - U: Error code: 429 - {'error': {'message': 'Too Many Requests', 'type': 'too_many_requests', 'param': None, 'code': 'too_many_requests'}}
Failed for Tiga - 3 Weeks: Error code: 429 - {'error': {'message': 'Too Many Requests', 'type': 'too_many_requests', 'param': None, 'code': 'too_many_requests'}}
Failed for Jay Reatard - My Family: Error code: 429 - {'error': {'message': 'Too Many Requests', 'type': 'too_many_requests', 'param': None, 'code': 'too_many_requests'}}
Failed for Nick Cave & The Bad Seeds - There Is A Town: Error code: 429 - {'error': {'message': 'Too Many Requests', 'type': 'too_many_requests', 'param': None, 'code': 'too_many_requests'}}
Failed for Nick Cave & The Bad Seeds - The Lyre Of Orpheus: Error code: 429 - {'error': {'message': 'Too Many Requests', 'type': 'too_many_requests', 'param': None, 'code': 'too_many_requests'}}
Failed for Belly - Dusted: Error code: 429 - {'error': {'message': 'Too Many Requests', 'type': 'too_many_requests', 'param': None, 'code': 'too_many_requests'}}
Failed for Belleruche - Bird Mess: Error code: 429 - {'error': {'message': 'Too Many Requests', 'type': 'too_many_requests', 'param': None, 'code': 'too_many_requests'}}
Failed for Belleruche - Reflection: Error code: 429 - {'error': {'message': 'Too Many Requests', 'type': 'too_many_requests', 'param': None, 'code': 'too_many_requests'}}
Failed for The Vines - Nothin'S Comin': Error code: 429 - {'error': {'message': 'Too Many Requests', 'type': 'too_many_requests', 'param': None, 'code': 'too_many_requests'}}
Failed for Skinny Puppy - Past Present: Error code: 429 - {'error': {'message': 'Too Many Requests', 'type': 'too_many_requests', 'param': None, 'code': 'too_many_requests'}}
Failed for Skinny Puppy - Process: Error code: 429 - {'error': {'message': 'Too Many Requests', 'type': 'too_many_requests', 'param': None, 'code': 'too_many_requests'}}
Failed for Yo La Tengo - Tired Hippo: Error code: 429 - {'error': {'message': 'Too Many Requests', 'type': 'too_many_requests', 'param': None, 'code': 'too_many_requests'}}
Failed for Kreator - Cry War: Error code: 429 - {'error': {'message': 'Too Many Requests', 'type': 'too_many_requests', 'param': None, 'code': 'too_many_requests'}}
Failed for Nick Drake - All My Trials: Error code: 429 - {'error': {'message': 'Too Many Requests', 'type': 'too_many_requests', 'param': None, 'code': 'too_many_requests'}}
Failed for John Parish & Polly Jean Harvey - Leaving California: Error code: 429 - {'error': {'message': 'Too Many Requests', 'type': 'too_many_requests', 'param': None, 'code': 'too_many_requests'}}
Failed for The Wedding Present - I'M Not Always So Stupid: Error code: 429 - {'error': {'message': 'Too Many Requests', 'type': 'too_many_requests', 'param': None, 'code': 'too_many_requests'}}
Failed for Kraftwerk - Tour De France Étape 3: Error code: 429 - {'error': {'message': 'Too Many Requests', 'type': 'too_many_requests', 'param': None, 'code': 'too_many_requests'}}
Failed for Belle And Sebastian - I Don'T Want To Play Football: Error code: 429 - {'error': {'message': 'Too Many Requests', 'type': 'too_many_requests', 'param': None, 'code': 'too_many_requests'}}
Failed for Elio E Le Storie Tese - Il Vitello Dai Piedi Di Balsa: Error code: 429 - {'error': {'message': 'Too Many Requests', 'type': 'too_many_requests', 'param': None, 'code': 'too_many_requests'}}
Failed for Elio E Le Storie Tese - Suicidio A Sorpresa: Allegretto: Error code: 429 - {'error': {'message': 'Too Many Requests', 'type': 'too_many_requests', 'param': None, 'code': 'too_many_requests'}}
Failed for A*Teens - Floorfiller: Error code: 429 - {'error': {'message': 'Too Many Requests', 'type': 'too_many_requests', 'param': None, 'code': 'too_many_requests'}}
Failed for Tweaker - Happy Child (Feat. Will Oldham): Error code: 429 - {'error': {'message': 'Too Many Requests', 'type': 'too_many_requests', 'param': None, 'code': 'too_many_requests'}}
Failed for Krazy Baldhead - Strings Of Death: Error code: 429 - {'error': {'message': 'Too Many Requests', 'type': 'too_many_requests', 'param': None, 'code': 'too_many_requests'}}
Failed for Sound Team - Tv Torso: Error code: 429 - {'error': {'message': 'Too Many Requests', 'type': 'too_many_requests', 'param': None, 'code': 'too_many_requests'}}
Failed for Nick Cave & The Bad Seeds - Oh My Lord: Error code: 429 - {'error': {'message': 'Too Many Requests', 'type': 'too_many_requests', 'param': None, 'code': 'too_many_requests'}}
Failed for Freemasons - Love On My Mind (Radio Edit): Error code: 429 - {'error': {'message': 'Too Many Requests', 'type': 'too_many_requests', 'param': None, 'code': 'too_many_requests'}}
Failed for John Travolta - Greased Lightnin': Error code: 429 - {'error': {'message': 'Too Many Requests', 'type': 'too_many_requests', 'param': None, 'code': 'too_many_requests'}}
Failed for Urma - After All: Error code: 429 - {'error': {'message': 'Too Many Requests', 'type': 'too_many_requests', 'param': None, 'code': 'too_many_requests'}}
Failed for Take That - Reach Out: Error code: 429 - {'error': {'message': 'Too Many Requests', 'type': 'too_many_requests', 'param': None, 'code': 'too_many_requests'}}
Failed for Take That - Like I Never Loved You At All: Error code: 429 - {'error': {'message': 'Too Many Requests', 'type': 'too_many_requests', 'param': None, 'code': 'too_many_requests'}}
Failed for Weezer - Jamie: Error code: 429 - {'error': {'message': 'Too Many Requests', 'type': 'too_many_requests', 'param': None, 'code': 'too_many_requests'}}
Failed for Groove Armada - Remember: Error code: 429 - {'error': {'message': 'Too Many Requests', 'type': 'too_many_requests', 'param': None, 'code': 'too_many_requests'}}
Failed for The Dresden Dolls - Dear Jenny: Error code: 429 - {'error': {'message': 'Too Many Requests', 'type': 'too_many_requests', 'param': None, 'code': 'too_many_requests'}}
Failed for Clipse - Hello New World: Error code: 429 - {'error': {'message': 'Too Many Requests', 'type': 'too_many_requests', 'param': None, 'code': 'too_many_requests'}}
Failed for Jay Reatard - Nightmares: Error code: 429 - {'error': {'message': 'Too Many Requests', 'type': 'too_many_requests', 'param': None, 'code': 'too_many_requests'}}
Failed for Cradle Of Filth - Cemetery And Sundown: Error code: 429 - {'error': {'message': 'Too Many Requests', 'type': 'too_many_requests', 'param': None, 'code': 'too_many_requests'}}
Failed for Cradle Of Filth - The Graveyard By Moonlight: Error code: 429 - {'error': {'message': 'Too Many Requests', 'type': 'too_many_requests', 'param': None, 'code': 'too_many_requests'}}
Failed for The Chocolate Watch Band - Gossamer Wings: Error code: 429 - {'error': {'message': 'Too Many Requests', 'type': 'too_many_requests', 'param': None, 'code': 'too_many_requests'}}
Failed for Oingo Boingo - Grey Matter: Error code: 429 - {'error': {'message': 'Too Many Requests', 'type': 'too_many_requests', 'param': None, 'code': 'too_many_requests'}}
Failed for Kraftwerk - Heimcomputer: Error code: 429 - {'error': {'message': 'Too Many Requests', 'type': 'too_many_requests', 'param': None, 'code': 'too_many_requests'}}
Failed for Kraftwerk - News: Error code: 429 - {'error': {'message': 'Too Many Requests', 'type': 'too_many_requests', 'param': None, 'code': 'too_many_requests'}}
Failed for Kraftwerk - Morgenspaziergang: Error code: 429 - {'error': {'message': 'Too Many Requests', 'type': 'too_many_requests', 'param': None, 'code': 'too_many_requests'}}
Failed for The Rascals - Stockings To Suit: Error code: 429 - {'error': {'message': 'Too Many Requests', 'type': 'too_many_requests', 'param': None, 'code': 'too_many_requests'}}
Failed for A*Teens - Can'T Help Falling In Love: Error code: 429 - {'error': {'message': 'Too Many Requests', 'type': 'too_many_requests', 'param': None, 'code': 'too_many_requests'}}
Failed for The Microphones - Ice: Error code: 429 - {'error': {'message': 'Too Many Requests', 'type': 'too_many_requests', 'param': None, 'code': 'too_many_requests'}}
Failed for The Microphones - I Am Bored: Error code: 429 - {'error': {'message': 'Too Many Requests', 'type': 'too_many_requests', 'param': None, 'code': 'too_many_requests'}}
Failed for Mission Of Burma - 2Wice: Error code: 429 - {'error': {'message': 'Too Many Requests', 'type': 'too_many_requests', 'param': None, 'code': 'too_many_requests'}}
Failed for Soundpool - Pleasure & Pain: Error code: 429 - {'error': {'message': 'Too Many Requests', 'type': 'too_many_requests', 'param': None, 'code': 'too_many_requests'}}
Failed for Soundgarden - New Damage: Error code: 429 - {'error': {'message': 'Too Many Requests', 'type': 'too_many_requests', 'param': None, 'code': 'too_many_requests'}}
Failed for Astral Projection - Mahadeva: Error code: 429 - {'error': {'message': 'Too Many Requests', 'type': 'too_many_requests', 'param': None, 'code': 'too_many_requests'}}
Failed for Venetian Snares - Eurocore Mvp: Error code: 429 - {'error': {'message': 'Too Many Requests', 'type': 'too_many_requests', 'param': None, 'code': 'too_many_requests'}}
Failed for Small Faces - Hey Girl: Error code: 429 - {'error': {'message': 'Too Many Requests', 'type': 'too_many_requests', 'param': None, 'code': 'too_many_requests'}}
Failed for Small Faces - I Can'T Make It: Error code: 429 - {'error': {'message': 'Too Many Requests', 'type': 'too_many_requests', 'param': None, 'code': 'too_many_requests'}}
Failed for The Meeting Places - Now I Know You Could Never Be The One: Error code: 429 - {'error': {'message': 'Too Many Requests', 'type': 'too_many_requests', 'param': None, 'code': 'too_many_requests'}}
Failed for Mission Of Burma - Max Ernst: Error code: 429 - {'error': {'message': 'Too Many Requests', 'type': 'too_many_requests', 'param': None, 'code': 'too_many_requests'}}
500/2988 done
Failed for Dido - It Comes And It Goes: Error code: 429 - {'error': {'message': 'Too Many Requests', 'type': 'too_many_requests', 'param': None, 'code': 'too_many_requests'}}
Failed for Missippi John Hurt - Frankie: Error code: 429 - {'error': {'message': 'Too Many Requests', 'type': 'too_many_requests', 'param': None, 'code': 'too_many_requests'}}
Failed for Super Furry Animals - God! Show Me Magic: Error code: 429 - {'error': {'message': 'Too Many Requests', 'type': 'too_many_requests', 'param': None, 'code': 'too_many_requests'}}
Failed for Soundgarden - Zero Chance: Error code: 429 - {'error': {'message': 'Too Many Requests', 'type': 'too_many_requests', 'param': None, 'code': 'too_many_requests'}}
Failed for The Dresden Dolls - Sorry Bunch: Error code: 429 - {'error': {'message': 'Too Many Requests', 'type': 'too_many_requests', 'param': None, 'code': 'too_many_requests'}}
Failed for Super Furry Animals - Ohio Heat: Error code: 429 - {'error': {'message': 'Too Many Requests', 'type': 'too_many_requests', 'param': None, 'code': 'too_many_requests'}}
Failed for Nick Cave & The Bad Seeds - Abattoir Blues: Error code: 429 - {'error': {'message': 'Too Many Requests', 'type': 'too_many_requests', 'param': None, 'code': 'too_many_requests'}}
Failed for Newton Faulkner - People Should Smile More: Error code: 429 - {'error': {'message': 'Too Many Requests', 'type': 'too_many_requests', 'param': None, 'code': 'too_many_requests'}}
Failed for Avantasia - Lost In Space: Error code: 429 - {'error': {'message': 'Too Many Requests', 'type': 'too_many_requests', 'param': None, 'code': 'too_many_requests'}}
Failed for R.E.M. - Diminished: Error code: 429 - {'error': {'message': 'Too Many Requests', 'type': 'too_many_requests', 'param': None, 'code': 'too_many_requests'}}
Failed for Avantasia - The Final Sacrifice: Error code: 429 - {'error': {'message': 'Too Many Requests', 'type': 'too_many_requests', 'param': None, 'code': 'too_many_requests'}}
Failed for Super Furry Animals - Oi Frango: Error code: 429 - {'error': {'message': 'Too Many Requests', 'type': 'too_many_requests', 'param': None, 'code': 'too_many_requests'}}
Failed for Tierra Santa - La Canción Del Pirata (Ii): Error code: 429 - {'error': {'message': 'Too Many Requests', 'type': 'too_many_requests', 'param': None, 'code': 'too_many_requests'}}
Failed for Clint Mansell - Fall: Sara Goldfarb Has Left The Building: Error code: 429 - {'error': {'message': 'Too Many Requests', 'type': 'too_many_requests', 'param': None, 'code': 'too_many_requests'}}
Failed for Nick Cave & The Bad Seeds - John Finn'S Wife: Error code: 429 - {'error': {'message': 'Too Many Requests', 'type': 'too_many_requests', 'param': None, 'code': 'too_many_requests'}}
Failed for Clint Mansell - Requiem For A Dream: Error code: 429 - {'error': {'message': 'Too Many Requests', 'type': 'too_many_requests', 'param': None, 'code': 'too_many_requests'}}
Failed for Anna Ternheim - Such A Lonely Soul: Error code: 429 - {'error': {'message': 'Too Many Requests', 'type': 'too_many_requests', 'param': None, 'code': 'too_many_requests'}}
Failed for Anna Ternheim - Today Is A Good Day: Error code: 429 - {'error': {'message': 'Too Many Requests', 'type': 'too_many_requests', 'param': None, 'code': 'too_many_requests'}}
Failed for Anna Ternheim - What Have I Done: Error code: 429 - {'error': {'message': 'Too Many Requests', 'type': 'too_many_requests', 'param': None, 'code': 'too_many_requests'}}
Failed for Paradise Lost - Self-Obsessed: Error code: 429 - {'error': {'message': 'Too Many Requests', 'type': 'too_many_requests', 'param': None, 'code': 'too_many_requests'}}
Failed for Underworld - River Of Bass: Error code: 429 - {'error': {'message': 'Too Many Requests', 'type': 'too_many_requests', 'param': None, 'code': 'too_many_requests'}}
Failed for The Thermals - How We Know: Error code: 429 - {'error': {'message': 'Too Many Requests', 'type': 'too_many_requests', 'param': None, 'code': 'too_many_requests'}}
Failed for Within Temptation - The Dance: Error code: 429 - {'error': {'message': 'Too Many Requests', 'type': 'too_many_requests', 'param': None, 'code': 'too_many_requests'}}
Failed for Testament - Electric Crown: Error code: 429 - {'error': {'message': 'Too Many Requests', 'type': 'too_many_requests', 'param': None, 'code': 'too_many_requests'}}
Failed for Alexisonfire - A Dagger Through The Heart Of St. Angeles: Error code: 429 - {'error': {'message': 'Too Many Requests', 'type': 'too_many_requests', 'param': None, 'code': 'too_many_requests'}}
Failed for David Sanborn - The Dream: Error code: 429 - {'error': {'message': 'Too Many Requests', 'type': 'too_many_requests', 'param': None, 'code': 'too_many_requests'}}
Failed for Alexi Murdoch - Love You More: Error code: 429 - {'error': {'message': 'Too Many Requests', 'type': 'too_many_requests', 'param': None, 'code': 'too_many_requests'}}
Failed for ...And You Will Know Us By The Trail Of Dead - Mark David Chapman: Error code: 429 - {'error': {'message': 'Too Many Requests', 'type': 'too_many_requests', 'param': None, 'code': 'too_many_requests'}}
Failed for Silverchair - Shade: Error code: 429 - {'error': {'message': 'Too Many Requests', 'type': 'too_many_requests', 'param': None, 'code': 'too_many_requests'}}
Failed for Silverchair - Satin Sheets: Error code: 429 - {'error': {'message': 'Too Many Requests', 'type': 'too_many_requests', 'param': None, 'code': 'too_many_requests'}}
Failed for American Football - Honestly?: Error code: 429 - {'error': {'message': 'Too Many Requests', 'type': 'too_many_requests', 'param': None, 'code': 'too_many_requests'}}
Failed for Grizzly Bear - About Face: Error code: 429 - {'error': {'message': 'Too Many Requests', 'type': 'too_many_requests', 'param': None, 'code': 'too_many_requests'}}
Failed for Archie Beel & The Drells - Tighten Up: Error code: 429 - {'error': {'message': 'Too Many Requests', 'type': 'too_many_requests', 'param': None, 'code': 'too_many_requests'}}
Failed for Lucero - Ain'T So Lonely: Error code: 429 - {'error': {'message': 'Too Many Requests', 'type': 'too_many_requests', 'param': None, 'code': 'too_many_requests'}}
Failed for The Stranglers - 96 Tears: Error code: 429 - {'error': {'message': 'Too Many Requests', 'type': 'too_many_requests', 'param': None, 'code': 'too_many_requests'}}
Failed for Client - Down To The Underground: Error code: 429 - {'error': {'message': 'Too Many Requests', 'type': 'too_many_requests', 'param': None, 'code': 'too_many_requests'}}
Failed for New York Dolls - Babylon: Error code: 429 - {'error': {'message': 'Too Many Requests', 'type': 'too_many_requests', 'param': None, 'code': 'too_many_requests'}}
Failed for Clinic - 2Nd Foot Stomp: Error code: 429 - {'error': {'message': 'Too Many Requests', 'type': 'too_many_requests', 'param': None, 'code': 'too_many_requests'}}
Failed for Black Tambourine - Pam'S Tan: Error code: 429 - {'error': {'message': 'Too Many Requests', 'type': 'too_many_requests', 'param': None, 'code': 'too_many_requests'}}
Failed for The Smashing Pumpkins - Hello Kitty Kat: Error code: 429 - {'error': {'message': 'Too Many Requests', 'type': 'too_many_requests', 'param': None, 'code': 'too_many_requests'}}
Failed for Avantasia - Avantasia: Error code: 429 - {'error': {'message': 'Too Many Requests', 'type': 'too_many_requests', 'param': None, 'code': 'too_many_requests'}}
Failed for Newton Faulkner - I Need Something: Error code: 429 - {'error': {'message': 'Too Many Requests', 'type': 'too_many_requests', 'param': None, 'code': 'too_many_requests'}}
Failed for Grizzly Bear - La Duchess Anne: Error code: 429 - {'error': {'message': 'Too Many Requests', 'type': 'too_many_requests', 'param': None, 'code': 'too_many_requests'}}
Failed for Los Amigos Invisibles - Yo No Sé: Error code: 429 - {'error': {'message': 'Too Many Requests', 'type': 'too_many_requests', 'param': None, 'code': 'too_many_requests'}}
Failed for Clinic - Tomorrow: Error code: 429 - {'error': {'message': 'Too Many Requests', 'type': 'too_many_requests', 'param': None, 'code': 'too_many_requests'}}
Failed for Misty'S Big Adventure - The Story Of Love: Error code: 429 - {'error': {'message': 'Too Many Requests', 'type': 'too_many_requests', 'param': None, 'code': 'too_many_requests'}}
Failed for Ruch - Dónde: Error code: 429 - {'error': {'message': 'Too Many Requests', 'type': 'too_many_requests', 'param': None, 'code': 'too_many_requests'}}
Failed for Barenaked Ladies - Aluminum: Error code: 429 - {'error': {'message': 'Too Many Requests', 'type': 'too_many_requests', 'param': None, 'code': 'too_many_requests'}}
Failed for The Matches - Sick Little Suicide: Error code: 429 - {'error': {'message': 'Too Many Requests', 'type': 'too_many_requests', 'param': None, 'code': 'too_many_requests'}}
Failed for From Ashes Rise - They: Error code: 429 - {'error': {'message': 'Too Many Requests', 'type': 'too_many_requests', 'param': None, 'code': 'too_many_requests'}}
Failed for Fink - Blueberry Pancakes: Error code: 429 - {'error': {'message': 'Too Many Requests', 'type': 'too_many_requests', 'param': None, 'code': 'too_many_requests'}}
Failed for From Ashes Rise - Hell In The Darkness: Error code: 429 - {'error': {'message': 'Too Many Requests', 'type': 'too_many_requests', 'param': None, 'code': 'too_many_requests'}}
Failed for From Ashes Rise - Nightmares: Error code: 429 - {'error': {'message': 'Too Many Requests', 'type': 'too_many_requests', 'param': None, 'code': 'too_many_requests'}}
Failed for From Ashes Rise - On The Fray: Error code: 429 - {'error': {'message': 'Too Many Requests', 'type': 'too_many_requests', 'param': None, 'code': 'too_many_requests'}}
Failed for Kosheen - Pride: Error code: 429 - {'error': {'message': 'Too Many Requests', 'type': 'too_many_requests', 'param': None, 'code': 'too_many_requests'}}
Failed for The Raveonettes - Chains: Error code: 429 - {'error': {'message': 'Too Many Requests', 'type': 'too_many_requests', 'param': None, 'code': 'too_many_requests'}}
Failed for Brave - Out Of Focus: Error code: 429 - {'error': {'message': 'Too Many Requests', 'type': 'too_many_requests', 'param': None, 'code': 'too_many_requests'}}
Failed for Cake - Dime: Error code: 429 - {'error': {'message': 'Too Many Requests', 'type': 'too_many_requests', 'param': None, 'code': 'too_many_requests'}}
Failed for Therion - Ginnungagap: Error code: 429 - {'error': {'message': 'Too Many Requests', 'type': 'too_many_requests', 'param': None, 'code': 'too_many_requests'}}
Failed for Kosheen - Empty Skies: Error code: 429 - {'error': {'message': 'Too Many Requests', 'type': 'too_many_requests', 'param': None, 'code': 'too_many_requests'}}
Failed for Kosheen - Harder: Error code: 429 - {'error': {'message': 'Too Many Requests', 'type': 'too_many_requests', 'param': None, 'code': 'too_many_requests'}}
Failed for Roy Ayers - Everybody Loves The Sunshine: Error code: 429 - {'error': {'message': 'Too Many Requests', 'type': 'too_many_requests', 'param': None, 'code': 'too_many_requests'}}
Failed for Howard Shore - Treebeard: Error code: 429 - {'error': {'message': 'Too Many Requests', 'type': 'too_many_requests', 'param': None, 'code': 'too_many_requests'}}
Failed for Dana Fuchs - Don'T Let Me Down: Error code: 429 - {'error': {'message': 'Too Many Requests', 'type': 'too_many_requests', 'param': None, 'code': 'too_many_requests'}}
Failed for Howe Gelb - But I Did Not: Error code: 429 - {'error': {'message': 'Too Many Requests', 'type': 'too_many_requests', 'param': None, 'code': 'too_many_requests'}}
Failed for Paradise Lost - Don'T Belong (String Dub Mix): Error code: 429 - {'error': {'message': 'Too Many Requests', 'type': 'too_many_requests', 'param': None, 'code': 'too_many_requests'}}
Failed for Blood On The Wall - Stoner Jam: Error code: 429 - {'error': {'message': 'Too Many Requests', 'type': 'too_many_requests', 'param': None, 'code': 'too_many_requests'}}
Failed for Underworld - Mo Move: Error code: 429 - {'error': {'message': 'Too Many Requests', 'type': 'too_many_requests', 'param': None, 'code': 'too_many_requests'}}
Failed for The Beatles - I'Ll Get You: Error code: 429 - {'error': {'message': 'Too Many Requests', 'type': 'too_many_requests', 'param': None, 'code': 'too_many_requests'}}
Failed for Paradise Lost - I Am Nothing: Error code: 429 - {'error': {'message': 'Too Many Requests', 'type': 'too_many_requests', 'param': None, 'code': 'too_many_requests'}}
Failed for New Order - Working Overtime: Error code: 429 - {'error': {'message': 'Too Many Requests', 'type': 'too_many_requests', 'param': None, 'code': 'too_many_requests'}}
Failed for New Order - World: Error code: 429 - {'error': {'message': 'Too Many Requests', 'type': 'too_many_requests', 'param': None, 'code': 'too_many_requests'}}
Failed for Anathema - Everything: Error code: 429 - {'error': {'message': 'Too Many Requests', 'type': 'too_many_requests', 'param': None, 'code': 'too_many_requests'}}
Failed for R.E.M. - Second Guessing: Error code: 429 - {'error': {'message': 'Too Many Requests', 'type': 'too_many_requests', 'param': None, 'code': 'too_many_requests'}}
Failed for Old Canes - Taxi On Vermont: Error code: 429 - {'error': {'message': 'Too Many Requests', 'type': 'too_many_requests', 'param': None, 'code': 'too_many_requests'}}
Failed for Marilyn Manson - Coma Black: A) Eden Eye / B) The Apple Of Discord: Error code: 429 - {'error': {'message': 'Too Many Requests', 'type': 'too_many_requests', 'param': None, 'code': 'too_many_requests'}}
Failed for Marillion - White Feather: Error code: 429 - {'error': {'message': 'Too Many Requests', 'type': 'too_many_requests', 'param': None, 'code': 'too_many_requests'}}
Failed for Ok Go - 1000 Miles Per Hour: Error code: 429 - {'error': {'message': 'Too Many Requests', 'type': 'too_many_requests', 'param': None, 'code': 'too_many_requests'}}
Failed for Client - Don'T Call Me Baby: Error code: 429 - {'error': {'message': 'Too Many Requests', 'type': 'too_many_requests', 'param': None, 'code': 'too_many_requests'}}
Failed for The Duke Spirit - A Wild Hope: Error code: 429 - {'error': {'message': 'Too Many Requests', 'type': 'too_many_requests', 'param': None, 'code': 'too_many_requests'}}
Failed for The Chiffons - He'S So Fine: Error code: 429 - {'error': {'message': 'Too Many Requests', 'type': 'too_many_requests', 'param': None, 'code': 'too_many_requests'}}
Failed for Cradle Of Filth - Tonight In Flames: Error code: 429 - {'error': {'message': 'Too Many Requests', 'type': 'too_many_requests', 'param': None, 'code': 'too_many_requests'}}
Failed for Grinderman - Honey Bee (Let'S Fly To Mars): Error code: 429 - {'error': {'message': 'Too Many Requests', 'type': 'too_many_requests', 'param': None, 'code': 'too_many_requests'}}
Failed for Porn Sword Tobacco - Do The Astrowaltz: Error code: 429 - {'error': {'message': 'Too Many Requests', 'type': 'too_many_requests', 'param': None, 'code': 'too_many_requests'}}
Failed for Porn Sword Tobacco - Cubical Fever: Error code: 429 - {'error': {'message': 'Too Many Requests', 'type': 'too_many_requests', 'param': None, 'code': 'too_many_requests'}}
Failed for Howie Day - She Says: Error code: 429 - {'error': {'message': 'Too Many Requests', 'type': 'too_many_requests', 'param': None, 'code': 'too_many_requests'}}
Failed for Lynyrd Skynyrd - Poison Whiskey: Error code: 429 - {'error': {'message': 'Too Many Requests', 'type': 'too_many_requests', 'param': None, 'code': 'too_many_requests'}}
Failed for Barenaked Ladies - It'S Only Me (The Wizard Of Magicland): Error code: 429 - {'error': {'message': 'Too Many Requests', 'type': 'too_many_requests', 'param': None, 'code': 'too_many_requests'}}
Failed for Cake - Hem Of Your Garment: Error code: 429 - {'error': {'message': 'Too Many Requests', 'type': 'too_many_requests', 'param': None, 'code': 'too_many_requests'}}
Failed for The Beatles - I Call Your Name: Error code: 429 - {'error': {'message': 'Too Many Requests', 'type': 'too_many_requests', 'param': None, 'code': 'too_many_requests'}}
Failed for Barenaked Ladies - Jane: Error code: 429 - {'error': {'message': 'Too Many Requests', 'type': 'too_many_requests', 'param': None, 'code': 'too_many_requests'}}
Failed for Spacemen 3 - Hypnotized: Error code: 429 - {'error': {'message': 'Too Many Requests', 'type': 'too_many_requests', 'param': None, 'code': 'too_many_requests'}}
Failed for Cake - Where Would I Be?: Error code: 429 - {'error': {'message': 'Too Many Requests', 'type': 'too_many_requests', 'param': None, 'code': 'too_many_requests'}}
Failed for Front 242 - Kampfbereit: Error code: 429 - {'error': {'message': 'Too Many Requests', 'type': 'too_many_requests', 'param': None, 'code': 'too_many_requests'}}
Failed for Cake - The Guitar Man: Error code: 429 - {'error': {'message': 'Too Many Requests', 'type': 'too_many_requests', 'param': None, 'code': 'too_many_requests'}}
Failed for Cake - She'Ll Come Back To Me: Error code: 429 - {'error': {'message': 'Too Many Requests', 'type': 'too_many_requests', 'param': None, 'code': 'too_many_requests'}}
Failed for Serena-Maneesh - Chorale Lick: Error code: 429 - {'error': {'message': 'Too Many Requests', 'type': 'too_many_requests', 'param': None, 'code': 'too_many_requests'}}
Failed for Afterhours - Elymania: Error code: 429 - {'error': {'message': 'Too Many Requests', 'type': 'too_many_requests', 'param': None, 'code': 'too_many_requests'}}
600/2988 done
Failed for Calexico - Dub Latina: Error code: 429 - {'error': {'message': 'Too Many Requests', 'type': 'too_many_requests', 'param': None, 'code': 'too_many_requests'}}
Failed for Van Halen - Hang 'Em High: Error code: 429 - {'error': {'message': 'Too Many Requests', 'type': 'too_many_requests', 'param': None, 'code': 'too_many_requests'}}
Failed for Korn - Swallow: Error code: 429 - {'error': {'message': 'Too Many Requests', 'type': 'too_many_requests', 'param': None, 'code': 'too_many_requests'}}
Failed for New Order - Round And Round: Error code: 429 - {'error': {'message': 'Too Many Requests', 'type': 'too_many_requests', 'param': None, 'code': 'too_many_requests'}}
Failed for New Order - Mr. Disco: Error code: 429 - {'error': {'message': 'Too Many Requests', 'type': 'too_many_requests', 'param': None, 'code': 'too_many_requests'}}
Failed for Front 242 - Moldavia: Error code: 429 - {'error': {'message': 'Too Many Requests', 'type': 'too_many_requests', 'param': None, 'code': 'too_many_requests'}}
Failed for R.E.M. - Undertow: Error code: 429 - {'error': {'message': 'Too Many Requests', 'type': 'too_many_requests', 'param': None, 'code': 'too_many_requests'}}
Failed for Porcupine Tree - Start Of Something Beautiful: Error code: 429 - {'error': {'message': 'Too Many Requests', 'type': 'too_many_requests', 'param': None, 'code': 'too_many_requests'}}
Failed for Old 97'S - Color Of A Lonely Heart Is Blue: Error code: 429 - {'error': {'message': 'Too Many Requests', 'type': 'too_many_requests', 'param': None, 'code': 'too_many_requests'}}
Failed for Beady Belle - Game: Error code: 429 - {'error': {'message': 'Too Many Requests', 'type': 'too_many_requests', 'param': None, 'code': 'too_many_requests'}}
Failed for The Chemical Brothers - The Pills Won'T Help You Now: Error code: 429 - {'error': {'message': 'Too Many Requests', 'type': 'too_many_requests', 'param': None, 'code': 'too_many_requests'}}
Failed for The Duke Spirit - Scratching Around (Demo): Error code: 429 - {'error': {'message': 'Too Many Requests', 'type': 'too_many_requests', 'param': None, 'code': 'too_many_requests'}}
Failed for Sunny Sweeney - Slow Swinging Westerntunes: Error code: 429 - {'error': {'message': 'Too Many Requests', 'type': 'too_many_requests', 'param': None, 'code': 'too_many_requests'}}
Failed for Jason Collett - We All Lose One Another: Error code: 429 - {'error': {'message': 'Too Many Requests', 'type': 'too_many_requests', 'param': None, 'code': 'too_many_requests'}}
Failed for The Stranglers - (Get A) Grip (On Yourself): Error code: 429 - {'error': {'message': 'Too Many Requests', 'type': 'too_many_requests', 'param': None, 'code': 'too_many_requests'}}
Failed for Мои Ракеты Вверх - First Time: Error code: 429 - {'error': {'message': 'Too Many Requests', 'type': 'too_many_requests', 'param': None, 'code': 'too_many_requests'}}
Failed for Korn - Hollow Life: Error code: 429 - {'error': {'message': 'Too Many Requests', 'type': 'too_many_requests', 'param': None, 'code': 'too_many_requests'}}
Failed for Korn - Love And Luxury: Error code: 429 - {'error': {'message': 'Too Many Requests', 'type': 'too_many_requests', 'param': None, 'code': 'too_many_requests'}}
Failed for Lianne Hall - Tether: Error code: 429 - {'error': {'message': 'Too Many Requests', 'type': 'too_many_requests', 'param': None, 'code': 'too_many_requests'}}
Failed for Duchess Says - Black Flag: Error code: 429 - {'error': {'message': 'Too Many Requests', 'type': 'too_many_requests', 'param': None, 'code': 'too_many_requests'}}
Failed for Lianne Hall - Come Save Me: Error code: 429 - {'error': {'message': 'Too Many Requests', 'type': 'too_many_requests', 'param': None, 'code': 'too_many_requests'}}
Failed for Anna Nalick - In The Rough [Radio Version]: Error code: 429 - {'error': {'message': 'Too Many Requests', 'type': 'too_many_requests', 'param': None, 'code': 'too_many_requests'}}
Failed for Roxette - Paint: Error code: 429 - {'error': {'message': 'Too Many Requests', 'type': 'too_many_requests', 'param': None, 'code': 'too_many_requests'}}
Failed for Calexico - Whipping The Horse'S Eyes: Error code: 429 - {'error': {'message': 'Too Many Requests', 'type': 'too_many_requests', 'param': None, 'code': 'too_many_requests'}}
Failed for Calexico - Writer'S Minor Holiday: Error code: 429 - {'error': {'message': 'Too Many Requests', 'type': 'too_many_requests', 'param': None, 'code': 'too_many_requests'}}
Failed for Ленина Пакет - Салам Feat. Rjb: Error code: 429 - {'error': {'message': 'Too Many Requests', 'type': 'too_many_requests', 'param': None, 'code': 'too_many_requests'}}
Failed for Ленина Пакет - Про Танцы: Error code: 429 - {'error': {'message': 'Too Many Requests', 'type': 'too_many_requests', 'param': None, 'code': 'too_many_requests'}}
Failed for Ленина Пакет - Масловский Ii: Error code: 429 - {'error': {'message': 'Too Many Requests', 'type': 'too_many_requests', 'param': None, 'code': 'too_many_requests'}}
Failed for Ulver - Your Call: Error code: 429 - {'error': {'message': 'Too Many Requests', 'type': 'too_many_requests', 'param': None, 'code': 'too_many_requests'}}
Failed for Dublex Inc. - Introduction: Error code: 429 - {'error': {'message': 'Too Many Requests', 'type': 'too_many_requests', 'param': None, 'code': 'too_many_requests'}}
Failed for Ленина Пакет - Кляксы: Error code: 429 - {'error': {'message': 'Too Many Requests', 'type': 'too_many_requests', 'param': None, 'code': 'too_many_requests'}}
Failed for Gregory And The Hawk - Fin Song 8 (Orange River Remix): Error code: 429 - {'error': {'message': 'Too Many Requests', 'type': 'too_many_requests', 'param': None, 'code': 'too_many_requests'}}
Failed for Therion - To Mega Therion: Error code: 429 - {'error': {'message': 'Too Many Requests', 'type': 'too_many_requests', 'param': None, 'code': 'too_many_requests'}}
Failed for Loreena Mckennitt - Caravanserai: Error code: 429 - {'error': {'message': 'Too Many Requests', 'type': 'too_many_requests', 'param': None, 'code': 'too_many_requests'}}
Failed for Jason Collett - Sorry Lori: Error code: 429 - {'error': {'message': 'Too Many Requests', 'type': 'too_many_requests', 'param': None, 'code': 'too_many_requests'}}
Failed for Jason Collett - I'Ll Bring The Sun: Error code: 429 - {'error': {'message': 'Too Many Requests', 'type': 'too_many_requests', 'param': None, 'code': 'too_many_requests'}}
Failed for Jason Collett - Through The Night These Days: Error code: 429 - {'error': {'message': 'Too Many Requests', 'type': 'too_many_requests', 'param': None, 'code': 'too_many_requests'}}
Failed for Old 97'S - Timebomb: Error code: 429 - {'error': {'message': 'Too Many Requests', 'type': 'too_many_requests', 'param': None, 'code': 'too_many_requests'}}
Failed for Old 97'S - The Fool: Error code: 429 - {'error': {'message': 'Too Many Requests', 'type': 'too_many_requests', 'param': None, 'code': 'too_many_requests'}}
Failed for R.E.M. - You: Error code: 429 - {'error': {'message': 'Too Many Requests', 'type': 'too_many_requests', 'param': None, 'code': 'too_many_requests'}}
Failed for Deftones - If Only Tonight We Could Sleep: Error code: 429 - {'error': {'message': 'Too Many Requests', 'type': 'too_many_requests', 'param': None, 'code': 'too_many_requests'}}
Failed for Polysics - Buggie Technica: Error code: 429 - {'error': {'message': 'Too Many Requests', 'type': 'too_many_requests', 'param': None, 'code': 'too_many_requests'}}
Failed for Evil Nine - Hired Goons: Error code: 429 - {'error': {'message': 'Too Many Requests', 'type': 'too_many_requests', 'param': None, 'code': 'too_many_requests'}}
Failed for Evil'S Toy - Vanished Soul: Error code: 429 - {'error': {'message': 'Too Many Requests', 'type': 'too_many_requests', 'param': None, 'code': 'too_many_requests'}}
Failed for Evil Nine - Restless: Error code: 429 - {'error': {'message': 'Too Many Requests', 'type': 'too_many_requests', 'param': None, 'code': 'too_many_requests'}}
Failed for New Order - Hey Now What You Doing: Error code: 429 - {'error': {'message': 'Too Many Requests', 'type': 'too_many_requests', 'param': None, 'code': 'too_many_requests'}}
Failed for New Order - I Told You So: Error code: 429 - {'error': {'message': 'Too Many Requests', 'type': 'too_many_requests', 'param': None, 'code': 'too_many_requests'}}
Failed for Sunny Day Real Estate - 48: Error code: 429 - {'error': {'message': 'Too Many Requests', 'type': 'too_many_requests', 'param': None, 'code': 'too_many_requests'}}
Failed for Be Your Own Pet - Fuuuuun: Error code: 429 - {'error': {'message': 'Too Many Requests', 'type': 'too_many_requests', 'param': None, 'code': 'too_many_requests'}}
Failed for Frou Frou - Old Piano: Error code: 429 - {'error': {'message': 'Too Many Requests', 'type': 'too_many_requests', 'param': None, 'code': 'too_many_requests'}}
Failed for Be Your Own Pet - Fill My Pill: Error code: 429 - {'error': {'message': 'Too Many Requests', 'type': 'too_many_requests', 'param': None, 'code': 'too_many_requests'}}
Failed for Frou Frou - Breathe In (Watkins Vocal Mix): Error code: 429 - {'error': {'message': 'Too Many Requests', 'type': 'too_many_requests', 'param': None, 'code': 'too_many_requests'}}
Failed for Koop - Relaxin' At Club F****N: Error code: 429 - {'error': {'message': 'Too Many Requests', 'type': 'too_many_requests', 'param': None, 'code': 'too_many_requests'}}
Failed for The Beatles - It'S All Too Much: Error code: 429 - {'error': {'message': 'Too Many Requests', 'type': 'too_many_requests', 'param': None, 'code': 'too_many_requests'}}
Failed for Mcfly - All About You: Error code: 429 - {'error': {'message': 'Too Many Requests', 'type': 'too_many_requests', 'param': None, 'code': 'too_many_requests'}}
Failed for The Magnetic Fields - You And Me And The Moon: Error code: 429 - {'error': {'message': 'Too Many Requests', 'type': 'too_many_requests', 'param': None, 'code': 'too_many_requests'}}
Failed for Dan Hill - Sometimes When We Touch: Error code: 429 - {'error': {'message': 'Too Many Requests', 'type': 'too_many_requests', 'param': None, 'code': 'too_many_requests'}}
Failed for 鈴村健一 - Damn It!: Error code: 429 - {'error': {'message': 'Too Many Requests', 'type': 'too_many_requests', 'param': None, 'code': 'too_many_requests'}}
Failed for Dan Le Sac Vs. Scroobius Pip - Magician'S Assistant: Error code: 429 - {'error': {'message': 'Too Many Requests', 'type': 'too_many_requests', 'param': None, 'code': 'too_many_requests'}}
Failed for Inme - Far-Reaching: Error code: 429 - {'error': {'message': 'Too Many Requests', 'type': 'too_many_requests', 'param': None, 'code': 'too_many_requests'}}
Failed for 鈴村健一 - Save Your Back: Error code: 429 - {'error': {'message': 'Too Many Requests', 'type': 'too_many_requests', 'param': None, 'code': 'too_many_requests'}}
Failed for Dan Le Sac Vs. Scroobius Pip - Tommy C: Error code: 429 - {'error': {'message': 'Too Many Requests', 'type': 'too_many_requests', 'param': None, 'code': 'too_many_requests'}}
Failed for Howard Shore - The Great River: Error code: 429 - {'error': {'message': 'Too Many Requests', 'type': 'too_many_requests', 'param': None, 'code': 'too_many_requests'}}
Failed for 浜崎あゆみ - Evolution: Error code: 429 - {'error': {'message': 'Too Many Requests', 'type': 'too_many_requests', 'param': None, 'code': 'too_many_requests'}}
Failed for Sunblock & Sandy - Baby Baby (Radio Edit): Error code: 429 - {'error': {'message': 'Too Many Requests', 'type': 'too_many_requests', 'param': None, 'code': 'too_many_requests'}}
Failed for Ben Folds - Rent A Cop: Error code: 429 - {'error': {'message': 'Too Many Requests', 'type': 'too_many_requests', 'param': None, 'code': 'too_many_requests'}}
Failed for Tiamat - Vote For Love: Error code: 429 - {'error': {'message': 'Too Many Requests', 'type': 'too_many_requests', 'param': None, 'code': 'too_many_requests'}}
Failed for Rachael Yamagata - Moments With Oliver: Error code: 429 - {'error': {'message': 'Too Many Requests', 'type': 'too_many_requests', 'param': None, 'code': 'too_many_requests'}}
Failed for The Slits - Ping Pong Affair: Error code: 429 - {'error': {'message': 'Too Many Requests', 'type': 'too_many_requests', 'param': None, 'code': 'too_many_requests'}}
Failed for Die Toten Hosen - Hier Kommt Alex: Error code: 429 - {'error': {'message': 'Too Many Requests', 'type': 'too_many_requests', 'param': None, 'code': 'too_many_requests'}}
Failed for After Forever - No Control: Error code: 429 - {'error': {'message': 'Too Many Requests', 'type': 'too_many_requests', 'param': None, 'code': 'too_many_requests'}}
Failed for Anathema - The Beloved: Error code: 429 - {'error': {'message': 'Too Many Requests', 'type': 'too_many_requests', 'param': None, 'code': 'too_many_requests'}}
Failed for New Order - Angel Dust: Error code: 429 - {'error': {'message': 'Too Many Requests', 'type': 'too_many_requests', 'param': None, 'code': 'too_many_requests'}}
Failed for After Forever - Beyond Me: Error code: 429 - {'error': {'message': 'Too Many Requests', 'type': 'too_many_requests', 'param': None, 'code': 'too_many_requests'}}
Failed for After Forever - Energize Me: Error code: 429 - {'error': {'message': 'Too Many Requests', 'type': 'too_many_requests', 'param': None, 'code': 'too_many_requests'}}
Failed for After Forever - Boundaries Are Open: Error code: 429 - {'error': {'message': 'Too Many Requests', 'type': 'too_many_requests', 'param': None, 'code': 'too_many_requests'}}
Failed for Rachael Yamagata - Quiet: Error code: 429 - {'error': {'message': 'Too Many Requests', 'type': 'too_many_requests', 'param': None, 'code': 'too_many_requests'}}
Failed for Treva Whateva - Bouncing Bomb: Error code: 429 - {'error': {'message': 'Too Many Requests', 'type': 'too_many_requests', 'param': None, 'code': 'too_many_requests'}}
Failed for Johnny Cash - Tear Stained Letter: Error code: 429 - {'error': {'message': 'Too Many Requests', 'type': 'too_many_requests', 'param': None, 'code': 'too_many_requests'}}
Failed for The Smashing Pumpkins - Bury Me: Error code: 429 - {'error': {'message': 'Too Many Requests', 'type': 'too_many_requests', 'param': None, 'code': 'too_many_requests'}}
Failed for Johnny Cash - Send A Picture Of Mother: Error code: 429 - {'error': {'message': 'Too Many Requests', 'type': 'too_many_requests', 'param': None, 'code': 'too_many_requests'}}
Failed for Johnny Cash - Tennessee Stud: Error code: 429 - {'error': {'message': 'Too Many Requests', 'type': 'too_many_requests', 'param': None, 'code': 'too_many_requests'}}
Failed for Japan - My New Career: Error code: 429 - {'error': {'message': 'Too Many Requests', 'type': 'too_many_requests', 'param': None, 'code': 'too_many_requests'}}
Failed for Johnny Cash - That Lucky Old Sun (Just Rolls Around Heaven All Day): Error code: 429 - {'error': {'message': 'Too Many Requests', 'type': 'too_many_requests', 'param': None, 'code': 'too_many_requests'}}
Failed for Townes Van Zandt - Tecumseh Valley: Error code: 429 - {'error': {'message': 'Too Many Requests', 'type': 'too_many_requests', 'param': None, 'code': 'too_many_requests'}}
Failed for Deerhunter - These Hands: Error code: 429 - {'error': {'message': 'Too Many Requests', 'type': 'too_many_requests', 'param': None, 'code': 'too_many_requests'}}
Failed for Weird Al Yankovic - Dare To Be Stupid: Error code: 429 - {'error': {'message': 'Too Many Requests', 'type': 'too_many_requests', 'param': None, 'code': 'too_many_requests'}}
Failed for Weird Al Yankovic - Don'T Download This Song: Error code: 429 - {'error': {'message': 'Too Many Requests', 'type': 'too_many_requests', 'param': None, 'code': 'too_many_requests'}}
Failed for Anberlin - Ready Fuels: Error code: 429 - {'error': {'message': 'Too Many Requests', 'type': 'too_many_requests', 'param': None, 'code': 'too_many_requests'}}
Failed for The Electric Soft Parade - Empty At The End: Error code: 429 - {'error': {'message': 'Too Many Requests', 'type': 'too_many_requests', 'param': None, 'code': 'too_many_requests'}}
Failed for Green Day - Redundant: Error code: 429 - {'error': {'message': 'Too Many Requests', 'type': 'too_many_requests', 'param': None, 'code': 'too_many_requests'}}
Failed for Lordi - Who'S Your Daddy?: Error code: 429 - {'error': {'message': 'Too Many Requests', 'type': 'too_many_requests', 'param': None, 'code': 'too_many_requests'}}
Failed for The Slip - Children Of December: Error code: 429 - {'error': {'message': 'Too Many Requests', 'type': 'too_many_requests', 'param': None, 'code': 'too_many_requests'}}
Failed for Nevermore - This Godless Endeavor: Error code: 429 - {'error': {'message': 'Too Many Requests', 'type': 'too_many_requests', 'param': None, 'code': 'too_many_requests'}}
Failed for Johnny Flynn - Tickle Me Pink: Error code: 429 - {'error': {'message': 'Too Many Requests', 'type': 'too_many_requests', 'param': None, 'code': 'too_many_requests'}}
Failed for Johnny Foreigner - Djs Get Doubts: Error code: 429 - {'error': {'message': 'Too Many Requests', 'type': 'too_many_requests', 'param': None, 'code': 'too_many_requests'}}
Failed for New Found Glory - Too Good To Be: Error code: 429 - {'error': {'message': 'Too Many Requests', 'type': 'too_many_requests', 'param': None, 'code': 'too_many_requests'}}
Failed for New Found Glory - I Don'T Wanna Know: Error code: 429 - {'error': {'message': 'Too Many Requests', 'type': 'too_many_requests', 'param': None, 'code': 'too_many_requests'}}
700/2988 done
Failed for Die Ärzte - Zu Spät: Error code: 429 - {'error': {'message': 'Too Many Requests', 'type': 'too_many_requests', 'param': None, 'code': 'too_many_requests'}}
Failed for Sparklehorse - Knives Of Summertime: Error code: 429 - {'error': {'message': 'Too Many Requests', 'type': 'too_many_requests', 'param': None, 'code': 'too_many_requests'}}
Failed for Greenskeepers - Keep It Down: Error code: 429 - {'error': {'message': 'Too Many Requests', 'type': 'too_many_requests', 'param': None, 'code': 'too_many_requests'}}
Failed for Frozen Silence - Lucid Dream: Error code: 429 - {'error': {'message': 'Too Many Requests', 'type': 'too_many_requests', 'param': None, 'code': 'too_many_requests'}}
Failed for Sparklehorse - It'S Not So Hard: Error code: 429 - {'error': {'message': 'Too Many Requests', 'type': 'too_many_requests', 'param': None, 'code': 'too_many_requests'}}
Failed for The Raveonettes - The Truth About Johnny: Error code: 429 - {'error': {'message': 'Too Many Requests', 'type': 'too_many_requests', 'param': None, 'code': 'too_many_requests'}}
Failed for A.C. Newman - Submarines Of Stockholm: Error code: 429 - {'error': {'message': 'Too Many Requests', 'type': 'too_many_requests', 'param': None, 'code': 'too_many_requests'}}
Failed for The Magnetic Fields - Love Goes Home To Paris In The Spring: Error code: 429 - {'error': {'message': 'Too Many Requests', 'type': 'too_many_requests', 'param': None, 'code': 'too_many_requests'}}
Failed for Brand New - Untitled 07: Error code: 429 - {'error': {'message': 'Too Many Requests', 'type': 'too_many_requests', 'param': None, 'code': 'too_many_requests'}}
Failed for Liekki - Lilja: Error code: 429 - {'error': {'message': 'Too Many Requests', 'type': 'too_many_requests', 'param': None, 'code': 'too_many_requests'}}
Failed for U2 - Silver And Gold: Error code: 429 - {'error': {'message': 'Too Many Requests', 'type': 'too_many_requests', 'param': None, 'code': 'too_many_requests'}}
Failed for Slowdive - Brighter: Error code: 429 - {'error': {'message': 'Too Many Requests', 'type': 'too_many_requests', 'param': None, 'code': 'too_many_requests'}}
Failed for Antti Tuisku - Pois: Error code: 429 - {'error': {'message': 'Too Many Requests', 'type': 'too_many_requests', 'param': None, 'code': 'too_many_requests'}}
Failed for Antti Tuisku - Kaunein Unesi: Error code: 429 - {'error': {'message': 'Too Many Requests', 'type': 'too_many_requests', 'param': None, 'code': 'too_many_requests'}}
Failed for Modern Life Is War - Martin Achet: Error code: 429 - {'error': {'message': 'Too Many Requests', 'type': 'too_many_requests', 'param': None, 'code': 'too_many_requests'}}
Failed for Black Stone Cherry - Crosstown Woman: Error code: 429 - {'error': {'message': 'Too Many Requests', 'type': 'too_many_requests', 'param': None, 'code': 'too_many_requests'}}
Failed for Sparks - This Town Ain'T Big Enough For The Both Of Us: Error code: 429 - {'error': {'message': 'Too Many Requests', 'type': 'too_many_requests', 'param': None, 'code': 'too_many_requests'}}
Failed for Lordi - Good To Be Bad: Error code: 429 - {'error': {'message': 'Too Many Requests', 'type': 'too_many_requests', 'param': None, 'code': 'too_many_requests'}}
Failed for Young Marble Giants - Constantly Changing: Error code: 429 - {'error': {'message': 'Too Many Requests', 'type': 'too_many_requests', 'param': None, 'code': 'too_many_requests'}}
Failed for Eminem - My 1St Single: Error code: 429 - {'error': {'message': 'Too Many Requests', 'type': 'too_many_requests', 'param': None, 'code': 'too_many_requests'}}
Failed for Eminem - Evil Deeds: Error code: 429 - {'error': {'message': 'Too Many Requests', 'type': 'too_many_requests', 'param': None, 'code': 'too_many_requests'}}
Failed for Ben Folds Five - Regrets: Error code: 429 - {'error': {'message': 'Too Many Requests', 'type': 'too_many_requests', 'param': None, 'code': 'too_many_requests'}}
Failed for Nevermore - Ophidian: Error code: 429 - {'error': {'message': 'Too Many Requests', 'type': 'too_many_requests', 'param': None, 'code': 'too_many_requests'}}
Failed for Tiamat - Teonanacatl: Error code: 429 - {'error': {'message': 'Too Many Requests', 'type': 'too_many_requests', 'param': None, 'code': 'too_many_requests'}}
Failed for The Electric Soft Parade - Why Do You Try So Hard To Hate Me: Error code: 429 - {'error': {'message': 'Too Many Requests', 'type': 'too_many_requests', 'param': None, 'code': 'too_many_requests'}}
Failed for Be Your Own Pet - Heart Throb: Error code: 429 - {'error': {'message': 'Too Many Requests', 'type': 'too_many_requests', 'param': None, 'code': 'too_many_requests'}}
Failed for The Charlatans - Loving You Is Easy: Error code: 429 - {'error': {'message': 'Too Many Requests', 'type': 'too_many_requests', 'param': None, 'code': 'too_many_requests'}}
Failed for Weird Al Yankovic - I'Ll Sue Ya: Error code: 429 - {'error': {'message': 'Too Many Requests', 'type': 'too_many_requests', 'param': None, 'code': 'too_many_requests'}}
Failed for Def Leppard - Comin' Under Fire: Error code: 429 - {'error': {'message': 'Too Many Requests', 'type': 'too_many_requests', 'param': None, 'code': 'too_many_requests'}}
Failed for The Magnetic Fields - Busby Berkeley Dreams: Error code: 429 - {'error': {'message': 'Too Many Requests', 'type': 'too_many_requests', 'param': None, 'code': 'too_many_requests'}}
Failed for Bill Callahan - Diamond Dancer: Error code: 429 - {'error': {'message': 'Too Many Requests', 'type': 'too_many_requests', 'param': None, 'code': 'too_many_requests'}}
Failed for Bloodbath - The Ascension: Error code: 429 - {'error': {'message': 'Too Many Requests', 'type': 'too_many_requests', 'param': None, 'code': 'too_many_requests'}}
Failed for Calvin Harris - Love Souvenir: Error code: 429 - {'error': {'message': 'Too Many Requests', 'type': 'too_many_requests', 'param': None, 'code': 'too_many_requests'}}
Failed for Tom Waits - Come On Up To The House: Error code: 429 - {'error': {'message': 'Too Many Requests', 'type': 'too_many_requests', 'param': None, 'code': 'too_many_requests'}}
Failed for Tom Waits - Cold Cold Ground: Error code: 429 - {'error': {'message': 'Too Many Requests', 'type': 'too_many_requests', 'param': None, 'code': 'too_many_requests'}}
Failed for The The - The Sinking Feeling: Error code: 429 - {'error': {'message': 'Too Many Requests', 'type': 'too_many_requests', 'param': None, 'code': 'too_many_requests'}}
Failed for Underworld - Cups: Error code: 429 - {'error': {'message': 'Too Many Requests', 'type': 'too_many_requests', 'param': None, 'code': 'too_many_requests'}}
Failed for Fucked Up - Carried Out To The Sea: Error code: 429 - {'error': {'message': 'Too Many Requests', 'type': 'too_many_requests', 'param': None, 'code': 'too_many_requests'}}
Failed for Barenaked Ladies - Straw Hat And Old Dirty Hank: Error code: 429 - {'error': {'message': 'Too Many Requests', 'type': 'too_many_requests', 'param': None, 'code': 'too_many_requests'}}
Failed for Wild Orchid - My Tambourine: Error code: 429 - {'error': {'message': 'Too Many Requests', 'type': 'too_many_requests', 'param': None, 'code': 'too_many_requests'}}
Failed for Barenaked Ladies - Shopping: Error code: 429 - {'error': {'message': 'Too Many Requests', 'type': 'too_many_requests', 'param': None, 'code': 'too_many_requests'}}
Failed for Modeselektor - Ziq Zaq: Error code: 429 - {'error': {'message': 'Too Many Requests', 'type': 'too_many_requests', 'param': None, 'code': 'too_many_requests'}}
Failed for Bikini Kill - Speed Heart: Error code: 429 - {'error': {'message': 'Too Many Requests', 'type': 'too_many_requests', 'param': None, 'code': 'too_many_requests'}}
Failed for Knowtoryus - Bomberclad Joint: Error code: 429 - {'error': {'message': 'Too Many Requests', 'type': 'too_many_requests', 'param': None, 'code': 'too_many_requests'}}
Failed for Fucked Up - Golden Seal: Error code: 429 - {'error': {'message': 'Too Many Requests', 'type': 'too_many_requests', 'param': None, 'code': 'too_many_requests'}}
Failed for Fucked Up - Son The Father: Error code: 429 - {'error': {'message': 'Too Many Requests', 'type': 'too_many_requests', 'param': None, 'code': 'too_many_requests'}}
Failed for Sparta - Breaking The Broken: Error code: 429 - {'error': {'message': 'Too Many Requests', 'type': 'too_many_requests', 'param': None, 'code': 'too_many_requests'}}
Failed for Black Flag - Louie Louie: Error code: 429 - {'error': {'message': 'Too Many Requests', 'type': 'too_many_requests', 'param': None, 'code': 'too_many_requests'}}
Failed for Asura - Code Eternity: Error code: 429 - {'error': {'message': 'Too Many Requests', 'type': 'too_many_requests', 'param': None, 'code': 'too_many_requests'}}
Failed for Asura - Fahrenheit: Error code: 429 - {'error': {'message': 'Too Many Requests', 'type': 'too_many_requests', 'param': None, 'code': 'too_many_requests'}}
Failed for A1 - Same Old Brand New You: Error code: 429 - {'error': {'message': 'Too Many Requests', 'type': 'too_many_requests', 'param': None, 'code': 'too_many_requests'}}
Failed for Anna Abreu - Ivory Tower: Error code: 429 - {'error': {'message': 'Too Many Requests', 'type': 'too_many_requests', 'param': None, 'code': 'too_many_requests'}}
Failed for Turning Point - Broken: Error code: 429 - {'error': {'message': 'Too Many Requests', 'type': 'too_many_requests', 'param': None, 'code': 'too_many_requests'}}
Failed for Asura - Lost Eden: Error code: 429 - {'error': {'message': 'Too Many Requests', 'type': 'too_many_requests', 'param': None, 'code': 'too_many_requests'}}
Failed for Fuel - Die Like This: Error code: 429 - {'error': {'message': 'Too Many Requests', 'type': 'too_many_requests', 'param': None, 'code': 'too_many_requests'}}
Failed for Camel - Migration: Error code: 429 - {'error': {'message': 'Too Many Requests', 'type': 'too_many_requests', 'param': None, 'code': 'too_many_requests'}}
Failed for The Maccabees - Bicycles: Error code: 429 - {'error': {'message': 'Too Many Requests', 'type': 'too_many_requests', 'param': None, 'code': 'too_many_requests'}}
Failed for Елена Ристеска - Ninanajna (F.Y.R. Macedonia): Error code: 429 - {'error': {'message': 'Too Many Requests', 'type': 'too_many_requests', 'param': None, 'code': 'too_many_requests'}}
Failed for Neurosis - Through Silver In Blood: Error code: 429 - {'error': {'message': 'Too Many Requests', 'type': 'too_many_requests', 'param': None, 'code': 'too_many_requests'}}
Failed for Fugazi - Combination Lock: Error code: 429 - {'error': {'message': 'Too Many Requests', 'type': 'too_many_requests', 'param': None, 'code': 'too_many_requests'}}
Failed for Green Cortinas - Good Today: Error code: 429 - {'error': {'message': 'Too Many Requests', 'type': 'too_many_requests', 'param': None, 'code': 'too_many_requests'}}
Failed for Johnossi - The Show Tonight: Error code: 429 - {'error': {'message': 'Too Many Requests', 'type': 'too_many_requests', 'param': None, 'code': 'too_many_requests'}}
Failed for Green Carnation - High Tide Waves: Error code: 429 - {'error': {'message': 'Too Many Requests', 'type': 'too_many_requests', 'param': None, 'code': 'too_many_requests'}}
Failed for Clannad - Lady Marian: Error code: 429 - {'error': {'message': 'Too Many Requests', 'type': 'too_many_requests', 'param': None, 'code': 'too_many_requests'}}
Failed for Neutral Milk Hotel - Everything Is: Error code: 429 - {'error': {'message': 'Too Many Requests', 'type': 'too_many_requests', 'param': None, 'code': 'too_many_requests'}}
Failed for And One - A Kind Of Deutsch: Error code: 429 - {'error': {'message': 'Too Many Requests', 'type': 'too_many_requests', 'param': None, 'code': 'too_many_requests'}}
Failed for Apocalyptica - Seemann: Error code: 429 - {'error': {'message': 'Too Many Requests', 'type': 'too_many_requests', 'param': None, 'code': 'too_many_requests'}}
Failed for Skunk Anansie - Brazen (Weep): Error code: 429 - {'error': {'message': 'Too Many Requests', 'type': 'too_many_requests', 'param': None, 'code': 'too_many_requests'}}
Failed for Clannad - Robin (The Hooded Man): Error code: 429 - {'error': {'message': 'Too Many Requests', 'type': 'too_many_requests', 'param': None, 'code': 'too_many_requests'}}
Failed for The End - The Moth And I: Error code: 429 - {'error': {'message': 'Too Many Requests', 'type': 'too_many_requests', 'param': None, 'code': 'too_many_requests'}}
Failed for Tiamat - Planets: Error code: 429 - {'error': {'message': 'Too Many Requests', 'type': 'too_many_requests', 'param': None, 'code': 'too_many_requests'}}
Failed for Sum 41 - Over My Head (Better Off Dead): Error code: 429 - {'error': {'message': 'Too Many Requests', 'type': 'too_many_requests', 'param': None, 'code': 'too_many_requests'}}
Failed for Black Flag - Annihilate This Week: Error code: 429 - {'error': {'message': 'Too Many Requests', 'type': 'too_many_requests', 'param': None, 'code': 'too_many_requests'}}
Failed for Final Fantasy - Arctic Circle: Error code: 429 - {'error': {'message': 'Too Many Requests', 'type': 'too_many_requests', 'param': None, 'code': 'too_many_requests'}}
Failed for Insomnium - The Elder: Error code: 429 - {'error': {'message': 'Too Many Requests', 'type': 'too_many_requests', 'param': None, 'code': 'too_many_requests'}}
Failed for Insomnium - Under The Plaintive Sky: Error code: 429 - {'error': {'message': 'Too Many Requests', 'type': 'too_many_requests', 'param': None, 'code': 'too_many_requests'}}
Failed for Camel - Freefall: Error code: 429 - {'error': {'message': 'Too Many Requests', 'type': 'too_many_requests', 'param': None, 'code': 'too_many_requests'}}
Failed for Fugazi - Cassavetes: Error code: 429 - {'error': {'message': 'Too Many Requests', 'type': 'too_many_requests', 'param': None, 'code': 'too_many_requests'}}
Failed for Fugazi - Great Cop: Error code: 429 - {'error': {'message': 'Too Many Requests', 'type': 'too_many_requests', 'param': None, 'code': 'too_many_requests'}}
Failed for Phantom Planet - Big Brat: Error code: 429 - {'error': {'message': 'Too Many Requests', 'type': 'too_many_requests', 'param': None, 'code': 'too_many_requests'}}
Failed for Barrio Jazz Gang - Linda Canção: Error code: 429 - {'error': {'message': 'Too Many Requests', 'type': 'too_many_requests', 'param': None, 'code': 'too_many_requests'}}
Failed for Hot Snakes - Think About Carbs: Error code: 429 - {'error': {'message': 'Too Many Requests', 'type': 'too_many_requests', 'param': None, 'code': 'too_many_requests'}}
Failed for Estelle - Shine: Error code: 429 - {'error': {'message': 'Too Many Requests', 'type': 'too_many_requests', 'param': None, 'code': 'too_many_requests'}}
Failed for Madrugada - Stories From The Streets: Error code: 429 - {'error': {'message': 'Too Many Requests', 'type': 'too_many_requests', 'param': None, 'code': 'too_many_requests'}}
Failed for Estelle Feat. Kanye West - American Boy: Error code: 429 - {'error': {'message': 'Too Many Requests', 'type': 'too_many_requests', 'param': None, 'code': 'too_many_requests'}}
Failed for Eminem - Cleanin Out My Closet: Error code: 429 - {'error': {'message': 'Too Many Requests', 'type': 'too_many_requests', 'param': None, 'code': 'too_many_requests'}}
Failed for Skunk Anansie - Lately: Error code: 429 - {'error': {'message': 'Too Many Requests', 'type': 'too_many_requests', 'param': None, 'code': 'too_many_requests'}}
Failed for Emilíana Torrini - Serenade: Error code: 429 - {'error': {'message': 'Too Many Requests', 'type': 'too_many_requests', 'param': None, 'code': 'too_many_requests'}}
Failed for The Sleepy Jackson - Devil Was In My Yard: Error code: 429 - {'error': {'message': 'Too Many Requests', 'type': 'too_many_requests', 'param': None, 'code': 'too_many_requests'}}
Failed for Townes Van Zandt - Lungs: Error code: 429 - {'error': {'message': 'Too Many Requests', 'type': 'too_many_requests', 'param': None, 'code': 'too_many_requests'}}
Failed for Great Northern - Telling Lies: Error code: 429 - {'error': {'message': 'Too Many Requests', 'type': 'too_many_requests', 'param': None, 'code': 'too_many_requests'}}
Failed for Clan Of Xymox - Theme Ii: Error code: 429 - {'error': {'message': 'Too Many Requests', 'type': 'too_many_requests', 'param': None, 'code': 'too_many_requests'}}
Failed for Great Northern - The Middle: Error code: 429 - {'error': {'message': 'Too Many Requests', 'type': 'too_many_requests', 'param': None, 'code': 'too_many_requests'}}
Failed for 菅野よう子 - Nowhere And Everywhere: Error code: 429 - {'error': {'message': 'Too Many Requests', 'type': 'too_many_requests', 'param': None, 'code': 'too_many_requests'}}
Failed for Townes Van Zandt - Flyin' Shoes: Error code: 429 - {'error': {'message': 'Too Many Requests', 'type': 'too_many_requests', 'param': None, 'code': 'too_many_requests'}}
Failed for Creedence Clearwater Revival - Wrote A Song For Everyone: Error code: 429 - {'error': {'message': 'Too Many Requests', 'type': 'too_many_requests', 'param': None, 'code': 'too_many_requests'}}
Failed for Ben Folds Five - Your Redneck Past: Error code: 429 - {'error': {'message': 'Too Many Requests', 'type': 'too_many_requests', 'param': None, 'code': 'too_many_requests'}}
Failed for The Chameleons - Tears: Error code: 429 - {'error': {'message': 'Too Many Requests', 'type': 'too_many_requests', 'param': None, 'code': 'too_many_requests'}}
800/2988 done
Failed for Neurosis - Locust Star: Error code: 429 - {'error': {'message': 'Too Many Requests', 'type': 'too_many_requests', 'param': None, 'code': 'too_many_requests'}}
Failed for Deerhoof - Dinner For Two: Error code: 429 - {'error': {'message': 'Too Many Requests', 'type': 'too_many_requests', 'param': None, 'code': 'too_many_requests'}}
Failed for They Might Be Giants - Dead: Error code: 429 - {'error': {'message': 'Too Many Requests', 'type': 'too_many_requests', 'param': None, 'code': 'too_many_requests'}}
Failed for Special D. - Come With Me (Single Edit): Error code: 429 - {'error': {'message': 'Too Many Requests', 'type': 'too_many_requests', 'param': None, 'code': 'too_many_requests'}}
Failed for Papa Roach - ...To Be Loved: Error code: 429 - {'error': {'message': 'Too Many Requests', 'type': 'too_many_requests', 'param': None, 'code': 'too_many_requests'}}
Failed for U2 - The Refugee: Error code: 429 - {'error': {'message': 'Too Many Requests', 'type': 'too_many_requests', 'param': None, 'code': 'too_many_requests'}}
Failed for Scooter - One (Always Hardcore): Error code: 429 - {'error': {'message': 'Too Many Requests', 'type': 'too_many_requests', 'param': None, 'code': 'too_many_requests'}}
Failed for Papa Roach - Lovehatetragedy: Error code: 429 - {'error': {'message': 'Too Many Requests', 'type': 'too_many_requests', 'param': None, 'code': 'too_many_requests'}}
Failed for U2 - The Ocean: Error code: 429 - {'error': {'message': 'Too Many Requests', 'type': 'too_many_requests', 'param': None, 'code': 'too_many_requests'}}
Failed for Camel - Tell Me: Error code: 429 - {'error': {'message': 'Too Many Requests', 'type': 'too_many_requests', 'param': None, 'code': 'too_many_requests'}}
Failed for Camel - Unevensong: Error code: 429 - {'error': {'message': 'Too Many Requests', 'type': 'too_many_requests', 'param': None, 'code': 'too_many_requests'}}
Failed for Bran Van 3000 - Problems: Error code: 429 - {'error': {'message': 'Too Many Requests', 'type': 'too_many_requests', 'param': None, 'code': 'too_many_requests'}}
Failed for Ella Fitzgerald - Let'S Do It (Let'S Fall In Love): Error code: 429 - {'error': {'message': 'Too Many Requests', 'type': 'too_many_requests', 'param': None, 'code': 'too_many_requests'}}
Failed for Dropkick Murphys - The Outcast: Error code: 429 - {'error': {'message': 'Too Many Requests', 'type': 'too_many_requests', 'param': None, 'code': 'too_many_requests'}}
Failed for Modest Mouse - Sunspots In The House Of The Late Scapegoat: Error code: 429 - {'error': {'message': 'Too Many Requests', 'type': 'too_many_requests', 'param': None, 'code': 'too_many_requests'}}
Failed for The Evens - Around The Corner: Error code: 429 - {'error': {'message': 'Too Many Requests', 'type': 'too_many_requests', 'param': None, 'code': 'too_many_requests'}}
Failed for Camera Obscura - Let'S Go Bowling: Error code: 429 - {'error': {'message': 'Too Many Requests', 'type': 'too_many_requests', 'param': None, 'code': 'too_many_requests'}}
Failed for Верка Сердючка - Dancing Lasha Tumbai (Ukraine): Error code: 429 - {'error': {'message': 'Too Many Requests', 'type': 'too_many_requests', 'param': None, 'code': 'too_many_requests'}}
Failed for Radiohead - How I Made My Millions: Error code: 429 - {'error': {'message': 'Too Many Requests', 'type': 'too_many_requests', 'param': None, 'code': 'too_many_requests'}}
Failed for Jolie Holland - Nothing To Do But Dream: Error code: 429 - {'error': {'message': 'Too Many Requests', 'type': 'too_many_requests', 'param': None, 'code': 'too_many_requests'}}
Failed for Suicide - Las Vegas Man: Error code: 429 - {'error': {'message': 'Too Many Requests', 'type': 'too_many_requests', 'param': None, 'code': 'too_many_requests'}}
Failed for Ulver - Dead City Centres: Error code: 429 - {'error': {'message': 'Too Many Requests', 'type': 'too_many_requests', 'param': None, 'code': 'too_many_requests'}}
Failed for September Collective - The Return: Error code: 429 - {'error': {'message': 'Too Many Requests', 'type': 'too_many_requests', 'param': None, 'code': 'too_many_requests'}}
Failed for Looptroop - Trrism: Error code: 429 - {'error': {'message': 'Too Many Requests', 'type': 'too_many_requests', 'param': None, 'code': 'too_many_requests'}}
Failed for Great Lake Swimmers - Imaginary Bars: Error code: 429 - {'error': {'message': 'Too Many Requests', 'type': 'too_many_requests', 'param': None, 'code': 'too_many_requests'}}
Failed for Great Lake Swimmers - Moving Pictures Silent Films: Error code: 429 - {'error': {'message': 'Too Many Requests', 'type': 'too_many_requests', 'param': None, 'code': 'too_many_requests'}}
Failed for The Evens - Crude Bomb: Error code: 429 - {'error': {'message': 'Too Many Requests', 'type': 'too_many_requests', 'param': None, 'code': 'too_many_requests'}}
Failed for Jokke & Valentinerne - Sitter På En Bombe: Error code: 429 - {'error': {'message': 'Too Many Requests', 'type': 'too_many_requests', 'param': None, 'code': 'too_many_requests'}}
Failed for Jolie Holland - Crazy Dreams: Error code: 429 - {'error': {'message': 'Too Many Requests', 'type': 'too_many_requests', 'param': None, 'code': 'too_many_requests'}}
Failed for Skunk Anansie - She'S My Heroine: Error code: 429 - {'error': {'message': 'Too Many Requests', 'type': 'too_many_requests', 'param': None, 'code': 'too_many_requests'}}
Failed for Trial - Are These Our Lives?: Error code: 429 - {'error': {'message': 'Too Many Requests', 'type': 'too_many_requests', 'param': None, 'code': 'too_many_requests'}}
Failed for Great Lake Swimmers - To Leave It Behind: Error code: 429 - {'error': {'message': 'Too Many Requests', 'type': 'too_many_requests', 'param': None, 'code': 'too_many_requests'}}
Failed for They Might Be Giants - Experimental Film: Error code: 429 - {'error': {'message': 'Too Many Requests', 'type': 'too_many_requests', 'param': None, 'code': 'too_many_requests'}}
Failed for Neu! - Lila Engel (Lilac Angel): Error code: 429 - {'error': {'message': 'Too Many Requests', 'type': 'too_many_requests', 'param': None, 'code': 'too_many_requests'}}
Failed for Fila Brazillia - Place De La Concorde: Error code: 429 - {'error': {'message': 'Too Many Requests', 'type': 'too_many_requests', 'param': None, 'code': 'too_many_requests'}}
Failed for Filo & Peri - The Anthem (Radio Edit): Error code: 429 - {'error': {'message': 'Too Many Requests', 'type': 'too_many_requests', 'param': None, 'code': 'too_many_requests'}}
Failed for Black Flag - Scream: Error code: 429 - {'error': {'message': 'Too Many Requests', 'type': 'too_many_requests', 'param': None, 'code': 'too_many_requests'}}
Failed for Camera Obscura - Swans: Error code: 429 - {'error': {'message': 'Too Many Requests', 'type': 'too_many_requests', 'param': None, 'code': 'too_many_requests'}}
Failed for Camille - Vertige: Error code: 429 - {'error': {'message': 'Too Many Requests', 'type': 'too_many_requests', 'param': None, 'code': 'too_many_requests'}}
Failed for Camille - Gospel With No Lord: Error code: 429 - {'error': {'message': 'Too Many Requests', 'type': 'too_many_requests', 'param': None, 'code': 'too_many_requests'}}
Failed for Pants Yell! - Kids Are The Same: Error code: 429 - {'error': {'message': 'Too Many Requests', 'type': 'too_many_requests', 'param': None, 'code': 'too_many_requests'}}
Failed for Modest Mouse - Worms Vs. Birds: Error code: 429 - {'error': {'message': 'Too Many Requests', 'type': 'too_many_requests', 'param': None, 'code': 'too_many_requests'}}
Failed for Alley Life - Out With The Old: Error code: 429 - {'error': {'message': 'Too Many Requests', 'type': 'too_many_requests', 'param': None, 'code': 'too_many_requests'}}
Failed for Tenhi - Sarastuskävijä: Error code: 429 - {'error': {'message': 'Too Many Requests', 'type': 'too_many_requests', 'param': None, 'code': 'too_many_requests'}}
Failed for Fugees - How Many Mics: Error code: 429 - {'error': {'message': 'Too Many Requests', 'type': 'too_many_requests', 'param': None, 'code': 'too_many_requests'}}
Failed for Hot Hot Heat - In Cairo: Error code: 429 - {'error': {'message': 'Too Many Requests', 'type': 'too_many_requests', 'param': None, 'code': 'too_many_requests'}}
Failed for Tepr - Minuit Jacuzzi (Data Remix): Error code: 429 - {'error': {'message': 'Too Many Requests', 'type': 'too_many_requests', 'param': None, 'code': 'too_many_requests'}}
Failed for Talking Heads - Love → Building On Fire: Error code: 429 - {'error': {'message': 'Too Many Requests', 'type': 'too_many_requests', 'param': None, 'code': 'too_many_requests'}}
Failed for Talking Heads - Mr. Jones: Error code: 429 - {'error': {'message': 'Too Many Requests', 'type': 'too_many_requests', 'param': None, 'code': 'too_many_requests'}}
Failed for The Cat Empire - Hello: Error code: 429 - {'error': {'message': 'Too Many Requests', 'type': 'too_many_requests', 'param': None, 'code': 'too_many_requests'}}
Failed for Dimension Zero - He Who Shall Not Bleed: Error code: 429 - {'error': {'message': 'Too Many Requests', 'type': 'too_many_requests', 'param': None, 'code': 'too_many_requests'}}
Failed for Townes Van Zandt - Colorado Girl: Error code: 429 - {'error': {'message': 'Too Many Requests', 'type': 'too_many_requests', 'param': None, 'code': 'too_many_requests'}}
Failed for Ben Harper - Get It Like You Like It: Error code: 429 - {'error': {'message': 'Too Many Requests', 'type': 'too_many_requests', 'param': None, 'code': 'too_many_requests'}}
Failed for The Exploding Hearts - You'Re Black And Blue: Error code: 429 - {'error': {'message': 'Too Many Requests', 'type': 'too_many_requests', 'param': None, 'code': 'too_many_requests'}}
Failed for Jon Kennedy - Tell Me How You Feel (Bonobo Mix): Error code: 429 - {'error': {'message': 'Too Many Requests', 'type': 'too_many_requests', 'param': None, 'code': 'too_many_requests'}}
Failed for Nelly Furtado - Promiscious: Error code: 429 - {'error': {'message': 'Too Many Requests', 'type': 'too_many_requests', 'param': None, 'code': 'too_many_requests'}}
Failed for Younger Brother - Evil & Harm: Error code: 429 - {'error': {'message': 'Too Many Requests', 'type': 'too_many_requests', 'param': None, 'code': 'too_many_requests'}}
Failed for Ulver - For The Love Of God: Error code: 429 - {'error': {'message': 'Too Many Requests', 'type': 'too_many_requests', 'param': None, 'code': 'too_many_requests'}}
Failed for Radiohead - Inside My Head: Error code: 429 - {'error': {'message': 'Too Many Requests', 'type': 'too_many_requests', 'param': None, 'code': 'too_many_requests'}}
Failed for Ben Harper - Brown Eyed Blues: Error code: 429 - {'error': {'message': 'Too Many Requests', 'type': 'too_many_requests', 'param': None, 'code': 'too_many_requests'}}
Failed for Nena Daconte - Tenía Tanto Que Darte: Error code: 429 - {'error': {'message': 'Too Many Requests', 'type': 'too_many_requests', 'param': None, 'code': 'too_many_requests'}}
Failed for Tiamat - Atlantis As A Lover: Error code: 429 - {'error': {'message': 'Too Many Requests', 'type': 'too_many_requests', 'param': None, 'code': 'too_many_requests'}}
Failed for Pharrell Williams - Can I Have It Like That (Feat. Gwen Stefani): Error code: 429 - {'error': {'message': 'Too Many Requests', 'type': 'too_many_requests', 'param': None, 'code': 'too_many_requests'}}
Failed for Hot Snakes - Kreative Kontrol: Error code: 429 - {'error': {'message': 'Too Many Requests', 'type': 'too_many_requests', 'param': None, 'code': 'too_many_requests'}}
Failed for Damien Rice - Delicate (Live In Dublin): Error code: 429 - {'error': {'message': 'Too Many Requests', 'type': 'too_many_requests', 'param': None, 'code': 'too_many_requests'}}
Failed for Fujiya & Miyagi - Pterodactyls: Error code: 429 - {'error': {'message': 'Too Many Requests', 'type': 'too_many_requests', 'param': None, 'code': 'too_many_requests'}}
Failed for All The Saints - Farmacia: Error code: 429 - {'error': {'message': 'Too Many Requests', 'type': 'too_many_requests', 'param': None, 'code': 'too_many_requests'}}
Failed for Fugazi - Version: Error code: 429 - {'error': {'message': 'Too Many Requests', 'type': 'too_many_requests', 'param': None, 'code': 'too_many_requests'}}
Failed for Fujiya & Miyagi - Dishwasher: Error code: 429 - {'error': {'message': 'Too Many Requests', 'type': 'too_many_requests', 'param': None, 'code': 'too_many_requests'}}
Failed for Spiha - If I Ever Let You Go: Error code: 429 - {'error': {'message': 'Too Many Requests', 'type': 'too_many_requests', 'param': None, 'code': 'too_many_requests'}}
Failed for Full Frontal - You Think You'Re A Man: Error code: 429 - {'error': {'message': 'Too Many Requests', 'type': 'too_many_requests', 'param': None, 'code': 'too_many_requests'}}
Failed for They Might Be Giants - It'S Not My Birthday: Error code: 429 - {'error': {'message': 'Too Many Requests', 'type': 'too_many_requests', 'param': None, 'code': 'too_many_requests'}}
Failed for Klimt 1918 - Parade Of Adolescence: Error code: 429 - {'error': {'message': 'Too Many Requests', 'type': 'too_many_requests', 'param': None, 'code': 'too_many_requests'}}
Failed for Emilíana Torrini - Hold Heart: Error code: 429 - {'error': {'message': 'Too Many Requests', 'type': 'too_many_requests', 'param': None, 'code': 'too_many_requests'}}
Failed for Bomb The Music Industry! - Gang Of Four Meets The Stooges (But Boring): Error code: 429 - {'error': {'message': 'Too Many Requests', 'type': 'too_many_requests', 'param': None, 'code': 'too_many_requests'}}
Failed for The Exploding Hearts - Sleeping Aides And Razorblades: Error code: 429 - {'error': {'message': 'Too Many Requests', 'type': 'too_many_requests', 'param': None, 'code': 'too_many_requests'}}
Failed for Nelly Furtado - Man Eater: Error code: 429 - {'error': {'message': 'Too Many Requests', 'type': 'too_many_requests', 'param': None, 'code': 'too_many_requests'}}
Failed for Aesthetic Perfection - The Violence: Error code: 429 - {'error': {'message': 'Too Many Requests', 'type': 'too_many_requests', 'param': None, 'code': 'too_many_requests'}}
Failed for Jonas Brothers - Games: Error code: 429 - {'error': {'message': 'Too Many Requests', 'type': 'too_many_requests', 'param': None, 'code': 'too_many_requests'}}
Failed for Black Sabbath - Warning: Error code: 429 - {'error': {'message': 'Too Many Requests', 'type': 'too_many_requests', 'param': None, 'code': 'too_many_requests'}}
Failed for Black Sabbath - Tomorrows Dream: Error code: 429 - {'error': {'message': 'Too Many Requests', 'type': 'too_many_requests', 'param': None, 'code': 'too_many_requests'}}
Failed for Blaqk Audio - The Love Letter: Error code: 429 - {'error': {'message': 'Too Many Requests', 'type': 'too_many_requests', 'param': None, 'code': 'too_many_requests'}}
Failed for She Wants Revenge - Written In Blood: Error code: 429 - {'error': {'message': 'Too Many Requests', 'type': 'too_many_requests', 'param': None, 'code': 'too_many_requests'}}
Failed for Janet Jackson - So Excited (Feat. Khia): Error code: 429 - {'error': {'message': 'Too Many Requests', 'type': 'too_many_requests', 'param': None, 'code': 'too_many_requests'}}
Failed for Enslaved - I Lenker Til Ragnarok: Error code: 429 - {'error': {'message': 'Too Many Requests', 'type': 'too_many_requests', 'param': None, 'code': 'too_many_requests'}}
Failed for Μ-Ziq - Dexedrine Girl: Error code: 429 - {'error': {'message': 'Too Many Requests', 'type': 'too_many_requests', 'param': None, 'code': 'too_many_requests'}}
Failed for Ensiferum - Wanderer: Error code: 429 - {'error': {'message': 'Too Many Requests', 'type': 'too_many_requests', 'param': None, 'code': 'too_many_requests'}}
Failed for Klee - Gold: Error code: 429 - {'error': {'message': 'Too Many Requests', 'type': 'too_many_requests', 'param': None, 'code': 'too_many_requests'}}
Failed for Camp Rock - Who Will I Be?: Error code: 429 - {'error': {'message': 'Too Many Requests', 'type': 'too_many_requests', 'param': None, 'code': 'too_many_requests'}}
Failed for Ronan Keating - If Tomorrow Never Comes: Error code: 429 - {'error': {'message': 'Too Many Requests', 'type': 'too_many_requests', 'param': None, 'code': 'too_many_requests'}}
Failed for Mogwai - Sad Dc: Error code: 429 - {'error': {'message': 'Too Many Requests', 'type': 'too_many_requests', 'param': None, 'code': 'too_many_requests'}}
Failed for The Longcut - A Tried And Tested Method: Error code: 429 - {'error': {'message': 'Too Many Requests', 'type': 'too_many_requests', 'param': None, 'code': 'too_many_requests'}}
Failed for Funeral For A Friend - Kiss And Make Up (All Bets Are Off): Error code: 429 - {'error': {'message': 'Too Many Requests', 'type': 'too_many_requests', 'param': None, 'code': 'too_many_requests'}}
Failed for Funeral For A Friend - One For The Road: Error code: 429 - {'error': {'message': 'Too Many Requests', 'type': 'too_many_requests', 'param': None, 'code': 'too_many_requests'}}
Failed for Scorpions - Another Piece Of Meat: Error code: 429 - {'error': {'message': 'Too Many Requests', 'type': 'too_many_requests', 'param': None, 'code': 'too_many_requests'}}
Failed for Elle Milano - Swearing'S For Art Students: Error code: 429 - {'error': {'message': 'Too Many Requests', 'type': 'too_many_requests', 'param': None, 'code': 'too_many_requests'}}
Failed for Klaxons - Atlantis To Interzone (Digitalism Remix): Error code: 429 - {'error': {'message': 'Too Many Requests', 'type': 'too_many_requests', 'param': None, 'code': 'too_many_requests'}}
900/2988 done
Failed for Rome - Wilde Lager: Error code: 429 - {'error': {'message': 'Too Many Requests', 'type': 'too_many_requests', 'param': None, 'code': 'too_many_requests'}}
Failed for They Might Be Giants - Purple Toupee: Error code: 429 - {'error': {'message': 'Too Many Requests', 'type': 'too_many_requests', 'param': None, 'code': 'too_many_requests'}}
Failed for Klaus Badelt - To The Pirates' Cave!: Error code: 429 - {'error': {'message': 'Too Many Requests', 'type': 'too_many_requests', 'param': None, 'code': 'too_many_requests'}}
Failed for Youth Group - Last Quarter: Error code: 429 - {'error': {'message': 'Too Many Requests', 'type': 'too_many_requests', 'param': None, 'code': 'too_many_requests'}}
Failed for Youth Group - Lillian Lies: Error code: 429 - {'error': {'message': 'Too Many Requests', 'type': 'too_many_requests', 'param': None, 'code': 'too_many_requests'}}
Failed for The Sisters Of Mercy - Logic: Error code: 429 - {'error': {'message': 'Too Many Requests', 'type': 'too_many_requests', 'param': None, 'code': 'too_many_requests'}}
Failed for Farben Lehre - Spodnie Z Gs-U: Error code: 429 - {'error': {'message': 'Too Many Requests', 'type': 'too_many_requests', 'param': None, 'code': 'too_many_requests'}}
Failed for Grant Lee Buffalo - Honey Don'T Think: Error code: 429 - {'error': {'message': 'Too Many Requests', 'type': 'too_many_requests', 'param': None, 'code': 'too_many_requests'}}
Failed for Black Star - Respiration (Feat. Common): Error code: 429 - {'error': {'message': 'Too Many Requests', 'type': 'too_many_requests', 'param': None, 'code': 'too_many_requests'}}
Failed for Circa Survive - Semi Constructive Criticism: Error code: 429 - {'error': {'message': 'Too Many Requests', 'type': 'too_many_requests', 'param': None, 'code': 'too_many_requests'}}
Failed for Ben Harper - Power Of The Gospel: Error code: 429 - {'error': {'message': 'Too Many Requests', 'type': 'too_many_requests', 'param': None, 'code': 'too_many_requests'}}
Failed for Tribalistas - É Você: Error code: 429 - {'error': {'message': 'Too Many Requests', 'type': 'too_many_requests', 'param': None, 'code': 'too_many_requests'}}
Failed for Voxtrot - Your Biggest Fan: Error code: 429 - {'error': {'message': 'Too Many Requests', 'type': 'too_many_requests', 'param': None, 'code': 'too_many_requests'}}
Failed for Jonathan Larson - Another Day: Error code: 429 - {'error': {'message': 'Too Many Requests', 'type': 'too_many_requests', 'param': None, 'code': 'too_many_requests'}}
Failed for Radiohead - Vegetable (Live): Error code: 429 - {'error': {'message': 'Too Many Requests', 'type': 'too_many_requests', 'param': None, 'code': 'too_many_requests'}}
Failed for Ben Harper - Excuse Me Mr.: Error code: 429 - {'error': {'message': 'Too Many Requests', 'type': 'too_many_requests', 'param': None, 'code': 'too_many_requests'}}
Failed for Nelly - Dilemma (Feat. Kelly Rowland): Error code: 429 - {'error': {'message': 'Too Many Requests', 'type': 'too_many_requests', 'param': None, 'code': 'too_many_requests'}}
Failed for Candie Payne - All I Need To Hear: Error code: 429 - {'error': {'message': 'Too Many Requests', 'type': 'too_many_requests', 'param': None, 'code': 'too_many_requests'}}
Failed for Funeral For A Friend - Waking Up Inside My Own Paralysis: Error code: 429 - {'error': {'message': 'Too Many Requests', 'type': 'too_many_requests', 'param': None, 'code': 'too_many_requests'}}
Failed for Sloan - Nothing Left To Make Me Want To Stay: Error code: 429 - {'error': {'message': 'Too Many Requests', 'type': 'too_many_requests', 'param': None, 'code': 'too_many_requests'}}
Failed for Scorpions - Coming Home: Error code: 429 - {'error': {'message': 'Too Many Requests', 'type': 'too_many_requests', 'param': None, 'code': 'too_many_requests'}}
Failed for Fightstar - Wake Up: Error code: 429 - {'error': {'message': 'Too Many Requests', 'type': 'too_many_requests', 'param': None, 'code': 'too_many_requests'}}
Failed for Mojave 3 - Ghost Ship Waiting: Error code: 429 - {'error': {'message': 'Too Many Requests', 'type': 'too_many_requests', 'param': None, 'code': 'too_many_requests'}}
Failed for Dressy Bessy - Hey May: Error code: 429 - {'error': {'message': 'Too Many Requests', 'type': 'too_many_requests', 'param': None, 'code': 'too_many_requests'}}
Failed for Rollergirl - Dear Jessie: Error code: 429 - {'error': {'message': 'Too Many Requests', 'type': 'too_many_requests', 'param': None, 'code': 'too_many_requests'}}
Failed for Rogue Wave - Medicine Ball: Error code: 429 - {'error': {'message': 'Too Many Requests', 'type': 'too_many_requests', 'param': None, 'code': 'too_many_requests'}}
Failed for Drive Like Jehu - Human Interest: Error code: 429 - {'error': {'message': 'Too Many Requests', 'type': 'too_many_requests', 'param': None, 'code': 'too_many_requests'}}
Failed for Abba - Gimme! Gimme! Gimme!: Error code: 429 - {'error': {'message': 'Too Many Requests', 'type': 'too_many_requests', 'param': None, 'code': 'too_many_requests'}}
Failed for Άννα Βίσση - Welcome To The Party: Error code: 429 - {'error': {'message': 'Too Many Requests', 'type': 'too_many_requests', 'param': None, 'code': 'too_many_requests'}}
Failed for Dressy Bessy - The Things That You Say That You Do: Error code: 429 - {'error': {'message': 'Too Many Requests', 'type': 'too_many_requests', 'param': None, 'code': 'too_many_requests'}}
Failed for Spiritual Front - A Bastard Angel: Error code: 429 - {'error': {'message': 'Too Many Requests', 'type': 'too_many_requests', 'param': None, 'code': 'too_many_requests'}}
Failed for Sentenced - Intro - The Gate: Error code: 429 - {'error': {'message': 'Too Many Requests', 'type': 'too_many_requests', 'param': None, 'code': 'too_many_requests'}}
Failed for Nekropsi - Erciyes Şokta: Error code: 429 - {'error': {'message': 'Too Many Requests', 'type': 'too_many_requests', 'param': None, 'code': 'too_many_requests'}}
Failed for Towers Of London - On A Noose: Error code: 429 - {'error': {'message': 'Too Many Requests', 'type': 'too_many_requests', 'param': None, 'code': 'too_many_requests'}}
Failed for Towers Of London - Fuck It Up (Acoustic): Error code: 429 - {'error': {'message': 'Too Many Requests', 'type': 'too_many_requests', 'param': None, 'code': 'too_many_requests'}}
Failed for Poets Of The Fall - Sleep: Error code: 429 - {'error': {'message': 'Too Many Requests', 'type': 'too_many_requests', 'param': None, 'code': 'too_many_requests'}}
Failed for Talking Heads - Psycho Killer (Live): Error code: 429 - {'error': {'message': 'Too Many Requests', 'type': 'too_many_requests', 'param': None, 'code': 'too_many_requests'}}
Failed for Xiu Xiu - Bog People: Error code: 429 - {'error': {'message': 'Too Many Requests', 'type': 'too_many_requests', 'param': None, 'code': 'too_many_requests'}}
Failed for Towers Of London - Good Time: Error code: 429 - {'error': {'message': 'Too Many Requests', 'type': 'too_many_requests', 'param': None, 'code': 'too_many_requests'}}
Failed for One Night Only - It'S About Time: Error code: 429 - {'error': {'message': 'Too Many Requests', 'type': 'too_many_requests', 'param': None, 'code': 'too_many_requests'}}
Failed for Everything But The Girl - Missing (Todd Terry Club Mix): Error code: 429 - {'error': {'message': 'Too Many Requests', 'type': 'too_many_requests', 'param': None, 'code': 'too_many_requests'}}
Failed for Sentenced - Karu: Error code: 429 - {'error': {'message': 'Too Many Requests', 'type': 'too_many_requests', 'param': None, 'code': 'too_many_requests'}}
Failed for One Self - Bluebird: Error code: 429 - {'error': {'message': 'Too Many Requests', 'type': 'too_many_requests', 'param': None, 'code': 'too_many_requests'}}
Failed for Deep Purple - Sail Away: Error code: 429 - {'error': {'message': 'Too Many Requests', 'type': 'too_many_requests', 'param': None, 'code': 'too_many_requests'}}
Failed for The Cars - Moving In Stereo: Error code: 429 - {'error': {'message': 'Too Many Requests', 'type': 'too_many_requests', 'param': None, 'code': 'too_many_requests'}}
Failed for To/Die/For - (I Just) Died In Your Arms: Error code: 429 - {'error': {'message': 'Too Many Requests', 'type': 'too_many_requests', 'param': None, 'code': 'too_many_requests'}}
Failed for Blatz - Dolly: Error code: 429 - {'error': {'message': 'Too Many Requests', 'type': 'too_many_requests', 'param': None, 'code': 'too_many_requests'}}
Failed for The Streets - War Of The Sexes: Error code: 429 - {'error': {'message': 'Too Many Requests', 'type': 'too_many_requests', 'param': None, 'code': 'too_many_requests'}}
Failed for Big Star - Way Out West: Error code: 429 - {'error': {'message': 'Too Many Requests', 'type': 'too_many_requests', 'param': None, 'code': 'too_many_requests'}}
Failed for The Weakerthans - Pamphleteer: Error code: 429 - {'error': {'message': 'Too Many Requests', 'type': 'too_many_requests', 'param': None, 'code': 'too_many_requests'}}
Failed for 大谷幸 - Prohibited Art: Error code: 429 - {'error': {'message': 'Too Many Requests', 'type': 'too_many_requests', 'param': None, 'code': 'too_many_requests'}}
Failed for 4 Non Blondes - Calling All The People: Error code: 429 - {'error': {'message': 'Too Many Requests', 'type': 'too_many_requests', 'param': None, 'code': 'too_many_requests'}}
Failed for Lightning Bolt - Ride The Sky: Error code: 429 - {'error': {'message': 'Too Many Requests', 'type': 'too_many_requests', 'param': None, 'code': 'too_many_requests'}}
Failed for Mokoma - Sirppi: Error code: 429 - {'error': {'message': 'Too Many Requests', 'type': 'too_many_requests', 'param': None, 'code': 'too_many_requests'}}
Failed for Mokoma - Viholliset: Error code: 429 - {'error': {'message': 'Too Many Requests', 'type': 'too_many_requests', 'param': None, 'code': 'too_many_requests'}}
Failed for Dredg - Hungover On A Tuesday: Error code: 429 - {'error': {'message': 'Too Many Requests', 'type': 'too_many_requests', 'param': None, 'code': 'too_many_requests'}}
Failed for Rogue Wave - Are You On My Side: Error code: 429 - {'error': {'message': 'Too Many Requests', 'type': 'too_many_requests', 'param': None, 'code': 'too_many_requests'}}
Failed for Damien Jurado - Eyes For Windows: Error code: 429 - {'error': {'message': 'Too Many Requests', 'type': 'too_many_requests', 'param': None, 'code': 'too_many_requests'}}
Failed for Pantera - Nothin' On (But The Radio): Error code: 429 - {'error': {'message': 'Too Many Requests', 'type': 'too_many_requests', 'param': None, 'code': 'too_many_requests'}}
Failed for Tenacious D - Rocketsauce V.2: Error code: 429 - {'error': {'message': 'Too Many Requests', 'type': 'too_many_requests', 'param': None, 'code': 'too_many_requests'}}
Failed for All The Saints - Regal Regalia: Error code: 429 - {'error': {'message': 'Too Many Requests', 'type': 'too_many_requests', 'param': None, 'code': 'too_many_requests'}}
Failed for Archive - Beautiful World: Error code: 429 - {'error': {'message': 'Too Many Requests', 'type': 'too_many_requests', 'param': None, 'code': 'too_many_requests'}}
Failed for All The Saints - Hornett: Error code: 429 - {'error': {'message': 'Too Many Requests', 'type': 'too_many_requests', 'param': None, 'code': 'too_many_requests'}}
Failed for The Fall - The Classical: Error code: 429 - {'error': {'message': 'Too Many Requests', 'type': 'too_many_requests', 'param': None, 'code': 'too_many_requests'}}
Failed for Voltaire - The Vampire Club: Error code: 429 - {'error': {'message': 'Too Many Requests', 'type': 'too_many_requests', 'param': None, 'code': 'too_many_requests'}}
Failed for Ciara - Goodies: Error code: 429 - {'error': {'message': 'Too Many Requests', 'type': 'too_many_requests', 'param': None, 'code': 'too_many_requests'}}
Failed for International Peoples Gang - This One: Error code: 429 - {'error': {'message': 'Too Many Requests', 'type': 'too_many_requests', 'param': None, 'code': 'too_many_requests'}}
Failed for Dinosaur Jr. - On The Brink: Error code: 429 - {'error': {'message': 'Too Many Requests', 'type': 'too_many_requests', 'param': None, 'code': 'too_many_requests'}}
Failed for Jordin Sparks - Permanent Monday: Error code: 429 - {'error': {'message': 'Too Many Requests', 'type': 'too_many_requests', 'param': None, 'code': 'too_many_requests'}}
Failed for Neko Case - Knock Loud: Error code: 429 - {'error': {'message': 'Too Many Requests', 'type': 'too_many_requests', 'param': None, 'code': 'too_many_requests'}}
Failed for Neil Young & Crazy Horse - Down By The River: Error code: 429 - {'error': {'message': 'Too Many Requests', 'type': 'too_many_requests', 'param': None, 'code': 'too_many_requests'}}
Failed for Jonny Mcgovern - Soccer Practice: Error code: 429 - {'error': {'message': 'Too Many Requests', 'type': 'too_many_requests', 'param': None, 'code': 'too_many_requests'}}
Failed for Grandaddy - Hand Crank Transmitter: Error code: 429 - {'error': {'message': 'Too Many Requests', 'type': 'too_many_requests', 'param': None, 'code': 'too_many_requests'}}
Failed for Cibo Matto - Moonchild: Error code: 429 - {'error': {'message': 'Too Many Requests', 'type': 'too_many_requests', 'param': None, 'code': 'too_many_requests'}}
Failed for Vonda Shepard - Searchin' My Soul: Error code: 429 - {'error': {'message': 'Too Many Requests', 'type': 'too_many_requests', 'param': None, 'code': 'too_many_requests'}}
Failed for The Von Bondies - Not That Social: Error code: 429 - {'error': {'message': 'Too Many Requests', 'type': 'too_many_requests', 'param': None, 'code': 'too_many_requests'}}
Failed for Farben Lehre - Miasto Końca Wieku: Error code: 429 - {'error': {'message': 'Too Many Requests', 'type': 'too_many_requests', 'param': None, 'code': 'too_many_requests'}}
Failed for Aesop Rock - No City: Error code: 429 - {'error': {'message': 'Too Many Requests', 'type': 'too_many_requests', 'param': None, 'code': 'too_many_requests'}}
Failed for Aesop Rock - None Shall Pass (Prod. By Blockhead): Error code: 429 - {'error': {'message': 'Too Many Requests', 'type': 'too_many_requests', 'param': None, 'code': 'too_many_requests'}}
Failed for Thåström - Varför Är Du Så Tyst: Error code: 429 - {'error': {'message': 'Too Many Requests', 'type': 'too_many_requests', 'param': None, 'code': 'too_many_requests'}}
Failed for Željko Joksimović - Lane Moje: Error code: 429 - {'error': {'message': 'Too Many Requests', 'type': 'too_many_requests', 'param': None, 'code': 'too_many_requests'}}
Failed for Automatic Loveletter - The Answer: Error code: 429 - {'error': {'message': 'Too Many Requests', 'type': 'too_many_requests', 'param': None, 'code': 'too_many_requests'}}
Failed for Abba - Ring Ring: Error code: 429 - {'error': {'message': 'Too Many Requests', 'type': 'too_many_requests', 'param': None, 'code': 'too_many_requests'}}
Failed for Spiritualized - Do It All Over Again: Error code: 429 - {'error': {'message': 'Too Many Requests', 'type': 'too_many_requests', 'param': None, 'code': 'too_many_requests'}}
Failed for Roger Waters - The Bravery Of Being Out Of Range: Error code: 429 - {'error': {'message': 'Too Many Requests', 'type': 'too_many_requests', 'param': None, 'code': 'too_many_requests'}}
Failed for Scorpions - Hour I: Error code: 429 - {'error': {'message': 'Too Many Requests', 'type': 'too_many_requests', 'param': None, 'code': 'too_many_requests'}}
Failed for Max Richter - Time Passing: Error code: 429 - {'error': {'message': 'Too Many Requests', 'type': 'too_many_requests', 'param': None, 'code': 'too_many_requests'}}
Failed for At The Drive-In - A Devil Among The Tailors: Error code: 429 - {'error': {'message': 'Too Many Requests', 'type': 'too_many_requests', 'param': None, 'code': 'too_many_requests'}}
Failed for The Lightning Seeds - The Life Of Riley: Error code: 429 - {'error': {'message': 'Too Many Requests', 'type': 'too_many_requests', 'param': None, 'code': 'too_many_requests'}}
Failed for Roger Waters - The Tide Is Turning (After Live Aid): Error code: 429 - {'error': {'message': 'Too Many Requests', 'type': 'too_many_requests', 'param': None, 'code': 'too_many_requests'}}
Failed for Dream Theater - Sacrificed Sons: Error code: 429 - {'error': {'message': 'Too Many Requests', 'type': 'too_many_requests', 'param': None, 'code': 'too_many_requests'}}
Failed for Abba - Sos: Error code: 429 - {'error': {'message': 'Too Many Requests', 'type': 'too_many_requests', 'param': None, 'code': 'too_many_requests'}}
Failed for They Might Be Giants - Twisting: Error code: 429 - {'error': {'message': 'Too Many Requests', 'type': 'too_many_requests', 'param': None, 'code': 'too_many_requests'}}
1000/2988 done
Failed for Turisas - A Portage To The Unknown: Error code: 429 - {'error': {'message': 'Too Many Requests', 'type': 'too_many_requests', 'param': None, 'code': 'too_many_requests'}}
Failed for Blur - Yuko And Hiro: Error code: 429 - {'error': {'message': 'Too Many Requests', 'type': 'too_many_requests', 'param': None, 'code': 'too_many_requests'}}
Failed for Cannibal Corpse - Fucked With A Knife: Error code: 429 - {'error': {'message': 'Too Many Requests', 'type': 'too_many_requests', 'param': None, 'code': 'too_many_requests'}}
Failed for The Vaselines - Son Of A Gun: Error code: 429 - {'error': {'message': 'Too Many Requests', 'type': 'too_many_requests', 'param': None, 'code': 'too_many_requests'}}
Failed for Sinéad O'Connor - Y Mas Gan: Error code: 429 - {'error': {'message': 'Too Many Requests', 'type': 'too_many_requests', 'param': None, 'code': 'too_many_requests'}}
Failed for Mando Diao - Give Me Fire: Error code: 429 - {'error': {'message': 'Too Many Requests', 'type': 'too_many_requests', 'param': None, 'code': 'too_many_requests'}}
Failed for Ciara - Can'T Leave 'Em Alone (Feat. 50 Cent): Error code: 429 - {'error': {'message': 'Too Many Requests', 'type': 'too_many_requests', 'param': None, 'code': 'too_many_requests'}}
Failed for Deep Purple - Kentucky Woman: Error code: 429 - {'error': {'message': 'Too Many Requests', 'type': 'too_many_requests', 'param': None, 'code': 'too_many_requests'}}
Failed for Ciara - Bang It Up: Error code: 429 - {'error': {'message': 'Too Many Requests', 'type': 'too_many_requests', 'param': None, 'code': 'too_many_requests'}}
Failed for Deep Purple - Help: Error code: 429 - {'error': {'message': 'Too Many Requests', 'type': 'too_many_requests', 'param': None, 'code': 'too_many_requests'}}
Failed for Dio - Invisible: Error code: 429 - {'error': {'message': 'Too Many Requests', 'type': 'too_many_requests', 'param': None, 'code': 'too_many_requests'}}
Failed for Andrea - Time To Pray: Error code: 429 - {'error': {'message': 'Too Many Requests', 'type': 'too_many_requests', 'param': None, 'code': 'too_many_requests'}}
Failed for Neil Young - The Loner: Error code: 429 - {'error': {'message': 'Too Many Requests', 'type': 'too_many_requests', 'param': None, 'code': 'too_many_requests'}}
Failed for Andrea Bocelli - La Donna E Mobile: Error code: 429 - {'error': {'message': 'Too Many Requests', 'type': 'too_many_requests', 'param': None, 'code': 'too_many_requests'}}
Failed for The Libertines - Skint And Minted (Demo): Error code: 429 - {'error': {'message': 'Too Many Requests', 'type': 'too_many_requests', 'param': None, 'code': 'too_many_requests'}}
Failed for Scorpions - Make It Real: Error code: 429 - {'error': {'message': 'Too Many Requests', 'type': 'too_many_requests', 'param': None, 'code': 'too_many_requests'}}
Failed for Wilco - Passenger Side: Error code: 429 - {'error': {'message': 'Too Many Requests', 'type': 'too_many_requests', 'param': None, 'code': 'too_many_requests'}}
Failed for Ellen Allien & Apparat - Sleepless: Error code: 429 - {'error': {'message': 'Too Many Requests', 'type': 'too_many_requests', 'param': None, 'code': 'too_many_requests'}}
Failed for The Bees - Got To Let Go: Error code: 429 - {'error': {'message': 'Too Many Requests', 'type': 'too_many_requests', 'param': None, 'code': 'too_many_requests'}}
Failed for Ellen Allien - Magma: Error code: 429 - {'error': {'message': 'Too Many Requests', 'type': 'too_many_requests', 'param': None, 'code': 'too_many_requests'}}
Failed for Rodrigo Y Gabriela - Juan Loco: Error code: 429 - {'error': {'message': 'Too Many Requests', 'type': 'too_many_requests', 'param': None, 'code': 'too_many_requests'}}
Failed for Inxs - Baby Don'T Cry: Error code: 429 - {'error': {'message': 'Too Many Requests', 'type': 'too_many_requests', 'param': None, 'code': 'too_many_requests'}}
Failed for Archive - Hate: Error code: 429 - {'error': {'message': 'Too Many Requests', 'type': 'too_many_requests', 'param': None, 'code': 'too_many_requests'}}
Failed for Arcade Fire - Cars And Telephones: Error code: 429 - {'error': {'message': 'Too Many Requests', 'type': 'too_many_requests', 'param': None, 'code': 'too_many_requests'}}
Failed for Panjabi Mc - Mundian To Bach Ke: Error code: 429 - {'error': {'message': 'Too Many Requests', 'type': 'too_many_requests', 'param': None, 'code': 'too_many_requests'}}
Failed for Interpol - Obstacle 1 (Black Session): Error code: 429 - {'error': {'message': 'Too Many Requests', 'type': 'too_many_requests', 'param': None, 'code': 'too_many_requests'}}
Failed for The Beauty Room - Holding On: Error code: 429 - {'error': {'message': 'Too Many Requests', 'type': 'too_many_requests', 'param': None, 'code': 'too_many_requests'}}
Failed for Turisas - Fields Of Gold: Error code: 429 - {'error': {'message': 'Too Many Requests', 'type': 'too_many_requests', 'param': None, 'code': 'too_many_requests'}}
Failed for Tenacious D - Kikapoo: Error code: 429 - {'error': {'message': 'Too Many Requests', 'type': 'too_many_requests', 'param': None, 'code': 'too_many_requests'}}
Failed for At The Gates - The Flames Of The End: Error code: 429 - {'error': {'message': 'Too Many Requests', 'type': 'too_many_requests', 'param': None, 'code': 'too_many_requests'}}
Failed for Wolfgang Amadeus Mozart - Requiem: Error code: 429 - {'error': {'message': 'Too Many Requests', 'type': 'too_many_requests', 'param': None, 'code': 'too_many_requests'}}
Failed for Into Eternity - Beginning Of The End: Error code: 429 - {'error': {'message': 'Too Many Requests', 'type': 'too_many_requests', 'param': None, 'code': 'too_many_requests'}}
Failed for De La Soul - Oodles Of O'S: Error code: 429 - {'error': {'message': 'Too Many Requests', 'type': 'too_many_requests', 'param': None, 'code': 'too_many_requests'}}
Failed for Luz Divina - You Shine On Me (Johnny Budz Remix): Error code: 429 - {'error': {'message': 'Too Many Requests', 'type': 'too_many_requests', 'param': None, 'code': 'too_many_requests'}}
Failed for The Feelies - The Boy With The Perpetual Nervousness: Error code: 429 - {'error': {'message': 'Too Many Requests', 'type': 'too_many_requests', 'param': None, 'code': 'too_many_requests'}}
Failed for Neil Young - Human Highway: Error code: 429 - {'error': {'message': 'Too Many Requests', 'type': 'too_many_requests', 'param': None, 'code': 'too_many_requests'}}
Failed for Rain Parade - I Look Around: Error code: 429 - {'error': {'message': 'Too Many Requests', 'type': 'too_many_requests', 'param': None, 'code': 'too_many_requests'}}
Failed for Bon Jovi - Lost Highway: Error code: 429 - {'error': {'message': 'Too Many Requests', 'type': 'too_many_requests', 'param': None, 'code': 'too_many_requests'}}
Failed for Grand Alchemist - Down Again: Error code: 429 - {'error': {'message': 'Too Many Requests', 'type': 'too_many_requests', 'param': None, 'code': 'too_many_requests'}}
Failed for Chuck Mangione - Children Of Sanchez: Error code: 429 - {'error': {'message': 'Too Many Requests', 'type': 'too_many_requests', 'param': None, 'code': 'too_many_requests'}}
Failed for Aphrodite - Put A Cut On It (Feat. Rah Digga): Error code: 429 - {'error': {'message': 'Too Many Requests', 'type': 'too_many_requests', 'param': None, 'code': 'too_many_requests'}}
Failed for London After Midnight - America'S A Fucking Disease: Error code: 429 - {'error': {'message': 'Too Many Requests', 'type': 'too_many_requests', 'param': None, 'code': 'too_many_requests'}}
Failed for Onerepublic - Sleep: Error code: 429 - {'error': {'message': 'Too Many Requests', 'type': 'too_many_requests', 'param': None, 'code': 'too_many_requests'}}
Failed for Jan Johansson - Vallåt Från Jämtland: Error code: 429 - {'error': {'message': 'Too Many Requests', 'type': 'too_many_requests', 'param': None, 'code': 'too_many_requests'}}
Failed for Chumbawamba - Smith & Taylor: Error code: 429 - {'error': {'message': 'Too Many Requests', 'type': 'too_many_requests', 'param': None, 'code': 'too_many_requests'}}
Failed for Mando Diao - Hail The Sunny Days: Error code: 429 - {'error': {'message': 'Too Many Requests', 'type': 'too_many_requests', 'param': None, 'code': 'too_many_requests'}}
Failed for Neil Young - Living With War: Error code: 429 - {'error': {'message': 'Too Many Requests', 'type': 'too_many_requests', 'param': None, 'code': 'too_many_requests'}}
Failed for Cross Canadian Ragweed - Fightin' For: Error code: 429 - {'error': {'message': 'Too Many Requests', 'type': 'too_many_requests', 'param': None, 'code': 'too_many_requests'}}
Failed for Every Time I Die - The New Black: Error code: 429 - {'error': {'message': 'Too Many Requests', 'type': 'too_many_requests', 'param': None, 'code': 'too_many_requests'}}
Failed for The Cardigans - Lead Me Into The Night: Error code: 429 - {'error': {'message': 'Too Many Requests', 'type': 'too_many_requests', 'param': None, 'code': 'too_many_requests'}}
Failed for Veronica Lipgloss And The Evil Eyes - Strip Mall Glass: Error code: 429 - {'error': {'message': 'Too Many Requests', 'type': 'too_many_requests', 'param': None, 'code': 'too_many_requests'}}
Failed for The Cardigans - Sabbath Bloody Sabbath: Error code: 429 - {'error': {'message': 'Too Many Requests', 'type': 'too_many_requests', 'param': None, 'code': 'too_many_requests'}}
Failed for Gabin - La Maison: Error code: 429 - {'error': {'message': 'Too Many Requests', 'type': 'too_many_requests', 'param': None, 'code': 'too_many_requests'}}
Failed for Abc - Valentine'S Day: Error code: 429 - {'error': {'message': 'Too Many Requests', 'type': 'too_many_requests', 'param': None, 'code': 'too_many_requests'}}
Failed for Abc - Show Me: Error code: 429 - {'error': {'message': 'Too Many Requests', 'type': 'too_many_requests', 'param': None, 'code': 'too_many_requests'}}
Failed for Max Richter - Lullaby: Error code: 429 - {'error': {'message': 'Too Many Requests', 'type': 'too_many_requests', 'param': None, 'code': 'too_many_requests'}}
Failed for Turin Brakes - Fishing For A Dream: Error code: 429 - {'error': {'message': 'Too Many Requests', 'type': 'too_many_requests', 'param': None, 'code': 'too_many_requests'}}
Failed for Spoon - 30 Gallon Tank: Error code: 429 - {'error': {'message': 'Too Many Requests', 'type': 'too_many_requests', 'param': None, 'code': 'too_many_requests'}}
Failed for Rockers Hi-Fi - Going Under (Evil Love And Insanity Dub): Error code: 429 - {'error': {'message': 'Too Many Requests', 'type': 'too_many_requests', 'param': None, 'code': 'too_many_requests'}}
Failed for Lil Wayne - Black Republicans (Feat. Juelz Santana): Error code: 429 - {'error': {'message': 'Too Many Requests', 'type': 'too_many_requests', 'param': None, 'code': 'too_many_requests'}}
Failed for Kings Of Leon - Woo Hoo: Error code: 429 - {'error': {'message': 'Too Many Requests', 'type': 'too_many_requests', 'param': None, 'code': 'too_many_requests'}}
Failed for The Lemonheads - Let'S Just Laugh: Error code: 429 - {'error': {'message': 'Too Many Requests', 'type': 'too_many_requests', 'param': None, 'code': 'too_many_requests'}}
Failed for Rocket From The Crypt - On A Rope: Error code: 429 - {'error': {'message': 'Too Many Requests', 'type': 'too_many_requests', 'param': None, 'code': 'too_many_requests'}}
Failed for Kings Of Convenience - Failure (Alfie Version): Error code: 429 - {'error': {'message': 'Too Many Requests', 'type': 'too_many_requests', 'param': None, 'code': 'too_many_requests'}}
Failed for Animosity - Instilling The Affliction: Error code: 429 - {'error': {'message': 'Too Many Requests', 'type': 'too_many_requests', 'param': None, 'code': 'too_many_requests'}}
Failed for Aesop Rock - Fascination: Error code: 429 - {'error': {'message': 'Too Many Requests', 'type': 'too_many_requests', 'param': None, 'code': 'too_many_requests'}}
Failed for Blur - Repetition: Error code: 429 - {'error': {'message': 'Too Many Requests', 'type': 'too_many_requests', 'param': None, 'code': 'too_many_requests'}}
Failed for The Sins Of Thy Beloved - Silent Pain: Error code: 429 - {'error': {'message': 'Too Many Requests', 'type': 'too_many_requests', 'param': None, 'code': 'too_many_requests'}}
Failed for Grand Alchemist - A Nailed Visual Effect: Error code: 429 - {'error': {'message': 'Too Many Requests', 'type': 'too_many_requests', 'param': None, 'code': 'too_many_requests'}}
Failed for Crowded House - Mean To Me: Error code: 429 - {'error': {'message': 'Too Many Requests', 'type': 'too_many_requests', 'param': None, 'code': 'too_many_requests'}}
Failed for Blur - Villa Rosie: Error code: 429 - {'error': {'message': 'Too Many Requests', 'type': 'too_many_requests', 'param': None, 'code': 'too_many_requests'}}
Failed for Jamiroquai - You Are My Love: Error code: 429 - {'error': {'message': 'Too Many Requests', 'type': 'too_many_requests', 'param': None, 'code': 'too_many_requests'}}
Failed for Aesop Rock - Bracket Basher: Error code: 429 - {'error': {'message': 'Too Many Requests', 'type': 'too_many_requests', 'param': None, 'code': 'too_many_requests'}}
Failed for Mono - 16.12: Error code: 429 - {'error': {'message': 'Too Many Requests', 'type': 'too_many_requests', 'param': None, 'code': 'too_many_requests'}}
Failed for Kings Of Convenience - The Weight Of My Words (Four Tet Remix): Error code: 429 - {'error': {'message': 'Too Many Requests', 'type': 'too_many_requests', 'param': None, 'code': 'too_many_requests'}}
Failed for Max Pezzali - Eccoti: Error code: 429 - {'error': {'message': 'Too Many Requests', 'type': 'too_many_requests', 'param': None, 'code': 'too_many_requests'}}
Failed for Madvillain - Great Day Today: Error code: 429 - {'error': {'message': 'Too Many Requests', 'type': 'too_many_requests', 'param': None, 'code': 'too_many_requests'}}
Failed for Mono - Lost Snow: Error code: 429 - {'error': {'message': 'Too Many Requests', 'type': 'too_many_requests', 'param': None, 'code': 'too_many_requests'}}
Failed for Gaelle - Rain: Error code: 429 - {'error': {'message': 'Too Many Requests', 'type': 'too_many_requests', 'param': None, 'code': 'too_many_requests'}}
Failed for Lusine Icl - Stones Throw: Error code: 429 - {'error': {'message': 'Too Many Requests', 'type': 'too_many_requests', 'param': None, 'code': 'too_many_requests'}}
Failed for Eternal Tears Of Sorrow - Sweet Lilith Of My Dreams: Error code: 429 - {'error': {'message': 'Too Many Requests', 'type': 'too_many_requests', 'param': None, 'code': 'too_many_requests'}}
Failed for Pale Saints - She Rides The Waves: Error code: 429 - {'error': {'message': 'Too Many Requests', 'type': 'too_many_requests', 'param': None, 'code': 'too_many_requests'}}
Failed for Mono - Mere Your Pathetique Light: Error code: 429 - {'error': {'message': 'Too Many Requests', 'type': 'too_many_requests', 'param': None, 'code': 'too_many_requests'}}
Failed for The Legendary Pink Dots - The Brightest Star: Error code: 429 - {'error': {'message': 'Too Many Requests', 'type': 'too_many_requests', 'param': None, 'code': 'too_many_requests'}}
Failed for Turin Brakes - Emergency 72: Error code: 429 - {'error': {'message': 'Too Many Requests', 'type': 'too_many_requests', 'param': None, 'code': 'too_many_requests'}}
Failed for The Beta Band - Liquid Bird: Error code: 429 - {'error': {'message': 'Too Many Requests', 'type': 'too_many_requests', 'param': None, 'code': 'too_many_requests'}}
Failed for Robots In Disguise - Can'T Stop Getting Wasted: Error code: 429 - {'error': {'message': 'Too Many Requests', 'type': 'too_many_requests', 'param': None, 'code': 'too_many_requests'}}
Failed for Robots In Disguise - Don'T Copy Me: Error code: 429 - {'error': {'message': 'Too Many Requests', 'type': 'too_many_requests', 'param': None, 'code': 'too_many_requests'}}
Failed for Spoon - Don'T Buy The Realistic: Error code: 429 - {'error': {'message': 'Too Many Requests', 'type': 'too_many_requests', 'param': None, 'code': 'too_many_requests'}}
Failed for Robots In Disguise - Animals: Error code: 429 - {'error': {'message': 'Too Many Requests', 'type': 'too_many_requests', 'param': None, 'code': 'too_many_requests'}}
Failed for Robots In Disguise - I'M Hit: Error code: 429 - {'error': {'message': 'Too Many Requests', 'type': 'too_many_requests', 'param': None, 'code': 'too_many_requests'}}
Failed for Scorpions - We Were Born To Fly: Error code: 429 - {'error': {'message': 'Too Many Requests', 'type': 'too_many_requests', 'param': None, 'code': 'too_many_requests'}}
Failed for Scorpions - We Will Rise Again: Error code: 429 - {'error': {'message': 'Too Many Requests', 'type': 'too_many_requests', 'param': None, 'code': 'too_many_requests'}}
Failed for Spoon - Reservations: Error code: 429 - {'error': {'message': 'Too Many Requests', 'type': 'too_many_requests', 'param': None, 'code': 'too_many_requests'}}
Failed for Atb - 9 Am: Error code: 429 - {'error': {'message': 'Too Many Requests', 'type': 'too_many_requests', 'param': None, 'code': 'too_many_requests'}}
Failed for The Fiery Furnaces - Nevers: Error code: 429 - {'error': {'message': 'Too Many Requests', 'type': 'too_many_requests', 'param': None, 'code': 'too_many_requests'}}
Failed for Volbeat - Find That Soul: Error code: 429 - {'error': {'message': 'Too Many Requests', 'type': 'too_many_requests', 'param': None, 'code': 'too_many_requests'}}
Failed for The Fiery Furnaces - Oh Sweet Woods: Error code: 429 - {'error': {'message': 'Too Many Requests', 'type': 'too_many_requests', 'param': None, 'code': 'too_many_requests'}}
1100/2988 done
Failed for Emilie Autumn - Chambermaid: Error code: 429 - {'error': {'message': 'Too Many Requests', 'type': 'too_many_requests', 'param': None, 'code': 'too_many_requests'}}
Failed for Sufjan Stevens - Rice Pudding: Error code: 429 - {'error': {'message': 'Too Many Requests', 'type': 'too_many_requests', 'param': None, 'code': 'too_many_requests'}}
Failed for The Sins Of Thy Beloved - Lake Of Sorrow: Error code: 429 - {'error': {'message': 'Too Many Requests', 'type': 'too_many_requests', 'param': None, 'code': 'too_many_requests'}}
Failed for Aesop Rock - Appleseed Intro: Error code: 429 - {'error': {'message': 'Too Many Requests', 'type': 'too_many_requests', 'param': None, 'code': 'too_many_requests'}}
Failed for Neil Sedaka - Happy Birthday Sweet Sixteen: Error code: 429 - {'error': {'message': 'Too Many Requests', 'type': 'too_many_requests', 'param': None, 'code': 'too_many_requests'}}
Failed for Josh Groban - Silent Night: Error code: 429 - {'error': {'message': 'Too Many Requests', 'type': 'too_many_requests', 'param': None, 'code': 'too_many_requests'}}
Failed for The Fiery Furnaces - Cousin Chris: Error code: 429 - {'error': {'message': 'Too Many Requests', 'type': 'too_many_requests', 'param': None, 'code': 'too_many_requests'}}
Failed for Josh Groban - Remember When It Rained: Error code: 429 - {'error': {'message': 'Too Many Requests', 'type': 'too_many_requests', 'param': None, 'code': 'too_many_requests'}}
Failed for Sufjan Stevens - Super Sexy Woman: Error code: 429 - {'error': {'message': 'Too Many Requests', 'type': 'too_many_requests', 'param': None, 'code': 'too_many_requests'}}
Failed for London After Midnight - Psycho Magnet: Error code: 429 - {'error': {'message': 'Too Many Requests', 'type': 'too_many_requests', 'param': None, 'code': 'too_many_requests'}}
Failed for Sufjan Stevens - The One I Love: Error code: 429 - {'error': {'message': 'Too Many Requests', 'type': 'too_many_requests', 'param': None, 'code': 'too_many_requests'}}
Failed for Josh Ritter - Rumors: Error code: 429 - {'error': {'message': 'Too Many Requests', 'type': 'too_many_requests', 'param': None, 'code': 'too_many_requests'}}
Failed for Tricky - For Real: Error code: 429 - {'error': {'message': 'Too Many Requests', 'type': 'too_many_requests', 'param': None, 'code': 'too_many_requests'}}
Failed for Rainbow - The Temple Of The King: Error code: 429 - {'error': {'message': 'Too Many Requests', 'type': 'too_many_requests', 'param': None, 'code': 'too_many_requests'}}
Failed for Atb - After The Flame: Error code: 429 - {'error': {'message': 'Too Many Requests', 'type': 'too_many_requests', 'param': None, 'code': 'too_many_requests'}}
Failed for The Lawrence Arms - Key To The City: Error code: 429 - {'error': {'message': 'Too Many Requests', 'type': 'too_many_requests', 'param': None, 'code': 'too_many_requests'}}
Failed for Aberdeen - Fran: Error code: 429 - {'error': {'message': 'Too Many Requests', 'type': 'too_many_requests', 'param': None, 'code': 'too_many_requests'}}
Failed for The Bird And The Bee - Meteor: Error code: 429 - {'error': {'message': 'Too Many Requests', 'type': 'too_many_requests', 'param': None, 'code': 'too_many_requests'}}
Failed for Daft Punk - Human After All (Justice Remix): Error code: 429 - {'error': {'message': 'Too Many Requests', 'type': 'too_many_requests', 'param': None, 'code': 'too_many_requests'}}
Failed for King Crimson - Thrak: Error code: 429 - {'error': {'message': 'Too Many Requests', 'type': 'too_many_requests', 'param': None, 'code': 'too_many_requests'}}
Failed for Big L - All Black: Error code: 429 - {'error': {'message': 'Too Many Requests', 'type': 'too_many_requests', 'param': None, 'code': 'too_many_requests'}}
Failed for Television Personalities - Look Back In Anger: Error code: 429 - {'error': {'message': 'Too Many Requests', 'type': 'too_many_requests', 'param': None, 'code': 'too_many_requests'}}
Failed for Turbonegro - Locked Down: Error code: 429 - {'error': {'message': 'Too Many Requests', 'type': 'too_many_requests', 'param': None, 'code': 'too_many_requests'}}
Failed for Shout Out Louds - Hurry Up Let'S Go: Error code: 429 - {'error': {'message': 'Too Many Requests', 'type': 'too_many_requests', 'param': None, 'code': 'too_many_requests'}}
Failed for Silvio Rodríguez - Playa Girón: Error code: 429 - {'error': {'message': 'Too Many Requests', 'type': 'too_many_requests', 'param': None, 'code': 'too_many_requests'}}
Failed for Madvillain - Raid (Feat. Med): Error code: 429 - {'error': {'message': 'Too Many Requests', 'type': 'too_many_requests', 'param': None, 'code': 'too_many_requests'}}
Failed for Autechre - Doctrine: Error code: 429 - {'error': {'message': 'Too Many Requests', 'type': 'too_many_requests', 'param': None, 'code': 'too_many_requests'}}
Failed for Yui - Rolling Star: Error code: 429 - {'error': {'message': 'Too Many Requests', 'type': 'too_many_requests', 'param': None, 'code': 'too_many_requests'}}
Failed for Logic - Fucking Swedish: Error code: 429 - {'error': {'message': 'Too Many Requests', 'type': 'too_many_requests', 'param': None, 'code': 'too_many_requests'}}
Failed for Thyrane - Dance In The Air: Error code: 429 - {'error': {'message': 'Too Many Requests', 'type': 'too_many_requests', 'param': None, 'code': 'too_many_requests'}}
Failed for Graham Colton Band - Since You Broke It: Error code: 429 - {'error': {'message': 'Too Many Requests', 'type': 'too_many_requests', 'param': None, 'code': 'too_many_requests'}}
Failed for Ben Lee - We'Re All In This Together: Error code: 429 - {'error': {'message': 'Too Many Requests', 'type': 'too_many_requests', 'param': None, 'code': 'too_many_requests'}}
Failed for Christina Aguilera - Keep On Singin' My Song: Error code: 429 - {'error': {'message': 'Too Many Requests', 'type': 'too_many_requests', 'param': None, 'code': 'too_many_requests'}}
Failed for Christina Aguilera - Underappreciated: Error code: 429 - {'error': {'message': 'Too Many Requests', 'type': 'too_many_requests', 'param': None, 'code': 'too_many_requests'}}
Failed for Thåström - Flicka Med Guld: Error code: 429 - {'error': {'message': 'Too Many Requests', 'type': 'too_many_requests', 'param': None, 'code': 'too_many_requests'}}
Failed for Neil Diamond - Cracklin' Rosie: Error code: 429 - {'error': {'message': 'Too Many Requests', 'type': 'too_many_requests', 'param': None, 'code': 'too_many_requests'}}
Failed for Dir En Grey - Marmalade Chainsaw: Error code: 429 - {'error': {'message': 'Too Many Requests', 'type': 'too_many_requests', 'param': None, 'code': 'too_many_requests'}}
Failed for Dir En Grey - Filth: Error code: 429 - {'error': {'message': 'Too Many Requests', 'type': 'too_many_requests', 'param': None, 'code': 'too_many_requests'}}
Failed for The Fiery Furnaces - Whistle Rhapsody: Error code: 429 - {'error': {'message': 'Too Many Requests', 'type': 'too_many_requests', 'param': None, 'code': 'too_many_requests'}}
Failed for King Crimson - One More Red Nightmare: Error code: 429 - {'error': {'message': 'Too Many Requests', 'type': 'too_many_requests', 'param': None, 'code': 'too_many_requests'}}
Failed for Gang Gang Dance - Afoot: Error code: 429 - {'error': {'message': 'Too Many Requests', 'type': 'too_many_requests', 'param': None, 'code': 'too_many_requests'}}
Failed for Dr. Octagon - 3000: Error code: 429 - {'error': {'message': 'Too Many Requests', 'type': 'too_many_requests', 'param': None, 'code': 'too_many_requests'}}
Failed for The Last Dance - Wonderlust: Error code: 429 - {'error': {'message': 'Too Many Requests', 'type': 'too_many_requests', 'param': None, 'code': 'too_many_requests'}}
Failed for King Crimson - Easy Money: Error code: 429 - {'error': {'message': 'Too Many Requests', 'type': 'too_many_requests', 'param': None, 'code': 'too_many_requests'}}
Failed for Animal Collective - Street Flash: Error code: 429 - {'error': {'message': 'Too Many Requests', 'type': 'too_many_requests', 'param': None, 'code': 'too_many_requests'}}
Failed for Spın̈Al Tap - Tonight I'M Gonna Rock You Tonight: Error code: 429 - {'error': {'message': 'Too Many Requests', 'type': 'too_many_requests', 'param': None, 'code': 'too_many_requests'}}
Failed for Animal Collective - Infant Dressing Table: Error code: 429 - {'error': {'message': 'Too Many Requests', 'type': 'too_many_requests', 'param': None, 'code': 'too_many_requests'}}
Failed for Squarepusher - Rotate Electrolyte: Error code: 429 - {'error': {'message': 'Too Many Requests', 'type': 'too_many_requests', 'param': None, 'code': 'too_many_requests'}}
Failed for Atb - Killer: Error code: 429 - {'error': {'message': 'Too Many Requests', 'type': 'too_many_requests', 'param': None, 'code': 'too_many_requests'}}
Failed for The Fixx - Deeper And Deeper: Error code: 429 - {'error': {'message': 'Too Many Requests', 'type': 'too_many_requests', 'param': None, 'code': 'too_many_requests'}}
Failed for 2Pac - All About U: Error code: 429 - {'error': {'message': 'Too Many Requests', 'type': 'too_many_requests', 'param': None, 'code': 'too_many_requests'}}
Failed for Semisonic - Gone To The Movies: Error code: 429 - {'error': {'message': 'Too Many Requests', 'type': 'too_many_requests', 'param': None, 'code': 'too_many_requests'}}
Failed for The Wake - Patrol: Error code: 429 - {'error': {'message': 'Too Many Requests', 'type': 'too_many_requests', 'param': None, 'code': 'too_many_requests'}}
Failed for Lok - Skrubbsår: Error code: 429 - {'error': {'message': 'Too Many Requests', 'type': 'too_many_requests', 'param': None, 'code': 'too_many_requests'}}
Failed for Jamie T - If You Got The Money (Miloco Demo Version): Error code: 429 - {'error': {'message': 'Too Many Requests', 'type': 'too_many_requests', 'param': None, 'code': 'too_many_requests'}}
Failed for Tamia - Almost: Error code: 429 - {'error': {'message': 'Too Many Requests', 'type': 'too_many_requests', 'param': None, 'code': 'too_many_requests'}}
Failed for Joss Stone - Bad Habit: Error code: 429 - {'error': {'message': 'Too Many Requests', 'type': 'too_many_requests', 'param': None, 'code': 'too_many_requests'}}
Failed for Mandalay - Flowers Bloom: Error code: 429 - {'error': {'message': 'Too Many Requests', 'type': 'too_many_requests', 'param': None, 'code': 'too_many_requests'}}
Failed for Plushgun - Just Impolite: Error code: 429 - {'error': {'message': 'Too Many Requests', 'type': 'too_many_requests', 'param': None, 'code': 'too_many_requests'}}
Failed for Cruachan - Some Say The Devil Is Dead: Error code: 429 - {'error': {'message': 'Too Many Requests', 'type': 'too_many_requests', 'param': None, 'code': 'too_many_requests'}}
Failed for Joss Stone - Some Kind Of Wonderful: Error code: 429 - {'error': {'message': 'Too Many Requests', 'type': 'too_many_requests', 'param': None, 'code': 'too_many_requests'}}
Failed for Mandalay - Insensible: Error code: 429 - {'error': {'message': 'Too Many Requests', 'type': 'too_many_requests', 'param': None, 'code': 'too_many_requests'}}
Failed for Plej - Evum: Error code: 429 - {'error': {'message': 'Too Many Requests', 'type': 'too_many_requests', 'param': None, 'code': 'too_many_requests'}}
Failed for Operation Ivy - Bombshell: Error code: 429 - {'error': {'message': 'Too Many Requests', 'type': 'too_many_requests', 'param': None, 'code': 'too_many_requests'}}
Failed for Tamia - When A Woman: Error code: 429 - {'error': {'message': 'Too Many Requests', 'type': 'too_many_requests', 'param': None, 'code': 'too_many_requests'}}
Failed for Deep Forest - Deep Forest: Error code: 429 - {'error': {'message': 'Too Many Requests', 'type': 'too_many_requests', 'param': None, 'code': 'too_many_requests'}}
Failed for Art Brut - The Great Escape: Error code: 429 - {'error': {'message': 'Too Many Requests', 'type': 'too_many_requests', 'param': None, 'code': 'too_many_requests'}}
Failed for The Weakerthans - Civil Twilight: Error code: 429 - {'error': {'message': 'Too Many Requests', 'type': 'too_many_requests', 'param': None, 'code': 'too_many_requests'}}
Failed for Field Mob - Blacker The Berry: Error code: 429 - {'error': {'message': 'Too Many Requests', 'type': 'too_many_requests', 'param': None, 'code': 'too_many_requests'}}
Failed for Turbonegro - Denim Demon: Error code: 429 - {'error': {'message': 'Too Many Requests', 'type': 'too_many_requests', 'param': None, 'code': 'too_many_requests'}}
Failed for Moonspell - Capricorn At Her Feet: Error code: 429 - {'error': {'message': 'Too Many Requests', 'type': 'too_many_requests', 'param': None, 'code': 'too_many_requests'}}
Failed for Gang Starr - All 4 Tha Ca$H: Error code: 429 - {'error': {'message': 'Too Many Requests', 'type': 'too_many_requests', 'param': None, 'code': 'too_many_requests'}}
Failed for Atb - The Chosen Ones: Error code: 429 - {'error': {'message': 'Too Many Requests', 'type': 'too_many_requests', 'param': None, 'code': 'too_many_requests'}}
Failed for Kim Leoni - Medicine (Radio Edit): Error code: 429 - {'error': {'message': 'Too Many Requests', 'type': 'too_many_requests', 'param': None, 'code': 'too_many_requests'}}
Failed for Slipknot - Wherein Lies Continue: Error code: 429 - {'error': {'message': 'Too Many Requests', 'type': 'too_many_requests', 'param': None, 'code': 'too_many_requests'}}
Failed for Dr. Dre - The Chronic (Intro): Error code: 429 - {'error': {'message': 'Too Many Requests', 'type': 'too_many_requests', 'param': None, 'code': 'too_many_requests'}}
Failed for Moonspell - Awake: Error code: 429 - {'error': {'message': 'Too Many Requests', 'type': 'too_many_requests', 'param': None, 'code': 'too_many_requests'}}
Failed for Thievery Corporation - The Foundation: Error code: 429 - {'error': {'message': 'Too Many Requests', 'type': 'too_many_requests', 'param': None, 'code': 'too_many_requests'}}
Failed for Moonspell - Raven Claws: Error code: 429 - {'error': {'message': 'Too Many Requests', 'type': 'too_many_requests', 'param': None, 'code': 'too_many_requests'}}
Failed for Kim Wilde - Cambodia: Error code: 429 - {'error': {'message': 'Too Many Requests', 'type': 'too_many_requests', 'param': None, 'code': 'too_many_requests'}}
Failed for Gang Starr - Robbin Hood Theory: Error code: 429 - {'error': {'message': 'Too Many Requests', 'type': 'too_many_requests', 'param': None, 'code': 'too_many_requests'}}
Failed for Slade - Coz I Luv You: Error code: 429 - {'error': {'message': 'Too Many Requests', 'type': 'too_many_requests', 'param': None, 'code': 'too_many_requests'}}
Failed for Aphrodite - All Over Me (Feat. Barrington Levy): Error code: 429 - {'error': {'message': 'Too Many Requests', 'type': 'too_many_requests', 'param': None, 'code': 'too_many_requests'}}
Failed for Necrophagist - Epitaph: Error code: 429 - {'error': {'message': 'Too Many Requests', 'type': 'too_many_requests', 'param': None, 'code': 'too_many_requests'}}
Failed for Dire Straits - Your Latest Trick: Error code: 429 - {'error': {'message': 'Too Many Requests', 'type': 'too_many_requests', 'param': None, 'code': 'too_many_requests'}}
Failed for Christian Kjellvander - Deliverance: Error code: 429 - {'error': {'message': 'Too Many Requests', 'type': 'too_many_requests', 'param': None, 'code': 'too_many_requests'}}
Failed for Raised Fist - Some Of These Times: Error code: 429 - {'error': {'message': 'Too Many Requests', 'type': 'too_many_requests', 'param': None, 'code': 'too_many_requests'}}
Failed for Aphilas - Lifelong Fiction: Error code: 429 - {'error': {'message': 'Too Many Requests', 'type': 'too_many_requests', 'param': None, 'code': 'too_many_requests'}}
Failed for Fatboy Slim - Michael Jackson: Error code: 429 - {'error': {'message': 'Too Many Requests', 'type': 'too_many_requests', 'param': None, 'code': 'too_many_requests'}}
Failed for Dire Straits - In The Gallery: Error code: 429 - {'error': {'message': 'Too Many Requests', 'type': 'too_many_requests', 'param': None, 'code': 'too_many_requests'}}
Failed for Tricky - Veronika: Error code: 429 - {'error': {'message': 'Too Many Requests', 'type': 'too_many_requests', 'param': None, 'code': 'too_many_requests'}}
Failed for Sufjan Stevens - A Sun Came: Error code: 429 - {'error': {'message': 'Too Many Requests', 'type': 'too_many_requests', 'param': None, 'code': 'too_many_requests'}}
Failed for Yung Joc - Bout It: Error code: 429 - {'error': {'message': 'Too Many Requests', 'type': 'too_many_requests', 'param': None, 'code': 'too_many_requests'}}
Failed for Killswitch Engage - Numbered Days: Error code: 429 - {'error': {'message': 'Too Many Requests', 'type': 'too_many_requests', 'param': None, 'code': 'too_many_requests'}}
Failed for José Feliciano - Feliz Navidad: Error code: 429 - {'error': {'message': 'Too Many Requests', 'type': 'too_many_requests', 'param': None, 'code': 'too_many_requests'}}
Failed for Dr. Dog - Hang On: Error code: 429 - {'error': {'message': 'Too Many Requests', 'type': 'too_many_requests', 'param': None, 'code': 'too_many_requests'}}
Failed for Matthew Good - The Devil'S In Your Details: Error code: 429 - {'error': {'message': 'Too Many Requests', 'type': 'too_many_requests', 'param': None, 'code': 'too_many_requests'}}
Failed for Animal Collective - I Remember Learning How To Dive: Error code: 429 - {'error': {'message': 'Too Many Requests', 'type': 'too_many_requests', 'param': None, 'code': 'too_many_requests'}}
Failed for The Birthday Massacre - Under The Stairs: Error code: 429 - {'error': {'message': 'Too Many Requests', 'type': 'too_many_requests', 'param': None, 'code': 'too_many_requests'}}
1200/2988 done
Failed for Dr. Dog - The Way The Lazy Do: Error code: 429 - {'error': {'message': 'Too Many Requests', 'type': 'too_many_requests', 'param': None, 'code': 'too_many_requests'}}
Failed for The Birthday Massacre - Play Dead: Error code: 429 - {'error': {'message': 'Too Many Requests', 'type': 'too_many_requests', 'param': None, 'code': 'too_many_requests'}}
Failed for Phosphorescent - Not A Heel: Error code: 429 - {'error': {'message': 'Too Many Requests', 'type': 'too_many_requests', 'param': None, 'code': 'too_many_requests'}}
Failed for Killradio - Entertained: Error code: 429 - {'error': {'message': 'Too Many Requests', 'type': 'too_many_requests', 'param': None, 'code': 'too_many_requests'}}
Failed for Television Personalities - Parties In Chelsea: Error code: 429 - {'error': {'message': 'Too Many Requests', 'type': 'too_many_requests', 'param': None, 'code': 'too_many_requests'}}
Failed for The Kooks - Be Mine: Error code: 429 - {'error': {'message': 'Too Many Requests', 'type': 'too_many_requests', 'param': None, 'code': 'too_many_requests'}}
Failed for Carla Bruni - La Dernière Minute: Error code: 429 - {'error': {'message': 'Too Many Requests', 'type': 'too_many_requests', 'param': None, 'code': 'too_many_requests'}}
Failed for Hooverphonic - Sometimes: Error code: 429 - {'error': {'message': 'Too Many Requests', 'type': 'too_many_requests', 'param': None, 'code': 'too_many_requests'}}
Failed for Hooverphonic - L'Odeur Animale: Error code: 429 - {'error': {'message': 'Too Many Requests', 'type': 'too_many_requests', 'param': None, 'code': 'too_many_requests'}}
Failed for Wolfsheim - Touch: Error code: 429 - {'error': {'message': 'Too Many Requests', 'type': 'too_many_requests', 'param': None, 'code': 'too_many_requests'}}
Failed for Wilco - (Was I) In Your Dreams: Error code: 429 - {'error': {'message': 'Too Many Requests', 'type': 'too_many_requests', 'param': None, 'code': 'too_many_requests'}}
Failed for Simian Vs Justice Feat. Missy - 4 My Friends (Dix Edit): Error code: 429 - {'error': {'message': 'Too Many Requests', 'type': 'too_many_requests', 'param': None, 'code': 'too_many_requests'}}
Failed for Arab Strap - There Is No Ending: Error code: 429 - {'error': {'message': 'Too Many Requests', 'type': 'too_many_requests', 'param': None, 'code': 'too_many_requests'}}
Failed for Blu Cantrell - Sleep In The Middle: Error code: 429 - {'error': {'message': 'Too Many Requests', 'type': 'too_many_requests', 'param': None, 'code': 'too_many_requests'}}
Failed for Andrew Bird - Mx Missiles: Error code: 429 - {'error': {'message': 'Too Many Requests', 'type': 'too_many_requests', 'param': None, 'code': 'too_many_requests'}}
Failed for The Flaming Lips - Psychiatric Explorations Of The Fetus With Needles: Error code: 429 - {'error': {'message': 'Too Many Requests', 'type': 'too_many_requests', 'param': None, 'code': 'too_many_requests'}}
Failed for Suede - My Insatiable One: Error code: 429 - {'error': {'message': 'Too Many Requests', 'type': 'too_many_requests', 'param': None, 'code': 'too_many_requests'}}
Failed for Chrisette Michele - Your Joy: Error code: 429 - {'error': {'message': 'Too Many Requests', 'type': 'too_many_requests', 'param': None, 'code': 'too_many_requests'}}
Failed for Dirty Pretty Things - Buzzards & Crows: Error code: 429 - {'error': {'message': 'Too Many Requests', 'type': 'too_many_requests', 'param': None, 'code': 'too_many_requests'}}
Failed for Andrew Bird - First Song: Error code: 429 - {'error': {'message': 'Too Many Requests', 'type': 'too_many_requests', 'param': None, 'code': 'too_many_requests'}}
Failed for Fatboy Slim - Sho Nuff: Error code: 429 - {'error': {'message': 'Too Many Requests', 'type': 'too_many_requests', 'param': None, 'code': 'too_many_requests'}}
Failed for Black Sabbath - E5150: Error code: 429 - {'error': {'message': 'Too Many Requests', 'type': 'too_many_requests', 'param': None, 'code': 'too_many_requests'}}
Failed for Black Sabbath - Crazy Train: Error code: 429 - {'error': {'message': 'Too Many Requests', 'type': 'too_many_requests', 'param': None, 'code': 'too_many_requests'}}
Failed for Marnie Stern - Precious Metal: Error code: 429 - {'error': {'message': 'Too Many Requests', 'type': 'too_many_requests', 'param': None, 'code': 'too_many_requests'}}
Failed for Joy Denalane - Change (Feat. Lupe Fiasco): Error code: 429 - {'error': {'message': 'Too Many Requests', 'type': 'too_many_requests', 'param': None, 'code': 'too_many_requests'}}
Failed for Joy Division - Auto-Suggestion: Error code: 429 - {'error': {'message': 'Too Many Requests', 'type': 'too_many_requests', 'param': None, 'code': 'too_many_requests'}}
Failed for The Flaming Lips - Superhumans: Error code: 429 - {'error': {'message': 'Too Many Requests', 'type': 'too_many_requests', 'param': None, 'code': 'too_many_requests'}}
Failed for Grace Jones - Private Life: Error code: 429 - {'error': {'message': 'Too Many Requests', 'type': 'too_many_requests', 'param': None, 'code': 'too_many_requests'}}
Failed for Rammstein - Das Alte Leid: Error code: 429 - {'error': {'message': 'Too Many Requests', 'type': 'too_many_requests', 'param': None, 'code': 'too_many_requests'}}
Failed for Grace Jones - I'Ve Seen That Face Before (Libertango): Error code: 429 - {'error': {'message': 'Too Many Requests', 'type': 'too_many_requests', 'param': None, 'code': 'too_many_requests'}}
Failed for Raised Fist - You Ignore Them All: Error code: 429 - {'error': {'message': 'Too Many Requests', 'type': 'too_many_requests', 'param': None, 'code': 'too_many_requests'}}
Failed for Suede - The Next Life: Error code: 429 - {'error': {'message': 'Too Many Requests', 'type': 'too_many_requests', 'param': None, 'code': 'too_many_requests'}}
Failed for Dire Straits - Why Worry: Error code: 429 - {'error': {'message': 'Too Many Requests', 'type': 'too_many_requests', 'param': None, 'code': 'too_many_requests'}}
Failed for Nearly - Straight To Nowhere: Error code: 429 - {'error': {'message': 'Too Many Requests', 'type': 'too_many_requests', 'param': None, 'code': 'too_many_requests'}}
Failed for Suede - The Living Dead: Error code: 429 - {'error': {'message': 'Too Many Requests', 'type': 'too_many_requests', 'param': None, 'code': 'too_many_requests'}}
Failed for Carla Bruni - L'Amour: Error code: 429 - {'error': {'message': 'Too Many Requests', 'type': 'too_many_requests', 'param': None, 'code': 'too_many_requests'}}
Failed for Carla Bruni - Before The World Was Made: Error code: 429 - {'error': {'message': 'Too Many Requests', 'type': 'too_many_requests', 'param': None, 'code': 'too_many_requests'}}
Failed for Pain Of Salvation - Ii. Machinassiah: Lilium Cruentus (Deus Nova): Error code: 429 - {'error': {'message': 'Too Many Requests', 'type': 'too_many_requests', 'param': None, 'code': 'too_many_requests'}}
Failed for Killing Joke - The Death & Resurrection Show: Error code: 429 - {'error': {'message': 'Too Many Requests', 'type': 'too_many_requests', 'param': None, 'code': 'too_many_requests'}}
Failed for Morandi - Angels: Error code: 429 - {'error': {'message': 'Too Many Requests', 'type': 'too_many_requests', 'param': None, 'code': 'too_many_requests'}}
Failed for Atb - Tristan Da Cunha: Error code: 429 - {'error': {'message': 'Too Many Requests', 'type': 'too_many_requests', 'param': None, 'code': 'too_many_requests'}}
Failed for Matthew Good - I'M A Window: Error code: 429 - {'error': {'message': 'Too Many Requests', 'type': 'too_many_requests', 'param': None, 'code': 'too_many_requests'}}
Failed for Fictionjunction Yuuka - 焔の扉: Error code: 429 - {'error': {'message': 'Too Many Requests', 'type': 'too_many_requests', 'param': None, 'code': 'too_many_requests'}}
Failed for Matthew Good - Pledge Of Allegiance: Error code: 429 - {'error': {'message': 'Too Many Requests', 'type': 'too_many_requests', 'param': None, 'code': 'too_many_requests'}}
Failed for Elliott Smith - Brand New Game: Error code: 429 - {'error': {'message': 'Too Many Requests', 'type': 'too_many_requests', 'param': None, 'code': 'too_many_requests'}}
Failed for Download - Uhm: Error code: 429 - {'error': {'message': 'Too Many Requests', 'type': 'too_many_requests', 'param': None, 'code': 'too_many_requests'}}
Failed for Squirrel Nut Zippers - Hell: Error code: 429 - {'error': {'message': 'Too Many Requests', 'type': 'too_many_requests', 'param': None, 'code': 'too_many_requests'}}
Failed for Bauhaus - Nerves: Error code: 429 - {'error': {'message': 'Too Many Requests', 'type': 'too_many_requests', 'param': None, 'code': 'too_many_requests'}}
Failed for The Brunettes - The Moon In June Stuff: Error code: 429 - {'error': {'message': 'Too Many Requests', 'type': 'too_many_requests', 'param': None, 'code': 'too_many_requests'}}
Failed for Gossip - Standing In The Way Of Control (Soulwax Mix): Error code: 429 - {'error': {'message': 'Too Many Requests', 'type': 'too_many_requests', 'param': None, 'code': 'too_many_requests'}}
Failed for Natasha Bedingfield - Love Like This (Feat. Sean Kingston): Error code: 429 - {'error': {'message': 'Too Many Requests', 'type': 'too_many_requests', 'param': None, 'code': 'too_many_requests'}}
Failed for Natasha St-Pier - Ce Silence: Error code: 429 - {'error': {'message': 'Too Many Requests', 'type': 'too_many_requests', 'param': None, 'code': 'too_many_requests'}}
Failed for Nathan Fake - You Are Here: Error code: 429 - {'error': {'message': 'Too Many Requests', 'type': 'too_many_requests', 'param': None, 'code': 'too_many_requests'}}
Failed for Selena Gomez - Tell Me Something I Don'T Know: Error code: 429 - {'error': {'message': 'Too Many Requests', 'type': 'too_many_requests', 'param': None, 'code': 'too_many_requests'}}
Failed for Dirty Pretty Things - Hippy'S Son: Error code: 429 - {'error': {'message': 'Too Many Requests', 'type': 'too_many_requests', 'param': None, 'code': 'too_many_requests'}}
Failed for Gotan Project - Domingo: Error code: 429 - {'error': {'message': 'Too Many Requests', 'type': 'too_many_requests', 'param': None, 'code': 'too_many_requests'}}
Failed for Slagsmålsklubben - I Hennes Majestäts Hemliga Hatt: Error code: 429 - {'error': {'message': 'Too Many Requests', 'type': 'too_many_requests', 'param': None, 'code': 'too_many_requests'}}
Failed for Matt Pond Pa - Taught To Look Away: Error code: 429 - {'error': {'message': 'Too Many Requests', 'type': 'too_many_requests', 'param': None, 'code': 'too_many_requests'}}
Failed for The Rolling Stones - All Down The Line: Error code: 429 - {'error': {'message': 'Too Many Requests', 'type': 'too_many_requests', 'param': None, 'code': 'too_many_requests'}}
Failed for Morbid Angel - Maze Of Torment: Error code: 429 - {'error': {'message': 'Too Many Requests', 'type': 'too_many_requests', 'param': None, 'code': 'too_many_requests'}}
Failed for Ania - Wiosna: Error code: 429 - {'error': {'message': 'Too Many Requests', 'type': 'too_many_requests', 'param': None, 'code': 'too_many_requests'}}
Failed for Matt Pond Pa - So Much Trouble: Error code: 429 - {'error': {'message': 'Too Many Requests', 'type': 'too_many_requests', 'param': None, 'code': 'too_many_requests'}}
Failed for The Knife - Forest Families(Silent Shout Tour): Error code: 429 - {'error': {'message': 'Too Many Requests', 'type': 'too_many_requests', 'param': None, 'code': 'too_many_requests'}}
Failed for Boys Noize - Superfresh: Error code: 429 - {'error': {'message': 'Too Many Requests', 'type': 'too_many_requests', 'param': None, 'code': 'too_many_requests'}}
Failed for Gare Du Nord - Sold My Soul: Error code: 429 - {'error': {'message': 'Too Many Requests', 'type': 'too_many_requests', 'param': None, 'code': 'too_many_requests'}}
Failed for Boys Noize - & Down (Siriusmo Vs. Boys Noize Mix): Error code: 429 - {'error': {'message': 'Too Many Requests', 'type': 'too_many_requests', 'param': None, 'code': 'too_many_requests'}}
Failed for St. Christopher - All Of A Tremble: Error code: 429 - {'error': {'message': 'Too Many Requests', 'type': 'too_many_requests', 'param': None, 'code': 'too_many_requests'}}
Failed for Robbie Williams - Have You Met Miss Jones?: Error code: 429 - {'error': {'message': 'Too Many Requests', 'type': 'too_many_requests', 'param': None, 'code': 'too_many_requests'}}
Failed for Garden Of Eden - Lélekmadár: Error code: 429 - {'error': {'message': 'Too Many Requests', 'type': 'too_many_requests', 'param': None, 'code': 'too_many_requests'}}
Failed for Morcheeba - What New York Couples Fight About (Feat. Kurt Wagner): Error code: 429 - {'error': {'message': 'Too Many Requests', 'type': 'too_many_requests', 'param': None, 'code': 'too_many_requests'}}
Failed for Uffie - Pop The Glock (Curtis Vodka Rmx): Error code: 429 - {'error': {'message': 'Too Many Requests', 'type': 'too_many_requests', 'param': None, 'code': 'too_many_requests'}}
Failed for Scotty - Draw Your Brakes: Error code: 429 - {'error': {'message': 'Too Many Requests', 'type': 'too_many_requests', 'param': None, 'code': 'too_many_requests'}}
Failed for Gare Du Nord - How Was It For You: Error code: 429 - {'error': {'message': 'Too Many Requests', 'type': 'too_many_requests', 'param': None, 'code': 'too_many_requests'}}
Failed for Ultravox - Passionate Reply: Error code: 429 - {'error': {'message': 'Too Many Requests', 'type': 'too_many_requests', 'param': None, 'code': 'too_many_requests'}}
Failed for Aerosmith - Cryin: Error code: 429 - {'error': {'message': 'Too Many Requests', 'type': 'too_many_requests', 'param': None, 'code': 'too_many_requests'}}
Failed for Kill Hannah - No One Dreams Anyway: Error code: 429 - {'error': {'message': 'Too Many Requests', 'type': 'too_many_requests', 'param': None, 'code': 'too_many_requests'}}
Failed for Maroon 5 - Ragdoll: Error code: 429 - {'error': {'message': 'Too Many Requests', 'type': 'too_many_requests', 'param': None, 'code': 'too_many_requests'}}
Failed for Chris Vrenna - Fungiferous Flora: Error code: 429 - {'error': {'message': 'Too Many Requests', 'type': 'too_many_requests', 'param': None, 'code': 'too_many_requests'}}
Failed for Natalie Merchant - Kind & Generous: Error code: 429 - {'error': {'message': 'Too Many Requests', 'type': 'too_many_requests', 'param': None, 'code': 'too_many_requests'}}
Failed for Dirty Vegas - Ghosts: Error code: 429 - {'error': {'message': 'Too Many Requests', 'type': 'too_many_requests', 'param': None, 'code': 'too_many_requests'}}
Failed for Vnv Nation - Joy: Error code: 429 - {'error': {'message': 'Too Many Requests', 'type': 'too_many_requests', 'param': None, 'code': 'too_many_requests'}}
Failed for Chris Vrenna - Skool Daze: Error code: 429 - {'error': {'message': 'Too Many Requests', 'type': 'too_many_requests', 'param': None, 'code': 'too_many_requests'}}
Failed for Opeth - Epilogue: Error code: 429 - {'error': {'message': 'Too Many Requests', 'type': 'too_many_requests', 'param': None, 'code': 'too_many_requests'}}
Failed for Jamie Cullum - What A Difference A Day Made: Error code: 429 - {'error': {'message': 'Too Many Requests', 'type': 'too_many_requests', 'param': None, 'code': 'too_many_requests'}}
Failed for Jamie Cullum - Oh God: Error code: 429 - {'error': {'message': 'Too Many Requests', 'type': 'too_many_requests', 'param': None, 'code': 'too_many_requests'}}
Failed for Lucybell - Luces No Bélicas: Error code: 429 - {'error': {'message': 'Too Many Requests', 'type': 'too_many_requests', 'param': None, 'code': 'too_many_requests'}}
Failed for Bleeding Through - Kill To Believe: Error code: 429 - {'error': {'message': 'Too Many Requests', 'type': 'too_many_requests', 'param': None, 'code': 'too_many_requests'}}
Failed for The Klf - 3 A.M. Somewhere Out Of Beaumont: Error code: 429 - {'error': {'message': 'Too Many Requests', 'type': 'too_many_requests', 'param': None, 'code': 'too_many_requests'}}
Failed for The Klf - Church Of The Klf: Error code: 429 - {'error': {'message': 'Too Many Requests', 'type': 'too_many_requests', 'param': None, 'code': 'too_many_requests'}}
Failed for Pain - Clouds Of Ecstasy: Error code: 429 - {'error': {'message': 'Too Many Requests', 'type': 'too_many_requests', 'param': None, 'code': 'too_many_requests'}}
Failed for Blur - Entertain Me: Error code: 429 - {'error': {'message': 'Too Many Requests', 'type': 'too_many_requests', 'param': None, 'code': 'too_many_requests'}}
Failed for Archive - Meon: Error code: 429 - {'error': {'message': 'Too Many Requests', 'type': 'too_many_requests', 'param': None, 'code': 'too_many_requests'}}
Failed for Robbie Rivera - Back To Zero (Miami Vocal Radio Mix): Error code: 429 - {'error': {'message': 'Too Many Requests', 'type': 'too_many_requests', 'param': None, 'code': 'too_many_requests'}}
Failed for Blind Stare - Ender: Error code: 429 - {'error': {'message': 'Too Many Requests', 'type': 'too_many_requests', 'param': None, 'code': 'too_many_requests'}}
Failed for Hoof - And The Colours: Error code: 429 - {'error': {'message': 'Too Many Requests', 'type': 'too_many_requests', 'param': None, 'code': 'too_many_requests'}}
1300/2988 done
Failed for Blind Melon - Soak The Sin: Error code: 429 - {'error': {'message': 'Too Many Requests', 'type': 'too_many_requests', 'param': None, 'code': 'too_many_requests'}}
Failed for Hooverphonic - Frosted Flake Wood: Error code: 429 - {'error': {'message': 'Too Many Requests', 'type': 'too_many_requests', 'param': None, 'code': 'too_many_requests'}}
Failed for Daedelus - Get Off Your Hi-Hats: Error code: 429 - {'error': {'message': 'Too Many Requests', 'type': 'too_many_requests', 'param': None, 'code': 'too_many_requests'}}
Failed for Gorgoroth - Litani Til Satan: Error code: 429 - {'error': {'message': 'Too Many Requests', 'type': 'too_many_requests', 'param': None, 'code': 'too_many_requests'}}
Failed for Hooverphonic - Dictionary: Error code: 429 - {'error': {'message': 'Too Many Requests', 'type': 'too_many_requests', 'param': None, 'code': 'too_many_requests'}}
Failed for The Birthday Massacre - Weekend: Error code: 429 - {'error': {'message': 'Too Many Requests', 'type': 'too_many_requests', 'param': None, 'code': 'too_many_requests'}}
Failed for Judas Priest - Sinner: Error code: 429 - {'error': {'message': 'Too Many Requests', 'type': 'too_many_requests', 'param': None, 'code': 'too_many_requests'}}
Failed for Alanis Morissette - Can'T Not: Error code: 429 - {'error': {'message': 'Too Many Requests', 'type': 'too_many_requests', 'param': None, 'code': 'too_many_requests'}}
Failed for Herbert Grönemeyer - Demo (Letzter Tag): Error code: 429 - {'error': {'message': 'Too Many Requests', 'type': 'too_many_requests', 'param': None, 'code': 'too_many_requests'}}
Failed for Plain White T'S - Breakdown: Error code: 429 - {'error': {'message': 'Too Many Requests', 'type': 'too_many_requests', 'param': None, 'code': 'too_many_requests'}}
Failed for Ramones - Now I Wanna Be A Good Boy: Error code: 429 - {'error': {'message': 'Too Many Requests', 'type': 'too_many_requests', 'param': None, 'code': 'too_many_requests'}}
Failed for Judas Priest - Tyrant: Error code: 429 - {'error': {'message': 'Too Many Requests', 'type': 'too_many_requests', 'param': None, 'code': 'too_many_requests'}}
Failed for The Four Seasons - Big Girls Don'T Cry: Error code: 429 - {'error': {'message': 'Too Many Requests', 'type': 'too_many_requests', 'param': None, 'code': 'too_many_requests'}}
Failed for Slagsmålsklubben - Terror Flynn Ok Ok: Error code: 429 - {'error': {'message': 'Too Many Requests', 'type': 'too_many_requests', 'param': None, 'code': 'too_many_requests'}}
Failed for Natalia Lafourcade - En El 2000: Error code: 429 - {'error': {'message': 'Too Many Requests', 'type': 'too_many_requests', 'param': None, 'code': 'too_many_requests'}}
Failed for Thunderbirds Are Now! - 198090: Error code: 429 - {'error': {'message': 'Too Many Requests', 'type': 'too_many_requests', 'param': None, 'code': 'too_many_requests'}}
Failed for Gorillaz - Sound Check: Error code: 429 - {'error': {'message': 'Too Many Requests', 'type': 'too_many_requests', 'param': None, 'code': 'too_many_requests'}}
Failed for Juanes - La Paga: Error code: 429 - {'error': {'message': 'Too Many Requests', 'type': 'too_many_requests', 'param': None, 'code': 'too_many_requests'}}
Failed for Andrew Lloyd Webber - The Temple: Error code: 429 - {'error': {'message': 'Too Many Requests', 'type': 'too_many_requests', 'param': None, 'code': 'too_many_requests'}}
Failed for Gorillaz - Stop The Dams: Error code: 429 - {'error': {'message': 'Too Many Requests', 'type': 'too_many_requests', 'param': None, 'code': 'too_many_requests'}}
Failed for Andrew Lloyd Webber - Superstar: Error code: 429 - {'error': {'message': 'Too Many Requests', 'type': 'too_many_requests', 'param': None, 'code': 'too_many_requests'}}
Failed for Rob Zombie - Spookshow Baby: Error code: 429 - {'error': {'message': 'Too Many Requests', 'type': 'too_many_requests', 'param': None, 'code': 'too_many_requests'}}
Failed for The Kinks - Wonderboy: Error code: 429 - {'error': {'message': 'Too Many Requests', 'type': 'too_many_requests', 'param': None, 'code': 'too_many_requests'}}
Failed for Carmen Mcrae - The Very Thought Of You: Error code: 429 - {'error': {'message': 'Too Many Requests', 'type': 'too_many_requests', 'param': None, 'code': 'too_many_requests'}}
Failed for Carmen Consoli - Piccolo Cesare: Error code: 429 - {'error': {'message': 'Too Many Requests', 'type': 'too_many_requests', 'param': None, 'code': 'too_many_requests'}}
Failed for Thingy - Plenty: Error code: 429 - {'error': {'message': 'Too Many Requests', 'type': 'too_many_requests', 'param': None, 'code': 'too_many_requests'}}
Failed for Big Black - Ergot: Error code: 429 - {'error': {'message': 'Too Many Requests', 'type': 'too_many_requests', 'param': None, 'code': 'too_many_requests'}}
Failed for Rob Zombie - Pussy Liquor: Error code: 429 - {'error': {'message': 'Too Many Requests', 'type': 'too_many_requests', 'param': None, 'code': 'too_many_requests'}}
Failed for 宇多田ヒカル - Traveling: Error code: 429 - {'error': {'message': 'Too Many Requests', 'type': 'too_many_requests', 'param': None, 'code': 'too_many_requests'}}
Failed for Rob Zombie - Perversion 99: Error code: 429 - {'error': {'message': 'Too Many Requests', 'type': 'too_many_requests', 'param': None, 'code': 'too_many_requests'}}
Failed for Boy Omega - East: Error code: 429 - {'error': {'message': 'Too Many Requests', 'type': 'too_many_requests', 'param': None, 'code': 'too_many_requests'}}
Failed for Morningwood - Jetsetter: Error code: 429 - {'error': {'message': 'Too Many Requests', 'type': 'too_many_requests', 'param': None, 'code': 'too_many_requests'}}
Failed for Third Eye Blind - 1000 Julys: Error code: 429 - {'error': {'message': 'Too Many Requests', 'type': 'too_many_requests', 'param': None, 'code': 'too_many_requests'}}
Failed for Above & Beyond - Far From In Love (Original Mix): Error code: 429 - {'error': {'message': 'Too Many Requests', 'type': 'too_many_requests', 'param': None, 'code': 'too_many_requests'}}
Failed for Carpathian Forest - Bloodcleansing: Error code: 429 - {'error': {'message': 'Too Many Requests', 'type': 'too_many_requests', 'param': None, 'code': 'too_many_requests'}}
Failed for The Kinks - Starstruck: Error code: 429 - {'error': {'message': 'Too Many Requests', 'type': 'too_many_requests', 'param': None, 'code': 'too_many_requests'}}
Failed for Fats Domino - Blueberry Hill: Error code: 429 - {'error': {'message': 'Too Many Requests', 'type': 'too_many_requests', 'param': None, 'code': 'too_many_requests'}}
Failed for Seether - Broken: Error code: 429 - {'error': {'message': 'Too Many Requests', 'type': 'too_many_requests', 'param': None, 'code': 'too_many_requests'}}
Failed for Sublime - Get Ready: Error code: 429 - {'error': {'message': 'Too Many Requests', 'type': 'too_many_requests', 'param': None, 'code': 'too_many_requests'}}
Failed for Embrace - Fireworks: Error code: 429 - {'error': {'message': 'Too Many Requests', 'type': 'too_many_requests', 'param': None, 'code': 'too_many_requests'}}
Failed for Crystal Kay - Motherland: Error code: 429 - {'error': {'message': 'Too Many Requests', 'type': 'too_many_requests', 'param': None, 'code': 'too_many_requests'}}
Failed for Crystal Castles - Rot: Error code: 429 - {'error': {'message': 'Too Many Requests', 'type': 'too_many_requests', 'param': None, 'code': 'too_many_requests'}}
Failed for Crystal Kay - Flowers: Error code: 429 - {'error': {'message': 'Too Many Requests', 'type': 'too_many_requests', 'param': None, 'code': 'too_many_requests'}}
Failed for To/Die/For - Wicked Circle: Error code: 429 - {'error': {'message': 'Too Many Requests', 'type': 'too_many_requests', 'param': None, 'code': 'too_many_requests'}}
Failed for The Brunettes - Cupid: Error code: 429 - {'error': {'message': 'Too Many Requests', 'type': 'too_many_requests', 'param': None, 'code': 'too_many_requests'}}
Failed for Plan B - No More Eatin' (Hadouken! Mix): Error code: 429 - {'error': {'message': 'Too Many Requests', 'type': 'too_many_requests', 'param': None, 'code': 'too_many_requests'}}
Failed for St. Vincent - The Bed: Error code: 429 - {'error': {'message': 'Too Many Requests', 'type': 'too_many_requests', 'param': None, 'code': 'too_many_requests'}}
Failed for Alanis Morissette - Are You Still Mad: Error code: 429 - {'error': {'message': 'Too Many Requests', 'type': 'too_many_requests', 'param': None, 'code': 'too_many_requests'}}
Failed for Alanis Morissette - Giggling Again For No Reason: Error code: 429 - {'error': {'message': 'Too Many Requests', 'type': 'too_many_requests', 'param': None, 'code': 'too_many_requests'}}
Failed for Sinéad O'Connor - The Last Day Of Our Acquaintance: Error code: 429 - {'error': {'message': 'Too Many Requests', 'type': 'too_many_requests', 'param': None, 'code': 'too_many_requests'}}
Failed for Sinéad O'Connor - Feel So Different: Error code: 429 - {'error': {'message': 'Too Many Requests', 'type': 'too_many_requests', 'param': None, 'code': 'too_many_requests'}}
Failed for St. Germain - Street Scene (4 Shazz): Error code: 429 - {'error': {'message': 'Too Many Requests', 'type': 'too_many_requests', 'param': None, 'code': 'too_many_requests'}}
Failed for Rob Zombie - Dead Girl Superstar: Error code: 429 - {'error': {'message': 'Too Many Requests', 'type': 'too_many_requests', 'param': None, 'code': 'too_many_requests'}}
Failed for St. Vincent - Laughing With A Mouth Of Blood: Error code: 429 - {'error': {'message': 'Too Many Requests', 'type': 'too_many_requests', 'param': None, 'code': 'too_many_requests'}}
Failed for St. Germain - What'S New?: Error code: 429 - {'error': {'message': 'Too Many Requests', 'type': 'too_many_requests', 'param': None, 'code': 'too_many_requests'}}
Failed for St. Vincent - Black Rainbow: Error code: 429 - {'error': {'message': 'Too Many Requests', 'type': 'too_many_requests', 'param': None, 'code': 'too_many_requests'}}
Failed for Doug Burr - Thing About Trouble: Error code: 429 - {'error': {'message': 'Too Many Requests', 'type': 'too_many_requests', 'param': None, 'code': 'too_many_requests'}}
Failed for Page France - Chariot: Error code: 429 - {'error': {'message': 'Too Many Requests', 'type': 'too_many_requests', 'param': None, 'code': 'too_many_requests'}}
Failed for St. Vincent - Save Me From What I Want: Error code: 429 - {'error': {'message': 'Too Many Requests', 'type': 'too_many_requests', 'param': None, 'code': 'too_many_requests'}}
Failed for Telefon Tel Aviv - Mostly Translucent: Error code: 429 - {'error': {'message': 'Too Many Requests', 'type': 'too_many_requests', 'param': None, 'code': 'too_many_requests'}}
Failed for Telefon Tel Aviv - Stay Away From Being Maybe: Error code: 429 - {'error': {'message': 'Too Many Requests', 'type': 'too_many_requests', 'param': None, 'code': 'too_many_requests'}}
Failed for Bad Brains - Supertouch/Shitfit: Error code: 429 - {'error': {'message': 'Too Many Requests', 'type': 'too_many_requests', 'param': None, 'code': 'too_many_requests'}}
Failed for Dead Can Dance - In Power We Entrust The Love Advocated: Error code: 429 - {'error': {'message': 'Too Many Requests', 'type': 'too_many_requests', 'param': None, 'code': 'too_many_requests'}}
Failed for Dead Can Dance - Bird: Error code: 429 - {'error': {'message': 'Too Many Requests', 'type': 'too_many_requests', 'param': None, 'code': 'too_many_requests'}}
Failed for Hoobastank - Moving Forward: Error code: 429 - {'error': {'message': 'Too Many Requests', 'type': 'too_many_requests', 'param': None, 'code': 'too_many_requests'}}
Failed for Dead Boys - Ain'T It Fun: Error code: 429 - {'error': {'message': 'Too Many Requests', 'type': 'too_many_requests', 'param': None, 'code': 'too_many_requests'}}
Failed for Telefon Tel Aviv - What It Is Without The Hand That Wields It: Error code: 429 - {'error': {'message': 'Too Many Requests', 'type': 'too_many_requests', 'param': None, 'code': 'too_many_requests'}}
Failed for Iron Maiden - Chains Of Misery: Error code: 429 - {'error': {'message': 'Too Many Requests', 'type': 'too_many_requests', 'param': None, 'code': 'too_many_requests'}}
Failed for Rancid - Gave It Away: Error code: 429 - {'error': {'message': 'Too Many Requests', 'type': 'too_many_requests', 'param': None, 'code': 'too_many_requests'}}
Failed for Chris Brown - Kiss Kiss: Error code: 429 - {'error': {'message': 'Too Many Requests', 'type': 'too_many_requests', 'param': None, 'code': 'too_many_requests'}}
Failed for Rancid - Disorder And Disarray: Error code: 429 - {'error': {'message': 'Too Many Requests', 'type': 'too_many_requests', 'param': None, 'code': 'too_many_requests'}}
Failed for Chris Brown - Kiss Kiss (Feat. T-Pain): Error code: 429 - {'error': {'message': 'Too Many Requests', 'type': 'too_many_requests', 'param': None, 'code': 'too_many_requests'}}
Failed for Naomi - Anybody Here?: Error code: 429 - {'error': {'message': 'Too Many Requests', 'type': 'too_many_requests', 'param': None, 'code': 'too_many_requests'}}
Failed for Martha Wainwright - This Life: Error code: 429 - {'error': {'message': 'Too Many Requests', 'type': 'too_many_requests', 'param': None, 'code': 'too_many_requests'}}
Failed for Naomi - White: Error code: 429 - {'error': {'message': 'Too Many Requests', 'type': 'too_many_requests', 'param': None, 'code': 'too_many_requests'}}
Failed for The Walkmen - Danny'S At The Wedding: Error code: 429 - {'error': {'message': 'Too Many Requests', 'type': 'too_many_requests', 'param': None, 'code': 'too_many_requests'}}
Failed for Martha Wainwright - Comin' Tonight: Error code: 429 - {'error': {'message': 'Too Many Requests', 'type': 'too_many_requests', 'param': None, 'code': 'too_many_requests'}}
Failed for Dismember - Casket Garden: Error code: 429 - {'error': {'message': 'Too Many Requests', 'type': 'too_many_requests', 'param': None, 'code': 'too_many_requests'}}
Failed for The Fray - We Build Then We Break: Error code: 429 - {'error': {'message': 'Too Many Requests', 'type': 'too_many_requests', 'param': None, 'code': 'too_many_requests'}}
Failed for Nas - The Message: Error code: 429 - {'error': {'message': 'Too Many Requests', 'type': 'too_many_requests', 'param': None, 'code': 'too_many_requests'}}
Failed for Gorefest - Rogue State: Error code: 429 - {'error': {'message': 'Too Many Requests', 'type': 'too_many_requests', 'param': None, 'code': 'too_many_requests'}}
Failed for Nas - Take It In Blood: Error code: 429 - {'error': {'message': 'Too Many Requests', 'type': 'too_many_requests', 'param': None, 'code': 'too_many_requests'}}
Failed for Gorefest - Exorcism: Error code: 429 - {'error': {'message': 'Too Many Requests', 'type': 'too_many_requests', 'param': None, 'code': 'too_many_requests'}}
Failed for Sublime - D.J.S: Error code: 429 - {'error': {'message': 'Too Many Requests', 'type': 'too_many_requests', 'param': None, 'code': 'too_many_requests'}}
Failed for Gorefest - Man To Fall: Error code: 429 - {'error': {'message': 'Too Many Requests', 'type': 'too_many_requests', 'param': None, 'code': 'too_many_requests'}}
Failed for Gorefest - Freedom: Error code: 429 - {'error': {'message': 'Too Many Requests', 'type': 'too_many_requests', 'param': None, 'code': 'too_many_requests'}}
Failed for Dishwalla - Every Little Thing: Error code: 429 - {'error': {'message': 'Too Many Requests', 'type': 'too_many_requests', 'param': None, 'code': 'too_many_requests'}}
Failed for Third Eye Blind - Can'T Get Away: Error code: 429 - {'error': {'message': 'Too Many Requests', 'type': 'too_many_requests', 'param': None, 'code': 'too_many_requests'}}
Failed for Slipknot - No Life: Error code: 429 - {'error': {'message': 'Too Many Requests', 'type': 'too_many_requests', 'param': None, 'code': 'too_many_requests'}}
Failed for Rob Dougan - There'S Only Me: Error code: 429 - {'error': {'message': 'Too Many Requests', 'type': 'too_many_requests', 'param': None, 'code': 'too_many_requests'}}
Failed for Morrissey - Dagenham Dave: Error code: 429 - {'error': {'message': 'Too Many Requests', 'type': 'too_many_requests', 'param': None, 'code': 'too_many_requests'}}
Failed for Stabbing Westward - On Your Way Down: Error code: 429 - {'error': {'message': 'Too Many Requests', 'type': 'too_many_requests', 'param': None, 'code': 'too_many_requests'}}
Failed for Kid Loco - La Seduzione: Error code: 429 - {'error': {'message': 'Too Many Requests', 'type': 'too_many_requests', 'param': None, 'code': 'too_many_requests'}}
Failed for Cartel - The City Never Sleeps: Error code: 429 - {'error': {'message': 'Too Many Requests', 'type': 'too_many_requests', 'param': None, 'code': 'too_many_requests'}}
Failed for Doug Burr - How Can The Lark (My Dear Theo): Error code: 429 - {'error': {'message': 'Too Many Requests', 'type': 'too_many_requests', 'param': None, 'code': 'too_many_requests'}}
Failed for Morrissey - Interlude: Error code: 429 - {'error': {'message': 'Too Many Requests', 'type': 'too_many_requests', 'param': None, 'code': 'too_many_requests'}}
Failed for Scouting For Girls - I'M Not Over You: Error code: 429 - {'error': {'message': 'Too Many Requests', 'type': 'too_many_requests', 'param': None, 'code': 'too_many_requests'}}
Failed for Gary Moore - Over The Hills And Far Away: Error code: 429 - {'error': {'message': 'Too Many Requests', 'type': 'too_many_requests', 'param': None, 'code': 'too_many_requests'}}
Failed for Kid Dynamite - Bookworm: Error code: 429 - {'error': {'message': 'Too Many Requests', 'type': 'too_many_requests', 'param': None, 'code': 'too_many_requests'}}
Failed for Ferry Corsten - Are You Ready: Error code: 429 - {'error': {'message': 'Too Many Requests', 'type': 'too_many_requests', 'param': None, 'code': 'too_many_requests'}}
1400/2988 done
Failed for Roachford & M.Y.N.C. Project - Ride The Storm (Life Goes On Club Mix): Error code: 429 - {'error': {'message': 'Too Many Requests', 'type': 'too_many_requests', 'param': None, 'code': 'too_many_requests'}}
Failed for Stabbing Westward - Nothing: Error code: 429 - {'error': {'message': 'Too Many Requests', 'type': 'too_many_requests', 'param': None, 'code': 'too_many_requests'}}
Failed for The Broken Family Band - It'S All Over: Error code: 429 - {'error': {'message': 'Too Many Requests', 'type': 'too_many_requests', 'param': None, 'code': 'too_many_requests'}}
Failed for Oranger - Crooked In The Weird Of The Catacombs: Error code: 429 - {'error': {'message': 'Too Many Requests', 'type': 'too_many_requests', 'param': None, 'code': 'too_many_requests'}}
Failed for Tarja Turunen - Seeking For The Reign: Error code: 429 - {'error': {'message': 'Too Many Requests', 'type': 'too_many_requests', 'param': None, 'code': 'too_many_requests'}}
Failed for Tarja Turunen - Our Great Divide: Error code: 429 - {'error': {'message': 'Too Many Requests', 'type': 'too_many_requests', 'param': None, 'code': 'too_many_requests'}}
Failed for Vivian Or Kazuma - Moment: Error code: 429 - {'error': {'message': 'Too Many Requests', 'type': 'too_many_requests', 'param': None, 'code': 'too_many_requests'}}
Failed for The Future Sound Of London - Max: Error code: 429 - {'error': {'message': 'Too Many Requests', 'type': 'too_many_requests', 'param': None, 'code': 'too_many_requests'}}
Failed for Rancid - Radio: Error code: 429 - {'error': {'message': 'Too Many Requests', 'type': 'too_many_requests', 'param': None, 'code': 'too_many_requests'}}
Failed for Dissection - Retribution - Storm Of The Light'S Bane: Error code: 429 - {'error': {'message': 'Too Many Requests', 'type': 'too_many_requests', 'param': None, 'code': 'too_many_requests'}}
Failed for Andrew White - Greenstone Waters: Error code: 429 - {'error': {'message': 'Too Many Requests', 'type': 'too_many_requests', 'param': None, 'code': 'too_many_requests'}}
Failed for Uverworld - -妙策号外Orchestra-: Error code: 429 - {'error': {'message': 'Too Many Requests', 'type': 'too_many_requests', 'param': None, 'code': 'too_many_requests'}}
Failed for Chris Brown - Run It: Error code: 429 - {'error': {'message': 'Too Many Requests', 'type': 'too_many_requests', 'param': None, 'code': 'too_many_requests'}}
Failed for Aphex Twin - [White Blur 1]: Error code: 429 - {'error': {'message': 'Too Many Requests', 'type': 'too_many_requests', 'param': None, 'code': 'too_many_requests'}}
Failed for Styx - Boat On The River: Error code: 429 - {'error': {'message': 'Too Many Requests', 'type': 'too_many_requests', 'param': None, 'code': 'too_many_requests'}}
Failed for Rancid - The Ballad Of Jimmy & Johnny: Error code: 429 - {'error': {'message': 'Too Many Requests', 'type': 'too_many_requests', 'param': None, 'code': 'too_many_requests'}}
Failed for Rancid - Holiday Sunrise: Error code: 429 - {'error': {'message': 'Too Many Requests', 'type': 'too_many_requests', 'param': None, 'code': 'too_many_requests'}}
Failed for Chris Cornell - Follow My Way: Error code: 429 - {'error': {'message': 'Too Many Requests', 'type': 'too_many_requests', 'param': None, 'code': 'too_many_requests'}}
Failed for Goose - Safari Beach: Error code: 429 - {'error': {'message': 'Too Many Requests', 'type': 'too_many_requests', 'param': None, 'code': 'too_many_requests'}}
Failed for Andrew White - To Say Goodbye To You: Error code: 429 - {'error': {'message': 'Too Many Requests', 'type': 'too_many_requests', 'param': None, 'code': 'too_many_requests'}}
Failed for Rancid - It'S Quite Alright: Error code: 429 - {'error': {'message': 'Too Many Requests', 'type': 'too_many_requests', 'param': None, 'code': 'too_many_requests'}}
Failed for The Kills - Night Train (Bonus Track): Error code: 429 - {'error': {'message': 'Too Many Requests', 'type': 'too_many_requests', 'param': None, 'code': 'too_many_requests'}}
Failed for Émilie Simon - Alicia: Error code: 429 - {'error': {'message': 'Too Many Requests', 'type': 'too_many_requests', 'param': None, 'code': 'too_many_requests'}}
Failed for 安室奈美恵 - Hide & Seek: Error code: 429 - {'error': {'message': 'Too Many Requests', 'type': 'too_many_requests', 'param': None, 'code': 'too_many_requests'}}
Failed for Émilie Simon - Chanson De Toile: Error code: 429 - {'error': {'message': 'Too Many Requests', 'type': 'too_many_requests', 'param': None, 'code': 'too_many_requests'}}
Failed for Matt Pond Pa - Claire: Error code: 429 - {'error': {'message': 'Too Many Requests', 'type': 'too_many_requests', 'param': None, 'code': 'too_many_requests'}}
Failed for Morrissey - Speedway: Error code: 429 - {'error': {'message': 'Too Many Requests', 'type': 'too_many_requests', 'param': None, 'code': 'too_many_requests'}}
Failed for Basement Jaxx - If I Ever Recover: Error code: 429 - {'error': {'message': 'Too Many Requests', 'type': 'too_many_requests', 'param': None, 'code': 'too_many_requests'}}
Failed for Atlas Sound - Scraping Past: Error code: 429 - {'error': {'message': 'Too Many Requests', 'type': 'too_many_requests', 'param': None, 'code': 'too_many_requests'}}
Failed for Bad Brains - Leaving Babylon: Error code: 429 - {'error': {'message': 'Too Many Requests', 'type': 'too_many_requests', 'param': None, 'code': 'too_many_requests'}}
Failed for Dottie Danger - Medusae: Error code: 429 - {'error': {'message': 'Too Many Requests', 'type': 'too_many_requests', 'param': None, 'code': 'too_many_requests'}}
Failed for Simon & Garfunkel - Bye Bye Love: Error code: 429 - {'error': {'message': 'Too Many Requests', 'type': 'too_many_requests', 'param': None, 'code': 'too_many_requests'}}
Failed for Paavoharju - Kuu Lohduttaa Huolestuneita: Error code: 429 - {'error': {'message': 'Too Many Requests', 'type': 'too_many_requests', 'param': None, 'code': 'too_many_requests'}}
Failed for Dead Can Dance - Desert Song: Error code: 429 - {'error': {'message': 'Too Many Requests', 'type': 'too_many_requests', 'param': None, 'code': 'too_many_requests'}}
Failed for Teitur - Poetry & Aeroplanes: Error code: 429 - {'error': {'message': 'Too Many Requests', 'type': 'too_many_requests', 'param': None, 'code': 'too_many_requests'}}
Failed for Piebald - American Hearts: Error code: 429 - {'error': {'message': 'Too Many Requests', 'type': 'too_many_requests', 'param': None, 'code': 'too_many_requests'}}
Failed for The Black Crowes - Thorn In My Pride: Error code: 429 - {'error': {'message': 'Too Many Requests', 'type': 'too_many_requests', 'param': None, 'code': 'too_many_requests'}}
Failed for Plaid - Zamami: Error code: 429 - {'error': {'message': 'Too Many Requests', 'type': 'too_many_requests', 'param': None, 'code': 'too_many_requests'}}
Failed for Llorca - Indigo Blues: Error code: 429 - {'error': {'message': 'Too Many Requests', 'type': 'too_many_requests', 'param': None, 'code': 'too_many_requests'}}
Failed for Naglfar - Abysmal Descent: Error code: 429 - {'error': {'message': 'Too Many Requests', 'type': 'too_many_requests', 'param': None, 'code': 'too_many_requests'}}
Failed for The Black Crowes - God'S Got It: Error code: 429 - {'error': {'message': 'Too Many Requests', 'type': 'too_many_requests', 'param': None, 'code': 'too_many_requests'}}
Failed for Blessthefall - Guys Like You Make Us Look Bad: Error code: 429 - {'error': {'message': 'Too Many Requests', 'type': 'too_many_requests', 'param': None, 'code': 'too_many_requests'}}
Failed for Plain White T'S - You And Me: Error code: 429 - {'error': {'message': 'Too Many Requests', 'type': 'too_many_requests', 'param': None, 'code': 'too_many_requests'}}
Failed for Orange Range - Asterisk(Ost Version): Error code: 429 - {'error': {'message': 'Too Many Requests', 'type': 'too_many_requests', 'param': None, 'code': 'too_many_requests'}}
Failed for Crystal Waters Vs. Speakerbox - Dancefloor (Speakerbox Radio Edit): Error code: 429 - {'error': {'message': 'Too Many Requests', 'type': 'too_many_requests', 'param': None, 'code': 'too_many_requests'}}
Failed for Orange Juice - Rip It Up: Error code: 429 - {'error': {'message': 'Too Many Requests', 'type': 'too_many_requests', 'param': None, 'code': 'too_many_requests'}}
Failed for Man Man - Push The Eagle'S Stomach: Error code: 429 - {'error': {'message': 'Too Many Requests', 'type': 'too_many_requests', 'param': None, 'code': 'too_many_requests'}}
Failed for Everlast - Ends: Error code: 429 - {'error': {'message': 'Too Many Requests', 'type': 'too_many_requests', 'param': None, 'code': 'too_many_requests'}}
Failed for The Bronx - Transsexual Blackout (The Movement): Error code: 429 - {'error': {'message': 'Too Many Requests', 'type': 'too_many_requests', 'param': None, 'code': 'too_many_requests'}}
Failed for Man Man - Skin Tension: Error code: 429 - {'error': {'message': 'Too Many Requests', 'type': 'too_many_requests', 'param': None, 'code': 'too_many_requests'}}
Failed for Cascada - Can'T Stop The Rain: Error code: 429 - {'error': {'message': 'Too Many Requests', 'type': 'too_many_requests', 'param': None, 'code': 'too_many_requests'}}
Failed for Cascada - How Do You Do: Error code: 429 - {'error': {'message': 'Too Many Requests', 'type': 'too_many_requests', 'param': None, 'code': 'too_many_requests'}}
Failed for Khoiba - Terribly: Error code: 429 - {'error': {'message': 'Too Many Requests', 'type': 'too_many_requests', 'param': None, 'code': 'too_many_requests'}}
Failed for Biffy Clyro - Semi-Mental: Error code: 429 - {'error': {'message': 'Too Many Requests', 'type': 'too_many_requests', 'param': None, 'code': 'too_many_requests'}}
Failed for Khoiba - That Reason: Error code: 429 - {'error': {'message': 'Too Many Requests', 'type': 'too_many_requests', 'param': None, 'code': 'too_many_requests'}}
Failed for Biffy Clyro - Hero Management: Error code: 429 - {'error': {'message': 'Too Many Requests', 'type': 'too_many_requests', 'param': None, 'code': 'too_many_requests'}}
Failed for The Killers - Sam'S Town (Live From Abbey Road): Error code: 429 - {'error': {'message': 'Too Many Requests', 'type': 'too_many_requests', 'param': None, 'code': 'too_many_requests'}}
Failed for Mors Principium Est - D.I.B.: Error code: 429 - {'error': {'message': 'Too Many Requests', 'type': 'too_many_requests', 'param': None, 'code': 'too_many_requests'}}
Failed for Cascada - A Neverending Dream: Error code: 429 - {'error': {'message': 'Too Many Requests', 'type': 'too_many_requests', 'param': None, 'code': 'too_many_requests'}}
Failed for Bowery Electric - Sounds In Motion: Error code: 429 - {'error': {'message': 'Too Many Requests', 'type': 'too_many_requests', 'param': None, 'code': 'too_many_requests'}}
Failed for Dot Allison - Close Your Eyes: Error code: 429 - {'error': {'message': 'Too Many Requests', 'type': 'too_many_requests', 'param': None, 'code': 'too_many_requests'}}
Failed for Ani Difranco - Rockabye: Error code: 429 - {'error': {'message': 'Too Many Requests', 'type': 'too_many_requests', 'param': None, 'code': 'too_many_requests'}}
Failed for Staind - Schizophrenic Conversations: Error code: 429 - {'error': {'message': 'Too Many Requests', 'type': 'too_many_requests', 'param': None, 'code': 'too_many_requests'}}
Failed for Fergie - Losing My Ground: Error code: 429 - {'error': {'message': 'Too Many Requests', 'type': 'too_many_requests', 'param': None, 'code': 'too_many_requests'}}
Failed for Audioslave - Turn To Gold: Error code: 429 - {'error': {'message': 'Too Many Requests', 'type': 'too_many_requests', 'param': None, 'code': 'too_many_requests'}}
Failed for Morrissey & Siouxsie - Interlude: Error code: 429 - {'error': {'message': 'Too Many Requests', 'type': 'too_many_requests', 'param': None, 'code': 'too_many_requests'}}
Failed for Gomez - Free To Run: Error code: 429 - {'error': {'message': 'Too Many Requests', 'type': 'too_many_requests', 'param': None, 'code': 'too_many_requests'}}
Failed for June Madrona - Five Views Of Rainier: Error code: 429 - {'error': {'message': 'Too Many Requests', 'type': 'too_many_requests', 'param': None, 'code': 'too_many_requests'}}
Failed for Chiodos - Prelude: Error code: 429 - {'error': {'message': 'Too Many Requests', 'type': 'too_many_requests', 'param': None, 'code': 'too_many_requests'}}
Failed for Zeraphine - I Never Want To Be Like You: Error code: 429 - {'error': {'message': 'Too Many Requests', 'type': 'too_many_requests', 'param': None, 'code': 'too_many_requests'}}
Failed for N.W.A - Parental Discretion Iz Advised: Error code: 429 - {'error': {'message': 'Too Many Requests', 'type': 'too_many_requests', 'param': None, 'code': 'too_many_requests'}}
Failed for Strike Anywhere - S.S.T.: Error code: 429 - {'error': {'message': 'Too Many Requests', 'type': 'too_many_requests', 'param': None, 'code': 'too_many_requests'}}
Failed for The Game - Intro: Error code: 429 - {'error': {'message': 'Too Many Requests', 'type': 'too_many_requests', 'param': None, 'code': 'too_many_requests'}}
Failed for Tristania - Equilibrium: Error code: 429 - {'error': {'message': 'Too Many Requests', 'type': 'too_many_requests', 'param': None, 'code': 'too_many_requests'}}
Failed for The Futureheads - Think Tonight: Error code: 429 - {'error': {'message': 'Too Many Requests', 'type': 'too_many_requests', 'param': None, 'code': 'too_many_requests'}}
Failed for Nada Surf - In The Mirror: Error code: 429 - {'error': {'message': 'Too Many Requests', 'type': 'too_many_requests', 'param': None, 'code': 'too_many_requests'}}
Failed for Ll Saints - All Hooked Up: Error code: 429 - {'error': {'message': 'Too Many Requests', 'type': 'too_many_requests', 'param': None, 'code': 'too_many_requests'}}
Failed for Nada Surf - Paper Boats: Error code: 429 - {'error': {'message': 'Too Many Requests', 'type': 'too_many_requests', 'param': None, 'code': 'too_many_requests'}}
Failed for Ll Cool J - Around The Way Girl: Error code: 429 - {'error': {'message': 'Too Many Requests', 'type': 'too_many_requests', 'param': None, 'code': 'too_many_requests'}}
Failed for Juliette And The Licks - Shelter Your Needs: Error code: 429 - {'error': {'message': 'Too Many Requests', 'type': 'too_many_requests', 'param': None, 'code': 'too_many_requests'}}
Failed for Auf Der Maur - Taste You (French Version): Error code: 429 - {'error': {'message': 'Too Many Requests', 'type': 'too_many_requests', 'param': None, 'code': 'too_many_requests'}}
Failed for The Futureheads - This Is Not The World: Error code: 429 - {'error': {'message': 'Too Many Requests', 'type': 'too_many_requests', 'param': None, 'code': 'too_many_requests'}}
Failed for Mortal Love - All The Beauty: Error code: 429 - {'error': {'message': 'Too Many Requests', 'type': 'too_many_requests', 'param': None, 'code': 'too_many_requests'}}
Failed for Mortal Decay - The Ravenous Addiction: Error code: 429 - {'error': {'message': 'Too Many Requests', 'type': 'too_many_requests', 'param': None, 'code': 'too_many_requests'}}
Failed for Bad Brains - Coptic Times: Error code: 429 - {'error': {'message': 'Too Many Requests', 'type': 'too_many_requests', 'param': None, 'code': 'too_many_requests'}}
Failed for Staind - Pressure: Error code: 429 - {'error': {'message': 'Too Many Requests', 'type': 'too_many_requests', 'param': None, 'code': 'too_many_requests'}}
Failed for Dead Can Dance - Xavier: Error code: 429 - {'error': {'message': 'Too Many Requests', 'type': 'too_many_requests', 'param': None, 'code': 'too_many_requests'}}
Failed for Lush - Downer: Error code: 429 - {'error': {'message': 'Too Many Requests', 'type': 'too_many_requests', 'param': None, 'code': 'too_many_requests'}}
Failed for Dead Can Dance - Wild In The Woods: Error code: 429 - {'error': {'message': 'Too Many Requests', 'type': 'too_many_requests', 'param': None, 'code': 'too_many_requests'}}
Failed for Blue Man Group - Klein Mandelbrot: Error code: 429 - {'error': {'message': 'Too Many Requests', 'type': 'too_many_requests', 'param': None, 'code': 'too_many_requests'}}
Failed for Caspian - Further In: Error code: 429 - {'error': {'message': 'Too Many Requests', 'type': 'too_many_requests', 'param': None, 'code': 'too_many_requests'}}
Failed for Da Buzz - Without Breaking (Yoni Radio Edit): Error code: 429 - {'error': {'message': 'Too Many Requests', 'type': 'too_many_requests', 'param': None, 'code': 'too_many_requests'}}
Failed for Basement Jaxx - Do Your Thing (Jaxx Club Mix): Error code: 429 - {'error': {'message': 'Too Many Requests', 'type': 'too_many_requests', 'param': None, 'code': 'too_many_requests'}}
Failed for Riverside - The Time I Was Daydreaming: Error code: 429 - {'error': {'message': 'Too Many Requests', 'type': 'too_many_requests', 'param': None, 'code': 'too_many_requests'}}
Failed for Children Of Bodom - Oops! I Did It Again: Error code: 429 - {'error': {'message': 'Too Many Requests', 'type': 'too_many_requests', 'param': None, 'code': 'too_many_requests'}}
Failed for Lush - Baby Talk: Error code: 429 - {'error': {'message': 'Too Many Requests', 'type': 'too_many_requests', 'param': None, 'code': 'too_many_requests'}}
Failed for Dizzee Rascal - Brand New Day: Error code: 429 - {'error': {'message': 'Too Many Requests', 'type': 'too_many_requests', 'param': None, 'code': 'too_many_requests'}}
Failed for Junior Senior - Rhythm Bandits: Error code: 429 - {'error': {'message': 'Too Many Requests', 'type': 'too_many_requests', 'param': None, 'code': 'too_many_requests'}}
1500/2988 done
Failed for Rata Blanca - Indigo: Error code: 429 - {'error': {'message': 'Too Many Requests', 'type': 'too_many_requests', 'param': None, 'code': 'too_many_requests'}}
Failed for The Gathering - Beautiful War: Error code: 429 - {'error': {'message': 'Too Many Requests', 'type': 'too_many_requests', 'param': None, 'code': 'too_many_requests'}}
Failed for Bent - Exercise 7: Error code: 429 - {'error': {'message': 'Too Many Requests', 'type': 'too_many_requests', 'param': None, 'code': 'too_many_requests'}}
Failed for The Sea And Cake - Middlenight: Error code: 429 - {'error': {'message': 'Too Many Requests', 'type': 'too_many_requests', 'param': None, 'code': 'too_many_requests'}}
Failed for Zero 7 - Futures (Feat. José González): Error code: 429 - {'error': {'message': 'Too Many Requests', 'type': 'too_many_requests', 'param': None, 'code': 'too_many_requests'}}
Failed for Dizzee Rascal - Dream: Error code: 429 - {'error': {'message': 'Too Many Requests', 'type': 'too_many_requests', 'param': None, 'code': 'too_many_requests'}}
Failed for 植松伸夫 - Opening: Error code: 429 - {'error': {'message': 'Too Many Requests', 'type': 'too_many_requests', 'param': None, 'code': 'too_many_requests'}}
Failed for Straylight Run - It'S For The Best: Error code: 429 - {'error': {'message': 'Too Many Requests', 'type': 'too_many_requests', 'param': None, 'code': 'too_many_requests'}}
Failed for The Game - Runnin' (Feat. Tony Yayo & Dion): Error code: 429 - {'error': {'message': 'Too Many Requests', 'type': 'too_many_requests', 'param': None, 'code': 'too_many_requests'}}
Failed for Gomez - Bubble Gum Years: Error code: 429 - {'error': {'message': 'Too Many Requests', 'type': 'too_many_requests', 'param': None, 'code': 'too_many_requests'}}
Failed for Fennesz & Sakamoto - Kokoro: Error code: 429 - {'error': {'message': 'Too Many Requests', 'type': 'too_many_requests', 'param': None, 'code': 'too_many_requests'}}
Failed for Caspian - Our Breaths In Winter: Error code: 429 - {'error': {'message': 'Too Many Requests', 'type': 'too_many_requests', 'param': None, 'code': 'too_many_requests'}}
Failed for Riverside - Cybernetic Pillow: Error code: 429 - {'error': {'message': 'Too Many Requests', 'type': 'too_many_requests', 'param': None, 'code': 'too_many_requests'}}
Failed for The Rolling Stones - It'S Only Rock N' Roll: Error code: 429 - {'error': {'message': 'Too Many Requests', 'type': 'too_many_requests', 'param': None, 'code': 'too_many_requests'}}
Failed for Gatsbys American Dream - Just Like Heaven: Error code: 429 - {'error': {'message': 'Too Many Requests', 'type': 'too_many_requests', 'param': None, 'code': 'too_many_requests'}}
Failed for Screaming Trees - All I Know: Error code: 429 - {'error': {'message': 'Too Many Requests', 'type': 'too_many_requests', 'param': None, 'code': 'too_many_requests'}}
Failed for Pigeon John - Money Back Guarantee: Error code: 429 - {'error': {'message': 'Too Many Requests', 'type': 'too_many_requests', 'param': None, 'code': 'too_many_requests'}}
Failed for Holly Brook - All Will Be Forgotten: Error code: 429 - {'error': {'message': 'Too Many Requests', 'type': 'too_many_requests', 'param': None, 'code': 'too_many_requests'}}
Failed for Pilot - Magic: Error code: 429 - {'error': {'message': 'Too Many Requests', 'type': 'too_many_requests', 'param': None, 'code': 'too_many_requests'}}
Failed for The Black Heart Procession - A Heart Like Mine: Error code: 429 - {'error': {'message': 'Too Many Requests', 'type': 'too_many_requests', 'param': None, 'code': 'too_many_requests'}}
Failed for Basement Jaxx - Keep Keep On: Error code: 429 - {'error': {'message': 'Too Many Requests', 'type': 'too_many_requests', 'param': None, 'code': 'too_many_requests'}}
Failed for Unkle - I Need Something Stronger: Error code: 429 - {'error': {'message': 'Too Many Requests', 'type': 'too_many_requests', 'param': None, 'code': 'too_many_requests'}}
Failed for Tortoise - A Simple Way To Go Faster Than Light That Does Not Work: Error code: 429 - {'error': {'message': 'Too Many Requests', 'type': 'too_many_requests', 'param': None, 'code': 'too_many_requests'}}
Failed for The Black Ghosts - I Want Nothing: Error code: 429 - {'error': {'message': 'Too Many Requests', 'type': 'too_many_requests', 'param': None, 'code': 'too_many_requests'}}
Failed for The Black Eyed Peas - Sexy: Error code: 429 - {'error': {'message': 'Too Many Requests', 'type': 'too_many_requests', 'param': None, 'code': 'too_many_requests'}}
Failed for The Gathering - In Power We Entrust The Love Advocated: Error code: 429 - {'error': {'message': 'Too Many Requests', 'type': 'too_many_requests', 'param': None, 'code': 'too_many_requests'}}
Failed for Marvin Gaye - Flyin' High (In The Friendly Sky): Error code: 429 - {'error': {'message': 'Too Many Requests', 'type': 'too_many_requests', 'param': None, 'code': 'too_many_requests'}}
Failed for Fear - Let'S Have A War: Error code: 429 - {'error': {'message': 'Too Many Requests', 'type': 'too_many_requests', 'param': None, 'code': 'too_many_requests'}}
Failed for Juno Reactor - Giant: Error code: 429 - {'error': {'message': 'Too Many Requests', 'type': 'too_many_requests', 'param': None, 'code': 'too_many_requests'}}
Failed for The Gathering - Mandylion: Error code: 429 - {'error': {'message': 'Too Many Requests', 'type': 'too_many_requests', 'param': None, 'code': 'too_many_requests'}}
Failed for Bent - I Love My Man: Error code: 429 - {'error': {'message': 'Too Many Requests', 'type': 'too_many_requests', 'param': None, 'code': 'too_many_requests'}}
Failed for Bent - King Wisp: Error code: 429 - {'error': {'message': 'Too Many Requests', 'type': 'too_many_requests', 'param': None, 'code': 'too_many_requests'}}
Failed for Plaid - Light Rain: Error code: 429 - {'error': {'message': 'Too Many Requests', 'type': 'too_many_requests', 'param': None, 'code': 'too_many_requests'}}
Failed for Dizzee Rascal - Da Feelin': Error code: 429 - {'error': {'message': 'Too Many Requests', 'type': 'too_many_requests', 'param': None, 'code': 'too_many_requests'}}
Failed for The Gathering - Colorado Incident: Error code: 429 - {'error': {'message': 'Too Many Requests', 'type': 'too_many_requests', 'param': None, 'code': 'too_many_requests'}}
Failed for Amanda Seyfried & Stellan Skarsgård - The Name Of The Game: Error code: 429 - {'error': {'message': 'Too Many Requests', 'type': 'too_many_requests', 'param': None, 'code': 'too_many_requests'}}
Failed for Placebo - Then The Clouds Will Open For Me: Error code: 429 - {'error': {'message': 'Too Many Requests', 'type': 'too_many_requests', 'param': None, 'code': 'too_many_requests'}}
Failed for Placebo - Where Is My Mind?: Error code: 429 - {'error': {'message': 'Too Many Requests', 'type': 'too_many_requests', 'param': None, 'code': 'too_many_requests'}}
Failed for James Figurine - Apologies: Error code: 429 - {'error': {'message': 'Too Many Requests', 'type': 'too_many_requests', 'param': None, 'code': 'too_many_requests'}}
Failed for The Briefs - Can'T Get Enough: Error code: 429 - {'error': {'message': 'Too Many Requests', 'type': 'too_many_requests', 'param': None, 'code': 'too_many_requests'}}
Failed for Sherwood - The Best In Me: Error code: 429 - {'error': {'message': 'Too Many Requests', 'type': 'too_many_requests', 'param': None, 'code': 'too_many_requests'}}
Failed for Bad Brains - At The Movies: Error code: 429 - {'error': {'message': 'Too Many Requests', 'type': 'too_many_requests', 'param': None, 'code': 'too_many_requests'}}
Failed for Blind Guardian - Age Of False Innocence: Error code: 429 - {'error': {'message': 'Too Many Requests', 'type': 'too_many_requests', 'param': None, 'code': 'too_many_requests'}}
Failed for Caspian - The Dropsonde: Error code: 429 - {'error': {'message': 'Too Many Requests', 'type': 'too_many_requests', 'param': None, 'code': 'too_many_requests'}}
Failed for Bad Brains - Jah Calling: Error code: 429 - {'error': {'message': 'Too Many Requests', 'type': 'too_many_requests', 'param': None, 'code': 'too_many_requests'}}
Failed for Dead Kennedys - Government Flu: Error code: 429 - {'error': {'message': 'Too Many Requests', 'type': 'too_many_requests', 'param': None, 'code': 'too_many_requests'}}
Failed for Tegan And Sara - Love Type Thing: Error code: 429 - {'error': {'message': 'Too Many Requests', 'type': 'too_many_requests', 'param': None, 'code': 'too_many_requests'}}
Failed for D.R.I. - Thrashard: Error code: 429 - {'error': {'message': 'Too Many Requests', 'type': 'too_many_requests', 'param': None, 'code': 'too_many_requests'}}
Failed for Kerli - Walking On Air: Error code: 429 - {'error': {'message': 'Too Many Requests', 'type': 'too_many_requests', 'param': None, 'code': 'too_many_requests'}}
Failed for Motion City Soundtrack - Boombox Generation: Error code: 429 - {'error': {'message': 'Too Many Requests', 'type': 'too_many_requests', 'param': None, 'code': 'too_many_requests'}}
Failed for Cassius - Cassius 1999: Error code: 429 - {'error': {'message': 'Too Many Requests', 'type': 'too_many_requests', 'param': None, 'code': 'too_many_requests'}}
Failed for Stan Getz & João Gilberto - Doralice: Error code: 429 - {'error': {'message': 'Too Many Requests', 'type': 'too_many_requests', 'param': None, 'code': 'too_many_requests'}}
Failed for Keren Ann - Sailor & Widow: Error code: 429 - {'error': {'message': 'Too Many Requests', 'type': 'too_many_requests', 'param': None, 'code': 'too_many_requests'}}
Failed for Keren Ann - Seule: Error code: 429 - {'error': {'message': 'Too Many Requests', 'type': 'too_many_requests', 'param': None, 'code': 'too_many_requests'}}
Failed for Bottla - Cardinal Sin: Error code: 429 - {'error': {'message': 'Too Many Requests', 'type': 'too_many_requests', 'param': None, 'code': 'too_many_requests'}}
Failed for Stanley Myers - Saxophone Concerto: Error code: 429 - {'error': {'message': 'Too Many Requests', 'type': 'too_many_requests', 'param': None, 'code': 'too_many_requests'}}
Failed for Keren Ann - Seventeen: Error code: 429 - {'error': {'message': 'Too Many Requests', 'type': 'too_many_requests', 'param': None, 'code': 'too_many_requests'}}
Failed for ¡All-Time Quarterback! - Dinner At Eight In The Suburbs: Error code: 429 - {'error': {'message': 'Too Many Requests', 'type': 'too_many_requests', 'param': None, 'code': 'too_many_requests'}}
Failed for Ac/Dc - Bedlam In Belgium: Error code: 429 - {'error': {'message': 'Too Many Requests', 'type': 'too_many_requests', 'param': None, 'code': 'too_many_requests'}}
Failed for Marvin Gaye - Save The Children: Error code: 429 - {'error': {'message': 'Too Many Requests', 'type': 'too_many_requests', 'param': None, 'code': 'too_many_requests'}}
Failed for Slayer - Filler / I Don'T Want To Hear It: Error code: 429 - {'error': {'message': 'Too Many Requests', 'type': 'too_many_requests', 'param': None, 'code': 'too_many_requests'}}
Failed for Bermuda Triangle - Secret Pillow (Lindstrorm Remix): Error code: 429 - {'error': {'message': 'Too Many Requests', 'type': 'too_many_requests', 'param': None, 'code': 'too_many_requests'}}
Failed for Mötley Crüe - New Tattoo: Error code: 429 - {'error': {'message': 'Too Many Requests', 'type': 'too_many_requests', 'param': None, 'code': 'too_many_requests'}}
Failed for Ray Charles - I Can'T Stop Loving You: Error code: 429 - {'error': {'message': 'Too Many Requests', 'type': 'too_many_requests', 'param': None, 'code': 'too_many_requests'}}
Failed for Slayer - Dissident Aggressor: Error code: 429 - {'error': {'message': 'Too Many Requests', 'type': 'too_many_requests', 'param': None, 'code': 'too_many_requests'}}
Failed for Uverworld - Rush: Error code: 429 - {'error': {'message': 'Too Many Requests', 'type': 'too_many_requests', 'param': None, 'code': 'too_many_requests'}}
Failed for Aphex Twin - Taking Control: Error code: 429 - {'error': {'message': 'Too Many Requests', 'type': 'too_many_requests', 'param': None, 'code': 'too_many_requests'}}
Failed for The Sea And Cake - Left Side Clouded: Error code: 429 - {'error': {'message': 'Too Many Requests', 'type': 'too_many_requests', 'param': None, 'code': 'too_many_requests'}}
Failed for Gojira - 5988 Trillions De Tonnes: Error code: 429 - {'error': {'message': 'Too Many Requests', 'type': 'too_many_requests', 'param': None, 'code': 'too_many_requests'}}
Failed for Múm - Rhubarbidoo: Error code: 429 - {'error': {'message': 'Too Many Requests', 'type': 'too_many_requests', 'param': None, 'code': 'too_many_requests'}}
Failed for Ray Charles - Drown In My Own Tears: Error code: 429 - {'error': {'message': 'Too Many Requests', 'type': 'too_many_requests', 'param': None, 'code': 'too_many_requests'}}
Failed for Slayer - Divine Intervention: Error code: 429 - {'error': {'message': 'Too Many Requests', 'type': 'too_many_requests', 'param': None, 'code': 'too_many_requests'}}
Failed for Goldfinger - Open Your Eyes: Error code: 429 - {'error': {'message': 'Too Many Requests', 'type': 'too_many_requests', 'param': None, 'code': 'too_many_requests'}}
Failed for Gojira - All The Tears: Error code: 429 - {'error': {'message': 'Too Many Requests', 'type': 'too_many_requests', 'param': None, 'code': 'too_many_requests'}}
Failed for Gojira - Wolf Down The Earth: Error code: 429 - {'error': {'message': 'Too Many Requests', 'type': 'too_many_requests', 'param': None, 'code': 'too_many_requests'}}
Failed for Aoki Takamasa - Dear People: Error code: 429 - {'error': {'message': 'Too Many Requests', 'type': 'too_many_requests', 'param': None, 'code': 'too_many_requests'}}
Failed for Mötley Crüe - Punched In The Teeth By Love: Error code: 429 - {'error': {'message': 'Too Many Requests', 'type': 'too_many_requests', 'param': None, 'code': 'too_many_requests'}}
Failed for Elsiane - Prosaic: Error code: 429 - {'error': {'message': 'Too Many Requests', 'type': 'too_many_requests', 'param': None, 'code': 'too_many_requests'}}
Failed for Limp Bizkit - Stuck: Error code: 429 - {'error': {'message': 'Too Many Requests', 'type': 'too_many_requests', 'param': None, 'code': 'too_many_requests'}}
Failed for Pinback - Manchuria: Error code: 429 - {'error': {'message': 'Too Many Requests', 'type': 'too_many_requests', 'param': None, 'code': 'too_many_requests'}}
Failed for Pinback - Grey Machine: Error code: 429 - {'error': {'message': 'Too Many Requests', 'type': 'too_many_requests', 'param': None, 'code': 'too_many_requests'}}
Failed for Atmosphere - Guns And Cigarettes: Error code: 429 - {'error': {'message': 'Too Many Requests', 'type': 'too_many_requests', 'param': None, 'code': 'too_many_requests'}}
Failed for Pinback - Microtonic Wave: Error code: 429 - {'error': {'message': 'Too Many Requests', 'type': 'too_many_requests', 'param': None, 'code': 'too_many_requests'}}
Failed for The Tea Party - Release: Error code: 429 - {'error': {'message': 'Too Many Requests', 'type': 'too_many_requests', 'param': None, 'code': 'too_many_requests'}}
Failed for D'Sound - Real Name: Error code: 429 - {'error': {'message': 'Too Many Requests', 'type': 'too_many_requests', 'param': None, 'code': 'too_many_requests'}}
Failed for The Black Heart Procession - The Waiter #5: Error code: 429 - {'error': {'message': 'Too Many Requests', 'type': 'too_many_requests', 'param': None, 'code': 'too_many_requests'}}
Failed for Hole - Hit So Hard: Error code: 429 - {'error': {'message': 'Too Many Requests', 'type': 'too_many_requests', 'param': None, 'code': 'too_many_requests'}}
Failed for Strapping Young Lad - In The Rainy Season: Error code: 429 - {'error': {'message': 'Too Many Requests', 'type': 'too_many_requests', 'param': None, 'code': 'too_many_requests'}}
Failed for Vision Divine - Essence Of Time: Error code: 429 - {'error': {'message': 'Too Many Requests', 'type': 'too_many_requests', 'param': None, 'code': 'too_many_requests'}}
Failed for Deathstars - New Dead Nation: Error code: 429 - {'error': {'message': 'Too Many Requests', 'type': 'too_many_requests', 'param': None, 'code': 'too_many_requests'}}
Failed for Ray Charles - Mary Ann: Error code: 429 - {'error': {'message': 'Too Many Requests', 'type': 'too_many_requests', 'param': None, 'code': 'too_many_requests'}}
Failed for Hevein - New Hope: Error code: 429 - {'error': {'message': 'Too Many Requests', 'type': 'too_many_requests', 'param': None, 'code': 'too_many_requests'}}
Failed for Battles - Uw: Error code: 429 - {'error': {'message': 'Too Many Requests', 'type': 'too_many_requests', 'param': None, 'code': 'too_many_requests'}}
Failed for Strapping Young Lad - Monument: Error code: 429 - {'error': {'message': 'Too Many Requests', 'type': 'too_many_requests', 'param': None, 'code': 'too_many_requests'}}
Failed for What Made Milwaukee Famous - For The Birds: Error code: 429 - {'error': {'message': 'Too Many Requests', 'type': 'too_many_requests', 'param': None, 'code': 'too_many_requests'}}
1600/2988 done
Failed for The Brian Jonestown Massacre - You Have Been Disconnected: Error code: 429 - {'error': {'message': 'Too Many Requests', 'type': 'too_many_requests', 'param': None, 'code': 'too_many_requests'}}
Failed for Lupe Fiasco - Hurt Me Soul: Error code: 429 - {'error': {'message': 'Too Many Requests', 'type': 'too_many_requests', 'param': None, 'code': 'too_many_requests'}}
Failed for Motörhead - Loser: Error code: 429 - {'error': {'message': 'Too Many Requests', 'type': 'too_many_requests', 'param': None, 'code': 'too_many_requests'}}
Failed for Matmos - Germs Burn For Darby Crash: Error code: 429 - {'error': {'message': 'Too Many Requests', 'type': 'too_many_requests', 'param': None, 'code': 'too_many_requests'}}
Failed for Ac/Dc - Damned: Error code: 429 - {'error': {'message': 'Too Many Requests', 'type': 'too_many_requests', 'param': None, 'code': 'too_many_requests'}}
Failed for Screeching Weasel - My Right: Error code: 429 - {'error': {'message': 'Too Many Requests', 'type': 'too_many_requests', 'param': None, 'code': 'too_many_requests'}}
Failed for Ken Ring - Sthlm City: Error code: 429 - {'error': {'message': 'Too Many Requests', 'type': 'too_many_requests', 'param': None, 'code': 'too_many_requests'}}
Failed for Stars - Counting Stars On The Ceiling: Error code: 429 - {'error': {'message': 'Too Many Requests', 'type': 'too_many_requests', 'param': None, 'code': 'too_many_requests'}}
Failed for Fennesz - Asusu: Error code: 429 - {'error': {'message': 'Too Many Requests', 'type': 'too_many_requests', 'param': None, 'code': 'too_many_requests'}}
Failed for Cat Power - I Love You ( Me Either ): Error code: 429 - {'error': {'message': 'Too Many Requests', 'type': 'too_many_requests', 'param': None, 'code': 'too_many_requests'}}
Failed for Atmosphere - Saves The Day: Error code: 429 - {'error': {'message': 'Too Many Requests', 'type': 'too_many_requests', 'param': None, 'code': 'too_many_requests'}}
Failed for Cat Stevens - Matthew And Son: Error code: 429 - {'error': {'message': 'Too Many Requests', 'type': 'too_many_requests', 'param': None, 'code': 'too_many_requests'}}
Failed for Ani Difranco - Hour Follows Hour: Error code: 429 - {'error': {'message': 'Too Many Requests', 'type': 'too_many_requests', 'param': None, 'code': 'too_many_requests'}}
Failed for Ac/Dc - Nervous Shakedown: Error code: 429 - {'error': {'message': 'Too Many Requests', 'type': 'too_many_requests', 'param': None, 'code': 'too_many_requests'}}
Failed for Genesis - Back In N.Y.C.: Error code: 429 - {'error': {'message': 'Too Many Requests', 'type': 'too_many_requests', 'param': None, 'code': 'too_many_requests'}}
Failed for Linda Ronstadt - It'S So Easy: Error code: 429 - {'error': {'message': 'Too Many Requests', 'type': 'too_many_requests', 'param': None, 'code': 'too_many_requests'}}
Failed for Math And Physics Club - Weekends Away: Error code: 429 - {'error': {'message': 'Too Many Requests', 'type': 'too_many_requests', 'param': None, 'code': 'too_many_requests'}}
Failed for Beulah - Warmer: Error code: 429 - {'error': {'message': 'Too Many Requests', 'type': 'too_many_requests', 'param': None, 'code': 'too_many_requests'}}
Failed for Atmosphere - If I Was Santa Claus: Error code: 429 - {'error': {'message': 'Too Many Requests', 'type': 'too_many_requests', 'param': None, 'code': 'too_many_requests'}}
Failed for The Jimi Hendrix Experience - Remember: Error code: 429 - {'error': {'message': 'Too Many Requests', 'type': 'too_many_requests', 'param': None, 'code': 'too_many_requests'}}
Failed for The Jimi Hendrix Experience - Little Miss Lover: Error code: 429 - {'error': {'message': 'Too Many Requests', 'type': 'too_many_requests', 'param': None, 'code': 'too_many_requests'}}
Failed for Don Omar - Salio El Sol: Error code: 429 - {'error': {'message': 'Too Many Requests', 'type': 'too_many_requests', 'param': None, 'code': 'too_many_requests'}}
Failed for The Jimi Hendrix Experience - She'S So Fine: Error code: 429 - {'error': {'message': 'Too Many Requests', 'type': 'too_many_requests', 'param': None, 'code': 'too_many_requests'}}
Failed for Catatonia - Don'T Need The Sunshine: Error code: 429 - {'error': {'message': 'Too Many Requests', 'type': 'too_many_requests', 'param': None, 'code': 'too_many_requests'}}
Failed for Atomic Kitten - Eternal Flame: Error code: 429 - {'error': {'message': 'Too Many Requests', 'type': 'too_many_requests', 'param': None, 'code': 'too_many_requests'}}
Failed for Godsmack - Changes: Error code: 429 - {'error': {'message': 'Too Many Requests', 'type': 'too_many_requests', 'param': None, 'code': 'too_many_requests'}}
Failed for Justin Timberlake - Let Me Talk To You (Prelude) / My Love: Error code: 429 - {'error': {'message': 'Too Many Requests', 'type': 'too_many_requests', 'param': None, 'code': 'too_many_requests'}}
Failed for Justice Vs. Simian - Never Be Alone: Error code: 429 - {'error': {'message': 'Too Many Requests', 'type': 'too_many_requests', 'param': None, 'code': 'too_many_requests'}}
Failed for The Get Up Kids - Like A Man Possessed: Error code: 429 - {'error': {'message': 'Too Many Requests', 'type': 'too_many_requests', 'param': None, 'code': 'too_many_requests'}}
Failed for Godsmack - The Enemy: Error code: 429 - {'error': {'message': 'Too Many Requests', 'type': 'too_many_requests', 'param': None, 'code': 'too_many_requests'}}
Failed for Ray Lamontagne - Burn: Error code: 429 - {'error': {'message': 'Too Many Requests', 'type': 'too_many_requests', 'param': None, 'code': 'too_many_requests'}}
Failed for Gogol Bordello - Ave. B: Error code: 429 - {'error': {'message': 'Too Many Requests', 'type': 'too_many_requests', 'param': None, 'code': 'too_many_requests'}}
Failed for Chicane - Offshore: Error code: 429 - {'error': {'message': 'Too Many Requests', 'type': 'too_many_requests', 'param': None, 'code': 'too_many_requests'}}
Failed for The Jesus Lizard - Nub: Error code: 429 - {'error': {'message': 'Too Many Requests', 'type': 'too_many_requests', 'param': None, 'code': 'too_many_requests'}}
Failed for Godspeed You! Black Emperor - Sleep: Error code: 429 - {'error': {'message': 'Too Many Requests', 'type': 'too_many_requests', 'param': None, 'code': 'too_many_requests'}}
Failed for Live - T.B.D.: Error code: 429 - {'error': {'message': 'Too Many Requests', 'type': 'too_many_requests', 'param': None, 'code': 'too_many_requests'}}
Failed for Black Label Society - Suffering Overdue: Error code: 429 - {'error': {'message': 'Too Many Requests', 'type': 'too_many_requests', 'param': None, 'code': 'too_many_requests'}}
Failed for Fear Factory - Bonescraper: Error code: 429 - {'error': {'message': 'Too Many Requests', 'type': 'too_many_requests', 'param': None, 'code': 'too_many_requests'}}
Failed for Beulah - The Rise And Fall Of Our Hero'S Reward: Error code: 429 - {'error': {'message': 'Too Many Requests', 'type': 'too_many_requests', 'param': None, 'code': 'too_many_requests'}}
Failed for Ozzy Osbourne - Miracle Man: Error code: 429 - {'error': {'message': 'Too Many Requests', 'type': 'too_many_requests', 'param': None, 'code': 'too_many_requests'}}
Failed for Ozzy Osbourne - No Bone Movies: Error code: 429 - {'error': {'message': 'Too Many Requests', 'type': 'too_many_requests', 'param': None, 'code': 'too_many_requests'}}
Failed for Tortoise - Djed: Error code: 429 - {'error': {'message': 'Too Many Requests', 'type': 'too_many_requests', 'param': None, 'code': 'too_many_requests'}}
Failed for Teenager - The Good Fight: Error code: 429 - {'error': {'message': 'Too Many Requests', 'type': 'too_many_requests', 'param': None, 'code': 'too_many_requests'}}
Failed for The Sword - Winter'S Wolves: Error code: 429 - {'error': {'message': 'Too Many Requests', 'type': 'too_many_requests', 'param': None, 'code': 'too_many_requests'}}
Failed for D'Espairsray - Dears: Error code: 429 - {'error': {'message': 'Too Many Requests', 'type': 'too_many_requests', 'param': None, 'code': 'too_many_requests'}}
Failed for Ozzy Osbourne - Mr. Tinkertrain: Error code: 429 - {'error': {'message': 'Too Many Requests', 'type': 'too_many_requests', 'param': None, 'code': 'too_many_requests'}}
Failed for Lupe Fiasco - Free Chilly (Feat. Sarah Green & Gemstones): Error code: 429 - {'error': {'message': 'Too Many Requests', 'type': 'too_many_requests', 'param': None, 'code': 'too_many_requests'}}
Failed for The Black Keys - Keep Me: Error code: 429 - {'error': {'message': 'Too Many Requests', 'type': 'too_many_requests', 'param': None, 'code': 'too_many_requests'}}
Failed for Dead Meadow - Wayfarers All: Error code: 429 - {'error': {'message': 'Too Many Requests', 'type': 'too_many_requests', 'param': None, 'code': 'too_many_requests'}}
Failed for Basement Jaxx - Wheres Your Head At: Error code: 429 - {'error': {'message': 'Too Many Requests', 'type': 'too_many_requests', 'param': None, 'code': 'too_many_requests'}}
Failed for Ozzy Osbourne - Rock 'N' Roll Rebel: Error code: 429 - {'error': {'message': 'Too Many Requests', 'type': 'too_many_requests', 'param': None, 'code': 'too_many_requests'}}
Failed for Woven Hand - Off The Cuff: Error code: 429 - {'error': {'message': 'Too Many Requests', 'type': 'too_many_requests', 'param': None, 'code': 'too_many_requests'}}
Failed for Teenager - Alone Again: Error code: 429 - {'error': {'message': 'Too Many Requests', 'type': 'too_many_requests', 'param': None, 'code': 'too_many_requests'}}
Failed for The Subways - Rock 'N' Roll Queen: Error code: 429 - {'error': {'message': 'Too Many Requests', 'type': 'too_many_requests', 'param': None, 'code': 'too_many_requests'}}
Failed for Pj Harvey - The Life And Death Of Mr. Badmouth: Error code: 429 - {'error': {'message': 'Too Many Requests', 'type': 'too_many_requests', 'param': None, 'code': 'too_many_requests'}}
Failed for Alanis Morissette - Sister Blister: Error code: 429 - {'error': {'message': 'Too Many Requests', 'type': 'too_many_requests', 'param': None, 'code': 'too_many_requests'}}
Failed for The Supremes - You Can'T Hurry Love: Error code: 429 - {'error': {'message': 'Too Many Requests', 'type': 'too_many_requests', 'param': None, 'code': 'too_many_requests'}}
Failed for Dead Poetic - Dimmer Light: Error code: 429 - {'error': {'message': 'Too Many Requests', 'type': 'too_many_requests', 'param': None, 'code': 'too_many_requests'}}
Failed for Everclear - Volvo Driving Soccer Mom: Error code: 429 - {'error': {'message': 'Too Many Requests', 'type': 'too_many_requests', 'param': None, 'code': 'too_many_requests'}}
Failed for Hey - To Tu: Error code: 429 - {'error': {'message': 'Too Many Requests', 'type': 'too_many_requests', 'param': None, 'code': 'too_many_requests'}}
Failed for God'S Bow - Cleopatra: Error code: 429 - {'error': {'message': 'Too Many Requests', 'type': 'too_many_requests', 'param': None, 'code': 'too_many_requests'}}
Failed for Battlelore - Cloaked In Her Unlight: Error code: 429 - {'error': {'message': 'Too Many Requests', 'type': 'too_many_requests', 'param': None, 'code': 'too_many_requests'}}
Failed for Curtis Mayfield - Eddie You Should Know Better: Error code: 429 - {'error': {'message': 'Too Many Requests', 'type': 'too_many_requests', 'param': None, 'code': 'too_many_requests'}}
Failed for Chevelle - Well Enough Alone: Error code: 429 - {'error': {'message': 'Too Many Requests', 'type': 'too_many_requests', 'param': None, 'code': 'too_many_requests'}}
Failed for God'S Bow - Shrink: Error code: 429 - {'error': {'message': 'Too Many Requests', 'type': 'too_many_requests', 'param': None, 'code': 'too_many_requests'}}
Failed for Justin Timberlake - Rock Your Body (Sander Kleinenberg'S Just In The Club Mix): Error code: 429 - {'error': {'message': 'Too Many Requests', 'type': 'too_many_requests', 'param': None, 'code': 'too_many_requests'}}
Failed for God'S Bow - Twilight: Error code: 429 - {'error': {'message': 'Too Many Requests', 'type': 'too_many_requests', 'param': None, 'code': 'too_many_requests'}}
Failed for Orchestral Manoeuvres In The Dark - Electricity (Dindisc 1980 Version): Error code: 429 - {'error': {'message': 'Too Many Requests', 'type': 'too_many_requests', 'param': None, 'code': 'too_many_requests'}}
Failed for Mägo De Oz - La Posada De Los Muertos: Error code: 429 - {'error': {'message': 'Too Many Requests', 'type': 'too_many_requests', 'param': None, 'code': 'too_many_requests'}}
Failed for Chiasm - Disorder: Error code: 429 - {'error': {'message': 'Too Many Requests', 'type': 'too_many_requests', 'param': None, 'code': 'too_many_requests'}}
Failed for Armin Van Buuren - Imagine: Error code: 429 - {'error': {'message': 'Too Many Requests', 'type': 'too_many_requests', 'param': None, 'code': 'too_many_requests'}}
Failed for Justin Timberlake - Right For Me: Error code: 429 - {'error': {'message': 'Too Many Requests', 'type': 'too_many_requests', 'param': None, 'code': 'too_many_requests'}}
Failed for Tujiko Noriko - White Film: Error code: 429 - {'error': {'message': 'Too Many Requests', 'type': 'too_many_requests', 'param': None, 'code': 'too_many_requests'}}
Failed for Starsailor - Fidelity: Error code: 429 - {'error': {'message': 'Too Many Requests', 'type': 'too_many_requests', 'param': None, 'code': 'too_many_requests'}}
Failed for Boston - Hitch A Ride: Error code: 429 - {'error': {'message': 'Too Many Requests', 'type': 'too_many_requests', 'param': None, 'code': 'too_many_requests'}}
Failed for Starsailor - Counterfeit Life: Error code: 429 - {'error': {'message': 'Too Many Requests', 'type': 'too_many_requests', 'param': None, 'code': 'too_many_requests'}}
Failed for Genesis - Me And Sarah Jane: Error code: 429 - {'error': {'message': 'Too Many Requests', 'type': 'too_many_requests', 'param': None, 'code': 'too_many_requests'}}
Failed for Genesis - More Fool Me: Error code: 429 - {'error': {'message': 'Too Many Requests', 'type': 'too_many_requests', 'param': None, 'code': 'too_many_requests'}}
Failed for Justin Timberlake - Sexyback (Dirty Edit): Error code: 429 - {'error': {'message': 'Too Many Requests', 'type': 'too_many_requests', 'param': None, 'code': 'too_many_requests'}}
Failed for Valencia - Backs Against The Wall: Error code: 429 - {'error': {'message': 'Too Many Requests', 'type': 'too_many_requests', 'param': None, 'code': 'too_many_requests'}}
Failed for Aoki Takamasa + Tujiko Noriko - Fly2: Error code: 429 - {'error': {'message': 'Too Many Requests', 'type': 'too_many_requests', 'param': None, 'code': 'too_many_requests'}}
Failed for The Jesus And Mary Chain - Rider: Error code: 429 - {'error': {'message': 'Too Many Requests', 'type': 'too_many_requests', 'param': None, 'code': 'too_many_requests'}}
Failed for The Rolling Stones - Sing This All Together: Error code: 429 - {'error': {'message': 'Too Many Requests', 'type': 'too_many_requests', 'param': None, 'code': 'too_many_requests'}}
Failed for Kelly Clarkson - Don'T Let Me Stop You: Error code: 429 - {'error': {'message': 'Too Many Requests', 'type': 'too_many_requests', 'param': None, 'code': 'too_many_requests'}}
Failed for Kelly Osbourne - One Word (Chris Cox Radio Mix): Error code: 429 - {'error': {'message': 'Too Many Requests', 'type': 'too_many_requests', 'param': None, 'code': 'too_many_requests'}}
Failed for Seabound - Every Last Grain: Error code: 429 - {'error': {'message': 'Too Many Requests', 'type': 'too_many_requests', 'param': None, 'code': 'too_many_requests'}}
Failed for Seabound - Domination: Error code: 429 - {'error': {'message': 'Too Many Requests', 'type': 'too_many_requests', 'param': None, 'code': 'too_many_requests'}}
Failed for Mouse On Mars - Blood Comes: Error code: 429 - {'error': {'message': 'Too Many Requests', 'type': 'too_many_requests', 'param': None, 'code': 'too_many_requests'}}
Failed for Ac/Dc - That'S The Way I Wanna Rock 'N' Roll: Error code: 429 - {'error': {'message': 'Too Many Requests', 'type': 'too_many_requests', 'param': None, 'code': 'too_many_requests'}}
Failed for The Rolling Stones - The Spider And The Fly: Error code: 429 - {'error': {'message': 'Too Many Requests', 'type': 'too_many_requests', 'param': None, 'code': 'too_many_requests'}}
Failed for This Providence - My Beautiful Rescue: Error code: 429 - {'error': {'message': 'Too Many Requests', 'type': 'too_many_requests', 'param': None, 'code': 'too_many_requests'}}
Failed for This Mortal Coil - You And Your Sister: Error code: 429 - {'error': {'message': 'Too Many Requests', 'type': 'too_many_requests', 'param': None, 'code': 'too_many_requests'}}
Failed for Ridgewalkers - Find: Error code: 429 - {'error': {'message': 'Too Many Requests', 'type': 'too_many_requests', 'param': None, 'code': 'too_many_requests'}}
Failed for Little Wings - Next Time: Error code: 429 - {'error': {'message': 'Too Many Requests', 'type': 'too_many_requests', 'param': None, 'code': 'too_many_requests'}}
Failed for God Is An Astronaut - Lost Symphony: Error code: 429 - {'error': {'message': 'Too Many Requests', 'type': 'too_many_requests', 'param': None, 'code': 'too_many_requests'}}
Failed for The San Francisco Gay Men'S Chorus - The Navy Knows: Error code: 429 - {'error': {'message': 'Too Many Requests', 'type': 'too_many_requests', 'param': None, 'code': 'too_many_requests'}}
Failed for God Module - Inside Out: Error code: 429 - {'error': {'message': 'Too Many Requests', 'type': 'too_many_requests', 'param': None, 'code': 'too_many_requests'}}
1700/2988 done
Failed for God'S Bow - I'M Going There: Error code: 429 - {'error': {'message': 'Too Many Requests', 'type': 'too_many_requests', 'param': None, 'code': 'too_many_requests'}}
Failed for Bonobo - Kota (Bonobo Rework): Error code: 429 - {'error': {'message': 'Too Many Requests', 'type': 'too_many_requests', 'param': None, 'code': 'too_many_requests'}}
Failed for Mägo De Oz - Génesis: Error code: 429 - {'error': {'message': 'Too Many Requests', 'type': 'too_many_requests', 'param': None, 'code': 'too_many_requests'}}
Failed for Whirlpool Productions - From Disco To Disco: Error code: 429 - {'error': {'message': 'Too Many Requests', 'type': 'too_many_requests', 'param': None, 'code': 'too_many_requests'}}
Failed for Orbital - Tootled: Error code: 429 - {'error': {'message': 'Too Many Requests', 'type': 'too_many_requests', 'param': None, 'code': 'too_many_requests'}}
Failed for God Lives Underwater - Whatever You'Ve Got: Error code: 429 - {'error': {'message': 'Too Many Requests', 'type': 'too_many_requests', 'param': None, 'code': 'too_many_requests'}}
Failed for Aly & Aj - If I Could Have You Back: Error code: 429 - {'error': {'message': 'Too Many Requests', 'type': 'too_many_requests', 'param': None, 'code': 'too_many_requests'}}
Failed for Alva Noto + Ryuichi Sakamoto - Duoon: Error code: 429 - {'error': {'message': 'Too Many Requests', 'type': 'too_many_requests', 'param': None, 'code': 'too_many_requests'}}
Failed for White Denim - Mess Your Hair Up: Error code: 429 - {'error': {'message': 'Too Many Requests', 'type': 'too_many_requests', 'param': None, 'code': 'too_many_requests'}}
Failed for Taylor Swift - You'Re Not Sorry: Error code: 429 - {'error': {'message': 'Too Many Requests', 'type': 'too_many_requests', 'param': None, 'code': 'too_many_requests'}}
Failed for Taylor Swift - The Best Day: Error code: 429 - {'error': {'message': 'Too Many Requests', 'type': 'too_many_requests', 'param': None, 'code': 'too_many_requests'}}
Failed for Taylor Swift - Breathe: Error code: 429 - {'error': {'message': 'Too Many Requests', 'type': 'too_many_requests', 'param': None, 'code': 'too_many_requests'}}
Failed for Dj Furax - Calabria: Error code: 429 - {'error': {'message': 'Too Many Requests', 'type': 'too_many_requests', 'param': None, 'code': 'too_many_requests'}}
Failed for The Go-Betweens - Here Comes A City: Error code: 429 - {'error': {'message': 'Too Many Requests', 'type': 'too_many_requests', 'param': None, 'code': 'too_many_requests'}}
Failed for Stone Sour - Monolith: Error code: 429 - {'error': {'message': 'Too Many Requests', 'type': 'too_many_requests', 'param': None, 'code': 'too_many_requests'}}
Failed for Little Joy - The Next Time Around: Error code: 429 - {'error': {'message': 'Too Many Requests', 'type': 'too_many_requests', 'param': None, 'code': 'too_many_requests'}}
Failed for Rbd - Sálvame: Error code: 429 - {'error': {'message': 'Too Many Requests', 'type': 'too_many_requests', 'param': None, 'code': 'too_many_requests'}}
Failed for Boogie Down Productions - Stop The Violence: Error code: 429 - {'error': {'message': 'Too Many Requests', 'type': 'too_many_requests', 'param': None, 'code': 'too_many_requests'}}
Failed for Slayer - Perversions Of Pain: Error code: 429 - {'error': {'message': 'Too Many Requests', 'type': 'too_many_requests', 'param': None, 'code': 'too_many_requests'}}
Failed for Slayer - Sex. Murder. Art.: Error code: 429 - {'error': {'message': 'Too Many Requests', 'type': 'too_many_requests', 'param': None, 'code': 'too_many_requests'}}
Failed for Little Joy - With Strangers: Error code: 429 - {'error': {'message': 'Too Many Requests', 'type': 'too_many_requests', 'param': None, 'code': 'too_many_requests'}}
Failed for Bertine Zetlitz - Adore Me: Error code: 429 - {'error': {'message': 'Too Many Requests', 'type': 'too_many_requests', 'param': None, 'code': 'too_many_requests'}}
Failed for Aphex Twin - Prep Gwarlek 3B: Error code: 429 - {'error': {'message': 'Too Many Requests', 'type': 'too_many_requests', 'param': None, 'code': 'too_many_requests'}}
Failed for God Is An Astronaut - Route 666: Error code: 429 - {'error': {'message': 'Too Many Requests', 'type': 'too_many_requests', 'param': None, 'code': 'too_many_requests'}}
Failed for Stone Temple Pilots - Piece Of Pie: Error code: 429 - {'error': {'message': 'Too Many Requests', 'type': 'too_many_requests', 'param': None, 'code': 'too_many_requests'}}
Failed for Violins - Seu Corpo E Só: Error code: 429 - {'error': {'message': 'Too Many Requests', 'type': 'too_many_requests', 'param': None, 'code': 'too_many_requests'}}
Failed for Chevelle - Grab Thy Hand: Error code: 429 - {'error': {'message': 'Too Many Requests', 'type': 'too_many_requests', 'param': None, 'code': 'too_many_requests'}}
Failed for Chevelle - Wonder What'S Next: Error code: 429 - {'error': {'message': 'Too Many Requests', 'type': 'too_many_requests', 'param': None, 'code': 'too_many_requests'}}
Failed for Ane Brun - Song No. 6 (Feat. Ron Sexsmith): Error code: 429 - {'error': {'message': 'Too Many Requests', 'type': 'too_many_requests', 'param': None, 'code': 'too_many_requests'}}
Failed for God Lives Underwater - Miss You More Than Anything: Error code: 429 - {'error': {'message': 'Too Many Requests', 'type': 'too_many_requests', 'param': None, 'code': 'too_many_requests'}}
Failed for God Is An Astronaut - Sunrise In Aries: Error code: 429 - {'error': {'message': 'Too Many Requests', 'type': 'too_many_requests', 'param': None, 'code': 'too_many_requests'}}
Failed for Mägo De Oz - Dime Con Quién Andas: Error code: 429 - {'error': {'message': 'Too Many Requests', 'type': 'too_many_requests', 'param': None, 'code': 'too_many_requests'}}
Failed for Mystery Jets - Little Bag Of Hair: Error code: 429 - {'error': {'message': 'Too Many Requests', 'type': 'too_many_requests', 'param': None, 'code': 'too_many_requests'}}
Failed for Mystery Jets - Soluble In Air: Error code: 429 - {'error': {'message': 'Too Many Requests', 'type': 'too_many_requests', 'param': None, 'code': 'too_many_requests'}}
Failed for Cats On Fire - My Friend In A Comfortable Chair: Error code: 429 - {'error': {'message': 'Too Many Requests', 'type': 'too_many_requests', 'param': None, 'code': 'too_many_requests'}}
Failed for Teenage Fanclub - Neil Jung: Error code: 429 - {'error': {'message': 'Too Many Requests', 'type': 'too_many_requests', 'param': None, 'code': 'too_many_requests'}}
Failed for Seabound - Sapphire: Error code: 429 - {'error': {'message': 'Too Many Requests', 'type': 'too_many_requests', 'param': None, 'code': 'too_many_requests'}}
Failed for Elton John - This Train Don'T Stop There Anymore: Error code: 429 - {'error': {'message': 'Too Many Requests', 'type': 'too_many_requests', 'param': None, 'code': 'too_many_requests'}}
Failed for Borova - Ipanema Lady (Extended Club Mix): Error code: 429 - {'error': {'message': 'Too Many Requests', 'type': 'too_many_requests', 'param': None, 'code': 'too_many_requests'}}
Failed for Woven Hand - White Bird: Error code: 429 - {'error': {'message': 'Too Many Requests', 'type': 'too_many_requests', 'param': None, 'code': 'too_many_requests'}}
Failed for Gentle Giant - Think Of Me With Kindness: Error code: 429 - {'error': {'message': 'Too Many Requests', 'type': 'too_many_requests', 'param': None, 'code': 'too_many_requests'}}
Failed for Ive Mendes - If You Leave Me Now: Error code: 429 - {'error': {'message': 'Too Many Requests', 'type': 'too_many_requests', 'param': None, 'code': 'too_many_requests'}}
Failed for Hocico - Spit As An Offense (Suicide Commando Remix): Error code: 429 - {'error': {'message': 'Too Many Requests', 'type': 'too_many_requests', 'param': None, 'code': 'too_many_requests'}}
Failed for Hocico - Taste The Waste: Error code: 429 - {'error': {'message': 'Too Many Requests', 'type': 'too_many_requests', 'param': None, 'code': 'too_many_requests'}}
Failed for Evan Dando - All My Life: Error code: 429 - {'error': {'message': 'Too Many Requests', 'type': 'too_many_requests', 'param': None, 'code': 'too_many_requests'}}
Failed for Teenage Fanclub - Start Again: Error code: 429 - {'error': {'message': 'Too Many Requests', 'type': 'too_many_requests', 'param': None, 'code': 'too_many_requests'}}
Failed for Ivy - Keep Moving: Error code: 429 - {'error': {'message': 'Too Many Requests', 'type': 'too_many_requests', 'param': None, 'code': 'too_many_requests'}}
Failed for Pinback - Talby: Error code: 429 - {'error': {'message': 'Too Many Requests', 'type': 'too_many_requests', 'param': None, 'code': 'too_many_requests'}}
Failed for Simple Minds - Big Sleep: Error code: 429 - {'error': {'message': 'Too Many Requests', 'type': 'too_many_requests', 'param': None, 'code': 'too_many_requests'}}
Failed for Tokyo Police Club - Be Good (Rac Mix): Error code: 429 - {'error': {'message': 'Too Many Requests', 'type': 'too_many_requests', 'param': None, 'code': 'too_many_requests'}}
Failed for Jaguar Love - Bats Over The Pacific Ocean: Error code: 429 - {'error': {'message': 'Too Many Requests', 'type': 'too_many_requests', 'param': None, 'code': 'too_many_requests'}}
Failed for The Breeders - Roi (Reprise): Error code: 429 - {'error': {'message': 'Too Many Requests', 'type': 'too_many_requests', 'param': None, 'code': 'too_many_requests'}}
Failed for The Breeders - Walk It Off: Error code: 429 - {'error': {'message': 'Too Many Requests', 'type': 'too_many_requests', 'param': None, 'code': 'too_many_requests'}}
Failed for The Breeders - When I Was A Painter: Error code: 429 - {'error': {'message': 'Too Many Requests', 'type': 'too_many_requests', 'param': None, 'code': 'too_many_requests'}}
Failed for Kaiser Chiefs - Hessles: Error code: 429 - {'error': {'message': 'Too Many Requests', 'type': 'too_many_requests', 'param': None, 'code': 'too_many_requests'}}
Failed for Violins - Ensaio Sobre Poligamia: Error code: 429 - {'error': {'message': 'Too Many Requests', 'type': 'too_many_requests', 'param': None, 'code': 'too_many_requests'}}
Failed for The Goo Goo Dolls - January Friend: Error code: 429 - {'error': {'message': 'Too Many Requests', 'type': 'too_many_requests', 'param': None, 'code': 'too_many_requests'}}
Failed for Teairra Mari - No Daddy: Error code: 429 - {'error': {'message': 'Too Many Requests', 'type': 'too_many_requests', 'param': None, 'code': 'too_many_requests'}}
Failed for Sting - Never Coming Home: Error code: 429 - {'error': {'message': 'Too Many Requests', 'type': 'too_many_requests', 'param': None, 'code': 'too_many_requests'}}
Failed for Reatards - Lick On My Leather: Error code: 429 - {'error': {'message': 'Too Many Requests', 'type': 'too_many_requests', 'param': None, 'code': 'too_many_requests'}}
Failed for The Goo Goo Dolls - Extra Pale: Error code: 429 - {'error': {'message': 'Too Many Requests', 'type': 'too_many_requests', 'param': None, 'code': 'too_many_requests'}}
Failed for The Goo Goo Dolls - Flat Top: Error code: 429 - {'error': {'message': 'Too Many Requests', 'type': 'too_many_requests', 'param': None, 'code': 'too_many_requests'}}
Failed for Dj Jazzy Jeff & The Fresh Prince - Summertime: Error code: 429 - {'error': {'message': 'Too Many Requests', 'type': 'too_many_requests', 'param': None, 'code': 'too_many_requests'}}
Failed for Dj Jean - Feel It: Error code: 429 - {'error': {'message': 'Too Many Requests', 'type': 'too_many_requests', 'param': None, 'code': 'too_many_requests'}}
Failed for Mouse On Mars - Wipe That Sound: Error code: 429 - {'error': {'message': 'Too Many Requests', 'type': 'too_many_requests', 'param': None, 'code': 'too_many_requests'}}
Failed for Kelis - 80'S Joint: Error code: 429 - {'error': {'message': 'Too Many Requests', 'type': 'too_many_requests', 'param': None, 'code': 'too_many_requests'}}
Failed for My Vitriol - Always: Your Way: Error code: 429 - {'error': {'message': 'Too Many Requests', 'type': 'too_many_requests', 'param': None, 'code': 'too_many_requests'}}
Failed for Maserati - Synchronicity Iv: Error code: 429 - {'error': {'message': 'Too Many Requests', 'type': 'too_many_requests', 'param': None, 'code': 'too_many_requests'}}
Failed for State Radio - Waitress: Error code: 429 - {'error': {'message': 'Too Many Requests', 'type': 'too_many_requests', 'param': None, 'code': 'too_many_requests'}}
Failed for State Radio - The Diner Song: Error code: 429 - {'error': {'message': 'Too Many Requests', 'type': 'too_many_requests', 'param': None, 'code': 'too_many_requests'}}
Failed for Felix Da Housecat - Pray For A Star: Error code: 429 - {'error': {'message': 'Too Many Requests', 'type': 'too_many_requests', 'param': None, 'code': 'too_many_requests'}}
Failed for Linkin Park - Frgt/10 (Alchemist Feat. Chali 2Na): Error code: 429 - {'error': {'message': 'Too Many Requests', 'type': 'too_many_requests', 'param': None, 'code': 'too_many_requests'}}
Failed for Angus And Julia Stone - Hollywood: Error code: 429 - {'error': {'message': 'Too Many Requests', 'type': 'too_many_requests', 'param': None, 'code': 'too_many_requests'}}
Failed for The Jesus And Mary Chain - Catchfire: Error code: 429 - {'error': {'message': 'Too Many Requests', 'type': 'too_many_requests', 'param': None, 'code': 'too_many_requests'}}
Failed for The Rolling Stones - Stealing My Heart: Error code: 429 - {'error': {'message': 'Too Many Requests', 'type': 'too_many_requests', 'param': None, 'code': 'too_many_requests'}}
Failed for Sleeping At Last - Heaven Breaks: Error code: 429 - {'error': {'message': 'Too Many Requests', 'type': 'too_many_requests', 'param': None, 'code': 'too_many_requests'}}
Failed for Felix Da Housecat - Rocket Ride: Error code: 429 - {'error': {'message': 'Too Many Requests', 'type': 'too_many_requests', 'param': None, 'code': 'too_many_requests'}}
Failed for Black Lips - Again & Again: Error code: 429 - {'error': {'message': 'Too Many Requests', 'type': 'too_many_requests', 'param': None, 'code': 'too_many_requests'}}
Failed for The Jam - That'S Entertainment (Demo Version): Error code: 429 - {'error': {'message': 'Too Many Requests', 'type': 'too_many_requests', 'param': None, 'code': 'too_many_requests'}}
Failed for Ac/Dc - Up To My Neck In You: Error code: 429 - {'error': {'message': 'Too Many Requests', 'type': 'too_many_requests', 'param': None, 'code': 'too_many_requests'}}
Failed for Mr. Bungle - After School Special: Error code: 429 - {'error': {'message': 'Too Many Requests', 'type': 'too_many_requests', 'param': None, 'code': 'too_many_requests'}}
Failed for Adam Green - My Shadow Tags On Behind: Error code: 429 - {'error': {'message': 'Too Many Requests', 'type': 'too_many_requests', 'param': None, 'code': 'too_many_requests'}}
Failed for The Jealous Sound - Hope For Us: Error code: 429 - {'error': {'message': 'Too Many Requests', 'type': 'too_many_requests', 'param': None, 'code': 'too_many_requests'}}
Failed for Stina Nordenstam - When Debbie'S Back From Texas: Error code: 429 - {'error': {'message': 'Too Many Requests', 'type': 'too_many_requests', 'param': None, 'code': 'too_many_requests'}}
Failed for Red Hot Chili Peppers - Catholic School Girls Rule: Error code: 429 - {'error': {'message': 'Too Many Requests', 'type': 'too_many_requests', 'param': None, 'code': 'too_many_requests'}}
Failed for 2Raumwohnung - Ich Und Elaine: Error code: 429 - {'error': {'message': 'Too Many Requests', 'type': 'too_many_requests', 'param': None, 'code': 'too_many_requests'}}
Failed for Little Dragon - After The Rain: Error code: 429 - {'error': {'message': 'Too Many Requests', 'type': 'too_many_requests', 'param': None, 'code': 'too_many_requests'}}
Failed for 梅林茂 - Yumeji'S Theme: Error code: 429 - {'error': {'message': 'Too Many Requests', 'type': 'too_many_requests', 'param': None, 'code': 'too_many_requests'}}
Failed for Chemistry - You Got Me: Error code: 429 - {'error': {'message': 'Too Many Requests', 'type': 'too_many_requests', 'param': None, 'code': 'too_many_requests'}}
Failed for Gloria Estefan - Rhythm Is Gonna Get You: Error code: 429 - {'error': {'message': 'Too Many Requests', 'type': 'too_many_requests', 'param': None, 'code': 'too_many_requests'}}
Failed for The Brian Jonestown Massacre - #1 Hit Jam: Error code: 429 - {'error': {'message': 'Too Many Requests', 'type': 'too_many_requests', 'param': None, 'code': 'too_many_requests'}}
Failed for Pizzicato Five - Baby Love Child: Error code: 429 - {'error': {'message': 'Too Many Requests', 'type': 'too_many_requests', 'param': None, 'code': 'too_many_requests'}}
Failed for Alanis Morissette - Surrendering: Error code: 429 - {'error': {'message': 'Too Many Requests', 'type': 'too_many_requests', 'param': None, 'code': 'too_many_requests'}}
Failed for Pixies - Vamos (Live): Error code: 429 - {'error': {'message': 'Too Many Requests', 'type': 'too_many_requests', 'param': None, 'code': 'too_many_requests'}}
Failed for The Brian Jonestown Massacre - Everyone Says: Error code: 429 - {'error': {'message': 'Too Many Requests', 'type': 'too_many_requests', 'param': None, 'code': 'too_many_requests'}}
Failed for Seal - Future Love Paradise: Error code: 429 - {'error': {'message': 'Too Many Requests', 'type': 'too_many_requests', 'param': None, 'code': 'too_many_requests'}}
Failed for The Brian Jonestown Massacre - Going To Hell: Error code: 429 - {'error': {'message': 'Too Many Requests', 'type': 'too_many_requests', 'param': None, 'code': 'too_many_requests'}}
Failed for Black Lips - Old Man: Error code: 429 - {'error': {'message': 'Too Many Requests', 'type': 'too_many_requests', 'param': None, 'code': 'too_many_requests'}}
Failed for Mr. Bungle - The Holy Filament: Error code: 429 - {'error': {'message': 'Too Many Requests', 'type': 'too_many_requests', 'param': None, 'code': 'too_many_requests'}}
1800/2988 done
Failed for Cazals - Life Is Boring: Error code: 429 - {'error': {'message': 'Too Many Requests', 'type': 'too_many_requests', 'param': None, 'code': 'too_many_requests'}}
Failed for Céline Dion - I Want You To Need Me: Error code: 429 - {'error': {'message': 'Too Many Requests', 'type': 'too_many_requests', 'param': None, 'code': 'too_many_requests'}}
Failed for Overkill - Elimination: Error code: 429 - {'error': {'message': 'Too Many Requests', 'type': 'too_many_requests', 'param': None, 'code': 'too_many_requests'}}
Failed for J Dilla - So Far To Go (Feat. Common & D'Angelo): Error code: 429 - {'error': {'message': 'Too Many Requests', 'type': 'too_many_requests', 'param': None, 'code': 'too_many_requests'}}
Failed for Teenage Fanclub - About You: Error code: 429 - {'error': {'message': 'Too Many Requests', 'type': 'too_many_requests', 'param': None, 'code': 'too_many_requests'}}
Failed for Basshunter - Angel In The Night: Error code: 429 - {'error': {'message': 'Too Many Requests', 'type': 'too_many_requests', 'param': None, 'code': 'too_many_requests'}}
Failed for Tortoise - Glass Museum: Error code: 429 - {'error': {'message': 'Too Many Requests', 'type': 'too_many_requests', 'param': None, 'code': 'too_many_requests'}}
Failed for Pinhani - Beni Al: Error code: 429 - {'error': {'message': 'Too Many Requests', 'type': 'too_many_requests', 'param': None, 'code': 'too_many_requests'}}
Failed for Cœur De Pirate - Comme Des Enfants: Error code: 429 - {'error': {'message': 'Too Many Requests', 'type': 'too_many_requests', 'param': None, 'code': 'too_many_requests'}}
Failed for Deadboy & The Elephantmen - Ancient Man: Error code: 429 - {'error': {'message': 'Too Many Requests', 'type': 'too_many_requests', 'param': None, 'code': 'too_many_requests'}}
Failed for Deadman - Degreeds Centigrade: Error code: 429 - {'error': {'message': 'Too Many Requests', 'type': 'too_many_requests', 'param': None, 'code': 'too_many_requests'}}
Failed for My Morning Jacket - Dancefloors: Error code: 429 - {'error': {'message': 'Too Many Requests', 'type': 'too_many_requests', 'param': None, 'code': 'too_many_requests'}}
Failed for Violator - Ordered To Thrash: Error code: 429 - {'error': {'message': 'Too Many Requests', 'type': 'too_many_requests', 'param': None, 'code': 'too_many_requests'}}
Failed for Stillwater - Fever Dog: Error code: 429 - {'error': {'message': 'Too Many Requests', 'type': 'too_many_requests', 'param': None, 'code': 'too_many_requests'}}
Failed for The Saints - (I'M) Stranded: Error code: 429 - {'error': {'message': 'Too Many Requests', 'type': 'too_many_requests', 'param': None, 'code': 'too_many_requests'}}
Failed for Stiff Little Fingers - At The Edge: Error code: 429 - {'error': {'message': 'Too Many Requests', 'type': 'too_many_requests', 'param': None, 'code': 'too_many_requests'}}
Failed for Kaki King - Carmine St.: Error code: 429 - {'error': {'message': 'Too Many Requests', 'type': 'too_many_requests', 'param': None, 'code': 'too_many_requests'}}
Failed for Kaki King - Yellowcake: Error code: 429 - {'error': {'message': 'Too Many Requests', 'type': 'too_many_requests', 'param': None, 'code': 'too_many_requests'}}
Failed for Thompson Twins - Hold Me Now (Extended Edit By Phil Thornalley): Error code: 429 - {'error': {'message': 'Too Many Requests', 'type': 'too_many_requests', 'param': None, 'code': 'too_many_requests'}}
Failed for Stillgazer - What I Want: Error code: 429 - {'error': {'message': 'Too Many Requests', 'type': 'too_many_requests', 'param': None, 'code': 'too_many_requests'}}
Failed for Kaki King - Ingots: Error code: 429 - {'error': {'message': 'Too Many Requests', 'type': 'too_many_requests', 'param': None, 'code': 'too_many_requests'}}
Failed for Chemistry - Grind For Me (Pum Pum Mix Chemistry Feat. Boy-Ken): Error code: 429 - {'error': {'message': 'Too Many Requests', 'type': 'too_many_requests', 'param': None, 'code': 'too_many_requests'}}
Failed for Chemistry - Two As One / Chemistry Crystal Kay（Depapepe Remix）: Error code: 429 - {'error': {'message': 'Too Many Requests', 'type': 'too_many_requests', 'param': None, 'code': 'too_many_requests'}}
Failed for Global Communication - 12:18: Error code: 429 - {'error': {'message': 'Too Many Requests', 'type': 'too_many_requests', 'param': None, 'code': 'too_many_requests'}}
Failed for Kaizers Orchestra - Dr. Mowinckel: Error code: 429 - {'error': {'message': 'Too Many Requests', 'type': 'too_many_requests', 'param': None, 'code': 'too_many_requests'}}
Failed for Kaizers Orchestra - Rullett: Error code: 429 - {'error': {'message': 'Too Many Requests', 'type': 'too_many_requests', 'param': None, 'code': 'too_many_requests'}}
Failed for Little Man Tate - Down On Marie: Error code: 429 - {'error': {'message': 'Too Many Requests', 'type': 'too_many_requests', 'param': None, 'code': 'too_many_requests'}}
Failed for Chemistry - It Takes Two (Octopussy Remix) (Feat. Lisa): Error code: 429 - {'error': {'message': 'Too Many Requests', 'type': 'too_many_requests', 'param': None, 'code': 'too_many_requests'}}
Failed for Violent Femmes - Blister 2000: Error code: 429 - {'error': {'message': 'Too Many Requests', 'type': 'too_many_requests', 'param': None, 'code': 'too_many_requests'}}
Failed for Richard Hawley - Just Like The Rain: Error code: 429 - {'error': {'message': 'Too Many Requests', 'type': 'too_many_requests', 'param': None, 'code': 'too_many_requests'}}
Failed for George Michael - Heal The Pain: Error code: 429 - {'error': {'message': 'Too Many Requests', 'type': 'too_many_requests', 'param': None, 'code': 'too_many_requests'}}
Failed for Status Quo - Whatever You Want: Error code: 429 - {'error': {'message': 'Too Many Requests', 'type': 'too_many_requests', 'param': None, 'code': 'too_many_requests'}}
Failed for George Mccrae - Rock Your Baby: Error code: 429 - {'error': {'message': 'Too Many Requests', 'type': 'too_many_requests', 'param': None, 'code': 'too_many_requests'}}
Failed for Mr. Oizo - Intra: Error code: 429 - {'error': {'message': 'Too Many Requests', 'type': 'too_many_requests', 'param': None, 'code': 'too_many_requests'}}
Failed for Linkin Park - Opening: Error code: 429 - {'error': {'message': 'Too Many Requests', 'type': 'too_many_requests', 'param': None, 'code': 'too_many_requests'}}
Failed for Black Light Burns - One Of Yours: Error code: 429 - {'error': {'message': 'Too Many Requests', 'type': 'too_many_requests', 'param': None, 'code': 'too_many_requests'}}
Failed for Richard Hawley - Hotel Room: Error code: 429 - {'error': {'message': 'Too Many Requests', 'type': 'too_many_requests', 'param': None, 'code': 'too_many_requests'}}
Failed for Black Lips - Sea Of Blasphemy: Error code: 429 - {'error': {'message': 'Too Many Requests', 'type': 'too_many_requests', 'param': None, 'code': 'too_many_requests'}}
Failed for Borknagar - Oceans Rise: Error code: 429 - {'error': {'message': 'Too Many Requests', 'type': 'too_many_requests', 'param': None, 'code': 'too_many_requests'}}
Failed for Richard Davis - Sometime: Error code: 429 - {'error': {'message': 'Too Many Requests', 'type': 'too_many_requests', 'param': None, 'code': 'too_many_requests'}}
Failed for Staygold - Ring Toss: Error code: 429 - {'error': {'message': 'Too Many Requests', 'type': 'too_many_requests', 'param': None, 'code': 'too_many_requests'}}
Failed for Dolores O'Riordan - October: Error code: 429 - {'error': {'message': 'Too Many Requests', 'type': 'too_many_requests', 'param': None, 'code': 'too_many_requests'}}
Failed for George Michael - Older: Error code: 429 - {'error': {'message': 'Too Many Requests', 'type': 'too_many_requests', 'param': None, 'code': 'too_many_requests'}}
Failed for Glen Hansard & Markéta Irglová - Once: Error code: 429 - {'error': {'message': 'Too Many Requests', 'type': 'too_many_requests', 'param': None, 'code': 'too_many_requests'}}
Failed for Kalmah - Svieri Doroga: Error code: 429 - {'error': {'message': 'Too Many Requests', 'type': 'too_many_requests', 'param': None, 'code': 'too_many_requests'}}
Failed for Dolores O'Riordan - Black Widow: Error code: 429 - {'error': {'message': 'Too Many Requests', 'type': 'too_many_requests', 'param': None, 'code': 'too_many_requests'}}
Failed for Dolphin Boy - Shake It Loose: Error code: 429 - {'error': {'message': 'Too Many Requests', 'type': 'too_many_requests', 'param': None, 'code': 'too_many_requests'}}
Failed for Glenn Branca - My Relationship: Error code: 429 - {'error': {'message': 'Too Many Requests', 'type': 'too_many_requests', 'param': None, 'code': 'too_many_requests'}}
Failed for The Warlocks - Hurricane Heart Attack: Error code: 429 - {'error': {'message': 'Too Many Requests', 'type': 'too_many_requests', 'param': None, 'code': 'too_many_requests'}}
Failed for Jaga Jazzist - Kitty Wú: Error code: 429 - {'error': {'message': 'Too Many Requests', 'type': 'too_many_requests', 'param': None, 'code': 'too_many_requests'}}
Failed for Massacre - La Reina De Marte: Error code: 429 - {'error': {'message': 'Too Many Requests', 'type': 'too_many_requests', 'param': None, 'code': 'too_many_requests'}}
Failed for Jaga Jazzist - Airborne: Error code: 429 - {'error': {'message': 'Too Many Requests', 'type': 'too_many_requests', 'param': None, 'code': 'too_many_requests'}}
Failed for Violator - Brainwash Possession: Error code: 429 - {'error': {'message': 'Too Many Requests', 'type': 'too_many_requests', 'param': None, 'code': 'too_many_requests'}}
Failed for Enya - I Want Tomorrow: Error code: 429 - {'error': {'message': 'Too Many Requests', 'type': 'too_many_requests', 'param': None, 'code': 'too_many_requests'}}
Failed for White Rabbits - The Plot: Error code: 429 - {'error': {'message': 'Too Many Requests', 'type': 'too_many_requests', 'param': None, 'code': 'too_many_requests'}}
Failed for Babyshambles - Merry Go Round: Error code: 429 - {'error': {'message': 'Too Many Requests', 'type': 'too_many_requests', 'param': None, 'code': 'too_many_requests'}}
Failed for High Contrast - Everything'S Different: Error code: 429 - {'error': {'message': 'Too Many Requests', 'type': 'too_many_requests', 'param': None, 'code': 'too_many_requests'}}
Failed for Blind Guardian - Born In A Mourning Hall: Error code: 429 - {'error': {'message': 'Too Many Requests', 'type': 'too_many_requests', 'param': None, 'code': 'too_many_requests'}}
Failed for Tosca - Superrob: Error code: 429 - {'error': {'message': 'Too Many Requests', 'type': 'too_many_requests', 'param': None, 'code': 'too_many_requests'}}
Failed for Cut Chemist - Spoon: Error code: 429 - {'error': {'message': 'Too Many Requests', 'type': 'too_many_requests', 'param': None, 'code': 'too_many_requests'}}
Failed for Atreyu - Deanne The Arsonist: Error code: 429 - {'error': {'message': 'Too Many Requests', 'type': 'too_many_requests', 'param': None, 'code': 'too_many_requests'}}
Failed for Mstrkrft - Sexy Results [Death From Above 1979]: Error code: 429 - {'error': {'message': 'Too Many Requests', 'type': 'too_many_requests', 'param': None, 'code': 'too_many_requests'}}
Failed for Alphaville - To Germany With Love: Error code: 429 - {'error': {'message': 'Too Many Requests', 'type': 'too_many_requests', 'param': None, 'code': 'too_many_requests'}}
Failed for Matanza - Busted: Error code: 429 - {'error': {'message': 'Too Many Requests', 'type': 'too_many_requests', 'param': None, 'code': 'too_many_requests'}}
Failed for Celestial Aeon Project - Hope For Rebirth: Error code: 429 - {'error': {'message': 'Too Many Requests', 'type': 'too_many_requests', 'param': None, 'code': 'too_many_requests'}}
Failed for Czesław Śpiewa - Język Węża: Error code: 429 - {'error': {'message': 'Too Many Requests', 'type': 'too_many_requests', 'param': None, 'code': 'too_many_requests'}}
Failed for Gepe - Hebra Prima: Error code: 429 - {'error': {'message': 'Too Many Requests', 'type': 'too_many_requests', 'param': None, 'code': 'too_many_requests'}}
Failed for Acda En De Munnik - Groeten Uit Maaiveld: Error code: 429 - {'error': {'message': 'Too Many Requests', 'type': 'too_many_requests', 'param': None, 'code': 'too_many_requests'}}
Failed for Celestial Aeon Project - Alchemist: Error code: 429 - {'error': {'message': 'Too Many Requests', 'type': 'too_many_requests', 'param': None, 'code': 'too_many_requests'}}
Failed for Mahmut Durgun - Abdulkadir Geylani (Baris Atilgan Mix): Error code: 429 - {'error': {'message': 'Too Many Requests', 'type': 'too_many_requests', 'param': None, 'code': 'too_many_requests'}}
Failed for Deadman - Seija No Koushin: Error code: 429 - {'error': {'message': 'Too Many Requests', 'type': 'too_many_requests', 'param': None, 'code': 'too_many_requests'}}
Failed for Blind Guardian - Sadly Sings Destiny: Error code: 429 - {'error': {'message': 'Too Many Requests', 'type': 'too_many_requests', 'param': None, 'code': 'too_many_requests'}}
Failed for Teedra Moses - Rescue Me: Error code: 429 - {'error': {'message': 'Too Many Requests', 'type': 'too_many_requests', 'param': None, 'code': 'too_many_requests'}}
Failed for My Dying Bride - The Crown Of Sympathy: Error code: 429 - {'error': {'message': 'Too Many Requests', 'type': 'too_many_requests', 'param': None, 'code': 'too_many_requests'}}
Failed for My Dying Bride - The Raven And The Rose: Error code: 429 - {'error': {'message': 'Too Many Requests', 'type': 'too_many_requests', 'param': None, 'code': 'too_many_requests'}}
Failed for Blind Guardian - Wait For An Answer: Error code: 429 - {'error': {'message': 'Too Many Requests', 'type': 'too_many_requests', 'param': None, 'code': 'too_many_requests'}}
Failed for Luna Amară - Somn: Error code: 429 - {'error': {'message': 'Too Many Requests', 'type': 'too_many_requests', 'param': None, 'code': 'too_many_requests'}}
Failed for Red House Painters - Smokey: Error code: 429 - {'error': {'message': 'Too Many Requests', 'type': 'too_many_requests', 'param': None, 'code': 'too_many_requests'}}
Failed for Armor For Sleep - Awkward Last Words: Error code: 429 - {'error': {'message': 'Too Many Requests', 'type': 'too_many_requests', 'param': None, 'code': 'too_many_requests'}}
Failed for Red House Painters - Shock Me: Error code: 429 - {'error': {'message': 'Too Many Requests', 'type': 'too_many_requests', 'param': None, 'code': 'too_many_requests'}}
Failed for Red House Painters - Rollercoaster: Error code: 429 - {'error': {'message': 'Too Many Requests', 'type': 'too_many_requests', 'param': None, 'code': 'too_many_requests'}}
Failed for Glassjaw - Lovebites And Razorlines: Error code: 429 - {'error': {'message': 'Too Many Requests', 'type': 'too_many_requests', 'param': None, 'code': 'too_many_requests'}}
Failed for Red House Painters - I Am A Rock: Error code: 429 - {'error': {'message': 'Too Many Requests', 'type': 'too_many_requests', 'param': None, 'code': 'too_many_requests'}}
Failed for Kamelot - Lost & Damned: Error code: 429 - {'error': {'message': 'Too Many Requests', 'type': 'too_many_requests', 'param': None, 'code': 'too_many_requests'}}
Failed for Red House Painters - Instrumental: Error code: 429 - {'error': {'message': 'Too Many Requests', 'type': 'too_many_requests', 'param': None, 'code': 'too_many_requests'}}
Failed for Kamelot - Serenade: Error code: 429 - {'error': {'message': 'Too Many Requests', 'type': 'too_many_requests', 'param': None, 'code': 'too_many_requests'}}
Failed for Massacre - Vienen Zombies: Error code: 429 - {'error': {'message': 'Too Many Requests', 'type': 'too_many_requests', 'param': None, 'code': 'too_many_requests'}}
Failed for Massacre - Clavos Y Globos: Error code: 429 - {'error': {'message': 'Too Many Requests', 'type': 'too_many_requests', 'param': None, 'code': 'too_many_requests'}}
Failed for The Innocence Mission - You Are The Light: Error code: 429 - {'error': {'message': 'Too Many Requests', 'type': 'too_many_requests', 'param': None, 'code': 'too_many_requests'}}
Failed for Pink Floyd - Cymbaline: Error code: 429 - {'error': {'message': 'Too Many Requests', 'type': 'too_many_requests', 'param': None, 'code': 'too_many_requests'}}
Failed for Mucc - Kasa Ga Nai: Error code: 429 - {'error': {'message': 'Too Many Requests', 'type': 'too_many_requests', 'param': None, 'code': 'too_many_requests'}}
Failed for Celldweller - Frozen: Error code: 429 - {'error': {'message': 'Too Many Requests', 'type': 'too_many_requests', 'param': None, 'code': 'too_many_requests'}}
Failed for J.J. Cale & Eric Clapton - Danger: Error code: 429 - {'error': {'message': 'Too Many Requests', 'type': 'too_many_requests', 'param': None, 'code': 'too_many_requests'}}
Failed for Ricardo Arjona - Acompañame A Estar Solo: Error code: 429 - {'error': {'message': 'Too Many Requests', 'type': 'too_many_requests', 'param': None, 'code': 'too_many_requests'}}
Failed for Mastodon - Trainwreck: Error code: 429 - {'error': {'message': 'Too Many Requests', 'type': 'too_many_requests', 'param': None, 'code': 'too_many_requests'}}
Failed for Katie Melua - Crawling Up A Hill: Error code: 429 - {'error': {'message': 'Too Many Requests', 'type': 'too_many_requests', 'param': None, 'code': 'too_many_requests'}}
Failed for Ace Of Base - Beautiful Morning: Error code: 429 - {'error': {'message': 'Too Many Requests', 'type': 'too_many_requests', 'param': None, 'code': 'too_many_requests'}}
1900/2988 done
Failed for Sean Paul - Give It Up To Me: Error code: 429 - {'error': {'message': 'Too Many Requests', 'type': 'too_many_requests', 'param': None, 'code': 'too_many_requests'}}
Failed for Angra - Wuthering Heights: Error code: 429 - {'error': {'message': 'Too Many Requests', 'type': 'too_many_requests', 'param': None, 'code': 'too_many_requests'}}
Failed for Stephen Malkmus - Kindling For The Master: Error code: 429 - {'error': {'message': 'Too Many Requests', 'type': 'too_many_requests', 'param': None, 'code': 'too_many_requests'}}
Failed for Cutting Crew - I Just Died In Your Arms: Error code: 429 - {'error': {'message': 'Too Many Requests', 'type': 'too_many_requests', 'param': None, 'code': 'too_many_requests'}}
Failed for Team Sleep - Your Skull Is Red: Error code: 429 - {'error': {'message': 'Too Many Requests', 'type': 'too_many_requests', 'param': None, 'code': 'too_many_requests'}}
Failed for Team Sleep - Ataraxia: Error code: 429 - {'error': {'message': 'Too Many Requests', 'type': 'too_many_requests', 'param': None, 'code': 'too_many_requests'}}
Failed for Ghost Dance - Celebrate: Error code: 429 - {'error': {'message': 'Too Many Requests', 'type': 'too_many_requests', 'param': None, 'code': 'too_many_requests'}}
Failed for Other Men - Anaglyphic: Error code: 429 - {'error': {'message': 'Too Many Requests', 'type': 'too_many_requests', 'param': None, 'code': 'too_many_requests'}}
Failed for Shinedown - All I Ever Wanted: Error code: 429 - {'error': {'message': 'Too Many Requests', 'type': 'too_many_requests', 'param': None, 'code': 'too_many_requests'}}
Failed for Charon - Desire You: Error code: 429 - {'error': {'message': 'Too Many Requests', 'type': 'too_many_requests', 'param': None, 'code': 'too_many_requests'}}
Failed for Thomas Newman - Dead Already: Error code: 429 - {'error': {'message': 'Too Many Requests', 'type': 'too_many_requests', 'param': None, 'code': 'too_many_requests'}}
Failed for Aqua Timez - Alones: Error code: 429 - {'error': {'message': 'Too Many Requests', 'type': 'too_many_requests', 'param': None, 'code': 'too_many_requests'}}
Failed for Zongamin - Serious Trouble: Error code: 429 - {'error': {'message': 'Too Many Requests', 'type': 'too_many_requests', 'param': None, 'code': 'too_many_requests'}}
Failed for The Russian Futurists - Telegram From The Future: Error code: 429 - {'error': {'message': 'Too Many Requests', 'type': 'too_many_requests', 'param': None, 'code': 'too_many_requests'}}
Failed for Massive Attack - Collar Stays On: Error code: 429 - {'error': {'message': 'Too Many Requests', 'type': 'too_many_requests', 'param': None, 'code': 'too_many_requests'}}
Failed for The Russian Futurists - Science Of The Seasons: Error code: 429 - {'error': {'message': 'Too Many Requests', 'type': 'too_many_requests', 'param': None, 'code': 'too_many_requests'}}
Failed for Red Sparowes - I Saw The Sky In The North Open To The Ground And Fire Poured Out.: Error code: 429 - {'error': {'message': 'Too Many Requests', 'type': 'too_many_requests', 'param': None, 'code': 'too_many_requests'}}
Failed for My Dying Bride - And My Fury Stands Ready: Error code: 429 - {'error': {'message': 'Too Many Requests', 'type': 'too_many_requests', 'param': None, 'code': 'too_many_requests'}}
Failed for Kammerflimmer Kollektief - Über Die Wasserscheide: Error code: 429 - {'error': {'message': 'Too Many Requests', 'type': 'too_many_requests', 'param': None, 'code': 'too_many_requests'}}
Failed for My Dying Bride - For You: Error code: 429 - {'error': {'message': 'Too Many Requests', 'type': 'too_many_requests', 'param': None, 'code': 'too_many_requests'}}
Failed for Girlschool - Race With The Devil: Error code: 429 - {'error': {'message': 'Too Many Requests', 'type': 'too_many_requests', 'param': None, 'code': 'too_many_requests'}}
Failed for Mugison - I Want You: Error code: 429 - {'error': {'message': 'Too Many Requests', 'type': 'too_many_requests', 'param': None, 'code': 'too_many_requests'}}
Failed for Kathleen Edwards - Six O'Clock News: Error code: 429 - {'error': {'message': 'Too Many Requests', 'type': 'too_many_requests', 'param': None, 'code': 'too_many_requests'}}
Failed for Borknagar - Ad Noctum: Error code: 429 - {'error': {'message': 'Too Many Requests', 'type': 'too_many_requests', 'param': None, 'code': 'too_many_requests'}}
Failed for Mujuice - Piano Version: Error code: 429 - {'error': {'message': 'Too Many Requests', 'type': 'too_many_requests', 'param': None, 'code': 'too_many_requests'}}
Failed for Rhapsody Of Fire - Rain Of A Thousand Flames: Error code: 429 - {'error': {'message': 'Too Many Requests', 'type': 'too_many_requests', 'param': None, 'code': 'too_many_requests'}}
Failed for Ghost Of The Robot - Valerie: Error code: 429 - {'error': {'message': 'Too Many Requests', 'type': 'too_many_requests', 'param': None, 'code': 'too_many_requests'}}
Failed for Rhapsody Of Fire - Knightrider Of Doom: Error code: 429 - {'error': {'message': 'Too Many Requests', 'type': 'too_many_requests', 'param': None, 'code': 'too_many_requests'}}
Failed for Cypress Hill - Lowrider: Error code: 429 - {'error': {'message': 'Too Many Requests', 'type': 'too_many_requests', 'param': None, 'code': 'too_many_requests'}}
Failed for Backyard Babies - Bigger W/A Trigger: Error code: 429 - {'error': {'message': 'Too Many Requests', 'type': 'too_many_requests', 'param': None, 'code': 'too_many_requests'}}
Failed for Jack Black - Let'S Get It On: Error code: 429 - {'error': {'message': 'Too Many Requests', 'type': 'too_many_requests', 'param': None, 'code': 'too_many_requests'}}
Failed for Pink Floyd - One Of These Days (Live): Error code: 429 - {'error': {'message': 'Too Many Requests', 'type': 'too_many_requests', 'param': None, 'code': 'too_many_requests'}}
Failed for Outkast - Jazzy Belle: Error code: 429 - {'error': {'message': 'Too Many Requests', 'type': 'too_many_requests', 'param': None, 'code': 'too_many_requests'}}
Failed for Kanye West - Diamonds From Sierra Leone (Live): Error code: 429 - {'error': {'message': 'Too Many Requests', 'type': 'too_many_requests', 'param': None, 'code': 'too_many_requests'}}
Failed for Girls Aloud - Je Ne Parle Pas Français: Error code: 429 - {'error': {'message': 'Too Many Requests', 'type': 'too_many_requests', 'param': None, 'code': 'too_many_requests'}}
Failed for My Brightest Diamond - Golden Star (Alias Remix): Error code: 429 - {'error': {'message': 'Too Many Requests', 'type': 'too_many_requests', 'param': None, 'code': 'too_many_requests'}}
Failed for The Haunted - The Fallout: Error code: 429 - {'error': {'message': 'Too Many Requests', 'type': 'too_many_requests', 'param': None, 'code': 'too_many_requests'}}
Failed for Refused - Tannhäuser / Derivè: Error code: 429 - {'error': {'message': 'Too Many Requests', 'type': 'too_many_requests', 'param': None, 'code': 'too_many_requests'}}
Failed for Vincent Gallo - Laura: Error code: 429 - {'error': {'message': 'Too Many Requests', 'type': 'too_many_requests', 'param': None, 'code': 'too_many_requests'}}
Failed for Vincent Gallo - Yes I'M Lonely: Error code: 429 - {'error': {'message': 'Too Many Requests', 'type': 'too_many_requests', 'param': None, 'code': 'too_many_requests'}}
Failed for My Brightest Diamond - To Pluto'S Moon: Error code: 429 - {'error': {'message': 'Too Many Requests', 'type': 'too_many_requests', 'param': None, 'code': 'too_many_requests'}}
Failed for Sleater-Kinney - Hollywood Ending: Error code: 429 - {'error': {'message': 'Too Many Requests', 'type': 'too_many_requests', 'param': None, 'code': 'too_many_requests'}}
Failed for Cut Copy - Stars: Error code: 429 - {'error': {'message': 'Too Many Requests', 'type': 'too_many_requests', 'param': None, 'code': 'too_many_requests'}}
Failed for My Brightest Diamond - Workhorse: Error code: 429 - {'error': {'message': 'Too Many Requests', 'type': 'too_many_requests', 'param': None, 'code': 'too_many_requests'}}
Failed for Angelo Badalamenti - Laura Palmer'S Theme: Error code: 429 - {'error': {'message': 'Too Many Requests', 'type': 'too_many_requests', 'param': None, 'code': 'too_many_requests'}}
Failed for Shinedown - 45 (Acoustic): Error code: 429 - {'error': {'message': 'Too Many Requests', 'type': 'too_many_requests', 'param': None, 'code': 'too_many_requests'}}
Failed for Zoot Woman - Woman Wonder: Error code: 429 - {'error': {'message': 'Too Many Requests', 'type': 'too_many_requests', 'param': None, 'code': 'too_many_requests'}}
Failed for Mujuice - Mertvii Malchik: Error code: 429 - {'error': {'message': 'Too Many Requests', 'type': 'too_many_requests', 'param': None, 'code': 'too_many_requests'}}
Failed for Viikate - Kivi Itkee Vihreää: Error code: 429 - {'error': {'message': 'Too Many Requests', 'type': 'too_many_requests', 'param': None, 'code': 'too_many_requests'}}
Failed for Viikate - Leimu: Error code: 429 - {'error': {'message': 'Too Many Requests', 'type': 'too_many_requests', 'param': None, 'code': 'too_many_requests'}}
Failed for Kate Havnevik - Sleepless: Error code: 429 - {'error': {'message': 'Too Many Requests', 'type': 'too_many_requests', 'param': None, 'code': 'too_many_requests'}}
Failed for Kate Havnevik - I Don'T Know You: Error code: 429 - {'error': {'message': 'Too Many Requests', 'type': 'too_many_requests', 'param': None, 'code': 'too_many_requests'}}
Failed for The House Of Love - Shine On: Error code: 429 - {'error': {'message': 'Too Many Requests', 'type': 'too_many_requests', 'param': None, 'code': 'too_many_requests'}}
Failed for Do Make Say Think - Classic Noodlanding: Error code: 429 - {'error': {'message': 'Too Many Requests', 'type': 'too_many_requests', 'param': None, 'code': 'too_many_requests'}}
Failed for Kate Bush - Reaching Out: Error code: 429 - {'error': {'message': 'Too Many Requests', 'type': 'too_many_requests', 'param': None, 'code': 'too_many_requests'}}
Failed for Angelspit - Red: Error code: 429 - {'error': {'message': 'Too Many Requests', 'type': 'too_many_requests', 'param': None, 'code': 'too_many_requests'}}
Failed for Toru Okada - Ruined Tongues: Error code: 429 - {'error': {'message': 'Too Many Requests', 'type': 'too_many_requests', 'param': None, 'code': 'too_many_requests'}}
Failed for Kanye West - Welcome To Heartbreak: Error code: 429 - {'error': {'message': 'Too Many Requests', 'type': 'too_many_requests', 'param': None, 'code': 'too_many_requests'}}
Failed for The Helio Sequence - Blood Bleeds: Error code: 429 - {'error': {'message': 'Too Many Requests', 'type': 'too_many_requests', 'param': None, 'code': 'too_many_requests'}}
Failed for Massive Attack - Karma Coma: Error code: 429 - {'error': {'message': 'Too Many Requests', 'type': 'too_many_requests', 'param': None, 'code': 'too_many_requests'}}
Failed for My Brightest Diamond - Black & Costaud: Error code: 429 - {'error': {'message': 'Too Many Requests', 'type': 'too_many_requests', 'param': None, 'code': 'too_many_requests'}}
Failed for The Hellacopters - Fiends & Frankensteins: Error code: 429 - {'error': {'message': 'Too Many Requests', 'type': 'too_many_requests', 'param': None, 'code': 'too_many_requests'}}
Failed for Massive Attack - Polaroid Girl: Error code: 429 - {'error': {'message': 'Too Many Requests', 'type': 'too_many_requests', 'param': None, 'code': 'too_many_requests'}}
Failed for Zwan - Number Of The Beast: Error code: 429 - {'error': {'message': 'Too Many Requests', 'type': 'too_many_requests', 'param': None, 'code': 'too_many_requests'}}
Failed for Kanye West - Lil Jimmy (Skit): Error code: 429 - {'error': {'message': 'Too Many Requests', 'type': 'too_many_requests', 'param': None, 'code': 'too_many_requests'}}
Failed for Girl Talk - Bodies Hit The Floor: Error code: 429 - {'error': {'message': 'Too Many Requests', 'type': 'too_many_requests', 'param': None, 'code': 'too_many_requests'}}
Failed for Dntel - Fear Of Corners: Error code: 429 - {'error': {'message': 'Too Many Requests', 'type': 'too_many_requests', 'param': None, 'code': 'too_many_requests'}}
Failed for The Roots - In The Music: Error code: 429 - {'error': {'message': 'Too Many Requests', 'type': 'too_many_requests', 'param': None, 'code': 'too_many_requests'}}
Failed for Kate Bush - Experiment Iv: Error code: 429 - {'error': {'message': 'Too Many Requests', 'type': 'too_many_requests', 'param': None, 'code': 'too_many_requests'}}
Failed for Kate Bush - Heads We'Re Dancing: Error code: 429 - {'error': {'message': 'Too Many Requests', 'type': 'too_many_requests', 'param': None, 'code': 'too_many_requests'}}
Failed for Cynic - How Could I: Error code: 429 - {'error': {'message': 'Too Many Requests', 'type': 'too_many_requests', 'param': None, 'code': 'too_many_requests'}}
Failed for Cyne - Steady: Error code: 429 - {'error': {'message': 'Too Many Requests', 'type': 'too_many_requests', 'param': None, 'code': 'too_many_requests'}}
Failed for Acid Bath - Paegan Love Song: Error code: 429 - {'error': {'message': 'Too Many Requests', 'type': 'too_many_requests', 'param': None, 'code': 'too_many_requests'}}
Failed for The Hood Internet - Snatch Da Crystal Cat Back (Khia Vs. Dan Deacon): Error code: 429 - {'error': {'message': 'Too Many Requests', 'type': 'too_many_requests', 'param': None, 'code': 'too_many_requests'}}
Failed for Pink Martini - Clémentime: Error code: 429 - {'error': {'message': 'Too Many Requests', 'type': 'too_many_requests', 'param': None, 'code': 'too_many_requests'}}
Failed for Pink Martini - Taya Tan: Error code: 429 - {'error': {'message': 'Too Many Requests', 'type': 'too_many_requests', 'param': None, 'code': 'too_many_requests'}}
Failed for Pink Martini - Song Of The Black Lizard: Error code: 429 - {'error': {'message': 'Too Many Requests', 'type': 'too_many_requests', 'param': None, 'code': 'too_many_requests'}}
Failed for Techno Matic - Atb - 9Pm: Error code: 429 - {'error': {'message': 'Too Many Requests', 'type': 'too_many_requests', 'param': None, 'code': 'too_many_requests'}}
Failed for Wu-Tang Clan - Sunlight: Error code: 429 - {'error': {'message': 'Too Many Requests', 'type': 'too_many_requests', 'param': None, 'code': 'too_many_requests'}}
Failed for Luna Amară - Lume Oarbă: Error code: 429 - {'error': {'message': 'Too Many Requests', 'type': 'too_many_requests', 'param': None, 'code': 'too_many_requests'}}
Failed for Cynic - The Unknown Guest: Error code: 429 - {'error': {'message': 'Too Many Requests', 'type': 'too_many_requests', 'param': None, 'code': 'too_many_requests'}}
Failed for Alter Bridge - Watch Over You: Error code: 429 - {'error': {'message': 'Too Many Requests', 'type': 'too_many_requests', 'param': None, 'code': 'too_many_requests'}}
Failed for Bassi Maestro - Tu Lo Sai: Error code: 429 - {'error': {'message': 'Too Many Requests', 'type': 'too_many_requests', 'param': None, 'code': 'too_many_requests'}}
Failed for Shinedown - Simple Man: Error code: 429 - {'error': {'message': 'Too Many Requests', 'type': 'too_many_requests', 'param': None, 'code': 'too_many_requests'}}
Failed for Rescue The Astronauts - I Am The President Of Your Fanclub (And Last Night I Followed You Home): Error code: 429 - {'error': {'message': 'Too Many Requests', 'type': 'too_many_requests', 'param': None, 'code': 'too_many_requests'}}
Failed for Chairlift - Somewhere Around Here: Error code: 429 - {'error': {'message': 'Too Many Requests', 'type': 'too_many_requests', 'param': None, 'code': 'too_many_requests'}}
Failed for Giant Drag - Swan Song: Error code: 429 - {'error': {'message': 'Too Many Requests', 'type': 'too_many_requests', 'param': None, 'code': 'too_many_requests'}}
Failed for Thomas Dolby - Hyperactive: Error code: 429 - {'error': {'message': 'Too Many Requests', 'type': 'too_many_requests', 'param': None, 'code': 'too_many_requests'}}
Failed for Dean Martin - Memories Are Made Of This: Error code: 429 - {'error': {'message': 'Too Many Requests', 'type': 'too_many_requests', 'param': None, 'code': 'too_many_requests'}}
Failed for Beth Orton - Sweetest Decline: Error code: 429 - {'error': {'message': 'Too Many Requests', 'type': 'too_many_requests', 'param': None, 'code': 'too_many_requests'}}
Failed for Kataklysm - It Turns To Rust: Error code: 429 - {'error': {'message': 'Too Many Requests', 'type': 'too_many_requests', 'param': None, 'code': 'too_many_requests'}}
Failed for Kataklysm - As I Slither: Error code: 429 - {'error': {'message': 'Too Many Requests', 'type': 'too_many_requests', 'param': None, 'code': 'too_many_requests'}}
Failed for Acid House Kings - Sunday Morning: Error code: 429 - {'error': {'message': 'Too Many Requests', 'type': 'too_many_requests', 'param': None, 'code': 'too_many_requests'}}
Failed for Feindflug - Sturmwalze(R): Error code: 429 - {'error': {'message': 'Too Many Requests', 'type': 'too_many_requests', 'param': None, 'code': 'too_many_requests'}}
Failed for Relient K - Come Right Out And Say It: Error code: 429 - {'error': {'message': 'Too Many Requests', 'type': 'too_many_requests', 'param': None, 'code': 'too_many_requests'}}
Failed for Elvis Costello & The Attractions - Accidents Will Happen: Error code: 429 - {'error': {'message': 'Too Many Requests', 'type': 'too_many_requests', 'param': None, 'code': 'too_many_requests'}}
2000/2988 done
Failed for Mutya Buena - Just A Little Bit: Error code: 429 - {'error': {'message': 'Too Many Requests', 'type': 'too_many_requests', 'param': None, 'code': 'too_many_requests'}}
Failed for Massive Attack - Inertia ?: Error code: 429 - {'error': {'message': 'Too Many Requests', 'type': 'too_many_requests', 'param': None, 'code': 'too_many_requests'}}
Failed for Cute Is What We Aim For - I Put The Metro In Metronome: Error code: 429 - {'error': {'message': 'Too Many Requests', 'type': 'too_many_requests', 'param': None, 'code': 'too_many_requests'}}
Failed for Cyantific - Flashback Feat. Logistics: Error code: 429 - {'error': {'message': 'Too Many Requests', 'type': 'too_many_requests', 'param': None, 'code': 'too_many_requests'}}
Failed for Otis Redding - Cigarettes And Coffee: Error code: 429 - {'error': {'message': 'Too Many Requests', 'type': 'too_many_requests', 'param': None, 'code': 'too_many_requests'}}
Failed for White Rose Movement - Cruella: Error code: 429 - {'error': {'message': 'Too Many Requests', 'type': 'too_many_requests', 'param': None, 'code': 'too_many_requests'}}
Failed for Reik - Noviembre Sin Ti: Error code: 429 - {'error': {'message': 'Too Many Requests', 'type': 'too_many_requests', 'param': None, 'code': 'too_many_requests'}}
Failed for Relient K - Give: Error code: 429 - {'error': {'message': 'Too Many Requests', 'type': 'too_many_requests', 'param': None, 'code': 'too_many_requests'}}
Failed for Relient K - Devastation And Reform: Error code: 429 - {'error': {'message': 'Too Many Requests', 'type': 'too_many_requests', 'param': None, 'code': 'too_many_requests'}}
Failed for Jack'S Mannequin - Hammer And Strings (A Lullaby): Error code: 429 - {'error': {'message': 'Too Many Requests', 'type': 'too_many_requests', 'param': None, 'code': 'too_many_requests'}}
Failed for Maj Karma - Avaus: Error code: 429 - {'error': {'message': 'Too Many Requests', 'type': 'too_many_requests', 'param': None, 'code': 'too_many_requests'}}
Failed for Death - Trapped In A Corner: Error code: 429 - {'error': {'message': 'Too Many Requests', 'type': 'too_many_requests', 'param': None, 'code': 'too_many_requests'}}
Failed for Hilary Duff - With Love (A. Castillo Radio Edit): Error code: 429 - {'error': {'message': 'Too Many Requests', 'type': 'too_many_requests', 'param': None, 'code': 'too_many_requests'}}
Failed for Arcturus - Evacuation Code Deciphered: Error code: 429 - {'error': {'message': 'Too Many Requests', 'type': 'too_many_requests', 'param': None, 'code': 'too_many_requests'}}
Failed for Stereolab - Blue Milk: Error code: 429 - {'error': {'message': 'Too Many Requests', 'type': 'too_many_requests', 'param': None, 'code': 'too_many_requests'}}
Failed for Repo! The Genetic Opera - Legal Assassin: Error code: 429 - {'error': {'message': 'Too Many Requests', 'type': 'too_many_requests', 'param': None, 'code': 'too_many_requests'}}
Failed for Gigi D'Agostino - Bla Bla Bla: Error code: 429 - {'error': {'message': 'Too Many Requests', 'type': 'too_many_requests', 'param': None, 'code': 'too_many_requests'}}
Failed for Chamillionaire - Ridin' (Feat. Krayzie Bone): Error code: 429 - {'error': {'message': 'Too Many Requests', 'type': 'too_many_requests', 'param': None, 'code': 'too_many_requests'}}
Failed for Dmx - Get It On The Floor (Feat. Swizz Beatz): Error code: 429 - {'error': {'message': 'Too Many Requests', 'type': 'too_many_requests', 'param': None, 'code': 'too_many_requests'}}
Failed for Beth Orton - Love Like Laughter: Error code: 429 - {'error': {'message': 'Too Many Requests', 'type': 'too_many_requests', 'param': None, 'code': 'too_many_requests'}}
Failed for The Hollies - Long Cool Woman In A Black Dress: Error code: 429 - {'error': {'message': 'Too Many Requests', 'type': 'too_many_requests', 'param': None, 'code': 'too_many_requests'}}
Failed for Murder By Death - The Devil In Mexico: Error code: 429 - {'error': {'message': 'Too Many Requests', 'type': 'too_many_requests', 'param': None, 'code': 'too_many_requests'}}
Failed for Murderdolls - Dead In Hollywood: Error code: 429 - {'error': {'message': 'Too Many Requests', 'type': 'too_many_requests', 'param': None, 'code': 'too_many_requests'}}
Failed for Arnos Cost & Arias - Magenta: Error code: 429 - {'error': {'message': 'Too Many Requests', 'type': 'too_many_requests', 'param': None, 'code': 'too_many_requests'}}
Failed for Angelspit - Devilicious: Error code: 429 - {'error': {'message': 'Too Many Requests', 'type': 'too_many_requests', 'param': None, 'code': 'too_many_requests'}}
Failed for Stereolab - Cosmic Country Noir: Error code: 429 - {'error': {'message': 'Too Many Requests', 'type': 'too_many_requests', 'param': None, 'code': 'too_many_requests'}}
Failed for Beth Orton - Paris Train: Error code: 429 - {'error': {'message': 'Too Many Requests', 'type': 'too_many_requests', 'param': None, 'code': 'too_many_requests'}}
Failed for Muse - Hypermusic: Error code: 429 - {'error': {'message': 'Too Many Requests', 'type': 'too_many_requests', 'param': None, 'code': 'too_many_requests'}}
Failed for Muse - Coma: Error code: 429 - {'error': {'message': 'Too Many Requests', 'type': 'too_many_requests', 'param': None, 'code': 'too_many_requests'}}
Failed for Jack Off Jill - Horrible: Error code: 429 - {'error': {'message': 'Too Many Requests', 'type': 'too_many_requests', 'param': None, 'code': 'too_many_requests'}}
Failed for Kasabian - Vlad The Impaler: Error code: 429 - {'error': {'message': 'Too Many Requests', 'type': 'too_many_requests', 'param': None, 'code': 'too_many_requests'}}
Failed for Muse - Pink Ego Box: Error code: 429 - {'error': {'message': 'Too Many Requests', 'type': 'too_many_requests', 'param': None, 'code': 'too_many_requests'}}
Failed for Trüby Trio - Donaueschingen (Peter Kruder'S Donaudampfschifffahrtsgesellschaftskapitänskajütenremix): Error code: 429 - {'error': {'message': 'Too Many Requests', 'type': 'too_many_requests', 'param': None, 'code': 'too_many_requests'}}
Failed for The Books - Motherless Bastard: Error code: 429 - {'error': {'message': 'Too Many Requests', 'type': 'too_many_requests', 'param': None, 'code': 'too_many_requests'}}
Failed for Remiss - My First Dawn Chorus: Error code: 429 - {'error': {'message': 'Too Many Requests', 'type': 'too_many_requests', 'param': None, 'code': 'too_many_requests'}}
Failed for The Hidden Cameras - Ban Marriage: Error code: 429 - {'error': {'message': 'Too Many Requests', 'type': 'too_many_requests', 'param': None, 'code': 'too_many_requests'}}
Failed for Muse - Minimum: Error code: 429 - {'error': {'message': 'Too Many Requests', 'type': 'too_many_requests', 'param': None, 'code': 'too_many_requests'}}
Failed for Sebadoh - Give Up: Error code: 429 - {'error': {'message': 'Too Many Requests', 'type': 'too_many_requests', 'param': None, 'code': 'too_many_requests'}}
Failed for Charles Mingus - Fables Of Faubus: Error code: 429 - {'error': {'message': 'Too Many Requests', 'type': 'too_many_requests', 'param': None, 'code': 'too_many_requests'}}
Failed for Stereophonics - Roll Up And Shine: Error code: 429 - {'error': {'message': 'Too Many Requests', 'type': 'too_many_requests', 'param': None, 'code': 'too_many_requests'}}
Failed for Museum - Flowers And Dust: Error code: 429 - {'error': {'message': 'Too Many Requests', 'type': 'too_many_requests', 'param': None, 'code': 'too_many_requests'}}
Failed for Booty Luv - Boogie 2Nite (Seamus Haji Big Love Remix): Error code: 429 - {'error': {'message': 'Too Many Requests', 'type': 'too_many_requests', 'param': None, 'code': 'too_many_requests'}}
Failed for The Rosebuds - Let Us Go: Error code: 429 - {'error': {'message': 'Too Many Requests', 'type': 'too_many_requests', 'param': None, 'code': 'too_many_requests'}}
Failed for Masta Ace - Da Grind (Feat. Apocalypse): Error code: 429 - {'error': {'message': 'Too Many Requests', 'type': 'too_many_requests', 'param': None, 'code': 'too_many_requests'}}
Failed for Tosca - Boss On The Boat: Error code: 429 - {'error': {'message': 'Too Many Requests', 'type': 'too_many_requests', 'param': None, 'code': 'too_many_requests'}}
Failed for Remy Zero - Gramarye: Error code: 429 - {'error': {'message': 'Too Many Requests', 'type': 'too_many_requests', 'param': None, 'code': 'too_many_requests'}}
Failed for Remiss - The Planets Below: Error code: 429 - {'error': {'message': 'Too Many Requests', 'type': 'too_many_requests', 'param': None, 'code': 'too_many_requests'}}
Failed for Angelspit - Lust Worthy: Error code: 429 - {'error': {'message': 'Too Many Requests', 'type': 'too_many_requests', 'param': None, 'code': 'too_many_requests'}}
Failed for Django Reinhardt - Minor Swing: Error code: 429 - {'error': {'message': 'Too Many Requests', 'type': 'too_many_requests', 'param': None, 'code': 'too_many_requests'}}
Failed for Zz Top - My Head'S In Mississippi: Error code: 429 - {'error': {'message': 'Too Many Requests', 'type': 'too_many_requests', 'param': None, 'code': 'too_many_requests'}}
Failed for Stereolab - Parsec: Error code: 429 - {'error': {'message': 'Too Many Requests', 'type': 'too_many_requests', 'param': None, 'code': 'too_many_requests'}}
Failed for Boozoo Bajou - Second To None: Error code: 429 - {'error': {'message': 'Too Many Requests', 'type': 'too_many_requests', 'param': None, 'code': 'too_many_requests'}}
Failed for Backstreet Boys - Get Another Boyfriend: Error code: 429 - {'error': {'message': 'Too Many Requests', 'type': 'too_many_requests', 'param': None, 'code': 'too_many_requests'}}
Failed for Death - Infernal Death: Error code: 429 - {'error': {'message': 'Too Many Requests', 'type': 'too_many_requests', 'param': None, 'code': 'too_many_requests'}}
Failed for Lumsk - I Lytinne Två: Error code: 429 - {'error': {'message': 'Too Many Requests', 'type': 'too_many_requests', 'param': None, 'code': 'too_many_requests'}}
Failed for 10Cc - The Wall Street Shuffle: Error code: 429 - {'error': {'message': 'Too Many Requests', 'type': 'too_many_requests', 'param': None, 'code': 'too_many_requests'}}
Failed for Lumsk - Hår Som Spunnid Gull: Error code: 429 - {'error': {'message': 'Too Many Requests', 'type': 'too_many_requests', 'param': None, 'code': 'too_many_requests'}}
Failed for Legowelt - Sturmvogel: Error code: 429 - {'error': {'message': 'Too Many Requests', 'type': 'too_many_requests', 'param': None, 'code': 'too_many_requests'}}
Failed for Mercenary - This Eternal Instant: Error code: 429 - {'error': {'message': 'Too Many Requests', 'type': 'too_many_requests', 'param': None, 'code': 'too_many_requests'}}
Failed for El-P - Run The Numbers: Error code: 429 - {'error': {'message': 'Too Many Requests', 'type': 'too_many_requests', 'param': None, 'code': 'too_many_requests'}}
Failed for The Wombats - School Uniforms: Error code: 429 - {'error': {'message': 'Too Many Requests', 'type': 'too_many_requests', 'param': None, 'code': 'too_many_requests'}}
Failed for The Presets - Talk Like That (Jence Remix): Error code: 429 - {'error': {'message': 'Too Many Requests', 'type': 'too_many_requests', 'param': None, 'code': 'too_many_requests'}}
Failed for As I Lay Dying - Nothing Left: Error code: 429 - {'error': {'message': 'Too Many Requests', 'type': 'too_many_requests', 'param': None, 'code': 'too_many_requests'}}
Failed for As I Lay Dying - I Never Wanted: Error code: 429 - {'error': {'message': 'Too Many Requests', 'type': 'too_many_requests', 'param': None, 'code': 'too_many_requests'}}
Failed for Bebel Gilberto - All Around: Error code: 429 - {'error': {'message': 'Too Many Requests', 'type': 'too_many_requests', 'param': None, 'code': 'too_many_requests'}}
Failed for Bob Dylan - My Back Pages: Error code: 429 - {'error': {'message': 'Too Many Requests', 'type': 'too_many_requests', 'param': None, 'code': 'too_many_requests'}}
Failed for Jes - Imagination (Kaskade Remix): Error code: 429 - {'error': {'message': 'Too Many Requests', 'type': 'too_many_requests', 'param': None, 'code': 'too_many_requests'}}
Failed for Erik Truffaz - Yasmina: Error code: 429 - {'error': {'message': 'Too Many Requests', 'type': 'too_many_requests', 'param': None, 'code': 'too_many_requests'}}
Failed for Unearth - Endless: Error code: 429 - {'error': {'message': 'Too Many Requests', 'type': 'too_many_requests', 'param': None, 'code': 'too_many_requests'}}
Failed for 黒夢 - Shounen: Error code: 429 - {'error': {'message': 'Too Many Requests', 'type': 'too_many_requests', 'param': None, 'code': 'too_many_requests'}}
Failed for Jeru The Damaja - Come Clean: Error code: 429 - {'error': {'message': 'Too Many Requests', 'type': 'too_many_requests', 'param': None, 'code': 'too_many_requests'}}
Failed for Happy Mondays - God'S Cop: Error code: 429 - {'error': {'message': 'Too Many Requests', 'type': 'too_many_requests', 'param': None, 'code': 'too_many_requests'}}
Failed for Britney Spears - E-Mail My Heart: Error code: 429 - {'error': {'message': 'Too Many Requests', 'type': 'too_many_requests', 'param': None, 'code': 'too_many_requests'}}
Failed for Menomena - Strongest Man In The World: Error code: 429 - {'error': {'message': 'Too Many Requests', 'type': 'too_many_requests', 'param': None, 'code': 'too_many_requests'}}
Failed for Melvins - Set Me Straight: Error code: 429 - {'error': {'message': 'Too Many Requests', 'type': 'too_many_requests', 'param': None, 'code': 'too_many_requests'}}
Failed for The Almost - Southern Weather: Error code: 429 - {'error': {'message': 'Too Many Requests', 'type': 'too_many_requests', 'param': None, 'code': 'too_many_requests'}}
Failed for The Almost - Amazing Because It Is: Error code: 429 - {'error': {'message': 'Too Many Requests', 'type': 'too_many_requests', 'param': None, 'code': 'too_many_requests'}}
Failed for Pearl Jam - All Or None: Error code: 429 - {'error': {'message': 'Too Many Requests', 'type': 'too_many_requests', 'param': None, 'code': 'too_many_requests'}}
Failed for The Aislers Set - Sara'S Song: Error code: 429 - {'error': {'message': 'Too Many Requests', 'type': 'too_many_requests', 'param': None, 'code': 'too_many_requests'}}
Failed for Britney Spears - Me Against The Music (The Mad Brit Mixshow): Error code: 429 - {'error': {'message': 'Too Many Requests', 'type': 'too_many_requests', 'param': None, 'code': 'too_many_requests'}}
Failed for Lee Scratch Perry - The Man Zion: Error code: 429 - {'error': {'message': 'Too Many Requests', 'type': 'too_many_requests', 'param': None, 'code': 'too_many_requests'}}
Failed for Pavement - Fin: Error code: 429 - {'error': {'message': 'Too Many Requests', 'type': 'too_many_requests', 'param': None, 'code': 'too_many_requests'}}
Failed for Mad Season - All Alone: Error code: 429 - {'error': {'message': 'Too Many Requests', 'type': 'too_many_requests', 'param': None, 'code': 'too_many_requests'}}
Failed for The Aliens - Tomorrow: Error code: 429 - {'error': {'message': 'Too Many Requests', 'type': 'too_many_requests', 'param': None, 'code': 'too_many_requests'}}
Failed for Dashboard Confessional - Hey Girl: Error code: 429 - {'error': {'message': 'Too Many Requests', 'type': 'too_many_requests', 'param': None, 'code': 'too_many_requests'}}
Failed for Machinae Supremacy - Arcade: Error code: 429 - {'error': {'message': 'Too Many Requests', 'type': 'too_many_requests', 'param': None, 'code': 'too_many_requests'}}
Failed for Satyricon - Forhekset: Error code: 429 - {'error': {'message': 'Too Many Requests', 'type': 'too_many_requests', 'param': None, 'code': 'too_many_requests'}}
Failed for The Alan Parsons Project - The Turn Of A Friendly Card: Ii. Snake Eyes: Error code: 429 - {'error': {'message': 'Too Many Requests', 'type': 'too_many_requests', 'param': None, 'code': 'too_many_requests'}}
Failed for Windir - Martyrium: Error code: 429 - {'error': {'message': 'Too Many Requests', 'type': 'too_many_requests', 'param': None, 'code': 'too_many_requests'}}
Failed for The Alan Parsons Project - The Turn Of A Friendly Card: Iii. The Ace Of Swords: Error code: 429 - {'error': {'message': 'Too Many Requests', 'type': 'too_many_requests', 'param': None, 'code': 'too_many_requests'}}
Failed for Alif Tree - Forgotten Places: Error code: 429 - {'error': {'message': 'Too Many Requests', 'type': 'too_many_requests', 'param': None, 'code': 'too_many_requests'}}
Failed for The Aliens - Honest Again: Error code: 429 - {'error': {'message': 'Too Many Requests', 'type': 'too_many_requests', 'param': None, 'code': 'too_many_requests'}}
Failed for Toni Basil - Hey Mickey: Error code: 429 - {'error': {'message': 'Too Many Requests', 'type': 'too_many_requests', 'param': None, 'code': 'too_many_requests'}}
Failed for The Aliens - She Don'T Love Me No More: Error code: 429 - {'error': {'message': 'Too Many Requests', 'type': 'too_many_requests', 'param': None, 'code': 'too_many_requests'}}
Failed for Saturday Looks Good To Me - All Over Town: Error code: 429 - {'error': {'message': 'Too Many Requests', 'type': 'too_many_requests', 'param': None, 'code': 'too_many_requests'}}
Failed for Amon Amarth - The Hero: Error code: 429 - {'error': {'message': 'Too Many Requests', 'type': 'too_many_requests', 'param': None, 'code': 'too_many_requests'}}
Failed for Jesca Hoop - Money: Error code: 429 - {'error': {'message': 'Too Many Requests', 'type': 'too_many_requests', 'param': None, 'code': 'too_many_requests'}}
Failed for Norther - Released: Error code: 429 - {'error': {'message': 'Too Many Requests', 'type': 'too_many_requests', 'param': None, 'code': 'too_many_requests'}}
Failed for Norther - Nothing Left: Error code: 429 - {'error': {'message': 'Too Many Requests', 'type': 'too_many_requests', 'param': None, 'code': 'too_many_requests'}}
2100/2988 done
Failed for Norther - Victorious One: Error code: 429 - {'error': {'message': 'Too Many Requests', 'type': 'too_many_requests', 'param': None, 'code': 'too_many_requests'}}
Failed for Bebe - Razones: Error code: 429 - {'error': {'message': 'Too Many Requests', 'type': 'too_many_requests', 'param': None, 'code': 'too_many_requests'}}
Failed for Norther - Evil Ladies: Error code: 429 - {'error': {'message': 'Too Many Requests', 'type': 'too_many_requests', 'param': None, 'code': 'too_many_requests'}}
Failed for Prince - Darling Nikki: Error code: 429 - {'error': {'message': 'Too Many Requests', 'type': 'too_many_requests', 'param': None, 'code': 'too_many_requests'}}
Failed for System Of A Down - Inner Vision: Error code: 429 - {'error': {'message': 'Too Many Requests', 'type': 'too_many_requests', 'param': None, 'code': 'too_many_requests'}}
Failed for Depeche Mode - Pipeline: Error code: 429 - {'error': {'message': 'Too Many Requests', 'type': 'too_many_requests', 'param': None, 'code': 'too_many_requests'}}
Failed for Vanessa Carlton - Who'S To Say: Error code: 429 - {'error': {'message': 'Too Many Requests', 'type': 'too_many_requests', 'param': None, 'code': 'too_many_requests'}}
Failed for Britney Spears - Girl In The Mirror: Error code: 429 - {'error': {'message': 'Too Many Requests', 'type': 'too_many_requests', 'param': None, 'code': 'too_many_requests'}}
Failed for Anti-Nowhere League - So What: Error code: 429 - {'error': {'message': 'Too Many Requests', 'type': 'too_many_requests', 'param': None, 'code': 'too_many_requests'}}
Failed for Snow Patrol - When I Get Home For Christmas: Error code: 429 - {'error': {'message': 'Too Many Requests', 'type': 'too_many_requests', 'param': None, 'code': 'too_many_requests'}}
Failed for Jesse L. Martin / Wilson Jermaine Heredia - I'Ll Cover You: Error code: 429 - {'error': {'message': 'Too Many Requests', 'type': 'too_many_requests', 'param': None, 'code': 'too_many_requests'}}
Failed for Norther - Dream: Error code: 429 - {'error': {'message': 'Too Many Requests', 'type': 'too_many_requests', 'param': None, 'code': 'too_many_requests'}}
Failed for Norther - Deep Inside: Error code: 429 - {'error': {'message': 'Too Many Requests', 'type': 'too_many_requests', 'param': None, 'code': 'too_many_requests'}}
Failed for Blackmore'S Night - Benzai-Ten: Error code: 429 - {'error': {'message': 'Too Many Requests', 'type': 'too_many_requests', 'param': None, 'code': 'too_many_requests'}}
Failed for Blackmore'S Night - Cartouche: Error code: 429 - {'error': {'message': 'Too Many Requests', 'type': 'too_many_requests', 'param': None, 'code': 'too_many_requests'}}
Failed for Bob Dylan - Summer Days: Error code: 429 - {'error': {'message': 'Too Many Requests', 'type': 'too_many_requests', 'param': None, 'code': 'too_many_requests'}}
Failed for Shalabi Effect - Aim At Me: Error code: 429 - {'error': {'message': 'Too Many Requests', 'type': 'too_many_requests', 'param': None, 'code': 'too_many_requests'}}
Failed for Shakira - Vuelve: Error code: 429 - {'error': {'message': 'Too Many Requests', 'type': 'too_many_requests', 'param': None, 'code': 'too_many_requests'}}
Failed for Jerk - Sucked In: Error code: 429 - {'error': {'message': 'Too Many Requests', 'type': 'too_many_requests', 'param': None, 'code': 'too_many_requests'}}
Failed for Happy Rhodes - Roy (Back From The Offworld): Error code: 429 - {'error': {'message': 'Too Many Requests', 'type': 'too_many_requests', 'param': None, 'code': 'too_many_requests'}}
Failed for Nouvelle Vague - A Forest (The Cure): Error code: 429 - {'error': {'message': 'Too Many Requests', 'type': 'too_many_requests', 'param': None, 'code': 'too_many_requests'}}
Failed for Noumena - All Veiled: Error code: 429 - {'error': {'message': 'Too Many Requests', 'type': 'too_many_requests', 'param': None, 'code': 'too_many_requests'}}
Failed for Jeru The Damaja - D Original: Error code: 429 - {'error': {'message': 'Too Many Requests', 'type': 'too_many_requests', 'param': None, 'code': 'too_many_requests'}}
Failed for The Cribs - Things Aren'T Gonna Change: Error code: 429 - {'error': {'message': 'Too Many Requests', 'type': 'too_many_requests', 'param': None, 'code': 'too_many_requests'}}
Failed for Ayria - Infiltrating My Way Through The System: Error code: 429 - {'error': {'message': 'Too Many Requests', 'type': 'too_many_requests', 'param': None, 'code': 'too_many_requests'}}
Failed for System Of A Down - Marmalade: Error code: 429 - {'error': {'message': 'Too Many Requests', 'type': 'too_many_requests', 'param': None, 'code': 'too_many_requests'}}
Failed for Zz Top - Jesus Just Left Chicago: Error code: 429 - {'error': {'message': 'Too Many Requests', 'type': 'too_many_requests', 'param': None, 'code': 'too_many_requests'}}
Failed for Karl Blau - The Business: Error code: 429 - {'error': {'message': 'Too Many Requests', 'type': 'too_many_requests', 'param': None, 'code': 'too_many_requests'}}
Failed for Muse - Glorious (Japanese Bonus Track): Error code: 429 - {'error': {'message': 'Too Many Requests', 'type': 'too_many_requests', 'param': None, 'code': 'too_many_requests'}}
Failed for Toru Okada - Fields Burn Golden: Error code: 429 - {'error': {'message': 'Too Many Requests', 'type': 'too_many_requests', 'param': None, 'code': 'too_many_requests'}}
Failed for Muse - Con-Science: Error code: 429 - {'error': {'message': 'Too Many Requests', 'type': 'too_many_requests', 'param': None, 'code': 'too_many_requests'}}
Failed for Murderdolls - Love At First Fright: Error code: 429 - {'error': {'message': 'Too Many Requests', 'type': 'too_many_requests', 'param': None, 'code': 'too_many_requests'}}
Failed for Zz Top - Velcro Fly: Error code: 429 - {'error': {'message': 'Too Many Requests', 'type': 'too_many_requests', 'param': None, 'code': 'too_many_requests'}}
Failed for Ulrich Schnauss - Nothing Happens In June: Error code: 429 - {'error': {'message': 'Too Many Requests', 'type': 'too_many_requests', 'param': None, 'code': 'too_many_requests'}}
Failed for Muse - Glorious (Bonus Track): Error code: 429 - {'error': {'message': 'Too Many Requests', 'type': 'too_many_requests', 'param': None, 'code': 'too_many_requests'}}
Failed for Gillian Welch - Red Clay Halo: Error code: 429 - {'error': {'message': 'Too Many Requests', 'type': 'too_many_requests', 'param': None, 'code': 'too_many_requests'}}
Failed for Sleater-Kinney - The Last Song: Error code: 429 - {'error': {'message': 'Too Many Requests', 'type': 'too_many_requests', 'param': None, 'code': 'too_many_requests'}}
Failed for Feel - Paul: Error code: 429 - {'error': {'message': 'Too Many Requests', 'type': 'too_many_requests', 'param': None, 'code': 'too_many_requests'}}
Failed for Sebadoh - Drama Mine: Error code: 429 - {'error': {'message': 'Too Many Requests', 'type': 'too_many_requests', 'param': None, 'code': 'too_many_requests'}}
Failed for Gilles Peterson - Mario Basanov & Vidis ‘Test’: Error code: 429 - {'error': {'message': 'Too Many Requests', 'type': 'too_many_requests', 'param': None, 'code': 'too_many_requests'}}
Failed for Feel - Ale Kiedy Przy Mnie Śpisz: Error code: 429 - {'error': {'message': 'Too Many Requests', 'type': 'too_many_requests', 'param': None, 'code': 'too_many_requests'}}
Failed for Stereolab - Olv 26: Error code: 429 - {'error': {'message': 'Too Many Requests', 'type': 'too_many_requests', 'param': None, 'code': 'too_many_requests'}}
Failed for The Rosebuds - Hold On To This Coat: Error code: 429 - {'error': {'message': 'Too Many Requests', 'type': 'too_many_requests', 'param': None, 'code': 'too_many_requests'}}
Failed for Stereophonics - Watch Them Fly Sundays: Error code: 429 - {'error': {'message': 'Too Many Requests', 'type': 'too_many_requests', 'param': None, 'code': 'too_many_requests'}}
Failed for Mutya Buena - B Boy Baby: Error code: 429 - {'error': {'message': 'Too Many Requests', 'type': 'too_many_requests', 'param': None, 'code': 'too_many_requests'}}
Failed for 2Wo - I Am A Pig: Error code: 429 - {'error': {'message': 'Too Many Requests', 'type': 'too_many_requests', 'param': None, 'code': 'too_many_requests'}}
Failed for The Herbaliser - Put It On Tape: Error code: 429 - {'error': {'message': 'Too Many Requests', 'type': 'too_many_requests', 'param': None, 'code': 'too_many_requests'}}
Failed for Gillian Welch - My First Lover: Error code: 429 - {'error': {'message': 'Too Many Requests', 'type': 'too_many_requests', 'param': None, 'code': 'too_many_requests'}}
Failed for The Herbaliser - Mr. Chombee Has The Flaw: Error code: 429 - {'error': {'message': 'Too Many Requests', 'type': 'too_many_requests', 'param': None, 'code': 'too_many_requests'}}
Failed for Alaska In Winter - Close Your Eyes - We Are Blind: Error code: 429 - {'error': {'message': 'Too Many Requests', 'type': 'too_many_requests', 'param': None, 'code': 'too_many_requests'}}
Failed for Death - Jealousy: Error code: 429 - {'error': {'message': 'Too Many Requests', 'type': 'too_many_requests', 'param': None, 'code': 'too_many_requests'}}
Failed for Death - Cosmic Sea: Error code: 429 - {'error': {'message': 'Too Many Requests', 'type': 'too_many_requests', 'param': None, 'code': 'too_many_requests'}}
Failed for White Zombie - Black Sunshine: Error code: 429 - {'error': {'message': 'Too Many Requests', 'type': 'too_many_requests', 'param': None, 'code': 'too_many_requests'}}
Failed for Him - It'S All Tears (Drown In This Love): Error code: 429 - {'error': {'message': 'Too Many Requests', 'type': 'too_many_requests', 'param': None, 'code': 'too_many_requests'}}
Failed for White Zombie - Super-Charger Heaven: Error code: 429 - {'error': {'message': 'Too Many Requests', 'type': 'too_many_requests', 'param': None, 'code': 'too_many_requests'}}
Failed for Remiss - You Can'T Get It Back: Error code: 429 - {'error': {'message': 'Too Many Requests', 'type': 'too_many_requests', 'param': None, 'code': 'too_many_requests'}}
Failed for Pitchshifter - Genius: Error code: 429 - {'error': {'message': 'Too Many Requests', 'type': 'too_many_requests', 'param': None, 'code': 'too_many_requests'}}
Failed for Cute Is What We Aim For - Finger Twist & Split: Error code: 429 - {'error': {'message': 'Too Many Requests', 'type': 'too_many_requests', 'param': None, 'code': 'too_many_requests'}}
Failed for Relient K - I Need You: Error code: 429 - {'error': {'message': 'Too Many Requests', 'type': 'too_many_requests', 'param': None, 'code': 'too_many_requests'}}
Failed for Reik - Yo Quisiera: Error code: 429 - {'error': {'message': 'Too Many Requests', 'type': 'too_many_requests', 'param': None, 'code': 'too_many_requests'}}
Failed for Booty Luv - Shine (Radio Edit): Error code: 429 - {'error': {'message': 'Too Many Requests', 'type': 'too_many_requests', 'param': None, 'code': 'too_many_requests'}}
Failed for Kat Deluna - Whine Up (Feat. Elephant Man): Error code: 429 - {'error': {'message': 'Too Many Requests', 'type': 'too_many_requests', 'param': None, 'code': 'too_many_requests'}}
Failed for Elvis Costello - No Action: Error code: 429 - {'error': {'message': 'Too Many Requests', 'type': 'too_many_requests', 'param': None, 'code': 'too_many_requests'}}
Failed for Hilary Duff - Sweet Sixteen: Error code: 429 - {'error': {'message': 'Too Many Requests', 'type': 'too_many_requests', 'param': None, 'code': 'too_many_requests'}}
Failed for Black Moth Super Rainbow - I Think It Is Beautiful That You Are 256 Colors Too: Error code: 429 - {'error': {'message': 'Too Many Requests', 'type': 'too_many_requests', 'param': None, 'code': 'too_many_requests'}}
Failed for Arcturus - Hufsa: Error code: 429 - {'error': {'message': 'Too Many Requests', 'type': 'too_many_requests', 'param': None, 'code': 'too_many_requests'}}
Failed for Enya - From Where I Am: Error code: 429 - {'error': {'message': 'Too Many Requests', 'type': 'too_many_requests', 'param': None, 'code': 'too_many_requests'}}
Failed for Arcturus - Du Nordavind: Error code: 429 - {'error': {'message': 'Too Many Requests', 'type': 'too_many_requests', 'param': None, 'code': 'too_many_requests'}}
Failed for Lumsk - Skomegyvri: Error code: 429 - {'error': {'message': 'Too Many Requests', 'type': 'too_many_requests', 'param': None, 'code': 'too_many_requests'}}
Failed for Jack'S Mannequin - American Love: Error code: 429 - {'error': {'message': 'Too Many Requests', 'type': 'too_many_requests', 'param': None, 'code': 'too_many_requests'}}
Failed for Stereolab - Eye Of The Volcano: Error code: 429 - {'error': {'message': 'Too Many Requests', 'type': 'too_many_requests', 'param': None, 'code': 'too_many_requests'}}
Failed for The Hold Steady - Multitude Of Casualties: Error code: 429 - {'error': {'message': 'Too Many Requests', 'type': 'too_many_requests', 'param': None, 'code': 'too_many_requests'}}
Failed for The Hold Steady - Hornets! Hornets!: Error code: 429 - {'error': {'message': 'Too Many Requests', 'type': 'too_many_requests', 'param': None, 'code': 'too_many_requests'}}
Failed for Repo! The Genetic Opera - Bravi!: Error code: 429 - {'error': {'message': 'Too Many Requests', 'type': 'too_many_requests', 'param': None, 'code': 'too_many_requests'}}
Failed for Repo! The Genetic Opera - Chase The Morning: Error code: 429 - {'error': {'message': 'Too Many Requests', 'type': 'too_many_requests', 'param': None, 'code': 'too_many_requests'}}
Failed for Death - Mutilation: Error code: 429 - {'error': {'message': 'Too Many Requests', 'type': 'too_many_requests', 'param': None, 'code': 'too_many_requests'}}
Failed for Repo! The Genetic Opera - Thankless Job: Error code: 429 - {'error': {'message': 'Too Many Requests', 'type': 'too_many_requests', 'param': None, 'code': 'too_many_requests'}}
Failed for Repo! The Genetic Opera - Infected: Error code: 429 - {'error': {'message': 'Too Many Requests', 'type': 'too_many_requests', 'param': None, 'code': 'too_many_requests'}}
Failed for Stereolab - Margerine Rock: Error code: 429 - {'error': {'message': 'Too Many Requests', 'type': 'too_many_requests', 'param': None, 'code': 'too_many_requests'}}
Failed for Kashmir - The Aftermath: Error code: 429 - {'error': {'message': 'Too Many Requests', 'type': 'too_many_requests', 'param': None, 'code': 'too_many_requests'}}
Failed for The Hold Steady - Stevie Nix: Error code: 429 - {'error': {'message': 'Too Many Requests', 'type': 'too_many_requests', 'param': None, 'code': 'too_many_requests'}}
Failed for Lisa Andreas - Stronger Every Minute (Cyprus): Error code: 429 - {'error': {'message': 'Too Many Requests', 'type': 'too_many_requests', 'param': None, 'code': 'too_many_requests'}}
Failed for Kaskade - I Like The Way: Error code: 429 - {'error': {'message': 'Too Many Requests', 'type': 'too_many_requests', 'param': None, 'code': 'too_many_requests'}}
Failed for The Hold Steady - Charlemagne In Sweatpants: Error code: 429 - {'error': {'message': 'Too Many Requests', 'type': 'too_many_requests', 'param': None, 'code': 'too_many_requests'}}
Failed for The Hold Steady - Positive Jam: Error code: 429 - {'error': {'message': 'Too Many Requests', 'type': 'too_many_requests', 'param': None, 'code': 'too_many_requests'}}
Failed for Beth Orton - Couldn'T Cause Me Harm: Error code: 429 - {'error': {'message': 'Too Many Requests', 'type': 'too_many_requests', 'param': None, 'code': 'too_many_requests'}}
Failed for The Warlocks - Stickman Blues: Error code: 429 - {'error': {'message': 'Too Many Requests', 'type': 'too_many_requests', 'param': None, 'code': 'too_many_requests'}}
Failed for Katatonia - Strained: Error code: 429 - {'error': {'message': 'Too Many Requests', 'type': 'too_many_requests', 'param': None, 'code': 'too_many_requests'}}
Failed for Sleep - Dragonaut: Error code: 429 - {'error': {'message': 'Too Many Requests', 'type': 'too_many_requests', 'param': None, 'code': 'too_many_requests'}}
Failed for Masta Killa - Whatever: Error code: 429 - {'error': {'message': 'Too Many Requests', 'type': 'too_many_requests', 'param': None, 'code': 'too_many_requests'}}
Failed for Reverend And The Makers - Bandits: Error code: 429 - {'error': {'message': 'Too Many Requests', 'type': 'too_many_requests', 'param': None, 'code': 'too_many_requests'}}
Failed for Black Lips - Veni Vidi Vici (Diplo Remix): Error code: 429 - {'error': {'message': 'Too Many Requests', 'type': 'too_many_requests', 'param': None, 'code': 'too_many_requests'}}
Failed for Ghostland Observatory - Midnight Voyage: Error code: 429 - {'error': {'message': 'Too Many Requests', 'type': 'too_many_requests', 'param': None, 'code': 'too_many_requests'}}
Failed for Do Make Say Think - In Mind: Error code: 429 - {'error': {'message': 'Too Many Requests', 'type': 'too_many_requests', 'param': None, 'code': 'too_many_requests'}}
Failed for Shinedown - Left Out: Error code: 429 - {'error': {'message': 'Too Many Requests', 'type': 'too_many_requests', 'param': None, 'code': 'too_many_requests'}}
Failed for Luna Amară - Luni De Fiere: Error code: 429 - {'error': {'message': 'Too Many Requests', 'type': 'too_many_requests', 'param': None, 'code': 'too_many_requests'}}
Failed for Evanescence - Understanding (Sound Asleep Version): Error code: 429 - {'error': {'message': 'Too Many Requests', 'type': 'too_many_requests', 'param': None, 'code': 'too_many_requests'}}
2200/2988 done
Failed for The Unicorns - I Do (It): Error code: 429 - {'error': {'message': 'Too Many Requests', 'type': 'too_many_requests', 'param': None, 'code': 'too_many_requests'}}
Failed for Alaska In Winter - Your Red Dress (Wedding Song At Cemetery): Error code: 429 - {'error': {'message': 'Too Many Requests', 'type': 'too_many_requests', 'param': None, 'code': 'too_many_requests'}}
Failed for Cynic - Textures: Error code: 429 - {'error': {'message': 'Too Many Requests', 'type': 'too_many_requests', 'param': None, 'code': 'too_many_requests'}}
Failed for Katatonia - In Silence Enshrined: Error code: 429 - {'error': {'message': 'Too Many Requests', 'type': 'too_many_requests', 'param': None, 'code': 'too_many_requests'}}
Failed for Dntel - Life Is Full Of Possibilities: Error code: 429 - {'error': {'message': 'Too Many Requests', 'type': 'too_many_requests', 'param': None, 'code': 'too_many_requests'}}
Failed for Rescue The Astronauts - Skirts: Error code: 429 - {'error': {'message': 'Too Many Requests', 'type': 'too_many_requests', 'param': None, 'code': 'too_many_requests'}}
Failed for Katatonia - 12: Error code: 429 - {'error': {'message': 'Too Many Requests', 'type': 'too_many_requests', 'param': None, 'code': 'too_many_requests'}}
Failed for Cypress Hill - 3 Lil' Putos: Error code: 429 - {'error': {'message': 'Too Many Requests', 'type': 'too_many_requests', 'param': None, 'code': 'too_many_requests'}}
Failed for Alter Bridge - One Day Remains: Error code: 429 - {'error': {'message': 'Too Many Requests', 'type': 'too_many_requests', 'param': None, 'code': 'too_many_requests'}}
Failed for Ted Leo And The Pharmacists - Army Bound: Error code: 429 - {'error': {'message': 'Too Many Requests', 'type': 'too_many_requests', 'param': None, 'code': 'too_many_requests'}}
Failed for Ted Leo And The Pharmacists - Fourth World War: Error code: 429 - {'error': {'message': 'Too Many Requests', 'type': 'too_many_requests', 'param': None, 'code': 'too_many_requests'}}
Failed for Enya - Pilgrim: Error code: 429 - {'error': {'message': 'Too Many Requests', 'type': 'too_many_requests', 'param': None, 'code': 'too_many_requests'}}
Failed for Arctic Monkeys - Plastic Tramp: Error code: 429 - {'error': {'message': 'Too Many Requests', 'type': 'too_many_requests', 'param': None, 'code': 'too_many_requests'}}
Failed for The Roots - Clock With No Hands: Error code: 429 - {'error': {'message': 'Too Many Requests', 'type': 'too_many_requests', 'param': None, 'code': 'too_many_requests'}}
Failed for Feindflug - Stukas Im Visier: Error code: 429 - {'error': {'message': 'Too Many Requests', 'type': 'too_many_requests', 'param': None, 'code': 'too_many_requests'}}
Failed for Feindflug - Blutorgel: Error code: 429 - {'error': {'message': 'Too Many Requests', 'type': 'too_many_requests', 'param': None, 'code': 'too_many_requests'}}
Failed for Stereolab - ...Sudden Stars: Error code: 429 - {'error': {'message': 'Too Many Requests', 'type': 'too_many_requests', 'param': None, 'code': 'too_many_requests'}}
Failed for Viikate - Sylvian Joululaulu: Error code: 429 - {'error': {'message': 'Too Many Requests', 'type': 'too_many_requests', 'param': None, 'code': 'too_many_requests'}}
Failed for Rescue The Astronauts - Nothing To Say: Error code: 429 - {'error': {'message': 'Too Many Requests', 'type': 'too_many_requests', 'param': None, 'code': 'too_many_requests'}}
Failed for The Hood Internet - Absorb The Lipgloss (Lil Mama Vs. Marnie Stern): Error code: 429 - {'error': {'message': 'Too Many Requests', 'type': 'too_many_requests', 'param': None, 'code': 'too_many_requests'}}
Failed for Beth Orton - Stars All Seem To Weep: Error code: 429 - {'error': {'message': 'Too Many Requests', 'type': 'too_many_requests', 'param': None, 'code': 'too_many_requests'}}
Failed for Kate Bush - Never Be Mine: Error code: 429 - {'error': {'message': 'Too Many Requests', 'type': 'too_many_requests', 'param': None, 'code': 'too_many_requests'}}
Failed for Mulatu Astatqé - Yegelle Tezeta: Error code: 429 - {'error': {'message': 'Too Many Requests', 'type': 'too_many_requests', 'param': None, 'code': 'too_many_requests'}}
Failed for Mulatu Astatqé - Yekermo Sew: Error code: 429 - {'error': {'message': 'Too Many Requests', 'type': 'too_many_requests', 'param': None, 'code': 'too_many_requests'}}
Failed for Do Make Say Think - Executioner Blues: Error code: 429 - {'error': {'message': 'Too Many Requests', 'type': 'too_many_requests', 'param': None, 'code': 'too_many_requests'}}
Failed for Do Make Say Think - Bruce E Kinesis: Error code: 429 - {'error': {'message': 'Too Many Requests', 'type': 'too_many_requests', 'param': None, 'code': 'too_many_requests'}}
Failed for Kate Bush - The Wedding List: Error code: 429 - {'error': {'message': 'Too Many Requests', 'type': 'too_many_requests', 'param': None, 'code': 'too_many_requests'}}
Failed for Kate Bush - The Kick Inside: Error code: 429 - {'error': {'message': 'Too Many Requests', 'type': 'too_many_requests', 'param': None, 'code': 'too_many_requests'}}
Failed for The Hellacopters - No Salvation: Error code: 429 - {'error': {'message': 'Too Many Requests', 'type': 'too_many_requests', 'param': None, 'code': 'too_many_requests'}}
Failed for Mujuice - Кристаллы Не Плачут: Error code: 429 - {'error': {'message': 'Too Many Requests', 'type': 'too_many_requests', 'param': None, 'code': 'too_many_requests'}}
Failed for My American Heart - The Process: Error code: 429 - {'error': {'message': 'Too Many Requests', 'type': 'too_many_requests', 'param': None, 'code': 'too_many_requests'}}
Failed for The Hellacopters - Turn The Wrong Key: Error code: 429 - {'error': {'message': 'Too Many Requests', 'type': 'too_many_requests', 'param': None, 'code': 'too_many_requests'}}
Failed for My Bloody Valentine - (Please) Lose Yourself In Me: Error code: 429 - {'error': {'message': 'Too Many Requests', 'type': 'too_many_requests', 'param': None, 'code': 'too_many_requests'}}
Failed for Otis Rush - I Can'T Quit You Baby: Error code: 429 - {'error': {'message': 'Too Many Requests', 'type': 'too_many_requests', 'param': None, 'code': 'too_many_requests'}}
Failed for The Hoosiers - Cops And Robbers: Error code: 429 - {'error': {'message': 'Too Many Requests', 'type': 'too_many_requests', 'param': None, 'code': 'too_many_requests'}}
Failed for Dntel - The Distance (Feat. Arthur & Yu): Error code: 429 - {'error': {'message': 'Too Many Requests', 'type': 'too_many_requests', 'param': None, 'code': 'too_many_requests'}}
Failed for Do Make Say Think - Outer Inner & Secret: Error code: 429 - {'error': {'message': 'Too Many Requests', 'type': 'too_many_requests', 'param': None, 'code': 'too_many_requests'}}
Failed for Massive Attack - Opening Title: Error code: 429 - {'error': {'message': 'Too Many Requests', 'type': 'too_many_requests', 'param': None, 'code': 'too_many_requests'}}
Failed for Feeder - Silent Cry: Error code: 429 - {'error': {'message': 'Too Many Requests', 'type': 'too_many_requests', 'param': None, 'code': 'too_many_requests'}}
Failed for Feeder - Radioman: Error code: 429 - {'error': {'message': 'Too Many Requests', 'type': 'too_many_requests', 'param': None, 'code': 'too_many_requests'}}
Failed for Massive Attack - P Is For Piano: Error code: 429 - {'error': {'message': 'Too Many Requests', 'type': 'too_many_requests', 'param': None, 'code': 'too_many_requests'}}
Failed for Attack In Black - You'Re Such An Only Child: Error code: 429 - {'error': {'message': 'Too Many Requests', 'type': 'too_many_requests', 'param': None, 'code': 'too_many_requests'}}
Failed for Regina Spektor - Baobabs: Error code: 429 - {'error': {'message': 'Too Many Requests', 'type': 'too_many_requests', 'param': None, 'code': 'too_many_requests'}}
Failed for The Hellacopters - It'S Good But It Just Ain'T Right: Error code: 429 - {'error': {'message': 'Too Many Requests', 'type': 'too_many_requests', 'param': None, 'code': 'too_many_requests'}}
Failed for Ville Valo - Paratiisi: Error code: 429 - {'error': {'message': 'Too Many Requests', 'type': 'too_many_requests', 'param': None, 'code': 'too_many_requests'}}
Failed for Girl Talk - Touch 2 Feel: Error code: 429 - {'error': {'message': 'Too Many Requests', 'type': 'too_many_requests', 'param': None, 'code': 'too_many_requests'}}
Failed for Charlie Feathers - Can'T Hardly Stand It: Error code: 429 - {'error': {'message': 'Too Many Requests', 'type': 'too_many_requests', 'param': None, 'code': 'too_many_requests'}}
Failed for Charlie Parker - Now'S The Time: Error code: 429 - {'error': {'message': 'Too Many Requests', 'type': 'too_many_requests', 'param': None, 'code': 'too_many_requests'}}
Failed for Regina Spektor - Another Town: Error code: 429 - {'error': {'message': 'Too Many Requests', 'type': 'too_many_requests', 'param': None, 'code': 'too_many_requests'}}
Failed for Gipsy Kings - Volare (Nel Blu Dipinto Di Blu): Error code: 429 - {'error': {'message': 'Too Many Requests', 'type': 'too_many_requests', 'param': None, 'code': 'too_many_requests'}}
Failed for Bestial War - Evil Force To Kill: Error code: 429 - {'error': {'message': 'Too Many Requests', 'type': 'too_many_requests', 'param': None, 'code': 'too_many_requests'}}
Failed for The Hellacopters - Blinded By The Light: Error code: 429 - {'error': {'message': 'Too Many Requests', 'type': 'too_many_requests', 'param': None, 'code': 'too_many_requests'}}
Failed for The Hellacopters - Crimson Ballroom: Error code: 429 - {'error': {'message': 'Too Many Requests', 'type': 'too_many_requests', 'param': None, 'code': 'too_many_requests'}}
Failed for Zoot Woman - Taken It All: Error code: 429 - {'error': {'message': 'Too Many Requests', 'type': 'too_many_requests', 'param': None, 'code': 'too_many_requests'}}
Failed for My Brightest Diamond - If I Were Queen: Error code: 429 - {'error': {'message': 'Too Many Requests', 'type': 'too_many_requests', 'param': None, 'code': 'too_many_requests'}}
Failed for Dj Shadow - Keep Em Close (Feat. Nump): Error code: 429 - {'error': {'message': 'Too Many Requests', 'type': 'too_many_requests', 'param': None, 'code': 'too_many_requests'}}
Failed for The Ruby Suns - Kenya Dig It?: Error code: 429 - {'error': {'message': 'Too Many Requests', 'type': 'too_many_requests', 'param': None, 'code': 'too_many_requests'}}
Failed for Refused - The Apollo Programme Was A Hoax: Error code: 429 - {'error': {'message': 'Too Many Requests', 'type': 'too_many_requests', 'param': None, 'code': 'too_many_requests'}}
Failed for Girls Aloud - Girl Overboard: Error code: 429 - {'error': {'message': 'Too Many Requests', 'type': 'too_many_requests', 'param': None, 'code': 'too_many_requests'}}
Failed for Mahogany - The Mystique Of The Locomotive: Error code: 429 - {'error': {'message': 'Too Many Requests', 'type': 'too_many_requests', 'param': None, 'code': 'too_many_requests'}}
Failed for Whitesnake - Standing In The Shadow: Error code: 429 - {'error': {'message': 'Too Many Requests', 'type': 'too_many_requests', 'param': None, 'code': 'too_many_requests'}}
Failed for Cut Off Your Hands - Expectations: Error code: 429 - {'error': {'message': 'Too Many Requests', 'type': 'too_many_requests', 'param': None, 'code': 'too_many_requests'}}
Failed for Jaco Pastorius - Continuum: Error code: 429 - {'error': {'message': 'Too Many Requests', 'type': 'too_many_requests', 'param': None, 'code': 'too_many_requests'}}
Failed for Oscar Peterson - Nuages: Error code: 429 - {'error': {'message': 'Too Many Requests', 'type': 'too_many_requests', 'param': None, 'code': 'too_many_requests'}}
Failed for Pixies - Alison: Error code: 429 - {'error': {'message': 'Too Many Requests', 'type': 'too_many_requests', 'param': None, 'code': 'too_many_requests'}}
Failed for Baccara - Yes Sir I Can Boogie: Error code: 429 - {'error': {'message': 'Too Many Requests', 'type': 'too_many_requests', 'param': None, 'code': 'too_many_requests'}}
Failed for Death Cab For Cutie - Flustered/Hey Tomcat!: Error code: 429 - {'error': {'message': 'Too Many Requests', 'type': 'too_many_requests', 'param': None, 'code': 'too_many_requests'}}
Failed for Bacilos - Caraluna: Error code: 429 - {'error': {'message': 'Too Many Requests', 'type': 'too_many_requests', 'param': None, 'code': 'too_many_requests'}}
Failed for Pitty - Na Sua Estante: Error code: 429 - {'error': {'message': 'Too Many Requests', 'type': 'too_many_requests', 'param': None, 'code': 'too_many_requests'}}
Failed for Ghostface Killah - Beauty Jackson: Error code: 429 - {'error': {'message': 'Too Many Requests', 'type': 'too_many_requests', 'param': None, 'code': 'too_many_requests'}}
Failed for The Human League - Darkness: Error code: 429 - {'error': {'message': 'Too Many Requests', 'type': 'too_many_requests', 'param': None, 'code': 'too_many_requests'}}
Failed for Mujuice - Extra Enough!: Error code: 429 - {'error': {'message': 'Too Many Requests', 'type': 'too_many_requests', 'param': None, 'code': 'too_many_requests'}}
Failed for Hird - Love Again: Error code: 429 - {'error': {'message': 'Too Many Requests', 'type': 'too_many_requests', 'param': None, 'code': 'too_many_requests'}}
Failed for High Places - Shared Islands: Error code: 429 - {'error': {'message': 'Too Many Requests', 'type': 'too_many_requests', 'param': None, 'code': 'too_many_requests'}}
Failed for Pitty - Anacrônico: Error code: 429 - {'error': {'message': 'Too Many Requests', 'type': 'too_many_requests', 'param': None, 'code': 'too_many_requests'}}
Failed for Bat For Lashes - I'M On Fire: Error code: 429 - {'error': {'message': 'Too Many Requests', 'type': 'too_many_requests', 'param': None, 'code': 'too_many_requests'}}
Failed for The Hot Puppies - Green Eyeliner: Error code: 429 - {'error': {'message': 'Too Many Requests', 'type': 'too_many_requests', 'param': None, 'code': 'too_many_requests'}}
Failed for Cut Off Your Hands - Blue On Blue: Error code: 429 - {'error': {'message': 'Too Many Requests', 'type': 'too_many_requests', 'param': None, 'code': 'too_many_requests'}}
Failed for Kate Bush - Violin: Error code: 429 - {'error': {'message': 'Too Many Requests', 'type': 'too_many_requests', 'param': None, 'code': 'too_many_requests'}}
Failed for Kate Bush - The Red Shoes: Error code: 429 - {'error': {'message': 'Too Many Requests', 'type': 'too_many_requests', 'param': None, 'code': 'too_many_requests'}}
Failed for Ghostface Killah - Nutmeg: Error code: 429 - {'error': {'message': 'Too Many Requests', 'type': 'too_many_requests', 'param': None, 'code': 'too_many_requests'}}
Failed for Viikate - Kurjat Kurjet: Error code: 429 - {'error': {'message': 'Too Many Requests', 'type': 'too_many_requests', 'param': None, 'code': 'too_many_requests'}}
Failed for Viikate - Kaunis Kotkan Käsi: Error code: 429 - {'error': {'message': 'Too Many Requests', 'type': 'too_many_requests', 'param': None, 'code': 'too_many_requests'}}
Failed for Tosca - Gute Laune: Error code: 429 - {'error': {'message': 'Too Many Requests', 'type': 'too_many_requests', 'param': None, 'code': 'too_many_requests'}}
Failed for Other Men - Indiscriminate Proposals Of Little Mercy: Error code: 429 - {'error': {'message': 'Too Many Requests', 'type': 'too_many_requests', 'param': None, 'code': 'too_many_requests'}}
Failed for High School Musical Cast - I Want It All: Error code: 429 - {'error': {'message': 'Too Many Requests', 'type': 'too_many_requests', 'param': None, 'code': 'too_many_requests'}}
Failed for Ceremony - Throwing Bricks: Error code: 429 - {'error': {'message': 'Too Many Requests', 'type': 'too_many_requests', 'param': None, 'code': 'too_many_requests'}}
Failed for Aqua - Happy Boys & Girls: Error code: 429 - {'error': {'message': 'Too Many Requests', 'type': 'too_many_requests', 'param': None, 'code': 'too_many_requests'}}
Failed for Mudvayne - Forget To Remember: Error code: 429 - {'error': {'message': 'Too Many Requests', 'type': 'too_many_requests', 'param': None, 'code': 'too_many_requests'}}
Failed for Aphex Twin - Blue Calx: Error code: 429 - {'error': {'message': 'Too Many Requests', 'type': 'too_many_requests', 'param': None, 'code': 'too_many_requests'}}
Failed for Kathleen Edwards - Summerlong: Error code: 429 - {'error': {'message': 'Too Many Requests', 'type': 'too_many_requests', 'param': None, 'code': 'too_many_requests'}}
Failed for Rhapsody Of Fire - The Magic Of The Wizard'S Dream: Error code: 429 - {'error': {'message': 'Too Many Requests', 'type': 'too_many_requests', 'param': None, 'code': 'too_many_requests'}}
Failed for My Dying Bride - A Sea To Suffer In: Error code: 429 - {'error': {'message': 'Too Many Requests', 'type': 'too_many_requests', 'param': None, 'code': 'too_many_requests'}}
Failed for Boom Bip - Dumb Day: Error code: 429 - {'error': {'message': 'Too Many Requests', 'type': 'too_many_requests', 'param': None, 'code': 'too_many_requests'}}
Failed for Lite - Contemporary Disease: Error code: 429 - {'error': {'message': 'Too Many Requests', 'type': 'too_many_requests', 'param': None, 'code': 'too_many_requests'}}
Failed for The Russian Futurists - Your Big Brown Eyes And My Broken Heart: Error code: 429 - {'error': {'message': 'Too Many Requests', 'type': 'too_many_requests', 'param': None, 'code': 'too_many_requests'}}
Failed for Massive Attack - Confused Images: Error code: 429 - {'error': {'message': 'Too Many Requests', 'type': 'too_many_requests', 'param': None, 'code': 'too_many_requests'}}
Failed for Reel People - Anything You Want (Feat. Tasita D'Mour): Error code: 429 - {'error': {'message': 'Too Many Requests', 'type': 'too_many_requests', 'param': None, 'code': 'too_many_requests'}}
Failed for My Chemical Romance - Give 'Em Hell Kid: Error code: 429 - {'error': {'message': 'Too Many Requests', 'type': 'too_many_requests', 'param': None, 'code': 'too_many_requests'}}
2300/2988 done
Failed for Girls Aloud - Wake Me Up (Original Version): Error code: 429 - {'error': {'message': 'Too Many Requests', 'type': 'too_many_requests', 'param': None, 'code': 'too_many_requests'}}
Failed for The Human League - Tell Me When: Error code: 429 - {'error': {'message': 'Too Many Requests', 'type': 'too_many_requests', 'param': None, 'code': 'too_many_requests'}}
Failed for Centro-Matic - All The Lightning Rods: Error code: 429 - {'error': {'message': 'Too Many Requests', 'type': 'too_many_requests', 'param': None, 'code': 'too_many_requests'}}
Failed for Thomas Andersson - Washing Up (Tiga Mix): Error code: 429 - {'error': {'message': 'Too Many Requests', 'type': 'too_many_requests', 'param': None, 'code': 'too_many_requests'}}
Failed for Sleeper - Atomic: Error code: 429 - {'error': {'message': 'Too Many Requests', 'type': 'too_many_requests', 'param': None, 'code': 'too_many_requests'}}
Failed for Feist - One Evening (Vv Mix): Error code: 429 - {'error': {'message': 'Too Many Requests', 'type': 'too_many_requests', 'param': None, 'code': 'too_many_requests'}}
Failed for Rednex - Wish You Were Here: Error code: 429 - {'error': {'message': 'Too Many Requests', 'type': 'too_many_requests', 'param': None, 'code': 'too_many_requests'}}
Failed for My Dying Bride - It Will Come: Error code: 429 - {'error': {'message': 'Too Many Requests', 'type': 'too_many_requests', 'param': None, 'code': 'too_many_requests'}}
Failed for Thomas Bangalter - Club Soda: Error code: 429 - {'error': {'message': 'Too Many Requests', 'type': 'too_many_requests', 'param': None, 'code': 'too_many_requests'}}
Failed for Pink Floyd - Stay: Error code: 429 - {'error': {'message': 'Too Many Requests', 'type': 'too_many_requests', 'param': None, 'code': 'too_many_requests'}}
Failed for Aqualung - You Turn Me Around: Error code: 429 - {'error': {'message': 'Too Many Requests', 'type': 'too_many_requests', 'param': None, 'code': 'too_many_requests'}}
Failed for Tortoise - The Suspension Bridge At Iguazú Falls: Error code: 429 - {'error': {'message': 'Too Many Requests', 'type': 'too_many_requests', 'param': None, 'code': 'too_many_requests'}}
Failed for Ted Leo And The Pharmacists - The Great Communicator: Error code: 429 - {'error': {'message': 'Too Many Requests', 'type': 'too_many_requests', 'param': None, 'code': 'too_many_requests'}}
Failed for The Bolshoi - Sunday Morning: Error code: 429 - {'error': {'message': 'Too Many Requests', 'type': 'too_many_requests', 'param': None, 'code': 'too_many_requests'}}
Failed for Alter Bridge - Rise Today: Error code: 429 - {'error': {'message': 'Too Many Requests', 'type': 'too_many_requests', 'param': None, 'code': 'too_many_requests'}}
Failed for Deaf Center - Eloy: Error code: 429 - {'error': {'message': 'Too Many Requests', 'type': 'too_many_requests', 'param': None, 'code': 'too_many_requests'}}
Failed for Deaf Center - Lobby: Error code: 429 - {'error': {'message': 'Too Many Requests', 'type': 'too_many_requests', 'param': None, 'code': 'too_many_requests'}}
Failed for Glassjaw - Ry Ry'S Song: Error code: 429 - {'error': {'message': 'Too Many Requests', 'type': 'too_many_requests', 'param': None, 'code': 'too_many_requests'}}
Failed for Dj Sammy - Sunlight: Error code: 429 - {'error': {'message': 'Too Many Requests', 'type': 'too_many_requests', 'param': None, 'code': 'too_many_requests'}}
Failed for Stevie Ray Vaughan - Tell Me: Error code: 429 - {'error': {'message': 'Too Many Requests', 'type': 'too_many_requests', 'param': None, 'code': 'too_many_requests'}}
Failed for Charon - Rain: Error code: 429 - {'error': {'message': 'Too Many Requests', 'type': 'too_many_requests', 'param': None, 'code': 'too_many_requests'}}
Failed for Charon - Little Angel: Error code: 429 - {'error': {'message': 'Too Many Requests', 'type': 'too_many_requests', 'param': None, 'code': 'too_many_requests'}}
Failed for Dj Shadow - 3 Freaks (Feat. Keak Da Sneak & Turf Talk): Error code: 429 - {'error': {'message': 'Too Many Requests', 'type': 'too_many_requests', 'param': None, 'code': 'too_many_requests'}}
Failed for Charon - Sorrowsong: Error code: 429 - {'error': {'message': 'Too Many Requests', 'type': 'too_many_requests', 'param': None, 'code': 'too_many_requests'}}
Failed for Red House Painters - Golden: Error code: 429 - {'error': {'message': 'Too Many Requests', 'type': 'too_many_requests', 'param': None, 'code': 'too_many_requests'}}
Failed for Red House Painters - Cabezon: Error code: 429 - {'error': {'message': 'Too Many Requests', 'type': 'too_many_requests', 'param': None, 'code': 'too_many_requests'}}
Failed for Céline Dion - A New Day Has Come: Error code: 429 - {'error': {'message': 'Too Many Requests', 'type': 'too_many_requests', 'param': None, 'code': 'too_many_requests'}}
Failed for Stevie Wonder - If Your Love Cannot Be Moved (Feat. Kim Burrell): Error code: 429 - {'error': {'message': 'Too Many Requests', 'type': 'too_many_requests', 'param': None, 'code': 'too_many_requests'}}
Failed for Cheap Trick - She'S Tight: Error code: 429 - {'error': {'message': 'Too Many Requests', 'type': 'too_many_requests', 'param': None, 'code': 'too_many_requests'}}
Failed for The Gun Club - For The Love Of Ivy: Error code: 429 - {'error': {'message': 'Too Many Requests', 'type': 'too_many_requests', 'param': None, 'code': 'too_many_requests'}}
Failed for Feeder - Burn The Bridges: Error code: 429 - {'error': {'message': 'Too Many Requests', 'type': 'too_many_requests', 'param': None, 'code': 'too_many_requests'}}
Failed for My Dying Bride - Turn Loose The Swans: Error code: 429 - {'error': {'message': 'Too Many Requests', 'type': 'too_many_requests', 'param': None, 'code': 'too_many_requests'}}
Failed for Glassjaw - Pretty Lush: Error code: 429 - {'error': {'message': 'Too Many Requests', 'type': 'too_many_requests', 'param': None, 'code': 'too_many_requests'}}
Failed for Get Cape. Wear Cape. Fly - Waiting For The Monster To Drown: Error code: 429 - {'error': {'message': 'Too Many Requests', 'type': 'too_many_requests', 'param': None, 'code': 'too_many_requests'}}
Failed for Get Set Go - I Hate Everyone: Error code: 429 - {'error': {'message': 'Too Many Requests', 'type': 'too_many_requests', 'param': None, 'code': 'too_many_requests'}}
Failed for The Innocence Mission - Snow: Error code: 429 - {'error': {'message': 'Too Many Requests', 'type': 'too_many_requests', 'param': None, 'code': 'too_many_requests'}}
Failed for Muddy Waters - Hoochie Coochie Man: Error code: 429 - {'error': {'message': 'Too Many Requests', 'type': 'too_many_requests', 'param': None, 'code': 'too_many_requests'}}
Failed for The Blow - Hock It: Error code: 429 - {'error': {'message': 'Too Many Requests', 'type': 'too_many_requests', 'param': None, 'code': 'too_many_requests'}}
Failed for Massacre - Invasoras Amazonas: Error code: 429 - {'error': {'message': 'Too Many Requests', 'type': 'too_many_requests', 'param': None, 'code': 'too_many_requests'}}
Failed for Glen Campbell - Wichita Lineman: Error code: 429 - {'error': {'message': 'Too Many Requests', 'type': 'too_many_requests', 'param': None, 'code': 'too_many_requests'}}
Failed for Adam Green - Animal Dreams: Error code: 429 - {'error': {'message': 'Too Many Requests', 'type': 'too_many_requests', 'param': None, 'code': 'too_many_requests'}}
Failed for Dogs - Selfish Ways: Error code: 429 - {'error': {'message': 'Too Many Requests', 'type': 'too_many_requests', 'param': None, 'code': 'too_many_requests'}}
Failed for Stephen Malkmus - Trojan Curfew: Error code: 429 - {'error': {'message': 'Too Many Requests', 'type': 'too_many_requests', 'param': None, 'code': 'too_many_requests'}}
Failed for Rhesus - Sad Disco: Error code: 429 - {'error': {'message': 'Too Many Requests', 'type': 'too_many_requests', 'param': None, 'code': 'too_many_requests'}}
Failed for Feist - Mushaboom (Mocky Mix): Error code: 429 - {'error': {'message': 'Too Many Requests', 'type': 'too_many_requests', 'param': None, 'code': 'too_many_requests'}}
Failed for The Hush Sound - As You Cry: Error code: 429 - {'error': {'message': 'Too Many Requests', 'type': 'too_many_requests', 'param': None, 'code': 'too_many_requests'}}
Failed for Stephen Fretwell - Lines: Error code: 429 - {'error': {'message': 'Too Many Requests', 'type': 'too_many_requests', 'param': None, 'code': 'too_many_requests'}}
Failed for The Hush Sound - The Boys Are Too Refined: Error code: 429 - {'error': {'message': 'Too Many Requests', 'type': 'too_many_requests', 'param': None, 'code': 'too_many_requests'}}
Failed for 3 Doors Down - Smack: Error code: 429 - {'error': {'message': 'Too Many Requests', 'type': 'too_many_requests', 'param': None, 'code': 'too_many_requests'}}
Failed for Jaga Jazzist - Another Day: Error code: 429 - {'error': {'message': 'Too Many Requests', 'type': 'too_many_requests', 'param': None, 'code': 'too_many_requests'}}
Failed for Orishas - A Lo Cubano: Error code: 429 - {'error': {'message': 'Too Many Requests', 'type': 'too_many_requests', 'param': None, 'code': 'too_many_requests'}}
Failed for Malajube - St-Fortunat: Error code: 429 - {'error': {'message': 'Too Many Requests', 'type': 'too_many_requests', 'param': None, 'code': 'too_many_requests'}}
Failed for Enya - Exile: Error code: 429 - {'error': {'message': 'Too Many Requests', 'type': 'too_many_requests', 'param': None, 'code': 'too_many_requests'}}
Failed for Babyshambles - Do You Know Me: Error code: 429 - {'error': {'message': 'Too Many Requests', 'type': 'too_many_requests', 'param': None, 'code': 'too_many_requests'}}
Failed for Glen Hansard & Markéta Irglová - Sleeping: Error code: 429 - {'error': {'message': 'Too Many Requests', 'type': 'too_many_requests', 'param': None, 'code': 'too_many_requests'}}
Failed for Kalmah - The Groan Of Wind: Error code: 429 - {'error': {'message': 'Too Many Requests', 'type': 'too_many_requests', 'param': None, 'code': 'too_many_requests'}}
Failed for Massacre - Divorcio: Error code: 429 - {'error': {'message': 'Too Many Requests', 'type': 'too_many_requests', 'param': None, 'code': 'too_many_requests'}}
Failed for The Breeders - Fortunately Gone: Error code: 429 - {'error': {'message': 'Too Many Requests', 'type': 'too_many_requests', 'param': None, 'code': 'too_many_requests'}}
Failed for Orson - Broken Watch: Error code: 429 - {'error': {'message': 'Too Many Requests', 'type': 'too_many_requests', 'param': None, 'code': 'too_many_requests'}}
Failed for High Contrast - Music Is Everything: Error code: 429 - {'error': {'message': 'Too Many Requests', 'type': 'too_many_requests', 'param': None, 'code': 'too_many_requests'}}
Failed for Jacques Brel - Quand On N'A Que L'Amour: Error code: 429 - {'error': {'message': 'Too Many Requests', 'type': 'too_many_requests', 'param': None, 'code': 'too_many_requests'}}
Failed for Orson - Radio: Error code: 429 - {'error': {'message': 'Too Many Requests', 'type': 'too_many_requests', 'param': None, 'code': 'too_many_requests'}}
Failed for Malcolm Middleton - Break My Heart: Error code: 429 - {'error': {'message': 'Too Many Requests', 'type': 'too_many_requests', 'param': None, 'code': 'too_many_requests'}}
Failed for Malcolm Middleton - Loneliness Shines: Error code: 429 - {'error': {'message': 'Too Many Requests', 'type': 'too_many_requests', 'param': None, 'code': 'too_many_requests'}}
Failed for Gerli Padar - Partners In Crime (Estonia): Error code: 429 - {'error': {'message': 'Too Many Requests', 'type': 'too_many_requests', 'param': None, 'code': 'too_many_requests'}}
Failed for Blind Guardian - Noldor (Dead Winter Reigns): Error code: 429 - {'error': {'message': 'Too Many Requests', 'type': 'too_many_requests', 'param': None, 'code': 'too_many_requests'}}
Failed for Wu-Tang Clan - For Heaven'S Sake: Error code: 429 - {'error': {'message': 'Too Many Requests', 'type': 'too_many_requests', 'param': None, 'code': 'too_many_requests'}}
Failed for Whitey - Intro / In The Limelight: Error code: 429 - {'error': {'message': 'Too Many Requests', 'type': 'too_many_requests', 'param': None, 'code': 'too_many_requests'}}
Failed for Tubeway Army - Are Friends Electric: Error code: 429 - {'error': {'message': 'Too Many Requests', 'type': 'too_many_requests', 'param': None, 'code': 'too_many_requests'}}
Failed for Mstrkrft - Heartbreaker (Feat. John Legend): Error code: 429 - {'error': {'message': 'Too Many Requests', 'type': 'too_many_requests', 'param': None, 'code': 'too_many_requests'}}
Failed for Matchbox Twenty - All Your Reasons: Error code: 429 - {'error': {'message': 'Too Many Requests', 'type': 'too_many_requests', 'param': None, 'code': 'too_many_requests'}}
Failed for Jade Ewen - It'S My Time: Error code: 429 - {'error': {'message': 'Too Many Requests', 'type': 'too_many_requests', 'param': None, 'code': 'too_many_requests'}}
Failed for Teedra Moses - You Better Tell Her: Error code: 429 - {'error': {'message': 'Too Many Requests', 'type': 'too_many_requests', 'param': None, 'code': 'too_many_requests'}}
Failed for The Unicorns - 52 Favourite Things: Error code: 429 - {'error': {'message': 'Too Many Requests', 'type': 'too_many_requests', 'param': None, 'code': 'too_many_requests'}}
Failed for Luna Amară - Umbră Copil: Error code: 429 - {'error': {'message': 'Too Many Requests', 'type': 'too_many_requests', 'param': None, 'code': 'too_many_requests'}}
Failed for Luna Sea - Storm: Error code: 429 - {'error': {'message': 'Too Many Requests', 'type': 'too_many_requests', 'param': None, 'code': 'too_many_requests'}}
Failed for Blue States - Spit And Soar: Error code: 429 - {'error': {'message': 'Too Many Requests', 'type': 'too_many_requests', 'param': None, 'code': 'too_many_requests'}}
Failed for Blind Guardian - The Bard'S Song (Live): Error code: 429 - {'error': {'message': 'Too Many Requests', 'type': 'too_many_requests', 'param': None, 'code': 'too_many_requests'}}
Failed for Deadman - Taion: Error code: 429 - {'error': {'message': 'Too Many Requests', 'type': 'too_many_requests', 'param': None, 'code': 'too_many_requests'}}
Failed for Pink Floyd - Main Theme: Error code: 429 - {'error': {'message': 'Too Many Requests', 'type': 'too_many_requests', 'param': None, 'code': 'too_many_requests'}}
Failed for Kaki King - Lies: Error code: 429 - {'error': {'message': 'Too Many Requests', 'type': 'too_many_requests', 'param': None, 'code': 'too_many_requests'}}
Failed for Kaki King - Kewpie Station: Error code: 429 - {'error': {'message': 'Too Many Requests', 'type': 'too_many_requests', 'param': None, 'code': 'too_many_requests'}}
Failed for Violator - Lethal Injection: Error code: 429 - {'error': {'message': 'Too Many Requests', 'type': 'too_many_requests', 'param': None, 'code': 'too_many_requests'}}
Failed for The Grates - Inside Outside: Error code: 429 - {'error': {'message': 'Too Many Requests', 'type': 'too_many_requests', 'param': None, 'code': 'too_many_requests'}}
Failed for J Dilla - E=Mc2 (Feat. Common): Error code: 429 - {'error': {'message': 'Too Many Requests', 'type': 'too_many_requests', 'param': None, 'code': 'too_many_requests'}}
Failed for Hocico - Doomed To Perish: Error code: 429 - {'error': {'message': 'Too Many Requests', 'type': 'too_many_requests', 'param': None, 'code': 'too_many_requests'}}
Failed for Chemistry - 恋するカレン: Error code: 429 - {'error': {'message': 'Too Many Requests', 'type': 'too_many_requests', 'param': None, 'code': 'too_many_requests'}}
Failed for Shiny Toy Guns - Cold War: Error code: 429 - {'error': {'message': 'Too Many Requests', 'type': 'too_many_requests', 'param': None, 'code': 'too_many_requests'}}
Failed for Kaizers Orchestra - Den Andre Er Meg: Error code: 429 - {'error': {'message': 'Too Many Requests', 'type': 'too_many_requests', 'param': None, 'code': 'too_many_requests'}}
Failed for Bertrand Burgalat - Sunshine Yellow: Error code: 429 - {'error': {'message': 'Too Many Requests', 'type': 'too_many_requests', 'param': None, 'code': 'too_many_requests'}}
Failed for Chemistry - 輝く夜: Error code: 429 - {'error': {'message': 'Too Many Requests', 'type': 'too_many_requests', 'param': None, 'code': 'too_many_requests'}}
Failed for Kaizers Orchestra - Bastard Sønn: Error code: 429 - {'error': {'message': 'Too Many Requests', 'type': 'too_many_requests', 'param': None, 'code': 'too_many_requests'}}
Failed for Bertrand Burgalat - Chaque Jour: Error code: 429 - {'error': {'message': 'Too Many Requests', 'type': 'too_many_requests', 'param': None, 'code': 'too_many_requests'}}
Failed for Richard F - 5 In The Morning (Original Mix): Error code: 429 - {'error': {'message': 'Too Many Requests', 'type': 'too_many_requests', 'param': None, 'code': 'too_many_requests'}}
Failed for George Michael - I Can'T Make You Love Me: Error code: 429 - {'error': {'message': 'Too Many Requests', 'type': 'too_many_requests', 'param': None, 'code': 'too_many_requests'}}
Failed for Sean Lennon - Spectacle: Error code: 429 - {'error': {'message': 'Too Many Requests', 'type': 'too_many_requests', 'param': None, 'code': 'too_many_requests'}}
Failed for Glenn Miller - Moonlight Serenade: Error code: 429 - {'error': {'message': 'Too Many Requests', 'type': 'too_many_requests', 'param': None, 'code': 'too_many_requests'}}
2400/2988 done
Failed for Matchbook Romance - Tiger Lily: Error code: 429 - {'error': {'message': 'Too Many Requests', 'type': 'too_many_requests', 'param': None, 'code': 'too_many_requests'}}
Failed for The Jam - Boy About Town: Error code: 429 - {'error': {'message': 'Too Many Requests', 'type': 'too_many_requests', 'param': None, 'code': 'too_many_requests'}}
Failed for Vader - Helleluyah!!! (God Is Dead): Error code: 429 - {'error': {'message': 'Too Many Requests', 'type': 'too_many_requests', 'param': None, 'code': 'too_many_requests'}}
Failed for Kc And The Sunshine Band - I'M Your Boogie Man: Error code: 429 - {'error': {'message': 'Too Many Requests', 'type': 'too_many_requests', 'param': None, 'code': 'too_many_requests'}}
Failed for George Michael - Amazing (Full Intention Club Mix): Error code: 429 - {'error': {'message': 'Too Many Requests', 'type': 'too_many_requests', 'param': None, 'code': 'too_many_requests'}}
Failed for Dolores O'Riordan - Accept Things: Error code: 429 - {'error': {'message': 'Too Many Requests', 'type': 'too_many_requests', 'param': None, 'code': 'too_many_requests'}}
Failed for Dolores O'Riordan - Apple Of My Eye: Error code: 429 - {'error': {'message': 'Too Many Requests', 'type': 'too_many_requests', 'param': None, 'code': 'too_many_requests'}}
Failed for Steel Pulse - Klu Klux Klan: Error code: 429 - {'error': {'message': 'Too Many Requests', 'type': 'too_many_requests', 'param': None, 'code': 'too_many_requests'}}
Failed for Kazik - Jeśli Nie Chcesz: Error code: 429 - {'error': {'message': 'Too Many Requests', 'type': 'too_many_requests', 'param': None, 'code': 'too_many_requests'}}
Failed for Thom Yorke - And It Rained All Night (Burial Remix): Error code: 429 - {'error': {'message': 'Too Many Requests', 'type': 'too_many_requests', 'param': None, 'code': 'too_many_requests'}}
Failed for Dolores O'Riordan - Stay With Me: Error code: 429 - {'error': {'message': 'Too Many Requests', 'type': 'too_many_requests', 'param': None, 'code': 'too_many_requests'}}
Failed for Mr. Oizo - Yves: Error code: 429 - {'error': {'message': 'Too Many Requests', 'type': 'too_many_requests', 'param': None, 'code': 'too_many_requests'}}
Failed for Red Hot Chili Peppers - Deep Kick: Error code: 429 - {'error': {'message': 'Too Many Requests', 'type': 'too_many_requests', 'param': None, 'code': 'too_many_requests'}}
Failed for Kaizers Orchestra - Fra Sjåfør Til Passasjer: Error code: 429 - {'error': {'message': 'Too Many Requests', 'type': 'too_many_requests', 'param': None, 'code': 'too_many_requests'}}
Failed for My Morning Jacket - One In The Same: Error code: 429 - {'error': {'message': 'Too Many Requests', 'type': 'too_many_requests', 'param': None, 'code': 'too_many_requests'}}
Failed for My Morning Jacket - Mahgeeta: Error code: 429 - {'error': {'message': 'Too Many Requests', 'type': 'too_many_requests', 'param': None, 'code': 'too_many_requests'}}
Failed for George Harrison - Here Comes The Sun: Error code: 429 - {'error': {'message': 'Too Many Requests', 'type': 'too_many_requests', 'param': None, 'code': 'too_many_requests'}}
Failed for Maserati - Cities: Error code: 429 - {'error': {'message': 'Too Many Requests', 'type': 'too_many_requests', 'param': None, 'code': 'too_many_requests'}}
Failed for The Brian Jonestown Massacre - If Love Is The Drug: Error code: 429 - {'error': {'message': 'Too Many Requests', 'type': 'too_many_requests', 'param': None, 'code': 'too_many_requests'}}
Failed for Alanis Morissette - These R The Thoughts: Error code: 429 - {'error': {'message': 'Too Many Requests', 'type': 'too_many_requests', 'param': None, 'code': 'too_many_requests'}}
Failed for X - Sugarlight: Error code: 429 - {'error': {'message': 'Too Many Requests', 'type': 'too_many_requests', 'param': None, 'code': 'too_many_requests'}}
Failed for Curtis Mayfield - People Get Ready: Error code: 429 - {'error': {'message': 'Too Many Requests', 'type': 'too_many_requests', 'param': None, 'code': 'too_many_requests'}}
Failed for Tc - Borrowed Time: Error code: 429 - {'error': {'message': 'Too Many Requests', 'type': 'too_many_requests', 'param': None, 'code': 'too_many_requests'}}
Failed for The Brian Jonestown Massacre - I Love You: Error code: 429 - {'error': {'message': 'Too Many Requests', 'type': 'too_many_requests', 'param': None, 'code': 'too_many_requests'}}
Failed for Battles - Ipt2: Error code: 429 - {'error': {'message': 'Too Many Requests', 'type': 'too_many_requests', 'param': None, 'code': 'too_many_requests'}}
Failed for Sting - Roxanne: Error code: 429 - {'error': {'message': 'Too Many Requests', 'type': 'too_many_requests', 'param': None, 'code': 'too_many_requests'}}
Failed for Black Lips - I Saw A Ghost (Lean): Error code: 429 - {'error': {'message': 'Too Many Requests', 'type': 'too_many_requests', 'param': None, 'code': 'too_many_requests'}}
Failed for Felix Da Housecat - Madame Hollywood (Tiga'S Mister Hollywood Version): Error code: 429 - {'error': {'message': 'Too Many Requests', 'type': 'too_many_requests', 'param': None, 'code': 'too_many_requests'}}
Failed for The Jam - Sounds From The Street: Error code: 429 - {'error': {'message': 'Too Many Requests', 'type': 'too_many_requests', 'param': None, 'code': 'too_many_requests'}}
Failed for Everclear - Local God: Error code: 429 - {'error': {'message': 'Too Many Requests', 'type': 'too_many_requests', 'param': None, 'code': 'too_many_requests'}}
Failed for Static-X - This Is Not: Error code: 429 - {'error': {'message': 'Too Many Requests', 'type': 'too_many_requests', 'param': None, 'code': 'too_many_requests'}}
Failed for Static-X - Start A War: Error code: 429 - {'error': {'message': 'Too Many Requests', 'type': 'too_many_requests', 'param': None, 'code': 'too_many_requests'}}
Failed for Everclear - Am Radio: Error code: 429 - {'error': {'message': 'Too Many Requests', 'type': 'too_many_requests', 'param': None, 'code': 'too_many_requests'}}
Failed for The Sugarcubes - Coldsweat: Error code: 429 - {'error': {'message': 'Too Many Requests', 'type': 'too_many_requests', 'param': None, 'code': 'too_many_requests'}}
Failed for Pink Floyd - Apples And Oranges: Error code: 429 - {'error': {'message': 'Too Many Requests', 'type': 'too_many_requests', 'param': None, 'code': 'too_many_requests'}}
Failed for J. Karjalainen - Villejä Lupiineja: Error code: 429 - {'error': {'message': 'Too Many Requests', 'type': 'too_many_requests', 'param': None, 'code': 'too_many_requests'}}
Failed for Pink Floyd - Biding My Time: Error code: 429 - {'error': {'message': 'Too Many Requests', 'type': 'too_many_requests', 'param': None, 'code': 'too_many_requests'}}
Failed for Pink Floyd - A Spanish Piece: Error code: 429 - {'error': {'message': 'Too Many Requests', 'type': 'too_many_requests', 'param': None, 'code': 'too_many_requests'}}
Failed for George Harrison - Awaiting On You All: Error code: 429 - {'error': {'message': 'Too Many Requests', 'type': 'too_many_requests', 'param': None, 'code': 'too_many_requests'}}
Failed for Matchbox Twenty - Hang: Error code: 429 - {'error': {'message': 'Too Many Requests', 'type': 'too_many_requests', 'param': None, 'code': 'too_many_requests'}}
Failed for The Rolling Stones - This Place Is Empty: Error code: 429 - {'error': {'message': 'Too Many Requests', 'type': 'too_many_requests', 'param': None, 'code': 'too_many_requests'}}
Failed for Kaiser Chiefs - Every Day I Love You Less And Less: Error code: 429 - {'error': {'message': 'Too Many Requests', 'type': 'too_many_requests', 'param': None, 'code': 'too_many_requests'}}
Failed for Origin Unknown - Valley Of The Shadows: Error code: 429 - {'error': {'message': 'Too Many Requests', 'type': 'too_many_requests', 'param': None, 'code': 'too_many_requests'}}
Failed for High And Mighty Color - Feel Like Dance: Error code: 429 - {'error': {'message': 'Too Many Requests', 'type': 'too_many_requests', 'param': None, 'code': 'too_many_requests'}}
Failed for Jaguar Love - Georgia: Error code: 429 - {'error': {'message': 'Too Many Requests', 'type': 'too_many_requests', 'param': None, 'code': 'too_many_requests'}}
Failed for Dead Poetic - Bury The Difference: Error code: 429 - {'error': {'message': 'Too Many Requests', 'type': 'too_many_requests', 'param': None, 'code': 'too_many_requests'}}
Failed for The Submarines - Submarine Symphonika: Error code: 429 - {'error': {'message': 'Too Many Requests', 'type': 'too_many_requests', 'param': None, 'code': 'too_many_requests'}}
Failed for Death From Above 1979 - Do It!: Error code: 429 - {'error': {'message': 'Too Many Requests', 'type': 'too_many_requests', 'param': None, 'code': 'too_many_requests'}}
Failed for My Teenage Stride - We'Ll Meet At Emily'S: Error code: 429 - {'error': {'message': 'Too Many Requests', 'type': 'too_many_requests', 'param': None, 'code': 'too_many_requests'}}
Failed for Ozzy Osbourne - Black Rain: Error code: 429 - {'error': {'message': 'Too Many Requests', 'type': 'too_many_requests', 'param': None, 'code': 'too_many_requests'}}
Failed for My!Gay!Husband! - Austine Au Soleil Re Edit: Error code: 429 - {'error': {'message': 'Too Many Requests', 'type': 'too_many_requests', 'param': None, 'code': 'too_many_requests'}}
Failed for Reamonn - Swim: Error code: 429 - {'error': {'message': 'Too Many Requests', 'type': 'too_many_requests', 'param': None, 'code': 'too_many_requests'}}
Failed for Cherish - Killa: Error code: 429 - {'error': {'message': 'Too Many Requests', 'type': 'too_many_requests', 'param': None, 'code': 'too_many_requests'}}
Failed for Violins - Ok Ok: Error code: 429 - {'error': {'message': 'Too Many Requests', 'type': 'too_many_requests', 'param': None, 'code': 'too_many_requests'}}
Failed for Stisch - Turn Around (Barfly Mix): Error code: 429 - {'error': {'message': 'Too Many Requests', 'type': 'too_many_requests', 'param': None, 'code': 'too_many_requests'}}
Failed for Kaija Koo - Sydän Laulaa: Error code: 429 - {'error': {'message': 'Too Many Requests', 'type': 'too_many_requests', 'param': None, 'code': 'too_many_requests'}}
Failed for Angus And Julia Stone - Just A Boy: Error code: 429 - {'error': {'message': 'Too Many Requests', 'type': 'too_many_requests', 'param': None, 'code': 'too_many_requests'}}
Failed for The Goo Goo Dolls - Eyes Wide Open: Error code: 429 - {'error': {'message': 'Too Many Requests', 'type': 'too_many_requests', 'param': None, 'code': 'too_many_requests'}}
Failed for Angus And Julia Stone - Mango Tree: Error code: 429 - {'error': {'message': 'Too Many Requests', 'type': 'too_many_requests', 'param': None, 'code': 'too_many_requests'}}
Failed for The Jayhawks - All The Right Reasons: Error code: 429 - {'error': {'message': 'Too Many Requests', 'type': 'too_many_requests', 'param': None, 'code': 'too_many_requests'}}
Failed for Kejsi Tola - Carry Me In Your Dreams: Error code: 429 - {'error': {'message': 'Too Many Requests', 'type': 'too_many_requests', 'param': None, 'code': 'too_many_requests'}}
Failed for The Jesus And Mary Chain - Good For My Soul: Error code: 429 - {'error': {'message': 'Too Many Requests', 'type': 'too_many_requests', 'param': None, 'code': 'too_many_requests'}}
Failed for Tortoise - Firefly: Error code: 429 - {'error': {'message': 'Too Many Requests', 'type': 'too_many_requests', 'param': None, 'code': 'too_many_requests'}}
Failed for Richard Swift - Most Of What I Know: Error code: 429 - {'error': {'message': 'Too Many Requests', 'type': 'too_many_requests', 'param': None, 'code': 'too_many_requests'}}
Failed for The Jayhawks - Angelyne: Error code: 429 - {'error': {'message': 'Too Many Requests', 'type': 'too_many_requests', 'param': None, 'code': 'too_many_requests'}}
Failed for K-Os - Sunday Morning: Error code: 429 - {'error': {'message': 'Too Many Requests', 'type': 'too_many_requests', 'param': None, 'code': 'too_many_requests'}}
Failed for Mozez - Spinning Top: Error code: 429 - {'error': {'message': 'Too Many Requests', 'type': 'too_many_requests', 'param': None, 'code': 'too_many_requests'}}
Failed for Real Mccoy - Run Away: Error code: 429 - {'error': {'message': 'Too Many Requests', 'type': 'too_many_requests', 'param': None, 'code': 'too_many_requests'}}
Failed for Black Lips - Everybody'S Doin' It: Error code: 429 - {'error': {'message': 'Too Many Requests', 'type': 'too_many_requests', 'param': None, 'code': 'too_many_requests'}}
Failed for Seabound - Smoke: Error code: 429 - {'error': {'message': 'Too Many Requests', 'type': 'too_many_requests', 'param': None, 'code': 'too_many_requests'}}
Failed for The Rolling Stones - Stop Breaking Down: Error code: 429 - {'error': {'message': 'Too Many Requests', 'type': 'too_many_requests', 'param': None, 'code': 'too_many_requests'}}
Failed for Elusive - Ride: Error code: 429 - {'error': {'message': 'Too Many Requests', 'type': 'too_many_requests', 'param': None, 'code': 'too_many_requests'}}
Failed for Angus And Julia Stone - Here We Go Again: Error code: 429 - {'error': {'message': 'Too Many Requests', 'type': 'too_many_requests', 'param': None, 'code': 'too_many_requests'}}
Failed for Aly & Aj - Flattery: Error code: 429 - {'error': {'message': 'Too Many Requests', 'type': 'too_many_requests', 'param': None, 'code': 'too_many_requests'}}
Failed for Orchestral Manoeuvres In The Dark - Annex: Error code: 429 - {'error': {'message': 'Too Many Requests', 'type': 'too_many_requests', 'param': None, 'code': 'too_many_requests'}}
Failed for James - She'S A Star: Error code: 429 - {'error': {'message': 'Too Many Requests', 'type': 'too_many_requests', 'param': None, 'code': 'too_many_requests'}}
Failed for The Brian Jonestown Massacre - Just Like Kicking Jesus: Error code: 429 - {'error': {'message': 'Too Many Requests', 'type': 'too_many_requests', 'param': None, 'code': 'too_many_requests'}}
Failed for The Brian Jonestown Massacre - Spanish Bee: Error code: 429 - {'error': {'message': 'Too Many Requests', 'type': 'too_many_requests', 'param': None, 'code': 'too_many_requests'}}
Failed for Adem - Statued: Error code: 429 - {'error': {'message': 'Too Many Requests', 'type': 'too_many_requests', 'param': None, 'code': 'too_many_requests'}}
Failed for Chevelle - Another Know It All: Error code: 429 - {'error': {'message': 'Too Many Requests', 'type': 'too_many_requests', 'param': None, 'code': 'too_many_requests'}}
Failed for Ane Brun - Drowning In Those Eyes: Error code: 429 - {'error': {'message': 'Too Many Requests', 'type': 'too_many_requests', 'param': None, 'code': 'too_many_requests'}}
Failed for Stone Temple Pilots - Unglued: Error code: 429 - {'error': {'message': 'Too Many Requests', 'type': 'too_many_requests', 'param': None, 'code': 'too_many_requests'}}
Failed for Little Richard - Good Golly Miss Molly: Error code: 429 - {'error': {'message': 'Too Many Requests', 'type': 'too_many_requests', 'param': None, 'code': 'too_many_requests'}}
Failed for Goblin Cock - Stumped: Error code: 429 - {'error': {'message': 'Too Many Requests', 'type': 'too_many_requests', 'param': None, 'code': 'too_many_requests'}}
Failed for Stone Temple Pilots - Dead & Bloated: Error code: 429 - {'error': {'message': 'Too Many Requests', 'type': 'too_many_requests', 'param': None, 'code': 'too_many_requests'}}
Failed for Fear Factory - Shock: Error code: 429 - {'error': {'message': 'Too Many Requests', 'type': 'too_many_requests', 'param': None, 'code': 'too_many_requests'}}
Failed for The Go! Team - Everyone'S A Vip To Someone: Error code: 429 - {'error': {'message': 'Too Many Requests', 'type': 'too_many_requests', 'param': None, 'code': 'too_many_requests'}}
Failed for Little Richard - Lucille: Error code: 429 - {'error': {'message': 'Too Many Requests', 'type': 'too_many_requests', 'param': None, 'code': 'too_many_requests'}}
Failed for Trivium - The Crusade: Error code: 429 - {'error': {'message': 'Too Many Requests', 'type': 'too_many_requests', 'param': None, 'code': 'too_many_requests'}}
Failed for Ride - Chrome Waves: Error code: 429 - {'error': {'message': 'Too Many Requests', 'type': 'too_many_requests', 'param': None, 'code': 'too_many_requests'}}
Failed for Ride - Close My Eyes: Error code: 429 - {'error': {'message': 'Too Many Requests', 'type': 'too_many_requests', 'param': None, 'code': 'too_many_requests'}}
Failed for Don Johnson Big Band - Hidden Rainbow: Error code: 429 - {'error': {'message': 'Too Many Requests', 'type': 'too_many_requests', 'param': None, 'code': 'too_many_requests'}}
Failed for Kelly Clarkson - Because Of You (Jason Nevins Club Mix): Error code: 429 - {'error': {'message': 'Too Many Requests', 'type': 'too_many_requests', 'param': None, 'code': 'too_many_requests'}}
Failed for Jóhann Jóhannsson - Fordlândia: Error code: 429 - {'error': {'message': 'Too Many Requests', 'type': 'too_many_requests', 'param': None, 'code': 'too_many_requests'}}
Failed for God Lives Underwater - Happy?: Error code: 429 - {'error': {'message': 'Too Many Requests', 'type': 'too_many_requests', 'param': None, 'code': 'too_many_requests'}}
Failed for Shirley Bassey - Get The Party Started: Error code: 429 - {'error': {'message': 'Too Many Requests', 'type': 'too_many_requests', 'param': None, 'code': 'too_many_requests'}}
Failed for Seabound - Scorch The Ground (Version): Error code: 429 - {'error': {'message': 'Too Many Requests', 'type': 'too_many_requests', 'param': None, 'code': 'too_many_requests'}}
Failed for Magnolia Electric Co. - The Dark Don'T Hide It: Error code: 429 - {'error': {'message': 'Too Many Requests', 'type': 'too_many_requests', 'param': None, 'code': 'too_many_requests'}}
2500/2988 done
Failed for Ozzy Osbourne - Dee: Error code: 429 - {'error': {'message': 'Too Many Requests', 'type': 'too_many_requests', 'param': None, 'code': 'too_many_requests'}}
Failed for Pinback - Tres: Error code: 429 - {'error': {'message': 'Too Many Requests', 'type': 'too_many_requests', 'param': None, 'code': 'too_many_requests'}}
Failed for Ozric Tentacles - Space Between Your Ears: Error code: 429 - {'error': {'message': 'Too Many Requests', 'type': 'too_many_requests', 'param': None, 'code': 'too_many_requests'}}
Failed for Ozric Tentacles - Phalarn Dawn: Error code: 429 - {'error': {'message': 'Too Many Requests', 'type': 'too_many_requests', 'param': None, 'code': 'too_many_requests'}}
Failed for Kelley Stoltz - Ever Thought Of Coming Back: Error code: 429 - {'error': {'message': 'Too Many Requests', 'type': 'too_many_requests', 'param': None, 'code': 'too_many_requests'}}
Failed for Alanis Morissette - Princes Familiar: Error code: 429 - {'error': {'message': 'Too Many Requests', 'type': 'too_many_requests', 'param': None, 'code': 'too_many_requests'}}
Failed for The Black Keys - Keep Your Hands Off Her: Error code: 429 - {'error': {'message': 'Too Many Requests', 'type': 'too_many_requests', 'param': None, 'code': 'too_many_requests'}}
Failed for Everclear - The Boys Are Back In Town: Error code: 429 - {'error': {'message': 'Too Many Requests', 'type': 'too_many_requests', 'param': None, 'code': 'too_many_requests'}}
Failed for Everclear - Sex With A Movie Star: Error code: 429 - {'error': {'message': 'Too Many Requests', 'type': 'too_many_requests', 'param': None, 'code': 'too_many_requests'}}
Failed for Lupe Fiasco - Just Might Be Ok (Feat. Gemini): Error code: 429 - {'error': {'message': 'Too Many Requests', 'type': 'too_many_requests', 'param': None, 'code': 'too_many_requests'}}
Failed for Dead Or Alive - I Wanna Be A Toy: Error code: 429 - {'error': {'message': 'Too Many Requests', 'type': 'too_many_requests', 'param': None, 'code': 'too_many_requests'}}
Failed for Ozzy Osbourne - Now You See It (Now You Don'T): Error code: 429 - {'error': {'message': 'Too Many Requests', 'type': 'too_many_requests', 'param': None, 'code': 'too_many_requests'}}
Failed for D'Espairsray - Grudge: Error code: 429 - {'error': {'message': 'Too Many Requests', 'type': 'too_many_requests', 'param': None, 'code': 'too_many_requests'}}
Failed for The San Francisco Gay Men'S Chorus - Can I Survive (Part One): Error code: 429 - {'error': {'message': 'Too Many Requests', 'type': 'too_many_requests', 'param': None, 'code': 'too_many_requests'}}
Failed for The Walkmen - Wake Up: Error code: 429 - {'error': {'message': 'Too Many Requests', 'type': 'too_many_requests', 'param': None, 'code': 'too_many_requests'}}
Failed for Armin Van Buuren - Hold On To Me (Feat. Audrey Gallagher): Error code: 429 - {'error': {'message': 'Too Many Requests', 'type': 'too_many_requests', 'param': None, 'code': 'too_many_requests'}}
Failed for Story Of The Year - Razorblades: Error code: 429 - {'error': {'message': 'Too Many Requests', 'type': 'too_many_requests', 'param': None, 'code': 'too_many_requests'}}
Failed for Chevelle - Prove To You: Error code: 429 - {'error': {'message': 'Too Many Requests', 'type': 'too_many_requests', 'param': None, 'code': 'too_many_requests'}}
Failed for Justin Timberlake - Take It From Here: Error code: 429 - {'error': {'message': 'Too Many Requests', 'type': 'too_many_requests', 'param': None, 'code': 'too_many_requests'}}
Failed for Orchestral Manoeuvres In The Dark - Motion And Heart: Error code: 429 - {'error': {'message': 'Too Many Requests', 'type': 'too_many_requests', 'param': None, 'code': 'too_many_requests'}}
Failed for Orchestral Manoeuvres In The Dark - Julia'S Song: Error code: 429 - {'error': {'message': 'Too Many Requests', 'type': 'too_many_requests', 'param': None, 'code': 'too_many_requests'}}
Failed for Kelly Clarkson - Cry: Error code: 429 - {'error': {'message': 'Too Many Requests', 'type': 'too_many_requests', 'param': None, 'code': 'too_many_requests'}}
Failed for Mouse On Mars - Gogonal: Error code: 429 - {'error': {'message': 'Too Many Requests', 'type': 'too_many_requests', 'param': None, 'code': 'too_many_requests'}}
Failed for Kelly Clarkson - Go: Error code: 429 - {'error': {'message': 'Too Many Requests', 'type': 'too_many_requests', 'param': None, 'code': 'too_many_requests'}}
Failed for Seabound - Castaway: Error code: 429 - {'error': {'message': 'Too Many Requests', 'type': 'too_many_requests', 'param': None, 'code': 'too_many_requests'}}
Failed for The Jesus And Mary Chain - She: Error code: 429 - {'error': {'message': 'Too Many Requests', 'type': 'too_many_requests', 'param': None, 'code': 'too_many_requests'}}
Failed for Tujiko Noriko - Endless End: Error code: 429 - {'error': {'message': 'Too Many Requests', 'type': 'too_many_requests', 'param': None, 'code': 'too_many_requests'}}
Failed for Genesis - Please Don'T Ask: Error code: 429 - {'error': {'message': 'Too Many Requests', 'type': 'too_many_requests', 'param': None, 'code': 'too_many_requests'}}
Failed for Mägo De Oz - En Un Lugar...: Error code: 429 - {'error': {'message': 'Too Many Requests', 'type': 'too_many_requests', 'param': None, 'code': 'too_many_requests'}}
Failed for Mägo De Oz - El Señor De Los Gramillos: Error code: 429 - {'error': {'message': 'Too Many Requests', 'type': 'too_many_requests', 'param': None, 'code': 'too_many_requests'}}
Failed for The San Francisco Gay Men'S Chorus - My Mother Taught Me Well: Error code: 429 - {'error': {'message': 'Too Many Requests', 'type': 'too_many_requests', 'param': None, 'code': 'too_many_requests'}}
Failed for The San Francisco Gay Men'S Chorus - Now Give Three Cheers: Error code: 429 - {'error': {'message': 'Too Many Requests', 'type': 'too_many_requests', 'param': None, 'code': 'too_many_requests'}}
Failed for Catherine Wheel - I Confess: Error code: 429 - {'error': {'message': 'Too Many Requests', 'type': 'too_many_requests', 'param': None, 'code': 'too_many_requests'}}
Failed for Mary J. Blige - Your Child (Junior Vasquez Remix): Error code: 429 - {'error': {'message': 'Too Many Requests', 'type': 'too_many_requests', 'param': None, 'code': 'too_many_requests'}}
Failed for The San Francisco Gay Men'S Chorus - When I Was A Girl: Error code: 429 - {'error': {'message': 'Too Many Requests', 'type': 'too_many_requests', 'param': None, 'code': 'too_many_requests'}}
Failed for Atomic Kitten - Whole Again: Error code: 429 - {'error': {'message': 'Too Many Requests', 'type': 'too_many_requests', 'param': None, 'code': 'too_many_requests'}}
Failed for Strachy Na Lachy - Btw (Mamy Tylko Siebie): Error code: 429 - {'error': {'message': 'Too Many Requests', 'type': 'too_many_requests', 'param': None, 'code': 'too_many_requests'}}
Failed for The San Francisco Gay Men'S Chorus - Can I Survive (Part Two): Error code: 429 - {'error': {'message': 'Too Many Requests', 'type': 'too_many_requests', 'param': None, 'code': 'too_many_requests'}}
Failed for Godsmack - Bad Religion: Error code: 429 - {'error': {'message': 'Too Many Requests', 'type': 'too_many_requests', 'param': None, 'code': 'too_many_requests'}}
Failed for Ac/Dc - Whiskey On The Rocks: Error code: 429 - {'error': {'message': 'Too Many Requests', 'type': 'too_many_requests', 'param': None, 'code': 'too_many_requests'}}
Failed for Motörhead - Tear Ya Down: Error code: 429 - {'error': {'message': 'Too Many Requests', 'type': 'too_many_requests', 'param': None, 'code': 'too_many_requests'}}
Failed for Moulin Rouge - El Tango De Roxanne: Error code: 429 - {'error': {'message': 'Too Many Requests', 'type': 'too_many_requests', 'param': None, 'code': 'too_many_requests'}}
Failed for This Mortal Coil - I Come And Stand At Every Door: Error code: 429 - {'error': {'message': 'Too Many Requests', 'type': 'too_many_requests', 'param': None, 'code': 'too_many_requests'}}
Failed for Catatonia - Karaoke Queen: Error code: 429 - {'error': {'message': 'Too Many Requests', 'type': 'too_many_requests', 'param': None, 'code': 'too_many_requests'}}
Failed for Catamenia - The Ancient: Error code: 429 - {'error': {'message': 'Too Many Requests', 'type': 'too_many_requests', 'param': None, 'code': 'too_many_requests'}}
Failed for Justin Timberlake - Lovestoned/I Think She Knows (Kaskade Remix): Error code: 429 - {'error': {'message': 'Too Many Requests', 'type': 'too_many_requests', 'param': None, 'code': 'too_many_requests'}}
Failed for Chicane - Love On The Run: Error code: 429 - {'error': {'message': 'Too Many Requests', 'type': 'too_many_requests', 'param': None, 'code': 'too_many_requests'}}
Failed for Godsmack - Moon Baby: Error code: 429 - {'error': {'message': 'Too Many Requests', 'type': 'too_many_requests', 'param': None, 'code': 'too_many_requests'}}
Failed for Godsmack - Running Blind: Error code: 429 - {'error': {'message': 'Too Many Requests', 'type': 'too_many_requests', 'param': None, 'code': 'too_many_requests'}}
Failed for Justin Timberlake - Sexy Ladies: Error code: 429 - {'error': {'message': 'Too Many Requests', 'type': 'too_many_requests', 'param': None, 'code': 'too_many_requests'}}
Failed for Three Dead Trolls In A Baggie - Every Os Sucks: Error code: 429 - {'error': {'message': 'Too Many Requests', 'type': 'too_many_requests', 'param': None, 'code': 'too_many_requests'}}
Failed for Andy Williams - Moon River: Error code: 429 - {'error': {'message': 'Too Many Requests', 'type': 'too_many_requests', 'param': None, 'code': 'too_many_requests'}}
Failed for Andy Moor - Halcyon: Error code: 429 - {'error': {'message': 'Too Many Requests', 'type': 'too_many_requests', 'param': None, 'code': 'too_many_requests'}}
Failed for Live - Stage: Error code: 429 - {'error': {'message': 'Too Many Requests', 'type': 'too_many_requests', 'param': None, 'code': 'too_many_requests'}}
Failed for Bono Must Die - We'Re Better Than You: Error code: 429 - {'error': {'message': 'Too Many Requests', 'type': 'too_many_requests', 'param': None, 'code': 'too_many_requests'}}
Failed for Chicane - Halcyon: Error code: 429 - {'error': {'message': 'Too Many Requests', 'type': 'too_many_requests', 'param': None, 'code': 'too_many_requests'}}
Failed for Bonnie Tyler - It'S A Heartache: Error code: 429 - {'error': {'message': 'Too Many Requests', 'type': 'too_many_requests', 'param': None, 'code': 'too_many_requests'}}
Failed for Strapping Young Lad - Critic: Error code: 429 - {'error': {'message': 'Too Many Requests', 'type': 'too_many_requests', 'param': None, 'code': 'too_many_requests'}}
Failed for Chicane - Leaving Town: Error code: 429 - {'error': {'message': 'Too Many Requests', 'type': 'too_many_requests', 'param': None, 'code': 'too_many_requests'}}
Failed for Ozzy Osbourne - I Don'T Know (Live): Error code: 429 - {'error': {'message': 'Too Many Requests', 'type': 'too_many_requests', 'param': None, 'code': 'too_many_requests'}}
Failed for D'Espairsray - Marry Of The Blood: Error code: 429 - {'error': {'message': 'Too Many Requests', 'type': 'too_many_requests', 'param': None, 'code': 'too_many_requests'}}
Failed for Ozzy Osbourne - Iron Man: Error code: 429 - {'error': {'message': 'Too Many Requests', 'type': 'too_many_requests', 'param': None, 'code': 'too_many_requests'}}
Failed for The Get Up Kids - All That I Know: Error code: 429 - {'error': {'message': 'Too Many Requests', 'type': 'too_many_requests', 'param': None, 'code': 'too_many_requests'}}
Failed for Rihanna - Umbrella (Jody Den Broeder Lush Club Remix): Error code: 429 - {'error': {'message': 'Too Many Requests', 'type': 'too_many_requests', 'param': None, 'code': 'too_many_requests'}}
Failed for Kelpe - Shipwreck Glue: Error code: 429 - {'error': {'message': 'Too Many Requests', 'type': 'too_many_requests', 'param': None, 'code': 'too_many_requests'}}
Failed for Fellini - Rock Europeu: Error code: 429 - {'error': {'message': 'Too Many Requests', 'type': 'too_many_requests', 'param': None, 'code': 'too_many_requests'}}
Failed for Rise Against - Black Masks & Gasoline: Error code: 429 - {'error': {'message': 'Too Many Requests', 'type': 'too_many_requests', 'param': None, 'code': 'too_many_requests'}}
Failed for Ac/Dc - D.T.: Error code: 429 - {'error': {'message': 'Too Many Requests', 'type': 'too_many_requests', 'param': None, 'code': 'too_many_requests'}}
Failed for The Black Heart Procession - Did You Wonder: Error code: 429 - {'error': {'message': 'Too Many Requests', 'type': 'too_many_requests', 'param': None, 'code': 'too_many_requests'}}
Failed for The Black Heart Procession - Gps: Error code: 429 - {'error': {'message': 'Too Many Requests', 'type': 'too_many_requests', 'param': None, 'code': 'too_many_requests'}}
Failed for Alcoholic Death - Bitch Harlot: Error code: 429 - {'error': {'message': 'Too Many Requests', 'type': 'too_many_requests', 'param': None, 'code': 'too_many_requests'}}
Failed for Woven Hand - Deerskin Doll: Error code: 429 - {'error': {'message': 'Too Many Requests', 'type': 'too_many_requests', 'param': None, 'code': 'too_many_requests'}}
Failed for Ozzy Osbourne - The Almighty Dollar: Error code: 429 - {'error': {'message': 'Too Many Requests', 'type': 'too_many_requests', 'param': None, 'code': 'too_many_requests'}}
Failed for Ozzy Osbourne - You'Re No Different: Error code: 429 - {'error': {'message': 'Too Many Requests', 'type': 'too_many_requests', 'param': None, 'code': 'too_many_requests'}}
Failed for Motörhead - Going To Brazil: Error code: 429 - {'error': {'message': 'Too Many Requests', 'type': 'too_many_requests', 'param': None, 'code': 'too_many_requests'}}
Failed for Rinaldi Sings - This Time Tomorrow: Error code: 429 - {'error': {'message': 'Too Many Requests', 'type': 'too_many_requests', 'param': None, 'code': 'too_many_requests'}}
Failed for Motörhead - Emergency: Error code: 429 - {'error': {'message': 'Too Many Requests', 'type': 'too_many_requests', 'param': None, 'code': 'too_many_requests'}}
Failed for Elton John - I Don'T Wanna Go On With You Like That: Error code: 429 - {'error': {'message': 'Too Many Requests', 'type': 'too_many_requests', 'param': None, 'code': 'too_many_requests'}}
Failed for Ani Difranco - Anticipate: Error code: 429 - {'error': {'message': 'Too Many Requests', 'type': 'too_many_requests', 'param': None, 'code': 'too_many_requests'}}
Failed for Ac/Dc - Hold Me Back: Error code: 429 - {'error': {'message': 'Too Many Requests', 'type': 'too_many_requests', 'param': None, 'code': 'too_many_requests'}}
Failed for Fennesz - Circassian: Error code: 429 - {'error': {'message': 'Too Many Requests', 'type': 'too_many_requests', 'param': None, 'code': 'too_many_requests'}}
Failed for Ani Difranco - As Is: Error code: 429 - {'error': {'message': 'Too Many Requests', 'type': 'too_many_requests', 'param': None, 'code': 'too_many_requests'}}
Failed for Cat Stevens - Sitting: Error code: 429 - {'error': {'message': 'Too Many Requests', 'type': 'too_many_requests', 'param': None, 'code': 'too_many_requests'}}
Failed for Motörhead - Ridin' With The Driver: Error code: 429 - {'error': {'message': 'Too Many Requests', 'type': 'too_many_requests', 'param': None, 'code': 'too_many_requests'}}
Failed for Beyoncé - Green Light: Error code: 429 - {'error': {'message': 'Too Many Requests', 'type': 'too_many_requests', 'param': None, 'code': 'too_many_requests'}}
Failed for Motörhead - Motorhead: Error code: 429 - {'error': {'message': 'Too Many Requests', 'type': 'too_many_requests', 'param': None, 'code': 'too_many_requests'}}
Failed for Stars - Ageless Beauty (The Most Serene Republic Remix): Error code: 429 - {'error': {'message': 'Too Many Requests', 'type': 'too_many_requests', 'param': None, 'code': 'too_many_requests'}}
Failed for Atmosphere - In Her Music Box: Error code: 429 - {'error': {'message': 'Too Many Requests', 'type': 'too_many_requests', 'param': None, 'code': 'too_many_requests'}}
Failed for Ani Difranco - Coming Up: Error code: 429 - {'error': {'message': 'Too Many Requests', 'type': 'too_many_requests', 'param': None, 'code': 'too_many_requests'}}
Failed for Genesis - After The Ordeal: Error code: 429 - {'error': {'message': 'Too Many Requests', 'type': 'too_many_requests', 'param': None, 'code': 'too_many_requests'}}
Failed for Genesis - Aisle Of Plenty: Error code: 429 - {'error': {'message': 'Too Many Requests', 'type': 'too_many_requests', 'param': None, 'code': 'too_many_requests'}}
Failed for Donell Jones - I'M Gonna Be: Error code: 429 - {'error': {'message': 'Too Many Requests', 'type': 'too_many_requests', 'param': None, 'code': 'too_many_requests'}}
Failed for Slick Idiot - Lazy: Error code: 429 - {'error': {'message': 'Too Many Requests', 'type': 'too_many_requests', 'param': None, 'code': 'too_many_requests'}}
Failed for Matisyahu - Exaltation: Error code: 429 - {'error': {'message': 'Too Many Requests', 'type': 'too_many_requests', 'param': None, 'code': 'too_many_requests'}}
Failed for Ken Ring - Ta Det Lugnt: Error code: 429 - {'error': {'message': 'Too Many Requests', 'type': 'too_many_requests', 'param': None, 'code': 'too_many_requests'}}
Failed for The Rolling Stones - Prodigal Son: Error code: 429 - {'error': {'message': 'Too Many Requests', 'type': 'too_many_requests', 'param': None, 'code': 'too_many_requests'}}
2600/2988 done
Failed for P!Nk - It'S All Your Fault: Error code: 429 - {'error': {'message': 'Too Many Requests', 'type': 'too_many_requests', 'param': None, 'code': 'too_many_requests'}}
Failed for Hole - Gold Dust Woman: Error code: 429 - {'error': {'message': 'Too Many Requests', 'type': 'too_many_requests', 'param': None, 'code': 'too_many_requests'}}
Failed for Basement Jaxx - Take Me Home: Error code: 429 - {'error': {'message': 'Too Many Requests', 'type': 'too_many_requests', 'param': None, 'code': 'too_many_requests'}}
Failed for Ozzy Osbourne - That I Never Had: Error code: 429 - {'error': {'message': 'Too Many Requests', 'type': 'too_many_requests', 'param': None, 'code': 'too_many_requests'}}
Failed for Tegan And Sara - Don'T Confess: Error code: 429 - {'error': {'message': 'Too Many Requests', 'type': 'too_many_requests', 'param': None, 'code': 'too_many_requests'}}
Failed for Atmosphere - Hair: Error code: 429 - {'error': {'message': 'Too Many Requests', 'type': 'too_many_requests', 'param': None, 'code': 'too_many_requests'}}
Failed for Atmosphere - Godlovesugly: Error code: 429 - {'error': {'message': 'Too Many Requests', 'type': 'too_many_requests', 'param': None, 'code': 'too_many_requests'}}
Failed for Rise Against - Everchanging: Error code: 429 - {'error': {'message': 'Too Many Requests', 'type': 'too_many_requests', 'param': None, 'code': 'too_many_requests'}}
Failed for Mötley Crüe - Dragstrip Superstar: Error code: 429 - {'error': {'message': 'Too Many Requests', 'type': 'too_many_requests', 'param': None, 'code': 'too_many_requests'}}
Failed for Justice - Intro: Error code: 429 - {'error': {'message': 'Too Many Requests', 'type': 'too_many_requests', 'param': None, 'code': 'too_many_requests'}}
Failed for Strapping Young Lad - Relentless: Error code: 429 - {'error': {'message': 'Too Many Requests', 'type': 'too_many_requests', 'param': None, 'code': 'too_many_requests'}}
Failed for Strange Cargo - Million Town: Error code: 429 - {'error': {'message': 'Too Many Requests', 'type': 'too_many_requests', 'param': None, 'code': 'too_many_requests'}}
Failed for The Get Up Kids - Forgive And Forget: Error code: 429 - {'error': {'message': 'Too Many Requests', 'type': 'too_many_requests', 'param': None, 'code': 'too_many_requests'}}
Failed for Strapping Young Lad - The New Black: Error code: 429 - {'error': {'message': 'Too Many Requests', 'type': 'too_many_requests', 'param': None, 'code': 'too_many_requests'}}
Failed for The Tea Party - Psychopomp: Error code: 429 - {'error': {'message': 'Too Many Requests', 'type': 'too_many_requests', 'param': None, 'code': 'too_many_requests'}}
Failed for P Diddy Ft Keisha Cole - Last Night: Error code: 429 - {'error': {'message': 'Too Many Requests', 'type': 'too_many_requests', 'param': None, 'code': 'too_many_requests'}}
Failed for What Made Milwaukee Famous - The Right Place: Error code: 429 - {'error': {'message': 'Too Many Requests', 'type': 'too_many_requests', 'param': None, 'code': 'too_many_requests'}}
Failed for Cunninlynguists - Nothing To Give: Error code: 429 - {'error': {'message': 'Too Many Requests', 'type': 'too_many_requests', 'param': None, 'code': 'too_many_requests'}}
Failed for Cunninlynguists - Old School: Error code: 429 - {'error': {'message': 'Too Many Requests', 'type': 'too_many_requests', 'param': None, 'code': 'too_many_requests'}}
Failed for James Brown - Get Up (I Feel Like Being A) Sex Machine: Error code: 429 - {'error': {'message': 'Too Many Requests', 'type': 'too_many_requests', 'param': None, 'code': 'too_many_requests'}}
Failed for Battles - Tras: Error code: 429 - {'error': {'message': 'Too Many Requests', 'type': 'too_many_requests', 'param': None, 'code': 'too_many_requests'}}
Failed for Battles - Tras 3: Error code: 429 - {'error': {'message': 'Too Many Requests', 'type': 'too_many_requests', 'param': None, 'code': 'too_many_requests'}}
Failed for Gogol Bordello - Your Country: Error code: 429 - {'error': {'message': 'Too Many Requests', 'type': 'too_many_requests', 'param': None, 'code': 'too_many_requests'}}
Failed for Heróis Do Mar - Nunca Mais: Error code: 429 - {'error': {'message': 'Too Many Requests', 'type': 'too_many_requests', 'param': None, 'code': 'too_many_requests'}}
Failed for Magnet & Gemma Hayes - Lay Lady Lay: Error code: 429 - {'error': {'message': 'Too Many Requests', 'type': 'too_many_requests', 'param': None, 'code': 'too_many_requests'}}
Failed for Unkle - Persons & Machinery (Instrumental): Error code: 429 - {'error': {'message': 'Too Many Requests', 'type': 'too_many_requests', 'param': None, 'code': 'too_many_requests'}}
Failed for Amadou & Mariam - Beau Dimanche: Error code: 429 - {'error': {'message': 'Too Many Requests', 'type': 'too_many_requests', 'param': None, 'code': 'too_many_requests'}}
Failed for Ludwig Van Beethoven - 5Th Symphony: Error code: 429 - {'error': {'message': 'Too Many Requests', 'type': 'too_many_requests', 'param': None, 'code': 'too_many_requests'}}
Failed for Pj Harvey - Who The Fuck: Error code: 429 - {'error': {'message': 'Too Many Requests', 'type': 'too_many_requests', 'param': None, 'code': 'too_many_requests'}}
Failed for What Made Milwaukee Famous - Sultan: Error code: 429 - {'error': {'message': 'Too Many Requests', 'type': 'too_many_requests', 'param': None, 'code': 'too_many_requests'}}
Failed for Mamonas Assassinas - Robocop Gay: Error code: 429 - {'error': {'message': 'Too Many Requests', 'type': 'too_many_requests', 'param': None, 'code': 'too_many_requests'}}
Failed for Alanis Morissette - I'M A Bitch: Error code: 429 - {'error': {'message': 'Too Many Requests', 'type': 'too_many_requests', 'param': None, 'code': 'too_many_requests'}}
Failed for Entwine - Losing The Ground: Error code: 429 - {'error': {'message': 'Too Many Requests', 'type': 'too_many_requests', 'param': None, 'code': 'too_many_requests'}}
Failed for Pj Harvey - Who Will Love Me Now?: Error code: 429 - {'error': {'message': 'Too Many Requests', 'type': 'too_many_requests', 'param': None, 'code': 'too_many_requests'}}
Failed for Rise Against - The Strength To Go On: Error code: 429 - {'error': {'message': 'Too Many Requests', 'type': 'too_many_requests', 'param': None, 'code': 'too_many_requests'}}
Failed for Keren Ann - It Ain'T No Crime: Error code: 429 - {'error': {'message': 'Too Many Requests', 'type': 'too_many_requests', 'param': None, 'code': 'too_many_requests'}}
Failed for Ani Difranco - Light Of Some Kind: Error code: 429 - {'error': {'message': 'Too Many Requests', 'type': 'too_many_requests', 'param': None, 'code': 'too_many_requests'}}
Failed for Gay Against You - Gay Unicorn: Error code: 429 - {'error': {'message': 'Too Many Requests', 'type': 'too_many_requests', 'param': None, 'code': 'too_many_requests'}}
Failed for Matt Costa - Desire'S Only Fling: Error code: 429 - {'error': {'message': 'Too Many Requests', 'type': 'too_many_requests', 'param': None, 'code': 'too_many_requests'}}
Failed for Ani Difranco - Letter To A John: Error code: 429 - {'error': {'message': 'Too Many Requests', 'type': 'too_many_requests', 'param': None, 'code': 'too_many_requests'}}
Failed for Vitalic - Juliet India: Error code: 429 - {'error': {'message': 'Too Many Requests', 'type': 'too_many_requests', 'param': None, 'code': 'too_many_requests'}}
Failed for Marvin Gaye - Right On: Error code: 429 - {'error': {'message': 'Too Many Requests', 'type': 'too_many_requests', 'param': None, 'code': 'too_many_requests'}}
Failed for Gojira - Clone: Error code: 429 - {'error': {'message': 'Too Many Requests', 'type': 'too_many_requests', 'param': None, 'code': 'too_many_requests'}}
Failed for Elvis Presley - Wooden Heart: Error code: 429 - {'error': {'message': 'Too Many Requests', 'type': 'too_many_requests', 'param': None, 'code': 'too_many_requests'}}
Failed for Ultrasport - Nothing Can Go Wrong: Error code: 429 - {'error': {'message': 'Too Many Requests', 'type': 'too_many_requests', 'param': None, 'code': 'too_many_requests'}}
Failed for Cat Power - Babydoll: Error code: 429 - {'error': {'message': 'Too Many Requests', 'type': 'too_many_requests', 'param': None, 'code': 'too_many_requests'}}
Failed for Mötley Crüe - Porno Star: Error code: 429 - {'error': {'message': 'Too Many Requests', 'type': 'too_many_requests', 'param': None, 'code': 'too_many_requests'}}
Failed for Placebo - Been Smoking Too Long: Error code: 429 - {'error': {'message': 'Too Many Requests', 'type': 'too_many_requests', 'param': None, 'code': 'too_many_requests'}}
Failed for The Juliana Hatfield Three - Feelin' Massachusetts: Error code: 429 - {'error': {'message': 'Too Many Requests', 'type': 'too_many_requests', 'param': None, 'code': 'too_many_requests'}}
Failed for Cat Power - Blue: Error code: 429 - {'error': {'message': 'Too Many Requests', 'type': 'too_many_requests', 'param': None, 'code': 'too_many_requests'}}
Failed for Stratovarius - Destiny: Error code: 429 - {'error': {'message': 'Too Many Requests', 'type': 'too_many_requests', 'param': None, 'code': 'too_many_requests'}}
Failed for Jurassic 5 - Contact: Error code: 429 - {'error': {'message': 'Too Many Requests', 'type': 'too_many_requests', 'param': None, 'code': 'too_many_requests'}}
Failed for Stratovarius - Hunting High And Low: Error code: 429 - {'error': {'message': 'Too Many Requests', 'type': 'too_many_requests', 'param': None, 'code': 'too_many_requests'}}
Failed for Vitalic - My Friend Dario (Dima Prefers Newbeat Mix): Error code: 429 - {'error': {'message': 'Too Many Requests', 'type': 'too_many_requests', 'param': None, 'code': 'too_many_requests'}}
Failed for Gojira - Torii: Error code: 429 - {'error': {'message': 'Too Many Requests', 'type': 'too_many_requests', 'param': None, 'code': 'too_many_requests'}}
Failed for Kent - Oprofessionell: Error code: 429 - {'error': {'message': 'Too Many Requests', 'type': 'too_many_requests', 'param': None, 'code': 'too_many_requests'}}
Failed for Kent - Things She Said: Error code: 429 - {'error': {'message': 'Too Many Requests', 'type': 'too_many_requests', 'param': None, 'code': 'too_many_requests'}}
Failed for Kent - Saker Man Ser: Error code: 429 - {'error': {'message': 'Too Many Requests', 'type': 'too_many_requests', 'param': None, 'code': 'too_many_requests'}}
Failed for Aoki Takamasa - Cover Your Ears: Error code: 429 - {'error': {'message': 'Too Many Requests', 'type': 'too_many_requests', 'param': None, 'code': 'too_many_requests'}}
Failed for Kent - Ensammast I Sverige: Error code: 429 - {'error': {'message': 'Too Many Requests', 'type': 'too_many_requests', 'param': None, 'code': 'too_many_requests'}}
Failed for Botch - Japam: Error code: 429 - {'error': {'message': 'Too Many Requests', 'type': 'too_many_requests', 'param': None, 'code': 'too_many_requests'}}
Failed for The Juliana Hatfield Three - President Garfield: Error code: 429 - {'error': {'message': 'Too Many Requests', 'type': 'too_many_requests', 'param': None, 'code': 'too_many_requests'}}
Failed for Fennesz - The Other Face: Error code: 429 - {'error': {'message': 'Too Many Requests', 'type': 'too_many_requests', 'param': None, 'code': 'too_many_requests'}}
Failed for D.R.I. - Strategy: Error code: 429 - {'error': {'message': 'Too Many Requests', 'type': 'too_many_requests', 'param': None, 'code': 'too_many_requests'}}
Failed for Israel KamakawiwoʻOle - Over The Rainbow: Error code: 429 - {'error': {'message': 'Too Many Requests', 'type': 'too_many_requests', 'param': None, 'code': 'too_many_requests'}}
Failed for Isolée - Jelly Baby/Fish: Error code: 429 - {'error': {'message': 'Too Many Requests', 'type': 'too_many_requests', 'param': None, 'code': 'too_many_requests'}}
Failed for Unkle - Burn My Shadow (Feat. Ian Astbury): Error code: 429 - {'error': {'message': 'Too Many Requests', 'type': 'too_many_requests', 'param': None, 'code': 'too_many_requests'}}
Failed for Blind Guardian - Thorn: Error code: 429 - {'error': {'message': 'Too Many Requests', 'type': 'too_many_requests', 'param': None, 'code': 'too_many_requests'}}
Failed for Motel - Y Te Vas: Error code: 429 - {'error': {'message': 'Too Many Requests', 'type': 'too_many_requests', 'param': None, 'code': 'too_many_requests'}}
Failed for Kettcar - Lattenmessen: Error code: 429 - {'error': {'message': 'Too Many Requests', 'type': 'too_many_requests', 'param': None, 'code': 'too_many_requests'}}
Failed for Basement Jaxx - Plug It In: Error code: 429 - {'error': {'message': 'Too Many Requests', 'type': 'too_many_requests', 'param': None, 'code': 'too_many_requests'}}
Failed for Westlife - Unbreakable: Error code: 429 - {'error': {'message': 'Too Many Requests', 'type': 'too_many_requests', 'param': None, 'code': 'too_many_requests'}}
Failed for The Briefs - Normal Jerks: Error code: 429 - {'error': {'message': 'Too Many Requests', 'type': 'too_many_requests', 'param': None, 'code': 'too_many_requests'}}
Failed for The Brilliant Green - Ash Like Snow: Error code: 429 - {'error': {'message': 'Too Many Requests', 'type': 'too_many_requests', 'param': None, 'code': 'too_many_requests'}}
Failed for Children Of Bodom - Shot In The Dark: Error code: 429 - {'error': {'message': 'Too Many Requests', 'type': 'too_many_requests', 'param': None, 'code': 'too_many_requests'}}
Failed for The Gathering - In Motion #2: Error code: 429 - {'error': {'message': 'Too Many Requests', 'type': 'too_many_requests', 'param': None, 'code': 'too_many_requests'}}
Failed for Slayer - Can'T Stand You: Error code: 429 - {'error': {'message': 'Too Many Requests', 'type': 'too_many_requests', 'param': None, 'code': 'too_many_requests'}}
Failed for The Gathering - On Most Surfaces: Error code: 429 - {'error': {'message': 'Too Many Requests', 'type': 'too_many_requests', 'param': None, 'code': 'too_many_requests'}}
Failed for The Briefs - Genital General: Error code: 429 - {'error': {'message': 'Too Many Requests', 'type': 'too_many_requests', 'param': None, 'code': 'too_many_requests'}}
Failed for Placebo - Running Up That Hill (Live From Santiago): Error code: 429 - {'error': {'message': 'Too Many Requests', 'type': 'too_many_requests', 'param': None, 'code': 'too_many_requests'}}
Failed for Sinking Ships - Grace: Error code: 429 - {'error': {'message': 'Too Many Requests', 'type': 'too_many_requests', 'param': None, 'code': 'too_many_requests'}}
Failed for The Submarines - Brightest Hour: Error code: 429 - {'error': {'message': 'Too Many Requests', 'type': 'too_many_requests', 'param': None, 'code': 'too_many_requests'}}
Failed for Placebo - Pure Morning (Radio Edit): Error code: 429 - {'error': {'message': 'Too Many Requests', 'type': 'too_many_requests', 'param': None, 'code': 'too_many_requests'}}
Failed for Holly Vallanee - Kiss Kiss: Error code: 429 - {'error': {'message': 'Too Many Requests', 'type': 'too_many_requests', 'param': None, 'code': 'too_many_requests'}}
Failed for The Briefs - Stuck On You: Error code: 429 - {'error': {'message': 'Too Many Requests', 'type': 'too_many_requests', 'param': None, 'code': 'too_many_requests'}}
Failed for Tarwater - Across The Dial: Error code: 429 - {'error': {'message': 'Too Many Requests', 'type': 'too_many_requests', 'param': None, 'code': 'too_many_requests'}}
Failed for Bottla - None Of My Business: Error code: 429 - {'error': {'message': 'Too Many Requests', 'type': 'too_many_requests', 'param': None, 'code': 'too_many_requests'}}
Failed for Motion City Soundtrack - Fell In Love Without You: Error code: 429 - {'error': {'message': 'Too Many Requests', 'type': 'too_many_requests', 'param': None, 'code': 'too_many_requests'}}
Failed for Dead Kennedys - Halloween: Error code: 429 - {'error': {'message': 'Too Many Requests', 'type': 'too_many_requests', 'param': None, 'code': 'too_many_requests'}}
Failed for Ketil Bjørnstad - The Sea Part Ii: Error code: 429 - {'error': {'message': 'Too Many Requests', 'type': 'too_many_requests', 'param': None, 'code': 'too_many_requests'}}
Failed for Ketil Bjørnstad - Blue Man: Error code: 429 - {'error': {'message': 'Too Many Requests', 'type': 'too_many_requests', 'param': None, 'code': 'too_many_requests'}}
Failed for Moto Boy - Blue Motorbike: Error code: 429 - {'error': {'message': 'Too Many Requests', 'type': 'too_many_requests', 'param': None, 'code': 'too_many_requests'}}
Failed for Absurd Minds - The Focus: Error code: 429 - {'error': {'message': 'Too Many Requests', 'type': 'too_many_requests', 'param': None, 'code': 'too_many_requests'}}
Failed for Man Man - Hot Bat: Error code: 429 - {'error': {'message': 'Too Many Requests', 'type': 'too_many_requests', 'param': None, 'code': 'too_many_requests'}}
Failed for The Killers - Change Your Mind (Bonus Track): Error code: 429 - {'error': {'message': 'Too Many Requests', 'type': 'too_many_requests', 'param': None, 'code': 'too_many_requests'}}
Failed for Da Buzz - Wonder Where You Are: Error code: 429 - {'error': {'message': 'Too Many Requests', 'type': 'too_many_requests', 'param': None, 'code': 'too_many_requests'}}
Failed for Da Buzz - Last Goodbye: Error code: 429 - {'error': {'message': 'Too Many Requests', 'type': 'too_many_requests', 'param': None, 'code': 'too_many_requests'}}
Failed for Blue Man Group - Chant Jam: Error code: 429 - {'error': {'message': 'Too Many Requests', 'type': 'too_many_requests', 'param': None, 'code': 'too_many_requests'}}
2700/2988 done
Failed for Magazine - Recoil: Error code: 429 - {'error': {'message': 'Too Many Requests', 'type': 'too_many_requests', 'param': None, 'code': 'too_many_requests'}}
Failed for Straylight Run - Dignity And Money: Error code: 429 - {'error': {'message': 'Too Many Requests', 'type': 'too_many_requests', 'param': None, 'code': 'too_many_requests'}}
Failed for Dead Can Dance - Threshold: Error code: 429 - {'error': {'message': 'Too Many Requests', 'type': 'too_many_requests', 'param': None, 'code': 'too_many_requests'}}
Failed for The Gaslight Anthem - Meet Me By The River'S Edge: Error code: 429 - {'error': {'message': 'Too Many Requests', 'type': 'too_many_requests', 'param': None, 'code': 'too_many_requests'}}
Failed for Rasputina - Wicked Dickie: Error code: 429 - {'error': {'message': 'Too Many Requests', 'type': 'too_many_requests', 'param': None, 'code': 'too_many_requests'}}
Failed for Pierrot - Smiley Skeleton: Error code: 429 - {'error': {'message': 'Too Many Requests', 'type': 'too_many_requests', 'param': None, 'code': 'too_many_requests'}}
Failed for Children Of Bodom - Oops I Did It Again! (Britney Spears Cover): Error code: 429 - {'error': {'message': 'Too Many Requests', 'type': 'too_many_requests', 'param': None, 'code': 'too_many_requests'}}
Failed for Heróis Do Mar - Cachopa: Error code: 429 - {'error': {'message': 'Too Many Requests', 'type': 'too_many_requests', 'param': None, 'code': 'too_many_requests'}}
Failed for Debbie Loeb - Faraway (Valentin Radio Edit): Error code: 429 - {'error': {'message': 'Too Many Requests', 'type': 'too_many_requests', 'param': None, 'code': 'too_many_requests'}}
Failed for What Made Milwaukee Famous - Prevailing Wind: Error code: 429 - {'error': {'message': 'Too Many Requests', 'type': 'too_many_requests', 'param': None, 'code': 'too_many_requests'}}
Failed for The Briefs - Move Too Slow: Error code: 429 - {'error': {'message': 'Too Many Requests', 'type': 'too_many_requests', 'param': None, 'code': 'too_many_requests'}}
Failed for Stream Of Passion - Deceiver: Error code: 429 - {'error': {'message': 'Too Many Requests', 'type': 'too_many_requests', 'param': None, 'code': 'too_many_requests'}}
Failed for The Gaslight Anthem - 1930: Error code: 429 - {'error': {'message': 'Too Many Requests', 'type': 'too_many_requests', 'param': None, 'code': 'too_many_requests'}}
Failed for Goldmund - Marching Through Georgia: Error code: 429 - {'error': {'message': 'Too Many Requests', 'type': 'too_many_requests', 'param': None, 'code': 'too_many_requests'}}
Failed for Slayer - Captor Of Sin: Error code: 429 - {'error': {'message': 'Too Many Requests', 'type': 'too_many_requests', 'param': None, 'code': 'too_many_requests'}}
Failed for The Game - Let'S Ride (Produced By Scott Storch): Error code: 429 - {'error': {'message': 'Too Many Requests', 'type': 'too_many_requests', 'param': None, 'code': 'too_many_requests'}}
Failed for Junior Senior - Itch U Can'T Skratch: Error code: 429 - {'error': {'message': 'Too Many Requests', 'type': 'too_many_requests', 'param': None, 'code': 'too_many_requests'}}
Failed for The Gaslight Anthem - Even Cowgirls Get The Blues: Error code: 429 - {'error': {'message': 'Too Many Requests', 'type': 'too_many_requests', 'param': None, 'code': 'too_many_requests'}}
Failed for See-Saw - 君は僕に似ている: Error code: 429 - {'error': {'message': 'Too Many Requests', 'type': 'too_many_requests', 'param': None, 'code': 'too_many_requests'}}
Failed for Mother Love Bone - Bone China: Error code: 429 - {'error': {'message': 'Too Many Requests', 'type': 'too_many_requests', 'param': None, 'code': 'too_many_requests'}}
Failed for Limp Bizkit - Let Me Down: Error code: 429 - {'error': {'message': 'Too Many Requests', 'type': 'too_many_requests', 'param': None, 'code': 'too_many_requests'}}
Failed for Limp Bizkit - Indigo Flow: Error code: 429 - {'error': {'message': 'Too Many Requests', 'type': 'too_many_requests', 'param': None, 'code': 'too_many_requests'}}
Failed for Elton John - Captain Fantastic And The Brown Dirt Cowboy: Error code: 429 - {'error': {'message': 'Too Many Requests', 'type': 'too_many_requests', 'param': None, 'code': 'too_many_requests'}}
Failed for Matt Nathanson - I Saw: Error code: 429 - {'error': {'message': 'Too Many Requests', 'type': 'too_many_requests', 'param': None, 'code': 'too_many_requests'}}
Failed for Dope Stars Inc. - Technologic Age: Error code: 429 - {'error': {'message': 'Too Many Requests', 'type': 'too_many_requests', 'param': None, 'code': 'too_many_requests'}}
Failed for Zeraphine - Blind Camera I: Error code: 429 - {'error': {'message': 'Too Many Requests', 'type': 'too_many_requests', 'param': None, 'code': 'too_many_requests'}}
Failed for Mos Def - Know That: Error code: 429 - {'error': {'message': 'Too Many Requests', 'type': 'too_many_requests', 'param': None, 'code': 'too_many_requests'}}
Failed for Ani Difranco - Modulation: Error code: 429 - {'error': {'message': 'Too Many Requests', 'type': 'too_many_requests', 'param': None, 'code': 'too_many_requests'}}
Failed for Staind - Fade (Album Version): Error code: 429 - {'error': {'message': 'Too Many Requests', 'type': 'too_many_requests', 'param': None, 'code': 'too_many_requests'}}
Failed for Doro - Fall For Me Again: Error code: 429 - {'error': {'message': 'Too Many Requests', 'type': 'too_many_requests', 'param': None, 'code': 'too_many_requests'}}
Failed for Mors Principium Est - Another Creation: Error code: 429 - {'error': {'message': 'Too Many Requests', 'type': 'too_many_requests', 'param': None, 'code': 'too_many_requests'}}
Failed for Staind - Mudshovel: Error code: 429 - {'error': {'message': 'Too Many Requests', 'type': 'too_many_requests', 'param': None, 'code': 'too_many_requests'}}
Failed for Mors Principium Est - The Oppressed Will Rise: Error code: 429 - {'error': {'message': 'Too Many Requests', 'type': 'too_many_requests', 'param': None, 'code': 'too_many_requests'}}
Failed for Dorsal Atlântica - Caçador Da Noite: Error code: 429 - {'error': {'message': 'Too Many Requests', 'type': 'too_many_requests', 'param': None, 'code': 'too_many_requests'}}
Failed for The Game - Angel (Feat. Common): Error code: 429 - {'error': {'message': 'Too Many Requests', 'type': 'too_many_requests', 'param': None, 'code': 'too_many_requests'}}
Failed for Nada Surf - Ice On The Wing: Error code: 429 - {'error': {'message': 'Too Many Requests', 'type': 'too_many_requests', 'param': None, 'code': 'too_many_requests'}}
Failed for Nada Surf - Armies Walk: Error code: 429 - {'error': {'message': 'Too Many Requests', 'type': 'too_many_requests', 'param': None, 'code': 'too_many_requests'}}
Failed for Jumbo - Fotografia: Error code: 429 - {'error': {'message': 'Too Many Requests', 'type': 'too_many_requests', 'param': None, 'code': 'too_many_requests'}}
Failed for Junior Boys - Three Words: Error code: 429 - {'error': {'message': 'Too Many Requests', 'type': 'too_many_requests', 'param': None, 'code': 'too_many_requests'}}
Failed for Junior Boys - Neon Rider: Error code: 429 - {'error': {'message': 'Too Many Requests', 'type': 'too_many_requests', 'param': None, 'code': 'too_many_requests'}}
Failed for Straylight Run - Sympathy For The Martyr: Error code: 429 - {'error': {'message': 'Too Many Requests', 'type': 'too_many_requests', 'param': None, 'code': 'too_many_requests'}}
Failed for Casiotone For The Painfully Alone - Students For Scarves & Charm: Error code: 429 - {'error': {'message': 'Too Many Requests', 'type': 'too_many_requests', 'param': None, 'code': 'too_many_requests'}}
Failed for Zeraphine - I Feel Your Trace: Error code: 429 - {'error': {'message': 'Too Many Requests', 'type': 'too_many_requests', 'param': None, 'code': 'too_many_requests'}}
Failed for Casiotone For The Painfully Alone - Half Ghost: Error code: 429 - {'error': {'message': 'Too Many Requests', 'type': 'too_many_requests', 'param': None, 'code': 'too_many_requests'}}
Failed for Good Charlotte - The River: Error code: 429 - {'error': {'message': 'Too Many Requests', 'type': 'too_many_requests', 'param': None, 'code': 'too_many_requests'}}
Failed for Good Charlotte - Riot Girl: Error code: 429 - {'error': {'message': 'Too Many Requests', 'type': 'too_many_requests', 'param': None, 'code': 'too_many_requests'}}
Failed for Disturbed - Torn: Error code: 429 - {'error': {'message': 'Too Many Requests', 'type': 'too_many_requests', 'param': None, 'code': 'too_many_requests'}}
Failed for Dive - Dead Or Alive: Error code: 429 - {'error': {'message': 'Too Many Requests', 'type': 'too_many_requests', 'param': None, 'code': 'too_many_requests'}}
Failed for The Futureheads - Thursday: Error code: 429 - {'error': {'message': 'Too Many Requests', 'type': 'too_many_requests', 'param': None, 'code': 'too_many_requests'}}
Failed for Stroke 9 - Little Black Backpack: Error code: 429 - {'error': {'message': 'Too Many Requests', 'type': 'too_many_requests', 'param': None, 'code': 'too_many_requests'}}
Failed for D.R.I. - You Say I'M Scum: Error code: 429 - {'error': {'message': 'Too Many Requests', 'type': 'too_many_requests', 'param': None, 'code': 'too_many_requests'}}
Failed for Caspian - Moksha: Error code: 429 - {'error': {'message': 'Too Many Requests', 'type': 'too_many_requests', 'param': None, 'code': 'too_many_requests'}}
Failed for Stam1Na - Kaikki Kääntyy Vielä Parhain Päin: Error code: 429 - {'error': {'message': 'Too Many Requests', 'type': 'too_many_requests', 'param': None, 'code': 'too_many_requests'}}
Failed for Keyshia Cole - Down And Dirty: Error code: 429 - {'error': {'message': 'Too Many Requests', 'type': 'too_many_requests', 'param': None, 'code': 'too_many_requests'}}
Failed for Casiotone For The Painfully Alone - Blue Corolla: Error code: 429 - {'error': {'message': 'Too Many Requests', 'type': 'too_many_requests', 'param': None, 'code': 'too_many_requests'}}
Failed for Andrius Mamontovas - Kitą Kartą: Error code: 429 - {'error': {'message': 'Too Many Requests', 'type': 'too_many_requests', 'param': None, 'code': 'too_many_requests'}}
Failed for Mortal Decay - Consumption: Error code: 429 - {'error': {'message': 'Too Many Requests', 'type': 'too_many_requests', 'param': None, 'code': 'too_many_requests'}}
Failed for Mortal Love - In The Sun: Error code: 429 - {'error': {'message': 'Too Many Requests', 'type': 'too_many_requests', 'param': None, 'code': 'too_many_requests'}}
Failed for Bonnie 'Prince' Billy - Then The Letting Go: Error code: 429 - {'error': {'message': 'Too Many Requests', 'type': 'too_many_requests', 'param': None, 'code': 'too_many_requests'}}
Failed for Martha Wainwright - Tv Show: Error code: 429 - {'error': {'message': 'Too Many Requests', 'type': 'too_many_requests', 'param': None, 'code': 'too_many_requests'}}
Failed for Dead Can Dance - Frontier: Error code: 429 - {'error': {'message': 'Too Many Requests', 'type': 'too_many_requests', 'param': None, 'code': 'too_many_requests'}}
Failed for Llorca - Lights Behind Windows: Error code: 429 - {'error': {'message': 'Too Many Requests', 'type': 'too_many_requests', 'param': None, 'code': 'too_many_requests'}}
Failed for Dabrye - D-Town Tabernacle Choir: Error code: 429 - {'error': {'message': 'Too Many Requests', 'type': 'too_many_requests', 'param': None, 'code': 'too_many_requests'}}
Failed for Orange Juice - Louise Louise: Error code: 429 - {'error': {'message': 'Too Many Requests', 'type': 'too_many_requests', 'param': None, 'code': 'too_many_requests'}}
Failed for The Black Crowes - Nonfiction: Error code: 429 - {'error': {'message': 'Too Many Requests', 'type': 'too_many_requests', 'param': None, 'code': 'too_many_requests'}}
Failed for Optimystic - Best Thing In The World [Radio Mix]: Error code: 429 - {'error': {'message': 'Too Many Requests', 'type': 'too_many_requests', 'param': None, 'code': 'too_many_requests'}}
Failed for Plain White T'S - Fireworks: Error code: 429 - {'error': {'message': 'Too Many Requests', 'type': 'too_many_requests', 'param': None, 'code': 'too_many_requests'}}
Failed for The Bronx - Cobra Lucha: Error code: 429 - {'error': {'message': 'Too Many Requests', 'type': 'too_many_requests', 'param': None, 'code': 'too_many_requests'}}
Failed for Vivian Or Kazuma - Moment 〜Tv Edit〜: Error code: 429 - {'error': {'message': 'Too Many Requests', 'type': 'too_many_requests', 'param': None, 'code': 'too_many_requests'}}
Failed for Disturbed - Criminal: Error code: 429 - {'error': {'message': 'Too Many Requests', 'type': 'too_many_requests', 'param': None, 'code': 'too_many_requests'}}
Failed for Choking Victim - Infested: Error code: 429 - {'error': {'message': 'Too Many Requests', 'type': 'too_many_requests', 'param': None, 'code': 'too_many_requests'}}
Failed for Biffy Clyro - Diary Of Always: Error code: 429 - {'error': {'message': 'Too Many Requests', 'type': 'too_many_requests', 'param': None, 'code': 'too_many_requests'}}
Failed for Disturbed - Divide: Error code: 429 - {'error': {'message': 'Too Many Requests', 'type': 'too_many_requests', 'param': None, 'code': 'too_many_requests'}}
Failed for Biffy Clyro - Solution Devices: Error code: 429 - {'error': {'message': 'Too Many Requests', 'type': 'too_many_requests', 'param': None, 'code': 'too_many_requests'}}
Failed for Tarja Turunen - Poison: Error code: 429 - {'error': {'message': 'Too Many Requests', 'type': 'too_many_requests', 'param': None, 'code': 'too_many_requests'}}
Failed for Orange Juice - Consolation Prize: Error code: 429 - {'error': {'message': 'Too Many Requests', 'type': 'too_many_requests', 'param': None, 'code': 'too_many_requests'}}
Failed for Ludacris - The Potion: Error code: 429 - {'error': {'message': 'Too Many Requests', 'type': 'too_many_requests', 'param': None, 'code': 'too_many_requests'}}
Failed for Man Man - Young Einstein On The Beach: Error code: 429 - {'error': {'message': 'Too Many Requests', 'type': 'too_many_requests', 'param': None, 'code': 'too_many_requests'}}
Failed for Blind Guardian - Banish From Sanctuary: Error code: 429 - {'error': {'message': 'Too Many Requests', 'type': 'too_many_requests', 'param': None, 'code': 'too_many_requests'}}
Failed for Orange Juice - Moscow: Error code: 429 - {'error': {'message': 'Too Many Requests', 'type': 'too_many_requests', 'param': None, 'code': 'too_many_requests'}}
Failed for Box Car Racer - And I: Error code: 429 - {'error': {'message': 'Too Many Requests', 'type': 'too_many_requests', 'param': None, 'code': 'too_many_requests'}}
Failed for Ani Difranco - Roll With It: Error code: 429 - {'error': {'message': 'Too Many Requests', 'type': 'too_many_requests', 'param': None, 'code': 'too_many_requests'}}
Failed for Box Car Racer - Watch The World: Error code: 429 - {'error': {'message': 'Too Many Requests', 'type': 'too_many_requests', 'param': None, 'code': 'too_many_requests'}}
Failed for Bowery Electric - Deep Sky Objects: Error code: 429 - {'error': {'message': 'Too Many Requests', 'type': 'too_many_requests', 'param': None, 'code': 'too_many_requests'}}
Failed for Bowery Electric - Passages: Error code: 429 - {'error': {'message': 'Too Many Requests', 'type': 'too_many_requests', 'param': None, 'code': 'too_many_requests'}}
Failed for Bowerbirds - In Our Talons: Error code: 429 - {'error': {'message': 'Too Many Requests', 'type': 'too_many_requests', 'param': None, 'code': 'too_many_requests'}}
Failed for Stacie Orrico - Take Me Away: Error code: 429 - {'error': {'message': 'Too Many Requests', 'type': 'too_many_requests', 'param': None, 'code': 'too_many_requests'}}
Failed for Limp Bizkit - Creamer (Radio Is Dead): Error code: 429 - {'error': {'message': 'Too Many Requests', 'type': 'too_many_requests', 'param': None, 'code': 'too_many_requests'}}
Failed for Dottie Danger - Почва: Error code: 429 - {'error': {'message': 'Too Many Requests', 'type': 'too_many_requests', 'param': None, 'code': 'too_many_requests'}}
Failed for Stabbing Westward - Why: Error code: 429 - {'error': {'message': 'Too Many Requests', 'type': 'too_many_requests', 'param': None, 'code': 'too_many_requests'}}
Failed for Kid Dynamite - Bench Warmer: Error code: 429 - {'error': {'message': 'Too Many Requests', 'type': 'too_many_requests', 'param': None, 'code': 'too_many_requests'}}
Failed for Rob Costlow - Oceans: Error code: 429 - {'error': {'message': 'Too Many Requests', 'type': 'too_many_requests', 'param': None, 'code': 'too_many_requests'}}
Failed for Matt Pond Pa - Measure 3: Error code: 429 - {'error': {'message': 'Too Many Requests', 'type': 'too_many_requests', 'param': None, 'code': 'too_many_requests'}}
Failed for Uh Huh Her - Not A Love Song: Error code: 429 - {'error': {'message': 'Too Many Requests', 'type': 'too_many_requests', 'param': None, 'code': 'too_many_requests'}}
Failed for Ferry Corsten - Fire: Error code: 429 - {'error': {'message': 'Too Many Requests', 'type': 'too_many_requests', 'param': None, 'code': 'too_many_requests'}}
Failed for Rancor - Dogma Punk: Error code: 429 - {'error': {'message': 'Too Many Requests', 'type': 'too_many_requests', 'param': None, 'code': 'too_many_requests'}}
Failed for The Future Sound Of London - Quagmire: Error code: 429 - {'error': {'message': 'Too Many Requests', 'type': 'too_many_requests', 'param': None, 'code': 'too_many_requests'}}
Failed for Rancid - Salvation: Error code: 429 - {'error': {'message': 'Too Many Requests', 'type': 'too_many_requests', 'param': None, 'code': 'too_many_requests'}}
2800/2988 done
Failed for Orange Sector - Kalt Wie Stahl: Error code: 429 - {'error': {'message': 'Too Many Requests', 'type': 'too_many_requests', 'param': None, 'code': 'too_many_requests'}}
Failed for The Broken West - Shiftee: Error code: 429 - {'error': {'message': 'Too Many Requests', 'type': 'too_many_requests', 'param': None, 'code': 'too_many_requests'}}
Failed for The Broken West - So It Goes: Error code: 429 - {'error': {'message': 'Too Many Requests', 'type': 'too_many_requests', 'param': None, 'code': 'too_many_requests'}}
Failed for West Coast Valerie - Official Theme Of Valerie (Minitel Rose Remix): Error code: 429 - {'error': {'message': 'Too Many Requests', 'type': 'too_many_requests', 'param': None, 'code': 'too_many_requests'}}
Failed for Morrissey - Reader Meet Author: Error code: 429 - {'error': {'message': 'Too Many Requests', 'type': 'too_many_requests', 'param': None, 'code': 'too_many_requests'}}
Failed for Matt Pond Pa - Closer: Error code: 429 - {'error': {'message': 'Too Many Requests', 'type': 'too_many_requests', 'param': None, 'code': 'too_many_requests'}}
Failed for Nancy Sinatra & Lee Hazlewood - Paris Summer: Error code: 429 - {'error': {'message': 'Too Many Requests', 'type': 'too_many_requests', 'param': None, 'code': 'too_many_requests'}}
Failed for Goran Bregović - Ederlezi (Scena Durdevdana Na Rijeci): Error code: 429 - {'error': {'message': 'Too Many Requests', 'type': 'too_many_requests', 'param': None, 'code': 'too_many_requests'}}
Failed for Napalm Death - Scum: Error code: 429 - {'error': {'message': 'Too Many Requests', 'type': 'too_many_requests', 'param': None, 'code': 'too_many_requests'}}
Failed for Seeed - Walk Upright: Error code: 429 - {'error': {'message': 'Too Many Requests', 'type': 'too_many_requests', 'param': None, 'code': 'too_many_requests'}}
Failed for Blind Melon - Dear Ol' Dad: Error code: 429 - {'error': {'message': 'Too Many Requests', 'type': 'too_many_requests', 'param': None, 'code': 'too_many_requests'}}
Failed for Dispatch - Walk With You: Error code: 429 - {'error': {'message': 'Too Many Requests', 'type': 'too_many_requests', 'param': None, 'code': 'too_many_requests'}}
Failed for The Black Crowes - Wounded Bird: Error code: 429 - {'error': {'message': 'Too Many Requests', 'type': 'too_many_requests', 'param': None, 'code': 'too_many_requests'}}
Failed for Simon & Garfunkel - Leaves That Are Green: Error code: 429 - {'error': {'message': 'Too Many Requests', 'type': 'too_many_requests', 'param': None, 'code': 'too_many_requests'}}
Failed for The Tear Garden - Ascension Day: Error code: 429 - {'error': {'message': 'Too Many Requests', 'type': 'too_many_requests', 'param': None, 'code': 'too_many_requests'}}
Failed for The Black Crowes - Cursed Diamond: Error code: 429 - {'error': {'message': 'Too Many Requests', 'type': 'too_many_requests', 'param': None, 'code': 'too_many_requests'}}
Failed for Bad Brains - How Low Can A Punk Get?: Error code: 429 - {'error': {'message': 'Too Many Requests', 'type': 'too_many_requests', 'param': None, 'code': 'too_many_requests'}}
Failed for Dottie Danger - Leather Rebel (Judas Priest): Error code: 429 - {'error': {'message': 'Too Many Requests', 'type': 'too_many_requests', 'param': None, 'code': 'too_many_requests'}}
Failed for Dead Can Dance - Orbis De Ignis: Error code: 429 - {'error': {'message': 'Too Many Requests', 'type': 'too_many_requests', 'param': None, 'code': 'too_many_requests'}}
Failed for Lush - Leaves Me Cold: Error code: 429 - {'error': {'message': 'Too Many Requests', 'type': 'too_many_requests', 'param': None, 'code': 'too_many_requests'}}
Failed for The Birthday Party - Happy Birthday: Error code: 429 - {'error': {'message': 'Too Many Requests', 'type': 'too_many_requests', 'param': None, 'code': 'too_many_requests'}}
Failed for Telefon Tel Aviv - Sound In A Dark Room: Error code: 429 - {'error': {'message': 'Too Many Requests', 'type': 'too_many_requests', 'param': None, 'code': 'too_many_requests'}}
Failed for Working For A Nuclear Free City - Quiet Place: Error code: 429 - {'error': {'message': 'Too Many Requests', 'type': 'too_many_requests', 'param': None, 'code': 'too_many_requests'}}
Failed for The Kinks - Powerman: Error code: 429 - {'error': {'message': 'Too Many Requests', 'type': 'too_many_requests', 'param': None, 'code': 'too_many_requests'}}
Failed for Black Label Society - Electric Hellfire: Error code: 429 - {'error': {'message': 'Too Many Requests', 'type': 'too_many_requests', 'param': None, 'code': 'too_many_requests'}}
Failed for St. Vincent - The Party: Error code: 429 - {'error': {'message': 'Too Many Requests', 'type': 'too_many_requests', 'param': None, 'code': 'too_many_requests'}}
Failed for Rancid - As One: Error code: 429 - {'error': {'message': 'Too Many Requests', 'type': 'too_many_requests', 'param': None, 'code': 'too_many_requests'}}
Failed for Boxcutter - Windfall: Error code: 429 - {'error': {'message': 'Too Many Requests', 'type': 'too_many_requests', 'param': None, 'code': 'too_many_requests'}}
Failed for The Fray - Syndicate: Error code: 429 - {'error': {'message': 'Too Many Requests', 'type': 'too_many_requests', 'param': None, 'code': 'too_many_requests'}}
Failed for Chris Clark - Umbilical Hut: Error code: 429 - {'error': {'message': 'Too Many Requests', 'type': 'too_many_requests', 'param': None, 'code': 'too_many_requests'}}
Failed for Rancid - Corruption: Error code: 429 - {'error': {'message': 'Too Many Requests', 'type': 'too_many_requests', 'param': None, 'code': 'too_many_requests'}}
Failed for Dead By April - Losing You: Error code: 429 - {'error': {'message': 'Too Many Requests', 'type': 'too_many_requests', 'param': None, 'code': 'too_many_requests'}}
Failed for Telefon Tel Aviv - What It Was Will Never Again: Error code: 429 - {'error': {'message': 'Too Many Requests', 'type': 'too_many_requests', 'param': None, 'code': 'too_many_requests'}}
Failed for Blue - Breathe Easy: Error code: 429 - {'error': {'message': 'Too Many Requests', 'type': 'too_many_requests', 'param': None, 'code': 'too_many_requests'}}
Failed for Gorefest - When The Dead Walk The Earth: Error code: 429 - {'error': {'message': 'Too Many Requests', 'type': 'too_many_requests', 'param': None, 'code': 'too_many_requests'}}
Failed for Juelz Santana - There It Go (The Whistle Song): Error code: 429 - {'error': {'message': 'Too Many Requests', 'type': 'too_many_requests', 'param': None, 'code': 'too_many_requests'}}
Failed for Kid Sister - Girlie Rock: Error code: 429 - {'error': {'message': 'Too Many Requests', 'type': 'too_many_requests', 'param': None, 'code': 'too_many_requests'}}
Failed for Chris De Burgh - Missing You: Error code: 429 - {'error': {'message': 'Too Many Requests', 'type': 'too_many_requests', 'param': None, 'code': 'too_many_requests'}}
Failed for Dishwalla - Collide: Error code: 429 - {'error': {'message': 'Too Many Requests', 'type': 'too_many_requests', 'param': None, 'code': 'too_many_requests'}}
Failed for Sublime - Greatest-Hits: Error code: 429 - {'error': {'message': 'Too Many Requests', 'type': 'too_many_requests', 'param': None, 'code': 'too_many_requests'}}
Failed for Rob Dickinson - Handsome: Error code: 429 - {'error': {'message': 'Too Many Requests', 'type': 'too_many_requests', 'param': None, 'code': 'too_many_requests'}}
Failed for Chris Cornell - Preaching The End Of The World: Error code: 429 - {'error': {'message': 'Too Many Requests', 'type': 'too_many_requests', 'param': None, 'code': 'too_many_requests'}}
Failed for Ramones - We Want The Airwaves: Error code: 429 - {'error': {'message': 'Too Many Requests', 'type': 'too_many_requests', 'param': None, 'code': 'too_many_requests'}}
Failed for Tunng - Engine Room: Error code: 429 - {'error': {'message': 'Too Many Requests', 'type': 'too_many_requests', 'param': None, 'code': 'too_many_requests'}}
Failed for Atlas Sound - April 13: Error code: 429 - {'error': {'message': 'Too Many Requests', 'type': 'too_many_requests', 'param': None, 'code': 'too_many_requests'}}
Failed for Doug Burr - Whippoorwill: Error code: 429 - {'error': {'message': 'Too Many Requests', 'type': 'too_many_requests', 'param': None, 'code': 'too_many_requests'}}
Failed for Carpathian Forest - Martyr / Sacrificulum: Error code: 429 - {'error': {'message': 'Too Many Requests', 'type': 'too_many_requests', 'param': None, 'code': 'too_many_requests'}}
Failed for The Kinks - Do You Remember Walter: Error code: 429 - {'error': {'message': 'Too Many Requests', 'type': 'too_many_requests', 'param': None, 'code': 'too_many_requests'}}
Failed for Carpathian Forest - Intro - Damnation Chant: Error code: 429 - {'error': {'message': 'Too Many Requests', 'type': 'too_many_requests', 'param': None, 'code': 'too_many_requests'}}
Failed for Carpathian Forest - Theme From Nekromantikk: Error code: 429 - {'error': {'message': 'Too Many Requests', 'type': 'too_many_requests', 'param': None, 'code': 'too_many_requests'}}
Failed for Morning Runner - Hold Your Breath: Error code: 429 - {'error': {'message': 'Too Many Requests', 'type': 'too_many_requests', 'param': None, 'code': 'too_many_requests'}}
Failed for Scout Niblett - Kidnapped By Neptune: Error code: 429 - {'error': {'message': 'Too Many Requests', 'type': 'too_many_requests', 'param': None, 'code': 'too_many_requests'}}
Failed for Morning State - Push The Color: Error code: 429 - {'error': {'message': 'Too Many Requests', 'type': 'too_many_requests', 'param': None, 'code': 'too_many_requests'}}
Failed for The Kinks - Too Much On My Mind: Error code: 429 - {'error': {'message': 'Too Many Requests', 'type': 'too_many_requests', 'param': None, 'code': 'too_many_requests'}}
Failed for Embrace - No Use Crying: Error code: 429 - {'error': {'message': 'Too Many Requests', 'type': 'too_many_requests', 'param': None, 'code': 'too_many_requests'}}
Failed for Kika - Tal Vez: Error code: 429 - {'error': {'message': 'Too Many Requests', 'type': 'too_many_requests', 'param': None, 'code': 'too_many_requests'}}
Failed for Down - Hail The Leaf: Error code: 429 - {'error': {'message': 'Too Many Requests', 'type': 'too_many_requests', 'param': None, 'code': 'too_many_requests'}}
Failed for Down - Lysergik Funeral Procession: Error code: 429 - {'error': {'message': 'Too Many Requests', 'type': 'too_many_requests', 'param': None, 'code': 'too_many_requests'}}
Failed for Morgan - Tra 5 Min.: Error code: 429 - {'error': {'message': 'Too Many Requests', 'type': 'too_many_requests', 'param': None, 'code': 'too_many_requests'}}
Failed for Triosk Meets Jan Jelinek - Munmorah: Error code: 429 - {'error': {'message': 'Too Many Requests', 'type': 'too_many_requests', 'param': None, 'code': 'too_many_requests'}}
Failed for Atheist - The Formative Years: Error code: 429 - {'error': {'message': 'Too Many Requests', 'type': 'too_many_requests', 'param': None, 'code': 'too_many_requests'}}
Failed for Atheist - Your Life'S Retribution: Error code: 429 - {'error': {'message': 'Too Many Requests', 'type': 'too_many_requests', 'param': None, 'code': 'too_many_requests'}}
Failed for Nat King Cole - Nature Boy: Error code: 429 - {'error': {'message': 'Too Many Requests', 'type': 'too_many_requests', 'param': None, 'code': 'too_many_requests'}}
Failed for Aterciopelados - Cancion Protesta: Error code: 429 - {'error': {'message': 'Too Many Requests', 'type': 'too_many_requests', 'param': None, 'code': 'too_many_requests'}}
Failed for The Frames - The Side You Never Get To See: Error code: 429 - {'error': {'message': 'Too Many Requests', 'type': 'too_many_requests', 'param': None, 'code': 'too_many_requests'}}
Failed for Opeth - The Twilight Is My Robe: Error code: 429 - {'error': {'message': 'Too Many Requests', 'type': 'too_many_requests', 'param': None, 'code': 'too_many_requests'}}
Failed for Matt Pond Pa - Sunlight: Error code: 429 - {'error': {'message': 'Too Many Requests', 'type': 'too_many_requests', 'param': None, 'code': 'too_many_requests'}}
Failed for Atheist - And The Psychic Saw: Error code: 429 - {'error': {'message': 'Too Many Requests', 'type': 'too_many_requests', 'param': None, 'code': 'too_many_requests'}}
Failed for Ramones - Questioningly: Error code: 429 - {'error': {'message': 'Too Many Requests', 'type': 'too_many_requests', 'param': None, 'code': 'too_many_requests'}}
Failed for Sublime - Krs-One: Error code: 429 - {'error': {'message': 'Too Many Requests', 'type': 'too_many_requests', 'param': None, 'code': 'too_many_requests'}}
Failed for Natacha Atlas - I Put A Spell On You: Error code: 429 - {'error': {'message': 'Too Many Requests', 'type': 'too_many_requests', 'param': None, 'code': 'too_many_requests'}}
Failed for The Frames - True: Error code: 429 - {'error': {'message': 'Too Many Requests', 'type': 'too_many_requests', 'param': None, 'code': 'too_many_requests'}}
Failed for Embrace - A Glorious Day: Error code: 429 - {'error': {'message': 'Too Many Requests', 'type': 'too_many_requests', 'param': None, 'code': 'too_many_requests'}}
Failed for Embrace - I Can'T Come Down: Error code: 429 - {'error': {'message': 'Too Many Requests', 'type': 'too_many_requests', 'param': None, 'code': 'too_many_requests'}}
Failed for Sinéad O'Connor - The Emperor'S New Clothes: Error code: 429 - {'error': {'message': 'Too Many Requests', 'type': 'too_many_requests', 'param': None, 'code': 'too_many_requests'}}
Failed for Sinéad O'Connor - Jump In The River: Error code: 429 - {'error': {'message': 'Too Many Requests', 'type': 'too_many_requests', 'param': None, 'code': 'too_many_requests'}}
Failed for Rob Zombie - House Of 1000 Corpses: Error code: 429 - {'error': {'message': 'Too Many Requests', 'type': 'too_many_requests', 'param': None, 'code': 'too_many_requests'}}
Failed for Matt Pond Pa - Locate The Pieces: Error code: 429 - {'error': {'message': 'Too Many Requests', 'type': 'too_many_requests', 'param': None, 'code': 'too_many_requests'}}
Failed for Entombed - Left Hand Path: Error code: 429 - {'error': {'message': 'Too Many Requests', 'type': 'too_many_requests', 'param': None, 'code': 'too_many_requests'}}
Failed for Her Space Holiday - The Luxury Of Loneliness: Error code: 429 - {'error': {'message': 'Too Many Requests', 'type': 'too_many_requests', 'param': None, 'code': 'too_many_requests'}}
Failed for Euphoria - Little Gem: Error code: 429 - {'error': {'message': 'Too Many Requests', 'type': 'too_many_requests', 'param': None, 'code': 'too_many_requests'}}
Failed for James Taylor - Her Town Too: Error code: 429 - {'error': {'message': 'Too Many Requests', 'type': 'too_many_requests', 'param': None, 'code': 'too_many_requests'}}
Failed for Crystal Stilts - Graveyard Orbit: Error code: 429 - {'error': {'message': 'Too Many Requests', 'type': 'too_many_requests', 'param': None, 'code': 'too_many_requests'}}
Failed for Archive - Seamless: Error code: 429 - {'error': {'message': 'Too Many Requests', 'type': 'too_many_requests', 'param': None, 'code': 'too_many_requests'}}
Failed for Daedelus - Our Last Stand: Error code: 429 - {'error': {'message': 'Too Many Requests', 'type': 'too_many_requests', 'param': None, 'code': 'too_many_requests'}}
Failed for Pain - Psalms Of Extinction: Error code: 429 - {'error': {'message': 'Too Many Requests', 'type': 'too_many_requests', 'param': None, 'code': 'too_many_requests'}}
Failed for Pain Of Salvation - Ashes: Error code: 429 - {'error': {'message': 'Too Many Requests', 'type': 'too_many_requests', 'param': None, 'code': 'too_many_requests'}}
Failed for Alela Diane - Pieces Of String: Error code: 429 - {'error': {'message': 'Too Many Requests', 'type': 'too_many_requests', 'param': None, 'code': 'too_many_requests'}}
Failed for Alesana - Apology: Error code: 429 - {'error': {'message': 'Too Many Requests', 'type': 'too_many_requests', 'param': None, 'code': 'too_many_requests'}}
Failed for Pain - Save Your Prayers: Error code: 429 - {'error': {'message': 'Too Many Requests', 'type': 'too_many_requests', 'param': None, 'code': 'too_many_requests'}}
Failed for Bauhaus - Crowds: Error code: 429 - {'error': {'message': 'Too Many Requests', 'type': 'too_many_requests', 'param': None, 'code': 'too_many_requests'}}
Failed for Plain White T'S - Tearin' Us Apart: Error code: 429 - {'error': {'message': 'Too Many Requests', 'type': 'too_many_requests', 'param': None, 'code': 'too_many_requests'}}
Failed for Andrew W.K. - Free Jumps: Error code: 429 - {'error': {'message': 'Too Many Requests', 'type': 'too_many_requests', 'param': None, 'code': 'too_many_requests'}}
Failed for Oppenheimer - Breakfast In Nyc: Error code: 429 - {'error': {'message': 'Too Many Requests', 'type': 'too_many_requests', 'param': None, 'code': 'too_many_requests'}}
Failed for Archive - Now And Then: Error code: 429 - {'error': {'message': 'Too Many Requests', 'type': 'too_many_requests', 'param': None, 'code': 'too_many_requests'}}
Failed for Pain - Walking On Glass: Error code: 429 - {'error': {'message': 'Too Many Requests', 'type': 'too_many_requests', 'param': None, 'code': 'too_many_requests'}}
Failed for Archive - Organ Song: Error code: 429 - {'error': {'message': 'Too Many Requests', 'type': 'too_many_requests', 'param': None, 'code': 'too_many_requests'}}
Failed for Archive - Old Artist: Error code: 429 - {'error': {'message': 'Too Many Requests', 'type': 'too_many_requests', 'param': None, 'code': 'too_many_requests'}}
2900/2988 done
Failed for Thunderclap Newman - Something In The Air: Error code: 429 - {'error': {'message': 'Too Many Requests', 'type': 'too_many_requests', 'param': None, 'code': 'too_many_requests'}}
Failed for Bonnie 'Prince' Billy - After I Made Love To You: Error code: 429 - {'error': {'message': 'Too Many Requests', 'type': 'too_many_requests', 'param': None, 'code': 'too_many_requests'}}
Failed for Ramones - Love Kills: Error code: 429 - {'error': {'message': 'Too Many Requests', 'type': 'too_many_requests', 'param': None, 'code': 'too_many_requests'}}
Failed for Gorilla Biscuits - Stand Still: Error code: 429 - {'error': {'message': 'Too Many Requests', 'type': 'too_many_requests', 'param': None, 'code': 'too_many_requests'}}
Failed for Sublime - Live At E'S: Error code: 429 - {'error': {'message': 'Too Many Requests', 'type': 'too_many_requests', 'param': None, 'code': 'too_many_requests'}}
Failed for Judas Priest - Victim Of Changes: Error code: 429 - {'error': {'message': 'Too Many Requests', 'type': 'too_many_requests', 'param': None, 'code': 'too_many_requests'}}
Failed for The Frames - Ship Caught In The Bay: Error code: 429 - {'error': {'message': 'Too Many Requests', 'type': 'too_many_requests', 'param': None, 'code': 'too_many_requests'}}
Failed for Natalia Barbu - Fight (Live Eurovision Song Contest 2007 Final): Error code: 429 - {'error': {'message': 'Too Many Requests', 'type': 'too_many_requests', 'param': None, 'code': 'too_many_requests'}}
Failed for Down - Losing All: Error code: 429 - {'error': {'message': 'Too Many Requests', 'type': 'too_many_requests', 'param': None, 'code': 'too_many_requests'}}
Failed for Down - On March The Saints: Error code: 429 - {'error': {'message': 'Too Many Requests', 'type': 'too_many_requests', 'param': None, 'code': 'too_many_requests'}}
Failed for Hooverphonic - Barabas: Error code: 429 - {'error': {'message': 'Too Many Requests', 'type': 'too_many_requests', 'param': None, 'code': 'too_many_requests'}}
Failed for Andrew Lloyd Webber - Damned For All Time/Blood Money: Error code: 429 - {'error': {'message': 'Too Many Requests', 'type': 'too_many_requests', 'param': None, 'code': 'too_many_requests'}}
Failed for Thunderbirds Are Now! - Cobra Feet: Error code: 429 - {'error': {'message': 'Too Many Requests', 'type': 'too_many_requests', 'param': None, 'code': 'too_many_requests'}}
Failed for Disco Inferno - Summer'S Last Sound: Error code: 429 - {'error': {'message': 'Too Many Requests', 'type': 'too_many_requests', 'param': None, 'code': 'too_many_requests'}}
Failed for Slipknot - The Blister Exists (Live): Error code: 429 - {'error': {'message': 'Too Many Requests', 'type': 'too_many_requests', 'param': None, 'code': 'too_many_requests'}}
Failed for Discharge - Hear Nothing See Nothing Say Nothing: Error code: 429 - {'error': {'message': 'Too Many Requests', 'type': 'too_many_requests', 'param': None, 'code': 'too_many_requests'}}
Failed for Elliott Smith - Lucky 3 Video - Thirteen (Big Star Cover): Error code: 429 - {'error': {'message': 'Too Many Requests', 'type': 'too_many_requests', 'param': None, 'code': 'too_many_requests'}}
Failed for Robbie Williams - Ghosts: Error code: 429 - {'error': {'message': 'Too Many Requests', 'type': 'too_many_requests', 'param': None, 'code': 'too_many_requests'}}
Failed for The Knife - Handy-Man (Tobias Von Hofsten Remix): Error code: 429 - {'error': {'message': 'Too Many Requests', 'type': 'too_many_requests', 'param': None, 'code': 'too_many_requests'}}
Failed for Kill Hannah - Raining All The Time: Error code: 429 - {'error': {'message': 'Too Many Requests', 'type': 'too_many_requests', 'param': None, 'code': 'too_many_requests'}}
Failed for Carlos Gardel - Por Una Cabeza: Error code: 429 - {'error': {'message': 'Too Many Requests', 'type': 'too_many_requests', 'param': None, 'code': 'too_many_requests'}}
Failed for Pleasant Grove - Cone Equation: Error code: 429 - {'error': {'message': 'Too Many Requests', 'type': 'too_many_requests', 'param': None, 'code': 'too_many_requests'}}
Failed for The Knife - Intro(Silent Shout Tour): Error code: 429 - {'error': {'message': 'Too Many Requests', 'type': 'too_many_requests', 'param': None, 'code': 'too_many_requests'}}
Failed for Chris Rea - Winter Song: Error code: 429 - {'error': {'message': 'Too Many Requests', 'type': 'too_many_requests', 'param': None, 'code': 'too_many_requests'}}
Failed for Pleasant Grove - We Made Our Way: Error code: 429 - {'error': {'message': 'Too Many Requests', 'type': 'too_many_requests', 'param': None, 'code': 'too_many_requests'}}
Failed for Suburban Kids With Biblical Names - A Couple Of Instruments: Error code: 429 - {'error': {'message': 'Too Many Requests', 'type': 'too_many_requests', 'param': None, 'code': 'too_many_requests'}}
Failed for Pleasant Grove - Impossible: Error code: 429 - {'error': {'message': 'Too Many Requests', 'type': 'too_many_requests', 'param': None, 'code': 'too_many_requests'}}
Failed for Zabili Mi Żółwia - Dezerter: Error code: 429 - {'error': {'message': 'Too Many Requests', 'type': 'too_many_requests', 'param': None, 'code': 'too_many_requests'}}
Failed for Aereogramme - Yes: Error code: 429 - {'error': {'message': 'Too Many Requests', 'type': 'too_many_requests', 'param': None, 'code': 'too_many_requests'}}
Failed for Marsen Jules - Couer Saignant: Error code: 429 - {'error': {'message': 'Too Many Requests', 'type': 'too_many_requests', 'param': None, 'code': 'too_many_requests'}}
Failed for The Used - On My Own: Error code: 429 - {'error': {'message': 'Too Many Requests', 'type': 'too_many_requests', 'param': None, 'code': 'too_many_requests'}}
Failed for Blur - Gene By Gene: Error code: 429 - {'error': {'message': 'Too Many Requests', 'type': 'too_many_requests', 'param': None, 'code': 'too_many_requests'}}
Failed for Wes Montgomery - D-Natural Blues: Error code: 429 - {'error': {'message': 'Too Many Requests', 'type': 'too_many_requests', 'param': None, 'code': 'too_many_requests'}}
Failed for X-Ray Spex - Germfree Adolescents: Error code: 429 - {'error': {'message': 'Too Many Requests', 'type': 'too_many_requests', 'param': None, 'code': 'too_many_requests'}}
Failed for The Bug - Angry (Feat. Tippa Irie): Error code: 429 - {'error': {'message': 'Too Many Requests', 'type': 'too_many_requests', 'param': None, 'code': 'too_many_requests'}}
Failed for The Bug - Warning (Feat. Flowdan): Error code: 429 - {'error': {'message': 'Too Many Requests', 'type': 'too_many_requests', 'param': None, 'code': 'too_many_requests'}}
Failed for Operation Ivy - Unity: Error code: 429 - {'error': {'message': 'Too Many Requests', 'type': 'too_many_requests', 'param': None, 'code': 'too_many_requests'}}
Failed for The Klf - Justified And Ancient Seems A Long Time Ago: Error code: 429 - {'error': {'message': 'Too Many Requests', 'type': 'too_many_requests', 'param': None, 'code': 'too_many_requests'}}
Failed for Jamie Cullum - Old Devil Moon: Error code: 429 - {'error': {'message': 'Too Many Requests', 'type': 'too_many_requests', 'param': None, 'code': 'too_many_requests'}}
Failed for Rob Zombie - The Ballad Of Resurrection Joe And Rosa Whore: Error code: 429 - {'error': {'message': 'Too Many Requests', 'type': 'too_many_requests', 'param': None, 'code': 'too_many_requests'}}
Failed for The Klf - 3 A.M. Eternal (Live At The S.S.L.): Error code: 429 - {'error': {'message': 'Too Many Requests', 'type': 'too_many_requests', 'param': None, 'code': 'too_many_requests'}}
Failed for Morgan - Amore Assurdo: Error code: 429 - {'error': {'message': 'Too Many Requests', 'type': 'too_many_requests', 'param': None, 'code': 'too_many_requests'}}
Failed for Thingy - Mayday: Error code: 429 - {'error': {'message': 'Too Many Requests', 'type': 'too_many_requests', 'param': None, 'code': 'too_many_requests'}}
Failed for Lillebjørn Nilsen - Fort Gjort Å Glemme: Error code: 429 - {'error': {'message': 'Too Many Requests', 'type': 'too_many_requests', 'param': None, 'code': 'too_many_requests'}}
Failed for Slipknot - This Cold Black: Error code: 429 - {'error': {'message': 'Too Many Requests', 'type': 'too_many_requests', 'param': None, 'code': 'too_many_requests'}}
Failed for Opeth - Serenity Painted Death: Error code: 429 - {'error': {'message': 'Too Many Requests', 'type': 'too_many_requests', 'param': None, 'code': 'too_many_requests'}}
Failed for Ludacris - Blueberry Yum Yum (Feat. Sleepy Brown): Error code: 429 - {'error': {'message': 'Too Many Requests', 'type': 'too_many_requests', 'param': None, 'code': 'too_many_requests'}}
Failed for The Brunettes - Summer Love: Error code: 429 - {'error': {'message': 'Too Many Requests', 'type': 'too_many_requests', 'param': None, 'code': 'too_many_requests'}}
Failed for Morbid Angel - Rapture: Error code: 429 - {'error': {'message': 'Too Many Requests', 'type': 'too_many_requests', 'param': None, 'code': 'too_many_requests'}}
Failed for Lucybell - Milagro: Error code: 429 - {'error': {'message': 'Too Many Requests', 'type': 'too_many_requests', 'param': None, 'code': 'too_many_requests'}}
Failed for Thieves Like Us - Fass: Error code: 429 - {'error': {'message': 'Too Many Requests', 'type': 'too_many_requests', 'param': None, 'code': 'too_many_requests'}}
Failed for Killing Joke - Europe: Error code: 429 - {'error': {'message': 'Too Many Requests', 'type': 'too_many_requests', 'param': None, 'code': 'too_many_requests'}}
Failed for Thin Lizzy - Rosalie: Error code: 429 - {'error': {'message': 'Too Many Requests', 'type': 'too_many_requests', 'param': None, 'code': 'too_many_requests'}}
Failed for Nathan Fake - The Sky Was Pink: Error code: 429 - {'error': {'message': 'Too Many Requests', 'type': 'too_many_requests', 'param': None, 'code': 'too_many_requests'}}
Failed for Vnv Nation - Procession: Error code: 429 - {'error': {'message': 'Too Many Requests', 'type': 'too_many_requests', 'param': None, 'code': 'too_many_requests'}}
Failed for Vetiver - Been So Long: Error code: 429 - {'error': {'message': 'Too Many Requests', 'type': 'too_many_requests', 'param': None, 'code': 'too_many_requests'}}
Failed for Suede - Black Or Blue: Error code: 429 - {'error': {'message': 'Too Many Requests', 'type': 'too_many_requests', 'param': None, 'code': 'too_many_requests'}}
Failed for Suburban Tribe - Silent Rain: Error code: 429 - {'error': {'message': 'Too Many Requests', 'type': 'too_many_requests', 'param': None, 'code': 'too_many_requests'}}
Failed for Natasha St-Pier - Nos Rendez-Vous: Error code: 429 - {'error': {'message': 'Too Many Requests', 'type': 'too_many_requests', 'param': None, 'code': 'too_many_requests'}}
Failed for Opeth - The Moor: Error code: 429 - {'error': {'message': 'Too Many Requests', 'type': 'too_many_requests', 'param': None, 'code': 'too_many_requests'}}
Failed for The Flashbulb - Passage D: Error code: 429 - {'error': {'message': 'Too Many Requests', 'type': 'too_many_requests', 'param': None, 'code': 'too_many_requests'}}
Failed for Andrew Bird - The Privateers: Error code: 429 - {'error': {'message': 'Too Many Requests', 'type': 'too_many_requests', 'param': None, 'code': 'too_many_requests'}}
Failed for 2Pac - Ghetto Gospel: Error code: 429 - {'error': {'message': 'Too Many Requests', 'type': 'too_many_requests', 'param': None, 'code': 'too_many_requests'}}
Failed for Benga - E Trips: Error code: 429 - {'error': {'message': 'Too Many Requests', 'type': 'too_many_requests', 'param': None, 'code': 'too_many_requests'}}
Failed for Christian Death - Awake At The Wall: Error code: 429 - {'error': {'message': 'Too Many Requests', 'type': 'too_many_requests', 'param': None, 'code': 'too_many_requests'}}
Failed for Slagsmålsklubben - His Morning Promenade: Error code: 429 - {'error': {'message': 'Too Many Requests', 'type': 'too_many_requests', 'param': None, 'code': 'too_many_requests'}}
Failed for Slagsmålsklubben - Dysparennia: Error code: 429 - {'error': {'message': 'Too Many Requests', 'type': 'too_many_requests', 'param': None, 'code': 'too_many_requests'}}
Failed for Fatboy Slim - Retox: Error code: 429 - {'error': {'message': 'Too Many Requests', 'type': 'too_many_requests', 'param': None, 'code': 'too_many_requests'}}
Failed for Nathan Fake - Dinamo: Error code: 429 - {'error': {'message': 'Too Many Requests', 'type': 'too_many_requests', 'param': None, 'code': 'too_many_requests'}}
Failed for Morcheeba - Run Honey Run (Feat. Bradley): Error code: 429 - {'error': {'message': 'Too Many Requests', 'type': 'too_many_requests', 'param': None, 'code': 'too_many_requests'}}
Failed for Abney Park - The Secret Life Of Dr. Calgori: Error code: 429 - {'error': {'message': 'Too Many Requests', 'type': 'too_many_requests', 'param': None, 'code': 'too_many_requests'}}
Failed for Boys Like Girls - Up Against The Wall: Error code: 429 - {'error': {'message': 'Too Many Requests', 'type': 'too_many_requests', 'param': None, 'code': 'too_many_requests'}}
Failed for Boys Like Girls - Broken Man: Error code: 429 - {'error': {'message': 'Too Many Requests', 'type': 'too_many_requests', 'param': None, 'code': 'too_many_requests'}}
Failed for Ania - Zostań: Error code: 429 - {'error': {'message': 'Too Many Requests', 'type': 'too_many_requests', 'param': None, 'code': 'too_many_requests'}}
Failed for Boy Omega - Golden Jaw: Error code: 429 - {'error': {'message': 'Too Many Requests', 'type': 'too_many_requests', 'param': None, 'code': 'too_many_requests'}}
Failed for Irma Thomas - Time Is On My Side: Error code: 429 - {'error': {'message': 'Too Many Requests', 'type': 'too_many_requests', 'param': None, 'code': 'too_many_requests'}}
Failed for Ania Dąbrowska - Pamiętać Chcę: Error code: 429 - {'error': {'message': 'Too Many Requests', 'type': 'too_many_requests', 'param': None, 'code': 'too_many_requests'}}
Failed for Era - Ameno: Error code: 429 - {'error': {'message': 'Too Many Requests', 'type': 'too_many_requests', 'param': None, 'code': 'too_many_requests'}}
Failed for Pain Of Salvation - Nauticus (Drifting): Error code: 429 - {'error': {'message': 'Too Many Requests', 'type': 'too_many_requests', 'param': None, 'code': 'too_many_requests'}}
Failed for Hooverphonic - Revolver: Error code: 429 - {'error': {'message': 'Too Many Requests', 'type': 'too_many_requests', 'param': None, 'code': 'too_many_requests'}}
Failed for Hooverphonic - Nr 9: Error code: 429 - {'error': {'message': 'Too Many Requests', 'type': 'too_many_requests', 'param': None, 'code': 'too_many_requests'}}
Failed for Daedelus - Welcome Home (Feat. Mike Ladd): Error code: 429 - {'error': {'message': 'Too Many Requests', 'type': 'too_many_requests', 'param': None, 'code': 'too_many_requests'}}
Failed for Wilco - Airline To Heaven: Error code: 429 - {'error': {'message': 'Too Many Requests', 'type': 'too_many_requests', 'param': None, 'code': 'too_many_requests'}}
Saved 2988 tracks to /work/pi_dagarwal_umass_edu/project_7/srikar/E4SRec/metadata/instrument/output/instrument_annotations_shard_14.csv
========================================
End          : Thu Apr  9 06:04:06 AM UTC 2026
========================================
