========================================
Job ID       : 55336756
Array Task   : 13 / 16
Node         : uri-cpu078
Start        : Thu Apr  9 05:23:02 AM UTC 2026
Python       : /home/skandagatla_umass_edu/.conda/envs/698ds/bin/python
========================================
Selected features (16): ['Drum Set', 'Drum Aggressiveness', 'Synthetic Drums', 'Percussion', 'Electric Guitar', 'Electric Guitar Distortion', 'Acoustic Guitar', 'String Ensemble', 'Horn Ensemble', 'Piano', 'Organ', 'Rhodes', 'Synthesizer', 'Synth Timbre', 'Bass Guitar', 'Reed Instrument']
Seed annotations loaded: 5200 tracks (will be skipped in full generation)
Node 13/16
Total unique tracks to generate: 47805
Shard [38844:41832] - 2988 tracks
Failed for In Flames - Timeless: Error code: 429 - {'error': {'message': 'Too Many Requests', 'type': 'too_many_requests', 'param': None, 'code': 'too_many_requests'}}
0/2988 done
Failed for Dead Can Dance - The Trial: Error code: 429 - {'error': {'message': 'Too Many Requests', 'type': 'too_many_requests', 'param': None, 'code': 'too_many_requests'}}
Failed for Elsiane - Assemblage Point: Error code: 429 - {'error': {'message': 'Too Many Requests', 'type': 'too_many_requests', 'param': None, 'code': 'too_many_requests'}}
Failed for Sleeping At Last - Hold Still: Error code: 429 - {'error': {'message': 'Too Many Requests', 'type': 'too_many_requests', 'param': None, 'code': 'too_many_requests'}}
Failed for The Haunted - Bury Your Dead: Error code: 429 - {'error': {'message': 'Too Many Requests', 'type': 'too_many_requests', 'param': None, 'code': 'too_many_requests'}}
Failed for Inxs - Guns In The Sky: Error code: 429 - {'error': {'message': 'Too Many Requests', 'type': 'too_many_requests', 'param': None, 'code': 'too_many_requests'}}
Failed for Sleater-Kinney - Heart Factory: Error code: 429 - {'error': {'message': 'Too Many Requests', 'type': 'too_many_requests', 'param': None, 'code': 'too_many_requests'}}
Failed for The Jam - Thick As Thieves: Error code: 429 - {'error': {'message': 'Too Many Requests', 'type': 'too_many_requests', 'param': None, 'code': 'too_many_requests'}}
Failed for Ultra Orange & Emmanuelle - Don'T Kiss Me Goodbye: Error code: 429 - {'error': {'message': 'Too Many Requests', 'type': 'too_many_requests', 'param': None, 'code': 'too_many_requests'}}
Failed for Alestorm - Flower Of Scotland: Error code: 429 - {'error': {'message': 'Too Many Requests', 'type': 'too_many_requests', 'param': None, 'code': 'too_many_requests'}}
Failed for Sleater-Kinney - Little Mouth: Error code: 429 - {'error': {'message': 'Too Many Requests', 'type': 'too_many_requests', 'param': None, 'code': 'too_many_requests'}}
Failed for Sleater-Kinney - I'M Not Waiting: Error code: 429 - {'error': {'message': 'Too Many Requests', 'type': 'too_many_requests', 'param': None, 'code': 'too_many_requests'}}
Failed for Tom Waits - Dead And Lovely: Error code: 429 - {'error': {'message': 'Too Many Requests', 'type': 'too_many_requests', 'param': None, 'code': 'too_many_requests'}}
Failed for Sleater-Kinney - Living In Exile: Error code: 429 - {'error': {'message': 'Too Many Requests', 'type': 'too_many_requests', 'param': None, 'code': 'too_many_requests'}}
Failed for Fila Brazillia - Throwing Down A Shape: Error code: 429 - {'error': {'message': 'Too Many Requests', 'type': 'too_many_requests', 'param': None, 'code': 'too_many_requests'}}
Failed for Tom Waits - Cold Water: Error code: 429 - {'error': {'message': 'Too Many Requests', 'type': 'too_many_requests', 'param': None, 'code': 'too_many_requests'}}
Failed for Scorpions - When The Smoke Is Going Down: Error code: 429 - {'error': {'message': 'Too Many Requests', 'type': 'too_many_requests', 'param': None, 'code': 'too_many_requests'}}
Failed for Sleater-Kinney - Memorize Your Lines: Error code: 429 - {'error': {'message': 'Too Many Requests', 'type': 'too_many_requests', 'param': None, 'code': 'too_many_requests'}}
Failed for Scorpions - I Wanted To Cry: Error code: 429 - {'error': {'message': 'Too Many Requests', 'type': 'too_many_requests', 'param': None, 'code': 'too_many_requests'}}
Failed for Scorpions - In Trance: Error code: 429 - {'error': {'message': 'Too Many Requests', 'type': 'too_many_requests', 'param': None, 'code': 'too_many_requests'}}
Failed for Wolf Parade - The Grey Estates: Error code: 429 - {'error': {'message': 'Too Many Requests', 'type': 'too_many_requests', 'param': None, 'code': 'too_many_requests'}}
Failed for The Guess Who - American Woman: Error code: 429 - {'error': {'message': 'Too Many Requests', 'type': 'too_many_requests', 'param': None, 'code': 'too_many_requests'}}
Failed for Mae - Giving It Away (Acoustic): Error code: 429 - {'error': {'message': 'Too Many Requests', 'type': 'too_many_requests', 'param': None, 'code': 'too_many_requests'}}
Failed for Lush - Breeze: Error code: 429 - {'error': {'message': 'Too Many Requests', 'type': 'too_many_requests', 'param': None, 'code': 'too_many_requests'}}
Failed for Magnet - Lay Lady Lay (Feat. Gemma Hayes): Error code: 429 - {'error': {'message': 'Too Many Requests', 'type': 'too_many_requests', 'param': None, 'code': 'too_many_requests'}}
Failed for The Gun Club - She'S Like Heroin To Me: Error code: 429 - {'error': {'message': 'Too Many Requests', 'type': 'too_many_requests', 'param': None, 'code': 'too_many_requests'}}
Failed for The Greenhornes - Pattern Skies: Error code: 429 - {'error': {'message': 'Too Many Requests', 'type': 'too_many_requests', 'param': None, 'code': 'too_many_requests'}}
Failed for Pantera - The Underground In America: Error code: 429 - {'error': {'message': 'Too Many Requests', 'type': 'too_many_requests', 'param': None, 'code': 'too_many_requests'}}
Failed for Charon - Ride On Tears: Error code: 429 - {'error': {'message': 'Too Many Requests', 'type': 'too_many_requests', 'param': None, 'code': 'too_many_requests'}}
Failed for Mae - Painless: Error code: 429 - {'error': {'message': 'Too Many Requests', 'type': 'too_many_requests', 'param': None, 'code': 'too_many_requests'}}
Failed for Patrick Wolf - Empress: Error code: 429 - {'error': {'message': 'Too Many Requests', 'type': 'too_many_requests', 'param': None, 'code': 'too_many_requests'}}
Failed for Wire - Dot Dash: Error code: 429 - {'error': {'message': 'Too Many Requests', 'type': 'too_many_requests', 'param': None, 'code': 'too_many_requests'}}
Failed for Cheap Trick - I Want You To Want Me (Live): Error code: 429 - {'error': {'message': 'Too Many Requests', 'type': 'too_many_requests', 'param': None, 'code': 'too_many_requests'}}
Failed for Sleater-Kinney - Was It A Lie?: Error code: 429 - {'error': {'message': 'Too Many Requests', 'type': 'too_many_requests', 'param': None, 'code': 'too_many_requests'}}
Failed for Dead Can Dance - Song Of The Stars: Error code: 429 - {'error': {'message': 'Too Many Requests', 'type': 'too_many_requests', 'param': None, 'code': 'too_many_requests'}}
Failed for The Great Depression - The Baltic Sea: Error code: 429 - {'error': {'message': 'Too Many Requests', 'type': 'too_many_requests', 'param': None, 'code': 'too_many_requests'}}
Failed for Elvis Costello - Beyond Belief: Error code: 429 - {'error': {'message': 'Too Many Requests', 'type': 'too_many_requests', 'param': None, 'code': 'too_many_requests'}}
Failed for Madcon - Beggin' (Promo Only Clean Edit): Error code: 429 - {'error': {'message': 'Too Many Requests', 'type': 'too_many_requests', 'param': None, 'code': 'too_many_requests'}}
Failed for Sleater-Kinney - Write Me Back Fucker: Error code: 429 - {'error': {'message': 'Too Many Requests', 'type': 'too_many_requests', 'param': None, 'code': 'too_many_requests'}}
Failed for M83 - Violet Tree: Error code: 429 - {'error': {'message': 'Too Many Requests', 'type': 'too_many_requests', 'param': None, 'code': 'too_many_requests'}}
Failed for Fennesz & Sakamoto - Mono: Error code: 429 - {'error': {'message': 'Too Many Requests', 'type': 'too_many_requests', 'param': None, 'code': 'too_many_requests'}}
Failed for Blitzkid - Pretty In A Casket: Error code: 429 - {'error': {'message': 'Too Many Requests', 'type': 'too_many_requests', 'param': None, 'code': 'too_many_requests'}}
Failed for Barenaked Ladies - Unfinished: Error code: 429 - {'error': {'message': 'Too Many Requests', 'type': 'too_many_requests', 'param': None, 'code': 'too_many_requests'}}
Failed for Boys Night Out - Medicating: Error code: 429 - {'error': {'message': 'Too Many Requests', 'type': 'too_many_requests', 'param': None, 'code': 'too_many_requests'}}
Failed for Infadels - Reality Tv: Error code: 429 - {'error': {'message': 'Too Many Requests', 'type': 'too_many_requests', 'param': None, 'code': 'too_many_requests'}}
Failed for Parts & Labor - Vision Of Repair: Error code: 429 - {'error': {'message': 'Too Many Requests', 'type': 'too_many_requests', 'param': None, 'code': 'too_many_requests'}}
Failed for Tom Waits - God'S Away On Business: Error code: 429 - {'error': {'message': 'Too Many Requests', 'type': 'too_many_requests', 'param': None, 'code': 'too_many_requests'}}
Failed for Paris Hilton - Turn It Up: Error code: 429 - {'error': {'message': 'Too Many Requests', 'type': 'too_many_requests', 'param': None, 'code': 'too_many_requests'}}
Failed for Chantal Kreviazuk - Leaving On A Jet Plane: Error code: 429 - {'error': {'message': 'Too Many Requests', 'type': 'too_many_requests', 'param': None, 'code': 'too_many_requests'}}
Failed for The Hives - Knock Knock: Error code: 429 - {'error': {'message': 'Too Many Requests', 'type': 'too_many_requests', 'param': None, 'code': 'too_many_requests'}}
Failed for Sun Kil Moon - Unlit Hallway: Error code: 429 - {'error': {'message': 'Too Many Requests', 'type': 'too_many_requests', 'param': None, 'code': 'too_many_requests'}}
Failed for Sleater-Kinney - Slow Song: Error code: 429 - {'error': {'message': 'Too Many Requests', 'type': 'too_many_requests', 'param': None, 'code': 'too_many_requests'}}
Failed for M. Ward - Today'S Undertaking: Error code: 429 - {'error': {'message': 'Too Many Requests', 'type': 'too_many_requests', 'param': None, 'code': 'too_many_requests'}}
Failed for Paramore - Oh Star: Error code: 429 - {'error': {'message': 'Too Many Requests', 'type': 'too_many_requests', 'param': None, 'code': 'too_many_requests'}}
Failed for Tricky - Brand New You'Re Retro: Error code: 429 - {'error': {'message': 'Too Many Requests', 'type': 'too_many_requests', 'param': None, 'code': 'too_many_requests'}}
Failed for Infernal - I Won'T Be Crying (Beatfreakz Club Edit): Error code: 429 - {'error': {'message': 'Too Many Requests', 'type': 'too_many_requests', 'param': None, 'code': 'too_many_requests'}}
Failed for Sleater-Kinney - Taste Test: Error code: 429 - {'error': {'message': 'Too Many Requests', 'type': 'too_many_requests', 'param': None, 'code': 'too_many_requests'}}
Failed for Treva Whateva - Driving Reign: Error code: 429 - {'error': {'message': 'Too Many Requests', 'type': 'too_many_requests', 'param': None, 'code': 'too_many_requests'}}
Failed for +/- - Fadeout: Error code: 429 - {'error': {'message': 'Too Many Requests', 'type': 'too_many_requests', 'param': None, 'code': 'too_many_requests'}}
Failed for Telefon Tel Aviv - The Birds: Error code: 429 - {'error': {'message': 'Too Many Requests', 'type': 'too_many_requests', 'param': None, 'code': 'too_many_requests'}}
Failed for Telefon Tel Aviv - You Are The Worst Thing In The World: Error code: 429 - {'error': {'message': 'Too Many Requests', 'type': 'too_many_requests', 'param': None, 'code': 'too_many_requests'}}
Failed for Sleater-Kinney - Don'T Think You Wanna: Error code: 429 - {'error': {'message': 'Too Many Requests', 'type': 'too_many_requests', 'param': None, 'code': 'too_many_requests'}}
Failed for The Hellacopters - Better Than You: Error code: 429 - {'error': {'message': 'Too Many Requests', 'type': 'too_many_requests', 'param': None, 'code': 'too_many_requests'}}
Failed for The Holloways - Fuck Ups: Error code: 429 - {'error': {'message': 'Too Many Requests', 'type': 'too_many_requests', 'param': None, 'code': 'too_many_requests'}}
Failed for The Holloways - Happiness And Penniless: Error code: 429 - {'error': {'message': 'Too Many Requests', 'type': 'too_many_requests', 'param': None, 'code': 'too_many_requests'}}
Failed for The Hellacopters - A View From Nowhere: Error code: 429 - {'error': {'message': 'Too Many Requests', 'type': 'too_many_requests', 'param': None, 'code': 'too_many_requests'}}
Failed for Beth - Dime (Spain): Error code: 429 - {'error': {'message': 'Too Many Requests', 'type': 'too_many_requests', 'param': None, 'code': 'too_many_requests'}}
Failed for Elvis Presley - (Now And Then There'S) A Fool Such As I: Error code: 429 - {'error': {'message': 'Too Many Requests', 'type': 'too_many_requests', 'param': None, 'code': 'too_many_requests'}}
Failed for Pati Yang - Pretty Fin: Error code: 429 - {'error': {'message': 'Too Many Requests', 'type': 'too_many_requests', 'param': None, 'code': 'too_many_requests'}}
Failed for Miss Kittin - Requiem For A Hit (Feat. L.A. Williams): Error code: 429 - {'error': {'message': 'Too Many Requests', 'type': 'too_many_requests', 'param': None, 'code': 'too_many_requests'}}
Failed for Kraftwerk - Schaufensterpuppen: Error code: 429 - {'error': {'message': 'Too Many Requests', 'type': 'too_many_requests', 'param': None, 'code': 'too_many_requests'}}
Failed for Kraftwerk - Metall Auf Metall: Error code: 429 - {'error': {'message': 'Too Many Requests', 'type': 'too_many_requests', 'param': None, 'code': 'too_many_requests'}}
Failed for Tunng - Out The Window With The Window: Error code: 429 - {'error': {'message': 'Too Many Requests', 'type': 'too_many_requests', 'param': None, 'code': 'too_many_requests'}}
Failed for Controlled Collapse - Liar: Error code: 429 - {'error': {'message': 'Too Many Requests', 'type': 'too_many_requests', 'param': None, 'code': 'too_many_requests'}}
Failed for The Cooper Temple Clause - Isn'T It Strange: Error code: 429 - {'error': {'message': 'Too Many Requests', 'type': 'too_many_requests', 'param': None, 'code': 'too_many_requests'}}
Failed for Tina Turner - Simply The Best: Error code: 429 - {'error': {'message': 'Too Many Requests', 'type': 'too_many_requests', 'param': None, 'code': 'too_many_requests'}}
Failed for Miss Kittin - Pollution Of The Mind: Error code: 429 - {'error': {'message': 'Too Many Requests', 'type': 'too_many_requests', 'param': None, 'code': 'too_many_requests'}}
Failed for Kraftwerk - Tour De France (Etape 3): Error code: 429 - {'error': {'message': 'Too Many Requests', 'type': 'too_many_requests', 'param': None, 'code': 'too_many_requests'}}
Failed for Gilbert Bécaud - Nathalie: Error code: 429 - {'error': {'message': 'Too Many Requests', 'type': 'too_many_requests', 'param': None, 'code': 'too_many_requests'}}
Failed for Reik - Invierno: Error code: 429 - {'error': {'message': 'Too Many Requests', 'type': 'too_many_requests', 'param': None, 'code': 'too_many_requests'}}
Failed for Remy Zero - Hollow: Error code: 429 - {'error': {'message': 'Too Many Requests', 'type': 'too_many_requests', 'param': None, 'code': 'too_many_requests'}}
Failed for Girls Aloud - Love Is The Key: Error code: 429 - {'error': {'message': 'Too Many Requests', 'type': 'too_many_requests', 'param': None, 'code': 'too_many_requests'}}
Failed for Tinariwen - Matadjem Yinmixan: Error code: 429 - {'error': {'message': 'Too Many Requests', 'type': 'too_many_requests', 'param': None, 'code': 'too_many_requests'}}
Failed for Girls Aloud - Black Jacks: Error code: 429 - {'error': {'message': 'Too Many Requests', 'type': 'too_many_requests', 'param': None, 'code': 'too_many_requests'}}
Failed for Girls Aloud - I Think We'Re Alone Now: Error code: 429 - {'error': {'message': 'Too Many Requests', 'type': 'too_many_requests', 'param': None, 'code': 'too_many_requests'}}
Failed for Girls Aloud - Close To Love: Error code: 429 - {'error': {'message': 'Too Many Requests', 'type': 'too_many_requests', 'param': None, 'code': 'too_many_requests'}}
Failed for Cool Kids Of Death - Generacja Nic: Error code: 429 - {'error': {'message': 'Too Many Requests', 'type': 'too_many_requests', 'param': None, 'code': 'too_many_requests'}}
Failed for The Cooper Temple Clause - Who Needs Enemies?: Error code: 429 - {'error': {'message': 'Too Many Requests', 'type': 'too_many_requests', 'param': None, 'code': 'too_many_requests'}}
Failed for Angelo Badalamenti - Red Bats With Teeth: Error code: 429 - {'error': {'message': 'Too Many Requests', 'type': 'too_many_requests', 'param': None, 'code': 'too_many_requests'}}
Failed for Cool Kids Of Death - Megapixel: Error code: 429 - {'error': {'message': 'Too Many Requests', 'type': 'too_many_requests', 'param': None, 'code': 'too_many_requests'}}
Failed for Mj Cole Feat. Laura Vane - Watertight: Error code: 429 - {'error': {'message': 'Too Many Requests', 'type': 'too_many_requests', 'param': None, 'code': 'too_many_requests'}}
Failed for Down - Eyes Of The South: Error code: 429 - {'error': {'message': 'Too Many Requests', 'type': 'too_many_requests', 'param': None, 'code': 'too_many_requests'}}
Failed for Turbonegro - Babylon Forever: Error code: 429 - {'error': {'message': 'Too Many Requests', 'type': 'too_many_requests', 'param': None, 'code': 'too_many_requests'}}
Failed for Kraftwerk - The Telephone Call: Error code: 429 - {'error': {'message': 'Too Many Requests', 'type': 'too_many_requests', 'param': None, 'code': 'too_many_requests'}}
Failed for Squire - You'Re The One: Error code: 429 - {'error': {'message': 'Too Many Requests', 'type': 'too_many_requests', 'param': None, 'code': 'too_many_requests'}}
Failed for Girls Aloud - Theme To St.Trinians: Error code: 429 - {'error': {'message': 'Too Many Requests', 'type': 'too_many_requests', 'param': None, 'code': 'too_many_requests'}}
Failed for Boy Kill Boy - Friday - Friday: Error code: 429 - {'error': {'message': 'Too Many Requests', 'type': 'too_many_requests', 'param': None, 'code': 'too_many_requests'}}
Failed for Girls Aloud - Love Is Pain: Error code: 429 - {'error': {'message': 'Too Many Requests', 'type': 'too_many_requests', 'param': None, 'code': 'too_many_requests'}}
100/2988 done
Failed for 鼓童 - Wax Off: Error code: 429 - {'error': {'message': 'Too Many Requests', 'type': 'too_many_requests', 'param': None, 'code': 'too_many_requests'}}
Failed for Download - Zass Pie: Error code: 429 - {'error': {'message': 'Too Many Requests', 'type': 'too_many_requests', 'param': None, 'code': 'too_many_requests'}}
Failed for Britney Spears - Chris Cox Megamix: Error code: 429 - {'error': {'message': 'Too Many Requests', 'type': 'too_many_requests', 'param': None, 'code': 'too_many_requests'}}
Failed for Leftfield - 21St Century Poem: Error code: 429 - {'error': {'message': 'Too Many Requests', 'type': 'too_many_requests', 'param': None, 'code': 'too_many_requests'}}
Failed for Saturday Looks Good To Me - The Girl'S Distracted: Error code: 429 - {'error': {'message': 'Too Many Requests', 'type': 'too_many_requests', 'param': None, 'code': 'too_many_requests'}}
Failed for Menomena - Oahu: Error code: 429 - {'error': {'message': 'Too Many Requests', 'type': 'too_many_requests', 'param': None, 'code': 'too_many_requests'}}
Failed for Flight Of The Conchords - Mutha'Uckas: Error code: 429 - {'error': {'message': 'Too Many Requests', 'type': 'too_many_requests', 'param': None, 'code': 'too_many_requests'}}
Failed for Menomena - Cough Coughing: Error code: 429 - {'error': {'message': 'Too Many Requests', 'type': 'too_many_requests', 'param': None, 'code': 'too_many_requests'}}
Failed for As I Lay Dying - Repeating Yesterday: Error code: 429 - {'error': {'message': 'Too Many Requests', 'type': 'too_many_requests', 'param': None, 'code': 'too_many_requests'}}
Failed for Menomena - The Monkey'S Back: Error code: 429 - {'error': {'message': 'Too Many Requests', 'type': 'too_many_requests', 'param': None, 'code': 'too_many_requests'}}
Failed for The Almost - Dirty And Left Out: Error code: 429 - {'error': {'message': 'Too Many Requests', 'type': 'too_many_requests', 'param': None, 'code': 'too_many_requests'}}
Failed for Flogging Molly - Black Friday Rule: Error code: 429 - {'error': {'message': 'Too Many Requests', 'type': 'too_many_requests', 'param': None, 'code': 'too_many_requests'}}
Failed for Paula Abdul - Opposites Attract: Error code: 429 - {'error': {'message': 'Too Many Requests', 'type': 'too_many_requests', 'param': None, 'code': 'too_many_requests'}}
Failed for Peaches - Two Guys (For Every Girl): Error code: 429 - {'error': {'message': 'Too Many Requests', 'type': 'too_many_requests', 'param': None, 'code': 'too_many_requests'}}
Failed for Bloc Party - Little Thoughts (Extended Version): Error code: 429 - {'error': {'message': 'Too Many Requests', 'type': 'too_many_requests', 'param': None, 'code': 'too_many_requests'}}
Failed for Arch Enemy - In This Shallow Grave: Error code: 429 - {'error': {'message': 'Too Many Requests', 'type': 'too_many_requests', 'param': None, 'code': 'too_many_requests'}}
Failed for Erlend Øye - Sheltered Life: Error code: 429 - {'error': {'message': 'Too Many Requests', 'type': 'too_many_requests', 'param': None, 'code': 'too_many_requests'}}
Failed for Sigur Rós - Vetur: Error code: 429 - {'error': {'message': 'Too Many Requests', 'type': 'too_many_requests', 'param': None, 'code': 'too_many_requests'}}
Failed for Mad Season - Long Gone Day: Error code: 429 - {'error': {'message': 'Too Many Requests', 'type': 'too_many_requests', 'param': None, 'code': 'too_many_requests'}}
Failed for Windy & Carl - Beyond Asleep: Error code: 429 - {'error': {'message': 'Too Many Requests', 'type': 'too_many_requests', 'param': None, 'code': 'too_many_requests'}}
Failed for Peace Orchestra - Shining: Error code: 429 - {'error': {'message': 'Too Many Requests', 'type': 'too_many_requests', 'param': None, 'code': 'too_many_requests'}}
Failed for Windy & Carl - Consciousness: Error code: 429 - {'error': {'message': 'Too Many Requests', 'type': 'too_many_requests', 'param': None, 'code': 'too_many_requests'}}
Failed for Pavement - Folk Jam: Error code: 429 - {'error': {'message': 'Too Many Requests', 'type': 'too_many_requests', 'param': None, 'code': 'too_many_requests'}}
Failed for Mercenary - Redefine Me: Error code: 429 - {'error': {'message': 'Too Many Requests', 'type': 'too_many_requests', 'param': None, 'code': 'too_many_requests'}}
Failed for Mercenary - World Hate Center: Error code: 429 - {'error': {'message': 'Too Many Requests', 'type': 'too_many_requests', 'param': None, 'code': 'too_many_requests'}}
Failed for The Pretenders - 2000 Miles: Error code: 429 - {'error': {'message': 'Too Many Requests', 'type': 'too_many_requests', 'param': None, 'code': 'too_many_requests'}}
Failed for Pavement - Fame Throwa: Error code: 429 - {'error': {'message': 'Too Many Requests', 'type': 'too_many_requests', 'param': None, 'code': 'too_many_requests'}}
Failed for Snowden - Filler Is Wasted: Error code: 429 - {'error': {'message': 'Too Many Requests', 'type': 'too_many_requests', 'param': None, 'code': 'too_many_requests'}}
Failed for Bishop Allen - Middle Management: Error code: 429 - {'error': {'message': 'Too Many Requests', 'type': 'too_many_requests', 'param': None, 'code': 'too_many_requests'}}
Failed for Mercenary - Loneliness: Error code: 429 - {'error': {'message': 'Too Many Requests', 'type': 'too_many_requests', 'param': None, 'code': 'too_many_requests'}}
Failed for El-P - Stepfather Factory: Error code: 429 - {'error': {'message': 'Too Many Requests', 'type': 'too_many_requests', 'param': None, 'code': 'too_many_requests'}}
Failed for The Who - Mary Anne With The Shaky Hand: Error code: 429 - {'error': {'message': 'Too Many Requests', 'type': 'too_many_requests', 'param': None, 'code': 'too_many_requests'}}
Failed for The Wombats - Dr Suzanne Mattox Phd: Error code: 429 - {'error': {'message': 'Too Many Requests', 'type': 'too_many_requests', 'param': None, 'code': 'too_many_requests'}}
Failed for El-P - Tasmanian Pain Coaster: Error code: 429 - {'error': {'message': 'Too Many Requests', 'type': 'too_many_requests', 'param': None, 'code': 'too_many_requests'}}
Failed for The Presidents Of The United States Of America - Bug City: Error code: 429 - {'error': {'message': 'Too Many Requests', 'type': 'too_many_requests', 'param': None, 'code': 'too_many_requests'}}
Failed for Mercyful Fate - A Dangerous Meeting: Error code: 429 - {'error': {'message': 'Too Many Requests', 'type': 'too_many_requests', 'param': None, 'code': 'too_many_requests'}}
Failed for El-P - Drive: Error code: 429 - {'error': {'message': 'Too Many Requests', 'type': 'too_many_requests', 'param': None, 'code': 'too_many_requests'}}
Failed for Led Zeppelin - The Wanton Song: Error code: 429 - {'error': {'message': 'Too Many Requests', 'type': 'too_many_requests', 'param': None, 'code': 'too_many_requests'}}
Failed for Windy & Carl - The Sun: Error code: 429 - {'error': {'message': 'Too Many Requests', 'type': 'too_many_requests', 'param': None, 'code': 'too_many_requests'}}
Failed for Windy & Carl - Snowing: Error code: 429 - {'error': {'message': 'Too Many Requests', 'type': 'too_many_requests', 'param': None, 'code': 'too_many_requests'}}
Failed for Erlend Øye - The Athlete: Error code: 429 - {'error': {'message': 'Too Many Requests', 'type': 'too_many_requests', 'param': None, 'code': 'too_many_requests'}}
Failed for Dave Gahan - A Little Lie: Error code: 429 - {'error': {'message': 'Too Many Requests', 'type': 'too_many_requests', 'param': None, 'code': 'too_many_requests'}}
Failed for El Perro Del Mar - Here Comes That Feeling: Error code: 429 - {'error': {'message': 'Too Many Requests', 'type': 'too_many_requests', 'param': None, 'code': 'too_many_requests'}}
Failed for Tomte - Norden Der Welt: Error code: 429 - {'error': {'message': 'Too Many Requests', 'type': 'too_many_requests', 'param': None, 'code': 'too_many_requests'}}
Failed for Tomte - Passt Zu Meinem Kalender: Error code: 429 - {'error': {'message': 'Too Many Requests', 'type': 'too_many_requests', 'param': None, 'code': 'too_many_requests'}}
Failed for Sasha - Requiem: Error code: 429 - {'error': {'message': 'Too Many Requests', 'type': 'too_many_requests', 'param': None, 'code': 'too_many_requests'}}
Failed for Dave Edmunds - Hey Good Lookin': Error code: 429 - {'error': {'message': 'Too Many Requests', 'type': 'too_many_requests', 'param': None, 'code': 'too_many_requests'}}
Failed for The Airborne Toxic Event - Innocence: Error code: 429 - {'error': {'message': 'Too Many Requests', 'type': 'too_many_requests', 'param': None, 'code': 'too_many_requests'}}
Failed for El Ten Eleven - Fanshawe: Error code: 429 - {'error': {'message': 'Too Many Requests', 'type': 'too_many_requests', 'param': None, 'code': 'too_many_requests'}}
Failed for El Ten Eleven - Thinking Loudly: Error code: 429 - {'error': {'message': 'Too Many Requests', 'type': 'too_many_requests', 'param': None, 'code': 'too_many_requests'}}
Failed for Snow Patrol - Headlights: Error code: 429 - {'error': {'message': 'Too Many Requests', 'type': 'too_many_requests', 'param': None, 'code': 'too_many_requests'}}
Failed for Flickerstick - Chloroform The One You Love: Error code: 429 - {'error': {'message': 'Too Many Requests', 'type': 'too_many_requests', 'param': None, 'code': 'too_many_requests'}}
Failed for Merle Haggard - Silver Wings: Error code: 429 - {'error': {'message': 'Too Many Requests', 'type': 'too_many_requests', 'param': None, 'code': 'too_many_requests'}}
Failed for Sash! - Stay: Error code: 429 - {'error': {'message': 'Too Many Requests', 'type': 'too_many_requests', 'param': None, 'code': 'too_many_requests'}}
Failed for Sasha - Medway - The Baseline Track: Error code: 429 - {'error': {'message': 'Too Many Requests', 'type': 'too_many_requests', 'param': None, 'code': 'too_many_requests'}}
Failed for The Presets - Are You The One? (Simian Mobile Disco Remix): Error code: 429 - {'error': {'message': 'Too Many Requests', 'type': 'too_many_requests', 'param': None, 'code': 'too_many_requests'}}
Failed for El Ten Eleven - 1969: Error code: 429 - {'error': {'message': 'Too Many Requests', 'type': 'too_many_requests', 'param': None, 'code': 'too_many_requests'}}
Failed for Electrelane - I'M On Fire: Error code: 429 - {'error': {'message': 'Too Many Requests', 'type': 'too_many_requests', 'param': None, 'code': 'too_many_requests'}}
Failed for The Prodigy - Molotov Bitch: Error code: 429 - {'error': {'message': 'Too Many Requests', 'type': 'too_many_requests', 'param': None, 'code': 'too_many_requests'}}
Failed for The Postmarks - Summers Never Seem To Last: Error code: 429 - {'error': {'message': 'Too Many Requests', 'type': 'too_many_requests', 'param': None, 'code': 'too_many_requests'}}
Failed for Social Distortion - Under My Thumb: Error code: 429 - {'error': {'message': 'Too Many Requests', 'type': 'too_many_requests', 'param': None, 'code': 'too_many_requests'}}
Failed for Britney Spears - We Can Do It (Get Naked): Error code: 429 - {'error': {'message': 'Too Many Requests', 'type': 'too_many_requests', 'param': None, 'code': 'too_many_requests'}}
Failed for The Postal Service - The Dream Of Evan And Chan: Error code: 429 - {'error': {'message': 'Too Many Requests', 'type': 'too_many_requests', 'param': None, 'code': 'too_many_requests'}}
Failed for Saul Williams - Pg: Error code: 429 - {'error': {'message': 'Too Many Requests', 'type': 'too_many_requests', 'param': None, 'code': 'too_many_requests'}}
Failed for Electrelane - You Make Me Weak At The Knees: Error code: 429 - {'error': {'message': 'Too Many Requests', 'type': 'too_many_requests', 'param': None, 'code': 'too_many_requests'}}
Failed for Soda Stereo - En El Séptimo Día: Error code: 429 - {'error': {'message': 'Too Many Requests', 'type': 'too_many_requests', 'param': None, 'code': 'too_many_requests'}}
Failed for Soda Stereo - Ameba: Error code: 429 - {'error': {'message': 'Too Many Requests', 'type': 'too_many_requests', 'param': None, 'code': 'too_many_requests'}}
Failed for Darkwell - Armageddon: Error code: 429 - {'error': {'message': 'Too Many Requests', 'type': 'too_many_requests', 'param': None, 'code': 'too_many_requests'}}
Failed for Le Volume Courbe - Sitting In Your Head: Error code: 429 - {'error': {'message': 'Too Many Requests', 'type': 'too_many_requests', 'param': None, 'code': 'too_many_requests'}}
Failed for Paul Van Dyk - That'S Life: Error code: 429 - {'error': {'message': 'Too Many Requests', 'type': 'too_many_requests', 'param': None, 'code': 'too_many_requests'}}
Failed for Dave Matthews Band - Don'T Drink The Water: Error code: 429 - {'error': {'message': 'Too Many Requests', 'type': 'too_many_requests', 'param': None, 'code': 'too_many_requests'}}
Failed for Dave Matthews - Trouble: Error code: 429 - {'error': {'message': 'Too Many Requests', 'type': 'too_many_requests', 'param': None, 'code': 'too_many_requests'}}
Failed for Biosphere - Dissolving Clouds: Error code: 429 - {'error': {'message': 'Too Many Requests', 'type': 'too_many_requests', 'param': None, 'code': 'too_many_requests'}}
Failed for The Tough Alliance - The Last Dance: Error code: 429 - {'error': {'message': 'Too Many Requests', 'type': 'too_many_requests', 'param': None, 'code': 'too_many_requests'}}
Failed for Paul Weller - From The Floorboards Up: Error code: 429 - {'error': {'message': 'Too Many Requests', 'type': 'too_many_requests', 'param': None, 'code': 'too_many_requests'}}
Failed for The American Analog Set - The Postman: Error code: 429 - {'error': {'message': 'Too Many Requests', 'type': 'too_many_requests', 'param': None, 'code': 'too_many_requests'}}
Failed for Fluke - Atom Bomb: Error code: 429 - {'error': {'message': 'Too Many Requests', 'type': 'too_many_requests', 'param': None, 'code': 'too_many_requests'}}
Failed for Soda Stereo - Pic-Nic En El 4To B: Error code: 429 - {'error': {'message': 'Too Many Requests', 'type': 'too_many_requests', 'param': None, 'code': 'too_many_requests'}}
Failed for Ash - Oh Yeah: Error code: 429 - {'error': {'message': 'Too Many Requests', 'type': 'too_many_requests', 'param': None, 'code': 'too_many_requests'}}
Failed for Le Tigre - Well Well Well: Error code: 429 - {'error': {'message': 'Too Many Requests', 'type': 'too_many_requests', 'param': None, 'code': 'too_many_requests'}}
Failed for The Postal Service - 02 Track 2: Error code: 429 - {'error': {'message': 'Too Many Requests', 'type': 'too_many_requests', 'param': None, 'code': 'too_many_requests'}}
Failed for Saul Williams - No One Ever Does: Error code: 429 - {'error': {'message': 'Too Many Requests', 'type': 'too_many_requests', 'param': None, 'code': 'too_many_requests'}}
Failed for Saul Williams - Raised To Be Lowered: Error code: 429 - {'error': {'message': 'Too Many Requests', 'type': 'too_many_requests', 'param': None, 'code': 'too_many_requests'}}
Failed for Electric Light Orchestra - Blinded By The Light: Error code: 429 - {'error': {'message': 'Too Many Requests', 'type': 'too_many_requests', 'param': None, 'code': 'too_many_requests'}}
Failed for Flunk - Skysong: Error code: 429 - {'error': {'message': 'Too Many Requests', 'type': 'too_many_requests', 'param': None, 'code': 'too_many_requests'}}
Failed for Sodom - Incest: Error code: 429 - {'error': {'message': 'Too Many Requests', 'type': 'too_many_requests', 'param': None, 'code': 'too_many_requests'}}
Failed for Flunk - Kemikal Girl: Error code: 429 - {'error': {'message': 'Too Many Requests', 'type': 'too_many_requests', 'param': None, 'code': 'too_many_requests'}}
Failed for Broadcast - You Can Fall: Error code: 429 - {'error': {'message': 'Too Many Requests', 'type': 'too_many_requests', 'param': None, 'code': 'too_many_requests'}}
Failed for Bishop Allen - Rain: Error code: 429 - {'error': {'message': 'Too Many Requests', 'type': 'too_many_requests', 'param': None, 'code': 'too_many_requests'}}
Failed for Sarah Mclachlan - Hold On: Error code: 429 - {'error': {'message': 'Too Many Requests', 'type': 'too_many_requests', 'param': None, 'code': 'too_many_requests'}}
Failed for The Polyphonic Spree - Section 9: Light & Day / Reach For The Sun: Error code: 429 - {'error': {'message': 'Too Many Requests', 'type': 'too_many_requests', 'param': None, 'code': 'too_many_requests'}}
Failed for Broken Social Scene - Baroque Social: Error code: 429 - {'error': {'message': 'Too Many Requests', 'type': 'too_many_requests', 'param': None, 'code': 'too_many_requests'}}
Failed for Erik Mongrain - Mais Quand: Error code: 429 - {'error': {'message': 'Too Many Requests', 'type': 'too_many_requests', 'param': None, 'code': 'too_many_requests'}}
Failed for Vanessa Paradis - Joe Le Taxi: Error code: 429 - {'error': {'message': 'Too Many Requests', 'type': 'too_many_requests', 'param': None, 'code': 'too_many_requests'}}
Failed for The Wrens - Faster Gun: Error code: 429 - {'error': {'message': 'Too Many Requests', 'type': 'too_many_requests', 'param': None, 'code': 'too_many_requests'}}
Failed for Darkthrone - I En Hall Med Flesk Og Mjød: Error code: 429 - {'error': {'message': 'Too Many Requests', 'type': 'too_many_requests', 'param': None, 'code': 'too_many_requests'}}
Failed for M83 - Facing That: Error code: 429 - {'error': {'message': 'Too Many Requests', 'type': 'too_many_requests', 'param': None, 'code': 'too_many_requests'}}
200/2988 done
Failed for Darkmateria - The Picard Song: Error code: 429 - {'error': {'message': 'Too Many Requests', 'type': 'too_many_requests', 'param': None, 'code': 'too_many_requests'}}
Failed for Einstürzende Neubauten - Let'S Do It A Dada: Error code: 429 - {'error': {'message': 'Too Many Requests', 'type': 'too_many_requests', 'param': None, 'code': 'too_many_requests'}}
Failed for Savage Garden - Hold Me: Error code: 429 - {'error': {'message': 'Too Many Requests', 'type': 'too_many_requests', 'param': None, 'code': 'too_many_requests'}}
Failed for The Wreckers - Cigarettes: Error code: 429 - {'error': {'message': 'Too Many Requests', 'type': 'too_many_requests', 'param': None, 'code': 'too_many_requests'}}
Failed for Sofa Surfers - Can I Get A Witness: Error code: 429 - {'error': {'message': 'Too Many Requests', 'type': 'too_many_requests', 'param': None, 'code': 'too_many_requests'}}
Failed for 808 State - Pacific State: Error code: 429 - {'error': {'message': 'Too Many Requests', 'type': 'too_many_requests', 'param': None, 'code': 'too_many_requests'}}
Failed for The Wrens - The House That Guilt Built: Error code: 429 - {'error': {'message': 'Too Many Requests', 'type': 'too_many_requests', 'param': None, 'code': 'too_many_requests'}}
Failed for Einstürzende Neubauten - Ich Gehe Jetzt: Error code: 429 - {'error': {'message': 'Too Many Requests', 'type': 'too_many_requests', 'param': None, 'code': 'too_many_requests'}}
Failed for Lauryn Hill - Lost Ones: Error code: 429 - {'error': {'message': 'Too Many Requests', 'type': 'too_many_requests', 'param': None, 'code': 'too_many_requests'}}
Failed for Einstürzende Neubauten - Die Interimsliebenden: Error code: 429 - {'error': {'message': 'Too Many Requests', 'type': 'too_many_requests', 'param': None, 'code': 'too_many_requests'}}
Failed for Laurent Garnier - Communications From The Lab: Error code: 429 - {'error': {'message': 'Too Many Requests', 'type': 'too_many_requests', 'param': None, 'code': 'too_many_requests'}}
Failed for Soft Cell - Insecure Me: Error code: 429 - {'error': {'message': 'Too Many Requests', 'type': 'too_many_requests', 'param': None, 'code': 'too_many_requests'}}
Failed for Soft Cell - Bedsitter: Error code: 429 - {'error': {'message': 'Too Many Requests', 'type': 'too_many_requests', 'param': None, 'code': 'too_many_requests'}}
Failed for Bright Eyes - The Difference In The Shades: Error code: 429 - {'error': {'message': 'Too Many Requests', 'type': 'too_many_requests', 'param': None, 'code': 'too_many_requests'}}
Failed for Laurent Garnier - The Warning: Error code: 429 - {'error': {'message': 'Too Many Requests', 'type': 'too_many_requests', 'param': None, 'code': 'too_many_requests'}}
Failed for The Pogues - The Auld Triangle: Error code: 429 - {'error': {'message': 'Too Many Requests', 'type': 'too_many_requests', 'param': None, 'code': 'too_many_requests'}}
Failed for The Who - Heinz Baked Beans: Error code: 429 - {'error': {'message': 'Too Many Requests', 'type': 'too_many_requests', 'param': None, 'code': 'too_many_requests'}}
Failed for The Who - Helpless Dancer: Error code: 429 - {'error': {'message': 'Too Many Requests', 'type': 'too_many_requests', 'param': None, 'code': 'too_many_requests'}}
Failed for Method Man - Tical: Error code: 429 - {'error': {'message': 'Too Many Requests', 'type': 'too_many_requests', 'param': None, 'code': 'too_many_requests'}}
Failed for Laura Veirs - Spelunking: Error code: 429 - {'error': {'message': 'Too Many Requests', 'type': 'too_many_requests', 'param': None, 'code': 'too_many_requests'}}
Failed for Laura Veirs - Parisian Dream: Error code: 429 - {'error': {'message': 'Too Many Requests', 'type': 'too_many_requests', 'param': None, 'code': 'too_many_requests'}}
Failed for Sara Donaldson - Back To The Beginning (Opus 6): Error code: 429 - {'error': {'message': 'Too Many Requests', 'type': 'too_many_requests', 'param': None, 'code': 'too_many_requests'}}
Failed for The Pogues - Poor Paddy: Error code: 429 - {'error': {'message': 'Too Many Requests', 'type': 'too_many_requests', 'param': None, 'code': 'too_many_requests'}}
Failed for Sarah Brightman - A Whiter Shade Of Pale: Error code: 429 - {'error': {'message': 'Too Many Requests', 'type': 'too_many_requests', 'param': None, 'code': 'too_many_requests'}}
Failed for Electric Six - Future Boys: Error code: 429 - {'error': {'message': 'Too Many Requests', 'type': 'too_many_requests', 'param': None, 'code': 'too_many_requests'}}
Failed for Laura Pausini - Surrender (Mike Rizzo Global Club Mix): Error code: 429 - {'error': {'message': 'Too Many Requests', 'type': 'too_many_requests', 'param': None, 'code': 'too_many_requests'}}
Failed for Anthrax - Subjugator: Error code: 429 - {'error': {'message': 'Too Many Requests', 'type': 'too_many_requests', 'param': None, 'code': 'too_many_requests'}}
Failed for Snoop Dogg - Tha Shiznit: Error code: 429 - {'error': {'message': 'Too Many Requests', 'type': 'too_many_requests', 'param': None, 'code': 'too_many_requests'}}
Failed for The Pogues - A Pistol For Paddy Garcia: Error code: 429 - {'error': {'message': 'Too Many Requests', 'type': 'too_many_requests', 'param': None, 'code': 'too_many_requests'}}
Failed for Dark Tranquillity - Day To End: Error code: 429 - {'error': {'message': 'Too Many Requests', 'type': 'too_many_requests', 'param': None, 'code': 'too_many_requests'}}
Failed for Dark Tranquillity - The One Brooding Warning: Error code: 429 - {'error': {'message': 'Too Many Requests', 'type': 'too_many_requests', 'param': None, 'code': 'too_many_requests'}}
Failed for Dark Tranquillity - Ego Drama: Error code: 429 - {'error': {'message': 'Too Many Requests', 'type': 'too_many_requests', 'param': None, 'code': 'too_many_requests'}}
Failed for Pedro The Lion - Arizona: Error code: 429 - {'error': {'message': 'Too Many Requests', 'type': 'too_many_requests', 'param': None, 'code': 'too_many_requests'}}
Failed for Madison Avenue - Don'T Call Me Baby: Error code: 429 - {'error': {'message': 'Too Many Requests', 'type': 'too_many_requests', 'param': None, 'code': 'too_many_requests'}}
Failed for Willie Nelson - Me And Paul: Error code: 429 - {'error': {'message': 'Too Many Requests', 'type': 'too_many_requests', 'param': None, 'code': 'too_many_requests'}}
Failed for Metricks - Your Reflection: Error code: 429 - {'error': {'message': 'Too Many Requests', 'type': 'too_many_requests', 'param': None, 'code': 'too_many_requests'}}
Failed for Soil - Can You Heal Me: Error code: 429 - {'error': {'message': 'Too Many Requests', 'type': 'too_many_requests', 'param': None, 'code': 'too_many_requests'}}
Failed for Late Of The Pier - Mad Dogs And Englishmen: Error code: 429 - {'error': {'message': 'Too Many Requests', 'type': 'too_many_requests', 'param': None, 'code': 'too_many_requests'}}
Failed for Alicia Keys - The Thing About Love: Error code: 429 - {'error': {'message': 'Too Many Requests', 'type': 'too_many_requests', 'param': None, 'code': 'too_many_requests'}}
Failed for Efterklang - Mimeo: Error code: 429 - {'error': {'message': 'Too Many Requests', 'type': 'too_many_requests', 'param': None, 'code': 'too_many_requests'}}
Failed for Savage Garden - Violet: Error code: 429 - {'error': {'message': 'Too Many Requests', 'type': 'too_many_requests', 'param': None, 'code': 'too_many_requests'}}
Failed for Bright Eyes - Loose Leaves: Error code: 429 - {'error': {'message': 'Too Many Requests', 'type': 'too_many_requests', 'param': None, 'code': 'too_many_requests'}}
Failed for Eels - Wooden Nickels: Error code: 429 - {'error': {'message': 'Too Many Requests', 'type': 'too_many_requests', 'param': None, 'code': 'too_many_requests'}}
Failed for メリー - Kuroi Niji: Error code: 429 - {'error': {'message': 'Too Many Requests', 'type': 'too_many_requests', 'param': None, 'code': 'too_many_requests'}}
Failed for Bruce Dickinson - A Tyranny Of Souls: Error code: 429 - {'error': {'message': 'Too Many Requests', 'type': 'too_many_requests', 'param': None, 'code': 'too_many_requests'}}
Failed for ムック - Kokoro No Naimachi: Error code: 429 - {'error': {'message': 'Too Many Requests', 'type': 'too_many_requests', 'param': None, 'code': 'too_many_requests'}}
Failed for Bruce Dickinson - Tattooed Millionaire: Error code: 429 - {'error': {'message': 'Too Many Requests', 'type': 'too_many_requests', 'param': None, 'code': 'too_many_requests'}}
Failed for Anthrax - Belly Of The Beast: Error code: 429 - {'error': {'message': 'Too Many Requests', 'type': 'too_many_requests', 'param': None, 'code': 'too_many_requests'}}
Failed for Billy Talent - This Is How It Goes: Error code: 429 - {'error': {'message': 'Too Many Requests', 'type': 'too_many_requests', 'param': None, 'code': 'too_many_requests'}}
Failed for Bruce Dickinson - Trumpets Of Jericho: Error code: 429 - {'error': {'message': 'Too Many Requests', 'type': 'too_many_requests', 'param': None, 'code': 'too_many_requests'}}
Failed for Eels - Rock Hard Times: Error code: 429 - {'error': {'message': 'Too Many Requests', 'type': 'too_many_requests', 'param': None, 'code': 'too_many_requests'}}
Failed for Eels - Somebody Loves You: Error code: 429 - {'error': {'message': 'Too Many Requests', 'type': 'too_many_requests', 'param': None, 'code': 'too_many_requests'}}
Failed for Mewithoutyou - Wolf Am I! (And Shadow): Error code: 429 - {'error': {'message': 'Too Many Requests', 'type': 'too_many_requests', 'param': None, 'code': 'too_many_requests'}}
Failed for Ashlee Simpson - Lala: Error code: 429 - {'error': {'message': 'Too Many Requests', 'type': 'too_many_requests', 'param': None, 'code': 'too_many_requests'}}
Failed for Saves The Day - Cheer: Error code: 429 - {'error': {'message': 'Too Many Requests', 'type': 'too_many_requests', 'param': None, 'code': 'too_many_requests'}}
Failed for Eels - Losing Streak: Error code: 429 - {'error': {'message': 'Too Many Requests', 'type': 'too_many_requests', 'param': None, 'code': 'too_many_requests'}}
Failed for Mf Doom - Gas Drawls: Error code: 429 - {'error': {'message': 'Too Many Requests', 'type': 'too_many_requests', 'param': None, 'code': 'too_many_requests'}}
Failed for Santana - Trinity (Feat. Kirk Hammett & Robert Randolph): Error code: 429 - {'error': {'message': 'Too Many Requests', 'type': 'too_many_requests', 'param': None, 'code': 'too_many_requests'}}
Failed for Eels - Dog Faced Boy: Error code: 429 - {'error': {'message': 'Too Many Requests', 'type': 'too_many_requests', 'param': None, 'code': 'too_many_requests'}}
Failed for Bright Eyes - Going For The Gold: Error code: 429 - {'error': {'message': 'Too Many Requests', 'type': 'too_many_requests', 'param': None, 'code': 'too_many_requests'}}
Failed for Mf Doom - Dead Bent: Error code: 429 - {'error': {'message': 'Too Many Requests', 'type': 'too_many_requests', 'param': None, 'code': 'too_many_requests'}}
Failed for Bruce Springsteen - Jesse James: Error code: 429 - {'error': {'message': 'Too Many Requests', 'type': 'too_many_requests', 'param': None, 'code': 'too_many_requests'}}
Failed for Bruce Springsteen - Cadillac Ranch: Error code: 429 - {'error': {'message': 'Too Many Requests', 'type': 'too_many_requests', 'param': None, 'code': 'too_many_requests'}}
Failed for Mf Doom - Coffin Nails: Error code: 429 - {'error': {'message': 'Too Many Requests', 'type': 'too_many_requests', 'param': None, 'code': 'too_many_requests'}}
Failed for The Young Knives - Tailors: Error code: 429 - {'error': {'message': 'Too Many Requests', 'type': 'too_many_requests', 'param': None, 'code': 'too_many_requests'}}
Failed for Bloc Party - The Pioneers (M83 Remix): Error code: 429 - {'error': {'message': 'Too Many Requests', 'type': 'too_many_requests', 'param': None, 'code': 'too_many_requests'}}
Failed for Pedro The Lion - Suspect Fled The Scene: Error code: 429 - {'error': {'message': 'Too Many Requests', 'type': 'too_many_requests', 'param': None, 'code': 'too_many_requests'}}
Failed for Bloc Party - The Present: Error code: 429 - {'error': {'message': 'Too Many Requests', 'type': 'too_many_requests', 'param': None, 'code': 'too_many_requests'}}
Failed for The Apples In Stereo - Play Tough: Error code: 429 - {'error': {'message': 'Too Many Requests', 'type': 'too_many_requests', 'param': None, 'code': 'too_many_requests'}}
Failed for Blink-182 - The Party Song: Error code: 429 - {'error': {'message': 'Too Many Requests', 'type': 'too_many_requests', 'param': None, 'code': 'too_many_requests'}}
Failed for Paul Schwartz - Agnus Dei: Error code: 429 - {'error': {'message': 'Too Many Requests', 'type': 'too_many_requests', 'param': None, 'code': 'too_many_requests'}}
Failed for Erykah Badu - Apple Tree: Error code: 429 - {'error': {'message': 'Too Many Requests', 'type': 'too_many_requests', 'param': None, 'code': 'too_many_requests'}}
Failed for Alicia Keys - Harlem'S Nocturne: Error code: 429 - {'error': {'message': 'Too Many Requests', 'type': 'too_many_requests', 'param': None, 'code': 'too_many_requests'}}
Failed for Alkaline Trio - Burn: Error code: 429 - {'error': {'message': 'Too Many Requests', 'type': 'too_many_requests', 'param': None, 'code': 'too_many_requests'}}
Failed for Bang Gang - In The Morning: Error code: 429 - {'error': {'message': 'Too Many Requests', 'type': 'too_many_requests', 'param': None, 'code': 'too_many_requests'}}
Failed for Foreign Objects - The Other Side Of The End Of The Universe: Error code: 429 - {'error': {'message': 'Too Many Requests', 'type': 'too_many_requests', 'param': None, 'code': 'too_many_requests'}}
Failed for Eels - Ant Farm: Error code: 429 - {'error': {'message': 'Too Many Requests', 'type': 'too_many_requests', 'param': None, 'code': 'too_many_requests'}}
Failed for Foreign Objects - Genesis 12A: Error code: 429 - {'error': {'message': 'Too Many Requests', 'type': 'too_many_requests', 'param': None, 'code': 'too_many_requests'}}
Failed for The Who - A Legal Matter: Error code: 429 - {'error': {'message': 'Too Many Requests', 'type': 'too_many_requests', 'param': None, 'code': 'too_many_requests'}}
Failed for Lao Che - Czerniaków: Error code: 429 - {'error': {'message': 'Too Many Requests', 'type': 'too_many_requests', 'param': None, 'code': 'too_many_requests'}}
Failed for Lenny Kravitz - Believe In Me: Error code: 429 - {'error': {'message': 'Too Many Requests', 'type': 'too_many_requests', 'param': None, 'code': 'too_many_requests'}}
Failed for Bruce Springsteen - I'M Goin' Down: Error code: 429 - {'error': {'message': 'Too Many Requests', 'type': 'too_many_requests', 'param': None, 'code': 'too_many_requests'}}
Failed for Melanie C - Closer: Error code: 429 - {'error': {'message': 'Too Many Requests', 'type': 'too_many_requests', 'param': None, 'code': 'too_many_requests'}}
Failed for Sanna Nielsen - Empty Room: Error code: 429 - {'error': {'message': 'Too Many Requests', 'type': 'too_many_requests', 'param': None, 'code': 'too_many_requests'}}
Failed for Forgotten Boys - Every Little Thing I Do: Error code: 429 - {'error': {'message': 'Too Many Requests', 'type': 'too_many_requests', 'param': None, 'code': 'too_many_requests'}}
Failed for Micatone - You'Ve Taken All: Error code: 429 - {'error': {'message': 'Too Many Requests', 'type': 'too_many_requests', 'param': None, 'code': 'too_many_requests'}}
Failed for The Pfeifer Broz. Orchestra - Sex And The City Movie Theme: Error code: 429 - {'error': {'message': 'Too Many Requests', 'type': 'too_many_requests', 'param': None, 'code': 'too_many_requests'}}
Failed for Lamya - Black Mona Lisa (Single Mix): Error code: 429 - {'error': {'message': 'Too Many Requests', 'type': 'too_many_requests', 'param': None, 'code': 'too_many_requests'}}
Failed for Fort Minor - Cigarettes: Error code: 429 - {'error': {'message': 'Too Many Requests', 'type': 'too_many_requests', 'param': None, 'code': 'too_many_requests'}}
Failed for Forgotten Boys - No Surprises: Error code: 429 - {'error': {'message': 'Too Many Requests', 'type': 'too_many_requests', 'param': None, 'code': 'too_many_requests'}}
Failed for Solange - Sandcastle Disco: Error code: 429 - {'error': {'message': 'Too Many Requests', 'type': 'too_many_requests', 'param': None, 'code': 'too_many_requests'}}
Failed for Flanders - Time (Deflect Original Mix): Error code: 429 - {'error': {'message': 'Too Many Requests', 'type': 'too_many_requests', 'param': None, 'code': 'too_many_requests'}}
Failed for Sniff 'N' The Tears - Driver'S Seat: Error code: 429 - {'error': {'message': 'Too Many Requests', 'type': 'too_many_requests', 'param': None, 'code': 'too_many_requests'}}
Failed for Saves The Day - This Is Not An Exit: Error code: 429 - {'error': {'message': 'Too Many Requests', 'type': 'too_many_requests', 'param': None, 'code': 'too_many_requests'}}
Failed for The Pastels - Nothing To Be Done: Error code: 429 - {'error': {'message': 'Too Many Requests', 'type': 'too_many_requests', 'param': None, 'code': 'too_many_requests'}}
Failed for Fort Minor - In Stereo: Error code: 429 - {'error': {'message': 'Too Many Requests', 'type': 'too_many_requests', 'param': None, 'code': 'too_many_requests'}}
Failed for The Aquabats! - Meltdown!: Error code: 429 - {'error': {'message': 'Too Many Requests', 'type': 'too_many_requests', 'param': None, 'code': 'too_many_requests'}}
Failed for Lambchop - Is A Woman: Error code: 429 - {'error': {'message': 'Too Many Requests', 'type': 'too_many_requests', 'param': None, 'code': 'too_many_requests'}}
300/2988 done
Failed for The Aquabats! - Plastic Lips: Error code: 429 - {'error': {'message': 'Too Many Requests', 'type': 'too_many_requests', 'param': None, 'code': 'too_many_requests'}}
Failed for Paul Mccartney - A Certain Softness: Error code: 429 - {'error': {'message': 'Too Many Requests', 'type': 'too_many_requests', 'param': None, 'code': 'too_many_requests'}}
Failed for Paul Mccartney - That Was Me: Error code: 429 - {'error': {'message': 'Too Many Requests', 'type': 'too_many_requests', 'param': None, 'code': 'too_many_requests'}}
Failed for Blink-182 - Pathetic: Error code: 429 - {'error': {'message': 'Too Many Requests', 'type': 'too_many_requests', 'param': None, 'code': 'too_many_requests'}}
Failed for Tool - Lost Keys: Error code: 429 - {'error': {'message': 'Too Many Requests', 'type': 'too_many_requests', 'param': None, 'code': 'too_many_requests'}}
Failed for Bloc Party - This Modern Love (Dave P. And Adam Sparkle'S Making Time Remix): Error code: 429 - {'error': {'message': 'Too Many Requests', 'type': 'too_many_requests', 'param': None, 'code': 'too_many_requests'}}
Failed for Sammy Hagar - Heavy Metal: Error code: 429 - {'error': {'message': 'Too Many Requests', 'type': 'too_many_requests', 'param': None, 'code': 'too_many_requests'}}
Failed for Lamb Of God - Pariah: Error code: 429 - {'error': {'message': 'Too Many Requests', 'type': 'too_many_requests', 'param': None, 'code': 'too_many_requests'}}
Failed for Lamb - Softly: Error code: 429 - {'error': {'message': 'Too Many Requests', 'type': 'too_many_requests', 'param': None, 'code': 'too_many_requests'}}
Failed for Vasco Rossi - C'È Chi Dice No: Error code: 429 - {'error': {'message': 'Too Many Requests', 'type': 'too_many_requests', 'param': None, 'code': 'too_many_requests'}}
Failed for Edit - Situps Pullups: Error code: 429 - {'error': {'message': 'Too Many Requests', 'type': 'too_many_requests', 'param': None, 'code': 'too_many_requests'}}
Failed for The Zombies - Changes: Error code: 429 - {'error': {'message': 'Too Many Requests', 'type': 'too_many_requests', 'param': None, 'code': 'too_many_requests'}}
Failed for Lamb - Written: Error code: 429 - {'error': {'message': 'Too Many Requests', 'type': 'too_many_requests', 'param': None, 'code': 'too_many_requests'}}
Failed for Sneaker Pimps - Half Life: Error code: 429 - {'error': {'message': 'Too Many Requests', 'type': 'too_many_requests', 'param': None, 'code': 'too_many_requests'}}
Failed for Edit - Ants: Error code: 429 - {'error': {'message': 'Too Many Requests', 'type': 'too_many_requests', 'param': None, 'code': 'too_many_requests'}}
Failed for Fox N' Wolf - Youth Alcoholic: Error code: 429 - {'error': {'message': 'Too Many Requests', 'type': 'too_many_requests', 'param': None, 'code': 'too_many_requests'}}
Failed for Samamidon - Fall On My Knees: Error code: 429 - {'error': {'message': 'Too Many Requests', 'type': 'too_many_requests', 'param': None, 'code': 'too_many_requests'}}
Failed for Say Anything - I Want To Know Your Plans: Error code: 429 - {'error': {'message': 'Too Many Requests', 'type': 'too_many_requests', 'param': None, 'code': 'too_many_requests'}}
Failed for Samamidon - Little Johnny Brown: Error code: 429 - {'error': {'message': 'Too Many Requests', 'type': 'too_many_requests', 'param': None, 'code': 'too_many_requests'}}
Failed for Samamidon - Sugar Baby: Error code: 429 - {'error': {'message': 'Too Many Requests', 'type': 'too_many_requests', 'param': None, 'code': 'too_many_requests'}}
Failed for Samamidon - O Death: Error code: 429 - {'error': {'message': 'Too Many Requests', 'type': 'too_many_requests', 'param': None, 'code': 'too_many_requests'}}
Failed for Bt - Flaming June: Error code: 429 - {'error': {'message': 'Too Many Requests', 'type': 'too_many_requests', 'param': None, 'code': 'too_many_requests'}}
Failed for Samamidon - Little Satchel: Error code: 429 - {'error': {'message': 'Too Many Requests', 'type': 'too_many_requests', 'param': None, 'code': 'too_many_requests'}}
Failed for David Bowie - Across The Universe: Error code: 429 - {'error': {'message': 'Too Many Requests', 'type': 'too_many_requests', 'param': None, 'code': 'too_many_requests'}}
Failed for Samamidon - Wedding Dress: Error code: 429 - {'error': {'message': 'Too Many Requests', 'type': 'too_many_requests', 'param': None, 'code': 'too_many_requests'}}
Failed for Four Tops - I Can'T Help Myself: Error code: 429 - {'error': {'message': 'Too Many Requests', 'type': 'too_many_requests', 'param': None, 'code': 'too_many_requests'}}
Failed for The Zombies - Leave Me Be: Error code: 429 - {'error': {'message': 'Too Many Requests', 'type': 'too_many_requests', 'param': None, 'code': 'too_many_requests'}}
Failed for Dario Marianelli - The Living Sculptures Of Pemberly: Error code: 429 - {'error': {'message': 'Too Many Requests', 'type': 'too_many_requests', 'param': None, 'code': 'too_many_requests'}}
Failed for I Am Kloot - Loch: Error code: 429 - {'error': {'message': 'Too Many Requests', 'type': 'too_many_requests', 'param': None, 'code': 'too_many_requests'}}
Failed for The Aquabats! - Waterslides!: Error code: 429 - {'error': {'message': 'Too Many Requests', 'type': 'too_many_requests', 'param': None, 'code': 'too_many_requests'}}
Failed for David Bowie - Candidate (Demo Version): Error code: 429 - {'error': {'message': 'Too Many Requests', 'type': 'too_many_requests', 'param': None, 'code': 'too_many_requests'}}
Failed for Pelican - March To The Sea: Error code: 429 - {'error': {'message': 'Too Many Requests', 'type': 'too_many_requests', 'param': None, 'code': 'too_many_requests'}}
Failed for Eric Prydz - Fading Like A Flower: Error code: 429 - {'error': {'message': 'Too Many Requests', 'type': 'too_many_requests', 'param': None, 'code': 'too_many_requests'}}
Failed for Sam Sparro - Clingwrap: Error code: 429 - {'error': {'message': 'Too Many Requests', 'type': 'too_many_requests', 'param': None, 'code': 'too_many_requests'}}
Failed for Lali Puna - Crawling By Numbers: Error code: 429 - {'error': {'message': 'Too Many Requests', 'type': 'too_many_requests', 'param': None, 'code': 'too_many_requests'}}
Failed for The Aquabats! - Stuck In A Movie!: Error code: 429 - {'error': {'message': 'Too Many Requests', 'type': 'too_many_requests', 'param': None, 'code': 'too_many_requests'}}
Failed for Lali Puna - Alienation: Error code: 429 - {'error': {'message': 'Too Many Requests', 'type': 'too_many_requests', 'param': None, 'code': 'too_many_requests'}}
Failed for Michael Bublé - You Don'T Know Me: Error code: 429 - {'error': {'message': 'Too Many Requests', 'type': 'too_many_requests', 'param': None, 'code': 'too_many_requests'}}
Failed for Pendulum - Propane Nightmares (Vip Mix): Error code: 429 - {'error': {'message': 'Too Many Requests', 'type': 'too_many_requests', 'param': None, 'code': 'too_many_requests'}}
Failed for The Protomen - The Stand (Man Or Machine): Error code: 429 - {'error': {'message': 'Too Many Requests', 'type': 'too_many_requests', 'param': None, 'code': 'too_many_requests'}}
Failed for Megadeth - You'Re Dead: Error code: 429 - {'error': {'message': 'Too Many Requests', 'type': 'too_many_requests', 'param': None, 'code': 'too_many_requests'}}
Failed for Fragma - You Are Alive: Error code: 429 - {'error': {'message': 'Too Many Requests', 'type': 'too_many_requests', 'param': None, 'code': 'too_many_requests'}}
Failed for 坂本真綾 - Doreddo 39: Error code: 429 - {'error': {'message': 'Too Many Requests', 'type': 'too_many_requests', 'param': None, 'code': 'too_many_requests'}}
Failed for Ladytron - Blue Jeans 2.0: Error code: 429 - {'error': {'message': 'Too Many Requests', 'type': 'too_many_requests', 'param': None, 'code': 'too_many_requests'}}
Failed for Solo Di Medina - Mujer Del Vuelo: Error code: 429 - {'error': {'message': 'Too Many Requests', 'type': 'too_many_requests', 'param': None, 'code': 'too_many_requests'}}
Failed for Salem Al Fakir - Two Long Distance To Great Thoughts: Error code: 429 - {'error': {'message': 'Too Many Requests', 'type': 'too_many_requests', 'param': None, 'code': 'too_many_requests'}}
Failed for Franco Micalizzi - The Puzzle: Error code: 429 - {'error': {'message': 'Too Many Requests', 'type': 'too_many_requests', 'param': None, 'code': 'too_many_requests'}}
Failed for Ladytron - Skools Out...: Error code: 429 - {'error': {'message': 'Too Many Requests', 'type': 'too_many_requests', 'param': None, 'code': 'too_many_requests'}}
Failed for Frank Black - Fu Manchu: Error code: 429 - {'error': {'message': 'Too Many Requests', 'type': 'too_many_requests', 'param': None, 'code': 'too_many_requests'}}
Failed for Something Brothers - Martin Solveig: Error code: 429 - {'error': {'message': 'Too Many Requests', 'type': 'too_many_requests', 'param': None, 'code': 'too_many_requests'}}
Failed for Tycho - A Circular Reeducation: Error code: 429 - {'error': {'message': 'Too Many Requests', 'type': 'too_many_requests', 'param': None, 'code': 'too_many_requests'}}
Failed for Something Corporate - 21 And Invincible: Error code: 429 - {'error': {'message': 'Too Many Requests', 'type': 'too_many_requests', 'param': None, 'code': 'too_many_requests'}}
Failed for Frank Black - I Heard Ramona Sing: Error code: 429 - {'error': {'message': 'Too Many Requests', 'type': 'too_many_requests', 'param': None, 'code': 'too_many_requests'}}
Failed for The Zombies - This Will Be Our Year: Error code: 429 - {'error': {'message': 'Too Many Requests', 'type': 'too_many_requests', 'param': None, 'code': 'too_many_requests'}}
Failed for Immortal - Withstand The Fall Of Time: Error code: 429 - {'error': {'message': 'Too Many Requests', 'type': 'too_many_requests', 'param': None, 'code': 'too_many_requests'}}
Failed for Leona Lewis - Yesterday: Error code: 429 - {'error': {'message': 'Too Many Requests', 'type': 'too_many_requests', 'param': None, 'code': 'too_many_requests'}}
Failed for Blink-182 - Go: Error code: 429 - {'error': {'message': 'Too Many Requests', 'type': 'too_many_requests', 'param': None, 'code': 'too_many_requests'}}
Failed for The 69 Eyes - Sugarman: Error code: 429 - {'error': {'message': 'Too Many Requests', 'type': 'too_many_requests', 'param': None, 'code': 'too_many_requests'}}
Failed for Underworld - Tongue: Error code: 429 - {'error': {'message': 'Too Many Requests', 'type': 'too_many_requests', 'param': None, 'code': 'too_many_requests'}}
Failed for Unida - Thorn: Error code: 429 - {'error': {'message': 'Too Many Requests', 'type': 'too_many_requests', 'param': None, 'code': 'too_many_requests'}}
Failed for Lady Sovereign - Fiddle With The Volume: Error code: 429 - {'error': {'message': 'Too Many Requests', 'type': 'too_many_requests', 'param': None, 'code': 'too_many_requests'}}
Failed for The 69 Eyes - Too Sick For You: Error code: 429 - {'error': {'message': 'Too Many Requests', 'type': 'too_many_requests', 'param': None, 'code': 'too_many_requests'}}
Failed for Lady Gaga - Just Dance (Hccr'S Bambossa Edit): Error code: 429 - {'error': {'message': 'Too Many Requests', 'type': 'too_many_requests', 'param': None, 'code': 'too_many_requests'}}
Failed for Saint Etienne - Stop And Think It Over: Error code: 429 - {'error': {'message': 'Too Many Requests', 'type': 'too_many_requests', 'param': None, 'code': 'too_many_requests'}}
Failed for Buckethead - Dawn At The Deuce: Error code: 429 - {'error': {'message': 'Too Many Requests', 'type': 'too_many_requests', 'param': None, 'code': 'too_many_requests'}}
Failed for Buckethead - Spell Of The Gypsies: Error code: 429 - {'error': {'message': 'Too Many Requests', 'type': 'too_many_requests', 'param': None, 'code': 'too_many_requests'}}
Failed for 50 Cent - Best Friend: Error code: 429 - {'error': {'message': 'Too Many Requests', 'type': 'too_many_requests', 'param': None, 'code': 'too_many_requests'}}
Failed for Something Corporate - This Broken Heart: Error code: 429 - {'error': {'message': 'Too Many Requests', 'type': 'too_many_requests', 'param': None, 'code': 'too_many_requests'}}
Failed for Michael Nyman - Fish Beach: Error code: 429 - {'error': {'message': 'Too Many Requests', 'type': 'too_many_requests', 'param': None, 'code': 'too_many_requests'}}
Failed for Buckethead - Siege Engine: Error code: 429 - {'error': {'message': 'Too Many Requests', 'type': 'too_many_requests', 'param': None, 'code': 'too_many_requests'}}
Failed for Edan - Polite Meeting (Intro): Error code: 429 - {'error': {'message': 'Too Many Requests', 'type': 'too_many_requests', 'param': None, 'code': 'too_many_requests'}}
Failed for Lady Gaga - Disco Heaven: Error code: 429 - {'error': {'message': 'Too Many Requests', 'type': 'too_many_requests', 'param': None, 'code': 'too_many_requests'}}
Failed for Vashti Bunyan - Where I Like To Stand: Error code: 429 - {'error': {'message': 'Too Many Requests', 'type': 'too_many_requests', 'param': None, 'code': 'too_many_requests'}}
Failed for Brian Mcfadden - Oblivious: Error code: 429 - {'error': {'message': 'Too Many Requests', 'type': 'too_many_requests', 'param': None, 'code': 'too_many_requests'}}
Failed for Lacuna Coil - No Need To Explain: Error code: 429 - {'error': {'message': 'Too Many Requests', 'type': 'too_many_requests', 'param': None, 'code': 'too_many_requests'}}
Failed for Ed Harcourt - Born In The '70S: Error code: 429 - {'error': {'message': 'Too Many Requests', 'type': 'too_many_requests', 'param': None, 'code': 'too_many_requests'}}
Failed for The Psychedelic Furs - Run And Run: Error code: 429 - {'error': {'message': 'Too Many Requests', 'type': 'too_many_requests', 'param': None, 'code': 'too_many_requests'}}
Failed for Lacuna Coil - Devoted: Error code: 429 - {'error': {'message': 'Too Many Requests', 'type': 'too_many_requests', 'param': None, 'code': 'too_many_requests'}}
Failed for Lacuna Coil - Cold: Error code: 429 - {'error': {'message': 'Too Many Requests', 'type': 'too_many_requests', 'param': None, 'code': 'too_many_requests'}}
Failed for Lacrimosa - Ich Verlasse Heut' Dein Herz: Error code: 429 - {'error': {'message': 'Too Many Requests', 'type': 'too_many_requests', 'param': None, 'code': 'too_many_requests'}}
Failed for Michael Woods - Solex (Close To The Edge) (Radio Edit): Error code: 429 - {'error': {'message': 'Too Many Requests', 'type': 'too_many_requests', 'param': None, 'code': 'too_many_requests'}}
Failed for The 69 Eyes - Mrs. Sleazy: Error code: 429 - {'error': {'message': 'Too Many Requests', 'type': 'too_many_requests', 'param': None, 'code': 'too_many_requests'}}
Failed for M. Ward - Oh Take Me Back: Error code: 429 - {'error': {'message': 'Too Many Requests', 'type': 'too_many_requests', 'param': None, 'code': 'too_many_requests'}}
Failed for Patti Smith - Space Monkey: Error code: 429 - {'error': {'message': 'Too Many Requests', 'type': 'too_many_requests', 'param': None, 'code': 'too_many_requests'}}
Failed for David Bowie - I'M Afraid Of Americans (V1): Error code: 429 - {'error': {'message': 'Too Many Requests', 'type': 'too_many_requests', 'param': None, 'code': 'too_many_requests'}}
Failed for The 69 Eyes - Shoot You Down (Demo): Error code: 429 - {'error': {'message': 'Too Many Requests', 'type': 'too_many_requests', 'param': None, 'code': 'too_many_requests'}}
Failed for Escape The Fate - The Guillotine: Error code: 429 - {'error': {'message': 'Too Many Requests', 'type': 'too_many_requests', 'param': None, 'code': 'too_many_requests'}}
Failed for The Offspring - Pretty Fly: Error code: 429 - {'error': {'message': 'Too Many Requests', 'type': 'too_many_requests', 'param': None, 'code': 'too_many_requests'}}
Failed for Wintersun - Sadness And Hate: Error code: 429 - {'error': {'message': 'Too Many Requests', 'type': 'too_many_requests', 'param': None, 'code': 'too_many_requests'}}
Failed for Michelle Branch - Are You Happy Now: Error code: 429 - {'error': {'message': 'Too Many Requests', 'type': 'too_many_requests', 'param': None, 'code': 'too_many_requests'}}
Failed for David Bowie - Kingdom Come: Error code: 429 - {'error': {'message': 'Too Many Requests', 'type': 'too_many_requests', 'param': None, 'code': 'too_many_requests'}}
Failed for The Offspring - Takes Me Nowhere: Error code: 429 - {'error': {'message': 'Too Many Requests', 'type': 'too_many_requests', 'param': None, 'code': 'too_many_requests'}}
Failed for Son Volt - Satellite: Error code: 429 - {'error': {'message': 'Too Many Requests', 'type': 'too_many_requests', 'param': None, 'code': 'too_many_requests'}}
Failed for Son Volt - Slow Hearse: Error code: 429 - {'error': {'message': 'Too Many Requests', 'type': 'too_many_requests', 'param': None, 'code': 'too_many_requests'}}
Failed for Sonata Arctica - Don'T Say A Word (Edit): Error code: 429 - {'error': {'message': 'Too Many Requests', 'type': 'too_many_requests', 'param': None, 'code': 'too_many_requests'}}
Failed for Saint Etienne - Language Lab: Error code: 429 - {'error': {'message': 'Too Many Requests', 'type': 'too_many_requests', 'param': None, 'code': 'too_many_requests'}}
Failed for The Offspring - Pay The Man: Error code: 429 - {'error': {'message': 'Too Many Requests', 'type': 'too_many_requests', 'param': None, 'code': 'too_many_requests'}}
400/2988 done
Failed for Saint Etienne - Finisterre: Error code: 429 - {'error': {'message': 'Too Many Requests', 'type': 'too_many_requests', 'param': None, 'code': 'too_many_requests'}}
Failed for The Offspring - Race Against Myself: Error code: 429 - {'error': {'message': 'Too Many Requests', 'type': 'too_many_requests', 'param': None, 'code': 'too_many_requests'}}
Failed for Brian Eno & David Byrne - America Is Waiting: Error code: 429 - {'error': {'message': 'Too Many Requests', 'type': 'too_many_requests', 'param': None, 'code': 'too_many_requests'}}
Failed for Michelle Branch - You Get Me: Error code: 429 - {'error': {'message': 'Too Many Requests', 'type': 'too_many_requests', 'param': None, 'code': 'too_many_requests'}}
Failed for Saint Etienne - Action: Error code: 429 - {'error': {'message': 'Too Many Requests', 'type': 'too_many_requests', 'param': None, 'code': 'too_many_requests'}}
Failed for Sonata Arctica - Revontulet: Error code: 429 - {'error': {'message': 'Too Many Requests', 'type': 'too_many_requests', 'param': None, 'code': 'too_many_requests'}}
Failed for The Offspring - Hypodermic: Error code: 429 - {'error': {'message': 'Too Many Requests', 'type': 'too_many_requests', 'param': None, 'code': 'too_many_requests'}}
Failed for Sonata Arctica - The Misery: Error code: 429 - {'error': {'message': 'Too Many Requests', 'type': 'too_many_requests', 'param': None, 'code': 'too_many_requests'}}
Failed for Sage Francis - Underground For Dummies: Error code: 429 - {'error': {'message': 'Too Many Requests', 'type': 'too_many_requests', 'param': None, 'code': 'too_many_requests'}}
Failed for Echo Image - Listen To The Stars: Error code: 429 - {'error': {'message': 'Too Many Requests', 'type': 'too_many_requests', 'param': None, 'code': 'too_many_requests'}}
Failed for Saybia - Empty Stairs: Error code: 429 - {'error': {'message': 'Too Many Requests', 'type': 'too_many_requests', 'param': None, 'code': 'too_many_requests'}}
Failed for A Flock Of Seagulls - Transfer Affection: Error code: 429 - {'error': {'message': 'Too Many Requests', 'type': 'too_many_requests', 'param': None, 'code': 'too_many_requests'}}
Failed for Middle Of The Road - Chirpy Chirpy Cheep Cheep: Error code: 429 - {'error': {'message': 'Too Many Requests', 'type': 'too_many_requests', 'param': None, 'code': 'too_many_requests'}}
Failed for 坂本真綾 - The Garden Of Everything 〜電気ロケットに君を連れて〜: Error code: 429 - {'error': {'message': 'Too Many Requests', 'type': 'too_many_requests', 'param': None, 'code': 'too_many_requests'}}
Failed for Brian Eno & David Byrne - Life Is Long: Error code: 429 - {'error': {'message': 'Too Many Requests', 'type': 'too_many_requests', 'param': None, 'code': 'too_many_requests'}}
Failed for Wir Sind Helden - Aurélie: Error code: 429 - {'error': {'message': 'Too Many Requests', 'type': 'too_many_requests', 'param': None, 'code': 'too_many_requests'}}
Failed for Wir Sind Helden - Du Erkennst Mich Nicht Wieder: Error code: 429 - {'error': {'message': 'Too Many Requests', 'type': 'too_many_requests', 'param': None, 'code': 'too_many_requests'}}
Failed for Héroes Del Silencio - Entre Dos Tierras: Error code: 429 - {'error': {'message': 'Too Many Requests', 'type': 'too_many_requests', 'param': None, 'code': 'too_many_requests'}}
Failed for Escape The Fate - My Apocalypse: Error code: 429 - {'error': {'message': 'Too Many Requests', 'type': 'too_many_requests', 'param': None, 'code': 'too_many_requests'}}
Failed for Alice In Chains - Real Thing: Error code: 429 - {'error': {'message': 'Too Many Requests', 'type': 'too_many_requests', 'param': None, 'code': 'too_many_requests'}}
Failed for Patrick Wolf - Thickets: Error code: 429 - {'error': {'message': 'Too Many Requests', 'type': 'too_many_requests', 'param': None, 'code': 'too_many_requests'}}
Failed for Theatre Of Tragedy - A Hamlet For A Slothful Vassal: Error code: 429 - {'error': {'message': 'Too Many Requests', 'type': 'too_many_requests', 'param': None, 'code': 'too_many_requests'}}
Failed for Patrick Wolf - Pumpkin Soup: Error code: 429 - {'error': {'message': 'Too Many Requests', 'type': 'too_many_requests', 'param': None, 'code': 'too_many_requests'}}
Failed for Silver Jews - Animal Shapes: Error code: 429 - {'error': {'message': 'Too Many Requests', 'type': 'too_many_requests', 'param': None, 'code': 'too_many_requests'}}
Failed for David Bowie - Memory Of A Free Festival: Error code: 429 - {'error': {'message': 'Too Many Requests', 'type': 'too_many_requests', 'param': None, 'code': 'too_many_requests'}}
Failed for David Bowie - Outside: Error code: 429 - {'error': {'message': 'Too Many Requests', 'type': 'too_many_requests', 'param': None, 'code': 'too_many_requests'}}
Failed for Torche - Erase: Error code: 429 - {'error': {'message': 'Too Many Requests', 'type': 'too_many_requests', 'param': None, 'code': 'too_many_requests'}}
Failed for Alice In Videoland - Going Down: Error code: 429 - {'error': {'message': 'Too Many Requests', 'type': 'too_many_requests', 'param': None, 'code': 'too_many_requests'}}
Failed for Echo & The Bunnymen - Pictures On My Wall: Error code: 429 - {'error': {'message': 'Too Many Requests', 'type': 'too_many_requests', 'param': None, 'code': 'too_many_requests'}}
Failed for Sage Francis - Crumble: Error code: 429 - {'error': {'message': 'Too Many Requests', 'type': 'too_many_requests', 'param': None, 'code': 'too_many_requests'}}
Failed for Midlake - The Jungler: Error code: 429 - {'error': {'message': 'Too Many Requests', 'type': 'too_many_requests', 'param': None, 'code': 'too_many_requests'}}
Failed for Sage Francis - Broken Wings: Error code: 429 - {'error': {'message': 'Too Many Requests', 'type': 'too_many_requests', 'param': None, 'code': 'too_many_requests'}}
Failed for Echo & The Bunnymen - Crocodiles: Error code: 429 - {'error': {'message': 'Too Many Requests', 'type': 'too_many_requests', 'param': None, 'code': 'too_many_requests'}}
Failed for The Pussycat Dolls - I'M Done: Error code: 429 - {'error': {'message': 'Too Many Requests', 'type': 'too_many_requests', 'param': None, 'code': 'too_many_requests'}}
Failed for Buffalo Tom - Would Not Be Denied: Error code: 429 - {'error': {'message': 'Too Many Requests', 'type': 'too_many_requests', 'param': None, 'code': 'too_many_requests'}}
Failed for La Quinta Estación - Que Te Quería: Error code: 429 - {'error': {'message': 'Too Many Requests', 'type': 'too_many_requests', 'param': None, 'code': 'too_many_requests'}}
Failed for Echo & The Bunnymen - Everything Kills You: Error code: 429 - {'error': {'message': 'Too Many Requests', 'type': 'too_many_requests', 'param': None, 'code': 'too_many_requests'}}
Failed for Buffalo Tom - You'Ll Never Catch Him: Error code: 429 - {'error': {'message': 'Too Many Requests', 'type': 'too_many_requests', 'param': None, 'code': 'too_many_requests'}}
Failed for Bugge Wesseltoft - Change: Error code: 429 - {'error': {'message': 'Too Many Requests', 'type': 'too_many_requests', 'param': None, 'code': 'too_many_requests'}}
Failed for Frank Sinatra - Jingle Bells: Error code: 429 - {'error': {'message': 'Too Many Requests', 'type': 'too_many_requests', 'param': None, 'code': 'too_many_requests'}}
Failed for Frank Sinatra - Let It Snow: Error code: 429 - {'error': {'message': 'Too Many Requests', 'type': 'too_many_requests', 'param': None, 'code': 'too_many_requests'}}
Failed for Buggles - Kid Dynamo: Error code: 429 - {'error': {'message': 'Too Many Requests', 'type': 'too_many_requests', 'param': None, 'code': 'too_many_requests'}}
Failed for Buggles - Adventures In Modern Recording: Error code: 429 - {'error': {'message': 'Too Many Requests', 'type': 'too_many_requests', 'param': None, 'code': 'too_many_requests'}}
Failed for Songs: Ohia - Hold On Magnolia: Error code: 429 - {'error': {'message': 'Too Many Requests', 'type': 'too_many_requests', 'param': None, 'code': 'too_many_requests'}}
Failed for Tom Waits - We'Re All Mad Here: Error code: 429 - {'error': {'message': 'Too Many Requests', 'type': 'too_many_requests', 'param': None, 'code': 'too_many_requests'}}
Failed for Badly Drawn Boy - Year Of The Rat: Error code: 429 - {'error': {'message': 'Too Many Requests', 'type': 'too_many_requests', 'param': None, 'code': 'too_many_requests'}}
Failed for The 69 Eyes - Get Around: Error code: 429 - {'error': {'message': 'Too Many Requests', 'type': 'too_many_requests', 'param': None, 'code': 'too_many_requests'}}
Failed for David Bowie - Stay: Error code: 429 - {'error': {'message': 'Too Many Requests', 'type': 'too_many_requests', 'param': None, 'code': 'too_many_requests'}}
Failed for Håkan Hellström - Atombomb: Error code: 429 - {'error': {'message': 'Too Many Requests', 'type': 'too_many_requests', 'param': None, 'code': 'too_many_requests'}}
Failed for David Bowie - Slow Burn: Error code: 429 - {'error': {'message': 'Too Many Requests', 'type': 'too_many_requests', 'param': None, 'code': 'too_many_requests'}}
Failed for Håkan Hellström - För En Lång Lång Tid: Error code: 429 - {'error': {'message': 'Too Many Requests', 'type': 'too_many_requests', 'param': None, 'code': 'too_many_requests'}}
Failed for M-Flo♥Rie Fu - Float'N Flow (Sao Paulo Tornado Remix): Error code: 429 - {'error': {'message': 'Too Many Requests', 'type': 'too_many_requests', 'param': None, 'code': 'too_many_requests'}}
Failed for M-Flo♥加藤ミリヤ - One Day (Kreva Remix): Error code: 429 - {'error': {'message': 'Too Many Requests', 'type': 'too_many_requests', 'param': None, 'code': 'too_many_requests'}}
Failed for The B-52'S - Party Out Of Bounds: Error code: 429 - {'error': {'message': 'Too Many Requests', 'type': 'too_many_requests', 'param': None, 'code': 'too_many_requests'}}
Failed for Danny Elfman - The Little Things: Error code: 429 - {'error': {'message': 'Too Many Requests', 'type': 'too_many_requests', 'param': None, 'code': 'too_many_requests'}}
Failed for Blink-182 - All Of This: Error code: 429 - {'error': {'message': 'Too Many Requests', 'type': 'too_many_requests', 'param': None, 'code': 'too_many_requests'}}
Failed for Wire - A Mutual Friend: Error code: 429 - {'error': {'message': 'Too Many Requests', 'type': 'too_many_requests', 'param': None, 'code': 'too_many_requests'}}
Failed for Håkan Hellström - Uppsnärjd I Det Blå: Error code: 429 - {'error': {'message': 'Too Many Requests', 'type': 'too_many_requests', 'param': None, 'code': 'too_many_requests'}}
Failed for The B-52'S - 6060-842: Error code: 429 - {'error': {'message': 'Too Many Requests', 'type': 'too_many_requests', 'param': None, 'code': 'too_many_requests'}}
Failed for Mikkel Metal - Dorant: Error code: 429 - {'error': {'message': 'Too Many Requests', 'type': 'too_many_requests', 'param': None, 'code': 'too_many_requests'}}
Failed for Theatre Of Tragedy - Fragment: Error code: 429 - {'error': {'message': 'Too Many Requests', 'type': 'too_many_requests', 'param': None, 'code': 'too_many_requests'}}
Failed for The Nightwatchman - Battle Hymns: Error code: 429 - {'error': {'message': 'Too Many Requests', 'type': 'too_many_requests', 'param': None, 'code': 'too_many_requests'}}
Failed for Songs: Ohia - Two Blue Lights: Error code: 429 - {'error': {'message': 'Too Many Requests', 'type': 'too_many_requests', 'param': None, 'code': 'too_many_requests'}}
Failed for Megadeth - Breadline: Error code: 429 - {'error': {'message': 'Too Many Requests', 'type': 'too_many_requests', 'param': None, 'code': 'too_many_requests'}}
Failed for Megadeth - Amerikhastan: Error code: 429 - {'error': {'message': 'Too Many Requests', 'type': 'too_many_requests', 'param': None, 'code': 'too_many_requests'}}
Failed for Built To Spill - Stab: Error code: 429 - {'error': {'message': 'Too Many Requests', 'type': 'too_many_requests', 'param': None, 'code': 'too_many_requests'}}
Failed for Megadeth - Blood Of Heroes: Error code: 429 - {'error': {'message': 'Too Many Requests', 'type': 'too_many_requests', 'param': None, 'code': 'too_many_requests'}}
Failed for Easyworld - Hopelessly Devoted To You: Error code: 429 - {'error': {'message': 'Too Many Requests', 'type': 'too_many_requests', 'param': None, 'code': 'too_many_requests'}}
Failed for Miles Davis - Bitches Brew: Error code: 429 - {'error': {'message': 'Too Many Requests', 'type': 'too_many_requests', 'param': None, 'code': 'too_many_requests'}}
Failed for L'Âme Immortelle - Stumme Schreie: Error code: 429 - {'error': {'message': 'Too Many Requests', 'type': 'too_many_requests', 'param': None, 'code': 'too_many_requests'}}
Failed for Built To Spill - Israel'S Song: Error code: 429 - {'error': {'message': 'Too Many Requests', 'type': 'too_many_requests', 'param': None, 'code': 'too_many_requests'}}
Failed for Easy Star All-Stars - Us And Them: Error code: 429 - {'error': {'message': 'Too Many Requests', 'type': 'too_many_requests', 'param': None, 'code': 'too_many_requests'}}
Failed for The New Pornographers - Breakin' The Law: Error code: 429 - {'error': {'message': 'Too Many Requests', 'type': 'too_many_requests', 'param': None, 'code': 'too_many_requests'}}
Failed for Theatre Of Tragedy - Play: Error code: 429 - {'error': {'message': 'Too Many Requests', 'type': 'too_many_requests', 'param': None, 'code': 'too_many_requests'}}
Failed for Mediæval Bæbes - Summerisle (The Maypole Song): Error code: 429 - {'error': {'message': 'Too Many Requests', 'type': 'too_many_requests', 'param': None, 'code': 'too_many_requests'}}
Failed for Leroy Hanghofer - H-Boy: Error code: 429 - {'error': {'message': 'Too Many Requests', 'type': 'too_many_requests', 'param': None, 'code': 'too_many_requests'}}
Failed for Easy Star All-Stars - Paranoid Android: Error code: 429 - {'error': {'message': 'Too Many Requests', 'type': 'too_many_requests', 'param': None, 'code': 'too_many_requests'}}
Failed for Mediengruppe Telekommander - Mein Herz: Error code: 429 - {'error': {'message': 'Too Many Requests', 'type': 'too_many_requests', 'param': None, 'code': 'too_many_requests'}}
Failed for L'Âme Immortelle - Judgement: Error code: 429 - {'error': {'message': 'Too Many Requests', 'type': 'too_many_requests', 'param': None, 'code': 'too_many_requests'}}
Failed for Sonic Youth - Diamond Sea: Error code: 429 - {'error': {'message': 'Too Many Requests', 'type': 'too_many_requests', 'param': None, 'code': 'too_many_requests'}}
Failed for Easy Star All-Stars - On The Run: Error code: 429 - {'error': {'message': 'Too Many Requests', 'type': 'too_many_requests', 'param': None, 'code': 'too_many_requests'}}
Failed for Hypocrisy - Slippin' Away: Error code: 429 - {'error': {'message': 'Too Many Requests', 'type': 'too_many_requests', 'param': None, 'code': 'too_many_requests'}}
Failed for Alice Cooper - Desperado: Error code: 429 - {'error': {'message': 'Too Many Requests', 'type': 'too_many_requests', 'param': None, 'code': 'too_many_requests'}}
Failed for Eric Clapton - I'M Going Left: Error code: 429 - {'error': {'message': 'Too Many Requests', 'type': 'too_many_requests', 'param': None, 'code': 'too_many_requests'}}
Failed for The Bad Plus - Everybody Wants To Rule The World: Error code: 429 - {'error': {'message': 'Too Many Requests', 'type': 'too_many_requests', 'param': None, 'code': 'too_many_requests'}}
Failed for Miles Davis - On Green Dolphin Street: Error code: 429 - {'error': {'message': 'Too Many Requests', 'type': 'too_many_requests', 'param': None, 'code': 'too_many_requests'}}
Failed for Danny Elfman - According To Plan: Error code: 429 - {'error': {'message': 'Too Many Requests', 'type': 'too_many_requests', 'param': None, 'code': 'too_many_requests'}}
Failed for Silver Jews - We Are Real: Error code: 429 - {'error': {'message': 'Too Many Requests', 'type': 'too_many_requests', 'param': None, 'code': 'too_many_requests'}}
Failed for The Nerves - Hanging On The Telephone: Error code: 429 - {'error': {'message': 'Too Many Requests', 'type': 'too_many_requests', 'param': None, 'code': 'too_many_requests'}}
Failed for Röyksopp - What Else Is There (Trentemøller Remix): Error code: 429 - {'error': {'message': 'Too Many Requests', 'type': 'too_many_requests', 'param': None, 'code': 'too_many_requests'}}
Failed for Van Morrison - Astral Weeks: Error code: 429 - {'error': {'message': 'Too Many Requests', 'type': 'too_many_requests', 'param': None, 'code': 'too_many_requests'}}
Failed for Theatre Of Tragedy - Superdrive: Error code: 429 - {'error': {'message': 'Too Many Requests', 'type': 'too_many_requests', 'param': None, 'code': 'too_many_requests'}}
Failed for Kyuss - Space Cadet: Error code: 429 - {'error': {'message': 'Too Many Requests', 'type': 'too_many_requests', 'param': None, 'code': 'too_many_requests'}}
Failed for Vector Lovers - Melodies And Memory: Error code: 429 - {'error': {'message': 'Too Many Requests', 'type': 'too_many_requests', 'param': None, 'code': 'too_many_requests'}}
500/2988 done
Failed for The National - Son: Error code: 429 - {'error': {'message': 'Too Many Requests', 'type': 'too_many_requests', 'param': None, 'code': 'too_many_requests'}}
Failed for Sonic Youth - Quest For The Cup: Error code: 429 - {'error': {'message': 'Too Many Requests', 'type': 'too_many_requests', 'param': None, 'code': 'too_many_requests'}}
Failed for Kyoto Jazz Massive - Behind The Shadow: Error code: 429 - {'error': {'message': 'Too Many Requests', 'type': 'too_many_requests', 'param': None, 'code': 'too_many_requests'}}
Failed for Kyuss - Whitewater: Error code: 429 - {'error': {'message': 'Too Many Requests', 'type': 'too_many_requests', 'param': None, 'code': 'too_many_requests'}}
Failed for Kylie Minogue - Wow (Mstrkrft Remix): Error code: 429 - {'error': {'message': 'Too Many Requests', 'type': 'too_many_requests', 'param': None, 'code': 'too_many_requests'}}
Failed for Twisted Sister - Love Is For Suckers: Error code: 429 - {'error': {'message': 'Too Many Requests', 'type': 'too_many_requests', 'param': None, 'code': 'too_many_requests'}}
Failed for Kyuss - Catamaran: Error code: 429 - {'error': {'message': 'Too Many Requests', 'type': 'too_many_requests', 'param': None, 'code': 'too_many_requests'}}
Failed for Burial - Broken Home: Error code: 429 - {'error': {'message': 'Too Many Requests', 'type': 'too_many_requests', 'param': None, 'code': 'too_many_requests'}}
Failed for Pet Shop Boys - I Get Along: Error code: 429 - {'error': {'message': 'Too Many Requests', 'type': 'too_many_requests', 'param': None, 'code': 'too_many_requests'}}
Failed for The Band - Look Out Cleveland: Error code: 429 - {'error': {'message': 'Too Many Requests', 'type': 'too_many_requests', 'param': None, 'code': 'too_many_requests'}}
Failed for The Ballistic Brothers - Uschi'S Groove: Error code: 429 - {'error': {'message': 'Too Many Requests', 'type': 'too_many_requests', 'param': None, 'code': 'too_many_requests'}}
Failed for Arcana - The Song Of Mourning: Error code: 429 - {'error': {'message': 'Too Many Requests', 'type': 'too_many_requests', 'param': None, 'code': 'too_many_requests'}}
Failed for The Band - Caledonia Mission: Error code: 429 - {'error': {'message': 'Too Many Requests', 'type': 'too_many_requests', 'param': None, 'code': 'too_many_requests'}}
Failed for The Band - Whispering Pines: Error code: 429 - {'error': {'message': 'Too Many Requests', 'type': 'too_many_requests', 'param': None, 'code': 'too_many_requests'}}
Failed for All Girl Summer Fun Band - Grizzly Bear: Error code: 429 - {'error': {'message': 'Too Many Requests', 'type': 'too_many_requests', 'param': None, 'code': 'too_many_requests'}}
Failed for All Girl Summer Fun Band - Car Trouble: Error code: 429 - {'error': {'message': 'Too Many Requests', 'type': 'too_many_requests', 'param': None, 'code': 'too_many_requests'}}
Failed for Badly Drawn Boy - Born Again: Error code: 429 - {'error': {'message': 'Too Many Requests', 'type': 'too_many_requests', 'param': None, 'code': 'too_many_requests'}}
Failed for Tori Amos - Beauty Queen / Horses: Error code: 429 - {'error': {'message': 'Too Many Requests', 'type': 'too_many_requests', 'param': None, 'code': 'too_many_requests'}}
Failed for Annuals - Ease My Mind: Error code: 429 - {'error': {'message': 'Too Many Requests', 'type': 'too_many_requests', 'param': None, 'code': 'too_many_requests'}}
Failed for Mecano - No Pintamos Nada: Error code: 429 - {'error': {'message': 'Too Many Requests', 'type': 'too_many_requests', 'param': None, 'code': 'too_many_requests'}}
Failed for The National - All Dolled-Up In Straps: Error code: 429 - {'error': {'message': 'Too Many Requests', 'type': 'too_many_requests', 'param': None, 'code': 'too_many_requests'}}
Failed for Earlimart - Answers And Questions: Error code: 429 - {'error': {'message': 'Too Many Requests', 'type': 'too_many_requests', 'param': None, 'code': 'too_many_requests'}}
Failed for Annuals - Just Stay In: Error code: 429 - {'error': {'message': 'Too Many Requests', 'type': 'too_many_requests', 'param': None, 'code': 'too_many_requests'}}
Failed for Milosh - Creepy: Error code: 429 - {'error': {'message': 'Too Many Requests', 'type': 'too_many_requests', 'param': None, 'code': 'too_many_requests'}}
Failed for Milosh - Something Good: Error code: 429 - {'error': {'message': 'Too Many Requests', 'type': 'too_many_requests', 'param': None, 'code': 'too_many_requests'}}
Failed for Medeski Martin And Wood - Macha: Error code: 429 - {'error': {'message': 'Too Many Requests', 'type': 'too_many_requests', 'param': None, 'code': 'too_many_requests'}}
Failed for Assemblage 23 - Away: Error code: 429 - {'error': {'message': 'Too Many Requests', 'type': 'too_many_requests', 'param': None, 'code': 'too_many_requests'}}
Failed for Billie Holiday - My Man: Error code: 429 - {'error': {'message': 'Too Many Requests', 'type': 'too_many_requests', 'param': None, 'code': 'too_many_requests'}}
Failed for Eagles - Love Will Keep Us Alive: Error code: 429 - {'error': {'message': 'Too Many Requests', 'type': 'too_many_requests', 'param': None, 'code': 'too_many_requests'}}
Failed for Mindless Self Indulgence - I'M Your Problem Now: Error code: 429 - {'error': {'message': 'Too Many Requests', 'type': 'too_many_requests', 'param': None, 'code': 'too_many_requests'}}
Failed for Mindless Self Indulgence - Holy Shit: Error code: 429 - {'error': {'message': 'Too Many Requests', 'type': 'too_many_requests', 'param': None, 'code': 'too_many_requests'}}
Failed for Mindless Self Indulgence - Daddy: Error code: 429 - {'error': {'message': 'Too Many Requests', 'type': 'too_many_requests', 'param': None, 'code': 'too_many_requests'}}
Failed for Mindless Self Indulgence - Harry Truman: Error code: 429 - {'error': {'message': 'Too Many Requests', 'type': 'too_many_requests', 'param': None, 'code': 'too_many_requests'}}
Failed for Elf Power - 23Rd Dream: Error code: 429 - {'error': {'message': 'Too Many Requests', 'type': 'too_many_requests', 'param': None, 'code': 'too_many_requests'}}
Failed for Van Halen - Where Have All The Good Times Gone?: Error code: 429 - {'error': {'message': 'Too Many Requests', 'type': 'too_many_requests', 'param': None, 'code': 'too_many_requests'}}
Failed for The Radio Dept. - Deliverance: Error code: 429 - {'error': {'message': 'Too Many Requests', 'type': 'too_many_requests', 'param': None, 'code': 'too_many_requests'}}
Failed for Scars On Broadway - Exploding/Reloading: Error code: 429 - {'error': {'message': 'Too Many Requests', 'type': 'too_many_requests', 'param': None, 'code': 'too_many_requests'}}
Failed for Van Halen - Top Jimmy: Error code: 429 - {'error': {'message': 'Too Many Requests', 'type': 'too_many_requests', 'param': None, 'code': 'too_many_requests'}}
Failed for Husky Rescue - New Light Of Tomorrow (Bonobo Remix): Error code: 429 - {'error': {'message': 'Too Many Requests', 'type': 'too_many_requests', 'param': None, 'code': 'too_many_requests'}}
Failed for Assemblage 23 - Drive: Error code: 429 - {'error': {'message': 'Too Many Requests', 'type': 'too_many_requests', 'param': None, 'code': 'too_many_requests'}}
Failed for Mindless Self Indulgence - Prescription: Error code: 429 - {'error': {'message': 'Too Many Requests', 'type': 'too_many_requests', 'param': None, 'code': 'too_many_requests'}}
Failed for Part Chimp - War Machine: Error code: 429 - {'error': {'message': 'Too Many Requests', 'type': 'too_many_requests', 'param': None, 'code': 'too_many_requests'}}
Failed for Pet Shop Boys - Miserablism: Error code: 429 - {'error': {'message': 'Too Many Requests', 'type': 'too_many_requests', 'param': None, 'code': 'too_many_requests'}}
Failed for The Be Good Tanyas - Ship Out On The Sea: Error code: 429 - {'error': {'message': 'Too Many Requests', 'type': 'too_many_requests', 'param': None, 'code': 'too_many_requests'}}
Failed for Daniel Licht - Opening: Error code: 429 - {'error': {'message': 'Too Many Requests', 'type': 'too_many_requests', 'param': None, 'code': 'too_many_requests'}}
Failed for The Thrills - The Midnight Choir: Error code: 429 - {'error': {'message': 'Too Many Requests', 'type': 'too_many_requests', 'param': None, 'code': 'too_many_requests'}}
Failed for 鈴村健一 - 約束: Error code: 429 - {'error': {'message': 'Too Many Requests', 'type': 'too_many_requests', 'param': None, 'code': 'too_many_requests'}}
Failed for ...And You Will Know Us By The Trail Of Dead - Halcyon Days: Error code: 429 - {'error': {'message': 'Too Many Requests', 'type': 'too_many_requests', 'param': None, 'code': 'too_many_requests'}}
Failed for Assemblage 23 - Divide (Tidal Mix By Cut.Rate.Box): Error code: 429 - {'error': {'message': 'Too Many Requests', 'type': 'too_many_requests', 'param': None, 'code': 'too_many_requests'}}
Failed for Kumm - One Life Left: Error code: 429 - {'error': {'message': 'Too Many Requests', 'type': 'too_many_requests', 'param': None, 'code': 'too_many_requests'}}
Failed for David Ford - Laughing Aloud: Error code: 429 - {'error': {'message': 'Too Many Requests', 'type': 'too_many_requests', 'param': None, 'code': 'too_many_requests'}}
Failed for Ryan Adams & The Cardinals - Easy Plateau: Error code: 429 - {'error': {'message': 'Too Many Requests', 'type': 'too_many_requests', 'param': None, 'code': 'too_many_requests'}}
Failed for Scars On Broadway - Kill Each Other/Live Forever: Error code: 429 - {'error': {'message': 'Too Many Requests', 'type': 'too_many_requests', 'param': None, 'code': 'too_many_requests'}}
Failed for Ministry - N.W.O: Error code: 429 - {'error': {'message': 'Too Many Requests', 'type': 'too_many_requests', 'param': None, 'code': 'too_many_requests'}}
Failed for Assemblage 23 - Sorry: Error code: 429 - {'error': {'message': 'Too Many Requests', 'type': 'too_many_requests', 'param': None, 'code': 'too_many_requests'}}
Failed for Kult - Polska: Error code: 429 - {'error': {'message': 'Too Many Requests', 'type': 'too_many_requests', 'param': None, 'code': 'too_many_requests'}}
Failed for Ryan Adams - To Be The One: Error code: 429 - {'error': {'message': 'Too Many Requests', 'type': 'too_many_requests', 'param': None, 'code': 'too_many_requests'}}
Failed for A Perfect Circle - Counting Bodies Like Sheep To: Error code: 429 - {'error': {'message': 'Too Many Requests', 'type': 'too_many_requests', 'param': None, 'code': 'too_many_requests'}}
Failed for Kult - Elektryczne Nożyce: Error code: 429 - {'error': {'message': 'Too Many Requests', 'type': 'too_many_requests', 'param': None, 'code': 'too_many_requests'}}
Failed for Assemblage 23 - You Haven'T Earned It: Error code: 429 - {'error': {'message': 'Too Many Requests', 'type': 'too_many_requests', 'param': None, 'code': 'too_many_requests'}}
Failed for U2 - October: Error code: 429 - {'error': {'message': 'Too Many Requests', 'type': 'too_many_requests', 'param': None, 'code': 'too_many_requests'}}
Failed for Bush - Bomb: Error code: 429 - {'error': {'message': 'Too Many Requests', 'type': 'too_many_requests', 'param': None, 'code': 'too_many_requests'}}
Failed for The Radio Dept. - Your Father: Error code: 429 - {'error': {'message': 'Too Many Requests', 'type': 'too_many_requests', 'param': None, 'code': 'too_many_requests'}}
Failed for The Weepies - Stars: Error code: 429 - {'error': {'message': 'Too Many Requests', 'type': 'too_many_requests', 'param': None, 'code': 'too_many_requests'}}
Failed for Kula Shaker - Knight On The Town: Error code: 429 - {'error': {'message': 'Too Many Requests', 'type': 'too_many_requests', 'param': None, 'code': 'too_many_requests'}}
Failed for Ryan Adams - Rip Off: Error code: 429 - {'error': {'message': 'Too Many Requests', 'type': 'too_many_requests', 'param': None, 'code': 'too_many_requests'}}
Failed for Ryan Adams - Meadowlake Street: Error code: 429 - {'error': {'message': 'Too Many Requests', 'type': 'too_many_requests', 'param': None, 'code': 'too_many_requests'}}
Failed for Busta Rhymes - Touch It (Dirty): Error code: 429 - {'error': {'message': 'Too Many Requests', 'type': 'too_many_requests', 'param': None, 'code': 'too_many_requests'}}
Failed for Mecano - El Amante De Fuego: Error code: 429 - {'error': {'message': 'Too Many Requests', 'type': 'too_many_requests', 'param': None, 'code': 'too_many_requests'}}
Failed for Sophie Ellis-Bextor - Mixed Up World: Error code: 429 - {'error': {'message': 'Too Many Requests', 'type': 'too_many_requests', 'param': None, 'code': 'too_many_requests'}}
Failed for David Guetta - Baby When The Light: Error code: 429 - {'error': {'message': 'Too Many Requests', 'type': 'too_many_requests', 'param': None, 'code': 'too_many_requests'}}
Failed for Pete Seeger - We Shall Overcome: Error code: 429 - {'error': {'message': 'Too Many Requests', 'type': 'too_many_requests', 'param': None, 'code': 'too_many_requests'}}
Failed for Tom Waits - Sins Of My Father: Error code: 429 - {'error': {'message': 'Too Many Requests', 'type': 'too_many_requests', 'param': None, 'code': 'too_many_requests'}}
Failed for Tom Waits - Such A Scream: Error code: 429 - {'error': {'message': 'Too Many Requests', 'type': 'too_many_requests', 'param': None, 'code': 'too_many_requests'}}
Failed for Hurt - Losing: Error code: 429 - {'error': {'message': 'Too Many Requests', 'type': 'too_many_requests', 'param': None, 'code': 'too_many_requests'}}
Failed for Hurricane #1 - Step Into My World: Error code: 429 - {'error': {'message': 'Too Many Requests', 'type': 'too_many_requests', 'param': None, 'code': 'too_many_requests'}}
Failed for Thanatopsis - Nostrum: Error code: 429 - {'error': {'message': 'Too Many Requests', 'type': 'too_many_requests', 'param': None, 'code': 'too_many_requests'}}
Failed for The Three O'Clock - Jet Fighter: Error code: 429 - {'error': {'message': 'Too Many Requests', 'type': 'too_many_requests', 'param': None, 'code': 'too_many_requests'}}
Failed for Eric Clapton - Before You Accuse Me: Error code: 429 - {'error': {'message': 'Too Many Requests', 'type': 'too_many_requests', 'param': None, 'code': 'too_many_requests'}}
Failed for Parov Stelar - Spygame: Error code: 429 - {'error': {'message': 'Too Many Requests', 'type': 'too_many_requests', 'param': None, 'code': 'too_many_requests'}}
Failed for Hurt - Shallow: Error code: 429 - {'error': {'message': 'Too Many Requests', 'type': 'too_many_requests', 'param': None, 'code': 'too_many_requests'}}
Failed for Butthole Surfers - 22 Going On 23: Error code: 429 - {'error': {'message': 'Too Many Requests', 'type': 'too_many_requests', 'param': None, 'code': 'too_many_requests'}}
Failed for The Most Serene Republic - Proposition 61: Error code: 429 - {'error': {'message': 'Too Many Requests', 'type': 'too_many_requests', 'param': None, 'code': 'too_many_requests'}}
Failed for Less Than Jake - History Of A Boring Town: Error code: 429 - {'error': {'message': 'Too Many Requests', 'type': 'too_many_requests', 'param': None, 'code': 'too_many_requests'}}
Failed for Meat Puppets - Swimming Ground: Error code: 429 - {'error': {'message': 'Too Many Requests', 'type': 'too_many_requests', 'param': None, 'code': 'too_many_requests'}}
Failed for Less Than Jake - Magnetic North: Error code: 429 - {'error': {'message': 'Too Many Requests', 'type': 'too_many_requests', 'param': None, 'code': 'too_many_requests'}}
Failed for Kruder & Dorfmeister - Useless (K&D Session): Error code: 429 - {'error': {'message': 'Too Many Requests', 'type': 'too_many_requests', 'param': None, 'code': 'too_many_requests'}}
Failed for A Silver Mt. Zion - C'Mon Come On (Loose An Endless Longing.): Error code: 429 - {'error': {'message': 'Too Many Requests', 'type': 'too_many_requests', 'param': None, 'code': 'too_many_requests'}}
Failed for The Raincoats - No Side To Fall In: Error code: 429 - {'error': {'message': 'Too Many Requests', 'type': 'too_many_requests', 'param': None, 'code': 'too_many_requests'}}
Failed for Less Than Jake - Malt Liquor Tastes Better When You'Ve Got Problems: Error code: 429 - {'error': {'message': 'Too Many Requests', 'type': 'too_many_requests', 'param': None, 'code': 'too_many_requests'}}
Failed for Less Than Jake - 1989: Error code: 429 - {'error': {'message': 'Too Many Requests', 'type': 'too_many_requests', 'param': None, 'code': 'too_many_requests'}}
Failed for Minus The Bear - Let'S Play Guitar In A Five Guitar Band: Error code: 429 - {'error': {'message': 'Too Many Requests', 'type': 'too_many_requests', 'param': None, 'code': 'too_many_requests'}}
Failed for A Silver Mt. Zion - For Wanda: Error code: 429 - {'error': {'message': 'Too Many Requests', 'type': 'too_many_requests', 'param': None, 'code': 'too_many_requests'}}
Failed for Minutemen - Political Song For Michael Jackson To Sing: Error code: 429 - {'error': {'message': 'Too Many Requests', 'type': 'too_many_requests', 'param': None, 'code': 'too_many_requests'}}
Failed for Mirah - Monument: Error code: 429 - {'error': {'message': 'Too Many Requests', 'type': 'too_many_requests', 'param': None, 'code': 'too_many_requests'}}
Failed for Mirah - Person Person: Error code: 429 - {'error': {'message': 'Too Many Requests', 'type': 'too_many_requests', 'param': None, 'code': 'too_many_requests'}}
Failed for The Monkees - Words: Error code: 429 - {'error': {'message': 'Too Many Requests', 'type': 'too_many_requests', 'param': None, 'code': 'too_many_requests'}}
600/2988 done
Failed for Buzzcocks - Love Battery: Error code: 429 - {'error': {'message': 'Too Many Requests', 'type': 'too_many_requests', 'param': None, 'code': 'too_many_requests'}}
Failed for Mirah - Look Up!: Error code: 429 - {'error': {'message': 'Too Many Requests', 'type': 'too_many_requests', 'param': None, 'code': 'too_many_requests'}}
Failed for Fionn Regan - Be Good Or Be Gone: Error code: 429 - {'error': {'message': 'Too Many Requests', 'type': 'too_many_requests', 'param': None, 'code': 'too_many_requests'}}
Failed for Fiona Apple And Bjork - Leaving On A Jet Plane: Error code: 429 - {'error': {'message': 'Too Many Requests', 'type': 'too_many_requests', 'param': None, 'code': 'too_many_requests'}}
Failed for Less Than Jake - Mr. Chevy Celebrity: Error code: 429 - {'error': {'message': 'Too Many Requests', 'type': 'too_many_requests', 'param': None, 'code': 'too_many_requests'}}
Failed for Freak Kitchen - Some Kind Of Love Song: Error code: 429 - {'error': {'message': 'Too Many Requests', 'type': 'too_many_requests', 'param': None, 'code': 'too_many_requests'}}
Failed for Within Temptation - Jane Doe: Error code: 429 - {'error': {'message': 'Too Many Requests', 'type': 'too_many_requests', 'param': None, 'code': 'too_many_requests'}}
Failed for Tom Waits - Road To Peace: Error code: 429 - {'error': {'message': 'Too Many Requests', 'type': 'too_many_requests', 'param': None, 'code': 'too_many_requests'}}
Failed for Buzzcocks - Running Free: Error code: 429 - {'error': {'message': 'Too Many Requests', 'type': 'too_many_requests', 'param': None, 'code': 'too_many_requests'}}
Failed for Shy Child - Summer: Error code: 429 - {'error': {'message': 'Too Many Requests', 'type': 'too_many_requests', 'param': None, 'code': 'too_many_requests'}}
Failed for Infected Mushroom - Im The Supervisor: Error code: 429 - {'error': {'message': 'Too Many Requests', 'type': 'too_many_requests', 'param': None, 'code': 'too_many_requests'}}
Failed for Paris Hilton - Jealousy: Error code: 429 - {'error': {'message': 'Too Many Requests', 'type': 'too_many_requests', 'param': None, 'code': 'too_many_requests'}}
Failed for Infected Mushroom - Before: Error code: 429 - {'error': {'message': 'Too Many Requests', 'type': 'too_many_requests', 'param': None, 'code': 'too_many_requests'}}
Failed for Tom Waits - Starving In The Belly Of A Whale: Error code: 429 - {'error': {'message': 'Too Many Requests', 'type': 'too_many_requests', 'param': None, 'code': 'too_many_requests'}}
Failed for Infadels - Give Yourself To Me: Error code: 429 - {'error': {'message': 'Too Many Requests', 'type': 'too_many_requests', 'param': None, 'code': 'too_many_requests'}}
Failed for Buzzcocks - Why Can'T I Touch It?: Error code: 429 - {'error': {'message': 'Too Many Requests', 'type': 'too_many_requests', 'param': None, 'code': 'too_many_requests'}}
Failed for Bywar - Heretic Signs: Error code: 429 - {'error': {'message': 'Too Many Requests', 'type': 'too_many_requests', 'param': None, 'code': 'too_many_requests'}}
Failed for Rush - Mission: Error code: 429 - {'error': {'message': 'Too Many Requests', 'type': 'too_many_requests', 'param': None, 'code': 'too_many_requests'}}
Failed for Dwight Yoakam - Little Ways: Error code: 429 - {'error': {'message': 'Too Many Requests', 'type': 'too_many_requests', 'param': None, 'code': 'too_many_requests'}}
Failed for Finntroll - Sång: Error code: 429 - {'error': {'message': 'Too Many Requests', 'type': 'too_many_requests', 'param': None, 'code': 'too_many_requests'}}
Failed for Misfits - Earth A.D.: Error code: 429 - {'error': {'message': 'Too Many Requests', 'type': 'too_many_requests', 'param': None, 'code': 'too_many_requests'}}
Failed for Soulsavers - Revival: Error code: 429 - {'error': {'message': 'Too Many Requests', 'type': 'too_many_requests', 'param': None, 'code': 'too_many_requests'}}
Failed for Soulfly - Prophecy: Error code: 429 - {'error': {'message': 'Too Many Requests', 'type': 'too_many_requests', 'param': None, 'code': 'too_many_requests'}}
Failed for Rush - Leave That Thing Alone: Error code: 429 - {'error': {'message': 'Too Many Requests', 'type': 'too_many_requests', 'param': None, 'code': 'too_many_requests'}}
Failed for Misfits - Speak Of The Devil: Error code: 429 - {'error': {'message': 'Too Many Requests', 'type': 'too_many_requests', 'param': None, 'code': 'too_many_requests'}}
Failed for Kreator - All Of The Same Blood: Error code: 429 - {'error': {'message': 'Too Many Requests', 'type': 'too_many_requests', 'param': None, 'code': 'too_many_requests'}}
Failed for Brazilian Girls - Sweatshop: Error code: 429 - {'error': {'message': 'Too Many Requests', 'type': 'too_many_requests', 'param': None, 'code': 'too_many_requests'}}
Failed for Misfits - Walk Among Us: Error code: 429 - {'error': {'message': 'Too Many Requests', 'type': 'too_many_requests', 'param': None, 'code': 'too_many_requests'}}
Failed for Alexisonfire - White Devil: Error code: 429 - {'error': {'message': 'Too Many Requests', 'type': 'too_many_requests', 'param': None, 'code': 'too_many_requests'}}
Failed for Annett Louisan - Das Spiel: Error code: 429 - {'error': {'message': 'Too Many Requests', 'type': 'too_many_requests', 'param': None, 'code': 'too_many_requests'}}
Failed for Within Temptation - Pearls Of Light: Error code: 429 - {'error': {'message': 'Too Many Requests', 'type': 'too_many_requests', 'param': None, 'code': 'too_many_requests'}}
Failed for Paramore - Stop This Song (Lovesick Melody): Error code: 429 - {'error': {'message': 'Too Many Requests', 'type': 'too_many_requests', 'param': None, 'code': 'too_many_requests'}}
Failed for Danger Mouse - Moment Of Clarity: Error code: 429 - {'error': {'message': 'Too Many Requests', 'type': 'too_many_requests', 'param': None, 'code': 'too_many_requests'}}
Failed for The Thermals - I Might Need You To Kill: Error code: 429 - {'error': {'message': 'Too Many Requests', 'type': 'too_many_requests', 'param': None, 'code': 'too_many_requests'}}
Failed for Danger Mouse - Allure: Error code: 429 - {'error': {'message': 'Too Many Requests', 'type': 'too_many_requests', 'param': None, 'code': 'too_many_requests'}}
Failed for Dangerous Muse - All Yours (The Doctor): Error code: 429 - {'error': {'message': 'Too Many Requests', 'type': 'too_many_requests', 'param': None, 'code': 'too_many_requests'}}
Failed for Infected Mushroom - Shakawkaw: Error code: 429 - {'error': {'message': 'Too Many Requests', 'type': 'too_many_requests', 'param': None, 'code': 'too_many_requests'}}
Failed for Danger Mouse - Justify My Thug: Error code: 429 - {'error': {'message': 'Too Many Requests', 'type': 'too_many_requests', 'param': None, 'code': 'too_many_requests'}}
Failed for Ruoska - Amortem: Error code: 429 - {'error': {'message': 'Too Many Requests', 'type': 'too_many_requests', 'param': None, 'code': 'too_many_requests'}}
Failed for Danger Mouse - Encore: Error code: 429 - {'error': {'message': 'Too Many Requests', 'type': 'too_many_requests', 'param': None, 'code': 'too_many_requests'}}
Failed for Finntroll - Gryning: Error code: 429 - {'error': {'message': 'Too Many Requests', 'type': 'too_many_requests', 'param': None, 'code': 'too_many_requests'}}
Failed for Dusty Springfield - If You Go Away: Error code: 429 - {'error': {'message': 'Too Many Requests', 'type': 'too_many_requests', 'param': None, 'code': 'too_many_requests'}}
Failed for Van Halen - Man On A Mission: Error code: 429 - {'error': {'message': 'Too Many Requests', 'type': 'too_many_requests', 'param': None, 'code': 'too_many_requests'}}
Failed for Kraftwerk - Tour De France (Alt): Error code: 429 - {'error': {'message': 'Too Many Requests', 'type': 'too_many_requests', 'param': None, 'code': 'too_many_requests'}}
Failed for The Mighty Boosh - Tv Hitcher: Error code: 429 - {'error': {'message': 'Too Many Requests', 'type': 'too_many_requests', 'param': None, 'code': 'too_many_requests'}}
Failed for Tweaker - Linoleum (Feat. David Sylvian): Error code: 429 - {'error': {'message': 'Too Many Requests', 'type': 'too_many_requests', 'param': None, 'code': 'too_many_requests'}}
Failed for Dustin O'Halloran - Opus #14: Error code: 429 - {'error': {'message': 'Too Many Requests', 'type': 'too_many_requests', 'param': None, 'code': 'too_many_requests'}}
Failed for Kraftwerk - Taschenrechner: Error code: 429 - {'error': {'message': 'Too Many Requests', 'type': 'too_many_requests', 'param': None, 'code': 'too_many_requests'}}
Failed for Astral Projection - Aqua Line Spirit: Error code: 429 - {'error': {'message': 'Too Many Requests', 'type': 'too_many_requests', 'param': None, 'code': 'too_many_requests'}}
Failed for Soundgarden - Get On The Snake: Error code: 429 - {'error': {'message': 'Too Many Requests', 'type': 'too_many_requests', 'param': None, 'code': 'too_many_requests'}}
Failed for Cachorro Grande - Agora Eu Tô Bem Louco: Error code: 429 - {'error': {'message': 'Too Many Requests', 'type': 'too_many_requests', 'param': None, 'code': 'too_many_requests'}}
Failed for Duran Duran - Out Of My Mind: Error code: 429 - {'error': {'message': 'Too Many Requests', 'type': 'too_many_requests', 'param': None, 'code': 'too_many_requests'}}
Failed for Finntroll - Rivfader: Error code: 429 - {'error': {'message': 'Too Many Requests', 'type': 'too_many_requests', 'param': None, 'code': 'too_many_requests'}}
Failed for Miss Li - All I Need Is You: Error code: 429 - {'error': {'message': 'Too Many Requests', 'type': 'too_many_requests', 'param': None, 'code': 'too_many_requests'}}
Failed for Caesars - (Don'T Fear) The Reaper: Error code: 429 - {'error': {'message': 'Too Many Requests', 'type': 'too_many_requests', 'param': None, 'code': 'too_many_requests'}}
Failed for Missing Persons - Walking In L.A.: Error code: 429 - {'error': {'message': 'Too Many Requests', 'type': 'too_many_requests', 'param': None, 'code': 'too_many_requests'}}
Failed for The Meteors - Wreckin' Crew: Error code: 429 - {'error': {'message': 'Too Many Requests', 'type': 'too_many_requests', 'param': None, 'code': 'too_many_requests'}}
Failed for Krackatoa - Monkies In The Temple: Error code: 429 - {'error': {'message': 'Too Many Requests', 'type': 'too_many_requests', 'param': None, 'code': 'too_many_requests'}}
Failed for Ruiner - Paint Peals: Error code: 429 - {'error': {'message': 'Too Many Requests', 'type': 'too_many_requests', 'param': None, 'code': 'too_many_requests'}}
Failed for Duran Duran - I Don'T Want Your Love: Error code: 429 - {'error': {'message': 'Too Many Requests', 'type': 'too_many_requests', 'param': None, 'code': 'too_many_requests'}}
Failed for Astral Projection - Visions Of Nasca: Error code: 429 - {'error': {'message': 'Too Many Requests', 'type': 'too_many_requests', 'param': None, 'code': 'too_many_requests'}}
Failed for Rufus Wainwright - Want: Error code: 429 - {'error': {'message': 'Too Many Requests', 'type': 'too_many_requests', 'param': None, 'code': 'too_many_requests'}}
Failed for Rufus Wainwright - Barcelona: Error code: 429 - {'error': {'message': 'Too Many Requests', 'type': 'too_many_requests', 'param': None, 'code': 'too_many_requests'}}
Failed for Annagrace - You Make Me Feel (Extended Mix): Error code: 429 - {'error': {'message': 'Too Many Requests', 'type': 'too_many_requests', 'param': None, 'code': 'too_many_requests'}}
Failed for Small Faces - Song Of A Baker: Error code: 429 - {'error': {'message': 'Too Many Requests', 'type': 'too_many_requests', 'param': None, 'code': 'too_many_requests'}}
Failed for Dandi Wind - Balloon Factory: Error code: 429 - {'error': {'message': 'Too Many Requests', 'type': 'too_many_requests', 'param': None, 'code': 'too_many_requests'}}
Failed for Missy Elliott - One Minute Man: Error code: 429 - {'error': {'message': 'Too Many Requests', 'type': 'too_many_requests', 'param': None, 'code': 'too_many_requests'}}
Failed for Dancing Djs Vs. Roxette - Fading Like A Flower (Radio Edit): Error code: 429 - {'error': {'message': 'Too Many Requests', 'type': 'too_many_requests', 'param': None, 'code': 'too_many_requests'}}
Failed for Paradise Lost - Sanctamonious You: Error code: 429 - {'error': {'message': 'Too Many Requests', 'type': 'too_many_requests', 'param': None, 'code': 'too_many_requests'}}
Failed for All Saints - Rocksteady: Error code: 429 - {'error': {'message': 'Too Many Requests', 'type': 'too_many_requests', 'param': None, 'code': 'too_many_requests'}}
Failed for The Beatles - Everybody'S Got Something To Hide: Error code: 429 - {'error': {'message': 'Too Many Requests', 'type': 'too_many_requests', 'param': None, 'code': 'too_many_requests'}}
Failed for The Matches - Dog-Eared Page: Error code: 429 - {'error': {'message': 'Too Many Requests', 'type': 'too_many_requests', 'param': None, 'code': 'too_many_requests'}}
Failed for Paradise Lost - Soul Courageous: Error code: 429 - {'error': {'message': 'Too Many Requests', 'type': 'too_many_requests', 'param': None, 'code': 'too_many_requests'}}
Failed for Dungen - Glömd Konst Kommer Stundom Ånyo Till Heders: Error code: 429 - {'error': {'message': 'Too Many Requests', 'type': 'too_many_requests', 'param': None, 'code': 'too_many_requests'}}
Failed for Venetian Snares - Plunging Hornets: Error code: 429 - {'error': {'message': 'Too Many Requests', 'type': 'too_many_requests', 'param': None, 'code': 'too_many_requests'}}
Failed for From Ashes Rise - The Final Goodbye: Error code: 429 - {'error': {'message': 'Too Many Requests', 'type': 'too_many_requests', 'param': None, 'code': 'too_many_requests'}}
Failed for Rozz Williams - Flowers: Error code: 429 - {'error': {'message': 'Too Many Requests', 'type': 'too_many_requests', 'param': None, 'code': 'too_many_requests'}}
Failed for Rozz Williams - Time: Error code: 429 - {'error': {'message': 'Too Many Requests', 'type': 'too_many_requests', 'param': None, 'code': 'too_many_requests'}}
Failed for Mitch Hedberg - Sandwiches: Error code: 429 - {'error': {'message': 'Too Many Requests', 'type': 'too_many_requests', 'param': None, 'code': 'too_many_requests'}}
Failed for A-Ha - Forever Not Yours: Error code: 429 - {'error': {'message': 'Too Many Requests', 'type': 'too_many_requests', 'param': None, 'code': 'too_many_requests'}}
Failed for From Autumn To Ashes - Pioneers: Error code: 429 - {'error': {'message': 'Too Many Requests', 'type': 'too_many_requests', 'param': None, 'code': 'too_many_requests'}}
Failed for Café Tacvba - Volver A Comenzar: Error code: 429 - {'error': {'message': 'Too Many Requests', 'type': 'too_many_requests', 'param': None, 'code': 'too_many_requests'}}
Failed for Cage - Agent Orange: Error code: 429 - {'error': {'message': 'Too Many Requests', 'type': 'too_many_requests', 'param': None, 'code': 'too_many_requests'}}
Failed for The Raveonettes - Dirty Eyes (Sex Don'T Sell): Error code: 429 - {'error': {'message': 'Too Many Requests', 'type': 'too_many_requests', 'param': None, 'code': 'too_many_requests'}}
Failed for Mnemic - Deathbox: Error code: 429 - {'error': {'message': 'Too Many Requests', 'type': 'too_many_requests', 'param': None, 'code': 'too_many_requests'}}
Failed for The Raveonettes - Noisy Summer: Error code: 429 - {'error': {'message': 'Too Many Requests', 'type': 'too_many_requests', 'param': None, 'code': 'too_many_requests'}}
Failed for Cage The Elephant - In One Ear: Error code: 429 - {'error': {'message': 'Too Many Requests', 'type': 'too_many_requests', 'param': None, 'code': 'too_many_requests'}}
Failed for Roxy Music - The Main Thing: Error code: 429 - {'error': {'message': 'Too Many Requests', 'type': 'too_many_requests', 'param': None, 'code': 'too_many_requests'}}
Failed for Brave - Before Nightfall: Error code: 429 - {'error': {'message': 'Too Many Requests', 'type': 'too_many_requests', 'param': None, 'code': 'too_many_requests'}}
Failed for The Rasmus - Still Standing: Error code: 429 - {'error': {'message': 'Too Many Requests', 'type': 'too_many_requests', 'param': None, 'code': 'too_many_requests'}}
Failed for Howe Gelb - Paradise Here Abouts: Error code: 429 - {'error': {'message': 'Too Many Requests', 'type': 'too_many_requests', 'param': None, 'code': 'too_many_requests'}}
Failed for Howard Shore - The White Rider: Error code: 429 - {'error': {'message': 'Too Many Requests', 'type': 'too_many_requests', 'param': None, 'code': 'too_many_requests'}}
Failed for Madonna - Shanti/Ashtangi: Error code: 429 - {'error': {'message': 'Too Many Requests', 'type': 'too_many_requests', 'param': None, 'code': 'too_many_requests'}}
Failed for Inkubus Sukkubus - Paint It Black: Error code: 429 - {'error': {'message': 'Too Many Requests', 'type': 'too_many_requests', 'param': None, 'code': 'too_many_requests'}}
Failed for Cajun Dance Party - Buttercups: Error code: 429 - {'error': {'message': 'Too Many Requests', 'type': 'too_many_requests', 'param': None, 'code': 'too_many_requests'}}
Failed for Howie Day - Sunday Morning Song: Error code: 429 - {'error': {'message': 'Too Many Requests', 'type': 'too_many_requests', 'param': None, 'code': 'too_many_requests'}}
700/2988 done
Failed for Inja - Erased: Error code: 429 - {'error': {'message': 'Too Many Requests', 'type': 'too_many_requests', 'param': None, 'code': 'too_many_requests'}}
Failed for Cake - Satan Is My Motor: Error code: 429 - {'error': {'message': 'Too Many Requests', 'type': 'too_many_requests', 'param': None, 'code': 'too_many_requests'}}
Failed for The Mars Volta - A Plague Upon Your Hissing: Error code: 429 - {'error': {'message': 'Too Many Requests', 'type': 'too_many_requests', 'param': None, 'code': 'too_many_requests'}}
Failed for Calexico - All Systems Red: Error code: 429 - {'error': {'message': 'Too Many Requests', 'type': 'too_many_requests', 'param': None, 'code': 'too_many_requests'}}
Failed for Korpiklaani - Before The Morning Sun: Error code: 429 - {'error': {'message': 'Too Many Requests', 'type': 'too_many_requests', 'param': None, 'code': 'too_many_requests'}}
Failed for Therion - Midgård: Error code: 429 - {'error': {'message': 'Too Many Requests', 'type': 'too_many_requests', 'param': None, 'code': 'too_many_requests'}}
Failed for Spacemen 3 - Mary Anne: Error code: 429 - {'error': {'message': 'Too Many Requests', 'type': 'too_many_requests', 'param': None, 'code': 'too_many_requests'}}
Failed for The Mars Volta - Cassandra Geminni: B. Plant A Nail In The Navel Stream: Error code: 429 - {'error': {'message': 'Too Many Requests', 'type': 'too_many_requests', 'param': None, 'code': 'too_many_requests'}}
Failed for Mclusky - Gareth Brown Says: Error code: 429 - {'error': {'message': 'Too Many Requests', 'type': 'too_many_requests', 'param': None, 'code': 'too_many_requests'}}
Failed for A-Ha - Touchy: Error code: 429 - {'error': {'message': 'Too Many Requests', 'type': 'too_many_requests', 'param': None, 'code': 'too_many_requests'}}
Failed for Korn - Wish You Could Be Me: Error code: 429 - {'error': {'message': 'Too Many Requests', 'type': 'too_many_requests', 'param': None, 'code': 'too_many_requests'}}
Failed for Calexico - Fake Fur: Error code: 429 - {'error': {'message': 'Too Many Requests', 'type': 'too_many_requests', 'param': None, 'code': 'too_many_requests'}}
Failed for Therion - Summernight City: Error code: 429 - {'error': {'message': 'Too Many Requests', 'type': 'too_many_requests', 'param': None, 'code': 'too_many_requests'}}
Failed for Finch - Post Script: Error code: 429 - {'error': {'message': 'Too Many Requests', 'type': 'too_many_requests', 'param': None, 'code': 'too_many_requests'}}
Failed for Liars - Plaster Casts Of Everything: Error code: 429 - {'error': {'message': 'Too Many Requests', 'type': 'too_many_requests', 'param': None, 'code': 'too_many_requests'}}
Failed for Calexico - Smash: Error code: 429 - {'error': {'message': 'Too Many Requests', 'type': 'too_many_requests', 'param': None, 'code': 'too_many_requests'}}
Failed for Scooter - Behind The Cow: Error code: 429 - {'error': {'message': 'Too Many Requests', 'type': 'too_many_requests', 'param': None, 'code': 'too_many_requests'}}
Failed for Korn - Am I Going Crazy: Error code: 429 - {'error': {'message': 'Too Many Requests', 'type': 'too_many_requests', 'param': None, 'code': 'too_many_requests'}}
Failed for Calexico - Nom De Plume: Error code: 429 - {'error': {'message': 'Too Many Requests', 'type': 'too_many_requests', 'param': None, 'code': 'too_many_requests'}}
Failed for Calexico - Woven Birds: Error code: 429 - {'error': {'message': 'Too Many Requests', 'type': 'too_many_requests', 'param': None, 'code': 'too_many_requests'}}
Failed for Spank Rock - Sweet Talk: Error code: 429 - {'error': {'message': 'Too Many Requests', 'type': 'too_many_requests', 'param': None, 'code': 'too_many_requests'}}
Failed for Spank Rock - What It Look Like: Error code: 429 - {'error': {'message': 'Too Many Requests', 'type': 'too_many_requests', 'param': None, 'code': 'too_many_requests'}}
Failed for Spank Rock - Touch Me: Error code: 429 - {'error': {'message': 'Too Many Requests', 'type': 'too_many_requests', 'param': None, 'code': 'too_many_requests'}}
Failed for Korn - Break Some Off: Error code: 429 - {'error': {'message': 'Too Many Requests', 'type': 'too_many_requests', 'param': None, 'code': 'too_many_requests'}}
Failed for Korn - For No One: Error code: 429 - {'error': {'message': 'Too Many Requests', 'type': 'too_many_requests', 'param': None, 'code': 'too_many_requests'}}
Failed for Ленина Пакет - Почталионы Feat. Дрим: Error code: 429 - {'error': {'message': 'Too Many Requests', 'type': 'too_many_requests', 'param': None, 'code': 'too_many_requests'}}
Failed for Dubstar - Not So Manic Now: Error code: 429 - {'error': {'message': 'Too Many Requests', 'type': 'too_many_requests', 'param': None, 'code': 'too_many_requests'}}
Failed for Antony With Bryce Dessner - I Was Young When I Left Home: Error code: 429 - {'error': {'message': 'Too Many Requests', 'type': 'too_many_requests', 'param': None, 'code': 'too_many_requests'}}
Failed for Ленина Пакет - Утопический Социализм: Error code: 429 - {'error': {'message': 'Too Many Requests', 'type': 'too_many_requests', 'param': None, 'code': 'too_many_requests'}}
Failed for Dan Le Sac Vs. Scroobius Pip - The Beat That My Heart Skipped: Error code: 429 - {'error': {'message': 'Too Many Requests', 'type': 'too_many_requests', 'param': None, 'code': 'too_many_requests'}}
Failed for Lynyrd Skynyrd - Comin' Home: Error code: 429 - {'error': {'message': 'Too Many Requests', 'type': 'too_many_requests', 'param': None, 'code': 'too_many_requests'}}
Failed for Madonna - Sky Fits Heaven: Error code: 429 - {'error': {'message': 'Too Many Requests', 'type': 'too_many_requests', 'param': None, 'code': 'too_many_requests'}}
Failed for The Beatles - Money: Error code: 429 - {'error': {'message': 'Too Many Requests', 'type': 'too_many_requests', 'param': None, 'code': 'too_many_requests'}}
Failed for Lynyrd Skynyrd - Don'T Ask Me No Questions: Error code: 429 - {'error': {'message': 'Too Many Requests', 'type': 'too_many_requests', 'param': None, 'code': 'too_many_requests'}}
Failed for Dan Le Sac Vs. Scroobius Pip - Letter From God To Man: Error code: 429 - {'error': {'message': 'Too Many Requests', 'type': 'too_many_requests', 'param': None, 'code': 'too_many_requests'}}
Failed for 鈴村健一 - Cal(カロリー): Error code: 429 - {'error': {'message': 'Too Many Requests', 'type': 'too_many_requests', 'param': None, 'code': 'too_many_requests'}}
Failed for Lynyrd Skynyrd - Mississippi Kid: Error code: 429 - {'error': {'message': 'Too Many Requests', 'type': 'too_many_requests', 'param': None, 'code': 'too_many_requests'}}
Failed for Madonna - Sorry (Pet Shop Boys Maxi-Mix): Error code: 429 - {'error': {'message': 'Too Many Requests', 'type': 'too_many_requests', 'param': None, 'code': 'too_many_requests'}}
Failed for Inme - Myths & Photographs: Error code: 429 - {'error': {'message': 'Too Many Requests', 'type': 'too_many_requests', 'param': None, 'code': 'too_many_requests'}}
Failed for Howard Shore - Many Meetings: Error code: 429 - {'error': {'message': 'Too Many Requests', 'type': 'too_many_requests', 'param': None, 'code': 'too_many_requests'}}
Failed for Calla - Don'T Hold Your Breath: Error code: 429 - {'error': {'message': 'Too Many Requests', 'type': 'too_many_requests', 'param': None, 'code': 'too_many_requests'}}
Failed for The Red Jumpsuit Apparatus - Justify: Error code: 429 - {'error': {'message': 'Too Many Requests', 'type': 'too_many_requests', 'param': None, 'code': 'too_many_requests'}}
Failed for Frédéric Chopin - Minute Waltz: Error code: 429 - {'error': {'message': 'Too Many Requests', 'type': 'too_many_requests', 'param': None, 'code': 'too_many_requests'}}
Failed for A.C. Newman - Homemade Bombs In The Afternoon: Error code: 429 - {'error': {'message': 'Too Many Requests', 'type': 'too_many_requests', 'param': None, 'code': 'too_many_requests'}}
Failed for The Magnetic Fields - I Die: Error code: 429 - {'error': {'message': 'Too Many Requests', 'type': 'too_many_requests', 'param': None, 'code': 'too_many_requests'}}
Failed for Liekki - En Voi Auttaa: Error code: 429 - {'error': {'message': 'Too Many Requests', 'type': 'too_many_requests', 'param': None, 'code': 'too_many_requests'}}
Failed for Liekki - Kun Kattojen Ylle Löi (Aurinkoon): Error code: 429 - {'error': {'message': 'Too Many Requests', 'type': 'too_many_requests', 'param': None, 'code': 'too_many_requests'}}
Failed for Mc5 - Come Together: Error code: 429 - {'error': {'message': 'Too Many Requests', 'type': 'too_many_requests', 'param': None, 'code': 'too_many_requests'}}
Failed for Moby - The Stars: Error code: 429 - {'error': {'message': 'Too Many Requests', 'type': 'too_many_requests', 'param': None, 'code': 'too_many_requests'}}
Failed for Sparklehorse - Weird Sisters: Error code: 429 - {'error': {'message': 'Too Many Requests', 'type': 'too_many_requests', 'param': None, 'code': 'too_many_requests'}}
Failed for These New Puritans - Navigate-Colours: Error code: 429 - {'error': {'message': 'Too Many Requests', 'type': 'too_many_requests', 'param': None, 'code': 'too_many_requests'}}
Failed for The Magic Numbers - Try: Error code: 429 - {'error': {'message': 'Too Many Requests', 'type': 'too_many_requests', 'param': None, 'code': 'too_many_requests'}}
Failed for Modern Life Is War - By The Sea: Error code: 429 - {'error': {'message': 'Too Many Requests', 'type': 'too_many_requests', 'param': None, 'code': 'too_many_requests'}}
Failed for Antti Tuisku - Katoavaa: Error code: 429 - {'error': {'message': 'Too Many Requests', 'type': 'too_many_requests', 'param': None, 'code': 'too_many_requests'}}
Failed for Fucked Up - Days Of Last: Error code: 429 - {'error': {'message': 'Too Many Requests', 'type': 'too_many_requests', 'param': None, 'code': 'too_many_requests'}}
Failed for Modern Talking - Cheri Cheri Lady: Error code: 429 - {'error': {'message': 'Too Many Requests', 'type': 'too_many_requests', 'param': None, 'code': 'too_many_requests'}}
Failed for Rosanne Cash - Black Cadillac: Error code: 429 - {'error': {'message': 'Too Many Requests', 'type': 'too_many_requests', 'param': None, 'code': 'too_many_requests'}}
Failed for The Magic Numbers - Boy: Error code: 429 - {'error': {'message': 'Too Many Requests', 'type': 'too_many_requests', 'param': None, 'code': 'too_many_requests'}}
Failed for The Mae Shi - Lamb And The Lion: Error code: 429 - {'error': {'message': 'Too Many Requests', 'type': 'too_many_requests', 'param': None, 'code': 'too_many_requests'}}
Failed for The Magic Numbers - Carl'S Song: Error code: 429 - {'error': {'message': 'Too Many Requests', 'type': 'too_many_requests', 'param': None, 'code': 'too_many_requests'}}
Failed for Damone - Out Here All Night: Error code: 429 - {'error': {'message': 'Too Many Requests', 'type': 'too_many_requests', 'param': None, 'code': 'too_many_requests'}}
Failed for Terror - Spit My Rage: Error code: 429 - {'error': {'message': 'Too Many Requests', 'type': 'too_many_requests', 'param': None, 'code': 'too_many_requests'}}
Failed for Peter Tosh - Legalize It: Error code: 429 - {'error': {'message': 'Too Many Requests', 'type': 'too_many_requests', 'param': None, 'code': 'too_many_requests'}}
Failed for Dan Arborise - Leaving It All Behind: Error code: 429 - {'error': {'message': 'Too Many Requests', 'type': 'too_many_requests', 'param': None, 'code': 'too_many_requests'}}
Failed for Tom Waits - Filipino Box Spring Hog: Error code: 429 - {'error': {'message': 'Too Many Requests', 'type': 'too_many_requests', 'param': None, 'code': 'too_many_requests'}}
Failed for Union Of Knives - Go Back To School: Error code: 429 - {'error': {'message': 'Too Many Requests', 'type': 'too_many_requests', 'param': None, 'code': 'too_many_requests'}}
Failed for Wild Orchid - Talk To Me: Error code: 429 - {'error': {'message': 'Too Many Requests', 'type': 'too_many_requests', 'param': None, 'code': 'too_many_requests'}}
Failed for 1 Mile North - Life Indoors: Error code: 429 - {'error': {'message': 'Too Many Requests', 'type': 'too_many_requests', 'param': None, 'code': 'too_many_requests'}}
Failed for Howard Shore - Andúril: Error code: 429 - {'error': {'message': 'Too Many Requests', 'type': 'too_many_requests', 'param': None, 'code': 'too_many_requests'}}
Failed for Howard Shore - A Journey In The Dark: Error code: 429 - {'error': {'message': 'Too Many Requests', 'type': 'too_many_requests', 'param': None, 'code': 'too_many_requests'}}
Failed for Howard Shore - The Passage Of The Marshes: Error code: 429 - {'error': {'message': 'Too Many Requests', 'type': 'too_many_requests', 'param': None, 'code': 'too_many_requests'}}
Failed for Tom Waits - Don'T Go Into That Barn: Error code: 429 - {'error': {'message': 'Too Many Requests', 'type': 'too_many_requests', 'param': None, 'code': 'too_many_requests'}}
Failed for Fucked Up - Invisible Leader: Error code: 429 - {'error': {'message': 'Too Many Requests', 'type': 'too_many_requests', 'param': None, 'code': 'too_many_requests'}}
Failed for Fucked Up - David Comes To Life: Error code: 429 - {'error': {'message': 'Too Many Requests', 'type': 'too_many_requests', 'param': None, 'code': 'too_many_requests'}}
Failed for Calvin Harris - Electro Man: Error code: 429 - {'error': {'message': 'Too Many Requests', 'type': 'too_many_requests', 'param': None, 'code': 'too_many_requests'}}
Failed for Lifehouse - Mesmerized: Error code: 429 - {'error': {'message': 'Too Many Requests', 'type': 'too_many_requests', 'param': None, 'code': 'too_many_requests'}}
Failed for Modeselektor - The Rapanthem: Error code: 429 - {'error': {'message': 'Too Many Requests', 'type': 'too_many_requests', 'param': None, 'code': 'too_many_requests'}}
Failed for Lifehouse - Am I Ever Gonna Find Out: Error code: 429 - {'error': {'message': 'Too Many Requests', 'type': 'too_many_requests', 'param': None, 'code': 'too_many_requests'}}
Failed for Lifehouse - Bridges: Error code: 429 - {'error': {'message': 'Too Many Requests', 'type': 'too_many_requests', 'param': None, 'code': 'too_many_requests'}}
Failed for Rooney - Sorry Sorry: Error code: 429 - {'error': {'message': 'Too Many Requests', 'type': 'too_many_requests', 'param': None, 'code': 'too_many_requests'}}
Failed for Sparta - Cataract: Error code: 429 - {'error': {'message': 'Too Many Requests', 'type': 'too_many_requests', 'param': None, 'code': 'too_many_requests'}}
Failed for Fugazi - Do You Like Me: Error code: 429 - {'error': {'message': 'Too Many Requests', 'type': 'too_many_requests', 'param': None, 'code': 'too_many_requests'}}
Failed for Fuel - New Thing: Error code: 429 - {'error': {'message': 'Too Many Requests', 'type': 'too_many_requests', 'param': None, 'code': 'too_many_requests'}}
Failed for Camel - First Light: Error code: 429 - {'error': {'message': 'Too Many Requests', 'type': 'too_many_requests', 'param': None, 'code': 'too_many_requests'}}
Failed for Camel - Breathless: Error code: 429 - {'error': {'message': 'Too Many Requests', 'type': 'too_many_requests', 'param': None, 'code': 'too_many_requests'}}
Failed for The Lucksmiths - The Great Dividing Range: Error code: 429 - {'error': {'message': 'Too Many Requests', 'type': 'too_many_requests', 'param': None, 'code': 'too_many_requests'}}
Failed for Modest Mouse - Here It Comes: Error code: 429 - {'error': {'message': 'Too Many Requests', 'type': 'too_many_requests', 'param': None, 'code': 'too_many_requests'}}
Failed for Scooter - Jumping All Over The World: Error code: 429 - {'error': {'message': 'Too Many Requests', 'type': 'too_many_requests', 'param': None, 'code': 'too_many_requests'}}
Failed for Fugazi - Full Disclosure: Error code: 429 - {'error': {'message': 'Too Many Requests', 'type': 'too_many_requests', 'param': None, 'code': 'too_many_requests'}}
Failed for Insideout - Cruel Kindness (Italian Reprise): Error code: 429 - {'error': {'message': 'Too Many Requests', 'type': 'too_many_requests', 'param': None, 'code': 'too_many_requests'}}
Failed for Camel - Rajaz: Error code: 429 - {'error': {'message': 'Too Many Requests', 'type': 'too_many_requests', 'param': None, 'code': 'too_many_requests'}}
Failed for House Of Pain - I'M A Swing It: Error code: 429 - {'error': {'message': 'Too Many Requests', 'type': 'too_many_requests', 'param': None, 'code': 'too_many_requests'}}
Failed for Petula Clark - Don'T Sleep In The Subway: Error code: 429 - {'error': {'message': 'Too Many Requests', 'type': 'too_many_requests', 'param': None, 'code': 'too_many_requests'}}
Failed for Wolf Parade - Lousy Pictures: Error code: 429 - {'error': {'message': 'Too Many Requests', 'type': 'too_many_requests', 'param': None, 'code': 'too_many_requests'}}
Failed for Damien Rice - The Professor: Error code: 429 - {'error': {'message': 'Too Many Requests', 'type': 'too_many_requests', 'param': None, 'code': 'too_many_requests'}}
Failed for Wolf Eyes - Village Oblivia: Error code: 429 - {'error': {'message': 'Too Many Requests', 'type': 'too_many_requests', 'param': None, 'code': 'too_many_requests'}}
Failed for Tom Waits - Black Market Baby: Error code: 429 - {'error': {'message': 'Too Many Requests', 'type': 'too_many_requests', 'param': None, 'code': 'too_many_requests'}}
Failed for Tom Waits - Christmas Card From A Hooker In Minneapolis: Error code: 429 - {'error': {'message': 'Too Many Requests', 'type': 'too_many_requests', 'param': None, 'code': 'too_many_requests'}}
Failed for They Might Be Giants - Cowtown: Error code: 429 - {'error': {'message': 'Too Many Requests', 'type': 'too_many_requests', 'param': None, 'code': 'too_many_requests'}}
800/2988 done
Failed for Bikini Kill - I Hate Danger: Error code: 429 - {'error': {'message': 'Too Many Requests', 'type': 'too_many_requests', 'param': None, 'code': 'too_many_requests'}}
Failed for Bikini Kill - Carnival: Error code: 429 - {'error': {'message': 'Too Many Requests', 'type': 'too_many_requests', 'param': None, 'code': 'too_many_requests'}}
Failed for Specimen - Kiss Kiss Bang Bang: Error code: 429 - {'error': {'message': 'Too Many Requests', 'type': 'too_many_requests', 'param': None, 'code': 'too_many_requests'}}
Failed for Antônio Carlos Jobim - Desafinado: Error code: 429 - {'error': {'message': 'Too Many Requests', 'type': 'too_many_requests', 'param': None, 'code': 'too_many_requests'}}
Failed for Lifehouse - Stanley Climbfall: Error code: 429 - {'error': {'message': 'Too Many Requests', 'type': 'too_many_requests', 'param': None, 'code': 'too_many_requests'}}
Failed for Camera Obscura - Away With Murder: Error code: 429 - {'error': {'message': 'Too Many Requests', 'type': 'too_many_requests', 'param': None, 'code': 'too_many_requests'}}
Failed for Dropkick Murphys - The Warrior'S Code: Error code: 429 - {'error': {'message': 'Too Many Requests', 'type': 'too_many_requests', 'param': None, 'code': 'too_many_requests'}}
Failed for Camera Obscura - Arrangements Of Shapes And Space: Error code: 429 - {'error': {'message': 'Too Many Requests', 'type': 'too_many_requests', 'param': None, 'code': 'too_many_requests'}}
Failed for Dropkick Murphys - Worker'S Song: Error code: 429 - {'error': {'message': 'Too Many Requests', 'type': 'too_many_requests', 'param': None, 'code': 'too_many_requests'}}
Failed for The Redwalls - Thank You: Error code: 429 - {'error': {'message': 'Too Many Requests', 'type': 'too_many_requests', 'param': None, 'code': 'too_many_requests'}}
Failed for Fila Brazillia - Slow Light: Error code: 429 - {'error': {'message': 'Too Many Requests', 'type': 'too_many_requests', 'param': None, 'code': 'too_many_requests'}}
Failed for Camera Obscura - A Sisters Social Agony: Error code: 429 - {'error': {'message': 'Too Many Requests', 'type': 'too_many_requests', 'param': None, 'code': 'too_many_requests'}}
Failed for The Reindeer Section - Your Sweet Voice: Error code: 429 - {'error': {'message': 'Too Many Requests', 'type': 'too_many_requests', 'param': None, 'code': 'too_many_requests'}}
Failed for Brakes - You'Ll Always Have A Place To Stay: Error code: 429 - {'error': {'message': 'Too Many Requests', 'type': 'too_many_requests', 'param': None, 'code': 'too_many_requests'}}
Failed for Panzer Ag - Behind A Gasmask: Error code: 429 - {'error': {'message': 'Too Many Requests', 'type': 'too_many_requests', 'param': None, 'code': 'too_many_requests'}}
Failed for The Beatles - There Are Places I Remember: Error code: 429 - {'error': {'message': 'Too Many Requests', 'type': 'too_many_requests', 'param': None, 'code': 'too_many_requests'}}
Failed for Modest Mouse - The Waydown: Error code: 429 - {'error': {'message': 'Too Many Requests', 'type': 'too_many_requests', 'param': None, 'code': 'too_many_requests'}}
Failed for Fila Brazillia - The Sheriff: Error code: 429 - {'error': {'message': 'Too Many Requests', 'type': 'too_many_requests', 'param': None, 'code': 'too_many_requests'}}
Failed for Panzer Ag - Mörketid: Error code: 429 - {'error': {'message': 'Too Many Requests', 'type': 'too_many_requests', 'param': None, 'code': 'too_many_requests'}}
Failed for Days Later Soundtrack - 18 - In A Heartbeat: Error code: 429 - {'error': {'message': 'Too Many Requests', 'type': 'too_many_requests', 'param': None, 'code': 'too_many_requests'}}
Failed for All The Saints - Fire On Corridor X: Error code: 429 - {'error': {'message': 'Too Many Requests', 'type': 'too_many_requests', 'param': None, 'code': 'too_many_requests'}}
Failed for Bloodhound Gang - I Wish I Was Queer So I Could Get Chicks: Error code: 429 - {'error': {'message': 'Too Many Requests', 'type': 'too_many_requests', 'param': None, 'code': 'too_many_requests'}}
Failed for Hot Snakes - Bye Nancy Boy: Error code: 429 - {'error': {'message': 'Too Many Requests', 'type': 'too_many_requests', 'param': None, 'code': 'too_many_requests'}}
Failed for Room Eleven - Hey Hey Hey!: Error code: 429 - {'error': {'message': 'Too Many Requests', 'type': 'too_many_requests', 'param': None, 'code': 'too_many_requests'}}
Failed for Fugazi - The Kill: Error code: 429 - {'error': {'message': 'Too Many Requests', 'type': 'too_many_requests', 'param': None, 'code': 'too_many_requests'}}
Failed for Fugazi - Walken'S Syndrome: Error code: 429 - {'error': {'message': 'Too Many Requests', 'type': 'too_many_requests', 'param': None, 'code': 'too_many_requests'}}
Failed for Spice Girls - Never Give Up On The Good Times: Error code: 429 - {'error': {'message': 'Too Many Requests', 'type': 'too_many_requests', 'param': None, 'code': 'too_many_requests'}}
Failed for Room Eleven - Lalala Love: Error code: 429 - {'error': {'message': 'Too Many Requests', 'type': 'too_many_requests', 'param': None, 'code': 'too_many_requests'}}
Failed for Room Eleven - Looking At My Feet: Error code: 429 - {'error': {'message': 'Too Many Requests', 'type': 'too_many_requests', 'param': None, 'code': 'too_many_requests'}}
Failed for Kling Klang - Radium: Error code: 429 - {'error': {'message': 'Too Many Requests', 'type': 'too_many_requests', 'param': None, 'code': 'too_many_requests'}}
Failed for Kling Klang - Nexus: Error code: 429 - {'error': {'message': 'Too Many Requests', 'type': 'too_many_requests', 'param': None, 'code': 'too_many_requests'}}
Failed for Spiha - Planet Horse: Error code: 429 - {'error': {'message': 'Too Many Requests', 'type': 'too_many_requests', 'param': None, 'code': 'too_many_requests'}}
Failed for Klimt 1918 - Pale Song: Error code: 429 - {'error': {'message': 'Too Many Requests', 'type': 'too_many_requests', 'param': None, 'code': 'too_many_requests'}}
Failed for Slow Runner - Break Your Mama'S Back: Error code: 429 - {'error': {'message': 'Too Many Requests', 'type': 'too_many_requests', 'param': None, 'code': 'too_many_requests'}}
Failed for Drive-By Truckers - The Righteous Path: Error code: 429 - {'error': {'message': 'Too Many Requests', 'type': 'too_many_requests', 'param': None, 'code': 'too_many_requests'}}
Failed for Klimt 1918 - Passive: Error code: 429 - {'error': {'message': 'Too Many Requests', 'type': 'too_many_requests', 'param': None, 'code': 'too_many_requests'}}
Failed for Dropkick Murphys - Black Velvet Band: Error code: 429 - {'error': {'message': 'Too Many Requests', 'type': 'too_many_requests', 'param': None, 'code': 'too_many_requests'}}
Failed for Drive-By Truckers - Heathens: Error code: 429 - {'error': {'message': 'Too Many Requests', 'type': 'too_many_requests', 'param': None, 'code': 'too_many_requests'}}
Failed for Μ-Ziq - Mushroom Compost: Error code: 429 - {'error': {'message': 'Too Many Requests', 'type': 'too_many_requests', 'param': None, 'code': 'too_many_requests'}}
Failed for The Long Blondes - Picture Of You: Error code: 429 - {'error': {'message': 'Too Many Requests', 'type': 'too_many_requests', 'param': None, 'code': 'too_many_requests'}}
Failed for Mogwai - Small Children In The Background: Error code: 429 - {'error': {'message': 'Too Many Requests', 'type': 'too_many_requests', 'param': None, 'code': 'too_many_requests'}}
Failed for Dressy Bessy - Just Once More: Error code: 429 - {'error': {'message': 'Too Many Requests', 'type': 'too_many_requests', 'param': None, 'code': 'too_many_requests'}}
Failed for Funker Vogt - History: Error code: 429 - {'error': {'message': 'Too Many Requests', 'type': 'too_many_requests', 'param': None, 'code': 'too_many_requests'}}
Failed for Spiritual Front - Slave: Error code: 429 - {'error': {'message': 'Too Many Requests', 'type': 'too_many_requests', 'param': None, 'code': 'too_many_requests'}}
Failed for Abandoned Pools - The Catalyst: Error code: 429 - {'error': {'message': 'Too Many Requests', 'type': 'too_many_requests', 'param': None, 'code': 'too_many_requests'}}
Failed for Dredg - The Tanbark Is Hot Lava: Error code: 429 - {'error': {'message': 'Too Many Requests', 'type': 'too_many_requests', 'param': None, 'code': 'too_many_requests'}}
Failed for Mokoma - Houkka: Error code: 429 - {'error': {'message': 'Too Many Requests', 'type': 'too_many_requests', 'param': None, 'code': 'too_many_requests'}}
Failed for The Replacements - Kiss Me On The Bus: Error code: 429 - {'error': {'message': 'Too Many Requests', 'type': 'too_many_requests', 'param': None, 'code': 'too_many_requests'}}
Failed for The Weakerthans - Plea From A Cat Named Virtute: Error code: 429 - {'error': {'message': 'Too Many Requests', 'type': 'too_many_requests', 'param': None, 'code': 'too_many_requests'}}
Failed for Kitchens Of Distinction - Prize: Error code: 429 - {'error': {'message': 'Too Many Requests', 'type': 'too_many_requests', 'param': None, 'code': 'too_many_requests'}}
Failed for Cannibal Corpse - Addicted To Vaginal Skin: Error code: 429 - {'error': {'message': 'Too Many Requests', 'type': 'too_many_requests', 'param': None, 'code': 'too_many_requests'}}
Failed for Turmion Kätilöt - Osasto-A: Error code: 429 - {'error': {'message': 'Too Many Requests', 'type': 'too_many_requests', 'param': None, 'code': 'too_many_requests'}}
Failed for Lightspeed Champion - Salty Water: Error code: 429 - {'error': {'message': 'Too Many Requests', 'type': 'too_many_requests', 'param': None, 'code': 'too_many_requests'}}
Failed for Mokoma - Nämä Kolme Ovat Yhtä: Error code: 429 - {'error': {'message': 'Too Many Requests', 'type': 'too_many_requests', 'param': None, 'code': 'too_many_requests'}}
Failed for Wilco - Why Would You Wanna Live: Error code: 429 - {'error': {'message': 'Too Many Requests', 'type': 'too_many_requests', 'param': None, 'code': 'too_many_requests'}}
Failed for Hot Club De Paris - Names And Names And Names: Error code: 429 - {'error': {'message': 'Too Many Requests', 'type': 'too_many_requests', 'param': None, 'code': 'too_many_requests'}}
Failed for Erasure - It Doesn'T Have To Be: Error code: 429 - {'error': {'message': 'Too Many Requests', 'type': 'too_many_requests', 'param': None, 'code': 'too_many_requests'}}
Failed for Tenacious D - Special Thing: Error code: 429 - {'error': {'message': 'Too Many Requests', 'type': 'too_many_requests', 'param': None, 'code': 'too_many_requests'}}
Failed for Shpongle - Linguistic Mystic: Error code: 429 - {'error': {'message': 'Too Many Requests', 'type': 'too_many_requests', 'param': None, 'code': 'too_many_requests'}}
Failed for Tom Rothrock - Rollin' Crumblin': Error code: 429 - {'error': {'message': 'Too Many Requests', 'type': 'too_many_requests', 'param': None, 'code': 'too_many_requests'}}
Failed for All The Saints - Sheffield: Error code: 429 - {'error': {'message': 'Too Many Requests', 'type': 'too_many_requests', 'param': None, 'code': 'too_many_requests'}}
Failed for Tenhi - Maa Syttyy: Error code: 429 - {'error': {'message': 'Too Many Requests', 'type': 'too_many_requests', 'param': None, 'code': 'too_many_requests'}}
Failed for Moloko - A Drop In The Ocean: Error code: 429 - {'error': {'message': 'Too Many Requests', 'type': 'too_many_requests', 'param': None, 'code': 'too_many_requests'}}
Failed for Spiritualized - Electric Phase: Error code: 429 - {'error': {'message': 'Too Many Requests', 'type': 'too_many_requests', 'param': None, 'code': 'too_many_requests'}}
Failed for Sloan - If It Feels Good Do It: Error code: 429 - {'error': {'message': 'Too Many Requests', 'type': 'too_many_requests', 'param': None, 'code': 'too_many_requests'}}
Failed for The Lightning Seeds - Sugar Coated Iceberg: Error code: 429 - {'error': {'message': 'Too Many Requests', 'type': 'too_many_requests', 'param': None, 'code': 'too_many_requests'}}
Failed for Roger Waters - Four Minutes: Error code: 429 - {'error': {'message': 'Too Many Requests', 'type': 'too_many_requests', 'param': None, 'code': 'too_many_requests'}}
Failed for Lightning Bolt - Bizarro Zarro Land: Error code: 429 - {'error': {'message': 'Too Many Requests', 'type': 'too_many_requests', 'param': None, 'code': 'too_many_requests'}}
Failed for Fightstar - 99: Error code: 429 - {'error': {'message': 'Too Many Requests', 'type': 'too_many_requests', 'param': None, 'code': 'too_many_requests'}}
Failed for Cannibal Corpse - Necropedophile: Error code: 429 - {'error': {'message': 'Too Many Requests', 'type': 'too_many_requests', 'param': None, 'code': 'too_many_requests'}}
Failed for At The Drive-In - Arc Arsenal: Error code: 429 - {'error': {'message': 'Too Many Requests', 'type': 'too_many_requests', 'param': None, 'code': 'too_many_requests'}}
Failed for Dream Theater - Metropolis: Error code: 429 - {'error': {'message': 'Too Many Requests', 'type': 'too_many_requests', 'param': None, 'code': 'too_many_requests'}}
Failed for Abba - When I Kissed The Teacher: Error code: 429 - {'error': {'message': 'Too Many Requests', 'type': 'too_many_requests', 'param': None, 'code': 'too_many_requests'}}
Failed for Moloko - Killa Bunnies: Error code: 429 - {'error': {'message': 'Too Many Requests', 'type': 'too_many_requests', 'param': None, 'code': 'too_many_requests'}}
Failed for At The Drive-In - Coating Of Arms: Error code: 429 - {'error': {'message': 'Too Many Requests', 'type': 'too_many_requests', 'param': None, 'code': 'too_many_requests'}}
Failed for Cannibal Corpse - Severed Head Stoning: Error code: 429 - {'error': {'message': 'Too Many Requests', 'type': 'too_many_requests', 'param': None, 'code': 'too_many_requests'}}
Failed for They Might Be Giants - With The Dark: Error code: 429 - {'error': {'message': 'Too Many Requests', 'type': 'too_many_requests', 'param': None, 'code': 'too_many_requests'}}
Failed for Spiritualized - Lord Let It Rain On Me: Error code: 429 - {'error': {'message': 'Too Many Requests', 'type': 'too_many_requests', 'param': None, 'code': 'too_many_requests'}}
Failed for Dream Theater - Disappear: Error code: 429 - {'error': {'message': 'Too Many Requests', 'type': 'too_many_requests', 'param': None, 'code': 'too_many_requests'}}
Failed for Turisas - Prologue For R.R.R.: Error code: 429 - {'error': {'message': 'Too Many Requests', 'type': 'too_many_requests', 'param': None, 'code': 'too_many_requests'}}
Failed for Big Star - Don'T Lie To Me: Error code: 429 - {'error': {'message': 'Too Many Requests', 'type': 'too_many_requests', 'param': None, 'code': 'too_many_requests'}}
Failed for Sloan - Living With The Masses: Error code: 429 - {'error': {'message': 'Too Many Requests', 'type': 'too_many_requests', 'param': None, 'code': 'too_many_requests'}}
Failed for Ellen Allien - Washing Machine Is Speaking: Error code: 429 - {'error': {'message': 'Too Many Requests', 'type': 'too_many_requests', 'param': None, 'code': 'too_many_requests'}}
Failed for U2 - Walk To The Water: Error code: 429 - {'error': {'message': 'Too Many Requests', 'type': 'too_many_requests', 'param': None, 'code': 'too_many_requests'}}
Failed for Cansei De Ser Sexy - Air Painter: Error code: 429 - {'error': {'message': 'Too Many Requests', 'type': 'too_many_requests', 'param': None, 'code': 'too_many_requests'}}
Failed for Rodrigo Y Gabriela - Ixtapa: Error code: 429 - {'error': {'message': 'Too Many Requests', 'type': 'too_many_requests', 'param': None, 'code': 'too_many_requests'}}
Failed for Moloko - The Flipside: Error code: 429 - {'error': {'message': 'Too Many Requests', 'type': 'too_many_requests', 'param': None, 'code': 'too_many_requests'}}
Failed for Max Romeo - I Chase The Devil: Error code: 429 - {'error': {'message': 'Too Many Requests', 'type': 'too_many_requests', 'param': None, 'code': 'too_many_requests'}}
Failed for Alex Gaudino Feat Shana - Watch Out (Radio Edit): Error code: 429 - {'error': {'message': 'Too Many Requests', 'type': 'too_many_requests', 'param': None, 'code': 'too_many_requests'}}
Failed for Inxs - I Send A Message: Error code: 429 - {'error': {'message': 'Too Many Requests', 'type': 'too_many_requests', 'param': None, 'code': 'too_many_requests'}}
Failed for Horse The Band - Birdo: Error code: 429 - {'error': {'message': 'Too Many Requests', 'type': 'too_many_requests', 'param': None, 'code': 'too_many_requests'}}
Failed for Wolfgang Amadeus Mozart - Rex Tremendae: Error code: 429 - {'error': {'message': 'Too Many Requests', 'type': 'too_many_requests', 'param': None, 'code': 'too_many_requests'}}
Failed for Tori Amos - Mrs. Jesus: Error code: 429 - {'error': {'message': 'Too Many Requests', 'type': 'too_many_requests', 'param': None, 'code': 'too_many_requests'}}
Failed for Panic At The Disco - The Piano Knows Something I Don'T Know: Error code: 429 - {'error': {'message': 'Too Many Requests', 'type': 'too_many_requests', 'param': None, 'code': 'too_many_requests'}}
Failed for Arcade Fire - Accidents: Error code: 429 - {'error': {'message': 'Too Many Requests', 'type': 'too_many_requests', 'param': None, 'code': 'too_many_requests'}}
Failed for Into Eternity - Embraced By Desolation: Error code: 429 - {'error': {'message': 'Too Many Requests', 'type': 'too_many_requests', 'param': None, 'code': 'too_many_requests'}}
Failed for Wolfgang Amadeus Mozart - Dies Irae: Error code: 429 - {'error': {'message': 'Too Many Requests', 'type': 'too_many_requests', 'param': None, 'code': 'too_many_requests'}}
Failed for G-Unit - Poppin' Them Thangs: Error code: 429 - {'error': {'message': 'Too Many Requests', 'type': 'too_many_requests', 'param': None, 'code': 'too_many_requests'}}
Failed for Rod Stewart - Have I Told You Lately (That I Love You): Error code: 429 - {'error': {'message': 'Too Many Requests', 'type': 'too_many_requests', 'param': None, 'code': 'too_many_requests'}}
900/2988 done
Failed for Big Punisher - Whatcha Gon Do: Error code: 429 - {'error': {'message': 'Too Many Requests', 'type': 'too_many_requests', 'param': None, 'code': 'too_many_requests'}}
Failed for Big Mountain - Baby I Love Your Way: Error code: 429 - {'error': {'message': 'Too Many Requests', 'type': 'too_many_requests', 'param': None, 'code': 'too_many_requests'}}
Failed for Rod Stewart - Soothe Me: Error code: 429 - {'error': {'message': 'Too Many Requests', 'type': 'too_many_requests', 'param': None, 'code': 'too_many_requests'}}
Failed for Gabriel & Dresden - Tracking Treasure Down (Radio Edit): Error code: 429 - {'error': {'message': 'Too Many Requests', 'type': 'too_many_requests', 'param': None, 'code': 'too_many_requests'}}
Failed for Gabriel & Dresden - Here Is The House: Error code: 429 - {'error': {'message': 'Too Many Requests', 'type': 'too_many_requests', 'param': None, 'code': 'too_many_requests'}}
Failed for The Revels - Comanche: Error code: 429 - {'error': {'message': 'Too Many Requests', 'type': 'too_many_requests', 'param': None, 'code': 'too_many_requests'}}
Failed for Kings Of Convenience - The Girl From Back Then (Riton'S Über Jazz Mix): Error code: 429 - {'error': {'message': 'Too Many Requests', 'type': 'too_many_requests', 'param': None, 'code': 'too_many_requests'}}
Failed for Lil Wayne - Comfortable: Error code: 429 - {'error': {'message': 'Too Many Requests', 'type': 'too_many_requests', 'param': None, 'code': 'too_many_requests'}}
Failed for Gackt - Kimi Ga Matteiru Kara: Error code: 429 - {'error': {'message': 'Too Many Requests', 'type': 'too_many_requests', 'param': None, 'code': 'too_many_requests'}}
Failed for Dragonforce - Once In A Lifetime: Error code: 429 - {'error': {'message': 'Too Many Requests', 'type': 'too_many_requests', 'param': None, 'code': 'too_many_requests'}}
Failed for Drain Sth - Stench: Error code: 429 - {'error': {'message': 'Too Many Requests', 'type': 'too_many_requests', 'param': None, 'code': 'too_many_requests'}}
Failed for Animosity - 24 More: Error code: 429 - {'error': {'message': 'Too Many Requests', 'type': 'too_many_requests', 'param': None, 'code': 'too_many_requests'}}
Failed for Fields Of The Nephilim - For Her Light: Error code: 429 - {'error': {'message': 'Too Many Requests', 'type': 'too_many_requests', 'param': None, 'code': 'too_many_requests'}}
Failed for Robyn - Be Mine: Error code: 429 - {'error': {'message': 'Too Many Requests', 'type': 'too_many_requests', 'param': None, 'code': 'too_many_requests'}}
Failed for Scorpions - Under The Same Sun: Error code: 429 - {'error': {'message': 'Too Many Requests', 'type': 'too_many_requests', 'param': None, 'code': 'too_many_requests'}}
Failed for Phoenix - Lasso: Error code: 429 - {'error': {'message': 'Too Many Requests', 'type': 'too_many_requests', 'param': None, 'code': 'too_many_requests'}}
Failed for Ataraxia - Aperlae: Error code: 429 - {'error': {'message': 'Too Many Requests', 'type': 'too_many_requests', 'param': None, 'code': 'too_many_requests'}}
Failed for Pale Saints - Blue Flower: Error code: 429 - {'error': {'message': 'Too Many Requests', 'type': 'too_many_requests', 'param': None, 'code': 'too_many_requests'}}
Failed for Wolfsheim - Kein Zurück: Error code: 429 - {'error': {'message': 'Too Many Requests', 'type': 'too_many_requests', 'param': None, 'code': 'too_many_requests'}}
Failed for Eternal Tears Of Sorrow - Red Dawn Rising: Error code: 429 - {'error': {'message': 'Too Many Requests', 'type': 'too_many_requests', 'param': None, 'code': 'too_many_requests'}}
Failed for Pale Saints - You Tear The World In Two: Error code: 429 - {'error': {'message': 'Too Many Requests', 'type': 'too_many_requests', 'param': None, 'code': 'too_many_requests'}}
Failed for Etta James - A Sunday Kind Of Love: Error code: 429 - {'error': {'message': 'Too Many Requests', 'type': 'too_many_requests', 'param': None, 'code': 'too_many_requests'}}
Failed for The Beta Band - Push It Out: Error code: 429 - {'error': {'message': 'Too Many Requests', 'type': 'too_many_requests', 'param': None, 'code': 'too_many_requests'}}
Failed for Temple Of The Dog - Wooden Jesus: Error code: 429 - {'error': {'message': 'Too Many Requests', 'type': 'too_many_requests', 'param': None, 'code': 'too_many_requests'}}
Failed for The Beta Band - It'S Over: Error code: 429 - {'error': {'message': 'Too Many Requests', 'type': 'too_many_requests', 'param': None, 'code': 'too_many_requests'}}
Failed for Dragonforce - Black Fire: Error code: 429 - {'error': {'message': 'Too Many Requests', 'type': 'too_many_requests', 'param': None, 'code': 'too_many_requests'}}
Failed for Gaelle - Transient: Error code: 429 - {'error': {'message': 'Too Many Requests', 'type': 'too_many_requests', 'param': None, 'code': 'too_many_requests'}}
Failed for Aberdeen - She Never Understood: Error code: 429 - {'error': {'message': 'Too Many Requests', 'type': 'too_many_requests', 'param': None, 'code': 'too_many_requests'}}
Failed for Gal Costa - Desafinado: Error code: 429 - {'error': {'message': 'Too Many Requests', 'type': 'too_many_requests', 'param': None, 'code': 'too_many_requests'}}
Failed for Galaxie 500 - Temperature'S Rising: Error code: 429 - {'error': {'message': 'Too Many Requests', 'type': 'too_many_requests', 'param': None, 'code': 'too_many_requests'}}
Failed for Field Music - Pieces: Error code: 429 - {'error': {'message': 'Too Many Requests', 'type': 'too_many_requests', 'param': None, 'code': 'too_many_requests'}}
Failed for Atb - Black Nights: Error code: 429 - {'error': {'message': 'Too Many Requests', 'type': 'too_many_requests', 'param': None, 'code': 'too_many_requests'}}
Failed for Robi Draco Rosa - Crash Push: Error code: 429 - {'error': {'message': 'Too Many Requests', 'type': 'too_many_requests', 'param': None, 'code': 'too_many_requests'}}
Failed for Galaxie 500 - Instrumental: Error code: 429 - {'error': {'message': 'Too Many Requests', 'type': 'too_many_requests', 'param': None, 'code': 'too_many_requests'}}
Failed for Atb - Better Give Up: Error code: 429 - {'error': {'message': 'Too Many Requests', 'type': 'too_many_requests', 'param': None, 'code': 'too_many_requests'}}
Failed for Spoon - The Minor Tough: Error code: 429 - {'error': {'message': 'Too Many Requests', 'type': 'too_many_requests', 'param': None, 'code': 'too_many_requests'}}
Failed for Aberdeen - Fireworks: Error code: 429 - {'error': {'message': 'Too Many Requests', 'type': 'too_many_requests', 'param': None, 'code': 'too_many_requests'}}
Failed for King Geedorah - Monster Zero: Error code: 429 - {'error': {'message': 'Too Many Requests', 'type': 'too_many_requests', 'param': None, 'code': 'too_many_requests'}}
Failed for Art Of Noise - Moments In Love (12 B Side Idea): Error code: 429 - {'error': {'message': 'Too Many Requests', 'type': 'too_many_requests', 'param': None, 'code': 'too_many_requests'}}
Failed for Field Music - Got To Get The Nerve: Error code: 429 - {'error': {'message': 'Too Many Requests', 'type': 'too_many_requests', 'param': None, 'code': 'too_many_requests'}}
Failed for Moonbabies - War On Sound: Error code: 429 - {'error': {'message': 'Too Many Requests', 'type': 'too_many_requests', 'param': None, 'code': 'too_many_requests'}}
Failed for Art Of Noise - Paranoimia: Error code: 429 - {'error': {'message': 'Too Many Requests', 'type': 'too_many_requests', 'param': None, 'code': 'too_many_requests'}}
Failed for Gameboy/Gamegirl - Sweaty Wet/Dirty Damp: Error code: 429 - {'error': {'message': 'Too Many Requests', 'type': 'too_many_requests', 'param': None, 'code': 'too_many_requests'}}
Failed for Atb - A Rainy Afternoon: Error code: 429 - {'error': {'message': 'Too Many Requests', 'type': 'too_many_requests', 'param': None, 'code': 'too_many_requests'}}
Failed for Pain Of Salvation - Pluvius Aestivus: Error code: 429 - {'error': {'message': 'Too Many Requests', 'type': 'too_many_requests', 'param': None, 'code': 'too_many_requests'}}
Failed for Daft Punk - Around The World (Radio Edit): Error code: 429 - {'error': {'message': 'Too Many Requests', 'type': 'too_many_requests', 'param': None, 'code': 'too_many_requests'}}
Failed for Tori Amos - Pancake: Error code: 429 - {'error': {'message': 'Too Many Requests', 'type': 'too_many_requests', 'param': None, 'code': 'too_many_requests'}}
Failed for Television Personalities - Silly Girl: Error code: 429 - {'error': {'message': 'Too Many Requests', 'type': 'too_many_requests', 'param': None, 'code': 'too_many_requests'}}
Failed for The Bird And The Bee - Diamond Dave: Error code: 429 - {'error': {'message': 'Too Many Requests', 'type': 'too_many_requests', 'param': None, 'code': 'too_many_requests'}}
Failed for The Bird And The Bee - Ray Gun: Error code: 429 - {'error': {'message': 'Too Many Requests', 'type': 'too_many_requests', 'param': None, 'code': 'too_many_requests'}}
Failed for De Souza - Guilty (Club Mix): Error code: 429 - {'error': {'message': 'Too Many Requests', 'type': 'too_many_requests', 'param': None, 'code': 'too_many_requests'}}
Failed for Tom Petty - I Won'T Back Down: Error code: 429 - {'error': {'message': 'Too Many Requests', 'type': 'too_many_requests', 'param': None, 'code': 'too_many_requests'}}
Failed for Phoenix - Playground Love (Air Cover): Error code: 429 - {'error': {'message': 'Too Many Requests', 'type': 'too_many_requests', 'param': None, 'code': 'too_many_requests'}}
Failed for Hope Of The States - The Black Amnesias: Error code: 429 - {'error': {'message': 'Too Many Requests', 'type': 'too_many_requests', 'param': None, 'code': 'too_many_requests'}}
Failed for Phoenix - Fences: Error code: 429 - {'error': {'message': 'Too Many Requests', 'type': 'too_many_requests', 'param': None, 'code': 'too_many_requests'}}
Failed for Daft Punk - Phoenix (Basement Jaxx Remix): Error code: 429 - {'error': {'message': 'Too Many Requests', 'type': 'too_many_requests', 'param': None, 'code': 'too_many_requests'}}
Failed for Pajama Party - Over And Over (B.F.E. Mix): Error code: 429 - {'error': {'message': 'Too Many Requests', 'type': 'too_many_requests', 'param': None, 'code': 'too_many_requests'}}
Failed for Big L - 8 Iz Enuff: Error code: 429 - {'error': {'message': 'Too Many Requests', 'type': 'too_many_requests', 'param': None, 'code': 'too_many_requests'}}
Failed for Gamma Ray - Farewell: Error code: 429 - {'error': {'message': 'Too Many Requests', 'type': 'too_many_requests', 'param': None, 'code': 'too_many_requests'}}
Failed for King Crimson - Indiscipline: Error code: 429 - {'error': {'message': 'Too Many Requests', 'type': 'too_many_requests', 'param': None, 'code': 'too_many_requests'}}
Failed for The Last Goodnight - Stay Beautiful: Error code: 429 - {'error': {'message': 'Too Many Requests', 'type': 'too_many_requests', 'param': None, 'code': 'too_many_requests'}}
Failed for Matthew Good Band - Load Me Up: Error code: 429 - {'error': {'message': 'Too Many Requests', 'type': 'too_many_requests', 'param': None, 'code': 'too_many_requests'}}
Failed for Squarepusher - Boneville Occident: Error code: 429 - {'error': {'message': 'Too Many Requests', 'type': 'too_many_requests', 'param': None, 'code': 'too_many_requests'}}
Failed for Dr. Dre - Xxplosive: Error code: 429 - {'error': {'message': 'Too Many Requests', 'type': 'too_many_requests', 'param': None, 'code': 'too_many_requests'}}
Failed for King Crimson - Dinosaur: Error code: 429 - {'error': {'message': 'Too Many Requests', 'type': 'too_many_requests', 'param': None, 'code': 'too_many_requests'}}
Failed for Squarepusher - Papalon: Error code: 429 - {'error': {'message': 'Too Many Requests', 'type': 'too_many_requests', 'param': None, 'code': 'too_many_requests'}}
Failed for The La'S - Freedom Song: Error code: 429 - {'error': {'message': 'Too Many Requests', 'type': 'too_many_requests', 'param': None, 'code': 'too_many_requests'}}
Failed for Carissa'S Wierd - The Piano Song: Error code: 429 - {'error': {'message': 'Too Many Requests', 'type': 'too_many_requests', 'param': None, 'code': 'too_many_requests'}}
Failed for Atb - Searching For Satellite: Error code: 429 - {'error': {'message': 'Too Many Requests', 'type': 'too_many_requests', 'param': None, 'code': 'too_many_requests'}}
Failed for Thievery Corporation - Tomorrow: Error code: 429 - {'error': {'message': 'Too Many Requests', 'type': 'too_many_requests', 'param': None, 'code': 'too_many_requests'}}
Failed for The Kovenant - The Human Abstract: Error code: 429 - {'error': {'message': 'Too Many Requests', 'type': 'too_many_requests', 'param': None, 'code': 'too_many_requests'}}
Failed for Moonspell - Wolfshade (A Werewolf Masquerade): Error code: 429 - {'error': {'message': 'Too Many Requests', 'type': 'too_many_requests', 'param': None, 'code': 'too_many_requests'}}
Failed for Gang Starr - Royalty: Error code: 429 - {'error': {'message': 'Too Many Requests', 'type': 'too_many_requests', 'param': None, 'code': 'too_many_requests'}}
Failed for The Knife - You Make Me Like Charity(Silent Shout Tour): Error code: 429 - {'error': {'message': 'Too Many Requests', 'type': 'too_many_requests', 'param': None, 'code': 'too_many_requests'}}
Failed for Boys Noize - Don'T Believe The Hype (Surkin Mix No.2): Error code: 429 - {'error': {'message': 'Too Many Requests', 'type': 'too_many_requests', 'param': None, 'code': 'too_many_requests'}}
Failed for Iron & Wine - Dearest Forsaken: Error code: 429 - {'error': {'message': 'Too Many Requests', 'type': 'too_many_requests', 'param': None, 'code': 'too_many_requests'}}
Failed for Dr. Dog - Army Of Ancients: Error code: 429 - {'error': {'message': 'Too Many Requests', 'type': 'too_many_requests', 'param': None, 'code': 'too_many_requests'}}
Failed for Alestorm - Terror On The High Seas: Error code: 429 - {'error': {'message': 'Too Many Requests', 'type': 'too_many_requests', 'param': None, 'code': 'too_many_requests'}}
Failed for Arafel - Color Of Death: Error code: 429 - {'error': {'message': 'Too Many Requests', 'type': 'too_many_requests', 'param': None, 'code': 'too_many_requests'}}
Failed for Equilibrium - Im Fackelschein: Error code: 429 - {'error': {'message': 'Too Many Requests', 'type': 'too_many_requests', 'param': None, 'code': 'too_many_requests'}}
Failed for Pain Of Salvation - Kingdom Of Loss: Error code: 429 - {'error': {'message': 'Too Many Requests', 'type': 'too_many_requests', 'param': None, 'code': 'too_many_requests'}}
Failed for Pain Of Salvation - Iter Impius: Error code: 429 - {'error': {'message': 'Too Many Requests', 'type': 'too_many_requests', 'param': None, 'code': 'too_many_requests'}}
Failed for Mae - Last Call: Error code: 429 - {'error': {'message': 'Too Many Requests', 'type': 'too_many_requests', 'param': None, 'code': 'too_many_requests'}}
Failed for Robbie Williams - Me And My Shadow: Error code: 429 - {'error': {'message': 'Too Many Requests', 'type': 'too_many_requests', 'param': None, 'code': 'too_many_requests'}}
Failed for Killing The Dream - We'Ll Always Have Paris: Error code: 429 - {'error': {'message': 'Too Many Requests', 'type': 'too_many_requests', 'param': None, 'code': 'too_many_requests'}}
Failed for Robbie Williams - Love Somebody: Error code: 429 - {'error': {'message': 'Too Many Requests', 'type': 'too_many_requests', 'param': None, 'code': 'too_many_requests'}}
Failed for Thievery Corporation - Until The Morning (Rewound): Error code: 429 - {'error': {'message': 'Too Many Requests', 'type': 'too_many_requests', 'param': None, 'code': 'too_many_requests'}}
Failed for Big Brother & The Holding Company - Combination Of The Two: Error code: 429 - {'error': {'message': 'Too Many Requests', 'type': 'too_many_requests', 'param': None, 'code': 'too_many_requests'}}
Failed for Killing The Dream - Play The Tune Or Die: Error code: 429 - {'error': {'message': 'Too Many Requests', 'type': 'too_many_requests', 'param': None, 'code': 'too_many_requests'}}
Failed for Morcheeba - Howling: Error code: 429 - {'error': {'message': 'Too Many Requests', 'type': 'too_many_requests', 'param': None, 'code': 'too_many_requests'}}
Failed for Boys Noize - Oh!: Error code: 429 - {'error': {'message': 'Too Many Requests', 'type': 'too_many_requests', 'param': None, 'code': 'too_many_requests'}}
Failed for Matt Pond Pa - The Trees And The Wild: Error code: 429 - {'error': {'message': 'Too Many Requests', 'type': 'too_many_requests', 'param': None, 'code': 'too_many_requests'}}
Failed for Morcheeba - Coming Down Gently: Error code: 429 - {'error': {'message': 'Too Many Requests', 'type': 'too_many_requests', 'param': None, 'code': 'too_many_requests'}}
1000/2988 done
Failed for Boys Like Girls - Heels Over Head: Error code: 429 - {'error': {'message': 'Too Many Requests', 'type': 'too_many_requests', 'param': None, 'code': 'too_many_requests'}}
Failed for The Knife - I Just Had To Die (Remix): Error code: 429 - {'error': {'message': 'Too Many Requests', 'type': 'too_many_requests', 'param': None, 'code': 'too_many_requests'}}
Failed for Kill Your Idols - Stuck In A Rut: Error code: 429 - {'error': {'message': 'Too Many Requests', 'type': 'too_many_requests', 'param': None, 'code': 'too_many_requests'}}
Failed for Robbie Williams - Do Nothin' Till You Hear From Me: Error code: 429 - {'error': {'message': 'Too Many Requests', 'type': 'too_many_requests', 'param': None, 'code': 'too_many_requests'}}
Failed for Mattafix - Living Darfur: Error code: 429 - {'error': {'message': 'Too Many Requests', 'type': 'too_many_requests', 'param': None, 'code': 'too_many_requests'}}
Failed for Robbie Williams - Ain'T That A Kick In The Head: Error code: 429 - {'error': {'message': 'Too Many Requests', 'type': 'too_many_requests', 'param': None, 'code': 'too_many_requests'}}
Failed for Aborym - Between The Devil And The Deep Blue Sea: Error code: 429 - {'error': {'message': 'Too Many Requests', 'type': 'too_many_requests', 'param': None, 'code': 'too_many_requests'}}
Failed for Kill Hannah - Is Anyone Here Alive?: Error code: 429 - {'error': {'message': 'Too Many Requests', 'type': 'too_many_requests', 'param': None, 'code': 'too_many_requests'}}
Failed for Morcheeba - The Great London Traffic Warden Massacre: Error code: 429 - {'error': {'message': 'Too Many Requests', 'type': 'too_many_requests', 'param': None, 'code': 'too_many_requests'}}
Failed for Robbie Nevil - C'Est La Vie: Error code: 429 - {'error': {'message': 'Too Many Requests', 'type': 'too_many_requests', 'param': None, 'code': 'too_many_requests'}}
Failed for Down - Temptation'S Wings: Error code: 429 - {'error': {'message': 'Too Many Requests', 'type': 'too_many_requests', 'param': None, 'code': 'too_many_requests'}}
Failed for Iron Maiden - Don'T Look To The Eyes Of A Stranger: Error code: 429 - {'error': {'message': 'Too Many Requests', 'type': 'too_many_requests', 'param': None, 'code': 'too_many_requests'}}
Failed for Dead Boys - High Tension Wire: Error code: 429 - {'error': {'message': 'Too Many Requests', 'type': 'too_many_requests', 'param': None, 'code': 'too_many_requests'}}
Failed for Pain - Just Think Again: Error code: 429 - {'error': {'message': 'Too Many Requests', 'type': 'too_many_requests', 'param': None, 'code': 'too_many_requests'}}
Failed for Tom Jones & The Cardigans - Burning Down The House: Error code: 429 - {'error': {'message': 'Too Many Requests', 'type': 'too_many_requests', 'param': None, 'code': 'too_many_requests'}}
Failed for Dead Can Dance - American Dreaming: Error code: 429 - {'error': {'message': 'Too Many Requests', 'type': 'too_many_requests', 'param': None, 'code': 'too_many_requests'}}
Failed for Pain Of Salvation - A Trace Of Blood: Error code: 429 - {'error': {'message': 'Too Many Requests', 'type': 'too_many_requests', 'param': None, 'code': 'too_many_requests'}}
Failed for Hooverphonic - Day After Day: Error code: 429 - {'error': {'message': 'Too Many Requests', 'type': 'too_many_requests', 'param': None, 'code': 'too_many_requests'}}
Failed for Kill Hannah - From Now On: Error code: 429 - {'error': {'message': 'Too Many Requests', 'type': 'too_many_requests', 'param': None, 'code': 'too_many_requests'}}
Failed for Shout Out Louds - A Track And A Train: Error code: 429 - {'error': {'message': 'Too Many Requests', 'type': 'too_many_requests', 'param': None, 'code': 'too_many_requests'}}
Failed for Blind Melon - Paper Scratcher: Error code: 429 - {'error': {'message': 'Too Many Requests', 'type': 'too_many_requests', 'param': None, 'code': 'too_many_requests'}}
Failed for Rob Zombie - Reload: Error code: 429 - {'error': {'message': 'Too Many Requests', 'type': 'too_many_requests', 'param': None, 'code': 'too_many_requests'}}
Failed for Morgan Page Feat. Lissie - The Longest Road (Deadmau5 Remix Radio Edit): Error code: 429 - {'error': {'message': 'Too Many Requests', 'type': 'too_many_requests', 'param': None, 'code': 'too_many_requests'}}
Failed for Ferry Corsten - On My Mind: Error code: 429 - {'error': {'message': 'Too Many Requests', 'type': 'too_many_requests', 'param': None, 'code': 'too_many_requests'}}
Failed for Scout Niblett - Let Thine Heart Be Warmed: Error code: 429 - {'error': {'message': 'Too Many Requests', 'type': 'too_many_requests', 'param': None, 'code': 'too_many_requests'}}
Failed for Down - Jail: Error code: 429 - {'error': {'message': 'Too Many Requests', 'type': 'too_many_requests', 'param': None, 'code': 'too_many_requests'}}
Failed for The Kinks - Such A Shame: Error code: 429 - {'error': {'message': 'Too Many Requests', 'type': 'too_many_requests', 'param': None, 'code': 'too_many_requests'}}
Failed for Rob Zombie - Demonoid Phenomenon: Error code: 429 - {'error': {'message': 'Too Many Requests', 'type': 'too_many_requests', 'param': None, 'code': 'too_many_requests'}}
Failed for The Rolling Stones - Dear Doctor: Error code: 429 - {'error': {'message': 'Too Many Requests', 'type': 'too_many_requests', 'param': None, 'code': 'too_many_requests'}}
Failed for Matt Pond Pa - Honestly: Error code: 429 - {'error': {'message': 'Too Many Requests', 'type': 'too_many_requests', 'param': None, 'code': 'too_many_requests'}}
Failed for Matt Pond Pa - Last Light: Error code: 429 - {'error': {'message': 'Too Many Requests', 'type': 'too_many_requests', 'param': None, 'code': 'too_many_requests'}}
Failed for Ani Difranco - Work Your Way Out: Error code: 429 - {'error': {'message': 'Too Many Requests', 'type': 'too_many_requests', 'param': None, 'code': 'too_many_requests'}}
Failed for Morrissey - Alma Matters: Error code: 429 - {'error': {'message': 'Too Many Requests', 'type': 'too_many_requests', 'param': None, 'code': 'too_many_requests'}}
Failed for Carolina Liar - Show Me What I'M Looking For: Error code: 429 - {'error': {'message': 'Too Many Requests', 'type': 'too_many_requests', 'param': None, 'code': 'too_many_requests'}}
Failed for Box Car Racer - Letters To God: Error code: 429 - {'error': {'message': 'Too Many Requests', 'type': 'too_many_requests', 'param': None, 'code': 'too_many_requests'}}
Failed for Tunng - Bullets: Error code: 429 - {'error': {'message': 'Too Many Requests', 'type': 'too_many_requests', 'param': None, 'code': 'too_many_requests'}}
Failed for St. Vincent - Marrow: Error code: 429 - {'error': {'message': 'Too Many Requests', 'type': 'too_many_requests', 'param': None, 'code': 'too_many_requests'}}
Failed for Athlete - Tokyo: Error code: 429 - {'error': {'message': 'Too Many Requests', 'type': 'too_many_requests', 'param': None, 'code': 'too_many_requests'}}
Failed for Iron Maiden - Weekend Warrior: Error code: 429 - {'error': {'message': 'Too Many Requests', 'type': 'too_many_requests', 'param': None, 'code': 'too_many_requests'}}
Failed for Dead Can Dance - In The Kingdom Of The Blind The One-Eyed Are Kings: Error code: 429 - {'error': {'message': 'Too Many Requests', 'type': 'too_many_requests', 'param': None, 'code': 'too_many_requests'}}
Failed for Iron Maiden - Montségur: Error code: 429 - {'error': {'message': 'Too Many Requests', 'type': 'too_many_requests', 'param': None, 'code': 'too_many_requests'}}
Failed for Pidżama Porno - Droga Na Brześć: Error code: 429 - {'error': {'message': 'Too Many Requests', 'type': 'too_many_requests', 'param': None, 'code': 'too_many_requests'}}
Failed for Iron Maiden - The Aftermath: Error code: 429 - {'error': {'message': 'Too Many Requests', 'type': 'too_many_requests', 'param': None, 'code': 'too_many_requests'}}
Failed for Telefon Tel Aviv - M: Error code: 429 - {'error': {'message': 'Too Many Requests', 'type': 'too_many_requests', 'param': None, 'code': 'too_many_requests'}}
Failed for Tori Amos - Sugar: Error code: 429 - {'error': {'message': 'Too Many Requests', 'type': 'too_many_requests', 'param': None, 'code': 'too_many_requests'}}
Failed for 1000 Homo Djs - Better Ways: Error code: 429 - {'error': {'message': 'Too Many Requests', 'type': 'too_many_requests', 'param': None, 'code': 'too_many_requests'}}
Failed for 1000 Homo Djs - Hey Asshole: Error code: 429 - {'error': {'message': 'Too Many Requests', 'type': 'too_many_requests', 'param': None, 'code': 'too_many_requests'}}
Failed for Alejandro Sanz - Cuando Nadie Me Ve: Error code: 429 - {'error': {'message': 'Too Many Requests', 'type': 'too_many_requests', 'param': None, 'code': 'too_many_requests'}}
Failed for Mae - The Sun And The Moon: Error code: 429 - {'error': {'message': 'Too Many Requests', 'type': 'too_many_requests', 'param': None, 'code': 'too_many_requests'}}
Failed for Hoobastank - Say The Same: Error code: 429 - {'error': {'message': 'Too Many Requests', 'type': 'too_many_requests', 'param': None, 'code': 'too_many_requests'}}
Failed for Teleradio Donoso - Amar En El Campo: Error code: 429 - {'error': {'message': 'Too Many Requests', 'type': 'too_many_requests', 'param': None, 'code': 'too_many_requests'}}
Failed for Hoobastank - Just One: Error code: 429 - {'error': {'message': 'Too Many Requests', 'type': 'too_many_requests', 'param': None, 'code': 'too_many_requests'}}
Failed for Carry On - A Life Less Plagued: Error code: 429 - {'error': {'message': 'Too Many Requests', 'type': 'too_many_requests', 'param': None, 'code': 'too_many_requests'}}
Failed for The Kinks - I Need You: Error code: 429 - {'error': {'message': 'Too Many Requests', 'type': 'too_many_requests', 'param': None, 'code': 'too_many_requests'}}
Failed for Above & Beyond - Stealing Time: Error code: 429 - {'error': {'message': 'Too Many Requests', 'type': 'too_many_requests', 'param': None, 'code': 'too_many_requests'}}
Failed for Slipknot - Prosthetics: Error code: 429 - {'error': {'message': 'Too Many Requests', 'type': 'too_many_requests', 'param': None, 'code': 'too_many_requests'}}
Failed for Slipknot - Me Inside: Error code: 429 - {'error': {'message': 'Too Many Requests', 'type': 'too_many_requests', 'param': None, 'code': 'too_many_requests'}}
Failed for Stabilo - Flawed Design: Error code: 429 - {'error': {'message': 'Too Many Requests', 'type': 'too_many_requests', 'param': None, 'code': 'too_many_requests'}}
Failed for Émilie Simon - In The Lake: Error code: 429 - {'error': {'message': 'Too Many Requests', 'type': 'too_many_requests', 'param': None, 'code': 'too_many_requests'}}
Failed for Rob Dougan - Born Yesterday: Error code: 429 - {'error': {'message': 'Too Many Requests', 'type': 'too_many_requests', 'param': None, 'code': 'too_many_requests'}}
Failed for Gary Moore - Out In The Fields: Error code: 429 - {'error': {'message': 'Too Many Requests', 'type': 'too_many_requests', 'param': None, 'code': 'too_many_requests'}}
Failed for Rob Crow - Up: Error code: 429 - {'error': {'message': 'Too Many Requests', 'type': 'too_many_requests', 'param': None, 'code': 'too_many_requests'}}
Failed for Uh Huh Her - Common Reaction: Error code: 429 - {'error': {'message': 'Too Many Requests', 'type': 'too_many_requests', 'param': None, 'code': 'too_many_requests'}}
Failed for Doug Burr - Graniteville: Error code: 429 - {'error': {'message': 'Too Many Requests', 'type': 'too_many_requests', 'param': None, 'code': 'too_many_requests'}}
Failed for Gary Jules - Something Else: Error code: 429 - {'error': {'message': 'Too Many Requests', 'type': 'too_many_requests', 'param': None, 'code': 'too_many_requests'}}
Failed for The Kinks - Brainwashed: Error code: 429 - {'error': {'message': 'Too Many Requests', 'type': 'too_many_requests', 'param': None, 'code': 'too_many_requests'}}
Failed for Kid Alex - My Way (Kid Alex Boys Noize Remix): Error code: 429 - {'error': {'message': 'Too Many Requests', 'type': 'too_many_requests', 'param': None, 'code': 'too_many_requests'}}
Failed for Biffy Clyro - Machines: Error code: 429 - {'error': {'message': 'Too Many Requests', 'type': 'too_many_requests', 'param': None, 'code': 'too_many_requests'}}
Failed for Cartola - Alvorada: Error code: 429 - {'error': {'message': 'Too Many Requests', 'type': 'too_many_requests', 'param': None, 'code': 'too_many_requests'}}
Failed for Limahl - Never Ending Story: Error code: 429 - {'error': {'message': 'Too Many Requests', 'type': 'too_many_requests', 'param': None, 'code': 'too_many_requests'}}
Failed for Third Eye Blind - Slow Motion: Error code: 429 - {'error': {'message': 'Too Many Requests', 'type': 'too_many_requests', 'param': None, 'code': 'too_many_requests'}}
Failed for Biffy Clyro - Questions And Answers: Error code: 429 - {'error': {'message': 'Too Many Requests', 'type': 'too_many_requests', 'param': None, 'code': 'too_many_requests'}}
Failed for Teitur - You'Re The Ocean: Error code: 429 - {'error': {'message': 'Too Many Requests', 'type': 'too_many_requests', 'param': None, 'code': 'too_many_requests'}}
Failed for Paatos - Absinth Minded: Error code: 429 - {'error': {'message': 'Too Many Requests', 'type': 'too_many_requests', 'param': None, 'code': 'too_many_requests'}}
Failed for Bad Brains - House Of Suffering: Error code: 429 - {'error': {'message': 'Too Many Requests', 'type': 'too_many_requests', 'param': None, 'code': 'too_many_requests'}}
Failed for Shocking Pinks - Emily: Error code: 429 - {'error': {'message': 'Too Many Requests', 'type': 'too_many_requests', 'param': None, 'code': 'too_many_requests'}}
Failed for Isabelle Huppert - Message Personnel: Error code: 429 - {'error': {'message': 'Too Many Requests', 'type': 'too_many_requests', 'param': None, 'code': 'too_many_requests'}}
Failed for Home Video - Gas Tank: Error code: 429 - {'error': {'message': 'Too Many Requests', 'type': 'too_many_requests', 'param': None, 'code': 'too_many_requests'}}
Failed for Tom Jones - Sex Bomb: Error code: 429 - {'error': {'message': 'Too Many Requests', 'type': 'too_many_requests', 'param': None, 'code': 'too_many_requests'}}
Failed for The Black Crowes - Gone: Error code: 429 - {'error': {'message': 'Too Many Requests', 'type': 'too_many_requests', 'param': None, 'code': 'too_many_requests'}}
Failed for The Tea Party - The Master & Margarita: Error code: 429 - {'error': {'message': 'Too Many Requests', 'type': 'too_many_requests', 'param': None, 'code': 'too_many_requests'}}
Failed for Telefon Tel Aviv - I Made A Tree On The Wold: Error code: 429 - {'error': {'message': 'Too Many Requests', 'type': 'too_many_requests', 'param': None, 'code': 'too_many_requests'}}
Failed for The Black Crowes - Wee Who See The Deep: Error code: 429 - {'error': {'message': 'Too Many Requests', 'type': 'too_many_requests', 'param': None, 'code': 'too_many_requests'}}
Failed for Biffy Clyro - Bodies In Flight: Error code: 429 - {'error': {'message': 'Too Many Requests', 'type': 'too_many_requests', 'param': None, 'code': 'too_many_requests'}}
Failed for Morrissey - The Ordinary Boys: Error code: 429 - {'error': {'message': 'Too Many Requests', 'type': 'too_many_requests', 'param': None, 'code': 'too_many_requests'}}
Failed for Cascada - Runaway: Error code: 429 - {'error': {'message': 'Too Many Requests', 'type': 'too_many_requests', 'param': None, 'code': 'too_many_requests'}}
Failed for Thirteen Senses - Angels And Spies: Error code: 429 - {'error': {'message': 'Too Many Requests', 'type': 'too_many_requests', 'param': None, 'code': 'too_many_requests'}}
Failed for The Rolling Stones - I Can'T Get No Satisfaction: Error code: 429 - {'error': {'message': 'Too Many Requests', 'type': 'too_many_requests', 'param': None, 'code': 'too_many_requests'}}
Failed for Mors Principium Est - Eternity'S Child: Error code: 429 - {'error': {'message': 'Too Many Requests', 'type': 'too_many_requests', 'param': None, 'code': 'too_many_requests'}}
Failed for Mors Principium Est - It Is Done: Error code: 429 - {'error': {'message': 'Too Many Requests', 'type': 'too_many_requests', 'param': None, 'code': 'too_many_requests'}}
Failed for Bowery Electric - Long Way Down: Error code: 429 - {'error': {'message': 'Too Many Requests', 'type': 'too_many_requests', 'param': None, 'code': 'too_many_requests'}}
Failed for Rjd2 - Holy Toledo: Error code: 429 - {'error': {'message': 'Too Many Requests', 'type': 'too_many_requests', 'param': None, 'code': 'too_many_requests'}}
Failed for Rjd2 - Silver Fox: Error code: 429 - {'error': {'message': 'Too Many Requests', 'type': 'too_many_requests', 'param': None, 'code': 'too_many_requests'}}
Failed for Vhs Or Beta - Alive: Error code: 429 - {'error': {'message': 'Too Many Requests', 'type': 'too_many_requests', 'param': None, 'code': 'too_many_requests'}}
Failed for Rjd2 - F.H.H. (Feat. Jakki): Error code: 429 - {'error': {'message': 'Too Many Requests', 'type': 'too_many_requests', 'param': None, 'code': 'too_many_requests'}}
Failed for Black Label Society - Rust: Error code: 429 - {'error': {'message': 'Too Many Requests', 'type': 'too_many_requests', 'param': None, 'code': 'too_many_requests'}}
Failed for Rjd2 - Beyond: Error code: 429 - {'error': {'message': 'Too Many Requests', 'type': 'too_many_requests', 'param': None, 'code': 'too_many_requests'}}
1100/2988 done
Failed for This Bike Is A Pipe Bomb - Johnny: Error code: 429 - {'error': {'message': 'Too Many Requests', 'type': 'too_many_requests', 'param': None, 'code': 'too_many_requests'}}
Failed for Matt Pokora - Forbidden Drive: Error code: 429 - {'error': {'message': 'Too Many Requests', 'type': 'too_many_requests', 'param': None, 'code': 'too_many_requests'}}
Failed for Thirteen Senses - Saving: Error code: 429 - {'error': {'message': 'Too Many Requests', 'type': 'too_many_requests', 'param': None, 'code': 'too_many_requests'}}
Failed for Staind - Devil: Error code: 429 - {'error': {'message': 'Too Many Requests', 'type': 'too_many_requests', 'param': None, 'code': 'too_many_requests'}}
Failed for Mortal Love - Falling For You: Error code: 429 - {'error': {'message': 'Too Many Requests', 'type': 'too_many_requests', 'param': None, 'code': 'too_many_requests'}}
Failed for P!Nk - You Make Me Sick: Error code: 429 - {'error': {'message': 'Too Many Requests', 'type': 'too_many_requests', 'param': None, 'code': 'too_many_requests'}}
Failed for Tori Amos - Witness: Error code: 429 - {'error': {'message': 'Too Many Requests', 'type': 'too_many_requests', 'param': None, 'code': 'too_many_requests'}}
Failed for Dead Can Dance - The Ubiquitous Mr. Lovegrove: Error code: 429 - {'error': {'message': 'Too Many Requests', 'type': 'too_many_requests', 'param': None, 'code': 'too_many_requests'}}
Failed for Dead Can Dance - Towards The Within: Error code: 429 - {'error': {'message': 'Too Many Requests', 'type': 'too_many_requests', 'param': None, 'code': 'too_many_requests'}}
Failed for Dead Can Dance - The Fatal Impact: Error code: 429 - {'error': {'message': 'Too Many Requests', 'type': 'too_many_requests', 'param': None, 'code': 'too_many_requests'}}
Failed for Magazine - The Great Beautician In The Sky: Error code: 429 - {'error': {'message': 'Too Many Requests', 'type': 'too_many_requests', 'param': None, 'code': 'too_many_requests'}}
Failed for Basement Jaxx - Cish Cash (Feat. Siouxsie Sioux): Error code: 429 - {'error': {'message': 'Too Many Requests', 'type': 'too_many_requests', 'param': None, 'code': 'too_many_requests'}}
Failed for Eurythmics - Don'T Ask Me Why: Error code: 429 - {'error': {'message': 'Too Many Requests', 'type': 'too_many_requests', 'param': None, 'code': 'too_many_requests'}}
Failed for The Black Eyed Peas - Anxiety: Error code: 429 - {'error': {'message': 'Too Many Requests', 'type': 'too_many_requests', 'param': None, 'code': 'too_many_requests'}}
Failed for Simon & Garfunkel - Sound Of Silence: Error code: 429 - {'error': {'message': 'Too Many Requests', 'type': 'too_many_requests', 'param': None, 'code': 'too_many_requests'}}
Failed for Tegan And Sara - Want To Be Bad: Error code: 429 - {'error': {'message': 'Too Many Requests', 'type': 'too_many_requests', 'param': None, 'code': 'too_many_requests'}}
Failed for Eurythmics - 17 Again: Error code: 429 - {'error': {'message': 'Too Many Requests', 'type': 'too_many_requests', 'param': None, 'code': 'too_many_requests'}}
Failed for P.O.D. - Satellite: Error code: 429 - {'error': {'message': 'Too Many Requests', 'type': 'too_many_requests', 'param': None, 'code': 'too_many_requests'}}
Failed for Basement Jaxx - Hot 'N Cold: Error code: 429 - {'error': {'message': 'Too Many Requests', 'type': 'too_many_requests', 'param': None, 'code': 'too_many_requests'}}
Failed for The Black Eyed Peas - Ba Bump: Error code: 429 - {'error': {'message': 'Too Many Requests', 'type': 'too_many_requests', 'param': None, 'code': 'too_many_requests'}}
Failed for Riverside - Loose Heart (Live): Error code: 429 - {'error': {'message': 'Too Many Requests', 'type': 'too_many_requests', 'param': None, 'code': 'too_many_requests'}}
Failed for Moshic - It Could Be Your Time: Error code: 429 - {'error': {'message': 'Too Many Requests', 'type': 'too_many_requests', 'param': None, 'code': 'too_many_requests'}}
Failed for Mos Def - Mathematics: Error code: 429 - {'error': {'message': 'Too Many Requests', 'type': 'too_many_requests', 'param': None, 'code': 'too_many_requests'}}
Failed for Moshic - Madadayo: Error code: 429 - {'error': {'message': 'Too Many Requests', 'type': 'too_many_requests', 'param': None, 'code': 'too_many_requests'}}
Failed for Mos Def - Umi Says: Error code: 429 - {'error': {'message': 'Too Many Requests', 'type': 'too_many_requests', 'param': None, 'code': 'too_many_requests'}}
Failed for Moshic - Primavera: Error code: 429 - {'error': {'message': 'Too Many Requests', 'type': 'too_many_requests', 'param': None, 'code': 'too_many_requests'}}
Failed for Moshic - Life On The Edge: Error code: 429 - {'error': {'message': 'Too Many Requests', 'type': 'too_many_requests', 'param': None, 'code': 'too_many_requests'}}
Failed for Elmore James - Dust My Broom: Error code: 429 - {'error': {'message': 'Too Many Requests', 'type': 'too_many_requests', 'param': None, 'code': 'too_many_requests'}}
Failed for Moshic - Come Home With Me: Error code: 429 - {'error': {'message': 'Too Many Requests', 'type': 'too_many_requests', 'param': None, 'code': 'too_many_requests'}}
Failed for Motel - Olvídame: Error code: 429 - {'error': {'message': 'Too Many Requests', 'type': 'too_many_requests', 'param': None, 'code': 'too_many_requests'}}
Failed for Matt Costa - Songs We Sing: Error code: 429 - {'error': {'message': 'Too Many Requests', 'type': 'too_many_requests', 'param': None, 'code': 'too_many_requests'}}
Failed for Stam1Na - Väkivaltakunta: Error code: 429 - {'error': {'message': 'Too Many Requests', 'type': 'too_many_requests', 'param': None, 'code': 'too_many_requests'}}
Failed for Basement Jaxx - Jus 1 Kiss: Error code: 429 - {'error': {'message': 'Too Many Requests', 'type': 'too_many_requests', 'param': None, 'code': 'too_many_requests'}}
Failed for Eurythmics - There Must Be An Angel: Error code: 429 - {'error': {'message': 'Too Many Requests', 'type': 'too_many_requests', 'param': None, 'code': 'too_many_requests'}}
Failed for The Black Heart Procession - It'S A Crime I Never Told You About The Diamonds In Your Eyes: Error code: 429 - {'error': {'message': 'Too Many Requests', 'type': 'too_many_requests', 'param': None, 'code': 'too_many_requests'}}
Failed for Tom Baxter - Icarus Wings: Error code: 429 - {'error': {'message': 'Too Many Requests', 'type': 'too_many_requests', 'param': None, 'code': 'too_many_requests'}}
Failed for Tom Baxter - Light Me Up: Error code: 429 - {'error': {'message': 'Too Many Requests', 'type': 'too_many_requests', 'param': None, 'code': 'too_many_requests'}}
Failed for Lupe Fiasco - The Instrumental (Feat. Jonah Matranga): Error code: 429 - {'error': {'message': 'Too Many Requests', 'type': 'too_many_requests', 'param': None, 'code': 'too_many_requests'}}
Failed for D.R.I. - Labeled Uncurable: Error code: 429 - {'error': {'message': 'Too Many Requests', 'type': 'too_many_requests', 'param': None, 'code': 'too_many_requests'}}
Failed for The Black Eyed Peas - Union (Feat. Sting): Error code: 429 - {'error': {'message': 'Too Many Requests', 'type': 'too_many_requests', 'param': None, 'code': 'too_many_requests'}}
Failed for Lupe Fiasco - Real (Feat. Sarah Green): Error code: 429 - {'error': {'message': 'Too Many Requests', 'type': 'too_many_requests', 'param': None, 'code': 'too_many_requests'}}
Failed for Dead Kennedys - Buzzbomb: Error code: 429 - {'error': {'message': 'Too Many Requests', 'type': 'too_many_requests', 'param': None, 'code': 'too_many_requests'}}
Failed for Motion City Soundtrack - Time Turned Fragile: Error code: 429 - {'error': {'message': 'Too Many Requests', 'type': 'too_many_requests', 'param': None, 'code': 'too_many_requests'}}
Failed for Cass Elliot - Dream A Little Dream Of Me: Error code: 429 - {'error': {'message': 'Too Many Requests', 'type': 'too_many_requests', 'param': None, 'code': 'too_many_requests'}}
Failed for Bottla - My Tiny Bride: Error code: 429 - {'error': {'message': 'Too Many Requests', 'type': 'too_many_requests', 'param': None, 'code': 'too_many_requests'}}
Failed for Keren Ann - Reste Là: Error code: 429 - {'error': {'message': 'Too Many Requests', 'type': 'too_many_requests', 'param': None, 'code': 'too_many_requests'}}
Failed for Bottla - The Road You'Re On: Error code: 429 - {'error': {'message': 'Too Many Requests', 'type': 'too_many_requests', 'param': None, 'code': 'too_many_requests'}}
Failed for Matt Costa - Behind The Moon: Error code: 429 - {'error': {'message': 'Too Many Requests', 'type': 'too_many_requests', 'param': None, 'code': 'too_many_requests'}}
Failed for Matt & Kim - Frank: Error code: 429 - {'error': {'message': 'Too Many Requests', 'type': 'too_many_requests', 'param': None, 'code': 'too_many_requests'}}
Failed for Casual Elvis - The Dateline Shuffle: Error code: 429 - {'error': {'message': 'Too Many Requests', 'type': 'too_many_requests', 'param': None, 'code': 'too_many_requests'}}
Failed for Kent - Våga Vara Rädd: Error code: 429 - {'error': {'message': 'Too Many Requests', 'type': 'too_many_requests', 'param': None, 'code': 'too_many_requests'}}
Failed for The Juliana Hatfield Three - Addicted: Error code: 429 - {'error': {'message': 'Too Many Requests', 'type': 'too_many_requests', 'param': None, 'code': 'too_many_requests'}}
Failed for Rise Against - Tip The Scales: Error code: 429 - {'error': {'message': 'Too Many Requests', 'type': 'too_many_requests', 'param': None, 'code': 'too_many_requests'}}
Failed for Kent - Generation Ex: Error code: 429 - {'error': {'message': 'Too Many Requests', 'type': 'too_many_requests', 'param': None, 'code': 'too_many_requests'}}
Failed for Elsiane - Across The Stream: Error code: 429 - {'error': {'message': 'Too Many Requests', 'type': 'too_many_requests', 'param': None, 'code': 'too_many_requests'}}
Failed for Fennesz - Shisheido: Error code: 429 - {'error': {'message': 'Too Many Requests', 'type': 'too_many_requests', 'param': None, 'code': 'too_many_requests'}}
Failed for Matt & Kim - Ready? Ok.: Error code: 429 - {'error': {'message': 'Too Many Requests', 'type': 'too_many_requests', 'param': None, 'code': 'too_many_requests'}}
Failed for Atmosphere - Onemosphere: Error code: 429 - {'error': {'message': 'Too Many Requests', 'type': 'too_many_requests', 'param': None, 'code': 'too_many_requests'}}
Failed for Ac/Dc - Caught With Your Pants Down: Error code: 429 - {'error': {'message': 'Too Many Requests', 'type': 'too_many_requests', 'param': None, 'code': 'too_many_requests'}}
Failed for Ac/Dc - Gimme A Bullet: Error code: 429 - {'error': {'message': 'Too Many Requests', 'type': 'too_many_requests', 'param': None, 'code': 'too_many_requests'}}
Failed for Ozzy Osbourne - So Tired: Error code: 429 - {'error': {'message': 'Too Many Requests', 'type': 'too_many_requests', 'param': None, 'code': 'too_many_requests'}}
Failed for Hole - I Think That I Would Die: Error code: 429 - {'error': {'message': 'Too Many Requests', 'type': 'too_many_requests', 'param': None, 'code': 'too_many_requests'}}
Failed for Hole - Credit In The Straight World: Error code: 429 - {'error': {'message': 'Too Many Requests', 'type': 'too_many_requests', 'param': None, 'code': 'too_many_requests'}}
Failed for Ozzy Osbourne - See You On The Other Side: Error code: 429 - {'error': {'message': 'Too Many Requests', 'type': 'too_many_requests', 'param': None, 'code': 'too_many_requests'}}
Failed for Blue October - A Quiet Mind: Error code: 429 - {'error': {'message': 'Too Many Requests', 'type': 'too_many_requests', 'param': None, 'code': 'too_many_requests'}}
Failed for Dead Meadow - Let It All Pass: Error code: 429 - {'error': {'message': 'Too Many Requests', 'type': 'too_many_requests', 'param': None, 'code': 'too_many_requests'}}
Failed for Hole - Playing Your Song: Error code: 429 - {'error': {'message': 'Too Many Requests', 'type': 'too_many_requests', 'param': None, 'code': 'too_many_requests'}}
Failed for The Black Heart Procession - Places: Error code: 429 - {'error': {'message': 'Too Many Requests', 'type': 'too_many_requests', 'param': None, 'code': 'too_many_requests'}}
Failed for Ozzy Osbourne - Time After Time: Error code: 429 - {'error': {'message': 'Too Many Requests', 'type': 'too_many_requests', 'param': None, 'code': 'too_many_requests'}}
Failed for Cat Power - Water & Air: Error code: 429 - {'error': {'message': 'Too Many Requests', 'type': 'too_many_requests', 'param': None, 'code': 'too_many_requests'}}
Failed for Ani Difranco - Fuel: Error code: 429 - {'error': {'message': 'Too Many Requests', 'type': 'too_many_requests', 'param': None, 'code': 'too_many_requests'}}
Failed for Motörhead - Living In The Past: Error code: 429 - {'error': {'message': 'Too Many Requests', 'type': 'too_many_requests', 'param': None, 'code': 'too_many_requests'}}
Failed for Matmos - Roses And Teeth For Ludwig Wittgenstein: Error code: 429 - {'error': {'message': 'Too Many Requests', 'type': 'too_many_requests', 'param': None, 'code': 'too_many_requests'}}
Failed for Ac/Dc - Cold Hearted Man: Error code: 429 - {'error': {'message': 'Too Many Requests', 'type': 'too_many_requests', 'param': None, 'code': 'too_many_requests'}}
Failed for Motörhead - In The Year Of The Wolf: Error code: 429 - {'error': {'message': 'Too Many Requests', 'type': 'too_many_requests', 'param': None, 'code': 'too_many_requests'}}
Failed for Motörhead - One Night Stand: Error code: 429 - {'error': {'message': 'Too Many Requests', 'type': 'too_many_requests', 'param': None, 'code': 'too_many_requests'}}
Failed for Motörhead - I Am The Sword: Error code: 429 - {'error': {'message': 'Too Many Requests', 'type': 'too_many_requests', 'param': None, 'code': 'too_many_requests'}}
Failed for The John Butler Trio - What You Want: Error code: 429 - {'error': {'message': 'Too Many Requests', 'type': 'too_many_requests', 'param': None, 'code': 'too_many_requests'}}
Failed for Ani Difranco - Buildings And Bridges: Error code: 429 - {'error': {'message': 'Too Many Requests', 'type': 'too_many_requests', 'param': None, 'code': 'too_many_requests'}}
Failed for Cat Stevens - Here Comes My Baby: Error code: 429 - {'error': {'message': 'Too Many Requests', 'type': 'too_many_requests', 'param': None, 'code': 'too_many_requests'}}
Failed for Ac/Dc - Overdose: Error code: 429 - {'error': {'message': 'Too Many Requests', 'type': 'too_many_requests', 'param': None, 'code': 'too_many_requests'}}
Failed for Catamenia - Iced Over: Error code: 429 - {'error': {'message': 'Too Many Requests', 'type': 'too_many_requests', 'param': None, 'code': 'too_many_requests'}}
Failed for This Mortal Coil - Mr. Somewhere: Error code: 429 - {'error': {'message': 'Too Many Requests', 'type': 'too_many_requests', 'param': None, 'code': 'too_many_requests'}}
Failed for Atmosphere - Jason: Error code: 429 - {'error': {'message': 'Too Many Requests', 'type': 'too_many_requests', 'param': None, 'code': 'too_many_requests'}}
Failed for Atmosphere - The Woman With The Tattooed Hands: Error code: 429 - {'error': {'message': 'Too Many Requests', 'type': 'too_many_requests', 'param': None, 'code': 'too_many_requests'}}
Failed for This Mortal Coil - Loose Joints: Error code: 429 - {'error': {'message': 'Too Many Requests', 'type': 'too_many_requests', 'param': None, 'code': 'too_many_requests'}}
Failed for Atmosphere - The Waitress: Error code: 429 - {'error': {'message': 'Too Many Requests', 'type': 'too_many_requests', 'param': None, 'code': 'too_many_requests'}}
Failed for Motörhead - The Hammer: Error code: 429 - {'error': {'message': 'Too Many Requests', 'type': 'too_many_requests', 'param': None, 'code': 'too_many_requests'}}
Failed for Beulah - The Aristocratic Swells: Error code: 429 - {'error': {'message': 'Too Many Requests', 'type': 'too_many_requests', 'param': None, 'code': 'too_many_requests'}}
Failed for Motörhead - Stone Dead Forever: Error code: 429 - {'error': {'message': 'Too Many Requests', 'type': 'too_many_requests', 'param': None, 'code': 'too_many_requests'}}
Failed for The Jimi Hendrix Experience - You Got Me Floatin': Error code: 429 - {'error': {'message': 'Too Many Requests', 'type': 'too_many_requests', 'param': None, 'code': 'too_many_requests'}}
Failed for Beyoncé - Broken-Hearted Girl: Error code: 429 - {'error': {'message': 'Too Many Requests', 'type': 'too_many_requests', 'param': None, 'code': 'too_many_requests'}}
Failed for Stars - Tru: Error code: 429 - {'error': {'message': 'Too Many Requests', 'type': 'too_many_requests', 'param': None, 'code': 'too_many_requests'}}
Failed for The Jimi Hendrix Experience - Foxey Lady: Error code: 429 - {'error': {'message': 'Too Many Requests', 'type': 'too_many_requests', 'param': None, 'code': 'too_many_requests'}}
Failed for Genesis - Home By The Sea: Error code: 429 - {'error': {'message': 'Too Many Requests', 'type': 'too_many_requests', 'param': None, 'code': 'too_many_requests'}}
Failed for Black Label Society - What'S In You: Error code: 429 - {'error': {'message': 'Too Many Requests', 'type': 'too_many_requests', 'param': None, 'code': 'too_many_requests'}}
Failed for Beulah - Landslide Baby: Error code: 429 - {'error': {'message': 'Too Many Requests', 'type': 'too_many_requests', 'param': None, 'code': 'too_many_requests'}}
Failed for The Jesus Lizard - Gladiator: Error code: 429 - {'error': {'message': 'Too Many Requests', 'type': 'too_many_requests', 'param': None, 'code': 'too_many_requests'}}
Failed for Genesis - In The Cage: Error code: 429 - {'error': {'message': 'Too Many Requests', 'type': 'too_many_requests', 'param': None, 'code': 'too_many_requests'}}
1200/2988 done
Failed for Stars - Tonight: Error code: 429 - {'error': {'message': 'Too Many Requests', 'type': 'too_many_requests', 'param': None, 'code': 'too_many_requests'}}
Failed for Lupe Fiasco - Gold Watch: Error code: 429 - {'error': {'message': 'Too Many Requests', 'type': 'too_many_requests', 'param': None, 'code': 'too_many_requests'}}
Failed for Ozzy Osbourne - Not Going Away: Error code: 429 - {'error': {'message': 'Too Many Requests', 'type': 'too_many_requests', 'param': None, 'code': 'too_many_requests'}}
Failed for Pinback - Offline P.K.: Error code: 429 - {'error': {'message': 'Too Many Requests', 'type': 'too_many_requests', 'param': None, 'code': 'too_many_requests'}}
Failed for Pinback - Shag: Error code: 429 - {'error': {'message': 'Too Many Requests', 'type': 'too_many_requests', 'param': None, 'code': 'too_many_requests'}}
Failed for The Jesus And Mary Chain - Tumbledown: Error code: 429 - {'error': {'message': 'Too Many Requests', 'type': 'too_many_requests', 'param': None, 'code': 'too_many_requests'}}
Failed for Teenager - Liquid Cement: Error code: 429 - {'error': {'message': 'Too Many Requests', 'type': 'too_many_requests', 'param': None, 'code': 'too_many_requests'}}
Failed for Woven Hand - Slota Prow-Full Armour: Error code: 429 - {'error': {'message': 'Too Many Requests', 'type': 'too_many_requests', 'param': None, 'code': 'too_many_requests'}}
Failed for The Black Keys - If You See Me: Error code: 429 - {'error': {'message': 'Too Many Requests', 'type': 'too_many_requests', 'param': None, 'code': 'too_many_requests'}}
Failed for [Unknown] - Spor 1: Error code: 429 - {'error': {'message': 'Too Many Requests', 'type': 'too_many_requests', 'param': None, 'code': 'too_many_requests'}}
Failed for Rihanna - Hate That I Love You: Error code: 429 - {'error': {'message': 'Too Many Requests', 'type': 'too_many_requests', 'param': None, 'code': 'too_many_requests'}}
Failed for Starsailor - This Time: Error code: 429 - {'error': {'message': 'Too Many Requests', 'type': 'too_many_requests', 'param': None, 'code': 'too_many_requests'}}
Failed for Tujiko Noriko - Tokyo: Error code: 429 - {'error': {'message': 'Too Many Requests', 'type': 'too_many_requests', 'param': None, 'code': 'too_many_requests'}}
Failed for Slick Idiot - Ain'T Talkin' 'Bout Love: Error code: 429 - {'error': {'message': 'Too Many Requests', 'type': 'too_many_requests', 'param': None, 'code': 'too_many_requests'}}
Failed for Aoki Takamasa + Tujiko Noriko - When The Night Comes: Error code: 429 - {'error': {'message': 'Too Many Requests', 'type': 'too_many_requests', 'param': None, 'code': 'too_many_requests'}}
Failed for Kelly Clarkson - Haunted: Error code: 429 - {'error': {'message': 'Too Many Requests', 'type': 'too_many_requests', 'param': None, 'code': 'too_many_requests'}}
Failed for Mouse On Mars - Diskdusk: Error code: 429 - {'error': {'message': 'Too Many Requests', 'type': 'too_many_requests', 'param': None, 'code': 'too_many_requests'}}
Failed for Gentle Giant - Dog'S Life: Error code: 429 - {'error': {'message': 'Too Many Requests', 'type': 'too_many_requests', 'param': None, 'code': 'too_many_requests'}}
Failed for Ac/Dc - Squealer: Error code: 429 - {'error': {'message': 'Too Many Requests', 'type': 'too_many_requests', 'param': None, 'code': 'too_many_requests'}}
Failed for The Jesus And Mary Chain - Mushroom: Error code: 429 - {'error': {'message': 'Too Many Requests', 'type': 'too_many_requests', 'param': None, 'code': 'too_many_requests'}}
Failed for Kelly Clarkson - Long Shot: Error code: 429 - {'error': {'message': 'Too Many Requests', 'type': 'too_many_requests', 'param': None, 'code': 'too_many_requests'}}
Failed for Ac/Dc - Spellbound: Error code: 429 - {'error': {'message': 'Too Many Requests', 'type': 'too_many_requests', 'param': None, 'code': 'too_many_requests'}}
Failed for Seabound - Traitor (Extended): Error code: 429 - {'error': {'message': 'Too Many Requests', 'type': 'too_many_requests', 'param': None, 'code': 'too_many_requests'}}
Failed for Ride - Time Of Her Time: Error code: 429 - {'error': {'message': 'Too Many Requests', 'type': 'too_many_requests', 'param': None, 'code': 'too_many_requests'}}
Failed for Matchbox Twenty - Stop: Error code: 429 - {'error': {'message': 'Too Many Requests', 'type': 'too_many_requests', 'param': None, 'code': 'too_many_requests'}}
Failed for Tokyo Police Club - Box: Error code: 429 - {'error': {'message': 'Too Many Requests', 'type': 'too_many_requests', 'param': None, 'code': 'too_many_requests'}}
Failed for Tokyo Police Club - Cut Cut Paste: Error code: 429 - {'error': {'message': 'Too Many Requests', 'type': 'too_many_requests', 'param': None, 'code': 'too_many_requests'}}
Failed for Wu-Tang Clan - Deadly Melody: Error code: 429 - {'error': {'message': 'Too Many Requests', 'type': 'too_many_requests', 'param': None, 'code': 'too_many_requests'}}
Failed for The Jesus And Mary Chain - Psychocandy: Error code: 429 - {'error': {'message': 'Too Many Requests', 'type': 'too_many_requests', 'param': None, 'code': 'too_many_requests'}}
Failed for Wu-Tang Clan - A Better Tomorrow: Error code: 429 - {'error': {'message': 'Too Many Requests', 'type': 'too_many_requests', 'param': None, 'code': 'too_many_requests'}}
Failed for Ozric Tentacles - O-I: Error code: 429 - {'error': {'message': 'Too Many Requests', 'type': 'too_many_requests', 'param': None, 'code': 'too_many_requests'}}
Failed for Ozzy Osbourne - 21St Century Schizoid Man: Error code: 429 - {'error': {'message': 'Too Many Requests', 'type': 'too_many_requests', 'param': None, 'code': 'too_many_requests'}}
Failed for Unkle - Twilight (Feat. 3D): Error code: 429 - {'error': {'message': 'Too Many Requests', 'type': 'too_many_requests', 'param': None, 'code': 'too_many_requests'}}
Failed for Ivy - I Think Of You: Error code: 429 - {'error': {'message': 'Too Many Requests', 'type': 'too_many_requests', 'param': None, 'code': 'too_many_requests'}}
Failed for Shiny Toy Guns - Love Or Something Like It: Error code: 429 - {'error': {'message': 'Too Many Requests', 'type': 'too_many_requests', 'param': None, 'code': 'too_many_requests'}}
Failed for Simple Minds - Belfast Child: Error code: 429 - {'error': {'message': 'Too Many Requests', 'type': 'too_many_requests', 'param': None, 'code': 'too_many_requests'}}
Failed for Dead Poetic - Taste The Red Hands: Error code: 429 - {'error': {'message': 'Too Many Requests', 'type': 'too_many_requests', 'param': None, 'code': 'too_many_requests'}}
Failed for Eluveitie - Giamonios: Error code: 429 - {'error': {'message': 'Too Many Requests', 'type': 'too_many_requests', 'param': None, 'code': 'too_many_requests'}}
Failed for The Jesus And Mary Chain - Don'T Ever Change: Error code: 429 - {'error': {'message': 'Too Many Requests', 'type': 'too_many_requests', 'param': None, 'code': 'too_many_requests'}}
Failed for The Jayhawks - Stumbling Through The Dark: Error code: 429 - {'error': {'message': 'Too Many Requests', 'type': 'too_many_requests', 'param': None, 'code': 'too_many_requests'}}
Failed for Matchbox Twenty - These Hard Times: Error code: 429 - {'error': {'message': 'Too Many Requests', 'type': 'too_many_requests', 'param': None, 'code': 'too_many_requests'}}
Failed for Keith Urban - You'Ll Think Of Me: Error code: 429 - {'error': {'message': 'Too Many Requests', 'type': 'too_many_requests', 'param': None, 'code': 'too_many_requests'}}
Failed for Mr. Bungle - My Ass Is On Fire: Error code: 429 - {'error': {'message': 'Too Many Requests', 'type': 'too_many_requests', 'param': None, 'code': 'too_many_requests'}}
Failed for Mr. Bungle - Golem Ii: The Bionic Vapour Boy: Error code: 429 - {'error': {'message': 'Too Many Requests', 'type': 'too_many_requests', 'param': None, 'code': 'too_many_requests'}}
Failed for Richard O'Brien - The Time Warp: Error code: 429 - {'error': {'message': 'Too Many Requests', 'type': 'too_many_requests', 'param': None, 'code': 'too_many_requests'}}
Failed for George Gershwin - Rhapsody In Blue: Error code: 429 - {'error': {'message': 'Too Many Requests', 'type': 'too_many_requests', 'param': None, 'code': 'too_many_requests'}}
Failed for Cavalera Conspiracy - Terrorize: Error code: 429 - {'error': {'message': 'Too Many Requests', 'type': 'too_many_requests', 'param': None, 'code': 'too_many_requests'}}
Failed for Cavalera Conspiracy - Inflikted: Error code: 429 - {'error': {'message': 'Too Many Requests', 'type': 'too_many_requests', 'param': None, 'code': 'too_many_requests'}}
Failed for Mr. Bungle - Everyone I Went To High School With Is Dead: Error code: 429 - {'error': {'message': 'Too Many Requests', 'type': 'too_many_requests', 'param': None, 'code': 'too_many_requests'}}
Failed for Uko - Sunbeams: Error code: 429 - {'error': {'message': 'Too Many Requests', 'type': 'too_many_requests', 'param': None, 'code': 'too_many_requests'}}
Failed for Matchbox Twenty - Kody: Error code: 429 - {'error': {'message': 'Too Many Requests', 'type': 'too_many_requests', 'param': None, 'code': 'too_many_requests'}}
Failed for The Jam - I'Ve Changed My Address: Error code: 429 - {'error': {'message': 'Too Many Requests', 'type': 'too_many_requests', 'param': None, 'code': 'too_many_requests'}}
Failed for Richard Hell & The Voidoids - The Plan: Error code: 429 - {'error': {'message': 'Too Many Requests', 'type': 'too_many_requests', 'param': None, 'code': 'too_many_requests'}}
Failed for Richard Hell & The Voidoids - Walking On The Water: Error code: 429 - {'error': {'message': 'Too Many Requests', 'type': 'too_many_requests', 'param': None, 'code': 'too_many_requests'}}
Failed for George Harrison - Art Of Dying: Error code: 429 - {'error': {'message': 'Too Many Requests', 'type': 'too_many_requests', 'param': None, 'code': 'too_many_requests'}}
Failed for George Harrison - I'D Have You Anytime: Error code: 429 - {'error': {'message': 'Too Many Requests', 'type': 'too_many_requests', 'param': None, 'code': 'too_many_requests'}}
Failed for Aqueduct - Hardcore Days & Softcore Nights: Error code: 429 - {'error': {'message': 'Too Many Requests', 'type': 'too_many_requests', 'param': None, 'code': 'too_many_requests'}}
Failed for Over It - Think Against The Grain: Error code: 429 - {'error': {'message': 'Too Many Requests', 'type': 'too_many_requests', 'param': None, 'code': 'too_many_requests'}}
Failed for Simple Minds - Life In A Day: Error code: 429 - {'error': {'message': 'Too Many Requests', 'type': 'too_many_requests', 'param': None, 'code': 'too_many_requests'}}
Failed for Pink Floyd - 09 - Eclipse: Error code: 429 - {'error': {'message': 'Too Many Requests', 'type': 'too_many_requests', 'param': None, 'code': 'too_many_requests'}}
Failed for Teenage Bad Girls - Cocotte: Error code: 429 - {'error': {'message': 'Too Many Requests', 'type': 'too_many_requests', 'param': None, 'code': 'too_many_requests'}}
Failed for Teenage Fanclub - Going Places: Error code: 429 - {'error': {'message': 'Too Many Requests', 'type': 'too_many_requests', 'param': None, 'code': 'too_many_requests'}}
Failed for Epica - Quietus: Error code: 429 - {'error': {'message': 'Too Many Requests', 'type': 'too_many_requests', 'param': None, 'code': 'too_many_requests'}}
Failed for Simple Minds - The American: Error code: 429 - {'error': {'message': 'Too Many Requests', 'type': 'too_many_requests', 'param': None, 'code': 'too_many_requests'}}
Failed for Epica - Beyond Belief: Error code: 429 - {'error': {'message': 'Too Many Requests', 'type': 'too_many_requests', 'param': None, 'code': 'too_many_requests'}}
Failed for Simple Minds - New Gold Dream: Error code: 429 - {'error': {'message': 'Too Many Requests', 'type': 'too_many_requests', 'param': None, 'code': 'too_many_requests'}}
Failed for Hocico - Child'S Eternity: Error code: 429 - {'error': {'message': 'Too Many Requests', 'type': 'too_many_requests', 'param': None, 'code': 'too_many_requests'}}
Failed for Hocico - Instincts Of Perversion: Error code: 429 - {'error': {'message': 'Too Many Requests', 'type': 'too_many_requests', 'param': None, 'code': 'too_many_requests'}}
Failed for Hocico - Born To Be (Hated) (Original Odium): Error code: 429 - {'error': {'message': 'Too Many Requests', 'type': 'too_many_requests', 'param': None, 'code': 'too_many_requests'}}
Failed for Cœur De Pirate - Berceuse: Error code: 429 - {'error': {'message': 'Too Many Requests', 'type': 'too_many_requests', 'param': None, 'code': 'too_many_requests'}}
Failed for Angus And Julia Stone - Silver Coin: Error code: 429 - {'error': {'message': 'Too Many Requests', 'type': 'too_many_requests', 'param': None, 'code': 'too_many_requests'}}
Failed for Kc And The Sunshine Band - That'S The Way (I Like It): Error code: 429 - {'error': {'message': 'Too Many Requests', 'type': 'too_many_requests', 'param': None, 'code': 'too_many_requests'}}
Failed for The Jam - Carnation: Error code: 429 - {'error': {'message': 'Too Many Requests', 'type': 'too_many_requests', 'param': None, 'code': 'too_many_requests'}}
Failed for Keane - Emily: Error code: 429 - {'error': {'message': 'Too Many Requests', 'type': 'too_many_requests', 'param': None, 'code': 'too_many_requests'}}
Failed for Kazik Na Żywo - Łysy Jedzie Do Moskwy: Error code: 429 - {'error': {'message': 'Too Many Requests', 'type': 'too_many_requests', 'param': None, 'code': 'too_many_requests'}}
Failed for Mr. Oizo - Nazis (Justice Remix): Error code: 429 - {'error': {'message': 'Too Many Requests', 'type': 'too_many_requests', 'param': None, 'code': 'too_many_requests'}}
Failed for George Michael - Spinning The Wheel: Error code: 429 - {'error': {'message': 'Too Many Requests', 'type': 'too_many_requests', 'param': None, 'code': 'too_many_requests'}}
Failed for George Michael - Roxanne: Error code: 429 - {'error': {'message': 'Too Many Requests', 'type': 'too_many_requests', 'param': None, 'code': 'too_many_requests'}}
Failed for The Rolling Stones - Ventilator Blues: Error code: 429 - {'error': {'message': 'Too Many Requests', 'type': 'too_many_requests', 'param': None, 'code': 'too_many_requests'}}
Failed for George Michael - Star People 97: Error code: 429 - {'error': {'message': 'Too Many Requests', 'type': 'too_many_requests', 'param': None, 'code': 'too_many_requests'}}
Failed for The Jahlights - Right Road To Dubland: Error code: 429 - {'error': {'message': 'Too Many Requests', 'type': 'too_many_requests', 'param': None, 'code': 'too_many_requests'}}
Failed for Mastodon - Trilobite: Error code: 429 - {'error': {'message': 'Too Many Requests', 'type': 'too_many_requests', 'param': None, 'code': 'too_many_requests'}}
Failed for George Michael & Queen & Lisa Stansfield - Somebody To Love: Error code: 429 - {'error': {'message': 'Too Many Requests', 'type': 'too_many_requests', 'param': None, 'code': 'too_many_requests'}}
Failed for Eluveitie - Tarvos: Error code: 429 - {'error': {'message': 'Too Many Requests', 'type': 'too_many_requests', 'param': None, 'code': 'too_many_requests'}}
Failed for George Michael - You Have Been Loved: Error code: 429 - {'error': {'message': 'Too Many Requests', 'type': 'too_many_requests', 'param': None, 'code': 'too_many_requests'}}
Failed for Kazik - 12 Groszy: Error code: 429 - {'error': {'message': 'Too Many Requests', 'type': 'too_many_requests', 'param': None, 'code': 'too_many_requests'}}
Failed for 有坂美香 - Life Goes On Tv-Size Type2: Error code: 429 - {'error': {'message': 'Too Many Requests', 'type': 'too_many_requests', 'param': None, 'code': 'too_many_requests'}}
Failed for Richard Ashcroft - Simple Song: Error code: 429 - {'error': {'message': 'Too Many Requests', 'type': 'too_many_requests', 'param': None, 'code': 'too_many_requests'}}
Failed for The Bobby Fuller Four - I Fought The Law: Error code: 429 - {'error': {'message': 'Too Many Requests', 'type': 'too_many_requests', 'param': None, 'code': 'too_many_requests'}}
Failed for Richard Ashcroft - Slow Was My Heart: Error code: 429 - {'error': {'message': 'Too Many Requests', 'type': 'too_many_requests', 'param': None, 'code': 'too_many_requests'}}
Failed for Matchbox Twenty - Crutch (Live): Error code: 429 - {'error': {'message': 'Too Many Requests', 'type': 'too_many_requests', 'param': None, 'code': 'too_many_requests'}}
Failed for Czesław Śpiewa - Kradzież Cukierka: Error code: 429 - {'error': {'message': 'Too Many Requests', 'type': 'too_many_requests', 'param': None, 'code': 'too_many_requests'}}
Failed for Czesław Śpiewa - Pożycie Małżeńskie: Error code: 429 - {'error': {'message': 'Too Many Requests', 'type': 'too_many_requests', 'param': None, 'code': 'too_many_requests'}}
Failed for Blue States - Season Song: Error code: 429 - {'error': {'message': 'Too Many Requests', 'type': 'too_many_requests', 'param': None, 'code': 'too_many_requests'}}
Failed for Wu-Tang Clan - It'S Yourz: Error code: 429 - {'error': {'message': 'Too Many Requests', 'type': 'too_many_requests', 'param': None, 'code': 'too_many_requests'}}
Failed for Outkast - Wailin': Error code: 429 - {'error': {'message': 'Too Many Requests', 'type': 'too_many_requests', 'param': None, 'code': 'too_many_requests'}}
Failed for The Unicorns - Evacuate The Vacuous (Outtake): Error code: 429 - {'error': {'message': 'Too Many Requests', 'type': 'too_many_requests', 'param': None, 'code': 'too_many_requests'}}
Failed for The Innocence Mission - Where Does The Time Go?: Error code: 429 - {'error': {'message': 'Too Many Requests', 'type': 'too_many_requests', 'param': None, 'code': 'too_many_requests'}}
Failed for Whitney Houston - I'M Every Woman: Error code: 429 - {'error': {'message': 'Too Many Requests', 'type': 'too_many_requests', 'param': None, 'code': 'too_many_requests'}}
1300/2988 done
Failed for Teedra Moses - Backstroke: Error code: 429 - {'error': {'message': 'Too Many Requests', 'type': 'too_many_requests', 'param': None, 'code': 'too_many_requests'}}
Failed for Ricardo Marrero And Time - Feel Like Making Love (Ashley Beedle Barrio Disco Remix): Error code: 429 - {'error': {'message': 'Too Many Requests', 'type': 'too_many_requests', 'param': None, 'code': 'too_many_requests'}}
Failed for Ricardo Arjona - A Ti: Error code: 429 - {'error': {'message': 'Too Many Requests', 'type': 'too_many_requests', 'param': None, 'code': 'too_many_requests'}}
Failed for Ricardo Arjona - Iluso: Error code: 429 - {'error': {'message': 'Too Many Requests', 'type': 'too_many_requests', 'param': None, 'code': 'too_many_requests'}}
Failed for Mud - Tiger Feet: Error code: 429 - {'error': {'message': 'Too Many Requests', 'type': 'too_many_requests', 'param': None, 'code': 'too_many_requests'}}
Failed for Muchy - Brudny Śnieg: Error code: 429 - {'error': {'message': 'Too Many Requests', 'type': 'too_many_requests', 'param': None, 'code': 'too_many_requests'}}
Failed for The Hush Sound - Lions Roar: Error code: 429 - {'error': {'message': 'Too Many Requests', 'type': 'too_many_requests', 'param': None, 'code': 'too_many_requests'}}
Failed for Stephen Fretwell - Run: Error code: 429 - {'error': {'message': 'Too Many Requests', 'type': 'too_many_requests', 'param': None, 'code': 'too_many_requests'}}
Failed for Mastodon - The Last Baron: Error code: 429 - {'error': {'message': 'Too Many Requests', 'type': 'too_many_requests', 'param': None, 'code': 'too_many_requests'}}
Failed for Stephen Colbert - He'S Singin' In Korean: Error code: 429 - {'error': {'message': 'Too Many Requests', 'type': 'too_many_requests', 'param': None, 'code': 'too_many_requests'}}
Failed for Celtic Frost - Circle Of The Tyrants: Error code: 429 - {'error': {'message': 'Too Many Requests', 'type': 'too_many_requests', 'param': None, 'code': 'too_many_requests'}}
Failed for Acda En De Munnik - Vondelpark Vannacht: Error code: 429 - {'error': {'message': 'Too Many Requests', 'type': 'too_many_requests', 'param': None, 'code': 'too_many_requests'}}
Failed for Sean Paul - I'M Still In Love With You: Error code: 429 - {'error': {'message': 'Too Many Requests', 'type': 'too_many_requests', 'param': None, 'code': 'too_many_requests'}}
Failed for Kate Voegele - No Good: Error code: 429 - {'error': {'message': 'Too Many Requests', 'type': 'too_many_requests', 'param': None, 'code': 'too_many_requests'}}
Failed for Stephen Malkmus And The Jicks - (Do Not Feed The) Oyster: Error code: 429 - {'error': {'message': 'Too Many Requests', 'type': 'too_many_requests', 'param': None, 'code': 'too_many_requests'}}
Failed for Kate Voegele - Wish You Were: Error code: 429 - {'error': {'message': 'Too Many Requests', 'type': 'too_many_requests', 'param': None, 'code': 'too_many_requests'}}
Failed for Vader - As Heavens Collide...: Error code: 429 - {'error': {'message': 'Too Many Requests', 'type': 'too_many_requests', 'param': None, 'code': 'too_many_requests'}}
Failed for Stephen Malkmus - No More Shoes: Error code: 429 - {'error': {'message': 'Too Many Requests', 'type': 'too_many_requests', 'param': None, 'code': 'too_many_requests'}}
Failed for The Human League - Hard Times: Error code: 429 - {'error': {'message': 'Too Many Requests', 'type': 'too_many_requests', 'param': None, 'code': 'too_many_requests'}}
Failed for The Human League - The Things That Dreams Are Made Of: Error code: 429 - {'error': {'message': 'Too Many Requests', 'type': 'too_many_requests', 'param': None, 'code': 'too_many_requests'}}
Failed for The Rolling Stones - You Can'T Always Get What You: Error code: 429 - {'error': {'message': 'Too Many Requests', 'type': 'too_many_requests', 'param': None, 'code': 'too_many_requests'}}
Failed for Cypress Hill - Killa Hill Niggas: Error code: 429 - {'error': {'message': 'Too Many Requests', 'type': 'too_many_requests', 'param': None, 'code': 'too_many_requests'}}
Failed for Out Hud - The Song So Good They Named It Thrice: Error code: 429 - {'error': {'message': 'Too Many Requests', 'type': 'too_many_requests', 'param': None, 'code': 'too_many_requests'}}
Failed for Cypress Hill - What'S Your Number: Error code: 429 - {'error': {'message': 'Too Many Requests', 'type': 'too_many_requests', 'param': None, 'code': 'too_many_requests'}}
Failed for Out Hud - The Stoked American: Error code: 429 - {'error': {'message': 'Too Many Requests', 'type': 'too_many_requests', 'param': None, 'code': 'too_many_requests'}}
Failed for Cypress Hill - Legalize It: Error code: 429 - {'error': {'message': 'Too Many Requests', 'type': 'too_many_requests', 'param': None, 'code': 'too_many_requests'}}
Failed for Evanescence - Solitude: Error code: 429 - {'error': {'message': 'Too Many Requests', 'type': 'too_many_requests', 'param': None, 'code': 'too_many_requests'}}
Failed for Whitesnake - River Song: Error code: 429 - {'error': {'message': 'Too Many Requests', 'type': 'too_many_requests', 'param': None, 'code': 'too_many_requests'}}
Failed for Teddy Lasry - Moulin Rouge Waltz: Error code: 429 - {'error': {'message': 'Too Many Requests', 'type': 'too_many_requests', 'param': None, 'code': 'too_many_requests'}}
Failed for Pink Floyd - Point Me At The Sky: Error code: 429 - {'error': {'message': 'Too Many Requests', 'type': 'too_many_requests', 'param': None, 'code': 'too_many_requests'}}
Failed for Hird - Keep You Kimi: Error code: 429 - {'error': {'message': 'Too Many Requests', 'type': 'too_many_requests', 'param': None, 'code': 'too_many_requests'}}
Failed for Mujuice - Hole Nova: Error code: 429 - {'error': {'message': 'Too Many Requests', 'type': 'too_many_requests', 'param': None, 'code': 'too_many_requests'}}
Failed for Mujuice - Уровень Печаль: Error code: 429 - {'error': {'message': 'Too Many Requests', 'type': 'too_many_requests', 'param': None, 'code': 'too_many_requests'}}
Failed for Atreyu - Untitled Finale: Error code: 429 - {'error': {'message': 'Too Many Requests', 'type': 'too_many_requests', 'param': None, 'code': 'too_many_requests'}}
Failed for Luna - Moon Palace: Error code: 429 - {'error': {'message': 'Too Many Requests', 'type': 'too_many_requests', 'param': None, 'code': 'too_many_requests'}}
Failed for Kate Bush - The Saxophone Song: Error code: 429 - {'error': {'message': 'Too Many Requests', 'type': 'too_many_requests', 'param': None, 'code': 'too_many_requests'}}
Failed for Mastodon - Ghost Of Karelia: Error code: 429 - {'error': {'message': 'Too Many Requests', 'type': 'too_many_requests', 'param': None, 'code': 'too_many_requests'}}
Failed for Ceremony - You'Re All The Same: Error code: 429 - {'error': {'message': 'Too Many Requests', 'type': 'too_many_requests', 'param': None, 'code': 'too_many_requests'}}
Failed for Kate Bush - The Sensual World: Error code: 429 - {'error': {'message': 'Too Many Requests', 'type': 'too_many_requests', 'param': None, 'code': 'too_many_requests'}}
Failed for Aphex Twin - Children Talking: Error code: 429 - {'error': {'message': 'Too Many Requests', 'type': 'too_many_requests', 'param': None, 'code': 'too_many_requests'}}
Failed for The Horrors - Sea Within A Sea: Error code: 429 - {'error': {'message': 'Too Many Requests', 'type': 'too_many_requests', 'param': None, 'code': 'too_many_requests'}}
Failed for Kate Bush - Wuthering Heights (New Vocal): Error code: 429 - {'error': {'message': 'Too Many Requests', 'type': 'too_many_requests', 'param': None, 'code': 'too_many_requests'}}
Failed for The Horrors - Horrors' Theme: Error code: 429 - {'error': {'message': 'Too Many Requests', 'type': 'too_many_requests', 'param': None, 'code': 'too_many_requests'}}
Failed for Do Make Say Think - Bound To Be That Way: Error code: 429 - {'error': {'message': 'Too Many Requests', 'type': 'too_many_requests', 'param': None, 'code': 'too_many_requests'}}
Failed for Revolting Cocks - Da Ya Think I'M Sexy?: Error code: 429 - {'error': {'message': 'Too Many Requests', 'type': 'too_many_requests', 'param': None, 'code': 'too_many_requests'}}
Failed for Katatonia - Endtime: Error code: 429 - {'error': {'message': 'Too Many Requests', 'type': 'too_many_requests', 'param': None, 'code': 'too_many_requests'}}
Failed for Kate Bush - All The Love: Error code: 429 - {'error': {'message': 'Too Many Requests', 'type': 'too_many_requests', 'param': None, 'code': 'too_many_requests'}}
Failed for The Roots - Here I Come: Error code: 429 - {'error': {'message': 'Too Many Requests', 'type': 'too_many_requests', 'param': None, 'code': 'too_many_requests'}}
Failed for Cynic - Nunc Fluens: Error code: 429 - {'error': {'message': 'Too Many Requests', 'type': 'too_many_requests', 'param': None, 'code': 'too_many_requests'}}
Failed for Reverend Horton Heat - Psychobilly Freakout: Error code: 429 - {'error': {'message': 'Too Many Requests', 'type': 'too_many_requests', 'param': None, 'code': 'too_many_requests'}}
Failed for The Books - A True Story Of A Story Of True Love: Error code: 429 - {'error': {'message': 'Too Many Requests', 'type': 'too_many_requests', 'param': None, 'code': 'too_many_requests'}}
Failed for Pink Martini - Veronique: Error code: 429 - {'error': {'message': 'Too Many Requests', 'type': 'too_many_requests', 'param': None, 'code': 'too_many_requests'}}
Failed for Pink Martini - Anna (El Negro Zumbón): Error code: 429 - {'error': {'message': 'Too Many Requests', 'type': 'too_many_requests', 'param': None, 'code': 'too_many_requests'}}
Failed for Deaf Center - Path To Lucy: Error code: 429 - {'error': {'message': 'Too Many Requests', 'type': 'too_many_requests', 'param': None, 'code': 'too_many_requests'}}
Failed for Whitesnake - Keep On Giving Me Love: Error code: 429 - {'error': {'message': 'Too Many Requests', 'type': 'too_many_requests', 'param': None, 'code': 'too_many_requests'}}
Failed for Katatonia - Instrumental: Error code: 429 - {'error': {'message': 'Too Many Requests', 'type': 'too_many_requests', 'param': None, 'code': 'too_many_requests'}}
Failed for Beth Orton - Pieces Of Sky: Error code: 429 - {'error': {'message': 'Too Many Requests', 'type': 'too_many_requests', 'param': None, 'code': 'too_many_requests'}}
Failed for Municipal Waste - The Art Of Partying: Error code: 429 - {'error': {'message': 'Too Many Requests', 'type': 'too_many_requests', 'param': None, 'code': 'too_many_requests'}}
Failed for The Roots - The Next Movement: Error code: 429 - {'error': {'message': 'Too Many Requests', 'type': 'too_many_requests', 'param': None, 'code': 'too_many_requests'}}
Failed for Stereolab - Brakhage: Error code: 429 - {'error': {'message': 'Too Many Requests', 'type': 'too_many_requests', 'param': None, 'code': 'too_many_requests'}}
Failed for Murder By Death - A Masters In Reverse Psychology: Error code: 429 - {'error': {'message': 'Too Many Requests', 'type': 'too_many_requests', 'param': None, 'code': 'too_many_requests'}}
Failed for Replikas - Ömür Sayacı: Error code: 429 - {'error': {'message': 'Too Many Requests', 'type': 'too_many_requests', 'param': None, 'code': 'too_many_requests'}}
Failed for Stereolab - Doubt: Error code: 429 - {'error': {'message': 'Too Many Requests', 'type': 'too_many_requests', 'param': None, 'code': 'too_many_requests'}}
Failed for The Hold Steady - Joke About Jamaica: Error code: 429 - {'error': {'message': 'Too Many Requests', 'type': 'too_many_requests', 'param': None, 'code': 'too_many_requests'}}
Failed for The Hold Steady - Killer Parties: Error code: 429 - {'error': {'message': 'Too Many Requests', 'type': 'too_many_requests', 'param': None, 'code': 'too_many_requests'}}
Failed for Kashmir - Lampshade: Error code: 429 - {'error': {'message': 'Too Many Requests', 'type': 'too_many_requests', 'param': None, 'code': 'too_many_requests'}}
Failed for Lisa Ekdahl - Now Or Never: Error code: 429 - {'error': {'message': 'Too Many Requests', 'type': 'too_many_requests', 'param': None, 'code': 'too_many_requests'}}
Failed for Thomas Dybdahl - Cecilia: Error code: 429 - {'error': {'message': 'Too Many Requests', 'type': 'too_many_requests', 'param': None, 'code': 'too_many_requests'}}
Failed for Kashmir - Ramparts: Error code: 429 - {'error': {'message': 'Too Many Requests', 'type': 'too_many_requests', 'param': None, 'code': 'too_many_requests'}}
Failed for The Rosebuds - Outnumbered: Error code: 429 - {'error': {'message': 'Too Many Requests', 'type': 'too_many_requests', 'param': None, 'code': 'too_many_requests'}}
Failed for The Hold Steady - Cattle And The Creeping Things: Error code: 429 - {'error': {'message': 'Too Many Requests', 'type': 'too_many_requests', 'param': None, 'code': 'too_many_requests'}}
Failed for Gil Scott-Heron - The Revolution Will Not Be Televised: Error code: 429 - {'error': {'message': 'Too Many Requests', 'type': 'too_many_requests', 'param': None, 'code': 'too_many_requests'}}
Failed for Ulrich Schnauss - Stars: Error code: 429 - {'error': {'message': 'Too Many Requests', 'type': 'too_many_requests', 'param': None, 'code': 'too_many_requests'}}
Failed for Massive Attack - Risingson (Underworld Mix): Error code: 429 - {'error': {'message': 'Too Many Requests', 'type': 'too_many_requests', 'param': None, 'code': 'too_many_requests'}}
Failed for Masta Ace - Acknowledge: Error code: 429 - {'error': {'message': 'Too Many Requests', 'type': 'too_many_requests', 'param': None, 'code': 'too_many_requests'}}
Failed for Gillian Welch - Dear Someone: Error code: 429 - {'error': {'message': 'Too Many Requests', 'type': 'too_many_requests', 'param': None, 'code': 'too_many_requests'}}
Failed for Muscles - Jerk: Error code: 429 - {'error': {'message': 'Too Many Requests', 'type': 'too_many_requests', 'param': None, 'code': 'too_many_requests'}}
Failed for The Hives - Mad Man: Error code: 429 - {'error': {'message': 'Too Many Requests', 'type': 'too_many_requests', 'param': None, 'code': 'too_many_requests'}}
Failed for Thomas Dybdahl - Pale Green Eyes: Error code: 429 - {'error': {'message': 'Too Many Requests', 'type': 'too_many_requests', 'param': None, 'code': 'too_many_requests'}}
Failed for Stereolab - Neon Beanbag: Error code: 429 - {'error': {'message': 'Too Many Requests', 'type': 'too_many_requests', 'param': None, 'code': 'too_many_requests'}}
Failed for Tears For Fears - The Hurting: Error code: 429 - {'error': {'message': 'Too Many Requests', 'type': 'too_many_requests', 'param': None, 'code': 'too_many_requests'}}
Failed for Lumsk - Skip Under Lide: Error code: 429 - {'error': {'message': 'Too Many Requests', 'type': 'too_many_requests', 'param': None, 'code': 'too_many_requests'}}
Failed for Toru Okada - Shadowless Nights: Error code: 429 - {'error': {'message': 'Too Many Requests', 'type': 'too_many_requests', 'param': None, 'code': 'too_many_requests'}}
Failed for Him - It'S All Tears: Error code: 429 - {'error': {'message': 'Too Many Requests', 'type': 'too_many_requests', 'param': None, 'code': 'too_many_requests'}}
Failed for Him - One Last Time: Error code: 429 - {'error': {'message': 'Too Many Requests', 'type': 'too_many_requests', 'param': None, 'code': 'too_many_requests'}}
Failed for Him - Enjoy The Silence: Error code: 429 - {'error': {'message': 'Too Many Requests', 'type': 'too_many_requests', 'param': None, 'code': 'too_many_requests'}}
Failed for Arctic Monkeys - The Bakery: Error code: 429 - {'error': {'message': 'Too Many Requests', 'type': 'too_many_requests', 'param': None, 'code': 'too_many_requests'}}
Failed for The Books - Contempt: Error code: 429 - {'error': {'message': 'Too Many Requests', 'type': 'too_many_requests', 'param': None, 'code': 'too_many_requests'}}
Failed for Jack Johnson - Wrong Turn: Error code: 429 - {'error': {'message': 'Too Many Requests', 'type': 'too_many_requests', 'param': None, 'code': 'too_many_requests'}}
Failed for Whitesnake - Bad Boys: Error code: 429 - {'error': {'message': 'Too Many Requests', 'type': 'too_many_requests', 'param': None, 'code': 'too_many_requests'}}
Failed for Chapterhouse - Everytime: Error code: 429 - {'error': {'message': 'Too Many Requests', 'type': 'too_many_requests', 'param': None, 'code': 'too_many_requests'}}
Failed for Karma To Burn - Nineteen: Error code: 429 - {'error': {'message': 'Too Many Requests', 'type': 'too_many_requests', 'param': None, 'code': 'too_many_requests'}}
Failed for Stereolab - Tomorrow Is Already Here: Error code: 429 - {'error': {'message': 'Too Many Requests', 'type': 'too_many_requests', 'param': None, 'code': 'too_many_requests'}}
Failed for Muse - Nature_1: Error code: 429 - {'error': {'message': 'Too Many Requests', 'type': 'too_many_requests', 'param': None, 'code': 'too_many_requests'}}
Failed for Stereophonics - Half The Lies You Tell Ain'T True: Error code: 429 - {'error': {'message': 'Too Many Requests', 'type': 'too_many_requests', 'param': None, 'code': 'too_many_requests'}}
1400/2988 done
Failed for Muse - A Soldier'S Poem: Error code: 429 - {'error': {'message': 'Too Many Requests', 'type': 'too_many_requests', 'param': None, 'code': 'too_many_requests'}}
Failed for Attack In Black - Young Leaves: Error code: 429 - {'error': {'message': 'Too Many Requests', 'type': 'too_many_requests', 'param': None, 'code': 'too_many_requests'}}
Failed for Sleater-Kinney - Tapping: Error code: 429 - {'error': {'message': 'Too Many Requests', 'type': 'too_many_requests', 'param': None, 'code': 'too_many_requests'}}
Failed for Sleater-Kinney - Not What You Want: Error code: 429 - {'error': {'message': 'Too Many Requests', 'type': 'too_many_requests', 'param': None, 'code': 'too_many_requests'}}
Failed for Stereophonics - You Stole My Money Honey: Error code: 429 - {'error': {'message': 'Too Many Requests', 'type': 'too_many_requests', 'param': None, 'code': 'too_many_requests'}}
Failed for Zz Top - Beer Drinkers And Hell Raisers: Error code: 429 - {'error': {'message': 'Too Many Requests', 'type': 'too_many_requests', 'param': None, 'code': 'too_many_requests'}}
Failed for Zyklon - Psyklon Aeon: Error code: 429 - {'error': {'message': 'Too Many Requests', 'type': 'too_many_requests', 'param': None, 'code': 'too_many_requests'}}
Failed for Museum - To Have Or To Be: Error code: 429 - {'error': {'message': 'Too Many Requests', 'type': 'too_many_requests', 'param': None, 'code': 'too_many_requests'}}
Failed for Kari Rueslåtten - Snow: Error code: 429 - {'error': {'message': 'Too Many Requests', 'type': 'too_many_requests', 'param': None, 'code': 'too_many_requests'}}
Failed for Stereophonics - Nothing Precious At All: Error code: 429 - {'error': {'message': 'Too Many Requests', 'type': 'too_many_requests', 'param': None, 'code': 'too_many_requests'}}
Failed for Relient K - Up And Up: Error code: 429 - {'error': {'message': 'Too Many Requests', 'type': 'too_many_requests', 'param': None, 'code': 'too_many_requests'}}
Failed for Stereophonics - Rainbows And Pots Of Gold: Error code: 429 - {'error': {'message': 'Too Many Requests', 'type': 'too_many_requests', 'param': None, 'code': 'too_many_requests'}}
Failed for Stereophonics - Plastic California: Error code: 429 - {'error': {'message': 'Too Many Requests', 'type': 'too_many_requests', 'param': None, 'code': 'too_many_requests'}}
Failed for Elvis Costello & The Attractions - (I Don'T Want To Go To) Chelsea: Error code: 429 - {'error': {'message': 'Too Many Requests', 'type': 'too_many_requests', 'param': None, 'code': 'too_many_requests'}}
Failed for Kardinal Offishall - Dangerous (Feat. Akon): Error code: 429 - {'error': {'message': 'Too Many Requests', 'type': 'too_many_requests', 'param': None, 'code': 'too_many_requests'}}
Failed for Mutya Buena - Strung Out: Error code: 429 - {'error': {'message': 'Too Many Requests', 'type': 'too_many_requests', 'param': None, 'code': 'too_many_requests'}}
Failed for Massive Attack - Joy Luck Club: Error code: 429 - {'error': {'message': 'Too Many Requests', 'type': 'too_many_requests', 'param': None, 'code': 'too_many_requests'}}
Failed for Cute Is What We Aim For - Sweet Talk 101: Error code: 429 - {'error': {'message': 'Too Many Requests', 'type': 'too_many_requests', 'param': None, 'code': 'too_many_requests'}}
Failed for Jack'S Mannequin - Last Straw: Error code: 429 - {'error': {'message': 'Too Many Requests', 'type': 'too_many_requests', 'param': None, 'code': 'too_many_requests'}}
Failed for Otis Redding - I Can'T Turn You Loose: Error code: 429 - {'error': {'message': 'Too Many Requests', 'type': 'too_many_requests', 'param': None, 'code': 'too_many_requests'}}
Failed for Hilary Duff - Danger: Error code: 429 - {'error': {'message': 'Too Many Requests', 'type': 'too_many_requests', 'param': None, 'code': 'too_many_requests'}}
Failed for High Tension Wires - I Heart Mao Inhibitors: Error code: 429 - {'error': {'message': 'Too Many Requests', 'type': 'too_many_requests', 'param': None, 'code': 'too_many_requests'}}
Failed for Simply Red - Perfect Love: Error code: 429 - {'error': {'message': 'Too Many Requests', 'type': 'too_many_requests', 'param': None, 'code': 'too_many_requests'}}
Failed for Charles Mingus - Self-Portrait In Three Colors: Error code: 429 - {'error': {'message': 'Too Many Requests', 'type': 'too_many_requests', 'param': None, 'code': 'too_many_requests'}}
Failed for Death - Mentally Blind: Error code: 429 - {'error': {'message': 'Too Many Requests', 'type': 'too_many_requests', 'param': None, 'code': 'too_many_requests'}}
Failed for Action Biker - Farrah: Error code: 429 - {'error': {'message': 'Too Many Requests', 'type': 'too_many_requests', 'param': None, 'code': 'too_many_requests'}}
Failed for Regina Spektor - Whisper: Error code: 429 - {'error': {'message': 'Too Many Requests', 'type': 'too_many_requests', 'param': None, 'code': 'too_many_requests'}}
Failed for The Hellacopters - Take Me On: Error code: 429 - {'error': {'message': 'Too Many Requests', 'type': 'too_many_requests', 'param': None, 'code': 'too_many_requests'}}
Failed for Elvis Presley - (Let Me Be Your) Teddy Bear: Error code: 429 - {'error': {'message': 'Too Many Requests', 'type': 'too_many_requests', 'param': None, 'code': 'too_many_requests'}}
Failed for Feeder - Morning Life: Error code: 429 - {'error': {'message': 'Too Many Requests', 'type': 'too_many_requests', 'param': None, 'code': 'too_many_requests'}}
Failed for The Hellacopters - No Angel To Lay Me Away: Error code: 429 - {'error': {'message': 'Too Many Requests', 'type': 'too_many_requests', 'param': None, 'code': 'too_many_requests'}}
Failed for My Bloody Valentine - Emptiness Inside: Error code: 429 - {'error': {'message': 'Too Many Requests', 'type': 'too_many_requests', 'param': None, 'code': 'too_many_requests'}}
Failed for Elvis Presley - A Big Hunk O' Love: Error code: 429 - {'error': {'message': 'Too Many Requests', 'type': 'too_many_requests', 'param': None, 'code': 'too_many_requests'}}
Failed for My Bloody Valentine - Sunny Sundae Smile: Error code: 429 - {'error': {'message': 'Too Many Requests', 'type': 'too_many_requests', 'param': None, 'code': 'too_many_requests'}}
Failed for Kanye West - Family Business: Error code: 429 - {'error': {'message': 'Too Many Requests', 'type': 'too_many_requests', 'param': None, 'code': 'too_many_requests'}}
Failed for Kanye West - Gone: Error code: 429 - {'error': {'message': 'Too Many Requests', 'type': 'too_many_requests', 'param': None, 'code': 'too_many_requests'}}
Failed for Boom Bip - Cimple: Error code: 429 - {'error': {'message': 'Too Many Requests', 'type': 'too_many_requests', 'param': None, 'code': 'too_many_requests'}}
Failed for Boom Bip - Roads Must Roll: Error code: 429 - {'error': {'message': 'Too Many Requests', 'type': 'too_many_requests', 'param': None, 'code': 'too_many_requests'}}
Failed for The Haunted - The Medusa: Error code: 429 - {'error': {'message': 'Too Many Requests', 'type': 'too_many_requests', 'param': None, 'code': 'too_many_requests'}}
Failed for Oscar Peterson - How High The Moon: Error code: 429 - {'error': {'message': 'Too Many Requests', 'type': 'too_many_requests', 'param': None, 'code': 'too_many_requests'}}
Failed for Vincent Gallo - I Wrote This Song For The Girl Paris Hilton: Error code: 429 - {'error': {'message': 'Too Many Requests', 'type': 'too_many_requests', 'param': None, 'code': 'too_many_requests'}}
Failed for Jacqueline Taïeb - 7 Heures Du Matin: Error code: 429 - {'error': {'message': 'Too Many Requests', 'type': 'too_many_requests', 'param': None, 'code': 'too_many_requests'}}
Failed for Aqua - Turn Back Time: Error code: 429 - {'error': {'message': 'Too Many Requests', 'type': 'too_many_requests', 'param': None, 'code': 'too_many_requests'}}
Failed for Aqua - Roses Are Red: Error code: 429 - {'error': {'message': 'Too Many Requests', 'type': 'too_many_requests', 'param': None, 'code': 'too_many_requests'}}
Failed for Shinedown - Heroes: Error code: 429 - {'error': {'message': 'Too Many Requests', 'type': 'too_many_requests', 'param': None, 'code': 'too_many_requests'}}
Failed for Death Cab For Cutie - 20Th Century Towers: Error code: 429 - {'error': {'message': 'Too Many Requests', 'type': 'too_many_requests', 'param': None, 'code': 'too_many_requests'}}
Failed for Reflexion - Army Of Broken Hearts: Error code: 429 - {'error': {'message': 'Too Many Requests', 'type': 'too_many_requests', 'param': None, 'code': 'too_many_requests'}}
Failed for Beseech - Sunset 28: Error code: 429 - {'error': {'message': 'Too Many Requests', 'type': 'too_many_requests', 'param': None, 'code': 'too_many_requests'}}
Failed for The Haunted - Hollow Ground: Error code: 429 - {'error': {'message': 'Too Many Requests', 'type': 'too_many_requests', 'param': None, 'code': 'too_many_requests'}}
Failed for The Haunted - In Vein: Error code: 429 - {'error': {'message': 'Too Many Requests', 'type': 'too_many_requests', 'param': None, 'code': 'too_many_requests'}}
Failed for The Haunted - Liquid Burns: Error code: 429 - {'error': {'message': 'Too Many Requests', 'type': 'too_many_requests', 'param': None, 'code': 'too_many_requests'}}
Failed for True Faith - Take Me Away (Feat. Bridgett Grace): Error code: 429 - {'error': {'message': 'Too Many Requests', 'type': 'too_many_requests', 'param': None, 'code': 'too_many_requests'}}
Failed for Give Up The Ghost - Aeiou: Error code: 429 - {'error': {'message': 'Too Many Requests', 'type': 'too_many_requests', 'param': None, 'code': 'too_many_requests'}}
Failed for Reef - Place Your Hands: Error code: 429 - {'error': {'message': 'Too Many Requests', 'type': 'too_many_requests', 'param': None, 'code': 'too_many_requests'}}
Failed for Charon - Colder: Error code: 429 - {'error': {'message': 'Too Many Requests', 'type': 'too_many_requests', 'param': None, 'code': 'too_many_requests'}}
Failed for Chase & Status - Take Me Away: Error code: 429 - {'error': {'message': 'Too Many Requests', 'type': 'too_many_requests', 'param': None, 'code': 'too_many_requests'}}
Failed for Give Up The Ghost - Calculation Nation: Error code: 429 - {'error': {'message': 'Too Many Requests', 'type': 'too_many_requests', 'param': None, 'code': 'too_many_requests'}}
Failed for My Dying Bride - She Is The Dark: Error code: 429 - {'error': {'message': 'Too Many Requests', 'type': 'too_many_requests', 'param': None, 'code': 'too_many_requests'}}
Failed for Charon - Bullet: Error code: 429 - {'error': {'message': 'Too Many Requests', 'type': 'too_many_requests', 'param': None, 'code': 'too_many_requests'}}
Failed for Chase & Status - Hurt You: Error code: 429 - {'error': {'message': 'Too Many Requests', 'type': 'too_many_requests', 'param': None, 'code': 'too_many_requests'}}
Failed for Massive Attack - Atta' Boy: Error code: 429 - {'error': {'message': 'Too Many Requests', 'type': 'too_many_requests', 'param': None, 'code': 'too_many_requests'}}
Failed for Massacre - La Orquídea Blanca: Error code: 429 - {'error': {'message': 'Too Many Requests', 'type': 'too_many_requests', 'param': None, 'code': 'too_many_requests'}}
Failed for Stevie Ray Vaughan And Double Trouble - Willie The Wimp (Live): Error code: 429 - {'error': {'message': 'Too Many Requests', 'type': 'too_many_requests', 'param': None, 'code': 'too_many_requests'}}
Failed for Kamelot - Memento Mori: Error code: 429 - {'error': {'message': 'Too Many Requests', 'type': 'too_many_requests', 'param': None, 'code': 'too_many_requests'}}
Failed for Black Mountain - Don'T Run Our Hearts Around: Error code: 429 - {'error': {'message': 'Too Many Requests', 'type': 'too_many_requests', 'param': None, 'code': 'too_many_requests'}}
Failed for Adam And The Ants - Young Parisians: Error code: 429 - {'error': {'message': 'Too Many Requests', 'type': 'too_many_requests', 'param': None, 'code': 'too_many_requests'}}
Failed for Kamelot - Interlude Ii: Omen: Error code: 429 - {'error': {'message': 'Too Many Requests', 'type': 'too_many_requests', 'param': None, 'code': 'too_many_requests'}}
Failed for My Dying Bride - Two Winters Only: Error code: 429 - {'error': {'message': 'Too Many Requests', 'type': 'too_many_requests', 'param': None, 'code': 'too_many_requests'}}
Failed for Kalmah - Man Of The King: Error code: 429 - {'error': {'message': 'Too Many Requests', 'type': 'too_many_requests', 'param': None, 'code': 'too_many_requests'}}
Failed for Vinícius De Moraes - Samba Da Bencao: Error code: 429 - {'error': {'message': 'Too Many Requests', 'type': 'too_many_requests', 'param': None, 'code': 'too_many_requests'}}
Failed for My Life With The Thrill Kill Kult - A Daisy Chain 4 Satan (Acid And Flowers Mix): Error code: 429 - {'error': {'message': 'Too Many Requests', 'type': 'too_many_requests', 'param': None, 'code': 'too_many_requests'}}
Failed for Cheap Trick - Mighty Wings: Error code: 429 - {'error': {'message': 'Too Many Requests', 'type': 'too_many_requests', 'param': None, 'code': 'too_many_requests'}}
Failed for Massacre - Estamos En Problemas: Error code: 429 - {'error': {'message': 'Too Many Requests', 'type': 'too_many_requests', 'param': None, 'code': 'too_many_requests'}}
Failed for Booka Shade - Dusty Boots: Error code: 429 - {'error': {'message': 'Too Many Requests', 'type': 'too_many_requests', 'param': None, 'code': 'too_many_requests'}}
Failed for Glen Hansard & Markéta Irglová - Leave: Error code: 429 - {'error': {'message': 'Too Many Requests', 'type': 'too_many_requests', 'param': None, 'code': 'too_many_requests'}}
Failed for Massacre - Compulsión: Error code: 429 - {'error': {'message': 'Too Many Requests', 'type': 'too_many_requests', 'param': None, 'code': 'too_many_requests'}}
Failed for Mason Vs. Princess Superstar - Perfect (Exceeder) (Radio Edit): Error code: 429 - {'error': {'message': 'Too Many Requests', 'type': 'too_many_requests', 'param': None, 'code': 'too_many_requests'}}
Failed for Babyshambles - From Bollywood To Battersea: Error code: 429 - {'error': {'message': 'Too Many Requests', 'type': 'too_many_requests', 'param': None, 'code': 'too_many_requests'}}
Failed for Jaga Jazzist - Animal Chin: Error code: 429 - {'error': {'message': 'Too Many Requests', 'type': 'too_many_requests', 'param': None, 'code': 'too_many_requests'}}
Failed for Jaga Jazzist - Mikado: Error code: 429 - {'error': {'message': 'Too Many Requests', 'type': 'too_many_requests', 'param': None, 'code': 'too_many_requests'}}
Failed for Death Cab For Cutie - Prove My Hypotheses: Error code: 429 - {'error': {'message': 'Too Many Requests', 'type': 'too_many_requests', 'param': None, 'code': 'too_many_requests'}}
Failed for The Breeders - Iris: Error code: 429 - {'error': {'message': 'Too Many Requests', 'type': 'too_many_requests', 'param': None, 'code': 'too_many_requests'}}
Failed for Jacques Brel - Le Moribond: Error code: 429 - {'error': {'message': 'Too Many Requests', 'type': 'too_many_requests', 'param': None, 'code': 'too_many_requests'}}
Failed for Babyshambles - Sticks And Stones: Error code: 429 - {'error': {'message': 'Too Many Requests', 'type': 'too_many_requests', 'param': None, 'code': 'too_many_requests'}}
Failed for Lukas Kasha - Love Abuse: Error code: 429 - {'error': {'message': 'Too Many Requests', 'type': 'too_many_requests', 'param': None, 'code': 'too_many_requests'}}
Failed for High Contrast - Global Love: Error code: 429 - {'error': {'message': 'Too Many Requests', 'type': 'too_many_requests', 'param': None, 'code': 'too_many_requests'}}
Failed for Chemistry - Densetsu No Sogen (Patrick Stump Remix): Error code: 429 - {'error': {'message': 'Too Many Requests', 'type': 'too_many_requests', 'param': None, 'code': 'too_many_requests'}}
Failed for Adam Green - Born To Run: Error code: 429 - {'error': {'message': 'Too Many Requests', 'type': 'too_many_requests', 'param': None, 'code': 'too_many_requests'}}
Failed for Elvis Presley - An American Trilogy: Error code: 429 - {'error': {'message': 'Too Many Requests', 'type': 'too_many_requests', 'param': None, 'code': 'too_many_requests'}}
Failed for Kaizers Orchestra - Maestro: Error code: 429 - {'error': {'message': 'Too Many Requests', 'type': 'too_many_requests', 'param': None, 'code': 'too_many_requests'}}
Failed for Red Hot Chili Peppers - Rollercoaster Of Love: Error code: 429 - {'error': {'message': 'Too Many Requests', 'type': 'too_many_requests', 'param': None, 'code': 'too_many_requests'}}
Failed for Sebastian Bach - Angel Down: Error code: 429 - {'error': {'message': 'Too Many Requests', 'type': 'too_many_requests', 'param': None, 'code': 'too_many_requests'}}
Failed for My Morning Jacket - Hopefully: Error code: 429 - {'error': {'message': 'Too Many Requests', 'type': 'too_many_requests', 'param': None, 'code': 'too_many_requests'}}
Failed for Kaizers Orchestra - Bak Et Halleluja: Error code: 429 - {'error': {'message': 'Too Many Requests', 'type': 'too_many_requests', 'param': None, 'code': 'too_many_requests'}}
Failed for Kaizers Orchestra - Blitzregn Baby: Error code: 429 - {'error': {'message': 'Too Many Requests', 'type': 'too_many_requests', 'param': None, 'code': 'too_many_requests'}}
Failed for Stina Nordenstam - Purple Rain: Error code: 429 - {'error': {'message': 'Too Many Requests', 'type': 'too_many_requests', 'param': None, 'code': 'too_many_requests'}}
Failed for Chemistry - Almost In Love (Tomita Lab. Remix): Error code: 429 - {'error': {'message': 'Too Many Requests', 'type': 'too_many_requests', 'param': None, 'code': 'too_many_requests'}}
Failed for Bertrand Burgalat - Pas Perdus: Error code: 429 - {'error': {'message': 'Too Many Requests', 'type': 'too_many_requests', 'param': None, 'code': 'too_many_requests'}}
Failed for Little Joy - Keep Me In Mind: Error code: 429 - {'error': {'message': 'Too Many Requests', 'type': 'too_many_requests', 'param': None, 'code': 'too_many_requests'}}
1500/2988 done
Failed for Sting - Mad About You: Error code: 429 - {'error': {'message': 'Too Many Requests', 'type': 'too_many_requests', 'param': None, 'code': 'too_many_requests'}}
Failed for 梶芽衣子 - Urami Bushi: Error code: 429 - {'error': {'message': 'Too Many Requests', 'type': 'too_many_requests', 'param': None, 'code': 'too_many_requests'}}
Failed for Red Carpet - Alright (Brad Carter Radio Edit): Error code: 429 - {'error': {'message': 'Too Many Requests', 'type': 'too_many_requests', 'param': None, 'code': 'too_many_requests'}}
Failed for The Brian Jonestown Massacre - Infinite Wisdom Tooth / My Last Night In Bed With You: Error code: 429 - {'error': {'message': 'Too Many Requests', 'type': 'too_many_requests', 'param': None, 'code': 'too_many_requests'}}
Failed for The Brian Jonestown Massacre - Crushed: Error code: 429 - {'error': {'message': 'Too Many Requests', 'type': 'too_many_requests', 'param': None, 'code': 'too_many_requests'}}
Failed for Hieroglyphics - Classic: Error code: 429 - {'error': {'message': 'Too Many Requests', 'type': 'too_many_requests', 'param': None, 'code': 'too_many_requests'}}
Failed for Tc - Rockstar: Error code: 429 - {'error': {'message': 'Too Many Requests', 'type': 'too_many_requests', 'param': None, 'code': 'too_many_requests'}}
Failed for Pixies - Interlude: Error code: 429 - {'error': {'message': 'Too Many Requests', 'type': 'too_many_requests', 'param': None, 'code': 'too_many_requests'}}
Failed for The Sugarcubes - Mama: Error code: 429 - {'error': {'message': 'Too Many Requests', 'type': 'too_many_requests', 'param': None, 'code': 'too_many_requests'}}
Failed for Kaiser Chiefs - Everyday I Love You Less And Less (Spike Stent Remix): Error code: 429 - {'error': {'message': 'Too Many Requests', 'type': 'too_many_requests', 'param': None, 'code': 'too_many_requests'}}
Failed for Violins - Entre O Céu E O Inferno: Error code: 429 - {'error': {'message': 'Too Many Requests', 'type': 'too_many_requests', 'param': None, 'code': 'too_many_requests'}}
Failed for Violins - Células Tronco: Error code: 429 - {'error': {'message': 'Too Many Requests', 'type': 'too_many_requests', 'param': None, 'code': 'too_many_requests'}}
Failed for The Goo Goo Dolls - Listen: Error code: 429 - {'error': {'message': 'Too Many Requests', 'type': 'too_many_requests', 'param': None, 'code': 'too_many_requests'}}
Failed for The Goo Goo Dolls - Full Forever: Error code: 429 - {'error': {'message': 'Too Many Requests', 'type': 'too_many_requests', 'param': None, 'code': 'too_many_requests'}}
Failed for Rebel Meets Rebel - Cherokee Cry: Error code: 429 - {'error': {'message': 'Too Many Requests', 'type': 'too_many_requests', 'param': None, 'code': 'too_many_requests'}}
Failed for Slayer - Temptation: Error code: 429 - {'error': {'message': 'Too Many Requests', 'type': 'too_many_requests', 'param': None, 'code': 'too_many_requests'}}
Failed for Go West - We Close Our Eyes: Error code: 429 - {'error': {'message': 'Too Many Requests', 'type': 'too_many_requests', 'param': None, 'code': 'too_many_requests'}}
Failed for Maserati - Keep It Gold: Error code: 429 - {'error': {'message': 'Too Many Requests', 'type': 'too_many_requests', 'param': None, 'code': 'too_many_requests'}}
Failed for Chet Baker - I'Ve Never Been In Love Before: Error code: 429 - {'error': {'message': 'Too Many Requests', 'type': 'too_many_requests', 'param': None, 'code': 'too_many_requests'}}
Failed for Adamski - Killer: Error code: 429 - {'error': {'message': 'Too Many Requests', 'type': 'too_many_requests', 'param': None, 'code': 'too_many_requests'}}
Failed for Myslovitz - Peggy Sue Nie Wyszła Za Mąż: Error code: 429 - {'error': {'message': 'Too Many Requests', 'type': 'too_many_requests', 'param': None, 'code': 'too_many_requests'}}
Failed for Ane Brun - Humming One Of Your Songs: Error code: 429 - {'error': {'message': 'Too Many Requests', 'type': 'too_many_requests', 'param': None, 'code': 'too_many_requests'}}
Failed for Chevelle - One Lonely Visitor: Error code: 429 - {'error': {'message': 'Too Many Requests', 'type': 'too_many_requests', 'param': None, 'code': 'too_many_requests'}}
Failed for Chiasm - Fight: Error code: 429 - {'error': {'message': 'Too Many Requests', 'type': 'too_many_requests', 'param': None, 'code': 'too_many_requests'}}
Failed for Razorlight - Rock 'N' Roll Lies: Error code: 429 - {'error': {'message': 'Too Many Requests', 'type': 'too_many_requests', 'param': None, 'code': 'too_many_requests'}}
Failed for Bonobo - The Plug (Quantic Mix): Error code: 429 - {'error': {'message': 'Too Many Requests', 'type': 'too_many_requests', 'param': None, 'code': 'too_many_requests'}}
Failed for Mary Lou Lord - His Indie World: Error code: 429 - {'error': {'message': 'Too Many Requests', 'type': 'too_many_requests', 'param': None, 'code': 'too_many_requests'}}
Failed for The Savoy - Star: Error code: 429 - {'error': {'message': 'Too Many Requests', 'type': 'too_many_requests', 'param': None, 'code': 'too_many_requests'}}
Failed for Mägo De Oz - El Cuco Y La Zíngara: Error code: 429 - {'error': {'message': 'Too Many Requests', 'type': 'too_many_requests', 'param': None, 'code': 'too_many_requests'}}
Failed for Chevelle - Panic Prone: Error code: 429 - {'error': {'message': 'Too Many Requests', 'type': 'too_many_requests', 'param': None, 'code': 'too_many_requests'}}
Failed for God Lives Underwater - Waste Of Time: Error code: 429 - {'error': {'message': 'Too Many Requests', 'type': 'too_many_requests', 'param': None, 'code': 'too_many_requests'}}
Failed for God Lives Underwater - 23: Error code: 429 - {'error': {'message': 'Too Many Requests', 'type': 'too_many_requests', 'param': None, 'code': 'too_many_requests'}}
Failed for Whiskeytown - Excuse Me While I Break My Own Heart Tonight: Error code: 429 - {'error': {'message': 'Too Many Requests', 'type': 'too_many_requests', 'param': None, 'code': 'too_many_requests'}}
Failed for God'S Bow - S.E.T.I.: Error code: 429 - {'error': {'message': 'Too Many Requests', 'type': 'too_many_requests', 'param': None, 'code': 'too_many_requests'}}
Failed for Blind Guardian - Dead Sound Of Misery: Error code: 429 - {'error': {'message': 'Too Many Requests', 'type': 'too_many_requests', 'param': None, 'code': 'too_many_requests'}}
Failed for Cursive - Sierra: Error code: 429 - {'error': {'message': 'Too Many Requests', 'type': 'too_many_requests', 'param': None, 'code': 'too_many_requests'}}
Failed for Mägo De Oz - La Venganza De Gaia: Error code: 429 - {'error': {'message': 'Too Many Requests', 'type': 'too_many_requests', 'param': None, 'code': 'too_many_requests'}}
Failed for Chicago - Hard To Say I'M Sorry: Error code: 429 - {'error': {'message': 'Too Many Requests', 'type': 'too_many_requests', 'param': None, 'code': 'too_many_requests'}}
Failed for Slayer - In The Name Of God: Error code: 429 - {'error': {'message': 'Too Many Requests', 'type': 'too_many_requests', 'param': None, 'code': 'too_many_requests'}}
Failed for Fear Factory - Resurrection: Error code: 429 - {'error': {'message': 'Too Many Requests', 'type': 'too_many_requests', 'param': None, 'code': 'too_many_requests'}}
Failed for Black Rebel Motorcycle Club - At My Door: Error code: 429 - {'error': {'message': 'Too Many Requests', 'type': 'too_many_requests', 'param': None, 'code': 'too_many_requests'}}
Failed for Godsmack - Dead And Broken: Error code: 429 - {'error': {'message': 'Too Many Requests', 'type': 'too_many_requests', 'param': None, 'code': 'too_many_requests'}}
Failed for Razor - Cut Throat: Error code: 429 - {'error': {'message': 'Too Many Requests', 'type': 'too_many_requests', 'param': None, 'code': 'too_many_requests'}}
Failed for Andy Stochansky - House Of Gold: Error code: 429 - {'error': {'message': 'Too Many Requests', 'type': 'too_many_requests', 'param': None, 'code': 'too_many_requests'}}
Failed for Mägo De Oz - Van A Rodar Cabezas: Error code: 429 - {'error': {'message': 'Too Many Requests', 'type': 'too_many_requests', 'param': None, 'code': 'too_many_requests'}}
Failed for Chicane - Andromeda: Error code: 429 - {'error': {'message': 'Too Many Requests', 'type': 'too_many_requests', 'param': None, 'code': 'too_many_requests'}}
Failed for Three Days Grace - Now Or Never: Error code: 429 - {'error': {'message': 'Too Many Requests', 'type': 'too_many_requests', 'param': None, 'code': 'too_many_requests'}}
Failed for Adem - These Are Your Friends: Error code: 429 - {'error': {'message': 'Too Many Requests', 'type': 'too_many_requests', 'param': None, 'code': 'too_many_requests'}}
Failed for Story One - Play Back: Error code: 429 - {'error': {'message': 'Too Many Requests', 'type': 'too_many_requests', 'param': None, 'code': 'too_many_requests'}}
Failed for Story One - Clementine: Error code: 429 - {'error': {'message': 'Too Many Requests', 'type': 'too_many_requests', 'param': None, 'code': 'too_many_requests'}}
Failed for Three Days Grace - One-X: Error code: 429 - {'error': {'message': 'Too Many Requests', 'type': 'too_many_requests', 'param': None, 'code': 'too_many_requests'}}
Failed for Godsmack - Vampires: Error code: 429 - {'error': {'message': 'Too Many Requests', 'type': 'too_many_requests', 'param': None, 'code': 'too_many_requests'}}
Failed for Audio Bullys - We Don'T Care: Error code: 429 - {'error': {'message': 'Too Many Requests', 'type': 'too_many_requests', 'param': None, 'code': 'too_many_requests'}}
Failed for Justin Timberlake - Let'S Take A Ride: Error code: 429 - {'error': {'message': 'Too Many Requests', 'type': 'too_many_requests', 'param': None, 'code': 'too_many_requests'}}
Failed for Three Days Grace - Burn: Error code: 429 - {'error': {'message': 'Too Many Requests', 'type': 'too_many_requests', 'param': None, 'code': 'too_many_requests'}}
Failed for Strapping Young Lad - All Hail The New Flesh: Error code: 429 - {'error': {'message': 'Too Many Requests', 'type': 'too_many_requests', 'param': None, 'code': 'too_many_requests'}}
Failed for Live - They Stood Up For Love: Error code: 429 - {'error': {'message': 'Too Many Requests', 'type': 'too_many_requests', 'param': None, 'code': 'too_many_requests'}}
Failed for Live - Pillar Of Davidson: Error code: 429 - {'error': {'message': 'Too Many Requests', 'type': 'too_many_requests', 'param': None, 'code': 'too_many_requests'}}
Failed for The Walkmen - Red Moon: Error code: 429 - {'error': {'message': 'Too Many Requests', 'type': 'too_many_requests', 'param': None, 'code': 'too_many_requests'}}
Failed for Strapping Young Lad - Almost Again: Error code: 429 - {'error': {'message': 'Too Many Requests', 'type': 'too_many_requests', 'param': None, 'code': 'too_many_requests'}}
Failed for Bonnie Tyler - Here She Comes: Error code: 429 - {'error': {'message': 'Too Many Requests', 'type': 'too_many_requests', 'param': None, 'code': 'too_many_requests'}}
Failed for Vision Divine - A Perfect Suicide: Error code: 429 - {'error': {'message': 'Too Many Requests', 'type': 'too_many_requests', 'param': None, 'code': 'too_many_requests'}}
Failed for Bono Must Die - Trafalgar: Error code: 429 - {'error': {'message': 'Too Many Requests', 'type': 'too_many_requests', 'param': None, 'code': 'too_many_requests'}}
Failed for Mötley Crüe - Enslaved: Error code: 429 - {'error': {'message': 'Too Many Requests', 'type': 'too_many_requests', 'param': None, 'code': 'too_many_requests'}}
Failed for Gogol Bordello - Let'S Get Radical: Error code: 429 - {'error': {'message': 'Too Many Requests', 'type': 'too_many_requests', 'param': None, 'code': 'too_many_requests'}}
Failed for Chicks On Speed - For All The Boys In The World: Error code: 429 - {'error': {'message': 'Too Many Requests', 'type': 'too_many_requests', 'param': None, 'code': 'too_many_requests'}}
Failed for Strapping Young Lad - Room 429: Error code: 429 - {'error': {'message': 'Too Many Requests', 'type': 'too_many_requests', 'param': None, 'code': 'too_many_requests'}}
Failed for The Gerbils - Grin: Error code: 429 - {'error': {'message': 'Too Many Requests', 'type': 'too_many_requests', 'param': None, 'code': 'too_many_requests'}}
Failed for Orbital - Pay Per View: Error code: 429 - {'error': {'message': 'Too Many Requests', 'type': 'too_many_requests', 'param': None, 'code': 'too_many_requests'}}
Failed for Deathstars - Syndrome: Error code: 429 - {'error': {'message': 'Too Many Requests', 'type': 'too_many_requests', 'param': None, 'code': 'too_many_requests'}}
Failed for The Brian Jonestown Massacre - This Is Why You Love Me: Error code: 429 - {'error': {'message': 'Too Many Requests', 'type': 'too_many_requests', 'param': None, 'code': 'too_many_requests'}}
Failed for Taurus - Damien: Error code: 429 - {'error': {'message': 'Too Many Requests', 'type': 'too_many_requests', 'param': None, 'code': 'too_many_requests'}}
Failed for Entwine - Surrender: Error code: 429 - {'error': {'message': 'Too Many Requests', 'type': 'too_many_requests', 'param': None, 'code': 'too_many_requests'}}
Failed for Placebo - Eyesight To The Blind: Error code: 429 - {'error': {'message': 'Too Many Requests', 'type': 'too_many_requests', 'param': None, 'code': 'too_many_requests'}}
Failed for Sinergy - Lead Us To War: Error code: 429 - {'error': {'message': 'Too Many Requests', 'type': 'too_many_requests', 'param': None, 'code': 'too_many_requests'}}
Failed for Placebo - Five Years (David Bowie): Error code: 429 - {'error': {'message': 'Too Many Requests', 'type': 'too_many_requests', 'param': None, 'code': 'too_many_requests'}}
Failed for The Brian Jonestown Massacre - Sue: Error code: 429 - {'error': {'message': 'Too Many Requests', 'type': 'too_many_requests', 'param': None, 'code': 'too_many_requests'}}
Failed for Gogol Bordello - Sacred Darling: Error code: 429 - {'error': {'message': 'Too Many Requests', 'type': 'too_many_requests', 'param': None, 'code': 'too_many_requests'}}
Failed for Uverworld - Unknown Orchestra (Album Ver.): Error code: 429 - {'error': {'message': 'Too Many Requests', 'type': 'too_many_requests', 'param': None, 'code': 'too_many_requests'}}
Failed for Aphex Twin - To Cure A Weakling Child (Contour Regard): Error code: 429 - {'error': {'message': 'Too Many Requests', 'type': 'too_many_requests', 'param': None, 'code': 'too_many_requests'}}
Failed for Trivium - A Gunshot To The Head Of Trepidation: Error code: 429 - {'error': {'message': 'Too Many Requests', 'type': 'too_many_requests', 'param': None, 'code': 'too_many_requests'}}
Failed for Gojira - The Link: Error code: 429 - {'error': {'message': 'Too Many Requests', 'type': 'too_many_requests', 'param': None, 'code': 'too_many_requests'}}
Failed for Jupiter One - Unglued: Error code: 429 - {'error': {'message': 'Too Many Requests', 'type': 'too_many_requests', 'param': None, 'code': 'too_many_requests'}}
Failed for Thrice - Cold Cash And Colder Hearts: Error code: 429 - {'error': {'message': 'Too Many Requests', 'type': 'too_many_requests', 'param': None, 'code': 'too_many_requests'}}
Failed for Jupiter Rising - Electropop: Error code: 429 - {'error': {'message': 'Too Many Requests', 'type': 'too_many_requests', 'param': None, 'code': 'too_many_requests'}}
Failed for The Gathering - Jelena: Error code: 429 - {'error': {'message': 'Too Many Requests', 'type': 'too_many_requests', 'param': None, 'code': 'too_many_requests'}}
Failed for Thrice - Like Moths To Flame: Error code: 429 - {'error': {'message': 'Too Many Requests', 'type': 'too_many_requests', 'param': None, 'code': 'too_many_requests'}}
Failed for The Gathering - Like Fountains: Error code: 429 - {'error': {'message': 'Too Many Requests', 'type': 'too_many_requests', 'param': None, 'code': 'too_many_requests'}}
Failed for Children Of Bodom - Hate Me: Error code: 429 - {'error': {'message': 'Too Many Requests', 'type': 'too_many_requests', 'param': None, 'code': 'too_many_requests'}}
Failed for Dixie Chicks - Lubbock Or Leave It: Error code: 429 - {'error': {'message': 'Too Many Requests', 'type': 'too_many_requests', 'param': None, 'code': 'too_many_requests'}}
Failed for André 3000 - Roses: Error code: 429 - {'error': {'message': 'Too Many Requests', 'type': 'too_many_requests', 'param': None, 'code': 'too_many_requests'}}
Failed for The Sea And Cake - Introducing: Error code: 429 - {'error': {'message': 'Too Many Requests', 'type': 'too_many_requests', 'param': None, 'code': 'too_many_requests'}}
Failed for Dixie Chicks - Silent House: Error code: 429 - {'error': {'message': 'Too Many Requests', 'type': 'too_many_requests', 'param': None, 'code': 'too_many_requests'}}
Failed for Juno Reactor - High Energy Protons: Error code: 429 - {'error': {'message': 'Too Many Requests', 'type': 'too_many_requests', 'param': None, 'code': 'too_many_requests'}}
Failed for The Broken Family Band - Devil In The Details: Error code: 429 - {'error': {'message': 'Too Many Requests', 'type': 'too_many_requests', 'param': None, 'code': 'too_many_requests'}}
Failed for Placebo - Uneedmemorethanineedu: Error code: 429 - {'error': {'message': 'Too Many Requests', 'type': 'too_many_requests', 'param': None, 'code': 'too_many_requests'}}
Failed for The Gathering - Home: Error code: 429 - {'error': {'message': 'Too Many Requests', 'type': 'too_many_requests', 'param': None, 'code': 'too_many_requests'}}
Failed for Herman Düne - I Wish That I Could See You Soon: Error code: 429 - {'error': {'message': 'Too Many Requests', 'type': 'too_many_requests', 'param': None, 'code': 'too_many_requests'}}
1600/2988 done
Failed for The Briefs - My Girl (Wants To Be A Zombie): Error code: 429 - {'error': {'message': 'Too Many Requests', 'type': 'too_many_requests', 'param': None, 'code': 'too_many_requests'}}
Failed for Evergrey - A Touch Of Blessing: Error code: 429 - {'error': {'message': 'Too Many Requests', 'type': 'too_many_requests', 'param': None, 'code': 'too_many_requests'}}
Failed for Deborah Cox - House Is Not A Home (Tony Moran Mix): Error code: 429 - {'error': {'message': 'Too Many Requests', 'type': 'too_many_requests', 'param': None, 'code': 'too_many_requests'}}
Failed for James Brown - The Boss: Error code: 429 - {'error': {'message': 'Too Many Requests', 'type': 'too_many_requests', 'param': None, 'code': 'too_many_requests'}}
Failed for The Brian Setzer Orchestra - Since I Don'T Have You: Error code: 429 - {'error': {'message': 'Too Many Requests', 'type': 'too_many_requests', 'param': None, 'code': 'too_many_requests'}}
Failed for The Brian Jonestown Massacre - Who Fucking Pissed In My Well?: Error code: 429 - {'error': {'message': 'Too Many Requests', 'type': 'too_many_requests', 'param': None, 'code': 'too_many_requests'}}
Failed for Strawberry Whiplash - Summershine: Error code: 429 - {'error': {'message': 'Too Many Requests', 'type': 'too_many_requests', 'param': None, 'code': 'too_many_requests'}}
Failed for The Seahorses - Blinded By The Sun: Error code: 429 - {'error': {'message': 'Too Many Requests', 'type': 'too_many_requests', 'param': None, 'code': 'too_many_requests'}}
Failed for Dizzee Rascal - 2 Far (Feat. Wiley): Error code: 429 - {'error': {'message': 'Too Many Requests', 'type': 'too_many_requests', 'param': None, 'code': 'too_many_requests'}}
Failed for The Sea And Cake - Exact To Me: Error code: 429 - {'error': {'message': 'Too Many Requests', 'type': 'too_many_requests', 'param': None, 'code': 'too_many_requests'}}
Failed for Faust - Don'T Take Roots: Error code: 429 - {'error': {'message': 'Too Many Requests', 'type': 'too_many_requests', 'param': None, 'code': 'too_many_requests'}}
Failed for The Gaslight Anthem - The Patient Ferris Wheel: Error code: 429 - {'error': {'message': 'Too Many Requests', 'type': 'too_many_requests', 'param': None, 'code': 'too_many_requests'}}
Failed for Bent - An Ordinary Day: Error code: 429 - {'error': {'message': 'Too Many Requests', 'type': 'too_many_requests', 'param': None, 'code': 'too_many_requests'}}
Failed for Strike Anywhere - Riot Of Words: Error code: 429 - {'error': {'message': 'Too Many Requests', 'type': 'too_many_requests', 'param': None, 'code': 'too_many_requests'}}
Failed for Gone In 60 Seconds - Apollo Four Forty - Stop The Rock: Error code: 429 - {'error': {'message': 'Too Many Requests', 'type': 'too_many_requests', 'param': None, 'code': 'too_many_requests'}}
Failed for Chiodos - We'Re Gonna Have Us A Champagne Jam: Error code: 429 - {'error': {'message': 'Too Many Requests', 'type': 'too_many_requests', 'param': None, 'code': 'too_many_requests'}}
Failed for Disturbed - The Curse: Error code: 429 - {'error': {'message': 'Too Many Requests', 'type': 'too_many_requests', 'param': None, 'code': 'too_many_requests'}}
Failed for Nada Surf - Hi Speed Soul: Error code: 429 - {'error': {'message': 'Too Many Requests', 'type': 'too_many_requests', 'param': None, 'code': 'too_many_requests'}}
Failed for Juliette And The Licks - Got Love To Kill (Mstrkrft Remix): Error code: 429 - {'error': {'message': 'Too Many Requests', 'type': 'too_many_requests', 'param': None, 'code': 'too_many_requests'}}
Failed for Juliet - Avalon (Jacques Lu Cont Remix): Error code: 429 - {'error': {'message': 'Too Many Requests', 'type': 'too_many_requests', 'param': None, 'code': 'too_many_requests'}}
Failed for Tristania - Cure: Error code: 429 - {'error': {'message': 'Too Many Requests', 'type': 'too_many_requests', 'param': None, 'code': 'too_many_requests'}}
Failed for Naglfar - Unleash Hell: Error code: 429 - {'error': {'message': 'Too Many Requests', 'type': 'too_many_requests', 'param': None, 'code': 'too_many_requests'}}
Failed for Studio B - I See Girls (Crazy): Error code: 429 - {'error': {'message': 'Too Many Requests', 'type': 'too_many_requests', 'param': None, 'code': 'too_many_requests'}}
Failed for Raphael Saadiq - 100 Yard Dash: Error code: 429 - {'error': {'message': 'Too Many Requests', 'type': 'too_many_requests', 'param': None, 'code': 'too_many_requests'}}
Failed for Juliette And The Licks - Smash And Grab: Error code: 429 - {'error': {'message': 'Too Many Requests', 'type': 'too_many_requests', 'param': None, 'code': 'too_many_requests'}}
Failed for Bonnie 'Prince' Billy - Raining In Darling: Error code: 429 - {'error': {'message': 'Too Many Requests', 'type': 'too_many_requests', 'param': None, 'code': 'too_many_requests'}}
Failed for The Futureheads - Hard To Bear: Error code: 429 - {'error': {'message': 'Too Many Requests', 'type': 'too_many_requests', 'param': None, 'code': 'too_many_requests'}}
Failed for Vivian Green - Fanatic: Error code: 429 - {'error': {'message': 'Too Many Requests', 'type': 'too_many_requests', 'param': None, 'code': 'too_many_requests'}}
Failed for Bonnie 'Prince' Billy - Three Questions: Error code: 429 - {'error': {'message': 'Too Many Requests', 'type': 'too_many_requests', 'param': None, 'code': 'too_many_requests'}}
Failed for The Secret Handshake - Too Young (Toxic Avenger Remix): Error code: 429 - {'error': {'message': 'Too Many Requests', 'type': 'too_many_requests', 'param': None, 'code': 'too_many_requests'}}
Failed for Orange Range - * ~Asterisk~ (Romantic Version): Error code: 429 - {'error': {'message': 'Too Many Requests', 'type': 'too_many_requests', 'param': None, 'code': 'too_many_requests'}}
Failed for Plain White T'S - Figure It Out: Error code: 429 - {'error': {'message': 'Too Many Requests', 'type': 'too_many_requests', 'param': None, 'code': 'too_many_requests'}}
Failed for Plain White T'S - So Damn Clever: Error code: 429 - {'error': {'message': 'Too Many Requests', 'type': 'too_many_requests', 'param': None, 'code': 'too_many_requests'}}
Failed for Nana Starring Mika Nakashima - My Medicine: Error code: 429 - {'error': {'message': 'Too Many Requests', 'type': 'too_many_requests', 'param': None, 'code': 'too_many_requests'}}
Failed for Dissection - No Dreams Breed In Breathless Sleep: Error code: 429 - {'error': {'message': 'Too Many Requests', 'type': 'too_many_requests', 'param': None, 'code': 'too_many_requests'}}
Failed for Seeed - Waterpumpee With Anthony B (Waanback 2002): Error code: 429 - {'error': {'message': 'Too Many Requests', 'type': 'too_many_requests', 'param': None, 'code': 'too_many_requests'}}
Failed for Goodbooks - Walk With Me: Error code: 429 - {'error': {'message': 'Too Many Requests', 'type': 'too_many_requests', 'param': None, 'code': 'too_many_requests'}}
Failed for Andrew White - St. Patrick'S Parade: Error code: 429 - {'error': {'message': 'Too Many Requests', 'type': 'too_many_requests', 'param': None, 'code': 'too_many_requests'}}
Failed for Nancy Sinatra - Some Velvet Morning: Error code: 429 - {'error': {'message': 'Too Many Requests', 'type': 'too_many_requests', 'param': None, 'code': 'too_many_requests'}}
Failed for Aphilas - Collective Memory Loss: Error code: 429 - {'error': {'message': 'Too Many Requests', 'type': 'too_many_requests', 'param': None, 'code': 'too_many_requests'}}
Failed for Aphex Twin - [Curtains]: Error code: 429 - {'error': {'message': 'Too Many Requests', 'type': 'too_many_requests', 'param': None, 'code': 'too_many_requests'}}
Failed for Andrew White - Breda: Error code: 429 - {'error': {'message': 'Too Many Requests', 'type': 'too_many_requests', 'param': None, 'code': 'too_many_requests'}}
Failed for Dispatch - Out Loud: Error code: 429 - {'error': {'message': 'Too Many Requests', 'type': 'too_many_requests', 'param': None, 'code': 'too_many_requests'}}
Failed for Narcotic Thrust - I Like It: Error code: 429 - {'error': {'message': 'Too Many Requests', 'type': 'too_many_requests', 'param': None, 'code': 'too_many_requests'}}
Failed for Andrew White - Dingle Bay Dream: Error code: 429 - {'error': {'message': 'Too Many Requests', 'type': 'too_many_requests', 'param': None, 'code': 'too_many_requests'}}
Failed for Black Ryno - Shot A Buss [Raw]: Error code: 429 - {'error': {'message': 'Too Many Requests', 'type': 'too_many_requests', 'param': None, 'code': 'too_many_requests'}}
Failed for Bonnie 'Prince' Billy - Maundering: Error code: 429 - {'error': {'message': 'Too Many Requests', 'type': 'too_many_requests', 'param': None, 'code': 'too_many_requests'}}
Failed for Augustus Pablo - Keep On Dubbing: Error code: 429 - {'error': {'message': 'Too Many Requests', 'type': 'too_many_requests', 'param': None, 'code': 'too_many_requests'}}
Failed for Chris Cornell - Ghosts: Error code: 429 - {'error': {'message': 'Too Many Requests', 'type': 'too_many_requests', 'param': None, 'code': 'too_many_requests'}}
Failed for Dishwalla - Counting Blue Cars: Error code: 429 - {'error': {'message': 'Too Many Requests', 'type': 'too_many_requests', 'param': None, 'code': 'too_many_requests'}}
Failed for Rancid - As Wicked: Error code: 429 - {'error': {'message': 'Too Many Requests', 'type': 'too_many_requests', 'param': None, 'code': 'too_many_requests'}}
Failed for Chris Daughtry - Crashed: Error code: 429 - {'error': {'message': 'Too Many Requests', 'type': 'too_many_requests', 'param': None, 'code': 'too_many_requests'}}
Failed for 2Pac - Me Against The World: Error code: 429 - {'error': {'message': 'Too Many Requests', 'type': 'too_many_requests', 'param': None, 'code': 'too_many_requests'}}
Failed for The Frames - Keepsake: Error code: 429 - {'error': {'message': 'Too Many Requests', 'type': 'too_many_requests', 'param': None, 'code': 'too_many_requests'}}
Failed for Chris Isaak - Blue Spanish Sky: Error code: 429 - {'error': {'message': 'Too Many Requests', 'type': 'too_many_requests', 'param': None, 'code': 'too_many_requests'}}
Failed for Chris Isaak - Dancin': Error code: 429 - {'error': {'message': 'Too Many Requests', 'type': 'too_many_requests', 'param': None, 'code': 'too_many_requests'}}
Failed for Bonnie 'Prince' Billy - Horses: Error code: 429 - {'error': {'message': 'Too Many Requests', 'type': 'too_many_requests', 'param': None, 'code': 'too_many_requests'}}
Failed for The Fratellis - Shameless: Error code: 429 - {'error': {'message': 'Too Many Requests', 'type': 'too_many_requests', 'param': None, 'code': 'too_many_requests'}}
Failed for Nashville Pussy - High As Hell: Error code: 429 - {'error': {'message': 'Too Many Requests', 'type': 'too_many_requests', 'param': None, 'code': 'too_many_requests'}}
Failed for Her Space Holiday - The Young Machines: Error code: 429 - {'error': {'message': 'Too Many Requests', 'type': 'too_many_requests', 'param': None, 'code': 'too_many_requests'}}
Failed for Sinéad O'Connor - Troy: Error code: 429 - {'error': {'message': 'Too Many Requests', 'type': 'too_many_requests', 'param': None, 'code': 'too_many_requests'}}
Failed for Sinéad O'Connor - Curly Locks: Error code: 429 - {'error': {'message': 'Too Many Requests', 'type': 'too_many_requests', 'param': None, 'code': 'too_many_requests'}}
Failed for Crystal Castles - Love & Caring (7 Version): Error code: 429 - {'error': {'message': 'Too Many Requests', 'type': 'too_many_requests', 'param': None, 'code': 'too_many_requests'}}
Failed for Plain White T'S - Gimme A Chance: Error code: 429 - {'error': {'message': 'Too Many Requests', 'type': 'too_many_requests', 'param': None, 'code': 'too_many_requests'}}
Failed for Gorilla Biscuits - New Direction: Error code: 429 - {'error': {'message': 'Too Many Requests', 'type': 'too_many_requests', 'param': None, 'code': 'too_many_requests'}}
Failed for Bauhaus - Boys: Error code: 429 - {'error': {'message': 'Too Many Requests', 'type': 'too_many_requests', 'param': None, 'code': 'too_many_requests'}}
Failed for Sinéad O'Connor - Silent Night: Error code: 429 - {'error': {'message': 'Too Many Requests', 'type': 'too_many_requests', 'param': None, 'code': 'too_many_requests'}}
Failed for X-Ray Spex - Germ Free Adolescents: Error code: 429 - {'error': {'message': 'Too Many Requests', 'type': 'too_many_requests', 'param': None, 'code': 'too_many_requests'}}
Failed for Ramones - Locket Love: Error code: 429 - {'error': {'message': 'Too Many Requests', 'type': 'too_many_requests', 'param': None, 'code': 'too_many_requests'}}
Failed for Ramones - Mama'S Boy: Error code: 429 - {'error': {'message': 'Too Many Requests', 'type': 'too_many_requests', 'param': None, 'code': 'too_many_requests'}}
Failed for Slagsmålsklubben - Sponsored By Destiny: Error code: 429 - {'error': {'message': 'Too Many Requests', 'type': 'too_many_requests', 'param': None, 'code': 'too_many_requests'}}
Failed for Sublime - Right Back: Error code: 429 - {'error': {'message': 'Too Many Requests', 'type': 'too_many_requests', 'param': None, 'code': 'too_many_requests'}}
Failed for Sublime - The Ballad Of Johnny Butt: Error code: 429 - {'error': {'message': 'Too Many Requests', 'type': 'too_many_requests', 'param': None, 'code': 'too_many_requests'}}
Failed for Bonnie 'Prince' Billy - Am I Demon: Error code: 429 - {'error': {'message': 'Too Many Requests', 'type': 'too_many_requests', 'param': None, 'code': 'too_many_requests'}}
Failed for Lo-Fi-Fnk - Louder: Error code: 429 - {'error': {'message': 'Too Many Requests', 'type': 'too_many_requests', 'param': None, 'code': 'too_many_requests'}}
Failed for Slagsmålsklubben - Spring För Livet Gottegris: Error code: 429 - {'error': {'message': 'Too Many Requests', 'type': 'too_many_requests', 'param': None, 'code': 'too_many_requests'}}
Failed for Andrew Lloyd Webber - Think Of Me: Error code: 429 - {'error': {'message': 'Too Many Requests', 'type': 'too_many_requests', 'param': None, 'code': 'too_many_requests'}}
Failed for Judas Priest - Lochness: Error code: 429 - {'error': {'message': 'Too Many Requests', 'type': 'too_many_requests', 'param': None, 'code': 'too_many_requests'}}
Failed for Slagsmålsklubben - Malmö Beach Night Party: Error code: 429 - {'error': {'message': 'Too Many Requests', 'type': 'too_many_requests', 'param': None, 'code': 'too_many_requests'}}
Failed for Judas Priest - Out In The Cold: Error code: 429 - {'error': {'message': 'Too Many Requests', 'type': 'too_many_requests', 'param': None, 'code': 'too_many_requests'}}
Failed for Judas Priest - Evening Star: Error code: 429 - {'error': {'message': 'Too Many Requests', 'type': 'too_many_requests', 'param': None, 'code': 'too_many_requests'}}
Failed for Judas Priest - Burnin' Up: Error code: 429 - {'error': {'message': 'Too Many Requests', 'type': 'too_many_requests', 'param': None, 'code': 'too_many_requests'}}
Failed for Judas Priest - Heavy Duty: Error code: 429 - {'error': {'message': 'Too Many Requests', 'type': 'too_many_requests', 'param': None, 'code': 'too_many_requests'}}
Failed for The Format - A Mess To Be Made: Error code: 429 - {'error': {'message': 'Too Many Requests', 'type': 'too_many_requests', 'param': None, 'code': 'too_many_requests'}}
Failed for Fatboy Slim - Talking Bout My Baby: Error code: 429 - {'error': {'message': 'Too Many Requests', 'type': 'too_many_requests', 'param': None, 'code': 'too_many_requests'}}
Failed for Ultravox - Mr. X: Error code: 429 - {'error': {'message': 'Too Many Requests', 'type': 'too_many_requests', 'param': None, 'code': 'too_many_requests'}}
Failed for Judas Priest - Death Row: Error code: 429 - {'error': {'message': 'Too Many Requests', 'type': 'too_many_requests', 'param': None, 'code': 'too_many_requests'}}
Failed for Zabili Mi Żółwia - Dzień Wagarowicza: Error code: 429 - {'error': {'message': 'Too Many Requests', 'type': 'too_many_requests', 'param': None, 'code': 'too_many_requests'}}
Failed for Gorillaz - Murdoc Is God: Error code: 429 - {'error': {'message': 'Too Many Requests', 'type': 'too_many_requests', 'param': None, 'code': 'too_many_requests'}}
Failed for Deep Dish - In Love With A Friend: Error code: 429 - {'error': {'message': 'Too Many Requests', 'type': 'too_many_requests', 'param': None, 'code': 'too_many_requests'}}
Failed for Fatboy Slim - The Joker: Error code: 429 - {'error': {'message': 'Too Many Requests', 'type': 'too_many_requests', 'param': None, 'code': 'too_many_requests'}}
Failed for Henry Mancini - Experiment In Terror: Error code: 429 - {'error': {'message': 'Too Many Requests', 'type': 'too_many_requests', 'param': None, 'code': 'too_many_requests'}}
Failed for Ramones - Do You Remember Rock 'N' Roll Radio: Error code: 429 - {'error': {'message': 'Too Many Requests', 'type': 'too_many_requests', 'param': None, 'code': 'too_many_requests'}}
Failed for Xavier Baumaxa - Otvírákem: Error code: 429 - {'error': {'message': 'Too Many Requests', 'type': 'too_many_requests', 'param': None, 'code': 'too_many_requests'}}
Failed for Jamie Cullum - High And Dry: Error code: 429 - {'error': {'message': 'Too Many Requests', 'type': 'too_many_requests', 'param': None, 'code': 'too_many_requests'}}
Failed for Opeth - Demon Of The Fall: Error code: 429 - {'error': {'message': 'Too Many Requests', 'type': 'too_many_requests', 'param': None, 'code': 'too_many_requests'}}
Failed for Jamie Foxx - Blame It (Feat. T-Pain): Error code: 429 - {'error': {'message': 'Too Many Requests', 'type': 'too_many_requests', 'param': None, 'code': 'too_many_requests'}}
Failed for The Strokes - Hawaii: Error code: 429 - {'error': {'message': 'Too Many Requests', 'type': 'too_many_requests', 'param': None, 'code': 'too_many_requests'}}
Failed for Opeth - Silhouette: Error code: 429 - {'error': {'message': 'Too Many Requests', 'type': 'too_many_requests', 'param': None, 'code': 'too_many_requests'}}
1700/2988 done
Failed for Sucioperro - The Crushing Of The Little People: Error code: 429 - {'error': {'message': 'Too Many Requests', 'type': 'too_many_requests', 'param': None, 'code': 'too_many_requests'}}
Failed for Gossip - Yr Mangled Heart (Guns N' Bombs Trashbags Remix): Error code: 429 - {'error': {'message': 'Too Many Requests', 'type': 'too_many_requests', 'param': None, 'code': 'too_many_requests'}}
Failed for Gossip - Your Mangled Heart: Error code: 429 - {'error': {'message': 'Too Many Requests', 'type': 'too_many_requests', 'param': None, 'code': 'too_many_requests'}}
Failed for 植松伸夫 - The Promised Land: Error code: 429 - {'error': {'message': 'Too Many Requests', 'type': 'too_many_requests', 'param': None, 'code': 'too_many_requests'}}
Failed for Beneath The Massacre - Society'S Disposable Son: Error code: 429 - {'error': {'message': 'Too Many Requests', 'type': 'too_many_requests', 'param': None, 'code': 'too_many_requests'}}
Failed for Andrew Bird - The Happy Birthday Song: Error code: 429 - {'error': {'message': 'Too Many Requests', 'type': 'too_many_requests', 'param': None, 'code': 'too_many_requests'}}
Failed for Thursday - Autumn Leaves Revisited: Error code: 429 - {'error': {'message': 'Too Many Requests', 'type': 'too_many_requests', 'param': None, 'code': 'too_many_requests'}}
Failed for Chrisette Michele - Best Of Me: Error code: 429 - {'error': {'message': 'Too Many Requests', 'type': 'too_many_requests', 'param': None, 'code': 'too_many_requests'}}
Failed for Chrisette Michele - Like A Dream: Error code: 429 - {'error': {'message': 'Too Many Requests', 'type': 'too_many_requests', 'param': None, 'code': 'too_many_requests'}}
Failed for Trio Odemira - Ana Maria: Error code: 429 - {'error': {'message': 'Too Many Requests', 'type': 'too_many_requests', 'param': None, 'code': 'too_many_requests'}}
Failed for Marnie Stern - Put All Your Eggs In One Basket And Then Watch That Basket!!!: Error code: 429 - {'error': {'message': 'Too Many Requests', 'type': 'too_many_requests', 'param': None, 'code': 'too_many_requests'}}
Failed for Volbeat - Caroline Leaving: Error code: 429 - {'error': {'message': 'Too Many Requests', 'type': 'too_many_requests', 'param': None, 'code': 'too_many_requests'}}
Failed for Thursday - Division St.: Error code: 429 - {'error': {'message': 'Too Many Requests', 'type': 'too_many_requests', 'param': None, 'code': 'too_many_requests'}}
Failed for The Flaming Lips - Race For The Prize (Mokran Mix): Error code: 429 - {'error': {'message': 'Too Many Requests', 'type': 'too_many_requests', 'param': None, 'code': 'too_many_requests'}}
Failed for Fatboy Slim - Everybody Needs A 303: Error code: 429 - {'error': {'message': 'Too Many Requests', 'type': 'too_many_requests', 'param': None, 'code': 'too_many_requests'}}
Failed for Suede - The 2 Of Us: Error code: 429 - {'error': {'message': 'Too Many Requests', 'type': 'too_many_requests', 'param': None, 'code': 'too_many_requests'}}
Failed for Yung Joc - It'S Goin' Down: Error code: 429 - {'error': {'message': 'Too Many Requests', 'type': 'too_many_requests', 'param': None, 'code': 'too_many_requests'}}
Failed for José González - Storm: Error code: 429 - {'error': {'message': 'Too Many Requests', 'type': 'too_many_requests', 'param': None, 'code': 'too_many_requests'}}
Failed for Semisonic - Completely Pleased: Error code: 429 - {'error': {'message': 'Too Many Requests', 'type': 'too_many_requests', 'param': None, 'code': 'too_many_requests'}}
Failed for Mark Snow - Mitis Lumen: Error code: 429 - {'error': {'message': 'Too Many Requests', 'type': 'too_many_requests', 'param': None, 'code': 'too_many_requests'}}
Failed for Christina Aguilera - Genie 2.0: Error code: 429 - {'error': {'message': 'Too Many Requests', 'type': 'too_many_requests', 'param': None, 'code': 'too_many_requests'}}
Failed for Negative Approach - Sick Of Talk: Error code: 429 - {'error': {'message': 'Too Many Requests', 'type': 'too_many_requests', 'param': None, 'code': 'too_many_requests'}}
Failed for Thurston Moore - Blues From Beyond The Grave: Error code: 429 - {'error': {'message': 'Too Many Requests', 'type': 'too_many_requests', 'param': None, 'code': 'too_many_requests'}}
Failed for Joss Stone - The Chokin' Kind: Error code: 429 - {'error': {'message': 'Too Many Requests', 'type': 'too_many_requests', 'param': None, 'code': 'too_many_requests'}}
Failed for Joss Whedon & Christophe Beck - Rest In Peace: Error code: 429 - {'error': {'message': 'Too Many Requests', 'type': 'too_many_requests', 'param': None, 'code': 'too_many_requests'}}
Failed for Joss Stone - Victim Of A Foolish Heart: Error code: 429 - {'error': {'message': 'Too Many Requests', 'type': 'too_many_requests', 'param': None, 'code': 'too_many_requests'}}
Failed for Bauhaus - Small Talk Stinks: Error code: 429 - {'error': {'message': 'Too Many Requests', 'type': 'too_many_requests', 'param': None, 'code': 'too_many_requests'}}
Failed for Jamiroquai - Travelling Without Moving: Error code: 429 - {'error': {'message': 'Too Many Requests', 'type': 'too_many_requests', 'param': None, 'code': 'too_many_requests'}}
Failed for Deep Purple - Anthem: Error code: 429 - {'error': {'message': 'Too Many Requests', 'type': 'too_many_requests', 'param': None, 'code': 'too_many_requests'}}
Failed for Deep Purple - Bloodsucker: Error code: 429 - {'error': {'message': 'Too Many Requests', 'type': 'too_many_requests', 'param': None, 'code': 'too_many_requests'}}
Failed for Sheer Terror - Time Don'T Heal A Thing: Error code: 429 - {'error': {'message': 'Too Many Requests', 'type': 'too_many_requests', 'param': None, 'code': 'too_many_requests'}}
Failed for Sheer Terror - Here To Stay: Error code: 429 - {'error': {'message': 'Too Many Requests', 'type': 'too_many_requests', 'param': None, 'code': 'too_many_requests'}}
Failed for Blur - Fool: Error code: 429 - {'error': {'message': 'Too Many Requests', 'type': 'too_many_requests', 'param': None, 'code': 'too_many_requests'}}
Failed for The Calling - Stigmatized: Error code: 429 - {'error': {'message': 'Too Many Requests', 'type': 'too_many_requests', 'param': None, 'code': 'too_many_requests'}}
Failed for Jamie Lidell - Green Light: Error code: 429 - {'error': {'message': 'Too Many Requests', 'type': 'too_many_requests', 'param': None, 'code': 'too_many_requests'}}
Failed for Deep Dish - Dub Shepherd: Error code: 429 - {'error': {'message': 'Too Many Requests', 'type': 'too_many_requests', 'param': None, 'code': 'too_many_requests'}}
Failed for Jamie Lidell - Music Will Not Last: Error code: 429 - {'error': {'message': 'Too Many Requests', 'type': 'too_many_requests', 'param': None, 'code': 'too_many_requests'}}
Failed for Bonde Do Rolê - Divine Gosa: Error code: 429 - {'error': {'message': 'Too Many Requests', 'type': 'too_many_requests', 'param': None, 'code': 'too_many_requests'}}
Failed for Graham Coxon - I Can'T Look At Your Skin: Error code: 429 - {'error': {'message': 'Too Many Requests', 'type': 'too_many_requests', 'param': None, 'code': 'too_many_requests'}}
Failed for Christina Aguilera - The Right Man: Error code: 429 - {'error': {'message': 'Too Many Requests', 'type': 'too_many_requests', 'param': None, 'code': 'too_many_requests'}}
Failed for Sufjan Stevens - For Clyde Tombaugh: Error code: 429 - {'error': {'message': 'Too Many Requests', 'type': 'too_many_requests', 'param': None, 'code': 'too_many_requests'}}
Failed for Sentenced - 0132: Error code: 429 - {'error': {'message': 'Too Many Requests', 'type': 'too_many_requests', 'param': None, 'code': 'too_many_requests'}}
Failed for Thåström - Fanfanfan: Error code: 429 - {'error': {'message': 'Too Many Requests', 'type': 'too_many_requests', 'param': None, 'code': 'too_many_requests'}}
Failed for Josh Ritter - Wait For Love: Error code: 429 - {'error': {'message': 'Too Many Requests', 'type': 'too_many_requests', 'param': None, 'code': 'too_many_requests'}}
Failed for The Fiery Furnaces - Crystal Clear: Error code: 429 - {'error': {'message': 'Too Many Requests', 'type': 'too_many_requests', 'param': None, 'code': 'too_many_requests'}}
Failed for Dir En Grey - Clever Sleazoid: Error code: 429 - {'error': {'message': 'Too Many Requests', 'type': 'too_many_requests', 'param': None, 'code': 'too_many_requests'}}
Failed for Josh Pyke - Memories And Dust: Error code: 429 - {'error': {'message': 'Too Many Requests', 'type': 'too_many_requests', 'param': None, 'code': 'too_many_requests'}}
Failed for Josh Ritter - Edge Of The World: Error code: 429 - {'error': {'message': 'Too Many Requests', 'type': 'too_many_requests', 'param': None, 'code': 'too_many_requests'}}
Failed for Josh Groban - When You Say You Love Me: Error code: 429 - {'error': {'message': 'Too Many Requests', 'type': 'too_many_requests', 'param': None, 'code': 'too_many_requests'}}
Failed for Rainbow - Run With The Wolf: Error code: 429 - {'error': {'message': 'Too Many Requests', 'type': 'too_many_requests', 'param': None, 'code': 'too_many_requests'}}
Failed for London After Midnight - Nothing'S Sacred: Error code: 429 - {'error': {'message': 'Too Many Requests', 'type': 'too_many_requests', 'param': None, 'code': 'too_many_requests'}}
Failed for London After Midnight - The Beginning Of The End: Error code: 429 - {'error': {'message': 'Too Many Requests', 'type': 'too_many_requests', 'param': None, 'code': 'too_many_requests'}}
Failed for Ypey - Without You: Error code: 429 - {'error': {'message': 'Too Many Requests', 'type': 'too_many_requests', 'param': None, 'code': 'too_many_requests'}}
Failed for Talulah Gosh - Bringing Up Baby: Error code: 429 - {'error': {'message': 'Too Many Requests', 'type': 'too_many_requests', 'param': None, 'code': 'too_many_requests'}}
Failed for Crowded House - Distant Sun: Error code: 429 - {'error': {'message': 'Too Many Requests', 'type': 'too_many_requests', 'param': None, 'code': 'too_many_requests'}}
Failed for Pnau Feat. Ladyhawke - Embrace: Error code: 429 - {'error': {'message': 'Too Many Requests', 'type': 'too_many_requests', 'param': None, 'code': 'too_many_requests'}}
Failed for Neil Young - Everybody Knows This Is Nowhere: Error code: 429 - {'error': {'message': 'Too Many Requests', 'type': 'too_many_requests', 'param': None, 'code': 'too_many_requests'}}
Failed for Neil Young - Far From Home: Error code: 429 - {'error': {'message': 'Too Many Requests', 'type': 'too_many_requests', 'param': None, 'code': 'too_many_requests'}}
Failed for Neil Young - Cripple Creek Ferry: Error code: 429 - {'error': {'message': 'Too Many Requests', 'type': 'too_many_requests', 'param': None, 'code': 'too_many_requests'}}
Failed for Deep Purple - Back To Back: Error code: 429 - {'error': {'message': 'Too Many Requests', 'type': 'too_many_requests', 'param': None, 'code': 'too_many_requests'}}
Failed for Welle: Erdball - Wasserstoff (H2): Error code: 429 - {'error': {'message': 'Too Many Requests', 'type': 'too_many_requests', 'param': None, 'code': 'too_many_requests'}}
Failed for Lucky Soul - One Kiss Don'T Make A Summer: Error code: 429 - {'error': {'message': 'Too Many Requests', 'type': 'too_many_requests', 'param': None, 'code': 'too_many_requests'}}
Failed for Blur - Optigan 1: Error code: 429 - {'error': {'message': 'Too Many Requests', 'type': 'too_many_requests', 'param': None, 'code': 'too_many_requests'}}
Failed for Crotchduster - Mammal Sauce: Error code: 429 - {'error': {'message': 'Too Many Requests', 'type': 'too_many_requests', 'param': None, 'code': 'too_many_requests'}}
Failed for Deep Purple - Gettin' Tighter: Error code: 429 - {'error': {'message': 'Too Many Requests', 'type': 'too_many_requests', 'param': None, 'code': 'too_many_requests'}}
Failed for Crowded House - Into Temptation: Error code: 429 - {'error': {'message': 'Too Many Requests', 'type': 'too_many_requests', 'param': None, 'code': 'too_many_requests'}}
Failed for Jamisonparker - Alcohol & Bandages: Error code: 429 - {'error': {'message': 'Too Many Requests', 'type': 'too_many_requests', 'param': None, 'code': 'too_many_requests'}}
Failed for Amari - Whale Grotto: Error code: 429 - {'error': {'message': 'Too Many Requests', 'type': 'too_many_requests', 'param': None, 'code': 'too_many_requests'}}
Failed for Pnau - Come Together: Error code: 429 - {'error': {'message': 'Too Many Requests', 'type': 'too_many_requests', 'param': None, 'code': 'too_many_requests'}}
Failed for Grand Archives - A Setting Sun: Error code: 429 - {'error': {'message': 'Too Many Requests', 'type': 'too_many_requests', 'param': None, 'code': 'too_many_requests'}}
Failed for Aesop Rock - Coffee: Error code: 429 - {'error': {'message': 'Too Many Requests', 'type': 'too_many_requests', 'param': None, 'code': 'too_many_requests'}}
Failed for Aesop Rock - Fast Cars: Error code: 429 - {'error': {'message': 'Too Many Requests', 'type': 'too_many_requests', 'param': None, 'code': 'too_many_requests'}}
Failed for Aesop Rock - Easy: Error code: 429 - {'error': {'message': 'Too Many Requests', 'type': 'too_many_requests', 'param': None, 'code': 'too_many_requests'}}
Failed for The Sisters Of Mercy - Driven Like The Snow: Error code: 429 - {'error': {'message': 'Too Many Requests', 'type': 'too_many_requests', 'param': None, 'code': 'too_many_requests'}}
Failed for Raimundos - Palhas Do Coqueiro: Error code: 429 - {'error': {'message': 'Too Many Requests', 'type': 'too_many_requests', 'param': None, 'code': 'too_many_requests'}}
Failed for Chuck Ragan - The Boat: Error code: 429 - {'error': {'message': 'Too Many Requests', 'type': 'too_many_requests', 'param': None, 'code': 'too_many_requests'}}
Failed for Yppah - Almost In That Category: Error code: 429 - {'error': {'message': 'Too Many Requests', 'type': 'too_many_requests', 'param': None, 'code': 'too_many_requests'}}
Failed for Jan Johansson - Visa Från Rättvik: Error code: 429 - {'error': {'message': 'Too Many Requests', 'type': 'too_many_requests', 'param': None, 'code': 'too_many_requests'}}
Failed for The Feelies - Everybody'S Got Something To Hide (Except Me And My Monkey): Error code: 429 - {'error': {'message': 'Too Many Requests', 'type': 'too_many_requests', 'param': None, 'code': 'too_many_requests'}}
Failed for Jan Jelinek - Drift: Error code: 429 - {'error': {'message': 'Too Many Requests', 'type': 'too_many_requests', 'param': None, 'code': 'too_many_requests'}}
Failed for Talking Heads - The Overload: Error code: 429 - {'error': {'message': 'Too Many Requests', 'type': 'too_many_requests', 'param': None, 'code': 'too_many_requests'}}
Failed for Crossover - The Visitor: Error code: 429 - {'error': {'message': 'Too Many Requests', 'type': 'too_many_requests', 'param': None, 'code': 'too_many_requests'}}
Failed for The Cardigans - Iron Man: Error code: 429 - {'error': {'message': 'Too Many Requests', 'type': 'too_many_requests', 'param': None, 'code': 'too_many_requests'}}
Failed for The Cardigans - In The Round: Error code: 429 - {'error': {'message': 'Too Many Requests', 'type': 'too_many_requests', 'param': None, 'code': 'too_many_requests'}}
Failed for Deep Purple - Into The Fire: Error code: 429 - {'error': {'message': 'Too Many Requests', 'type': 'too_many_requests', 'param': None, 'code': 'too_many_requests'}}
Failed for Thåström - Stjärna Som Är Din: Error code: 429 - {'error': {'message': 'Too Many Requests', 'type': 'too_many_requests', 'param': None, 'code': 'too_many_requests'}}
Failed for The Fall Of Troy - I Just Got This Symphony Goin': Error code: 429 - {'error': {'message': 'Too Many Requests', 'type': 'too_many_requests', 'param': None, 'code': 'too_many_requests'}}
Failed for Von Hertzen Brothers - Let Thy Will Be Done: Error code: 429 - {'error': {'message': 'Too Many Requests', 'type': 'too_many_requests', 'param': None, 'code': 'too_many_requests'}}
Failed for The Fall Of Troy - Mouths Like Sidewinder Missiles: Error code: 429 - {'error': {'message': 'Too Many Requests', 'type': 'too_many_requests', 'param': None, 'code': 'too_many_requests'}}
Failed for Emilie Autumn - Rapunzel: Error code: 429 - {'error': {'message': 'Too Many Requests', 'type': 'too_many_requests', 'param': None, 'code': 'too_many_requests'}}
Failed for Emilie Autumn - Manic Depression: Error code: 429 - {'error': {'message': 'Too Many Requests', 'type': 'too_many_requests', 'param': None, 'code': 'too_many_requests'}}
Failed for Grandaddy - Disconnecty: Error code: 429 - {'error': {'message': 'Too Many Requests', 'type': 'too_many_requests', 'param': None, 'code': 'too_many_requests'}}
Failed for The Fall - The Man Whose Head Expanded: Error code: 429 - {'error': {'message': 'Too Many Requests', 'type': 'too_many_requests', 'param': None, 'code': 'too_many_requests'}}
Failed for Aesop Rock - Five Fingers: Error code: 429 - {'error': {'message': 'Too Many Requests', 'type': 'too_many_requests', 'param': None, 'code': 'too_many_requests'}}
Failed for Dinosaur Jr. - Poledo: Error code: 429 - {'error': {'message': 'Too Many Requests', 'type': 'too_many_requests', 'param': None, 'code': 'too_many_requests'}}
Failed for The Wake - An Immaculate Conception: Error code: 429 - {'error': {'message': 'Too Many Requests', 'type': 'too_many_requests', 'param': None, 'code': 'too_many_requests'}}
Failed for 2Pac - Ambitionz Az A Ridah: Error code: 429 - {'error': {'message': 'Too Many Requests', 'type': 'too_many_requests', 'param': None, 'code': 'too_many_requests'}}
1800/2988 done
Failed for Mark Farina - Laurnea - Keep Your Head Up: Error code: 429 - {'error': {'message': 'Too Many Requests', 'type': 'too_many_requests', 'param': None, 'code': 'too_many_requests'}}
Failed for Aesthetic Perfection - Pale: Error code: 429 - {'error': {'message': 'Too Many Requests', 'type': 'too_many_requests', 'param': None, 'code': 'too_many_requests'}}
Failed for Autolux - Capital Kind Of Strain: Error code: 429 - {'error': {'message': 'Too Many Requests', 'type': 'too_many_requests', 'param': None, 'code': 'too_many_requests'}}
Failed for Von Südenfed - That Sound Wiped: Error code: 429 - {'error': {'message': 'Too Many Requests', 'type': 'too_many_requests', 'param': None, 'code': 'too_many_requests'}}
Failed for Cicada - The Things You Say (Dirty South Remix): Error code: 429 - {'error': {'message': 'Too Many Requests', 'type': 'too_many_requests', 'param': None, 'code': 'too_many_requests'}}
Failed for Voxtrot - Blood Red Blood: Error code: 429 - {'error': {'message': 'Too Many Requests', 'type': 'too_many_requests', 'param': None, 'code': 'too_many_requests'}}
Failed for Rage Against The Machine - Kick Out The Jams (Live): Error code: 429 - {'error': {'message': 'Too Many Requests', 'type': 'too_many_requests', 'param': None, 'code': 'too_many_requests'}}
Failed for Von Südenfed - Fledermaus Can'T Get It: Error code: 429 - {'error': {'message': 'Too Many Requests', 'type': 'too_many_requests', 'param': None, 'code': 'too_many_requests'}}
Failed for Mark Farina - Pete Rock - A Little Soul [Petestrumentals]: Error code: 429 - {'error': {'message': 'Too Many Requests', 'type': 'too_many_requests', 'param': None, 'code': 'too_many_requests'}}
Failed for Maritime - Tearing Up The Oxygen: Error code: 429 - {'error': {'message': 'Too Many Requests', 'type': 'too_many_requests', 'param': None, 'code': 'too_many_requests'}}
Failed for Cinema Bizarre - Forever Or Never: Error code: 429 - {'error': {'message': 'Too Many Requests', 'type': 'too_many_requests', 'param': None, 'code': 'too_many_requests'}}
Failed for Aesthetic Perfection - Architect: Error code: 429 - {'error': {'message': 'Too Many Requests', 'type': 'too_many_requests', 'param': None, 'code': 'too_many_requests'}}
Failed for Apocalyptica - Deathzone: Error code: 429 - {'error': {'message': 'Too Many Requests', 'type': 'too_many_requests', 'param': None, 'code': 'too_many_requests'}}
Failed for Joni Mitchell - Help Me: Error code: 429 - {'error': {'message': 'Too Many Requests', 'type': 'too_many_requests', 'param': None, 'code': 'too_many_requests'}}
Failed for Nellie Mckay - I Will Be There: Error code: 429 - {'error': {'message': 'Too Many Requests', 'type': 'too_many_requests', 'param': None, 'code': 'too_many_requests'}}
Failed for Apocalyptica - I'M Not Jesus (Feat. Corey Taylor): Error code: 429 - {'error': {'message': 'Too Many Requests', 'type': 'too_many_requests', 'param': None, 'code': 'too_many_requests'}}
Failed for Nekropsi - Efsane: Error code: 429 - {'error': {'message': 'Too Many Requests', 'type': 'too_many_requests', 'param': None, 'code': 'too_many_requests'}}
Failed for Hella - Cafeteria Bananas: Error code: 429 - {'error': {'message': 'Too Many Requests', 'type': 'too_many_requests', 'param': None, 'code': 'too_many_requests'}}
Failed for Nekropsi - Fok: Error code: 429 - {'error': {'message': 'Too Many Requests', 'type': 'too_many_requests', 'param': None, 'code': 'too_many_requests'}}
Failed for Xiu Xiu - Brooklyn Dodgers: Error code: 429 - {'error': {'message': 'Too Many Requests', 'type': 'too_many_requests', 'param': None, 'code': 'too_many_requests'}}
Failed for Xiu Xiu - Bunny Gamer (B): Error code: 429 - {'error': {'message': 'Too Many Requests', 'type': 'too_many_requests', 'param': None, 'code': 'too_many_requests'}}
Failed for The Cat Empire - The Chariot: Error code: 429 - {'error': {'message': 'Too Many Requests', 'type': 'too_many_requests', 'param': None, 'code': 'too_many_requests'}}
Failed for Towers Of London - King: Error code: 429 - {'error': {'message': 'Too Many Requests', 'type': 'too_many_requests', 'param': None, 'code': 'too_many_requests'}}
Failed for One Of Us - Fixed/Real: Error code: 429 - {'error': {'message': 'Too Many Requests', 'type': 'too_many_requests', 'param': None, 'code': 'too_many_requests'}}
Failed for The Cardigans - Your New Cuckoo: Error code: 429 - {'error': {'message': 'Too Many Requests', 'type': 'too_many_requests', 'param': None, 'code': 'too_many_requests'}}
Failed for Nellie Mckay - Swept Away: Error code: 429 - {'error': {'message': 'Too Many Requests', 'type': 'too_many_requests', 'param': None, 'code': 'too_many_requests'}}
Failed for Longview - Nowhere: Error code: 429 - {'error': {'message': 'Too Many Requests', 'type': 'too_many_requests', 'param': None, 'code': 'too_many_requests'}}
Failed for Longview - This Is: Error code: 429 - {'error': {'message': 'Too Many Requests', 'type': 'too_many_requests', 'param': None, 'code': 'too_many_requests'}}
Failed for Youth Group - Shadowland: Error code: 429 - {'error': {'message': 'Too Many Requests', 'type': 'too_many_requests', 'param': None, 'code': 'too_many_requests'}}
Failed for Circa Survive - The Greatest Lie: Error code: 429 - {'error': {'message': 'Too Many Requests', 'type': 'too_many_requests', 'param': None, 'code': 'too_many_requests'}}
Failed for Ben Harper - Picture In A Frame: Error code: 429 - {'error': {'message': 'Too Many Requests', 'type': 'too_many_requests', 'param': None, 'code': 'too_many_requests'}}
Failed for Circle Takes The Square - Interview At The Ruins: Error code: 429 - {'error': {'message': 'Too Many Requests', 'type': 'too_many_requests', 'param': None, 'code': 'too_many_requests'}}
Failed for Dimmu Borgir - Master Of Disharmony: Error code: 429 - {'error': {'message': 'Too Many Requests', 'type': 'too_many_requests', 'param': None, 'code': 'too_many_requests'}}
Failed for Grauzone - Film 2: Error code: 429 - {'error': {'message': 'Too Many Requests', 'type': 'too_many_requests', 'param': None, 'code': 'too_many_requests'}}
Failed for Nelly - Grillz: Error code: 429 - {'error': {'message': 'Too Many Requests', 'type': 'too_many_requests', 'param': None, 'code': 'too_many_requests'}}
Failed for Nelly - Ride With Me: Error code: 429 - {'error': {'message': 'Too Many Requests', 'type': 'too_many_requests', 'param': None, 'code': 'too_many_requests'}}
Failed for Nelly Furtado - Childhood Dreams: Error code: 429 - {'error': {'message': 'Too Many Requests', 'type': 'too_many_requests', 'param': None, 'code': 'too_many_requests'}}
Failed for Graveworm - Timeless: Error code: 429 - {'error': {'message': 'Too Many Requests', 'type': 'too_many_requests', 'param': None, 'code': 'too_many_requests'}}
Failed for Suicidal Tendencies - Go'N Breakdown: Error code: 429 - {'error': {'message': 'Too Many Requests', 'type': 'too_many_requests', 'param': None, 'code': 'too_many_requests'}}
Failed for The Chameleons - Here Today: Error code: 429 - {'error': {'message': 'Too Many Requests', 'type': 'too_many_requests', 'param': None, 'code': 'too_many_requests'}}
Failed for Helios - Emancipation: Error code: 429 - {'error': {'message': 'Too Many Requests', 'type': 'too_many_requests', 'param': None, 'code': 'too_many_requests'}}
Failed for Deepest Blue - Shooting Star: Error code: 429 - {'error': {'message': 'Too Many Requests', 'type': 'too_many_requests', 'param': None, 'code': 'too_many_requests'}}
Failed for Janis Joplin - Ball And Chain: Error code: 429 - {'error': {'message': 'Too Many Requests', 'type': 'too_many_requests', 'param': None, 'code': 'too_many_requests'}}
Failed for Pogodno - Uśmiech Się: Error code: 429 - {'error': {'message': 'Too Many Requests', 'type': 'too_many_requests', 'param': None, 'code': 'too_many_requests'}}
Failed for Omc - How Bizarre: Error code: 429 - {'error': {'message': 'Too Many Requests', 'type': 'too_many_requests', 'param': None, 'code': 'too_many_requests'}}
Failed for Ensiferum - Raised By The Sword: Error code: 429 - {'error': {'message': 'Too Many Requests', 'type': 'too_many_requests', 'param': None, 'code': 'too_many_requests'}}
Failed for Talking Heads - Making Flippy Floppy: Error code: 429 - {'error': {'message': 'Too Many Requests', 'type': 'too_many_requests', 'param': None, 'code': 'too_many_requests'}}
Failed for Ben Harper - Glory & Consequence: Error code: 429 - {'error': {'message': 'Too Many Requests', 'type': 'too_many_requests', 'param': None, 'code': 'too_many_requests'}}
Failed for Jon Brion - Showtime: Error code: 429 - {'error': {'message': 'Too Many Requests', 'type': 'too_many_requests', 'param': None, 'code': 'too_many_requests'}}
Failed for The Exploding Hearts - Modern Kicks: Error code: 429 - {'error': {'message': 'Too Many Requests', 'type': 'too_many_requests', 'param': None, 'code': 'too_many_requests'}}
Failed for Jon Hopkins - Second Sense: Error code: 429 - {'error': {'message': 'Too Many Requests', 'type': 'too_many_requests', 'param': None, 'code': 'too_many_requests'}}
Failed for Gravy Train!!!! - Titties Bounce: Error code: 429 - {'error': {'message': 'Too Many Requests', 'type': 'too_many_requests', 'param': None, 'code': 'too_many_requests'}}
Failed for Citizen Cope - Hurricane Waters: Error code: 429 - {'error': {'message': 'Too Many Requests', 'type': 'too_many_requests', 'param': None, 'code': 'too_many_requests'}}
Failed for Citizen Cope - Fame: Error code: 429 - {'error': {'message': 'Too Many Requests', 'type': 'too_many_requests', 'param': None, 'code': 'too_many_requests'}}
Failed for City And Colour - Sleeping Sickness: Error code: 429 - {'error': {'message': 'Too Many Requests', 'type': 'too_many_requests', 'param': None, 'code': 'too_many_requests'}}
Failed for And One - Strafbomber: Error code: 429 - {'error': {'message': 'Too Many Requests', 'type': 'too_many_requests', 'param': None, 'code': 'too_many_requests'}}
Failed for Nerina Pallot - Mr. King: Error code: 429 - {'error': {'message': 'Too Many Requests', 'type': 'too_many_requests', 'param': None, 'code': 'too_many_requests'}}
Failed for City And Colour - The Death Of Me: Error code: 429 - {'error': {'message': 'Too Many Requests', 'type': 'too_many_requests', 'param': None, 'code': 'too_many_requests'}}
Failed for Afi - Third Season: Error code: 429 - {'error': {'message': 'Too Many Requests', 'type': 'too_many_requests', 'param': None, 'code': 'too_many_requests'}}
Failed for Värttinä - Milja: Error code: 429 - {'error': {'message': 'Too Many Requests', 'type': 'too_many_requests', 'param': None, 'code': 'too_many_requests'}}
Failed for Skunk Anansie - Twisted (Everyday Hurts): Error code: 429 - {'error': {'message': 'Too Many Requests', 'type': 'too_many_requests', 'param': None, 'code': 'too_many_requests'}}
Failed for Tribalistas - O Amor É Feio: Error code: 429 - {'error': {'message': 'Too Many Requests', 'type': 'too_many_requests', 'param': None, 'code': 'too_many_requests'}}
Failed for Apocalyptica - Last Hope: Error code: 429 - {'error': {'message': 'Too Many Requests', 'type': 'too_many_requests', 'param': None, 'code': 'too_many_requests'}}
Failed for Jolie Holland - Ghostly Girl: Error code: 429 - {'error': {'message': 'Too Many Requests', 'type': 'too_many_requests', 'param': None, 'code': 'too_many_requests'}}
Failed for Cky - Attached At The Hip: Error code: 429 - {'error': {'message': 'Too Many Requests', 'type': 'too_many_requests', 'param': None, 'code': 'too_many_requests'}}
Failed for Jokke & Valentinerne - Gutta: Error code: 429 - {'error': {'message': 'Too Many Requests', 'type': 'too_many_requests', 'param': None, 'code': 'too_many_requests'}}
Failed for Neu! - Leb' Wohl: Error code: 429 - {'error': {'message': 'Too Many Requests', 'type': 'too_many_requests', 'param': None, 'code': 'too_many_requests'}}
Failed for Cky - Disengage The Simulator: Error code: 429 - {'error': {'message': 'Too Many Requests', 'type': 'too_many_requests', 'param': None, 'code': 'too_many_requests'}}
Failed for Cky - Inhuman Creation Station: Error code: 429 - {'error': {'message': 'Too Many Requests', 'type': 'too_many_requests', 'param': None, 'code': 'too_many_requests'}}
Failed for Sepultura - Altered State: Error code: 429 - {'error': {'message': 'Too Many Requests', 'type': 'too_many_requests', 'param': None, 'code': 'too_many_requests'}}
Failed for Fantômas - The Omen: Error code: 429 - {'error': {'message': 'Too Many Requests', 'type': 'too_many_requests', 'param': None, 'code': 'too_many_requests'}}
Failed for Sepultura - Against: Error code: 429 - {'error': {'message': 'Too Many Requests', 'type': 'too_many_requests', 'param': None, 'code': 'too_many_requests'}}
Failed for Radiohead - Cuttooth: Error code: 429 - {'error': {'message': 'Too Many Requests', 'type': 'too_many_requests', 'param': None, 'code': 'too_many_requests'}}
Failed for Sultans Of Ping F.C. - Where'S Me Jumper?: Error code: 429 - {'error': {'message': 'Too Many Requests', 'type': 'too_many_requests', 'param': None, 'code': 'too_many_requests'}}
Failed for Ben Harper - Bring The Funk: Error code: 429 - {'error': {'message': 'Too Many Requests', 'type': 'too_many_requests', 'param': None, 'code': 'too_many_requests'}}
Failed for Ben Harper - Both Sides Of The Gun: Error code: 429 - {'error': {'message': 'Too Many Requests', 'type': 'too_many_requests', 'param': None, 'code': 'too_many_requests'}}
Failed for Japan - Ain'T That Peculiar: Error code: 429 - {'error': {'message': 'Too Many Requests', 'type': 'too_many_requests', 'param': None, 'code': 'too_many_requests'}}
Failed for Be Your Own Pet - Ouch: Error code: 429 - {'error': {'message': 'Too Many Requests', 'type': 'too_many_requests', 'param': None, 'code': 'too_many_requests'}}
Failed for Radiohead - Exit Music: Error code: 429 - {'error': {'message': 'Too Many Requests', 'type': 'too_many_requests', 'param': None, 'code': 'too_many_requests'}}
Failed for Olspur - Electronic Superstar: Error code: 429 - {'error': {'message': 'Too Many Requests', 'type': 'too_many_requests', 'param': None, 'code': 'too_many_requests'}}
Failed for Deerhoof - Odyssey: Error code: 429 - {'error': {'message': 'Too Many Requests', 'type': 'too_many_requests', 'param': None, 'code': 'too_many_requests'}}
Failed for Heidi Marie Vestrheim - Movies: Error code: 429 - {'error': {'message': 'Too Many Requests', 'type': 'too_many_requests', 'param': None, 'code': 'too_many_requests'}}
Failed for Olspur - For Me It'S The First Time And I'M So Hot: Error code: 429 - {'error': {'message': 'Too Many Requests', 'type': 'too_many_requests', 'param': None, 'code': 'too_many_requests'}}
Failed for Olspur - Politics Of Peace: Error code: 429 - {'error': {'message': 'Too Many Requests', 'type': 'too_many_requests', 'param': None, 'code': 'too_many_requests'}}
Failed for Mando Diao - P.U.S.A.: Error code: 429 - {'error': {'message': 'Too Many Requests', 'type': 'too_many_requests', 'param': None, 'code': 'too_many_requests'}}
Failed for The Chameleons - Mad Jack: Error code: 429 - {'error': {'message': 'Too Many Requests', 'type': 'too_many_requests', 'param': None, 'code': 'too_many_requests'}}
Failed for Mando Diao - Maybe Just Sad: Error code: 429 - {'error': {'message': 'Too Many Requests', 'type': 'too_many_requests', 'param': None, 'code': 'too_many_requests'}}
Failed for Blaqk Audio - On A Friday: Error code: 429 - {'error': {'message': 'Too Many Requests', 'type': 'too_many_requests', 'param': None, 'code': 'too_many_requests'}}
Failed for Mando Diao - Mean Street: Error code: 429 - {'error': {'message': 'Too Many Requests', 'type': 'too_many_requests', 'param': None, 'code': 'too_many_requests'}}
Failed for Janis Joplin - Little Girl Blue: Error code: 429 - {'error': {'message': 'Too Many Requests', 'type': 'too_many_requests', 'param': None, 'code': 'too_many_requests'}}
Failed for Deerhoof - Dog On The Sidewalk: Error code: 429 - {'error': {'message': 'Too Many Requests', 'type': 'too_many_requests', 'param': None, 'code': 'too_many_requests'}}
Failed for Radiohead - Bullet Proof... I Wish I Was: Error code: 429 - {'error': {'message': 'Too Many Requests', 'type': 'too_many_requests', 'param': None, 'code': 'too_many_requests'}}
Failed for Clann Zú - You'Re Listening To A Dead Man Speak: Error code: 429 - {'error': {'message': 'Too Many Requests', 'type': 'too_many_requests', 'param': None, 'code': 'too_many_requests'}}
Failed for Autumn'S Grey Solace - Deserted And Desolate: Error code: 429 - {'error': {'message': 'Too Many Requests', 'type': 'too_many_requests', 'param': None, 'code': 'too_many_requests'}}
Failed for Sepultura - Meaningless Movements: Error code: 429 - {'error': {'message': 'Too Many Requests', 'type': 'too_many_requests', 'param': None, 'code': 'too_many_requests'}}
1900/2988 done
Failed for Young Marble Giants - Colossal Youth: Error code: 429 - {'error': {'message': 'Too Many Requests', 'type': 'too_many_requests', 'param': None, 'code': 'too_many_requests'}}
Failed for The End - Animals: Error code: 429 - {'error': {'message': 'Too Many Requests', 'type': 'too_many_requests', 'param': None, 'code': 'too_many_requests'}}
Failed for Sum 41 - No Reason: Error code: 429 - {'error': {'message': 'Too Many Requests', 'type': 'too_many_requests', 'param': None, 'code': 'too_many_requests'}}
Failed for Nevermore - Beyond Within: Error code: 429 - {'error': {'message': 'Too Many Requests', 'type': 'too_many_requests', 'param': None, 'code': 'too_many_requests'}}
Failed for Young Love - Find A New Way: Error code: 429 - {'error': {'message': 'Too Many Requests', 'type': 'too_many_requests', 'param': None, 'code': 'too_many_requests'}}
Failed for The Embassy - It Pays To Belong: Error code: 429 - {'error': {'message': 'Too Many Requests', 'type': 'too_many_requests', 'param': None, 'code': 'too_many_requests'}}
Failed for The Charlatans - I Don'T Want To See The Sights: Error code: 429 - {'error': {'message': 'Too Many Requests', 'type': 'too_many_requests', 'param': None, 'code': 'too_many_requests'}}
Failed for The Charlatans - Love Is The Key: Error code: 429 - {'error': {'message': 'Too Many Requests', 'type': 'too_many_requests', 'param': None, 'code': 'too_many_requests'}}
Failed for Ensiferum - Ahti: Error code: 429 - {'error': {'message': 'Too Many Requests', 'type': 'too_many_requests', 'param': None, 'code': 'too_many_requests'}}
Failed for Creed - Stand Here With Me: Error code: 429 - {'error': {'message': 'Too Many Requests', 'type': 'too_many_requests', 'param': None, 'code': 'too_many_requests'}}
Failed for The Charlatans - Forever: Error code: 429 - {'error': {'message': 'Too Many Requests', 'type': 'too_many_requests', 'param': None, 'code': 'too_many_requests'}}
Failed for The Streets - Everything Is Borrowed: Error code: 429 - {'error': {'message': 'Too Many Requests', 'type': 'too_many_requests', 'param': None, 'code': 'too_many_requests'}}
Failed for Heidi Marie Vestrheim - I Believe: Error code: 429 - {'error': {'message': 'Too Many Requests', 'type': 'too_many_requests', 'param': None, 'code': 'too_many_requests'}}
Failed for Olivia Olson - All I Want For Christmas Is You: Error code: 429 - {'error': {'message': 'Too Many Requests', 'type': 'too_many_requests', 'param': None, 'code': 'too_many_requests'}}
Failed for Olli Schulz & Der Hund Marie - Der Moment: Error code: 429 - {'error': {'message': 'Too Many Requests', 'type': 'too_many_requests', 'param': None, 'code': 'too_many_requests'}}
Failed for Townes Van Zandt - Our Mother The Mountain: Error code: 429 - {'error': {'message': 'Too Many Requests', 'type': 'too_many_requests', 'param': None, 'code': 'too_many_requests'}}
Failed for Johnny Foreigner - Lea Room: Error code: 429 - {'error': {'message': 'Too Many Requests', 'type': 'too_many_requests', 'param': None, 'code': 'too_many_requests'}}
Failed for Green Day - Waiting: Error code: 429 - {'error': {'message': 'Too Many Requests', 'type': 'too_many_requests', 'param': None, 'code': 'too_many_requests'}}
Failed for Sum 41 - Walking Disaster: Error code: 429 - {'error': {'message': 'Too Many Requests', 'type': 'too_many_requests', 'param': None, 'code': 'too_many_requests'}}
Failed for Ulver - Nowhere/Catastrophe: Error code: 429 - {'error': {'message': 'Too Many Requests', 'type': 'too_many_requests', 'param': None, 'code': 'too_many_requests'}}
Failed for Summoning - Land Of The Dead: Error code: 429 - {'error': {'message': 'Too Many Requests', 'type': 'too_many_requests', 'param': None, 'code': 'too_many_requests'}}
Failed for Clarence Carter - Slip Away: Error code: 429 - {'error': {'message': 'Too Many Requests', 'type': 'too_many_requests', 'param': None, 'code': 'too_many_requests'}}
Failed for New Found Glory - Better Off Dead: Error code: 429 - {'error': {'message': 'Too Many Requests', 'type': 'too_many_requests', 'param': None, 'code': 'too_many_requests'}}
Failed for Tiamat - The Garden Of Heathen: Error code: 429 - {'error': {'message': 'Too Many Requests', 'type': 'too_many_requests', 'param': None, 'code': 'too_many_requests'}}
Failed for Afroman - Colt 45: Error code: 429 - {'error': {'message': 'Too Many Requests', 'type': 'too_many_requests', 'param': None, 'code': 'too_many_requests'}}
Failed for New Found Glory - Head On Collision: Error code: 429 - {'error': {'message': 'Too Many Requests', 'type': 'too_many_requests', 'param': None, 'code': 'too_many_requests'}}
Failed for 浜崎あゆみ - Dearest: Error code: 429 - {'error': {'message': 'Too Many Requests', 'type': 'too_many_requests', 'param': None, 'code': 'too_many_requests'}}
Failed for New Found Glory - Truth Of My Youth: Error code: 429 - {'error': {'message': 'Too Many Requests', 'type': 'too_many_requests', 'param': None, 'code': 'too_many_requests'}}
Failed for New Found Glory - Sincerely Me: Error code: 429 - {'error': {'message': 'Too Many Requests', 'type': 'too_many_requests', 'param': None, 'code': 'too_many_requests'}}
Failed for The Edgar Winter Group - Frankenstein: Error code: 429 - {'error': {'message': 'Too Many Requests', 'type': 'too_many_requests', 'param': None, 'code': 'too_many_requests'}}
Failed for Rachel'S - Where_Have_All_My_Files_Gone?: Error code: 429 - {'error': {'message': 'Too Many Requests', 'type': 'too_many_requests', 'param': None, 'code': 'too_many_requests'}}
Failed for The Early November - Come Back: Error code: 429 - {'error': {'message': 'Too Many Requests', 'type': 'too_many_requests', 'param': None, 'code': 'too_many_requests'}}
Failed for Radical Face - Welcome Home: Error code: 429 - {'error': {'message': 'Too Many Requests', 'type': 'too_many_requests', 'param': None, 'code': 'too_many_requests'}}
Failed for After Forever - Only Everything: Error code: 429 - {'error': {'message': 'Too Many Requests', 'type': 'too_many_requests', 'param': None, 'code': 'too_many_requests'}}
Failed for The Dø - Queen Dot Kong: Error code: 429 - {'error': {'message': 'Too Many Requests', 'type': 'too_many_requests', 'param': None, 'code': 'too_many_requests'}}
Failed for Treva Whateva - Singalong: Error code: 429 - {'error': {'message': 'Too Many Requests', 'type': 'too_many_requests', 'param': None, 'code': 'too_many_requests'}}
Failed for The Dust Of Basement - Outside (Flaster Mix): Error code: 429 - {'error': {'message': 'Too Many Requests', 'type': 'too_many_requests', 'param': None, 'code': 'too_many_requests'}}
Failed for Johnny Cash - Spiritual: Error code: 429 - {'error': {'message': 'Too Many Requests', 'type': 'too_many_requests', 'param': None, 'code': 'too_many_requests'}}
Failed for Johnny Cash - Southern Accents: Error code: 429 - {'error': {'message': 'Too Many Requests', 'type': 'too_many_requests', 'param': None, 'code': 'too_many_requests'}}
Failed for After Forever - Being Everyone: Error code: 429 - {'error': {'message': 'Too Many Requests', 'type': 'too_many_requests', 'param': None, 'code': 'too_many_requests'}}
Failed for Skold - Void: Error code: 429 - {'error': {'message': 'Too Many Requests', 'type': 'too_many_requests', 'param': None, 'code': 'too_many_requests'}}
Failed for Gregory And The Hawk - The Bolder Thing To Do: Error code: 429 - {'error': {'message': 'Too Many Requests', 'type': 'too_many_requests', 'param': None, 'code': 'too_many_requests'}}
Failed for Loreena Mckennitt - Incantation: Error code: 429 - {'error': {'message': 'Too Many Requests', 'type': 'too_many_requests', 'param': None, 'code': 'too_many_requests'}}
Failed for R.I.O. - Shine On (Radio Mix): Error code: 429 - {'error': {'message': 'Too Many Requests', 'type': 'too_many_requests', 'param': None, 'code': 'too_many_requests'}}
Failed for After Forever - Evoke: Error code: 429 - {'error': {'message': 'Too Many Requests', 'type': 'too_many_requests', 'param': None, 'code': 'too_many_requests'}}
Failed for Anathema - Nocturnal Emission: Error code: 429 - {'error': {'message': 'Too Many Requests', 'type': 'too_many_requests', 'param': None, 'code': 'too_many_requests'}}
Failed for Jason Collett - Hangover Days: Error code: 429 - {'error': {'message': 'Too Many Requests', 'type': 'too_many_requests', 'param': None, 'code': 'too_many_requests'}}
Failed for Jaroslav Filip - Cez Okno: Error code: 429 - {'error': {'message': 'Too Many Requests', 'type': 'too_many_requests', 'param': None, 'code': 'too_many_requests'}}
Failed for Jaromír Nohavica - Pochod Marodů: Error code: 429 - {'error': {'message': 'Too Many Requests', 'type': 'too_many_requests', 'param': None, 'code': 'too_many_requests'}}
Failed for Old Crow Medicine Show - Big Time In The Jungle: Error code: 429 - {'error': {'message': 'Too Many Requests', 'type': 'too_many_requests', 'param': None, 'code': 'too_many_requests'}}
Failed for Old Crow Medicine Show - Tell It To Me: Error code: 429 - {'error': {'message': 'Too Many Requests', 'type': 'too_many_requests', 'param': None, 'code': 'too_many_requests'}}
Failed for Crashdïet - It'S A Miracle: Error code: 429 - {'error': {'message': 'Too Many Requests', 'type': 'too_many_requests', 'param': None, 'code': 'too_many_requests'}}
Failed for Heaven 17 - Let'S All Make A Bomb (New Version): Error code: 429 - {'error': {'message': 'Too Many Requests', 'type': 'too_many_requests', 'param': None, 'code': 'too_many_requests'}}
Failed for The Charlatans - Try Again Today: Error code: 429 - {'error': {'message': 'Too Many Requests', 'type': 'too_many_requests', 'param': None, 'code': 'too_many_requests'}}
Failed for Siouxsie And The Banshees - Little Johnny Jewel: Error code: 429 - {'error': {'message': 'Too Many Requests', 'type': 'too_many_requests', 'param': None, 'code': 'too_many_requests'}}
Failed for Enrique Iglesias - Ring My Bells: Error code: 429 - {'error': {'message': 'Too Many Requests', 'type': 'too_many_requests', 'param': None, 'code': 'too_many_requests'}}
Failed for Evil Nine - For Lovers Not Fighters: Error code: 429 - {'error': {'message': 'Too Many Requests', 'type': 'too_many_requests', 'param': None, 'code': 'too_many_requests'}}
Failed for Talib Kweli & Madlib - Funny Money: Error code: 429 - {'error': {'message': 'Too Many Requests', 'type': 'too_many_requests', 'param': None, 'code': 'too_many_requests'}}
Failed for New Order - In A Lonely Place: Error code: 429 - {'error': {'message': 'Too Many Requests', 'type': 'too_many_requests', 'param': None, 'code': 'too_many_requests'}}
Failed for Xiu Xiu - Save Me Save Me: Error code: 429 - {'error': {'message': 'Too Many Requests', 'type': 'too_many_requests', 'param': None, 'code': 'too_many_requests'}}
Failed for Sunny Day Real Estate - Shadows: Error code: 429 - {'error': {'message': 'Too Many Requests', 'type': 'too_many_requests', 'param': None, 'code': 'too_many_requests'}}
Failed for Johnny Cash - I'M Leavin' Now: Error code: 429 - {'error': {'message': 'Too Many Requests', 'type': 'too_many_requests', 'param': None, 'code': 'too_many_requests'}}
Failed for Johnny Cash - I Was There When It Happened: Error code: 429 - {'error': {'message': 'Too Many Requests', 'type': 'too_many_requests', 'param': None, 'code': 'too_many_requests'}}
Failed for Afterhours - Ballata Per La Mia Piccola Iena: Error code: 429 - {'error': {'message': 'Too Many Requests', 'type': 'too_many_requests', 'param': None, 'code': 'too_many_requests'}}
Failed for New Order - Ruined In A Day: Error code: 429 - {'error': {'message': 'Too Many Requests', 'type': 'too_many_requests', 'param': None, 'code': 'too_many_requests'}}
Failed for Serena-Maneesh - Sapphire Eyes: Error code: 429 - {'error': {'message': 'Too Many Requests', 'type': 'too_many_requests', 'param': None, 'code': 'too_many_requests'}}
Failed for Serena-Maneesh - Drive Me Home The Lonely Nights: Error code: 429 - {'error': {'message': 'Too Many Requests', 'type': 'too_many_requests', 'param': None, 'code': 'too_many_requests'}}
Failed for Eminem - Shake That (Feat. Nate Dogg): Error code: 429 - {'error': {'message': 'Too Many Requests', 'type': 'too_many_requests', 'param': None, 'code': 'too_many_requests'}}
Failed for New Order - We All Stand: Error code: 429 - {'error': {'message': 'Too Many Requests', 'type': 'too_many_requests', 'param': None, 'code': 'too_many_requests'}}
Failed for The Smashing Pumpkins - Frail And Bedazzled: Error code: 429 - {'error': {'message': 'Too Many Requests', 'type': 'too_many_requests', 'param': None, 'code': 'too_many_requests'}}
Failed for Wagon Christ - Fly Swat: Error code: 429 - {'error': {'message': 'Too Many Requests', 'type': 'too_many_requests', 'param': None, 'code': 'too_many_requests'}}
Failed for Loreena Mckennitt - Sacred Shabbat: Error code: 429 - {'error': {'message': 'Too Many Requests', 'type': 'too_many_requests', 'param': None, 'code': 'too_many_requests'}}
Failed for Tiësto - Flight 643: Error code: 429 - {'error': {'message': 'Too Many Requests', 'type': 'too_many_requests', 'param': None, 'code': 'too_many_requests'}}
Failed for Loreena Mckennitt - Stolen Child: Error code: 429 - {'error': {'message': 'Too Many Requests', 'type': 'too_many_requests', 'param': None, 'code': 'too_many_requests'}}
Failed for Jason Mraz - The Forecast: Error code: 429 - {'error': {'message': 'Too Many Requests', 'type': 'too_many_requests', 'param': None, 'code': 'too_many_requests'}}
Failed for Cranes - K56: Error code: 429 - {'error': {'message': 'Too Many Requests', 'type': 'too_many_requests', 'param': None, 'code': 'too_many_requests'}}
Failed for The Chemical Brothers - Temptation / Star Guitar (Live From Brixton Academy): Error code: 429 - {'error': {'message': 'Too Many Requests', 'type': 'too_many_requests', 'param': None, 'code': 'too_many_requests'}}
Failed for Craig David - Hidden Agenda: Error code: 429 - {'error': {'message': 'Too Many Requests', 'type': 'too_many_requests', 'param': None, 'code': 'too_many_requests'}}
Failed for 13 & God - Tin Strong: Error code: 429 - {'error': {'message': 'Too Many Requests', 'type': 'too_many_requests', 'param': None, 'code': 'too_many_requests'}}
Failed for Deftones - The Chauffeur: Error code: 429 - {'error': {'message': 'Too Many Requests', 'type': 'too_many_requests', 'param': None, 'code': 'too_many_requests'}}
Failed for Crash Test Dummies - Superman'S Song: Error code: 429 - {'error': {'message': 'Too Many Requests', 'type': 'too_many_requests', 'param': None, 'code': 'too_many_requests'}}
Failed for Jason Molina - No Moon On The Water: Error code: 429 - {'error': {'message': 'Too Many Requests', 'type': 'too_many_requests', 'param': None, 'code': 'too_many_requests'}}
Failed for Ben Folds - In Between Days: Error code: 429 - {'error': {'message': 'Too Many Requests', 'type': 'too_many_requests', 'param': None, 'code': 'too_many_requests'}}
Failed for Porcupine Tree - Lazarus (Radio Edit): Error code: 429 - {'error': {'message': 'Too Many Requests', 'type': 'too_many_requests', 'param': None, 'code': 'too_many_requests'}}
Failed for New Order - Truth: Error code: 429 - {'error': {'message': 'Too Many Requests', 'type': 'too_many_requests', 'param': None, 'code': 'too_many_requests'}}
Failed for Ben Folds - All U Can Eat: Error code: 429 - {'error': {'message': 'Too Many Requests', 'type': 'too_many_requests', 'param': None, 'code': 'too_many_requests'}}
Failed for R.E.M. - Me In Honey: Error code: 429 - {'error': {'message': 'Too Many Requests', 'type': 'too_many_requests', 'param': None, 'code': 'too_many_requests'}}
Failed for New Order - Sunrise: Error code: 429 - {'error': {'message': 'Too Many Requests', 'type': 'too_many_requests', 'param': None, 'code': 'too_many_requests'}}
Failed for New Order - World In Motion: Error code: 429 - {'error': {'message': 'Too Many Requests', 'type': 'too_many_requests', 'param': None, 'code': 'too_many_requests'}}
Failed for Tiamat - Wildhoney: Error code: 429 - {'error': {'message': 'Too Many Requests', 'type': 'too_many_requests', 'param': None, 'code': 'too_many_requests'}}
Failed for Serge Gainsbourg - Bloody Jack: Error code: 429 - {'error': {'message': 'Too Many Requests', 'type': 'too_many_requests', 'param': None, 'code': 'too_many_requests'}}
Failed for Grinderman - Depth Charge Ethel: Error code: 429 - {'error': {'message': 'Too Many Requests', 'type': 'too_many_requests', 'param': None, 'code': 'too_many_requests'}}
Failed for Wagon Christ - Thick Stew: Error code: 429 - {'error': {'message': 'Too Many Requests', 'type': 'too_many_requests', 'param': None, 'code': 'too_many_requests'}}
Failed for Wagon Christ - The Premise: Error code: 429 - {'error': {'message': 'Too Many Requests', 'type': 'too_many_requests', 'param': None, 'code': 'too_many_requests'}}
Failed for Wagon Christ - Tomach: Error code: 429 - {'error': {'message': 'Too Many Requests', 'type': 'too_many_requests', 'param': None, 'code': 'too_many_requests'}}
Failed for Deichkind - Remmidemmi (Yippie Yippie Yeah): Error code: 429 - {'error': {'message': 'Too Many Requests', 'type': 'too_many_requests', 'param': None, 'code': 'too_many_requests'}}
2000/2988 done
Failed for Health - Heaven: Error code: 429 - {'error': {'message': 'Too Many Requests', 'type': 'too_many_requests', 'param': None, 'code': 'too_many_requests'}}
Failed for Marillion - Waterhole (Expresso Bongo): Error code: 429 - {'error': {'message': 'Too Many Requests', 'type': 'too_many_requests', 'param': None, 'code': 'too_many_requests'}}
Failed for Shaznay Lewis - Heart Made Me A Fool: Error code: 429 - {'error': {'message': 'Too Many Requests', 'type': 'too_many_requests', 'param': None, 'code': 'too_many_requests'}}
Failed for Okkervil River - For The Enemy: Error code: 429 - {'error': {'message': 'Too Many Requests', 'type': 'too_many_requests', 'param': None, 'code': 'too_many_requests'}}
Failed for Porcupine Tree - Tinto Brass: Error code: 429 - {'error': {'message': 'Too Many Requests', 'type': 'too_many_requests', 'param': None, 'code': 'too_many_requests'}}
Failed for Jawbreaker - Chesterfield King: Error code: 429 - {'error': {'message': 'Too Many Requests', 'type': 'too_many_requests', 'param': None, 'code': 'too_many_requests'}}
Failed for Okkervil River - Seas Too Far To Reach: Error code: 429 - {'error': {'message': 'Too Many Requests', 'type': 'too_many_requests', 'param': None, 'code': 'too_many_requests'}}
Failed for Okkervil River - Down The River Of Golden Dreams: Error code: 429 - {'error': {'message': 'Too Many Requests', 'type': 'too_many_requests', 'param': None, 'code': 'too_many_requests'}}
Failed for Client - Zerox Machine: Error code: 429 - {'error': {'message': 'Too Many Requests', 'type': 'too_many_requests', 'param': None, 'code': 'too_many_requests'}}
Failed for Cliff Martinez - Wormhole: Error code: 429 - {'error': {'message': 'Too Many Requests', 'type': 'too_many_requests', 'param': None, 'code': 'too_many_requests'}}
Failed for The Smashing Pumpkins - Heavy Metal Machine: Error code: 429 - {'error': {'message': 'Too Many Requests', 'type': 'too_many_requests', 'param': None, 'code': 'too_many_requests'}}
Failed for Los Bunkers - Canción De Lejos: Error code: 429 - {'error': {'message': 'Too Many Requests', 'type': 'too_many_requests', 'param': None, 'code': 'too_many_requests'}}
Failed for Dido - Us 2 Little Gods: Error code: 429 - {'error': {'message': 'Too Many Requests', 'type': 'too_many_requests', 'param': None, 'code': 'too_many_requests'}}
Failed for The Smashing Pumpkins - My Mistake: Error code: 429 - {'error': {'message': 'Too Many Requests', 'type': 'too_many_requests', 'param': None, 'code': 'too_many_requests'}}
Failed for R.E.M. - Final Straw: Error code: 429 - {'error': {'message': 'Too Many Requests', 'type': 'too_many_requests', 'param': None, 'code': 'too_many_requests'}}
Failed for New York Dolls - Private World: Error code: 429 - {'error': {'message': 'Too Many Requests', 'type': 'too_many_requests', 'param': None, 'code': 'too_many_requests'}}
Failed for Die Apokalyptischen Reiter - Seemann: Error code: 429 - {'error': {'message': 'Too Many Requests', 'type': 'too_many_requests', 'param': None, 'code': 'too_many_requests'}}
Failed for Clinic - Gideon: Error code: 429 - {'error': {'message': 'Too Many Requests', 'type': 'too_many_requests', 'param': None, 'code': 'too_many_requests'}}
Failed for Clinic - The Vulture: Error code: 429 - {'error': {'message': 'Too Many Requests', 'type': 'too_many_requests', 'param': None, 'code': 'too_many_requests'}}
Failed for Grizzly Bear - Fine For Now: Error code: 429 - {'error': {'message': 'Too Many Requests', 'type': 'too_many_requests', 'param': None, 'code': 'too_many_requests'}}
Failed for The Smashing Pumpkins - Pennies: Error code: 429 - {'error': {'message': 'Too Many Requests', 'type': 'too_many_requests', 'param': None, 'code': 'too_many_requests'}}
Failed for Serge Gainsbourg - Je Suis Venu Te Dire Que Je M'En Vais: Error code: 429 - {'error': {'message': 'Too Many Requests', 'type': 'too_many_requests', 'param': None, 'code': 'too_many_requests'}}
Failed for Grizzly Bear - Plans (Terrible Vs. Nonhorse Sounds Edit): Error code: 429 - {'error': {'message': 'Too Many Requests', 'type': 'too_many_requests', 'param': None, 'code': 'too_many_requests'}}
Failed for Avantasia - Another Angel Down: Error code: 429 - {'error': {'message': 'Too Many Requests', 'type': 'too_many_requests', 'param': None, 'code': 'too_many_requests'}}
Failed for Marillion - Jigsaw: Error code: 429 - {'error': {'message': 'Too Many Requests', 'type': 'too_many_requests', 'param': None, 'code': 'too_many_requests'}}
Failed for Marillion - Lords Of The Backstage: Error code: 429 - {'error': {'message': 'Too Many Requests', 'type': 'too_many_requests', 'param': None, 'code': 'too_many_requests'}}
Failed for Serge Gainsbourg - Initials B.B.: Error code: 429 - {'error': {'message': 'Too Many Requests', 'type': 'too_many_requests', 'param': None, 'code': 'too_many_requests'}}
Failed for Skinny Puppy - Solvent: Error code: 429 - {'error': {'message': 'Too Many Requests', 'type': 'too_many_requests', 'param': None, 'code': 'too_many_requests'}}
Failed for Urma - The Simple Things: Error code: 429 - {'error': {'message': 'Too Many Requests', 'type': 'too_many_requests', 'param': None, 'code': 'too_many_requests'}}
Failed for Clint Mansell - Summer: Summer Overture: Error code: 429 - {'error': {'message': 'Too Many Requests', 'type': 'too_many_requests', 'param': None, 'code': 'too_many_requests'}}
Failed for Nick Cave & The Bad Seeds - Far From Me: Error code: 429 - {'error': {'message': 'Too Many Requests', 'type': 'too_many_requests', 'param': None, 'code': 'too_many_requests'}}
Failed for Super Furry Animals - Slow Life: Error code: 429 - {'error': {'message': 'Too Many Requests', 'type': 'too_many_requests', 'param': None, 'code': 'too_many_requests'}}
Failed for Urma - Dirt Shine: Error code: 429 - {'error': {'message': 'Too Many Requests', 'type': 'too_many_requests', 'param': None, 'code': 'too_many_requests'}}
Failed for Grizzly Bear - Southern Point: Error code: 429 - {'error': {'message': 'Too Many Requests', 'type': 'too_many_requests', 'param': None, 'code': 'too_many_requests'}}
Failed for Dick4Dick - Technology: Error code: 429 - {'error': {'message': 'Too Many Requests', 'type': 'too_many_requests', 'param': None, 'code': 'too_many_requests'}}
Failed for Dictaphone - Tempelhof: Error code: 429 - {'error': {'message': 'Too Many Requests', 'type': 'too_many_requests', 'param': None, 'code': 'too_many_requests'}}
Failed for Super Furry Animals - The Piccolo Snare: Error code: 429 - {'error': {'message': 'Too Many Requests', 'type': 'too_many_requests', 'param': None, 'code': 'too_many_requests'}}
Failed for Groove Armada - Fogma: Error code: 429 - {'error': {'message': 'Too Many Requests', 'type': 'too_many_requests', 'param': None, 'code': 'too_many_requests'}}
Failed for Weezer - Haunt You Every Day: Error code: 429 - {'error': {'message': 'Too Many Requests', 'type': 'too_many_requests', 'param': None, 'code': 'too_many_requests'}}
Failed for Cradle Of Filth - Summer Dying Fast: Error code: 429 - {'error': {'message': 'Too Many Requests', 'type': 'too_many_requests', 'param': None, 'code': 'too_many_requests'}}
Failed for Akurat - Fantasmagorie: Error code: 429 - {'error': {'message': 'Too Many Requests', 'type': 'too_many_requests', 'param': None, 'code': 'too_many_requests'}}
Failed for Ewan Mcgregor/Nicole Kidman - Come What May: Error code: 429 - {'error': {'message': 'Too Many Requests', 'type': 'too_many_requests', 'param': None, 'code': 'too_many_requests'}}
Failed for Cradle Of Filth - Amor E Morte: Error code: 429 - {'error': {'message': 'Too Many Requests', 'type': 'too_many_requests', 'param': None, 'code': 'too_many_requests'}}
Failed for Cradle Of Filth - The Byronic Man: Error code: 429 - {'error': {'message': 'Too Many Requests', 'type': 'too_many_requests', 'param': None, 'code': 'too_many_requests'}}
Failed for Nick Cave & The Bad Seeds - Where Do We Go Now But Nowhere?: Error code: 429 - {'error': {'message': 'Too Many Requests', 'type': 'too_many_requests', 'param': None, 'code': 'too_many_requests'}}
Failed for Yo La Tengo - Yellow Sarong: Error code: 429 - {'error': {'message': 'Too Many Requests', 'type': 'too_many_requests', 'param': None, 'code': 'too_many_requests'}}
Failed for Super Junior - Twins (Knock Out): Error code: 429 - {'error': {'message': 'Too Many Requests', 'type': 'too_many_requests', 'param': None, 'code': 'too_many_requests'}}
Failed for The Smashing Pumpkins - Suffer: Error code: 429 - {'error': {'message': 'Too Many Requests', 'type': 'too_many_requests', 'param': None, 'code': 'too_many_requests'}}
Failed for Waldorf - You'Re My Disco: Error code: 429 - {'error': {'message': 'Too Many Requests', 'type': 'too_many_requests', 'param': None, 'code': 'too_many_requests'}}
Failed for The Smashing Pumpkins - Real Love: Error code: 429 - {'error': {'message': 'Too Many Requests', 'type': 'too_many_requests', 'param': None, 'code': 'too_many_requests'}}
Failed for The Smashing Pumpkins - Starla: Error code: 429 - {'error': {'message': 'Too Many Requests', 'type': 'too_many_requests', 'param': None, 'code': 'too_many_requests'}}
Failed for Emma Pollock - Adrenaline: Error code: 429 - {'error': {'message': 'Too Many Requests', 'type': 'too_many_requests', 'param': None, 'code': 'too_many_requests'}}
Failed for The Doors - The Soft Parade: Error code: 429 - {'error': {'message': 'Too Many Requests', 'type': 'too_many_requests', 'param': None, 'code': 'too_many_requests'}}
Failed for Groove Coverage - Runaway: Error code: 429 - {'error': {'message': 'Too Many Requests', 'type': 'too_many_requests', 'param': None, 'code': 'too_many_requests'}}
Failed for John Parish & Polly Jean Harvey - Civil War Correspondent: Error code: 429 - {'error': {'message': 'Too Many Requests', 'type': 'too_many_requests', 'param': None, 'code': 'too_many_requests'}}
Failed for Belleruche - Balance: Error code: 429 - {'error': {'message': 'Too Many Requests', 'type': 'too_many_requests', 'param': None, 'code': 'too_many_requests'}}
Failed for Tiga - (Far From) Home (Digitalism Remix): Error code: 429 - {'error': {'message': 'Too Many Requests', 'type': 'too_many_requests', 'param': None, 'code': 'too_many_requests'}}
Failed for John Murphy - Then There Were 2: Error code: 429 - {'error': {'message': 'Too Many Requests', 'type': 'too_many_requests', 'param': None, 'code': 'too_many_requests'}}
Failed for Akufen - Deck The House: Error code: 429 - {'error': {'message': 'Too Many Requests', 'type': 'too_many_requests', 'param': None, 'code': 'too_many_requests'}}
Failed for The Smashing Pumpkins - Ugly: Error code: 429 - {'error': {'message': 'Too Many Requests', 'type': 'too_many_requests', 'param': None, 'code': 'too_many_requests'}}
Failed for The Doors - Maggie M'Gill: Error code: 429 - {'error': {'message': 'Too Many Requests', 'type': 'too_many_requests', 'param': None, 'code': 'too_many_requests'}}
Failed for Yo La Tengo - The Story Of Yo La Tango: Error code: 429 - {'error': {'message': 'Too Many Requests', 'type': 'too_many_requests', 'param': None, 'code': 'too_many_requests'}}
Failed for Clouddead - Dead Dogs Two: Error code: 429 - {'error': {'message': 'Too Many Requests', 'type': 'too_many_requests', 'param': None, 'code': 'too_many_requests'}}
Failed for Weezer - Devotion: Error code: 429 - {'error': {'message': 'Too Many Requests', 'type': 'too_many_requests', 'param': None, 'code': 'too_many_requests'}}
Failed for Ohgr - Whitevan: Error code: 429 - {'error': {'message': 'Too Many Requests', 'type': 'too_many_requests', 'param': None, 'code': 'too_many_requests'}}
Failed for Ohgr - Psychoreal: Error code: 429 - {'error': {'message': 'Too Many Requests', 'type': 'too_many_requests', 'param': None, 'code': 'too_many_requests'}}
Failed for The Cinematic Orchestra - Night Of The Iguana: Error code: 429 - {'error': {'message': 'Too Many Requests', 'type': 'too_many_requests', 'param': None, 'code': 'too_many_requests'}}
Failed for American Nightmare - I.C. You Are Feeling Drake: Error code: 429 - {'error': {'message': 'Too Many Requests', 'type': 'too_many_requests', 'param': None, 'code': 'too_many_requests'}}
Failed for Cradle Of Filth - Haunted Shores: Error code: 429 - {'error': {'message': 'Too Many Requests', 'type': 'too_many_requests', 'param': None, 'code': 'too_many_requests'}}
Failed for Bear Vs. Shark - Antwan: Error code: 429 - {'error': {'message': 'Too Many Requests', 'type': 'too_many_requests', 'param': None, 'code': 'too_many_requests'}}
Failed for Delays - Lillian: Error code: 429 - {'error': {'message': 'Too Many Requests', 'type': 'too_many_requests', 'param': None, 'code': 'too_many_requests'}}
Failed for Jay-Z - Bring It On: Error code: 429 - {'error': {'message': 'Too Many Requests', 'type': 'too_many_requests', 'param': None, 'code': 'too_many_requests'}}
Failed for Siouxsie And The Banshees - Overground: Error code: 429 - {'error': {'message': 'Too Many Requests', 'type': 'too_many_requests', 'param': None, 'code': 'too_many_requests'}}
Failed for Grupo De Expertos Solynieve - La Balada De Buscando A Mi Destino: Error code: 429 - {'error': {'message': 'Too Many Requests', 'type': 'too_many_requests', 'param': None, 'code': 'too_many_requests'}}
Failed for Delain - Sever: Error code: 429 - {'error': {'message': 'Too Many Requests', 'type': 'too_many_requests', 'param': None, 'code': 'too_many_requests'}}
Failed for Emma Pollock - Paper And Glue: Error code: 429 - {'error': {'message': 'Too Many Requests', 'type': 'too_many_requests', 'param': None, 'code': 'too_many_requests'}}
Failed for Supergrass - Can'T Get Up: Error code: 429 - {'error': {'message': 'Too Many Requests', 'type': 'too_many_requests', 'param': None, 'code': 'too_many_requests'}}
Failed for The Donnas - I Don'T Want To Know (If You Don'T Want Me): Error code: 429 - {'error': {'message': 'Too Many Requests', 'type': 'too_many_requests', 'param': None, 'code': 'too_many_requests'}}
Failed for The Dodos - Undeclared: Error code: 429 - {'error': {'message': 'Too Many Requests', 'type': 'too_many_requests', 'param': None, 'code': 'too_many_requests'}}
Failed for John Maus - Don'T Worship The Devil: Error code: 429 - {'error': {'message': 'Too Many Requests', 'type': 'too_many_requests', 'param': None, 'code': 'too_many_requests'}}
Failed for John Maus - My Whole World'S Coming Apart: Error code: 429 - {'error': {'message': 'Too Many Requests', 'type': 'too_many_requests', 'param': None, 'code': 'too_many_requests'}}
Failed for The Divine Comedy - Something For The Weekend: Error code: 429 - {'error': {'message': 'Too Many Requests', 'type': 'too_many_requests', 'param': None, 'code': 'too_many_requests'}}
Failed for Agathodaimon - Faded Years: Error code: 429 - {'error': {'message': 'Too Many Requests', 'type': 'too_many_requests', 'param': None, 'code': 'too_many_requests'}}
Failed for Nickelback - Never Again: Error code: 429 - {'error': {'message': 'Too Many Requests', 'type': 'too_many_requests', 'param': None, 'code': 'too_many_requests'}}
Failed for Wall Street Ammunition Hero - Pulse: Error code: 429 - {'error': {'message': 'Too Many Requests', 'type': 'too_many_requests', 'param': None, 'code': 'too_many_requests'}}
Failed for John Lennon - I Found Out: Error code: 429 - {'error': {'message': 'Too Many Requests', 'type': 'too_many_requests', 'param': None, 'code': 'too_many_requests'}}
Failed for The Ditty Bops - Ooh La La: Error code: 429 - {'error': {'message': 'Too Many Requests', 'type': 'too_many_requests', 'param': None, 'code': 'too_many_requests'}}
Failed for Agent Orange - Bloodstains (Darkness Version): Error code: 429 - {'error': {'message': 'Too Many Requests', 'type': 'too_many_requests', 'param': None, 'code': 'too_many_requests'}}
Failed for Diana Ross - I'M Coming Out: Error code: 429 - {'error': {'message': 'Too Many Requests', 'type': 'too_many_requests', 'param': None, 'code': 'too_many_requests'}}
Failed for John Lennon - Isolation: Error code: 429 - {'error': {'message': 'Too Many Requests', 'type': 'too_many_requests', 'param': None, 'code': 'too_many_requests'}}
Failed for 浜崎あゆみ - Part Of Me: Error code: 429 - {'error': {'message': 'Too Many Requests', 'type': 'too_many_requests', 'param': None, 'code': 'too_many_requests'}}
Failed for Diana Krall - Why Should I Care: Error code: 429 - {'error': {'message': 'Too Many Requests', 'type': 'too_many_requests', 'param': None, 'code': 'too_many_requests'}}
Failed for Skinny Puppy - Ghostman: Error code: 429 - {'error': {'message': 'Too Many Requests', 'type': 'too_many_requests', 'param': None, 'code': 'too_many_requests'}}
Failed for Tiga - You Gonna Want Me (12 Dance Mix): Error code: 429 - {'error': {'message': 'Too Many Requests', 'type': 'too_many_requests', 'param': None, 'code': 'too_many_requests'}}
Failed for Queensrÿche - Murderer?: Error code: 429 - {'error': {'message': 'Too Many Requests', 'type': 'too_many_requests', 'param': None, 'code': 'too_many_requests'}}
Failed for Yo La Tengo - I Was The Fool Beside You For Too Long: Error code: 429 - {'error': {'message': 'Too Many Requests', 'type': 'too_many_requests', 'param': None, 'code': 'too_many_requests'}}
Failed for Clutch - Red Horse Rainbow: Error code: 429 - {'error': {'message': 'Too Many Requests', 'type': 'too_many_requests', 'param': None, 'code': 'too_many_requests'}}
Failed for Bear Vs. Shark - We Were Sad But Now We'Re Rebuilding: Error code: 429 - {'error': {'message': 'Too Many Requests', 'type': 'too_many_requests', 'param': None, 'code': 'too_many_requests'}}
2100/2988 done
Failed for John Legend - Coming Home: Error code: 429 - {'error': {'message': 'Too Many Requests', 'type': 'too_many_requests', 'param': None, 'code': 'too_many_requests'}}
Failed for The Cinematics - Human: Error code: 429 - {'error': {'message': 'Too Many Requests', 'type': 'too_many_requests', 'param': None, 'code': 'too_many_requests'}}
Failed for Take That - Ain'T No Sense In Love: Error code: 429 - {'error': {'message': 'Too Many Requests', 'type': 'too_many_requests', 'param': None, 'code': 'too_many_requests'}}
Failed for Jay-Z - Izzo (H.O.V.A.): Error code: 429 - {'error': {'message': 'Too Many Requests', 'type': 'too_many_requests', 'param': None, 'code': 'too_many_requests'}}
Failed for Oh No Oh My - Skip The Foreplay: Error code: 429 - {'error': {'message': 'Too Many Requests', 'type': 'too_many_requests', 'param': None, 'code': 'too_many_requests'}}
Failed for The Cinematics - A Strange Education: Error code: 429 - {'error': {'message': 'Too Many Requests', 'type': 'too_many_requests', 'param': None, 'code': 'too_many_requests'}}
Failed for Covenant - Winter Comes: Error code: 429 - {'error': {'message': 'Too Many Requests', 'type': 'too_many_requests', 'param': None, 'code': 'too_many_requests'}}
Failed for Jay-Z - Justify My Thug: Error code: 429 - {'error': {'message': 'Too Many Requests', 'type': 'too_many_requests', 'param': None, 'code': 'too_many_requests'}}
Failed for Siouxsie Sioux - Loveless: Error code: 429 - {'error': {'message': 'Too Many Requests', 'type': 'too_many_requests', 'param': None, 'code': 'too_many_requests'}}
Failed for Manic Street Preachers - P.C.P.: Error code: 429 - {'error': {'message': 'Too Many Requests', 'type': 'too_many_requests', 'param': None, 'code': 'too_many_requests'}}
Failed for Enon - Shoulder: Error code: 429 - {'error': {'message': 'Too Many Requests', 'type': 'too_many_requests', 'param': None, 'code': 'too_many_requests'}}
Failed for Trackademicks - Got U Hooked - Trackademicks & 1 O.A.K.: Error code: 429 - {'error': {'message': 'Too Many Requests', 'type': 'too_many_requests', 'param': None, 'code': 'too_many_requests'}}
Failed for The Distillers - The Gallow Is God: Error code: 429 - {'error': {'message': 'Too Many Requests', 'type': 'too_many_requests', 'param': None, 'code': 'too_many_requests'}}
Failed for War - Why Can'T We Be Friends: Error code: 429 - {'error': {'message': 'Too Many Requests', 'type': 'too_many_requests', 'param': None, 'code': 'too_many_requests'}}
Failed for Portishead - Glory Box (Edit): Error code: 429 - {'error': {'message': 'Too Many Requests', 'type': 'too_many_requests', 'param': None, 'code': 'too_many_requests'}}
Failed for Cmx - Ei Yksikään: Error code: 429 - {'error': {'message': 'Too Many Requests', 'type': 'too_many_requests', 'param': None, 'code': 'too_many_requests'}}
Failed for Avenue D - Do I Look Like A Slut?: Error code: 429 - {'error': {'message': 'Too Many Requests', 'type': 'too_many_requests', 'param': None, 'code': 'too_many_requests'}}
Failed for Guided By Voices - Hold On Hope: Error code: 429 - {'error': {'message': 'Too Many Requests', 'type': 'too_many_requests', 'param': None, 'code': 'too_many_requests'}}
Failed for Cmx - Surunmurhaaja: Error code: 429 - {'error': {'message': 'Too Many Requests', 'type': 'too_many_requests', 'param': None, 'code': 'too_many_requests'}}
Failed for Nicole - Suunta: Error code: 429 - {'error': {'message': 'Too Many Requests', 'type': 'too_many_requests', 'param': None, 'code': 'too_many_requests'}}
Failed for Skinny Puppy - Human Disease (S.K.U.M.M.): Error code: 429 - {'error': {'message': 'Too Many Requests', 'type': 'too_many_requests', 'param': None, 'code': 'too_many_requests'}}
Failed for Skinny Puppy - Goneja: Error code: 429 - {'error': {'message': 'Too Many Requests', 'type': 'too_many_requests', 'param': None, 'code': 'too_many_requests'}}
Failed for Cmx - Sielunvihollinen: Error code: 429 - {'error': {'message': 'Too Many Requests', 'type': 'too_many_requests', 'param': None, 'code': 'too_many_requests'}}
Failed for Yo La Tengo - Georgia Vs. Yo La Tengo: Error code: 429 - {'error': {'message': 'Too Many Requests', 'type': 'too_many_requests', 'param': None, 'code': 'too_many_requests'}}
Failed for Supertramp - Hide In Your Shell: Error code: 429 - {'error': {'message': 'Too Many Requests', 'type': 'too_many_requests', 'param': None, 'code': 'too_many_requests'}}
Failed for Mariah Carey - I'Ll Be Lovin' U Long Time: Error code: 429 - {'error': {'message': 'Too Many Requests', 'type': 'too_many_requests', 'param': None, 'code': 'too_many_requests'}}
Failed for John Frusciante - Hope: Error code: 429 - {'error': {'message': 'Too Many Requests', 'type': 'too_many_requests', 'param': None, 'code': 'too_many_requests'}}
Failed for Emperor - Beyond The Great Vast Forest: Error code: 429 - {'error': {'message': 'Too Many Requests', 'type': 'too_many_requests', 'param': None, 'code': 'too_many_requests'}}
Failed for Maria Taylor - Irish Goodbye: Error code: 429 - {'error': {'message': 'Too Many Requests', 'type': 'too_many_requests', 'param': None, 'code': 'too_many_requests'}}
Failed for The Smiths - This Charming Man (Peel Session): Error code: 429 - {'error': {'message': 'Too Many Requests', 'type': 'too_many_requests', 'param': None, 'code': 'too_many_requests'}}
Failed for John Foxx - Blurred Girl: Error code: 429 - {'error': {'message': 'Too Many Requests', 'type': 'too_many_requests', 'param': None, 'code': 'too_many_requests'}}
Failed for Portugal. The Man - Kill Me. The King: Error code: 429 - {'error': {'message': 'Too Many Requests', 'type': 'too_many_requests', 'param': None, 'code': 'too_many_requests'}}
Failed for Beastie Boys - Flute Loop: Error code: 429 - {'error': {'message': 'Too Many Requests', 'type': 'too_many_requests', 'param': None, 'code': 'too_many_requests'}}
Failed for Delerium - Twilight: Error code: 429 - {'error': {'message': 'Too Many Requests', 'type': 'too_many_requests', 'param': None, 'code': 'too_many_requests'}}
Failed for Covenant - 20 Hz: Error code: 429 - {'error': {'message': 'Too Many Requests', 'type': 'too_many_requests', 'param': None, 'code': 'too_many_requests'}}
Failed for Akron/Family - I'Ll Be On The Water: Error code: 429 - {'error': {'message': 'Too Many Requests', 'type': 'too_many_requests', 'param': None, 'code': 'too_many_requests'}}
Failed for Offer Nissim Featuring Maya - Happy People (Radio Mix): Error code: 429 - {'error': {'message': 'Too Many Requests', 'type': 'too_many_requests', 'param': None, 'code': 'too_many_requests'}}
Failed for Beastie Boys - Oh Word?: Error code: 429 - {'error': {'message': 'Too Many Requests', 'type': 'too_many_requests', 'param': None, 'code': 'too_many_requests'}}
Failed for Manic Street Preachers - Stay Beautiful: Error code: 429 - {'error': {'message': 'Too Many Requests', 'type': 'too_many_requests', 'param': None, 'code': 'too_many_requests'}}
Failed for Manic Street Preachers - Roses In The Hospital: Error code: 429 - {'error': {'message': 'Too Many Requests', 'type': 'too_many_requests', 'param': None, 'code': 'too_many_requests'}}
Failed for Jay-Z And Linkin Park - Big Pimpin'/Papercut: Error code: 429 - {'error': {'message': 'Too Many Requests', 'type': 'too_many_requests', 'param': None, 'code': 'too_many_requests'}}
Failed for Delays - Waste Of Space: Error code: 429 - {'error': {'message': 'Too Many Requests', 'type': 'too_many_requests', 'param': None, 'code': 'too_many_requests'}}
Failed for Delays - You Wear The Sun: Error code: 429 - {'error': {'message': 'Too Many Requests', 'type': 'too_many_requests', 'param': None, 'code': 'too_many_requests'}}
Failed for Nightmare Of You - Ode To Serotonin: Error code: 429 - {'error': {'message': 'Too Many Requests', 'type': 'too_many_requests', 'param': None, 'code': 'too_many_requests'}}
Failed for Faithless - Take The Long Way Home: Error code: 429 - {'error': {'message': 'Too Many Requests', 'type': 'too_many_requests', 'param': None, 'code': 'too_many_requests'}}
Failed for Faithless - What About Love: Error code: 429 - {'error': {'message': 'Too Many Requests', 'type': 'too_many_requests', 'param': None, 'code': 'too_many_requests'}}
Failed for Nightmares On Wax - Date With Destiny: Error code: 429 - {'error': {'message': 'Too Many Requests', 'type': 'too_many_requests', 'param': None, 'code': 'too_many_requests'}}
Failed for Amy Winehouse - You'Re Wondering Now: Error code: 429 - {'error': {'message': 'Too Many Requests', 'type': 'too_many_requests', 'param': None, 'code': 'too_many_requests'}}
Failed for Nightmares On Wax - Me + You: Error code: 429 - {'error': {'message': 'Too Many Requests', 'type': 'too_many_requests', 'param': None, 'code': 'too_many_requests'}}
Failed for Guns N' Roses - Knockin' On Heavens Door: Error code: 429 - {'error': {'message': 'Too Many Requests', 'type': 'too_many_requests', 'param': None, 'code': 'too_many_requests'}}
Failed for Queen - Some Day One Day: Error code: 429 - {'error': {'message': 'Too Many Requests', 'type': 'too_many_requests', 'param': None, 'code': 'too_many_requests'}}
Failed for Nightmares On Wax - Thinking Of Omara: Error code: 429 - {'error': {'message': 'Too Many Requests', 'type': 'too_many_requests', 'param': None, 'code': 'too_many_requests'}}
Failed for Maria Peszek - Ćmy: Error code: 429 - {'error': {'message': 'Too Many Requests', 'type': 'too_many_requests', 'param': None, 'code': 'too_many_requests'}}
Failed for Maria Peszek - Sms: Error code: 429 - {'error': {'message': 'Too Many Requests', 'type': 'too_many_requests', 'param': None, 'code': 'too_many_requests'}}
Failed for Cock Sparrer - I Got Your Number: Error code: 429 - {'error': {'message': 'Too Many Requests', 'type': 'too_many_requests', 'param': None, 'code': 'too_many_requests'}}
Failed for Maria Mckee - Show Me Heaven: Error code: 429 - {'error': {'message': 'Too Many Requests', 'type': 'too_many_requests', 'param': None, 'code': 'too_many_requests'}}
Failed for Amy Macdonald - Somebody New: Error code: 429 - {'error': {'message': 'Too Many Requests', 'type': 'too_many_requests', 'param': None, 'code': 'too_many_requests'}}
Failed for Amy Millan - Baby I: Error code: 429 - {'error': {'message': 'Too Many Requests', 'type': 'too_many_requests', 'param': None, 'code': 'too_many_requests'}}
Failed for The Clash - Last Gang In Town: Error code: 429 - {'error': {'message': 'Too Many Requests', 'type': 'too_many_requests', 'param': None, 'code': 'too_many_requests'}}
Failed for Akron/Family - Ed Is A Portal: Error code: 429 - {'error': {'message': 'Too Many Requests', 'type': 'too_many_requests', 'param': None, 'code': 'too_many_requests'}}
Failed for Jazzanova - Soon: Error code: 429 - {'error': {'message': 'Too Many Requests', 'type': 'too_many_requests', 'param': None, 'code': 'too_many_requests'}}
Failed for Of Montreal - Old People In The Cemetery: Error code: 429 - {'error': {'message': 'Too Many Requests', 'type': 'too_many_requests', 'param': None, 'code': 'too_many_requests'}}
Failed for Counting Crows - Daylight Fading: Error code: 429 - {'error': {'message': 'Too Many Requests', 'type': 'too_many_requests', 'param': None, 'code': 'too_many_requests'}}
Failed for Jazzanova - Fade Out: Error code: 429 - {'error': {'message': 'Too Many Requests', 'type': 'too_many_requests', 'param': None, 'code': 'too_many_requests'}}
Failed for Tactical Sekt - Siege Engine: Error code: 429 - {'error': {'message': 'Too Many Requests', 'type': 'too_many_requests', 'param': None, 'code': 'too_many_requests'}}
Failed for Of Montreal - Natalie And Effie In The Park: Error code: 429 - {'error': {'message': 'Too Many Requests', 'type': 'too_many_requests', 'param': None, 'code': 'too_many_requests'}}
Failed for Jazzanova - Fedime'S Flight: Error code: 429 - {'error': {'message': 'Too Many Requests', 'type': 'too_many_requests', 'param': None, 'code': 'too_many_requests'}}
Failed for Boards Of Canada - M9: Error code: 429 - {'error': {'message': 'Too Many Requests', 'type': 'too_many_requests', 'param': None, 'code': 'too_many_requests'}}
Failed for Dfc - Assassinos: Error code: 429 - {'error': {'message': 'Too Many Requests', 'type': 'too_many_requests', 'param': None, 'code': 'too_many_requests'}}
Failed for Sussie 4 - Escapar: Error code: 429 - {'error': {'message': 'Too Many Requests', 'type': 'too_many_requests', 'param': None, 'code': 'too_many_requests'}}
Failed for Sussie 4 - Electric Casino [*]: Error code: 429 - {'error': {'message': 'Too Many Requests', 'type': 'too_many_requests', 'param': None, 'code': 'too_many_requests'}}
Failed for Guns N' Roses - You Can'T Put Your Arms Around A Memory: Error code: 429 - {'error': {'message': 'Too Many Requests', 'type': 'too_many_requests', 'param': None, 'code': 'too_many_requests'}}
Failed for Susumu Yokota - Gekkoh: Error code: 429 - {'error': {'message': 'Too Many Requests', 'type': 'too_many_requests', 'param': None, 'code': 'too_many_requests'}}
Failed for Tiger Lou - Functions: Error code: 429 - {'error': {'message': 'Too Many Requests', 'type': 'too_many_requests', 'param': None, 'code': 'too_many_requests'}}
Failed for Faithless - Mass Destruction (Single Mix): Error code: 429 - {'error': {'message': 'Too Many Requests', 'type': 'too_many_requests', 'param': None, 'code': 'too_many_requests'}}
Failed for Dfc - Franchising: Error code: 429 - {'error': {'message': 'Too Many Requests', 'type': 'too_many_requests', 'param': None, 'code': 'too_many_requests'}}
Failed for Wax Poetic - Technologie: Error code: 429 - {'error': {'message': 'Too Many Requests', 'type': 'too_many_requests', 'param': None, 'code': 'too_many_requests'}}
Failed for Wax Tailor - Que Será: Error code: 429 - {'error': {'message': 'Too Many Requests', 'type': 'too_many_requests', 'param': None, 'code': 'too_many_requests'}}
Failed for Belanova - Cada Que...: Error code: 429 - {'error': {'message': 'Too Many Requests', 'type': 'too_many_requests', 'param': None, 'code': 'too_many_requests'}}
Failed for Agonoize - Gottlos: Error code: 429 - {'error': {'message': 'Too Many Requests', 'type': 'too_many_requests', 'param': None, 'code': 'too_many_requests'}}
Failed for Los Tres - Cerrar Y Abrir: Error code: 429 - {'error': {'message': 'Too Many Requests', 'type': 'too_many_requests', 'param': None, 'code': 'too_many_requests'}}
Failed for Cocteau Twins - Fluffy Tufts: Error code: 429 - {'error': {'message': 'Too Many Requests', 'type': 'too_many_requests', 'param': None, 'code': 'too_many_requests'}}
Failed for Queen - Father To Son: Error code: 429 - {'error': {'message': 'Too Many Requests', 'type': 'too_many_requests', 'param': None, 'code': 'too_many_requests'}}
Failed for Skindred - Rude Boy For Life: Error code: 429 - {'error': {'message': 'Too Many Requests', 'type': 'too_many_requests', 'param': None, 'code': 'too_many_requests'}}
Failed for Emperor - The Burning Shadows Of Silence: Error code: 429 - {'error': {'message': 'Too Many Requests', 'type': 'too_many_requests', 'param': None, 'code': 'too_many_requests'}}
Failed for Faithless - In The End: Error code: 429 - {'error': {'message': 'Too Many Requests', 'type': 'too_many_requests', 'param': None, 'code': 'too_many_requests'}}
Failed for Gustavo Cerati - Tu Cicatriz En Mí: Error code: 429 - {'error': {'message': 'Too Many Requests', 'type': 'too_many_requests', 'param': None, 'code': 'too_many_requests'}}
Failed for Devotchka - Queen Of The Surface Streets: Error code: 429 - {'error': {'message': 'Too Many Requests', 'type': 'too_many_requests', 'param': None, 'code': 'too_many_requests'}}
Failed for Gustavo Cerati - Sudestada: Error code: 429 - {'error': {'message': 'Too Many Requests', 'type': 'too_many_requests', 'param': None, 'code': 'too_many_requests'}}
Failed for Bel Canto - Tierre Obletz Part Iii (Radio Edit): Error code: 429 - {'error': {'message': 'Too Many Requests', 'type': 'too_many_requests', 'param': None, 'code': 'too_many_requests'}}
Failed for Beastie Boys - Transitions: Error code: 429 - {'error': {'message': 'Too Many Requests', 'type': 'too_many_requests', 'param': None, 'code': 'too_many_requests'}}
Failed for Of Montreal - Art Snob Solutions: Error code: 429 - {'error': {'message': 'Too Many Requests', 'type': 'too_many_requests', 'param': None, 'code': 'too_many_requests'}}
Failed for Pow(D)Er Pussy - Cryogenicpussylover: Error code: 429 - {'error': {'message': 'Too Many Requests', 'type': 'too_many_requests', 'param': None, 'code': 'too_many_requests'}}
Failed for Hawkwind - Down Through The Night: Error code: 429 - {'error': {'message': 'Too Many Requests', 'type': 'too_many_requests', 'param': None, 'code': 'too_many_requests'}}
Failed for Hawksley Workman - We Will Still Need A Song: Error code: 429 - {'error': {'message': 'Too Many Requests', 'type': 'too_many_requests', 'param': None, 'code': 'too_many_requests'}}
Failed for The Veronicas - Someone Wake Me Up: Error code: 429 - {'error': {'message': 'Too Many Requests', 'type': 'too_many_requests', 'param': None, 'code': 'too_many_requests'}}
Failed for The Clash - Stop The World: Error code: 429 - {'error': {'message': 'Too Many Requests', 'type': 'too_many_requests', 'param': None, 'code': 'too_many_requests'}}
Failed for Of Montreal - Keep Sending Me Black Fireworks: Error code: 429 - {'error': {'message': 'Too Many Requests', 'type': 'too_many_requests', 'param': None, 'code': 'too_many_requests'}}
2200/2988 done
Failed for Nile - Die Rache Krieg Lied Der Assyriche: Error code: 429 - {'error': {'message': 'Too Many Requests', 'type': 'too_many_requests', 'param': None, 'code': 'too_many_requests'}}
Failed for Faithless - Everything Will Be Alright Tomorrow: Error code: 429 - {'error': {'message': 'Too Many Requests', 'type': 'too_many_requests', 'param': None, 'code': 'too_many_requests'}}
Failed for Faithless - Fatty Boo: Error code: 429 - {'error': {'message': 'Too Many Requests', 'type': 'too_many_requests', 'param': None, 'code': 'too_many_requests'}}
Failed for Queen - Death On Two Legs: Error code: 429 - {'error': {'message': 'Too Many Requests', 'type': 'too_many_requests', 'param': None, 'code': 'too_many_requests'}}
Failed for Gustavo Santaolalla - Brokeback Mountain 1: Error code: 429 - {'error': {'message': 'Too Many Requests', 'type': 'too_many_requests', 'param': None, 'code': 'too_many_requests'}}
Failed for Code 64 - Leaving Earth: Error code: 429 - {'error': {'message': 'Too Many Requests', 'type': 'too_many_requests', 'param': None, 'code': 'too_many_requests'}}
Failed for Devotchka - The Last Beat Of My Heart: Error code: 429 - {'error': {'message': 'Too Many Requests', 'type': 'too_many_requests', 'param': None, 'code': 'too_many_requests'}}
Failed for Faithless - Angeline: Error code: 429 - {'error': {'message': 'Too Many Requests', 'type': 'too_many_requests', 'param': None, 'code': 'too_many_requests'}}
Failed for Travis - Peace The Fuck Out: Error code: 429 - {'error': {'message': 'Too Many Requests', 'type': 'too_many_requests', 'param': None, 'code': 'too_many_requests'}}
Failed for Nile - What Can Be Safely Written: Error code: 429 - {'error': {'message': 'Too Many Requests', 'type': 'too_many_requests', 'param': None, 'code': 'too_many_requests'}}
Failed for John 5 - Gods And Monsters: Error code: 429 - {'error': {'message': 'Too Many Requests', 'type': 'too_many_requests', 'param': None, 'code': 'too_many_requests'}}
Failed for Nile - Nas Akhu Khan She En Asbiu: Error code: 429 - {'error': {'message': 'Too Many Requests', 'type': 'too_many_requests', 'param': None, 'code': 'too_many_requests'}}
Failed for Beirut - Scenic World (Version): Error code: 429 - {'error': {'message': 'Too Many Requests', 'type': 'too_many_requests', 'param': None, 'code': 'too_many_requests'}}
Failed for Skindred - Spit Out The Poison: Error code: 429 - {'error': {'message': 'Too Many Requests', 'type': 'too_many_requests', 'param': None, 'code': 'too_many_requests'}}
Failed for Nile - Papyrus Containing The Spell To Preserve Its Possessor Against Attacks From He Who Is In The Water: Error code: 429 - {'error': {'message': 'Too Many Requests', 'type': 'too_many_requests', 'param': None, 'code': 'too_many_requests'}}
Failed for Skindred - Killing Me: Error code: 429 - {'error': {'message': 'Too Many Requests', 'type': 'too_many_requests', 'param': None, 'code': 'too_many_requests'}}
Failed for The Sonics - The Witch: Error code: 429 - {'error': {'message': 'Too Many Requests', 'type': 'too_many_requests', 'param': None, 'code': 'too_many_requests'}}
Failed for Skindred - Bruises: Error code: 429 - {'error': {'message': 'Too Many Requests', 'type': 'too_many_requests', 'param': None, 'code': 'too_many_requests'}}
Failed for Devo - Sloppy (I Saw My Baby Gettin'): Error code: 429 - {'error': {'message': 'Too Many Requests', 'type': 'too_many_requests', 'param': None, 'code': 'too_many_requests'}}
Failed for Devo - Ton O' Love: Error code: 429 - {'error': {'message': 'Too Many Requests', 'type': 'too_many_requests', 'param': None, 'code': 'too_many_requests'}}
Failed for Obituary - Chopped In Half: Error code: 429 - {'error': {'message': 'Too Many Requests', 'type': 'too_many_requests', 'param': None, 'code': 'too_many_requests'}}
Failed for Hauschka - Blue Bicycle: Error code: 429 - {'error': {'message': 'Too Many Requests', 'type': 'too_many_requests', 'param': None, 'code': 'too_many_requests'}}
Failed for Jedi Mind Tricks - Suicide: Error code: 429 - {'error': {'message': 'Too Many Requests', 'type': 'too_many_requests', 'param': None, 'code': 'too_many_requests'}}
Failed for Ocean Colour Scene - The Circle: Error code: 429 - {'error': {'message': 'Too Many Requests', 'type': 'too_many_requests', 'param': None, 'code': 'too_many_requests'}}
Failed for The Clientele - The Violet Hour: Error code: 429 - {'error': {'message': 'Too Many Requests', 'type': 'too_many_requests', 'param': None, 'code': 'too_many_requests'}}
Failed for Jedi Mind Tricks - I Against I (Feat. Planetary Of Outerspace): Error code: 429 - {'error': {'message': 'Too Many Requests', 'type': 'too_many_requests', 'param': None, 'code': 'too_many_requests'}}
Failed for Oceansize - A Homage To A Shame: Error code: 429 - {'error': {'message': 'Too Many Requests', 'type': 'too_many_requests', 'param': None, 'code': 'too_many_requests'}}
Failed for Amusement Parks On Fire - Eighty Eight: Error code: 429 - {'error': {'message': 'Too Many Requests', 'type': 'too_many_requests', 'param': None, 'code': 'too_many_requests'}}
Failed for Devo - Beautiful World: Error code: 429 - {'error': {'message': 'Too Many Requests', 'type': 'too_many_requests', 'param': None, 'code': 'too_many_requests'}}
Failed for Quasi - Smile: Error code: 429 - {'error': {'message': 'Too Many Requests', 'type': 'too_many_requests', 'param': None, 'code': 'too_many_requests'}}
Failed for Guster - Homecoming King: Error code: 429 - {'error': {'message': 'Too Many Requests', 'type': 'too_many_requests', 'param': None, 'code': 'too_many_requests'}}
Failed for Gwen Stefani - Long Way To Go: Error code: 429 - {'error': {'message': 'Too Many Requests', 'type': 'too_many_requests', 'param': None, 'code': 'too_many_requests'}}
Failed for Amplifier - Motorhead: Error code: 429 - {'error': {'message': 'Too Many Requests', 'type': 'too_many_requests', 'param': None, 'code': 'too_many_requests'}}
Failed for The Sounds - Bombs Bombs Away (Teenage Battlefield): Error code: 429 - {'error': {'message': 'Too Many Requests', 'type': 'too_many_requests', 'param': None, 'code': 'too_many_requests'}}
Failed for Joe Satriani - Ice 9: Error code: 429 - {'error': {'message': 'Too Many Requests', 'type': 'too_many_requests', 'param': None, 'code': 'too_many_requests'}}
Failed for Marcy Playground - Saint Joe On The School Bus: Error code: 429 - {'error': {'message': 'Too Many Requests', 'type': 'too_many_requests', 'param': None, 'code': 'too_many_requests'}}
Failed for Swallow The Sun - Out Of This Gloomy Light: Error code: 429 - {'error': {'message': 'Too Many Requests', 'type': 'too_many_requests', 'param': None, 'code': 'too_many_requests'}}
Failed for The Dead Milkmen - Smokin' Banana Peels: Error code: 429 - {'error': {'message': 'Too Many Requests', 'type': 'too_many_requests', 'param': None, 'code': 'too_many_requests'}}
Failed for Devendra Banhart - This Beard Is For Siobhán: Error code: 429 - {'error': {'message': 'Too Many Requests', 'type': 'too_many_requests', 'param': None, 'code': 'too_many_requests'}}
Failed for Faith Hill - Where Are You Christmas?: Error code: 429 - {'error': {'message': 'Too Many Requests', 'type': 'too_many_requests', 'param': None, 'code': 'too_many_requests'}}
Failed for Travis - Baby One More Time: Error code: 429 - {'error': {'message': 'Too Many Requests', 'type': 'too_many_requests', 'param': None, 'code': 'too_many_requests'}}
Failed for Joe Pass - She'S Funny That Way: Error code: 429 - {'error': {'message': 'Too Many Requests', 'type': 'too_many_requests', 'param': None, 'code': 'too_many_requests'}}
Failed for Yerba Buena - Guajira (I Love U 2 Much): Error code: 429 - {'error': {'message': 'Too Many Requests', 'type': 'too_many_requests', 'param': None, 'code': 'too_many_requests'}}
Failed for The Dead Milkmen - If You Love Someone Set Them On Fire: Error code: 429 - {'error': {'message': 'Too Many Requests', 'type': 'too_many_requests', 'param': None, 'code': 'too_many_requests'}}
Failed for Before The Dawn - ...: Error code: 429 - {'error': {'message': 'Too Many Requests', 'type': 'too_many_requests', 'param': None, 'code': 'too_many_requests'}}
Failed for Gåte - Sjåaren: Error code: 429 - {'error': {'message': 'Too Many Requests', 'type': 'too_many_requests', 'param': None, 'code': 'too_many_requests'}}
Failed for Gåte - Du Som Er Ung: Error code: 429 - {'error': {'message': 'Too Many Requests', 'type': 'too_many_requests', 'param': None, 'code': 'too_many_requests'}}
Failed for Faith And The Muse - The Silver Circle: Error code: 429 - {'error': {'message': 'Too Many Requests', 'type': 'too_many_requests', 'param': None, 'code': 'too_many_requests'}}
Failed for Sex Pistols - Satellite: Error code: 429 - {'error': {'message': 'Too Many Requests', 'type': 'too_many_requests', 'param': None, 'code': 'too_many_requests'}}
Failed for Demons & Wizards - Poor Man'S Crusade: Error code: 429 - {'error': {'message': 'Too Many Requests', 'type': 'too_many_requests', 'param': None, 'code': 'too_many_requests'}}
Failed for Sex Pistols - Sub-Mission: Error code: 429 - {'error': {'message': 'Too Many Requests', 'type': 'too_many_requests', 'param': None, 'code': 'too_many_requests'}}
Failed for Tim Buckley - Song To The Siren: Error code: 429 - {'error': {'message': 'Too Many Requests', 'type': 'too_many_requests', 'param': None, 'code': 'too_many_requests'}}
Failed for Tracy Chapman - Change: Error code: 429 - {'error': {'message': 'Too Many Requests', 'type': 'too_many_requests', 'param': None, 'code': 'too_many_requests'}}
Failed for Demons & Wizards - Path Of Glory: Error code: 429 - {'error': {'message': 'Too Many Requests', 'type': 'too_many_requests', 'param': None, 'code': 'too_many_requests'}}
Failed for Exodus - Raze: Error code: 429 - {'error': {'message': 'Too Many Requests', 'type': 'too_many_requests', 'param': None, 'code': 'too_many_requests'}}
Failed for Azure Ray - Home: Error code: 429 - {'error': {'message': 'Too Many Requests', 'type': 'too_many_requests', 'param': None, 'code': 'too_many_requests'}}
Failed for The Veronicas - I Don'T Wanna Wait: Error code: 429 - {'error': {'message': 'Too Many Requests', 'type': 'too_many_requests', 'param': None, 'code': 'too_many_requests'}}
Failed for T.I. - Ride Wit Me: Error code: 429 - {'error': {'message': 'Too Many Requests', 'type': 'too_many_requests', 'param': None, 'code': 'too_many_requests'}}
Failed for Hatebreed - Tear It Down: Error code: 429 - {'error': {'message': 'Too Many Requests', 'type': 'too_many_requests', 'param': None, 'code': 'too_many_requests'}}
Failed for Pure Reason Revolution - Aeropause: Error code: 429 - {'error': {'message': 'Too Many Requests', 'type': 'too_many_requests', 'param': None, 'code': 'too_many_requests'}}
Failed for The Dead 60S - Ghostfaced Killer: Error code: 429 - {'error': {'message': 'Too Many Requests', 'type': 'too_many_requests', 'param': None, 'code': 'too_many_requests'}}
Failed for Job For A Cowboy - The Divine Falsehood: Error code: 429 - {'error': {'message': 'Too Many Requests', 'type': 'too_many_requests', 'param': None, 'code': 'too_many_requests'}}
Failed for Hatebreed - Mind Over All: Error code: 429 - {'error': {'message': 'Too Many Requests', 'type': 'too_many_requests', 'param': None, 'code': 'too_many_requests'}}
Failed for Nine Inch Nails - The Great Collapse: Error code: 429 - {'error': {'message': 'Too Many Requests', 'type': 'too_many_requests', 'param': None, 'code': 'too_many_requests'}}
Failed for Bob Marley - Trench Town Rock: Error code: 429 - {'error': {'message': 'Too Many Requests', 'type': 'too_many_requests', 'param': None, 'code': 'too_many_requests'}}
Failed for Yellowcard - Afraid: Error code: 429 - {'error': {'message': 'Too Many Requests', 'type': 'too_many_requests', 'param': None, 'code': 'too_many_requests'}}
Failed for Deus - Mute: Error code: 429 - {'error': {'message': 'Too Many Requests', 'type': 'too_many_requests', 'param': None, 'code': 'too_many_requests'}}
Failed for Apparat - Interrupt: Error code: 429 - {'error': {'message': 'Too Many Requests', 'type': 'too_many_requests', 'param': None, 'code': 'too_many_requests'}}
Failed for Joaquin Phoenix - Cry Cry Cry: Error code: 429 - {'error': {'message': 'Too Many Requests', 'type': 'too_many_requests', 'param': None, 'code': 'too_many_requests'}}
Failed for Pulp - Someone Like The Moon: Error code: 429 - {'error': {'message': 'Too Many Requests', 'type': 'too_many_requests', 'param': None, 'code': 'too_many_requests'}}
Failed for Deus - Morticiachair: Error code: 429 - {'error': {'message': 'Too Many Requests', 'type': 'too_many_requests', 'param': None, 'code': 'too_many_requests'}}
Failed for Fahrenheit - Tan Lejos De Mi: Error code: 429 - {'error': {'message': 'Too Many Requests', 'type': 'too_many_requests', 'param': None, 'code': 'too_many_requests'}}
Failed for Ha-Ash - No Te Quiero Nada: Error code: 429 - {'error': {'message': 'Too Many Requests', 'type': 'too_many_requests', 'param': None, 'code': 'too_many_requests'}}
Failed for Yelle - A Cause Des Garçons (Tepr Remix): Error code: 429 - {'error': {'message': 'Too Many Requests', 'type': 'too_many_requests', 'param': None, 'code': 'too_many_requests'}}
Failed for Deus - Cold Sun Of Circumstance: Error code: 429 - {'error': {'message': 'Too Many Requests', 'type': 'too_many_requests', 'param': None, 'code': 'too_many_requests'}}
Failed for Aimee Mann - High On Sunday 51: Error code: 429 - {'error': {'message': 'Too Many Requests', 'type': 'too_many_requests', 'param': None, 'code': 'too_many_requests'}}
Failed for Tim Hecker - Harmony In Blue Ii: Error code: 429 - {'error': {'message': 'Too Many Requests', 'type': 'too_many_requests', 'param': None, 'code': 'too_many_requests'}}
Failed for Aimee Mann - I Can'T Help You Anymore: Error code: 429 - {'error': {'message': 'Too Many Requests', 'type': 'too_many_requests', 'param': None, 'code': 'too_many_requests'}}
Failed for Prefuse 73 - Weight Watching: Error code: 429 - {'error': {'message': 'Too Many Requests', 'type': 'too_many_requests', 'param': None, 'code': 'too_many_requests'}}
Failed for Tim Hecker - Spring Heeled Jack Flies Tonight: Error code: 429 - {'error': {'message': 'Too Many Requests', 'type': 'too_many_requests', 'param': None, 'code': 'too_many_requests'}}
Failed for Jefferson Airplane - The Ballad Of You And Me And Pooneil: Error code: 429 - {'error': {'message': 'Too Many Requests', 'type': 'too_many_requests', 'param': None, 'code': 'too_many_requests'}}
Failed for The Dandy Warhols - Welcome To The Third World: Error code: 429 - {'error': {'message': 'Too Many Requests', 'type': 'too_many_requests', 'param': None, 'code': 'too_many_requests'}}
Failed for Jefferson Airplane - Watch Her Ride: Error code: 429 - {'error': {'message': 'Too Many Requests', 'type': 'too_many_requests', 'param': None, 'code': 'too_many_requests'}}
Failed for Harry J. All Stars - Liquidator: Error code: 429 - {'error': {'message': 'Too Many Requests', 'type': 'too_many_requests', 'param': None, 'code': 'too_many_requests'}}
Failed for The Cool Kids - What It Is: Error code: 429 - {'error': {'message': 'Too Many Requests', 'type': 'too_many_requests', 'param': None, 'code': 'too_many_requests'}}
Failed for Low - Cue The Strings: Error code: 429 - {'error': {'message': 'Too Many Requests', 'type': 'too_many_requests', 'param': None, 'code': 'too_many_requests'}}
Failed for The Cooper Temple Clause - In Your Prime: Error code: 429 - {'error': {'message': 'Too Many Requests', 'type': 'too_many_requests', 'param': None, 'code': 'too_many_requests'}}
Failed for Jefferson Airplane - Come Up The Years: Error code: 429 - {'error': {'message': 'Too Many Requests', 'type': 'too_many_requests', 'param': None, 'code': 'too_many_requests'}}
Failed for Pulp - Feeling Called Love: Error code: 429 - {'error': {'message': 'Too Many Requests', 'type': 'too_many_requests', 'param': None, 'code': 'too_many_requests'}}
Failed for The Cooper Temple Clause - Digital Observations: Error code: 429 - {'error': {'message': 'Too Many Requests', 'type': 'too_many_requests', 'param': None, 'code': 'too_many_requests'}}
Failed for The Dandy Warhols - The Coffee And Tea Wrecks: Error code: 429 - {'error': {'message': 'Too Many Requests', 'type': 'too_many_requests', 'param': None, 'code': 'too_many_requests'}}
Failed for Bob Dylan - Everything Is Broken: Error code: 429 - {'error': {'message': 'Too Many Requests', 'type': 'too_many_requests', 'param': None, 'code': 'too_many_requests'}}
Failed for Oasis - (Probably) All In The Mind: Error code: 429 - {'error': {'message': 'Too Many Requests', 'type': 'too_many_requests', 'param': None, 'code': 'too_many_requests'}}
Failed for Dethklok - Duncan Hills Coffee Jingle: Error code: 429 - {'error': {'message': 'Too Many Requests', 'type': 'too_many_requests', 'param': None, 'code': 'too_many_requests'}}
Failed for Aimee Mann - Little Bombs: Error code: 429 - {'error': {'message': 'Too Many Requests', 'type': 'too_many_requests', 'param': None, 'code': 'too_many_requests'}}
Failed for The Dandy Warhols - Not Your Bottle: Error code: 429 - {'error': {'message': 'Too Many Requests', 'type': 'too_many_requests', 'param': None, 'code': 'too_many_requests'}}
Failed for Aimee Mann - Nothing Is Good Enough (Instrumental): Error code: 429 - {'error': {'message': 'Too Many Requests', 'type': 'too_many_requests', 'param': None, 'code': 'too_many_requests'}}
2300/2988 done
Failed for The Dandy Warhols - Love Is The New Feel Awful: Error code: 429 - {'error': {'message': 'Too Many Requests', 'type': 'too_many_requests', 'param': None, 'code': 'too_many_requests'}}
Failed for Timbaland - 2 Man Show (Feat. Elton John): Error code: 429 - {'error': {'message': 'Too Many Requests', 'type': 'too_many_requests', 'param': None, 'code': 'too_many_requests'}}
Failed for Colleen - Babies: Error code: 429 - {'error': {'message': 'Too Many Requests', 'type': 'too_many_requests', 'param': None, 'code': 'too_many_requests'}}
Failed for Pulp - Bob Lind (The Only Way Is Down): Error code: 429 - {'error': {'message': 'Too Many Requests', 'type': 'too_many_requests', 'param': None, 'code': 'too_many_requests'}}
Failed for The Dandy Warhols - Down Like Disco: Error code: 429 - {'error': {'message': 'Too Many Requests', 'type': 'too_many_requests', 'param': None, 'code': 'too_many_requests'}}
Failed for Pulp - Deep Fried In Kelvin: Error code: 429 - {'error': {'message': 'Too Many Requests', 'type': 'too_many_requests', 'param': None, 'code': 'too_many_requests'}}
Failed for 玉置成実 - Truth: Error code: 429 - {'error': {'message': 'Too Many Requests', 'type': 'too_many_requests', 'param': None, 'code': 'too_many_requests'}}
Failed for Sweet - Wig Wam Bam: Error code: 429 - {'error': {'message': 'Too Many Requests', 'type': 'too_many_requests', 'param': None, 'code': 'too_many_requests'}}
Failed for Sweet - The Lies In Your Eyes: Error code: 429 - {'error': {'message': 'Too Many Requests', 'type': 'too_many_requests', 'param': None, 'code': 'too_many_requests'}}
Failed for Destroyer - The State: Error code: 429 - {'error': {'message': 'Too Many Requests', 'type': 'too_many_requests', 'param': None, 'code': 'too_many_requests'}}
Failed for Amorphis - Thousand Lakes: Error code: 429 - {'error': {'message': 'Too Many Requests', 'type': 'too_many_requests', 'param': None, 'code': 'too_many_requests'}}
Failed for Engenheiros Do Hawaii - A Revolta Dos Dândis I: Error code: 429 - {'error': {'message': 'Too Many Requests', 'type': 'too_many_requests', 'param': None, 'code': 'too_many_requests'}}
Failed for Destruction - Curse The Gods: Error code: 429 - {'error': {'message': 'Too Many Requests', 'type': 'too_many_requests', 'param': None, 'code': 'too_many_requests'}}
Failed for Public Image Ltd. - Death Disco: Error code: 429 - {'error': {'message': 'Too Many Requests', 'type': 'too_many_requests', 'param': None, 'code': 'too_many_requests'}}
Failed for Psyclon Nine - Tyranny: Error code: 429 - {'error': {'message': 'Too Many Requests', 'type': 'too_many_requests', 'param': None, 'code': 'too_many_requests'}}
Failed for Num - One Side Love: Error code: 429 - {'error': {'message': 'Too Many Requests', 'type': 'too_many_requests', 'param': None, 'code': 'too_many_requests'}}
Failed for Harry Gregson-Williams - Evacuating London: Error code: 429 - {'error': {'message': 'Too Many Requests', 'type': 'too_many_requests', 'param': None, 'code': 'too_many_requests'}}
Failed for Beat Happening - What'S Important: Error code: 429 - {'error': {'message': 'Too Many Requests', 'type': 'too_many_requests', 'param': None, 'code': 'too_many_requests'}}
Failed for The Coral - Cripple'S Crown: Error code: 429 - {'error': {'message': 'Too Many Requests', 'type': 'too_many_requests', 'param': None, 'code': 'too_many_requests'}}
Failed for Harry Chapin - Cat'S In The Cradle: Error code: 429 - {'error': {'message': 'Too Many Requests', 'type': 'too_many_requests', 'param': None, 'code': 'too_many_requests'}}
Failed for The Coral - Eskimo Lament: Error code: 429 - {'error': {'message': 'Too Many Requests', 'type': 'too_many_requests', 'param': None, 'code': 'too_many_requests'}}
Failed for The Coral - Careless Hands: Error code: 429 - {'error': {'message': 'Too Many Requests', 'type': 'too_many_requests', 'param': None, 'code': 'too_many_requests'}}
Failed for Pretty Girls Make Graves - A Certain Cemetery: Error code: 429 - {'error': {'message': 'Too Many Requests', 'type': 'too_many_requests', 'param': None, 'code': 'too_many_requests'}}
Failed for The Coral - Calendars And Clocks (Demo): Error code: 429 - {'error': {'message': 'Too Many Requests', 'type': 'too_many_requests', 'param': None, 'code': 'too_many_requests'}}
Failed for Pretty Girls Make Graves - Parade: Error code: 429 - {'error': {'message': 'Too Many Requests', 'type': 'too_many_requests', 'param': None, 'code': 'too_many_requests'}}
Failed for O-Zone - Despre Tine: Error code: 429 - {'error': {'message': 'Too Many Requests', 'type': 'too_many_requests', 'param': None, 'code': 'too_many_requests'}}
Failed for Nuspirit Helsinki - Circular Motion: Error code: 429 - {'error': {'message': 'Too Many Requests', 'type': 'too_many_requests', 'param': None, 'code': 'too_many_requests'}}
Failed for The Cure - The Snakepit: Error code: 429 - {'error': {'message': 'Too Many Requests', 'type': 'too_many_requests', 'param': None, 'code': 'too_many_requests'}}
Failed for The Cure - Trust: Error code: 429 - {'error': {'message': 'Too Many Requests', 'type': 'too_many_requests', 'param': None, 'code': 'too_many_requests'}}
Failed for No Doubt - Comforting Lie: Error code: 429 - {'error': {'message': 'Too Many Requests', 'type': 'too_many_requests', 'param': None, 'code': 'too_many_requests'}}
Failed for The Cure - The Loudest Sound: Error code: 429 - {'error': {'message': 'Too Many Requests', 'type': 'too_many_requests', 'param': None, 'code': 'too_many_requests'}}
Failed for Maps - Don'T Fear: Error code: 429 - {'error': {'message': 'Too Many Requests', 'type': 'too_many_requests', 'param': None, 'code': 'too_many_requests'}}
Failed for No Doubt - Artificial Sweetener: Error code: 429 - {'error': {'message': 'Too Many Requests', 'type': 'too_many_requests', 'param': None, 'code': 'too_many_requests'}}
Failed for Maps - Back + Forth: Error code: 429 - {'error': {'message': 'Too Many Requests', 'type': 'too_many_requests', 'param': None, 'code': 'too_many_requests'}}
Failed for Maps - Glory Verse: Error code: 429 - {'error': {'message': 'Too Many Requests', 'type': 'too_many_requests', 'param': None, 'code': 'too_many_requests'}}
Failed for Maps - Liquid Sugar: Error code: 429 - {'error': {'message': 'Too Many Requests', 'type': 'too_many_requests', 'param': None, 'code': 'too_many_requests'}}
Failed for No Doubt - Six Feet Under: Error code: 429 - {'error': {'message': 'Too Many Requests', 'type': 'too_many_requests', 'param': None, 'code': 'too_many_requests'}}
Failed for Louis Armstrong - Blueberry Hill: Error code: 429 - {'error': {'message': 'Too Many Requests', 'type': 'too_many_requests', 'param': None, 'code': 'too_many_requests'}}
Failed for No Doubt - Oi To The World: Error code: 429 - {'error': {'message': 'Too Many Requests', 'type': 'too_many_requests', 'param': None, 'code': 'too_many_requests'}}
Failed for No Doubt - Platinum Blonde Life: Error code: 429 - {'error': {'message': 'Too Many Requests', 'type': 'too_many_requests', 'param': None, 'code': 'too_many_requests'}}
Failed for No Doubt - Squeal: Error code: 429 - {'error': {'message': 'Too Many Requests', 'type': 'too_many_requests', 'param': None, 'code': 'too_many_requests'}}
Failed for Psapp - King Kong: Error code: 429 - {'error': {'message': 'Too Many Requests', 'type': 'too_many_requests', 'param': None, 'code': 'too_many_requests'}}
Failed for Skalpel - Break In: Error code: 429 - {'error': {'message': 'Too Many Requests', 'type': 'too_many_requests', 'param': None, 'code': 'too_many_requests'}}
Failed for Coma - Sierpień: Error code: 429 - {'error': {'message': 'Too Many Requests', 'type': 'too_many_requests', 'param': None, 'code': 'too_many_requests'}}
Failed for Beck - Pressure Zone: Error code: 429 - {'error': {'message': 'Too Many Requests', 'type': 'too_many_requests', 'param': None, 'code': 'too_many_requests'}}
Failed for Jimi Hendrix - Lover Man: Error code: 429 - {'error': {'message': 'Too Many Requests', 'type': 'too_many_requests', 'param': None, 'code': 'too_many_requests'}}
Failed for Sébastien Tellier - Une Heure: Error code: 429 - {'error': {'message': 'Too Many Requests', 'type': 'too_many_requests', 'param': None, 'code': 'too_many_requests'}}
Failed for Primal Scream - Kowalski: Error code: 429 - {'error': {'message': 'Too Many Requests', 'type': 'too_many_requests', 'param': None, 'code': 'too_many_requests'}}
Failed for Noah And The Whale - Shape Of My Heart: Error code: 429 - {'error': {'message': 'Too Many Requests', 'type': 'too_many_requests', 'param': None, 'code': 'too_many_requests'}}
Failed for Cool Kids Of Death - Kręcimy Się W Kółko: Error code: 429 - {'error': {'message': 'Too Many Requests', 'type': 'too_many_requests', 'param': None, 'code': 'too_many_requests'}}
Failed for Jennifer Hudson - If This Isn'T Love (Stonebridge Radio Edit): Error code: 429 - {'error': {'message': 'Too Many Requests', 'type': 'too_many_requests', 'param': None, 'code': 'too_many_requests'}}
Failed for 16 Horsepower - Burning Bush: Error code: 429 - {'error': {'message': 'Too Many Requests', 'type': 'too_many_requests', 'param': None, 'code': 'too_many_requests'}}
Failed for The Starting Line - What You Want: Error code: 429 - {'error': {'message': 'Too Many Requests', 'type': 'too_many_requests', 'param': None, 'code': 'too_many_requests'}}
Failed for 16 Horsepower - Clogger: Error code: 429 - {'error': {'message': 'Too Many Requests', 'type': 'too_many_requests', 'param': None, 'code': 'too_many_requests'}}
Failed for Primal Scream - Detroit: Error code: 429 - {'error': {'message': 'Too Many Requests', 'type': 'too_many_requests', 'param': None, 'code': 'too_many_requests'}}
Failed for Desmond Dekker - You Can Get It If You Really Want: Error code: 429 - {'error': {'message': 'Too Many Requests', 'type': 'too_many_requests', 'param': None, 'code': 'too_many_requests'}}
Failed for The Spill Canvas - Natalie Marie And 1Cc: Error code: 429 - {'error': {'message': 'Too Many Requests', 'type': 'too_many_requests', 'param': None, 'code': 'too_many_requests'}}
Failed for The Specials - Little Bitch: Error code: 429 - {'error': {'message': 'Too Many Requests', 'type': 'too_many_requests', 'param': None, 'code': 'too_many_requests'}}
Failed for Engenheiros Do Hawaii - Dom Quixote: Error code: 429 - {'error': {'message': 'Too Many Requests', 'type': 'too_many_requests', 'param': None, 'code': 'too_many_requests'}}
Failed for Engenheiros Do Hawaii - Longe Demais Das Capitais: Error code: 429 - {'error': {'message': 'Too Many Requests', 'type': 'too_many_requests', 'param': None, 'code': 'too_many_requests'}}
Failed for Combichrist - Tractor: Error code: 429 - {'error': {'message': 'Too Many Requests', 'type': 'too_many_requests', 'param': None, 'code': 'too_many_requests'}}
Failed for Combichrist - Get Out Of My Head: Error code: 429 - {'error': {'message': 'Too Many Requests', 'type': 'too_many_requests', 'param': None, 'code': 'too_many_requests'}}
Failed for Combichrist - Lying Sack Of Shit: Error code: 429 - {'error': {'message': 'Too Many Requests', 'type': 'too_many_requests', 'param': None, 'code': 'too_many_requests'}}
Failed for Nofx - Lori Meyers: Error code: 429 - {'error': {'message': 'Too Many Requests', 'type': 'too_many_requests', 'param': None, 'code': 'too_many_requests'}}
Failed for Comeback Kid - In Case Of Fire: Error code: 429 - {'error': {'message': 'Too Many Requests', 'type': 'too_many_requests', 'param': None, 'code': 'too_many_requests'}}
Failed for Apparat - Over And Over: Error code: 429 - {'error': {'message': 'Too Many Requests', 'type': 'too_many_requests', 'param': None, 'code': 'too_many_requests'}}
Failed for Hammerfall - In Memoriam: Error code: 429 - {'error': {'message': 'Too Many Requests', 'type': 'too_many_requests', 'param': None, 'code': 'too_many_requests'}}
Failed for Descendents - Clean Sheets: Error code: 429 - {'error': {'message': 'Too Many Requests', 'type': 'too_many_requests', 'param': None, 'code': 'too_many_requests'}}
Failed for Apparat - Repeat Till Overload: Error code: 429 - {'error': {'message': 'Too Many Requests', 'type': 'too_many_requests', 'param': None, 'code': 'too_many_requests'}}
Failed for Nofx - The Marxist Brothers: Error code: 429 - {'error': {'message': 'Too Many Requests', 'type': 'too_many_requests', 'param': None, 'code': 'too_many_requests'}}
Failed for Handsome Boy Modeling School - Breakdown: Error code: 429 - {'error': {'message': 'Too Many Requests', 'type': 'too_many_requests', 'param': None, 'code': 'too_many_requests'}}
Failed for Novice - The Fallout: Error code: 429 - {'error': {'message': 'Too Many Requests', 'type': 'too_many_requests', 'param': None, 'code': 'too_many_requests'}}
Failed for Traffic - Dear Mr. Fantasy: Error code: 429 - {'error': {'message': 'Too Many Requests', 'type': 'too_many_requests', 'param': None, 'code': 'too_many_requests'}}
Failed for Depeche Mode - Enjoy The Silence (2004): Error code: 429 - {'error': {'message': 'Too Many Requests', 'type': 'too_many_requests', 'param': None, 'code': 'too_many_requests'}}
Failed for Hardcore Superstar - Liberation: Error code: 429 - {'error': {'message': 'Too Many Requests', 'type': 'too_many_requests', 'param': None, 'code': 'too_many_requests'}}
Failed for Extreme - Cupid'S Dead: Error code: 429 - {'error': {'message': 'Too Many Requests', 'type': 'too_many_requests', 'param': None, 'code': 'too_many_requests'}}
Failed for Jenny Lewis With The Watson Twins - Happy (Reprise): Error code: 429 - {'error': {'message': 'Too Many Requests', 'type': 'too_many_requests', 'param': None, 'code': 'too_many_requests'}}
Failed for Jenny Wilson - A Hesitating Cloud Of Despair: Error code: 429 - {'error': {'message': 'Too Many Requests', 'type': 'too_many_requests', 'param': None, 'code': 'too_many_requests'}}
Failed for Ween - Gabrielle: Error code: 429 - {'error': {'message': 'Too Many Requests', 'type': 'too_many_requests', 'param': None, 'code': 'too_many_requests'}}
Failed for Six By Seven - Oh! Dear: Error code: 429 - {'error': {'message': 'Too Many Requests', 'type': 'too_many_requests', 'param': None, 'code': 'too_many_requests'}}
Failed for Jenny Owen Youngs - Hot In Herre: Error code: 429 - {'error': {'message': 'Too Many Requests', 'type': 'too_many_requests', 'param': None, 'code': 'too_many_requests'}}
Failed for Amon Tobin - Theme From Battery: Error code: 429 - {'error': {'message': 'Too Many Requests', 'type': 'too_many_requests', 'param': None, 'code': 'too_many_requests'}}
Failed for Noir Désir - L'Enfant Roi: Error code: 429 - {'error': {'message': 'Too Many Requests', 'type': 'too_many_requests', 'param': None, 'code': 'too_many_requests'}}
Failed for Amon Tobin - The Nasty: Error code: 429 - {'error': {'message': 'Too Many Requests', 'type': 'too_many_requests', 'param': None, 'code': 'too_many_requests'}}
Failed for Beck - Diamond Bollocks: Error code: 429 - {'error': {'message': 'Too Many Requests', 'type': 'too_many_requests', 'param': None, 'code': 'too_many_requests'}}
Failed for Shakira - Donde Estás Corazón: Error code: 429 - {'error': {'message': 'Too Many Requests', 'type': 'too_many_requests', 'param': None, 'code': 'too_many_requests'}}
Failed for The Cure - Hello I Love You: Error code: 429 - {'error': {'message': 'Too Many Requests', 'type': 'too_many_requests', 'param': None, 'code': 'too_many_requests'}}
Failed for Handsome Furs - Sing! Captain: Error code: 429 - {'error': {'message': 'Too Many Requests', 'type': 'too_many_requests', 'param': None, 'code': 'too_many_requests'}}
Failed for Syd Barrett - She Took A Long Cold Look: Error code: 429 - {'error': {'message': 'Too Many Requests', 'type': 'too_many_requests', 'param': None, 'code': 'too_many_requests'}}
Failed for Timmy Vegas & Bad Lay-Dee - Another Dimension (Club Mix): Error code: 429 - {'error': {'message': 'Too Many Requests', 'type': 'too_many_requests', 'param': None, 'code': 'too_many_requests'}}
Failed for The Cure - Anniversary: Error code: 429 - {'error': {'message': 'Too Many Requests', 'type': 'too_many_requests', 'param': None, 'code': 'too_many_requests'}}
Failed for Manu Chao - La Chinita: Error code: 429 - {'error': {'message': 'Too Many Requests', 'type': 'too_many_requests', 'param': None, 'code': 'too_many_requests'}}
Failed for Blacklisted - Long Way Home: Error code: 429 - {'error': {'message': 'Too Many Requests', 'type': 'too_many_requests', 'param': None, 'code': 'too_many_requests'}}
Failed for Blacklisted - Wolves At My Door: Error code: 429 - {'error': {'message': 'Too Many Requests', 'type': 'too_many_requests', 'param': None, 'code': 'too_many_requests'}}
2400/2988 done
Failed for Shakira - Que Me Quedes Tú: Error code: 429 - {'error': {'message': 'Too Many Requests', 'type': 'too_many_requests', 'param': None, 'code': 'too_many_requests'}}
Failed for The Stands - All Years Leaving: Error code: 429 - {'error': {'message': 'Too Many Requests', 'type': 'too_many_requests', 'param': None, 'code': 'too_many_requests'}}
Failed for Hank Williams Iii - Honky Tonk Girls: Error code: 429 - {'error': {'message': 'Too Many Requests', 'type': 'too_many_requests', 'param': None, 'code': 'too_many_requests'}}
Failed for Amon Amarth - Burning Creation: Error code: 429 - {'error': {'message': 'Too Many Requests', 'type': 'too_many_requests', 'param': None, 'code': 'too_many_requests'}}
Failed for Extreme - Stop The World: Error code: 429 - {'error': {'message': 'Too Many Requests', 'type': 'too_many_requests', 'param': None, 'code': 'too_many_requests'}}
Failed for Six Organs Of Admittance - Assyria: Error code: 429 - {'error': {'message': 'Too Many Requests', 'type': 'too_many_requests', 'param': None, 'code': 'too_many_requests'}}
Failed for Consul The Educated Monkey - Home: Error code: 429 - {'error': {'message': 'Too Many Requests', 'type': 'too_many_requests', 'param': None, 'code': 'too_many_requests'}}
Failed for Tragedy - The Lure: Error code: 429 - {'error': {'message': 'Too Many Requests', 'type': 'too_many_requests', 'param': None, 'code': 'too_many_requests'}}
Failed for Constantines - Windy Road: Error code: 429 - {'error': {'message': 'Too Many Requests', 'type': 'too_many_requests', 'param': None, 'code': 'too_many_requests'}}
Failed for Shakira - Te Espero Sentada: Error code: 429 - {'error': {'message': 'Too Many Requests', 'type': 'too_many_requests', 'param': None, 'code': 'too_many_requests'}}
Failed for Mansun - Stripper Vicar: Error code: 429 - {'error': {'message': 'Too Many Requests', 'type': 'too_many_requests', 'param': None, 'code': 'too_many_requests'}}
Failed for Hanoi Rocks - Village Girl: Error code: 429 - {'error': {'message': 'Too Many Requests', 'type': 'too_many_requests', 'param': None, 'code': 'too_many_requests'}}
Failed for Mansun - Serotonin: Error code: 429 - {'error': {'message': 'Too Many Requests', 'type': 'too_many_requests', 'param': None, 'code': 'too_many_requests'}}
Failed for Hanoi Rocks - Street Poetry: Error code: 429 - {'error': {'message': 'Too Many Requests', 'type': 'too_many_requests', 'param': None, 'code': 'too_many_requests'}}
Failed for The Crüxshadows - Leave Me Alone: Error code: 429 - {'error': {'message': 'Too Many Requests', 'type': 'too_many_requests', 'param': None, 'code': 'too_many_requests'}}
Failed for Yann Tiersen - Tout Est Calme: Error code: 429 - {'error': {'message': 'Too Many Requests', 'type': 'too_many_requests', 'param': None, 'code': 'too_many_requests'}}
Failed for Unwritten Law - How You Feel: Error code: 429 - {'error': {'message': 'Too Many Requests', 'type': 'too_many_requests', 'param': None, 'code': 'too_many_requests'}}
Failed for Unwritten Law - Rest Of My Life: Error code: 429 - {'error': {'message': 'Too Many Requests', 'type': 'too_many_requests', 'param': None, 'code': 'too_many_requests'}}
Failed for Amon Amarth - Varyags Of Miklagaard: Error code: 429 - {'error': {'message': 'Too Many Requests', 'type': 'too_many_requests', 'param': None, 'code': 'too_many_requests'}}
Failed for Amon Amarth - Twilight Of The Thunder God: Error code: 429 - {'error': {'message': 'Too Many Requests', 'type': 'too_many_requests', 'param': None, 'code': 'too_many_requests'}}
Failed for 16 Horsepower - My Narrow Mind: Error code: 429 - {'error': {'message': 'Too Many Requests', 'type': 'too_many_requests', 'param': None, 'code': 'too_many_requests'}}
Failed for 16 Horsepower - Heel On The Shovel: Error code: 429 - {'error': {'message': 'Too Many Requests', 'type': 'too_many_requests', 'param': None, 'code': 'too_many_requests'}}
Failed for Sixx:A.M. - Pray For Me: Error code: 429 - {'error': {'message': 'Too Many Requests', 'type': 'too_many_requests', 'param': None, 'code': 'too_many_requests'}}
Failed for Norma Jean - Memphis Will Be Laid To Waste: Error code: 429 - {'error': {'message': 'Too Many Requests', 'type': 'too_many_requests', 'param': None, 'code': 'too_many_requests'}}
Failed for Ayreon - Listen To The Waves: Error code: 429 - {'error': {'message': 'Too Many Requests', 'type': 'too_many_requests', 'param': None, 'code': 'too_many_requests'}}
Failed for Ayreon - Ride The Comet: Error code: 429 - {'error': {'message': 'Too Many Requests', 'type': 'too_many_requests', 'param': None, 'code': 'too_many_requests'}}
Failed for Ayreon - Liquid Eternity: Error code: 429 - {'error': {'message': 'Too Many Requests', 'type': 'too_many_requests', 'param': None, 'code': 'too_many_requests'}}
Failed for Prince - The Ballad Of Dorothy Parker: Error code: 429 - {'error': {'message': 'Too Many Requests', 'type': 'too_many_requests', 'param': None, 'code': 'too_many_requests'}}
Failed for Norther - Endless War: Error code: 429 - {'error': {'message': 'Too Many Requests', 'type': 'too_many_requests', 'param': None, 'code': 'too_many_requests'}}
Failed for Uncle Tupelo - Chickamauga: Error code: 429 - {'error': {'message': 'Too Many Requests', 'type': 'too_many_requests', 'param': None, 'code': 'too_many_requests'}}
Failed for Uncle Tupelo - No Depression: Error code: 429 - {'error': {'message': 'Too Many Requests', 'type': 'too_many_requests', 'param': None, 'code': 'too_many_requests'}}
Failed for Yann Tiersen - Mother'S Journey: Error code: 429 - {'error': {'message': 'Too Many Requests', 'type': 'too_many_requests', 'param': None, 'code': 'too_many_requests'}}
Failed for The Cribs - The Watch Trick: Error code: 429 - {'error': {'message': 'Too Many Requests', 'type': 'too_many_requests', 'param': None, 'code': 'too_many_requests'}}
Failed for Happy Rhodes - Ra Is A Busy God: Error code: 429 - {'error': {'message': 'Too Many Requests', 'type': 'too_many_requests', 'param': None, 'code': 'too_many_requests'}}
Failed for Happy Rhodes - Tragic: Error code: 429 - {'error': {'message': 'Too Many Requests', 'type': 'too_many_requests', 'param': None, 'code': 'too_many_requests'}}
Failed for Extreme - He-Man Woman Hater: Error code: 429 - {'error': {'message': 'Too Many Requests', 'type': 'too_many_requests', 'param': None, 'code': 'too_many_requests'}}
Failed for Happy Rhodes - Proof: Error code: 429 - {'error': {'message': 'Too Many Requests', 'type': 'too_many_requests', 'param': None, 'code': 'too_many_requests'}}
Failed for The Cranberries - The Concept: Error code: 429 - {'error': {'message': 'Too Many Requests', 'type': 'too_many_requests', 'param': None, 'code': 'too_many_requests'}}
Failed for Constantines - Poison: Error code: 429 - {'error': {'message': 'Too Many Requests', 'type': 'too_many_requests', 'param': None, 'code': 'too_many_requests'}}
Failed for Manowar - Hail To England: Error code: 429 - {'error': {'message': 'Too Many Requests', 'type': 'too_many_requests', 'param': None, 'code': 'too_many_requests'}}
Failed for Jeremy Soule - The Rift: Error code: 429 - {'error': {'message': 'Too Many Requests', 'type': 'too_many_requests', 'param': None, 'code': 'too_many_requests'}}
Failed for Jesca Hoop - Seed Of Wonder: Error code: 429 - {'error': {'message': 'Too Many Requests', 'type': 'too_many_requests', 'param': None, 'code': 'too_many_requests'}}
Failed for Bebe - Con Mis Manos: Error code: 429 - {'error': {'message': 'Too Many Requests', 'type': 'too_many_requests', 'param': None, 'code': 'too_many_requests'}}
Failed for Depeche Mode - More Than A Party: Error code: 429 - {'error': {'message': 'Too Many Requests', 'type': 'too_many_requests', 'param': None, 'code': 'too_many_requests'}}
Failed for The Cribs - Haunted: Error code: 429 - {'error': {'message': 'Too Many Requests', 'type': 'too_many_requests', 'param': None, 'code': 'too_many_requests'}}
Failed for Manowar - Outlaw: Error code: 429 - {'error': {'message': 'Too Many Requests', 'type': 'too_many_requests', 'param': None, 'code': 'too_many_requests'}}
Failed for Enigma - Modern Crusaders: Error code: 429 - {'error': {'message': 'Too Many Requests', 'type': 'too_many_requests', 'param': None, 'code': 'too_many_requests'}}
Failed for Manowar - Sting Of The Bumblebee: Error code: 429 - {'error': {'message': 'Too Many Requests', 'type': 'too_many_requests', 'param': None, 'code': 'too_many_requests'}}
Failed for Bob Dylan - Jokerman: Error code: 429 - {'error': {'message': 'Too Many Requests', 'type': 'too_many_requests', 'param': None, 'code': 'too_many_requests'}}
Failed for Blackmore'S Night - Greensleeves: Error code: 429 - {'error': {'message': 'Too Many Requests', 'type': 'too_many_requests', 'param': None, 'code': 'too_many_requests'}}
Failed for Manowar - The Power: Error code: 429 - {'error': {'message': 'Too Many Requests', 'type': 'too_many_requests', 'param': None, 'code': 'too_many_requests'}}
Failed for Amon Amarth - Where Silent Gods Stand Guard: Error code: 429 - {'error': {'message': 'Too Many Requests', 'type': 'too_many_requests', 'param': None, 'code': 'too_many_requests'}}
Failed for Machine Head - Wipe The Tears: Error code: 429 - {'error': {'message': 'Too Many Requests', 'type': 'too_many_requests', 'param': None, 'code': 'too_many_requests'}}
Failed for Bebel Gilberto - Aganju: Error code: 429 - {'error': {'message': 'Too Many Requests', 'type': 'too_many_requests', 'param': None, 'code': 'too_many_requests'}}
Failed for Happy Mondays - Harmony: Error code: 429 - {'error': {'message': 'Too Many Requests', 'type': 'too_many_requests', 'param': None, 'code': 'too_many_requests'}}
Failed for 齋藤彩夏 - ドキドキ☆ワクワク♪: Error code: 429 - {'error': {'message': 'Too Many Requests', 'type': 'too_many_requests', 'param': None, 'code': 'too_many_requests'}}
Failed for Melvins - Youth Of America: Error code: 429 - {'error': {'message': 'Too Many Requests', 'type': 'too_many_requests', 'param': None, 'code': 'too_many_requests'}}
Failed for Elbow - Crawling With Idiot: Error code: 429 - {'error': {'message': 'Too Many Requests', 'type': 'too_many_requests', 'param': None, 'code': 'too_many_requests'}}
Failed for Legion Of Green Men - Hotbox Highway: Error code: 429 - {'error': {'message': 'Too Many Requests', 'type': 'too_many_requests', 'param': None, 'code': 'too_many_requests'}}
Failed for The Who - Slip Kid: Error code: 429 - {'error': {'message': 'Too Many Requests', 'type': 'too_many_requests', 'param': None, 'code': 'too_many_requests'}}
Failed for British Sea Power - Open The Door: Error code: 429 - {'error': {'message': 'Too Many Requests', 'type': 'too_many_requests', 'param': None, 'code': 'too_many_requests'}}
Failed for Saturday Looks Good To Me - Since You Stole My Heart: Error code: 429 - {'error': {'message': 'Too Many Requests', 'type': 'too_many_requests', 'param': None, 'code': 'too_many_requests'}}
Failed for Iced Earth - Dracula: Error code: 429 - {'error': {'message': 'Too Many Requests', 'type': 'too_many_requests', 'param': None, 'code': 'too_many_requests'}}
Failed for Iced Earth - The Hunter: Error code: 429 - {'error': {'message': 'Too Many Requests', 'type': 'too_many_requests', 'param': None, 'code': 'too_many_requests'}}
Failed for Machine Head - Elegy: Error code: 429 - {'error': {'message': 'Too Many Requests', 'type': 'too_many_requests', 'param': None, 'code': 'too_many_requests'}}
Failed for The Alan Parsons Project - The Fall Of The House Of Usher (Instrumental): V Fall: Error code: 429 - {'error': {'message': 'Too Many Requests', 'type': 'too_many_requests', 'param': None, 'code': 'too_many_requests'}}
Failed for Machinae Supremacy - Origin: Error code: 429 - {'error': {'message': 'Too Many Requests', 'type': 'too_many_requests', 'param': None, 'code': 'too_many_requests'}}
Failed for Machine Head - Left Unfinished: Error code: 429 - {'error': {'message': 'Too Many Requests', 'type': 'too_many_requests', 'param': None, 'code': 'too_many_requests'}}
Failed for The Tragically Hip - In View: Error code: 429 - {'error': {'message': 'Too Many Requests', 'type': 'too_many_requests', 'param': None, 'code': 'too_many_requests'}}
Failed for 유승준 - Shut Up!!: Error code: 429 - {'error': {'message': 'Too Many Requests', 'type': 'too_many_requests', 'param': None, 'code': 'too_many_requests'}}
Failed for Pavement - Platform Blues: Error code: 429 - {'error': {'message': 'Too Many Requests', 'type': 'too_many_requests', 'param': None, 'code': 'too_many_requests'}}
Failed for Sigur Rós - Dánarfregnir Og Jarðarfarir: Error code: 429 - {'error': {'message': 'Too Many Requests', 'type': 'too_many_requests', 'param': None, 'code': 'too_many_requests'}}
Failed for Machine Head - Old: Error code: 429 - {'error': {'message': 'Too Many Requests', 'type': 'too_many_requests', 'param': None, 'code': 'too_many_requests'}}
Failed for Alien Vampires - I'M Dead Fuck You: Error code: 429 - {'error': {'message': 'Too Many Requests', 'type': 'too_many_requests', 'param': None, 'code': 'too_many_requests'}}
Failed for !!! - Hammerhead: Error code: 429 - {'error': {'message': 'Too Many Requests', 'type': 'too_many_requests', 'param': None, 'code': 'too_many_requests'}}
Failed for Snowden - Counterfeit Rules: Error code: 429 - {'error': {'message': 'Too Many Requests', 'type': 'too_many_requests', 'param': None, 'code': 'too_many_requests'}}
Failed for Pavement - Cream Of Gold: Error code: 429 - {'error': {'message': 'Too Many Requests', 'type': 'too_many_requests', 'param': None, 'code': 'too_many_requests'}}
Failed for Toni Braxton - Shadowless: Error code: 429 - {'error': {'message': 'Too Many Requests', 'type': 'too_many_requests', 'param': None, 'code': 'too_many_requests'}}
Failed for The Album Leaf - Asleep: Error code: 429 - {'error': {'message': 'Too Many Requests', 'type': 'too_many_requests', 'param': None, 'code': 'too_many_requests'}}
Failed for Pavement - Texas Never Whispers: Error code: 429 - {'error': {'message': 'Too Many Requests', 'type': 'too_many_requests', 'param': None, 'code': 'too_many_requests'}}
Failed for Iced Earth - Frankenstein: Error code: 429 - {'error': {'message': 'Too Many Requests', 'type': 'too_many_requests', 'param': None, 'code': 'too_many_requests'}}
Failed for Pavement - Pueblo: Error code: 429 - {'error': {'message': 'Too Many Requests', 'type': 'too_many_requests', 'param': None, 'code': 'too_many_requests'}}
Failed for Britney Spears - A Song About U: Error code: 429 - {'error': {'message': 'Too Many Requests', 'type': 'too_many_requests', 'param': None, 'code': 'too_many_requests'}}
Failed for Pavement - Painted Soldiers: Error code: 429 - {'error': {'message': 'Too Many Requests', 'type': 'too_many_requests', 'param': None, 'code': 'too_many_requests'}}
Failed for British Sea Power - Childhood Memories: Error code: 429 - {'error': {'message': 'Too Many Requests', 'type': 'too_many_requests', 'param': None, 'code': 'too_many_requests'}}
Failed for The Proclaimers - I'M On My Way: Error code: 429 - {'error': {'message': 'Too Many Requests', 'type': 'too_many_requests', 'param': None, 'code': 'too_many_requests'}}
Failed for Satyricon - Angstridden: Error code: 429 - {'error': {'message': 'Too Many Requests', 'type': 'too_many_requests', 'param': None, 'code': 'too_many_requests'}}
Failed for Paul Weller - Out Of The Sinking: Error code: 429 - {'error': {'message': 'Too Many Requests', 'type': 'too_many_requests', 'param': None, 'code': 'too_many_requests'}}
Failed for Saturday Looks Good To Me - Until The World Stops Spinning: Error code: 429 - {'error': {'message': 'Too Many Requests', 'type': 'too_many_requests', 'param': None, 'code': 'too_many_requests'}}
Failed for Idlewild - Everyone Says You'Re So Fragile: Error code: 429 - {'error': {'message': 'Too Many Requests', 'type': 'too_many_requests', 'param': None, 'code': 'too_many_requests'}}
Failed for Saturday Looks Good To Me - [Untitled]: Error code: 429 - {'error': {'message': 'Too Many Requests', 'type': 'too_many_requests', 'param': None, 'code': 'too_many_requests'}}
Failed for Sikth - Bland Street Bloom: Error code: 429 - {'error': {'message': 'Too Many Requests', 'type': 'too_many_requests', 'param': None, 'code': 'too_many_requests'}}
Failed for Sigur Rós - Fyrsta: Error code: 429 - {'error': {'message': 'Too Many Requests', 'type': 'too_many_requests', 'param': None, 'code': 'too_many_requests'}}
Failed for Sigur Rós - Hjartað Hamast: Error code: 429 - {'error': {'message': 'Too Many Requests', 'type': 'too_many_requests', 'param': None, 'code': 'too_many_requests'}}
2500/2988 done
Failed for Ayọ - These Days: Error code: 429 - {'error': {'message': 'Too Many Requests', 'type': 'too_many_requests', 'param': None, 'code': 'too_many_requests'}}
Failed for Happysad - Zanim Pójdę: Error code: 429 - {'error': {'message': 'Too Many Requests', 'type': 'too_many_requests', 'param': None, 'code': 'too_many_requests'}}
Failed for Blitz - Razors In The Night: Error code: 429 - {'error': {'message': 'Too Many Requests', 'type': 'too_many_requests', 'param': None, 'code': 'too_many_requests'}}
Failed for Ajda Pekkan - Her Yerde Kar Var: Error code: 429 - {'error': {'message': 'Too Many Requests', 'type': 'too_many_requests', 'param': None, 'code': 'too_many_requests'}}
Failed for Constantines - Scoundrel Babes: Error code: 429 - {'error': {'message': 'Too Many Requests', 'type': 'too_many_requests', 'param': None, 'code': 'too_many_requests'}}
Failed for Jes - Imagination (Tiësto Remix): Error code: 429 - {'error': {'message': 'Too Many Requests', 'type': 'too_many_requests', 'param': None, 'code': 'too_many_requests'}}
Failed for Norther - Unleash Hell: Error code: 429 - {'error': {'message': 'Too Many Requests', 'type': 'too_many_requests', 'param': None, 'code': 'too_many_requests'}}
Failed for Saturday Looks Good To Me - Keep Walking: Error code: 429 - {'error': {'message': 'Too Many Requests', 'type': 'too_many_requests', 'param': None, 'code': 'too_many_requests'}}
Failed for Norther - The Cure: Error code: 429 - {'error': {'message': 'Too Many Requests', 'type': 'too_many_requests', 'param': None, 'code': 'too_many_requests'}}
Failed for Flo Rida - Right Round (Feat. Ke$Ha): Error code: 429 - {'error': {'message': 'Too Many Requests', 'type': 'too_many_requests', 'param': None, 'code': 'too_many_requests'}}
Failed for Flogging Molly - Every Dog Has Its Day: Error code: 429 - {'error': {'message': 'Too Many Requests', 'type': 'too_many_requests', 'param': None, 'code': 'too_many_requests'}}
Failed for Jesca Hoop - Intelligentactile 101: Error code: 429 - {'error': {'message': 'Too Many Requests', 'type': 'too_many_requests', 'param': None, 'code': 'too_many_requests'}}
Failed for Britney Spears - Break The Ice (Kaskade Radio Edit): Error code: 429 - {'error': {'message': 'Too Many Requests', 'type': 'too_many_requests', 'param': None, 'code': 'too_many_requests'}}
Failed for Anti-Nowhere League - Woman: Error code: 429 - {'error': {'message': 'Too Many Requests', 'type': 'too_many_requests', 'param': None, 'code': 'too_many_requests'}}
Failed for Menomena - My My: Error code: 429 - {'error': {'message': 'Too Many Requests', 'type': 'too_many_requests', 'param': None, 'code': 'too_many_requests'}}
Failed for El-P - The Overly Dramatic Truth: Error code: 429 - {'error': {'message': 'Too Many Requests', 'type': 'too_many_requests', 'param': None, 'code': 'too_many_requests'}}
Failed for Flobots - Same Thing: Error code: 429 - {'error': {'message': 'Too Many Requests', 'type': 'too_many_requests', 'param': None, 'code': 'too_many_requests'}}
Failed for Jesse & Joy - Volvere: Error code: 429 - {'error': {'message': 'Too Many Requests', 'type': 'too_many_requests', 'param': None, 'code': 'too_many_requests'}}
Failed for Bebel Gilberto - Cada Beijo: Error code: 429 - {'error': {'message': 'Too Many Requests', 'type': 'too_many_requests', 'param': None, 'code': 'too_many_requests'}}
Failed for Norther - Nightfall: Error code: 429 - {'error': {'message': 'Too Many Requests', 'type': 'too_many_requests', 'param': None, 'code': 'too_many_requests'}}
Failed for Nostalgia 77 - Seven Nation Army: Error code: 429 - {'error': {'message': 'Too Many Requests', 'type': 'too_many_requests', 'param': None, 'code': 'too_many_requests'}}
Failed for Happy Rhodes - Looking Over Cliffs: Error code: 429 - {'error': {'message': 'Too Many Requests', 'type': 'too_many_requests', 'param': None, 'code': 'too_many_requests'}}
Failed for Conor Oberst - Milk Thistle: Error code: 429 - {'error': {'message': 'Too Many Requests', 'type': 'too_many_requests', 'param': None, 'code': 'too_many_requests'}}
Failed for Enigma - I Love You... I'Ll Kill You: Error code: 429 - {'error': {'message': 'Too Many Requests', 'type': 'too_many_requests', 'param': None, 'code': 'too_many_requests'}}
Failed for Extreme - Our Father: Error code: 429 - {'error': {'message': 'Too Many Requests', 'type': 'too_many_requests', 'param': None, 'code': 'too_many_requests'}}
Failed for Extreme - Pornograffitti: Error code: 429 - {'error': {'message': 'Too Many Requests', 'type': 'too_many_requests', 'param': None, 'code': 'too_many_requests'}}
Failed for Floorpunch - No Exceptions: Error code: 429 - {'error': {'message': 'Too Many Requests', 'type': 'too_many_requests', 'param': None, 'code': 'too_many_requests'}}
Failed for Happy Rhodes - Many Worlds Are Born Tonight: Error code: 429 - {'error': {'message': 'Too Many Requests', 'type': 'too_many_requests', 'param': None, 'code': 'too_many_requests'}}
Failed for El Ten Eleven - 3 Plus 4: Error code: 429 - {'error': {'message': 'Too Many Requests', 'type': 'too_many_requests', 'param': None, 'code': 'too_many_requests'}}
Failed for The Prodigy - Break And Enter: Error code: 429 - {'error': {'message': 'Too Many Requests', 'type': 'too_many_requests', 'param': None, 'code': 'too_many_requests'}}
Failed for Snow Patrol - If I'D Found The Right Words To Say: Error code: 429 - {'error': {'message': 'Too Many Requests', 'type': 'too_many_requests', 'param': None, 'code': 'too_many_requests'}}
Failed for Electrelane - In Berlin: Error code: 429 - {'error': {'message': 'Too Many Requests', 'type': 'too_many_requests', 'param': None, 'code': 'too_many_requests'}}
Failed for Snow Patrol - In My Arms: Error code: 429 - {'error': {'message': 'Too Many Requests', 'type': 'too_many_requests', 'param': None, 'code': 'too_many_requests'}}
Failed for Sasha - Wavy Gravy: Error code: 429 - {'error': {'message': 'Too Many Requests', 'type': 'too_many_requests', 'param': None, 'code': 'too_many_requests'}}
Failed for Saul Williams - Control Freak: Error code: 429 - {'error': {'message': 'Too Many Requests', 'type': 'too_many_requests', 'param': None, 'code': 'too_many_requests'}}
Failed for The Who - Smash The Mirror: Error code: 429 - {'error': {'message': 'Too Many Requests', 'type': 'too_many_requests', 'param': None, 'code': 'too_many_requests'}}
Failed for Sasha - Sander Kleinenberg - My Lexicon: Error code: 429 - {'error': {'message': 'Too Many Requests', 'type': 'too_many_requests', 'param': None, 'code': 'too_many_requests'}}
Failed for The Wonders - That Thing You Do: Error code: 429 - {'error': {'message': 'Too Many Requests', 'type': 'too_many_requests', 'param': None, 'code': 'too_many_requests'}}
Failed for Sasha - Golden Arm: Error code: 429 - {'error': {'message': 'Too Many Requests', 'type': 'too_many_requests', 'param': None, 'code': 'too_many_requests'}}
Failed for Britta Persson - Cliffhanger: Error code: 429 - {'error': {'message': 'Too Many Requests', 'type': 'too_many_requests', 'param': None, 'code': 'too_many_requests'}}
Failed for Sasha - Dominica - Real Time: Error code: 429 - {'error': {'message': 'Too Many Requests', 'type': 'too_many_requests', 'param': None, 'code': 'too_many_requests'}}
Failed for Merle Haggard - Big City: Error code: 429 - {'error': {'message': 'Too Many Requests', 'type': 'too_many_requests', 'param': None, 'code': 'too_many_requests'}}
Failed for Britney Spears - The Beat Goes On: Error code: 429 - {'error': {'message': 'Too Many Requests', 'type': 'too_many_requests', 'param': None, 'code': 'too_many_requests'}}
Failed for Electrelane - Tram 21: Error code: 429 - {'error': {'message': 'Too Many Requests', 'type': 'too_many_requests', 'param': None, 'code': 'too_many_requests'}}
Failed for Melvins - A Vast Filthy Prison: Error code: 429 - {'error': {'message': 'Too Many Requests', 'type': 'too_many_requests', 'param': None, 'code': 'too_many_requests'}}
Failed for Van She - Survive: Error code: 429 - {'error': {'message': 'Too Many Requests', 'type': 'too_many_requests', 'param': None, 'code': 'too_many_requests'}}
Failed for Vanessa Carlton - Nolita Fairytale: Error code: 429 - {'error': {'message': 'Too Many Requests', 'type': 'too_many_requests', 'param': None, 'code': 'too_many_requests'}}
Failed for Lemon Jelly - '88 Aka Come Down On Me: Error code: 429 - {'error': {'message': 'Too Many Requests', 'type': 'too_many_requests', 'param': None, 'code': 'too_many_requests'}}
Failed for The Postal Service - Iron And Wine: Error code: 429 - {'error': {'message': 'Too Many Requests', 'type': 'too_many_requests', 'param': None, 'code': 'too_many_requests'}}
Failed for The Androids - Do It With Madonna: Error code: 429 - {'error': {'message': 'Too Many Requests', 'type': 'too_many_requests', 'param': None, 'code': 'too_many_requests'}}
Failed for Anti-Flag - You'D Do The Same: Error code: 429 - {'error': {'message': 'Too Many Requests', 'type': 'too_many_requests', 'param': None, 'code': 'too_many_requests'}}
Failed for Britney Spears - When Your Eyes Say It: Error code: 429 - {'error': {'message': 'Too Many Requests', 'type': 'too_many_requests', 'param': None, 'code': 'too_many_requests'}}
Failed for Dave Matthews Band - Bartender: Error code: 429 - {'error': {'message': 'Too Many Requests', 'type': 'too_many_requests', 'param': None, 'code': 'too_many_requests'}}
Failed for Dave Matthews - Grey Blue Eyes: Error code: 429 - {'error': {'message': 'Too Many Requests', 'type': 'too_many_requests', 'param': None, 'code': 'too_many_requests'}}
Failed for Dave Matthews Band - Fool To Think: Error code: 429 - {'error': {'message': 'Too Many Requests', 'type': 'too_many_requests', 'param': None, 'code': 'too_many_requests'}}
Failed for Dave Matthews - Save Me: Error code: 429 - {'error': {'message': 'Too Many Requests', 'type': 'too_many_requests', 'param': None, 'code': 'too_many_requests'}}
Failed for Dave Matthews - So Damn Lucky: Error code: 429 - {'error': {'message': 'Too Many Requests', 'type': 'too_many_requests', 'param': None, 'code': 'too_many_requests'}}
Failed for M83 - Last Saturday: Error code: 429 - {'error': {'message': 'Too Many Requests', 'type': 'too_many_requests', 'param': None, 'code': 'too_many_requests'}}
Failed for Hanoi Rocks - Stop Cryin': Error code: 429 - {'error': {'message': 'Too Many Requests', 'type': 'too_many_requests', 'param': None, 'code': 'too_many_requests'}}
Failed for Iggy Pop - Bang Bang: Error code: 429 - {'error': {'message': 'Too Many Requests', 'type': 'too_many_requests', 'param': None, 'code': 'too_many_requests'}}
Failed for M83 - By The Kiss: Error code: 429 - {'error': {'message': 'Too Many Requests', 'type': 'too_many_requests', 'param': None, 'code': 'too_many_requests'}}
Failed for Yann Tiersen - À Ceux Qui Sont Malades Par Mer Calme: Error code: 429 - {'error': {'message': 'Too Many Requests', 'type': 'too_many_requests', 'param': None, 'code': 'too_many_requests'}}
Failed for Norah Jones - Rosie'S Lullaby: Error code: 429 - {'error': {'message': 'Too Many Requests', 'type': 'too_many_requests', 'param': None, 'code': 'too_many_requests'}}
Failed for Symphony X - Inferno (Unleash The Fire): Error code: 429 - {'error': {'message': 'Too Many Requests', 'type': 'too_many_requests', 'param': None, 'code': 'too_many_requests'}}
Failed for Norah Jones - Not Too Late: Error code: 429 - {'error': {'message': 'Too Many Requests', 'type': 'too_many_requests', 'param': None, 'code': 'too_many_requests'}}
Failed for Unwritten Law - Up All Night: Error code: 429 - {'error': {'message': 'Too Many Requests', 'type': 'too_many_requests', 'param': None, 'code': 'too_many_requests'}}
Failed for Sixx:A.M. - Van Nuys: Error code: 429 - {'error': {'message': 'Too Many Requests', 'type': 'too_many_requests', 'param': None, 'code': 'too_many_requests'}}
Failed for Jesu - Friends Are Evil: Error code: 429 - {'error': {'message': 'Too Many Requests', 'type': 'too_many_requests', 'param': None, 'code': 'too_many_requests'}}
Failed for Jesu - Tired Of Me: Error code: 429 - {'error': {'message': 'Too Many Requests', 'type': 'too_many_requests', 'param': None, 'code': 'too_many_requests'}}
Failed for Norma Jean - Songs Sound Much Sadder: Error code: 429 - {'error': {'message': 'Too Many Requests', 'type': 'too_many_requests', 'param': None, 'code': 'too_many_requests'}}
Failed for Hans Zimmer - Singapore: Error code: 429 - {'error': {'message': 'Too Many Requests', 'type': 'too_many_requests', 'param': None, 'code': 'too_many_requests'}}
Failed for Amon Amarth - Under The Northern Star: Error code: 429 - {'error': {'message': 'Too Many Requests', 'type': 'too_many_requests', 'param': None, 'code': 'too_many_requests'}}
Failed for Symphony X - The Eyes Of Medusa: Error code: 429 - {'error': {'message': 'Too Many Requests', 'type': 'too_many_requests', 'param': None, 'code': 'too_many_requests'}}
Failed for Hansen Band - Keine Lieder Über Liebe (Acoustic): Error code: 429 - {'error': {'message': 'Too Many Requests', 'type': 'too_many_requests', 'param': None, 'code': 'too_many_requests'}}
Failed for Shakira - The Day And The Time: Error code: 429 - {'error': {'message': 'Too Many Requests', 'type': 'too_many_requests', 'param': None, 'code': 'too_many_requests'}}
Failed for Hans Zimmer - To Zucchabar: Error code: 429 - {'error': {'message': 'Too Many Requests', 'type': 'too_many_requests', 'param': None, 'code': 'too_many_requests'}}
Failed for Broadcast - Echo'S Answer: Error code: 429 - {'error': {'message': 'Too Many Requests', 'type': 'too_many_requests', 'param': None, 'code': 'too_many_requests'}}
Failed for Prince - Starfish And Coffee: Error code: 429 - {'error': {'message': 'Too Many Requests', 'type': 'too_many_requests', 'param': None, 'code': 'too_many_requests'}}
Failed for Dave Gahan - I Need You: Error code: 429 - {'error': {'message': 'Too Many Requests', 'type': 'too_many_requests', 'param': None, 'code': 'too_many_requests'}}
Failed for Eisley - Over The Mountains: Error code: 429 - {'error': {'message': 'Too Many Requests', 'type': 'too_many_requests', 'param': None, 'code': 'too_many_requests'}}
Failed for Ian Brown - F.E.A.R.: Error code: 429 - {'error': {'message': 'Too Many Requests', 'type': 'too_many_requests', 'param': None, 'code': 'too_many_requests'}}
Failed for Eisley - Ten Cent Blues: Error code: 429 - {'error': {'message': 'Too Many Requests', 'type': 'too_many_requests', 'param': None, 'code': 'too_many_requests'}}
Failed for Meshuggah - Stengah: Error code: 429 - {'error': {'message': 'Too Many Requests', 'type': 'too_many_requests', 'param': None, 'code': 'too_many_requests'}}
Failed for Snow Patrol - Crazy In Love: Error code: 429 - {'error': {'message': 'Too Many Requests', 'type': 'too_many_requests', 'param': None, 'code': 'too_many_requests'}}
Failed for 佐橋俊彦 - Core Splendor Lift Off: Error code: 429 - {'error': {'message': 'Too Many Requests', 'type': 'too_many_requests', 'param': None, 'code': 'too_many_requests'}}
Failed for Sodastream - Send My Love To Those Who Deserve It: Error code: 429 - {'error': {'message': 'Too Many Requests', 'type': 'too_many_requests', 'param': None, 'code': 'too_many_requests'}}
Failed for Eisley - Come Clean: Error code: 429 - {'error': {'message': 'Too Many Requests', 'type': 'too_many_requests', 'param': None, 'code': 'too_many_requests'}}
Failed for Sodom - Baptism Of Fire: Error code: 429 - {'error': {'message': 'Too Many Requests', 'type': 'too_many_requests', 'param': None, 'code': 'too_many_requests'}}
Failed for Prince - Alphabet St.: Error code: 429 - {'error': {'message': 'Too Many Requests', 'type': 'too_many_requests', 'param': None, 'code': 'too_many_requests'}}
Failed for Le Tigre - Lt Tour Theme: Error code: 429 - {'error': {'message': 'Too Many Requests', 'type': 'too_many_requests', 'param': None, 'code': 'too_many_requests'}}
Failed for Meshuggah - Perpetual Black Second: Error code: 429 - {'error': {'message': 'Too Many Requests', 'type': 'too_many_requests', 'param': None, 'code': 'too_many_requests'}}
Failed for Tragedy - The Intolerable Weight: Error code: 429 - {'error': {'message': 'Too Many Requests', 'type': 'too_many_requests', 'param': None, 'code': 'too_many_requests'}}
Failed for Hard-Fi - Little Angel: Error code: 429 - {'error': {'message': 'Too Many Requests', 'type': 'too_many_requests', 'param': None, 'code': 'too_many_requests'}}
Failed for Tragedy - Recurring Nightmare: Error code: 429 - {'error': {'message': 'Too Many Requests', 'type': 'too_many_requests', 'param': None, 'code': 'too_many_requests'}}
Failed for The Cranberries - I Just Shot John Lennon: Error code: 429 - {'error': {'message': 'Too Many Requests', 'type': 'too_many_requests', 'param': None, 'code': 'too_many_requests'}}
Failed for The Cranberries - I Really Hope: Error code: 429 - {'error': {'message': 'Too Many Requests', 'type': 'too_many_requests', 'param': None, 'code': 'too_many_requests'}}
Failed for Procol Harum - Whiter Shade Of Pale: Error code: 429 - {'error': {'message': 'Too Many Requests', 'type': 'too_many_requests', 'param': None, 'code': 'too_many_requests'}}
Failed for The Cure - (I Don'T Know What'S Going) On: Error code: 429 - {'error': {'message': 'Too Many Requests', 'type': 'too_many_requests', 'param': None, 'code': 'too_many_requests'}}
Failed for Jewel - Little Sister: Error code: 429 - {'error': {'message': 'Too Many Requests', 'type': 'too_many_requests', 'param': None, 'code': 'too_many_requests'}}
2600/2988 done
Failed for Contemporary Noise Quintet - P.I.G.: Error code: 429 - {'error': {'message': 'Too Many Requests', 'type': 'too_many_requests', 'param': None, 'code': 'too_many_requests'}}
Failed for Hanoi Rocks - Ice Cream Summer: Error code: 429 - {'error': {'message': 'Too Many Requests', 'type': 'too_many_requests', 'param': None, 'code': 'too_many_requests'}}
Failed for Hanne Hukkelberg - Displaced: Error code: 429 - {'error': {'message': 'Too Many Requests', 'type': 'too_many_requests', 'param': None, 'code': 'too_many_requests'}}
Failed for Hanoi Rocks - 11Th Street Kids: Error code: 429 - {'error': {'message': 'Too Many Requests', 'type': 'too_many_requests', 'param': None, 'code': 'too_many_requests'}}
Failed for Jets To Brazil - Lemon Yellow Black: Error code: 429 - {'error': {'message': 'Too Many Requests', 'type': 'too_many_requests', 'param': None, 'code': 'too_many_requests'}}
Failed for Jets To Brazil - Chinatown: Error code: 429 - {'error': {'message': 'Too Many Requests', 'type': 'too_many_requests', 'param': None, 'code': 'too_many_requests'}}
Failed for Shakira - Que Me Quedes Tu: Error code: 429 - {'error': {'message': 'Too Many Requests', 'type': 'too_many_requests', 'param': None, 'code': 'too_many_requests'}}
Failed for Hanoi Rocks - Don'T Never Leave Me: Error code: 429 - {'error': {'message': 'Too Many Requests', 'type': 'too_many_requests', 'param': None, 'code': 'too_many_requests'}}
Failed for Bob Dylan - Tonight I'Ll Be Staying Here With You: Error code: 429 - {'error': {'message': 'Too Many Requests', 'type': 'too_many_requests', 'param': None, 'code': 'too_many_requests'}}
Failed for Broken Social Scene - Lover'S Spit (Redux): Error code: 429 - {'error': {'message': 'Too Many Requests', 'type': 'too_many_requests', 'param': None, 'code': 'too_many_requests'}}
Failed for Einstürzende Neubauten - Selbstportrait Mit Kater: Error code: 429 - {'error': {'message': 'Too Many Requests', 'type': 'too_many_requests', 'param': None, 'code': 'too_many_requests'}}
Failed for Lcd Soundsystem - Yeah (Pretentious Mix): Error code: 429 - {'error': {'message': 'Too Many Requests', 'type': 'too_many_requests', 'param': None, 'code': 'too_many_requests'}}
Failed for Sarah Mclachlan - Answer: Error code: 429 - {'error': {'message': 'Too Many Requests', 'type': 'too_many_requests', 'param': None, 'code': 'too_many_requests'}}
Failed for Flying Lotus - Untitled #7: Error code: 429 - {'error': {'message': 'Too Many Requests', 'type': 'too_many_requests', 'param': None, 'code': 'too_many_requests'}}
Failed for The Prodigy - Phoenix: Error code: 429 - {'error': {'message': 'Too Many Requests', 'type': 'too_many_requests', 'param': None, 'code': 'too_many_requests'}}
Failed for Paul Simon - Something So Right: Error code: 429 - {'error': {'message': 'Too Many Requests', 'type': 'too_many_requests', 'param': None, 'code': 'too_many_requests'}}
Failed for Lawrence - Falling Down A Dam Of Mashed Potatoes: Error code: 429 - {'error': {'message': 'Too Many Requests', 'type': 'too_many_requests', 'param': None, 'code': 'too_many_requests'}}
Failed for Dave Matthews Band - Lie In Our Graves: Error code: 429 - {'error': {'message': 'Too Many Requests', 'type': 'too_many_requests', 'param': None, 'code': 'too_many_requests'}}
Failed for Timo Maas - First Day: Error code: 429 - {'error': {'message': 'Too Many Requests', 'type': 'too_many_requests', 'param': None, 'code': 'too_many_requests'}}
Failed for Dave Matthews Band - When The World Ends (Oakenfold Remix): Error code: 429 - {'error': {'message': 'Too Many Requests', 'type': 'too_many_requests', 'param': None, 'code': 'too_many_requests'}}
Failed for Jill Johnson - Just To Know What You'Ve Been Dreaming: Error code: 429 - {'error': {'message': 'Too Many Requests', 'type': 'too_many_requests', 'param': None, 'code': 'too_many_requests'}}
Failed for Common - The Game: Error code: 429 - {'error': {'message': 'Too Many Requests', 'type': 'too_many_requests', 'param': None, 'code': 'too_many_requests'}}
Failed for Beck - Broken Drum (Boards Of Canada Remix): Error code: 429 - {'error': {'message': 'Too Many Requests', 'type': 'too_many_requests', 'param': None, 'code': 'too_many_requests'}}
Failed for Amon Tobin - Switch: Error code: 429 - {'error': {'message': 'Too Many Requests', 'type': 'too_many_requests', 'param': None, 'code': 'too_many_requests'}}
Failed for Amon Tobin - People Like Frank: Error code: 429 - {'error': {'message': 'Too Many Requests', 'type': 'too_many_requests', 'param': None, 'code': 'too_many_requests'}}
Failed for Jieva - Raudoni Vakarai: Error code: 429 - {'error': {'message': 'Too Many Requests', 'type': 'too_many_requests', 'param': None, 'code': 'too_many_requests'}}
Failed for Hank Williams Iii - Satan Is Real: Error code: 429 - {'error': {'message': 'Too Many Requests', 'type': 'too_many_requests', 'param': None, 'code': 'too_many_requests'}}
Failed for Jets To Brazil - You'Re Having The Time Of My Life: Error code: 429 - {'error': {'message': 'Too Many Requests', 'type': 'too_many_requests', 'param': None, 'code': 'too_many_requests'}}
Failed for The Stands - Always Is The Same / Shine On: Error code: 429 - {'error': {'message': 'Too Many Requests', 'type': 'too_many_requests', 'param': None, 'code': 'too_many_requests'}}
Failed for Blacklisted - Tourist: Error code: 429 - {'error': {'message': 'Too Many Requests', 'type': 'too_many_requests', 'param': None, 'code': 'too_many_requests'}}
Failed for The Stands - It'S Only Everything: Error code: 429 - {'error': {'message': 'Too Many Requests', 'type': 'too_many_requests', 'param': None, 'code': 'too_many_requests'}}
Failed for None More Black - Everyday Balloons: Error code: 429 - {'error': {'message': 'Too Many Requests', 'type': 'too_many_requests', 'param': None, 'code': 'too_many_requests'}}
Failed for Jewel - Adrian: Error code: 429 - {'error': {'message': 'Too Many Requests', 'type': 'too_many_requests', 'param': None, 'code': 'too_many_requests'}}
Failed for Bob Dylan - I'Ll Be Your Baby Tonight: Error code: 429 - {'error': {'message': 'Too Many Requests', 'type': 'too_many_requests', 'param': None, 'code': 'too_many_requests'}}
Failed for Ennio Morricone - Gabriel'S Oboe: Error code: 429 - {'error': {'message': 'Too Many Requests', 'type': 'too_many_requests', 'param': None, 'code': 'too_many_requests'}}
Failed for Enigma - The Roundabout: Error code: 429 - {'error': {'message': 'Too Many Requests', 'type': 'too_many_requests', 'param': None, 'code': 'too_many_requests'}}
Failed for Bloc Party - Price Of Gasoline (Automato Remix): Error code: 429 - {'error': {'message': 'Too Many Requests', 'type': 'too_many_requests', 'param': None, 'code': 'too_many_requests'}}
Failed for Bloc Party - She'S Hearing Voices (Erol Alkan'S Calling Your Dub): Error code: 429 - {'error': {'message': 'Too Many Requests', 'type': 'too_many_requests', 'param': None, 'code': 'too_many_requests'}}
Failed for Contemporary Noise Quintet - Walking Sin: Error code: 429 - {'error': {'message': 'Too Many Requests', 'type': 'too_many_requests', 'param': None, 'code': 'too_many_requests'}}
Failed for Bloc Party - The Marshals Are Dead (Epworth Version): Error code: 429 - {'error': {'message': 'Too Many Requests', 'type': 'too_many_requests', 'param': None, 'code': 'too_many_requests'}}
Failed for Sigur Rós - Ó Fridur: Error code: 429 - {'error': {'message': 'Too Many Requests', 'type': 'too_many_requests', 'param': None, 'code': 'too_many_requests'}}
Failed for Erik Mongrain - La Derniere Pluie: Error code: 429 - {'error': {'message': 'Too Many Requests', 'type': 'too_many_requests', 'param': None, 'code': 'too_many_requests'}}
Failed for Ignite - Bleeding: Error code: 429 - {'error': {'message': 'Too Many Requests', 'type': 'too_many_requests', 'param': None, 'code': 'too_many_requests'}}
Failed for Ballboy - Donald In The Bushes With A Bag Of Glue: Error code: 429 - {'error': {'message': 'Too Many Requests', 'type': 'too_many_requests', 'param': None, 'code': 'too_many_requests'}}
Failed for The Animals - We'Ve Gotta Get Out Of This Place: Error code: 429 - {'error': {'message': 'Too Many Requests', 'type': 'too_many_requests', 'param': None, 'code': 'too_many_requests'}}
Failed for Iggy Pop - Neighborhood Threat: Error code: 429 - {'error': {'message': 'Too Many Requests', 'type': 'too_many_requests', 'param': None, 'code': 'too_many_requests'}}
Failed for Vanessa Hudgens - Never Underestimate A Girl: Error code: 429 - {'error': {'message': 'Too Many Requests', 'type': 'too_many_requests', 'param': None, 'code': 'too_many_requests'}}
Failed for Metallica - Overkill: Error code: 429 - {'error': {'message': 'Too Many Requests', 'type': 'too_many_requests', 'param': None, 'code': 'too_many_requests'}}
Failed for Vanessa Paradis - Be My Baby: Error code: 429 - {'error': {'message': 'Too Many Requests', 'type': 'too_many_requests', 'param': None, 'code': 'too_many_requests'}}
Failed for Vanessa Hudgens - Let Go: Error code: 429 - {'error': {'message': 'Too Many Requests', 'type': 'too_many_requests', 'param': None, 'code': 'too_many_requests'}}
Failed for Lavender Diamond - Open Your Heart: Error code: 429 - {'error': {'message': 'Too Many Requests', 'type': 'too_many_requests', 'param': None, 'code': 'too_many_requests'}}
Failed for Broken Social Scene Presents Kevin Drew - Safety Bricks: Error code: 429 - {'error': {'message': 'Too Many Requests', 'type': 'too_many_requests', 'param': None, 'code': 'too_many_requests'}}
Failed for Jennifer Rush - The Power Of Love: Error code: 429 - {'error': {'message': 'Too Many Requests', 'type': 'too_many_requests', 'param': None, 'code': 'too_many_requests'}}
Failed for Savage Garden - The Lover After Me: Error code: 429 - {'error': {'message': 'Too Many Requests', 'type': 'too_many_requests', 'param': None, 'code': 'too_many_requests'}}
Failed for Brightblack Morning Light - Amber Canyon Magik: Error code: 429 - {'error': {'message': 'Too Many Requests', 'type': 'too_many_requests', 'param': None, 'code': 'too_many_requests'}}
Failed for Shakira - No  (Artista Invitado Gustavo Cerati): Error code: 429 - {'error': {'message': 'Too Many Requests', 'type': 'too_many_requests', 'param': None, 'code': 'too_many_requests'}}
Failed for Handsome Furs - Hearts Of Iron: Error code: 429 - {'error': {'message': 'Too Many Requests', 'type': 'too_many_requests', 'param': None, 'code': 'too_many_requests'}}
Failed for Jenny Owen Youngs - Keys Out Lights On: Error code: 429 - {'error': {'message': 'Too Many Requests', 'type': 'too_many_requests', 'param': None, 'code': 'too_many_requests'}}
Failed for Shakira - No Creo (Mtv Unplugged): Error code: 429 - {'error': {'message': 'Too Many Requests', 'type': 'too_many_requests', 'param': None, 'code': 'too_many_requests'}}
Failed for Noisettes - Iwe: Error code: 429 - {'error': {'message': 'Too Many Requests', 'type': 'too_many_requests', 'param': None, 'code': 'too_many_requests'}}
Failed for Handsome Furs - Snakes On The Ladder: Error code: 429 - {'error': {'message': 'Too Many Requests', 'type': 'too_many_requests', 'param': None, 'code': 'too_many_requests'}}
Failed for Handsome Furs - Legal Tender: Error code: 429 - {'error': {'message': 'Too Many Requests', 'type': 'too_many_requests', 'param': None, 'code': 'too_many_requests'}}
Failed for The Cure - Fight: Error code: 429 - {'error': {'message': 'Too Many Requests', 'type': 'too_many_requests', 'param': None, 'code': 'too_many_requests'}}
Failed for Lovage - Strangers On A Train: Error code: 429 - {'error': {'message': 'Too Many Requests', 'type': 'too_many_requests', 'param': None, 'code': 'too_many_requests'}}
Failed for Ariel Pink'S Haunted Graffiti - For Kate I Wait: Error code: 429 - {'error': {'message': 'Too Many Requests', 'type': 'too_many_requests', 'param': None, 'code': 'too_many_requests'}}
Failed for Lovage - Archie & Veronica: Error code: 429 - {'error': {'message': 'Too Many Requests', 'type': 'too_many_requests', 'param': None, 'code': 'too_many_requests'}}
Failed for Amon Tobin - Sultan Drops: Error code: 429 - {'error': {'message': 'Too Many Requests', 'type': 'too_many_requests', 'param': None, 'code': 'too_many_requests'}}
Failed for Desaparecidos - $$$$: Error code: 429 - {'error': {'message': 'Too Many Requests', 'type': 'too_many_requests', 'param': None, 'code': 'too_many_requests'}}
Failed for Noisettes - Mind The Gap: Error code: 429 - {'error': {'message': 'Too Many Requests', 'type': 'too_many_requests', 'param': None, 'code': 'too_many_requests'}}
Failed for Common - Go! (Feat. John Mayer & Kanye West): Error code: 429 - {'error': {'message': 'Too Many Requests', 'type': 'too_many_requests', 'param': None, 'code': 'too_many_requests'}}
Failed for Einstürzende Neubauten - Heaven Is Of Honey: Error code: 429 - {'error': {'message': 'Too Many Requests', 'type': 'too_many_requests', 'param': None, 'code': 'too_many_requests'}}
Failed for Flykkiller - Controlled Environment: Error code: 429 - {'error': {'message': 'Too Many Requests', 'type': 'too_many_requests', 'param': None, 'code': 'too_many_requests'}}
Failed for The Police - Synchronicity I: Error code: 429 - {'error': {'message': 'Too Many Requests', 'type': 'too_many_requests', 'param': None, 'code': 'too_many_requests'}}
Failed for The Who - I Am The Sea: Error code: 429 - {'error': {'message': 'Too Many Requests', 'type': 'too_many_requests', 'param': None, 'code': 'too_many_requests'}}
Failed for Flykkiller - Fear: Error code: 429 - {'error': {'message': 'Too Many Requests', 'type': 'too_many_requests', 'param': None, 'code': 'too_many_requests'}}
Failed for Laura Veirs - Icebound Stream: Error code: 429 - {'error': {'message': 'Too Many Requests', 'type': 'too_many_requests', 'param': None, 'code': 'too_many_requests'}}
Failed for Laurel Music - No One Wants Forever #1: Error code: 429 - {'error': {'message': 'Too Many Requests', 'type': 'too_many_requests', 'param': None, 'code': 'too_many_requests'}}
Failed for Flyleaf - Perfect: Error code: 429 - {'error': {'message': 'Too Many Requests', 'type': 'too_many_requests', 'param': None, 'code': 'too_many_requests'}}
Failed for The Pointer Sisters - Jump (For My Love): Error code: 429 - {'error': {'message': 'Too Many Requests', 'type': 'too_many_requests', 'param': None, 'code': 'too_many_requests'}}
Failed for Method Man & Redman - Da Rockwilder: Error code: 429 - {'error': {'message': 'Too Many Requests', 'type': 'too_many_requests', 'param': None, 'code': 'too_many_requests'}}
Failed for Laura Veirs - Cool Water: Error code: 429 - {'error': {'message': 'Too Many Requests', 'type': 'too_many_requests', 'param': None, 'code': 'too_many_requests'}}
Failed for Bright Eyes - The Invisible Gardener: Error code: 429 - {'error': {'message': 'Too Many Requests', 'type': 'too_many_requests', 'param': None, 'code': 'too_many_requests'}}
Failed for Brighter - Inside Out: Error code: 429 - {'error': {'message': 'Too Many Requests', 'type': 'too_many_requests', 'param': None, 'code': 'too_many_requests'}}
Failed for Type O Negative - Too Late: Frozen: Error code: 429 - {'error': {'message': 'Too Many Requests', 'type': 'too_many_requests', 'param': None, 'code': 'too_many_requests'}}
Failed for Sarah Brightman - Free: Error code: 429 - {'error': {'message': 'Too Many Requests', 'type': 'too_many_requests', 'param': None, 'code': 'too_many_requests'}}
Failed for Sarah Brightman - Dust In The Wind: Error code: 429 - {'error': {'message': 'Too Many Requests', 'type': 'too_many_requests', 'param': None, 'code': 'too_many_requests'}}
Failed for Descendents - When I Get Old: Error code: 429 - {'error': {'message': 'Too Many Requests', 'type': 'too_many_requests', 'param': None, 'code': 'too_many_requests'}}
Failed for 16 Horsepower - Hutterite Mile: Error code: 429 - {'error': {'message': 'Too Many Requests', 'type': 'too_many_requests', 'param': None, 'code': 'too_many_requests'}}
Failed for Descendents - I'M Not A Punk: Error code: 429 - {'error': {'message': 'Too Many Requests', 'type': 'too_many_requests', 'param': None, 'code': 'too_many_requests'}}
Failed for Descendents - Parents: Error code: 429 - {'error': {'message': 'Too Many Requests', 'type': 'too_many_requests', 'param': None, 'code': 'too_many_requests'}}
Failed for Descendents - Marriage: Error code: 429 - {'error': {'message': 'Too Many Requests', 'type': 'too_many_requests', 'param': None, 'code': 'too_many_requests'}}
Failed for Descendents - Get The Time: Error code: 429 - {'error': {'message': 'Too Many Requests', 'type': 'too_many_requests', 'param': None, 'code': 'too_many_requests'}}
Failed for Ajda Pekkan - Son Yolcu: Error code: 429 - {'error': {'message': 'Too Many Requests', 'type': 'too_many_requests', 'param': None, 'code': 'too_many_requests'}}
Failed for Jens Lekman - Maple Leaves (Ep Version): Error code: 429 - {'error': {'message': 'Too Many Requests', 'type': 'too_many_requests', 'param': None, 'code': 'too_many_requests'}}
Failed for Akala - Shakespeare: Error code: 429 - {'error': {'message': 'Too Many Requests', 'type': 'too_many_requests', 'param': None, 'code': 'too_many_requests'}}
Failed for Primus - Southbound Pachyderm: Error code: 429 - {'error': {'message': 'Too Many Requests', 'type': 'too_many_requests', 'param': None, 'code': 'too_many_requests'}}
Failed for Jens Lekman - Psychogirl: Error code: 429 - {'error': {'message': 'Too Many Requests', 'type': 'too_many_requests', 'param': None, 'code': 'too_many_requests'}}
2700/2988 done
Failed for Akcent - Jokero: Error code: 429 - {'error': {'message': 'Too Many Requests', 'type': 'too_many_requests', 'param': None, 'code': 'too_many_requests'}}
Failed for Sara Bareilles - Many The Miles: Error code: 429 - {'error': {'message': 'Too Many Requests', 'type': 'too_many_requests', 'param': None, 'code': 'too_many_requests'}}
Failed for Sarah Blasko - Always Worth It: Error code: 429 - {'error': {'message': 'Too Many Requests', 'type': 'too_many_requests', 'param': None, 'code': 'too_many_requests'}}
Failed for The Adored - Tell Me Tell Me: Error code: 429 - {'error': {'message': 'Too Many Requests', 'type': 'too_many_requests', 'param': None, 'code': 'too_many_requests'}}
Failed for Alkaline Trio - Blue Carolina: Error code: 429 - {'error': {'message': 'Too Many Requests', 'type': 'too_many_requests', 'param': None, 'code': 'too_many_requests'}}
Failed for Blink-182 - Wendy Clear: Error code: 429 - {'error': {'message': 'Too Many Requests', 'type': 'too_many_requests', 'param': None, 'code': 'too_many_requests'}}
Failed for The Adverts - Bored Teenagers: Error code: 429 - {'error': {'message': 'Too Many Requests', 'type': 'too_many_requests', 'param': None, 'code': 'too_many_requests'}}
Failed for The Prodigy - Speedway: Error code: 429 - {'error': {'message': 'Too Many Requests', 'type': 'too_many_requests', 'param': None, 'code': 'too_many_requests'}}
Failed for Proyecto Uno - Trabajando En El Sol: Error code: 429 - {'error': {'message': 'Too Many Requests', 'type': 'too_many_requests', 'param': None, 'code': 'too_many_requests'}}
Failed for M83 - I'M Getting Closer: Error code: 429 - {'error': {'message': 'Too Many Requests', 'type': 'too_many_requests', 'param': None, 'code': 'too_many_requests'}}
Failed for Pearl Jam - Whipping: Error code: 429 - {'error': {'message': 'Too Many Requests', 'type': 'too_many_requests', 'param': None, 'code': 'too_many_requests'}}
Failed for Psapp - About Fun: Error code: 429 - {'error': {'message': 'Too Many Requests', 'type': 'too_many_requests', 'param': None, 'code': 'too_many_requests'}}
Failed for Switchfoot - Sooner Or Later (Soren'S Song): Error code: 429 - {'error': {'message': 'Too Many Requests', 'type': 'too_many_requests', 'param': None, 'code': 'too_many_requests'}}
Failed for Nujabes - Battlecry: Error code: 429 - {'error': {'message': 'Too Many Requests', 'type': 'too_many_requests', 'param': None, 'code': 'too_many_requests'}}
Failed for Hammerfall - Legacy Of Kings: Error code: 429 - {'error': {'message': 'Too Many Requests', 'type': 'too_many_requests', 'param': None, 'code': 'too_many_requests'}}
Failed for Combichrist - Tractor (Edit): Error code: 429 - {'error': {'message': 'Too Many Requests', 'type': 'too_many_requests', 'param': None, 'code': 'too_many_requests'}}
Failed for Combichrist - Vater Unser: Error code: 429 - {'error': {'message': 'Too Many Requests', 'type': 'too_many_requests', 'param': None, 'code': 'too_many_requests'}}
Failed for Copeland - You Love To Sing: Error code: 429 - {'error': {'message': 'Too Many Requests', 'type': 'too_many_requests', 'param': None, 'code': 'too_many_requests'}}
Failed for Nofx - Dig: Error code: 429 - {'error': {'message': 'Too Many Requests', 'type': 'too_many_requests', 'param': None, 'code': 'too_many_requests'}}
Failed for Combichrist - Bulletfuck: Error code: 429 - {'error': {'message': 'Too Many Requests', 'type': 'too_many_requests', 'param': None, 'code': 'too_many_requests'}}
Failed for Engenheiros Do Hawaii - Muros E Grades: Error code: 429 - {'error': {'message': 'Too Many Requests', 'type': 'too_many_requests', 'param': None, 'code': 'too_many_requests'}}
Failed for Beck - Face: Error code: 429 - {'error': {'message': 'Too Many Requests', 'type': 'too_many_requests', 'param': None, 'code': 'too_many_requests'}}
Failed for Transvestite Vamp - Baby I Don'T Care: Error code: 429 - {'error': {'message': 'Too Many Requests', 'type': 'too_many_requests', 'param': None, 'code': 'too_many_requests'}}
Failed for Hammerfall - Heeding The Call: Error code: 429 - {'error': {'message': 'Too Many Requests', 'type': 'too_many_requests', 'param': None, 'code': 'too_many_requests'}}
Failed for Dark Tranquillity - Nether Novas: Error code: 429 - {'error': {'message': 'Too Many Requests', 'type': 'too_many_requests', 'param': None, 'code': 'too_many_requests'}}
Failed for Dark Tranquillity - White Noise/Black Silence: Error code: 429 - {'error': {'message': 'Too Many Requests', 'type': 'too_many_requests', 'param': None, 'code': 'too_many_requests'}}
Failed for Efterklang - Caravan: Error code: 429 - {'error': {'message': 'Too Many Requests', 'type': 'too_many_requests', 'param': None, 'code': 'too_many_requests'}}
Failed for The Adverts - Safety In Numbers: Error code: 429 - {'error': {'message': 'Too Many Requests', 'type': 'too_many_requests', 'param': None, 'code': 'too_many_requests'}}
Failed for Dark Tranquillity - Midway Through Infinity: Error code: 429 - {'error': {'message': 'Too Many Requests', 'type': 'too_many_requests', 'param': None, 'code': 'too_many_requests'}}
Failed for Anthrax - Safe Home: Error code: 429 - {'error': {'message': 'Too Many Requests', 'type': 'too_many_requests', 'param': None, 'code': 'too_many_requests'}}
Failed for Vangelis - Conquest Of Paradise: Error code: 429 - {'error': {'message': 'Too Many Requests', 'type': 'too_many_requests', 'param': None, 'code': 'too_many_requests'}}
Failed for Anthrax - Death From Above: Error code: 429 - {'error': {'message': 'Too Many Requests', 'type': 'too_many_requests', 'param': None, 'code': 'too_many_requests'}}
Failed for Vangelis - Tales Of The Future: Error code: 429 - {'error': {'message': 'Too Many Requests', 'type': 'too_many_requests', 'param': None, 'code': 'too_many_requests'}}
Failed for Bruce Channel - Hey Baby: Error code: 429 - {'error': {'message': 'Too Many Requests', 'type': 'too_many_requests', 'param': None, 'code': 'too_many_requests'}}
Failed for Bruce Dickinson - Book Of Thel: Error code: 429 - {'error': {'message': 'Too Many Requests', 'type': 'too_many_requests', 'param': None, 'code': 'too_many_requests'}}
Failed for Type O Negative - Everyone I Love Is Dead: Error code: 429 - {'error': {'message': 'Too Many Requests', 'type': 'too_many_requests', 'param': None, 'code': 'too_many_requests'}}
Failed for Jimi Hendrix - Message Of Love: Error code: 429 - {'error': {'message': 'Too Many Requests', 'type': 'too_many_requests', 'param': None, 'code': 'too_many_requests'}}
Failed for Type O Negative - Everything Dies: Error code: 429 - {'error': {'message': 'Too Many Requests', 'type': 'too_many_requests', 'param': None, 'code': 'too_many_requests'}}
Failed for The Pink Spiders - Teenage Graffiti: Error code: 429 - {'error': {'message': 'Too Many Requests', 'type': 'too_many_requests', 'param': None, 'code': 'too_many_requests'}}
Failed for Jimi Hendrix - Long Hot Summer Night: Error code: 429 - {'error': {'message': 'Too Many Requests', 'type': 'too_many_requests', 'param': None, 'code': 'too_many_requests'}}
Failed for Noah And The Whale - Rocks And Daggers: Error code: 429 - {'error': {'message': 'Too Many Requests', 'type': 'too_many_requests', 'param': None, 'code': 'too_many_requests'}}
Failed for Noah And The Whale - Second Lover: Error code: 429 - {'error': {'message': 'Too Many Requests', 'type': 'too_many_requests', 'param': None, 'code': 'too_many_requests'}}
Failed for The Spill Canvas - 3685: Error code: 429 - {'error': {'message': 'Too Many Requests', 'type': 'too_many_requests', 'param': None, 'code': 'too_many_requests'}}
Failed for Skalpel - Deep Breath: Error code: 429 - {'error': {'message': 'Too Many Requests', 'type': 'too_many_requests', 'param': None, 'code': 'too_many_requests'}}
Failed for Noah And The Whale - Mary: Error code: 429 - {'error': {'message': 'Too Many Requests', 'type': 'too_many_requests', 'param': None, 'code': 'too_many_requests'}}
Failed for 16 Horsepower - Coal Black Horses: Error code: 429 - {'error': {'message': 'Too Many Requests', 'type': 'too_many_requests', 'param': None, 'code': 'too_many_requests'}}
Failed for Nuclear Assault - Game Over: Error code: 429 - {'error': {'message': 'Too Many Requests', 'type': 'too_many_requests', 'param': None, 'code': 'too_many_requests'}}
Failed for Noémi - Y.O.U: Error code: 429 - {'error': {'message': 'Too Many Requests', 'type': 'too_many_requests', 'param': None, 'code': 'too_many_requests'}}
Failed for Yazoo - Tuesday: Error code: 429 - {'error': {'message': 'Too Many Requests', 'type': 'too_many_requests', 'param': None, 'code': 'too_many_requests'}}
Failed for Uncle Tupelo - Slate: Error code: 429 - {'error': {'message': 'Too Many Requests', 'type': 'too_many_requests', 'param': None, 'code': 'too_many_requests'}}
Failed for Harold Budd & Brian Eno - The Chill Air: Error code: 429 - {'error': {'message': 'Too Many Requests', 'type': 'too_many_requests', 'param': None, 'code': 'too_many_requests'}}
Failed for Harrisons - Dear Constable: Error code: 429 - {'error': {'message': 'Too Many Requests', 'type': 'too_many_requests', 'param': None, 'code': 'too_many_requests'}}
Failed for Unwritten Law - Harmonic: Error code: 429 - {'error': {'message': 'Too Many Requests', 'type': 'too_many_requests', 'param': None, 'code': 'too_many_requests'}}
Failed for Copeland - Careful Now: Error code: 429 - {'error': {'message': 'Too Many Requests', 'type': 'too_many_requests', 'param': None, 'code': 'too_many_requests'}}
Failed for Van Morrison - The Way Young Lovers Do: Error code: 429 - {'error': {'message': 'Too Many Requests', 'type': 'too_many_requests', 'param': None, 'code': 'too_many_requests'}}
Failed for Bruce Dickinson - King In Crimson: Error code: 429 - {'error': {'message': 'Too Many Requests', 'type': 'too_many_requests', 'param': None, 'code': 'too_many_requests'}}
Failed for The Who - Baby Don'T You Do It: Error code: 429 - {'error': {'message': 'Too Many Requests', 'type': 'too_many_requests', 'param': None, 'code': 'too_many_requests'}}
Failed for Foo Fighters - Floaty: Error code: 429 - {'error': {'message': 'Too Many Requests', 'type': 'too_many_requests', 'param': None, 'code': 'too_many_requests'}}
Failed for Lovedrug - Happy Apple Poison: Error code: 429 - {'error': {'message': 'Too Many Requests', 'type': 'too_many_requests', 'param': None, 'code': 'too_many_requests'}}
Failed for Ashes Divide - Denial Waits: Error code: 429 - {'error': {'message': 'Too Many Requests', 'type': 'too_many_requests', 'param': None, 'code': 'too_many_requests'}}
Failed for ムック - 1R: Error code: 429 - {'error': {'message': 'Too Many Requests', 'type': 'too_many_requests', 'param': None, 'code': 'too_many_requests'}}
Failed for Mew - Mica: Error code: 429 - {'error': {'message': 'Too Many Requests', 'type': 'too_many_requests', 'param': None, 'code': 'too_many_requests'}}
Failed for Savatage - Hall Of The Mountain King: Error code: 429 - {'error': {'message': 'Too Many Requests', 'type': 'too_many_requests', 'param': None, 'code': 'too_many_requests'}}
Failed for The Prodigy - Skylined: Error code: 429 - {'error': {'message': 'Too Many Requests', 'type': 'too_many_requests', 'param': None, 'code': 'too_many_requests'}}
Failed for Electric Six - She'S White: Error code: 429 - {'error': {'message': 'Too Many Requests', 'type': 'too_many_requests', 'param': None, 'code': 'too_many_requests'}}
Failed for Fleetwood Mac - Man Of The World: Error code: 429 - {'error': {'message': 'Too Many Requests', 'type': 'too_many_requests', 'param': None, 'code': 'too_many_requests'}}
Failed for The Young Knives - Another Hollow Line: Error code: 429 - {'error': {'message': 'Too Many Requests', 'type': 'too_many_requests', 'param': None, 'code': 'too_many_requests'}}
Failed for Type O Negative - Angry Inch: Error code: 429 - {'error': {'message': 'Too Many Requests', 'type': 'too_many_requests', 'param': None, 'code': 'too_many_requests'}}
Failed for The Pigeon Detectives - Keep On Your Dress: Error code: 429 - {'error': {'message': 'Too Many Requests', 'type': 'too_many_requests', 'param': None, 'code': 'too_many_requests'}}
Failed for Mewithoutyou - Orange Spider: Error code: 429 - {'error': {'message': 'Too Many Requests', 'type': 'too_many_requests', 'param': None, 'code': 'too_many_requests'}}
Failed for Mewithoutyou - The Dryness And The Rain: Error code: 429 - {'error': {'message': 'Too Many Requests', 'type': 'too_many_requests', 'param': None, 'code': 'too_many_requests'}}
Failed for Jimmy Eat World - Clarity: Error code: 429 - {'error': {'message': 'Too Many Requests', 'type': 'too_many_requests', 'param': None, 'code': 'too_many_requests'}}
Failed for Amorphis - Evil Inside: Error code: 429 - {'error': {'message': 'Too Many Requests', 'type': 'too_many_requests', 'param': None, 'code': 'too_many_requests'}}
Failed for Air - Highschool Lover (Theme From The Virgin Suicides): Error code: 429 - {'error': {'message': 'Too Many Requests', 'type': 'too_many_requests', 'param': None, 'code': 'too_many_requests'}}
Failed for Louis Armstrong - When The Saints Go Marching In: Error code: 429 - {'error': {'message': 'Too Many Requests', 'type': 'too_many_requests', 'param': None, 'code': 'too_many_requests'}}
Failed for Hallucinogen - Fluoro Neuro Sponge: Error code: 429 - {'error': {'message': 'Too Many Requests', 'type': 'too_many_requests', 'param': None, 'code': 'too_many_requests'}}
Failed for Psyclon Nine - Lamb Of God: Error code: 429 - {'error': {'message': 'Too Many Requests', 'type': 'too_many_requests', 'param': None, 'code': 'too_many_requests'}}
Failed for No Doubt - Waiting Room: Error code: 429 - {'error': {'message': 'Too Many Requests', 'type': 'too_many_requests', 'param': None, 'code': 'too_many_requests'}}
Failed for The Specials - You'Re Wondering Now: Error code: 429 - {'error': {'message': 'Too Many Requests', 'type': 'too_many_requests', 'param': None, 'code': 'too_many_requests'}}
Failed for Louis Armstrong - On The Sunny Side Of The Street: Error code: 429 - {'error': {'message': 'Too Many Requests', 'type': 'too_many_requests', 'param': None, 'code': 'too_many_requests'}}
Failed for Amorphis - Ethereal Solitude: Error code: 429 - {'error': {'message': 'Too Many Requests', 'type': 'too_many_requests', 'param': None, 'code': 'too_many_requests'}}
Failed for Switches - Message From Yuz: Error code: 429 - {'error': {'message': 'Too Many Requests', 'type': 'too_many_requests', 'param': None, 'code': 'too_many_requests'}}
Failed for The Spill Canvas - Himerus And Eros: Error code: 429 - {'error': {'message': 'Too Many Requests', 'type': 'too_many_requests', 'param': None, 'code': 'too_many_requests'}}
Failed for Jimi Hendrix - Voodoo Chile (Slight Return): Error code: 429 - {'error': {'message': 'Too Many Requests', 'type': 'too_many_requests', 'param': None, 'code': 'too_many_requests'}}
Failed for Jimmy Cliff - Miss Jamaica: Error code: 429 - {'error': {'message': 'Too Many Requests', 'type': 'too_many_requests', 'param': None, 'code': 'too_many_requests'}}
Failed for The Cure - Sirensong: Error code: 429 - {'error': {'message': 'Too Many Requests', 'type': 'too_many_requests', 'param': None, 'code': 'too_many_requests'}}
Failed for Bright Eyes - On My Way To Work: Error code: 429 - {'error': {'message': 'Too Many Requests', 'type': 'too_many_requests', 'param': None, 'code': 'too_many_requests'}}
Failed for The Young Knives - Tremblings Of Trails: Error code: 429 - {'error': {'message': 'Too Many Requests', 'type': 'too_many_requests', 'param': None, 'code': 'too_many_requests'}}
Failed for Mf Doom - Go With The Flow: Error code: 429 - {'error': {'message': 'Too Many Requests', 'type': 'too_many_requests', 'param': None, 'code': 'too_many_requests'}}
Failed for Anthrax - Anthrax: Error code: 429 - {'error': {'message': 'Too Many Requests', 'type': 'too_many_requests', 'param': None, 'code': 'too_many_requests'}}
Failed for The Apples In Stereo - She'S Just Like Me / Taking Time: Error code: 429 - {'error': {'message': 'Too Many Requests', 'type': 'too_many_requests', 'param': None, 'code': 'too_many_requests'}}
Failed for The Apples In Stereo - Show The World: Error code: 429 - {'error': {'message': 'Too Many Requests', 'type': 'too_many_requests', 'param': None, 'code': 'too_many_requests'}}
Failed for Billy Miles - Feelin' Me: Error code: 429 - {'error': {'message': 'Too Many Requests', 'type': 'too_many_requests', 'param': None, 'code': 'too_many_requests'}}
Failed for The Addictions - Candy: Error code: 429 - {'error': {'message': 'Too Many Requests', 'type': 'too_many_requests', 'param': None, 'code': 'too_many_requests'}}
Failed for Bang Gang - Everything'S Gone: Error code: 429 - {'error': {'message': 'Too Many Requests', 'type': 'too_many_requests', 'param': None, 'code': 'too_many_requests'}}
Failed for Iko - Damage Report (Hymn At Deaths Door): Error code: 429 - {'error': {'message': 'Too Many Requests', 'type': 'too_many_requests', 'param': None, 'code': 'too_many_requests'}}
2800/2988 done
Failed for Pedro The Lion - Rapture: Error code: 429 - {'error': {'message': 'Too Many Requests', 'type': 'too_many_requests', 'param': None, 'code': 'too_many_requests'}}
Failed for The Adicts - How Sad: Error code: 429 - {'error': {'message': 'Too Many Requests', 'type': 'too_many_requests', 'param': None, 'code': 'too_many_requests'}}
Failed for Pedro The Lion - Of Up And Coming Monarchs: Error code: 429 - {'error': {'message': 'Too Many Requests', 'type': 'too_many_requests', 'param': None, 'code': 'too_many_requests'}}
Failed for Pedro The Lion - Of Minor Prophets And Their Prostitute Wives: Error code: 429 - {'error': {'message': 'Too Many Requests', 'type': 'too_many_requests', 'param': None, 'code': 'too_many_requests'}}
Failed for Public Enemy - 911 Is A Joke: Error code: 429 - {'error': {'message': 'Too Many Requests', 'type': 'too_many_requests', 'param': None, 'code': 'too_many_requests'}}
Failed for Jimmy Eat World - Over: Error code: 429 - {'error': {'message': 'Too Many Requests', 'type': 'too_many_requests', 'param': None, 'code': 'too_many_requests'}}
Failed for Skalpel - Seaweed: Error code: 429 - {'error': {'message': 'Too Many Requests', 'type': 'too_many_requests', 'param': None, 'code': 'too_many_requests'}}
Failed for Skalpel - Split: Error code: 429 - {'error': {'message': 'Too Many Requests', 'type': 'too_many_requests', 'param': None, 'code': 'too_many_requests'}}
Failed for Skambankt - Dynasti: Error code: 429 - {'error': {'message': 'Too Many Requests', 'type': 'too_many_requests', 'param': None, 'code': 'too_many_requests'}}
Failed for T. Rex - Dreamy Lady: Error code: 429 - {'error': {'message': 'Too Many Requests', 'type': 'too_many_requests', 'param': None, 'code': 'too_many_requests'}}
Failed for Sweety - 17岁不温柔: Error code: 429 - {'error': {'message': 'Too Many Requests', 'type': 'too_many_requests', 'param': None, 'code': 'too_many_requests'}}
Failed for The Coral - Leaving Today: Error code: 429 - {'error': {'message': 'Too Many Requests', 'type': 'too_many_requests', 'param': None, 'code': 'too_many_requests'}}
Failed for Jem - Amazing Life: Error code: 429 - {'error': {'message': 'Too Many Requests', 'type': 'too_many_requests', 'param': None, 'code': 'too_many_requests'}}
Failed for The Corrs - Summer Sunshine: Error code: 429 - {'error': {'message': 'Too Many Requests', 'type': 'too_many_requests', 'param': None, 'code': 'too_many_requests'}}
Failed for Nuspirit Helsinki - Silent Steps: Error code: 429 - {'error': {'message': 'Too Many Requests', 'type': 'too_many_requests', 'param': None, 'code': 'too_many_requests'}}
Failed for Number One Gun - Pretend: Error code: 429 - {'error': {'message': 'Too Many Requests', 'type': 'too_many_requests', 'param': None, 'code': 'too_many_requests'}}
Failed for T. Rex - Truck On (Tyke): Error code: 429 - {'error': {'message': 'Too Many Requests', 'type': 'too_many_requests', 'param': None, 'code': 'too_many_requests'}}
Failed for The Coral - So Long Ago: Error code: 429 - {'error': {'message': 'Too Many Requests', 'type': 'too_many_requests', 'param': None, 'code': 'too_many_requests'}}
Failed for Pretty Girls Make Graves - Selling The Wind: Error code: 429 - {'error': {'message': 'Too Many Requests', 'type': 'too_many_requests', 'param': None, 'code': 'too_many_requests'}}
Failed for Soilwork - Room No. 99: Error code: 429 - {'error': {'message': 'Too Many Requests', 'type': 'too_many_requests', 'param': None, 'code': 'too_many_requests'}}
Failed for Loveninjas - Keep Your Love: Error code: 429 - {'error': {'message': 'Too Many Requests', 'type': 'too_many_requests', 'param': None, 'code': 'too_many_requests'}}
Failed for Foreign Objects - Disengage The Simulator: Error code: 429 - {'error': {'message': 'Too Many Requests', 'type': 'too_many_requests', 'param': None, 'code': 'too_many_requests'}}
Failed for The Stevenson Ranch Davidians - Getting By: Error code: 429 - {'error': {'message': 'Too Many Requests', 'type': 'too_many_requests', 'param': None, 'code': 'too_many_requests'}}
Failed for Lao Che - Zbawiciel Diesel: Error code: 429 - {'error': {'message': 'Too Many Requests', 'type': 'too_many_requests', 'param': None, 'code': 'too_many_requests'}}
Failed for Melanie C - I Turn To You: Error code: 429 - {'error': {'message': 'Too Many Requests', 'type': 'too_many_requests', 'param': None, 'code': 'too_many_requests'}}
Failed for Melanie C - Here It Comes Again (Radio Edit): Error code: 429 - {'error': {'message': 'Too Many Requests', 'type': 'too_many_requests', 'param': None, 'code': 'too_many_requests'}}
Failed for Ashley Tisdale - Love Me For Me: Error code: 429 - {'error': {'message': 'Too Many Requests', 'type': 'too_many_requests', 'param': None, 'code': 'too_many_requests'}}
Failed for Forget Cassettes - Nicholas: Error code: 429 - {'error': {'message': 'Too Many Requests', 'type': 'too_many_requests', 'param': None, 'code': 'too_many_requests'}}
Failed for Ashley Tisdale - Intro: Error code: 429 - {'error': {'message': 'Too Many Requests', 'type': 'too_many_requests', 'param': None, 'code': 'too_many_requests'}}
Failed for Bruce Springsteen - Jungleland: Error code: 429 - {'error': {'message': 'Too Many Requests', 'type': 'too_many_requests', 'param': None, 'code': 'too_many_requests'}}
Failed for Land Of Talk - Speak To Me Bones: Error code: 429 - {'error': {'message': 'Too Many Requests', 'type': 'too_many_requests', 'param': None, 'code': 'too_many_requests'}}
Failed for Bruno Coulais - Les Partitions: Error code: 429 - {'error': {'message': 'Too Many Requests', 'type': 'too_many_requests', 'param': None, 'code': 'too_many_requests'}}
Failed for Eels - Bride Of Theme From Blinking Lights: Error code: 429 - {'error': {'message': 'Too Many Requests', 'type': 'too_many_requests', 'param': None, 'code': 'too_many_requests'}}
Failed for Mice Parade - The Boat Room: Error code: 429 - {'error': {'message': 'Too Many Requests', 'type': 'too_many_requests', 'param': None, 'code': 'too_many_requests'}}
Failed for Sanalejo - Mejor Que Tú No Hay Nada: Error code: 429 - {'error': {'message': 'Too Many Requests', 'type': 'too_many_requests', 'param': None, 'code': 'too_many_requests'}}
Failed for Micatone - Nomad: Error code: 429 - {'error': {'message': 'Too Many Requests', 'type': 'too_many_requests', 'param': None, 'code': 'too_many_requests'}}
Failed for Micatone - Plastic Bags & Magazines: Error code: 429 - {'error': {'message': 'Too Many Requests', 'type': 'too_many_requests', 'param': None, 'code': 'too_many_requests'}}
Failed for Ill Niño - When It Cuts: Error code: 429 - {'error': {'message': 'Too Many Requests', 'type': 'too_many_requests', 'param': None, 'code': 'too_many_requests'}}
Failed for Ill Niño - All The Right Words: Error code: 429 - {'error': {'message': 'Too Many Requests', 'type': 'too_many_requests', 'param': None, 'code': 'too_many_requests'}}
Failed for Erykah Badu - In Love With You: Error code: 429 - {'error': {'message': 'Too Many Requests', 'type': 'too_many_requests', 'param': None, 'code': 'too_many_requests'}}
Failed for The Appleseed Cast - Mountain Halo: Error code: 429 - {'error': {'message': 'Too Many Requests', 'type': 'too_many_requests', 'param': None, 'code': 'too_many_requests'}}
Failed for Madness - One Better Day: Error code: 429 - {'error': {'message': 'Too Many Requests', 'type': 'too_many_requests', 'param': None, 'code': 'too_many_requests'}}
Failed for Bloc Party - Your Visits Are Getting Shorter: Error code: 429 - {'error': {'message': 'Too Many Requests', 'type': 'too_many_requests', 'param': None, 'code': 'too_many_requests'}}
Failed for Alkaline Trio - Goodbye Forever: Error code: 429 - {'error': {'message': 'Too Many Requests', 'type': 'too_many_requests', 'param': None, 'code': 'too_many_requests'}}
Failed for Paul Mccartney - The End Of The End: Error code: 429 - {'error': {'message': 'Too Many Requests', 'type': 'too_many_requests', 'param': None, 'code': 'too_many_requests'}}
Failed for The Academy Is... - Everything We Had: Error code: 429 - {'error': {'message': 'Too Many Requests', 'type': 'too_many_requests', 'param': None, 'code': 'too_many_requests'}}
Failed for Alkaline Trio - I Was A Prayer: Error code: 429 - {'error': {'message': 'Too Many Requests', 'type': 'too_many_requests', 'param': None, 'code': 'too_many_requests'}}
Failed for The Appleseed Cast - February: Error code: 429 - {'error': {'message': 'Too Many Requests', 'type': 'too_many_requests', 'param': None, 'code': 'too_many_requests'}}
Failed for The Dandy Warhols - Mission Control: Error code: 429 - {'error': {'message': 'Too Many Requests', 'type': 'too_many_requests', 'param': None, 'code': 'too_many_requests'}}
Failed for Colleen - Mining In The Rain: Error code: 429 - {'error': {'message': 'Too Many Requests', 'type': 'too_many_requests', 'param': None, 'code': 'too_many_requests'}}
Failed for The Dandy Warhols - The World The People Together (Come On): Error code: 429 - {'error': {'message': 'Too Many Requests', 'type': 'too_many_requests', 'param': None, 'code': 'too_many_requests'}}
Failed for Joan Armatrading - Love And Affection: Error code: 429 - {'error': {'message': 'Too Many Requests', 'type': 'too_many_requests', 'param': None, 'code': 'too_many_requests'}}
Failed for Colleen - Ritournelle: Error code: 429 - {'error': {'message': 'Too Many Requests', 'type': 'too_many_requests', 'param': None, 'code': 'too_many_requests'}}
Failed for Hadouken! - Spend Your Life: Error code: 429 - {'error': {'message': 'Too Many Requests', 'type': 'too_many_requests', 'param': None, 'code': 'too_many_requests'}}
Failed for Destruction - Life Without Sense: Error code: 429 - {'error': {'message': 'Too Many Requests', 'type': 'too_many_requests', 'param': None, 'code': 'too_many_requests'}}
Failed for Lou Reed / John Cale - Style It Takes: Error code: 429 - {'error': {'message': 'Too Many Requests', 'type': 'too_many_requests', 'param': None, 'code': 'too_many_requests'}}
Failed for Bob Marley & The Wailers - Coming In From The Cold: Error code: 429 - {'error': {'message': 'Too Many Requests', 'type': 'too_many_requests', 'param': None, 'code': 'too_many_requests'}}
Failed for Public Image Ltd. - The Body: Error code: 429 - {'error': {'message': 'Too Many Requests', 'type': 'too_many_requests', 'param': None, 'code': 'too_many_requests'}}
Failed for No Age - Here Should Be My Home: Error code: 429 - {'error': {'message': 'Too Many Requests', 'type': 'too_many_requests', 'param': None, 'code': 'too_many_requests'}}
Failed for The Damned - Psychomania: Error code: 429 - {'error': {'message': 'Too Many Requests', 'type': 'too_many_requests', 'param': None, 'code': 'too_many_requests'}}
Failed for Sweet - New York Connection: Error code: 429 - {'error': {'message': 'Too Many Requests', 'type': 'too_many_requests', 'param': None, 'code': 'too_many_requests'}}
Failed for Michael Bublé - Call Me Irresponsible: Error code: 429 - {'error': {'message': 'Too Many Requests', 'type': 'too_many_requests', 'param': None, 'code': 'too_many_requests'}}
Failed for Puff Daddy - I'Ll Be Missing You: Error code: 429 - {'error': {'message': 'Too Many Requests', 'type': 'too_many_requests', 'param': None, 'code': 'too_many_requests'}}
Failed for Four Tet - Alambradas: Error code: 429 - {'error': {'message': 'Too Many Requests', 'type': 'too_many_requests', 'param': None, 'code': 'too_many_requests'}}
Failed for :Wumpscut: - Line Of Corpses: Error code: 429 - {'error': {'message': 'Too Many Requests', 'type': 'too_many_requests', 'param': None, 'code': 'too_many_requests'}}
Failed for :Wumpscut: - Maiden: Error code: 429 - {'error': {'message': 'Too Many Requests', 'type': 'too_many_requests', 'param': None, 'code': 'too_many_requests'}}
Failed for Four Tet - Liquefaction: Error code: 429 - {'error': {'message': 'Too Many Requests', 'type': 'too_many_requests', 'param': None, 'code': 'too_many_requests'}}
Failed for Michael Andrews - Philosophy Of Time Travel: Error code: 429 - {'error': {'message': 'Too Many Requests', 'type': 'too_many_requests', 'param': None, 'code': 'too_many_requests'}}
Failed for :Wumpscut: - Irak 1 (Second Take): Error code: 429 - {'error': {'message': 'Too Many Requests', 'type': 'too_many_requests', 'param': None, 'code': 'too_many_requests'}}
Failed for Vasco Rossi - Ogni Volta: Error code: 429 - {'error': {'message': 'Too Many Requests', 'type': 'too_many_requests', 'param': None, 'code': 'too_many_requests'}}
Failed for The Pains Of Being Pure At Heart - Orchard Of My Eye: Error code: 429 - {'error': {'message': 'Too Many Requests', 'type': 'too_many_requests', 'param': None, 'code': 'too_many_requests'}}
Failed for Vasco Rossi - Ciao: Error code: 429 - {'error': {'message': 'Too Many Requests', 'type': 'too_many_requests', 'param': None, 'code': 'too_many_requests'}}
Failed for Bright Eyes - A Celebration Upon Completion: Error code: 429 - {'error': {'message': 'Too Many Requests', 'type': 'too_many_requests', 'param': None, 'code': 'too_many_requests'}}
Failed for Lali Puna - Past Machine: Error code: 429 - {'error': {'message': 'Too Many Requests', 'type': 'too_many_requests', 'param': None, 'code': 'too_many_requests'}}
Failed for Joan Jett - Bad Reputation: Error code: 429 - {'error': {'message': 'Too Many Requests', 'type': 'too_many_requests', 'param': None, 'code': 'too_many_requests'}}
Failed for Bryan Adams - Let'S Make A Night To Remember: Error code: 429 - {'error': {'message': 'Too Many Requests', 'type': 'too_many_requests', 'param': None, 'code': 'too_many_requests'}}
Failed for Vasco Rossi - Jenny È Pazza: Error code: 429 - {'error': {'message': 'Too Many Requests', 'type': 'too_many_requests', 'param': None, 'code': 'too_many_requests'}}
Failed for Lou Reed - Coney Island Baby: Error code: 429 - {'error': {'message': 'Too Many Requests', 'type': 'too_many_requests', 'param': None, 'code': 'too_many_requests'}}
Failed for Fad Gadget - For Whom The Bells Toll: Error code: 429 - {'error': {'message': 'Too Many Requests', 'type': 'too_many_requests', 'param': None, 'code': 'too_many_requests'}}
Failed for T.A.T.U. - Dangerous And Moving (Intro): Error code: 429 - {'error': {'message': 'Too Many Requests', 'type': 'too_many_requests', 'param': None, 'code': 'too_many_requests'}}
Failed for Dethklok - Bloodtrocuted: Error code: 429 - {'error': {'message': 'Too Many Requests', 'type': 'too_many_requests', 'param': None, 'code': 'too_many_requests'}}
Failed for Dethklok - Fansong: Error code: 429 - {'error': {'message': 'Too Many Requests', 'type': 'too_many_requests', 'param': None, 'code': 'too_many_requests'}}
Failed for Tim Hecker - Palimpsest I: Error code: 429 - {'error': {'message': 'Too Many Requests', 'type': 'too_many_requests', 'param': None, 'code': 'too_many_requests'}}
Failed for Colle + Kaos + Piotta - Ciao Ciao: Error code: 429 - {'error': {'message': 'Too Many Requests', 'type': 'too_many_requests', 'param': None, 'code': 'too_many_requests'}}
Failed for Ennio Morricone - Once Upon A Time In The West: Error code: 429 - {'error': {'message': 'Too Many Requests', 'type': 'too_many_requests', 'param': None, 'code': 'too_many_requests'}}
Failed for Dendemann - Gut Und Gerne: Error code: 429 - {'error': {'message': 'Too Many Requests', 'type': 'too_many_requests', 'param': None, 'code': 'too_many_requests'}}
Failed for Prefuse 73 - Uprock And Invigorate: Error code: 429 - {'error': {'message': 'Too Many Requests', 'type': 'too_many_requests', 'param': None, 'code': 'too_many_requests'}}
Failed for Harumi - Fire By The River: Error code: 429 - {'error': {'message': 'Too Many Requests', 'type': 'too_many_requests', 'param': None, 'code': 'too_many_requests'}}
Failed for The Cooper Temple Clause - What Have You Gone And Done?: Error code: 429 - {'error': {'message': 'Too Many Requests', 'type': 'too_many_requests', 'param': None, 'code': 'too_many_requests'}}
Failed for Jefferson Airplane - 3/5 Of A Mile In 10 Seconds: Error code: 429 - {'error': {'message': 'Too Many Requests', 'type': 'too_many_requests', 'param': None, 'code': 'too_many_requests'}}
Failed for Shannon - Let The Music Play: Error code: 429 - {'error': {'message': 'Too Many Requests', 'type': 'too_many_requests', 'param': None, 'code': 'too_many_requests'}}
Failed for Brian Wilson - Wonderful: Error code: 429 - {'error': {'message': 'Too Many Requests', 'type': 'too_many_requests', 'param': None, 'code': 'too_many_requests'}}
Failed for Saxon Shore - The Shaping Of A Helpless Joy: Error code: 429 - {'error': {'message': 'Too Many Requests', 'type': 'too_many_requests', 'param': None, 'code': 'too_many_requests'}}
Failed for Saxon Shore - With A Red Suit You Will Become A Man: Error code: 429 - {'error': {'message': 'Too Many Requests', 'type': 'too_many_requests', 'param': None, 'code': 'too_many_requests'}}
Failed for Lali Puna - Nin-Com-Pop (T. Leboeg Remix): Error code: 429 - {'error': {'message': 'Too Many Requests', 'type': 'too_many_requests', 'param': None, 'code': 'too_many_requests'}}
Failed for The Paddingtons - Some Old Girl: Error code: 429 - {'error': {'message': 'Too Many Requests', 'type': 'too_many_requests', 'param': None, 'code': 'too_many_requests'}}
Failed for Paul Anka - Diana: Error code: 429 - {'error': {'message': 'Too Many Requests', 'type': 'too_many_requests', 'param': None, 'code': 'too_many_requests'}}
Failed for I Am Kloot - To You: Error code: 429 - {'error': {'message': 'Too Many Requests', 'type': 'too_many_requests', 'param': None, 'code': 'too_many_requests'}}
2900/2988 done
Failed for Alkaline Trio - Steamer Trunk: Error code: 429 - {'error': {'message': 'Too Many Requests', 'type': 'too_many_requests', 'param': None, 'code': 'too_many_requests'}}
Failed for Paul Giovanni And Magnet - Corn Rigs: Error code: 429 - {'error': {'message': 'Too Many Requests', 'type': 'too_many_requests', 'param': None, 'code': 'too_many_requests'}}
Failed for Paul Giovanni And Magnet - Gently Johnny: Error code: 429 - {'error': {'message': 'Too Many Requests', 'type': 'too_many_requests', 'param': None, 'code': 'too_many_requests'}}
Failed for Dario Marianelli - Liz On Top Of The World: Error code: 429 - {'error': {'message': 'Too Many Requests', 'type': 'too_many_requests', 'param': None, 'code': 'too_many_requests'}}
Failed for Pendulum - Propane Nightmares V.I.P.: Error code: 429 - {'error': {'message': 'Too Many Requests', 'type': 'too_many_requests', 'param': None, 'code': 'too_many_requests'}}
Failed for I Am Kloot - Life In A Day: Error code: 429 - {'error': {'message': 'Too Many Requests', 'type': 'too_many_requests', 'param': None, 'code': 'too_many_requests'}}
Failed for The Ark - Let Me Down Gently: Error code: 429 - {'error': {'message': 'Too Many Requests', 'type': 'too_many_requests', 'param': None, 'code': 'too_many_requests'}}
Failed for Prefuse 73 - Female Demands: Error code: 429 - {'error': {'message': 'Too Many Requests', 'type': 'too_many_requests', 'param': None, 'code': 'too_many_requests'}}
Failed for Silje Nergaard - Be Still My Heart: Error code: 429 - {'error': {'message': 'Too Many Requests', 'type': 'too_many_requests', 'param': None, 'code': 'too_many_requests'}}
Failed for Bob Marley & The Wailers - Crazy Baldhead: Error code: 429 - {'error': {'message': 'Too Many Requests', 'type': 'too_many_requests', 'param': None, 'code': 'too_many_requests'}}
Failed for Prefuse 73 - Five Minutes Away: Error code: 429 - {'error': {'message': 'Too Many Requests', 'type': 'too_many_requests', 'param': None, 'code': 'too_many_requests'}}
Failed for Nine Inch Nails - The Downward Spiral (The Bottom): Error code: 429 - {'error': {'message': 'Too Many Requests', 'type': 'too_many_requests', 'param': None, 'code': 'too_many_requests'}}
Failed for Swayzak - I Dance Alone: Error code: 429 - {'error': {'message': 'Too Many Requests', 'type': 'too_many_requests', 'param': None, 'code': 'too_many_requests'}}
Failed for The Darling Buds - Angels Fallen: Error code: 429 - {'error': {'message': 'Too Many Requests', 'type': 'too_many_requests', 'param': None, 'code': 'too_many_requests'}}
Failed for Skazi - Acelera: Error code: 429 - {'error': {'message': 'Too Many Requests', 'type': 'too_many_requests', 'param': None, 'code': 'too_many_requests'}}
Failed for Joanna Newsom - What We Have Known: Error code: 429 - {'error': {'message': 'Too Many Requests', 'type': 'too_many_requests', 'param': None, 'code': 'too_many_requests'}}
Failed for The Darkness - Christmas Time (Don'T Let The Bells End): Error code: 429 - {'error': {'message': 'Too Many Requests', 'type': 'too_many_requests', 'param': None, 'code': 'too_many_requests'}}
Failed for Aidonia - Dont Bawl: Error code: 429 - {'error': {'message': 'Too Many Requests', 'type': 'too_many_requests', 'param': None, 'code': 'too_many_requests'}}
Failed for Pulp - Trees: Error code: 429 - {'error': {'message': 'Too Many Requests', 'type': 'too_many_requests', 'param': None, 'code': 'too_many_requests'}}
Failed for Sam Cooke - You Send Me: Error code: 429 - {'error': {'message': 'Too Many Requests', 'type': 'too_many_requests', 'param': None, 'code': 'too_many_requests'}}
Failed for Frameless - I Try: Error code: 429 - {'error': {'message': 'Too Many Requests', 'type': 'too_many_requests', 'param': None, 'code': 'too_many_requests'}}
Failed for Lali Puna - Clear Cut: Error code: 429 - {'error': {'message': 'Too Many Requests', 'type': 'too_many_requests', 'param': None, 'code': 'too_many_requests'}}
Failed for The Archies - Sugar Sugar: Error code: 429 - {'error': {'message': 'Too Many Requests', 'type': 'too_many_requests', 'param': None, 'code': 'too_many_requests'}}
Failed for Tool - Part Of Me (Live): Error code: 429 - {'error': {'message': 'Too Many Requests', 'type': 'too_many_requests', 'param': None, 'code': 'too_many_requests'}}
Failed for The Ordinary Boys - Talk Talk Talk: Error code: 429 - {'error': {'message': 'Too Many Requests', 'type': 'too_many_requests', 'param': None, 'code': 'too_many_requests'}}
Failed for Vashti Bunyan - Hebridean Sun: Error code: 429 - {'error': {'message': 'Too Many Requests', 'type': 'too_many_requests', 'param': None, 'code': 'too_many_requests'}}
Failed for Vashti Bunyan - Glow Worms: Error code: 429 - {'error': {'message': 'Too Many Requests', 'type': 'too_many_requests', 'param': None, 'code': 'too_many_requests'}}
Failed for Vasco Rossi - Va Be (Se Proprio Te Lo Devo Dire): Error code: 429 - {'error': {'message': 'Too Many Requests', 'type': 'too_many_requests', 'param': None, 'code': 'too_many_requests'}}
Failed for The Protomen - The Sons Of Fate: Error code: 429 - {'error': {'message': 'Too Many Requests', 'type': 'too_many_requests', 'param': None, 'code': 'too_many_requests'}}
Failed for Buck 65 - The Floor: Error code: 429 - {'error': {'message': 'Too Many Requests', 'type': 'too_many_requests', 'param': None, 'code': 'too_many_requests'}}
Failed for Franco Battiato - Centro Di Gravità Permanente: Error code: 429 - {'error': {'message': 'Too Many Requests', 'type': 'too_many_requests', 'param': None, 'code': 'too_many_requests'}}
Failed for Franco & Oscarcito - Amor Urbano: Error code: 429 - {'error': {'message': 'Too Many Requests', 'type': 'too_many_requests', 'param': None, 'code': 'too_many_requests'}}
Failed for Fair To Midland - Quince: Error code: 429 - {'error': {'message': 'Too Many Requests', 'type': 'too_many_requests', 'param': None, 'code': 'too_many_requests'}}
Failed for Salim Nourallah - Nothing Ever Goes Right: Error code: 429 - {'error': {'message': 'Too Many Requests', 'type': 'too_many_requests', 'param': None, 'code': 'too_many_requests'}}
Failed for Puscifer - Rev 22:20 (Dry Martini Mix): Error code: 429 - {'error': {'message': 'Too Many Requests', 'type': 'too_many_requests', 'param': None, 'code': 'too_many_requests'}}
Failed for Gåte - Jomfruva Ingebjørg: Error code: 429 - {'error': {'message': 'Too Many Requests', 'type': 'too_many_requests', 'param': None, 'code': 'too_many_requests'}}
Failed for Sex Pistols - Should I Stay Or Should I Go: Error code: 429 - {'error': {'message': 'Too Many Requests', 'type': 'too_many_requests', 'param': None, 'code': 'too_many_requests'}}
Failed for Coldplay - In My Place (New Album Version): Error code: 429 - {'error': {'message': 'Too Many Requests', 'type': 'too_many_requests', 'param': None, 'code': 'too_many_requests'}}
Failed for Gönül Akkor - Dargın Ayrılmayalım: Error code: 429 - {'error': {'message': 'Too Many Requests', 'type': 'too_many_requests', 'param': None, 'code': 'too_many_requests'}}
Failed for Traveling Wilburys - Dirty World: Error code: 429 - {'error': {'message': 'Too Many Requests', 'type': 'too_many_requests', 'param': None, 'code': 'too_many_requests'}}
Failed for Oasis - My Generation: Error code: 429 - {'error': {'message': 'Too Many Requests', 'type': 'too_many_requests', 'param': None, 'code': 'too_many_requests'}}
Failed for Tracy Chapman - Hard Wired: Error code: 429 - {'error': {'message': 'Too Many Requests', 'type': 'too_many_requests', 'param': None, 'code': 'too_many_requests'}}
Failed for Tracy Chapman - If Not Now...: Error code: 429 - {'error': {'message': 'Too Many Requests', 'type': 'too_many_requests', 'param': None, 'code': 'too_many_requests'}}
Failed for Dapunksportif - Arabian Princess: Error code: 429 - {'error': {'message': 'Too Many Requests', 'type': 'too_many_requests', 'param': None, 'code': 'too_many_requests'}}
Failed for Demons & Wizards - The Whistler: Error code: 429 - {'error': {'message': 'Too Many Requests', 'type': 'too_many_requests', 'param': None, 'code': 'too_many_requests'}}
Failed for Blonde Redhead - Kazuality: Error code: 429 - {'error': {'message': 'Too Many Requests', 'type': 'too_many_requests', 'param': None, 'code': 'too_many_requests'}}
Failed for I Am Kloot - Here For The World: Error code: 429 - {'error': {'message': 'Too Many Requests', 'type': 'too_many_requests', 'param': None, 'code': 'too_many_requests'}}
Failed for Toots & The Maytals - 54-46 That'S My Number: Error code: 429 - {'error': {'message': 'Too Many Requests', 'type': 'too_many_requests', 'param': None, 'code': 'too_many_requests'}}
Failed for The 69 Eyes - The Hills Have Eyes: Error code: 429 - {'error': {'message': 'Too Many Requests', 'type': 'too_many_requests', 'param': None, 'code': 'too_many_requests'}}
Failed for The Ark - Father Of A Son: Error code: 429 - {'error': {'message': 'Too Many Requests', 'type': 'too_many_requests', 'param': None, 'code': 'too_many_requests'}}
Failed for The Ark - Girl You'Re Gonna Get'Em (Real Soon): Error code: 429 - {'error': {'message': 'Too Many Requests', 'type': 'too_many_requests', 'param': None, 'code': 'too_many_requests'}}
Failed for Alkaline Trio - Settle For Satin: Error code: 429 - {'error': {'message': 'Too Many Requests', 'type': 'too_many_requests', 'param': None, 'code': 'too_many_requests'}}
Failed for Sneaker Pimps - Destroying Angel: Error code: 429 - {'error': {'message': 'Too Many Requests', 'type': 'too_many_requests', 'param': None, 'code': 'too_many_requests'}}
Failed for Asian Dub Foundation - 06 - Asian Dub Foundation - Modern Apprentice: Error code: 429 - {'error': {'message': 'Too Many Requests', 'type': 'too_many_requests', 'param': None, 'code': 'too_many_requests'}}
Failed for Sneaker Pimps - Curl: Error code: 429 - {'error': {'message': 'Too Many Requests', 'type': 'too_many_requests', 'param': None, 'code': 'too_many_requests'}}
Failed for Say Hi - Spiders: Error code: 429 - {'error': {'message': 'Too Many Requests', 'type': 'too_many_requests', 'param': None, 'code': 'too_many_requests'}}
Failed for Say Hi - Toil And Trouble: Error code: 429 - {'error': {'message': 'Too Many Requests', 'type': 'too_many_requests', 'param': None, 'code': 'too_many_requests'}}
Failed for Lady Gaga - Poker Face (Jody Den Broeder Edit): Error code: 429 - {'error': {'message': 'Too Many Requests', 'type': 'too_many_requests', 'param': None, 'code': 'too_many_requests'}}
Failed for Buckethead - Pink Eye: Error code: 429 - {'error': {'message': 'Too Many Requests', 'type': 'too_many_requests', 'param': None, 'code': 'too_many_requests'}}
Failed for Edan - Funky Voltron (Feat. Insight): Error code: 429 - {'error': {'message': 'Too Many Requests', 'type': 'too_many_requests', 'param': None, 'code': 'too_many_requests'}}
Failed for Nine Inch Nails - Capital G (Epworth Phones 666 Revolutions): Error code: 429 - {'error': {'message': 'Too Many Requests', 'type': 'too_many_requests', 'param': None, 'code': 'too_many_requests'}}
Failed for Joe Satriani - Belly Dancer: Error code: 429 - {'error': {'message': 'Too Many Requests', 'type': 'too_many_requests', 'param': None, 'code': 'too_many_requests'}}
Failed for Joe Satriani - Lords Of Karma: Error code: 429 - {'error': {'message': 'Too Many Requests', 'type': 'too_many_requests', 'param': None, 'code': 'too_many_requests'}}
Failed for Skid Row - Livin' On A Chain Gang: Error code: 429 - {'error': {'message': 'Too Many Requests', 'type': 'too_many_requests', 'param': None, 'code': 'too_many_requests'}}
Failed for Joe Satriani - Oriental Melody: Error code: 429 - {'error': {'message': 'Too Many Requests', 'type': 'too_many_requests', 'param': None, 'code': 'too_many_requests'}}
Failed for The Dead Milkmen - Life Is Shit: Error code: 429 - {'error': {'message': 'Too Many Requests', 'type': 'too_many_requests', 'param': None, 'code': 'too_many_requests'}}
Failed for Joe Satriani - Friends: Error code: 429 - {'error': {'message': 'Too Many Requests', 'type': 'too_many_requests', 'param': None, 'code': 'too_many_requests'}}
Failed for Devendra Banhart - Owl Eyes: Error code: 429 - {'error': {'message': 'Too Many Requests', 'type': 'too_many_requests', 'param': None, 'code': 'too_many_requests'}}
Failed for Travis - Before You Were Young: Error code: 429 - {'error': {'message': 'Too Many Requests', 'type': 'too_many_requests', 'param': None, 'code': 'too_many_requests'}}
Failed for Axamenta - Incognation: Error code: 429 - {'error': {'message': 'Too Many Requests', 'type': 'too_many_requests', 'param': None, 'code': 'too_many_requests'}}
Failed for Nine Inch Nails - Down In It (Shred): Error code: 429 - {'error': {'message': 'Too Many Requests', 'type': 'too_many_requests', 'param': None, 'code': 'too_many_requests'}}
Failed for Yellowcard - View From Heaven: Error code: 429 - {'error': {'message': 'Too Many Requests', 'type': 'too_many_requests', 'param': None, 'code': 'too_many_requests'}}
Failed for Nine Inch Nails - Memorabilia: Error code: 429 - {'error': {'message': 'Too Many Requests', 'type': 'too_many_requests', 'param': None, 'code': 'too_many_requests'}}
Failed for Björk - Generous Palmstroke: Error code: 429 - {'error': {'message': 'Too Many Requests', 'type': 'too_many_requests', 'param': None, 'code': 'too_many_requests'}}
Failed for The Offspring - Nothingtown: Error code: 429 - {'error': {'message': 'Too Many Requests', 'type': 'too_many_requests', 'param': None, 'code': 'too_many_requests'}}
Failed for The Zutons - It'S The Little Things We Do: Error code: 429 - {'error': {'message': 'Too Many Requests', 'type': 'too_many_requests', 'param': None, 'code': 'too_many_requests'}}
Failed for Hüsker Dü - Makes No Sense At All: Error code: 429 - {'error': {'message': 'Too Many Requests', 'type': 'too_many_requests', 'param': None, 'code': 'too_many_requests'}}
Failed for Lacuna Coil - Honeymoon Suite: Error code: 429 - {'error': {'message': 'Too Many Requests', 'type': 'too_many_requests', 'param': None, 'code': 'too_many_requests'}}
Failed for Toots & The Maytals - Redemption Song: Error code: 429 - {'error': {'message': 'Too Many Requests', 'type': 'too_many_requests', 'param': None, 'code': 'too_many_requests'}}
Failed for The 69 Eyes - L8R S8N: Error code: 429 - {'error': {'message': 'Too Many Requests', 'type': 'too_many_requests', 'param': None, 'code': 'too_many_requests'}}
Failed for Danzig - Devil'S Plaything: Error code: 429 - {'error': {'message': 'Too Many Requests', 'type': 'too_many_requests', 'param': None, 'code': 'too_many_requests'}}
Failed for M. Ward - Radio Campaign: Error code: 429 - {'error': {'message': 'Too Many Requests', 'type': 'too_many_requests', 'param': None, 'code': 'too_many_requests'}}
Failed for Wintersun - Beautiful Death: Error code: 429 - {'error': {'message': 'Too Many Requests', 'type': 'too_many_requests', 'param': None, 'code': 'too_many_requests'}}
Saved 2988 tracks to /work/pi_dagarwal_umass_edu/project_7/srikar/E4SRec/metadata/instrument/output/instrument_annotations_shard_13.csv
========================================
End          : Thu Apr  9 06:04:03 AM UTC 2026
========================================
