artist_name,track_name,Angry Lyrics,Sad Lyrics,Happy/Joyful Lyrics,Humorous Lyrics,Love/Romance Lyrics,Social/Political Lyrics,Abstract Lyrics,Explicit Lyrics
the postal service,such great heights,0.0,0.2,0.8,0.0,1.0,0.0,0.6,0.0
boy division,love will tear us apart,0.0,1.0,0.0,0.0,1.0,0.0,0.4,0.0
muse,supermassive black hole,0.4,0.2,0.0,0.0,0.6,0.0,0.6,0.0
radiohead,karma police,0.4,0.2,0.0,0.2,0.0,0.6,0.4,0.0
arcade fire,rebellion (lies),0.4,0.2,0.0,0.0,0.0,0.6,0.4,0.0
death cab for cutie,i will follow you into the dark,0.0,0.8,0.0,0.0,1.0,0.2,0.4,0.0
muse,time is running out,0.4,0.4,0.0,0.0,0.6,0.0,0.4,0.0
muse,starlight,0.0,0.4,0.2,0.0,0.8,0.0,0.6,0.0
radiohead,all i need,0.2,1.0,0.0,0.0,1.0,0.0,0.6,0.0
arcade fire,neighborhood #1 (tunnels),0.0,0.4,0.4,0.0,0.8,0.0,0.6,0.0
coldplay,the scientist,0.0,1.0,0.0,0.0,0.8,0.0,0.4,0.0
massive attack,teardrop,0.0,0.8,0.0,0.0,0.6,0.0,1.0,0.0
radiohead,15 step,0.4,0.4,0.0,0.0,0.2,0.0,0.6,0.0
radiohead,paranoid android,0.6,0.4,0.0,0.2,0.0,0.6,0.8,0.0
radiohead,bodysnatchers,0.6,0.2,0.0,0.0,0.0,0.4,0.6,0.2
bloc party,banquet,0.4,0.0,0.0,0.0,0.2,0.2,0.4,0.0
arctic monkeys,i bet you look good on the dancefloor,0.2,0.2,0.4,0.4,0.4,0.0,0.2,0.0
radiohead,jigsaw falling into place,0.0,0.2,0.4,0.0,0.8,0.0,0.6,0.0
radiohead,reckoner,0.0,0.6,0.0,0.0,0.2,0.2,0.6,0.0
interpol,evil,0.2,0.6,0.0,0.0,0.4,0.0,0.6,0.0
radiohead,weird fishes/arpeggi,0.0,0.4,0.0,0.0,0.4,0.0,0.8,0.0
radiohead,house of cards,0.0,0.4,0.0,0.0,0.8,0.0,0.4,0.0
muse,map of the problematique,0.4,1.0,0.0,0.0,0.4,0.4,0.6,0.0
mgmt,time to pretend,0.2,0.6,0.2,0.4,0.0,0.4,0.4,0.6
radiohead,fake plastic trees,0.0,1.0,0.0,0.0,0.6,0.4,0.6,0.0
mgmt,kids,0.0,0.2,0.2,0.0,0.0,0.2,0.6,0.0
arcade fire,no cars go,0.0,0.0,0.8,0.0,0.0,0.2,0.6,0.0
arcade fire,une année sans lumière,0.0,0.6,0.0,0.0,0.6,0.0,0.4,0.0
the killers,smile like you mean it,0.0,0.6,0.0,0.0,0.2,0.0,0.4,0.0
the postal service,nothing better,0.2,0.8,0.0,0.0,1.0,0.0,0.2,0.0
arcade fire,wake up,0.2,0.6,0.2,0.0,0.0,0.4,0.4,0.0
arcade fire,neighborhood #3 (power out),0.6,0.4,0.0,0.0,0.0,0.6,0.6,0.0
radiohead,faust arp,0.2,0.4,0.0,0.0,0.4,0.2,0.8,0.0
muse,hysteria,0.6,0.4,0.0,0.0,0.8,0.0,0.4,0.0
depeche mode,enjoy the silence,0.0,0.4,0.2,0.0,1.0,0.0,0.4,0.0
the killers,all these things that i've done,0.0,0.4,0.4,0.0,0.0,0.2,0.4,0.0
mgmt,electric feel,0.0,0.0,0.4,0.0,0.6,0.0,0.6,0.2
klaxons,golden skans,0.0,0.0,0.6,0.0,0.2,0.0,0.6,0.0
radiohead,no surprises,0.2,1.0,0.0,0.0,0.0,0.4,0.4,0.0
the shins,new slang,0.2,0.6,0.0,0.0,0.2,0.2,0.8,0.0
jeff buckley,hallelujah,0.0,1.0,0.0,0.0,0.8,0.0,0.6,0.2
radiohead,exit music (for a film),0.4,1.0,0.0,0.0,0.6,0.2,0.4,0.0
interpol,obstacle 1,0.2,0.4,0.0,0.0,0.4,0.2,0.6,0.2
pink floyd,wish you were here,0.2,1.0,0.0,0.0,0.4,0.2,0.4,0.0
joy division,she's lost control,0.0,0.8,0.0,0.0,0.0,0.0,0.4,0.0
radiohead,videotape,0.0,0.8,0.2,0.0,0.4,0.0,0.6,0.0
interpol,slow hands,0.2,0.0,0.0,0.0,0.6,0.0,0.4,0.2
death cab for cutie,crooked teeth,0.2,0.6,0.0,0.0,0.6,0.0,0.4,0.0
the postal service,the district sleeps alone tonight,0.0,0.8,0.0,0.0,0.8,0.0,0.4,0.0
coldplay,don't panic,0.0,0.4,0.4,0.0,0.2,0.0,0.4,0.0
imogen heap,hide and seek,0.4,1.0,0.0,0.0,0.6,0.0,0.8,0.0
arcade fire,keep the car running,0.0,0.2,0.0,0.0,0.0,0.2,0.4,0.0
death cab for cutie,summer skin,0.0,0.8,0.2,0.0,0.6,0.0,0.4,0.0
air,all i need,0.0,0.4,0.2,0.0,1.0,0.0,0.4,0.0
arcade fire,crown of love,0.2,1.0,0.0,0.0,1.0,0.0,0.4,0.0
arctic monkeys,mardy bum,0.4,0.6,0.2,0.4,0.6,0.0,0.2,0.0
the smiths,this charming man,0.0,0.2,0.4,0.6,0.6,0.4,0.4,0.0
air,sexy boy,0.0,0.0,0.2,0.2,0.6,0.0,0.2,0.0
the postal service,sleeping in,0.0,0.2,0.0,0.0,0.0,0.4,0.6,0.0
arcade fire,intervention,0.4,0.6,0.0,0.0,0.0,0.8,0.6,0.0
arcade fire,neighborhood #2 (laika),0.2,0.6,0.0,0.0,0.0,0.2,0.4,0.0
arctic monkeys,fake tales of san francisco,0.4,0.0,0.0,0.4,0.0,0.6,0.2,0.0
death cab for cutie,your heart is an empty room,0.0,0.8,0.2,0.0,0.8,0.0,0.4,0.0
zero 7,in the waiting line,0.2,0.6,0.0,0.0,0.0,0.2,0.4,0.0
josé gonzález,heartbeats,0.0,0.6,0.2,0.0,0.8,0.0,0.6,0.0
massive attack,angel,0.0,0.0,0.0,0.0,0.8,0.0,0.4,0.0
bloc party,helicopter,0.6,0.0,0.0,0.2,0.0,0.8,0.6,0.0
amy winehouse,you know i'm no good,0.2,0.8,0.0,0.0,0.8,0.0,0.2,0.4
death cab for cutie,marching bands of manhattan,0.0,0.8,0.0,0.0,1.0,0.0,0.6,0.0
feist,mushaboom,0.0,0.2,0.8,0.2,0.4,0.0,0.4,0.0
muse,stockholm syndrome,0.8,0.4,0.0,0.0,0.4,0.0,0.6,0.0
the killers,jenny was a friend of mine,0.4,0.2,0.0,0.0,0.2,0.0,0.2,0.0
blur,song 2,0.0,0.0,0.4,0.4,0.2,0.0,0.8,0.0
johnny cash,hurt,0.0,1.0,0.0,0.0,0.2,0.0,0.4,0.0
the knife,heartbeats,0.0,0.6,0.2,0.0,1.0,0.0,0.6,0.0
death cab for cutie,someday you will be loved,0.0,0.8,0.2,0.0,0.8,0.0,0.2,0.0
death cab for cutie,different names for the same thing,0.0,0.6,0.0,0.0,0.4,0.0,0.6,0.0
bloc party,like eating glass,0.4,0.8,0.0,0.0,0.6,0.0,0.6,0.0
dread zeppelin,stairway to heaven,0.0,0.0,0.2,0.4,0.0,0.2,0.8,0.0
the shins,caring is creepy,0.2,0.4,0.0,0.0,0.4,0.0,0.8,0.0
radiohead,let down,0.0,0.8,0.0,0.0,0.0,0.4,0.6,0.0
coldplay,in my place,0.0,0.8,0.0,0.0,0.8,0.0,0.2,0.0
pixies,where is my mind?,0.0,0.0,0.0,0.2,0.0,0.0,0.8,0.0
bloc party,this modern love,0.0,0.4,0.2,0.0,1.0,0.0,0.2,0.0
damien rice,the blower's daughter,0.0,1.0,0.0,0.0,1.0,0.0,0.4,0.0
arcade fire,black mirror,0.4,0.4,0.0,0.0,0.0,0.6,0.6,0.0
the postal service,clark gable,0.0,0.8,0.2,0.0,0.8,0.0,0.4,0.0
ladytron,destroy everything you touch,0.4,0.6,0.0,0.0,0.8,0.0,0.4,0.0
arcade fire,neighborhood #4 (7 kettles),0.0,0.8,0.0,0.0,0.0,0.2,0.6,0.0
death cab for cutie,what sarah said,0.0,1.0,0.0,0.0,0.6,0.0,0.4,0.0
kaiser chiefs,i predict a riot,0.4,0.0,0.0,0.4,0.0,0.6,0.2,0.0
u2,with or without you,0.0,1.0,0.0,0.0,1.0,0.0,0.4,0.0
death cab for cutie,title and registration,0.0,0.8,0.0,0.2,0.6,0.0,0.4,0.0
amy winehouse,tears dry on their own,0.2,0.8,0.0,0.0,1.0,0.0,0.2,0.2
interpol,pda,0.2,0.6,0.0,0.0,0.6,0.0,0.6,0.0
the strokes,last nite,0.4,0.6,0.0,0.2,0.4,0.2,0.2,0.0
the postal service,brand new colony,0.0,0.0,0.8,0.2,1.0,0.0,0.6,0.0
the cure,boys don't cry,0.0,1.0,0.0,0.0,0.8,0.4,0.2,0.0
amy winehouse,back to black,0.2,1.0,0.0,0.0,1.0,0.0,0.4,0.4
muse,sing for absolution,0.0,0.8,0.0,0.0,0.4,0.0,0.6,0.0
arctic monkeys,the view from the afternoon,0.2,0.2,0.4,0.4,0.4,0.0,0.2,0.0
hot chip,over and over,0.0,0.0,0.8,0.4,0.0,0.0,0.4,0.0
the kooks,naïve,0.4,0.6,0.0,0.0,0.8,0.0,0.2,0.0
tool,vicarious,0.6,0.0,0.0,0.0,0.0,0.8,0.4,0.2
peter bjorn and john,young folks,0.0,0.0,0.6,0.0,0.6,0.2,0.2,0.0
arctic monkeys,dancing shoes,0.2,0.0,0.2,0.2,0.4,0.0,0.2,0.2
coldplay,trouble,0.0,0.8,0.0,0.0,0.6,0.0,0.4,0.0
arctic monkeys,fluorescent adolescent,0.2,0.4,0.2,0.6,0.4,0.0,0.4,0.4
radiohead,airbag,0.0,0.0,0.2,0.0,0.0,0.2,0.6,0.0
the smiths,there is a light that never goes out,0.0,0.8,0.2,0.2,1.0,0.0,0.2,0.0
klaxons,atlantis to interzone,0.0,0.0,0.2,0.0,0.0,0.2,1.0,0.0
klaxons,gravity's rainbow,0.0,0.0,0.4,0.0,0.0,0.2,0.8,0.0
joy division,transmission,0.2,0.6,0.0,0.0,0.0,0.4,0.6,0.0
damien rice,cannonball,0.0,0.8,0.0,0.0,0.8,0.0,0.6,0.0
regina spektor,samson,0.0,0.8,0.2,0.0,1.0,0.0,0.6,0.0
pink floyd,comfortably numb,0.0,0.6,0.0,0.0,0.0,0.0,0.6,0.0
air,kelly watch the stars,0.0,0.0,0.2,0.0,0.0,0.0,0.6,0.0
muse,knights of cydonia,0.6,0.0,0.0,0.0,0.0,0.8,0.6,0.0
radiohead,lucky,0.0,0.4,0.2,0.0,0.4,0.2,0.6,0.0
portishead,roads,0.2,1.0,0.0,0.0,0.2,0.0,0.4,0.0
the goo goo dolls,iris,0.0,0.8,0.0,0.0,1.0,0.0,0.4,0.0
the killers,on top,0.0,0.0,0.6,0.0,0.4,0.0,0.4,0.0
the shins,australia,0.0,0.2,0.4,0.0,0.2,0.0,0.6,0.0
the postal service,recycled air,0.0,0.4,0.0,0.0,0.2,0.0,0.6,0.0
radiohead,street spirit (fade out),0.0,1.0,0.0,0.0,0.2,0.0,0.8,0.0
interpol,narc,0.2,0.4,0.0,0.0,0.8,0.0,0.6,0.2
tool,the pot,0.8,0.0,0.0,0.2,0.0,0.6,0.6,0.4
the kooks,she moves in her own way,0.0,0.0,0.8,0.0,1.0,0.0,0.2,0.0
the clash,london calling,0.6,0.2,0.0,0.2,0.0,1.0,0.4,0.0
kaiser chiefs,everyday i love you less and less,0.6,0.2,0.0,0.4,0.6,0.0,0.2,0.2
elliott smith,between the bars,0.0,1.0,0.0,0.0,0.6,0.0,0.4,0.0
sufjan stevens,chicago,0.0,0.6,0.4,0.0,0.2,0.0,0.4,0.0
air,cherry blossom girl,0.0,0.2,0.2,0.0,1.0,0.0,0.4,0.0
sigur rós,sæglópur,0.0,0.2,0.0,0.0,0.0,0.0,1.0,0.0
death cab for cutie,brothers on a hotel bed,0.0,0.8,0.0,0.0,0.8,0.0,0.6,0.0
neutral milk hotel,in the aeroplane over the sea,0.0,0.4,0.8,0.0,0.8,0.0,0.6,0.0
muse,butterflies and hurricanes,0.4,0.2,0.2,0.0,0.0,0.2,0.4,0.0
arcade fire,neon bible,0.4,0.6,0.0,0.0,0.0,0.8,0.4,0.0
air,la femme d'argent,0.0,0.0,0.0,0.0,0.0,0.0,0.0,0.0
portishead,sour times,0.2,1.0,0.0,0.0,0.8,0.0,0.4,0.0
radiohead,everything in its right place,0.2,0.4,0.0,0.0,0.0,0.0,1.0,0.0
bloc party,blue light,0.0,0.4,0.2,0.0,0.8,0.0,0.4,0.0
snow patrol,run,0.0,1.0,0.0,0.0,0.8,0.0,0.4,0.0
frou frou,let go,0.0,0.2,0.6,0.0,0.2,0.0,0.4,0.0
interpol,c'mere,0.2,0.6,0.0,0.0,0.8,0.0,0.4,0.0
death cab for cutie,transatlanticism,0.0,1.0,0.0,0.0,1.0,0.0,0.6,0.0
joy division,disorder,0.2,0.6,0.0,0.0,0.0,0.0,0.6,0.0
sigur rós,svefn-g-englar,0.0,0.2,0.0,0.0,0.0,0.0,1.0,0.0
led zeppelin jam,immigrant song,0.4,0.0,0.0,0.0,0.0,0.0,0.4,0.0
the strokes,reptilia,0.4,0.2,0.0,0.0,0.6,0.0,0.4,0.0
muse,invincible,0.0,0.0,0.6,0.0,0.8,0.2,0.2,0.0
sigur rós,hoppípolla,0.0,0.0,0.8,0.2,0.0,0.0,0.6,0.0
evanescence,my immortal,0.0,1.0,0.0,0.0,0.6,0.0,0.4,0.0
hot chip,ready for the floor,0.0,0.0,0.8,0.2,0.6,0.0,0.2,0.0
editors,munich,0.2,0.6,0.0,0.0,0.4,0.0,0.2,0.0
black rebel motorcycle club,spread your love,0.0,0.0,0.2,0.0,0.8,0.0,0.4,0.2
mika,grace kelly,0.4,0.0,0.6,0.8,0.0,0.4,0.4,0.0
gary jules,mad world,0.0,1.0,0.0,0.0,0.0,0.4,0.4,0.0
muse,take a bow,1.0,0.0,0.0,0.0,0.0,1.0,0.4,0.0
radiohead,subterranean homesick alien,0.2,0.4,0.0,0.0,0.0,0.6,0.6,0.0
bloc party,positive tension,0.6,0.2,0.0,0.0,0.0,0.6,0.4,0.4
death cab for cutie,a lack of color,0.0,0.8,0.0,0.0,0.8,0.0,0.4,0.0
placebo,every you every me,0.4,0.6,0.0,0.0,0.8,0.0,0.6,0.4
pink floyd,the great gig in the sky,0.0,0.8,0.0,0.0,0.0,0.0,1.0,0.0
the postal service,this place is a prison,0.6,0.8,0.0,0.0,0.0,0.6,0.4,0.2
arcade fire,haiti,0.2,0.6,0.0,0.0,0.0,0.8,0.4,0.0
pink floyd,time,0.2,0.8,0.0,0.0,0.0,0.2,0.4,0.0
radiohead,idioteque,0.0,0.2,0.0,0.0,0.0,0.8,0.8,0.0
sufjan stevens,casimir pulaski day,0.2,1.0,0.2,0.0,0.6,0.2,0.2,0.0
röyksopp,eple,0.0,0.0,0.0,0.0,0.0,0.0,0.0,0.0
the smiths,bigmouth strikes again,0.6,0.2,0.0,0.6,0.0,0.2,0.4,0.2
arctic monkeys,still take you home,0.4,0.0,0.2,0.4,0.2,0.2,0.2,0.4
the killers,bones,0.0,0.0,0.4,0.2,0.8,0.0,0.4,0.2
black rebel motorcycle club,love burns,0.4,0.4,0.0,0.0,0.8,0.0,0.4,0.0
muse,plug in baby,0.6,0.4,0.0,0.0,0.2,0.0,0.6,0.0
radiohead,my iron lung,0.6,0.4,0.0,0.2,0.0,0.6,0.4,0.2
arcade fire,ocean of noise,0.2,0.6,0.0,0.0,0.4,0.2,0.6,0.0
radiohead,just,0.6,0.2,0.0,0.0,0.0,0.0,0.4,0.0
pink floyd,us and them,0.2,0.8,0.0,0.0,0.0,0.8,0.6,0.0
damien rice,9 crimes,0.0,1.0,0.0,0.0,0.6,0.0,0.4,0.0
coldplay,god put a smile upon your face,0.0,0.4,0.2,0.0,0.2,0.0,0.6,0.0
daft punk,aerodynamic,0.0,0.0,0.0,0.0,0.0,0.0,0.0,0.0
a perfect circle,3 libras,0.4,1.0,0.0,0.0,0.6,0.0,0.6,0.0
the smiths,how soon is now?,0.2,1.0,0.0,0.0,0.6,0.0,0.4,0.0
arcade fire,black wave/bad vibrations,0.4,0.6,0.0,0.0,0.0,0.4,0.6,0.0
radiohead,the bends,0.4,0.6,0.0,0.0,0.0,0.2,0.4,0.0
the kooks,ooh la,0.0,0.4,0.4,0.0,0.6,0.0,0.4,0.0
david bowie,ziggy stardust,0.2,0.2,0.2,0.2,0.0,0.4,0.4,0.0
interpol,untitled,0.0,0.4,0.0,0.0,0.2,0.0,0.2,0.0
lily allen,ldn,0.2,0.2,0.4,0.6,0.0,0.6,0.4,0.2
arctic monkeys,brianstorm,0.4,0.0,0.0,0.2,0.0,0.0,0.2,0.0
black rebel motorcycle club,ain't no easy way,0.2,0.4,0.0,0.0,0.2,0.0,0.2,0.0
pixies,debaser,0.0,0.0,0.4,0.4,0.2,0.2,0.8,0.4
gorillaz,dare,0.0,0.0,0.6,0.2,0.2,0.0,0.6,0.0
the knife,pass this on,0.0,0.2,0.4,0.0,1.0,0.0,0.0,0.2
broken social scene,cause = time,0.2,0.2,0.2,0.0,0.2,0.2,0.6,0.0
radiohead,climbing up the walls,0.4,0.4,0.0,0.0,0.0,0.0,0.8,0.2
the knife,silent shout,0.2,0.4,0.0,0.0,0.0,0.0,0.8,0.0
arctic monkeys,a certain romance,0.4,0.4,0.0,0.4,0.2,0.6,0.2,0.0
interpol,nyc,0.2,0.8,0.0,0.0,0.0,0.2,0.4,0.0
muse,apocalypse please,0.4,0.4,0.0,0.0,0.0,0.6,0.4,0.0
coldplay,warning sign,0.0,0.8,0.0,0.0,0.8,0.0,0.4,0.0
muse,bliss,0.0,0.0,0.8,0.0,0.4,0.0,0.6,0.0
coldplay,green eyes,0.0,0.2,0.6,0.0,1.0,0.0,0.2,0.0
feist,my moon my man,0.2,0.2,0.4,0.0,0.6,0.0,0.4,0.0
maxïmo park,apply some pressure,0.4,0.4,0.2,0.0,0.2,0.0,0.4,0.0
arctic monkeys,riot van,0.2,0.2,0.0,0.6,0.0,0.6,0.2,0.2
radiohead,electioneering,0.6,0.0,0.0,0.2,0.0,0.8,0.4,0.0
air,run,0.0,0.6,0.0,0.0,0.2,0.0,0.8,0.0
arcade fire,the well and the lighthouse,0.2,0.4,0.0,0.0,0.0,0.4,0.6,0.0
portishead,mysterons,0.4,0.6,0.0,0.0,0.2,0.0,0.8,0.0
muse,feeling good,0.0,0.0,1.0,0.0,0.0,0.0,0.4,0.0
klaxons,it's not over yet,0.0,0.4,0.2,0.0,0.8,0.0,0.2,0.0
pearl jam,black,0.2,1.0,0.0,0.0,1.0,0.0,0.6,0.0
coldplay,a rush of blood to the head,0.6,0.4,0.0,0.0,0.2,0.0,0.6,0.0
broken social scene,anthems for a seventeen year-old girl,0.2,0.8,0.0,0.0,0.4,0.0,0.4,0.0
sigur rós,gong,0.0,0.0,0.0,0.0,0.0,0.0,1.0,0.0
the postal service,natural anthem,0.0,0.0,0.4,0.0,0.0,0.4,0.4,0.0
30 seconds to mars,the kill,0.8,0.6,0.0,0.0,0.4,0.0,0.4,0.0
arctic monkeys,when the sun goes down,0.4,0.4,0.0,0.2,0.0,0.6,0.2,0.4
muse,falling away with you,0.0,0.8,0.0,0.0,0.8,0.0,0.4,0.0
john lennon,imagine,0.0,0.0,0.4,0.0,0.0,0.8,0.2,0.0
nirvana,heart-shaped box,0.4,0.6,0.0,0.0,0.4,0.0,0.8,0.4
the smiths,hand in glove,0.4,0.2,0.6,0.2,1.0,0.4,0.2,0.0
franz ferdinand,jacqueline,0.2,0.0,0.6,0.4,0.0,0.4,0.2,0.0
arctic monkeys,teddy picker,0.4,0.0,0.0,0.2,0.0,0.6,0.4,0.0
bloc party,she's hearing voices,0.2,0.4,0.0,0.0,0.0,0.2,0.4,0.0
air,talisman,0.0,0.0,0.0,0.0,0.0,0.0,0.0,0.0
iron & wine,such great heights,0.0,0.4,0.6,0.0,1.0,0.0,0.6,0.0
muse,exo-politics,0.4,0.0,0.0,0.0,0.0,0.8,0.4,0.0
franz ferdinand,the dark of the matinée,0.2,0.0,0.4,0.4,0.2,0.4,0.4,0.0
the beatles,come together,0.0,0.0,0.2,0.2,0.0,0.2,0.8,0.0
death cab for cutie,the sound of settling,0.2,0.4,0.2,0.2,0.4,0.0,0.4,0.0
damien rice,volcano,0.2,0.8,0.0,0.0,0.8,0.0,0.4,0.0
moby,porcelain,0.0,1.0,0.0,0.0,0.8,0.0,0.4,0.0
the ting tings,that's not my name,0.4,0.2,0.2,0.2,0.0,0.0,0.2,0.0
the strokes,someday,0.2,0.4,0.2,0.2,0.6,0.0,0.2,0.0
interpol,not even jail,0.4,0.6,0.0,0.0,0.4,0.0,0.6,0.0
interpol,take you on a cruise,0.0,0.4,0.2,0.0,0.6,0.0,0.6,0.0
justice,d.a.n.c.e.,0.0,0.0,1.0,0.2,0.0,0.2,0.2,0.0
regina spektor,on the radio,0.0,0.4,0.6,0.4,0.4,0.0,0.6,0.0
sia,breathe me,0.0,1.0,0.0,0.0,0.2,0.0,0.4,0.0
amy winehouse,love is a losing game,0.0,1.0,0.0,0.0,1.0,0.0,0.4,0.0
klaxons,totem on the timeline,0.0,0.0,0.2,0.0,0.0,0.0,0.8,0.0
goldfrapp,ooh la la,0.0,0.0,0.2,0.0,0.8,0.0,0.4,0.2
sigur rós,glósóli,0.0,0.2,0.2,0.0,0.0,0.0,0.8,0.0
interpol,say hello to the angels,0.4,0.2,0.0,0.0,0.6,0.0,0.6,0.0
echo & the bunnymen,the killing moon,0.0,0.6,0.0,0.0,0.8,0.0,0.8,0.0
air,alone in kyoto,0.0,0.0,0.0,0.0,0.0,0.0,0.0,0.0
pink floyd,brain damage,0.0,0.6,0.0,0.2,0.0,0.4,0.6,0.0
portishead,glory box,0.2,0.8,0.0,0.0,1.0,0.2,0.4,0.2
the cure,a forest,0.0,0.6,0.0,0.0,0.2,0.0,0.8,0.0
pixies,monkey gone to heaven,0.4,0.2,0.0,0.0,0.0,0.8,0.8,0.0
the shins,kissing the lipless,0.6,0.6,0.0,0.0,0.8,0.0,0.6,0.0
cat power,the greatest,0.0,1.0,0.0,0.0,0.0,0.0,0.6,0.0
bright eyes,first day of my life,0.0,0.2,0.6,0.0,1.0,0.0,0.2,0.0
gorillaz,feel good inc.,0.4,0.4,0.2,0.4,0.0,0.8,0.6,0.2
feist,i feel it all,0.0,0.4,0.4,0.0,0.6,0.0,0.6,0.0
pixies,here comes your man,0.0,0.0,0.2,0.2,0.2,0.0,0.6,0.0
afi,miss murder,0.4,0.6,0.0,0.0,0.0,0.4,0.6,0.2
the strokes,you only live once,0.2,0.2,0.4,0.2,0.0,0.2,0.2,0.0
no doubt,don't speak,0.0,1.0,0.0,0.0,0.8,0.0,0.2,0.0
the beatles,while my guitar gently weeps,0.0,0.8,0.0,0.0,0.2,0.2,0.4,0.0
the smiths,what difference does it make?,0.4,0.6,0.0,0.2,0.6,0.0,0.4,0.0
franz ferdinand,michael,0.0,0.0,0.6,0.4,0.2,0.0,0.2,0.4
interpol,no i in threesome,0.4,0.4,0.0,0.2,0.6,0.0,0.4,0.4
black sabbath,paranoid,0.4,1.0,0.0,0.0,0.2,0.0,0.2,0.0
beirut,postcards from italy,0.0,0.4,0.4,0.0,0.8,0.0,0.4,0.0
the cranberries,zombie,0.6,0.8,0.0,0.0,0.0,1.0,0.4,0.0
kaiser chiefs,ruby,0.2,0.0,0.8,0.2,1.0,0.0,0.2,0.0
coldplay,politik,0.2,0.0,0.0,0.0,0.2,0.6,0.4,0.0
interpol,obstacle 2,0.4,0.8,0.0,0.0,0.6,0.0,0.6,0.0
band of horses,the funeral,0.0,1.0,0.0,0.0,0.2,0.0,0.6,0.0
interpol,next exit,0.0,0.2,0.4,0.0,0.6,0.0,0.4,0.0
death cab for cutie,tiny vessels,0.4,0.8,0.0,0.0,1.0,0.0,0.4,0.2
mgmt,weekend wars,0.2,0.2,0.2,0.4,0.2,0.4,0.8,0.0
massive attack,inertia creeps,0.4,0.2,0.0,0.0,0.6,0.0,0.6,0.0
the smashing pumpkins,zero,0.6,0.8,0.0,0.0,0.2,0.2,0.6,0.2
placebo,infra-red,1.0,0.0,0.0,0.0,0.2,0.0,0.4,0.0
klaxons,magick,0.0,0.0,0.2,0.0,0.0,0.0,0.8,0.0
death cab for cutie,passenger seat,0.0,0.2,0.4,0.0,1.0,0.0,0.2,0.0
the killers,midnight show,0.4,0.2,0.0,0.0,0.4,0.0,0.4,0.0
the shins,pink bullets,0.0,0.8,0.2,0.0,0.8,0.0,0.6,0.0
muse,blackout,0.0,0.8,0.0,0.0,0.6,0.0,0.2,0.0
the doors,people are strange,0.0,0.8,0.0,0.0,0.0,0.0,0.4,0.0
portishead,wandering star,0.0,1.0,0.0,0.0,0.2,0.0,0.4,0.0
oasis,live forever,0.0,0.2,0.8,0.0,0.2,0.0,0.2,0.0
panic at the disco,lying is the most fun a girl can have without taking her clothes off,0.6,0.4,0.0,0.2,0.4,0.0,0.2,0.6
black rebel motorcycle club,shuffle your feet,0.0,0.4,0.0,0.0,0.0,0.0,0.4,0.0
air,ce matin-là,0.0,0.0,0.0,0.0,0.0,0.0,0.0,0.0
damien rice,delicate,0.2,0.8,0.0,0.0,0.8,0.0,0.4,0.0
the cure,friday i'm in love,0.0,0.2,1.0,0.2,1.0,0.0,0.2,0.0
amy winehouse,wake up alone,0.0,1.0,0.0,0.0,0.8,0.0,0.4,0.0
antony and the johnsons,hope there's someone,0.0,1.0,0.0,0.0,0.4,0.0,0.4,0.0
muse,soldier's poem,0.2,0.8,0.0,0.0,0.0,0.8,0.2,0.0
elliott smith,angeles,0.4,0.8,0.0,0.0,0.0,0.4,0.4,0.0
a-ha,take on me,0.0,0.2,0.8,0.0,1.0,0.0,0.4,0.0
air,you make it easy,0.0,0.0,0.4,0.0,1.0,0.0,0.2,0.0
air,playground love,0.0,0.0,0.2,0.0,1.0,0.0,0.4,0.0
the beatles,here comes the sun,0.0,0.2,1.0,0.0,0.2,0.0,0.2,0.0
björk,all is full of love,0.0,0.2,0.4,0.0,1.0,0.0,0.4,0.0
fleet foxes,white winter hymnal,0.0,0.2,0.0,0.0,0.0,0.0,0.8,0.0
röyksopp,so easy,0.0,0.8,0.0,0.0,0.6,0.0,0.2,0.0
yeah yeah yeahs,way out,0.4,0.2,0.0,0.0,0.2,0.0,0.6,0.0
the jesus and mary chain,just like honey,0.0,0.4,0.0,0.0,0.8,0.0,0.6,0.0
arcade fire,my body is a cage,0.0,1.0,0.0,0.0,0.4,0.0,0.6,0.0
daft punk,digital love,0.0,0.2,0.8,0.0,1.0,0.0,0.2,0.0
franz ferdinand,auf achse,0.4,0.8,0.0,0.0,0.6,0.0,0.2,0.0
sigur rós,starálfur,0.0,0.2,0.4,0.0,0.0,0.0,0.8,0.0
pixies,hey,0.4,0.2,0.0,0.0,0.6,0.0,0.8,0.4
daft punk,something about us,0.0,0.4,0.0,0.0,1.0,0.0,0.0,0.0
tool,jambi,0.2,0.2,0.2,0.0,0.8,0.0,0.6,0.2
black rebel motorcycle club,berlin,0.2,0.2,0.0,0.0,0.4,0.2,0.4,0.0
radiohead,black star,0.2,0.8,0.0,0.0,0.8,0.0,0.4,0.0
pulp,common people,0.6,0.2,0.0,0.4,0.0,0.8,0.2,0.2
kasabian,club foot,0.6,0.0,0.0,0.0,0.2,0.0,0.6,0.0
jack johnson,better together,0.0,0.2,0.6,0.0,1.0,0.0,0.2,0.0
the smashing pumpkins,disarm,0.4,1.0,0.0,0.0,0.2,0.0,0.6,0.2
röyksopp,remind me,0.0,0.2,0.0,0.0,0.0,0.0,0.2,0.0
metric,combat baby,0.4,0.2,0.0,0.2,0.6,0.0,0.4,0.0
jeff buckley,last goodbye,0.0,1.0,0.0,0.0,1.0,0.0,0.4,0.0
snow patrol,you're all i have,0.0,0.4,0.2,0.0,1.0,0.0,0.4,0.0
the killers,believe me natalie,0.0,0.6,0.2,0.0,0.2,0.0,0.4,0.0
oasis,don't look back in anger,0.2,0.4,0.4,0.0,0.2,0.2,0.4,0.0
interpol,pioneer to the falls,0.2,0.8,0.0,0.0,0.4,0.0,0.8,0.0
air,remember,0.0,0.2,0.2,0.0,0.2,0.0,0.6,0.0
lady gaga,just dance,0.0,0.0,0.8,0.2,0.2,0.0,0.2,0.2
stars,your ex-lover is dead,0.0,0.8,0.0,0.0,0.8,0.0,0.4,0.0
ladytron,seventeen,0.2,0.2,0.0,0.0,0.0,0.6,0.0,0.0
nirvana,about a girl,0.2,0.4,0.0,0.0,0.8,0.0,0.2,0.0
the beatles,lucy in the sky with diamonds,0.0,0.0,0.6,0.0,0.0,0.0,1.0,0.0
radiohead,planet telex,0.4,0.4,0.0,0.0,0.0,0.4,0.6,0.0
kaiser chiefs,modern way,0.2,0.4,0.2,0.2,0.2,0.4,0.4,0.0
nine inch nails,hurt,0.2,1.0,0.0,0.0,0.0,0.0,0.4,0.4
porcupine tree,blackest eyes,0.4,0.0,0.0,0.0,0.0,0.2,0.4,0.2
ac/dc,back in black,0.2,0.0,0.8,0.2,0.0,0.0,0.2,0.2
queen,don't stop me now,0.0,0.0,1.0,0.2,0.2,0.0,0.4,0.0
queen,another one bites the dust,0.4,0.2,0.0,0.0,0.2,0.2,0.2,0.0
yeah yeah yeahs,date with the night,0.4,0.0,0.0,0.0,0.0,0.0,0.4,0.2
death cab for cutie,lightness,0.0,0.6,0.0,0.0,0.4,0.0,0.6,0.0
muse,city of delusion,0.6,0.2,0.0,0.0,0.0,0.8,0.6,0.0
the rolling stones,paint it black,0.2,1.0,0.0,0.0,0.4,0.0,0.4,0.0
boards of canada,dayvan cowboy,0.0,0.0,0.0,0.0,0.0,0.0,0.0,0.0
muse,assassin,1.0,0.0,0.0,0.0,0.0,1.0,0.4,0.0
arctic monkeys,red light indicates doors are secured,0.4,0.2,0.0,0.6,0.0,0.2,0.0,0.2
franz ferdinand,the fallen,0.4,0.0,0.2,0.4,0.0,0.6,0.4,0.0
portishead,strangers,0.2,0.8,0.0,0.0,0.4,0.0,0.6,0.0
interpol,stella was a diver and she was always down,0.2,0.8,0.0,0.0,0.4,0.0,0.6,0.0
amy winehouse,just friends,0.4,0.6,0.0,0.0,0.8,0.0,0.2,0.0
elliott smith,needle in the hay,0.2,1.0,0.0,0.0,0.2,0.0,0.4,0.2
mgmt,the youth,0.0,0.0,0.6,0.0,0.2,0.4,0.4,0.0
the cure,pictures of you,0.0,1.0,0.0,0.0,0.8,0.0,0.4,0.0
yeah yeah yeahs,y control,0.4,0.2,0.0,0.0,0.4,0.4,0.4,0.0
interpol,public pervert,0.4,0.4,0.0,0.0,0.2,0.0,0.6,0.4
franz ferdinand,this fire,0.2,0.0,0.4,0.0,0.2,0.4,0.4,0.0
snow patrol,chocolate,0.0,0.4,0.2,0.0,0.8,0.0,0.4,0.0
the kooks,sofa song,0.2,0.2,0.6,0.4,0.8,0.0,0.2,0.0
muse,new born,0.4,0.4,0.0,0.0,0.0,0.4,0.6,0.0
kaiser chiefs,oh my god,0.0,0.4,0.4,0.2,0.0,0.0,0.2,0.0
coldplay,shiver,0.0,0.8,0.0,0.0,1.0,0.0,0.2,0.0
the shins,sleeping lessons,0.4,0.0,0.4,0.0,0.0,0.0,0.8,0.0
foo fighters,everlong,0.0,0.2,0.6,0.0,1.0,0.0,0.4,0.0
ratatat,wildcat,0.0,0.0,0.0,0.0,0.0,0.0,0.0,0.0
placebo,the bitter end,0.4,0.6,0.0,0.0,0.8,0.0,0.4,0.0
keane,everybody's changing,0.0,0.8,0.0,0.0,0.0,0.0,0.4,0.0
arcade fire,windowsill,0.6,0.4,0.0,0.0,0.0,1.0,0.2,0.0
evanescence,bring me to life,0.2,0.8,0.0,0.0,0.4,0.0,0.6,0.0
vampire weekend,a-punk,0.0,0.0,0.4,0.4,0.2,0.0,0.6,0.0
modest mouse,the world at large,0.0,0.4,0.0,0.0,0.0,0.0,0.6,0.0
sigur rós,mílanó,0.0,0.4,0.2,0.0,0.0,0.0,1.0,0.0
death cab for cutie,the new year,0.2,0.6,0.0,0.0,0.4,0.2,0.4,0.0
tool,parabola,0.0,0.0,0.6,0.0,0.2,0.0,0.6,0.0
arctic monkeys,from the ritz to the rubble,0.4,0.0,0.0,0.4,0.0,0.2,0.2,0.0
röyksopp,what else is there,0.0,0.4,0.0,0.0,0.2,0.0,0.8,0.0
feist,one evening,0.0,0.4,0.2,0.0,0.8,0.0,0.4,0.0
jeff buckley,grace,0.0,0.6,0.2,0.0,0.8,0.0,0.6,0.0
vampire weekend,oxford comma,0.2,0.0,0.2,0.8,0.0,0.4,0.2,0.4
the smiths,the boy with the thorn in his side,0.4,0.6,0.0,0.0,0.4,0.2,0.6,0.0
interpol,roland,0.2,0.0,0.0,0.4,0.0,0.0,0.4,0.4
tv on the radio,wolf like me,0.2,0.0,0.2,0.0,0.6,0.0,0.8,0.6
pixies,wave of mutilation,0.0,0.6,0.0,0.0,0.0,0.0,0.8,0.0
placebo,post blue,0.4,0.6,0.0,0.0,0.2,0.2,0.6,0.2
the who,baba o'riley,0.2,0.4,0.2,0.0,0.0,0.6,0.4,0.0
bloc party,hunting for witches,0.6,0.0,0.0,0.0,0.0,0.8,0.4,0.0
metallica,enter sandman,0.2,0.0,0.0,0.0,0.0,0.0,0.6,0.0
pink floyd,on the run,0.0,0.0,0.0,0.0,0.0,0.0,1.0,0.0
david bowie,life on mars?,0.2,0.4,0.0,0.2,0.0,0.4,0.8,0.0
radiohead,pyramid song,0.0,0.6,0.0,0.0,0.0,0.0,1.0,0.0
placebo,pure morning,0.0,0.2,0.0,0.2,0.2,0.0,0.4,0.4
radiohead,i might be wrong,0.2,0.4,0.0,0.0,0.0,0.0,0.4,0.0
broken social scene,lover's spit,0.0,0.6,0.0,0.0,0.6,0.0,0.4,0.4
beirut,nantes,0.0,0.8,0.0,0.0,0.8,0.0,0.4,0.0
led zeppelin jam,black dog,0.0,0.0,0.2,0.0,0.6,0.0,0.2,0.4
broken social scene,stars and sons,0.0,0.0,0.2,0.0,0.0,0.0,0.8,0.0
kaiser chiefs,na na na na naa,0.2,0.0,0.6,0.6,0.0,0.0,0.2,0.0
coldplay,square one,0.0,0.4,0.2,0.0,0.2,0.0,0.6,0.0
yeah yeah yeahs,cheated hearts,0.4,0.4,0.2,0.0,0.8,0.0,0.4,0.0
nirvana,rape me,0.8,0.0,0.0,0.0,0.0,0.6,0.4,1.0
broken social scene,7/4 (shoreline),0.0,0.4,0.2,0.0,0.2,0.0,0.6,0.0
madonna,jump,0.2,0.0,0.4,0.0,0.0,0.0,0.2,0.0
coldplay,the hardest part,0.0,0.8,0.0,0.0,0.8,0.0,0.2,0.0
interpol,the heinrich maneuver,0.4,0.6,0.0,0.0,0.6,0.0,0.4,0.0
radiohead,how to disappear completely,0.0,1.0,0.0,0.0,0.0,0.0,0.8,0.0
placebo,because i want you,0.2,0.8,0.0,0.0,0.8,0.0,0.4,0.0
the strokes,heart in a cage,0.6,0.4,0.0,0.0,0.2,0.0,0.4,0.2
josé gonzález,crosses,0.0,0.6,0.2,0.0,0.4,0.0,0.6,0.0
rage against the machine,killing in the name,1.0,0.0,0.0,0.0,0.0,1.0,0.0,1.0
panic at the disco,i write sins not tragedies,0.4,0.2,0.0,0.6,0.2,0.0,0.2,0.4
portishead,it could be sweet,0.0,0.4,0.4,0.0,1.0,0.0,0.2,0.0
black rebel motorcycle club,howl,0.4,0.4,0.0,0.0,0.2,0.0,0.6,0.0
muse,the small print,0.8,0.0,0.0,0.0,0.0,0.6,0.4,0.0
the decemberists,we both go down together,0.2,0.8,0.0,0.0,0.8,0.0,0.4,0.0
röyksopp,only this moment,0.0,0.4,0.2,0.0,1.0,0.0,0.4,0.0
lez zeppelin,whole lotta love,0.0,0.0,0.2,0.0,0.8,0.0,0.2,0.6
björk,jóga,0.0,0.2,0.2,0.0,0.8,0.0,0.8,0.0
new order,blue monday,0.4,0.6,0.0,0.0,0.6,0.0,0.4,0.0
interpol,leif erikson,0.2,0.6,0.0,0.0,0.8,0.0,0.6,0.0
portishead,numb,0.2,0.8,0.0,0.0,0.4,0.0,0.6,0.0
interpol,hands away,0.0,0.4,0.0,0.0,0.6,0.0,0.8,0.2
joy division,new dawn fades,0.2,0.8,0.0,0.0,0.4,0.0,0.4,0.0
the white stripes,fell in love with a girl,0.0,0.2,0.4,0.2,1.0,0.0,0.2,0.0
the fratellis,chelsea dagger,0.0,0.0,0.8,0.4,0.4,0.0,0.2,0.0
the killers,sam's town,0.2,0.4,0.4,0.0,0.0,0.4,0.4,0.0
david bowie,suffragette city,0.2,0.0,0.8,0.4,0.6,0.0,0.4,0.4
franz ferdinand,darts of pleasure,0.0,0.0,0.4,0.4,0.6,0.0,0.4,0.0
soundgarden,black hole sun,0.2,0.8,0.0,0.0,0.0,0.2,0.8,0.0
queens of the stone age,go with the flow,0.4,0.4,0.0,0.0,0.8,0.0,0.4,0.2
porcupine tree,trains,0.0,0.6,0.2,0.0,0.4,0.0,0.4,0.0
feist,inside and out,0.0,0.2,0.4,0.0,1.0,0.0,0.2,0.0
the dandy warhols,bohemian like you,0.0,0.0,0.8,0.6,0.8,0.2,0.2,0.2
nick drake,pink moon,0.0,0.4,0.0,0.0,0.0,0.0,0.6,0.0
black rebel motorcycle club,weapon of choice,0.6,0.0,0.0,0.0,0.0,0.6,0.4,0.0
motörhead,ace of spades,0.4,0.0,0.2,0.2,0.0,0.0,0.4,0.0
interpol,rest my chemistry,0.2,0.8,0.0,0.0,0.4,0.0,0.4,0.2
sigur rós,olsen olsen,0.0,0.0,0.8,0.0,0.0,0.0,1.0,0.0
kings of leon,on call,,,,,,,,
muse,endlessly,0.0,0.4,0.0,0.0,1.0,0.0,0.2,0.0
air,venus,0.0,0.0,0.4,0.0,0.8,0.0,0.6,0.0
sigur rós,intro,0.0,0.0,0.0,0.0,0.0,0.0,1.0,0.0
the kooks,seaside,0.0,0.2,0.6,0.0,1.0,0.0,0.2,0.0
interpol,the new,0.0,0.6,0.0,0.0,0.6,0.0,0.6,0.0
joy division,isolation,0.2,1.0,0.0,0.0,0.0,0.2,0.4,0.0
the velvet underground,sunday morning,0.0,0.4,0.2,0.0,0.0,0.0,0.4,0.0
björk,army of me,0.6,0.0,0.0,0.0,0.0,0.0,0.2,0.0
radiohead,knives out,0.4,0.6,0.0,0.0,0.2,0.2,0.6,0.0
jimi hendrix,all along the watchtower,0.4,0.2,0.0,0.0,0.0,0.4,0.6,0.0
radiohead,the national anthem,0.2,0.0,0.0,0.0,0.0,0.4,0.6,0.0
sigur rós,heysátan,0.0,0.4,0.0,0.0,0.0,0.0,0.6,0.0
coldplay,lost!,0.0,0.4,0.4,0.0,0.0,0.0,0.4,0.0
franz ferdinand,walk away,0.4,0.6,0.0,0.0,0.8,0.0,0.4,0.0
weezer,say it ain't so,0.4,0.8,0.0,0.0,0.2,0.0,0.4,0.0
johnny cash,i walk the line,0.0,0.0,0.4,0.0,1.0,0.0,0.2,0.0
joy division,atmosphere,0.0,1.0,0.0,0.0,0.2,0.0,0.6,0.0
damien rice,cold water,0.0,1.0,0.0,0.0,0.4,0.0,0.6,0.0
coldplay,daylight,0.0,0.2,0.6,0.0,0.6,0.0,0.6,0.0
interpol,length of love,0.2,0.6,0.0,0.0,0.6,0.0,0.6,0.0
cansei de ser sexy,alala,0.0,0.0,0.8,0.4,0.2,0.0,0.4,0.0
regina spektor,better,0.0,0.4,0.2,0.0,0.8,0.0,0.2,0.0
nine inch nails,wish,1.0,0.4,0.0,0.0,0.0,0.0,0.4,0.8
bloc party,the prayer,0.4,0.0,0.2,0.0,0.0,0.2,0.4,0.0
imogen heap,goodnight and go,0.0,0.2,0.4,0.0,1.0,0.0,0.2,0.0
franz ferdinand,ulysses,0.0,0.2,0.4,0.0,0.0,0.0,0.4,0.4
muse,muscle museum,0.4,0.8,0.0,0.0,0.6,0.0,0.2,0.0
kings of leon,the bucket,0.2,0.0,0.4,0.0,0.2,0.0,0.4,0.0
arctic monkeys,perhaps vampires is a bit strong but...,0.6,0.0,0.0,0.2,0.0,0.6,0.4,0.0
the strokes,12:51,0.0,0.2,0.4,0.0,0.6,0.0,0.2,0.0
the beatles,sgt. pepper's lonely hearts club band,0.0,0.0,0.8,0.4,0.0,0.0,0.2,0.0
david bowie,heroes,0.0,0.4,0.6,0.0,1.0,0.4,0.4,0.0
the stone roses,i wanna be adored,0.0,0.0,0.0,0.0,0.2,0.2,0.4,0.0
the knife,marble house,0.0,0.6,0.0,0.0,0.6,0.2,0.4,0.0
massive attack,risingson,0.6,0.2,0.0,0.0,0.0,0.0,0.6,0.0
beirut,a sunday smile,0.0,0.6,0.2,0.0,0.6,0.0,0.6,0.0
röyksopp,sparks,0.0,0.4,0.2,0.0,0.2,0.0,0.6,0.0
the velvet underground,i'm waiting for the man,0.2,0.4,0.0,0.2,0.0,0.2,0.0,0.4
massive attack,unfinished sympathy,0.0,0.8,0.0,0.0,1.0,0.0,0.4,0.0
the ting tings,great dj,0.0,0.0,0.8,0.0,0.0,0.0,0.4,0.0
mogwai,hunted by a freak,0.0,0.2,0.0,0.0,0.0,0.0,1.0,0.0
snow patrol,open your eyes,0.0,0.4,0.4,0.0,1.0,0.0,0.2,0.0
the national,slow show,0.0,0.6,0.2,0.2,0.8,0.0,0.4,0.2
amy winehouse,some unholy war,0.2,0.4,0.0,0.0,1.0,0.0,0.4,0.0
david bowie,rebel rebel,0.2,0.0,0.6,0.4,0.4,0.6,0.2,0.0
weezer,buddy holly,0.2,0.0,0.8,0.6,0.6,0.0,0.2,0.0
bloc party,so here we are,0.0,0.6,0.0,0.0,0.6,0.0,0.6,0.0
black rebel motorcycle club,weight of the world,0.0,0.8,0.0,0.0,0.2,0.0,0.4,0.0
the shins,saint simon,0.0,0.4,0.2,0.0,0.2,0.2,0.6,0.0
placebo,space monkey,0.4,0.4,0.0,0.0,0.0,0.2,0.6,0.2
placebo,follow the cops back home,0.4,0.6,0.0,0.0,0.2,0.6,0.4,0.0
daft punk,crescendolls,0.0,0.0,0.0,0.0,0.0,0.0,1.0,0.0
the knife,neverland,0.2,0.4,0.0,0.0,0.0,0.0,0.8,0.0
the strokes,is this it,0.2,0.4,0.0,0.0,0.4,0.0,0.2,0.0
arctic monkeys,balaclava,0.2,0.2,0.0,0.4,0.4,0.0,0.4,0.2
modest mouse,ocean breathes salty,0.4,0.8,0.0,0.0,0.2,0.0,0.6,0.0
tool,rosetta stoned,0.4,0.0,0.0,0.4,0.0,0.0,0.8,1.0
the shins,turn on me,0.4,0.4,0.0,0.0,0.8,0.0,0.4,0.0
radiohead,bones,0.2,0.6,0.0,0.0,0.0,0.0,0.4,0.0
joy division,shadowplay,0.2,0.8,0.0,0.0,0.2,0.0,0.8,0.0
nirvana,in bloom,0.4,0.2,0.0,0.4,0.0,0.4,0.6,0.4
clap your hands say yeah,over and over again (lost and found),0.0,0.4,0.2,0.2,0.6,0.0,0.6,0.0
yeah yeah yeahs,dudley,0.2,0.4,0.2,0.0,0.2,0.0,0.6,0.0
feist,gatekeeper,0.0,0.4,0.2,0.0,0.4,0.0,0.6,0.0
the libertines,can't stand me now,0.6,0.6,0.0,0.0,0.4,0.0,0.4,0.0
mgmt,the handshake,0.4,0.4,0.0,0.0,0.0,0.4,0.6,0.0
daft punk,technologic,0.0,0.0,0.0,0.0,0.0,0.4,0.0,0.0
pink floyd,hey you,0.2,1.0,0.0,0.0,0.2,0.4,0.4,0.0
amy winehouse,he can only hold her,0.0,0.8,0.0,0.0,0.6,0.0,0.2,0.0
the smiths,heaven knows i'm miserable now,0.2,1.0,0.0,0.4,0.4,0.2,0.2,0.0
pink floyd,any colour you like,0.0,0.0,0.0,0.0,0.0,0.0,0.0,0.0
the shins,so says i,0.2,0.2,0.2,0.2,0.0,0.8,0.6,0.0
plain white t's,hey there delilah,0.0,0.4,0.4,0.0,1.0,0.0,0.2,0.0
the strokes,barely legal,0.4,0.2,0.0,0.2,0.6,0.0,0.2,0.4
the killers,mr brightside,0.4,0.6,0.0,0.0,0.8,0.0,0.4,0.0
röyksopp,poor leno,0.0,0.4,0.0,0.0,0.2,0.0,0.2,0.0
the beatles,i want to hold your hand,0.0,0.0,1.0,0.0,1.0,0.0,0.0,0.0
sigur rós,gobbledigook,0.0,0.0,0.8,0.0,0.0,0.0,1.0,0.0
placebo,special k,0.0,0.2,0.4,0.0,0.6,0.0,0.6,0.4
radiohead,there there,0.0,0.4,0.0,0.0,0.2,0.0,0.6,0.0
muse,thoughts of a dying atheist,0.0,0.4,0.0,0.0,0.0,0.2,0.4,0.0
editors,blood,0.4,0.4,0.0,0.0,0.0,0.2,0.6,0.0
mgmt,4th dimensional transition,0.0,0.0,0.2,0.0,0.0,0.0,0.8,0.0
pixies,gigantic,0.0,0.0,0.4,0.0,0.8,0.0,0.2,0.2
joy division,insight,0.2,0.8,0.0,0.0,0.0,0.0,0.6,0.0
justice,genesis,0.0,0.0,0.0,0.0,0.0,0.0,0.0,0.0
a perfect circle,the noose,0.6,0.2,0.0,0.0,0.0,0.0,0.6,0.0
justin timberlake,sexyback,0.0,0.0,0.0,0.0,0.2,0.0,0.2,0.6
pearl jam,alive,0.4,0.6,0.0,0.0,0.0,0.0,0.4,0.0
portishead,nylon smile,0.0,1.0,0.0,0.0,0.4,0.0,0.6,0.0
patrick wolf,the magic position,0.0,0.0,1.0,0.2,1.0,0.0,0.4,0.0
björk,pagan poetry,0.0,0.0,0.2,0.0,1.0,0.0,0.8,0.2
the kooks,eddie's gun,0.0,0.2,0.4,0.4,0.4,0.0,0.2,0.2
ac/dc,you shook me all night long,0.0,0.0,0.8,0.2,0.4,0.0,0.2,0.4
black rebel motorcycle club,red eyes and tears,0.4,0.8,0.0,0.0,0.8,0.0,0.4,0.0
yeah yeah yeahs,phenomena,0.4,0.0,0.0,0.2,0.2,0.0,0.6,0.0
klaxons,isle of her,0.0,0.2,0.2,0.0,0.6,0.0,0.8,0.0
klaxons,two receivers,0.0,0.0,0.2,0.0,0.0,0.0,0.8,0.0
metric,monster hospital,0.6,0.4,0.0,0.0,0.0,0.8,0.6,0.0
rhianna,don't stop the music,0.0,0.0,1.0,0.0,0.4,0.0,0.2,0.0
joy division,dead souls,0.2,0.8,0.0,0.0,0.0,0.0,0.6,0.0
cut copy,lights and music,0.0,0.2,0.6,0.0,0.4,0.0,0.4,0.0
arctic monkeys,d is for dangerous,0.4,0.0,0.0,0.2,0.4,0.0,0.2,0.2
the smiths,still ill,0.4,0.6,0.0,0.4,0.2,0.4,0.4,0.0
lez zeppelin,rock and roll,0.0,0.2,0.6,0.0,0.2,0.0,0.2,0.0
new young pony club,ice cream,0.0,0.0,0.6,0.4,0.4,0.0,0.4,0.2
the national,brainy,0.4,0.6,0.0,0.0,0.6,0.0,0.6,0.0
death cab for cutie,expo '86,0.0,0.4,0.2,0.0,0.6,0.0,0.4,0.0
the white stripes,my doorbell,0.2,0.4,0.2,0.2,0.6,0.0,0.2,0.0
the national,mistaken for strangers,0.2,0.6,0.0,0.2,0.0,0.0,0.6,0.0
pantera,cowboys from hell,0.8,0.0,0.0,0.0,0.0,0.0,0.4,0.0
air,le voyage de pénélope,0.0,0.0,0.0,0.0,0.0,0.0,0.0,0.0
muse,sunburn,0.2,0.4,0.0,0.0,0.6,0.0,0.4,0.0
radiohead,fitter happier,0.2,0.4,0.0,0.2,0.0,0.8,0.4,0.0
death from above 1979,romantic rights,0.4,0.0,0.0,0.0,0.8,0.0,0.2,0.2
nirvana,dumb,0.0,0.6,0.2,0.2,0.2,0.0,0.6,0.0
the smiths,i know it's over,0.2,1.0,0.0,0.2,0.6,0.0,0.4,0.2
my chemical romance,helena,0.4,1.0,0.0,0.0,0.2,0.0,0.6,0.0
the beach boys,wouldn't it be nice,0.0,0.2,0.8,0.0,1.0,0.0,0.2,0.0
metric,poster of a girl,0.2,0.0,0.0,0.0,0.0,0.4,0.4,0.2
u2,i still haven't found what i'm looking for,0.0,0.4,0.2,0.0,0.2,0.0,0.6,0.0
animal collective,grass,0.0,0.0,0.8,0.4,0.4,0.0,0.6,0.0
evanescence,call me when you're sober,0.6,0.4,0.0,0.0,0.2,0.0,0.2,0.0
arcade fire,(antichrist television blues),0.6,0.4,0.0,0.0,0.0,0.8,0.2,0.0
the velvet underground,heroin,0.0,0.8,0.0,0.0,0.0,0.0,0.4,0.8
air,mike mills,0.0,0.0,0.0,0.0,0.0,0.0,0.0,0.0
massive attack,dissolved girl,0.2,1.0,0.0,0.0,0.4,0.0,0.4,0.0
the killers,for reasons unknown,0.4,0.6,0.0,0.0,0.6,0.0,0.4,0.0
the kooks,you don't love me,0.4,0.8,0.0,0.0,0.8,0.0,0.2,0.0
the shins,young pilgrims,0.0,0.6,0.4,0.0,0.0,0.0,0.6,0.0
imogen heap,headlock,0.2,0.4,0.0,0.0,0.8,0.0,0.4,0.0
muse,interlude,0.0,0.0,0.0,0.0,0.0,0.0,0.0,0.0
death cab for cutie,we looked like giants,,,,,,,,
feist,so sorry,0.0,0.8,0.0,0.0,0.6,0.0,0.2,0.0
the smashing pumpkins,today,0.2,0.8,0.2,0.0,0.2,0.0,0.4,0.0
dido,here with me,0.0,0.4,0.0,0.0,1.0,0.0,0.2,0.0
muse,hoodoo,0.2,0.8,0.0,0.0,0.2,0.0,0.6,0.0
the shins,spilt needles,0.4,0.6,0.0,0.0,0.4,0.0,0.6,0.0
the national,fake empire,0.0,0.6,0.2,0.0,0.2,0.4,0.6,0.0
black rebel motorcycle club,rifles,0.4,0.4,0.0,0.0,0.2,0.2,0.6,0.0
kings of leon,king of the rodeo,0.0,0.0,0.2,0.0,0.4,0.0,0.6,0.2
nirvana,polly,0.2,0.6,0.0,0.0,0.0,0.4,0.4,0.6
nine inch nails,discipline,0.0,0.0,0.0,0.0,0.2,0.0,0.4,0.0
interpol,mammoth,0.4,0.2,0.0,0.0,0.4,0.0,0.6,0.0
afi,love like winter,0.0,0.4,0.0,0.0,0.8,0.0,0.6,0.0
editors,all sparks,0.2,0.8,0.0,0.0,0.6,0.0,0.4,0.0
pixies,tame,0.8,0.0,0.0,0.2,0.2,0.0,0.6,0.2
joy division,day of the lords,0.4,1.0,0.0,0.0,0.0,0.2,0.4,0.0
the cardigans,lovefool,0.0,0.8,0.0,0.0,1.0,0.0,0.2,0.0
lou reed,perfect day,0.0,0.4,0.6,0.0,0.8,0.0,0.2,0.0
thom yorke,black swan,0.6,0.2,0.0,0.0,0.0,0.4,0.6,0.6
u2,sunday bloody sunday,0.6,0.8,0.0,0.0,0.0,1.0,0.2,0.0
gnarls barkley,gone daddy gone,0.2,0.8,0.0,0.0,1.0,0.0,0.2,0.0
björk,human behaviour,0.0,0.0,0.2,0.2,0.0,0.0,0.6,0.0
britney spears,toy soldier,0.0,0.0,0.2,0.2,0.6,0.0,0.4,0.2
the strokes,hard to explain,0.2,0.4,0.0,0.2,0.2,0.2,0.4,0.0
franz ferdinand,cheating on you,0.2,0.4,0.0,0.2,0.6,0.0,0.2,0.0
björk,bachelorette,0.0,0.4,0.0,0.0,1.0,0.0,0.8,0.0
oasis,champagne supernova,0.0,0.4,0.0,0.0,0.2,0.0,0.8,0.2
crystal castles,untrust us,0.0,0.0,0.0,0.0,0.0,0.2,0.8,0.2
sigur rós,hoppipolla,0.0,0.0,1.0,0.0,0.0,0.0,0.4,0.0
tool,lost keys (blame hofmann),0.0,0.0,0.0,0.2,0.0,0.0,0.4,0.0
placebo,drag,0.4,0.8,0.0,0.0,0.4,0.0,0.4,0.0
neutral milk hotel,two-headed boy,0.0,0.8,0.2,0.0,0.6,0.0,0.8,0.2
gorillaz,dirty harry,0.4,0.4,0.0,0.0,0.0,0.8,0.2,0.0
the dresden dolls,coin-operated boy,0.2,0.4,0.4,0.8,0.8,0.0,0.4,0.2
coldplay,white shadows,0.0,0.2,0.2,0.0,0.0,0.2,0.6,0.0
cansei de ser sexy,let's make love and listen to death from above,0.0,0.0,0.6,0.4,0.6,0.0,0.2,0.2
mgmt,pieces of what,0.0,0.8,0.0,0.0,0.2,0.0,0.4,0.0
snow patrol,shut your eyes,0.0,0.4,0.4,0.0,0.8,0.0,0.4,0.0
the knife,the captain,0.0,0.4,0.0,0.0,0.0,0.0,0.8,0.0
kings of convenience,i'd rather dance with you,0.0,0.0,0.6,0.2,0.8,0.0,0.0,0.0
my bloody valentine,only shallow,0.0,0.0,0.0,0.0,0.4,0.0,1.0,0.0
coldplay,cemeteries of london,0.0,0.8,0.0,0.0,0.0,0.4,0.6,0.0
arctic monkeys,you probably couldn't see for the lights but you were staring straight at me,0.2,0.0,0.2,0.4,0.6,0.0,0.2,0.0
the dandy warhols,we used to be friends,0.2,0.2,0.0,0.2,0.0,0.0,0.2,0.0
nirvana,the man who sold the world,0.0,0.8,0.0,0.0,0.0,0.0,0.8,0.0
belle and sebastian,another sunny day,0.0,0.6,0.4,0.4,0.8,0.0,0.2,0.0
nouvelle vague,in a manner of speaking,0.0,0.6,0.0,0.0,1.0,0.0,0.4,0.0
the cure,love song,0.0,0.0,0.4,0.0,1.0,0.0,0.2,0.0
yeah yeah yeahs,honeybear,0.4,0.2,0.2,0.0,0.6,0.0,0.4,0.0
yeah yeah yeahs,rich,0.2,0.0,0.2,0.0,0.2,0.0,0.6,0.0
tool,right in two,0.4,0.4,0.0,0.0,0.0,0.6,0.6,0.0
the kooks,see the world,0.0,0.0,0.6,0.0,0.2,0.0,0.2,0.0
interpol,pace is the trick,0.2,0.6,0.0,0.0,0.4,0.0,0.6,0.0
pulp,disco 2000,0.0,0.4,0.2,0.4,0.8,0.0,0.2,0.0
air,alpha beta gaga,0.0,0.0,0.0,0.0,0.0,0.0,0.0,0.0
david bowie,the man who sold the world,0.0,0.4,0.0,0.0,0.0,0.0,0.8,0.0
tool,lipan conjuring,0.0,0.0,0.0,0.0,0.0,0.0,1.0,0.0
coldplay,what if,0.0,0.8,0.0,0.0,0.8,0.0,0.4,0.0
cansei de ser sexy,music is my hot hot sex,0.0,0.0,1.0,0.4,0.8,0.0,0.6,0.4
jack johnson,banana pancakes,0.0,0.0,1.0,0.2,0.8,0.0,0.2,0.0
feist,secret heart,0.0,0.4,0.2,0.0,1.0,0.0,0.4,0.0
thievery corporation,lebanese blonde,0.0,0.2,0.0,0.0,0.0,0.0,0.6,0.0
pearl jam,jeremy,0.4,1.0,0.0,0.0,0.0,0.6,0.4,0.2
franz ferdinand,tell her tonight,0.0,0.0,0.4,0.2,0.6,0.0,0.2,0.0
franz ferdinand,come on home,0.2,0.8,0.0,0.0,0.8,0.0,0.4,0.0
interpol,a time to be so small,0.0,0.8,0.0,0.0,0.2,0.0,0.8,0.0
franz ferdinand,eleanor put your boots on,0.0,0.4,0.4,0.2,0.8,0.0,0.2,0.0
nine inch nails,survivalism,0.8,0.0,0.0,0.0,0.0,0.8,0.4,0.0
the beatles,because,0.0,0.2,0.2,0.0,0.6,0.0,0.6,0.0
yann tiersen,la noyée,0.0,0.0,0.0,0.0,0.0,0.0,0.0,0.0
nine inch nails,1 ghosts i,0.0,0.0,0.0,0.0,0.0,0.0,0.0,0.0
pink floyd,eclipse,0.0,0.2,0.2,0.0,0.0,0.0,0.4,0.0
mew,special,0.0,0.4,0.2,0.0,0.6,0.0,0.4,0.0
the shins,sea legs,0.2,0.4,0.2,0.2,0.6,0.0,0.6,0.0
the white stripes,the denial twist,0.4,0.2,0.0,0.2,0.6,0.0,0.4,0.0
the smiths,cemetry gates,0.2,0.4,0.4,0.6,0.0,0.0,0.2,0.0
yeah yeah yeahs,pin,0.4,0.0,0.0,0.2,0.2,0.0,0.6,0.0
david bowie,ashes to ashes,0.2,0.8,0.0,0.0,0.2,0.0,0.6,0.0
the smiths,panic,0.8,0.0,0.0,0.2,0.0,1.0,0.2,0.0
spoon,i turn my camera on,0.4,0.4,0.0,0.0,0.6,0.0,0.4,0.0
the rolling stones,sympathy for the devil,0.4,0.0,0.0,0.2,0.0,0.8,0.4,0.0
james blunt,you're beautiful,0.0,1.0,0.0,0.0,0.8,0.0,0.2,0.0
sigur rós,takk...,0.0,0.0,0.0,0.0,0.0,0.0,0.0,0.0
anton maiden,run to the hills,0.6,0.4,0.0,0.0,0.0,0.8,0.2,0.6
tool,sober,0.4,0.8,0.0,0.0,0.0,0.0,0.6,0.2
weezer,island in the sun,0.0,0.0,1.0,0.0,0.4,0.0,0.2,0.0
the beatles,get back,0.0,0.0,0.4,0.4,0.0,0.2,0.2,0.0
crystal castles,alice practice,1.0,0.2,0.0,0.0,0.0,0.0,0.6,0.2
placebo,blind,0.2,0.8,0.0,0.0,0.6,0.0,0.4,0.0
radiohead,optimistic,0.2,0.2,0.2,0.0,0.0,0.6,0.6,0.0
metric,dead disco,0.4,0.0,0.0,0.0,0.0,0.6,0.4,0.0
nelly furtado,all good things (come to an end),0.0,1.0,0.0,0.0,0.8,0.0,0.6,0.0
kasabian,processed beats,0.2,0.0,0.2,0.0,0.0,0.2,0.4,0.0
portishead,the rip,0.4,0.8,0.0,0.0,0.4,0.0,0.6,0.0
daft punk,high life,0.0,0.0,0.2,0.0,0.0,0.0,0.0,0.0
sufjan stevens,to be alone with you,0.0,0.4,0.2,0.0,0.8,0.0,0.4,0.0
black rebel motorcycle club,all you do is talk,0.4,0.2,0.0,0.0,0.2,0.2,0.2,0.0
cut copy,hearts on fire,0.0,0.2,0.8,0.0,1.0,0.0,0.4,0.0
justice,dvno,0.0,0.0,0.2,0.0,0.0,0.2,0.4,0.0
stereophonics,dakota,0.0,0.4,0.6,0.0,1.0,0.0,0.2,0.0
depeche mode,just can't get enough,0.0,0.0,1.0,0.0,1.0,0.0,0.2,0.0
modest mouse,bukowski,0.6,0.4,0.0,0.2,0.0,0.2,0.4,0.2
my bloody valentine,sometimes,0.0,0.4,0.2,0.0,0.8,0.0,0.4,0.0
mogwai,auto rock,0.0,0.0,0.0,0.0,0.0,0.0,0.0,0.0
nirvana,drain you,0.2,0.0,0.0,0.4,0.6,0.0,0.8,0.4
the shins,red rabbits,0.0,0.4,0.2,0.0,0.4,0.0,0.8,0.0
mgmt,future reflections,0.0,0.2,0.2,0.0,0.0,0.4,0.8,0.0
led zeppelin,dazed and confused,0.6,0.4,0.0,0.0,0.6,0.0,0.4,0.0
modest mouse,bury me with it,0.6,0.2,0.0,0.4,0.0,0.4,0.4,0.2
muse,citizen erased,0.6,0.4,0.0,0.0,0.0,0.6,0.8,0.0
tv on the radio,staring at the sun,0.2,0.4,0.0,0.0,0.2,0.4,0.8,0.0
wolf parade,you are a runner and i am my father's son,0.4,0.4,0.0,0.0,0.0,0.0,0.6,0.0
bloc party,pioneers,0.4,0.2,0.0,0.0,0.0,0.6,0.4,0.0
kaiser chiefs,born to be a dancer,0.0,0.4,0.2,0.4,0.0,0.0,0.2,0.0
broken social scene,swimmers,0.0,0.4,0.4,0.0,0.4,0.0,0.6,0.0
sigur rós,sé lest,0.0,0.0,0.0,0.0,0.0,0.0,1.0,0.0
franz ferdinand,this boy,0.4,0.4,0.2,0.2,0.8,0.0,0.2,0.0
snow patrol,how to be dead,0.4,0.8,0.0,0.0,0.6,0.0,0.2,0.0
snow patrol,hands open,0.2,0.4,0.0,0.0,0.8,0.0,0.2,0.0
jimi hendrix,purple haze,0.0,0.2,0.0,0.0,0.2,0.0,0.8,0.0
norah jones,don't know why,0.0,0.8,0.0,0.0,1.0,0.0,0.4,0.0
britney spears,hot as ice,0.0,0.0,0.6,0.2,0.4,0.0,0.2,0.2
massive attack,butterfly caught,0.2,0.4,0.0,0.0,0.2,0.0,0.8,0.0
múm,green grass of tunnel,0.0,0.4,0.2,0.0,0.0,0.0,0.8,0.0
evanescence,going under,0.6,0.8,0.0,0.0,0.2,0.0,0.4,0.0
the killers,bling (confession of a king),0.0,0.2,0.4,0.0,0.0,0.0,0.6,0.0
bon iver,skinny love,0.2,1.0,0.0,0.0,0.8,0.0,0.6,0.0
depeche mode,suffer well,0.4,0.8,0.0,0.0,0.6,0.0,0.4,0.0
crystal castles,courtship dating,0.2,0.2,0.0,0.0,0.4,0.0,0.6,0.0
lez zeppelin,communication breakdown,0.6,0.2,0.0,0.0,0.6,0.0,0.2,0.2
maxïmo park,graffiti,0.2,0.2,0.2,0.2,0.8,0.0,0.4,0.0
mika,love today,0.0,0.0,1.0,0.4,1.0,0.0,0.2,0.2
the shins,pam berry,0.0,0.2,0.2,0.0,0.0,0.0,0.8,0.0
wolfmother,woman,0.0,0.0,0.4,0.0,0.8,0.0,0.2,0.0
crystal castles,magic spells,0.0,0.0,0.0,0.0,0.0,0.0,1.0,0.0
arctic monkeys,do me a favour,0.6,0.6,0.0,0.0,0.8,0.0,0.4,0.0
linkin park,what i've done,0.4,0.8,0.0,0.0,0.0,0.2,0.4,0.0
the knife,like a pen,0.0,0.2,0.0,0.0,0.2,0.0,0.8,0.0
ac/dc,highway to hell,0.4,0.0,0.6,0.2,0.0,0.0,0.4,0.0
spoon,the way we get by,0.0,0.2,0.4,0.2,0.0,0.2,0.2,0.2
the decemberists,the crane wife 3,0.0,0.6,0.2,0.0,0.8,0.0,0.4,0.0
lily allen,everything's just wonderful,0.4,0.4,0.2,0.6,0.2,0.6,0.2,0.2
editors,bullets,0.4,0.2,0.0,0.0,0.0,0.0,0.6,0.0
the go! team,ladyflash,0.0,0.0,1.0,0.2,0.0,0.0,0.6,0.0
gorillaz,last living souls,0.0,0.4,0.0,0.0,0.0,0.4,0.6,0.0
my bloody valentine,when you sleep,0.0,0.2,0.2,0.0,0.8,0.0,0.8,0.0
the strokes,soma,0.4,0.6,0.0,0.0,0.6,0.2,0.4,0.0
daft punk,da funk,0.0,0.0,0.0,0.0,0.0,0.0,0.0,0.0
the verve,sonnet,0.0,0.4,0.2,0.0,0.8,0.0,0.4,0.0
the decemberists,the engine driver,0.0,0.8,0.0,0.0,0.8,0.0,0.6,0.0
björk,hunter,0.2,0.0,0.0,0.2,0.0,0.0,0.6,0.0
clap your hands say yeah,the skin of my yellow country teeth,0.2,0.4,0.2,0.0,0.2,0.0,0.6,0.0
iggy pop,lust for life,0.0,0.0,0.8,0.2,0.0,0.0,0.4,0.4
the smashing pumpkins,cherub rock,0.4,0.0,0.0,0.0,0.0,0.6,0.4,0.0
afi,prelude 12/21,0.0,0.8,0.0,0.0,0.2,0.0,0.6,0.0
metric,the police and the private,0.4,0.4,0.0,0.0,0.0,0.6,0.6,0.0
the verve,the drugs don't work,0.0,1.0,0.0,0.0,0.4,0.0,0.4,0.0
the beatles,back in the u.s.s.r.,0.0,0.0,0.8,0.8,0.4,0.2,0.2,0.0
placebo,special needs,0.4,0.8,0.0,0.0,0.6,0.0,0.4,0.0
the velvet underground,femme fatale,0.0,0.4,0.0,0.0,0.6,0.0,0.2,0.0
kasabian,reason is treason,0.6,0.0,0.0,0.0,0.0,0.6,0.6,0.0
the doors,riders on the storm,0.0,0.4,0.0,0.0,0.4,0.0,0.8,0.0
the go! team,huddle formation,0.0,0.0,1.0,0.2,0.0,0.2,0.2,0.0
coldplay,a message,0.0,0.2,0.6,0.0,1.0,0.0,0.4,0.0
black rebel motorcycle club,fault line,0.0,0.6,0.0,0.0,0.6,0.0,0.4,0.0
daft punk,voyager,0.0,0.0,0.0,0.0,0.0,0.0,0.0,0.0
portishead,machine gun,0.4,0.8,0.0,0.0,0.2,0.2,0.6,0.0
klaxons,forgotten works,0.0,0.0,0.0,0.0,0.0,0.2,0.8,0.0
the smiths,girlfriend in a coma,0.2,0.8,0.0,0.4,0.6,0.0,0.2,0.2
we are scientists,the great escape,0.2,0.4,0.2,0.2,0.6,0.0,0.4,0.0
nick cave & the bad seeds,where the wild roses grow,0.0,0.8,0.0,0.0,0.6,0.0,0.4,0.2
pixies,bone machine,0.4,0.0,0.0,0.2,0.2,0.0,0.8,0.4
nick drake,one of these things first,0.0,0.4,0.0,0.0,0.2,0.0,0.6,0.0
mogwai,glasgow mega-snake,0.0,0.0,0.0,0.0,0.0,0.0,0.0,0.0
the coral,dreaming of you,0.2,0.6,0.0,0.0,1.0,0.0,0.2,0.0
regina spektor,us,0.2,0.4,0.2,0.4,0.4,0.4,0.6,0.0
damien rice,amie,0.0,0.8,0.0,0.0,0.8,0.0,0.4,0.0
asobi seksu,thursday,0.0,0.4,0.2,0.0,0.8,0.0,0.6,0.0
travis,sing,0.0,0.2,0.8,0.0,0.4,0.0,0.2,0.0
the killers,everything will be alright,0.0,0.4,0.4,0.0,0.8,0.0,0.2,0.0
moby,natural blues,0.0,1.0,0.2,0.0,0.0,0.0,0.2,0.0
placebo,this picture,0.4,0.6,0.0,0.0,0.6,0.0,0.4,0.2
panic at the disco,the only difference between martyrdom and suicide is press coverage,0.4,0.0,0.0,0.4,0.0,0.4,0.4,0.0
gnarls barkley,smiley faces,0.0,0.0,0.8,0.2,0.2,0.0,0.4,0.0
weezer,hash pipe,0.4,0.0,0.0,0.4,0.0,0.2,0.2,0.4
mogwai,friend of the night,0.0,0.0,0.0,0.0,0.0,0.0,0.0,0.0
the shins,mine's not a high horse,0.4,0.2,0.0,0.2,0.2,0.2,0.6,0.0
massive attack,mezzanine,0.2,0.4,0.0,0.0,0.0,0.0,0.6,0.0
nine inch nails,capital g,0.6,0.0,0.0,0.2,0.0,1.0,0.4,0.4
shiny toy guns,le disko,0.4,0.0,0.2,0.0,0.2,0.0,0.6,0.2
metallica,fade to black,0.0,1.0,0.0,0.0,0.0,0.0,0.2,0.0
portishead,all mine,0.2,0.4,0.2,0.0,1.0,0.0,0.2,0.0
the stone roses,she bangs the drums,0.0,0.0,0.8,0.2,0.6,0.0,0.4,0.2
björk,venus as a boy,0.0,0.0,0.6,0.0,1.0,0.0,0.6,0.2
ramones,blitzkrieg bop,0.2,0.0,0.8,0.2,0.0,0.2,0.2,0.0
tool,parabol,0.0,0.0,0.4,0.0,0.6,0.0,0.6,0.0
metric,succexy,0.4,0.0,0.0,0.2,0.0,0.8,0.6,0.0
the knife,na na na,0.2,0.4,0.0,0.0,0.0,0.0,0.8,0.0
ac/dc,thunderstruck,0.0,0.0,0.6,0.2,0.0,0.0,0.2,0.2
belle and sebastian,funny little frog,0.0,0.4,0.6,0.2,1.0,0.0,0.2,0.0
jimi hendrix,hey joe,0.6,0.0,0.0,0.0,0.2,0.0,0.0,0.6
zero 7,destiny,0.0,0.4,0.2,0.0,1.0,0.0,0.4,0.2
cat power,metal heart,0.2,0.8,0.0,0.0,0.0,0.2,0.6,0.0
the verve,bittersweet symphony,0.2,0.8,0.2,0.0,0.0,0.4,0.4,0.0
in flames,only for the weak,0.6,0.4,0.0,0.0,0.0,0.0,0.4,0.0
daft punk,nightvision,0.0,0.0,0.0,0.0,0.0,0.0,0.0,0.0
röyksopp,beautiful day without you,0.2,0.2,0.6,0.0,0.4,0.0,0.2,0.0
kasabian,empire,0.4,0.0,0.0,0.0,0.0,0.8,0.4,0.0
panic at the disco,but it's better if you do,0.4,0.2,0.0,0.4,0.4,0.0,0.4,0.4
broken social scene,kc accidental,0.0,0.0,0.0,0.0,0.0,0.0,0.0,0.0
kings of leon,closer,0.2,0.2,0.0,0.0,0.4,0.0,0.6,0.0
sufjan stevens,jacksonville,0.0,0.2,0.2,0.0,0.0,0.4,0.4,0.0
tegan and sara,walking with a ghost,0.2,0.4,0.0,0.0,0.4,0.0,0.6,0.0
incubus,anna molly,0.0,0.2,0.0,0.0,0.8,0.0,0.6,0.0
the national,squalor victoria,0.4,0.4,0.0,0.0,0.0,0.4,0.6,0.0
patrick wolf,wind in the wires,0.0,0.8,0.0,0.0,0.0,0.0,0.6,0.0
the beatles,a hard day's night,0.0,0.0,0.8,0.2,1.0,0.0,0.2,0.0
nine inch nails,sin,0.6,0.2,0.0,0.0,0.0,0.0,0.4,0.4
britney spears,get naked (i got a plan),0.0,0.0,0.0,0.0,0.2,0.0,0.2,0.8
nine inch nails,head like a hole,1.0,0.0,0.0,0.0,0.0,0.6,0.4,0.0
the knife,from off to on,0.0,0.4,0.0,0.0,0.2,0.0,0.8,0.0
placebo,you don't care about us,0.6,0.4,0.0,0.0,0.0,0.0,0.4,0.0
the velvet underground,venus in furs,0.0,0.2,0.0,0.0,0.2,0.0,0.4,0.8
lily allen,knock 'em out,0.4,0.0,0.2,1.0,0.0,0.2,0.0,0.2
silversun pickups,well thought out twinkles,0.4,0.2,0.0,0.0,0.2,0.2,0.6,0.0
massive attack,man next door,0.4,0.6,0.0,0.0,0.0,0.0,0.2,0.0
the shins,girl sailor,0.2,0.6,0.2,0.0,0.4,0.0,0.6,0.0
tool,the grudge,1.0,0.2,0.0,0.0,0.0,0.0,0.6,0.0
yeah yeah yeahs,tick,0.6,0.0,0.0,0.2,0.0,0.0,0.4,0.2
tool,h.,0.4,0.6,0.0,0.0,0.2,0.0,0.6,0.0
yeah yeah yeahs,fancy,0.4,0.0,0.0,0.2,0.0,0.4,0.4,0.0
placebo,pierrot the clown,0.0,1.0,0.0,0.0,0.2,0.0,0.6,0.0
keane,this is the last time,0.2,0.8,0.0,0.0,0.6,0.0,0.2,0.0
portishead,it's a fire,0.0,0.6,0.0,0.0,0.0,0.0,0.6,0.0
led zeppelin,babe i'm gonna leave you,0.0,0.8,0.0,0.0,0.6,0.0,0.2,0.0
portishead,pedestal,0.2,0.8,0.0,0.0,0.6,0.0,0.6,0.0
the killers,change your mind,0.0,0.4,0.2,0.0,1.0,0.0,0.2,0.0
crystal castles,air war,0.2,0.0,0.0,0.0,0.0,0.0,1.0,0.0
coldplay,life in technicolor,0.0,0.0,0.0,0.0,0.0,0.0,0.0,0.0
coldplay,42,0.0,0.6,0.0,0.0,0.0,0.0,0.6,0.0
lcd soundsystem,daft punk is playing at my house,0.0,0.0,0.6,0.6,0.0,0.4,0.2,0.0
ok go,here it goes again,0.2,0.2,0.2,0.2,0.8,0.0,0.2,0.0
goldfrapp,strict machine,0.0,0.0,0.4,0.0,0.4,0.0,0.4,0.4
the raconteurs,steady as she goes,0.0,0.0,0.0,0.0,0.6,0.0,0.2,0.0
radiohead,kid a,0.0,0.4,0.0,0.0,0.0,0.0,1.0,0.0
radiohead,the tourist,0.2,0.4,0.0,0.0,0.0,0.2,0.4,0.0
jack johnson,good people,0.2,0.2,0.0,0.2,0.0,0.6,0.2,0.0
bright eyes,lover i don't have to love,0.2,1.0,0.0,0.0,0.2,0.0,0.4,0.4
snow patrol,make this go on forever,0.0,1.0,0.0,0.0,0.8,0.0,0.2,0.0
portishead,biscuit,0.2,0.8,0.0,0.0,0.4,0.0,0.6,0.0
regina spektor,hotel song,0.0,0.4,0.2,0.2,0.0,0.0,0.4,0.2
metallica,for whom the bell tolls,0.4,0.6,0.0,0.0,0.0,0.6,0.4,0.0
depeche mode,it's no good,0.2,0.4,0.0,0.0,0.8,0.0,0.2,0.0
feist,the limit to your love,0.2,0.8,0.0,0.0,0.8,0.0,0.4,0.0
the decemberists,here i dreamt i was an architect,0.0,0.8,0.0,0.0,0.6,0.2,0.6,0.0
coldplay,sparks,0.0,0.6,0.2,0.0,1.0,0.0,0.4,0.0
feist,let it die,0.2,0.8,0.0,0.0,0.8,0.0,0.2,0.0
britney spears,freakshow,0.0,0.0,0.2,0.0,0.2,0.0,0.2,0.4
stars,ageless beauty,0.0,0.4,0.2,0.0,0.6,0.2,0.4,0.0
massive attack,black milk,0.0,0.4,0.0,0.0,0.2,0.0,0.8,0.0
rilo kiley,portions for foxes,0.2,0.4,0.0,0.0,0.8,0.0,0.4,0.4
keane,bedshaped,0.2,1.0,0.0,0.0,0.4,0.0,0.6,0.0
the beatles,glass onion,0.0,0.0,0.2,0.6,0.0,0.0,0.8,0.0
silversun pickups,lazy eye,0.2,0.4,0.0,0.0,0.4,0.0,0.6,0.0
p!nk,who knew,0.2,1.0,0.0,0.0,0.6,0.0,0.2,0.0
bloc party,song for clay (disappear here),0.6,0.4,0.0,0.0,0.0,0.6,0.4,0.2
broken social scene,looks just like the sun,0.0,0.2,0.4,0.0,0.0,0.0,0.8,0.0
radiohead,morning bell,0.2,0.8,0.0,0.0,0.2,0.0,0.8,0.0
coldplay,a whisper,0.2,0.4,0.0,0.0,0.2,0.0,0.6,0.0
sigur rós,með blóðnasir,0.0,0.0,0.0,0.0,0.0,0.0,1.0,0.0
kings of leon,four kicks,0.8,0.0,0.0,0.0,0.2,0.0,0.2,0.2
kings of leon,charmer,0.4,0.2,0.0,0.0,0.6,0.0,0.2,0.0
sex pistols,god save the queen,,,,,,,,
daft punk,face to face,0.2,0.4,0.2,0.0,0.6,0.0,0.4,0.0
wilco,i am trying to break your heart,0.2,0.8,0.0,0.2,0.8,0.0,0.8,0.0
the beatles,can't buy me love,0.0,0.0,0.8,0.0,1.0,0.0,0.0,0.0
the white stripes,the hardest button to button,0.4,0.2,0.0,0.2,0.0,0.0,0.4,0.0
a perfect circle,blue,0.2,0.8,0.0,0.0,0.0,0.0,0.6,0.0
rihanna,umbrella (feat. jay-z),0.0,0.2,0.6,0.0,0.8,0.0,0.4,0.0
daft punk,robot rock,0.0,0.0,0.0,0.0,0.0,0.0,0.0,0.0
elliott smith,speed trials,0.2,0.8,0.0,0.0,0.0,0.0,0.6,0.0
oasis,morning glory,0.4,0.0,0.2,0.0,0.0,0.2,0.4,0.2
the shins,black wave,0.0,0.4,0.0,0.0,0.0,0.2,0.8,0.0
interpol,all fired up,0.4,0.4,0.2,0.0,0.6,0.0,0.6,0.0
oasis,some might say,0.2,0.2,0.4,0.2,0.0,0.4,0.6,0.0
architecture in helsinki,do the whirlwind,0.0,0.0,0.8,0.2,0.2,0.0,0.8,0.0
joy division,candidate,0.4,0.8,0.0,0.0,0.2,0.4,0.6,0.0
madonna,get together,0.0,0.0,0.6,0.0,0.8,0.0,0.2,0.0
air,universal traveler,0.0,0.0,0.4,0.0,0.0,0.0,0.6,0.0
antony and the johnsons,my lady story,0.2,1.0,0.0,0.0,0.2,0.4,0.4,0.0
black rebel motorcycle club,promise,0.0,0.6,0.0,0.0,0.6,0.0,0.4,0.0
interpol,wrecking ball,0.4,0.8,0.0,0.0,0.8,0.0,0.4,0.0
thom yorke,the eraser,0.2,0.4,0.0,0.0,0.0,0.2,0.6,0.0
the knife,forest families,0.2,0.4,0.0,0.0,0.0,0.4,0.6,0.0
sigur rós,inní mér syngur vitleysingur,0.0,0.0,1.0,0.0,0.0,0.0,0.6,0.0
the shins,fighting in a sack,0.4,0.2,0.2,0.2,0.4,0.0,0.6,0.0
wolf parade,grounds for divorce,0.6,0.4,0.0,0.0,0.6,0.0,0.6,0.0
bloc party,i still remember,0.0,0.6,0.2,0.0,0.8,0.0,0.2,0.0
boards of canada,roygbiv,0.0,0.0,0.0,0.0,0.0,0.0,0.0,0.0
belle and sebastian,the blues are still blue,0.0,0.6,0.2,0.4,0.2,0.0,0.4,0.0
pink floyd,the happiest days of our lives,0.6,0.2,0.0,0.0,0.0,0.6,0.2,0.0
télépopmusik,breathe,0.0,0.2,0.2,0.0,0.4,0.0,0.6,0.0
a perfect circle,judith,1.0,0.2,0.0,0.0,0.0,0.6,0.4,0.6
death cab for cutie,stable song,0.0,0.8,0.0,0.0,0.4,0.0,0.4,0.0
the cure,lovesong,0.0,0.2,0.4,0.0,1.0,0.0,0.2,0.0
tool,stinkfist,0.4,0.2,0.0,0.0,0.2,0.6,0.6,0.8
the knife,we share our mothers' health,0.2,0.4,0.0,0.0,0.0,0.4,0.6,0.0
sigur rós,andvari,0.0,0.0,0.0,0.0,0.0,0.0,1.0,0.0
the shins,girl inform me,0.0,0.2,0.4,0.2,0.6,0.0,0.6,0.0
the beatles,michelle,0.0,0.2,0.4,0.0,1.0,0.0,0.2,0.0
blonde redhead,23,0.0,0.6,0.0,0.0,0.4,0.0,0.8,0.0
snow patrol,spitting games,0.0,0.4,0.2,0.0,0.8,0.0,0.2,0.0
metric,too little too late,0.4,0.2,0.0,0.0,0.2,0.4,0.4,0.0
band of horses,the great salt lake,0.0,0.4,0.2,0.0,0.0,0.0,0.6,0.0
vampire weekend,cape cod kwassa kwassa,0.0,0.0,0.6,0.4,0.6,0.2,0.2,0.0
cat power,he war,0.4,0.2,0.0,0.0,0.2,0.0,0.4,0.0
antony and the johnsons,for today i am a boy,0.0,1.0,0.0,0.0,0.0,0.4,0.4,0.0
iron & wine,naked as we came,0.0,0.8,0.0,0.0,0.8,0.0,0.4,0.0
mylo,in my arms,0.0,0.0,0.6,0.0,1.0,0.0,0.2,0.0
cat power,i don't blame you,0.0,1.0,0.0,0.0,0.0,0.4,0.2,0.0
daft punk,superheroes,0.0,0.0,0.0,0.0,0.0,0.0,0.4,0.0
elliott smith,say yes,0.0,0.4,0.4,0.0,1.0,0.0,0.2,0.2
madonna,forbidden love,0.0,0.4,0.2,0.0,1.0,0.0,0.2,0.2
elliott smith,alameda,0.2,0.8,0.0,0.0,0.2,0.0,0.4,0.0
maxïmo park,postcard of a painting,0.2,0.4,0.0,0.0,0.6,0.0,0.4,0.0
coldplay,amsterdam,0.0,1.0,0.0,0.0,0.4,0.0,0.4,0.0
lamb,gabriel,0.0,0.0,0.6,0.0,1.0,0.0,0.4,0.0
iggy pop,the passenger,0.0,0.0,0.4,0.0,0.0,0.2,0.4,0.0
muse,micro cuts,0.6,0.2,0.0,0.0,0.0,0.4,0.8,0.0
nirvana,all apologies,0.2,0.8,0.0,0.0,0.2,0.2,0.6,0.0
the beatles,i'm only sleeping,0.0,0.0,0.2,0.0,0.0,0.2,0.4,0.0
franz ferdinand,well that was easy,0.2,0.4,0.0,0.2,0.6,0.0,0.2,0.0
simian mobile disco,i believe,0.0,0.0,0.6,0.0,0.8,0.0,0.2,0.0
the beatles,happiness is a warm gun,0.0,0.2,0.2,0.2,0.4,0.2,0.8,0.4
the smiths,ask,0.0,0.0,0.8,0.4,0.8,0.2,0.2,0.0
röyksopp,triumphant,0.0,0.0,0.0,0.0,0.0,0.0,0.0,0.0
depeche mode,walking in my shoes,0.4,0.6,0.0,0.0,0.0,0.2,0.4,0.0
blur,parklife,0.0,0.0,0.8,1.0,0.0,0.4,0.2,0.0
feist,leisure suite,0.0,0.0,0.2,0.0,0.8,0.0,0.2,0.2
the velvet underground,there she goes again,0.4,0.4,0.0,0.0,0.0,0.2,0.2,0.4
babyshambles,fuck forever,0.4,0.6,0.0,0.2,0.8,0.0,0.4,0.8
britney spears,heaven on earth,0.0,0.0,0.8,0.0,1.0,0.0,0.4,0.2
coldplay,strawberry swing,0.0,0.2,0.8,0.0,0.8,0.0,0.4,0.0
the national,apartment story,0.0,0.8,0.0,0.0,0.6,0.2,0.6,0.0
the beatles,helter skelter,0.4,0.0,0.2,0.0,0.2,0.0,0.4,0.0
lez zeppelin,since i've been loving you,0.2,1.0,0.0,0.0,1.0,0.0,0.2,0.0
joy division,digital,0.4,0.4,0.0,0.0,0.0,0.0,0.6,0.0
system of a down,toxicity,0.8,0.2,0.0,0.0,0.0,0.8,0.8,0.0
the velvet underground,i'll be your mirror,0.0,0.2,0.4,0.0,1.0,0.0,0.4,0.0
kings of convenience,misread,0.2,0.4,0.0,0.0,0.6,0.0,0.2,0.0
the white stripes,i just don't know what to do with myself,0.0,1.0,0.0,0.0,1.0,0.0,0.2,0.0
razorlight,golden touch,0.2,0.2,0.4,0.0,0.8,0.0,0.4,0.0
tegan and sara,i know i know i know,0.2,0.8,0.0,0.0,1.0,0.0,0.2,0.0
cansei de ser sexy,meeting paris hilton,0.0,0.0,0.4,0.8,0.0,0.4,0.2,0.0
dirty pretty things,bang bang you're dead,0.8,0.2,0.0,0.0,0.0,0.0,0.2,0.0
patrick wolf,the libertine,0.2,0.0,0.2,0.0,0.2,0.0,0.6,0.0
the beatles,and your bird can sing,0.4,0.0,0.2,0.2,0.2,0.0,0.6,0.0
the shins,know your onion!,0.2,0.4,0.2,0.4,0.0,0.0,0.4,0.0
tears for fears,mad world,0.0,1.0,0.0,0.0,0.0,0.4,0.4,0.0
anton maiden,the number of the beast,0.0,0.0,0.0,0.0,0.0,0.0,0.4,0.0
audioslave,gasoline,0.6,0.0,0.0,0.0,0.0,0.0,0.6,0.0
queen,we will rock you,0.4,0.0,0.2,0.0,0.0,0.2,0.2,0.0
depeche mode,stripped,0.2,0.2,0.0,0.0,0.8,0.4,0.4,0.2
gorillaz,every planet we reach is dead,0.2,0.8,0.0,0.0,0.0,0.4,0.8,0.0
nine inch nails,terrible lie,1.0,0.4,0.0,0.0,0.0,0.4,0.4,0.0
m.i.a.,jimmy,0.0,0.0,0.8,0.2,0.4,0.0,0.2,0.0
the verve,lucky man,0.0,0.2,0.6,0.0,0.4,0.0,0.4,0.0
feist,when i was a young girl,0.0,1.0,0.0,0.0,0.2,0.0,0.2,0.0
aqualung,brighter than sunshine,0.0,0.2,1.0,0.0,1.0,0.0,0.4,0.0
kings of leon,fans,0.0,0.0,0.8,0.0,0.0,0.0,0.2,0.0
talking heads,once in a lifetime,0.0,0.2,0.0,0.2,0.0,0.4,0.6,0.0
feist,the park,0.0,1.0,0.0,0.0,0.8,0.0,0.4,0.0
belle and sebastian,if she wants me,0.0,0.6,0.4,0.2,0.8,0.0,0.4,0.0
cold war kids,hang me up to dry,0.6,0.4,0.0,0.0,0.4,0.0,0.4,0.0
jeff buckley,so real,0.0,0.6,0.0,0.0,0.8,0.0,0.8,0.0
nirvana,pennyroyal tea,0.2,0.8,0.0,0.2,0.0,0.2,0.6,0.0
kt tunstall,suddenly i see,0.0,0.0,0.8,0.0,0.0,0.2,0.2,0.0
boards of canada,chromakey dreamcoat,0.0,0.0,0.0,0.0,0.0,0.0,0.0,0.0
pink floyd,have a cigar,0.4,0.0,0.2,0.6,0.0,0.6,0.2,0.0
band of horses,the first song,0.0,0.6,0.0,0.0,0.2,0.0,0.6,0.0
modest mouse,the view,0.2,0.4,0.2,0.2,0.0,0.0,0.6,0.2
elliott smith,ballad of big nothing,0.2,1.0,0.0,0.0,0.0,0.0,0.4,0.2
broken social scene,capture the flag,0.0,0.0,0.0,0.0,0.0,0.0,0.0,0.0
snow patrol,it's beginning to get to me,0.4,0.6,0.0,0.0,0.8,0.0,0.4,0.0
placebo,meds (feat. vv of the kills),0.2,0.8,0.0,0.0,0.2,0.0,0.4,0.0
the prodigy,breathe,0.8,0.0,0.0,0.0,0.0,0.0,0.6,0.0
alice in chains,them bones,0.4,0.8,0.0,0.0,0.0,0.0,0.4,0.0
kings of leon,milk,0.0,0.6,0.0,0.0,0.6,0.0,0.8,0.0
elliott smith,pictures of me,0.4,0.4,0.0,0.0,0.0,0.2,0.4,0.0
kings of leon,mcfearless,0.4,0.2,0.0,0.0,0.2,0.0,0.6,0.0
arcade fire,in the backseat,0.0,1.0,0.0,0.0,0.0,0.0,0.4,0.0
kings of leon,red morning light,0.0,0.0,0.2,0.0,0.6,0.0,0.2,0.4
coldplay,parachutes,0.0,0.2,0.2,0.0,1.0,0.0,0.2,0.0
muse,unintended,0.0,0.2,0.2,0.0,1.0,0.0,0.2,0.0
bright eyes,lua,0.0,1.0,0.0,0.0,0.2,0.0,0.2,0.4
the new pornographers,twin cinema,0.0,0.0,0.2,0.2,0.2,0.0,0.6,0.0
bob dylan,blowin' in the wind,0.2,0.4,0.0,0.0,0.0,1.0,0.4,0.0
yeah yeah yeahs,turn into,0.0,0.6,0.0,0.0,0.6,0.0,0.4,0.0
ratatat,seventeen years,0.0,0.0,0.0,0.0,0.0,0.0,0.0,0.0
franz ferdinand,evil and a heathen,0.4,0.0,0.0,0.4,0.4,0.0,0.2,0.0
queen,crazy little thing called love,0.0,0.0,0.8,0.2,1.0,0.0,0.2,0.0
placebo,english summer rain,0.2,0.6,0.0,0.0,0.4,0.0,0.4,0.0
placebo,song to say goodbye,0.6,1.0,0.0,0.0,0.2,0.0,0.4,0.0
justice,let there be light,0.0,0.0,0.0,0.0,0.0,0.0,0.0,0.0
new order,ceremony,0.2,0.8,0.0,0.0,0.6,0.0,0.6,0.0
arcade fire,in the back seat,0.0,1.0,0.0,0.0,0.0,0.0,0.4,0.0
the futureheads,hounds of love,0.0,0.2,0.2,0.0,0.8,0.0,0.6,0.0
depeche mode,wrong,0.6,0.4,0.0,0.0,0.0,0.0,0.2,0.0
clap your hands say yeah,is this love?,0.0,0.2,0.4,0.0,0.8,0.0,0.4,0.0
oasis,roll with it,0.0,0.0,0.8,0.0,0.0,0.0,0.2,0.0
röyksopp,in space,0.0,0.0,0.0,0.0,0.0,0.0,0.0,0.0
the national,start a war,0.4,0.8,0.0,0.0,0.6,0.2,0.4,0.0
wolf parade,modern world,0.2,0.4,0.0,0.0,0.2,0.6,0.6,0.0
snow patrol,you could be happy,0.0,1.0,0.0,0.0,0.8,0.0,0.2,0.0
fleet foxes,ragged wood,0.0,0.2,0.6,0.0,0.8,0.0,0.6,0.0
muse,space dementia,0.6,0.6,0.0,0.0,0.8,0.0,0.8,0.0
coldplay,spies,0.0,0.6,0.0,0.0,0.0,0.4,0.6,0.0
nirvana,breed,0.8,0.0,0.0,0.2,0.2,0.4,0.4,0.0
the dresden dolls,girl anachronism,0.8,0.4,0.0,0.2,0.0,0.2,0.4,0.2
morrissey,you have killed me,0.4,0.8,0.0,0.2,0.6,0.2,0.4,0.0
the killers,glamorous indie rock and roll,0.2,0.0,0.4,0.4,0.2,0.4,0.2,0.0
sonic youth,incinerate,0.4,0.2,0.0,0.0,0.8,0.0,0.6,0.0
the doors,strange days,0.2,0.4,0.0,0.0,0.0,0.4,0.8,0.0
feist,past in present,0.0,0.4,0.2,0.0,0.2,0.0,0.4,0.0
creedence clearwater revisited,fortunate son,0.6,0.0,0.0,0.0,0.0,1.0,0.2,0.0
coldplay,swallowed in the sea,0.0,0.6,0.2,0.0,1.0,0.0,0.4,0.0
in flames,take this life,0.8,0.4,0.0,0.0,0.0,0.0,0.4,0.0
the white stripes,black math,0.8,0.0,0.0,0.0,0.0,0.0,0.4,0.0
lez zeppelin,kashmir,0.0,0.0,0.0,0.0,0.0,0.0,0.6,0.0
the shins,the celibate life,0.0,0.4,0.0,0.2,0.4,0.0,0.6,0.0
the killers,enterlude,0.0,0.0,0.6,0.0,0.0,0.0,0.2,0.0
arctic monkeys,this house is a circus,0.4,0.2,0.0,0.4,0.0,0.4,0.6,0.4
the shins,weird divide,0.0,0.4,0.0,0.0,0.6,0.0,0.6,0.0
a perfect circle,orestes,0.4,0.6,0.0,0.0,0.0,0.0,0.6,0.2
elliott smith,twilight,0.2,1.0,0.2,0.0,0.6,0.0,0.4,0.0
pink floyd,high hopes,0.0,0.8,0.2,0.0,0.0,0.4,0.6,0.0
pixies,gouge away,0.8,0.4,0.0,0.0,0.2,0.0,0.6,0.2
placebo,without you i'm nothing,0.0,1.0,0.0,0.0,0.8,0.0,0.4,0.0
beirut,mount wroclai (idle days),0.0,0.6,0.2,0.0,0.2,0.0,0.6,0.0
black rebel motorcycle club,devil's waitin',0.0,0.8,0.0,0.0,0.0,0.0,0.4,0.0
thom yorke,harrowdown hill,0.6,0.6,0.0,0.0,0.0,1.0,0.4,0.0
oasis,supersonic,0.0,0.0,0.4,0.4,0.2,0.0,0.6,0.4
patrick wolf,bluebells,0.0,0.6,0.2,0.0,0.4,0.0,0.6,0.0
elliott smith,son of sam,0.2,0.4,0.0,0.0,0.0,0.2,0.6,0.0
sigur rós,flugufrelsarinn,0.0,0.2,0.0,0.0,0.0,0.0,0.8,0.0
franz ferdinand,you're the reason i'm leaving,0.4,0.2,0.0,0.4,0.6,0.0,0.4,0.0
bright eyes,we are nowhere and it's now,0.2,1.0,0.0,0.0,0.2,0.0,0.4,0.0
lily allen,friday night,0.4,0.0,0.2,0.6,0.0,0.2,0.0,0.2
the national,green gloves,0.0,0.8,0.0,0.0,0.2,0.0,0.6,0.0
kings of leon,taper jean girl,0.4,0.2,0.0,0.0,0.4,0.0,0.6,0.4
scissor sisters,laura,0.2,0.2,0.4,0.8,0.2,0.0,0.4,0.0
moby,extreme ways,0.2,0.6,0.0,0.0,0.0,0.0,0.6,0.0
bon iver,flume,0.0,0.6,0.0,0.0,0.6,0.0,0.8,0.0
duffy,warwick avenue,0.4,1.0,0.0,0.0,1.0,0.0,0.2,0.0
elliott smith,rose parade,0.4,0.8,0.0,0.2,0.0,0.4,0.2,0.2
metric,hustle rose,0.0,0.2,0.0,0.0,0.6,0.0,0.6,0.2
the strokes,trying your luck,0.2,0.6,0.0,0.0,0.6,0.0,0.2,0.0
elliott smith,somebody that i used to know,0.4,0.8,0.0,0.0,0.8,0.0,0.2,0.0
the beatles,blackbird,0.0,0.2,0.4,0.0,0.0,0.4,0.6,0.0
beirut,cliquot,0.0,0.6,0.2,0.0,0.6,0.0,0.6,0.0
cut copy,feel the love,0.0,0.0,1.0,0.0,0.8,0.0,0.4,0.0
arctic monkeys,only ones who know,0.0,0.8,0.0,0.0,1.0,0.0,0.4,0.0
band of horses,wicked gil,0.2,0.4,0.2,0.2,0.0,0.0,0.4,0.0
death from above 1979,blood on our hands,0.6,0.2,0.0,0.0,0.4,0.2,0.4,0.0
the smiths,pretty girls make graves,0.4,0.8,0.0,0.2,0.8,0.2,0.4,0.0
depeche mode,a pain that i'm used to,0.4,0.8,0.0,0.0,0.4,0.0,0.4,0.0
u2,sometimes you can't make it on your own,0.2,0.8,0.0,0.0,0.6,0.0,0.2,0.0
belle and sebastian,white collar boy,0.0,0.0,0.2,0.4,0.2,0.6,0.2,0.0
gorillaz,o green world,0.0,0.8,0.0,0.0,0.0,0.4,0.8,0.0
vampire weekend,mansard roof,0.0,0.0,0.2,0.2,0.0,0.2,0.4,0.0
portishead,silence,0.2,0.8,0.0,0.0,0.0,0.0,0.6,0.0
moby,lift me up,0.2,0.4,0.2,0.0,0.0,0.4,0.4,0.0
system of a down,chop suey,0.8,0.6,0.0,0.2,0.0,0.2,0.6,0.2
queens of the stone age,feel good hit of the summer,0.0,0.0,0.2,0.6,0.0,0.2,0.0,1.0
feist,the water,0.0,1.0,0.0,0.0,0.2,0.0,0.6,0.0
wolf parade,shine a light,0.2,0.4,0.2,0.0,0.2,0.0,0.4,0.0
tool,the patient,0.4,0.4,0.0,0.0,0.0,0.0,0.6,0.0
tool,lateralus,0.0,0.0,0.2,0.0,0.0,0.0,0.8,0.0
lily allen,alfie,0.4,0.0,0.2,0.8,0.0,0.0,0.0,0.6
the beatles,with a little help from my friends,0.0,0.2,0.8,0.2,0.4,0.0,0.2,0.0
yeah yeah yeahs,black tongue,0.6,0.0,0.2,0.4,0.2,0.0,0.2,0.8
mogwai,travel is dangerous,0.0,0.4,0.0,0.0,0.0,0.0,0.6,0.0
maxïmo park,going missing,0.4,0.6,0.0,0.0,0.4,0.0,0.4,0.0
the smiths,some girls are bigger than others,0.0,0.0,0.2,0.8,0.0,0.2,0.6,0.0
broken social scene,pacific theme,0.0,0.0,0.0,0.0,0.0,0.0,0.0,0.0
neutral milk hotel,communist daughter,0.0,0.2,0.0,0.0,0.2,0.2,1.0,0.6
kings of leon,ragoo,0.0,0.0,0.6,0.2,0.2,0.0,0.4,0.0
beirut,scenic world,0.0,0.2,0.6,0.0,0.4,0.0,0.4,0.0
the knife,one hit,0.4,0.4,0.0,0.0,0.2,0.6,0.6,0.2
coldplay,low,0.0,0.6,0.2,0.0,0.4,0.0,0.4,0.0
radiohead,treefingers,0.0,0.0,0.0,0.0,0.0,0.0,0.0,0.0
yeah yeah yeahs,man,0.6,0.0,0.0,0.2,0.2,0.0,0.4,0.2
radiohead,bullet proof..i wish i was,0.0,1.0,0.0,0.0,0.2,0.0,0.6,0.0
editors,an end has a start,0.0,0.8,0.0,0.0,0.2,0.0,0.4,0.0
the dresden dolls,half jack,0.8,0.6,0.0,0.0,0.2,0.0,0.6,0.2
the knife,girls' night out,0.0,0.0,0.6,0.2,0.2,0.2,0.2,0.2
the stone roses,waterfall,0.0,0.0,0.6,0.0,0.0,0.2,0.6,0.0
imogen heap,daylight robbery,0.2,0.2,0.4,0.2,0.0,0.2,0.4,0.0
björk,big time sensuality,0.0,0.0,1.0,0.0,0.4,0.0,0.4,0.0
damien rice,older chests,0.0,0.8,0.0,0.0,0.0,0.2,0.4,0.0
pink floyd,mother,0.0,0.8,0.0,0.0,0.2,0.4,0.4,0.0
the flaming lips,do you realize??,0.0,0.6,0.4,0.0,0.4,0.0,0.4,0.0
radiohead,in limbo,0.2,0.6,0.0,0.0,0.2,0.0,0.8,0.0
franz ferdinand,no you girls,0.2,0.0,0.6,0.4,0.6,0.0,0.2,0.2
blur,beetlebum,0.0,0.4,0.0,0.0,0.2,0.0,0.6,0.0
moby,why does my heart feel so bad?,0.0,1.0,0.0,0.0,0.0,0.0,0.2,0.0
justice,phantom,0.0,0.0,0.0,0.0,0.0,0.0,0.0,0.0
the beach boys,good vibrations,0.0,0.0,1.0,0.0,0.8,0.0,0.4,0.0
massive attack,exchange,0.0,0.0,0.0,0.0,0.0,0.0,0.0,0.0
placebo,36 degrees,0.4,0.6,0.0,0.0,0.4,0.0,0.6,0.0
metallica,battery,1.0,0.0,0.0,0.0,0.0,0.0,0.4,0.0
the strokes,the modern age,0.2,0.0,0.2,0.0,0.2,0.0,0.2,0.0
battles,atlas,0.0,0.0,0.2,0.0,0.0,0.0,0.8,0.0
the stone roses,made of stone,0.0,0.4,0.0,0.0,0.0,0.2,0.6,0.0
jeff buckley,mojo pin,0.0,0.6,0.0,0.0,0.8,0.0,0.6,0.0
joy division,passover,0.2,0.8,0.0,0.0,0.0,0.4,0.6,0.0
foals,balloons,0.0,0.2,0.0,0.0,0.2,0.0,0.6,0.0
in flames,come clarity,0.2,0.4,0.0,0.0,0.4,0.0,0.6,0.0
wolf parade,i'll believe in anything,0.2,0.4,0.4,0.0,0.8,0.0,0.6,0.0
death cab for cutie,death of an interior decorator,0.0,0.6,0.2,0.0,0.4,0.0,0.4,0.0
explosions in the sky,first breath after coma,0.0,0.0,0.0,0.0,0.0,0.0,0.0,0.0
lily allen,littlest things,0.0,0.8,0.2,0.0,1.0,0.0,0.2,0.0
placebo,slave to the wage,0.6,0.2,0.0,0.0,0.0,0.8,0.4,0.2
slayer,raining blood,1.0,0.0,0.0,0.0,0.0,0.0,0.8,0.6
the beatles,taxman,0.6,0.0,0.0,0.4,0.0,0.8,0.2,0.0
metallica,whiskey in the jar,0.4,0.2,0.4,0.0,0.4,0.0,0.2,0.0
death from above 1979,black history month,0.4,0.2,0.0,0.0,0.4,0.2,0.4,0.0
the new pornographers,use it,0.0,0.0,0.4,0.2,0.2,0.0,0.6,0.0
clap your hands say yeah,let the cool goddess rust away,0.2,0.2,0.0,0.2,0.0,0.2,0.8,0.0
tegan and sara,back in your head,0.0,0.6,0.0,0.0,1.0,0.0,0.2,0.0
siouxsie and the banshees,hong kong garden,0.4,0.0,0.0,0.0,0.0,0.6,0.4,0.0
mika,lollipop,0.0,0.0,1.0,0.8,0.6,0.0,0.4,0.2
nine inch nails,we're in this together,0.4,0.4,0.2,0.0,0.8,0.0,0.4,0.0
patrick wolf,teignmouth,0.0,0.8,0.2,0.0,0.4,0.0,0.6,0.0
portishead,hunter,0.2,0.8,0.0,0.0,0.4,0.0,0.6,0.0
tool,intension,0.0,0.0,0.0,0.0,0.0,0.0,0.6,0.0
thom yorke,analyse,0.0,0.6,0.0,0.0,0.0,0.0,0.6,0.0
feist,brandy alexander,0.0,0.2,0.4,0.0,1.0,0.0,0.4,0.0
maxïmo park,i want you to stay,0.0,0.8,0.0,0.0,1.0,0.0,0.2,0.0
red hot chili peppers,can't stop,0.0,0.0,0.6,0.2,0.2,0.2,0.8,0.0
marilyn manson,the beautiful people,1.0,0.0,0.0,0.0,0.0,0.8,0.4,0.4
dread zeppelin,good times bad times,0.2,0.4,0.2,0.0,0.8,0.0,0.2,0.0
the beatles,in my life,0.0,0.4,0.2,0.0,0.8,0.0,0.2,0.0
jem,they,0.4,0.0,0.0,0.0,0.0,0.6,0.2,0.0
patrick wolf,overture,0.0,0.0,0.8,0.0,0.2,0.4,0.4,0.0
m.i.a.,boyz,0.0,0.0,0.8,0.4,0.0,0.4,0.2,0.0
frou frou,breathe in,0.0,0.2,0.4,0.0,0.8,0.0,0.4,0.0
bright eyes,at the bottom of everything,0.4,0.4,0.2,0.2,0.0,0.8,0.6,0.0
r.e.m.,nightswimming,0.0,0.6,0.2,0.0,0.0,0.0,0.4,0.0
modest mouse,fire it up,0.2,0.2,0.2,0.2,0.0,0.0,0.6,0.0
air,once upon a time,0.0,0.4,0.2,0.0,0.2,0.0,0.6,0.0
slipknot,duality,0.8,0.4,0.0,0.0,0.0,0.0,0.4,0.2
kasabian,shoot the runner,0.4,0.0,0.2,0.0,0.4,0.0,0.6,0.0
björk,hidden place,0.0,0.2,0.2,0.0,1.0,0.0,0.6,0.0
slayer,angel of death,0.8,0.0,0.0,0.0,0.0,0.8,0.2,1.0
joanna newsom,the book of right-on,0.2,0.0,0.2,0.4,0.0,0.0,0.8,0.0
black rebel motorcycle club,still suspicion holds you tight,0.4,0.6,0.0,0.0,0.2,0.0,0.4,0.0
explosions in the sky,the only moment we were alone,0.0,0.0,0.0,0.0,0.0,0.0,0.0,0.0
tool,forty six & 2,0.4,0.2,0.0,0.0,0.0,0.0,0.8,0.0
beirut,la banlieue,0.0,0.0,0.0,0.0,0.0,0.0,0.0,0.0
ac/dc,hells bells,0.6,0.0,0.0,0.0,0.0,0.0,0.4,0.2
kt tunstall,other side of the world,0.0,0.8,0.0,0.0,0.8,0.0,0.4,0.0
the rolling stones,gimme shelter,0.4,0.4,0.0,0.0,0.2,0.8,0.6,0.4
animal collective,my girls,0.0,0.0,0.8,0.0,0.6,0.4,0.4,0.0
dread zeppelin,heartbreaker,0.4,0.4,0.0,0.0,0.6,0.0,0.2,0.2
sigur rós,untitled 4,0.0,0.6,0.0,0.0,0.0,0.0,1.0,0.0
violent femmes,blister in the sun,0.0,0.0,0.8,0.4,0.4,0.0,0.2,0.4
cansei de ser sexy,art bitch,0.4,0.0,0.0,0.8,0.0,0.4,0.2,0.4
gorillaz,kids with guns,0.2,0.4,0.0,0.0,0.0,0.8,0.4,0.0
joy division,no love lost,0.6,0.4,0.0,0.0,0.0,0.4,0.4,0.4
fleet foxes,tiger mountain peasant song,0.0,0.8,0.0,0.0,0.2,0.0,0.6,0.0
boards of canada,wildlife analysis,0.0,0.0,0.0,0.0,0.0,0.0,0.0,0.0
imogen heap,just for now,0.4,0.6,0.0,0.0,0.0,0.0,0.2,0.0
bloc party,price of gas,0.6,0.2,0.0,0.2,0.0,1.0,0.2,0.0
onerepublic,stop and stare,0.2,0.6,0.0,0.0,0.0,0.0,0.4,0.0
imogen heap,the walk,0.4,0.4,0.0,0.0,0.8,0.0,0.4,0.0
gary numan,cars,0.0,0.4,0.0,0.0,0.0,0.4,0.4,0.0
boards of canada,'84 pontiac dream,0.0,0.0,0.0,0.0,0.0,0.0,0.0,0.0
nine inch nails,the perfect drug,0.2,0.8,0.0,0.0,0.8,0.0,0.6,0.0
a perfect circle,imagine,0.0,0.0,0.2,0.0,0.0,0.8,0.2,0.0
placebo,teenage angst,0.4,0.8,0.0,0.0,0.0,0.0,0.4,0.0
the strokes,under control,0.2,0.4,0.2,0.0,0.8,0.0,0.2,0.0
pixies,broken face,0.6,0.0,0.0,0.4,0.0,0.0,0.8,0.4
yeah yeah yeahs,the sweets,0.0,0.4,0.2,0.0,0.4,0.0,0.6,0.0
editors,smokers outside the hospital doors,0.0,1.0,0.0,0.0,0.0,0.2,0.4,0.0
the fratellis,henrietta,0.0,0.0,0.8,0.8,0.6,0.0,0.2,0.2
cat power,lived in bars,0.0,0.6,0.2,0.0,0.2,0.0,0.4,0.0
radiohead,you and whose army?,0.4,0.0,0.0,0.0,0.0,0.6,0.4,0.0
a perfect circle,the hollow,0.2,0.2,0.0,0.0,0.2,0.0,0.6,0.2
the kinks,lola,0.0,0.0,0.6,0.8,0.8,0.4,0.2,0.2
wolf parade,fancy claps,0.4,0.2,0.0,0.2,0.0,0.4,0.6,0.0
cat power,living proof,0.0,0.6,0.0,0.0,0.4,0.0,0.4,0.0
antony and the johnsons,fistful of love,0.4,0.8,0.2,0.0,1.0,0.0,0.4,0.2
marilyn manson,tainted love,0.4,0.8,0.0,0.0,0.8,0.0,0.2,0.0
of montreal,disconnect the dots,0.0,0.0,0.8,0.6,0.4,0.0,0.8,0.0
wolf parade,dear sons and daughters of hungry ghosts,0.4,0.4,0.0,0.0,0.0,0.4,0.6,0.0
editors,lights,0.2,0.6,0.0,0.0,0.4,0.0,0.6,0.0
the smiths,reel around the fountain,0.0,0.6,0.2,0.2,0.8,0.0,0.4,0.2
rufus wainwright,hallelujah,0.0,1.0,0.0,0.0,0.8,0.0,0.6,0.2
nine inch nails,the frail,0.0,0.0,0.0,0.0,0.0,0.0,0.0,0.0
architecture in helsinki,scissor paper rock,0.0,0.0,0.6,0.4,0.4,0.0,0.6,0.0
kate nash,foundations,0.6,0.8,0.0,0.4,0.6,0.0,0.2,0.0
black sabbath,iron man,0.8,0.2,0.0,0.0,0.0,0.0,0.4,0.0
the shins,one by one all day,0.0,0.4,0.0,0.0,0.0,0.0,0.8,0.0
modest mouse,we've got everything,0.2,0.2,0.6,0.4,0.0,0.0,0.6,0.0
lily allen,not big,0.6,0.0,0.2,1.0,0.0,0.0,0.2,0.6
cansei de ser sexy,alcohol,0.0,0.0,0.6,0.6,0.0,0.0,0.4,0.2
panic at the disco,camisado,0.6,0.4,0.0,0.2,0.0,0.0,0.6,0.0
lcd soundsystem,all my friends,0.2,0.8,0.2,0.2,0.0,0.4,0.4,0.0
placebo,nancy boy,0.2,0.0,0.2,0.4,0.0,0.4,0.2,0.8
coldplay,high speed,0.0,0.4,0.0,0.0,0.2,0.0,0.6,0.0
a perfect circle,magdalena,0.0,0.2,0.0,0.0,0.2,0.0,0.4,0.4
tegan and sara,the con,0.2,0.8,0.0,0.0,0.8,0.0,0.4,0.0
razorlight,america,0.2,0.6,0.0,0.0,0.0,0.6,0.2,0.0
the beatles,for no one,0.0,1.0,0.0,0.0,0.8,0.0,0.2,0.0
band of horses,our swords,0.2,0.4,0.0,0.0,0.0,0.0,0.6,0.0
nelly furtado,promiscuous (feat. timbaland),0.0,0.0,0.4,0.4,0.6,0.0,0.2,0.4
foals,olympic airways,0.2,0.4,0.0,0.0,0.2,0.0,0.6,0.0
black kids,i'm not gonna teach your boyfriend how to dance with you,0.4,0.0,0.4,0.6,0.8,0.0,0.2,0.0
johnny cash,folsom prison blues,0.4,0.8,0.0,0.0,0.0,0.2,0.2,0.2
animal collective,leaf house,0.0,0.0,0.2,0.2,0.0,0.0,1.0,0.0
feist,lonely lonely,0.0,1.0,0.0,0.0,0.6,0.0,0.4,0.0
the kooks,always where i need to be,0.0,0.0,0.6,0.0,1.0,0.0,0.2,0.0
beck,gamma ray,0.2,0.4,0.0,0.0,0.0,0.4,0.6,0.0
architecture in helsinki,heart it races,0.0,0.0,0.6,0.2,0.4,0.0,0.6,0.0
u2,pride (in the name of love),0.0,0.4,0.4,0.0,0.6,0.8,0.4,0.0
portishead,we carry on,0.4,0.6,0.0,0.0,0.0,0.2,0.6,0.0
the fratellis,whistle for the choir,0.0,0.2,0.6,0.2,1.0,0.0,0.2,0.0
modest mouse,satin in a coffin,0.6,0.4,0.0,0.4,0.0,0.0,0.6,0.0
kings of leon,soft,0.2,0.2,0.0,0.4,0.2,0.0,0.4,0.6
the shins,turn a square,0.2,0.4,0.2,0.2,0.6,0.0,0.6,0.0
boards of canada,peacock tail,0.0,0.0,0.0,0.0,0.0,0.0,0.0,0.0
evanescence,lithium,0.4,1.0,0.0,0.0,0.0,0.0,0.6,0.0
pink floyd,goodbye blue sky,0.0,1.0,0.0,0.0,0.0,0.8,0.4,0.0
travis,side,0.0,0.4,0.2,0.0,0.0,0.2,0.4,0.0
ladytron,sugar,0.4,0.2,0.0,0.0,0.2,0.2,0.6,0.0
yann tiersen,j'y suis jamais allé,0.0,0.0,0.0,0.0,0.0,0.0,0.0,0.0
phoenix,if i ever feel better,0.2,0.8,0.2,0.0,0.2,0.0,0.4,0.0
band of horses,part one,0.0,0.6,0.2,0.0,0.4,0.0,0.6,0.0
new order,age of consent,,,,,,,,
elliott smith,pitseleh,0.2,1.0,0.0,0.0,0.4,0.0,0.4,0.0
band of horses,weed party,0.0,0.2,0.4,0.2,0.0,0.0,0.4,0.2
lcd soundsystem,tribulations,0.2,0.4,0.0,0.0,0.2,0.0,0.4,0.0
guns n' roses,don't cry,0.0,0.8,0.0,0.0,0.8,0.0,0.2,0.0
garbage,i think i'm paranoid,0.6,0.2,0.0,0.0,0.4,0.0,0.4,0.0
yeah yeah yeahs,warrior,0.4,0.4,0.2,0.0,0.6,0.0,0.4,0.0
black rebel motorcycle club,six barrel shotgun,0.8,0.0,0.0,0.0,0.0,0.2,0.4,0.0
the clash,the guns of brixton,0.6,0.2,0.0,0.0,0.0,1.0,0.4,0.0
the doors,break on through (to the other side),0.2,0.2,0.2,0.0,0.2,0.0,0.6,0.2
the national,guest room,0.2,0.6,0.0,0.0,0.6,0.0,0.4,0.2
depeche mode,john the revelator,0.6,0.0,0.0,0.0,0.0,0.8,0.4,0.0
the beatles,oh! darling,0.0,0.8,0.0,0.0,1.0,0.0,0.2,0.0
kings of leon,molly's chambers,0.2,0.0,0.0,0.0,0.4,0.0,0.2,0.2
the beatles,across the universe,0.0,0.2,0.4,0.0,0.4,0.0,0.8,0.0
christina aguilera,ain't no other man,0.0,0.0,1.0,0.0,1.0,0.0,0.2,0.0
fleet foxes,he doesn't know why,0.0,0.6,0.2,0.0,0.2,0.0,0.6,0.0
foals,cassius,0.4,0.0,0.0,0.0,0.0,0.0,0.4,0.0
nine inch nails,piggy,0.6,0.4,0.0,0.0,0.0,0.0,0.4,0.0
keane,crystal ball,0.2,0.8,0.0,0.0,0.0,0.0,0.6,0.0
keane,nothing in my way,0.4,0.8,0.0,0.0,1.0,0.0,0.2,0.0
queens of the stone age,burn the witch,0.8,0.0,0.0,0.0,0.0,0.2,0.4,0.0
the smiths,that joke isn't funny anymore,0.2,1.0,0.0,0.0,0.0,0.4,0.4,0.0
iron & wine,boy with a coin,0.0,0.2,0.0,0.0,0.2,0.0,0.8,0.0
metric,wet blanket,0.4,0.2,0.0,0.2,0.0,0.4,0.4,0.0
stereophonics,maybe tomorrow,0.0,0.6,0.2,0.0,0.0,0.0,0.4,0.0
pearl jam,even flow,0.0,0.6,0.0,0.0,0.0,0.6,0.4,0.0
broken social scene,late nineties bedroom rock for the missionaries,0.0,0.0,0.0,0.0,0.0,0.0,1.0,0.0
pavement,cut your hair,0.2,0.0,0.0,0.8,0.0,0.6,0.4,0.0
the verve,love is noise,0.4,0.4,0.0,0.0,0.2,0.6,0.6,0.0
broken social scene,shampoo suicide,0.0,0.0,0.0,0.0,0.0,0.0,0.0,0.0
justin timberlake,my love,0.0,0.0,0.6,0.0,1.0,0.0,0.2,0.0
audioslave,what you are,0.6,0.2,0.0,0.0,0.6,0.0,0.2,0.0
my chemical romance,i'm not okay (i promise),0.6,0.4,0.0,0.2,0.4,0.0,0.2,0.2
we are scientists,this scene is dead,0.2,0.2,0.0,0.4,0.0,0.6,0.2,0.0
modest mouse,dance hall,0.8,0.0,0.0,0.2,0.0,0.0,0.4,0.0
kaiser chiefs,saturday night,0.2,0.4,0.6,0.4,0.4,0.0,0.2,0.0
joanna newsom,bridges and balloons,0.0,0.2,0.6,0.2,0.4,0.0,0.8,0.0
the goo goo dolls,slide,0.0,0.2,0.6,0.0,0.8,0.4,0.2,0.0
yeah yeah yeahs,mysteries,0.2,0.4,0.0,0.0,0.6,0.0,0.4,0.0
arctic monkeys,the bad thing,0.0,0.0,0.2,0.4,0.6,0.0,0.2,0.2
radiohead,sulk,0.4,0.8,0.0,0.0,0.0,0.4,0.4,0.0
the cure,why can't i be you?,0.0,0.0,1.0,0.4,1.0,0.0,0.2,0.0
radiohead,you,0.2,0.4,0.0,0.0,0.8,0.0,0.4,0.0
mogwai,acid food,0.0,0.4,0.0,0.0,0.2,0.0,0.6,0.0
röyksopp,circuit breaker,0.0,0.0,0.0,0.0,0.0,0.0,0.0,0.0
muse,hyper music,0.8,0.2,0.0,0.0,0.4,0.0,0.4,0.0
wilco,heavy metal drummer,0.0,0.2,0.8,0.2,0.4,0.0,0.2,0.0
jet,look what you've done,0.4,0.8,0.0,0.0,0.6,0.0,0.2,0.0
regina spektor,field below,0.0,0.8,0.0,0.0,0.4,0.0,0.6,0.0
the dresden dolls,missed me,0.4,0.2,0.0,0.6,0.2,0.0,0.4,0.6
band of horses,no one's gonna love you,0.0,0.8,0.0,0.0,1.0,0.0,0.2,0.0
belle and sebastian,expectations,0.2,0.6,0.0,0.2,0.0,0.6,0.2,0.0
coldplay,death and all his friends,0.0,0.4,0.4,0.0,0.2,0.4,0.4,0.0
beirut,forks and knives (la fête),0.0,0.0,0.2,0.0,0.0,0.0,0.6,0.0
the beatles,octopus's garden,0.0,0.0,1.0,0.4,0.2,0.0,0.4,0.0
ladytron,international dateline,0.2,0.8,0.0,0.0,0.6,0.0,0.6,0.0
bon iver,lump sum,0.0,0.6,0.0,0.0,0.0,0.0,0.8,0.0
jack johnson,never know,0.0,0.2,0.4,0.0,0.6,0.0,0.2,0.0
digitalism,pogo,0.0,0.0,0.6,0.0,0.4,0.0,0.2,0.0
oasis,the importance of being idle,0.2,0.4,0.2,0.4,0.0,0.2,0.4,0.0
the flaming lips,fight test,0.2,0.4,0.2,0.0,0.4,0.0,0.4,0.0
rammstein,du hast,0.8,0.0,0.0,0.2,0.2,0.0,0.4,0.0
the beatles,a day in the life,0.0,0.6,0.2,0.2,0.0,0.4,0.8,0.0
a perfect circle,pet,0.4,0.0,0.0,0.0,0.0,0.2,0.6,0.0
kings of leon,knocked up,0.2,0.4,0.2,0.0,0.6,0.2,0.2,0.0
britney spears,ooh ooh baby,0.0,0.0,0.2,0.0,0.8,0.0,0.2,0.4
keane,spiralling,0.2,0.4,0.0,0.0,0.2,0.0,0.6,0.0
norah jones,come away with me,0.0,0.0,0.4,0.0,1.0,0.0,0.2,0.0
black rebel motorcycle club,stop,0.6,0.2,0.0,0.0,0.0,0.2,0.4,0.0
rage against the machine,bulls on parade,1.0,0.0,0.0,0.0,0.0,1.0,0.4,0.0
jeff buckley,lilac wine,0.0,0.8,0.0,0.0,1.0,0.0,0.6,0.0
the prodigy,firestarter,0.8,0.0,0.0,0.0,0.0,0.0,0.6,0.2
patrick wolf,augustine,0.0,0.4,0.2,0.0,1.0,0.0,0.4,0.0
nine inch nails,something i can never have,0.2,1.0,0.0,0.0,0.8,0.0,0.4,0.0
the killers,this river is wild,0.2,0.4,0.2,0.0,0.2,0.2,0.6,0.0
beyoncé,irreplaceable,0.4,0.0,0.0,0.2,0.8,0.0,0.2,0.0
the clash,lost in the supermarket,0.2,0.6,0.0,0.2,0.0,0.6,0.4,0.0
beirut,brandenburg,0.0,0.6,0.2,0.0,0.4,0.0,0.4,0.0
fiona apple,sleep to dream,0.8,0.2,0.0,0.0,0.4,0.0,0.4,0.0
black rebel motorcycle club,666 conducer,0.4,0.2,0.0,0.0,0.2,0.0,0.6,0.0
kanye west,can't tell me nothing,0.4,0.0,0.4,0.2,0.0,0.2,0.2,0.4
keane,a bad dream,0.2,1.0,0.0,0.0,0.4,0.2,0.4,0.0
nine inch nails,the beginning of the end,0.6,0.4,0.0,0.0,0.0,0.8,0.4,0.0
antony and the johnsons,man is the baby,0.0,0.8,0.0,0.0,0.2,0.2,0.6,0.0
queen,fat bottomed girls,0.0,0.0,0.8,0.6,0.2,0.0,0.2,0.4
elliott smith,sweet adeline,0.2,1.0,0.0,0.0,0.4,0.0,0.4,0.0
neko case,star witness,0.0,0.8,0.0,0.0,0.2,0.2,0.6,0.0
dashboard confessional,hands down,0.0,0.0,0.8,0.0,1.0,0.0,0.2,0.0
radiohead,2+2= 5,0.8,0.2,0.0,0.0,0.0,0.8,0.6,0.0
portishead,only you,0.0,1.0,0.0,0.0,0.8,0.0,0.6,0.0
keane,bend and break,0.0,0.6,0.0,0.0,0.2,0.0,0.4,0.0
kylie minogue,in my arms,0.0,0.0,0.8,0.0,1.0,0.0,0.2,0.0
system of a down,chop suey!,0.8,0.4,0.0,0.0,0.0,0.2,0.8,0.2
system of a down,cigaro,0.6,0.0,0.0,1.0,0.0,0.8,0.4,1.0
damien rice,cheers darlin',0.4,1.0,0.0,0.2,1.0,0.0,0.2,0.0
blur,coffee & tv,0.2,0.4,0.4,0.2,0.4,0.4,0.4,0.0
queens of the stone age,in my head,0.2,0.8,0.0,0.0,0.8,0.0,0.4,0.0
depeche mode,a question of time,0.4,0.0,0.0,0.0,0.2,0.4,0.2,0.0
the doors,the crystal ship,0.0,0.6,0.2,0.0,0.8,0.0,0.8,0.0
oasis,she's electric,0.0,0.2,0.6,0.8,0.8,0.0,0.2,0.0
evanescence,taking over me,0.2,0.8,0.0,0.0,1.0,0.0,0.4,0.0
junior boys,in the morning,0.0,0.4,0.0,0.0,0.8,0.0,0.4,0.2
afi,girl's not grey,0.2,0.6,0.0,0.0,0.6,0.0,0.6,0.0
dread zeppelin,going to california,0.0,0.4,0.0,0.0,0.6,0.0,0.6,0.0
sigur rós,glosoli,0.0,0.2,0.4,0.0,0.0,0.0,1.0,0.0
pixies,dig for fire,0.0,0.0,0.0,0.2,0.0,0.2,0.6,0.0
joy division,wilderness,0.4,0.4,0.0,0.0,0.0,0.6,0.6,0.0
the shins,girl on the wing,0.0,0.2,0.6,0.2,0.6,0.0,0.6,0.0
the cure,the lovecats,0.0,0.0,1.0,0.6,0.8,0.0,0.6,0.0
múm,we have a map of the piano,0.0,0.2,0.2,0.0,0.0,0.0,1.0,0.0
sufjan stevens,the dress looks nice on you,,,,,,,,
the strokes,automatic stop,0.2,0.6,0.0,0.0,0.8,0.0,0.4,0.0
the clash,rudie can't fail,0.2,0.0,0.6,0.4,0.0,0.6,0.2,0.0
the doors,break on through,0.4,0.0,0.2,0.0,0.2,0.0,0.6,0.2
black rebel motorcycle club,white palms,0.4,0.4,0.0,0.0,0.0,0.4,0.6,0.0
cocorosie,by your side,0.2,0.6,0.0,0.4,0.8,0.4,0.6,0.0
depeche mode,everything counts,0.4,0.2,0.0,0.0,0.0,0.8,0.2,0.0
black rebel motorcycle club,awake,0.2,0.6,0.0,0.0,0.4,0.0,0.6,0.0
editors,fall,0.0,0.8,0.0,0.0,0.4,0.0,0.6,0.0
portishead,plastic,0.4,0.8,0.0,0.0,0.4,0.0,0.6,0.0
blondie,call me,0.0,0.0,0.4,0.0,1.0,0.0,0.2,0.2
cansei de ser sexy,off the hook,0.2,0.0,0.6,0.6,0.4,0.0,0.4,0.0
anton maiden,the trooper,0.4,0.2,0.0,0.0,0.0,0.4,0.2,0.2
bloc party,luno,0.6,0.2,0.0,0.0,0.2,0.0,0.6,0.0
the stranglers,golden brown,0.0,0.0,0.4,0.0,0.6,0.0,0.6,0.0
nelly furtado,promiscuous,0.0,0.0,0.4,0.4,0.6,0.0,0.2,0.4
belle and sebastian,like dylan in the movies,0.2,0.2,0.0,0.2,0.0,0.0,0.2,0.0
bloc party,waiting for the 7.18,0.2,0.4,0.4,0.0,0.2,0.4,0.2,0.0
black rebel motorcycle club,not what you wanted,0.4,0.6,0.0,0.0,0.6,0.0,0.4,0.0
band of horses,i go to the barn because i like the,0.0,1.0,0.0,0.0,0.6,0.0,0.6,0.0
bloc party,uniform,0.4,0.4,0.0,0.0,0.0,0.6,0.4,0.0
the cure,fascination street,0.4,0.4,0.0,0.0,0.0,0.0,0.6,0.0
clap your hands say yeah,sunshine and clouds (and everything proud),0.0,0.0,0.0,0.0,0.0,0.0,0.0,0.0
ratatat,lex,0.0,0.0,0.0,0.0,0.0,0.0,0.0,0.0
lady gaga,lovegame,0.0,0.0,0.6,0.4,0.2,0.0,0.4,0.8
cut copy,future,0.0,0.2,0.8,0.0,0.6,0.0,0.6,0.0
the shins,those to come,0.0,0.4,0.2,0.0,0.2,0.0,0.6,0.0
scissor sisters,take your mama,0.0,0.2,1.0,0.4,0.0,0.4,0.2,0.0
metric,handshakes,0.4,0.0,0.0,0.2,0.0,0.8,0.4,0.0
imogen heap,have you got it in you?,0.4,0.4,0.0,0.0,0.0,0.0,0.6,0.0
blur,out of time,0.0,0.8,0.0,0.0,0.2,0.4,0.4,0.0
fergie,big girls don't cry,0.0,0.6,0.0,0.0,0.8,0.0,0.2,0.0
zz top,sharp dressed man,0.0,0.0,0.8,0.4,0.4,0.0,0.2,0.0
him,wicked game,0.2,0.8,0.0,0.0,1.0,0.0,0.4,0.0
radiohead,packt like sardines in a crushd tin box,0.6,0.2,0.0,0.0,0.0,0.4,0.4,0.0
band of horses,is there a ghost,0.0,0.4,0.0,0.0,0.0,0.0,0.6,0.0
jimi hendrix,fire,0.2,0.0,0.4,0.4,0.4,0.0,0.4,0.2
the beatles,i want you (she's so heavy),0.2,0.0,0.0,0.0,1.0,0.0,0.2,0.0
wilco,i'm the man who loves you,0.0,0.2,0.4,0.0,1.0,0.0,0.4,0.0
the libertines,time for heroes,0.6,0.2,0.0,0.4,0.4,0.8,0.2,0.0
the darkness,i believe in a thing called love,0.0,0.0,1.0,0.4,1.0,0.0,0.2,0.0
boards of canada,music is math,0.0,0.0,0.0,0.0,0.0,0.0,1.0,0.0
britney spears,i'm a slave 4 u,0.0,0.0,0.2,0.0,0.2,0.0,0.2,0.4
modest mouse,florida,0.2,0.2,0.2,0.2,0.0,0.2,0.6,0.0
cut copy,out there on the ice,0.0,0.6,0.0,0.0,0.6,0.0,0.6,0.0
le tigre,deceptacon,0.6,0.0,0.2,0.4,0.0,0.6,0.4,0.0
the cardigans,my favourite game,0.4,0.8,0.0,0.0,1.0,0.0,0.4,0.0
black rebel motorcycle club,as sure as the sun,0.2,0.6,0.0,0.0,0.6,0.0,0.4,0.0
daft punk,veridis quo,0.0,0.0,0.0,0.0,0.0,0.0,0.0,0.0
modest mouse,missed the boat,0.2,0.8,0.0,0.0,0.0,0.0,0.4,0.0
nine inch nails,the fragile,0.0,0.8,0.0,0.0,0.6,0.0,0.6,0.0
bat for lashes,horse and i,0.0,0.2,0.0,0.0,0.2,0.0,0.8,0.0
oasis,cast no shadow,0.0,0.8,0.0,0.0,0.0,0.0,0.6,0.0
black rebel motorcycle club,need some air,0.4,0.2,0.0,0.0,0.2,0.0,0.4,0.0
tool,eulogy,0.6,0.0,0.0,0.2,0.0,0.6,0.4,0.4
joy division,a means to an end,0.4,0.8,0.0,0.0,0.8,0.2,0.4,0.0
beirut,rhineland (heartland),0.0,0.6,0.2,0.0,0.2,0.2,0.4,0.0
pantera,walk,1.0,0.0,0.0,0.0,0.0,0.0,0.2,0.0
silversun pickups,three seed,0.4,0.4,0.0,0.0,0.2,0.0,0.8,0.0
afi,summer shudder,0.0,0.6,0.0,0.0,0.4,0.0,0.6,0.0
black rebel motorcycle club,took out a loan,0.4,0.4,0.0,0.0,0.6,0.0,0.4,0.0
iron & wine,love and some verses,0.0,0.2,0.4,0.0,1.0,0.0,0.6,0.0
paramore,crushcrushcrush,0.4,0.4,0.0,0.0,0.6,0.0,0.2,0.0
the futureheads,decent days and nights,0.2,0.0,0.4,0.4,0.0,0.4,0.2,0.0
patrick wolf,to the lighthouse,0.4,0.8,0.0,0.0,0.0,0.0,0.6,0.0
the raconteurs,broken boy soldier,0.4,0.6,0.0,0.0,0.0,0.2,0.4,0.0
vampire weekend,campus,0.2,0.4,0.2,0.2,0.8,0.0,0.2,0.0
cocorosie,beautiful boyz,0.0,0.6,0.0,0.0,0.2,0.4,0.6,0.0
kings of leon,black thumbnail,0.4,0.2,0.2,0.0,0.2,0.0,0.6,0.2
belle and sebastian,the stars of track and field,0.0,0.4,0.2,0.2,0.4,0.2,0.4,0.0
joy division,interzone,0.4,0.2,0.0,0.0,0.0,0.2,0.6,0.0
goldfrapp,ride a white horse,0.0,0.0,0.4,0.0,0.0,0.2,0.4,0.0
elliott smith,baby britain,0.4,0.8,0.0,0.2,0.4,0.0,0.4,0.0
metallica,fuel,0.2,0.0,0.2,0.0,0.0,0.0,0.2,0.0
al green,let's stay together,0.0,0.2,0.8,0.0,1.0,0.0,0.0,0.0
the fray,all at once,0.0,0.8,0.0,0.0,0.8,0.0,0.2,0.0
radiohead,go to sleep,0.6,0.0,0.0,0.2,0.0,0.8,0.4,0.0
rjd2,ghostwriter,0.0,0.0,0.0,0.0,0.0,0.0,0.0,0.0
bright eyes,road to joy,0.8,0.6,0.2,0.2,0.0,0.8,0.4,0.4
daft punk,short circuit,0.0,0.0,0.0,0.0,0.0,0.0,0.0,0.0
damien rice,i remember,0.6,0.8,0.0,0.0,1.0,0.0,0.2,0.0
panic at the disco,london beckoned songs about money written by machines,0.4,0.0,0.0,0.6,0.0,0.6,0.4,0.0
u2,new year's day,0.2,0.4,0.2,0.0,0.4,0.8,0.4,0.0
massive attack,protection,0.0,0.6,0.0,0.0,0.8,0.0,0.4,0.0
the decemberists,summersong,0.0,0.6,0.2,0.0,0.6,0.0,0.4,0.0
dread zeppelin,when the levee breaks,0.0,0.8,0.0,0.0,0.0,0.2,0.2,0.0
mew,the zookeeper's boy,0.0,0.4,0.2,0.0,0.6,0.0,0.8,0.0
the go! team,panther dash,0.0,0.0,0.0,0.0,0.0,0.0,0.0,0.0
audioslave,shadow on the sun,0.4,0.8,0.0,0.0,0.2,0.0,0.6,0.0
the smiths,vicar in a tutu,0.0,0.0,0.4,0.8,0.0,0.4,0.4,0.0
pink floyd,astronomy domine,0.0,0.0,0.0,0.0,0.0,0.0,1.0,0.0
radiohead,where i end and you begin,0.6,0.4,0.0,0.0,0.2,0.0,0.8,0.0
placebo,running up that hill,0.2,0.8,0.0,0.0,0.8,0.0,0.6,0.0
art brut,formed a band,0.2,0.0,0.8,1.0,0.0,0.2,0.0,0.0
david bowie,oh! you pretty things,0.0,0.2,0.2,0.2,0.0,0.6,0.6,0.2
joanna newsom,sprout and the bean,0.0,0.2,0.2,0.0,0.2,0.0,0.8,0.0
evanescence,hello,0.0,1.0,0.0,0.0,0.0,0.0,0.6,0.0
whitesnake,here i go again,0.2,0.4,0.0,0.0,0.4,0.0,0.2,0.0
yeah yeah yeahs,cold light,0.4,0.4,0.0,0.0,0.2,0.0,0.6,0.0
aphex twin,avril 14th,0.0,0.0,0.0,0.0,0.0,0.0,0.0,0.0
oasis,acquiesce,0.0,0.0,0.6,0.0,0.4,0.0,0.4,0.0
nouvelle vague,too drunk to fuck,0.4,0.0,0.2,1.0,0.0,0.0,0.0,1.0
imogen heap,loose ends,0.4,0.4,0.0,0.2,0.6,0.0,0.4,0.0
sonic youth,teen age riot,0.2,0.0,0.4,0.2,0.0,0.6,0.6,0.0
amy winehouse,me & mr jones,0.6,0.4,0.0,0.2,0.8,0.2,0.2,0.4
queen,the show must go on,0.0,0.8,0.0,0.0,0.0,0.0,0.4,0.0
the killers,uncle jonny,0.2,0.4,0.0,0.2,0.0,0.2,0.2,0.4
massive attack,karmacoma,0.4,0.2,0.0,0.2,0.0,0.2,0.8,0.0
morrissey,everyday is like sunday,0.4,1.0,0.0,0.2,0.0,0.4,0.4,0.0
the beatles,tomorrow never knows,0.0,0.0,0.0,0.0,0.0,0.0,1.0,0.0
beirut,guyamas sonora,0.0,0.2,0.0,0.0,0.0,0.0,0.6,0.0
tool,ticks & leeches,1.0,0.0,0.0,0.0,0.0,0.2,0.4,0.4
muse,showbiz,0.6,0.4,0.0,0.0,0.0,0.6,0.6,0.0
the knife,listen now,0.4,0.2,0.2,0.0,0.2,0.0,0.4,0.0
fleet foxes,quiet houses,0.0,0.4,0.2,0.0,0.2,0.0,0.6,0.0
röyksopp,what else is there?,0.0,0.6,0.0,0.0,0.4,0.0,0.8,0.0
elliott smith,no name no. 5,0.2,1.0,0.0,0.0,0.6,0.0,0.4,0.0
goldfrapp,utopia,0.0,0.0,0.2,0.0,0.4,0.2,0.8,0.0
air,space maker,0.0,0.0,0.0,0.0,0.0,0.0,0.0,0.0
pixies,dead,0.4,0.0,0.0,0.2,0.0,0.2,0.4,0.2
u2,elevation,0.0,0.0,0.8,0.0,0.4,0.0,0.4,0.0
bob marley & the wailers,three little birds,0.0,0.0,1.0,0.0,0.0,0.0,0.2,0.0
radiohead,like spinning plates,0.4,0.4,0.0,0.0,0.0,0.6,0.8,0.0
bon iver,the wolves (act i and ii),0.4,0.8,0.0,0.0,0.6,0.0,0.6,0.0
outkast,hey ya!,0.2,0.6,0.4,0.6,0.8,0.0,0.2,0.2
crystal castles,crimewave (crystal castles vs. health),0.2,0.2,0.0,0.0,0.2,0.0,0.6,0.0
tori amos,a sorta fairytale,0.0,0.6,0.0,0.0,0.8,0.0,0.6,0.0
morrissey,suedehead,0.4,0.4,0.0,0.2,0.4,0.0,0.2,0.0
broken social scene,fire eye'd boy,0.0,0.0,0.4,0.0,0.4,0.0,0.6,0.0
we are scientists,inaction,0.4,0.4,0.0,0.2,0.6,0.0,0.2,0.0
weezer,my name is jonas,0.4,0.2,0.2,0.0,0.0,0.4,0.4,0.0
coldplay,x&y,0.2,0.6,0.2,0.0,0.8,0.0,0.6,0.0
air,new star in the sky,0.0,0.0,0.6,0.0,0.6,0.0,0.4,0.0
the go! team,the power is on,0.0,0.0,1.0,0.0,0.0,0.0,0.2,0.0
regina spektor,that time,0.0,0.2,0.6,0.6,0.0,0.0,0.2,0.0
boards of canada,into the rainbow vein,0.0,0.0,0.0,0.0,0.0,0.0,0.0,0.0
elbow,grounds for divorce,0.4,0.6,0.0,0.4,0.2,0.0,0.4,0.0
tool,disposition,0.0,0.0,0.0,0.0,0.0,0.0,0.6,0.0
electric light orchestra part ii,mr. blue sky,0.0,0.0,1.0,0.0,0.0,0.0,0.4,0.0
the knife,you take my breath away,0.0,0.0,0.4,0.0,1.0,0.0,0.4,0.0
natalia barbu,fight,0.4,0.0,0.2,0.0,0.0,0.2,0.2,0.0
in flames,the quiet place,0.6,0.4,0.0,0.0,0.0,0.0,0.4,0.0
yo la tengo,stockholm syndrome,0.0,0.8,0.0,0.0,0.8,0.0,0.2,0.0
beck,nausea,0.4,0.2,0.0,0.2,0.0,0.4,0.6,0.0
the stooges,search and destroy,1.0,0.2,0.0,0.0,0.2,0.2,0.6,0.2
nine inch nails,the wretched,0.8,0.6,0.0,0.0,0.0,0.0,0.4,0.4
weezer,the world has turned and left me here,0.0,1.0,0.0,0.0,0.8,0.0,0.4,0.0
cut copy,unforgettable season,0.0,0.2,0.8,0.0,0.4,0.0,0.4,0.0
beck,think i'm in love,0.0,0.0,0.6,0.2,1.0,0.0,0.2,0.0
beirut,the penalty,0.0,0.8,0.0,0.0,0.4,0.0,0.4,0.0
30 seconds to mars,a beautiful lie,0.4,0.4,0.0,0.0,0.0,0.2,0.4,0.0
muse,ruled by secrecy,0.4,0.6,0.0,0.0,0.0,0.6,0.6,0.0
the go! team,feelgood by numbers,0.0,0.0,0.0,0.0,0.0,0.0,0.0,0.0
thom yorke,skip divided,0.4,0.6,0.0,0.0,0.4,0.0,0.6,0.0
my bloody valentine,to here knows when,0.0,0.2,0.4,0.0,0.6,0.0,1.0,0.0
boards of canada,a moment of clarity,0.0,0.0,0.0,0.0,0.0,0.0,0.0,0.0
my bloody valentine,soon,0.0,0.0,0.4,0.0,0.6,0.0,0.8,0.0
wilco,radio cure,0.0,1.0,0.0,0.0,0.8,0.0,0.6,0.0
travis,writing to reach you,0.0,0.6,0.0,0.2,0.8,0.0,0.4,0.0
thom yorke,the clock,0.2,0.4,0.0,0.0,0.0,0.4,0.6,0.0
spoon,you got yr. cherry bomb,0.0,0.2,0.4,0.0,0.2,0.0,0.4,0.0
bob dylan,the times they are a-changin',0.4,0.0,0.0,0.0,0.0,1.0,0.2,0.0
the smiths,shoplifters of the world unite,0.4,0.0,0.0,0.4,0.0,0.6,0.4,0.0
hard-fi,cash machine,0.4,0.4,0.0,0.2,0.0,0.6,0.2,0.0
kaiser chiefs,you can have it all,0.0,0.2,0.6,0.0,0.8,0.0,0.2,0.0
neutral milk hotel,oh comely,0.4,1.0,0.0,0.0,0.6,0.2,0.8,0.4
portishead,over,0.2,1.0,0.0,0.0,0.8,0.0,0.4,0.0
the smiths,you've got everything now,0.4,0.8,0.0,0.2,0.0,0.2,0.2,0.0
antony and the johnsons,you are my sister,0.0,0.6,0.2,0.0,0.8,0.0,0.2,0.0
babyshambles,delivery,0.2,0.0,0.4,0.4,0.0,0.2,0.4,0.0
blur,the universal,0.0,0.4,0.4,0.2,0.0,0.6,0.4,0.0
queens of the stone age,medication,0.4,0.2,0.0,0.0,0.0,0.2,0.4,0.0
moby,in this world,0.0,0.8,0.0,0.0,0.0,0.0,0.2,0.0
red hot chili peppers,around the world,0.0,0.0,0.8,0.4,0.4,0.0,0.4,0.0
black rebel motorcycle club,restless sinner,0.2,0.4,0.0,0.0,0.0,0.0,0.4,0.0
jamiroquai,virtual insanity,0.2,0.4,0.0,0.0,0.0,0.8,0.4,0.0
porcupine tree,the sound of muzak,0.4,0.4,0.0,0.0,0.0,0.6,0.4,0.0
broken social scene,our faces split the coast in half,0.0,0.4,0.2,0.0,0.4,0.0,0.8,0.0
katatonia,my twin,0.4,1.0,0.0,0.0,0.4,0.0,0.4,0.0
justice,newjack,0.0,0.0,0.0,0.0,0.0,0.0,0.0,0.0
the doors,touch me,0.0,0.0,0.6,0.0,1.0,0.0,0.2,0.0
burial,archangel,0.0,0.8,0.0,0.0,0.8,0.0,0.8,0.0
snow patrol,set the fire to the third bar,0.0,0.8,0.0,0.0,1.0,0.0,0.4,0.0
the new pornographers,the bleeding heart show,0.0,0.2,0.4,0.0,0.2,0.0,0.6,0.0
björk,possibly maybe,0.0,0.6,0.0,0.0,0.8,0.0,0.6,0.0
m.i.a.,bucky done gun,0.4,0.0,0.2,0.2,0.0,0.6,0.4,0.2
lcd soundsystem,someone great,0.2,1.0,0.0,0.0,0.2,0.0,0.2,0.0
coldplay,we never change,0.0,0.6,0.2,0.0,0.4,0.0,0.2,0.0
cut copy,we fight for diamonds,0.2,0.0,0.2,0.0,0.0,0.2,0.4,0.0
green day,basket case,0.2,0.4,0.0,0.4,0.0,0.0,0.2,0.4
editors,fingers in the factories,0.2,0.8,0.0,0.0,0.6,0.2,0.6,0.0
mylo,drop the pressure,0.0,0.0,0.0,0.0,0.0,0.0,0.2,0.0
nine inch nails,all the love in the world,0.4,0.8,0.0,0.0,0.8,0.0,0.4,0.0
the raconteurs,hands,0.4,0.2,0.0,0.0,0.4,0.2,0.4,0.0
midlake,roscoe,0.0,0.6,0.2,0.0,0.0,0.2,0.4,0.0
sufjan stevens,the man of metropolis steals our hearts,0.0,0.0,0.6,0.2,0.4,0.2,0.6,0.0
the mars volta,inertiatic esp,0.4,0.4,0.0,0.0,0.0,0.0,1.0,0.0
spoon,the two sides of monsieur valentine,0.0,0.2,0.2,0.2,0.0,0.0,0.4,0.0
portishead,cowboys,0.4,0.6,0.0,0.0,0.2,0.0,0.6,0.0
of montreal,gronlandic edit,0.2,0.6,0.2,0.4,0.0,0.2,0.6,0.0
the killers,my list,0.0,0.2,0.4,0.0,0.8,0.0,0.2,0.0
led zeppelin,tangerine,0.0,0.8,0.0,0.0,1.0,0.0,0.4,0.0
evanescence,tourniquet,0.4,1.0,0.0,0.0,0.0,0.0,0.6,0.2
nick drake,things behind the sun,0.2,0.6,0.2,0.0,0.0,0.2,0.6,0.0
spoon,don't you evah,0.0,0.2,0.2,0.0,0.0,0.0,0.2,0.0
black rebel motorcycle club,lien on your dreams,0.2,0.6,0.0,0.0,0.0,0.4,0.6,0.0
simon & garfunkel,the only living boy in new york,0.0,0.6,0.2,0.0,0.0,0.0,0.4,0.0
the national,secret meeting,0.2,0.8,0.0,0.0,0.4,0.2,0.6,0.0
modest mouse,this devil's workday,0.4,0.0,0.0,0.4,0.0,0.2,0.8,0.0
justice,valentine,0.0,0.0,0.0,0.0,0.0,0.0,0.0,0.0
tenacious d,tribute,0.0,0.0,0.4,1.0,0.0,0.0,0.2,0.2
iron & wine,sunset soon forgotten,0.0,0.6,0.2,0.0,0.2,0.0,0.6,0.0
travis,love will come through,0.0,0.2,0.4,0.0,1.0,0.0,0.2,0.0
bright eyes,four winds,0.6,0.4,0.0,0.2,0.0,0.8,0.4,0.0
placebo,taste in men,0.4,0.4,0.0,0.0,0.6,0.0,0.4,0.2
the rakes,22 grand job,0.2,0.0,0.2,0.2,0.0,0.6,0.0,0.0
placebo,bruise pristine,0.4,0.2,0.0,0.0,0.4,0.0,0.6,0.2
remy zero,fair,0.2,0.8,0.0,0.0,0.8,0.0,0.4,0.0
the smiths,these things take time,0.4,0.6,0.0,0.4,0.6,0.0,0.4,0.0
weezer,only in dreams,0.0,0.6,0.2,0.0,1.0,0.0,0.6,0.0
soilwork,stabbing the drama,0.8,0.2,0.0,0.0,0.0,0.4,0.4,0.0
interpol,who do you think,0.4,0.4,0.0,0.0,0.4,0.0,0.6,0.0
modest mouse,parting of the sensory,0.4,0.6,0.0,0.2,0.0,0.6,0.6,0.0
nouvelle vague,love will tear us apart,0.4,1.0,0.0,0.0,1.0,0.0,0.4,0.0
the beatles,good day sunshine,0.0,0.0,1.0,0.2,0.8,0.0,0.0,0.0
modest mouse,education,0.4,0.2,0.0,0.2,0.0,0.6,0.6,0.0
wilco,impossible germany,0.0,0.4,0.2,0.0,0.8,0.0,0.6,0.0
marilyn manson,this is the new shit,0.8,0.0,0.0,0.2,0.0,0.6,0.2,0.6
justice,waters of nazareth,0.0,0.0,0.0,0.0,0.0,0.0,0.0,0.0
silversun pickups,checkered floor,0.4,0.4,0.0,0.0,0.2,0.0,0.6,0.0
justin timberlake,my love (feat. t.i.),0.0,0.0,0.6,0.0,1.0,0.0,0.2,0.0
franz ferdinand,i'm your villain,0.4,0.0,0.0,0.4,0.6,0.0,0.4,0.0
inxs,never tear us apart,0.0,0.2,0.4,0.0,1.0,0.0,0.4,0.0
tori amos,cornflake girl,0.4,0.4,0.0,0.0,0.0,0.4,0.8,0.0
radiohead,talk show host,0.6,0.4,0.0,0.0,0.0,0.0,0.4,0.4
moby,we are all made of stars,0.0,0.2,0.6,0.0,0.0,0.4,0.4,0.0
crystal castles,vanished,0.0,0.4,0.0,0.0,0.4,0.0,0.6,0.0
queens of the stone age,everybody knows that you are insane,0.6,0.0,0.0,0.2,0.0,0.0,0.2,0.0
the white stripes,conquest,0.2,0.0,0.2,0.2,0.8,0.0,0.4,0.0
the strokes,what ever happened?,0.2,0.6,0.0,0.0,0.2,0.4,0.2,0.0
wilco,ashes of american flags,0.4,0.8,0.0,0.0,0.0,0.6,0.6,0.2
the smiths,stop me if you think you've heard this one before,0.2,0.6,0.0,0.4,0.8,0.0,0.4,0.0
coldplay,yes,0.2,0.4,0.2,0.0,0.8,0.0,0.4,0.0
duffy,stepping stone,0.4,0.6,0.0,0.0,1.0,0.0,0.2,0.0
the doors,roadhouse blues,0.0,0.0,0.8,0.2,0.0,0.0,0.2,0.2
blondie,hanging on the telephone,0.4,0.4,0.0,0.0,1.0,0.0,0.2,0.0
oasis,hello,0.4,0.2,0.0,0.0,0.0,0.0,0.4,0.0
art brut,emily kane,0.0,0.8,0.2,0.6,1.0,0.0,0.0,0.0
the smiths,how soon is now,0.2,1.0,0.0,0.0,0.8,0.0,0.2,0.0
beirut,elephant gun,0.0,0.4,0.2,0.0,0.6,0.0,0.6,0.0
amy macdonald,this is the life,0.0,0.0,0.8,0.0,0.2,0.0,0.2,0.0
maroon,won't go home without you,0.0,1.0,0.0,0.0,0.8,0.0,0.2,0.0
death cab for cutie,cath...,0.0,0.8,0.0,0.0,0.6,0.0,0.2,0.0
modest mouse,3rd planet,0.0,0.8,0.2,0.0,0.4,0.0,0.8,0.0
kings of leon,my party,0.0,0.0,0.4,0.0,0.2,0.0,0.2,0.4
the velvet underground,all tomorrow's parties,0.0,0.8,0.0,0.0,0.0,0.4,0.4,0.0
tv on the radio,i was a lover,0.4,0.6,0.0,0.0,0.4,0.6,0.6,0.0
clap your hands say yeah,details of the war,0.2,0.6,0.0,0.0,0.0,0.4,0.8,0.0
massive attack,safe from harm,0.4,0.2,0.0,0.0,0.4,0.4,0.4,0.0
pj harvey,the devil,0.0,0.8,0.0,0.0,0.0,0.0,0.6,0.0
the kooks,i want you,0.0,0.2,0.6,0.0,1.0,0.0,0.2,0.2
neutral milk hotel,ghost,0.0,0.6,0.4,0.0,0.6,0.4,0.8,0.0
joy division,atrocity exhibition,0.4,0.8,0.0,0.0,0.0,0.6,0.6,0.0
joy division,warsaw,0.4,0.0,0.0,0.0,0.0,0.8,0.2,0.0
david bowie,let's dance,0.0,0.2,1.0,0.0,0.6,0.0,0.2,0.0
metric,calculation theme,0.0,0.6,0.0,0.0,0.4,0.2,0.4,0.0
air,napalm love,0.2,0.4,0.0,0.0,0.8,0.2,0.6,0.0
bon iver,blindsided,0.0,0.8,0.0,0.0,0.6,0.0,0.6,0.0
gang of four,damaged goods,0.4,0.2,0.0,0.2,0.6,0.6,0.4,0.0
nine inch nails,sunspots,0.4,0.2,0.0,0.0,0.2,0.0,0.6,0.4
the mars volta,roulette dares (the haunt of),0.4,0.2,0.0,0.0,0.0,0.0,1.0,0.0
broken social scene,ibi dreams of pavement (a better day),0.0,0.2,0.4,0.0,0.2,0.2,0.6,0.0
the libertines,music when the lights go out,0.0,0.8,0.0,0.0,1.0,0.0,0.4,0.0
metric,love is a place,0.0,0.2,0.4,0.0,1.0,0.0,0.6,0.0
keane,we might as well be strangers,0.0,1.0,0.0,0.0,0.8,0.0,0.2,0.0
fischerspooner,never win,0.4,0.0,0.0,0.0,0.0,0.4,0.2,0.0
boards of canada,satellite anthem icarus,0.0,0.0,0.0,0.0,0.0,0.0,0.0,0.0
daft punk,human after all,0.0,0.0,0.0,0.0,0.0,0.2,0.0,0.0
wolf parade,we built another world,0.2,0.4,0.2,0.0,0.2,0.2,0.6,0.0
nick drake,place to be,0.0,1.0,0.0,0.0,0.2,0.0,0.4,0.0
the beatles,girl,0.4,0.6,0.0,0.0,0.8,0.4,0.2,0.0
nine inch nails,my violent heart,0.8,0.2,0.0,0.0,0.0,0.8,0.4,0.2
the clash,clampdown,0.8,0.0,0.0,0.0,0.0,1.0,0.4,0.0
within temptation,ice queen,0.0,0.2,0.0,0.0,0.0,0.0,0.6,0.0
my bloody valentine,blown a wish,0.0,0.4,0.2,0.0,0.8,0.0,0.8,0.0
razorlight,in the morning,0.2,0.4,0.2,0.0,0.2,0.2,0.2,0.0
m83,don't save us from the flames,0.0,0.4,0.2,0.0,0.4,0.0,0.6,0.4
emily haines & the soft skeleton,doctor blind,0.4,0.8,0.0,0.0,0.0,0.8,0.6,0.0
clap your hands say yeah,heavy metal,0.0,0.2,0.2,0.0,0.0,0.0,0.6,0.0
duffy,rockferry,0.0,0.6,0.2,0.0,0.2,0.0,0.4,0.0
clap your hands say yeah,clap your hands!,0.0,0.0,0.6,0.4,0.0,0.0,0.8,0.0
gorillaz,el manana,0.0,0.8,0.0,0.0,0.2,0.0,0.6,0.0
beirut,un dernier verre (pour la route),0.0,0.0,0.0,0.0,0.0,0.0,0.0,0.0
yeah yeah yeahs,zero,0.0,0.0,0.8,0.0,0.0,0.0,0.4,0.0
belle and sebastian,judy and the dream of horses,0.0,0.4,0.4,0.2,0.2,0.0,0.4,0.0
bon iver,for emma,0.2,0.8,0.0,0.0,0.8,0.0,0.4,0.0
silversun pickups,rusted wheel,0.2,0.6,0.0,0.0,0.2,0.0,0.6,0.0
pulp,babies,0.0,0.0,0.4,0.6,0.8,0.0,0.2,0.4
the kills,cheap and cheerful,0.4,0.2,0.0,0.2,0.4,0.0,0.4,0.0
björk,earth intruders,0.4,0.0,0.2,0.0,0.0,0.6,0.8,0.0
my bloody valentine,i only said,0.0,0.2,0.0,0.0,0.6,0.0,1.0,0.0
the pipettes,pull shapes,0.0,0.0,1.0,0.2,0.2,0.0,0.2,0.0
morrissey,first of the gang to die,0.0,0.8,0.2,0.2,0.2,0.6,0.2,0.0
scissor sisters,i don't feel like dancin',0.2,0.4,0.2,0.4,0.6,0.0,0.2,0.0
lcd soundsystem,north american scum,0.2,0.0,0.2,0.8,0.0,0.6,0.2,0.0
madonna,future lovers,0.0,0.0,0.6,0.0,1.0,0.0,0.6,0.0
the velvet underground,pale blue eyes,0.0,1.0,0.0,0.0,0.8,0.0,0.2,0.0
pendulum,propane nightmares,0.4,0.4,0.0,0.0,0.2,0.0,0.6,0.0
röyksopp,follow my ruin,0.4,0.6,0.0,0.0,0.6,0.0,0.4,0.0
the go! team,junior kickstart,0.0,0.0,0.0,0.0,0.0,0.0,0.0,0.0
taking back sunday,makedamnsure,0.8,0.4,0.0,0.0,0.6,0.0,0.2,0.0
radiohead,dollars and cents,0.4,0.2,0.0,0.0,0.0,0.8,0.6,0.0
the chemical brothers,hey boy hey girl,0.0,0.0,0.2,0.0,0.0,0.0,0.0,0.0
rilo kiley,silver lining,0.0,0.4,0.4,0.0,0.8,0.0,0.4,0.0
nine inch nails,just like you imagined,0.0,0.0,0.0,0.0,0.0,0.0,0.0,0.0
bloc party,on,0.2,0.6,0.2,0.0,0.4,0.2,0.4,0.0
interpol,the scale,0.2,0.6,0.0,0.0,0.6,0.0,0.6,0.0
sublime,santeria,0.6,0.2,0.0,0.2,0.4,0.0,0.2,0.6
bloc party,sunday,0.0,0.4,0.2,0.0,0.8,0.0,0.2,0.0
bloc party,plans,0.2,0.8,0.0,0.0,0.8,0.0,0.2,0.0
alanis morissette,head over feet,0.0,0.0,0.8,0.0,1.0,0.0,0.2,0.0
my bloody valentine,loomer,0.0,0.0,0.0,0.0,0.4,0.0,1.0,0.0
the strokes,razorblade,0.4,0.4,0.0,0.2,1.0,0.0,0.4,0.0
portishead,deep water,0.0,0.8,0.0,0.0,0.4,0.0,0.4,0.0
the fratellis,creepin up the backstairs,0.0,0.0,0.6,0.8,0.6,0.0,0.2,0.2
simian mobile disco,hustler,0.0,0.0,0.0,0.0,0.0,0.0,0.0,0.4
cut copy,far away,0.0,0.4,0.4,0.0,0.8,0.0,0.4,0.0
bon iver,re: stacks,0.0,1.0,0.0,0.0,0.8,0.0,0.6,0.0
red hot chili peppers,hump de bump,0.0,0.0,0.8,0.6,0.2,0.0,0.6,0.2
metric,glass ceiling,0.4,0.2,0.0,0.0,0.0,0.6,0.4,0.0
abba,dancing queen,0.0,0.0,1.0,0.0,0.2,0.0,0.2,0.0
ratatat,falcon jab,0.0,0.0,0.0,0.0,0.0,0.0,0.0,0.0
in flames,cloud connected,0.4,0.4,0.0,0.0,0.0,0.0,0.6,0.0
frou frou,must be dreaming,0.2,0.4,0.0,0.0,0.8,0.0,0.6,0.0
belle and sebastian,seeing other people,0.2,0.4,0.2,0.0,1.0,0.0,0.2,0.0
kings of leon,pistol of fire,0.4,0.0,0.0,0.0,0.0,0.0,0.4,0.2
him,the funeral of hearts,0.0,1.0,0.0,0.0,1.0,0.0,0.6,0.0
gorillaz,tomorrow comes today,0.2,0.8,0.0,0.0,0.0,0.4,0.6,0.0
dredg,bug eyes,0.2,0.4,0.0,0.0,0.0,0.0,0.6,0.0
a perfect circle,sleeping beauty,0.2,0.6,0.0,0.0,0.2,0.0,0.6,0.0
franz ferdinand,what you meant,0.4,0.4,0.0,0.2,0.6,0.0,0.2,0.0
death from above 1979,turn it out,0.6,0.0,0.0,0.0,0.2,0.0,0.4,0.2
red hot chili peppers,charlie,0.0,0.2,0.6,0.2,0.4,0.0,0.8,0.0
porcupine tree,lazarus,0.0,1.0,0.0,0.0,0.4,0.0,0.4,0.0
neko case,that teenage feeling,0.0,0.4,0.4,0.0,1.0,0.0,0.4,0.0
fool's garden,lemon tree,0.2,0.6,0.0,0.0,0.2,0.0,0.4,0.0
the undertones,teenage kicks,0.0,0.0,0.8,0.0,1.0,0.0,0.2,0.0
death cab for cutie,grapevine fires,0.0,0.8,0.0,0.0,0.2,0.4,0.4,0.0
vampire weekend,walcott,0.2,0.0,0.4,0.6,0.0,0.2,0.4,0.0
maxïmo park,signal and sign,0.2,0.4,0.0,0.0,0.6,0.0,0.4,0.0
evanescence,everybody's fool,0.6,0.4,0.0,0.0,0.0,0.6,0.4,0.0
deep purple,highway star,0.0,0.0,0.6,0.0,0.2,0.0,0.2,0.0
elliott smith,bled white,0.2,0.8,0.0,0.0,0.4,0.0,0.4,0.0
broken social scene,hotel,0.0,0.0,0.0,0.0,0.0,0.0,0.6,0.0
panic at the disco,time to dance,0.4,0.2,0.2,0.4,0.2,0.0,0.6,0.2
jackson and his computer band,rock on,0.0,0.0,0.2,0.0,0.0,0.0,0.2,0.0
dj shadow,organ donor,0.0,0.0,0.0,0.0,0.0,0.0,0.0,0.0
jeff buckley,eternal life,1.0,0.2,0.0,0.0,0.0,0.8,0.4,0.0
creedence clearwater revisited,bad moon rising,0.0,0.0,0.0,0.0,0.0,0.0,0.2,0.0
massive attack,group four,0.2,0.6,0.0,0.0,0.4,0.0,0.8,0.0
slipknot,before i forget,0.8,0.0,0.0,0.0,0.0,0.2,0.4,0.2
lykke li,little bit,0.0,0.2,0.2,0.0,1.0,0.0,0.2,0.0
vampire weekend,bryn,0.0,0.2,0.4,0.0,0.8,0.0,0.4,0.0
air,surfing on a rocket,0.0,0.2,0.2,0.0,0.4,0.0,0.6,0.0
clap your hands say yeah,in this home on ice,0.0,0.4,0.2,0.2,0.2,0.2,0.6,0.0
blondie,atomic,0.0,0.0,0.2,0.0,0.6,0.0,0.4,0.0
wolf parade,it's a curse,0.4,0.4,0.0,0.0,0.2,0.4,0.6,0.0
kt tunstall,black horse and the cherry tree,0.2,0.0,0.6,0.0,0.4,0.0,0.6,0.0
red hot chili peppers,parallel universe,0.0,0.2,0.0,0.0,0.0,0.0,0.8,0.0
placebo,black-eyed,0.6,0.6,0.0,0.0,0.0,0.2,0.4,0.0
arcade fire,neighborhood #2 (laïka),0.2,0.8,0.0,0.0,0.0,0.2,0.4,0.0
death from above 1979,little girl,0.4,0.0,0.0,0.0,0.2,0.0,0.2,0.2
björk,it's oh so quiet,0.0,0.0,1.0,0.6,1.0,0.0,0.4,0.0
depeche mode,people are people,0.4,0.0,0.0,0.0,0.0,0.8,0.0,0.0
digitalism,zdarlight,0.0,0.0,0.0,0.0,0.0,0.0,0.0,0.0
pink floyd,the thin ice,0.0,0.6,0.0,0.0,0.2,0.2,0.6,0.0
portishead,magic doors,0.2,0.8,0.0,0.0,0.2,0.0,0.4,0.0
metric,iou,0.4,0.2,0.0,0.0,0.0,0.4,0.4,0.0
architecture in helsinki,imaginary ordinary,0.0,0.2,0.6,0.2,0.6,0.0,0.6,0.0
the who,won't get fooled again,0.6,0.0,0.0,0.0,0.0,1.0,0.4,0.0
joy division,colony,0.6,0.4,0.0,0.0,0.0,0.4,0.6,0.0
the national,racing like a pro,0.0,0.8,0.0,0.0,0.2,0.0,0.4,0.0
tokyo police club,nature of the experiment,0.2,0.2,0.0,0.0,0.0,0.4,0.6,0.0
franz ferdinand,lucid dreams,0.4,0.4,0.0,0.0,0.4,0.0,0.6,0.0
wilco,kamera,0.0,0.4,0.0,0.0,0.4,0.0,0.6,0.0
bob dylan,mr. tambourine man,0.0,0.2,0.4,0.0,0.0,0.0,1.0,0.0
gorillaz,intro,0.0,0.0,0.0,0.0,0.0,0.0,0.0,0.0
gossip,standing in the way of control,0.4,0.0,0.0,0.0,0.0,1.0,0.2,0.0
coldplay,twisted logic,0.4,0.6,0.0,0.0,0.0,0.6,0.6,0.0
röyksopp,someone like me,0.0,0.6,0.2,0.0,0.8,0.0,0.4,0.0
the knife,one for you,0.0,0.4,0.2,0.0,0.8,0.0,0.4,0.0
róisín murphy,overpowered,0.0,0.0,0.6,0.0,1.0,0.0,0.6,0.0
the subways,rock & roll queen,0.0,0.0,0.8,0.0,1.0,0.0,0.2,0.0
the knife,is it medicine,0.2,0.4,0.0,0.0,0.2,0.2,0.6,0.0
metric,patriarch on a vespa,0.4,0.0,0.0,0.2,0.0,0.6,0.4,0.0
silversun pickups,little lover's so polite,0.4,0.4,0.0,0.0,0.6,0.0,0.6,0.0
gorillaz,all alone,0.4,0.6,0.0,0.2,0.0,0.2,0.8,0.0
jeff buckley,dream brother,0.4,0.8,0.0,0.0,0.0,0.0,0.8,0.0
m.i.a.,bamboo banga,0.2,0.0,0.4,0.2,0.0,0.6,0.4,0.2
spiritualized,ladies and gentlemen we are floating in space,0.0,0.6,0.2,0.0,1.0,0.0,0.4,0.0
system of a down,question!,0.2,0.4,0.0,0.0,0.0,0.0,0.8,0.0
the cure,plainsong,0.0,1.0,0.0,0.0,0.0,0.0,0.6,0.0
the strokes,on the other side,0.2,0.6,0.0,0.0,0.2,0.2,0.4,0.0
nine inch nails,lights in the sky,0.0,0.8,0.0,0.0,0.4,0.0,0.4,0.0
the boy least likely to,be gentle with me,0.0,0.2,0.6,0.2,0.8,0.0,0.2,0.0
the strokes,the end has no end,0.2,0.4,0.0,0.0,0.2,0.4,0.6,0.0
iron maiden,2 minutes to midnight,0.6,0.2,0.0,0.2,0.0,1.0,0.4,0.2
black sabbath,war pigs,1.0,0.2,0.0,0.0,0.0,1.0,0.4,0.0
kings of leon,manhattan,0.0,0.2,0.4,0.0,0.6,0.0,0.4,0.0
system of a down,revenga,0.8,0.2,0.0,0.0,0.4,0.0,0.4,0.0
goldfrapp,fly me away,0.0,0.0,0.6,0.0,0.8,0.0,0.4,0.0
portishead,half day closing,0.2,0.8,0.0,0.0,0.2,0.4,0.4,0.0
the go! team,get it together,0.0,0.0,0.0,0.0,0.0,0.0,0.0,0.0
maxïmo park,limassol,0.4,0.4,0.0,0.0,0.4,0.0,0.4,0.0
david bowie,five years,0.2,1.0,0.0,0.0,0.0,0.6,0.4,0.0
nelly furtado,no hay igual,0.0,0.0,0.6,0.2,0.4,0.0,0.2,0.4
muse,screenager,0.2,0.6,0.0,0.0,0.0,0.6,0.6,0.0
sigur rós,ágætis byrjun,0.0,0.0,0.8,0.0,0.0,0.0,0.4,0.0
elliott smith,cupid's trick,0.6,0.4,0.0,0.0,0.6,0.0,0.4,0.2
elliott smith,everything means nothing to me,0.0,1.0,0.0,0.0,0.0,0.0,0.6,0.0
pixies,la la love you,0.0,0.0,0.8,0.6,1.0,0.0,0.0,0.2
u2,the unforgettable fire,0.0,0.4,0.2,0.0,0.4,0.2,0.8,0.0
pixies,i bleed,0.4,0.4,0.0,0.0,0.0,0.0,0.8,0.2
stars,elevator love letter,0.0,0.6,0.2,0.0,0.8,0.2,0.4,0.0
kings of leon,revelry,0.0,0.8,0.2,0.0,0.6,0.0,0.4,0.0
the whitest boy alive,burning,0.2,0.4,0.2,0.0,0.6,0.0,0.4,0.0
nine inch nails,love is not enough,0.6,0.8,0.0,0.0,0.6,0.0,0.4,0.0
the clash,white riot,1.0,0.0,0.0,0.0,0.0,1.0,0.0,0.0
editors,camera,0.0,0.8,0.0,0.0,0.4,0.0,0.6,0.0
the fratellis,for the girl,0.2,0.0,0.6,0.6,0.6,0.0,0.2,0.0
pixies,break my body,0.4,0.0,0.0,0.2,0.0,0.0,0.6,0.4
metric,empty,0.4,0.6,0.0,0.0,0.2,0.0,0.4,0.0
kate bush,wuthering heights,0.2,0.6,0.0,0.0,1.0,0.0,0.8,0.0
architecture in helsinki,the owls go,0.0,0.0,0.6,0.6,0.0,0.0,0.8,0.0
a perfect circle,the nurse who loved me,0.0,0.4,0.0,0.0,0.4,0.0,0.8,0.2
the white stripes,you don't know what love is (you just do as you're told),0.6,0.0,0.0,0.0,0.8,0.2,0.2,0.0
pearl jam,once,0.8,0.2,0.0,0.0,0.2,0.0,0.4,0.6
jimi hendrix,little wing,0.0,0.2,0.4,0.0,0.6,0.0,0.8,0.0
in flames,metaphor,0.4,0.4,0.0,0.0,0.2,0.0,0.6,0.0
animal collective,summertime clothes,0.0,0.0,0.8,0.2,0.8,0.0,0.6,0.2
the decemberists,yankee bayonet (i will be home then),0.0,0.8,0.0,0.0,1.0,0.4,0.4,0.0
kings of leon,crawl,0.6,0.0,0.0,0.0,0.0,0.6,0.4,0.0
blue öyster cult,(don't fear) the reaper,0.0,0.4,0.0,0.0,0.8,0.0,0.4,0.0
mogwai,we're no here,0.0,0.0,0.0,0.0,0.0,0.0,0.0,0.0
justin timberlake,futuresex/lovesound,0.0,0.0,0.2,0.0,1.0,0.0,0.2,0.6
kings of leon,true love way,0.2,0.4,0.2,0.0,1.0,0.0,0.4,0.0
scissor sisters,comfortably numb,0.0,0.6,0.0,0.0,0.0,0.0,0.6,0.0
aerosmith,i don't want to miss a thing,0.0,0.2,0.4,0.0,1.0,0.0,0.2,0.0
queen,you're my best friend,0.0,0.0,1.0,0.0,1.0,0.0,0.2,0.0
yo la tengo,autumn sweater,0.0,0.4,0.2,0.0,0.8,0.0,0.4,0.0
massive attack,what your soul sings,0.0,0.4,0.2,0.0,0.2,0.0,0.4,0.0
nine inch nails,right where it belongs,0.2,0.8,0.0,0.0,0.0,0.4,0.6,0.0
the kills,u.r.a. fever,0.0,0.0,0.0,0.0,0.6,0.0,0.6,0.0
fleet foxes,heard them stirring,0.0,0.0,0.0,0.0,0.0,0.0,0.0,0.0
bat for lashes,trophy,0.4,0.2,0.0,0.0,0.2,0.4,0.6,0.0
bob marley & the wailers,buffalo soldier,0.4,0.4,0.2,0.0,0.0,0.8,0.2,0.0
the clash,spanish bombs,0.4,0.4,0.2,0.0,0.2,0.8,0.4,0.0
red hot chili peppers,road trippin',0.0,0.0,0.8,0.0,0.0,0.0,0.2,0.0
ladytron,playgirl,0.0,0.4,0.0,0.0,0.0,0.4,0.4,0.0
mando diao,sheepdog,0.4,0.0,0.4,0.2,0.0,0.0,0.4,0.0
oasis,lyla,0.0,0.0,0.4,0.0,0.6,0.0,0.4,0.0
the clash,brand new cadillac,0.4,0.2,0.0,0.4,0.2,0.0,0.0,0.2
cut copy,midnight runner,0.0,0.0,0.6,0.0,0.6,0.0,0.4,0.0
britney spears,kill the lights,0.4,0.0,0.0,0.0,0.0,0.6,0.2,0.0
the libertines,what katie did,0.0,0.6,0.2,0.2,0.6,0.0,0.2,0.0
the clash,hateful,0.4,0.2,0.0,0.2,0.0,0.2,0.4,0.0
nine inch nails,the good soldier,0.4,0.4,0.0,0.0,0.0,0.8,0.4,0.0
pixies,caribou,0.4,0.2,0.0,0.0,0.0,0.0,0.8,0.0
foo fighters,my hero,0.2,0.0,0.4,0.0,0.0,0.0,0.4,0.0
broken social scene,almost crimes (radio kills remix),0.2,0.2,0.0,0.0,0.4,0.2,0.6,0.0
black rebel motorcycle club,too real,0.2,0.4,0.0,0.0,0.0,0.0,0.4,0.0
blur,there's no other way,0.2,0.4,0.0,0.0,0.0,0.2,0.2,0.0
modest mouse,gravity rides everything,0.0,0.4,0.0,0.0,0.0,0.0,0.6,0.0
blur,end of a century,0.2,0.4,0.0,0.4,0.6,0.2,0.2,0.0
bat for lashes,what's a girl to do?,0.0,1.0,0.0,0.0,1.0,0.0,0.4,0.0
onerepublic,apologize,0.4,1.0,0.0,0.0,1.0,0.0,0.4,0.0
tegan and sara,you wouldn't like me,0.2,0.8,0.0,0.0,0.8,0.0,0.2,0.0
camera obscura,let's get out of this country,0.0,0.6,0.2,0.0,0.2,0.0,0.2,0.0
queens of the stone age,tangled up in plaid,0.4,0.2,0.0,0.0,0.4,0.0,0.6,0.2
nine inch nails,heresy,1.0,0.0,0.0,0.0,0.0,0.8,0.4,0.0
disturbed,down with the sickness,1.0,0.2,0.0,0.0,0.0,0.2,0.4,0.8
phoenix,too young,0.0,0.2,0.8,0.0,0.8,0.0,0.2,0.0
iamx,president,0.6,0.2,0.0,0.0,0.0,0.8,0.6,0.0
kiss,detroit rock city,0.0,0.2,0.6,0.0,0.0,0.0,0.2,0.2
mogwai,kids will be skeletons,0.0,0.0,0.0,0.0,0.0,0.0,0.0,0.0
pink floyd,young lust,0.2,0.2,0.0,0.0,0.0,0.0,0.0,0.2
pink floyd,shine on you crazy diamond,0.0,0.8,0.0,0.0,0.0,0.0,0.8,0.0
patrick wolf,the gypsy king,0.0,0.2,0.6,0.0,0.4,0.0,0.6,0.0
the white stripes,dead leaves and the dirty ground,0.2,0.8,0.2,0.0,0.8,0.0,0.4,0.0
black rebel motorcycle club,gospel song,0.0,0.4,0.2,0.0,0.2,0.0,0.4,0.0
belle and sebastian,dear catastrophe waitress,0.0,0.2,0.6,0.6,0.2,0.2,0.4,0.0
the doors,l.a. woman,0.0,0.2,0.4,0.2,0.4,0.2,0.6,0.0
belle and sebastian,if you're feeling sinister,0.0,0.6,0.0,0.2,0.2,0.6,0.4,0.0
air,another day,0.0,0.6,0.2,0.0,0.6,0.0,0.4,0.0
grandaddy,the crystal lake,0.0,0.6,0.0,0.0,0.0,0.2,0.4,0.0
simple minds,don't you (forget about me),0.0,0.4,0.2,0.0,0.8,0.0,0.2,0.0
new order,crystal,0.4,0.6,0.2,0.0,0.8,0.0,0.4,0.0
queen,bicycle race,0.0,0.0,0.8,0.8,0.0,0.2,0.2,0.2
sigur rós,ný batterí,0.0,0.4,0.0,0.0,0.0,0.0,0.8,0.0
madonna,i love new york,0.4,0.0,0.8,0.2,0.2,0.0,0.2,0.4
clap your hands say yeah,blue turning gray,0.0,0.6,0.0,0.0,0.2,0.0,0.6,0.0
explosions in the sky,your hand in mine,0.0,0.0,0.0,0.0,0.0,0.0,0.0,0.0
the killers,losing touch,0.2,0.4,0.0,0.0,0.2,0.0,0.4,0.0
the strokes,meet me in the bathroom,0.2,0.0,0.0,0.2,0.4,0.0,0.2,0.4
nick drake,which will,0.0,0.4,0.0,0.0,0.4,0.0,0.6,0.0
cat power,good woman,0.0,1.0,0.0,0.0,0.8,0.0,0.2,0.0
the rakes,retreat,0.4,0.4,0.0,0.2,0.0,0.2,0.2,0.0
nancy sinatra,bang bang (my baby shot me down),0.2,1.0,0.0,0.0,0.8,0.0,0.4,0.0
broken social scene,windsurfing nation,0.2,0.2,0.2,0.0,0.0,0.4,0.6,0.0
the spinto band,oh mandy,0.0,0.4,0.6,0.2,1.0,0.0,0.4,0.0
kasabian,cutt off,0.4,0.0,0.0,0.0,0.0,0.4,0.6,0.0
jack johnson,no other way,0.0,0.6,0.0,0.0,0.8,0.0,0.2,0.0
the smiths,never had no one ever,0.0,1.0,0.0,0.0,0.4,0.0,0.4,0.0
kaiser chiefs,what did i ever give you?,0.4,0.6,0.0,0.2,0.8,0.0,0.2,0.0
the smiths,sheila take a bow,0.2,0.2,0.8,0.4,0.4,0.2,0.2,0.0
in flames,trigger,0.8,0.2,0.0,0.0,0.0,0.0,0.4,0.0
fujiya & miyagi,collarbone,0.0,0.0,0.2,0.2,0.6,0.0,0.4,0.0
animal collective,did you see the words,0.0,0.2,0.6,0.2,0.4,0.0,0.8,0.0
broken social scene,major label debut,0.0,0.2,0.4,0.0,0.2,0.2,0.6,0.0
modest mouse,fly trapped in a jar,0.4,0.4,0.0,0.2,0.0,0.2,0.6,0.0
dread zeppelin,misty mountain hop,0.2,0.0,0.2,0.2,0.0,0.6,0.4,0.0
depeche mode,halo,0.0,0.4,0.2,0.0,0.8,0.0,0.6,0.0
the futureheads,meantime,0.4,0.2,0.2,0.4,0.2,0.0,0.4,0.0
portishead,humming,0.0,0.8,0.0,0.0,0.6,0.0,0.6,0.0
ramones,i wanna be sedated,0.2,0.2,0.0,0.4,0.0,0.0,0.0,0.2
the beatles,drive my car,0.0,0.0,0.8,0.6,0.4,0.0,0.2,0.0
radiohead,thinking about you,0.2,0.8,0.0,0.0,0.8,0.0,0.4,0.0
boards of canada,turquoise hexagon sun,0.0,0.0,0.0,0.0,0.0,0.0,0.0,0.0
belle and sebastian,sukie in the graveyard,0.0,0.2,0.8,0.6,0.4,0.2,0.4,0.0
guns n' roses,civil war,0.6,0.4,0.0,0.0,0.0,1.0,0.2,0.0
david bowie,moonage daydream,0.2,0.0,0.6,0.2,0.6,0.0,0.8,0.4
the smashing pumpkins,eye,0.4,0.2,0.0,0.0,0.2,0.0,0.8,0.0
nine inch nails,letting you,0.8,0.2,0.0,0.0,0.0,0.8,0.4,0.0
tegan and sara,where does the good go,0.2,0.8,0.0,0.0,0.8,0.0,0.4,0.0
spoon,the underdog,0.4,0.0,0.0,0.0,0.0,0.4,0.2,0.0
mindless self indulgence,shut me up,0.6,0.0,0.2,0.8,0.2,0.0,0.4,1.0
cold war kids,we used to vacation,0.2,1.0,0.0,0.0,0.4,0.0,0.2,0.0
the killers,this is your life,0.0,0.4,0.2,0.0,0.2,0.0,0.4,0.0
guillemots,trains to brazil,0.0,0.2,0.8,0.0,0.2,0.4,0.4,0.0
cocorosie,terrible angels,0.0,0.4,0.2,0.2,0.2,0.0,0.8,0.0
new young pony club,get lucky,0.0,0.0,0.4,0.2,0.6,0.0,0.2,0.2
elliott smith,punch and judy,0.4,0.8,0.0,0.2,0.6,0.0,0.4,0.0
my bloody valentine,touched,0.0,0.0,0.0,0.0,0.0,0.0,1.0,0.0
muse,megalomania,0.6,0.4,0.0,0.0,0.0,0.8,0.6,0.0
the beatles,maxwell's silver hammer,0.0,0.0,0.2,0.8,0.2,0.0,0.4,0.0
björk,isobel,0.0,0.2,0.2,0.0,0.2,0.0,0.8,0.0
keane,your eyes open,0.2,0.6,0.0,0.0,0.6,0.0,0.2,0.0
tool,hooker with a penis,,,,,,,,
depeche mode,behind the wheel,0.0,0.0,0.0,0.0,0.6,0.0,0.4,0.0
the libertines,don't look back into the sun,0.4,0.6,0.2,0.0,0.2,0.0,0.4,0.0
pink floyd,welcome to the machine,0.4,0.6,0.0,0.0,0.0,0.6,0.6,0.0
gwen stefani,the sweet escape,0.0,0.2,0.8,0.0,0.8,0.0,0.2,0.0
mogwai,killing all the flies,0.0,0.0,0.0,0.0,0.0,0.0,0.0,0.0
!!!,heart of hearts,0.0,0.2,0.2,0.0,0.6,0.0,0.2,0.0
nine inch nails,god given,0.6,0.0,0.0,0.0,0.0,0.8,0.4,0.0
rammstein,keine lust,0.2,0.4,0.0,0.4,0.0,0.2,0.0,0.2
rage against the machine,wake up,1.0,0.0,0.0,0.0,0.0,1.0,0.2,0.0
franz ferdinand,send him away,0.4,0.2,0.0,0.2,0.6,0.0,0.2,0.0
cansei de ser sexy,patins,0.0,0.0,0.6,0.4,0.2,0.0,0.4,0.0
bon iver,creature fear,0.2,0.8,0.0,0.0,0.6,0.0,0.6,0.0
beastie boys,sabotage,1.0,0.0,0.0,0.0,0.0,0.0,0.2,0.0
pixies,mr. grieves,0.0,0.4,0.0,0.4,0.0,0.2,0.8,0.0
aqualung,strange and beautiful (i'll put a spell on you),0.0,0.8,0.0,0.0,1.0,0.0,0.4,0.0
david bowie,sound and vision,0.0,0.4,0.2,0.0,0.0,0.0,0.6,0.0
vampire weekend,m79,0.0,0.2,0.6,0.4,0.4,0.2,0.4,0.0
explosions in the sky,six days at the bottom of the ocean,0.0,0.0,0.0,0.0,0.0,0.0,0.0,0.0
i'm from barcelona,we're from barcelona,0.0,0.0,1.0,0.2,0.0,0.0,0.2,0.0
pearl jam,oceans,0.0,0.4,0.2,0.0,0.8,0.0,0.6,0.0
pixies,crackity jones,0.8,0.0,0.0,0.4,0.0,0.0,0.2,0.0
beck,lost cause,0.2,1.0,0.0,0.0,0.8,0.0,0.4,0.0
keane,leaving so soon?,0.6,0.2,0.0,0.0,0.2,0.0,0.2,0.0
the fray,she is,0.2,0.6,0.2,0.0,0.8,0.0,0.4,0.0
sonic youth,reena,0.0,0.2,0.4,0.0,0.6,0.0,0.4,0.0
belle and sebastian,the fox in the snow,0.0,1.0,0.0,0.0,0.2,0.4,0.4,0.0
bloc party,kreuzberg,0.2,0.8,0.0,0.0,0.6,0.0,0.2,0.2
m83,run into flowers,0.0,0.2,0.4,0.0,0.0,0.0,1.0,0.0
wilco,war on war,0.0,0.4,0.2,0.0,0.0,0.4,0.6,0.0
franz ferdinand,turn it on,0.0,0.0,0.4,0.2,0.8,0.0,0.2,0.2
modest mouse,black cadillacs,0.4,0.2,0.0,0.2,0.0,0.4,0.6,0.0
modest mouse,little motel,0.2,1.0,0.0,0.0,0.8,0.0,0.4,0.0
metric,the list,0.4,0.2,0.0,0.2,0.0,0.4,0.4,0.0
hot chip,boy from school,0.0,0.8,0.0,0.0,0.4,0.0,0.4,0.0
peter bjorn and john,amsterdam,0.2,0.6,0.2,0.0,0.4,0.0,0.4,0.0
cat power,free,0.0,0.4,0.2,0.0,0.2,0.0,0.6,0.0
franz ferdinand,outsiders,0.2,0.4,0.2,0.0,0.2,0.2,0.4,0.0
deftones,change (in the house of flies),0.2,0.6,0.0,0.0,0.0,0.0,0.8,0.2
the beatles,she's leaving home,0.0,1.0,0.0,0.0,0.2,0.4,0.2,0.0
dread zeppelin,celebration day,0.2,0.2,0.6,0.0,0.0,0.6,0.4,0.0
nightwish,amaranth,0.0,0.6,0.0,0.0,0.2,0.0,0.8,0.0
deftones,digital bath,0.2,0.2,0.0,0.0,0.6,0.0,0.8,0.2
hot hot heat,goodnight goodnight,0.4,0.4,0.0,0.2,0.8,0.0,0.2,0.0
broken social scene,finish your collapse and stay for breakfast,0.0,0.0,0.0,0.0,0.0,0.0,0.0,0.0
the clash,jimmy jazz,0.2,0.0,0.2,0.4,0.0,0.4,0.2,0.0
the beatles,dear prudence,0.0,0.2,0.6,0.0,0.2,0.0,0.4,0.0
linkin park,papercut,0.6,0.2,0.0,0.0,0.0,0.0,0.4,0.0
pendulum,slam,0.0,0.0,0.0,0.0,0.0,0.0,0.0,0.0
ratatat,loud pipes,0.0,0.0,0.0,0.0,0.0,0.0,0.0,0.0
gorillaz,don't get lost in heaven,0.0,0.4,0.0,0.0,0.0,0.2,0.4,0.0
anton maiden,the evil that men do,0.4,0.6,0.0,0.0,0.4,0.2,0.6,0.0
matchbox twenty,unwell,0.0,0.8,0.0,0.0,0.2,0.0,0.2,0.0
patrick wolf,accident & emergency,0.2,0.6,0.2,0.0,0.4,0.0,0.6,0.0
the velvet underground,run run run,0.0,0.4,0.0,0.2,0.0,0.2,0.2,0.6
sugababes,push the button,0.2,0.0,0.6,0.2,0.6,0.0,0.2,0.2
tegan and sara,hop a plane,0.2,0.4,0.0,0.0,0.8,0.0,0.2,0.0
the shins,the past and pending,0.0,0.8,0.0,0.0,0.2,0.0,0.6,0.0
u2,city of blinding lights,0.0,0.4,0.4,0.0,0.6,0.0,0.6,0.0
the white stripes,hotel yorba,0.0,0.0,0.8,0.2,0.8,0.0,0.2,0.0
disturbed,land of confusion,0.4,0.2,0.0,0.0,0.0,1.0,0.4,0.0
the killers,under the gun,0.2,0.4,0.0,0.0,0.6,0.0,0.4,0.0
alanis morissette,you oughta know,1.0,0.2,0.0,0.0,0.6,0.0,0.2,0.6
the magic numbers,forever lost,0.2,0.8,0.0,0.0,0.8,0.0,0.2,0.0
the moldy peaches,anyone else but you,0.2,0.0,0.8,0.8,1.0,0.0,0.2,0.0
wilco,you are my face,0.0,0.4,0.0,0.0,0.2,0.0,0.6,0.0
antony and the johnsons,what can i do?,0.0,1.0,0.0,0.0,0.8,0.0,0.4,0.0
rage against the machine,sleep now in the fire,1.0,0.0,0.0,0.0,0.0,1.0,0.4,0.4
chemistry,キミがいる,0.0,0.2,0.8,0.0,1.0,0.0,0.2,0.0
ratatat,nostrand,0.0,0.0,0.0,0.0,0.0,0.0,0.0,0.0
goldfrapp,lovely 2 c u,0.0,0.0,0.6,0.0,0.6,0.0,0.2,0.0
sigur rós,við spilum endalaust,0.0,0.0,1.0,0.0,0.0,0.0,0.4,0.0
animal collective,the purple bottle,0.2,0.0,1.0,0.4,1.0,0.0,0.4,0.0
queens of the stone age,the lost art of keeping a secret,0.2,0.0,0.0,0.0,0.2,0.0,0.4,0.0
yeah yeah yeahs,no no no,0.0,0.0,0.0,0.0,0.0,0.0,0.0,0.0
the goo goo dolls,black balloon,0.0,0.8,0.0,0.0,0.4,0.2,0.4,0.2
patrick wolf,bloodbeat,0.2,0.2,0.4,0.0,0.2,0.2,0.6,0.0
afi,kill caustic,0.8,0.2,0.0,0.0,0.0,0.0,0.6,0.0
belle and sebastian,me and the major,0.4,0.0,0.4,0.4,0.0,0.6,0.2,0.0
portishead,small,0.2,0.8,0.0,0.0,0.4,0.0,0.6,0.0
kings of convenience,toxic girl,0.2,0.4,0.0,0.2,0.6,0.0,0.2,0.0
stars,set yourself on fire,,,,,,,,
belle and sebastian,the boy with the arab strap,0.0,0.4,0.4,0.4,0.2,0.4,0.2,0.2
röyksopp,alpha male,0.0,0.0,0.0,0.0,0.0,0.0,0.0,0.0
fiona apple,paper bag,0.2,0.8,0.0,0.2,1.0,0.0,0.4,0.0
boards of canada,oscar see through red eye,0.0,0.0,0.0,0.0,0.0,0.0,1.0,0.0
nine inch nails,2 ghosts i,0.0,0.0,0.0,0.0,0.0,0.0,0.0,0.0
beirut,cherbourg,0.0,0.6,0.0,0.0,0.4,0.0,0.6,0.0
the kills,last day of magic,0.6,0.4,0.0,0.0,0.4,0.0,0.4,0.2
evanescence,sweet sacrifice,0.6,0.4,0.0,0.0,0.0,0.0,0.4,0.0
tool,eon blue apocalypse,0.0,0.0,0.0,0.0,0.0,0.0,0.0,0.0
fatboy slim,weapon of choice,0.0,0.0,0.4,0.4,0.0,0.0,0.6,0.0
architecture in helsinki,wishbone,0.0,0.0,0.8,0.4,0.6,0.0,0.6,0.0
morrissey,let me kiss you,0.0,0.8,0.0,0.2,1.0,0.0,0.2,0.0
gnarls barkley,st. elsewhere,0.0,0.6,0.0,0.2,0.0,0.0,0.8,0.0
the beatles,norwegian wood (this bird has flown),0.2,0.4,0.0,0.2,0.2,0.0,0.4,0.0
the beatles,you never give me your money,0.4,0.4,0.4,0.2,0.0,0.2,0.4,0.0
cat power,cross bones style,0.0,0.8,0.0,0.0,0.2,0.0,0.8,0.0
maroon 5,must get out,0.2,0.6,0.2,0.0,0.8,0.0,0.2,0.0
death cab for cutie,photobooth,0.0,0.8,0.0,0.0,0.8,0.0,0.2,0.0
new order,temptation,0.0,0.2,0.6,0.0,0.8,0.0,0.4,0.0
jason mraz,i'm yours,0.0,0.0,1.0,0.2,1.0,0.2,0.2,0.0
nick drake,road,0.0,0.4,0.0,0.0,0.0,0.0,0.4,0.0
tegan and sara,knife going in,0.4,0.8,0.0,0.0,0.6,0.0,0.4,0.0
sigur rós,avalon,0.0,0.0,0.0,0.0,0.0,0.0,1.0,0.0
black rebel motorcycle club,in like the rose,0.2,0.4,0.0,0.0,0.4,0.0,0.6,0.0
fleet foxes,sun it rises,0.0,0.2,0.6,0.0,0.0,0.0,0.6,0.0
damien rice,eskimo,0.0,0.8,0.0,0.0,0.4,0.0,0.6,0.0
kaiser chiefs,time honoured tradition,0.4,0.0,0.2,0.4,0.0,0.4,0.2,0.0
sigur rós,svo hljótt,0.0,0.8,0.0,0.0,0.6,0.0,0.8,0.0
rage against the machine,know your enemy,1.0,0.0,0.0,0.0,0.0,1.0,0.4,0.2
death cab for cutie,no sunlight,0.0,0.8,0.0,0.0,0.0,0.0,0.4,0.0
goldfrapp,a&e,0.0,0.4,0.2,0.0,0.4,0.0,0.6,0.0
the stooges,i wanna be your dog,0.0,0.0,0.0,0.0,0.2,0.0,0.4,0.4
imogen heap,clear the area,0.4,0.2,0.0,0.0,0.4,0.0,0.4,0.0
air,biological,0.0,0.2,0.2,0.0,0.8,0.0,0.6,0.0
the knife,the cop,0.2,0.4,0.0,0.0,0.0,0.4,0.6,0.0
sonic youth,superstar,0.0,1.0,0.0,0.0,1.0,0.0,0.2,0.2
tori amos,crucify,0.4,0.8,0.0,0.0,0.2,0.4,0.6,0.0
30 seconds to mars,attack,0.8,0.2,0.0,0.0,0.0,0.0,0.4,0.0
burial,[untitled],0.0,0.0,0.0,0.0,0.0,0.0,0.0,0.0
coldplay,lovers in japan / reign of love,0.0,0.2,0.6,0.0,1.0,0.0,0.6,0.0
jimmy eat world,hear you me,0.0,1.0,0.0,0.0,0.2,0.0,0.4,0.0
coldplay,everything's not lost,0.0,0.6,0.4,0.0,0.6,0.0,0.4,0.0
midnight juggernauts,shadows,0.0,0.4,0.0,0.0,0.0,0.0,0.8,0.0
tool,jimmy,0.4,0.8,0.0,0.0,0.0,0.0,0.6,0.0
the prodigy,spitfire,1.0,0.0,0.0,0.0,0.0,0.2,0.4,0.2
band of horses,monsters,0.0,0.8,0.0,0.0,0.2,0.0,0.8,0.0
muse,fillip,0.4,0.4,0.0,0.0,0.0,0.0,0.8,0.0
josé gonzález,lovestain,0.0,0.6,0.0,0.0,0.8,0.0,0.4,0.0
justice,stress,0.0,0.0,0.0,0.0,0.0,0.0,0.0,0.0
red hot chili peppers,stadium arcadium,0.0,0.2,0.4,0.0,0.6,0.0,0.6,0.0
shiny toy guns,you are the one,0.0,0.0,0.6,0.0,1.0,0.0,0.4,0.0
the fray,fall away,0.2,0.8,0.0,0.0,0.2,0.0,0.4,0.0
röyksopp,a higher place,0.0,0.0,0.0,0.0,0.0,0.0,0.0,0.0
fleet foxes,your protector,0.2,0.6,0.0,0.0,0.8,0.0,0.4,0.0
pearl jam,do the evolution,0.8,0.0,0.0,0.2,0.0,1.0,0.4,0.0
nine inch nails,the great below,0.0,1.0,0.0,0.0,0.2,0.0,0.6,0.0
the mars volta,televators,0.0,1.0,0.0,0.0,0.0,0.0,0.8,0.2
the walkmen,the rat,0.8,0.6,0.0,0.0,0.6,0.0,0.2,0.0
beirut,the bunker,0.0,0.6,0.0,0.0,0.2,0.0,0.6,0.0
nine inch nails,gave up,1.0,0.6,0.0,0.0,0.0,0.0,0.2,1.0
boards of canada,telephasic workshop,0.0,0.0,0.0,0.0,0.0,0.0,1.0,0.0
jackson and his computer band,utopia,0.0,0.0,0.0,0.0,0.0,0.0,0.8,0.0
system of a down,prison song,1.0,0.0,0.0,0.0,0.0,1.0,0.2,0.0
battles,ddiamondd,0.0,0.0,0.0,0.0,0.0,0.0,1.0,0.0
hard-fi,hard to beat,0.0,0.0,0.6,0.0,0.8,0.0,0.2,0.0
the decemberists,the sporting life,0.0,0.4,0.0,0.8,0.2,0.0,0.2,0.0
beirut,bratislava,0.0,0.0,0.0,0.0,0.0,0.0,0.0,0.0
the shins,pressed in a book,0.0,0.4,0.2,0.0,0.4,0.0,0.6,0.0
tori amos,winter,0.0,0.8,0.2,0.0,0.6,0.0,0.6,0.0
gogol bordello,start wearing purple,0.0,0.0,1.0,1.0,0.2,0.0,0.4,0.0
red hot chili peppers,slow cheetah,0.0,0.4,0.2,0.0,0.2,0.0,0.6,0.0
maxïmo park,the coast is always changing,0.2,0.4,0.0,0.0,0.0,0.2,0.4,0.0
the hives,tick tick boom,0.6,0.0,0.0,0.0,0.0,0.0,0.4,0.0
madonna,miles away,0.2,0.8,0.0,0.0,0.8,0.0,0.2,0.0
the velvet underground,rock and roll,0.0,0.0,1.0,0.0,0.0,0.0,0.2,0.0
the smiths,this night has opened my eyes,0.0,1.0,0.0,0.0,0.2,0.6,0.4,0.0
wolf parade,same ghost every night,0.0,0.8,0.0,0.0,0.4,0.0,0.6,0.0
boards of canada,an eagle in your mind,0.0,0.0,0.0,0.0,0.0,0.0,0.0,0.0
mika,big girl (you are beautiful),0.0,0.0,1.0,0.4,0.2,0.6,0.2,0.0
pixies,something against you,1.0,0.0,0.0,0.0,0.0,0.0,0.2,0.0
tegan and sara,take me anywhere,0.0,0.2,0.4,0.0,0.8,0.0,0.2,0.0
afi,affliction,0.4,0.8,0.0,0.0,0.2,0.0,0.6,0.0
system of a down,deer dance,1.0,0.2,0.0,0.2,0.0,1.0,0.6,0.2
timbaland,apologize (feat. one republic),0.2,1.0,0.0,0.0,1.0,0.0,0.4,0.0
elliott smith,waltz #2 (xo),0.4,1.0,0.0,0.0,0.2,0.0,0.4,0.0
afi,silver and cold,0.0,0.8,0.0,0.0,0.6,0.0,0.6,0.0
placebo,meds,0.4,0.8,0.0,0.0,0.4,0.2,0.4,0.0
pixies,velouria,0.0,0.0,0.4,0.0,0.8,0.0,0.8,0.0
placebo,sleeping with ghosts,0.0,0.8,0.0,0.0,0.8,0.0,0.6,0.0
girl talk,too deep,0.2,0.0,0.6,0.2,0.0,0.0,0.2,0.6
the dresden dolls,good day,0.6,0.4,0.2,0.4,0.4,0.0,0.4,0.0
metric,ending start,0.2,0.6,0.0,0.0,0.2,0.2,0.6,0.0
modest mouse,march into the sea,0.6,0.4,0.0,0.2,0.0,0.6,0.6,0.0
the boomtown rats,i don't like mondays,0.4,0.8,0.0,0.0,0.0,0.8,0.4,0.0
queens of the stone age,make it wit chu,0.0,0.0,0.2,0.0,0.8,0.0,0.4,0.4
the killers,all the pretty faces,0.4,0.2,0.0,0.0,0.6,0.0,0.4,0.0
thom yorke,and it rained all night,0.2,0.6,0.0,0.0,0.0,0.4,0.6,0.0
wilco,pot kettle black,0.4,0.4,0.0,0.0,0.4,0.0,0.6,0.0
system of a down,old school hollywood,0.4,0.0,0.0,0.6,0.0,0.6,0.4,0.0
garbage,queer,0.4,0.0,0.0,0.0,0.2,0.2,0.4,0.2
evanescence,imaginary,0.4,0.8,0.0,0.0,0.0,0.0,0.8,0.0
marilyn manson,rock is dead,0.6,0.0,0.0,0.2,0.0,0.6,0.2,0.0
the fray,heaven forbid,0.0,0.8,0.0,0.0,0.2,0.0,0.2,0.0
kasabian,running battle,0.6,0.2,0.0,0.0,0.2,0.0,0.6,0.0
interpol,specialist,0.4,0.6,0.0,0.0,0.6,0.0,0.6,0.0
imogen heap,i am in love with you,0.0,0.2,0.6,0.0,1.0,0.0,0.4,0.0
erasure,a little respect,0.0,0.6,0.2,0.0,1.0,0.2,0.2,0.0
m83,we own the sky,0.0,0.0,0.4,0.0,0.0,0.0,0.6,0.0
nirvana,sliver,0.4,0.2,0.0,0.4,0.0,0.0,0.0,0.0
the raconteurs,level,0.4,0.0,0.0,0.0,0.2,0.0,0.4,0.0
barry louis polisar,all i want is you,0.0,0.0,0.8,0.4,1.0,0.0,0.4,0.0
nouvelle vague,dance with me,0.0,0.2,0.0,0.0,0.8,0.0,0.6,0.2
nouvelle vague,i melt with you,0.0,0.0,0.8,0.0,1.0,0.4,0.4,0.0
pixies,vamos,0.2,0.0,0.4,0.4,0.0,0.0,0.6,0.2
the long blondes,giddy stratospheres,0.4,0.2,0.2,0.2,0.6,0.0,0.2,0.0
lily allen,shame for you,0.4,0.0,0.2,0.6,0.6,0.0,0.2,0.0
pink floyd,speak to me / breathe,0.0,0.2,0.0,0.0,0.0,0.4,0.4,0.2
joy division,heart and soul,0.2,1.0,0.0,0.0,0.2,0.0,0.6,0.0
the long blondes,lust in the movies,0.4,0.2,0.2,0.4,0.6,0.2,0.4,0.0
mylo,paris four hundred,0.0,0.0,0.0,0.0,0.0,0.0,0.0,0.0
rush,yyz,0.0,0.0,0.0,0.0,0.0,0.0,0.0,0.0
the kills,sour cherry,0.4,0.0,0.2,0.2,0.6,0.0,0.4,0.0
belle and sebastian,act of the apostle,0.0,0.6,0.2,0.2,0.2,0.0,0.4,0.0
boards of canada,ready lets go,0.0,0.0,0.0,0.0,0.0,0.0,0.0,0.0
cansei de ser sexy,fuckoff is not the only thing you have to show,0.4,0.0,0.0,0.4,0.0,0.0,0.2,0.4
nine inch nails,the warning,0.4,0.2,0.0,0.0,0.0,0.8,0.8,0.0
bonobo,intro,0.0,0.0,0.0,0.0,0.0,0.0,0.0,0.0
a perfect circle,passive,0.6,0.4,0.0,0.0,0.2,0.0,0.4,0.0
the killers,exitlude,0.0,0.4,0.4,0.0,0.2,0.0,0.2,0.0
black rebel motorcycle club,we're all in love,0.2,0.0,0.2,0.0,0.6,0.0,0.4,0.0
boards of canada,beware the friendly stranger,0.0,0.0,0.0,0.0,0.0,0.0,0.0,0.0
nine inch nails,the becoming,0.8,0.6,0.0,0.0,0.0,0.0,0.8,0.2
green day,when i come around,0.4,0.2,0.0,0.0,0.8,0.0,0.2,0.0
gorillaz,white light,0.0,0.0,0.0,0.0,0.0,0.0,0.6,0.0
timbaland,the way i are (feat. keri hilson & d.o.e.),0.0,0.0,0.8,0.2,0.8,0.2,0.2,0.4
madonna,let it will be,0.0,0.2,0.2,0.0,0.0,0.4,0.4,0.0
tenacious d,wonderboy,0.0,0.0,0.6,1.0,0.0,0.0,0.8,0.0
oasis,rock 'n' roll star,0.4,0.0,0.4,0.0,0.0,0.4,0.2,0.0
the national,all the wine,0.0,0.2,0.4,0.6,0.0,0.0,0.6,0.2
nouvelle vague,this is not a love song,0.2,0.0,0.0,0.4,0.0,0.6,0.2,0.0
the strokes,you talk way too much,0.4,0.0,0.0,0.2,0.2,0.0,0.2,0.0
the smiths,half a person,0.0,0.8,0.0,0.4,0.6,0.0,0.2,0.0
kasabian,me plus one,0.2,0.0,0.4,0.2,0.6,0.0,0.6,0.0
girl talk,smash your head,0.4,0.0,0.4,0.2,0.2,0.0,0.2,0.6
patrick wolf,magpie,0.0,0.4,0.4,0.0,0.6,0.0,0.6,0.0
modest mouse,the good times are killing me,0.2,0.6,0.0,0.2,0.0,0.0,0.2,0.6
nine inch nails,somewhat damaged,0.8,0.4,0.0,0.0,0.0,0.0,0.6,0.0
my chemical romance,i don't love you,0.4,1.0,0.0,0.0,1.0,0.0,0.2,0.0
modest mouse,a different city,0.4,0.2,0.0,0.2,0.0,0.4,0.6,0.0
alanis morissette,you learn,0.0,0.4,0.6,0.2,0.2,0.0,0.4,0.0
dread zeppelin,d'yer mak'er,0.2,0.8,0.0,0.0,1.0,0.0,0.0,0.0
elliott smith,independence day,0.0,0.4,0.2,0.0,0.2,0.0,0.4,0.0
editors,the racing rats,0.4,0.4,0.0,0.0,0.0,0.4,0.6,0.0
metric,live it out,0.2,0.4,0.0,0.0,0.2,0.0,0.6,0.0
nine inch nails,3 ghosts i,0.0,0.0,0.0,0.0,0.0,0.0,0.0,0.0
kanye west,good morning,0.0,0.0,0.8,0.4,0.0,0.4,0.4,0.2
stereophonics,have a nice day,0.2,0.0,0.4,0.2,0.0,0.4,0.2,0.0
a perfect circle,the package,0.4,0.2,0.0,0.0,0.0,0.0,0.6,0.2
black rebel motorcycle club,mercy,0.0,0.8,0.0,0.0,0.2,0.0,0.4,0.0
alice in chains,rooster,0.4,0.8,0.0,0.0,0.0,0.6,0.4,0.0
belle and sebastian,the state i am in,0.0,0.6,0.2,0.4,0.4,0.2,0.4,0.0
death cab for cutie,a movie script ending,0.0,0.8,0.0,0.0,0.6,0.0,0.4,0.0
the strokes,take it or leave it,0.6,0.2,0.0,0.0,0.6,0.0,0.2,0.0
rammstein,ich will,0.6,0.0,0.0,0.0,0.0,0.6,0.2,0.0
chemistry,wings of words (instrumental),0.0,0.0,0.0,0.0,0.0,0.0,0.0,0.0
counting crows,colorblind,0.0,1.0,0.0,0.0,0.4,0.0,0.6,0.0
the long blondes,once and never again,0.2,0.0,0.2,0.4,0.6,0.0,0.2,0.0
pendulum,the other side,0.2,0.2,0.0,0.0,0.0,0.0,0.6,0.0
architecture in helsinki,souvenirs,0.0,0.2,0.6,0.2,0.4,0.0,0.6,0.0
the white stripes,there's no home for you here,0.6,0.2,0.0,0.0,0.4,0.0,0.2,0.0
death from above 1979,going steady,0.4,0.0,0.0,0.0,0.4,0.0,0.2,0.4
gang of four,natural's not in it,0.6,0.0,0.0,0.2,0.2,0.8,0.4,0.0
bauhaus,she's in parties,0.2,0.2,0.0,0.0,0.0,0.4,0.6,0.0
fiona apple,shadowboxer,0.6,0.4,0.0,0.0,0.8,0.0,0.4,0.0
cut copy,so haunted,0.0,0.6,0.2,0.0,0.6,0.0,0.4,0.0
josé gonzález,deadweight on velveteen,0.2,0.4,0.0,0.0,0.2,0.4,0.6,0.0
rammstein,rosenrot,0.0,0.4,0.0,0.0,0.6,0.0,0.4,0.0
avril lavigne,when you're gone,0.0,1.0,0.0,0.0,0.8,0.0,0.2,0.0
we are scientists,it's a hit,0.4,0.2,0.0,0.4,0.0,0.8,0.4,0.0
the shins,a comet appears,0.0,0.8,0.0,0.0,0.4,0.0,0.6,0.0
dusty springfield,son of a preacher man,0.0,0.0,0.4,0.0,1.0,0.0,0.2,0.2
system of a down,needles,0.8,0.0,0.0,0.2,0.0,0.0,0.8,0.6
duffy,delayed devotion,0.4,0.4,0.0,0.0,0.8,0.0,0.2,0.0
cake,i will survive,0.4,0.2,0.6,0.0,0.4,0.0,0.2,0.0
nine inch nails,4 ghosts i,0.0,0.0,0.0,0.0,0.0,0.0,0.0,0.0
bauhaus,bela lugosi's dead,0.0,0.2,0.0,0.0,0.0,0.0,0.6,0.0
franz ferdinand,can't stop feeling,0.0,0.0,0.6,0.2,0.4,0.0,0.2,0.0
my chemical romance,dead!,0.4,0.2,0.0,0.4,0.0,0.0,0.2,0.0
the strokes,new york city cops,0.6,0.0,0.0,0.2,0.0,0.6,0.2,0.0
the decemberists,on the bus mall,0.0,0.8,0.0,0.0,0.4,0.4,0.4,0.2
mogwai,i know you are but what am i?,0.0,0.0,0.0,0.0,0.0,0.0,0.0,0.0
oasis,hey now!,0.2,0.6,0.2,0.0,0.2,0.0,0.4,0.0
frou frou,it's good to be in love,0.0,0.4,0.6,0.0,1.0,0.0,0.4,0.0
pink floyd,one of these days,0.8,0.0,0.0,0.0,0.0,0.0,0.0,0.4
annie,chewing gum,0.0,0.0,0.6,0.8,0.8,0.0,0.4,0.0
the libertines,last post on the bugle,0.4,0.6,0.0,0.0,0.2,0.4,0.4,0.0
pink floyd,empty spaces,0.0,0.6,0.0,0.0,0.2,0.0,0.6,0.0
pixies,nimrod's son,0.8,0.2,0.0,0.2,0.0,0.0,0.4,1.0
broken social scene,pitter patter goes my heart,0.0,0.0,0.0,0.0,0.0,0.0,0.0,0.0
animal collective,who could win a rabbit,0.0,0.0,0.6,0.4,0.0,0.0,0.8,0.0
my bloody valentine,come in alone,0.0,0.2,0.0,0.0,0.6,0.0,0.8,0.0
the velvet underground,after hours,0.0,0.4,0.4,0.0,1.0,0.0,0.2,0.0
the beatles,getting better,0.2,0.2,0.8,0.2,0.6,0.2,0.2,0.2
feist,tout doucement,0.0,0.0,0.6,0.2,1.0,0.0,0.2,0.0
sigur rós,góðan daginn,0.0,0.0,0.6,0.0,0.0,0.0,0.6,0.0
emily haines & the soft skeleton,our hell,0.0,1.0,0.0,0.0,0.2,0.2,0.4,0.0
of montreal,suffer for fashion,0.4,0.4,0.6,0.4,0.2,0.4,0.6,0.0
blonde redhead,spring and by summer fall,0.0,0.4,0.2,0.0,0.4,0.0,0.8,0.0
kings of leon,razz,0.2,0.0,0.4,0.2,0.4,0.0,0.4,0.2
iron & wine,carousel,0.0,0.6,0.0,0.0,0.2,0.0,0.6,0.0
johnny cash,personal jesus,0.0,0.2,0.0,0.0,0.2,0.0,0.4,0.0
art brut,my little brother,0.2,0.0,0.4,0.8,0.0,0.0,0.0,0.0
travis,flowers in the window,0.0,0.0,1.0,0.0,1.0,0.0,0.2,0.0
system of a down,lonely day,0.2,1.0,0.0,0.0,0.4,0.0,0.2,0.0
mika,my interpretation,0.2,0.8,0.0,0.0,0.8,0.0,0.2,0.0
mika,billy brown,0.0,0.2,0.4,0.6,0.8,0.4,0.0,0.0
the beatles,i'm so tired,0.2,0.8,0.0,0.2,0.4,0.0,0.2,0.2
the smiths,girl afraid,0.0,0.6,0.0,0.2,0.8,0.0,0.2,0.0
athlete,wires,0.0,0.8,0.2,0.0,0.8,0.0,0.2,0.0
beirut,the canals of our city,0.0,0.6,0.2,0.0,0.2,0.0,0.4,0.0
metallica,welcome home (sanitarium),0.6,0.8,0.0,0.0,0.0,0.6,0.2,0.0
the last shadow puppets,the age of the understatement,0.2,0.4,0.0,0.0,0.6,0.0,0.6,0.0
belle and sebastian,i'm a cuckoo,0.0,0.2,0.6,0.4,0.2,0.2,0.2,0.0
the feeling,sewn,0.2,0.6,0.0,0.0,1.0,0.0,0.4,0.0
crystal castles,good time,0.4,0.4,0.0,0.0,0.0,0.2,0.8,0.0
the hives,walk idiot walk,0.6,0.0,0.0,0.4,0.0,0.6,0.2,0.0
alice in chains,man in the box,0.6,0.6,0.0,0.0,0.0,0.6,0.6,0.2
the smiths,miserable lie,0.6,0.4,0.0,0.2,0.6,0.2,0.2,0.0
air,clouds up,0.0,0.0,0.0,0.0,0.0,0.0,0.0,0.0
weezer,in the garage,0.0,0.2,0.6,0.4,0.0,0.0,0.0,0.0
acceptance,so contagious,0.0,0.2,0.4,0.0,1.0,0.0,0.2,0.0
band of horses,the general specific,0.0,0.0,0.6,0.0,0.0,0.0,0.6,0.0
boards of canada,sunshine recorder,0.0,0.0,0.0,0.0,0.0,0.0,1.0,0.0
wolfmother,dimension,0.0,0.0,0.4,0.0,0.0,0.0,0.8,0.0
p!nk,so what,0.6,0.2,0.6,0.4,0.2,0.0,0.2,0.0
kings of leon,i want you,0.0,0.2,0.0,0.0,0.8,0.0,0.2,0.4
lily allen,take what you take,0.4,0.2,0.2,0.4,0.0,0.0,0.2,0.0
foals,electric bloom,0.2,0.0,0.0,0.0,0.0,0.0,0.8,0.0
crystal castles,xxzxcuzx me,0.4,0.0,0.0,0.0,0.0,0.0,1.0,0.0
iron & wine,each coming night,0.0,0.8,0.0,0.0,0.8,0.0,0.4,0.0
garbage,when i grow up,0.4,0.2,0.0,0.2,0.0,0.0,0.4,0.4
the beatles,she said she said,0.4,0.2,0.0,0.0,0.0,0.0,0.8,0.0
nouvelle vague,making plans for nigel,0.0,0.2,0.2,0.2,0.0,0.6,0.0,0.0
air,mer du japon,0.0,0.0,0.2,0.0,0.2,0.0,0.6,0.0
antony and the johnsons,spiralling,0.0,0.8,0.0,0.0,0.4,0.0,0.6,0.0
fleet foxes,meadowlarks,0.0,0.4,0.2,0.0,0.2,0.0,0.6,0.0
fleet foxes,blue ridge mountains,0.0,0.4,0.2,0.0,0.4,0.0,0.6,0.0
iamx,spit it out,0.4,0.6,0.0,0.0,0.2,0.0,0.4,0.0
the shins,your algebra,0.0,0.4,0.2,0.0,0.6,0.0,0.6,0.0
afi,the interview,0.0,0.8,0.0,0.0,0.0,0.2,0.6,0.0
cocteau twins,cherry-coloured funk,0.0,0.2,0.4,0.0,0.4,0.0,1.0,0.0
shiny toy guns,don't cry out,0.2,0.8,0.0,0.0,0.4,0.0,0.6,0.0
leonard cohen,suzanne,0.0,0.2,0.2,0.0,0.8,0.0,0.6,0.0
kings of convenience,i don't know what i can save you from,0.0,0.8,0.0,0.0,0.2,0.0,0.2,0.0
tenacious d,fuck her gently,0.0,0.0,0.4,1.0,0.6,0.0,0.0,1.0
joy division,i remember nothing,0.2,1.0,0.0,0.0,0.0,0.0,0.6,0.0
neko case,a widow's toast,0.0,0.6,0.0,0.0,0.0,0.0,0.8,0.0
the white stripes,little cream soda,0.6,0.4,0.0,0.2,0.0,0.0,0.6,0.0
spoon,don't make me a target,0.6,0.2,0.0,0.0,0.0,0.6,0.6,0.0
santogold,l.e.s. artistes,0.4,0.2,0.0,0.2,0.0,0.6,0.4,0.0
mew,apocalypso,0.2,0.2,0.0,0.0,0.2,0.0,0.8,0.0
the beatles,love you to,0.0,0.0,0.4,0.0,1.0,0.0,0.2,0.4
dread zeppelin,ramble on,0.0,0.2,0.0,0.4,0.6,0.0,0.4,0.0
manic street preachers,your love alone is not enough,0.2,0.4,0.2,0.0,0.8,0.2,0.2,0.0
the cure,let's go to bed,0.0,0.0,0.4,0.2,0.8,0.0,0.6,0.0
antony and the johnsons,bird gerhl,0.0,0.8,0.2,0.0,0.0,0.0,0.6,0.0
silversun pickups,future foe scenarios,0.4,0.2,0.0,0.0,0.0,0.6,0.6,0.0
metallica,seek & destroy,1.0,0.0,0.0,0.0,0.0,0.0,0.2,0.4
queen,seven seas of rhye,0.4,0.0,0.0,0.0,0.0,0.0,0.8,0.0
radiohead,motion picture soundtrack,0.2,1.0,0.0,0.0,0.6,0.0,0.4,0.0
patrick wolf,the bluebell,0.0,0.2,0.8,0.0,0.8,0.0,0.4,0.0
death from above 1979,cold war,0.6,0.4,0.0,0.0,0.6,0.2,0.4,0.0
groove armada,at the river,0.0,0.0,0.6,0.0,0.2,0.0,0.2,0.0
rammstein,sonne,0.4,0.0,0.0,0.0,0.0,0.0,0.4,0.0
john lennon,jealous guy,0.0,0.8,0.0,0.0,0.8,0.0,0.2,0.0
mogwai,team handed,0.0,0.0,0.0,0.0,0.0,0.0,0.0,0.0
iron & wine,radio war,0.0,0.4,0.0,0.0,0.2,0.2,0.6,0.0
kanye west,champion,0.2,0.2,0.8,0.4,0.0,0.2,0.2,0.4
daft punk,revolution 909,0.0,0.0,0.0,0.0,0.0,0.2,0.0,0.0
rilo kiley,does he love you?,0.4,0.8,0.0,0.0,1.0,0.0,0.2,0.2
fischerspooner,emerge,0.0,0.0,0.2,0.0,0.0,0.0,0.6,0.0
thom yorke,atoms for peace,0.0,0.4,0.2,0.0,0.2,0.2,0.6,0.0
the clash,train in vain,0.4,0.8,0.0,0.0,1.0,0.0,0.2,0.0
the decemberists,the infanta,0.0,0.0,0.4,0.4,0.0,0.4,0.6,0.0
duffy,serious,0.2,0.4,0.0,0.0,0.8,0.0,0.2,0.0
sonic youth,jams run free,0.0,0.0,0.2,0.0,0.4,0.0,0.6,0.0
avril lavigne,i'm with you,0.2,1.0,0.0,0.0,0.4,0.0,0.2,0.0
sufjan stevens,romulus,0.0,1.0,0.0,0.0,0.2,0.0,0.2,0.0
ladytron,blue jeans,0.0,0.4,0.0,0.0,0.4,0.0,0.4,0.0
pixies,river euphrates,0.2,0.0,0.0,0.2,0.0,0.2,0.8,0.0
garbage,androgyny,0.0,0.0,0.6,0.2,0.4,0.6,0.2,0.0
at the drive-in,one armed scissor,0.6,0.4,0.0,0.0,0.0,0.0,0.8,0.0
depeche mode,a question of lust,0.0,0.6,0.0,0.0,1.0,0.0,0.2,0.0
the clash,i fought the law,0.4,0.4,0.0,0.0,0.2,0.2,0.0,0.0
the who,i can't explain,0.2,0.2,0.2,0.0,0.8,0.0,0.2,0.0
the prodigy,omen,0.2,0.0,0.0,0.0,0.0,0.0,0.6,0.0
the beatles,from me to you,0.0,0.0,0.8,0.0,1.0,0.0,0.0,0.0
dire straits,brothers in arms,0.0,1.0,0.0,0.0,0.0,0.6,0.4,0.0
cassius,toop toop,0.0,0.0,0.6,0.2,0.0,0.0,0.6,0.0
nine inch nails,echoplex,0.4,0.4,0.0,0.0,0.0,0.0,0.6,0.0
the smiths,last night i dreamt that somebody loved me,0.0,1.0,0.0,0.0,1.0,0.0,0.2,0.0
the white stripes,we're going to be friends,0.0,0.0,0.8,0.2,0.0,0.0,0.0,0.0
elliott smith,waltz #1,0.0,1.0,0.0,0.0,0.8,0.0,0.6,0.0
evanescence,haunted,0.4,0.4,0.0,0.0,0.2,0.0,0.6,0.0
groove armada,my friend,0.0,0.2,0.6,0.0,0.2,0.0,0.0,0.0
pulp,mis-shapes,0.4,0.0,0.0,0.4,0.0,0.8,0.2,0.0
snow patrol,whatever's left,0.2,0.6,0.0,0.0,0.4,0.0,0.6,0.0
the raconteurs,intimate secretary,0.0,0.0,0.4,0.4,0.4,0.0,0.6,0.0
martha wainwright,bloody mother fucking asshole,1.0,0.4,0.0,0.0,0.0,0.0,0.2,1.0
chemistry,wings of words,0.0,0.2,0.6,0.0,0.6,0.0,0.4,0.0
tool,reflection,0.4,0.4,0.2,0.0,0.0,0.0,0.8,0.0
moloko,the time is now,0.0,0.0,0.8,0.0,1.0,0.0,0.2,0.0
yo la tengo,sugarcube,0.2,0.0,0.4,0.2,0.4,0.0,0.4,0.0
zero 7,somersault,0.0,0.2,0.6,0.0,0.8,0.0,0.4,0.0
tegan and sara,burn your life down,0.4,0.8,0.0,0.0,0.4,0.0,0.4,0.0
cat power,speak for me,0.2,0.6,0.0,0.0,0.2,0.2,0.4,0.0
massive attack,live with me,0.0,0.8,0.0,0.0,0.8,0.0,0.2,0.0
blondie,sunday girl,0.0,0.4,0.2,0.0,0.8,0.0,0.2,0.0
clap your hands say yeah,upon this tidal wave of young blood,0.2,0.2,0.2,0.0,0.0,0.6,0.6,0.0
the beatles,fixing a hole,0.2,0.0,0.6,0.0,0.0,0.0,0.6,0.0
sigur rós,festival,0.0,0.0,0.4,0.0,0.0,0.0,1.0,0.0
katatonia,leaders,0.4,0.8,0.0,0.0,0.0,0.4,0.6,0.0
afi,kiss and control,0.4,0.4,0.0,0.0,0.6,0.0,0.6,0.2
matchbox twenty,bright lights,0.0,0.6,0.0,0.0,0.6,0.0,0.2,0.0
the new pornographers,the jessica numbers,0.0,0.2,0.4,0.2,0.2,0.0,0.6,0.0
elliott smith,let's get lost,0.0,0.8,0.0,0.0,0.6,0.0,0.4,0.0
tool,mantra,0.0,0.0,0.0,0.0,0.0,0.0,1.0,0.0
evanescence,my last breath,0.0,1.0,0.0,0.0,0.6,0.0,0.6,0.0
nirvana,territorial pissings,1.0,0.0,0.0,0.2,0.0,0.6,0.4,0.2
múm,sleep/swim,0.0,0.4,0.2,0.0,0.0,0.0,1.0,0.0
tegan and sara,are you ten years ago,0.4,0.6,0.0,0.0,0.6,0.0,0.4,0.0
nico,these days,0.0,1.0,0.0,0.0,0.4,0.0,0.2,0.0
death cab for cutie,bixby canyon bridge,0.0,0.6,0.0,0.0,0.0,0.0,0.6,0.0
rage against the machine,take the power back,1.0,0.0,0.0,0.0,0.0,1.0,0.2,0.4
arctic monkeys,old yellow bricks,0.2,0.2,0.0,0.2,0.2,0.0,0.4,0.0
architecture in helsinki,maybe you can owe me,0.0,0.0,0.8,0.4,0.2,0.0,0.6,0.0
the cult,she sells sanctuary,0.0,0.0,0.4,0.0,1.0,0.0,0.6,0.0
anna nalick,breathe (2 am),0.2,0.6,0.0,0.0,0.4,0.2,0.4,0.0
ratatat,shempi,0.0,0.0,0.0,0.0,0.0,0.0,0.0,0.0
maxïmo park,our velocity,0.4,0.2,0.2,0.0,0.2,0.4,0.4,0.0
dj shadow,building steam with a grain of salt,0.0,0.0,0.0,0.0,0.0,0.0,0.2,0.0
nine inch nails,head down,0.6,0.0,0.0,0.0,0.0,0.6,0.4,0.0
system of a down,atwa,0.4,0.8,0.0,0.0,0.0,0.6,0.4,0.0
britney spears,unusual you,0.0,0.2,0.4,0.0,1.0,0.0,0.2,0.0
doves,black and white town,0.4,0.4,0.0,0.0,0.0,0.6,0.4,0.0
james blunt,wisemen,0.4,0.4,0.2,0.2,0.2,0.2,0.6,0.2
black rebel motorcycle club,sympathetic noose,0.0,0.8,0.0,0.0,0.0,0.0,0.6,0.0
iron & wine,lion's mane,0.0,0.2,0.4,0.0,1.0,0.0,0.6,0.0
p!nk,stupid girls,0.6,0.0,0.0,0.4,0.0,0.6,0.2,0.0
placebo,commercial for levi,0.0,0.8,0.0,0.0,0.2,0.0,0.6,0.0
franz ferdinand,twilight omens,0.0,0.4,0.2,0.2,0.8,0.0,0.4,0.0
foo fighters,doa,0.4,0.6,0.0,0.0,0.2,0.0,0.2,0.0
the rolling stones,you can't always get what you want,0.2,0.4,0.6,0.2,0.2,0.4,0.4,0.0
bob dylan,all along the watchtower,0.2,0.2,0.0,0.0,0.0,0.4,0.6,0.0
the decemberists,the mariner's revenge song,0.8,0.4,0.0,0.4,0.0,0.2,0.2,0.0
audioslave,revelations,0.4,0.0,0.0,0.0,0.2,0.4,0.6,0.0
audioslave,revelations,0.2,0.0,0.0,0.0,0.6,0.0,0.4,0.0
alanis morissette,hand in my pocket,0.0,0.2,0.6,0.4,0.0,0.2,0.4,0.2
thom yorke,cymbal rush,0.2,0.8,0.0,0.0,0.0,0.4,0.8,0.0
kaiser chiefs,the angry mob,0.6,0.0,0.0,0.2,0.0,0.8,0.2,0.0
regina spektor,edit,0.2,0.2,0.0,0.2,0.0,0.0,0.4,0.2
damien rice,rootless tree,1.0,0.6,0.0,0.0,0.6,0.0,0.2,0.8
the libertines,arbeit macht frei,0.6,0.0,0.0,0.2,0.0,0.6,0.4,0.0
josé gonzález,stay in the shade,0.0,0.4,0.0,0.0,0.0,0.0,0.6,0.0
zero 7,give it away,0.0,0.2,0.4,0.0,0.4,0.2,0.4,0.0
elliott smith,everything reminds me of her,0.2,1.0,0.0,0.0,0.6,0.0,0.4,0.0
black rebel motorcycle club,cold wind,0.2,0.6,0.0,0.0,0.2,0.0,0.4,0.0
lily allen,friend of mine,0.4,0.4,0.0,0.4,0.4,0.0,0.2,0.2
radiohead,2 + 2 = 5 (the lukewarm.),0.6,0.4,0.0,0.0,0.0,0.8,0.6,0.0
jimmy eat world,work,0.2,0.4,0.0,0.0,0.4,0.0,0.2,0.0
nirvana,lounge act,0.6,0.2,0.0,0.0,0.6,0.0,0.4,0.0
tegan and sara,speak slow,0.4,0.4,0.0,0.0,0.8,0.0,0.2,0.0
silversun pickups,melatonin,0.2,0.6,0.0,0.0,0.2,0.0,0.6,0.0
digitalism,idealistic,0.0,0.0,0.0,0.0,0.0,0.0,0.0,0.0
regina spektor,poor little rich boy,0.4,0.4,0.2,0.6,0.0,0.4,0.4,0.0
björk,play dead,0.2,1.0,0.0,0.0,0.2,0.0,0.6,0.0
air,left bank,0.0,0.4,0.2,0.0,0.6,0.0,0.6,0.0
queen,a kind of magic,0.0,0.0,0.8,0.0,0.2,0.0,0.6,0.0
head automatica,beating heart baby,0.0,0.2,0.4,0.0,1.0,0.0,0.2,0.0
girl talk,once again,0.4,0.0,0.6,0.2,0.0,0.0,0.2,0.8
bright eyes,poison oak,0.0,1.0,0.0,0.0,0.2,0.0,0.4,0.0
snow patrol,gleaming auction,0.4,0.4,0.0,0.0,0.4,0.0,0.6,0.0
mogwai,folk death 95,0.0,0.0,0.0,0.0,0.0,0.0,0.0,0.0
kings of convenience,cayman islands,0.0,0.6,0.2,0.0,0.4,0.0,0.4,0.0
metallica,the thing that should not be,0.0,0.0,0.0,0.0,0.0,0.0,0.6,0.0
animal collective,peacebone,0.0,0.0,0.8,0.4,0.4,0.0,0.8,0.2
röyksopp,49 percent,0.2,0.4,0.2,0.2,0.8,0.0,0.4,0.0
keane,she has no time,0.0,1.0,0.0,0.0,0.8,0.0,0.4,0.0
red hot chili peppers,desecration smile,0.0,0.4,0.4,0.0,1.0,0.0,0.4,0.0
amorphis,house of sleep,0.0,0.4,0.2,0.0,0.8,0.0,0.6,0.0
phoenix,long distance call,0.0,0.4,0.2,0.0,0.8,0.0,0.4,0.0
the offspring,the kids aren't alright,0.4,0.8,0.0,0.0,0.0,0.6,0.2,0.0
sufjan stevens,the seer's tower,0.0,0.8,0.0,0.0,0.0,0.0,0.8,0.0
hooverphonic,mad about you,0.2,0.2,0.0,0.0,1.0,0.0,0.4,0.2
mazzy star,into dust,0.0,1.0,0.0,0.0,0.6,0.0,0.6,0.0
nightwish,wish i had an angel,0.4,0.4,0.0,0.0,0.8,0.0,0.6,0.2
feist,sea lion woman,0.0,0.0,0.2,0.0,0.4,0.0,0.4,0.0
the kills,tape song,0.2,0.2,0.0,0.0,0.4,0.0,0.6,0.2
girl talk,shut the club down,0.2,0.0,0.6,0.2,0.0,0.0,0.2,0.6
the killers,where the white boys dance,0.2,0.4,0.2,0.0,0.6,0.2,0.4,0.0
the gathering,saturnine,0.0,1.0,0.0,0.0,0.6,0.0,0.6,0.0
modest mouse,paper thin walls,0.4,0.4,0.2,0.4,0.2,0.0,0.4,0.2
the killers,i can't stay,0.0,0.4,0.2,0.0,0.8,0.0,0.4,0.0
the smiths,shakespeare's sister,0.2,0.8,0.0,0.4,0.4,0.2,0.4,0.0
cat power,could we,0.0,0.4,0.2,0.0,0.8,0.0,0.2,0.0
rage against the machine,bullet in the head,1.0,0.0,0.0,0.0,0.0,1.0,0.4,0.2
alanis morissette,hand in my pocket,0.0,0.2,0.8,0.4,0.0,0.0,0.4,0.2
thom yorke,cymbal rush,0.0,0.8,0.0,0.0,0.2,0.2,0.8,0.0
kaiser chiefs,the angry mob,0.6,0.0,0.0,0.4,0.0,0.8,0.2,0.0
regina spektor,edit,0.2,0.2,0.2,0.4,0.0,0.0,0.4,0.0
damien rice,rootless tree,0.8,0.6,0.0,0.0,0.6,0.0,0.2,0.8
the libertines,arbeit macht frei,0.4,0.2,0.0,0.2,0.0,0.6,0.4,0.0
josé gonzález,stay in the shade,0.0,0.4,0.0,0.0,0.0,0.0,0.6,0.0
zero 7,give it away,0.0,0.4,0.2,0.0,0.4,0.0,0.4,0.0
elliott smith,everything reminds me of her,0.0,1.0,0.0,0.0,0.8,0.0,0.2,0.0
black rebel motorcycle club,cold wind,0.2,0.6,0.0,0.0,0.2,0.0,0.4,0.0
lily allen,friend of mine,0.4,0.2,0.2,0.6,0.4,0.0,0.2,0.2
radiohead,2 + 2 = 5 (the lukewarm.),0.6,0.2,0.0,0.0,0.0,0.8,0.6,0.0
jimmy eat world,work,0.0,0.4,0.0,0.0,0.6,0.0,0.2,0.0
nirvana,lounge act,0.6,0.2,0.0,0.0,0.6,0.0,0.4,0.0
tegan and sara,speak slow,0.4,0.4,0.0,0.0,0.6,0.0,0.4,0.0
silversun pickups,melatonin,0.0,0.4,0.0,0.0,0.2,0.0,0.6,0.0
digitalism,idealistic,0.0,0.0,0.2,0.0,0.0,0.0,0.2,0.0
regina spektor,poor little rich boy,0.4,0.2,0.2,0.6,0.0,0.4,0.4,0.0
björk,play dead,0.2,1.0,0.0,0.0,0.8,0.0,0.6,0.0
air,left bank,0.0,0.4,0.2,0.0,0.6,0.0,0.6,0.0
queen,a kind of magic,0.0,0.0,0.8,0.0,0.0,0.0,0.6,0.0
head automatica,beating heart baby,0.0,0.2,0.8,0.0,1.0,0.0,0.2,0.0
girl talk,once again,0.4,0.0,0.6,0.2,0.2,0.0,0.2,0.4
bright eyes,poison oak,0.0,1.0,0.0,0.0,0.2,0.0,0.4,0.0
snow patrol,gleaming auction,0.4,0.6,0.0,0.0,0.6,0.0,0.4,0.0
mogwai,folk death 95,0.0,0.0,0.0,0.0,0.0,0.0,0.0,0.0
kings of convenience,cayman islands,0.0,0.6,0.0,0.0,0.8,0.0,0.2,0.0
metallica,the thing that should not be,0.4,0.0,0.0,0.0,0.0,0.0,0.8,0.0
animal collective,peacebone,0.0,0.0,0.4,0.4,0.2,0.0,0.8,0.0
röyksopp,49 percent,0.2,0.2,0.0,0.0,0.8,0.0,0.2,0.0
keane,she has no time,0.0,1.0,0.0,0.0,0.8,0.0,0.2,0.0
red hot chili peppers,desecration smile,0.0,0.2,0.4,0.0,1.0,0.0,0.4,0.0
amorphis,house of sleep,0.0,0.4,0.2,0.0,0.8,0.0,0.6,0.0
phoenix,long distance call,0.2,0.4,0.2,0.0,0.6,0.0,0.4,0.0
the offspring,the kids aren't alright,0.4,1.0,0.0,0.0,0.0,0.6,0.2,0.4
sufjan stevens,the seer's tower,0.0,0.8,0.0,0.0,0.0,0.0,0.6,0.0
hooverphonic,mad about you,0.2,0.2,0.0,0.0,1.0,0.0,0.6,0.0
mazzy star,into dust,0.0,1.0,0.0,0.0,0.6,0.0,0.6,0.0
nightwish,wish i had an angel,0.2,0.4,0.0,0.0,0.8,0.0,0.6,0.2
feist,sea lion woman,0.0,0.0,0.2,0.0,0.2,0.0,0.4,0.0
the kills,tape song,0.4,0.4,0.0,0.0,0.6,0.0,0.6,0.2
girl talk,shut the club down,0.2,0.0,0.6,0.2,0.0,0.0,0.2,0.6
the killers,where the white boys dance,0.2,0.6,0.2,0.0,0.4,0.2,0.4,0.0
the gathering,saturnine,0.0,1.0,0.0,0.0,0.4,0.0,0.4,0.0
modest mouse,paper thin walls,0.2,0.2,0.2,0.4,0.0,0.0,0.4,0.2
the killers,i can't stay,0.0,0.4,0.2,0.0,0.8,0.0,0.4,0.0
the smiths,shakespeare's sister,0.4,0.8,0.0,0.2,0.0,0.2,0.4,0.0
cat power,could we,0.0,0.0,0.4,0.0,1.0,0.0,0.0,0.0
rage against the machine,bullet in the head,1.0,0.0,0.0,0.0,0.0,1.0,0.4,0.0
joy division,leaders of men,0.4,0.2,0.0,0.0,0.0,0.8,0.4,0.0
joy division,leaders of men,0.4,0.2,0.0,0.0,0.0,0.6,0.4,0.0
cocorosie,good friday,0.0,0.8,0.0,0.0,0.2,0.2,0.8,0.0
snow patrol,wow,0.4,0.6,0.0,0.0,0.6,0.0,0.4,0.0
kimya dawson,loose lips,0.4,0.0,0.6,0.6,0.0,0.6,0.2,0.4
beck,qué onda guero,0.0,0.0,0.4,0.8,0.0,0.4,0.4,0.0
anton maiden,hallowed be thy name,0.0,0.6,0.0,0.0,0.0,0.0,0.4,0.0
beck,cellphone's dead,0.4,0.2,0.0,0.4,0.0,0.4,0.6,0.0
the fray,hundred,0.0,1.0,0.0,0.0,0.6,0.0,0.4,0.0
nouvelle vague,the killing moon,0.0,0.6,0.0,0.0,0.8,0.0,0.6,0.0
sufjan stevens,they are night zombies!! they are neighbors!! they have come back from the dead!! ahhhh!,0.0,0.0,0.0,0.6,0.0,0.2,0.6,0.0
bat for lashes,prescilla,0.0,0.4,0.2,0.0,0.2,0.2,0.6,0.0
adam green,jessica,0.4,0.0,0.0,0.8,0.2,0.4,0.2,0.0
my bloody valentine,what you want,0.2,0.4,0.2,0.0,0.6,0.0,0.8,0.0
the killers,a dustland fairytale,0.2,0.8,0.2,0.0,0.8,0.0,0.6,0.0
dirty pretty things,deadwood,0.4,0.0,0.0,0.0,0.0,0.2,0.2,0.0
dire straits,romeo and juliet,0.2,1.0,0.0,0.0,1.0,0.0,0.4,0.0
pj harvey,this is love,0.0,0.0,0.8,0.0,1.0,0.0,0.2,0.2
röyksopp,she's so,0.0,0.0,0.0,0.0,0.2,0.0,0.6,0.0
jack johnson,crying shame,0.2,0.6,0.0,0.0,0.6,0.0,0.2,0.0
tv on the radio,province,0.0,0.2,0.4,0.0,1.0,0.0,0.6,0.0
the ting tings,fruit machine,0.4,0.0,0.0,0.2,0.2,0.0,0.4,0.0
keane,can't stop now,0.2,0.4,0.2,0.0,0.0,0.0,0.2,0.0
modest mouse,perfect disguise,0.2,0.6,0.0,0.0,0.0,0.0,0.6,0.0
bloc party,compliments,0.0,0.8,0.0,0.0,0.0,0.4,0.6,0.0
blonde redhead,publisher,0.0,0.6,0.0,0.0,0.6,0.0,0.8,0.0
the ting tings,be the one,0.0,0.2,0.2,0.0,1.0,0.0,0.2,0.0
pearl jam,better man,0.2,1.0,0.0,0.0,0.8,0.0,0.2,0.0
crystal castles,1991,0.0,0.0,0.0,0.0,0.0,0.0,0.0,0.0
pink floyd,in the flesh,1.0,0.0,0.0,0.0,0.0,0.8,0.0,0.8
röyksopp,happy up here,0.0,0.0,0.8,0.0,0.0,0.0,0.2,0.0
britney spears,mannequin,0.0,0.0,0.0,0.0,0.2,0.0,0.4,0.0
broken social scene,handjobs for the holidays,0.0,0.0,0.0,0.0,0.0,0.0,0.0,0.0
m83,teen angst,0.0,0.4,0.0,0.0,0.2,0.0,0.8,0.0
cat power,sea of love,0.0,0.0,0.6,0.0,1.0,0.0,0.2,0.0
elliott smith,tomorrow tomorrow,0.2,0.8,0.0,0.0,0.2,0.0,0.4,0.0
radiohead,there there. (the boney king of nowhere.),0.0,0.6,0.0,0.0,0.2,0.2,0.8,0.0
blonde redhead,sw,0.4,0.4,0.0,0.0,0.4,0.0,0.8,0.0
the 69 eyes,lost boys,0.0,0.0,0.2,0.0,0.2,0.0,0.4,0.0
new young pony club,hiding on the staircase,0.2,0.0,0.2,0.2,0.4,0.0,0.4,0.0
incubus,stellar,0.0,0.0,0.4,0.0,1.0,0.0,0.6,0.2
the subways,oh yeah,0.0,0.0,0.8,0.0,0.2,0.0,0.2,0.0
nine inch nails,6 ghosts i,0.0,0.0,0.0,0.0,0.0,0.0,0.0,0.0
foals,heavy water,0.2,0.4,0.2,0.0,0.2,0.0,0.6,0.0
ryan adams,wonderwall,0.0,0.8,0.0,0.0,0.8,0.0,0.4,0.0
rage against the machine,testify,1.0,0.0,0.0,0.0,0.0,1.0,0.6,0.0
radiohead,(nice dream),0.0,0.8,0.2,0.0,0.0,0.0,0.6,0.0
wilco,poor places,0.0,0.8,0.0,0.0,0.2,0.2,0.8,0.0
lcd soundsystem,get innocuous!,0.2,0.2,0.0,0.0,0.0,0.6,0.6,0.0
islands,rough gem,0.0,0.0,0.6,0.4,0.8,0.0,0.4,0.0
battles,tonto,0.0,0.0,0.0,0.0,0.0,0.0,1.0,0.0
cocorosie,good friday,0.0,0.8,0.0,0.0,0.0,0.0,0.8,0.0
snow patrol,wow,0.4,0.4,0.0,0.0,0.4,0.0,0.2,0.0
kimya dawson,loose lips,0.4,0.2,0.8,0.6,0.0,0.6,0.4,0.4
beck,qué onda guero,0.2,0.0,0.4,0.8,0.0,0.4,0.4,0.2
anton maiden,hallowed be thy name,0.0,0.6,0.0,0.0,0.0,0.0,0.4,0.0
beck,cellphone's dead,0.2,0.0,0.0,0.4,0.0,0.4,0.6,0.0
the fray,hundred,0.0,0.8,0.0,0.0,0.4,0.0,0.4,0.0
nouvelle vague,the killing moon,0.0,0.6,0.0,0.0,0.8,0.0,0.6,0.0
sufjan stevens,they are night zombies!! they are neighbors!! they have come back from the dead!! ahhhh!,0.0,0.2,0.4,0.6,0.0,0.4,0.8,0.0
bat for lashes,prescilla,0.0,0.6,0.2,0.0,0.4,0.2,0.6,0.0
adam green,jessica,0.4,0.0,0.2,0.8,0.2,0.4,0.4,0.0
my bloody valentine,what you want,0.0,0.2,0.4,0.0,0.4,0.0,1.0,0.0
the killers,a dustland fairytale,0.0,0.6,0.2,0.0,0.8,0.2,0.6,0.0
dirty pretty things,deadwood,0.6,0.4,0.0,0.0,0.2,0.0,0.4,0.0
dire straits,romeo and juliet,0.2,0.8,0.0,0.0,1.0,0.0,0.4,0.0
pj harvey,this is love,0.0,0.0,0.8,0.0,1.0,0.0,0.2,0.2
röyksopp,she's so,0.0,0.0,0.0,0.0,0.0,0.0,0.0,0.0
jack johnson,crying shame,0.2,0.4,0.0,0.0,0.0,0.4,0.2,0.0
tv on the radio,province,0.0,0.2,0.6,0.0,0.8,0.2,0.6,0.0
the ting tings,fruit machine,0.4,0.0,0.0,0.2,0.4,0.0,0.4,0.0
keane,can't stop now,0.0,0.6,0.0,0.0,0.4,0.0,0.2,0.0
modest mouse,perfect disguise,0.2,0.4,0.0,0.0,0.0,0.0,0.6,0.0
bloc party,compliments,0.0,0.8,0.0,0.0,0.0,0.4,0.6,0.0
blonde redhead,publisher,0.2,0.6,0.0,0.0,0.4,0.0,0.8,0.0
the ting tings,be the one,0.0,0.2,0.4,0.0,0.8,0.0,0.2,0.0
pearl jam,better man,0.2,1.0,0.0,0.0,1.0,0.0,0.2,0.0
crystal castles,1991,0.0,0.0,0.0,0.0,0.0,0.0,0.0,0.0
pink floyd,in the flesh,1.0,0.0,0.0,0.0,0.0,0.8,0.0,0.8
röyksopp,happy up here,0.0,0.0,1.0,0.0,0.0,0.0,0.2,0.0
britney spears,mannequin,0.2,0.0,0.0,0.0,0.2,0.0,0.4,0.0
broken social scene,handjobs for the holidays,0.0,0.0,0.0,0.0,0.0,0.0,0.0,0.0
m83,teen angst,0.0,0.6,0.0,0.0,0.0,0.0,0.8,0.0
cat power,sea of love,0.0,0.2,0.4,0.0,1.0,0.0,0.2,0.0
elliott smith,tomorrow tomorrow,0.2,0.8,0.0,0.0,0.2,0.0,0.4,0.0
radiohead,there there. (the boney king of nowhere.),0.0,0.6,0.0,0.0,0.2,0.0,0.6,0.0
blonde redhead,sw,0.0,0.4,0.0,0.0,0.4,0.0,0.8,0.0
the 69 eyes,lost boys,0.2,0.0,0.4,0.0,0.0,0.0,0.4,0.0
new young pony club,hiding on the staircase,0.0,0.2,0.2,0.2,0.4,0.0,0.4,0.0
incubus,stellar,0.0,0.0,0.6,0.0,1.0,0.0,0.6,0.0
the subways,oh yeah,0.0,0.0,0.8,0.0,0.8,0.0,0.2,0.0
nine inch nails,6 ghosts i,0.0,0.0,0.0,0.0,0.0,0.0,0.0,0.0
foals,heavy water,0.0,0.4,0.0,0.0,0.2,0.0,0.6,0.0
ryan adams,wonderwall,0.0,0.6,0.0,0.0,1.0,0.0,0.4,0.0
rage against the machine,testify,1.0,0.0,0.0,0.0,0.0,1.0,0.4,0.0
radiohead,(nice dream),0.0,0.6,0.2,0.0,0.2,0.0,0.6,0.0
wilco,poor places,0.2,0.8,0.0,0.0,0.2,0.2,0.8,0.0
lcd soundsystem,get innocuous!,0.2,0.2,0.0,0.0,0.0,0.4,0.6,0.0
islands,rough gem,0.0,0.0,0.8,0.4,0.4,0.0,0.4,0.0
battles,tonto,0.0,0.0,0.0,0.0,0.0,0.0,1.0,0.0
wilco,either way,0.0,0.6,0.2,0.0,0.8,0.0,0.2,0.0
wilco,either way,0.0,0.4,0.2,0.0,0.8,0.0,0.2,0.0
system of a down,radio/video,0.4,0.0,0.6,0.6,0.0,0.6,0.4,0.0
oasis,falling down,0.2,0.6,0.0,0.0,0.0,0.2,0.6,0.0
the smiths,handsome devil,0.0,0.0,0.2,0.8,0.0,0.2,0.4,0.8
cocorosie,noah's ark,0.0,0.6,0.0,0.2,0.4,0.0,0.8,0.0
the go! team,bottle rocket,0.0,0.0,1.0,0.2,0.0,0.0,0.2,0.0
elliott smith,a fond farewell,0.2,1.0,0.0,0.0,0.0,0.0,0.4,0.0
the dresden dolls,my alcoholic friends,0.2,0.4,0.2,0.8,0.0,0.2,0.2,0.0
the prodigy,invaders must die,0.8,0.0,0.0,0.0,0.0,0.0,0.2,0.0
nick drake,river man,0.0,0.6,0.0,0.0,0.0,0.2,0.6,0.0
the kinks,waterloo sunset,0.0,0.2,0.8,0.0,0.4,0.2,0.2,0.0
zz top,legs,0.0,0.0,0.2,0.2,0.4,0.0,0.2,0.2
röyksopp,the girl and the robot,0.2,0.8,0.0,0.0,0.8,0.0,0.4,0.0
zero 7,i have seen,0.0,0.4,0.2,0.0,0.2,0.0,0.4,0.0
guns n' roses,knockin' on heaven's door,0.0,0.8,0.0,0.0,0.0,0.0,0.4,0.0
guns n' roses,my michelle,0.4,0.8,0.0,0.0,0.0,0.0,0.0,1.0
modest mouse,dark center of the universe,0.4,0.6,0.0,0.0,0.2,0.0,0.6,0.0
jack johnson,breakdown,0.0,0.2,0.4,0.0,0.0,0.2,0.4,0.0
jamiroquai,love foolosophy,0.0,0.0,0.8,0.2,1.0,0.0,0.2,0.2
sufjan stevens,come on! feel the illinoise!!,0.0,0.2,0.4,0.2,0.0,0.4,0.6,0.0
dread zeppelin,what is and what should never be,0.0,0.0,0.4,0.0,0.8,0.0,0.6,0.0
system of a down,violent pornography,0.8,0.0,0.0,0.4,0.0,0.8,0.4,1.0
spoon,i summon you,0.0,0.4,0.2,0.0,0.6,0.0,0.4,0.0
depeche mode,master and servant,0.0,0.0,0.0,0.2,0.0,0.6,0.4,0.4
black kids,hurricane jane,0.0,0.4,0.2,0.2,0.8,0.0,0.4,0.0
the gathering,my electricity,0.0,0.4,0.0,0.0,1.0,0.0,0.4,0.0
porcupine tree,shallow,0.4,0.0,0.0,0.0,0.0,0.0,0.2,0.0
band of horses,st. augustine,0.0,0.6,0.2,0.0,0.2,0.0,0.6,0.0
girl talk,hold up,0.4,0.0,0.4,0.2,0.0,0.0,0.2,0.8
new young pony club,the bomb,0.0,0.0,0.2,0.0,0.2,0.0,0.4,0.0
tegan and sara,nineteen,0.2,0.8,0.0,0.0,0.8,0.0,0.4,0.0
beck,hell yes,0.0,0.0,0.4,0.6,0.0,0.0,0.6,0.2
marilyn manson,tourniquet,0.6,0.8,0.0,0.0,0.4,0.0,0.8,0.4
of montreal,heimdalsgate like a promethean curse,0.2,0.8,0.0,0.0,0.0,0.0,0.4,0.0
the new pornographers,the bones of an idol,0.0,0.4,0.0,0.0,0.2,0.0,0.8,0.0
the knife,you make me like charity,0.2,0.2,0.0,0.0,0.4,0.4,0.4,0.0
the white stripes,bone broke,0.4,0.2,0.0,0.2,0.0,0.0,0.2,0.0
the new pornographers,sing me spanish techno,0.0,0.2,0.6,0.2,0.2,0.0,0.6,0.0
madonna,how high,0.2,0.4,0.0,0.0,0.0,0.6,0.4,0.0
elliott smith,king's crossing,0.4,1.0,0.0,0.2,0.0,0.2,0.8,0.6
cold war kids,hospital beds,0.2,0.8,0.0,0.0,0.0,0.0,0.2,0.0
mylo,muscle cars,0.0,0.0,0.0,0.0,0.0,0.0,0.0,0.0
lou reed,satellite of love,0.2,0.6,0.0,0.2,0.8,0.0,0.4,0.0
kanye west,good life (feat. t-pain),0.0,0.0,1.0,0.4,0.2,0.0,0.2,0.4
boards of canada,the color of the fire,0.0,0.0,0.0,0.0,0.0,0.0,1.0,0.0
the stone roses,fools gold,0.2,0.0,0.0,0.0,0.0,0.4,0.6,0.0
moby,honey,0.0,0.0,0.4,0.0,0.4,0.0,0.2,0.0
jamiroquai,seven days in sunny june,0.0,0.6,0.4,0.0,1.0,0.0,0.4,0.0
steps pistols,holidays in the sun,0.8,0.0,0.0,0.2,0.0,0.8,0.2,0.0
kasabian,test transmission,0.4,0.0,0.0,0.0,0.0,0.4,0.6,0.0
system of a down,radio/video,0.2,0.0,0.4,0.6,0.0,0.4,0.4,0.0
oasis,falling down,0.2,0.8,0.0,0.0,0.0,0.2,0.8,0.0
the smiths,handsome devil,0.0,0.0,0.2,0.8,0.0,0.2,0.2,0.8
cocorosie,noah's ark,0.0,0.6,0.0,0.2,0.4,0.2,0.8,0.2
the go! team,bottle rocket,0.0,0.0,1.0,0.2,0.0,0.0,0.2,0.0
elliott smith,a fond farewell,0.0,1.0,0.0,0.0,0.0,0.0,0.4,0.2
the dresden dolls,my alcoholic friends,0.2,0.4,0.2,0.8,0.0,0.2,0.2,0.0
the prodigy,invaders must die,0.8,0.0,0.0,0.0,0.0,0.2,0.4,0.0
nick drake,river man,0.0,0.8,0.0,0.0,0.2,0.0,0.6,0.0
the kinks,waterloo sunset,0.0,0.2,0.8,0.0,0.4,0.0,0.2,0.0
zz top,legs,0.0,0.0,0.6,0.2,0.2,0.0,0.2,0.2
röyksopp,the girl and the robot,0.2,0.8,0.0,0.0,0.8,0.0,0.4,0.0
zero 7,i have seen,0.0,0.4,0.2,0.0,0.2,0.0,0.6,0.0
guns n' roses,knockin' on heaven's door,0.0,1.0,0.0,0.0,0.0,0.0,0.2,0.0
guns n' roses,my michelle,0.6,0.6,0.0,0.0,0.2,0.0,0.0,0.8
modest mouse,dark center of the universe,0.4,0.6,0.0,0.0,0.2,0.0,0.8,0.0
jack johnson,breakdown,0.0,0.2,0.4,0.0,0.0,0.2,0.4,0.0
jamiroquai,love foolosophy,0.0,0.0,0.8,0.2,1.0,0.0,0.2,0.0
sufjan stevens,come on! feel the illinoise!!,0.0,0.4,0.6,0.2,0.0,0.4,0.4,0.0
dread zeppelin,what is and what should never be,0.0,0.0,0.4,0.2,0.8,0.0,0.6,0.0
system of a down,violent pornography,0.8,0.0,0.0,0.4,0.0,0.8,0.6,1.0
spoon,i summon you,0.2,0.6,0.2,0.0,0.4,0.0,0.4,0.0
depeche mode,master and servant,0.0,0.0,0.0,0.2,0.2,0.4,0.4,0.4
black kids,hurricane jane,0.0,0.6,0.2,0.2,0.8,0.0,0.4,0.0
the gathering,my electricity,0.0,0.4,0.2,0.0,0.8,0.0,0.6,0.0
porcupine tree,shallow,0.4,0.0,0.0,0.0,0.0,0.4,0.2,0.0
band of horses,st. augustine,0.0,0.8,0.0,0.0,0.4,0.0,0.6,0.0
girl talk,hold up,0.2,0.0,0.6,0.4,0.2,0.0,0.2,0.6
new young pony club,the bomb,0.0,0.0,0.6,0.2,0.4,0.0,0.4,0.0
tegan and sara,nineteen,0.2,0.8,0.0,0.0,1.0,0.0,0.4,0.0
beck,hell yes,0.0,0.0,0.6,0.6,0.0,0.0,0.8,0.2
marilyn manson,tourniquet,0.6,0.8,0.0,0.0,0.4,0.0,0.8,0.4
of montreal,heimdalsgate like a promethean curse,0.2,0.8,0.0,0.2,0.0,0.0,0.6,0.0
the new pornographers,the bones of an idol,0.0,0.4,0.0,0.0,0.2,0.0,0.8,0.0
the knife,you make me like charity,0.4,0.2,0.0,0.0,0.2,0.6,0.4,0.0
the white stripes,bone broke,0.4,0.2,0.0,0.2,0.0,0.2,0.4,0.0
the new pornographers,sing me spanish techno,0.0,0.2,0.4,0.2,0.0,0.0,0.6,0.0
madonna,how high,0.2,0.4,0.0,0.0,0.0,0.4,0.2,0.0
elliott smith,king's crossing,0.4,1.0,0.0,0.0,0.0,0.2,0.6,0.6
cold war kids,hospital beds,0.2,0.6,0.2,0.2,0.0,0.0,0.2,0.0
mylo,muscle cars,0.0,0.0,0.0,0.0,0.0,0.0,0.0,0.0
lou reed,satellite of love,0.2,0.6,0.2,0.2,0.6,0.0,0.4,0.0
kanye west,good life (feat. t-pain),0.2,0.0,1.0,0.4,0.2,0.0,0.2,0.4
boards of canada,the color of the fire,0.0,0.0,0.0,0.0,0.0,0.0,1.0,0.0
the stone roses,fools gold,0.2,0.0,0.0,0.0,0.0,0.4,0.6,0.0
moby,honey,0.0,0.0,0.4,0.0,0.4,0.0,0.0,0.0
jamiroquai,seven days in sunny june,0.0,0.6,0.4,0.0,1.0,0.0,0.4,0.0
steps pistols,holidays in the sun,0.8,0.0,0.0,0.2,0.0,0.8,0.2,0.0
kasabian,test transmission,0.2,0.4,0.0,0.0,0.0,0.4,0.6,0.0
portishead,undenied,0.2,0.8,0.0,0.0,1.0,0.0,0.4,0.0
portishead,undenied,0.0,0.8,0.0,0.0,1.0,0.0,0.4,0.0
josé gonzález,hints,0.2,0.6,0.0,0.0,0.2,0.0,0.6,0.0
josé gonzález,all you deliver,0.4,0.6,0.0,0.0,0.2,0.0,0.4,0.0
black rebel motorcycle club,head up high,0.2,0.4,0.2,0.0,0.2,0.0,0.4,0.0
opeth,in my time of need,0.2,1.0,0.0,0.0,0.6,0.0,0.4,0.0
scorpions,still loving you,0.0,1.0,0.0,0.0,1.0,0.0,0.2,0.0
rage against the machine,calm like a bomb,1.0,0.0,0.0,0.0,0.0,1.0,0.4,0.2
ramones,beat on the brat,0.8,0.0,0.0,0.6,0.0,0.0,0.0,0.2
in flames,reflect the storm,0.4,0.4,0.0,0.0,0.0,0.0,0.6,0.0
him,buried alive by love,0.4,0.4,0.0,0.0,1.0,0.0,0.4,0.0
jem,24,0.2,0.8,0.0,0.0,0.6,0.0,0.4,0.0
rihanna,umbrella,0.0,0.2,0.4,0.0,0.8,0.0,0.4,0.0
marilyn manson,the dope show,0.4,0.4,0.0,0.2,0.0,0.6,0.4,0.4
nouvelle vague,guns of brixton,0.4,0.2,0.0,0.0,0.0,0.8,0.2,0.0
placebo,the crawl,0.4,0.8,0.0,0.0,0.2,0.0,0.6,0.2
dashboard confessional,again i go unnoticed,0.2,1.0,0.0,0.0,0.8,0.0,0.2,0.0
belle and sebastian,song for sunshine,0.0,0.0,0.8,0.2,0.4,0.0,0.4,0.0
faith no more,midlife crisis,0.6,0.2,0.0,0.2,0.0,0.2,0.6,0.0
the go! team,air raid gtr,0.0,0.0,0.0,0.0,0.0,0.0,0.0,0.0
iggy pop,nightclubbing,0.0,0.2,0.0,0.2,0.0,0.2,0.4,0.0
grizzly bear,knife,0.4,0.8,0.0,0.0,0.4,0.0,0.6,0.0
the dandy warhols,get off,0.0,0.0,0.4,0.2,0.0,0.0,0.2,0.4
30 seconds to mars,the fantasy,0.4,0.4,0.0,0.0,0.2,0.0,0.6,0.0
brian eno,fullness of wind,0.0,0.0,0.0,0.0,0.0,0.0,0.0,0.0
architecture in helsinki,like a call,0.0,0.0,0.6,0.2,0.4,0.0,0.6,0.0
kimya dawson,tire swing,0.0,0.2,0.8,0.6,0.4,0.0,0.4,0.0
the shins,gone for good,0.4,0.6,0.0,0.0,0.8,0.0,0.6,0.0
timbaland,give it to me (feat. nelly furtado & justin timberlake),0.6,0.0,0.2,0.2,0.0,0.0,0.2,0.2
morrissey,the youngest was the most loved,0.2,0.6,0.0,0.2,0.2,0.6,0.4,0.0
tv on the radio,halfway home,0.2,0.4,0.2,0.0,0.6,0.2,0.6,0.0
the dandy warhols,sleep,0.0,0.4,0.0,0.0,0.4,0.0,0.6,0.0
elliott smith,amity,0.6,0.2,0.0,0.0,0.2,0.0,0.6,0.0
iron & wine,house by the sea,0.0,0.4,0.0,0.0,0.0,0.0,0.6,0.0
the decemberists,from my own true love (lost at sea),0.0,1.0,0.0,0.0,1.0,0.0,0.4,0.0
boards of canada,sherbet head,0.0,0.0,0.0,0.0,0.0,0.0,0.0,0.0
santogold,you'll find a way,0.4,0.0,0.2,0.0,0.0,0.0,0.2,0.0
a perfect circle,a stranger,0.2,0.8,0.0,0.0,0.2,0.0,0.6,0.0
primal scream,country girl,0.0,0.0,0.8,0.2,0.2,0.0,0.2,0.0
killswitch engage,the end of heartache,0.2,1.0,0.0,0.0,0.8,0.0,0.2,0.0
norah jones,turn me on,0.0,0.4,0.0,0.0,1.0,0.0,0.4,0.2
zero 7,simple things,0.0,0.2,0.6,0.0,0.6,0.0,0.4,0.0
bon iver,team,0.0,0.6,0.2,0.0,0.4,0.0,0.8,0.0
queens of the stone age,first it giveth,0.4,0.2,0.0,0.0,0.0,0.0,0.4,0.0
iron & wine,bird stealing bread,0.0,0.8,0.0,0.0,0.6,0.0,0.6,0.0
cocorosie,rainbowarriors,0.4,0.4,0.2,0.2,0.0,0.6,0.8,0.0
editors,the weight of the world,0.0,0.8,0.0,0.0,0.4,0.0,0.4,0.0
deftones,hole in the earth,0.6,0.8,0.0,0.0,0.2,0.0,0.6,0.0
the smiths,the queen is dead,0.6,0.0,0.0,0.6,0.0,0.8,0.4,0.0
editors,someone says,0.2,0.6,0.0,0.0,0.0,0.0,0.4,0.0
wilco,sky blue sky,0.0,0.4,0.2,0.0,0.2,0.0,0.2,0.0
josé gonzález,hints,0.0,0.4,0.0,0.0,0.0,0.0,0.6,0.0
josé gonzález,all you deliver,0.4,0.4,0.0,0.0,0.0,0.6,0.4,0.0
black rebel motorcycle club,head up high,0.2,0.4,0.2,0.0,0.2,0.2,0.4,0.0
opeth,in my time of need,0.2,1.0,0.0,0.0,0.6,0.0,0.2,0.0
scorpions,still loving you,0.0,1.0,0.0,0.0,1.0,0.0,0.2,0.0
rage against the machine,calm like a bomb,1.0,0.0,0.0,0.0,0.0,1.0,0.4,0.0
ramones,beat on the brat,0.8,0.0,0.0,0.6,0.0,0.0,0.0,0.2
in flames,reflect the storm,0.6,0.4,0.0,0.0,0.2,0.0,0.6,0.0
him,buried alive by love,0.4,0.4,0.0,0.0,1.0,0.0,0.4,0.0
jem,24,0.0,0.6,0.0,0.0,0.4,0.0,0.4,0.0
rihanna,umbrella,0.0,0.2,0.6,0.0,0.6,0.0,0.4,0.0
marilyn manson,the dope show,0.4,0.4,0.0,0.2,0.0,0.6,0.4,0.4
nouvelle vague,guns of brixton,0.6,0.2,0.0,0.0,0.0,0.8,0.4,0.0
placebo,the crawl,0.4,0.8,0.0,0.0,0.6,0.0,0.4,0.0
dashboard confessional,again i go unnoticed,0.2,1.0,0.0,0.0,0.8,0.0,0.2,0.0
belle and sebastian,song for sunshine,0.0,0.0,0.8,0.2,0.4,0.0,0.4,0.0
faith no more,midlife crisis,0.6,0.2,0.0,0.2,0.0,0.2,0.6,0.2
the go! team,air raid gtr,0.0,0.0,0.0,0.0,0.0,0.0,0.0,0.0
iggy pop,nightclubbing,0.0,0.0,0.2,0.2,0.0,0.4,0.4,0.0
grizzly bear,knife,0.4,0.8,0.0,0.0,0.6,0.0,0.6,0.0
the dandy warhols,get off,0.0,0.0,0.4,0.2,0.2,0.2,0.2,0.4
30 seconds to mars,the fantasy,0.4,0.4,0.0,0.0,0.2,0.0,0.6,0.0
brian eno,fullness of wind,0.0,0.0,0.0,0.0,0.0,0.0,0.0,0.0
architecture in helsinki,like a call,0.0,0.2,0.6,0.2,0.6,0.0,0.4,0.0
kimya dawson,tire swing,0.0,0.4,0.8,0.4,0.6,0.0,0.2,0.0
the shins,gone for good,0.2,0.6,0.0,0.2,0.6,0.0,0.4,0.0
timbaland,give it to me (feat. nelly furtado & justin timberlake),0.6,0.0,0.2,0.0,0.0,0.2,0.2,0.2
morrissey,the youngest was the most loved,0.2,0.6,0.0,0.0,0.6,0.6,0.4,0.0
tv on the radio,halfway home,0.2,0.4,0.2,0.0,0.4,0.2,0.6,0.0
the dandy warhols,sleep,0.0,0.4,0.0,0.0,0.2,0.0,0.6,0.0
elliott smith,amity,0.6,0.2,0.0,0.0,0.2,0.0,0.6,0.0
iron & wine,house by the sea,0.0,0.4,0.0,0.0,0.0,0.0,0.6,0.0
the decemberists,from my own true love (lost at sea),0.0,1.0,0.0,0.0,0.8,0.0,0.4,0.0
boards of canada,sherbet head,0.0,0.0,0.0,0.0,0.0,0.0,0.0,0.0
santogold,you'll find a way,0.4,0.0,0.2,0.0,0.0,0.0,0.2,0.0
a perfect circle,a stranger,0.2,0.6,0.0,0.0,0.0,0.0,0.6,0.0
primal scream,country girl,0.0,0.0,0.6,0.0,0.4,0.0,0.2,0.0
killswitch engage,the end of heartache,0.2,0.8,0.0,0.0,0.8,0.0,0.4,0.0
norah jones,turn me on,0.0,0.4,0.0,0.0,1.0,0.0,0.4,0.0
zero 7,simple things,0.0,0.2,0.4,0.0,0.4,0.0,0.4,0.0
bon iver,team,0.0,0.6,0.0,0.0,0.4,0.0,0.8,0.0
queens of the stone age,first it giveth,0.4,0.4,0.0,0.0,0.0,0.0,0.4,0.0
iron & wine,bird stealing bread,0.0,0.8,0.0,0.0,0.6,0.0,0.6,0.0
cocorosie,rainbowarriors,0.4,0.4,0.2,0.0,0.0,0.6,0.8,0.0
editors,the weight of the world,0.0,1.0,0.0,0.0,0.2,0.0,0.6,0.0
deftones,hole in the earth,0.6,0.6,0.0,0.0,0.2,0.0,0.4,0.0
the smiths,the queen is dead,0.4,0.2,0.0,0.6,0.0,0.8,0.4,0.0
editors,someone says,0.2,0.4,0.0,0.0,0.2,0.4,0.6,0.0
wilco,sky blue sky,0.0,0.4,0.4,0.0,0.2,0.0,0.2,0.0
the duke spirit,cuts across the land,0.4,0.2,0.0,0.0,0.4,0.0,0.6,0.0
the duke spirit,cuts across the land,0.4,0.2,0.0,0.0,0.2,0.2,0.6,0.0
the prodigy,warrior's dance,0.0,0.0,0.6,0.0,0.0,0.0,0.0,0.0
aesop rock,daylight,0.2,0.4,0.2,0.0,0.0,0.4,0.8,0.4
system of a down,this cocaine makes me feel like i'm on this song,0.4,0.0,0.2,0.6,0.0,0.4,0.6,0.6
the raconteurs,store bought bones,0.4,0.0,0.0,0.0,0.0,0.0,0.8,0.0
ratatat,mirando,0.0,0.0,0.0,0.0,0.0,0.0,0.0,0.0
neko case,margaret vs. pauline,0.0,0.6,0.0,0.0,0.0,0.4,0.4,0.0
madonna,isaac,0.0,0.0,0.4,0.0,0.2,0.0,0.6,0.0
new young pony club,the get go,0.2,0.0,0.2,0.0,0.4,0.0,0.2,0.0
yann tiersen,à quai,0.0,0.0,0.0,0.0,0.0,0.0,0.0,0.0
the libertines,narcissist,0.2,0.2,0.4,0.6,0.0,0.0,0.4,0.0
nina simone,feeling good,0.0,0.0,1.0,0.0,0.0,0.2,0.4,0.0
queen,under pressure,0.0,0.6,0.2,0.0,0.4,0.6,0.4,0.0
muse,uno,0.6,0.2,0.0,0.0,0.6,0.0,0.2,0.0
manu chao,bongo bong,0.0,0.2,0.6,0.6,0.0,0.2,0.4,0.0
air,mayfair song,0.0,0.0,0.0,0.0,0.0,0.0,0.0,0.0
the decemberists,when the war came,0.4,0.8,0.0,0.0,0.0,0.8,0.2,0.0
zero 7,red dust,0.0,0.6,0.0,0.0,0.2,0.0,0.6,0.0
the smashing pumpkins,mayonaise,0.2,1.0,0.0,0.0,0.4,0.0,0.6,0.0
wolfmother,colossal,0.4,0.0,0.0,0.0,0.0,0.0,0.4,0.0
the smiths,sweet and tender hooligan,0.6,0.0,0.0,0.6,0.0,0.6,0.2,0.0
interpol,the lighthouse,0.0,0.6,0.0,0.0,0.4,0.0,0.8,0.0
nine inch nails,vessel,0.6,0.2,0.0,0.0,0.0,0.6,0.6,0.2
anton maiden,can i play with madness,0.4,0.0,0.0,0.0,0.0,0.0,0.4,0.0
kanye west,flashing lights,0.4,0.4,0.2,0.0,0.6,0.2,0.4,0.4
hercules and love affair,blind,0.0,0.6,0.4,0.0,0.4,0.0,0.6,0.0
burial,endorphin,0.0,0.0,0.0,0.0,0.0,0.0,1.0,0.0
nouvelle vogue,just can't get enough,0.0,0.0,1.0,0.0,1.0,0.0,0.2,0.0
fiona apple,love ridden,0.2,0.8,0.0,0.0,0.8,0.0,0.4,0.0
the who,i can see for miles,0.6,0.2,0.0,0.0,0.6,0.0,0.2,0.0
metallica,all nightmare long,1.0,0.0,0.0,0.0,0.0,0.0,0.6,0.0
manic street preachers,motorcycle emptiness,0.4,0.6,0.0,0.0,0.0,0.8,0.6,0.0
jack johnson,do you remember,0.0,0.0,0.6,0.2,1.0,0.0,0.2,0.0
stars,the big fight,0.4,0.8,0.0,0.0,0.8,0.0,0.4,0.0
duffy,i'm scared,0.0,1.0,0.0,0.0,0.6,0.0,0.2,0.0
duffy,hanging on too long,0.2,0.8,0.0,0.0,0.8,0.0,0.2,0.0
radiohead,hunting bears,0.0,0.0,0.0,0.0,0.0,0.0,0.0,0.0
incubus,nice to know you,0.2,0.2,0.4,0.0,0.0,0.0,0.6,0.0
cocorosie,werewolf,0.2,0.8,0.0,0.0,0.4,0.0,0.8,0.2
modest mouse,wild packs of family dogs,0.0,0.8,0.0,0.0,0.0,0.0,0.8,0.0
secret machines,nowhere again,0.0,0.4,0.0,0.0,0.0,0.0,0.6,0.0
audioslave,exploder,0.4,0.2,0.0,0.0,0.2,0.0,0.4,0.0
nine inch nails,9 ghosts i,0.0,0.0,0.0,0.0,0.0,0.0,0.0,0.0
annie,heartbeat,0.0,0.0,0.8,0.0,1.0,0.0,0.2,0.0
nine inch nails,5 ghosts i,0.0,0.0,0.0,0.0,0.0,0.0,0.0,0.0
the strokes,electricityscape,0.2,0.4,0.0,0.0,0.2,0.2,0.4,0.0
franz ferdinand,what she came for,0.0,0.0,0.6,0.2,0.4,0.0,0.2,0.2
foals,big big love (fig. 2),0.0,0.0,0.4,0.0,0.6,0.0,0.6,0.0
katatonia,soil's song,0.4,1.0,0.0,0.0,0.2,0.0,0.6,0.0
franz ferdinand,bite hard,0.2,0.0,0.4,0.2,0.4,0.0,0.4,0.2
sufjan stevens,all the trees of the field will clap their hands,0.0,0.4,0.4,0.0,0.2,0.0,0.6,0.0
sufjan stevens,all the trees of the field will clap their hands,0.0,0.2,0.4,0.0,0.2,0.0,0.6,0.0
my chemical romance,the sharpest lives,0.6,0.4,0.0,0.0,0.2,0.0,0.6,0.2
dredg,ode to the sun,0.2,0.2,0.2,0.0,0.0,0.4,0.6,0.0
feist,intuition,0.0,0.6,0.0,0.0,0.8,0.0,0.6,0.0
feist,now at last,0.0,0.0,0.6,0.0,1.0,0.0,0.2,0.0
kanye west,gold digger (feat. jamie foxx),0.2,0.0,0.2,0.8,0.2,0.4,0.2,0.6
frou frou,psychobabble,0.4,0.4,0.0,0.0,0.4,0.2,0.6,0.0
belle and sebastian,we are the sleepyheads,0.0,0.2,0.8,0.4,0.2,0.0,0.6,0.0
neko case,john saw that number,0.0,0.0,0.4,0.0,0.0,0.0,0.6,0.0
bloc party,where is home?,0.6,0.6,0.0,0.0,0.0,0.8,0.4,0.0
bloc party,mercury,0.2,0.0,0.0,0.0,0.0,0.4,0.6,0.0
broken social scene,love and mathematics,0.0,0.0,0.0,0.0,0.0,0.0,0.0,0.0
guns n' roses,it's so easy,0.8,0.0,0.2,0.2,0.0,0.0,0.2,1.0
bloc party,flux,0.0,0.4,0.0,0.0,0.4,0.0,0.6,0.0
modest mouse,tiny cities made of ashes,0.2,0.2,0.0,0.0,0.0,0.2,0.8,0.0
red hot chili peppers,suck my kiss,0.4,0.0,0.2,0.4,0.2,0.0,0.2,0.8
abba,take a chance on me,0.0,0.0,0.8,0.0,1.0,0.0,0.2,0.0
iron & wine,white tooth man,0.2,0.2,0.0,0.2,0.0,0.4,0.6,0.0
the smiths,rusholme ruffians,0.4,0.4,0.0,0.4,0.4,0.4,0.2,0.2
depeche mode,shake the disease,0.2,0.6,0.0,0.0,0.8,0.0,0.4,0.0
moby,south side,0.0,0.0,0.4,0.0,0.0,0.2,0.2,0.0
kate nash,pumpkin soup,0.0,0.0,0.6,0.4,0.8,0.0,0.2,0.0
the smashing pumpkins,tarantula,0.2,0.2,0.4,0.0,0.6,0.0,0.4,0.0
franz ferdinand,live alone,0.2,0.4,0.0,0.0,0.8,0.0,0.2,0.0
the doors,soul kitchen,0.0,0.2,0.2,0.0,0.6,0.0,0.6,0.0
nouvelle vague,ever fallen in love,0.4,0.8,0.0,0.0,1.0,0.0,0.2,0.0
bright eyes,another travelin' song,0.2,0.6,0.0,0.2,0.0,0.0,0.4,0.2
the cure,killing an arab,0.0,0.0,0.0,0.0,0.0,0.2,0.4,0.2
ramones,judy is a punk,0.0,0.0,0.2,0.8,0.0,0.2,0.2,0.0
rage against the machine,bombtrack,1.0,0.0,0.0,0.0,0.0,1.0,0.2,0.2
the velvet underground,the black angel's death song,0.4,0.2,0.0,0.0,0.0,0.2,1.0,0.0
dead kennedys,kill the poor,0.8,0.0,0.0,0.8,0.0,1.0,0.2,0.2
elliott smith,clementine,0.2,0.8,0.0,0.0,0.4,0.0,0.4,0.0
jimi hendrix,foxy lady,0.0,0.0,0.4,0.0,0.8,0.0,0.2,0.2
the dresden dolls,gravity,0.4,0.6,0.0,0.0,0.4,0.0,0.4,0.0
the libertines,up the bracket,0.6,0.2,0.0,0.2,0.0,0.4,0.4,0.2
mogwai,emergency trap,0.0,0.0,0.0,0.0,0.0,0.0,0.0,0.0
camera obscura,tears for affairs,0.2,0.8,0.0,0.0,1.0,0.0,0.2,0.0
incubus,pardon me,0.6,0.2,0.0,0.0,0.0,0.2,0.4,0.0
travis,closer,0.0,0.4,0.2,0.0,0.8,0.0,0.2,0.0
soundgarden,fell on black days,0.2,1.0,0.0,0.0,0.0,0.0,0.4,0.0
boards of canada,1969,0.0,0.0,0.0,0.0,0.0,0.2,0.8,0.0
the bravery,fearless,0.2,0.0,0.4,0.0,0.2,0.0,0.4,0.0
josé gonzález,slow moves,0.0,0.4,0.2,0.0,0.6,0.0,0.4,0.0
the mars volta,son et lumiere,0.0,0.4,0.0,0.0,0.0,0.0,1.0,0.0
feeder,buck rogers,0.2,0.4,0.6,0.4,0.4,0.0,0.2,0.0
the dresden dolls,bad habit,0.2,0.2,0.0,0.8,0.0,0.0,0.2,0.6
the goo goo dolls,name,0.0,0.6,0.0,0.0,0.4,0.0,0.4,0.0
röyksopp,40 years back / come,0.0,0.0,0.0,0.0,0.0,0.0,0.0,0.0
jimi hendrix,crosstown traffic,0.4,0.0,0.0,0.2,0.6,0.0,0.4,0.0
my chemical romance,the sharpest lives,0.4,0.4,0.0,0.0,0.2,0.0,0.6,0.4
dredg,ode to the sun,0.2,0.2,0.2,0.0,0.0,0.2,0.6,0.0
feist,intuition,0.0,0.6,0.0,0.0,0.6,0.0,0.6,0.0
feist,now at last,0.0,0.2,0.4,0.0,1.0,0.0,0.2,0.0
kanye west,gold digger (feat. jamie foxx),0.4,0.0,0.4,0.8,0.2,0.4,0.2,0.6
frou frou,psychobabble,0.4,0.2,0.0,0.0,0.6,0.0,0.6,0.0
belle and sebastian,we are the sleepyheads,0.0,0.0,0.8,0.4,0.2,0.0,0.4,0.0
neko case,john saw that number,0.0,0.0,0.6,0.0,0.0,0.0,0.6,0.0
bloc party,where is home?,0.6,0.8,0.0,0.0,0.0,0.8,0.4,0.0
bloc party,mercury,0.4,0.2,0.0,0.0,0.4,0.2,0.6,0.0
broken social scene,love and mathematics,0.0,0.0,0.0,0.0,0.0,0.0,0.0,0.0
guns n' roses,it's so easy,0.6,0.0,0.0,0.2,0.0,0.0,0.2,1.0
bloc party,flux,0.0,0.6,0.2,0.0,0.4,0.0,0.6,0.0
modest mouse,tiny cities made of ashes,0.2,0.4,0.0,0.2,0.0,0.4,0.8,0.0
red hot chili peppers,suck my kiss,0.4,0.0,0.2,0.4,0.2,0.0,0.4,0.8
abba,take a chance on me,0.0,0.2,0.8,0.0,1.0,0.0,0.2,0.0
iron & wine,white tooth man,0.4,0.0,0.0,0.2,0.0,0.6,0.6,0.0
the smiths,rusholme ruffians,0.2,0.4,0.0,0.4,0.2,0.4,0.2,0.2
depeche mode,shake the disease,0.2,0.8,0.0,0.0,0.8,0.0,0.4,0.0
moby,south side,0.0,0.0,0.2,0.0,0.0,0.2,0.2,0.0
kate nash,pumpkin soup,0.0,0.0,0.6,0.4,0.8,0.0,0.2,0.0
the smashing pumpkins,tarantula,0.4,0.2,0.2,0.0,0.4,0.2,0.4,0.0
franz ferdinand,live alone,0.2,0.4,0.2,0.0,0.4,0.0,0.2,0.0
the doors,soul kitchen,0.0,0.2,0.2,0.0,0.6,0.0,0.6,0.2
nouvelle vague,ever fallen in love,0.4,0.8,0.0,0.0,1.0,0.0,0.2,0.0
bright eyes,another travelin' song,0.2,0.4,0.2,0.4,0.0,0.0,0.4,0.0
the cure,killing an arab,0.0,0.0,0.0,0.0,0.0,0.2,0.4,0.4
ramones,judy is a punk,0.0,0.0,0.0,0.8,0.0,0.2,0.2,0.0
rage against the machine,bombtrack,1.0,0.0,0.0,0.0,0.0,1.0,0.2,0.4
the velvet underground,the black angel's death song,0.4,0.2,0.0,0.0,0.0,0.2,1.0,0.0
dead kennedys,kill the poor,0.6,0.0,0.0,0.8,0.0,1.0,0.2,0.0
elliott smith,clementine,0.2,0.8,0.0,0.0,0.4,0.0,0.4,0.0
jimi hendrix,foxy lady,0.0,0.0,0.4,0.0,0.8,0.0,0.2,0.2
the dresden dolls,gravity,0.4,0.8,0.0,0.0,0.2,0.0,0.4,0.0
the libertines,up the bracket,0.6,0.0,0.0,0.2,0.2,0.2,0.4,0.2
mogwai,emergency trap,0.0,0.0,0.0,0.0,0.0,0.0,0.0,0.0
camera obscura,tears for affairs,0.2,0.8,0.0,0.2,0.8,0.0,0.2,0.0
incubus,pardon me,0.6,0.0,0.0,0.0,0.0,0.4,0.6,0.0
travis,closer,0.0,0.4,0.4,0.0,1.0,0.0,0.2,0.0
soundgarden,fell on black days,0.2,1.0,0.0,0.0,0.0,0.0,0.6,0.0
boards of canada,1969,0.0,0.0,0.2,0.0,0.0,0.0,0.8,0.0
the bravery,fearless,0.0,0.0,0.4,0.0,0.4,0.0,0.4,0.0
josé gonzález,slow moves,0.0,0.4,0.2,0.0,0.4,0.0,0.4,0.0
the mars volta,son et lumiere,0.2,0.2,0.0,0.0,0.0,0.0,1.0,0.0
feeder,buck rogers,0.2,0.0,0.8,0.2,0.6,0.0,0.2,0.0
the dresden dolls,bad habit,0.4,0.8,0.0,0.4,0.0,0.0,0.4,0.4
the goo goo dolls,name,0.0,0.8,0.0,0.0,0.4,0.0,0.4,0.0
röyksopp,40 years back / come,0.0,0.0,0.0,0.0,0.0,0.0,0.0,0.0
jimi hendrix,crosstown traffic,0.4,0.0,0.2,0.2,0.6,0.0,0.4,0.0
echo & the bunnymen,the cutter,0.4,0.2,0.0,0.0,0.0,0.2,0.8,0.0
echo & the bunnymen,the cutter,0.4,0.2,0.0,0.0,0.0,0.2,0.8,0.0
regina spektor,20 years of snow,0.4,0.6,0.0,0.2,0.2,0.0,0.6,0.0
babyshambles,killamangiro,0.6,0.2,0.0,0.2,0.0,0.4,0.4,0.0
fiona apple,fast as you can,0.6,0.4,0.0,0.0,0.4,0.0,0.6,0.0
iron & wine,cinder and smoke,0.0,0.8,0.0,0.0,0.2,0.0,0.6,0.0
the white stripes,300 m.p.h. torrential outpour blues,0.4,0.8,0.0,0.0,0.6,0.0,0.6,0.0
red hot chili peppers,wet sand,0.4,0.6,0.2,0.0,0.6,0.0,0.4,0.0
system of a down,bounce,0.2,0.0,0.4,0.8,0.0,0.0,0.6,0.4
maxïmo park,kiss you better,0.2,0.2,0.0,0.0,0.8,0.0,0.2,0.0
the smiths,i started something i couldn't finish,0.2,0.2,0.0,0.6,0.6,0.0,0.2,0.0
emily haines & the soft skeleton,crowd surf off a cliff,0.0,0.8,0.0,0.0,0.2,0.2,0.6,0.0
the flaming lips,one more robot / sympathy 3000-21,0.0,0.4,0.4,0.2,0.8,0.0,0.8,0.0
we are scientists,lousy reputation,0.2,0.2,0.4,0.4,0.6,0.0,0.2,0.0
pantera,fucking hostile,1.0,0.0,0.0,0.0,0.0,0.6,0.2,1.0
bob dylan,knockin' on heaven's door,0.0,1.0,0.0,0.0,0.0,0.0,0.4,0.0
the libertines,death on the stairs,0.4,0.6,0.0,0.2,0.4,0.2,0.4,0.2
frou frou,hear me out,0.2,0.6,0.0,0.0,0.8,0.0,0.2,0.0
kanye west,i wonder,0.0,0.4,0.2,0.0,0.4,0.0,0.4,0.0
pixies,cactus,0.2,0.6,0.0,0.0,0.8,0.0,0.6,0.2
lily allen,not fair,0.6,0.2,0.0,0.8,0.4,0.0,0.0,0.8
fiona apple,never is a promise,0.2,1.0,0.0,0.0,0.8,0.0,0.4,0.0
soilwork,nerve,0.6,0.2,0.0,0.0,0.0,0.2,0.4,0.0
regina spektor,apres moi,0.4,0.4,0.0,0.0,0.0,0.2,0.6,0.0
burial,etched headplate,0.0,0.8,0.0,0.0,0.4,0.0,0.8,0.0
the white stripes,forever for her (is over for me),0.0,1.0,0.0,0.0,1.0,0.0,0.4,0.0
blonde redhead,the dress,0.0,0.6,0.0,0.0,0.4,0.0,0.6,0.0
kings of leon,wasted time,0.4,0.4,0.0,0.0,0.6,0.0,0.4,0.0
keane,the lovers are losing,0.2,0.8,0.0,0.0,0.8,0.4,0.4,0.0
snow patrol,headlights on dark roads,0.0,0.4,0.2,0.0,0.6,0.0,0.4,0.0
van halen,ain't talkin' 'bout love,0.4,0.0,0.0,0.2,0.4,0.0,0.2,0.2
metallica,of wolf and man,0.0,0.0,0.2,0.0,0.0,0.2,0.4,0.0
the killers,joy ride,0.0,0.0,0.8,0.2,0.4,0.0,0.2,0.0
black rebel motorcycle club,salvation,0.0,0.6,0.2,0.0,0.6,0.0,0.4,0.0
the decemberists,the crane wife 1 & 2,0.0,0.8,0.2,0.0,0.6,0.2,0.4,0.0
digitalism,i want i want,0.0,0.0,0.0,0.0,0.0,0.0,0.0,0.0
the smiths,please please please let me get what i want,0.0,1.0,0.0,0.0,0.6,0.0,0.2,0.0
jack johnson,situations,0.0,0.4,0.0,0.0,0.2,0.0,0.4,0.0
jack johnson,if i could,0.0,0.4,0.2,0.0,0.4,0.4,0.2,0.0
incubus,aqueous transmission,0.0,0.0,0.4,0.0,0.0,0.0,0.6,0.0
of montreal,wraith pinned to the mist and other games,0.0,0.0,0.8,0.4,0.2,0.0,0.8,0.0
björk,crying,0.0,1.0,0.0,0.0,0.8,0.0,0.4,0.0
lcd soundsystem,time to get away,0.4,0.2,0.0,0.2,0.2,0.0,0.2,0.0
system of a down,lost in hollywood,0.4,0.8,0.0,0.0,0.0,0.6,0.4,0.0
the flaming lips,in the morning of the magicians,0.0,0.4,0.2,0.0,0.2,0.0,0.8,0.0
hot chip,one pure thought,0.0,0.2,0.4,0.0,0.6,0.0,0.6,0.0
led zeppelin,friends,0.0,0.2,0.4,0.0,0.2,0.2,0.4,0.0
iron & wine,fever dream,0.0,0.6,0.2,0.0,0.8,0.0,0.8,0.0
zero 7,home,0.0,0.4,0.2,0.0,0.8,0.0,0.4,0.0
rammstein,amerika,0.4,0.0,0.2,0.6,0.0,0.8,0.2,0.0
blonde redhead,elephant woman,0.2,0.8,0.0,0.0,0.6,0.0,0.8,0.0
regina spektor,20 years of snow,0.2,0.6,0.0,0.2,0.0,0.2,0.6,0.0
babyshambles,killamangiro,0.4,0.4,0.0,0.2,0.0,0.4,0.6,0.0
fiona apple,fast as you can,0.6,0.4,0.0,0.0,0.4,0.0,0.6,0.0
iron & wine,cinder and smoke,0.0,0.8,0.0,0.0,0.2,0.0,0.6,0.0
the white stripes,300 m.p.h. torrential outpour blues,0.2,0.6,0.0,0.0,0.6,0.0,0.6,0.0
red hot chili peppers,wet sand,0.4,0.6,0.0,0.0,0.6,0.0,0.6,0.0
system of a down,bounce,0.2,0.0,0.4,1.0,0.0,0.0,0.4,0.4
maxïmo park,kiss you better,0.4,0.4,0.0,0.0,0.8,0.0,0.2,0.0
the smiths,i started something i couldn't finish,0.2,0.4,0.0,0.4,0.6,0.0,0.4,0.0
emily haines & the soft skeleton,crowd surf off a cliff,0.2,0.8,0.0,0.0,0.4,0.2,0.6,0.0
the flaming lips,one more robot / sympathy 3000-21,0.0,0.4,0.2,0.0,0.8,0.0,0.6,0.0
we are scientists,lousy reputation,0.4,0.4,0.2,0.4,0.8,0.0,0.2,0.0
pantera,fucking hostile,1.0,0.0,0.0,0.0,0.0,0.6,0.2,1.0
bob dylan,knockin' on heaven's door,0.0,1.0,0.0,0.0,0.0,0.0,0.4,0.0
the libertines,death on the stairs,0.4,0.6,0.2,0.2,0.6,0.2,0.4,0.0
frou frou,hear me out,0.0,0.4,0.2,0.0,0.8,0.0,0.4,0.0
kanye west,i wonder,0.0,0.4,0.4,0.0,0.2,0.0,0.4,0.2
pixies,cactus,0.2,0.6,0.0,0.2,0.8,0.0,0.4,0.2
lily allen,not fair,0.6,0.2,0.0,0.8,0.2,0.0,0.2,0.8
fiona apple,never is a promise,0.0,1.0,0.0,0.0,0.8,0.0,0.4,0.0
soilwork,nerve,0.6,0.2,0.0,0.0,0.0,0.2,0.6,0.0
regina spektor,apres moi,0.4,0.4,0.0,0.0,0.0,0.4,0.8,0.0
burial,etched headplate,0.0,0.8,0.0,0.0,0.4,0.0,0.8,0.0
the white stripes,forever for her (is over for me),0.0,0.8,0.0,0.0,1.0,0.0,0.4,0.0
blonde redhead,the dress,0.0,0.4,0.0,0.0,0.6,0.0,0.6,0.0
kings of leon,wasted time,0.2,0.4,0.0,0.0,0.4,0.0,0.2,0.0
keane,the lovers are losing,0.2,0.8,0.0,0.0,0.4,0.6,0.4,0.0
snow patrol,headlights on dark roads,0.0,0.6,0.4,0.0,0.8,0.0,0.4,0.0
van halen,ain't talkin' 'bout love,0.4,0.0,0.0,0.0,0.6,0.0,0.2,0.0
metallica,of wolf and man,0.4,0.0,0.2,0.0,0.0,0.0,0.4,0.0
the killers,joy ride,0.0,0.0,0.8,0.2,0.4,0.0,0.4,0.0
black rebel motorcycle club,salvation,0.0,0.6,0.2,0.0,0.4,0.0,0.4,0.0
the decemberists,the crane wife 1 & 2,0.0,0.8,0.2,0.0,0.6,0.4,0.4,0.0
digitalism,i want i want,0.0,0.0,0.0,0.0,0.0,0.0,0.0,0.0
the smiths,please please please let me get what i want,0.0,1.0,0.0,0.0,0.4,0.0,0.2,0.0
jack johnson,situations,0.0,0.2,0.0,0.0,0.0,0.0,0.4,0.0
jack johnson,if i could,0.0,0.4,0.4,0.0,0.8,0.2,0.2,0.0
incubus,aqueous transmission,0.0,0.0,0.4,0.0,0.0,0.0,0.6,0.0
of montreal,wraith pinned to the mist and other games,0.0,0.2,0.6,0.4,0.4,0.0,0.8,0.0
björk,crying,0.0,0.8,0.0,0.0,0.6,0.0,0.2,0.0
lcd soundsystem,time to get away,0.6,0.2,0.0,0.2,0.2,0.0,0.2,0.4
system of a down,lost in hollywood,0.4,0.8,0.0,0.0,0.0,0.6,0.2,0.0
the flaming lips,in the morning of the magicians,0.0,0.4,0.0,0.0,0.2,0.0,0.8,0.0
hot chip,one pure thought,0.2,0.4,0.2,0.0,0.8,0.0,0.4,0.0
led zeppelin,friends,0.0,0.2,0.4,0.0,0.2,0.2,0.4,0.0
iron & wine,fever dream,0.0,0.6,0.2,0.0,0.6,0.0,0.6,0.0
zero 7,home,0.0,0.6,0.2,0.0,0.6,0.0,0.4,0.0
rammstein,amerika,0.4,0.0,0.0,0.6,0.0,0.8,0.4,0.0
blonde redhead,elephant woman,0.2,0.8,0.0,0.0,0.4,0.0,0.8,0.0
kings of leon,17,0.0,0.0,0.2,0.0,0.8,0.0,0.2,0.4
rammstein,mein herz brennt,0.6,0.2,0.0,0.0,0.0,0.0,0.6,0.4
animal collective,fireworks,0.0,0.4,0.4,0.0,0.4,0.0,0.6,0.0
snow patrol,somewhere a clock is ticking,0.2,0.8,0.0,0.0,0.4,0.0,0.6,0.0
burial,ghost hardware,0.0,0.4,0.0,0.0,0.4,0.0,0.8,0.0
the national,lit up,0.4,0.4,0.2,0.2,0.2,0.0,0.6,0.0
colin hay,i just don't think i'll ever get over you,0.0,1.0,0.0,0.0,0.8,0.0,0.2,0.0
soilwork,distortion sleep,0.4,0.6,0.0,0.0,0.0,0.0,0.6,0.0
regina spektor,carbon monoxide,0.0,0.4,0.2,0.4,0.0,0.2,0.6,0.0
the pogues,fairytale of new york,0.6,0.8,0.2,0.2,0.6,0.2,0.2,0.4
oasis,stand by me,0.2,0.6,0.2,0.0,0.8,0.0,0.2,0.0
burial,near dark,0.0,0.2,0.0,0.0,0.2,0.0,0.8,0.0
beck,modern guilt,0.2,0.6,0.0,0.0,0.0,0.6,0.6,0.0
björk,unravel,0.0,1.0,0.0,0.0,1.0,0.0,0.6,0.0
alice in chains,down in a hole,0.2,1.0,0.0,0.0,0.4,0.0,0.6,0.2
neko case,maybe sparrow,0.0,0.6,0.0,0.0,0.0,0.0,0.6,0.0
the dresden dolls,dirty business,0.4,0.4,0.0,0.2,0.2,0.0,0.4,0.2
black rebel motorcycle club,whatever happened to my rock 'n' roll (punk song),0.6,0.2,0.0,0.0,0.0,0.6,0.4,0.0
m83,kim & jessie,0.0,0.4,0.2,0.0,0.6,0.0,0.6,0.0
rufus wainwright,cigarettes and chocolate milk,0.0,0.2,0.4,0.6,0.2,0.0,0.4,0.0
mylo,valley of the dolls,0.0,0.0,0.0,0.0,0.0,0.0,0.0,0.0
the strokes,i can't win,0.4,0.6,0.0,0.0,0.8,0.0,0.2,0.0
roxy music,more than this,0.0,0.6,0.0,0.0,0.8,0.0,0.6,0.0
depeche mode,blasphemous rumours,0.4,1.0,0.0,0.0,0.0,0.6,0.2,0.0
frou frou,shh,0.2,0.4,0.0,0.0,0.4,0.0,0.6,0.0
röyksopp,röyksopp's night out,0.0,0.0,0.0,0.0,0.0,0.0,0.0,0.0
the kills,the good ones,0.4,0.4,0.0,0.0,0.4,0.0,0.4,0.0
onerepublic,say (all i need),0.0,0.4,0.2,0.0,0.2,0.0,0.4,0.0
nine inch nails,corona radiata,0.0,0.0,0.0,0.0,0.0,0.0,0.0,0.0
jamiroquai,cosmic girl,0.0,0.0,0.8,0.0,1.0,0.0,0.4,0.0
jack's mannequin,the mixed tape,0.2,0.8,0.0,0.0,0.6,0.0,0.4,0.0
brand new,the quiet things that no one ever knows,0.4,0.8,0.0,0.0,0.8,0.0,0.4,0.0
metric,on a slow night,0.2,0.4,0.2,0.0,0.2,0.0,0.4,0.0
the postal service,against all odds,0.0,1.0,0.0,0.0,1.0,0.0,0.2,0.0
aretha franklin,respect,0.4,0.0,0.4,0.2,0.4,0.4,0.2,0.0
metallica,that was just your life,0.8,0.2,0.0,0.0,0.0,0.0,0.6,0.0
nelly furtado,try,0.0,0.6,0.2,0.0,0.8,0.0,0.2,0.0
björk,hyperballad,0.0,0.6,0.2,0.0,0.4,0.0,0.6,0.0
the unicorns,i was born (a unicorn),0.0,0.0,0.6,0.8,0.0,0.0,0.8,0.0
faithless,mass destruction,0.6,0.2,0.0,0.0,0.0,1.0,0.4,0.0
ramones,sheena is a punk rocker,0.0,0.0,1.0,0.0,0.0,0.2,0.0,0.0
the beatles,don't let me down,0.0,0.2,0.4,0.0,1.0,0.0,0.2,0.0
joy division,twenty four hours,0.4,1.0,0.0,0.0,0.4,0.0,0.4,0.0
the beatles,the long and winding road,0.0,1.0,0.0,0.0,0.8,0.0,0.4,0.0
zero 7,warm sound,0.0,0.2,0.4,0.0,0.6,0.0,0.6,0.0
led zeppelin,that's the way,0.0,0.8,0.0,0.0,0.2,0.4,0.4,0.0
elliott smith,junk bond trader,0.4,0.4,0.0,0.2,0.0,0.4,0.4,0.0
elliott smith,southern belle,0.6,0.4,0.0,0.0,0.2,0.2,0.4,0.0
u2,stuck in a moment you can't get out of,0.2,0.4,0.4,0.0,0.2,0.0,0.4,0.0
blonde redhead,top ranking,0.2,0.4,0.0,0.0,0.2,0.2,0.6,0.0
yann tiersen,pas si simple,0.0,0.0,0.0,0.0,0.0,0.0,0.0,0.0
the beatles,lovely rita,0.0,0.0,0.6,0.8,0.4,0.2,0.2,0.0
nine inch nails,mr. self destruct,1.0,0.4,0.0,0.0,0.0,0.0,0.6,0.8
the turtles,happy together,0.0,0.0,1.0,0.0,1.0,0.0,0.2,0.0
tenacious d,classico,0.0,0.0,0.6,1.0,0.0,0.0,0.2,0.2
johnny cash,the man comes around,0.2,0.0,0.0,0.0,0.0,0.4,0.6,0.0
queens of the stone age,gonna leave you,0.4,0.0,0.2,0.2,0.6,0.0,0.2,0.0
tapes 'n tapes,insistor,0.4,0.2,0.0,0.2,0.2,0.0,0.6,0.0
the decemberists,the island: come and see / the landlord's daughter / you'll not feel the drowning,0.4,0.4,0.0,0.2,0.2,0.0,0.6,0.4
boards of canada,kaini industries,0.0,0.0,0.0,0.0,0.0,0.0,0.0,0.0
death cab for cutie,long division,0.2,0.6,0.0,0.0,0.6,0.0,0.4,0.0
metric,grow up and blow away,0.2,0.6,0.0,0.0,0.2,0.4,0.4,0.0
battles,race : in,0.0,0.0,0.0,0.0,0.0,0.0,1.0,0.0
roxy music,virginia plain,0.0,0.0,0.6,0.4,0.0,0.2,0.8,0.0
vast,touched,0.0,0.2,0.0,0.0,1.0,0.0,0.4,0.0
radiohead,anyone can play guitar,0.2,0.2,0.2,0.2,0.0,0.4,0.4,0.0
animal collective,in the flowers,0.0,0.2,0.6,0.0,0.6,0.0,0.8,0.0
rammstein,mein teil,0.4,0.0,0.0,0.2,0.0,0.0,0.4,1.0
u2,until the end of the world,0.4,0.6,0.0,0.0,0.4,0.0,0.4,0.0
anathema,are you there?,0.0,1.0,0.0,0.0,0.8,0.0,0.4,0.0
mando diao,you can't steal my love,0.4,0.8,0.0,0.0,1.0,0.0,0.2,0.0
silversun pickups,dream at tempo 119,0.2,0.2,0.0,0.0,0.2,0.0,0.8,0.0
porcupine tree,lips of ashes,0.0,0.4,0.0,0.0,0.2,0.0,0.8,0.0
interpol,heinrich maneuver,0.4,0.4,0.0,0.0,0.4,0.0,0.4,0.0
the sounds,tony the beat,0.0,0.0,0.8,0.2,0.2,0.0,0.2,0.4
explosions in the sky,memorial,0.0,0.0,0.0,0.0,0.0,0.0,0.0,0.0
blonde redhead,silently,0.0,0.6,0.0,0.0,0.4,0.0,0.8,0.0
jem,come on closer,0.0,0.0,0.2,0.0,1.0,0.0,0.2,0.0
death cab for cutie,you can do better than me,0.0,0.8,0.0,0.0,0.8,0.0,0.2,0.0
him,the sacrament,0.0,0.2,0.2,0.0,1.0,0.0,0.6,0.0
nada surf,always love,0.0,0.2,0.6,0.0,0.8,0.0,0.2,0.0
the strokes,when it started,0.4,0.4,0.2,0.2,0.6,0.0,0.2,0.0
yeah yeah yeahs,heads will roll,0.4,0.0,0.0,0.0,0.0,0.0,0.8,0.0
fiona apple,get gone,0.6,0.2,0.0,0.0,0.6,0.0,0.4,0.0
boards of canada,dandelion,0.0,0.0,0.0,0.0,0.0,0.0,0.8,0.0
phantom planet,california,0.0,0.0,0.8,0.0,0.0,0.0,0.2,0.0
belle and sebastian,sleep the clock around,0.0,0.4,0.2,0.2,0.2,0.2,0.4,0.0
morcheeba,the sea,0.0,0.2,0.2,0.0,0.0,0.0,0.6,0.0
we are scientists,can't lose,0.0,0.8,0.0,0.0,0.4,0.0,0.4,0.0
within temptation,angels,0.6,0.8,0.0,0.0,0.6,0.0,0.4,0.0
boards of canada,ataronchronon,0.0,0.0,0.0,0.0,0.0,0.0,1.0,0.0
tv on the radio,playhouses,0.4,0.2,0.0,0.0,0.2,0.4,0.8,0.0
system of a down,spiders,0.0,0.2,0.0,0.0,0.0,0.0,0.8,0.0
lady sovereign,love me or hate me,0.4,0.0,0.4,0.8,0.0,0.2,0.2,0.4
led zeppelin,all my love,0.0,0.8,0.2,0.0,1.0,0.0,0.4,0.0
spoon,the ghost of you lingers,0.0,1.0,0.0,0.0,0.6,0.0,0.6,0.0
system of a down,jet pilot,0.6,0.0,0.0,0.0,0.0,0.6,0.8,0.0
ladytron,high rise,0.0,0.2,0.0,0.0,0.0,0.2,0.6,0.0
cake,the distance,0.0,0.4,0.0,0.6,0.2,0.0,0.4,0.0
metallica,blackened,1.0,0.0,0.0,0.0,0.0,0.8,0.6,0.0
afi,the missing frame,0.4,0.4,0.0,0.0,0.2,0.0,0.6,0.0
goldfrapp,you never know,0.2,0.2,0.0,0.0,0.2,0.0,0.6,0.0
goldfrapp,you never know,0.0,0.2,0.0,0.0,0.4,0.0,0.6,0.2
oasis,cigarettes & alcohol,0.4,0.2,0.0,0.2,0.0,0.6,0.2,0.4
kings of convenience,homesick,0.0,0.4,0.2,0.0,0.0,0.0,0.2,0.0
kings of leon,joe's head,0.8,0.0,0.0,0.0,0.2,0.0,0.2,0.6
electric six,danger! high voltage,0.0,0.0,0.6,1.0,0.8,0.0,0.6,0.2
nirvana,on a plain,0.4,0.4,0.2,0.4,0.4,0.0,0.8,0.0
black sabbath,children of the grave,0.6,0.2,0.0,0.0,0.0,1.0,0.4,0.0
katatonia,criminals,0.4,0.8,0.0,0.0,0.4,0.2,0.6,0.0
queen,who wants to live forever,0.0,1.0,0.0,0.0,0.8,0.0,0.4,0.0
the chemical brothers,galvanize,0.0,0.0,0.4,0.0,0.0,0.2,0.2,0.0
metric,soft rock star,0.2,0.4,0.0,0.2,0.0,0.4,0.4,0.0
santogold,say aha,0.2,0.0,0.4,0.2,0.2,0.0,0.4,0.0
sonic youth,kool thing,0.4,0.0,0.0,0.2,0.0,0.8,0.2,0.0
in flames,pinball map,0.6,0.2,0.0,0.0,0.0,0.0,0.6,0.0
modest mouse,doin' the cockroach,0.6,0.4,0.0,0.2,0.0,0.2,0.6,0.2
the killers,the world we live in,0.0,0.4,0.2,0.0,0.2,0.2,0.4,0.0
in flames,leeches,0.8,0.2,0.0,0.0,0.0,0.2,0.4,0.0
placebo,bulletproof cupid,0.0,0.0,0.0,0.0,0.0,0.0,0.0,0.0
placebo,i know,0.2,0.8,0.0,0.0,0.6,0.0,0.4,0.0
my chemical romance,this is how i disappear,0.4,1.0,0.0,0.0,0.6,0.0,0.6,0.0
nine inch nails,hyperpower!,0.0,0.0,0.0,0.0,0.0,0.0,0.0,0.0
goldfrapp,happiness,0.0,0.0,0.8,0.0,0.2,0.0,0.4,0.0
cold war kids,tell me in the morning,0.4,0.4,0.0,0.0,0.6,0.0,0.4,0.0
muse,cave,0.4,0.2,0.0,0.0,0.2,0.4,0.6,0.0
massive attack,future proof,0.2,0.4,0.0,0.0,0.0,0.4,0.8,0.0
band of horses,ode to lrc,0.0,0.2,0.8,0.0,0.0,0.0,0.4,0.0
tool,ænema,0.8,0.0,0.0,0.4,0.0,0.6,0.4,0.8
björk,one day,0.0,0.2,0.4,0.0,0.6,0.0,0.6,0.0
the hives,main offender,0.6,0.0,0.0,0.2,0.0,0.0,0.2,0.0
elliott smith,stupidity tries,0.2,0.8,0.0,0.0,0.0,0.0,0.4,0.0
jackson and his computer band,arpeggio,0.0,0.0,0.0,0.0,0.0,0.0,0.0,0.0
black rebel motorcycle club,am i only,0.2,0.8,0.0,0.0,0.6,0.0,0.4,0.0
dj shadow,what does your soul look like? (part 4),0.0,0.0,0.0,0.0,0.0,0.0,0.0,0.0
a perfect circle,rose,0.4,0.4,0.0,0.0,0.0,0.0,0.8,0.0
radiohead,pulk/pull revolving doors,0.2,0.0,0.0,0.0,0.0,0.4,0.6,0.0
iron & wine,on your wings,0.2,0.6,0.0,0.0,0.0,0.0,0.6,0.0
sonic youth,do you believe in rapture?,0.2,0.4,0.0,0.0,0.0,0.6,0.6,0.0
queens of the stone age,monsters in the parasol,0.2,0.2,0.0,0.2,0.0,0.0,0.8,0.0
queens of the stone age,this lullaby,0.0,1.0,0.0,0.0,0.4,0.0,0.4,0.0
rilo kiley,breakin' up,0.2,0.2,0.8,0.4,1.0,0.0,0.2,0.0
blur,to the end,0.0,0.8,0.0,0.0,0.8,0.0,0.4,0.0
nine inch nails,you know what you are?,1.0,0.0,0.0,0.0,0.0,0.0,0.2,0.8
garbage,supervixen,0.4,0.0,0.0,0.0,0.0,0.0,0.4,0.4
maxïmo park,the night i lost my head,0.4,0.4,0.0,0.0,0.4,0.0,0.4,0.0
!!!,myth takes,0.2,0.0,0.4,0.4,0.2,0.2,0.6,0.2
opeth,harvest,0.0,1.0,0.0,0.0,0.2,0.0,0.6,0.0
mastodon,blood and thunder,0.8,0.0,0.0,0.0,0.0,0.0,0.6,0.0
guns n' roses,you're crazy,0.6,0.0,0.0,0.0,0.4,0.0,0.2,0.0
cut copy,going nowhere,0.0,0.6,0.2,0.0,0.4,0.0,0.6,0.0
battles,leyendecker,0.0,0.0,0.0,0.0,0.0,0.0,1.0,0.0
oasis,cigarettes & alcohol,0.4,0.2,0.0,0.0,0.0,0.6,0.2,0.4
kings of convenience,homesick,0.0,0.8,0.0,0.0,0.4,0.0,0.2,0.0
kings of leon,joe's head,0.8,0.2,0.0,0.0,0.2,0.0,0.2,0.6
electric six,danger! high voltage,0.0,0.0,0.8,1.0,0.8,0.0,0.6,0.2
nirvana,on a plain,0.4,0.4,0.0,0.2,0.2,0.0,0.6,0.2
black sabbath,children of the grave,0.6,0.2,0.0,0.0,0.2,1.0,0.2,0.0
katatonia,criminals,0.4,0.8,0.0,0.0,0.6,0.0,0.4,0.0
queen,who wants to live forever,0.0,1.0,0.0,0.0,0.6,0.0,0.4,0.0
the chemical brothers,galvanize,0.0,0.0,0.4,0.0,0.0,0.2,0.2,0.0
metric,soft rock star,0.2,0.4,0.0,0.2,0.0,0.4,0.4,0.0
santogold,say aha,0.2,0.0,0.4,0.2,0.0,0.0,0.4,0.0
sonic youth,kool thing,0.4,0.0,0.0,0.2,0.0,0.8,0.4,0.0
in flames,pinball map,0.6,0.4,0.0,0.0,0.0,0.0,0.6,0.0
modest mouse,doin' the cockroach,0.6,0.4,0.0,0.2,0.0,0.4,0.6,0.2
the killers,the world we live in,0.2,0.4,0.2,0.0,0.0,0.4,0.4,0.0
in flames,leeches,0.8,0.2,0.0,0.0,0.0,0.0,0.4,0.0
placebo,bulletproof cupid,0.0,0.0,0.0,0.0,0.0,0.0,0.0,0.0
placebo,i know,0.4,0.8,0.0,0.0,0.8,0.0,0.4,0.2
my chemical romance,this is how i disappear,0.6,0.6,0.0,0.0,0.4,0.0,0.6,0.0
nine inch nails,hyperpower!,0.0,0.0,0.0,0.0,0.0,0.0,0.0,0.0
goldfrapp,happiness,0.0,0.2,0.8,0.0,0.4,0.0,0.2,0.0
cold war kids,tell me in the morning,0.4,0.4,0.0,0.0,0.6,0.0,0.4,0.0
muse,cave,0.6,0.2,0.0,0.0,0.2,0.0,0.4,0.0
massive attack,future proof,0.2,0.6,0.0,0.0,0.0,0.4,0.8,0.0
band of horses,ode to lrc,0.0,0.0,0.8,0.0,0.0,0.0,0.4,0.0
tool,ænema,0.8,0.0,0.0,0.4,0.0,0.8,0.4,0.8
björk,one day,0.0,0.0,0.6,0.0,0.8,0.0,0.6,0.0
the hives,main offender,0.6,0.0,0.2,0.2,0.0,0.0,0.2,0.0
elliott smith,stupidity tries,0.4,0.8,0.0,0.0,0.2,0.0,0.4,0.0
jackson and his computer band,arpeggio,0.0,0.0,0.0,0.0,0.0,0.0,1.0,0.0
black rebel motorcycle club,am i only,0.0,0.6,0.0,0.0,0.4,0.0,0.6,0.0
dj shadow,what does your soul look like? (part 4),0.0,0.0,0.0,0.0,0.0,0.0,0.0,0.0
a perfect circle,rose,0.4,0.4,0.0,0.0,0.0,0.0,0.8,0.0
radiohead,pulk/pull revolving doors,0.0,0.2,0.0,0.0,0.0,0.4,0.8,0.0
iron & wine,on your wings,0.0,0.6,0.2,0.0,0.2,0.0,0.6,0.0
sonic youth,do you believe in rapture?,0.2,0.4,0.0,0.0,0.0,0.6,0.4,0.0
queens of the stone age,monsters in the parasol,0.2,0.0,0.0,0.2,0.0,0.0,0.8,0.0
queens of the stone age,this lullaby,0.0,1.0,0.0,0.0,1.0,0.0,0.4,0.0
rilo kiley,breakin' up,0.2,0.2,0.8,0.2,0.6,0.0,0.2,0.0
blur,to the end,0.2,0.8,0.0,0.0,1.0,0.0,0.4,0.0
nine inch nails,you know what you are?,1.0,0.0,0.0,0.0,0.0,0.0,0.2,1.0
garbage,supervixen,0.6,0.0,0.0,0.0,0.4,0.0,0.4,0.4
maxïmo park,the night i lost my head,0.4,0.2,0.0,0.0,0.2,0.0,0.4,0.0
!!!,myth takes,0.2,0.0,0.4,0.4,0.0,0.2,0.6,0.0
opeth,harvest,0.0,0.8,0.0,0.0,0.2,0.0,0.6,0.0
mastodon,blood and thunder,0.8,0.0,0.0,0.0,0.0,0.0,0.4,0.2
guns n' roses,you're crazy,0.8,0.0,0.0,0.0,0.4,0.0,0.2,0.8
cut copy,going nowhere,0.0,0.6,0.0,0.0,0.6,0.0,0.4,0.0
battles,leyendecker,0.0,0.0,0.0,0.0,0.0,0.0,1.0,0.0
crystal castles,crimewave,0.4,0.0,0.0,0.0,0.2,0.0,0.8,0.0
crystal castles,crimewave,0.4,0.0,0.0,0.0,0.0,0.0,0.8,0.0
the raconteurs,together,0.2,0.4,0.2,0.0,0.8,0.0,0.2,0.0
weezer,surf wax america,0.2,0.0,0.8,0.4,0.0,0.4,0.2,0.0
sigur rós,ára bátur,0.0,0.4,0.2,0.0,0.0,0.0,0.8,0.0
death from above 1979,pull out,0.6,0.0,0.0,0.0,0.2,0.0,0.2,0.8
hot chip,and i was a boy from school,0.0,0.6,0.2,0.0,0.4,0.0,0.4,0.0
jimi hendrix,the wind cries mary,0.0,0.8,0.0,0.0,0.4,0.0,0.8,0.0
the libertines,boys in the band,0.2,0.0,0.2,0.6,0.2,0.2,0.2,0.4
hot chip,colours,0.0,0.2,0.4,0.0,0.4,0.0,0.6,0.0
tegan and sara,i was married,0.2,0.4,0.4,0.0,0.8,0.6,0.2,0.0
gorillaz,19-2000,0.0,0.0,0.8,0.4,0.0,0.0,0.8,0.0
queens of the stone age,3's & 7's,0.6,0.2,0.0,0.0,0.2,0.0,0.4,0.0
jack johnson,staple it together,0.0,0.2,0.4,0.2,0.0,0.0,0.4,0.0
björk,come to me,0.0,0.2,0.4,0.0,1.0,0.0,0.2,0.0
andrew bird,fake palindromes,0.2,0.0,0.0,0.6,0.2,0.0,0.8,0.4
tool,prison sex,0.8,0.4,0.0,0.0,0.0,0.4,0.6,1.0
gnarls barkley,just a thought,0.2,1.0,0.0,0.0,0.0,0.0,0.4,0.0
kings of leon,the runner,0.2,0.4,0.2,0.0,0.4,0.0,0.4,0.0
sigur rós,staralfur,0.0,0.0,0.2,0.0,0.0,0.0,1.0,0.0
foo fighters,monkey wrench,1.0,0.2,0.0,0.0,0.2,0.0,0.2,0.2
the magic numbers,love me like you,0.0,0.4,0.4,0.0,1.0,0.0,0.2,0.0
the cranberries,ode to my family,0.0,0.8,0.2,0.0,0.4,0.0,0.2,0.0
be your own pet,adventure,0.2,0.2,0.6,0.4,0.2,0.0,0.2,0.0
gabriella cilmi,sweet about me,0.0,0.0,0.4,0.2,0.4,0.0,0.4,0.0
rilo kiley,it's a hit,0.4,0.0,0.0,0.6,0.0,0.8,0.4,0.0
joanna newsom,inflammatory writ,0.4,0.2,0.2,0.4,0.0,0.0,0.4,0.0
the beatles,within you without you,0.0,0.2,0.2,0.0,0.4,0.6,0.6,0.0
the police,don't stand so close to me,0.2,0.2,0.0,0.0,0.4,0.4,0.2,0.0
duffy,syrup & honey,0.0,0.4,0.2,0.0,0.8,0.0,0.4,0.0
britney spears,out from under,0.0,1.0,0.0,0.0,0.8,0.0,0.2,0.0
new young pony club,jerk me,0.2,0.0,0.4,0.4,0.4,0.0,0.4,0.4
paramore,pressure,0.4,0.2,0.0,0.0,0.0,0.0,0.2,0.0
spoon,my mathematical mind,0.4,0.2,0.0,0.0,0.2,0.0,0.6,0.0
emily haines & the soft skeleton,the lottery,0.2,0.8,0.0,0.0,0.2,0.0,0.4,0.0
dj shadow,mutual slump,0.0,0.0,0.0,0.0,0.0,0.0,1.0,0.0
ladytron,beauty*2,0.0,0.2,0.0,0.0,0.2,0.4,0.6,0.0
franz ferdinand,40',0.2,0.4,0.0,0.0,0.2,0.0,0.4,0.0
beck,sexx laws,0.0,0.0,0.8,0.8,0.2,0.2,0.8,0.2
beck,where it's at,0.0,0.0,0.4,0.8,0.0,0.2,0.8,0.0
nine inch nails,7 ghosts i,0.0,0.0,0.0,0.0,0.0,0.0,0.0,0.0
system of a down,sad statue,0.6,0.2,0.0,0.0,0.0,0.8,0.4,0.0
architecture in helsinki,tiny paintings,0.0,0.0,0.6,0.4,0.0,0.0,0.8,0.0
zero 7,distractions,0.0,0.6,0.0,0.0,0.6,0.0,0.4,0.0
sonic youth,sugar kane,0.0,0.0,0.2,0.0,0.4,0.0,0.6,0.0
manu chao,me gustas tu,0.0,0.0,1.0,0.2,1.0,0.0,0.2,0.2
sigur rós,með suð í eyrum,0.0,0.0,0.8,0.0,0.2,0.0,0.6,0.0
billy talent,red flag,0.8,0.0,0.0,0.0,0.0,1.0,0.4,0.0
porcupine tree,wedding nails,0.0,0.0,0.0,0.0,0.0,0.0,0.0,0.0
nick drake,northern sky,0.0,0.2,0.6,0.0,1.0,0.0,0.4,0.0
animal collective,also frightened,0.0,0.2,0.2,0.0,0.6,0.0,0.4,0.0
the raconteurs,together,0.2,0.0,0.4,0.0,0.6,0.0,0.2,0.0
weezer,surf wax america,0.0,0.0,0.8,0.4,0.0,0.2,0.2,0.0
sigur rós,ára bátur,0.0,0.6,0.0,0.0,0.0,0.0,0.8,0.0
death from above 1979,pull out,0.4,0.0,0.0,0.0,0.2,0.0,0.2,0.8
hot chip,and i was a boy from school,0.0,0.8,0.0,0.0,0.4,0.0,0.4,0.0
jimi hendrix,the wind cries mary,0.0,0.8,0.0,0.0,0.6,0.0,0.6,0.0
the libertines,boys in the band,0.2,0.0,0.2,0.6,0.0,0.4,0.2,0.4
hot chip,colours,0.0,0.2,0.4,0.0,0.4,0.0,0.6,0.0
tegan and sara,i was married,0.0,0.6,0.2,0.0,0.8,0.4,0.2,0.0
gorillaz,19-2000,0.2,0.0,0.4,0.4,0.0,0.2,0.6,0.0
queens of the stone age,3's & 7's,0.4,0.0,0.0,0.0,0.2,0.0,0.4,0.4
jack johnson,staple it together,0.2,0.2,0.2,0.2,0.0,0.0,0.4,0.0
björk,come to me,0.0,0.2,0.4,0.0,1.0,0.0,0.2,0.0
andrew bird,fake palindromes,0.2,0.0,0.0,0.4,0.2,0.0,0.8,0.4
tool,prison sex,0.8,0.6,0.0,0.0,0.0,0.4,0.6,0.8
gnarls barkley,just a thought,0.2,1.0,0.0,0.0,0.0,0.0,0.4,0.0
kings of leon,the runner,0.2,0.4,0.2,0.0,0.4,0.0,0.4,0.0
sigur rós,staralfur,0.0,0.2,0.2,0.0,0.0,0.0,1.0,0.0
foo fighters,monkey wrench,1.0,0.2,0.0,0.0,0.4,0.0,0.2,0.0
the magic numbers,love me like you,0.0,0.4,0.2,0.0,1.0,0.0,0.2,0.0
the cranberries,ode to my family,0.2,0.8,0.2,0.0,0.4,0.2,0.2,0.0
be your own pet,adventure,0.2,0.0,0.8,0.2,0.4,0.0,0.2,0.0
gabriella cilmi,sweet about me,0.2,0.0,0.4,0.2,0.4,0.0,0.4,0.0
rilo kiley,it's a hit,0.4,0.0,0.0,0.4,0.0,0.8,0.4,0.0
joanna newsom,inflammatory writ,0.4,0.4,0.2,0.4,0.0,0.0,0.4,0.0
the beatles,within you without you,0.0,0.2,0.2,0.0,0.4,0.6,0.6,0.0
the police,don't stand so close to me,0.2,0.2,0.0,0.0,0.2,0.4,0.2,0.0
duffy,syrup & honey,0.2,0.4,0.2,0.0,1.0,0.0,0.2,0.0
britney spears,out from under,0.0,1.0,0.0,0.0,0.6,0.0,0.2,0.0
new young pony club,jerk me,0.0,0.0,0.4,0.4,0.4,0.0,0.2,0.4
paramore,pressure,0.4,0.4,0.0,0.0,0.2,0.0,0.2,0.0
spoon,my mathematical mind,0.2,0.0,0.0,0.0,0.0,0.0,0.6,0.0
emily haines & the soft skeleton,the lottery,0.2,0.8,0.0,0.0,0.4,0.2,0.4,0.0
dj shadow,mutual slump,0.0,0.0,0.0,0.0,0.0,0.0,0.0,0.0
ladytron,beauty*2,0.0,0.2,0.0,0.0,0.0,0.2,0.6,0.0
franz ferdinand,40',0.2,0.4,0.0,0.0,0.4,0.0,0.6,0.0
beck,sexx laws,0.0,0.0,0.8,1.0,0.6,0.2,0.8,0.2
beck,where it's at,0.0,0.0,0.4,0.8,0.0,0.0,0.8,0.0
nine inch nails,7 ghosts i,0.0,0.0,0.0,0.0,0.0,0.0,0.0,0.0
system of a down,sad statue,0.8,0.2,0.0,0.0,0.0,1.0,0.4,0.0
architecture in helsinki,tiny paintings,0.0,0.0,0.6,0.4,0.2,0.0,0.6,0.0
zero 7,distractions,0.0,0.6,0.0,0.0,0.8,0.0,0.4,0.0
sonic youth,sugar kane,0.0,0.2,0.2,0.0,0.6,0.0,0.6,0.0
manu chao,me gustas tu,0.0,0.0,1.0,0.2,0.8,0.0,0.2,0.0
sigur rós,með suð í eyrum,0.0,0.0,0.6,0.0,0.2,0.0,0.8,0.0
billy talent,red flag,0.8,0.0,0.0,0.0,0.0,0.8,0.4,0.0
porcupine tree,wedding nails,0.0,0.0,0.0,0.0,0.0,0.0,0.0,0.0
nick drake,northern sky,0.0,0.2,0.6,0.0,1.0,0.0,0.4,0.0
animal collective,also frightened,0.0,0.4,0.2,0.0,0.4,0.0,0.6,0.0
gorillaz,november has come,0.2,0.2,0.0,0.6,0.0,0.4,0.6,0.0
gorillaz,november has come,0.4,0.2,0.0,0.4,0.0,0.4,0.6,0.0
tegan and sara,downtown,0.2,0.4,0.2,0.0,0.6,0.0,0.2,0.0
the cure,10:15 saturday night,0.2,0.8,0.0,0.0,0.4,0.0,0.2,0.0
the beatles,i've just seen a face,0.0,0.0,1.0,0.0,1.0,0.0,0.2,0.0
jens lekman,the opposite of hallelujah,0.0,0.6,0.2,0.4,0.4,0.0,0.4,0.0
no doubt,hey baby,0.0,0.0,0.8,0.2,0.2,0.2,0.0,0.0
depeche mode,damaged people,0.0,0.6,0.0,0.0,0.8,0.0,0.2,0.0
korn,freak on a leash,0.8,0.6,0.0,0.0,0.0,0.2,0.4,0.8
the wallflowers,one headlight,0.0,0.6,0.2,0.0,0.2,0.2,0.6,0.0
nine inch nails,8 ghosts i,0.0,0.0,0.0,0.0,0.0,0.0,0.0,0.0
belle and sebastian,asleep on a sunbeam,0.0,0.2,0.6,0.0,0.8,0.0,0.4,0.0
siouxsie and the banshees,christine,0.0,0.4,0.0,0.0,0.0,0.0,0.8,0.0
björk,immature,0.2,0.2,0.0,0.0,0.4,0.0,0.2,0.0
björk,it's not up to you,0.0,0.2,0.4,0.0,0.0,0.0,0.4,0.0
the new pornographers,falling through your clothes,,,,,,,,
patrick wolf,tristan,0.2,0.2,0.4,0.0,0.8,0.0,0.6,0.0
sleater-kinney,jumpers,0.4,0.8,0.0,0.0,0.0,0.6,0.4,0.0
incubus,love hurts,0.0,0.4,0.4,0.0,1.0,0.0,0.4,0.0
the ting tings,keep your head,0.4,0.2,0.6,0.2,0.0,0.0,0.2,0.0
led zeppelin,the battle of evermore,0.0,0.6,0.2,0.0,0.0,0.4,0.6,0.0
afi,the killing lights,0.4,0.8,0.0,0.0,0.0,0.0,0.6,0.0
the 69 eyes,angel on my shoulder,0.0,0.6,0.0,0.0,1.0,0.0,0.4,0.0
slipknot,wait and bleed,1.0,0.2,0.0,0.0,0.0,0.0,0.4,0.2
semisonic,secret smile,0.0,0.2,0.4,0.0,1.0,0.0,0.2,0.0
shiny toy guns,rainy monday,0.2,0.8,0.0,0.0,0.4,0.0,0.4,0.0
sia,don't bring me down,0.4,0.6,0.0,0.0,0.4,0.0,0.4,0.0
no doubt,it's my life,0.4,0.2,0.0,0.0,0.6,0.0,0.2,0.0
zero 7,polaris,0.0,0.0,0.0,0.0,0.0,0.0,0.0,0.0
the clash,i'm so bored with the u.s.a.,0.8,0.0,0.0,0.2,0.0,1.0,0.2,0.0
neko case,fox confessor brings the flood,0.0,0.4,0.0,0.0,0.0,0.0,1.0,0.0
soilwork,rejection role,0.8,0.2,0.0,0.0,0.0,0.0,0.4,0.0
air,photograph,0.0,0.4,0.0,0.0,0.6,0.0,0.6,0.0
porcupine tree,open car,0.6,0.2,0.0,0.0,0.2,0.0,0.4,0.2
amorphis,alone,0.2,0.8,0.0,0.0,0.2,0.0,0.6,0.0
goldfrapp,black cherry,0.0,0.2,0.0,0.0,0.6,0.0,0.8,0.2
4 non blondes,what's up,0.4,0.6,0.0,0.0,0.0,0.4,0.2,0.0
the strokes,vision of division,0.4,0.2,0.0,0.0,0.4,0.2,0.6,0.0
antony and the johnsons,cripple and the starfish,0.0,1.0,0.0,0.0,0.8,0.0,0.6,0.4
queens of the stone age,i'm designer,0.4,0.0,0.0,0.6,0.0,0.8,0.4,0.2
pj harvey,dear darkness,0.0,1.0,0.0,0.0,0.0,0.0,0.4,0.0
prince,kiss,0.0,0.0,0.8,0.4,0.8,0.0,0.2,0.2
nine inch nails,the four of us are dying,0.0,0.0,0.0,0.0,0.0,0.0,0.0,0.0
the libertines,the man who would be king,0.4,0.6,0.2,0.2,0.2,0.2,0.4,0.0
joanna newsom,sadie,0.0,0.8,0.2,0.0,0.6,0.0,0.4,0.0
placebo,protect me from what i want,0.2,0.6,0.0,0.0,0.4,0.0,0.4,0.0
cut copy,saturdays,0.0,0.2,0.6,0.0,0.6,0.0,0.4,0.0
blur,country house,0.2,0.2,0.2,1.0,0.0,0.6,0.4,0.0
the strokes,between love & hate,0.4,0.4,0.0,0.2,0.8,0.0,0.2,0.0
pj harvey,good fortune,0.0,0.0,0.8,0.0,0.8,0.0,0.2,0.0
blonde redhead,dr. strangeluv,0.0,0.4,0.2,0.0,0.8,0.0,0.8,0.0
tegan and sara,downtown,0.2,0.4,0.0,0.0,0.8,0.0,0.2,0.0
the cure,10:15 saturday night,0.2,0.8,0.0,0.0,0.4,0.0,0.2,0.0
the beatles,i've just seen a face,0.0,0.0,1.0,0.0,1.0,0.0,0.2,0.0
jens lekman,the opposite of hallelujah,0.0,0.6,0.2,0.2,0.2,0.0,0.4,0.0
no doubt,hey baby,0.0,0.0,0.8,0.2,0.2,0.2,0.2,0.0
depeche mode,damaged people,0.0,0.8,0.0,0.0,0.8,0.0,0.4,0.0
korn,freak on a leash,0.8,0.6,0.0,0.0,0.0,0.2,0.4,0.6
the wallflowers,one headlight,0.2,0.8,0.2,0.0,0.2,0.0,0.6,0.0
nine inch nails,8 ghosts i,0.0,0.0,0.0,0.0,0.0,0.0,0.0,0.0
belle and sebastian,asleep on a sunbeam,0.0,0.4,0.4,0.0,0.6,0.0,0.4,0.0
siouxsie and the banshees,christine,0.0,0.4,0.0,0.0,0.0,0.0,0.8,0.0
björk,immature,0.2,0.4,0.0,0.0,0.6,0.0,0.2,0.0
björk,it's not up to you,0.0,0.2,0.4,0.0,0.2,0.0,0.4,0.0
the new pornographers,falling through your clothes,0.0,0.4,0.0,0.0,0.2,0.0,0.6,0.0
patrick wolf,tristan,0.2,0.2,0.4,0.0,1.0,0.0,0.6,0.2
sleater-kinney,jumpers,0.6,0.8,0.0,0.0,0.0,0.6,0.6,0.0
incubus,love hurts,0.0,0.6,0.2,0.0,1.0,0.0,0.4,0.0
the ting tings,keep your head,0.2,0.0,0.6,0.2,0.2,0.0,0.2,0.0
led zeppelin,the battle of evermore,0.0,0.4,0.2,0.0,0.0,0.4,0.6,0.0
afi,the killing lights,0.4,0.4,0.0,0.0,0.0,0.0,0.6,0.0
the 69 eyes,angel on my shoulder,0.0,0.8,0.0,0.0,0.8,0.0,0.4,0.0
slipknot,wait and bleed,1.0,0.4,0.0,0.0,0.0,0.0,0.6,0.4
semisonic,secret smile,0.0,0.2,0.4,0.0,0.8,0.0,0.2,0.0
shiny toy guns,rainy monday,0.2,0.8,0.0,0.0,0.6,0.0,0.4,0.0
sia,don't bring me down,0.4,0.6,0.0,0.0,0.2,0.0,0.4,0.0
no doubt,it's my life,0.2,0.2,0.0,0.0,0.6,0.0,0.4,0.0
zero 7,polaris,0.0,0.4,0.2,0.0,0.2,0.0,0.6,0.0
the clash,i'm so bored with the u.s.a.,0.6,0.0,0.0,0.2,0.0,1.0,0.2,0.0
neko case,fox confessor brings the flood,0.0,0.4,0.0,0.0,0.0,0.0,1.0,0.0
soilwork,rejection role,0.8,0.0,0.0,0.0,0.0,0.0,0.4,0.0
air,photograph,0.0,0.4,0.2,0.0,0.6,0.0,0.6,0.0
porcupine tree,open car,0.4,0.0,0.0,0.0,0.2,0.0,0.2,0.2
amorphis,alone,0.0,0.8,0.0,0.0,0.4,0.0,0.6,0.0
goldfrapp,black cherry,0.0,0.2,0.2,0.0,0.6,0.0,0.8,0.2
4 non blondes,what's up,0.4,0.6,0.0,0.0,0.0,0.4,0.2,0.0
the strokes,vision of division,0.4,0.2,0.0,0.0,0.2,0.4,0.6,0.0
antony and the johnsons,cripple and the starfish,,,,,,,,
queens of the stone age,i'm designer,0.4,0.0,0.0,0.6,0.0,0.8,0.4,0.0
pj harvey,dear darkness,0.0,1.0,0.0,0.0,0.2,0.0,0.6,0.0
prince,kiss,0.0,0.0,0.8,0.4,0.8,0.0,0.2,0.4
nine inch nails,the four of us are dying,0.0,0.0,0.0,0.0,0.0,0.0,0.0,0.0
the libertines,the man who would be king,0.4,0.6,0.0,0.2,0.2,0.4,0.4,0.0
joanna newsom,sadie,0.0,0.8,0.2,0.0,0.6,0.0,0.6,0.0
placebo,protect me from what i want,0.2,0.8,0.0,0.0,0.4,0.0,0.4,0.0
cut copy,saturdays,0.0,0.2,0.8,0.0,0.8,0.0,0.2,0.0
blur,country house,0.2,0.2,0.4,0.8,0.0,0.6,0.2,0.2
the strokes,between love & hate,0.4,0.4,0.0,0.0,0.8,0.0,0.2,0.0
pj harvey,good fortune,0.0,0.0,0.8,0.0,0.8,0.0,0.2,0.0
blonde redhead,dr. strangeluv,0.2,0.6,0.0,0.0,0.8,0.0,0.8,0.0
deftones,my own summer (shove it),0.8,0.0,0.0,0.0,0.0,0.0,0.6,0.0
deftones,my own summer (shove it),0.8,0.0,0.0,0.0,0.0,0.0,0.6,0.0
the stone roses,elephant stone,0.0,0.4,0.2,0.0,0.4,0.4,0.6,0.0
depeche mode,nothing's impossible,0.2,0.6,0.0,0.0,0.8,0.0,0.4,0.0
the killers,indie rock & roll,0.0,0.0,0.6,0.2,0.0,0.2,0.2,0.0
!!!,all my heroes are weirdos,0.2,0.0,0.4,0.4,0.0,0.4,0.4,0.0
electric six,gay bar,0.0,0.0,0.6,1.0,0.0,0.2,0.2,0.6
!!!,must be the moon,0.2,0.2,0.2,0.4,0.2,0.0,0.4,0.4
the beatles,martha my dear,0.2,0.0,0.8,0.2,0.6,0.0,0.2,0.0
we are scientists,textbook,0.4,0.6,0.0,0.2,0.6,0.0,0.2,0.0
the smiths,i want the one i can't have,0.2,0.6,0.0,0.2,1.0,0.2,0.2,0.0
dj shadow,midnight in a perfect world,0.0,0.0,0.0,0.0,0.0,0.0,0.2,0.0
oasis,turn up the sun,0.0,0.0,0.6,0.0,0.4,0.6,0.4,0.0
guns n' roses,mr. brownstone,0.4,0.4,0.0,0.2,0.0,0.2,0.4,0.4
system of a down,sugar,0.8,0.0,0.0,0.4,0.0,0.4,0.8,0.4
razorlight,before i fall to pieces,0.2,0.8,0.0,0.0,0.8,0.0,0.2,0.0
the beatles,sun king,0.0,0.0,0.8,0.4,0.2,0.0,0.8,0.0
the chemical brothers,block rockin' beats,0.0,0.0,0.0,0.0,0.0,0.0,0.0,0.0
sex pistols,pretty vacant,0.6,0.0,0.0,0.2,0.0,0.6,0.2,0.0
girl talk,that's my d.j.,0.2,0.0,0.8,0.4,0.2,0.0,0.4,0.6
him,killing loneliness,0.0,0.8,0.0,0.0,0.8,0.0,0.4,0.0
goldfrapp,lovely head,0.2,0.4,0.0,0.0,0.6,0.0,0.8,0.0
the killers,why do i keep counting?,0.0,0.4,0.2,0.2,0.2,0.0,0.4,0.0
björk,violently happy,0.0,0.2,1.0,0.0,1.0,0.0,0.4,0.0
snow patrol,set the fire to the third bar (feat. martha wainwright),0.0,1.0,0.0,0.0,1.0,0.0,0.4,0.0
peter bjorn and john,objects of my affection,0.2,0.4,0.4,0.0,0.2,0.0,0.2,0.0
tenacious d,explosivo,0.6,0.0,0.2,1.0,0.0,0.0,0.4,0.8
bright eyes,old soul song (for the new world order),0.2,0.6,0.0,0.0,0.0,0.8,0.2,0.0
creedence clearwater revisited,proud mary,0.0,0.0,0.8,0.0,0.0,0.2,0.2,0.0
kylie minogue,in your eyes,0.0,0.0,0.6,0.0,1.0,0.0,0.2,0.0
andrew bird,heretics,0.2,0.2,0.4,0.4,0.0,0.4,0.6,0.0
architecture in helsinki,one heavy february,0.0,0.0,0.0,0.0,0.0,0.0,0.0,0.0
the dresden dolls,backstabber,0.8,0.0,0.0,0.4,0.0,0.2,0.2,0.0
the bravery,unconditional,0.2,0.6,0.0,0.0,1.0,0.0,0.4,0.0
unkle,rabbit in your headlights,0.2,1.0,0.0,0.0,0.0,0.2,0.8,0.0
the cure,the walk,0.0,0.2,0.2,0.0,0.6,0.0,0.4,0.0
the smiths,asleep,0.0,1.0,0.0,0.0,0.0,0.0,0.2,0.0
crystal castles,love and caring,0.6,0.2,0.0,0.0,0.2,0.0,0.6,0.0
franz ferdinand,fade together,0.0,0.6,0.2,0.0,0.8,0.0,0.4,0.0
foo fighters,no way back,0.6,0.0,0.0,0.0,0.0,0.0,0.2,0.0
buzzcocks,orgasm addict,0.4,0.0,0.0,1.0,0.0,0.2,0.2,0.8
animal collective,daily routine,0.0,0.2,0.2,0.0,0.0,0.0,0.6,0.0
justin timberlake,summer love/set the mood (prelude),0.0,0.0,0.8,0.0,1.0,0.0,0.2,0.0
broken social scene,guilty cubicles,0.0,0.0,0.0,0.0,0.0,0.0,0.0,0.0
animal collective,bluish,0.0,0.0,0.6,0.0,1.0,0.0,0.6,0.0
weezer,el scorcho,0.2,0.6,0.2,0.6,0.8,0.2,0.2,0.2
the killers,neon tiger,0.0,0.2,0.0,0.0,0.0,0.4,0.6,0.0
kelis,trick me,0.4,0.0,0.0,0.0,0.6,0.0,0.2,0.0
opeth,windowpane,0.0,0.8,0.0,0.0,0.4,0.0,0.8,0.0
mylo,sunworshipper,0.0,0.0,0.0,0.0,0.0,0.0,0.0,0.0
red hot chili peppers,she's only 18,0.0,0.0,0.2,0.2,0.4,0.0,0.4,0.4
the stone roses,elephant stone,0.0,0.4,0.2,0.0,0.6,0.0,0.6,0.0
depeche mode,nothing's impossible,0.2,0.6,0.2,0.0,0.8,0.0,0.4,0.0
the killers,indie rock & roll,0.0,0.0,0.6,0.2,0.0,0.2,0.2,0.0
!!!,all my heroes are weirdos,0.2,0.0,0.4,0.4,0.0,0.4,0.2,0.0
electric six,gay bar,0.2,0.0,0.6,1.0,0.2,0.2,0.4,0.6
!!!,must be the moon,0.0,0.0,0.6,0.6,0.2,0.0,0.4,0.4
the beatles,martha my dear,0.0,0.0,0.8,0.2,1.0,0.0,0.2,0.0
we are scientists,textbook,0.4,0.6,0.0,0.2,0.8,0.0,0.2,0.0
the smiths,i want the one i can't have,0.4,0.4,0.0,0.2,1.0,0.2,0.2,0.0
dj shadow,midnight in a perfect world,0.0,0.0,0.0,0.0,0.0,0.0,0.0,0.0
oasis,turn up the sun,0.0,0.0,0.6,0.0,0.4,0.6,0.4,0.0
guns n' roses,mr. brownstone,0.4,0.2,0.0,0.2,0.0,0.0,0.4,0.4
system of a down,sugar,0.8,0.0,0.0,0.6,0.0,0.4,0.8,0.6
razorlight,before i fall to pieces,0.4,0.6,0.0,0.0,0.8,0.0,0.2,0.0
the beatles,sun king,0.0,0.0,0.6,0.2,0.0,0.0,0.8,0.0
the chemical brothers,block rockin' beats,0.0,0.0,0.2,0.0,0.0,0.0,0.2,0.0
sex pistols,pretty vacant,0.6,0.0,0.0,0.2,0.0,0.6,0.2,0.0
girl talk,that's my d.j.,0.2,0.0,0.6,0.2,0.0,0.0,0.2,0.6
him,killing loneliness,0.0,0.8,0.0,0.0,0.8,0.0,0.4,0.0
goldfrapp,lovely head,0.2,0.6,0.0,0.0,0.6,0.0,0.8,0.0
the killers,why do i keep counting?,0.0,0.4,0.2,0.0,0.2,0.0,0.4,0.0
björk,violently happy,0.0,0.2,1.0,0.0,0.8,0.0,0.4,0.0
snow patrol,set the fire to the third bar (feat. martha wainwright),0.0,1.0,0.0,0.0,1.0,0.0,0.4,0.0
peter bjorn and john,objects of my affection,0.0,0.4,0.4,0.0,0.0,0.0,0.2,0.0
tenacious d,explosivo,0.4,0.0,0.2,1.0,0.0,0.0,0.2,0.8
bright eyes,old soul song (for the new world order),0.2,0.6,0.0,0.0,0.0,0.8,0.4,0.0
creedence clearwater revisited,proud mary,0.0,0.0,0.6,0.0,0.0,0.2,0.2,0.0
kylie minogue,in your eyes,0.0,0.0,0.8,0.0,1.0,0.0,0.2,0.0
andrew bird,heretics,0.0,0.0,0.0,0.4,0.0,0.4,0.6,0.0
architecture in helsinki,one heavy february,0.0,0.0,0.0,0.0,0.0,0.0,0.0,0.0
the dresden dolls,backstabber,0.8,0.0,0.0,0.4,0.0,0.0,0.2,0.2
the bravery,unconditional,0.4,0.6,0.0,0.0,1.0,0.0,0.2,0.0
unkle,rabbit in your headlights,0.4,1.0,0.0,0.0,0.0,0.2,0.8,0.0
the cure,the walk,0.0,0.2,0.6,0.2,0.6,0.0,0.8,0.0
the smiths,asleep,0.0,1.0,0.0,0.0,0.0,0.0,0.4,0.0
crystal castles,love and caring,0.6,0.2,0.0,0.0,0.2,0.0,0.6,0.0
franz ferdinand,fade together,0.0,0.6,0.2,0.0,0.8,0.0,0.2,0.0
foo fighters,no way back,0.6,0.2,0.0,0.0,0.4,0.0,0.2,0.0
buzzcocks,orgasm addict,0.4,0.0,0.0,0.8,0.0,0.2,0.2,0.8
animal collective,daily routine,0.0,0.2,0.2,0.0,0.0,0.0,0.4,0.0
justin timberlake,summer love/set the mood (prelude),0.0,0.0,0.8,0.0,1.0,0.0,0.2,0.2
broken social scene,guilty cubicles,0.0,0.0,0.0,0.0,0.0,0.0,0.0,0.0
animal collective,bluish,0.0,0.0,0.6,0.2,1.0,0.0,0.6,0.0
weezer,el scorcho,0.2,0.4,0.2,0.6,0.8,0.0,0.2,0.2
the killers,neon tiger,0.4,0.0,0.2,0.0,0.0,0.2,0.6,0.0
kelis,trick me,0.4,0.2,0.0,0.2,0.4,0.0,0.2,0.0
opeth,windowpane,0.0,0.8,0.0,0.0,0.2,0.0,0.8,0.0
mylo,sunworshipper,0.0,0.0,0.4,0.2,0.0,0.0,0.2,0.0
red hot chili peppers,she's only 18,0.0,0.0,0.2,0.2,0.4,0.0,0.4,0.2
animal collective,lion in a coma,0.2,0.0,0.4,0.2,0.0,0.0,0.8,0.0
animal collective,lion in a coma,0.0,0.2,0.4,0.2,0.2,0.0,0.8,0.0
jamiroquai,canned heat,0.0,0.2,1.0,0.0,0.0,0.0,0.2,0.0
dread zeppelin,your time is gonna come,0.6,0.2,0.0,0.0,0.4,0.0,0.2,0.0
kings of leon,california waiting,0.2,0.0,0.4,0.0,0.4,0.0,0.4,0.0
pulp,something changed,0.0,0.0,0.6,0.2,1.0,0.0,0.2,0.0
amy winehouse,addicted,0.4,0.0,0.2,0.6,0.0,0.0,0.0,0.6
wolfmother,white unicorn,0.0,0.0,0.4,0.0,0.4,0.0,0.6,0.0
giant drag,this isn't it,0.4,0.8,0.0,0.2,0.6,0.0,0.4,0.0
boards of canada,sixtyten,0.0,0.0,0.0,0.0,0.0,0.0,0.0,0.0
the pussycat dolls,buttons,0.2,0.0,0.0,0.0,0.8,0.0,0.2,0.4
paolo nutini,new shoes,0.0,0.0,1.0,0.2,0.0,0.0,0.2,0.0
we are scientists,cash cow,0.4,0.2,0.2,0.4,0.4,0.2,0.4,0.0
afi,death of seasons,0.8,0.6,0.0,0.0,0.0,0.0,0.6,0.0
kill hannah,lips like morphine,0.0,0.0,0.0,0.0,1.0,0.0,0.4,0.2
patrick wolf,this weather,0.2,0.6,0.0,0.0,0.0,0.0,0.6,0.0
gustavo cerati,la excepción,0.0,0.2,0.4,0.0,0.8,0.0,0.4,0.0
pantera,cemetery gates,0.4,1.0,0.0,0.0,0.4,0.0,0.4,0.0
the smiths,the headmaster ritual,1.0,0.2,0.0,0.2,0.0,0.8,0.4,0.0
zero 7,throw it all away,0.0,0.4,0.4,0.0,0.6,0.0,0.4,0.0
peaches,fuck the pain away,0.4,0.0,0.2,0.6,0.0,0.2,0.2,1.0
zero 7,out of town,0.0,0.0,0.0,0.0,0.0,0.0,0.0,0.0
the smiths,a rush and a push and the land is ours,0.4,0.2,0.0,0.4,0.2,0.6,0.6,0.0
the rakes,strasbourg,0.2,0.0,0.2,0.6,0.0,0.6,0.2,0.0
underworld,born slippy,0.2,0.4,0.2,0.0,0.0,0.0,0.8,0.2
hot hot heat,middle of nowhere,0.4,0.4,0.0,0.2,0.8,0.0,0.4,0.0
beck,orphans,0.0,0.6,0.0,0.0,0.0,0.4,0.6,0.0
nouvelle vague,dancing with myself,0.0,0.4,0.4,0.0,0.2,0.0,0.2,0.0
gorillaz,fire coming out of the monkey's head,0.2,0.6,0.0,0.0,0.0,0.8,0.8,0.0
burial,in mcdonalds,0.0,0.0,0.0,0.0,0.0,0.0,1.0,0.0
joy division,decades,0.0,1.0,0.0,0.0,0.0,0.4,0.6,0.0
the futureheads,le garage,0.2,0.0,0.4,0.2,0.0,0.0,0.4,0.0
ladytron,evil,0.4,0.2,0.0,0.0,0.2,0.0,0.6,0.0
the smashing pumpkins,muzzle,0.2,0.6,0.2,0.0,0.2,0.0,0.6,0.0
datarock,fa-fa-fa,0.0,0.0,0.8,0.6,0.2,0.0,0.2,0.0
soilwork,overload,0.6,0.2,0.0,0.0,0.0,0.4,0.4,0.0
ladytron,weekend,0.2,0.4,0.0,0.0,0.2,0.4,0.6,0.0
metallica,the end of the line,0.6,0.4,0.0,0.0,0.0,0.0,0.4,0.0
the mars volta,eriatarka,0.4,0.2,0.0,0.0,0.0,0.0,1.0,0.0
tom waits,clap hands,0.2,0.4,0.0,0.2,0.0,0.2,0.8,0.0
hot chip,shake a fist,0.6,0.0,0.2,0.2,0.0,0.0,0.6,0.0
marilyn manson,disposable teens,1.0,0.0,0.0,0.2,0.0,1.0,0.6,0.6
the white stripes,the air near my fingers,0.0,0.0,0.2,0.2,0.6,0.0,0.4,0.0
the decemberists,o valencia!,0.6,1.0,0.0,0.0,1.0,0.4,0.2,0.2
regina spektor,ode to divorce,0.2,1.0,0.0,0.0,0.6,0.0,0.4,0.0
blur,charmless man,0.4,0.0,0.0,0.8,0.0,0.6,0.2,0.0
kings of leon,day old blues,0.0,0.8,0.0,0.0,0.4,0.0,0.4,0.0
eels,novocaine for the soul,0.2,0.8,0.0,0.2,0.0,0.0,0.6,0.0
the prodigy,voodoo people,0.0,0.0,0.0,0.0,0.0,0.0,0.6,0.0
death in vegas,hands around my throat,0.4,0.0,0.0,0.0,0.0,0.0,0.4,0.4
she wants revenge,tear you apart,0.6,0.0,0.0,0.0,0.2,0.0,0.2,1.0
jamiroquai,canned heat,0.0,0.2,1.0,0.0,0.0,0.0,0.4,0.0
dread zeppelin,your time is gonna come,0.6,0.2,0.0,0.0,0.6,0.0,0.2,0.0
kings of leon,california waiting,0.2,0.2,0.2,0.0,0.4,0.0,0.4,0.0
pulp,something changed,0.0,0.2,0.6,0.0,1.0,0.0,0.2,0.0
amy winehouse,addicted,0.4,0.0,0.2,0.6,0.0,0.0,0.0,0.6
wolfmother,white unicorn,0.0,0.0,0.2,0.0,0.4,0.0,0.6,0.0
giant drag,this isn't it,0.4,0.8,0.0,0.2,0.6,0.0,0.2,0.0
boards of canada,sixtyten,0.0,0.0,0.0,0.0,0.0,0.0,0.0,0.0
the pussycat dolls,buttons,0.2,0.0,0.2,0.0,0.2,0.0,0.2,0.4
paolo nutini,new shoes,0.0,0.2,1.0,0.2,0.2,0.0,0.2,0.0
we are scientists,cash cow,0.4,0.2,0.0,0.2,0.4,0.2,0.2,0.0
afi,death of seasons,0.8,0.4,0.0,0.0,0.0,0.0,0.6,0.0
kill hannah,lips like morphine,0.0,0.2,0.0,0.0,0.8,0.0,0.4,0.0
patrick wolf,this weather,0.2,0.6,0.0,0.0,0.0,0.0,0.6,0.0
gustavo cerati,la excepción,0.0,0.0,0.4,0.0,0.8,0.0,0.6,0.0
pantera,cemetery gates,0.4,1.0,0.0,0.0,0.6,0.0,0.4,0.0
the smiths,the headmaster ritual,0.8,0.2,0.0,0.2,0.0,0.8,0.4,0.0
zero 7,throw it all away,0.0,0.6,0.2,0.0,0.6,0.0,0.4,0.0
peaches,fuck the pain away,0.4,0.0,0.2,0.6,0.0,0.0,0.2,1.0
zero 7,out of town,0.0,0.4,0.2,0.0,0.4,0.0,0.6,0.0
the smiths,a rush and a push and the land is ours,0.4,0.2,0.0,0.4,0.2,0.6,0.6,0.0
the rakes,strasbourg,0.2,0.0,0.4,0.6,0.2,0.4,0.4,0.0
underworld,born slippy,0.2,0.2,0.2,0.0,0.0,0.0,0.8,0.0
hot hot heat,middle of nowhere,0.4,0.4,0.0,0.0,0.6,0.0,0.4,0.0
beck,orphans,0.0,0.6,0.0,0.0,0.2,0.4,0.6,0.0
nouvelle vague,dancing with myself,0.0,0.4,0.4,0.0,0.2,0.0,0.2,0.0
gorillaz,fire coming out of the monkey's head,0.2,0.4,0.0,0.2,0.0,0.8,0.8,0.0
burial,in mcdonalds,0.0,0.0,0.0,0.0,0.0,0.0,0.0,0.0
joy division,decades,0.0,1.0,0.0,0.0,0.0,0.4,0.6,0.0
the futureheads,le garage,0.4,0.0,0.2,0.2,0.2,0.0,0.4,0.0
ladytron,evil,0.4,0.2,0.0,0.0,0.2,0.0,0.6,0.0
the smashing pumpkins,muzzle,0.2,0.6,0.2,0.0,0.2,0.0,0.6,0.0
datarock,fa-fa-fa,0.0,0.0,0.6,0.2,0.0,0.0,0.6,0.0
soilwork,overload,0.6,0.2,0.0,0.0,0.0,0.2,0.4,0.0
ladytron,weekend,0.0,0.4,0.0,0.0,0.0,0.4,0.4,0.0
metallica,the end of the line,0.8,0.4,0.0,0.0,0.0,0.4,0.4,0.0
the mars volta,eriatarka,0.2,0.2,0.0,0.0,0.0,0.0,1.0,0.0
tom waits,clap hands,0.2,0.4,0.0,0.2,0.0,0.2,0.8,0.0
hot chip,shake a fist,0.4,0.0,0.0,0.0,0.0,0.0,0.6,0.0
marilyn manson,disposable teens,1.0,0.0,0.0,0.2,0.0,0.8,0.4,0.4
the white stripes,the air near my fingers,0.0,0.2,0.0,0.0,0.4,0.0,0.4,0.0
the decemberists,o valencia!,0.4,0.8,0.0,0.0,1.0,0.2,0.2,0.0
regina spektor,ode to divorce,0.2,1.0,0.0,0.0,0.6,0.0,0.4,0.0
blur,charmless man,0.4,0.0,0.0,0.8,0.0,0.6,0.2,0.0
kings of leon,day old blues,0.0,0.8,0.0,0.0,0.4,0.0,0.4,0.0
eels,novocaine for the soul,0.0,0.8,0.0,0.2,0.0,0.0,0.4,0.0
the prodigy,voodoo people,0.0,0.0,0.0,0.0,0.0,0.0,0.8,0.0
death in vegas,hands around my throat,0.4,0.0,0.0,0.0,0.2,0.0,0.2,0.6
she wants revenge,tear you apart,0.4,0.0,0.0,0.0,0.2,0.0,0.2,0.8
my chemical romance,house of wolves,0.8,0.0,0.0,0.4,0.0,0.4,0.4,0.0
my chemical romance,house of wolves,1.0,0.0,0.0,0.2,0.0,0.4,0.4,0.0
the beatles,think for yourself,0.4,0.0,0.0,0.0,0.2,0.0,0.2,0.0
my chemical romance,mama,0.6,0.8,0.0,0.4,0.0,0.4,0.4,0.2
nightwish,nemo,0.0,1.0,0.0,0.0,0.2,0.0,0.6,0.0
panic at the disco,introduction,0.0,0.0,0.0,0.0,0.0,0.0,0.0,0.0
gnarls barkley,the boogie monster,0.0,0.2,0.2,0.6,0.0,0.4,0.8,0.0
depeche mode,in your room,0.0,0.2,0.0,0.0,0.8,0.0,0.6,0.2
nick drake,fly,0.0,0.8,0.0,0.0,0.8,0.0,0.4,0.0
ratatat,gettysburg,0.0,0.0,0.0,0.0,0.0,0.0,0.0,0.0
pendulum,granite,0.4,0.0,0.0,0.0,0.0,0.0,0.4,0.0
the national,abel,0.8,0.4,0.0,0.0,0.0,0.0,0.4,0.0
ben folds five,brick,0.0,1.0,0.0,0.0,0.2,0.4,0.4,0.0
nirvana,where did you sleep last night?,0.4,1.0,0.0,0.0,0.2,0.0,0.4,0.2
placebo,days before you came,0.2,0.8,0.0,0.0,0.6,0.0,0.4,0.2
deftones,passenger,0.0,0.0,0.0,0.0,0.2,0.0,0.6,0.6
manu chao,clandestino,0.0,0.8,0.0,0.0,0.0,0.8,0.2,0.0
hot hot heat,bandages,0.4,0.2,0.0,0.0,0.4,0.0,0.4,0.0
boards of canada,bocuma,0.0,0.0,0.0,0.0,0.0,0.0,0.0,0.0
kylie minogue,can't get you out of my head,0.0,0.2,0.2,0.0,1.0,0.0,0.2,0.0
ladytron,the last one standing,0.2,0.2,0.0,0.0,0.0,0.0,0.6,0.0
rihanna,breakin' dishes,1.0,0.0,0.0,0.0,0.2,0.0,0.2,0.0
the rolling stones,start me up,0.0,0.0,0.8,0.4,0.2,0.0,0.4,0.4
guns n' roses,since i don't have you,0.0,1.0,0.0,0.0,1.0,0.0,0.2,0.0
the knife,still light,0.0,0.8,0.0,0.0,0.0,0.0,0.8,0.0
alice cooper,school's out,0.4,0.0,1.0,0.4,0.0,0.2,0.2,0.0
the flaming lips,ego tripping at the gates of hell,0.0,0.6,0.2,0.0,0.4,0.0,0.6,0.0
marilyn manson,mobscene,0.4,0.0,0.0,0.4,0.0,0.4,0.4,0.2
wilco,handshake drugs,0.2,0.4,0.0,0.2,0.0,0.2,0.6,0.2
neutral milk hotel,song against sex,0.4,0.4,0.2,0.2,0.2,0.6,0.8,0.4
depeche mode,condemnation,0.2,1.0,0.0,0.0,0.2,0.2,0.4,0.0
red hot chili peppers,easily,0.0,0.0,0.6,0.2,0.6,0.0,0.4,0.2
iron & wine,teeth in the grass,0.0,0.4,0.2,0.0,0.6,0.0,0.6,0.0
iron & wine,innocent bones,0.0,0.2,0.0,0.0,0.0,0.4,0.8,0.0
depeche mode,barrel of a gun,0.6,0.6,0.0,0.0,0.0,0.0,0.6,0.2
damien rice,coconut skins,0.2,0.2,0.2,0.4,0.4,0.2,0.4,0.2
weezer,the good life,0.4,0.4,0.2,0.2,0.2,0.0,0.2,0.2
mstrkrft,work on you,0.0,0.0,0.0,0.0,0.4,0.0,0.2,0.2
the stooges,gimme danger,0.2,0.4,0.0,0.0,0.6,0.2,0.4,0.2
radiohead,morning bell/amnesiac,0.4,0.8,0.0,0.0,0.2,0.0,0.8,0.2
stars,take me to the riot,0.4,0.6,0.0,0.0,0.8,0.2,0.4,0.0
stars,sleep tonight,0.0,0.6,0.2,0.0,0.8,0.0,0.4,0.0
stars,reunion,0.2,0.6,0.4,0.0,0.6,0.0,0.4,0.0
depeche mode,useless,0.6,0.4,0.0,0.0,0.2,0.0,0.2,0.0
whitesnake,love ain't no stranger,0.0,0.6,0.0,0.0,1.0,0.0,0.2,0.0
nine inch nails,reptile,0.8,0.4,0.0,0.0,0.0,0.0,0.6,0.6
tom vek,nothing but green lights,0.0,0.0,0.4,0.0,0.0,0.0,0.4,0.0
tegan and sara,relief next to me,0.2,0.6,0.0,0.0,0.6,0.0,0.4,0.0
tegan and sara,so jealous,0.4,0.4,0.0,0.0,0.6,0.0,0.2,0.0
the smiths,is it really so strange?,0.2,0.4,0.2,0.4,0.0,0.0,0.2,0.0
kings of convenience,love is no big truth,0.0,0.4,0.2,0.0,0.8,0.0,0.4,0.0
the beatles,think for yourself,0.4,0.0,0.0,0.0,0.2,0.2,0.2,0.0
my chemical romance,mama,0.6,0.8,0.0,0.2,0.0,0.4,0.4,0.6
nightwish,nemo,0.0,0.8,0.0,0.0,0.2,0.0,0.6,0.0
panic at the disco,introduction,0.0,0.0,0.0,0.0,0.0,0.0,0.0,0.0
gnarls barkley,the boogie monster,0.0,0.0,0.2,0.8,0.0,0.0,0.8,0.0
depeche mode,in your room,0.0,0.2,0.0,0.0,0.8,0.0,0.6,0.2
nick drake,fly,0.0,0.8,0.0,0.0,0.6,0.0,0.4,0.0
ratatat,gettysburg,0.0,0.0,0.0,0.0,0.0,0.0,0.0,0.0
pendulum,granite,0.4,0.0,0.0,0.0,0.0,0.0,0.6,0.0
the national,abel,0.8,0.4,0.0,0.0,0.0,0.0,0.4,0.0
ben folds five,brick,0.0,1.0,0.0,0.0,0.2,0.0,0.4,0.0
nirvana,where did you sleep last night?,0.4,1.0,0.0,0.0,0.2,0.0,0.2,0.2
placebo,days before you came,0.2,0.8,0.0,0.0,0.8,0.0,0.4,0.2
deftones,passenger,0.0,0.0,0.0,0.0,0.6,0.0,0.6,0.2
manu chao,clandestino,0.0,0.8,0.0,0.0,0.0,0.8,0.2,0.0
hot hot heat,bandages,0.4,0.2,0.0,0.0,0.4,0.0,0.4,0.0
boards of canada,bocuma,0.0,0.0,0.0,0.0,0.0,0.0,0.0,0.0
kylie minogue,can't get you out of my head,0.0,0.2,0.2,0.0,1.0,0.0,0.2,0.0
ladytron,the last one standing,0.4,0.2,0.0,0.0,0.0,0.0,0.6,0.0
rihanna,breakin' dishes,1.0,0.0,0.0,0.2,0.2,0.0,0.2,0.0
the rolling stones,start me up,0.0,0.0,0.8,0.2,0.2,0.0,0.2,0.4
guns n' roses,since i don't have you,0.0,1.0,0.0,0.0,1.0,0.0,0.2,0.0
the knife,still light,0.0,0.8,0.0,0.0,0.0,0.0,0.8,0.0
alice cooper,school's out,0.4,0.0,0.8,0.6,0.0,0.4,0.2,0.0
the flaming lips,ego tripping at the gates of hell,0.0,0.6,0.0,0.0,0.2,0.0,0.8,0.0
marilyn manson,mobscene,0.6,0.0,0.0,0.2,0.0,0.4,0.4,0.2
wilco,handshake drugs,0.2,0.4,0.0,0.2,0.2,0.0,0.8,0.0
neutral milk hotel,song against sex,0.4,0.4,0.0,0.0,0.2,0.4,0.8,0.2
depeche mode,condemnation,0.4,0.8,0.0,0.0,0.0,0.4,0.4,0.0
red hot chili peppers,easily,0.0,0.0,0.6,0.2,0.6,0.0,0.4,0.0
iron & wine,teeth in the grass,0.0,0.4,0.0,0.0,0.2,0.0,0.6,0.0
iron & wine,innocent bones,0.0,0.4,0.2,0.0,0.2,0.0,0.8,0.0
depeche mode,barrel of a gun,0.8,0.4,0.0,0.0,0.2,0.0,0.6,0.2
damien rice,coconut skins,0.4,0.6,0.0,0.4,0.4,0.0,0.4,0.0
weezer,the good life,0.4,0.4,0.2,0.2,0.0,0.0,0.2,0.2
mstrkrft,work on you,0.0,0.0,0.2,0.0,0.4,0.0,0.2,0.2
the stooges,gimme danger,0.4,0.2,0.0,0.0,0.6,0.0,0.4,0.2
radiohead,morning bell/amnesiac,0.2,0.8,0.0,0.0,0.2,0.0,0.8,0.0
stars,take me to the riot,0.4,0.6,0.0,0.0,0.8,0.4,0.4,0.0
stars,sleep tonight,0.0,0.8,0.2,0.0,0.6,0.0,0.4,0.0
stars,reunion,0.0,0.4,0.2,0.0,0.8,0.0,0.4,0.0
depeche mode,useless,0.6,0.4,0.0,0.0,0.4,0.0,0.2,0.0
whitesnake,love ain't no stranger,0.0,0.8,0.0,0.0,1.0,0.0,0.2,0.0
nine inch nails,reptile,0.8,0.2,0.0,0.0,0.0,0.0,0.6,0.4
tom vek,nothing but green lights,0.0,0.0,0.4,0.0,0.0,0.0,0.4,0.0
tegan and sara,relief next to me,0.0,0.8,0.0,0.0,0.8,0.0,0.6,0.0
tegan and sara,so jealous,0.4,0.4,0.0,0.0,0.6,0.0,0.2,0.0
the smiths,is it really so strange?,0.0,0.4,0.2,0.4,0.0,0.0,0.2,0.0
kings of convenience,love is no big truth,0.0,0.2,0.2,0.0,0.8,0.0,0.4,0.0
nine inch nails,the collector,0.6,0.2,0.0,0.0,0.0,0.0,0.4,0.0
nine inch nails,the collector,0.4,0.0,0.0,0.0,0.0,0.0,0.4,0.0
beck,black tambourine,0.0,0.2,0.2,0.4,0.4,0.0,0.8,0.0
cut copy,voices in quartz,0.0,0.4,0.2,0.0,0.2,0.0,0.8,0.0
tv on the radio,a method,0.2,0.2,0.0,0.0,0.0,0.0,0.8,0.0
fiona apple,extraordinary machine,0.0,0.0,0.4,0.2,0.0,0.0,0.4,0.0
paramore,that's what you get,0.4,0.6,0.0,0.0,1.0,0.0,0.4,0.0
iamx,the alternative,0.4,0.4,0.0,0.0,0.4,0.2,0.8,0.2
soundgarden,burden in my hand,0.4,0.8,0.0,0.0,0.2,0.0,0.6,0.2
nirvana,stay away,0.6,0.0,0.0,0.2,0.0,0.4,0.2,0.2
nirvana,you know you're right,0.8,0.6,0.0,0.0,0.2,0.0,0.4,0.0
the la's,there she goes,0.0,0.2,0.4,0.0,0.8,0.0,0.4,0.0
tool,pushit,0.8,0.6,0.0,0.0,0.4,0.0,0.6,0.4
jimmy eat world,23,0.0,0.8,0.2,0.0,0.8,0.0,0.2,0.0
mogwai,7.25,0.0,0.0,0.0,0.0,0.0,0.0,0.0,0.0
beck,youthless,0.4,0.2,0.0,0.2,0.0,0.4,0.4,0.0
the national,karen,0.2,0.6,0.0,0.0,0.8,0.0,0.2,0.4
ozzy osbourne,crazy train,0.4,0.4,0.0,0.0,0.0,0.6,0.4,0.0
rammstein,ohne dich,0.0,1.0,0.0,0.0,0.8,0.0,0.4,0.0
emily haines & the soft skeleton,reading in bed,0.0,1.0,0.0,0.0,0.6,0.0,0.4,0.0
the ting tings,we walk,0.0,0.4,0.0,0.0,0.4,0.0,0.4,0.0
tori amos,professional widow,1.0,0.0,0.0,0.2,0.0,0.2,0.8,1.0
the beach boys,sloop john b,0.2,0.8,0.0,0.2,0.0,0.0,0.2,0.0
a perfect circle,thomas,0.4,0.4,0.0,0.0,0.0,0.4,0.6,0.0
lamb,gorecki,0.0,0.0,0.8,0.0,1.0,0.0,0.4,0.0
belle and sebastian,dress up in you,0.4,0.8,0.0,0.0,0.2,0.0,0.4,0.0
jamiroquai,feels just like it should,0.0,0.0,0.8,0.2,0.2,0.0,0.4,0.2
oasis,the masterplan,0.0,0.0,0.4,0.0,0.0,0.0,0.6,0.0
the stone roses,bye bye badman,0.4,0.0,0.0,0.0,0.0,0.6,0.4,0.0
kim wilde,kids in america,0.0,0.2,0.8,0.0,0.2,0.2,0.2,0.0
dead kennedys,holiday in cambodia,1.0,0.0,0.0,0.4,0.0,1.0,0.2,0.4
guns n' roses,yesterdays,0.2,0.4,0.0,0.0,0.2,0.0,0.2,0.0
bat for lashes,the wizard,0.0,0.2,0.0,0.0,0.2,0.0,0.8,0.0
in flames,my sweet shadow,0.6,0.6,0.0,0.0,0.0,0.0,0.6,0.0
dido,hunter,0.4,0.2,0.0,0.0,0.6,0.0,0.4,0.0
bat for lashes,sad eyes,0.0,1.0,0.0,0.0,0.8,0.0,0.6,0.0
the clash,janie jones,0.4,0.0,0.4,0.2,0.2,0.4,0.2,0.2
the decemberists,the perfect crime #2,0.0,0.0,0.0,0.2,0.0,0.0,0.4,0.0
hot chip,careful,0.0,0.2,0.2,0.2,0.4,0.0,0.4,0.0
paolo nutini,jenny don't be hasty,0.2,0.0,0.6,0.4,0.8,0.0,0.2,0.0
architecture in helsinki,neverevereverdid,0.0,0.0,0.8,0.4,0.4,0.0,0.6,0.0
silversun pickups,waste it on,0.0,0.4,0.0,0.0,0.8,0.0,0.4,0.0
the teenagers,homecoming,0.2,0.2,0.2,0.8,0.4,0.0,0.0,1.0
modest mouse,interlude (milo),0.0,0.0,0.2,0.2,0.0,0.0,0.6,0.0
placebo,brick shithouse,0.8,0.0,0.0,0.0,0.0,0.0,0.4,0.4
sigur rós,fljótavík,0.0,0.6,0.2,0.0,0.2,0.0,0.8,0.0
zz top,gimme all your lovin',0.0,0.0,0.6,0.2,1.0,0.0,0.2,0.2
sigur rós,von,0.0,0.0,0.0,0.0,0.0,0.0,1.0,0.0
athlete,half light,0.0,0.6,0.0,0.0,0.8,0.0,0.4,0.0
joy division,novelty,0.4,0.4,0.0,0.0,0.0,0.4,0.4,0.0
mogwai,i chose horses,0.0,0.4,0.0,0.0,0.0,0.0,0.8,0.0
beck,black tambourine,0.2,0.2,0.2,0.4,0.0,0.0,0.8,0.0
cut copy,voices in quartz,0.0,0.4,0.2,0.0,0.2,0.0,0.8,0.0
tv on the radio,a method,0.2,0.4,0.0,0.0,0.2,0.0,0.8,0.0
fiona apple,extraordinary machine,0.0,0.2,0.6,0.2,0.0,0.0,0.4,0.0
paramore,that's what you get,0.4,0.6,0.0,0.0,0.8,0.0,0.2,0.0
iamx,the alternative,0.2,0.4,0.0,0.0,0.6,0.0,0.6,0.2
soundgarden,burden in my hand,0.4,0.8,0.0,0.0,0.2,0.0,0.6,0.4
nirvana,stay away,0.6,0.0,0.0,0.2,0.0,0.6,0.4,0.2
nirvana,you know you're right,0.8,0.6,0.0,0.0,0.2,0.0,0.4,0.0
the la's,there she goes,0.0,0.2,0.2,0.0,0.8,0.0,0.4,0.0
tool,pushit,0.6,0.6,0.0,0.0,0.4,0.0,0.8,0.4
jimmy eat world,23,0.2,0.8,0.0,0.0,0.6,0.0,0.4,0.0
mogwai,7.25,0.0,0.0,0.0,0.0,0.0,0.0,0.0,0.0
beck,youthless,0.2,0.4,0.0,0.2,0.0,0.4,0.4,0.0
the national,karen,0.2,0.8,0.0,0.0,0.6,0.0,0.4,0.4
ozzy osbourne,crazy train,0.4,0.4,0.0,0.0,0.0,0.6,0.4,0.0
rammstein,ohne dich,0.0,1.0,0.0,0.0,1.0,0.0,0.4,0.0
emily haines & the soft skeleton,reading in bed,0.0,0.8,0.0,0.0,0.4,0.0,0.4,0.0
the ting tings,we walk,0.0,0.4,0.0,0.0,0.2,0.0,0.2,0.0
tori amos,professional widow,0.8,0.0,0.0,0.0,0.0,0.2,0.6,0.8
the beach boys,sloop john b,0.2,0.8,0.0,0.2,0.0,0.0,0.0,0.0
a perfect circle,thomas,0.4,0.4,0.0,0.0,0.0,0.6,0.6,0.0
lamb,gorecki,0.0,0.0,0.8,0.0,1.0,0.0,0.2,0.0
belle and sebastian,dress up in you,0.4,0.8,0.0,0.0,0.2,0.0,0.4,0.0
jamiroquai,feels just like it should,0.0,0.0,1.0,0.2,0.2,0.0,0.4,0.0
oasis,the masterplan,0.0,0.2,0.6,0.0,0.0,0.0,0.6,0.0
the stone roses,bye bye badman,0.4,0.0,0.0,0.0,0.0,0.8,0.6,0.0
kim wilde,kids in america,0.2,0.2,0.8,0.0,0.2,0.4,0.2,0.0
dead kennedys,holiday in cambodia,1.0,0.0,0.0,0.4,0.0,1.0,0.2,0.2
guns n' roses,yesterdays,0.0,0.6,0.2,0.0,0.0,0.0,0.2,0.0
bat for lashes,the wizard,0.0,0.4,0.0,0.0,0.4,0.0,0.8,0.0
in flames,my sweet shadow,0.4,0.6,0.0,0.0,0.0,0.0,0.6,0.0
dido,hunter,0.2,0.4,0.0,0.0,0.6,0.0,0.4,0.0
bat for lashes,sad eyes,0.0,0.8,0.0,0.0,0.6,0.0,0.6,0.0
the clash,janie jones,0.4,0.0,0.4,0.4,0.2,0.4,0.2,0.2
the decemberists,the perfect crime #2,0.0,0.0,0.2,0.4,0.2,0.0,0.4,0.2
hot chip,careful,0.0,0.0,0.0,0.0,0.0,0.0,0.6,0.0
paolo nutini,jenny don't be hasty,0.2,0.2,0.4,0.4,0.8,0.0,0.2,0.0
architecture in helsinki,neverevereverdid,0.0,0.0,0.8,0.4,0.0,0.0,0.6,0.0
silversun pickups,waste it on,0.2,0.6,0.0,0.0,0.6,0.0,0.6,0.0
the teenagers,homecoming,0.2,0.0,0.2,0.8,0.2,0.0,0.0,1.0
modest mouse,interlude (milo),0.0,0.0,0.0,0.0,0.0,0.0,0.0,0.0
placebo,brick shithouse,0.8,0.0,0.0,0.0,0.2,0.0,0.4,0.4
sigur rós,fljótavík,0.0,0.6,0.0,0.0,0.2,0.0,0.8,0.0
zz top,gimme all your lovin',0.0,0.0,0.4,0.2,1.0,0.0,0.2,0.2
sigur rós,von,0.0,0.0,0.0,0.0,0.0,0.0,1.0,0.0
athlete,half light,0.0,0.6,0.2,0.0,0.6,0.0,0.4,0.0
joy division,novelty,0.6,0.2,0.0,0.0,0.0,0.6,0.4,0.0
mogwai,i chose horses,0.0,0.4,0.0,0.0,0.0,0.0,0.8,0.0
rihanna,sos,0.0,0.2,0.4,0.0,1.0,0.0,0.2,0.0
rihanna,sos,0.0,0.0,0.2,0.0,1.0,0.0,0.4,0.0
the police,can't stand losing you,0.4,0.8,0.0,0.0,0.8,0.0,0.2,0.2
zero 7,this world,0.0,0.6,0.2,0.0,0.2,0.0,0.4,0.0
britney spears,mmm papi,0.0,0.0,0.8,0.4,0.6,0.0,0.2,0.2
pixies,planet of sound,0.2,0.0,0.0,0.2,0.0,0.0,0.8,0.0
nirvana,lake of fire,0.0,0.4,0.0,0.2,0.0,0.0,0.4,0.0
datarock,computer camp love,0.0,0.2,0.6,1.0,0.8,0.0,0.2,0.2
tv on the radio,hours,0.0,0.6,0.0,0.0,0.6,0.2,0.6,0.0
taking back sunday,liar (it takes one to know one),0.8,0.2,0.0,0.0,0.6,0.0,0.4,0.0
suede,animal nitrate,0.4,0.4,0.0,0.0,0.2,0.4,0.6,0.4
oasis,bring it on down,0.6,0.0,0.0,0.0,0.0,0.6,0.2,0.0
yeah yeah yeahs,modern romance,0.0,0.8,0.0,0.0,1.0,0.0,0.2,0.0
norah jones,sunrise,0.0,0.0,0.6,0.0,0.8,0.0,0.4,0.0
the prodigy,girls,0.0,0.0,0.0,0.0,0.2,0.0,0.0,0.2
deerhunter,agoraphobia,0.0,0.6,0.0,0.0,0.2,0.0,0.6,0.0
tom waits,time,0.0,1.0,0.0,0.0,0.2,0.2,0.8,0.0
kaiser chiefs,love's not a competition (but i'm winning),0.2,0.4,0.0,0.4,0.8,0.0,0.4,0.0
my morning jacket,wordless chorus,0.0,0.0,0.4,0.0,0.0,0.2,0.6,0.0
pendulum,mutiny,0.0,0.0,0.0,0.0,0.0,0.0,0.0,0.0
animal collective,banshee beat,0.0,0.8,0.2,0.0,0.6,0.0,0.6,0.0
sentenced,may today become the day,0.2,1.0,0.0,0.0,0.0,0.0,0.4,0.0
snow patrol,crack the shutters,0.0,0.0,0.8,0.0,1.0,0.0,0.2,0.2
ok go,get over it,0.6,0.0,0.0,0.4,0.0,0.2,0.2,0.0
metallica,the four horsemen,0.6,0.0,0.0,0.0,0.0,0.0,0.4,0.0
fergie,fergalicious (feat. will.i.am),0.2,0.0,0.8,0.4,0.2,0.0,0.2,0.4
phoenix,everything is everything,0.0,0.2,0.2,0.0,0.4,0.0,0.4,0.0
the black eyed peas,don't phunk with my heart,0.2,0.0,0.4,0.2,1.0,0.0,0.2,0.2
the doors,the end,0.4,0.6,0.0,0.0,0.0,0.0,1.0,0.8
oasis,stop crying your heart out,0.0,0.8,0.2,0.0,0.2,0.0,0.4,0.0
the notorious b.i.g.,things done changed,0.4,0.6,0.0,0.0,0.0,0.6,0.2,0.8
snow patrol,grazed knees,0.0,0.8,0.0,0.0,0.8,0.0,0.4,0.0
pulp,pencil skirt,0.2,0.0,0.0,0.6,0.2,0.2,0.2,0.6
jason mraz,you and i both,0.0,0.4,0.8,0.2,1.0,0.0,0.4,0.0
red hot chili peppers,especially in michigan,0.0,0.2,0.2,0.2,0.0,0.0,0.6,0.0
radiohead,stop whispering,0.4,0.2,0.0,0.0,0.0,0.4,0.4,0.0
shakira,la pared,0.0,0.4,0.2,0.0,1.0,0.0,0.4,0.0
red hot chili peppers,breaking the girl,0.4,0.8,0.2,0.0,0.8,0.0,0.4,0.0
bright eyes,train under water,0.2,0.8,0.0,0.0,0.4,0.0,0.8,0.0
voxtrot,the start of something,0.2,0.4,0.6,0.0,1.0,0.0,0.4,0.0
the beatles,carry that weight,0.2,0.6,0.0,0.0,0.0,0.0,0.4,0.0
placebo,one of a kind,0.6,0.4,0.0,0.0,0.2,0.0,0.4,0.2
pearl jam,daughter,0.4,0.8,0.0,0.0,0.0,0.6,0.4,0.0
jack johnson,taylor,0.0,0.4,0.2,0.2,0.0,0.4,0.2,0.0
travis,why does it always rain on me?,0.2,1.0,0.0,0.0,0.0,0.0,0.4,0.0
modest mouse,spitting venom,0.8,0.4,0.0,0.0,0.4,0.0,0.6,0.0
deerhunter,never stops,0.0,0.4,0.2,0.0,0.0,0.0,0.6,0.0
fugees,killing me softly,0.0,0.6,0.0,0.0,0.2,0.0,0.4,0.0
the smiths,london,0.4,0.2,0.0,0.2,0.0,0.4,0.2,0.0
r.e.m.,bad day,0.4,0.2,0.0,0.4,0.0,0.8,0.4,0.0
boards of canada,julie and candy,0.0,0.0,0.0,0.0,0.0,0.0,1.0,0.0
the police,can't stand losing you,0.4,1.0,0.0,0.2,0.8,0.0,0.2,0.0
zero 7,this world,0.0,0.4,0.2,0.0,0.2,0.2,0.4,0.0
britney spears,mmm papi,0.0,0.0,0.6,0.4,0.6,0.0,0.2,0.4
pixies,planet of sound,0.2,0.0,0.0,0.2,0.0,0.0,0.8,0.0
nirvana,lake of fire,0.0,0.4,0.0,0.4,0.0,0.0,0.4,0.0
datarock,computer camp love,0.0,0.0,0.6,0.8,0.8,0.0,0.0,0.0
tv on the radio,hours,0.0,0.4,0.2,0.0,0.6,0.0,0.6,0.0
taking back sunday,liar (it takes one to know one),0.8,0.2,0.0,0.0,0.4,0.0,0.2,0.0
suede,animal nitrate,0.4,0.4,0.0,0.0,0.2,0.4,0.4,0.4
oasis,bring it on down,0.6,0.0,0.0,0.0,0.0,0.4,0.2,0.0
yeah yeah yeahs,modern romance,0.0,0.8,0.0,0.0,1.0,0.0,0.2,0.0
norah jones,sunrise,0.0,0.0,0.6,0.0,1.0,0.0,0.2,0.0
the prodigy,girls,0.0,0.0,0.2,0.0,0.4,0.0,0.0,0.4
deerhunter,agoraphobia,0.0,0.8,0.0,0.0,0.2,0.0,0.4,0.0
tom waits,time,0.0,1.0,0.0,0.0,0.4,0.0,0.6,0.0
kaiser chiefs,love's not a competition (but i'm winning),0.2,0.6,0.0,0.4,0.8,0.0,0.2,0.0
my morning jacket,wordless chorus,0.0,0.0,0.6,0.0,0.0,0.4,0.6,0.0
pendulum,mutiny,0.2,0.0,0.0,0.0,0.0,0.2,0.0,0.0
animal collective,banshee beat,0.0,0.8,0.2,0.0,0.6,0.0,0.6,0.0
sentenced,may today become the day,0.4,1.0,0.0,0.0,0.0,0.0,0.4,0.0
snow patrol,crack the shutters,0.0,0.0,0.6,0.0,1.0,0.0,0.2,0.2
ok go,get over it,0.6,0.0,0.0,0.4,0.0,0.2,0.2,0.0
metallica,the four horsemen,0.6,0.0,0.0,0.0,0.0,0.0,0.6,0.0
fergie,fergalicious (feat. will.i.am),0.0,0.0,0.8,0.4,0.2,0.0,0.2,0.4
phoenix,everything is everything,0.2,0.6,0.2,0.0,0.6,0.0,0.6,0.0
the black eyed peas,don't phunk with my heart,0.2,0.0,0.4,0.2,1.0,0.0,0.2,0.2
the doors,the end,0.4,0.8,0.0,0.0,0.2,0.0,0.8,0.4
oasis,stop crying your heart out,0.0,0.6,0.0,0.0,0.2,0.0,0.2,0.0
the notorious b.i.g.,things done changed,0.4,0.6,0.0,0.0,0.0,0.6,0.2,0.8
snow patrol,grazed knees,0.0,0.8,0.0,0.0,0.8,0.0,0.4,0.0
pulp,pencil skirt,0.4,0.0,0.0,0.4,0.2,0.0,0.2,0.4
jason mraz,you and i both,0.0,0.4,0.6,0.2,1.0,0.0,0.4,0.0
red hot chili peppers,especially in michigan,0.0,0.2,0.4,0.2,0.2,0.0,0.6,0.0
radiohead,stop whispering,0.4,0.2,0.0,0.0,0.0,0.2,0.2,0.0
shakira,la pared,0.0,0.6,0.2,0.0,0.8,0.0,0.4,0.0
red hot chili peppers,breaking the girl,0.4,0.8,0.0,0.0,0.8,0.0,0.4,0.0
bright eyes,train under water,0.2,0.8,0.2,0.0,0.6,0.0,0.6,0.0
voxtrot,the start of something,0.2,0.4,0.2,0.2,0.8,0.0,0.4,0.0
the beatles,carry that weight,0.0,0.6,0.0,0.0,0.0,0.0,0.4,0.0
placebo,one of a kind,0.6,0.4,0.0,0.0,0.4,0.0,0.4,0.0
pearl jam,daughter,0.4,0.6,0.0,0.0,0.0,0.6,0.4,0.0
jack johnson,taylor,0.0,0.2,0.4,0.2,0.2,0.2,0.2,0.0
travis,why does it always rain on me?,0.2,1.0,0.0,0.0,0.2,0.0,0.4,0.0
modest mouse,spitting venom,0.6,0.4,0.0,0.0,0.2,0.0,0.6,0.0
deerhunter,never stops,0.0,0.4,0.2,0.0,0.0,0.0,0.6,0.0
fugees,killing me softly,0.0,0.8,0.0,0.0,0.2,0.0,0.4,0.0
the smiths,london,0.2,0.4,0.0,0.0,0.0,0.4,0.2,0.0
r.e.m.,bad day,0.4,0.0,0.0,0.2,0.0,0.8,0.4,0.0
boards of canada,julie and candy,0.0,0.0,0.0,0.0,0.0,0.0,1.0,0.0
sublime,what i got,0.2,0.0,0.8,0.4,0.8,0.2,0.2,0.6
sublime,what i got,0.0,0.0,0.8,0.4,0.8,0.2,0.2,0.6
oasis,fuckin' in the bushes,0.6,0.0,0.0,0.2,0.0,0.2,0.0,0.8
belle and sebastian,to be myself completely,0.0,0.4,0.4,0.2,0.6,0.0,0.2,0.0
portishead,mourning air,0.2,1.0,0.0,0.0,0.6,0.0,0.6,0.0
belle and sebastian,mayfly,0.0,0.2,0.4,0.2,0.4,0.0,0.4,0.0
queens of the stone age,do it again,0.4,0.0,0.0,0.2,0.0,0.0,0.2,0.2
pulp,underwear,0.0,0.4,0.0,0.2,0.2,0.0,0.2,0.4
ladytron,cmyk,0.2,0.4,0.0,0.0,0.2,0.0,0.6,0.0
maxïmo park,books from boxes,0.0,0.4,0.4,0.0,0.8,0.0,0.2,0.0
garbage,milk,0.0,0.6,0.0,0.0,0.8,0.0,0.6,0.0
elliott smith,pretty (ugly before),0.2,0.8,0.0,0.0,0.4,0.0,0.4,0.0
the mars volta,drunkship of lanterns,0.4,0.2,0.0,0.0,0.0,0.4,1.0,0.0
feist,honey honey,0.0,0.4,0.0,0.0,0.4,0.0,0.6,0.0
the beatles,golden slumbers,0.0,0.4,0.4,0.0,0.8,0.0,0.2,0.0
of montreal,requiem for o.m.m.2,0.0,0.8,0.2,0.0,0.8,0.0,0.4,0.0
of montreal,rapture rapes the muses,0.2,0.2,0.2,0.2,0.0,0.0,0.8,0.4
death cab for cutie,your new twin sized bed,0.0,1.0,0.0,0.0,0.6,0.0,0.4,0.0
scorpions,rock you like a hurricane,0.0,0.0,0.4,0.0,0.2,0.0,0.2,0.6
travis,big chair,0.2,0.4,0.2,0.0,0.4,0.0,0.4,0.0
of montreal,cato as a pun,0.2,0.6,0.2,0.2,0.4,0.0,0.6,0.0
mika,any other world,0.0,0.8,0.0,0.0,0.2,0.0,0.4,0.0
franz ferdinand,you could have it so much better,0.4,0.4,0.2,0.2,0.6,0.0,0.4,0.0
the beatles,magical mystery tour,0.0,0.0,0.8,0.4,0.0,0.2,0.6,0.0
natasha bedingfield,unwritten,0.0,0.0,0.8,0.0,0.0,0.0,0.4,0.0
the hives,two-timing touch and broken bones,0.6,0.0,0.0,0.2,0.4,0.0,0.2,0.0
tv on the radio,dancing choose,0.4,0.0,0.0,0.4,0.0,0.6,0.6,0.0
mando diao,killer kaczynski,0.4,0.0,0.0,0.2,0.0,0.4,0.4,0.0
him,right here in my arms,0.0,0.0,0.6,0.0,1.0,0.0,0.2,0.0
crystal castles,knights,0.2,0.0,0.0,0.0,0.0,0.0,1.0,0.0
keane,sunshine,0.0,0.0,0.8,0.0,0.0,0.0,0.2,0.0
a.c. newman,on the table,0.0,0.4,0.2,0.0,0.6,0.0,0.6,0.0
the cinematic orchestra,to build a home,0.0,1.0,0.2,0.0,0.8,0.0,0.4,0.0
buena vista social club,chan chan,0.0,0.2,0.4,0.0,0.4,0.0,0.2,0.0
bloc party,little thoughts,0.2,0.2,0.4,0.0,0.2,0.2,0.4,0.0
girl talk,still here,0.4,0.0,0.4,0.2,0.0,0.0,0.2,0.8
suede,beautiful ones,0.0,0.0,0.8,0.2,0.2,0.4,0.4,0.2
my chemical romance,cancer,0.0,1.0,0.0,0.0,0.4,0.0,0.2,0.0
the kills,black balloon,0.0,0.8,0.0,0.0,0.6,0.0,0.6,0.0
oasis,don't go away,0.0,1.0,0.0,0.0,1.0,0.0,0.2,0.0
oasis,songbird,0.0,0.0,0.8,0.0,1.0,0.0,0.2,0.0
linkin park,points of authority,0.8,0.2,0.0,0.0,0.0,0.2,0.4,0.0
foo fighters,let it die,0.6,0.6,0.0,0.0,0.4,0.0,0.4,0.0
death cab for cutie,405,0.0,0.6,0.0,0.0,0.6,0.0,0.4,0.0
leonard cohen,famous blue raincoat,0.2,1.0,0.0,0.0,0.8,0.0,0.4,0.0
bat for lashes,daniel,0.0,0.6,0.0,0.0,0.8,0.0,0.4,0.0
elbow,one day like this,0.0,0.0,1.0,0.0,0.8,0.0,0.4,0.0
siouxsie and the banshees,spellbound,0.0,0.0,0.0,0.0,0.0,0.0,0.8,0.0
cansei de ser sexy,css suxxx,0.2,0.0,0.6,0.8,0.0,0.0,0.4,0.2
ray charles,hit the road jack,0.4,0.0,0.2,0.6,0.0,0.0,0.2,0.0
nine inch nails,down in it,0.4,0.8,0.0,0.0,0.0,0.0,0.4,0.0
oasis,fuckin' in the bushes,0.8,0.0,0.0,0.0,0.0,0.2,0.0,0.6
belle and sebastian,to be myself completely,0.0,0.2,0.6,0.2,0.4,0.0,0.2,0.0
portishead,mourning air,0.2,1.0,0.0,0.0,0.6,0.0,0.6,0.0
belle and sebastian,mayfly,0.0,0.4,0.2,0.2,0.8,0.0,0.4,0.0
queens of the stone age,do it again,0.4,0.0,0.0,0.0,0.2,0.0,0.4,0.4
pulp,underwear,0.0,0.4,0.0,0.4,0.2,0.2,0.2,0.4
ladytron,cmyk,0.0,0.0,0.0,0.0,0.0,0.0,0.6,0.0
maxïmo park,books from boxes,0.0,0.8,0.2,0.0,0.8,0.0,0.4,0.0
garbage,milk,0.0,0.6,0.0,0.0,0.4,0.0,0.8,0.0
elliott smith,pretty (ugly before),0.0,0.8,0.2,0.0,0.4,0.0,0.4,0.0
the mars volta,drunkship of lanterns,0.4,0.2,0.0,0.0,0.0,0.2,1.0,0.0
feist,honey honey,0.0,0.4,0.2,0.0,0.8,0.0,0.6,0.0
the beatles,golden slumbers,0.0,0.6,0.4,0.0,0.4,0.0,0.4,0.0
of montreal,requiem for o.m.m.2,0.2,0.8,0.0,0.0,1.0,0.0,0.2,0.0
of montreal,rapture rapes the muses,0.2,0.4,0.0,0.2,0.0,0.0,0.8,0.2
death cab for cutie,your new twin sized bed,0.0,0.8,0.0,0.0,0.8,0.0,0.4,0.0
scorpions,rock you like a hurricane,0.0,0.0,0.6,0.0,0.4,0.0,0.4,0.6
travis,big chair,0.0,0.4,0.2,0.0,0.6,0.0,0.4,0.0
of montreal,cato as a pun,0.0,0.2,0.6,0.6,0.4,0.0,0.8,0.0
mika,any other world,0.0,0.8,0.0,0.0,0.4,0.0,0.4,0.0
franz ferdinand,you could have it so much better,0.4,0.4,0.2,0.4,0.8,0.2,0.2,0.0
the beatles,magical mystery tour,0.0,0.0,0.8,0.2,0.0,0.0,0.4,0.0
natasha bedingfield,unwritten,0.0,0.0,0.8,0.0,0.0,0.0,0.4,0.0
the hives,two-timing touch and broken bones,0.8,0.2,0.0,0.2,0.4,0.0,0.2,0.0
tv on the radio,dancing choose,0.4,0.0,0.0,0.2,0.0,0.8,0.6,0.0
mando diao,killer kaczynski,0.4,0.2,0.0,0.2,0.0,0.4,0.4,0.0
him,right here in my arms,0.0,0.2,0.6,0.0,1.0,0.0,0.2,0.0
crystal castles,knights,0.2,0.0,0.0,0.0,0.0,0.0,0.8,0.0
keane,sunshine,0.0,0.2,0.6,0.0,0.8,0.0,0.4,0.0
a.c. newman,on the table,0.0,0.2,0.4,0.2,0.6,0.0,0.4,0.0
the cinematic orchestra,to build a home,0.0,1.0,0.2,0.0,0.8,0.0,0.6,0.0
buena vista social club,chan chan,0.0,0.0,0.6,0.2,0.6,0.0,0.2,0.0
bloc party,little thoughts,0.2,0.2,0.4,0.0,0.4,0.4,0.4,0.0
girl talk,still here,0.4,0.0,0.6,0.2,0.2,0.0,0.2,0.8
suede,beautiful ones,0.2,0.2,0.2,0.4,0.0,0.6,0.4,0.0
my chemical romance,cancer,0.0,1.0,0.0,0.0,0.4,0.0,0.2,0.0
the kills,black balloon,0.0,0.8,0.0,0.0,0.6,0.0,0.6,0.0
oasis,don't go away,0.0,0.8,0.0,0.0,0.8,0.0,0.2,0.0
oasis,songbird,0.0,0.0,0.8,0.0,1.0,0.0,0.4,0.0
linkin park,points of authority,0.8,0.4,0.0,0.0,0.0,0.0,0.2,0.0
foo fighters,let it die,0.8,0.4,0.0,0.0,0.4,0.0,0.4,0.0
death cab for cutie,405,0.2,0.6,0.0,0.0,0.4,0.0,0.4,0.0
leonard cohen,famous blue raincoat,0.2,1.0,0.0,0.0,0.8,0.0,0.4,0.0
bat for lashes,daniel,0.0,0.8,0.2,0.0,1.0,0.0,0.4,0.0
elbow,one day like this,0.0,0.0,1.0,0.0,1.0,0.0,0.4,0.0
siouxsie and the banshees,spellbound,0.0,0.2,0.0,0.0,0.0,0.0,0.8,0.0
cansei de ser sexy,css suxxx,0.2,0.0,0.6,0.8,0.0,0.0,0.2,0.2
ray charles,hit the road jack,0.4,0.0,0.0,0.4,0.2,0.0,0.2,0.0
nine inch nails,down in it,0.4,0.8,0.0,0.0,0.2,0.0,0.4,0.0
ladytron,black cat,0.4,0.0,0.0,0.0,0.0,0.0,0.6,0.0
ladytron,black cat,0.4,0.0,0.0,0.0,0.0,0.0,0.6,0.0
the kills,hook and line,0.2,0.2,0.0,0.0,0.4,0.0,0.4,0.0
black rebel motorcycle club,heart + soul,0.0,0.6,0.0,0.0,0.6,0.0,0.4,0.0
a perfect circle,thinking of you,0.0,0.2,0.0,0.0,0.2,0.0,0.4,0.6
garbage,cherry lips (go baby go!),0.0,0.0,0.8,0.0,0.2,0.4,0.4,0.2
girl talk,minute by minute,0.4,0.0,0.6,0.4,0.0,0.2,0.2,0.8
the white stripes,little ghost,0.0,0.2,0.6,0.4,0.8,0.0,0.4,0.0
regina spektor,the flowers,0.0,0.8,0.2,0.2,0.6,0.0,0.8,0.0
eric clapton,layla,0.2,0.8,0.0,0.0,1.0,0.0,0.2,0.0
the beatles,you've got to hide your love away,0.2,1.0,0.0,0.0,0.8,0.2,0.2,0.0
mando diao,god knows,0.4,0.4,0.0,0.0,0.6,0.0,0.2,0.0
modest mouse,alone down there,0.4,0.6,0.0,0.0,0.0,0.0,0.8,0.0
the beta band,dry the rain,0.0,0.4,0.6,0.0,0.6,0.0,0.4,0.0
fujiya & miyagi,ankle injuries,0.0,0.0,0.2,0.4,0.0,0.0,0.6,0.0
the national,looking for astronauts,0.2,0.8,0.0,0.0,0.2,0.0,0.6,0.0
katatonia,deliberation,0.2,1.0,0.0,0.0,0.4,0.0,0.6,0.0
ellen allien & apparat,way out,0.0,0.0,0.0,0.0,0.0,0.0,0.6,0.0
cocorosie,not for sale,0.4,0.2,0.0,0.0,0.0,0.6,0.8,0.0
death cab for cutie,talking bird,0.0,0.8,0.0,0.0,0.6,0.0,0.4,0.0
system of a down,forest,0.6,0.2,0.0,0.0,0.0,0.4,0.6,0.0
stars,what i'm trying to say,0.0,0.4,0.2,0.0,1.0,0.0,0.2,0.0
scissor sisters,mary,0.0,0.8,0.2,0.0,0.2,0.0,0.4,0.0
pj harvey,grow grow grow,0.0,0.6,0.0,0.0,0.2,0.0,0.6,0.0
goldfrapp,let it take you,0.0,0.2,0.4,0.0,0.4,0.0,0.6,0.0
boards of canada,gyroscope,0.0,0.0,0.0,0.0,0.0,0.0,1.0,0.0
foals,like swimming,0.2,0.2,0.4,0.0,0.0,0.0,0.6,0.0
misfits,hybrid moments,0.2,0.2,0.0,0.2,0.4,0.0,0.8,0.6
rush,red barchetta,0.0,0.0,0.6,0.0,0.0,0.4,0.2,0.0
justice,the party,0.0,0.0,0.8,0.4,0.2,0.0,0.2,0.4
pavement,range life,0.2,0.4,0.4,0.6,0.0,0.4,0.4,0.2
air,new star in the sky (chanson pour solal),0.0,0.0,0.6,0.0,0.8,0.0,0.4,0.0
gang of four,at home he's a tourist,0.6,0.0,0.0,0.2,0.0,0.8,0.4,0.4
the duke spirit,the step and the walk,0.2,0.0,0.0,0.0,0.4,0.0,0.6,0.0
sia,sunday,0.0,0.6,0.2,0.0,0.4,0.0,0.6,0.0
pj harvey,when under ether,0.0,1.0,0.0,0.0,0.0,0.0,0.8,0.0
placebo,bigmouth strikes again,0.6,0.2,0.0,0.6,0.0,0.4,0.6,0.2
placebo,my sweet prince,0.0,0.8,0.0,0.0,0.6,0.0,0.6,0.2
yann tiersen,la valse d'amélie,0.0,0.0,0.0,0.0,0.0,0.0,0.0,0.0
the kills,love is a deserter,0.6,0.2,0.0,0.0,0.8,0.0,0.4,0.0
vampire weekend,i stand corrected,0.0,0.2,0.0,0.0,0.4,0.0,0.2,0.0
josé gonzález,remain,0.0,0.4,0.0,0.0,0.2,0.0,0.4,0.0
the new pornographers,the laws have changed,,,,,,,,
children of bodom,if you want peace... prepare for war,1.0,0.0,0.0,0.0,0.0,0.2,0.4,0.4
30 seconds to mars,the story,0.4,0.4,0.2,0.0,0.2,0.0,0.6,0.0
weezer,holiday,0.0,0.0,0.8,0.4,0.4,0.2,0.2,0.0
anathema,empty,0.4,1.0,0.0,0.0,0.2,0.0,0.4,0.0
elliott smith,miss misery,0.2,1.0,0.0,0.0,0.4,0.0,0.4,0.0
alice in chains,would?,0.2,0.8,0.0,0.0,0.0,0.0,0.6,0.0
the white stripes,rag and bone,0.0,0.0,0.4,1.0,0.0,0.4,0.2,0.0
morrissey,i will see you in far off places,0.4,0.4,0.2,0.0,0.6,0.6,0.4,0.0
the kills,hook and line,0.4,0.2,0.0,0.0,0.4,0.0,0.4,0.0
black rebel motorcycle club,heart + soul,0.2,0.4,0.0,0.0,0.6,0.0,0.4,0.0
a perfect circle,thinking of you,0.0,0.0,0.0,0.0,0.2,0.0,0.4,0.6
garbage,cherry lips (go baby go!),0.0,0.2,0.6,0.0,0.2,0.4,0.4,0.2
girl talk,minute by minute,0.4,0.0,0.8,0.4,0.2,0.0,0.2,0.8
the white stripes,little ghost,0.0,0.2,0.4,0.4,0.8,0.0,0.4,0.0
regina spektor,the flowers,0.0,0.8,0.0,0.0,0.6,0.0,0.4,0.0
eric clapton,layla,0.2,0.8,0.0,0.0,1.0,0.0,0.2,0.0
the beatles,you've got to hide your love away,0.0,1.0,0.0,0.0,0.6,0.4,0.2,0.0
mando diao,god knows,0.4,0.4,0.0,0.0,0.6,0.0,0.2,0.0
modest mouse,alone down there,0.4,0.8,0.0,0.0,0.0,0.0,0.6,0.0
the beta band,dry the rain,0.0,0.2,0.8,0.0,0.6,0.0,0.6,0.0
fujiya & miyagi,ankle injuries,0.0,0.0,0.2,0.2,0.0,0.0,0.6,0.0
the national,looking for astronauts,0.2,0.6,0.0,0.0,0.2,0.0,0.6,0.0
katatonia,deliberation,0.4,0.8,0.0,0.0,0.2,0.0,0.6,0.0
ellen allien & apparat,way out,0.0,0.4,0.0,0.0,0.0,0.0,0.6,0.0
cocorosie,not for sale,0.4,0.4,0.0,0.2,0.2,0.6,0.8,0.0
death cab for cutie,talking bird,0.0,0.8,0.0,0.0,0.8,0.0,0.6,0.0
system of a down,forest,0.6,0.2,0.0,0.0,0.0,0.2,0.8,0.0
stars,what i'm trying to say,0.0,0.4,0.2,0.0,1.0,0.0,0.2,0.0
scissor sisters,mary,0.0,0.8,0.2,0.0,0.2,0.2,0.2,0.0
pj harvey,grow grow grow,0.0,0.6,0.0,0.0,0.2,0.0,0.6,0.0
goldfrapp,let it take you,0.0,0.2,0.2,0.0,0.6,0.0,0.6,0.0
boards of canada,gyroscope,0.0,0.0,0.0,0.0,0.0,0.0,1.0,0.0
foals,like swimming,0.0,0.4,0.4,0.0,0.4,0.0,0.6,0.0
misfits,hybrid moments,0.4,0.0,0.0,0.0,0.2,0.0,0.8,0.6
rush,red barchetta,0.0,0.0,0.6,0.0,0.0,0.4,0.2,0.0
justice,the party,0.0,0.0,0.4,0.2,0.2,0.0,0.0,0.4
pavement,range life,0.2,0.4,0.2,0.6,0.0,0.2,0.4,0.2
air,new star in the sky (chanson pour solal),0.0,0.0,0.8,0.0,1.0,0.0,0.4,0.0
gang of four,at home he's a tourist,0.6,0.0,0.0,0.2,0.0,0.8,0.4,0.4
the duke spirit,the step and the walk,0.4,0.0,0.0,0.0,0.4,0.0,0.4,0.0
sia,sunday,0.0,0.6,0.2,0.0,0.4,0.0,0.6,0.0
pj harvey,when under ether,0.0,0.8,0.0,0.0,0.0,0.0,0.8,0.0
placebo,bigmouth strikes again,0.4,0.2,0.0,0.6,0.0,0.2,0.4,0.4
placebo,my sweet prince,0.0,0.8,0.0,0.0,0.8,0.0,0.6,0.2
yann tiersen,la valse d'amélie,0.0,0.0,0.0,0.0,0.0,0.0,0.0,0.0
the kills,love is a deserter,0.4,0.2,0.0,0.0,0.8,0.0,0.4,0.0
vampire weekend,i stand corrected,0.0,0.4,0.0,0.0,0.8,0.0,0.2,0.0
josé gonzález,remain,0.0,0.4,0.0,0.0,0.2,0.0,0.6,0.0
the new pornographers,the laws have changed,,,,,,,,
children of bodom,if you want peace... prepare for war,0.0,0.0,0.0,0.0,0.0,0.0,0.0,0.0
30 seconds to mars,the story,0.4,0.4,0.0,0.0,0.0,0.0,0.4,0.0
weezer,holiday,0.0,0.0,0.8,0.4,0.6,0.0,0.4,0.0
anathema,empty,0.4,0.8,0.0,0.0,0.2,0.0,0.4,0.0
elliott smith,miss misery,0.0,1.0,0.0,0.0,0.6,0.0,0.4,0.0
alice in chains,would?,0.4,0.8,0.0,0.0,0.0,0.2,0.6,0.0
the white stripes,rag and bone,0.2,0.0,0.4,0.8,0.0,0.4,0.2,0.0
morrissey,i will see you in far off places,0.4,0.4,0.0,0.2,0.2,0.6,0.4,0.0
rob zombie,dragula,0.6,0.0,0.0,0.2,0.0,0.0,0.8,0.0
rob zombie,dragula,0.6,0.0,0.0,0.2,0.0,0.0,0.8,0.0
the unicorns,jellybones,0.0,0.2,0.4,0.8,0.2,0.0,0.8,0.0
art brut,modern art,0.0,0.0,0.6,1.0,0.0,0.0,0.2,0.0
the bravery,no brakes,0.4,0.2,0.0,0.0,0.0,0.0,0.4,0.0
pj harvey,sheela-na-gig,0.6,0.0,0.0,0.2,0.2,0.4,0.4,0.4
a perfect circle,gravity,0.0,0.6,0.0,0.0,0.2,0.0,0.6,0.0
the gathering,red is a slow colour,0.0,0.6,0.0,0.0,0.2,0.0,0.6,0.0
air,lost message,0.0,0.4,0.2,0.0,0.4,0.0,0.6,0.0
muse,sober,0.4,0.6,0.0,0.0,0.2,0.0,0.4,0.0
pearl jam,yellow ledbetter,0.0,0.6,0.0,0.0,0.2,0.2,0.8,0.0
josé gonzález,save your day,0.0,0.6,0.0,0.0,0.0,0.0,0.4,0.0
hot chip,out at the pictures,0.0,0.0,0.6,0.4,0.4,0.0,0.2,0.0
the beatles,i'm looking through you,0.4,0.4,0.0,0.0,1.0,0.0,0.2,0.0
the knife,she's having a baby,0.0,0.4,0.2,0.0,0.4,0.2,0.6,0.0
the white stripes,ball and biscuit,0.2,0.0,0.0,0.2,0.4,0.0,0.4,0.2
queens of the stone age,regular john,0.4,0.0,0.0,0.0,0.2,0.0,0.4,0.2
fiona apple,slow like honey,0.0,0.4,0.0,0.0,0.6,0.0,0.6,0.0
paramore,let the flames begin,0.6,0.4,0.0,0.0,0.0,0.2,0.6,0.0
30 seconds to mars,edge of the earth,0.2,0.2,0.0,0.0,0.0,0.0,0.6,0.0
suzanne vega,caramel,0.0,0.4,0.0,0.0,1.0,0.0,0.4,0.0
pixies,u-mass,0.4,0.0,0.0,0.6,0.0,0.6,0.4,0.0
pixies,cecilia ann,0.0,0.0,0.0,0.0,0.0,0.0,0.0,0.0
cut copy,zap zap,0.0,0.0,0.4,0.0,0.2,0.0,0.4,0.0
opeth,death whispered a lullaby,0.0,1.0,0.0,0.0,0.0,0.0,0.6,0.0
refused,new noise,1.0,0.0,0.0,0.0,0.0,0.8,0.4,0.0
panic at the disco,intermission,0.0,0.0,0.0,0.0,0.0,0.0,0.0,0.0
nick drake,hazey jane ii,0.0,0.4,0.2,0.0,0.2,0.4,0.4,0.0
pink floyd,sheep,0.6,0.0,0.0,0.2,0.0,0.8,0.6,0.0
nine inch nails,demon seed,0.8,0.2,0.0,0.0,0.0,0.0,0.6,0.2
stone temple pilots,plush,0.2,0.8,0.0,0.0,0.2,0.0,0.6,0.0
radiohead,we suck young blood,0.4,0.6,0.0,0.0,0.0,0.6,0.6,0.0
the dresden dolls,the perfect fit,0.4,0.8,0.0,0.2,0.0,0.4,0.6,0.0
the dresden dolls,the jeep song,0.6,0.4,0.0,0.6,0.4,0.0,0.2,0.0
the libertines,don't be shy,0.0,0.2,0.6,0.2,0.6,0.0,0.4,0.0
lou reed,vicious,0.4,0.0,0.0,0.6,0.0,0.0,0.2,0.0
tom waits,jockey full of bourbon,0.0,0.2,0.0,0.4,0.0,0.2,0.8,0.0
sneaker pimps,becoming x,0.2,0.4,0.0,0.0,0.0,0.0,0.6,0.0
buffalo springfield,for what it's worth,0.4,0.0,0.0,0.0,0.0,1.0,0.2,0.0
black rebel motorcycle club,pretend,0.2,0.6,0.0,0.0,0.6,0.0,0.4,0.0
chemistry,almost in love,0.0,0.6,0.2,0.0,1.0,0.0,0.2,0.0
patrick wolf,paris,0.0,0.2,0.6,0.0,0.6,0.0,0.4,0.0
sufjan stevens,the predatory wasp of the palisades is out to get us!,0.0,0.6,0.4,0.0,0.8,0.0,0.6,0.0
the strokes,ask me anything,0.0,0.4,0.0,0.2,0.0,0.2,0.2,0.0
audioslave,hypnotize,0.4,0.4,0.0,0.0,0.2,0.0,0.6,0.0
yann tiersen,sur le fil,0.0,0.0,0.0,0.0,0.0,0.0,0.0,0.0
porcupine tree,heartattack in a layby,0.0,1.0,0.0,0.0,0.8,0.0,0.4,0.0
nine inch nails,meet your master,0.8,0.0,0.0,0.0,0.0,0.8,0.6,0.0
clint mansell,the last man,0.0,0.0,0.0,0.0,0.0,0.0,0.0,0.0
led zeppelin jam,i can't quit you baby,0.4,0.6,0.0,0.0,1.0,0.0,0.2,0.2
black rebel motorcycle club,the line,0.2,0.6,0.0,0.0,0.2,0.0,0.6,0.0
the unicorns,jellybones,0.0,0.2,0.4,0.8,0.0,0.0,0.8,0.0
art brut,modern art,0.2,0.0,0.8,0.8,0.2,0.2,0.2,0.0
the bravery,no brakes,0.2,0.2,0.0,0.0,0.0,0.0,0.6,0.0
pj harvey,sheela-na-gig,0.6,0.0,0.0,0.2,0.2,0.4,0.4,0.4
a perfect circle,gravity,0.0,0.4,0.2,0.0,0.0,0.0,0.6,0.0
the gathering,red is a slow colour,0.0,0.6,0.0,0.0,0.0,0.0,0.6,0.0
air,lost message,0.0,0.4,0.2,0.0,0.2,0.0,0.6,0.0
muse,sober,0.4,0.4,0.0,0.0,0.2,0.0,0.4,0.0
pearl jam,yellow ledbetter,0.0,0.8,0.0,0.0,0.0,0.2,0.8,0.0
josé gonzález,save your day,0.0,0.6,0.0,0.0,0.2,0.0,0.4,0.0
hot chip,out at the pictures,0.0,0.0,0.6,0.2,0.4,0.0,0.2,0.0
the beatles,i'm looking through you,0.4,0.4,0.0,0.0,0.8,0.0,0.2,0.0
the knife,she's having a baby,0.2,0.4,0.0,0.0,0.2,0.4,0.6,0.0
the white stripes,ball and biscuit,0.2,0.0,0.0,0.2,0.6,0.0,0.4,0.2
queens of the stone age,regular john,0.2,0.0,0.0,0.0,0.2,0.0,0.6,0.2
fiona apple,slow like honey,0.0,0.2,0.0,0.0,0.8,0.0,0.6,0.0
paramore,let the flames begin,0.4,0.2,0.0,0.0,0.0,0.0,0.6,0.0
30 seconds to mars,edge of the earth,0.2,0.4,0.0,0.0,0.2,0.0,0.6,0.0
suzanne vega,caramel,0.0,0.2,0.0,0.0,0.8,0.0,0.4,0.0
pixies,u-mass,0.4,0.0,0.0,0.6,0.0,0.6,0.2,0.0
pixies,cecilia ann,0.0,0.0,0.0,0.0,0.0,0.0,0.0,0.0
cut copy,zap zap,0.0,0.0,0.0,0.0,0.0,0.0,0.0,0.0
opeth,death whispered a lullaby,0.0,1.0,0.0,0.0,0.0,0.0,0.6,0.0
refused,new noise,1.0,0.0,0.0,0.0,0.0,1.0,0.4,0.0
panic at the disco,intermission,0.0,0.0,0.0,0.0,0.0,0.0,0.0,0.0
nick drake,hazey jane ii,0.0,0.4,0.2,0.0,0.2,0.2,0.6,0.0
pink floyd,sheep,0.6,0.2,0.0,0.0,0.0,0.8,0.6,0.0
nine inch nails,demon seed,0.6,0.2,0.0,0.0,0.0,0.0,0.6,0.0
stone temple pilots,plush,0.4,0.8,0.0,0.0,0.4,0.0,0.6,0.0
radiohead,we suck young blood,0.2,0.2,0.0,0.0,0.0,0.6,0.6,0.0
the dresden dolls,the perfect fit,0.6,0.8,0.0,0.2,0.0,0.4,0.4,0.0
the dresden dolls,the jeep song,0.6,0.4,0.0,0.6,0.6,0.0,0.2,0.2
the libertines,don't be shy,0.2,0.2,0.4,0.4,0.6,0.0,0.2,0.2
lou reed,vicious,0.4,0.0,0.0,0.6,0.0,0.0,0.2,0.4
tom waits,jockey full of bourbon,0.2,0.2,0.0,0.4,0.0,0.0,0.8,0.2
sneaker pimps,becoming x,0.2,0.6,0.0,0.0,0.2,0.0,0.6,0.0
buffalo springfield,for what it's worth,0.4,0.0,0.0,0.0,0.0,1.0,0.2,0.0
black rebel motorcycle club,pretend,0.4,0.6,0.0,0.0,0.4,0.0,0.4,0.0
chemistry,almost in love,0.0,0.4,0.4,0.0,1.0,0.0,0.2,0.0
patrick wolf,paris,0.0,0.2,0.8,0.0,0.8,0.0,0.4,0.0
sufjan stevens,the predatory wasp of the palisades is out to get us!,0.0,0.6,0.6,0.0,1.0,0.0,0.6,0.0
the strokes,ask me anything,0.0,0.6,0.0,0.0,0.0,0.0,0.2,0.0
audioslave,hypnotize,0.2,0.4,0.0,0.0,0.4,0.0,0.6,0.0
yann tiersen,sur le fil,0.0,0.0,0.0,0.0,0.0,0.0,0.0,0.0
porcupine tree,heartattack in a layby,0.0,1.0,0.0,0.0,0.6,0.0,0.4,0.0
nine inch nails,meet your master,0.8,0.0,0.0,0.0,0.0,0.8,0.4,0.2
clint mansell,the last man,0.0,0.0,0.0,0.0,0.0,0.0,0.0,0.0
led zeppelin jam,i can't quit you baby,0.4,0.6,0.0,0.0,0.8,0.0,0.2,0.0
black rebel motorcycle club,the line,0.2,0.6,0.0,0.0,0.2,0.0,0.6,0.0
regina spektor,braille,0.0,0.6,0.0,0.2,0.4,0.0,0.8,0.0
damien rice,the animals were gone,0.2,1.0,0.0,0.0,0.6,0.0,0.4,0.0
elliott smith,memory lane,0.2,0.8,0.0,0.0,0.2,0.0,0.4,0.0
jimmy eat world,kill,0.2,0.8,0.0,0.0,0.8,0.0,0.4,0.0
incubus,i miss you,0.0,1.0,0.2,0.0,1.0,0.0,0.2,0.0
the flaming lips,are you a hypnotist??,0.4,0.4,0.0,0.0,0.2,0.0,0.8,0.0
placebo,twenty years,0.0,0.8,0.0,0.0,0.2,0.0,0.6,0.0
mindless self indulgence,straight to video,0.4,0.0,0.0,0.6,0.0,0.4,0.4,0.2
judas priest,breaking the law,0.6,0.2,0.0,0.0,0.0,0.6,0.2,0.0
jimmy eat world,bleed american,0.4,0.0,0.0,0.0,0.0,0.4,0.6,0.0
anton maiden,aces high,0.2,0.0,0.0,0.0,0.0,0.4,0.2,0.0
sigur rós,viðrar vel til loftárása,0.0,0.2,0.0,0.0,0.2,0.2,0.8,0.0
joy division,these days,0.4,0.6,0.0,0.0,0.0,0.0,0.4,0.0
queens of the stone age,i never came,0.4,0.8,0.0,0.0,0.6,0.0,0.4,0.2
moloko,sing it back,0.0,0.0,0.2,0.0,0.6,0.0,0.4,0.2
guns n' roses,estranged,0.2,1.0,0.0,0.0,0.6,0.0,0.4,0.0
slowdive,alison,0.0,0.6,0.0,0.0,0.8,0.0,0.6,0.0
kaiser chiefs,heat dies down,0.4,0.2,0.0,0.2,0.4,0.4,0.2,0.0
the fray,vienna,0.0,0.6,0.0,0.0,0.2,0.0,0.4,0.0
simian mobile disco,it's the beat,0.0,0.0,0.2,0.0,0.0,0.0,0.0,0.0
the wombats,let's dance to joy division,0.0,0.2,1.0,0.4,0.0,0.2,0.2,0.0
rage against the machine,people of the sun,1.0,0.0,0.0,0.0,0.0,1.0,0.4,0.0
sonic youth,100%,0.4,0.4,0.0,0.0,0.0,0.2,0.4,0.0
daft punk,make love,0.0,0.0,0.0,0.0,1.0,0.0,0.0,0.0
slayer,jesus saves,1.0,0.0,0.0,0.0,0.0,0.6,0.2,0.2
the mars volta,cicatriz esp,0.4,0.2,0.0,0.0,0.0,0.0,1.0,0.2
pink floyd,another brick in the wall (part ii),0.6,0.0,0.0,0.0,0.0,1.0,0.4,0.0
fischerspooner,the 15th,0.0,0.2,0.0,0.0,0.4,0.0,0.6,0.0
bob dylan,positively 4th street,1.0,0.0,0.0,0.0,0.0,0.0,0.2,0.0
the bravery,tyrant,0.6,0.4,0.0,0.0,0.6,0.0,0.4,0.0
r.e.m.,orange crush,0.4,0.2,0.0,0.0,0.0,0.8,0.6,0.0
guano apes,open your eyes,0.6,0.0,0.0,0.0,0.0,0.6,0.4,0.0
yann tiersen,le moulin,0.0,0.0,0.0,0.0,0.0,0.0,0.0,0.0
depeche mode,i want it all,0.0,0.4,0.0,0.0,0.8,0.0,0.4,0.0
jack's mannequin,holiday from real,0.0,0.4,0.6,0.2,0.2,0.0,0.4,0.2
katatonia,in the white,0.2,0.8,0.0,0.0,0.4,0.0,0.6,0.0
yeah yeah yeahs,down boy,0.4,0.0,0.0,0.0,0.2,0.0,0.4,0.0
the black eyed peas,don't lie,0.2,0.4,0.0,0.0,1.0,0.0,0.2,0.0
megadeth,symphony of destruction,0.8,0.2,0.0,0.0,0.0,1.0,0.4,0.2
death cab for cutie,champagne from a paper cup,0.0,0.6,0.0,0.0,0.4,0.0,0.4,0.0
morrissey,in the future when all's well,0.2,0.6,0.2,0.2,0.4,0.0,0.4,0.0
mika,happy ending,0.2,1.0,0.0,0.0,1.0,0.0,0.2,0.0
the clash,(white man) in hammersmith palais,0.4,0.2,0.0,0.4,0.0,0.8,0.2,0.0
elliott smith,easy way out,0.2,0.8,0.0,0.0,0.2,0.0,0.4,0.0
aphex twin,heliosphan,0.0,0.0,0.0,0.0,0.0,0.0,0.0,0.0
snow patrol,tiny little fractures,0.4,0.6,0.0,0.0,0.8,0.0,0.4,0.0
pj harvey,white chalk,0.0,1.0,0.0,0.0,0.0,0.0,0.6,0.0
bat for lashes,tahiti,0.0,0.4,0.2,0.0,0.6,0.0,0.6,0.0
wu-tang clan,bring da ruckus,1.0,0.0,0.0,0.2,0.0,0.2,0.4,1.0
combichrist,this s*it will fcuk you up,1.0,0.0,0.0,0.0,0.0,0.0,0.0,1.0
nirvana,frances farmer will have her revenge on seattle,0.8,0.4,0.0,0.0,0.0,0.6,0.6,0.0
band of horses,detlef schrempf,0.0,0.8,0.0,0.0,0.6,0.0,0.4,0.0
beck,profanity prayers,0.4,0.2,0.0,0.0,0.0,0.4,0.6,0.0
neko case,dirty knife,0.6,0.4,0.0,0.0,0.0,0.0,0.8,0.0
of montreal,sink the seine,0.0,0.4,0.2,0.2,0.4,0.0,0.8,0.0
gwen stefani,early winter,0.2,1.0,0.0,0.0,0.8,0.0,0.4,0.0
within temptation,mother earth,0.0,0.0,0.0,0.0,0.0,0.4,0.6,0.0
duffy,distant dreamer,0.0,0.4,0.2,0.0,0.4,0.0,0.4,0.0
the rolling stones,under my thumb,0.4,0.0,0.2,0.0,0.4,0.0,0.2,0.0
moby,beautiful,0.0,0.0,0.6,0.0,0.6,0.0,0.2,0.0
goldfrapp,koko,0.0,0.0,0.2,0.0,0.6,0.0,0.6,0.4
bloc party,two more years,0.0,0.4,0.2,0.0,0.8,0.0,0.2,0.0
patrick wolf,secret garden,0.0,0.2,0.4,0.0,0.6,0.0,0.8,0.0
damien rice,the blowers daughter,0.0,1.0,0.0,0.0,1.0,0.0,0.4,0.0
art brut,good weekend,0.0,0.0,1.0,1.0,0.6,0.0,0.0,0.2
kings of convenience,stay out of trouble,0.0,0.6,0.0,0.0,0.4,0.0,0.2,0.0
wilco,muzzle of bees,0.0,0.4,0.0,0.0,0.2,0.0,0.8,0.0
supergrass,alright,0.0,0.0,1.0,0.4,0.0,0.0,0.2,0.0
babyshambles,carry on up the morning,0.4,0.6,0.0,0.2,0.4,0.0,0.4,0.0
the doors,moonlight drive,0.0,0.0,0.0,0.0,0.8,0.0,0.8,0.2
the kooks,matchbox,0.4,0.4,0.0,0.0,0.6,0.0,0.4,0.0
roger sanchez,another chance,0.0,0.8,0.0,0.0,1.0,0.0,0.0,0.0
joy division,incubation,0.0,0.0,0.0,0.0,0.0,0.0,0.0,0.0
eric clapton,cocaine,0.0,0.0,0.0,0.0,0.0,0.6,0.2,0.4
sonic youth,hey joni,0.4,0.0,0.0,0.2,0.0,0.2,0.8,0.0
maroon 5,if i never see your face again,0.4,0.0,0.2,0.0,0.8,0.0,0.2,0.2
misfits,last caress,0.4,0.0,0.0,0.4,0.0,0.0,0.0,1.0
the bravery,honest mistake,0.4,0.4,0.0,0.0,0.6,0.0,0.2,0.0
clint mansell,death is the road to awe,0.0,0.0,0.0,0.0,0.0,0.0,0.0,0.0
sonic youth,what a waste,0.4,0.2,0.0,0.0,0.4,0.0,0.2,0.0
placebo,centrefolds,0.2,1.0,0.0,0.0,0.8,0.0,0.4,0.0
the fray,little house,0.2,0.8,0.0,0.0,0.4,0.0,0.4,0.0
the prodigy,diesel power,0.4,0.0,0.0,0.2,0.0,0.0,0.6,0.2
mstrkrft,easy love,0.0,0.0,0.0,0.0,0.4,0.0,0.0,0.0
spoon,everything hits at once,0.2,0.8,0.0,0.0,0.8,0.0,0.4,0.0
the ting tings,impacilla carpisung,0.0,0.0,0.6,0.8,0.0,0.0,1.0,0.0
tv on the radio,golden age,0.0,0.0,1.0,0.0,0.0,0.4,0.6,0.0
acceptance,different,0.2,0.4,0.2,0.0,0.4,0.0,0.2,0.0
dread zeppelin,thank you,0.0,0.2,0.6,0.0,1.0,0.0,0.4,0.0
moby,in my heart,0.0,0.2,0.4,0.0,0.4,0.0,0.2,0.0
the black eyed peas,shut up,0.6,0.2,0.0,0.2,0.6,0.0,0.0,0.0
fiona apple,sullen girl,0.2,1.0,0.0,0.0,0.0,0.0,0.6,0.0
ladytron,ghosts,0.2,0.4,0.0,0.0,0.0,0.0,0.6,0.0
pink floyd,breathe,0.0,0.2,0.0,0.0,0.2,0.4,0.4,0.0
pink floyd,see emily play,0.0,0.2,0.4,0.2,0.0,0.0,0.8,0.0
serj tankian,lie lie lie,0.8,0.2,0.0,0.0,0.4,0.0,0.4,0.0
bloc party,the pioneers,0.0,0.4,0.0,0.0,0.0,0.4,0.6,0.0
the smiths,what she said,0.0,1.0,0.0,0.0,0.2,0.0,0.2,0.0
hot chip,the warning,0.6,0.0,0.0,0.6,0.0,0.0,0.2,0.4
depeche mode,sweetest perfection,0.0,0.4,0.0,0.0,0.6,0.0,0.6,0.4
jack johnson,times like these,0.0,0.2,0.6,0.0,0.0,0.2,0.2,0.0
daft punk,television rules the nation / crescendolls,0.0,0.0,0.0,0.0,0.0,0.6,0.0,0.0
pink floyd,speak to me,0.0,0.0,0.0,0.0,0.0,0.0,1.0,0.2
late of the pier,space and the woods,0.4,0.2,0.0,0.2,0.0,0.0,0.8,0.0
alphaville,forever young,0.0,0.6,0.2,0.0,0.0,0.6,0.4,0.0
t.a.t.u.,all the things she said,0.2,0.8,0.0,0.0,0.8,0.6,0.2,0.2
nine inch nails,last,0.8,0.2,0.0,0.0,0.2,0.0,0.4,0.4
ladyhawke,paris is burning,0.2,0.2,0.0,0.0,0.0,0.2,0.4,0.0
soilwork,one with the flies,0.8,0.2,0.0,0.0,0.0,0.4,0.6,0.0
the prodigy,take me to the hospital,0.6,0.0,0.0,0.0,0.0,0.0,0.0,0.0
au revoir simone,sad song,0.0,1.0,0.0,0.0,0.6,0.0,0.4,0.0
slowdive,when the sun hits,0.0,0.4,0.0,0.0,0.4,0.0,0.8,0.0
jeff buckley,corpus christi carol,0.0,1.0,0.0,0.0,0.4,0.0,0.8,0.0
beck,elevator music,0.0,0.0,0.2,0.6,0.0,0.2,0.8,0.0
hercules and love affair,hercules theme,0.0,0.0,0.6,0.0,0.2,0.0,0.4,0.0
scissor sisters,filthy/gorgeous,0.0,0.0,0.6,0.8,0.2,0.0,0.2,1.0
queens of the stone age,avon,0.2,0.0,0.0,0.0,0.0,0.0,0.6,0.0
metallica,ride the lightning,0.6,0.4,0.0,0.0,0.0,0.8,0.2,0.2
the raconteurs,yellow sun,0.0,0.4,0.2,0.0,0.6,0.0,0.4,0.0
m83,i guess i'm floating,0.0,0.0,0.0,0.0,0.0,0.0,0.0,0.0
depeche mode,see you,0.0,0.4,0.4,0.0,1.0,0.0,0.2,0.0
björk,enjoy,0.0,0.0,0.2,0.0,0.6,0.0,0.4,0.2
jimi hendrix,castles made of sand,0.0,0.8,0.0,0.0,0.4,0.2,0.4,0.0
iron & wine,lovesong of the buzzard,0.0,0.6,0.2,0.0,0.4,0.0,0.8,0.0
radiohead,the gloaming,0.4,0.4,0.0,0.0,0.0,0.6,0.8,0.0
the libertines,what became of the likely lads,0.4,0.8,0.0,0.0,0.4,0.2,0.4,0.0
placebo,blue american,0.4,0.8,0.0,0.0,0.2,0.4,0.4,0.0
beck,missing,0.2,1.0,0.0,0.0,0.8,0.0,0.6,0.0
porcupine tree,gravity eyelids,0.0,0.6,0.0,0.0,0.2,0.0,0.8,0.0
green day,extraordinary girl,0.2,0.8,0.0,0.0,0.6,0.0,0.4,0.0
nick cave & the bad seeds,henry lee,0.6,0.2,0.0,0.0,0.4,0.0,0.2,0.4
soundgarden,spoonman,0.0,0.2,0.2,0.2,0.0,0.2,0.4,0.0
sufjan stevens,prairie fire that wanders about,0.0,0.6,0.0,0.0,0.0,0.0,0.6,0.0
pj harvey,down by the water,0.4,0.8,0.0,0.0,0.0,0.0,0.4,0.2
cat power,love & communication,0.2,0.6,0.0,0.0,0.6,0.0,0.4,0.0
joanna newsom,emily,0.0,0.4,0.2,0.0,0.6,0.0,0.8,0.0
the strokes,the way it is,0.2,0.4,0.0,0.0,0.6,0.0,0.2,0.0
a.c. newman,miracle drug,0.0,0.2,0.6,0.4,0.6,0.0,0.4,0.0
muse,falling down,0.2,0.8,0.0,0.0,0.2,0.0,0.4,0.0
sonic youth,silver rocket,0.2,0.0,0.0,0.0,0.0,0.0,0.8,0.0
björk,alarm call,0.0,0.0,0.8,0.0,0.0,0.6,0.4,0.2
the new pornographers,these are the fables,0.0,0.4,0.2,0.0,0.4,0.0,0.6,0.0
the white stripes,you've got her in your pocket,0.0,0.8,0.0,0.0,0.8,0.0,0.2,0.0
kaiser chiefs,never miss a beat,0.2,0.0,0.2,0.4,0.0,0.6,0.2,0.0
pearl jam,elderly woman behind the counter in a small town,0.0,0.8,0.0,0.0,0.4,0.0,0.2,0.0
blur,on your own,0.2,0.4,0.0,0.2,0.0,0.2,0.6,0.0
emily haines & the soft skeleton,mostly waving,0.0,1.0,0.0,0.0,0.0,0.0,0.6,0.0
daft punk,too long,0.0,0.2,0.6,0.0,1.0,0.0,0.2,0.2
suzanne vega,tom's diner,0.0,0.2,0.0,0.0,0.2,0.0,0.0,0.0
peter bjorn and john,let's call it off,0.2,0.4,0.0,0.0,0.8,0.0,0.2,0.0
10cc,i'm not in love,0.2,0.4,0.0,0.0,1.0,0.0,0.4,0.0
goldfrapp,train,0.0,0.0,0.2,0.0,0.0,0.2,0.4,0.2
bob dylan,ballad of a thin man,0.6,0.0,0.0,0.4,0.0,0.6,0.8,0.0
metallica,turn the page,0.2,0.8,0.0,0.0,0.2,0.4,0.2,0.0
m83,graveyard girl,0.0,0.6,0.0,0.0,0.8,0.0,0.6,0.0
doves,pounding,0.0,0.2,0.4,0.0,0.2,0.0,0.4,0.0
sonic youth,rats,0.4,0.2,0.0,0.0,0.0,0.2,0.6,0.0
sigur rós,hjartað hamast (bamm bamm bamm),0.0,0.4,0.2,0.0,0.0,0.0,0.6,0.0
the gathering,travel,0.0,0.4,0.0,0.0,0.0,0.0,0.6,0.0
led zeppelin jam,you shook me,0.0,0.2,0.2,0.0,0.8,0.0,0.2,0.4
p!nk,just like a pill,0.6,0.4,0.0,0.0,0.6,0.0,0.4,0.2
the sounds,living in america,0.2,0.0,0.6,0.2,0.0,0.4,0.2,0.0
queens of the stone age,auto pilot,0.0,0.4,0.0,0.0,0.0,0.0,0.4,0.0
oasis,little by little,0.4,0.6,0.0,0.0,0.2,0.2,0.4,0.0
girl talk,set it off,0.4,0.0,0.6,0.2,0.0,0.0,0.2,0.8
the kills,alphabet pony,0.0,0.0,0.0,0.2,0.2,0.0,0.6,0.4
metallica,the unforgiven ii,0.4,0.8,0.0,0.0,0.8,0.0,0.4,0.0
evanescence,missing,0.2,1.0,0.0,0.0,0.8,0.0,0.4,0.2
spoon,eddie's ragga,0.2,0.0,0.2,0.0,0.0,0.0,0.4,0.0
patrick wolf,the childcatcher,0.8,0.6,0.0,0.0,0.0,0.4,0.4,0.4
nick cave & the bad seeds,the weeping song,0.0,1.0,0.0,0.0,0.0,0.2,0.4,0.0
the coral,in the morning,0.0,0.0,0.8,0.2,0.4,0.0,0.4,0.0
rufus wainwright,going to a town,0.4,0.8,0.0,0.0,0.0,0.8,0.4,0.0
m.i.a.,pull up the people,0.4,0.0,0.4,0.2,0.0,0.8,0.4,0.0
m83,skin of the night,0.0,0.4,0.2,0.0,0.8,0.0,0.6,0.0
weezer,no one else,0.4,0.2,0.0,0.2,0.8,0.0,0.0,0.0
foals,the french open,0.2,0.0,0.0,0.0,0.0,0.0,0.8,0.0
the beach boys,i get around,0.2,0.0,1.0,0.2,0.2,0.0,0.0,0.0
system of a down,shimmy,0.8,0.0,0.0,0.2,0.0,0.6,0.6,0.2
foals,hummer,0.0,0.0,0.4,0.0,0.0,0.0,0.6,0.0
iamx,kiss and swallow,0.0,0.0,0.0,0.0,0.2,0.0,0.4,0.8
my morning jacket,off the record,0.2,0.0,0.0,0.0,0.0,0.4,0.4,0.0
goldfrapp,crystalline green,0.0,0.0,0.0,0.0,0.0,0.0,0.8,0.0
keane,atlantic,0.0,1.0,0.0,0.0,0.6,0.0,0.6,0.0
nine inch nails,10 ghosts ii,0.0,0.0,0.0,0.0,0.0,0.0,0.0,0.0
the who,substitute,0.4,0.2,0.0,0.4,0.6,0.4,0.4,0.0
simian mobile disco,tits & acid,0.0,0.0,0.0,0.0,0.0,0.0,0.0,0.0
the avalanches,since i left you,0.0,0.2,0.8,0.0,0.8,0.0,0.2,0.0
björk,aeroplane,0.0,0.4,0.4,0.0,0.8,0.0,0.4,0.0
ac/dc,shoot to thrill,0.4,0.0,0.2,0.2,0.2,0.0,0.4,0.2
anathema,one last goodbye,0.0,1.0,0.0,0.0,0.8,0.0,0.2,0.0
weezer,pink triangle,0.2,0.6,0.0,0.2,0.8,0.2,0.2,0.0
him,in joy and sorrow,0.0,0.8,0.2,0.0,1.0,0.0,0.4,0.0
jimmy eat world,a praise chorus,0.0,0.0,0.8,0.0,0.2,0.0,0.2,0.0
asobi seksu,strawberries,0.0,0.4,0.2,0.0,0.6,0.0,0.6,0.0
ladytron,discotraxx,0.0,0.0,0.2,0.0,0.0,0.0,0.4,0.0
rilo kiley,the absence of god,0.0,0.8,0.0,0.0,0.6,0.4,0.4,0.0
cocorosie,tahiti rain song,0.0,0.6,0.2,0.0,0.2,0.0,0.8,0.0
patrick wolf,don't say no,0.0,0.4,0.4,0.0,0.8,0.0,0.4,0.0
goldfrapp,number 1,0.0,0.0,0.6,0.0,1.0,0.0,0.2,0.0
asobi seksu,strings,0.0,0.4,0.2,0.0,0.4,0.0,0.8,0.0
yeah yeah yeahs,dull life,0.6,0.2,0.0,0.0,0.0,0.4,0.4,0.0
sonic youth,dirty boots,0.0,0.0,0.4,0.0,0.6,0.0,0.6,0.2
him,vampire heart,0.4,0.6,0.0,0.0,1.0,0.0,0.6,0.0
the kills,getting down,0.0,0.0,0.2,0.0,0.2,0.0,0.4,0.2
carla bruni,quelqu'un m'a dit,0.0,0.6,0.2,0.0,1.0,0.0,0.4,0.0
stars,the first five times,0.0,0.4,0.4,0.0,0.8,0.0,0.2,0.2
bat for lashes,bat's mouth,0.2,0.6,0.0,0.0,0.6,0.0,0.6,0.0
the white stripes,the nurse,0.6,0.2,0.0,0.0,0.2,0.0,0.6,0.0
coheed and cambria,welcome home,0.8,0.4,0.0,0.0,0.4,0.0,0.6,0.4
afi,this celluloid dream,0.4,0.6,0.0,0.0,0.4,0.2,0.6,0.0
shivaree,goodnight moon,0.0,0.4,0.0,0.0,0.4,0.0,0.4,0.0
beck,chemtrails,0.0,0.4,0.0,0.0,0.0,0.4,0.8,0.0
pj harvey,this mess we're in,0.2,0.6,0.0,0.0,0.8,0.0,0.4,0.4
depeche mode,the sinner in me,0.2,0.6,0.0,0.0,0.4,0.0,0.4,0.0
depeche mode,sister of night,0.0,0.8,0.0,0.0,0.8,0.0,0.6,0.2
the kooks,do you wanna,0.0,0.0,0.6,0.4,0.8,0.0,0.0,0.2
janis joplin,me and bobby mcgee,0.0,0.6,0.4,0.0,0.8,0.2,0.2,0.0
cocorosie,butterscotch,0.2,0.4,0.2,0.4,0.4,0.0,0.8,0.2
elliott smith,single file,0.4,0.6,0.0,0.0,0.0,0.4,0.4,0.0
neko case,lion's jaws,0.0,0.6,0.0,0.0,0.4,0.0,0.8,0.0
the beatles,i will,0.0,0.2,0.4,0.0,1.0,0.0,0.2,0.0
junior senior,move your feet,0.0,0.0,1.0,0.2,0.0,0.0,0.0,0.0
pantera,domination,1.0,0.0,0.0,0.0,0.0,0.0,0.4,0.2
blonde redhead,misery is a butterfly,0.0,0.8,0.0,0.0,0.4,0.0,0.8,0.0
u2,walk on,0.0,0.2,0.4,0.0,0.2,0.4,0.4,0.0
imogen heap,speeding cars,0.0,0.4,0.2,0.0,0.4,0.0,0.4,0.0
the smiths,rubber ring,0.0,0.6,0.2,0.2,0.0,0.0,0.4,0.0
my chemical romance,you know what they do to guys like us in prison,0.8,0.2,0.0,0.4,0.4,0.4,0.6,0.4
katatonia,consternation,0.2,0.8,0.0,0.0,0.0,0.0,0.6,0.0
iron & wine,free until they cut me down,0.0,0.4,0.0,0.0,0.0,0.2,0.6,0.0
marvin gaye,what's going on,0.0,0.6,0.0,0.0,0.2,1.0,0.2,0.0
ex pistols,anarchy in the u.k.,1.0,0.0,0.0,0.2,0.0,1.0,0.2,0.0
band of horses,marry song,0.0,0.2,0.6,0.0,1.0,0.0,0.4,0.0
no doubt,spiderwebs,0.4,0.0,0.0,0.4,0.2,0.0,0.4,0.0
kate bush,hounds of love,0.0,0.2,0.2,0.0,0.6,0.0,0.6,0.0
nick drake,parasite,0.2,1.0,0.0,0.0,0.0,0.0,0.6,0.0
animal collective,guys eyes,0.0,0.2,0.6,0.0,0.8,0.0,0.4,0.2
jem,just a ride,0.0,0.0,0.6,0.0,0.0,0.0,0.4,0.0
children of bodom,are you dead yet?,1.0,0.0,0.0,0.0,0.0,0.0,0.2,0.4
new order,regret,0.0,0.6,0.0,0.0,0.4,0.0,0.2,0.0
soilwork,follow the hollow,0.6,0.4,0.0,0.0,0.0,0.0,0.6,0.0
wolfmother,mind's eye,0.0,0.0,0.0,0.0,0.2,0.0,0.8,0.0
wolfmother,pyramid,0.0,0.0,0.2,0.0,0.0,0.0,0.6,0.0
damien rice,dogs,0.0,0.6,0.2,0.2,0.6,0.0,0.4,0.2
the beatles,she came in through the bathroom window,0.0,0.0,0.4,0.4,0.2,0.0,0.4,0.0
pearl jam,rearviewmirror,0.8,0.4,0.0,0.0,0.2,0.0,0.4,0.2
mando diao,the band,0.0,0.0,0.6,0.2,0.2,0.0,0.2,0.0
scissor sisters,music is the victim,0.0,0.0,1.0,0.6,0.2,0.0,0.4,0.2
m.i.a.,xr2,0.2,0.0,0.6,0.2,0.0,0.4,0.4,0.2
björk,all neon like,0.0,0.2,0.2,0.0,0.6,0.0,0.8,0.0
wilco,hate it here,0.2,1.0,0.0,0.2,0.8,0.0,0.2,0.0
buzzcocks,ever fallen in love?,0.4,0.8,0.0,0.0,1.0,0.0,0.2,0.0
belle and sebastian,act of the apostle ii,0.2,0.4,0.4,0.2,0.2,0.2,0.2,0.0
uffie,pop the glock,0.2,0.0,0.4,0.4,0.0,0.0,0.2,0.6
the album leaf,always for you,0.0,0.2,0.4,0.0,1.0,0.0,0.4,0.0
the cure,disintegration,0.4,1.0,0.0,0.0,0.8,0.0,0.6,0.0
kanye west,amazing (feat. young jeezy),0.4,0.2,0.0,0.0,0.0,0.0,0.2,0.4
pixies,no. 13 baby,0.0,0.0,0.2,0.0,0.6,0.0,0.6,0.2
the red jumpsuit apparatus,your guardian angel,0.0,0.4,0.2,0.0,1.0,0.0,0.4,0.0
evanescence,snow white queen,0.4,0.6,0.0,0.0,0.2,0.2,0.6,0.0
the dandy warhols,nietzsche,0.2,0.2,0.0,0.0,0.0,0.2,0.6,0.0
tori amos,bouncing off clouds,0.2,0.4,0.4,0.0,0.6,0.0,0.6,0.0
nine inch nails,a warm place,0.0,0.0,0.0,0.0,0.0,0.0,0.0,0.0
pink floyd,one of my turns,0.8,0.8,0.0,0.0,0.2,0.0,0.2,0.0
cat power,fool,0.2,0.8,0.0,0.0,0.4,0.0,0.6,0.0
radiohead,sail to the moon,0.0,0.4,0.2,0.0,0.4,0.2,0.6,0.0
kate nash,mouthwash,0.0,0.2,0.4,0.4,0.0,0.0,0.2,0.0
the white stripes,i'm slowly turning into you,0.6,0.2,0.0,0.0,0.6,0.0,0.4,0.0
the faint,glass danse,0.2,0.0,0.0,0.0,0.0,0.4,0.4,0.2
audioslave,doesn't remind me,0.0,0.6,0.2,0.0,0.0,0.0,0.6,0.0
paramore,emergency,0.6,0.6,0.0,0.0,0.8,0.0,0.4,0.0
pj harvey,victory,0.4,0.2,0.0,0.0,0.4,0.0,0.4,0.0
wolf parade,dinner bells,0.2,0.6,0.0,0.0,0.2,0.0,0.8,0.0
pj harvey,one line,0.0,0.0,0.4,0.0,1.0,0.0,0.2,0.0
pearl jam,garden,0.4,0.6,0.0,0.0,0.0,0.4,0.6,0.0
cat power,werewolf,0.0,0.8,0.0,0.0,0.0,0.0,0.6,0.0
the sounds,queen of apology,0.4,0.2,0.0,0.0,0.6,0.0,0.2,0.0
the sounds,painted by numbers,0.4,0.0,0.2,0.0,0.0,0.4,0.4,0.0
beck,we dance alone,0.0,0.4,0.0,0.0,0.0,0.2,0.6,0.0
depeche mode,freelove,0.0,0.2,0.4,0.0,1.0,0.0,0.4,0.0
dread zeppelin,no quarter,0.2,0.2,0.0,0.0,0.0,0.0,0.8,0.0
grandaddy,a.m. 180,0.0,0.2,0.2,0.2,0.6,0.0,0.2,0.0
norah jones,seven years,0.0,0.8,0.2,0.0,0.0,0.0,0.4,0.0
pink floyd,keep talking,0.2,0.4,0.2,0.0,0.0,0.6,0.4,0.0
the velvet underground,who loves the sun,0.0,1.0,0.0,0.0,1.0,0.0,0.2,0.0
slowdive,souvlaki space station,0.0,0.2,0.0,0.0,0.2,0.0,0.8,0.0
the knife,rock classics,0.0,0.2,0.4,0.4,0.2,0.2,0.6,0.0
the feeling,fill my little world,0.0,0.4,0.6,0.0,1.0,0.0,0.4,0.0
nine inch nails,getting smaller,0.8,0.4,0.0,0.0,0.0,0.0,0.4,0.4
kaiser chiefs,everything is average nowadays,0.4,0.0,0.0,0.4,0.0,0.6,0.2,0.0
the stone roses,i am the resurrection,0.6,0.0,0.0,0.0,0.2,0.0,0.4,0.0
fall out boy,don't you know who i think i am?,0.4,0.2,0.2,0.4,0.0,0.4,0.4,0.0
red hot chili peppers,get on top,0.0,0.0,0.4,0.4,0.2,0.0,0.6,0.6
adam green,hard to be a girl,0.2,0.4,0.0,0.6,0.4,0.2,0.4,0.0
bloc party,signs,0.0,1.0,0.0,0.0,0.6,0.0,0.4,0.0
no doubt,sunday morning,0.4,0.2,0.4,0.0,0.8,0.0,0.2,0.0
beck,walls,0.2,0.6,0.0,0.0,0.0,0.4,0.6,0.0
the beatles,wait,0.0,0.4,0.4,0.0,1.0,0.0,0.0,0.0
girl talk,ask about me,0.4,0.0,0.4,0.2,0.0,0.0,0.2,0.6
emilie autumn,opheliac,0.8,0.4,0.0,0.0,0.2,0.0,0.6,0.2
girl talk,hand clap,0.2,0.0,0.6,0.4,0.2,0.0,0.2,0.4
justin timberlake,what goes around.../...comes around interlude,0.4,0.6,0.0,0.0,0.6,0.0,0.2,0.0
rufus wainwright,oh what a world,0.0,0.2,0.8,0.2,0.2,0.0,0.6,0.0
the new pornographers,broken breads,0.0,0.4,0.2,0.2,0.2,0.0,0.6,0.0
sufjan stevens,say yes! to m!ch!gan!,0.0,0.2,0.8,0.0,0.2,0.2,0.2,0.0
afi,the leaving song,0.0,0.8,0.0,0.0,0.2,0.0,0.6,0.0
babyshambles,you talk,0.4,0.4,0.0,0.2,0.6,0.0,0.4,0.0
evanescence,anywhere,0.0,0.4,0.2,0.0,1.0,0.0,0.2,0.0
kanye west,homecoming (feat. chris martin),0.0,0.4,0.4,0.2,0.8,0.0,0.4,0.0
guns n' roses,don't cry (original),0.0,0.8,0.0,0.0,0.8,0.0,0.2,0.0
in flames,system,0.6,0.2,0.0,0.0,0.0,0.6,0.4,0.0
within temptation,stand my ground,0.4,0.2,0.0,0.0,0.0,0.0,0.4,0.0
black rebel motorcycle club,whatever happened to my rock 'n' roll,0.8,0.2,0.0,0.0,0.0,0.6,0.2,0.0
zero 7,the space between,0.0,0.6,0.0,0.0,0.8,0.0,0.4,0.0
elliott smith,coming up roses,0.4,0.8,0.0,0.0,0.2,0.0,0.4,0.0
the clash,london's burning,0.6,0.2,0.0,0.2,0.0,0.6,0.4,0.0
paolo nutini,last request,0.0,0.8,0.0,0.0,1.0,0.0,0.2,0.2
incubus,agoraphobia,0.2,0.4,0.0,0.0,0.0,0.0,0.4,0.0
the clash,the right profile,0.0,0.4,0.0,0.4,0.0,0.4,0.4,0.0
lez zeppelin,the ocean,0.0,0.0,0.8,0.2,0.4,0.0,0.4,0.0
wolfmother,joker & the thief,0.0,0.0,0.2,0.0,0.0,0.0,0.6,0.0
amy winehouse,fuck me pumps,0.4,0.2,0.0,0.8,0.0,0.6,0.2,0.4
kevin shields,ikebana,0.0,0.0,0.0,0.0,0.0,0.0,0.0,0.0
slayer,altar of sacrifice,0.8,0.0,0.0,0.0,0.0,0.2,0.2,1.0
the velvet underground,what goes on,0.2,0.4,0.0,0.0,0.8,0.0,0.2,0.0
death from above 1979,sexy results,0.0,0.0,0.2,0.0,0.6,0.0,0.2,0.4
soilwork,as we speak,0.6,0.2,0.0,0.0,0.0,0.4,0.6,0.0
soilwork,weapon of vanity,0.6,0.2,0.0,0.0,0.0,0.6,0.4,0.0
bright eyes,land locked blues,0.2,0.8,0.0,0.0,0.6,0.6,0.4,0.0
ratatat,tropicana,0.0,0.0,0.0,0.0,0.0,0.0,0.0,0.0
marilyn manson,the fight song,1.0,0.2,0.0,0.2,0.0,0.8,0.4,0.4
black rebel motorcycle club,wishing well,0.2,0.6,0.0,0.0,0.2,0.0,0.6,0.0
yann tiersen,les jours tristes (instrumental),0.0,0.0,0.0,0.0,0.0,0.0,0.0,0.0
the automatic,monster,0.0,0.0,0.0,0.2,0.0,0.0,0.4,0.0
whitesnake,fool for your loving,0.4,0.4,0.0,0.0,0.8,0.0,0.2,0.0
violent femmes,gone daddy gone,0.4,0.6,0.0,0.0,0.8,0.0,0.2,0.0
the b-52's,love shack,0.0,0.0,1.0,0.8,0.6,0.0,0.4,0.0
boy kill boy,suzie,0.4,0.4,0.0,0.0,0.8,0.0,0.2,0.0
inxs,need you tonight,0.0,0.2,0.0,0.0,0.8,0.0,0.2,0.4
britney spears,perfect lover,0.0,0.0,0.2,0.0,0.8,0.0,0.2,0.4
matchbox twenty,if you're gone,0.2,0.8,0.0,0.0,0.8,0.0,0.4,0.0
the rolling stones,(i can't get no) satisfaction,0.6,0.2,0.0,0.2,0.2,0.6,0.2,0.0
mika,stuck in the middle,0.2,0.6,0.0,0.0,0.2,0.0,0.4,0.0
the human league,don't you want me,0.4,0.4,0.0,0.0,0.8,0.0,0.0,0.0
in flames,crawl through knives,0.6,0.6,0.0,0.0,0.2,0.0,0.6,0.0
lynyrd skynyrd,simple man,0.0,0.2,0.4,0.0,0.2,0.0,0.2,0.0
feist,1 2 3 4,0.0,0.2,0.8,0.0,0.8,0.0,0.4,0.0
múm,now there's that fear again,0.0,0.6,0.0,0.0,0.2,0.0,0.6,0.0
audioslave,set it off,0.6,0.0,0.0,0.0,0.0,0.0,0.4,0.0
the cure,last dance,0.0,1.0,0.0,0.0,0.8,0.0,0.4,0.0
lifehouse,everything,0.0,0.0,0.4,0.0,1.0,0.0,0.4,0.0
imogen heap,closing in,0.4,0.4,0.0,0.0,0.4,0.0,0.6,0.0
zero 7,speed dial no. 2,0.0,0.4,0.2,0.0,0.6,0.0,0.4,0.0
placebo,ask for answers,0.4,0.8,0.0,0.0,0.4,0.0,0.6,0.2
pj harvey,silence,0.0,0.8,0.0,0.0,0.4,0.0,0.6,0.0
aesop rock,none shall pass,0.4,0.0,0.0,0.4,0.0,0.4,0.8,0.4
my bloody valentine,lose my breath,0.0,0.4,0.0,0.0,0.6,0.0,0.6,0.0
mew,circuitry of the wolf,0.0,0.2,0.0,0.0,0.0,0.0,1.0,0.0
hot chip,bendable poseable,0.2,0.0,0.2,0.4,0.0,0.4,0.6,0.0
wilco,side with the seeds,0.4,0.6,0.0,0.0,0.4,0.0,0.4,0.0
maxïmo park,acrobat,0.2,0.2,0.0,0.0,0.8,0.0,0.6,0.0
pantera,mouth for war,1.0,0.0,0.0,0.0,0.0,0.0,0.4,0.0
tegan and sara,i bet it stung,0.4,0.6,0.0,0.0,0.8,0.0,0.2,0.0
bob marley & the wailers,waiting in vain,0.2,0.4,0.2,0.0,1.0,0.0,0.2,0.0
camera obscura,come back margaret,0.2,0.6,0.2,0.0,0.8,0.0,0.2,0.0
the stills,lola stars and stripes,0.0,0.6,0.0,0.0,0.8,0.4,0.6,0.0
tv on the radio,crying,0.4,0.4,0.0,0.0,0.0,0.6,0.6,0.0
rammstein,moskau,0.4,0.0,0.2,0.4,0.2,0.4,0.4,0.2
regina spektor,chemo limo,0.0,1.0,0.0,0.0,0.0,0.2,0.6,0.0
feist,one two three four,0.0,0.4,0.8,0.0,0.8,0.0,0.2,0.0
elliott smith,christian brothers,0.4,1.0,0.0,0.0,0.0,0.0,0.4,0.2
the long blondes,separated by motorways,0.2,0.2,0.0,0.2,0.0,0.0,0.4,0.0
regina spektor,somedays,0.0,0.6,0.2,0.0,0.2,0.0,0.4,0.0
nightwish,gethsemane,0.2,0.8,0.0,0.0,0.0,0.0,0.6,0.0
nick drake,horn,0.0,0.0,0.0,0.0,0.0,0.0,0.0,0.0
iron & wine,resurrection fern,0.0,0.6,0.2,0.0,0.4,0.0,0.6,0.0
scissor sisters,return to oz,0.4,0.8,0.0,0.0,0.0,0.6,0.4,0.2
tokyo police club,your english is good,0.0,0.0,0.6,0.2,0.0,0.6,0.4,0.0
nine inch nails,in this twilight,0.0,0.8,0.0,0.0,0.0,0.4,0.6,0.0
calvin harris,acceptable in the 80s,0.0,0.0,0.8,0.8,0.2,0.4,0.0,0.0
we are scientists,after hours,0.0,0.2,0.6,0.2,0.6,0.0,0.2,0.0
beirut,the gulag orkestar,0.0,0.0,0.0,0.0,0.0,0.0,0.0,0.0
black rebel motorcycle club,shade of blue,0.2,0.8,0.0,0.0,0.6,0.0,0.4,0.0
smoke city,underwater love,0.0,0.0,0.4,0.0,1.0,0.0,0.6,0.2
arctic monkeys,505,0.2,0.6,0.0,0.0,1.0,0.0,0.4,0.2
david bowie,life on mars,0.2,0.6,0.0,0.2,0.0,0.4,0.8,0.0
antony and the johnsons,free at last,0.0,0.0,0.8,0.0,0.0,0.2,0.0,0.0
pink floyd,set the controls for the heart of the sun,0.0,0.2,0.0,0.0,0.2,0.0,1.0,0.0
the pipettes,your kisses are wasted on me,0.4,0.0,0.2,0.2,0.6,0.0,0.2,0.0
garbage,#1 crush,0.6,0.4,0.0,0.0,1.0,0.0,0.2,0.4
daft punk,touch it / technologic,0.0,0.0,0.0,0.0,0.0,0.0,0.0,0.0
black kids,i've underestimated my charm (again),0.2,0.2,0.6,0.6,0.8,0.0,0.2,0.2
led zeppelin jam,moby dick,0.0,0.0,0.0,0.0,0.0,0.0,0.0,0.0
the black angels,black grease,0.4,0.2,0.0,0.0,0.2,0.4,0.6,0.0
hot chip,hold on,0.0,0.0,0.6,0.4,0.2,0.0,0.6,0.0
the national,ada,0.2,0.8,0.0,0.0,0.6,0.0,0.6,0.0
the velvet underground,i'm sticking with you,0.0,0.0,0.8,0.4,1.0,0.0,0.2,0.0
belle and sebastian,the boy done wrong again,0.0,1.0,0.0,0.0,0.4,0.0,0.2,0.0
robyn,konichiwa bitches,0.4,0.0,0.8,1.0,0.0,0.0,0.2,0.4
depeche mode,leave in silence,0.2,0.8,0.0,0.0,0.6,0.0,0.4,0.0
daft punk,one more time / aerodynamic,0.0,0.0,1.0,0.0,0.0,0.0,0.0,0.0
him,soul on fire,0.2,0.4,0.0,0.0,1.0,0.0,0.6,0.0
apocalyptica,bittersweet,0.0,0.8,0.0,0.0,1.0,0.0,0.6,0.0
sonic youth,the sprawl,0.4,0.0,0.0,0.0,0.0,0.6,0.6,0.4
the ting tings,traffic light,0.0,0.2,0.4,0.2,0.4,0.0,0.4,0.0
james blunt,tears and rain,0.2,1.0,0.0,0.0,0.0,0.0,0.4,0.0
bloc party,halo,0.0,0.0,0.4,0.0,0.8,0.0,0.4,0.4
clint mansell,together we will live forever,0.0,0.0,0.0,0.0,0.0,0.0,0.0,0.0
spoon,sister jack,0.0,0.0,0.4,0.0,0.2,0.0,0.4,0.0
m.i.a.,20 dollar,0.6,0.2,0.0,0.0,0.0,0.8,0.6,0.2
black sabbath,planet caravan,0.0,0.0,0.4,0.0,0.8,0.0,0.8,0.0
the last shadow puppets,my mistakes were made for you,0.0,0.6,0.0,0.0,0.8,0.0,0.6,0.0
crystal castles,black panther,0.0,0.0,0.0,0.0,0.0,0.0,0.0,0.0
anton maiden,fear of the dark,0.0,0.0,0.0,0.0,0.0,0.0,0.2,0.0
metric,hardwire,0.0,0.4,0.0,0.0,0.6,0.0,0.4,0.0
nick drake,introduction,0.0,0.0,0.0,0.0,0.0,0.0,0.0,0.0
a perfect circle,vanishing,0.0,0.4,0.0,0.0,0.0,0.0,1.0,0.0
bat for lashes,sarah,0.0,0.6,0.0,0.0,0.2,0.0,0.8,0.0
the libertines,what a waster,0.8,0.0,0.0,0.4,0.0,0.4,0.2,1.0
porcupine tree,collapse the light into earth,0.0,1.0,0.0,0.0,0.6,0.0,0.4,0.0
the sounds,song with a mission,0.4,0.0,0.2,0.0,0.0,0.4,0.2,0.0
arctic monkeys,bigger boys and stolen sweethearts,0.4,0.6,0.0,0.4,0.8,0.2,0.2,0.0
the dandy warhols,godless,0.0,0.4,0.0,0.0,0.2,0.2,0.6,0.0
iron & wine,pagan angel and a borrowed car,0.0,0.4,0.2,0.0,0.2,0.0,0.8,0.0
pulp,sorted for e's & wizz,0.0,0.4,0.2,0.4,0.0,0.6,0.2,0.4
animal collective,taste,0.0,0.0,0.2,0.0,0.0,0.2,0.6,0.0
mirah,cold cold water,0.0,0.8,0.0,0.0,0.8,0.0,0.6,0.0
ladytron,fighting in built up areas,0.4,0.2,0.0,0.0,0.0,0.4,0.6,0.0
gym class heroes,cupid's chokehold,0.0,0.0,0.8,0.6,1.0,0.0,0.2,0.0
röyksopp,dead to the world,0.0,0.0,0.0,0.0,0.0,0.0,0.0,0.0
mylo,guilty of love,0.0,0.0,0.4,0.0,1.0,0.0,0.0,0.0
beck,strange apparition,0.0,0.4,0.0,0.2,0.2,0.0,0.6,0.0
architecture in helsinki,hold music,0.2,0.0,0.8,0.4,0.2,0.0,0.6,0.0
andrew bird,a nervous tic motion of the head to the left,0.0,0.2,0.0,0.4,0.0,0.2,0.8,0.0
bright eyes,take it easy (love nothing),0.2,0.6,0.0,0.0,0.8,0.0,0.4,0.4
pink floyd,echoes,0.0,0.2,0.0,0.0,0.2,0.0,0.8,0.0
daft punk,the prime time of your life,0.0,0.2,0.2,0.0,0.0,0.2,0.4,0.0
girl talk,no pause,0.2,0.0,0.4,0.4,0.0,0.0,0.2,0.8
oasis,i'm outta time,0.0,0.8,0.2,0.0,0.8,0.2,0.4,0.0
travis,re-offender,0.4,0.8,0.0,0.0,0.6,0.4,0.2,0.0
belle and sebastian,she's losing it,0.0,0.4,0.2,0.2,0.4,0.4,0.2,0.0
scissor sisters,tits on the radio,0.0,0.0,0.6,0.8,0.0,0.4,0.2,0.8
tool,hush,0.6,0.0,0.0,0.4,0.0,0.8,0.2,0.0
slayer,piece by piece,1.0,0.0,0.0,0.0,0.0,0.0,0.2,1.0
pearl jam,porch,0.8,0.4,0.0,0.0,0.2,0.4,0.4,0.4
tori amos,precious things,0.6,0.4,0.0,0.0,0.0,0.2,0.6,0.4
yann tiersen,la dispute,0.0,0.0,0.0,0.0,0.0,0.0,0.0,0.0
emily haines & the soft skeleton,the maid needs a maid,0.0,1.0,0.0,0.0,0.2,0.4,0.4,0.0
red hot chili peppers,my friends,0.0,1.0,0.0,0.0,0.4,0.0,0.2,0.0
tori amos,leather,0.2,0.4,0.0,0.2,0.4,0.0,0.4,0.4
panic at the disco,i constantly thank god for esteban,0.4,0.0,0.0,0.4,0.0,0.2,0.4,0.2
wilco,hummingbird,0.0,0.4,0.4,0.2,0.2,0.0,0.6,0.0
dj shadow,the number song,0.0,0.0,0.0,0.0,0.0,0.0,0.0,0.0
hot hot heat,you owe me an iou,0.4,0.2,0.0,0.4,0.6,0.0,0.4,0.0
the chemical brothers,saturate,0.0,0.0,0.0,0.0,0.0,0.0,0.6,0.0
the kooks,shine on,0.0,0.2,0.8,0.0,0.8,0.0,0.4,0.0
camera obscura,dory previn,0.2,0.8,0.0,0.0,0.6,0.0,0.2,0.0
30 seconds to mars,capricorn (a brand new name),0.4,0.4,0.0,0.0,0.0,0.0,0.6,0.0
the national,daughters of the soho riots,0.2,1.0,0.0,0.0,0.4,0.2,0.6,0.0
placebo,protège moi,0.0,0.6,0.0,0.0,0.4,0.0,0.4,0.2
broken social scene,i'm still your fag,,,,,,,,
black rebel motorcycle club,complicated situation,0.4,0.4,0.0,0.0,0.0,0.8,0.2,0.0
the clash,death or glory,0.4,0.2,0.0,0.2,0.0,0.6,0.2,0.4
blondie,picture this,0.0,0.0,0.6,0.2,1.0,0.0,0.2,0.2
neutral milk hotel,the fool,0.0,0.0,0.0,0.0,0.0,0.0,0.0,0.0
pj harvey,big exit,0.4,0.0,0.0,0.0,0.4,0.4,0.2,0.0
the jesus and mary chain,the hardest walk,0.2,0.8,0.0,0.0,0.6,0.0,0.4,0.0
patrick wolf,get lost,0.0,0.0,1.0,0.0,0.8,0.0,0.2,0.0
tokyo police club,citizens of tomorrow,0.2,0.2,0.0,0.2,0.0,0.6,0.4,0.0
afi,dancing through sunday,0.4,0.6,0.0,0.0,0.4,0.0,0.6,0.0
girl talk,what it's all about,0.2,0.0,0.6,0.2,0.2,0.0,0.2,0.8
boards of canada,in the annexe,0.0,0.0,0.0,0.0,0.0,0.0,0.0,0.0
system of a down,x,0.8,0.0,0.0,0.0,0.0,0.8,0.4,0.0
system of a down,soldier side (intro),0.0,1.0,0.0,0.0,0.0,0.8,0.4,0.0
system of a down,psycho,0.6,0.0,0.0,0.4,0.0,0.6,0.2,0.6
nightwish,over the hills and far away,0.0,0.6,0.0,0.0,0.8,0.2,0.2,0.0
radiohead,backdrifts,0.2,0.6,0.0,0.0,0.4,0.0,0.6,0.0
something corporate,konstantine,0.2,1.0,0.0,0.0,1.0,0.0,0.4,0.0
m.i.a.,bird flu,0.6,0.0,0.0,0.2,0.0,0.4,0.6,0.0
the stone roses,this is the one,0.2,0.0,0.6,0.0,0.6,0.0,0.4,0.0
deftones,feiticeira,0.4,0.0,0.0,0.0,0.2,0.0,0.8,0.0
lcd soundsystem,watch the tapes,0.4,0.0,0.0,0.4,0.0,0.4,0.2,0.0
ladytron,soft power,0.2,0.0,0.0,0.0,0.0,0.8,0.4,0.0
pink floyd,in the flesh?,0.4,0.2,0.0,0.0,0.0,0.0,0.4,0.0
pinback,fortress,0.0,0.4,0.0,0.0,0.2,0.0,0.6,0.0
bright eyes,hot knives,0.4,0.6,0.0,0.0,0.6,0.0,0.8,0.2
sleater-kinney,modern girl,0.4,0.2,0.4,0.2,0.4,0.6,0.4,0.0
the radio dept.,the worst taste in music,0.2,0.8,0.0,0.0,0.6,0.0,0.2,0.0
fall out boy,sophomore slump or comeback of the year,0.6,0.4,0.0,0.2,0.0,0.4,0.4,0.0
sigur rós,straumnes,0.0,0.0,0.0,0.0,0.0,0.0,1.0,0.0
the velvet underground,beginning to see the light,0.2,0.2,0.6,0.2,0.6,0.2,0.4,0.0
death in vegas,girls,0.0,0.0,0.0,0.0,0.0,0.0,0.0,0.0
thirteen senses,into the fire,0.0,0.4,0.0,0.0,0.0,0.0,0.6,0.0
the cloud room,hey now now,0.0,0.2,0.6,0.0,0.6,0.0,0.4,0.0
kings of convenience,sorry or please,0.0,0.4,0.0,0.0,0.8,0.0,0.2,0.0
sufjan stevens,flint (for the unemployed and underpaid),0.0,1.0,0.0,0.0,0.0,0.6,0.2,0.0
the beatles,the fool on the hill,0.0,0.4,0.2,0.0,0.0,0.4,0.4,0.0
the magic numbers,mornings eleven,0.0,0.0,0.8,0.0,0.8,0.0,0.2,0.0
dread zeppelin,the song remains the same,0.0,0.0,0.8,0.2,0.2,0.0,0.4,0.0
no doubt,bathwater,0.2,0.4,0.4,0.2,0.8,0.0,0.4,0.0
metallica,the unforgiven iii,0.4,1.0,0.0,0.0,0.0,0.0,0.6,0.0
him,poison girl,0.2,0.8,0.0,0.0,1.0,0.0,0.4,0.0
of montreal,a sentence of sorts in kongsvinger,0.2,1.0,0.0,0.2,0.2,0.0,0.4,0.0
bloc party,tulips,0.0,0.4,0.4,0.0,1.0,0.0,0.4,0.0
goldfrapp,clowns,0.2,0.4,0.0,0.0,0.0,0.6,0.6,0.0
katie melua,nine million bicycles,0.0,0.0,0.6,0.0,1.0,0.2,0.4,0.0
the libertines,vertigo,0.0,0.2,0.6,0.2,0.6,0.0,0.4,0.0
sonic syndicate,jailbreak,0.6,0.2,0.2,0.0,0.0,0.2,0.4,0.0
moby,bodyrock,0.0,0.0,0.8,0.0,0.0,0.0,0.0,0.0
architecture in helsinki,to and fro,0.0,0.2,0.6,0.2,0.6,0.0,0.6,0.0
elliott smith,wouldn't mama be proud?,0.4,0.6,0.0,0.2,0.0,0.4,0.4,0.0
neil young,the needle and the damage done,0.0,1.0,0.0,0.0,0.2,0.6,0.2,0.0
architecture in helsinki,fumble,0.0,0.2,0.6,0.2,0.6,0.0,0.4,0.0
elbow,forget myself,0.2,0.6,0.2,0.2,0.4,0.0,0.4,0.0
linkin park,with you,0.4,0.4,0.0,0.0,0.6,0.0,0.4,0.0
the flaming lips,the w.a.n.d.,0.4,0.0,0.4,0.0,0.0,0.8,0.4,0.4
autolux,turnstile blues,0.4,0.4,0.0,0.0,0.0,0.2,0.6,0.0
basement jaxx,red alert,0.0,0.0,0.8,0.2,0.0,0.2,0.4,0.0
beach house,master of none,0.0,0.4,0.0,0.0,0.8,0.0,0.6,0.0
melanie c,beautiful intentions,0.4,0.2,0.0,0.0,0.2,0.0,0.2,0.0
the dresden dolls,shores of california,0.2,0.0,0.2,0.6,0.4,0.6,0.4,0.2
radiohead,sit down. stand up. (snakes & ladders.),0.4,0.2,0.0,0.0,0.0,0.8,0.8,0.0
the beatles,polythene pam,0.0,0.0,0.4,0.8,0.0,0.2,0.2,0.2
aphex twin,vordhosbn,0.0,0.0,0.0,0.0,0.0,0.0,0.0,0.0
katatonia,follower,0.4,0.8,0.0,0.0,0.2,0.0,0.6,0.0
the cure,catch,0.0,0.4,0.2,0.0,0.8,0.0,0.2,0.0
hard-fi,tied up too tight,0.4,0.2,0.0,0.0,0.0,0.4,0.2,0.0
the raveonettes,love in a trashcan,0.2,0.4,0.0,0.0,0.8,0.0,0.4,0.0
modest mouse,heart cooks brain,0.2,0.4,0.0,0.2,0.0,0.2,0.6,0.0
tool,intolerance,1.0,0.2,0.0,0.0,0.0,0.6,0.2,0.0
madonna,4 minutes (feat. justin timberlake),0.0,0.0,0.2,0.0,0.2,0.6,0.2,0.0
m.i.a.,10 dollar,0.4,0.4,0.0,0.2,0.0,0.8,0.4,0.4
björk,declare independence,0.6,0.0,0.0,0.0,0.0,1.0,0.4,0.0
björk,hyper-ballad,0.2,0.4,0.2,0.0,0.6,0.0,0.6,0.0
eddie vedder,no ceiling,0.0,0.0,0.6,0.0,0.0,0.0,0.4,0.0
the black angels,young men dead,0.6,0.6,0.0,0.0,0.0,0.8,0.4,0.0
camera obscura,if looks could kill,0.6,0.4,0.0,0.2,0.8,0.0,0.2,0.0
nouvelle vague,a forest,0.0,0.6,0.0,0.0,0.2,0.0,0.6,0.0
the doors,alabama song,0.0,0.2,0.0,0.4,0.0,0.2,0.2,0.0
orchestral manoeuvres in the dark,enola gay,0.4,0.4,0.0,0.0,0.0,0.8,0.4,0.0
jens lekman,and i remember every kiss,0.0,0.6,0.2,0.0,1.0,0.0,0.2,0.0
battles,rainbow,0.0,0.0,0.0,0.0,0.0,0.0,1.0,0.0
joanna newsom,only skin,0.0,0.6,0.2,0.0,0.8,0.0,0.8,0.0
mew,am i wry? no,0.0,0.4,0.0,0.0,0.2,0.0,0.8,0.0
mew,a dark design,0.2,0.6,0.0,0.0,0.4,0.0,0.8,0.0
emily haines & the soft skeleton,detective daughter,0.2,0.8,0.0,0.0,0.2,0.0,0.6,0.0
girl talk,like this,0.4,0.0,0.6,0.4,0.2,0.0,0.2,0.8
my chemical romance,the end.,0.4,0.6,0.0,0.2,0.0,0.0,0.6,0.0
nirvana,scentless apprentice,1.0,0.0,0.0,0.0,0.0,0.0,0.4,0.2
in flames,bullet ride,0.6,0.4,0.0,0.0,0.0,0.0,0.6,0.0
m83,in the cold i'm standing,0.0,0.4,0.0,0.0,0.0,0.0,0.8,0.0
nelly furtado,glow,0.0,0.0,0.8,0.0,0.6,0.0,0.4,0.0
beirut,prenzlaurberg,0.0,0.0,0.0,0.0,0.0,0.0,0.0,0.0
the white stripes,passive manipulation,0.2,0.0,0.0,0.0,0.2,0.8,0.0,0.0
wolf parade,this heart's on fire,0.0,0.2,0.8,0.0,1.0,0.0,0.4,0.0
hot chip,look after me,0.0,0.8,0.0,0.0,1.0,0.0,0.2,0.0
snow patrol,take back the city,0.2,0.2,0.8,0.0,0.2,0.6,0.4,0.0
ladytron,he took her to a movie,0.0,0.0,0.0,0.0,0.6,0.0,0.0,0.0
santogold,lights out,0.4,0.0,0.0,0.0,0.4,0.0,0.2,0.0
patrick wolf,pigeon song,0.0,0.6,0.2,0.0,0.2,0.2,0.6,0.0
beach house,gila,0.0,0.6,0.0,0.0,0.6,0.0,0.8,0.0
björk,there's more to life than this,0.0,0.0,0.8,0.2,0.2,0.0,0.2,0.0
wolfmother,apple tree,0.0,0.0,0.6,0.0,0.4,0.0,0.4,0.0
björk,oceania,0.0,0.0,0.6,0.0,0.4,0.2,0.8,0.0
explosions in the sky,a song for our fathers,0.0,0.0,0.0,0.0,0.0,0.0,0.0,0.0
cut copy,autobahn music box,0.0,0.0,0.0,0.0,0.0,0.0,0.0,0.0
tool,useful idiot,0.0,0.0,0.0,0.0,0.0,0.0,0.0,0.0
fleet foxes,mykonos,0.2,0.4,0.0,0.0,0.0,0.0,0.6,0.0
lcd soundsystem,disco infiltrator,0.2,0.0,0.0,0.2,0.0,0.2,0.4,0.0
just jack,starz in their eyes,0.4,0.2,0.0,0.2,0.0,0.6,0.2,0.0
jim sturgess,i've just seen a face,0.0,0.0,1.0,0.0,1.0,0.0,0.2,0.0
amy macdonald,poison prince,0.2,0.6,0.0,0.0,0.0,0.4,0.2,0.0
bob dylan,girl from the north country,0.0,0.6,0.0,0.0,0.8,0.0,0.2,0.0
the zutons,valerie,0.2,0.6,0.2,0.2,0.8,0.0,0.2,0.0
kings of leon,velvet snow,0.2,0.0,0.0,0.0,0.2,0.0,0.6,0.0
ratatat,crips,0.0,0.0,0.0,0.0,0.0,0.0,0.0,0.0
the kooks,match box,0.4,0.2,0.0,0.0,0.6,0.0,0.4,0.0
rufus wainwright,poses,0.2,0.6,0.2,0.2,0.6,0.4,0.4,0.0
placebo,summer's gone,0.2,0.8,0.0,0.0,0.6,0.0,0.4,0.0
kasabian,l.s.f. (lost souls forever),0.2,0.2,0.0,0.0,0.0,0.0,0.6,0.0
gorillaz,demon days,0.0,0.6,0.2,0.0,0.0,0.6,0.6,0.0
red hot chili peppers,torture me,0.2,0.2,0.2,0.2,0.8,0.0,0.6,0.4
feist,how my heart behaves,0.0,0.6,0.0,0.0,0.6,0.0,0.6,0.0
kylie minogue,speakerphone,0.0,0.0,0.6,0.2,0.4,0.0,0.4,0.0
spoon,the delicate place,0.2,0.2,0.0,0.0,0.6,0.0,0.6,0.2
bullet for my valentine,tears don't fall,0.4,1.0,0.0,0.0,0.8,0.0,0.4,0.2
three days grace,i hate everything about you,0.8,0.4,0.0,0.0,0.4,0.0,0.2,0.0
kylie minogue,2 hearts,0.0,0.0,0.8,0.0,1.0,0.0,0.2,0.0
the smiths,nowhere fast,0.4,0.4,0.0,0.4,0.0,0.6,0.4,0.0
oasis,mucky fingers,0.6,0.2,0.0,0.0,0.0,0.6,0.4,0.0
black rebel motorcycle club,ha ha high babe,0.2,0.2,0.2,0.0,0.6,0.0,0.4,0.0
bush,swallowed,0.4,0.6,0.0,0.0,0.2,0.0,0.6,0.0
the decemberists,oceanside,0.0,0.0,0.6,0.2,0.8,0.0,0.2,0.0
vampire weekend,one (blake's got a new face),0.0,0.0,0.4,0.6,0.2,0.0,0.4,0.0
nine inch nails,even deeper,0.4,0.8,0.0,0.0,0.2,0.0,0.6,0.0
pink floyd,nobody home,0.2,1.0,0.0,0.2,0.0,0.2,0.4,0.2
boards of canada,everything you do is a balloon,0.0,0.0,0.0,0.0,0.0,0.0,0.0,0.0
pj harvey,you said something,0.0,0.4,0.2,0.0,0.8,0.0,0.2,0.0
sigur rós,illgresi,0.0,0.4,0.2,0.0,0.0,0.0,0.8,0.0
frou frou,only got one,0.0,0.2,0.4,0.0,0.4,0.0,0.4,0.0
pink floyd,another brick in the wall,0.6,0.2,0.0,0.0,0.0,1.0,0.4,0.0
nine inch nails,with teeth,0.6,0.2,0.0,0.0,0.0,0.0,0.4,0.0
mew,156,0.0,0.4,0.0,0.0,0.2,0.0,0.8,0.0
eurythmics,sweet dreams (are made of this),0.0,0.2,0.0,0.0,0.0,0.4,0.4,0.0
björk,frosti,0.0,0.0,0.0,0.0,0.0,0.0,0.0,0.0
modest mouse,blame it on the tetons,0.2,0.8,0.0,0.0,0.0,0.4,0.4,0.0
the psychedelic furs,love my way,0.2,0.2,0.4,0.0,0.6,0.4,0.6,0.0
the go! team,friendship update,0.0,0.0,0.8,0.2,0.0,0.0,0.2,0.0
keane,perfect symmetry,0.4,0.4,0.0,0.0,0.0,0.6,0.6,0.0
kings of convenience,failure,0.0,0.8,0.0,0.0,0.4,0.0,0.2,0.0
belle and sebastian,electronic renaissance,0.0,0.2,0.6,0.2,0.2,0.2,0.4,0.0
bedouin soundclash,when the night feels my song,0.0,0.0,1.0,0.0,0.0,0.0,0.2,0.0
green day,are we the waiting,0.2,0.6,0.0,0.0,0.0,0.4,0.4,0.0
jens lekman,your arms around me,0.0,0.2,0.6,0.4,1.0,0.0,0.2,0.0
fall out boy,nobody puts baby in the corner,0.6,0.6,0.0,0.2,0.8,0.0,0.4,0.0
fiona apple,sally's song,0.0,1.0,0.0,0.0,0.6,0.0,0.2,0.0
chemistry,約束の場所,0.0,0.4,0.4,0.0,0.8,0.0,0.4,0.0
the new pornographers,mass romantic,0.0,0.2,0.6,0.4,0.6,0.2,0.6,0.0
kanye west,robocop,0.6,0.4,0.2,0.4,0.2,0.0,0.4,0.2
the album leaf,eastern glow,0.0,0.2,0.4,0.0,0.6,0.0,0.4,0.0
creedence clearwater revisited,down on the corner,0.0,0.0,1.0,0.2,0.0,0.2,0.2,0.0
zero 7,passing by,0.0,0.4,0.0,0.0,0.4,0.0,0.4,0.0
the album leaf,over the pond,0.0,0.0,0.0,0.0,0.0,0.0,0.0,0.0
moby,where you end,0.0,0.4,0.0,0.0,0.8,0.0,0.4,0.0
seether (feat. amy lee),broken,0.0,1.0,0.0,0.0,0.8,0.0,0.2,0.0
queens of the stone age,if only,0.0,0.6,0.0,0.0,0.8,0.0,0.2,0.2
damien rice,elephant,0.4,1.0,0.0,0.0,0.8,0.0,0.4,0.0
maroon 5,little of your time,0.0,0.0,0.4,0.0,0.8,0.0,0.2,0.2
pet shop boys,west end girls,0.0,0.4,0.0,0.0,0.2,0.6,0.4,0.0
linkin park,my december,0.0,1.0,0.0,0.0,0.4,0.0,0.2,0.0
pendulum,hold your colour,0.0,0.0,0.2,0.0,0.0,0.0,0.4,0.0
pearl jam,why go,0.8,0.4,0.0,0.0,0.0,0.6,0.2,0.2
deftones,beware,0.2,0.4,0.0,0.0,0.6,0.0,0.8,0.0
deftones,cherry waves,0.0,0.4,0.2,0.0,0.8,0.0,0.8,0.0
wilco,via chicago,0.2,0.8,0.0,0.0,0.6,0.0,0.6,0.0
band of horses,lamb on the lam (in the city),0.0,0.0,0.0,0.0,0.0,0.0,0.0,0.0
iron & wine,faded from the winter,0.0,0.4,0.2,0.0,0.8,0.0,0.6,0.0
gang of four,not great men,0.4,0.0,0.0,0.0,0.0,0.8,0.4,0.0
disturbed,i'm alive,0.6,0.0,0.0,0.0,0.0,0.0,0.4,0.0
sex pistols,bodies,1.0,0.0,0.0,0.0,0.0,0.8,0.4,1.0
him,gone with the sin,0.0,0.8,0.0,0.0,1.0,0.0,0.6,0.0
robots in disguise,turn it up,0.0,0.0,0.8,0.2,0.0,0.0,0.2,0.0
mogwai,ratts of the capital,0.0,0.0,0.0,0.0,0.0,0.0,0.0,0.0
marilyn manson,sweet dreams (are made of this),0.4,0.2,0.0,0.0,0.2,0.2,0.4,0.2
lily allen,everyone's at it,0.4,0.2,0.0,0.2,0.0,0.8,0.0,0.2
kings of leon,be somebody,0.2,0.2,0.2,0.0,0.2,0.0,0.4,0.0
led zeppelin,houses of the holy,0.0,0.0,0.8,0.2,0.6,0.0,0.4,0.2
modest mouse,the cold part,0.2,0.8,0.0,0.0,0.2,0.0,0.6,0.0
modest mouse,steam engenius,0.4,0.2,0.0,0.2,0.0,0.6,0.6,0.0
suede,trash,0.2,0.2,0.8,0.0,0.8,0.2,0.4,0.0
wilco,please be patient with me,0.0,0.6,0.2,0.0,0.8,0.0,0.2,0.0
johnny cash,god's gonna cut you down,0.4,0.0,0.0,0.0,0.0,0.4,0.2,0.0
lcd soundsystem,too much love,0.2,0.4,0.2,0.2,0.8,0.0,0.4,0.0
fiona apple,get him back,0.6,0.2,0.0,0.4,0.6,0.0,0.4,0.0
u2,all because of you,0.0,0.0,0.8,0.2,0.6,0.0,0.4,0.0
the decemberists,the bagman's gambit,0.2,0.8,0.0,0.0,1.0,0.4,0.2,0.0
maná,hechicera,0.0,0.0,0.2,0.0,0.8,0.0,0.4,0.0
lacuna coil,enjoy the silence,0.0,0.4,0.0,0.0,0.8,0.0,0.4,0.0
patrick wolf,london,0.0,0.4,0.4,0.0,0.2,0.2,0.6,0.0
dimmu borgir,progenies of the great apocalypse,0.8,0.0,0.0,0.0,0.0,0.6,0.6,0.0
goldfrapp,satin chic,0.0,0.0,0.6,0.2,0.4,0.0,0.4,0.0
fiona apple,the way things are,0.6,0.4,0.0,0.0,0.6,0.0,0.4,0.0
the smiths,the hand that rocks the cradle,0.0,0.4,0.0,0.0,0.8,0.0,0.4,0.0
paramore,hallelujah,0.0,0.2,0.6,0.0,0.0,0.0,0.4,0.0
amy macdonald,mr rock & roll,0.0,0.2,0.4,0.0,0.2,0.6,0.2,0.0
architecture in helsinki,city calm down,0.0,0.0,0.6,0.2,0.0,0.2,0.6,0.0
amorphis,silent waters,0.2,0.8,0.0,0.0,0.2,0.0,0.6,0.0
david bowie,queen bitch,0.2,0.2,0.4,0.6,0.2,0.2,0.2,0.0
visage,fade to grey,0.0,0.8,0.0,0.0,0.0,0.0,0.6,0.0
depeche mode,black celebration,0.0,0.8,0.0,0.0,0.6,0.0,0.4,0.0
type o negative,my girlfriend's girlfriend,0.0,0.0,0.6,0.8,0.8,0.0,0.2,0.2
cary brothers,blue eyes,0.0,0.4,0.0,0.0,1.0,0.0,0.4,0.0
the chemical brothers,star guitar,0.0,0.0,0.0,0.0,0.0,0.0,0.4,0.0
björk,pleasure is all mine,0.0,0.0,0.4,0.0,0.8,0.0,0.6,0.0
regina spektor,lady,0.0,0.4,0.2,0.2,0.2,0.0,0.6,0.0
yo la tengo,beanbag chair,0.0,0.2,0.6,0.2,0.4,0.0,0.4,0.0
korn,falling away from me,0.6,1.0,0.0,0.0,0.0,0.6,0.4,0.4
the beatles,yer blues,0.4,1.0,0.0,0.2,0.2,0.0,0.4,0.0
mogwai,golden porsche,0.0,0.0,0.0,0.0,0.0,0.0,0.0,0.0
iron & wine,passing afternoon,0.0,0.6,0.2,0.0,0.6,0.0,0.6,0.0
the postal service,be still my heart,0.0,0.4,0.2,0.0,0.8,0.0,0.4,0.0
elliott smith,i didn't understand,0.0,1.0,0.0,0.0,0.8,0.0,0.2,0.0
the presets,girl and the sea,0.0,0.6,0.2,0.0,0.0,0.0,0.6,0.0
david bowie,lady stardust,0.0,0.4,0.2,0.0,0.4,0.4,0.4,0.0
bruce springsteen,thunder road,0.0,0.4,0.4,0.0,0.8,0.2,0.4,0.0
bloc party,one month off,0.6,0.4,0.0,0.0,0.6,0.0,0.2,0.0
kate bush,cloudbusting,0.0,0.4,0.6,0.0,0.2,0.4,0.6,0.0
queens of the stone age,better living through chemistry,0.2,0.0,0.0,0.0,0.0,0.6,0.6,0.2
deftones,rx queen,0.2,0.0,0.0,0.0,0.6,0.0,0.8,0.2
m83,moonchild,0.0,0.0,0.0,0.0,0.0,0.0,0.8,0.0
queens of the stone age,someone's in the wolf,0.2,0.2,0.0,0.0,0.0,0.0,0.8,0.0
portishead,seven months,0.4,1.0,0.0,0.0,0.8,0.0,0.4,0.0
nouvelle vague,blue monday,0.4,0.6,0.0,0.0,0.6,0.0,0.4,0.0
tool,intermission,0.0,0.0,0.0,0.0,0.0,0.0,0.0,0.0
minus the bear,absinthe party at the fly honey warehouse,0.0,0.2,0.4,0.2,0.6,0.0,0.4,0.2
mogwai,moses? i amn't,0.0,0.0,0.0,0.0,0.0,0.0,0.0,0.0
beck,replica,0.2,0.6,0.0,0.0,0.0,0.4,0.6,0.0
television,see no evil,0.4,0.0,0.2,0.0,0.0,0.0,0.4,0.0
estelle,american boy (feat. kanye west),0.0,0.0,1.0,0.2,0.8,0.2,0.2,0.0
yeah yeah yeahs,soft shock,0.0,0.4,0.2,0.0,0.8,0.0,0.6,0.0
mando diao,tv & me,0.0,0.4,0.2,0.2,0.2,0.4,0.4,0.0
camera obscura,the false contender,0.2,0.8,0.0,0.0,0.8,0.0,0.4,0.0
the clash,complete control,1.0,0.0,0.0,0.2,0.0,1.0,0.2,0.0
thievery corporation,until the morning,0.0,0.0,0.2,0.0,0.8,0.0,0.4,0.0
le tigre,tko,0.4,0.0,0.2,0.2,0.0,0.4,0.4,0.0
counting crows,mr. jones,0.0,0.4,0.4,0.0,0.2,0.2,0.4,0.0
placebo,in the cold light of morning,0.2,0.8,0.0,0.0,0.2,0.0,0.4,0.4
yelle,à cause des garçons,0.0,0.0,0.6,0.8,0.4,0.4,0.2,0.0
sigur rós,agaetis byrjun,0.0,0.0,0.4,0.0,0.0,0.0,0.8,0.0
moby,everloving,0.0,0.0,0.0,0.0,0.0,0.0,0.0,0.0
iamx,nightlife,0.2,0.2,0.0,0.0,0.4,0.0,0.6,0.2
the decemberists,clementine,0.0,1.0,0.0,0.0,0.6,0.0,0.4,0.0
santogold,my superman,0.2,0.4,0.0,0.0,0.6,0.0,0.6,0.0
the prodigy,out of space,0.0,0.0,0.0,0.0,0.0,0.0,0.6,0.0
porcupine tree,arriving somewhere but not here,0.2,0.6,0.0,0.0,0.0,0.0,0.6,0.0
queens of the stone age,into the hollow,0.0,0.6,0.0,0.0,0.2,0.0,0.6,0.0
the offspring,want you bad,0.2,0.0,0.4,0.4,0.8,0.0,0.2,0.4
rammstein,mutter,0.6,1.0,0.0,0.0,0.2,0.0,0.6,0.2
jens lekman,a postcard to nina,0.0,0.4,0.4,0.8,0.4,0.6,0.0,0.0
kylie minogue,i believe in you,0.0,0.2,0.6,0.0,1.0,0.0,0.2,0.0
pink floyd,coming back to life,0.2,0.4,0.4,0.0,0.6,0.0,0.6,0.0
kylie minogue,like a drug,0.0,0.0,0.4,0.0,1.0,0.0,0.4,0.2
black rebel motorcycle club,american x,0.4,0.4,0.0,0.0,0.0,0.8,0.6,0.0
m83,couleurs,0.0,0.0,0.0,0.0,0.0,0.0,1.0,0.0
bright eyes,bowl of oranges,0.0,0.4,0.6,0.0,0.2,0.0,0.4,0.0
bob marley & the wailers,is this love,0.0,0.0,0.8,0.0,1.0,0.0,0.2,0.0
the beatles,you won't see me,0.2,0.8,0.0,0.0,0.8,0.0,0.2,0.0
burial,shell of light,0.0,0.8,0.0,0.0,0.6,0.0,0.8,0.0
the who,magic bus,0.0,0.0,0.8,0.4,0.2,0.0,0.2,0.0
vitalic,my friend dario,0.0,0.0,0.2,0.4,0.0,0.0,0.0,0.0
65daysofstatic,drove through ghosts to get here,0.0,0.0,0.0,0.0,0.0,0.0,1.0,0.0
explosions in the sky,the birth and death of the day,0.0,0.0,0.0,0.0,0.0,0.0,0.0,0.0
a tribe called quest,can i kick it?,0.0,0.0,0.8,0.4,0.0,0.2,0.2,0.0
björk,cocoon,0.0,0.0,0.8,0.0,1.0,0.0,0.6,0.8
dead kennedys,california über alles,1.0,0.0,0.0,0.6,0.0,1.0,0.4,0.2
massive attack,five man army,0.2,0.0,0.2,0.2,0.0,0.2,0.4,0.2
jimi hendrix,red house,0.2,0.8,0.0,0.2,0.8,0.0,0.2,0.0
wilco,shake it off,0.2,0.0,1.0,0.4,0.2,0.0,0.2,0.0
katatonia,saw you drown,0.0,1.0,0.0,0.0,0.4,0.0,0.4,0.0
the wombats,moving to new york,0.4,0.4,0.2,0.4,0.6,0.0,0.2,0.0
sufjan stevens,in the devil's territory,0.0,0.4,0.0,0.0,0.0,0.0,0.6,0.0
of montreal,the party's crashing us,0.2,0.2,0.8,0.4,1.0,0.0,0.4,0.0
rilo kiley,more adventurous,0.0,0.4,0.2,0.0,0.6,0.0,0.4,0.0
santogold,creator,0.4,0.0,0.2,0.2,0.0,0.0,0.4,0.0
pendulum,showdown,0.8,0.0,0.0,0.0,0.0,0.0,0.2,0.0
bon jovi,it's my life,0.2,0.0,0.6,0.0,0.0,0.0,0.2,0.0
ok go,a million ways,0.4,0.0,0.0,0.4,0.4,0.0,0.2,0.0
tool,viginti tres,0.0,0.0,0.0,0.0,0.0,0.0,1.0,0.0
of montreal,the past is a grotesque animal,0.6,0.8,0.0,0.0,0.8,0.0,0.8,0.4
the decemberists,the legionnaire's lament,0.0,0.6,0.0,0.2,0.4,0.4,0.2,0.0
bonnie 'prince' billy,i see a darkness,0.0,1.0,0.0,0.0,0.4,0.0,0.4,0.0
!!!,a new name,0.2,0.2,0.4,0.2,0.4,0.0,0.4,0.0
tricky,overcome,0.0,0.6,0.0,0.0,0.6,0.0,0.8,0.0
linkin park,runaway,0.6,0.4,0.0,0.0,0.0,0.0,0.4,0.0
tenacious d,kickapoo,0.4,0.2,0.2,1.0,0.0,0.4,0.2,0.6
tenacious d,kielbasa,0.0,0.0,0.4,1.0,0.2,0.0,0.4,1.0
the subways,i want to hear what you have got to say,0.2,0.4,0.0,0.0,0.6,0.0,0.2,0.0
the pipettes,it hurts to see you dance so well,0.2,0.8,0.0,0.0,0.8,0.0,0.2,0.0
the last shadow puppets,standing next to me,0.0,0.2,0.2,0.0,1.0,0.0,0.2,0.0
roxette,it must have been love,0.0,1.0,0.0,0.0,1.0,0.0,0.2,0.0
glen hansard & markéta irglová,falling slowly,0.0,0.6,0.2,0.0,0.8,0.0,0.4,0.0
the avalanches,frontier psychiatrist,0.0,0.0,0.2,1.0,0.0,0.0,0.8,0.0
stars,calendar girl,0.0,0.6,0.4,0.0,0.8,0.0,0.6,0.0
sigur rós,hoppipolla afturabak,0.0,0.0,0.2,0.0,0.0,0.0,1.0,0.0
broken social scene,superconnected,0.2,0.0,0.2,0.0,0.2,0.4,0.6,0.0
the automatic,raoul,0.2,0.0,0.4,0.4,0.0,0.0,0.2,0.0
mew,why are you looking grave?,0.0,0.6,0.0,0.0,0.2,0.0,0.8,0.0
opeth,hope leaves,0.0,1.0,0.0,0.0,0.4,0.0,0.4,0.0
kings of convenience,know how,0.0,0.4,0.2,0.0,0.6,0.0,0.2,0.0
frida sandén,nu eller aldrig,0.0,0.0,0.8,0.0,0.6,0.0,0.2,0.0
belle and sebastian,wrapped up in books,0.0,0.2,0.6,0.2,0.6,0.0,0.2,0.0
garbage,run baby run,0.2,0.6,0.0,0.0,0.2,0.0,0.4,0.0
black rebel motorcycle club,window,0.2,0.6,0.0,0.0,0.4,0.0,0.6,0.0
the academy is...,the phrase that pays,0.4,0.2,0.0,0.2,0.0,0.2,0.4,0.0
the prodigy,thunder,0.2,0.0,0.0,0.0,0.0,0.0,0.2,0.0
daft punk,fresh,0.0,0.0,0.0,0.0,0.0,0.0,0.0,0.0
cat power,empty shell,0.0,0.8,0.0,0.0,0.4,0.0,0.4,0.0
placebo,i'll be yours,0.0,0.6,0.2,0.0,1.0,0.0,0.4,0.0
aphex twin,xtal,0.0,0.0,0.0,0.0,0.0,0.0,1.0,0.0
lenny kravitz,are you gonna go my way,0.0,0.0,0.4,0.0,0.2,0.6,0.4,0.0
dredg,catch without arms,0.2,0.2,0.0,0.0,0.0,0.2,0.6,0.0
the rakes,binary love,0.0,0.2,0.0,0.2,0.8,0.4,0.4,0.0
nine inch nails,the great destroyer,0.8,0.2,0.0,0.0,0.0,0.6,0.6,0.4
talking heads,heaven,0.0,0.4,0.0,0.2,0.2,0.2,0.6,0.0
spoon,rhthm and soul,0.2,0.4,0.2,0.0,0.6,0.0,0.4,0.0
green day,jesus of suburbia,0.8,0.4,0.0,0.2,0.0,0.8,0.4,0.6
fall out boy,i'm like a lawyer with the way i'm always trying to get you off (me & you),0.2,0.2,0.4,0.2,0.8,0.0,0.4,0.0
queens of the stone age,turnin' on the screw,0.4,0.0,0.0,0.4,0.0,0.4,0.4,0.2
sufjan stevens,the upper peninsula,0.0,0.6,0.2,0.0,0.2,0.4,0.2,0.0
u2,bad,0.0,0.8,0.0,0.0,0.2,0.2,0.6,0.0
katatonia,july,0.2,1.0,0.0,0.0,0.2,0.0,0.6,0.0
in flames,gyroscope,0.4,0.2,0.0,0.0,0.0,0.2,0.8,0.0
the raconteurs,blue veins,0.2,0.6,0.0,0.0,0.8,0.0,0.4,0.0
killswitch engage,my curse,0.4,0.8,0.0,0.0,0.8,0.0,0.4,0.0
pj harvey,broken harp,0.0,1.0,0.0,0.0,0.6,0.0,0.6,0.0
metallica,motorbreath,0.4,0.0,0.2,0.0,0.0,0.0,0.2,0.0
metallica,the call of ktulu,0.0,0.0,0.0,0.0,0.0,0.0,0.0,0.0
him,sweet pandemonium,0.2,0.6,0.0,0.0,1.0,0.0,0.6,0.0
type o negative,love you to death,0.0,0.4,0.0,0.0,1.0,0.0,0.4,0.4
matchbox twenty,disease,0.4,0.6,0.0,0.0,1.0,0.0,0.4,0.0
hercules and love affair,you belong,0.0,0.2,0.4,0.0,1.0,0.0,0.2,0.0
goldfrapp,slide in,0.0,0.0,0.2,0.2,0.6,0.0,0.4,0.8
queens of the stone age,hangin' tree,0.4,0.6,0.0,0.0,0.4,0.0,0.6,0.0
björk,like someone in love,0.0,0.0,0.6,0.0,1.0,0.0,0.4,0.0
patrick wolf,wolf song,0.0,0.2,0.4,0.0,0.8,0.0,0.6,0.0
david bowie,cracked actor,0.6,0.2,0.0,0.2,0.0,0.6,0.4,0.8
the jesus and mary chain,never understand,0.4,0.2,0.0,0.0,0.4,0.0,0.2,0.0
cat power,willie,0.0,0.6,0.0,0.0,0.4,0.0,0.4,0.0
guns n' roses,ain't it fun,0.4,0.8,0.0,0.2,0.0,0.0,0.2,0.4
idlewild,you held the world in your arms,0.0,0.4,0.4,0.0,0.4,0.0,0.4,0.0
rammstein,wo bist du,0.2,0.8,0.0,0.0,0.8,0.0,0.2,0.0
the beatles,when i'm sixty-four,0.0,0.0,0.8,0.6,1.0,0.0,0.0,0.0
david bowie,soul love,0.0,0.2,0.2,0.0,1.0,0.4,0.4,0.0
scissor sisters,i don't feel like dancing,0.2,0.4,0.2,0.4,0.4,0.0,0.2,0.0
nick drake,time has told me,0.0,0.4,0.2,0.0,0.8,0.0,0.4,0.0
iron & wine,jezebel,0.0,0.6,0.0,0.0,0.8,0.0,0.4,0.0
the prodigy,colours,0.4,0.0,0.2,0.0,0.0,0.0,0.6,0.0
nine inch nails,please,0.6,0.8,0.0,0.0,0.4,0.0,0.6,0.0
apparat,hailin from the edge,0.2,0.6,0.0,0.0,0.2,0.0,0.6,0.0
iron & wine,the devil never sleeps,0.2,0.0,0.0,0.2,0.0,0.4,0.8,0.2
led zeppelin,dancing days,0.0,0.0,0.8,0.0,0.6,0.0,0.4,0.0
faithless,god is a dj,0.0,0.0,0.8,0.0,0.2,0.6,0.6,0.0
atb,ecstasy,0.0,0.0,0.8,0.0,1.0,0.0,0.4,0.0
editors,open your arms,0.0,0.6,0.2,0.0,0.8,0.0,0.4,0.0
maroon 5,can't stop,0.0,0.0,0.4,0.0,0.8,0.0,0.2,0.2
the libertines,the ha ha wall,0.4,0.4,0.2,0.2,0.0,0.0,0.4,0.0
nine inch nails,sanctified,0.2,0.4,0.0,0.0,0.6,0.0,0.4,0.2
my chemical romance,to the end,0.4,0.6,0.0,0.2,0.6,0.0,0.6,0.0
nine inch nails,ruiner,0.8,0.2,0.0,0.0,0.0,0.0,0.6,0.2
queens of the stone age,leg of lamb,0.4,0.2,0.0,0.2,0.4,0.0,0.6,0.0
david bowie,rock 'n' roll suicide,0.0,0.8,0.2,0.0,0.2,0.2,0.4,0.0
she wants revenge,these things,0.4,0.2,0.0,0.0,0.6,0.0,0.4,0.2
the stone roses,don't stop,0.0,0.0,0.2,0.0,0.0,0.0,0.8,0.0
babyshambles,la belle et la bête,0.0,0.2,0.4,0.4,0.8,0.0,0.6,0.2
mariah carey,all i want for christmas is you,0.0,0.0,1.0,0.0,1.0,0.0,0.2,0.0
babyshambles,the 32nd of december,0.2,0.8,0.0,0.2,0.4,0.0,0.4,0.0
porcupine tree,lightbulb sun,0.0,0.4,0.0,0.0,0.0,0.0,0.4,0.0
soda stereo,en la ciudad de la furia,0.2,0.6,0.0,0.0,0.4,0.2,0.6,0.2
sonic youth,turquoise boy,0.0,0.2,0.2,0.0,0.6,0.0,0.6,0.0
sigur rós,hafsól,0.0,0.0,0.0,0.0,0.0,0.0,1.0,0.0
linkin park,a place for my head,1.0,0.2,0.0,0.0,0.0,0.0,0.4,0.0
the decemberists,grace cathedral hill,0.0,0.4,0.2,0.0,0.2,0.0,0.4,0.0
spoon,finer feelings,0.2,0.0,0.2,0.0,0.4,0.0,0.4,0.0
serj tankian,sky is over,0.6,0.6,0.0,0.0,0.0,1.0,0.6,0.0
sébastien tellier,la ritournelle,0.0,0.0,0.6,0.0,1.0,0.0,0.2,0.0
fall out boy,i slept with someone in fall out boy and all i got was this stupid song written about me,0.6,0.4,0.0,0.4,0.4,0.0,0.4,0.2
yeah yeah yeahs,runaway,0.2,1.0,0.0,0.0,0.8,0.0,0.4,0.0
múm,k/half noise,0.0,0.0,0.0,0.0,0.0,0.0,1.0,0.0
elvis presley,hound dog,0.4,0.0,0.0,0.4,0.0,0.0,0.2,0.0
the radio dept.,pulling our weight,0.0,0.6,0.0,0.0,0.4,0.0,0.4,0.0
mylo,rikki,0.0,0.0,0.0,0.0,0.0,0.0,0.0,0.0
jem,save me,0.0,0.8,0.0,0.0,0.2,0.0,0.2,0.0
broken social scene,almost crimes,0.4,0.0,0.2,0.0,0.2,0.2,0.6,0.0
queen,now i'm here,0.0,0.0,0.6,0.0,0.4,0.2,0.4,0.0
blur,tender,0.0,0.6,0.4,0.0,1.0,0.0,0.2,0.0
gorillaz,punk,0.6,0.0,0.0,0.2,0.0,0.2,0.4,0.0
the beatles,wild honey pie,0.0,0.0,0.8,0.6,0.8,0.0,0.4,0.0
hot chip,no fit state,0.2,0.6,0.0,0.0,0.4,0.0,0.4,0.0
múm,hú hviss - a ship,0.0,0.2,0.2,0.0,0.0,0.0,0.8,0.0
ratatat,el pico,0.0,0.0,0.0,0.0,0.0,0.0,0.0,0.0
ratatat,montanita,0.0,0.0,0.0,0.0,0.0,0.0,0.0,0.0
nirvana,serve the servants,0.6,0.4,0.0,0.2,0.0,0.4,0.4,0.0
the faint,agenda suicide,0.4,0.6,0.0,0.0,0.0,0.8,0.4,0.2
kanye west,everything i am,0.2,0.2,0.0,0.2,0.0,0.4,0.2,0.4
nirvana,school,0.8,0.0,0.0,0.0,0.0,0.2,0.0,0.0
nirvana,very ape,0.6,0.0,0.0,0.4,0.0,0.4,0.4,0.0
pixies,is she weird,0.0,0.0,0.0,0.0,0.2,0.0,0.8,0.0
the verve,the rolling people,0.4,0.0,0.4,0.0,0.0,0.2,0.6,0.0
sufjan stevens,the henney buggy band,0.0,0.2,0.4,0.2,0.0,0.2,0.4,0.0
depeche mode,waiting for the night,0.0,0.4,0.2,0.0,0.2,0.0,0.4,0.0
guns n' roses,think about you,0.0,0.0,0.6,0.0,1.0,0.0,0.2,0.2
mötley crüe,shout at the devil,0.6,0.2,0.0,0.0,0.0,0.0,0.4,0.0
joy division,the eternal,0.0,1.0,0.0,0.0,0.0,0.0,0.6,0.0
modest mouse,dramamine,0.4,0.8,0.0,0.0,0.4,0.0,0.6,0.0
placebo,plasticine,0.4,0.4,0.0,0.0,0.0,0.6,0.4,0.0
placebo,scared of girls,0.2,0.6,0.0,0.0,0.4,0.2,0.4,0.2
soda stereo,cuando pase el temblor,0.0,0.6,0.2,0.0,0.4,0.0,0.6,0.0
metallica,bleeding me,0.4,0.8,0.0,0.0,0.0,0.0,0.6,0.0
bernard herrmann,twisted nerve,0.0,0.0,0.0,0.0,0.0,0.0,0.0,0.0
battles,bad trails,0.0,0.0,0.0,0.0,0.0,0.0,0.8,0.0
friendly fires,paris,0.0,0.0,0.8,0.0,0.8,0.0,0.2,0.0
within temptation,forsaken,0.2,0.8,0.0,0.0,0.0,0.6,0.4,0.0
blur,no distance left to run,0.0,1.0,0.0,0.0,0.8,0.0,0.2,0.0
system of a down,science,0.6,0.0,0.0,0.0,0.0,0.8,0.4,0.0
the futureheads,skip to the end,0.2,0.2,0.2,0.2,0.8,0.0,0.2,0.0
burial,untrue,0.0,0.8,0.0,0.0,0.4,0.0,0.6,0.0
nick cave & the bad seeds,into my arms,0.0,0.6,0.2,0.0,1.0,0.0,0.4,0.0
the jesus and mary chain,cut dead,0.4,0.8,0.0,0.0,0.6,0.0,0.4,0.0
belle and sebastian,is it wicked not to care?,0.0,0.8,0.0,0.0,0.4,0.0,0.4,0.0
yellowcard,only one,0.2,0.8,0.0,0.0,1.0,0.0,0.2,0.0
primal scream,movin' on up,0.0,0.0,1.0,0.0,0.2,0.0,0.4,0.0
nine inch nails,happiness in slavery,1.0,0.0,0.0,0.0,0.0,0.6,0.6,0.6
the gathering,marooned,0.0,0.8,0.0,0.0,0.2,0.0,0.6,0.0
elliott smith,st. ides heaven,0.2,1.0,0.0,0.0,0.2,0.0,0.4,0.2
the decemberists,odalisque,0.4,1.0,0.0,0.0,0.0,0.4,0.6,0.4
elliott smith,the biggest lie,0.2,1.0,0.0,0.0,0.2,0.0,0.2,0.0
super furry animals,hello sunshine,0.0,0.4,0.8,0.0,0.4,0.0,0.4,0.0
cut copy,time stands still,0.0,0.2,0.8,0.0,0.8,0.0,0.4,0.0
grandaddy,hewlett's daughter,0.0,0.4,0.4,0.2,0.6,0.0,0.4,0.0
talk talk,it's my life,0.2,0.2,0.0,0.0,0.6,0.0,0.4,0.0
klaxons,four horsemen of 2012,0.0,0.0,0.0,0.0,0.0,0.2,0.8,0.0
the whitest boy alive,inflation,0.2,0.0,0.0,0.0,0.4,0.0,0.2,0.0
the flaming lips,all we have is now,0.0,0.6,0.2,0.0,0.2,0.0,0.6,0.0
the flaming lips,it's summertime,0.0,0.6,0.4,0.0,0.2,0.0,0.4,0.0
the mars volta,this apparatus must be unearthed,0.6,0.2,0.0,0.0,0.0,0.2,1.0,0.0
radiohead,a wolf at the door,0.6,0.4,0.0,0.0,0.0,0.6,0.6,0.2
sleater-kinney,entertain,0.8,0.0,0.0,0.2,0.0,0.6,0.2,0.0
björk,wanderlust,0.0,0.0,0.6,0.0,0.0,0.0,0.8,0.0
wilco,at least that's what you said,0.4,0.6,0.0,0.0,0.6,0.0,0.4,0.0
deep purple,soldier of fortune,0.0,1.0,0.0,0.0,0.4,0.0,0.4,0.0
porcupine tree,halo,0.4,0.0,0.0,0.2,0.0,0.8,0.4,0.0
the beatles,the continuing story of bungalow bill,0.4,0.0,0.4,0.8,0.0,0.6,0.2,0.0
cat power,i found a reason,0.0,0.2,0.8,0.0,1.0,0.0,0.0,0.0
fall out boy,golden,0.0,0.8,0.0,0.0,0.0,0.0,0.4,0.0
the cure,all cats are grey,0.0,1.0,0.0,0.0,0.0,0.0,0.8,0.0
fedde le grand,put your hands up for detroit,0.0,0.0,1.0,0.0,0.4,0.0,0.0,0.0
deerhunter,calvary scars,0.0,0.4,0.0,0.0,0.0,0.0,0.8,0.0
blondie,the tide is high,0.2,0.0,0.8,0.0,1.0,0.0,0.2,0.0
nine inch nails,big man with a gun,1.0,0.0,0.0,0.2,0.0,0.4,0.4,1.0
the prodigy,mindfields,0.0,0.0,0.0,0.0,0.0,0.0,0.4,0.0
final fantasy,the cn tower belongs to the dead,0.0,0.6,0.0,0.2,0.2,0.2,0.8,0.0
oasis,slide away,0.0,0.6,0.2,0.0,1.0,0.0,0.4,0.0
mando diao,long before rock 'n' roll,0.2,0.2,0.4,0.0,0.4,0.0,0.4,0.0
tiga,you gonna want me,0.0,0.0,0.0,0.0,0.6,0.0,0.2,0.0
mando diao,down in the past,0.6,0.4,0.0,0.0,0.2,0.0,0.2,0.0
ladyhawke,magic,0.0,0.0,0.6,0.0,0.8,0.0,0.4,0.0
gorillaz,rock the house,0.0,0.0,0.6,0.4,0.0,0.0,0.4,0.0
the jesus and mary chain,head on,0.0,0.0,1.0,0.0,1.0,0.0,0.4,0.0
lady gaga,boys boys boys,0.0,0.0,0.8,0.4,0.6,0.0,0.2,0.2
porcupine tree,the rest will flow,0.0,0.4,0.2,0.0,0.0,0.0,0.6,0.0
metallica,leper messiah,0.8,0.0,0.0,0.0,0.0,0.8,0.4,0.0
backyard babies,minus celsius,0.4,0.0,0.2,0.0,0.2,0.0,0.4,0.0
foo fighters,walking after you,0.0,0.8,0.0,0.0,1.0,0.0,0.2,0.0
bat for lashes,seal jubilee,0.0,1.0,0.0,0.0,0.4,0.0,0.8,0.0
brian eno,2/2,0.0,0.0,0.0,0.0,0.0,0.0,0.0,0.0
pj harvey,the whores hustle and the hustlers whore,0.6,0.2,0.0,0.0,0.0,0.6,0.6,0.6
duran duran,girls on film,0.0,0.0,0.2,0.2,0.0,0.4,0.4,0.4
tegan and sara,fix you up,0.0,0.6,0.2,0.0,1.0,0.0,0.2,0.0
olspur,it's time to rock,0.0,0.0,0.6,0.0,0.0,0.0,0.2,0.0
björk,i've seen it all,0.0,0.8,0.0,0.2,0.2,0.2,0.4,0.0
vnv nation,standing,0.2,0.4,0.4,0.0,0.0,0.0,0.4,0.0
tonic,if you could only see,0.4,0.2,0.2,0.0,1.0,0.0,0.2,0.0
clint mansell,xibalba,0.0,0.0,0.0,0.0,0.0,0.0,0.0,0.0
radiohead,nice dream,0.0,0.6,0.2,0.0,0.4,0.0,0.6,0.0
oasis,go let it out,0.0,0.0,0.4,0.0,0.0,0.0,0.6,0.0
rage against the machine,born of a broken man,0.6,0.6,0.0,0.0,0.0,0.4,0.4,0.0
death cab for cutie,pity and fear,0.2,0.6,0.0,0.0,0.2,0.0,0.6,0.0
ladyhawke,my delirium,0.0,0.6,0.0,0.0,0.4,0.0,0.4,0.0
children of bodom,sixpounder,1.0,0.0,0.0,0.0,0.0,0.0,0.6,0.6
m. ward,transfiguration #1,0.0,0.0,0.0,0.0,0.0,0.0,0.0,0.0
iron & wine,southern anthem,0.0,0.6,0.0,0.0,0.2,0.2,0.6,0.0
los campesinos!,you! me! dancing!,0.0,0.0,1.0,0.4,0.4,0.0,0.2,0.0
editors,bones,0.0,0.4,0.2,0.0,0.6,0.0,0.4,0.0
deep purple,child in time,0.4,0.8,0.0,0.0,0.0,0.8,0.6,0.0
keane,put it behind you,0.0,0.4,0.2,0.0,0.0,0.0,0.4,0.0
weezer,why bother?,0.2,0.8,0.0,0.0,0.8,0.0,0.2,0.0
silversun pickups,kissing families,0.2,0.4,0.0,0.0,0.4,0.0,0.6,0.0
johnny cash,i still miss someone,0.0,1.0,0.0,0.0,0.8,0.0,0.2,0.0
johnny cash,give my love to rose,0.0,1.0,0.0,0.0,0.8,0.2,0.0,0.0
timbaland,the way i are,0.0,0.0,0.8,0.2,0.6,0.2,0.2,0.4
phoenix,consolation prizes,0.2,0.4,0.2,0.0,0.8,0.0,0.4,0.0
regina spektor,summer in the city,0.0,1.0,0.0,0.2,0.8,0.0,0.4,0.0
the 69 eyes,brandon lee,0.0,0.8,0.0,0.0,0.8,0.0,0.6,0.0
lady gaga,the fame,0.0,0.0,0.8,0.2,0.0,0.4,0.2,0.0
sex pistols,liar,1.0,0.0,0.0,0.2,0.0,0.2,0.0,0.4
talking heads,road to nowhere,0.0,0.2,0.6,0.4,0.0,0.2,0.4,0.0
ambulance ltd,heavy lifting,0.2,0.4,0.0,0.0,0.4,0.0,0.4,0.0
iron & wine,wolves (song of the shepherd's dog),0.2,0.4,0.0,0.0,0.0,0.4,0.8,0.0
tegan and sara,i won't be left,0.4,0.6,0.0,0.0,0.8,0.0,0.2,0.0
the clash,straight to hell,0.4,1.0,0.0,0.0,0.0,1.0,0.4,0.0
the decemberists,of angels and angles,0.0,0.2,0.4,0.0,1.0,0.0,0.6,0.0
guns n' roses,better,0.6,0.4,0.0,0.0,0.8,0.0,0.2,0.2
the decemberists,red right ankle,0.0,0.4,0.2,0.0,0.8,0.0,0.6,0.0
andrew bird,fiery crash,0.0,0.2,0.0,0.2,0.0,0.0,0.4,0.0
the bravery,swollen summer,0.4,0.4,0.0,0.0,0.6,0.0,0.6,0.0
the smiths,i don't owe you anything,0.4,0.6,0.0,0.2,0.6,0.0,0.2,0.0
depeche mode,in sympathy,0.4,0.4,0.0,0.0,0.4,0.0,0.4,0.0
josé gonzález,teardrop,0.0,0.6,0.0,0.0,0.8,0.0,0.8,0.0
nina simone,my baby just cares for me,0.0,0.0,0.8,0.2,1.0,0.0,0.0,0.0
yann tiersen,la valse d'amélie (version piano),0.0,0.0,0.0,0.0,0.0,0.0,0.0,0.0
placebo,passive aggressive,0.4,0.4,0.0,0.0,0.4,0.0,0.4,0.0
tool,bottom,0.8,0.4,0.0,0.0,0.0,0.0,0.6,0.6
digitalism,magnets,0.0,0.0,0.0,0.0,0.0,0.0,0.0,0.0
rilo kiley,i never,0.0,0.8,0.0,0.0,0.8,0.0,0.2,0.0
black rebel motorcycle club,rise or fall,0.4,0.4,0.0,0.0,0.2,0.0,0.6,0.0
everything but the girl,missing,0.0,1.0,0.0,0.0,0.8,0.0,0.4,0.0
bruce springsteen,streets of philadelphia,0.0,1.0,0.0,0.0,0.0,0.4,0.4,0.0
elliott smith,a passing feeling,0.2,1.0,0.0,0.0,0.4,0.0,0.4,0.0
bob dylan,hurricane,1.0,0.4,0.0,0.0,0.0,1.0,0.2,0.0
jack johnson,bubble toes,0.0,0.0,0.8,0.4,0.8,0.0,0.4,0.0
mew,she came home for christmas,0.0,0.8,0.0,0.0,0.2,0.0,0.8,0.0
sonic youth,schizophrenia,0.0,0.4,0.0,0.0,0.0,0.0,0.8,0.0
korn,got the life,0.6,0.2,0.0,0.0,0.0,0.4,0.4,0.0
mazzy star,five string serenade,0.0,0.6,0.0,0.0,0.8,0.0,0.6,0.0
pulp,i spy,0.6,0.2,0.0,0.4,0.0,0.6,0.4,0.2
maxïmo park,girls who play guitars,0.0,0.0,0.4,0.4,0.4,0.2,0.2,0.0
imogen heap,the moment i said it,0.4,1.0,0.0,0.0,0.6,0.0,0.6,0.0
patrick wolf,the kiss,0.0,0.4,0.4,0.0,1.0,0.0,0.6,0.0
sufjan stevens,holland,0.0,0.6,0.2,0.0,0.2,0.0,0.4,0.0
röyksopp,sombre detune,0.0,0.0,0.0,0.0,0.0,0.0,0.0,0.0
audioslave,getaway car,0.0,0.6,0.0,0.0,0.6,0.0,0.4,0.0
grizzly bear,easier,0.0,0.6,0.2,0.0,0.4,0.0,0.6,0.0
beck,dark star,0.0,0.4,0.0,0.0,0.2,0.0,0.6,0.0
finntroll,trollhammaren,0.4,0.0,0.6,0.6,0.0,0.0,0.2,0.0
david bowie,drive-in saturday,0.0,0.2,0.2,0.4,0.8,0.4,0.6,0.2
regina spektor,love affair,0.0,0.6,0.2,0.2,1.0,0.0,0.4,0.0
katatonia,rusted,0.4,1.0,0.0,0.0,0.4,0.0,0.6,0.0
bonobo,ketto,0.0,0.0,0.0,0.0,0.0,0.0,0.0,0.0
matchbox twenty,downfall,0.2,0.8,0.0,0.0,0.6,0.0,0.4,0.0
siouxsie and the banshees,happy house,0.2,0.2,0.4,0.0,0.0,0.6,0.4,0.0
daft punk,too long / steam machine,0.0,0.0,0.6,0.0,0.2,0.0,0.2,0.0
spoon,my little japanese cigarette case,0.0,0.4,0.2,0.0,0.4,0.0,0.4,0.0
system of a down,i-e-a-i-a-i-o,0.4,0.0,0.0,0.6,0.0,0.6,0.8,0.0
nine inch nails,pinion,0.0,0.0,0.0,0.0,0.0,0.0,0.0,0.0
eddie vedder,rise,0.0,0.2,0.4,0.0,0.0,0.0,0.4,0.0
tori amos,sweet the sting,0.0,0.0,0.2,0.0,0.6,0.0,0.6,0.2
van halen,eruption,0.0,0.0,0.0,0.0,0.0,0.0,0.0,0.0
the kooks,if only,0.0,0.8,0.0,0.0,1.0,0.0,0.2,0.0
calvin harris,acceptable in the 80's,0.0,0.0,0.8,0.4,0.2,0.2,0.0,0.0
mew,fox cub,0.0,0.2,0.0,0.0,0.0,0.0,0.8,0.0
andrew bird,sovay,0.4,0.0,0.2,0.2,0.8,0.0,0.2,0.0
the cure,high,0.0,0.0,1.0,0.0,1.0,0.0,0.4,0.0
of montreal,i was never young,0.0,0.4,0.4,0.4,0.2,0.0,0.6,0.0
the fray,dead wrong,0.4,0.8,0.0,0.0,0.6,0.0,0.2,0.0
beck,earthquake weather,0.2,0.2,0.2,0.4,0.0,0.2,0.8,0.0
opeth,the drapery falls,0.2,0.8,0.0,0.0,0.2,0.0,0.6,0.0
tv on the radio,let the devil in,0.6,0.0,0.0,0.0,0.0,0.4,0.6,0.0
kanye west,welcome to heartbreak (feat. kid cudi),0.2,1.0,0.0,0.0,0.0,0.2,0.2,0.0
of montreal,bunny ain't no kind of rider,0.4,0.0,0.2,0.6,0.2,0.0,0.4,0.4
elbow,the bones of you,0.0,0.8,0.2,0.0,0.8,0.0,0.4,0.0
killswitch engage,rose of sharyn,0.0,0.4,0.2,0.0,1.0,0.0,0.4,0.0
manic street preachers,a design for life,0.4,0.4,0.0,0.0,0.0,1.0,0.4,0.0
the strokes,killing lies,0.4,0.4,0.0,0.0,0.6,0.0,0.4,0.0
blonde redhead,heroine,0.0,0.4,0.0,0.0,0.6,0.0,0.6,0.0
beirut,prenzlauerberg,0.0,0.4,0.2,0.0,0.4,0.0,0.4,0.0
the kinks,till the end of the day,0.0,0.0,1.0,0.0,0.2,0.0,0.0,0.0
hadouken!,that boy that girl,0.6,0.0,0.0,0.2,0.0,0.6,0.2,0.2
!!!,sweet life,0.0,0.0,0.6,0.2,0.2,0.0,0.4,0.2
the clash,career opportunities,1.0,0.0,0.0,0.2,0.0,1.0,0.2,0.0
rilo kiley,the execution of all things,0.4,0.6,0.0,0.0,0.2,0.6,0.6,0.0
muse,can't take my eyes off you,0.0,0.0,0.8,0.0,1.0,0.0,0.2,0.0
red hot chili peppers,universally speaking,0.0,0.2,0.6,0.0,0.8,0.0,0.4,0.0
deathstars,cyanide,0.6,0.0,0.0,0.0,0.8,0.0,0.6,0.4
flogging molly,drunken lullabies,0.6,0.4,0.0,0.0,0.0,0.8,0.4,0.0
ozzy osbourne,mr. crowley,0.4,0.0,0.0,0.0,0.0,0.4,0.4,0.0
megadeth,peace sells,0.6,0.0,0.0,0.2,0.0,1.0,0.2,0.0
the new pornographers,letter from an occupant,0.0,0.2,0.4,0.4,0.2,0.0,0.8,0.0
augustana,stars and boulevards,0.2,0.8,0.0,0.0,0.6,0.0,0.4,0.0
nightwish,for the heart i once had,0.0,1.0,0.0,0.0,0.0,0.0,0.6,0.0
pearl jam,animal,0.8,0.2,0.0,0.0,0.0,0.4,0.6,0.0
joy division,glass,0.4,0.6,0.0,0.0,0.0,0.0,0.6,0.0
feeder,just a day,0.4,0.2,0.6,0.0,0.0,0.0,0.2,0.0
audioslave,out of exile,0.2,0.2,0.4,0.0,0.4,0.0,0.4,0.0
depeche mode,martyr,0.0,0.4,0.0,0.0,0.8,0.0,0.4,0.0
led zeppelin,bron-yr-aur stomp,0.0,0.0,1.0,0.2,0.6,0.0,0.2,0.0
black flag,rise above,1.0,0.0,0.0,0.0,0.0,1.0,0.2,0.0
travis,my eyes,0.0,0.0,0.8,0.0,0.6,0.0,0.2,0.0
dj shadow,best foot forward,0.0,0.0,0.0,0.0,0.0,0.0,0.2,0.0
garbage,sex is not the enemy,0.6,0.0,0.0,0.0,0.0,1.0,0.2,0.2
jamie t,salvador,0.2,0.2,0.4,0.4,0.2,0.0,0.2,0.2
cat power,the moon,0.0,0.6,0.0,0.0,0.4,0.0,0.6,0.0
idlewild,love steals us from loneliness,0.0,0.6,0.2,0.0,0.8,0.0,0.4,0.0
girl talk,hands in the air,0.2,0.0,1.0,0.2,0.2,0.0,0.0,0.8
girl talk,summer smoke,0.0,0.0,0.6,0.4,0.2,0.0,0.2,0.6
uffie,dismissed,0.4,0.0,0.0,0.2,0.2,0.0,0.2,0.4
aphex twin,ageispolis,0.0,0.0,0.0,0.0,0.0,0.0,0.0,0.0
adam green,emily,0.0,0.4,0.4,0.6,0.6,0.0,0.6,0.0
iron maiden,wrathchild,1.0,0.2,0.0,0.0,0.0,0.2,0.2,0.0
the beatles,the word,0.0,0.0,0.8,0.0,1.0,0.0,0.4,0.0
les savy fav,the sweat descends,0.4,0.0,0.2,0.2,0.0,0.0,0.6,0.0
eric prydz,call on me,0.0,0.0,0.6,0.0,0.4,0.0,0.0,0.0
the kooks,jackie big tits,,,,,,,,
zero 7,when it falls,0.0,0.4,0.0,0.0,0.2,0.0,0.6,0.0
queens of the stone age,the sky is fallin',0.4,0.6,0.0,0.0,0.0,0.2,0.8,0.0
sneaker pimps,tesko suicide,0.4,0.2,0.0,0.2,0.0,0.4,0.6,0.0
girl talk,friday night,0.2,0.0,0.8,0.4,0.2,0.0,0.2,0.6
u2,bullet the blue sky,0.8,0.2,0.0,0.0,0.0,1.0,0.6,0.0
bloc party,ares,0.8,0.0,0.0,0.0,0.0,0.8,0.4,0.0
nine inch nails,where is everybody?,0.6,0.4,0.0,0.0,0.0,0.0,0.6,0.4
kate nash,merry happy,0.2,0.4,0.4,0.4,0.6,0.0,0.2,0.0
afi,bleed black,0.4,0.8,0.0,0.0,0.2,0.0,0.6,0.2
m83,unrecorded,0.0,0.2,0.0,0.0,0.0,0.0,0.8,0.0
black rebel motorcycle club,killing the light,0.4,0.6,0.0,0.0,0.4,0.0,0.6,0.0
tokyo police club,in a cave,0.2,0.4,0.4,0.0,0.4,0.0,0.6,0.0
cocorosie,jesus loves me,0.0,0.4,0.0,0.2,0.2,0.4,0.8,0.6
led zeppelin jam,bring it on home,0.0,0.0,0.4,0.0,0.8,0.0,0.2,0.2
dido,honestly ok,0.0,0.8,0.0,0.0,0.2,0.0,0.2,0.0
joanna newsom,cosmia,0.0,1.0,0.0,0.0,0.2,0.0,1.0,0.0
fiona apple,pale september,0.0,0.8,0.0,0.0,0.8,0.0,0.6,0.0
zwan,honestly,0.0,0.0,0.8,0.0,1.0,0.0,0.2,0.0
nirvana,milk it,0.8,0.2,0.0,0.0,0.0,0.0,1.0,0.4
daft punk,television rules the nation,0.0,0.0,0.0,0.0,0.0,0.6,0.2,0.0
marilyn manson,personal jesus,0.4,0.0,0.0,0.0,0.4,0.4,0.4,0.0
queens of the stone age,in the fade,0.0,0.8,0.0,0.0,0.0,0.0,0.6,0.0
thievery corporation,heaven's gonna burn your eyes,0.2,0.4,0.0,0.0,0.0,0.6,0.4,0.0
the velvet underground,oh! sweet nuthin',0.0,0.8,0.0,0.0,0.0,0.4,0.0,0.0
thievery corporation,all that we perceive,0.0,0.2,0.0,0.0,0.0,0.2,0.6,0.0
nouvelle vague,bela lugosi's dead,0.0,0.2,0.0,0.0,0.0,0.0,0.6,0.2
radiohead,sail to the moon. (brush the cobwebs out of the sky.),0.0,0.6,0.0,0.0,0.4,0.0,0.8,0.0
radiohead,ripcord,0.4,0.4,0.0,0.0,0.0,0.0,0.4,0.0
the rakes,we danced together,0.0,0.0,0.6,0.2,0.4,0.0,0.2,0.0
the cribs,men's needs,0.4,0.2,0.0,0.2,0.6,0.4,0.2,0.0
ladytron,all the way,0.2,0.4,0.0,0.0,0.4,0.0,0.6,0.0
kings of leon,spiral staircase,0.0,0.0,0.2,0.0,0.2,0.0,0.4,0.2
bright eyes,gold mine gutted,0.2,0.8,0.0,0.0,0.4,0.0,0.6,0.0
m.i.a.,world town,0.4,0.0,0.4,0.2,0.0,0.6,0.4,0.2
laura marling,ghosts,0.0,0.4,0.0,0.0,0.6,0.0,0.4,0.0
ellen allien & apparat,turbo dreams,0.0,0.0,0.0,0.0,0.0,0.0,0.0,0.0
the beatles,sexy sadie,0.4,0.2,0.0,0.2,0.0,0.2,0.2,0.0
simian mobile disco,i got this down,0.0,0.0,0.0,0.0,0.0,0.0,0.0,0.0
yeah yeah yeahs,dragon queen,0.0,0.0,0.4,0.0,0.6,0.0,0.6,0.0
jackson and his computer band,oh boy,0.0,0.0,0.0,0.0,0.0,0.0,0.8,0.0
elliott smith,satellite,0.2,0.8,0.0,0.0,0.4,0.0,0.6,0.0
goldfrapp,tiptoe,0.0,0.0,0.2,0.0,0.6,0.0,0.8,0.4
the kooks,sway,0.4,0.4,0.0,0.0,0.8,0.0,0.2,0.0
katatonia,ghost of the sun,0.4,0.8,0.0,0.0,0.0,0.0,0.6,0.0
cat power,maybe not,0.0,0.6,0.0,0.0,0.2,0.2,0.4,0.0
beyoncé,if i were a boy,0.4,1.0,0.0,0.0,0.6,0.6,0.4,0.0
goldfrapp,deer stop,0.0,0.4,0.0,0.0,0.4,0.0,0.8,0.0
iron & wine,woman king,0.2,0.4,0.0,0.0,0.2,0.4,0.6,0.0
jamie t,sheila,0.4,0.8,0.0,0.2,0.2,0.6,0.2,0.4
the beatles,don't pass me by,0.2,0.6,0.2,0.4,0.8,0.0,0.0,0.0
death cab for cutie,we laugh indoors,0.2,0.6,0.0,0.0,0.6,0.0,0.4,0.0
fiona apple,across the universe,0.0,0.2,0.2,0.0,0.4,0.0,1.0,0.0
tool,opiate,0.8,0.0,0.0,0.2,0.0,0.8,0.4,0.8
iron maiden,these colours don't run,0.6,0.2,0.0,0.0,0.0,0.8,0.2,0.0
the jesus and mary chain,april skies,0.2,0.6,0.0,0.0,0.8,0.0,0.4,0.0
nine inch nails,the mark has been made,0.0,0.0,0.0,0.0,0.0,0.0,0.0,0.0
death cab for cutie,steadier footing,0.0,0.6,0.2,0.0,0.4,0.0,0.4,0.0
fall out boy,thriller,0.4,0.2,0.0,0.2,0.0,0.4,0.4,0.0
the cranberries,i can't be with you,0.2,1.0,0.0,0.0,0.8,0.0,0.2,0.0
nightwish,wishmaster,0.0,0.0,0.2,0.0,0.0,0.0,0.8,0.0
red hot chili peppers,strip my mind,0.0,0.8,0.0,0.0,0.8,0.0,0.4,0.0
slayer,necrophobic,0.8,0.0,0.0,0.0,0.0,0.0,0.2,1.0
nightwish,eva,0.0,1.0,0.0,0.0,0.0,0.2,0.4,0.0
prince,purple rain,0.0,0.8,0.0,0.0,0.8,0.0,0.4,0.0
the stills,still in love song,0.0,0.4,0.0,0.0,1.0,0.0,0.2,0.0
wu-tang clan,gravel pit,0.4,0.0,0.0,0.2,0.0,0.0,0.4,0.4
foo fighters,resolve,0.2,0.4,0.2,0.0,0.6,0.0,0.4,0.0
placebo,haemoglobin,0.6,0.4,0.0,0.0,0.2,0.2,0.8,0.2
amy macdonald,run,0.0,0.4,0.0,0.0,0.2,0.0,0.4,0.0
elvis presley,jailhouse rock,0.0,0.0,1.0,0.4,0.2,0.2,0.2,0.0
hot chip,tchaparian,0.0,0.0,0.0,0.0,0.0,0.0,0.0,0.0
gustavo cerati,adiós,0.0,0.6,0.0,0.0,0.8,0.0,0.4,0.0
björk,i miss you,0.0,0.2,0.8,0.2,1.0,0.0,0.4,0.0
the beatles,doctor robert,0.0,0.0,0.6,0.2,0.0,0.4,0.4,0.0
le tigre,my my metrocard,0.4,0.0,0.6,0.4,0.0,0.6,0.0,0.2
steppenwolf,born to be wild,0.0,0.0,0.8,0.0,0.0,0.0,0.2,0.0
blonde redhead,falling man,0.0,0.6,0.0,0.0,0.4,0.0,0.8,0.0
patrick wolf,apparition,0.0,0.6,0.0,0.0,0.4,0.0,0.8,0.0
beirut,in the mausoleum,0.0,0.8,0.0,0.0,0.2,0.0,0.6,0.0
afi,the great disappointment,0.4,1.0,0.0,0.0,0.2,0.2,0.6,0.0
lcd soundsystem,us v them,0.4,0.0,0.0,0.0,0.0,0.8,0.4,0.0
dashboard confessional,screaming infidelities,0.4,1.0,0.0,0.0,0.8,0.0,0.2,0.0
sufjan stevens,in this temple as in the hearts of man for whom he saved the earth,0.0,0.0,0.0,0.0,0.0,0.6,0.4,0.0
joanna newsom,sawdust & diamonds,0.0,0.8,0.2,0.0,0.8,0.0,0.8,0.0
lcd soundsystem,movement,0.6,0.0,0.0,0.2,0.0,0.6,0.4,0.0
hot chip,arrest yourself,0.4,0.2,0.0,0.0,0.4,0.0,0.4,0.0
rihanna,pon de replay,0.0,0.0,1.0,0.0,0.0,0.0,0.2,0.0
feist,l'amour ne dure pas toujours,0.0,0.6,0.0,0.0,0.8,0.0,0.2,0.0
the doors,the unknown soldier,0.6,0.4,0.2,0.0,0.0,1.0,0.4,0.0
pj harvey,beautiful feeling,0.0,0.2,0.6,0.0,1.0,0.0,0.4,0.0
moby,signs of love,0.0,0.4,0.2,0.0,1.0,0.0,0.4,0.0
t. rex,20th century boy,0.0,0.0,0.6,0.2,0.8,0.0,0.4,0.0
placebo,broken promise (feat. michael stipe),0.4,0.8,0.0,0.0,0.6,0.0,0.4,0.0
the radio dept.,keen on boys,0.0,0.8,0.0,0.0,0.6,0.2,0.2,0.0
charlotte gainsbourg,the songs that we sing,0.2,0.6,0.0,0.2,0.2,0.2,0.4,0.0
linkin park,from the inside,0.8,0.4,0.0,0.0,0.0,0.0,0.4,0.0
clint mansell,tree of life,0.0,0.0,0.0,0.0,0.0,0.0,0.0,0.0
porcupine tree,deadwing,0.2,0.4,0.0,0.0,0.2,0.0,0.8,0.0
pantera,heresy,0.8,0.0,0.0,0.0,0.0,0.8,0.4,0.0
stone temple pilots,interstate love song,0.4,0.8,0.0,0.0,0.6,0.0,0.4,0.0
dangerdoom,sofa king,0.2,0.0,0.2,1.0,0.0,0.0,0.6,0.4
the rakes,terror!,0.4,0.2,0.0,0.2,0.0,0.8,0.2,0.0
fiona apple,the first taste,0.0,0.2,0.2,0.0,0.8,0.0,0.4,0.2
radiohead,where i end and you begin. (the sky is falling in.),0.4,0.6,0.0,0.0,0.2,0.2,0.8,0.0
cat power,where is my love,0.0,1.0,0.0,0.0,1.0,0.0,0.2,0.0
fiona apple,not about love,0.6,0.4,0.0,0.2,0.8,0.0,0.6,0.0
oasis,shakermaker,0.0,0.0,0.4,0.6,0.0,0.0,0.8,0.0
jack johnson,the horizon has been defeated,0.2,0.0,0.0,0.2,0.0,0.4,0.6,0.0
mogwai,black spider,0.0,0.0,0.0,0.0,0.0,0.0,0.0,0.0
the vines,get free,0.4,0.6,0.0,0.0,0.2,0.0,0.2,0.0
modest mouse,the stars are projectors,0.2,0.4,0.0,0.2,0.0,0.2,0.8,0.0
tool,part of me,0.6,0.2,0.0,0.0,0.2,0.0,0.4,0.0
children of bodom,living dead beat,0.8,0.2,0.0,0.0,0.0,0.0,0.4,0.6
children of bodom,punch me i bleed,0.8,0.4,0.0,0.0,0.2,0.0,0.4,0.2
ozzy osbourne,dreamer,0.0,0.6,0.2,0.0,0.0,0.6,0.4,0.0
britney spears,blur,0.0,0.4,0.0,0.0,0.0,0.0,0.2,0.2
sigur rós,gong endir,0.0,0.0,0.0,0.0,0.0,0.0,1.0,0.0
arcade fire,headlights look like diamonds,0.0,0.6,0.0,0.0,0.6,0.0,0.4,0.0
ellen allien & apparat,jet,0.0,0.0,0.0,0.0,0.0,0.0,0.0,0.0
rammstein,morgenstern,0.4,0.4,0.0,0.2,0.2,0.4,0.4,0.0
dirty pretty things,blood thirsty bastards,0.8,0.2,0.0,0.2,0.0,0.6,0.2,0.4
beck,scarecrow,0.2,0.2,0.0,0.2,0.0,0.2,0.6,0.0
spoon,the infinite pet,0.2,0.0,0.2,0.2,0.0,0.0,0.6,0.0
atb,humanity,0.0,0.4,0.4,0.0,0.8,0.2,0.2,0.0
the decemberists,a cautionary song,0.0,0.6,0.0,0.4,0.0,0.4,0.2,0.2
violent femmes,add it up,0.8,0.2,0.0,0.2,0.2,0.0,0.2,0.8
fall out boy,hum hallelujah,0.4,0.6,0.0,0.2,0.8,0.0,0.6,0.0
the beatles,it won't be long,0.0,0.2,0.8,0.0,1.0,0.0,0.0,0.0
pantera,this love,0.8,0.4,0.0,0.0,1.0,0.0,0.4,0.4
ladytron,black plastic,0.0,0.2,0.0,0.0,0.0,0.2,0.6,0.0
tori amos,big wheel,0.2,0.0,0.6,0.6,0.4,0.2,0.4,0.4
john lennon,working class hero,0.8,0.6,0.0,0.0,0.0,1.0,0.2,0.4
animal collective,bees,0.0,0.2,0.6,0.0,0.8,0.0,0.8,0.0
against me!,reinventing axl rose,0.4,0.0,0.8,0.0,0.0,0.6,0.2,0.0
the 5.6.7.8's,woo hoo,0.0,0.0,1.0,0.0,0.0,0.0,1.0,0.0
the white stripes,little room,0.0,0.0,0.2,0.0,0.0,0.0,0.4,0.0
muse,darkshines,0.2,0.4,0.0,0.0,0.8,0.0,0.6,0.0
iron maiden,different world,0.2,0.4,0.0,0.0,0.0,0.0,0.4,0.0
gnarls barkley,transformer,0.2,0.2,0.2,0.4,0.2,0.0,0.6,0.0
r.e.m.,the sidewinder sleeps tonite,0.0,0.0,0.4,0.6,0.0,0.0,0.6,0.0
belle and sebastian,a summer wasting,0.0,0.4,0.6,0.2,0.2,0.0,0.2,0.0
andrew bird,imitosis,0.0,0.4,0.0,0.4,0.0,0.4,0.6,0.0
depeche mode,fragile tension,0.0,0.2,0.0,0.0,0.6,0.0,0.6,0.0
black rebel motorcycle club,20 hours,0.0,0.0,0.0,0.0,0.0,0.0,0.0,0.0
daft punk,robot rock / oh yeah,0.0,0.0,0.2,0.0,0.0,0.0,0.0,0.0
madonna,beat goes on,0.0,0.0,0.8,0.2,0.2,0.0,0.2,0.0
limp bizkit,break stuff,1.0,0.2,0.0,0.0,0.0,0.0,0.2,1.0
placebo,hang on to your iq,0.2,0.2,0.0,0.0,0.0,0.4,0.6,0.0
air,highschool lover,0.0,0.0,0.0,0.0,0.0,0.0,0.0,0.0
black rebel motorcycle club,the show's about to begin,0.4,0.6,0.0,0.0,0.2,0.2,0.6,0.0
fever ray,when i grow up,0.0,0.0,0.0,0.0,0.0,0.0,0.8,0.0
eddie vedder,society,0.2,0.4,0.0,0.0,0.0,0.6,0.4,0.0
the white stripes,i'm finding it harder to be a gentleman,0.4,0.2,0.0,0.2,0.2,0.2,0.2,0.0
m83,up!,0.0,0.4,0.4,0.0,0.4,0.0,0.8,0.0
yann tiersen,la valse des monstres,0.0,0.0,0.0,0.0,0.0,0.0,0.0,0.0
billy talent,surrender,0.0,0.8,0.0,0.0,0.2,0.4,0.2,0.0
the beatles,roll over beethoven,0.0,0.0,1.0,0.2,0.2,0.2,0.2,0.0
travis,driftwood,0.0,0.8,0.0,0.0,0.2,0.0,0.6,0.0
tv on the radio,dreams,0.0,0.4,0.2,0.0,0.6,0.0,0.6,0.0
the cure,jumping someone else's train,0.4,0.0,0.0,0.2,0.0,0.6,0.4,0.0
sam sparro,black and gold,0.0,0.4,0.2,0.0,0.6,0.0,0.6,0.0
pj harvey,dress,0.4,0.4,0.0,0.0,0.6,0.6,0.4,0.0
beirut,gulag orkestar,0.0,0.0,0.0,0.0,0.0,0.0,0.0,0.0
incubus,a certain shade of green,0.4,0.0,0.0,0.2,0.0,0.6,0.4,0.0
the chemical brothers,do it again,0.0,0.0,0.6,0.0,0.0,0.0,0.4,0.0
the knife,got 2 let u,0.0,0.6,0.0,0.0,0.8,0.0,0.2,0.0
kiss,i was made for lovin' you,0.0,0.0,0.8,0.0,1.0,0.0,0.2,0.2
björk,innocence,0.2,0.4,0.0,0.0,0.4,0.0,0.4,0.0
joseph arthur,honey and the moon,0.0,0.6,0.2,0.0,1.0,0.0,0.4,0.0
boards of canada,aquarius,0.0,0.0,0.2,0.0,0.0,0.0,0.8,0.0
radiohead,i will,0.4,0.6,0.0,0.0,0.2,0.6,0.4,0.0
the jam,going underground,0.8,0.2,0.0,0.0,0.0,1.0,0.2,0.0
30 seconds to mars,r-evolve,0.4,0.4,0.2,0.0,0.0,0.6,0.6,0.0
the magnetic fields,all my little words,0.0,1.0,0.0,0.2,1.0,0.0,0.2,0.0
adam green,bluebirds,0.0,0.4,0.4,0.6,0.4,0.0,0.6,0.0
him,beyond redemption,0.4,0.8,0.0,0.0,1.0,0.0,0.6,0.0
lykke li,dance dance dance,0.0,0.2,0.4,0.0,0.4,0.0,0.4,0.0
the cure,play for today,0.4,0.6,0.0,0.0,0.8,0.0,0.4,0.0
silversun pickups,common reactor,0.4,0.4,0.0,0.0,0.2,0.0,0.6,0.0
sex pistols,seventeen,0.6,0.0,0.0,0.4,0.0,0.4,0.2,0.2
frou frou,maddening shroud,0.4,0.4,0.0,0.0,0.6,0.0,0.6,0.0
sublime,date rape,0.4,0.0,0.0,0.6,0.0,0.6,0.0,1.0
the black angels,the first vietnamese war,0.6,0.4,0.0,0.0,0.0,0.8,0.6,0.0
incubus,talk shows on mute,0.2,0.0,0.0,0.2,0.0,0.8,0.4,0.0
death cab for cutie,company calls epilogue,0.4,0.8,0.0,0.0,0.6,0.0,0.4,0.0
the rolling stones,she's a rainbow,0.0,0.0,1.0,0.0,0.6,0.0,0.6,0.0
fiona apple,window,0.6,0.2,0.0,0.2,0.8,0.0,0.4,0.0
oasis,let there be love,0.2,0.6,0.2,0.0,1.0,0.4,0.6,0.0
fischerspooner,just let go,0.0,0.0,0.4,0.0,0.2,0.0,0.4,0.0
nightwish,elvenpath,0.0,0.0,0.4,0.0,0.0,0.0,0.8,0.0
depeche mode,i feel loved,0.0,0.2,0.8,0.0,1.0,0.0,0.4,0.0
anton maiden,wasted years,0.0,0.6,0.2,0.0,0.0,0.0,0.2,0.0
david bowie,it ain't easy,0.2,0.2,0.0,0.2,0.0,0.0,0.4,0.2
blink-182,what's my age again?,0.0,0.2,0.4,1.0,0.4,0.2,0.0,0.2
alphaville,big in japan,0.2,0.4,0.2,0.0,0.4,0.2,0.6,0.0
fiona apple,limp,1.0,0.2,0.0,0.0,0.2,0.0,0.4,0.0
the doors,five to one,0.6,0.2,0.0,0.0,0.2,0.6,0.4,0.0
air,one hell of a party,0.0,0.8,0.0,0.2,0.2,0.0,0.4,0.0
johnny cash,bridge over troubled water,0.0,0.6,0.2,0.0,0.8,0.0,0.4,0.0
ellen allien & apparat,retina,0.0,0.0,0.0,0.0,0.0,0.0,0.0,0.0
the streets,turn the page,0.4,0.4,0.0,0.0,0.0,0.4,0.4,0.2
queen,innuendo,0.4,0.2,0.2,0.0,0.0,0.6,0.6,0.0
pearl jam,go,0.6,0.4,0.0,0.0,0.4,0.0,0.2,0.0
gogol bordello,not a crime,0.4,0.0,0.4,0.2,0.0,0.6,0.2,0.0
ambulance ltd,anecdote,0.0,0.4,0.2,0.0,0.4,0.0,0.6,0.0
buzzcocks,what do i get?,0.4,0.8,0.0,0.2,1.0,0.0,0.0,0.0
the radio dept.,where damage isn't already done,0.0,0.8,0.0,0.0,0.6,0.0,0.4,0.0
kings of leon,trani,0.4,0.2,0.0,0.0,0.2,0.0,0.4,0.6
arctic monkeys,leave before the lights come on,0.2,0.4,0.0,0.2,0.2,0.0,0.2,0.0
the dresden dolls,sex changes,0.4,0.0,0.0,0.4,0.2,0.6,0.4,0.0
metallica,whiplash,0.2,0.0,0.6,0.0,0.0,0.0,0.2,0.0
depeche mode,new life,0.0,0.0,0.8,0.0,0.6,0.0,0.4,0.0
junior boys,double shadow,0.0,0.6,0.0,0.0,0.8,0.0,0.6,0.2
queens of the stone age,river in the road,0.2,0.6,0.0,0.0,0.0,0.0,0.6,0.0
oasis,bag it up,0.4,0.0,0.2,0.2,0.0,0.2,0.8,0.2
rilo kiley,close call,0.2,0.4,0.2,0.0,0.4,0.2,0.2,0.2
sigur rós,hufupukar,0.0,0.6,0.4,0.0,0.2,0.0,1.0,0.0
bright eyes,something vague,0.2,0.8,0.0,0.0,0.4,0.0,0.6,0.0
nick drake,from the morning,0.0,0.0,0.6,0.0,0.0,0.0,0.6,0.0
tom vek,i ain't saying my goodbyes,0.2,0.0,0.0,0.0,0.2,0.0,0.4,0.0
rilo kiley,dejalo,0.2,0.2,0.4,0.2,0.6,0.0,0.2,0.2
the libertines,the good old days,0.2,0.4,0.2,0.2,0.2,0.2,0.4,0.0
architecture in helsinki,kindling,0.0,0.0,0.6,0.2,0.4,0.0,0.6,0.0
digitalism,anything new,0.0,0.0,0.0,0.0,0.0,0.0,0.2,0.0
nirvana,been a son,0.6,0.2,0.0,0.0,0.0,0.8,0.2,0.0
brian eno,an ending (ascent),0.0,0.0,0.0,0.0,0.0,0.0,0.0,0.0
zero 7,the pageant of the bizarre,0.0,0.0,0.4,0.0,0.0,0.0,0.6,0.0
the flaming lips,race for the prize,0.0,0.4,0.4,0.0,0.0,0.2,0.4,0.0
nelly furtado,i'm like a bird,0.0,0.4,0.2,0.0,0.8,0.0,0.4,0.0
dimmu borgir,puritania,1.0,0.0,0.0,0.0,0.0,0.8,0.4,0.2
massive attack,false flags,0.4,0.4,0.0,0.0,0.0,0.8,0.6,0.0
the knife,kino,0.0,0.4,0.0,0.0,0.2,0.0,0.6,0.0
m83,too late,0.0,0.8,0.0,0.0,0.8,0.0,0.6,0.0
patrick wolf,the shadow sea,0.0,0.6,0.0,0.0,0.2,0.0,0.6,0.0
lacuna coil,swamped,0.4,0.6,0.0,0.0,0.2,0.0,0.6,0.0
hypocrisy,eraser,0.8,0.2,0.0,0.0,0.0,0.2,0.4,0.0
tom waits,singapore,0.0,0.2,0.0,0.4,0.2,0.0,0.8,0.0
richard ashcroft,break the night with colour,0.0,0.4,0.2,0.0,0.4,0.0,0.4,0.0
the mars volta,take the veil cerpin taxt,0.4,0.4,0.0,0.0,0.0,0.0,1.0,0.0
system of a down,suite-pee,0.8,0.0,0.0,0.2,0.0,0.8,0.6,0.4
system of a down,kill rock 'n roll,0.6,0.2,0.0,0.4,0.0,0.0,0.6,0.4
britney spears,me against the music,0.0,0.0,0.8,0.0,0.4,0.0,0.2,0.2
pixies,tony's theme,0.0,0.0,0.8,0.6,0.0,0.0,0.2,0.0
joanna newsom,cassiopeia,0.0,0.4,0.2,0.0,0.6,0.0,0.6,0.0
the smashing pumpkins,in the arms of sleep,0.0,0.6,0.0,0.0,0.8,0.0,0.6,0.0
guns n' roses,out ta get me,1.0,0.0,0.0,0.0,0.0,0.4,0.2,0.6
razorlight,i can't stop this feeling i've got,0.0,0.0,0.8,0.0,0.2,0.0,0.2,0.0
65daysofstatic,retreat! retreat!,0.4,0.0,0.0,0.0,0.0,0.0,0.0,0.0
elliott smith,coast to coast,0.6,0.8,0.0,0.0,0.2,0.0,0.6,0.0
cut copy,that was just a dream,0.0,0.2,0.2,0.0,0.0,0.0,0.8,0.0
radiohead,backdrifts. (honeymoon is over.),0.2,0.6,0.0,0.0,0.2,0.0,0.8,0.0
r.e.m.,sweetness follows,0.0,1.0,0.0,0.0,0.0,0.0,0.4,0.0
dido,don't think of me,0.4,0.4,0.0,0.0,0.8,0.0,0.2,0.0
midlake,head home,0.0,0.6,0.2,0.0,0.2,0.0,0.4,0.0
patrick wolf,ghost song,0.2,0.8,0.0,0.0,0.8,0.0,0.6,0.0
gwen stefani,what you waiting for,0.2,0.0,0.2,0.0,0.0,0.2,0.4,0.4
m. ward,chinese translation,0.0,0.4,0.2,0.0,0.4,0.0,0.4,0.0
sonic youth,the neutral,0.0,0.2,0.0,0.0,0.0,0.0,0.6,0.0
björk,show me forgiveness,0.0,0.8,0.0,0.0,0.0,0.0,0.4,0.0
30 seconds to mars,savior,0.4,0.6,0.0,0.0,0.4,0.0,0.4,0.0
stars,the night starts here,0.0,0.4,0.2,0.0,0.8,0.0,0.6,0.0
elliott smith,a distorted reality is now a necessity to be free,0.4,0.8,0.0,0.0,0.0,0.6,0.6,0.0
johnny cash,i hung my head,0.0,1.0,0.0,0.0,0.0,0.2,0.2,0.2
fleetwood mac,don't stop,0.0,0.2,0.8,0.0,0.2,0.0,0.0,0.0
incubus,make yourself,0.4,0.0,0.2,0.0,0.0,0.4,0.4,0.4
the police,walking on the moon,0.0,0.0,0.6,0.0,0.8,0.0,0.4,0.0
mew,an envoy to the open fields,0.0,0.4,0.2,0.0,0.2,0.0,0.8,0.0
we are scientists,callbacks,0.2,0.4,0.2,0.4,0.6,0.0,0.4,0.0
islands,where there's a will there's a whalebone,0.2,0.0,0.4,0.8,0.0,0.2,0.8,0.2
nelly furtado,te busque (feat. juanes),0.0,0.6,0.2,0.0,1.0,0.0,0.2,0.0
kanye west,paranoid (feat. mr. hudson),0.4,0.2,0.2,0.2,0.6,0.0,0.2,0.0
the jesus and mary chain,on the wall,0.4,0.6,0.0,0.0,0.2,0.0,0.4,0.0
miles davis,so what,0.0,0.0,0.0,0.0,0.0,0.0,0.0,0.0
pink floyd,marooned,0.0,0.0,0.0,0.0,0.0,0.0,0.0,0.0
beck,hotwax,0.2,0.0,0.4,0.6,0.0,0.2,0.8,0.2
billy talent,fallen leaves,0.4,0.8,0.0,0.0,0.0,0.4,0.4,0.0
animal collective,for reverend green,0.4,0.4,0.4,0.0,0.2,0.0,0.6,0.0
the shins,we will become silhouettes,0.0,0.6,0.0,0.0,0.2,0.4,0.4,0.0
wilco,leave me (like you found me),0.0,0.8,0.0,0.0,0.8,0.0,0.2,0.0
red hot chili peppers,i could have lied,0.2,1.0,0.0,0.0,0.8,0.0,0.2,0.0
the killers,move away,0.4,0.4,0.0,0.0,0.4,0.0,0.4,0.0
the beatles,all i've got to do,0.0,0.0,0.4,0.0,1.0,0.0,0.0,0.0
aphex twin,windowlicker,0.0,0.0,0.0,0.0,0.0,0.0,1.0,0.0
marilyn manson,heart-shaped glasses (when the heart guides the hand),0.2,0.2,0.0,0.0,0.8,0.0,0.4,0.4
burial,dog shelter,0.0,0.0,0.0,0.0,0.0,0.0,0.0,0.0
tool,message to harry manback,1.0,0.0,0.0,0.2,0.0,0.0,0.0,1.0
my chemical romance,sleep,0.6,0.8,0.0,0.0,0.0,0.0,0.6,0.0
gogol bordello,sally,0.4,0.0,0.6,0.4,0.2,0.4,0.4,0.0
the cure,prayers for rain,0.4,1.0,0.0,0.0,0.2,0.0,0.8,0.0
shakira,la tortura (feat. alejandro sanz),0.4,0.8,0.0,0.0,0.8,0.0,0.2,0.0
shakira,hips don't lie (feat. wyclef jean),0.0,0.0,1.0,0.2,0.4,0.0,0.2,0.2
him,join me,0.0,0.8,0.0,0.0,1.0,0.0,0.2,0.0
tegan and sara,living room,0.0,0.4,0.2,0.0,0.6,0.0,0.2,0.0
tegan and sara,call it off,0.2,1.0,0.0,0.0,1.0,0.0,0.2,0.0
death cab for cutie,i was a kaleidoscope,0.0,0.8,0.0,0.0,0.6,0.0,0.4,0.0
arcade fire,cold wind,0.2,0.8,0.0,0.0,0.0,0.4,0.4,0.0
janis joplin,piece of my heart,0.4,0.8,0.0,0.0,1.0,0.0,0.2,0.0
apocalyptica,path,0.0,0.0,0.0,0.0,0.0,0.0,0.0,0.0
talking heads,life during wartime,0.4,0.2,0.0,0.2,0.0,0.8,0.2,0.0
bob dylan,a hard rain's a-gonna fall,0.0,0.6,0.0,0.0,0.0,1.0,0.8,0.0
pearl jam,corduroy,0.6,0.4,0.0,0.0,0.0,0.6,0.4,0.0
pendulum,the tempest,0.2,0.0,0.0,0.0,0.0,0.0,0.6,0.0
soda stereo,persiana americana,0.0,0.0,0.0,0.0,0.8,0.0,0.6,0.2
modest mouse,one chance,0.0,0.6,0.2,0.0,0.2,0.0,0.4,0.0
jim sturgess,all my loving,0.0,0.2,0.6,0.0,1.0,0.0,0.2,0.0
sonata arctica,don't say a word,0.8,0.4,0.0,0.0,0.8,0.0,0.4,0.0
eddie vedder,hard sun,0.0,0.4,0.0,0.0,0.4,0.2,0.4,0.0
...and you will know us by the trail of dead,another morning stoner,0.2,0.6,0.0,0.0,0.0,0.0,0.6,0.0
pendulum,midnight runner,0.0,0.0,0.0,0.0,0.0,0.0,0.0,0.0
buzzcocks,everybody's happy nowadays,0.2,0.2,0.0,0.4,0.0,0.6,0.2,0.0
panic at the disco,nine in the afternoon,0.0,0.0,1.0,0.2,0.6,0.0,0.6,0.0
chromeo,fancy footwork,0.0,0.0,0.8,0.4,0.2,0.0,0.2,0.0
madonna,4 minutes,0.0,0.0,0.4,0.0,0.4,0.2,0.4,0.0
the libertines,i get along,0.6,0.0,0.2,0.2,0.0,0.0,0.2,0.6
hot chip,(just like we) breakdown,0.2,0.6,0.0,0.0,0.4,0.0,0.6,0.0
joanna newsom,this side of the blue,0.0,0.6,0.2,0.0,0.8,0.0,0.8,0.0
rammstein,engel,0.0,0.6,0.0,0.0,0.0,0.0,0.6,0.0
iamx,lulled by numbers,0.2,0.6,0.0,0.0,0.0,0.4,0.6,0.0
tool,sweat,0.6,0.2,0.0,0.0,0.0,0.0,0.4,0.0
the decemberists,shankill butchers,0.0,0.4,0.0,0.0,0.0,0.8,0.2,0.2
jack's mannequin,dark blue,0.0,0.8,0.2,0.0,0.6,0.0,0.4,0.0
depeche mode,peace,0.2,0.2,0.4,0.0,0.0,0.0,0.2,0.0
iron & wine,an angry blade,0.4,0.8,0.0,0.0,0.4,0.0,0.6,0.0
chromeo,needy girl,0.2,0.0,0.0,0.6,0.4,0.0,0.0,0.0
apocalyptica,nothing else matters,0.0,0.0,0.0,0.0,0.0,0.0,0.0,0.0
nightwish,the kinslayer,0.8,0.6,0.0,0.0,0.0,0.6,0.4,0.2
deerhunter,nothing ever happened,0.0,0.6,0.0,0.0,0.0,0.0,0.6,0.0
rhianna,rehab,0.4,0.8,0.0,0.0,0.8,0.0,0.4,0.0
dashboard confessional,don't wait,0.0,0.4,0.2,0.0,0.8,0.0,0.4,0.0
eurythmics,here comes the rain again,0.0,0.6,0.0,0.0,0.8,0.0,0.6,0.0
foo fighters,stranger things have happened,0.2,0.8,0.0,0.0,0.6,0.0,0.2,0.2
mogwai,wake up and go berserk,0.0,0.0,0.0,0.0,0.0,0.0,0.0,0.0
queens of the stone age,misfit love,0.2,0.0,0.0,0.0,0.6,0.0,0.4,0.4
pearl jam,severed hand,0.4,0.2,0.0,0.0,0.0,0.0,0.6,0.0
damien rice,accidental babies,0.2,1.0,0.0,0.0,0.8,0.0,0.2,0.2
afi,37mm,0.4,0.2,0.0,0.0,0.4,0.0,0.6,0.4
dj shadow,six days,0.2,0.8,0.0,0.0,0.4,0.2,0.2,0.0
dimmu borgir,mourning palace,0.8,0.0,0.0,0.0,0.0,0.0,0.8,0.0
the beatles,julia,0.0,0.6,0.0,0.0,1.0,0.0,0.6,0.0
the pipettes,dirty mind,0.0,0.0,0.6,0.6,0.4,0.0,0.2,0.2
i'm from barcelona,treehouse,0.0,0.0,1.0,0.4,0.0,0.0,0.2,0.0
ultravox,vienna,0.0,0.8,0.0,0.0,0.4,0.0,0.6,0.0
riverside,conceiving you,0.0,0.8,0.0,0.0,0.8,0.0,0.4,0.0
black sabbath,sabbath bloody sabbath,0.6,0.6,0.0,0.0,0.0,0.2,0.4,0.0
okkervil river,our life is not a movie or maybe,0.4,0.6,0.2,0.2,0.6,0.0,0.4,0.0
afi,paper airplanes (makeshift wings),0.4,0.8,0.0,0.0,0.2,0.0,0.6,0.0
blink-182,adam's song,0.2,1.0,0.0,0.0,0.0,0.0,0.2,0.2
porcupine tree,where we would be,0.0,0.6,0.0,0.0,0.8,0.0,0.4,0.0
the strokes,fear of sleep,0.4,0.6,0.0,0.0,0.4,0.0,0.4,0.0
u2,kite,0.0,0.6,0.2,0.0,0.2,0.0,0.4,0.0
paramore,fences,0.4,0.2,0.0,0.0,0.0,0.6,0.4,0.0
within temptation,see who i am,0.2,0.2,0.2,0.0,0.0,0.4,0.4,0.0
múm,faraway swimmingpool,0.0,0.2,0.4,0.0,0.0,0.0,0.8,0.0
iningrid michaelson,the way i am,0.0,0.0,0.6,0.4,1.0,0.0,0.2,0.0
m.i.a.,galang,0.4,0.0,0.4,0.2,0.0,0.4,0.6,0.0
m.i.a.,hombre,0.4,0.0,0.4,0.2,0.6,0.4,0.2,0.2
metallica,the judas kiss,1.0,0.0,0.0,0.0,0.0,0.0,0.4,0.0
system of a down,soldier side,0.2,1.0,0.0,0.0,0.0,0.8,0.4,0.0
metallica,fight fire with fire,0.8,0.0,0.0,0.0,0.0,0.8,0.2,0.0
scar symmetry,the illusionist,0.6,0.2,0.0,0.0,0.0,0.6,0.6,0.0
beck,soldier jane,0.2,0.6,0.0,0.0,0.0,0.2,0.6,0.0
deerhunter,intro,0.0,0.0,0.0,0.0,0.0,0.0,0.0,0.0
justin timberlake,losing my way,0.0,1.0,0.0,0.0,0.2,0.6,0.2,0.2
rocky votolato,white daisy passing,0.0,0.8,0.0,0.0,0.4,0.0,0.6,0.0
justin timberlake,lovestoned/i think she knows interlude,0.0,0.0,0.8,0.0,1.0,0.0,0.2,0.2
red hot chili peppers,dosed,0.0,0.6,0.2,0.0,1.0,0.0,0.4,0.0
beirut,st. apollonia,0.0,0.6,0.2,0.0,0.4,0.0,0.4,0.0
marilyn manson,the love song,0.8,0.0,0.0,0.2,0.0,0.8,0.4,0.4
him,heartache every moment,0.0,0.8,0.0,0.0,1.0,0.0,0.4,0.0
black flag,six pack,0.6,0.0,0.0,0.4,0.0,0.2,0.0,0.0
goldfrapp,twist,0.0,0.0,0.2,0.0,0.2,0.0,0.6,0.6
pavement,shady lane,0.2,0.2,0.4,0.6,0.0,0.2,0.6,0.0
nine inch nails,into the void,0.4,0.8,0.0,0.0,0.0,0.0,0.6,0.0
jimmy eat world,big casino,0.0,0.0,0.6,0.0,0.0,0.0,0.4,0.0
gorillaz,re-hash,0.2,0.0,0.0,0.2,0.0,0.6,0.4,0.0
the streets,fit but you know it,0.4,0.0,0.2,1.0,0.2,0.0,0.0,0.2
girl talk,give me a beat,0.0,0.0,0.8,0.4,0.0,0.0,0.2,0.4
fiona apple,parting gift,0.6,0.4,0.0,0.2,0.8,0.0,0.2,0.0
beach house,saltwater,0.0,0.6,0.0,0.0,0.6,0.0,0.6,0.0
justice,tthhee ppaarrttyy,0.0,0.0,0.6,0.4,0.0,0.0,0.2,0.6
sofie,hypnotized,0.0,0.4,0.2,0.0,0.8,0.0,0.4,0.0
harold budd & brian eno,first light,0.0,0.0,0.0,0.0,0.0,0.0,0.0,0.0
arctic monkeys,love machine,0.0,0.0,0.8,0.6,0.8,0.0,0.2,0.2
blonde redhead,melody,0.2,0.6,0.0,0.0,0.6,0.0,0.8,0.0
robbie williams,supreme,0.2,0.6,0.2,0.2,0.8,0.0,0.4,0.0
nico,the fairest of the seasons,0.0,0.8,0.0,0.0,0.8,0.0,0.4,0.0
keane,hamburg song,0.0,0.8,0.0,0.0,0.6,0.0,0.2,0.0
zero 7,end theme,0.0,0.0,0.0,0.0,0.0,0.0,0.0,0.0
television,marquee moon,0.0,0.2,0.0,0.0,0.0,0.0,0.8,0.0
armin van buuren,in and out of love (feat. sharon den adel),0.2,0.8,0.0,0.0,1.0,0.0,0.2,0.0
animal collective,flesh canoe,0.0,0.2,0.4,0.2,0.2,0.0,0.8,0.0
fischerspooner,a kick in the teeth,0.4,0.4,0.0,0.0,0.0,0.2,0.4,0.0
johnny cash,cry! cry! cry!,0.4,0.4,0.0,0.2,0.8,0.0,0.2,0.0
the sunshine underground,commercial breakdown,0.4,0.0,0.0,0.0,0.0,0.6,0.4,0.0
maria taylor,song beneath the song,0.0,0.8,0.0,0.0,0.6,0.0,0.6,0.0
pixies,oh my golly!,0.4,0.0,0.2,0.4,0.2,0.0,0.6,0.2
black kids,hit the heartbrakes,0.2,0.4,0.4,0.4,0.8,0.0,0.4,0.0
johnny cash,one,0.4,0.8,0.0,0.0,0.8,0.2,0.4,0.0
daft punk,face to face / short circuit,0.0,0.4,0.0,0.0,0.4,0.0,0.4,0.0
vitalic,la rock 01,0.0,0.0,0.0,0.0,0.0,0.0,0.0,0.0
gogol bordello,60 revolutions,0.6,0.0,0.2,0.2,0.0,1.0,0.4,0.0
black flag,gimmie gimmie gimmie,1.0,0.0,0.0,0.0,0.0,0.0,0.0,0.0
m.i.a.,bingo,0.4,0.0,0.2,0.4,0.0,0.6,0.6,0.2
metric,raw sugar,0.2,0.2,0.2,0.2,0.6,0.0,0.4,0.0
the specials,ghost town,0.4,0.8,0.0,0.0,0.0,1.0,0.4,0.0
rihanna,sos (rescue me),0.0,0.2,0.4,0.0,1.0,0.0,0.2,0.0
radiohead,a punchup at a wedding,0.8,0.2,0.0,0.0,0.0,0.4,0.2,0.2
the prodigy,narayan,0.0,0.0,0.0,0.0,0.0,0.2,0.6,0.0
radiohead,how do you?,0.8,0.0,0.0,0.0,0.0,0.0,0.2,0.0
coldplay,til kingdom come,0.0,0.6,0.2,0.0,1.0,0.0,0.4,0.0
the doors,twentieth century fox,0.0,0.0,0.4,0.2,0.4,0.0,0.2,0.0
santogold,starstruck,0.4,0.0,0.0,0.2,0.2,0.4,0.4,0.0
pink floyd,the show must go on,0.0,0.6,0.0,0.0,0.0,0.0,0.4,0.0
dirty pretty things,you fucking love it,,,,,,,,
elbow,mirrorball,0.0,0.0,0.6,0.0,1.0,0.0,0.6,0.0
elbow,station approach,0.0,0.2,0.6,0.0,0.4,0.0,0.4,0.0
róisín murphy,you know me better,0.0,0.2,0.6,0.0,0.8,0.0,0.4,0.0
moby,find my baby,0.0,0.2,0.2,0.0,1.0,0.0,0.0,0.0
camera obscura,eighties fan,0.0,0.4,0.2,0.2,0.6,0.2,0.2,0.0
the jesus and mary chain,some candy talking,0.0,0.0,0.0,0.0,0.6,0.0,0.4,0.2
sufjan stevens,redford (for yia-yia & pappou),0.0,0.0,0.0,0.0,0.0,0.0,0.0,0.0
tv on the radio,stork & owl,0.0,0.0,0.4,0.0,0.8,0.0,0.6,0.0
midlake,young bride,0.0,0.8,0.0,0.0,0.4,0.2,0.6,0.0
dido,life for rent,0.0,0.6,0.0,0.0,0.2,0.0,0.4,0.0
the cure,charlotte sometimes,0.0,0.8,0.0,0.0,0.0,0.0,0.8,0.0
britney spears,my prerogative,0.4,0.0,0.0,0.0,0.0,0.4,0.0,0.0
foo fighters,hell,0.8,0.0,0.0,0.0,0.0,0.0,0.2,0.0
miles davis,blue in green,0.0,0.0,0.0,0.0,0.0,0.0,0.0,0.0
the goo goo dolls,better days,0.0,0.4,0.4,0.0,0.2,0.6,0.4,0.0
brian eno,baby's on fire,0.2,0.0,0.0,0.8,0.0,0.2,0.8,0.2
the fratellis,everybody knows you cried last night,0.0,0.6,0.0,0.4,0.4,0.0,0.2,0.0
the pipettes,judy,0.2,0.2,0.6,0.4,0.6,0.0,0.2,0.0
robbie williams,feel,0.0,0.8,0.0,0.0,0.8,0.0,0.4,0.0
paradise lost,grey,0.2,0.8,0.0,0.0,0.2,0.0,0.6,0.0
mae,suspension,0.0,0.0,0.8,0.0,0.8,0.0,0.4,0.0
the unicorns,tuff ghost,0.2,0.2,0.4,0.6,0.0,0.0,0.6,0.0
basement jaxx,where's your head at,0.2,0.0,0.0,0.0,0.0,0.0,0.4,0.0
lacuna coil,heaven's a lie,0.4,0.6,0.0,0.0,0.2,0.4,0.4,0.0
röyksopp,boys,0.0,0.2,0.2,0.0,0.2,0.0,0.4,0.0
sunset rubdown,they took a vote and said no,0.4,0.6,0.0,0.0,0.4,0.2,0.8,0.0
richard ashcroft,a song for the lovers,0.0,0.2,0.4,0.0,1.0,0.0,0.4,0.0
kt tunstall,silent sea,0.0,0.6,0.0,0.0,0.8,0.0,0.6,0.0
porcupine tree,fear of a blank planet,0.4,0.8,0.0,0.0,0.0,0.8,0.2,0.0
the prodigy,poison,0.6,0.0,0.0,0.0,0.0,0.0,0.4,0.0
pantera,5 minutes alone,1.0,0.0,0.0,0.0,0.0,0.0,0.2,0.6
the flaming lips,pompeii am götterdämmerung,0.2,0.4,0.0,0.0,0.0,0.2,0.8,0.0
pantera,i'm broken,0.8,0.4,0.0,0.0,0.0,0.0,0.2,0.0
clint mansell,holy dread!,0.0,0.0,0.0,0.0,0.0,0.0,0.0,0.0
the horrors,sheena is a parasite,1.0,0.0,0.0,0.0,0.0,0.0,0.4,0.2
ladytron,amtv,0.2,0.0,0.0,0.0,0.0,0.4,0.6,0.0
wilco,how to fight loneliness,0.0,1.0,0.0,0.0,0.0,0.0,0.4,0.0
aphex twin,pulsewidth,0.0,0.0,0.0,0.0,0.0,0.0,0.0,0.0
giant drag,kevin is gay,0.4,0.0,0.0,0.6,0.0,0.0,0.2,0.2
mc hammer,u can't touch this,0.0,0.0,0.8,0.4,0.0,0.0,0.2,0.0
kings of convenience,live long,0.0,0.2,0.4,0.0,0.4,0.0,0.4,0.0
iamx,after every party i die,0.4,0.8,0.0,0.0,0.0,0.0,0.6,0.2
audioslave,light my way,0.0,0.6,0.0,0.0,0.8,0.0,0.6,0.0
fiona apple,o' sailor,0.4,0.8,0.0,0.0,0.6,0.0,0.6,0.0
architecture in helsinki,it'5!,0.0,0.0,0.8,0.6,0.2,0.0,0.8,0.0
sentenced,ever-frost,0.4,0.8,0.0,0.0,0.4,0.0,0.4,0.0
doves,there goes the fear,0.0,0.6,0.2,0.0,0.2,0.0,0.6,0.0
nightwish,bye bye beautiful,0.8,0.4,0.0,0.0,0.0,0.0,0.2,0.0
blonde redhead,my impure hair,0.4,0.4,0.0,0.0,0.2,0.0,0.8,0.0
elliott smith,the white lady loves you more,0.2,1.0,0.0,0.0,0.4,0.0,0.4,0.0
semisonic,closing time,0.0,0.2,0.6,0.0,0.4,0.0,0.4,0.0
jack's mannequin,bruised,0.2,1.0,0.0,0.0,0.8,0.0,0.4,0.0
sonic youth,lights out,0.4,0.2,0.0,0.0,0.2,0.2,0.8,0.2
kate bush,babooshka,0.4,0.2,0.0,0.2,0.6,0.0,0.4,0.0
air,somewhere between waking and sleeping,0.0,0.4,0.0,0.0,0.4,0.0,0.8,0.0
rammstein,benzin,0.8,0.0,0.0,0.4,0.0,0.4,0.4,0.2
björk,undo,0.0,0.0,0.4,0.0,0.2,0.0,0.4,0.0
death cab for cutie,title track,0.2,0.8,0.0,0.0,0.6,0.0,0.4,0.0
kylie minogue,red blooded woman,0.0,0.0,0.2,0.0,0.8,0.0,0.2,0.2
yeah yeah yeahs,kiss kiss,0.6,0.0,0.0,0.0,0.6,0.0,0.6,0.2
funeral for a friend,streetcar,0.4,0.8,0.0,0.0,0.6,0.0,0.4,0.0
the cardigans,erase/rewind,0.2,0.4,0.0,0.0,0.6,0.0,0.2,0.0
bob dylan,tombstone blues,0.4,0.0,0.0,0.6,0.0,0.8,0.8,0.0
modest mouse,people as places as people,0.0,0.4,0.4,0.0,0.6,0.0,0.6,0.0
mogwai,boring machines disturbs sleep,0.0,0.0,0.0,0.0,0.0,0.0,0.0,0.0
glasvegas,geraldine,0.0,0.4,0.2,0.0,0.2,0.6,0.2,0.0
nick drake,day is done,0.0,1.0,0.0,0.0,0.0,0.0,0.4,0.0
oasis,columbia,0.0,0.0,0.0,0.0,0.0,0.0,0.6,0.0
clint mansell,stay with me,0.0,0.0,0.0,0.0,0.0,0.0,0.0,0.0
portishead,elysium,0.2,0.8,0.0,0.0,0.2,0.0,0.8,0.0
yeah yeah yeahs,shame and fortune,0.4,0.2,0.0,0.0,0.0,0.4,0.4,0.0
spoon,black like me,0.0,0.6,0.0,0.0,0.2,0.2,0.4,0.0
dread zeppelin,the lemon song,0.4,0.2,0.0,0.2,0.2,0.0,0.4,0.6
jack johnson,traffic in the sky,0.0,0.2,0.0,0.0,0.0,0.4,0.4,0.0
bob dylan,just like tom thumb's blues,0.4,0.6,0.0,0.4,0.2,0.4,0.8,0.0
daft punk,steam machine,0.0,0.0,0.0,0.0,0.0,0.0,0.0,0.0
belle and sebastian,i fought in a war,0.0,0.6,0.0,0.0,0.0,0.8,0.4,0.0
the psychedelic furs,pretty in pink,0.2,0.4,0.0,0.2,0.6,0.4,0.4,0.0
slipknot,the blister exists,1.0,0.0,0.0,0.0,0.0,0.4,0.6,0.6
pink floyd,bike,0.0,0.0,0.8,0.8,0.4,0.0,0.8,0.0
apollo 440,stop the rock,0.0,0.0,0.6,0.2,0.0,0.0,0.2,0.0
gogol bordello,immigrant punk,0.6,0.0,0.4,0.4,0.0,0.8,0.2,0.2
nine inch nails,i do not want this,0.8,0.6,0.0,0.0,0.0,0.0,0.4,0.4
apparat,arcadia,0.0,0.6,0.0,0.0,0.4,0.0,0.6,0.0
death cab for cutie,pictures in an exhibition,0.0,0.6,0.0,0.0,0.6,0.0,0.6,0.0
elliott smith,2:45 am,0.2,0.8,0.0,0.0,0.4,0.0,0.4,0.0
p!nk,i'm not dead,0.4,0.6,0.2,0.0,0.0,0.0,0.4,0.0
p!nk,dear mr. president,0.6,0.6,0.0,0.0,0.0,1.0,0.0,0.0
the streets,dry your eyes,0.0,1.0,0.0,0.0,1.0,0.0,0.0,0.0
tool,die eier von satan,0.0,0.0,0.0,0.8,0.0,0.2,0.0,0.2
mando diao,amsterdam,0.0,0.4,0.2,0.0,0.6,0.0,0.4,0.0
beck,new round,0.0,0.4,0.2,0.0,0.0,0.0,0.6,0.0
yeah yeah yeahs,skeletons,0.0,0.8,0.0,0.0,0.4,0.0,0.6,0.0
led zeppelin,gallows pole,0.2,0.6,0.0,0.0,0.0,0.4,0.2,0.4
apparat,not a number,0.0,0.0,0.0,0.0,0.0,0.0,0.0,0.0
morrissey,life is a pigsty,0.2,1.0,0.0,0.0,0.2,0.0,0.6,0.0
goldfrapp,road to somewhere,0.0,0.4,0.2,0.0,0.2,0.0,0.6,0.0
cartel,say anything (else),0.6,0.2,0.0,0.0,0.4,0.0,0.2,0.0
placebo,allergic (to thoughts of mother earth),0.6,0.2,0.0,0.0,0.0,0.4,0.6,0.0
the futureheads,a to b,0.2,0.0,0.4,0.2,0.0,0.0,0.4,0.0
the pipettes,we are the pipettes,0.0,0.0,1.0,0.6,0.2,0.0,0.0,0.0
caribou,melody day,0.0,0.6,0.2,0.0,0.6,0.0,0.4,0.0
killing joke,love like blood,0.4,0.2,0.0,0.0,0.8,0.4,0.4,0.0
evanescence,cloud nine,0.4,0.6,0.0,0.0,0.8,0.0,0.6,0.0
the smashing pumpkins,stand inside your love,0.0,0.0,0.6,0.0,1.0,0.0,0.6,0.0
tv on the radio,red dress,0.8,0.0,0.0,0.2,0.0,1.0,0.4,0.6
the white stripes,instinct blues,0.2,0.0,0.0,0.0,0.2,0.0,0.4,0.2
sunset rubdown,winged/wicked things,0.4,0.4,0.0,0.0,0.4,0.0,0.8,0.0
the notwist,consequence,0.0,0.8,0.0,0.0,0.4,0.0,0.4,0.0
rage against the machine,freedom,1.0,0.0,0.0,0.0,0.0,1.0,0.4,0.0
nick cave & the bad seeds,red right hand,0.0,0.2,0.0,0.0,0.0,0.4,0.6,0.0
έλενα παπαρίζου,teardrops,0.2,0.8,0.0,0.0,0.8,0.0,0.2,0.0
broken social scene,i slept with bonhomme at the cbc,0.0,0.0,0.0,0.0,0.0,0.0,0.0,0.0
the beatles,anna (go to him),0.0,0.8,0.0,0.0,1.0,0.0,0.0,0.0
m.i.a.,the turn,0.4,0.2,0.2,0.2,0.0,0.6,0.4,0.2
architecture in helsinki,spring 2008,0.0,0.0,0.8,0.4,0.6,0.0,0.4,0.0
girl talk,in step,0.2,0.0,0.6,0.4,0.2,0.0,0.2,0.6
wolfmother,where eagles have been,0.0,0.0,0.2,0.0,0.2,0.0,0.6,0.0
sentenced,dead moon rising,0.4,0.8,0.0,0.0,0.2,0.0,0.4,0.0
wilco,company in my back,0.0,0.4,0.0,0.0,0.0,0.2,0.6,0.0
rage against the machine,maria,0.6,0.4,0.0,0.0,0.0,1.0,0.4,0.0
pj harvey,you come through,0.0,0.2,0.4,0.0,0.8,0.0,0.2,0.0
t. rex,children of the revolution,0.4,0.0,0.2,0.0,0.0,0.8,0.2,0.0
the velvet underground,candy says,0.0,1.0,0.0,0.0,0.2,0.4,0.4,0.0
zz top,la grange,0.0,0.0,0.4,0.4,0.0,0.2,0.0,0.2
the long blondes,weekend without makeup,0.4,0.4,0.0,0.2,0.8,0.0,0.2,0.0
killswitch engage,a bid farewell,0.6,0.4,0.0,0.0,0.2,0.0,0.4,0.0
morrissey,i have forgiven jesus,0.4,1.0,0.0,0.0,0.2,0.2,0.2,0.0
foo fighters,big me,0.0,0.0,0.6,0.0,1.0,0.0,0.4,0.0
zz top,got me under pressure,0.4,0.0,0.0,0.4,0.4,0.0,0.2,0.4
the dead 60s,riot radio,0.6,0.0,0.0,0.0,0.0,0.8,0.2,0.0
elbow,weather to fly,0.0,0.2,0.8,0.0,0.0,0.0,0.6,0.0
nine inch nails,the line begins to blur,0.4,0.6,0.0,0.0,0.0,0.0,0.6,0.0
beulah,gravity's bringing us down,0.2,0.8,0.0,0.0,0.8,0.0,0.4,0.0
band of horses,islands on the coast,0.0,0.4,0.2,0.0,0.2,0.0,0.6,0.0
fergie,london bridge (radio edit),0.2,0.0,0.6,0.2,0.0,0.0,0.4,0.4
kraftwerk,the model,0.0,0.0,0.0,0.2,0.4,0.4,0.0,0.0
the jam,in the city,0.4,0.0,0.4,0.0,0.0,0.6,0.2,0.0
rage against the machine,beautiful world,0.4,0.6,0.0,0.2,0.0,0.8,0.2,0.0
the cranberries,animal instinct,0.4,0.2,0.0,0.0,0.8,0.2,0.2,0.0
opeth,ghost of perdition,0.6,0.4,0.0,0.0,0.0,0.0,0.8,0.0
metallica,through the never,0.2,0.0,0.0,0.0,0.0,0.0,0.6,0.0
secret machines,sad and lonely,0.0,1.0,0.0,0.0,0.4,0.0,0.4,0.0
katatonia,teargas,0.4,1.0,0.0,0.0,0.6,0.0,0.4,0.0
battles,prismism,0.0,0.0,0.0,0.0,0.0,0.0,1.0,0.0
jem,wish i,0.0,0.8,0.0,0.0,0.8,0.0,0.2,0.0
belle and sebastian,you don't send me,0.0,0.6,0.2,0.2,0.8,0.0,0.2,0.0
scissor sisters,she's my man,0.2,0.0,0.8,0.8,0.8,0.2,0.4,0.2
the stone roses,shoot you down,0.6,0.0,0.0,0.2,0.0,0.0,0.4,0.0
matchbox twenty,push,0.6,0.4,0.0,0.0,0.6,0.0,0.2,0.0
guano apes,big in japan,0.2,0.4,0.0,0.0,0.2,0.2,0.6,0.0
nine inch nails,kinda i want to,0.2,0.0,0.0,0.0,0.4,0.0,0.2,0.0
explosions in the sky,magic hours,0.0,0.0,0.0,0.0,0.0,0.0,0.0,0.0
sublime,wrong way,0.4,0.8,0.0,0.0,0.0,0.6,0.0,0.8
alexi murdoch,orange sky,0.0,0.2,0.4,0.0,0.8,0.0,0.4,0.0
the kooks,mr. maker,0.0,0.2,0.6,0.2,0.8,0.0,0.4,0.0
king crimson,21st century schizoid man,1.0,0.4,0.0,0.0,0.0,1.0,0.8,0.4
hard-fi,suburban knights,0.6,0.2,0.0,0.0,0.0,0.6,0.2,0.2
queens of the stone age,a song for the dead,0.8,0.0,0.0,0.0,0.0,0.0,0.4,0.0
wilco,she's a jar,0.4,0.8,0.0,0.0,0.6,0.0,0.6,0.2
wilco,walken,0.0,0.2,0.6,0.2,0.6,0.0,0.2,0.0
eddie vedder,far behind,0.0,0.4,0.2,0.0,0.0,0.2,0.2,0.0
the verve,history,0.4,0.8,0.0,0.0,0.6,0.0,0.4,0.0
black kids,listen to your body tonight,0.0,0.0,0.8,0.4,0.4,0.0,0.2,0.2
le tigre,hot topic,0.0,0.0,0.8,0.0,0.0,0.8,0.0,0.0
iron & wine,peace beneath the city,0.0,0.6,0.2,0.0,0.2,0.4,0.6,0.0
jack johnson,fortunate fool,0.0,0.0,0.2,0.0,0.4,0.2,0.2,0.0
the dandy warhols,not if you were the last junkie on earth,0.4,0.2,0.0,0.6,0.2,0.4,0.2,0.4
clint mansell,first snow,0.0,0.0,0.0,0.0,0.0,0.0,0.0,0.0
yo la tengo,i feel like going home,0.0,1.0,0.0,0.0,0.0,0.0,0.4,0.0
depeche mode,the things you said,0.4,0.8,0.0,0.0,0.4,0.0,0.2,0.0
nicola conte,bossa per due,0.0,0.0,0.8,0.0,0.8,0.0,0.2,0.0
marilyn manson,i put a spell on you,0.6,0.0,0.0,0.0,0.8,0.0,0.2,0.0
marilyn manson,(s)aint,0.8,0.0,0.0,0.2,0.0,0.0,0.2,0.8
the white stripes,expecting,0.4,0.0,0.0,0.0,0.2,0.0,0.2,0.0
muse,escape,0.6,0.2,0.0,0.0,0.2,0.0,0.2,0.0
yeah yeah yeahs,miles away,0.2,0.6,0.0,0.0,0.4,0.0,0.4,0.0
nouvelle vague,human fly,0.4,0.0,0.0,0.6,0.0,0.0,0.8,0.0
pearl jam,unemployable,0.4,0.6,0.0,0.0,0.2,0.6,0.2,0.0
radiohead,a wolf at the door. (it girl. rag doll.),0.4,0.2,0.0,0.2,0.0,0.6,0.8,0.2
eddie vedder,long nights,0.0,0.6,0.2,0.0,0.0,0.0,0.4,0.0
james blunt,billy,0.0,0.6,0.0,0.0,0.0,0.2,0.2,0.0
zero 7,look up,0.0,0.2,0.4,0.0,0.2,0.0,0.4,0.0
stars,my favourite book,0.0,0.2,0.6,0.0,1.0,0.0,0.4,0.0
sex pistols,anarchy in the uk,1.0,0.0,0.0,0.2,0.0,1.0,0.2,0.2
apparat,holdon,0.0,0.6,0.0,0.0,0.4,0.0,0.6,0.0
daft punk,daftendirekt,0.0,0.0,0.0,0.0,0.0,0.0,0.0,0.0
jojo,too little too late,0.4,0.4,0.0,0.0,1.0,0.0,0.2,0.0
pulp,lipgloss,0.4,0.2,0.0,0.4,0.4,0.2,0.2,0.0
pulp,live bed show,0.0,0.8,0.0,0.2,0.6,0.0,0.4,0.2
be your own pet,bunk trunk skunk,0.4,0.0,0.0,0.6,0.0,0.0,0.6,0.2
the smiths,oscillate wildly,0.0,0.0,0.0,0.0,0.0,0.0,0.0,0.0
joy division,failures,0.4,0.6,0.0,0.0,0.0,0.0,0.2,0.0
slipknot,pulse of the maggots,0.8,0.2,0.0,0.0,0.0,0.6,0.4,0.2
regina spektor,sailor song,0.0,0.2,0.4,0.4,0.2,0.0,0.6,0.0
dio,holy diver,0.2,0.0,0.0,0.0,0.0,0.0,0.8,0.0
the stone roses,(song for my) sugar spun sister,0.0,0.0,0.6,0.2,0.8,0.0,0.6,0.0
dredg,sang real,0.0,0.0,0.0,0.0,0.0,0.4,0.6,0.0
ratatat,kennedy,0.0,0.0,0.0,0.0,0.0,0.0,0.0,0.0
foo fighters,erase/replace,0.8,0.2,0.0,0.0,0.0,0.0,0.4,0.0
garbage,not my idea,0.6,0.2,0.0,0.0,0.2,0.0,0.4,0.0
alanis morissette,all i really want,0.6,0.2,0.0,0.2,0.2,0.0,0.4,0.0
kanye west,street lights,0.0,1.0,0.0,0.0,0.4,0.0,0.4,0.0
evanescence,weight of the world,0.6,0.4,0.0,0.0,0.0,0.4,0.4,0.0
joanna newsom,three little babes,0.0,1.0,0.0,0.0,0.2,0.0,0.4,0.0
metallica,creeping death,1.0,0.0,0.0,0.0,0.0,0.4,0.2,0.0
moby,raining again,0.0,0.6,0.0,0.0,0.4,0.0,0.4,0.0
coldplay,see you soon,0.0,0.8,0.2,0.0,0.6,0.0,0.4,0.0
garbage,the world is not enough,0.0,0.2,0.0,0.0,0.6,0.0,0.4,0.0
the sounds,24 hours,0.0,0.2,0.4,0.0,0.8,0.0,0.2,0.0
muse,dark shines,0.4,0.4,0.0,0.0,0.6,0.0,0.6,0.0
the ting tings,we started nothing,0.4,0.0,0.2,0.2,0.0,0.0,0.2,0.0
!!!,yadnus,0.0,0.0,0.6,0.2,0.4,0.0,0.4,0.2
nine inch nails,the greater good,0.0,0.0,0.0,0.0,0.0,0.8,0.6,0.0
minus the bear,pachuca sunrise,0.0,0.2,0.4,0.0,0.8,0.0,0.4,0.2
mastodon,iron tusk,0.6,0.0,0.0,0.0,0.0,0.0,0.6,0.0
beyoncé,ring the alarm,1.0,0.2,0.0,0.0,0.6,0.0,0.2,0.2
echo & the bunnymen,bring on the dancing horses,0.0,0.4,0.0,0.0,0.2,0.0,0.8,0.0
tv on the radio,tonight,0.0,0.4,0.2,0.0,0.6,0.0,0.6,0.0
jackson and his computer band,tv dogs (cathodica's letter) (feat. mike ladd),0.4,0.0,0.0,0.2,0.0,0.6,0.8,0.2
queens of the stone age,battery acid,0.8,0.0,0.0,0.2,0.0,0.0,0.6,0.2
animal collective,winter wonder land,0.0,0.0,0.8,0.2,0.8,0.0,0.4,0.0
new young pony club,tight fit,0.0,0.0,0.4,0.2,0.4,0.0,0.4,0.2
belle and sebastian,ease your feet in the sea,0.0,0.4,0.4,0.2,0.2,0.0,0.4,0.0
manu chao,desaparecido,0.2,0.6,0.0,0.0,0.0,0.8,0.4,0.0
rilo kiley,under the blacklight,0.0,0.4,0.0,0.2,0.2,0.4,0.4,0.4
elvis presley,heartbreak hotel,0.0,1.0,0.0,0.0,0.6,0.0,0.4,0.0
depeche mode,breathe,0.0,0.4,0.0,0.0,0.6,0.0,0.6,0.0
iron maiden,iron maiden,0.6,0.0,0.0,0.0,0.0,0.0,0.2,0.6
jimmy eat world,drugs or me,0.0,1.0,0.0,0.0,0.6,0.0,0.2,0.2
soilwork,the flameout,0.6,0.4,0.0,0.0,0.0,0.4,0.6,0.0
the police,invisible sun,0.2,0.6,0.2,0.0,0.0,0.8,0.4,0.0
my morning jacket,gideon,0.2,0.2,0.0,0.0,0.0,0.2,0.6,0.0
daft punk,harder better faster stronger,0.0,0.0,0.0,0.0,0.0,0.2,0.0,0.0
the zombies,time of the season,0.0,0.0,0.2,0.0,1.0,0.0,0.2,0.0
battles,tij,0.0,0.0,0.0,0.0,0.0,0.0,1.0,0.0
nelly furtado,wait for you,0.0,0.6,0.0,0.0,1.0,0.0,0.2,0.0
patti smith,gloria,0.4,0.0,0.4,0.0,0.4,0.4,0.4,0.4
t.v. carpio,i want to hold your hand,0.0,0.0,1.0,0.0,1.0,0.0,0.0,0.0
camera obscura,country mile,0.0,0.4,0.2,0.0,0.8,0.0,0.2,0.0
air,electronic performers,0.0,0.0,0.2,0.2,0.0,0.2,0.4,0.0
louis xiv,finding out true love is blind,0.0,0.0,0.2,0.4,0.2,0.0,0.2,0.8
the doors,back door man,0.0,0.0,0.0,0.2,0.0,0.0,0.2,0.4
hard-fi,living for the weekend,0.4,0.2,0.6,0.2,0.0,0.6,0.2,0.0
kt tunstall,another place to fall,0.4,0.0,0.0,0.0,0.4,0.0,0.2,0.0
jens lekman,sipping on the sweet nectar,0.0,0.2,0.8,0.2,1.0,0.0,0.4,0.0
the white stripes,st. andrew (this battle is in the air),0.2,0.0,0.0,0.0,0.0,0.0,0.8,0.0
jay-z and linkin park,numb/encore,0.4,0.6,0.4,0.2,0.0,0.0,0.4,0.2
anathema,fragile dreams,0.0,1.0,0.0,0.0,0.6,0.0,0.4,0.0
the dresden dolls,modern moonlight,0.6,0.2,0.0,0.4,0.0,0.8,0.4,0.0
red hot chili peppers,this velvet glove,0.0,0.2,0.4,0.0,0.8,0.0,0.6,0.0
布袋寅泰,battle without honor or humanity,0.0,0.0,0.0,0.0,0.0,0.0,0.0,0.0
jack johnson,holes to heaven,0.0,0.2,0.4,0.0,0.2,0.0,0.4,0.0
hercules and love affair,athene,0.0,0.0,0.0,0.0,0.0,0.0,0.0,0.0
abba,mamma mia,0.4,0.4,0.4,0.0,1.0,0.0,0.2,0.0
bob marley & the wailers,get up stand up,0.4,0.0,0.2,0.0,0.0,1.0,0.2,0.0
the raconteurs,salute your solution,0.6,0.0,0.0,0.0,0.0,0.0,0.4,0.0
kevin shields,city girl,0.0,0.2,0.4,0.0,1.0,0.0,0.4,0.0
elliott smith,ostrich & chirping,0.0,0.0,0.0,0.0,0.0,0.0,0.0,0.0
elliott smith,bottle up and explode!,0.4,0.6,0.0,0.0,0.4,0.0,0.4,0.0
έλενα παπαρίζου,my number one,0.0,0.0,0.8,0.0,1.0,0.0,0.2,0.0
mogwai,stop coming to my house,0.0,0.0,0.0,0.0,0.0,0.0,0.0,0.0
heaven 17,temptation,0.0,0.0,0.0,0.0,0.8,0.2,0.2,0.0
system of a down,ddevil,0.6,0.0,0.0,0.6,0.0,0.2,0.8,0.4
mötley crüe,kickstart my heart,0.2,0.0,0.8,0.2,0.0,0.0,0.2,0.2
kimya dawson,my rollercoaster,0.0,0.2,0.8,0.4,0.6,0.0,0.4,0.0
deftones,be quiet and drive (far away),0.2,0.6,0.0,0.0,0.2,0.0,0.4,0.0
metric,help i'm alive,0.0,0.4,0.0,0.0,0.0,0.0,0.4,0.0
hercules and love affair,time will,0.0,0.2,0.6,0.0,0.6,0.0,0.2,0.0
the stooges,raw power,0.6,0.0,0.2,0.0,0.0,0.0,0.4,0.4
stars,he lied about death,0.6,0.4,0.0,0.0,0.0,0.8,0.4,0.0
porcupine tree,feel so low,0.0,1.0,0.0,0.0,0.6,0.0,0.2,0.0
bonobo,the fever,0.0,0.0,0.0,0.0,0.0,0.0,0.0,0.0
bob marley & the wailers,could you be loved,0.0,0.0,0.8,0.0,0.6,0.4,0.2,0.0
slayer,dead skin mask,0.4,0.2,0.0,0.0,0.0,0.0,0.4,1.0
misfits,we are 138,0.4,0.0,0.0,0.0,0.0,0.4,0.6,0.0
clint mansell,death is a disease,0.0,0.0,0.0,0.0,0.0,0.0,0.0,0.0
echo & the bunnymen,lips like sugar,0.0,0.2,0.2,0.0,0.8,0.0,0.8,0.0
yo la tengo,black flowers,0.0,0.4,0.2,0.0,0.6,0.0,0.4,0.0
justice,one minute to midnight,0.0,0.0,0.0,0.0,0.0,0.0,0.0,0.0
blink-182,down,0.2,0.8,0.0,0.0,0.6,0.0,0.4,0.0
the black keys,10 a.m. automatic,0.4,0.2,0.0,0.0,0.6,0.0,0.2,0.0
lady gaga,just dance (feat. colby o'donis),0.0,0.0,1.0,0.2,0.2,0.0,0.2,0.0
oasis,the turning,0.4,0.2,0.0,0.0,0.2,0.0,0.6,0.0
midnight juggernauts,into the galaxy,0.0,0.0,0.6,0.0,0.4,0.0,0.6,0.0
oasis,waiting for the rapture,0.2,0.2,0.0,0.0,0.6,0.0,0.4,0.0
the prodigy,funky shit,0.0,0.0,0.2,0.0,0.0,0.0,0.2,0.6
gotan project,diferente,0.0,0.2,0.2,0.0,0.6,0.0,0.4,0.0
broken social scene,alive in 85,0.0,0.4,0.4,0.0,0.4,0.2,0.6,0.0
the kills,fried my little brains,0.4,0.0,0.0,0.0,0.2,0.0,0.4,0.0
yeah yeah yeahs,bang,0.4,0.0,0.2,0.4,0.0,0.0,0.2,0.8
love is all,make out fall out make up,0.4,0.4,0.2,0.0,1.0,0.0,0.2,0.0
elbow,the loneliness of a tower crane driver,0.0,1.0,0.0,0.0,0.6,0.2,0.6,0.0
rob dougan,clubbed to death,0.0,0.0,0.0,0.0,0.0,0.0,0.0,0.0
kanye west,the glory,0.2,0.0,0.8,0.4,0.0,0.2,0.2,0.4
whitesnake,still of the night,0.0,0.2,0.0,0.0,1.0,0.0,0.4,0.2
goldfrapp,little bird,0.0,0.4,0.2,0.0,0.2,0.0,0.6,0.0
dirty pretty things,gin & milk,0.4,0.2,0.0,0.2,0.2,0.2,0.4,0.2
the libertines,horrorshow,0.4,0.0,0.0,0.2,0.0,0.4,0.4,0.0
ghostface killah,9 milli bros. (feat. wu-tang clan),0.8,0.0,0.0,0.2,0.0,0.2,0.4,0.8
nightwish,stargazers,0.0,0.0,0.4,0.0,0.0,0.2,0.6,0.0
bruce springsteen,atlantic city,0.0,0.8,0.0,0.0,0.4,0.6,0.2,0.0
depeche mode,hole to feed,0.2,0.2,0.2,0.0,0.4,0.0,0.4,0.4
modest mouse,i came as a rat,0.4,0.4,0.0,0.2,0.0,0.2,0.6,0.0
nightwish,sahara,0.0,0.2,0.0,0.0,0.4,0.0,0.6,0.0
queen,save me,0.0,1.0,0.0,0.0,1.0,0.0,0.2,0.0
tori amos,sleeps with butterflies,0.0,0.4,0.2,0.0,0.6,0.0,0.4,0.0
amy winehouse,in my bed,0.4,0.2,0.0,0.2,0.2,0.0,0.2,0.4
elbow,an audience with the pope,0.0,0.0,0.6,0.4,0.6,0.2,0.4,0.0
nick drake,at the chime of a city clock,0.0,0.6,0.0,0.0,0.0,0.4,0.4,0.0
in flames,jotun,0.4,0.2,0.0,0.0,0.0,0.4,1.0,0.0
death cab for cutie,blacking out the friction,0.2,0.6,0.0,0.0,0.8,0.0,0.4,0.0
morrissey,dear god please help me,0.0,0.8,0.0,0.0,0.6,0.0,0.4,0.4
the cure,fire in cairo,0.0,0.0,0.2,0.0,0.6,0.0,0.6,0.0
rufus wainwright,california,0.2,0.2,0.2,0.6,0.0,0.4,0.4,0.0
ben folds,annie waits,0.2,0.6,0.0,0.0,0.6,0.0,0.2,0.0
the smashing pumpkins,mellon collie and the infinite sadness,0.0,0.0,0.0,0.0,0.0,0.0,0.0,0.0
blonde redhead,messenger,0.2,0.6,0.0,0.0,0.4,0.0,0.6,0.0
snow patrol,if there's a rocket tie me to it,0.0,0.2,0.4,0.0,0.6,0.0,0.6,0.0
dj shadow,stem/long stem,0.0,0.0,0.0,0.0,0.0,0.0,0.0,0.0
sunset rubdown,the empty threats of little lord,0.4,0.4,0.0,0.2,0.4,0.0,0.8,0.0
devendra banhart,long haired child,0.0,0.0,0.6,0.2,0.2,0.0,0.4,0.0
bloc party,trojan horse,0.6,0.4,0.0,0.0,0.8,0.0,0.4,0.0
the horrors,count in fives,0.4,0.0,0.0,0.0,0.0,0.0,0.6,0.0
peter bjorn and john,the chills,0.0,0.4,0.4,0.0,0.8,0.0,0.4,0.0
all saints,black coffee,0.0,0.2,0.2,0.0,1.0,0.0,0.4,0.0
jackson and his computer band,hard tits,,,,,,,,
metallica,suicide & redemption,0.0,0.0,0.0,0.0,0.0,0.0,0.0,0.0
creedence clearwater revisited,up around the bend,0.0,0.0,0.8,0.0,0.0,0.0,0.2,0.0
jackson and his computer band,teen beat ocean,0.0,0.0,0.0,0.0,0.0,0.0,0.0,0.0
mew,chinaberry tree,0.0,0.8,0.0,0.0,0.2,0.0,0.8,0.0
him,and love said no,0.2,1.0,0.0,0.0,1.0,0.0,0.4,0.0
pj harvey,angelene,0.0,0.8,0.0,0.0,0.6,0.0,0.6,0.0
audioslave,drown me slowly,0.4,0.4,0.0,0.0,0.2,0.0,0.6,0.0
iron & wine and calexico,he lays in the reins,0.0,0.6,0.0,0.0,0.4,0.0,0.6,0.0
inxs,new sensation,0.0,0.0,1.0,0.0,0.6,0.0,0.2,0.0
broadcast,tender buttons,0.0,0.2,0.0,0.0,0.0,0.0,0.8,0.0
sarah mclachlan,angel,0.0,1.0,0.0,0.0,0.0,0.0,0.4,0.0
the unicorns,child star,0.4,0.4,0.2,0.6,0.0,0.2,0.6,0.0
danny elfman,this is halloween,0.0,0.0,0.4,0.4,0.0,0.0,0.2,0.0
+44,when your heart stops beating,0.0,0.2,0.4,0.0,0.4,0.0,0.2,0.0
guns n' roses,rocket queen,0.4,0.2,0.0,0.0,0.6,0.0,0.2,0.8
the smiths,well i wonder,0.0,1.0,0.0,0.0,0.6,0.0,0.4,0.0
the whitest boy alive,done with you,0.4,0.4,0.0,0.0,0.8,0.0,0.2,0.0
the magnetic fields,i think i need a new heart,0.0,0.8,0.2,0.6,0.8,0.0,0.2,0.0
rufus wainwright,14th street,0.0,0.4,0.6,0.2,0.6,0.0,0.4,0.0
yo la tengo,sometimes i don't get you,0.2,0.4,0.0,0.0,0.8,0.0,0.2,0.0
placebo,come home,0.4,0.6,0.0,0.0,0.8,0.0,0.4,0.2
jimmy eat world,always be,0.0,0.4,0.2,0.0,0.8,0.0,0.2,0.0
porcupine tree,prodigal,0.0,1.0,0.0,0.0,0.4,0.0,0.4,0.0
elliott smith,alphabet town,0.2,0.8,0.0,0.0,0.2,0.0,0.6,0.2
the magnetic fields,absolutely cuckoo,0.0,0.2,0.4,1.0,0.8,0.0,0.2,0.0
mission of burma,that's when i reach for my revolver,0.8,0.4,0.0,0.0,0.0,0.4,0.4,0.2
jack johnson,gone,0.2,0.2,0.0,0.0,0.0,0.8,0.4,0.0
sigur rós,vaka,0.0,0.0,0.0,0.0,0.0,0.0,1.0,0.0
kasabian,i.d,0.4,0.0,0.0,0.0,0.0,0.2,0.6,0.0
children of bodom,in your face,1.0,0.0,0.0,0.0,0.0,0.0,0.2,1.0
adam green,i wanna die,0.2,0.8,0.0,0.4,0.2,0.0,0.4,0.0
the white stripes,hello operator,0.2,0.0,0.4,0.4,0.2,0.0,0.6,0.0
clint mansell,finish it,0.0,0.0,0.0,0.0,0.0,0.0,0.0,0.0
porcupine tree,a smart kid,0.0,0.8,0.0,0.0,0.0,0.4,0.4,0.0
tool,undertow,0.4,0.2,0.0,0.0,0.0,0.0,0.6,0.0
turin brakes,pain killer,0.0,0.4,0.4,0.0,0.8,0.0,0.4,0.0
bright eyes,no one would riot for less,0.2,1.0,0.0,0.0,0.2,0.4,0.6,0.0
the chemical brothers,let forever be,0.0,0.2,0.4,0.0,0.0,0.0,0.8,0.0
jens lekman,into eternity,0.0,0.2,0.6,0.2,1.0,0.0,0.2,0.0
cat power,wild is the wind,0.0,0.6,0.0,0.0,1.0,0.0,0.4,0.0
30 seconds to mars,fallen,0.4,0.6,0.0,0.0,0.2,0.0,0.6,0.0
maroon 5,goodnight goodnight,0.4,0.8,0.0,0.0,0.6,0.0,0.2,0.0
sinéad o'connor,nothing compares 2 u,0.2,1.0,0.0,0.0,0.8,0.0,0.2,0.0
radiohead,we suck young blood. (your time is up.),0.4,0.2,0.0,0.0,0.0,0.6,0.6,0.0
radiohead,prove yourself,0.4,1.0,0.0,0.0,0.0,0.0,0.2,0.0
system of a down,chic 'n' stu,0.4,0.0,0.0,0.6,0.0,0.8,0.4,0.0
squarepusher,tommib,0.0,0.0,0.0,0.0,0.0,0.0,0.0,0.0
beck,soul of a man,0.2,0.4,0.0,0.0,0.0,0.4,0.4,0.0
creedence clearwater revisited,i put a spell on you,0.6,0.2,0.0,0.0,0.8,0.0,0.2,0.0
regina spektor,ghost of corporate future,0.0,0.2,0.4,0.6,0.2,0.4,0.6,0.0
the rakes,open book,0.0,0.4,0.0,0.0,0.4,0.0,0.2,0.0
the smiths,death of a disco dancer,0.4,0.4,0.0,0.2,0.0,0.6,0.4,0.0
justin timberlake,sexy back,0.0,0.0,0.4,0.2,0.2,0.0,0.2,0.6
eisley,telescope eyes,0.2,0.6,0.0,0.0,0.6,0.0,0.6,0.0
bloc party,price of gasoline,0.6,0.2,0.0,0.0,0.0,0.8,0.4,0.0
the kills,i hate the way you love,0.6,0.4,0.0,0.0,0.6,0.0,0.4,0.0
björk,the dull flame of desire,0.0,0.2,0.2,0.0,1.0,0.0,0.6,0.0
the black keys,girl is on my mind,0.2,0.4,0.0,0.0,1.0,0.0,0.2,0.0
oasis,up in the sky,0.4,0.0,0.0,0.2,0.0,0.2,0.4,0.0
coheed and cambria,a favor house atlantic,0.4,0.2,0.0,0.0,0.6,0.0,0.6,0.0
youth group,forever young,0.0,0.6,0.2,0.0,0.0,0.4,0.4,0.0
digitalism,digitalism in cairo,0.0,0.0,0.0,0.0,0.0,0.0,0.2,0.0
autolux,angry candy,0.4,0.4,0.0,0.0,0.0,0.0,0.8,0.0
islands,tsuxiit,0.0,0.0,0.0,0.0,0.0,0.0,0.0,0.0
the white stripes,i think i smell a rat,0.6,0.0,0.0,0.2,0.0,0.6,0.2,0.0
sufjan stevens,the avalanche,0.0,0.6,0.2,0.0,0.0,0.0,0.6,0.0
metallica,harvester of sorrow,1.0,0.2,0.0,0.0,0.0,0.4,0.4,0.4
fort minor,where'd you go,0.4,1.0,0.0,0.0,0.8,0.0,0.2,0.0
britney spears,lace and leather,0.0,0.0,0.2,0.0,0.8,0.0,0.2,0.4
four tet,as serious as your life,0.0,0.0,0.0,0.0,0.0,0.0,0.0,0.0
okkervil river,for real,0.8,0.4,0.0,0.0,0.2,0.0,0.6,0.2
she wants revenge,out of control,0.4,0.4,0.0,0.0,0.6,0.0,0.2,0.4
ramones,the kkk took my baby away,0.4,0.8,0.0,0.4,0.8,0.4,0.0,0.0
ratatat,swisha,0.0,0.0,0.0,0.0,0.0,0.0,0.0,0.0
midlake,bandits,0.2,0.6,0.0,0.0,0.2,0.2,0.4,0.0
no doubt,new,0.0,0.0,0.8,0.0,0.8,0.0,0.2,0.0
elliott smith,l.a.,0.4,0.4,0.0,0.0,0.0,0.4,0.4,0.0
the clash,remote control,0.6,0.0,0.0,0.2,0.0,0.8,0.4,0.0
lykke li,let it fall,0.0,0.4,0.0,0.0,0.6,0.0,0.4,0.0
nirvana,blew,0.8,0.4,0.0,0.0,0.0,0.0,0.6,0.0
dirty pretty things,doctors and dealers,0.4,0.2,0.0,0.0,0.0,0.4,0.4,0.2
pj harvey,a place called home,0.0,0.4,0.6,0.0,0.8,0.0,0.4,0.0
pj harvey,a perfect day elise,0.4,0.6,0.0,0.0,0.4,0.0,0.4,0.0
the kills,cat claw,0.4,0.0,0.0,0.0,0.4,0.0,0.6,0.2
m83,america,0.0,0.0,0.0,0.0,0.0,0.0,1.0,0.0
the smiths,barbarism begins at home,0.4,0.4,0.0,0.2,0.0,0.6,0.2,0.2
katatonia,will i arrive,0.2,1.0,0.0,0.0,0.2,0.0,0.6,0.0
beck,volcano,0.0,0.8,0.0,0.0,0.2,0.0,0.6,0.0
björk,the modern things,0.0,0.0,0.2,0.2,0.0,0.4,0.8,0.0
elliott smith,strung out again,0.2,1.0,0.0,0.0,0.2,0.0,0.4,0.0
disturbed,the game,1.0,0.0,0.0,0.0,0.2,0.0,0.4,0.2
the who,who are you,0.6,0.2,0.0,0.2,0.0,0.0,0.4,0.4
kylie minogue,spinning around,0.2,0.0,0.8,0.0,0.4,0.0,0.2,0.0
machinae supremacy,cryosleep,0.2,0.8,0.0,0.0,0.2,0.2,0.4,0.0
blackfield,cloudy now,0.8,1.0,0.0,0.0,0.0,0.4,0.2,0.4
depeche mode,little soul,0.0,0.4,0.2,0.0,0.6,0.0,0.6,0.0
goldfrapp,cologne cerrone houdini,0.0,0.0,0.4,0.0,0.2,0.0,0.6,0.2
pj harvey,to talk to you,0.0,1.0,0.0,0.0,0.2,0.0,0.4,0.0
gorillaz,19-2000 (soulchild remix),0.0,0.0,0.6,0.4,0.0,0.2,0.6,0.0
the sugarcubes,birthday,0.0,0.2,0.6,0.2,0.4,0.0,0.8,0.2
gorillaz,double bass,0.0,0.0,0.0,0.0,0.0,0.0,0.0,0.0
arcade fire,i'm sleeping in a submarine,0.0,0.4,0.2,0.0,0.4,0.0,0.6,0.0
garbage,you look so fine,0.0,0.4,0.2,0.0,1.0,0.0,0.4,0.0
crowded house,don't dream it's over,0.0,0.4,0.4,0.0,0.6,0.2,0.4,0.0
britney spears,why should i be sad,0.4,0.4,0.2,0.0,0.6,0.0,0.2,0.0
stone sour,30/30-150,1.0,0.0,0.0,0.0,0.0,0.0,0.2,0.4
buzzcocks,i don't mind,0.2,0.6,0.0,0.2,0.8,0.0,0.2,0.0
rilo kiley,dreamworld,0.0,0.4,0.2,0.0,0.4,0.2,0.4,0.0
ac/dc,for those about to rock (we salute you),0.0,0.0,0.6,0.0,0.0,0.4,0.4,0.0
björk,5 years,0.8,0.4,0.0,0.0,0.6,0.0,0.4,0.0
the decemberists,16 military wives,0.4,0.2,0.0,0.6,0.0,0.8,0.4,0.0
the decemberists,leslie anne levine,0.0,1.0,0.0,0.0,0.0,0.0,0.4,0.0
the smashing pumpkins,to sheila,0.0,0.4,0.2,0.0,1.0,0.0,0.4,0.0
katatonia,evidence,0.4,1.0,0.0,0.0,0.8,0.0,0.4,0.0
rammstein,adios,0.4,0.2,0.0,0.0,0.0,0.4,0.4,0.4
the magnetic fields,i don't want to get over you,0.0,0.8,0.0,0.6,1.0,0.0,0.2,0.0
phoenix,run run run,0.2,0.4,0.2,0.0,0.6,0.0,0.4,0.0
rilo kiley,the moneymaker,0.0,0.2,0.0,0.0,0.0,0.4,0.2,0.4
deftones,knife prty,0.4,0.2,0.0,0.0,0.2,0.0,0.8,0.6
nightwish,the poet and the pendulum,0.4,1.0,0.0,0.0,0.2,0.0,0.8,0.0
kate nash,mariella,0.4,0.2,0.2,0.2,0.0,0.4,0.2,0.0
kate nash,we get on,0.2,0.8,0.2,0.2,1.0,0.0,0.2,0.0
pantera,primal concrete sledge,1.0,0.0,0.0,0.0,0.0,0.2,0.2,0.0
jethro tull,aqualung,0.4,0.6,0.0,0.2,0.0,0.6,0.2,0.4
damien rice,grey room,0.0,1.0,0.0,0.0,0.4,0.0,0.6,0.0
ben folds,the luckiest,0.0,0.2,0.6,0.0,1.0,0.0,0.2,0.0
opeth,benighted,0.0,0.8,0.0,0.0,0.2,0.0,0.6,0.0
yann tiersen,le banquet,0.0,0.0,0.0,0.0,0.0,0.0,0.0,0.0
yo la tengo,the room got heavy,0.0,0.4,0.2,0.0,0.4,0.0,0.6,0.0
3 doors down,let me go,0.0,0.8,0.0,0.0,0.8,0.0,0.2,0.0
the 13th floor elevators,you're gonna miss me,0.4,0.2,0.0,0.0,0.8,0.0,0.2,0.0
queen,one vision,0.0,0.0,0.8,0.2,0.0,0.6,0.4,0.0
minor threat,straight edge,0.6,0.0,0.0,0.0,0.0,0.6,0.0,0.2
the cinematic orchestra,child song,0.0,0.0,0.0,0.0,0.0,0.0,0.0,0.0
apparat,useless information,0.2,0.4,0.0,0.0,0.0,0.4,0.6,0.0
the rapture,get myself into it,0.0,0.0,0.8,0.0,0.2,0.0,0.2,0.0
black rebel motorcycle club,suddenly,0.2,0.6,0.0,0.0,0.6,0.0,0.6,0.0
bloc party,biko,0.0,0.6,0.0,0.0,0.8,0.0,0.2,0.0
ensiferum,ferrum aeternum,0.0,0.0,0.0,0.0,0.0,0.0,0.0,0.0
maroon 5,shiver,0.2,0.2,0.0,0.0,1.0,0.0,0.2,0.2
system of a down,fuck the system,1.0,0.0,0.0,0.0,0.0,1.0,0.4,1.0
pink floyd,bring the boys back home,0.6,0.6,0.0,0.0,0.0,1.0,0.0,0.0
funeral for a friend,roses for the dead,0.2,1.0,0.0,0.0,0.2,0.0,0.4,0.0
röyksopp,this must be it,0.0,0.0,0.4,0.0,0.2,0.0,0.8,0.0
buddy holly,dearest,0.0,0.2,0.4,0.0,1.0,0.0,0.0,0.0
husky rescue,new light of tomorrow,0.0,0.2,0.4,0.0,0.4,0.0,0.6,0.0
devendra banhart,heard somebody say,0.2,0.8,0.0,0.0,0.0,0.8,0.2,0.0
the chemical brothers,no path to follow,0.0,0.2,0.0,0.0,0.0,0.0,0.4,0.0
the national,friend of mine,0.2,0.8,0.0,0.0,0.4,0.0,0.6,0.0
crystal castles,reckless,0.4,0.6,0.0,0.0,0.2,0.2,0.8,0.2
within temptation,our solemn hour,0.6,0.4,0.0,0.0,0.0,0.8,0.4,0.0
zero 7,in time,0.0,0.4,0.2,0.0,0.6,0.0,0.4,0.0
yo la tengo,little eyes,0.0,0.6,0.2,0.0,0.8,0.0,0.4,0.0
the prodigy,run with the wolves,0.8,0.0,0.0,0.0,0.0,0.0,0.4,0.0
radiohead,go to sleep. (little man being erased.),0.6,0.2,0.0,0.0,0.0,0.8,0.6,0.0
red hot chili peppers,21st century,0.2,0.2,0.2,0.2,0.0,0.4,0.6,0.2
red hot chili peppers,hard to concentrate,0.0,0.0,0.4,0.0,1.0,0.0,0.2,0.0
boards of canada,the smallest weird number,0.0,0.0,0.0,0.0,0.0,0.0,0.0,0.0
babyshambles,unbilotitled,0.2,0.6,0.2,0.0,0.8,0.0,0.6,0.0
ladytron,true mathematics,0.0,0.0,0.0,0.2,0.0,0.0,0.6,0.0
the kills,m.e.x.i.c.o.,0.4,0.0,0.0,0.0,0.0,0.0,0.4,0.0
kasabian,last trip (in flight),0.0,0.0,0.0,0.0,0.0,0.0,0.8,0.0
cocorosie,candyland,0.2,0.6,0.2,0.2,0.2,0.4,0.8,0.4
u2,zoo station,0.0,0.0,0.4,0.2,0.0,0.2,0.6,0.0
the beatles,cry baby cry,0.0,0.2,0.2,0.4,0.0,0.0,0.8,0.0
judas priest,turbo lover,0.0,0.0,0.2,0.0,0.8,0.0,0.4,0.2
cat power,islands,0.0,0.8,0.0,0.0,0.6,0.0,0.6,0.0
beyoncé,single ladies (put a ring on it),0.4,0.0,1.0,0.2,0.4,0.0,0.2,0.0
fischerspooner,we need a war,0.4,0.0,0.0,0.4,0.0,1.0,0.2,0.0
patrick wolf,demolition,0.6,0.4,0.0,0.0,0.0,0.0,0.6,0.0
new order,your silent face,0.2,0.4,0.0,0.0,0.4,0.0,0.6,0.2
gabin,sweet sadness,0.0,0.8,0.2,0.0,0.4,0.0,0.4,0.0
ac/dc,rock 'n' roll train,0.0,0.0,0.8,0.2,0.4,0.0,0.2,0.2
the bravery,public service announcement,0.6,0.2,0.0,0.2,0.4,0.0,0.4,0.0
bloc party,zephyrus,0.0,0.4,0.2,0.0,0.8,0.0,0.6,0.0
yann tiersen,guilty,0.0,0.0,0.0,0.0,0.0,0.0,0.0,0.0
billy talent,devil in a midnight mass,0.8,0.4,0.0,0.0,0.0,0.8,0.4,0.2
mando diao,cut the rope,0.4,0.2,0.0,0.0,0.2,0.0,0.4,0.0
tool,crawl away,0.8,0.0,0.0,0.0,0.0,0.0,0.4,0.2
sonic youth,eric's trip,0.0,0.2,0.0,0.0,0.0,0.0,0.8,0.0
the clash,koka kola,0.4,0.0,0.0,0.6,0.0,0.8,0.4,0.4
bill withers,ain't no sunshine,0.0,1.0,0.0,0.0,1.0,0.0,0.2,0.0
buzzcocks,ever fallen in love (with someone you shouldn't've),0.4,0.8,0.0,0.0,1.0,0.0,0.2,0.0
broken social scene,mossbraker,0.0,0.0,0.0,0.0,0.0,0.0,0.0,0.0
eurythmics,sweet dreams,0.2,0.2,0.0,0.0,0.0,0.2,0.4,0.0
pink floyd,sorrow,0.0,1.0,0.0,0.0,0.0,0.2,0.6,0.0
blondie,rapture,0.0,0.0,0.6,0.6,0.2,0.2,0.8,0.0
grandaddy,now it's on,0.0,0.2,0.6,0.0,0.0,0.0,0.4,0.0
coheed and cambria,the suffering,0.4,0.8,0.0,0.0,1.0,0.0,0.4,0.0
a tribe called quest,electric relaxation,0.0,0.0,0.4,0.4,0.8,0.0,0.2,0.2
björk,pluto,0.8,0.2,0.0,0.0,0.0,0.0,0.8,0.0
kanye west,bad news,0.4,1.0,0.0,0.0,0.8,0.0,0.2,0.0
unkle,hold my hand,0.0,0.6,0.0,0.0,0.6,0.0,0.4,0.0
pink floyd,what do you want from me,0.4,0.2,0.0,0.0,0.0,0.4,0.4,0.0
morrissey,the father who must be killed,0.8,0.4,0.0,0.0,0.2,0.2,0.4,0.0
anton maiden,flight of icarus,0.4,0.4,0.0,0.0,0.0,0.0,0.4,0.0
no doubt,ex-girlfriend,0.6,0.4,0.0,0.2,0.8,0.0,0.2,0.0
system of a down,bubbles,0.4,0.0,0.2,0.4,0.0,0.2,0.8,0.0
m.i.a.,amazon,0.4,0.0,0.2,0.2,0.0,0.6,0.6,0.0
zero 7,this fine social scene,0.0,0.2,0.2,0.0,0.2,0.4,0.4,0.0
maroon 5,secret,0.0,0.2,0.0,0.0,0.8,0.0,0.2,0.2
the futureheads,robot,0.4,0.0,0.0,0.0,0.0,0.4,0.4,0.0
pendulum,different,0.2,0.0,0.2,0.0,0.0,0.0,0.2,0.0
linkin park,in between,0.0,0.8,0.0,0.0,0.4,0.0,0.2,0.0
deftones,xerces,0.0,0.8,0.0,0.0,0.2,0.0,0.8,0.0
anberlin,paperthin hymn,0.2,0.8,0.0,0.0,0.4,0.0,0.4,0.0
billy bragg,a new england,0.0,0.4,0.2,0.2,0.6,0.4,0.2,0.0
daft punk,around the world / harder better faster stronger,0.0,0.0,0.2,0.0,0.0,0.0,0.2,0.0
beth gibbons & rustin man,mysteries,0.0,0.8,0.0,0.0,0.4,0.0,0.6,0.0
the automatic,recover,0.6,0.0,0.0,0.0,0.0,0.0,0.4,0.0
rufus wainwright,natasha,0.0,0.8,0.0,0.0,0.4,0.0,0.4,0.0
gang of four,i found that essence rare,0.4,0.0,0.0,0.4,0.2,0.8,0.4,0.0
kylie minogue,wow,0.0,0.0,1.0,0.0,0.6,0.0,0.2,0.0
robbie williams,rudebox,0.2,0.0,0.6,0.8,0.0,0.2,0.4,0.4
rufus wainwright,one man guy,0.0,0.0,0.6,0.6,0.8,0.0,0.2,0.0
sleater-kinney,the fox,0.6,0.0,0.0,0.0,0.0,0.0,0.6,0.0
razorlight,hold on,0.0,0.4,0.4,0.0,0.2,0.0,0.2,0.0
slayer,reborn,0.8,0.0,0.0,0.0,0.0,0.0,0.2,0.4
opeth,closure,0.2,0.8,0.0,0.0,0.6,0.0,0.4,0.0
múm,finally we are no one,0.0,0.0,0.0,0.0,0.0,0.0,1.0,0.0
razorlight,kirby's house,0.2,0.8,0.0,0.0,0.0,0.6,0.4,0.0
gang of four,ether,0.6,0.0,0.0,0.0,0.0,0.8,0.4,0.0
lenny kravitz,it ain't over 'til it's over,0.0,0.8,0.2,0.0,1.0,0.0,0.2,0.0
bob dylan,shelter from the storm,0.2,0.8,0.2,0.0,0.8,0.2,0.6,0.0
bauhaus,dark entries,0.4,0.2,0.0,0.0,0.0,0.0,0.8,0.0
fall out boy,the (after) life of the party,0.4,0.6,0.2,0.4,0.2,0.0,0.6,0.0
rammstein,mann gegen mann,0.4,0.2,0.0,0.0,0.8,0.6,0.4,0.4
sigur rós,viorar vel til loftarasa,0.0,0.6,0.0,0.0,0.2,0.4,0.8,0.0
stars,one more night,0.0,0.8,0.0,0.0,1.0,0.0,0.4,0.0
faith no more,from out of nowhere,0.4,0.0,0.0,0.0,0.6,0.0,0.4,0.0
morrissey,november spawned a monster,0.4,0.8,0.0,0.0,0.0,0.6,0.4,0.0
amy macdonald,l.a.,0.4,0.2,0.0,0.2,0.0,0.6,0.2,0.0
kasabian,apnoea,0.4,0.0,0.0,0.0,0.0,0.0,0.6,0.0
emilíana torrini,to be free,0.0,0.2,0.6,0.0,0.2,0.0,0.4,0.0
stereo mcs,connected,0.0,0.0,0.4,0.0,0.0,0.6,0.4,0.0
neko case,if you knew,0.0,0.8,0.0,0.0,0.8,0.0,0.4,0.0
in flames,scream,0.8,0.4,0.0,0.0,0.0,0.0,0.6,0.0
dropkick murphys,i'm shipping up to boston,0.0,0.0,0.0,0.4,0.0,0.0,0.2,0.0
children of bodom,bodom beach terror,1.0,0.0,0.0,0.0,0.0,0.0,0.4,0.6
the blow,parentheses,0.0,0.2,0.6,0.4,1.0,0.0,0.4,0.0
the raconteurs,call it a day,0.0,0.4,0.0,0.0,0.4,0.0,0.2,0.0
dj shadow,fixed income,0.0,0.0,0.0,0.0,0.0,0.0,0.0,0.0
the chemical brothers,leave home,0.0,0.0,0.0,0.0,0.0,0.0,0.0,0.0
gwen stefani,rich girl,0.0,0.0,0.8,0.4,0.2,0.2,0.2,0.0
jackson and his computer band,minidoux,0.0,0.0,0.0,0.0,0.0,0.0,0.0,0.0
tv on the radio,dirtywhirl,0.2,0.4,0.2,0.0,0.8,0.0,0.8,0.0
nena,99 luftballons,0.4,0.4,0.2,0.2,0.2,1.0,0.4,0.0
in flames,swim,0.6,0.6,0.0,0.0,0.0,0.0,0.6,0.0
alice in chains,i stay away,0.4,0.6,0.0,0.0,0.2,0.0,0.4,0.0
nelly furtado,in god's hands,0.0,0.8,0.0,0.0,1.0,0.0,0.2,0.0
róisín murphy,let me know,0.0,0.0,0.6,0.0,0.8,0.0,0.2,0.0
tokyo police club,cheer it on,0.2,0.0,0.2,0.4,0.0,0.2,0.4,0.0
bloc party,better than heaven,0.0,0.2,0.6,0.0,0.8,0.0,0.4,0.0
the blood brothers,love rhymes with hideous car wreck,0.6,0.8,0.0,0.0,0.6,0.0,0.8,0.2
bloc party,always new depths,0.4,0.4,0.0,0.0,0.0,0.4,0.6,0.0
metallica,hit the lights,0.0,0.0,0.8,0.0,0.0,0.0,0.2,0.0
evanescence,whisper,0.4,0.2,0.0,0.0,0.0,0.0,0.6,0.0
dido,my lover's gone,0.0,1.0,0.0,0.0,0.8,0.0,0.2,0.0
in flames,jester script transfigured,0.4,0.2,0.0,0.0,0.0,0.0,0.8,0.0
ok go,you're so damn hot,0.2,0.0,0.4,0.4,0.8,0.0,0.2,0.2
tv on the radio,king eternal,0.4,0.4,0.0,0.0,0.0,0.6,0.8,0.0
jay-z,99 problems,0.6,0.0,0.0,0.2,0.0,0.6,0.2,1.0
tv on the radio,family tree,0.0,0.8,0.0,0.0,1.0,0.4,0.6,0.0
hot chip,wrestlers,0.2,0.0,0.4,0.6,0.0,0.0,0.2,0.0
dread zeppelin,the rain song,0.0,0.4,0.2,0.0,0.8,0.0,0.6,0.0
depeche mode,come back,0.0,1.0,0.0,0.0,1.0,0.0,0.2,0.0
lostprophets,can't catch tomorrow (good shoes won't save you this time),0.4,0.0,0.0,0.0,0.0,0.4,0.4,0.0
garbage,shut your mouth,0.6,0.0,0.0,0.2,0.0,0.6,0.2,0.0
sufjan stevens,we won't need legs to stand,0.0,0.6,0.2,0.0,0.2,0.2,0.6,0.0
the libertines,campaign of hate,0.6,0.0,0.0,0.2,0.0,0.8,0.4,0.0
yeah yeah yeahs,hysteric,0.0,0.2,0.4,0.0,1.0,0.0,0.4,0.0
the unicorns,ghost mountain,0.0,0.4,0.2,0.6,0.0,0.0,0.8,0.0
red hot chili peppers,i could die for you,0.0,0.2,0.4,0.0,1.0,0.0,0.4,0.0
nouvelle vague,don't go,0.0,0.4,0.0,0.0,1.0,0.0,0.2,0.0
the monkees,i'm a believer,0.0,0.2,1.0,0.0,1.0,0.0,0.2,0.0
hot chip,made in the dark,0.0,0.6,0.0,0.0,0.8,0.0,0.4,0.0
the new brubeck quartet,take five,0.0,0.0,0.0,0.0,0.0,0.0,0.0,0.0
metric,the twist,0.2,0.4,0.0,0.0,0.4,0.0,0.4,0.0
iron & wine,my lady's house,0.0,0.4,0.2,0.0,0.8,0.0,0.6,0.0
iron & wine,promising light,0.0,0.4,0.4,0.0,1.0,0.0,0.4,0.0
dragonforce,through the fire and flames,0.0,0.2,0.4,0.0,0.0,0.0,0.6,0.0
children of bodom,everytime i die,0.2,1.0,0.0,0.0,0.0,0.0,0.6,0.0
black kids,i wanna be your limousine,0.0,0.2,0.6,0.6,0.8,0.0,0.4,0.0
pendulum,visions,0.0,0.0,0.4,0.0,0.0,0.0,0.6,0.0
the cribs,hey scenesters!,0.6,0.0,0.0,0.2,0.0,0.6,0.2,0.0
kasabian,pinch roller,0.0,0.0,0.0,0.0,0.0,0.0,0.0,0.0
snow patrol,the finish line,0.0,0.8,0.0,0.0,0.8,0.0,0.4,0.0
queen,play the game,0.0,0.2,0.6,0.0,1.0,0.0,0.2,0.0
paramore,when it rains,0.2,0.8,0.0,0.0,0.2,0.0,0.4,0.0
dread zeppelin,out on the tiles,0.0,0.0,0.8,0.0,0.0,0.0,0.2,0.0
the kinks,victoria,0.2,0.0,0.6,0.6,0.0,0.8,0.2,0.0
the stone roses,elizabeth my dear,0.8,0.0,0.0,0.0,0.0,0.8,0.0,0.0
t.a.t.u.,all about us,0.4,0.0,0.2,0.0,1.0,0.4,0.2,0.0
n.e.r.d.,she wants to move,0.2,0.0,0.8,0.4,0.2,0.0,0.2,0.6
dirty pretty things,the gentry cove,0.6,0.2,0.0,0.0,0.0,0.6,0.4,0.0
tori amos,girl,0.2,0.6,0.0,0.0,0.0,0.4,0.6,0.0
yann tiersen,la valse d'amélie (version orchestre),0.0,0.0,0.0,0.0,0.0,0.0,0.0,0.0
nick cave & the bad seeds,stagger lee,1.0,0.0,0.0,0.2,0.0,0.0,0.2,1.0
a.c. newman,the battle for straight time,0.4,0.4,0.2,0.2,0.2,0.2,0.6,0.0
pj harvey,the piano,0.0,1.0,0.0,0.0,0.2,0.0,0.6,0.0
madonna,candy shop,0.0,0.0,0.4,0.2,0.8,0.0,0.6,0.4
wire,the 15th,0.0,0.2,0.4,0.0,0.6,0.0,0.6,0.0
psapp,cosy in the rocket,0.0,0.0,0.4,0.2,0.0,0.0,0.6,0.0
the white stripes,you're pretty good looking (for a girl),0.2,0.0,0.2,0.4,0.6,0.0,0.2,0.0
robbie williams,come undone,0.4,0.8,0.0,0.2,0.2,0.4,0.4,0.6
bonnie somerville,winding road,0.0,0.4,0.4,0.0,0.2,0.0,0.4,0.0
ministry,jesus built my hotrod,0.2,0.0,0.2,1.0,0.0,0.0,1.0,0.0
cat power,names,0.0,1.0,0.0,0.0,0.0,0.6,0.2,0.2
the streets,blinded by the lights,0.4,0.4,0.0,0.0,0.2,0.0,0.2,0.4
beck,minus,0.2,0.0,0.0,0.4,0.0,0.0,0.8,0.0
bloc party,staying fat,0.4,0.4,0.0,0.0,0.2,0.4,0.4,0.0
travis,turn,0.0,0.6,0.2,0.0,0.6,0.0,0.4,0.0
asobi seksu,lions and tigers,,,,,,,,
nightwish,master passion greed,1.0,0.0,0.0,0.0,0.0,0.2,0.2,0.0
rilo kiley,with arms outstretched,0.0,0.4,0.6,0.0,0.2,0.0,0.4,0.0
morrissey,the last of the famous international playboys,0.4,0.4,0.0,0.4,0.4,0.8,0.2,0.0
led zeppelin,four sticks,0.2,0.4,0.0,0.0,0.4,0.0,0.6,0.0
nick drake,know,0.0,0.4,0.2,0.0,0.0,0.0,0.2,0.0
jamiroquai,you give me something,0.0,0.0,0.8,0.0,1.0,0.0,0.2,0.0
onerepublic,mercy,0.4,0.8,0.0,0.0,0.8,0.0,0.4,0.0
the futureheads,danger of the water,0.0,0.2,0.0,0.0,0.0,0.0,0.4,0.0
cat stevens,father and son,0.2,0.6,0.0,0.0,0.4,0.0,0.2,0.0
cansei de ser sexy,let's make love and listen death from above,0.0,0.0,0.6,0.4,0.8,0.0,0.2,0.2
paramore,we are broken,0.2,1.0,0.0,0.0,0.2,0.4,0.4,0.0
beth gibbons & rustin man,tom the model,0.0,0.6,0.0,0.0,0.2,0.4,0.6,0.0
depeche mode,in chains,0.0,0.6,0.0,0.0,1.0,0.0,0.4,0.0
the beatles,birthday,0.0,0.0,1.0,0.2,0.0,0.0,0.0,0.0
incubus,warning,0.0,0.4,0.2,0.0,0.0,0.0,0.4,0.0
simian mobile disco,sleep deprivation,0.0,0.0,0.0,0.0,0.0,0.0,0.0,0.0
the chemical brothers,song to the siren,0.0,0.0,0.0,0.0,0.0,0.0,0.0,0.0
wilco,i'm always in love,0.0,0.4,0.2,0.0,1.0,0.0,0.2,0.0
a perfect circle,breña,0.0,0.4,0.0,0.0,1.0,0.0,0.4,0.0
okkervil river,black,1.0,0.4,0.0,0.0,0.2,0.0,0.4,0.0
joanna newsom,monkey & bear,0.2,0.8,0.0,0.0,0.2,0.4,0.6,0.0
black sabbath,the wizard,0.0,0.0,0.8,0.2,0.0,0.0,0.4,0.0
pj harvey,snake,0.8,0.0,0.0,0.0,0.2,0.0,0.4,0.4
beck,broken drum,0.0,1.0,0.0,0.0,0.0,0.0,0.4,0.0
the verve,rather be,0.0,0.2,0.4,0.0,0.8,0.0,0.2,0.0
depeche mode,blue dress,0.0,0.0,0.2,0.0,0.8,0.0,0.2,0.2
mötley crüe,wild side,0.4,0.0,0.2,0.2,0.0,0.4,0.4,0.4
radiohead,i will. (no man's land.),0.4,0.8,0.0,0.0,0.2,0.6,0.4,0.0
judas priest,electric eye,0.4,0.0,0.0,0.0,0.0,0.8,0.4,0.0
amy macdonald,let's start a band,0.0,0.0,0.8,0.0,0.0,0.0,0.2,0.0
black sabbath,black sabbath,0.0,0.2,0.0,0.0,0.0,0.0,0.4,0.0
hot chip,the beach party,0.0,0.0,0.6,0.4,0.2,0.0,0.2,0.0
nick drake,fruit tree,0.0,0.8,0.0,0.0,0.0,0.6,0.6,0.0
queens of the stone age,the blood is love,0.2,0.2,0.0,0.0,0.6,0.0,0.8,0.4
pearl jam,life wasted,0.4,0.4,0.2,0.0,0.0,0.0,0.4,0.0
pixies,ana,0.0,0.0,0.2,0.0,0.6,0.0,0.8,0.0
foo fighters,come alive,0.0,0.4,0.6,0.0,0.8,0.0,0.2,0.0
metallica,jump in the fire,0.4,0.0,0.0,0.0,0.0,0.0,0.4,0.0
lcd soundsystem,sound of silver,0.0,0.4,0.2,0.4,0.0,0.2,0.4,0.0
james blunt,no bravery,0.4,1.0,0.0,0.0,0.0,0.8,0.2,0.0
the offspring,(can't get my) head around you,0.6,0.2,0.0,0.0,0.4,0.0,0.2,0.0
jack johnson,constellations,0.0,0.4,0.4,0.0,0.8,0.0,0.4,0.0
pink floyd,goodbye cruel world,0.0,1.0,0.0,0.0,0.0,0.0,0.2,0.0
the flaming lips,mr. ambulance driver,0.0,1.0,0.0,0.0,0.6,0.0,0.2,0.0
the smashing pumpkins,to forgive,0.4,0.8,0.0,0.0,0.0,0.0,0.6,0.0
deep purple,burn,0.4,0.0,0.0,0.0,0.0,0.0,0.4,0.0
zero 7,seeing things,0.0,0.4,0.2,0.0,0.2,0.0,0.6,0.0
fever ray,if i had a heart,0.2,0.8,0.0,0.0,0.2,0.0,0.6,0.0
yelle,je veux te voir,0.4,0.0,0.2,1.0,0.0,0.6,0.2,0.8
mastodon,i am ahab,0.8,0.0,0.0,0.0,0.0,0.0,0.4,0.0
beck,devil's haircut,0.2,0.2,0.0,0.2,0.0,0.2,0.8,0.0
mogwai,i do have weapons,0.0,0.0,0.0,0.0,0.0,0.0,0.0,0.0
uverworld,d-tecnolife,0.2,0.4,0.2,0.0,0.4,0.0,0.4,0.0
michael bublé,feeling good,0.0,0.0,1.0,0.0,0.0,0.0,0.4,0.0
four tet,my angel rocks back and forth,0.0,0.0,0.0,0.0,0.0,0.0,0.0,0.0
aqualung,easier to lie,0.0,0.8,0.0,0.0,0.6,0.0,0.4,0.0
sunset rubdown,stadiums and shrines ii,0.2,0.4,0.0,0.0,0.2,0.0,1.0,0.0
animal collective,loch raven,0.0,0.2,0.2,0.0,0.0,0.0,1.0,0.0
air,cemetary party,0.0,0.8,0.0,0.0,0.2,0.0,0.6,0.0
razorlight,rip it up,0.2,0.0,0.4,0.0,0.2,0.0,0.2,0.0
mew,symmetry,0.0,0.6,0.0,0.0,0.6,0.0,0.4,0.0
the cardigans,carnival,0.0,0.6,0.0,0.0,1.0,0.0,0.2,0.0
the format,on your porch,0.0,1.0,0.0,0.0,0.4,0.0,0.2,0.0
auf der maur,followed the waves,0.0,0.4,0.0,0.0,0.6,0.0,0.6,0.0
within temptation,frozen,0.0,1.0,0.0,0.0,0.8,0.0,0.4,0.0
pixies,down to the well,0.2,0.0,0.0,0.0,0.0,0.0,0.4,0.0
tori amos,caught a lite sneeze,0.4,0.8,0.0,0.0,0.8,0.0,0.8,0.0
tori amos,digital ghost,0.2,0.8,0.0,0.0,0.6,0.2,0.6,0.0
rufus wainwright,i don't know what it is,0.0,0.2,0.6,0.4,0.4,0.2,0.6,0.0
modest mouse,lives,0.0,0.6,0.0,0.0,0.0,0.0,0.6,0.0
belle and sebastian,if you find yourself caught in love,0.0,0.2,0.8,0.2,1.0,0.2,0.2,0.0
fiona apple,the child is gone,0.4,1.0,0.0,0.0,0.6,0.0,0.4,0.0
within temptation,memories,0.0,1.0,0.0,0.0,0.8,0.0,0.2,0.0
deftones,rapture,0.8,0.2,0.0,0.0,0.4,0.0,0.6,0.4
siouxsie and the banshees,cities in dust,0.0,0.6,0.0,0.0,0.0,0.4,0.6,0.0
pantera,psycho holiday,0.6,0.2,0.0,0.0,0.0,0.0,0.4,0.0
pavement,in the mouth a desert,0.4,0.4,0.0,0.2,0.2,0.0,0.6,0.0
wu-tang clan,shame on a nigga,,,,,,,,
mando diao,motown blood,0.2,0.0,0.6,0.0,0.4,0.0,0.4,0.0
ramones,i wanna be your boyfriend,0.0,0.0,0.6,0.0,1.0,0.0,0.0,0.0
sentenced,vengeance is mine,0.8,0.4,0.0,0.0,0.0,0.0,0.4,0.2
explosions in the sky,have you passed through this night?,0.4,0.8,0.0,0.0,0.0,0.4,0.6,0.0
nightwish,walking in the air,0.0,0.0,0.8,0.0,0.0,0.0,0.4,0.0
nightwish,sleeping sun,0.0,0.8,0.0,0.0,0.4,0.0,0.6,0.0
asobi seksu,exotic animal paradise,0.0,0.4,0.2,0.0,0.6,0.0,0.8,0.0
deerhunter,strange lights,0.0,0.2,0.0,0.0,0.0,0.0,0.8,0.0
the b-52's,rock lobster,0.0,0.0,1.0,1.0,0.0,0.0,0.8,0.0
coolio,gangsta's paradise,0.4,0.8,0.0,0.0,0.0,0.6,0.2,0.2
wilco,a shot in the arm,0.4,0.8,0.0,0.0,0.6,0.0,0.6,0.0
new young pony club,get dancey,0.0,0.0,0.8,0.2,0.0,0.0,0.2,0.0
belle and sebastian,i don't love anyone,0.2,0.6,0.2,0.2,0.8,0.0,0.4,0.0
soda stereo,prófugos,0.0,0.2,0.2,0.0,0.6,0.0,0.4,0.0
art brut,bad weekend,0.4,0.2,0.0,0.6,0.0,0.4,0.0,0.0
the velvet underground,stephanie says,0.0,0.8,0.0,0.0,0.2,0.0,0.4,0.0
the velvet underground,sweet jane,0.0,0.0,0.6,0.2,0.6,0.2,0.2,0.0
morrissey,i'll never be anybody's hero now,0.4,1.0,0.0,0.2,0.2,0.0,0.2,0.0
shakira,don't bother,0.4,0.4,0.0,0.2,0.8,0.0,0.2,0.0
pavement,gold soundz,0.0,0.4,0.4,0.2,0.2,0.0,0.6,0.0
violent femmes,kiss off,0.6,0.4,0.0,0.4,0.4,0.2,0.4,0.0
tool,swamp song,0.8,0.2,0.0,0.0,0.0,0.0,0.6,0.2
jamiroquai,space cowboy,0.0,0.0,0.6,0.2,0.0,0.0,0.6,0.0
the smashing pumpkins,landslide,0.0,0.8,0.0,0.0,0.6,0.0,0.6,0.0
daft punk,teachers,0.0,0.0,0.2,0.0,0.0,0.2,0.0,0.0
the cinematic orchestra,familiar ground,0.0,0.4,0.2,0.0,0.6,0.0,0.4,0.0
the dresden dolls,672,0.4,0.6,0.2,0.4,0.4,0.2,0.4,0.2
björk,aurora,0.0,0.0,0.6,0.0,0.0,0.0,1.0,0.0
cocorosie,japan,0.0,0.4,0.2,0.2,0.2,0.0,0.8,0.0
emilíana torrini,sunnyroad,0.0,0.6,0.2,0.0,0.8,0.0,0.2,0.0
the chemical brothers,setting sun,0.2,0.4,0.0,0.0,0.2,0.0,0.8,0.0
nightwish,bless the child,0.2,0.8,0.0,0.0,0.2,0.0,0.6,0.0
poets of the fall,carnival of rust,0.2,1.0,0.0,0.0,0.8,0.0,0.6,0.0
amy winehouse,me & mr. jones,0.6,0.2,0.0,0.2,0.8,0.0,0.2,0.4
radiohead,the trickster,0.6,0.2,0.0,0.0,0.0,0.0,0.4,0.0
david bowie,diamond dogs,0.4,0.0,0.0,0.2,0.0,0.4,0.8,0.2
jamiroquai,little l,0.4,0.6,0.0,0.0,0.8,0.0,0.4,0.0
the view,same jeans,0.0,0.0,0.6,0.6,0.4,0.0,0.0,0.0
jenny lewis with the watson twins,handle with care,0.0,0.4,0.4,0.0,0.8,0.0,0.2,0.0
slayer,postmortem,1.0,0.0,0.0,0.0,0.0,0.0,0.2,0.8
slayer,criminally insane,0.8,0.0,0.0,0.0,0.0,0.0,0.2,0.8
pearl jam,parachutes,0.0,0.4,0.2,0.0,0.6,0.0,0.4,0.0
the chemical brothers,the salmon dance,0.0,0.0,0.8,1.0,0.0,0.0,0.2,0.0
the smashing pumpkins,once upon a time,0.0,0.8,0.0,0.0,0.8,0.0,0.4,0.0
foals,red sock pugie,0.0,0.0,0.4,0.0,0.8,0.0,0.6,0.0
beck,guess i'm doing fine,0.0,1.0,0.0,0.0,0.6,0.0,0.4,0.0
the chemical brothers,we are the night,0.0,0.0,0.0,0.0,0.0,0.0,0.6,0.0
in flames,dismiss the cynics,0.6,0.2,0.0,0.0,0.0,0.6,0.4,0.0
mew,comforting sounds,0.2,0.8,0.0,0.0,0.4,0.0,0.6,0.0
lcd soundsystem,never as tired as when i'm waking up,0.0,0.6,0.0,0.0,0.4,0.0,0.4,0.0
chemistry,伝説の草原,0.0,0.4,0.4,0.0,0.6,0.0,0.4,0.0
electric light orchestra part ii,evil woman,0.6,0.2,0.0,0.2,0.8,0.0,0.2,0.0
delerium,silence,0.0,0.4,0.2,0.0,0.6,0.0,0.8,0.0
in flames,free fall,0.4,0.6,0.0,0.0,0.0,0.0,0.6,0.0
sunset rubdown,us ones in between,0.2,0.6,0.0,0.0,0.4,0.0,0.8,0.0
patrick wolf,the railway house,0.0,0.6,0.2,0.0,0.8,0.0,0.4,0.0
mika,relax (take it easy),0.0,0.2,0.6,0.0,0.0,0.0,0.4,0.0
nightwish,dark chest of wonders,0.0,0.2,0.6,0.0,0.0,0.0,0.6,0.0
the thrills,big sur,0.0,0.0,0.8,0.0,0.2,0.0,0.2,0.0
kasabian,stuntman,0.4,0.0,0.2,0.0,0.0,0.0,0.6,0.0
the unicorns,sea ghost,0.0,0.4,0.2,0.4,0.0,0.0,0.8,0.0
kanye west,gold digger,0.4,0.0,0.2,0.8,0.2,0.4,0.2,0.6
sublime,badfish,0.0,0.8,0.0,0.0,0.0,0.0,0.4,0.0
pavement,here,0.0,1.0,0.0,0.2,0.2,0.0,0.4,0.0
foals,tron,0.0,0.2,0.0,0.0,0.0,0.0,0.6,0.0
incubus,sick sad little world,0.4,0.2,0.0,0.0,0.0,0.6,0.6,0.0
the flaming lips,yeah yeah yeah song,0.4,0.0,0.4,0.4,0.0,0.8,0.2,0.0
the fratellis,doginabag,0.0,0.0,0.4,0.6,0.2,0.0,0.2,0.0
digitalism,the pulse,0.0,0.0,0.0,0.0,0.0,0.0,0.0,0.0
mana,clavado en un bar,0.2,1.0,0.0,0.0,1.0,0.0,0.4,0.0
rufus wainwright,the art teacher,0.0,0.8,0.0,0.0,1.0,0.0,0.4,0.0
no doubt,underneath it all,0.2,0.2,0.8,0.0,1.0,0.0,0.2,0.0
kanye west,touch the sky (feat. lupe fiasco),0.0,0.0,1.0,0.4,0.2,0.2,0.4,0.2
the all-american rejects,top of the world,0.4,0.2,0.0,0.0,0.2,0.0,0.2,0.0
the stills,changes are no good,0.2,0.8,0.0,0.0,0.4,0.0,0.4,0.0
suede,metal mickey,0.0,0.0,0.4,0.2,0.4,0.0,0.4,0.2
manic street preachers,autumnsong,0.0,0.2,0.6,0.0,0.4,0.0,0.4,0.0
red hot chili peppers,higher ground,0.2,0.0,0.4,0.0,0.0,0.6,0.4,0.0
red hot chili peppers,funky monks,0.0,0.0,0.4,0.4,0.2,0.0,0.4,0.4
nightwish,she is my sin,0.2,0.0,0.0,0.0,0.2,0.0,0.4,0.4
megadeth,hangar 18,0.4,0.0,0.0,0.0,0.0,0.6,0.2,0.0
bruce dickinson,tears of the dragon,0.0,0.8,0.0,0.0,0.0,0.0,0.6,0.0
the beatles,the end,0.0,0.0,0.6,0.0,0.6,0.0,0.2,0.0
ac/dc,rock and roll ain't noise pollution,0.4,0.0,0.4,0.2,0.0,0.6,0.2,0.2
king crimson,epitaph,0.2,1.0,0.0,0.0,0.0,0.8,0.6,0.0
bomfunk mc's,freestyler,0.0,0.0,0.4,0.2,0.0,0.0,0.2,0.0
鈴村健一,primal innocence,0.2,0.2,0.6,0.0,0.4,0.0,0.6,0.0
yeah yeah yeahs,rockers to swallow,0.8,0.0,0.0,0.0,0.0,0.2,0.6,0.2
massive attack,special cases,0.2,0.6,0.0,0.0,0.6,0.0,0.4,0.0
rage against the machine,snakecharmer,0.8,0.0,0.0,0.0,0.0,0.8,0.4,0.2
brand new,i will play my game beneath the spin light,0.4,0.6,0.0,0.0,0.2,0.2,0.4,0.0
adele,cold shoulder,0.4,0.6,0.0,0.0,0.8,0.0,0.2,0.0
counting crows,omaha,0.0,0.2,0.4,0.0,0.0,0.2,0.4,0.0
the radio dept.,it's personal,0.4,0.4,0.0,0.0,0.0,0.8,0.2,0.0
the killers,the ballad of michael valentine,0.2,0.4,0.2,0.0,0.6,0.0,0.4,0.0
this will destroy you,grandfather clock,0.0,0.0,0.0,0.0,0.0,0.0,0.0,0.0
matchbox twenty,how far we've come,0.2,0.4,0.0,0.2,0.0,0.6,0.4,0.0
goldfrapp,some people,0.0,0.6,0.2,0.0,0.2,0.0,0.6,0.0
camera obscura,suspended from class,0.0,0.4,0.4,0.2,0.6,0.0,0.2,0.0
eddie vedder,tuolumne,0.0,0.0,0.0,0.0,0.0,0.0,0.0,0.0
múm,the ballad of the broken birdie records,0.0,0.0,0.0,0.0,0.0,0.0,1.0,0.0
cocorosie,promise,0.0,0.4,0.2,0.0,0.6,0.0,0.8,0.0
alice in chains,no excuses,0.2,0.6,0.2,0.0,0.2,0.0,0.4,0.0
opeth,dirge for november,0.2,1.0,0.0,0.0,0.2,0.0,0.6,0.0
30 seconds to mars,end of the beginning,0.2,0.4,0.0,0.0,0.0,0.0,0.8,0.0
soilwork,distance,0.4,0.6,0.0,0.0,0.2,0.0,0.6,0.0
the cribs,mirror kissers,0.6,0.0,0.0,0.2,0.0,0.6,0.4,0.0
paramore,born for this,0.4,0.0,0.6,0.0,0.0,0.4,0.2,0.0
alice in chains,rain when i die,0.4,1.0,0.0,0.0,0.4,0.0,0.6,0.2
the libertines,the boy looked at johnny,0.4,0.2,0.0,0.2,0.0,0.4,0.2,0.0
moby,one of these mornings,0.0,0.8,0.0,0.0,0.2,0.0,0.4,0.0
pixies,there goes my gun,0.4,0.0,0.0,0.0,0.0,0.2,0.2,0.2
sufjan stevens,tahquamenon falls,0.0,0.0,0.0,0.0,0.0,0.0,0.0,0.0
bloc party,banquet (phones disco edit),0.0,0.0,0.2,0.0,0.6,0.0,0.4,0.0
neko case,things that scare me,0.0,0.6,0.0,0.0,0.2,0.0,0.6,0.0
mark ronson,valerie (feat. amy winehouse),0.2,0.6,0.2,0.2,0.8,0.2,0.2,0.0
maroon 5,tangled,0.4,0.4,0.0,0.0,0.8,0.0,0.4,0.0
cocteau twins,heaven or las vegas,0.0,0.0,0.8,0.0,0.6,0.0,1.0,0.0
black rebel motorcycle club,us government,0.6,0.2,0.0,0.0,0.0,1.0,0.2,0.0
deerhunter,cryptograms,0.0,0.4,0.0,0.0,0.0,0.0,0.8,0.0
cocteau twins,fifty-fifty clown,0.0,0.2,0.2,0.0,0.4,0.0,0.8,0.0
cut copy,saturdays (reprise),0.0,0.0,0.4,0.0,0.4,0.0,0.2,0.0
sufjan stevens,sister,0.0,0.4,0.2,0.0,0.2,0.0,0.6,0.0
midnight juggernauts,tombstone,0.0,0.4,0.0,0.0,0.0,0.0,0.6,0.0
system of a down,boom!,0.6,0.2,0.0,0.2,0.0,1.0,0.4,0.0
live,lightning crashes,0.0,1.0,0.0,0.0,0.0,0.0,0.4,0.2
underworld,cowgirl,0.0,0.0,0.2,0.0,0.0,0.0,0.8,0.0
architecture in helsinki,debbie,0.0,0.0,0.8,0.4,0.4,0.0,0.4,0.0
queens of the stone age,how to handle a rope,0.4,0.0,0.0,0.2,0.0,0.0,0.6,0.0
apparat,limelight,0.0,0.0,0.0,0.0,0.0,0.0,0.0,0.0
the cure,a night like this,0.0,0.8,0.0,0.0,1.0,0.0,0.4,0.0
metric,on the sly,0.2,0.4,0.0,0.0,0.6,0.0,0.4,0.0
arch enemy,nemesis,1.0,0.0,0.0,0.0,0.0,0.8,0.4,0.0
bikini kill,rebel girl,0.2,0.0,0.8,0.0,0.8,0.8,0.2,0.2
deftones,mein,0.4,0.2,0.0,0.0,0.2,0.2,0.6,0.0
fiona apple,better version of me,0.2,0.4,0.4,0.2,0.6,0.0,0.4,0.0
judas priest,painkiller,0.6,0.2,0.0,0.0,0.0,0.0,0.6,0.0
bangles,eternal flame,0.0,0.2,0.4,0.0,1.0,0.0,0.2,0.0
nick drake,bryter layter,0.0,0.0,0.0,0.0,0.0,0.0,0.0,0.0
the strokes,what ever happened,0.4,0.8,0.0,0.0,0.4,0.0,0.2,0.0
red hot chili peppers,warlocks,0.0,0.0,0.4,0.4,0.2,0.2,0.6,0.4
kling klang,rocker,0.0,0.0,0.0,0.0,0.0,0.0,0.0,0.0
jack johnson,dreams be dreams,0.0,0.2,0.4,0.0,0.0,0.0,0.2,0.0
oasis,love like a bomb,0.0,0.2,0.6,0.0,1.0,0.0,0.4,0.0
hercules and love affair,iris,0.0,0.2,0.2,0.0,0.4,0.0,0.6,0.0
placebo,20th century boy,0.0,0.0,0.2,0.0,0.4,0.0,0.2,0.2
the chameleons,up the down escalator,0.6,0.4,0.0,0.0,0.0,0.6,0.6,0.0
sonic youth,'cross the breeze,0.8,0.0,0.0,0.0,0.0,0.2,0.8,0.0
air,radian,0.0,0.0,0.0,0.0,0.0,0.0,1.0,0.0
deftones,street carp,0.8,0.2,0.0,0.0,0.0,0.0,0.4,0.0
art brut,rusted guns of milan,0.2,0.0,0.0,1.0,0.0,0.0,0.2,0.4
boards of canada,smokes quantity,0.0,0.0,0.0,0.0,0.0,0.0,0.0,0.0
metallica,eye of the beholder,0.8,0.0,0.0,0.0,0.0,1.0,0.2,0.0
felix da housecat,silver screen shower scene,0.0,0.0,0.0,0.4,0.2,0.4,0.4,0.2
rilo kiley,capturing moods,0.4,0.6,0.0,0.2,0.8,0.0,0.4,0.0
hot chip,touch too much,0.2,0.4,0.2,0.2,0.8,0.0,0.2,0.0
the whitest boy alive,fireworks,0.0,0.4,0.2,0.0,0.6,0.0,0.4,0.0
black sabbath,sweet leaf,0.0,0.0,0.8,0.2,1.0,0.2,0.2,0.0
pixies,all over the world,0.0,0.0,0.2,0.2,0.0,0.0,0.8,0.0
iron maiden,be quick or be dead,1.0,0.0,0.0,0.0,0.0,0.8,0.4,0.0
the presets,this boy's in love,0.0,0.2,0.6,0.0,1.0,0.0,0.2,0.0
the duke spirit,lassoo,0.2,0.0,0.2,0.0,0.6,0.0,0.4,0.0
aimee mann,save me,0.0,1.0,0.0,0.0,0.8,0.0,0.4,0.0
blur,tracy jacks,0.2,0.2,0.2,0.8,0.0,0.6,0.2,0.0
ramones,rock 'n' roll high school,0.4,0.0,0.8,0.4,0.2,0.4,0.0,0.0
nightwish,whoever brings the night,0.0,0.0,0.0,0.0,0.6,0.0,0.6,0.2
pink floyd,don't leave me now,0.6,0.8,0.0,0.0,0.6,0.0,0.2,0.2
abba,the winner takes it all,0.2,1.0,0.0,0.0,1.0,0.0,0.4,0.0
pink floyd,lucifer sam,0.0,0.0,0.4,0.4,0.2,0.0,0.6,0.0
guns n' roses,so fine,0.2,0.2,0.6,0.0,1.0,0.0,0.2,0.0
of montreal,lysergic bliss,0.0,0.2,0.8,0.2,0.6,0.0,0.8,0.0
tilly and the wall,fell down the stairs,0.0,0.2,0.8,0.4,0.6,0.0,0.4,0.0
led zeppelin jam,how many more times,0.4,0.4,0.0,0.0,0.8,0.0,0.2,0.2
blonde redhead,doll is mine,0.2,0.8,0.0,0.0,0.6,0.0,0.6,0.0
the dandy warhols,you were the last high,0.0,0.6,0.2,0.0,0.8,0.0,0.4,0.0
spoon,they never got you,0.2,0.2,0.2,0.0,0.6,0.0,0.4,0.0
deathstars,tongues,0.4,0.0,0.0,0.0,0.2,0.0,0.6,0.4
bangles,walk like an egyptian,0.0,0.0,0.6,0.8,0.0,0.2,0.2,0.0
m83,birds,0.0,0.0,0.0,0.0,0.0,0.0,0.0,0.0
red hot chili peppers,readymade,0.2,0.0,0.4,0.2,0.2,0.0,0.4,0.4
red hot chili peppers,this is the place,0.2,0.6,0.0,0.0,0.2,0.0,0.4,0.2
veruca salt,volcano girls,0.4,0.0,0.2,0.4,0.0,0.0,0.4,0.0
corinne bailey rae,trouble sleeping,0.0,0.2,0.4,0.0,1.0,0.0,0.2,0.0
ensiferum,iron,0.4,0.0,0.2,0.0,0.0,0.0,0.4,0.0
the white stripes,little acorns,0.2,0.2,0.2,0.0,0.0,0.0,0.4,0.0
the new pornographers,all for swinging you around,,,,,,,,
she wants revenge,i don't want to fall in love,0.2,0.4,0.0,0.0,0.8,0.0,0.2,0.2
my bloody valentine,soft as snow (but warm inside),0.0,0.0,0.2,0.0,0.8,0.0,0.8,0.4
the beatles,baby you're a rich man,0.2,0.0,0.4,0.2,0.0,0.4,0.6,0.0
the hold steady,chips ahoy!,0.2,0.2,0.4,0.6,0.4,0.0,0.2,0.4
julie london,cry me a river,0.4,0.8,0.0,0.0,0.8,0.0,0.2,0.0
islands,humans,0.0,0.2,0.2,0.2,0.2,0.2,0.6,0.0
the gathering,strange machines,0.0,0.0,0.2,0.0,0.0,0.0,0.6,0.0
the offspring,self esteem,0.2,0.8,0.0,0.2,0.6,0.0,0.2,0.0
the jam,town called malice,0.4,0.6,0.2,0.0,0.0,0.8,0.2,0.0
system of a down,know,0.8,0.0,0.0,0.0,0.0,0.4,0.8,0.0
aphex twin,we are the music makers,0.0,0.0,0.2,0.0,0.0,0.0,1.0,0.0
sigur rós,untitled #1,0.0,0.4,0.0,0.0,0.0,0.0,1.0,0.0
m83,highway of endless dreams,0.0,0.0,0.0,0.0,0.0,0.0,0.0,0.0
cake,friend is a four letter word,0.4,0.8,0.0,0.2,0.6,0.0,0.4,0.0
prince,raspberry beret,0.0,0.0,0.8,0.2,0.8,0.2,0.2,0.4
system of a down,tentative,0.6,0.6,0.0,0.0,0.0,0.8,0.4,0.0
system of a down,war?,0.8,0.2,0.0,0.0,0.0,1.0,0.4,0.0
beck,everybody's gotta learn sometimes,0.0,1.0,0.0,0.0,0.8,0.0,0.2,0.0
bright eyes,if the brakeman turns my way,0.0,0.6,0.2,0.0,0.2,0.0,0.6,0.0
tenacious d,master exploder,0.2,0.0,0.4,1.0,0.0,0.0,0.6,0.6
the cranberries,ridiculous thoughts,0.6,0.4,0.0,0.0,0.0,0.4,0.4,0.0
ladytron,runaway,0.4,0.4,0.0,0.0,0.4,0.0,0.6,0.0
nine inch nails,la mer,0.0,0.0,0.0,0.0,0.0,0.0,0.8,0.0
audioslave,the last remaining light,0.0,0.8,0.0,0.0,0.4,0.0,0.4,0.0
shakira,las de la intuición,0.0,0.0,0.4,0.0,0.8,0.0,0.4,0.0
calvin harris,the girls,0.0,0.0,0.8,0.4,0.2,0.0,0.0,0.0
modest mouse,invisible,0.2,0.4,0.2,0.2,0.0,0.4,0.8,0.0
cky,96 quite bitter beings,0.4,0.0,0.0,0.2,0.0,0.0,0.6,0.0
the postal service,there's never enough time,0.0,0.0,0.0,0.0,0.0,0.0,0.0,0.0
queens of the stone age,tension head,0.8,0.0,0.0,0.0,0.0,0.0,0.2,0.0
queens of the stone age,walkin' on the sidewalks,0.4,0.2,0.0,0.0,0.2,0.0,0.4,0.0
bright eyes,i believe in symmetry,0.0,0.6,0.0,0.0,0.0,0.0,0.6,0.0
the futureheads,carnival kids,0.4,0.2,0.2,0.2,0.4,0.0,0.4,0.0
the doors,spanish caravan,0.0,0.0,0.2,0.0,0.0,0.0,0.4,0.0
the doors,waiting for the sun,0.0,0.2,0.2,0.0,0.0,0.0,0.4,0.0
melanie c,better alone,0.4,0.4,0.2,0.0,0.8,0.0,0.2,0.0
i monster,daydream in blue,0.0,0.0,0.4,0.0,0.6,0.0,0.6,0.0
the smashing pumpkins,jellybelly,0.6,0.8,0.0,0.0,0.0,0.0,0.4,0.0
bauhaus,double dare,0.6,0.0,0.0,0.0,0.0,0.0,0.8,0.0
fleetwood mac,rhiannon,0.0,0.2,0.0,0.0,0.6,0.0,0.6,0.0
air,don't be light,0.0,0.0,0.0,0.0,0.0,0.0,0.8,0.0
gossip,listen up!,0.4,0.0,0.4,0.0,0.0,0.4,0.2,0.0
zz top,i need you tonight,0.0,0.2,0.0,0.0,1.0,0.0,0.2,0.2
jimmy eat world,the authority song,0.2,0.2,0.6,0.0,0.4,0.2,0.2,0.0
muse,in your world,0.4,0.6,0.0,0.0,0.6,0.0,0.2,0.0
the rapture,don gon do it,0.2,0.0,0.4,0.0,0.2,0.0,0.4,0.0
hard-fi,better do better,0.6,0.4,0.0,0.0,1.0,0.0,0.2,0.0
belle and sebastian,for the price of a cup of tea,0.0,0.2,0.6,0.4,0.4,0.2,0.2,0.0
the kooks,gap,0.2,0.6,0.0,0.0,0.8,0.0,0.4,0.0
the rapture,house of jealous lovers,0.4,0.0,0.0,0.0,0.2,0.0,0.4,0.0
hercules and love affair,raise me up,0.0,0.0,0.8,0.0,0.2,0.0,0.4,0.0
jack johnson,cupid,0.0,0.4,0.2,0.0,1.0,0.0,0.2,0.0
queens of the stone age,mexicola,0.4,0.0,0.0,0.0,0.0,0.0,0.6,0.0
beck,go it alone,0.2,0.0,0.0,0.2,0.0,0.0,0.6,0.0
kings of convenience,singing softly to me,0.0,0.4,0.4,0.0,0.8,0.0,0.2,0.0
the gathering,in motion part ii,0.0,0.6,0.0,0.0,0.2,0.0,0.6,0.0
the album leaf,window,0.0,0.0,0.0,0.0,0.0,0.0,0.0,0.0
sex pistols,no feelings,0.8,0.0,0.0,0.0,0.0,0.0,0.0,0.0
ac/dc,whole lotta rosie,0.0,0.0,0.6,0.6,0.2,0.0,0.2,0.6
kings of leon,happy alone,0.2,0.2,0.4,0.0,0.4,0.0,0.4,0.2
opeth,the leper affinity,0.8,0.6,0.0,0.0,0.2,0.0,0.8,0.4
rammstein,spring,0.4,0.2,0.0,0.2,0.0,0.6,0.2,0.2
joy division,exercise one,0.2,0.8,0.0,0.0,0.0,0.0,0.6,0.0
rammstein,sehnsucht,0.2,0.8,0.0,0.0,0.6,0.0,0.4,0.0
black sabbath,snowblind,0.2,0.6,0.2,0.0,0.0,0.0,0.6,0.2
rise against,prayer of the refugee,0.8,0.4,0.0,0.0,0.0,1.0,0.4,0.0
anathema,inner silence,0.0,1.0,0.0,0.0,0.4,0.0,0.4,0.0
the stone roses,sally cinnamon,0.0,0.2,0.8,0.0,1.0,0.0,0.2,0.0
rammstein,te quiero puta!,0.0,0.0,0.8,1.0,0.2,0.0,0.0,1.0
moby,dream about me,0.0,0.2,0.4,0.0,0.8,0.0,0.2,0.0
brand new,the boy who blocked his own shot,0.2,1.0,0.0,0.0,0.8,0.0,0.4,0.0
έλενα παπαρίζου,gigolo,0.4,0.0,0.2,0.0,0.6,0.0,0.2,0.0
cocorosie,raphael,0.0,0.8,0.0,0.0,0.4,0.0,0.8,0.0
metallica,disposable heroes,1.0,0.4,0.0,0.0,0.0,1.0,0.4,0.0
lcd soundsystem,losing my edge,0.2,0.2,0.0,0.6,0.0,0.4,0.0,0.0
cat power,new york,0.0,0.0,0.6,0.0,0.2,0.0,0.0,0.0
the all-american rejects,stab my back,0.4,0.8,0.0,0.0,0.8,0.0,0.4,0.0
the cure,the hanging garden,0.4,0.6,0.0,0.0,0.2,0.0,0.8,0.0
the all-american rejects,change your mind,0.0,0.2,0.4,0.0,0.8,0.0,0.2,0.0
patrick wolf,prelude,0.0,0.0,0.0,0.0,0.0,0.0,0.0,0.0
islands,if,0.0,0.2,0.4,0.2,0.8,0.0,0.4,0.0
coheed and cambria,blood red summer,0.4,0.2,0.0,0.0,0.0,0.0,0.6,0.0
lady gaga,money honey,0.0,0.0,0.6,0.2,0.6,0.0,0.4,0.2
autolux,sugarless,0.4,0.4,0.0,0.0,0.4,0.0,0.6,0.0
haddaway,what is love,0.0,0.8,0.0,0.0,1.0,0.0,0.2,0.0
death cab for cutie,bend to squares,0.0,0.6,0.0,0.0,0.0,0.2,0.6,0.0
the cure,closedown,0.0,1.0,0.0,0.0,0.2,0.0,0.4,0.0
maroon 5,not falling apart,0.4,0.6,0.0,0.0,0.8,0.0,0.2,0.0
something corporate,i woke up in a car,0.0,0.4,0.4,0.0,0.2,0.0,0.4,0.0
depeche mode,perfect,0.2,0.6,0.0,0.0,0.6,0.0,0.4,0.0
wilco,wishful thinking,0.0,0.8,0.0,0.0,0.8,0.0,0.6,0.0
the smiths,back to the old house,0.0,1.0,0.0,0.0,0.6,0.0,0.2,0.0
the rapture,i need your love,0.0,0.4,0.2,0.0,1.0,0.0,0.2,0.0
deerhoof,the perfect me,0.0,0.0,0.2,0.2,0.0,0.0,0.8,0.0
snow patrol,same,0.2,0.6,0.0,0.0,0.6,0.0,0.4,0.0
the bravery,out of line,0.4,0.2,0.0,0.0,0.4,0.0,0.4,0.0
suede,so young,0.0,0.2,0.8,0.0,0.6,0.0,0.4,0.0
lcd soundsystem,on repeat,0.2,0.0,0.0,0.2,0.0,0.4,0.4,0.2
moby,disco lies,0.6,0.2,0.0,0.0,0.4,0.0,0.2,0.0
the notwist,one with the freaks,0.0,0.6,0.0,0.0,0.0,0.0,0.4,0.0
lostprophets,a town called hypocrisy,0.6,0.0,0.0,0.2,0.0,0.6,0.4,0.0
pixies,holiday song,0.2,0.0,0.2,0.4,0.0,0.0,0.4,0.2
islands,swans (life after death),0.0,0.8,0.2,0.0,0.6,0.0,0.6,0.0
islands,volcanoes,0.2,0.4,0.2,0.2,0.4,0.0,0.6,0.0
tv on the radio,ambulance,0.0,0.2,0.2,0.0,1.0,0.0,0.4,0.0
audioslave,dandelion,0.2,0.4,0.2,0.0,0.4,0.0,0.6,0.0
a perfect circle,crimes,0.4,0.4,0.0,0.0,0.2,0.0,0.6,0.0
queens of the stone age,suture up your future,0.2,0.8,0.0,0.0,0.6,0.0,0.6,0.0
nick cave & the bad seeds,the mercy seat,0.4,0.8,0.0,0.0,0.0,0.6,0.6,0.2
opeth,deliverance,0.8,0.6,0.0,0.0,0.2,0.0,0.6,0.0
jamiroquai,(don't) give hate a chance,0.2,0.4,0.2,0.0,0.0,1.0,0.2,0.0
jamiroquai,corner of the earth,0.0,0.0,0.8,0.0,0.2,0.2,0.4,0.0
within temptation,restless,0.2,0.8,0.0,0.0,0.8,0.0,0.4,0.0
turbonegro,the age of pamparius,0.0,0.0,0.6,0.8,0.0,0.2,0.6,0.2
marvin gaye,let's get it on,0.0,0.0,0.4,0.0,1.0,0.0,0.2,0.4
ac/dc,what do you do for money honey,0.4,0.0,0.0,0.4,0.0,0.0,0.2,0.6
the pipettes,why did you stay?,0.4,0.4,0.0,0.2,0.8,0.0,0.2,0.0
caribou,bees,0.0,0.0,0.6,0.0,0.4,0.0,0.6,0.0
editors,push your head towards the air,0.0,0.6,0.2,0.0,0.2,0.0,0.6,0.0
the beatles,piggies,0.4,0.0,0.0,0.8,0.0,0.8,0.4,0.0
explosions in the sky,it's natural to be afraid,0.0,0.0,0.0,0.0,0.0,0.0,0.0,0.0
matchbox twenty,bent,0.2,0.8,0.0,0.0,0.6,0.0,0.4,0.0
ac/dc,dirty deeds done dirt cheap,0.4,0.0,0.0,0.6,0.2,0.0,0.2,0.0
linkin park,no more sorrow,1.0,0.0,0.0,0.0,0.0,1.0,0.4,0.0
tori amos,jackie's strength,0.0,0.6,0.0,0.0,0.6,0.2,0.4,0.0
the duke spirit,you really wake up the love in me,0.0,0.0,0.6,0.0,1.0,0.0,0.4,0.0
the magnetic fields,the luckiest guy on the lower east side,0.0,0.2,0.6,0.8,0.6,0.0,0.2,0.0
the last shadow puppets,separate and ever deadly,0.2,0.0,0.0,0.0,0.6,0.0,0.6,0.0
ladytron,cracked lcd,0.0,0.2,0.0,0.0,0.0,0.2,0.6,0.0
queens of the stone age,mosquito song,0.0,0.4,0.0,0.0,0.2,0.2,0.8,0.0
television,friction,0.4,0.2,0.0,0.0,0.2,0.0,0.6,0.0
black kids,partie traumatic,0.2,0.4,0.2,0.6,0.6,0.0,0.4,0.0
black flag,tv party,0.2,0.0,0.6,1.0,0.0,0.6,0.0,0.0
the replacements,i will dare,0.0,0.0,0.6,0.4,0.8,0.0,0.2,0.0
dread zeppelin,black mountain side,0.0,0.0,0.0,0.0,0.0,0.0,0.0,0.0
the rasmus,in the shadows,0.4,0.6,0.0,0.0,0.0,0.2,0.6,0.0
razorlight,who needs love?,0.2,0.4,0.0,0.0,0.8,0.0,0.2,0.0
deerhunter,little kids,0.0,0.4,0.2,0.0,0.0,0.0,0.6,0.0
dead kennedys,let's lynch the landlord,1.0,0.0,0.0,0.4,0.0,1.0,0.2,0.4
art brut,bang bang rock and roll,0.4,0.0,0.2,0.8,0.0,0.4,0.2,0.0
metallica,don't tread on me,0.8,0.0,0.0,0.0,0.0,0.8,0.4,0.0
fischerspooner,cloud,0.0,0.0,0.2,0.0,0.4,0.0,0.8,0.0
jamiroquai,deeper underground,0.2,0.0,0.0,0.0,0.0,0.4,0.4,0.0
amy macdonald,youth of today,0.4,0.0,0.2,0.0,0.0,0.6,0.2,0.0
new order,the perfect kiss,0.0,0.6,0.2,0.0,0.4,0.0,0.6,0.0
say anything,alive with the glory of love,0.0,0.4,0.8,0.0,1.0,0.6,0.2,0.4
beck,no complaints,0.0,0.2,0.2,0.4,0.0,0.0,0.6,0.0
explosions in the sky,greet death,0.0,0.0,0.0,0.0,0.0,0.0,0.0,0.0
the presets,my people,0.4,0.0,0.0,0.0,0.0,0.6,0.2,0.0
ladytron,i'm not scared,0.4,0.2,0.0,0.0,0.4,0.0,0.2,0.0
ramones,teenage lobotomy,0.2,0.0,0.2,0.8,0.0,0.4,0.4,0.0
lykke li,breaking it up,0.2,0.4,0.0,0.0,0.8,0.0,0.2,0.0
nirvana,negative creep,0.8,0.0,0.0,0.0,0.0,0.0,0.2,0.2
the unicorns,the clap,0.0,0.0,0.2,1.0,0.0,0.0,0.2,0.2
feist,my moon my man (boys noize remix),0.0,0.4,0.0,0.0,0.8,0.0,0.6,0.0
justice vs. simian,we are your friends,0.0,0.0,1.0,0.0,0.0,0.0,0.0,0.0
buzzcocks,harmony in my head,0.4,0.2,0.0,0.0,0.0,0.0,0.4,0.0
tenacious d,dio,0.4,0.0,0.4,1.0,0.0,0.0,0.4,0.0
turbonegro,selfdestructo bust,0.4,0.0,0.2,0.8,0.0,0.0,0.2,0.6
fall out boy,7 minutes in heaven (atavan halen),0.4,1.0,0.0,0.0,0.2,0.0,0.4,0.2
tom waits,cemetery polka,0.0,0.2,0.0,1.0,0.0,0.2,0.4,0.0
jack johnson,wasting time,0.0,0.4,0.2,0.0,0.4,0.0,0.2,0.0
the smashing pumpkins,siva,0.4,0.0,0.0,0.0,0.6,0.0,0.6,0.4
daft punk,alive,0.0,0.0,0.2,0.0,0.0,0.0,0.0,0.0
daft punk,burnin' / too long,0.0,0.0,0.8,0.0,0.0,0.0,0.2,0.0
the pussycat dolls,don't cha (feat. busta rhymes),0.0,0.0,0.4,0.2,0.2,0.0,0.2,0.4
the raconteurs,consoler of the lonely,0.4,0.2,0.0,0.2,0.2,0.0,0.4,0.0
cocorosie,k-hole,0.0,0.6,0.0,0.0,0.0,0.2,0.8,0.2
the white stripes,jolene,0.0,0.8,0.0,0.0,0.8,0.0,0.2,0.0
of montreal,so begins our alabee,0.0,0.0,1.0,0.2,0.8,0.0,0.6,0.0
adam and the ants,kings of the wild frontier,0.4,0.0,0.6,0.2,0.0,0.4,0.4,0.0
marilyn manson,the nobodies,0.6,0.4,0.0,0.0,0.0,0.8,0.4,0.2
leonard cohen,sisters of mercy,0.0,0.4,0.4,0.0,0.4,0.0,0.6,0.0
massive attack,spying glass,0.2,0.0,0.0,0.0,0.0,0.6,0.4,0.0
the kills,no wow,0.6,0.2,0.0,0.0,0.2,0.0,0.4,0.0
arcade fire,the woodland national anthem,0.2,0.6,0.2,0.0,0.4,0.4,0.4,0.0
the sounds,night after night,0.2,0.8,0.0,0.0,0.8,0.0,0.2,0.0
xiu xiu,i luv the valley oh!,0.6,0.8,0.0,0.0,0.2,0.0,0.6,0.2
sublime,smoke two joints,0.0,0.0,0.8,0.6,0.0,0.2,0.2,0.6
iron maiden,the longest day,0.4,0.8,0.0,0.0,0.0,0.8,0.2,0.2
nine inch nails,that's what i get,0.4,0.8,0.0,0.0,0.8,0.0,0.2,0.0
the maccabees,first love,0.0,0.2,0.6,0.2,1.0,0.0,0.2,0.0
sarah mclachlan,fallen,0.0,1.0,0.0,0.0,0.2,0.0,0.4,0.0
pavement,stereo,0.0,0.0,0.4,0.8,0.0,0.2,0.6,0.0
shiny toy guns,starts with one,0.4,0.4,0.0,0.0,0.6,0.0,0.6,0.0
mando diao,tony zoulias (lustful life),0.2,0.2,0.4,0.0,0.6,0.0,0.4,0.0
iron maiden,the reincarnation of benjamin breeg,0.2,0.6,0.0,0.0,0.0,0.0,0.6,0.0
the chemical brothers,das spiegel,0.0,0.0,0.0,0.0,0.0,0.0,0.0,0.0
jenny lewis with the watson twins,you are what you love,0.0,0.6,0.2,0.0,0.8,0.0,0.2,0.0
bright eyes,nothing gets crossed out,0.2,0.8,0.0,0.2,0.4,0.0,0.4,0.0
kasabian,seek & destroy,0.6,0.0,0.2,0.0,0.0,0.2,0.6,0.0
kaiser chiefs,thank you very much,0.4,0.0,0.2,0.6,0.0,0.4,0.2,0.0
metallica,devil's dance,0.4,0.0,0.0,0.0,0.0,0.0,0.4,0.4
grandaddy,jed's other poem (beautiful ground),0.0,0.6,0.2,0.0,0.0,0.2,0.6,0.0
the beach boys,that's not me,0.0,0.4,0.2,0.0,0.6,0.0,0.2,0.0
lily allen,22,0.2,0.8,0.0,0.2,0.2,0.6,0.2,0.0
the all-american rejects,dance inside,0.0,0.0,0.4,0.0,0.8,0.0,0.4,0.2
santana,smooth,0.0,0.0,0.6,0.0,1.0,0.0,0.4,0.0
elbow,starlings,0.0,0.2,0.4,0.0,1.0,0.0,0.4,0.0
doves,caught by the river,0.0,0.4,0.2,0.0,0.2,0.0,0.6,0.0
jimi hendrix,manic depression,0.4,1.0,0.0,0.0,0.4,0.0,0.4,0.0
the duke spirit,dog roses,0.2,0.4,0.0,0.0,0.4,0.0,0.6,0.0
angels & airwaves,a little's enough,0.0,0.4,0.4,0.0,1.0,0.0,0.4,0.0
system of a down,holy mountains,0.8,0.4,0.0,0.0,0.0,1.0,0.4,0.2
megadeth,a tout le monde,0.0,1.0,0.0,0.0,0.4,0.0,0.2,0.0
system of a down,innervision,0.2,0.0,0.2,0.0,0.0,0.0,0.4,0.0
afi,the days of the phoenix,0.0,0.4,0.2,0.0,0.0,0.2,0.4,0.0
mana,vivir sin aire,0.0,0.8,0.0,0.0,1.0,0.0,0.4,0.0
architecture in helsinki,feather in a baseball cap,0.0,0.2,0.8,0.4,0.4,0.0,0.6,0.0
beck,paper tiger,0.2,0.8,0.0,0.0,0.4,0.0,0.6,0.0
the last shadow puppets,calm like you,0.4,0.4,0.0,0.0,0.8,0.0,0.4,0.0
billy talent,pins and needles,0.4,0.8,0.0,0.0,0.8,0.0,0.4,0.0
coldplay,lovers in japan,0.0,0.2,0.8,0.0,0.8,0.0,0.4,0.0
vampire weekend,the kids don't stand a chance,0.0,0.4,0.0,0.0,0.0,0.4,0.2,0.0
turbonegro,get it on,0.2,0.0,0.6,0.6,0.2,0.0,0.2,0.6
nightwish,the islander,0.0,0.8,0.0,0.0,0.0,0.0,0.6,0.0
beyoncé,halo,0.0,0.0,0.8,0.0,1.0,0.0,0.6,0.0
nick drake,hazey jane i,0.0,0.4,0.2,0.0,0.4,0.0,0.4,0.0
robbie williams,rock dj,0.0,0.0,0.8,0.6,0.2,0.0,0.2,0.2
red hot chili peppers,blood sugar sex magik,0.0,0.0,0.2,0.2,0.8,0.0,0.4,0.6
iron maiden,brighter than a thousand suns,0.6,0.4,0.0,0.0,0.0,0.8,0.4,0.0
jenny lewis with the watson twins,melt your heart,0.0,0.6,0.0,0.0,0.4,0.0,0.2,0.0
soilwork,figure number five,0.6,0.2,0.0,0.0,0.0,0.6,0.6,0.0
kiss,i was made for loving you,0.0,0.0,0.6,0.0,1.0,0.0,0.2,0.2
a perfect circle,what's going on,0.2,0.6,0.0,0.0,0.4,1.0,0.2,0.0
red hot chili peppers,mellowship slinky in b major,0.0,0.0,0.8,1.0,0.2,0.0,0.8,0.4
nina simone,i put a spell on you,0.8,0.2,0.0,0.0,0.8,0.0,0.2,0.0
metric,torture me,0.4,0.4,0.0,0.0,0.6,0.0,0.4,0.0
nine inch nails,beside you in time,0.2,0.6,0.0,0.0,0.8,0.0,0.4,0.0
the fray,over my head,0.2,0.6,0.0,0.0,0.4,0.0,0.4,0.0
the futureheads,first day,0.2,0.0,0.2,0.4,0.0,0.6,0.2,0.0
pendulum,prelude,0.0,0.0,0.0,0.0,0.0,0.0,0.0,0.0
kt tunstall,universe & u,0.0,0.0,0.4,0.0,1.0,0.0,0.6,0.0
the fray,trust me,0.0,0.6,0.0,0.0,0.6,0.0,0.4,0.0
tenacious d,the metal,0.2,0.0,0.6,1.0,0.0,0.2,0.4,0.0
editors,escape the nest,0.2,0.4,0.0,0.0,0.4,0.0,0.4,0.0
fever ray,keep the streets empty for me,0.0,0.8,0.0,0.0,0.2,0.0,0.8,0.0
skinny puppy,pedafly,0.6,0.4,0.0,0.0,0.0,0.6,0.8,0.4
jens lekman,i'm leaving you because i don't love you,0.0,0.8,0.0,0.2,0.8,0.0,0.2,0.0
311,amber,0.0,0.0,0.8,0.0,0.8,0.0,0.6,0.0
the beatles,if i needed someone,0.0,0.2,0.2,0.0,0.8,0.0,0.2,0.0
system of a down,pictures,0.6,0.0,0.0,0.2,0.0,0.6,0.6,0.0
kasabian,butcher blues,0.4,0.6,0.0,0.0,0.4,0.0,0.4,0.0
calvin harris,merrymaking at my place,0.0,0.0,1.0,0.4,0.2,0.0,0.0,0.2
adam green,friends of mine,0.0,0.2,0.6,0.6,0.2,0.0,0.6,0.0
audioslave,somedays,0.2,0.4,0.2,0.0,0.4,0.0,0.4,0.0
nick cave & the bad seeds,today's lesson,0.4,0.0,0.0,0.4,0.0,0.4,0.4,0.4
audioslave,bring 'em back alive,0.4,0.2,0.0,0.0,0.0,0.2,0.4,0.0
linkin park,by myself,0.6,0.4,0.0,0.0,0.0,0.0,0.2,0.0
explosions in the sky,glittering blackness,0.0,0.0,0.0,0.0,0.0,0.0,0.0,0.0
massive attack,one love,0.0,0.0,0.4,0.0,0.8,0.6,0.2,0.0
bruce springsteen,the river,0.2,1.0,0.2,0.0,0.6,0.6,0.2,0.0
massive attack,everywhen,0.0,0.4,0.0,0.0,0.2,0.2,0.8,0.0
beach house,apple orchard,0.0,0.4,0.2,0.0,0.6,0.0,0.8,0.0
rammstein,du riechst so gut,0.4,0.0,0.0,0.0,0.2,0.0,0.4,0.2
air,dark messages,0.0,0.0,0.0,0.0,0.0,0.0,0.0,0.0
deftones,teenager,0.0,0.6,0.0,0.0,0.8,0.0,0.4,0.0
t. rex,jeepster,0.0,0.0,0.8,0.4,1.0,0.0,0.4,0.0
pink floyd,vera,0.0,1.0,0.0,0.0,0.0,0.4,0.2,0.0
amy winehouse,me and mr jones,0.6,0.4,0.0,0.2,0.8,0.0,0.2,0.4
belle and sebastian,it could have been a brilliant career,0.0,0.8,0.0,0.2,0.0,0.4,0.2,0.0
creedence clearwater revival,have you ever seen the rain,0.0,0.6,0.0,0.0,0.0,0.0,0.4,0.0
creedence clearwater revisited,who'll stop the rain,0.2,0.4,0.0,0.0,0.0,0.6,0.4,0.0
system of a down,stealing society,0.8,0.2,0.0,0.2,0.0,0.8,0.4,0.0
mogwai,cody,0.0,0.8,0.0,0.0,0.4,0.0,0.4,0.0
nightwish,swanheart,0.0,0.8,0.0,0.0,0.6,0.0,0.6,0.0
the darkness,get your hands off my woman,1.0,0.0,0.0,0.4,0.4,0.0,0.0,1.0
abba,chiquitita,0.0,0.8,0.2,0.0,0.2,0.0,0.2,0.0
aphex twin,4,0.0,0.0,0.0,0.0,0.0,0.0,0.0,0.0
zero 7,likufanele,0.0,0.0,0.0,0.0,0.0,0.0,0.0,0.0
mstrkrft,paris,0.0,0.0,0.0,0.0,0.0,0.0,0.0,0.0
stars,heart,0.2,0.6,0.2,0.0,0.8,0.0,0.4,0.0
yo la tengo,mr. tough,0.2,0.0,0.6,0.6,0.2,0.2,0.2,0.0
michael jackson,don't stop 'til you get enough,0.0,0.0,1.0,0.0,0.8,0.0,0.4,0.2
nirvana,love buzz,0.0,0.0,0.2,0.0,1.0,0.0,0.4,0.0
peaches,operate,0.4,0.0,0.0,0.4,0.0,0.2,0.4,0.8
disturbed,stupify,0.8,0.0,0.0,0.0,0.2,0.4,0.4,0.0
kings of convenience,summer on the westhill,0.0,0.4,0.4,0.0,0.6,0.0,0.4,0.0
kings of convenience,surprise ice,0.0,0.6,0.0,0.0,0.6,0.0,0.4,0.0
linkin park,valentine's day,0.0,1.0,0.0,0.0,0.6,0.0,0.4,0.0
arcade fire,old flame,0.2,0.6,0.0,0.0,1.0,0.0,0.4,0.0
les savy fav,what would wolves do?,0.4,0.0,0.0,0.4,0.0,0.4,0.4,0.0
pink martini,sympathique,0.0,0.6,0.2,0.4,0.4,0.2,0.2,0.0
sheryl crow,real gone,0.4,0.0,0.4,0.0,0.0,0.0,0.2,0.0
the faint,worked up so sexual,0.0,0.0,0.0,0.0,0.2,0.0,0.2,0.6
elliott smith,don't go down,0.4,0.6,0.0,0.0,0.2,0.0,0.4,0.0
elbow,leaders of the free world,0.6,0.2,0.0,0.2,0.0,1.0,0.2,0.0
the new pornographers,challengers,,,,,,,,
battles,snare hangar,0.0,0.0,0.0,0.0,0.0,0.0,0.0,0.0
new order,60 miles an hour,0.2,0.4,0.2,0.0,0.8,0.0,0.2,0.0
babyshambles,in love with a feeling,0.0,0.6,0.2,0.0,0.8,0.0,0.4,0.0
mando diao,sweet ride,0.0,0.0,0.6,0.0,0.6,0.0,0.4,0.0
bob dylan,idiot wind,1.0,0.4,0.0,0.0,0.2,0.2,0.6,0.0
kanye west,we don't care,0.4,0.4,0.4,0.6,0.0,0.8,0.2,0.6
britney spears,lonely,0.6,0.2,0.0,0.0,0.4,0.0,0.2,0.2
within temptation,all i need,0.2,1.0,0.0,0.0,1.0,0.0,0.4,0.0
rage against the machine,settle for nothing,0.6,0.6,0.0,0.0,0.0,0.6,0.4,0.2
rage against the machine,township rebellion,1.0,0.0,0.0,0.0,0.0,1.0,0.4,0.4
kate bush,the dreaming,0.4,0.2,0.0,0.0,0.0,0.8,0.8,0.0
architecture in helsinki,need to shout,0.2,0.0,0.6,0.2,0.4,0.0,0.6,0.0
the dresden dolls,mandy goes to med school,0.2,0.2,0.0,0.8,0.0,0.4,0.4,0.4
jet,move on,0.2,0.8,0.0,0.0,0.8,0.0,0.2,0.0
aphex twin,i,0.0,0.0,0.0,0.0,0.0,0.0,0.0,0.0
cat power,shaking paper,0.2,0.8,0.0,0.0,0.2,0.0,0.6,0.0
david bowie,speed of life,0.0,0.0,0.0,0.0,0.0,0.0,0.0,0.0
radiohead,lurgee,0.2,0.2,0.2,0.0,0.6,0.0,0.2,0.0
my brightest diamond,something of an end,0.2,0.8,0.0,0.0,0.6,0.0,0.8,0.0
death cab for cutie,for what reason,0.4,0.6,0.0,0.0,0.8,0.0,0.4,0.0
islands,jogging gorgeous summer,0.0,0.2,0.8,0.4,0.6,0.0,0.6,0.0
beirut,after the curtain,0.0,0.8,0.0,0.0,0.4,0.0,0.6,0.0
in flames,satellites and astronauts,0.2,0.8,0.0,0.0,0.0,0.0,0.8,0.0
patti smith,because the night,0.0,0.2,0.6,0.0,1.0,0.0,0.4,0.2
lady gaga,i like it rough,0.0,0.0,0.0,0.0,0.8,0.0,0.2,0.6
sugababes,about you now,0.0,0.6,0.0,0.0,1.0,0.0,0.2,0.0
amorphis,towards and against,0.4,0.2,0.0,0.0,0.0,0.0,0.6,0.0
deepest blue,deepest blue,0.0,0.6,0.2,0.0,0.8,0.0,0.4,0.0
amorphis,empty opening,0.4,0.8,0.0,0.0,0.0,0.0,0.6,0.0
secret machines,the leaves are gone,0.0,0.8,0.0,0.0,0.4,0.0,0.6,0.0
grandaddy,underneath the weeping willow,0.0,1.0,0.0,0.0,0.2,0.0,0.4,0.0
tegan and sara,dark come soon,0.2,1.0,0.0,0.0,0.2,0.0,0.4,0.0
björk,human behavior,0.0,0.0,0.0,0.2,0.0,0.0,0.6,0.0
marilyn manson,coma white,0.2,1.0,0.0,0.0,0.2,0.6,0.6,0.4
blur,for tomorrow,0.2,0.4,0.2,0.2,0.0,0.6,0.4,0.0
chemistry,we are one,0.0,0.2,0.8,0.0,0.6,0.2,0.4,0.0
tokyo police club,be good,0.2,0.4,0.4,0.2,0.6,0.0,0.4,0.0
foo fighters,breakout,0.6,0.2,0.0,0.0,0.2,0.0,0.2,0.0
queen,friends will be friends,0.0,0.4,0.8,0.0,0.2,0.2,0.2,0.0
tegan and sara,floorplan,0.2,0.4,0.0,0.0,0.8,0.0,0.4,0.0
the new pornographers,the electric version,,,,,,,,
band of horses,window blues,0.0,0.8,0.0,0.0,0.2,0.0,0.6,0.0
brand new,guernica,0.4,1.0,0.0,0.0,0.4,0.0,0.4,0.0
the kooks,got no love,0.2,0.8,0.0,0.0,0.8,0.0,0.2,0.0
the beach boys,you still believe in me,0.0,0.6,0.2,0.0,1.0,0.0,0.2,0.0
klaxons,gravity's rainbow (van she remix),0.0,0.0,0.6,0.0,0.4,0.0,0.6,0.0
wilco,misunderstood,0.6,0.6,0.0,0.0,0.0,0.0,0.4,0.0
him,pretending,0.4,0.8,0.0,0.0,1.0,0.0,0.4,0.0
norah jones,shoot the moon,0.0,0.8,0.0,0.0,0.8,0.0,0.4,0.0
mando diao,paralyzed,0.2,0.4,0.0,0.0,0.4,0.0,0.4,0.0
aphex twin,tha,0.0,0.0,0.0,0.0,0.0,0.0,0.0,0.0
the album leaf,on your way,0.0,0.6,0.2,0.0,0.2,0.0,0.4,0.0
shiny toy guns,when they came for us,0.6,0.4,0.0,0.0,0.0,0.8,0.4,0.0
the organ,brother,0.2,0.8,0.0,0.0,0.0,0.0,0.2,0.0
elliott smith,can't make a sound,0.2,1.0,0.0,0.0,0.2,0.0,0.4,0.0
incubus,the warmth,0.2,0.2,0.6,0.0,0.0,0.2,0.4,0.2
children of bodom,angels don't kill,1.0,0.2,0.0,0.0,0.0,0.0,0.4,0.2
t.i.,live your life (feat. rihanna),0.2,0.0,0.8,0.0,0.0,0.2,0.2,0.2
ladytron,mu-tron,0.0,0.0,0.0,0.0,0.0,0.0,0.6,0.0
architecture in helsinki,underwater,0.0,0.2,0.6,0.4,0.4,0.0,0.6,0.0
the white stripes,white moon,0.0,0.8,0.0,0.0,0.8,0.0,0.6,0.0
david bowie,kooks,0.0,0.0,1.0,0.6,1.0,0.0,0.2,0.0
sentenced,cross my heart and hope to die,0.2,1.0,0.0,0.0,0.6,0.0,0.4,0.0
goldfrapp,caravan girl,0.0,0.0,0.8,0.0,0.0,0.0,0.6,0.0
disturbed,sons of plunder,0.8,0.0,0.0,0.0,0.0,0.8,0.2,0.0
frou frou,the dumbing down of love,0.2,0.8,0.0,0.0,0.8,0.4,0.6,0.0
the feeling,love it when you call,0.2,0.4,0.4,0.2,0.8,0.0,0.2,0.0
amy winehouse,take the box,0.4,0.8,0.0,0.0,0.8,0.0,0.2,0.0
misfits,angelfuck,0.2,0.0,0.0,0.2,0.2,0.0,0.2,0.6
staind,it's been awhile,0.0,1.0,0.0,0.0,0.2,0.0,0.2,0.6
the 69 eyes,gothic girl,0.0,0.0,0.2,0.2,0.8,0.0,0.4,0.0
system of a down,attack,0.8,0.2,0.0,0.0,0.0,0.8,0.4,0.0
p!nk,family portrait,0.4,1.0,0.0,0.0,0.2,0.0,0.2,0.0
kings of convenience,the girl from back then,0.0,0.6,0.0,0.0,0.6,0.0,0.2,0.0
radiohead,the gloaming. (softly open our mouths in the cold.),0.4,0.2,0.0,0.0,0.0,0.8,0.8,0.0
pj harvey,shame,0.2,0.8,0.0,0.0,0.6,0.0,0.4,0.0
goose,british mode,0.0,0.0,0.0,0.0,0.0,0.0,0.4,0.0
pj harvey,kamikaze,0.6,0.0,0.0,0.0,0.2,0.0,0.4,0.0
david bowie,time,0.2,0.4,0.0,0.6,0.0,0.0,0.8,0.6
maxïmo park,now i'm all over the shop,0.2,0.6,0.0,0.0,0.8,0.0,0.4,0.0
art of noise,close (to the edit),0.0,0.0,0.0,0.0,0.0,0.0,1.0,0.0
björk,cover me,0.0,0.0,0.0,0.0,0.4,0.0,0.8,0.0
funeral for a friend,history,0.4,0.8,0.0,0.0,0.0,0.6,0.4,0.0
tom petty and the heartbreakers,mary jane's last dance,0.2,0.6,0.2,0.0,0.2,0.2,0.4,0.2
akira yamaoka,theme of laura (reprise),0.0,0.0,0.0,0.0,0.0,0.0,0.0,0.0
frou frou,flicks,0.0,0.4,0.2,0.2,0.6,0.0,0.4,0.0
bauhaus,in the flat field,0.8,0.0,0.0,0.0,0.0,0.0,0.8,0.2
rob zombie,living dead girl,0.2,0.0,0.0,0.2,0.4,0.0,0.8,0.4
jens lekman,shirin,0.0,0.2,0.6,0.4,0.8,0.0,0.2,0.0
manic street preachers,you stole the sun from my heart,0.4,0.8,0.0,0.0,0.2,0.0,0.4,0.0
the chemical brothers,the test,0.0,0.0,0.0,0.0,0.0,0.0,0.8,0.0
nouvelle vague,heart of glass,0.2,0.6,0.2,0.0,1.0,0.0,0.4,0.0
rachael yamagata,be be your love,0.0,0.8,0.2,0.0,1.0,0.0,0.2,0.0
the academy is...,black mamba,0.4,0.2,0.0,0.0,0.4,0.0,0.4,0.0
the smashing pumpkins,tonight tonight,0.2,0.4,0.8,0.0,0.4,0.0,0.6,0.0
the fratellis,cuntry boys & city girls,0.0,0.0,0.6,0.8,0.4,0.0,0.2,0.4
kiss,deuce,0.2,0.0,0.2,0.0,0.2,0.0,0.4,0.2
the cranberries,just my imagination,0.0,0.4,0.6,0.0,1.0,0.0,0.2,0.0
the cranberries,everything i said,0.2,0.8,0.0,0.0,0.6,0.0,0.2,0.0
bright eyes,middleman,0.2,0.6,0.0,0.0,0.2,0.4,0.6,0.0
emily haines & the soft skeleton,nothing & nowhere,0.0,0.8,0.0,0.0,0.2,0.0,0.6,0.0
the cure,primary,0.0,0.6,0.0,0.0,0.2,0.0,0.4,0.0
air,lucky and unhappy,0.0,0.8,0.0,0.0,0.0,0.0,0.6,0.0
afi,miseria cantare: the beginning,0.4,0.2,0.0,0.0,0.0,0.0,0.4,0.0
basement jaxx,take me back to your house,0.0,0.0,0.8,0.2,0.6,0.0,0.2,0.0
fever ray,dry and dusty,0.0,0.4,0.2,0.0,0.6,0.0,0.6,0.0
metallica,my friend of misery,0.4,0.6,0.0,0.0,0.0,0.0,0.4,0.0
röyksopp,röyksopp forever,0.0,0.0,0.0,0.0,0.0,0.0,0.0,0.0
eddie vedder,setting forth,0.0,0.0,0.4,0.0,0.0,0.0,0.6,0.0
kiss,shout it out loud,0.0,0.0,1.0,0.2,0.0,0.0,0.0,0.0
queens of the stone age,you would know,0.2,0.4,0.0,0.0,0.2,0.0,0.6,0.0
andrew bird,plasticities,0.0,0.0,0.2,0.2,0.0,0.0,0.6,0.0
faith no more,evidence,0.0,0.2,0.0,0.0,0.6,0.0,0.4,0.0
iron maiden,for the greater good of god,0.6,0.4,0.0,0.0,0.0,0.8,0.4,0.0
judas priest,metal gods,0.4,0.0,0.0,0.0,0.0,0.2,0.4,0.0
ac/dc,have a drink on me,0.0,0.0,0.8,0.4,0.0,0.0,0.2,0.2
the verve,catching the butterfly,0.0,0.4,0.2,0.0,0.2,0.0,0.6,0.0
the chemical brothers,chemical beats,0.0,0.0,0.0,0.0,0.0,0.0,0.0,0.0
scissor sisters,lovers in the backseat,0.0,0.2,0.6,0.4,0.8,0.0,0.4,0.2
final fantasy,the chronicles of sarnia,0.2,0.6,0.2,0.4,0.4,0.2,0.8,0.0
nick drake,harvest breed,0.0,0.8,0.0,0.0,0.0,0.0,0.6,0.0
animal collective,no more runnin,0.0,0.2,0.4,0.0,0.4,0.0,0.4,0.0
bright eyes,classic cars,0.0,0.4,0.2,0.0,0.6,0.2,0.4,0.0
outkast,ms. jackson,0.4,0.6,0.0,0.4,0.4,0.4,0.2,0.0
radiohead,creep (acoustic),0.2,1.0,0.0,0.0,0.6,0.0,0.2,0.2
the strokes,red light,0.4,0.2,0.0,0.2,0.6,0.0,0.4,0.0
apparat,fractales part 1,0.0,0.0,0.0,0.0,0.0,0.0,0.0,0.0
kings of leon,genius,0.2,0.4,0.2,0.2,0.4,0.0,0.6,0.2
babyshambles,albion,0.2,0.6,0.2,0.2,0.6,0.4,0.6,0.0
the white stripes,a martyr for my love for you,0.0,0.8,0.0,0.0,1.0,0.0,0.4,0.0
marillion,kayleigh,0.0,1.0,0.0,0.0,0.8,0.0,0.4,0.0
porcupine tree,how is your life today?,0.0,0.6,0.0,0.0,0.0,0.0,0.4,0.0
christian death,romeo's distress,0.6,0.4,0.0,0.0,0.4,0.4,0.6,0.6
editors,when anger shows,0.6,0.6,0.0,0.0,0.4,0.0,0.4,0.0
abba,fernando,0.0,0.6,0.2,0.0,0.2,0.4,0.2,0.0
green day,welcome to paradise,0.2,0.4,0.4,0.2,0.0,0.4,0.2,0.0
rilo kiley,my slumbering heart,0.0,0.6,0.2,0.0,0.6,0.0,0.4,0.0
rilo kiley,ripchord,0.0,1.0,0.0,0.0,0.0,0.0,0.4,0.0
razorlight,stumble and fall,0.2,0.4,0.0,0.0,0.8,0.0,0.2,0.0
fiona apple,tymps (the sick in the head song),0.4,0.4,0.0,0.2,0.6,0.0,0.6,0.0
morcheeba,otherwise,0.0,0.4,0.2,0.0,0.8,0.0,0.2,0.0
the used,take it away,0.8,0.4,0.0,0.0,0.2,0.0,0.4,0.0
sun kil moon,carry me ohio,0.0,1.0,0.0,0.0,0.8,0.0,0.4,0.0
dimmu borgir,the serpentine offering,0.8,0.0,0.0,0.0,0.0,0.6,0.6,0.0
u2,miracle drug,0.0,0.2,0.6,0.0,0.2,0.4,0.4,0.0
ted leo and the pharmacists,me and mia,0.4,0.2,0.4,0.0,0.0,0.6,0.4,0.0
alanis morissette,crazy,0.0,0.2,0.0,0.0,0.0,0.6,0.4,0.0
weezer,photograph,0.0,0.2,0.6,0.2,0.6,0.0,0.2,0.0
iron & wine,promise what you will,0.0,0.6,0.2,0.0,0.8,0.0,0.6,0.0
the magic numbers,which way to happy,0.0,0.8,0.0,0.0,0.2,0.0,0.2,0.0
the cranberries,salvation,0.4,0.0,0.2,0.0,0.0,0.6,0.2,0.4
pink floyd,interstellar overdrive,0.0,0.0,0.0,0.0,0.0,0.0,0.0,0.0
kaiser chiefs,i can do it without you,0.4,0.2,0.2,0.2,0.6,0.0,0.2,0.0
placebo,i do,0.0,0.6,0.0,0.0,1.0,0.0,0.2,0.0
broken social scene,feel good lost,0.0,0.0,0.0,0.0,0.0,0.0,0.0,0.0
wham!,last christmas,0.2,0.8,0.0,0.0,1.0,0.0,0.2,0.0
fischerspooner,all we are,0.0,0.6,0.0,0.0,0.6,0.0,0.4,0.0
lamb,angelica,0.0,0.6,0.2,0.0,0.4,0.0,0.6,0.0
fugees,ready or not,0.4,0.0,0.0,0.2,0.2,0.4,0.4,0.4
the specials,a message to you rudy,0.2,0.0,0.0,0.0,0.0,0.6,0.0,0.0
pink floyd,shine on you crazy diamond (parts i-v),0.0,0.8,0.2,0.0,0.0,0.0,0.6,0.0
explosions in the sky,yasmin the light,0.0,0.0,0.0,0.0,0.0,0.0,0.0,0.0
explosions in the sky,catastrophe and the cure,0.0,0.0,0.0,0.0,0.0,0.0,0.0,0.0
télépopmusik,love can damage your health,0.0,0.6,0.0,0.0,1.0,0.0,0.4,0.0
primal scream,loaded,0.0,0.0,1.0,0.0,0.0,0.2,0.0,0.0
covenant,bullet,0.4,0.4,0.0,0.0,0.2,0.2,0.6,0.0
the strokes,alone together,0.4,0.6,0.0,0.0,0.6,0.0,0.4,0.0
the duke spirit,send a little love token,0.0,0.4,0.2,0.0,0.8,0.0,0.4,0.0
cat power,ramblin' (wo)man,0.0,0.4,0.0,0.0,0.4,0.0,0.2,0.0
berlin,take my breath away,0.0,0.2,0.2,0.0,1.0,0.0,0.4,0.0
cut copy,bright neon payphone,0.0,0.0,0.6,0.0,0.6,0.0,0.6,0.0
wilco,hell is chrome,0.0,0.4,0.0,0.0,0.0,0.4,0.8,0.0
nightwish,ever dream,0.0,0.4,0.0,0.0,1.0,0.0,0.4,0.0
the smashing pumpkins,soma,0.4,0.8,0.0,0.0,0.6,0.0,0.4,0.0
iron maiden,phantom of the opera,0.4,0.2,0.0,0.0,0.2,0.0,0.2,0.0
joanna newsom,en gallop,0.0,0.6,0.0,0.0,0.2,0.0,0.8,0.0
apparat,fractales part 1,0.0,0.0,0.0,0.0,0.0,0.0,0.0,0.0
kings of leon,genius,0.4,0.0,0.4,0.4,0.2,0.0,0.4,0.2
babyshambles,albion,0.0,0.6,0.2,0.2,0.6,0.4,0.6,0.0
the white stripes,a martyr for my love for you,0.0,0.8,0.0,0.0,1.0,0.0,0.2,0.0
marillion,kayleigh,0.0,0.8,0.0,0.0,1.0,0.0,0.4,0.0
porcupine tree,how is your life today?,0.0,0.6,0.0,0.0,0.0,0.0,0.4,0.0
christian death,romeo's distress,0.4,0.4,0.0,0.0,0.6,0.4,0.6,0.8
editors,when anger shows,0.6,0.6,0.0,0.0,0.4,0.0,0.4,0.0
abba,fernando,0.0,0.6,0.2,0.0,0.2,0.4,0.2,0.0
green day,welcome to paradise,0.0,0.4,0.2,0.2,0.0,0.4,0.2,0.0
rilo kiley,my slumbering heart,0.0,0.4,0.4,0.0,0.8,0.0,0.4,0.0
rilo kiley,ripchord,0.0,1.0,0.0,0.0,0.0,0.0,0.4,0.0
razorlight,stumble and fall,0.2,0.6,0.0,0.0,0.6,0.0,0.4,0.0
fiona apple,tymps (the sick in the head song),0.4,0.4,0.0,0.2,0.6,0.0,0.4,0.0
morcheeba,otherwise,0.0,0.4,0.2,0.0,0.8,0.0,0.4,0.0
the used,take it away,0.8,0.4,0.0,0.0,0.0,0.0,0.6,0.0
sun kil moon,carry me ohio,0.0,1.0,0.0,0.0,0.8,0.0,0.4,0.0
dimmu borgir,the serpentine offering,0.8,0.2,0.0,0.0,0.0,0.8,0.6,0.0
u2,miracle drug,0.0,0.2,0.6,0.0,0.6,0.4,0.4,0.0
ted leo and the pharmacists,me and mia,0.4,0.4,0.4,0.0,0.0,0.4,0.4,0.0
alanis morissette,crazy,0.0,0.2,0.0,0.0,0.0,0.6,0.6,0.0
weezer,photograph,0.0,0.2,0.6,0.2,0.6,0.0,0.2,0.0
iron & wine,promise what you will,0.0,0.6,0.2,0.0,0.6,0.0,0.6,0.0
the magic numbers,which way to happy,0.0,0.8,0.2,0.0,0.8,0.0,0.4,0.0
the cranberries,salvation,0.4,0.0,0.2,0.0,0.0,0.6,0.2,0.0
pink floyd,interstellar overdrive,0.0,0.0,0.0,0.0,0.0,0.0,0.0,0.0
kaiser chiefs,i can do it without you,0.4,0.2,0.2,0.2,0.6,0.0,0.2,0.0
placebo,i do,0.0,0.6,0.2,0.0,1.0,0.0,0.2,0.0
broken social scene,feel good lost,0.0,0.0,0.0,0.0,0.0,0.0,0.0,0.0
wham!,last christmas,0.2,0.8,0.2,0.0,1.0,0.0,0.2,0.0
fischerspooner,all we are,0.0,0.2,0.0,0.0,0.0,0.0,0.6,0.0
lamb,angelica,0.0,0.4,0.2,0.0,0.4,0.0,0.6,0.0
fugees,ready or not,0.4,0.0,0.2,0.2,0.2,0.4,0.4,0.2
the specials,a message to you rudy,0.2,0.0,0.0,0.0,0.0,0.6,0.2,0.0
pink floyd,shine on you crazy diamond (parts i-v),0.0,0.8,0.0,0.0,0.0,0.2,0.6,0.0
explosions in the sky,yasmin the light,0.0,0.0,0.0,0.0,0.0,0.0,0.0,0.0
explosions in the sky,catastrophe and the cure,0.0,0.0,0.0,0.0,0.0,0.0,0.0,0.0
télépopmusik,love can damage your health,0.0,0.6,0.0,0.0,1.0,0.0,0.4,0.0
primal scream,loaded,0.0,0.0,1.0,0.0,0.0,0.2,0.0,0.4
covenant,bullet,0.4,0.2,0.0,0.0,0.0,0.4,0.4,0.0
the strokes,alone together,0.2,0.6,0.0,0.0,0.6,0.0,0.4,0.0
the duke spirit,send a little love token,0.0,0.2,0.4,0.0,0.8,0.0,0.4,0.0
cat power,ramblin' (wo)man,0.0,0.6,0.0,0.0,0.4,0.0,0.2,0.0
berlin,take my breath away,0.0,0.2,0.2,0.0,1.0,0.0,0.4,0.0
cut copy,bright neon payphone,0.0,0.2,0.6,0.0,0.6,0.0,0.6,0.0
wilco,hell is chrome,0.0,0.4,0.0,0.0,0.0,0.0,0.8,0.0
nightwish,ever dream,0.0,0.4,0.0,0.0,0.8,0.0,0.6,0.2
the smashing pumpkins,soma,0.2,1.0,0.0,0.0,0.8,0.0,0.4,0.0
iron maiden,phantom of the opera,0.4,0.0,0.0,0.0,0.0,0.0,0.4,0.0
joanna newsom,en gallop,0.0,0.6,0.0,0.0,0.2,0.0,0.8,0.0
joanna newsom,swansea,0.0,0.8,0.0,0.0,0.4,0.0,0.6,0.0
ratatat,flynn,0.0,0.0,0.0,0.0,0.0,0.0,0.0,0.0
mastodon,circle of cysquatch,0.2,0.0,0.0,0.0,0.0,0.0,0.8,0.0
misfits,she,0.4,0.0,0.0,0.0,0.0,0.4,0.2,0.2
pulp,do you remember the first time?,0.0,0.4,0.2,0.4,0.6,0.0,0.2,0.2
evanescence,lose control,0.2,0.4,0.0,0.0,0.4,0.0,0.4,0.0
moby,go,0.0,0.0,0.0,0.0,0.0,0.0,0.0,0.0
cartel,runaway,0.2,0.4,0.2,0.0,0.6,0.0,0.2,0.0
les savy fav,patty lee,0.4,0.2,0.2,0.4,0.2,0.4,0.4,0.0
him,under the rose,0.2,0.6,0.0,0.0,1.0,0.0,0.6,0.0
of montreal,forecast fascist future,0.4,0.4,0.0,0.2,0.0,0.8,0.4,0.0
ellen allien & apparat,do not break,0.0,0.0,0.0,0.0,0.0,0.0,0.0,0.0
u2 and green day,the saints are coming,0.4,0.6,0.0,0.0,0.0,1.0,0.4,0.0
chicane,no ordinary morning,0.0,0.8,0.0,0.0,0.8,0.0,0.4,0.0
architecture in helsinki,the cemetery,0.0,0.6,0.2,0.0,0.6,0.0,0.4,0.0
three days grace,riot,1.0,0.4,0.0,0.0,0.0,0.4,0.2,0.2
rufus wainwright,beautiful child,0.0,0.6,0.2,0.0,0.6,0.0,0.6,0.0
daft punk,emotion,0.0,0.0,0.0,0.0,0.0,0.0,0.0,0.0
beastie boys,so what'cha want,0.4,0.0,0.2,0.6,0.0,0.2,0.6,0.2
david bowie,star,0.0,0.0,0.6,0.4,0.0,0.2,0.4,0.0
norah jones,lonestar,0.0,0.8,0.0,0.0,0.8,0.0,0.2,0.0
counting crows,round here,0.0,0.8,0.0,0.0,0.2,0.2,0.6,0.0
at the drive-in,pattern against user,0.8,0.0,0.0,0.0,0.0,0.6,0.8,0.0
audioslave,one and the same,0.4,0.2,0.2,0.0,0.4,0.4,0.4,0.0
disturbed,voices,0.8,0.2,0.0,0.0,0.0,0.0,0.4,0.2
guns n' roses,anything goes,0.0,0.0,0.2,0.2,0.0,0.0,0.2,1.0
the smiths,stretch out and wait,0.0,0.4,0.2,0.2,0.8,0.2,0.2,0.0
audioslave,your time has come,0.6,0.4,0.0,0.0,0.0,0.8,0.4,0.0
explosions in the sky,look into the air,0.0,0.0,0.0,0.0,0.0,0.0,0.0,0.0
iamx,song of imaginary beings,0.0,0.6,0.0,0.0,0.2,0.0,0.8,0.0
queens of the stone age,another love song,0.2,0.2,0.0,0.2,0.8,0.0,0.2,0.0
david gray,please forgive me,0.0,0.2,0.4,0.0,1.0,0.0,0.4,0.0
keane,snowed under,0.0,0.8,0.0,0.0,0.4,0.0,0.6,0.0
the darkness,love is only a feeling,0.0,0.4,0.2,0.0,1.0,0.0,0.2,0.0
sentenced,you are the one,0.0,0.4,0.2,0.0,1.0,0.0,0.4,0.0
jack's mannequin,i'm ready,0.0,0.4,0.6,0.0,0.4,0.0,0.4,0.0
andrew bird,measuring cups,0.2,0.0,0.0,0.4,0.0,0.4,0.6,0.0
mandalay,beautiful (7 canny mix),0.0,0.2,0.4,0.0,1.0,0.0,0.2,0.0
deftones,bored,0.6,0.2,0.0,0.0,0.0,0.0,0.6,0.0
keane,better than this,0.2,0.6,0.0,0.0,0.0,0.6,0.4,0.0
fiona apple,to your love,0.4,0.4,0.0,0.0,0.8,0.0,0.4,0.0
razorlight,vice,0.2,0.6,0.0,0.0,0.4,0.0,0.4,0.0
black kids,love me already,0.2,0.2,0.4,0.4,1.0,0.0,0.2,0.0
kasabian,by my side,0.0,0.4,0.2,0.0,0.8,0.0,0.4,0.0
kasabian,british legion,0.2,0.4,0.0,0.0,0.0,0.4,0.4,0.0
the dandy warhols,horse pills,0.0,0.0,0.4,0.4,0.0,0.0,0.4,0.4
the dandy warhols,solid,0.0,0.0,0.4,0.2,0.2,0.0,0.4,0.0
soilwork,exile,0.6,0.6,0.0,0.0,0.0,0.0,0.4,0.0
natalie imbruglia,that day,0.2,0.4,0.0,0.0,0.2,0.0,0.6,0.0
the doors,love street,0.0,0.0,0.6,0.2,1.0,0.0,0.4,0.0
kings of convenience,little kids,0.0,0.4,0.2,0.0,0.2,0.0,0.4,0.0
sonic youth,drunken butterfly,0.6,0.0,0.0,0.0,0.0,0.4,0.8,0.4
