artist_name,track_name,Live Recording,Audio Production,Aural Intensity,Acoustic Sonority,Electric Sonority,Synthetic Sonority
the postal service,such great heights,0.0,1.0,0.6,0.0,0.4,1.0
boy division,love will tear us apart,0.2,0.4,0.8,0.2,1.0,0.0
muse,supermassive black hole,0.0,1.0,0.8,0.2,0.8,0.8
radiohead,karma police,0.0,1.0,0.6,0.6,0.6,0.2
arcade fire,rebellion (lies),0.0,0.8,0.8,0.6,0.6,0.0
death cab for cutie,i will follow you into the dark,0.0,0.8,0.2,1.0,0.0,0.0
muse,time is running out,0.0,1.0,0.8,0.2,0.8,0.4
muse,starlight,0.0,1.0,0.8,0.4,0.6,0.6
radiohead,all i need,0.0,1.0,0.8,0.4,0.6,0.6
arcade fire,neighborhood #1 (tunnels),0.0,0.8,0.8,0.4,0.8,0.2
coldplay,the scientist,0.0,1.0,0.4,0.8,0.6,0.0
massive attack,teardrop,0.0,1.0,0.4,0.2,0.4,1.0
radiohead,15 step,0.0,1.0,0.6,0.4,0.6,0.6
radiohead,paranoid android,0.0,1.0,0.8,0.4,0.8,0.4
radiohead,bodysnatchers,0.0,1.0,0.8,0.0,1.0,0.0
bloc party,banquet,0.0,1.0,0.8,0.2,1.0,0.0
arctic monkeys,i bet you look good on the dancefloor,0.0,0.8,1.0,0.2,1.0,0.0
radiohead,jigsaw falling into place,0.0,1.0,0.8,0.4,0.8,0.2
radiohead,reckoner,0.0,1.0,0.4,0.6,0.6,0.0
interpol,evil,0.0,1.0,0.6,0.2,1.0,0.0
radiohead,weird fishes/arpeggi,0.0,1.0,0.6,0.4,0.8,0.2
radiohead,house of cards,0.0,1.0,0.4,0.2,0.8,0.2
muse,map of the problematique,0.0,1.0,0.8,0.0,0.6,1.0
mgmt,time to pretend,0.0,1.0,0.6,0.2,0.4,1.0
radiohead,fake plastic trees,0.0,1.0,0.6,0.6,0.6,0.2
mgmt,kids,0.0,1.0,0.8,0.0,0.2,1.0
arcade fire,no cars go,0.0,1.0,0.8,0.4,0.8,0.2
arcade fire,une année sans lumière,0.0,0.8,0.4,0.6,0.4,0.0
the killers,smile like you mean it,0.0,1.0,0.6,0.2,0.8,0.6
the postal service,nothing better,0.0,0.8,0.4,0.0,0.2,1.0
arcade fire,wake up,0.0,0.8,0.8,0.4,0.8,0.2
arcade fire,neighborhood #3 (power out),0.0,0.8,0.8,0.2,0.8,0.2
radiohead,faust arp,0.0,1.0,0.2,1.0,0.0,0.0
muse,hysteria,0.0,1.0,1.0,0.0,1.0,0.2
depeche mode,enjoy the silence,0.0,1.0,0.6,0.0,0.4,1.0
the killers,all these things that i've done,0.0,1.0,0.8,0.2,0.8,0.4
mgmt,electric feel,0.0,1.0,0.6,0.2,0.6,1.0
klaxons,golden skans,0.0,1.0,0.8,0.2,0.6,0.8
radiohead,no surprises,0.0,1.0,0.2,0.4,0.6,0.0
the shins,new slang,0.0,0.6,0.4,0.8,0.4,0.0
jeff buckley,hallelujah,0.0,1.0,0.4,0.2,0.8,0.0
radiohead,exit music (for a film),0.0,1.0,0.6,0.6,0.4,0.4
interpol,obstacle 1,0.0,0.8,0.8,0.2,1.0,0.0
pink floyd,wish you were here,0.0,1.0,0.4,0.8,0.6,0.2
joy division,she's lost control,0.0,0.8,0.6,0.2,0.8,0.2
radiohead,videotape,0.0,1.0,0.2,0.8,0.2,0.2
interpol,slow hands,0.0,0.8,0.8,0.0,1.0,0.0
death cab for cutie,crooked teeth,0.0,1.0,0.6,0.2,0.8,0.2
the postal service,the district sleeps alone tonight,0.0,0.8,0.4,0.2,0.4,1.0
coldplay,don't panic,0.0,0.8,0.4,0.8,0.4,0.0
imogen heap,hide and seek,0.0,1.0,0.4,0.2,0.0,1.0
arcade fire,keep the car running,0.0,1.0,0.8,0.6,0.6,0.0
death cab for cutie,summer skin,0.0,1.0,0.4,0.2,0.8,0.4
air,all i need,0.0,1.0,0.4,0.4,0.6,0.8
arcade fire,crown of love,0.0,0.8,0.6,0.6,0.6,0.0
arctic monkeys,mardy bum,0.0,0.8,0.6,0.0,0.8,0.0
the smiths,this charming man,0.0,0.8,0.6,0.2,1.0,0.0
air,sexy boy,0.0,1.0,0.4,0.0,0.2,1.0
the postal service,sleeping in,0.0,0.8,0.4,0.2,0.2,1.0
arcade fire,intervention,0.0,1.0,0.8,0.8,0.4,0.0
arcade fire,neighborhood #2 (laika),0.0,0.8,0.8,0.4,0.8,0.2
arctic monkeys,fake tales of san francisco,0.0,0.8,0.8,0.2,1.0,0.0
death cab for cutie,your heart is an empty room,0.0,1.0,0.6,0.2,0.8,0.2
zero 7,in the waiting line,0.0,1.0,0.4,0.4,0.6,0.8
josé gonzález,heartbeats,0.0,1.0,0.2,1.0,0.0,0.0
massive attack,angel,0.0,1.0,0.8,0.2,0.8,0.8
bloc party,helicopter,0.0,0.8,1.0,0.2,1.0,0.0
amy winehouse,you know i'm no good,0.0,1.0,0.6,0.6,0.6,0.0
death cab for cutie,marching bands of manhattan,0.0,1.0,0.6,0.4,0.8,0.2
feist,mushaboom,0.0,0.8,0.4,0.8,0.4,0.2
muse,stockholm syndrome,0.0,1.0,1.0,0.2,1.0,0.2
the killers,jenny was a friend of mine,0.0,1.0,0.8,0.0,0.8,0.6
blur,song 2,0.0,0.8,1.0,0.2,1.0,0.0
johnny cash,hurt,0.0,1.0,0.4,0.8,0.2,0.0
the knife,heartbeats,0.0,1.0,0.6,0.0,0.0,1.0
death cab for cutie,someday you will be loved,0.0,1.0,0.4,0.6,0.6,0.4
death cab for cutie,different names for the same thing,0.0,1.0,0.6,0.6,0.2,0.8
bloc party,like eating glass,0.0,0.8,0.8,0.2,1.0,0.0
dread zeppelin,stairway to heaven,0.0,0.8,0.4,0.2,0.8,0.2
the shins,caring is creepy,0.0,0.6,0.4,0.4,0.6,0.6
radiohead,let down,0.0,1.0,0.6,0.2,0.8,0.4
coldplay,in my place,0.0,1.0,0.6,0.2,0.8,0.0
pixies,where is my mind?,0.0,0.8,0.6,0.2,1.0,0.0
bloc party,this modern love,0.0,1.0,0.8,0.2,1.0,0.0
damien rice,the blower's daughter,0.0,0.8,0.4,1.0,0.0,0.0
arcade fire,black mirror,0.0,1.0,0.6,0.4,0.8,0.2
the postal service,clark gable,0.0,0.8,0.6,0.2,0.4,1.0
ladytron,destroy everything you touch,0.0,1.0,0.8,0.0,0.4,1.0
arcade fire,neighborhood #4 (7 kettles),0.0,0.8,0.4,0.8,0.2,0.0
death cab for cutie,what sarah said,0.0,1.0,0.4,0.8,0.4,0.2
kaiser chiefs,i predict a riot,0.0,0.8,0.8,0.2,1.0,0.0
u2,with or without you,0.0,1.0,0.6,0.2,1.0,0.4
death cab for cutie,title and registration,0.0,1.0,0.4,0.2,0.8,0.2
amy winehouse,tears dry on their own,0.0,1.0,0.8,0.6,0.8,0.0
interpol,pda,0.0,0.8,0.8,0.2,1.0,0.0
the strokes,last nite,0.0,0.6,0.8,0.2,1.0,0.0
the postal service,brand new colony,0.0,1.0,0.6,0.0,0.2,1.0
the cure,boys don't cry,0.0,0.6,0.6,0.2,1.0,0.0
amy winehouse,back to black,0.0,1.0,0.6,0.8,0.4,0.0
muse,sing for absolution,0.0,1.0,0.6,0.4,0.8,0.4
arctic monkeys,the view from the afternoon,0.0,0.8,1.0,0.2,1.0,0.0
hot chip,over and over,0.0,0.8,0.6,0.2,0.6,0.8
the kooks,naïve,0.0,0.8,0.6,0.2,0.8,0.0
tool,vicarious,0.0,1.0,0.8,0.2,1.0,0.0
peter bjorn and john,young folks,0.0,1.0,0.4,0.4,0.6,0.2
arctic monkeys,dancing shoes,0.0,0.8,0.8,0.2,0.8,0.0
coldplay,trouble,0.0,1.0,0.4,0.8,0.4,0.0
arctic monkeys,fluorescent adolescent,0.0,1.0,0.6,0.2,1.0,0.0
radiohead,airbag,0.0,1.0,0.6,0.2,0.8,0.4
the smiths,there is a light that never goes out,0.0,0.8,0.4,0.4,0.8,0.4
klaxons,atlantis to interzone,0.0,0.8,1.0,0.2,0.8,0.8
klaxons,gravity's rainbow,0.0,0.8,0.8,0.0,0.8,0.8
joy division,transmission,0.0,0.8,0.8,0.2,1.0,0.0
damien rice,cannonball,0.0,0.8,0.4,1.0,0.2,0.0
regina spektor,samson,0.0,1.0,0.2,1.0,0.0,0.0
pink floyd,comfortably numb,0.0,1.0,0.8,0.4,0.8,0.4
air,kelly watch the stars,0.0,1.0,0.4,0.0,0.6,1.0
muse,knights of cydonia,0.0,1.0,1.0,0.2,1.0,0.4
radiohead,lucky,0.0,1.0,0.6,0.2,0.8,0.2
portishead,roads,0.0,0.8,0.4,0.2,0.8,0.8
the goo goo dolls,iris,0.0,1.0,0.8,0.8,0.6,0.0
the killers,on top,0.0,1.0,0.8,0.2,0.8,0.6
the shins,australia,0.0,1.0,0.6,0.4,0.8,0.4
the postal service,recycled air,0.0,1.0,0.4,0.0,0.2,1.0
radiohead,street spirit (fade out),0.0,1.0,0.4,0.2,1.0,0.0
interpol,narc,0.0,0.8,0.6,0.2,1.0,0.0
tool,the pot,0.0,1.0,1.0,0.2,1.0,0.0
the kooks,she moves in her own way,0.0,0.8,0.4,0.4,0.8,0.0
the clash,london calling,0.0,0.8,0.8,0.0,1.0,0.0
kaiser chiefs,everyday i love you less and less,0.0,0.8,0.8,0.2,1.0,0.2
elliott smith,between the bars,0.0,0.6,0.2,1.0,0.0,0.0
sufjan stevens,chicago,0.0,1.0,0.6,0.8,0.4,0.0
air,cherry blossom girl,0.0,1.0,0.2,0.6,0.4,0.8
sigur rós,sæglópur,0.0,1.0,0.8,0.6,0.8,0.2
death cab for cutie,brothers on a hotel bed,0.0,1.0,0.4,0.6,0.4,0.6
neutral milk hotel,in the aeroplane over the sea,0.0,0.4,0.6,1.0,0.2,0.0
muse,butterflies and hurricanes,0.0,1.0,0.8,0.4,0.8,0.2
arcade fire,neon bible,0.0,0.8,0.4,0.8,0.2,0.0
air,la femme d'argent,0.0,1.0,0.4,0.2,0.8,1.0
portishead,sour times,0.0,1.0,0.4,0.6,0.4,0.4
radiohead,everything in its right place,0.0,1.0,0.4,0.0,0.0,1.0
bloc party,blue light,0.0,0.8,0.4,0.2,0.8,0.0
snow patrol,run,0.0,1.0,0.8,0.4,0.8,0.2
frou frou,let go,0.0,1.0,0.6,0.2,0.4,1.0
interpol,c'mere,0.0,0.8,0.8,0.2,1.0,0.0
death cab for cutie,transatlanticism,0.0,1.0,0.8,0.4,0.8,0.2
joy division,disorder,0.0,0.8,0.8,0.2,1.0,0.0
sigur rós,svefn-g-englar,0.0,1.0,0.6,0.4,0.8,0.2
led zeppelin jam,immigrant song,0.0,0.8,1.0,0.0,1.0,0.0
the strokes,reptilia,0.0,0.8,0.8,0.2,1.0,0.0
muse,invincible,0.0,1.0,0.6,0.2,0.8,0.6
sigur rós,hoppípolla,0.0,1.0,0.8,0.8,0.4,0.2
evanescence,my immortal,0.0,1.0,0.4,0.6,0.4,0.2
hot chip,ready for the floor,0.0,1.0,0.6,0.0,0.2,1.0
editors,munich,0.0,0.8,0.8,0.2,1.0,0.0
black rebel motorcycle club,spread your love,0.0,0.8,0.8,0.2,1.0,0.0
mika,grace kelly,0.0,1.0,0.8,0.8,0.2,0.4
gary jules,mad world,0.0,1.0,0.2,0.8,0.0,0.2
muse,take a bow,0.0,1.0,1.0,0.2,0.8,0.8
radiohead,subterranean homesick alien,0.0,1.0,0.6,0.2,0.8,0.4
bloc party,positive tension,0.0,0.8,0.8,0.2,1.0,0.0
death cab for cutie,a lack of color,0.0,1.0,0.2,1.0,0.2,0.0
placebo,every you every me,0.0,1.0,0.8,0.2,1.0,0.2
pink floyd,the great gig in the sky,0.0,1.0,0.8,0.6,0.6,0.2
the postal service,this place is a prison,0.0,1.0,0.4,0.0,0.2,1.0
arcade fire,haiti,0.0,0.8,0.4,0.6,0.6,0.2
pink floyd,time,0.0,1.0,0.8,0.2,0.8,0.4
radiohead,idioteque,0.0,1.0,0.8,0.0,0.0,1.0
sufjan stevens,casimir pulaski day,0.0,0.8,0.2,1.0,0.2,0.0
röyksopp,eple,0.0,1.0,0.4,0.0,0.2,1.0
the smiths,bigmouth strikes again,0.0,0.8,0.6,0.2,1.0,0.0
arctic monkeys,still take you home,0.0,0.8,0.8,0.2,1.0,0.0
the killers,bones,0.0,1.0,0.8,0.2,0.8,0.4
black rebel motorcycle club,love burns,0.0,0.6,0.8,0.0,1.0,0.0
muse,plug in baby,0.0,1.0,0.8,0.2,1.0,0.2
radiohead,my iron lung,0.2,1.0,0.8,0.0,1.0,0.0
arcade fire,ocean of noise,0.0,1.0,0.6,0.6,0.6,0.2
radiohead,just,0.0,1.0,0.8,0.0,1.0,0.0
pink floyd,us and them,0.0,1.0,0.4,0.6,0.6,0.2
damien rice,9 crimes,0.0,1.0,0.4,1.0,0.2,0.0
coldplay,god put a smile upon your face,0.0,1.0,0.6,0.2,0.8,0.0
daft punk,aerodynamic,0.0,1.0,0.8,0.0,0.4,1.0
a perfect circle,3 libras,0.0,1.0,0.4,0.8,0.4,0.0
the smiths,how soon is now?,0.0,1.0,0.8,0.0,1.0,0.4
arcade fire,black wave/bad vibrations,0.0,1.0,0.8,0.2,0.8,0.6
radiohead,the bends,0.0,0.8,0.8,0.2,1.0,0.0
the kooks,ooh la,0.0,0.8,0.4,0.8,0.4,0.0
david bowie,ziggy stardust,0.0,0.8,0.6,0.2,1.0,0.0
interpol,untitled,0.0,0.8,0.6,0.0,1.0,0.2
lily allen,ldn,0.0,1.0,0.4,0.6,0.4,0.2
arctic monkeys,brianstorm,0.0,1.0,1.0,0.2,1.0,0.0
black rebel motorcycle club,ain't no easy way,0.0,0.8,0.6,0.8,0.4,0.0
pixies,debaser,0.0,0.8,0.8,0.2,1.0,0.0
gorillaz,dare,0.0,1.0,0.8,0.0,0.4,1.0
the knife,pass this on,0.0,1.0,0.4,0.0,0.0,1.0
broken social scene,cause = time,0.0,0.8,0.8,0.4,1.0,0.2
radiohead,climbing up the walls,0.0,1.0,0.8,0.4,0.8,0.4
the knife,silent shout,0.0,1.0,0.8,0.0,0.0,1.0
arctic monkeys,a certain romance,0.0,0.8,0.8,0.0,1.0,0.0
interpol,nyc,0.0,0.8,0.4,0.2,1.0,0.2
muse,apocalypse please,0.0,1.0,1.0,0.8,0.4,0.2
coldplay,warning sign,0.0,1.0,0.4,0.6,0.6,0.0
muse,bliss,0.0,1.0,0.8,0.2,0.6,0.8
coldplay,green eyes,0.0,1.0,0.4,0.8,0.4,0.0
feist,my moon my man,0.0,1.0,0.6,0.4,0.8,0.2
maxïmo park,apply some pressure,0.0,0.8,0.8,0.2,1.0,0.0
arctic monkeys,riot van,0.0,0.8,0.2,0.2,0.8,0.0
radiohead,electioneering,0.0,0.8,0.8,0.2,1.0,0.0
air,run,0.0,1.0,0.4,0.0,0.4,1.0
arcade fire,the well and the lighthouse,0.0,0.8,0.8,0.2,0.8,0.2
portishead,mysterons,0.0,1.0,0.4,0.2,0.4,0.8
muse,feeling good,0.0,1.0,1.0,0.4,0.8,0.2
klaxons,it's not over yet,0.0,1.0,0.8,0.2,0.8,0.4
pearl jam,black,0.0,1.0,0.8,0.2,1.0,0.0
coldplay,a rush of blood to the head,0.0,1.0,0.6,0.8,0.4,0.2
broken social scene,anthems for a seventeen year-old girl,0.0,0.8,0.4,0.6,0.4,0.2
sigur rós,gong,0.0,1.0,0.8,0.4,0.8,0.2
the postal service,natural anthem,0.0,1.0,0.8,0.0,0.2,1.0
30 seconds to mars,the kill,0.0,1.0,0.8,0.0,1.0,0.2
arctic monkeys,when the sun goes down,0.0,0.8,0.8,0.2,1.0,0.0
muse,falling away with you,0.0,1.0,0.6,0.4,0.8,0.2
john lennon,imagine,0.0,1.0,0.4,0.8,0.4,0.0
nirvana,heart-shaped box,0.0,0.8,0.8,0.2,1.0,0.0
the smiths,hand in glove,0.0,0.6,0.6,0.2,0.8,0.0
franz ferdinand,jacqueline,0.0,0.8,0.8,0.2,1.0,0.0
arctic monkeys,teddy picker,0.0,1.0,0.8,0.2,1.0,0.0
bloc party,she's hearing voices,0.0,0.8,0.8,0.2,1.0,0.0
air,talisman,0.0,1.0,0.2,0.2,0.2,1.0
iron & wine,such great heights,0.0,0.8,0.2,1.0,0.0,0.0
muse,exo-politics,0.0,1.0,0.8,0.2,1.0,0.4
franz ferdinand,the dark of the matinée,0.0,1.0,0.6,0.2,1.0,0.0
the beatles,come together,0.0,1.0,0.6,0.2,1.0,0.0
death cab for cutie,the sound of settling,0.0,0.8,0.6,0.2,0.8,0.0
damien rice,volcano,0.0,0.8,0.4,1.0,0.2,0.0
moby,porcelain,0.0,1.0,0.4,0.4,0.2,0.8
the ting tings,that's not my name,0.0,1.0,0.8,0.2,0.8,0.2
the strokes,someday,0.0,0.8,0.6,0.2,1.0,0.0
interpol,not even jail,0.0,1.0,0.8,0.2,1.0,0.0
interpol,take you on a cruise,0.0,0.8,0.6,0.0,1.0,0.2
justice,d.a.n.c.e.,0.0,1.0,0.6,0.2,0.2,1.0
regina spektor,on the radio,0.0,1.0,0.6,0.6,0.4,0.2
sia,breathe me,0.0,1.0,0.6,0.8,0.2,0.4
amy winehouse,love is a losing game,0.0,1.0,0.4,0.6,0.6,0.0
klaxons,totem on the timeline,0.0,0.8,0.8,0.2,0.8,0.6
goldfrapp,ooh la la,0.0,1.0,0.8,0.0,0.8,1.0
sigur rós,glósóli,0.0,1.0,0.8,0.4,0.8,0.2
interpol,say hello to the angels,0.0,0.8,0.8,0.2,1.0,0.0
echo & the bunnymen,the killing moon,0.0,1.0,0.6,0.6,0.8,0.2
air,alone in kyoto,0.0,1.0,0.2,0.6,0.2,0.6
pink floyd,brain damage,0.0,1.0,0.6,0.4,0.8,0.2
portishead,glory box,0.0,1.0,0.4,0.2,0.8,0.8
the cure,a forest,0.0,0.8,0.4,0.2,0.8,0.4
pixies,monkey gone to heaven,0.0,1.0,0.8,0.4,0.8,0.0
the shins,kissing the lipless,0.0,0.8,0.8,0.4,0.8,0.0
cat power,the greatest,0.0,1.0,0.4,0.8,0.4,0.0
bright eyes,first day of my life,0.0,0.8,0.2,1.0,0.0,0.0
gorillaz,feel good inc.,0.0,1.0,0.8,0.2,0.8,0.8
feist,i feel it all,0.0,1.0,0.6,0.8,0.4,0.0
pixies,here comes your man,0.0,1.0,0.6,0.2,1.0,0.0
afi,miss murder,0.0,1.0,0.8,0.2,1.0,0.2
the strokes,you only live once,0.0,1.0,0.8,0.2,1.0,0.0
no doubt,don't speak,0.0,1.0,0.6,0.6,0.4,0.0
the beatles,while my guitar gently weeps,0.0,1.0,0.6,0.4,0.8,0.0
the smiths,what difference does it make?,0.0,0.8,0.6,0.2,1.0,0.0
franz ferdinand,michael,0.0,0.8,0.8,0.2,1.0,0.0
interpol,no i in threesome,0.0,1.0,0.6,0.2,0.8,0.4
black sabbath,paranoid,0.0,0.8,0.8,0.0,1.0,0.0
beirut,postcards from italy,0.0,0.6,0.4,1.0,0.2,0.0
the cranberries,zombie,0.0,1.0,0.8,0.2,1.0,0.0
kaiser chiefs,ruby,0.0,1.0,0.8,0.2,1.0,0.2
coldplay,politik,0.0,1.0,0.8,0.6,0.6,0.2
interpol,obstacle 2,0.0,0.8,0.6,0.2,1.0,0.0
band of horses,the funeral,0.0,1.0,0.8,0.2,1.0,0.0
interpol,next exit,0.0,1.0,0.6,0.2,0.8,0.4
death cab for cutie,tiny vessels,0.0,0.8,0.6,0.2,0.8,0.2
mgmt,weekend wars,0.0,1.0,0.6,0.2,0.8,0.6
massive attack,inertia creeps,0.0,1.0,0.6,0.2,0.6,0.8
the smashing pumpkins,zero,0.0,1.0,1.0,0.0,1.0,0.0
placebo,infra-red,0.0,1.0,0.8,0.0,1.0,0.4
klaxons,magick,0.0,0.8,0.8,0.2,0.8,0.8
death cab for cutie,passenger seat,0.0,1.0,0.2,0.8,0.2,0.0
the killers,midnight show,0.0,1.0,0.8,0.0,1.0,0.4
the shins,pink bullets,0.0,0.8,0.4,0.8,0.4,0.2
muse,blackout,0.0,1.0,0.4,0.8,0.4,0.2
the doors,people are strange,0.0,0.8,0.4,0.6,0.6,0.0
portishead,wandering star,0.0,0.8,0.4,0.2,0.8,0.6
oasis,live forever,0.0,0.8,0.8,0.2,1.0,0.0
panic at the disco,lying is the most fun a girl can have without taking her clothes off,0.0,1.0,0.8,0.0,1.0,0.4
black rebel motorcycle club,shuffle your feet,0.0,0.8,0.6,0.8,0.2,0.0
air,ce matin-là,0.0,1.0,0.4,0.8,0.4,0.4
damien rice,delicate,0.0,0.8,0.4,1.0,0.0,0.0
the cure,friday i'm in love,0.0,1.0,0.6,0.2,0.8,0.2
amy winehouse,wake up alone,0.0,1.0,0.4,0.4,0.8,0.0
antony and the johnsons,hope there's someone,0.0,0.8,0.4,1.0,0.0,0.0
muse,soldier's poem,0.0,1.0,0.2,0.4,0.4,0.0
elliott smith,angeles,0.0,0.6,0.2,1.0,0.0,0.0
a-ha,take on me,0.0,1.0,0.6,0.0,0.2,1.0
air,you make it easy,0.0,1.0,0.4,0.2,0.6,0.8
air,playground love,0.0,1.0,0.4,0.4,0.6,0.8
the beatles,here comes the sun,0.0,1.0,0.4,0.8,0.4,0.4
björk,all is full of love,0.0,1.0,0.4,0.2,0.2,1.0
fleet foxes,white winter hymnal,0.0,1.0,0.4,1.0,0.0,0.0
röyksopp,so easy,0.0,1.0,0.4,0.4,0.0,1.0
yeah yeah yeahs,way out,0.0,0.8,0.6,0.2,1.0,0.0
the jesus and mary chain,just like honey,0.0,0.4,0.8,0.2,1.0,0.0
arcade fire,my body is a cage,0.0,1.0,0.8,0.8,0.4,0.2
daft punk,digital love,0.0,1.0,0.6,0.0,0.4,1.0
franz ferdinand,auf achse,0.0,1.0,0.4,0.2,0.8,0.4
sigur rós,starálfur,0.0,1.0,0.4,0.8,0.4,0.2
pixies,hey,0.0,0.8,0.6,0.0,1.0,0.0
daft punk,something about us,0.0,1.0,0.4,0.0,0.4,1.0
tool,jambi,0.0,1.0,1.0,0.0,1.0,0.0
black rebel motorcycle club,berlin,0.0,0.8,0.8,0.2,1.0,0.0
radiohead,black star,0.0,1.0,0.6,0.2,1.0,0.0
pulp,common people,0.0,1.0,0.8,0.2,0.8,0.4
kasabian,club foot,0.0,1.0,0.8,0.2,1.0,0.6
jack johnson,better together,0.0,1.0,0.4,1.0,0.2,0.0
the smashing pumpkins,disarm,0.0,1.0,0.6,1.0,0.2,0.0
röyksopp,remind me,0.0,1.0,0.4,0.0,0.2,1.0
metric,combat baby,0.0,0.8,0.8,0.0,0.8,0.4
jeff buckley,last goodbye,0.0,1.0,0.8,0.2,0.8,0.0
snow patrol,you're all i have,0.0,1.0,0.8,0.2,1.0,0.0
the killers,believe me natalie,0.0,1.0,0.8,0.4,0.8,0.4
oasis,don't look back in anger,0.0,1.0,0.8,0.4,0.8,0.0
interpol,pioneer to the falls,0.0,1.0,0.6,0.4,0.8,0.2
air,remember,0.0,1.0,0.4,0.2,0.4,1.0
lady gaga,just dance,0.0,1.0,0.8,0.0,0.2,1.0
stars,your ex-lover is dead,0.0,1.0,0.6,0.8,0.6,0.2
ladytron,seventeen,0.0,1.0,0.6,0.0,0.0,1.0
nirvana,about a girl,0.0,0.6,0.6,0.0,1.0,0.0
the beatles,lucy in the sky with diamonds,0.0,1.0,0.6,0.4,0.8,0.0
radiohead,planet telex,0.0,1.0,0.8,0.2,0.8,0.4
kaiser chiefs,modern way,0.0,1.0,0.6,0.2,0.8,0.4
nine inch nails,hurt,0.0,1.0,0.8,0.4,0.6,0.8
porcupine tree,blackest eyes,0.0,1.0,0.8,0.4,1.0,0.4
ac/dc,back in black,0.0,1.0,1.0,0.2,1.0,0.0
queen,don't stop me now,0.0,1.0,0.8,0.4,0.6,0.0
queen,another one bites the dust,0.0,1.0,0.8,0.2,0.8,0.0
yeah yeah yeahs,date with the night,0.0,0.8,1.0,0.2,1.0,0.0
death cab for cutie,lightness,0.0,1.0,0.2,0.2,0.6,0.6
muse,city of delusion,0.0,1.0,0.8,0.8,0.4,0.2
the rolling stones,paint it black,0.0,0.8,0.8,0.4,0.8,0.0
boards of canada,dayvan cowboy,0.0,0.8,0.6,0.4,0.6,0.8
muse,assassin,0.0,1.0,1.0,0.2,1.0,0.2
arctic monkeys,red light indicates doors are secured,0.0,0.8,0.8,0.2,1.0,0.0
franz ferdinand,the fallen,0.0,0.8,0.8,0.2,1.0,0.0
portishead,strangers,0.0,1.0,0.4,0.2,0.8,0.8
interpol,stella was a diver and she was always down,0.0,0.8,0.8,0.0,1.0,0.0
amy winehouse,just friends,0.0,1.0,0.4,0.6,0.6,0.0
elliott smith,needle in the hay,0.0,0.4,0.2,1.0,0.0,0.0
mgmt,the youth,0.0,1.0,0.6,0.2,0.4,1.0
the cure,pictures of you,0.0,1.0,0.6,0.2,0.8,0.6
yeah yeah yeahs,y control,0.0,0.8,0.8,0.2,1.0,0.0
interpol,public pervert,0.0,1.0,0.6,0.2,1.0,0.2
franz ferdinand,this fire,0.0,1.0,0.8,0.2,1.0,0.0
snow patrol,chocolate,0.0,1.0,0.6,0.4,0.8,0.0
the kooks,sofa song,0.0,0.8,0.6,0.2,1.0,0.0
muse,new born,0.0,1.0,1.0,0.4,1.0,0.2
kaiser chiefs,oh my god,0.0,0.8,0.8,0.2,1.0,0.0
coldplay,shiver,0.0,0.8,0.6,0.2,0.8,0.0
the shins,sleeping lessons,0.0,1.0,0.6,0.2,0.8,0.4
foo fighters,everlong,0.0,1.0,1.0,0.0,1.0,0.0
ratatat,wildcat,0.0,1.0,0.8,0.0,0.8,1.0
placebo,the bitter end,0.0,1.0,0.8,0.2,1.0,0.4
keane,everybody's changing,0.0,1.0,0.6,0.6,0.2,0.4
arcade fire,windowsill,0.0,1.0,0.8,0.4,0.8,0.0
evanescence,bring me to life,0.0,1.0,0.8,0.4,0.8,0.2
vampire weekend,a-punk,0.0,0.8,0.6,0.4,0.8,0.2
modest mouse,the world at large,0.0,1.0,0.4,0.4,0.8,0.2
sigur rós,mílanó,0.0,1.0,0.8,0.4,0.8,0.2
death cab for cutie,the new year,0.0,1.0,0.8,0.2,1.0,0.2
tool,parabola,0.0,1.0,1.0,0.2,1.0,0.2
arctic monkeys,from the ritz to the rubble,0.0,0.8,0.8,0.2,1.0,0.0
röyksopp,what else is there,0.0,1.0,0.6,0.0,0.2,1.0
feist,one evening,0.0,1.0,0.4,0.0,0.4,0.8
jeff buckley,grace,0.0,1.0,0.8,0.2,0.8,0.0
vampire weekend,oxford comma,0.0,0.8,0.4,0.4,0.8,0.2
the smiths,the boy with the thorn in his side,0.0,0.8,0.4,0.4,0.8,0.2
interpol,roland,0.0,0.8,0.8,0.2,1.0,0.0
tv on the radio,wolf like me,0.0,1.0,1.0,0.2,1.0,0.4
pixies,wave of mutilation,0.0,0.8,0.8,0.2,1.0,0.0
placebo,post blue,0.0,1.0,0.8,0.0,1.0,0.2
the who,baba o'riley,0.0,1.0,0.8,0.2,0.8,0.6
bloc party,hunting for witches,0.0,1.0,0.8,0.2,1.0,0.2
metallica,enter sandman,0.0,1.0,1.0,0.0,1.0,0.0
pink floyd,on the run,0.0,1.0,0.8,0.0,0.2,1.0
david bowie,life on mars?,0.0,1.0,0.6,0.8,0.4,0.0
radiohead,pyramid song,0.0,1.0,0.4,0.8,0.4,0.2
placebo,pure morning,0.0,1.0,0.8,0.0,1.0,0.4
radiohead,i might be wrong,0.0,1.0,0.6,0.2,0.8,0.2
broken social scene,lover's spit,0.0,0.8,0.4,0.4,0.8,0.2
beirut,nantes,0.0,0.8,0.6,1.0,0.2,0.0
led zeppelin jam,black dog,0.0,1.0,1.0,0.0,1.0,0.0
broken social scene,stars and sons,0.0,0.8,0.6,0.4,0.8,0.2
kaiser chiefs,na na na na naa,0.0,0.8,0.8,0.2,1.0,0.0
coldplay,square one,0.0,1.0,0.8,0.0,0.8,0.6
yeah yeah yeahs,cheated hearts,0.0,0.8,0.8,0.4,1.0,0.0
nirvana,rape me,0.0,0.8,0.8,0.2,1.0,0.0
broken social scene,7/4 (shoreline),0.0,0.8,0.8,0.4,0.8,0.0
madonna,jump,0.0,1.0,0.8,0.0,0.6,1.0
coldplay,the hardest part,0.0,1.0,0.6,0.4,0.6,0.2
interpol,the heinrich maneuver,0.0,1.0,0.8,0.2,1.0,0.2
radiohead,how to disappear completely,0.0,1.0,0.4,0.8,0.4,0.4
placebo,because i want you,0.0,1.0,0.6,0.0,1.0,0.2
the strokes,heart in a cage,0.0,0.8,0.8,0.0,1.0,0.0
josé gonzález,crosses,0.0,0.8,0.2,1.0,0.0,0.0
rage against the machine,killing in the name,0.0,0.8,1.0,0.2,1.0,0.0
panic at the disco,i write sins not tragedies,0.0,1.0,0.8,0.4,0.8,0.2
portishead,it could be sweet,0.0,1.0,0.4,0.2,0.4,1.0
black rebel motorcycle club,howl,0.0,0.8,0.6,0.8,0.4,0.0
muse,the small print,0.0,1.0,1.0,0.0,1.0,0.2
the decemberists,we both go down together,0.0,0.8,0.6,0.6,0.4,0.0
röyksopp,only this moment,0.0,1.0,0.6,0.2,0.2,1.0
lez zeppelin,whole lotta love,0.0,0.8,1.0,0.2,1.0,0.0
björk,jóga,0.0,1.0,0.8,0.6,0.0,0.8
new order,blue monday,0.0,1.0,0.8,0.0,0.2,1.0
interpol,leif erikson,0.0,0.8,0.4,0.2,1.0,0.2
portishead,numb,0.0,1.0,0.4,0.2,0.6,0.8
interpol,hands away,0.0,0.8,0.4,0.2,1.0,0.0
joy division,new dawn fades,0.0,0.8,0.8,0.4,1.0,0.0
the white stripes,fell in love with a girl,0.0,0.6,1.0,0.2,1.0,0.0
the fratellis,chelsea dagger,0.0,0.8,0.8,0.2,1.0,0.0
the killers,sam's town,0.0,1.0,0.8,0.4,1.0,0.4
david bowie,suffragette city,0.0,0.8,0.8,0.4,1.0,0.0
franz ferdinand,darts of pleasure,0.0,0.8,0.8,0.2,1.0,0.0
soundgarden,black hole sun,0.0,1.0,0.8,0.2,1.0,0.2
queens of the stone age,go with the flow,0.0,1.0,0.8,0.2,1.0,0.0
porcupine tree,trains,0.0,1.0,0.6,0.8,0.4,0.2
feist,inside and out,0.0,0.8,0.4,0.2,0.4,0.8
the dandy warhols,bohemian like you,0.0,0.8,0.6,0.2,1.0,0.2
nick drake,pink moon,0.0,0.8,0.2,1.0,0.0,0.0
black rebel motorcycle club,weapon of choice,0.0,0.8,0.8,0.2,1.0,0.0
motörhead,ace of spades,0.0,0.8,1.0,0.2,1.0,0.0
interpol,rest my chemistry,0.0,1.0,0.6,0.4,0.8,0.4
sigur rós,olsen olsen,0.0,1.0,0.6,0.6,0.6,0.2
kings of leon,on call,0.0,1.0,0.6,0.2,1.0,0.0
muse,endlessly,0.0,1.0,0.4,0.0,0.2,1.0
air,venus,0.0,1.0,0.4,0.4,0.2,0.8
sigur rós,intro,0.0,1.0,0.2,1.0,0.0,0.2
the kooks,seaside,0.0,0.6,0.2,1.0,0.0,0.0
interpol,the new,0.0,0.8,0.8,0.2,1.0,0.2
joy division,isolation,0.0,0.8,0.6,0.2,0.8,0.6
the velvet underground,sunday morning,0.0,0.8,0.2,0.8,0.2,0.0
björk,army of me,0.0,1.0,0.8,0.0,0.2,1.0
radiohead,knives out,0.0,1.0,0.4,0.2,0.8,0.0
jimi hendrix,all along the watchtower,0.0,1.0,0.8,0.2,1.0,0.0
radiohead,the national anthem,0.0,1.0,1.0,0.4,0.8,0.4
sigur rós,heysátan,0.0,1.0,0.2,0.8,0.2,0.0
coldplay,lost!,0.0,1.0,0.8,0.4,0.6,0.4
franz ferdinand,walk away,0.0,0.8,0.6,0.4,1.0,0.0
weezer,say it ain't so,0.0,1.0,0.8,0.0,1.0,0.0
johnny cash,i walk the line,0.0,0.6,0.4,0.6,0.6,0.0
joy division,atmosphere,0.0,1.0,0.4,0.4,0.8,0.6
damien rice,cold water,0.0,0.8,0.4,1.0,0.0,0.0
coldplay,daylight,0.0,1.0,0.8,0.4,0.8,0.2
interpol,length of love,0.0,1.0,0.8,0.2,1.0,0.0
cansei de ser sexy,alala,0.0,0.8,0.6,0.2,0.8,0.6
regina spektor,better,0.0,1.0,0.6,0.6,0.6,0.2
nine inch nails,wish,0.0,1.0,1.0,0.0,1.0,0.6
bloc party,the prayer,0.0,1.0,0.8,0.0,0.4,0.8
imogen heap,goodnight and go,0.0,1.0,0.6,0.4,0.2,1.0
franz ferdinand,ulysses,0.0,1.0,0.8,0.2,0.8,0.6
muse,muscle museum,0.0,0.8,0.8,0.2,1.0,0.0
kings of leon,the bucket,0.0,0.8,0.8,0.2,1.0,0.0
arctic monkeys,perhaps vampires is a bit strong but...,0.0,0.8,0.8,0.2,1.0,0.0
the strokes,12:51,0.0,1.0,0.6,0.2,1.0,0.0
the beatles,sgt. pepper's lonely hearts club band,0.2,1.0,0.6,0.4,0.8,0.0
david bowie,heroes,0.0,1.0,0.8,0.2,1.0,0.6
the stone roses,i wanna be adored,0.0,0.8,0.6,0.2,1.0,0.0
the knife,marble house,0.0,1.0,0.4,0.0,0.0,1.0
massive attack,risingson,0.0,1.0,0.6,0.0,0.8,0.8
beirut,a sunday smile,0.0,0.8,0.4,1.0,0.2,0.0
röyksopp,sparks,0.0,1.0,0.4,0.2,0.4,1.0
the velvet underground,i'm waiting for the man,0.0,0.6,0.8,0.4,0.8,0.0
massive attack,unfinished sympathy,0.0,1.0,0.8,0.6,0.4,0.8
the ting tings,great dj,0.0,0.8,0.6,0.4,0.8,0.2
mogwai,hunted by a freak,0.0,1.0,0.6,0.2,0.8,0.6
snow patrol,open your eyes,0.0,1.0,0.8,0.2,0.8,0.2
the national,slow show,0.0,1.0,0.4,0.4,0.8,0.0
amy winehouse,some unholy war,0.0,0.8,0.4,0.2,0.8,0.0
david bowie,rebel rebel,0.0,0.8,0.8,0.0,1.0,0.0
weezer,buddy holly,0.0,1.0,0.8,0.2,1.0,0.0
bloc party,so here we are,0.0,1.0,0.6,0.2,1.0,0.0
black rebel motorcycle club,weight of the world,0.0,0.8,0.4,0.8,0.2,0.0
the shins,saint simon,0.0,1.0,0.4,0.6,0.6,0.0
placebo,space monkey,0.0,1.0,0.8,0.0,0.8,0.6
placebo,follow the cops back home,0.0,1.0,0.6,0.2,0.8,0.2
daft punk,crescendolls,0.0,1.0,0.8,0.2,0.4,1.0
the knife,neverland,0.0,1.0,0.6,0.0,0.2,1.0
the strokes,is this it,0.0,0.6,0.4,0.2,1.0,0.0
arctic monkeys,balaclava,0.0,1.0,0.8,0.0,1.0,0.0
modest mouse,ocean breathes salty,0.0,0.8,0.8,0.2,1.0,0.0
tool,rosetta stoned,0.0,1.0,1.0,0.2,1.0,0.0
the shins,turn on me,0.0,1.0,0.6,0.4,0.8,0.2
radiohead,bones,0.0,1.0,0.8,0.0,1.0,0.0
joy division,shadowplay,0.0,0.8,0.6,0.2,1.0,0.0
nirvana,in bloom,0.0,1.0,0.8,0.0,1.0,0.0
clap your hands say yeah,over and over again (lost and found),0.0,0.6,0.6,0.4,0.8,0.2
yeah yeah yeahs,dudley,0.0,0.8,0.6,0.4,0.8,0.0
feist,gatekeeper,0.0,1.0,0.2,0.8,0.2,0.0
the libertines,can't stand me now,0.0,0.8,0.8,0.2,1.0,0.0
mgmt,the handshake,0.0,1.0,0.8,0.2,0.6,0.8
daft punk,technologic,0.0,0.8,0.8,0.0,0.2,1.0
pink floyd,hey you,0.0,1.0,0.6,0.6,0.8,0.2
amy winehouse,he can only hold her,0.0,1.0,0.6,0.6,0.6,0.0
the smiths,heaven knows i'm miserable now,0.0,0.8,0.4,0.2,0.8,0.0
pink floyd,any colour you like,0.0,1.0,0.8,0.2,1.0,0.8
the shins,so says i,0.0,0.8,0.6,0.2,0.8,0.0
plain white t's,hey there delilah,0.0,1.0,0.2,1.0,0.0,0.0
the strokes,barely legal,0.0,0.6,0.6,0.0,1.0,0.0
the killers,mr brightside,0.0,1.0,0.8,0.2,0.8,0.4
röyksopp,poor leno,0.0,1.0,0.6,0.2,0.2,1.0
the beatles,i want to hold your hand,0.0,1.0,0.8,0.2,1.0,0.0
sigur rós,gobbledigook,0.0,1.0,0.6,0.8,0.4,0.2
placebo,special k,0.0,1.0,0.8,0.0,1.0,0.2
radiohead,there there,0.0,1.0,0.8,0.4,1.0,0.2
muse,thoughts of a dying atheist,0.0,1.0,0.8,0.0,1.0,0.2
editors,blood,0.0,0.8,0.8,0.0,1.0,0.2
mgmt,4th dimensional transition,0.0,1.0,0.8,0.2,0.8,0.6
pixies,gigantic,0.0,0.6,0.6,0.2,1.0,0.0
joy division,insight,0.0,0.8,0.4,0.2,0.8,0.6
justice,genesis,0.0,1.0,1.0,0.0,0.2,1.0
a perfect circle,the noose,0.0,1.0,0.8,0.2,0.8,0.2
justin timberlake,sexyback,0.0,1.0,0.8,0.0,0.2,1.0
pearl jam,alive,0.0,0.8,0.8,0.0,1.0,0.0
portishead,nylon smile,0.0,1.0,0.6,0.2,0.6,0.8
patrick wolf,the magic position,0.0,1.0,0.6,0.8,0.4,0.2
björk,pagan poetry,0.0,1.0,0.4,0.6,0.2,0.8
the kooks,eddie's gun,0.0,0.8,0.6,0.0,1.0,0.0
ac/dc,you shook me all night long,0.0,1.0,0.8,0.2,1.0,0.0
black rebel motorcycle club,red eyes and tears,0.0,0.8,0.8,0.0,1.0,0.0
yeah yeah yeahs,phenomena,0.0,0.8,0.8,0.2,1.0,0.0
klaxons,isle of her,0.0,0.8,0.6,0.0,0.8,0.6
klaxons,two receivers,0.0,0.8,0.6,0.2,0.8,0.6
metric,monster hospital,0.0,0.8,0.8,0.2,1.0,0.2
rhianna,don't stop the music,0.0,1.0,0.8,0.0,0.2,1.0
joy division,dead souls,0.0,0.8,0.8,0.0,1.0,0.0
cut copy,lights and music,0.0,1.0,0.8,0.2,0.4,1.0
arctic monkeys,d is for dangerous,0.0,1.0,0.8,0.0,1.0,0.0
the smiths,still ill,0.0,0.6,0.6,0.2,0.8,0.0
lez zeppelin,rock and roll,0.0,0.8,1.0,0.2,1.0,0.0
new young pony club,ice cream,0.0,1.0,0.8,0.0,0.6,0.8
the national,brainy,0.0,1.0,0.6,0.4,0.8,0.0
death cab for cutie,expo '86,0.0,1.0,0.6,0.2,1.0,0.2
the white stripes,my doorbell,0.0,0.8,0.6,0.8,0.2,0.0
the national,mistaken for strangers,0.0,1.0,0.6,0.4,0.8,0.2
pantera,cowboys from hell,0.0,1.0,1.0,0.0,1.0,0.0
air,le voyage de pénélope,0.0,1.0,0.4,0.2,0.4,1.0
muse,sunburn,0.0,0.8,0.8,0.6,0.6,0.2
radiohead,fitter happier,0.0,1.0,0.2,0.4,0.2,1.0
death from above 1979,romantic rights,0.0,0.6,1.0,0.2,1.0,0.0
nirvana,dumb,0.0,0.8,0.4,0.4,0.8,0.0
the smiths,i know it's over,0.0,0.8,0.4,0.2,0.8,0.0
my chemical romance,helena,0.0,1.0,1.0,0.2,1.0,0.0
the beach boys,wouldn't it be nice,0.0,1.0,0.6,0.8,0.4,0.0
metric,poster of a girl,0.0,0.8,0.6,0.2,0.8,0.6
u2,i still haven't found what i'm looking for,0.0,1.0,0.6,0.2,0.8,0.2
animal collective,grass,0.0,0.8,0.8,0.4,0.8,0.2
evanescence,call me when you're sober,0.0,1.0,0.8,0.4,0.8,0.4
arcade fire,(antichrist television blues),0.0,0.8,0.8,0.6,0.8,0.0
the velvet underground,heroin,0.0,0.4,0.8,0.2,1.0,0.0
air,mike mills,0.0,1.0,0.4,0.4,0.2,0.8
massive attack,dissolved girl,0.0,1.0,0.8,0.0,0.8,0.8
the killers,for reasons unknown,0.0,1.0,0.8,0.4,1.0,0.2
the kooks,you don't love me,0.0,0.8,0.8,0.2,1.0,0.0
the shins,young pilgrims,0.0,0.8,0.4,0.8,0.6,0.0
imogen heap,headlock,0.0,1.0,0.6,0.2,0.2,0.8
muse,interlude,0.0,1.0,0.2,0.0,0.4,0.8
death cab for cutie,we looked like giants,0.0,1.0,0.8,0.2,0.8,0.2
feist,so sorry,0.0,1.0,0.2,1.0,0.2,0.0
the smashing pumpkins,today,0.0,1.0,0.8,0.0,1.0,0.0
dido,here with me,0.0,1.0,0.6,0.2,0.4,0.8
muse,hoodoo,0.0,1.0,0.8,0.6,0.6,0.2
the shins,spilt needles,0.0,0.8,0.6,0.2,1.0,0.2
the national,fake empire,0.0,1.0,0.6,0.8,0.4,0.0
black rebel motorcycle club,rifles,0.0,0.8,0.8,0.0,1.0,0.0
kings of leon,king of the rodeo,0.0,0.8,0.6,0.2,1.0,0.0
nirvana,polly,0.0,0.8,0.4,0.8,0.2,0.0
nine inch nails,discipline,0.0,1.0,0.8,0.0,0.6,1.0
interpol,mammoth,0.0,1.0,0.8,0.2,1.0,0.2
afi,love like winter,0.0,1.0,0.8,0.0,0.8,0.6
editors,all sparks,0.0,0.8,0.8,0.0,1.0,0.2
pixies,tame,0.0,0.8,1.0,0.2,1.0,0.0
joy division,day of the lords,0.0,0.8,0.6,0.2,1.0,0.0
the cardigans,lovefool,0.0,1.0,0.4,0.2,0.8,0.4
lou reed,perfect day,0.0,1.0,0.4,0.8,0.4,0.0
thom yorke,black swan,0.0,1.0,0.6,0.0,0.4,1.0
u2,sunday bloody sunday,0.0,0.8,0.8,0.2,1.0,0.0
gnarls barkley,gone daddy gone,0.0,1.0,0.6,0.4,0.8,0.2
björk,human behaviour,0.0,1.0,0.6,0.2,0.2,1.0
britney spears,toy soldier,0.0,1.0,0.8,0.0,0.0,1.0
the strokes,hard to explain,0.0,0.6,0.8,0.2,1.0,0.0
franz ferdinand,cheating on you,0.0,0.8,0.8,0.2,1.0,0.0
björk,bachelorette,0.0,1.0,0.8,0.8,0.2,0.6
oasis,champagne supernova,0.0,1.0,0.8,0.4,1.0,0.2
crystal castles,untrust us,0.0,0.8,0.8,0.0,0.2,1.0
sigur rós,hoppipolla,0.0,1.0,0.6,0.8,0.4,0.2
tool,lost keys (blame hofmann),0.0,1.0,0.4,0.2,0.8,0.2
placebo,drag,0.0,1.0,0.8,0.0,1.0,0.2
neutral milk hotel,two-headed boy,0.0,0.4,0.8,1.0,0.0,0.0
gorillaz,dirty harry,0.0,1.0,0.8,0.2,0.6,0.8
the dresden dolls,coin-operated boy,0.0,0.8,0.6,1.0,0.0,0.0
coldplay,white shadows,0.0,1.0,0.8,0.2,1.0,0.6
cansei de ser sexy,let's make love and listen to death from above,0.0,0.8,0.8,0.0,0.6,0.8
mgmt,pieces of what,0.0,0.8,0.4,0.8,0.4,0.0
snow patrol,shut your eyes,0.0,1.0,0.6,0.4,0.8,0.2
the knife,the captain,0.0,1.0,0.6,0.0,0.2,1.0
kings of convenience,i'd rather dance with you,0.0,1.0,0.4,0.8,0.4,0.0
my bloody valentine,only shallow,0.0,1.0,1.0,0.2,1.0,0.0
coldplay,cemeteries of london,0.0,1.0,0.6,0.6,0.6,0.4
arctic monkeys,you probably couldn't see for the lights but you were staring straight at me,0.0,0.8,0.8,0.2,1.0,0.0
the dandy warhols,we used to be friends,0.0,1.0,0.8,0.0,0.8,0.6
nirvana,the man who sold the world,1.0,1.0,0.4,0.8,0.2,0.0
belle and sebastian,another sunny day,0.0,1.0,0.6,0.2,0.8,0.0
nouvelle vague,in a manner of speaking,0.0,0.8,0.2,1.0,0.2,0.0
the cure,love song,0.0,1.0,0.6,0.0,0.8,0.6
yeah yeah yeahs,honeybear,0.0,0.6,0.8,0.2,1.0,0.2
yeah yeah yeahs,rich,0.0,0.8,0.8,0.2,1.0,0.0
tool,right in two,0.0,1.0,0.8,0.4,1.0,0.2
the kooks,see the world,0.0,0.8,0.6,0.2,0.8,0.0
interpol,pace is the trick,0.0,1.0,0.6,0.0,1.0,0.2
pulp,disco 2000,0.0,1.0,0.6,0.2,0.8,0.4
air,alpha beta gaga,0.0,1.0,0.4,0.2,0.4,1.0
david bowie,the man who sold the world,0.0,0.8,0.6,0.0,1.0,0.0
tool,lipan conjuring,0.6,0.4,0.2,1.0,0.0,0.0
coldplay,what if,0.0,1.0,0.6,0.8,0.4,0.2
cansei de ser sexy,music is my hot hot sex,0.0,0.8,0.6,0.2,0.6,0.8
jack johnson,banana pancakes,0.0,1.0,0.2,1.0,0.2,0.0
feist,secret heart,0.0,0.8,0.2,0.8,0.2,0.0
thievery corporation,lebanese blonde,0.0,1.0,0.4,0.6,0.2,0.8
pearl jam,jeremy,0.0,0.8,0.8,0.0,1.0,0.0
franz ferdinand,tell her tonight,0.0,0.8,0.6,0.2,1.0,0.0
franz ferdinand,come on home,0.0,0.8,0.6,0.2,1.0,0.0
interpol,a time to be so small,0.0,1.0,0.4,0.2,1.0,0.2
franz ferdinand,eleanor put your boots on,0.0,1.0,0.4,0.6,0.4,0.0
nine inch nails,survivalism,0.0,1.0,1.0,0.0,0.8,1.0
the beatles,because,0.0,1.0,0.2,0.2,0.6,0.4
yann tiersen,la noyée,0.0,0.8,0.4,1.0,0.0,0.0
nine inch nails,1 ghosts i,0.0,1.0,0.4,0.8,0.2,0.4
pink floyd,eclipse,0.0,1.0,0.8,0.2,0.8,0.4
mew,special,0.0,1.0,0.8,0.2,0.8,0.6
the shins,sea legs,0.0,1.0,0.6,0.2,0.6,0.8
the white stripes,the denial twist,0.0,0.8,0.8,0.8,0.4,0.0
the smiths,cemetry gates,0.0,0.8,0.4,0.2,0.8,0.0
yeah yeah yeahs,pin,0.0,0.8,0.8,0.2,1.0,0.0
david bowie,ashes to ashes,0.0,1.0,0.6,0.2,0.6,0.8
the smiths,panic,0.0,0.8,0.6,0.2,1.0,0.0
spoon,i turn my camera on,0.0,0.8,0.4,0.2,0.8,0.0
the rolling stones,sympathy for the devil,0.0,0.8,0.6,0.8,0.6,0.0
james blunt,you're beautiful,0.0,1.0,0.4,0.8,0.4,0.2
sigur rós,takk...,0.0,1.0,0.4,0.4,0.2,0.4
anton maiden,run to the hills,0.0,0.2,0.6,0.0,0.2,1.0
tool,sober,0.0,0.8,0.8,0.2,1.0,0.0
weezer,island in the sun,0.0,1.0,0.4,0.2,1.0,0.0
the beatles,get back,0.0,1.0,0.6,0.2,1.0,0.0
crystal castles,alice practice,0.0,0.2,1.0,0.0,0.2,1.0
placebo,blind,0.0,1.0,0.6,0.8,0.4,0.2
radiohead,optimistic,0.0,1.0,0.6,0.2,1.0,0.2
metric,dead disco,0.0,0.8,0.8,0.2,0.8,0.6
nelly furtado,all good things (come to an end),0.0,1.0,0.4,0.6,0.4,0.4
kasabian,processed beats,0.0,0.8,0.8,0.2,0.8,0.6
portishead,the rip,0.0,1.0,0.6,0.4,0.2,0.8
daft punk,high life,0.0,1.0,0.8,0.0,0.8,1.0
sufjan stevens,to be alone with you,0.0,0.8,0.2,1.0,0.2,0.0
black rebel motorcycle club,all you do is talk,0.0,0.8,0.6,0.2,1.0,0.2
cut copy,hearts on fire,0.0,1.0,0.8,0.2,0.4,1.0
justice,dvno,0.0,1.0,1.0,0.0,0.2,1.0
stereophonics,dakota,0.0,1.0,0.8,0.0,1.0,0.0
depeche mode,just can't get enough,0.0,0.8,0.6,0.0,0.2,1.0
modest mouse,bukowski,0.0,1.0,0.6,0.4,0.8,0.0
my bloody valentine,sometimes,0.0,1.0,0.4,0.6,0.8,0.0
mogwai,auto rock,0.0,1.0,0.8,0.4,0.8,0.4
nirvana,drain you,0.0,1.0,0.8,0.2,1.0,0.0
the shins,red rabbits,0.0,1.0,0.4,0.4,0.4,0.8
mgmt,future reflections,0.0,1.0,0.8,0.2,0.8,1.0
led zeppelin,dazed and confused,0.0,0.8,0.8,0.2,1.0,0.0
modest mouse,bury me with it,0.0,0.8,0.8,0.2,1.0,0.2
muse,citizen erased,0.0,1.0,1.0,0.4,1.0,0.2
tv on the radio,staring at the sun,0.0,0.6,0.8,0.0,0.8,0.4
wolf parade,you are a runner and i am my father's son,0.0,0.8,0.8,0.2,0.8,0.4
bloc party,pioneers,0.0,0.8,0.8,0.2,1.0,0.0
kaiser chiefs,born to be a dancer,0.0,0.8,0.4,0.2,0.8,0.0
broken social scene,swimmers,0.0,0.8,0.4,0.2,0.8,0.2
sigur rós,sé lest,0.4,1.0,0.4,0.8,0.4,0.2
franz ferdinand,this boy,0.0,0.8,0.8,0.0,1.0,0.0
snow patrol,how to be dead,0.0,0.8,0.2,0.6,0.4,0.0
snow patrol,hands open,0.0,1.0,0.8,0.2,1.0,0.2
jimi hendrix,purple haze,0.0,0.8,0.8,0.0,1.0,0.0
norah jones,don't know why,0.0,1.0,0.2,0.8,0.2,0.0
britney spears,hot as ice,0.0,1.0,0.8,0.0,0.2,1.0
massive attack,butterfly caught,0.0,1.0,0.6,0.0,0.2,1.0
múm,green grass of tunnel,0.0,1.0,0.2,0.4,0.2,0.8
evanescence,going under,0.0,1.0,0.8,0.2,1.0,0.2
the killers,bling (confession of a king),0.0,1.0,0.8,0.2,0.8,0.6
bon iver,skinny love,0.0,0.6,0.4,1.0,0.0,0.0
depeche mode,suffer well,0.0,1.0,0.8,0.0,0.6,1.0
crystal castles,courtship dating,0.0,0.6,0.8,0.0,0.2,1.0
lez zeppelin,communication breakdown,0.0,0.8,1.0,0.0,1.0,0.0
maxïmo park,graffiti,0.0,0.8,0.8,0.0,1.0,0.0
mika,love today,0.0,1.0,1.0,0.2,0.4,0.8
the shins,pam berry,0.0,0.8,0.4,0.0,0.8,0.2
wolfmother,woman,0.0,0.8,1.0,0.2,1.0,0.0
crystal castles,magic spells,0.0,0.6,0.8,0.0,0.2,1.0
arctic monkeys,do me a favour,0.0,1.0,0.8,0.2,1.0,0.0
linkin park,what i've done,0.0,1.0,0.8,0.4,0.8,0.4
the knife,like a pen,0.0,1.0,0.8,0.0,0.2,1.0
ac/dc,highway to hell,0.0,1.0,0.8,0.2,1.0,0.0
spoon,the way we get by,0.0,0.8,0.6,0.8,0.4,0.0
the decemberists,the crane wife 3,0.0,1.0,0.4,1.0,0.2,0.0
lily allen,everything's just wonderful,0.0,1.0,0.6,0.2,0.8,0.4
editors,bullets,0.0,0.8,0.8,0.2,1.0,0.2
the go! team,ladyflash,0.0,0.6,0.8,0.6,0.8,0.2
gorillaz,last living souls,0.0,1.0,0.6,0.4,0.4,0.8
my bloody valentine,when you sleep,0.0,1.0,1.0,0.0,1.0,0.0
the strokes,soma,0.0,0.6,0.6,0.2,1.0,0.0
daft punk,da funk,0.0,0.8,0.8,0.0,0.0,1.0
the verve,sonnet,0.0,1.0,0.6,0.4,0.8,0.2
the decemberists,the engine driver,0.0,0.8,0.4,0.8,0.4,0.0
björk,hunter,0.0,1.0,0.8,0.0,0.2,1.0
clap your hands say yeah,the skin of my yellow country teeth,0.0,0.6,0.8,0.2,0.8,0.4
iggy pop,lust for life,0.0,0.8,0.8,0.2,1.0,0.0
the smashing pumpkins,cherub rock,0.0,1.0,1.0,0.0,1.0,0.0
afi,prelude 12/21,0.0,1.0,0.4,0.0,0.2,1.0
metric,the police and the private,0.0,1.0,0.6,0.0,0.8,0.8
the verve,the drugs don't work,0.0,1.0,0.4,0.8,0.4,0.0
the beatles,back in the u.s.s.r.,0.0,0.8,0.8,0.2,0.8,0.0
placebo,special needs,0.0,1.0,0.6,0.4,0.8,0.4
the velvet underground,femme fatale,0.0,0.8,0.2,0.6,0.4,0.0
kasabian,reason is treason,0.0,0.8,0.8,0.0,0.8,0.6
the doors,riders on the storm,0.0,1.0,0.4,0.2,1.0,0.0
the go! team,huddle formation,0.0,0.6,0.8,0.4,0.8,0.4
coldplay,a message,0.0,1.0,0.4,0.2,0.8,0.2
black rebel motorcycle club,fault line,0.0,0.6,0.2,1.0,0.0,0.0
daft punk,voyager,0.0,1.0,0.6,0.0,0.4,1.0
portishead,machine gun,0.0,1.0,0.8,0.0,0.2,1.0
klaxons,forgotten works,0.0,0.8,0.8,0.2,0.8,0.6
the smiths,girlfriend in a coma,0.0,0.8,0.4,0.2,0.8,0.0
we are scientists,the great escape,0.0,1.0,0.8,0.2,1.0,0.0
nick cave & the bad seeds,where the wild roses grow,0.0,1.0,0.4,0.8,0.2,0.0
pixies,bone machine,0.0,0.8,1.0,0.2,1.0,0.0
nick drake,one of these things first,0.0,1.0,0.2,1.0,0.2,0.0
mogwai,glasgow mega-snake,0.0,1.0,1.0,0.2,1.0,0.0
the coral,dreaming of you,0.0,0.8,0.6,0.4,0.8,0.2
regina spektor,us,0.0,1.0,0.6,1.0,0.2,0.0
damien rice,amie,0.0,0.8,0.6,1.0,0.0,0.0
asobi seksu,thursday,0.0,0.8,0.8,0.2,1.0,0.2
travis,sing,0.0,1.0,0.4,0.8,0.4,0.0
the killers,everything will be alright,0.0,1.0,0.6,0.0,0.4,1.0
moby,natural blues,0.0,1.0,0.6,0.0,0.2,1.0
placebo,this picture,0.0,1.0,0.8,0.0,1.0,0.4
panic at the disco,the only difference between martyrdom and suicide is press coverage,0.0,1.0,0.8,0.2,0.8,0.6
gnarls barkley,smiley faces,,,,,,
weezer,hash pipe,0.0,1.0,0.8,0.2,1.0,0.0
mogwai,friend of the night,0.0,1.0,0.6,0.4,0.8,0.2
the shins,mine's not a high horse,0.0,0.8,0.6,0.4,0.8,0.0
massive attack,mezzanine,0.0,1.0,0.8,0.2,0.8,0.8
nine inch nails,capital g,0.0,1.0,0.8,0.0,0.4,1.0
shiny toy guns,le disko,0.0,1.0,0.8,0.0,0.6,1.0
metallica,fade to black,0.0,0.8,0.8,0.2,1.0,0.0
portishead,all mine,0.0,1.0,0.6,0.6,0.2,0.8
the stone roses,she bangs the drums,0.0,0.8,0.6,0.2,0.8,0.0
björk,venus as a boy,0.0,1.0,0.4,0.8,0.2,0.6
ramones,blitzkrieg bop,0.0,0.6,0.8,0.2,1.0,0.0
tool,parabol,0.0,1.0,0.2,0.2,1.0,0.0
metric,succexy,0.0,0.8,0.6,0.2,0.8,0.6
the knife,na na na,0.0,1.0,0.6,0.0,0.2,1.0
ac/dc,thunderstruck,0.0,1.0,1.0,0.2,1.0,0.0
belle and sebastian,funny little frog,0.0,1.0,0.6,0.4,0.8,0.2
jimi hendrix,hey joe,0.0,0.8,0.8,0.0,1.0,0.0
zero 7,destiny,0.0,1.0,0.4,0.4,0.6,0.8
cat power,metal heart,0.0,0.6,0.4,0.2,0.8,0.0
the verve,bittersweet symphony,0.0,1.0,0.6,0.6,0.6,0.2
in flames,only for the weak,0.0,1.0,1.0,0.0,1.0,0.2
daft punk,nightvision,0.0,1.0,0.2,0.0,0.0,1.0
röyksopp,beautiful day without you,0.0,1.0,0.6,0.0,0.6,1.0
kasabian,empire,0.0,1.0,0.8,0.2,1.0,0.2
panic at the disco,but it's better if you do,0.0,1.0,0.6,0.8,0.4,0.2
broken social scene,kc accidental,0.0,0.8,0.8,0.2,1.0,0.2
kings of leon,closer,0.0,1.0,0.6,0.2,1.0,0.4
sufjan stevens,jacksonville,0.0,0.8,0.6,0.8,0.4,0.2
tegan and sara,walking with a ghost,0.0,0.8,0.6,0.2,1.0,0.0
incubus,anna molly,0.0,1.0,0.8,0.2,1.0,0.4
the national,squalor victoria,0.0,1.0,0.8,0.4,0.8,0.0
patrick wolf,wind in the wires,0.0,0.8,0.4,0.8,0.2,0.2
the beatles,a hard day's night,0.0,0.8,0.6,0.4,0.8,0.0
nine inch nails,sin,0.0,0.8,0.8,0.0,0.6,1.0
britney spears,get naked (i got a plan),0.0,1.0,0.8,0.0,0.2,1.0
nine inch nails,head like a hole,0.0,0.8,1.0,0.0,0.6,1.0
the knife,from off to on,0.0,1.0,0.4,0.0,0.0,1.0
placebo,you don't care about us,0.0,1.0,0.8,0.0,1.0,0.2
the velvet underground,venus in furs,0.0,0.6,0.6,0.2,0.8,0.0
lily allen,knock 'em out,0.0,1.0,0.4,0.2,0.6,0.8
silversun pickups,well thought out twinkles,0.0,0.8,0.8,0.2,1.0,0.0
massive attack,man next door,0.0,1.0,0.8,0.0,0.6,1.0
the shins,girl sailor,0.0,1.0,0.4,0.4,0.8,0.2
tool,the grudge,0.0,1.0,1.0,0.2,1.0,0.0
yeah yeah yeahs,tick,0.0,0.6,1.0,0.2,1.0,0.0
tool,h.,0.0,1.0,0.8,0.0,1.0,0.2
yeah yeah yeahs,fancy,0.0,0.8,0.8,0.2,1.0,0.2
placebo,pierrot the clown,0.0,1.0,0.6,0.2,1.0,0.2
keane,this is the last time,0.0,1.0,0.6,0.4,0.6,0.4
portishead,it's a fire,0.0,1.0,0.2,0.2,0.8,0.4
led zeppelin,babe i'm gonna leave you,0.0,0.8,0.8,0.8,0.4,0.0
portishead,pedestal,0.0,1.0,0.4,0.2,0.6,0.8
the killers,change your mind,0.0,1.0,0.6,0.2,0.8,0.4
crystal castles,air war,0.0,0.6,0.8,0.0,0.2,1.0
coldplay,life in technicolor,0.0,1.0,0.6,0.4,0.6,0.8
coldplay,42,0.0,1.0,0.6,0.4,0.8,0.4
lcd soundsystem,daft punk is playing at my house,0.0,0.8,0.8,0.4,0.8,0.4
ok go,here it goes again,0.0,1.0,0.8,0.2,1.0,0.0
goldfrapp,strict machine,0.0,1.0,0.8,0.0,0.4,1.0
the raconteurs,steady as she goes,0.0,0.8,0.6,0.2,1.0,0.0
radiohead,kid a,0.0,1.0,0.4,0.0,0.2,1.0
radiohead,the tourist,0.0,1.0,0.4,0.2,0.8,0.2
jack johnson,good people,0.0,1.0,0.4,0.8,0.4,0.0
bright eyes,lover i don't have to love,0.0,0.8,0.6,0.4,0.8,0.4
snow patrol,make this go on forever,0.0,1.0,0.6,0.4,0.8,0.2
portishead,biscuit,0.0,1.0,0.6,0.2,0.6,0.8
regina spektor,hotel song,0.0,1.0,0.4,0.8,0.4,0.2
metallica,for whom the bell tolls,0.0,0.8,1.0,0.0,1.0,0.0
depeche mode,it's no good,0.0,1.0,0.6,0.0,0.4,1.0
feist,the limit to your love,0.0,1.0,0.4,0.8,0.2,0.0
the decemberists,here i dreamt i was an architect,0.0,0.6,0.4,0.8,0.4,0.0
coldplay,sparks,0.0,1.0,0.4,0.2,0.8,0.0
feist,let it die,0.0,1.0,0.2,0.8,0.4,0.0
britney spears,freakshow,0.0,1.0,0.6,0.0,0.2,1.0
stars,ageless beauty,0.0,0.8,0.6,0.2,0.8,0.4
massive attack,black milk,0.0,1.0,0.6,0.2,0.8,0.8
rilo kiley,portions for foxes,0.0,1.0,0.8,0.2,1.0,0.0
keane,bedshaped,0.0,1.0,0.6,0.6,0.4,0.6
the beatles,glass onion,0.0,0.8,0.6,0.4,0.8,0.0
silversun pickups,lazy eye,0.0,1.0,0.8,0.0,1.0,0.0
p!nk,who knew,0.0,1.0,0.8,0.2,0.8,0.4
bloc party,song for clay (disappear here),0.0,1.0,0.8,0.2,1.0,0.4
broken social scene,looks just like the sun,0.0,0.8,0.4,0.8,0.4,0.2
radiohead,morning bell,0.0,1.0,0.6,0.2,0.8,0.6
coldplay,a whisper,0.0,1.0,0.8,0.2,1.0,0.2
sigur rós,með blóðnasir,0.0,1.0,0.4,0.8,0.2,0.2
kings of leon,four kicks,0.0,0.8,0.8,0.0,1.0,0.0
kings of leon,charmer,0.0,0.8,1.0,0.0,1.0,0.0
sex pistols,god save the queen,0.0,1.0,1.0,0.2,1.0,0.0
daft punk,face to face,0.0,1.0,0.8,0.2,0.4,1.0
wilco,i am trying to break your heart,0.0,0.8,0.6,0.6,0.8,0.4
the beatles,can't buy me love,0.0,0.8,0.6,0.2,0.8,0.0
the white stripes,the hardest button to button,0.0,0.8,0.8,0.4,1.0,0.0
a perfect circle,blue,0.0,1.0,0.6,0.4,0.8,0.4
rihanna,umbrella (feat. jay-z),0.0,1.0,0.6,0.0,0.2,1.0
daft punk,robot rock,0.0,0.8,0.8,0.0,0.8,1.0
elliott smith,speed trials,0.0,0.6,0.4,0.2,0.8,0.0
oasis,morning glory,0.0,0.8,1.0,0.2,1.0,0.0
the shins,black wave,0.0,1.0,0.2,0.2,0.2,0.8
interpol,all fired up,0.0,1.0,0.8,0.0,1.0,0.2
oasis,some might say,0.0,0.8,0.8,0.2,1.0,0.0
architecture in helsinki,do the whirlwind,0.0,0.8,0.6,0.4,0.6,0.8
joy division,candidate,0.0,0.8,0.4,0.2,1.0,0.0
madonna,get together,0.0,1.0,0.8,0.0,0.0,1.0
air,universal traveler,0.0,1.0,0.4,0.2,0.6,1.0
antony and the johnsons,my lady story,0.0,0.8,0.4,1.0,0.2,0.0
black rebel motorcycle club,promise,0.0,0.8,0.4,1.0,0.2,0.0
interpol,wrecking ball,0.0,1.0,0.6,0.2,0.8,0.4
thom yorke,the eraser,0.0,1.0,0.4,0.2,0.0,1.0
the knife,forest families,0.0,1.0,0.6,0.2,0.2,1.0
sigur rós,inní mér syngur vitleysingur,0.0,1.0,0.8,0.8,0.4,0.2
the shins,fighting in a sack,0.0,0.8,0.6,0.2,0.8,0.0
wolf parade,grounds for divorce,0.0,0.8,0.8,0.2,0.8,0.4
bloc party,i still remember,0.0,1.0,0.6,0.2,1.0,0.2
boards of canada,roygbiv,0.0,0.8,0.4,0.0,0.2,1.0
belle and sebastian,the blues are still blue,0.0,1.0,0.6,0.4,0.8,0.2
pink floyd,the happiest days of our lives,0.0,1.0,0.8,0.2,1.0,0.2
télépopmusik,breathe,0.0,1.0,0.4,0.2,0.4,1.0
a perfect circle,judith,0.0,1.0,0.8,0.0,1.0,0.0
death cab for cutie,stable song,0.0,1.0,0.4,0.4,0.8,0.2
the cure,lovesong,0.0,1.0,0.6,0.2,0.8,0.6
tool,stinkfist,0.0,1.0,0.8,0.2,1.0,0.0
the knife,we share our mothers' health,0.0,1.0,0.8,0.0,0.2,1.0
sigur rós,andvari,0.0,1.0,0.6,0.8,0.4,0.2
the shins,girl inform me,0.0,0.6,0.4,0.2,0.8,0.0
the beatles,michelle,0.0,0.8,0.2,0.8,0.4,0.0
blonde redhead,23,0.0,1.0,0.8,0.2,0.8,0.4
snow patrol,spitting games,0.0,1.0,0.8,0.2,1.0,0.2
metric,too little too late,0.0,0.8,0.8,0.0,0.8,0.2
band of horses,the great salt lake,0.0,0.8,0.6,0.0,1.0,0.0
vampire weekend,cape cod kwassa kwassa,0.0,0.8,0.6,0.4,0.8,0.2
cat power,he war,0.0,0.8,0.6,0.2,0.8,0.0
antony and the johnsons,for today i am a boy,0.0,1.0,0.4,1.0,0.2,0.0
iron & wine,naked as we came,0.0,1.0,0.2,1.0,0.0,0.0
mylo,in my arms,0.0,1.0,0.8,0.0,0.2,1.0
cat power,i don't blame you,0.0,0.8,0.2,1.0,0.0,0.0
daft punk,superheroes,0.0,1.0,0.8,0.2,0.0,1.0
elliott smith,say yes,0.0,0.6,0.2,1.0,0.0,0.0
madonna,forbidden love,0.0,1.0,0.6,0.0,0.2,1.0
elliott smith,alameda,0.0,0.6,0.4,0.8,0.4,0.0
maxïmo park,postcard of a painting,0.0,0.8,0.8,0.0,1.0,0.0
coldplay,amsterdam,0.0,1.0,0.6,0.6,0.4,0.0
lamb,gabriel,0.0,1.0,0.4,0.6,0.2,0.6
iggy pop,the passenger,0.0,0.8,0.6,0.2,1.0,0.0
muse,micro cuts,0.0,1.0,1.0,0.2,1.0,0.4
nirvana,all apologies,0.0,0.8,0.6,0.4,0.8,0.0
the beatles,i'm only sleeping,0.0,1.0,0.4,0.4,0.8,0.0
franz ferdinand,well that was easy,0.0,1.0,0.8,0.2,1.0,0.2
simian mobile disco,i believe,0.0,1.0,0.8,0.0,0.0,1.0
the beatles,happiness is a warm gun,0.0,0.8,0.6,0.2,0.8,0.0
the smiths,ask,0.0,0.8,0.6,0.6,0.6,0.0
röyksopp,triumphant,0.0,1.0,0.8,0.0,0.2,1.0
depeche mode,walking in my shoes,0.0,1.0,0.8,0.4,0.6,0.8
blur,parklife,0.0,1.0,0.6,0.4,0.8,0.2
feist,leisure suite,0.0,1.0,0.2,0.8,0.4,0.2
the velvet underground,there she goes again,0.0,0.6,0.6,0.2,0.8,0.0
babyshambles,fuck forever,0.0,0.6,0.8,0.2,1.0,0.0
britney spears,heaven on earth,0.0,1.0,0.8,0.0,0.0,1.0
coldplay,strawberry swing,0.0,1.0,0.4,0.4,0.8,0.4
the national,apartment story,0.0,1.0,0.6,0.4,0.8,0.2
the beatles,helter skelter,0.0,0.8,1.0,0.2,1.0,0.0
lez zeppelin,since i've been loving you,0.0,0.8,0.8,0.2,1.0,0.0
joy division,digital,0.0,0.8,0.8,0.2,1.0,0.0
system of a down,toxicity,0.0,1.0,0.8,0.2,1.0,0.0
the velvet underground,i'll be your mirror,0.0,0.6,0.2,0.8,0.4,0.0
kings of convenience,misread,0.0,1.0,0.4,1.0,0.2,0.0
the white stripes,i just don't know what to do with myself,0.0,0.8,0.8,0.2,1.0,0.0
razorlight,golden touch,0.0,0.8,0.6,0.2,1.0,0.0
tegan and sara,i know i know i know,0.0,1.0,0.6,0.2,0.8,0.4
cansei de ser sexy,meeting paris hilton,0.0,0.6,0.8,0.2,0.8,0.6
dirty pretty things,bang bang you're dead,0.0,0.8,0.8,0.2,1.0,0.0
patrick wolf,the libertine,0.0,0.8,0.6,0.8,0.2,0.2
the beatles,and your bird can sing,0.0,1.0,0.6,0.2,1.0,0.0
the shins,know your onion!,0.0,0.6,0.6,0.2,0.8,0.2
tears for fears,mad world,0.0,0.8,0.4,0.0,0.2,1.0
anton maiden,the number of the beast,0.0,0.2,0.6,0.0,0.0,1.0
audioslave,gasoline,0.0,1.0,1.0,0.0,1.0,0.0
queen,we will rock you,0.0,1.0,0.8,0.8,0.4,0.0
depeche mode,stripped,0.0,1.0,0.8,0.0,0.2,1.0
gorillaz,every planet we reach is dead,0.0,1.0,0.6,0.4,0.8,0.6
nine inch nails,terrible lie,0.0,0.8,0.8,0.0,0.6,1.0
m.i.a.,jimmy,0.0,1.0,0.6,0.2,0.2,1.0
the verve,lucky man,0.0,1.0,0.6,0.6,0.6,0.2
feist,when i was a young girl,0.0,0.8,0.4,0.4,0.6,0.2
aqualung,brighter than sunshine,0.0,1.0,0.8,0.8,0.4,0.2
kings of leon,fans,0.0,1.0,0.8,0.0,1.0,0.0
talking heads,once in a lifetime,0.0,1.0,0.6,0.4,0.8,0.6
feist,the park,0.0,1.0,0.2,1.0,0.2,0.0
belle and sebastian,if she wants me,0.0,1.0,0.4,0.8,0.4,0.2
cold war kids,hang me up to dry,0.0,0.8,0.8,0.4,0.8,0.0
jeff buckley,so real,0.0,1.0,0.8,0.2,1.0,0.0
nirvana,pennyroyal tea,0.0,0.8,0.8,0.2,1.0,0.0
kt tunstall,suddenly i see,0.0,1.0,0.6,0.6,0.6,0.0
boards of canada,chromakey dreamcoat,0.0,0.8,0.4,0.4,0.8,0.8
pink floyd,have a cigar,0.0,1.0,0.8,0.2,1.0,0.4
band of horses,the first song,0.0,0.8,0.6,0.2,1.0,0.0
modest mouse,the view,0.0,0.8,0.8,0.2,1.0,0.0
elliott smith,ballad of big nothing,0.0,0.8,0.4,0.4,0.8,0.0
broken social scene,capture the flag,0.0,1.0,0.2,0.2,0.8,0.4
snow patrol,it's beginning to get to me,0.0,1.0,0.8,0.2,1.0,0.2
placebo,meds (feat. vv of the kills),0.0,1.0,0.8,0.4,0.8,0.2
the prodigy,breathe,0.0,1.0,1.0,0.2,0.4,1.0
alice in chains,them bones,0.0,1.0,1.0,0.0,1.0,0.0
kings of leon,milk,0.0,0.8,0.4,0.2,0.8,0.0
elliott smith,pictures of me,0.0,0.6,0.6,0.4,0.8,0.0
kings of leon,mcfearless,0.0,1.0,0.8,0.2,1.0,0.0
arcade fire,in the backseat,0.0,0.8,0.6,0.8,0.4,0.2
kings of leon,red morning light,0.0,0.6,0.8,0.0,1.0,0.0
coldplay,parachutes,0.0,1.0,0.2,1.0,0.0,0.0
muse,unintended,0.0,0.8,0.2,0.8,0.4,0.2
bright eyes,lua,0.0,0.8,0.2,1.0,0.0,0.0
the new pornographers,twin cinema,0.0,0.8,0.6,0.2,0.8,0.4
bob dylan,blowin' in the wind,0.0,0.6,0.4,1.0,0.0,0.0
yeah yeah yeahs,turn into,0.0,0.8,0.6,0.2,1.0,0.0
ratatat,seventeen years,0.0,1.0,0.8,0.0,0.8,0.8
franz ferdinand,evil and a heathen,0.0,1.0,0.8,0.0,1.0,0.0
queen,crazy little thing called love,0.0,1.0,0.6,0.6,0.8,0.0
placebo,english summer rain,0.0,1.0,0.8,0.0,0.8,0.8
placebo,song to say goodbye,0.0,1.0,0.8,0.4,0.8,0.2
justice,let there be light,0.0,1.0,1.0,0.0,0.4,1.0
new order,ceremony,0.0,0.6,0.6,0.2,1.0,0.0
arcade fire,in the back seat,0.0,0.8,0.6,0.8,0.4,0.0
the futureheads,hounds of love,0.0,1.0,0.8,0.2,1.0,0.0
depeche mode,wrong,0.0,1.0,0.8,0.0,0.2,1.0
clap your hands say yeah,is this love?,0.0,0.6,0.6,0.2,0.8,0.4
oasis,roll with it,0.0,1.0,0.8,0.0,1.0,0.0
röyksopp,in space,0.0,1.0,0.4,0.0,0.2,1.0
the national,start a war,0.0,1.0,0.4,0.6,0.4,0.0
wolf parade,modern world,0.0,0.8,0.6,0.2,0.8,0.4
snow patrol,you could be happy,0.0,1.0,0.2,0.6,0.4,0.4
fleet foxes,ragged wood,0.0,1.0,0.6,0.8,0.4,0.0
muse,space dementia,0.0,1.0,0.8,0.6,0.8,0.2
coldplay,spies,0.0,0.8,0.4,0.2,0.8,0.2
nirvana,breed,0.0,1.0,1.0,0.0,1.0,0.0
the dresden dolls,girl anachronism,0.0,0.8,1.0,1.0,0.0,0.0
morrissey,you have killed me,0.0,1.0,0.6,0.2,1.0,0.2
the killers,glamorous indie rock and roll,0.0,1.0,0.6,0.2,0.8,0.6
sonic youth,incinerate,0.0,0.8,0.8,0.0,1.0,0.0
the doors,strange days,0.0,0.8,0.6,0.2,0.8,0.2
feist,past in present,0.0,0.8,0.6,0.2,0.8,0.0
creedence clearwater revisited,fortunate son,1.0,0.8,0.8,0.2,1.0,0.0
coldplay,swallowed in the sea,0.0,1.0,0.6,0.4,0.6,0.2
in flames,take this life,0.0,1.0,1.0,0.0,1.0,0.0
the white stripes,black math,0.0,0.8,1.0,0.0,1.0,0.0
lez zeppelin,kashmir,0.0,1.0,0.8,0.4,0.8,0.0
the shins,the celibate life,0.0,0.8,0.6,0.2,0.8,0.2
the killers,enterlude,0.0,1.0,0.2,0.8,0.2,0.2
arctic monkeys,this house is a circus,0.0,1.0,1.0,0.2,1.0,0.0
the shins,weird divide,0.0,0.6,0.4,0.2,0.8,0.2
a perfect circle,orestes,0.0,1.0,0.6,0.2,0.8,0.2
elliott smith,twilight,0.0,0.8,0.2,0.8,0.2,0.0
pink floyd,high hopes,0.0,1.0,0.8,0.6,0.8,0.4
pixies,gouge away,0.0,0.8,0.8,0.0,1.0,0.0
placebo,without you i'm nothing,0.0,0.8,0.6,0.2,1.0,0.2
beirut,mount wroclai (idle days),0.0,0.6,0.6,1.0,0.2,0.0
black rebel motorcycle club,devil's waitin',0.0,0.6,0.2,1.0,0.0,0.0
thom yorke,harrowdown hill,0.0,1.0,0.6,0.0,0.4,1.0
oasis,supersonic,0.0,0.8,1.0,0.2,1.0,0.0
patrick wolf,bluebells,0.0,0.8,0.6,0.8,0.4,0.4
elliott smith,son of sam,0.0,1.0,0.6,0.6,0.6,0.0
sigur rós,flugufrelsarinn,0.0,1.0,0.6,0.6,0.8,0.4
franz ferdinand,you're the reason i'm leaving,0.0,1.0,0.8,0.2,1.0,0.0
bright eyes,we are nowhere and it's now,0.0,0.8,0.4,0.8,0.4,0.0
lily allen,friday night,0.0,1.0,0.6,0.2,0.8,0.4
the national,green gloves,0.0,1.0,0.4,0.4,0.8,0.0
kings of leon,taper jean girl,0.0,0.8,0.8,0.0,1.0,0.0
scissor sisters,laura,0.0,1.0,0.6,0.4,0.6,0.4
moby,extreme ways,0.0,1.0,0.8,0.2,0.4,1.0
bon iver,flume,0.0,0.6,0.4,1.0,0.0,0.0
duffy,warwick avenue,0.0,1.0,0.4,0.8,0.4,0.0
elliott smith,rose parade,0.0,0.6,0.4,0.8,0.4,0.0
metric,hustle rose,0.0,0.8,0.6,0.0,0.8,0.4
the strokes,trying your luck,0.0,0.8,0.6,0.2,1.0,0.0
elliott smith,somebody that i used to know,0.0,1.0,0.4,0.4,0.8,0.0
the beatles,blackbird,0.0,0.8,0.2,1.0,0.0,0.0
beirut,cliquot,0.0,0.8,0.6,1.0,0.2,0.0
cut copy,feel the love,0.0,1.0,0.8,0.2,0.6,1.0
arctic monkeys,only ones who know,0.0,1.0,0.2,0.6,0.6,0.0
band of horses,wicked gil,0.0,0.8,0.6,0.2,1.0,0.0
death from above 1979,blood on our hands,0.0,0.6,1.0,0.4,1.0,0.0
the smiths,pretty girls make graves,0.0,0.8,0.6,0.0,1.0,0.0
depeche mode,a pain that i'm used to,0.0,1.0,0.8,0.0,0.6,1.0
u2,sometimes you can't make it on your own,0.0,1.0,0.8,0.4,0.8,0.2
belle and sebastian,white collar boy,0.0,1.0,0.6,0.2,0.8,0.4
gorillaz,o green world,0.0,1.0,0.6,0.2,0.8,0.8
vampire weekend,mansard roof,0.0,1.0,0.6,0.2,0.8,0.0
portishead,silence,0.0,0.8,0.8,0.2,0.8,0.6
moby,lift me up,0.0,1.0,0.8,0.0,0.8,0.8
system of a down,chop suey,0.0,1.0,1.0,0.0,1.0,0.0
queens of the stone age,feel good hit of the summer,0.0,0.8,1.0,0.0,1.0,0.0
feist,the water,0.0,1.0,0.2,1.0,0.0,0.0
wolf parade,shine a light,0.0,0.8,0.8,0.2,0.8,0.6
tool,the patient,0.0,1.0,0.8,0.2,1.0,0.0
tool,lateralus,0.0,1.0,1.0,0.2,1.0,0.0
lily allen,alfie,0.0,1.0,0.4,0.6,0.4,0.6
the beatles,with a little help from my friends,0.0,1.0,0.4,0.4,0.8,0.0
yeah yeah yeahs,black tongue,0.0,0.8,0.8,0.2,1.0,0.0
mogwai,travel is dangerous,0.0,1.0,0.8,0.0,1.0,0.2
maxïmo park,going missing,0.0,0.8,0.8,0.2,1.0,0.2
the smiths,some girls are bigger than others,0.0,0.8,0.4,0.2,1.0,0.0
broken social scene,pacific theme,0.0,0.8,0.6,0.6,0.8,0.2
neutral milk hotel,communist daughter,0.0,0.4,0.2,0.8,0.2,0.0
kings of leon,ragoo,0.0,0.8,0.6,0.2,1.0,0.0
beirut,scenic world,0.0,0.6,0.4,0.6,0.2,0.6
the knife,one hit,0.0,1.0,0.8,0.0,0.0,1.0
coldplay,low,0.0,1.0,0.8,0.2,0.8,0.6
radiohead,treefingers,0.0,1.0,0.2,0.0,0.2,1.0
yeah yeah yeahs,man,0.0,0.8,1.0,0.0,1.0,0.0
radiohead,bullet proof..i wish i was,0.0,1.0,0.4,0.2,0.8,0.0
editors,an end has a start,0.0,1.0,0.8,0.2,1.0,0.4
the dresden dolls,half jack,0.0,0.8,0.8,1.0,0.0,0.0
the knife,girls' night out,0.0,1.0,0.8,0.0,0.2,1.0
the stone roses,waterfall,0.0,0.8,0.4,0.2,1.0,0.0
imogen heap,daylight robbery,0.0,1.0,0.6,0.2,0.2,1.0
björk,big time sensuality,0.0,1.0,0.8,0.2,0.2,1.0
damien rice,older chests,0.0,0.8,0.2,1.0,0.0,0.0
pink floyd,mother,0.0,1.0,0.6,0.6,0.6,0.2
the flaming lips,do you realize??,0.0,1.0,0.6,0.2,0.6,0.8
radiohead,in limbo,0.0,1.0,0.6,0.2,0.8,0.4
franz ferdinand,no you girls,0.0,1.0,0.8,0.2,1.0,0.2
blur,beetlebum,0.0,0.8,0.6,0.2,1.0,0.0
moby,why does my heart feel so bad?,0.0,1.0,0.4,0.2,0.2,1.0
justice,phantom,0.0,1.0,1.0,0.0,0.2,1.0
the beach boys,good vibrations,0.0,1.0,0.6,0.6,0.8,0.4
massive attack,exchange,0.0,1.0,0.4,0.4,0.6,0.6
placebo,36 degrees,0.0,0.8,0.8,0.2,1.0,0.0
metallica,battery,0.0,0.8,1.0,0.2,1.0,0.0
the strokes,the modern age,0.0,0.6,0.8,0.2,1.0,0.0
battles,atlas,0.0,1.0,0.8,0.4,0.8,0.6
the stone roses,made of stone,0.0,0.8,0.6,0.2,1.0,0.0
jeff buckley,mojo pin,0.0,1.0,0.8,0.2,1.0,0.0
joy division,passover,0.0,1.0,0.6,0.2,1.0,0.0
foals,balloons,0.0,0.8,0.8,0.4,1.0,0.0
in flames,come clarity,0.0,0.8,0.8,0.4,1.0,0.0
wolf parade,i'll believe in anything,0.0,0.8,0.8,0.2,0.8,0.4
death cab for cutie,death of an interior decorator,0.0,1.0,0.4,0.4,0.8,0.2
explosions in the sky,first breath after coma,0.0,0.8,0.8,0.2,1.0,0.0
lily allen,littlest things,0.0,1.0,0.4,0.8,0.2,0.4
placebo,slave to the wage,0.0,1.0,0.8,0.0,1.0,0.4
slayer,raining blood,0.0,0.8,1.0,0.0,1.0,0.0
the beatles,taxman,0.0,1.0,0.6,0.2,1.0,0.0
metallica,whiskey in the jar,0.0,1.0,0.8,0.0,1.0,0.0
death from above 1979,black history month,0.0,0.8,1.0,0.2,1.0,0.0
the new pornographers,use it,0.0,0.8,0.8,0.2,1.0,0.2
clap your hands say yeah,let the cool goddess rust away,0.0,0.6,0.6,0.2,0.8,0.2
tegan and sara,back in your head,0.0,1.0,0.6,0.4,0.6,0.6
siouxsie and the banshees,hong kong garden,0.0,0.8,0.6,0.4,0.8,0.0
mika,lollipop,,,,,,
nine inch nails,we're in this together,0.0,1.0,1.0,0.0,1.0,0.8
patrick wolf,teignmouth,0.0,0.8,0.4,1.0,0.2,0.2
portishead,hunter,0.0,1.0,0.6,0.4,0.6,0.8
tool,intension,0.0,1.0,0.4,0.2,0.4,0.8
thom yorke,analyse,0.0,1.0,0.6,0.2,0.2,1.0
feist,brandy alexander,0.0,1.0,0.2,0.4,0.6,0.0
maxïmo park,i want you to stay,0.0,0.8,0.6,0.0,1.0,0.0
red hot chili peppers,can't stop,0.0,1.0,0.8,0.2,1.0,0.0
marilyn manson,the beautiful people,0.0,1.0,1.0,0.0,1.0,0.4
dread zeppelin,good times bad times,0.0,0.8,0.6,0.2,1.0,0.0
the beatles,in my life,0.0,0.8,0.4,0.6,0.6,0.0
jem,they,0.0,1.0,0.6,0.4,0.2,0.8
patrick wolf,overture,0.0,1.0,0.8,0.8,0.2,0.6
m.i.a.,boyz,0.0,1.0,0.8,0.2,0.2,1.0
frou frou,breathe in,0.0,1.0,0.6,0.2,0.4,1.0
bright eyes,at the bottom of everything,0.0,0.8,0.6,0.8,0.2,0.0
r.e.m.,nightswimming,0.0,1.0,0.2,1.0,0.0,0.0
modest mouse,fire it up,0.0,1.0,0.8,0.2,1.0,0.2
air,once upon a time,0.0,1.0,0.4,0.4,0.2,1.0
slipknot,duality,0.0,1.0,1.0,0.2,1.0,0.2
kasabian,shoot the runner,0.0,1.0,0.8,0.2,1.0,0.4
björk,hidden place,0.0,1.0,0.4,0.4,0.2,1.0
slayer,angel of death,0.0,0.8,1.0,0.2,1.0,0.0
joanna newsom,the book of right-on,0.0,0.8,0.4,1.0,0.0,0.0
black rebel motorcycle club,still suspicion holds you tight,0.0,0.8,0.6,0.8,0.4,0.0
explosions in the sky,the only moment we were alone,0.0,1.0,0.8,0.2,0.8,0.0
tool,forty six & 2,0.0,1.0,0.8,0.2,1.0,0.0
beirut,la banlieue,0.2,0.8,0.6,1.0,0.2,0.0
ac/dc,hells bells,0.0,1.0,0.8,0.2,1.0,0.0
kt tunstall,other side of the world,0.0,1.0,0.4,0.8,0.4,0.0
the rolling stones,gimme shelter,0.0,0.8,0.8,0.2,1.0,0.0
animal collective,my girls,0.0,1.0,0.8,0.0,0.0,1.0
dread zeppelin,heartbreaker,0.0,0.8,0.6,0.2,1.0,0.2
sigur rós,untitled 4,0.0,1.0,0.4,0.6,0.4,0.2
violent femmes,blister in the sun,0.0,0.6,0.6,1.0,0.2,0.0
cansei de ser sexy,art bitch,0.0,0.6,0.6,0.0,0.8,0.6
gorillaz,kids with guns,0.0,1.0,0.6,0.0,0.8,0.8
joy division,no love lost,0.0,0.4,0.6,0.0,1.0,0.0
fleet foxes,tiger mountain peasant song,0.0,1.0,0.2,1.0,0.0,0.0
boards of canada,wildlife analysis,0.0,0.6,0.2,0.0,0.0,1.0
imogen heap,just for now,0.0,1.0,0.4,0.4,0.2,0.4
bloc party,price of gas,0.0,0.8,0.8,0.0,1.0,0.0
onerepublic,stop and stare,0.0,1.0,0.8,0.4,0.8,0.2
imogen heap,the walk,0.0,1.0,0.6,0.2,0.2,1.0
gary numan,cars,0.0,1.0,0.6,0.2,0.0,1.0
boards of canada,'84 pontiac dream,0.0,0.8,0.4,0.4,0.4,0.8
nine inch nails,the perfect drug,0.0,1.0,0.8,0.0,0.4,1.0
a perfect circle,imagine,0.0,1.0,0.4,0.4,0.4,0.8
placebo,teenage angst,0.0,0.8,0.8,0.0,1.0,0.2
the strokes,under control,0.0,0.8,0.6,0.2,0.8,0.0
pixies,broken face,0.0,0.8,1.0,0.2,1.0,0.0
yeah yeah yeahs,the sweets,0.0,0.8,0.6,0.2,0.8,0.2
editors,smokers outside the hospital doors,0.0,1.0,0.8,0.4,0.8,0.2
the fratellis,henrietta,0.0,0.8,0.8,0.2,1.0,0.0
cat power,lived in bars,0.0,1.0,0.6,0.8,0.4,0.0
radiohead,you and whose army?,0.0,1.0,0.6,0.4,0.6,0.2
a perfect circle,the hollow,0.0,1.0,0.8,0.2,1.0,0.0
the kinks,lola,0.0,0.8,0.6,0.8,0.6,0.0
wolf parade,fancy claps,0.0,0.8,0.8,0.2,0.8,0.4
cat power,living proof,0.0,1.0,0.4,0.4,0.8,0.0
antony and the johnsons,fistful of love,0.0,1.0,0.8,0.8,0.4,0.0
marilyn manson,tainted love,0.0,1.0,1.0,0.0,0.8,0.8
of montreal,disconnect the dots,0.0,0.8,0.6,0.2,0.8,0.6
wolf parade,dear sons and daughters of hungry ghosts,0.0,0.8,0.8,0.2,1.0,0.6
editors,lights,0.0,1.0,0.8,0.0,1.0,0.4
the smiths,reel around the fountain,0.0,0.8,0.4,0.2,0.8,0.0
rufus wainwright,hallelujah,0.0,1.0,0.4,1.0,0.0,0.0
nine inch nails,the frail,0.0,1.0,0.2,0.8,0.0,0.2
architecture in helsinki,scissor paper rock,0.0,0.6,0.4,0.8,0.4,0.4
kate nash,foundations,0.0,0.8,0.4,0.6,0.4,0.0
black sabbath,iron man,0.0,0.8,1.0,0.2,1.0,0.0
the shins,one by one all day,0.0,0.6,0.6,0.2,0.8,0.2
modest mouse,we've got everything,0.0,1.0,0.8,0.2,1.0,0.2
lily allen,not big,0.0,1.0,0.6,0.4,0.6,0.4
cansei de ser sexy,alcohol,0.0,0.8,0.6,0.0,0.6,0.8
panic at the disco,camisado,0.0,1.0,0.8,0.2,0.8,0.6
lcd soundsystem,all my friends,0.0,1.0,0.8,0.6,0.6,0.6
placebo,nancy boy,0.0,0.8,0.8,0.0,1.0,0.2
coldplay,high speed,0.0,0.8,0.4,0.2,0.8,0.2
a perfect circle,magdalena,0.0,1.0,0.8,0.2,1.0,0.0
tegan and sara,the con,0.0,0.8,0.6,0.0,0.8,0.4
razorlight,america,0.0,1.0,0.6,0.4,0.8,0.0
the beatles,for no one,0.0,1.0,0.2,0.8,0.2,0.0
band of horses,our swords,0.0,0.8,0.4,0.2,0.8,0.0
nelly furtado,promiscuous (feat. timbaland),0.0,1.0,0.6,0.0,0.2,1.0
foals,olympic airways,0.0,0.8,0.6,0.2,1.0,0.2
black kids,i'm not gonna teach your boyfriend how to dance with you,0.0,1.0,0.8,0.2,0.8,0.6
johnny cash,folsom prison blues,1.0,0.6,0.6,0.4,0.8,0.0
animal collective,leaf house,0.0,0.6,0.6,1.0,0.0,0.0
feist,lonely lonely,0.0,1.0,0.2,0.8,0.4,0.0
the kooks,always where i need to be,0.0,0.8,0.8,0.2,1.0,0.0
beck,gamma ray,0.0,0.8,0.6,0.2,1.0,0.2
architecture in helsinki,heart it races,0.0,0.8,0.6,0.6,0.6,0.2
u2,pride (in the name of love),0.0,1.0,0.8,0.2,1.0,0.4
portishead,we carry on,0.0,0.8,0.8,0.0,0.6,1.0
the fratellis,whistle for the choir,0.0,1.0,0.4,0.8,0.4,0.0
modest mouse,satin in a coffin,0.0,0.8,0.8,0.8,0.4,0.2
kings of leon,soft,0.0,0.8,0.6,0.2,1.0,0.0
the shins,turn a square,0.0,0.8,0.6,0.2,1.0,0.0
boards of canada,peacock tail,0.0,0.8,0.4,0.2,0.4,0.8
evanescence,lithium,0.0,1.0,0.8,0.4,0.8,0.4
pink floyd,goodbye blue sky,0.0,1.0,0.2,0.8,0.2,0.2
travis,side,0.0,1.0,0.6,0.4,0.8,0.0
ladytron,sugar,0.0,1.0,0.8,0.2,0.2,1.0
yann tiersen,j'y suis jamais allé,0.0,1.0,0.6,1.0,0.0,0.0
phoenix,if i ever feel better,0.0,0.8,0.4,0.2,0.8,0.4
band of horses,part one,0.0,0.8,0.4,0.8,0.4,0.0
new order,age of consent,,,,,,
elliott smith,pitseleh,0.0,1.0,0.2,1.0,0.2,0.0
band of horses,weed party,0.0,0.8,0.6,0.2,1.0,0.0
lcd soundsystem,tribulations,0.0,0.8,0.8,0.2,0.6,0.8
guns n' roses,don't cry,0.0,1.0,0.8,0.4,1.0,0.2
garbage,i think i'm paranoid,0.0,1.0,0.8,0.0,1.0,0.6
yeah yeah yeahs,warrior,0.0,0.8,0.6,0.2,0.8,0.0
black rebel motorcycle club,six barrel shotgun,0.0,0.8,0.8,0.2,1.0,0.0
the clash,the guns of brixton,0.0,0.8,0.6,0.2,1.0,0.0
the doors,break on through (to the other side),0.0,0.8,0.8,0.2,1.0,0.0
the national,guest room,0.0,1.0,0.6,0.4,0.8,0.0
depeche mode,john the revelator,0.0,1.0,0.8,0.0,0.4,1.0
the beatles,oh! darling,0.0,1.0,0.6,0.6,0.6,0.0
kings of leon,molly's chambers,0.0,0.8,0.8,0.2,1.0,0.0
the beatles,across the universe,0.0,0.8,0.4,0.8,0.2,0.0
christina aguilera,ain't no other man,0.0,1.0,0.8,0.6,0.4,0.2
fleet foxes,he doesn't know why,0.0,1.0,0.4,0.8,0.2,0.0
foals,cassius,0.0,0.8,0.8,0.2,1.0,0.2
nine inch nails,piggy,0.0,1.0,0.6,0.4,0.6,0.6
keane,crystal ball,0.0,1.0,0.8,0.4,0.6,0.6
keane,nothing in my way,0.0,1.0,0.6,0.4,0.4,0.6
queens of the stone age,burn the witch,0.0,1.0,0.8,0.2,1.0,0.0
the smiths,that joke isn't funny anymore,0.0,0.8,0.6,0.2,0.8,0.0
iron & wine,boy with a coin,0.0,1.0,0.6,0.8,0.4,0.0
metric,wet blanket,0.0,0.8,0.6,0.2,0.8,0.6
stereophonics,maybe tomorrow,0.0,1.0,0.4,0.4,0.8,0.2
pearl jam,even flow,0.0,1.0,0.8,0.0,1.0,0.0
broken social scene,late nineties bedroom rock for the missionaries,0.0,0.8,0.4,0.2,0.8,0.4
pavement,cut your hair,0.0,0.6,0.6,0.2,1.0,0.0
the verve,love is noise,0.0,1.0,0.8,0.2,0.8,0.6
broken social scene,shampoo suicide,0.0,0.6,0.4,0.2,0.8,0.6
justin timberlake,my love,,,,,,
audioslave,what you are,0.0,1.0,0.8,0.2,1.0,0.0
my chemical romance,i'm not okay (i promise),0.0,1.0,1.0,0.0,1.0,0.0
we are scientists,this scene is dead,0.0,0.8,0.8,0.2,1.0,0.0
modest mouse,dance hall,0.0,0.8,1.0,0.2,1.0,0.0
kaiser chiefs,saturday night,0.0,0.8,0.8,0.2,0.8,0.2
joanna newsom,bridges and balloons,0.0,0.8,0.4,1.0,0.0,0.0
the goo goo dolls,slide,0.0,1.0,0.6,0.4,0.8,0.0
yeah yeah yeahs,mysteries,0.0,0.6,0.8,0.2,1.0,0.2
arctic monkeys,the bad thing,0.0,1.0,0.8,0.0,1.0,0.0
radiohead,sulk,0.0,1.0,0.8,0.2,1.0,0.2
the cure,why can't i be you?,0.0,1.0,0.8,0.2,0.8,0.6
radiohead,you,0.0,0.8,0.8,0.2,1.0,0.0
mogwai,acid food,0.0,1.0,0.4,0.2,0.4,0.6
röyksopp,circuit breaker,0.0,1.0,0.6,0.0,0.2,1.0
muse,hyper music,0.0,0.8,1.0,0.0,1.0,0.0
wilco,heavy metal drummer,0.0,1.0,0.6,0.4,0.8,0.4
jet,look what you've done,0.0,1.0,0.4,0.8,0.4,0.0
regina spektor,field below,0.0,1.0,0.2,1.0,0.0,0.0
the dresden dolls,missed me,0.0,0.8,0.6,1.0,0.0,0.0
band of horses,no one's gonna love you,0.0,0.8,0.4,0.2,0.8,0.0
belle and sebastian,expectations,0.0,0.6,0.4,0.8,0.4,0.0
coldplay,death and all his friends,0.0,1.0,0.8,0.6,0.6,0.4
beirut,forks and knives (la fête),0.0,0.8,0.6,1.0,0.2,0.2
the beatles,octopus's garden,0.0,1.0,0.4,0.4,0.8,0.0
ladytron,international dateline,0.0,1.0,0.6,0.2,0.6,1.0
bon iver,lump sum,0.0,0.6,0.4,1.0,0.2,0.0
jack johnson,never know,0.0,1.0,0.4,0.8,0.4,0.0
digitalism,pogo,0.0,1.0,0.8,0.0,0.2,1.0
oasis,the importance of being idle,0.0,1.0,0.6,0.2,0.8,0.0
the flaming lips,fight test,0.0,1.0,0.6,0.6,0.4,0.6
rammstein,du hast,0.0,1.0,1.0,0.2,1.0,0.6
the beatles,a day in the life,0.0,1.0,0.8,0.8,0.4,0.0
a perfect circle,pet,0.0,1.0,0.8,0.0,1.0,0.2
kings of leon,knocked up,0.0,0.8,0.6,0.2,1.0,0.0
britney spears,ooh ooh baby,0.0,1.0,0.6,0.0,0.2,1.0
keane,spiralling,0.0,1.0,0.8,0.2,0.2,1.0
norah jones,come away with me,0.0,1.0,0.2,0.8,0.4,0.0
black rebel motorcycle club,stop,0.0,0.8,0.8,0.0,1.0,0.0
rage against the machine,bulls on parade,0.0,1.0,1.0,0.2,1.0,0.0
jeff buckley,lilac wine,0.0,1.0,0.4,0.2,0.8,0.0
the prodigy,firestarter,0.0,1.0,1.0,0.0,0.4,1.0
patrick wolf,augustine,0.0,1.0,0.6,0.8,0.2,0.2
nine inch nails,something i can never have,0.0,0.8,0.6,0.2,0.4,1.0
the killers,this river is wild,0.0,1.0,0.8,0.2,0.8,0.4
beyoncé,irreplaceable,0.0,1.0,0.6,0.8,0.4,0.6
the clash,lost in the supermarket,0.0,0.8,0.4,0.4,0.8,0.2
beirut,brandenburg,0.0,0.6,0.4,1.0,0.2,0.0
fiona apple,sleep to dream,0.0,1.0,0.8,0.6,0.4,0.2
black rebel motorcycle club,666 conducer,0.0,0.8,0.8,0.0,1.0,0.0
kanye west,can't tell me nothing,0.0,1.0,0.6,0.0,0.2,1.0
keane,a bad dream,0.0,1.0,0.6,0.4,0.4,0.8
nine inch nails,the beginning of the end,0.0,1.0,0.8,0.0,1.0,0.6
antony and the johnsons,man is the baby,0.0,0.8,0.2,1.0,0.0,0.0
queen,fat bottomed girls,0.0,1.0,0.8,0.2,1.0,0.0
elliott smith,sweet adeline,0.0,1.0,0.8,0.4,0.8,0.0
neko case,star witness,0.0,1.0,0.4,0.4,0.8,0.0
dashboard confessional,hands down,0.0,0.8,0.8,0.2,0.8,0.0
radiohead,2+2= 5,0.0,1.0,0.8,0.2,1.0,0.2
portishead,only you,0.0,1.0,0.6,0.2,0.6,0.8
keane,bend and break,0.0,1.0,0.8,0.8,0.0,0.6
kylie minogue,in my arms,0.0,1.0,0.8,0.0,0.2,1.0
system of a down,chop suey!,0.0,1.0,1.0,0.2,1.0,0.0
system of a down,cigaro,0.0,1.0,1.0,0.0,1.0,0.0
damien rice,cheers darlin',0.0,0.8,0.4,1.0,0.2,0.0
blur,coffee & tv,0.0,1.0,0.6,0.2,0.8,0.2
queens of the stone age,in my head,0.0,1.0,0.8,0.0,1.0,0.2
depeche mode,a question of time,0.0,1.0,0.8,0.0,0.4,1.0
the doors,the crystal ship,0.0,0.8,0.2,0.8,0.2,0.0
oasis,she's electric,0.0,1.0,0.6,0.6,0.6,0.0
evanescence,taking over me,0.0,1.0,0.8,0.2,1.0,0.4
junior boys,in the morning,0.0,1.0,0.4,0.2,0.2,1.0
afi,girl's not grey,0.0,1.0,0.8,0.0,1.0,0.2
dread zeppelin,going to california,0.0,0.8,0.4,0.4,0.8,0.0
sigur rós,glosoli,0.0,1.0,0.8,0.4,0.8,0.2
pixies,dig for fire,0.0,0.8,0.6,0.0,1.0,0.0
joy division,wilderness,0.0,0.8,0.8,0.2,1.0,0.0
the shins,girl on the wing,0.0,0.6,0.4,0.2,0.8,0.0
the cure,the lovecats,0.0,0.8,0.4,0.8,0.2,0.0
múm,we have a map of the piano,0.0,0.8,0.4,0.4,0.2,0.8
sufjan stevens,the dress looks nice on you,0.0,0.8,0.2,1.0,0.2,0.0
the strokes,automatic stop,0.0,0.8,0.4,0.2,1.0,0.0
the clash,rudie can't fail,0.0,0.8,0.6,0.4,0.8,0.0
the doors,break on through,0.0,0.8,0.8,0.2,1.0,0.0
black rebel motorcycle club,white palms,0.0,0.6,0.8,0.0,1.0,0.0
cocorosie,by your side,0.0,0.4,0.2,0.4,0.2,0.6
depeche mode,everything counts,0.0,0.8,0.6,0.2,0.0,1.0
black rebel motorcycle club,awake,0.0,0.8,0.8,0.2,1.0,0.0
editors,fall,0.0,0.8,0.6,0.0,1.0,0.2
portishead,plastic,0.0,0.8,0.8,0.4,0.6,0.8
blondie,call me,0.0,1.0,0.8,0.2,0.8,0.4
cansei de ser sexy,off the hook,0.0,0.8,0.8,0.2,0.8,0.6
anton maiden,the trooper,0.0,0.2,0.6,0.0,0.2,1.0
bloc party,luno,0.0,0.8,0.8,0.2,1.0,0.0
the stranglers,golden brown,0.0,1.0,0.4,0.6,0.4,0.2
nelly furtado,promiscuous,0.0,1.0,0.6,0.0,0.2,1.0
belle and sebastian,like dylan in the movies,0.0,0.8,0.4,0.6,0.4,0.0
bloc party,waiting for the 7.18,0.0,1.0,0.6,0.2,0.8,0.4
black rebel motorcycle club,not what you wanted,0.0,0.8,0.8,0.2,1.0,0.0
band of horses,i go to the barn because i like the,0.0,0.8,0.4,0.4,0.8,0.0
bloc party,uniform,0.0,1.0,0.8,0.2,1.0,0.2
the cure,fascination street,0.0,1.0,0.8,0.2,1.0,0.4
clap your hands say yeah,sunshine and clouds (and everything proud),0.0,0.4,0.2,0.2,0.2,0.8
ratatat,lex,0.0,1.0,0.8,0.0,0.8,0.8
lady gaga,lovegame,0.0,1.0,0.8,0.0,0.2,1.0
cut copy,future,0.0,1.0,0.6,0.2,0.6,1.0
the shins,those to come,0.0,0.8,0.2,1.0,0.0,0.0
scissor sisters,take your mama,0.0,1.0,0.6,0.6,0.4,0.2
metric,handshakes,0.0,0.8,0.8,0.0,0.8,0.6
imogen heap,have you got it in you?,0.0,1.0,0.8,0.2,0.6,0.8
blur,out of time,0.0,1.0,0.4,0.6,0.4,0.2
fergie,big girls don't cry,0.0,1.0,0.4,0.6,0.4,0.4
zz top,sharp dressed man,0.0,1.0,0.8,0.0,1.0,0.4
him,wicked game,0.0,0.8,0.6,0.2,0.8,0.4
radiohead,packt like sardines in a crushd tin box,0.0,1.0,0.6,0.0,0.2,1.0
band of horses,is there a ghost,0.0,1.0,0.8,0.0,1.0,0.0
jimi hendrix,fire,0.0,0.8,0.8,0.2,1.0,0.0
the beatles,i want you (she's so heavy),0.0,1.0,1.0,0.2,1.0,0.4
wilco,i'm the man who loves you,0.0,0.8,0.8,0.4,1.0,0.2
the libertines,time for heroes,0.0,0.6,0.8,0.0,1.0,0.0
the darkness,i believe in a thing called love,0.0,1.0,0.8,0.0,1.0,0.0
boards of canada,music is math,0.0,0.8,0.6,0.2,0.2,1.0
britney spears,i'm a slave 4 u,0.0,1.0,0.8,0.0,0.2,1.0
modest mouse,florida,0.0,1.0,0.8,0.2,1.0,0.2
cut copy,out there on the ice,0.0,1.0,0.8,0.0,0.4,1.0
le tigre,deceptacon,0.0,0.6,0.8,0.0,0.6,1.0
the cardigans,my favourite game,0.0,1.0,0.8,0.2,1.0,0.2
black rebel motorcycle club,as sure as the sun,0.0,0.8,0.6,0.0,1.0,0.0
daft punk,veridis quo,0.0,1.0,0.4,0.0,0.2,1.0
modest mouse,missed the boat,0.0,1.0,0.6,0.4,0.8,0.2
nine inch nails,the fragile,0.0,1.0,0.6,0.2,0.8,0.8
bat for lashes,horse and i,0.0,0.8,0.6,0.2,0.4,0.8
oasis,cast no shadow,0.0,1.0,0.6,0.8,0.6,0.2
black rebel motorcycle club,need some air,0.0,0.8,0.8,0.2,1.0,0.0
tool,eulogy,0.0,1.0,0.8,0.2,1.0,0.2
joy division,a means to an end,0.0,0.8,0.6,0.2,1.0,0.0
beirut,rhineland (heartland),0.0,0.6,0.6,1.0,0.2,0.2
pantera,walk,0.0,1.0,1.0,0.0,1.0,0.0
silversun pickups,three seed,0.0,1.0,0.8,0.0,1.0,0.0
afi,summer shudder,0.0,1.0,0.6,0.0,0.8,0.6
black rebel motorcycle club,took out a loan,0.0,0.8,0.8,0.0,1.0,0.0
iron & wine,love and some verses,0.0,0.8,0.2,1.0,0.2,0.0
paramore,crushcrushcrush,0.0,1.0,0.8,0.0,1.0,0.0
the futureheads,decent days and nights,0.0,0.8,0.8,0.2,1.0,0.0
patrick wolf,to the lighthouse,0.0,0.6,0.4,0.8,0.2,0.4
the raconteurs,broken boy soldier,0.0,0.8,0.8,0.2,1.0,0.0
vampire weekend,campus,0.0,0.8,0.6,0.4,0.8,0.2
cocorosie,beautiful boyz,0.0,0.4,0.4,0.6,0.2,0.4
kings of leon,black thumbnail,0.0,0.8,1.0,0.0,1.0,0.0
belle and sebastian,the stars of track and field,0.0,0.8,0.4,0.8,0.4,0.0
joy division,interzone,0.0,0.8,0.8,0.2,1.0,0.0
goldfrapp,ride a white horse,0.0,1.0,0.8,0.0,0.2,1.0
elliott smith,baby britain,0.0,1.0,0.4,0.8,0.4,0.0
metallica,fuel,0.0,1.0,1.0,0.2,1.0,0.0
al green,let's stay together,0.0,1.0,0.4,0.4,0.8,0.0
the fray,all at once,0.0,1.0,0.6,0.4,0.8,0.2
radiohead,go to sleep,0.0,1.0,0.8,0.6,0.8,0.2
rjd2,ghostwriter,0.0,0.8,0.6,0.8,0.4,0.2
bright eyes,road to joy,0.2,0.8,0.8,0.8,0.4,0.0
daft punk,short circuit,0.0,1.0,0.6,0.0,0.0,1.0
damien rice,i remember,0.0,0.8,0.8,0.8,0.4,0.0
panic at the disco,london beckoned songs about money written by machines,0.0,1.0,0.8,0.2,0.8,0.4
u2,new year's day,0.0,0.8,0.8,0.4,0.8,0.2
massive attack,protection,0.0,1.0,0.4,0.2,0.6,0.8
the decemberists,summersong,0.0,1.0,0.4,0.8,0.4,0.0
dread zeppelin,when the levee breaks,0.0,0.8,0.6,0.2,0.8,0.2
mew,the zookeeper's boy,0.0,1.0,0.8,0.2,1.0,0.4
the go! team,panther dash,0.0,0.6,0.8,0.6,0.8,0.2
audioslave,shadow on the sun,0.0,1.0,0.8,0.0,1.0,0.0
the smiths,vicar in a tutu,0.0,0.8,0.6,0.2,1.0,0.0
pink floyd,astronomy domine,0.0,0.6,0.8,0.2,1.0,0.0
radiohead,where i end and you begin,0.0,1.0,0.6,0.2,0.8,0.4
placebo,running up that hill,0.0,1.0,0.8,0.0,0.6,0.8
art brut,formed a band,0.0,0.8,0.8,0.2,1.0,0.0
david bowie,oh! you pretty things,0.0,0.8,0.4,0.8,0.4,0.0
joanna newsom,sprout and the bean,0.0,0.8,0.2,1.0,0.0,0.0
evanescence,hello,0.0,1.0,0.4,0.8,0.2,0.2
whitesnake,here i go again,0.0,1.0,0.8,0.0,1.0,0.4
yeah yeah yeahs,cold light,0.0,0.8,0.8,0.2,1.0,0.0
aphex twin,avril 14th,0.0,0.8,0.2,1.0,0.0,0.0
oasis,acquiesce,0.0,0.8,1.0,0.0,1.0,0.0
nouvelle vague,too drunk to fuck,0.0,1.0,0.4,1.0,0.2,0.0
imogen heap,loose ends,0.0,1.0,0.6,0.2,0.2,1.0
sonic youth,teen age riot,0.0,0.8,0.8,0.2,1.0,0.0
amy winehouse,me & mr jones,0.0,1.0,0.4,0.6,0.6,0.0
queen,the show must go on,0.0,1.0,1.0,0.2,1.0,0.4
the killers,uncle jonny,0.0,1.0,0.8,0.2,1.0,0.2
massive attack,karmacoma,0.0,1.0,0.4,0.2,0.4,1.0
morrissey,everyday is like sunday,0.0,1.0,0.6,0.2,0.8,0.4
the beatles,tomorrow never knows,0.0,1.0,0.6,0.4,0.8,0.2
beirut,guyamas sonora,0.0,0.8,0.6,1.0,0.0,0.0
tool,ticks & leeches,0.0,1.0,1.0,0.2,1.0,0.0
muse,showbiz,0.0,0.8,0.8,0.0,1.0,0.0
the knife,listen now,0.0,1.0,0.8,0.0,0.2,1.0
fleet foxes,quiet houses,0.0,1.0,0.4,1.0,0.2,0.0
röyksopp,what else is there?,0.0,1.0,0.6,0.0,0.0,1.0
elliott smith,no name no. 5,0.0,0.6,0.2,0.8,0.2,0.0
goldfrapp,utopia,0.0,1.0,0.6,0.4,0.2,0.8
air,space maker,0.0,1.0,0.4,0.2,0.4,1.0
pixies,dead,0.0,0.8,0.8,0.2,1.0,0.0
u2,elevation,0.0,1.0,0.8,0.2,1.0,0.2
bob marley & the wailers,three little birds,0.0,1.0,0.4,0.2,0.8,0.0
radiohead,like spinning plates,0.0,1.0,0.4,0.0,0.2,1.0
bon iver,the wolves (act i and ii),0.0,0.6,0.8,0.8,0.2,0.0
outkast,hey ya!,0.0,1.0,0.8,0.6,0.2,0.6
crystal castles,crimewave (crystal castles vs. health),0.0,0.6,0.8,0.0,0.0,1.0
tori amos,a sorta fairytale,0.0,1.0,0.4,0.6,0.4,0.2
morrissey,suedehead,0.0,1.0,0.6,0.2,0.8,0.2
broken social scene,fire eye'd boy,0.0,0.8,0.8,0.2,1.0,0.2
we are scientists,inaction,0.0,0.8,0.8,0.2,1.0,0.0
weezer,my name is jonas,0.0,1.0,0.8,0.4,1.0,0.0
coldplay,x&y,0.0,1.0,0.8,0.2,0.8,0.4
air,new star in the sky,0.0,1.0,0.2,0.2,0.6,1.0
the go! team,the power is on,0.0,0.6,1.0,0.4,0.8,0.2
regina spektor,that time,0.0,0.8,0.4,0.8,0.2,0.0
boards of canada,into the rainbow vein,0.0,0.4,0.4,0.0,0.0,1.0
elbow,grounds for divorce,0.0,1.0,0.8,0.2,0.8,0.2
tool,disposition,0.0,1.0,0.4,0.2,0.8,0.2
electric light orchestra part ii,mr. blue sky,1.0,0.8,0.8,0.4,0.8,0.4
the knife,you take my breath away,0.0,1.0,0.6,0.0,0.2,1.0
natalia barbu,fight,0.0,0.8,0.8,0.4,0.8,0.2
in flames,the quiet place,0.0,1.0,0.8,0.0,1.0,0.4
yo la tengo,stockholm syndrome,0.0,1.0,0.4,0.2,0.8,0.0
beck,nausea,0.0,0.8,0.6,0.8,0.4,0.2
the stooges,search and destroy,0.0,0.4,1.0,0.2,1.0,0.0
nine inch nails,the wretched,0.0,1.0,0.8,0.0,0.8,1.0
weezer,the world has turned and left me here,0.0,1.0,0.8,0.0,1.0,0.0
cut copy,unforgettable season,0.0,1.0,0.6,0.0,0.4,1.0
beck,think i'm in love,0.0,1.0,0.6,0.2,0.6,0.8
beirut,the penalty,0.0,0.8,0.4,1.0,0.0,0.0
30 seconds to mars,a beautiful lie,0.0,1.0,0.8,0.2,1.0,0.2
muse,ruled by secrecy,0.0,1.0,0.4,0.8,0.2,0.2
the go! team,feelgood by numbers,0.0,0.6,0.6,0.8,0.2,0.2
thom yorke,skip divided,0.0,1.0,0.4,0.0,0.2,1.0
my bloody valentine,to here knows when,0.0,1.0,0.8,0.0,1.0,0.6
boards of canada,a moment of clarity,0.0,0.8,0.4,0.2,0.4,1.0
my bloody valentine,soon,0.0,1.0,0.8,0.0,1.0,0.2
wilco,radio cure,0.0,0.8,0.2,0.2,0.8,0.4
travis,writing to reach you,,,,,,
thom yorke,the clock,0.0,1.0,0.6,0.4,0.2,0.8
spoon,you got yr. cherry bomb,0.0,1.0,0.6,0.4,0.8,0.2
bob dylan,the times they are a-changin',0.0,0.6,0.4,1.0,0.0,0.0
the smiths,shoplifters of the world unite,0.0,0.8,0.6,0.0,1.0,0.0
hard-fi,cash machine,0.0,0.8,0.6,0.2,0.8,0.2
kaiser chiefs,you can have it all,0.0,0.8,0.2,0.2,0.8,0.0
neutral milk hotel,oh comely,0.0,0.4,0.6,1.0,0.0,0.0
portishead,over,0.0,1.0,0.6,0.2,0.6,0.8
the smiths,you've got everything now,0.0,0.8,0.6,0.2,1.0,0.0
antony and the johnsons,you are my sister,0.0,1.0,0.4,1.0,0.0,0.0
babyshambles,delivery,0.0,0.8,0.6,0.2,1.0,0.0
blur,the universal,0.0,1.0,0.6,0.8,0.4,0.2
queens of the stone age,medication,0.0,1.0,1.0,0.0,1.0,0.0
moby,in this world,0.0,1.0,0.4,0.2,0.2,1.0
red hot chili peppers,around the world,0.0,1.0,0.8,0.2,1.0,0.0
black rebel motorcycle club,restless sinner,0.0,0.8,0.6,0.8,0.4,0.0
jamiroquai,virtual insanity,0.0,1.0,0.6,0.4,0.8,0.4
porcupine tree,the sound of muzak,0.0,1.0,0.6,0.2,1.0,0.4
broken social scene,our faces split the coast in half,0.0,0.6,0.8,0.2,1.0,0.0
katatonia,my twin,0.0,1.0,0.8,0.0,1.0,0.2
justice,newjack,0.0,1.0,0.8,0.0,0.4,1.0
the doors,touch me,0.0,1.0,0.8,0.6,0.8,0.0
burial,archangel,0.0,0.6,0.6,0.0,0.2,1.0
snow patrol,set the fire to the third bar,0.0,1.0,0.2,0.8,0.2,0.0
the new pornographers,the bleeding heart show,0.0,1.0,0.8,0.4,0.8,0.2
björk,possibly maybe,0.0,1.0,0.4,0.2,0.4,1.0
m.i.a.,bucky done gun,0.0,0.8,0.8,0.2,0.2,0.8
lcd soundsystem,someone great,0.0,1.0,0.6,0.2,0.2,1.0
coldplay,we never change,0.0,1.0,0.2,0.8,0.2,0.0
cut copy,we fight for diamonds,0.0,0.8,0.6,0.0,0.4,1.0
green day,basket case,0.0,1.0,1.0,0.2,1.0,0.0
editors,fingers in the factories,0.0,0.8,0.8,0.2,1.0,0.0
mylo,drop the pressure,0.0,1.0,0.8,0.0,0.2,1.0
nine inch nails,all the love in the world,0.0,1.0,0.8,0.4,0.4,0.8
the raconteurs,hands,0.0,0.8,0.8,0.2,1.0,0.0
midlake,roscoe,0.0,0.8,0.4,0.4,0.8,0.2
sufjan stevens,the man of metropolis steals our hearts,0.0,1.0,0.8,0.4,0.8,0.0
the mars volta,inertiatic esp,0.0,1.0,1.0,0.2,1.0,0.2
spoon,the two sides of monsieur valentine,0.0,1.0,0.6,0.4,0.8,0.0
portishead,cowboys,0.0,1.0,0.8,0.2,0.8,0.6
of montreal,gronlandic edit,0.0,1.0,0.8,0.2,0.6,1.0
the killers,my list,0.0,1.0,0.4,0.2,0.4,0.8
led zeppelin,tangerine,0.0,0.8,0.4,0.8,0.4,0.0
evanescence,tourniquet,0.0,1.0,0.8,0.2,1.0,0.2
nick drake,things behind the sun,0.0,1.0,0.2,1.0,0.0,0.0
spoon,don't you evah,0.0,1.0,0.6,0.4,0.8,0.2
black rebel motorcycle club,lien on your dreams,0.0,0.6,0.8,0.2,1.0,0.0
simon & garfunkel,the only living boy in new york,0.0,1.0,0.4,0.8,0.2,0.0
the national,secret meeting,0.0,0.8,0.6,0.2,0.8,0.2
modest mouse,this devil's workday,0.0,0.8,0.8,0.8,0.4,0.0
justice,valentine,0.0,1.0,0.6,0.0,0.4,1.0
tenacious d,tribute,0.0,1.0,0.8,0.6,0.8,0.0
iron & wine,sunset soon forgotten,0.0,0.8,0.2,0.8,0.2,0.0
travis,love will come through,0.0,1.0,0.4,0.8,0.4,0.2
bright eyes,four winds,0.0,1.0,0.6,0.8,0.6,0.0
placebo,taste in men,0.0,1.0,0.8,0.0,0.8,0.8
the rakes,22 grand job,0.0,0.8,0.8,0.2,1.0,0.0
placebo,bruise pristine,0.0,0.8,0.8,0.2,1.0,0.0
remy zero,fair,0.0,0.8,0.6,0.4,0.8,0.2
the smiths,these things take time,0.0,0.6,0.6,0.2,0.8,0.0
weezer,only in dreams,0.0,1.0,0.6,0.2,1.0,0.0
soilwork,stabbing the drama,0.0,1.0,1.0,0.2,1.0,0.4
interpol,who do you think,0.0,1.0,0.6,0.0,1.0,0.2
modest mouse,parting of the sensory,0.0,0.8,0.8,0.8,0.4,0.0
nouvelle vague,love will tear us apart,0.0,1.0,0.2,1.0,0.2,0.0
the beatles,good day sunshine,0.0,0.8,0.4,0.8,0.4,0.0
modest mouse,education,0.0,0.8,0.6,0.2,0.8,0.4
wilco,impossible germany,0.0,1.0,0.6,0.2,1.0,0.0
marilyn manson,this is the new shit,0.0,1.0,0.8,0.0,1.0,0.8
justice,waters of nazareth,0.0,0.8,1.0,0.0,0.2,1.0
silversun pickups,checkered floor,0.0,0.8,0.8,0.2,1.0,0.2
justin timberlake,my love (feat. t.i.),0.0,1.0,0.8,0.0,0.2,1.0
franz ferdinand,i'm your villain,0.0,0.8,0.8,0.0,1.0,0.0
inxs,never tear us apart,0.0,1.0,0.6,0.4,0.6,0.4
tori amos,cornflake girl,0.0,1.0,0.6,0.6,0.6,0.2
radiohead,talk show host,0.0,1.0,0.4,0.0,0.8,0.6
moby,we are all made of stars,0.0,1.0,0.4,0.2,0.4,1.0
crystal castles,vanished,0.0,0.8,0.6,0.0,0.2,1.0
queens of the stone age,everybody knows that you are insane,0.0,1.0,0.8,0.2,1.0,0.0
the white stripes,conquest,0.0,0.8,0.8,0.4,0.8,0.0
the strokes,what ever happened?,0.0,0.8,0.8,0.2,1.0,0.0
wilco,ashes of american flags,0.0,0.8,0.4,0.4,0.6,0.4
the smiths,stop me if you think you've heard this one before,0.0,1.0,0.6,0.2,1.0,0.2
coldplay,yes,0.0,1.0,0.8,0.4,0.8,0.2
duffy,stepping stone,0.0,1.0,0.6,0.8,0.4,0.0
the doors,roadhouse blues,0.0,0.8,0.8,0.4,1.0,0.0
blondie,hanging on the telephone,0.0,1.0,0.8,0.2,1.0,0.0
oasis,hello,0.0,1.0,0.8,0.2,1.0,0.0
art brut,emily kane,0.0,0.6,0.8,0.0,1.0,0.0
the smiths,how soon is now,0.0,1.0,0.6,0.0,1.0,0.2
beirut,elephant gun,0.0,0.8,0.6,1.0,0.2,0.0
amy macdonald,this is the life,0.0,1.0,0.6,0.8,0.4,0.0
maroon,won't go home without you,0.0,1.0,0.6,0.2,0.8,0.4
death cab for cutie,cath...,0.0,1.0,0.6,0.2,1.0,0.0
modest mouse,3rd planet,0.0,0.8,0.4,0.8,0.4,0.0
kings of leon,my party,0.0,1.0,0.8,0.0,1.0,0.0
the velvet underground,all tomorrow's parties,0.0,0.6,0.8,0.8,0.4,0.0
tv on the radio,i was a lover,0.0,1.0,0.6,0.2,0.6,0.8
clap your hands say yeah,details of the war,0.0,0.6,0.4,0.4,0.8,0.2
massive attack,safe from harm,0.0,1.0,0.6,0.2,0.6,0.8
pj harvey,the devil,0.0,0.8,0.4,1.0,0.2,0.0
the kooks,i want you,0.0,0.8,0.6,0.4,0.8,0.0
neutral milk hotel,ghost,0.0,0.4,0.8,0.4,0.8,0.0
joy division,atrocity exhibition,0.0,0.8,0.8,0.4,1.0,0.0
joy division,warsaw,0.0,0.4,0.8,0.2,1.0,0.0
david bowie,let's dance,0.0,1.0,0.8,0.4,0.8,0.6
metric,calculation theme,0.0,1.0,0.4,0.2,0.8,0.6
air,napalm love,0.0,1.0,0.4,0.2,0.6,1.0
bon iver,blindsided,0.0,0.6,0.4,0.8,0.2,0.0
gang of four,damaged goods,0.0,0.6,0.8,0.2,1.0,0.0
nine inch nails,sunspots,0.0,1.0,0.8,0.2,0.6,0.8
the mars volta,roulette dares (the haunt of),0.0,1.0,1.0,0.2,1.0,0.4
broken social scene,ibi dreams of pavement (a better day),0.0,0.8,1.0,0.2,1.0,0.0
the libertines,music when the lights go out,0.0,0.6,0.4,0.8,0.4,0.0
metric,love is a place,0.0,0.8,0.4,0.0,0.4,0.8
keane,we might as well be strangers,0.0,1.0,0.4,0.6,0.2,0.4
fischerspooner,never win,0.0,1.0,0.8,0.0,0.4,1.0
boards of canada,satellite anthem icarus,0.0,1.0,0.4,0.4,0.2,1.0
daft punk,human after all,0.0,0.8,0.8,0.0,0.4,1.0
wolf parade,we built another world,0.0,0.8,0.8,0.2,0.8,0.4
nick drake,place to be,0.0,0.8,0.2,1.0,0.0,0.0
the beatles,girl,0.0,0.8,0.4,0.8,0.4,0.0
nine inch nails,my violent heart,0.0,1.0,0.8,0.0,0.4,1.0
the clash,clampdown,0.0,0.8,0.8,0.2,1.0,0.0
within temptation,ice queen,0.0,1.0,0.8,0.2,0.8,0.6
my bloody valentine,blown a wish,0.0,1.0,0.6,0.0,1.0,0.4
razorlight,in the morning,0.0,0.8,0.8,0.2,0.8,0.0
m83,don't save us from the flames,0.0,1.0,0.8,0.2,0.8,0.8
emily haines & the soft skeleton,doctor blind,0.0,0.8,0.2,0.8,0.4,0.2
clap your hands say yeah,heavy metal,0.0,0.6,0.6,0.2,0.8,0.4
duffy,rockferry,0.0,1.0,0.6,0.8,0.4,0.0
clap your hands say yeah,clap your hands!,0.2,0.4,0.6,0.8,0.2,0.0
gorillaz,el manana,0.0,1.0,0.4,0.6,0.4,0.6
beirut,un dernier verre (pour la route),0.0,0.8,0.4,1.0,0.2,0.0
yeah yeah yeahs,zero,0.0,1.0,0.8,0.0,0.6,0.8
belle and sebastian,judy and the dream of horses,0.0,0.8,0.4,0.8,0.4,0.0
bon iver,for emma,0.0,0.6,0.6,1.0,0.2,0.0
silversun pickups,rusted wheel,0.0,0.8,0.8,0.0,1.0,0.2
pulp,babies,0.0,0.8,0.6,0.2,0.8,0.4
the kills,cheap and cheerful,0.0,0.8,0.8,0.0,0.8,0.6
björk,earth intruders,0.0,1.0,0.8,0.4,0.2,1.0
my bloody valentine,i only said,0.0,1.0,0.8,0.0,1.0,0.2
the pipettes,pull shapes,0.0,1.0,0.6,0.4,0.8,0.2
morrissey,first of the gang to die,0.0,1.0,0.8,0.2,1.0,0.2
scissor sisters,i don't feel like dancin',0.0,1.0,0.8,0.4,0.6,0.8
lcd soundsystem,north american scum,0.0,1.0,0.8,0.2,0.6,0.8
madonna,future lovers,0.0,1.0,0.8,0.0,0.2,1.0
the velvet underground,pale blue eyes,0.0,0.8,0.2,0.4,0.8,0.0
pendulum,propane nightmares,0.0,1.0,1.0,0.2,0.6,1.0
röyksopp,follow my ruin,0.0,1.0,0.8,0.0,0.4,1.0
the go! team,junior kickstart,0.0,0.6,0.8,0.2,0.8,0.2
taking back sunday,makedamnsure,0.0,1.0,1.0,0.0,1.0,0.0
radiohead,dollars and cents,0.0,1.0,0.6,0.6,0.8,0.2
the chemical brothers,hey boy hey girl,0.0,1.0,1.0,0.0,0.2,1.0
rilo kiley,silver lining,0.0,1.0,0.6,0.4,0.8,0.2
nine inch nails,just like you imagined,0.0,1.0,0.8,0.4,0.6,0.8
bloc party,on,0.0,1.0,0.8,0.2,1.0,0.2
interpol,the scale,0.0,1.0,0.8,0.2,1.0,0.2
sublime,santeria,0.0,1.0,0.6,0.2,0.8,0.0
bloc party,sunday,0.0,1.0,0.6,0.2,1.0,0.2
bloc party,plans,0.0,1.0,0.6,0.2,1.0,0.2
alanis morissette,head over feet,0.0,1.0,0.4,0.8,0.4,0.0
my bloody valentine,loomer,0.0,1.0,0.6,0.2,1.0,0.2
the strokes,razorblade,0.0,0.8,0.6,0.0,1.0,0.0
portishead,deep water,0.0,0.4,0.2,1.0,0.0,0.0
the fratellis,creepin up the backstairs,0.0,0.8,0.8,0.2,1.0,0.0
simian mobile disco,hustler,0.0,1.0,0.8,0.0,0.0,1.0
cut copy,far away,0.0,1.0,0.8,0.0,0.6,1.0
bon iver,re: stacks,0.0,0.6,0.2,1.0,0.0,0.0
red hot chili peppers,hump de bump,0.0,1.0,0.8,0.4,1.0,0.0
metric,glass ceiling,0.0,0.8,0.8,0.2,0.8,0.2
abba,dancing queen,0.0,1.0,0.6,0.6,0.8,0.4
ratatat,falcon jab,0.0,1.0,0.8,0.0,0.8,0.8
in flames,cloud connected,0.0,1.0,1.0,0.0,1.0,0.4
frou frou,must be dreaming,0.0,1.0,0.6,0.2,0.4,1.0
belle and sebastian,seeing other people,0.0,0.6,0.4,0.6,0.6,0.0
kings of leon,pistol of fire,0.0,0.8,0.8,0.0,1.0,0.0
him,the funeral of hearts,0.0,1.0,0.8,0.2,1.0,0.4
gorillaz,tomorrow comes today,0.0,1.0,0.4,0.4,0.6,0.8
dredg,bug eyes,0.0,1.0,0.8,0.2,1.0,0.4
a perfect circle,sleeping beauty,0.0,1.0,0.6,0.0,1.0,0.2
franz ferdinand,what you meant,0.0,0.8,0.8,0.2,1.0,0.0
death from above 1979,turn it out,0.0,0.6,1.0,0.2,1.0,0.0
red hot chili peppers,charlie,0.0,1.0,0.8,0.2,1.0,0.0
porcupine tree,lazarus,0.0,1.0,0.4,0.6,0.6,0.4
neko case,that teenage feeling,0.0,1.0,0.4,0.8,0.4,0.0
fool's garden,lemon tree,0.0,1.0,0.4,0.8,0.4,0.2
the undertones,teenage kicks,0.0,0.6,0.8,0.0,1.0,0.0
death cab for cutie,grapevine fires,0.0,1.0,0.4,0.2,0.8,0.4
vampire weekend,walcott,0.0,0.8,0.6,0.6,0.8,0.2
maxïmo park,signal and sign,0.0,0.8,0.8,0.2,0.8,0.4
evanescence,everybody's fool,0.0,1.0,0.8,0.4,1.0,0.4
deep purple,highway star,0.0,0.8,1.0,0.0,1.0,0.0
elliott smith,bled white,0.0,0.8,0.6,0.4,0.8,0.2
broken social scene,hotel,0.0,0.8,0.6,0.4,0.8,0.4
panic at the disco,time to dance,0.0,1.0,0.8,0.2,0.8,0.4
jackson and his computer band,rock on,0.0,1.0,0.8,0.0,0.4,1.0
dj shadow,organ donor,0.0,0.8,0.6,0.2,0.8,0.2
jeff buckley,eternal life,0.0,1.0,1.0,0.0,1.0,0.0
creedence clearwater revisited,bad moon rising,1.0,0.8,0.8,0.2,1.0,0.0
massive attack,group four,0.0,1.0,0.8,0.0,0.8,0.8
slipknot,before i forget,0.0,1.0,1.0,0.0,1.0,0.2
lykke li,little bit,0.0,0.8,0.2,0.2,0.2,0.8
vampire weekend,bryn,0.0,0.8,0.4,0.4,0.8,0.0
air,surfing on a rocket,0.0,1.0,0.4,0.2,0.6,1.0
clap your hands say yeah,in this home on ice,0.0,0.6,0.6,0.2,0.8,0.2
blondie,atomic,0.0,1.0,0.8,0.2,0.8,0.4
wolf parade,it's a curse,0.0,0.8,0.8,0.2,0.8,0.4
kt tunstall,black horse and the cherry tree,0.0,1.0,0.6,0.8,0.4,0.0
red hot chili peppers,parallel universe,0.0,1.0,0.8,0.0,1.0,0.0
placebo,black-eyed,0.0,0.8,0.8,0.0,1.0,0.2
arcade fire,neighborhood #2 (laïka),0.0,0.8,0.8,0.4,0.8,0.2
death from above 1979,little girl,0.0,0.8,1.0,0.2,1.0,0.0
björk,it's oh so quiet,0.0,1.0,0.8,1.0,0.0,0.0
depeche mode,people are people,0.0,1.0,0.8,0.0,0.2,1.0
digitalism,zdarlight,0.0,1.0,0.8,0.0,0.0,1.0
pink floyd,the thin ice,0.0,1.0,0.6,0.6,0.6,0.2
portishead,magic doors,0.0,1.0,0.6,0.6,0.6,0.4
metric,iou,0.0,0.8,0.6,0.2,0.6,0.8
architecture in helsinki,imaginary ordinary,0.0,0.8,0.6,0.6,0.6,0.4
the who,won't get fooled again,0.0,1.0,1.0,0.0,1.0,0.6
joy division,colony,0.0,0.8,0.8,0.2,1.0,0.0
the national,racing like a pro,0.0,1.0,0.4,0.4,0.6,0.2
tokyo police club,nature of the experiment,0.0,0.8,0.8,0.0,1.0,0.0
franz ferdinand,lucid dreams,0.0,1.0,0.8,0.2,0.6,0.8
wilco,kamera,0.0,1.0,0.4,0.4,0.8,0.2
bob dylan,mr. tambourine man,0.0,0.8,0.4,0.8,0.2,0.0
gorillaz,intro,0.0,1.0,0.4,0.2,0.4,0.8
gossip,standing in the way of control,0.0,0.8,1.0,0.2,1.0,0.2
coldplay,twisted logic,0.0,1.0,0.8,0.2,0.8,0.4
röyksopp,someone like me,0.0,1.0,0.6,0.2,0.4,1.0
the knife,one for you,0.0,0.8,0.4,0.0,0.0,1.0
róisín murphy,overpowered,0.0,1.0,0.8,0.0,0.4,1.0
the subways,rock & roll queen,0.0,0.8,1.0,0.0,1.0,0.0
the knife,is it medicine,0.0,0.8,0.6,0.0,0.2,1.0
metric,patriarch on a vespa,0.0,0.8,0.6,0.2,1.0,0.2
silversun pickups,little lover's so polite,0.0,1.0,0.8,0.0,1.0,0.2
gorillaz,all alone,0.0,1.0,0.8,0.2,0.2,1.0
jeff buckley,dream brother,0.0,1.0,0.6,0.2,0.8,0.0
m.i.a.,bamboo banga,0.0,1.0,0.8,0.0,0.4,1.0
spiritualized,ladies and gentlemen we are floating in space,0.0,1.0,0.6,0.6,0.8,0.2
system of a down,question!,0.0,1.0,0.8,0.4,0.8,0.0
the cure,plainsong,0.0,1.0,0.8,0.2,0.8,0.8
the strokes,on the other side,0.0,0.8,0.6,0.0,1.0,0.0
nine inch nails,lights in the sky,0.0,1.0,0.2,0.8,0.0,0.2
the boy least likely to,be gentle with me,0.0,0.8,0.4,1.0,0.2,0.0
the strokes,the end has no end,0.0,0.8,0.8,0.2,1.0,0.0
iron maiden,2 minutes to midnight,0.0,1.0,1.0,0.0,1.0,0.0
black sabbath,war pigs,0.0,0.8,0.8,0.2,1.0,0.0
kings of leon,manhattan,0.0,1.0,0.4,0.2,1.0,0.0
system of a down,revenga,0.0,1.0,1.0,0.0,1.0,0.0
goldfrapp,fly me away,0.0,1.0,0.6,0.2,0.4,1.0
portishead,half day closing,0.0,1.0,0.4,0.6,0.4,0.6
the go! team,get it together,0.0,0.8,0.8,0.4,0.8,0.4
maxïmo park,limassol,0.0,0.8,0.8,0.2,1.0,0.0
david bowie,five years,0.0,0.8,0.8,0.4,0.8,0.0
nelly furtado,no hay igual,0.0,1.0,0.8,0.2,0.2,1.0
muse,screenager,0.0,0.8,0.4,0.6,0.4,0.2
sigur rós,ágætis byrjun,0.0,1.0,0.4,0.8,0.4,0.4
elliott smith,cupid's trick,0.0,0.6,0.8,0.2,0.8,0.0
elliott smith,everything means nothing to me,0.0,1.0,0.8,0.8,0.4,0.2
pixies,la la love you,0.0,1.0,0.4,0.2,1.0,0.0
u2,the unforgettable fire,0.0,1.0,0.6,0.2,0.8,0.6
pixies,i bleed,0.0,1.0,0.6,0.2,1.0,0.0
stars,elevator love letter,0.0,0.8,0.4,0.2,0.6,0.6
kings of leon,revelry,0.0,1.0,0.6,0.2,1.0,0.0
the whitest boy alive,burning,0.0,0.8,0.4,0.4,0.8,0.0
nine inch nails,love is not enough,0.0,1.0,0.8,0.0,1.0,0.6
the clash,white riot,0.0,0.4,1.0,0.2,1.0,0.0
editors,camera,0.0,0.8,0.6,0.2,0.8,0.2
the fratellis,for the girl,0.0,0.8,0.8,0.2,1.0,0.0
pixies,break my body,0.0,0.6,0.8,0.2,1.0,0.0
metric,empty,0.0,0.8,0.8,0.0,1.0,0.2
kate bush,wuthering heights,0.0,1.0,0.6,0.4,0.4,0.8
architecture in helsinki,the owls go,0.0,0.6,0.4,0.8,0.4,0.2
a perfect circle,the nurse who loved me,0.0,1.0,0.4,0.8,0.2,0.2
the white stripes,you don't know what love is (you just do as you're told),0.0,0.8,0.8,0.4,1.0,0.0
pearl jam,once,0.0,1.0,0.8,0.0,1.0,0.0
jimi hendrix,little wing,0.0,0.8,0.4,0.2,1.0,0.0
in flames,metaphor,0.0,1.0,0.6,0.6,0.6,0.2
animal collective,summertime clothes,0.0,1.0,0.8,0.2,0.4,1.0
the decemberists,yankee bayonet (i will be home then),0.0,1.0,0.4,0.8,0.4,0.0
kings of leon,crawl,0.0,1.0,0.8,0.2,1.0,0.0
blue öyster cult,(don't fear) the reaper,0.0,0.8,0.6,0.2,1.0,0.0
mogwai,we're no here,0.0,1.0,1.0,0.2,1.0,0.0
justin timberlake,futuresex/lovesound,0.0,1.0,0.8,0.0,0.4,1.0
kings of leon,true love way,0.0,0.8,0.6,0.2,1.0,0.0
scissor sisters,comfortably numb,0.0,1.0,0.8,0.0,0.2,1.0
aerosmith,i don't want to miss a thing,0.0,1.0,0.8,0.6,0.8,0.2
queen,you're my best friend,0.0,1.0,0.6,0.2,0.8,0.0
yo la tengo,autumn sweater,0.0,0.8,0.4,0.2,0.4,0.8
massive attack,what your soul sings,0.0,1.0,0.4,0.2,0.4,1.0
nine inch nails,right where it belongs,0.0,1.0,0.2,0.6,0.2,0.6
the kills,u.r.a. fever,0.0,0.8,0.4,0.0,0.8,0.6
fleet foxes,heard them stirring,0.0,1.0,0.4,1.0,0.0,0.0
bat for lashes,trophy,0.0,0.8,0.6,0.8,0.2,0.4
bob marley & the wailers,buffalo soldier,,,,,,
the clash,spanish bombs,0.0,0.8,0.6,0.2,1.0,0.0
red hot chili peppers,road trippin',0.0,1.0,0.4,1.0,0.0,0.0
ladytron,playgirl,0.0,0.8,0.6,0.0,0.2,1.0
mando diao,sheepdog,0.0,0.6,0.8,0.0,1.0,0.0
oasis,lyla,0.0,1.0,0.8,0.2,1.0,0.0
the clash,brand new cadillac,0.0,0.8,0.8,0.0,1.0,0.0
cut copy,midnight runner,0.0,1.0,0.8,0.0,0.2,1.0
britney spears,kill the lights,0.0,1.0,0.8,0.0,0.2,1.0
the libertines,what katie did,0.0,0.6,0.4,0.8,0.4,0.0
the clash,hateful,0.0,0.8,0.8,0.2,1.0,0.0
nine inch nails,the good soldier,0.0,1.0,0.8,0.0,0.6,1.0
pixies,caribou,0.0,0.6,0.8,0.0,1.0,0.0
foo fighters,my hero,0.0,1.0,0.8,0.0,1.0,0.0
broken social scene,almost crimes (radio kills remix),0.0,0.8,0.8,0.2,0.8,0.2
black rebel motorcycle club,too real,0.0,0.8,0.8,0.2,1.0,0.0
blur,there's no other way,0.0,0.8,0.6,0.2,1.0,0.2
modest mouse,gravity rides everything,0.0,0.8,0.4,0.2,0.8,0.2
blur,end of a century,0.0,0.8,0.4,0.4,0.8,0.2
bat for lashes,what's a girl to do?,0.0,0.8,0.6,0.4,0.4,0.8
onerepublic,apologize,0.0,1.0,0.6,0.6,0.4,0.4
tegan and sara,you wouldn't like me,0.0,0.8,0.6,0.2,0.8,0.2
camera obscura,let's get out of this country,0.0,1.0,0.6,0.4,0.8,0.2
queens of the stone age,tangled up in plaid,0.0,1.0,0.8,0.2,1.0,0.2
nine inch nails,heresy,0.0,1.0,0.8,0.0,0.6,1.0
disturbed,down with the sickness,0.0,1.0,1.0,0.2,1.0,0.0
phoenix,too young,0.0,1.0,0.6,0.2,0.8,0.4
iamx,president,0.0,1.0,0.8,0.2,0.6,1.0
kiss,detroit rock city,0.0,1.0,0.8,0.0,1.0,0.0
mogwai,kids will be skeletons,0.0,1.0,0.8,0.2,1.0,0.2
pink floyd,young lust,0.0,1.0,0.8,0.2,1.0,0.2
pink floyd,shine on you crazy diamond,0.0,1.0,0.6,0.2,0.8,0.6
patrick wolf,the gypsy king,0.0,0.8,0.6,0.8,0.2,0.2
the white stripes,dead leaves and the dirty ground,0.0,0.6,0.8,0.2,1.0,0.0
black rebel motorcycle club,gospel song,0.0,0.8,0.6,1.0,0.2,0.0
belle and sebastian,dear catastrophe waitress,0.0,1.0,0.4,0.6,0.6,0.2
the doors,l.a. woman,0.2,0.8,0.8,0.4,1.0,0.0
belle and sebastian,if you're feeling sinister,0.0,0.8,0.4,0.8,0.4,0.0
air,another day,0.0,1.0,0.4,0.4,0.6,0.8
grandaddy,the crystal lake,0.0,0.8,0.6,0.2,0.8,0.6
simple minds,don't you (forget about me),0.0,1.0,0.8,0.2,0.8,0.6
new order,crystal,0.0,1.0,0.8,0.2,1.0,0.4
queen,bicycle race,0.0,1.0,0.8,0.2,0.8,0.0
sigur rós,ný batterí,0.0,1.0,1.0,0.4,0.8,0.2
madonna,i love new york,0.0,1.0,0.8,0.0,0.6,0.8
clap your hands say yeah,blue turning gray,0.0,0.4,0.4,0.4,0.6,0.2
explosions in the sky,your hand in mine,0.0,1.0,0.8,0.2,1.0,0.0
the killers,losing touch,0.0,1.0,0.8,0.4,0.8,0.6
the strokes,meet me in the bathroom,0.0,0.8,0.8,0.2,1.0,0.0
nick drake,which will,0.0,0.8,0.2,1.0,0.0,0.0
cat power,good woman,0.0,0.8,0.2,1.0,0.2,0.0
the rakes,retreat,0.0,0.8,0.8,0.2,1.0,0.0
nancy sinatra,bang bang (my baby shot me down),0.0,0.8,0.2,0.2,0.8,0.0
broken social scene,windsurfing nation,0.0,0.8,0.8,0.2,1.0,0.4
the spinto band,oh mandy,0.0,0.8,0.6,0.4,0.8,0.2
kasabian,cutt off,0.0,1.0,0.8,0.2,0.8,0.4
jack johnson,no other way,0.0,1.0,0.4,0.8,0.4,0.0
the smiths,never had no one ever,0.0,0.8,0.4,0.2,1.0,0.0
kaiser chiefs,what did i ever give you?,0.0,0.8,0.6,0.2,0.8,0.2
the smiths,sheila take a bow,0.0,0.8,0.6,0.2,1.0,0.0
in flames,trigger,0.0,1.0,1.0,0.0,1.0,0.2
fujiya & miyagi,collarbone,0.0,0.8,0.4,0.2,0.8,0.6
animal collective,did you see the words,0.0,0.8,0.8,0.2,0.8,0.4
broken social scene,major label debut,0.0,0.6,0.2,0.8,0.4,0.2
modest mouse,fly trapped in a jar,0.0,1.0,0.8,0.2,1.0,0.2
dread zeppelin,misty mountain hop,0.0,0.8,0.6,0.2,0.8,0.2
depeche mode,halo,0.0,1.0,0.8,0.0,0.4,1.0
the futureheads,meantime,0.0,0.8,0.8,0.0,1.0,0.0
portishead,humming,0.0,1.0,0.6,0.6,0.4,0.8
ramones,i wanna be sedated,0.0,0.8,0.8,0.2,1.0,0.0
the beatles,drive my car,0.0,0.8,0.6,0.4,0.8,0.0
radiohead,thinking about you,0.0,0.8,0.4,0.8,0.2,0.0
boards of canada,turquoise hexagon sun,0.0,0.8,0.4,0.2,0.0,1.0
belle and sebastian,sukie in the graveyard,0.0,1.0,0.6,0.2,0.8,0.2
guns n' roses,civil war,0.0,1.0,0.8,0.6,0.8,0.0
david bowie,moonage daydream,0.0,0.8,0.8,0.2,1.0,0.0
the smashing pumpkins,eye,0.0,1.0,0.8,0.0,0.2,1.0
nine inch nails,letting you,0.0,1.0,1.0,0.0,0.8,1.0
tegan and sara,where does the good go,0.0,0.8,0.6,0.2,0.8,0.4
spoon,the underdog,0.0,1.0,0.8,0.8,0.4,0.0
mindless self indulgence,shut me up,0.0,0.8,1.0,0.2,0.8,1.0
cold war kids,we used to vacation,0.0,0.8,0.8,0.4,0.8,0.0
the killers,this is your life,0.0,1.0,0.6,0.2,0.6,0.8
guillemots,trains to brazil,0.0,1.0,0.8,0.8,0.4,0.2
cocorosie,terrible angels,0.0,0.6,0.4,0.6,0.2,0.4
new young pony club,get lucky,0.0,0.8,0.6,0.2,0.8,0.6
elliott smith,punch and judy,0.0,0.6,0.6,0.4,0.8,0.0
my bloody valentine,touched,0.0,0.8,0.4,0.4,0.2,0.8
muse,megalomania,0.0,1.0,0.8,0.8,0.4,0.2
the beatles,maxwell's silver hammer,0.0,1.0,0.4,0.4,0.8,0.4
björk,isobel,0.0,1.0,0.6,0.8,0.2,0.6
keane,your eyes open,0.0,1.0,0.6,0.4,0.6,0.4
tool,hooker with a penis,0.0,1.0,1.0,0.2,1.0,0.0
depeche mode,behind the wheel,0.0,1.0,0.8,0.0,0.2,1.0
the libertines,don't look back into the sun,0.0,0.8,0.8,0.2,1.0,0.0
pink floyd,welcome to the machine,0.0,1.0,0.8,0.4,0.4,1.0
gwen stefani,the sweet escape,0.0,1.0,0.6,0.2,0.4,0.8
mogwai,killing all the flies,0.0,1.0,0.8,0.2,0.8,0.6
!!!,heart of hearts,0.0,0.8,0.8,0.2,0.8,0.6
nine inch nails,god given,0.0,1.0,0.8,0.0,0.4,1.0
rammstein,keine lust,0.0,1.0,1.0,0.2,1.0,0.4
rage against the machine,wake up,0.0,0.8,1.0,0.2,1.0,0.0
franz ferdinand,send him away,0.0,1.0,0.6,0.2,1.0,0.4
cansei de ser sexy,patins,0.0,0.8,0.6,0.2,0.8,0.6
bon iver,creature fear,0.0,0.6,0.8,0.6,0.6,0.0
beastie boys,sabotage,0.0,0.8,1.0,0.2,1.0,0.0
pixies,mr. grieves,0.0,1.0,0.8,0.0,1.0,0.0
aqualung,strange and beautiful (i'll put a spell on you),0.0,1.0,0.4,0.6,0.2,0.6
david bowie,sound and vision,0.0,1.0,0.4,0.2,0.6,0.8
vampire weekend,m79,0.0,0.8,0.6,0.8,0.4,0.0
explosions in the sky,six days at the bottom of the ocean,0.0,1.0,0.8,0.4,1.0,0.0
i'm from barcelona,we're from barcelona,0.0,0.8,0.6,0.8,0.4,0.2
pearl jam,oceans,0.0,1.0,0.6,0.2,1.0,0.0
pixies,crackity jones,0.0,0.8,1.0,0.2,1.0,0.0
beck,lost cause,0.0,1.0,0.4,0.8,0.4,0.0
keane,leaving so soon?,0.0,1.0,0.6,0.6,0.4,0.6
the fray,she is,0.0,0.8,0.6,0.4,0.8,0.2
sonic youth,reena,0.0,1.0,0.6,0.0,1.0,0.0
belle and sebastian,the fox in the snow,0.0,0.8,0.2,1.0,0.2,0.0
bloc party,kreuzberg,0.0,1.0,0.4,0.2,0.8,0.4
m83,run into flowers,0.0,0.8,0.8,0.0,0.4,1.0
wilco,war on war,0.0,1.0,0.6,0.4,0.8,0.6
franz ferdinand,turn it on,0.0,1.0,0.8,0.2,0.8,0.4
modest mouse,black cadillacs,0.0,0.8,0.8,0.2,1.0,0.0
modest mouse,little motel,0.0,1.0,0.4,0.2,0.8,0.2
metric,the list,0.0,0.8,0.6,0.0,0.8,0.4
hot chip,boy from school,0.0,1.0,0.4,0.0,0.4,1.0
peter bjorn and john,amsterdam,0.0,0.8,0.6,0.2,0.8,0.0
cat power,free,0.0,0.8,0.6,0.2,0.8,0.2
franz ferdinand,outsiders,0.0,1.0,0.8,0.2,1.0,0.2
deftones,change (in the house of flies),0.0,1.0,0.6,0.0,1.0,0.4
the beatles,she's leaving home,0.0,1.0,0.4,1.0,0.0,0.0
dread zeppelin,celebration day,0.0,0.8,0.6,0.2,1.0,0.0
nightwish,amaranth,0.0,1.0,1.0,0.4,0.8,0.4
deftones,digital bath,0.0,1.0,0.8,0.2,1.0,0.4
hot hot heat,goodnight goodnight,0.0,1.0,0.8,0.2,0.8,0.6
broken social scene,finish your collapse and stay for breakfast,0.0,1.0,0.4,0.2,0.8,0.2
the clash,jimmy jazz,0.0,0.8,0.4,0.4,0.8,0.0
the beatles,dear prudence,0.0,1.0,0.6,0.4,0.8,0.0
linkin park,papercut,0.0,1.0,1.0,0.0,1.0,0.6
pendulum,slam,0.0,1.0,1.0,0.0,0.2,1.0
ratatat,loud pipes,0.0,1.0,0.8,0.0,0.8,0.8
gorillaz,don't get lost in heaven,0.0,1.0,0.4,0.8,0.2,0.4
anton maiden,the evil that men do,0.0,0.0,0.4,0.2,0.0,1.0
matchbox twenty,unwell,0.0,1.0,0.6,0.6,0.8,0.2
patrick wolf,accident & emergency,0.0,1.0,0.6,0.6,0.4,0.4
the velvet underground,run run run,0.0,0.6,0.8,0.2,1.0,0.0
sugababes,push the button,0.0,1.0,0.8,0.2,0.4,1.0
tegan and sara,hop a plane,0.0,1.0,0.8,0.2,0.8,0.2
the shins,the past and pending,0.0,0.6,0.2,0.8,0.4,0.2
u2,city of blinding lights,0.0,1.0,0.8,0.4,0.8,0.4
the white stripes,hotel yorba,0.2,0.6,0.6,0.8,0.4,0.0
disturbed,land of confusion,0.0,1.0,0.8,0.0,1.0,0.2
the killers,under the gun,0.0,0.8,0.8,0.2,0.8,0.6
alanis morissette,you oughta know,0.0,1.0,0.8,0.2,1.0,0.0
the magic numbers,forever lost,0.0,0.8,0.4,0.6,0.4,0.0
the moldy peaches,anyone else but you,0.0,0.2,0.2,1.0,0.0,0.0
wilco,you are my face,0.0,1.0,0.6,0.4,0.8,0.0
antony and the johnsons,what can i do?,0.0,0.8,0.4,1.0,0.2,0.0
rage against the machine,sleep now in the fire,0.0,1.0,1.0,0.2,1.0,0.0
chemistry,キミがいる,0.0,1.0,0.4,0.4,0.2,0.8
ratatat,nostrand,0.0,1.0,0.8,0.0,1.0,0.8
goldfrapp,lovely 2 c u,0.0,1.0,0.8,0.0,0.4,1.0
sigur rós,við spilum endalaust,0.0,1.0,0.8,0.4,0.8,0.2
animal collective,the purple bottle,0.0,0.8,0.8,0.4,0.8,0.2
queens of the stone age,the lost art of keeping a secret,0.0,1.0,0.6,0.0,1.0,0.2
yeah yeah yeahs,no no no,0.0,0.8,0.8,0.2,1.0,0.0
the goo goo dolls,black balloon,0.0,1.0,0.6,0.6,0.8,0.2
patrick wolf,bloodbeat,0.0,0.8,0.8,0.2,0.2,1.0
afi,kill caustic,0.0,1.0,1.0,0.0,1.0,0.2
belle and sebastian,me and the major,0.0,0.8,0.6,0.4,0.8,0.2
portishead,small,0.0,1.0,0.6,0.6,0.6,0.6
kings of convenience,toxic girl,0.0,0.8,0.2,1.0,0.2,0.0
stars,set yourself on fire,,,,,,
belle and sebastian,the boy with the arab strap,0.0,0.8,0.4,0.4,0.8,0.2
röyksopp,alpha male,0.0,1.0,0.8,0.0,0.0,1.0
fiona apple,paper bag,0.0,1.0,0.6,0.8,0.2,0.0
boards of canada,oscar see through red eye,0.0,0.8,0.6,0.2,0.6,0.8
nine inch nails,2 ghosts i,0.0,1.0,0.4,0.2,0.8,0.6
beirut,cherbourg,0.0,1.0,0.6,1.0,0.2,0.0
the kills,last day of magic,0.0,0.8,0.8,0.0,1.0,0.4
evanescence,sweet sacrifice,0.0,1.0,0.8,0.2,1.0,0.2
tool,eon blue apocalypse,0.0,1.0,0.4,0.0,1.0,0.0
fatboy slim,weapon of choice,0.0,1.0,0.8,0.2,0.6,0.8
architecture in helsinki,wishbone,0.0,0.8,0.6,0.6,0.4,0.4
morrissey,let me kiss you,0.0,1.0,0.6,0.2,0.8,0.2
gnarls barkley,st. elsewhere,0.0,1.0,0.6,0.2,0.6,0.8
the beatles,norwegian wood (this bird has flown),0.0,0.8,0.2,1.0,0.2,0.0
the beatles,you never give me your money,0.0,1.0,0.6,0.4,0.6,0.0
cat power,cross bones style,0.0,0.8,0.6,0.4,0.8,0.0
maroon 5,must get out,0.0,1.0,0.4,0.2,0.8,0.2
death cab for cutie,photobooth,0.0,0.8,0.6,0.2,0.8,0.0
new order,temptation,0.0,0.8,0.6,0.0,0.8,1.0
jason mraz,i'm yours,0.0,1.0,0.4,0.8,0.4,0.0
nick drake,road,0.0,0.8,0.2,1.0,0.0,0.0
tegan and sara,knife going in,0.0,1.0,0.6,0.2,0.8,0.6
sigur rós,avalon,0.0,1.0,0.2,0.2,0.0,0.8
black rebel motorcycle club,in like the rose,0.0,0.8,0.8,0.0,1.0,0.0
fleet foxes,sun it rises,0.0,0.8,0.6,1.0,0.2,0.0
damien rice,eskimo,0.0,0.8,0.6,1.0,0.2,0.0
kaiser chiefs,time honoured tradition,0.0,0.8,0.8,0.2,1.0,0.0
sigur rós,svo hljótt,0.0,1.0,0.6,0.8,0.4,0.2
rage against the machine,know your enemy,0.0,1.0,1.0,0.2,1.0,0.0
death cab for cutie,no sunlight,0.0,1.0,0.6,0.2,1.0,0.2
goldfrapp,a&e,0.0,1.0,0.4,0.8,0.4,0.4
the stooges,i wanna be your dog,0.0,0.6,0.8,0.4,1.0,0.0
imogen heap,clear the area,0.0,1.0,0.4,0.2,0.2,1.0
air,biological,0.0,1.0,0.4,0.4,0.2,1.0
the knife,the cop,0.0,0.8,0.4,0.0,0.2,1.0
sonic youth,superstar,0.0,0.8,0.6,0.0,1.0,0.0
tori amos,crucify,0.0,1.0,0.6,0.8,0.4,0.4
30 seconds to mars,attack,0.0,1.0,0.8,0.0,1.0,0.4
burial,[untitled],0.0,0.8,0.4,0.0,0.0,1.0
coldplay,lovers in japan / reign of love,0.0,1.0,0.6,0.6,0.6,0.4
jimmy eat world,hear you me,0.0,1.0,0.4,0.8,0.4,0.2
coldplay,everything's not lost,0.0,0.8,0.6,0.8,0.4,0.0
midnight juggernauts,shadows,0.0,0.8,0.8,0.2,0.4,1.0
tool,jimmy,0.0,1.0,0.8,0.0,1.0,0.0
the prodigy,spitfire,0.0,1.0,1.0,0.0,0.6,1.0
band of horses,monsters,0.0,0.8,0.4,0.8,0.4,0.0
muse,fillip,0.0,0.8,0.8,0.2,1.0,0.0
josé gonzález,lovestain,0.0,0.8,0.2,1.0,0.0,0.0
justice,stress,0.0,1.0,1.0,0.0,0.2,1.0
red hot chili peppers,stadium arcadium,0.0,1.0,0.6,0.2,1.0,0.2
shiny toy guns,you are the one,0.0,1.0,0.8,0.2,0.8,0.8
the fray,fall away,0.0,1.0,0.6,0.6,0.6,0.0
röyksopp,a higher place,0.0,1.0,0.4,0.0,0.2,1.0
fleet foxes,your protector,0.0,1.0,0.6,1.0,0.2,0.0
pearl jam,do the evolution,0.0,0.8,1.0,0.0,1.0,0.0
nine inch nails,the great below,0.0,1.0,0.4,0.2,0.6,0.8
the mars volta,televators,0.0,1.0,0.4,0.8,0.4,0.2
the walkmen,the rat,0.0,0.8,1.0,0.4,1.0,0.0
beirut,the bunker,0.0,0.8,0.4,0.8,0.4,0.4
nine inch nails,gave up,0.0,1.0,1.0,0.0,1.0,0.8
boards of canada,telephasic workshop,0.0,0.8,0.6,0.2,0.0,1.0
jackson and his computer band,utopia,0.0,1.0,0.8,0.0,0.2,1.0
system of a down,prison song,0.0,1.0,1.0,0.0,1.0,0.0
battles,ddiamondd,0.0,1.0,0.8,0.4,0.8,0.4
hard-fi,hard to beat,0.0,0.8,0.8,0.2,0.8,0.2
the decemberists,the sporting life,0.0,1.0,0.6,0.4,0.8,0.0
beirut,bratislava,0.0,0.6,0.6,1.0,0.2,0.0
the shins,pressed in a book,0.0,0.6,0.6,0.4,0.8,0.2
tori amos,winter,0.0,1.0,0.4,0.8,0.2,0.2
gogol bordello,start wearing purple,0.0,0.8,0.8,0.8,0.6,0.0
red hot chili peppers,slow cheetah,0.0,1.0,0.4,0.8,0.4,0.0
maxïmo park,the coast is always changing,0.0,0.8,0.8,0.2,1.0,0.2
the hives,tick tick boom,0.0,1.0,1.0,0.2,1.0,0.0
madonna,miles away,0.0,1.0,0.6,0.6,0.4,0.8
the velvet underground,rock and roll,0.0,0.8,0.6,0.2,1.0,0.0
the smiths,this night has opened my eyes,0.4,0.6,0.4,0.2,1.0,0.0
wolf parade,same ghost every night,0.0,0.8,0.6,0.4,0.8,0.6
boards of canada,an eagle in your mind,0.0,0.8,0.4,0.0,0.0,1.0
mika,big girl (you are beautiful),0.0,1.0,0.8,0.6,0.4,0.2
pixies,something against you,0.0,0.6,1.0,0.2,1.0,0.0
tegan and sara,take me anywhere,0.0,0.8,0.6,0.2,0.8,0.4
afi,affliction,0.0,0.6,1.0,0.0,1.0,0.0
system of a down,deer dance,0.0,1.0,1.0,0.2,1.0,0.0
timbaland,apologize (feat. one republic),0.0,1.0,0.6,0.4,0.2,0.8
elliott smith,waltz #2 (xo),0.0,1.0,0.6,0.8,0.4,0.0
afi,silver and cold,0.0,1.0,0.8,0.2,0.8,0.4
placebo,meds,0.0,0.8,0.8,0.2,1.0,0.2
pixies,velouria,0.0,0.8,0.6,0.0,1.0,0.2
placebo,sleeping with ghosts,0.0,1.0,0.6,0.2,0.8,0.4
girl talk,too deep,0.0,0.8,1.0,0.2,0.8,0.6
the dresden dolls,good day,0.0,0.8,0.8,1.0,0.0,0.0
metric,ending start,0.0,1.0,0.6,0.2,0.8,0.6
modest mouse,march into the sea,0.0,1.0,1.0,0.2,1.0,0.0
the boomtown rats,i don't like mondays,0.0,1.0,0.4,0.8,0.4,0.2
queens of the stone age,make it wit chu,0.0,1.0,0.4,0.2,1.0,0.2
the killers,all the pretty faces,0.0,0.8,0.8,0.0,1.0,0.2
thom yorke,and it rained all night,0.0,1.0,0.6,0.0,0.2,1.0
wilco,pot kettle black,0.0,1.0,0.6,0.4,0.8,0.4
system of a down,old school hollywood,0.0,1.0,0.8,0.0,0.8,0.8
garbage,queer,0.0,1.0,0.6,0.0,0.6,0.8
evanescence,imaginary,0.0,1.0,0.8,0.2,0.8,0.4
marilyn manson,rock is dead,0.0,1.0,1.0,0.0,1.0,0.4
the fray,heaven forbid,0.0,0.8,0.6,0.4,0.8,0.0
kasabian,running battle,0.0,0.8,0.6,0.2,0.8,0.6
interpol,specialist,0.0,0.8,0.8,0.2,1.0,0.0
imogen heap,i am in love with you,0.0,1.0,0.6,0.2,0.2,1.0
erasure,a little respect,0.0,1.0,0.6,0.4,0.2,1.0
m83,we own the sky,0.0,1.0,0.8,0.2,0.6,1.0
nirvana,sliver,0.0,0.6,0.8,0.0,1.0,0.0
the raconteurs,level,0.0,1.0,0.8,0.0,1.0,0.0
barry louis polisar,all i want is you,0.0,0.6,0.4,1.0,0.0,0.0
nouvelle vague,dance with me,0.0,1.0,0.2,0.8,0.2,0.0
nouvelle vague,i melt with you,0.0,1.0,0.2,0.8,0.2,0.0
pixies,vamos,0.0,0.8,0.8,0.0,1.0,0.0
the long blondes,giddy stratospheres,0.0,0.8,0.8,0.2,1.0,0.0
lily allen,shame for you,0.0,1.0,0.6,0.6,0.6,0.4
pink floyd,speak to me / breathe,0.0,1.0,0.4,0.4,0.8,0.6
joy division,heart and soul,0.0,0.8,0.6,0.2,1.0,0.2
the long blondes,lust in the movies,0.0,0.8,0.6,0.0,1.0,0.0
mylo,paris four hundred,0.0,1.0,0.8,0.0,0.2,1.0
rush,yyz,0.0,1.0,0.8,0.2,1.0,0.4
the kills,sour cherry,0.0,0.8,0.8,0.0,1.0,0.4
belle and sebastian,act of the apostle,0.0,1.0,0.4,0.4,0.6,0.2
boards of canada,ready lets go,0.0,0.8,0.4,0.0,0.2,1.0
cansei de ser sexy,fuckoff is not the only thing you have to show,0.0,0.6,0.6,0.2,0.8,0.4
nine inch nails,the warning,0.0,1.0,0.8,0.0,0.2,1.0
bonobo,intro,0.0,1.0,0.2,0.6,0.2,0.4
a perfect circle,passive,0.0,1.0,0.8,0.2,0.8,0.4
the killers,exitlude,0.0,1.0,0.4,0.6,0.2,0.2
black rebel motorcycle club,we're all in love,0.0,0.8,0.8,0.0,1.0,0.0
boards of canada,beware the friendly stranger,0.0,0.8,0.2,0.0,0.0,1.0
nine inch nails,the becoming,0.0,1.0,1.0,0.0,0.8,1.0
green day,when i come around,0.0,1.0,0.8,0.0,1.0,0.0
gorillaz,white light,0.0,1.0,1.0,0.0,0.6,1.0
timbaland,the way i are (feat. keri hilson & d.o.e.),0.0,1.0,0.8,0.0,0.2,1.0
madonna,let it will be,0.0,1.0,0.8,0.0,0.2,1.0
tenacious d,wonderboy,0.0,1.0,0.6,0.8,0.4,0.0
oasis,rock 'n' roll star,0.0,0.8,1.0,0.2,1.0,0.0
the national,all the wine,0.0,0.8,0.4,0.2,0.8,0.0
nouvelle vague,this is not a love song,0.0,1.0,0.2,1.0,0.2,0.0
the strokes,you talk way too much,0.0,0.8,0.8,0.2,1.0,0.0
the smiths,half a person,0.0,0.8,0.4,0.4,0.8,0.0
kasabian,me plus one,0.0,1.0,0.6,0.2,0.8,0.6
girl talk,smash your head,0.0,1.0,0.8,0.2,0.6,0.8
patrick wolf,magpie,0.0,1.0,0.2,1.0,0.0,0.0
modest mouse,the good times are killing me,0.0,0.8,0.6,0.2,0.8,0.2
nine inch nails,somewhat damaged,0.0,1.0,0.8,0.2,0.8,0.6
my chemical romance,i don't love you,0.0,1.0,0.8,0.2,1.0,0.0
modest mouse,a different city,0.0,0.8,0.8,0.2,1.0,0.2
alanis morissette,you learn,0.0,1.0,0.8,0.4,0.8,0.2
dread zeppelin,d'yer mak'er,0.0,0.8,0.4,0.2,0.8,0.2
elliott smith,independence day,0.0,1.0,0.6,0.4,0.8,0.0
editors,the racing rats,0.0,1.0,0.8,0.4,0.8,0.2
metric,live it out,0.0,0.8,0.6,0.2,0.8,0.2
nine inch nails,3 ghosts i,0.0,1.0,0.4,0.8,0.2,0.4
kanye west,good morning,0.0,1.0,0.6,0.2,0.4,0.8
stereophonics,have a nice day,0.0,1.0,0.6,0.4,0.8,0.0
a perfect circle,the package,0.0,1.0,0.8,0.2,1.0,0.2
black rebel motorcycle club,mercy,0.0,0.8,0.4,0.2,0.8,0.2
alice in chains,rooster,0.0,1.0,0.8,0.0,1.0,0.0
belle and sebastian,the state i am in,0.0,0.6,0.2,0.8,0.4,0.0
death cab for cutie,a movie script ending,0.0,0.8,0.4,0.2,0.8,0.0
the strokes,take it or leave it,0.0,0.6,0.8,0.2,1.0,0.0
rammstein,ich will,0.0,1.0,1.0,0.2,1.0,0.6
chemistry,wings of words (instrumental),0.0,1.0,0.8,0.4,0.8,0.4
counting crows,colorblind,0.0,1.0,0.2,1.0,0.0,0.0
the long blondes,once and never again,0.0,0.8,0.6,0.2,1.0,0.0
pendulum,the other side,0.0,1.0,1.0,0.0,0.6,1.0
architecture in helsinki,souvenirs,0.0,0.4,0.4,0.8,0.4,0.2
the white stripes,there's no home for you here,0.0,0.8,1.0,0.2,1.0,0.0
death from above 1979,going steady,0.0,0.6,1.0,0.2,1.0,0.0
gang of four,natural's not in it,0.0,0.8,0.8,0.2,1.0,0.0
bauhaus,she's in parties,0.0,0.8,0.6,0.4,0.8,0.2
fiona apple,shadowboxer,0.0,1.0,0.6,0.8,0.4,0.0
cut copy,so haunted,0.0,1.0,0.8,0.2,0.8,0.8
josé gonzález,deadweight on velveteen,0.0,0.8,0.2,1.0,0.0,0.0
rammstein,rosenrot,0.0,1.0,0.8,0.2,1.0,0.4
avril lavigne,when you're gone,0.0,1.0,0.6,0.6,0.4,0.2
we are scientists,it's a hit,0.0,0.8,0.8,0.0,1.0,0.0
the shins,a comet appears,0.0,1.0,0.2,0.8,0.2,0.0
dusty springfield,son of a preacher man,0.0,0.8,0.4,0.4,0.8,0.0
system of a down,needles,0.0,1.0,1.0,0.0,1.0,0.0
duffy,delayed devotion,0.0,1.0,0.6,0.6,0.6,0.0
cake,i will survive,0.0,0.8,0.6,0.4,0.8,0.0
nine inch nails,4 ghosts i,0.0,1.0,0.4,0.4,0.6,0.6
bauhaus,bela lugosi's dead,0.0,0.6,0.4,0.2,0.8,0.0
franz ferdinand,can't stop feeling,0.0,1.0,0.8,0.2,0.6,0.8
my chemical romance,dead!,0.0,1.0,1.0,0.0,1.0,0.0
the strokes,new york city cops,0.0,0.8,0.8,0.2,1.0,0.0
the decemberists,on the bus mall,0.0,0.8,0.4,0.8,0.4,0.0
mogwai,i know you are but what am i?,0.0,1.0,0.4,0.2,0.4,0.8
oasis,hey now!,0.0,1.0,0.8,0.2,1.0,0.0
frou frou,it's good to be in love,0.0,1.0,0.6,0.2,0.2,1.0
pink floyd,one of these days,0.0,0.8,0.8,0.2,1.0,0.4
annie,chewing gum,0.0,1.0,0.6,0.0,0.2,1.0
the libertines,last post on the bugle,0.0,0.6,0.8,0.2,1.0,0.0
pink floyd,empty spaces,0.0,1.0,0.6,0.2,0.8,0.6
pixies,nimrod's son,0.0,0.6,0.8,0.2,1.0,0.0
broken social scene,pitter patter goes my heart,0.0,0.8,0.6,0.4,0.8,0.2
animal collective,who could win a rabbit,0.0,0.6,0.8,0.8,0.2,0.2
my bloody valentine,come in alone,0.0,1.0,0.8,0.0,1.0,0.0
the velvet underground,after hours,0.0,0.6,0.2,1.0,0.0,0.0
the beatles,getting better,0.0,1.0,0.6,0.4,0.8,0.0
feist,tout doucement,0.0,1.0,0.2,0.8,0.4,0.2
sigur rós,góðan daginn,0.0,1.0,0.4,0.8,0.4,0.2
emily haines & the soft skeleton,our hell,0.0,0.8,0.4,0.8,0.2,0.2
of montreal,suffer for fashion,0.0,0.8,0.8,0.2,0.6,0.8
blonde redhead,spring and by summer fall,0.0,1.0,0.6,0.2,0.8,0.4
kings of leon,razz,0.0,0.8,0.8,0.2,1.0,0.0
iron & wine,carousel,0.0,1.0,0.2,0.8,0.2,0.2
johnny cash,personal jesus,0.0,1.0,0.4,0.8,0.4,0.0
art brut,my little brother,0.0,0.6,0.8,0.2,1.0,0.0
travis,flowers in the window,0.0,1.0,0.4,0.8,0.4,0.0
system of a down,lonely day,0.0,1.0,0.6,0.0,1.0,0.0
mika,my interpretation,0.0,1.0,0.6,0.8,0.4,0.2
mika,billy brown,0.0,1.0,0.6,0.8,0.4,0.2
the beatles,i'm so tired,0.0,0.8,0.6,0.4,0.8,0.0
the smiths,girl afraid,0.0,0.8,0.4,0.0,1.0,0.0
athlete,wires,0.0,1.0,0.6,0.6,0.6,0.2
beirut,the canals of our city,0.0,0.8,0.6,1.0,0.2,0.0
metallica,welcome home (sanitarium),0.0,1.0,0.8,0.2,1.0,0.0
the last shadow puppets,the age of the understatement,0.0,1.0,0.8,0.8,0.6,0.0
belle and sebastian,i'm a cuckoo,0.0,1.0,0.6,0.4,0.8,0.2
the feeling,sewn,0.0,1.0,0.6,0.2,0.8,0.2
crystal castles,good time,0.0,0.6,0.8,0.0,0.4,1.0
the hives,walk idiot walk,0.0,0.8,0.8,0.2,1.0,0.0
alice in chains,man in the box,0.0,0.8,1.0,0.0,1.0,0.0
the smiths,miserable lie,0.0,0.8,0.8,0.2,1.0,0.0
air,clouds up,0.0,1.0,0.2,0.2,0.2,1.0
weezer,in the garage,0.0,1.0,0.8,0.2,1.0,0.0
acceptance,so contagious,0.0,1.0,0.8,0.2,1.0,0.2
band of horses,the general specific,0.0,0.8,0.6,0.8,0.4,0.0
boards of canada,sunshine recorder,0.0,0.8,0.4,0.2,0.0,1.0
wolfmother,dimension,0.0,1.0,1.0,0.0,1.0,0.0
p!nk,so what,0.0,1.0,0.8,0.2,0.8,0.4
kings of leon,i want you,0.0,1.0,0.4,0.2,0.8,0.0
lily allen,take what you take,0.0,1.0,0.6,0.4,0.8,0.2
foals,electric bloom,0.0,0.8,0.8,0.2,0.8,0.4
crystal castles,xxzxcuzx me,0.0,0.4,1.0,0.0,0.0,1.0
iron & wine,each coming night,0.0,0.8,0.2,1.0,0.0,0.0
garbage,when i grow up,0.0,1.0,0.8,0.0,1.0,0.8
the beatles,she said she said,0.0,0.8,0.6,0.2,1.0,0.0
nouvelle vague,making plans for nigel,0.0,1.0,0.4,1.0,0.2,0.0
air,mer du japon,0.0,1.0,0.6,0.2,0.4,1.0
antony and the johnsons,spiralling,0.0,1.0,0.4,1.0,0.2,0.0
fleet foxes,meadowlarks,0.0,1.0,0.2,1.0,0.2,0.0
fleet foxes,blue ridge mountains,0.0,1.0,0.6,1.0,0.2,0.0
iamx,spit it out,0.0,1.0,0.8,0.0,0.4,1.0
the shins,your algebra,0.0,0.6,0.4,0.4,0.6,0.2
afi,the interview,0.0,1.0,0.6,0.2,0.8,0.6
cocteau twins,cherry-coloured funk,0.0,1.0,0.4,0.2,0.8,0.6
shiny toy guns,don't cry out,0.0,1.0,0.8,0.0,0.8,1.0
leonard cohen,suzanne,0.0,0.8,0.2,0.8,0.2,0.0
kings of convenience,i don't know what i can save you from,0.0,1.0,0.2,1.0,0.2,0.0
tenacious d,fuck her gently,0.0,1.0,0.2,1.0,0.0,0.0
joy division,i remember nothing,0.0,0.8,0.6,0.2,1.0,0.2
neko case,a widow's toast,0.0,1.0,0.2,0.8,0.2,0.0
the white stripes,little cream soda,0.0,0.8,1.0,0.2,1.0,0.0
spoon,don't make me a target,0.0,1.0,0.6,0.4,0.8,0.0
santogold,l.e.s. artistes,0.0,1.0,0.6,0.2,0.8,0.4
mew,apocalypso,0.0,1.0,0.8,0.2,0.8,0.4
the beatles,love you to,0.0,0.8,0.6,1.0,0.2,0.0
dread zeppelin,ramble on,0.0,0.8,0.4,0.2,0.8,0.0
manic street preachers,your love alone is not enough,0.0,1.0,0.8,0.2,1.0,0.2
the cure,let's go to bed,0.0,1.0,0.4,0.0,0.4,1.0
antony and the johnsons,bird gerhl,0.0,0.8,0.2,1.0,0.0,0.0
silversun pickups,future foe scenarios,0.0,1.0,0.8,0.2,1.0,0.2
metallica,seek & destroy,0.0,0.6,0.8,0.0,1.0,0.0
queen,seven seas of rhye,0.0,0.8,0.8,0.4,0.8,0.0
radiohead,motion picture soundtrack,0.0,1.0,0.2,0.6,0.0,0.4
patrick wolf,the bluebell,0.0,0.8,0.4,1.0,0.0,0.0
death from above 1979,cold war,0.0,1.0,1.0,0.0,1.0,0.2
groove armada,at the river,0.0,1.0,0.2,0.4,0.2,0.8
rammstein,sonne,0.0,1.0,1.0,0.0,1.0,0.4
john lennon,jealous guy,0.0,1.0,0.4,0.8,0.4,0.0
mogwai,team handed,0.0,1.0,0.8,0.2,1.0,0.4
iron & wine,radio war,0.0,1.0,0.2,1.0,0.0,0.0
kanye west,champion,0.0,1.0,0.8,0.2,0.8,0.6
daft punk,revolution 909,0.0,1.0,0.8,0.0,0.2,1.0
rilo kiley,does he love you?,0.0,0.8,0.6,0.6,0.6,0.2
fischerspooner,emerge,0.0,1.0,0.8,0.0,0.0,1.0
thom yorke,atoms for peace,0.0,1.0,0.4,0.2,0.0,1.0
the clash,train in vain,0.0,0.8,0.6,0.2,1.0,0.0
the decemberists,the infanta,0.0,0.8,0.8,0.8,0.4,0.0
duffy,serious,0.0,1.0,0.6,0.8,0.4,0.0
sonic youth,jams run free,0.0,0.8,0.6,0.0,1.0,0.0
avril lavigne,i'm with you,0.0,1.0,0.8,0.4,0.8,0.2
sufjan stevens,romulus,0.0,0.8,0.2,1.0,0.2,0.0
ladytron,blue jeans,0.0,0.8,0.4,0.0,0.2,1.0
pixies,river euphrates,0.0,0.6,0.8,0.2,1.0,0.0
garbage,androgyny,0.0,1.0,0.6,0.0,0.8,0.6
at the drive-in,one armed scissor,0.0,1.0,1.0,0.2,1.0,0.0
depeche mode,a question of lust,0.0,1.0,0.2,0.0,0.2,1.0
the clash,i fought the law,0.0,0.8,0.8,0.2,1.0,0.0
the who,i can't explain,0.0,0.8,0.8,0.0,1.0,0.0
the prodigy,omen,0.0,1.0,1.0,0.0,0.2,1.0
the beatles,from me to you,0.0,0.8,0.6,0.4,0.8,0.0
dire straits,brothers in arms,0.0,1.0,0.4,0.2,1.0,0.4
cassius,toop toop,0.0,0.8,0.8,0.0,0.8,0.8
nine inch nails,echoplex,0.0,1.0,0.8,0.0,0.6,1.0
the smiths,last night i dreamt that somebody loved me,0.0,1.0,0.8,0.4,0.8,0.0
the white stripes,we're going to be friends,0.0,0.8,0.2,1.0,0.0,0.0
elliott smith,waltz #1,0.0,0.8,0.2,0.4,0.8,0.4
evanescence,haunted,0.0,1.0,0.8,0.2,0.8,0.4
groove armada,my friend,0.0,1.0,0.6,0.2,0.4,0.8
pulp,mis-shapes,0.0,1.0,0.6,0.2,0.8,0.4
snow patrol,whatever's left,0.0,0.8,0.6,0.2,0.8,0.0
the raconteurs,intimate secretary,0.0,0.8,0.8,0.2,1.0,0.0
martha wainwright,bloody mother fucking asshole,,,,,,
chemistry,wings of words,0.0,1.0,0.6,0.2,0.6,0.6
tool,reflection,0.0,1.0,0.8,0.4,1.0,0.4
moloko,the time is now,0.0,1.0,0.8,0.8,0.4,0.4
yo la tengo,sugarcube,0.0,0.8,0.8,0.2,1.0,0.0
zero 7,somersault,0.0,1.0,0.4,0.6,0.4,0.6
tegan and sara,burn your life down,0.0,1.0,0.4,0.8,0.4,0.2
cat power,speak for me,0.0,0.8,0.4,0.8,0.2,0.0
massive attack,live with me,0.0,1.0,0.6,0.6,0.4,0.4
blondie,sunday girl,0.0,1.0,0.6,0.2,0.8,0.2
clap your hands say yeah,upon this tidal wave of young blood,0.0,0.6,0.8,0.2,0.8,0.2
the beatles,fixing a hole,0.0,1.0,0.6,0.6,0.6,0.0
sigur rós,festival,0.0,1.0,0.8,0.4,0.8,0.2
katatonia,leaders,0.0,1.0,0.8,0.0,1.0,0.2
afi,kiss and control,0.0,1.0,0.8,0.0,0.8,0.6
matchbox twenty,bright lights,0.0,1.0,0.6,0.6,0.6,0.0
the new pornographers,the jessica numbers,0.0,1.0,0.8,0.2,1.0,0.4
elliott smith,let's get lost,0.0,0.6,0.4,0.8,0.4,0.0
tool,mantra,0.0,0.8,0.2,0.0,0.2,1.0
evanescence,my last breath,0.0,1.0,0.8,0.2,0.8,0.4
nirvana,territorial pissings,0.0,0.8,1.0,0.2,1.0,0.0
múm,sleep/swim,0.0,0.8,0.2,0.2,0.0,1.0
tegan and sara,are you ten years ago,0.0,1.0,0.8,0.2,1.0,0.2
nico,these days,0.0,0.8,0.2,1.0,0.0,0.0
death cab for cutie,bixby canyon bridge,0.0,1.0,0.8,0.2,1.0,0.2
rage against the machine,take the power back,0.0,1.0,1.0,0.2,1.0,0.0
arctic monkeys,old yellow bricks,0.0,1.0,0.8,0.0,1.0,0.0
architecture in helsinki,maybe you can owe me,0.0,0.8,0.4,0.8,0.4,0.2
the cult,she sells sanctuary,0.0,1.0,0.8,0.2,1.0,0.2
anna nalick,breathe (2 am),0.0,1.0,0.4,0.6,0.4,0.0
ratatat,shempi,0.0,1.0,0.8,0.0,0.8,0.8
maxïmo park,our velocity,0.0,1.0,0.8,0.4,1.0,0.2
dj shadow,building steam with a grain of salt,0.0,1.0,0.6,0.6,0.4,0.4
nine inch nails,head down,0.0,1.0,0.8,0.2,0.6,0.8
system of a down,atwa,0.0,1.0,0.6,0.0,1.0,0.0
britney spears,unusual you,0.0,1.0,0.4,0.0,0.2,1.0
doves,black and white town,0.0,0.8,0.8,0.4,1.0,0.2
james blunt,wisemen,0.0,1.0,0.6,0.6,0.6,0.2
black rebel motorcycle club,sympathetic noose,0.0,0.8,0.4,1.0,0.2,0.0
iron & wine,lion's mane,0.0,0.4,0.2,1.0,0.0,0.0
p!nk,stupid girls,0.0,1.0,0.8,0.2,0.8,0.6
placebo,commercial for levi,0.0,0.8,0.8,0.0,1.0,0.2
franz ferdinand,twilight omens,0.0,1.0,0.6,0.2,0.6,0.8
foo fighters,doa,0.0,1.0,1.0,0.0,1.0,0.0
the rolling stones,you can't always get what you want,0.0,0.8,0.8,0.6,0.8,0.0
bob dylan,all along the watchtower,0.0,0.8,0.4,0.8,0.4,0.0
the decemberists,the mariner's revenge song,0.0,0.8,0.6,1.0,0.2,0.0
audioslave,revelations,0.0,1.0,0.8,0.0,1.0,0.0
alanis morissette,hand in my pocket,0.0,1.0,0.6,0.6,0.4,0.0
thom yorke,cymbal rush,0.0,1.0,0.6,0.4,0.2,1.0
kaiser chiefs,the angry mob,0.0,1.0,0.8,0.2,0.8,0.2
regina spektor,edit,0.0,0.8,0.4,0.6,0.2,0.2
damien rice,rootless tree,0.0,0.8,0.8,0.6,0.6,0.0
the libertines,arbeit macht frei,0.0,0.6,0.8,0.0,1.0,0.0
josé gonzález,stay in the shade,0.0,0.8,0.2,1.0,0.0,0.0
zero 7,give it away,0.0,1.0,0.4,0.4,0.6,0.8
elliott smith,everything reminds me of her,0.0,0.8,0.2,1.0,0.2,0.0
black rebel motorcycle club,cold wind,0.0,0.8,0.8,0.2,1.0,0.0
lily allen,friend of mine,0.0,0.8,0.4,0.6,0.4,0.4
radiohead,2 + 2 = 5 (the lukewarm.),0.0,1.0,0.8,0.2,1.0,0.2
jimmy eat world,work,0.0,1.0,0.8,0.2,1.0,0.2
nirvana,lounge act,0.0,1.0,0.8,0.2,1.0,0.0
tegan and sara,speak slow,0.0,0.8,0.8,0.0,1.0,0.2
silversun pickups,melatonin,0.0,0.8,0.6,0.0,1.0,0.2
digitalism,idealistic,0.0,1.0,1.0,0.0,0.2,1.0
regina spektor,poor little rich boy,0.2,0.8,0.4,1.0,0.0,0.0
björk,play dead,0.0,1.0,0.8,0.8,0.4,0.6
air,left bank,0.0,1.0,0.4,0.4,0.4,0.8
queen,a kind of magic,0.0,1.0,0.8,0.2,0.8,0.6
head automatica,beating heart baby,0.0,1.0,0.8,0.2,0.8,0.4
girl talk,once again,0.0,1.0,1.0,0.0,0.8,1.0
bright eyes,poison oak,0.0,0.8,0.4,0.8,0.2,0.0
snow patrol,gleaming auction,0.0,1.0,0.8,0.2,1.0,0.2
mogwai,folk death 95,0.0,1.0,0.8,0.2,1.0,0.4
kings of convenience,cayman islands,0.0,1.0,0.2,1.0,0.2,0.0
metallica,the thing that should not be,0.0,0.8,1.0,0.2,1.0,0.0
animal collective,peacebone,0.0,0.8,0.8,0.2,0.4,0.8
röyksopp,49 percent,0.0,1.0,0.6,0.0,0.2,1.0
keane,she has no time,0.0,1.0,0.4,0.8,0.0,0.4
red hot chili peppers,desecration smile,0.0,1.0,0.4,0.6,0.4,0.0
amorphis,house of sleep,0.0,1.0,0.8,0.0,1.0,0.4
phoenix,long distance call,0.0,0.8,0.6,0.4,0.8,0.2
the offspring,the kids aren't alright,0.0,1.0,1.0,0.2,1.0,0.0
sufjan stevens,the seer's tower,0.0,1.0,0.2,0.8,0.2,0.0
hooverphonic,mad about you,0.0,1.0,0.6,0.8,0.4,0.4
mazzy star,into dust,0.0,0.8,0.2,1.0,0.2,0.0
nightwish,wish i had an angel,0.0,1.0,1.0,0.4,0.8,0.4
feist,sea lion woman,0.0,0.8,0.8,0.4,0.8,0.0
the kills,tape song,0.0,0.8,0.6,0.0,0.8,0.6
girl talk,shut the club down,0.0,1.0,1.0,0.2,0.8,0.8
the killers,where the white boys dance,0.0,1.0,0.6,0.2,1.0,0.4
the gathering,saturnine,0.0,1.0,0.6,0.2,0.8,0.4
modest mouse,paper thin walls,0.0,0.8,0.8,0.2,1.0,0.2
the killers,i can't stay,0.0,1.0,0.6,0.6,0.4,0.6
the smiths,shakespeare's sister,0.0,0.8,0.8,0.2,1.0,0.0
cat power,could we,0.0,1.0,0.4,0.4,0.8,0.0
rage against the machine,bullet in the head,0.0,1.0,1.0,0.2,1.0,0.0
joy division,leaders of men,0.0,0.4,0.6,0.2,0.8,0.0
cocorosie,good friday,0.0,0.4,0.2,0.8,0.2,0.2
snow patrol,wow,0.0,1.0,0.8,0.2,0.8,0.2
kimya dawson,loose lips,0.0,0.4,0.4,1.0,0.0,0.0
beck,qué onda guero,0.0,1.0,0.8,0.2,0.6,0.8
anton maiden,hallowed be thy name,0.0,0.2,0.6,0.0,0.0,1.0
beck,cellphone's dead,0.0,1.0,0.6,0.2,0.4,1.0
the fray,hundred,0.0,1.0,0.4,0.8,0.4,0.0
nouvelle vague,the killing moon,0.0,0.8,0.4,0.8,0.2,0.0
sufjan stevens,they are night zombies!! they are neighbors!! they have come back from the dead!! ahhhh!,0.0,1.0,0.6,1.0,0.2,0.0
bat for lashes,prescilla,0.0,0.8,0.6,0.6,0.4,0.4
adam green,jessica,0.0,0.8,0.4,1.0,0.2,0.0
my bloody valentine,what you want,0.0,1.0,1.0,0.2,1.0,0.2
the killers,a dustland fairytale,0.0,1.0,0.6,0.4,0.8,0.6
dirty pretty things,deadwood,0.0,0.8,0.8,0.2,1.0,0.0
dire straits,romeo and juliet,0.0,1.0,0.4,0.6,0.8,0.0
pj harvey,this is love,0.0,1.0,0.8,0.0,1.0,0.0
röyksopp,she's so,0.0,1.0,0.6,0.2,0.4,1.0
jack johnson,crying shame,0.0,1.0,0.6,0.8,0.4,0.0
tv on the radio,province,0.0,1.0,0.8,0.2,0.8,0.6
the ting tings,fruit machine,0.0,1.0,0.8,0.2,0.8,0.4
keane,can't stop now,0.0,1.0,0.6,0.4,0.8,0.4
modest mouse,perfect disguise,0.0,0.8,0.4,0.8,0.4,0.0
bloc party,compliments,0.0,0.8,0.4,0.2,0.8,0.6
blonde redhead,publisher,0.0,1.0,0.4,0.6,0.6,0.2
the ting tings,be the one,0.0,1.0,0.4,0.0,0.6,0.8
pearl jam,better man,0.0,0.8,0.6,0.2,0.8,0.0
crystal castles,1991,0.0,0.6,0.2,0.0,0.0,1.0
pink floyd,in the flesh,0.0,1.0,1.0,0.4,1.0,0.4
röyksopp,happy up here,0.0,1.0,0.6,0.0,0.2,1.0
britney spears,mannequin,0.0,1.0,0.8,0.0,0.2,1.0
broken social scene,handjobs for the holidays,0.0,0.8,0.4,0.2,0.6,0.6
m83,teen angst,0.0,1.0,0.8,0.2,0.6,0.8
cat power,sea of love,0.0,0.6,0.2,0.8,0.2,0.0
elliott smith,tomorrow tomorrow,0.0,1.0,0.6,0.8,0.4,0.0
radiohead,there there. (the boney king of nowhere.),0.0,1.0,0.8,0.2,0.8,0.2
blonde redhead,sw,0.0,1.0,0.6,0.2,0.8,0.6
the 69 eyes,lost boys,0.0,1.0,0.8,0.0,1.0,0.2
new young pony club,hiding on the staircase,0.0,1.0,0.8,0.2,0.6,0.8
incubus,stellar,0.0,1.0,0.8,0.2,1.0,0.4
the subways,oh yeah,0.0,0.8,1.0,0.2,1.0,0.0
nine inch nails,6 ghosts i,0.0,1.0,0.4,0.2,0.6,0.8
foals,heavy water,0.0,0.8,0.8,0.2,1.0,0.0
ryan adams,wonderwall,0.0,1.0,0.4,1.0,0.2,0.0
rage against the machine,testify,0.0,1.0,1.0,0.0,1.0,0.0
radiohead,(nice dream),0.0,1.0,0.4,0.4,0.8,0.2
wilco,poor places,0.0,1.0,0.8,0.4,0.8,0.4
lcd soundsystem,get innocuous!,0.0,1.0,0.8,0.2,0.4,1.0
islands,rough gem,0.0,0.8,0.6,0.4,0.8,0.2
battles,tonto,0.0,1.0,0.8,0.4,1.0,0.4
wilco,either way,0.0,1.0,0.4,0.4,0.8,0.0
system of a down,radio/video,0.0,1.0,0.8,0.0,1.0,0.0
oasis,falling down,0.0,1.0,0.8,0.2,0.8,0.6
the smiths,handsome devil,0.2,0.6,0.8,0.0,1.0,0.0
cocorosie,noah's ark,0.0,0.4,0.4,0.8,0.2,0.2
the go! team,bottle rocket,0.0,0.6,0.8,0.4,0.8,0.4
elliott smith,a fond farewell,0.0,0.8,0.4,0.4,0.8,0.0
the dresden dolls,my alcoholic friends,0.0,1.0,0.8,1.0,0.2,0.0
the prodigy,invaders must die,0.0,1.0,1.0,0.0,0.4,1.0
nick drake,river man,0.0,1.0,0.2,1.0,0.0,0.0
the kinks,waterloo sunset,0.0,0.8,0.4,0.4,0.8,0.0
zz top,legs,0.0,1.0,0.8,0.0,0.8,0.8
röyksopp,the girl and the robot,0.0,1.0,0.8,0.0,0.2,1.0
zero 7,i have seen,0.0,1.0,0.4,0.4,0.6,0.8
guns n' roses,knockin' on heaven's door,0.0,1.0,0.8,0.2,1.0,0.2
guns n' roses,my michelle,0.0,0.8,1.0,0.0,1.0,0.0
modest mouse,dark center of the universe,0.0,0.8,0.8,0.2,0.8,0.4
jack johnson,breakdown,0.0,1.0,0.2,1.0,0.2,0.0
jamiroquai,love foolosophy,0.0,1.0,0.6,0.2,0.8,0.6
sufjan stevens,come on! feel the illinoise!!,0.0,1.0,0.6,0.8,0.4,0.2
dread zeppelin,what is and what should never be,0.0,0.6,0.4,0.2,0.8,0.0
system of a down,violent pornography,0.0,1.0,1.0,0.0,1.0,0.0
spoon,i summon you,0.0,1.0,0.4,0.8,0.4,0.0
depeche mode,master and servant,0.0,1.0,0.8,0.0,0.2,1.0
black kids,hurricane jane,0.0,1.0,0.6,0.2,0.8,0.6
the gathering,my electricity,0.0,1.0,0.4,0.2,0.8,0.6
porcupine tree,shallow,0.0,1.0,0.8,0.2,1.0,0.2
band of horses,st. augustine,0.0,0.8,0.4,0.8,0.2,0.0
girl talk,hold up,0.0,0.8,1.0,0.2,0.6,0.8
new young pony club,the bomb,0.0,1.0,0.8,0.2,0.8,0.8
tegan and sara,nineteen,0.0,1.0,0.6,0.2,0.8,0.4
beck,hell yes,0.0,1.0,0.8,0.2,0.4,1.0
marilyn manson,tourniquet,0.0,1.0,1.0,0.2,0.8,0.6
of montreal,heimdalsgate like a promethean curse,0.0,1.0,0.8,0.0,0.6,1.0
the new pornographers,the bones of an idol,0.0,1.0,0.4,0.8,0.4,0.0
the knife,you make me like charity,0.0,1.0,0.6,0.2,0.2,1.0
the white stripes,bone broke,0.0,0.8,0.8,0.2,1.0,0.0
the new pornographers,sing me spanish techno,0.0,1.0,0.8,0.2,1.0,0.4
madonna,how high,0.0,1.0,0.8,0.0,0.0,1.0
elliott smith,king's crossing,0.0,0.8,0.8,0.2,0.8,0.4
cold war kids,hospital beds,0.0,0.8,0.8,0.4,0.8,0.0
mylo,muscle cars,0.0,1.0,0.8,0.0,0.2,1.0
lou reed,satellite of love,0.0,1.0,0.4,0.6,0.6,0.0
kanye west,good life (feat. t-pain),0.0,1.0,0.6,0.0,0.2,1.0
boards of canada,the color of the fire,0.0,0.6,0.2,0.0,0.0,1.0
the stone roses,fools gold,0.0,1.0,0.6,0.2,0.8,0.2
moby,honey,0.0,1.0,0.8,0.2,0.4,1.0
jamiroquai,seven days in sunny june,0.0,1.0,0.4,0.4,0.8,0.2
steps pistols,holidays in the sun,0.0,0.8,1.0,0.0,1.0,0.0
kasabian,test transmission,0.0,1.0,0.6,0.2,0.8,0.8
portishead,undenied,0.0,1.0,0.4,0.4,0.8,0.6
josé gonzález,hints,0.0,0.8,0.2,1.0,0.0,0.0
josé gonzález,all you deliver,0.0,0.8,0.2,1.0,0.0,0.0
black rebel motorcycle club,head up high,0.0,0.8,0.8,0.2,1.0,0.2
opeth,in my time of need,0.0,1.0,0.4,0.6,0.4,0.6
scorpions,still loving you,0.0,1.0,0.8,0.2,1.0,0.0
rage against the machine,calm like a bomb,0.0,1.0,1.0,0.2,1.0,0.0
ramones,beat on the brat,0.0,0.6,0.8,0.2,1.0,0.0
in flames,reflect the storm,0.0,0.8,1.0,0.0,1.0,0.0
him,buried alive by love,0.0,1.0,0.8,0.2,1.0,0.2
jem,24,0.0,1.0,0.6,0.4,0.2,0.8
rihanna,umbrella,0.0,1.0,0.8,0.0,0.2,1.0
marilyn manson,the dope show,0.0,1.0,0.8,0.2,0.8,0.6
nouvelle vague,guns of brixton,0.0,0.8,0.2,0.8,0.2,0.0
placebo,the crawl,0.0,0.8,0.8,0.2,1.0,0.2
dashboard confessional,again i go unnoticed,0.0,0.8,0.6,0.8,0.4,0.0
belle and sebastian,song for sunshine,0.0,1.0,0.4,0.2,0.8,0.4
faith no more,midlife crisis,0.0,1.0,0.8,0.2,0.8,0.4
the go! team,air raid gtr,0.0,0.6,0.8,0.2,1.0,0.2
iggy pop,nightclubbing,0.0,0.8,0.4,0.2,0.6,0.8
grizzly bear,knife,0.0,1.0,0.6,0.4,0.8,0.2
the dandy warhols,get off,0.0,1.0,0.8,0.2,1.0,0.4
30 seconds to mars,the fantasy,0.0,1.0,0.8,0.2,1.0,0.4
brian eno,fullness of wind,0.0,0.8,0.2,1.0,0.0,0.0
architecture in helsinki,like a call,0.0,0.8,0.6,0.4,0.6,0.4
kimya dawson,tire swing,0.0,0.6,0.2,1.0,0.0,0.0
the shins,gone for good,0.0,0.8,0.4,0.6,0.6,0.0
timbaland,give it to me (feat. nelly furtado & justin timberlake),0.0,1.0,0.8,0.0,0.2,1.0
morrissey,the youngest was the most loved,0.0,1.0,0.6,0.4,0.8,0.0
tv on the radio,halfway home,0.0,1.0,0.8,0.2,0.8,0.6
the dandy warhols,sleep,0.0,1.0,0.4,0.2,0.8,0.4
elliott smith,amity,0.0,0.8,0.8,0.2,1.0,0.0
iron & wine,house by the sea,0.0,1.0,0.6,0.8,0.4,0.2
the decemberists,from my own true love (lost at sea),0.0,0.8,0.2,0.8,0.2,0.0
boards of canada,sherbet head,0.0,0.8,0.4,0.2,0.4,1.0
santogold,you'll find a way,0.0,1.0,0.8,0.0,0.6,1.0
a perfect circle,a stranger,0.0,1.0,0.4,0.2,0.8,0.2
primal scream,country girl,0.0,0.8,0.8,0.2,1.0,0.0
killswitch engage,the end of heartache,0.0,1.0,1.0,0.2,1.0,0.0
norah jones,turn me on,0.0,1.0,0.2,0.8,0.4,0.0
zero 7,simple things,0.0,1.0,0.4,0.4,0.6,0.8
bon iver,team,0.0,1.0,0.6,0.4,0.6,0.8
queens of the stone age,first it giveth,0.0,1.0,0.8,0.0,1.0,0.0
iron & wine,bird stealing bread,0.0,0.4,0.2,1.0,0.0,0.0
cocorosie,rainbowarriors,0.0,0.8,0.4,0.4,0.2,0.8
editors,the weight of the world,0.0,1.0,0.6,0.2,0.8,0.4
deftones,hole in the earth,0.0,1.0,0.8,0.2,1.0,0.4
the smiths,the queen is dead,0.0,0.8,0.8,0.2,1.0,0.0
editors,someone says,0.0,0.8,0.6,0.0,1.0,0.2
wilco,sky blue sky,0.0,1.0,0.4,0.6,0.6,0.0
the duke spirit,cuts across the land,0.0,0.8,0.8,0.2,1.0,0.0
the prodigy,warrior's dance,0.0,1.0,1.0,0.2,0.2,1.0
aesop rock,daylight,0.0,0.8,0.6,0.2,0.4,0.8
system of a down,this cocaine makes me feel like i'm on this song,0.0,1.0,1.0,0.0,1.0,0.0
the raconteurs,store bought bones,0.0,0.8,0.8,0.2,1.0,0.0
ratatat,mirando,0.0,1.0,0.8,0.0,0.6,1.0
neko case,margaret vs. pauline,0.0,1.0,0.4,0.8,0.4,0.0
madonna,isaac,0.0,1.0,0.8,0.4,0.2,1.0
new young pony club,the get go,0.0,1.0,0.6,0.0,0.6,0.8
yann tiersen,à quai,0.0,0.8,0.4,1.0,0.0,0.0
the libertines,narcissist,0.0,0.8,0.8,0.2,1.0,0.0
nina simone,feeling good,0.0,0.8,0.8,1.0,0.0,0.0
queen,under pressure,0.0,1.0,0.8,0.2,0.8,0.0
muse,uno,0.0,0.8,0.8,0.2,1.0,0.0
manu chao,bongo bong,0.0,0.6,0.4,0.8,0.4,0.2
air,mayfair song,0.0,1.0,0.4,0.2,0.6,1.0
the decemberists,when the war came,0.0,1.0,0.8,0.2,1.0,0.2
zero 7,red dust,0.0,1.0,0.4,0.4,0.6,0.8
the smashing pumpkins,mayonaise,0.0,1.0,0.8,0.2,1.0,0.0
wolfmother,colossal,0.0,0.8,1.0,0.0,1.0,0.0
the smiths,sweet and tender hooligan,0.0,0.8,0.8,0.2,1.0,0.0
interpol,the lighthouse,0.0,1.0,0.2,0.0,1.0,0.0
nine inch nails,vessel,0.0,1.0,0.8,0.0,0.2,1.0
anton maiden,can i play with madness,0.0,0.2,0.6,0.0,0.0,1.0
kanye west,flashing lights,0.0,1.0,0.6,0.2,0.4,1.0
hercules and love affair,blind,0.0,1.0,0.6,0.2,0.4,1.0
burial,endorphin,0.0,0.8,0.4,0.2,0.2,1.0
nouvelle vogue,just can't get enough,0.0,1.0,0.4,1.0,0.2,0.0
fiona apple,love ridden,0.0,1.0,0.4,1.0,0.0,0.0
the who,i can see for miles,0.0,0.8,0.8,0.0,1.0,0.0
metallica,all nightmare long,0.0,0.6,1.0,0.0,1.0,0.0
manic street preachers,motorcycle emptiness,0.0,0.8,0.6,0.2,1.0,0.0
jack johnson,do you remember,0.0,1.0,0.2,1.0,0.0,0.0
stars,the big fight,0.0,1.0,0.4,0.2,0.6,0.6
duffy,i'm scared,0.0,1.0,0.4,0.8,0.4,0.0
duffy,hanging on too long,0.0,1.0,0.6,0.6,0.4,0.0
radiohead,hunting bears,0.0,0.8,0.2,0.0,1.0,0.0
incubus,nice to know you,0.0,1.0,0.8,0.2,1.0,0.2
cocorosie,werewolf,0.0,0.8,0.4,0.8,0.2,0.4
modest mouse,wild packs of family dogs,0.0,0.6,0.2,0.8,0.2,0.0
secret machines,nowhere again,0.0,1.0,0.8,0.2,0.8,0.4
audioslave,exploder,0.0,1.0,0.8,0.2,1.0,0.0
nine inch nails,9 ghosts i,0.0,1.0,0.6,0.2,0.6,0.8
annie,heartbeat,0.0,1.0,0.4,0.0,0.2,1.0
nine inch nails,5 ghosts i,0.0,1.0,0.6,0.2,0.4,1.0
the strokes,electricityscape,0.0,1.0,0.8,0.2,1.0,0.0
franz ferdinand,what she came for,0.0,1.0,0.8,0.2,1.0,0.4
foals,big big love (fig. 2),0.0,1.0,0.8,0.2,0.8,0.4
katatonia,soil's song,0.0,1.0,0.8,0.2,1.0,0.2
franz ferdinand,bite hard,0.0,1.0,0.8,0.0,1.0,0.4
sufjan stevens,all the trees of the field will clap their hands,0.0,0.8,0.2,0.8,0.2,0.0
my chemical romance,the sharpest lives,0.0,1.0,0.8,0.2,1.0,0.0
dredg,ode to the sun,0.0,1.0,0.8,0.2,1.0,0.2
feist,intuition,0.0,1.0,0.2,0.8,0.2,0.0
feist,now at last,0.0,1.0,0.2,1.0,0.2,0.0
kanye west,gold digger (feat. jamie foxx),0.0,1.0,0.8,0.2,0.2,0.8
frou frou,psychobabble,0.0,1.0,0.6,0.2,0.4,1.0
belle and sebastian,we are the sleepyheads,0.0,1.0,0.6,0.2,0.8,0.2
neko case,john saw that number,0.0,1.0,0.6,0.4,0.6,0.0
bloc party,where is home?,0.0,1.0,0.8,0.2,1.0,0.2
bloc party,mercury,0.0,1.0,0.8,0.0,0.2,1.0
broken social scene,love and mathematics,0.0,0.8,0.4,0.2,0.8,0.4
guns n' roses,it's so easy,0.0,0.8,1.0,0.0,1.0,0.0
bloc party,flux,0.0,1.0,0.8,0.0,0.2,1.0
modest mouse,tiny cities made of ashes,0.0,0.8,0.8,0.2,1.0,0.2
red hot chili peppers,suck my kiss,0.0,1.0,1.0,0.2,1.0,0.0
abba,take a chance on me,0.0,1.0,0.6,0.2,0.8,0.6
iron & wine,white tooth man,0.0,1.0,0.6,0.8,0.4,0.2
the smiths,rusholme ruffians,0.0,0.8,0.6,0.2,1.0,0.0
depeche mode,shake the disease,0.0,1.0,0.6,0.0,0.2,1.0
moby,south side,0.0,1.0,0.6,0.0,0.4,0.8
kate nash,pumpkin soup,0.0,0.8,0.8,0.4,0.6,0.2
the smashing pumpkins,tarantula,0.0,1.0,1.0,0.0,1.0,0.2
franz ferdinand,live alone,0.0,1.0,0.6,0.2,0.6,0.8
the doors,soul kitchen,0.0,0.8,0.6,0.2,1.0,0.0
nouvelle vague,ever fallen in love,0.0,1.0,0.4,1.0,0.2,0.0
bright eyes,another travelin' song,0.0,0.8,0.8,0.6,0.6,0.0
the cure,killing an arab,,,,,,
ramones,judy is a punk,0.0,0.6,0.8,0.2,1.0,0.0
rage against the machine,bombtrack,0.0,1.0,1.0,0.2,1.0,0.0
the velvet underground,the black angel's death song,0.0,0.4,0.8,0.2,0.8,0.0
dead kennedys,kill the poor,0.0,0.6,0.8,0.0,1.0,0.0
elliott smith,clementine,0.0,0.4,0.2,1.0,0.0,0.0
jimi hendrix,foxy lady,0.0,0.8,0.8,0.2,1.0,0.0
the dresden dolls,gravity,0.0,0.8,0.8,0.8,0.2,0.0
the libertines,up the bracket,0.0,0.6,0.8,0.0,1.0,0.0
mogwai,emergency trap,0.0,1.0,0.4,0.4,0.6,0.6
camera obscura,tears for affairs,0.0,0.8,0.4,0.6,0.8,0.2
incubus,pardon me,0.0,1.0,0.8,0.0,1.0,0.2
travis,closer,0.0,1.0,0.4,0.2,0.8,0.2
soundgarden,fell on black days,0.0,1.0,0.8,0.0,1.0,0.0
boards of canada,1969,0.0,0.8,0.4,0.2,0.0,1.0
the bravery,fearless,0.0,1.0,0.6,0.2,0.8,0.6
josé gonzález,slow moves,0.0,0.8,0.2,1.0,0.0,0.0
the mars volta,son et lumiere,0.0,1.0,0.4,0.2,0.8,0.4
feeder,buck rogers,0.0,1.0,0.8,0.0,1.0,0.0
the dresden dolls,bad habit,0.0,0.8,0.8,1.0,0.2,0.0
the goo goo dolls,name,0.0,1.0,0.4,0.8,0.4,0.0
röyksopp,40 years back / come,0.0,1.0,0.4,0.0,0.0,1.0
jimi hendrix,crosstown traffic,0.0,0.8,0.8,0.2,1.0,0.0
echo & the bunnymen,the cutter,0.0,1.0,0.8,0.4,0.8,0.2
regina spektor,20 years of snow,0.0,1.0,0.6,1.0,0.0,0.0
babyshambles,killamangiro,0.0,0.4,0.8,0.2,1.0,0.0
fiona apple,fast as you can,0.0,1.0,0.8,0.6,0.4,0.2
iron & wine,cinder and smoke,0.0,0.8,0.2,1.0,0.2,0.0
the white stripes,300 m.p.h. torrential outpour blues,0.0,0.8,0.8,0.4,0.8,0.0
red hot chili peppers,wet sand,0.0,1.0,0.8,0.2,1.0,0.0
system of a down,bounce,0.0,1.0,1.0,0.0,1.0,0.0
maxïmo park,kiss you better,0.0,0.8,0.8,0.0,1.0,0.0
the smiths,i started something i couldn't finish,0.0,1.0,0.8,0.2,1.0,0.0
emily haines & the soft skeleton,crowd surf off a cliff,0.0,1.0,0.2,1.0,0.0,0.0
the flaming lips,one more robot / sympathy 3000-21,0.0,1.0,0.4,0.2,0.6,1.0
we are scientists,lousy reputation,0.0,0.8,0.8,0.2,1.0,0.0
pantera,fucking hostile,0.0,1.0,1.0,0.0,1.0,0.0
bob dylan,knockin' on heaven's door,0.0,0.8,0.4,0.8,0.4,0.0
the libertines,death on the stairs,0.0,0.6,0.8,0.0,1.0,0.0
frou frou,hear me out,0.0,1.0,0.4,0.4,0.4,1.0
kanye west,i wonder,0.0,1.0,0.6,0.2,0.4,0.8
pixies,cactus,0.0,0.8,0.6,0.0,1.0,0.0
lily allen,not fair,0.0,1.0,0.6,0.8,0.4,0.4
fiona apple,never is a promise,0.0,1.0,0.4,1.0,0.2,0.0
soilwork,nerve,0.0,1.0,1.0,0.0,1.0,0.4
regina spektor,apres moi,0.0,1.0,0.8,0.8,0.4,0.0
burial,etched headplate,0.0,0.6,0.4,0.0,0.0,1.0
the white stripes,forever for her (is over for me),0.0,0.8,0.4,0.8,0.4,0.0
blonde redhead,the dress,0.0,1.0,0.6,0.2,0.8,0.6
kings of leon,wasted time,0.0,0.6,0.8,0.2,1.0,0.0
keane,the lovers are losing,0.0,1.0,0.8,0.2,0.6,0.8
snow patrol,headlights on dark roads,0.0,1.0,0.6,0.2,0.8,0.2
van halen,ain't talkin' 'bout love,0.0,1.0,0.8,0.0,1.0,0.0
metallica,of wolf and man,0.0,1.0,1.0,0.2,1.0,0.0
the killers,joy ride,0.0,1.0,0.8,0.4,0.8,0.6
black rebel motorcycle club,salvation,0.0,0.8,0.4,0.8,0.2,0.0
the decemberists,the crane wife 1 & 2,0.0,1.0,0.6,0.6,0.6,0.2
digitalism,i want i want,0.0,1.0,1.0,0.0,0.2,1.0
the smiths,please please please let me get what i want,0.0,0.8,0.2,0.8,0.2,0.0
jack johnson,situations,0.0,1.0,0.2,1.0,0.0,0.0
jack johnson,if i could,0.0,0.8,0.4,0.8,0.2,0.0
incubus,aqueous transmission,0.0,1.0,0.2,1.0,0.2,0.2
of montreal,wraith pinned to the mist and other games,0.0,0.8,0.4,0.2,0.4,1.0
björk,crying,0.0,0.8,0.6,0.2,0.4,0.8
lcd soundsystem,time to get away,0.0,1.0,0.6,0.2,0.8,0.4
system of a down,lost in hollywood,0.0,1.0,0.8,0.0,1.0,0.0
the flaming lips,in the morning of the magicians,0.0,1.0,0.6,0.4,0.8,0.8
hot chip,one pure thought,0.0,1.0,0.6,0.0,0.6,0.8
led zeppelin,friends,0.0,0.8,0.6,1.0,0.0,0.0
iron & wine,fever dream,0.0,0.4,0.2,1.0,0.2,0.0
zero 7,home,0.0,1.0,0.4,0.8,0.4,0.6
rammstein,amerika,0.0,1.0,1.0,0.2,1.0,0.6
blonde redhead,elephant woman,0.0,1.0,0.4,0.6,0.6,0.2
kings of leon,17,0.0,1.0,0.8,0.2,1.0,0.0
rammstein,mein herz brennt,0.0,1.0,1.0,0.4,1.0,0.4
animal collective,fireworks,0.0,0.8,0.8,0.2,0.6,0.8
snow patrol,somewhere a clock is ticking,0.0,0.8,0.8,0.4,0.8,0.2
burial,ghost hardware,0.0,0.8,0.6,0.0,0.0,1.0
the national,lit up,0.0,0.8,0.8,0.2,1.0,0.0
colin hay,i just don't think i'll ever get over you,0.0,1.0,0.2,1.0,0.0,0.0
soilwork,distortion sleep,0.0,1.0,1.0,0.0,1.0,0.4
regina spektor,carbon monoxide,0.0,0.8,0.6,0.8,0.4,0.0
the pogues,fairytale of new york,0.0,0.8,0.6,0.8,0.4,0.0
oasis,stand by me,0.0,1.0,0.8,0.4,0.8,0.2
burial,near dark,0.0,0.6,0.6,0.0,0.0,1.0
beck,modern guilt,0.0,1.0,0.6,0.2,0.8,0.4
björk,unravel,0.0,1.0,0.2,0.0,0.0,1.0
alice in chains,down in a hole,0.0,1.0,0.6,0.4,0.8,0.0
neko case,maybe sparrow,0.0,1.0,0.6,0.4,0.8,0.0
the dresden dolls,dirty business,0.0,0.8,0.8,0.8,0.2,0.0
black rebel motorcycle club,whatever happened to my rock 'n' roll (punk song),0.0,0.6,1.0,0.0,1.0,0.0
m83,kim & jessie,0.0,1.0,0.8,0.0,0.4,1.0
rufus wainwright,cigarettes and chocolate milk,0.0,1.0,0.4,0.8,0.4,0.2
mylo,valley of the dolls,0.0,1.0,0.6,0.0,0.2,1.0
the strokes,i can't win,0.0,0.8,0.6,0.0,1.0,0.0
roxy music,more than this,0.0,1.0,0.4,0.2,0.8,0.6
depeche mode,blasphemous rumours,0.0,1.0,0.6,0.0,0.2,1.0
frou frou,shh,0.0,1.0,0.6,0.2,0.2,1.0
röyksopp,röyksopp's night out,0.0,1.0,0.6,0.4,0.2,0.8
the kills,the good ones,0.0,0.6,0.8,0.0,1.0,0.4
onerepublic,say (all i need),0.0,1.0,0.8,0.4,0.8,0.4
nine inch nails,corona radiata,0.0,1.0,0.8,0.0,0.4,1.0
jamiroquai,cosmic girl,0.0,1.0,0.6,0.2,0.8,0.6
jack's mannequin,the mixed tape,0.0,1.0,0.8,0.4,0.8,0.2
brand new,the quiet things that no one ever knows,0.0,0.8,0.8,0.2,1.0,0.0
metric,on a slow night,0.0,0.8,0.4,0.2,0.8,0.4
the postal service,against all odds,0.0,1.0,0.4,0.0,0.2,1.0
aretha franklin,respect,0.0,0.8,0.8,0.6,0.8,0.0
metallica,that was just your life,0.0,0.8,1.0,0.0,1.0,0.0
nelly furtado,try,0.0,1.0,0.6,0.8,0.4,0.2
björk,hyperballad,0.0,1.0,0.6,0.2,0.2,1.0
the unicorns,i was born (a unicorn),0.0,0.6,0.6,0.2,0.8,0.4
faithless,mass destruction,0.0,1.0,0.8,0.2,0.4,0.8
ramones,sheena is a punk rocker,0.0,0.8,0.8,0.2,1.0,0.0
the beatles,don't let me down,0.0,0.8,0.8,0.2,1.0,0.0
joy division,twenty four hours,0.0,0.8,0.8,0.2,1.0,0.0
the beatles,the long and winding road,0.0,1.0,0.4,1.0,0.2,0.0
zero 7,warm sound,0.0,1.0,0.4,0.4,0.6,0.8
led zeppelin,that's the way,0.0,0.8,0.4,1.0,0.2,0.0
elliott smith,junk bond trader,0.0,1.0,0.6,0.4,0.8,0.0
elliott smith,southern belle,0.0,0.6,0.6,0.8,0.2,0.0
u2,stuck in a moment you can't get out of,0.0,1.0,0.6,0.4,0.8,0.2
blonde redhead,top ranking,0.0,1.0,0.6,0.2,0.8,0.4
yann tiersen,pas si simple,0.0,0.8,0.4,1.0,0.2,0.0
the beatles,lovely rita,0.0,1.0,0.6,0.4,0.8,0.0
nine inch nails,mr. self destruct,0.0,1.0,1.0,0.0,0.8,1.0
the turtles,happy together,0.0,0.8,0.6,0.4,0.8,0.0
tenacious d,classico,0.0,1.0,0.4,1.0,0.0,0.0
johnny cash,the man comes around,0.0,1.0,0.6,0.8,0.4,0.0
queens of the stone age,gonna leave you,0.0,1.0,0.8,0.0,1.0,0.0
tapes 'n tapes,insistor,0.0,0.6,0.8,0.2,1.0,0.0
the decemberists,the island: come and see / the landlord's daughter / you'll not feel the drowning,0.0,1.0,0.6,0.4,0.8,0.4
boards of canada,kaini industries,0.0,0.8,0.4,0.0,0.2,1.0
death cab for cutie,long division,0.0,1.0,0.6,0.2,1.0,0.2
metric,grow up and blow away,0.0,1.0,0.4,0.0,0.4,0.8
battles,race : in,0.0,1.0,0.8,0.2,0.8,0.6
roxy music,virginia plain,0.0,0.8,0.6,0.4,0.8,0.4
vast,touched,0.0,1.0,0.6,0.2,0.6,0.8
radiohead,anyone can play guitar,0.0,0.8,0.8,0.2,1.0,0.0
animal collective,in the flowers,0.0,1.0,0.8,0.2,0.2,1.0
rammstein,mein teil,0.0,1.0,1.0,0.2,1.0,0.4
u2,until the end of the world,0.0,1.0,0.8,0.0,1.0,0.2
anathema,are you there?,0.0,1.0,0.4,0.6,0.4,0.6
mando diao,you can't steal my love,0.0,0.8,0.8,0.8,0.6,0.0
silversun pickups,dream at tempo 119,0.0,0.8,0.8,0.0,1.0,0.2
porcupine tree,lips of ashes,0.0,1.0,0.4,0.2,0.6,0.8
interpol,heinrich maneuver,0.0,1.0,0.8,0.2,1.0,0.0
the sounds,tony the beat,0.0,1.0,0.8,0.2,0.6,0.8
explosions in the sky,memorial,0.0,0.8,0.8,0.2,1.0,0.0
blonde redhead,silently,0.0,1.0,0.6,0.2,0.8,0.4
jem,come on closer,0.0,1.0,0.4,0.4,0.4,0.8
death cab for cutie,you can do better than me,0.0,1.0,0.4,0.4,0.8,0.0
him,the sacrament,0.0,1.0,0.8,0.2,0.8,0.4
nada surf,always love,0.0,1.0,0.6,0.2,0.8,0.0
the strokes,when it started,0.0,0.6,0.6,0.2,1.0,0.0
yeah yeah yeahs,heads will roll,0.0,1.0,0.8,0.2,0.6,0.8
fiona apple,get gone,0.0,1.0,0.6,0.8,0.4,0.2
boards of canada,dandelion,0.0,0.6,0.2,0.0,0.2,1.0
phantom planet,california,0.0,1.0,0.6,0.2,0.8,0.0
belle and sebastian,sleep the clock around,0.0,0.8,0.6,0.4,0.6,0.6
morcheeba,the sea,0.0,1.0,0.4,0.4,0.6,0.6
we are scientists,can't lose,0.0,0.8,0.8,0.0,1.0,0.0
within temptation,angels,0.0,1.0,0.8,0.4,0.8,0.4
boards of canada,ataronchronon,0.0,1.0,0.4,0.0,0.4,1.0
tv on the radio,playhouses,0.0,0.8,0.8,0.2,0.8,0.6
system of a down,spiders,0.0,0.8,0.8,0.2,1.0,0.4
lady sovereign,love me or hate me,0.0,1.0,0.8,0.0,0.2,1.0
led zeppelin,all my love,0.0,1.0,0.6,0.2,0.4,0.8
spoon,the ghost of you lingers,0.0,0.8,0.4,0.8,0.0,0.0
system of a down,jet pilot,0.0,1.0,1.0,0.2,1.0,0.0
ladytron,high rise,0.0,1.0,0.8,0.2,0.8,1.0
cake,the distance,0.0,0.8,0.6,0.4,0.8,0.0
metallica,blackened,0.0,0.8,1.0,0.2,1.0,0.0
afi,the missing frame,0.0,1.0,0.8,0.0,0.8,0.4
goldfrapp,you never know,0.0,1.0,0.8,0.0,0.2,1.0
oasis,cigarettes & alcohol,0.0,0.8,1.0,0.2,1.0,0.0
kings of convenience,homesick,0.0,1.0,0.2,1.0,0.0,0.0
kings of leon,joe's head,0.0,0.6,0.8,0.2,1.0,0.0
electric six,danger! high voltage,0.0,1.0,0.8,0.2,0.8,0.6
nirvana,on a plain,0.0,1.0,0.8,0.0,1.0,0.0
black sabbath,children of the grave,0.0,0.8,0.8,0.2,1.0,0.0
katatonia,criminals,0.0,0.8,0.8,0.0,1.0,0.4
queen,who wants to live forever,0.0,1.0,0.8,0.6,0.4,0.4
the chemical brothers,galvanize,0.0,1.0,0.8,0.4,0.0,1.0
metric,soft rock star,0.0,0.8,0.4,0.2,0.4,0.8
santogold,say aha,0.0,1.0,0.6,0.2,0.8,0.6
sonic youth,kool thing,0.0,0.8,0.8,0.2,1.0,0.0
in flames,pinball map,0.0,0.8,1.0,0.2,1.0,0.0
modest mouse,doin' the cockroach,0.0,0.4,0.8,0.2,1.0,0.0
the killers,the world we live in,0.0,1.0,0.8,0.2,0.6,0.8
in flames,leeches,0.0,0.8,1.0,0.0,1.0,0.2
placebo,bulletproof cupid,0.0,0.8,1.0,0.2,1.0,0.0
placebo,i know,0.0,0.8,0.8,0.2,1.0,0.2
my chemical romance,this is how i disappear,0.0,1.0,1.0,0.0,1.0,0.2
nine inch nails,hyperpower!,0.0,1.0,1.0,0.2,0.8,0.8
goldfrapp,happiness,0.0,1.0,0.6,0.6,0.4,0.4
cold war kids,tell me in the morning,0.0,0.6,0.6,0.2,0.8,0.0
muse,cave,0.0,0.8,0.8,0.2,1.0,0.0
massive attack,future proof,0.0,1.0,0.6,0.0,0.4,1.0
band of horses,ode to lrc,0.0,0.8,0.6,0.2,0.8,0.0
tool,ænema,0.0,1.0,1.0,0.2,1.0,0.2
björk,one day,0.0,1.0,0.4,0.2,0.2,1.0
the hives,main offender,0.0,0.8,1.0,0.2,1.0,0.0
elliott smith,stupidity tries,0.0,1.0,0.6,0.4,0.8,0.0
jackson and his computer band,arpeggio,0.0,1.0,0.8,0.0,0.2,1.0
black rebel motorcycle club,am i only,0.0,0.8,0.8,0.2,1.0,0.2
dj shadow,what does your soul look like? (part 4),0.0,1.0,0.4,0.6,0.4,0.2
a perfect circle,rose,0.0,1.0,0.8,0.0,1.0,0.2
radiohead,pulk/pull revolving doors,0.0,1.0,0.8,0.0,0.2,1.0
iron & wine,on your wings,0.0,0.8,0.2,0.8,0.2,0.0
sonic youth,do you believe in rapture?,0.0,0.8,0.2,0.2,1.0,0.0
queens of the stone age,monsters in the parasol,0.0,0.8,0.8,0.0,1.0,0.2
queens of the stone age,this lullaby,0.0,0.8,0.2,1.0,0.0,0.0
rilo kiley,breakin' up,0.0,1.0,0.6,0.2,0.8,0.4
blur,to the end,0.0,1.0,0.4,0.8,0.4,0.0
nine inch nails,you know what you are?,0.0,1.0,1.0,0.2,1.0,0.6
garbage,supervixen,0.0,1.0,0.8,0.2,1.0,0.6
maxïmo park,the night i lost my head,0.0,0.8,0.8,0.2,1.0,0.2
!!!,myth takes,0.0,0.8,0.8,0.2,0.8,0.4
opeth,harvest,0.0,1.0,0.4,0.8,0.4,0.2
mastodon,blood and thunder,0.0,0.8,1.0,0.2,1.0,0.0
guns n' roses,you're crazy,0.0,1.0,1.0,0.0,1.0,0.0
cut copy,going nowhere,0.0,0.8,0.6,0.0,0.6,1.0
battles,leyendecker,0.0,1.0,0.8,0.2,0.4,1.0
crystal castles,crimewave,0.0,0.6,0.8,0.0,0.2,1.0
the raconteurs,together,0.0,0.8,0.4,0.8,0.4,0.0
weezer,surf wax america,0.0,1.0,0.8,0.2,1.0,0.0
sigur rós,ára bátur,0.0,1.0,0.8,1.0,0.2,0.0
death from above 1979,pull out,0.0,0.6,1.0,0.2,1.0,0.0
hot chip,and i was a boy from school,0.0,0.8,0.6,0.0,0.4,1.0
jimi hendrix,the wind cries mary,0.0,0.8,0.4,0.2,1.0,0.0
the libertines,boys in the band,0.0,0.6,0.8,0.0,1.0,0.0
hot chip,colours,0.0,0.8,0.4,0.0,0.4,1.0
tegan and sara,i was married,0.0,1.0,0.4,0.2,0.8,0.2
gorillaz,19-2000,0.0,1.0,0.4,0.2,0.4,1.0
queens of the stone age,3's & 7's,0.0,1.0,0.8,0.2,1.0,0.0
jack johnson,staple it together,0.0,1.0,0.4,0.8,0.4,0.0
björk,come to me,0.0,1.0,0.2,0.2,0.2,1.0
andrew bird,fake palindromes,0.0,0.8,0.8,0.4,0.8,0.0
tool,prison sex,0.0,0.8,0.8,0.2,1.0,0.0
gnarls barkley,just a thought,0.0,1.0,0.8,0.2,0.8,0.4
kings of leon,the runner,0.0,1.0,0.8,0.2,1.0,0.2
sigur rós,staralfur,0.0,1.0,0.4,0.8,0.4,0.2
foo fighters,monkey wrench,0.0,1.0,1.0,0.0,1.0,0.0
the magic numbers,love me like you,0.0,1.0,0.6,0.4,0.8,0.0
the cranberries,ode to my family,0.0,1.0,0.4,0.6,0.6,0.0
be your own pet,adventure,0.0,0.6,1.0,0.2,1.0,0.0
gabriella cilmi,sweet about me,0.0,1.0,0.6,0.2,0.8,0.4
rilo kiley,it's a hit,0.0,1.0,0.6,0.4,0.8,0.2
joanna newsom,inflammatory writ,0.0,0.6,0.4,1.0,0.0,0.0
the beatles,within you without you,0.0,1.0,0.4,1.0,0.0,0.0
the police,don't stand so close to me,0.0,0.8,0.6,0.2,0.8,0.2
duffy,syrup & honey,0.2,0.8,0.2,1.0,0.0,0.0
britney spears,out from under,0.0,1.0,0.4,0.6,0.2,0.4
new young pony club,jerk me,0.0,0.8,0.6,0.2,0.8,0.6
paramore,pressure,0.0,0.8,0.8,0.2,1.0,0.0
spoon,my mathematical mind,0.0,0.8,0.8,0.4,0.8,0.0
emily haines & the soft skeleton,the lottery,0.0,0.8,0.4,0.8,0.2,0.0
dj shadow,mutual slump,0.0,0.8,0.6,0.2,0.8,0.4
ladytron,beauty*2,0.0,1.0,0.6,0.0,0.2,1.0
franz ferdinand,40',0.0,1.0,0.8,0.2,1.0,0.0
beck,sexx laws,0.0,1.0,0.8,0.6,0.8,0.2
beck,where it's at,0.0,1.0,0.6,0.2,0.8,0.6
nine inch nails,7 ghosts i,0.0,1.0,0.4,0.6,0.4,0.8
system of a down,sad statue,0.0,1.0,1.0,0.2,1.0,0.0
architecture in helsinki,tiny paintings,0.0,0.6,0.4,0.8,0.4,0.4
zero 7,distractions,0.0,1.0,0.4,0.6,0.4,0.6
sonic youth,sugar kane,0.0,1.0,0.8,0.0,1.0,0.0
manu chao,me gustas tu,0.0,0.8,0.4,0.8,0.4,0.4
sigur rós,með suð í eyrum,0.0,1.0,0.4,0.8,0.4,0.2
billy talent,red flag,0.0,1.0,1.0,0.0,1.0,0.0
porcupine tree,wedding nails,0.0,1.0,0.8,0.0,1.0,0.2
nick drake,northern sky,0.0,0.8,0.4,0.8,0.4,0.0
animal collective,also frightened,0.0,1.0,0.6,0.2,0.2,1.0
gorillaz,november has come,0.0,1.0,0.4,0.0,0.2,1.0
tegan and sara,downtown,0.0,1.0,0.6,0.2,0.4,0.8
the cure,10:15 saturday night,0.0,0.6,0.4,0.2,0.8,0.0
the beatles,i've just seen a face,0.0,0.8,0.4,1.0,0.0,0.0
jens lekman,the opposite of hallelujah,0.0,0.8,0.6,0.6,0.6,0.2
no doubt,hey baby,0.0,1.0,0.6,0.2,0.4,0.8
depeche mode,damaged people,0.0,1.0,0.4,0.0,0.2,1.0
korn,freak on a leash,0.0,1.0,0.8,0.2,1.0,0.0
the wallflowers,one headlight,0.0,1.0,0.6,0.2,1.0,0.0
nine inch nails,8 ghosts i,0.0,1.0,0.8,0.2,0.8,0.8
belle and sebastian,asleep on a sunbeam,0.0,1.0,0.2,0.8,0.4,0.0
siouxsie and the banshees,christine,0.0,0.8,0.6,0.2,1.0,0.2
björk,immature,0.0,1.0,0.4,0.2,0.0,1.0
björk,it's not up to you,0.0,1.0,0.6,0.6,0.2,0.8
the new pornographers,falling through your clothes,0.0,0.8,0.4,0.6,0.4,0.2
patrick wolf,tristan,0.0,0.8,0.8,0.4,0.2,0.8
sleater-kinney,jumpers,0.0,0.8,1.0,0.2,1.0,0.0
incubus,love hurts,0.0,1.0,0.6,0.2,1.0,0.2
the ting tings,keep your head,0.0,1.0,0.8,0.4,0.8,0.4
led zeppelin,the battle of evermore,0.0,0.8,0.4,1.0,0.0,0.0
afi,the killing lights,0.0,1.0,0.8,0.0,1.0,0.4
the 69 eyes,angel on my shoulder,0.0,0.8,0.6,0.2,0.8,0.2
slipknot,wait and bleed,0.0,0.8,1.0,0.2,1.0,0.2
semisonic,secret smile,0.0,1.0,0.4,0.2,0.8,0.2
shiny toy guns,rainy monday,0.0,1.0,0.8,0.0,0.8,1.0
sia,don't bring me down,0.0,1.0,0.4,0.6,0.2,0.6
no doubt,it's my life,0.0,1.0,0.8,0.2,0.8,0.6
zero 7,polaris,0.0,1.0,0.4,0.4,0.6,0.8
the clash,i'm so bored with the u.s.a.,0.0,0.6,0.8,0.2,1.0,0.0
neko case,fox confessor brings the flood,0.0,1.0,0.4,0.4,0.8,0.0
soilwork,rejection role,0.0,1.0,1.0,0.0,1.0,0.4
air,photograph,0.0,1.0,0.4,0.4,0.4,0.8
porcupine tree,open car,0.0,1.0,0.8,0.0,1.0,0.4
amorphis,alone,0.0,1.0,0.8,0.0,1.0,0.6
goldfrapp,black cherry,0.0,1.0,0.4,0.2,0.2,1.0
4 non blondes,what's up,0.0,0.8,0.8,0.4,0.8,0.0
the strokes,vision of division,0.0,0.8,0.8,0.0,1.0,0.0
antony and the johnsons,cripple and the starfish,0.0,0.8,0.4,1.0,0.0,0.0
queens of the stone age,i'm designer,0.0,1.0,0.8,0.0,1.0,0.2
pj harvey,dear darkness,0.0,0.8,0.2,1.0,0.0,0.0
prince,kiss,0.0,1.0,0.6,0.0,0.8,0.6
nine inch nails,the four of us are dying,0.0,1.0,0.8,0.2,0.6,1.0
the libertines,the man who would be king,0.0,0.6,0.8,0.2,1.0,0.0
joanna newsom,sadie,0.0,0.8,0.4,1.0,0.0,0.0
placebo,protect me from what i want,0.0,1.0,0.6,0.2,0.8,0.4
cut copy,saturdays,0.0,0.8,0.6,0.0,0.4,1.0
blur,country house,0.0,1.0,0.8,0.4,0.8,0.0
the strokes,between love & hate,0.0,0.8,0.6,0.2,1.0,0.0
pj harvey,good fortune,0.0,1.0,0.6,0.2,0.8,0.0
blonde redhead,dr. strangeluv,0.0,1.0,0.6,0.2,0.6,0.8
deftones,my own summer (shove it),0.0,1.0,1.0,0.0,1.0,0.0
the stone roses,elephant stone,0.0,0.8,0.6,0.2,1.0,0.0
depeche mode,nothing's impossible,0.0,1.0,0.8,0.0,0.4,1.0
the killers,indie rock & roll,0.0,0.8,0.8,0.0,1.0,0.4
!!!,all my heroes are weirdos,0.0,0.8,0.8,0.2,0.8,0.4
electric six,gay bar,0.0,0.8,0.8,0.0,1.0,0.0
!!!,must be the moon,0.0,0.8,0.8,0.4,0.8,0.6
the beatles,martha my dear,0.0,1.0,0.6,0.8,0.4,0.0
we are scientists,textbook,,,,,,
the smiths,i want the one i can't have,0.0,0.8,0.6,0.2,1.0,0.0
dj shadow,midnight in a perfect world,0.0,0.8,0.4,0.6,0.4,0.2
oasis,turn up the sun,0.0,1.0,0.8,0.2,1.0,0.0
guns n' roses,mr. brownstone,0.0,1.0,0.8,0.0,1.0,0.0
system of a down,sugar,0.0,0.8,1.0,0.0,1.0,0.0
razorlight,before i fall to pieces,0.0,1.0,0.6,0.2,0.8,0.0
the beatles,sun king,0.0,1.0,0.2,0.2,0.8,0.0
the chemical brothers,block rockin' beats,0.0,1.0,1.0,0.2,0.2,1.0
sex pistols,pretty vacant,0.0,0.8,1.0,0.2,1.0,0.0
girl talk,that's my d.j.,0.0,1.0,1.0,0.2,0.8,0.8
him,killing loneliness,0.0,1.0,0.8,0.2,1.0,0.4
goldfrapp,lovely head,0.0,1.0,0.6,0.4,0.2,0.8
the killers,why do i keep counting?,0.0,1.0,0.6,0.4,0.6,0.6
björk,violently happy,0.0,1.0,0.8,0.0,0.0,1.0
snow patrol,set the fire to the third bar (feat. martha wainwright),0.0,1.0,0.4,1.0,0.2,0.0
peter bjorn and john,objects of my affection,0.0,1.0,0.6,0.2,0.8,0.2
tenacious d,explosivo,0.0,1.0,1.0,0.0,1.0,0.0
bright eyes,old soul song (for the new world order),0.0,0.8,0.4,0.8,0.4,0.0
creedence clearwater revisited,proud mary,1.0,0.8,0.8,0.0,1.0,0.0
kylie minogue,in your eyes,0.0,1.0,0.8,0.2,0.2,1.0
andrew bird,heretics,0.0,0.8,0.6,0.4,0.8,0.2
architecture in helsinki,one heavy february,0.0,0.6,0.2,0.8,0.2,0.2
the dresden dolls,backstabber,0.0,0.8,0.8,0.8,0.2,0.0
the bravery,unconditional,0.0,0.8,0.8,0.0,0.8,0.8
unkle,rabbit in your headlights,0.0,1.0,0.8,0.4,0.4,0.8
the cure,the walk,0.0,0.8,0.4,0.0,0.2,1.0
the smiths,asleep,0.0,0.8,0.2,1.0,0.0,0.0
crystal castles,love and caring,0.0,0.4,1.0,0.0,0.2,1.0
franz ferdinand,fade together,0.0,1.0,0.4,0.8,0.4,0.2
foo fighters,no way back,0.0,1.0,1.0,0.0,1.0,0.0
buzzcocks,orgasm addict,0.0,0.6,0.8,0.2,1.0,0.0
animal collective,daily routine,0.0,1.0,0.8,0.0,0.2,1.0
justin timberlake,summer love/set the mood (prelude),0.0,1.0,0.8,0.0,0.2,1.0
broken social scene,guilty cubicles,0.0,0.8,0.4,0.2,0.8,0.6
animal collective,bluish,0.0,1.0,0.4,0.2,0.4,1.0
weezer,el scorcho,0.0,0.6,0.8,0.2,1.0,0.0
the killers,neon tiger,0.0,1.0,0.8,0.2,0.6,0.8
kelis,trick me,0.0,1.0,0.6,0.2,0.6,0.8
opeth,windowpane,0.0,1.0,0.4,0.2,0.8,0.4
mylo,sunworshipper,0.0,1.0,0.4,0.0,0.0,1.0
red hot chili peppers,she's only 18,0.0,1.0,0.8,0.0,1.0,0.0
animal collective,lion in a coma,0.0,1.0,0.8,0.4,0.2,1.0
jamiroquai,canned heat,0.0,1.0,0.8,0.4,0.8,0.6
dread zeppelin,your time is gonna come,0.0,0.8,0.4,0.4,0.8,0.2
kings of leon,california waiting,0.0,0.8,0.8,0.2,1.0,0.0
pulp,something changed,0.0,1.0,0.6,0.4,0.8,0.2
amy winehouse,addicted,0.0,0.8,0.4,0.4,0.8,0.0
wolfmother,white unicorn,0.0,0.8,0.8,0.2,1.0,0.0
giant drag,this isn't it,0.0,0.8,0.8,0.2,1.0,0.0
boards of canada,sixtyten,0.0,0.8,0.4,0.2,0.0,1.0
the pussycat dolls,buttons,0.0,1.0,0.8,0.2,0.2,1.0
paolo nutini,new shoes,0.0,1.0,0.6,0.4,0.6,0.0
we are scientists,cash cow,0.0,0.8,0.8,0.0,1.0,0.0
afi,death of seasons,0.0,1.0,0.8,0.0,1.0,0.6
kill hannah,lips like morphine,0.0,1.0,0.8,0.0,1.0,0.6
patrick wolf,this weather,0.0,0.8,0.6,0.6,0.2,0.8
gustavo cerati,la excepción,0.0,1.0,0.8,0.2,1.0,0.2
pantera,cemetery gates,0.0,1.0,0.8,0.2,1.0,0.0
the smiths,the headmaster ritual,0.0,0.8,0.6,0.2,1.0,0.0
zero 7,throw it all away,0.0,1.0,0.4,0.6,0.4,0.6
peaches,fuck the pain away,0.0,0.6,0.8,0.0,0.2,1.0
zero 7,out of town,0.0,1.0,0.4,0.6,0.6,0.4
the smiths,a rush and a push and the land is ours,0.0,0.8,0.6,0.4,0.4,0.6
the rakes,strasbourg,0.0,0.8,0.8,0.2,1.0,0.0
underworld,born slippy,0.0,1.0,1.0,0.2,0.0,1.0
hot hot heat,middle of nowhere,0.0,1.0,0.6,0.2,0.8,0.6
beck,orphans,0.0,1.0,0.6,0.2,0.8,0.4
nouvelle vague,dancing with myself,0.0,0.8,0.4,1.0,0.2,0.0
gorillaz,fire coming out of the monkey's head,0.0,1.0,0.4,0.4,0.4,0.8
burial,in mcdonalds,0.0,0.6,0.2,0.0,0.0,1.0
joy division,decades,0.0,0.8,0.4,0.2,0.6,0.8
the futureheads,le garage,0.0,0.8,0.8,0.0,1.0,0.0
ladytron,evil,0.0,1.0,0.6,0.0,0.2,1.0
the smashing pumpkins,muzzle,0.0,1.0,0.8,0.2,1.0,0.0
datarock,fa-fa-fa,0.0,0.8,0.8,0.2,0.8,0.8
soilwork,overload,0.0,1.0,1.0,0.0,1.0,0.4
ladytron,weekend,0.0,1.0,0.8,0.0,0.6,1.0
metallica,the end of the line,0.0,0.8,1.0,0.2,1.0,0.0
the mars volta,eriatarka,0.0,1.0,0.8,0.0,1.0,0.4
tom waits,clap hands,0.0,0.8,0.4,0.8,0.4,0.0
hot chip,shake a fist,0.0,1.0,0.8,0.0,0.0,1.0
marilyn manson,disposable teens,0.0,1.0,1.0,0.2,1.0,0.4
the white stripes,the air near my fingers,0.0,0.8,0.8,0.2,1.0,0.0
the decemberists,o valencia!,0.0,1.0,0.6,0.2,0.8,0.0
regina spektor,ode to divorce,0.0,0.8,0.4,1.0,0.0,0.0
blur,charmless man,0.0,1.0,0.8,0.4,0.8,0.2
kings of leon,day old blues,0.0,0.8,0.4,0.4,0.6,0.0
eels,novocaine for the soul,0.0,1.0,0.4,0.2,0.8,0.6
the prodigy,voodoo people,0.0,1.0,1.0,0.0,0.8,1.0
death in vegas,hands around my throat,0.0,1.0,0.6,0.0,0.4,1.0
she wants revenge,tear you apart,0.0,1.0,0.8,0.0,0.6,1.0
my chemical romance,house of wolves,0.0,1.0,1.0,0.2,1.0,0.0
the beatles,think for yourself,0.0,0.8,0.6,0.2,1.0,0.0
my chemical romance,mama,0.0,1.0,0.8,0.4,0.8,0.2
nightwish,nemo,0.0,1.0,0.8,0.4,0.8,0.4
panic at the disco,introduction,0.0,1.0,0.2,1.0,0.0,0.0
gnarls barkley,the boogie monster,0.0,1.0,0.6,0.2,0.6,0.8
depeche mode,in your room,0.0,1.0,0.8,0.2,0.6,0.8
nick drake,fly,0.0,0.8,0.2,1.0,0.2,0.0
ratatat,gettysburg,0.0,1.0,0.8,0.0,0.8,0.8
pendulum,granite,0.0,1.0,1.0,0.2,0.4,1.0
the national,abel,0.0,0.8,0.8,0.2,1.0,0.0
ben folds five,brick,0.0,1.0,0.4,0.8,0.2,0.0
nirvana,where did you sleep last night?,1.0,0.8,0.8,1.0,0.2,0.0
placebo,days before you came,0.0,0.8,0.6,0.2,1.0,0.2
deftones,passenger,0.0,1.0,0.8,0.0,1.0,0.2
manu chao,clandestino,0.0,0.8,0.2,0.8,0.2,0.2
hot hot heat,bandages,0.0,0.8,0.8,0.2,0.8,0.6
boards of canada,bocuma,0.0,0.8,0.2,0.0,0.0,1.0
kylie minogue,can't get you out of my head,0.0,1.0,0.6,0.0,0.2,1.0
ladytron,the last one standing,0.0,1.0,0.8,0.0,0.6,1.0
rihanna,breakin' dishes,0.0,1.0,0.8,0.0,0.4,1.0
the rolling stones,start me up,0.0,1.0,0.8,0.2,1.0,0.0
guns n' roses,since i don't have you,0.0,1.0,0.6,0.2,1.0,0.2
the knife,still light,0.0,1.0,0.2,0.0,0.0,1.0
alice cooper,school's out,0.0,0.8,0.8,0.2,1.0,0.0
the flaming lips,ego tripping at the gates of hell,0.0,1.0,0.4,0.2,0.4,1.0
marilyn manson,mobscene,0.0,1.0,0.8,0.2,0.8,0.8
wilco,handshake drugs,0.0,1.0,0.8,0.4,0.8,0.2
neutral milk hotel,song against sex,0.0,0.4,0.8,0.4,0.8,0.2
depeche mode,condemnation,0.0,0.8,0.6,0.8,0.4,0.2
red hot chili peppers,easily,0.0,1.0,0.8,0.0,1.0,0.0
iron & wine,teeth in the grass,0.0,1.0,0.6,0.8,0.4,0.0
iron & wine,innocent bones,0.0,1.0,0.4,0.8,0.4,0.0
depeche mode,barrel of a gun,0.0,1.0,0.8,0.0,0.6,1.0
damien rice,coconut skins,0.0,0.8,0.6,1.0,0.2,0.0
weezer,the good life,0.0,0.8,0.8,0.2,1.0,0.0
mstrkrft,work on you,0.0,1.0,1.0,0.0,0.2,1.0
the stooges,gimme danger,0.0,0.4,0.6,0.6,0.8,0.0
radiohead,morning bell/amnesiac,0.0,1.0,0.4,0.4,0.8,0.2
stars,take me to the riot,0.0,0.8,0.6,0.2,0.8,0.4
stars,sleep tonight,0.0,1.0,0.4,0.4,0.6,0.6
stars,reunion,0.0,1.0,0.6,0.2,0.8,0.6
depeche mode,useless,0.0,1.0,0.8,0.0,0.8,0.8
whitesnake,love ain't no stranger,0.0,1.0,0.8,0.2,1.0,0.4
nine inch nails,reptile,0.0,1.0,1.0,0.0,0.8,1.0
tom vek,nothing but green lights,0.0,0.6,0.6,0.2,0.8,0.6
tegan and sara,relief next to me,0.0,1.0,0.8,0.2,0.8,0.2
tegan and sara,so jealous,0.0,0.8,0.6,0.2,0.8,0.4
the smiths,is it really so strange?,0.0,0.8,0.4,0.2,0.8,0.0
kings of convenience,love is no big truth,0.0,0.8,0.2,1.0,0.2,0.0
nine inch nails,the collector,0.0,1.0,0.8,0.4,0.8,0.8
beck,black tambourine,0.0,0.8,0.4,0.8,0.4,0.2
cut copy,voices in quartz,0.0,1.0,0.4,0.0,0.2,1.0
tv on the radio,a method,0.0,0.8,0.4,0.6,0.2,0.4
fiona apple,extraordinary machine,0.0,1.0,0.4,1.0,0.2,0.0
paramore,that's what you get,0.0,1.0,0.8,0.2,1.0,0.0
iamx,the alternative,0.0,1.0,0.8,0.0,0.6,1.0
soundgarden,burden in my hand,0.0,1.0,0.8,0.8,0.6,0.0
nirvana,stay away,0.0,1.0,1.0,0.2,1.0,0.0
nirvana,you know you're right,0.0,0.8,1.0,0.0,1.0,0.0
the la's,there she goes,0.0,0.8,0.6,0.2,1.0,0.0
tool,pushit,0.0,0.8,0.8,0.2,1.0,0.0
jimmy eat world,23,0.0,1.0,0.8,0.2,1.0,0.2
mogwai,7.25,0.0,0.6,0.8,0.0,1.0,0.2
beck,youthless,0.0,1.0,0.6,0.2,0.6,0.8
the national,karen,0.0,0.8,0.4,0.2,0.8,0.2
ozzy osbourne,crazy train,0.0,1.0,0.8,0.0,1.0,0.2
rammstein,ohne dich,0.0,1.0,0.8,0.4,0.8,0.4
emily haines & the soft skeleton,reading in bed,0.0,0.8,0.2,0.8,0.2,0.0
the ting tings,we walk,0.0,1.0,0.4,0.2,0.8,0.4
tori amos,professional widow,0.0,1.0,0.8,0.6,0.4,0.2
the beach boys,sloop john b,0.0,1.0,0.6,0.6,0.6,0.0
a perfect circle,thomas,0.0,1.0,0.8,0.0,1.0,0.2
lamb,gorecki,0.0,1.0,0.8,0.4,0.2,1.0
belle and sebastian,dress up in you,0.0,1.0,0.2,0.8,0.4,0.0
jamiroquai,feels just like it should,0.0,1.0,0.8,0.2,0.8,0.8
oasis,the masterplan,0.0,1.0,0.8,0.8,0.6,0.2
the stone roses,bye bye badman,0.0,0.8,0.4,0.2,0.8,0.0
kim wilde,kids in america,0.0,1.0,0.8,0.2,0.8,0.8
dead kennedys,holiday in cambodia,0.0,0.6,1.0,0.0,1.0,0.0
guns n' roses,yesterdays,0.0,1.0,0.6,0.2,0.8,0.2
bat for lashes,the wizard,0.0,0.8,0.6,0.8,0.2,0.4
in flames,my sweet shadow,0.0,0.8,1.0,0.0,1.0,0.6
dido,hunter,0.0,1.0,0.4,0.4,0.4,0.8
bat for lashes,sad eyes,0.0,1.0,0.4,0.4,0.4,0.8
the clash,janie jones,0.0,0.6,0.8,0.2,1.0,0.0
the decemberists,the perfect crime #2,0.0,1.0,0.6,0.2,0.8,0.4
hot chip,careful,0.0,0.8,0.6,0.0,0.2,1.0
paolo nutini,jenny don't be hasty,0.0,1.0,0.8,0.2,0.8,0.0
architecture in helsinki,neverevereverdid,0.0,0.8,0.6,0.6,0.6,0.4
silversun pickups,waste it on,0.0,1.0,0.8,0.2,1.0,0.4
the teenagers,homecoming,0.0,0.8,0.4,0.0,0.4,1.0
modest mouse,interlude (milo),0.0,0.6,0.2,0.8,0.2,0.0
placebo,brick shithouse,0.0,0.8,1.0,0.2,1.0,0.0
sigur rós,fljótavík,0.0,1.0,0.2,0.6,0.4,0.4
zz top,gimme all your lovin',0.0,1.0,0.8,0.0,1.0,0.4
sigur rós,von,0.0,0.6,0.4,0.2,0.4,0.8
athlete,half light,0.0,1.0,0.6,0.4,0.6,0.4
joy division,novelty,0.0,0.8,0.8,0.2,1.0,0.0
mogwai,i chose horses,0.0,1.0,0.4,0.8,0.4,0.2
rihanna,sos,0.0,1.0,0.8,0.0,0.2,1.0
the police,can't stand losing you,0.0,0.8,0.6,0.2,1.0,0.0
zero 7,this world,0.0,1.0,0.4,0.4,0.6,0.6
britney spears,mmm papi,0.0,1.0,0.8,0.2,0.4,1.0
pixies,planet of sound,0.0,0.8,0.8,0.2,1.0,0.0
nirvana,lake of fire,1.0,0.8,0.4,1.0,0.0,0.0
datarock,computer camp love,0.0,0.8,0.6,0.0,0.8,0.8
tv on the radio,hours,0.0,1.0,0.8,0.2,0.8,0.4
taking back sunday,liar (it takes one to know one),0.0,1.0,0.8,0.0,1.0,0.0
suede,animal nitrate,0.0,0.8,0.8,0.2,1.0,0.0
oasis,bring it on down,0.0,0.8,1.0,0.2,1.0,0.0
yeah yeah yeahs,modern romance,0.0,0.8,0.2,0.2,0.8,0.4
norah jones,sunrise,0.0,1.0,0.4,0.8,0.4,0.0
the prodigy,girls,0.0,1.0,0.8,0.0,0.2,1.0
deerhunter,agoraphobia,0.0,0.8,0.4,0.4,0.8,0.2
tom waits,time,0.0,0.8,0.4,0.8,0.2,0.0
kaiser chiefs,love's not a competition (but i'm winning),0.0,1.0,0.4,0.6,0.6,0.0
my morning jacket,wordless chorus,0.0,1.0,0.6,0.2,0.8,0.4
pendulum,mutiny,0.0,1.0,1.0,0.2,0.4,1.0
animal collective,banshee beat,0.0,0.8,0.6,0.4,0.8,0.4
sentenced,may today become the day,0.0,1.0,0.8,0.2,1.0,0.2
snow patrol,crack the shutters,0.0,1.0,0.6,0.4,0.8,0.2
ok go,get over it,0.0,1.0,0.8,0.2,1.0,0.0
metallica,the four horsemen,0.0,0.6,1.0,0.0,1.0,0.0
fergie,fergalicious (feat. will.i.am),0.0,1.0,0.8,0.0,0.2,1.0
phoenix,everything is everything,0.0,1.0,0.6,0.2,0.8,0.4
the black eyed peas,don't phunk with my heart,0.0,1.0,0.8,0.2,0.2,1.0
the doors,the end,0.0,0.8,0.6,0.2,1.0,0.0
oasis,stop crying your heart out,0.0,1.0,0.8,0.4,0.8,0.2
the notorious b.i.g.,things done changed,0.0,1.0,0.6,0.2,0.2,0.8
snow patrol,grazed knees,0.0,1.0,0.2,0.8,0.2,0.0
pulp,pencil skirt,0.0,1.0,0.4,0.2,0.8,0.4
jason mraz,you and i both,0.0,1.0,0.6,0.8,0.4,0.2
red hot chili peppers,especially in michigan,0.0,1.0,0.6,0.2,1.0,0.2
radiohead,stop whispering,0.0,0.8,0.8,0.2,1.0,0.0
shakira,la pared,0.0,1.0,0.6,0.6,0.4,0.2
red hot chili peppers,breaking the girl,0.0,1.0,0.4,0.8,0.4,0.0
bright eyes,train under water,0.0,0.8,0.6,0.8,0.4,0.0
voxtrot,the start of something,0.0,0.6,0.6,0.2,0.8,0.0
the beatles,carry that weight,0.0,1.0,0.8,0.6,0.8,0.0
placebo,one of a kind,0.0,1.0,0.8,0.0,1.0,0.2
pearl jam,daughter,0.0,0.8,0.6,0.8,0.6,0.0
jack johnson,taylor,0.0,0.8,0.4,0.8,0.4,0.0
travis,why does it always rain on me?,0.0,1.0,0.4,0.8,0.4,0.0
modest mouse,spitting venom,0.0,1.0,0.8,0.2,1.0,0.2
deerhunter,never stops,0.0,0.8,0.6,0.2,0.8,0.2
fugees,killing me softly,,,,,,
the smiths,london,0.0,0.8,0.8,0.0,1.0,0.0
r.e.m.,bad day,0.0,1.0,0.8,0.2,0.8,0.2
boards of canada,julie and candy,0.0,0.6,0.4,0.0,0.2,1.0
sublime,what i got,0.0,0.8,0.6,0.2,0.8,0.2
oasis,fuckin' in the bushes,0.0,0.8,1.0,0.2,1.0,0.0
belle and sebastian,to be myself completely,0.0,1.0,0.4,0.4,0.8,0.2
portishead,mourning air,0.0,1.0,0.6,0.4,0.4,0.8
belle and sebastian,mayfly,0.0,0.8,0.4,0.4,0.6,0.2
queens of the stone age,do it again,0.0,1.0,1.0,0.0,1.0,0.0
pulp,underwear,0.0,1.0,0.4,0.2,0.8,0.4
ladytron,cmyk,0.0,1.0,0.6,0.0,0.4,1.0
maxïmo park,books from boxes,0.0,1.0,0.6,0.2,1.0,0.2
garbage,milk,0.0,1.0,0.4,0.2,0.6,0.8
elliott smith,pretty (ugly before),0.0,0.8,0.4,0.4,0.8,0.0
the mars volta,drunkship of lanterns,0.0,1.0,1.0,0.2,1.0,0.2
feist,honey honey,0.0,1.0,0.2,0.8,0.2,0.0
the beatles,golden slumbers,0.0,1.0,0.6,0.8,0.4,0.0
of montreal,requiem for o.m.m.2,0.0,1.0,0.4,0.8,0.4,0.2
of montreal,rapture rapes the muses,0.0,0.6,0.4,0.6,0.4,0.2
death cab for cutie,your new twin sized bed,0.0,1.0,0.4,0.8,0.4,0.0
scorpions,rock you like a hurricane,0.0,1.0,1.0,0.0,1.0,0.0
travis,big chair,0.0,1.0,0.6,0.4,0.8,0.2
of montreal,cato as a pun,0.0,1.0,0.6,0.0,0.6,1.0
mika,any other world,0.0,1.0,0.4,0.8,0.4,0.2
franz ferdinand,you could have it so much better,0.0,0.8,0.8,0.2,1.0,0.0
the beatles,magical mystery tour,0.0,1.0,0.8,0.4,0.8,0.0
natasha bedingfield,unwritten,0.0,1.0,0.6,0.4,0.4,0.8
the hives,two-timing touch and broken bones,0.0,0.8,1.0,0.0,1.0,0.0
tv on the radio,dancing choose,0.0,1.0,0.8,0.2,0.8,0.6
mando diao,killer kaczynski,,,,,,
him,right here in my arms,0.0,1.0,0.8,0.0,1.0,0.4
crystal castles,knights,0.0,0.6,0.8,0.0,0.2,1.0
keane,sunshine,0.0,1.0,0.6,0.4,0.2,0.6
a.c. newman,on the table,0.0,0.8,0.6,0.2,0.8,0.0
the cinematic orchestra,to build a home,0.0,1.0,0.4,1.0,0.0,0.0
buena vista social club,chan chan,0.4,0.8,0.4,1.0,0.2,0.0
bloc party,little thoughts,0.0,1.0,0.8,0.2,1.0,0.0
girl talk,still here,0.0,1.0,1.0,0.2,0.8,0.8
suede,beautiful ones,0.0,1.0,0.8,0.2,1.0,0.2
my chemical romance,cancer,0.0,1.0,0.4,0.6,0.4,0.2
the kills,black balloon,0.0,0.8,0.4,0.0,0.8,0.4
oasis,don't go away,0.0,0.8,0.8,0.4,0.8,0.2
oasis,songbird,0.0,0.8,0.4,1.0,0.2,0.0
linkin park,points of authority,0.0,1.0,1.0,0.0,1.0,0.4
foo fighters,let it die,0.0,1.0,0.8,0.2,1.0,0.0
death cab for cutie,405,0.0,0.6,0.4,0.2,0.8,0.2
leonard cohen,famous blue raincoat,0.0,0.8,0.2,1.0,0.0,0.0
bat for lashes,daniel,0.0,1.0,0.6,0.2,0.2,0.8
elbow,one day like this,0.0,1.0,0.8,0.8,0.6,0.0
siouxsie and the banshees,spellbound,0.0,0.8,0.8,0.2,1.0,0.0
cansei de ser sexy,css suxxx,0.0,0.6,0.8,0.0,0.6,0.8
ray charles,hit the road jack,0.0,0.8,0.6,0.8,0.2,0.0
nine inch nails,down in it,0.0,0.8,0.8,0.0,0.2,1.0
ladytron,black cat,0.0,1.0,0.8,0.0,0.2,1.0
the kills,hook and line,0.0,0.8,0.6,0.2,0.8,0.6
black rebel motorcycle club,heart + soul,0.0,0.8,0.8,0.0,1.0,0.0
a perfect circle,thinking of you,0.0,1.0,0.8,0.0,1.0,0.2
garbage,cherry lips (go baby go!),0.0,1.0,0.6,0.2,0.6,0.8
girl talk,minute by minute,0.0,0.8,1.0,0.2,0.8,0.8
the white stripes,little ghost,0.0,0.6,0.4,1.0,0.0,0.0
regina spektor,the flowers,0.0,0.8,0.4,1.0,0.0,0.0
eric clapton,layla,1.0,1.0,0.4,1.0,0.2,0.0
the beatles,you've got to hide your love away,0.0,0.8,0.4,1.0,0.0,0.0
mando diao,god knows,0.0,0.8,0.8,0.2,1.0,0.0
modest mouse,alone down there,0.0,0.8,0.8,0.2,1.0,0.2
the beta band,dry the rain,0.0,0.8,0.8,0.6,0.6,0.2
fujiya & miyagi,ankle injuries,0.0,0.8,0.6,0.0,0.8,0.6
the national,looking for astronauts,0.0,0.8,0.4,0.2,0.8,0.0
katatonia,deliberation,0.0,1.0,0.8,0.2,1.0,0.2
ellen allien & apparat,way out,0.0,1.0,0.6,0.0,0.2,1.0
cocorosie,not for sale,0.0,0.4,0.4,0.8,0.2,0.4
death cab for cutie,talking bird,0.0,1.0,0.2,0.2,0.6,0.2
system of a down,forest,0.0,1.0,1.0,0.0,1.0,0.0
stars,what i'm trying to say,0.0,1.0,0.4,0.2,0.4,0.8
scissor sisters,mary,0.0,1.0,0.4,0.8,0.4,0.2
pj harvey,grow grow grow,0.0,1.0,0.4,1.0,0.0,0.0
goldfrapp,let it take you,0.0,1.0,0.4,0.2,0.4,1.0
boards of canada,gyroscope,0.0,0.8,0.4,0.0,0.2,1.0
foals,like swimming,0.0,0.8,0.6,0.0,1.0,0.2
misfits,hybrid moments,0.0,0.6,0.8,0.2,1.0,0.0
rush,red barchetta,0.0,1.0,0.8,0.2,1.0,0.2
justice,the party,0.0,1.0,0.8,0.0,0.2,1.0
pavement,range life,0.0,0.8,0.4,0.4,0.8,0.0
air,new star in the sky (chanson pour solal),0.0,1.0,0.2,0.2,0.6,1.0
gang of four,at home he's a tourist,0.0,0.6,0.8,0.2,1.0,0.0
the duke spirit,the step and the walk,0.0,0.8,0.8,0.2,1.0,0.0
sia,sunday,0.0,1.0,0.4,0.6,0.2,0.4
pj harvey,when under ether,0.0,1.0,0.2,0.8,0.2,0.0
placebo,bigmouth strikes again,0.0,0.8,0.8,0.0,1.0,0.0
placebo,my sweet prince,0.0,1.0,0.4,0.0,0.8,0.6
yann tiersen,la valse d'amélie,0.0,1.0,0.4,1.0,0.0,0.0
the kills,love is a deserter,0.0,0.6,0.8,0.0,1.0,0.4
vampire weekend,i stand corrected,0.0,0.8,0.4,0.4,0.8,0.0
josé gonzález,remain,0.0,0.8,0.2,1.0,0.0,0.0
the new pornographers,the laws have changed,0.0,1.0,0.8,0.2,0.8,0.4
children of bodom,if you want peace... prepare for war,0.0,1.0,1.0,0.0,1.0,0.6
30 seconds to mars,the story,0.0,1.0,0.8,0.2,0.8,0.2
weezer,holiday,0.0,1.0,0.8,0.2,1.0,0.0
anathema,empty,0.0,0.8,0.8,0.2,0.8,0.2
elliott smith,miss misery,0.0,0.8,0.2,0.8,0.2,0.0
alice in chains,would?,0.0,1.0,0.8,0.0,1.0,0.0
the white stripes,rag and bone,0.0,0.8,0.8,0.2,1.0,0.0
morrissey,i will see you in far off places,0.0,1.0,0.8,0.2,1.0,0.2
rob zombie,dragula,0.0,1.0,1.0,0.0,1.0,0.8
the unicorns,jellybones,0.0,0.6,0.6,0.2,0.8,0.4
art brut,modern art,0.0,0.8,0.8,0.2,1.0,0.0
the bravery,no brakes,0.0,0.8,0.8,0.0,0.8,0.6
pj harvey,sheela-na-gig,0.0,0.6,0.8,0.2,1.0,0.0
a perfect circle,gravity,0.0,1.0,0.6,0.0,1.0,0.2
the gathering,red is a slow colour,0.0,1.0,0.6,0.2,0.8,0.6
air,lost message,0.0,1.0,0.4,0.2,0.4,1.0
muse,sober,0.0,0.8,0.8,0.0,1.0,0.2
pearl jam,yellow ledbetter,0.0,0.8,0.4,0.0,1.0,0.0
josé gonzález,save your day,0.0,0.8,0.2,1.0,0.0,0.0
hot chip,out at the pictures,0.0,1.0,0.8,0.0,0.2,1.0
the beatles,i'm looking through you,0.0,0.8,0.4,0.6,0.6,0.0
the knife,she's having a baby,0.0,1.0,0.6,0.0,0.2,1.0
the white stripes,ball and biscuit,0.0,0.6,0.8,0.0,1.0,0.0
queens of the stone age,regular john,0.0,0.8,0.8,0.0,1.0,0.0
fiona apple,slow like honey,0.0,1.0,0.4,0.8,0.4,0.2
paramore,let the flames begin,0.0,1.0,0.8,0.2,1.0,0.0
30 seconds to mars,edge of the earth,0.0,1.0,0.8,0.0,1.0,0.4
suzanne vega,caramel,0.0,1.0,0.2,1.0,0.0,0.0
pixies,u-mass,0.0,0.8,0.8,0.2,1.0,0.0
pixies,cecilia ann,0.0,1.0,0.8,0.2,1.0,0.0
cut copy,zap zap,0.0,0.8,0.6,0.0,0.6,1.0
opeth,death whispered a lullaby,0.0,1.0,0.4,0.2,0.8,0.4
refused,new noise,0.0,0.8,1.0,0.0,1.0,0.0
panic at the disco,intermission,0.0,1.0,0.6,0.4,0.2,1.0
nick drake,hazey jane ii,0.0,1.0,0.6,0.8,0.4,0.0
pink floyd,sheep,0.0,1.0,0.8,0.2,1.0,0.4
nine inch nails,demon seed,0.0,1.0,0.8,0.2,0.8,1.0
stone temple pilots,plush,0.0,1.0,0.8,0.0,1.0,0.0
radiohead,we suck young blood,0.0,1.0,0.4,0.8,0.2,0.2
the dresden dolls,the perfect fit,0.0,0.8,0.8,1.0,0.2,0.0
the dresden dolls,the jeep song,0.0,0.8,0.8,1.0,0.0,0.0
the libertines,don't be shy,0.0,0.8,0.8,0.2,1.0,0.0
lou reed,vicious,0.0,0.8,0.6,0.2,1.0,0.0
tom waits,jockey full of bourbon,0.0,0.8,0.6,0.8,0.4,0.0
sneaker pimps,becoming x,0.0,1.0,0.4,0.4,0.4,0.8
buffalo springfield,for what it's worth,0.0,0.8,0.4,0.2,0.8,0.0
black rebel motorcycle club,pretend,0.0,0.8,0.4,0.8,0.4,0.0
chemistry,almost in love,0.0,1.0,0.4,0.4,0.6,0.4
patrick wolf,paris,0.0,0.8,0.6,0.4,0.2,0.8
sufjan stevens,the predatory wasp of the palisades is out to get us!,0.0,1.0,0.4,1.0,0.2,0.0
the strokes,ask me anything,0.0,1.0,0.2,0.2,0.0,1.0
audioslave,hypnotize,0.0,1.0,0.8,0.0,1.0,0.0
yann tiersen,sur le fil,0.0,0.8,0.6,1.0,0.2,0.0
porcupine tree,heartattack in a layby,0.0,1.0,0.2,0.2,0.8,0.4
nine inch nails,meet your master,0.0,1.0,1.0,0.0,0.6,1.0
clint mansell,the last man,0.0,1.0,0.8,0.8,0.4,0.4
led zeppelin jam,i can't quit you baby,1.0,0.6,1.0,0.2,1.0,0.0
black rebel motorcycle club,the line,0.0,0.8,0.4,0.8,0.4,0.0
regina spektor,braille,0.0,0.6,0.4,1.0,0.0,0.0
damien rice,the animals were gone,0.0,1.0,0.4,0.8,0.2,0.0
elliott smith,memory lane,0.0,0.8,0.4,1.0,0.2,0.0
jimmy eat world,kill,0.0,1.0,0.6,0.2,1.0,0.0
incubus,i miss you,0.0,1.0,0.6,0.2,0.8,0.2
the flaming lips,are you a hypnotist??,0.0,1.0,0.8,0.2,0.6,0.8
placebo,twenty years,0.0,1.0,0.6,0.2,0.8,0.2
mindless self indulgence,straight to video,0.0,0.8,0.8,0.0,0.6,1.0
judas priest,breaking the law,0.0,1.0,0.8,0.0,1.0,0.0
jimmy eat world,bleed american,0.0,1.0,0.8,0.0,1.0,0.0
anton maiden,aces high,0.0,0.2,0.6,0.0,0.2,1.0
sigur rós,viðrar vel til loftárása,0.0,1.0,0.8,0.6,0.6,0.4
joy division,these days,0.0,0.8,0.8,0.2,1.0,0.0
queens of the stone age,i never came,0.0,1.0,0.4,0.0,1.0,0.0
moloko,sing it back,0.0,1.0,0.8,0.2,0.4,1.0
guns n' roses,estranged,0.0,1.0,0.8,0.4,1.0,0.2
slowdive,alison,0.0,1.0,0.8,0.2,1.0,0.2
kaiser chiefs,heat dies down,0.0,0.8,0.8,0.2,1.0,0.0
the fray,vienna,0.0,0.8,0.6,0.8,0.4,0.0
simian mobile disco,it's the beat,0.0,1.0,0.8,0.0,0.2,1.0
the wombats,let's dance to joy division,0.0,0.8,0.8,0.2,1.0,0.2
rage against the machine,people of the sun,0.0,1.0,1.0,0.2,1.0,0.0
sonic youth,100%,0.0,0.8,0.8,0.2,1.0,0.0
daft punk,make love,0.0,0.8,0.4,0.0,0.2,1.0
slayer,jesus saves,0.0,1.0,1.0,0.0,1.0,0.0
the mars volta,cicatriz esp,0.0,1.0,1.0,0.2,1.0,0.4
pink floyd,another brick in the wall (part ii),0.0,1.0,0.6,0.2,0.8,0.4
fischerspooner,the 15th,0.0,1.0,0.6,0.0,0.2,1.0
bob dylan,positively 4th street,0.0,0.8,0.6,0.2,1.0,0.0
the bravery,tyrant,0.0,1.0,0.8,0.2,0.8,0.6
r.e.m.,orange crush,0.0,1.0,0.8,0.2,1.0,0.0
guano apes,open your eyes,0.0,0.8,0.8,0.0,1.0,0.0
yann tiersen,le moulin,0.0,0.8,0.4,1.0,0.0,0.0
depeche mode,i want it all,0.0,1.0,0.4,0.2,0.4,1.0
jack's mannequin,holiday from real,0.0,1.0,0.6,0.4,0.8,0.2
katatonia,in the white,0.0,1.0,0.8,0.0,1.0,0.4
yeah yeah yeahs,down boy,0.0,0.8,0.8,0.0,1.0,0.0
the black eyed peas,don't lie,0.0,1.0,0.6,0.6,0.4,0.6
megadeth,symphony of destruction,0.0,1.0,0.8,0.0,1.0,0.0
death cab for cutie,champagne from a paper cup,0.0,0.4,0.6,0.0,1.0,0.0
morrissey,in the future when all's well,0.0,1.0,0.8,0.2,1.0,0.2
mika,happy ending,0.0,1.0,0.6,0.8,0.2,0.2
the clash,(white man) in hammersmith palais,0.0,0.8,0.6,0.2,1.0,0.0
elliott smith,easy way out,0.0,0.4,0.4,1.0,0.2,0.0
aphex twin,heliosphan,0.0,0.8,0.4,0.0,0.2,1.0
snow patrol,tiny little fractures,0.0,0.8,0.8,0.2,1.0,0.0
pj harvey,white chalk,0.0,0.8,0.2,1.0,0.0,0.0
bat for lashes,tahiti,0.0,0.8,0.4,0.8,0.2,0.4
wu-tang clan,bring da ruckus,0.0,0.4,0.8,0.0,0.2,0.8
combichrist,this s*it will fcuk you up,0.0,0.8,1.0,0.0,0.2,1.0
nirvana,frances farmer will have her revenge on seattle,0.0,0.8,1.0,0.0,1.0,0.0
band of horses,detlef schrempf,0.0,0.8,0.4,0.4,0.8,0.0
beck,profanity prayers,0.0,0.8,0.8,0.2,1.0,0.2
neko case,dirty knife,0.0,1.0,0.8,0.4,0.8,0.2
of montreal,sink the seine,0.0,0.8,0.2,0.8,0.2,0.0
gwen stefani,early winter,0.0,1.0,0.6,0.6,0.6,0.4
within temptation,mother earth,0.0,0.8,0.8,0.4,0.8,0.6
duffy,distant dreamer,0.0,1.0,0.6,0.8,0.4,0.0
the rolling stones,under my thumb,0.0,0.8,0.4,0.4,0.8,0.0
moby,beautiful,0.0,1.0,0.6,0.0,0.4,1.0
goldfrapp,koko,0.0,1.0,0.6,0.0,0.6,1.0
bloc party,two more years,0.0,1.0,0.8,0.2,1.0,0.0
patrick wolf,secret garden,0.0,1.0,0.4,0.8,0.2,0.2
damien rice,the blowers daughter,0.0,1.0,0.4,1.0,0.0,0.0
art brut,good weekend,0.0,0.8,0.6,0.0,1.0,0.0
kings of convenience,stay out of trouble,0.0,1.0,0.2,1.0,0.0,0.0
wilco,muzzle of bees,0.0,1.0,0.4,0.8,0.4,0.2
supergrass,alright,0.0,0.8,0.8,0.2,1.0,0.0
babyshambles,carry on up the morning,0.0,0.8,0.6,0.2,1.0,0.0
the doors,moonlight drive,0.0,0.8,0.6,0.2,1.0,0.0
the kooks,matchbox,0.0,0.8,0.8,0.2,1.0,0.0
roger sanchez,another chance,0.0,1.0,0.8,0.2,0.2,1.0
joy division,incubation,0.0,0.8,0.8,0.2,1.0,0.0
eric clapton,cocaine,0.0,0.8,0.6,0.2,1.0,0.0
sonic youth,hey joni,0.0,0.8,0.8,0.0,1.0,0.0
maroon 5,if i never see your face again,0.0,1.0,0.8,0.2,0.8,0.6
misfits,last caress,0.0,0.4,0.8,0.0,1.0,0.0
the bravery,honest mistake,0.0,1.0,0.8,0.0,0.8,0.6
clint mansell,death is the road to awe,0.0,1.0,0.8,0.8,0.4,0.2
sonic youth,what a waste,0.0,0.8,0.8,0.0,1.0,0.0
placebo,centrefolds,0.0,1.0,0.4,0.6,0.2,0.4
the fray,little house,0.0,1.0,0.6,0.6,0.6,0.0
the prodigy,diesel power,0.0,1.0,0.8,0.2,0.2,1.0
mstrkrft,easy love,0.0,1.0,1.0,0.0,0.2,1.0
spoon,everything hits at once,0.0,0.8,0.6,0.2,0.8,0.4
the ting tings,impacilla carpisung,0.0,0.8,0.4,0.4,0.2,0.6
tv on the radio,golden age,0.0,1.0,0.8,0.4,0.8,0.6
acceptance,different,0.0,1.0,0.8,0.2,1.0,0.2
dread zeppelin,thank you,0.0,0.8,0.6,0.2,0.8,0.2
moby,in my heart,0.0,1.0,0.4,0.4,0.2,1.0
the black eyed peas,shut up,0.0,1.0,0.8,0.2,0.4,1.0
fiona apple,sullen girl,0.0,1.0,0.4,0.8,0.2,0.2
ladytron,ghosts,0.0,1.0,0.8,0.0,0.2,1.0
pink floyd,breathe,0.0,1.0,0.4,0.4,0.8,0.4
pink floyd,see emily play,0.0,0.8,0.6,0.2,1.0,0.0
serj tankian,lie lie lie,0.0,1.0,0.8,0.2,1.0,0.2
bloc party,the pioneers,0.0,0.8,0.6,0.2,1.0,0.0
the smiths,what she said,0.0,0.8,0.8,0.2,1.0,0.0
hot chip,the warning,0.0,0.8,0.4,0.2,0.4,1.0
depeche mode,sweetest perfection,0.0,1.0,0.4,0.2,0.4,1.0
jack johnson,times like these,0.0,0.8,0.4,0.8,0.2,0.0
daft punk,television rules the nation / crescendolls,1.0,1.0,1.0,0.0,0.0,1.0
pink floyd,speak to me,0.0,1.0,0.4,0.2,0.2,0.8
late of the pier,space and the woods,0.0,0.8,0.8,0.0,0.8,0.8
alphaville,forever young,0.0,1.0,0.4,0.0,0.2,1.0
t.a.t.u.,all the things she said,0.0,1.0,0.8,0.0,0.2,1.0
nine inch nails,last,0.0,1.0,1.0,0.0,1.0,0.4
ladyhawke,paris is burning,0.0,1.0,0.6,0.0,0.6,0.8
soilwork,one with the flies,0.0,1.0,1.0,0.0,1.0,0.2
the prodigy,take me to the hospital,0.0,1.0,1.0,0.0,0.2,1.0
au revoir simone,sad song,0.0,0.8,0.4,0.0,0.0,1.0
slowdive,when the sun hits,0.0,1.0,0.8,0.2,1.0,0.2
jeff buckley,corpus christi carol,0.0,1.0,0.2,0.2,0.8,0.0
beck,elevator music,0.0,1.0,0.6,0.2,0.6,0.8
hercules and love affair,hercules theme,0.0,1.0,0.8,0.4,0.6,0.8
scissor sisters,filthy/gorgeous,0.0,1.0,0.8,0.0,0.4,1.0
queens of the stone age,avon,0.0,0.8,0.8,0.0,1.0,0.0
metallica,ride the lightning,0.0,0.8,1.0,0.0,1.0,0.0
the raconteurs,yellow sun,0.0,0.8,0.4,0.6,0.4,0.0
m83,i guess i'm floating,0.0,1.0,0.2,0.0,0.2,1.0
depeche mode,see you,0.0,0.8,0.4,0.0,0.0,1.0
björk,enjoy,0.0,1.0,0.8,0.0,0.2,1.0
jimi hendrix,castles made of sand,0.0,0.8,0.4,0.2,1.0,0.0
iron & wine,lovesong of the buzzard,0.0,1.0,0.4,0.8,0.4,0.2
radiohead,the gloaming,0.0,1.0,0.6,0.0,0.4,1.0
the libertines,what became of the likely lads,0.0,0.6,0.6,0.0,1.0,0.0
placebo,blue american,0.0,0.8,0.6,0.0,1.0,0.2
beck,missing,0.0,1.0,0.4,0.8,0.4,0.4
porcupine tree,gravity eyelids,0.0,1.0,0.8,0.2,0.8,0.6
green day,extraordinary girl,0.0,1.0,0.8,0.2,1.0,0.0
nick cave & the bad seeds,henry lee,0.0,1.0,0.4,0.8,0.2,0.0
soundgarden,spoonman,0.0,1.0,1.0,0.2,1.0,0.0
sufjan stevens,prairie fire that wanders about,0.0,1.0,0.4,0.8,0.2,0.0
pj harvey,down by the water,0.0,1.0,0.6,0.2,0.6,0.8
cat power,love & communication,0.0,1.0,0.6,0.4,0.8,0.0
joanna newsom,emily,0.0,1.0,0.6,1.0,0.0,0.0
the strokes,the way it is,0.0,0.8,0.6,0.0,1.0,0.0
a.c. newman,miracle drug,0.0,0.8,0.6,0.2,0.8,0.2
muse,falling down,0.0,0.8,0.4,0.2,0.8,0.2
sonic youth,silver rocket,0.0,0.8,1.0,0.0,1.0,0.0
björk,alarm call,0.0,1.0,0.6,0.0,0.2,1.0
the new pornographers,these are the fables,0.0,1.0,0.6,0.2,0.8,0.4
the white stripes,you've got her in your pocket,0.0,0.8,0.2,1.0,0.0,0.0
kaiser chiefs,never miss a beat,0.0,1.0,0.8,0.2,1.0,0.2
pearl jam,elderly woman behind the counter in a small town,0.0,1.0,0.4,0.8,0.4,0.0
blur,on your own,0.0,0.8,0.6,0.0,0.4,0.8
emily haines & the soft skeleton,mostly waving,0.0,0.8,0.2,1.0,0.2,0.0
daft punk,too long,0.0,1.0,0.8,0.0,0.2,1.0
suzanne vega,tom's diner,0.0,1.0,0.2,1.0,0.0,0.0
peter bjorn and john,let's call it off,0.0,0.8,0.6,0.4,0.8,0.0
10cc,i'm not in love,0.0,1.0,0.4,0.2,0.6,0.2
goldfrapp,train,0.0,1.0,0.8,0.0,0.4,1.0
bob dylan,ballad of a thin man,0.0,0.8,0.4,0.4,0.6,0.0
metallica,turn the page,0.0,1.0,0.8,0.2,1.0,0.0
m83,graveyard girl,0.0,1.0,0.8,0.2,0.6,1.0
doves,pounding,0.0,1.0,0.8,0.2,1.0,0.2
sonic youth,rats,0.0,0.8,0.8,0.2,1.0,0.0
sigur rós,hjartað hamast (bamm bamm bamm),0.0,1.0,0.8,0.4,0.8,0.2
the gathering,travel,0.0,1.0,0.6,0.2,0.8,0.6
led zeppelin jam,you shook me,0.0,0.8,0.8,0.2,1.0,0.0
p!nk,just like a pill,0.0,1.0,0.8,0.2,0.8,0.2
the sounds,living in america,0.0,1.0,0.8,0.2,0.8,0.8
queens of the stone age,auto pilot,0.0,0.8,0.6,0.0,1.0,0.2
oasis,little by little,0.0,1.0,0.8,0.4,1.0,0.2
girl talk,set it off,0.0,0.8,1.0,0.0,0.6,0.8
the kills,alphabet pony,0.0,0.6,0.8,0.0,0.8,0.4
metallica,the unforgiven ii,0.0,1.0,0.8,0.2,1.0,0.0
evanescence,missing,0.0,1.0,0.4,0.6,0.2,0.6
spoon,eddie's ragga,0.0,0.8,0.6,0.4,0.8,0.2
patrick wolf,the childcatcher,0.0,0.8,0.8,0.4,0.2,0.8
nick cave & the bad seeds,the weeping song,0.0,0.8,0.4,0.8,0.4,0.0
the coral,in the morning,0.0,0.8,0.6,0.4,0.8,0.0
rufus wainwright,going to a town,0.0,1.0,0.4,0.8,0.4,0.0
m.i.a.,pull up the people,0.0,0.8,0.8,0.0,0.2,1.0
m83,skin of the night,0.0,1.0,0.4,0.0,0.4,1.0
weezer,no one else,0.0,1.0,0.8,0.2,1.0,0.0
foals,the french open,0.0,0.8,0.8,0.4,1.0,0.0
the beach boys,i get around,0.0,1.0,0.6,0.4,0.8,0.0
system of a down,shimmy,0.0,1.0,1.0,0.0,1.0,0.0
foals,hummer,0.0,0.8,0.8,0.2,1.0,0.0
iamx,kiss and swallow,0.0,0.8,0.8,0.0,0.2,1.0
my morning jacket,off the record,0.0,1.0,0.8,0.2,1.0,0.4
goldfrapp,crystalline green,0.0,1.0,0.8,0.0,0.4,1.0
keane,atlantic,0.0,1.0,0.8,0.4,0.6,0.8
nine inch nails,10 ghosts ii,0.0,1.0,0.8,0.2,0.6,1.0
the who,substitute,0.0,0.8,0.8,0.2,1.0,0.0
simian mobile disco,tits & acid,0.0,1.0,0.8,0.0,0.2,1.0
the avalanches,since i left you,0.0,1.0,0.6,0.4,0.6,0.4
björk,aeroplane,0.0,1.0,0.6,0.8,0.2,0.4
ac/dc,shoot to thrill,0.0,1.0,1.0,0.0,1.0,0.0
anathema,one last goodbye,0.0,0.8,0.4,0.6,0.4,0.2
weezer,pink triangle,0.0,0.6,0.8,0.0,1.0,0.0
him,in joy and sorrow,0.0,1.0,0.6,0.2,1.0,0.4
jimmy eat world,a praise chorus,0.0,1.0,0.8,0.2,1.0,0.0
asobi seksu,strawberries,0.0,1.0,0.8,0.2,1.0,0.4
ladytron,discotraxx,0.0,0.8,0.6,0.0,0.0,1.0
rilo kiley,the absence of god,0.0,0.8,0.4,0.8,0.4,0.0
cocorosie,tahiti rain song,0.4,0.4,0.2,0.8,0.2,0.2
patrick wolf,don't say no,0.0,1.0,0.6,0.6,0.4,0.6
goldfrapp,number 1,0.0,1.0,0.4,0.0,0.4,1.0
asobi seksu,strings,0.0,1.0,0.8,0.2,1.0,0.4
yeah yeah yeahs,dull life,0.0,1.0,0.8,0.2,1.0,0.2
sonic youth,dirty boots,0.0,0.8,0.8,0.2,1.0,0.0
him,vampire heart,0.0,1.0,0.8,0.0,1.0,0.4
the kills,getting down,0.0,0.8,0.6,0.0,1.0,0.4
carla bruni,quelqu'un m'a dit,0.0,0.8,0.2,1.0,0.0,0.0
stars,the first five times,0.0,1.0,0.6,0.2,0.8,0.4
bat for lashes,bat's mouth,0.0,0.8,0.4,0.8,0.4,0.4
the white stripes,the nurse,0.0,0.8,0.6,0.8,0.4,0.0
coheed and cambria,welcome home,0.0,1.0,1.0,0.2,1.0,0.2
afi,this celluloid dream,0.0,1.0,0.8,0.0,1.0,0.2
shivaree,goodnight moon,0.0,0.8,0.4,0.2,0.8,0.2
beck,chemtrails,0.0,1.0,0.8,0.2,0.8,0.4
pj harvey,this mess we're in,0.0,1.0,0.4,0.4,0.8,0.4
depeche mode,the sinner in me,0.0,1.0,0.8,0.4,0.6,0.8
depeche mode,sister of night,0.0,1.0,0.6,0.0,0.4,1.0
the kooks,do you wanna,0.0,0.8,0.8,0.2,1.0,0.0
janis joplin,me and bobby mcgee,0.0,1.0,0.8,0.2,1.0,0.0
cocorosie,butterscotch,0.0,0.6,0.4,0.6,0.4,0.6
elliott smith,single file,0.0,0.4,0.2,1.0,0.2,0.0
neko case,lion's jaws,0.0,1.0,0.4,0.4,0.8,0.0
the beatles,i will,0.0,0.8,0.2,1.0,0.0,0.0
junior senior,move your feet,0.0,1.0,0.8,0.0,0.2,1.0
pantera,domination,0.0,1.0,1.0,0.2,1.0,0.0
blonde redhead,misery is a butterfly,0.0,1.0,0.4,0.6,0.6,0.2
u2,walk on,0.0,1.0,0.8,0.2,0.8,0.4
imogen heap,speeding cars,0.0,1.0,0.6,0.2,0.2,1.0
the smiths,rubber ring,0.0,0.8,0.4,0.2,0.8,0.0
my chemical romance,you know what they do to guys like us in prison,0.0,1.0,1.0,0.2,1.0,0.0
katatonia,consternation,0.0,1.0,0.8,0.0,1.0,0.2
iron & wine,free until they cut me down,0.0,0.8,0.4,0.8,0.2,0.0
marvin gaye,what's going on,0.0,1.0,0.4,0.8,0.4,0.0
ex pistols,anarchy in the u.k.,0.0,0.6,1.0,0.0,1.0,0.0
band of horses,marry song,0.0,0.8,0.4,0.2,0.8,0.0
no doubt,spiderwebs,0.0,1.0,0.8,0.4,0.8,0.0
kate bush,hounds of love,0.0,1.0,0.8,0.2,0.4,1.0
nick drake,parasite,0.0,0.8,0.2,1.0,0.0,0.0
animal collective,guys eyes,0.0,1.0,0.6,0.4,0.2,1.0
jem,just a ride,0.0,1.0,0.4,0.2,0.4,0.8
children of bodom,are you dead yet?,0.0,1.0,1.0,0.0,1.0,0.4
new order,regret,0.0,1.0,0.6,0.0,0.8,0.6
soilwork,follow the hollow,0.0,1.0,1.0,0.2,1.0,0.6
wolfmother,mind's eye,0.0,0.8,0.8,0.2,1.0,0.4
wolfmother,pyramid,0.0,0.8,1.0,0.0,1.0,0.0
damien rice,dogs,0.0,0.8,0.4,1.0,0.2,0.0
the beatles,she came in through the bathroom window,0.0,1.0,0.6,0.2,0.8,0.0
pearl jam,rearviewmirror,0.0,0.8,1.0,0.0,1.0,0.0
mando diao,the band,0.0,0.8,0.8,0.2,1.0,0.0
scissor sisters,music is the victim,0.0,1.0,0.8,0.0,0.8,0.8
m.i.a.,xr2,0.0,1.0,0.8,0.2,0.2,1.0
björk,all neon like,0.0,1.0,0.4,0.4,0.2,0.8
wilco,hate it here,0.0,1.0,0.4,0.2,0.8,0.0
buzzcocks,ever fallen in love?,0.0,0.8,0.8,0.2,1.0,0.0
belle and sebastian,act of the apostle ii,0.0,1.0,0.6,0.4,0.8,0.2
uffie,pop the glock,0.0,0.8,0.6,0.0,0.0,1.0
the album leaf,always for you,0.0,1.0,0.4,0.4,0.6,0.8
the cure,disintegration,0.0,1.0,0.8,0.0,0.8,0.6
kanye west,amazing (feat. young jeezy),0.0,1.0,0.6,0.0,0.2,1.0
pixies,no. 13 baby,0.0,1.0,0.8,0.0,1.0,0.0
the red jumpsuit apparatus,your guardian angel,0.0,1.0,0.6,0.8,0.2,0.0
evanescence,snow white queen,0.0,1.0,0.8,0.4,1.0,0.4
the dandy warhols,nietzsche,0.0,1.0,0.8,0.2,1.0,0.4
tori amos,bouncing off clouds,0.0,1.0,0.8,0.6,0.4,0.6
nine inch nails,a warm place,0.0,1.0,0.2,0.0,0.0,1.0
pink floyd,one of my turns,0.0,1.0,0.8,0.2,1.0,0.4
cat power,fool,0.0,0.6,0.4,0.2,0.6,0.0
radiohead,sail to the moon,0.0,1.0,0.4,0.6,0.4,0.4
kate nash,mouthwash,0.0,0.8,0.6,0.6,0.4,0.2
the white stripes,i'm slowly turning into you,0.0,0.8,0.8,0.2,1.0,0.0
the faint,glass danse,0.0,0.8,0.8,0.2,0.6,1.0
audioslave,doesn't remind me,0.0,1.0,0.8,0.0,1.0,0.0
paramore,emergency,0.0,0.8,0.8,0.0,1.0,0.0
pj harvey,victory,0.0,0.6,0.8,0.2,1.0,0.0
wolf parade,dinner bells,0.0,0.8,0.6,0.4,0.8,0.2
pj harvey,one line,0.0,1.0,0.6,0.2,1.0,0.0
pearl jam,garden,0.0,0.8,0.8,0.2,1.0,0.0
cat power,werewolf,0.0,0.8,0.2,1.0,0.0,0.0
the sounds,queen of apology,0.0,1.0,0.8,0.2,0.8,0.6
the sounds,painted by numbers,0.0,1.0,0.8,0.2,0.8,0.6
beck,we dance alone,0.0,1.0,0.6,0.2,0.8,0.4
depeche mode,freelove,0.0,1.0,0.4,0.0,0.4,1.0
dread zeppelin,no quarter,0.0,0.6,0.6,0.2,0.8,0.2
grandaddy,a.m. 180,0.0,0.6,0.6,0.2,0.8,0.8
norah jones,seven years,0.0,1.0,0.2,1.0,0.0,0.0
pink floyd,keep talking,0.0,1.0,0.8,0.2,0.8,0.6
the velvet underground,who loves the sun,0.0,0.8,0.4,0.6,0.4,0.0
slowdive,souvlaki space station,0.0,1.0,0.6,0.2,1.0,0.4
the knife,rock classics,0.0,0.8,0.8,0.0,0.0,1.0
the feeling,fill my little world,0.0,1.0,0.6,0.4,0.8,0.4
nine inch nails,getting smaller,0.0,1.0,1.0,0.2,1.0,0.6
kaiser chiefs,everything is average nowadays,0.0,1.0,0.8,0.2,1.0,0.2
the stone roses,i am the resurrection,0.0,0.8,0.8,0.2,1.0,0.0
fall out boy,don't you know who i think i am?,0.0,1.0,0.8,0.0,1.0,0.2
red hot chili peppers,get on top,0.0,0.8,0.8,0.0,1.0,0.0
adam green,hard to be a girl,0.0,0.8,0.4,0.8,0.4,0.0
bloc party,signs,0.0,1.0,0.4,0.2,0.2,0.8
no doubt,sunday morning,0.0,1.0,0.6,0.2,0.8,0.2
beck,walls,0.0,1.0,0.8,0.4,0.8,0.4
the beatles,wait,0.0,0.8,0.6,0.4,0.8,0.0
girl talk,ask about me,0.0,1.0,1.0,0.2,0.8,0.8
emilie autumn,opheliac,0.0,0.8,0.8,0.2,0.4,1.0
girl talk,hand clap,0.0,1.0,1.0,0.0,0.8,0.8
justin timberlake,what goes around.../...comes around interlude,0.0,1.0,0.8,0.4,0.2,0.8
rufus wainwright,oh what a world,0.0,1.0,0.6,0.8,0.4,0.2
the new pornographers,broken breads,0.0,1.0,0.6,0.4,0.8,0.4
sufjan stevens,say yes! to m!ch!gan!,0.0,0.8,0.6,0.8,0.4,0.2
afi,the leaving song,0.0,1.0,0.4,0.8,0.2,0.2
babyshambles,you talk,0.0,0.8,0.6,0.2,1.0,0.0
evanescence,anywhere,0.0,0.6,0.4,0.6,0.2,0.6
kanye west,homecoming (feat. chris martin),0.0,1.0,0.6,0.4,0.2,0.8
guns n' roses,don't cry (original),0.0,1.0,0.6,0.4,0.8,0.2
in flames,system,0.0,1.0,1.0,0.0,1.0,0.4
within temptation,stand my ground,0.0,1.0,0.8,0.2,0.8,0.6
black rebel motorcycle club,whatever happened to my rock 'n' roll,0.0,0.6,1.0,0.2,1.0,0.0
zero 7,the space between,0.0,1.0,0.4,0.4,0.6,0.8
elliott smith,coming up roses,0.0,0.6,0.6,0.2,0.8,0.0
the clash,london's burning,0.0,0.6,0.8,0.2,1.0,0.0
paolo nutini,last request,0.0,1.0,0.4,0.8,0.4,0.0
incubus,agoraphobia,0.0,1.0,0.6,0.2,1.0,0.4
the clash,the right profile,0.0,0.8,0.8,0.8,0.6,0.0
lez zeppelin,the ocean,0.0,0.8,0.8,0.0,1.0,0.0
wolfmother,joker & the thief,0.0,1.0,1.0,0.0,1.0,0.0
amy winehouse,fuck me pumps,0.0,1.0,0.4,0.4,0.8,0.2
kevin shields,ikebana,0.0,1.0,0.2,0.0,0.8,0.4
slayer,altar of sacrifice,0.0,0.8,1.0,0.0,1.0,0.0
the velvet underground,what goes on,0.0,0.8,0.6,0.2,1.0,0.0
death from above 1979,sexy results,0.0,0.8,0.8,0.4,1.0,0.0
soilwork,as we speak,0.0,1.0,1.0,0.0,1.0,0.4
soilwork,weapon of vanity,0.0,1.0,1.0,0.0,1.0,0.2
bright eyes,land locked blues,0.0,0.8,0.4,1.0,0.2,0.0
ratatat,tropicana,0.0,1.0,0.6,0.2,0.8,0.6
marilyn manson,the fight song,0.0,1.0,1.0,0.0,1.0,0.6
black rebel motorcycle club,wishing well,0.0,0.8,0.8,0.2,1.0,0.0
yann tiersen,les jours tristes (instrumental),0.0,1.0,0.4,1.0,0.2,0.0
the automatic,monster,0.0,1.0,0.8,0.2,0.8,0.6
whitesnake,fool for your loving,0.0,1.0,0.8,0.0,1.0,0.2
violent femmes,gone daddy gone,0.0,0.6,0.6,1.0,0.2,0.0
the b-52's,love shack,0.0,1.0,0.8,0.4,0.8,0.6
boy kill boy,suzie,0.0,1.0,0.8,0.0,1.0,0.4
inxs,need you tonight,0.0,1.0,0.6,0.0,0.8,0.6
britney spears,perfect lover,0.0,1.0,0.8,0.0,0.2,1.0
matchbox twenty,if you're gone,0.0,1.0,0.6,0.4,0.8,0.2
the rolling stones,(i can't get no) satisfaction,0.0,0.8,0.8,0.2,1.0,0.0
mika,stuck in the middle,0.0,1.0,0.8,0.6,0.6,0.2
the human league,don't you want me,0.0,1.0,0.6,0.0,0.2,1.0
in flames,crawl through knives,0.0,1.0,1.0,0.0,1.0,0.2
lynyrd skynyrd,simple man,0.0,0.8,0.6,0.2,1.0,0.0
feist,1 2 3 4,0.0,1.0,0.4,0.8,0.2,0.0
múm,now there's that fear again,0.0,0.8,0.2,0.4,0.2,1.0
audioslave,set it off,0.0,1.0,1.0,0.0,1.0,0.0
the cure,last dance,0.0,1.0,0.6,0.2,0.8,0.6
lifehouse,everything,0.0,1.0,0.8,0.2,0.8,0.2
imogen heap,closing in,0.0,1.0,0.6,0.2,0.2,1.0
zero 7,speed dial no. 2,0.0,1.0,0.4,0.6,0.6,0.4
placebo,ask for answers,0.0,1.0,0.6,0.2,1.0,0.4
pj harvey,silence,0.0,0.8,0.2,1.0,0.0,0.0
aesop rock,none shall pass,0.0,1.0,0.8,0.2,0.4,0.8
my bloody valentine,lose my breath,0.0,0.6,0.2,0.8,0.4,0.0
mew,circuitry of the wolf,0.0,1.0,0.8,0.2,1.0,0.4
hot chip,bendable poseable,0.0,1.0,0.6,0.0,0.6,1.0
wilco,side with the seeds,0.0,1.0,0.6,0.2,1.0,0.0
maxïmo park,acrobat,0.0,0.8,0.2,0.0,0.6,0.4
pantera,mouth for war,0.0,1.0,1.0,0.0,1.0,0.0
tegan and sara,i bet it stung,0.0,0.8,0.8,0.2,0.8,0.4
bob marley & the wailers,waiting in vain,0.0,1.0,0.4,0.4,0.8,0.0
camera obscura,come back margaret,0.0,1.0,0.4,0.4,0.8,0.2
the stills,lola stars and stripes,0.0,0.8,0.8,0.0,1.0,0.2
tv on the radio,crying,0.0,1.0,0.8,0.4,0.8,0.4
rammstein,moskau,0.0,1.0,1.0,0.2,1.0,0.6
regina spektor,chemo limo,0.0,0.8,0.6,0.8,0.2,0.0
feist,one two three four,0.0,1.0,0.6,0.8,0.2,0.0
elliott smith,christian brothers,0.0,0.6,0.4,1.0,0.2,0.0
the long blondes,separated by motorways,0.0,0.8,0.8,0.2,1.0,0.0
regina spektor,somedays,0.0,0.8,0.4,0.8,0.2,0.0
nightwish,gethsemane,0.0,0.8,0.8,0.2,1.0,0.6
nick drake,horn,0.0,0.8,0.2,1.0,0.0,0.0
iron & wine,resurrection fern,0.0,1.0,0.2,0.8,0.2,0.0
scissor sisters,return to oz,0.0,1.0,0.8,0.2,0.8,0.8
tokyo police club,your english is good,0.0,0.8,0.8,0.2,1.0,0.4
nine inch nails,in this twilight,0.0,1.0,0.8,0.2,0.6,1.0
calvin harris,acceptable in the 80s,0.0,0.8,0.6,0.0,0.2,1.0
we are scientists,after hours,0.0,1.0,0.6,0.2,1.0,0.0
beirut,the gulag orkestar,0.0,0.6,0.6,1.0,0.2,0.0
black rebel motorcycle club,shade of blue,0.0,0.8,0.6,0.2,0.8,0.2
smoke city,underwater love,0.0,1.0,0.4,0.6,0.4,0.6
arctic monkeys,505,0.0,0.8,0.6,0.2,0.8,0.0
david bowie,life on mars,0.0,0.8,0.6,0.8,0.4,0.0
antony and the johnsons,free at last,1.0,0.2,0.2,1.0,0.0,0.0
pink floyd,set the controls for the heart of the sun,0.0,0.6,0.4,0.4,0.8,0.0
the pipettes,your kisses are wasted on me,0.0,0.8,0.8,0.4,0.8,0.2
garbage,#1 crush,0.0,1.0,0.6,0.2,0.4,1.0
daft punk,touch it / technologic,1.0,1.0,1.0,0.0,0.2,1.0
black kids,i've underestimated my charm (again),0.0,1.0,0.6,0.2,0.8,0.8
led zeppelin jam,moby dick,0.0,0.8,0.8,0.6,0.4,0.0
the black angels,black grease,0.0,0.8,0.8,0.2,1.0,0.0
hot chip,hold on,0.0,1.0,0.8,0.0,0.4,1.0
the national,ada,0.0,1.0,0.6,0.8,0.4,0.0
the velvet underground,i'm sticking with you,0.0,0.6,0.2,0.8,0.2,0.0
belle and sebastian,the boy done wrong again,0.0,0.8,0.2,0.8,0.4,0.0
robyn,konichiwa bitches,0.0,1.0,0.8,0.0,0.2,1.0
depeche mode,leave in silence,0.0,0.8,0.4,0.0,0.2,1.0
daft punk,one more time / aerodynamic,1.0,1.0,1.0,0.0,0.2,1.0
him,soul on fire,0.0,1.0,0.8,0.0,1.0,0.2
apocalyptica,bittersweet,0.0,1.0,0.6,0.8,0.4,0.0
sonic youth,the sprawl,0.0,0.8,0.8,0.0,1.0,0.0
the ting tings,traffic light,0.0,0.8,0.4,0.6,0.4,0.2
james blunt,tears and rain,0.0,1.0,0.4,0.8,0.4,0.2
bloc party,halo,0.0,0.8,0.8,0.2,1.0,0.4
clint mansell,together we will live forever,0.0,1.0,0.4,1.0,0.0,0.0
spoon,sister jack,0.0,0.8,0.6,0.2,1.0,0.0
m.i.a.,20 dollar,0.0,1.0,0.8,0.2,0.2,1.0
black sabbath,planet caravan,0.0,0.8,0.2,0.4,0.8,0.0
the last shadow puppets,my mistakes were made for you,0.0,1.0,0.6,0.8,0.6,0.0
crystal castles,black panther,0.0,0.4,0.8,0.0,0.2,1.0
anton maiden,fear of the dark,0.0,0.2,0.6,0.2,0.0,1.0
metric,hardwire,0.0,0.8,0.6,0.2,0.6,0.8
nick drake,introduction,0.0,1.0,0.2,1.0,0.0,0.0
a perfect circle,vanishing,0.0,1.0,0.4,0.0,0.8,0.6
bat for lashes,sarah,0.0,0.8,0.4,0.8,0.2,0.4
the libertines,what a waster,0.0,0.6,0.8,0.0,1.0,0.0
porcupine tree,collapse the light into earth,0.0,1.0,0.4,0.8,0.4,0.2
the sounds,song with a mission,0.0,1.0,0.8,0.0,0.8,0.6
arctic monkeys,bigger boys and stolen sweethearts,0.0,0.6,0.6,0.0,1.0,0.0
the dandy warhols,godless,0.0,1.0,0.4,0.4,0.8,0.2
iron & wine,pagan angel and a borrowed car,0.0,1.0,0.6,0.8,0.4,0.0
pulp,sorted for e's & wizz,0.0,1.0,0.6,0.2,0.8,0.4
animal collective,taste,0.0,1.0,0.6,0.0,0.4,1.0
mirah,cold cold water,0.0,0.8,0.8,0.8,0.4,0.0
ladytron,fighting in built up areas,0.0,1.0,0.8,0.0,0.4,1.0
gym class heroes,cupid's chokehold,0.0,1.0,0.6,0.4,0.8,0.4
röyksopp,dead to the world,0.0,1.0,0.4,0.0,0.2,1.0
mylo,guilty of love,0.0,1.0,0.6,0.2,0.4,0.8
beck,strange apparition,0.0,1.0,0.6,0.6,0.6,0.2
architecture in helsinki,hold music,0.0,0.8,0.8,0.6,0.6,0.4
andrew bird,a nervous tic motion of the head to the left,0.0,1.0,0.6,0.8,0.4,0.0
bright eyes,take it easy (love nothing),0.0,0.8,0.6,0.2,0.6,0.8
pink floyd,echoes,0.0,0.8,0.8,0.2,1.0,0.4
daft punk,the prime time of your life,0.0,0.8,1.0,0.0,0.2,1.0
girl talk,no pause,0.0,1.0,1.0,0.0,0.8,0.6
oasis,i'm outta time,0.0,1.0,0.6,0.6,0.4,0.2
travis,re-offender,0.0,0.8,0.6,0.2,0.8,0.0
belle and sebastian,she's losing it,0.0,0.6,0.4,0.8,0.4,0.0
scissor sisters,tits on the radio,0.0,1.0,0.8,0.0,0.4,1.0
tool,hush,0.0,0.8,0.8,0.0,1.0,0.0
slayer,piece by piece,0.0,1.0,1.0,0.0,1.0,0.0
pearl jam,porch,0.0,0.8,1.0,0.0,1.0,0.0
tori amos,precious things,0.0,1.0,0.8,0.6,0.4,0.2
yann tiersen,la dispute,0.0,1.0,0.4,1.0,0.0,0.0
emily haines & the soft skeleton,the maid needs a maid,0.0,1.0,0.2,1.0,0.0,0.0
red hot chili peppers,my friends,0.0,1.0,0.4,0.8,0.4,0.0
tori amos,leather,0.0,1.0,0.4,0.8,0.2,0.0
panic at the disco,i constantly thank god for esteban,0.0,0.8,0.8,0.2,0.8,0.4
wilco,hummingbird,0.0,1.0,0.4,0.8,0.4,0.0
dj shadow,the number song,0.0,0.8,0.6,0.4,0.6,0.2
hot hot heat,you owe me an iou,0.0,0.8,0.8,0.2,0.8,0.6
the chemical brothers,saturate,0.0,1.0,0.8,0.0,0.2,1.0
the kooks,shine on,0.0,0.8,0.6,0.4,0.8,0.0
camera obscura,dory previn,0.0,1.0,0.4,0.4,0.6,0.0
30 seconds to mars,capricorn (a brand new name),0.0,1.0,0.8,0.2,0.8,0.4
the national,daughters of the soho riots,0.0,1.0,0.2,0.6,0.6,0.0
placebo,protège moi,0.0,1.0,0.8,0.2,1.0,0.2
broken social scene,i'm still your fag,0.0,0.8,0.2,0.8,0.2,0.0
black rebel motorcycle club,complicated situation,0.0,0.8,0.4,1.0,0.2,0.0
the clash,death or glory,0.0,0.8,0.8,0.2,1.0,0.0
blondie,picture this,0.0,1.0,0.6,0.2,1.0,0.2
neutral milk hotel,the fool,0.0,0.4,0.8,0.8,0.2,0.0
pj harvey,big exit,0.0,1.0,0.8,0.2,1.0,0.0
the jesus and mary chain,the hardest walk,0.0,0.4,0.6,0.0,1.0,0.2
patrick wolf,get lost,0.0,1.0,0.8,0.4,0.2,0.8
tokyo police club,citizens of tomorrow,0.0,0.8,0.8,0.2,1.0,0.4
afi,dancing through sunday,0.0,1.0,1.0,0.0,1.0,0.0
girl talk,what it's all about,0.0,0.8,1.0,0.0,0.6,1.0
boards of canada,in the annexe,0.0,0.8,0.2,0.2,0.2,1.0
system of a down,x,0.0,1.0,1.0,0.2,1.0,0.0
system of a down,soldier side (intro),0.0,1.0,0.4,1.0,0.0,0.0
system of a down,psycho,0.0,1.0,1.0,0.0,1.0,0.0
nightwish,over the hills and far away,0.0,0.8,0.8,0.2,1.0,0.4
radiohead,backdrifts,0.0,1.0,0.4,0.0,0.2,1.0
something corporate,konstantine,0.0,0.8,0.6,0.8,0.4,0.0
m.i.a.,bird flu,0.0,0.8,1.0,1.0,0.0,0.2
the stone roses,this is the one,0.0,0.8,0.6,0.2,1.0,0.0
deftones,feiticeira,0.0,1.0,0.8,0.0,1.0,0.2
lcd soundsystem,watch the tapes,0.0,1.0,0.8,0.2,0.8,0.6
ladytron,soft power,0.0,1.0,0.6,0.0,0.6,1.0
pink floyd,in the flesh?,0.0,1.0,0.8,0.2,1.0,0.2
pinback,fortress,0.0,0.8,0.4,0.2,0.8,0.2
bright eyes,hot knives,0.0,1.0,0.8,0.4,0.8,0.0
sleater-kinney,modern girl,0.0,0.6,0.6,0.2,1.0,0.0
the radio dept.,the worst taste in music,0.0,0.8,0.4,0.0,0.4,0.8
fall out boy,sophomore slump or comeback of the year,0.0,1.0,0.8,0.2,1.0,0.0
sigur rós,straumnes,0.0,1.0,0.2,0.8,0.2,0.4
the velvet underground,beginning to see the light,0.0,0.6,0.6,0.2,1.0,0.0
death in vegas,girls,0.0,1.0,0.6,0.2,0.8,0.8
thirteen senses,into the fire,0.0,1.0,0.6,0.6,0.6,0.2
the cloud room,hey now now,0.0,0.8,0.8,0.2,1.0,0.4
kings of convenience,sorry or please,0.0,1.0,0.2,1.0,0.2,0.0
sufjan stevens,flint (for the unemployed and underpaid),0.0,0.8,0.2,0.8,0.2,0.0
the beatles,the fool on the hill,0.0,1.0,0.4,0.8,0.4,0.0
the magic numbers,mornings eleven,0.0,0.8,0.4,0.6,0.6,0.0
dread zeppelin,the song remains the same,0.0,0.8,0.6,0.2,1.0,0.0
no doubt,bathwater,0.0,1.0,0.6,0.6,0.6,0.2
metallica,the unforgiven iii,0.0,0.8,0.8,0.2,1.0,0.0
him,poison girl,0.0,1.0,0.8,0.0,1.0,0.2
of montreal,a sentence of sorts in kongsvinger,0.0,1.0,0.8,0.2,0.6,1.0
bloc party,tulips,0.0,0.8,0.8,0.2,1.0,0.0
goldfrapp,clowns,0.0,1.0,0.2,0.8,0.2,0.4
katie melua,nine million bicycles,0.0,1.0,0.4,1.0,0.2,0.0
the libertines,vertigo,0.0,0.6,0.8,0.0,1.0,0.0
sonic syndicate,jailbreak,0.0,0.8,0.8,0.0,1.0,0.4
moby,bodyrock,0.0,1.0,0.8,0.0,0.8,1.0
architecture in helsinki,to and fro,0.0,0.6,0.4,0.8,0.4,0.2
elliott smith,wouldn't mama be proud?,0.0,1.0,0.6,0.4,0.8,0.0
neil young,the needle and the damage done,1.0,0.8,0.2,1.0,0.0,0.0
architecture in helsinki,fumble,0.0,0.6,0.4,0.8,0.4,0.2
elbow,forget myself,0.0,1.0,0.8,0.2,1.0,0.2
linkin park,with you,0.0,1.0,1.0,0.0,1.0,0.4
the flaming lips,the w.a.n.d.,0.0,0.8,1.0,0.2,1.0,0.6
autolux,turnstile blues,0.0,0.8,0.8,0.2,1.0,0.0
basement jaxx,red alert,0.0,1.0,0.8,0.2,0.2,1.0
beach house,master of none,0.0,0.6,0.4,0.0,0.6,0.8
melanie c,beautiful intentions,0.0,0.8,0.8,0.2,0.8,0.2
the dresden dolls,shores of california,0.0,0.8,0.8,0.8,0.2,0.0
radiohead,sit down. stand up. (snakes & ladders.),0.0,1.0,0.8,0.6,0.2,0.8
the beatles,polythene pam,0.0,1.0,0.8,0.4,0.8,0.0
aphex twin,vordhosbn,0.0,1.0,1.0,0.2,0.0,1.0
katatonia,follower,0.0,1.0,0.8,0.2,1.0,0.4
the cure,catch,0.0,1.0,0.4,0.4,0.6,0.4
hard-fi,tied up too tight,0.0,0.8,0.8,0.0,1.0,0.2
the raveonettes,love in a trashcan,0.0,1.0,0.6,0.2,1.0,0.0
modest mouse,heart cooks brain,0.0,0.6,0.6,0.4,0.8,0.0
tool,intolerance,0.0,0.8,1.0,0.2,1.0,0.0
madonna,4 minutes (feat. justin timberlake),0.0,1.0,0.8,0.2,0.2,1.0
m.i.a.,10 dollar,0.0,0.6,0.8,0.0,0.0,1.0
björk,declare independence,0.0,1.0,1.0,0.0,0.2,1.0
björk,hyper-ballad,0.0,1.0,0.6,0.2,0.2,1.0
eddie vedder,no ceiling,0.0,0.8,0.4,1.0,0.0,0.0
the black angels,young men dead,0.0,0.6,0.8,0.2,1.0,0.0
camera obscura,if looks could kill,0.0,1.0,0.6,0.2,0.8,0.0
nouvelle vague,a forest,0.0,1.0,0.2,1.0,0.2,0.2
the doors,alabama song,0.0,0.8,0.6,0.2,1.0,0.0
orchestral manoeuvres in the dark,enola gay,0.0,1.0,0.6,0.0,0.0,1.0
jens lekman,and i remember every kiss,0.0,1.0,0.6,0.8,0.4,0.2
battles,rainbow,0.0,1.0,0.6,0.2,0.8,0.6
joanna newsom,only skin,0.0,1.0,0.6,1.0,0.0,0.0
mew,am i wry? no,0.0,1.0,0.8,0.2,0.8,0.4
mew,a dark design,0.0,1.0,0.8,0.4,0.8,0.6
emily haines & the soft skeleton,detective daughter,0.0,1.0,0.2,1.0,0.2,0.0
girl talk,like this,0.0,1.0,1.0,0.0,0.8,1.0
my chemical romance,the end.,0.0,1.0,0.6,0.2,0.8,0.2
nirvana,scentless apprentice,0.0,0.8,1.0,0.2,1.0,0.0
in flames,bullet ride,0.0,0.8,1.0,0.0,1.0,0.2
m83,in the cold i'm standing,0.0,0.8,0.6,0.0,0.2,1.0
nelly furtado,glow,0.0,1.0,0.8,0.2,0.4,0.8
beirut,prenzlaurberg,0.0,0.6,0.4,1.0,0.2,0.0
the white stripes,passive manipulation,0.0,0.6,0.4,1.0,0.0,0.0
wolf parade,this heart's on fire,0.0,0.8,0.8,0.2,0.8,0.4
hot chip,look after me,0.0,0.8,0.4,0.2,0.4,1.0
snow patrol,take back the city,0.0,1.0,0.8,0.2,0.8,0.2
ladytron,he took her to a movie,0.0,0.6,0.4,0.0,0.2,1.0
santogold,lights out,0.0,1.0,0.4,0.2,0.8,0.6
patrick wolf,pigeon song,0.0,0.8,0.4,1.0,0.0,0.0
beach house,gila,0.0,0.8,0.4,0.2,0.8,0.6
björk,there's more to life than this,1.0,0.8,0.6,0.0,0.2,1.0
wolfmother,apple tree,0.0,0.8,1.0,0.0,1.0,0.0
björk,oceania,0.0,1.0,0.6,1.0,0.0,0.2
explosions in the sky,a song for our fathers,0.0,0.6,0.6,0.2,1.0,0.0
cut copy,autobahn music box,0.0,0.8,0.6,0.0,0.4,1.0
tool,useful idiot,0.0,0.6,0.4,0.0,0.2,0.0
fleet foxes,mykonos,0.0,1.0,0.6,1.0,0.2,0.0
lcd soundsystem,disco infiltrator,0.0,0.8,0.6,0.2,0.6,0.8
just jack,starz in their eyes,0.0,1.0,0.6,0.6,0.4,0.6
jim sturgess,i've just seen a face,0.0,1.0,0.6,0.8,0.2,0.0
amy macdonald,poison prince,0.0,0.8,0.6,0.6,0.6,0.0
bob dylan,girl from the north country,0.0,0.6,0.4,1.0,0.0,0.0
the zutons,valerie,0.0,0.8,0.8,0.4,0.8,0.0
kings of leon,velvet snow,0.0,0.8,0.8,0.0,1.0,0.0
ratatat,crips,0.0,1.0,0.8,0.0,0.8,0.8
the kooks,match box,0.0,0.8,0.8,0.2,1.0,0.0
rufus wainwright,poses,0.0,1.0,0.4,0.8,0.4,0.2
placebo,summer's gone,0.0,1.0,0.8,0.2,1.0,0.2
kasabian,l.s.f. (lost souls forever),0.0,1.0,0.8,0.2,0.8,0.6
gorillaz,demon days,0.0,1.0,0.4,0.6,0.4,0.4
red hot chili peppers,torture me,0.0,1.0,0.8,0.2,1.0,0.0
feist,how my heart behaves,0.0,1.0,0.2,0.8,0.2,0.0
kylie minogue,speakerphone,0.0,1.0,0.8,0.0,0.2,1.0
spoon,the delicate place,0.0,1.0,0.4,0.6,0.4,0.2
bullet for my valentine,tears don't fall,0.0,1.0,1.0,0.0,1.0,0.0
three days grace,i hate everything about you,0.0,1.0,0.8,0.2,1.0,0.0
kylie minogue,2 hearts,0.0,1.0,0.6,0.2,0.8,0.6
the smiths,nowhere fast,0.0,0.8,0.6,0.2,1.0,0.0
oasis,mucky fingers,0.0,0.8,0.8,0.8,0.6,0.0
black rebel motorcycle club,ha ha high babe,0.0,0.8,0.8,0.2,1.0,0.0
bush,swallowed,0.0,0.8,0.8,0.0,1.0,0.0
the decemberists,oceanside,0.0,0.8,0.2,0.8,0.2,0.0
vampire weekend,one (blake's got a new face),0.0,0.8,0.6,0.2,0.8,0.2
nine inch nails,even deeper,0.0,1.0,0.8,0.0,0.6,1.0
pink floyd,nobody home,0.0,1.0,0.4,0.8,0.4,0.2
boards of canada,everything you do is a balloon,0.0,0.8,0.4,0.0,0.2,1.0
pj harvey,you said something,0.0,1.0,0.4,0.4,0.8,0.0
sigur rós,illgresi,0.0,1.0,0.4,0.8,0.2,0.2
frou frou,only got one,0.0,1.0,0.6,0.2,0.2,1.0
pink floyd,another brick in the wall,0.0,1.0,0.8,0.2,1.0,0.4
nine inch nails,with teeth,0.0,1.0,0.8,0.4,0.8,0.8
mew,156,0.0,1.0,0.6,0.0,0.8,0.4
eurythmics,sweet dreams (are made of this),0.0,1.0,0.6,0.0,0.2,1.0
björk,frosti,0.0,1.0,0.2,1.0,0.0,0.0
modest mouse,blame it on the tetons,0.0,1.0,0.2,0.8,0.4,0.0
the psychedelic furs,love my way,0.0,1.0,0.6,0.4,0.6,0.8
the go! team,friendship update,0.0,0.6,0.6,0.4,0.8,0.2
keane,perfect symmetry,0.0,1.0,0.6,0.2,0.6,0.8
kings of convenience,failure,0.0,0.8,0.2,1.0,0.0,0.0
belle and sebastian,electronic renaissance,0.0,0.6,0.6,0.0,0.2,1.0
bedouin soundclash,when the night feels my song,0.0,0.8,0.4,0.8,0.4,0.0
green day,are we the waiting,0.0,1.0,0.8,0.2,1.0,0.2
jens lekman,your arms around me,0.0,1.0,0.4,0.8,0.4,0.2
fall out boy,nobody puts baby in the corner,0.0,1.0,0.8,0.2,1.0,0.0
fiona apple,sally's song,0.0,1.0,0.2,1.0,0.0,0.0
chemistry,約束の場所,0.0,1.0,0.6,0.6,0.4,0.6
the new pornographers,mass romantic,0.0,0.8,0.8,0.2,1.0,0.4
kanye west,robocop,0.0,1.0,0.6,0.4,0.2,1.0
the album leaf,eastern glow,0.0,1.0,0.4,0.6,0.6,0.6
creedence clearwater revisited,down on the corner,1.0,0.8,0.6,0.2,1.0,0.0
zero 7,passing by,0.0,1.0,0.4,0.4,0.6,0.8
the album leaf,over the pond,0.0,1.0,0.4,0.2,0.6,0.8
moby,where you end,0.0,1.0,0.4,0.4,0.8,0.6
seether (feat. amy lee),broken,0.0,1.0,0.6,0.6,0.6,0.0
queens of the stone age,if only,0.0,0.8,0.8,0.2,1.0,0.0
damien rice,elephant,0.0,0.8,0.6,0.8,0.4,0.0
maroon 5,little of your time,0.0,1.0,0.8,0.2,0.8,0.4
pet shop boys,west end girls,0.0,1.0,0.6,0.0,0.2,1.0
linkin park,my december,0.0,1.0,0.2,0.4,0.2,0.8
pendulum,hold your colour,0.0,1.0,1.0,0.2,0.2,1.0
pearl jam,why go,0.0,1.0,1.0,0.0,1.0,0.0
deftones,beware,0.0,0.8,0.8,0.2,1.0,0.4
deftones,cherry waves,0.0,1.0,0.6,0.0,1.0,0.4
wilco,via chicago,0.0,1.0,0.4,0.6,0.6,0.2
band of horses,lamb on the lam (in the city),0.0,0.8,0.4,0.8,0.2,0.0
iron & wine,faded from the winter,0.0,0.4,0.2,1.0,0.0,0.0
gang of four,not great men,0.0,0.6,0.8,0.2,1.0,0.0
disturbed,i'm alive,0.0,1.0,1.0,0.2,1.0,0.0
sex pistols,bodies,0.0,0.8,1.0,0.0,1.0,0.0
him,gone with the sin,0.0,1.0,0.4,0.2,0.8,0.4
robots in disguise,turn it up,0.0,0.8,0.8,0.0,0.8,0.8
mogwai,ratts of the capital,0.0,1.0,1.0,0.2,1.0,0.4
marilyn manson,sweet dreams (are made of this),0.0,0.8,0.8,0.0,0.8,0.8
lily allen,everyone's at it,0.0,1.0,0.8,0.2,0.2,1.0
kings of leon,be somebody,0.0,1.0,0.8,0.2,1.0,0.0
led zeppelin,houses of the holy,0.0,0.8,0.8,0.2,1.0,0.0
modest mouse,the cold part,0.0,0.8,0.4,0.2,0.8,0.2
modest mouse,steam engenius,0.0,1.0,0.8,0.2,1.0,0.2
suede,trash,0.0,1.0,0.8,0.0,1.0,0.2
wilco,please be patient with me,0.0,1.0,0.2,0.8,0.4,0.0
johnny cash,god's gonna cut you down,0.0,1.0,0.8,0.8,0.2,0.0
lcd soundsystem,too much love,0.0,0.8,0.8,0.0,0.4,1.0
fiona apple,get him back,0.0,0.8,0.6,0.8,0.4,0.0
u2,all because of you,0.0,1.0,0.8,0.0,1.0,0.0
the decemberists,the bagman's gambit,0.0,0.8,0.4,0.8,0.4,0.0
maná,hechicera,0.0,1.0,0.6,0.2,0.8,0.2
lacuna coil,enjoy the silence,0.0,1.0,0.8,0.0,1.0,0.4
patrick wolf,london,0.0,0.8,0.6,0.6,0.4,0.8
dimmu borgir,progenies of the great apocalypse,0.0,1.0,1.0,0.4,0.8,0.4
goldfrapp,satin chic,0.0,1.0,0.6,0.4,0.4,0.8
fiona apple,the way things are,0.0,1.0,0.6,0.8,0.4,0.0
the smiths,the hand that rocks the cradle,0.0,0.8,0.4,0.2,1.0,0.0
paramore,hallelujah,0.0,1.0,0.8,0.2,1.0,0.0
amy macdonald,mr rock & roll,0.0,1.0,0.6,0.8,0.6,0.0
architecture in helsinki,city calm down,0.0,0.6,0.4,0.8,0.4,0.4
amorphis,silent waters,0.0,1.0,0.8,0.2,1.0,0.6
david bowie,queen bitch,0.0,0.8,0.8,0.4,1.0,0.0
visage,fade to grey,0.0,1.0,0.6,0.0,0.2,1.0
depeche mode,black celebration,0.0,1.0,0.8,0.0,0.4,1.0
type o negative,my girlfriend's girlfriend,0.0,1.0,0.6,0.0,1.0,0.6
cary brothers,blue eyes,0.0,0.8,0.4,0.8,0.4,0.2
the chemical brothers,star guitar,0.0,1.0,0.6,0.0,0.2,1.0
björk,pleasure is all mine,0.0,1.0,0.6,0.8,0.0,0.2
regina spektor,lady,0.0,0.6,0.4,1.0,0.0,0.0
yo la tengo,beanbag chair,0.0,1.0,0.6,0.4,0.8,0.2
korn,falling away from me,0.0,1.0,0.8,0.0,1.0,0.2
the beatles,yer blues,0.0,0.6,1.0,0.2,1.0,0.0
mogwai,golden porsche,0.0,1.0,0.2,0.8,0.2,0.0
iron & wine,passing afternoon,0.0,0.8,0.2,1.0,0.2,0.0
the postal service,be still my heart,0.0,0.8,0.4,0.0,0.4,1.0
elliott smith,i didn't understand,0.0,1.0,0.2,1.0,0.0,0.0
the presets,girl and the sea,0.0,0.8,0.4,0.2,0.2,1.0
david bowie,lady stardust,0.0,0.8,0.4,0.8,0.4,0.0
bruce springsteen,thunder road,0.0,1.0,0.6,0.8,0.4,0.0
bloc party,one month off,0.0,1.0,0.8,0.0,0.8,0.8
kate bush,cloudbusting,0.0,1.0,0.6,0.8,0.4,0.6
queens of the stone age,better living through chemistry,0.0,0.8,0.8,0.2,1.0,0.0
deftones,rx queen,0.0,1.0,0.6,0.2,0.8,0.6
m83,moonchild,0.0,1.0,0.8,0.2,0.6,1.0
queens of the stone age,someone's in the wolf,0.0,1.0,1.0,0.2,1.0,0.2
portishead,seven months,0.0,1.0,0.6,0.4,0.6,0.8
nouvelle vague,blue monday,0.0,0.8,0.2,1.0,0.2,0.0
tool,intermission,0.0,1.0,0.2,0.0,0.0,1.0
minus the bear,absinthe party at the fly honey warehouse,0.0,0.8,0.6,0.0,1.0,0.2
mogwai,moses? i amn't,0.0,1.0,0.2,0.0,0.2,1.0
beck,replica,0.0,0.8,0.6,0.2,0.8,0.6
television,see no evil,0.0,0.8,0.8,0.2,1.0,0.0
estelle,american boy (feat. kanye west),0.0,1.0,0.6,0.2,0.4,0.8
yeah yeah yeahs,soft shock,0.0,1.0,0.6,0.2,0.6,0.8
mando diao,tv & me,0.0,0.8,0.4,0.8,0.4,0.0
camera obscura,the false contender,0.0,1.0,0.4,0.4,0.8,0.2
the clash,complete control,0.0,0.6,0.8,0.2,1.0,0.0
thievery corporation,until the morning,0.0,1.0,0.2,0.6,0.4,0.8
le tigre,tko,0.0,1.0,0.8,0.0,0.6,1.0
counting crows,mr. jones,0.0,1.0,0.6,0.4,0.8,0.0
placebo,in the cold light of morning,0.0,1.0,0.6,0.2,1.0,0.4
yelle,à cause des garçons,0.0,1.0,0.8,0.0,0.0,1.0
sigur rós,agaetis byrjun,0.0,1.0,0.4,0.8,0.4,0.4
moby,everloving,0.0,1.0,0.4,0.6,0.2,0.6
iamx,nightlife,0.0,1.0,0.8,0.0,0.4,1.0
the decemberists,clementine,0.0,0.8,0.2,1.0,0.2,0.0
santogold,my superman,0.0,1.0,0.4,0.0,0.2,1.0
the prodigy,out of space,0.0,0.8,1.0,0.0,0.0,1.0
porcupine tree,arriving somewhere but not here,0.0,1.0,0.8,0.2,1.0,0.4
queens of the stone age,into the hollow,0.0,1.0,0.6,0.2,1.0,0.2
the offspring,want you bad,0.0,1.0,0.8,0.2,1.0,0.0
rammstein,mutter,0.0,1.0,0.8,0.2,0.8,0.4
jens lekman,a postcard to nina,0.0,0.8,0.4,0.8,0.4,0.2
kylie minogue,i believe in you,0.0,1.0,0.6,0.0,0.2,1.0
pink floyd,coming back to life,0.0,1.0,0.6,0.2,1.0,0.4
kylie minogue,like a drug,0.0,1.0,0.8,0.0,0.2,1.0
black rebel motorcycle club,american x,0.0,1.0,0.6,0.0,1.0,0.2
m83,couleurs,0.0,1.0,0.8,0.2,0.4,1.0
bright eyes,bowl of oranges,0.0,0.8,0.6,0.8,0.4,0.0
bob marley & the wailers,is this love,0.0,0.8,0.4,0.2,0.8,0.0
the beatles,you won't see me,0.0,0.8,0.4,0.4,0.8,0.0
burial,shell of light,0.0,0.6,0.4,0.0,0.0,1.0
the who,magic bus,0.0,0.6,0.6,0.8,0.4,0.0
vitalic,my friend dario,0.0,1.0,1.0,0.0,0.0,1.0
65daysofstatic,drove through ghosts to get here,0.0,1.0,0.8,0.2,0.8,0.6
explosions in the sky,the birth and death of the day,0.0,1.0,0.8,0.2,1.0,0.0
a tribe called quest,can i kick it?,0.0,0.8,0.4,0.0,0.8,0.2
björk,cocoon,0.0,1.0,0.0,0.0,0.0,1.0
dead kennedys,california über alles,0.0,0.4,0.8,0.2,1.0,0.0
massive attack,five man army,0.0,0.8,0.4,0.2,0.6,0.8
jimi hendrix,red house,0.0,0.6,0.6,0.2,1.0,0.0
wilco,shake it off,0.0,1.0,0.6,0.4,0.8,0.2
katatonia,saw you drown,0.0,0.8,0.6,0.0,1.0,0.2
the wombats,moving to new york,0.0,0.8,0.8,0.2,1.0,0.2
sufjan stevens,in the devil's territory,0.0,0.8,0.6,1.0,0.2,0.0
of montreal,the party's crashing us,0.0,1.0,0.6,0.2,0.6,0.8
rilo kiley,more adventurous,0.0,1.0,0.4,0.8,0.4,0.0
santogold,creator,0.0,1.0,0.8,0.0,0.2,1.0
pendulum,showdown,0.0,1.0,1.0,0.0,0.6,1.0
bon jovi,it's my life,0.0,1.0,0.8,0.2,1.0,0.2
ok go,a million ways,0.0,1.0,0.8,0.2,1.0,0.0
tool,viginti tres,0.0,1.0,0.0,0.0,0.0,1.0
of montreal,the past is a grotesque animal,0.0,0.8,0.8,0.2,0.8,0.6
the decemberists,the legionnaire's lament,0.0,0.8,0.6,0.8,0.4,0.0
bonnie 'prince' billy,i see a darkness,0.0,0.6,0.2,1.0,0.2,0.0
!!!,a new name,0.0,0.8,0.8,0.2,0.8,0.8
tricky,overcome,0.0,1.0,0.4,0.2,0.4,1.0
linkin park,runaway,0.0,1.0,0.8,0.0,0.8,0.6
tenacious d,kickapoo,0.0,1.0,0.8,0.2,1.0,0.0
tenacious d,kielbasa,0.0,1.0,0.6,0.8,0.2,0.0
the subways,i want to hear what you have got to say,0.0,0.8,0.8,0.0,1.0,0.0
the pipettes,it hurts to see you dance so well,0.0,0.8,0.6,0.2,0.8,0.2
the last shadow puppets,standing next to me,0.0,1.0,0.6,0.6,0.8,0.0
roxette,it must have been love,0.0,1.0,0.6,0.4,0.8,0.6
glen hansard & markéta irglová,falling slowly,0.2,0.8,0.4,1.0,0.2,0.0
the avalanches,frontier psychiatrist,0.0,1.0,0.6,0.8,0.4,0.2
stars,calendar girl,0.0,0.8,0.4,0.4,0.6,0.6
sigur rós,hoppipolla afturabak,0.0,1.0,0.6,0.8,0.4,0.4
broken social scene,superconnected,0.0,0.8,0.8,0.2,1.0,0.2
the automatic,raoul,0.0,1.0,0.8,0.2,0.8,0.6
mew,why are you looking grave?,0.0,1.0,0.6,0.2,0.8,0.4
opeth,hope leaves,0.0,1.0,0.2,0.2,0.8,0.4
kings of convenience,know how,0.0,1.0,0.2,1.0,0.2,0.0
frida sandén,nu eller aldrig,0.0,1.0,0.6,0.2,0.4,0.8
belle and sebastian,wrapped up in books,0.0,1.0,0.6,0.6,0.6,0.2
garbage,run baby run,0.0,1.0,0.8,0.2,1.0,0.4
black rebel motorcycle club,window,0.0,0.8,0.6,0.2,0.8,0.0
the academy is...,the phrase that pays,0.0,0.8,0.8,0.2,1.0,0.0
the prodigy,thunder,0.0,1.0,1.0,0.0,0.2,1.0
daft punk,fresh,0.0,0.8,0.6,0.0,0.4,0.8
cat power,empty shell,0.0,1.0,0.4,0.8,0.4,0.0
placebo,i'll be yours,0.0,1.0,0.6,0.2,0.8,0.4
aphex twin,xtal,0.0,0.8,0.4,0.2,0.0,1.0
lenny kravitz,are you gonna go my way,0.0,1.0,0.8,0.2,1.0,0.0
dredg,catch without arms,0.0,1.0,0.6,0.2,1.0,0.2
the rakes,binary love,0.0,0.8,0.8,0.0,1.0,0.2
nine inch nails,the great destroyer,0.0,1.0,1.0,0.0,0.4,1.0
talking heads,heaven,0.0,0.8,0.4,0.2,0.8,0.2
spoon,rhthm and soul,0.0,1.0,0.8,0.2,1.0,0.0
green day,jesus of suburbia,0.0,1.0,0.8,0.2,1.0,0.0
fall out boy,i'm like a lawyer with the way i'm always trying to get you off (me & you),0.0,1.0,0.6,0.2,0.8,0.2
queens of the stone age,turnin' on the screw,0.0,1.0,0.8,0.0,1.0,0.2
sufjan stevens,the upper peninsula,0.0,0.8,0.4,0.8,0.4,0.2
u2,bad,0.0,1.0,0.6,0.4,0.8,0.4
katatonia,july,0.0,1.0,0.8,0.0,1.0,0.2
in flames,gyroscope,0.0,0.8,0.8,0.2,1.0,0.2
the raconteurs,blue veins,0.0,0.8,0.8,0.2,1.0,0.0
killswitch engage,my curse,0.0,1.0,1.0,0.2,1.0,0.0
pj harvey,broken harp,0.0,1.0,0.2,1.0,0.0,0.0
metallica,motorbreath,0.0,0.6,1.0,0.0,1.0,0.0
metallica,the call of ktulu,0.0,0.8,0.8,0.0,1.0,0.0
him,sweet pandemonium,0.0,0.8,0.8,0.2,1.0,0.2
type o negative,love you to death,0.0,1.0,0.6,0.2,0.8,0.6
matchbox twenty,disease,0.0,1.0,0.8,0.0,1.0,0.0
hercules and love affair,you belong,0.0,1.0,0.8,0.2,0.2,1.0
goldfrapp,slide in,0.0,1.0,0.6,0.2,0.2,1.0
queens of the stone age,hangin' tree,0.0,1.0,0.8,0.0,1.0,0.0
björk,like someone in love,0.0,0.8,0.2,1.0,0.0,0.0
patrick wolf,wolf song,0.0,0.8,0.6,0.8,0.4,0.2
david bowie,cracked actor,0.0,0.8,0.8,0.2,1.0,0.0
the jesus and mary chain,never understand,0.0,0.4,1.0,0.2,1.0,0.0
cat power,willie,0.0,1.0,0.4,0.8,0.4,0.0
guns n' roses,ain't it fun,0.0,0.8,0.8,0.0,1.0,0.0
idlewild,you held the world in your arms,0.0,1.0,0.8,0.4,1.0,0.0
rammstein,wo bist du,0.0,1.0,0.8,0.2,1.0,0.6
the beatles,when i'm sixty-four,0.0,1.0,0.4,0.8,0.4,0.0
david bowie,soul love,0.0,0.8,0.4,0.8,0.6,0.0
scissor sisters,i don't feel like dancing,0.0,1.0,0.8,0.4,0.6,0.8
nick drake,time has told me,0.0,0.8,0.4,0.8,0.4,0.0
iron & wine,jezebel,0.0,0.8,0.2,1.0,0.2,0.0
the prodigy,colours,0.0,1.0,1.0,0.0,0.2,1.0
nine inch nails,please,0.0,1.0,0.8,0.0,0.8,1.0
apparat,hailin from the edge,0.0,1.0,0.4,0.4,0.6,0.8
iron & wine,the devil never sleeps,0.0,1.0,0.6,0.4,0.6,0.2
led zeppelin,dancing days,0.0,0.8,0.6,0.2,1.0,0.0
faithless,god is a dj,0.0,1.0,0.8,0.0,0.2,1.0
atb,ecstasy,0.0,1.0,0.8,0.0,0.0,1.0
editors,open your arms,0.0,0.8,0.8,0.0,1.0,0.2
maroon 5,can't stop,0.0,1.0,0.8,0.2,1.0,0.4
the libertines,the ha ha wall,0.0,0.6,0.8,0.2,1.0,0.0
nine inch nails,sanctified,0.0,1.0,0.6,0.0,0.4,1.0
my chemical romance,to the end,0.0,1.0,1.0,0.0,1.0,0.0
nine inch nails,ruiner,0.0,1.0,0.8,0.0,0.4,1.0
queens of the stone age,leg of lamb,0.0,0.8,0.6,0.2,1.0,0.0
david bowie,rock 'n' roll suicide,0.0,0.8,0.8,0.6,0.6,0.0
she wants revenge,these things,0.0,1.0,0.6,0.0,0.8,0.6
the stone roses,don't stop,0.0,0.8,0.4,0.2,0.8,0.0
babyshambles,la belle et la bête,0.0,0.4,0.4,0.2,0.8,0.0
mariah carey,all i want for christmas is you,0.0,1.0,0.8,0.4,0.4,0.8
babyshambles,the 32nd of december,0.0,0.4,0.6,0.2,0.8,0.0
porcupine tree,lightbulb sun,0.0,1.0,0.6,0.6,0.8,0.2
soda stereo,en la ciudad de la furia,0.0,0.8,0.6,0.2,1.0,0.4
sonic youth,turquoise boy,0.0,1.0,0.8,0.0,1.0,0.0
sigur rós,hafsól,0.0,1.0,1.0,0.4,1.0,0.2
linkin park,a place for my head,0.0,1.0,1.0,0.0,1.0,0.4
the decemberists,grace cathedral hill,0.0,0.8,0.4,0.8,0.2,0.0
spoon,finer feelings,0.0,1.0,0.6,0.2,0.8,0.2
serj tankian,sky is over,0.0,1.0,0.8,0.4,0.8,0.2
sébastien tellier,la ritournelle,0.0,1.0,0.6,0.8,0.4,0.4
fall out boy,i slept with someone in fall out boy and all i got was this stupid song written about me,0.0,1.0,0.8,0.0,1.0,0.0
yeah yeah yeahs,runaway,0.0,1.0,0.6,0.8,0.4,0.4
múm,k/half noise,0.0,0.8,0.2,0.4,0.2,0.8
elvis presley,hound dog,0.0,0.8,0.8,0.4,0.6,0.0
the radio dept.,pulling our weight,0.0,0.6,0.4,0.2,0.8,0.6
mylo,rikki,0.0,1.0,0.6,0.2,0.2,1.0
jem,save me,0.0,1.0,0.6,0.4,0.2,0.8
broken social scene,almost crimes,0.0,0.8,0.8,0.2,1.0,0.2
queen,now i'm here,0.0,0.8,0.8,0.0,1.0,0.0
blur,tender,0.0,1.0,0.6,0.8,0.6,0.2
gorillaz,punk,0.0,0.8,1.0,0.2,1.0,0.2
the beatles,wild honey pie,0.0,0.4,0.8,0.8,0.2,0.0
hot chip,no fit state,0.0,0.8,0.8,0.0,0.2,1.0
múm,hú hviss - a ship,0.0,0.8,0.2,0.8,0.2,0.6
ratatat,el pico,0.0,1.0,0.8,0.2,1.0,0.6
ratatat,montanita,0.0,1.0,0.6,0.0,0.8,0.8
nirvana,serve the servants,0.0,0.8,0.8,0.2,1.0,0.0
the faint,agenda suicide,0.0,0.8,0.8,0.0,0.4,1.0
kanye west,everything i am,0.0,1.0,0.4,0.6,0.6,0.2
nirvana,school,0.0,0.4,0.8,0.2,1.0,0.0
nirvana,very ape,0.0,0.8,1.0,0.0,1.0,0.0
pixies,is she weird,0.0,0.8,0.8,0.0,1.0,0.0
the verve,the rolling people,0.0,1.0,1.0,0.2,1.0,0.2
sufjan stevens,the henney buggy band,0.0,0.8,0.6,0.8,0.4,0.0
depeche mode,waiting for the night,0.0,1.0,0.4,0.0,0.2,1.0
guns n' roses,think about you,0.0,0.8,0.8,0.2,1.0,0.0
mötley crüe,shout at the devil,0.0,0.8,1.0,0.0,1.0,0.2
joy division,the eternal,0.0,0.8,0.2,0.2,0.4,0.8
modest mouse,dramamine,0.0,0.6,0.6,0.4,0.8,0.0
placebo,plasticine,0.0,1.0,0.8,0.0,1.0,0.2
placebo,scared of girls,0.0,0.8,0.8,0.2,1.0,0.2
soda stereo,cuando pase el temblor,0.0,0.8,0.6,0.4,0.8,0.4
metallica,bleeding me,0.0,1.0,0.8,0.2,1.0,0.0
bernard herrmann,twisted nerve,0.0,0.8,0.4,1.0,0.0,0.0
battles,bad trails,0.0,1.0,0.8,0.4,0.8,0.4
friendly fires,paris,0.0,1.0,0.6,0.2,0.6,0.8
within temptation,forsaken,0.0,1.0,0.8,0.4,0.8,0.6
blur,no distance left to run,0.0,1.0,0.4,0.4,0.8,0.4
system of a down,science,0.0,1.0,1.0,0.0,1.0,0.0
the futureheads,skip to the end,0.0,0.8,0.8,0.0,1.0,0.0
burial,untrue,0.0,0.4,0.4,0.0,0.2,1.0
nick cave & the bad seeds,into my arms,0.0,1.0,0.2,0.8,0.2,0.0
the jesus and mary chain,cut dead,0.0,0.4,0.4,0.4,0.8,0.0
belle and sebastian,is it wicked not to care?,0.0,0.8,0.2,0.8,0.4,0.0
yellowcard,only one,0.0,1.0,0.8,0.4,1.0,0.0
primal scream,movin' on up,0.0,0.8,0.8,0.8,0.6,0.2
nine inch nails,happiness in slavery,0.0,1.0,1.0,0.0,1.0,0.8
the gathering,marooned,0.0,1.0,0.4,0.2,0.6,0.8
elliott smith,st. ides heaven,0.0,0.4,0.4,0.8,0.2,0.0
the decemberists,odalisque,0.0,0.8,0.8,0.2,0.8,0.0
elliott smith,the biggest lie,0.0,0.4,0.2,1.0,0.0,0.0
super furry animals,hello sunshine,0.0,1.0,0.4,0.6,0.4,0.2
cut copy,time stands still,0.0,1.0,0.6,0.2,0.6,0.8
grandaddy,hewlett's daughter,0.0,0.8,0.6,0.2,0.8,0.6
talk talk,it's my life,0.0,1.0,0.6,0.0,0.6,1.0
klaxons,four horsemen of 2012,0.0,1.0,0.8,0.2,0.6,0.8
the whitest boy alive,inflation,0.2,0.8,0.4,0.4,0.8,0.0
the flaming lips,all we have is now,0.0,1.0,0.4,0.6,0.2,0.8
the flaming lips,it's summertime,0.0,1.0,0.4,0.2,0.4,0.8
the mars volta,this apparatus must be unearthed,0.0,1.0,1.0,0.2,1.0,0.4
radiohead,a wolf at the door,0.0,1.0,0.6,0.2,0.8,0.2
sleater-kinney,entertain,0.0,0.8,1.0,0.2,1.0,0.0
björk,wanderlust,0.0,1.0,0.8,0.8,0.2,0.8
wilco,at least that's what you said,0.0,1.0,0.8,0.4,0.8,0.0
deep purple,soldier of fortune,0.0,1.0,0.2,1.0,0.2,0.0
porcupine tree,halo,0.0,1.0,0.8,0.0,1.0,0.4
the beatles,the continuing story of bungalow bill,0.0,0.8,0.6,0.8,0.4,0.2
cat power,i found a reason,0.0,0.6,0.2,0.8,0.2,0.0
fall out boy,golden,0.0,1.0,0.4,0.8,0.2,0.2
the cure,all cats are grey,0.0,0.8,0.2,0.2,0.2,1.0
fedde le grand,put your hands up for detroit,0.0,1.0,0.8,0.0,0.0,1.0
deerhunter,calvary scars,0.0,0.8,0.6,0.2,0.8,0.2
blondie,the tide is high,0.0,1.0,0.4,0.8,0.4,0.2
nine inch nails,big man with a gun,0.0,0.8,1.0,0.0,0.8,0.8
the prodigy,mindfields,0.0,1.0,1.0,0.0,0.2,1.0
final fantasy,the cn tower belongs to the dead,0.0,0.8,0.4,1.0,0.0,0.0
oasis,slide away,0.0,0.8,0.8,0.2,1.0,0.0
mando diao,long before rock 'n' roll,0.0,0.8,0.8,0.2,1.0,0.0
tiga,you gonna want me,0.0,1.0,0.8,0.0,0.2,1.0
mando diao,down in the past,0.0,0.8,0.8,0.2,1.0,0.0
ladyhawke,magic,0.0,1.0,0.6,0.2,0.6,1.0
gorillaz,rock the house,0.0,1.0,0.6,0.4,0.2,0.8
the jesus and mary chain,head on,0.0,0.8,0.8,0.0,1.0,0.4
lady gaga,boys boys boys,0.0,1.0,0.8,0.0,0.2,1.0
porcupine tree,the rest will flow,0.0,1.0,0.4,0.8,0.4,0.2
metallica,leper messiah,0.0,1.0,1.0,0.0,1.0,0.0
backyard babies,minus celsius,0.0,0.8,0.8,0.0,1.0,0.0
foo fighters,walking after you,0.0,0.8,0.2,0.2,0.8,0.0
bat for lashes,seal jubilee,0.0,0.8,0.2,0.8,0.2,0.2
brian eno,2/2,0.0,1.0,0.2,0.0,0.0,1.0
pj harvey,the whores hustle and the hustlers whore,0.0,1.0,0.8,0.0,1.0,0.0
duran duran,girls on film,0.0,1.0,0.6,0.2,0.8,0.6
tegan and sara,fix you up,0.0,0.8,0.4,0.4,0.8,0.6
olspur,it's time to rock,0.0,0.6,0.8,0.2,0.8,0.2
björk,i've seen it all,0.0,1.0,0.6,0.8,0.2,0.4
vnv nation,standing,0.0,0.8,0.8,0.0,0.0,1.0
tonic,if you could only see,0.0,1.0,0.6,0.2,1.0,0.0
clint mansell,xibalba,0.0,1.0,0.8,0.8,0.6,0.2
radiohead,nice dream,0.0,1.0,0.4,0.4,0.8,0.0
oasis,go let it out,0.0,1.0,0.8,0.4,0.8,0.2
rage against the machine,born of a broken man,0.0,1.0,1.0,0.0,1.0,0.0
death cab for cutie,pity and fear,0.0,1.0,0.8,0.2,0.8,0.4
ladyhawke,my delirium,0.0,1.0,0.8,0.0,0.8,1.0
children of bodom,sixpounder,0.0,1.0,1.0,0.2,1.0,0.4
m. ward,transfiguration #1,0.0,0.6,0.2,1.0,0.0,0.0
iron & wine,southern anthem,0.0,0.4,0.2,1.0,0.2,0.0
los campesinos!,you! me! dancing!,0.0,0.8,0.8,0.2,1.0,0.2
editors,bones,0.0,1.0,0.8,0.2,1.0,0.2
deep purple,child in time,0.0,0.8,1.0,0.2,1.0,0.0
keane,put it behind you,0.0,1.0,0.8,0.4,0.6,0.8
weezer,why bother?,0.0,0.8,0.8,0.0,1.0,0.0
silversun pickups,kissing families,0.0,0.8,0.8,0.0,1.0,0.0
johnny cash,i still miss someone,0.0,0.6,0.4,0.8,0.2,0.0
johnny cash,give my love to rose,1.0,0.6,0.4,1.0,0.0,0.0
timbaland,the way i are,0.0,1.0,0.8,0.0,0.2,1.0
phoenix,consolation prizes,0.0,0.8,0.6,0.4,0.8,0.0
regina spektor,summer in the city,0.0,1.0,0.4,0.8,0.2,0.0
the 69 eyes,brandon lee,0.0,1.0,0.8,0.2,1.0,0.4
lady gaga,the fame,0.0,1.0,0.8,0.0,0.2,1.0
sex pistols,liar,0.0,0.8,1.0,0.0,1.0,0.0
talking heads,road to nowhere,0.0,1.0,0.6,0.4,0.8,0.2
ambulance ltd,heavy lifting,0.0,0.8,0.6,0.2,0.8,0.2
iron & wine,wolves (song of the shepherd's dog),0.0,1.0,0.4,0.8,0.4,0.2
tegan and sara,i won't be left,0.0,0.8,0.6,0.2,0.8,0.4
the clash,straight to hell,0.0,0.8,0.4,0.2,0.8,0.2
the decemberists,of angels and angles,0.0,1.0,0.2,1.0,0.0,0.0
guns n' roses,better,0.0,1.0,0.8,0.0,1.0,0.4
the decemberists,red right ankle,0.0,0.8,0.2,1.0,0.0,0.0
andrew bird,fiery crash,0.0,0.8,0.6,0.4,0.8,0.2
the bravery,swollen summer,0.0,1.0,0.8,0.2,0.8,0.8
the smiths,i don't owe you anything,0.0,0.8,0.4,0.4,0.8,0.0
depeche mode,in sympathy,0.0,1.0,0.6,0.0,0.4,1.0
josé gonzález,teardrop,0.0,0.8,0.4,1.0,0.0,0.0
nina simone,my baby just cares for me,0.0,0.8,0.4,1.0,0.0,0.0
yann tiersen,la valse d'amélie (version piano),0.0,1.0,0.4,1.0,0.0,0.0
placebo,passive aggressive,0.0,0.8,0.8,0.0,1.0,0.2
tool,bottom,0.0,0.8,1.0,0.0,1.0,0.0
digitalism,magnets,0.0,1.0,0.8,0.0,0.2,1.0
rilo kiley,i never,0.0,1.0,0.4,0.4,0.8,0.2
black rebel motorcycle club,rise or fall,0.0,0.8,0.6,0.2,0.8,0.2
everything but the girl,missing,0.0,1.0,0.8,0.2,0.2,1.0
bruce springsteen,streets of philadelphia,0.0,1.0,0.4,0.0,0.2,1.0
elliott smith,a passing feeling,0.0,0.8,0.8,0.2,0.8,0.0
bob dylan,hurricane,0.0,0.8,0.8,0.8,0.4,0.0
jack johnson,bubble toes,0.0,0.8,0.4,1.0,0.2,0.0
mew,she came home for christmas,0.0,0.8,0.6,0.2,0.8,0.4
sonic youth,schizophrenia,0.0,0.6,0.8,0.0,1.0,0.0
korn,got the life,0.0,1.0,1.0,0.2,1.0,0.2
mazzy star,five string serenade,0.0,0.8,0.2,0.8,0.2,0.0
pulp,i spy,0.0,1.0,0.4,0.4,0.8,0.4
maxïmo park,girls who play guitars,0.0,1.0,0.8,0.0,1.0,0.2
imogen heap,the moment i said it,0.0,1.0,0.8,0.6,0.2,0.8
patrick wolf,the kiss,0.0,1.0,0.6,0.6,0.4,0.6
sufjan stevens,holland,0.0,0.8,0.2,1.0,0.2,0.0
röyksopp,sombre detune,0.0,1.0,0.2,0.0,0.0,1.0
audioslave,getaway car,0.0,1.0,0.6,0.0,1.0,0.0
grizzly bear,easier,0.0,0.8,0.4,0.8,0.4,0.0
beck,dark star,0.0,1.0,0.4,0.2,0.6,0.8
finntroll,trollhammaren,0.0,0.8,1.0,0.2,1.0,0.6
david bowie,drive-in saturday,0.0,0.8,0.6,0.4,0.8,0.0
regina spektor,love affair,0.0,0.4,0.4,1.0,0.0,0.0
katatonia,rusted,0.0,1.0,0.8,0.2,1.0,0.4
bonobo,ketto,0.0,1.0,0.6,0.4,0.6,0.8
matchbox twenty,downfall,0.0,1.0,0.8,0.2,0.8,0.2
siouxsie and the banshees,happy house,0.0,0.8,0.6,0.2,0.8,0.4
daft punk,too long / steam machine,1.0,1.0,1.0,0.0,0.2,1.0
spoon,my little japanese cigarette case,0.0,1.0,0.4,0.4,0.8,0.0
system of a down,i-e-a-i-a-i-o,0.0,1.0,1.0,0.2,1.0,0.0
nine inch nails,pinion,0.0,1.0,0.8,0.0,0.2,1.0
eddie vedder,rise,0.0,1.0,0.2,1.0,0.0,0.0
tori amos,sweet the sting,0.0,1.0,0.6,0.4,0.8,0.2
van halen,eruption,0.0,0.8,1.0,0.0,1.0,0.0
the kooks,if only,0.0,0.8,0.6,0.4,0.8,0.0
calvin harris,acceptable in the 80's,0.0,0.8,0.6,0.0,0.2,1.0
mew,fox cub,0.0,1.0,0.2,0.2,0.2,0.8
andrew bird,sovay,0.0,1.0,0.4,0.8,0.2,0.0
the cure,high,0.0,1.0,0.6,0.0,1.0,0.2
of montreal,i was never young,0.0,0.8,0.6,0.0,0.4,1.0
the fray,dead wrong,0.0,1.0,0.6,0.6,0.6,0.2
beck,earthquake weather,0.0,1.0,0.6,0.6,0.6,0.4
opeth,the drapery falls,0.0,1.0,0.8,0.4,1.0,0.2
tv on the radio,let the devil in,0.0,1.0,0.8,0.2,0.8,0.4
kanye west,welcome to heartbreak (feat. kid cudi),0.0,1.0,0.6,0.2,0.4,1.0
of montreal,bunny ain't no kind of rider,0.0,1.0,0.6,0.0,0.4,1.0
elbow,the bones of you,0.0,1.0,0.6,0.4,0.8,0.2
killswitch engage,rose of sharyn,0.0,1.0,1.0,0.0,1.0,0.0
manic street preachers,a design for life,0.0,1.0,0.8,0.6,0.8,0.0
the strokes,killing lies,0.0,0.8,0.6,0.2,1.0,0.0
blonde redhead,heroine,0.0,0.6,0.8,0.2,1.0,0.2
beirut,prenzlauerberg,0.0,0.6,0.4,1.0,0.0,0.0
the kinks,till the end of the day,0.0,0.6,0.8,0.2,1.0,0.0
hadouken!,that boy that girl,0.0,0.8,1.0,0.0,0.4,1.0
!!!,sweet life,0.0,0.8,0.8,0.2,0.8,0.6
the clash,career opportunities,0.0,0.6,0.8,0.2,1.0,0.0
rilo kiley,the execution of all things,0.0,0.8,0.6,0.2,0.8,0.2
muse,can't take my eyes off you,0.0,0.8,0.8,0.0,1.0,0.4
red hot chili peppers,universally speaking,0.0,1.0,0.6,0.2,1.0,0.0
deathstars,cyanide,0.0,1.0,0.8,0.0,1.0,0.8
flogging molly,drunken lullabies,0.0,0.8,1.0,0.6,0.8,0.0
ozzy osbourne,mr. crowley,0.0,1.0,0.8,0.2,1.0,0.4
megadeth,peace sells,0.0,0.8,1.0,0.0,1.0,0.0
the new pornographers,letter from an occupant,0.0,0.8,0.8,0.2,1.0,0.4
augustana,stars and boulevards,0.0,1.0,0.4,0.6,0.4,0.0
nightwish,for the heart i once had,0.0,1.0,0.8,0.6,0.8,0.4
pearl jam,animal,0.0,0.8,0.8,0.0,1.0,0.0
joy division,glass,0.0,0.8,0.8,0.2,1.0,0.0
feeder,just a day,0.0,1.0,0.8,0.0,1.0,0.0
audioslave,out of exile,0.0,1.0,0.8,0.0,1.0,0.0
depeche mode,martyr,0.0,1.0,0.8,0.0,0.4,1.0
led zeppelin,bron-yr-aur stomp,0.0,0.8,0.6,1.0,0.0,0.0
black flag,rise above,0.0,0.4,1.0,0.2,1.0,0.0
travis,my eyes,0.0,1.0,0.4,0.6,0.4,0.0
dj shadow,best foot forward,0.0,0.8,0.4,0.0,0.0,1.0
garbage,sex is not the enemy,0.0,1.0,0.8,0.2,1.0,0.2
jamie t,salvador,0.0,0.8,0.8,0.2,0.8,0.0
cat power,the moon,0.0,1.0,0.2,0.8,0.4,0.0
idlewild,love steals us from loneliness,0.0,1.0,0.8,0.4,0.8,0.0
girl talk,hands in the air,0.0,1.0,1.0,0.2,0.8,0.8
girl talk,summer smoke,0.0,1.0,0.6,0.2,0.4,1.0
uffie,dismissed,0.0,0.8,0.6,0.0,0.0,1.0
aphex twin,ageispolis,0.0,0.8,0.6,0.0,0.0,1.0
adam green,emily,0.0,0.8,0.4,0.8,0.4,0.0
iron maiden,wrathchild,0.0,0.8,0.8,0.0,1.0,0.0
the beatles,the word,0.0,0.8,0.6,0.4,0.8,0.0
les savy fav,the sweat descends,0.0,0.8,0.8,0.2,1.0,0.0
eric prydz,call on me,0.0,1.0,0.8,0.0,0.2,1.0
the kooks,jackie big tits,0.0,0.8,0.6,0.4,0.8,0.0
zero 7,when it falls,0.0,1.0,0.4,0.4,0.4,0.8
queens of the stone age,the sky is fallin',0.0,1.0,0.8,0.0,1.0,0.0
sneaker pimps,tesko suicide,0.0,0.8,0.8,0.2,0.8,0.8
girl talk,friday night,0.0,1.0,1.0,0.2,0.8,1.0
u2,bullet the blue sky,0.0,1.0,1.0,0.2,1.0,0.2
bloc party,ares,0.0,1.0,1.0,0.0,0.8,0.8
nine inch nails,where is everybody?,0.0,1.0,0.8,0.0,0.8,0.8
kate nash,merry happy,0.0,0.8,0.6,0.6,0.4,0.2
afi,bleed black,0.0,1.0,0.8,0.0,1.0,0.2
m83,unrecorded,0.0,1.0,0.8,0.0,0.4,1.0
black rebel motorcycle club,killing the light,0.0,0.8,0.8,0.2,1.0,0.0
tokyo police club,in a cave,0.0,0.8,0.6,0.2,1.0,0.2
cocorosie,jesus loves me,0.0,0.4,0.2,0.8,0.0,0.2
led zeppelin jam,bring it on home,1.0,0.6,1.0,0.2,1.0,0.0
dido,honestly ok,0.0,1.0,0.6,0.4,0.4,0.8
joanna newsom,cosmia,0.0,1.0,0.6,1.0,0.0,0.0
fiona apple,pale september,0.0,1.0,0.2,0.8,0.2,0.0
zwan,honestly,0.0,1.0,0.8,0.2,1.0,0.0
nirvana,milk it,0.0,0.8,1.0,0.0,1.0,0.0
daft punk,television rules the nation,0.0,0.8,0.8,0.0,0.0,1.0
marilyn manson,personal jesus,0.0,1.0,0.8,0.0,1.0,0.6
queens of the stone age,in the fade,0.0,1.0,0.6,0.0,1.0,0.0
thievery corporation,heaven's gonna burn your eyes,0.0,1.0,0.2,0.4,0.4,0.8
the velvet underground,oh! sweet nuthin',0.0,0.8,0.4,0.4,0.8,0.0
thievery corporation,all that we perceive,0.0,1.0,0.4,0.4,0.4,0.8
nouvelle vague,bela lugosi's dead,0.0,1.0,0.2,1.0,0.0,0.0
radiohead,sail to the moon. (brush the cobwebs out of the sky.),0.0,1.0,0.4,0.6,0.4,0.6
radiohead,ripcord,0.0,0.8,0.8,0.2,1.0,0.0
the rakes,we danced together,0.0,0.8,0.6,0.0,1.0,0.2
the cribs,men's needs,0.0,0.8,0.8,0.0,1.0,0.0
ladytron,all the way,0.0,1.0,0.8,0.0,0.2,1.0
kings of leon,spiral staircase,0.0,0.8,0.8,0.2,1.0,0.0
bright eyes,gold mine gutted,0.0,1.0,0.4,0.2,0.6,0.8
m.i.a.,world town,0.0,1.0,1.0,0.2,0.2,1.0
laura marling,ghosts,0.0,0.8,0.4,1.0,0.2,0.0
ellen allien & apparat,turbo dreams,0.0,1.0,0.6,0.0,0.0,1.0
the beatles,sexy sadie,0.0,0.8,0.4,0.6,0.4,0.0
simian mobile disco,i got this down,0.0,1.0,0.8,0.0,0.2,1.0
yeah yeah yeahs,dragon queen,0.0,1.0,0.6,0.2,0.4,0.8
jackson and his computer band,oh boy,0.0,1.0,0.8,0.0,0.2,1.0
elliott smith,satellite,0.0,0.4,0.2,0.8,0.2,0.0
goldfrapp,tiptoe,0.0,1.0,0.4,0.0,0.2,1.0
the kooks,sway,0.0,0.8,0.8,0.2,1.0,0.0
katatonia,ghost of the sun,0.0,1.0,0.8,0.0,1.0,0.2
cat power,maybe not,0.0,0.8,0.2,1.0,0.0,0.0
beyoncé,if i were a boy,0.0,1.0,0.6,0.6,0.4,0.2
goldfrapp,deer stop,0.0,1.0,0.2,0.6,0.2,0.6
iron & wine,woman king,0.0,1.0,0.6,0.8,0.4,0.0
jamie t,sheila,0.0,0.8,0.4,0.8,0.4,0.0
the beatles,don't pass me by,0.0,0.8,0.4,0.8,0.4,0.0
death cab for cutie,we laugh indoors,0.0,0.8,0.8,0.2,1.0,0.0
fiona apple,across the universe,0.0,1.0,0.4,0.8,0.2,0.0
tool,opiate,0.0,0.6,1.0,0.0,1.0,0.0
iron maiden,these colours don't run,0.0,0.8,0.8,0.0,1.0,0.0
the jesus and mary chain,april skies,0.0,0.8,0.6,0.2,1.0,0.4
nine inch nails,the mark has been made,0.0,1.0,0.8,0.2,0.8,0.8
death cab for cutie,steadier footing,0.0,0.8,0.2,1.0,0.2,0.0
fall out boy,thriller,0.0,1.0,0.8,0.0,1.0,0.2
the cranberries,i can't be with you,0.0,1.0,0.6,0.4,0.8,0.0
nightwish,wishmaster,0.0,0.8,1.0,0.0,1.0,0.6
red hot chili peppers,strip my mind,0.0,1.0,0.4,0.2,0.8,0.0
slayer,necrophobic,0.0,1.0,1.0,0.2,1.0,0.0
nightwish,eva,0.0,1.0,0.4,0.8,0.4,0.2
prince,purple rain,0.2,1.0,0.8,0.2,0.8,0.6
the stills,still in love song,0.0,0.8,0.8,0.0,1.0,0.2
wu-tang clan,gravel pit,0.0,1.0,0.8,0.2,0.2,1.0
foo fighters,resolve,0.0,1.0,0.8,0.2,1.0,0.0
placebo,haemoglobin,0.0,0.8,1.0,0.0,1.0,0.2
amy macdonald,run,0.0,1.0,0.6,0.8,0.6,0.0
elvis presley,jailhouse rock,0.0,0.8,0.6,0.4,0.8,0.0
hot chip,tchaparian,0.0,0.8,0.6,0.0,0.2,1.0
gustavo cerati,adiós,0.0,1.0,0.6,0.4,0.8,0.2
björk,i miss you,0.0,1.0,0.8,0.6,0.2,0.8
the beatles,doctor robert,0.0,0.8,0.6,0.4,1.0,0.0
le tigre,my my metrocard,0.0,0.6,0.6,0.0,0.4,0.8
steppenwolf,born to be wild,0.0,0.8,0.8,0.0,1.0,0.0
blonde redhead,falling man,0.0,1.0,0.6,0.4,0.8,0.2
patrick wolf,apparition,0.0,0.8,0.4,0.8,0.2,0.2
beirut,in the mausoleum,0.0,1.0,0.6,1.0,0.2,0.0
afi,the great disappointment,0.0,1.0,0.8,0.2,1.0,0.0
lcd soundsystem,us v them,0.0,1.0,0.8,0.4,0.6,0.8
dashboard confessional,screaming infidelities,0.0,0.8,0.6,0.8,0.4,0.0
sufjan stevens,in this temple as in the hearts of man for whom he saved the earth,0.0,1.0,0.2,0.8,0.0,0.0
joanna newsom,sawdust & diamonds,0.0,1.0,0.4,1.0,0.0,0.0
lcd soundsystem,movement,0.0,0.8,1.0,0.2,1.0,0.2
hot chip,arrest yourself,0.0,0.6,0.4,0.2,0.6,0.8
rihanna,pon de replay,0.0,1.0,0.8,0.0,0.4,1.0
feist,l'amour ne dure pas toujours,0.0,1.0,0.2,0.8,0.2,0.0
the doors,the unknown soldier,0.0,0.8,0.6,0.2,0.8,0.0
pj harvey,beautiful feeling,0.0,1.0,0.4,0.2,0.8,0.2
moby,signs of love,0.0,1.0,0.4,0.6,0.4,0.6
t. rex,20th century boy,0.0,0.8,0.8,0.2,1.0,0.0
placebo,broken promise (feat. michael stipe),0.0,1.0,0.6,0.4,0.8,0.2
the radio dept.,keen on boys,0.0,0.4,0.6,0.0,0.8,0.6
charlotte gainsbourg,the songs that we sing,0.0,1.0,0.6,0.6,0.6,0.4
linkin park,from the inside,0.0,1.0,1.0,0.0,1.0,0.4
clint mansell,tree of life,0.0,1.0,0.6,0.8,0.2,0.4
porcupine tree,deadwing,0.0,1.0,0.8,0.2,1.0,0.4
pantera,heresy,0.0,1.0,1.0,0.0,1.0,0.0
stone temple pilots,interstate love song,0.0,1.0,0.8,0.4,0.8,0.0
dangerdoom,sofa king,0.0,1.0,0.6,0.2,0.4,0.8
the rakes,terror!,0.0,0.8,0.8,0.0,1.0,0.0
fiona apple,the first taste,0.0,1.0,0.6,0.8,0.4,0.2
radiohead,where i end and you begin. (the sky is falling in.),0.0,1.0,0.8,0.2,0.8,0.6
cat power,where is my love,0.0,1.0,0.2,0.8,0.2,0.0
fiona apple,not about love,0.0,0.8,0.8,0.8,0.4,0.0
oasis,shakermaker,0.0,0.8,0.6,0.2,1.0,0.0
jack johnson,the horizon has been defeated,0.0,0.8,0.4,0.8,0.4,0.0
mogwai,black spider,0.0,1.0,0.8,0.4,1.0,0.4
the vines,get free,0.0,0.8,1.0,0.2,1.0,0.0
modest mouse,the stars are projectors,0.0,0.8,0.8,0.2,0.8,0.4
tool,part of me,0.0,0.8,0.8,0.2,1.0,0.0
children of bodom,living dead beat,0.0,1.0,1.0,0.2,1.0,0.4
children of bodom,punch me i bleed,0.0,1.0,0.8,0.0,1.0,0.4
ozzy osbourne,dreamer,0.0,1.0,0.4,0.6,0.4,0.4
britney spears,blur,0.0,1.0,0.4,0.0,0.2,1.0
sigur rós,gong endir,0.0,1.0,0.6,0.4,0.8,0.2
arcade fire,headlights look like diamonds,0.0,0.6,0.8,0.4,0.8,0.0
ellen allien & apparat,jet,0.0,1.0,0.8,0.0,0.0,1.0
rammstein,morgenstern,0.0,1.0,0.8,0.2,1.0,0.4
dirty pretty things,blood thirsty bastards,0.0,0.8,0.8,0.0,1.0,0.0
beck,scarecrow,0.0,1.0,0.8,0.2,0.8,0.4
spoon,the infinite pet,0.0,0.8,0.8,0.2,0.8,0.2
atb,humanity,0.0,1.0,0.6,0.2,0.4,1.0
the decemberists,a cautionary song,0.0,0.6,0.4,0.8,0.2,0.0
violent femmes,add it up,0.0,0.6,0.8,1.0,0.2,0.0
fall out boy,hum hallelujah,0.0,1.0,0.8,0.2,1.0,0.2
the beatles,it won't be long,0.0,0.8,0.8,0.2,1.0,0.0
pantera,this love,0.0,1.0,0.8,0.2,1.0,0.0
ladytron,black plastic,0.0,0.8,0.6,0.0,0.2,1.0
tori amos,big wheel,0.0,1.0,0.6,0.6,0.6,0.2
john lennon,working class hero,0.0,0.6,0.4,1.0,0.0,0.0
animal collective,bees,0.0,0.8,0.4,0.8,0.4,0.2
against me!,reinventing axl rose,0.0,0.6,1.0,0.0,1.0,0.0
the 5.6.7.8's,woo hoo,0.0,0.6,0.6,0.2,0.8,0.0
the white stripes,little room,0.0,0.6,0.4,0.8,0.0,0.0
muse,darkshines,0.0,0.8,0.8,0.2,1.0,0.2
iron maiden,different world,0.0,0.8,0.8,0.0,1.0,0.0
gnarls barkley,transformer,0.0,1.0,0.6,0.2,0.6,0.8
r.e.m.,the sidewinder sleeps tonite,0.0,1.0,0.6,0.6,0.6,0.2
belle and sebastian,a summer wasting,0.0,0.8,0.4,0.8,0.4,0.0
andrew bird,imitosis,0.0,1.0,0.6,0.8,0.4,0.0
depeche mode,fragile tension,0.0,1.0,0.6,0.2,0.4,1.0
black rebel motorcycle club,20 hours,0.0,0.8,0.6,0.4,0.8,0.0
daft punk,robot rock / oh yeah,1.0,1.0,1.0,0.0,0.4,1.0
madonna,beat goes on,0.0,1.0,0.8,0.2,0.4,1.0
limp bizkit,break stuff,0.0,1.0,1.0,0.2,1.0,0.2
placebo,hang on to your iq,0.0,0.8,0.8,0.2,1.0,0.2
air,highschool lover,0.0,1.0,0.2,0.4,0.4,0.8
black rebel motorcycle club,the show's about to begin,0.0,0.8,0.8,0.0,0.8,0.6
fever ray,when i grow up,0.0,1.0,0.6,0.0,0.2,1.0
eddie vedder,society,0.0,0.8,0.4,1.0,0.0,0.0
the white stripes,i'm finding it harder to be a gentleman,0.0,0.6,0.4,0.2,0.8,0.0
m83,up!,0.0,1.0,0.8,0.2,0.4,1.0
yann tiersen,la valse des monstres,0.0,0.6,0.4,1.0,0.0,0.0
billy talent,surrender,0.0,1.0,0.8,0.0,1.0,0.0
the beatles,roll over beethoven,0.0,0.8,0.6,0.2,1.0,0.0
travis,driftwood,0.0,1.0,0.4,0.8,0.4,0.0
tv on the radio,dreams,0.0,0.8,0.6,0.4,0.8,0.6
the cure,jumping someone else's train,0.0,0.6,0.6,0.2,0.8,0.0
sam sparro,black and gold,0.0,1.0,0.8,0.0,0.2,1.0
pj harvey,dress,0.0,0.6,0.6,0.2,0.8,0.0
beirut,gulag orkestar,0.0,0.6,0.4,1.0,0.2,0.0
incubus,a certain shade of green,0.0,0.8,1.0,0.4,1.0,0.2
the chemical brothers,do it again,0.0,1.0,1.0,0.0,0.2,1.0
the knife,got 2 let u,0.0,1.0,0.6,0.0,0.2,1.0
kiss,i was made for lovin' you,0.0,1.0,0.8,0.0,1.0,0.2
björk,innocence,0.0,1.0,0.8,0.0,0.2,1.0
joseph arthur,honey and the moon,0.0,1.0,0.4,0.8,0.4,0.2
boards of canada,aquarius,0.0,0.6,0.4,0.0,0.2,1.0
radiohead,i will,0.0,1.0,0.2,1.0,0.0,0.0
the jam,going underground,0.0,0.8,0.8,0.2,1.0,0.0
30 seconds to mars,r-evolve,0.0,1.0,0.8,0.2,1.0,0.4
the magnetic fields,all my little words,0.0,0.8,0.4,0.8,0.2,0.2
adam green,bluebirds,0.0,0.8,0.4,0.6,0.4,0.0
him,beyond redemption,0.0,1.0,0.8,0.0,1.0,0.2
lykke li,dance dance dance,0.0,1.0,0.4,0.6,0.4,0.2
the cure,play for today,0.0,0.6,0.4,0.0,0.8,0.4
silversun pickups,common reactor,0.0,0.8,0.8,0.0,1.0,0.2
sex pistols,seventeen,0.0,0.8,1.0,0.2,1.0,0.0
frou frou,maddening shroud,0.0,1.0,0.6,0.2,0.4,1.0
sublime,date rape,0.0,0.6,0.8,0.2,1.0,0.0
the black angels,the first vietnamese war,0.0,0.6,0.8,0.2,1.0,0.0
incubus,talk shows on mute,0.0,1.0,0.6,0.2,0.8,0.2
death cab for cutie,company calls epilogue,0.0,0.6,0.4,0.2,0.8,0.0
the rolling stones,she's a rainbow,0.0,0.8,0.6,0.8,0.4,0.0
fiona apple,window,0.0,1.0,0.6,0.4,0.8,0.2
oasis,let there be love,0.0,1.0,0.6,0.6,0.8,0.2
fischerspooner,just let go,0.0,1.0,0.8,0.0,0.4,1.0
nightwish,elvenpath,0.0,0.6,0.8,0.2,0.8,0.6
depeche mode,i feel loved,0.0,1.0,1.0,0.0,0.2,1.0
anton maiden,wasted years,0.0,0.2,0.6,0.0,0.8,1.0
david bowie,it ain't easy,0.0,0.8,0.6,0.6,0.8,0.0
blink-182,what's my age again?,0.0,1.0,0.8,0.0,1.0,0.0
alphaville,big in japan,0.0,1.0,0.6,0.2,0.2,1.0
fiona apple,limp,0.0,1.0,0.8,0.6,0.4,0.0
the doors,five to one,0.0,0.8,0.8,0.2,1.0,0.0
air,one hell of a party,0.0,1.0,0.2,0.2,0.4,1.0
johnny cash,bridge over troubled water,0.0,1.0,0.4,0.8,0.2,0.0
ellen allien & apparat,retina,0.0,1.0,0.6,0.0,0.2,1.0
the streets,turn the page,0.0,0.8,0.8,0.2,0.0,1.0
queen,innuendo,0.0,1.0,1.0,0.4,0.8,0.4
pearl jam,go,0.0,1.0,1.0,0.0,1.0,0.0
gogol bordello,not a crime,0.0,0.8,1.0,0.6,0.8,0.0
ambulance ltd,anecdote,0.0,0.8,0.4,0.4,0.8,0.2
buzzcocks,what do i get?,0.0,0.8,0.8,0.0,1.0,0.0
the radio dept.,where damage isn't already done,0.0,0.4,0.4,0.0,0.8,0.6
kings of leon,trani,0.0,0.6,0.8,0.2,1.0,0.0
arctic monkeys,leave before the lights come on,0.0,0.8,0.8,0.0,1.0,0.0
the dresden dolls,sex changes,0.0,1.0,0.8,0.8,0.2,0.0
metallica,whiplash,0.0,0.6,1.0,0.2,1.0,0.0
depeche mode,new life,0.0,0.8,0.6,0.0,0.0,1.0
junior boys,double shadow,0.0,1.0,0.4,0.0,0.2,1.0
queens of the stone age,river in the road,0.0,1.0,0.8,0.2,1.0,0.2
oasis,bag it up,0.0,1.0,1.0,0.0,1.0,0.4
rilo kiley,close call,,,,,,
sigur rós,hufupukar,0.0,1.0,0.6,0.6,0.8,0.4
bright eyes,something vague,0.0,0.6,0.4,0.8,0.2,0.0
nick drake,from the morning,0.0,0.8,0.2,1.0,0.0,0.0
tom vek,i ain't saying my goodbyes,0.0,0.6,0.6,0.2,0.8,0.4
rilo kiley,dejalo,0.0,1.0,0.6,0.2,0.8,0.2
the libertines,the good old days,0.0,0.6,0.8,0.2,1.0,0.0
architecture in helsinki,kindling,0.0,0.6,0.4,0.8,0.4,0.2
digitalism,anything new,0.0,1.0,0.8,0.0,0.4,1.0
nirvana,been a son,0.0,0.6,0.8,0.0,1.0,0.0
brian eno,an ending (ascent),0.0,1.0,0.2,0.0,0.2,1.0
zero 7,the pageant of the bizarre,0.0,1.0,0.4,0.6,0.6,0.4
the flaming lips,race for the prize,0.0,1.0,0.8,0.2,0.4,0.8
nelly furtado,i'm like a bird,0.0,1.0,0.6,0.8,0.4,0.2
dimmu borgir,puritania,0.0,1.0,1.0,0.2,1.0,0.8
massive attack,false flags,0.0,1.0,0.4,0.0,0.4,1.0
the knife,kino,0.0,0.8,0.6,0.0,0.2,1.0
m83,too late,0.0,1.0,0.6,0.0,0.8,0.8
patrick wolf,the shadow sea,0.0,0.8,0.4,0.8,0.2,0.4
lacuna coil,swamped,0.0,0.8,0.8,0.0,1.0,0.4
hypocrisy,eraser,0.0,1.0,1.0,0.0,1.0,0.2
tom waits,singapore,0.0,0.8,0.6,0.8,0.2,0.0
richard ashcroft,break the night with colour,0.0,1.0,0.6,0.6,0.4,0.2
the mars volta,take the veil cerpin taxt,0.0,1.0,1.0,0.2,1.0,0.2
system of a down,suite-pee,0.0,0.8,1.0,0.0,1.0,0.0
system of a down,kill rock 'n roll,0.0,1.0,0.8,0.0,1.0,0.0
britney spears,me against the music,0.0,1.0,0.8,0.0,0.4,1.0
pixies,tony's theme,0.0,0.8,0.8,0.2,1.0,0.0
joanna newsom,cassiopeia,0.0,0.8,0.4,1.0,0.0,0.0
the smashing pumpkins,in the arms of sleep,0.0,1.0,0.4,0.8,0.4,0.2
guns n' roses,out ta get me,0.0,1.0,1.0,0.0,1.0,0.0
razorlight,i can't stop this feeling i've got,0.0,1.0,0.8,0.2,1.0,0.0
65daysofstatic,retreat! retreat!,0.0,0.8,1.0,0.2,1.0,0.6
elliott smith,coast to coast,0.0,0.8,0.8,0.2,1.0,0.0
cut copy,that was just a dream,0.0,1.0,0.6,0.2,0.6,1.0
radiohead,backdrifts. (honeymoon is over.),0.0,1.0,0.6,0.0,0.4,1.0
r.e.m.,sweetness follows,0.0,1.0,0.4,0.4,0.8,0.0
dido,don't think of me,0.0,1.0,0.4,0.6,0.4,0.6
midlake,head home,0.0,1.0,0.6,0.8,0.4,0.0
patrick wolf,ghost song,0.0,0.6,0.4,0.6,0.2,0.4
gwen stefani,what you waiting for,0.0,1.0,0.8,0.0,0.2,1.0
m. ward,chinese translation,0.0,0.8,0.4,0.8,0.2,0.0
sonic youth,the neutral,0.0,0.8,0.8,0.2,1.0,0.0
björk,show me forgiveness,0.0,0.8,0.2,1.0,0.0,0.0
30 seconds to mars,savior,0.0,1.0,0.8,0.2,1.0,0.4
stars,the night starts here,0.0,1.0,0.6,0.2,0.6,0.8
elliott smith,a distorted reality is now a necessity to be free,0.0,0.8,0.8,0.2,1.0,0.2
johnny cash,i hung my head,0.0,1.0,0.4,0.8,0.2,0.0
fleetwood mac,don't stop,0.0,1.0,0.6,0.4,0.8,0.0
incubus,make yourself,0.0,1.0,0.8,0.2,1.0,0.2
the police,walking on the moon,0.0,0.8,0.4,0.4,0.8,0.0
mew,an envoy to the open fields,0.0,1.0,0.6,0.2,0.8,0.4
we are scientists,callbacks,0.0,0.6,0.6,0.2,1.0,0.0
islands,where there's a will there's a whalebone,0.0,0.8,0.8,0.4,1.0,0.2
nelly furtado,te busque (feat. juanes),0.0,1.0,0.6,0.6,0.4,0.4
kanye west,paranoid (feat. mr. hudson),0.0,1.0,0.6,0.0,0.2,1.0
the jesus and mary chain,on the wall,0.0,0.8,0.6,0.2,0.8,0.6
miles davis,so what,0.0,1.0,0.4,1.0,0.0,0.0
pink floyd,marooned,0.0,1.0,0.6,0.2,0.8,0.6
beck,hotwax,0.0,1.0,0.6,0.2,0.8,0.6
billy talent,fallen leaves,0.0,1.0,0.8,0.0,1.0,0.0
animal collective,for reverend green,0.0,0.8,0.8,0.2,0.8,0.6
the shins,we will become silhouettes,0.0,0.8,0.4,0.8,0.4,0.0
wilco,leave me (like you found me),0.0,1.0,0.2,0.8,0.4,0.0
red hot chili peppers,i could have lied,0.0,1.0,0.4,0.0,1.0,0.0
the killers,move away,0.0,1.0,0.8,0.2,1.0,0.4
the beatles,all i've got to do,0.0,0.8,0.4,0.2,1.0,0.0
aphex twin,windowlicker,0.0,1.0,0.8,0.0,0.0,1.0
marilyn manson,heart-shaped glasses (when the heart guides the hand),0.0,1.0,0.8,0.0,0.8,0.6
burial,dog shelter,0.0,0.8,0.2,0.2,0.0,1.0
tool,message to harry manback,0.0,0.6,0.4,0.6,0.0,0.4
my chemical romance,sleep,0.0,1.0,0.8,0.2,1.0,0.2
gogol bordello,sally,0.0,0.8,1.0,0.4,0.8,0.0
the cure,prayers for rain,0.0,1.0,0.8,0.2,0.8,0.8
shakira,la tortura (feat. alejandro sanz),0.0,1.0,0.8,0.4,0.4,0.8
shakira,hips don't lie (feat. wyclef jean),0.0,1.0,0.8,0.6,0.4,0.6
him,join me,0.0,1.0,0.6,0.2,0.8,0.6
tegan and sara,living room,0.0,0.8,0.6,0.8,0.4,0.0
tegan and sara,call it off,0.0,1.0,0.4,0.2,0.8,0.4
death cab for cutie,i was a kaleidoscope,0.0,0.8,0.6,0.2,0.8,0.4
arcade fire,cold wind,0.0,0.8,0.6,0.6,0.4,0.0
janis joplin,piece of my heart,0.0,0.6,0.8,0.2,1.0,0.0
apocalyptica,path,0.0,0.8,0.8,0.6,0.4,0.0
talking heads,life during wartime,0.0,0.8,0.8,0.4,0.8,0.4
bob dylan,a hard rain's a-gonna fall,0.0,0.6,0.4,1.0,0.0,0.0
pearl jam,corduroy,0.0,0.8,0.8,0.2,1.0,0.0
pendulum,the tempest,0.0,1.0,1.0,0.0,0.6,1.0
soda stereo,persiana americana,0.0,0.8,0.8,0.0,1.0,0.4
modest mouse,one chance,0.0,1.0,0.4,0.8,0.4,0.2
jim sturgess,all my loving,0.0,1.0,0.4,0.8,0.4,0.0
sonata arctica,don't say a word,0.0,1.0,0.8,0.2,1.0,0.4
eddie vedder,hard sun,0.0,0.8,0.8,0.8,0.6,0.0
...and you will know us by the trail of dead,another morning stoner,0.0,1.0,0.8,0.0,1.0,0.0
pendulum,midnight runner,0.0,1.0,0.8,0.0,0.4,1.0
buzzcocks,everybody's happy nowadays,0.0,0.8,0.8,0.0,1.0,0.0
panic at the disco,nine in the afternoon,0.0,1.0,0.8,0.8,0.6,0.2
chromeo,fancy footwork,0.0,1.0,0.8,0.0,0.4,1.0
madonna,4 minutes,0.0,1.0,0.8,0.2,0.2,1.0
the libertines,i get along,0.0,0.6,0.8,0.0,1.0,0.0
hot chip,(just like we) breakdown,0.0,0.8,0.4,0.0,0.2,1.0
joanna newsom,this side of the blue,0.0,0.8,0.2,1.0,0.0,0.0
rammstein,engel,0.0,1.0,0.8,0.4,0.8,0.6
iamx,lulled by numbers,0.0,1.0,0.4,0.0,0.4,1.0
tool,sweat,0.0,0.8,1.0,0.2,1.0,0.0
the decemberists,shankill butchers,0.0,1.0,0.2,1.0,0.0,0.0
jack's mannequin,dark blue,0.0,1.0,0.8,0.4,0.8,0.2
depeche mode,peace,0.0,1.0,0.6,0.0,0.2,1.0
iron & wine,an angry blade,0.0,0.4,0.2,1.0,0.2,0.0
chromeo,needy girl,0.0,0.8,0.6,0.0,0.4,1.0
apocalyptica,nothing else matters,0.0,0.8,0.6,1.0,0.2,0.0
nightwish,the kinslayer,0.0,0.8,1.0,0.2,1.0,0.6
deerhunter,nothing ever happened,0.0,0.8,0.8,0.2,1.0,0.0
rhianna,rehab,0.0,1.0,0.6,0.2,0.8,0.8
dashboard confessional,don't wait,0.0,1.0,0.6,0.4,0.8,0.0
eurythmics,here comes the rain again,0.0,1.0,0.6,0.4,0.4,0.8
foo fighters,stranger things have happened,0.0,0.8,0.4,1.0,0.0,0.0
mogwai,wake up and go berserk,0.0,1.0,1.0,0.2,1.0,0.6
queens of the stone age,misfit love,0.0,1.0,0.8,0.0,1.0,0.4
pearl jam,severed hand,0.0,0.8,0.8,0.0,1.0,0.0
damien rice,accidental babies,0.0,0.8,0.2,1.0,0.0,0.0
afi,37mm,0.0,1.0,0.8,0.0,0.6,0.8
dj shadow,six days,0.0,1.0,0.4,0.2,0.6,0.4
dimmu borgir,mourning palace,0.0,0.8,1.0,0.0,0.8,0.6
the beatles,julia,0.0,1.0,0.2,1.0,0.0,0.0
the pipettes,dirty mind,0.0,0.8,0.6,0.4,0.8,0.2
i'm from barcelona,treehouse,0.0,0.8,0.6,0.8,0.4,0.0
ultravox,vienna,0.0,1.0,0.6,0.4,0.4,1.0
riverside,conceiving you,0.0,1.0,0.4,0.4,0.6,0.2
black sabbath,sabbath bloody sabbath,0.0,0.8,0.8,0.2,1.0,0.0
okkervil river,our life is not a movie or maybe,0.0,0.8,0.8,0.2,1.0,0.0
afi,paper airplanes (makeshift wings),0.0,1.0,0.8,0.0,1.0,0.2
blink-182,adam's song,0.0,1.0,0.8,0.0,1.0,0.0
porcupine tree,where we would be,0.0,1.0,0.4,0.4,0.8,0.4
the strokes,fear of sleep,0.0,0.8,0.6,0.2,1.0,0.0
u2,kite,0.0,1.0,0.8,0.2,1.0,0.2
paramore,fences,0.0,1.0,0.6,0.2,1.0,0.0
within temptation,see who i am,0.0,1.0,0.8,0.4,1.0,0.4
múm,faraway swimmingpool,0.0,0.8,0.4,0.6,0.2,0.8
iningrid michaelson,the way i am,0.0,0.8,0.4,0.8,0.2,0.0
m.i.a.,galang,0.0,0.6,0.8,0.0,0.2,1.0
m.i.a.,hombre,0.0,0.8,0.6,0.0,0.2,1.0
metallica,the judas kiss,0.0,0.8,1.0,0.0,1.0,0.0
system of a down,soldier side,0.0,1.0,0.8,0.0,1.0,0.0
metallica,fight fire with fire,0.0,0.8,1.0,0.2,1.0,0.0
scar symmetry,the illusionist,0.0,1.0,1.0,0.0,1.0,0.4
beck,soldier jane,0.0,1.0,0.6,0.2,0.6,0.8
deerhunter,intro,0.0,0.4,0.6,0.0,0.8,0.2
justin timberlake,losing my way,0.0,1.0,0.8,0.4,0.4,1.0
rocky votolato,white daisy passing,0.0,0.8,0.4,1.0,0.2,0.0
justin timberlake,lovestoned/i think she knows interlude,0.0,1.0,0.8,0.2,0.6,1.0
red hot chili peppers,dosed,0.0,1.0,0.6,0.0,1.0,0.0
beirut,st. apollonia,0.0,0.8,0.6,0.8,0.2,0.0
marilyn manson,the love song,0.0,1.0,1.0,0.0,1.0,0.6
him,heartache every moment,0.0,1.0,0.6,0.0,1.0,0.4
black flag,six pack,0.0,0.4,1.0,0.2,1.0,0.0
goldfrapp,twist,0.0,1.0,0.8,0.0,0.4,1.0
pavement,shady lane,0.0,0.8,0.4,0.2,1.0,0.0
nine inch nails,into the void,0.0,1.0,0.8,0.2,0.8,1.0
jimmy eat world,big casino,0.0,1.0,0.8,0.0,1.0,0.2
gorillaz,re-hash,0.0,0.8,0.4,0.6,0.4,0.6
the streets,fit but you know it,0.0,0.8,0.8,0.0,0.8,0.4
girl talk,give me a beat,0.0,1.0,1.0,0.0,0.6,1.0
fiona apple,parting gift,0.0,0.8,0.4,1.0,0.0,0.0
beach house,saltwater,0.0,0.6,0.4,0.0,0.6,0.8
justice,tthhee ppaarrttyy,0.0,1.0,1.0,0.0,0.2,1.0
sofie,hypnotized,0.0,0.8,0.6,0.2,0.6,0.8
harold budd & brian eno,first light,0.0,1.0,0.2,0.8,0.0,0.8
arctic monkeys,love machine,1.0,0.8,0.6,0.0,1.0,0.0
blonde redhead,melody,0.0,0.8,0.6,0.2,0.8,0.4
robbie williams,supreme,0.0,1.0,0.8,0.6,0.6,0.4
nico,the fairest of the seasons,0.0,0.8,0.4,1.0,0.2,0.0
keane,hamburg song,0.0,1.0,0.4,0.6,0.2,0.4
zero 7,end theme,0.0,1.0,0.4,0.6,0.6,0.6
television,marquee moon,0.0,0.8,0.6,0.2,1.0,0.0
armin van buuren,in and out of love (feat. sharon den adel),0.0,1.0,0.8,0.0,0.0,1.0
animal collective,flesh canoe,0.2,0.4,0.6,0.2,0.8,0.6
fischerspooner,a kick in the teeth,0.0,1.0,0.8,0.0,0.6,1.0
johnny cash,cry! cry! cry!,0.0,0.6,0.4,0.6,0.6,0.0
the sunshine underground,commercial breakdown,0.0,0.8,0.8,0.2,1.0,0.0
maria taylor,song beneath the song,0.0,0.8,0.4,0.8,0.4,0.2
pixies,oh my golly!,0.0,0.8,1.0,0.2,1.0,0.0
black kids,hit the heartbrakes,0.0,1.0,0.8,0.2,0.8,0.6
johnny cash,one,0.0,1.0,0.4,0.8,0.2,0.0
daft punk,face to face / short circuit,1.0,1.0,0.8,0.0,0.2,1.0
vitalic,la rock 01,0.0,1.0,1.0,0.0,0.0,1.0
gogol bordello,60 revolutions,0.0,0.8,1.0,0.4,0.8,0.0
black flag,gimmie gimmie gimmie,0.0,0.4,1.0,0.0,1.0,0.0
m.i.a.,bingo,0.0,0.8,0.8,0.0,0.2,1.0
metric,raw sugar,0.0,0.8,0.6,0.2,0.8,0.6
the specials,ghost town,0.0,0.8,0.4,0.4,0.8,0.2
rihanna,sos (rescue me),0.0,1.0,0.8,0.0,0.2,1.0
radiohead,a punchup at a wedding,0.0,0.8,0.6,0.4,0.8,0.2
the prodigy,narayan,0.0,1.0,0.8,0.4,0.2,1.0
radiohead,how do you?,0.0,0.8,0.8,0.0,1.0,0.0
coldplay,til kingdom come,0.0,1.0,0.4,0.8,0.2,0.0
the doors,twentieth century fox,0.0,0.8,0.6,0.2,1.0,0.0
santogold,starstruck,0.0,1.0,0.6,0.0,0.4,1.0
pink floyd,the show must go on,0.0,1.0,0.2,0.6,0.4,0.2
dirty pretty things,you fucking love it,0.0,0.8,0.8,0.0,1.0,0.0
elbow,mirrorball,0.0,1.0,0.4,0.8,0.4,0.2
elbow,station approach,0.0,1.0,0.6,0.2,0.8,0.2
róisín murphy,you know me better,0.0,1.0,0.8,0.0,0.2,1.0
moby,find my baby,0.0,1.0,0.6,0.2,0.4,0.8
camera obscura,eighties fan,0.0,0.6,0.4,0.4,0.8,0.2
the jesus and mary chain,some candy talking,0.0,0.8,0.6,0.4,1.0,0.0
sufjan stevens,redford (for yia-yia & pappou),0.0,0.6,0.2,1.0,0.0,0.0
tv on the radio,stork & owl,0.0,1.0,0.4,0.4,0.6,0.8
midlake,young bride,,,,,,
dido,life for rent,0.0,1.0,0.4,0.6,0.4,0.6
the cure,charlotte sometimes,0.0,0.8,0.6,0.2,0.8,0.4
britney spears,my prerogative,0.0,1.0,0.8,0.0,0.4,1.0
foo fighters,hell,0.0,1.0,1.0,0.0,1.0,0.0
miles davis,blue in green,0.0,1.0,0.2,1.0,0.0,0.0
the goo goo dolls,better days,0.0,1.0,0.6,0.6,0.6,0.2
brian eno,baby's on fire,0.0,0.8,0.8,0.2,1.0,0.4
the fratellis,everybody knows you cried last night,0.0,0.8,0.8,0.2,1.0,0.0
the pipettes,judy,0.0,0.8,0.6,0.4,0.8,0.2
robbie williams,feel,0.0,1.0,0.8,0.6,0.6,0.4
paradise lost,grey,0.0,1.0,0.8,0.0,1.0,0.4
mae,suspension,0.0,1.0,0.8,0.4,0.8,0.4
the unicorns,tuff ghost,0.0,0.6,0.6,0.2,0.8,0.4
basement jaxx,where's your head at,0.0,1.0,1.0,0.0,0.2,1.0
lacuna coil,heaven's a lie,0.0,1.0,0.8,0.2,1.0,0.4
röyksopp,boys,0.0,1.0,0.6,0.2,0.4,1.0
sunset rubdown,they took a vote and said no,0.0,0.8,0.8,0.2,1.0,0.6
richard ashcroft,a song for the lovers,0.0,1.0,0.6,0.4,0.8,0.2
kt tunstall,silent sea,0.0,1.0,0.4,0.8,0.4,0.0
porcupine tree,fear of a blank planet,0.0,1.0,0.8,0.2,1.0,0.4
the prodigy,poison,0.0,1.0,1.0,0.4,0.2,1.0
pantera,5 minutes alone,0.0,1.0,1.0,0.0,1.0,0.0
the flaming lips,pompeii am götterdämmerung,0.0,1.0,0.8,0.2,0.8,0.6
pantera,i'm broken,0.0,1.0,1.0,0.2,1.0,0.0
clint mansell,holy dread!,0.0,1.0,0.6,0.8,0.4,0.2
the horrors,sheena is a parasite,0.0,0.4,1.0,0.2,1.0,0.0
ladytron,amtv,0.0,1.0,0.6,0.0,0.2,1.0
wilco,how to fight loneliness,0.0,1.0,0.2,0.6,0.4,0.2
aphex twin,pulsewidth,0.0,0.8,0.6,0.0,0.0,1.0
giant drag,kevin is gay,0.0,0.6,0.8,0.0,1.0,0.0
mc hammer,u can't touch this,0.0,0.8,0.6,0.0,0.8,0.6
kings of convenience,live long,0.0,1.0,0.2,1.0,0.0,0.0
iamx,after every party i die,0.0,1.0,0.8,0.2,0.6,1.0
audioslave,light my way,0.0,1.0,0.8,0.0,1.0,0.0
fiona apple,o' sailor,0.0,1.0,0.6,0.8,0.4,0.0
architecture in helsinki,it'5!,0.0,0.8,0.6,0.8,0.4,0.4
sentenced,ever-frost,0.0,1.0,0.8,0.0,1.0,0.0
doves,there goes the fear,0.0,1.0,0.8,0.4,0.8,0.2
nightwish,bye bye beautiful,0.0,1.0,0.8,0.4,1.0,0.4
blonde redhead,my impure hair,0.0,1.0,0.4,0.0,0.6,0.8
elliott smith,the white lady loves you more,0.0,0.4,0.2,1.0,0.0,0.0
semisonic,closing time,0.0,1.0,0.6,0.4,0.8,0.2
jack's mannequin,bruised,0.0,1.0,0.6,0.4,0.8,0.0
sonic youth,lights out,0.0,0.6,0.8,0.0,1.0,0.0
kate bush,babooshka,0.0,1.0,0.6,0.4,0.8,0.4
air,somewhere between waking and sleeping,0.0,1.0,0.4,0.4,0.4,1.0
rammstein,benzin,0.0,1.0,1.0,0.0,1.0,0.4
björk,undo,0.0,1.0,0.4,0.4,0.2,1.0
death cab for cutie,title track,0.0,0.6,0.4,0.2,0.8,0.0
kylie minogue,red blooded woman,0.0,1.0,0.6,0.2,0.4,1.0
yeah yeah yeahs,kiss kiss,0.0,0.8,1.0,0.2,1.0,0.0
funeral for a friend,streetcar,0.0,1.0,0.8,0.0,1.0,0.0
the cardigans,erase/rewind,0.0,1.0,0.4,0.0,0.8,0.6
bob dylan,tombstone blues,0.0,0.8,0.8,0.2,1.0,0.0
modest mouse,people as places as people,0.0,1.0,0.8,0.2,1.0,0.2
mogwai,boring machines disturbs sleep,0.0,0.8,0.8,0.0,1.0,0.0
glasvegas,geraldine,0.0,1.0,1.0,0.2,1.0,0.0
nick drake,day is done,0.0,0.8,0.4,1.0,0.0,0.0
oasis,columbia,0.0,0.8,1.0,0.2,1.0,0.0
clint mansell,stay with me,0.0,1.0,0.6,0.8,0.4,0.2
portishead,elysium,0.0,1.0,0.4,0.4,0.6,0.6
yeah yeah yeahs,shame and fortune,0.0,1.0,0.8,0.2,1.0,0.2
spoon,black like me,0.0,0.8,0.4,0.6,0.4,0.2
dread zeppelin,the lemon song,0.0,0.8,0.6,0.2,1.0,0.0
jack johnson,traffic in the sky,0.0,1.0,0.4,0.8,0.4,0.0
bob dylan,just like tom thumb's blues,0.0,0.8,0.4,0.4,0.8,0.0
daft punk,steam machine,0.0,0.6,0.8,0.0,0.2,1.0
belle and sebastian,i fought in a war,0.0,0.8,0.4,0.8,0.4,0.0
the psychedelic furs,pretty in pink,0.0,1.0,0.6,0.2,1.0,0.6
slipknot,the blister exists,0.0,1.0,1.0,0.2,1.0,0.2
pink floyd,bike,0.0,0.6,0.6,0.4,0.6,0.4
apollo 440,stop the rock,0.0,1.0,0.8,0.0,0.8,1.0
gogol bordello,immigrant punk,0.0,0.8,1.0,0.6,0.8,0.0
nine inch nails,i do not want this,0.0,1.0,1.0,0.0,0.8,1.0
apparat,arcadia,0.0,1.0,0.6,0.2,0.4,1.0
death cab for cutie,pictures in an exhibition,0.0,0.6,0.6,0.2,0.8,0.0
elliott smith,2:45 am,0.0,0.6,0.6,0.4,0.8,0.0
p!nk,i'm not dead,0.0,1.0,0.8,0.2,0.8,0.2
p!nk,dear mr. president,0.0,1.0,0.4,1.0,0.2,0.0
the streets,dry your eyes,0.0,1.0,0.4,0.4,0.2,0.8
tool,die eier von satan,0.0,0.8,0.8,0.2,0.2,0.8
mando diao,amsterdam,0.0,0.8,0.8,0.2,1.0,0.0
beck,new round,0.0,1.0,0.4,0.6,0.4,0.6
yeah yeah yeahs,skeletons,0.0,1.0,0.4,0.2,0.4,0.8
led zeppelin,gallows pole,0.0,0.8,0.6,0.8,0.4,0.0
apparat,not a number,0.0,1.0,0.6,0.2,0.4,1.0
morrissey,life is a pigsty,0.0,1.0,0.8,0.4,0.8,0.2
goldfrapp,road to somewhere,0.0,1.0,0.4,0.8,0.2,0.4
cartel,say anything (else),0.0,0.8,0.8,0.0,1.0,0.0
placebo,allergic (to thoughts of mother earth),0.0,1.0,0.8,0.0,1.0,0.2
the futureheads,a to b,0.0,0.8,0.8,0.4,1.0,0.0
the pipettes,we are the pipettes,0.0,0.8,0.6,0.2,0.8,0.0
caribou,melody day,0.0,1.0,0.6,0.4,0.8,0.4
killing joke,love like blood,0.0,1.0,0.8,0.2,0.8,0.6
evanescence,cloud nine,0.0,1.0,0.8,0.0,0.8,0.6
the smashing pumpkins,stand inside your love,0.0,1.0,0.8,0.0,1.0,0.2
tv on the radio,red dress,0.0,1.0,0.8,0.4,0.6,0.6
the white stripes,instinct blues,0.0,0.6,0.8,0.2,1.0,0.0
sunset rubdown,winged/wicked things,0.0,0.6,0.8,0.4,0.8,0.4
the notwist,consequence,0.0,1.0,0.4,0.6,0.4,0.6
rage against the machine,freedom,0.0,1.0,1.0,0.2,1.0,0.0
nick cave & the bad seeds,red right hand,0.0,1.0,0.4,0.4,0.8,0.2
έλενα παπαρίζου,teardrops,0.0,1.0,0.6,0.4,0.6,0.8
broken social scene,i slept with bonhomme at the cbc,0.2,0.6,0.8,0.0,1.0,0.0
the beatles,anna (go to him),0.0,0.8,0.4,0.2,0.8,0.0
m.i.a.,the turn,0.0,1.0,0.8,0.2,0.2,1.0
architecture in helsinki,spring 2008,0.0,1.0,0.6,0.4,0.6,0.8
girl talk,in step,0.0,1.0,1.0,0.2,0.6,1.0
wolfmother,where eagles have been,0.0,0.8,0.8,0.0,1.0,0.0
sentenced,dead moon rising,0.0,1.0,0.8,0.2,1.0,0.2
wilco,company in my back,0.0,1.0,0.6,0.2,0.8,0.2
rage against the machine,maria,0.0,1.0,0.8,0.0,1.0,0.0
pj harvey,you come through,0.0,0.8,0.2,0.8,0.2,0.0
t. rex,children of the revolution,0.0,0.8,0.8,0.2,1.0,0.0
the velvet underground,candy says,0.0,0.8,0.2,0.8,0.4,0.0
zz top,la grange,0.0,0.8,0.8,0.2,1.0,0.0
the long blondes,weekend without makeup,0.0,0.8,0.6,0.2,1.0,0.0
killswitch engage,a bid farewell,0.0,1.0,1.0,0.0,1.0,0.0
morrissey,i have forgiven jesus,0.0,1.0,0.6,0.2,0.8,0.0
foo fighters,big me,0.0,0.8,0.4,0.2,0.8,0.0
zz top,got me under pressure,0.0,1.0,0.8,0.0,1.0,0.6
the dead 60s,riot radio,0.0,0.8,0.8,0.2,1.0,0.0
elbow,weather to fly,0.0,1.0,0.4,0.4,0.8,0.4
nine inch nails,the line begins to blur,0.0,1.0,0.8,0.2,0.8,0.6
beulah,gravity's bringing us down,0.0,0.8,0.6,0.6,0.6,0.2
band of horses,islands on the coast,0.0,1.0,0.6,0.4,0.8,0.2
fergie,london bridge (radio edit),0.0,1.0,0.8,0.4,0.2,1.0
kraftwerk,the model,0.0,1.0,0.4,0.0,0.2,1.0
the jam,in the city,0.0,0.8,0.8,0.2,1.0,0.0
rage against the machine,beautiful world,0.0,1.0,0.4,0.0,1.0,0.0
the cranberries,animal instinct,0.0,1.0,0.6,0.4,0.8,0.0
opeth,ghost of perdition,0.0,1.0,1.0,0.2,1.0,0.2
metallica,through the never,0.0,1.0,1.0,0.0,1.0,0.0
secret machines,sad and lonely,0.0,1.0,0.8,0.2,0.8,0.6
katatonia,teargas,0.0,0.8,0.8,0.0,1.0,0.2
battles,prismism,0.0,1.0,0.8,0.4,0.8,0.6
jem,wish i,0.0,1.0,0.4,0.2,0.2,0.8
belle and sebastian,you don't send me,0.0,1.0,0.4,0.4,0.8,0.2
scissor sisters,she's my man,0.0,1.0,0.8,0.2,0.6,0.8
the stone roses,shoot you down,0.0,0.8,0.4,0.2,0.8,0.0
matchbox twenty,push,0.0,1.0,0.8,0.2,1.0,0.0
guano apes,big in japan,0.0,1.0,0.8,0.0,1.0,0.2
nine inch nails,kinda i want to,0.0,0.8,0.6,0.0,0.4,1.0
explosions in the sky,magic hours,0.0,0.8,0.8,0.2,1.0,0.0
sublime,wrong way,0.0,0.8,0.8,0.4,0.8,0.0
alexi murdoch,orange sky,0.0,1.0,0.2,0.8,0.2,0.0
the kooks,mr. maker,0.0,0.8,0.6,0.2,0.8,0.0
king crimson,21st century schizoid man,0.0,0.8,1.0,0.4,1.0,0.0
hard-fi,suburban knights,0.0,0.8,0.8,0.2,1.0,0.4
queens of the stone age,a song for the dead,0.0,1.0,1.0,0.2,1.0,0.0
wilco,she's a jar,0.0,1.0,0.2,0.4,0.6,0.6
wilco,walken,0.0,1.0,0.6,0.2,1.0,0.0
eddie vedder,far behind,0.0,0.8,0.8,0.2,0.8,0.0
the verve,history,0.0,0.8,0.6,0.6,0.6,0.0
black kids,listen to your body tonight,0.0,1.0,0.8,0.2,0.6,0.8
le tigre,hot topic,0.0,0.6,0.8,0.0,0.4,1.0
iron & wine,peace beneath the city,0.0,1.0,0.6,0.6,0.6,0.2
jack johnson,fortunate fool,0.0,0.8,0.4,0.8,0.4,0.0
the dandy warhols,not if you were the last junkie on earth,0.0,1.0,0.6,0.2,0.8,0.4
clint mansell,first snow,0.0,1.0,0.4,0.8,0.0,0.4
yo la tengo,i feel like going home,0.0,1.0,0.2,0.2,0.8,0.0
depeche mode,the things you said,0.0,1.0,0.4,0.0,0.2,1.0
nicola conte,bossa per due,0.0,1.0,0.4,0.8,0.4,0.2
marilyn manson,i put a spell on you,0.0,0.8,0.8,0.0,1.0,0.6
marilyn manson,(s)aint,0.0,1.0,0.8,0.0,0.8,0.6
the white stripes,expecting,0.0,0.6,0.8,0.2,1.0,0.0
muse,escape,0.0,0.8,0.8,0.0,1.0,0.0
yeah yeah yeahs,miles away,0.0,0.6,0.8,0.0,1.0,0.0
nouvelle vague,human fly,0.0,1.0,0.4,0.8,0.2,0.0
pearl jam,unemployable,0.0,0.8,0.6,0.2,1.0,0.0
radiohead,a wolf at the door. (it girl. rag doll.),0.0,1.0,0.6,0.2,0.8,0.4
eddie vedder,long nights,0.0,1.0,0.4,0.2,0.8,0.0
james blunt,billy,0.0,1.0,0.6,0.6,0.4,0.2
zero 7,look up,0.0,1.0,0.4,0.6,0.6,0.6
stars,my favourite book,0.0,1.0,0.4,0.8,0.4,0.2
sex pistols,anarchy in the uk,0.0,0.8,1.0,0.2,1.0,0.0
apparat,holdon,0.0,1.0,0.6,0.4,0.2,1.0
daft punk,daftendirekt,0.2,0.8,0.8,0.0,0.2,1.0
jojo,too little too late,0.0,1.0,0.6,0.6,0.4,0.6
pulp,lipgloss,0.0,0.8,0.6,0.2,0.8,0.6
pulp,live bed show,0.0,1.0,0.4,0.4,0.8,0.4
be your own pet,bunk trunk skunk,0.0,0.8,1.0,0.2,1.0,0.0
the smiths,oscillate wildly,0.0,0.8,0.6,0.4,0.8,0.2
joy division,failures,0.0,0.4,0.8,0.2,1.0,0.0
slipknot,pulse of the maggots,0.0,1.0,1.0,0.0,1.0,0.2
regina spektor,sailor song,0.0,0.8,0.6,0.8,0.4,0.0
dio,holy diver,0.0,1.0,0.8,0.0,1.0,0.0
the stone roses,(song for my) sugar spun sister,0.0,0.8,0.4,0.2,1.0,0.0
dredg,sang real,0.0,1.0,0.6,0.2,0.8,0.2
ratatat,kennedy,0.0,0.8,0.8,0.0,1.0,0.6
foo fighters,erase/replace,0.0,1.0,0.8,0.0,1.0,0.0
garbage,not my idea,0.0,1.0,0.8,0.2,0.8,0.6
alanis morissette,all i really want,0.0,1.0,0.8,0.6,0.6,0.0
kanye west,street lights,0.0,1.0,0.4,0.4,0.2,1.0
evanescence,weight of the world,0.0,1.0,0.8,0.2,1.0,0.4
joanna newsom,three little babes,0.0,0.6,0.2,1.0,0.0,0.0
metallica,creeping death,0.0,0.8,1.0,0.0,1.0,0.0
moby,raining again,0.0,1.0,0.8,0.0,0.2,1.0
coldplay,see you soon,0.0,0.6,0.2,0.8,0.4,0.0
garbage,the world is not enough,0.0,1.0,0.8,0.8,0.6,0.4
the sounds,24 hours,0.0,1.0,0.8,0.2,0.8,0.6
muse,dark shines,0.0,0.8,0.8,0.2,1.0,0.4
the ting tings,we started nothing,0.0,0.8,0.8,0.2,0.8,0.4
!!!,yadnus,0.0,0.8,0.8,0.4,0.8,0.4
nine inch nails,the greater good,0.0,1.0,0.4,0.0,0.2,1.0
minus the bear,pachuca sunrise,0.0,0.8,0.4,0.2,1.0,0.2
mastodon,iron tusk,0.0,0.8,1.0,0.2,1.0,0.0
beyoncé,ring the alarm,0.0,1.0,1.0,0.0,0.2,1.0
echo & the bunnymen,bring on the dancing horses,0.0,1.0,0.6,0.0,0.8,0.6
tv on the radio,tonight,0.0,0.8,0.6,0.2,0.8,0.6
jackson and his computer band,tv dogs (cathodica's letter) (feat. mike ladd),0.0,1.0,1.0,0.0,0.4,1.0
queens of the stone age,battery acid,0.0,1.0,1.0,0.2,1.0,0.2
animal collective,winter wonder land,0.0,0.8,0.6,0.2,0.4,0.8
new young pony club,tight fit,0.0,1.0,0.6,0.0,0.6,0.8
belle and sebastian,ease your feet in the sea,0.0,0.8,0.2,0.8,0.4,0.0
manu chao,desaparecido,0.0,0.6,0.4,0.8,0.4,0.2
rilo kiley,under the blacklight,0.0,1.0,0.6,0.2,0.8,0.4
elvis presley,heartbreak hotel,0.0,0.6,0.4,0.6,0.4,0.0
depeche mode,breathe,0.0,1.0,0.2,0.2,0.4,1.0
iron maiden,iron maiden,0.0,0.6,0.8,0.0,1.0,0.0
jimmy eat world,drugs or me,0.0,1.0,0.6,0.2,1.0,0.2
soilwork,the flameout,0.0,0.8,1.0,0.0,1.0,0.4
the police,invisible sun,0.0,1.0,0.4,0.2,0.6,0.8
my morning jacket,gideon,0.0,1.0,0.8,0.2,0.8,0.4
daft punk,harder better faster stronger,0.0,1.0,0.6,0.0,0.2,1.0
the zombies,time of the season,0.0,0.8,0.4,0.2,0.8,0.0
battles,tij,0.0,1.0,0.8,0.4,1.0,0.4
nelly furtado,wait for you,0.0,1.0,0.4,0.2,0.2,1.0
patti smith,gloria,0.0,0.6,0.8,0.2,1.0,0.0
t.v. carpio,i want to hold your hand,0.0,1.0,0.4,0.8,0.4,0.2
camera obscura,country mile,0.0,0.8,0.4,0.6,0.6,0.0
air,electronic performers,0.0,1.0,0.6,0.0,0.4,1.0
louis xiv,finding out true love is blind,0.0,0.8,0.6,0.2,1.0,0.0
the doors,back door man,0.0,0.8,0.8,0.2,1.0,0.0
hard-fi,living for the weekend,0.0,0.8,0.8,0.0,1.0,0.2
kt tunstall,another place to fall,0.0,1.0,0.6,0.6,0.6,0.0
jens lekman,sipping on the sweet nectar,0.0,1.0,0.6,0.8,0.4,0.4
the white stripes,st. andrew (this battle is in the air),0.0,0.8,0.8,0.8,0.4,0.0
jay-z and linkin park,numb/encore,0.0,1.0,0.8,0.0,0.8,0.6
anathema,fragile dreams,0.0,0.8,0.8,0.2,1.0,0.2
the dresden dolls,modern moonlight,0.0,0.8,0.8,0.8,0.2,0.0
red hot chili peppers,this velvet glove,0.0,1.0,0.6,0.4,0.8,0.0
布袋寅泰,battle without honor or humanity,0.0,1.0,1.0,0.4,1.0,0.0
jack johnson,holes to heaven,0.0,1.0,0.4,0.8,0.4,0.0
hercules and love affair,athene,0.0,1.0,0.8,0.2,0.4,1.0
abba,mamma mia,0.0,1.0,0.6,0.6,0.6,0.2
bob marley & the wailers,get up stand up,0.0,0.8,0.6,0.2,0.8,0.0
the raconteurs,salute your solution,0.0,0.8,1.0,0.2,1.0,0.0
kevin shields,city girl,0.0,0.8,0.4,0.2,1.0,0.2
elliott smith,ostrich & chirping,0.0,0.4,0.2,0.8,0.0,0.0
elliott smith,bottle up and explode!,0.0,1.0,0.8,0.2,0.8,0.0
έλενα παπαρίζου,my number one,0.0,1.0,0.8,0.2,0.2,1.0
mogwai,stop coming to my house,0.0,1.0,0.8,0.2,0.8,0.8
heaven 17,temptation,0.0,1.0,0.8,0.4,0.2,1.0
system of a down,ddevil,0.0,0.8,1.0,0.2,1.0,0.0
mötley crüe,kickstart my heart,0.0,1.0,1.0,0.2,1.0,0.0
kimya dawson,my rollercoaster,0.0,0.4,0.2,1.0,0.0,0.0
deftones,be quiet and drive (far away),0.0,1.0,0.8,0.0,1.0,0.0
metric,help i'm alive,0.0,1.0,0.8,0.2,0.8,0.6
hercules and love affair,time will,0.0,1.0,0.6,0.2,0.6,0.8
the stooges,raw power,0.0,0.4,1.0,0.2,1.0,0.0
stars,he lied about death,0.0,0.8,0.8,0.2,0.8,0.6
porcupine tree,feel so low,0.0,1.0,0.4,0.8,0.4,0.2
bonobo,the fever,0.0,1.0,0.6,0.4,0.6,0.8
bob marley & the wailers,could you be loved,0.0,1.0,0.6,0.4,0.8,0.2
slayer,dead skin mask,0.0,0.8,1.0,0.0,1.0,0.0
misfits,we are 138,0.0,0.4,1.0,0.2,1.0,0.0
clint mansell,death is a disease,0.0,1.0,0.6,0.8,0.4,0.2
echo & the bunnymen,lips like sugar,0.0,1.0,0.6,0.2,1.0,0.6
yo la tengo,black flowers,0.0,1.0,0.4,0.8,0.4,0.2
justice,one minute to midnight,0.0,1.0,1.0,0.0,0.2,1.0
blink-182,down,0.0,1.0,0.8,0.0,1.0,0.0
the black keys,10 a.m. automatic,0.0,0.6,0.8,0.2,1.0,0.0
lady gaga,just dance (feat. colby o'donis),0.0,1.0,0.8,0.0,0.2,1.0
oasis,the turning,0.0,1.0,1.0,0.2,1.0,0.4
midnight juggernauts,into the galaxy,0.0,1.0,0.8,0.2,0.4,1.0
oasis,waiting for the rapture,0.0,1.0,0.8,0.0,1.0,0.0
the prodigy,funky shit,0.0,1.0,1.0,0.2,0.0,1.0
gotan project,diferente,0.0,1.0,0.6,0.8,0.4,0.6
broken social scene,alive in 85,0.2,0.8,0.6,0.4,0.8,0.4
the kills,fried my little brains,0.0,0.4,0.8,0.0,1.0,0.4
yeah yeah yeahs,bang,0.0,0.6,0.8,0.2,1.0,0.0
love is all,make out fall out make up,0.0,0.4,0.8,0.4,0.8,0.0
elbow,the loneliness of a tower crane driver,0.0,1.0,0.6,0.8,0.4,0.2
rob dougan,clubbed to death,0.0,1.0,0.8,0.8,0.2,0.8
kanye west,the glory,0.0,1.0,0.8,0.6,0.2,0.4
whitesnake,still of the night,0.0,1.0,1.0,0.0,1.0,0.2
goldfrapp,little bird,0.0,1.0,0.4,0.6,0.2,0.4
dirty pretty things,gin & milk,0.0,0.8,0.8,0.2,1.0,0.0
the libertines,horrorshow,0.0,0.6,0.8,0.0,1.0,0.0
ghostface killah,9 milli bros. (feat. wu-tang clan),0.0,0.8,0.8,0.0,0.4,0.2
nightwish,stargazers,0.0,0.8,1.0,0.2,1.0,0.6
bruce springsteen,atlantic city,0.0,0.2,0.4,1.0,0.0,0.0
depeche mode,hole to feed,0.0,1.0,0.8,0.2,0.6,1.0
modest mouse,i came as a rat,0.0,0.8,0.6,0.2,0.8,0.2
nightwish,sahara,0.0,1.0,1.0,0.4,0.8,0.4
queen,save me,0.0,1.0,0.6,0.4,0.8,0.0
tori amos,sleeps with butterflies,0.0,1.0,0.4,0.8,0.4,0.2
amy winehouse,in my bed,0.0,1.0,0.6,0.4,0.8,0.2
elbow,an audience with the pope,0.0,1.0,0.8,0.4,0.8,0.2
nick drake,at the chime of a city clock,0.0,0.8,0.4,0.8,0.4,0.0
in flames,jotun,0.0,0.8,1.0,0.0,1.0,0.0
death cab for cutie,blacking out the friction,0.0,0.8,0.6,0.2,1.0,0.0
morrissey,dear god please help me,0.0,1.0,0.6,0.8,0.4,0.0
the cure,fire in cairo,0.0,0.6,0.4,0.2,0.8,0.0
rufus wainwright,california,0.0,1.0,0.6,0.6,0.4,0.0
ben folds,annie waits,0.0,1.0,0.6,0.6,0.4,0.2
the smashing pumpkins,mellon collie and the infinite sadness,0.0,1.0,0.2,1.0,0.0,0.0
blonde redhead,messenger,0.0,1.0,0.4,0.8,0.4,0.2
snow patrol,if there's a rocket tie me to it,0.0,1.0,0.8,0.2,1.0,0.4
dj shadow,stem/long stem,0.0,1.0,0.6,0.4,0.6,0.2
sunset rubdown,the empty threats of little lord,0.0,0.6,0.6,0.2,0.8,0.4
devendra banhart,long haired child,0.0,0.8,0.6,0.8,0.4,0.0
bloc party,trojan horse,0.0,1.0,0.8,0.0,1.0,0.4
the horrors,count in fives,0.0,0.6,0.8,0.2,1.0,0.2
peter bjorn and john,the chills,0.0,0.8,0.6,0.4,0.6,0.4
all saints,black coffee,0.0,1.0,0.4,0.2,0.4,1.0
jackson and his computer band,hard tits,0.0,1.0,1.0,0.0,0.2,1.0
metallica,suicide & redemption,0.0,0.6,1.0,0.0,1.0,0.0
creedence clearwater revisited,up around the bend,1.0,0.8,0.8,0.2,1.0,0.0
jackson and his computer band,teen beat ocean,0.0,1.0,0.8,0.0,0.2,1.0
mew,chinaberry tree,0.0,1.0,0.6,0.2,0.8,0.4
him,and love said no,0.0,1.0,0.6,0.2,0.8,0.4
pj harvey,angelene,0.0,1.0,0.2,0.6,0.4,0.2
audioslave,drown me slowly,0.0,1.0,0.8,0.0,1.0,0.0
iron & wine and calexico,he lays in the reins,0.0,1.0,0.4,0.8,0.2,0.0
inxs,new sensation,0.0,1.0,0.8,0.4,1.0,0.2
broadcast,tender buttons,0.0,0.8,0.4,0.0,0.4,1.0
sarah mclachlan,angel,0.0,1.0,0.2,0.8,0.2,0.2
the unicorns,child star,0.0,0.6,0.4,0.4,0.6,0.4
danny elfman,this is halloween,0.0,1.0,0.8,1.0,0.2,0.2
+44,when your heart stops beating,0.0,1.0,0.8,0.0,1.0,0.2
guns n' roses,rocket queen,0.0,0.8,0.8,0.0,1.0,0.0
the smiths,well i wonder,0.0,0.8,0.4,0.4,0.8,0.0
the whitest boy alive,done with you,0.0,0.8,0.4,0.2,0.8,0.0
the magnetic fields,i think i need a new heart,0.0,0.8,0.2,0.2,0.2,0.8
rufus wainwright,14th street,0.0,1.0,0.6,0.8,0.4,0.2
yo la tengo,sometimes i don't get you,0.0,0.8,0.4,0.4,0.8,0.2
placebo,come home,0.0,0.8,0.8,0.0,1.0,0.0
jimmy eat world,always be,0.0,1.0,0.6,0.2,1.0,0.2
porcupine tree,prodigal,0.0,1.0,0.6,0.4,0.8,0.4
elliott smith,alphabet town,0.0,0.4,0.2,0.8,0.2,0.0
the magnetic fields,absolutely cuckoo,0.0,0.8,0.2,0.8,0.0,0.2
mission of burma,that's when i reach for my revolver,0.0,0.6,0.8,0.0,1.0,0.0
jack johnson,gone,0.0,0.8,0.4,0.8,0.4,0.0
sigur rós,vaka,0.0,1.0,0.4,0.8,0.4,0.2
kasabian,i.d,0.0,1.0,0.6,0.2,0.8,0.6
children of bodom,in your face,0.0,1.0,1.0,0.2,1.0,0.4
adam green,i wanna die,,,,,,
the white stripes,hello operator,0.0,0.6,0.8,0.2,1.0,0.0
clint mansell,finish it,0.0,1.0,0.8,0.6,0.2,0.8
porcupine tree,a smart kid,0.0,1.0,0.4,0.6,0.6,0.4
tool,undertow,0.0,0.8,0.8,0.0,1.0,0.0
turin brakes,pain killer,0.0,1.0,0.6,0.8,0.4,0.0
bright eyes,no one would riot for less,0.0,1.0,0.4,0.8,0.4,0.0
the chemical brothers,let forever be,0.0,1.0,0.8,0.4,0.4,0.8
jens lekman,into eternity,0.0,0.8,0.4,0.6,0.4,0.6
cat power,wild is the wind,0.0,0.6,0.2,1.0,0.0,0.0
30 seconds to mars,fallen,0.0,1.0,0.8,0.2,0.8,0.6
maroon 5,goodnight goodnight,0.0,1.0,0.6,0.2,0.8,0.4
sinéad o'connor,nothing compares 2 u,0.0,1.0,0.4,0.2,0.2,0.8
radiohead,we suck young blood. (your time is up.),0.0,0.8,0.2,0.8,0.4,0.2
radiohead,prove yourself,0.0,0.6,0.8,0.0,1.0,0.0
system of a down,chic 'n' stu,0.0,0.8,1.0,0.0,1.0,0.0
squarepusher,tommib,0.0,1.0,0.2,0.0,0.0,1.0
beck,soul of a man,0.0,0.8,0.8,0.2,1.0,0.2
creedence clearwater revisited,i put a spell on you,1.0,0.8,0.8,0.2,1.0,0.0
regina spektor,ghost of corporate future,0.0,0.8,0.4,1.0,0.0,0.0
the rakes,open book,0.0,0.8,0.6,0.2,1.0,0.0
the smiths,death of a disco dancer,0.0,0.8,0.6,0.4,0.8,0.0
justin timberlake,sexy back,0.0,1.0,1.0,0.0,0.2,1.0
eisley,telescope eyes,0.0,1.0,0.6,0.2,0.8,0.2
bloc party,price of gasoline,0.0,0.8,0.8,0.2,1.0,0.0
the kills,i hate the way you love,0.0,0.8,0.8,0.2,1.0,0.4
björk,the dull flame of desire,0.0,1.0,0.8,0.8,0.2,0.4
the black keys,girl is on my mind,0.0,0.4,0.8,0.2,1.0,0.0
oasis,up in the sky,0.0,0.8,0.8,0.2,1.0,0.0
coheed and cambria,a favor house atlantic,0.0,1.0,0.8,0.0,1.0,0.0
youth group,forever young,0.0,1.0,0.4,0.4,0.8,0.2
digitalism,digitalism in cairo,0.0,0.8,0.8,0.0,0.6,1.0
autolux,angry candy,0.0,0.8,0.8,0.2,1.0,0.4
islands,tsuxiit,0.0,0.8,0.4,0.8,0.2,0.0
the white stripes,i think i smell a rat,0.0,0.6,0.8,0.2,1.0,0.0
sufjan stevens,the avalanche,0.0,1.0,0.6,0.8,0.4,0.2
metallica,harvester of sorrow,0.0,0.8,1.0,0.0,1.0,0.0
fort minor,where'd you go,0.0,1.0,0.6,0.4,0.4,0.8
britney spears,lace and leather,0.0,1.0,0.8,0.0,0.2,1.0
four tet,as serious as your life,0.0,0.8,0.8,0.6,0.2,0.6
okkervil river,for real,0.0,0.8,0.8,0.4,0.8,0.0
she wants revenge,out of control,0.0,1.0,0.8,0.0,0.8,0.8
ramones,the kkk took my baby away,0.0,0.8,0.8,0.0,1.0,0.0
ratatat,swisha,0.0,1.0,0.6,0.2,0.8,0.6
midlake,bandits,0.0,1.0,0.4,0.6,0.6,0.2
no doubt,new,0.0,1.0,0.8,0.2,1.0,0.2
elliott smith,l.a.,0.0,1.0,0.6,0.2,0.8,0.0
the clash,remote control,0.0,0.6,0.6,0.2,1.0,0.0
lykke li,let it fall,0.0,0.8,0.4,0.6,0.4,0.4
nirvana,blew,0.0,0.4,0.8,0.2,1.0,0.0
dirty pretty things,doctors and dealers,0.0,0.8,0.8,0.2,1.0,0.0
pj harvey,a place called home,0.0,1.0,0.6,0.2,0.8,0.2
pj harvey,a perfect day elise,0.0,1.0,0.8,0.2,0.8,0.4
the kills,cat claw,0.0,0.6,0.8,0.0,1.0,0.2
m83,america,0.0,1.0,1.0,0.0,0.8,1.0
the smiths,barbarism begins at home,0.0,0.8,0.6,0.2,1.0,0.0
katatonia,will i arrive,0.0,0.8,0.8,0.2,1.0,0.4
beck,volcano,0.0,1.0,0.4,0.2,0.6,0.6
björk,the modern things,0.0,1.0,0.8,0.2,0.2,1.0
elliott smith,strung out again,0.0,0.8,0.4,0.2,0.8,0.0
disturbed,the game,0.0,1.0,1.0,0.2,1.0,0.2
the who,who are you,0.0,1.0,0.8,0.2,1.0,0.4
kylie minogue,spinning around,0.0,1.0,0.6,0.0,0.4,0.8
machinae supremacy,cryosleep,0.0,1.0,0.6,0.0,0.8,0.8
blackfield,cloudy now,0.0,1.0,0.8,0.4,0.8,0.2
depeche mode,little soul,0.0,1.0,0.4,0.0,0.4,1.0
goldfrapp,cologne cerrone houdini,0.0,1.0,0.6,0.0,0.4,1.0
pj harvey,to talk to you,0.0,1.0,0.2,1.0,0.0,0.0
gorillaz,19-2000 (soulchild remix),0.0,1.0,0.6,0.2,0.6,1.0
the sugarcubes,birthday,0.0,0.8,0.6,0.4,0.8,0.2
gorillaz,double bass,0.0,1.0,0.6,0.2,0.8,0.8
arcade fire,i'm sleeping in a submarine,0.0,0.6,0.6,0.4,0.8,0.0
garbage,you look so fine,0.0,1.0,0.6,0.2,0.8,0.6
crowded house,don't dream it's over,0.0,1.0,0.4,0.4,0.8,0.4
britney spears,why should i be sad,0.0,1.0,0.6,0.0,0.2,1.0
stone sour,30/30-150,0.0,1.0,1.0,0.0,1.0,0.0
buzzcocks,i don't mind,0.0,0.8,0.8,0.0,1.0,0.0
rilo kiley,dreamworld,0.0,1.0,0.4,0.2,0.8,0.4
ac/dc,for those about to rock (we salute you),0.0,1.0,1.0,0.0,1.0,0.0
björk,5 years,0.0,1.0,0.8,0.4,0.0,0.8
the decemberists,16 military wives,0.0,0.8,0.6,0.4,0.8,0.0
the decemberists,leslie anne levine,0.0,0.8,0.4,1.0,0.2,0.0
the smashing pumpkins,to sheila,0.0,1.0,0.2,0.8,0.2,0.2
katatonia,evidence,0.0,0.8,0.6,0.0,1.0,0.4
rammstein,adios,0.0,1.0,1.0,0.2,1.0,0.4
the magnetic fields,i don't want to get over you,0.0,0.6,0.2,0.6,0.2,0.4
phoenix,run run run,0.0,1.0,0.6,0.2,0.8,0.4
rilo kiley,the moneymaker,0.0,1.0,0.6,0.2,1.0,0.2
deftones,knife prty,0.0,1.0,0.8,0.2,1.0,0.4
nightwish,the poet and the pendulum,0.0,1.0,1.0,0.6,0.8,0.4
kate nash,mariella,0.0,1.0,0.6,0.6,0.4,0.2
kate nash,we get on,0.0,0.8,0.4,0.8,0.4,0.0
pantera,primal concrete sledge,0.0,0.8,1.0,0.0,1.0,0.0
jethro tull,aqualung,0.0,0.8,0.8,0.4,1.0,0.0
damien rice,grey room,0.0,1.0,0.4,1.0,0.2,0.0
ben folds,the luckiest,0.0,1.0,0.2,1.0,0.0,0.0
opeth,benighted,0.0,0.8,0.4,1.0,0.2,0.0
yann tiersen,le banquet,0.0,0.8,0.6,1.0,0.2,0.0
yo la tengo,the room got heavy,0.0,1.0,0.6,0.4,0.8,0.0
3 doors down,let me go,0.0,1.0,0.8,0.0,1.0,0.0
the 13th floor elevators,you're gonna miss me,0.0,0.4,0.8,0.2,1.0,0.0
queen,one vision,0.0,1.0,0.8,0.2,1.0,0.4
minor threat,straight edge,0.0,0.6,1.0,0.2,1.0,0.0
the cinematic orchestra,child song,0.0,1.0,0.2,1.0,0.0,0.2
apparat,useless information,0.0,1.0,0.4,0.2,0.4,1.0
the rapture,get myself into it,0.0,1.0,0.8,0.4,0.8,0.4
black rebel motorcycle club,suddenly,0.0,0.8,0.6,0.0,1.0,0.0
bloc party,biko,0.0,1.0,0.6,0.0,0.4,0.8
ensiferum,ferrum aeternum,0.0,1.0,0.6,0.2,0.2,1.0
maroon 5,shiver,0.0,1.0,0.6,0.2,1.0,0.2
system of a down,fuck the system,0.0,0.8,1.0,0.0,1.0,0.0
pink floyd,bring the boys back home,0.0,1.0,1.0,1.0,0.2,0.0
funeral for a friend,roses for the dead,0.0,1.0,0.8,0.0,1.0,0.0
röyksopp,this must be it,0.0,1.0,0.6,0.0,0.2,1.0
buddy holly,dearest,0.2,0.2,0.2,1.0,0.0,0.0
husky rescue,new light of tomorrow,0.0,1.0,0.2,0.2,0.6,0.8
devendra banhart,heard somebody say,0.0,0.8,0.2,1.0,0.2,0.0
the chemical brothers,no path to follow,0.0,1.0,0.4,0.2,0.2,1.0
the national,friend of mine,0.0,0.8,0.4,0.4,0.8,0.2
crystal castles,reckless,0.0,0.8,0.8,0.0,0.2,1.0
within temptation,our solemn hour,0.0,1.0,0.8,0.6,1.0,0.6
zero 7,in time,0.0,1.0,0.4,0.6,0.4,0.6
yo la tengo,little eyes,0.0,1.0,0.4,0.2,0.8,0.4
the prodigy,run with the wolves,0.0,1.0,1.0,0.4,0.2,1.0
radiohead,go to sleep. (little man being erased.),0.0,1.0,0.8,0.4,0.8,0.2
red hot chili peppers,21st century,0.0,1.0,0.8,0.0,1.0,0.0
red hot chili peppers,hard to concentrate,0.0,1.0,0.4,0.4,0.8,0.0
boards of canada,the smallest weird number,0.0,0.8,0.4,0.0,0.2,1.0
babyshambles,unbilotitled,0.0,0.8,0.4,0.4,0.8,0.0
ladytron,true mathematics,0.0,0.8,0.6,0.0,0.2,1.0
the kills,m.e.x.i.c.o.,0.0,0.6,0.6,0.0,1.0,0.4
kasabian,last trip (in flight),0.0,1.0,0.4,0.0,0.4,1.0
cocorosie,candyland,0.0,0.8,0.4,0.6,0.2,0.6
u2,zoo station,0.0,1.0,0.8,0.0,1.0,0.6
the beatles,cry baby cry,0.0,0.8,0.4,0.8,0.4,0.0
judas priest,turbo lover,0.0,1.0,0.8,0.0,1.0,0.8
cat power,islands,0.0,1.0,0.4,0.8,0.4,0.0
beyoncé,single ladies (put a ring on it),0.0,1.0,0.8,0.0,0.0,1.0
fischerspooner,we need a war,0.0,1.0,0.8,0.0,0.4,1.0
patrick wolf,demolition,0.0,0.6,0.8,0.2,0.2,1.0
new order,your silent face,0.0,0.8,0.4,0.2,0.2,1.0
gabin,sweet sadness,0.0,1.0,0.4,0.6,0.6,0.4
ac/dc,rock 'n' roll train,0.0,1.0,1.0,0.0,1.0,0.0
the bravery,public service announcement,0.0,1.0,0.8,0.2,1.0,0.6
bloc party,zephyrus,0.0,1.0,0.6,0.4,0.4,1.0
yann tiersen,guilty,0.0,0.8,0.6,0.4,0.8,0.2
billy talent,devil in a midnight mass,0.0,1.0,1.0,0.0,1.0,0.0
mando diao,cut the rope,0.0,0.8,0.8,0.2,1.0,0.0
tool,crawl away,0.0,0.8,1.0,0.2,1.0,0.0
sonic youth,eric's trip,0.0,0.8,0.8,0.0,1.0,0.0
the clash,koka kola,0.0,0.8,0.8,0.2,1.0,0.0
bill withers,ain't no sunshine,0.0,0.8,0.4,0.8,0.4,0.0
buzzcocks,ever fallen in love (with someone you shouldn't've),0.0,0.8,0.8,0.2,1.0,0.0
broken social scene,mossbraker,0.0,0.6,0.4,0.2,0.6,0.8
eurythmics,sweet dreams,0.0,1.0,0.6,0.0,0.2,1.0
pink floyd,sorrow,0.0,1.0,0.8,0.0,1.0,0.6
blondie,rapture,0.0,1.0,0.6,0.2,0.8,0.4
grandaddy,now it's on,0.0,0.8,0.6,0.2,0.8,0.6
coheed and cambria,the suffering,0.0,1.0,0.8,0.0,1.0,0.0
a tribe called quest,electric relaxation,0.0,1.0,0.4,0.4,0.8,0.0
björk,pluto,0.0,1.0,1.0,0.0,0.2,1.0
kanye west,bad news,0.0,1.0,0.6,0.2,0.2,1.0
unkle,hold my hand,0.0,1.0,0.8,0.4,0.8,0.4
pink floyd,what do you want from me,0.0,1.0,0.8,0.2,1.0,0.4
morrissey,the father who must be killed,0.0,1.0,0.8,0.2,1.0,0.2
anton maiden,flight of icarus,0.0,0.2,0.6,0.2,0.0,1.0
no doubt,ex-girlfriend,0.0,1.0,0.8,0.2,1.0,0.2
system of a down,bubbles,0.0,0.8,1.0,0.2,1.0,0.0
m.i.a.,amazon,0.0,0.8,0.8,0.0,0.2,1.0
zero 7,this fine social scene,0.0,1.0,0.6,0.2,0.8,0.6
maroon 5,secret,0.0,1.0,0.6,0.6,0.8,0.2
the futureheads,robot,0.0,0.8,0.8,0.0,1.0,0.0
pendulum,different,0.0,1.0,1.0,0.0,0.6,1.0
linkin park,in between,0.0,1.0,0.2,0.4,0.4,0.8
deftones,xerces,0.0,1.0,0.4,0.2,0.8,0.6
anberlin,paperthin hymn,0.0,0.8,0.8,0.0,1.0,0.2
billy bragg,a new england,0.0,0.4,0.6,0.0,1.0,0.0
daft punk,around the world / harder better faster stronger,1.0,1.0,1.0,0.0,0.2,1.0
beth gibbons & rustin man,mysteries,0.0,1.0,0.2,1.0,0.2,0.0
the automatic,recover,0.0,0.8,0.8,0.2,1.0,0.6
rufus wainwright,natasha,0.0,1.0,0.4,0.8,0.4,0.2
gang of four,i found that essence rare,0.0,0.6,0.8,0.2,1.0,0.0
kylie minogue,wow,0.0,1.0,0.8,0.2,0.4,1.0
robbie williams,rudebox,0.0,1.0,0.8,0.0,0.2,1.0
rufus wainwright,one man guy,0.0,1.0,0.4,1.0,0.0,0.0
sleater-kinney,the fox,0.0,0.6,1.0,0.2,1.0,0.0
razorlight,hold on,0.0,0.8,0.8,0.2,0.8,0.0
slayer,reborn,0.0,0.8,1.0,0.2,1.0,0.0
opeth,closure,0.0,1.0,0.4,0.8,0.6,0.4
múm,finally we are no one,0.0,0.8,0.2,0.4,0.2,0.8
razorlight,kirby's house,0.0,0.8,0.6,0.2,1.0,0.0
gang of four,ether,0.0,0.8,0.8,0.2,1.0,0.0
lenny kravitz,it ain't over 'til it's over,0.0,1.0,0.4,0.6,0.6,0.2
bob dylan,shelter from the storm,0.0,0.8,0.4,1.0,0.2,0.0
bauhaus,dark entries,0.0,0.6,0.8,0.2,1.0,0.0
fall out boy,the (after) life of the party,0.0,1.0,0.8,0.2,1.0,0.2
rammstein,mann gegen mann,0.0,1.0,1.0,0.2,1.0,0.4
sigur rós,viorar vel til loftarasa,0.0,1.0,0.8,0.8,0.4,0.2
stars,one more night,0.0,1.0,0.4,0.2,0.6,0.8
faith no more,from out of nowhere,0.0,1.0,0.8,0.0,1.0,0.4
morrissey,november spawned a monster,0.0,1.0,0.6,0.2,1.0,0.2
amy macdonald,l.a.,0.0,0.8,0.6,0.8,0.4,0.0
kasabian,apnoea,0.0,1.0,1.0,0.0,0.8,0.6
emilíana torrini,to be free,0.0,1.0,0.4,0.2,0.2,0.8
stereo mcs,connected,0.0,0.8,0.6,0.2,0.6,0.8
neko case,if you knew,0.0,1.0,0.4,0.8,0.4,0.0
in flames,scream,0.0,1.0,1.0,0.0,1.0,0.4
dropkick murphys,i'm shipping up to boston,0.0,1.0,1.0,0.4,1.0,0.0
children of bodom,bodom beach terror,0.0,1.0,1.0,0.0,1.0,0.6
the blow,parentheses,0.0,0.8,0.6,0.0,0.2,1.0
the raconteurs,call it a day,0.0,1.0,0.4,0.8,0.4,0.0
dj shadow,fixed income,0.0,1.0,0.6,0.4,0.8,0.6
the chemical brothers,leave home,0.0,1.0,0.8,0.0,0.4,1.0
gwen stefani,rich girl,0.0,1.0,0.8,0.0,0.4,1.0
jackson and his computer band,minidoux,0.0,0.8,0.4,0.2,0.4,1.0
tv on the radio,dirtywhirl,0.0,0.8,0.6,0.2,0.8,0.4
nena,99 luftballons,0.0,1.0,0.6,0.2,0.8,0.8
in flames,swim,0.0,1.0,1.0,0.0,1.0,0.2
alice in chains,i stay away,0.0,1.0,0.8,0.8,0.6,0.0
nelly furtado,in god's hands,0.0,1.0,0.4,0.8,0.4,0.2
róisín murphy,let me know,0.0,1.0,0.8,0.2,0.4,1.0
tokyo police club,cheer it on,0.0,0.8,0.8,0.2,1.0,0.2
bloc party,better than heaven,0.0,1.0,0.8,0.2,0.8,0.6
the blood brothers,love rhymes with hideous car wreck,0.0,0.8,1.0,0.0,1.0,0.2
bloc party,always new depths,0.0,0.8,0.8,0.2,1.0,0.0
metallica,hit the lights,0.0,0.6,1.0,0.0,1.0,0.0
evanescence,whisper,0.0,1.0,1.0,0.2,1.0,0.4
dido,my lover's gone,0.0,1.0,0.2,0.8,0.2,0.2
in flames,jester script transfigured,0.0,0.8,1.0,0.2,1.0,0.2
ok go,you're so damn hot,0.0,0.8,0.8,0.2,1.0,0.2
tv on the radio,king eternal,0.0,0.8,0.8,0.0,0.8,0.6
jay-z,99 problems,0.0,1.0,0.8,0.2,1.0,0.0
tv on the radio,family tree,0.0,1.0,0.4,0.8,0.4,0.2
hot chip,wrestlers,0.0,1.0,0.4,0.0,0.2,1.0
dread zeppelin,the rain song,0.0,0.6,0.4,0.4,0.8,0.2
depeche mode,come back,0.0,1.0,0.8,0.0,0.8,1.0
lostprophets,can't catch tomorrow (good shoes won't save you this time),0.0,1.0,0.8,0.0,1.0,0.2
garbage,shut your mouth,0.0,1.0,0.8,0.2,0.8,0.8
sufjan stevens,we won't need legs to stand,0.0,0.6,0.2,0.8,0.2,0.2
the libertines,campaign of hate,0.0,0.6,0.8,0.2,1.0,0.0
yeah yeah yeahs,hysteric,0.0,1.0,0.4,0.2,0.8,0.6
the unicorns,ghost mountain,0.0,0.6,0.6,0.2,0.8,0.4
red hot chili peppers,i could die for you,0.0,1.0,0.6,0.2,0.8,0.0
nouvelle vague,don't go,0.0,1.0,0.2,1.0,0.2,0.0
the monkees,i'm a believer,0.0,1.0,0.6,0.4,0.8,0.0
hot chip,made in the dark,0.0,1.0,0.2,0.8,0.2,0.2
the new brubeck quartet,take five,1.0,0.8,0.6,0.8,0.4,0.0
metric,the twist,0.0,1.0,0.4,0.2,0.4,1.0
iron & wine,my lady's house,0.0,0.8,0.4,0.8,0.4,0.0
iron & wine,promising light,0.0,0.4,0.2,1.0,0.0,0.0
dragonforce,through the fire and flames,0.0,1.0,1.0,0.2,1.0,0.4
children of bodom,everytime i die,0.0,1.0,1.0,0.0,1.0,0.6
black kids,i wanna be your limousine,0.0,0.8,0.6,0.2,0.8,0.8
pendulum,visions,0.0,1.0,1.0,0.0,0.6,1.0
the cribs,hey scenesters!,0.0,0.6,0.8,0.2,1.0,0.0
kasabian,pinch roller,0.0,1.0,0.6,0.2,0.6,0.8
snow patrol,the finish line,0.0,1.0,0.4,0.4,0.2,0.6
queen,play the game,0.0,1.0,0.6,0.4,0.8,0.4
paramore,when it rains,0.0,1.0,0.6,0.2,0.8,0.2
dread zeppelin,out on the tiles,0.0,0.8,0.6,0.2,1.0,0.0
the kinks,victoria,0.0,0.8,0.8,0.2,1.0,0.0
the stone roses,elizabeth my dear,0.0,0.8,0.2,1.0,0.0,0.0
t.a.t.u.,all about us,0.0,1.0,0.8,0.0,0.6,1.0
n.e.r.d.,she wants to move,0.0,1.0,0.8,0.4,0.8,0.2
dirty pretty things,the gentry cove,0.0,0.8,0.6,0.2,0.8,0.0
tori amos,girl,0.0,1.0,0.6,0.8,0.4,0.2
yann tiersen,la valse d'amélie (version orchestre),0.0,1.0,0.6,1.0,0.0,0.0
nick cave & the bad seeds,stagger lee,0.0,0.8,0.8,0.2,1.0,0.4
a.c. newman,the battle for straight time,0.0,0.8,0.6,0.4,0.8,0.2
pj harvey,the piano,0.0,1.0,0.2,1.0,0.0,0.0
madonna,candy shop,0.0,1.0,0.6,0.0,0.2,1.0
wire,the 15th,0.0,0.8,0.4,0.2,0.6,0.8
psapp,cosy in the rocket,0.0,1.0,0.4,0.4,0.2,0.8
the white stripes,you're pretty good looking (for a girl),0.0,0.6,0.4,0.2,0.8,0.0
robbie williams,come undone,0.0,1.0,0.8,0.2,0.8,0.4
bonnie somerville,winding road,0.0,1.0,0.4,0.8,0.4,0.2
ministry,jesus built my hotrod,0.0,1.0,1.0,0.0,1.0,0.8
cat power,names,0.0,0.8,0.2,1.0,0.0,0.0
the streets,blinded by the lights,0.0,1.0,0.4,0.0,0.2,1.0
beck,minus,0.0,0.8,0.8,0.2,1.0,0.4
bloc party,staying fat,0.0,0.8,0.8,0.0,1.0,0.0
travis,turn,0.0,1.0,0.6,0.8,0.6,0.0
asobi seksu,lions and tigers,0.0,0.8,0.8,0.2,1.0,0.4
nightwish,master passion greed,0.0,1.0,1.0,0.2,1.0,0.4
rilo kiley,with arms outstretched,0.0,0.8,0.4,0.8,0.4,0.0
morrissey,the last of the famous international playboys,0.0,0.8,0.6,0.4,0.8,0.2
led zeppelin,four sticks,0.0,0.8,0.8,0.2,1.0,0.0
nick drake,know,0.0,1.0,0.2,1.0,0.0,0.0
jamiroquai,you give me something,0.0,1.0,0.6,0.4,0.8,0.6
onerepublic,mercy,0.0,1.0,0.6,0.4,0.8,0.4
the futureheads,danger of the water,0.0,1.0,0.4,1.0,0.0,0.0
cat stevens,father and son,0.0,0.8,0.4,1.0,0.2,0.0
cansei de ser sexy,let's make love and listen death from above,0.0,0.8,0.6,0.2,0.8,0.8
paramore,we are broken,0.0,1.0,0.6,0.8,0.4,0.2
beth gibbons & rustin man,tom the model,0.0,1.0,0.4,1.0,0.2,0.2
depeche mode,in chains,0.0,1.0,0.4,0.0,0.4,1.0
the beatles,birthday,0.0,0.8,0.8,0.2,0.8,0.0
incubus,warning,0.0,1.0,0.8,0.2,1.0,0.2
simian mobile disco,sleep deprivation,0.0,1.0,0.8,0.0,0.2,1.0
the chemical brothers,song to the siren,0.0,0.8,0.8,0.0,0.2,1.0
wilco,i'm always in love,0.0,1.0,0.8,0.2,0.8,0.4
a perfect circle,breña,0.0,1.0,0.6,0.2,1.0,0.0
okkervil river,black,0.0,0.8,0.8,0.2,1.0,0.0
joanna newsom,monkey & bear,0.0,1.0,0.6,1.0,0.0,0.0
black sabbath,the wizard,0.0,0.6,0.8,0.2,1.0,0.0
pj harvey,snake,0.0,0.8,1.0,0.0,1.0,0.0
beck,broken drum,0.0,1.0,0.4,0.2,0.6,0.8
the verve,rather be,0.0,1.0,0.8,0.4,0.8,0.2
depeche mode,blue dress,0.0,1.0,0.4,0.0,0.4,1.0
mötley crüe,wild side,0.0,1.0,1.0,0.2,1.0,0.2
radiohead,i will. (no man's land.),0.0,0.8,0.6,0.2,0.8,0.2
judas priest,electric eye,0.0,1.0,1.0,0.0,1.0,0.0
amy macdonald,let's start a band,0.0,1.0,0.8,0.6,0.6,0.0
black sabbath,black sabbath,0.0,0.6,0.8,0.2,1.0,0.0
hot chip,the beach party,0.0,0.6,0.4,0.0,0.4,1.0
nick drake,fruit tree,0.0,0.8,0.2,1.0,0.0,0.0
queens of the stone age,the blood is love,0.0,1.0,0.8,0.2,1.0,0.0
pearl jam,life wasted,0.0,0.8,0.8,0.0,1.0,0.0
pixies,ana,0.0,1.0,0.2,0.2,1.0,0.0
foo fighters,come alive,0.0,1.0,0.8,0.4,0.8,0.0
metallica,jump in the fire,0.0,0.6,1.0,0.0,1.0,0.0
lcd soundsystem,sound of silver,0.0,1.0,0.6,0.2,0.4,0.8
james blunt,no bravery,0.0,1.0,0.6,0.8,0.2,0.2
the offspring,(can't get my) head around you,0.0,1.0,1.0,0.0,1.0,0.0
jack johnson,constellations,0.0,1.0,0.2,1.0,0.0,0.0
pink floyd,goodbye cruel world,0.0,1.0,0.2,0.0,0.8,0.4
the flaming lips,mr. ambulance driver,0.0,1.0,0.6,0.2,0.6,0.8
the smashing pumpkins,to forgive,0.0,1.0,0.4,0.2,0.8,0.2
deep purple,burn,0.0,0.8,1.0,0.2,1.0,0.0
zero 7,seeing things,0.0,1.0,0.4,0.2,0.4,1.0
fever ray,if i had a heart,0.0,1.0,0.4,0.0,0.2,1.0
yelle,je veux te voir,0.0,1.0,0.8,0.0,0.0,1.0
mastodon,i am ahab,0.0,0.8,1.0,0.0,1.0,0.0
beck,devil's haircut,0.0,1.0,0.8,0.2,0.8,0.4
mogwai,i do have weapons,0.0,0.8,0.8,0.2,1.0,0.4
uverworld,d-tecnolife,0.0,1.0,0.8,0.2,1.0,0.4
michael bublé,feeling good,0.0,1.0,0.8,1.0,0.2,0.0
four tet,my angel rocks back and forth,0.0,0.8,0.4,0.6,0.2,0.8
aqualung,easier to lie,0.0,1.0,0.6,0.6,0.4,0.4
sunset rubdown,stadiums and shrines ii,0.0,0.6,0.8,0.4,0.8,0.4
animal collective,loch raven,0.0,1.0,0.4,0.4,0.8,0.4
air,cemetary party,0.0,1.0,0.4,0.2,0.4,1.0
razorlight,rip it up,0.0,0.8,0.8,0.0,1.0,0.0
mew,symmetry,0.0,1.0,0.4,0.4,0.8,0.4
the cardigans,carnival,0.0,0.8,0.2,0.6,0.4,0.0
the format,on your porch,0.0,1.0,0.4,0.8,0.4,0.0
auf der maur,followed the waves,0.0,1.0,0.8,0.0,1.0,0.0
within temptation,frozen,0.0,1.0,0.8,0.4,0.8,0.6
pixies,down to the well,0.0,0.8,0.8,0.2,1.0,0.0
tori amos,caught a lite sneeze,0.0,1.0,0.6,0.6,0.4,0.6
tori amos,digital ghost,0.0,1.0,0.6,0.6,0.6,0.2
rufus wainwright,i don't know what it is,0.0,1.0,0.8,0.8,0.4,0.2
modest mouse,lives,0.0,0.8,0.4,0.8,0.4,0.2
belle and sebastian,if you find yourself caught in love,0.0,1.0,0.6,0.8,0.4,0.2
fiona apple,the child is gone,0.0,1.0,0.4,0.8,0.4,0.0
within temptation,memories,0.0,1.0,0.6,0.6,0.6,0.4
deftones,rapture,0.0,0.8,1.0,0.2,1.0,0.2
siouxsie and the banshees,cities in dust,0.0,1.0,0.8,0.0,0.8,0.8
pantera,psycho holiday,0.0,0.8,1.0,0.0,1.0,0.0
pavement,in the mouth a desert,0.0,0.4,0.6,0.0,1.0,0.0
wu-tang clan,shame on a nigga,,,,,,
mando diao,motown blood,0.0,0.8,0.8,0.2,1.0,0.0
ramones,i wanna be your boyfriend,0.0,0.6,0.4,0.2,1.0,0.0
sentenced,vengeance is mine,0.0,0.8,0.8,0.2,1.0,0.0
explosions in the sky,have you passed through this night?,0.0,0.8,0.8,0.2,1.0,0.0
nightwish,walking in the air,0.0,0.8,0.8,0.2,0.8,0.6
nightwish,sleeping sun,0.0,1.0,0.6,0.4,0.8,0.6
asobi seksu,exotic animal paradise,0.0,0.8,0.8,0.2,1.0,0.4
deerhunter,strange lights,0.0,0.4,0.6,0.2,0.8,0.2
the b-52's,rock lobster,0.0,0.8,0.6,0.2,0.8,0.4
coolio,gangsta's paradise,0.0,1.0,0.8,0.2,0.2,1.0
wilco,a shot in the arm,0.0,1.0,0.8,0.2,0.8,0.4
new young pony club,get dancey,0.0,0.8,0.8,0.2,0.8,0.8
belle and sebastian,i don't love anyone,0.0,0.6,0.4,0.8,0.4,0.2
soda stereo,prófugos,0.0,0.8,0.8,0.2,0.8,0.6
art brut,bad weekend,0.0,0.8,0.8,0.0,1.0,0.0
the velvet underground,stephanie says,0.0,0.6,0.2,0.4,0.6,0.0
the velvet underground,sweet jane,0.0,0.8,0.6,0.2,1.0,0.0
morrissey,i'll never be anybody's hero now,0.0,1.0,0.8,0.2,1.0,0.0
shakira,don't bother,0.0,1.0,0.8,0.2,0.8,0.2
pavement,gold soundz,0.0,0.8,0.6,0.0,1.0,0.0
violent femmes,kiss off,0.0,0.6,0.6,0.8,0.2,0.0
tool,swamp song,0.0,0.8,1.0,0.2,1.0,0.0
jamiroquai,space cowboy,0.0,0.8,0.6,0.4,0.8,0.2
the smashing pumpkins,landslide,0.0,0.8,0.4,1.0,0.0,0.0
daft punk,teachers,0.0,0.8,0.6,0.2,0.0,1.0
the cinematic orchestra,familiar ground,0.0,1.0,0.4,0.8,0.2,0.2
the dresden dolls,672,0.0,0.8,0.8,0.8,0.2,0.0
björk,aurora,0.0,1.0,0.2,0.4,0.2,1.0
cocorosie,japan,0.0,0.6,0.4,0.8,0.2,0.4
emilíana torrini,sunnyroad,0.0,1.0,0.2,1.0,0.2,0.0
the chemical brothers,setting sun,0.0,1.0,1.0,0.0,0.2,1.0
nightwish,bless the child,0.0,1.0,0.8,0.2,1.0,0.6
poets of the fall,carnival of rust,0.0,1.0,0.6,0.2,0.8,0.2
amy winehouse,me & mr. jones,0.0,1.0,0.6,0.8,0.4,0.0
radiohead,the trickster,0.0,0.8,0.8,0.0,1.0,0.0
david bowie,diamond dogs,0.0,0.8,0.8,0.4,0.8,0.2
jamiroquai,little l,0.0,1.0,0.8,0.2,0.6,0.8
the view,same jeans,0.0,0.8,0.6,0.2,1.0,0.0
jenny lewis with the watson twins,handle with care,0.0,0.8,0.4,0.8,0.4,0.0
slayer,postmortem,0.0,0.8,1.0,0.2,1.0,0.0
slayer,criminally insane,0.0,0.8,1.0,0.2,1.0,0.0
pearl jam,parachutes,0.0,0.8,0.4,0.8,0.4,0.0
the chemical brothers,the salmon dance,0.0,1.0,0.6,0.0,0.0,1.0
the smashing pumpkins,once upon a time,0.0,1.0,0.4,0.8,0.4,0.4
foals,red sock pugie,0.0,0.8,0.8,0.4,0.8,0.2
beck,guess i'm doing fine,0.0,1.0,0.4,0.8,0.2,0.0
the chemical brothers,we are the night,0.0,1.0,0.8,0.0,0.2,1.0
in flames,dismiss the cynics,0.0,0.8,1.0,0.0,1.0,0.2
mew,comforting sounds,0.0,1.0,0.8,0.2,0.8,0.4
lcd soundsystem,never as tired as when i'm waking up,0.0,0.8,0.6,0.4,0.8,0.2
chemistry,伝説の草原,0.0,1.0,0.6,0.4,0.6,0.6
electric light orchestra part ii,evil woman,1.0,0.8,0.6,0.6,0.8,0.2
delerium,silence,,,,,,
in flames,free fall,0.0,1.0,0.8,0.0,1.0,0.2
sunset rubdown,us ones in between,0.0,0.8,0.8,0.2,0.8,0.6
patrick wolf,the railway house,0.0,0.8,0.2,1.0,0.0,0.0
mika,relax (take it easy),0.0,1.0,0.6,0.2,0.4,1.0
nightwish,dark chest of wonders,0.0,1.0,1.0,0.6,0.8,0.4
the thrills,big sur,0.0,0.8,0.6,0.6,0.8,0.0
kasabian,stuntman,0.0,1.0,1.0,0.0,0.6,1.0
the unicorns,sea ghost,0.0,0.6,0.6,0.2,0.8,0.4
kanye west,gold digger,0.0,1.0,0.8,0.2,0.2,0.8
sublime,badfish,0.0,0.6,0.4,0.2,0.8,0.0
pavement,here,0.0,0.4,0.4,0.2,0.8,0.2
foals,tron,0.0,0.8,0.8,0.2,0.8,0.2
incubus,sick sad little world,0.0,1.0,0.8,0.2,1.0,0.2
the flaming lips,yeah yeah yeah song,0.0,1.0,0.8,0.2,0.8,0.6
the fratellis,doginabag,0.0,0.8,0.8,0.2,1.0,0.0
digitalism,the pulse,0.0,1.0,0.8,0.0,0.2,1.0
mana,clavado en un bar,0.0,1.0,0.8,0.2,0.8,0.0
rufus wainwright,the art teacher,0.0,1.0,0.4,1.0,0.0,0.0
no doubt,underneath it all,0.0,1.0,0.4,0.4,0.8,0.2
kanye west,touch the sky (feat. lupe fiasco),0.0,1.0,0.8,0.8,0.4,0.2
the all-american rejects,top of the world,0.0,1.0,0.8,0.2,1.0,0.2
the stills,changes are no good,0.0,0.8,0.6,0.2,1.0,0.2
suede,metal mickey,0.0,0.8,0.8,0.0,1.0,0.0
manic street preachers,autumnsong,0.0,1.0,0.8,0.2,1.0,0.2
red hot chili peppers,higher ground,0.0,0.8,1.0,0.2,1.0,0.0
red hot chili peppers,funky monks,0.0,1.0,0.8,0.2,1.0,0.0
nightwish,she is my sin,0.0,0.8,0.8,0.2,1.0,0.6
megadeth,hangar 18,0.0,1.0,1.0,0.2,1.0,0.0
bruce dickinson,tears of the dragon,0.0,1.0,0.8,0.4,0.8,0.0
the beatles,the end,0.0,1.0,0.8,0.4,1.0,0.0
ac/dc,rock and roll ain't noise pollution,0.0,1.0,0.8,0.0,1.0,0.0
king crimson,epitaph,0.0,0.8,0.6,0.4,0.6,0.8
bomfunk mc's,freestyler,0.0,1.0,0.8,0.0,0.2,1.0
鈴村健一,primal innocence,0.0,1.0,0.8,0.2,0.8,0.4
yeah yeah yeahs,rockers to swallow,0.0,0.8,1.0,0.0,1.0,0.0
massive attack,special cases,0.0,1.0,0.6,0.0,0.2,1.0
rage against the machine,snakecharmer,0.0,1.0,1.0,0.2,1.0,0.0
brand new,i will play my game beneath the spin light,0.0,0.8,0.8,0.0,1.0,0.0
adele,cold shoulder,0.0,1.0,0.6,0.6,0.6,0.2
counting crows,omaha,0.0,1.0,0.6,0.6,0.8,0.0
the radio dept.,it's personal,0.0,0.8,0.4,0.2,0.6,0.8
the killers,the ballad of michael valentine,0.0,0.8,0.8,0.0,1.0,0.4
this will destroy you,grandfather clock,0.0,1.0,0.8,0.2,1.0,0.4
matchbox twenty,how far we've come,0.0,1.0,0.8,0.4,0.8,0.4
goldfrapp,some people,0.0,1.0,0.4,0.8,0.2,0.4
camera obscura,suspended from class,0.0,0.8,0.4,0.4,0.8,0.0
eddie vedder,tuolumne,0.0,1.0,0.2,1.0,0.0,0.0
múm,the ballad of the broken birdie records,0.0,0.8,0.4,0.4,0.2,1.0
cocorosie,promise,0.0,0.8,0.4,0.8,0.2,0.4
alice in chains,no excuses,0.0,1.0,0.6,0.4,0.8,0.0
opeth,dirge for november,0.0,1.0,0.8,0.4,1.0,0.0
30 seconds to mars,end of the beginning,0.0,1.0,0.6,0.4,0.4,0.8
soilwork,distance,0.0,1.0,1.0,0.2,1.0,0.6
the cribs,mirror kissers,0.0,0.6,0.8,0.0,1.0,0.0
paramore,born for this,0.0,1.0,0.8,0.2,1.0,0.0
alice in chains,rain when i die,0.0,1.0,0.8,0.0,1.0,0.0
the libertines,the boy looked at johnny,0.0,0.6,0.8,0.0,1.0,0.0
moby,one of these mornings,0.0,1.0,0.4,0.2,0.2,1.0
pixies,there goes my gun,0.0,1.0,0.6,0.2,1.0,0.0
sufjan stevens,tahquamenon falls,0.0,0.8,0.2,1.0,0.2,0.0
bloc party,banquet (phones disco edit),0.0,1.0,1.0,0.0,0.8,0.6
neko case,things that scare me,0.0,0.8,0.6,0.4,0.8,0.0
mark ronson,valerie (feat. amy winehouse),0.0,1.0,0.8,0.6,0.8,0.0
maroon 5,tangled,0.0,0.8,0.6,0.2,0.8,0.2
cocteau twins,heaven or las vegas,0.0,1.0,0.6,0.2,0.8,0.6
black rebel motorcycle club,us government,0.0,0.8,0.6,0.8,0.4,0.0
deerhunter,cryptograms,0.0,0.4,0.8,0.0,1.0,0.2
cocteau twins,fifty-fifty clown,0.0,1.0,0.6,0.2,0.8,0.6
cut copy,saturdays (reprise),0.0,1.0,0.4,0.0,0.2,1.0
sufjan stevens,sister,0.0,0.6,0.2,1.0,0.2,0.0
midnight juggernauts,tombstone,0.0,1.0,0.8,0.0,0.8,1.0
system of a down,boom!,0.0,1.0,0.8,0.2,1.0,0.0
live,lightning crashes,0.0,1.0,0.8,0.2,1.0,0.0
underworld,cowgirl,0.0,1.0,0.8,0.0,0.0,1.0
architecture in helsinki,debbie,0.0,0.6,0.4,0.8,0.4,0.2
queens of the stone age,how to handle a rope,0.0,0.8,0.8,0.2,1.0,0.0
apparat,limelight,0.0,1.0,0.6,0.2,0.4,0.8
the cure,a night like this,0.0,0.8,0.6,0.4,0.8,0.6
metric,on the sly,0.0,1.0,0.8,0.2,0.8,0.6
arch enemy,nemesis,0.0,1.0,1.0,0.0,1.0,0.0
bikini kill,rebel girl,0.0,0.4,1.0,0.2,1.0,0.0
deftones,mein,0.0,1.0,0.8,0.0,1.0,0.4
fiona apple,better version of me,0.0,1.0,0.6,0.8,0.4,0.0
judas priest,painkiller,0.0,1.0,1.0,0.2,1.0,0.0
bangles,eternal flame,0.0,1.0,0.4,0.2,0.4,0.8
nick drake,bryter layter,0.0,0.8,0.2,1.0,0.2,0.0
the strokes,what ever happened,0.0,0.8,0.8,0.2,1.0,0.0
red hot chili peppers,warlocks,0.0,1.0,0.8,0.0,1.0,0.0
kling klang,rocker,0.2,0.6,0.8,0.2,0.8,0.6
jack johnson,dreams be dreams,0.0,1.0,0.2,1.0,0.2,0.0
oasis,love like a bomb,0.0,1.0,0.6,0.6,0.6,0.0
hercules and love affair,iris,0.0,1.0,0.6,0.2,0.2,1.0
placebo,20th century boy,0.0,1.0,0.8,0.0,1.0,0.0
the chameleons,up the down escalator,0.0,0.6,0.8,0.2,1.0,0.2
sonic youth,'cross the breeze,0.0,0.8,1.0,0.0,1.0,0.0
air,radian,0.0,1.0,0.8,0.2,0.6,1.0
deftones,street carp,0.0,1.0,1.0,0.0,1.0,0.2
art brut,rusted guns of milan,0.0,0.8,0.8,0.2,1.0,0.0
boards of canada,smokes quantity,0.0,0.6,0.4,0.2,0.2,1.0
metallica,eye of the beholder,0.0,0.8,1.0,0.0,1.0,0.0
felix da housecat,silver screen shower scene,0.0,0.8,0.6,0.0,0.2,1.0
rilo kiley,capturing moods,0.0,0.8,0.6,0.4,0.8,0.2
hot chip,touch too much,0.0,1.0,0.8,0.0,0.4,1.0
the whitest boy alive,fireworks,0.0,0.8,0.4,0.4,0.8,0.0
black sabbath,sweet leaf,0.0,0.8,0.8,0.2,1.0,0.0
pixies,all over the world,0.0,1.0,0.8,0.0,1.0,0.0
iron maiden,be quick or be dead,0.0,0.8,1.0,0.0,1.0,0.0
the presets,this boy's in love,0.0,1.0,0.8,0.0,0.2,1.0
the duke spirit,lassoo,0.0,0.8,0.8,0.2,1.0,0.0
aimee mann,save me,0.0,1.0,0.4,0.8,0.4,0.2
blur,tracy jacks,0.0,1.0,0.6,0.2,0.8,0.2
ramones,rock 'n' roll high school,0.0,0.8,0.8,0.2,1.0,0.0
nightwish,whoever brings the night,0.0,1.0,1.0,0.2,1.0,0.4
pink floyd,don't leave me now,0.0,1.0,0.4,0.2,0.6,0.8
abba,the winner takes it all,0.0,1.0,0.6,0.6,0.4,0.6
pink floyd,lucifer sam,0.0,0.6,0.6,0.2,1.0,0.0
guns n' roses,so fine,0.0,1.0,0.6,0.4,0.8,0.0
of montreal,lysergic bliss,0.0,0.8,0.6,0.2,0.6,0.8
tilly and the wall,fell down the stairs,0.0,0.8,0.6,0.8,0.2,0.0
led zeppelin jam,how many more times,0.0,0.8,0.8,0.2,1.0,0.0
blonde redhead,doll is mine,0.0,1.0,0.4,0.8,0.4,0.2
the dandy warhols,you were the last high,0.0,1.0,0.6,0.0,0.6,0.8
spoon,they never got you,0.0,0.8,0.6,0.2,0.8,0.2
deathstars,tongues,0.0,1.0,0.8,0.0,1.0,0.8
bangles,walk like an egyptian,0.0,1.0,0.6,0.2,0.8,0.6
m83,birds,0.0,1.0,0.4,0.2,0.4,1.0
red hot chili peppers,readymade,0.0,1.0,0.8,0.0,1.0,0.0
red hot chili peppers,this is the place,0.0,1.0,0.6,0.2,1.0,0.2
veruca salt,volcano girls,0.0,1.0,1.0,0.0,1.0,0.0
corinne bailey rae,trouble sleeping,0.0,1.0,0.4,0.4,0.8,0.2
ensiferum,iron,0.0,1.0,1.0,0.2,1.0,0.4
the white stripes,little acorns,0.0,0.8,0.8,0.4,1.0,0.0
the new pornographers,all for swinging you around,,,,,,
she wants revenge,i don't want to fall in love,0.0,0.8,0.6,0.0,0.6,0.8
my bloody valentine,soft as snow (but warm inside),0.0,0.6,0.8,0.2,1.0,0.0
the beatles,baby you're a rich man,0.0,0.8,0.6,0.4,0.8,0.4
the hold steady,chips ahoy!,0.0,0.8,0.8,0.2,1.0,0.0
julie london,cry me a river,0.0,0.8,0.2,0.8,0.2,0.0
islands,humans,0.0,0.8,0.6,0.4,0.8,0.2
the gathering,strange machines,0.0,0.8,0.8,0.0,1.0,0.4
the offspring,self esteem,0.0,0.8,0.8,0.0,1.0,0.0
the jam,town called malice,0.0,0.8,0.8,0.2,1.0,0.0
system of a down,know,0.0,0.8,1.0,0.0,1.0,0.0
aphex twin,we are the music makers,0.0,0.8,0.4,0.0,0.0,1.0
sigur rós,untitled #1,0.0,1.0,0.4,0.8,0.4,0.2
m83,highway of endless dreams,0.0,1.0,0.8,0.0,0.6,1.0
cake,friend is a four letter word,0.0,0.8,0.4,0.4,0.8,0.0
prince,raspberry beret,0.0,1.0,0.6,0.4,0.8,0.6
system of a down,tentative,0.0,1.0,0.8,0.0,1.0,0.0
system of a down,war?,0.0,0.8,1.0,0.2,1.0,0.0
beck,everybody's gotta learn sometimes,0.0,1.0,0.4,0.8,0.4,0.2
bright eyes,if the brakeman turns my way,0.0,1.0,0.6,0.6,0.6,0.0
tenacious d,master exploder,0.2,1.0,1.0,0.0,1.0,0.0
the cranberries,ridiculous thoughts,0.0,1.0,0.8,0.2,1.0,0.0
ladytron,runaway,0.0,1.0,0.8,0.0,0.2,1.0
nine inch nails,la mer,0.0,1.0,0.4,0.6,0.4,0.6
audioslave,the last remaining light,0.0,1.0,0.6,0.0,1.0,0.0
shakira,las de la intuición,0.0,1.0,0.8,0.2,0.4,1.0
calvin harris,the girls,0.0,0.8,0.8,0.0,0.0,1.0
modest mouse,invisible,0.0,0.8,0.8,0.2,0.8,0.4
cky,96 quite bitter beings,0.0,0.8,0.8,0.0,1.0,0.0
the postal service,there's never enough time,0.0,1.0,0.4,0.0,0.2,1.0
queens of the stone age,tension head,0.0,1.0,1.0,0.0,1.0,0.0
queens of the stone age,walkin' on the sidewalks,0.0,0.8,0.8,0.0,1.0,0.0
bright eyes,i believe in symmetry,0.0,1.0,0.8,0.2,0.6,0.8
the futureheads,carnival kids,0.0,0.8,0.8,0.0,1.0,0.0
the doors,spanish caravan,0.0,0.8,0.6,0.6,0.8,0.0
the doors,waiting for the sun,0.0,0.8,0.6,0.2,1.0,0.0
melanie c,better alone,0.0,0.8,0.6,0.2,0.8,0.2
i monster,daydream in blue,0.0,1.0,0.4,0.4,0.4,0.8
the smashing pumpkins,jellybelly,0.0,1.0,1.0,0.0,1.0,0.0
bauhaus,double dare,0.0,0.4,0.8,0.2,1.0,0.0
fleetwood mac,rhiannon,0.0,1.0,0.6,0.4,0.8,0.0
air,don't be light,0.0,1.0,0.8,0.2,0.8,0.8
gossip,listen up!,0.0,0.6,0.8,0.2,1.0,0.0
zz top,i need you tonight,0.0,1.0,0.4,0.0,1.0,0.6
jimmy eat world,the authority song,0.0,1.0,0.8,0.0,1.0,0.0
muse,in your world,0.0,0.8,1.0,0.0,1.0,0.2
the rapture,don gon do it,0.0,1.0,0.8,0.4,0.8,0.6
hard-fi,better do better,0.0,0.8,0.8,0.0,1.0,0.2
belle and sebastian,for the price of a cup of tea,0.0,1.0,0.6,0.4,0.8,0.0
the kooks,gap,0.0,0.8,0.6,0.2,0.8,0.0
the rapture,house of jealous lovers,0.0,0.8,0.8,0.2,1.0,0.2
hercules and love affair,raise me up,0.0,1.0,0.8,0.2,0.2,1.0
jack johnson,cupid,0.2,0.8,0.4,1.0,0.2,0.0
queens of the stone age,mexicola,0.0,0.8,0.8,0.2,1.0,0.0
beck,go it alone,0.0,1.0,0.6,0.2,0.8,0.2
kings of convenience,singing softly to me,0.0,1.0,0.2,1.0,0.2,0.0
the gathering,in motion part ii,0.0,0.8,0.6,0.2,0.8,0.4
the album leaf,window,0.0,1.0,0.4,0.4,0.6,0.8
sex pistols,no feelings,0.0,1.0,1.0,0.0,1.0,0.0
ac/dc,whole lotta rosie,0.0,0.6,1.0,0.2,1.0,0.0
kings of leon,happy alone,0.0,0.8,0.8,0.2,1.0,0.0
opeth,the leper affinity,0.0,1.0,1.0,0.2,1.0,0.4
rammstein,spring,0.0,1.0,0.8,0.2,1.0,0.4
joy division,exercise one,0.0,0.4,0.6,0.2,1.0,0.0
rammstein,sehnsucht,0.0,1.0,1.0,0.2,1.0,0.4
black sabbath,snowblind,0.0,0.6,0.8,0.0,1.0,0.0
rise against,prayer of the refugee,0.0,1.0,1.0,0.0,1.0,0.0
anathema,inner silence,0.0,0.8,0.4,0.6,0.6,0.4
the stone roses,sally cinnamon,0.0,0.6,0.4,0.2,1.0,0.0
rammstein,te quiero puta!,0.0,1.0,1.0,0.6,0.8,0.2
moby,dream about me,0.0,1.0,0.4,0.4,0.2,0.8
brand new,the boy who blocked his own shot,0.0,0.8,0.4,0.2,0.8,0.0
έλενα παπαρίζου,gigolo,0.0,1.0,0.8,0.2,0.4,1.0
cocorosie,raphael,0.0,0.4,0.2,0.8,0.2,0.2
metallica,disposable heroes,0.0,0.8,1.0,0.0,1.0,0.0
lcd soundsystem,losing my edge,0.0,0.8,0.6,0.2,0.4,1.0
cat power,new york,0.0,0.8,0.4,0.2,0.8,0.0
the all-american rejects,stab my back,0.0,1.0,0.8,0.2,1.0,0.2
the cure,the hanging garden,0.0,0.6,0.8,0.2,1.0,0.0
the all-american rejects,change your mind,0.0,1.0,0.6,0.4,0.8,0.2
patrick wolf,prelude,0.0,0.8,0.4,0.8,0.2,0.2
islands,if,0.0,0.8,0.6,0.4,0.8,0.4
coheed and cambria,blood red summer,0.0,1.0,0.6,0.0,1.0,0.2
lady gaga,money honey,0.0,1.0,0.8,0.0,0.2,1.0
autolux,sugarless,0.0,0.8,0.8,0.2,1.0,0.0
haddaway,what is love,0.0,1.0,0.8,0.0,0.2,1.0
death cab for cutie,bend to squares,0.0,0.6,0.4,0.2,0.8,0.2
the cure,closedown,0.0,1.0,0.6,0.2,0.6,0.8
maroon 5,not falling apart,0.0,1.0,0.6,0.2,0.8,0.4
something corporate,i woke up in a car,0.0,0.8,0.6,0.4,0.8,0.0
depeche mode,perfect,0.0,1.0,0.6,0.0,0.4,1.0
wilco,wishful thinking,0.0,1.0,0.2,0.8,0.4,0.0
the smiths,back to the old house,0.0,0.8,0.2,1.0,0.0,0.0
the rapture,i need your love,0.0,0.8,0.8,0.2,0.8,0.4
deerhoof,the perfect me,0.0,0.8,0.8,0.2,1.0,0.2
snow patrol,same,0.0,0.6,0.2,1.0,0.0,0.0
the bravery,out of line,0.0,1.0,0.8,0.0,0.8,0.6
suede,so young,0.0,0.8,0.8,0.2,1.0,0.0
lcd soundsystem,on repeat,0.0,0.8,0.6,0.4,0.8,0.4
moby,disco lies,0.0,1.0,0.8,0.0,0.2,1.0
the notwist,one with the freaks,0.0,1.0,0.4,0.6,0.4,0.6
lostprophets,a town called hypocrisy,0.0,1.0,0.8,0.0,1.0,0.4
pixies,holiday song,0.0,0.6,0.8,0.0,1.0,0.0
islands,swans (life after death),0.0,0.8,0.8,0.4,0.8,0.2
islands,volcanoes,0.0,0.8,0.6,0.4,0.8,0.4
tv on the radio,ambulance,0.0,1.0,0.2,1.0,0.0,0.0
audioslave,dandelion,0.0,1.0,0.8,0.0,1.0,0.0
a perfect circle,crimes,0.0,1.0,0.4,0.0,0.4,0.8
queens of the stone age,suture up your future,0.0,1.0,0.4,0.6,0.6,0.2
nick cave & the bad seeds,the mercy seat,0.0,0.8,1.0,0.2,1.0,0.0
opeth,deliverance,0.0,0.8,1.0,0.2,1.0,0.2
jamiroquai,(don't) give hate a chance,0.0,1.0,0.8,0.2,0.8,0.6
jamiroquai,corner of the earth,0.0,1.0,0.4,0.8,0.4,0.2
within temptation,restless,0.0,0.6,0.8,0.2,0.8,0.6
turbonegro,the age of pamparius,0.0,0.8,0.8,0.2,1.0,0.2
marvin gaye,let's get it on,0.0,1.0,0.4,0.4,0.6,0.0
ac/dc,what do you do for money honey,0.0,1.0,0.8,0.2,1.0,0.0
the pipettes,why did you stay?,0.0,0.8,0.6,0.2,0.8,0.2
caribou,bees,0.0,0.8,0.6,0.4,0.4,0.8
editors,push your head towards the air,0.0,1.0,0.8,0.2,1.0,0.2
the beatles,piggies,0.0,1.0,0.4,0.8,0.2,0.0
explosions in the sky,it's natural to be afraid,0.0,1.0,1.0,0.2,1.0,0.0
matchbox twenty,bent,0.0,1.0,0.8,0.2,1.0,0.2
ac/dc,dirty deeds done dirt cheap,0.0,0.8,0.8,0.2,1.0,0.0
linkin park,no more sorrow,0.0,1.0,1.0,0.2,1.0,0.2
tori amos,jackie's strength,0.0,1.0,0.4,0.8,0.4,0.4
the duke spirit,you really wake up the love in me,0.0,0.8,0.8,0.2,1.0,0.0
the magnetic fields,the luckiest guy on the lower east side,0.0,0.8,0.6,0.0,0.0,1.0
the last shadow puppets,separate and ever deadly,0.0,1.0,0.8,0.4,0.8,0.0
ladytron,cracked lcd,0.0,0.8,0.8,0.0,0.2,1.0
queens of the stone age,mosquito song,0.0,1.0,0.4,1.0,0.2,0.0
television,friction,0.0,0.8,0.6,0.0,1.0,0.0
black kids,partie traumatic,0.0,0.8,0.6,0.2,0.6,0.8
black flag,tv party,0.0,0.4,0.8,0.2,1.0,0.0
the replacements,i will dare,0.0,0.8,0.6,0.4,0.8,0.0
dread zeppelin,black mountain side,0.2,0.8,0.4,0.4,0.8,0.0
the rasmus,in the shadows,0.0,1.0,0.8,0.2,1.0,0.4
razorlight,who needs love?,0.0,0.8,0.6,0.2,1.0,0.0
deerhunter,little kids,0.0,0.8,0.6,0.0,1.0,0.2
dead kennedys,let's lynch the landlord,0.0,0.4,0.8,0.2,1.0,0.0
art brut,bang bang rock and roll,0.0,0.6,0.8,0.0,1.0,0.0
metallica,don't tread on me,0.0,1.0,1.0,0.0,1.0,0.0
fischerspooner,cloud,0.0,1.0,0.6,0.0,0.4,1.0
jamiroquai,deeper underground,0.0,1.0,0.8,0.2,0.2,1.0
amy macdonald,youth of today,0.0,0.8,0.6,0.8,0.4,0.0
new order,the perfect kiss,0.0,1.0,0.8,0.0,0.4,1.0
say anything,alive with the glory of love,0.0,0.8,0.8,0.2,1.0,0.0
beck,no complaints,0.0,1.0,0.6,0.4,0.8,0.6
explosions in the sky,greet death,0.0,0.8,1.0,0.2,1.0,0.0
the presets,my people,0.0,1.0,1.0,0.0,0.0,1.0
ladytron,i'm not scared,0.0,1.0,0.8,0.0,0.4,1.0
ramones,teenage lobotomy,0.0,0.8,1.0,0.2,1.0,0.0
lykke li,breaking it up,0.0,0.8,0.6,0.6,0.4,0.4
nirvana,negative creep,0.0,0.4,1.0,0.0,1.0,0.0
the unicorns,the clap,0.0,0.6,0.6,0.2,0.8,0.2
feist,my moon my man (boys noize remix),0.0,1.0,0.8,0.0,0.2,1.0
justice vs. simian,we are your friends,0.0,1.0,1.0,0.0,0.2,1.0
buzzcocks,harmony in my head,0.0,0.8,0.8,0.2,1.0,0.0
tenacious d,dio,0.0,1.0,0.8,0.2,1.0,0.0
turbonegro,selfdestructo bust,0.0,0.8,1.0,0.0,1.0,0.0
fall out boy,7 minutes in heaven (atavan halen),0.0,1.0,0.8,0.0,1.0,0.0
tom waits,cemetery polka,0.0,0.8,0.6,0.8,0.2,0.0
jack johnson,wasting time,0.0,0.8,0.4,1.0,0.4,0.0
the smashing pumpkins,siva,0.0,0.8,0.8,0.0,1.0,0.0
daft punk,alive,0.0,0.8,0.8,0.0,0.0,1.0
daft punk,burnin' / too long,0.0,1.0,0.8,0.2,0.4,1.0
the pussycat dolls,don't cha (feat. busta rhymes),0.0,1.0,0.8,0.0,0.2,1.0
the raconteurs,consoler of the lonely,0.0,0.8,1.0,0.2,1.0,0.0
cocorosie,k-hole,0.0,0.6,0.4,0.8,0.2,0.6
the white stripes,jolene,1.0,0.6,0.8,0.2,1.0,0.0
of montreal,so begins our alabee,0.0,0.8,0.6,0.2,0.4,1.0
adam and the ants,kings of the wild frontier,0.0,0.8,0.8,0.4,0.8,0.0
marilyn manson,the nobodies,0.0,1.0,0.8,0.2,0.8,0.6
leonard cohen,sisters of mercy,0.0,0.8,0.2,1.0,0.2,0.0
massive attack,spying glass,0.0,1.0,0.4,0.2,0.6,0.8
the kills,no wow,0.0,0.6,0.6,0.0,1.0,0.4
arcade fire,the woodland national anthem,0.0,0.6,0.4,0.4,0.6,0.0
the sounds,night after night,0.0,1.0,0.4,0.4,0.4,0.6
xiu xiu,i luv the valley oh!,0.0,0.6,1.0,0.0,0.8,0.8
sublime,smoke two joints,0.0,0.6,0.6,0.2,0.8,0.0
iron maiden,the longest day,0.0,0.8,1.0,0.0,1.0,0.2
nine inch nails,that's what i get,0.0,1.0,0.6,0.0,0.4,1.0
the maccabees,first love,0.0,0.8,0.6,0.2,1.0,0.0
sarah mclachlan,fallen,0.0,1.0,0.6,0.4,0.6,0.4
pavement,stereo,0.0,0.8,0.6,0.2,1.0,0.0
shiny toy guns,starts with one,0.0,1.0,0.8,0.2,0.8,0.8
mando diao,tony zoulias (lustful life),0.0,0.8,0.8,0.2,1.0,0.0
iron maiden,the reincarnation of benjamin breeg,0.0,1.0,0.8,0.0,1.0,0.0
the chemical brothers,das spiegel,0.0,1.0,0.6,0.0,0.2,1.0
jenny lewis with the watson twins,you are what you love,0.0,0.8,0.4,0.8,0.2,0.0
bright eyes,nothing gets crossed out,0.0,0.8,0.4,0.8,0.4,0.0
kasabian,seek & destroy,0.0,1.0,0.8,0.0,0.6,0.8
kaiser chiefs,thank you very much,0.0,1.0,0.8,0.2,1.0,0.2
metallica,devil's dance,0.0,1.0,0.8,0.2,1.0,0.0
grandaddy,jed's other poem (beautiful ground),0.0,0.8,0.4,0.2,0.6,0.8
the beach boys,that's not me,0.0,1.0,0.4,0.2,0.8,0.0
lily allen,22,0.0,1.0,0.6,0.2,0.4,0.8
the all-american rejects,dance inside,0.0,1.0,0.8,0.2,1.0,0.2
santana,smooth,0.0,1.0,0.8,0.6,0.8,0.0
elbow,starlings,0.0,1.0,0.6,0.8,0.4,0.0
doves,caught by the river,0.0,1.0,0.6,0.4,0.8,0.4
jimi hendrix,manic depression,0.0,0.8,0.8,0.2,1.0,0.0
the duke spirit,dog roses,0.0,0.8,0.8,0.2,1.0,0.0
angels & airwaves,a little's enough,0.0,1.0,0.8,0.2,0.8,0.6
system of a down,holy mountains,0.0,1.0,1.0,0.0,1.0,0.0
megadeth,a tout le monde,0.0,1.0,0.6,0.0,1.0,0.0
system of a down,innervision,0.0,0.8,1.0,0.0,1.0,0.0
afi,the days of the phoenix,0.0,0.8,0.8,0.0,1.0,0.0
mana,vivir sin aire,0.0,1.0,0.6,0.8,0.4,0.2
architecture in helsinki,feather in a baseball cap,0.0,0.6,0.4,0.8,0.4,0.2
beck,paper tiger,0.0,1.0,0.6,0.8,0.4,0.0
the last shadow puppets,calm like you,0.0,1.0,0.6,0.6,0.6,0.0
billy talent,pins and needles,0.0,1.0,0.6,0.2,1.0,0.0
coldplay,lovers in japan,0.0,1.0,0.8,0.6,0.6,0.2
vampire weekend,the kids don't stand a chance,0.0,0.8,0.4,0.6,0.6,0.2
turbonegro,get it on,0.0,0.8,1.0,0.0,1.0,0.0
nightwish,the islander,0.0,1.0,0.4,0.8,0.2,0.4
beyoncé,halo,0.0,1.0,0.8,0.4,0.2,0.8
nick drake,hazey jane i,0.0,1.0,0.4,0.8,0.4,0.0
robbie williams,rock dj,0.0,1.0,0.8,0.0,0.4,1.0
red hot chili peppers,blood sugar sex magik,0.0,1.0,0.8,0.2,1.0,0.0
iron maiden,brighter than a thousand suns,0.0,1.0,0.8,0.0,1.0,0.0
jenny lewis with the watson twins,melt your heart,0.0,0.8,0.2,0.8,0.2,0.0
soilwork,figure number five,0.0,1.0,1.0,0.0,1.0,0.6
kiss,i was made for loving you,0.0,1.0,0.8,0.2,1.0,0.4
a perfect circle,what's going on,0.0,1.0,0.4,0.0,0.4,0.8
red hot chili peppers,mellowship slinky in b major,0.0,1.0,0.8,0.2,1.0,0.0
nina simone,i put a spell on you,0.0,0.8,0.8,1.0,0.0,0.0
metric,torture me,0.0,1.0,0.8,0.2,0.8,0.6
nine inch nails,beside you in time,0.0,1.0,0.8,0.0,0.6,1.0
the fray,over my head,0.0,1.0,0.6,0.4,0.8,0.2
the futureheads,first day,0.0,0.8,0.8,0.0,1.0,0.0
pendulum,prelude,0.0,1.0,0.6,0.8,0.2,0.6
kt tunstall,universe & u,0.0,0.8,0.4,0.8,0.4,0.2
the fray,trust me,0.0,1.0,0.6,0.6,0.6,0.0
tenacious d,the metal,0.0,1.0,1.0,0.0,1.0,0.0
editors,escape the nest,0.0,1.0,0.8,0.2,1.0,0.0
fever ray,keep the streets empty for me,0.0,1.0,0.2,0.0,0.2,1.0
skinny puppy,pedafly,0.0,0.6,0.8,0.0,0.2,1.0
jens lekman,i'm leaving you because i don't love you,0.0,0.8,0.4,0.6,0.4,0.2
311,amber,0.0,1.0,0.4,0.2,1.0,0.0
the beatles,if i needed someone,0.0,0.8,0.4,0.4,0.8,0.0
system of a down,pictures,0.0,0.8,0.8,0.0,1.0,0.0
kasabian,butcher blues,0.0,1.0,0.6,0.2,0.8,0.4
calvin harris,merrymaking at my place,0.0,0.8,0.8,0.0,0.2,1.0
adam green,friends of mine,0.0,0.8,0.4,0.8,0.4,0.0
audioslave,somedays,0.0,1.0,0.8,0.2,1.0,0.0
nick cave & the bad seeds,today's lesson,0.0,1.0,0.8,0.2,1.0,0.2
audioslave,bring 'em back alive,0.0,1.0,0.8,0.0,1.0,0.0
linkin park,by myself,0.0,1.0,0.8,0.0,1.0,0.4
explosions in the sky,glittering blackness,0.0,0.6,0.8,0.2,1.0,0.0
massive attack,one love,0.0,0.8,0.4,0.2,0.6,0.8
bruce springsteen,the river,0.0,0.8,0.4,0.8,0.4,0.0
massive attack,everywhen,0.0,1.0,0.4,0.2,0.2,1.0
beach house,apple orchard,0.0,0.6,0.2,0.2,0.6,0.8
rammstein,du riechst so gut,0.0,0.8,1.0,0.2,1.0,0.6
air,dark messages,0.0,1.0,0.4,0.2,0.4,1.0
deftones,teenager,0.0,1.0,0.2,0.4,0.2,0.8
t. rex,jeepster,0.0,0.8,0.6,0.2,1.0,0.0
pink floyd,vera,0.0,1.0,0.4,0.8,0.2,0.0
amy winehouse,me and mr jones,0.0,1.0,0.4,0.6,0.6,0.0
belle and sebastian,it could have been a brilliant career,0.0,0.8,0.2,0.8,0.2,0.0
creedence clearwater revival,have you ever seen the rain,0.0,0.8,0.4,0.4,0.8,0.0
creedence clearwater revisited,who'll stop the rain,1.0,0.8,0.4,0.6,0.6,0.0
system of a down,stealing society,0.0,1.0,1.0,0.0,1.0,0.0
mogwai,cody,0.0,0.8,0.4,0.2,1.0,0.2
nightwish,swanheart,0.0,0.8,0.4,0.4,0.4,0.6
the darkness,get your hands off my woman,0.0,1.0,1.0,0.0,1.0,0.0
abba,chiquitita,0.0,1.0,0.6,0.6,0.4,0.4
aphex twin,4,0.0,1.0,0.8,0.0,0.0,1.0
zero 7,likufanele,0.0,1.0,0.4,0.4,0.6,0.8
mstrkrft,paris,0.0,1.0,0.8,0.0,0.2,1.0
stars,heart,0.0,0.8,0.6,0.2,0.4,0.8
yo la tengo,mr. tough,0.0,1.0,0.6,0.8,0.6,0.0
michael jackson,don't stop 'til you get enough,0.0,1.0,0.8,0.6,0.8,0.2
nirvana,love buzz,0.0,0.4,0.8,0.0,1.0,0.0
peaches,operate,0.0,0.8,0.6,0.0,0.2,1.0
disturbed,stupify,0.0,1.0,1.0,0.0,1.0,0.2
kings of convenience,summer on the westhill,0.0,1.0,0.2,1.0,0.0,0.0
kings of convenience,surprise ice,0.0,1.0,0.2,1.0,0.2,0.0
linkin park,valentine's day,0.0,1.0,0.6,0.2,0.8,0.2
arcade fire,old flame,0.0,0.6,0.6,0.4,0.8,0.4
les savy fav,what would wolves do?,0.0,0.8,0.8,0.0,1.0,0.0
pink martini,sympathique,0.0,1.0,0.4,0.8,0.2,0.0
sheryl crow,real gone,0.0,1.0,0.8,0.2,1.0,0.0
the faint,worked up so sexual,0.0,0.8,0.8,0.0,0.6,1.0
elliott smith,don't go down,0.0,0.6,0.8,0.0,1.0,0.0
elbow,leaders of the free world,0.0,1.0,0.8,0.4,0.8,0.2
the new pornographers,challengers,0.0,1.0,0.4,0.8,0.4,0.2
battles,snare hangar,0.0,0.8,0.8,0.4,0.8,0.4
new order,60 miles an hour,0.0,1.0,0.8,0.2,0.8,0.4
babyshambles,in love with a feeling,0.0,0.4,0.4,0.8,0.2,0.0
mando diao,sweet ride,0.0,0.8,0.6,0.2,0.8,0.0
bob dylan,idiot wind,0.0,0.8,0.8,0.4,0.8,0.0
kanye west,we don't care,0.0,1.0,0.6,0.4,0.6,0.4
britney spears,lonely,0.0,1.0,0.8,0.2,0.4,1.0
within temptation,all i need,0.0,1.0,0.8,0.4,0.6,0.4
rage against the machine,settle for nothing,0.0,0.8,0.8,0.2,1.0,0.0
rage against the machine,township rebellion,0.0,1.0,1.0,0.2,1.0,0.0
kate bush,the dreaming,0.0,1.0,0.8,0.2,0.4,1.0
architecture in helsinki,need to shout,0.0,0.6,0.4,0.8,0.2,0.4
the dresden dolls,mandy goes to med school,0.0,0.8,0.8,1.0,0.2,0.0
jet,move on,0.0,0.8,0.4,0.8,0.4,0.0
aphex twin,i,0.0,1.0,0.6,0.0,0.2,1.0
cat power,shaking paper,0.0,0.6,0.4,0.2,0.8,0.0
david bowie,speed of life,0.0,1.0,0.8,0.2,0.8,0.6
radiohead,lurgee,0.0,0.8,0.6,0.2,1.0,0.0
my brightest diamond,something of an end,0.0,1.0,0.8,0.6,0.8,0.2
death cab for cutie,for what reason,0.0,0.6,0.6,0.2,0.8,0.0
islands,jogging gorgeous summer,0.0,0.8,0.6,0.4,0.8,0.2
beirut,after the curtain,0.0,0.6,0.6,1.0,0.2,0.0
in flames,satellites and astronauts,0.0,0.8,0.8,0.0,1.0,0.2
patti smith,because the night,0.0,0.8,0.8,0.4,0.8,0.0
lady gaga,i like it rough,0.0,1.0,0.8,0.0,0.2,1.0
sugababes,about you now,0.0,1.0,0.8,0.2,0.6,0.8
amorphis,towards and against,0.0,1.0,0.8,0.0,1.0,0.4
deepest blue,deepest blue,0.0,1.0,0.6,0.2,0.4,1.0
amorphis,empty opening,0.0,1.0,0.8,0.2,1.0,0.4
secret machines,the leaves are gone,0.0,1.0,0.4,0.6,0.4,0.4
grandaddy,underneath the weeping willow,0.0,0.8,0.2,0.8,0.2,0.2
tegan and sara,dark come soon,0.0,0.8,0.6,0.2,0.8,0.4
björk,human behavior,0.0,1.0,0.6,0.4,0.2,0.8
marilyn manson,coma white,0.0,1.0,0.6,0.0,0.8,0.6
blur,for tomorrow,0.0,0.8,0.6,0.4,0.8,0.0
chemistry,we are one,0.0,1.0,0.6,0.4,0.4,0.8
tokyo police club,be good,0.0,0.8,0.6,0.2,1.0,0.2
foo fighters,breakout,0.0,1.0,0.8,0.2,1.0,0.0
queen,friends will be friends,0.0,1.0,0.8,0.4,0.8,0.4
tegan and sara,floorplan,0.0,0.8,0.6,0.2,0.8,0.4
the new pornographers,the electric version,0.0,0.8,0.8,0.2,1.0,0.2
band of horses,window blues,0.0,0.8,0.4,0.8,0.4,0.0
brand new,guernica,0.0,0.8,0.8,0.0,1.0,0.0
the kooks,got no love,0.0,0.8,0.4,0.6,0.6,0.0
the beach boys,you still believe in me,0.0,1.0,0.4,0.8,0.4,0.0
klaxons,gravity's rainbow (van she remix),0.0,1.0,0.8,0.0,0.2,1.0
wilco,misunderstood,0.0,0.8,0.8,0.4,0.8,0.0
him,pretending,0.0,1.0,0.8,0.2,1.0,0.4
norah jones,shoot the moon,0.0,1.0,0.4,0.8,0.2,0.0
mando diao,paralyzed,0.0,0.8,0.8,0.2,1.0,0.2
aphex twin,tha,0.0,0.6,0.4,0.0,0.2,1.0
the album leaf,on your way,0.0,1.0,0.4,0.4,0.6,0.6
shiny toy guns,when they came for us,0.0,1.0,0.8,0.2,0.8,0.8
the organ,brother,0.0,0.8,0.6,0.2,1.0,0.0
elliott smith,can't make a sound,0.0,1.0,0.8,0.4,0.8,0.2
incubus,the warmth,0.0,1.0,0.6,0.2,0.8,0.4
children of bodom,angels don't kill,0.0,1.0,1.0,0.2,1.0,0.4
t.i.,live your life (feat. rihanna),0.0,1.0,0.8,0.0,0.2,1.0
ladytron,mu-tron,0.0,0.8,0.6,0.0,0.2,1.0
architecture in helsinki,underwater,0.0,0.6,0.4,0.6,0.4,0.4
the white stripes,white moon,0.0,0.8,0.4,1.0,0.2,0.0
david bowie,kooks,0.0,0.8,0.4,0.8,0.4,0.0
sentenced,cross my heart and hope to die,0.0,0.8,0.8,0.2,1.0,0.2
goldfrapp,caravan girl,0.0,1.0,0.8,0.6,0.4,0.4
disturbed,sons of plunder,0.0,1.0,1.0,0.0,1.0,0.0
frou frou,the dumbing down of love,0.0,1.0,0.4,0.4,0.2,1.0
the feeling,love it when you call,0.0,1.0,0.8,0.6,0.8,0.2
amy winehouse,take the box,0.0,0.8,0.4,0.6,0.4,0.0
misfits,angelfuck,,,,,,
staind,it's been awhile,0.0,1.0,0.8,0.2,1.0,0.0
the 69 eyes,gothic girl,0.0,0.8,0.8,0.2,1.0,0.4
system of a down,attack,0.0,1.0,1.0,0.0,1.0,0.0
p!nk,family portrait,0.0,1.0,0.6,0.4,0.6,0.2
kings of convenience,the girl from back then,0.0,1.0,0.2,1.0,0.0,0.0
radiohead,the gloaming. (softly open our mouths in the cold.),0.0,1.0,0.6,0.0,0.4,1.0
pj harvey,shame,0.0,0.6,0.4,0.2,0.8,0.0
goose,british mode,0.0,1.0,0.8,0.0,0.6,1.0
pj harvey,kamikaze,0.0,1.0,0.8,0.2,1.0,0.0
david bowie,time,0.0,0.8,0.8,0.6,0.6,0.0
maxïmo park,now i'm all over the shop,0.0,0.8,0.6,0.2,0.8,0.2
art of noise,close (to the edit),0.0,1.0,0.8,0.0,0.2,1.0
björk,cover me,0.0,1.0,0.2,0.6,0.2,0.4
funeral for a friend,history,0.0,1.0,0.8,0.0,1.0,0.0
tom petty and the heartbreakers,mary jane's last dance,0.0,1.0,0.6,0.2,1.0,0.0
akira yamaoka,theme of laura (reprise),0.0,1.0,0.4,0.8,0.2,0.4
frou frou,flicks,0.0,1.0,0.4,0.2,0.2,1.0
bauhaus,in the flat field,0.0,0.6,0.8,0.2,1.0,0.0
rob zombie,living dead girl,0.0,1.0,0.8,0.0,0.8,0.8
jens lekman,shirin,0.0,0.8,0.4,0.6,0.4,0.2
manic street preachers,you stole the sun from my heart,0.0,1.0,0.8,0.2,1.0,0.2
the chemical brothers,the test,0.0,1.0,0.8,0.0,0.4,1.0
nouvelle vague,heart of glass,0.0,1.0,0.2,1.0,0.2,0.0
rachael yamagata,be be your love,0.0,1.0,0.4,0.8,0.2,0.0
the academy is...,black mamba,0.0,0.8,0.8,0.2,1.0,0.0
the smashing pumpkins,tonight tonight,0.0,1.0,0.8,0.8,0.6,0.0
the fratellis,cuntry boys & city girls,0.0,1.0,0.8,0.2,0.8,0.0
kiss,deuce,0.0,0.6,0.8,0.0,1.0,0.0
the cranberries,just my imagination,0.0,1.0,0.6,0.2,0.8,0.0
the cranberries,everything i said,0.0,0.8,0.4,0.2,1.0,0.2
bright eyes,middleman,0.0,1.0,0.6,0.8,0.4,0.2
emily haines & the soft skeleton,nothing & nowhere,0.0,0.8,0.2,1.0,0.2,0.0
the cure,primary,0.0,0.8,0.6,0.2,1.0,0.0
air,lucky and unhappy,0.0,1.0,0.4,0.2,0.6,1.0
afi,miseria cantare: the beginning,0.0,1.0,0.8,0.2,1.0,0.0
basement jaxx,take me back to your house,0.0,1.0,0.8,0.4,0.2,0.8
fever ray,dry and dusty,0.0,1.0,0.4,0.2,0.2,1.0
metallica,my friend of misery,0.0,1.0,0.8,0.2,1.0,0.0
röyksopp,röyksopp forever,0.0,1.0,0.8,0.8,0.2,0.6
eddie vedder,setting forth,0.0,1.0,0.6,0.8,0.2,0.0
kiss,shout it out loud,0.0,1.0,1.0,0.2,1.0,0.0
queens of the stone age,you would know,0.0,0.8,0.8,0.0,1.0,0.0
andrew bird,plasticities,0.0,0.8,0.6,0.6,0.6,0.2
faith no more,evidence,0.0,1.0,0.4,0.4,0.8,0.0
iron maiden,for the greater good of god,0.0,1.0,0.8,0.0,1.0,0.0
judas priest,metal gods,0.0,0.8,0.8,0.0,1.0,0.0
ac/dc,have a drink on me,0.0,1.0,0.8,0.0,1.0,0.0
the verve,catching the butterfly,0.0,1.0,0.8,0.2,1.0,0.2
the chemical brothers,chemical beats,0.0,1.0,1.0,0.0,0.2,1.0
scissor sisters,lovers in the backseat,0.0,1.0,0.8,0.2,0.8,0.6
final fantasy,the chronicles of sarnia,0.2,0.6,0.6,1.0,0.2,0.0
nick drake,harvest breed,0.0,0.8,0.2,1.0,0.0,0.0
animal collective,no more runnin,0.0,1.0,0.4,0.2,0.2,1.0
bright eyes,classic cars,0.0,1.0,0.4,0.8,0.4,0.2
outkast,ms. jackson,0.0,1.0,0.6,0.2,0.4,0.8
radiohead,creep (acoustic),0.2,0.8,0.6,1.0,0.0,0.0
the strokes,red light,0.0,0.8,0.8,0.0,1.0,0.0
apparat,fractales part 1,0.0,0.8,0.4,0.0,0.2,1.0
kings of leon,genius,0.0,0.8,0.8,0.2,1.0,0.0
babyshambles,albion,0.0,0.6,0.4,0.8,0.4,0.0
the white stripes,a martyr for my love for you,0.0,0.8,0.8,0.2,1.0,0.0
marillion,kayleigh,0.0,1.0,0.6,0.2,0.8,0.6
porcupine tree,how is your life today?,0.0,1.0,0.2,0.8,0.2,0.4
christian death,romeo's distress,0.0,0.4,0.8,0.0,1.0,0.0
editors,when anger shows,0.0,1.0,0.6,0.4,0.8,0.2
abba,fernando,0.0,1.0,0.4,0.8,0.4,0.4
green day,welcome to paradise,0.0,1.0,0.8,0.0,1.0,0.0
rilo kiley,my slumbering heart,0.0,0.8,0.6,0.2,0.8,0.2
rilo kiley,ripchord,0.0,0.8,0.2,1.0,0.0,0.0
razorlight,stumble and fall,0.0,0.8,0.8,0.2,1.0,0.0
fiona apple,tymps (the sick in the head song),0.0,1.0,0.6,0.6,0.4,0.2
morcheeba,otherwise,0.0,1.0,0.4,0.6,0.4,0.6
the used,take it away,0.0,1.0,1.0,0.2,1.0,0.2
sun kil moon,carry me ohio,0.0,0.8,0.6,0.4,0.8,0.0
dimmu borgir,the serpentine offering,0.0,1.0,1.0,0.2,1.0,0.6
u2,miracle drug,0.0,1.0,0.6,0.2,0.8,0.2
ted leo and the pharmacists,me and mia,0.0,0.8,0.8,0.0,1.0,0.0
alanis morissette,crazy,0.0,1.0,0.6,0.2,0.8,0.4
weezer,photograph,0.0,1.0,0.8,0.0,1.0,0.0
iron & wine,promise what you will,0.0,0.6,0.4,1.0,0.2,0.0
the magic numbers,which way to happy,0.0,0.8,0.4,0.6,0.6,0.0
the cranberries,salvation,0.0,1.0,1.0,0.2,1.0,0.0
pink floyd,interstellar overdrive,0.0,0.6,0.8,0.2,1.0,0.0
kaiser chiefs,i can do it without you,0.0,1.0,0.8,0.2,1.0,0.2
placebo,i do,0.0,0.6,0.4,0.8,0.2,0.0
broken social scene,feel good lost,0.0,0.8,0.4,0.2,0.8,0.6
wham!,last christmas,0.0,1.0,0.6,0.2,0.4,1.0
fischerspooner,all we are,0.0,1.0,0.8,0.0,0.4,1.0
lamb,angelica,0.0,1.0,0.4,0.6,0.2,0.8
fugees,ready or not,0.0,1.0,0.6,0.0,0.2,1.0
the specials,a message to you rudy,0.0,0.8,0.6,0.6,0.8,0.0
pink floyd,shine on you crazy diamond (parts i-v),0.0,1.0,0.6,0.4,0.8,0.6
explosions in the sky,yasmin the light,0.0,0.8,0.8,0.2,1.0,0.0
explosions in the sky,catastrophe and the cure,0.0,1.0,0.8,0.2,1.0,0.0
télépopmusik,love can damage your health,0.0,1.0,0.4,0.2,0.4,1.0
primal scream,loaded,0.0,1.0,0.8,0.2,0.6,0.8
covenant,bullet,0.0,1.0,0.8,0.0,0.2,1.0
the strokes,alone together,0.0,0.8,0.8,0.2,1.0,0.0
the duke spirit,send a little love token,0.0,0.8,0.8,0.2,1.0,0.0
cat power,ramblin' (wo)man,0.0,0.8,0.4,0.2,0.8,0.0
berlin,take my breath away,0.0,1.0,0.6,0.0,0.4,1.0
cut copy,bright neon payphone,0.0,1.0,0.6,0.0,0.4,1.0
wilco,hell is chrome,0.0,1.0,0.4,0.4,0.8,0.2
nightwish,ever dream,0.0,1.0,0.8,0.4,0.8,0.6
the smashing pumpkins,soma,0.0,1.0,0.8,0.0,1.0,0.0
iron maiden,phantom of the opera,0.0,0.6,0.8,0.0,1.0,0.0
joanna newsom,en gallop,0.0,0.6,0.4,1.0,0.0,0.0
joanna newsom,swansea,0.0,0.8,0.2,1.0,0.0,0.0
ratatat,flynn,0.0,1.0,0.6,0.0,0.8,0.8
mastodon,circle of cysquatch,0.0,0.8,1.0,0.2,1.0,0.0
misfits,she,0.0,0.6,0.8,0.2,1.0,0.0
pulp,do you remember the first time?,0.0,0.8,0.6,0.2,0.8,0.4
evanescence,lose control,0.0,1.0,0.8,0.2,0.8,0.6
moby,go,0.0,1.0,0.8,0.2,0.2,1.0
cartel,runaway,0.0,0.8,0.8,0.2,1.0,0.0
les savy fav,patty lee,0.0,0.8,0.8,0.2,1.0,0.0
him,under the rose,0.0,1.0,0.8,0.0,1.0,0.4
of montreal,forecast fascist future,0.0,0.8,0.6,0.0,0.4,1.0
ellen allien & apparat,do not break,0.0,1.0,0.6,0.0,0.0,1.0
u2 and green day,the saints are coming,0.0,1.0,0.8,0.2,1.0,0.0
chicane,no ordinary morning,0.0,1.0,0.4,0.6,0.2,0.8
architecture in helsinki,the cemetery,0.0,0.6,0.4,0.6,0.4,0.4
three days grace,riot,0.0,1.0,1.0,0.0,1.0,0.0
rufus wainwright,beautiful child,0.0,1.0,0.6,0.8,0.4,0.2
daft punk,emotion,0.0,1.0,0.6,0.0,0.0,1.0
beastie boys,so what'cha want,0.0,0.6,0.8,0.4,0.8,0.2
david bowie,star,0.0,0.8,0.8,0.2,0.8,0.0
norah jones,lonestar,0.0,1.0,0.2,0.8,0.4,0.0
counting crows,round here,0.0,1.0,0.6,0.4,0.8,0.0
at the drive-in,pattern against user,0.0,0.8,1.0,0.0,1.0,0.0
audioslave,one and the same,0.0,1.0,0.8,0.2,1.0,0.0
disturbed,voices,0.0,1.0,1.0,0.0,1.0,0.2
guns n' roses,anything goes,0.0,1.0,1.0,0.0,1.0,0.0
the smiths,stretch out and wait,0.0,0.8,0.4,0.2,0.8,0.0
audioslave,your time has come,0.0,1.0,0.8,0.0,1.0,0.0
explosions in the sky,look into the air,0.0,0.6,0.8,0.0,1.0,0.0
iamx,song of imaginary beings,0.0,1.0,0.8,0.0,0.6,1.0
queens of the stone age,another love song,0.0,1.0,0.6,0.2,1.0,0.2
david gray,please forgive me,0.0,0.8,0.6,0.6,0.2,0.8
keane,snowed under,0.0,1.0,0.6,0.6,0.4,0.4
the darkness,love is only a feeling,0.0,1.0,0.8,0.2,1.0,0.0
sentenced,you are the one,0.0,1.0,0.8,0.2,1.0,0.0
jack's mannequin,i'm ready,0.0,1.0,0.8,0.4,0.8,0.2
andrew bird,measuring cups,0.0,0.8,0.6,0.8,0.4,0.0
mandalay,beautiful (7 canny mix),0.0,1.0,0.6,0.2,0.4,1.0
deftones,bored,0.0,0.6,0.8,0.0,1.0,0.0
keane,better than this,0.0,1.0,0.6,0.2,0.6,0.8
fiona apple,to your love,0.0,1.0,0.8,0.8,0.4,0.0
razorlight,vice,0.0,0.8,0.6,0.4,0.8,0.0
black kids,love me already,0.0,1.0,0.8,0.2,0.6,0.8
kasabian,by my side,0.0,0.8,0.6,0.2,0.8,0.6
kasabian,british legion,0.0,0.8,0.2,0.8,0.2,0.4
the dandy warhols,horse pills,0.0,0.8,0.8,0.0,1.0,0.2
the dandy warhols,solid,0.0,1.0,0.6,0.2,0.8,0.4
soilwork,exile,0.0,1.0,1.0,0.0,1.0,0.2
natalie imbruglia,that day,0.0,1.0,0.8,0.4,0.8,0.2
the doors,love street,0.0,0.8,0.4,0.8,0.4,0.0
kings of convenience,little kids,0.0,1.0,0.2,1.0,0.0,0.0
sonic youth,drunken butterfly,0.0,0.8,1.0,0.2,1.0,0.0
queens of the stone age,quick and to the pointless,0.0,0.8,1.0,0.2,1.0,0.0
gloria gaynor,i will survive,0.0,1.0,0.8,0.6,0.8,0.0
gnarls barkley,feng shui,0.0,0.8,0.4,0.2,0.6,0.6
animal collective,chores,0.0,1.0,0.8,0.2,0.6,0.8
judas priest,you've got another thing comin',0.0,1.0,0.8,0.0,1.0,0.0
sleater-kinney,wilderness,0.0,0.8,0.8,0.2,1.0,0.0
the decemberists,california one/youth and beauty brigade,0.0,0.8,0.4,0.6,0.6,0.0
mystery jets,you can't fool me dennis,0.0,0.8,0.8,0.2,1.0,0.0
the jam,that's entertainment,0.0,0.6,0.4,0.8,0.2,0.0
linkin park,hands held high,0.0,1.0,0.6,0.4,0.2,0.6
massive attack,a prayer for england,0.0,1.0,0.4,0.4,0.2,1.0
thievery corporation,omid (hope),0.0,1.0,0.4,0.6,0.4,0.8
cold war kids,saint john,0.0,0.6,0.8,0.2,1.0,0.0
m83,safe,0.0,1.0,0.6,0.2,0.4,1.0
bright eyes,hit the switch,0.0,1.0,0.6,0.2,0.4,1.0
the pipettes,tell me what you want,0.0,0.8,0.6,0.2,0.8,0.2
the cinematic orchestra,prelude,0.0,1.0,0.2,1.0,0.0,0.0
fever ray,i'm not done,0.0,1.0,0.6,0.0,0.2,1.0
soilwork,sworn to a great divide,0.0,1.0,0.8,0.0,1.0,0.4
tapes 'n tapes,the iliad,0.0,0.6,0.8,0.2,1.0,0.0
植松伸夫,battle in the forgotten city,0.0,1.0,1.0,0.4,0.8,0.6
broadcast,corporeal,0.0,0.8,0.4,0.0,0.2,1.0
slowdive,machine gun,0.0,1.0,0.4,0.2,1.0,0.2
3 doors down,when i'm gone,0.0,1.0,0.8,0.2,1.0,0.0
kanye west,say you will,0.0,1.0,0.4,0.2,0.2,1.0
!!!,pardon my freedom,0.0,0.8,0.8,0.4,0.8,0.4
in flames,egonomic,0.0,1.0,1.0,0.0,1.0,0.4
in flames,vacuum,0.0,1.0,0.8,0.0,1.0,0.4
in flames,dead end,0.0,1.0,1.0,0.0,1.0,0.2
four tet,smile around the face,0.0,1.0,0.6,0.2,0.2,1.0
röyksopp,vision one,0.0,1.0,0.6,0.0,0.2,1.0
!!!,dear can,0.0,0.8,0.8,0.4,0.8,0.6
autolux,subzero fun,0.0,0.8,0.8,0.2,1.0,0.0
dido,i'm no angel,0.0,1.0,0.4,0.6,0.4,0.6
שירי מימון,ahava ktana,0.0,1.0,0.6,0.6,0.4,0.2
pulp,this is hardcore,0.0,1.0,0.8,0.6,0.4,0.8
guster,satellite,0.0,1.0,0.6,0.6,0.6,0.2
pj harvey,no child of mine,0.0,0.6,0.6,0.2,0.8,0.0
goldfrapp,hairy trees,0.0,1.0,0.4,0.2,0.4,1.0
lykke li,hanging high,0.0,0.8,0.2,0.6,0.2,0.4
lykke li,this trumpet in my head,0.0,0.6,0.4,0.6,0.2,0.4
yeasayer,2080,0.0,0.8,0.6,0.4,0.6,0.6
pixies,the holiday song,0.0,0.6,0.8,0.0,1.0,0.0
télépopmusik,don't look back,0.0,1.0,0.4,0.2,0.4,0.8
dustin o'halloran,opus 23,0.0,1.0,0.2,1.0,0.0,0.0
taking back sunday,spin,0.0,0.8,1.0,0.0,1.0,0.0
ramones,gimme gimme shock treatment,0.0,0.6,1.0,0.2,1.0,0.0
red hot chili peppers,emit remmus,0.0,0.8,0.8,0.2,1.0,0.0
the verve,sit and wonder,0.0,1.0,0.8,0.2,1.0,0.2
yeah yeah yeahs,little shadow,0.0,1.0,0.4,0.2,0.4,0.8
no doubt,excuse me mr.,0.0,1.0,0.8,0.2,1.0,0.0
the academy is...,slow down,0.0,0.8,0.8,0.2,1.0,0.0
paolo nutini,rewind,0.0,1.0,0.4,0.8,0.4,0.0
deep dish,say hello,0.0,1.0,0.8,0.2,0.2,1.0
dj shadow,walkie talkie,0.0,0.8,0.8,0.2,0.6,0.4
auf der maur,real a lie,0.0,1.0,0.8,0.2,1.0,0.0
mew,snow brigade,0.0,1.0,0.8,0.0,1.0,0.4
massive attack,sly,0.0,1.0,0.4,0.6,0.2,0.8
neil young,after the gold rush,0.0,0.8,0.2,1.0,0.0,0.0
staind,epiphany,0.0,1.0,0.4,0.2,0.8,0.0
babyshambles,side of the road,0.0,0.6,0.8,0.0,1.0,0.0
blur,badhead,0.0,0.8,0.4,0.6,0.6,0.2
after forever,monolith of doubt,0.0,0.8,0.8,0.2,1.0,0.6
amy macdonald,footballer's wife,0.0,1.0,0.6,0.8,0.4,0.0
ellen allien & apparat,floating points,0.0,1.0,0.6,0.0,0.2,1.0
mando diao,you don't understand me,0.0,0.8,0.6,0.4,0.8,0.2
rufus wainwright,go or go ahead,0.0,1.0,0.8,0.6,0.6,0.2
snow patrol,ways & means,0.0,0.8,0.8,0.2,0.8,0.2
the beatles,i want to tell you,0.0,0.8,0.6,0.4,0.8,0.0
mylo,zenophile,0.0,1.0,0.4,0.0,0.2,1.0
this will destroy you,quiet,0.0,0.8,0.8,0.2,1.0,0.2
massive attack,danny the dog,0.0,1.0,0.8,0.4,0.4,0.8
embrace,gravity,0.0,1.0,0.6,0.4,0.8,0.2
groove armada,superstylin',0.0,1.0,0.8,0.2,0.4,1.0
nine inch nails,the only time,0.0,0.8,0.8,0.0,0.4,1.0
blackfield,blackfield,0.0,1.0,0.4,0.2,0.8,0.2
zero 7,over our heads,0.0,1.0,0.4,0.4,0.6,0.8
rilo kiley,a better son/daughter,0.0,0.8,0.8,0.2,0.8,0.2
thursday,understanding in a car crash,0.0,0.8,0.8,0.0,1.0,0.0
blonde redhead,anticipation,0.0,0.8,0.6,0.2,0.8,0.4
funeral for a friend,drive,0.0,0.8,0.8,0.0,1.0,0.0
lamb,what sound,0.0,1.0,0.4,0.2,0.2,1.0
bloc party,the answer,0.0,1.0,0.8,0.2,0.8,0.6
pearl jam,gone,0.0,0.8,0.6,0.2,0.8,0.0
clan of xymox,stranger,0.0,0.8,0.6,0.0,0.6,1.0
architecture in helsinki,it's almost a trap,0.0,0.8,0.6,0.6,0.6,0.4
joy division,ceremony,1.0,0.4,0.8,0.2,1.0,0.0
the beatles,your mother should know,0.0,0.8,0.4,0.8,0.4,0.0
noah and the whale,5 years time,0.0,0.8,0.4,0.8,0.2,0.0
pink floyd,a great day for freedom,0.0,1.0,0.6,0.4,0.8,0.4
buzzcocks,promises,0.0,0.8,0.8,0.0,1.0,0.0
rage against the machine,revolver,0.0,1.0,0.8,0.2,1.0,0.0
oasis,the meaning of soul,0.0,0.6,0.8,0.6,0.4,0.0
slipknot,circle,0.0,1.0,0.4,0.8,0.4,0.2
black sabbath,supernaut,0.0,0.8,1.0,0.2,1.0,0.0
the zutons,pressure point,0.0,0.8,0.8,0.4,0.8,0.0
the black angels,bloodhounds on my trail,0.0,0.8,0.8,0.2,1.0,0.2
explosions in the sky,snow and lights,0.0,0.6,0.8,0.4,1.0,0.0
the cure,a strange day,0.0,0.6,0.8,0.2,0.8,0.4
disturbed,ten thousand fists,0.0,1.0,1.0,0.0,1.0,0.0
the flaming lips,free radicals,0.0,1.0,0.8,0.0,0.4,1.0
girl talk,bounce that,0.0,1.0,1.0,0.2,0.8,0.8
grandaddy,miner at the dial-a-view,0.0,0.8,0.4,0.4,0.4,0.8
wolfmother,love train,0.0,1.0,1.0,0.0,1.0,0.0
soilwork,light discovering darkness,0.0,1.0,1.0,0.0,1.0,0.2
the doors,when the music's over,0.0,0.8,0.8,0.2,1.0,0.0
yann tiersen,comptine d'un autre été: l'après midi,0.0,1.0,0.4,1.0,0.0,0.0
u2,a man and a woman,0.0,1.0,0.4,0.8,0.4,0.2
pink floyd,fat old sun,0.0,0.8,0.4,0.6,0.6,0.0
sébastien tellier,fantino,0.0,0.8,0.4,0.2,0.6,0.8
the chemical brothers,out of control,0.0,1.0,0.8,0.0,0.6,1.0
nick drake,saturday sun,0.0,0.8,0.4,1.0,0.0,0.0
nick drake,way to blue,0.0,0.8,0.2,1.0,0.0,0.0
m.i.a.,fire fire,0.0,0.8,0.8,0.0,0.2,1.0
the beatles,run for your life,0.0,0.8,0.6,0.4,0.8,0.0
yo la tengo,you can have it all,0.0,1.0,0.2,0.4,0.6,0.2
nine inch nails,help me i am in hell,0.0,1.0,0.4,0.0,0.6,0.8
porcupine tree,piano lessons,0.0,1.0,0.6,0.4,0.8,0.4
the police,so lonely,0.0,0.8,0.8,0.2,1.0,0.0
the dresden dolls,delilah,0.0,1.0,0.8,0.8,0.2,0.0
david bowie,warszawa,0.0,1.0,0.4,0.2,0.2,1.0
green day,give me novacaine,0.0,1.0,0.8,0.4,0.8,0.0
mirah,recommendation,0.0,0.6,0.4,0.8,0.4,0.2
paradise lost,the enemy,0.0,1.0,0.8,0.0,1.0,0.2
a perfect circle,peace love and understanding,0.0,1.0,0.4,0.6,0.2,0.6
sigur rós,sorglega,0.0,1.0,0.4,0.4,0.6,0.6
fiona apple,a mistake,0.0,1.0,0.6,0.6,0.4,0.2
tori amos,tear in your hand,0.0,1.0,0.4,0.8,0.4,0.2
björk,vökuró,0.0,1.0,0.2,1.0,0.0,0.0
animal collective,kids on holiday,0.0,1.0,0.4,0.6,0.4,0.6
nick drake,poor boy,0.0,0.8,0.6,0.8,0.4,0.0
oasis,all around the world,0.0,1.0,1.0,0.2,1.0,0.0
the who,bargain,0.0,1.0,0.8,0.4,1.0,0.2
scissor sisters,it can't come quickly enough,0.0,1.0,0.4,0.0,0.2,1.0
doves,snowden,0.0,0.8,0.8,0.2,1.0,0.2
hot chip,we're looking for a lot of love,0.0,1.0,0.4,0.2,0.4,1.0
hot chip,so glad to see you,0.0,1.0,0.6,0.2,0.6,1.0
the velvet underground,some kinda love,0.0,0.8,0.4,0.2,1.0,0.0
timbaland,apologize,0.0,1.0,0.6,0.6,0.2,0.8
dire straits,private investigations,0.0,1.0,0.4,0.6,0.6,0.2
cocorosie,brazilian sun,0.0,0.4,0.2,0.8,0.2,0.4
shout out louds,please please please,0.0,0.8,0.6,0.2,0.8,0.2
britney spears,everybody,0.0,1.0,0.8,0.0,0.4,1.0
the smashing pumpkins,quiet,0.0,1.0,1.0,0.0,1.0,0.0
gustavo cerati,lago en el cielo,0.0,1.0,0.8,0.2,1.0,0.2
alice in chains,dam that river,0.0,1.0,1.0,0.0,1.0,0.0
the knife,neon,0.0,0.8,0.6,0.0,0.2,1.0
backyard babies,earn the crown,0.0,1.0,1.0,0.0,1.0,0.0
blink-182,always,0.0,1.0,0.6,0.0,1.0,0.2
echo & the bunnymen,rescue,0.0,0.8,0.6,0.0,1.0,0.0
rage against the machine,born as ghosts,0.0,1.0,1.0,0.0,1.0,0.0
the all-american rejects,can't take it,0.0,1.0,0.6,0.8,0.4,0.0
ratatat,germany to germany,0.0,0.8,0.6,0.0,0.8,0.8
arctic monkeys,scummy,0.0,0.4,0.8,0.0,1.0,0.0
tv on the radio,blues from down here,0.0,0.8,0.8,0.2,0.8,0.6
tv on the radio,dlz,0.0,1.0,0.8,0.2,0.8,0.8
cocteau twins,lorelei,0.0,0.8,0.6,0.0,0.8,0.6
plain white t's,hate (i really don't like you),0.0,1.0,0.8,0.2,1.0,0.0
jack johnson,tomorrow morning,0.0,0.8,0.2,0.8,0.4,0.0
santogold,shove it,0.0,1.0,0.6,0.2,0.4,0.8
santogold,i'm a lady,0.0,1.0,0.6,0.4,0.8,0.4
rush,subdivisions,0.0,1.0,0.6,0.2,0.6,1.0
iio,rapture,0.0,1.0,0.6,0.0,0.2,1.0
neutral milk hotel,untitled,0.0,0.4,0.8,0.8,0.2,0.0
the knife,bird,0.0,0.8,0.6,0.0,0.2,1.0
brian eno,deep blue day,0.0,1.0,0.4,0.0,0.6,0.8
the beatles,being for the benefit of mr. kite!,0.0,1.0,0.6,0.4,0.8,0.0
franz ferdinand,katherine kiss me,0.0,1.0,0.2,0.8,0.2,0.0
evanescence,like you,0.0,1.0,0.6,0.6,0.6,0.2
the unicorns,i don't wanna die,0.0,0.6,0.4,0.2,0.8,0.4
pj harvey,yuri-g,0.0,0.8,1.0,0.2,1.0,0.0
fall out boy,of all the gin joints in all the world,0.0,1.0,0.8,0.2,1.0,0.0
mastodon,capillarian crest,0.0,0.8,1.0,0.0,1.0,0.0
death cab for cutie,why you'd want to live here,0.0,0.8,0.6,0.2,1.0,0.0
the dresden dolls,first orgasm,0.0,1.0,0.4,1.0,0.0,0.0
jens lekman,black cab,0.0,0.8,0.4,0.2,0.2,0.8
emilie autumn,misery loves company,0.0,0.8,0.8,0.2,0.4,1.0
sondre lerche,two way monologue,0.0,1.0,0.6,0.6,0.6,0.2
wilco,reservations,0.0,1.0,0.2,0.6,0.2,0.4
yo la tengo,from a motel 6,0.0,0.8,0.8,0.2,1.0,0.2
andreas johnson,glorious,0.0,1.0,0.8,0.2,0.8,0.4
graham coxon,freakin' out,0.0,0.8,0.8,0.0,1.0,0.0
nightwish,passion and the opera,0.0,0.8,1.0,0.2,1.0,0.6
system of a down,roulette,0.0,1.0,0.4,0.8,0.2,0.0
depeche mode,little 15,0.0,1.0,0.4,0.4,0.2,0.8
shiny toy guns,stripped,0.0,1.0,0.8,0.0,0.4,1.0
nelly furtado,showtime,0.0,1.0,0.4,0.8,0.2,0.2
backyard babies,a song for the outcast,0.0,0.8,0.8,0.0,1.0,0.0
neil young,southern man,0.0,0.8,0.8,0.2,1.0,0.0
the white stripes,little bird,0.0,0.4,0.8,0.2,1.0,0.0
kimya dawson,so nice so smart,0.0,0.6,0.2,1.0,0.0,0.0
king crimson,i talk to the wind,0.0,0.8,0.2,0.8,0.4,0.0
kevin shields,are you awake?,0.0,0.8,0.2,0.0,0.8,0.4
enya,a day without rain,0.0,1.0,0.4,0.4,0.0,0.8
the doors,you're lost little girl,0.0,0.8,0.4,0.2,1.0,0.0
the beatles,i me mine,0.0,1.0,0.6,0.6,0.8,0.0
rise against,swing life away,0.0,1.0,0.4,1.0,0.2,0.0
the hold steady,stuck between stations,0.0,0.8,0.8,0.4,1.0,0.0
r.e.m.,so. central rain,0.0,0.8,0.6,0.2,1.0,0.0
emily haines & the soft skeleton,the last page,0.0,0.8,0.2,1.0,0.0,0.0
katatonia,complicity,0.0,0.8,0.8,0.0,1.0,0.4
jens lekman,if i could cry (it would feel like this),0.0,0.8,0.4,0.8,0.2,0.2
stars,soft revolution,0.0,1.0,0.6,0.2,0.8,0.6
pantera,becoming,0.0,0.8,1.0,0.0,1.0,0.0
kings of leon,arizona,0.0,0.8,0.4,0.2,0.8,0.2
van halen,why can't this be love,0.0,1.0,0.8,0.0,0.8,0.8
britney spears,the hook up,0.0,1.0,0.6,0.2,0.6,0.8
jack johnson,inaudible melodies,0.0,0.8,0.4,0.8,0.4,0.0
thievery corporation,facing east,0.0,1.0,0.4,0.6,0.2,0.8
empire of the sun,we are the people,0.0,1.0,0.6,0.2,0.4,1.0
a perfect circle,renholdër,0.0,1.0,0.2,0.0,0.8,0.4
ministry,stigmata,0.0,0.8,1.0,0.0,1.0,0.8
jack johnson,belle,0.0,1.0,0.2,1.0,0.0,0.0
the rifles,local boy,0.0,0.8,0.8,0.2,1.0,0.0
the duke spirit,into the fold,0.0,0.8,0.8,0.2,1.0,0.0
sonic youth,candle,0.0,0.8,0.6,0.2,1.0,0.0
the smiths,paint a vulgar picture,0.0,0.8,0.4,0.2,1.0,0.0
she & him,why do you let me stay here?,0.0,0.8,0.4,0.4,0.8,0.0
goldfrapp,deep honey,0.0,1.0,0.4,0.0,0.2,1.0
him,solitary man,0.0,1.0,0.6,0.2,1.0,0.2
him,join me in death,0.0,1.0,0.8,0.2,0.8,0.4
bright eyes,make a plan to love me,0.0,1.0,0.4,1.0,0.2,0.0
belle and sebastian,i could be dreaming,0.0,0.6,0.6,0.6,0.6,0.0
blind guardian,mirror mirror,0.0,1.0,0.8,0.0,1.0,0.2
ladytron,the way that i found you,0.0,0.8,0.6,0.0,0.2,1.0
the smashing pumpkins,cupid de locke,0.0,1.0,0.2,0.4,0.2,0.8
tom petty and the heartbreakers,american girl,0.0,0.8,0.6,0.0,1.0,0.0
children of bodom,towards dead end,0.0,0.8,1.0,0.0,1.0,0.6
art brut,fight!,0.0,0.6,0.8,0.2,1.0,0.0
elliott smith,i better be quiet now,0.0,1.0,0.4,0.8,0.2,0.0
placebo,peeping tom,0.0,0.8,0.6,0.0,1.0,0.4
ray lamontagne,empty,0.0,1.0,0.4,1.0,0.2,0.0
creedence clearwater revisited,lookin' out my back door,1.0,0.8,0.6,0.2,0.8,0.0
the smiths,unloveable,0.0,0.8,0.6,0.2,1.0,0.0
saosin,voices,0.0,1.0,0.8,0.0,1.0,0.0
saosin,bury your head,0.0,0.8,1.0,0.0,1.0,0.0
the beatles,boys,0.0,0.8,0.6,0.2,0.8,0.0
the magic numbers,the mule,0.0,0.8,0.4,0.8,0.4,0.0
serj tankian,saving us,0.0,1.0,0.8,0.2,1.0,0.2
serj tankian,the unthinking majority,0.0,1.0,1.0,0.2,1.0,0.2
kt tunstall,false alarm,0.0,0.8,0.6,0.6,0.4,0.2
garbage,breaking up the girl,0.0,1.0,0.6,0.2,0.8,0.4
garbage,metal heart,0.0,1.0,0.8,0.0,1.0,0.4
robbie williams,the road to mandalay,0.0,1.0,0.6,0.6,0.4,0.2
animal collective,daffy duck,0.0,0.8,0.6,0.2,0.4,1.0
paradise lost,say just words,0.0,1.0,0.8,0.0,1.0,0.6
iamx,bring me back a dog,0.0,1.0,0.8,0.0,0.4,1.0
st. germain,sure thing,0.0,1.0,0.4,0.4,0.6,0.6
doves,the man who told everything,0.0,0.8,0.4,0.4,0.8,0.2
sentenced,killing me killing you,0.0,1.0,0.6,0.0,1.0,0.2
the beach boys,barbara ann,0.2,0.6,0.6,0.8,0.4,0.0
creedence clearwater revisited,green river,1.0,0.8,0.8,0.0,1.0,0.0
rilo kiley,paint's peeling,0.0,0.8,0.6,0.2,0.8,0.0
the sisters of mercy,no time to cry,0.0,0.8,0.8,0.0,0.8,0.6
hellogoodbye,all of your love,0.0,0.8,0.6,0.8,0.4,0.2
sigur rós,samskeyti,0.0,1.0,0.4,0.8,0.4,0.2
slipknot,people = shit,0.0,0.8,1.0,0.2,1.0,0.4
the white stripes,the same boy you've always known,0.0,0.6,0.4,0.2,0.8,0.0
poisonblack,love infernal,0.0,0.8,0.8,0.0,1.0,0.4
regina spektor,consequence of sounds,0.0,0.4,0.4,1.0,0.0,0.0
the black eyed peas,where is the love,0.0,1.0,0.6,0.4,0.2,0.8
we are scientists,chick lit,0.0,1.0,0.8,0.2,1.0,0.2
beck,derelict,0.0,0.8,0.4,0.4,0.6,0.6
the pussycat dolls,i don't need a man,0.0,1.0,0.8,0.0,0.4,1.0
entwine,bitter sweet,0.0,0.8,0.8,0.2,1.0,0.6
tokyo police club,shoulders & arms,0.0,0.8,0.8,0.2,1.0,0.2
dido,isobel,0.0,1.0,0.4,0.4,0.4,0.6
black rebel motorcycle club,grind my bones,0.0,0.8,0.8,0.2,1.0,0.0
daft punk,phoenix,0.0,0.8,0.6,0.0,0.2,1.0
maroon 5,nothing lasts forever,0.0,1.0,0.6,0.2,0.8,0.6
the white stripes,red rain,0.0,0.8,0.8,0.2,1.0,0.0
boards of canada,seeya later,0.0,0.6,0.4,0.0,0.2,1.0
andrew w.k.,party hard,0.0,1.0,1.0,0.2,1.0,0.0
evanescence,lacrymosa,0.0,1.0,0.8,0.6,0.8,0.2
ratatat,shiller,0.0,1.0,0.4,0.4,0.6,0.8
death cab for cutie,company calls,0.0,0.6,0.6,0.2,1.0,0.0
moby,down slow,0.0,1.0,0.4,0.0,0.4,1.0
the album leaf,the outer banks,0.0,0.8,0.4,0.4,0.6,0.6
kasabian,sun rise light flies,0.0,1.0,0.6,0.6,0.4,0.4
opeth,to rid the disease,0.0,1.0,0.4,0.2,0.8,0.6
the white stripes,hypnotize,0.0,0.8,0.8,0.0,1.0,0.0
jarvis cocker,don't let him waste your time,0.0,1.0,0.6,0.4,0.8,0.2
al green,love and happiness,0.0,1.0,0.6,0.4,0.8,0.0
lcd soundsystem,great release,0.0,1.0,0.4,0.0,0.2,1.0
marilyn manson,man that you fear,0.0,1.0,0.6,0.0,0.6,0.8
cake,frank sinatra,0.0,0.8,0.4,0.6,0.6,0.0
alice in chains,angry chair,0.0,1.0,0.8,0.0,1.0,0.0
patrick wolf,jacob's ladder,0.0,1.0,0.6,0.4,0.4,0.8
beirut,the flying club cup,0.0,0.8,0.4,1.0,0.2,0.0
broken social scene,passport radio,0.0,0.6,0.4,0.2,0.6,0.6
sum 41,in too deep,0.0,1.0,0.8,0.0,1.0,0.0
in flames,...as the future repeats today,0.0,0.8,1.0,0.0,1.0,0.2
billy idol,dancing with myself,0.0,0.8,0.8,0.2,1.0,0.2
lostprophets,rooftops (a liberation broadcast),0.0,1.0,0.8,0.0,1.0,0.2
foo fighters,summer's end,0.0,1.0,0.8,0.2,1.0,0.0
basement jaxx,good luck,0.0,1.0,1.0,0.2,0.8,0.6
devendra banhart,lazy butterfly,0.0,0.8,0.4,0.8,0.2,0.0
sepultura,roots bloody roots,0.0,0.8,1.0,0.2,1.0,0.0
ben folds,still fighting it,0.0,1.0,0.6,0.8,0.4,0.2
porcupine tree,the creator has a mastertape,0.0,1.0,0.8,0.0,0.8,0.6
killswitch engage,the arms of sorrow,0.0,1.0,0.8,0.0,1.0,0.0
u2,crumbs from your table,0.0,1.0,0.6,0.2,1.0,0.2
röyksopp,tristesse globale,0.0,1.0,0.4,0.0,0.2,1.0
my chemical romance,thank you for the venom,0.0,0.8,1.0,0.2,1.0,0.0
the rakes,the guilt,0.0,0.8,0.8,0.0,1.0,0.2
pj harvey,the letter,0.0,0.6,0.8,0.2,1.0,0.0
air,dirty trip,0.0,1.0,0.6,0.4,0.6,0.8
sia,numb,0.0,0.8,0.4,0.6,0.2,0.6
explosions in the sky,time stops,0.0,0.6,0.8,0.4,1.0,0.0
aphex twin,goon gumpas,0.0,1.0,0.4,0.2,0.0,1.0
maxïmo park,the unshockable,0.0,0.8,0.8,0.0,1.0,0.2
fleetwood mac,the chain,0.0,1.0,0.8,0.6,0.8,0.0
maroon 5,sweetest goodbye,0.0,1.0,0.6,0.2,0.8,0.2
mogwai,stanley kubrick,0.0,1.0,0.6,0.2,0.8,0.2
badly drawn boy,something to talk about,0.0,1.0,0.4,0.8,0.4,0.2
the beatles,flying,0.0,1.0,0.4,0.2,0.8,0.6
afi,...but home is nowhere,0.0,1.0,0.8,0.2,1.0,0.2
sufjan stevens,abraham,0.0,0.8,0.2,1.0,0.0,0.0
variety lab,london in the rain,0.0,1.0,0.4,0.2,0.6,0.8
!!!,bend over beethoven,0.0,0.8,0.8,0.2,0.8,0.4
sugababes,round round,0.0,1.0,0.8,0.0,0.8,0.8
the jesus and mary chain,taste of cindy,0.0,0.4,0.8,0.0,1.0,0.0
black rebel motorcycle club,the likes of you,0.0,0.8,0.8,0.2,1.0,0.0
lily allen,fuck you,0.0,1.0,0.6,0.6,0.4,0.6
m83,in church,0.0,0.8,0.4,0.0,0.2,1.0
pavement,elevate me later,0.0,0.8,0.6,0.2,0.8,0.0
rufus wainwright,vicious world,0.0,1.0,0.6,0.8,0.4,0.0
the cure,accuracy,0.0,0.6,0.4,0.2,1.0,0.0
kent,max 500,0.0,1.0,0.6,0.2,0.8,0.6
pearl jam,off he goes,0.0,0.8,0.4,0.8,0.4,0.0
led zeppelin,achilles last stand,0.0,1.0,1.0,0.0,1.0,0.0
razorlight,to the sea,0.0,0.8,0.6,0.4,0.8,0.0
zz top,thug,0.0,1.0,0.8,0.0,0.6,0.8
ludwig van beethoven,symphony no. 2 - scherzo,0.0,0.8,0.6,1.0,0.0,0.0
rage against the machine,mic check,0.0,1.0,1.0,0.0,1.0,0.0
nightwish,cadence of her last breath,0.0,1.0,0.8,0.2,0.8,0.6
the 69 eyes,perfect skin,0.0,1.0,0.8,0.0,1.0,0.2
metallica,phantom lord,0.0,0.6,1.0,0.0,1.0,0.0
the smashing pumpkins,bodies,0.0,1.0,1.0,0.0,1.0,0.0
travis,selfish jean,0.0,1.0,0.6,0.2,0.8,0.2
nick cave & the bad seeds,nobody's baby now,0.0,1.0,0.4,0.8,0.4,0.0
jamie lidell,multiply,0.0,1.0,0.6,0.4,0.8,0.4
death in vegas,dirge,0.0,1.0,0.6,0.2,0.8,0.6
phoenix,napoleon says,0.0,0.8,0.8,0.2,1.0,0.0
this will destroy you,the world is our ___,0.0,1.0,1.0,0.4,1.0,0.2
m.i.a.,banana skit,0.8,0.6,0.4,0.8,0.2,0.2
kraftwerk,autobahn,0.0,0.8,0.4,0.2,0.4,1.0
final fantasy,this lamb sells condos,0.0,0.8,0.4,1.0,0.0,0.0
the cranberries,promises,0.0,1.0,0.8,0.2,1.0,0.0
john mayer,belief,0.0,1.0,0.6,0.4,0.8,0.0
aphex twin,jynweythek ylow,0.0,0.8,0.2,1.0,0.0,0.0
angels & airwaves,do it for me now,0.0,1.0,0.8,0.2,0.8,0.6
sonic syndicate,aftermath,0.0,1.0,0.8,0.0,1.0,0.4
tom vek,c-c (you set the fire in me),0.0,0.6,0.6,0.2,0.8,0.4
clap your hands say yeah,satan said dance,0.0,0.6,0.8,0.2,0.8,0.4
roxette,listen to your heart,0.0,1.0,0.8,0.2,0.6,0.8
the feeling,never be lonely,0.0,1.0,0.6,0.4,0.8,0.2
kylie minogue,chocolate,0.0,1.0,0.4,0.4,0.4,1.0
the smashing pumpkins,here is no why,0.0,1.0,0.8,0.0,1.0,0.0
jamiroquai,dynamite,0.0,1.0,0.8,0.2,0.8,0.8
madonna,heartbeat,0.0,1.0,0.6,0.0,0.2,1.0
rogue wave,publish my love,0.0,0.8,0.6,0.2,0.8,0.2
the verve,this is music,0.0,0.8,1.0,0.0,1.0,0.0
the smiths,suffer little children,0.0,0.8,0.2,0.4,0.8,0.0
amy macdonald,barrowland ballroom,0.0,0.8,0.6,0.6,0.4,0.0
the rolling stones,tumbling dice,0.0,0.8,0.6,0.4,1.0,0.0
cat power,moonshiner,0.0,0.6,0.2,0.2,0.8,0.0
cat power,red apples,0.2,0.6,0.2,0.2,0.8,0.0
the decemberists,billy liar,0.0,0.8,0.6,0.4,0.8,0.0
belle and sebastian,you're just a baby,0.0,0.6,0.6,0.4,0.8,0.0
travis,the beautiful occupation,0.0,1.0,0.6,0.4,0.8,0.2
asobi seksu,new years,0.0,0.8,0.8,0.2,1.0,0.2
tori amos,teenage hustling,0.0,1.0,0.8,0.2,1.0,0.4
the whitest boy alive,golden cage,0.0,0.8,0.4,0.4,0.8,0.0
iron & wine,upward over the mountain,0.0,0.4,0.2,1.0,0.0,0.0
the stone roses,love spreads,0.0,0.8,0.8,0.0,1.0,0.0
the futureheads,stupid and shallow,0.0,0.8,0.8,0.2,1.0,0.0
blink-182,first date,0.0,1.0,0.8,0.0,1.0,0.0
clint mansell,summer: hope overture,0.0,1.0,0.8,0.8,0.0,0.2
depeche mode,spacewalker,0.0,1.0,0.4,0.0,0.0,1.0
belle and sebastian,stay loose,0.0,1.0,0.6,0.2,0.8,0.6
tori amos,mr. zebra,0.0,1.0,0.4,1.0,0.0,0.0
david bowie,boys keep swinging,0.0,0.8,0.8,0.2,1.0,0.2
black label society,fire it up,0.0,1.0,1.0,0.0,1.0,0.0
pink floyd,dogs,0.0,1.0,0.6,0.4,0.8,0.4
peter bjorn and john,start to melt,0.0,0.8,0.4,0.4,0.8,0.2
r.e.m.,man-sized wreath,0.0,0.8,0.8,0.0,1.0,0.0
tori amos,happy phantom,0.0,1.0,0.4,0.8,0.4,0.0
junior boys,the equalizer,0.0,1.0,0.4,0.0,0.2,1.0
ac/dc,t.n.t.,0.0,0.8,0.8,0.2,1.0,0.0
john mayer,the heart of life,0.0,1.0,0.4,0.8,0.4,0.0
weezer,knock-down drag-out,0.0,1.0,0.8,0.0,1.0,0.0
red hot chili peppers,throw away your television,0.0,1.0,0.8,0.2,1.0,0.0
pet shop boys,it's a sin,0.0,1.0,0.8,0.0,0.0,1.0
dredg,not that simple,0.0,1.0,0.6,0.2,0.8,0.2
the raconteurs,many shades of black,0.0,1.0,0.8,0.2,1.0,0.0
amon tobin,four ton mantis,0.0,1.0,0.8,0.4,0.2,1.0
echo & the bunnymen,seven seas,0.0,1.0,0.6,0.6,0.8,0.0
rage against the machine,fistful of steel,0.0,1.0,1.0,0.2,1.0,0.0
the knife,hangin' out,0.0,0.8,0.6,0.0,0.2,1.0
the notorious b.i.g.,juicy,0.0,1.0,0.6,0.0,0.2,1.0
tokyo police club,tessellate,0.0,0.8,0.6,0.0,1.0,0.2
iron maiden,out of the shadows,0.0,0.8,0.8,0.2,1.0,0.0
cut copy,the twilight,0.0,0.6,0.4,0.0,0.2,1.0
neutral milk hotel,a baby for pree,0.0,0.4,0.4,0.8,0.2,0.0
the decemberists,the chimbley sweep,0.0,0.8,0.8,0.8,0.4,0.0
britney spears,i love rock 'n' roll,0.0,1.0,0.8,0.2,0.8,0.4
the sisters of mercy,walk away,0.0,0.8,0.8,0.0,1.0,0.6
the sisters of mercy,this corrosion,0.0,1.0,0.8,0.2,0.8,0.8
justice,d.a.n.c.e. (mstrkrft remix),0.0,1.0,0.8,0.0,0.2,1.0
nirvana,radio friendly unit shifter,0.0,0.6,1.0,0.2,1.0,0.0
depeche mode,introspectre,0.0,1.0,0.4,0.0,0.2,1.0
yann tiersen,la valse d'amelie,0.0,1.0,0.4,1.0,0.0,0.0
beck,the golden age,0.0,1.0,0.2,0.8,0.4,0.2
the cure,subway song,0.0,0.6,0.4,0.2,0.8,0.0
rammstein,dalai lama,0.0,1.0,0.8,0.2,0.8,0.6
air,the word 'hurricane',0.0,1.0,0.4,0.2,0.4,1.0
the futureheads,man ray,0.0,0.8,0.8,0.2,1.0,0.0
wilco,spiders (kidsmoke),0.0,0.8,0.8,0.2,1.0,0.2
the kooks,stormy weather,0.0,1.0,0.6,0.2,1.0,0.0
within temptation,hand of sorrow,0.0,1.0,0.8,0.4,0.8,0.6
bob dylan,visions of johanna,0.0,0.8,0.4,0.4,0.8,0.0
norah jones,cold cold heart,0.0,1.0,0.2,0.8,0.2,0.0
james blunt,out of my mind,0.0,1.0,0.6,0.4,0.8,0.2
rob zombie,superbeast,0.0,1.0,1.0,0.0,1.0,0.8
fever ray,triangle walks,0.0,1.0,0.6,0.0,0.2,1.0
metallica,no remorse,0.0,0.6,1.0,0.0,1.0,0.0
tapes 'n tapes,cowbell,0.0,0.6,0.8,0.2,1.0,0.0
in flames,reroute to remain,0.0,1.0,1.0,0.0,1.0,0.4
sufjan stevens,come on! feel the illinoise! - part i: the world's columbian exposition - part ii: carl sandburg visits me in a dream,0.0,1.0,0.6,0.8,0.4,0.2
black rebel motorcycle club,steal a ride,0.0,0.6,0.8,0.0,1.0,0.0
the smashing pumpkins,the everlasting gaze,0.0,1.0,1.0,0.0,1.0,0.2
manic street preachers,empty souls,0.0,1.0,0.6,0.2,0.8,0.6
tenacious d,hard fucking,0.0,1.0,1.0,0.0,1.0,0.0
david bowie,be my wife,0.0,0.8,0.6,0.4,0.8,0.2
the horrors,jack the ripper,0.0,0.4,0.8,0.2,1.0,0.0
bush,little things,0.0,0.8,0.8,0.0,1.0,0.0
the jesus and mary chain,taste the floor,0.0,0.2,0.8,0.0,1.0,0.0
dir en grey,merciless cult,0.0,0.8,1.0,0.0,1.0,0.0
digitalism,moonlight,0.0,1.0,0.8,0.0,0.2,1.0
slowdive,40 days,0.0,1.0,0.6,0.0,1.0,0.2
we are scientists,worth the wait,0.0,0.8,0.6,0.2,1.0,0.0
pulp,razzmatazz,0.0,0.8,0.6,0.4,0.8,0.6
morcheeba,everybody loves a loser,0.0,1.0,0.4,0.2,0.8,0.2
ted leo and the pharmacists,counting down the hours,0.0,0.8,0.8,0.2,1.0,0.0
róisín murphy,ruby blue,0.0,1.0,0.6,0.6,0.4,0.8
alice in chains,got me wrong,0.0,0.8,0.6,0.8,0.4,0.0
deerhoof,+81,0.0,0.8,0.8,0.4,0.8,0.2
cat power,ice water,0.0,0.4,0.8,0.4,1.0,0.0
cat power,in this hole,0.0,0.6,0.2,0.8,0.2,0.0
brand new,sic transit gloria...glory fades,0.0,1.0,0.8,0.0,1.0,0.0
pixies,letter to memphis,0.0,0.8,0.8,0.0,1.0,0.0
mando diao,ochrasy,0.0,1.0,0.4,0.8,0.4,0.0
the album leaf,thule,0.0,1.0,0.4,0.6,0.4,0.8
ratatat,mi viejo,0.0,1.0,0.6,0.0,0.8,0.8
elbow,some riot,0.0,1.0,0.4,0.8,0.2,0.0
alanis morissette,that i would be good,0.0,1.0,0.2,0.8,0.2,0.2
the 69 eyes,dance d'amour,0.0,0.8,0.6,0.2,0.8,0.4
the cure,one hundred years,0.0,0.8,0.8,0.2,0.8,0.4
pj harvey,man-size,0.0,0.6,1.0,0.0,1.0,0.0
britney spears,phonography,0.0,1.0,0.6,0.0,0.2,1.0
the presets,talk like that,0.0,1.0,1.0,0.0,0.2,1.0
whitesnake,the deeper the love,0.0,1.0,0.6,0.2,1.0,0.4
taking back sunday,twenty-twenty surgery,0.0,1.0,0.8,0.0,1.0,0.0
combichrist,get your body beat,0.0,0.8,1.0,0.0,0.2,1.0
belle and sebastian,my wandering days are over,0.0,0.6,0.4,0.8,0.4,0.0
soda stereo,en remolinos,0.0,1.0,0.8,0.2,1.0,0.4
disturbed,liberate,0.0,1.0,1.0,0.0,1.0,0.2
the libertines,tell the king,0.0,0.6,0.8,0.2,1.0,0.0
the libertines,tomblands,0.0,0.6,0.8,0.0,1.0,0.0
cat power,no sense,0.0,0.6,0.4,0.2,0.8,0.0
pantera,cemetary gates,0.0,1.0,0.8,0.0,1.0,0.0
crystal castles,through the hosiery,0.0,0.6,0.8,0.0,0.2,1.0
janis joplin,summertime,0.0,0.6,0.8,0.2,0.8,0.0
snow patrol,signal fire,0.0,1.0,0.8,0.2,1.0,0.2
guns n' roses,perfect crime,0.0,0.8,1.0,0.0,1.0,0.0
bran van 3000,drinking in l.a.,0.0,1.0,0.4,0.2,0.6,0.8
mando diao,the wildfire (if it was true),0.0,0.8,0.6,0.2,0.8,0.2
ratatat,dura,0.0,1.0,0.6,0.2,1.0,0.4
spiritualized,broken heart,0.0,1.0,0.4,0.8,0.4,0.2
him,endless dark,0.0,1.0,0.8,0.0,1.0,0.4
le tigre,eau d'bedroom dancing,0.0,0.6,0.4,0.0,0.4,1.0
bauhaus,ziggy stardust,0.0,0.8,0.8,0.0,1.0,0.0
at the gates,blinded by fear,0.0,1.0,1.0,0.0,1.0,0.0
spiritualized,i think i'm in love,0.0,1.0,0.8,0.4,0.8,0.4
wu-tang clan,clan in da front,0.0,0.6,0.6,0.2,0.4,0.0
placebo,something rotten,0.0,0.8,0.8,0.2,1.0,0.4
modest mouse,convenient parking,0.0,0.6,0.8,0.2,1.0,0.0
ride,vapour trail,0.0,0.8,0.6,0.4,1.0,0.0
broken social scene,blues for uncle gibb,0.2,0.6,0.4,0.2,0.8,0.2
justin timberlake,sexyback (feat. timbaland),0.0,1.0,0.8,0.0,0.4,1.0
adam green,carolina,0.0,0.8,0.4,0.8,0.4,0.0
10cc,dreadlock holiday,0.0,1.0,0.6,0.4,0.8,0.2
rammstein,stein um stein,0.0,1.0,0.8,0.0,1.0,0.4
air,bathroom girl,0.0,1.0,0.4,0.2,0.4,1.0
rammstein,spieluhr,0.0,1.0,0.8,0.2,1.0,0.6
within temptation,our farewell,0.0,1.0,0.4,0.8,0.2,0.4
paramore,miracle,0.0,1.0,0.8,0.0,1.0,0.0
bonobo,terrapin,0.0,0.8,0.4,0.8,0.4,0.6
the prodigy,world's on fire,0.0,1.0,1.0,0.0,0.2,1.0
shakira,día de enero,0.0,1.0,0.4,1.0,0.2,0.2
the presets,are you the one?,0.0,1.0,1.0,0.0,0.0,1.0
the white stripes,offend in every way,0.0,0.6,0.8,0.2,1.0,0.0
curtis mayfield,move on up,0.0,0.8,0.8,0.6,0.8,0.0
foals,red socks pugie,0.0,0.8,0.8,0.4,1.0,0.2
iio,is it love (radio edit),0.0,1.0,0.8,0.0,0.2,1.0
regina spektor,your honor,0.0,0.8,0.8,0.2,1.0,0.0
jackson and his computer band,tropical metal,0.0,1.0,0.8,0.0,0.4,1.0
wilco,forget the flowers,0.0,0.8,0.4,0.6,0.6,0.0
doves,words,0.0,1.0,0.8,0.2,1.0,0.4
giant drag,yflmd,0.0,0.8,0.8,0.0,1.0,0.2
secret machines,first wave intact,0.0,1.0,0.8,0.2,1.0,0.4
opeth,hours of wealth,0.0,1.0,0.2,0.4,0.8,0.4
eels,my beloved monster,0.0,0.8,0.6,0.2,1.0,0.0
black sabbath,changes,0.0,0.8,0.4,0.8,0.0,0.4
alanis morissette,right through you,0.0,1.0,0.8,0.0,1.0,0.0
alanis morissette,perfect,0.0,1.0,0.6,0.4,0.8,0.0
cat power,after it all,0.0,1.0,0.2,0.8,0.4,0.0
hot chocolate,you sexy thing,0.0,0.8,0.6,0.4,0.8,0.2
soilwork,the crestfallen,0.0,1.0,1.0,0.0,1.0,0.4
ashley tisdale,not like that,0.0,1.0,0.6,0.2,0.4,0.8
green day,st. jimmy,0.0,1.0,1.0,0.0,1.0,0.0
travis,pipe dreams,0.0,1.0,0.4,0.8,0.4,0.2
faith no more,everything's ruined,0.0,0.8,0.8,0.2,1.0,0.4
metric,white gold,0.0,1.0,0.6,0.2,0.8,0.6
hercules and love affair,this is my love,0.0,1.0,0.6,0.2,0.4,1.0
jack johnson,cookie jar,0.0,0.8,0.4,0.8,0.4,0.0
pendulum,out here,0.0,1.0,0.8,0.0,0.4,1.0
belle and sebastian,roy walker,0.0,1.0,0.6,0.4,0.8,0.4
the young knives,weekends and bleak days (hot summer),0.0,0.8,0.8,0.2,1.0,0.0
television,venus,0.0,0.8,0.6,0.2,1.0,0.0
bright eyes,from a balance beam,0.0,0.8,0.4,0.8,0.4,0.0
the futureheads,the beginning of the twist,0.0,0.8,0.8,0.0,1.0,0.0
the futureheads,the city is here for you to use,0.0,0.8,0.8,0.2,1.0,0.0
deerhunter,microcastle,0.0,0.8,0.4,0.2,0.8,0.2
why?,the hollows,0.0,0.8,0.6,0.6,0.6,0.2
incubus,when it comes,0.0,1.0,0.8,0.2,1.0,0.2
shout out louds,very loud,0.0,0.8,0.8,0.2,0.8,0.2
shiny toy guns,we are pilots,0.0,1.0,0.6,0.2,0.6,1.0
black sabbath,electric funeral,0.0,0.6,0.8,0.2,1.0,0.0
cocorosie,armageddon,0.0,0.6,0.4,0.6,0.2,0.4
saosin,you're not alone,0.0,1.0,0.8,0.0,1.0,0.0
boards of canada,happy cycling,0.0,0.8,0.4,0.0,0.2,1.0
slayer,epidemic,0.0,1.0,1.0,0.2,1.0,0.0
red hot chili peppers,aeroplane,0.0,1.0,0.8,0.2,1.0,0.0
marilyn manson,if i was your vampire,0.0,1.0,0.8,0.0,1.0,0.6
m.i.a.,come around (feat. timbaland),0.0,1.0,0.6,0.0,0.0,1.0
the beatles,rocky raccoon,0.0,0.8,0.4,0.8,0.2,0.0
nick drake,free ride,0.0,0.8,0.2,1.0,0.2,0.0
garbage,it's all over but the crying,0.0,1.0,0.6,0.4,0.8,0.4
john mayer,slow dancing in a burning room,0.0,1.0,0.4,0.2,0.8,0.0
múm,the ghosts you draw on my back,0.0,0.8,0.2,0.6,0.2,0.8
fergie,glamorous,0.0,1.0,0.4,0.0,0.2,1.0
the beatles,mean mr. mustard,0.0,1.0,0.4,0.2,0.8,0.0
yann tiersen,la valse des vieux os,0.0,0.6,0.4,1.0,0.0,0.0
katatonia,chrome,0.0,0.8,0.6,0.0,1.0,0.2
the rolling stones,dead flowers,0.0,0.8,0.4,0.6,0.6,0.0
emf,unbelievable,0.0,1.0,0.8,0.0,0.8,0.6
tenacious d,history,0.0,1.0,0.6,1.0,0.0,0.0
yann tiersen,l'autre valse d'amélie,0.0,1.0,0.4,1.0,0.0,0.0
andrew bird,armchairs,0.0,1.0,0.6,0.8,0.4,0.2
manic street preachers,if you tolerate this your children will be next,0.0,1.0,0.6,0.2,0.8,0.4
the verve,on your own,0.0,0.8,0.6,0.6,0.6,0.2
fever ray,now's the only time i know,0.0,1.0,0.4,0.0,0.2,1.0
stereophonics,superman,0.0,1.0,1.0,0.2,1.0,0.0
tool,triad,0.0,1.0,0.8,0.2,1.0,0.2
annie,me plus one,0.0,1.0,0.6,0.0,0.4,1.0
dido,all you want,0.0,1.0,0.4,0.6,0.4,0.6
charlotte gainsbourg,the operation,0.0,1.0,0.4,0.4,0.6,0.8
foo fighters,in your honor,0.0,1.0,1.0,0.0,1.0,0.0
metallica,...and justice for all,0.0,0.8,1.0,0.2,1.0,0.0
the strokes,ize of the world,0.0,0.8,0.8,0.2,1.0,0.0
matchbox twenty,3 am,0.0,1.0,0.6,0.2,0.8,0.0
róisín murphy,primitive,0.0,1.0,0.6,0.2,0.4,1.0
iron & wine,weary memory,0.0,0.4,0.2,1.0,0.2,0.0
mastodon,seabeast,0.0,0.8,1.0,0.0,1.0,0.0
aphex twin,bbydhyonchord,0.0,1.0,0.8,0.0,0.2,1.0
!!!,hello? is this thing on?,0.0,0.8,0.8,0.4,0.8,0.2
spandau ballet,true,0.0,1.0,0.4,0.2,0.8,0.6
dream theater,pull me under,0.0,1.0,0.8,0.0,1.0,0.4
at the gates,slaughter of the soul,0.0,0.8,1.0,0.0,1.0,0.0
rilo kiley,the good that won't come out,0.0,0.8,0.6,0.2,0.8,0.2
yo la tengo,return to hot chicken,0.0,0.8,0.4,0.2,1.0,0.0
yo la tengo,our way to fall,0.0,1.0,0.2,0.4,1.0,0.0
katatonia,burn the remembrance,0.0,1.0,0.8,0.2,1.0,0.4
electric six,dance commander,0.0,1.0,1.0,0.2,1.0,0.6
air,people in the city,0.0,1.0,0.6,0.4,0.8,1.0
ryan adams,two,0.0,1.0,0.4,0.8,0.4,0.0
nelly furtado,explode,0.0,0.8,0.6,0.6,0.4,0.4
rage against the machine,renegades of funk,0.0,1.0,1.0,0.0,1.0,0.0
elliott smith,good to go,0.0,0.4,0.2,1.0,0.0,0.0
slipknot,vermilion,0.0,1.0,1.0,0.2,1.0,0.2
the darkness,one way ticket,0.0,1.0,0.8,0.2,1.0,0.0
the darkness,knockers,0.0,1.0,0.8,0.0,1.0,0.0
boards of canada,in a beautiful place out in the country,0.0,1.0,0.4,0.0,0.2,1.0
cold war kids,hair down,0.0,0.8,0.8,0.2,1.0,0.0
the cure,the same deep water as you,0.0,1.0,0.4,0.2,0.8,0.6
red hot chili peppers,hey,0.0,1.0,0.6,0.2,1.0,0.0
razorlight,back to the start,0.0,0.8,0.6,0.2,0.8,0.0
bright eyes,method acting,0.0,0.8,0.8,0.4,0.8,0.0
bright eyes,landlocked blues,0.0,0.8,0.4,1.0,0.2,0.0
faith no more,land of sunshine,0.0,0.8,0.8,0.2,1.0,0.6
anton maiden,children of the damned,0.0,0.4,0.6,0.0,0.2,1.0
the flaming lips,what is the light?,0.0,1.0,0.8,0.2,0.6,0.8
orchestral manoeuvres in the dark,electricity,0.0,0.8,0.6,0.0,0.2,1.0
r.e.m.,at my most beautiful,0.0,1.0,0.2,0.8,0.4,0.2
elvis presley,blue suede shoes,0.0,0.6,0.6,0.4,0.8,0.0
a.c. newman,come crash,0.0,0.8,0.6,0.4,0.8,0.2
brandi carlile,the story,0.0,1.0,0.8,0.4,0.8,0.0
animal collective,turn into something,0.0,0.8,0.8,0.2,1.0,0.2
animal collective,we tigers,0.2,0.4,1.0,0.6,0.2,0.4
elvis presley,love me tender,0.0,0.8,0.2,1.0,0.0,0.0
death cab for cutie,the employment pages,0.0,0.6,0.4,0.2,0.8,0.2
evan rachel wood,it won't be long,0.0,1.0,0.8,0.2,0.8,0.0
dirty pretty things,if you love a woman,0.0,0.8,0.6,0.2,0.8,0.0
marilyn manson & the spooky kids,dope hat,0.0,0.8,0.8,0.2,1.0,0.6
sia,academia,0.0,1.0,0.4,0.8,0.2,0.2
neutral milk hotel,someone is waiting,0.0,0.4,0.6,0.8,0.4,0.0
the new pornographers,the fake headlines,0.0,0.8,0.6,0.2,0.8,0.2
prince,cream,0.0,1.0,0.6,0.2,0.8,0.6
ryan adams,come pick me up,0.0,0.8,0.6,0.6,0.6,0.0
the notwist,pick up the phone,0.0,1.0,0.4,0.4,0.4,0.8
björk,i see who you are,0.0,1.0,0.4,0.6,0.2,0.8
the white stripes,it's true that we love one another,0.0,0.6,0.4,1.0,0.0,0.0
ramones,pinhead,0.0,0.8,0.8,0.2,1.0,0.0
the dandy warhols,boys better,0.0,0.8,0.8,0.2,1.0,0.4
the vines,ride,0.0,0.8,0.8,0.0,1.0,0.0
the academy is...,checkmarks,0.0,0.8,0.8,0.0,1.0,0.0
the beatles,revolution 1,0.0,0.8,0.4,0.8,0.4,0.0
david bowie,the secret life of arabia,0.0,1.0,0.6,0.2,0.8,0.4
fiona apple,on the bound,0.0,1.0,0.8,0.8,0.4,0.2
van halen,right now,0.0,1.0,0.8,0.4,0.8,0.0
why?,fatalist palmistry,0.0,0.8,0.6,0.4,0.8,0.2
bright eyes,a perfect sonnet,0.0,0.6,0.6,0.8,0.4,0.0
katie melua,the closest thing to crazy,0.0,1.0,0.4,0.8,0.2,0.0
keane,on a day like today,0.0,0.8,0.6,0.6,0.4,0.4
the rolling stones,let's spend the night together,0.0,0.8,0.8,0.4,0.8,0.0
black rebel motorcycle club,whenever you're ready,0.0,0.8,0.8,0.2,1.0,0.0
the sounds,dance with me,0.0,0.8,0.8,0.2,0.8,0.8
james morrison,you give me something,0.0,1.0,0.6,0.8,0.4,0.0
queens of the stone age,six shooter,0.0,0.8,1.0,0.0,1.0,0.0
goldfrapp,eat yourself,0.0,1.0,0.4,0.6,0.2,0.6
tapes 'n tapes,crazy eights,0.0,0.6,0.6,0.2,0.8,0.0
björk,who is it,0.0,1.0,0.6,0.8,0.2,0.2
the holloways,generator,0.0,0.8,0.6,0.2,0.8,0.0
explosions in the sky,remember me as a time of day,0.0,0.6,0.2,0.2,1.0,0.0
orson,no tomorrow,0.0,1.0,0.6,0.2,0.8,0.2
rooney,when did your heart go missing?,0.0,1.0,0.8,0.2,0.8,0.2
creedence clearwater revisited,travelin' band,1.0,0.8,1.0,0.2,1.0,0.0
nick cave & the bad seeds,deanna,0.0,0.8,0.8,0.4,0.8,0.0
system of a down,suggestions,0.0,0.8,1.0,0.2,1.0,0.0
fujiya & miyagi,transparent things,0.0,1.0,0.4,0.0,0.8,0.6
system of a down,soil,0.0,0.8,1.0,0.2,1.0,0.0
hot chip,down with prince,0.0,0.6,0.4,0.0,0.2,1.0
art brut,moving to l.a.,0.0,0.6,0.6,0.2,1.0,0.0
the white stripes,the union forever,0.0,0.6,0.8,0.2,1.0,0.0
elliott smith,roman candle,0.0,0.4,0.6,0.8,0.4,0.0
anton maiden,wasting love,0.0,0.2,0.4,0.0,0.2,1.0
metallica,the shortest straw,0.0,0.8,1.0,0.0,1.0,0.0
deftones,minerva,0.0,1.0,0.8,0.0,1.0,0.2
antony and the johnsons,hitler in my heart,0.0,0.6,0.4,1.0,0.0,0.0
scissor sisters,kiss you off,0.0,1.0,0.8,0.2,0.4,1.0
jamiroquai,electric mistress,0.0,1.0,0.8,0.2,1.0,0.6
led zeppelin,ten years gone,0.0,0.8,0.6,0.2,1.0,0.0
yeah yeah yeahs,art star,0.0,0.4,1.0,0.2,1.0,0.0
camera obscura,i don't do crowds,0.0,0.8,0.4,0.2,0.8,0.2
rancid,time bomb,0.0,0.8,0.8,0.0,1.0,0.0
spoon,stay don't go,0.0,1.0,0.4,0.6,0.4,0.2
tv on the radio,shout me out,0.0,1.0,0.8,0.2,0.8,0.6
johnny cash,sam hall,0.0,0.8,0.6,0.8,0.2,0.0
abba,waterloo,0.0,1.0,0.8,0.6,0.6,0.2
mazzy star,bells ring,0.0,0.8,0.6,0.2,1.0,0.2
toploader,dancing in the moonlight,0.0,1.0,0.6,0.4,0.6,0.2
bangles,manic monday,0.0,1.0,0.6,0.2,0.8,0.4
katatonia,a premonition,0.0,0.8,0.8,0.0,1.0,0.4
cat power,colors and the kids,0.0,0.6,0.2,1.0,0.0,0.0
the hives,no pun intended,0.0,0.8,1.0,0.2,1.0,0.0
explosions in the sky,what do you go home to?,0.0,1.0,0.4,0.4,0.8,0.0
kt tunstall,miniature disasters,0.0,0.8,0.6,0.8,0.4,0.0
anna nalick,in the rough,0.0,1.0,0.6,0.8,0.4,0.0
the bird and the bee,again & again,0.0,1.0,0.4,0.2,0.4,1.0
crystal castles,tell me what to swallow,0.0,0.6,0.2,0.0,0.2,1.0
ratatat,bird priest,0.0,1.0,0.8,0.2,0.6,0.8
eels,susan's house,0.0,1.0,0.2,0.6,0.4,0.6
kanye west,big brother,0.0,1.0,0.6,0.0,0.2,1.0
mando diao,the new boy,0.0,0.8,0.6,0.2,0.8,0.0
the black angels,manipulation,0.0,0.6,0.8,0.2,1.0,0.0
the new pornographers,all the things that go to make heaven and earth,0.0,1.0,0.8,0.2,1.0,0.4
john frusciante,murderers,0.0,0.6,0.6,0.0,1.0,0.2
soundgarden,rusty cage,0.0,1.0,1.0,0.0,1.0,0.0
audioslave,broken city,0.0,1.0,0.8,0.0,1.0,0.0
avril lavigne,don't tell me,0.0,1.0,0.8,0.4,0.8,0.0
depeche mode,shine,0.0,1.0,0.4,0.2,0.2,1.0
blur,bank holiday,0.0,0.6,1.0,0.2,1.0,0.0
the faint,posed to death,0.0,0.8,0.8,0.0,0.6,1.0
john mayer,your body is a wonderland,0.0,1.0,0.4,0.6,0.4,0.0
inxs,devil inside,0.0,1.0,0.8,0.2,1.0,0.4
chromeo,bonafied lovin' (tough guys),0.0,1.0,0.6,0.0,0.4,1.0
the clash,the card cheat,0.0,1.0,0.8,0.6,0.8,0.0
red hot chili peppers,fortune faded,0.0,1.0,0.8,0.0,1.0,0.0
anathema,a natural disaster,0.0,0.8,0.4,0.2,0.8,0.4
santogold,l.e.s artistes,0.0,1.0,0.6,0.2,0.8,0.4
sufjan stevens,dear mr. supercomputer,0.0,0.8,0.8,0.8,0.4,0.2
sufjan stevens,chicago (acoustic version),0.0,0.8,0.4,1.0,0.0,0.0
machinae supremacy,attack music,0.0,0.8,1.0,0.0,1.0,0.8
charlotte gainsbourg,af607105,0.0,1.0,0.4,0.4,0.6,0.8
nouvelle vague,marian,0.0,1.0,0.2,1.0,0.2,0.2
digitalism,departure from cairo,0.0,1.0,0.8,0.0,0.2,1.0
rammstein,los,0.0,1.0,0.6,0.6,0.6,0.2
maroon 5,the sun,0.0,1.0,0.6,0.2,1.0,0.2
sneaker pimps,low place like home,0.0,1.0,0.4,0.2,0.6,1.0
alice in chains,heaven beside you,0.0,1.0,0.6,0.6,0.8,0.0
daughtry,it's not over,0.0,1.0,0.8,0.4,0.8,0.0
cocorosie,tekno love song,0.0,0.4,0.2,0.6,0.2,0.6
death cab for cutie,little fury bugs,0.0,0.6,0.4,0.2,0.8,0.0
the bravery,believe,0.0,1.0,0.8,0.2,0.8,0.6
the zutons,you will you won't,0.0,0.8,0.8,0.4,0.8,0.0
cocorosie,south 2nd,0.0,0.4,0.2,0.8,0.2,0.2
third eye blind,how's it going to be,0.0,1.0,0.6,0.4,0.8,0.0
mew,behind the drapes,0.0,0.6,0.4,0.2,0.8,0.2
esthero,wikked lil' grrrls,0.0,1.0,0.8,0.8,0.4,0.4
m.i.a.,sunshowers,0.0,0.8,0.6,0.2,0.2,1.0
cat power,naked if i want to,0.0,0.4,0.2,1.0,0.0,0.0
apocalyptica,the unforgiven,0.0,0.8,0.6,0.8,0.2,0.0
fall out boy,i've got a dark alley and a bad idea that says you should shut your mouth (summer song),0.0,1.0,0.4,0.2,0.8,0.0
boards of canada,triangles & rhombuses,0.0,0.8,0.4,0.0,0.2,1.0
texas,summer son,0.0,1.0,0.6,0.2,0.8,0.6
love is all,busy doing nothing,0.0,0.6,0.8,0.4,0.8,0.0
modest mouse,teeth like god's shoeshine,0.0,0.6,0.8,0.2,1.0,0.0
in flames,dawn of a new day,0.0,0.8,0.8,0.2,1.0,0.4
gang of four,return the gift,0.0,0.6,0.8,0.2,1.0,0.0
the subways,mary,0.0,0.8,0.8,0.2,1.0,0.0
modest mouse,lounge (closing time),0.0,0.6,0.8,0.2,1.0,0.0
system of a down,highway song,0.0,0.8,1.0,0.0,1.0,0.0
broken social scene,prison province,0.0,0.8,0.6,0.4,0.8,0.2
beulah,popular mechanics for lovers,0.0,0.8,0.4,0.6,0.6,0.0
blur,chinese bombs,0.0,0.8,0.8,0.0,1.0,0.0
velvet revolver,get out the door,0.0,1.0,0.8,0.0,1.0,0.0
alien ant farm,movies,0.0,1.0,0.8,0.0,1.0,0.0
the gathering,rescue me,0.0,1.0,0.6,0.2,0.8,0.6
jon brion,phone call,0.0,1.0,0.2,0.8,0.2,0.2
lcd soundsystem,thrills,0.0,0.8,0.8,0.2,0.8,0.8
howling bells,low happening,0.0,0.8,0.8,0.2,1.0,0.0
soilwork,light the torch,0.0,1.0,1.0,0.0,1.0,0.4
james blunt,cry,0.0,1.0,0.4,0.8,0.4,0.2
eddie vedder,the wolf,0.0,1.0,0.6,0.8,0.2,0.0
the radio dept.,why won't you talk about it?,0.0,0.6,0.6,0.0,0.8,0.6
gogol bordello,avenue b,0.0,0.6,0.6,0.8,0.4,0.0
the velvet underground,white light/white heat,0.0,0.4,0.8,0.2,1.0,0.0
queen,breakthru,0.0,1.0,0.8,0.2,0.8,0.4
röyksopp,miss it so much,0.0,1.0,0.4,0.4,0.2,0.8
frank sinatra,i've got you under my skin,0.0,1.0,0.6,1.0,0.2,0.0
tears for fears,pale shelter,0.0,1.0,0.6,0.0,0.6,0.8
sneaker pimps,post-modern sleaze,0.0,1.0,0.6,0.2,0.8,0.8
sufjan stevens,saul bellow,0.0,1.0,0.4,0.8,0.2,0.0
mstrkrft,street justice,0.0,1.0,0.8,0.0,0.4,1.0
jens lekman,pocketful of money,0.0,0.8,0.4,0.6,0.4,0.2
chemistry,grind for me,0.0,0.8,0.6,0.2,0.4,0.8
in flames,pacing death's trail,0.0,1.0,1.0,0.0,1.0,0.4
aesop rock,no regrets,0.0,0.8,0.6,0.0,0.2,0.8
david bowie,beauty and the beast,0.0,1.0,0.8,0.2,0.8,0.6
sufjan stevens,a good man is hard to find,0.0,0.8,0.4,1.0,0.2,0.0
funeral for a friend,all the rage,0.0,0.8,0.8,0.0,1.0,0.0
animal collective,winters love,0.0,0.6,0.4,1.0,0.0,0.0
christian death,spiritual cramp,0.0,0.4,0.6,0.2,1.0,0.0
mylo,destroy rock & roll,0.0,1.0,0.8,0.0,0.2,1.0
adam green,the prince's bed,0.0,0.8,0.4,0.8,0.4,0.0
dead kennedys,forward to death,0.0,0.4,1.0,0.2,1.0,0.0
garbage,cherry lips,0.0,1.0,0.8,0.2,0.6,0.8
marilyn manson & the spooky kids,lunchbox,0.0,0.6,0.8,0.0,1.0,0.4
friendly fires,jump in the pool,0.0,1.0,0.8,0.4,0.8,0.6
mindless self indulgence,tom sawyer,0.0,0.8,1.0,0.0,0.8,1.0
opeth,blackwater park,0.0,1.0,1.0,0.4,1.0,0.2
bonobo,kota,0.0,0.8,0.4,0.6,0.4,0.6
anna nalick,catalyst,0.0,1.0,0.6,0.4,0.8,0.2
roxy music,angel eyes,0.0,1.0,0.6,0.2,0.8,0.8
tool,ænima,0.0,1.0,1.0,0.0,1.0,0.0
architecture in helsinki,like it or not,0.0,0.8,0.6,0.4,0.8,0.4
queen,keep yourself alive,0.0,0.8,0.8,0.2,1.0,0.0
the cure,the end of the world,0.0,0.8,0.6,0.2,1.0,0.2
queen,i'm going slightly mad,0.0,1.0,0.4,0.2,0.6,0.6
goldfrapp,time out from the world,0.0,1.0,0.4,0.6,0.2,0.8
aphex twin,kladfvgbung micshk,0.0,0.6,0.6,0.0,0.2,1.0
bush,machinehead,0.0,1.0,0.8,0.0,1.0,0.0
this will destroy you,i believe in your victory,0.0,0.8,0.8,0.2,1.0,0.2
david bowie,breaking glass,0.0,0.8,0.6,0.2,0.8,0.6
moby,sunday (the day before my birthday),0.0,1.0,0.6,0.0,0.4,1.0
pj harvey,oh my lover,0.0,0.6,0.4,0.4,0.8,0.0
the subways,with you,0.0,0.8,0.8,0.0,1.0,0.0
zeigeist,fight with shattered mirrors,0.0,0.8,0.8,0.0,0.2,1.0
asobi seksu,i'm happy but you don't like me,0.0,0.6,0.8,0.2,1.0,0.4
red hot chili peppers,don't forget me,0.0,1.0,0.6,0.0,1.0,0.0
hot chip,playboy,0.0,0.6,0.4,0.0,0.4,0.8
joy division,ice age,0.0,0.6,0.8,0.0,1.0,0.0
something corporate,punk rock princess,0.0,1.0,0.8,0.4,0.8,0.0
kleerup,until we bleed (feat. lykke li),0.0,1.0,0.4,0.4,0.2,0.8
nouvelle vague,o pamela,0.0,1.0,0.4,0.8,0.2,0.0
children of bodom,mask of sanity,0.0,0.8,1.0,0.0,1.0,0.4
aesop rock,battery,0.0,0.8,0.8,0.0,0.4,0.8
children of bodom,needled 24/7,0.0,1.0,1.0,0.0,1.0,0.4
kanye west,barry bonds (feat. lil wayne),0.0,1.0,0.8,0.0,0.2,1.0
the doors,peace frog,0.0,0.8,0.6,0.2,1.0,0.0
black kids,look at me (when i rock wichoo),0.0,1.0,0.8,0.2,0.8,0.8
garbage,drive you home,0.0,1.0,0.4,0.4,0.4,0.8
bob marley,no woman no cry,1.0,0.8,0.6,0.4,0.8,0.0
the whitest boy alive,above you,0.0,0.8,0.4,0.4,0.8,0.2
misfits,astro zombies,0.0,0.6,0.8,0.0,1.0,0.0
sex pistols,problems,0.0,0.8,1.0,0.2,1.0,0.0
shakira,hips don't lie,0.0,1.0,0.8,0.4,0.2,0.8
the futureheads,alms,0.0,0.8,0.8,0.2,1.0,0.0
sting,shape of my heart,0.0,1.0,0.4,0.8,0.4,0.2
soilwork,stalemate,0.0,1.0,1.0,0.0,1.0,0.4
explosions in the sky,the moon is down,0.0,0.8,0.8,0.2,1.0,0.0
goldfrapp,slippage,0.0,1.0,0.6,0.0,0.4,1.0
avril lavigne,sk8er boi,0.0,1.0,0.8,0.0,1.0,0.2
nine inch nails,suck,0.0,0.8,1.0,0.0,1.0,0.8
opeth,reverie/harlequin forest,0.0,1.0,0.8,0.4,1.0,0.4
shakira,día especial (feat. gustavo cerati),0.0,1.0,0.6,0.4,0.8,0.2
black rebel motorcycle club,whatever happened to my rock and roll,0.0,0.8,1.0,0.0,1.0,0.0
taking back sunday,you're so last summer,0.0,0.8,0.8,0.2,1.0,0.0
elton john,saturday night's alright for fighting,0.0,0.8,1.0,0.4,1.0,0.0
animal collective,the softest voice,0.0,0.6,0.2,1.0,0.2,0.2
mystery jets,two doors down,0.0,1.0,0.6,0.4,0.8,0.4
hole,violet,0.0,0.8,1.0,0.0,1.0,0.0
brazilian girls,don't stop,0.0,1.0,0.8,0.2,0.6,0.8
ben folds,jesusland,0.0,1.0,0.4,0.8,0.4,0.0
system of a down,streamline,0.0,1.0,0.8,0.0,1.0,0.0
the pigeon detectives,i'm not sorry,0.0,0.8,0.8,0.2,1.0,0.0
garbage,as heaven is wide,0.0,1.0,0.8,0.0,0.8,0.8
metallica,orion,0.0,0.8,0.8,0.0,1.0,0.0
bush,everything zen,0.0,0.8,0.8,0.2,1.0,0.0
badly drawn boy,once around the block,0.0,0.8,0.4,0.6,0.4,0.0
pixies,brick is red,0.0,0.8,0.4,0.2,1.0,0.0
pakito,living on video,0.0,1.0,0.8,0.0,0.2,1.0
grizzly bear,lullabye,0.0,0.8,0.2,0.8,0.2,0.0
carcass,heartwork,0.0,1.0,1.0,0.0,1.0,0.0
moonsorrow,jumalten kaupunki / tuhatvuotinen perintö,0.0,0.8,1.0,0.4,1.0,0.4
kings of convenience,gold in the air of summer,0.0,1.0,0.2,1.0,0.0,0.0
nirvana,jesus doesn't want me for a sunbeam,1.0,1.0,0.4,1.0,0.0,0.0
joni mitchell,river,0.0,0.8,0.2,1.0,0.0,0.0
bat for lashes,what's a girl to do,0.0,0.8,0.6,0.4,0.6,0.4
the decemberists,song for myla goldberg,0.0,0.8,0.4,0.8,0.4,0.0
joseph arthur,in the sun,0.0,0.8,0.4,0.6,0.4,0.0
boards of canada,pete standing alone,0.0,0.8,0.4,0.0,0.2,1.0
incubus,new skin,0.0,0.8,0.8,0.0,1.0,0.2
mew,her voice is beyond her years,0.0,1.0,0.6,0.2,0.8,0.4
my bloody valentine,cupid come,0.0,0.6,0.8,0.2,1.0,0.0
soda stereo,hombre al agua,0.0,0.8,0.8,0.2,1.0,0.2
beck,lord only knows,0.0,1.0,0.6,0.4,0.8,0.2
misfits,night of the living dead,0.0,0.4,0.8,0.2,1.0,0.0
m.i.a.,hussel (feat. afrikan boy),0.0,0.8,0.8,0.2,0.2,1.0
tom vek,if you want,0.0,0.6,0.6,0.2,0.8,0.6
red hot chili peppers,soul to squeeze,0.0,1.0,0.4,0.4,0.8,0.0
oasis,a bell will ring,0.0,0.8,0.8,0.2,1.0,0.0
tenacious d,baby,0.2,0.6,0.4,0.8,0.2,0.0
the jimi hendrix experience,hey joe,0.0,0.8,0.8,0.2,1.0,0.0
moby,machete,0.0,0.6,1.0,0.2,1.0,0.2
ac/dc,let me put my love into you,0.0,1.0,0.8,0.0,1.0,0.0
caribou,barnowl,0.0,0.8,0.4,0.2,0.4,0.8
the radio dept.,we climb the wired fences,0.0,0.6,0.4,0.0,0.8,0.6
new young pony club,grey,0.0,1.0,0.6,0.2,0.8,0.8
metric,rock me now,0.0,0.8,0.8,0.2,0.8,0.6
peter bjorn and john,paris 2004,0.0,0.8,0.4,0.4,0.6,0.2
fischerspooner,everything to gain,0.0,1.0,0.6,0.2,0.6,1.0
lykke li,complaint department,0.0,0.8,0.4,0.2,0.4,0.8
radiohead,gagging order,0.0,0.4,0.2,1.0,0.0,0.0
gotan project,celos,0.0,1.0,0.6,0.8,0.4,0.6
metallica,mama said,0.0,1.0,0.6,0.8,0.4,0.0
morningwood,nth degree,0.0,1.0,0.8,0.2,1.0,0.2
amorphis,her alone,0.0,1.0,0.6,0.2,1.0,0.4
amorphis,the smoke,0.0,1.0,0.8,0.2,1.0,0.4
autolux,great days for the passenger element,0.0,1.0,0.8,0.2,1.0,0.0
white rose movement,love is a number,0.0,0.8,0.8,0.0,0.8,0.8
tokyo police club,juno,0.0,0.8,0.8,0.2,1.0,0.2
iron maiden,the pilgrim,0.0,1.0,0.8,0.0,1.0,0.0
the beatles,i wanna be your man,0.0,0.8,0.6,0.2,1.0,0.0
morcheeba,rome wasn't built in a day,0.0,1.0,0.4,0.2,0.8,0.4
whitesnake,looking for love,0.0,1.0,0.6,0.0,1.0,0.4
digitalism,jupiter room,0.0,1.0,1.0,0.0,0.0,1.0
yo la tengo,the race is on again,0.0,0.8,0.6,0.2,1.0,0.2
t.a.t.u.,not gonna get us,0.0,1.0,0.8,0.0,0.4,1.0
korn,dead bodies everywhere,0.0,1.0,1.0,0.0,1.0,0.2
whitesnake,slide it in,0.0,0.8,0.8,0.0,1.0,0.4
at the drive-in,arcarsenal,0.0,0.8,1.0,0.2,1.0,0.0
the beatles,honey pie,0.0,0.8,0.4,0.8,0.2,0.0
morcheeba,wonders never cease,0.0,1.0,0.4,0.8,0.4,0.2
mastodon,the wolf is loose,0.0,1.0,1.0,0.2,1.0,0.0
miles davis,all blues,0.0,1.0,0.4,1.0,0.0,0.0
ladyhawke,back of the van,0.0,1.0,0.6,0.2,0.6,0.8
backyard babies,heaven 2.9,0.0,0.8,1.0,0.0,1.0,0.0
midlake,branches,0.0,1.0,0.4,0.8,0.4,0.2
in flames,vanishing light,0.0,1.0,0.8,0.0,1.0,0.4
a flock of seagulls,i ran,0.0,1.0,0.6,0.0,0.8,1.0
queens of the stone age,hispanic impressions,0.0,0.8,0.4,0.8,0.2,0.0
bright eyes,down in a rabbit hole,0.0,0.8,0.6,0.2,0.4,0.8
jet,put your money where your mouth is,0.0,1.0,0.8,0.2,1.0,0.0
ensiferum,slayer of light,0.0,0.8,1.0,0.2,1.0,0.4
u2,love and peace or else,0.0,1.0,0.8,0.2,1.0,0.2
jimmy eat world,lucky denver mint,0.0,1.0,0.8,0.2,1.0,0.2
the black keys,set you free,0.0,0.6,0.8,0.2,1.0,0.0
charlotte gainsbourg,tel que tu es,0.0,1.0,0.4,0.8,0.2,0.4
65daysofstatic,radio protector,0.0,1.0,1.0,0.4,0.8,0.4
dj shadow,why hip hop sucks in '96,0.0,0.8,0.2,0.2,0.2,0.0
fischerspooner,wednesday,0.0,1.0,0.8,0.0,0.4,1.0
lykke li,melodies & desires,0.0,1.0,0.2,0.4,0.2,0.8
elliott smith,a question mark,0.0,0.8,0.6,0.4,0.8,0.0
grandaddy,chartsengrafs,0.0,0.8,0.4,0.0,0.2,1.0
adam green,musical ladders,0.0,0.8,0.6,0.6,0.4,0.0
the cribs,our bovine public,0.0,0.8,1.0,0.2,1.0,0.0
adam green,bunnyranch,0.0,0.8,0.4,0.8,0.2,0.0
adam green,country road,0.0,0.8,0.4,0.8,0.4,0.0
porcupine tree,hatesong,0.0,1.0,0.8,0.2,1.0,0.4
cat power,american flag,0.0,0.6,0.2,0.2,0.8,0.4
slayer,bloodline,0.0,0.8,1.0,0.0,1.0,0.0
feeder,just the way i'm feeling,0.0,1.0,0.8,0.4,0.8,0.2
pj harvey,o stella,0.0,0.6,0.8,0.2,1.0,0.0
pj harvey,the sky lit up,0.0,0.8,1.0,0.2,1.0,0.0
yo la tengo,deeper into movies,0.0,0.8,1.0,0.0,1.0,0.0
moby,rushing,0.0,1.0,0.4,0.2,0.4,0.8
ennio morricone,chi mai,0.0,1.0,0.4,0.8,0.2,0.4
björk,you've been flirting again,0.0,1.0,0.2,1.0,0.0,0.0
30 seconds to mars,oblivion,0.0,0.8,0.8,0.0,0.8,0.6
bob marley & the wailers,stir it up,0.0,0.8,0.4,0.4,0.8,0.0
the sounds,ego,0.0,1.0,0.8,0.2,0.6,0.8
opeth,weakness,0.0,1.0,0.2,0.2,0.4,0.8
of montreal,labyrinthian pomp,0.0,1.0,0.6,0.2,0.4,1.0
soilwork,black star deceiver,0.0,1.0,1.0,0.0,1.0,0.4
kamelot,march of mephisto,0.0,1.0,0.8,0.2,1.0,0.6
the radio dept.,1995,0.0,0.4,0.4,0.2,0.8,0.6
m83,can't stop,0.0,1.0,0.6,0.2,0.6,1.0
soilwork,no more angels,0.0,1.0,1.0,0.0,1.0,0.4
jewel,foolish games,0.0,1.0,0.4,1.0,0.2,0.0
animal collective,#1,0.0,1.0,0.6,0.2,0.2,1.0
ensiferum,guardians of fate,0.0,0.8,1.0,0.2,1.0,0.4
the dresden dolls,necessary evil,0.0,0.8,0.8,0.8,0.2,0.0
rooney,i'm shakin',0.0,0.8,0.6,0.2,0.8,0.2
cream,strange brew,0.0,0.8,0.6,0.2,1.0,0.0
fujiya & miyagi,conductor 71,0.0,1.0,0.6,0.0,0.8,0.8
born ruffians,hummingbird,0.0,0.8,0.6,0.2,0.8,0.0
joy division,something must break,0.0,0.8,0.6,0.2,1.0,0.0
cream,i feel free,0.0,0.8,0.6,0.2,1.0,0.0
bob marley & the wailers,easy skanking,0.0,1.0,0.4,0.2,1.0,0.0
elliott smith,angel in the snow,0.0,0.4,0.2,1.0,0.0,0.0
grateful dead,friend of the devil,0.0,0.8,0.4,1.0,0.2,0.0
uffie,ready to uff,0.0,0.8,0.8,0.0,0.2,1.0
the beatles,savoy truffle,0.0,0.8,0.8,0.6,0.8,0.0
robbie williams,let me entertain you,0.0,1.0,1.0,0.2,0.8,0.2
scorpions,no one like you,0.0,1.0,0.8,0.0,1.0,0.0
dragonette,i get around (midnight juggernauts remix),0.0,1.0,0.8,0.0,0.2,1.0
metallica,the god that failed,0.0,1.0,0.8,0.0,1.0,0.0
jimi hendrix,voodoo child (slight return),0.0,0.8,1.0,0.0,1.0,0.0
iamx,the negative sex,0.0,1.0,0.8,0.0,0.4,1.0
gomez,how we operate,0.0,1.0,0.6,0.6,0.8,0.0
hawkwind,d-rider,0.0,0.8,0.8,0.2,1.0,0.6
a.c. newman,most of us prizefighters,0.0,1.0,0.6,0.2,0.8,0.2
zero 7,you're my flame,0.0,1.0,0.6,0.4,0.8,0.6
pixies,silver,0.0,0.8,0.4,0.8,0.2,0.0
spoon,was it you?,0.0,1.0,0.4,0.2,0.8,0.2
ambulance ltd,primitive (the way i treat you),0.0,0.8,0.6,0.2,0.8,0.0
the used,blue and yellow,0.0,0.8,0.6,0.0,1.0,0.0
creedence clearwater revisited,lodi,1.0,0.8,0.6,0.2,1.0,0.0
interpol,scale,0.0,1.0,0.8,0.0,1.0,0.0
wilco,what light,0.0,1.0,0.4,0.4,0.8,0.0
deftones,elite,0.0,1.0,1.0,0.0,1.0,0.0
garbage,bleed like me,0.0,1.0,0.8,0.2,1.0,0.2
sophie ellis-bextor,murder on the dancefloor,0.0,1.0,0.8,0.2,0.4,1.0
the beatles,don't bother me,0.0,0.8,0.6,0.2,0.8,0.0
spoon,all the pretty girls go to the city,0.0,0.8,0.6,0.2,1.0,0.0
lamb,heaven,0.0,1.0,0.4,0.4,0.6,0.8
jamie t,if you got the money,0.0,0.8,0.6,0.6,0.6,0.0
belle and sebastian,women's realm,0.0,0.8,0.4,0.8,0.6,0.0
madonna,like it or not,0.0,1.0,0.8,0.4,0.2,1.0
belle and sebastian,dirty dream number two,0.0,0.8,0.6,0.6,0.6,0.0
bonobo,flutter,0.0,1.0,0.4,0.6,0.2,0.6
the verve,judas,0.0,0.8,0.6,0.2,1.0,0.0
the zombies,she's not there,0.0,0.8,0.4,0.2,0.8,0.0
black rebel motorcycle club,generation,0.0,0.8,0.8,0.2,1.0,0.0
rufus wainwright,gay messiah,0.0,1.0,0.4,0.8,0.4,0.0
the new pornographers,my rights versus yours,0.0,1.0,0.6,0.6,0.6,0.2
the black angels,the sniper at the gates of heaven,0.0,0.8,0.8,0.2,1.0,0.0
the academy is...,skeptics and true believers,0.0,0.8,0.8,0.2,1.0,0.0
the academy is...,almost here,0.0,0.8,0.6,0.2,1.0,0.0
bob marley,could you be loved,0.0,1.0,0.6,0.4,0.8,0.2
bright eyes,waste of paint,0.0,0.8,0.6,0.8,0.4,0.0
lamb of god,redneck,0.0,1.0,1.0,0.0,1.0,0.0
rufus wainwright,vibrate,0.0,1.0,0.4,0.8,0.2,0.2
the 69 eyes,feel berlin,0.0,1.0,0.8,0.0,1.0,0.2
pixies,alec eiffel,0.0,1.0,0.8,0.0,1.0,0.2
brand new,play crack the sky,0.0,1.0,0.2,1.0,0.0,0.0
iron maiden,brave new world,0.0,1.0,0.8,0.0,1.0,0.2
dead disco,the treatment (metronomy remix),0.0,1.0,0.6,0.0,0.2,1.0
turbonegro,all my friends are dead,0.0,1.0,1.0,0.2,1.0,0.0
fiona apple,carrion,0.0,1.0,0.4,0.8,0.2,0.0
the verve,weeping willow,0.0,1.0,0.6,0.2,0.8,0.0
jem,flying high,0.0,1.0,0.4,0.4,0.4,0.6
green day,she's a rebel,0.0,1.0,0.8,0.2,1.0,0.0
clark,herr bar,0.0,1.0,0.8,0.2,0.0,1.0
the decemberists,cocoon,0.0,0.8,0.4,0.8,0.4,0.0
elvis presley,always on my mind,0.0,1.0,0.4,0.8,0.4,0.0
the 69 eyes,angels,0.0,1.0,0.8,0.0,1.0,0.4
red hot chili peppers,the power of equality,0.0,1.0,0.8,0.2,1.0,0.0
red hot chili peppers,she looks to me,0.0,1.0,0.6,0.6,0.8,0.2
zz top,i got the six,0.0,1.0,0.8,0.0,1.0,0.4
shiny toy guns,waiting,0.0,1.0,0.8,0.0,0.8,0.8
boards of canada,rue the whirl,0.0,0.8,0.4,0.2,0.0,1.0
mando diao,if i leave you,0.0,0.8,0.6,0.2,0.8,0.2
cut chemist,the garden,0.0,1.0,0.6,0.6,0.6,0.4
incubus,oil and water,0.0,1.0,0.6,0.2,0.8,0.2
l7,pretend we're dead,0.0,1.0,0.8,0.0,1.0,0.0
killswitch engage,my last serenade,0.0,0.8,1.0,0.0,1.0,0.0
snow patrol,the planets bend between us,0.0,1.0,0.6,0.2,0.8,0.4
peaches,downtown,0.0,1.0,0.8,0.0,0.2,1.0
u2,original of the species,0.0,1.0,0.6,0.6,0.6,0.2
katatonia,increase,0.0,1.0,0.8,0.2,1.0,0.4
shout out louds,tonight i have to leave it,0.0,1.0,0.8,0.2,0.8,0.2
slowdive,here she comes,0.0,1.0,0.4,0.0,0.6,0.6
suede,the drowners,0.0,0.8,0.8,0.0,1.0,0.0
gorillaz,sound check (gravity),0.0,1.0,0.6,0.2,0.2,1.0
sublime,40 oz. to freedom,0.0,0.6,0.8,0.2,1.0,0.0
vnv nation,beloved,0.0,1.0,0.8,0.0,0.2,1.0
the hives,abra cadaver,0.0,0.8,1.0,0.2,1.0,0.0
hall & oates,maneater,0.0,1.0,0.6,0.2,0.6,0.8
amorphis,leaves scar,0.0,1.0,0.8,0.0,1.0,0.4
amorphis,perkele (the god of fire),0.0,1.0,0.8,0.2,1.0,0.4
the kinks,everybody's gonna be happy,0.0,0.6,0.8,0.2,1.0,0.0
soda stereo,de música ligera,0.0,1.0,0.8,0.0,1.0,0.0
sonic youth,bull in the heather,0.0,0.8,0.6,0.2,1.0,0.0
the avalanches,radio,0.0,1.0,0.6,0.4,0.6,0.8
justin timberlake,sexy ladies/let me talk to you (prelude),0.0,1.0,0.6,0.2,0.4,1.0
placebo,narcoleptic,0.0,1.0,0.6,0.2,1.0,0.4
the flaming lips,feeling yourself disintegrate,0.0,1.0,0.4,0.2,0.6,0.8
the flaming lips,haven't got a clue,0.0,1.0,0.8,0.2,0.8,0.6
depeche mode,somebody,0.0,1.0,0.4,0.8,0.0,0.4
nightwish,last of the wilds,0.0,1.0,0.8,0.8,0.6,0.4
nick drake,three hours,0.0,0.8,0.4,1.0,0.0,0.0
athlete,el salvador,0.0,0.8,0.6,0.2,0.8,0.4
phoenix,one time too many,0.0,1.0,0.6,0.2,0.8,0.4
hellogoodbye,call n' return,0.0,0.8,0.6,0.0,0.4,1.0
e.s. posthumus,nara,0.0,1.0,0.8,0.8,0.2,0.4
sonic youth,total trash,0.0,0.8,1.0,0.0,1.0,0.0
grits,ooh ahh,0.0,1.0,0.6,0.0,0.2,1.0
emma bunton,maybe,0.0,1.0,0.6,0.8,0.4,0.2
in flames,versus terminus,0.0,1.0,0.8,0.0,1.0,0.2
iron maiden,holy smoke,0.0,0.8,0.8,0.2,1.0,0.0
the chemical brothers,the private psychedelic reel,0.0,1.0,1.0,0.2,0.2,1.0
spoon,paper tiger,0.0,1.0,0.4,0.0,0.4,0.8
maná,oye mi amor,0.0,0.8,0.8,0.4,0.8,0.2
in flames,brush the dust away,0.0,1.0,0.8,0.0,1.0,0.4
sugarcult,memory,0.0,1.0,0.8,0.0,1.0,0.0
rise against,injection,0.0,0.8,1.0,0.0,1.0,0.0
the cinematic orchestra,into you,0.2,1.0,0.4,0.8,0.4,0.2
kasabian,l.s.f (lost souls forever),0.0,1.0,0.8,0.0,1.0,0.4
david guetta,baby when the light (feat. cozi),0.0,1.0,0.8,0.2,0.2,1.0
frank sinatra,fly me to the moon,0.0,1.0,0.6,1.0,0.2,0.0
okkervil river,black sheep boy,0.0,0.8,0.2,1.0,0.0,0.0
maxïmo park,karaoke plays,0.0,1.0,0.8,0.0,1.0,0.2
the black keys,when the lights go out,0.0,0.6,0.4,0.2,1.0,0.0
the notorious b.i.g.,machine gun funk,0.0,0.8,0.8,0.2,0.8,0.4
electric light orchestra part ii,turn to stone,0.8,0.8,0.8,0.4,0.8,0.8
mastodon,colony of birchmen,0.0,1.0,1.0,0.2,1.0,0.0
radiohead,i can't,0.0,0.8,0.6,0.2,0.8,0.0
radiohead,go slowly,0.0,1.0,0.4,0.2,0.8,0.2
!!!,break in case of anything,0.0,1.0,0.8,0.2,0.8,0.6
lacuna coil,our truth,0.0,1.0,1.0,0.2,1.0,0.4
sambassadeur,kate,0.0,0.8,0.6,0.2,0.8,0.4
madvillain,meat grinder,0.0,0.6,0.4,0.4,0.6,0.2
in flames,minus,0.0,1.0,1.0,0.0,1.0,0.2
the last shadow puppets,the chamber,0.0,1.0,0.8,0.6,0.8,0.0
red house painters,have you forgotten,0.0,0.8,0.2,1.0,0.0,0.0
sonic youth,tunic (song for karen),0.0,0.8,0.8,0.0,1.0,0.0
athlete,chances,0.0,1.0,0.6,0.8,0.4,0.4
love is all,ageing had never been his friend,0.0,0.6,0.8,0.4,0.8,0.0
jack johnson,drink the water,0.0,0.8,0.4,0.8,0.2,0.0
adele,make you feel my love,0.0,1.0,0.4,1.0,0.0,0.0
modest mouse,broke,0.0,0.6,0.8,0.2,1.0,0.0
these new puritans,elvis,0.0,0.8,0.6,0.0,0.6,0.8
jack's mannequin,la la lie,0.0,1.0,0.8,0.4,0.8,0.0
animal collective,visiting friends,0.0,0.4,0.4,1.0,0.2,0.0
slayer,seasons in the abyss,0.0,0.8,0.8,0.0,1.0,0.0
anberlin,godspeed,0.0,1.0,0.8,0.2,1.0,0.2
eagles of death metal,i want you so hard (boy's bad news),0.0,0.8,0.8,0.0,1.0,0.0
the 69 eyes,devils,0.0,1.0,0.8,0.0,1.0,0.2
bob marley,one love,0.0,1.0,0.4,0.2,0.8,0.0
fiona apple,oh well,0.0,1.0,0.6,0.4,0.8,0.0
adele,hometown glory,0.0,1.0,0.6,0.8,0.2,0.0
fatboy slim,wonderful night,0.0,1.0,0.8,0.2,0.4,1.0
amy winehouse,stronger than me,0.0,0.8,0.4,0.8,0.4,0.0
maroon 5,kiwi,0.0,1.0,0.8,0.0,1.0,0.4
massive attack,blue lines,0.0,0.8,0.4,0.2,0.4,1.0
the beatles,you really got a hold on me,0.0,0.8,0.4,0.4,0.8,0.0
the chameleons,swamp thing,0.0,0.8,0.8,0.0,1.0,0.4
kaiser chiefs,team mate,0.0,1.0,0.4,0.2,0.8,0.2
manic street preachers,faster,0.0,0.8,1.0,0.2,1.0,0.0
jeff buckley,everybody here wants you,0.0,1.0,0.4,0.2,0.8,0.2
arctic monkeys,cigarette smoke,0.0,0.8,0.8,0.0,1.0,0.0
the who,my wife,0.0,1.0,0.8,0.4,0.8,0.0
rage against the machine,down rodeo,0.0,1.0,0.8,0.0,1.0,0.0
reamonn,supergirl,0.0,1.0,0.6,0.8,0.6,0.2
broadcast,accidentals,0.0,0.8,0.4,0.2,0.6,0.8
mogwai,terrific speech 2,0.0,1.0,0.4,0.2,0.8,0.4
deep forest,sweet lullaby,0.0,1.0,0.4,0.4,0.2,1.0
van morrison,moondance,0.0,1.0,0.6,0.8,0.4,0.0
joy division,the only mistake,0.0,0.6,0.6,0.2,1.0,0.0
cream,crossroads,1.0,0.8,1.0,0.0,1.0,0.0
robots in disguise,the dj's got a gun,0.0,0.8,0.8,0.0,0.6,0.8
blink-182,feeling this,0.0,1.0,0.8,0.2,1.0,0.0
jackson and his computer band,headache,0.0,1.0,0.8,0.0,0.2,1.0
timbaland,release (feat. justin timberlake),0.0,1.0,0.8,0.0,0.2,1.0
cansei de ser sexy,left behind,0.0,0.8,0.8,0.2,0.8,0.4
thievery corporation,satyam shivam sundaram (feat. gunjan),0.0,1.0,0.4,0.6,0.4,0.8
ac/dc,given the dog a bone,0.0,1.0,1.0,0.2,1.0,0.0
mstrkrft,the looks,0.0,1.0,1.0,0.0,0.2,1.0
taking back sunday,a decade under the influence,0.0,0.8,0.8,0.0,1.0,0.0
taking back sunday,great romances of the 20th century,0.0,0.6,0.8,0.0,1.0,0.0
the beach boys,i know there's an answer,0.0,1.0,0.6,0.8,0.4,0.0
secret machines,the road leads where it's led,0.0,1.0,0.8,0.2,1.0,0.4
mötley crüe,dr. feelgood,0.0,1.0,1.0,0.0,1.0,0.2
ives larock,rise up,0.0,1.0,0.8,0.0,0.0,1.0
ladytron,flicking your switch,0.0,0.8,0.6,0.0,0.2,1.0
anton maiden,running free,0.0,0.2,0.6,0.0,0.2,1.0
anton maiden,the clairvoyant,0.0,0.2,0.6,0.2,0.0,1.0
johnny cash,first time ever i saw your face,0.0,1.0,0.2,1.0,0.2,0.0
deep purple,fireball,0.0,0.8,0.8,0.2,1.0,0.0
adam green,frozen in time,0.0,0.8,0.4,0.8,0.4,0.0
gnarls barkley,go-go gadget gospel,0.0,1.0,0.8,0.4,0.8,0.6
faith no more,ashes to ashes,0.0,1.0,0.8,0.2,1.0,0.4
faith no more,be aggressive,0.0,1.0,0.8,0.2,1.0,0.6
late of the pier,heartbeat,0.0,0.8,0.8,0.2,0.6,1.0
the darkness,is it just me?,0.0,1.0,0.8,0.0,1.0,0.0
travis,battleships,0.0,1.0,0.4,0.6,0.4,0.0
simian mobile disco,hotdog,0.0,1.0,0.8,0.0,0.0,1.0
...and you will know us by the trail of dead,it was there that i saw you,0.0,0.8,0.8,0.2,1.0,0.0
travis,eyes wide open,0.0,1.0,0.6,0.4,0.8,0.0
devendra banhart,this is the way,0.0,0.6,0.2,1.0,0.0,0.0
sting,desert rose,0.0,1.0,0.6,0.2,0.4,0.8
devendra banhart,now that i know,0.0,0.8,0.2,1.0,0.0,0.0
the smashing pumpkins,drown,0.0,0.8,0.8,0.2,1.0,0.0
led zeppelin,hats off to (roy) harper,0.0,0.4,0.4,1.0,0.0,0.0
bob sinclar,world hold on,0.0,1.0,0.8,0.2,0.4,1.0
led zeppelin,custard pie,0.0,0.8,0.8,0.0,1.0,0.0
opeth,the grand conjuration,0.0,1.0,0.8,0.2,1.0,0.4
johnny cash,in my life,0.0,1.0,0.4,0.8,0.2,0.0
the national,val jester,0.0,0.8,0.2,0.8,0.4,0.0
of montreal,faberge falls for shuggie,0.0,1.0,0.6,0.2,0.4,1.0
the decemberists,the bachelor and the bride,0.0,0.8,0.4,0.8,0.4,0.0
rage against the machine,vietnow,0.0,1.0,1.0,0.2,1.0,0.0
ozzy osbourne,bark at the moon,0.0,0.8,1.0,0.0,1.0,0.2
mötley crüe,home sweet home,0.0,1.0,0.8,0.4,0.8,0.2
the jackson 5,i want you back,0.0,1.0,0.8,0.6,0.8,0.0
yo la tengo,here comes my baby,0.0,0.8,0.4,0.8,0.2,0.0
eels,not ready yet,0.0,0.8,0.4,0.2,0.8,0.4
straylight run,existentialism on prom night,0.0,1.0,0.4,0.8,0.4,0.2
audioslave,heaven's dead,0.0,1.0,0.6,0.0,1.0,0.0
audioslave,moth,0.0,1.0,0.8,0.0,1.0,0.0
pearl jam,nothingman,0.0,0.8,0.4,0.4,0.8,0.0
audioslave,the worm,0.0,1.0,0.8,0.0,1.0,0.0
type o negative,green man,0.0,1.0,0.8,0.4,0.8,0.6
beck,already dead,0.0,1.0,0.2,0.8,0.2,0.0
ministry,just one fix,0.0,1.0,1.0,0.0,1.0,0.8
friendly fires,skeleton boy,0.0,1.0,0.8,0.4,0.6,0.8
lifehouse,sick cycle carousel,0.0,0.8,0.6,0.2,0.8,0.0
the gathering,eléanor,0.0,0.8,0.8,0.0,1.0,0.4
babyshambles,french dog blues,0.0,0.8,0.6,0.2,1.0,0.0
lamb,little things,0.0,1.0,0.8,0.4,0.2,1.0
the doors,take it as it comes,0.0,0.8,0.6,0.2,1.0,0.0
björk,vertebrae by vertebrae,0.0,1.0,0.8,0.6,0.2,0.8
belle and sebastian,the model,0.0,0.8,0.4,0.8,0.4,0.0
tv on the radio,satellite,0.0,0.6,0.6,0.2,0.6,0.8
black kids,i'm making eyes at you,0.0,0.8,0.6,0.2,0.8,0.6
korn,make me bad,0.0,1.0,0.8,0.2,1.0,0.2
fever ray,seven,0.0,1.0,0.6,0.0,0.2,1.0
bob dylan,masters of war,0.0,0.6,0.4,1.0,0.0,0.0
zero 7,today,0.0,1.0,0.4,0.4,0.6,0.8
oasis,to be where there's life,0.0,1.0,0.8,0.6,0.8,0.2
black flag,police story,0.0,0.4,1.0,0.0,1.0,0.0
kings of convenience,leaning against the wall,0.0,1.0,0.4,1.0,0.2,0.0
jamiroquai,runaway,0.0,1.0,0.8,0.4,0.6,0.8
rush,a passage to bangkok,0.0,0.8,0.6,0.2,1.0,0.0
bright eyes,soul singer in a session band,0.0,1.0,0.6,0.6,0.8,0.0
the last shadow puppets,black plant,0.0,1.0,0.4,0.8,0.4,0.0
late of the pier,the bears are coming,0.0,0.8,0.8,0.4,0.4,1.0
of montreal,will you come and fetch me,0.0,0.6,0.4,0.8,0.4,0.2
tegan and sara,come on,0.0,0.6,0.6,0.4,0.8,0.2
the knife,we share our mother's health,0.0,1.0,0.8,0.0,0.0,1.0
queen,flash,0.0,1.0,0.8,0.2,0.6,0.8
belle and sebastian,a space boy dream,0.0,0.8,0.4,0.6,0.6,0.2
incubus,a crow left of the murder,0.0,1.0,0.8,0.0,1.0,0.2
the doors,alabama song (whiskey bar),0.0,0.8,0.6,0.4,0.8,0.0
muse,shrinking universe,0.0,0.8,1.0,0.0,1.0,0.0
the stranglers,no more heroes,0.0,0.8,0.8,0.2,1.0,0.2
snow patrol,lifeboats,0.0,1.0,0.4,0.2,0.8,0.2
madonna,ray of light,0.0,1.0,0.8,0.0,0.4,1.0
cocorosie,bear hides and buffalo,0.0,0.4,0.2,0.8,0.2,0.2
chapterhouse,pearl,0.0,0.8,0.8,0.2,1.0,0.4
gorillaz,november has come (feat. mf doom),0.0,1.0,0.4,0.0,0.4,0.8
...and you will know us by the trail of dead,worlds apart,0.0,1.0,0.6,0.4,0.8,0.2
zz top,tv dinners,0.0,1.0,0.6,0.0,0.8,0.6
buggles,video killed the radio star,0.0,1.0,0.6,0.2,0.4,1.0
the strokes,evening sun,0.0,0.8,0.6,0.0,1.0,0.0
hadouken!,liquid lives,0.0,0.8,1.0,0.0,0.6,1.0
hadouken!,get smashed gate crash,0.0,0.8,1.0,0.0,0.6,1.0
morcheeba,blindfold,0.0,1.0,0.4,0.4,0.8,0.4
okkervil river,the latest toughs,0.0,0.8,0.8,0.4,0.8,0.0
pulp,monday morning,0.0,1.0,0.6,0.2,0.8,0.4
death cab for cutie,amputations,0.0,0.6,0.4,0.2,0.8,0.2
brand new,me vs. maradona vs. elvis,0.0,0.8,0.4,0.2,0.8,0.0
tv on the radio,love dog,0.0,1.0,0.4,0.2,0.4,0.8
depeche mode,clean,0.0,1.0,0.4,0.0,0.2,1.0
gary numan,metal,0.0,0.8,0.6,0.2,0.4,1.0
zero 7,if i can't have you,0.0,1.0,0.4,0.4,0.6,0.8
sunset rubdown,the mending of the gown,0.0,0.6,0.8,0.2,0.8,0.6
david gray,sail away,0.0,0.8,0.4,0.6,0.4,0.6
maxïmo park,by the monument,0.0,1.0,0.8,0.2,0.8,0.2
lou reed,andy's chest,0.0,0.8,0.4,0.2,0.8,0.0
sigur rós,sigur rós,0.0,0.6,0.6,0.2,0.8,0.6
radiohead,vegetable,0.0,0.6,0.8,0.0,1.0,0.0
misfits,halloween,0.0,0.4,0.8,0.2,1.0,0.0
the darkness,black shuck,0.0,1.0,1.0,0.0,1.0,0.0
sam sparro,21st century life,0.0,1.0,0.8,0.0,0.4,1.0
ane brun,to let myself go,0.0,1.0,0.4,0.8,0.2,0.0
thievery corporation,the outernationalist,0.0,1.0,0.6,0.4,0.6,0.8
sambassadeur,ice & snow,0.0,0.6,0.6,0.2,0.8,0.4
röyksopp,true to life,0.0,1.0,0.6,0.0,0.2,1.0
metallica,holier than thou,0.0,1.0,1.0,0.0,1.0,0.0
telefon tel aviv,fahrenheit fair enough,0.0,1.0,0.4,0.2,0.4,1.0
guillemots,made up love song #43,0.0,1.0,0.8,0.8,0.4,0.2
kate nash,birds,0.0,0.8,0.4,0.8,0.4,0.0
moby,7,0.0,1.0,0.6,0.2,0.4,1.0
black flag,spray paint,0.0,0.4,1.0,0.2,1.0,0.0
him,salt in our wounds,0.0,1.0,0.6,0.2,1.0,0.4
andrew bird,the supine,0.0,1.0,0.4,0.6,0.4,0.0
dragonette,i get around,0.0,1.0,0.8,0.0,0.2,1.0
the damned,neat neat neat,0.0,0.6,1.0,0.0,1.0,0.0
radiohead,scatterbrain,0.0,1.0,0.6,0.2,0.8,0.4
the jesus and mary chain,inside me,0.0,0.4,0.8,0.0,1.0,0.0
the faint,the conductor,0.0,1.0,0.8,0.2,0.8,1.0
elbow,the fix,0.0,1.0,0.4,0.8,0.4,0.2
tapes 'n tapes,omaha,0.0,0.6,0.6,0.2,0.8,0.0
morcheeba,ten men,0.0,1.0,0.4,0.6,0.4,0.4
pulp,mile end,0.0,0.8,0.4,0.8,0.6,0.2
dashboard confessional,vindicated,0.0,1.0,0.8,0.2,1.0,0.0
daft punk,high fidelity,0.0,0.8,0.8,0.0,0.2,1.0
architecture in helsinki,red turned white,0.0,0.8,0.6,0.6,0.8,0.2
disturbed,guarded,0.0,1.0,1.0,0.0,1.0,0.0
disturbed,just stop,0.0,1.0,1.0,0.0,1.0,0.0
bitter:sweet,the mating game,0.0,1.0,0.6,0.4,0.4,0.8
the smiths,unhappy birthday,0.0,1.0,0.4,0.2,0.8,0.2
matchbox twenty,all i need,0.0,1.0,0.6,0.4,0.8,0.2
kaiser chiefs,highroyds,0.0,1.0,0.8,0.2,1.0,0.0
joy division,sound of music,0.0,0.8,0.6,0.0,1.0,0.2
abc,the look of love,0.0,1.0,0.6,0.6,0.2,0.8
moloko,fun for me,0.0,0.8,0.6,0.2,0.4,1.0
aqualung,good times gonna come,0.0,1.0,0.4,0.8,0.4,0.2
jack johnson,middle man,0.0,0.8,0.4,0.8,0.4,0.0
deerhunter,octet,0.0,0.4,0.4,0.2,0.8,0.4
modest mouse,trailer trash,0.0,0.6,0.6,0.2,0.8,0.0
air,radio #1,0.0,1.0,0.6,0.0,0.8,1.0
staind,outside,1.0,0.8,0.6,1.0,0.0,0.0
rhapsody of fire,emerald sword,0.0,0.8,1.0,0.4,0.8,0.6
spoon,jonathon fisk,0.0,0.8,0.8,0.2,1.0,0.0
busy p,rainbow man,0.0,0.8,0.8,0.0,0.2,1.0
the kinks,dead end street,0.0,0.6,0.6,0.4,0.8,0.0
elliott smith,color bars,0.0,1.0,0.4,0.6,0.4,0.0
uffie,hot chick,,,,,,
bonobo,days to come (feat. bajka),0.0,1.0,0.4,0.4,0.6,0.4
rise against,drones,0.0,1.0,1.0,0.0,1.0,0.0
gotan project,una musica brutal,0.0,1.0,0.6,0.6,0.2,0.8
incubus,favorite things,0.0,1.0,0.8,0.2,1.0,0.2
josé gonzález,down the line,0.0,0.8,0.4,1.0,0.0,0.0
razorlight,pop song 2006,0.0,1.0,0.8,0.2,1.0,0.0
fleet foxes,oliver james,0.0,1.0,0.2,1.0,0.0,0.0
audioslave,man or animal,0.0,1.0,0.8,0.0,1.0,0.0
faith no more,a small victory,0.0,1.0,0.8,0.2,0.8,0.6
belle and sebastian,lord anthony,0.0,1.0,0.2,0.8,0.2,0.0
daft punk,the brainwasher,0.0,0.8,1.0,0.0,0.0,1.0
opeth,face of melinda (live at the roundhouse),1.0,0.8,0.8,0.6,0.8,0.2
jem,finally woken,0.0,1.0,0.6,0.2,0.4,0.8
red hot chili peppers,make you feel better,0.0,1.0,0.8,0.2,1.0,0.0
a perfect circle,annihilation,0.0,1.0,0.2,0.2,0.0,0.6
elliott smith,condor ave.,0.0,0.4,0.4,0.8,0.2,0.0
ellen allien & apparat,leave me alone,0.0,1.0,0.6,0.0,0.0,1.0
rush,far cry,0.0,1.0,1.0,0.0,1.0,0.0
sara bareilles,bottle it up,0.0,1.0,0.6,0.8,0.4,0.2
kelly clarkson,gone,0.0,1.0,0.8,0.2,0.8,0.2
tenacious d,beelzeboss (the final showdown),0.0,1.0,1.0,0.4,1.0,0.0
the maccabees,about your dress,0.0,0.8,0.8,0.2,1.0,0.0
lamb,god bless,0.0,1.0,0.4,0.4,0.4,1.0
janis joplin,mercedes benz,0.0,0.8,0.6,1.0,0.0,0.0
the beatles,everybody's got something to hide except me and my monkey,0.0,0.8,1.0,0.2,1.0,0.0
pixies,rock music,0.0,1.0,1.0,0.0,1.0,0.0
the jesus and mary chain,the living end,0.0,0.4,1.0,0.0,1.0,0.0
white lies,to lose my life,0.0,1.0,0.8,0.0,1.0,0.4
sia,i go to sleep,0.0,1.0,0.4,1.0,0.2,0.0
the flaming lips,approaching pavonis mons by balloon (utopia planitia),0.0,1.0,0.8,0.2,0.6,0.8
the smashing pumpkins,spaceboy,0.0,1.0,0.4,0.8,0.2,0.4
the smashing pumpkins,love,0.0,1.0,0.8,0.2,1.0,0.2
bad brains,pay to cum,,,,,,
bruce springsteen,born in the u.s.a.,0.0,1.0,1.0,0.0,0.6,0.8
the 69 eyes,betty blue,0.0,0.8,0.6,0.0,1.0,0.2
madonna,don't tell me,0.0,1.0,0.6,0.4,0.2,0.8
ben folds,zak and sara,0.0,1.0,0.8,0.6,0.6,0.2
final fantasy,furniture,0.2,0.6,0.4,0.8,0.2,0.0
fiona apple,i know,0.0,1.0,0.4,1.0,0.2,0.0
bob marley & the wailers,i shot the sheriff,0.0,0.8,0.4,0.2,1.0,0.0
saves the day,anywhere with you,0.0,1.0,0.8,0.2,1.0,0.0
glasvegas,it's my own cheating heart that makes me cry,0.0,1.0,0.8,0.0,1.0,0.0
asobi seksu,walk on the moon,0.0,0.6,0.6,0.2,1.0,0.2
system of a down,thetawaves,0.0,0.8,1.0,0.0,1.0,0.0
björk,sun in my mouth,0.0,1.0,0.2,0.8,0.0,0.2
dream theater,another day,0.0,1.0,0.6,0.4,0.6,0.4
matthew dear,don and sherri,0.0,1.0,0.6,0.0,0.0,1.0
wu-tang clan,c.r.e.a.m.,0.0,0.6,0.4,0.6,0.2,0.2
taking back sunday,my blue heaven,0.0,1.0,0.8,0.0,1.0,0.0
garbage,dog new tricks,0.0,1.0,0.8,0.0,0.8,0.6
alanis morissette,mary jane,0.0,1.0,0.6,0.4,0.6,0.2
green day,letterbomb,0.0,1.0,0.8,0.0,1.0,0.0
green day,good riddance (time of your life),0.0,1.0,0.4,1.0,0.2,0.0
madness,baggy trousers,0.0,0.8,0.6,0.4,0.8,0.0
against me!,walking is still honest,0.0,0.6,1.0,0.2,1.0,0.0
deep purple,black night,0.0,0.8,0.8,0.0,1.0,0.0
gogol bordello,dogs were barking,0.0,0.8,0.8,0.8,0.6,0.0
the magic numbers,long legs,0.0,0.8,0.6,0.4,0.8,0.0
starsailor,four to the floor,0.0,1.0,0.6,0.4,0.8,0.2
kt tunstall,stoppin' the love,0.0,1.0,0.6,0.8,0.4,0.0
blur,girls and boys,0.0,1.0,0.8,0.0,0.6,0.8
blur,good song,0.0,1.0,0.4,0.6,0.2,0.4
opeth,a fair judgement,0.0,1.0,0.8,0.4,0.8,0.0
stars,bitches in tokyo,0.0,1.0,0.6,0.2,0.8,0.6
the sounds,rock 'n roll,0.0,0.8,0.8,0.0,0.8,0.6
the verve,valium skies,0.0,1.0,0.6,0.2,0.8,0.4
mogwai,scotland's shame,0.0,1.0,0.8,0.2,1.0,0.4
the horrors,she is the new thing,0.0,0.6,0.8,0.2,1.0,0.2
adam green,salty candy,0.0,0.8,0.4,0.8,0.4,0.2
corinne bailey rae,call me when you get this,0.0,1.0,0.4,0.4,0.6,0.0
the raveonettes,the christmas song,0.0,0.8,0.6,0.2,1.0,0.2
soda stereo,nada personal,0.0,0.8,0.6,0.2,0.8,0.6
mindless self indulgence,1989,0.0,0.8,1.0,0.0,0.8,1.0
cat power,he turns down,0.0,0.6,0.4,0.2,0.8,0.0
the libertines,radio america,0.0,0.6,0.2,0.8,0.4,0.0
the who,sparks,0.0,0.8,0.8,0.4,1.0,0.0
nine inch nails,leaving hope,0.0,1.0,0.2,0.8,0.0,0.4
mateo messina,up the spout,0.0,1.0,0.4,0.8,0.2,0.2
zz top,dirty dog,0.0,1.0,0.8,0.0,1.0,0.6
anathema,release,0.0,1.0,0.6,0.2,0.8,0.6
cat power,(i can't get no) satisfaction,0.0,0.6,0.2,0.0,0.8,0.0
dark tranquillity,misery's crown,0.0,1.0,1.0,0.0,1.0,0.4
cat power,baby doll,0.0,0.8,0.4,0.6,0.4,0.0
incubus,nowhere fast,0.0,1.0,0.8,0.0,1.0,0.2
motion city soundtrack,everything is alright,0.0,1.0,0.8,0.0,1.0,0.6
against me!,pints of guinness make you strong,0.0,0.6,0.8,0.0,1.0,0.0
linkin park,pushing me away,0.0,1.0,0.8,0.2,1.0,0.4
the beach boys,don't worry baby,0.0,1.0,0.4,0.4,0.8,0.0
amon amarth,death in fire,0.0,0.8,1.0,0.0,1.0,0.0
gorillaz,5/4,0.0,0.8,0.8,0.2,1.0,0.4
moonspell,opium,0.0,0.8,0.8,0.2,1.0,0.4
the raconteurs,old enough,0.0,1.0,0.8,0.6,0.6,0.0
babyshambles,there she goes,0.0,0.4,0.6,0.2,0.8,0.0
iron maiden,the wicker man,0.0,1.0,1.0,0.0,1.0,0.0
morcheeba,living hell,0.0,0.8,0.6,0.4,0.8,0.2
maxïmo park,russian literature,0.0,0.8,0.8,0.2,1.0,0.2
cyndi lauper,girls just wanna have fun,0.0,1.0,0.8,0.2,0.8,0.8
mastodon,crystal skull,0.0,1.0,1.0,0.0,1.0,0.0
midlake,van occupanther,0.0,1.0,0.6,0.6,0.6,0.4
alicia keys,if i ain't got you,0.0,1.0,0.4,0.8,0.4,0.0
múm,sing me out the window,0.0,0.8,0.4,0.6,0.2,0.6
the knife,we share our mother's health (ratatat remix),0.0,1.0,0.8,0.0,0.6,1.0
ryan adams,everybody knows,0.0,1.0,0.4,0.6,0.4,0.0
patti smith,free money,0.0,0.6,0.8,0.4,0.8,0.0
red hot chili peppers,porcelain,0.0,1.0,0.2,0.2,0.8,0.2
mogwai,mogwai fear satan,0.0,0.8,1.0,0.2,1.0,0.0
autolux,here comes everybody,0.0,0.8,0.8,0.2,1.0,0.2
massive attack,be thankful for what you've got,0.0,1.0,0.4,0.2,0.6,0.8
bauhaus,stigmata martyr,0.0,0.6,0.8,0.2,1.0,0.0
dio,rainbow in the dark,0.0,1.0,0.8,0.2,1.0,0.6
saint etienne,only love can break your heart,0.0,0.8,0.6,0.2,0.4,1.0
lustra,scotty doesn't know,0.0,0.8,0.8,0.0,1.0,0.0
kiss,strutter,0.0,0.6,0.8,0.2,1.0,0.0
riverside,i turned you down,0.0,1.0,0.6,0.6,0.6,0.2
agalloch,in the shadow of our pale companion,0.0,0.8,0.6,0.6,0.8,0.2
within temptation,the howling,0.0,1.0,0.8,0.2,0.8,0.6
kinobe,slip into something more comfortable,0.0,1.0,0.4,0.6,0.2,0.8
le tigre,i'm so excited,0.0,1.0,0.8,0.0,0.6,1.0
journey,don't stop believin',0.0,1.0,0.8,0.4,0.8,0.2
fischerspooner,happy,0.0,1.0,0.8,0.0,0.4,1.0
fujiya & miyagi,photocopier,0.0,0.8,0.4,0.2,0.8,0.8
whitesnake,slow an' easy,0.0,0.8,0.8,0.2,1.0,0.2
joni mitchell,california,0.0,1.0,0.6,0.8,0.4,0.0
the verve,numbness,0.0,0.8,0.6,0.2,0.8,0.4
agalloch,kneel to the cross,0.0,0.6,0.8,0.4,0.8,0.0
turisas,battle metal,0.0,0.8,1.0,0.2,1.0,0.4
t. rex,cosmic dancer,0.0,1.0,0.4,0.8,0.4,0.0
rise against,ready to fall,0.0,1.0,1.0,0.0,1.0,0.0
him,beautiful,0.0,1.0,0.2,0.8,0.4,0.4
fischerspooner,l.a. song,0.0,1.0,0.6,0.2,0.8,1.0
bob dylan,desolation row,0.0,0.8,0.4,1.0,0.0,0.0
the chemical brothers,where do i begin,0.0,1.0,0.8,0.4,0.2,1.0
65daysofstatic,another code against the gone,0.0,0.8,1.0,0.0,0.8,0.8
65daysofstatic,await rescue,0.0,0.8,1.0,0.0,0.8,0.6
the russian futurists,paul simon,0.0,0.4,0.2,0.0,0.4,1.0
paolo nutini,these streets,0.0,0.8,0.4,0.8,0.4,0.0
sufjan stevens,vito's ordination song,0.0,0.6,0.2,0.8,0.2,0.4
shakira,animal city,0.0,1.0,0.6,0.2,0.6,0.2
sneaker pimps,walking zero,0.0,0.8,0.4,0.2,0.6,0.6
the knife,marble house (rex the dog remix),0.0,1.0,0.6,0.0,0.2,1.0
sum 41,pieces,0.0,0.8,0.6,0.2,0.8,0.0
in flames,drifter,0.0,0.8,1.0,0.0,1.0,0.2
madvillain,accordion,0.0,0.4,0.2,0.6,0.0,0.0
sugababes,in the middle,0.0,1.0,0.6,0.0,0.4,1.0
incubus,clean,0.4,0.8,0.8,0.0,1.0,0.2
the knife,marble house (booka shade remix),0.0,1.0,0.6,0.0,0.0,1.0
in flames,colony,0.0,0.8,1.0,0.0,1.0,0.2
the sisters of mercy,lucretia my reflection,0.0,0.8,0.8,0.0,1.0,0.4
dido,slide,0.2,0.8,0.2,0.6,0.4,0.6
incubus,circles,0.8,0.6,0.6,0.2,0.8,0.2
röyksopp,tricky tricky,0.0,1.0,0.6,0.0,0.2,1.0
dave matthews band,crash into me,0.6,0.4,0.4,1.0,0.4,0.0
dido,don't believe in love,0.0,0.8,0.2,0.4,0.4,0.6
pj harvey,rub 'til it bleeds,0.6,0.2,1.0,0.0,1.0,0.0
nightwish,astral romance,0.0,0.6,0.8,0.2,0.8,0.8
dirty pretty things,wondering,0.4,0.6,0.6,0.2,0.8,0.0
slipknot,opium of the people,0.0,0.8,1.0,0.0,1.0,0.2
the streets,don't mug yourself,0.0,0.6,0.6,0.0,0.0,0.8
death cab for cutie,the face that launched 1000 shits,0.0,0.4,0.4,0.2,0.8,0.0
cat power,back of your head,0.0,0.4,0.2,0.6,0.4,0.0
cat power,hate,0.0,0.6,0.2,0.8,0.2,0.0
tapes 'n tapes,just drums,0.0,0.4,0.8,0.0,0.8,0.0
the cribs,you were always the one,0.2,0.4,0.8,0.0,1.0,0.0
nine inch nails,another version of the truth,0.0,1.0,0.6,0.2,0.2,1.0
jamiroquai,starchild,0.0,0.8,0.6,0.0,0.6,0.8
mr. scruff,get a move on,0.0,0.8,0.6,0.2,0.2,0.4
the cure,inbetween days,0.0,0.8,0.6,0.0,0.8,0.4
klaxons,atlantis to interzone (crystal castles remix),0.0,0.6,1.0,0.0,0.2,1.0
anathema,flying,0.0,0.8,0.4,0.2,0.8,0.6
acceptance,breathless,0.0,0.8,0.6,0.2,1.0,0.2
opeth,isolation years,0.0,1.0,0.4,0.8,0.4,0.4
daft punk,rollin' & scratchin',0.0,0.8,1.0,0.0,0.0,1.0
my chemical romance,the jetset life is gonna kill you,0.0,1.0,0.8,0.0,1.0,0.0
ratatat,desert eagle,0.0,0.8,0.6,0.0,0.8,1.0
kt tunstall,under the weather,0.0,0.8,0.4,0.6,0.4,0.2
foo fighters,ballad of the beaconsfield miners,0.0,0.6,0.2,1.0,0.0,0.0
porcupine tree,mellotron scratch,0.0,1.0,0.6,0.2,0.8,0.6
deep dish,flashdance,0.0,1.0,0.8,0.0,0.8,1.0
nouvelle vague,friday night saturday morning,0.2,0.6,0.2,1.0,0.2,0.2
apparat,birds,0.0,0.8,0.4,0.2,0.4,1.0
mokoma,kuu saa valtansa auringolta,0.0,0.8,1.0,0.0,1.0,0.0
tom tom club,wordy rappinghood,0.2,0.8,0.6,0.4,0.8,0.8
tapes 'n tapes,in houston,0.0,0.4,0.6,0.2,0.8,0.0
eels,beautiful freak,0.0,0.8,0.4,0.6,0.2,0.2
katie melua,spider's web,0.0,0.8,0.2,1.0,0.0,0.0
antony and the johnsons,atrocities,0.0,0.8,0.4,0.8,0.0,0.0
garbage,cup of coffee,0.0,1.0,0.4,0.2,0.2,0.8
soilwork,mindfields,0.0,0.8,1.0,0.0,1.0,0.2
ben harper,another lonely day,0.0,0.4,0.2,1.0,0.0,0.0
taking back sunday,miami,0.0,0.8,0.8,0.0,1.0,0.0
kraftwerk,pocket calculator,0.0,0.8,0.2,0.0,0.0,1.0
janet jackson,feedback,0.0,1.0,0.6,0.0,0.2,1.0
chromeo,tenderoni,0.0,1.0,0.6,0.0,0.6,1.0
tom waits,diamonds & gold,0.0,0.4,0.4,1.0,0.2,0.0
goldfrapp,monster love,0.0,1.0,0.2,0.2,0.2,1.0
glen hansard & markéta irglová,when your mind's made up,0.8,0.4,0.8,1.0,0.2,0.0
sentenced,excuse me while i kill myself,0.0,0.8,1.0,0.0,1.0,0.2
hercules and love affair,easy,0.0,1.0,0.6,0.0,0.2,1.0
nas/scarface,in between us,0.0,0.8,0.6,0.2,0.2,0.2
nick drake,cello song,0.6,0.4,0.2,1.0,0.0,0.0
queens of the stone age,skin on skin,0.2,0.8,0.8,0.0,1.0,0.0
van halen,when it's love,0.2,1.0,0.6,0.0,0.8,0.8
wolfmother,joker and the thief,0.0,0.8,1.0,0.0,1.0,0.2
phoenix,courtesy laughs,0.0,0.8,0.4,0.2,0.6,0.6
unkle,chemistry,0.0,1.0,0.6,0.2,0.4,1.0
onerepublic,all fall down,0.0,0.8,0.4,0.8,0.2,0.2
andrew w.k.,ready to die,0.0,1.0,1.0,0.0,1.0,0.4
van halen,best of both worlds,0.0,1.0,0.8,0.0,1.0,0.4
system of a down,vicinity of obscenity,0.0,0.8,1.0,0.0,1.0,0.0
justice,d.a.n.c.e,0.0,1.0,0.6,0.0,0.2,1.0
avenged sevenfold,seize the day,0.0,0.8,0.6,0.4,0.8,0.0
dave brubeck,take five,0.0,0.6,0.2,1.0,0.0,0.0
cabaret voltaire,sensoria,0.0,0.6,0.6,0.0,0.2,1.0
keane,try again,0.0,0.8,0.2,0.6,0.0,0.4
ac/dc,shake a leg,0.2,0.8,1.0,0.0,1.0,0.0
katatonia,sweet nurse,0.0,0.8,0.6,0.0,0.8,0.2
the clash,what's my name,0.4,0.4,0.8,0.0,1.0,0.0
the clash,wrong 'em boyo,0.0,0.6,0.4,0.2,0.6,0.0
pj harvey,rid of me,0.0,0.4,1.0,0.0,1.0,0.0
jimi hendrix,stone free,0.0,0.4,0.8,0.0,1.0,0.0
minor threat,screaming at a wall,0.0,0.2,1.0,0.0,1.0,0.0
a perfect circle,when the levee breaks,0.0,1.0,0.6,0.0,0.6,1.0
lemon jelly,ramblin' man,0.0,1.0,0.2,0.6,0.2,0.8
bright eyes,easy/lucky/free,0.0,0.8,0.4,0.4,0.4,0.8
the darkness,growing on me,0.0,1.0,0.8,0.0,1.0,0.2
the avalanches,two hearts in 3/4 time,0.0,1.0,0.2,0.6,0.2,0.4
agonoize,sacrifice,0.0,0.8,1.0,0.0,0.0,1.0
nina simone,don't let me be misunderstood,0.0,0.6,0.6,1.0,0.0,0.0
silverchair,ana's song (open fire),0.0,0.8,0.8,0.2,1.0,0.0
the killers,tranquilize (feat. lou reed),0.0,0.8,0.6,0.2,0.8,0.4
ac/dc,high voltage,0.0,0.6,1.0,0.0,1.0,0.0
elvis presley,don't be cruel,0.0,0.4,0.4,0.6,0.4,0.0
audioslave,yesterday to tomorrow,0.0,0.6,0.8,0.0,1.0,0.0
iamx,your joy is my low,0.0,1.0,0.8,0.0,0.2,1.0
after forever,intrinsic,0.0,0.8,0.6,0.2,0.8,0.6
pearl jam,state of love and trust,0.0,0.4,1.0,0.0,1.0,0.0
mando diao,to china with love,0.0,0.6,0.6,0.4,0.8,0.0
god is an astronaut,fire flies and empty skies,0.0,0.8,0.6,0.2,0.8,0.6
stars,celebration guns,0.0,0.8,0.4,0.6,0.4,0.2
johnny cash,cocaine blues,1.0,0.4,0.8,0.4,0.8,0.0
thievery corporation,the cosmic game,0.0,1.0,0.4,0.4,0.2,1.0
incubus,echo,0.0,0.8,0.6,0.4,0.8,0.2
amorphis,the way,0.0,0.6,0.8,0.2,1.0,0.4
the bravery,give in,0.0,0.8,0.4,0.2,0.6,0.6
soundgarden,blow up the outside world,0.0,0.8,0.6,0.4,0.8,0.0
beastie boys,sure shot,0.0,0.8,0.6,0.0,0.2,0.4
incubus,here in my room,0.0,1.0,0.4,0.4,0.6,0.8
the zutons,zuton fever,0.0,0.6,0.6,0.2,0.8,0.0
norah jones,nightingale,0.0,0.6,0.2,1.0,0.0,0.0
norah jones,feelin' the same way,0.0,0.6,0.4,0.8,0.2,0.0
ladytron,season of illusions,0.0,1.0,0.8,0.0,0.2,1.0
the new pornographers,the slow descent into alcoholism,0.0,0.8,0.8,0.2,0.8,0.4
lcd soundsystem,beat connection,0.2,0.6,0.6,0.2,0.4,0.8
the chemical brothers,shake break bounce,0.0,1.0,1.0,0.0,0.2,1.0
the chemical brothers,the big jump,0.0,1.0,0.8,0.0,0.4,1.0
the goo goo dolls,dizzy,0.2,0.8,0.8,0.2,1.0,0.0
deerhunter,hazel st.,0.2,0.6,0.4,0.2,0.8,0.2
newton faulkner,dream catch me,0.0,1.0,0.4,1.0,0.2,0.2
hawkwind,the psychedelic warlords (disappear in smoke),0.0,0.6,0.8,0.0,1.0,0.8
lamb,i cry,0.0,0.8,0.4,0.2,0.2,1.0
evanescence,field of innocence,0.0,0.6,0.4,0.6,0.2,0.6
kings of leon,cold desert,0.0,1.0,0.6,0.2,0.8,0.2
she wants revenge,sister,0.0,0.8,0.6,0.0,0.6,0.8
auf der maur,lightning is my girl,0.0,0.8,0.8,0.0,1.0,0.0
arch enemy,we will rise,0.0,1.0,1.0,0.0,1.0,0.0
the rakes,the world was a mess but his hair was perfect,0.0,0.6,0.6,0.0,0.6,0.2
david bowie,andy warhol,0.0,0.4,0.2,1.0,0.2,0.0
chemistry,nothing,0.0,0.6,0.8,0.0,1.0,0.0
oasis,married with children,0.0,0.2,0.2,1.0,0.0,0.0
ladyhawke,love don't live here,0.0,0.8,0.6,0.0,0.4,1.0
jimmy eat world,get it faster,0.0,0.8,0.8,0.0,1.0,0.2
rammstein,stirb nicht vor mir (don't die before i do),0.0,1.0,0.4,0.4,0.6,0.4
radiohead,life in a glass house,0.4,0.6,0.4,1.0,0.0,0.0
oasis,talk tonight,0.2,0.4,0.2,1.0,0.2,0.0
the cinematic orchestra,as the stars fall,0.2,1.0,0.6,0.8,0.2,0.6
junior boys,first time,0.0,0.8,0.4,0.0,0.4,1.0
spice girls,say you'll be there,0.0,1.0,0.8,0.2,0.4,1.0
ben harper,waiting on an angel,0.0,0.4,0.2,1.0,0.0,0.0
radiohead,myxomatosis,0.0,0.8,1.0,0.0,0.6,1.0
marilyn manson,great big white world,0.0,0.8,0.8,0.0,1.0,0.6
yo la tengo,moby octopad,0.0,0.6,0.4,0.2,0.4,0.8
ben harper,walk away,0.0,0.4,0.2,1.0,0.0,0.0
korn,shoots and ladders,0.0,0.6,1.0,0.0,1.0,0.0
datarock,princess,0.0,0.8,0.4,0.0,0.4,1.0
grizzly bear,little brother,0.2,0.6,0.2,1.0,0.2,0.0
the blow,true affection,0.0,0.6,0.4,0.0,0.0,1.0
sleater-kinney,rollercoaster,0.0,0.6,0.8,0.0,1.0,0.0
massive attack,hymn of the big wheel,0.0,1.0,0.2,0.0,0.2,1.0
the verve,one day,0.0,0.8,0.4,0.6,0.6,0.0
alice in chains,dirt,0.0,0.8,1.0,0.0,1.0,0.0
machinae supremacy,gimme more (sid),0.0,0.6,0.8,0.0,1.0,1.0
mazzy star,mary of silence,0.0,0.6,0.2,0.2,0.6,0.4
the whitest boy alive,figures,0.8,0.4,0.4,0.2,0.6,0.0
la roux,quicksand,0.0,1.0,0.6,0.0,0.2,1.0
hellogoodbye,homewrecker,0.2,0.8,0.6,0.0,0.4,1.0
grandaddy,i'm on standby,0.4,0.6,0.4,0.2,0.6,0.8
voxtrot,kid gloves,0.8,0.6,0.6,0.2,0.8,0.0
sonata arctica,black sheep,0.0,0.8,1.0,0.0,1.0,0.6
the streets,it's too late,0.0,0.8,0.4,0.0,0.2,0.8
the kooks,love it all,0.0,0.6,0.6,0.2,0.8,0.0
marilyn manson,irresponsible hate anthem,0.0,1.0,1.0,0.0,1.0,0.8
deerhunter,activa,0.0,0.4,0.6,0.0,0.8,0.4
wire,three girl rhumba,0.0,0.4,0.4,0.0,1.0,0.0
dido,sand in my shoes,0.0,1.0,0.4,0.4,0.4,0.8
jimmy cliff,you can get it if you really want,0.0,0.6,0.6,0.2,0.6,0.0
blonde redhead,maddening cloud,0.0,1.0,0.4,0.6,0.4,0.4
beirut,in the mausoluem,0.0,0.8,0.4,1.0,0.0,0.0
boards of canada,hey saturday sun,0.0,0.6,0.2,0.0,0.0,1.0
incubus,consequence,0.2,0.8,0.6,0.2,0.8,0.0
the decemberists,the soldiering life,0.2,0.6,0.4,0.8,0.4,0.0
the knife,a lung,0.0,0.8,0.4,0.0,0.0,1.0
foo fighters,low,0.0,1.0,1.0,0.0,1.0,0.0
the stooges,penetration,0.0,0.2,0.8,0.0,1.0,0.0
the knife,behind the bushes,0.0,0.8,0.4,0.0,0.2,1.0
linkin park,session,0.0,1.0,0.8,0.0,0.6,1.0
röyksopp,you don't have a clue,0.0,1.0,0.4,0.0,0.2,1.0
the goo goo dolls,naked,0.0,0.8,0.6,0.4,0.8,0.0
joni mitchell,all i want,0.0,0.4,0.4,1.0,0.0,0.0
in flames,episode 666,0.0,0.8,1.0,0.0,1.0,0.2
the kooks,see the sun,0.0,0.6,0.6,0.4,0.8,0.0
massive attack,small time shot away,0.0,1.0,0.4,0.0,0.2,1.0
black sabbath,killing yourself to live,0.0,0.6,0.8,0.2,1.0,0.2
architecture in helsinki,lazy (lazy),0.0,0.6,0.4,0.6,0.4,0.6
yazoo,midnight,0.0,0.8,0.4,0.0,0.2,1.0
michael jackson,i just can't stop loving you,0.0,1.0,0.2,0.6,0.2,0.6
red hot chili peppers,c'mon girl,0.0,0.8,0.8,0.0,1.0,0.2
mirwais,disco science,0.0,1.0,0.8,0.0,0.2,1.0
beach house,turtle island,0.0,0.6,0.2,0.2,0.6,0.4
pantera,shattered,0.0,0.8,1.0,0.0,1.0,0.0
my brightest diamond,golden star,0.0,0.8,0.4,0.8,0.2,0.2
ratatat,breaking away,0.0,0.6,0.6,0.0,0.8,0.8
clark,ted,0.0,1.0,0.8,0.0,0.2,1.0
the 69 eyes,velvet touch,0.0,0.6,0.6,0.0,1.0,0.2
auf der maur,my foggy notion,0.0,0.8,0.6,0.2,0.8,0.2
madonna,love profusion,0.0,1.0,0.4,0.8,0.2,0.8
yelle,ce jeu,0.0,0.8,0.6,0.0,0.0,1.0
kings of leon,rememo,0.0,0.6,0.4,0.2,0.8,0.0
the smashing pumpkins,pug,0.0,1.0,0.6,0.0,0.8,0.8
michael bublé,home,0.0,0.8,0.2,0.8,0.2,0.0
shiny toy guns,shaken,0.0,1.0,0.8,0.0,0.6,1.0
kings of leon,trunk,0.0,0.6,0.6,0.2,0.8,0.0
the streets,let's push things forward,0.0,0.6,0.4,0.0,0.0,0.8
derek and the dominos,layla,0.2,0.6,1.0,0.4,1.0,0.0
ambulance ltd,yoga means union,0.0,0.6,0.4,0.4,0.6,0.0
yann tiersen,la redécouverte,0.0,0.6,0.4,1.0,0.0,0.0
the academy is...,attention,0.0,0.8,0.8,0.2,1.0,0.2
gustavo cerati,me quedo aquí,0.0,0.8,0.4,0.8,0.6,0.4
sigur rós,untitled,0.2,0.8,0.4,0.6,0.4,0.2
the new pornographers,from blown speakers,0.0,0.6,0.6,0.2,0.8,0.2
the zutons,confusion,0.0,0.6,0.4,0.2,0.6,0.0
broadcast,poem of dead song,0.0,0.8,0.2,0.0,0.4,1.0
nightwish,the pharaoh sails to orion,0.0,0.8,1.0,0.0,1.0,0.8
oasis,ain't got nothin',0.0,0.6,0.8,0.0,1.0,0.0
gang of four,guns before butter,0.0,0.4,0.6,0.0,0.8,0.0
slayer,war ensemble,0.0,0.6,1.0,0.0,1.0,0.0
anna nalick,wreck of the day,0.0,0.8,0.2,0.6,0.2,0.2
hawthorne heights,ohio is for lovers,0.0,0.6,0.8,0.0,1.0,0.0
i'm from barcelona,oversleeping,0.0,0.6,0.4,0.8,0.2,0.0
pendulum,fasten your seatbelt (feat. the freestylers),0.0,1.0,1.0,0.0,0.0,1.0
yellowcard,breathing,0.0,0.8,0.8,0.2,1.0,0.0
audioslave,sound of a gun,0.0,0.8,0.8,0.0,1.0,0.0
fall out boy,fame < infamy,0.0,1.0,0.8,0.0,1.0,0.2
gnarls barkley,the last time,0.0,0.8,0.6,0.4,0.6,0.6
panzer ag,when death embrace me,0.0,1.0,1.0,0.0,0.6,1.0
mogwai,tracy,0.4,0.6,0.2,0.4,0.6,0.0
radiohead,blow out,0.2,0.6,0.8,0.0,1.0,0.0
placebo,bionic,0.2,0.6,0.8,0.0,1.0,0.0
garbage,a stroke of luck,0.0,1.0,0.4,0.0,0.6,0.8
glasvegas,daddy's gone,0.0,0.8,0.8,0.0,1.0,0.2
sonic youth,my friend goo,0.2,0.4,0.8,0.0,1.0,0.0
interpol,song seven,0.0,0.8,0.6,0.0,0.8,0.2
phoenix,rally,0.0,0.8,0.6,0.0,0.8,0.2
judas priest,living after midnight,0.0,0.8,0.6,0.0,1.0,0.0
misfits,skulls,0.0,0.2,0.8,0.0,0.8,0.0
wilco,red-eyed and blue,0.0,0.4,0.2,0.2,0.4,0.0
scorpions,holiday,0.0,0.8,0.4,0.8,0.6,0.0
the dandy warhols,mohammed,0.0,0.6,0.4,0.2,0.8,0.4
aqualung,tongue-tied,0.0,0.6,0.2,0.8,0.2,0.0
hard-fi,gotta reason,0.0,0.4,0.8,0.2,0.8,0.2
the doors,end of the night,0.0,0.4,0.2,0.2,0.8,0.0
rufus wainwright,the one you love,0.0,1.0,0.4,0.8,0.2,0.2
blackfield,pain,0.0,0.8,0.6,0.2,0.8,0.4
keane,untitled 1,0.0,0.8,0.4,0.8,0.2,0.2
lamb of god,laid to rest,0.0,0.8,1.0,0.0,1.0,0.0
nouvelle vague,teenage kicks,0.0,0.6,0.2,1.0,0.0,0.0
the prodigy,serial thrilla,0.0,1.0,1.0,0.0,0.2,1.0
the raveonettes,dead sound,0.0,0.6,0.6,0.2,1.0,0.4
the flaming lips,vein of stars,0.2,0.8,0.2,0.2,0.6,0.8
opeth,ending credits,0.2,0.6,0.2,0.2,0.8,0.4
my chemical romance,i never told you what i do for a living,0.2,0.8,1.0,0.0,1.0,0.0
ratatat,lapland,0.0,0.8,0.4,0.0,0.8,1.0
anna nalick,forever love (digame),0.2,0.6,0.2,0.8,0.2,0.2
bob marley & the wailers,sun is shining,0.0,0.6,0.4,0.2,0.6,0.2
the bird and the bee,how deep is your love,0.0,0.8,0.2,0.0,0.4,0.8
the used,the taste of ink,0.0,0.6,0.8,0.0,1.0,0.0
roxy music,do the strand,0.0,0.6,0.6,0.0,0.8,0.4
paramore,all we know,0.0,0.6,0.8,0.0,1.0,0.0
michael jackson,earth song,0.0,1.0,1.0,0.6,0.6,0.4
moby,run on,0.0,0.8,0.6,0.2,0.2,0.8
beck,novacane,0.0,0.8,0.8,0.2,1.0,0.4
santogold,unstoppable,0.0,0.6,0.4,0.2,0.2,0.8
bob dylan,you're a big girl now,0.0,0.4,0.4,1.0,0.2,0.0
bob dylan,simple twist of fate,0.0,0.4,0.2,1.0,0.0,0.0
vnv nation,darkangel,0.0,1.0,0.8,0.0,0.2,1.0
gorillaz,el mañana,0.0,0.8,0.2,0.6,0.2,0.4
boards of canada,sixtyniner,0.0,0.6,0.2,0.0,0.0,1.0
mando diao,josephine,0.0,0.6,0.4,0.6,0.4,0.0
art brut,direct hit,0.2,0.4,0.8,0.0,1.0,0.0
sophie ellis-bextor,catch you,0.0,1.0,0.8,0.0,0.6,0.8
the smiths,i won't share you,0.0,0.6,0.2,1.0,0.2,0.0
garbage,the trick is to keep breathing,0.0,1.0,0.4,0.0,0.4,0.8
nancy sinatra,these boots are made for walking,0.0,0.6,0.4,0.2,0.8,0.0
thievery corporation,marching the hate machines (into the sun) (feat. the flaming lips),0.0,1.0,0.4,0.2,0.4,0.8
fall out boy,chicago is so two years ago,0.0,0.6,0.8,0.0,1.0,0.0
porcupine tree,four chords that made a million,0.0,0.8,0.6,0.2,0.8,0.6
faithless,one step too far,0.0,1.0,0.4,0.2,0.2,1.0
serj tankian,baby,0.0,0.8,0.8,0.2,0.8,0.4
yes,roundabout,0.0,0.8,0.6,0.4,1.0,0.8
the cure,a letter to elise,0.0,0.8,0.4,0.2,0.8,0.4
creedence clearwater revisited,run through the jungle,1.0,0.4,0.6,0.0,0.8,0.0
the jesus and mary chain,you trip me up,0.0,0.4,0.8,0.0,1.0,0.0
pinback,from nothing to nowhere,0.0,0.6,0.4,0.2,0.8,0.2
the subways,holiday,0.0,0.6,0.8,0.0,1.0,0.0
soundgarden,pretty noose,0.0,0.8,0.8,0.0,1.0,0.0
depeche mode,goodnight lovers,0.0,1.0,0.2,0.0,0.2,1.0
the rolling stones,19th nervous breakdown,0.0,0.6,0.6,0.2,0.8,0.0
a.c. newman,better than most,0.0,0.8,0.4,0.4,0.6,0.4
p!nk,'cuz i can,0.0,0.8,0.6,0.2,0.8,0.4
p!nk,leave me alone (i'm lonely),0.0,0.8,0.6,0.2,0.8,0.2
soulwax,krack,0.0,1.0,1.0,0.0,0.6,1.0
the libertines,the saga,0.2,0.4,0.8,0.0,0.8,0.0
marilyn manson,posthuman,0.0,1.0,0.8,0.0,0.8,0.8
dangerdoom,el chupa nibre,0.0,0.8,0.4,0.0,0.2,0.6
the beach boys,don't talk (put your head on my shoulder),0.0,1.0,0.2,0.8,0.4,0.0
limp bizkit,take a look around,0.0,0.8,0.8,0.0,1.0,0.4
zeigeist,humanitarianism,0.0,0.8,0.6,0.0,0.2,1.0
65daysofstatic,this cat is a landmine,0.0,0.8,0.8,0.0,0.8,0.8
this will destroy you,happiness: we're all in it together,0.2,0.8,1.0,0.0,1.0,0.2
the mountain goats,no children,0.2,0.6,0.6,0.8,0.2,0.0
neutral milk hotel,naomi,0.2,0.4,0.6,0.8,0.4,0.0
pavement,blue hawaiian,0.2,0.6,0.2,0.0,0.6,0.0
pj harvey,before departure,0.2,0.4,0.4,1.0,0.0,0.0
rod stewart,maggie may,0.0,0.6,0.4,0.8,0.4,0.0
morrissey,to me you are a work of art,0.0,0.8,0.4,0.6,0.4,0.0
morrissey,the world is full of crashing bores,0.0,0.8,0.6,0.2,0.8,0.0
morrissey,on the streets i ran,0.0,0.8,0.8,0.2,0.8,0.0
pendulum,the terminal,0.0,1.0,1.0,0.0,0.2,1.0
ladytron,burning up,0.0,0.8,0.8,0.0,0.2,1.0
archive,again,0.0,0.8,0.8,0.4,0.8,0.6
the smashing pumpkins,galapogos,0.0,0.8,0.4,0.8,0.4,0.0
the cure,the caterpillar,0.0,0.6,0.4,0.6,0.2,0.4
amy winehouse,i heard love is blind,0.0,0.6,0.2,0.8,0.2,0.0
amy macdonald,a wish for something more,0.0,0.6,0.4,0.8,0.2,0.0
nine inch nails,eraser,0.0,1.0,1.0,0.0,0.6,1.0
dark tranquillity,the lesser faith,0.0,0.8,1.0,0.0,1.0,0.6
emilie autumn,swallow,0.0,0.6,0.4,0.4,0.4,0.8
coldplay,x & y,0.0,0.8,0.6,0.4,0.6,0.6
édith piaf,la vie en rose,0.2,0.4,0.2,1.0,0.0,0.0
cocorosie,madonna,0.0,0.4,0.2,0.6,0.2,0.4
sublime,caress me down,0.2,0.4,0.4,0.2,0.8,0.0
the black keys,all hands against his own,0.2,0.2,0.8,0.2,1.0,0.0
basement jaxx,romeo,0.0,1.0,0.8,0.0,0.2,1.0
built to spill,car,0.0,0.6,0.4,0.2,0.8,0.0
white lies,death,0.0,1.0,0.8,0.0,0.6,0.8
pj harvey,c'mon billy,0.0,0.8,0.6,0.2,0.6,0.2
tactical sekt,bring me violence,0.0,0.8,1.0,0.0,0.2,1.0
pixies,levitate me,0.0,0.4,0.8,0.0,1.0,0.0
spiritualized,come together,0.0,1.0,0.8,0.0,1.0,0.6
amorphis,under a soil and black stone,0.0,0.8,0.8,0.0,1.0,0.4
britney spears,get back,0.0,1.0,0.6,0.0,0.2,1.0
le tigre,the the empty,0.0,0.6,0.6,0.0,0.6,0.8
counting crows,rain king,0.2,0.8,0.6,0.6,0.6,0.0
iron & wine,gray stables,0.0,0.6,0.4,1.0,0.2,0.0
kate nash,skeleton song,0.0,0.8,0.6,0.6,0.4,0.2
ensiferum,sword chant,0.0,0.8,1.0,0.6,1.0,0.4
him,rip out the wings of a butterfly,0.0,0.8,0.8,0.2,1.0,0.2
manic street preachers,send away the tigers,0.0,0.8,0.8,0.2,1.0,0.0
the beatles,i'll follow the sun,0.0,0.2,0.2,1.0,0.0,0.0
the jesus and mary chain,happy when it rains,0.0,0.6,0.6,0.0,1.0,0.4
junior boys,count souvenirs,0.0,1.0,0.4,0.0,0.2,1.0
blink-182,stay together for the kids,0.0,0.6,0.8,0.2,1.0,0.0
the format,the first single,0.0,0.6,0.6,0.2,0.8,0.2
husky rescue,summertime cowboy,0.0,0.8,0.2,0.4,0.4,0.8
stereophonics,mr. writer,0.0,0.6,0.4,0.2,0.8,0.0
peter bjorn and john,up against the wall,0.0,0.6,0.4,0.4,0.6,0.2
minus the bear,monkey!!! knife!!! fight!!!,0.0,0.8,0.6,0.0,1.0,0.2
strapping young lad,love?,0.0,1.0,1.0,0.0,1.0,0.8
the smashing pumpkins,daphne descends,0.0,0.8,0.6,0.0,1.0,0.6
goldfrapp,pilots,0.0,1.0,0.2,0.2,0.2,1.0
the killers,sweet talk,0.0,0.8,0.4,0.2,0.6,0.6
leonard cohen,the partisan,0.0,0.4,0.4,1.0,0.0,0.0
metric,monster hospital (mstrkrft remix),0.0,1.0,1.0,0.0,0.2,1.0
soilwork,departure plan,0.0,0.8,0.8,0.0,1.0,0.2
dark tranquillity,the mundane and the magic,0.0,1.0,0.8,0.0,1.0,0.6
okkervil river,a stone,0.0,0.4,0.2,1.0,0.0,0.0
sunset rubdown,shut up i am dreaming of places where lovers have wings,0.0,0.4,0.6,0.2,0.6,0.8
sunset rubdown,the men are called horsemen there,0.0,0.4,0.8,0.2,0.8,0.6
david gray,this years love,0.0,0.6,0.2,0.8,0.2,0.2
a fine frenzy,almost lover,0.0,0.6,0.2,1.0,0.0,0.0
sunrise avenue,fairytale gone bad,0.0,0.8,0.8,0.2,1.0,0.2
kasabian,i.d.,0.0,0.8,0.6,0.0,0.6,0.8
electric light orchestra part ii,livin' thing,0.0,0.8,0.6,0.4,0.6,0.4
patrick wolf,the stars,0.0,0.8,0.4,0.8,0.2,0.2
in flames,square nothing,0.0,0.8,1.0,0.0,1.0,0.2
the haunted,99,0.0,0.8,1.0,0.0,1.0,0.0
francisca valenzuela,afortunada,0.0,1.0,0.6,0.4,0.4,0.8
the goo goo dolls,broadway,0.0,0.8,0.6,0.4,0.8,0.0
chemistry,it takes two,0.0,0.8,0.4,0.2,0.4,0.8
foo fighters,razor,0.0,0.6,0.2,1.0,0.0,0.0
slow train soul,naturally,0.0,0.8,0.4,0.2,0.4,0.8
kid loco,relaxin' with cherry,0.0,0.8,0.2,0.2,0.4,0.8
alice in chains,we die young,0.0,0.6,1.0,0.0,1.0,0.0
dimmu borgir,allehelgens død i helveds rike,0.0,0.2,1.0,0.0,1.0,0.4
midlake,we gathered in spring,0.0,0.4,0.2,1.0,0.2,0.0
grizzly bear,central and remote,0.0,0.8,0.4,0.6,0.6,0.2
black sabbath,heaven and hell,0.0,0.6,0.8,0.0,1.0,0.0
cartel,burn this city,0.0,0.8,0.8,0.2,0.8,0.2
basement jaxx,oh my gosh,0.0,1.0,0.8,0.0,0.2,1.0
the zutons,why won't you give me your love?,0.0,0.6,0.6,0.2,0.8,0.0
neil young,harvest,0.0,0.4,0.2,1.0,0.2,0.0
dispatch,the general,0.0,0.4,0.4,0.8,0.2,0.0
morrissey,interesting drug,0.0,0.8,0.6,0.0,0.6,0.6
katatonia,i break,0.0,0.6,0.6,0.0,1.0,0.2
the maccabees,precious time,0.0,0.6,0.8,0.0,0.8,0.0
m83,be wild,0.0,1.0,0.8,0.0,0.4,1.0
tori amos,mother,0.0,0.6,0.2,1.0,0.0,0.0
tenacious d,one note song,0.0,0.4,0.2,1.0,0.0,0.0
funeral for a friend,monsters,0.0,0.8,0.8,0.0,1.0,0.0
the weepies,world spins madly on,0.0,0.4,0.2,1.0,0.2,0.0
nine inch nails,and all that could have been,0.0,0.8,0.4,0.6,0.2,0.4
god is an astronaut,fragile,0.0,0.8,0.6,0.0,0.8,0.4
jimmy eat world,polaris,0.0,0.8,0.6,0.0,0.8,0.2
death cab for cutie,coney island,0.0,0.6,0.2,0.2,0.6,0.2
kasabian,orange (interlude),0.0,0.8,0.2,0.0,0.4,0.8
air,j'ai dormi sous l'eau,0.0,0.8,0.2,0.2,0.2,1.0
cocorosie,bloody twins,0.0,0.4,0.2,0.8,0.2,0.4
pixies,into the white,0.0,0.6,1.0,0.0,1.0,0.0
brand new,not the sun,0.0,0.8,0.8,0.0,1.0,0.0
bob dylan,highway 61 revisited,0.0,0.4,0.6,0.2,0.8,0.0
elton john,candle in the wind,0.0,0.8,0.2,0.6,0.2,0.0
tegan and sara,my number,0.0,0.6,0.4,0.8,0.4,0.0
moby,great escape,0.0,1.0,0.6,0.0,0.2,1.0
zero 7,your place,0.0,1.0,0.2,0.2,0.2,1.0
the clash,i'm not down,0.2,0.6,0.6,0.0,1.0,0.0
the long blondes,only lovers left alive,0.2,0.8,0.6,0.0,0.8,0.2
the long blondes,guilt,0.0,0.8,0.6,0.2,0.8,0.2
johnossi,man must dance,0.2,0.6,0.8,0.0,1.0,0.0
oasis,the nature of reality,0.0,0.8,0.8,0.0,1.0,0.2
i love you but i've chosen darkness,according to plan,0.0,0.8,0.6,0.2,0.8,0.4
everlast,what it's like,0.0,0.6,0.4,1.0,0.2,0.0
mogwai,take me somewhere nice,0.0,0.8,0.2,0.2,0.6,0.4
the von bondies,c'mon c'mon,0.0,0.4,1.0,0.0,1.0,0.0
poisonblack,rush,0.0,0.8,0.8,0.0,1.0,0.2
nine inch nails,complication,0.0,1.0,0.8,0.0,0.8,1.0
m83,cyborg,0.0,0.8,0.6,0.0,0.2,1.0
devendra banhart,quedate luna,0.0,0.4,0.2,1.0,0.2,0.0
michael jackson,they don't care about us,0.0,1.0,0.8,0.0,0.4,0.6
blur,coffee and tv,0.0,0.6,0.4,0.2,0.8,0.2
amon tobin,esther's,0.0,1.0,0.8,0.4,0.4,1.0
pj harvey,pocket knife,0.0,0.4,0.6,0.2,0.8,0.0
miss kittin & the hacker,frank sinatra,0.0,0.6,0.6,0.0,0.2,1.0
iron & wine,freedom hangs like heaven,0.0,0.6,0.4,1.0,0.2,0.0
fever ray,concrete walls,0.0,1.0,0.4,0.0,0.2,1.0
the rifles,one night stand,0.0,0.6,0.6,0.2,0.8,0.0
blur,death of a party,0.0,0.6,0.4,0.0,0.6,0.4
viikate,ei enkeleitä,0.0,0.8,0.8,0.0,1.0,0.2
gorillaz,starshine,0.0,0.8,0.4,0.0,0.2,0.8
tiga,louder than a bomb,0.0,0.8,0.6,0.0,0.2,1.0
blind guardian,the bard's song: in the forest,0.0,0.6,0.2,1.0,0.0,0.0
onerepublic,all we are,0.0,0.8,0.4,0.6,0.4,0.2
ash,goldfinger,0.0,0.6,0.6,0.0,1.0,0.0
mason vs. princess superstar,perfect exceeder,0.0,1.0,0.8,0.0,0.0,1.0
deepest blue,give it away,0.0,1.0,0.6,0.0,0.2,1.0
helios,bless this morning year,0.0,0.8,0.2,0.8,0.2,0.6
cat power,say,0.0,0.4,0.2,0.8,0.2,0.0
weezer,we are all on drugs,0.0,0.8,0.8,0.0,1.0,0.0
hellogoodbye,i saw it on your keyboard,0.0,0.6,0.4,0.0,0.4,1.0
arctic monkeys,cigarette smoker fiona,0.4,0.4,0.6,0.0,1.0,0.0
elliott smith,no name #3,0.4,0.2,0.2,1.0,0.0,0.0
kettcar,balu,0.4,0.6,0.6,0.2,0.8,0.0
my morning jacket,what a wonderful man,0.4,0.6,0.8,0.2,0.8,0.4
red hot chili peppers,if you have to ask,0.6,0.6,0.8,0.0,1.0,0.0
godsmack,i stand alone,0.0,0.8,1.0,0.0,1.0,0.0
razorlight,up all night,0.2,0.6,0.6,0.2,0.8,0.0
weezer,troublemaker,0.0,0.8,0.8,0.0,1.0,0.0
porcupine tree,pure narcotic,0.0,0.8,0.2,0.8,0.4,0.6
p!nk,nobody knows,0.0,1.0,0.4,0.6,0.2,0.4
the jimi hendrix experience,fire,0.0,0.4,0.8,0.0,1.0,0.0
muse,overdue,0.0,0.6,0.8,0.2,0.8,0.0
anberlin,the unwinding cable car,0.0,0.8,0.2,0.8,0.2,0.2
green day,time of your life,0.0,0.8,0.2,1.0,0.0,0.0
mastodon,ísland,0.0,0.8,1.0,0.0,1.0,0.0
judas priest,the hellion,0.0,1.0,0.6,0.0,1.0,0.0
the jam,down in the tube station at midnight,0.0,0.6,0.6,0.0,0.8,0.0
agalloch,falling snow,0.0,0.8,0.8,0.2,1.0,0.2
the beach boys,california girls,0.0,1.0,0.4,0.4,0.4,0.0
sonic youth,swimsuit issue,0.0,0.8,0.8,0.0,1.0,0.0
nightwish,end of all hope,0.0,1.0,1.0,0.0,1.0,0.4
nightwish,moondance,0.0,0.8,0.6,0.2,0.6,0.8
the beatles,the night before,0.0,0.6,0.4,0.2,0.6,0.0
eisley,i wasn't prepared,0.0,0.8,0.2,0.6,0.4,0.2
jamie t,so lonely was the ballad,0.0,0.6,0.6,0.4,0.6,0.2
the gathering,frail (you might as well be me),0.0,0.8,0.6,0.2,0.8,0.4
infected mushroom,becoming insane,0.0,1.0,1.0,0.2,0.4,1.0
rachel stevens,some girls,0.0,1.0,0.6,0.0,0.2,1.0
deerhoof,the galaxist,0.2,0.6,0.6,0.0,0.8,0.4
hellogoodbye,all time lows,0.0,0.8,0.4,0.4,0.6,0.4
bonobo,sleepy seven,0.0,0.8,0.2,0.6,0.2,0.4
rufus wainwright,agnus dei,0.0,0.8,0.4,1.0,0.0,0.0
children of bodom,taste of my scythe,0.0,0.8,1.0,0.0,1.0,0.6
disturbed,decadence,0.0,1.0,0.8,0.0,1.0,0.2
devendra banhart,the body breaks,0.0,0.4,0.2,1.0,0.0,0.0
babyshambles,8 dead boys,0.0,0.2,0.6,0.0,0.8,0.0
aqualung,breaking my heart,0.0,0.8,0.2,0.6,0.2,0.4
good charlotte,the river (feat. m. shadows and synyster gates),0.0,1.0,0.8,0.0,1.0,0.2
good charlotte,i just wanna live,0.0,0.8,0.6,0.0,0.8,0.6
keane,again and again,0.0,0.8,0.6,0.2,0.4,0.8
rufus wainwright,grey gardens,0.0,0.8,0.2,0.8,0.2,0.0
rufus wainwright,little sister,0.0,0.8,0.2,0.8,0.2,0.0
eisley,marvelous things,0.0,0.6,0.6,0.2,0.8,0.4
arcade fire,haïti,0.0,0.6,0.6,0.2,0.8,0.2
queens of the stone age,song for the dead,0.0,1.0,1.0,0.0,1.0,0.0
badly drawn boy,silent sigh,0.0,0.8,0.2,0.8,0.2,0.2
arctic monkeys,who the fuck are arctic monkeys?,0.0,0.4,1.0,0.0,1.0,0.0
björk,desired constellation,0.0,1.0,0.2,0.2,0.4,0.6
elliott smith,little one,0.0,0.6,0.6,0.4,0.8,0.0
apocalyptica,enter sandman,0.0,0.6,0.8,1.0,0.2,0.0
adele,right as rain,0.0,0.8,0.6,0.2,0.6,0.0
ash,girl from mars,0.0,0.6,0.8,0.0,1.0,0.0
cunninlynguists,lynguistics,0.0,0.6,0.4,0.2,0.2,0.2
pearl jam,marker in the sand,0.0,0.8,0.8,0.0,1.0,0.0
gustavo cerati,crimen,0.0,1.0,0.6,0.6,0.6,0.2
nirvana,plateau,1.0,0.4,0.4,1.0,0.0,0.0
arctic monkeys,no buses,0.0,0.6,0.4,0.2,0.8,0.0
placebo,where is my mind,0.0,0.8,0.6,0.0,0.8,0.4
matthew dear,deserter,0.0,1.0,0.4,0.0,0.0,1.0
nick drake,sunday,0.0,0.4,0.2,1.0,0.0,0.0
doves,break me gently,0.0,0.8,0.4,0.2,0.6,0.6
iamx,sailor,0.0,0.8,0.8,0.0,0.2,1.0
nick cave & the bad seeds,song of joy,0.0,0.6,0.4,1.0,0.0,0.0
placebo,second sight,0.0,0.6,0.8,0.2,1.0,0.2
+44,no it isn't,0.0,0.6,0.8,0.2,1.0,0.2
clap your hands say yeah,gimme some salt,0.0,0.4,0.6,0.2,0.8,0.0
antony and the johnsons,river of sorrow,0.0,0.8,0.2,1.0,0.0,0.0
doves,some cities,0.0,0.8,0.6,0.2,0.8,0.4
deftones,pink cellphone,0.0,0.6,0.4,0.0,0.4,0.8
björk,pneumonia,0.0,1.0,0.4,0.8,0.0,0.2
beck,everybody's gotta learn sometime,0.0,0.8,0.2,0.8,0.2,0.4
the doors,i looked at you,0.0,0.4,0.6,0.2,0.8,0.2
garbage,bad boyfriend,0.0,1.0,1.0,0.0,1.0,0.2
alanis morissette,forgiven,0.0,0.8,0.8,0.2,0.8,0.2
late of the pier,focker,0.0,0.8,1.0,0.0,0.8,1.0
darkthrone,the claws of time,0.0,0.2,1.0,0.0,1.0,0.0
shakira,inevitable,0.0,0.8,0.6,0.4,0.6,0.2
pendulum,girl in the fire,0.0,1.0,1.0,0.0,0.6,1.0
ladytron,commodore rock,0.0,0.8,0.4,0.0,0.2,1.0
black lips,veni vidi vici,0.0,0.2,0.6,0.0,1.0,0.0
frank sinatra,i get a kick out of you,0.0,0.8,0.2,1.0,0.0,0.0
paradise lost,one second,0.0,0.8,0.6,0.0,0.8,0.6
manu chao,rainin in paradize,0.0,0.6,0.6,0.4,0.6,0.2
soilwork,observation slave,0.0,0.8,1.0,0.0,1.0,0.2
him,the path,0.0,0.8,0.6,0.2,0.8,0.4
rilo kiley,so long,0.0,0.6,0.4,0.6,0.4,0.0
the beatles,i'm a loser,0.0,0.4,0.4,0.8,0.2,0.0
brand new,degausser,0.0,0.6,1.0,0.0,1.0,0.0
the goo goo dolls,let love in,0.0,0.8,0.6,0.4,0.8,0.2
ladyhawke,manipulating woman,0.0,1.0,0.6,0.0,0.6,1.0
les savy fav,the year before the year 2000,0.0,0.4,0.8,0.0,1.0,0.0
craig armstrong,weather storm,0.0,1.0,0.2,0.8,0.0,0.8
pink floyd,on the turning away,0.0,0.8,0.6,0.6,0.6,0.6
t.m.revolution,invoke -インヴォーク-,0.0,1.0,1.0,0.0,0.8,1.0
black flag,nervous breakdown,0.0,0.2,1.0,0.0,1.0,0.0
public image ltd.,this is not a love song,0.0,0.8,0.4,0.0,0.8,0.6
the unicorns,let's get known,0.0,0.2,0.2,0.2,0.6,0.4
zero 7,morning song,0.0,1.0,0.2,0.6,0.4,0.6
the jesus and mary chain,blues from a gun,0.0,0.6,0.8,0.0,1.0,0.2
at the drive-in,enfilade,0.0,0.8,1.0,0.0,1.0,0.2
kent,400 slag,0.0,0.8,0.6,0.2,0.8,0.4
ulrich schnauss,a letter from home,0.0,1.0,0.4,0.0,0.2,1.0
elliott smith,the last hour,0.2,0.4,0.2,1.0,0.0,0.0
oasis,digsy's dinner,0.0,0.8,0.8,0.2,1.0,0.0
the beatles,mother nature's son,0.0,0.6,0.2,1.0,0.0,0.0
bright eyes,cleanse song,0.2,0.6,0.2,1.0,0.0,0.0
kent,dom andra,0.0,1.0,0.6,0.2,0.8,0.6
queens of the stone age,give the mule what he wants,0.0,0.6,1.0,0.0,1.0,0.0
rilo kiley,a man/me/then jim,0.0,0.6,0.4,0.6,0.6,0.2
john lennon,woman,0.0,1.0,0.2,0.4,0.6,0.2
tom waits,hang down your head,0.0,0.6,0.4,0.6,0.4,0.0
him,drunk on shadows,0.0,0.8,0.8,0.2,1.0,0.4
dream theater,the spirit carries on,0.0,1.0,0.6,0.4,0.8,0.6
pink floyd,summer '68,0.0,0.6,0.4,0.8,0.4,0.2
jarvis cocker,black magic,0.0,0.8,0.6,0.2,0.8,0.2
morrissey,i just want to see the boy happy,0.0,0.8,0.8,0.2,0.8,0.0
morrissey,i like you,0.0,0.8,0.6,0.2,0.8,0.0
morrissey,i'm not sorry,0.0,0.8,0.6,0.2,0.8,0.0
sufjan stevens,adlai stevenson,0.0,0.6,0.2,1.0,0.2,0.0
the long blondes,you could have both,0.0,0.6,0.6,0.2,0.8,0.2
seal,crazy,0.0,1.0,0.6,0.2,0.4,1.0
moby,another woman,0.0,0.8,0.4,0.2,0.4,0.8
alice in chains,would,0.0,0.8,1.0,0.0,1.0,0.0
manu chao,me llaman calle,0.2,0.4,0.4,0.8,0.2,0.2
love,alone again or,0.0,0.8,0.6,1.0,0.2,0.0
björk,heirloom,0.0,1.0,0.4,0.2,0.2,1.0
the kooks,down to the market,0.4,0.6,0.6,0.2,0.8,0.0
soilwork,natural born chaos,0.0,0.8,1.0,0.0,1.0,0.4
keyshia cole,you've changed,0.0,1.0,0.4,0.0,0.4,0.6
late of the pier,broken,0.2,0.8,0.8,0.0,0.6,1.0
porcupine tree,shesmovedon,0.0,1.0,0.6,0.2,0.8,0.4
editors,spiders,0.0,0.8,0.4,0.0,0.6,0.6
mirah,mt. st. helens,0.0,0.4,0.2,0.8,0.0,0.0
the flaming lips,she don't use jelly,0.0,0.6,0.6,0.2,1.0,0.2
robots in disguise,voodoo,0.0,0.6,0.6,0.0,0.6,0.8
camera obscura,keep it clean,0.0,0.6,0.2,0.4,0.6,0.2
modest mouse,all night diner,0.2,0.4,0.6,0.2,0.8,0.0
adele,melt my heart to stone,0.0,1.0,0.4,0.8,0.2,0.0
adele,my same,0.0,0.8,0.4,0.8,0.2,0.0
depeche mode,macro,0.0,1.0,0.6,0.0,0.4,1.0
angels & airwaves,valkyrie missile,0.0,1.0,0.6,0.0,0.8,0.6
the stills,love and death,0.0,0.6,0.4,0.0,0.8,0.2
sons and daughters,gilt complex,0.0,0.6,0.8,0.0,1.0,0.0
nirvana,floyd the barber,0.0,0.4,1.0,0.0,1.0,0.0
zwan,declarations of faith,0.0,0.8,0.8,0.2,1.0,0.0
the beatles,two of us,0.2,0.6,0.2,0.8,0.2,0.0
wilco,the late greats,0.0,0.8,0.4,0.2,0.8,0.2
daft punk,burnin',0.0,1.0,0.8,0.0,0.0,1.0
dead kennedys,when ya get drafted,0.2,0.4,1.0,0.0,1.0,0.0
slipknot,prelude 3.0,0.0,0.8,0.4,0.0,0.4,0.8
elliott smith,last call,0.0,0.2,0.4,1.0,0.2,0.0
elliott smith,pretty mary k,0.0,0.8,0.4,0.2,0.8,0.2
engineers,let's just see,0.0,1.0,0.2,0.2,0.6,0.8
system of a down,u-fig,0.0,0.8,1.0,0.0,1.0,0.0
blackfield,glow,0.0,0.8,0.4,0.4,0.6,0.6
mazzy star,blue light,0.0,0.4,0.2,0.6,0.4,0.0
kings of convenience,the weight of my words,0.0,0.4,0.0,1.0,0.2,0.0
catatonia,mulder and scully,0.0,0.8,0.8,0.2,1.0,0.2
stone sour,come what(ever) may,0.0,1.0,1.0,0.0,1.0,0.0
camera obscura,razzle dazzle rose,0.0,0.8,0.4,0.2,0.8,0.2
tori amos,parasol,0.0,0.8,0.4,0.8,0.2,0.2
judas priest,a touch of evil,0.0,1.0,0.8,0.0,1.0,0.6
modest mouse,what people are made of,0.0,0.6,1.0,0.0,1.0,0.0
deerhunter,green jacket,0.0,0.4,0.2,0.6,0.2,0.0
modest mouse,polar opposites,0.0,0.4,0.2,0.8,0.4,0.0
modest mouse,out of gas,0.2,0.4,0.6,0.0,1.0,0.0
cold war kids,robbers,0.4,0.6,0.4,0.4,0.6,0.0
radiohead,a punchup at a wedding. (no no no no no no no no.),0.2,0.8,0.4,0.4,0.6,0.4
elvis presley,all shook up,0.6,0.4,0.6,0.6,0.6,0.0
primal scream,higher than the sun,0.2,1.0,0.4,0.2,0.4,1.0
kanye west,all falls down,0.0,0.8,0.4,0.6,0.2,0.2
the verve,space and time,0.0,0.8,0.6,0.6,0.6,0.2
the magnetic fields,a chicken with its head cut off,0.0,0.4,0.4,0.6,0.4,0.2
nightwish,sacrament of wilderness,0.0,0.8,1.0,0.2,1.0,0.8
sentenced,blood & tears,0.0,0.8,0.8,0.2,1.0,0.2
modest mouse,jesus christ was an only child,0.0,0.4,0.4,0.6,0.2,0.0
a.c. newman,secretarial,0.0,0.8,0.4,0.2,0.6,0.2
black flag,depression,0.2,0.2,1.0,0.0,1.0,0.0
pj harvey,50ft queenie,0.2,0.4,0.8,0.0,1.0,0.0
giant drag,wicked game,0.0,0.6,0.4,0.0,0.8,0.0
nightmares on wax,les nuits,0.0,0.8,0.2,0.4,0.2,0.6
limp bizkit,my generation,0.0,1.0,1.0,0.0,1.0,0.2
acceptance,take cover,0.0,0.8,0.6,0.2,0.8,0.0
katy perry,ur so gay,0.0,0.8,0.2,0.6,0.2,0.4
the 69 eyes,framed in blood,0.0,0.8,0.8,0.0,1.0,0.4
radiohead,down is the new up,0.0,0.8,0.6,0.4,0.6,0.2
gorillaz,el mañana (metronomy remix),0.0,1.0,0.4,0.0,0.2,1.0
jimmy eat world,your house,0.0,0.8,0.4,0.2,0.8,0.0
the cure,other voices,0.0,0.6,0.4,0.0,0.8,0.4
pj harvey,meet ze monsta,0.0,0.8,0.8,0.0,1.0,0.4
a.c. newman,the cloud prayer,0.0,0.6,0.6,0.2,0.8,0.2
razorlight,los angeles waltz,0.0,0.8,0.2,0.6,0.2,0.2
noir désir,le vent nous portera,0.0,0.8,0.4,0.4,0.6,0.2
keyshia cole,situations,0.0,1.0,0.6,0.0,0.2,1.0
the duke spirit,bottom of the sea,0.0,0.6,0.8,0.0,1.0,0.0
faith no more,last cup of sorrow,0.2,0.8,0.6,0.2,0.8,0.4
red hot chili peppers,i like dirt,0.4,0.6,0.4,0.0,0.8,0.0
porcupine tree,.3,0.0,1.0,0.6,0.4,0.6,0.8
system of a down,36,0.2,0.6,1.0,0.0,1.0,0.0
animal collective,sweet road,0.6,0.4,0.2,1.0,0.0,0.0
stars,the beginning after the end,0.0,0.8,0.2,0.6,0.2,0.6
joy division,komakino,0.0,0.4,0.8,0.0,1.0,0.2
lazlo bane,superman,0.0,0.8,0.2,0.6,0.4,0.0
red hot chili peppers,if,0.0,0.8,0.2,0.8,0.4,0.0
belle and sebastian,we rule the school,0.0,0.6,0.2,1.0,0.2,0.0
the velvet underground,cool it down,0.0,0.6,0.4,0.0,0.8,0.0
ramones,now i wanna sniff some glue,0.0,0.2,1.0,0.0,1.0,0.0
télépopmusik,smile,0.0,1.0,0.2,0.0,0.2,1.0
death cab for cutie,scientist studies,0.0,0.4,0.4,0.2,0.8,0.0
boys noize,lava lava,0.0,1.0,1.0,0.0,0.2,1.0
le tigre,what's yr take on cassavetes,0.0,0.6,0.6,0.0,0.6,0.8
le tigre,nanny nanny boo boo,0.0,0.8,0.8,0.0,0.4,1.0
the clash,know your rights,0.0,0.6,0.8,0.0,1.0,0.2
secret machines,you are chains,0.0,1.0,0.6,0.2,0.8,0.6
death cab for cutie,styrofoam plates,0.0,0.6,0.4,0.2,0.8,0.0
the verve,appalachian springs,0.2,0.6,0.8,0.0,1.0,0.0
foo fighters,statues,0.0,0.8,0.2,0.4,0.4,0.0
zz top,if i could only flag her down,0.0,0.8,0.6,0.0,1.0,0.4
the kills,wait,0.2,0.4,0.2,0.0,0.6,0.2
the kills,what new york used to be,0.0,0.8,0.6,0.0,0.8,0.4
amon tobin,bloodstone,0.0,1.0,0.8,0.0,0.2,1.0
m83,dark moves of love,0.2,1.0,0.4,0.0,0.6,1.0
pet shop boys,love etc.,0.0,1.0,0.6,0.0,0.2,1.0
rage against the machine,voice of the voiceless,0.6,0.8,1.0,0.0,1.0,0.0
depeche mode,something to do,0.0,0.8,0.8,0.0,0.2,1.0
stars,look up,0.0,0.6,0.2,0.2,0.4,0.6
jakatta,american dream,0.0,1.0,0.4,0.0,0.0,1.0
deep purple,space truckin',0.0,0.4,1.0,0.0,1.0,0.2
eddie vedder,end of the road,0.0,0.4,0.2,0.8,0.2,0.0
deep purple,perfect strangers,0.0,0.6,0.8,0.0,1.0,0.4
opeth,bleak (live at the roundhouse),1.0,0.6,1.0,0.2,1.0,0.0
the white stripes,apple blossom,0.0,0.4,0.2,0.0,0.6,0.0
the cardigans,explode,0.0,1.0,0.6,0.0,0.4,0.8
stars,midnight coward,0.0,0.8,0.4,0.2,0.6,0.6
audioslave,until we fall,0.0,0.8,0.4,0.0,0.8,0.0
devo,mongoloid,0.0,0.6,0.6,0.0,0.8,0.6
the gathering,amity,0.0,0.8,0.4,0.2,0.8,0.6
audioslave,jewel of the summertime,0.0,0.8,0.6,0.0,1.0,0.0
anna nalick,satellite,0.0,0.8,0.4,0.6,0.4,0.2
serj tankian,feed us,0.0,1.0,0.8,0.4,0.8,0.4
dangerdoom,old school (feat. talib kweli),0.0,0.8,0.6,0.0,0.2,0.4
the concretes,you can't hurry love,0.0,0.6,0.4,0.6,0.4,0.2
cut copy,strangers in the wind,0.0,1.0,0.4,0.0,0.2,1.0
the breeders,divine hammer,0.0,0.6,0.6,0.0,0.8,0.0
incubus,southern girl,0.0,0.8,0.4,0.2,0.6,0.2
built to spill,big dipper,0.0,0.8,0.4,0.0,0.8,0.0
the beatles,drive my car / the word / what you're doing,0.0,1.0,0.4,0.2,0.6,0.0
cocteau twins,seekers who are lovers,0.0,1.0,0.4,0.0,0.8,0.6
circa survive,act appalled,0.0,0.6,0.8,0.0,1.0,0.0
the dandy warhols,every day should be a holiday,0.0,0.8,0.4,0.0,0.8,0.4
martha and the vandellas,nowhere to run,0.0,0.6,0.6,0.4,0.6,0.0
norah jones,i've got to see you again,0.0,0.4,0.2,1.0,0.2,0.0
oasis,part of the queue,0.0,0.8,0.4,0.8,0.4,0.2
ensiferum,token of time,0.0,0.6,1.0,0.2,1.0,0.4
madonna,papa don't preach,0.0,1.0,0.6,0.2,0.6,0.8
gotan project,queremos paz,0.2,0.8,0.2,0.8,0.4,0.6
the white stripes,i can't wait,0.4,0.2,0.8,0.0,1.0,0.0
led zeppelin,living loving maid (she's just a woman),0.2,0.6,0.8,0.2,1.0,0.0
mando diao,clean town,0.2,0.6,0.6,0.2,0.8,0.0
rammstein,stripped,0.0,1.0,0.8,0.0,1.0,0.8
the academy is...,season,0.0,0.8,0.6,0.0,0.8,0.2
they might be giants,birdhouse in your soul,0.0,0.6,0.4,0.0,0.4,1.0
leftfield,open up,0.0,1.0,1.0,0.0,0.2,1.0
fall out boy,bang the doldrums,0.0,0.8,0.8,0.0,1.0,0.2
serj tankian,honking antelope,0.0,0.8,0.8,0.4,0.8,0.2
devotchka,how it ends,0.0,0.6,0.4,1.0,0.2,0.0
groove armada,if everybody looked the same,0.0,0.8,0.6,0.0,0.4,1.0
fun lovin' criminals,scooby snacks,0.0,0.6,0.6,0.2,0.8,0.2
stars of the lid,dungtitled (in a major),0.0,0.4,0.0,0.4,0.4,0.2
creedence clearwater revisited,commotion,0.8,0.4,0.8,0.0,1.0,0.0
ellen allien & apparat,under,0.0,1.0,0.4,0.0,0.8,1.0
of montreal,oslo in the summertime,0.0,0.6,0.4,0.2,0.6,0.8
xtc,making plans for nigel,0.0,0.6,0.6,0.0,0.8,0.2
ratatat,tacobel canon,0.0,0.8,0.6,0.0,0.8,0.8
kamelot,rule the world,0.0,1.0,1.0,0.2,1.0,0.6
menomena,the pelican,0.4,0.6,0.6,0.2,0.8,0.2
santa esmiralda,don't let me be misunderstood,0.2,1.0,0.8,0.8,0.4,0.2
grizzly bear,marla,0.4,0.6,0.2,1.0,0.2,0.0
tokyo police club,if it works,0.2,0.8,0.6,0.2,0.8,0.4
autolux,blanket,0.2,0.8,0.8,0.2,1.0,0.6
coldplay,such a rush,0.0,0.4,0.2,0.2,0.6,0.2
kelly clarkson,addicted,0.0,1.0,0.8,0.0,0.8,0.2
the knife,n.y. hotel,0.0,0.8,0.4,0.0,0.2,1.0
boards of canada,open the light,0.0,0.6,0.2,0.0,0.2,1.0
the stooges,your pretty face is going to hell,0.2,0.2,1.0,0.0,1.0,0.0
u2,running to stand still,0.0,0.8,0.2,0.8,0.4,0.2
in flames,alias,0.0,1.0,0.8,0.0,1.0,0.4
madvillain,bistro,0.0,0.4,0.2,0.6,0.0,0.0
tricky means,fullmoon,0.0,0.4,0.6,0.0,0.8,0.8
lostprophets,4:am forever,0.0,0.8,0.4,0.2,0.8,0.2
neutral milk hotel,where you'll find me now,0.4,0.2,0.6,0.6,0.4,0.0
the cinematic orchestra,ma fleur,0.2,0.8,0.2,0.8,0.2,0.2
nelly furtado,afraid,0.0,1.0,0.8,0.0,0.2,1.0
bloc party,ion square,0.2,0.8,0.6,0.0,0.6,0.8
in flames,resin,0.0,0.8,1.0,0.0,1.0,0.0
joni mitchell,a case of you,0.0,0.4,0.2,1.0,0.0,0.0
mastodon,sleeping giant,0.0,0.8,1.0,0.0,1.0,0.0
alice in chains,nutshell,0.0,0.4,0.4,0.8,0.2,0.0
midlake,it covers the hillsides,0.0,0.6,0.4,0.6,0.6,0.2
r.e.m.,living well is the best revenge,0.0,0.8,0.8,0.0,1.0,0.0
ac/dc,who made who,0.0,0.6,0.8,0.0,1.0,0.0
in flames,transparent,0.0,1.0,1.0,0.0,1.0,0.4
the boy least likely to,fur soft as fur,0.0,0.6,0.2,1.0,0.2,0.2
dir en grey,ryoujoku no ame,0.0,0.8,1.0,0.0,1.0,0.2
foo fighters,the last song,0.0,0.8,0.8,0.0,1.0,0.0
foo fighters,this is a call,0.0,0.6,0.8,0.0,1.0,0.0
the black angels,the prodigal sun,0.0,0.6,0.6,0.2,0.8,0.4
a fine frenzy,rangers,0.0,0.8,0.4,0.6,0.2,0.2
the smashing pumpkins,by starlight,0.0,0.8,0.4,0.2,0.8,0.4
a perfect circle,lullaby,0.0,0.8,0.2,0.4,0.2,0.8
paramore,my heart,0.0,0.6,0.8,0.0,1.0,0.0
tom petty and the heartbreakers,don't come around here no more,0.0,1.0,0.4,0.2,0.6,0.8
pet shop boys,two divided by zero,0.0,1.0,0.4,0.0,0.2,1.0
bright eyes,make war,0.4,0.4,0.4,0.8,0.2,0.0
yann tiersen,comptine d'un autre été,0.2,0.4,0.2,1.0,0.0,0.0
cold war kids,passing the hat,0.0,0.4,0.4,0.2,0.6,0.0
tenacious d,the government totally sucks,0.0,0.8,0.8,0.0,1.0,0.0
bright eyes,the calendar hung itself,0.0,0.2,0.8,0.2,0.8,0.2
stevie ray vaughan,pride and joy,0.0,0.6,0.6,0.0,1.0,0.0
the flaming lips,the gash,0.0,1.0,0.8,0.2,0.6,1.0
the horrors,excellent choice,0.2,0.6,0.8,0.0,1.0,0.4
stars,window bird,0.0,1.0,0.4,0.4,0.6,0.6
creedence clearwater revival,susie q,0.0,0.6,0.6,0.0,1.0,0.0
jenny lewis with the watson twins,run devil run,0.2,0.6,0.4,0.8,0.2,0.0
the american analog set,born on the cusp,0.0,0.6,0.2,0.6,0.4,0.2
kings of leon,where nobody knows,0.2,0.6,0.8,0.0,1.0,0.0
kings of convenience,parallel lines,0.0,0.4,0.2,1.0,0.0,0.0
belle and sebastian,mary jo,0.0,0.4,0.2,0.6,0.4,0.0
air,the vagabond,0.0,1.0,0.4,0.4,0.2,1.0
鈴村健一,モノクローム lost in you,0.0,1.0,0.6,0.2,0.6,0.8
lamb,one,0.2,1.0,0.4,0.4,0.6,1.0
beck,emergency exit,0.0,1.0,0.2,0.2,0.6,0.6
my chemical romance,disenchanted,0.0,0.8,0.8,0.2,1.0,0.2
babyshambles,unstookie titled,0.6,0.4,0.6,0.2,0.8,0.0
the long blondes,in the company of women,0.4,0.6,0.6,0.2,0.8,0.2
björk,it's in our hands,0.0,1.0,0.4,0.2,0.2,1.0
madonna,into the groove,0.0,0.8,0.6,0.0,0.2,1.0
beck,lonesome tears,0.4,0.8,0.6,0.8,0.2,0.0
the cure,m,0.4,0.4,0.6,0.0,0.8,0.2
tiga,pleasure from the bass,0.0,0.6,0.8,0.0,0.2,1.0
muse,tsp,0.0,0.8,1.0,0.0,1.0,0.2
gorillaz,hong kong,0.2,0.6,0.2,0.8,0.0,0.0
april march,chick habit,0.0,0.6,0.4,0.0,0.8,0.0
deep blue something,breakfast at tiffany's,0.0,0.6,0.4,0.8,0.4,0.0
late of the pier,random firl,0.0,1.0,0.8,0.0,0.8,1.0
björk,hope,0.0,1.0,0.4,0.0,0.4,0.8
katatonia,omerta,0.0,0.8,0.6,0.2,0.8,0.2
malcolm mclaren,about her,0.0,1.0,0.2,0.2,0.4,0.4
30 seconds to mars,was it a dream,0.0,0.8,0.6,0.2,0.8,0.2
soilwork,blind eye halo,0.0,0.8,1.0,0.0,1.0,0.4
american spring,fallin' in love,0.0,0.8,0.2,0.8,0.4,0.0
weezer,don't let go,0.0,0.8,0.8,0.0,1.0,0.0
lordi,hard rock hallelujah,0.0,1.0,1.0,0.0,1.0,0.4
katatonia,sleeper,0.0,1.0,0.8,0.0,1.0,0.4
queen,it's a hard life,0.0,1.0,0.6,0.4,0.6,0.2
gomez,see the world,0.0,0.8,0.4,0.6,0.4,0.0
opeth,beneath the mire,0.0,1.0,1.0,0.2,1.0,0.6
the sounds,much too long,0.0,0.8,0.6,0.2,0.6,0.8
robert plant & alison krauss,gone gone gone (done moved on),0.0,1.0,0.4,1.0,0.2,0.0
love is all,turn the radio off,0.4,0.4,0.8,0.2,0.8,0.2
hot chip,take care,0.0,0.8,0.4,0.0,0.2,1.0
jenny lewis with the watson twins,rise up with fists!!,0.4,0.4,0.2,0.8,0.2,0.0
the smashing pumpkins,crestfallen,0.2,1.0,0.4,0.2,0.4,0.6
m83,a guitar and a heart,0.0,1.0,0.8,0.0,0.6,1.0
animal collective,unsolved mysteries,0.2,0.8,0.8,0.2,0.4,0.8
queens of the stone age,you can't quit me baby,0.0,0.6,0.8,0.0,1.0,0.0
slayer,south of heaven,0.0,0.8,1.0,0.0,1.0,0.0
scissor sisters,better luck,0.0,1.0,0.6,0.0,0.4,1.0
the flaming lips,a spoonful weighs a ton,0.0,1.0,0.6,0.4,0.4,0.8
lily allen,back to the start,0.0,1.0,0.4,0.2,0.2,1.0
system of a down,ego brain,0.0,0.8,0.6,0.2,1.0,0.0
adam green,gemstones,0.0,0.6,0.4,0.8,0.4,0.2
the magic numbers,this love,0.0,0.8,0.4,0.6,0.6,0.2
kaiser chiefs,my kind of guy,0.0,0.8,0.8,0.2,0.8,0.0
shakira,the one,0.0,1.0,0.4,0.4,0.6,0.4
shakira,no creo,0.0,0.8,0.6,0.2,0.8,0.4
ray lamontagne,hold you in my arms,0.4,0.4,0.2,1.0,0.2,0.0
dark tranquillity,nothing to no one,0.0,0.8,1.0,0.0,1.0,0.6
clint mansell,lux aeterna,0.2,0.8,0.8,1.0,0.0,0.2
madonna,she's not me,0.0,1.0,0.6,0.0,0.2,1.0
the smiths,death at one's elbow,0.0,0.4,0.4,0.2,0.8,0.0
kate bush,king of the mountain,0.0,1.0,0.4,0.2,0.4,1.0
vitalic,no fun,0.0,0.8,1.0,0.0,0.2,1.0
vitalic,poney part 1,0.0,0.8,1.0,0.0,0.2,1.0
nine inch nails,ringfinger,0.0,0.8,0.6,0.0,0.6,1.0
nine inch nails,pilgrimage,0.0,1.0,0.6,0.0,0.6,0.8
vitalic,newman,0.0,1.0,1.0,0.0,0.0,1.0
blur,she's so high,0.0,0.6,0.4,0.2,0.8,0.2
doves,catch the sun,0.0,0.8,0.4,0.2,0.8,0.2
why?,the fall of mr. fifths,0.0,0.8,0.6,0.4,0.6,0.4
nick cave & the bad seeds,we call upon the author,0.0,0.8,0.8,0.2,0.8,0.2
engineers,home,0.0,0.8,0.4,0.2,0.6,0.6
van halen,poundcake,0.0,1.0,1.0,0.0,1.0,0.2
the beatles,till there was you,0.0,0.6,0.2,1.0,0.2,0.0
panda bear,comfy in nautica,0.0,0.8,0.4,0.2,0.2,1.0
the chemical brothers,burst generator,0.0,1.0,0.8,0.0,0.2,1.0
the beatles,sgt. pepper's lonely hearts club band (reprise),0.4,0.8,0.6,0.2,0.8,0.0
tegan and sara,we didn't do it,0.0,0.6,0.4,0.2,0.6,0.0
enigma,gravity of love,0.0,1.0,0.4,0.2,0.4,1.0
system of a down,she's like heroin,0.0,0.8,0.8,0.0,1.0,0.0
spoon,small stakes,0.0,0.6,0.4,0.2,0.4,0.4
garbage,temptation waits,0.0,1.0,0.6,0.0,0.6,0.8
clark,herzog,0.0,1.0,1.0,0.0,0.2,1.0
the duke spirit,this ship was built to last,0.2,0.6,0.8,0.0,0.8,0.0
red hot chili peppers,turn it again,0.2,0.8,1.0,0.0,1.0,0.0
asobi seksu,goodbye,0.0,0.8,0.6,0.0,1.0,0.4
sonic syndicate,freelancer (bonus track),0.0,1.0,0.8,0.0,1.0,0.6
agonoize,nekropolis,0.0,1.0,1.0,0.0,0.2,1.0
mogwai,helps both ways,0.0,0.6,0.4,0.2,0.8,0.2
mogwai,half time,0.0,0.8,0.6,0.2,0.8,0.4
rage against the machine,ashes in the fall,0.0,0.6,1.0,0.0,1.0,0.0
nightwish,slaying the dreamer,0.0,1.0,1.0,0.0,1.0,0.8
sonic youth,disappearer,0.0,0.4,0.6,0.0,1.0,0.0
mogwai,the sun smells too loud,0.0,0.8,0.6,0.0,0.8,0.4
bob marley & the wailers,jamming,0.0,0.6,0.4,0.2,0.6,0.4
cat power,silver stallion,0.0,0.6,0.2,0.2,0.8,0.0
kate nash,play,0.0,0.8,0.4,0.4,0.4,0.2
him,venus doom,0.0,0.8,1.0,0.0,1.0,0.4
the rifles,she's got standards,0.0,0.6,0.6,0.2,0.8,0.0
dread zeppelin,nobody's fault but mine,0.0,0.6,0.4,0.2,0.8,0.4
john mayer,comfortable,0.0,0.4,0.2,1.0,0.0,0.0
john mayer,stop this train,0.0,0.6,0.2,0.8,0.2,0.0
the prodigy,omen reprise,0.0,1.0,0.8,0.0,0.4,1.0
maroon 5,through with you,0.0,0.8,0.6,0.2,0.8,0.2
the libertines,begging,0.0,0.4,0.6,0.0,1.0,0.0
spoon,anything you want,0.0,0.6,0.4,0.2,0.8,0.0
the beatles,misery,0.0,0.6,0.4,0.4,0.6,0.0
massive attack,lately,0.0,1.0,0.2,0.0,0.2,1.0
tegan and sara,wake up exhausted,0.0,0.8,0.6,0.0,0.8,0.2
dredg,jamais vu,0.0,0.8,0.4,0.2,0.6,0.6
lily allen,who'd have known,0.0,1.0,0.2,0.2,0.2,0.6
lily allen,i could say,0.0,1.0,0.4,0.0,0.4,0.8
the clash,the magnificent seven,0.0,0.6,0.6,0.2,0.8,0.2
ghostface killah & amy winehouse,you know i'm no good,0.2,1.0,0.4,0.6,0.4,0.0
secret machines,now here is nowhere,0.0,0.8,0.8,0.0,1.0,0.6
pj harvey,cat on the wall,0.0,0.4,0.8,0.2,1.0,0.0
cake,commissioning a symphony in c,0.0,0.6,0.4,0.4,0.6,0.2
the mars volta,miranda that ghost just isn't holy anymore,0.0,1.0,0.8,0.4,1.0,0.6
the beatles,hold me tight,0.0,0.4,0.6,0.0,0.6,0.0
the raveonettes,lust,0.0,0.6,0.8,0.0,1.0,0.2
nightwish,beauty and the beast,0.0,0.6,0.8,0.2,0.8,0.6
bright eyes,a song to pass the time,0.0,0.4,0.4,0.8,0.4,0.2
mark ronson,stop me (feat. daniel merriweather),0.0,1.0,0.6,0.4,0.6,0.2
siouxsie and the banshees,arabian knights,0.0,0.6,0.6,0.2,0.8,0.4
siouxsie and the banshees,dear prudence,0.0,0.8,0.4,0.2,0.8,0.2
beyoncé,beautiful liar (feat. gwen stefani),0.0,1.0,0.4,0.0,0.2,1.0
blur,this is a low,0.0,0.8,0.4,0.0,0.8,0.2
marilyn manson,i don't like the drugs (but the drugs like me),0.0,1.0,0.8,0.0,0.8,1.0
broken social scene,stomach song,0.0,0.4,0.2,0.2,0.4,0.6
tom waits,goin' out west,0.0,0.4,0.8,0.0,0.8,0.0
whitesnake,crying in the rain,0.0,1.0,0.8,0.0,1.0,0.4
him,behind the crimson door,0.0,0.8,0.6,0.0,0.8,0.4
pixies,allison,0.0,0.6,0.6,0.0,0.8,0.0
koop,come to me,0.0,0.8,0.2,1.0,0.2,0.2
genesis,i can't dance,0.0,1.0,0.4,0.0,0.6,0.8
p!nk,long way to happy,0.0,0.8,0.8,0.2,0.8,0.2
kate nash,dickhead,0.0,0.6,0.4,0.6,0.2,0.0
richard ashcroft,music is power,0.0,0.8,0.6,0.4,0.6,0.2
tv on the radio,poppy,0.0,0.8,0.6,0.2,0.6,0.8
annie,always too late,0.0,1.0,0.6,0.0,0.2,1.0
suede,lazy,0.0,0.8,0.6,0.0,1.0,0.2
the hives,a little more for little you,0.0,0.6,1.0,0.0,1.0,0.0
the gathering,locked away,0.0,0.8,0.2,0.4,0.4,0.8
children of bodom,children of decadence,0.0,0.8,1.0,0.0,1.0,0.8
pavement,embassy row,0.0,0.6,0.6,0.0,0.8,0.0
children of bodom,follow the reaper,0.0,0.8,1.0,0.0,1.0,0.6
anathema,shroud of false,0.0,0.6,0.2,0.8,0.0,0.0
keane,is it any wonder,0.0,0.8,0.6,0.2,0.6,0.8
manu chao,je ne t'aime plus,0.0,0.4,0.2,0.8,0.2,0.2
avril lavigne,nobody's home,0.0,1.0,0.6,0.4,0.6,0.2
flying lotus,melt!,0.0,1.0,0.4,0.0,0.2,1.0
public image ltd.,rise,0.2,0.8,0.6,0.0,0.8,0.2
mando diao,dance with somebody,0.2,0.8,0.8,0.0,1.0,0.0
the long blondes,swallow tattoo,0.2,0.6,0.6,0.2,0.8,0.2
ramones,cretin hop,0.4,0.4,1.0,0.0,1.0,0.0
camera obscura,teenager,0.0,0.6,0.2,0.4,0.6,0.2
kasabian,ovary stripe,0.0,0.8,0.8,0.0,0.8,0.8
cocteau twins,amelia,0.0,1.0,0.4,0.0,0.8,0.6
jimmy eat world,my sundown,0.0,0.6,0.4,0.4,0.6,0.0
u2,no line on the horizon,0.0,0.8,0.8,0.0,0.8,0.6
buena vista social club,el cuarto de tula,0.4,0.4,0.6,1.0,0.0,0.0
british sea power,waving flags,0.2,0.8,0.8,0.0,0.8,0.2
tokyo police club,listen to the math,0.0,0.6,0.6,0.0,0.8,0.2
patrick wolf,enchanted,0.0,0.8,0.4,0.6,0.2,0.6
arch enemy,my apocalypse,0.0,0.8,1.0,0.0,1.0,0.0
okkervil river,in a radio song,0.2,0.6,0.6,0.4,0.6,0.0
the who,the kids are alright,0.0,0.6,0.6,0.2,0.8,0.0
u2,one tree hill,0.2,1.0,0.8,0.2,0.8,0.2
the knife,the bridge,0.0,0.8,0.4,0.0,0.2,1.0
rammstein,amour,0.0,1.0,0.8,0.4,1.0,0.4
amorphis,weaving the incantation,0.0,0.8,1.0,0.2,1.0,0.4
jason mraz,absolutely zero,0.0,0.6,0.2,0.8,0.2,0.0
we are scientists,what's the word,0.0,0.8,0.6,0.0,0.8,0.6
mastodon,this mortal soil,0.0,0.8,0.8,0.2,1.0,0.2
morcheeba,let me see,0.0,0.8,0.2,0.4,0.4,0.6
u2,i'll go crazy if i don't go crazy tonight,0.0,0.8,0.6,0.2,0.8,0.4
kasabian,orange,0.0,0.8,0.8,0.2,0.8,0.8
bel canto,spiderdust,0.0,0.8,0.4,0.2,0.2,1.0
britney spears,breathe on me,0.0,1.0,0.4,0.0,0.2,1.0
arcade fire,my heart is an apple,0.2,0.6,0.4,0.8,0.4,0.0
audioslave,shape of things to come,0.0,0.8,0.8,0.0,1.0,0.0
rufus wainwright,complainte de la butte,0.0,0.8,0.2,1.0,0.0,0.0
rufus wainwright,pretty things,0.0,0.8,0.2,1.0,0.0,0.0
kyuss,green machine,0.0,0.4,1.0,0.0,1.0,0.0
mindless self indulgence,bitches,0.0,0.6,1.0,0.0,0.6,1.0
rufus wainwright,this love affair,0.0,1.0,0.4,0.8,0.2,0.0
rachael yamagata,worn me down,0.0,0.8,0.6,0.6,0.4,0.0
anathema,parisienne moonlight,0.0,0.8,0.2,1.0,0.0,0.2
the last shadow puppets,only the truth,0.0,1.0,0.8,0.6,0.6,0.0
ac/dc,tnt,0.0,0.6,1.0,0.0,1.0,0.0
lamb of god,hourglass,0.0,0.8,1.0,0.0,1.0,0.0
ac/dc,the jack,0.0,0.6,0.6,0.0,0.8,0.0
jenny owen youngs,fuck was i,0.0,0.4,0.4,1.0,0.0,0.0
kyuss,50 million year trip (downside up),0.0,0.4,0.8,0.0,1.0,0.0
incubus,pistola,0.0,0.8,0.8,0.0,0.8,0.2
rush,freewill,0.0,0.8,0.8,0.0,1.0,0.2
buena vista social club,dos gardenias,0.0,0.6,0.2,1.0,0.0,0.0
metallica,trapped under ice,0.0,0.8,1.0,0.0,1.0,0.0
yo la tengo,i should have known better,0.0,0.4,0.2,0.8,0.2,0.0
aphex twin,green calx,0.0,0.6,0.8,0.0,0.0,1.0
sparklehorse,piano fire,0.2,0.6,0.6,0.2,0.8,0.2
pixies,isla de encanta,0.4,0.2,1.0,0.0,1.0,0.0
brand new,you won't know,0.2,0.8,1.0,0.2,1.0,0.0
the clash,clash city rockers,0.4,0.4,0.8,0.0,1.0,0.0
beastie boys,fight for your right,0.2,0.8,0.8,0.0,0.8,0.4
múm,i'm 9 today,0.0,0.6,0.2,0.6,0.2,0.8
moby,spiders,0.0,0.8,0.2,0.2,0.6,0.4
tegan and sara,the first,0.0,0.6,0.6,0.2,0.8,0.2
mf doom,doomsday,0.0,0.4,0.4,0.0,0.2,0.2
timbaland,kill yourself (feat. sebastian & attitude),0.0,1.0,0.8,0.0,0.4,1.0
iron maiden,rainmaker,0.0,0.8,0.8,0.0,1.0,0.2
the jesus and mary chain,in a hole,0.0,0.4,0.8,0.0,1.0,0.0
yo la tengo,little honda,0.0,0.6,0.8,0.0,1.0,0.0
him,circle of fear,0.0,0.8,0.6,0.2,0.8,0.6
him,dark light,0.0,1.0,0.6,0.0,0.8,0.6
the polyphonic spree,light and day,0.2,0.8,0.6,0.4,0.6,0.2
out hud,it's for you,0.0,0.8,0.6,0.0,0.4,1.0
jack johnson,posters,0.0,0.4,0.2,1.0,0.2,0.0
ben folds five,the ascent of stan,0.0,0.6,0.4,0.8,0.2,0.0
deftones,rats! rats! rats!,0.0,0.8,1.0,0.0,1.0,0.2
modest mouse,cowboy dan,0.2,0.4,0.8,0.0,1.0,0.0
sentenced,noose,0.0,0.8,0.8,0.0,1.0,0.2
nightwish,devil & the deep dark ocean,0.0,1.0,1.0,0.0,0.8,1.0
taking back sunday,up against (blackout),0.0,0.8,0.6,0.0,1.0,0.0
moby,very,0.0,0.8,0.4,0.0,0.2,1.0
marilyn manson,long hard road out of hell,0.0,1.0,1.0,0.0,1.0,0.8
secret machines,pharaoh's daughter,0.0,0.8,0.8,0.0,0.8,0.6
broken social scene,last place,0.0,0.8,0.4,0.4,0.6,0.2
giant drag,cordial invitation,0.0,0.6,0.6,0.2,0.8,0.0
soundgarden,the day i tried to live,0.0,0.8,1.0,0.0,1.0,0.0
